molecule_id,smiles,target_id,predicted_pIC50,ai_status,docking_score,binding_affinity,docking_status,consensus_score,molecular_weight,logp,hbd,hba,psa,rotatable_bonds,lipinski_violations,drug_likeness_score,drug_likeness_status
mol_0,CC(C)CCN(C[C@@H](O)[C@H](Cc1ccccc1)NC(=O)OCc1ccccc1)S(C)(=O)=O,default,6.14879413084545,success,-10.24,,success,0.5203995109037874,462.61,3.19,2,5,95.94,12,0,-8.44,success
mol_1,COC(=O)N[C@H](C(=O)N[C@@H](Cc1ccccc1)[C@H](O)CN(CC1CCCCC1)NC(=O)[C@@H](NC(=O)OC)C(C)C)C(C)C,default,7.128399585305028,success,-4.44,,success,0.4086999654420857,605.78,2.75,5,8,158.33,15,1,-6.87,success
mol_2,CC(C)(C)NC(=O)[C@@H]1C[C@@H]2CCCC[C@@H]2CN1C[C@@H](O)[C@H](Cc1ccccc1)NC(=O)C1=CCCSC1,default,6.845299048912005,success,-10.69,,success,0.5934415874093337,527.78,3.93,3,5,81.67,8,1,-8.26,success
mol_3,COc1ccc(S(=O)(=O)N(CC(C)C)C[C@@H](O)[C@H](Cc2ccccc2)NC(=O)c2cccc(N)c2C)cc1,default,7.888660246930013,success,-10.06,,success,0.6593883539108345,539.7,3.63,3,6,121.96,12,1,-7.37,success
mol_4,CCCC1(CCc2ccccc2)CC(=O)C(C(CC)c2cccc(NS(=O)(=O)c3ccccc3)c2)=C(O)O1,default,5.955169936196392,success,-7.28,,success,0.4055974946830327,533.69,6.91,2,5,92.7,11,2,-6.54,success
mol_5,CC(C)(C)n1c(SC2=C(O)OC(CCc3ccccc3)(c3ccccc3)CC2=O)nc2ccccc21,default,6.970881695595022,success,-6.76,,success,0.47290680796625184,498.65,7.13,1,6,64.35,6,1,-7.36,success
mol_6,CC(C)(C)OC(=O)N[C@@H](Cc1ccc(OCc2ccccc2)cc1)C(=O)N1CCC(=O)[C@@H]1Sc1ccccc1,default,6.9186287527487,success,-7.16,,success,0.481885729395725,546.69,5.62,1,6,84.94,9,2,-7.31,success
mol_7,CC(C)(C)OC(=O)N[C@@H](Cc1ccccc1)[C@@H](O)C[C@@H](Cc1ccncc1)C(=O)N[C@H]1c2ccccc2C[C@H]1O,default,9.194713293819406,success,-8.84,,success,0.7275594411516172,545.68,3.9,4,6,120.78,10,1,-7.49,success
mol_8,CC[C@H](C)[C@H](NC(=O)[C@@H](N)CO)C(=O)N[C@@H](C)C(=O)N[C@@H](CCC(=O)O)C(=O)Nc1cccc(O)c1,default,5.7293542309385606,success,-4.69,,success,0.3004461859115467,509.56,-0.96,8,8,220.18,14,2,-6.24,success
mol_9,CC(C)(C)OC(=O)N[C@H](CCNC[C@@H](O)[C@H](Cc1ccccc1)NC(=O)OC(C)(C)C)Cc1ccccc1.O,default,6.44911107795346,success,-8.29,,success,0.4804259231627883,545.72,3.77,4,6,140.42,12,1,-6.96,success
mol_10,CC(C)(C)NC(=O)c1c(OC[C@@H](O)[C@H](Cc2ccccc2)NC(=O)[C@H](CC(N)=O)NC(=O)c2ccc3c(c2)S(=O)(=O)c2ccccc2C3=O)ccc2ccccc12,default,7.367873417012388,success,-2.14,,success,0.351989451417699,790.9,3.89,5,9,211.06,13,1,-5.86,success
mol_11,CC(C)C[C@H](NC(=O)[C@H](C)C[C@H](O)[C@H](Cc1ccccc1)NC(=O)OC(C)(C)C)C(=O)N[C@@H](Cc1ccccc1)C(N)=O,default,7.486296081868628,success,-5.86,,success,0.48585800682238567,596.77,3.25,5,6,159.85,15,1,-6.86,success
mol_12,Cc1cccc(C)c1OC(C)C(=O)N[C@@H](Cc1ccccc1)[C@H](O)CN1CC[C@@H](OCc2ccncc2)C[C@H]1C(=O)NC(C)(C)C,default,7.2578283929591025,success,-3.77,,success,0.3971523660799252,630.83,4.52,3,7,113.02,13,1,-6.87,success
mol_13,O=C1CC(CC2CCCCC2)(c2ccccc2)OC(O)=C1SCc1ccccc1,default,6.641358387799798,success,-8.39,,success,0.49977986564998317,408.56,6.5,1,4,46.53,6,1,-8.68,success
mol_14,CSc1ccc(S(=O)(=O)N(CC(C)C)C[C@@H](O)[C@H](Cc2ccccc2)NC(=O)Cc2ccc(O)cc2)cc1,default,7.636861164391822,success,-5.77,,success,0.4954050970326518,556.75,4.09,3,6,106.94,13,1,-7.25,success
mol_15,CC(C)[C@H](NC(=O)OCCN1CCOCC1)C(=O)N[C@@H](Cc1ccccc1)[C@@H](O)[C@H](Cc1ccccc1)NC(=O)[C@H](NC(=O)OCc1ccccc1)C(C)C,default,7.999330146245302,success,-2.63,,success,0.42094417885377516,759.94,3.84,5,9,167.56,19,1,-6.18,success
mol_16,CC(C)(C)OC(=O)N[C@@H](Cc1ccccc1)[C@H](O)CNC(C(=O)N[C@H]1c2ccccc2C[C@H]1O)C(O)c1ccccc1,default,6.136862636543022,success,-5.17,,success,0.3504052197119185,575.71,2.95,6,7,140.15,11,2,-6.74,success
mol_17,CC[C@H](C)[C@H](NC(=O)[C@H](C(C)C)[C@@H](O)[C@H](O)[C@H](CC1CCCCC1)NC(=O)[C@H](Cc1c[nH]cn1)NC(=O)COc1cccc2ccccc12)C(=O)NCc1ccccn1,default,8.327189966178054,success,0.11,,success,0.36059916384817114,812.03,4.36,7,9,207.66,21,2,-5.49,success
mol_18,CC(C)CN(C[C@@H](O)[C@H](Cc1ccccc1)NC(=O)[C@@H]1COCCN1)S(=O)(=O)c1ccc(O)cc1,default,7.21317624713593,success,-9.34,,success,0.5790980205946609,505.64,1.12,4,7,128.2,11,1,-7.45,success
mol_19,CC(C)(C)NC(=O)[C@@H]1C[C@@H]2CCCC[C@@H]2CN1C[C@@H](O)[C@H](Cc1ccccc1)NC(=O)O[C@H]1CCS(=O)(=O)C1,default,7.058086523440341,success,-8.24,,success,0.5295072102866951,563.76,2.67,3,7,125.04,8,1,-8.05,success
mol_20,CCCN(C[C@@H](O)[C@H](Cc1ccccc1)NC(=O)CCc1cc(OC)c(O)cc1OC)S(=O)(=O)c1ccc(OC)cc1,default,7.334033589907542,success,-5.06,,success,0.44650279915896185,600.73,3.54,3,8,134.63,16,1,-6.95,success
mol_21,CC(C)(C)OC(=O)N[C@@H](Cc1ccccc1)[C@@H](O)C[C@@H](Cc1ccccc1)C(=O)N[C@H]1c2ccccc2C[C@@H]1O,default,9.091480203237646,success,-6.61,,success,0.6446233502698039,544.69,4.51,4,5,107.89,10,1,-7.47,success
mol_22,O=C(NNC(=O)c1ccccc1SSc1ccccc1C(=O)NNC(=O)c1ccccc1S)c1ccccc1S,default,5.458537296312595,success,-1.64,,success,0.17621144135938288,606.78,5.21,6,8,116.4,7,3,-6.3,success
mol_23,Cc1cc(SC2=C(O)OC(C)(CCc3ccc(O)cc3)CC2=O)c(C(C)(C)C)cc1OS(N)(=O)=O,default,8.02912258067918,success,-6.51,,success,0.5527602150565983,521.66,4.78,3,8,136.15,7,1,-7.75,success
mol_24,CC(C)(C)NC(=O)[C@@H]1CC2CCCCC2CN1C[C@@H](O)[C@@H]1Cc2ccc(cc2)OCCOc2cc3ccccc3cc2C(=O)N[C@@H](CC(N)=O)C(=O)N1,default,7.2852560955652,success,-5.08,,success,0.4431046746304333,727.9,3.47,5,8,172.32,6,1,-7.07,success
mol_25,COC(=O)N[C@H](C(=O)N[C@@H](Cc1ccccc1)C(O)CN(Cc1ccc(O)cc1)NC(=O)[C@@H](NC(=O)OC)C(C)C)C(C)C,default,7.201865150189128,success,-2.81,,success,0.36048876251576073,615.73,2.07,6,9,178.56,15,2,-6.57,success
mol_26,O=C(CN[C@@H](Cc1ccccc1)[C@H](O)CN(C1CC1)S(=O)(=O)c1ccc([N+](=O)[O-])cc1)N1CCOCC1,default,6.373065078655757,success,-8.6,,success,0.48442208988797975,532.62,1.17,2,8,142.32,12,1,-7.01,success
mol_27,CSc1nccc(-c2ccc(S(=O)(=O)N3CCN(C[C@H](O)C[C@@H](Cc4ccccc4)C(=O)NCc4c(C)cc(O)cc4C)[C@@H](C(=O)NC(C)(C)C)C3)s2)n1,default,7.547509975825743,success,-0.36,,success,0.3076258313188119,795.07,4.77,4,11,165.06,14,2,-5.49,success
mol_28,CC(C)(C)OC(=O)N[C@@H](Cc1ccccc1)[C@@H](O)C[C@@H](Cc1ccccc1)C(=O)N[C@H](CO)Cc1ccccc1,default,7.141264097210919,success,-6.96,,success,0.49377200810090993,546.71,4.45,4,5,107.89,13,1,-7.19,success
mol_29,CC(C)(C)N(C[C@@H](O)[C@H](Cc1ccccc1)NC(=O)[C@H](CC(N)=O)NC(=O)c1ccc2ccccc2n1)C(=O)NCc1ccncc1,default,8.169913223691038,success,-3.02,,success,0.44815943530758656,639.76,2.7,5,7,179.64,13,1,-6.38,success
mol_30,CC(C)[C@H](NC(=O)OCCN1CCOCC1)C(=O)N[C@@H](Cc1ccccc1)C(O)[C@H](Cc1ccccc1)NC(=O)[C@H](NC(=O)OCCN1CCOCC1)C(C)C,default,7.698836187587042,success,-3.2,,success,0.4149030156322535,782.98,1.97,5,11,180.03,20,2,-6.25,success
mol_31,CC(C)(C)OC(=O)N[C@@H](Cc1ccccc1)[C@@H](O)C[C@@H](Cc1ccccc1)C(=O)N[C@H]1c2ccccc2C[C@H]1O,default,9.091480203237646,success,-7.13,,success,0.6619566836031372,544.69,4.51,4,5,107.89,10,1,-7.47,success
mol_32,CC(C)(C)NC(=O)[C@@H]1C[C@@H]2CCCC[C@@H]2CN1C[C@@H](O)[C@H](Cc1ccccc1)NC(=O)[C@@H](NC(=O)c1ccc2ccccc2n1)C1CCOC1,default,9.147652283420902,success,-2.37,,success,0.5079710236184085,683.89,4.25,4,7,132.89,11,1,-6.52,success
mol_33,CC(C)(C)OC(=O)[C@@H]1CCCN1C[C@H](O)[C@H](Cc1ccccc1)NC(=O)[C@H](CC(N)=O)NC(=O)OCc1ccccc1,default,6.845458023802706,success,-5.48,,success,0.4197881686502255,582.7,2.05,4,8,160.29,13,1,-7.03,success
mol_34,Nc1ccc(S(=O)(=O)N(C[C@@H](O)[C@H](Cc2ccccc2)NC(=O)O[C@H]2CO[C@H]3OCC[C@H]32)OC2CCCC2)cc1,default,7.565015219930781,success,-5.81,,success,0.49075126832756505,575.68,2.59,3,9,149.65,11,1,-7.1,success
mol_35,CC(C)c1cc(CN2CCN(C[C@@H](O)[C@H](Cc3ccccc3)NC(=O)O[C@@H]3CCS(=O)(=O)[C@@H]3C(C)C)[C@H](C(=O)NC(C)(C)C)C2)cc(C(C)C)n1,default,8.177107126161571,success,-2.38,,success,0.42742559384679757,728.01,4.64,3,9,141.17,13,1,-6.15,success
mol_36,CC(C)(C)OC(=O)N[C@@H](CC(N)=O)C(=O)N[C@@H](Cc1ccccc1)C(O)C[C@@H](Cc1ccccc1)C(=O)N[C@H]1c2ccccc2C[C@H]1O,default,9.55780814351832,success,-3.92,,success,0.5938173452931934,658.8,2.87,6,7,180.08,14,2,-6.45,success
mol_37,CC(C)(C)NC(=O)c1ccccc1C[C@@H](O)[C@H](Cc1ccccc1)NC(=O)[C@H](CC(=O)OCc1ccccc1)NC(N)=O,default,7.053870729864692,success,-5.51,,success,0.438155894155391,588.71,3.02,5,6,159.85,13,1,-6.85,success
mol_38,Nc1ccc(S(=O)(=O)N(C[C@@H](O)[C@H](Cc2ccccc2)NCC(=O)N2CCOCC2)C2CC2)cc1,default,6.112003061306994,success,-8.21,,success,0.4496669217755828,502.64,0.84,3,7,125.2,11,1,-7.39,success
mol_39,CCCC1(CCC)CC(=O)C(C(c2cccc(NS(=O)(=O)c3cn(C)cn3)c2)C(C)(C)C)=C(O)O1,default,6.115511015128472,success,-7.06,,success,0.4116259179273727,503.67,5.45,2,7,110.52,9,2,-7.39,success
mol_40,CC(C)CCN(C[C@@H](O)[C@H](Cc1ccccc1)NC(=O)OCc1ccccc1)S(=O)(=O)c1ccc(Cl)cc1,default,7.140087254831134,success,-4.29,,success,0.40467393790259454,559.13,5.28,2,5,95.94,13,2,-6.85,success
mol_41,CC(C)(c1cc2cnccc2o1)N1CCN(C[C@@H](O)C[C@@H](Cc2ccccc2)C(=O)N[C@H]2c3ccccc3OC[C@H]2O)[C@H](C(=O)NCC(F)(F)F)C1,default,9.370579431683856,success,-1.87,,success,0.5098816193069879,723.79,3.95,4,9,140.4,12,1,-5.97,success
mol_42,Cc1cc(SC2=C(O)OC(CCc3ccc(O)cc3)(C(C)C)CC2=O)c(C(C)(C)C)cc1NS(=O)(=O)c1ccc(F)cc1,default,8.339759529820842,success,-3.23,,success,0.46931329415173684,627.8,7.77,3,7,112.93,9,2,-6.17,success
mol_43,Cc1ccc(S(=O)(=O)c2c(C(N)=O)[nH]c3ccc(Cl)cc23)cc1,default,6.8381458230565535,success,-10.57,,success,0.5888454852547128,348.81,3.06,2,3,93.02,3,0,-9.93,success
mol_44,CC(C)(C)NC(=O)[C@@H]1CN(Cc2cc(Br)cs2)CCN1C[C@@H](O)C[C@@H](Cc1ccncc1)C(=O)N[C@H]1c2ccccc2C[C@H]1O,default,9.565763328067687,success,-4.52,,success,0.6144802773389739,698.73,3.69,4,8,118.03,11,1,-6.74,success
mol_45,CC(C)C[C@@H]1NC(=O)[C@H](C(C)C)NC(=O)[C@@H]2CCCN2C(=O)[C@H](C(C)C)NC(=O)[C@H](Cc2ccccc2)NC(=O)CSCCNC(=O)[C@H](Cc2ccccc2)N(C)C(=O)[C@H](CC(C)C)NC(=O)[C@H](Cc2cccc3ccccc23)NC1=O,default,8.356988305186421,success,0.1,,success,0.36308235876553513,1144.49,4.86,7,10,244.32,12,2,-5.45,success
mol_46,CC(C)[C@H](NC(=O)[C@H](Cc1ccccc1)C[C@H](O)[C@H](Cc1ccccc1)NC(=O)OC(C)(C)C)C(=O)NCC(O)CO,default,8.668424822837506,success,-5.43,,success,0.5700354019031255,585.74,2.34,6,7,157.22,15,2,-6.77,success
mol_47,CC(C)(C)NC(=O)[C@@H]1CN(Cc2cccc(C(C)(C)NC(=O)OC(C)(C)C)c2)CCN1C[C@@H](O)C[C@@H](Cc1ccccc1)C(=O)NC1c2ccccc2C[C@H]1O,default,7.499644105122626,success,-0.62,,success,0.31230367542688553,770.03,5.23,5,8,143.47,13,2,-5.71,success
mol_48,CC(C)(C)OC(=O)N[C@@H](Cc1ccccc1)[C@@H](O)C[C@@H](Cc1ccccc1)C(=O)NC1CCc2ccccc21,default,7.453916025701207,success,-7.3,,success,0.5311596688084339,528.69,5.54,3,4,87.66,10,2,-7.23,success
mol_49,CC(C)(c1ncc(-c2ccc(Cl)cc2)o1)N1CCN(C[C@@H](O)C[C@@H](Cc2nnc(-c3ccccc3)o2)C(=O)N[C@H]2CCOC[C@H]2O)[C@H](C(=O)NCC(F)(F)F)C1,default,10.089001233930944,success,-1.91,,success,0.5636666666666666,804.27,3.82,4,12,179.32,14,2,-5.7,success
mol_50,CN(C)c1ccc(CNC(=O)[C@@H](NC(=O)c2ccccc2-c2ccccc2)[C@@H]2N[C@@H](C(=O)NCCNC(=O)[C@@H]3N[C@@H]([C@H](NC(=O)c4ccccc4-c4ccccc4)C(=O)NCc4ccc(N(C)C)cc4)SC3(C)C)C(C)(C)S2)cc1,default,7.56567623757531,success,0.59,,success,0.2971396864646092,1117.46,6.53,8,12,205.14,21,4,-4.57,success
mol_51,CC(C)[C@H](NC(=O)OCc1ccccc1)C(=O)N[C@@H](Cc1ccccc1)[C@@H](O)CN(Cc1ccc(F)cc1)NC(=O)[C@@H](NC(=O)OCc1ccccc1)C(C)C,default,7.219677919369822,success,0.09,,success,0.2683064932808185,769.92,5.65,5,8,158.33,19,2,-5.16,success
mol_52,Cc1cc(SC2=C(O)OC(CCc3ccc(O)cc3)(C(C)C)CC2=O)c(C(C)(C)C)cc1NS(=O)(=O)c1cccnc1,default,8.30513283501502,success,-3.08,,success,0.4614277362512516,610.8,7.03,3,8,125.82,9,2,-6.24,success
mol_53,CCNC(=O)Nc1cccc(C(c2c(O)c3c(oc2=O)CCCCCC3)C2CC2)c1,default,4.976330883473573,success,-8.12,,success,0.3520275736227978,410.51,4.69,3,4,91.57,5,0,-9.11,success
mol_54,CC1(C)S[C@H]([C@H](NC(=O)Cc2ccccc2)C(=O)NCc2ccccc2)N[C@H]1C(=O)N[C@H](Cc1ccccc1)[C@H](O)CC(=O)NCCO,default,7.006989308476825,success,-3.59,,success,0.3702491090397354,675.85,1.43,7,8,168.89,16,2,-6.12,success
mol_55,CC1(C)CC2(CC(C)(C)c3ccc(O)c([N+](=O)[O-])c32)c2cc(O)c([N+](=O)[O-])cc21,default,4.412837267730069,success,-8.87,,success,0.33006977231083906,398.42,4.56,2,6,126.74,2,0,-9.11,success
mol_56,CC(C)[C@H](NC(=O)N(C)Cc1ccccn1)C(=O)N[C@@H](Cc1ccccc1)[C@H](O)[C@H](O)[C@H](Cc1ccccc1)NC(=O)[C@H](NC(=O)N(C)Cc1ccccn1)C(C)C,default,8.70231099735735,success,-3.26,,success,0.5005259164464457,795.0,3.69,6,8,189.12,19,2,-5.64,success
mol_57,COC(=O)[C@@H](NC(=O)[C@H](CC(C)C)NC(=O)[C@@H]1CCCN1C[C@@H](O)[C@H](Cc1ccccc1)NC(=O)[C@H](CC(N)=O)NC(=O)[C@H](CC(C)C)NC(=O)[C@H](CO)NC(C)=O)C(C)C,default,7.466534294977939,success,-0.87,,success,0.3178778579148283,861.05,-1.23,9,12,287.69,25,3,-5.16,success
mol_58,O=C(N[C@H](Cc1cccc(Br)c1)[C@@H](O)C[C@@H](CCc1ccc(Cl)cc1Cl)S(=O)(=O)c1ccc(F)cc1)[C@H]1CCCO1,default,6.930045851545543,success,-3.25,,success,0.3525038209621286,687.46,6.33,2,5,92.7,12,2,-6.08,success
mol_59,CC(C)CN(C[C@@H](O)[C@H](Cc1ccccc1)NC(=O)[C@@H](CS(=O)(=O)c1ccc(F)cc1)NS(C)(=O)=O)C(=O)NC(C)(C)C,default,8.056523370313167,success,-4.01,,success,0.47171028085943056,642.82,2.07,4,7,161.98,14,1,-6.77,success
mol_60,CC(C)(C)NC(=O)c1ccccc1C[C@@H](O)[C@H](Cc1ccccc1)NC(=O)[C@H](CS(=O)(=O)c1cccc2ccccc12)NS(C)(=O)=O,default,8.408897032560477,success,-2.98,,success,0.4667414193800397,679.86,3.39,4,7,158.74,13,1,-6.13,success
mol_61,CC(C)(C)OC(=O)[C@@H]1CCCN1C[C@@H](O)[C@H](Cc1ccccc1)NC(=O)[C@H](CC(N)=O)NC(=O)OCc1ccccc1,default,6.845458023802706,success,-5.55,,success,0.42212150198355886,582.7,2.05,4,8,160.29,13,1,-7.03,success
mol_62,Cc1cc(SC2=C(O)OC(C)(CCc3ccc(O)cc3)CC2=O)c(C(C)(C)C)cc1NS(=O)(=O)c1ccc(C(F)(F)F)cc1,default,8.215863562138873,success,-3.38,,success,0.46398863017823944,649.75,8.02,3,7,112.93,8,2,-6.21,success
mol_63,CC(=O)N[C@@H](CS(=O)(=O)c1ccccc1)C(=O)N[C@@H](Cc1ccccc1)[C@H](O)Cc1ccccc1C(=O)NC(C)(C)C,default,7.957747212008518,success,-5.01,,success,0.49681226766737646,593.75,2.82,4,6,141.67,12,1,-6.98,success
mol_64,Cc1cccc(C)c1OCC(=O)N[C@@H](Cc1ccccc1)[C@H](O)CN1C[C@H]2CCCC[C@H]2C[C@H]1C(=O)NC(C)(C)C,default,7.4728733794763755,success,-5.44,,success,0.470739448289698,563.78,4.57,3,5,90.9,10,1,-7.52,success
mol_65,CCOC(=O)NC(C(=O)N[C@@H](Cc1ccccc1)[C@H](O)CN(CC1CCCCC1)NC(=O)C(NC(=O)OCCOC)C(C)C)C(C)C,default,7.097439965983393,success,-3.37,,success,0.3704533304986161,663.86,3.16,5,9,167.56,19,1,-6.44,success
mol_66,CC(C)(C)NC(=O)C1(CCc2ccccc2)OC(O)=C(CCc2ccccc2)C1=O,default,5.253117426915668,success,-8.63,,success,0.392093118909639,407.51,4.27,2,4,75.63,7,0,-9.17,success
mol_67,C[C@H]1[C@@H](OC(=O)N[C@@H](Cc2ccccc2)[C@H](O)CN2C[C@H]3CCC[C@H]3C[C@H]2C(=O)NC(C)(C)C)CCS1(=O)=O,default,7.638294851566111,success,-7.99,,success,0.5695245709638426,563.76,2.67,3,7,125.04,8,1,-8.07,success
mol_68,COc1cc(/C=C/C(=O)N[C@@H](Cc2ccccc2)[C@H](O)CN(CC(C)C)S(=O)(=O)c2ccc(SC)cc2)ccc1O,default,7.682022435586263,success,-5.56,,success,0.49216853629885526,598.79,4.57,3,7,116.17,14,1,-6.79,success
mol_69,CC1(C)CC2(CC(C)(C)c3c(Br)c(O)c(O)c(Br)c32)c2c(Br)c(O)c(O)c(Br)c21,default,5.399886027248775,success,-3.18,,success,0.22265716893739795,656.0,7.21,4,4,80.92,0,2,-7.25,success
mol_70,O=C(N[C@H]1CCOC[C@H]1O)[C@H](Cc1nnco1)C[C@H](O)CN1CCN(Cc2ccc(-c3ccc(Cl)cc3)o2)C[C@H]1C(=O)NCC(F)(F)F,default,10.156783129210952,success,-2.71,,success,0.5903333333333334,699.13,2.02,4,11,166.43,13,2,-6.3,success
mol_71,CC(C)(C)NC(=O)[C@@H]1CCCN1C(=O)[C@@H](O)[C@H](Cc1ccccc1)NC(=O)[C@H](CC(N)=O)NC(=O)OCc1ccccc1,default,7.327018474561295,success,-5.11,,success,0.4475848728801079,595.7,1.15,5,7,180.16,12,1,-6.74,success
mol_72,CC(C)(C)OC(=O)N[C@@H](Cc1ccccc1)[C@@H](O)C[C@@]1(Cc2ccccc2)CCN([C@H]2c3ccccc3C[C@H]2O)C1=O,default,6.879798789252049,success,-5.41,,success,0.42031656577100407,570.73,4.99,3,5,99.1,9,1,-7.46,success
mol_73,Cc1cc(SC2=C(O)OC(CCc3ccccc3)(C(C)C)CC2=O)c(C(C)(C)C)cc1OS(=O)(=O)c1ccccn1,default,8.137500482288266,success,-4.32,,success,0.48879170685735546,595.78,7.29,1,8,102.79,9,2,-6.41,success
mol_74,COc1cc(CC(=O)N[C@@H](Cc2ccccc2)[C@H](O)CN(CC(C)C)S(=O)(=O)c2ccc(N)cc2)ccc1O,default,7.86439248432296,success,-5.63,,success,0.50969937369358,555.7,2.96,4,7,142.19,13,1,-7.08,success
mol_75,CN(C(=O)[C@H](Cc1ccccc1)C[C@H](O)[C@H](Cc1ccccc1)NC(=O)OC(C)(C)C)[C@H]1c2ccccc2C[C@H]1O,default,7.373463190827415,success,-5.3,,success,0.457788599235618,558.72,4.85,3,5,99.1,10,1,-7.35,success
mol_76,C[C@H](O)CN(C[C@@H](O)[C@H](Cc1ccccc1)NC(=O)c1cc(O)cc(O)c1)S(=O)(=O)c1ccc(C(F)(F)F)cc1,default,8.053155725362616,success,-5.25,,success,0.5127629771135513,582.6,2.89,5,7,147.4,11,1,-6.98,success
mol_77,CC(C)(C)NC(=O)[C@@H]1C[C@@H]2CCCC[C@@H]2CN1C[C@@H](O)[C@H](Cc1ccccc1)NC(=O)[C@@H](NC(=O)c1ccc2ccccc2n1)C1CCCC1,default,8.379360567871116,success,-1.71,,success,0.42194671398925965,681.92,5.41,4,6,123.66,11,2,-6.17,success
mol_78,CC1=C(C(COC(=O)c2ccccc2)OC(=O)c2ccccc2)c2cc3nc(cc4[nH]c(cc5[nH]c(cc1n2)c(C)c5CCC(=O)O)c(CCC(=O)O)c4C)C(C(COC(=O)c1ccccc1)OC(=O)c1ccccc1)=C3C,default,5.177861915969531,success,1.22,,success,0.09815515966412762,1047.13,10.99,4,12,237.16,18,3,-4.51,success
mol_79,CC(C)(C)OC(=O)N[C@@H](Cc1ccccc1)[C@@H](O)C[C@@H](Cc1ccc(OCc2ccccc2)cc1)C(=O)NC1c2ccccc2C[C@H]1O,default,9.381215091729826,success,-1.04,,success,0.48310125764415224,650.82,6.09,4,6,117.12,13,2,-5.67,success
mol_80,CC(=O)N[C@@H](Cc1ccccc1)C(O)[C@H](Cc1ccccc1)NC(C)=O,default,5.694447521691894,success,-9.69,,success,0.4642039601409912,354.45,1.84,3,3,78.43,8,0,-9.68,success
mol_81,O=S1(=O)N(Cc2ccccc2)[C@H](CCc2ccccc2)[C@H](O)[C@@H](O)[C@@H](CCc2ccccc2)N1Cc1ccccc1,default,6.218341276235002,success,-4.74,,success,0.3428617730195835,570.76,4.97,2,4,81.08,10,1,-7.02,success
mol_82,CC(C)(C)OC(=O)N[C@@H](Cc1ccccc1)[C@@H](O)C[C@@H](Cc1ccc(O)cc1)C(=O)NC1c2ccccc2C[C@@H]1O,default,9.56298307956535,success,-4.24,,success,0.6049152566304459,560.69,4.21,5,6,128.12,10,1,-7.26,success
mol_83,CCOC(=O)NC(C(=O)NN(CC1CCCCC1)C[C@@H](O)[C@H](Cc1ccccc1)NC(=O)C(NC(=O)OC)C(C)C)C(C)C,default,7.173628135512108,success,-4.37,,success,0.41013567795934236,619.8,3.14,5,8,158.33,16,1,-6.7,success
mol_84,O=C(N[C@@H](Cc1ccccc1)[C@@H](O)C[C@@H](Cc1ccccc1)C(=O)N[C@H]1c2ccccc2C[C@H]1O)OC1CCCC1,default,8.912428073868016,success,-4.4,,success,0.5560356728223347,556.7,4.65,4,5,107.89,11,1,-7.13,success
mol_85,C=CCN(C(=O)[C@H](Cc1ccccc1)NC(=O)OC(C)(C)C)[C@@H](C)C(=O)N[C@H](C(=O)N[C@H](C(=O)OC)C(C)C)[C@@H](C)CC,default,6.983993484988378,success,-5.28,,success,0.42466612374903157,602.77,3.37,3,7,143.14,15,1,-6.76,success
mol_86,CC(C)[C@H](NS(=O)(=O)CCc1ccncc1)C(=O)N[C@@H](Cc1ccccc1)[C@@H](O)[C@H](O)[C@H](Cc1ccccc1)NC(=O)[C@H](NS(=O)(=O)CCc1ccncc1)C(C)C,default,8.191367819622187,success,-2.4,,success,0.42928065163518225,837.08,2.33,6,10,216.78,23,2,-5.89,success
mol_87,COc1cc(C(=O)N[C@@H](Cc2ccccc2)[C@H](O)CN(C[C@H](C)O)S(=O)(=O)c2ccc(C(F)(F)F)cc2)cc(OC)c1O,default,7.712125815464993,success,-4.24,,success,0.4506771512887494,626.65,3.2,4,8,145.63,13,1,-6.77,success
mol_88,O=C1CC(CCc2ccccc2)(c2ccccc2)OC(O)=C1SCCc1ccccc1,default,6.513091301286938,success,-7.78,,success,0.4687576084405782,430.57,6.21,1,4,46.53,8,1,-8.17,success
mol_89,C[C@H](C1=C(O)[C@@](CCc2ccccc2)(C(=O)NCc2ccc(C(C)(C)C)cc2)OC1=O)c1ccccc1,default,5.500973056682327,success,-7.25,,success,0.3667477547235273,497.64,6.14,2,4,75.63,8,1,-7.64,success
mol_90,CC(C)=CCCC(C)C1=C(O)C(C)(C(=O)NC(C)(C)C)OC1=O,default,5.567366441195968,success,-9.69,,success,0.453613870099664,323.43,3.41,2,4,75.63,5,0,-9.54,success
mol_91,C[C@H](O)CN(C[C@@H](O)[C@H](Cc1ccccc1)NC(=O)c1ccc(O)cc1O)S(=O)(=O)c1ccc([N+](=O)[O-])cc1,default,7.604049311526595,success,-4.57,,success,0.4526707759605496,559.6,1.78,5,9,190.54,12,1,-6.93,success
mol_92,COc1cccc(CC(=O)N[C@@H](Cc2ccccc2)[C@H](O)CN(CC(C)C)S(=O)(=O)c2ccc(SC)cc2)c1,default,7.305016757390606,success,-5.35,,success,0.45375139644921714,570.78,4.39,2,6,95.94,14,1,-7.26,success
mol_93,O=c1c(CCCOc2cccc(CO)c2)c(O)oc2ccccc12,default,5.159999625008813,success,-11.31,,success,0.47366663541740106,326.35,3.0,2,5,79.9,6,0,-9.65,success
mol_94,CC(C)(C)NC(=O)[C@@H]1CN(Cc2ccc(O)cc2)CCN1C[C@@H](O)[C@H](Cc1ccccc1)NC(=O)O[C@H]1CCOC1,default,7.245882743324171,success,-6.88,,success,0.49982356194368094,568.72,2.28,4,8,123.6,10,1,-7.67,success
mol_95,CC(C)(C)OC(=O)N[C@@H](Cc1ccccc1)[C@H](O)CNC[C@@H](O)[C@H](Cc1ccc(OCC(O)c2ccccn2)cc1)NC(=O)OC(C)(C)C,default,7.155780998730922,success,-0.63,,success,0.2839817498942435,680.84,4.08,6,10,171.5,16,2,-6.02,success
mol_96,CC(C)CN(C[C@@H](O)[C@H](Cc1ccccc1)NC(=O)OCc1ccccc1)S(=O)(=O)c1ccccc1,default,6.888915526661983,success,-7.64,,success,0.4954096272218319,510.66,4.23,2,5,95.94,12,1,-7.58,success
mol_97,COC(=O)N[C@H](C(=O)N[C@@H](Cc1ccccc1)C(O)CN(Cc1cccs1)NC(=O)[C@@H](NC(=O)OC)C(C)C)C(C)C,default,7.50379058463589,success,-2.78,,success,0.3846492153863242,605.76,2.43,5,9,158.33,15,1,-6.97,success
mol_98,CC1=C(C(O)CO)c2cc3nc(cc4[nH]c(cc5[nH]c(cc1n2)c(C)c5CCC(=O)O)c(CCC(=O)O)c4C)C(C(O)CO)=C3C,default,4.84297178879804,success,-2.52,,success,0.15424764906650332,630.7,3.53,8,8,212.88,10,2,-6.59,success
mol_99,CCCS(=O)(=O)Nc1cccc(C(c2c(O)cc(C(CC)Cc3ccccc3)oc2=O)C2CC2)c1,default,5.757593725365493,success,-6.68,,success,0.3691328104471244,495.64,5.78,2,5,96.61,11,1,-7.2,success
mol_100,CC(=O)CC(c1ccccc1)c1c(O)c2ccccc2oc1=O,default,5.149214121751773,success,-10.71,,success,0.4527678434793144,308.33,3.61,1,4,67.51,4,0,-9.82,success
mol_101,CC(=O)N[C@@H](CSc1ccccc1)C(=O)N[C@@H](Cc1ccccc1)[C@H](O)Cc1ccccc1C(=O)NC(C)(C)C,default,7.351270915221671,success,-4.48,,success,0.428605909601806,561.75,4.14,4,5,107.53,12,1,-7.2,success
mol_102,CC(C)(C)NC(=O)c1ccccc1OC[C@@H](O)[C@H](Cc1ccccc1)NC(=O)[C@H](CC(N)=O)NC(=O)c1ccc2c(c1)C(=O)c1ccccc1C2=O,default,7.150693274187856,success,-2.98,,success,0.36189110618232134,704.78,3.13,5,8,193.99,13,1,-6.07,success
mol_103,CC(C)(C)NC(=O)[C@@H]1CN(Cc2cccnc2)CCN1C[C@@H](O)C[C@@H](Cc1ccccc1)C(=O)N[C@H]1c2ccccc2C[C@H]1O.O,default,8.781063360841628,success,-3.85,,success,0.5267552800701357,631.82,2.04,4,7,149.53,11,1,-6.79,success
mol_104,O=C(N[C@H]1c2ccccc2OC[C@H]1O)[C@H](Cc1cccnc1)C[C@H](O)CN1CCN(Cc2ccn(-c3ccc(F)cc3)c2)C[C@H]1C(=O)NCC(F)(F)F,default,9.93995092125998,success,-2.41,,success,0.5753292434383317,738.78,3.4,4,9,132.19,13,1,-6.31,success
mol_105,CC(C)CN(C[C@@H](O)[C@H](Cc1ccccc1)NC(=O)c1cc(O)cc(O)c1)S(=O)(=O)c1ccc(C(F)(F)F)cc1,default,8.396143379199863,success,-4.86,,success,0.5283452815999886,580.63,4.17,4,6,127.17,11,1,-7.0,success
mol_106,CSc1ccc(C[C@H](C[C@H](O)[C@H](Cc2ccccc2)NC(=O)OC(C)(C)C)C(=O)N[C@H]2c3ccccc3C[C@H]2O)cc1,default,9.147988231553251,success,-3.46,,success,0.5443323526294376,590.79,5.23,4,6,107.89,11,2,-6.6,success
mol_107,CC(C)CN(C[C@@H](O)[C@H](Cc1ccccc1)NC(=O)[C@H](CC(N)=O)NC(=O)OCc1ccccc1)C(=O)NC(C)(C)C,default,6.710643104862733,success,-5.77,,success,0.41822025873856106,583.73,2.71,5,6,163.09,14,1,-7.01,success
mol_108,C[C@H](NC(=O)N(C[C@@H](O)[C@H](Cc1ccccc1)NC(=O)[C@H](CC(N)=O)NC(=O)OCc1ccccc1)C(C)(C)C)c1ccccc1,default,6.958431654750494,success,-3.88,,success,0.37586930456254114,631.77,3.82,5,6,163.09,14,1,-6.52,success
mol_109,CC(C)(C)OC(=O)N[C@@H](Cc1ccccc1)[C@H](O)CNC[C@@H](O)[C@H](Cc1ccccc1)NC(=O)C1(O)COCC1(C)C,default,5.982265321083581,success,-5.91,,success,0.3621887767569651,585.74,1.95,6,8,149.38,13,2,-6.7,success
mol_110,CC(C)(C)NC(=O)[C@@H]1CCCN1C(=O)[C@H](O)[C@H](Cc1ccccc1)NC(=O)[C@H](CC(N)=O)NC(=O)OCc1ccccc1,default,7.327018474561295,success,-5.85,,success,0.47225153954677457,595.7,1.15,5,7,180.16,12,1,-6.74,success
mol_111,CC(C)c1ccccc1Sc1c(O)cc(-c2cccc(-c3ccccc3)c2)oc1=O,default,7.1101350411054085,success,-8.25,,success,0.5341779200921174,414.53,6.95,1,4,50.44,5,1,-7.98,success
mol_112,COC(=O)c1ccccc1CSc1c(O)cc(-c2ccccc2)oc1=O,default,5.4971539739077,success,-8.54,,success,0.40942949782564164,368.41,4.09,1,6,76.74,5,0,-9.28,success
mol_113,CC[C@H](C)[C@H](NC(=O)[C@@H]1C[C@@H]2CCCC[C@@H]2CN1C[C@@H](O)[C@H](Cc1ccccc1)NC(=O)[C@H](CC(N)=O)NC(=O)OCc1ccccc1)C(=O)N[C@H](C(=O)OC)C(C)C,default,7.247426895628469,success,-2.86,,success,0.3659522413023724,821.03,2.97,6,10,218.49,20,2,-6.16,success
mol_114,CCCCN(C[C@@H](O)[C@H](Cc1ccccc1)NC(=O)[C@H](CC(N)=O)NC(=O)OCc1ccccc1)C(=O)NCC(C)C,default,6.585619675884569,success,-5.25,,success,0.3904683063237141,583.73,2.71,5,6,163.09,17,1,-6.99,success
mol_115,CCCc1cc(=O)oc2c3c(c4c(c12)OC(C)(C)C=C4)O[C@H](C)[C@@H](C)[C@@H]3O,default,5.439844706838379,success,-9.5,,success,0.43665372556986487,370.45,4.38,1,5,68.9,2,0,-9.91,success
mol_116,CC[C@H](C)[C@H](NC(=O)[C@H](C(C)C)[C@@H](O)[C@H](O)[C@H](CC1CCCCC1)NC(=O)c1ncccc1OCSc1ccccc1)C(=O)NCc1nc2ccccc2[nH]1,default,7.2756098254668276,success,0.6,,success,0.272967485455569,773.01,6.0,6,9,178.56,19,3,-4.91,success
mol_117,CC(C)(C)NC(=O)[C@@H]1C[C@@H](OC(C)(C)C)CN1CC(O)CNC(=O)[C@@H]1N[C@@H](C(NC(=O)Cc2ccccc2)C(=O)NCc2ccccc2)SC1(C)C,default,6.69585060860162,success,-2.93,,success,0.322320884050135,739.0,2.49,6,9,161.13,14,2,-6.43,success
mol_118,Cc1cc(C)cc(CN2CCN(C[C@@H](O)[C@H](Cc3ccccc3)NC(=O)O[C@@H]3CCS(=O)(=O)[C@@H]3C(C)C)[C@H](C(=O)NC(C)(C)C)C2)c1,default,8.31076587614677,success,-6.17,,success,0.564897156345564,670.92,3.61,3,8,128.28,11,1,-6.95,success
mol_119,COc1ccc(CCCCc2c(O)oc3ccccc3c2=O)cc1,default,4.954486753650735,success,-8.63,,success,0.36720722947089457,324.38,4.07,1,4,59.67,6,0,-9.61,success
mol_120,NC1C(OCc2ccccc2)OC(CO)C(OCc2ccccc2)C1N,default,5.47805492604773,success,-10.65,,success,0.4781712438373109,358.44,1.16,3,6,99.96,7,0,-9.42,success
mol_121,CC(C)[C@H](NC(=O)CC1NC(=O)NC1=O)C(=O)N[C@@H](Cc1ccccc1)C[C@H](O)[C@H](Cc1ccccc1)NC(=O)[C@@H](NC(=O)CC1NC(=O)NC1=O)C(C)C,default,7.659760039786416,success,-0.84,,success,0.33298000331553473,762.87,-0.33,9,9,253.03,19,2,-5.6,success
mol_122,O=C(N[C@@H](Cc1ccccc1)[C@@H](O)C[C@]1(Cc2ccccc2)N=CC(C2c3ccccc3C[C@H]2O)=C1O)O[C@H]1CCOC1,default,8.287269909495661,success,-4.03,,success,0.4916058257913051,582.7,4.44,4,7,120.61,10,1,-7.19,success
mol_123,O=S(=O)(c1ccccc1)c1c(C2=NCCN2)[nH]c2ccc(Cl)cc12,default,6.43309830349833,success,-11.44,,success,0.5840915252915274,359.84,3.0,2,4,74.32,3,0,-10.06,success
mol_124,C[C@@H]1OCC[C@@H]1OC(=O)N[C@@H](Cc1ccccc1)[C@H](O)CN1C[C@H]2CCCC[C@H]2C[C@H]1C(=O)NC(C)(C)C,default,6.769973366902877,success,-10.14,,success,0.5688311139085731,529.72,3.66,3,6,100.13,8,1,-8.21,success
mol_125,COc1ccc(S(=O)(=O)N(CC(C)C)C[C@@H](O)[C@H](Cc2ccccc2)NC(=O)c2cc3cc(O)ccc3[nH]2)cn1,default,6.847140224958558,success,-4.41,,success,0.38426168541321315,566.68,3.33,4,7,144.85,12,1,-6.6,success
mol_126,CC(C)CN(C[C@@H](O)[C@H](Cc1ccccc1)NC(=O)Cc1cc(=O)oc2cc(O)ccc12)S(=O)(=O)c1ccc(N)cc1,default,7.737549599664876,success,-5.72,,success,0.5021291333054063,593.7,3.06,4,8,163.17,12,1,-6.5,success
mol_127,CC(C)(C)NC(=O)[C@@H]1C[C@@H]2CCCC[C@@H]2CN1C[C@@H](O)[C@H](Cc1ccccc1)NC(=O)O[C@H]1CCS(=O)(=O)C1,default,7.058086523440341,success,-8.24,,success,0.5295072102866951,563.76,2.67,3,7,125.04,8,1,-8.05,success
mol_128,CC(C)C[C@H](NC(=O)[C@@H](NC(=O)CCCCCCCCCCCCCCC(=O)N[C@@H](CC(N)=O)C(=O)N[C@@H](Cc1ccccc1)C(=O)O)[C@@H](C)O)C(=O)NCCc1ccc(N)cc1,default,5.849554407346928,success,-3.41,,success,0.267796200612244,880.14,3.96,9,9,272.14,33,2,-5.92,success
mol_129,Cc1cc(SC2=C(O)OC(CCc3ccccc3)(C(C)C)CC2=O)c(C(C)(C)C)cc1OS(=O)(=O)N1CCN(C)CC1,default,8.449356255278326,success,-3.38,,success,0.4834463546065272,616.85,6.0,1,8,96.38,9,2,-6.86,success
mol_130,CC(C)(C)OC(=O)N[C@@H](Cc1ccccc1)[C@@H](O)C[C@@H](Cc1ccc(CCCN2CCOCC2)cc1)C(=O)N[C@H]1c2ccccc2C[C@H]1O,default,8.950840098772929,success,-3.42,,success,0.5265700082310775,671.88,4.77,4,7,120.36,14,1,-6.52,success
mol_131,O=S(=O)(c1ccccc1)c1c(C2=N[C@H]3CCCC[C@@H]3N2)[nH]c2ccc(Cl)cc12,default,6.670973908895654,success,-9.38,,success,0.5352478257413045,413.93,4.32,2,4,74.32,3,0,-9.43,success
mol_132,COCCOCO[C@H](NC(=O)C(F)(F)C(=O)C(Cc1ccc(OCc2ccccc2)cc1)NC(=O)[C@@H](NC(=O)OCc1ccccc1)C(C)C)C(C)C,default,7.542905805606492,success,-1.01,,success,0.3289088171338743,741.83,5.18,3,9,150.52,22,2,-5.67,success
mol_133,CC(C)[C@H](NC(=O)OCc1cccnc1)C(=O)N[C@@H](Cc1ccccc1)C(O)[C@H](Cc1ccccc1)NC(=O)[C@H](NC(=O)OCc1cccnc1)C(C)C,default,8.174846612701407,success,0.28,,success,0.3479038843917839,738.89,4.49,5,9,180.87,18,1,-5.75,success
mol_134,CC(C)(C)NC(=O)c1c(OC[C@@H](O)[C@H](Cc2ccccc2)NC(=O)[C@H](CC(N)=O)NC(=O)c2ccc3c(c2)C(=O)c2ccccc2C3=O)ccc2ccccc12,default,7.374594801823373,success,-1.15,,success,0.3195495668186144,754.84,4.28,5,8,193.99,13,1,-5.82,success
mol_135,Cc1cc(SC2=C(O)OC(CCc3ccccc3)(c3ccc(OCCO)cc3)CC2=O)c(C(C)(C)C)cc1CO,default,8.081055003866494,success,-4.96,,success,0.5054212503222077,562.73,6.49,3,7,96.22,10,2,-6.69,success
mol_136,CC(C)C[C@@H]1NC(=O)[C@H](C(C)C)NC(=O)[C@]2(C)CCCN2C(=O)[C@H](C(C)C)NC(=O)[C@H](Cc2ccccc2)NC(=O)CSCCNC(=O)[C@H](Cc2ccccc2)N(C)C(=O)[C@H](CC(C)C)NC(=O)[C@H](CCC2=CCC(F)(F)CC2)NC1=O,default,8.24927933685963,success,-0.03,,success,0.35510661140496913,1162.5,5.38,7,10,244.32,13,3,-5.44,success
mol_137,CCC(Cc1ccccc1)c1cc(O)c(C(c2cccc(NS(=O)(=O)c3cn(C)cn3)c2)C2CC2)c(=O)o1,default,6.036041940139284,success,-6.93,,success,0.40067016167827363,533.65,5.16,2,7,114.43,10,2,-6.77,success
mol_138,C[C@@H]1OCC[C@@H]1OC(=O)N[C@@H](Cc1ccccc1)[C@H](O)CN1C[C@H]2CCCC[C@H]2C[C@H]1C(=O)NC(C)(C)C,default,6.769973366902877,success,-10.14,,success,0.5688311139085731,529.72,3.66,3,6,100.13,8,1,-8.21,success
mol_139,O=c1oc2ccccc2c(O)c1C(c1ccc(C(c2c(O)c3ccccc3oc2=O)c2c(O)c3ccccc3oc2=O)cc1)c1c(O)c2ccccc2oc1=O,default,5.8841798856884635,success,0.04,,success,0.15701499047403863,746.68,7.3,4,12,201.76,6,3,-5.21,success
mol_140,O=C(CN1CCOCC1)N[C@@H](Cc1ccccc1)[C@H](O)CN(C1CC1)S(=O)(=O)c1ccc([N+](=O)[O-])cc1,default,6.417689180197821,success,-9.36,,success,0.5134740983498185,532.62,1.17,2,8,142.32,12,1,-7.0,success
mol_141,CCCC1(CCc2ccccc2)CC(=O)C(C(c2cccc(NS(=O)(=O)c3ccc(C#N)cc3)c2)C(C)(C)C)=C(O)O1,default,6.486831630305406,success,-4.1,,success,0.3439026358587838,586.75,7.42,2,6,116.49,10,2,-6.28,success
mol_142,CC(C)(C)NC(=O)[C@@H]1C[C@@H]2CCCC[C@@H]2CN1C[C@@H](O)[C@H](Cc1ccccc1)NC(=O)C1CO[C@@H]2CCS(=O)(=O)[C@@H]2C1,default,7.133518032712058,success,-6.89,,success,0.4907931693926715,603.83,2.46,3,7,125.04,8,1,-7.89,success
mol_143,COc1ccc([C@H]2[C@@]3(CO)C4N(Cc5ccccc5)C5[C@]2(CO)C2N(Cc6ccccc6)C3[C@]4(CO)[C@H](c3ccc(OC)cc3)[C@@]52CO)cc1,default,5.766285601015255,success,-2.29,,success,0.2235238000846046,674.84,4.03,4,8,105.86,12,1,-6.42,success
mol_144,CC(C)[C@H](NC(=O)N(C)Cc1ccccn1)C(=O)N[C@@H](Cc1ccccc1)[C@H](O)[C@@H](O)[C@H](Cc1ccccc1)NC(=O)[C@H](NC(=O)N(C)Cc1cccnc1)C(C)C,default,8.709240982135434,success,-3.17,,success,0.49810341517795276,795.0,3.69,6,8,189.12,19,2,-5.67,success
mol_145,CC(C)(C)NC(=O)[C@@H]1CCCN1C[C@@H](O)[C@H](Cc1ccccc1)NC(=O)[C@H](CC(N)=O)NC(=O)OCc1ccccc1,default,7.064468908791491,success,-5.43,,success,0.43637240906595753,581.71,1.62,5,7,163.09,13,1,-6.88,success
mol_146,CC(C)CCN(C[C@@H](O)[C@@H]1Cc2ccc(cc2)OCCCCCC(=O)N[C@@H](C(C)C)C(=O)N1)S(=O)(=O)c1ccc(N)cc1,default,7.057738243273769,success,-3.61,,success,0.3751448536061474,616.83,3.49,4,7,151.06,9,1,-7.06,success
mol_147,CC1(C)SCN(C(=O)[C@@H](O)C[C@@H](Cc2ccccc2)C(=O)N[C@H]2c3ccccc3OC[C@H]2O)[C@@H]1C(=O)NCc1c(F)cccc1F,default,9.236641414089036,success,-5.39,,success,0.6160534511740863,653.75,3.48,4,7,128.2,10,1,-7.07,success
mol_148,O=C1C(=O)c2ccccc2C(O)=C1CCCC1CCC2CCCCC2C1,default,5.49088547427376,success,-8.06,,success,0.3929071228561467,352.47,5.5,1,3,54.37,4,1,-9.43,success
mol_149,OC(C(COCc1ccc(F)cc1)OCc1ccccc1)C(O)C(COCc1ccc(F)cc1)OCc1ccccc1,default,5.529735542062423,success,-3.06,,success,0.22947796183853525,578.65,5.59,2,6,77.38,17,2,-6.38,success
mol_150,CC(C)[C@H](NC(=O)COc1cccc2ccccc12)C(=O)N[C@@H](Cc1ccccc1)[C@H](O)C(=O)N1CCC[C@H]1C(=O)NC(C)(C)C,default,8.232001381429972,success,-4.36,,success,0.4980001151191644,630.79,3.35,4,6,137.07,12,1,-6.96,success
mol_151,C=CCN(C(=O)[C@H](Cc1ccccc1)NC(=O)[C@H](C)NC(=O)OC(C)(C)C)[C@@H](C)C(=O)N[C@H](C(=O)N[C@H](C(=O)OC)C(C)C)[C@@H](C)CC,default,7.053001310626097,success,-4.43,,success,0.40208344255217476,673.85,2.87,4,8,172.24,17,1,-6.56,success
mol_152,CC(C)(C)OC(=O)[C@@H]1CCCN1C[C@H](O)[C@H](Cc1ccccc1)NC(=O)[C@H](CC(N)=O)NC(=O)OCc1ccccc1,default,6.845458023802706,success,-5.48,,success,0.4197881686502255,582.7,2.05,4,8,160.29,13,1,-7.03,success
mol_153,CCCC1(CCc2ccc(O)cc2)CC(=O)C(Sc2cc(C)c(OS(=O)(=O)Cn3ccnc3)cc2C(C)(C)C)=C(O)O1,default,8.293522234099962,success,-2.25,,success,0.43279351950833017,614.79,6.54,2,10,127.95,11,2,-6.07,success
mol_154,C=CCC1OC[C@H](Cc2ccccc2)N(C[C@H](O)CN(CC2CCCC2)S(=O)(=O)c2ccc(OC)cc2)C1=O,default,6.689536306215795,success,-7.26,,success,0.46612802551798294,556.73,3.65,1,6,96.38,13,1,-7.59,success
mol_155,C=CC[C@H](C[C@H](O)[C@H](Cc1ccccc1)NC(=O)OC(C)(C)C)C(=O)N[C@H]1c2ccccc2C[C@H]1O,default,7.748595148651383,success,-9.33,,success,0.6233829290542818,494.63,3.84,4,5,107.89,10,0,-8.02,success
mol_156,CC(C)(C)OC(=O)[C@@H]1CCCN1C[C@@H](O)[C@H](Cc1ccccc1)NC(=O)[C@H](CC(N)=O)NC(=O)OCc1ccccc1,default,6.845458023802706,success,-5.55,,success,0.42212150198355886,582.7,2.05,4,8,160.29,13,1,-7.03,success
mol_157,CC(C)(C)OC(=O)N[C@@H](Cc1ccccc1)[C@@H](O)C[C@@]1(Cc2ccccc2)CCN([C@H]2c3ccccc3C[C@H]2O)C1=O,default,6.879798789252049,success,-5.41,,success,0.42031656577100407,570.73,4.99,3,5,99.1,9,1,-7.46,success
mol_158,CC(C)(C)NC(=O)[C@@H]1C[C@@H]2CCCC[C@@H]2CN1CC(O)C[C@@H](Cc1ccccc1)C(=O)N[C@H]1CCCC[C@@H]1NC(=O)c1ccc2ccccc2n1,default,7.462784897653993,success,-1.79,,success,0.3482320748044994,695.95,5.8,4,6,123.66,11,2,-5.95,success
mol_159,CC1(C)S[C@H]([C@H](NC(=O)Cc2ccccc2)C(=O)NCc2ccccc2)N[C@H]1C(=O)N[C@H](Cc1ccccc1)[C@H](O)CC(=O)NCC(O)CO,default,7.069723266613219,success,-0.9,,success,0.2858102722177683,705.88,0.79,8,9,189.12,17,2,-5.86,success
mol_160,CC(C)[C@@H]1[C@H](OC(=O)N[C@@H](Cc2ccccc2)[C@H](O)CN2CCN(Cc3cccs3)C[C@H]2C(=O)NC(C)(C)C)CCS1(=O)=O,default,8.628314505437183,success,-5.41,,success,0.566026208786432,648.89,3.06,3,9,128.28,11,1,-7.15,success
mol_161,COC(=O)[C@H](O)[C@H](Cc1ccccc1)NC(=O)[C@@H](NC(=O)[C@H](Cc1ccc(O)cc1)NC(C)=O)C(C)C,default,6.52878791078635,success,-5.73,,success,0.4017323258988625,513.59,0.84,5,7,154.06,12,1,-6.91,success
mol_162,CC(C)(C)NC(=O)[C@@H]1CCCN1C(=O)[C@@H](O)[C@H](Cc1ccccc1)NC(=O)[C@H](CC(N)=O)NC(=O)OCc1ccccc1,default,7.327018474561295,success,-5.11,,success,0.4475848728801079,595.7,1.15,5,7,180.16,12,1,-6.74,success
mol_163,CC1(C)CC2(CC(C)(C)c3c(Br)c(O)c(O)c(Br)c32)c2c(Br)c(O)c(O)c(Br)c21,default,5.399886027248775,success,-3.18,,success,0.22265716893739795,656.0,7.21,4,4,80.92,0,2,-7.25,success
mol_164,COC(=O)[C@@H](NC(=O)Cc1ccccc1)[C@@H]1N[C@@H](C(=O)NCCNC(=O)[C@@H]2N[C@@H]([C@H](NC(=O)Cc3ccccc3)C(=O)OC)SC2(C)C)C(C)(C)S1,default,6.944731730425144,success,-0.65,,success,0.2670609775354287,756.95,0.64,6,12,193.06,15,3,-5.7,success
mol_165,Cc1nsc(C)c1CNC(=O)[C@H]1N(C(=O)[C@@H](O)C[C@@H](Cc2ccccc2)C(=O)N[C@H]2c3ccccc3OC[C@H]2O)CSC1(C)C,default,9.683336979251921,success,-3.29,,success,0.5832780816043267,652.84,3.28,4,9,141.09,10,1,-6.88,success
mol_166,COc1ccc(S(=O)(=O)N(CC(C)C)C[C@@H](O)[C@H](Cc2ccccc2)n2cc(CNC(=O)c3ccc(CNC(=O)OC(C)(C)C)cc3)nn2)cc1,default,7.507016455867973,success,-1.23,,success,0.33325137132233107,720.89,4.73,3,10,164.98,16,1,-5.71,success
mol_167,C[C@@H](O)CN(C[C@@H](O)[C@H](Cc1ccccc1)NC(=O)c1ccccc1O)S(=O)(=O)c1ccc(C(F)(F)F)cc1,default,7.286478856056951,success,-6.36,,success,0.48587323800474597,566.6,3.18,4,6,127.17,11,1,-7.3,success
mol_168,Cc1cc(SC2=C(O)OC(CCc3ccc(O)cc3)(C(C)C)CC2=O)c(C(C)(C)C)cc1OS(=O)(=O)N(C)C,default,8.223637733337974,success,-4.31,,success,0.49563647777816444,577.77,6.02,2,8,113.37,9,2,-6.85,success
mol_169,COc1cc(C(=O)N[C@@H](Cc2ccccc2)[C@H](O)CN(CC(C)C)S(=O)(=O)c2ccc([N+](=O)[O-])cc2)cc(OC)c1O,default,8.037955745420426,success,-3.63,,success,0.45749631211836883,601.68,3.37,3,9,168.54,14,1,-6.73,success
mol_170,CC(C)CN(C[C@@H](O)[C@H](Cc1ccccc1)NC(=O)c1cc(O)cc(O)c1)S(=O)(=O)c1ccc(F)cc1,default,8.461108627424641,success,-9.23,,success,0.6794257189520535,530.62,3.29,4,6,127.17,11,1,-7.43,success
mol_171,CCc1nc(-c2[nH]c3ccc(Cl)cc3c2S(=O)(=O)c2ccccc2)[nH]c1CC,default,7.254693348959113,success,-7.43,,success,0.5188911124132594,413.93,5.17,2,3,78.61,5,1,-8.26,success
mol_172,CC(C)(C)NC(=O)[C@@H]1CN(Cc2cccnc2)CCN1C[C@@H](O)C[C@@H](Cc1ccccc1)C(=O)N[C@H]1c2ccccc2C[C@H]1O.O,default,8.781063360841628,success,-3.85,,success,0.5267552800701357,631.82,2.04,4,7,149.53,11,1,-6.79,success
mol_173,CC(C)(C)NC(=O)[C@@H]1C[C@@H]2CCCC[C@@H]2CN1C[C@@H](O)[C@H](Cc1ccccc1)NC(=O)O[C@H]1CCOC1,default,6.696522745380956,success,-10.53,,success,0.5757102287817463,515.7,3.27,3,6,100.13,8,1,-8.33,success
mol_174,CC(C)(C)NC(=O)[C@@H]1C[C@@H]2CCCC[C@@H]2CN1C[C@@H](O)[C@H](Cc1ccccc1)NC(=O)O[C@H]1CCCOC1,default,6.621661320553208,success,-10.18,,success,0.5578051100461007,529.72,3.66,3,6,100.13,8,1,-8.15,success
mol_175,CC(C)[C@H](NC(=O)[C@H](Cc1ccccc1)C[C@H](O)[C@H](Cc1ccccc1)NC(=O)OC(C)(C)C)C(N)=O,default,7.343318106122143,success,-8.31,,success,0.5556098421768453,511.66,3.36,4,5,130.75,12,1,-7.47,success
mol_176,COc1ccc(O[C@@H]2C(CNC(C)=O)O[C@@H](OC)[C@H](O)C2OCc2ccccc2)cc1,default,5.331101937688177,success,-10.37,,success,0.4565918281406814,431.49,1.9,2,7,95.48,9,0,-9.05,success
mol_177,N#Cc1ccc(COCC(OCc2ccc(C#N)cc2)C(O)C(O)C(COCc2ccc(C#N)cc2)OCc2ccc(C#N)cc2)cc1,default,5.505437096021066,success,-0.76,,success,0.15078642466842218,642.71,4.8,2,10,172.54,17,1,-5.9,success
mol_178,CC(C)(C)NC(=O)[C@@H]1CCCN1CC(O)CNC(=O)[C@@H]1N[C@@H](C(NC(=O)Cc2ccccc2)C(=O)NCc2ccccc2)SC1(C)C,default,6.301420885007293,success,-3.97,,success,0.324118407083941,666.89,1.7,6,8,151.9,13,2,-6.36,success
mol_179,Cc1cc(SC2=C(O)OC(CCc3ccc(O)cc3)(C(C)C)CC2=O)c(C(C)(C)C)cc1NS(=O)(=O)N(C)C,default,8.289198112519085,success,-4.65,,success,0.512433176043257,576.78,6.05,3,7,116.17,9,2,-6.85,success
mol_180,COc1ccc(S(=O)(=O)N(CC(C)C)C[C@@H](O)[C@H](Cc2ccccc2)NC(=O)c2cc(N)ccc2C)cc1,default,7.870242782983252,success,-10.2,,success,0.662520231915271,539.7,3.63,3,6,121.96,12,1,-7.38,success
mol_181,CC(C)(C)NC(=O)[C@@H]1C[C@@H]2CCCC[C@@H]2CN1C[C@H](O)CNC(=O)[C@@H]1N[C@@H](C(NC(=O)Cc2ccccc2)C(=O)NCC2CCCCC2)SC1(C)C,default,7.00428750691582,success,-3.99,,success,0.38335729224298504,741.06,3.49,6,8,151.9,13,2,-6.17,success
mol_182,CCC(CC)NC(=O)C[C@@H](C(=O)NC[C@@H](O)[C@H](Cc1ccccc1)NC(=O)OCc1ccccc1)C(C)(C)C,default,7.319789998755404,success,-6.73,,success,0.5009824998962836,539.72,4.36,4,5,116.76,14,1,-7.16,success
mol_183,C[C@@H](NC(=O)[C@H](Cc1ccccc1)C[C@H](O)[C@H](Cc1ccccc1)NC(=O)OC(C)(C)C)c1ccccc1,default,6.849074815994295,success,-6.62,,success,0.4580895679995246,516.68,5.61,3,4,87.66,11,2,-7.04,success
mol_184,CCCC1(CCC)CC(=O)C(C(CC)c2cccc(NS(=O)(=O)c3cn(C)cn3)c2)=C(O)O1,default,5.82646504547835,success,-8.19,,success,0.4252054204565291,475.61,4.81,2,7,110.52,10,0,-8.03,success
mol_185,CC(C1=C(O)C(C)(C(=O)NC(C)(C)C)OC1=O)c1ccccc1,default,5.204625226307699,success,-11.19,,success,0.47338543552564155,317.38,2.83,2,4,75.63,3,0,-10.29,success
mol_186,Cc1cc(SC2=C(O)OC(CCc3ccccc3)(C(C)C)CC2=O)c(C(C)(C)C)cc1NS(=O)(=O)c1ccc(C#N)cc1,default,8.303232411005157,success,-3.32,,success,0.46926936758376303,618.82,7.8,2,7,116.49,9,2,-6.23,success
mol_187,COC(=O)N[C@H](C(=O)N[C@@H](Cc1ccccc1)C(O)CN(Cc1ccc(OC)c(OC)c1OC)NC(=O)[C@@H](NC(=O)OC)C(C)C)C(C)C,default,7.041191607046726,success,-3.48,,success,0.3694326339205605,689.81,2.4,5,11,186.02,18,2,-6.37,success
mol_188,CCCCCC1(c2ccccc2)CC(=O)C(SCc2ccccc2)=C(O)O1,default,6.428986411179465,success,-7.27,,success,0.4447488675982887,382.53,6.11,1,4,46.53,8,1,-8.63,success
mol_189,CC(C)CCN(C[C@@H](O)[C@H](Cc1ccccc1)NC(=O)OCc1ccccc1)S(=O)(=O)Cc1ccccc1,default,6.655588868270929,success,-8.27,,success,0.4969657390225774,538.71,4.76,2,5,95.94,14,1,-7.29,success
mol_190,CC(C)(C)NC(=O)[C@@H]1CN(Cc2cccnc2)CCN1C[C@@H](O)C[C@@H](Cc1ccccc1)C(=O)N[C@H]1c2ccccc2C[C@H]1O.O,default,8.781063360841628,success,-3.85,,success,0.5267552800701357,631.82,2.04,4,7,149.53,11,1,-6.79,success
mol_191,CC(C)(C)NC(=O)[C@@H]1C[C@@H]2CCCC[C@@H]2CN1C[C@@H](O)[C@H](Cc1ccccc1)NC(=O)[C@H](CC(N)=O)NC(=O)c1ccc2ccccc2n1,default,8.689282591529757,success,-3.72,,success,0.5147735492941464,670.86,3.09,5,7,166.75,12,1,-6.54,success
mol_192,O=C(Nc1cccc(C(c2c(O)oc3c(c2=O)CCCCCC3)C2CC2)c1)c1ccccc1,default,4.804791592542391,success,-8.5,,success,0.3503992993785326,443.54,5.8,2,4,79.54,5,1,-8.41,success
mol_193,O=C(NC(C(=O)NC(Cc1ccc(OCc2ccccc2)cc1)C(=O)C(F)(F)C(=O)NCc1ccccc1)C1CCCC1)OCc1ccccc1,default,7.191997579004574,success,-2.4,,success,0.3459997982503812,697.78,6.3,3,6,122.83,16,2,-5.38,success
mol_194,Cc1ccc(CSc2c(O)cc(-c3ccccc3)oc2=O)cc1,default,5.529047916554075,success,-9.14,,success,0.43208732637950625,324.4,4.61,1,4,50.44,4,0,-9.76,success
mol_195,CC(=O)N[C@H](CS(=O)(=O)c1cccc2cccnc12)C(=O)N[C@@H](Cc1ccccc1)[C@H](O)CN1C[C@H]2CCCC[C@H]2C[C@H]1C(=O)NC(C)(C)C,default,8.813871741722508,success,-3.85,,success,0.529489311810209,705.92,3.4,4,8,157.8,12,1,-6.47,success
mol_196,CC(C)(C)OC(=O)N[C@@H](Cc1ccccc1)[C@@H](O)C[C@@H](CCCc1ccccc1)C(=O)N[C@H]1c2ccccc2[C@@H](O)[C@H]1O,default,9.40215474175949,success,-4.13,,success,0.5878462284799575,588.75,4.78,5,6,128.12,12,1,-6.71,success
mol_197,O=C(/C=C(/CN1CCC(O)(c2ccc(Cl)cc2)CC1)SCCO)c1ccccc1,default,6.0130683383391395,success,-8.81,,success,0.46142236152826166,431.99,4.12,2,5,60.77,8,0,-8.92,success
mol_198,CCC(C)[C@@H](NC(=O)C(NC(=O)CCCCCCCCCCCCCCC(=O)N[C@H](CC(=O)N[C@@H](Cc1ccccc1)C(=O)O)C(N)=O)c1ccccc1)C(=O)N[C@@H](Cc1ccccc1)C(N)=O,default,5.958939728641508,success,0.45,,success,0.16324497738679233,940.2,5.22,8,8,268.98,34,3,-5.36,success
mol_199,O=C(NNC(=O)c1ccccc1S)c1ccccc1S,default,4.593481269756977,success,-10.38,,success,0.39545677247974814,304.4,2.34,4,4,58.2,2,0,-10.22,success
mol_200,CC1(C)S[C@H]([C@H](NC(=O)Cc2ccccc2)C(=O)NCc2ccccc2)N[C@H]1C(=O)NCCCNC(=O)[C@@H]1N[C@@H]([C@H](NC(=O)Cc2ccccc2)C(=O)NCc2ccccc2)SC1(C)C,default,6.5756268231435255,success,-1.72,,success,0.2719689019286271,921.2,3.32,8,10,198.66,20,2,-5.8,success
mol_201,CC(C)CN([C@H](CO)CCCCNC(=O)[C@@H](NC(=O)C1CCCCC1)C(c1ccccc1)c1ccccc1)S(=O)(=O)c1ccc(N)cc1,default,8.869565929510754,success,-1.48,,success,0.4551304941258962,676.92,5.46,4,6,141.83,17,2,-5.72,success
mol_202,CC(C)(C)NC(=O)[C@@H]1CN(Cc2cc3ccccc3o2)CCN1C[C@@H](O)C[C@@H](Cc1ccccc1)C(=O)NC1c2ccccc2C[C@H]1O,default,9.30975039512335,success,-2.09,,success,0.5121458662602792,652.84,4.22,4,7,118.28,11,1,-6.36,success
mol_203,O=C(O)c1cccc(CSc2c(O)cc(-c3ccccc3)oc2=O)c1,default,5.494505495688782,success,-10.53,,success,0.4755421246407318,354.38,4.0,2,5,87.74,5,0,-9.52,success
mol_204,Cc1cc(SC2=C(O)OC(CCc3csc(C(C)C)n3)(C(C)C)CC2=O)c(C(C)(C)C)cc1CO,default,8.707677948170165,success,-6.55,,success,0.6106398290141803,517.76,7.2,2,7,79.65,8,2,-7.11,success
mol_205,CC(=O)N[C@H](C(=O)N[C@H](C(=O)N[C@@H](Cc1ccccc1)C(O)[C@H](Cc1ccccc1)NC(=O)[C@H](NC(=O)[C@H](NC(C)=O)C(C)C)C(C)C)C(C)C)C(C)C,default,7.801082823442525,success,-4.2,,success,0.45675690195354374,750.98,2.41,7,7,194.83,20,2,-6.31,success
mol_206,CC(C)(C)NC(=O)[C@@H]1C[C@@H]2CCCC[C@@H]2CN1CC(O)CN1C[C@H]2CCCC[C@H]2C[C@H]1C(=O)NC(C)(C)C,default,5.721310103619463,success,-9.59,,success,0.4631091753016219,532.81,3.94,3,5,84.91,6,1,-8.15,success
mol_207,C=CC[C@H](C[C@H](O)[C@H](Cc1ccccc1)NC(=O)OC(C)(C)C)C(=O)NC1c2ccccc2C[C@@H]1O,default,7.748595148651383,success,-8.95,,success,0.6107162623876152,494.63,3.84,4,5,107.89,10,0,-8.02,success
mol_208,CC(C)(C)c1c(SC2=C(O)OC(CCc3ccccc3)(c3ccccc3)CC2=O)sc2ccccc12,default,7.47937203293295,success,-6.85,,success,0.5182810027444125,514.71,8.54,1,5,46.53,6,2,-7.03,success
mol_209,O=C1NNC(=O)c2ccccc2SSc2ccccc2C(=O)NNC(=O)c2ccccc2SSc2ccccc21,default,5.2998276229135515,success,-1.59,,success,0.1613189685761293,604.76,5.75,4,8,116.4,0,2,-7.16,success
mol_210,CCC(C)[C@@H](NC(=O)[C@@H](NC(=O)CCCCCCCCCCCCCCC(=O)N[C@H](CC(=O)N[C@@H](Cc1ccccc1)C(=O)O)C(N)=O)C(C)O)C(=O)N[C@@H](Cc1ccccc1)C(N)=O,default,5.664646560811228,success,-3.14,,success,0.24338721340093566,908.15,3.23,9,9,289.21,34,2,-6.09,success
mol_211,COc1cc(/C=C/C(=O)N[C@@H](Cc2ccccc2)[C@H](O)CN(CC(C)C)S(=O)(=O)c2ccc(N)cc2)cc(OC)c1O,default,7.4628086364069,success,-5.67,,success,0.4775673863672417,597.73,3.44,4,8,151.42,14,1,-6.75,success
mol_212,CC(C)CN(C[C@@H](O)[C@H](Cc1ccccc1)NC(=O)c1cc2cc(O)ccc2[nH]1)S(=O)(=O)c1ccc(N)cc1,default,6.8487283224976965,success,-4.62,,success,0.39139402687480807,550.68,3.5,5,6,148.75,11,1,-6.57,success
mol_213,CC(C)(C)NC(=O)[C@@H]1CN(Cc2ccccc2S)CCN1C[C@@H](O)C[C@@H](Cc1ccccc1)C(=O)NC1c2ccccc2C[C@H]1O,default,8.386915240190916,success,-4.56,,success,0.5175762700159097,644.88,3.76,5,7,105.14,11,1,-6.94,success
mol_214,Cc1cc(SC2=C(O)OC(CCc3ccc(O)cc3)(C(C)C)CC2=O)c(C(C)(C)C)cc1NS(=O)(=O)c1ccc(C(F)(F)F)cc1,default,8.293227425837392,success,-2.9,,success,0.45443561881978267,677.81,8.65,3,7,112.93,9,2,-5.97,success
mol_215,NC1C(OCc2ccccc2)OC(COC(=O)Nc2ccccc2)C(OCc2ccccc2)C1N,default,5.9145028628519905,success,-9.82,,success,0.48687523857099924,477.56,3.42,3,7,118.06,9,0,-8.31,success
mol_216,CCCC1(CCc2ccccc2)OC(=O)C(C(CC)c2cccc(NS(=O)(=O)c3ccc(C#N)cc3)c2)=C(O)O1,default,7.155597349345605,success,-4.18,,success,0.40229977911213377,560.67,6.32,2,7,125.72,11,2,-6.34,success
mol_217,N#Cc1ccc(S(=O)(=O)Nc2cccc(C(c3c(O)oc(C(CC4CC4)CC4CC4)cc3=O)C3CC3)c2)cc1,default,5.997081164244885,success,-6.7,,success,0.38975676368707374,544.67,6.24,2,6,120.4,11,2,-6.54,success
mol_218,CC(C)[C@H](NC(=O)OCc1ccccc1)C(=O)N[C@@H](Cc1ccccc1)[C@@H](O)[C@H](O)[C@H](Cc1ccccc1)NC(=O)[C@H](NC(=O)OCc1ccccc1)C(C)C,default,8.858248744645142,success,-0.27,,success,0.4138540620537618,766.94,5.07,6,8,175.32,19,3,-5.11,success
mol_219,CCC(Cc1ccccc1)c1cc(O)c(C(c2cccc(NS(=O)(=O)c3cn(C)cn3)c2)C2CC2)c(=O)o1,default,6.036041940139284,success,-6.93,,success,0.40067016167827363,533.65,5.16,2,7,114.43,10,2,-6.77,success
mol_220,CC(C)(C)NC(=O)[C@@H]1CCCN1C(=O)[C@@H](O)[C@H](Cc1ccccc1)NC(=O)[C@H](CC(N)=O)NC(=O)COc1cccc2ccccc12,default,8.420044036311864,success,-3.76,,success,0.493670336359322,645.76,1.57,5,7,180.16,13,1,-6.6,success
mol_221,CC1(C)S[C@H]([C@H](NC(=O)Cc2ccccc2)C(=O)NCc2ccccc2)N[C@H]1C(=O)N[C@H](Cc1ccccc1)[C@H](O)CC(=O)NCCc1ncc[nH]1,default,7.201416954143936,success,-3.42,,success,0.38078474617866137,725.92,2.4,7,8,177.34,17,2,-5.97,success
mol_222,CC(C)(C)OC(=O)N[C@@H](Cc1ccccc1)[C@@H](O)C[C@@H](Cc1cccc(O)c1)C(=O)N[C@H]1c2ccccc2C[C@H]1O,default,9.321090985778708,success,-4.4,,success,0.590090915481559,560.69,4.21,5,6,128.12,10,1,-7.24,success
mol_223,Cc1nc(C)c(C(=O)N[C@H](C(=O)N[C@@H](Cc2ccccc2)C[C@H](O)[C@H](Cc2ccccc2)NC(=O)[C@@H](NC(=O)c2sc(C)nc2C)C(C)C)C(C)C)s1,default,8.024208163160672,success,0.67,,success,0.3353506802633894,761.03,5.25,5,9,162.41,17,2,-5.29,success
mol_224,CC(C)c1ccccc1SC1=C(O)OC(CCCCC(=O)N2CCOCC2)(c2ccccc2)CC1=O,default,6.642576881896178,success,-6.8,,success,0.4468814068246815,509.67,5.93,1,6,76.07,9,2,-7.44,success
mol_225,CC(C)CN(CC(O)[C@H](Cc1ccccc1)NC(=O)[C@H](CC(N)=O)NC(=O)c1ccc2ccccc2n1)C(=O)NC(C)(C)C,default,8.074609667179352,success,-3.59,,success,0.459217472264946,604.75,2.76,5,6,166.75,13,1,-6.91,success
mol_226,CC(C)(C)NC(=O)[C@@H]1CN(Cc2cnc3ccoc3c2)CCN1C[C@@H](O)C[C@@H](Cc1ccccc1)C(=O)NC1c2ccccc2C[C@H]1O,default,8.6508272528722,success,-2.9,,success,0.4842356044060166,653.82,3.61,4,8,131.17,11,1,-6.46,success
mol_227,CC(C)[C@H](NC(=O)N(C)Cc1ccccn1)C(=O)N[C@@H](Cc1ccccc1)[C@H](O)[C@@H](O)[C@H](Cc1ccccc1)NC(=O)[C@H](NC(=O)N(C)Cc1cscn1)C(C)C,default,8.741677370436722,success,-1.89,,success,0.45813978086972684,801.03,3.75,6,9,189.12,19,2,-5.66,success
mol_228,COc1cc(C(=O)N[C@@H](Cc2ccccc2)[C@H](O)CN(CC(C)C)S(=O)(=O)c2ccc(F)cc2)cc(OC)c1O,default,8.037481167556022,success,-7.47,,success,0.5854567639630018,574.67,3.6,3,7,125.4,13,1,-7.23,success
mol_229,CC(C)(C)OC(=O)NCC(=O)Nc1cccc(C(c2c(O)c3c(oc2=O)CCCCCC3)C2CC2)c1,default,4.939473495085966,success,-7.67,,success,0.3339561245904971,496.6,5.01,3,6,117.87,6,1,-8.02,success
mol_230,CC(C)CN(C[C@H](O)[C@H](Cc1ccccc1)NC(=O)[C@H](CC(N)=O)NC(=O)c1ccc2ccccc2n1)C(=O)NC(C)(C)C,default,8.074609667179352,success,-4.18,,success,0.47888413893161275,604.75,2.76,5,6,166.75,13,1,-6.91,success
mol_231,CC(C)CN(C[C@@H](O)[C@H](Cc1ccccc1)NC(=O)[C@@H]1COCCN1)S(=O)(=O)c1ccc(S(C)(=O)=O)cc1,default,7.279168431332653,success,-4.18,,success,0.41259736927772106,567.73,0.81,3,8,142.11,12,1,-6.84,success
mol_232,O=C(N[C@@H](Cc1ccccc1)[C@H](O)CN(OC1CCCCC1)S(=O)(=O)c1ccc(O)cc1)O[C@H]1CO[C@H]2OCC[C@H]21,default,7.365332702968286,success,-5.56,,success,0.46577772524735717,590.7,3.11,3,9,143.86,11,1,-6.98,success
mol_233,Cc1noc(C)c1CNC(=O)[C@H]1N(C(=O)[C@@H](O)C[C@@H](Cc2ccccc2)C(=O)N[C@H]2c3ccccc3OC[C@H]2O)CSC1(C)C,default,9.278184321227041,success,-2.84,,success,0.5345153601022534,636.77,2.81,4,9,154.23,10,1,-7.03,success
mol_234,O=c1oc2ccccc2c(O)c1CCCCc1ccccc1,default,4.849630429949586,success,-8.98,,success,0.3701358691624655,294.35,4.06,1,3,50.44,5,0,-9.49,success
mol_235,CC(C)(C)OC(=O)N[C@@H](Cc1ccccc1)[C@@H](O)/C=C(/Cc1ccccc1)C(=O)N[C@H]1c2ccccc2C[C@H]1O,default,7.764525578075088,success,-6.77,,success,0.5393771315062573,542.68,4.43,4,5,107.89,9,1,-7.52,success
mol_236,CC(C)(C)OC(=O)N[C@@H](Cc1ccccc1)[C@@H](O)C[C@@H](Cc1ccccc1)C(=O)N[C@@H]1C=CC[C@H]1O,default,7.585599648660993,success,-9.38,,success,0.6114666373884161,494.63,3.54,4,5,107.89,10,0,-8.16,success
mol_237,CC1(C)CC2(CC(C)(C)c3cc([N+](=O)[O-])c(O)c([N+](=O)[O-])c32)c2cc(O)c([N+](=O)[O-])cc21,default,4.62635995853723,success,-7.96,,success,0.31752999654476916,443.41,4.47,2,8,169.88,3,0,-8.5,success
mol_238,Cn1nc(C(F)(F)F)cc1-c1ccc(CN2CCN(C[C@@H](O)C[C@@H](Cc3ccccc3)C(=O)N[C@H]3c4ccccc4C[C@H]3O)[C@H](C(=O)NC(C)(C)C)C2)s1,default,9.32796189039044,success,-0.91,,success,0.4743301575325367,766.93,4.95,4,9,122.96,12,1,-5.98,success
mol_239,CC(C)CCCC(C)C1CCC2C3CC=C4CC(OC(=O)Nc5cc(S(=O)(=O)O)cc6cc(S(=O)(=O)O)cc(O)c56)CC[C@]4(C)C3CC[C@]12C,default,5.704944286359925,success,0.47,,success,0.14207869052999378,731.97,9.0,4,7,167.3,9,2,-5.46,success
mol_240,CC(=O)N[C@@H](Cc1c[nH]c2ccccc12)C(=O)N[C@H](C(=O)N[C@@H](Cc1ccccc1)[C@@H](O)C(=O)N[C@H]1Cc2ccc(cc2)OCCCNC(=O)[C@H](C(C)C)NC1=O)C(C)C,default,7.532012579796398,success,-2.72,,success,0.38500104831636656,823.99,2.21,8,8,219.85,14,2,-5.91,success
mol_241,CC(C)CCN(CC(O)[C@H](Cc1ccccc1)NC(=O)[C@H](CC(N)=O)NC(=O)c1ccc2ccccc2n1)C(=O)NC(C)(C)C,default,8.238152676361272,success,-3.71,,success,0.47684605636343935,618.78,3.15,5,6,166.75,14,1,-6.75,success
mol_242,CC(C)[C@H](NC(=O)OCc1ccccc1)C(=O)N[C@@H](Cc1ccccc1)[C@H](O)[C@H](O)[C@H](Cc1ccccc1)NC(=O)[C@H](NC(=O)OCc1ccccc1)C(C)C,default,8.858248744645142,success,0.08,,success,0.4048540620537618,766.94,5.07,6,8,175.32,19,3,-5.11,success
mol_243,Cn1cnc(S(=O)(=O)Nc2cccc(C(c3c(O)cc(C(CC4CC4)CC4CC4)oc3=O)C3CC3)c2)c1,default,5.734580236843996,success,-6.77,,success,0.37021501973699966,523.66,5.11,2,7,114.43,11,2,-6.94,success
mol_244,CC(C)c1ccccc1Sc1c(O)cc(-c2ccccc2)oc1=O,default,6.879928807502217,success,-8.01,,success,0.5069940672918514,338.43,5.29,1,4,50.44,4,1,-9.39,success
mol_245,Cn1nnnc1SC[C@H](NS(C)(=O)=O)C(=O)N[C@@H](Cc1ccccc1)[C@H](O)Cc1ccccc1C(=O)NC(C)(C)C,default,7.598542397344467,success,-3.19,,success,0.4062118664453722,603.77,1.08,4,10,168.2,13,1,-6.64,success
mol_246,CC(C)(C)NC(=O)C(Cc1ccccc1)NCC(O)[C@H](Cc1ccccc1)NC(=O)OC(C)(C)C,default,6.049429595044898,success,-9.5,,success,0.4874524662537415,483.65,3.6,4,5,99.69,10,0,-8.28,success
mol_247,CC(C)(C)N(C[C@@H](O)[C@H](Cc1ccccc1)NC(=O)[C@H](CC(N)=O)NC(=O)OCc1ccccc1)C(=O)NCc1ccccc1,default,7.431013331059929,success,-4.46,,success,0.4345844442549941,617.75,3.26,5,6,163.09,14,1,-6.75,success
mol_248,CN(Cc1ccccc1)C(=O)[C@@H](NC(=O)Cc1ccccc1)[C@@H]1N[C@@H](C(=O)NCCNC(=O)[C@@H]2N[C@@H]([C@H](NC(=O)Cc3ccccc3)C(=O)N(C)Cc3ccccc3)SC2(C)C)C(C)(C)S1,default,7.57698129226013,success,-1.82,,success,0.35874844102167747,935.23,3.61,6,10,181.08,19,2,-5.69,success
mol_249,CCNS(=O)(=O)Oc1cc(C(C)(C)C)c(SC2=C(O)OC(CCc3ccc(O)cc3)(c3ccccc3)CC2=O)cc1C,default,8.081438227172201,success,-2.72,,success,0.43078651893101677,611.78,6.57,3,8,122.16,10,2,-6.32,success
mol_250,CC(C)(C)NC(=O)[C@@H]1CN(Cc2cc3ccccc3o2)CCN1C[C@@H](O)C[C@@H](Cc1ccccc1)C(=O)NC1c2ccccc2C[C@H]1O,default,9.30975039512335,success,-2.09,,success,0.5121458662602792,652.84,4.22,4,7,118.28,11,1,-6.36,success
mol_251,CCCC1(CCc2ccccc2)CC(=O)C(C(c2cccc(NS(=O)(=O)c3cn(C)cn3)c2)C2CC2)=C(O)O1,default,6.350336957644141,success,-6.51,,success,0.41286141313701175,549.69,5.65,2,7,110.52,11,2,-6.76,success
mol_252,C=C(C)[C@@H]1CC[C@]2(C(=O)O)CC[C@]3(C)[C@H](CC[C@@H]4[C@@]5(C)CC[C@H](O)C(C)(C)[C@@H]5CC[C@]43C)[C@@H]12,default,4.916351518826562,success,-6.41,,success,0.2900292932355468,456.71,7.09,2,2,57.53,2,1,-8.17,success
mol_253,O=C(N[C@@H](Cc1ccccc1)[C@@H](O)C[C@@H](Cc1ccccc1)C(=O)N[C@H]1c2ccccc2C[C@H]1O)OC1CCOC1,default,9.775722681985776,success,-6.76,,success,0.7066435568321481,558.68,3.5,4,6,117.12,11,1,-7.32,success
mol_254,O=C(O)CCC1(c2ccccc2)CC(=O)C(SCCc2ccccc2)=C(O)O1,default,6.2075891172816355,success,-8.24,,success,0.4586324264401363,398.48,4.44,2,5,83.83,8,0,-9.01,success
mol_255,CC(C)(C)NC(=O)[C@@H]1C[C@@H]2CCCC[C@@H]2CN1C[C@@H](O)[C@H](Cc1ccccc1)NC(=O)[C@@H](NC(=O)c1ccc2ccccc2n1)[C@@H]1CCSC1,default,8.269480276483202,success,-2.5,,success,0.43912335637360017,699.96,4.97,4,7,123.66,11,1,-6.34,success
mol_256,CC(C)[C@H](NC(=O)/C=C/c1cccnc1)C(=O)N[C@@H](Cc1ccccc1)C(O)[C@H](Cc1ccccc1)NC(=O)[C@H](NC(=O)/C=C/c1cccnc1)C(C)C,default,8.006632203301157,success,-0.57,,success,0.3528860169417631,730.91,4.3,5,7,162.41,18,1,-5.72,success
mol_257,CCC[C@@]1(CCc2ccccc2)CC(=O)C([C@H](CC)c2cccc(NS(=O)(=O)c3cn(C)cn3)c2)=C(O)O1,default,6.242087568603572,success,-7.08,,success,0.4228406307169643,537.68,5.65,2,7,110.52,11,2,-6.76,success
mol_258,CC(C)(C)OC(=O)N[C@@H](Cc1ccccc1)C[C@H](O)[C@H](Cc1ccccc1)NC(=O)c1c(Cl)ccc(N)c1Cl,default,7.709915744577373,success,-3.97,,success,0.4414929787147811,572.53,5.8,4,5,113.68,10,2,-6.64,success
mol_259,CN(C(=O)OC(C)(C)C)C1=C(O)C(CCc2ccccc2)(C(=O)NC(C)(C)C)OC1=O,default,5.329149818291928,success,-10.8,,success,0.4707624848576607,432.52,3.47,2,6,105.17,5,0,-9.35,success
mol_260,CC(C)(C)NC(=O)[C@@H]1C[C@@H]2CCCC[C@@H]2CN1C[C@@H](O)[C@H](Cc1ccccc1)NC(=O)OCc1ccccc1,default,6.878229892346521,success,-8.43,,success,0.5208524910288768,535.73,4.68,3,5,90.9,9,1,-7.8,success
mol_261,CC(C)(C)NC(=O)[C@@H]1C[C@@H]2CCCC[C@@H]2CN1C[C@@H](O)[C@H](Cc1ccccc1)NC(=O)[C@H](CC(N)=O)NC(=O)c1ccc2ccccc2n1,default,8.689282591529757,success,-3.72,,success,0.5147735492941464,670.86,3.09,5,7,166.75,12,1,-6.54,success
mol_262,O[C@@H](C[C@@H](COCc1ccccc1)OCc1ccccc1)[C@@H](COCc1ccccc1)OCc1ccccc1,default,5.780685390483344,success,-6.09,,success,0.35139044920694534,526.67,6.34,1,5,57.15,17,2,-6.56,success
mol_263,CC(C)(C)NC(=O)[C@@H]1CN(CCCc2ccccc2)CCN1C[C@@H](O)[C@H](Cc1ccccc1)NC(=O)O[C@H]1CCOC1,default,6.7856570649635435,success,-7.51,,success,0.4824714220802953,580.77,3.01,3,7,103.37,12,1,-7.6,success
mol_264,CC(C)C[C@H](NC(=O)[C@H](Cc1ccccc1)C[C@H](O)[C@H](Cc1ccccc1)NC(=O)OC(C)(C)C)C(=O)N[C@@H](Cc1ccccc1)C(N)=O,default,8.738856237232957,success,-2.04,,success,0.46290468643607974,672.87,4.48,5,6,159.85,17,1,-6.15,success
mol_265,Cc1nc(C)c(C(=O)N[C@H](C(=O)N[C@@H](Cc2ccccc2)[C@@H](O)[C@H](O)[C@H](Cc2ccccc2)NC(=O)[C@@H](NC(=O)c2sc(C)nc2C)C(C)C)C(C)C)s1,default,8.136980899368675,success,-0.36,,success,0.3567484082807229,777.03,4.22,6,10,182.64,17,2,-5.6,success
mol_266,CCNC(=O)[C@@H](NC(=O)c1ccccc1Oc1ccccc1)[C@@H]1N[C@@H](C(=O)NCCNC(=O)[C@@H]2N[C@@H]([C@H](NC(=O)c3ccccc3Oc3ccccc3)C(=O)NCC)SC2(C)C)C(C)(C)S1,default,7.400681901043526,success,0.13,,success,0.2833901584202938,939.17,4.29,8,12,217.12,19,3,-5.33,success
mol_267,NC(=O)c1[nH]c2ccc(Cl)cc2c1[S+]([O-])c1ccccc1,default,6.514507705890758,success,-10.62,,success,0.5635423088242298,318.78,3.09,2,2,81.94,3,0,-9.98,success
mol_268,CC(C)[C@H](NC(=O)CCc1cccnc1)C(=O)N[C@@H](Cc1ccccc1)[C@@H](O)[C@@H](O)[C@H](Cc1ccccc1)NC(=O)[C@H](NC(=O)CCc1cccnc1)C(C)C,default,8.121561121049341,success,-3.13,,success,0.44779676008744507,764.97,3.5,6,8,182.64,21,2,-5.69,success
mol_269,CC1=C(CCC(=O)O)c2cc3[nH]c(cc4[nH]c(cc5nc(cc1n2)C(C)=C5C(COC(=O)C1=CC1)OC(=O)C1=CC1)c(C)c4C(COC(=O)C1=CC1)OC(=O)C1=CC1)c(C)c3CCC(=O)O,default,5.239629222120826,success,0.43,,success,0.10330243517673547,894.93,7.58,4,12,237.16,18,3,-4.86,success
mol_270,CC(C)[C@H](NC(=O)[C@H](Cc1ccccc1)C[C@H](O)[C@H](Cc1ccccc1)NC(=O)OC(C)(C)C)C(=O)NCc1ccccc1,default,8.441794296759495,success,-1.56,,success,0.4221495247299579,601.79,5.19,4,5,116.76,14,2,-6.45,success
mol_271,CC(C)(C)OC(=O)[C@@H]1CCCN1C[C@H](O)[C@H](Cc1ccccc1)NC(=O)[C@H](CC(N)=O)NC(=O)OCc1ccccc1,default,6.845458023802706,success,-5.48,,success,0.4197881686502255,582.7,2.05,4,8,160.29,13,1,-7.03,success
mol_272,COC(=O)N[C@H](C(=O)N[C@@H](Cc1ccccc1)C(O)CN(Cc1ccc(OC)cc1)NC(=O)[C@@H](NC(=O)OC)C(C)C)C(C)C,default,7.139970968884832,success,-3.46,,success,0.3769975807404027,629.76,2.38,5,9,167.56,16,1,-6.78,success
mol_273,COc1ccc2c(CC(=O)N[C@@H](Cc3ccccc3)[C@H](O)CN(CC(C)C)S(=O)(=O)c3ccc(N)cc3)cc(=O)oc2c1,default,7.5649179722765085,success,-4.83,,success,0.45807649768970904,607.73,3.36,3,8,152.17,13,1,-6.37,success
mol_274,O=C(N[C@@H](Cc1ccccc1)[C@H](O)CN(C1CC1)S(=O)(=O)c1ccc(C(F)(F)F)cc1)N1CCOCC1,default,6.512198949019137,success,-10.94,,success,0.5740165790849281,541.59,2.87,2,5,99.18,9,1,-8.24,success
mol_275,CC(C)(C)NC(=O)[C@@H]1C[C@@H]2CCCC[C@@H]2CN1CC(O)[C@H](Cc1ccccc1)NC(=O)OC(C)(C)C,default,6.166968274009548,success,-8.77,,success,0.472914022834129,501.71,4.28,3,5,90.9,7,1,-8.42,success
mol_276,C=CCN(CC(=O)N[C@H](C(=O)N[C@H](C(=O)OC)C(C)C)[C@@H](C)CC)C(=O)[C@H](Cc1ccccc1)NC(=O)[C@H](C)N,default,6.809284565202795,success,-3.18,,success,0.3401070471002329,559.71,0.92,4,7,159.93,16,1,-6.69,success
mol_277,C[C@@H](O)CN(C[C@@H](O)[C@H](Cc1ccccc1)NC(=O)c1ccc(O)c(O)c1)S(=O)(=O)c1ccc([N+](=O)[O-])cc1,default,8.201395446817768,success,-4.33,,success,0.49444962056814734,559.6,1.78,5,9,190.54,12,1,-6.9,success
mol_278,CCNC(=O)[C@@H](NC(=O)Cc1ccccc1)[C@@H]1N[C@@H](C(=O)NCCNC(=O)[C@@H]2NCSC2(C)C)C(C)(C)S1,default,6.66824563569168,success,-3.6,,success,0.34235380297430673,564.78,0.33,6,8,140.46,11,2,-6.39,success
mol_279,C[C@@H](NC(=O)[C@H](Cc1ccccc1)C[C@H](O)[C@H](Cc1ccccc1)NC(=O)OC(C)(C)C)c1ccccc1,default,6.849074815994295,success,-6.62,,success,0.4580895679995246,516.68,5.61,3,4,87.66,11,2,-7.04,success
mol_280,CC(C)(C)NC(=O)[C@@H]1CCCC[C@H]1C[C@@H](O)[C@H](Cc1ccccc1)NC(=O)[C@H](CC(N)=O)NC(=O)OCc1ccccc1,default,7.283070553348199,success,-5.05,,success,0.4419225461123499,594.75,3.36,5,6,159.85,13,1,-6.82,success
mol_281,CC(C)(C)NC(=O)[C@@H]1C[C@@H]2CCCC[C@@H]2CN1C[C@@H](O)[C@H](Cc1ccccc1)NC(=O)[C@H](CC(N)=O)NC(=O)c1ccc2ccccc2n1,default,8.689282591529757,success,-3.72,,success,0.5147735492941464,670.86,3.09,5,7,166.75,12,1,-6.54,success
mol_282,CC1(C)S[C@H]([C@H](NC(=O)Cc2ccccc2)C(=O)NCC(F)(F)F)NC1C(=O)NCCNC(=O)[C@@H]1N[C@@H]([C@H](NC(=O)Cc2ccccc2)C(=O)NCC(F)(F)F)SC1(C)C,default,7.91100847397015,success,-2.5,,success,0.40925070616417913,890.97,1.65,8,10,198.66,17,2,-6.07,success
mol_283,CC(C)[C@H](NC(=O)N(C)CCc1ccccn1)C(=O)N[C@@H](Cc1ccccc1)[C@@H](O)[C@@H](O)[C@H](Cc1ccccc1)NC(=O)[C@H](NC(=O)N(C)CCc1ccccn1)C(C)C,default,8.308950344294523,success,-3.23,,success,0.4667458620245436,823.05,3.77,6,8,189.12,21,2,-5.65,success
mol_284,CC(C)[C@H](NC(=O)COc1cccc2ccccc12)C(=O)N[C@@H](Cc1ccccc1)[C@H](O)C(=O)N1CCC[C@H]1C(=O)NC(C)(C)C,default,8.232001381429972,success,-4.36,,success,0.4980001151191644,630.79,3.35,4,6,137.07,12,1,-6.96,success
mol_285,CCNC(=O)[C@@H](NC(=O)Cc1ccccc1)[C@@H]1N[C@@H](C(=O)NCCNC(=O)[C@@H]2N[C@@H]([C@H](NC(=O)Cc3ccccc3)C(=O)NCC)SC2(C)C)C(C)(C)S1.O,default,7.21593307488282,success,-1.16,,success,0.3066610895735683,801.05,-0.26,8,10,230.16,17,2,-5.65,success
mol_286,CC(C)CN(C[C@@H](O)[C@H](Cc1ccccc1)NC(=O)O[C@H]1CCOC1)S(=O)(=O)c1ccc(N)cc1,default,6.858621792839183,success,-8.8,,success,0.531551816069932,505.64,2.4,3,7,131.19,11,1,-7.81,success
mol_287,CC(C)(C)OC(=O)N[C@@H](Cc1ccccc1)[C@H](O)CNC[C@@H](O)[C@H](Cc1ccccc1)NC(=O)C(O)C(F)(F)F,default,6.132499763719781,success,-5.92,,success,0.37504164697664844,569.62,2.08,6,7,140.15,13,2,-6.81,success
mol_288,O=C(N[C@@H](Cc1ccccc1)[C@@H](O)C[C@@H](Cc1ccccc1)C(=O)N[C@H]1c2ccccc2C[C@H]1O)O[C@H]1CCOC1,default,9.775722681985776,success,-6.44,,success,0.6959768901654814,558.68,3.5,4,6,117.12,11,1,-7.32,success
mol_289,CC(C)(C)OC(=O)N[C@@H](Cc1ccccc1)[C@@H](O)CNC[C@H](O)[C@H](Cc1ccccc1)NC(=O)OC(C)(C)C,default,6.23089805670563,success,-8.84,,success,0.4805748380588025,543.71,3.57,5,7,129.15,12,1,-7.29,success
mol_290,Cc1ccc(COCC(OCc2ccc(C)cc2)C(O)C(O)C(COCc2ccc(C)cc2)OCc2ccc(C)cc2)cc1,default,5.511091690226682,success,-3.9,,success,0.25592430751889017,598.78,6.55,2,6,77.38,17,2,-6.07,success
mol_291,CC(C)(C)NC(=O)[C@@H]1CN(C(C)(C)c2cc3cnccc3o2)CCN1C[C@@H](O)C[C@@H](Cc1ccccc1)C(=O)N[C@H]1c2ccccc2OC[C@H]1O,default,9.520869827077776,success,-0.25,,success,0.46840581892314803,697.88,4.18,4,9,140.4,11,1,-5.84,success
mol_292,CC(C)[C@H](NC(=O)OCC1CCCCN1C)C(=O)N[C@@H](Cc1ccccc1)[C@@H](O)[C@H](Cc1ccccc1)NC(=O)[C@H](NC(=O)OCc1ccccc1)C(C)C,default,7.7648603214989835,success,-1.74,,success,0.3717383601249153,757.97,4.99,5,8,158.33,18,1,-5.93,success
mol_293,Cc1cc(SC2=C(O)OC(CCc3ccc(N)cc3)(C(C)C)CC2=O)c(C(C)(C)C)cc1OS(=O)(=O)c1cccs1,default,8.084420848927227,success,-1.94,,success,0.4050350707439356,615.84,7.54,2,9,115.92,9,2,-6.21,success
mol_294,CC(C)[C@@H]1[C@H](OC(=O)N[C@@H](Cc2ccccc2)[C@H](O)CN2C[C@H]3CCCC[C@H]3C[C@H]2C(=O)NC(C)(C)C)CCS1(=O)=O,default,8.14778026560172,success,-5.65,,success,0.5339816888001433,605.84,3.69,3,7,125.04,9,1,-7.46,success
mol_295,CC(C)CN(C[C@@H](O)[C@H](Cc1ccccc1)NC(=O)O[C@H]1CCOC1)S(=O)(=O)c1ccc(N)cc1,default,6.858621792839183,success,-8.8,,success,0.531551816069932,505.64,2.4,3,7,131.19,11,1,-7.81,success
mol_296,CC(C)(C)NC(=O)[C@@H]1CN(Cc2noc3ccccc23)CCN1C[C@@H](O)C[C@@H](Cc1ccccc1)C(=O)NC1c2ccccc2C[C@H]1O,default,7.796734222273877,success,-3.34,,success,0.42772785185615647,653.82,3.61,4,8,131.17,11,1,-6.46,success
mol_297,CC(C)[C@@H]1[C@H](OC(=O)N[C@@H](Cc2ccccc2)[C@H](O)CN2CCN(Cc3cc4sccc4s3)C[C@H]2C(=O)NC(C)(C)C)CCS1(=O)=O,default,8.964378722856253,success,-2.82,,success,0.5076982269046878,704.98,4.27,3,10,128.28,11,1,-6.57,success
mol_298,Cc1cc2oc(CN3CCN(C[C@@H](O)C[C@@H](Cc4ccccc4)C(=O)NC4c5ccccc5C[C@H]4O)[C@H](C(=O)NC(C)(C)C)C3)cc2cn1,default,8.904765295947938,success,-2.59,,success,0.4950637746623281,667.85,3.92,4,8,131.17,11,1,-6.29,success
mol_299,CC(C)[C@H]1[C@@H](OC(=O)N[C@@H](Cc2ccccc2)[C@H](O)CN2C[C@H]3CCCC[C@H]3C[C@H]2C(=O)NC(C)(C)C)CCS1(=O)=O,default,8.14778026560172,success,-5.64,,success,0.5336483554668099,605.84,3.69,3,7,125.04,9,1,-7.46,success
mol_300,CCC(C1=C(O)OC(Cc2ccccc2)(Cc2ccccc2)CC1=O)c1ccccc1,default,5.502092828857585,success,-7.46,,success,0.37384106907146547,412.53,6.16,1,3,46.53,7,1,-8.4,success
mol_301,O=C1NC(Cc2ccccc2)P(=O)(O)C(Cc2ccccc2)N1,default,4.925873315406027,success,-10.83,,success,0.4381561096171689,330.32,2.71,3,2,78.43,4,0,-10.2,success
mol_302,CC[C@@H](C)[C@H](NC(=O)[C@@H](NC(=O)[C@H](CC(C)C)NC(=O)[C@@H](N)Cc1c[nH]c2ccccc12)[C@H](C)O)C(=O)NCCc1cccc2c1oc1c(CCC(=O)N[C@H](C(=O)N[C@@H](Cc3ccc(O)cc3)C(=O)N[C@@H](CC(N)=O)C(=O)N[C@@H](Cc3ccccc3)C(=O)O)[C@H](C)O)cccc12,default,6.059739327194958,success,-2.26,,success,0.2469782772662465,1322.53,2.63,15,15,428.83,35,3,-5.63,success
mol_303,CC(C)(C)NC(=O)[C@@H]1C[C@@H]2CCCC[C@@H]2CN1C[C@@H](O)[C@H](Cc1ccccc1)NC(=O)O[C@H]1CCCS(=O)(=O)C1,default,6.345496416239314,success,-7.94,,success,0.46012470135327616,577.79,3.06,3,7,125.04,8,1,-7.88,success
mol_304,CC(C)(C)NC(=O)c1ccccc1OC[C@H](O)[C@H](Cc1ccccc1)NC(=O)[C@H](CC(N)=O)NC(=O)c1cc(O)c2ccccc2n1,default,7.360986670491901,success,-3.23,,success,0.3877488892076584,641.73,2.61,6,8,192.97,13,2,-6.15,success
mol_305,CC(C)(C)NC(=O)c1ccccc1OC[C@@H](O)[C@H](Cc1ccccc1)NC(=O)[C@H](CC(N)=O)NC(=O)c1ccc2c(c1)S(=O)(=O)c1ccccc1C2=O,default,7.1752554470055445,success,-2.27,,success,0.340271287250462,740.84,2.73,5,9,211.06,13,1,-6.11,success
mol_306,COc1ccc(CC(=O)N[C@@H](Cc2ccccc2)[C@H](O)CN(CC(C)C)S(=O)(=O)c2ccc(SC)cc2)cc1,default,7.30250409040049,success,-5.8,,success,0.46854200753337416,570.78,4.39,2,6,95.94,14,1,-7.19,success
mol_307,O=C(N[C@@H](Cc1ccccc1)[C@@H](O)C[C@@H](Cc1ccccc1)C(=O)NC1c2ccccc2C[C@@H]1O)OC1CCOC1,default,9.775722681985776,success,-6.97,,success,0.713643556832148,558.68,3.5,4,6,117.12,11,1,-7.32,success
mol_308,CC(C)(C)NC(=O)[C@@H]1C[C@@H]2CCCC[C@@H]2CN1C[C@@H](O)[C@H](Cc1ccccc1)NC(=O)OC(C)(C)C,default,6.166968274009548,success,-9.03,,success,0.4815806895007957,501.71,4.28,3,5,90.9,7,1,-8.42,success
mol_309,CC(C)(C)OC(=O)N[C@@H](Cc1ccccc1)[C@H](O)CNC[C@@H](O)[C@H](Cc1ccccc1)NC(=O)C1(O)CCCC1(C)C,default,6.5038245082047075,success,-5.53,,success,0.3929853756837256,583.77,3.1,6,7,140.15,13,2,-6.66,success
mol_310,Cc1ccc(O)c(C)c1C(=O)N[C@@H](Cc1ccc2ccccc2c1)[C@H](O)C(=O)N1C[C@@H](Cl)C[C@H]1C(=O)NC(C)(C)C,default,8.34891887343244,success,-6.02,,success,0.5630765727860367,580.13,3.99,4,5,118.97,7,1,-7.64,success
mol_311,COc1ccc(S(=O)(=O)N(CC(C)C)C[C@@H](O)[C@H](Cc2ccccc2)NC(=O)c2coc3cc(O)c(O)cc23)cn1,default,6.811264302571312,success,-3.75,,success,0.35927202521427604,583.66,3.3,4,9,162.43,12,1,-6.46,success
mol_312,C=CC1=C(C)c2cc3[nH]c(cc4nc(cc5[nH]c(cc1n2)c(C)c5CCC(=O)O)C(CCC(=O)O)=C4C)c(C)c3C=C,default,5.259407690543529,success,-2.31,,success,0.18195064087862745,562.67,7.5,4,4,131.96,8,2,-6.41,success
mol_313,COc1cccc(-c2cc(O)c(SCc3ccccc3)c(=O)o2)c1,default,5.646862721646207,success,-9.19,,success,0.44357189347051723,340.4,4.31,1,5,59.67,5,0,-9.62,success
mol_314,CC1(C)CC2(CC(C)(C)c3ccc(OS(=O)(=O)[O-])cc32)c2cc(OS(=O)(=O)[O-])ccc21.[K+].[K+],default,5.03372980312457,success,-7.24,,success,0.32747748359371415,544.73,-2.98,0,8,132.86,4,1,-7.03,success
mol_315,O=c1oc2cc(O)ccc2c(O)c1C(c1ccc(/C=C\c2ccccc2)cc1)c1c(O)c2ccc(O)cc2oc1=O,default,5.88930031882925,success,-4.65,,success,0.3124416932357708,546.53,6.07,4,8,141.34,5,2,-6.4,success
mol_316,CC(C)[C@H](NS(=O)(=O)CCc1ccncc1)C(=O)N[C@@H](Cc1ccccc1)[C@H](O)[C@H](O)[C@H](Cc1ccccc1)NC(=O)[C@H](NS(=O)(=O)CCc1ccncc1)C(C)C,default,8.191367819622187,success,-2.45,,success,0.4309473183018489,837.08,2.33,6,10,216.78,23,2,-5.89,success
mol_317,CC(C)CCN(C[C@@H](O)[C@H](Cc1ccccc1)NC(=O)OCc1ccccc1)S(=O)(=O)c1ccccc1,default,6.743234210754724,success,-7.52,,success,0.47926951756289365,524.68,4.62,2,5,95.94,13,1,-7.4,success
mol_318,CCCCCCc1cc2c(cc1O)OC(=O)C(C(c1ccccc1)c1c(O)oc3cc(O)c(CCCCCC)cc3c1=O)C2O,default,6.4849283890578535,success,-1.29,,success,0.25007736575482115,614.74,7.56,4,8,137.43,13,2,-5.22,success
mol_319,CC(=O)N[C@@H](CO)C(=O)N[C@@H](CC(C)C)C(=O)N[C@@H](CC(N)=O)C(=O)N[C@@H](Cc1ccccc1)[C@H](O)CN1CCC[C@H]1C(=O)OC(C)(C)C,default,7.6479713381213985,success,-0.99,,success,0.33699761151011653,690.84,-0.73,7,10,229.49,18,2,-5.54,success
mol_320,CC(C)c1ccccc1SC1=C(O)OC(CCCC(=O)N2CCOCC2)(c2ccccc2)CC1=O,default,6.478441208593246,success,-6.65,,success,0.42820343404943717,495.64,5.54,1,6,76.07,8,1,-7.98,success
mol_321,CC(C)C[C@H](NC(=O)[C@H](Cc1ccccc1)C[C@H](O)[C@@H](CC(=O)OC(C)(C)C)Cc1ccccc1)C(=O)N[C@@H](Cc1ccccc1)C(N)=O,default,7.58240482310508,success,-1.97,,success,0.3642004019254233,671.88,4.93,4,6,147.82,18,1,-6.07,success
mol_322,CC1(C)S[C@H]([C@H](NC(=O)Cc2ccccn2)C(=O)NCc2ccc(Cl)cc2)N[C@H]1C(=O)NCCNC(=O)[C@@H]1N[C@@H]([C@H](NC(=O)Cc2ccccn2)C(=O)NCc2ccc(Cl)cc2)SC1(C)C,default,8.165106189096532,success,-1.67,,success,0.40275884909137766,978.04,3.02,8,12,224.44,19,3,-5.58,success
mol_323,CC(C)(C)OC(=O)N[C@@H](Cc1ccccc1)[C@@H](O)C[C@@H](Cc1ccccc1)C(=O)N[C@H]1c2ccccc2OC[C@H]1O,default,8.842625619703014,success,-4.51,,success,0.5538854683085845,560.69,4.34,4,6,117.12,10,1,-7.35,success
mol_324,CC(C)(C)OC(=O)N[C@@H](Cc1ccccc1)[C@@H](O)C[C@@H](Cc1c(F)c(F)c(F)c(F)c1F)C(=O)N[C@H]1c2ccccc2C[C@H]1O,default,9.158121282822528,success,-1.63,,success,0.484176773568544,634.64,5.2,4,5,107.89,10,2,-6.55,success
mol_325,CC(C)(C)OC(=O)[C@@H]1CCCN1C[C@@H](O)[C@H](Cc1ccccc1)NC(=O)[C@H](CC(N)=O)NC(=O)OCc1ccccc1,default,6.845458023802706,success,-5.55,,success,0.42212150198355886,582.7,2.05,4,8,160.29,13,1,-7.03,success
mol_326,O=C(N[C@@H](Cc1ccccc1)[C@@H](O)C[C@@H](Cc1ccccc1)C(=O)N[C@H]1c2ccccc2C[C@H]1O)OC1CCOC1,default,9.775722681985776,success,-6.76,,success,0.7066435568321481,558.68,3.5,4,6,117.12,11,1,-7.32,success
mol_327,COC(=O)N[C@H](C(=O)N[C@@H](Cc1ccccc1)C(O)CN(CC(C)C)NC(=O)[C@@H](NC(=O)OC)C(C)C)C(C)C,default,7.241658695631894,success,-5.83,,success,0.4644715579693245,565.71,1.83,5,8,158.33,15,1,-6.99,success
mol_328,COC(=O)[C@@H](NC(=O)[C@H](CC(C)C)NC(=O)[C@@H]1CCCN1C[C@H](O)[C@H](Cc1ccccc1)NC(=O)[C@H](CC(N)=O)NC(=O)[C@H](CC(C)C)NC(=O)[C@H](CO)NC(C)=O)C(C)C,default,7.466534294977939,success,-1.18,,success,0.3282111912481616,861.05,-1.23,9,12,287.69,25,3,-5.16,success
mol_329,CCNS(=O)(=O)Oc1cc(C(C)(C)C)c(SC2=C(O)OC(CCc3ccc(N)cc3)(C(C)C)CC2=O)cc1C,default,8.211444294279078,success,-4.68,,success,0.5069536911899232,576.78,5.94,3,8,127.95,10,2,-6.66,success
mol_330,CC(C)CN([C@H](CO)CCCCNC(=O)[C@@H](NC(=O)c1ncccc1O)C(c1ccccc1)c1ccccc1)S(=O)(=O)c1ccc(N)cc1,default,8.993331431372345,success,-0.65,,success,0.43777761928102876,687.86,4.29,5,8,174.95,17,1,-5.73,success
mol_331,CC(C)(C)OC(=O)N[C@@H](Cc1ccccc1)[C@@H](O)C[C@@H](Cc1ccc(O)cc1)C(=O)N[C@H]1c2ccccc2C[C@H]1O,default,9.56298307956535,success,-4.94,,success,0.6282485899637793,560.69,4.21,5,6,128.12,10,1,-7.26,success
mol_332,COC(=O)[C@@H](NC(=O)[C@H](CC(C)C)NC(=O)[C@@H](NC(=O)CCCOc1ccc2ccc(OCCCC(=O)N[C@@H](Cc3ccc(O)cc3)C(=O)N[C@@H](CCC(=O)OC(C)(C)C)C(=O)N[C@@H](CC(C)C)C(N)=O)nc2c1)C(C)C)C(C)C,default,6.032191330926999,success,-1.03,,success,0.20368261091058323,1119.37,4.59,8,15,321.87,33,3,-5.53,success
mol_333,CCNC(=O)[C@@H](NC(=O)Cc1ccc(O)cc1)[C@@H]1N[C@@H](C(=O)NCCNC(=O)[C@@H]2N[C@@H]([C@H](NC(=O)Cc3ccc(O)cc3)C(=O)NCC)SC2(C)C)C(C)(C)S1,default,7.514329222542464,success,-0.54,,success,0.31086076854520533,815.03,-0.02,10,12,239.12,17,3,-5.47,success
mol_334,CC(C)CN(C[C@@H](O)[C@H](Cc1ccccc1)NC(=O)c1ccccc1O)S(=O)(=O)c1ccc(C(F)(F)F)cc1,default,7.570348960394529,success,-5.45,,success,0.4791957466995441,564.63,4.46,3,5,106.94,11,1,-7.17,success
mol_335,NC(=O)c1[nH]c2ccc(Cl)cc2c1Sc1ccccc1,default,6.736145734920999,success,-9.05,,success,0.5296788112434166,302.79,4.07,2,2,58.88,3,0,-9.97,success
mol_336,CC1(C)S[C@H]([C@H](NC(=O)Cc2ccccc2)C(=O)NCc2ccccc2)N[C@H]1C(=O)N[C@H](Cc1ccccc1)[C@H](O)CC(=O)N[C@H](CO)Cc1ccccc1,default,6.944881816124403,success,-3.24,,success,0.35340681801036694,765.98,3.04,7,8,168.89,18,2,-5.8,success
mol_337,CC(C)[C@H](NC(=O)OCc1ccccc1)C(=O)N[C@@H](Cc1ccccc1)[C@@H](O)CNC(=O)[C@H](CC(=O)NC(C)(C)C)C(C)(C)C,default,7.764479686083955,success,-2.18,,success,0.38637330717366286,624.82,4.11,5,6,145.86,14,1,-6.56,success
mol_338,O=C1CC(CC2CCCC2)(c2ccccc2)OC(O)=C1SCCc1ccccc1,default,6.632613348509001,success,-8.09,,success,0.4890511123757501,408.56,6.15,1,4,46.53,7,1,-8.69,success
mol_339,CC1=C(CCOC(=O)C2=CC2)c2cc3[nH]c(cc4[nH]c(cc5nc(cc1n2)C(C)=C5CCC(=O)O)c(CCC(=O)O)c4C)c(CCOC(=O)C1=CC1)c3C,default,6.327810150585482,success,-0.09,,success,0.19698417921545686,730.82,7.35,4,8,184.56,14,2,-5.21,success
mol_340,CCCC1(CCC)CC(=O)C(C(c2cccc(NS(=O)(=O)c3cn(C)cn3)c2)C2CC2)=C(O)O1,default,5.894153413683874,success,-7.93,,success,0.42217945114032285,487.62,4.81,2,7,110.52,10,0,-7.92,success
mol_341,Cc1cc(=O)oc2cc(OC(=O)N[C@@H](Cc3ccccc3)[C@H](O)CN(CC(C)C)S(=O)(=O)c3ccc([N+](=O)[O-])cc3)ccc12,default,7.9927434055944815,success,-1.6,,success,0.3860619504662068,623.68,4.42,2,9,169.29,12,1,-6.01,success
mol_342,CC(C)[C@H](NC(=O)OCc1ccccc1)C(=O)N[C@@H](Cc1ccccc1)[C@H](O)CNC(=O)C[C@@H](C(=O)NC(C)(C)C)C(C)(C)C,default,6.537194355974165,success,-2.4,,success,0.2914328629978471,624.82,4.11,5,6,145.86,14,1,-6.56,success
mol_343,NC(=O)OC[C@@H]1CCCOC1,default,5.443319673941716,success,-5.3,,success,0.29694330616180964,159.18,0.51,1,3,61.55,2,0,-9.36,success
mol_344,CC(C)(C)NC(=O)[C@@H]1CN(Cc2cccnc2)CCN1C[C@@H](O)C[C@@H](Cc1ccccc1)C(=O)N[C@H]1c2ccccc2C[C@H]1O.O,default,8.781063360841628,success,-3.85,,success,0.5267552800701357,631.82,2.04,4,7,149.53,11,1,-6.79,success
mol_345,COc1ccc2c(O)c(S(=O)(=O)c3ccc(C)cc3)c(=O)oc2c1,default,5.09624424903849,success,-11.26,,success,0.4666870207532075,346.36,2.65,1,6,93.81,3,0,-10.0,success
mol_346,CC(C)(C)NC(=O)[C@@H]1C[C@@H]2CCCC[C@@H]2CN1C[C@@H](O)[C@H](Cc1ccccc1)NC(=O)[C@H](CC(N)=O)NC(=O)c1ccc2ccccc2n1.CS(=O)(=O)O,default,8.513348647148064,success,-3.49,,success,0.492445720595672,766.96,2.6,6,9,221.12,12,2,-6.39,success
mol_347,CC(C)[C@H](NC(=O)N(C)Cc1ccccn1)C(=O)N[C@@H](Cc1ccccc1)[C@H](O)[C@@H](O)[C@H](Cc1ccccc1)NC(=O)[C@H](NC(=O)N(C)Cc1csc(N)n1)C(C)C,default,8.780041428194224,success,-1.89,,success,0.46133678568285197,816.04,3.33,7,10,215.14,19,2,-5.81,success
mol_348,CC(C)(C)NC(=O)c1ccccc1C[C@@H](O)[C@H](CSc1ccc2ccccc2c1)NC(=O)[C@H](CC(N)=O)NC(=O)c1ccc2ccccc2n1,default,8.38907939730284,success,-1.1,,success,0.40242328310857,691.85,4.77,5,7,163.51,13,1,-5.67,success
mol_349,CC[C@H](C)[C@H](NC(=O)OCc1ccccc1)C(=O)N[C@@H](Cc1ccccc1)C(O)[C@H](Cc1ccccc1)NC(=O)[C@H](NC(=O)OCc1ccccc1)[C@@H](C)CC,default,7.819016457736006,success,0.47,,success,0.3182513714780005,764.96,6.48,5,7,155.09,20,2,-4.98,success
mol_350,CC(C)[C@H](NC(=O)C1Cc2ccccc2CN1)C(=O)N[C@@H](Cc1ccccc1)C(O)[C@H](Cc1ccccc1)NC(=O)[C@H](NC(=O)C1Cc2ccccc2CN1)C(C)C,default,7.7911736490931505,success,-3.19,,success,0.4222644707577625,787.02,3.51,7,7,160.69,16,2,-5.74,success
mol_351,CC(C)(C)OC(=O)N[C@@H](Cc1ccccc1)[C@@H](O)C[C@@H](Cc1ccccc1)C(=O)N[C@H]1c2ccccc2CC[C@H]1O,default,9.07366437855199,success,-4.45,,success,0.5711386982126659,558.72,4.9,4,5,107.89,10,1,-7.28,success
mol_352,O=C(N[C@@H](Cc1ccccc1)[C@H](O)CN(OC1CCCC1)S(=O)(=O)c1ccc(O)cc1)O[C@H]1CO[C@H]2OCC[C@H]21,default,7.475781367114604,success,-5.76,,success,0.48164844725955036,576.67,2.72,3,9,143.86,11,1,-7.14,success
mol_353,CCC(C)[C@H](NC(=O)[C@H](Cc1ccccc1)C[C@H](O)[C@H](Cc1ccccc1)NC(=O)OC(C)(C)C)C(=O)NCCCN(C)C,default,8.140617245576527,success,-2.85,,success,0.4400514371313773,610.84,4.33,4,6,120.0,17,1,-6.83,success
mol_354,CC(C)(C)OC(=O)N[C@@H](Cc1ccccc1)[C@@H](O)C[C@@H](Cc1ccccc1)C(=O)N[C@@H]1CCCC[C@H]1O,default,7.150500043912252,success,-6.72,,success,0.486541670326021,510.68,4.15,4,5,107.89,10,1,-7.73,success
mol_355,COc1ccc(S(=O)(=O)N(CC(C)C)C[C@@H](O)[C@H](Cc2ccccc2)NC(=O)OCc2ccccc2)cc1,default,7.104185069003709,success,-8.35,,success,0.5370154224169756,540.68,4.24,2,6,105.17,13,1,-7.4,success
mol_356,CC(C)(C)NC(=O)[C@@H]1CN(Cc2nc3ccccc3s2)CCN1C[C@@H](O)C[C@@H](Cc1ccccc1)C(=O)NC1c2ccccc2C[C@H]1O,default,8.5716348606709,success,-2.1,,success,0.45096957172257496,669.89,4.08,4,8,118.03,11,1,-6.37,success
mol_357,Cc1ccc(C(C)(C)C)c(SC2=C(O)OC(CCc3ccc(O)cc3)(c3ccccc3)CC2=O)c1,default,7.673905323886686,success,-7.61,,success,0.5598254436572239,488.65,7.34,2,5,66.76,6,1,-7.66,success
mol_358,COc1ccc2c(O)c(C(c3cccc(NS(=O)(=O)c4ccc(C#N)cc4)c3)C3CC3)c(=O)oc2c1,default,5.3968923809157765,success,-8.98,,success,0.4157410317429814,502.55,4.72,2,7,129.63,7,1,-7.42,success
mol_359,O=C(N[C@H]1c2ccccc2OC[C@H]1O)[C@H](Cc1ccccc1)C[C@H](O)CN1CCN(Cc2ccc(-c3ccncc3)o2)C[C@H]1C(=O)NCC(F)(F)F,default,9.519552456556115,success,-1.8,,success,0.5199627047130095,721.78,3.73,4,9,140.4,13,1,-5.98,success
mol_360,CC(C)(C)OC(=O)N[C@@H](Cc1ccccc1)C[C@H](O)[C@H](Cc1ccccc1)NC(=O)c1ccc(N)c(O)c1,default,7.850797035037719,success,-5.67,,success,0.5098997529198099,519.64,4.2,5,6,133.91,10,1,-7.24,success
mol_361,CCCC1(CCc2ccccc2)CC(=O)C(C(c2cccc(NS(=O)(=O)c3ccc(N)cn3)c2)C(C)(C)C)=C(O)O1,default,6.987483839391142,success,-3.54,,success,0.36695698661592846,577.75,6.53,3,7,131.61,10,2,-6.43,success
mol_362,CC(C)[C@H](NC(=O)OCc1ccccn1)C(=O)N[C@@H](Cc1ccccc1)C(O)[C@H](Cc1ccccc1)NC(=O)[C@H](NC(=O)OCc1ccccn1)C(C)C,default,8.177528246565975,success,0.07,,success,0.3481273538804979,738.89,4.49,5,9,180.87,18,1,-5.75,success
mol_363,COc1cc(CN2C(=O)N(Cc3ccc(O)c(OC)c3)N(C(=O)CCc3ccncc3)C[C@@H](O)[C@H]2Cc2ccccc2)ccc1O,default,8.002077792811418,success,-2.19,,success,0.40650648273428486,626.71,4.3,3,8,135.9,11,1,-6.39,success
mol_364,CC(C)(C)CC(SC1CCCCC1)c1c(O)cc(-c2ccccc2)oc1=O,default,6.41518390779402,success,-8.06,,success,0.46993199231616833,386.56,6.56,1,4,50.44,5,1,-8.83,success
mol_365,O=C(Oc1cc(S(=O)(=O)O)cc2cc(S(=O)(=O)O)ccc12)c1ccc(-c2ccc(C(=O)Oc3cc(S(=O)(=O)O)cc4cc(S(=O)(=O)O)ccc34)cc2)cc1,default,5.737044946786475,success,1.0,,success,0.14475374556553958,814.8,5.09,4,12,270.08,9,3,-5.43,success
mol_366,Nc1ccc(S(=O)(=O)N(C[C@@H](O)[C@H](Cc2ccccc2)NC(=O)OCCN2CCOCC2)C2CC2)cc1,default,6.716569690481955,success,-8.82,,success,0.5203808075401629,532.66,1.45,3,8,134.43,12,1,-7.41,success
mol_367,CCC(Cc1ccccc1)c1cc(O)c(C(c2cccc(NS(=O)(=O)c3ccc(C#N)cc3)c2)C2CC2)c(=O)o1,default,6.173273460454666,success,-4.89,,success,0.3441061217045555,554.67,6.3,2,6,120.4,10,2,-6.29,success
mol_368,Cc1cc(SC2=C(O)OC(CCc3ccc(O)cc3)(C3CCCCC3)CC2=O)c(C(C)(C)C)cc1CO,default,8.180063316460563,success,-6.84,,success,0.5763386097050469,524.72,7.25,3,6,86.99,7,2,-7.15,success
mol_369,CC(C)CN(C[C@@H](O)[C@H](Cc1ccccc1)NC(=O)c1ccc(Cl)cc1O)S(=O)(=O)c1ccc(C(F)(F)F)cc1,default,7.824423965436581,success,-4.53,,success,0.46970199711971505,599.07,5.11,3,5,106.94,11,2,-6.71,success
mol_370,CC(C)(C)NC(=O)[C@@H]1C[C@@H]2CCCC[C@@H]2CN1C[C@@H](O)[C@H](Cc1ccccc1)NC(=O)O[C@@H]1CCCOC1,default,6.621661320553208,success,-10.63,,success,0.5728051100461007,529.72,3.66,3,6,100.13,8,1,-8.15,success
mol_371,CC(CCC=C(c1cc(Cl)c(O)c(C(=O)O)c1)c1cc(Cl)c(O)c(C(=O)O)c1)[C@H]1CC[C@H]2[C@@H]3CC[C@@H]4CC(F)(F)CC[C@]4(C)[C@H]3CC[C@]12C,default,5.553554413383669,success,-2.2,,success,0.20279620111530572,719.69,10.94,4,4,115.06,8,2,-6.0,success
mol_372,O=C(N[C@H]1c2ccccc2OC[C@H]1O)[C@H](Cc1ccccc1)C[C@H](O)CN1CCN(Cc2ccc(-c3cccnc3)o2)C[C@H]1C(=O)NCC(F)(F)F,default,9.910656336519198,success,-1.77,,success,0.5515546947099331,721.78,3.73,4,9,140.4,13,1,-5.95,success
mol_373,CC(C)(C)NC(=O)N(Cc1ccncc1)C[C@@H](O)[C@H](Cc1ccccc1)NC(=O)[C@H](CC(N)=O)NC(=O)c1ccc2ccccc2n1,default,8.221165476199841,success,-2.97,,success,0.4507637896833201,639.76,2.7,5,7,179.64,13,1,-6.37,success
mol_374,CC(C)[C@@H]1NC(=O)[C@@H](NC(=O)[C@@H](O)[C@H](Cc2ccccc2)NC(=O)OC(C)(C)C)Cc2ccc(cc2)OCCCNC1=O,default,6.7792529417947565,success,-6.05,,success,0.43327107848289637,596.73,2.25,5,7,155.09,7,1,-7.52,success
mol_375,CC1(C)S[C@H]([C@H](NC(=O)Cc2ccccc2)C(=O)NCc2ccccc2)N[C@H]1C(=O)NCCNC(=O)[C@@H]1N[C@@H]([C@H](NC(=O)Cc2ccccc2)C(=O)NCc2ccccc2)SC1(C)C,default,8.125227265799605,success,-1.54,,success,0.3951022721499671,907.18,2.93,8,10,198.66,19,2,-5.9,success
mol_376,CC(C)[C@H]1[C@@H](OC(=O)N[C@@H](Cc2ccccc2)[C@H](O)CN2C[C@H]3CCCC[C@H]3C[C@H]2C(=O)NC(C)(C)C)CCS1(=O)=O,default,8.14778026560172,success,-5.64,,success,0.5336483554668099,605.84,3.69,3,7,125.04,9,1,-7.46,success
mol_377,COc1ccc(CC(=O)N[C@@H](Cc2ccccc2)[C@H](O)CN(CC(C)C)S(=O)(=O)c2ccc(SC)cc2)cc1O,default,7.477183661407994,success,-5.49,,success,0.47276530511733283,586.78,4.1,3,7,116.17,14,1,-7.07,success
mol_378,Cc1ccccc1CNC(=O)[C@H]1N(C[C@@H](O)C[C@@H](Cc2ccccc2)C(=O)N[C@H]2c3ccccc3OC[C@H]2O)CSC1(C)C,default,8.553392917508694,success,-5.19,,success,0.5524494097923911,617.81,3.99,4,7,111.13,11,1,-6.98,success
mol_379,O=c1cc(-c2ccccc2)oc(O)c1C(SC1CCCCC1)c1ccccc1,default,6.124093255292116,success,-8.09,,success,0.44667443794100964,392.52,6.17,1,4,50.44,5,1,-8.76,success
mol_380,CC(C)CN(C[C@@H](O)[C@H](Cc1ccccc1)NC(=O)[C@@H]1COCCN1)S(=O)(=O)c1ccc(NO)cc1,default,6.985157033183186,success,-7.69,,success,0.5050964194319322,520.65,1.21,5,8,140.23,12,1,-7.01,success
mol_381,CC[C@H](C)[C@H](NC(=O)[C@@H](C(C)C)C(O)C(O)[C@H](CC(C)C)NC(=O)[C@H](Cc1c[nH]cn1)NC(=O)COc1cccc2ccccc12)C(=O)NCc1ccccn1,default,8.074138152713582,success,-2.43,,success,0.42051151272613185,771.96,3.44,7,9,207.66,21,2,-5.72,success
mol_382,CC(C)(c1cc2cnccc2o1)N1CCN(C[C@@H](O)C[C@@H](Cc2ccccc2)C(=O)N[C@H]2c3ccccc3OC[C@H]2O)[C@H](C(=O)NCC(F)(F)F)C1,default,9.370579431683856,success,-1.87,,success,0.5098816193069879,723.79,3.95,4,9,140.4,12,1,-5.97,success
mol_383,CC(C)(C)OC(=O)N[C@@H](Cc1ccccc1)[C@@H](O)C[C@@H](Cc1ccccc1)C(=O)N[C@H]1c2ccccc2C[C@H]1O,default,9.091480203237646,success,-7.13,,success,0.6619566836031372,544.69,4.51,4,5,107.89,10,1,-7.47,success
mol_384,CC(C)CN(C[C@@H](O)[C@H](Cc1ccccc1)NC(=O)N[C@@H]1CCNC1)S(=O)(=O)c1ccc(O)cc1,default,5.763247716444035,success,-7.79,,success,0.4066039763703363,504.65,1.67,5,6,131.0,11,1,-7.48,success
mol_385,CN(C)c1ccc2cc(S(=O)(=O)N3CCN(C[C@@H](O)C[C@@H](Cc4ccccc4)C(=O)N[C@H]4c5ccccc5C[C@H]4O)[C@H](C(=O)NC(C)(C)C)C3)ccc2n1.Cl,default,9.16812937855361,success,-2.47,,success,0.5130107815461342,793.43,3.7,4,9,155.41,12,1,-5.97,success
mol_386,O=C(N[C@@H](Cc1ccccc1)C[C@H](O)[C@H](Cc1ccccc1)NC(=O)OCc1ccccc1)OCc1ccccc1,default,7.379103485108767,success,-3.76,,success,0.40692529042573056,552.67,5.81,3,5,96.89,13,2,-6.29,success
mol_387,Cn1cnc(S(=O)(=O)Nc2cccc(C(c3c(O)cc(C(CC4CC4)CC4CC4)oc3=O)C3CC3)c2)c1,default,5.734580236843996,success,-6.77,,success,0.37021501973699966,523.66,5.11,2,7,114.43,11,2,-6.94,success
mol_388,CC(C)(C)OC(=O)N[C@@H](Cc1ccccc1)[C@@H](O)CCC(=O)N[C@H]1c2ccccc2C[C@H]1O,default,5.977737951162709,success,-9.28,,success,0.47414482926355905,454.57,3.04,4,5,107.89,8,0,-8.71,success
mol_389,COC(=O)[C@@H](NC(=O)Cc1ccccc1)[C@@H]1N[C@@H](C(=O)NCCNC(C)=O)C(C)(C)S1,default,5.6444771290677735,success,-7.06,,success,0.3723730940889811,450.56,-0.05,4,7,125.63,9,0,-7.95,success
mol_390,O=C(N[C@@H](Cc1cccc(Br)c1)[C@H](O)C[C@H](CCc1ccc(Cl)cc1Cl)S(=O)(=O)c1ccc(F)cc1)[C@H]1CCCO1,default,6.930045851545543,success,-3.25,,success,0.3525038209621286,687.46,6.33,2,5,92.7,12,2,-6.08,success
mol_391,CC(C)(C)NC(=O)c1ccccc1CCC(O)CN1CCCCC1C(=O)NC(C)(C)C,default,4.902112578686379,success,-11.49,,success,0.4581760482238649,431.62,3.28,3,4,81.67,7,0,-9.35,success
mol_392,CC(C)[C@@H](CO)N1CC[C@@](Cc2ccccc2)(C[C@H](O)[C@H](Cc2ccccc2)NC(=O)OC(C)(C)C)C1=O,default,6.480089676889524,success,-7.71,,success,0.46367413974079374,524.7,4.35,3,5,99.1,11,1,-7.54,success
mol_393,Cc1cc(SC2=C(O)O[C@](CCc3ccc(N)cc3)(C(C)C)CC2=O)c(C(C)(C)C)cc1CO,default,8.953917417287343,success,-6.87,,success,0.6418264514406119,483.67,6.2,3,6,92.78,7,1,-7.71,success
mol_394,CC1(C)SCN(C(=O)[C@@H](O)C[C@@H](Cc2ccccc2)C(=O)N[C@H]2c3ccccc3OC[C@H]2O)[C@@H]1C(=O)NCc1c(Cl)cccc1Cl,default,9.863401004215959,success,-2.94,,success,0.5866167503513299,686.66,4.51,4,7,128.2,10,1,-6.69,success
mol_395,CC(C)(c1ccc(-c2ccncc2)o1)N1CCN(C[C@@H](O)C[C@@H](Cc2ccccc2)C(=O)N[C@H]2c3ccccc3OC[C@H]2O)[C@H](C(=O)NCC(F)(F)F)C1,default,9.390347659131907,success,-0.24,,success,0.45719563826099224,749.83,4.46,4,9,140.4,13,1,-5.83,success
mol_396,CC(C)(C)OC(=O)[C@@H]1CCCN1C[C@H](O)[C@H](Cc1ccccc1)NC(=O)[C@H](CC(N)=O)NC(=O)OCc1ccccc1,default,6.845458023802706,success,-5.48,,success,0.4197881686502255,582.7,2.05,4,8,160.29,13,1,-7.03,success
mol_397,O=C(N[C@H]1c2ccccc2OC[C@H]1O)[C@H](Cc1cccnc1)C[C@H](O)CN1CCN(CC2=CC3C=CSC3S2)C[C@H]1C(=O)NCC(F)(F)F,default,8.863791042755212,success,-4.38,,success,0.551315920229601,719.85,3.1,4,10,127.26,12,1,-6.83,success
mol_398,CC(C)(C)NC(=O)N(CC(O)[C@H](Cc1ccccc1)NC(=O)[C@H](CC(N)=O)NC(=O)c1ccc2ccccc2n1)C1CCCCC1,default,8.167576502789236,success,-3.98,,success,0.47996470856576967,630.79,3.44,5,6,166.75,12,1,-6.62,success
mol_399,CC(C)c1ccccc1SC1=C(O)OC(CCCCC(=O)O)(c2ccccc2)CC1=O,default,7.053771872933119,success,-6.59,,success,0.4741476560777599,440.56,6.16,2,5,83.83,9,1,-7.8,success
mol_400,CC[C@H]1[C@@H](OC(=O)N[C@@H](Cc2ccccc2)[C@H](O)CN2C[C@H]3CCCC[C@H]3C[C@H]2C(=O)NC(C)(C)C)CCS1(=O)=O,default,7.8835218934782185,success,-7.76,,success,0.5822934911231848,591.82,3.45,3,7,125.04,9,1,-7.61,success
mol_401,CCCC[C@H](CC(O)C[C@@H](CCCC)C(=O)N[C@@H](CC(C)C)C(=O)N[C@@H](Cc1ccccc1)C(=O)OC)C(=O)N[C@@H](CC(C)C)C(=O)N[C@@H](Cc1ccccc1)C(=O)OC,default,6.72163146340241,success,0.28,,success,0.22680262195020084,837.11,5.6,5,9,189.23,28,2,-5.57,success
mol_402,CC(C)(C)NC(=O)[C@@H]1CN(Cc2cccnc2)CCN1C[C@@H](O)C[C@@H](Cc1ccccc1)C(=O)N[C@H]1c2ccccc2C[C@H]1O.O,default,8.781063360841628,success,-3.85,,success,0.5267552800701357,631.82,2.04,4,7,149.53,11,1,-6.79,success
mol_403,CC(C)(C)NC(=O)[C@@H]1CCCCN1C[C@@H](O)C[C@@H](Cc1ccccc1)C(=O)N[C@H]1c2ccccc2C[C@H]1O,default,7.384295556004699,success,-8.92,,success,0.5793579630003916,521.7,3.14,4,5,101.9,9,1,-8.07,success
mol_404,Cc1cnc(-c2[nH]c3ccc(Cl)cc3c2S(=O)(=O)c2ccccc2)[nH]1,default,7.488019952714776,success,-7.83,,success,0.551668329392898,371.85,4.35,2,3,78.61,3,0,-9.15,success
mol_405,CCC(Cc1ccccc1)c1cc(O)c(C(CC)c2ccccc2)c(=O)o1,default,5.4909304142743,success,-7.95,,success,0.389244201189525,362.47,5.62,1,3,50.44,7,1,-8.88,success
mol_406,CCOC(=O)c1cc(-c2cc(O)c(Sc3ccccc3C(C)C)c(=O)o2)ccc1O,default,6.918132764299905,success,-6.96,,success,0.47517773035832545,426.49,5.17,2,7,96.97,6,1,-8.36,success
mol_407,CC(C)(C)OC(=O)N[C@@H](Cc1ccccc1)[C@@H](O)C[C@@H](Cc1ccccc1)C(=O)N[C@@H]1c2ccccc2OC[C@H]1O,default,8.842625619703014,success,-4.59,,success,0.5565521349752511,560.69,4.34,4,6,117.12,10,1,-7.35,success
mol_408,C=CCN(CC(=O)N[C@H](C(=O)N[C@H](C(=O)OC)C(C)C)[C@@H](C)CC)C(=O)[C@H](Cc1ccccc1)NC(=O)OC(C)(C)C,default,7.0586884792408595,success,-6.2,,success,0.4615573732700716,588.75,2.98,3,7,143.14,15,1,-6.92,success
mol_409,CC(C)(C)NC(=O)[C@@H]1C[C@@H]2CCCC[C@@H]2CN1C[C@@H](O)[C@H](Cc1ccccc1)NC(=O)[C@@H](NC(=O)c1ccc2ccccc2n1)[C@@H]1CCOC1,default,9.147652283420902,success,-1.84,,success,0.49030435695174185,683.89,4.25,4,7,132.89,11,1,-6.52,success
mol_410,CC(C)(C)NC(=O)[C@H]1C[C@@H]2CCCC[C@@H]2CN1C[C@@H](O)[C@H](Cc1ccccc1)NC(=O)[C@H](CC(N)=O)NC(=O)c1ccc2ccccc2n1,default,8.689282591529757,success,-4.04,,success,0.5254402159608131,670.86,3.09,5,7,166.75,12,1,-6.54,success
mol_411,CC(C)[C@H](NC(=O)[C@H](Cc1ccccc1)C[C@H](O)[C@H](Cc1ccccc1)NC(=O)OC(C)(C)C)C(=O)O,default,7.044841460187506,success,-8.81,,success,0.5474034550156255,512.65,3.96,4,5,124.96,12,1,-7.36,success
mol_412,CC(C)(C)NC(=O)[C@@H]1C[C@@H]2CCCC[C@@H]2CN1C[C@@H](O)[C@H](Cc1ccccc1)NC(=O)O[C@@H]1CCS(=O)(=O)C1,default,7.058086523440341,success,-7.72,,success,0.5121738769533617,563.76,2.67,3,7,125.04,8,1,-8.05,success
mol_413,CCCC[C@@H]1[C@H](OC(=O)N[C@@H](Cc2ccccc2)[C@H](O)CN2C[C@H]3CCCC[C@H]3C[C@H]2C(=O)NC(C)(C)C)CCS1(=O)=O,default,7.770441457900438,success,-4.29,,success,0.45720345482503655,619.87,4.23,3,7,125.04,11,1,-6.92,success
mol_414,CC[C@H](C)[C@H](NC(=O)[C@H](CCC(N)=O)NC(=O)[C@@H]1CCCN1C(=O)CCCCCC/C=C/CCCCCCC(=O)N[C@H](CO)C(=O)N[C@@H](C(=O)N[C@H](CC(C)C)C(=O)N[C@H](CC(N)=O)C(=O)N[C@H](Cc1ccccc1)C(=O)O)[C@H](C)O)C(=O)N[C@H](C(=O)N[C@@H](CC(C)C)C(=O)N[C@@H](Cc1c[nH]c2ccccc12)C(=O)O)[C@@H](C)O,default,5.248342176976638,success,-2.61,,success,0.19102851474805316,1585.91,1.23,18,18,548.57,53,3,-5.71,success
mol_415,CC(C)[C@@H]1[C@H](OC(=O)N[C@@H](Cc2ccccc2)[C@H](O)CN2CCN(Cc3cc(Cl)cc(Cl)c3)C[C@H]2C(=O)NC(C)(C)C)CCS1(=O)=O,default,8.319477793298178,success,-3.75,,success,0.4849564827748482,711.75,4.3,3,8,128.28,11,1,-6.65,success
mol_416,CC(C)[C@H](NC(=O)[C@H](C)NC(=O)OCc1ccccc1)C(=O)N[C@@H](Cc1ccccc1)[C@@H](O)[C@H](O)[C@H](Cc1ccccc1)NC(=O)[C@H](N[C@@H](C)C(=O)OCc1ccccc1)C(C)C,default,7.220256136868449,success,0.29,,success,0.26835467807237073,866.07,4.37,7,10,204.42,23,2,-5.53,success
mol_417,CC(=O)N[C@@H](Cc1ccc(O)cc1)C(=O)N[C@H](C(=O)N[C@@H](Cc1ccccc1)[C@@H](O)C(=O)N[C@H]1Cc2ccc(cc2)OCCCNC(=O)[C@H](C(C)C)NC1=O)C(C)C,default,7.423102204632507,success,-3.31,,success,0.3955918503860422,800.95,1.44,8,9,224.29,14,2,-6.1,success
mol_418,CC1(C)CC2(CC(C)(C)c3cc(N)c(O)cc32)c2cc(O)c(N)cc21.Cl.Cl,default,4.737800602914018,success,-7.96,,success,0.3268167169095015,411.37,4.75,4,4,92.5,0,0,-9.27,success
mol_419,CC(C)CN([C@H](CO)CCCCNC(=O)[C@@H](NC(=O)N(C)C)C(c1ccccc1)c1ccccc1)S(=O)(=O)c1ccc(N)cc1,default,8.561701920607016,success,-1.83,,success,0.44114182671725133,637.85,4.03,4,6,145.07,16,1,-6.43,success
mol_420,CC(C)[C@H](NC(=O)OCc1ccccn1)C(=O)N[C@@H](Cc1ccccc1)[C@@H](O)[C@H](Cc1ccccc1)NC(=O)[C@H](NC(=O)OCc1ccccc1)C(C)C,default,8.309956809801342,success,0.19,,success,0.3591630674834452,737.9,5.1,5,8,167.98,18,2,-5.38,success
mol_421,O=c1oc2cccc(O)c2c(O)c1Cc1ccccc1,default,5.256973415486649,success,-10.97,,success,0.4704144512905541,268.27,2.8,2,4,70.67,2,0,-10.05,success
mol_422,CC(C)(C)NC(=O)[C@@H]1C[C@@H]2CCCC[C@@H]2CN1C[C@@H](O)[C@H](Cc1ccccc1)NC(=O)[C@@H](C[S+]([O-])c1ccc2ccccc2c1)NS(C)(=O)=O,default,8.711711959293417,success,-3.73,,success,0.5169759966077848,724.99,3.75,4,7,150.9,13,1,-6.29,success
mol_423,COc1ccc2cc(C(=O)N[C@@H](Cc3ccccc3)[C@H](O)CN(CC(C)C)S(=O)(=O)c3ccc(N)cc3)c(=O)oc2c1,default,7.0764044453536386,success,-6.71,,success,0.48003370377946986,593.7,3.43,3,8,152.17,12,1,-6.44,success
mol_424,CCCCCCC1(c2ccccc2)CC(=O)C(SCc2ccccc2)=C(O)O1,default,6.45863637217336,success,-6.58,,success,0.42421969768111334,396.55,6.5,1,4,46.53,9,1,-8.3,success
mol_425,CC(C)(C)OC(=O)N[C@@H](Cc1ccccc1)[C@@H](O)C[C@@H](Cc1ccccc1)C(=O)NCc1ccccc1,default,6.979436450243788,success,-7.33,,success,0.4926197041869823,502.66,5.05,3,4,87.66,11,2,-7.22,success
mol_426,CNc1ccc(S(=O)(=O)N(CC(C)C)C[C@@H](O)[C@H](Cc2ccccc2)NC(=O)[C@H]2CNCCO2)cc1,default,7.1549905734708545,success,-9.17,,success,0.5685825477892379,518.68,1.45,4,7,120.0,12,1,-7.54,success
mol_427,N[S+]([O-])(CCc1ccccc1)=NCC(=O)OCc1ccccc1,default,5.356431624056834,success,-11.5,,success,0.4963693020047362,332.43,2.31,1,4,87.74,7,0,-9.71,success
mol_428,CC(C)[C@H](NC(=O)OCCN1CCCC1)C(=O)N[C@@H](Cc1ccccc1)[C@@H](O)[C@H](Cc1ccccc1)NC(=O)[C@H](NC(=O)OCc1ccccc1)C(C)C,default,7.95210317024127,success,-2.06,,success,0.3980085975201058,743.95,4.6,5,8,158.33,19,1,-5.99,success
mol_429,Nc1cccc(OCCCc2c(O)oc3ccccc3c2=O)c1,default,5.126549269827769,success,-10.76,,success,0.45254577248564737,311.34,3.09,2,5,85.69,5,0,-9.51,success
mol_430,COc1ccc(S(=O)(=O)N(CC(C)C)C[C@@H](O)[C@H](Cc2ccccc2)NC(=O)Cc2ccc(OC)c(OC)c2)cn1,default,7.244547818804095,success,-7.87,,success,0.5327123182336746,585.72,3.09,2,8,127.29,15,1,-7.26,success
mol_431,COCc1cc(C(C)(C)C)c(SC2=C(O)OC(CCc3ccccc3)(c3ccc(OCCO)cc3)CC2=O)cc1C,default,7.859051614204244,success,-4.11,,success,0.45858763451702034,576.76,7.15,2,7,85.22,11,2,-6.34,success
mol_432,C[C@@H]1[C@@H](OC(=O)N[C@@H](CSc2ccccc2)[C@H](O)CN2C[C@H]3CCS[C@H]3C[C@H]2C(=O)NC(C)(C)C)CCS1(=O)=O,default,8.853620390381833,success,-5.18,,success,0.5771350325318194,613.87,2.92,3,9,125.04,9,1,-7.59,success
mol_433,CC[C@H](C)[C@@H](NC(=O)[C@H]([C@H](C)O)N(C)C(=O)CCCCCCCCCCCCCCC(=O)NC(Cc1ccc(O)cc1)C(=O)N[C@@H](Cc1ccccc1)C(=O)O)C(=O)NC(CO)C(N)=O,default,6.322050283613674,success,-3.31,,success,0.3038375236344728,911.15,3.39,9,10,277.79,33,2,-6.07,success
mol_434,Cc1ccc(C(C)(C)C)c(SC2=C(O)OC(c3ccccc3)(c3ccccc3)CC2=O)c1,default,7.5674138362230865,success,-7.6,,success,0.5506178196852571,444.6,7.04,1,4,46.53,4,1,-8.4,success
mol_435,CC(C)c1ccc(C(C)C)c(SC2=C(O)OC(c3ccccc3)(c3ccccc3)CC2=O)c1,default,7.277190847941654,success,-6.94,,success,0.5044325706618045,458.62,7.69,1,4,46.53,6,1,-7.98,success
mol_436,CC(C)(C)NC(=O)[C@@H]1C[C@@H]2CCCC[C@@H]2CN1C[C@@H](O)[C@H](Cc1ccccc1)NC(=O)O[C@@H]1CCS(=O)(=O)C1,default,7.058086523440341,success,-7.72,,success,0.5121738769533617,563.76,2.67,3,7,125.04,8,1,-8.05,success
mol_437,COc1ccc(C(=O)N[C@@H](Cc2ccccc2)[C@H](O)CN(C[C@@H](C)O)S(=O)(=O)c2ccc(C(F)(F)F)cc2)c(O)c1,default,7.187300495971268,success,-5.2,,success,0.4389417079976057,596.62,3.19,4,7,136.4,12,1,-7.15,success
mol_438,CC(C)(C)OC(=O)N[C@@H](Cc1ccccc1)[C@@H](O)C[C@@H](Cc1ccc(CCCO)cc1)C(=O)N[C@H]1c2ccccc2C[C@H]1O,default,9.069742717368273,success,-2.56,,success,0.5078118931140227,602.77,4.43,5,6,128.12,13,1,-6.81,success
mol_439,CC(C)(C)NC(=O)C1(CCc2ccccc2)OC(O)=C(Cc2ccccc2)C1=O,default,5.086019518604449,success,-11.41,,success,0.47083495988370405,393.48,3.88,2,4,75.63,6,0,-9.46,success
mol_440,CC(C)(C)NC(=O)[C@@H]1C[C@H](Cl)CN1C(=O)[C@@H](O)[C@H](Cc1ccccc1)NC(=O)c1ccccc1O,default,7.5343088614923985,success,-9.21,,success,0.6015257384577,502.01,2.22,4,5,118.97,7,1,-8.35,success
mol_441,CC(C)CCN(C[C@@H](O)[C@H](Cc1ccccc1)NC(=O)OCc1ccccc1)S(=O)(=O)c1cccc(Cl)c1,default,7.220014498208275,success,-4.68,,success,0.42433454151735617,559.13,5.28,2,5,95.94,13,2,-6.82,success
mol_442,CC(C)CC(SCC1CCCCC1)c1c(O)cc(-c2ccccc2)oc1=O,default,6.27335904672616,success,-7.49,,success,0.4391132538938467,386.56,6.41,1,4,50.44,7,1,-8.67,success
mol_443,C[C@@H](NC(=O)N(C[C@@H](O)[C@H](Cc1ccccc1)NC(=O)[C@H](CC(N)=O)NC(=O)OCc1ccccc1)C(C)(C)C)c1ccccc1,default,6.958431654750494,success,-4.35,,success,0.3915359712292078,631.77,3.82,5,6,163.09,14,1,-6.52,success
mol_444,O=C1Oc2ccccc2C(O)C1Cc1c(O)oc2ccccc2c1=O,default,5.468985073130618,success,-11.28,,success,0.49841542276088485,338.32,2.31,2,6,96.97,2,0,-9.81,success
mol_445,CC(C)[C@H](N)C(=O)N[C@@H](Cc1ccccc1)C(O)[C@H](Cc1ccccc1)NC(=O)[C@@H](N)C(C)C,default,6.141846206043209,success,-7.78,,success,0.4378205171702675,468.64,1.77,5,5,130.47,12,0,-7.98,success
mol_446,CC(C)CN(C[C@@H](O)[C@H](Cc1ccccc1)NC(=O)O[C@H]1CO[C@H]2OCC[C@H]21)S(=O)(=O)c1ccc(N)cc1,default,7.889171199462031,success,-9.49,,success,0.6404309332885025,547.67,2.38,3,8,140.42,11,1,-7.31,success
mol_447,CC(C)=CCCC(C)C1=C(O)C(CCc2ccccc2)(C(=O)NC(C)(C)C)OC1=O,default,5.529170401598283,success,-6.85,,success,0.35576420013319027,413.56,5.02,2,4,75.63,8,1,-8.48,success
mol_448,C[C@H]1[C@@H](OC(=O)N[C@@H](Cc2ccccc2)[C@H](O)CN2C[C@H]3CCCC[C@H]3C[C@H]2C(=O)NC(C)(C)C)CCS1(=O)=O,default,7.690642570269179,success,-8.48,,success,0.5902202141890982,577.79,3.06,3,7,125.04,8,1,-7.92,success
mol_449,CSc1ccccc1C[C@@H](O)C[C@@H](Cc1ccccc1)C(=O)N[C@H]1c2ccccc2C[C@H]1O,default,7.0568633043001086,success,-8.14,,success,0.5260719420250091,461.63,4.34,3,4,69.56,9,0,-8.4,success
mol_450,CC(C)[C@H](NC(=O)[C@H](Cc1cccc2ccccc12)CS(=O)(=O)C(C)(C)C)C(=O)NCP(N)(=O)CNC(=O)[C@@H](NC(=O)[C@H](Cc1cccc2ccccc12)CS(=O)(=O)C(C)(C)C)C(C)C,default,7.79671553012768,success,1.05,,success,0.31639296084397334,954.21,6.1,5,9,227.77,20,2,-5.1,success
mol_451,CCC(C)[C@H](NC(=O)[C@@H]1CCCN1[P@@](=O)(OC)[C@@H](Cc1ccccc1)NC(=O)[C@H](CC(N)=O)NC(=O)OC(C)(C)C)C(=O)NCC(C)C,default,6.886487271343655,success,-3.86,,success,0.3692072726119712,694.81,3.05,5,8,198.26,17,1,-6.44,success
mol_452,Cc1ccc(C(=O)N[C@@H](Cc2cccc(C(F)(F)F)c2)[C@H](O)C(=O)N2C[C@@H](Cl)C[C@H]2C(=O)NC(C)(C)C)c(C)c1O,default,8.120134128797849,success,-6.67,,success,0.5656778440664874,598.06,3.85,4,5,118.97,7,1,-7.65,success
mol_453,O=c1cc(-c2cc(C(F)(F)F)cc(C(F)(F)F)c2)oc(O)c1SCc1ccccc1,default,6.1760294810394605,success,-8.03,,success,0.44900245675328837,446.37,6.34,1,4,50.44,4,1,-8.39,success
mol_454,C[C@H](CCC(=O)N[C@H](CC(=O)OCc1ccccc1)C(=O)O)[C@H]1CC[C@H]2[C@@H]3[C@H](O)C[C@@H]4C[C@H](O)CC[C@]4(C)[C@H]3C[C@H](O)[C@]12C,default,6.605264808671893,success,-2.03,,success,0.2847720673893244,613.79,4.07,5,7,153.39,10,1,-6.78,success
mol_455,NC(=O)C(F)(F)C(=O)C(Cc1ccccc1)NC(=O)OCc1ccccc1,default,5.558523744343084,success,-10.54,,success,0.4812103120285903,376.36,2.21,2,4,98.49,8,0,-9.49,success
mol_456,O=C(N[C@H]1c2ccccc2OC[C@H]1O)[C@H](Cc1cccnc1)C[C@H](O)CN1CCN(Cc2cc3ccccc3o2)C[C@H]1C(=O)NCC(F)(F)F,default,9.521503671795452,success,-2.27,,success,0.5357919726496211,695.74,3.21,4,9,140.4,12,1,-6.14,success
mol_457,CC(C)[C@H](NC(=O)C(O)(c1ccccc1)c1ccccc1)C(=O)N[C@@H](Cc1ccccc1)[C@@H](O)[C@H](O)[C@H](Cc1ccccc1)NC(=O)[C@@H](NC(=O)C(O)(c1ccccc1)c1ccccc1)C(C)C,default,7.809453735071753,success,-0.06,,success,0.3194544779226461,919.13,5.32,8,8,197.32,21,3,-5.07,success
mol_458,CCC[C@]1(CCc2ccccc2)CC(=O)C([C@@H](CC)c2cccc(NS(=O)(=O)c3ccc(C#N)cn3)c2)=C(O)O1,default,6.853729446131055,success,-4.51,,success,0.3881441205109213,559.69,6.18,2,7,129.38,11,2,-6.45,success
mol_459,CC(C)[C@@H]1NC(=O)[C@@H](NC(=O)[C@H](O)[C@H](Cc2ccccc2)NC(=O)[C@@H](N[C@H](C)NC(=O)OCc2ccccc2)C(C)C)Cc2ccc(cc2)OCCCNC1=O,default,7.385835461255186,success,-3.27,,success,0.39115295510459885,772.94,2.73,7,9,196.22,14,2,-6.25,success
mol_460,CC[C@H](C)[C@H](NC(=O)[C@@H](Cc1ccccc1)[C@@H](O)[C@H](O)[C@H](Cc1ccccc1)NC(=O)[C@H](Cc1c[nH]cn1)NC(=O)COc1cccc2ccccc12)C(=O)NCc1ccccn1,default,8.027101270785394,success,0.45,,success,0.33559177256544953,854.02,4.22,7,9,207.66,22,2,-5.51,success
mol_461,CC(C)(C)NC(=O)c1ccccc1C[C@@H](O)[C@H](Cc1ccccc1)NC(=O)[C@H](CSc1ccc(F)cc1)NS(C)(=O)=O,default,7.742484009434354,success,-5.19,,success,0.48487366745286287,615.79,3.7,4,6,124.6,13,1,-7.0,success
mol_462,CC(C)[C@H](NC(=O)[C@H](Cc1ccccc1)C[C@H](O)[C@H](Cc1ccccc1)NC(=O)OC(C)(C)C)C(=O)O,default,7.044841460187506,success,-8.81,,success,0.5474034550156255,512.65,3.96,4,5,124.96,12,1,-7.36,success
mol_463,CC(C)CN(C[C@@H](O)[C@H](Cc1ccccc1)NC(=O)O[C@H]1CO[C@H]2OCC[C@H]21)S(=O)(=O)c1ccc(N)cc1,default,7.889171199462031,success,-9.49,,success,0.6404309332885025,547.67,2.38,3,8,140.42,11,1,-7.31,success
mol_464,CCC[C@@]1(CCc2ccccc2)CC(=O)C([C@@H](CC)c2cccc(NS(=O)(=O)c3ccc(C(F)(F)F)cn3)c2)=C(O)O1,default,6.5242941176756135,success,-2.86,,success,0.3056911764729678,602.68,7.33,2,6,105.59,11,2,-6.1,success
mol_465,CC(C)(C)NC(=O)N(Cc1ccncc1)CC(O)[C@H](Cc1ccccc1)NC(=O)[C@H](CC(N)=O)NC(=O)c1ccc2ccccc2n1,default,8.221165476199841,success,-3.45,,success,0.4667637896833201,639.76,2.7,5,7,179.64,13,1,-6.37,success
mol_466,Cc1cc(S[C@@H]2CCN(C[C@@H](O)[C@H](Cc3ccccc3)NC(=O)COc3c(C)cccc3C)[C@H](C(=O)NC(C)(C)C)C2)nc(C)n1,default,7.813262045832826,success,-4.21,,success,0.4581051704860689,647.89,4.72,3,8,116.68,12,1,-6.64,success
mol_467,O=c1cc(-c2ccccc2)oc(O)c1C(CC1CCCC1)SC1CCCCC1,default,6.413808782330267,success,-7.53,,success,0.4521507318608555,398.57,6.7,1,4,50.44,6,1,-8.68,success
mol_468,CC(C)(C)OC(=O)N[C@@H](Cc1ccccc1)[C@@H](O)C[C@@H](Cc1ccc(OCC(=O)N2CCOCC2)cc1)C(=O)NC1c2ccccc2C[C@H]1O,default,9.327086400300637,success,-3.71,,success,0.5675905333583864,687.83,3.74,4,8,146.66,13,1,-6.42,success
mol_469,CC(C)[C@H](NC(=O)N(C)CCc1ccccn1)C(=O)N[C@@H](Cc1ccccc1)[C@H](O)[C@H](O)[C@H](Cc1ccccc1)NC(=O)[C@H](NC(=O)N(C)CCc1ccccn1)C(C)C,default,8.308950344294523,success,-2.54,,success,0.4437458620245436,823.05,3.77,6,8,189.12,21,2,-5.65,success
mol_470,CC(C)CN([C@H](CO)CCCCNC(=O)[C@@H](NC(=O)N1CCOCC1)C(c1ccccc1)c1ccccc1)S(=O)(=O)c1ccc(N)cc1,default,8.732868687150033,success,-3.98,,success,0.5270723905958361,679.88,3.81,4,7,154.3,16,1,-6.28,success
mol_471,CC(C1=C(O)[C@@](CCc2ccccc2)(C(=O)NCc2ccc(C(C)(C)C)cc2)OC1=O)c1ccccc1,default,5.500973056682327,success,-7.47,,success,0.3740810880568606,497.64,6.14,2,4,75.63,8,1,-7.64,success
mol_472,CC1(C)CC2(CC(C)(C)c3cc(OS(=O)(=O)[O-])c(OS(=O)(=O)[O-])cc32)c2cc(OS(=O)(=O)[O-])c(OS(=O)(=O)[O-])cc21.[K+].[K+].[K+].[K+],default,5.733482815764076,success,-0.72,,success,0.16845690131367302,813.04,-11.29,0,16,265.72,8,2,-5.58,success
mol_473,N#Cc1cccc(OCCCc2c(O)c3ccccc3oc2=O)c1,default,5.221259343622134,success,-11.04,,success,0.4697716119685112,321.33,3.38,1,5,83.46,5,0,-9.43,success
mol_474,O=C(OC1COc2ccccc2C1)c1ccc(O)c(O)c1O,default,5.438987155230747,success,-10.53,,success,0.4709155962692289,302.28,1.96,3,6,96.22,2,0,-9.84,success
mol_475,CCNS(=O)(=O)Oc1cc(C(C)(C)C)c(SC2=C(O)OC(C)(CCc3ccc(O)cc3)CC2=O)cc1C,default,8.048436997319586,success,-6.75,,success,0.5623697497766321,549.71,5.43,3,8,122.16,9,2,-7.05,success
mol_476,O=C(N[C@@H](Cc1ccccc1)[C@@H](O)C[C@]1(Cc2ccccc2)N=CC([C@@H]2CNC(=O)c3ccccc32)=C1O)O[C@H]1CCOC1,default,8.057980180690615,success,-4.53,,success,0.4891650150575513,595.7,4.27,4,7,129.48,10,1,-7.09,success
mol_477,CC[C@H](C)[C@H](NC(=O)[C@H](C(C)C)[C@@H](O)[C@H](O)[C@H](CC1CCCCC1)NC(=O)c1cccc(C)c1OCOc1ccccc1)C(=O)NCc1nc2ccccc2[nH]1,default,7.359968440535077,success,-0.47,,success,0.2956640367112564,769.98,6.2,6,8,174.9,19,3,-4.84,success
mol_478,CC(C)[C@H](NC(=O)OCc1cccnc1)C(=O)N[C@@H](Cc1ccccc1)[C@H](O)[C@H](O)[C@H](Cc1ccccc1)NC(=O)[C@H](NC(=O)OCc1cccnc1)C(C)C,default,8.71273870682744,success,-1.98,,success,0.45872822556895326,768.91,3.86,6,10,201.1,19,2,-5.64,success
mol_479,CC(C)C[C@@H]1NC(=O)[C@H](C(C)C)NC(=O)[C@]2(C)CCCN2C(=O)[C@H](C(C)C)NC(=O)[C@H](Cc2ccccc2)NC(=O)CSCCNC(=O)[C@H](Cc2ccccc2)N(C)C(=O)[C@H](CC(C)C)NC(=O)[C@H](CCc2ccccc2)NC1=O,default,8.773541942965934,success,-1.14,,success,0.43579516191382783,1122.49,4.49,7,10,244.32,13,2,-5.83,success
mol_480,COc1ccc2c(O)c(C(c3cccc(NS(=O)(=O)c4cccc5cccnc45)c3)C3CC3)c(=O)oc2c1,default,5.522165783493048,success,-6.6,,success,0.3468471486244207,528.59,5.4,2,7,118.73,7,2,-6.92,success
mol_481,N#Cc1ccc(S(=O)(=O)Nc2cccc(C(c3c(O)c4c(oc3=O)CCCCCC4)C3CC3)c2)cc1,default,5.578405971822687,success,-7.85,,success,0.3932004976518906,504.61,5.22,2,6,120.4,6,2,-7.75,success
mol_482,CC(C)=CCCC(C)C1=C(O)C(CCc2ccccc2)(C(=O)NC(C)(C)C)OC1=O,default,5.529170401598283,success,-6.85,,success,0.35576420013319027,413.56,5.02,2,4,75.63,8,1,-8.48,success
mol_483,CC(C)C[C@H](NC(=O)[C@H](Cc1ccccc1)C[C@H](O)[C@H](Cc1ccccc1)NC(=O)OC(C)(C)C)C(=O)N[C@@H](Cc1ccccc1)C(N)=O,default,8.738856237232957,success,-2.04,,success,0.46290468643607974,672.87,4.48,5,6,159.85,17,1,-6.15,success
mol_484,COc1ccc(S(=O)(=O)N(CC(C)C)C[C@@H](O)[C@H](Cc2ccccc2)NC(=O)O[C@H]2CO[C@H]3O[C@@H]4OCC[C@@H]4[C@H]32)cc1,default,7.604581049516952,success,-3.85,,success,0.42871508745974596,604.72,2.77,2,9,132.86,12,1,-7.33,success
mol_485,CN(C(=O)OC(C)(C)C)C1=C(O)C(CCc2ccccc2)(C(=O)NCC2CCCO2)OC1=O,default,5.128443979457437,success,-10.47,,success,0.44303699828811977,460.53,2.85,2,7,114.4,7,0,-9.0,success
mol_486,CC(C)[C@H](COCc1ccccc1)NC(=O)C(F)(F)[C@@H](O)C(Cc1ccc(OCc2ccccc2)cc1)NC(=O)[C@@H](NC(=O)OCc1ccccc1)C(C)C,default,7.748304436001241,success,-0.33,,success,0.32335870300010344,759.89,6.6,4,7,135.22,20,2,-5.2,success
mol_487,Cc1cc(SC2=C(O)OC(C)(CCc3ccc(O)cc3)CC2=O)c(C(C)(C)C)cc1O,default,8.09031423345427,success,-7.57,,success,0.5931928527878558,442.58,5.9,3,6,86.99,5,1,-8.36,success
mol_488,CC1=C(C(COC(=O)c2ccc3ccccc3c2)OC(=O)c2ccc3ccccc3c2)c2cc3nc(cc4[nH]c(cc5[nH]c(cc1n2)c(C)c5CCC(=O)O)c(CCC(=O)O)c4C)C(C(COC(=O)c1ccc2ccccc2c1)OC(=O)c1ccc2ccccc2c1)=C3C,default,5.326541394825111,success,0.8,,success,0.11054511623542591,1247.37,15.61,4,12,237.16,18,3,-4.49,success
mol_489,CC[C@H](C)[C@H](NC(=O)[C@H](Cc1ccccc1)CC(O)CN1CCC[C@@H]1C(=O)NC(C)(C)C)C(=O)NCc1nc2ccccc2[nH]1,default,7.6393874537081805,success,-3.77,,success,0.4289489544756817,618.82,3.7,5,6,139.45,14,1,-6.85,success
mol_490,Cc1ccc(C(=O)N[C@@H](Cc2ccccc2)[C@H](O)Cc2ccccc2C(=O)NC(C)(C)C)cc1C(=O)N1CCc2ccccc2C1,default,7.4235981756345,success,-1.81,,success,0.345633181302875,617.79,5.67,3,4,98.74,9,2,-6.41,success
mol_491,CC(C)(C)OC(=O)N[C@@H](Cc1ccccc1)[C@@H](O)C[C@@H](Cc1ccccc1)C(=O)NC1C=CC[C@H]1O,default,7.585599648660993,success,-9.37,,success,0.6111333040550827,494.63,3.54,4,5,107.89,10,0,-8.16,success
mol_492,Cc1cc(SC2=C(O)OC(CCc3ccc(O)cc3)(c3ccccc3)CC2=O)c(C(C)(C)C)cc1CO,default,8.248658770539569,success,-7.49,,success,0.6037215642116307,518.68,6.83,3,6,86.99,7,2,-7.21,success
mol_493,CCCNS(=O)(=O)Oc1cc(C(C)(C)C)c(SC2=C(O)OC(C)(CCc3ccc(O)cc3)CC2=O)cc1C,default,8.010770187744615,success,-4.17,,success,0.4732308489787179,563.74,5.82,3,8,122.16,10,2,-6.75,success
mol_494,Cc1ccc(C[C@@H](O)C[C@@H](Cc2ccccc2)C(=O)N[C@H]2c3ccccc3C[C@H]2O)c(C(=O)NC(C)(C)C)c1,default,7.654029488167629,success,-7.49,,success,0.5541691240139691,528.69,4.45,4,4,98.66,9,1,-7.67,success
mol_495,COC(=O)[C@@H](NC(=O)Cc1ccccc1)[C@@H]1N[C@@H](C(=O)NCCNC(=O)[C@@H]2N[C@@H]([C@H](NC(=O)Cc3ccccc3)C(=O)OC)SC2(C)C)C(C)(C)S1,default,6.944731730425144,success,-0.65,,success,0.2670609775354287,756.95,0.64,6,12,193.06,15,3,-5.7,success
mol_496,Cc1cccc(Cl)c1CNC(=O)[C@H]1N(C(=O)[C@@H](O)C[C@@H](Cc2ccccc2)C(=O)N[C@H]2c3ccccc3OC[C@H]2O)CSC1(C)C,default,9.960636917880029,success,-3.33,,success,0.6077197431566691,666.24,4.17,4,7,128.2,10,1,-6.93,success
mol_497,Cc1cc(SC2=C(O)OC(CCc3cc[nH]n3)(C(C)C)CC2=O)c(C(C)(C)C)cc1CO,default,8.134983617298252,success,-7.45,,success,0.5929153014415209,458.62,5.34,3,6,95.44,7,1,-8.17,success
mol_498,Cc1cn([C@H]2C[C@H](N=[N+]=[N-])[C@@H](CO)O2)c(=O)[nH]c1=O,default,7.388712975166773,success,-7.63,,success,0.5367260812638978,267.25,-0.2,2,6,133.08,3,0,-8.74,success
mol_499,CC(C)CN([C@H](CO)CCCCNC(=O)[C@@H](NC(=O)c1cnccc1N)C(c1ccccc1)c1ccccc1)S(=O)(=O)c1ccc(N)cc1,default,8.920455246148487,success,-1.22,,success,0.45070460384570726,686.88,4.17,5,8,180.74,17,1,-5.8,success
mol_500,CC(C)[C@H](NC(=O)[C@H](Cc1cccc2ccccc12)CS(=O)(=O)C(C)(C)C)C(=O)N[C@H](Cc1ccccc1)P(N)(=O)[C@@H](Cc1ccccc1)NC(=O)[C@@H](NC(=O)[C@H](Cc1cccc2ccccc12)CS(=O)(=O)C(C)(C)C)C(C)C,default,7.12618817352963,success,1.35,,success,0.26051568112746915,1134.46,9.33,5,9,227.77,24,2,-4.74,success
mol_501,CC(C)CN([C@H](CO)CCCCNC(=O)[C@@H](NC(=O)c1ccccc1O)C(c1ccccc1)c1ccccc1)S(=O)(=O)c1ccc(N)cc1,default,9.059652937673322,success,-0.54,,success,0.4396377448061102,686.88,4.9,5,7,162.06,17,1,-5.67,success
mol_502,CC(C)(C)NC(=O)[C@@H]1C[C@@H]2CCCC[C@@H]2CN1C[C@@H](O)[C@H](Cc1ccccc1)NC(=O)[C@@H](NC(=O)c1ccc2ccccc2n1)[C@H]1CCSC1,default,8.269480276483202,success,-2.71,,success,0.4461233563736002,699.96,4.97,4,7,123.66,11,1,-6.34,success
mol_503,CCCCCCCCCCCCCCCC(=O)Nc1c(OC(=O)CCCCCCCCCCCCCCC)cc(S(=O)(=O)O)c2ccccc12,default,5.867801182468625,success,-2.73,,success,0.2466500985390521,716.08,12.89,2,5,109.77,31,2,-5.41,success
mol_504,CC(C)(C)c1ccccc1Sc1c(O)cc(-c2ccccc2)oc1=O,default,6.8761415445022465,success,-7.84,,success,0.5010117953751871,352.46,5.46,1,4,50.44,3,1,-9.41,success
mol_505,CCCC[C@H](CN[C@H](CCCC)C(=O)N[C@@H](CCC(N)=O)C(=O)N[C@@H](CCCN=C(N)N)C(N)=O)NC(=O)[C@@H](NC(=O)[C@@H](NC(C)=O)[C@@H](C)O)[C@@H](C)CC,default,5.935709511568459,success,-0.49,,success,0.17764245929737157,769.99,-2.0,11,10,328.34,29,2,-4.86,success
mol_506,O=C(/C=C/CN1CCC(O)(c2ccc(Cl)cc2)CC1)c1ccc(F)cc1,default,5.1306755329944655,success,-8.52,,success,0.3782229610828721,373.86,4.2,1,3,40.54,5,0,-9.75,success
mol_507,[O-][S+](Cc1[nH]c2ccccc2c1Sc1ccccc1)c1ccccc1,default,6.331321663605607,success,-6.96,,success,0.42627680530046724,363.51,5.63,1,2,38.85,5,1,-8.66,success
mol_508,CC(C)(C)NC(=O)c1ccccc1C[C@@H](O)[C@H](Cc1ccccc1)NC(=O)[C@H](C[S+]([O-])c1ccc2ccccc2c1)NS(C)(=O)=O,default,8.71206081201237,success,-2.6,,success,0.4793384010010308,663.86,3.72,4,6,147.66,13,1,-6.06,success
mol_509,CC[C@H](C)[C@H](NC(=O)[C@@H](C(C)C)C(O)C(O)[C@H](CC(C)C)NC(=O)[C@H](Cc1c[nH]cn1)NC(=O)[C@H](Cc1ccccc1)NC(=O)OC(C)(C)C)C(=O)NCc1ccccn1,default,7.681458053328643,success,-2.64,,success,0.3947881711107203,835.06,3.34,8,10,236.76,22,2,-6.03,success
mol_510,CC[C@@H](C)[C@H](NC(=O)[C@@H](CC(C)C)C(O)C(O)[C@H](CC(C)C)NC(=O)C(Cc1c[nH]cn1)NC(=O)COc1cccc2ccccc12)C(=O)NCc1ccccn1,default,7.634884782445674,success,-2.15,,success,0.3745737318704728,785.99,3.83,7,9,207.66,22,2,-5.63,success
mol_511,CC(C)CN(C[C@@H](O)[C@H](Cc1ccccc1)NC(=O)[C@H]1CNCCO1)S(=O)(=O)c1ccc(N)cc1,default,7.192956622124292,success,-6.49,,success,0.482413051843691,504.65,0.99,4,7,133.99,11,1,-7.3,success
mol_512,CC(C)C[C@H](NC(=O)[C@@H](NC(=O)CCCCCCCCCCCCCCC(=O)N[C@@H](CC(N)=O)C(=O)N[C@@H](Cc1ccccc1)C(=O)O)[C@H](C)O)C(=O)N[C@@H](Cc1ccccc1)C(N)=O,default,5.520888524797248,success,-2.95,,success,0.22507404373310397,908.15,3.23,9,9,289.21,34,2,-6.11,success
mol_513,Cn1cnc(Cn2c(=O)[nH]/c(=N\c3cc4cn(C)nc4cc3Cl)n(Cc3cc(F)c(F)cc3F)c2=O)n1,default,6.273398638649382,success,-10.31,,success,0.5331165532207818,531.89,1.75,1,10,120.68,5,1,-7.93,success
mol_514,O=C(N[C@@H](Cc1ccccc1)[C@@H](O)C[C@]1(Cc2ccccc2)N=CC(C2c3ccccc3C[C@H]2O)=C1O)O[C@H]1CCOC1,default,8.287269909495661,success,-4.03,,success,0.4916058257913051,582.7,4.44,4,7,120.61,10,1,-7.19,success
mol_515,CC(C)CN(C[C@@H](O)[C@H](Cc1ccccc1)NC(=O)O[C@H]1CCNC1)S(=O)(=O)c1ccc(N)cc1,default,5.4850745892991055,success,-8.33,,success,0.40142288244159213,504.65,1.98,4,7,133.99,11,1,-7.54,success
mol_516,CCOC(=O)c1cccc(OCCCc2c(O)oc3ccccc3c2=O)c1,default,5.121690008571396,success,-8.54,,success,0.3781408340476163,368.39,3.69,1,6,85.97,7,0,-9.11,success
mol_517,O=C1C(=O)c2ccccc2C(O)=C1Sc1ccccc1,default,5.893484309093619,success,-11.23,,success,0.5321236924244683,282.32,3.47,1,4,54.37,2,0,-10.25,success
mol_518,CC(C)[C@H](NC(=O)c1ccc2ccccc2c1)C(=O)N[C@@H](Cc1ccccc1)[C@H](O)CN1CC2CCCCC2C[C@H]1C(=O)NC(C)(C)C,default,8.136075365840577,success,-2.04,,success,0.41267294715338143,654.9,5.48,4,5,110.77,11,2,-6.31,success
mol_519,CSc1ccc(S(=O)(=O)N(CC(C)C)C[C@@H](O)[C@H](Cc2ccccc2)NC(=O)Cc2ccc(O)c(O)c2)cc1,default,8.24512821187875,success,-6.76,,success,0.5790940176565625,572.75,3.8,4,7,127.17,13,1,-7.07,success
mol_520,CC(C)CC(Sc1ccccc1)c1c(O)cc(-c2ccccc2)oc1=O,default,6.215877725566561,success,-7.81,,success,0.4449898104638801,366.48,5.89,1,4,50.44,6,1,-8.81,success
mol_521,CC(=O)N[C@@H](CSc1ccc2ccccc2c1)C(=O)N[C@@H](Cc1ccccc1)[C@H](O)Cc1ccccc1C(=O)NC(C)(C)C,default,7.680697671053632,success,-0.92,,success,0.33739147258780267,611.81,5.3,4,5,107.53,12,2,-6.09,success
mol_522,CC(C)CCN(C[C@@H](O)[C@H](Cc1ccccc1)NC(=O)[C@H](CC(N)=O)NC(=O)OCc1ccccc1)S(C)(=O)=O,default,6.965900838904903,success,-5.16,,success,0.4191584032420753,576.72,1.55,4,7,168.13,16,1,-6.84,success
mol_523,Cc1ccc(S(=O)(=O)N/N=C(/CCN2CCCC2)CC(c2ccccc2)c2c(O)oc3ccccc3c2=O)cc1,default,5.969482138490981,success,-4.53,,success,0.31512351154091506,559.69,5.15,2,7,112.21,10,2,-6.52,success
mol_524,CC(C)(C)NC(=O)[C@@H]1CN(Cc2cccnc2)CCN1C[C@@H](O)C[C@@H](Cc1ccccc1)C(=O)N[C@H]1c2ccccc2C[C@H]1O.O,default,8.781063360841628,success,-3.85,,success,0.5267552800701357,631.82,2.04,4,7,149.53,11,1,-6.79,success
mol_525,CC(C)(C)OC(=O)N[C@@H](Cc1ccccc1)[C@@H](O)/C=C(/Cc1ccccc1)C(=O)NC1c2ccccc2C[C@@H]1O,default,7.764525578075088,success,-7.17,,success,0.5527104648395906,542.68,4.43,4,5,107.89,9,1,-7.52,success
mol_526,CCC(Cc1ccccc1)c1cc(O)c(C(c2cccc(NS(=O)(=O)c3cccc4cccnc34)c2)C2CC2)c(=O)o1,default,6.089874246277264,success,-3.18,,success,0.28015618718977203,580.71,6.97,2,6,109.5,10,2,-6.02,success
mol_527,COP(=O)(C(Cc1ccccc1)NC(=O)C(F)(F)F)N1CCC[C@H]1C(N)=O,default,5.277145730287496,success,-10.55,,success,0.458095477523958,407.33,2.02,2,4,101.73,7,0,-9.43,success
mol_528,O=C(N[C@H]1c2ccccc2OC[C@H]1O)[C@H](Cc1cccnc1)C[C@H](O)CN1CCN(Cc2ccn(-c3cccc(Cl)c3)c2)C[C@H]1C(=O)NCC(F)(F)F,default,10.180921945477033,success,-1.75,,success,0.5583333333333333,755.24,3.91,4,9,132.19,13,1,-6.19,success
mol_529,CC[C@@H](C)[C@@H]1NC(=O)[C@@H](NC[C@@H](O)[C@H](Cc2ccccc2)NC(=O)[C@@H](NC(=O)c2ccc3ccccc3n2)C(C)C)Cc2ccc(cc2)OCCCNC1=O,default,7.6218931831712595,success,-2.55,,success,0.3868244319309383,750.94,3.71,6,8,170.78,13,2,-5.7,success
mol_530,COc1ccc(S(=O)(=O)N(CC(C)C)C[C@@H](O)[C@H](Cc2ccccc2)NC(=O)c2cc3ccc(OC)cc3oc2=O)cc1,default,7.122089914794308,success,-4.55,,success,0.411840826232859,608.71,3.86,2,8,135.38,13,1,-6.58,success
mol_531,CCCCCC/C=C\CCCCCCCc1cc(O)cc(O)c1,default,5.545734494612102,success,-6.92,,success,0.3594778745510085,318.5,6.51,2,2,40.46,13,1,-8.19,success
mol_532,O=C(/C=C/c1ccccc1)Nc1cccc(C(c2c(O)oc3c(c2=O)CCCCCC3)C2CC2)c1,default,5.1213213677073455,success,-7.88,,success,0.3561101139756121,469.58,6.2,2,4,79.54,6,1,-8.0,success
mol_533,CC(C)[C@@H]1NC(=O)/C=C\CCCCCOc2ccc(cc2)C[C@@H]([C@H](O)CN2CC3CCCCC3C[C@H]2C(=O)NC(C)(C)C)NC1=O,default,7.899211234709515,success,-4.12,,success,0.4622676028924596,638.89,4.52,4,6,120.0,5,1,-7.6,success
mol_534,CC[C@H](C)[C@H](NC(=O)[C@H](Cc1ccccc1)CC(O)CN1CCC[C@@H]1C(=O)N[C@H](C(=O)OC(C)(C)C)[C@@H](C)CC)C(=O)NCc1nc2ccccc2[nH]1,default,7.639314756859612,success,-1.81,,success,0.36360956307163433,732.97,4.66,5,8,165.75,18,1,-6.04,success
mol_535,CC(C)(C)OC(=O)N[C@@H](Cc1ccccc1)[C@@H](O)C[C@@H](Cc1ccccc1)C(=O)N[C@@H]1CCCC[C@H]1O,default,7.150500043912252,success,-6.72,,success,0.486541670326021,510.68,4.15,4,5,107.89,10,1,-7.73,success
mol_536,CC(C)(C)OC(=O)N[C@@H](Cc1ccccc1)[C@@H](O)C[C@@H](Cc1ccccc1)C(=O)N[C@H]1C=CC[C@H]1O,default,7.585599648660993,success,-9.06,,success,0.6007999707217494,494.63,3.54,4,5,107.89,10,0,-8.16,success
mol_537,Cc1cc(CN2CCN(C[C@@H](O)[C@H](Cc3ccccc3)NC(=O)O[C@@H]3CCS(=O)(=O)[C@@H]3C(C)C)[C@H](C(=O)NC(C)(C)C)C2)ccn1,default,8.089858009160531,success,-4.47,,success,0.4898215007633776,657.88,2.7,3,9,141.17,11,1,-6.89,success
mol_538,COc1ccc(CN2C[C@H](O)[C@@](CCC(C)C)(c3ccc(S(C)(=O)=O)cc3O[C@@H](C)CO)C2=O)cc1,default,6.252864179856871,success,-10.06,,success,0.5230720149880727,519.66,2.94,2,7,113.37,11,1,-7.8,success
mol_539,Cc1cccc(C[C@H](NC(=O)c2c(C)ccc(O)c2C)[C@H](O)C(=O)N2C[C@@H](Cl)C[C@H]2C(=O)NC(C)(C)C)c1,default,8.279953741037422,success,-9.2,,success,0.6633294784197852,544.09,3.14,4,5,118.97,7,1,-8.08,success
mol_540,CC1(C)SCN(C(=O)[C@@H](O)C[C@@H](Cc2ccccc2)C(=O)N[C@H]2c3ccccc3OC[C@H]2O)[C@@H]1C(=O)NCc1c(F)cccc1F,default,9.236641414089036,success,-5.39,,success,0.6160534511740863,653.75,3.48,4,7,128.2,10,1,-7.07,success
mol_541,CC(C)(C)c1ccccc1SC1=C(O)OC(c2ccccc2)(c2ccccc2)CC1=O,default,7.421632794528918,success,-7.85,,success,0.5468027328774099,430.57,6.74,1,4,46.53,4,1,-8.5,success
mol_542,CC(C)(C)NC(=O)[C@@H]1C[C@@H]2CCCC[C@@H]2CN1C[C@@H](O)[C@H](Cc1ccccc1)NC(=O)C1=CCCS(=O)(=O)C1,default,6.855792908085069,success,-7.58,,success,0.49064940900708903,559.77,2.62,3,6,115.81,8,1,-8.1,success
mol_543,CC1(C)CC2(CC(C)(C)c3cc(O)c(O)cc32)c2cc(O)c(O)cc21,default,4.628752721843767,success,-8.1,,success,0.32239606015364725,340.42,4.16,4,4,80.92,0,0,-9.87,success
mol_544,CCC(C)[C@@H]1NC(=O)[C@@H](NC[C@@H](O)C[C@@H](Cc2ccccc2)C(=O)N[C@H]2c3ccccc3C[C@H]2O)Cc2ccc(cc2)OCCCCCNC1=O,default,7.538699246428224,success,-3.98,,success,0.4275582705356853,698.9,3.78,6,7,149.02,11,2,-6.08,success
mol_545,CC(C)(C)OC(=O)N[C@@H](Cc1ccccc1)[C@@H](O)C[C@@H](Cc1ccccc1)C(=O)N[C@H]1c2ccccc2C[C@H]1O,default,9.091480203237646,success,-7.13,,success,0.6619566836031372,544.69,4.51,4,5,107.89,10,1,-7.47,success
mol_546,CCC[C@]1(CCc2ccccc2)CC(=O)C([C@H](CC)c2cccc(NS(=O)(=O)c3ccc(C(F)(F)F)cn3)c2)=C(O)O1,default,6.5242941176756135,success,-2.57,,success,0.29602450980630113,602.68,7.33,2,6,105.59,11,2,-6.1,success
mol_547,CCC(C)C(CO)NC(=O)[C@@H]1N[C@@H]([C@H](NC(=O)Cc2ccccc2)C(=O)NCc2ccccc2)SC1(C)C.CO,default,6.16135889208752,success,-5.88,,success,0.3761132410072934,572.77,1.97,6,7,139.79,12,2,-6.97,success
mol_548,CC[C@H](C)[C@H](NC(=O)[C@@H]1CCCN1C[C@H](O)[C@H](Cc1ccccc1)NC(=O)[C@H](CC(N)=O)NC(=O)OCc1ccccc1)C(=O)N[C@H](C(=O)OC)C(C)C,default,7.1754473941719255,success,-2.56,,success,0.3499539495143271,752.91,1.55,6,10,218.49,20,2,-6.1,success
mol_549,CC(C)c1ccccc1Sc1c(O)cc(-c2ccccc2)oc1=O,default,6.879928807502217,success,-8.01,,success,0.5069940672918514,338.43,5.29,1,4,50.44,4,1,-9.39,success
mol_550,Cc1ccc(C(C)(C)C)c(SC2=C(O)OC(CCc3ccccc3)(c3ccccc3)CC2=O)c1,default,7.651277966623604,success,-7.9,,success,0.5676064972186337,472.65,7.63,1,4,46.53,6,1,-7.86,success
mol_551,Cc1cc(SC2=C(O)OC(C)(CCc3ccc(O)cc3)CC2=O)c(C(C)(C)C)cc1N,default,8.051305414042725,success,-7.06,,success,0.5729421178368937,441.59,5.78,3,6,92.78,5,1,-8.31,success
mol_552,C[C@H](C[C@H](O)[C@H](Cc1ccccc1)NC(=O)OC(C)(C)C)C(=O)N[C@H]1c2ccccc2C[C@H]1O,default,6.630964135274052,success,-8.92,,success,0.516580344606171,468.59,3.28,4,5,107.89,8,0,-8.61,success
mol_553,CC(C)(C)OC(=O)N[C@@H](Cc1ccccc1)[C@@H](O)C[C@@H](Cc1ccccc1)C(=O)NCc1ccccc1,default,6.979436450243788,success,-7.33,,success,0.4926197041869823,502.66,5.05,3,4,87.66,11,2,-7.22,success
mol_554,O=C(N[C@H]1c2ccccc2OC[C@H]1O)[C@H](Cc1ccccc1)C[C@H](O)CN1CCN(Cc2ncc(-c3ccncc3)o2)C[C@H]1C(=O)NCC(F)(F)F,default,9.576304290479726,success,-1.55,,success,0.5163586908733105,722.77,3.12,4,10,153.29,13,1,-6.12,success
mol_555,CC(C)[C@H](NC(=O)N(C)Cc1cscn1)C(=O)N[C@@H](Cc1ccccc1)[C@@H](O)[C@H](O)[C@H](Cc1ccccc1)NC(=O)[C@H](NC(=O)N(C)Cc1cscn1)C(C)C,default,8.804521296650842,success,-1.77,,success,0.4593767747209035,807.06,3.81,6,10,189.12,19,2,-5.62,success
mol_556,CC(C)C[C@H](NC(=O)[C@@H](NC(=O)CCCCCCCCCCCCCCC(=O)N[C@@H](CC(N)=O)C(=O)N[C@@H](Cc1ccccc1)C(=O)O)[C@@H](C)O)C(=O)NCCc1ccc(Oc2ccc(O)cc2)cc1,default,5.778104271982986,success,-0.15,,success,0.1531753559985822,973.22,5.87,9,10,275.58,35,3,-5.21,success
mol_557,CC[C@H](C)[C@H](NC(=O)C[C@H](O)[C@H](CC1CCCCC1)NC(=O)CC1C=CCN2C(=O)CCC(CNCc3ccccc3)C(=O)N12)C(=O)N[C@@H](Cc1ccccc1)C(=O)O,default,5.8728205168582965,success,-3.38,,success,0.26873504307152474,815.03,3.64,6,8,197.48,20,2,-6.05,success
mol_558,CCC[C@]1(CCc2ccccc2)CC(=O)C([C@@H](CC)c2cccc(NS(=O)(=O)c3cn(C)cn3)c2)=C(O)O1,default,6.242087568603572,success,-6.88,,success,0.41617396405029766,537.68,5.65,2,7,110.52,11,2,-6.76,success
mol_559,CC(C)(C)OC(=O)NC(CC(N)=O)C(=O)N[C@@H](Cc1ccccc1)C(O)CN[C@@H](Cc1ccccc1)C(=O)NC1c2ccccc2C[C@H]1O,default,7.028824772853359,success,-4.1,,success,0.3890687310711133,673.81,1.82,7,8,192.11,15,2,-6.27,success
mol_560,Cn1cnc(S(=O)(=O)Nc2cccc(C(c3c(O)cc(C(CC4CC4)CC4CC4)oc3=O)C3CC3)c2)c1,default,5.734580236843996,success,-6.77,,success,0.37021501973699966,523.66,5.11,2,7,114.43,11,2,-6.94,success
mol_561,O=C(N[C@@H](Cc1ccccc1)[C@H](O)CNC[C@@H](O)[C@H](Cc1ccccc1)NC(=O)OCc1ccccc1)OCc1ccccc1,default,6.976392821154207,success,-1.79,,success,0.30769940176285054,611.74,4.37,5,7,129.15,16,1,-6.38,success
mol_562,CC(C)(C)OC(=O)N[C@@H](Cc1ccccc1)[C@@H](O)C[C@@H](Cc1ccc(I)cc1)C(=O)N[C@H]1c2ccccc2C[C@H]1O,default,9.11565134813735,success,-1.61,,success,0.4799709456781125,670.59,5.11,4,5,107.89,10,2,-6.58,success
mol_563,CC(C)[C@H](NC(=O)[C@H](Cc1ccccc1)C[C@H](O)[C@H](Cc1ccccc1)NC(=O)OC(C)(C)C)C(=O)NCCCN1CCOCC1,default,8.307351346937864,success,-5.36,,success,0.537612612244822,638.85,3.71,4,7,129.23,16,1,-6.82,success
mol_564,CC(C)(C)NC(=O)[C@@H]1C[C@@H]2CCCC[C@@H]2CN1C[C@@H](O)[C@@H](NC(=O)[C@H](CC(N)=O)NC(=O)c1ccc2ccccc2n1)c1cccs1,default,7.951098230119018,success,-4.46,,success,0.4779248525099182,662.86,3.28,5,8,166.75,11,1,-6.59,success
mol_565,CCC[C@@]1(CCc2ccccc2)CC(=O)C([C@@H](CC)c2cccc(NS(=O)(=O)c3cn(C)cn3)c2)=C(O)O1,default,6.242087568603572,success,-7.01,,success,0.420507297383631,537.68,5.65,2,7,110.52,11,2,-6.76,success
mol_566,CCC(C)c1cc(CN2CCN(C[C@@H](O)[C@H](Cc3ccccc3)NC(=O)O[C@@H]3CCS(=O)(=O)[C@@H]3C(C)C)[C@H](C(=O)NC(C)(C)C)C2)ccn1,default,8.278245400678303,success,-4.29,,success,0.49952045005652523,699.96,3.91,3,9,141.17,13,1,-6.44,success
mol_567,CC1(C)S[C@H]([C@H](NC(=O)Cc2ccccc2)C(=O)OCc2ccccc2)N[C@H]1C(=O)NCCNC(=O)[C@@H]1N[C@@H]([C@H](NC(=O)Cc2ccccc2)C(=O)OCc2ccccc2)SC1(C)C,default,7.512898684103322,success,-1.96,,success,0.3580748903419435,909.14,3.78,6,12,193.06,19,3,-5.39,success
mol_568,O=c1cc(-c2ccccc2)oc(O)c1Sc1ccccc1,default,5.970550719705372,success,-9.2,,success,0.47087922664211435,296.35,4.16,1,4,50.44,3,0,-9.93,success
mol_569,CC(C)CC(NC(=O)[C@H](Cc1ccccc1)C[C@H](O)[C@H](Cc1ccccc1)NC(=O)OC(C)(C)C)C(=O)NCc1ccccc1,default,8.239277583339371,success,-2.09,,success,0.42293979861161424,615.82,5.58,4,5,116.76,15,2,-6.28,success
mol_570,CC(C)CCN(C[C@@H](O)[C@H](Cc1ccccc1)NC(=O)[C@H](CC(N)=O)NC(=O)c1ccc2ccccc2n1)S(=O)(=O)c1ccccc1,default,8.135766974904607,success,-3.09,,success,0.44764724790871724,659.81,3.03,4,7,171.79,16,1,-6.24,success
mol_571,CCc1ccc(CCN2CCN(C[C@@H](O)[C@H](Cc3ccccc3)NC(=O)O[C@@H]3CCS(=O)(=O)[C@@H]3C(C)C)[C@H](C(=O)NC(C)(C)C)C2)s1,default,8.35550478321881,success,-4.5,,success,0.5129587319349008,690.97,3.66,3,9,128.28,13,1,-6.81,success
mol_572,CC(C)C[C@H](NC(=O)[C@H](Cc1ccccc1)CP(=O)(O)[C@H](Cc1ccccc1)NC(=O)OC(C)(C)C)C(=O)N[C@@H](Cc1ccccc1)C(N)=O,default,7.208471687125896,success,-1.6,,success,0.320705973927158,706.82,4.95,5,6,176.92,17,1,-5.96,success
mol_573,CC(C)[C@H](NC(=O)OCc1ccccc1)C(=O)N[C@@H](Cc1ccccc1)C(O)[C@H](Cc1ccccc1)NC(=O)[C@@H](NC(=O)OCc1ccccc1)C(C)C,default,8.281946022737714,success,-0.43,,success,0.3711621685614761,736.91,5.7,5,7,155.09,18,2,-5.22,success
mol_574,Cc1ccnc2c1NC(=O)c1cccnc1N2C1CC1,default,5.860376921434573,success,-11.16,,success,0.5270314101195477,266.3,2.65,1,4,58.12,1,0,-10.53,success
mol_575,CC1=C(C(COC(=O)c2ccc(N(C)C)cc2)OC(=O)c2ccc(N(C)C)cc2)c2cc3nc(cc4[nH]c(cc5[nH]c(cc1n2)c(C)c5CCC(=O)O)c(CCC(=O)O)c4C)C(C(COC(=O)c1ccc(N(C)C)cc1)OC(=O)c1ccc(N(C)C)cc1)=C3C,default,5.248546019202047,success,1.36,,success,0.1040455016001706,1219.41,11.26,4,16,250.12,22,3,-4.56,success
mol_576,Nc1ccc(S(=O)(=O)N(C[C@@H](O)[C@H](Cc2ccccc2)NC(=O)O[C@H]2CO[C@H]3OCC[C@H]32)OC2CCCC2)cc1,default,7.565015219930781,success,-5.81,,success,0.49075126832756505,575.68,2.59,3,9,149.65,11,1,-7.1,success
mol_577,CC(C)[C@H]1SCC[C@H]1OC(=O)N[C@@H](Cc1ccccc1)[C@H](O)CN1C[C@H]2CCS[C@H]2C[C@H]1C(=O)NC(C)(C)C,default,8.174260090975126,success,-5.83,,success,0.5421883409145939,577.86,4.33,3,7,90.9,9,1,-7.71,success
mol_578,CCCCNC(=O)C1(C)OC(O)=C(CCc2ccccc2)C1=O,default,5.2861871793523,success,-10.84,,success,0.46851559827935835,317.38,2.66,2,4,75.63,7,0,-9.72,success
mol_579,CC(C)CCN(C[C@@H](O)[C@@H]1Cc2ccc(cc2)OCCCCCC(=O)N[C@@H](C(C)C)C(=O)N1)S(=O)(=O)c1ccc(N)cc1,default,7.057738243273769,success,-3.61,,success,0.3751448536061474,616.83,3.49,4,7,151.06,9,1,-7.06,success
mol_580,CC(C)CN(C[C@H](O)[C@H](Cc1ccccc1)NC(=O)[C@H](CC(N)=O)NC(=O)c1ccc2ccccc2n1)NC(=O)C(NC(=O)OCc1ccccc1)C(C)C,default,7.8329241987596525,success,-2.37,,success,0.3984103498966377,753.9,3.24,6,9,205.08,19,2,-5.77,success
mol_581,CC(C)(C)OC(=O)N[C@@H](Cc1ccccc1)[C@@H](O)C[C@@H](Cc1ccc(O)cc1)C(=O)N[C@H]1c2ccccc2C[C@H]1O,default,9.56298307956535,success,-4.94,,success,0.6282485899637793,560.69,4.21,5,6,128.12,10,1,-7.26,success
mol_582,CC(C)(C)OC(=O)N[C@@H](Cc1ccccc1)[C@@H](O)CN[C@H](Cc1ccccc1)C(=O)N[C@H]1c2ccccc2C[C@H]1O,default,6.503803248993786,success,-6.68,,success,0.43131693741614885,559.71,3.46,5,6,119.92,11,1,-7.25,success
mol_583,CC1(C)S[C@@H]2[C@H](NC(=O)Cc3ccccc3)C(=O)N2[C@H]1C(=O)NCCNC(=O)[C@@H]1N2C(=O)[C@@H](NC(=O)Cc3ccccc3)[C@H]2SC1(C)C,default,6.3917500462671795,success,-1.85,,success,0.26097917052226494,692.86,0.8,4,8,157.02,11,1,-6.27,success
mol_584,OC(C(COCc1ccccc1)OCc1ccc(F)cc1)C(O)C(COCc1ccccc1)OCc1ccc(F)cc1,default,5.542191327933391,success,-3.58,,success,0.2478492773277826,578.65,5.59,2,6,77.38,17,2,-6.38,success
mol_585,Cc1cc(SC2=C(O)OC(CCc3csc(N)n3)(C(C)C)CC2=O)c(C(C)(C)C)cc1CO,default,8.44480302077455,success,-7.14,,success,0.6084002517312126,490.69,5.66,3,8,105.67,7,1,-7.81,success
mol_586,CC(C)(C)NC(=O)[C@@H]1CN(Cc2cccc(O)c2)CCN1C[C@@H](O)[C@H](Cc1ccccc1)NC(=O)O[C@H]1CCOC1,default,7.218915787057674,success,-6.6,,success,0.4882429822548062,568.72,2.28,4,8,123.6,10,1,-7.76,success
mol_587,CC(C)(C)NC(=O)[C@@H]1CC2CCCCC2CN1C[C@H](O)[C@H](Cc1ccccc1)NC(=O)[C@H](CC(N)=O)NC(=O)c1ccc2ccccc2n1,default,8.689282591529757,success,-4.26,,success,0.5327735492941464,670.86,3.09,5,7,166.75,12,1,-6.54,success
mol_588,CCCN(CCc1csc(C(C)C)n1)C(=O)NC(C)C(=O)N[C@@H](Cc1ccccc1)C[C@H](O)[C@H](Cc1ccccc1)NC(=O)OCc1cncs1,default,8.462296193377123,success,0.94,,success,0.3718580161147602,734.99,6.09,4,9,145.78,19,2,-5.15,success
mol_589,CSc1ccc(S(=O)(=O)N(CC(C)C)C[C@@H](O)[C@H](Cc2ccccc2)NC(=O)Cc2cccc(O)c2)cc1,default,7.815818911273337,success,-5.92,,success,0.5153182426061114,556.75,4.09,3,6,106.94,13,1,-7.23,success
mol_590,COc1ccc(S(=O)(=O)N(C[C@@H](O)[C@H](Cc2ccccc2)NC(=O)/C=C/c2ccc(O)c(O)c2)C(C)C)cc1,default,8.258802298284982,success,-5.96,,success,0.5535668581904152,554.67,3.31,4,7,136.4,12,1,-7.13,success
mol_591,CC(C)(C)OC(=O)N[C@@H](Cc1ccccc1)[C@@H](O)CC(Cc1ccc(OCC(=O)O)cc1)C(=O)NC1c2ccccc2C[C@H]1O,default,9.462360764249462,success,-4.35,,success,0.6001967303541218,618.73,3.97,5,7,154.42,13,1,-6.52,success
mol_592,Cc1c(O)cccc1C(=O)N[C@@H](Cc1ccccc1)[C@H](O)CN1C[C@H]2CCS[C@H]2C[C@H]1C(=O)NC(C)(C)C,default,8.34098746943244,success,-8.93,,success,0.6594156224527032,539.74,3.51,4,6,101.9,8,1,-8.01,success
mol_593,CCCC1(CCc2ccccc2)CC(=O)C(C(CC)c2cccc(NS(=O)(=O)c3cn(C)cn3)c2)=C(O)O1,default,6.242087568603572,success,-7.12,,success,0.42417396405029767,537.68,5.65,2,7,110.52,11,2,-6.76,success
mol_594,C[C@H](NC(=O)[C@H](Cc1ccccc1)C[C@H](O)[C@H](Cc1ccccc1)NC(=O)OC(C)(C)C)C(N)=O,default,6.908401322567375,success,-8.18,,success,0.5150334435472812,483.61,2.72,4,5,130.75,11,0,-8.02,success
mol_595,CCOC(=O)C(c1c(O)c2ccccc2oc1=O)c1c(O)c2ccccc2oc1=O,default,5.8870511317517105,success,-11.41,,success,0.5375875943126426,408.36,3.01,2,8,127.18,4,0,-8.69,success
mol_596,COc1ccc(S(=O)(=O)N(C[C@@H](O)[C@H](Cc2ccccc2)NC(=O)CCc2ccc(O)c(O)c2)C(C)C)cc1,default,8.60618523306133,success,-5.54,,success,0.5685154360884442,556.68,3.23,4,7,136.4,13,1,-7.23,success
mol_597,CC(C)(C)NC(=O)[C@@H]1C[C@@H]2CCCC[C@@H]2CN1C[C@@H](O)[C@H](Cc1ccccc1)NC(=O)C1CO[C@H]2CCS(=O)(=O)[C@H]2C1,default,7.133518032712058,success,-6.5,,success,0.4777931693926715,603.83,2.46,3,7,125.04,8,1,-7.89,success
mol_598,COc1cncc(-c2cnc(C(C)(C)N3CCN(C[C@@H](O)C[C@@H](Cc4nnc(-c5ccccc5)o4)C(=O)N[C@H]4CCOC[C@H]4O)[C@H](C(=O)NCC(F)(F)F)C3)o2)c1,default,9.284668432063276,success,-1.85,,success,0.5020557026719397,800.84,2.57,4,14,201.44,15,2,-6.0,success
mol_599,COc1ccc(S(=O)(=O)N(CC(C)C)C[C@@H](O)[C@H](Cc2ccccc2)NCc2cc(=O)oc3cc(O)ccc23)cc1,default,7.643334113861381,success,-7.49,,success,0.5532778428217817,580.7,3.92,3,8,129.31,13,1,-6.62,success
mol_600,CC(C)(C)NC(=O)[C@@H]1C[C@@H]2CCCC[C@@H]2CN1C[C@@H](O)[C@H](CSc1ccc2ccccc2c1)NC(=O)[C@H](CC(N)=O)NC(=O)c1ccc2ccccc2n1,default,8.477038861062978,success,-1.2,,success,0.4130865717552481,752.98,4.8,5,8,166.75,13,1,-5.68,success
mol_601,CC(C)(C)NC(=O)[C@@H]1C[C@@H]2CCCC[C@@H]2CN1C[C@@H](O)[C@H](Cc1ccccc1)NC(=O)[C@H](CC(N)=O)NC(=O)c1ccc2ccccc2n1,default,8.689282591529757,success,-3.72,,success,0.5147735492941464,670.86,3.09,5,7,166.75,12,1,-6.54,success
mol_602,Nc1ccc(S(=O)(=O)N(C[C@@H](O)[C@H](Cc2ccccc2)NC(=O)O[C@H]2CO[C@H]3OCC[C@H]32)OC2CCCCC2)cc1,default,7.573731574723332,success,-5.08,,success,0.46714429789361095,589.71,2.98,3,9,149.65,11,1,-6.95,success
mol_603,CC1(C)S[C@H]([C@H](NC(=O)Cc2ccccc2)C(=O)NCc2ccccc2)NC1C(=O)NCC(O)CNC(=O)[C@@H]1N[C@@H]([C@H](NC(=O)Cc2ccccc2)C(=O)NCc2ccccc2)SC1(C)C,default,7.595085232624368,success,-2.38,,success,0.378923769385364,937.2,2.29,9,11,218.89,20,3,-5.71,success
mol_604,Cc1cc(SC2=C(O)OC(CCc3ccncc3)(C(C)C)CC2=O)c(C(C)(C)C)cc1CO,default,8.767230985415855,success,-7.0,,success,0.6306025821179879,469.65,6.02,2,6,79.65,7,1,-8.01,success
mol_605,CC1(C(=O)NC2CC2)OC(O)=C(CCc2ccccc2)C1=O,default,4.8982734610599925,success,-10.77,,success,0.4338561217549994,301.34,2.03,2,4,75.63,5,0,-10.0,success
mol_606,CC(C)c1ccccc1SC1=C(O)OC(CCCCC(=O)NCc2ccccc2)(c2ccccc2)CC1=O,default,6.958442145649225,success,-6.98,,success,0.4792035121374354,529.7,7.39,2,5,75.63,11,2,-6.54,success
mol_607,CC(C)[C@H](NC(=O)/C=C/c1ccccn1)C(=O)N[C@@H](Cc1ccccc1)[C@@H](O)[C@@H](O)[C@H](Cc1ccccc1)NC(=O)[C@H](NC(=O)/C=C/c1ccccn1)C(C)C,default,8.14831586065627,success,-2.82,,success,0.4396929883880225,760.94,3.66,6,8,182.64,19,2,-5.7,success
mol_608,CCC(CC)NC(=O)C[C@@H](C(=O)NC[C@@H](O)[C@H](Cc1ccccc1)NC(=O)[C@H](CC(N)=O)NC(=O)OCc1ccccc1)C(C)(C)C,default,7.831725059779829,success,-3.77,,success,0.4449770883149857,653.82,2.72,6,7,188.95,18,2,-6.49,success
mol_609,CCC[C@]1(CCc2ccccc2)OC(=O)C([C@H](CC)c2cccc(NS(=O)(=O)c3ccc(C(F)(F)F)cn3)c2)=C(O)O1,default,7.619638836795218,success,-2.98,,success,0.4009699030662682,604.65,6.87,2,7,114.82,11,2,-6.16,success
mol_610,CC(C)(C)NC(=O)C1N(C[C@@H](O)CNC(=O)[C@@H]2N[C@@H](C(NC(=O)Cc3ccccc3)C(=O)NCc3ccccc3)SC2(C)C)C(C)(C)SC1(C)C,default,6.838018456851681,success,-3.01,,success,0.33683487140430673,741.04,3.16,6,9,151.9,13,2,-6.28,success
mol_611,COc1ccc2c(O)c(C(c3cccc(NS(=O)(=O)c4ccc(F)cc4)c3)C3CC3)c(=O)oc2c1,default,5.166306788694253,success,-7.48,,success,0.3465255657245211,495.53,4.99,2,6,105.84,7,0,-7.74,success
mol_612,CCN1CCN(C[C@@H](O)C[C@@H](Cc2ccccc2)C(=O)NC2c3ccccc3C[C@H]2O)[C@H](C(=O)NC(C)(C)C)C1,default,8.294305025152598,success,-6.29,,success,0.5675254187627166,550.74,2.29,4,6,105.14,10,1,-7.9,success
mol_613,C=CCN(CC(=O)N[C@H](C(=O)N[C@H](C(=O)OC)C(C)C)[C@@H](C)CC)C(=O)[C@@H](N)Cc1ccccc1,default,6.34690977335649,success,-8.83,,success,0.4899091477797075,488.63,1.42,3,6,130.83,14,0,-7.77,success
mol_614,CCNC(=O)C(NC(=O)Cc1ccccc1)[C@@H]1N[C@@H](C(=O)NCC(O)CN[C@@H](CC2CCCCC2)C(=O)NC(C)(C)C)C(C)(C)S1,default,6.7732998052590005,success,-4.35,,success,0.3761083171049167,660.93,1.98,7,8,160.69,15,2,-6.37,success
mol_615,COc1ccc(S(=O)(=O)N(CC(C)C)C[C@@H](O)[C@H](Cc2ccccc2)NC(=O)[C@@H]2COCCN2)cc1,default,7.142419549718684,success,-10.28,,success,0.604534962476557,519.66,1.42,3,7,117.2,12,1,-7.56,success
mol_616,CC(C)CCN(CC(O)[C@H](Cc1ccccc1)NC(=O)[C@H](CC(N)=O)NC(=O)OCc1ccccc1)C(=O)NC(C)(C)C,default,7.367519568847659,success,-5.36,,success,0.4592932974039716,597.76,3.1,5,6,163.09,15,1,-6.85,success
mol_617,CC(=O)N[C@@H](CSCc1ccccc1)C(=O)N[C@@H](Cc1ccccc1)[C@H](O)Cc1ccccc1C(=O)NC(C)(C)C,default,7.137982474927313,success,-4.62,,success,0.415498539577276,575.78,4.28,4,5,107.53,13,1,-7.13,success
mol_618,CC(C)c1ccccc1Sc1c(O)cc(-c2ccc([N+](=O)[O-])cc2)oc1=O,default,6.913559650980756,success,-7.6,,success,0.49612997091506295,383.43,5.2,1,6,93.58,5,1,-8.63,success
mol_619,COC(=O)N[C@H](C(=O)NCCCC[C@H](CO)N(CC(C)C)S(=O)(=O)c1ccc(N)cc1)C(c1ccccc1)c1ccccc1,default,8.373785077881715,success,-1.64,,success,0.4191487564901429,624.8,4.12,4,7,151.06,16,1,-6.46,success
mol_620,CC(C)[C@H](NC(=O)N1CCN(Cc2ccccc2)CC1)C(=O)N[C@@H](Cc1ccccc1)[C@H](O)[C@H](O)[C@H](Cc1ccccc1)NC(=O)[C@H](NC(=O)N1CCN(Cc2ccccc2)CC1)C(C)C,default,8.124831680419963,success,-1.25,,success,0.3854026400349969,903.18,4.27,6,8,169.82,19,2,-5.57,success
mol_621,CC(C)(C)c1ccccc1Sc1c(O)cc(-c2ccccc2)oc1=O,default,6.8761415445022465,success,-7.84,,success,0.5010117953751871,352.46,5.46,1,4,50.44,3,1,-9.41,success
mol_622,Cc1cc(SC2=C(O)OC(CCc3ccc(O)cc3)(C(C)C)CC2=O)c(C(C)(C)C)cc1OS(=O)(=O)c1ccccc1,default,8.109597520419152,success,-3.15,,success,0.44746646003492935,610.79,7.6,2,8,110.13,9,2,-6.3,success
mol_623,CC[C@H](C)[C@H](NC(=O)[C@@H]1CCCN1C[C@H](O)[C@H](Cc1ccccc1)NC(=O)[C@H](CC(N)=O)NC(=O)OCc1ccccc1)C(=O)N[C@H](C(=O)OC)C(C)C,default,7.1754473941719255,success,-2.56,,success,0.3499539495143271,752.91,1.55,6,10,218.49,20,2,-6.1,success
mol_624,CC(C)CN(C[C@@H](O)[C@H](Cc1ccccc1)NC(=O)Cc1cc(=O)oc2cc(N(C)C)ccc12)S(=O)(=O)c1ccc(N)cc1,default,7.262471442704594,success,-4.51,,success,0.4222059535587162,620.77,3.42,3,8,146.18,13,1,-6.31,success
mol_625,CC(C)(C)OC(=O)N[C@H]1CCCC[C@@H]1NC(=O)[C@H](Cc1ccccc1)CC(O)C[C@@H](Cc1ccccc1)C(=O)N[C@H]1CCCC[C@@H]1NC(=O)OC(C)(C)C,default,6.626856406387677,success,-0.78,,success,0.24490470053230645,749.01,6.75,5,7,155.09,14,2,-5.33,success
mol_626,Cc1nc(S(=O)(=O)N2CCN(C[C@@H](O)C[C@@H](Cc3ccccc3)C(=O)NC3c4ccccc4C[C@H]3O)[C@H](C(=O)NC(C)(C)C)C2)c(C)s1,default,8.96786658367516,success,-3.08,,success,0.5166555486395967,697.92,2.73,4,9,152.17,11,1,-6.58,success
mol_627,CC(C)(C)OC(=O)[C@@H]1CCCN1C[C@H](O)[C@H](Cc1ccccc1)NC(=O)[C@H](CC(N)=O)NC(=O)OCc1ccccc1,default,6.845458023802706,success,-5.48,,success,0.4197881686502255,582.7,2.05,4,8,160.29,13,1,-7.03,success
mol_628,CC(C)(C)NC(=O)[C@@H]1C[C@@H]2CCCC[C@@H]2CN1C[C@@H](O)[C@H](Cc1ccccc1)NC(=O)[C@H](CC(N)=O)NC(=O)c1ccc2ccccc2n1,default,8.689282591529757,success,-3.72,,success,0.5147735492941464,670.86,3.09,5,7,166.75,12,1,-6.54,success
mol_629,CC(C)(C)OC(=O)N[C@@H](Cc1ccccc1)[C@H](O)[C@H](O)[C@H](Cc1ccccc1)NC(=O)OC(C)(C)C,default,6.761513760927424,success,-8.88,,success,0.5261261467439521,500.64,3.98,4,6,117.12,9,1,-7.93,success
mol_630,O=c1cc(-c2ccccc2)oc(O)c1Sc1ccccc1,default,5.970550719705372,success,-9.2,,success,0.47087922664211435,296.35,4.16,1,4,50.44,3,0,-9.93,success
mol_631,CC(C)(C)NC(=O)[C@@H]1CN(Cc2cc3cc(F)ccc3o2)CCN1C[C@@H](O)C[C@@H](Cc1ccccc1)C(=O)NC1c2ccccc2C[C@H]1O,default,8.973870953221683,success,-1.75,,success,0.4728225794351402,670.83,4.36,4,7,118.28,11,1,-6.32,success
mol_632,CC(C)CN(C[C@@H](O)[C@H](Cc1ccccc1)NC(=O)[C@H]1CCNC1)S(=O)(=O)c1ccc(O)cc1,default,6.153419227746741,success,-9.04,,success,0.4807849356455617,489.64,1.74,4,6,118.97,11,0,-7.91,success
mol_633,CC(C)(C)NC(=O)[C@@H]1C[C@H](Cl)CN1C(=O)[C@@H](O)[C@H](Cc1ccccc1)NC(=O)c1ccccc1Br,default,7.397738060882975,success,-8.62,,success,0.5704781717402478,564.91,3.27,3,4,98.74,7,1,-8.17,success
mol_634,Cc1ccc(C)c(N2CCN(Cc3cn([C@@H](Cc4ccccc4)[C@H](Cc4ccccc4)NC(=O)OC4CCCC4)nn3)CC2)c1,default,7.15313235299037,success,-2.49,,success,0.3457610294158642,606.81,6.28,1,7,75.52,11,2,-6.23,success
mol_635,CC(C)(C)OC(=O)N[C@@H](Cc1ccccc1)[C@@H](O)C[C@@H](Cc1ccccc1)C(=O)NC1c2ccccc2C(O)[C@@H]1O,default,9.60643459590874,success,-6.26,,success,0.6758695496590617,560.69,4.0,5,6,128.12,10,1,-7.32,success
mol_636,CC[C@H](C)[C@H](NC(=O)[C@@H]1CCCN1C[C@H](O)[C@H](Cc1ccccc1)NC(=O)[C@H](CC(N)=O)NC(=O)OCc1ccccc1)C(=O)N[C@H](C(=O)OC)C(C)C,default,7.1754473941719255,success,-2.56,,success,0.3499539495143271,752.91,1.55,6,10,218.49,20,2,-6.1,success
mol_637,CCNC(=O)[C@@H](NC(=O)c1c(-c2ccccc2)noc1C)[C@@H]1N[C@@H](C(=O)NCCNC(=O)[C@@H]2N[C@@H]([C@H](NC(=O)c3c(-c4ccccc4)noc3C)C(=O)NCC)SC2(C)C)C(C)(C)S1,default,7.955948575461111,success,-1.75,,success,0.38799571462175925,917.13,2.63,8,14,250.72,17,3,-5.74,success
mol_638,CC(C)(C)NC(=O)[C@@H]1C[C@@H]2CCCC[C@@H]2CN1C[C@@H](O)[C@H](Cc1ccccc1)NC(=O)[C@H](CC(N)=O)NC(=O)c1ccc2ccccc2n1,default,8.689282591529757,success,-3.72,,success,0.5147735492941464,670.86,3.09,5,7,166.75,12,1,-6.54,success
mol_639,CC(C)(C)NC(=O)[C@@H]1CCCCN1C[C@@H](O)[C@H](Cc1ccccc1)NC(=O)[C@H](CC(N)=O)NC(=O)c1ccc2ccccc2n1,default,8.377141230630446,success,-4.33,,success,0.5090951025525372,616.76,2.07,5,7,166.75,12,1,-6.84,success
mol_640,Cc1cc(SC2=C(O)OC(CCc3ccc(N)cc3)(C(C)C)CC2=O)c(C(C)(C)C)cc1OS(=O)(=O)c1cccnc1,default,8.216430840169773,success,-2.39,,success,0.43103590334748104,610.8,6.87,2,9,128.81,9,2,-6.21,success
mol_641,Cc1cc(SC2=C(O)OC(CCc3ccc(N)cc3)(C(C)C)CC2=O)c(C(C)(C)C)cc1OS(=O)(=O)c1ccc(C#N)cc1,default,8.265704765651842,success,-0.77,,success,0.38114206380432014,634.82,7.35,2,9,139.71,9,2,-5.95,success
mol_642,O=C(N[C@H]1c2ccccc2C[C@H]1O)[C@H](Cc1ccccc1)C[C@H](O)Cc1ccccc1,default,6.972459679864709,success,-10.04,,success,0.5823716399887258,415.53,3.61,3,3,69.56,8,0,-8.97,success
mol_643,CC(C)[C@H](NC(=O)OCc1ccccc1)C(=O)N[C@@H](Cc1ccccc1)[C@H](O)C(=O)N1CCC[C@H]1C(=O)NC(C)(C)C,default,7.783347562987772,success,-5.82,,success,0.5092789635823143,580.73,2.93,4,6,137.07,11,1,-7.33,success
mol_644,O=C(OC1COc2cc(O)ccc2C1)c1ccc(O)c(O)c1O,default,5.470228297481,success,-10.32,,success,0.4665190247900834,318.28,1.67,4,7,116.45,2,0,-9.53,success
mol_645,COc1ccc(S(=O)(=O)N(CC(C)C)C[C@@H](O)[C@H](Cc2ccccc2)NC(=O)c2cc(O)ccc2C)cc1,default,7.885934531251626,success,-9.55,,success,0.6421612109376356,540.68,3.76,3,6,116.17,12,1,-7.42,success
mol_646,Cc1cc(SC2=C(O)OC(C)(CCc3ccc(O)cc3)CC2=O)c(C(C)(C)C)cc1OS(=O)(=O)N(C)C,default,7.956226774284379,success,-7.29,,success,0.5726855645236982,549.71,5.38,2,8,113.37,8,2,-7.32,success
mol_647,CC(C)(C)NC(=O)[C@@H]1CN(Cc2cccnc2)CCN1C[C@@H](O)C[C@@H](Cc1ccccc1)C(=O)N[C@H]1c2ccccc2C[C@H]1O.O,default,8.781063360841628,success,-3.85,,success,0.5267552800701357,631.82,2.04,4,7,149.53,11,1,-6.79,success
mol_648,CC(C)(C)NC(=O)[C@@H]1CN(Cc2cccnc2)CCN1C[C@@H](O)C[C@@H](Cc1ccccc1)C(=O)N[C@H]1c2ccccc2C[C@H]1O.O,default,8.781063360841628,success,-3.85,,success,0.5267552800701357,631.82,2.04,4,7,149.53,11,1,-6.79,success
mol_649,C=CC(C1=C(O)OC2(CCCCC2Cc2ccccc2)CC1=O)c1ccccc1,default,5.953311851029956,success,-7.9,,success,0.42610932091916304,388.51,5.89,1,3,46.53,5,1,-9.04,success
mol_650,CC(C)[C@H](NC(=O)OCc1ccccc1)C(=O)N[C@@H](Cc1ccccc1)[C@H](O)[C@@H](O)[C@H](Cc1ccccc1)NC(=O)[C@H](NC(=O)OCc1ccccc1)C(C)C,default,8.858248744645142,success,-0.26,,success,0.41352072872042844,766.94,5.07,6,8,175.32,19,3,-5.11,success
mol_651,CC(C)(C)OC(=O)N[C@@H](Cc1ccccc1)[C@@H](O)C[C@@H](CC(=O)c1ccccc1)C(=O)N[C@H]1c2ccccc2C[C@H]1O,default,8.60089357610221,success,-4.37,,success,0.5290744646751842,572.7,4.54,4,6,124.96,11,1,-6.93,success
mol_652,CC(C)(C)OC(=O)N[C@@H](Cc1ccccc1)[C@@H](O)C[C@@H](Cc1ccc(C(F)(F)F)cc1)C(=O)N[C@H]1c2ccccc2C[C@H]1O,default,9.374035615849488,success,-1.56,,success,0.49983630132079065,612.69,5.53,4,5,107.89,10,2,-6.68,success
mol_653,Cc1noc(C)c1CNC(=O)[C@H]1N(C(=O)[C@@H](O)C[C@@H](Cc2ccccc2)C(=O)N[C@H]2c3ccccc3OC[C@H]2O)CSC1(C)C,default,9.278184321227041,success,-2.84,,success,0.5345153601022534,636.77,2.81,4,9,154.23,10,1,-7.03,success
mol_654,CC(C)C[C@@H]1NC(=O)[C@H](C(C)C)NC(=O)[C@@H]2CCCN2C(=O)[C@H](C(C)C)NC(=O)[C@H](Cc2ccccc2)NC(=O)CSCCNC(=O)[C@H](Cc2ccccc2)N(C)C(=O)[C@H](CC(C)C)NC(=O)[C@H](Cc2cn(C)c3ccccc23)NC1=O,default,8.013426599153576,success,0.17,,success,0.3344522165961313,1147.5,4.2,7,11,249.25,12,3,-5.43,success
mol_655,CC(C)(C)NC(=O)[C@@H]1C[C@@H]2SCC[C@@H]2CN1C[C@@H](O)[C@H](CSc1ccccc1)NC(=O)O[C@H]1CCS(=O)(=O)C1,default,8.42754764095853,success,-6.7,,success,0.5922956367465442,599.84,2.53,3,9,125.04,9,1,-7.8,success
mol_656,CC(C)(C)[C@H](NC(=O)OCc1ccccc1)C(=O)NC(Cc1ccccc1)C(=O)C(F)(F)C(=O)NCc1ccccc1,default,6.085797406524613,success,-5.65,,success,0.3621497838770511,579.64,4.58,3,5,113.6,12,1,-6.97,success
mol_657,CC(C)(C)OC(=O)[C@@H]1CCCN1C[C@@H](O)[C@H](Cc1ccccc1)NC(=O)OCc1ccccc1,default,5.935558627806409,success,-10.21,,success,0.5016298856505341,468.59,3.69,2,6,88.1,9,0,-8.63,success
mol_658,CC(C)(C)NC(=O)[C@@H]1CN(Cc2cccnc2)CCN1C[C@@H](O)C[C@@H](Cc1ccccc1)C(=O)N[C@H]1c2ccccc2C[C@H]1O.O,default,8.781063360841628,success,-3.85,,success,0.5267552800701357,631.82,2.04,4,7,149.53,11,1,-6.79,success
mol_659,CC(=O)N[C@@H](Cc1ccccc1)C(=O)N[C@H](C(=O)N[C@@H](Cc1ccccc1)[C@@H](O)C(=O)N[C@H]1Cc2ccc(cc2)OCCCNC(=O)[C@H](C(C)C)NC1=O)C(C)C,default,7.42640857129318,success,-4.29,,success,0.42853404760776503,784.95,1.73,7,8,204.06,14,2,-6.18,success
mol_660,Cc1ccc(O)c(C)c1C(=O)N[C@@H](Cc1cccc(C(F)(F)F)c1)[C@H](O)C(=O)N1C[C@@H](Cl)C[C@H]1C(=O)NC(C)(C)C,default,8.149202670799223,success,-6.53,,success,0.5634335558999353,598.06,3.85,4,5,118.97,7,1,-7.65,success
mol_661,CC(C)(C)c1oc2ccccc2c1SC1=C(O)OC(CCc2ccccc2)(c2ccccc2)CC1=O,default,6.77475193796986,success,-6.77,,success,0.45689599483082166,498.64,8.07,1,5,59.67,6,1,-7.24,success
mol_662,CC(C)(C)OC(=O)N[C@@H](Cc1ccccc1)[C@@H](O)C[C@@H](CCCc1ccccc1)C(=O)NC1c2ccccc2C(O)[C@@H]1O,default,9.40215474175949,success,-4.48,,success,0.5995128951466242,588.75,4.78,5,6,128.12,12,1,-6.71,success
mol_663,Cc1cc(SC2=C(O)OC(CCc3ccccc3)(C(C)C)CC2=O)c(C(C)(C)C)cc1N,default,8.471754397082274,success,-7.33,,success,0.6169795330901895,453.65,6.71,2,5,72.55,6,1,-8.04,success
mol_664,CC1(C)S[C@H]([C@H](NC(=O)Cc2ccccc2)C(=O)NCc2ccccc2)N[C@H]1C(=O)NC[C@H](O)[C@@H](O)CNC(=O)[C@@H]1N[C@@H]([C@H](NC(=O)Cc2ccccc2)C(=O)NCc2ccccc2)SC1(C)C,default,7.547404057975396,success,-2.06,,success,0.36428367149794966,967.23,1.65,10,12,239.12,21,3,-5.53,success
mol_665,CC(C)(C)NC(=O)C1CC2CCCCC2CN1C[C@H](O)[C@H](Cc1ccccc1)NC(=O)[C@H](CC(N)=O)NC(=O)OCc1ccccc1,default,7.745247552781367,success,-3.64,,success,0.43343729606511394,649.83,3.04,5,7,163.09,13,1,-6.73,success
mol_666,CC(C)(C)OC(=O)N[C@@H](Cc1ccccc1)[C@@H](O)C[C@@H](Cc1ccc(F)cc1)C(=O)N[C@H]1c2ccccc2C[C@H]1O,default,9.347927623589058,success,-4.33,,success,0.5899939686324215,562.68,4.65,4,5,107.89,10,1,-7.34,success
mol_667,CC(C)(C)[C@@H](CC(=O)Nc1ccccc1)C(=O)NC[C@@H](O)[C@H](Cc1ccccc1)NC(=O)OCc1ccccc1,default,6.859913449210297,success,-6.87,,success,0.4673261207675248,545.68,4.69,4,5,116.76,12,1,-7.05,success
mol_668,Cc1cccc(C)c1CNC(=O)[C@H]1N(C(=O)[C@@H](O)C[C@@H](Cc2ccccc2)C(=O)N[C@H]2c3ccccc3C[C@H]2O)CSC1(C)C,default,9.84173799304787,success,-4.7,,success,0.6434781660873226,629.82,3.98,4,6,118.97,10,1,-7.12,success
mol_669,O=C(N[C@H]1c2ccccc2OC[C@H]1O)[C@H](Cc1ccccc1)C[C@H](O)CN1CCN(Cc2ccc(-c3ccncc3)o2)C[C@H]1C(=O)NCC(F)(F)F,default,9.519552456556115,success,-1.8,,success,0.5199627047130095,721.78,3.73,4,9,140.4,13,1,-5.98,success
mol_670,CC(C)(C)NC(=O)[C@@H]1CN(Cc2ccccc2)CCN1C[C@@H](O)C[C@@H](Cc1ccccc1)C(=O)NC1c2ccccc2C[C@H]1O,default,8.942050285981205,success,-4.67,,success,0.5675041904984337,612.82,3.47,4,6,105.14,11,1,-7.24,success
mol_671,CC(C)[C@H](NC(=O)OCc1ccccc1)C(=O)N[C@@H](Cc1ccccc1)[C@@H](O)[C@H](O)[C@H](Cc1ccccc1)NC(=O)[C@H](NC(=O)OCc1ccccc1)C(C)C,default,8.858248744645142,success,-0.27,,success,0.4138540620537618,766.94,5.07,6,8,175.32,19,3,-5.11,success
mol_672,OC1=C(C(c2ccccc2)C2CC2)COC2=C1CCCCCCC2,default,5.512280591821042,success,-8.2,,success,0.3993567159850868,324.46,6.02,1,2,29.46,3,1,-9.58,success
mol_673,OC1(c2ccc(Cl)cc2)CCN(CC#CC2(c3ccccc3)CO2)CC1,default,5.183965561589677,success,-11.39,,success,0.47833046346580643,367.88,3.55,1,3,36.0,3,0,-10.2,success
mol_674,CC(C)(C)NC(=O)c1ccccc1OC[C@H](O)[C@H](Cc1ccccc1)NC(=O)[C@H](CC(N)=O)NC(=O)c1cnc2ccccc2n1,default,7.303098474514594,success,-3.13,,success,0.3795915395428828,626.71,2.3,5,8,185.63,13,1,-6.43,success
mol_675,COC(=O)[C@H](CC(C)C)NC(=O)[C@H](CC(C)C)NC(=O)CNC(=O)CCCOc1cccc(OCCCC(=O)NCC(=O)N[C@@H](CC(C)C)C(=O)N[C@@H](CC(C)C)C(=O)OC)n1,default,5.674038777769103,success,-2.9,,success,0.23616989814742523,878.08,2.1,6,13,258.55,30,3,-5.98,success
mol_676,Cc1ccc(S(=O)(=O)[C@H](C)NC(=O)N[C@H](C(=O)N[C@@H](Cc2ccccc2)[C@@H](O)C(=O)N[C@H]2Cc3ccc(cc3)OCCCNC(=O)[C@H](C(C)C)NC2=O)C(C)C)cc1,default,7.139253206643656,success,-3.09,,success,0.36460443388697134,821.01,2.29,7,9,221.13,13,2,-6.34,success
mol_677,Cc1ccc(C(=O)N[C@@H](Cc2ccc3ccccc3c2)[C@H](O)C(=O)N2C[C@@H](Cl)C[C@H]2C(=O)NC(C)(C)C)c(C)c1O,default,8.233425785040472,success,-6.66,,success,0.574785482086706,580.13,3.99,4,5,118.97,7,1,-7.64,success
mol_678,COc1ccc(S(=O)(=O)N(CC(C)C)C[C@@H](O)[C@H](Cc2ccccc2)NC(=O)Cc2cc(=O)oc3cc(OC)ccc23)cc1,default,7.414208472400769,success,-5.29,,success,0.4608507060333974,622.74,3.79,2,8,135.38,14,1,-6.51,success
mol_679,CC(C)(C)OC(=O)N[C@@H](Cc1ccccc1)[C@H](O)CN[C@@H](Cc1ccccc1)C(=O)N[C@H]1c2ccccc2C[C@H]1O,default,6.503803248993786,success,-6.36,,success,0.4206502707494822,559.71,3.46,5,6,119.92,11,1,-7.25,success
mol_680,CC(C)(C)OC(=O)N[C@@H](Cc1ccccc1)[C@@H](O)CC(=O)N[C@H]1c2ccccc2C[C@H]1O,default,6.246518676383627,success,-9.83,,success,0.5148765563653023,440.54,2.65,4,5,107.89,7,0,-8.99,success
mol_681,CCC(CC)NC(=O)C[C@@H](C(=O)NC[C@@H](O)[C@H](Cc1ccccc1)NC(=O)[C@@H](NC(=O)OCc1ccccc1)[C@H](C)O)C(C)(C)C,default,7.795238521855704,success,-3.65,,success,0.4379365434879753,640.82,3.22,6,7,166.09,17,2,-6.42,success
mol_682,CC(C)(C)NC(=O)[C@@H]1CCCCN1C[C@@H](O)C[C@@H](Cc1ccccc1)C(=O)NC1c2ccccc2C[C@H]1O,default,7.384295556004699,success,-8.79,,success,0.5750246296670583,521.7,3.14,4,5,101.9,9,1,-8.07,success
mol_683,CC(C)[C@H](NC(=O)[C@H](C)NC(=O)OCc1ccccc1)C(=O)N[C@@H](Cc1ccccc1)[C@@H](O)[C@H](O)[C@H](Cc1ccccc1)NC(=O)[C@H](N[C@@H](C)C(=O)OCc1ccccc1)C(C)C,default,7.220256136868449,success,0.29,,success,0.26835467807237073,866.07,4.37,7,10,204.42,23,2,-5.53,success
mol_684,CC(C)CNC(=O)C[C@H](O)[C@@H](Cc1ccccc1)NC(=O)[C@@H]1N[C@@H]([C@H](NC(=O)Cc2ccccc2)C(=O)NCc2ccccc2)SC1(C)C,default,7.008814270778433,success,-4.42,,success,0.3980678558982027,687.91,3.09,6,7,148.66,16,2,-6.22,success
mol_685,CC1(C)S[C@H]([C@H](NC(=O)Cc2ccccc2)C(=O)NCc2ccccc2)N[C@H]1C(=O)N[C@H](Cc1ccccc1)[C@H](O)CC(=O)N[C@H](CO)c1ccccc1,default,6.942900120177151,success,-3.03,,success,0.34624167668142924,751.95,3.17,7,8,168.89,17,2,-5.82,success
mol_686,COC(=O)c1c(Br)c(OC)c2c(c1-c1c3c(c(OC)c(Br)c1C(=O)OC)OCO3)OCO2,default,6.0548096052453735,success,-6.13,,success,0.37556746710378114,576.15,3.93,0,10,107.98,5,1,-8.14,success
mol_687,CC(C)(C)NC(=O)[C@@H]1CN(C(=O)c2ccncc2)CCN1C[C@@H](O)[C@H](Cc1ccccc1)NC(=O)O[C@H]1CCOC1,default,6.783623616951862,success,-6.97,,success,0.4643019680793218,567.69,1.61,3,8,133.33,9,1,-7.65,success
mol_688,CCC(C)[C@@H]1NC(=O)[C@@H](NC[C@@H](O)C[C@@H](Cc2ccccc2)C(=O)N[C@H]2c3ccccc3C[C@H]2O)Cc2ccc(cc2)OCCCCCNC1=O,default,7.538699246428224,success,-3.98,,success,0.4275582705356853,698.9,3.78,6,7,149.02,11,2,-6.08,success
mol_689,CC(C)(C)NC(=O)[C@@H]1CN(Cc2cccnc2)CCN1C[C@@H](O)C[C@@H](Cc1ccccc1)C(=O)N[C@H]1c2ccccc2C[C@H]1O.O,default,8.781063360841628,success,-3.85,,success,0.5267552800701357,631.82,2.04,4,7,149.53,11,1,-6.79,success
mol_690,C[C@H]1C[C@@H](OC(=O)N[C@@H](Cc2ccccc2)[C@H](O)CN2C[C@H]3CCCC[C@H]3C[C@H]2C(=O)NC(C)(C)C)CS1(=O)=O,default,6.938026196632012,success,-7.98,,success,0.510835516386001,577.79,3.06,3,7,125.04,8,1,-7.94,success
mol_691,CC[C@H](C)[C@H](NC(=O)[C@@H](N)CO)C(=O)N[C@@H](C)C(=O)N[C@@H](CCC(=O)O)C(=O)NC12NC(=O)C3(O)C4C5CC(C6C5C3C61)C42,default,6.204740340009349,success,-0.08,,success,0.18639502833411242,618.69,-3.25,9,9,249.28,14,2,-5.08,success
mol_692,CC(C)(C)NC(=O)[C@@H]1C[C@@H]2CCCC[C@@H]2CN1C[C@@H](O)[C@H](Cc1ccccc1)NC(=O)[C@@H](CSc1ccc2ccccc2c1)NS(C)(=O)=O,default,8.262467339870335,success,-3.02,,success,0.45587227832252797,708.99,4.73,4,7,127.84,13,1,-6.4,success
mol_693,CC(C)[C@@H]1[C@H](OC(=O)N[C@@H](Cc2ccccc2)[C@H](O)CN2CCN(CCc3ccsc3)C[C@H]2C(=O)NC(C)(C)C)CCS1(=O)=O,default,8.538203138849052,success,-5.2,,success,0.551516928237421,662.92,3.1,3,9,128.28,12,1,-7.0,success
mol_694,COc1cc(CN2C(=O)N(Cc3ccc(O)c(OC)c3)N(C(=O)CN3CCNCC3)C[C@@H](O)[C@H]2Cc2ccccc2)ccc1O,default,7.895841136267499,success,-2.77,,success,0.41698676135562496,619.72,2.17,4,9,138.28,10,1,-7.33,success
mol_695,CC(C)(C)OC(=O)N[C@@H](Cc1ccccc1)[C@H](O)CNC[C@@H](O)[C@H](Cc1ccccc1)NC(=O)[C@](C)(O)c1ccccc1,default,6.589583326687879,success,-5.04,,success,0.3837986105573232,591.75,3.07,6,7,140.15,14,2,-6.64,success
mol_696,CC(C)C[C@@H]1NC(=O)[C@](C)(C(C)C)NC(=O)[C@@H]2CCCN2C(=O)[C@H](C(C)C)NC(=O)[C@H](Cc2ccccc2)NC(=O)CSCCNC(=O)[C@H](Cc2ccccc2)N(C)C(=O)[C@H](CC(C)C)NC(=O)[C@H](Cc2cccc3ccccc23)NC1=O,default,8.402414872471438,success,1.36,,success,0.3668679060392865,1158.52,5.25,7,10,244.32,12,3,-5.09,success
mol_697,CC(C)(C)NC(=O)c1ccccc1C[C@@H](O)[C@H](Cc1ccccc1)NC(=O)[C@H](CS(=O)(=O)c1ccc(Cl)cc1)NS(C)(=O)=O,default,8.958580750848819,success,-4.13,,success,0.5508817292374015,664.25,2.89,4,7,158.74,13,1,-6.71,success
mol_698,O=C(CN1CCOCC1)N[C@@H](Cc1ccccc1)[C@H](O)CN(C1CC1)S(=O)(=O)c1ccc(C(F)(F)F)cc1,default,6.420338919370838,success,-7.89,,success,0.4646949099475699,555.62,2.28,2,6,99.18,11,1,-7.87,success
mol_699,CO[C@@H]1OC(CNC(=O)OCc2ccccc2)[C@@H](O)C(OCc2ccccc2)[C@H]1O,default,5.2166297978103495,success,-9.75,,success,0.4263858164841958,417.46,1.59,3,7,106.48,8,0,-9.07,success
mol_700,O=S1(=O)N(Cc2ccccc2)[C@H](COc2ccccc2)[C@H](O)[C@@H](O)[C@@H](COc2ccccc2)N1Cc1ccccc1,default,6.572684079435789,success,-6.26,,success,0.42305700661964907,574.7,3.87,2,6,99.54,10,1,-7.16,success
mol_701,COC(=O)[C@H](Cc1ccccc1)NC(=O)[C@@H](NC(=O)[C@H](Cc1ccccc1)CC(O)C[C@@H](Cc1ccccc1)C(=O)N[C@H](C(=O)N[C@@H](Cc1ccccc1)C(=O)OC)C(C)C)C(C)C,default,7.686529431591665,success,-0.1,,success,0.3105441192993054,877.09,4.93,5,9,189.23,24,1,-5.53,success
mol_702,COC(=O)N[C@H](CCc1ccccc1)C(=O)NCCCC[C@@H](CO)N(CC(C)C)S(=O)(=O)c1ccc(N)cc1,default,7.682128588193638,success,-5.52,,success,0.49084404901613654,562.73,2.92,4,7,151.06,16,1,-6.95,success
mol_703,CC(C)(C)NC(=O)[C@@H]1C[C@@H]2CCCC[C@@H]2CN1C[C@@H](O)[C@H](Cc1ccccc1)NC(=O)OC(C)(C)C,default,6.166968274009548,success,-9.03,,success,0.4815806895007957,501.71,4.28,3,5,90.9,7,1,-8.42,success
mol_704,CC(C)CCCC1(c2ccccc2)CC(=O)C(SCCc2ccccc2)=C(O)O1,default,6.5701459900588866,success,-7.46,,success,0.4628454991715739,410.58,6.4,1,4,46.53,9,1,-8.3,success
mol_705,O=C(N[C@H]1c2ccccc2OC[C@H]1O)[C@H](Cc1ccncc1)C[C@H](O)CN1CCN(CC2=CC3C=CSC3S2)C[C@H]1C(=O)NCC(F)(F)F,default,8.819670453281061,success,-4.19,,success,0.5413058711067551,719.85,3.1,4,10,127.26,12,1,-6.85,success
mol_706,Cc1ccccc1-c1cc(O)c(Sc2ccccc2C(C)C)c(=O)o1,default,6.3645474484054825,success,-8.5,,success,0.48037895403379016,352.46,5.6,1,4,50.44,4,1,-9.27,success
mol_707,CC(C)(C)NC(=O)[C@H](CC1CCCCC1)N1CCC(O)([C@H](Cc2ccccc2)NC(=O)OC(C)(C)C)CC1,default,4.544676965263678,success,-7.75,,success,0.3037230804386398,529.77,5.2,3,5,90.9,8,2,-7.6,success
mol_708,CC(C)(C)NC(=O)C1(C)OC(O)=C(CCc2ccccc2)C1=O,default,4.7602245367702345,success,-10.77,,success,0.42235204473085286,317.38,2.66,2,4,75.63,4,0,-10.26,success
mol_709,CC(C)[C@H](NC(=O)OCc1ccccc1)C(=O)N[C@@H](Cc1ccccc1)[C@@H](O)CN(Cc1ccc(C#N)cc1)NC(=O)[C@@H](NC(=O)OCc1ccccc1)C(C)C,default,7.471101367113142,success,1.25,,success,0.28925844725942845,776.94,5.38,5,9,182.12,19,2,-5.31,success
mol_710,CC1(C)S[C@H]([C@H](NC(=O)Cc2ccccc2)C(=O)NCc2ccccc2)N[C@H]1C(=O)N[C@H](CO)Cc1ccccc1,default,6.032794185655646,success,-6.44,,success,0.3840661821379705,574.75,2.56,5,6,119.56,12,1,-7.39,success
mol_711,CC(C)CN(C[C@@H](O)[C@H](Cc1ccccc1)NC(=O)CN1CCS(=O)(=O)CC1)S(=O)(=O)c1ccc(NO)cc1,default,7.295447975798911,success,-2.87,,success,0.37028733131657593,582.75,0.95,4,9,156.35,13,1,-6.74,success
mol_712,CCC(C1=C(O)OC(Cc2ccccc2)(c2ccccc2)CC1=O)c1ccccc1,default,5.450727797546762,success,-8.31,,success,0.39789398312889684,398.5,6.08,1,3,46.53,6,1,-8.61,success
mol_713,CC(C)(C)NC(=O)[C@@H]1C[C@@H]2CCCC[C@@H]2CN1C[C@@H](O)[C@H](Cc1ccccc1)NC(=O)O[C@H]1CCOC1,default,6.696522745380956,success,-10.53,,success,0.5757102287817463,515.7,3.27,3,6,100.13,8,1,-8.33,success
mol_714,CC(C)[C@H](NC(=O)CN1CCOCC1)C(=O)N[C@@H](Cc1ccccc1)[C@@H](O)[C@@H](O)[C@H](Cc1ccccc1)NC(=O)[C@H](NC(=O)CN1CCOCC1)C(C)C,default,7.836151410677476,success,-1.07,,success,0.3553459508897897,752.95,0.11,6,10,181.8,19,2,-5.77,success
mol_715,CC(C)(C)NC(=O)[C@@H]1CCCC[C@@H]1C[C@@H](O)[C@H](Cc1ccccc1)NC(=O)[C@H](CC(N)=O)NC(=O)OCc1ccccc1,default,7.283070553348199,success,-5.39,,success,0.45325587944568324,594.75,3.36,5,6,159.85,13,1,-6.82,success
mol_716,CC(C)(C)NC(=O)[C@@H]1C[C@@H]2CCCC[C@@H]2CN1C[C@@H](O)[C@H](Cc1ccccc1)NC(=O)O[C@H]1CCOC1,default,6.696522745380956,success,-10.53,,success,0.5757102287817463,515.7,3.27,3,6,100.13,8,1,-8.33,success
mol_717,O=[N+]([O-])c1ccc(S(=O)(=O)N(C[C@@H](O)[C@H](Cc2ccccc2)NCCN2CCOCC2)C2CC2)cc1,default,6.288090225803832,success,-9.82,,success,0.518007518816986,518.64,1.64,2,8,125.25,13,1,-7.43,success
mol_718,CC(C)(C)OC(=O)N[C@@H](Cc1ccccc1)[C@@H](O)C[C@@H](Cc1ccccc1)C(=O)N[C@H](CO)c1ccccc1,default,7.364745721002644,success,-6.73,,success,0.5047288100835537,532.68,4.58,4,5,107.89,12,1,-7.22,success
mol_719,COC(=O)N[C@@H](C(=O)NCCCC[C@H](CO)N(CC(C)C)S(=O)(=O)c1ccc(N)cc1)C(c1ccccc1)c1ccccc1,default,8.373785077881715,success,-1.8,,success,0.42448208982347624,624.8,4.12,4,7,151.06,16,1,-6.46,success
mol_720,CC(C)(C)NC(=O)[C@@H]1C[C@@H]2SCC[C@@H]2CN1C[C@@H](O)[C@H](CSc1ccccc1)NC(=O)O[C@@H]1CCS(=O)(=O)C1,default,8.42754764095853,success,-6.64,,success,0.5902956367465442,599.84,2.53,3,9,125.04,9,1,-7.8,success
mol_721,CC(C)(C)NC(=O)[C@@H]1C[C@@H]2CCCC[C@@H]2CN1C[C@@H](O)[C@H](Cc1ccccc1)NC(=O)O[C@H]1C=CCOC1,default,6.800081999563409,success,-10.37,,success,0.5790068332969507,527.71,3.44,3,6,100.13,8,1,-8.24,success
mol_722,C[C@H](O)CN(C[C@@H](O)[C@H](Cc1ccccc1)NC(=O)c1ccc(O)c(O)c1)S(=O)(=O)c1ccc([N+](=O)[O-])cc1,default,8.201395446817768,success,-4.65,,success,0.505116287234814,559.6,1.78,5,9,190.54,12,1,-6.9,success
mol_723,CC(C)(C)NC(=O)[C@@H]1C[C@@H]2CCCC[C@@H]2CN1C[C@@H](O)[C@H](Cc1ccccc1)NC(=O)[C@@H](NC(=O)c1cc(=O)c2ccccc2o1)[C@H]1CCOC1,default,8.81564308975296,success,-4.09,,success,0.53763692414608,700.88,3.81,4,8,150.21,11,1,-6.35,success
mol_724,COc1ccc(S(=O)(=O)N(CC(C)C)C[C@@H](O)[C@H](Cc2ccccc2)NC(=O)c2cccc(C)c2)cc1,default,7.639966638336877,success,-8.38,,success,0.5826638865280731,524.68,4.05,2,5,95.94,12,1,-7.57,success
mol_725,O=C(O)c1cc(/C=C/c2ccc3ccc(C(=O)O)c(O)c3n2)ccc1O,default,5.728817234827937,success,-9.65,,success,0.46573476956899473,351.31,3.21,4,5,127.95,4,0,-9.33,success
mol_726,CC(C)(C)OC(=O)N[C@@H](Cc1ccccc1)[C@@H](O)C[C@@H](Cc1ccc(O)cc1)C(=O)N[C@H]1c2ccccc2C[C@H]1O,default,9.56298307956535,success,-4.94,,success,0.6282485899637793,560.69,4.21,5,6,128.12,10,1,-7.26,success
mol_727,COC(=O)[C@H](Cc1ccccc1)NC(=O)[C@H](CC(C)C)NC(=O)[C@H](Cc1ccccc1)CC(O)C[C@@H](Cc1ccccc1)C(=O)N[C@@H](CC(C)C)C(=O)N[C@@H](Cc1ccccc1)C(=O)OC,default,7.433685151132653,success,1.4,,success,0.2861404292610544,905.15,5.71,5,9,189.23,26,2,-5.12,success
mol_728,COC(=O)[C@H](Cc1ccccc1)NC(=O)[C@H](CC(N)=O)NC(=O)[C@H](CC(C)C)NC(=O)[C@@H](NC(=O)CCCOc1ccc2ccc(OCCCC(=O)N[C@H](C(=O)N[C@@H](CC(C)C)C(=O)N[C@@H](CC(N)=O)C(=O)N[C@@H](Cc3ccccc3)C(=O)OC)C(C)O)cc2c1)C(C)O,default,5.5267906471029695,success,0.25,,success,0.12723255392524746,1311.5,0.47,12,18,430.5,40,3,-5.24,success
mol_729,CCc1cc(CN2CCN(C[C@@H](O)[C@H](Cc3ccccc3)NC(=O)O[C@@H]3CCS(=O)(=O)[C@@H]3C(C)C)[C@H](C(=O)NC(C)(C)C)C2)cc(CC)n1,default,8.582155855712701,success,-3.74,,success,0.5065129879760584,699.96,3.52,3,9,141.17,13,1,-6.46,success
mol_730,Cc1cccc(C[C@@H](O)[C@H](Cc2ccccc2)NC(=O)[C@H](CC(N)=O)NC(=O)c2ccc3ccccc3n2)c1C(=O)NC(C)(C)C,default,8.06457114356036,success,-2.84,,success,0.4333809286300301,623.75,3.38,5,6,163.51,12,1,-6.36,success
mol_731,CC(C)(C)NC(=O)[C@@H]1C[C@@H]2CCCC[C@@H]2CN1C[C@@H](O)[C@H](Cc1ccccc1)NC(=O)[C@@H](NC(=O)c1ccc2ccccc2n1)C1CCOC1,default,9.147652283420902,success,-2.37,,success,0.5079710236184085,683.89,4.25,4,7,132.89,11,1,-6.52,success
mol_732,Cc1c(O)cc(F)cc1C(=O)N[C@@H](Cc1ccccc1)[C@H](O)C(=O)N1C[C@@H](Cl)C[C@H]1C(=O)NC(C)(C)C,default,8.446153889437012,success,-9.97,,success,0.7028461574530844,534.03,2.66,4,5,118.97,7,1,-8.22,success
mol_733,CC(C)c1ccccc1SC1=C(O)OC(c2ccccc2)(c2ccccc2)CC1=O,default,7.296610486781525,success,-7.87,,success,0.5370508738984604,416.54,6.56,1,4,46.53,5,1,-8.52,success
mol_734,CC[C@@H]1[C@H](OC(=O)N[C@@H](Cc2ccccc2)[C@H](O)CN2C[C@H]3CCCC[C@H]3C[C@H]2C(=O)NC(C)(C)C)CCS1(=O)=O,default,7.8835218934782185,success,-7.15,,success,0.5619601577898515,591.82,3.45,3,7,125.04,9,1,-7.61,success
mol_735,Cc1ccc(C(C)(C)C)c(SC2=C(O)OC(CCc3ccccc3)(c3ccc(O)cc3)CC2=O)c1,default,7.5922114379809535,success,-7.19,,success,0.5390176198317461,488.65,7.34,2,5,66.76,6,1,-7.65,success
mol_736,Cc1cc(SC2=C(O)OC(CCc3ccc(O)cc3)(C3CCCC3)CC2=O)c(C(C)(C)C)cc1N,default,8.119342126210556,success,-7.95,,success,0.6082785105175463,495.69,6.95,3,6,92.78,6,1,-7.61,success
mol_737,CC(C)(c1ccc(-c2ccncc2)o1)N1CCN(C[C@@H](O)C[C@@H](Cc2ccccc2)C(=O)N[C@H]2c3ccccc3OC[C@H]2O)[C@H](C(=O)NCC(F)(F)F)C1,default,9.390347659131907,success,-0.24,,success,0.45719563826099224,749.83,4.46,4,9,140.4,13,1,-5.83,success
mol_738,CC(C)[C@H]1SCC[C@H]1OC(=O)N[C@@H](Cc1ccccc1)[C@H](O)CN1C[C@H]2CCCC[C@H]2C[C@H]1C(=O)NC(C)(C)C,default,7.6837513616656326,success,-4.22,,success,0.4476459468054694,573.84,5.01,3,6,90.9,9,2,-7.3,success
mol_739,O=C(N[C@H]1c2ccccc2OC[C@H]1O)[C@H](Cc1cc2cnccc2s1)C[C@H](O)CN1CCN(Cc2ccc(-c3ccc(Cl)cc3)o2)C[C@H]1C(=O)NCC(F)(F)F,default,10.353711528027125,success,1.29,,success,0.5,812.31,5.6,4,10,140.4,13,2,-5.22,success
mol_740,CC(C)(C)NC(=O)[C@@H]1CN(Cc2cc3ccccc3o2)CCN1C[C@@H](O)C[C@@H](Cc1ccccc1)C(=O)N[C@H]1c2ccccc2C[C@H]1O,default,9.30975039512335,success,-1.85,,success,0.5041458662602792,652.84,4.22,4,7,118.28,11,1,-6.36,success
mol_741,COc1ccccc1CCCCc1c(O)oc2cc(OCc3ccccc3)ccc2c1=O,default,5.207171797425281,success,-6.83,,success,0.32826431645210674,430.5,5.65,1,5,68.9,9,1,-7.64,success
mol_742,COC(=O)NC(C(=O)NN(CC1CCCCC1)C[C@H](O)[C@H](Cc1ccccc1)NC(=O)[C@H](CC(N)=O)NC(=O)c1ccc2ccccc2n1)C(C)C,default,7.673217167101375,success,-2.76,,success,0.39810143059178127,717.87,2.59,6,9,205.08,17,2,-6.3,success
mol_743,CC(C)(C)NC(=O)[C@@H]1C[C@@H]2CCCC[C@@H]2CN1C[C@@H](O)[C@H](Cc1ccccc1)NC(=O)O[C@@H]1CCCS(=O)(=O)C1,default,6.345496416239314,success,-7.94,,success,0.46012470135327616,577.79,3.06,3,7,125.04,8,1,-7.88,success
mol_744,CC(C)[C@H](NC(=O)OCc1ccccc1)C(=O)N[C@@H](Cc1ccccc1)[C@H](O)CN1CCCC[C@H]1C(=O)NC(C)(C)C,default,7.438633193055512,success,-6.67,,success,0.5088860994212927,580.77,3.8,4,6,120.0,12,1,-7.21,success
mol_745,CC1(C)S[C@H]([C@H](NC(=O)Cc2ccccc2)C(=O)NCc2ccccc2)N[C@H]1C(=O)NCCCCNC(=O)[C@@H]1N[C@@H]([C@H](NC(=O)Cc2ccccc2)C(=O)NCc2ccccc2)SC1(C)C,default,6.777631850905912,success,-2.06,,success,0.3001359875754927,935.23,3.71,8,10,198.66,21,2,-5.69,success
mol_746,Nc1ccc(C(=O)N[C@@H](Cc2ccccc2)C[C@H](O)[C@H](Cc2ccccc2)NC(=O)OCc2ccccc2)cc1O,default,7.7335366342898295,success,-2.18,,success,0.38379471952415245,553.66,4.6,5,6,133.91,12,1,-6.5,success
mol_747,COc1ccc(S(=O)(=O)N(CC(C)C)C[C@@H](O)[C@H](Cc2ccccc2)NC(=O)[C@H]2CCNC2)cc1,default,6.054493779100724,success,-10.27,,success,0.5135411482583937,503.67,2.04,3,6,107.97,12,1,-7.82,success
mol_748,CCNC(=O)[C@@H](NC(=O)Cc1cccs1)[C@@H]1N[C@@H](C(=O)NCCNC(=O)[C@@H]2N[C@@H]([C@H](NC(=O)Cc3cccs3)C(=O)NCC)SC2(C)C)C(C)(C)S1,default,7.491300334510297,success,-1.29,,success,0.3339416945425247,795.09,0.69,8,12,198.66,17,3,-5.73,success
mol_749,O=C(OC1COc2cc(O)cc(O)c2C1)c1cccc(O)c1O,default,4.729769115801151,success,-10.18,,success,0.4001474263167626,318.28,1.67,4,7,116.45,2,0,-9.53,success
mol_750,CC(C)[C@@H]1NC(=O)c2cc3ccccc3cc2OCCCOc2ccc(cc2)C[C@@H]([C@H](O)CN2CC3CCCCC3C[C@H]2C(=O)NC(C)(C)C)NC1=O,default,8.089337466340316,success,-3.28,,success,0.4501114555283597,726.96,5.64,4,7,129.23,5,2,-6.75,success
mol_751,CC(C)(C)OC(=O)N[C@@H](Cc1ccccc1)[C@H](O)CNC[C@@H](O)[C@H](Cc1ccccc1)NC(=O)OC(C)(C)C,default,6.23089805670563,success,-8.83,,success,0.4802415047254692,543.71,3.57,5,7,129.15,12,1,-7.29,success
mol_752,CC(C)c1ccccc1Sc1c(O)cc(-c2cccc(Cl)c2)oc1=O,default,7.168298501622071,success,-7.96,,success,0.5293582084685059,372.87,5.94,1,4,50.44,4,1,-9.08,success
mol_753,CCCCC(NC(=O)CCCCCCCCCCCCCCC(=O)N[C@H](CC(=O)N[C@@H](Cc1ccccc1)C(=O)O)C(N)=O)C(=O)N[C@@H](C(=O)N[C@@H](Cc1ccccc1)C(N)=O)C(C)CC,default,5.713757841740622,success,0.03,,success,0.1428131534783852,920.21,5.04,8,8,268.98,36,3,-5.4,success
mol_754,CCCc1cc(=O)oc2c3c(c4c(c12)OC(C)(C)C=C4)O[C@@H](C)[C@H](C)[C@@H]3O,default,5.439844706838379,success,-8.5,,success,0.40332039223653154,370.45,4.38,1,5,68.9,2,0,-9.91,success
mol_755,CC(C)c1ccccc1Sc1c(O)cc(-c2ccc(O)cc2)oc1=O,default,6.958707156649204,success,-9.09,,success,0.549558929720767,354.43,4.99,2,5,70.67,4,0,-9.48,success
mol_756,CC(=O)N[C@H](CS(=O)(=O)c1ccc2ccccc2c1)C(=O)N[C@@H](Cc1ccccc1)[C@H](O)Cc1ccccc1C(=O)NC(C)(C)C,default,8.905001654790526,success,-2.51,,success,0.49241680456587716,643.81,3.98,4,6,141.67,12,1,-6.08,success
mol_757,CC(C)[C@H](NC(=O)OCc1ccncc1)C(=O)N[C@@H](Cc1ccccc1)C(O)[C@H](Cc1ccccc1)NC(=O)[C@H](NC(=O)OCc1ccncc1)C(C)C,default,8.052430642226897,success,-0.36,,success,0.34970255351890805,738.89,4.49,5,9,180.87,18,1,-5.7,success
mol_758,CC(C)(C)NC(=O)[C@@H]1C[C@@H]2CCCC[C@@H]2CN1C[C@@H](O)[C@H](Cc1ccccc1)NC(=O)[C@H](CC(N)=O)NC(=O)c1ccc2ccccc2n1,default,8.689282591529757,success,-3.72,,success,0.5147735492941464,670.86,3.09,5,7,166.75,12,1,-6.54,success
mol_759,CC(C)[C@H](NC(=O)[C@H](C)NC(=O)OCc1ccccc1)C(=O)N[C@@H](Cc1ccccc1)[C@@H](O)[C@H](O)[C@H](Cc1ccccc1)NC(=O)[C@H](N[C@@H](C)C(=O)OCc1ccccc1)C(C)C,default,7.220256136868449,success,0.29,,success,0.26835467807237073,866.07,4.37,7,10,204.42,23,2,-5.53,success
mol_760,Cc1cc(SC2=C(O)OC(CCc3ccccc3)(C(C)C)CC2=O)c(C(C)(C)C)cc1N,default,8.471754397082274,success,-7.33,,success,0.6169795330901895,453.65,6.71,2,5,72.55,6,1,-8.04,success
mol_761,O=C(N[C@H]1c2ccccc2OC[C@H]1O)[C@H](Cc1cccnc1)C[C@H](O)CN1CCN(Cc2ccn(-c3ccccc3Cl)c2)C[C@H]1C(=O)NCC(F)(F)F,default,9.795930255516746,success,-1.81,,success,0.5433275212930622,755.24,3.91,4,9,132.19,13,1,-6.17,success
mol_762,COc1cc(O)c(C(=O)N[C@@H](Cc2ccccc2)[C@H](O)CN(CC(C)C)S(=O)(=O)c2ccc([N+](=O)[O-])cc2)cc1OC,default,7.595673803299657,success,-4.15,,success,0.43797281694163803,601.68,3.37,3,9,168.54,14,1,-6.78,success
mol_763,CC(C)(C)NC(=O)[C@@H]1CN(Cc2ccccc2O)CCN1C[C@@H](O)[C@H](Cc1ccccc1)NC(=O)O[C@H]1CCOC1,default,7.056289334014331,success,-6.54,,success,0.4726907778345276,568.72,2.28,4,8,123.6,10,1,-7.74,success
mol_764,COC(=O)C1Cc2ccccc2C1NC(=O)[C@H](Cc1ccccc1)C[C@H](O)[C@H](Cc1ccccc1)NC(=O)OC(C)(C)C,default,7.371357686831082,success,-5.05,,success,0.44927980723592353,586.73,4.94,3,6,113.96,11,1,-6.88,success
mol_765,CC(C)(C)OC(=O)N[C@@H](Cc1ccc(O)cc1)C(=O)N1CCC(=O)[C@@H]1Sc1ccccc1,default,6.699610102767724,success,-10.78,,success,0.5843008418973104,456.56,3.75,2,6,95.94,6,0,-9.03,success
mol_766,OC(C(COCc1ccccc1)OCc1ccc(Cl)cc1)C(O)C(COCc1ccccc1)OCc1ccc(Cl)cc1,default,5.5470256928673445,success,-1.57,,success,0.18125214107227872,611.56,6.62,2,6,77.38,17,2,-5.99,success
mol_767,CCC(C)(C)C(=O)C(=O)N1CCCCC1C(=O)OC(CCc1ccc(OC)c(OC)c1)c1cccc(NC(=O)CCC(=O)N[C@@H](Cc2ccccc2)[C@H](O)CN(CC(C)C)S(=O)(=O)c2ccc(OC)cc2)c1,default,7.846472138184075,success,0.12,,success,0.3205393448486729,1013.26,7.47,3,12,207.18,26,3,-4.57,success
mol_768,CC(C)CNC(=O)N(C)C[C@@H](O)[C@H](Cc1ccccc1)NC(=O)[C@H](CC(N)=O)NC(=O)OCc1ccccc1,default,6.355473653595209,success,-8.27,,success,0.4719561377996008,541.65,1.54,5,6,163.09,14,1,-7.03,success
mol_769,CC1=CSC2C(CN3CCN(C[C@@H](O)C[C@@H](Cc4ccccc4)C(=O)NC4c5ccccc5C[C@H]4O)[C@H](C(=O)NC(C)(C)C)C3)N=CN12,default,7.91509790489881,success,-4.06,,success,0.4615914920749009,674.91,2.92,4,9,120.74,11,1,-7.01,success
mol_770,Cc1cc(SC2=C(O)OC(CCc3nccs3)(C(C)C)CC2=O)c(C(C)(C)C)cc1CO,default,8.972228267229406,success,-6.64,,success,0.6356856889357838,475.68,6.08,2,7,79.65,7,1,-8.03,success
mol_771,CC(C)[C@H](NC(=O)N(C)Cc1cscn1)C(=O)N[C@@H](Cc1ccccc1)[C@@H](O)[C@@H](O)[C@H](Cc1ccccc1)NC(=O)[C@H](NC(=O)N(C)Cc1cscn1)C(C)C,default,8.804521296650842,success,-1.94,,success,0.46504344138757014,807.06,3.81,6,10,189.12,19,2,-5.62,success
mol_772,Cc1cccnc1CNC(=O)[C@H]1N(C(=O)[C@@H](O)C[C@@H](Cc2ccccc2)C(=O)N[C@H]2c3ccccc3OC[C@H]2O)CSC1(C)C,default,9.546669831732654,success,-3.98,,success,0.5948891526443878,632.78,2.91,4,8,141.09,10,1,-7.07,success
mol_773,CC[C@H](C)[C@H](NC(=O)[C@H](CCC(N)=O)NC(=O)[C@@H]1CCCN1C(=O)CCCCC/C=C/CCCCCC(=O)N[C@H](CO)C(=O)N[C@@H](C(=O)N[C@H](CC(C)C)C(=O)N[C@H](CC(N)=O)C(=O)N[C@H](Cc1ccccc1)C(=O)O)[C@H](C)O)C(=O)N[C@H](C(=O)N[C@@H](CC(C)C)C(=O)N[C@@H](Cc1c[nH]c2ccccc12)C(=O)O)[C@@H](C)O,default,5.044874560126774,success,-0.69,,success,0.11007288001056453,1557.85,0.45,18,18,548.57,51,3,-5.52,success
mol_774,CCCCC(CO)NC(=O)[C@@H]1N[C@@H]([C@H](NC(=O)Cc2ccccc2)C(=O)NCc2ccccc2)SC1(C)C,default,5.972075983366029,success,-8.58,,success,0.4503396652805024,540.73,2.51,5,6,119.56,13,1,-7.6,success
mol_775,CC(C)(C)NC(=O)[C@@H]1CN(Cc2cccnc2)CCN1C[C@@H](O)C[C@@H](Cc1ccccc1)C(=O)N[C@H]1c2ccccc2C[C@H]1O.O,default,8.781063360841628,success,-3.85,,success,0.5267552800701357,631.82,2.04,4,7,149.53,11,1,-6.79,success
mol_776,CC(C)(C)OC(=O)N[C@@H](Cc1ccccc1)[C@@H](O)C[C@@H](Cc1ccccc1)C(=O)N[C@H](CO)Cc1ccccc1,default,7.141264097210919,success,-6.96,,success,0.49377200810090993,546.71,4.45,4,5,107.89,13,1,-7.19,success
mol_777,CC(C)CN(C[C@@H](O)[C@H](Cc1ccccc1)NC(=O)OCc1ccccc1)S(=O)(=O)c1ccccc1,default,6.888915526661983,success,-7.64,,success,0.4954096272218319,510.66,4.23,2,5,95.94,12,1,-7.58,success
mol_778,CC(C)(C)COC(=O)N[C@@H](Cc1ccccc1)[C@H](O)CNC[C@@H](O)[C@H](Cc1ccccc1)NC(=O)OCC(C)(C)C,default,6.093599923242098,success,-4.18,,success,0.3137999936035082,571.76,4.07,5,7,129.15,14,1,-6.99,success
mol_779,CC(C)CCN(C[C@@H](O)[C@@H]1Cc2ccc(cc2)OCCCCCC(=O)N[C@@H](C(C)C)C(=O)N1)S(=O)(=O)c1ccc(N)cc1,default,7.057738243273769,success,-3.61,,success,0.3751448536061474,616.83,3.49,4,7,151.06,9,1,-7.06,success
mol_780,CCC(C)[C@@H]1NC(=O)[C@@H](NC[C@@H](O)C[C@@H](Cc2ccccc2)C(=O)N[C@H]2c3ccccc3C[C@H]2O)Cc2ccc(cc2)OCCCCCNC1=O,default,7.538699246428224,success,-3.98,,success,0.4275582705356853,698.9,3.78,6,7,149.02,11,2,-6.08,success
mol_781,Cc1cc(CN2CCN(C[C@@H](O)[C@H](Cc3ccccc3)NC(=O)O[C@@H]3CCS(=O)(=O)[C@@H]3C(C)C)[C@H](C(=O)NC(C)(C)C)C2)cc(Cl)n1,default,8.237130912012924,success,-3.61,,success,0.47342757600107704,692.32,3.35,3,9,141.17,11,1,-6.53,success
mol_782,Cc1cc(C)cc(S(=O)(=O)c2c(C(N)=O)[nH]c3ccc(Cl)cc23)c1,default,6.749364244742211,success,-11.46,,success,0.611113687061851,362.84,3.37,2,3,93.02,3,0,-9.87,success
mol_783,CC(C)(C)NC(=O)[C@@H]1C[C@@H]2CCCC[C@@H]2CN1C[C@@H](O)[C@H](Cc1ccccc1)NC(=O)[C@H](CC(N)=O)NC(=O)c1ccc2ccccc2n1,default,8.689282591529757,success,-3.72,,success,0.5147735492941464,670.86,3.09,5,7,166.75,12,1,-6.54,success
mol_784,COc1ccc(C(=O)N[C@@H](Cc2ccccc2)[C@H](O)CN(C[C@H](C)O)S(=O)(=O)c2ccc([N+](=O)[O-])cc2)c(O)c1,default,6.947936753289131,success,-4.75,,success,0.40399472944076087,573.62,2.08,4,9,179.54,13,1,-6.94,success
mol_785,NC(=O)O[C@@H]1Cc2ccccc2[C@@H]1C1=C(O)[C@](Cc2ccccc2)(C[C@H](O)[C@H](Cc2ccccc2)NC(=O)O[C@H]2CCOC2)N=C1,default,8.133833386922314,success,-2.16,,success,0.4164861155768595,625.72,4.55,4,8,152.7,11,1,-6.48,success
mol_786,CC(C)(C)OC(=O)N[C@@H](Cc1ccccc1)[C@@H](O)C[C@@H](Cc1ccc(OCCN2CCCCC2)cc1)C(=O)NC1c2ccccc2C[C@H]1O,default,9.05236232572228,success,-1.78,,success,0.4803635271435233,671.88,5.37,4,7,120.36,14,2,-6.12,success
mol_787,CCCC1(CCc2ccccc2)OC(=O)C(C(CC)c2cccc(NS(=O)(=O)c3ccc([N+](=O)[O-])cn3)c2)=C(O)O1,default,7.283141199916023,success,-2.28,,success,0.3495950999930019,581.65,5.76,2,9,157.96,12,2,-6.02,success
mol_788,COC(=O)c1ccc(COC(COCc2ccccc2)C(O)C(O)C(COCc2ccccc2)OCc2ccc(C(=O)OC)cc2)cc1,default,5.452872093087604,success,-1.65,,success,0.17607267442396696,658.74,4.89,2,10,129.98,19,1,-6.04,success
mol_789,O=C(N[C@H]1c2ccccc2OC[C@H]1O)[C@H](Cc1ccccc1)C[C@H](O)CN1CCN(Cc2ncc(-c3ccccn3)o2)C[C@H]1C(=O)NCC(F)(F)F,default,9.57914335474422,success,-2.34,,success,0.5429286128953517,722.77,3.12,4,10,153.29,13,1,-6.07,success
mol_790,Cc1cc(SC2=C(O)OC(CCc3cncnc3)(C(C)C)CC2=O)c(C(C)(C)C)cc1CO,default,8.06080941956152,success,-6.9,,success,0.56840078496346,470.64,5.41,2,7,92.54,7,1,-8.12,success
mol_791,CC(C)[C@H](NC(=O)N(C)Cc1ccccn1)C(=O)N[C@@H](Cc1ccccc1)[C@@H](O)[C@H](O)[C@H](Cc1ccccc1)NC(=O)[C@H](NC(=O)N(C)Cc1ccccn1)C(C)C,default,8.70231099735735,success,-2.96,,success,0.4905259164464458,795.0,3.69,6,8,189.12,19,2,-5.64,success
mol_792,O=C(N[C@@H](Cc1ccccc1)[C@@H](O)C[C@@H](Cc1ccccc1)C(=O)N[C@H]1c2ccccc2C[C@H]1O)O[C@@H]1CCOC1,default,9.775722681985776,success,-6.95,,success,0.7129768901654814,558.68,3.5,4,6,117.12,11,1,-7.32,success
mol_793,CC(C)(C)OC(=O)N[C@@H](Cc1c[nH]cn1)C(=O)Nc1cccc(C(c2c(O)c3c(oc2=O)CCCCCC3)C2CC2)c1,default,5.386925509253722,success,-3.25,,success,0.22391045910447682,576.69,5.34,4,7,146.55,8,2,-6.67,success
mol_794,O=c1oc2ccccc2c(O)c1CCCN(c1ccccc1)c1ccc(F)cc1,default,5.369277643280566,success,-8.35,,success,0.3924398036067138,389.43,5.41,1,4,53.68,6,1,-8.36,success
mol_795,CC(C)(C)NC(=O)[C@@H]1CN(C(C)(C)c2cc3cnccc3o2)CCN1C[C@@H](O)C[C@@H](Cc1ccccc1)C(=O)N[C@H]1c2ccccc2C[C@H]1O,default,9.497237087639332,success,-0.54,,success,0.47610309063661105,681.88,4.35,4,8,131.17,11,1,-6.2,success
mol_796,CC(C)[C@H](NC(=O)[C@H](Cc1ccccc1)C[C@H](O)[C@H](Cc1ccccc1)NC(=O)OC(C)(C)C)C(=O)O,default,7.044841460187506,success,-8.81,,success,0.5474034550156255,512.65,3.96,4,5,124.96,12,1,-7.36,success
mol_797,CC(C)(C)OC(=O)N[C@@H](Cc1ccccc1)[C@@H](O)C[C@@H](Cc1ccccc1)C(=O)N[C@@H]1c2ccccc2[C@@H](O)[C@H]1O,default,9.60643459590874,success,-6.11,,success,0.6708695496590616,560.69,4.0,5,6,128.12,10,1,-7.32,success
mol_798,CNc1ccc(S(=O)(=O)N(CC(C)C)C[C@@H](O)[C@H](Cc2ccccc2)NC(=O)[C@@H]2COCCN2)cc1,default,6.943152303821855,success,-8.91,,success,0.5422626919851545,518.68,1.45,4,7,120.0,12,1,-7.5,success
mol_799,COc1cc(C(=O)N[C@@H](Cc2ccccc2)[C@H](O)CN(CC(C)C)S(=O)(=O)c2ccc(C(F)(F)F)cc2)cc(OC)c1O,default,8.070191183116885,success,-3.9,,success,0.4691825985930737,624.68,4.48,3,7,125.4,13,1,-6.8,success
mol_800,COc1ccc(CN(C[C@H](O)[C@H](Cc2ccccc2)NC(=O)[C@H](CC(N)=O)NC(=O)c2ccc3ccccc3n2)NC(=O)C(NC(=O)OCc2ccccc2)C(C)C)cc1,default,7.571469755967345,success,-1.96,,success,0.36295581299727875,817.94,3.79,6,10,214.31,20,2,-5.62,success
mol_801,CC(C)[C@@H]1CC[C@]2(C(=O)O)CC[C@]3(C)[C@H](CC[C@@H]4[C@@]5(C)CC[C@H](OC(=O)COCC(=O)O)C(C)(C)[C@@H]5CC[C@]43C)[C@@H]12,default,4.2530069464470435,success,-3.42,,success,0.1350839122039203,574.8,6.82,2,5,110.13,7,2,-6.49,success
mol_802,COc1ccc(S(=O)(=O)N(CC(C)C)C[C@@H](O)[C@H](Cc2ccccc2)NC(=O)c2cc3ccc(O)cc3o2)cn1,default,5.947487189555972,success,-5.97,,success,0.3612905991296643,567.66,3.59,3,8,142.2,12,1,-6.56,success
mol_803,Cc1ccc(C(C)C)c(SC2=C(O)OC(CCc3ccccc3)(c3ccccc3)CC2=O)c1,default,7.548800526424055,success,-6.74,,success,0.5204000438686713,458.62,7.46,1,4,46.53,7,1,-7.83,success
mol_804,CC(C)C[C@H](NC(=O)[C@@H](NC(=O)CCCCCCCCCCCCCCC(=O)N[C@@H](CC(N)=O)C(=O)N[C@@H](Cc1ccccc1)C(=O)O)[C@@H](C)O)C(=O)NCCc1ccccc1,default,5.382189241654878,success,-0.96,,success,0.14718243680457316,865.13,4.38,8,8,246.12,33,2,-5.77,success
mol_805,CCC(C)[C@H](NC(=O)[C@H](Cc1ccccc1)C[C@H](O)[C@H](Cc1ccccc1)NC(=O)OC(C)(C)C)C(N)=O,default,7.845135175409588,success,-7.71,,success,0.5774279312841324,525.69,3.75,4,5,130.75,13,1,-7.38,success
mol_806,CN(C)c1ccc2ccc(S(=O)(=O)N3CCN(C[C@@H](O)C[C@@H](Cc4ccccc4)C(=O)NC4c5ccccc5C[C@H]4O)[C@H](C(=O)NC(C)(C)C)C3)cc2n1,default,9.137215102099319,success,-1.91,,success,0.4917679251749432,756.97,3.27,4,9,155.41,12,1,-6.05,success
mol_807,CC1=C(CCC(=O)O)c2cc3[nH]c(cc4[nH]c(cc5nc(cc1n2)C(C)=C5C(COC(=O)C1=CC1)OC(=O)C1=CC1)c(C)c4C(COC(=O)C1=CC1)OC(=O)C1=CC1)c(C)c3CCC(=O)O,default,5.239629222120826,success,0.43,,success,0.10330243517673547,894.93,7.58,4,12,237.16,18,3,-4.86,success
mol_808,COC(=O)[C@@H](NC(=O)[C@H](CC(C)C)NC(=O)[C@@H]1CCCN1C[C@@H](O)[C@H](Cc1ccccc1)NC(=O)[C@H](CC(N)=O)NC(=O)OC(C)(C)C)C(C)C,default,7.094976301881424,success,-2.51,,success,0.34158135849011867,718.89,1.15,6,10,218.49,18,2,-6.05,success
mol_809,C=CCN(CC(=O)N[C@H](C(=O)N[C@H](C(=O)OC)C(C)C)[C@@H](C)CC)C(=O)[C@H](Cc1ccccc1)NC(=O)[C@H](C)NC(=O)[C@H](C)NC(=O)[C@H](CO)NC(=O)OC(C)(C)C,default,7.135156843776332,success,-0.8,,success,0.287929736981361,817.98,0.47,7,11,250.67,22,3,-5.56,success
mol_810,Nc1ccc(S(=O)(=O)N(C[C@@H](O)[C@H](Cc2ccccc2)NC(=O)N2CCOCC2)C2CC2)cc1,default,6.228897456069749,success,-10.47,,success,0.5347414546724791,488.61,1.44,3,6,125.2,9,0,-8.23,success
mol_811,CCNC(=O)[C@@H](NC(=O)c1ccccc1Cc1ccccc1)[C@@H]1N[C@@H](C(=O)NCCNC(=O)[C@@H]2N[C@@H]([C@H](NC(=O)c3ccccc3Cc3ccccc3)C(=O)NCC)SC2(C)C)C(C)(C)S1,default,7.3533573755732435,success,-1.99,,success,0.3457797812977703,935.23,3.89,8,10,198.66,19,2,-5.64,success
mol_812,C[C@@H](O)CN(C[C@@H](O)[C@H](Cc1ccccc1)NC(=O)c1cc(O)cc(O)c1)S(=O)(=O)c1ccc(C(F)(F)F)cc1,default,8.053155725362616,success,-5.46,,success,0.5197629771135513,582.6,2.89,5,7,147.4,11,1,-6.98,success
mol_813,Cc1cc(O)c(C)c(C(=O)N[C@@H](Cc2ccccc2)[C@H](O)C(=O)N2C[C@@H](Cl)C[C@H]2C(=O)NC(C)(C)C)c1,default,8.64358890934761,success,-9.33,,success,0.6979657424456341,530.07,2.83,4,5,118.97,7,1,-8.23,success
mol_814,CC(C)=CCN1Cc2cc(Cl)cc3[nH]c(=S)n(c23)C[C@@H]1C,default,5.307010133582576,success,-8.07,,success,0.3779175111318814,321.88,4.52,1,3,23.96,2,0,-10.07,success
mol_815,CC(C)[C@H](NC(=O)[C@H](Cc1ccccc1)C[C@H](O)[C@H](Cc1ccccc1)NC(=O)OC(C)(C)C)C(=O)NCC(O)CN1CCOCC1,default,8.701074375924208,success,-3.75,,success,0.5167561979936839,654.85,2.68,5,8,149.46,16,1,-6.69,success
mol_816,Cc1cc(SC2=C(O)OC(C)(CCc3ccc(O)cc3)CC2=O)c(C(C)(C)C)cc1NS(C)(=O)=O,default,8.073516009594861,success,-7.33,,success,0.5837930007995717,519.69,5.57,3,7,112.93,7,2,-7.46,success
mol_817,CC(C)CN(C[C@@H](O)[C@H](Cc1ccccc1)NC(=O)C[C@H]1CCNC1)S(=O)(=O)c1ccc(O)cc1,default,5.751976430547567,success,-9.0,,success,0.4459980358789639,503.67,2.13,4,6,118.97,12,1,-7.73,success
mol_818,Cc1ccccc1CSc1c(O)cc(-c2ccccc2)oc1=O,default,5.544157316855507,success,-8.59,,success,0.4150131097379589,324.4,4.61,1,4,50.44,4,0,-9.73,success
mol_819,COc1ccc(CN2C[C@H](O)[C@@](CCC(C)C)(c3ccc(S(C)(=O)=O)cc3OC(C)C)C2=O)cc1,default,6.349513973075191,success,-9.96,,success,0.5277928310895993,503.66,3.96,1,6,93.14,10,1,-8.03,success
mol_820,O=C(CCc1ccccc1)NCC(=O)OCc1ccccc1,default,4.4246159064944095,success,-11.03,,success,0.40305132554120077,297.35,2.48,1,3,55.4,7,0,-10.15,success
mol_821,CC(C)[C@H](NC(=O)N(C)Cc1cccnc1)C(=O)N[C@@H](Cc1ccccc1)[C@@H](O)[C@@H](O)[C@H](Cc1ccccc1)NC(=O)[C@H](NC(=O)N(C)Cc1cccnc1)C(C)C,default,8.705805255178841,success,-2.58,,success,0.47815043793157014,795.0,3.69,6,8,189.12,19,2,-5.66,success
mol_822,CCN(CCc1csc(C(C)C)n1)C(=O)NC(C)C(=O)N[C@@H](Cc1ccccc1)C[C@H](O)[C@H](Cc1ccccc1)NC(=O)OCc1cncs1,default,8.461509959770495,success,1.32,,success,0.37179249664754127,720.96,5.7,4,9,145.78,18,2,-5.27,success
mol_823,CC(C)(C)NC(=O)c1ccccc1C[C@@H](O)[C@H](Cc1ccccc1)NC(=O)[C@H](CSc1ccccn1)NS(C)(=O)=O,default,6.612854761175825,success,-5.97,,success,0.41673789676465206,598.79,2.95,4,7,137.49,13,1,-7.13,success
mol_824,O=C(N[C@H]1c2ccccc2OC[C@H]1O)[C@H](Cc1cccnc1)C[C@H](O)CN1CCN(Cc2ccn(-c3ccccc3)c2)C[C@H]1C(=O)NCC(F)(F)F,default,9.528025837292793,success,-2.49,,success,0.5436688197743994,720.79,3.26,4,9,132.19,13,1,-6.37,success
mol_825,CC(C)(C)OC(=O)N[C@@H](Cc1ccccc1)[C@@H](O)C[C@]1(Cc2ccccc2)N=CC(C2c3ccccc3C[C@H]2O)=C1O,default,7.804729662077584,success,-3.47,,success,0.43272747183979865,568.71,5.45,4,6,111.38,9,2,-6.98,success
mol_826,Nc1nc(-c2[nH]c3ccc(Cl)cc3c2S(=O)(=O)c2ccccc2)cs1,default,7.534115306354258,success,-7.77,,success,0.5535096088628548,389.89,4.36,2,5,88.84,3,0,-9.01,success
mol_827,OC(C(COCc1ccccc1)OCc1c(F)cccc1F)C(O)C(COCc1ccccc1)OCc1c(F)cccc1F,default,5.688282169383892,success,-1.9,,success,0.20402351411532432,614.63,5.87,2,6,77.38,17,2,-6.19,success
mol_828,C=C(C)[C@@H]1CC[C@@]2(C)[C@@H]1C1CC[C@@H]3[C@@](C)(CC(=O)O)[C@H](C(C)(C)C(=O)O)CC[C@@]3(C)[C@]1(C)C[C@@H]2O,default,6.991634889482493,success,-5.72,,success,0.4399695741235411,488.71,6.4,3,3,94.83,5,1,-7.59,success
mol_829,CC(C)C(C=O)NC(=O)C(F)(F)C(=O)C(Cc1ccc(OCc2ccccc2)cc1)NC(=O)[C@@H](NC(=O)OCc1ccccc1)C(C)C,default,7.796021567707052,success,-3.24,,success,0.42433513064225437,665.73,4.79,3,7,139.9,17,1,-6.37,success
mol_830,Cc1cc(SC2=C(O)OC(CCc3ccc(O)cc3)(C(C)C)CC2=O)c(C(C)(C)C)cc1NC(=O)c1ccncc1,default,8.140884423785046,success,-5.0,,success,0.5117403686487538,574.74,7.48,3,7,108.75,8,2,-6.55,success
mol_831,COC(=O)c1cc(OC)c2c(c1-c1c3c(c(OC)c(Br)c1C(=O)OC)OCO3)OCO2,default,5.740217473302024,success,-8.4,,success,0.4250181227751687,497.25,3.16,0,10,107.98,5,0,-8.89,success
mol_832,CCNC(=O)[C@@H](NC(=O)c1ccccc1-c1ccccc1)[C@@H]1N[C@@H](C(=O)NCCNC(=O)[C@@H]2N[C@@H]([C@H](NC(=O)c3ccccc3-c3ccccc3)C(=O)NCC)SC2(C)C)C(C)(C)S1,default,7.7923790138744815,success,-0.19,,success,0.32236491782287346,907.18,4.04,8,10,198.66,17,2,-5.59,success
mol_833,CC(C)(C)NC(=O)c1ccccc1NC[C@@H](O)[C@H](Cc1ccccc1)NC(=O)[C@H](CC(N)=O)NC(=O)c1ccc2ccccc2n1,default,7.412740157111805,success,-3.37,,success,0.39672834642598376,624.74,2.94,6,7,175.54,13,2,-6.22,success
mol_834,Cn1nc(C(F)(F)F)cc1-c1ccc(CN2CCN(C[C@@H](O)C[C@@H](Cc3ccccc3)C(=O)NC3c4ccccc4C[C@H]3O)[C@H](C(=O)NC(C)(C)C)C2)s1,default,9.32796189039044,success,-0.85,,success,0.4723301575325367,766.93,4.95,4,9,122.96,12,1,-5.98,success
mol_835,O=C(O)CCCCC1(c2ccccc2)CC(O)=C(SCCc2ccccc2)C(=O)O1,default,5.836618125539986,success,-7.42,,success,0.40038484379499883,426.53,5.22,2,5,83.83,10,1,-8.0,success
mol_836,O=c1cc(-c2ccc3c(c2)OCCO3)oc(O)c1SCc1ccccc1,default,5.995476299271373,success,-9.3,,success,0.47628969160594775,368.41,4.08,1,6,68.9,4,0,-9.64,success
mol_837,CNC(=O)c1[nH]c2ccccc2c1Sc1ccccc1,default,6.04683115821762,success,-10.66,,success,0.525902596518135,282.37,3.68,2,2,44.89,3,0,-10.04,success
mol_838,O=C1N(Cc2ccc(CBr)cc2)C(Cc2ccccc2)P(=O)(O)C(Cc2ccccc2)N1Cc1ccc(CBr)cc1,default,5.970657131557561,success,-2.46,,success,0.24622142762979676,696.42,8.32,1,2,60.85,10,2,-5.79,success
mol_839,Cc1cc(C(=O)N[C@@H](Cc2ccccc2)[C@H](O)Cc2ccccc2C(=O)NC(C)(C)C)cc(C(=O)N2CCc3ccccc3C2)c1,default,6.879441624990449,success,-1.74,,success,0.2979534687492041,617.79,5.67,3,4,98.74,9,2,-6.44,success
mol_840,CC(C)[C@H](NC(=O)OCc1ccccc1)C(=O)N[C@@H](Cc1ccccc1)[C@@H](O)[C@@H](O)[C@H](Cc1ccccc1)NC(=O)[C@H](NC(=O)OCc1ccccc1)C(C)C,default,8.858248744645142,success,-0.08,,success,0.40752072872042844,766.94,5.07,6,8,175.32,19,3,-5.11,success
mol_841,CC(C)(C)OC(=O)NC(CC1CCCCC1)[C@H](O)CNC[C@@H](O)C(CC1CCCCC1)NC(=O)OC(C)(C)C,default,6.309437029698188,success,-2.42,,success,0.273119752474849,555.8,5.03,5,7,129.15,12,2,-6.57,success
mol_842,CC(C)CNC(=O)N(C[C@@H](O)[C@H](Cc1ccccc1)NC(=O)[C@H](CC(N)=O)NC(=O)OCc1ccccc1)C(C)(C)C,default,7.127819658443625,success,-5.3,,success,0.4373183048703021,583.73,2.71,5,6,163.09,14,1,-6.99,success
mol_843,CC(C)(C)NC(=O)[C@@H]1CN(Cc2ccccc2)CCN1C[C@@H](O)[C@H](Cc1ccccc1)NC(=O)O[C@H]1CCOC1,default,6.958940290822862,success,-7.94,,success,0.5112450242352384,552.72,2.57,3,7,103.37,10,1,-8.02,success
mol_844,O=C(N[C@H]1c2ccccc2OC[C@H]1O)[C@H](Cc1ccccc1)C[C@H](O)CN1CCN(Cc2ccc(-c3cccnc3)o2)C[C@H]1C(=O)NCC(F)(F)F,default,9.910656336519198,success,-1.77,,success,0.5515546947099331,721.78,3.73,4,9,140.4,13,1,-5.95,success
mol_845,COC(=O)[C@@H](/N=C(\S)[C@@H](NC(=O)[C@H](Cc1ccccc1)NC(=O)[C@H](Cc1ccccc1)NC(=O)[C@H](C)NC(=O)[C@H](C)NC(=O)OC(C)(C)C)C(C)C)C(C)C,default,5.313393567325515,success,-2.88,,success,0.20544946394379293,783.0,3.53,6,9,193.39,18,2,-5.97,success
mol_846,Cc1nnc(C[C@H](C[C@H](O)CN2CCN(C(C)(C)c3ncc(-c4ccc(F)cc4)o3)C[C@H]2C(=O)NCC(F)(F)F)C(=O)N[C@H]2CCOC[C@H]2O)o1,default,10.018167321258671,success,-2.97,,success,0.599,725.74,1.95,4,12,179.32,13,2,-6.31,success
mol_847,CC(C)(C)OC(=O)N[C@@H](Cc1ccccc1)[C@H](O)CNC[C@@H](O)[C@H](Cc1ccccc1)NC(=O)[C@H](O)C(C)(C)C,default,6.646652196489306,success,-5.17,,success,0.3928876830407755,557.73,2.57,6,7,140.15,13,2,-6.96,success
mol_848,CC(C)(C)OC(=O)N1CCC[C@H]1C(=O)Nc1cccc(C(c2c(O)c3c(oc2=O)CCCCCC3)C2CC2)c1,default,5.058077374710734,success,-7.56,,success,0.3401731145592279,536.67,5.88,2,6,109.08,5,2,-7.64,success
mol_849,CC(C)[C@H](NC(=O)N(C)Cc1ccccn1)C(=O)N[C@@H](Cc1ccccc1)C(O)[C@H](Cc1ccccc1)NC(=O)[C@H](NC(=O)N(C)Cc1ccccn1)C(C)C,default,8.152600051391113,success,-0.81,,success,0.3730500042825928,764.97,4.32,5,7,168.89,18,1,-5.75,success
mol_850,CC(C)CC(NC(=O)[C@H](Cc1ccccc1)C[C@H](O)[C@H](Cc1ccccc1)NC(=O)OC(C)(C)C)C(N)=O,default,7.417858938282276,success,-8.35,,success,0.563154911523523,525.69,3.75,4,5,130.75,13,1,-7.29,success
mol_851,CC(=O)N[C@H](C(=O)N[C@@H](Cc1ccccc1)[C@H](O)CN1CC2CCCCC2C[C@H]1C(=O)NC(C)(C)C)C(C)C,default,7.751130889351223,success,-8.95,,success,0.6109275741126019,542.77,3.03,4,5,110.77,10,1,-7.82,success
mol_852,CC(C)(C)OC(=O)N[C@@H](Cc1ccccc1)[C@H](O)COC[C@@H](O)[C@H](Cc1ccccc1)NC(=O)OC(C)(C)C,default,5.951642519997635,success,-8.52,,success,0.44663687666646956,544.69,4.0,4,7,126.35,12,1,-7.25,success
mol_853,COc1ccc(C(=O)N[C@@H](Cc2ccccc2)[C@H](O)CN(CC(C)C)S(=O)(=O)c2ccc(F)cc2)c(O)c1,default,7.770742854223929,success,-10.24,,success,0.6555619045186607,544.65,3.59,3,6,116.17,12,1,-7.45,success
mol_854,CC(C)(C)NC(=O)[C@@H]1CN(Cc2cccnc2)CCN1C[C@@H](O)C[C@@H](Cc1ccccc1)C(=O)N[C@H]1c2ccccc2C[C@H]1O.O=S(=O)(O)O,default,9.151127038021455,success,-3.17,,success,0.5349272531684546,711.88,2.21,6,9,192.63,11,2,-6.28,success
mol_855,CC(C)(C)N(C[C@@H](O)[C@H](Cc1ccccc1)NC(=O)[C@H](CC(N)=O)NC(=O)OCc1ccccc1)C(=O)NCc1ccncc1,default,7.326257381669737,success,-3.52,,success,0.39452144847247805,618.74,2.65,5,7,175.98,14,1,-6.87,success
mol_856,COc1ccc(S(=O)(=O)N(CC(C)C)C[C@@H](O)[C@H](Cc2ccccc2)NC(=O)[C@@H]2CCNC2)cn1,default,5.820811917133085,success,-9.84,,success,0.4797343264277571,504.65,1.43,3,7,120.86,12,1,-7.57,success
mol_857,COc1ccc(S(=O)(=O)N(CC(C)C)C[C@@H](O)[C@H](Cc2ccccc2)NC(=O)Oc2c3occc3cc3ccc(=O)oc23)cc1,default,8.595307751837893,success,-1.15,,success,0.4212756459864911,634.71,4.96,2,9,148.52,12,1,-5.91,success
mol_858,CC(C)(C)NC(=O)[C@@H]1CN(Cc2cccnc2)CCN1C[C@@H](O)C[C@@H](Cc1ccccc1)C(=O)N[C@H]1c2ccccc2C[C@H]1O.O,default,8.781063360841628,success,-3.85,,success,0.5267552800701357,631.82,2.04,4,7,149.53,11,1,-6.79,success
mol_859,CC(C)[C@@H]1[C@H](OC(=O)N[C@@H](Cc2ccccc2)[C@H](O)CN2CCN(Cc3ccc(Br)s3)C[C@H]2C(=O)NC(C)(C)C)CCS1(=O)=O,default,8.71697361379246,success,-4.98,,success,0.559081134482705,727.79,3.82,3,9,128.28,11,1,-6.72,success
mol_860,CC(C)(C)NC(=O)[C@@H]1CN(C(=O)c2cc3ccccc3oc2=O)CCN1C[C@@H](O)C[C@@H](Cc1ccccc1)C(=O)NC1c2ccccc2C[C@H]1O,default,9.098013630983969,success,-4.19,,success,0.5645011359153308,694.83,3.22,4,8,152.42,10,1,-6.35,success
mol_861,CC(C)(C)OC(=O)N[C@@H](Cc1ccccc1)C[C@H](O)[C@H](Cc1ccccc1)NC(=O)c1cc(N)cc(N)c1,default,7.275904193324618,success,-5.75,,success,0.4646586827770516,518.66,4.08,5,6,139.7,10,1,-7.35,success
mol_862,COC(=O)[C@@H](NC(=O)[C@H](CC(C)C)NC(=O)[C@@H](NC(=O)CCCOc1ccc2ccc(OCCCC(=O)N[C@H](C(=O)N[C@@H](CC(C)C)C(=O)N[C@H](C(=O)OC)C(C)C)C(C)C)nc2c1)C(C)C)C(C)C,default,5.756995504022044,success,-0.51,,success,0.16341629200183705,984.25,4.52,6,13,258.55,30,3,-5.59,success
mol_863,CC(C)[C@@H]1[C@H](OC(=O)N[C@@H](Cc2ccccc2)[C@H](O)CN2CCN(C(C)C)C[C@H]2C(=O)NC(C)(C)C)CCS1(=O)=O,default,7.395815028914208,success,-7.56,,success,0.5349845857428506,594.82,2.21,3,8,128.28,10,1,-7.64,success
mol_864,CC1(C)CC2(CC(C)(C)c3cc(Br)c(O)cc32)c2cc(O)c(Br)cc21,default,4.905958991934857,success,-7.76,,success,0.33416324932790475,466.21,6.27,2,2,40.46,0,1,-9.02,success
mol_865,Cc1ccc(C(C)(C)C)c(SC2=C(O)OC(CCc3ccccc3)(c3ccccc3)CC2=O)c1,default,7.651277966623604,success,-7.9,,success,0.5676064972186337,472.65,7.63,1,4,46.53,6,1,-7.86,success
mol_866,COc1ccc(S(=O)(=O)N(CC(C)C)C[C@@H](O)[C@H](Cc2ccccc2)NC(=O)Cc2ccc(O)cc2)cc1,default,7.725781809817502,success,-9.73,,success,0.6348151508181252,540.68,3.38,3,6,116.17,13,1,-7.44,success
mol_867,Cc1ccccc1-n1ccc(CN2CCN(C[C@@H](O)C[C@@H](Cc3cccnc3)C(=O)N[C@H]3c4ccccc4OC[C@H]3O)[C@H](C(=O)NCC(F)(F)F)C2)c1,default,9.72949957984745,success,-1.73,,success,0.5351249649872876,734.82,3.57,4,9,132.19,13,1,-6.27,success
mol_868,COc1ccc(CC(=O)N[C@@H](Cc2ccccc2)[C@H](O)CN(CC(C)C)S(=O)(=O)c2ccc(SC)cc2)cc1OC,default,7.063775267653853,success,-3.61,,success,0.37564793897115445,600.8,4.4,2,7,105.17,15,1,-7.01,success
mol_869,CC(C)C[C@@H](C(=O)NC(C)(C)C)N1CCC(O)([C@H](Cc2ccccc2)NC(=O)[C@@H](NC(=O)OCc2ccccc2)C(C)C)CC1,default,5.549216795925285,success,-2.86,,success,0.22443473299377376,622.85,4.82,4,6,120.0,13,1,-6.72,success
mol_870,CC(C)C[C@@H](NC(=O)[C@H](Cc1ccccc1)C[C@H](O)[C@H](Cc1ccccc1)NC(=O)OC(C)(C)C)C(N)=O,default,7.417858938282276,success,-7.54,,success,0.536154911523523,525.69,3.75,4,5,130.75,13,1,-7.29,success
mol_871,Cc1cc(O)cc(C)c1CNC(=O)[C@H](Cc1ccccc1)C[C@@H](O)CN1CCN(S(=O)(=O)c2cccs2)C[C@@H]1C(=O)NC(C)(C)C,default,8.510763778801367,success,-4.09,,success,0.512230314900114,670.9,3.59,4,8,139.28,12,1,-6.71,success
mol_872,CC(=O)N[C@@H](Cc1c[nH]c2ccccc12)C(=O)N[C@H](C(=O)N[C@@H](Cc1ccccc1)[C@@H](O)C(=O)N[C@H]1Cc2ccc(cc2)OCCCNC(=O)[C@H](C(C)C)NC1=O)C(C)C,default,7.532012579796398,success,-2.72,,success,0.38500104831636656,823.99,2.21,8,8,219.85,14,2,-5.91,success
mol_873,O=C(O)CCCC1(c2ccccc2)CC(=O)C(SCCc2ccccc2)=C(O)O1,default,6.365747958811817,success,-8.25,,success,0.47214566323431817,412.51,4.83,2,5,83.83,9,0,-8.69,success
mol_874,O=C(N[C@@H](Cc1ccccc1)[C@@H](O)C[C@]1(Cc2ccccc2)CCN([C@@H]2CS(=O)(=O)Cc3ccccc32)C1=O)O[C@H]1CCOC1,default,8.008794021167025,success,-6.08,,success,0.5367328350972521,632.78,3.99,2,7,122.24,10,1,-7.2,success
mol_875,CC(C)(C)OC(=O)N[C@@H](Cc1ccccc1)[C@@H](O)C[C@@H](C/C=C/c1ccccc1)C(=O)N[C@H]1c2ccccc2C[C@H]1O,default,9.575587387052682,success,-3.89,,success,0.5942989489210568,570.73,5.37,4,5,107.89,11,2,-6.69,success
mol_876,CC(C)(C)OC(=O)N[C@@H](Cc1ccccc1)[C@@H](O)C[C@@H](Cc1ccccc1)C(=O)N[C@@]1(C)c2ccccc2C[C@H]1O,default,7.055008572612384,success,-4.31,,success,0.3982507143843653,558.72,4.68,4,5,107.89,10,1,-7.35,success
mol_877,CC(C)(C)NC(=O)[C@@H]1CCCCN1C[C@@H](O)[C@H](Cc1ccccc1)NC(=O)[C@H](CC(N)=O)NC(=O)OCc1ccccc1,default,7.38899262119345,success,-5.84,,success,0.47708271843278743,595.74,2.01,5,7,163.09,13,1,-6.92,success
mol_878,CC(C)(C)NC(=O)[C@@H]1CSCN1C(=O)[C@@H](O)[C@H](Cc1ccccc1)NC(=O)[C@H](CC(N)=O)NC(=O)COc1cccc2ccccc12,default,8.056485188775577,success,-4.17,,success,0.4770404323979647,663.8,1.48,5,8,180.16,13,1,-6.48,success
mol_879,CC(=O)N[C@@H](C[S+]([O-])c1ccc2ccccc2n1)C(=O)N[C@@H](Cc1ccccc1)[C@H](O)Cc1ccccc1C(=O)NC(C)(C)C,default,8.57080424934194,success,-2.64,,success,0.46890035411182834,628.8,3.71,4,6,143.48,12,1,-6.2,success
mol_880,CC(C)(C)NC(=O)C1CC2CCCCC2CN1C[C@@H](O)[C@H](Cc1ccccc1)NC(=O)[C@H](CC(N)=O)NC(=O)OCc1ccccc1,default,7.745247552781367,success,-4.5,,success,0.46210396273178056,649.83,3.04,5,7,163.09,13,1,-6.73,success
mol_881,CC(C)(C)OC(=O)N[C@@H](Cc1ccccc1)[C@H](O)CNC[C@@H](O)[C@H](Cc1ccc(OCc2nc3ccccc3o2)cc1)NC(=O)OC(C)(C)C,default,6.887540077542514,success,1.35,,success,0.2406283397952095,690.84,5.29,5,10,164.41,15,2,-5.34,success
mol_882,CC(C)[C@H](NC(=O)CCc1cccnc1)C(=O)N[C@@H](Cc1ccccc1)C(O)[C@H](Cc1ccccc1)NC(=O)[C@H](NC(=O)CCc1cccnc1)C(C)C,default,7.811741836057919,success,-1.18,,success,0.35697848633815993,734.94,4.14,5,7,162.41,20,1,-5.8,success
mol_883,CC1(C)SCN(C(=O)[C@@H](O)C[C@@H](Cc2ccccc2)C(=O)N[C@H]2c3ccccc3OC[C@H]2O)[C@@H]1C(=O)NCc1c(Cl)cccc1Cl,default,9.863401004215959,success,-2.94,,success,0.5866167503513299,686.66,4.51,4,7,128.2,10,1,-6.69,success
mol_884,CC(C)[C@H](NC(=O)OCc1ccccc1)C(=O)N[C@@H](Cc1ccccc1)C(O)[C@H](Cc1ccccc1)NC(=O)[C@@H](NC(=O)OCc1ccccc1)C(C)C,default,8.281946022737714,success,-0.43,,success,0.3711621685614761,736.91,5.7,5,7,155.09,18,2,-5.22,success
mol_885,CC(C)(C)OC(=O)N[C@@H](Cc1ccc(O)cc1)[C@@H](O)[C@@H]1CCC[C@H]1C(=O)NCc1ccccc1,default,6.203449634240754,success,-9.27,,success,0.49262080285339616,468.59,3.92,4,5,107.89,8,0,-8.42,success
mol_886,O=c1cc(-c2ccc(O)cc2)oc(O)c1SCc1ccccc1,default,5.92493316461026,success,-11.08,,success,0.5297444303841883,326.37,4.01,2,5,70.67,4,0,-9.75,success
mol_887,COc1cccc(CC(=O)N[C@@H](Cc2ccccc2)[C@H](O)CN(CC(C)C)S(=O)(=O)c2ccc(OC)nc2)c1,default,7.588936699911712,success,-7.74,,success,0.557078058325976,555.7,3.08,2,7,118.06,14,1,-7.5,success
mol_888,Cc1cc(SC2=C(O)OC(CCc3ccc(O)cc3)(C(C)C)CC2=O)c(C(C)(C)C)cc1OS(=O)(=O)c1ccc(C#N)cc1,default,8.210944679703262,success,-0.67,,success,0.37324538997527185,635.8,7.47,2,9,133.92,9,2,-6.02,success
mol_889,CC(C)(C)OC(=O)N[C@@H](Cc1ccccc1)[C@@H](O)C[C@@H](Cc1ccccc1)C(=O)NC1Cc2ccccc2C1,default,6.999855364866652,success,-6.64,,success,0.4713212804055543,528.69,5.02,3,4,87.66,10,2,-7.31,success
mol_890,CC(=O)N[C@H](C(=O)N[C@@H](Cc1ccccc1)[C@@H](O)CN(Cc1ccccc1)NC(=O)[C@H](NC(C)=O)C(C)C)C(C)C,default,7.188597881383278,success,-5.45,,success,0.44738315678193985,567.73,1.93,5,6,139.87,15,1,-7.12,success
mol_891,CC(C)(C)OC(=O)N[C@@H](Cc1ccccc1)[C@H](O)CNC[C@@H](O)[C@@H](Cc1ccccc1)NC(=O)OC(C)(C)C,default,6.23089805670563,success,-8.79,,success,0.4789081713921358,543.71,3.57,5,7,129.15,12,1,-7.29,success
mol_892,CC(C)[C@H](NC(=O)[C@H](Cc1cccc2ccccc12)CS(=O)(=O)C(C)(C)C)C(=O)N[C@H](Cc1ccccc1)P(=O)(O)[C@@H](Cc1ccccc1)NC(=O)[C@@H](NC(=O)[C@H](Cc1cccc2ccccc12)CS(=O)(=O)C(C)(C)C)C(C)C,default,7.612410737320548,success,1.4,,success,0.3010342281100457,1135.44,9.36,5,9,221.98,24,2,-4.76,success
mol_893,CC(C)CN([C@H](CO)CCCCNC(=O)[C@@H](NC(=O)OC(C)(C)C)C(c1ccccc1)c1ccccc1)S(=O)(=O)c1ccc(N)cc1,default,8.851960686182574,success,-0.82,,success,0.43166339051521446,666.89,5.29,4,7,151.06,16,2,-5.8,success
mol_894,CC(C)(C)OC(=O)N[C@@H](Cc1ccccc1)[C@H](O)CNC[C@@H](O)[C@H](Cc1ccccc1)NC(=O)C(C)(O)C(C)(C)CO,default,6.754017225096814,success,-5.66,,success,0.4181681020914012,587.76,1.93,7,8,160.38,15,2,-6.67,success
mol_895,CC(C)C[C@H](NC(=O)[C@H](C/C=C/c1ccccc1)C[C@H](O)[C@H](Cc1ccccc1)NC(=O)OC(C)(C)C)C(=O)N[C@@H](Cc1ccccc1)C(N)=O,default,9.35001296433087,success,-1.2,,success,0.4858344136942392,698.91,5.34,5,6,159.85,18,2,-5.7,success
mol_896,C[C@H](O)CN(C[C@@H](O)[C@H](Cc1ccccc1)NC(=O)c1cc(O)cc(O)c1)S(=O)(=O)c1ccc([N+](=O)[O-])cc1,default,7.824522333368797,success,-4.17,,success,0.4577101944473998,559.6,1.78,5,9,190.54,12,1,-6.86,success
mol_897,CC(C)(C)NC(=O)C1CC2CCCCC2CN1C[C@@H](O)[C@H](Cc1ccccc1)NC(=O)[C@H](CC(N)=O)NC(=O)OCc1ccccc1,default,7.745247552781367,success,-4.5,,success,0.46210396273178056,649.83,3.04,5,7,163.09,13,1,-6.73,success
mol_898,O=C1CC(CC2CCCC2)(c2ccccc2)OC(O)=C1SCc1ccccc1,default,6.668557610366254,success,-7.69,,success,0.47871313419718786,394.54,6.11,1,4,46.53,6,1,-8.89,success
mol_899,O=C(N[C@H]1c2ccccc2OC[C@H]1O)[C@H](Cc1cccnc1)C[C@H](O)CN1CCN(Cc2ccn(-c3ccccc3)c2)C[C@H]1C(=O)NCC(F)(F)F,default,9.528025837292793,success,-2.49,,success,0.5436688197743994,720.79,3.26,4,9,132.19,13,1,-6.37,success
mol_900,CC(C)(C)NC(=O)[C@@H]1CC2CCCCC2CN1C[C@@H](O)[C@@H]1Cc2ccc(cc2)OCCCOc2cc3ccccc3cc2C(=O)N[C@@H](CC(N)=O)C(=O)N1,default,7.369382490185994,success,-4.62,,success,0.4347818741821662,741.93,3.86,5,8,172.32,6,1,-6.98,success
mol_901,CC(C)(C)NC(=O)N(Cc1ccncc1)CC(O)[C@H](Cc1ccccc1)NC(=O)[C@H](CC(N)=O)NC(=O)OCc1ccccc1,default,7.298765592714807,success,-4.41,,success,0.42189713272623397,618.74,2.65,5,7,175.98,14,1,-6.86,success
mol_902,CC(C)(C)OC(=O)N[C@@H](Cc1ccccc1)[C@H](O)CNC[C@@H](O)[C@H](Cc1cccc(OCc2ccccc2)c1)NC(=O)OC(C)(C)C,default,6.994097770831168,success,-0.87,,success,0.278508147569264,649.83,5.15,5,8,138.38,15,2,-6.13,success
mol_903,CC(C)c1ccccc1SC1=C(O)OC(CCCCC(=O)N2CCN(C(=O)OC(C)(C)C)CC2)(c2ccccc2)CC1=O,default,6.80887036767286,success,-3.49,,success,0.3504058639727383,608.8,7.15,1,7,96.38,9,2,-6.58,success
mol_904,O=C(Nc1cccc(C(c2c(O)oc3c(c2=O)CCCCCC3)C2CC2)c1)c1ccc(F)cc1,default,4.76529033141559,success,-7.97,,success,0.3294408609512992,461.53,5.94,2,4,79.54,5,1,-8.26,success
mol_905,CC(C)(C)OC(=O)N[C@@H](Cc1ccccc1)[C@H](O)CNC[C@@H](O)[C@H](Cc1ccc(O)cc1)NC(=O)OC(C)(C)C,default,6.776197359732628,success,-5.2,,success,0.40468311331105233,559.7,3.28,6,8,149.38,12,2,-6.79,success
mol_906,CC(C)C[C@@H]1NC(=O)[C@H](C(C)C)NC(=O)[C@]2(C)CCCN2C(=O)[C@H](C(C)C)NC(=O)[C@H](Cc2ccccc2)NC(=O)CSCCNC(=O)[C@H](Cc2ccccc2)N(C)C(=O)[C@H](CC(C)C)NC(=O)[C@H](CCC2CCCCC2)NC1=O,default,9.138035742224185,success,0.32,,success,0.4281696451853487,1128.54,5.22,7,10,244.32,13,3,-5.49,success
mol_907,CCC[C@@]1(CCc2ccccc2)CC(=O)C([C@@H](CC)c2cccc(NS(=O)(=O)c3ccc(C(F)(F)F)cn3)c2)=C(O)O1,default,6.5242941176756135,success,-2.86,,success,0.3056911764729678,602.68,7.33,2,6,105.59,11,2,-6.1,success
mol_908,NC(=O)c1[nH]c2ccc(Cl)cc2c1S(=O)(=O)c1ccccc1,default,6.927571556014429,success,-10.61,,success,0.5976309630012023,334.78,2.75,2,3,93.02,3,0,-10.0,success
mol_909,O=C(CCc1c(O)c2ccccc2oc1=O)c1ccccc1,default,4.360514090591046,success,-11.01,,success,0.3970428408825872,294.31,3.31,1,4,67.51,4,0,-9.65,success
mol_910,CC(C)(C)NC(=O)c1ccccc1OC[C@@H](O)[C@H](Cc1ccccc1)NC(=O)[C@H](CC(N)=O)NC(=O)c1cnnc2ccccc12,default,6.999437472117606,success,-3.16,,success,0.35528645600980047,626.71,2.3,5,8,185.63,13,1,-6.42,success
mol_911,CCCCCC1(CCCCC)CC(=O)C(C(CC)c2cccc(NS(=O)(=O)c3cn(C)cn3)c2)=C(O)O1,default,6.052711689820664,success,-6.94,,success,0.40239264081838866,531.72,6.37,2,7,110.52,14,2,-6.58,success
mol_912,CC(C)(C)OC(=O)N[C@@H](Cc1ccccc1)[C@@H](O)CCC(=O)N[C@H]1c2ccccc2C[C@H]1O,default,5.977737951162709,success,-9.28,,success,0.47414482926355905,454.57,3.04,4,5,107.89,8,0,-8.71,success
mol_913,C=C(C)[C@H]1CC[C@]2(C)[C@H]3CC[C@@H]4[C@@]5(C)C[C@H](OC(C)=O)C[C@](C)(C(=O)O)[C@@H]5CC[C@@]4(C)[C@]3(C)CC[C@@H]12,default,5.716923200174176,success,-6.09,,success,0.346076933347848,498.75,7.66,1,3,63.6,3,1,-7.59,success
mol_914,Cc1cccc(C)c1COC(=O)N[C@@H](Cc1ccccc1)[C@H](O)CN1CC[C@@H](OCc2ccncc2)C[C@H]1C(=O)NC(C)(C)C,default,6.928555181154551,success,-4.33,,success,0.38837959842954595,616.8,4.86,3,7,113.02,12,1,-6.81,success
mol_915,NC(=O)CC(NC(=O)c1ccc2ccccc2n1)C(=O)N[C@@H](Cc1ccccc1)[C@H](O)CN[C@@H](Cc1ccccc1)C(=O)NC1c2ccccc2C[C@H]1O,default,7.979426873778642,success,-3.09,,success,0.43461890614822013,728.85,2.27,7,8,195.77,16,2,-5.87,success
mol_916,COc1ccc(S(=O)(=O)N(CC(C)C)C[C@@H](O)[C@H](Cc2ccccc2)NC(=O)c2ccc3oc(=O)ccc3c2)cc1,default,8.364768754109756,success,-7.45,,success,0.6120640628424796,578.69,3.85,2,7,126.15,12,1,-6.72,success
mol_917,Cc1ccc(-c2cc(O)c(SCc3ccccc3)c(=O)o2)cc1,default,5.5667423762053945,success,-8.97,,success,0.4295618646837829,324.4,4.61,1,4,50.44,4,0,-9.75,success
mol_918,Cc1cc(SC2=C(O)OC(CCc3ccc(O)cc3)(C(C)C)CC2=O)c(C(C)(C)C)cc1NC(=O)c1ccccn1,default,8.190525887526672,success,-4.28,,success,0.4918771572938893,574.74,7.48,3,7,108.75,8,2,-6.53,success
mol_919,CC(C)[C@@H]1[C@H](OC(=O)N[C@@H](Cc2ccccc2)[C@H](O)CN2CCN(C3CCCC3)C[C@H]2C(=O)NC(C)(C)C)CCS1(=O)=O,default,7.6388518785757,success,-6.36,,success,0.515237656547975,620.86,2.74,3,8,128.28,10,1,-7.53,success
mol_920,COC(=O)[C@H](Cc1ccccc1)NC(=O)[C@H](CC(N)=O)NC(=O)[C@H](CC(C)C)NC(=O)[C@@H](NC(=O)CCCOc1cccc(OCCCC(=O)N[C@H](C(=O)N[C@@H](CC(C)C)C(=O)N[C@@H](CC(N)=O)C(=O)N[C@@H](Cc2ccccc2)C(=O)OC)C(C)O)n1)C(C)O,default,5.463078025801972,success,-0.7,,success,0.14525650215016436,1262.43,-1.29,12,19,443.39,40,3,-5.1,success
mol_921,COC(=O)N(C)[C@H](Cc1ccccc1)C(=O)NCCCC[C@@H](CO)N(CC(C)C)S(=O)(=O)c1ccc(N)cc1,default,7.793774317527387,success,-6.06,,success,0.5181478597939488,562.73,2.87,3,7,142.27,15,1,-7.04,success
mol_922,COc1ccc(S(=O)(=O)N(CC(C)C)C[C@@H](O)[C@H](Cc2ccccc2)NC(=O)/C=C/c2ccc(O)c(OC)c2)cc1,default,8.098732963448965,success,-7.84,,success,0.602894413620747,582.72,3.86,3,7,125.4,14,1,-7.03,success
mol_923,Cn1cc(CN2CCN(C[C@@H](O)C[C@@H](Cc3ccccc3)C(=O)NC3c4ccccc4C[C@H]3O)[C@H](C(=O)NC(C)(C)C)C2)c2ccccc21,default,7.805253068366187,success,-4.09,,success,0.45343775569718225,665.88,3.96,4,7,110.07,11,1,-6.47,success
mol_924,Cc1c(O)cc(F)cc1C(=O)N[C@@H](Cc1cccc(C(F)(F)F)c1)[C@H](O)C(=O)N1C[C@@H](Cl)C[C@H]1C(=O)NC(C)(C)C,default,8.43178902480921,success,-5.96,,success,0.5679824187341009,602.02,3.68,4,5,118.97,7,1,-7.64,success
mol_925,CCC(CC)c1cc(O)c(C(c2cccc(NS(=O)(=O)c3cn(C)cn3)c2)C2CC2)c(=O)o1,default,5.618012525546579,success,-7.91,,success,0.39850104379554824,471.58,4.33,2,7,114.43,9,0,-8.18,success
mol_926,CCCC1(CCc2ccccc2)CC(=O)C(C(CC)c2cccc(NS(=O)(=O)c3cccc4cccnc34)c2)=C(O)O1,default,6.174725491455578,success,-3.95,,success,0.31289379095463155,584.74,7.46,2,6,105.59,11,2,-5.75,success
mol_927,CC[C@H](C)[C@H](NC(=O)[C@H](C(C)C)[C@@H](O)[C@H](O)[C@H](CC1CCCCC1)NC(=O)C1CCCCC1)C(=O)NCc1ccccn1,default,7.2052917339437625,success,-1.63,,success,0.3214409778286469,600.85,4.26,5,6,140.65,15,1,-6.55,success
mol_928,O=C1C(O)=C(C(C2=C(O)C(=O)c3ccccc3C2=O)c2ccc(Cl)cc2Cl)C(=O)c2ccccc21,default,5.573596022538034,success,-8.28,,success,0.4071330018781695,505.31,5.86,2,6,108.74,3,2,-7.89,success
mol_929,CC(C)C[C@@H]1NC(=O)[C@H](C(C)C)NC(=O)[C@]2(C)CCCN2C(=O)[C@H](C(C)C)NC(=O)[C@H](Cc2ccccc2)NC(=O)CSCCNC(=O)[C@H](C)NC(=O)[C@H](Cc2ccccc2)N(C)C(=O)[C@H](CC(C)C)NC(=O)[C@H](CCC2CCCCC2)NC1=O,default,9.072088877298789,success,-1.07,,success,0.4583407397748991,1199.62,4.72,8,11,273.42,13,3,-5.61,success
mol_930,CCCN(C[C@@H](O)[C@H](Cc1ccccc1)NC(=O)/C=C/c1ccc(O)c(OC)c1)S(=O)(=O)c1ccc(OC)cc1,default,7.795710715201927,success,-7.77,,success,0.5753092262668272,568.69,3.61,3,7,125.4,14,1,-7.16,success
mol_931,CC(=O)N[C@H](CS(=O)(=O)c1ccc(F)cc1)C(=O)N[C@@H](Cc1ccccc1)[C@H](O)CN1C[C@H]2CCS[C@H]2C[C@H]1C(=O)NC(C)(C)C,default,8.874632540860679,success,-3.66,,success,0.5282193784050566,676.88,2.3,4,8,144.91,12,1,-6.73,success
mol_932,CC(C)(C)c1cc2c(cc1SC1=C(O)OC(CCc3ccccc3)(c3ccccc3)CC1=O)CCC2,default,7.529459247638989,success,-8.34,,success,0.5721216039699157,498.69,7.81,1,4,46.53,6,1,-7.76,success
mol_933,CC1(C)CC2(CC(C)(C)c3ccc(O)cc32)c2cc(O)ccc21,default,3.9885576027425587,success,-9.24,,success,0.308,308.42,4.75,2,2,40.46,0,0,-10.22,success
mol_934,Cc1ccc(C(=O)N2CCc3ccccc3C2)cc1C(=O)N[C@@H](Cc1ccccc1)[C@H](O)Cc1ccccc1C(=O)NC(C)(C)C,default,7.711069051012221,success,-1.7,,success,0.36592242091768507,617.79,5.67,3,4,98.74,9,2,-6.42,success
mol_935,CC(C)(C)NC(=O)[C@@H]1C[C@@H]2CCCC[C@@H]2CN1C[C@@H](O)[C@H](Cc1ccccc1)NC(=O)[C@@H]1CCS(=O)(=O)C1,default,6.843476647578061,success,-10.82,,success,0.5976230539648385,547.76,2.3,3,6,115.81,8,1,-8.22,success
mol_936,C=CCN(C(=O)[C@H](Cc1ccccc1)NC(=O)[C@H](C)NC(=O)[C@H](C)NC(=O)[C@H](CO)NC(=O)OC(C)(C)C)[C@@H](C)C(=O)N[C@H](C(=O)N[C@H](C(=O)OC)C(C)C)[C@@H](C)CC,default,6.864838396553403,success,-1.33,,success,0.2830698663794503,832.01,0.86,7,11,250.67,22,3,-5.64,success
mol_937,CC(C)(C)NC(=O)[C@@H]1CN(Cc2cccnc2)CCN1C[C@@H](O)C[C@@H](Cc1ccccc1)C(=O)N[C@H]1c2ccccc2C[C@H]1O.O,default,8.781063360841628,success,-3.85,,success,0.5267552800701357,631.82,2.04,4,7,149.53,11,1,-6.79,success
mol_938,CC(C)(C)OC(=O)N[C@@H](Cc1ccccc1)[C@@H](O)C[C@]1(Cc2ccccc2)CCN([C@@H]2CS(=O)(=O)Cc3ccccc32)C1=O,default,7.658748005862602,success,-3.12,,success,0.40889566715521686,618.8,5.0,2,6,113.01,9,2,-7.01,success
mol_939,CC1(C)S[C@H]([C@H](NC(=O)Cc2ccccc2)C(=O)NCc2ccccc2)N[C@H]1C(=O)NC[C@@H](O)[C@H](O)CNC(=O)[C@@H]1N[C@@H]([C@H](NC(=O)Cc2ccccc2)C(=O)NCc2ccccc2)SC1(C)C,default,7.547404057975396,success,-1.99,,success,0.3619503381646163,967.23,1.65,10,12,239.12,21,3,-5.53,success
mol_940,CC(C)(C)NC(=O)[C@@H]1C[C@@H]2CCCC[C@@H]2CN1C[C@@H](O)[C@H](Cc1ccccc1)NC(=O)[C@H]1CCS(=O)(=O)C1,default,6.843476647578061,success,-10.22,,success,0.5776230539648385,547.76,2.3,3,6,115.81,8,1,-8.22,success
mol_941,CC(C)(C)OC(=O)N[C@@H](Cc1ccccc1)[C@@H](O)C[C@@H](Cc1ccccc1)C(=O)N[C@@]1(C)c2ccccc2C[C@H]1O,default,7.055008572612384,success,-4.31,,success,0.3982507143843653,558.72,4.68,4,5,107.89,10,1,-7.35,success
mol_942,CC(C)[C@H](NC(=O)OCc1ccncc1)C(=O)N[C@@H](Cc1ccccc1)[C@H](O)[C@H](O)[C@H](Cc1ccccc1)NC(=O)[C@H](NC(=O)OCc1ccncc1)C(C)C,default,8.56060897245028,success,-1.81,,success,0.4403840810375234,768.91,3.86,6,10,201.1,19,2,-5.69,success
mol_943,O=c1oc2ccccc2c(O)c1CCCSc1ccccc1,default,5.11489705085686,success,-9.05,,success,0.3945747542380717,312.39,4.22,1,4,50.44,5,0,-9.39,success
mol_944,CC(C)(C)CC(=O)N[C@@H](Cc1ccccc1)[C@@H](O)C[C@]1(Cc2ccccc2)N=CC(C2c3ccccc3[C@H]3NC(=O)OC23)=C1O,default,7.37277964975058,success,-2.23,,success,0.3553983041458817,607.75,5.73,4,6,120.25,10,2,-6.56,success
mol_945,Cc1cccc(C)c1CNC(=O)[C@H]1N(C(=O)[C@@H](O)C[C@@H](Cc2ccccc2)C(=O)N[C@H]2c3ccccc3C[C@H]2O)CSC1(C)C,default,9.84173799304787,success,-4.7,,success,0.6434781660873226,629.82,3.98,4,6,118.97,10,1,-7.12,success
mol_946,CC(C)[C@H]1[C@@H](OC(=O)N[C@@H](Cc2ccccc2)[C@H](O)CN2C[C@H]3CCS[C@H]3C[C@H]2C(=O)NC(C)(C)C)CCS1(=O)=O,default,8.750407747147738,success,-5.64,,success,0.5838673122623115,609.86,3.01,3,8,125.04,9,1,-7.65,success
mol_947,COc1ccc(S(=O)(=O)N(CC(C)C)C[C@@H](O)[C@H](Cc2ccccc2)NC(=O)c2ccc(O)cc2C)cc1,default,7.995847354371814,success,-10.05,,success,0.6679872795309845,540.68,3.76,3,6,116.17,12,1,-7.43,success
mol_948,CC(NC(=O)N(Cc1csc(C(C)C)n1)C1CC1)C(=O)N[C@@H](Cc1ccccc1)[C@@H](O)C[C@H](Cc1ccccc1)NC(=O)OCc1cncs1,default,8.1564879401016,success,1.29,,success,0.3463739950084667,718.95,5.8,4,9,145.78,17,2,-5.26,success
mol_949,CC(C)(C)OC(=O)N[C@@H](Cc1ccc(OCCN2CCOCC2)cc1)[C@@H](O)C[C@@H](Cc1ccc(OCCN2CCOCC2)cc1)C(=O)NC1c2ccccc2C[C@H]1O,default,9.243444616406322,success,-2.92,,success,0.5342870513671935,803.01,3.93,4,11,151.29,18,2,-5.99,success
mol_950,CC[C@H](C)[C@H](NC(=O)CN(CC(Br)CBr)C(=O)[C@H](Cc1ccccc1)NC(=O)OC(C)(C)C)C(=O)N[C@H](C(=O)OC)C(C)C,default,6.982900704946832,success,-5.39,,success,0.42824172541223604,748.55,3.95,3,7,143.14,16,1,-6.22,success
mol_951,CC[C@H](C)[C@H](NC(=O)[C@H](CCC(N)=O)NC(=O)[C@@H]1CCCN1C(=O)CCCCCC#CCCCCCC(=O)N[C@H](CO)C(=O)N[C@@H](C(=O)N[C@H](CC(C)C)C(=O)N[C@H](CC(N)=O)C(=O)N[C@H](Cc1ccccc1)C(=O)O)[C@H](C)O)C(=O)N[C@H](C(=O)N[C@@H](CC(C)C)C(=O)N[C@@H](Cc1c[nH]c2ccccc12)C(=O)O)[C@@H](C)O,default,5.210861923688217,success,-1.47,,success,0.1499051603073514,1555.84,-0.1,18,18,548.57,49,3,-5.39,success
mol_952,C[C@@H](c1ccccc1)N(C[C@@H](O)[C@H](Cc1ccccc1)NC(=O)[C@H](CC(N)=O)NC(=O)OCc1ccccc1)C(=O)NC(C)(C)C,default,5.72120962784986,success,-4.31,,success,0.2871008023208217,631.77,3.82,5,6,163.09,14,1,-6.57,success
mol_953,COc1cc(C(=O)N[C@@H](Cc2ccccc2)[C@H](O)CN(C[C@H](C)O)S(=O)(=O)c2ccc([N+](=O)[O-])cc2)cc(OC)c1O,default,7.5088089493766,success,-3.46,,success,0.40773407911471665,603.65,2.09,4,10,188.77,14,1,-6.81,success
mol_954,Cc1cccc(C)c1CNC(=O)[C@H]1N(C(=O)[C@H](O)C[C@@H](Cc2ccccc2)C(=O)N[C@H]2c3ccccc3OC[C@H]2O)CSC1(C)C,default,9.713660036495767,success,-5.0,,success,0.6428050030413139,645.82,3.82,4,7,128.2,10,1,-7.03,success
mol_955,COc1ccc(S(=O)(=O)N(C[C@@H](O)[C@H](Cc2ccccc2)NC(=O)CN2CCO[C@H](C)C2)C2CC2)cc1,default,6.26527291599107,success,-10.14,,success,0.5267727429992559,531.68,1.66,2,7,108.41,12,1,-7.69,success
mol_956,CC(C)[C@@H]1[C@H](OC(=O)N[C@@H](Cc2ccccc2)[C@H](O)CN2CCN(C3CCCCC3)C[C@H]2C(=O)NC(C)(C)C)CCS1(=O)=O,default,7.6439187381805525,success,-6.08,,success,0.5063265615150461,634.88,3.13,3,8,128.28,10,1,-7.38,success
mol_957,CC(C)(C)OC(=O)NCCCC(=O)Nc1cccc(C(c2c(O)c3c(oc2=O)CCCCCC3)C2CC2)c1,default,4.767493324657081,success,-7.53,,success,0.31495777705475675,524.66,5.79,3,6,117.87,8,2,-7.17,success
mol_958,CC(C)CC(SC1CCCCC1)c1c(O)cc(-c2ccccc2)oc1=O,default,6.369659607453283,success,-7.61,,success,0.4511383006211069,372.53,6.17,1,4,50.44,6,1,-8.94,success
mol_959,CC(C)[C@H](NC(=O)N(C)Cc1cscn1)C(=O)N[C@@H](Cc1ccccc1)[C@H](O)[C@@H](O)[C@H](Cc1ccccc1)NC(=O)[C@H](NC(=O)N(C)Cc1csc(N)n1)C(C)C,default,8.815811575636895,success,-2.42,,success,0.48198429796974124,822.07,3.39,7,11,215.14,19,3,-5.57,success
mol_960,COc1cc(C(=O)N[C@@H](Cc2ccccc2)[C@@H](O)C[C@H](Cc2ccccc2)NC(=O)OC(C)(C)C)ccc1O,default,8.242227676252474,success,-7.19,,success,0.5931856396877062,534.65,4.63,4,6,117.12,11,1,-7.18,success
mol_961,CCCC1(CCc2ccccc2)OC(=O)C(C(CC)c2cccc(NS(=O)(=O)c3ccccn3)c2)=C(O)O1,default,7.304382693096159,success,-6.7,,success,0.4986985577580132,536.65,5.85,2,7,114.82,11,2,-6.7,success
mol_962,CC(C)(C)OC(=O)N[C@@H](Cc1ccccc1)[C@@H](O)[C@H](O)[C@H](Cc1ccccc1)NC(=O)OC(C)(C)C,default,6.761513760927424,success,-9.01,,success,0.5304594800772854,500.64,3.98,4,6,117.12,9,1,-7.93,success
mol_963,CC(C)(C)OC(=O)N[C@@H](Cc1ccccc1)[C@@H](O)C[C@@H](Cc1ccccc1)C(=O)NC1c2ccccc2C[C@@H]1O,default,9.091480203237646,success,-7.22,,success,0.6649566836031372,544.69,4.51,4,5,107.89,10,1,-7.47,success
mol_964,CC(C)(C)OC(=O)N[C@@H](Cc1ccccc1)[C@@H](O)C[C@@H](Cc1ccc(OCCO)cc1)C(=O)NC1c2ccccc2C[C@H]1O,default,9.661898914284814,success,-4.08,,success,0.6078249095237345,604.74,3.88,5,7,137.35,13,1,-6.83,success
mol_965,CC(C)(C)OC(=O)N[C@@H](Cc1ccccc1)[C@@H](O)C[C@@H](Cc1ccc(C(C)(C)C)cc1)C(=O)N[C@@H]1c2ccccc2C[C@H]1O,default,9.464894125151813,success,-2.19,,success,0.5284078437626512,600.8,5.8,4,5,107.89,10,2,-6.66,success
mol_966,CC(C)C[C@@H]1NC(=O)[C@H](C(C)C)NC(=O)[C@@H]2CCCN2C(=O)[C@H](C(C)C)NC(=O)[C@H](Cc2ccccc2)NC(=O)CSCCNC(=O)CNC(=O)[C@H](Cc2ccccc2)N(C)C(=O)[C@H](CC(C)C)NC(=O)[C@H](Cc2c[nH]c3ccccc23)NC1=O,default,8.405375118578482,success,-1.59,,success,0.42011459321487343,1190.52,3.31,9,11,289.21,12,3,-5.64,success
mol_967,CCC(CC)NC(=O)C[C@@H](C(=O)NC[C@@H](O)[C@H](Cc1ccccc1)NC(=O)[C@@H](NC(=O)c1ccc2ccccc2n1)[C@H](C)O)C(C)(C)C,default,8.402051622705757,success,-3.95,,success,0.49850430189214645,661.84,3.28,6,7,169.75,16,2,-6.33,success
mol_968,CC(C)(C)OC(=O)N[C@@H](Cc1ccccc1)[C@@H](O)C[C@@H](Cc1ccccc1)C(=O)N[C@@H]1c2ccccc2CC[C@H]1O,default,9.07366437855199,success,-4.92,,success,0.5868053648793325,558.72,4.9,4,5,107.89,10,1,-7.28,success
mol_969,COc1ccc2c(O)c(C(c3cccc(NS(=O)(=O)c4cn(C)cn4)c3)C3CC3)c(=O)oc2c1,default,5.174746280681734,success,-10.53,,success,0.44889552339014444,481.53,3.58,2,8,123.66,7,0,-7.99,success
mol_970,CC(=O)N[C@@H](Cc1c[nH]c2ccccc12)C(=O)N[C@H](C(=O)N[C@@H](Cc1ccccc1)[C@@H](O)C(=O)N[C@H]1Cc2ccc(cc2)OCCCNC(=O)[C@H](C(C)C)NC1=O)C(C)C,default,7.532012579796398,success,-2.72,,success,0.38500104831636656,823.99,2.21,8,8,219.85,14,2,-5.91,success
mol_971,CC(C)CN(C[C@@H](O)[C@H](Cc1ccccc1)NC(=O)[C@@H]1CCCN1)S(=O)(=O)c1ccc(O)cc1,default,5.834880981388179,success,-9.06,,success,0.4549067484490149,489.64,1.88,4,6,118.97,11,0,-8.01,success
mol_972,CC(C)[C@H](NC(=O)OCc1ccccc1)C(=O)N[C@@H](Cc1ccccc1)[C@H](O)[C@H](O)[C@H](Cc1ccccc1)NC(=O)[C@@H](NC(=O)OCc1ccccc1)C(C)C,default,8.858248744645142,success,0.32,,success,0.4048540620537618,766.94,5.07,6,8,175.32,19,3,-5.11,success
mol_973,CCC(C)[C@H](NC(=O)CCCCCCCCCCCNC(=O)CNC(=O)[C@@H](CC(N)=O)NC(=O)[C@H](Cc1ccccc1)NC(=O)/C=C/C(=O)O)C(=O)N[C@@H](Cc1ccccc1)C(N)=O,default,5.065975956947066,success,-3.33,,success,0.19983132974558887,891.08,1.59,9,9,298.08,32,2,-5.98,success
mol_974,CC[C@H](C)[C@H](NC(=O)[C@@H](C(C)C)C(O)C(O)[C@H](Cc1c[nH]cn1)NC(=O)COc1ccccc1)C(=O)NCc1ccccn1,default,7.8946489506039725,success,-3.99,,success,0.4575540792169977,608.74,1.75,6,8,178.56,17,2,-6.52,success
mol_975,Cc1cc(SC2=C(O)OC(CCc3ccc(O)cc3)(c3ccc(O)cc3)CC2=O)c(C(C)(C)C)cc1CO,default,7.857653663896717,success,-6.09,,success,0.5244711386580597,534.67,6.53,4,7,107.22,7,2,-7.03,success
mol_976,CC(C)(C)OC(=O)N[C@@H](Cc1ccccc1)C[C@H](O)[C@H](Cc1ccccc1)NC(=O)c1c(Cl)cccc1Cl,default,7.5083435986045375,success,-4.77,,success,0.4513619665503781,557.52,6.22,3,4,87.66,10,2,-6.84,success
mol_977,Cc1cc(SC2=C(O)OC(CCc3ccc(O)cc3)(C(C)C)CC2=O)c(C(C)(C)C)cc1N,default,8.538021974615779,success,-7.25,,success,0.6198351645513149,469.65,6.42,3,6,92.78,6,1,-7.82,success
mol_978,O=C(N[C@H]1c2ccccc2OC[C@H]1O)[C@H](Cc1cccnc1)C[C@H](O)CN1CCN(Cc2ccn(-c3ccccc3F)c2)C[C@H]1C(=O)NCC(F)(F)F,default,9.670998075566295,success,-2.2,,success,0.5459165062971912,738.78,3.4,4,9,132.19,13,1,-6.28,success
mol_979,COC(=O)C(NC(=O)Cc1ccccc1)[C@@H]1N[C@@H](C(=O)NC[C@H](O)CN2C[C@H]3CCCC[C@H]3C[C@H]2C(=O)NC(C)(C)C)C(C)(C)S1,default,6.988917811531949,success,-3.16,,success,0.35440981762766244,659.89,1.97,5,9,149.1,11,1,-6.62,success
mol_980,CC1(C)CC2(CC(C)(C)c3cc(OS(=O)(=O)[O-])c(OS(=O)(=O)[O-])cc32)c2cc(OS(=O)(=O)[O-])c(OS(=O)(=O)[O-])cc21.[K+].[K+].[K+].[K+],default,5.733482815764076,success,-0.72,,success,0.16845690131367302,813.04,-11.29,0,16,265.72,8,2,-5.58,success
mol_981,COc1ccc(S(=O)(=O)N(CC(C)C)C[C@@H](O)[C@H](Cc2ccccc2)NC(=O)/C=C/c2ccc(O)c(O)c2)cc1,default,8.714673998261809,success,-5.23,,success,0.5672228331884841,568.69,3.55,4,7,136.4,13,1,-7.02,success
mol_982,CC1=C(C(COC(=O)C23C[C@H]4C[C@@H](C2)C[C@@H](C3)C4)OC(=O)C23C[C@H]4C[C@@H](C2)C[C@@H](C3)C4)c2cc3nc(cc4[nH]c(cc5[nH]c(cc1n2)c(C)c5CCC(=O)O)c(CCC(=O)O)c4C)C(C(COC(=O)C12C[C@H]4C[C@@H](C1)C[C@@H](C2)C4)OC(=O)C12C[C@H]4C[C@@H](C1)C[C@@H](C2)C4)=C3C,default,5.57749815459059,success,-0.15,,success,0.13645817954921588,1279.63,14.6,4,12,237.16,18,3,-4.84,success
mol_983,COC(=O)NC(C(=O)NN(Cc1ccc(OC)cc1)C[C@H](O)[C@H](Cc1ccccc1)NC(=O)[C@H](CC(N)=O)NC(=O)c1ccc2ccccc2n1)C(C)C,default,7.609672833365455,success,-1.91,,success,0.3644727361137879,741.85,2.22,6,10,214.31,18,2,-5.93,success
mol_984,O=C(CCCN1CCC(O)(c2ccc(Cl)cc2)CC1)c1ccc(F)cc1,default,4.685133990000755,success,-9.17,,success,0.3627611658333962,375.87,4.43,1,3,40.54,6,0,-9.82,success
mol_985,CC(C)(C)NC(=O)c1ccccc1C[C@@H](O)[C@H](CSc1ccc2ccccc2c1)NC(=O)[C@H](CC(N)=O)NC(=O)OCc1ccccc1,default,8.231764188230853,success,-1.23,,success,0.39364701568590443,670.83,4.72,5,7,159.85,14,1,-5.78,success
mol_986,COc1ccccc1CCCCc1c(O)c2ccc(O)cc2oc1=O,default,5.808858264700279,success,-8.77,,success,0.44307152205835665,340.38,3.78,2,5,79.9,6,0,-9.32,success
mol_987,CC(=O)N[C@@H](CC(=O)OCc1ccccc1)C(=O)N[C@@H](Cc1ccccc1)[C@H](O)Cc1ccccc1C(=O)NC(C)(C)C,default,7.0149778246349035,success,-5.36,,success,0.42991481871957526,587.72,3.48,4,6,133.83,13,1,-7.03,success
mol_988,CC(C)C[C@@]1(C2=C(O)[C@](Cc3ccccc3)(C[C@H](O)[C@@H](CC(=O)OC3CCOC3)Cc3ccccc3)N=C2)N=CC([C@@H](Cc2ccccc2)C(N)=O)=C1O,default,8.007428207927349,success,-0.36,,success,0.3459523506606124,733.91,6.22,4,9,164.03,17,2,-5.43,success
mol_989,CC(C)(C)NC(=O)[C@@H]1CN(C(=O)c2cnc3occc3c2)CCN1C[C@@H](O)C[C@@H](Cc1ccccc1)C(=O)NC1c2ccccc2C[C@H]1O,default,8.959095771594178,success,-2.54,,success,0.4979246476328482,667.81,3.25,4,8,148.24,10,1,-6.48,success
mol_990,CC(C)(C)c1ccccc1SC1=C(O)OC(CCc2ccccc2)(c2ccccc2)CC1=O,default,7.461663114300694,success,-7.52,,success,0.5391385928583912,458.62,7.32,1,4,46.53,6,1,-8.01,success
mol_991,CC(C)CN(C[C@@H](O)[C@H](Cc1ccccc1)NC(=O)O[C@H]1CO[C@H]2OCC[C@H]21)S(=O)(=O)c1ccc(N)cc1,default,7.889171199462031,success,-9.49,,success,0.6404309332885025,547.67,2.38,3,8,140.42,11,1,-7.31,success
mol_992,CC(C)CCCC1(c2ccccc2)CC(=O)C(SCc2ccccc2)=C(O)O1,default,6.522996498960201,success,-6.76,,success,0.43558304158001676,396.55,6.36,1,4,46.53,8,1,-8.5,success
mol_993,CC(C)CN(C[C@@H](O)[C@H](Cc1ccccc1)NC(=O)CCc1ccc(O)c(O)c1)S(=O)(=O)c1ccc(N)cc1,default,8.944314891934924,success,-5.94,,success,0.610026240994577,555.7,3.05,5,7,153.19,13,1,-7.0,success
mol_994,CC(C)CCNC(=O)[C@H](Cc1ccccc1)C[C@H](O)[C@H](Cc1ccccc1)NC(=O)OC(C)(C)C,default,6.925825376136646,success,-8.38,,success,0.5231521146780539,482.67,4.89,3,4,87.66,12,0,-7.91,success
mol_995,Cc1cc(SC2=C(O)OC(CCc3ccc(O)cc3)(C3CCCC3)CC2=O)c(C(C)(C)C)cc1NS(=O)(=O)c1ccccc1,default,8.068230828645335,success,-2.57,,success,0.4246859023871113,635.85,8.17,3,7,112.93,9,2,-6.13,success
mol_996,CN1CCN(CCOc2ccc(C[C@H](NC(=O)OC(C)(C)C)[C@H](O)CNC[C@@H](O)[C@H](Cc3ccccc3)NC(=O)OC(C)(C)C)cc2)C1=O,default,7.178273990397487,success,-3.25,,success,0.37318949919979055,685.86,3.32,5,9,161.93,16,1,-6.42,success
mol_997,CC(C)(C)OC(=O)N[C@@H](Cc1ccccc1)[C@@H](O)C[C@@](C)(Cc1ccccc1)C(=O)N[C@@H]1c2ccccc2C[C@H]1O,default,7.936553342784086,success,-4.34,,success,0.47271277856534055,558.72,4.9,4,5,107.89,10,1,-7.26,success
mol_998,CC(C)CN(C[C@H](O)[C@H](NC(=O)O[C@@H]1CCOC1)Sc1ccccc1)S(=O)(=O)c1ccc(N)cc1,default,5.471440750420359,success,-8.79,,success,0.4156200625350299,523.68,2.91,3,8,131.19,11,1,-7.47,success
mol_999,CC1(C)S[C@H]([C@H](NC(=O)Cc2ccccc2)C(=O)NCC(=O)O)N[C@H]1C(=O)NCCNC(=O)[C@@H]1N[C@@H]([C@H](NC(=O)Cc2ccccc2)C(=O)NCC(=O)O)SC1(C)C,default,7.283324717816619,success,-1.37,,success,0.3192770598180516,843.0,-1.31,10,12,273.26,19,3,-5.14,success
