smiles,pIC50
CCC(C)[C@H](NC(=O)[C@@H]1CCCN1[P@@](=O)(OC)[C@@H](Cc1ccccc1)NC(=O)[C@H](CC(N)=O)NC(=O)OC(C)(C)C)C(=O)NCC(C)C,7.522878745280337
CCC(C)[C@H](NC(=O)[C@@H]1CCCN1[P@@](=O)(OC)[C@H](Cc1ccccc1)NC(=O)[C@H](CC(N)=O)NC(=O)OC(C)(C)C)C(=O)NCC(C)C,7.031517051446065
COC(=O)N[C@H](C(=O)N[C@@H](Cc1ccccc1)C(O)CN(Cc1ccc(F)cc1)NC(=O)[C@@H](NC(=O)OC)C(C)C)C(C)C,7.376750709602099
COC(=O)N(C)C(C(=O)N[C@@H](Cc1ccccc1)[C@H](O)CN(CC1CCCCC1)NC(=O)C(C(C)C)N(C)C(=O)OC)C(C)C,6.0
CC(C)[C@H](NC(=O)OCc1ccccc1)C(=O)NC(Cc1ccc(OCc2ccccc2)cc1)C(=O)C(F)(F)C(=O)N[C@@H](C(=O)O)C(C)C,8.397940008672037
Cc1ccc(CN2CCN(C[C@@H](O)[C@H](Cc3ccccc3)NC(=O)O[C@@H]3CCS(=O)(=O)[C@@H]3C(C)C)[C@H](C(=O)NC(C)(C)C)C2)cn1,8.698970004336019
CC(C)[C@H](NC(=O)OCc1ccccc1)C(=O)NC(Cc1ccc(OCc2ccccc2)cc1)C(=O)C(F)(F)C(=O)N[C@@H](C(=O)OC(C)(C)C)C(C)C,8.221848749616356
COC(=O)NC(C(=O)NN(Cc1ccc(OC)cc1)C[C@H](O)[C@H](Cc1ccccc1)NC(=O)[C@H](CC(N)=O)NC(=O)c1ccc2ccccc2n1)C(C)C,7.508638306165727
CCC(C)[C@H](NC(=O)[C@@H]1CCCN1[P@](=O)(OC)[C@@H](Cc1ccccc1)NC(=O)[C@H](CC(N)=O)NC(=O)OC(C)(C)C)C(=O)NCC(C)C,6.3979400086720375
CC(C)(C)NC(=O)[C@@H]1CN(C(=O)OCc2ccccc2)CCN1C[C@@H](O)[C@H](Cc1ccccc1)NC(=O)O[C@H]1CCOC1,7.723538195826756
CC(C)(C)NC(=O)[C@@H]1CN(Cc2ccncc2)CCN1C[C@@H](O)[C@H](Cc1ccccc1)NC(=O)O[C@H]1CCOC1,6.533132379645891
CCC(C)[C@H](NC(=O)[C@@H]1CCCN1P(=O)(O)C(Cc1ccccc1)NC(=O)[C@H](CC(N)=O)NC(=O)OC(C)(C)C)C(=O)NCC(C)C,7.096910013008056
COc1ccc(CN(C[C@H](O)[C@H](Cc2ccccc2)NC(=O)[C@H](CC(N)=O)NC(=O)c2ccc3ccccc3n2)NC(=O)C(NC(=O)OCc2ccccc2)C(C)C)cc1,7.309803919971486
COC(=O)[C@H](NC(=O)C(F)(F)C(=O)C(Cc1ccc(OCc2ccccc2)cc1)NC(=O)[C@@H](NC(=O)OCc1ccccc1)C(C)C)C(C)C,8.0
COC(=O)N[C@H](C(=O)N[C@@H](Cc1ccccc1)C(O)CN(CC(C)C)NC(=O)[C@@H](NC(=O)OC)C(C)C)C(C)C,7.3872161432802645
COCCOCCO[C@H](NC(=O)C(F)(F)C(=O)C(Cc1ccc(OCc2ccccc2)cc1)NC(=O)[C@@H](NC(=O)OCc1ccccc1)C(C)C)C(C)C,7.823908740944319
CC(C)(C)NC(=O)[C@@H]1CN(C(=O)c2ccccn2)CCN1C[C@@H](O)[C@H](Cc1ccccc1)NC(=O)O[C@H]1CCOC1,6.590066876668706
COC(=O)N[C@H](C(=O)N[C@@H](Cc1ccccc1)C(O)CN(Cc1cccs1)NC(=O)[C@@H](NC(=O)OC)C(C)C)C(C)C,7.769551078621726
CCC(C)[C@H](NC(=O)[C@@H]1CCCN1[P@](=O)(OC)[C@H](Cc1ccccc1)NC(=O)[C@H](CC(N)=O)NC(=O)OC(C)(C)C)C(=O)NCC(C)C,7.008773924307505
CC(C)NC(=O)C(F)(F)C(=O)C(Cc1ccc(OCc2ccccc2)cc1)NC(=O)[C@@H](NC(=O)OCc1ccccc1)C(C)C,8.301029995663981
CC(C)[C@@H]1[C@H](OC(=O)N[C@@H](Cc2ccccc2)[C@H](O)CN2CCN(Cc3cccnc3)C[C@H]2C(=O)NC(C)(C)C)CCS1(=O)=O,7.823908740944319
COC(=O)c1cc(OC)c2c(c1-c1c3c(c(OC)c(Br)c1C(=O)OC)OCO3)OCO2,5.346787486224656
COC(=O)c1cc(OC)c2c(c1-c1c3c(c(OC)c(Br)c1C(=O)OC)OCO3)OCO2,5.657577319177793
COC(=O)c1cc(OC)c2c(c1-c1c3c(c(OC)c(Br)c1C(=O)OC)OCO3)OCO2,7.251811972993799
CCOC(=O)NC(C(=O)N[C@@H](Cc1ccccc1)[C@H](O)CN(CC1CCCCC1)NC(=O)C(NC(=O)OC)C(C)C)C(C)C,7.119186407719209
CC(C)[C@H](NC(=O)OCc1ccccc1)C(=O)N[C@@H](Cc1ccccc1)C(O)[C@H](Cc1ccccc1)NC(=O)[C@@H](NC(=O)OCc1ccccc1)C(C)C,8.522878745280337
Cc1cc(C)cc(CN2CCN(C[C@@H](O)[C@H](Cc3ccccc3)NC(=O)O[C@@H]3CCS(=O)(=O)[C@@H]3C(C)C)[C@H](C(=O)NC(C)(C)C)C2)c1,7.107905397309519
COCCOC(=O)NC(C(=O)NC(Cc1ccccc1)C(O)CN(CC1CCCCC1)NC(=O)C(NC(=O)OC)C(C)C)C(C)C,7.2076083105017466
COC(=O)N[C@H](C(=O)N[C@@H](Cc1ccccc1)[C@H](O)CN(CC1CCCCC1)NC(=O)[C@@H](NC(C)=O)C(C)C)C(C)C,8.070581074285707
CC(C)C(C=O)NC(=O)C(F)(F)C(=O)C(Cc1ccc(OCc2ccccc2)cc1)NC(=O)[C@@H](NC(=O)OCc1ccccc1)C(C)C,8.397940008672037
COCCOCO[C@H](NC(=O)C(F)(F)C(=O)C(Cc1ccc(OCc2ccccc2)cc1)NC(=O)[C@@H](NC(=O)OCc1ccccc1)C(C)C)C(C)C,8.0
CC(C)(C)NC(=O)[C@@H]1CN(Cc2cccc(O)c2)CCN1C[C@@H](O)[C@H](Cc1ccccc1)NC(=O)O[C@H]1CCOC1,6.31695296176115
COC(=O)N[C@H](C(=O)N[C@@H](Cc1ccccc1)C(O)CN(Cc1ccc(O)cc1)NC(=O)[C@@H](NC(=O)OC)C(C)C)C(C)C,7.7447274948966935
CC(C)[C@H](COCc1ccccc1)NC(=O)C(F)(F)[C@@H](O)C(Cc1ccc(OCc2ccccc2)cc1)NC(=O)[C@@H](NC(=O)OCc1ccccc1)C(C)C,8.18045606445813
CC(C)(C)NC(=O)[C@@H]1CN(C(=O)OCc2ccccc2)CCN1C[C@H](O)[C@H](Cc1ccccc1)NC(=O)O[C@H]1CCOC1,4.920818753952375
CC(C)(C)NC(=O)[C@@H]1CN(C(=O)c2cccnc2)CCN1C[C@@H](O)[C@H](Cc1ccccc1)NC(=O)O[C@H]1CCOC1,6.430626090384954
CC(C)(C)NC(=O)[C@@H]1CN(Cc2ccccn2)CCN1C[C@@H](O)[C@H](Cc1ccccc1)NC(=O)O[C@H]1CCOC1,6.019088062223156
COC(=O)N[C@H](C(=O)N[C@@H](Cc1ccccc1)C(O)CN(Cc1ccc(C#N)cc1)NC(=O)[C@@H](NC(=O)OC)C(C)C)C(C)C,7.2076083105017466
CCOC(=O)NC(C(=O)NN(CC1CCCCC1)C[C@H](O)[C@H](Cc1ccccc1)NC(=O)[C@H](CC(N)=O)NC(=O)c1ccc2ccccc2n1)C(C)C,6.899629454882437
COC(=O)N[C@H](C(=O)N[C@@H](Cc1ccccc1)C(O)CN(Cc1ccc(C(F)(F)F)cc1)NC(=O)[C@@H](NC(=O)OC)C(C)C)C(C)C,7.481486060122112
C=CCOC(=O)NC(C(=O)N[C@@H](Cc1ccccc1)[C@H](O)CN(CC1CCCCC1)NC(=O)C(NC(=O)OCC=C)C(C)C)C(C)C,7.292429823902063
CC(C)[C@H](COCc1ccccc1)NC(=O)C(F)(F)[C@H](O)C(Cc1ccc(OCc2ccccc2)cc1)NC(=O)[C@@H](NC(=O)OCc1ccccc1)C(C)C,8.301029995663981
CC(C)[C@H](NC(=O)OCc1ccccc1)C(=O)NC(Cc1ccc(OCc2ccccc2)cc1)C(=O)C(F)(F)C(=O)N[C@@H](COCc1ccccc1)c1ccccc1,9.0
CC(C)(C)NC(=O)[C@@H]1CN(Cc2ccccc2)CCN1C[C@@H](O)[C@H](Cc1ccccc1)NC(=O)O[C@H]1CCOC1,6.991399828238082
CC(C)(C)NC(=O)[C@@H]1CN(CCCc2ccccc2)CCN1C[C@@H](O)[C@H](Cc1ccccc1)NC(=O)O[C@H]1CCOC1,6.756961951313706
CC(C)[C@@H]1[C@H](OC(=O)N[C@@H](Cc2ccccc2)[C@H](O)CN2CCN(Cc3cc(Cl)cc(Cl)c3)C[C@H]2C(=O)NC(C)(C)C)CCS1(=O)=O,7.161150909262744
CC(C)[C@H](COCc1ccccc1)NC(=O)C(F)(F)C(=O)C(Cc1ccc(OCc2ccccc2)cc1)NC(=O)[C@H](NC(=O)OCc1ccccc1)C(C)C,7.221848749616356
CO[C@H](NC(=O)C(F)(F)C(=O)C(Cc1ccc(OCc2ccccc2)cc1)NC(=O)[C@@H](NC(=O)OCc1ccccc1)C(C)C)C(C)C,8.0
CC(C)(C)NC(=O)[C@@H]1CN(C(=O)c2ccncc2)CCN1C[C@@H](O)[C@H](Cc1ccccc1)NC(=O)O[C@H]1CCOC1,6.87942606879415
CC(C)[C@@H](COCc1ccccc1)NC(=O)C(F)(F)C(=O)C(Cc1ccc(OCc2ccccc2)cc1)NC(=O)[C@H](NC(=O)OCc1ccccc1)C(C)C,5.698970004336019
CC(C)[C@@H]1[C@H](OC(=O)N[C@@H](Cc2ccccc2)[C@H](O)CN2CCN(Cc3cccc(O)c3)C[C@H]2C(=O)NC(C)(C)C)CCS1(=O)=O,6.896196279044043
COC(=O)N[C@H](C(=O)N[C@@H](Cc1ccccc1)[C@H](O)CN(CC1CCCCC1)NC(=O)[C@@H](NC(=O)OC)C(C)C)C(C)C,5.97469413473523
CCOC(=O)NC(C(=O)NN(CC1CCCCC1)C[C@@H](O)[C@H](Cc1ccccc1)NC(=O)C(NC(=O)OC)C(C)C)C(C)C,7.251811972993799
CC(C)C[C@H](COCc1ccccc1)NC(=O)C(F)(F)C(=O)C(Cc1ccc(OCc2ccccc2)cc1)NC(=O)[C@@H](NC(=O)OCc1ccccc1)C(C)C,8.744727494896694
CC(C)[C@@H]1[C@H](OC(=O)N[C@@H](Cc2ccccc2)[C@H](O)CN2CCN(Cc3ccncc3)C[C@H]2C(=O)NC(C)(C)C)CCS1(=O)=O,6.889410289700751
CC(C)(C)NC(=O)[C@@H]1CN(CCc2ccccc2)CCN1C[C@@H](O)[C@H](Cc1ccccc1)NC(=O)O[C@H]1CCOC1,6.320572103387881
CC(C)(C)NC(=O)[C@@H]1CN(Cc2ccccc2O)CCN1C[C@@H](O)[C@H](Cc1ccccc1)NC(=O)O[C@H]1CCOC1,6.991399828238082
COCCOC(=O)NC(C(=O)N[C@@H](Cc1ccccc1)[C@H](O)CN(CC1CCCCC1)NC(=O)C(NC(=O)OCCOC)C(C)C)C(C)C,6.785156151952302
COC(=O)N[C@H](C(=O)N[C@@H](Cc1ccccc1)C(O)CN(Cc1ccc(OC)cc1)NC(=O)[C@@H](NC(=O)OC)C(C)C)C(C)C,7.795880017344075
COC(=O)NC(C(=O)NN(CC1CCCCC1)C[C@H](O)[C@H](Cc1ccccc1)NC(=O)[C@H](CC(N)=O)NC(=O)c1ccc2ccccc2n1)C(C)C,7.568636235841013
CC(C)[C@H](CCc1ccccc1)NC(=O)C(F)(F)C(=O)C(Cc1ccc(OCc2ccccc2)cc1)NC(=O)[C@@H](NC(=O)OCc1ccccc1)C(C)C,7.886056647693163
CC(C)C(NC(=O)OCc1ccccc1)C(=O)NN(CC1CCCCC1)C[C@H](O)[C@H](Cc1ccccc1)NC(=O)[C@H](CC(N)=O)NC(=O)c1ccc2ccccc2n1,7.3872161432802645
CC(C)[C@H](NC(=O)OCc1ccccc1)C(=O)NC(Cc1ccc(OCc2ccccc2)cc1)C(=O)C(F)(F)C(=O)N[C@H](COCc1ccccc1)C(C)C,7.3979400086720375
CC(C)(C)NC(=O)[C@@H]1C[C@@H]2CCCC[C@@H]2CN1C[C@@H](O)[C@H](Cc1ccccc1)NC(=O)[C@H](CC(N)=O)NC(=O)c1ccc2ccccc2n1.CS(=O)(=O)O,9.0
COC(=O)N[C@H](C(=O)N[C@@H](Cc1ccccc1)C(O)CN(CCC(C)C)NC(=O)[C@@H](NC(=O)OC)C(C)C)C(C)C,7.795880017344075
COCCOCCOC(=O)NC(C(=O)N[C@@H](Cc1ccccc1)[C@H](O)CN(CC1CCCCC1)NC(=O)C(NC(=O)OCCOCCOC)C(C)C)C(C)C,7.173925197299173
COCCOC(=O)NC(C(=O)NN(CC1CCCCC1)C[C@@H](O)[C@H](Cc1ccccc1)NC(=O)C(NC(=O)OC)C(C)C)C(C)C,7.173925197299173
CC(C)CN(C[C@H](O)[C@H](Cc1ccccc1)NC(=O)[C@H](CC(N)=O)NC(=O)c1ccc2ccccc2n1)NC(=O)C(NC(=O)OCc1ccccc1)C(C)C,7.431798275933005
CC(C)[C@@H]1[C@H](OC(=O)N[C@@H](Cc2ccccc2)[C@H](O)CN2CCN(Cc3ccc4ccccc4c3)C[C@H]2C(=O)NC(C)(C)C)CCS1(=O)=O,7.267606240177032
Cc1cc(CN2CCN(C[C@@H](O)[C@H](Cc3ccccc3)NC(=O)O[C@@H]3CCS(=O)(=O)[C@@H]3C(C)C)[C@H](C(=O)NC(C)(C)C)C2)cc(Cl)n1,7.267606240177032
CCOC(=O)NC(C(=O)N[C@@H](Cc1ccccc1)[C@H](O)CN(CC1CCCCC1)NC(=O)C(NC(=O)OCCOC)C(C)C)C(C)C,6.823908740944319
CC(C)(C)NC(=O)[C@@H]1C[C@@H]2CCCC[C@@H]2CN1C[C@@H](O)[C@H](Cc1ccccc1)NC(=O)[C@H](CC(N)=O)NC(=O)c1ccc2ccccc2n1,8.200659450546418
COC(=O)c1c(Br)c(OC)c2c(c1-c1c3c(c(OC)c(Br)c1C(=O)OC)OCO3)OCO2,5.721246399047171
COC(=O)c1c(Br)c(OC)c2c(c1-c1c3c(c(OC)c(Br)c1C(=O)OC)OCO3)OCO2,4.958607314841775
COC(=O)c1c(Br)c(OC)c2c(c1-c1c3c(c(OC)c(Br)c1C(=O)OC)OCO3)OCO2,7.318758762624412
CC(C)(C)NC(=O)[C@@H]1CN(C(=O)c2ccccc2)CCN1C[C@@H](O)[C@H](Cc1ccccc1)NC(=O)O[C@H]1CCOC1,6.382999658879101
CC(C)(C)NC(=O)[C@@H]1CN(Cc2ccc(O)cc2)CCN1C[C@@H](O)[C@H](Cc1ccccc1)NC(=O)O[C@H]1CCOC1,6.815308569182402
CC(C)(C)NC(=O)[C@@H]1CN(Cc2cccnc2)CCN1C[C@@H](O)[C@H](Cc1ccccc1)NC(=O)O[C@H]1CCOC1,6.170053304058364
COC(=O)N[C@H](C(=O)N[C@@H](Cc1ccccc1)C(O)CN(CC1CCCCC1)NC(=O)[C@@H](NC(=O)OC)C(C)C)C(C)C,7.075720713938118
COC(=O)N[C@H](C(=O)N[C@@H](Cc1ccccc1)C(O)CN(Cc1ccc(C)cc1)NC(=O)[C@@H](NC(=O)OC)C(C)C)C(C)C,7.721246399047171
COC(=O)N[C@H](C(=O)N[C@@H](Cc1ccccc1)C(O)CN(Cc1ccc(OC)c(OC)c1OC)NC(=O)[C@@H](NC(=O)OC)C(C)C)C(C)C,7.468521082957745
COC(=O)NC(C(=O)NN(CC(C)C)C[C@H](O)[C@H](Cc1ccccc1)NC(=O)[C@H](CC(N)=O)NC(=O)c1ccc2ccccc2n1)C(C)C,7.638272163982407
CC(C)CNC(=O)C(F)(F)C(=O)C(Cc1ccc(OCc2ccccc2)cc1)NC(=O)[C@@H](NC(=O)OCc1ccccc1)C(C)C,8.301029995663981
CCOC(=O)NC(C(=O)N[C@@H](Cc1ccccc1)[C@H](O)CN(CC1CCCCC1)NC(=O)C(NC(=O)OCC)C(C)C)C(C)C,6.752026733638194
CCOC(=O)NC(C(=O)NN(CC1CCCCC1)C[C@@H](O)[C@H](Cc1ccccc1)NC(=O)C(NC(=O)OCCOC)C(C)C)C(C)C,6.872895201635193
CC(C)CN1CC(O)(CNC(=O)OC(C)(C)C)C[C@@H]1C(=O)NC(C)(C)C,4.045757490560675
O=C(N[C@H]1c2ccccc2OC[C@H]1O)[C@H](Cc1ccccc1)C[C@H](O)CN1CCN(Cc2ccc(-c3cccnc3)o2)C[C@H]1C(=O)NCC(F)(F)F,10.522878745280337
O=C(N[C@H]1c2ccccc2OC[C@H]1O)[C@H](Cc1ccccc1)C[C@H](O)CN1CCN(Cc2ccc(-c3cccnc3)o2)C[C@H]1C(=O)NCC(F)(F)F,9.522878745280337
O=C(N[C@H]1c2ccccc2OC[C@H]1O)[C@H](Cc1ccccc1)C[C@H](O)CN1CCN(Cc2ccc(-c3cccnc3)o2)C[C@H]1C(=O)NCC(F)(F)F,9.154901959985743
CC(C)[C@@H]1CC[C@]2(C(=O)O)CC[C@]3(C)C(CCC4[C@@]5(C)CC[C@H](O)C(C)(C)C5CC[C@]43C)C12,3.661543506395395
CC(C)[C@@H]1CC[C@]2(C(=O)O)CC[C@]3(C)[C@H](CC[C@@H]4[C@@]5(C)CC[C@H](OC(=O)CC(C)(C)CC(=O)O)C(C)(C)[C@@H]5CC[C@]43C)[C@@H]12,3.7772835288524167
O=C(C[C@H]1C(=O)Nc2ccccc2-c2cccn21)OCc1ccccc1,10.397940008672037
CC(C)(C)NC(=O)[C@@H]1CN(Cc2cccnc2)CCN1C[C@@H](O)C[C@@H](Cc1ccccc1)C(=O)N[C@H]1c2ccccc2C[C@H]1O.O,9.221848749616356
CC(C)(C)NC(=O)[C@@H]1CN(Cc2cccnc2)CCN1C[C@@H](O)C[C@@H](Cc1ccccc1)C(=O)N[C@H]1c2ccccc2C[C@H]1O.O,7.213248577854439
CC(C)(C)NC(=O)[C@@H]1CN(Cc2cccnc2)CCN1C[C@@H](O)C[C@@H](Cc1ccccc1)C(=O)N[C@H]1c2ccccc2C[C@H]1O.O,7.360513510731414
CC(C)(C)NC(=O)[C@@H]1CN(Cc2cccnc2)CCN1C[C@@H](O)C[C@@H](Cc1ccccc1)C(=O)N[C@H]1c2ccccc2C[C@H]1O.O,7.696803942579511
CC(C)(C)NC(=O)[C@@H]1CN(Cc2ccc(Cl)c(Cl)c2)CCN1C[C@@H](O)C[C@@H](Cc1ccccc1)C(=O)N[C@H]1c2ccccc2C[C@H]1O,8.958607314841775
CC(C)CN1CC(O)(CNC(=O)[C@H]2N[C@@H]([C@H](NC(=O)Cc3ccccc3)C(=O)NCc3ccccc3)SC2(C)C)C[C@H]1C(=O)NC(C)(C)C,7.154901959985743
O=C(N[C@H]1c2ccccc2OC[C@H]1O)[C@H](Cc1ccccc1)C[C@H](O)CN1CCN(Cc2ccc(-c3ccccn3)o2)C[C@H]1C(=O)NCC(F)(F)F,10.301029995663981
O=C(N[C@H]1c2ccccc2OC[C@H]1O)[C@H](Cc1ccccc1)C[C@H](O)CN1CCN(Cc2ccc(-c3ccccn3)o2)C[C@H]1C(=O)NCC(F)(F)F,9.301029995663981
O=C(N[C@H]1c2ccccc2OC[C@H]1O)[C@H](Cc1ccccc1)C[C@H](O)CN1CCN(Cc2ccc(-c3ccccn3)o2)C[C@H]1C(=O)NCC(F)(F)F,9.154901959985743
O=C(N[C@H]1c2ccccc2OC[C@H]1O)[C@H](Cc1ccccc1)C[C@H](O)CN1CCN(Cc2ccc(-c3ccccn3)o2)C[C@H]1C(=O)NCC(F)(F)F,9.397940008672037
C=C(C)[C@@H]1CC[C@]2(C(=O)O)CC[C@]3(C)[C@H](CC[C@@H]4[C@@]5(C)CC[C@H](O)C(C)(C)[C@@H]5CC[C@]43C)[C@@H]12,3.6595558851598815
C=C(C)[C@@H]1CC[C@]2(C(=O)O)CC[C@]3(C)[C@H](CC[C@@H]4[C@@]5(C)CC[C@H](OC(=O)CC(C)(C)C(=O)O)C(C)(C)[C@@H]5CC[C@]43C)[C@@H]12,3.767003889607846
C=C(C)[C@@H]1CC[C@]2(C(=O)O)CC[C@]3(C)[C@H](CC[C@@H]4[C@@]5(C)CC[C@H](OC(=O)COCC(=O)O)C(C)(C)[C@@H]5CC[C@]43C)[C@@H]12,3.7569619513137056
CC(C)CN1CC(O)(CNC(=O)OC(C)(C)C)C[C@H]1C(=O)NC(C)(C)C,4.045757490560675
CC(C)(c1ccc(-c2ccncc2)o1)N1CCN(C[C@@H](O)C[C@@H](Cc2ccccc2)C(=O)N[C@H]2c3ccccc3OC[C@H]2O)[C@H](C(=O)NCC(F)(F)F)C1,10.301029995663981
CC(C)(c1ccc(-c2ccncc2)o1)N1CCN(C[C@@H](O)C[C@@H](Cc2ccccc2)C(=O)N[C@H]2c3ccccc3OC[C@H]2O)[C@H](C(=O)NCC(F)(F)F)C1,9.522878745280337
CC(C)(c1ccc(-c2ccncc2)o1)N1CCN(C[C@@H](O)C[C@@H](Cc2ccccc2)C(=O)N[C@H]2c3ccccc3OC[C@H]2O)[C@H](C(=O)NCC(F)(F)F)C1,8.920818753952375
CC(C)(c1ccc(-c2ccncc2)o1)N1CCN(C[C@@H](O)C[C@@H](Cc2ccccc2)C(=O)N[C@H]2c3ccccc3OC[C@H]2O)[C@H](C(=O)NCC(F)(F)F)C1,10.0
CC(C)[C@@H]1CC[C@]2(C(=O)O)CC[C@]3(C)[C@H](CC[C@@H]4[C@@]5(C)CC[C@H](OC(=O)CC(C)(C)C(=O)O)C(C)(C)[C@@H]5CC[C@]43C)[C@@H]12,3.767003889607846
CC(C)[C@@H]1CC[C@]2(C(=O)O)CC[C@]3(C)[C@H](CC[C@@H]4[C@@]5(C)CC[C@H](OC(=O)COCC(=O)O)C(C)(C)[C@@H]5CC[C@]43C)[C@@H]12,3.7594507517174
C=C(C)[C@@H]1CC[C@]2(C(=O)O)CC[C@]3(C)[C@H](CC[C@@H]4[C@@]5(C)CC[C@H](OC(=O)CC(C)(C)CC(=O)O)C(C)(C)[C@@H]5CC[C@]43C)[C@@H]12,3.7772835288524167
CC(C)CN1C[C@](O)([C@H](CC2CCCCC2)NC(=O)CC(C)(C)C)C[C@H]1C(=O)NC(C)(C)C,5.045757490560675
CC(C)(C)NC(=O)[C@@H]1CN(S(C)(=O)=O)CCN1C[C@@H](O)C[C@@H](Cc1ccccc1)C(=O)N[C@H]1c2ccccc2C[C@H]1O,8.795880017344075
C=C(C)[C@@H]1CC[C@]2(C(=O)O)CC[C@]3(C)[C@H](CC[C@@H]4[C@@]5(C)CC[C@H](OC(=O)C(C)(C)CC(=O)O)C(C)(C)[C@@H]5CC[C@]43C)[C@@H]12,3.767003889607846
CC(C)CN1CC(O)(CNC(=O)[C@@H]2N[C@@H]([C@H](NC(=O)Cc3ccccc3)C(=O)NCc3ccccc3)SC2(C)C)C[C@H]1C(=O)NC(C)(C)C,7.522878745280337
CC(C)(c1cc2cnccc2o1)N1CCN(C[C@@H](O)C[C@@H](Cc2ccccc2)C(=O)N[C@H]2c3ccccc3OC[C@H]2O)[C@H](C(=O)NCC(F)(F)F)C1,10.154901959985743
CC(C)(c1cc2cnccc2o1)N1CCN(C[C@@H](O)C[C@@H](Cc2ccccc2)C(=O)N[C@H]2c3ccccc3OC[C@H]2O)[C@H](C(=O)NCC(F)(F)F)C1,8.236572006437063
CC(C)(c1cc2cnccc2o1)N1CCN(C[C@@H](O)C[C@@H](Cc2ccccc2)C(=O)N[C@H]2c3ccccc3OC[C@H]2O)[C@H](C(=O)NCC(F)(F)F)C1,8.2839966563652
CC(C)(c1cc2cnccc2o1)N1CCN(C[C@@H](O)C[C@@H](Cc2ccccc2)C(=O)N[C@H]2c3ccccc3OC[C@H]2O)[C@H](C(=O)NCC(F)(F)F)C1,8.795880017344075
CC(C)(C)NC(=O)[C@@H]1CN(Cc2cccnc2)CCN1C[C@@H](O)C[C@@H](Cc1ccccc1)C(=O)N[C@H]1c2ccccc2C[C@H]1O.O,9.229147988357855
O=C(N[C@H]1c2ccccc2OC[C@H]1O)[C@H](Cc1ccccc1)C[C@H](O)CN1CCN(Cc2ccc(-c3ccncc3)o2)C[C@H]1C(=O)NCC(F)(F)F,10.096910013008056
O=C(N[C@H]1c2ccccc2OC[C@H]1O)[C@H](Cc1ccccc1)C[C@H](O)CN1CCN(Cc2ccc(-c3ccncc3)o2)C[C@H]1C(=O)NCC(F)(F)F,9.221848749616356
O=C(N[C@H]1c2ccccc2OC[C@H]1O)[C@H](Cc1ccccc1)C[C@H](O)CN1CCN(Cc2ccc(-c3ccncc3)o2)C[C@H]1C(=O)NCC(F)(F)F,8.886056647693163
O=C(N[C@H]1c2ccccc2OC[C@H]1O)[C@H](Cc1ccccc1)C[C@H](O)CN1CCN(Cc2ccc(-c3ccncc3)o2)C[C@H]1C(=O)NCC(F)(F)F,9.096910013008056
CC(C)[C@H](NC(=O)N(C)Cc1nc2ccccc2[nH]1)C(=O)N[C@@H](Cc1ccccc1)[C@@H](O)[C@H](O)[C@H](Cc1ccccc1)NC(=O)[C@H](NC(=O)N(C)Cc1nc2ccccc2[nH]1)C(C)C,9.0
CC[C@H](C)[C@H](NC(=O)[C@H](C(C)C)[C@@H](O)[C@H](O)[C@H](CC1CCCCC1)NC(=O)c1ccccc1)C(=O)NCc1nc2ccccc2[nH]1,7.091997798827446
CC(C)[C@H](NC(=O)N1CCN(Cc2ccccc2)CC1)C(=O)N[C@@H](Cc1ccccc1)[C@@H](O)[C@@H](O)[C@H](Cc1ccccc1)NC(=O)[C@H](NC(=O)N1CCN(Cc2ccccc2)CC1)C(C)C,8.10790539730952
CC(c1ccccc1)N(CC(O)[C@H](Cc1ccccc1)NC(=O)[C@H](CC(N)=O)NC(=O)OCc1ccccc1)C(=O)NC(C)(C)C,5.29299989005351
CC(C)[C@H](NC(=O)N(C)Cc1nc2ccccc2[nH]1)C(=O)N[C@@H](Cc1ccccc1)[C@H](O)[C@H](O)[C@H](Cc1ccccc1)NC(=O)[C@H](NC(=O)N(C)Cc1nc2ccccc2[nH]1)C(C)C,9.0
COc1ccc(NC(=O)C(=O)O)cc1C(=O)NNC(=O)OCC1c2ccccc2-c2ccccc21,4.522878745280337
CC(C)[C@H](NC(=O)OCc1ccccn1)C(=O)N[C@@H](Cc1ccccc1)[C@@H](O)[C@@H](O)[C@H](Cc1ccccc1)NC(=O)[C@H](NC(=O)OCc1ccccn1)C(C)C,9.0
CCNS(=O)(=O)Oc1cc(C(C)(C)C)c(SC2=C(O)OC(CCc3ccc(O)cc3)(C3CCCCC3)CC2=O)cc1C,8.318758762624412
CC(C)[C@H](NC(=O)N(C)Cc1ccccn1)C(=O)N[C@@H](Cc1ccccc1)[C@H](O)[C@H](O)[C@H](Cc1ccccc1)NC(=O)[C@H](NC(=O)N(C)Cc1ccccn1)C(C)C,9.0
CC(C)[C@H](NC(=O)N(C)Cc1cccnc1)C(=O)N[C@@H](Cc1ccccc1)[C@@H](O)[C@@H](O)[C@H](Cc1ccccc1)NC(=O)[C@H](NC(=O)N(C)Cc1cccnc1)C(C)C,8.795880017344075
CC(C)[C@H](NC(=O)N(C)CCc1ccccn1)C(=O)N[C@@H](Cc1ccccc1)[C@@H](O)[C@H](O)[C@H](Cc1ccccc1)NC(=O)[C@H](NC(=O)N(C)CCc1ccccn1)C(C)C,8.2839966563652
CC(C)[C@H](NC(=O)N1CCN(C)CC1)C(=O)N[C@@H](Cc1ccccc1)[C@@H](O)[C@H](Cc1ccccc1)NC(=O)[C@H](NC(=O)OCc1ccccc1)C(C)C,7.552841968657781
CC(C)[C@H](NS(=O)(=O)N(C)Cc1ccccn1)C(=O)N[C@@H](Cc1ccccc1)C(O)[C@H](Cc1ccccc1)NC(=O)[C@H](NS(=O)(=O)N(C)Cc1ccccn1)C(C)C,5.886056647693163
CC(C)[C@H](NS(=O)(=O)CCc1ccncc1)C(=O)N[C@@H](Cc1ccccc1)[C@@H](O)[C@H](O)[C@H](Cc1ccccc1)NC(=O)[C@H](NS(=O)(=O)CCc1ccncc1)C(C)C,7.619788758288394
CC(C)[C@H](NC(=O)N(C)Cc1nccs1)C(=O)N[C@@H](Cc1ccccc1)[C@H](O)[C@@H](O)[C@H](Cc1ccccc1)NC(=O)[C@H](NC(=O)N(C)Cc1csc(N)n1)C(C)C,9.0
CC(C)(C)OC(=O)N[C@@H](Cc1ccccc1)[C@@H](O)C[C@@H](Cc1ccccc1)C(=O)NC1c2ccccc2C(O)[C@@H]1O,10.0
CC(C)[C@@H](C(=O)N[C@H]1Cc2ccccc2[C@H]1O)[C@@H](O)[C@H](O)[C@H](CC1CCCCC1)NC(=O)c1ncccc1OCSc1ccccc1,5.620000528471499
CC[C@H](C)[C@H](NC(=O)[C@H](C(C)C)C(O)[C@H](O)[C@H](CC1CCCCC1)NC(=O)c1ncccc1OCOc1ccccc1)C(=O)NCc1nc2ccccc2[nH]1,6.268000501111618
CC(C)[C@H](NC(=O)OCc1cccnc1)C(=O)N[C@@H](Cc1ccccc1)C(O)[C@H](Cc1ccccc1)NC(=O)[C@H](NC(=O)OCc1cccnc1)C(C)C,8.167491087293763
CC(C)C[C@@]1(C2=C(O)[C@](Cc3ccccc3)(C[C@H](O)[C@H](Cc3ccccc3)NC(=O)O[C@@H]3CCOC3)N=C2)N=CC([C@@H](Cc2ccccc2)C(N)=O)=C1O,8.886056647693163
CC(C)[C@H](NC(=O)N1CCOCC1)C(=O)N[C@@H](Cc1ccccc1)[C@H](O)[C@H](O)[C@H](Cc1ccccc1)NC(=O)[C@H](NC(=O)N1CCOCC1)C(C)C,7.366531544420414
Cc1ccc(C[C@H](C[C@H](O)[C@H](Cc2ccccc2)NC(=O)OC(C)(C)C)C(=O)NC2c3ccccc3C[C@@H]2O)cc1,9.54000474395261
CC(C)(C)OC(=O)N[C@@H](Cc1ccccc1)[C@@H](O)C[C@@H](Cc1ccccc1)C(=O)NC1c2ccccc2OC[C@@H]1O,9.750068243365805
CCNS(=O)(=O)Oc1cc(C(C)(C)C)c(SC2=C(O)OC(C)(CCc3ccc(O)cc3)CC2=O)cc1C,8.638272163982407
Cc1cc(SC2=C(O)OC(C)(CCc3ccc(O)cc3)CC2=O)c(C(C)(C)C)cc1OS(=O)(=O)N1CCN(C)CC1,8.148741651280925
O=C1Nc2ccc(Cl)cc2[C@@](C#CC2CC2)(C(F)(F)F)N1,7.508638306165727
CC[C@@H](C)[C@H](NC(=O)[C@@H](NC(=O)[C@H](CC(C)C)NC(=O)[C@@H](N)Cc1c[nH]c2ccccc12)[C@H](C)O)C(=O)NCCc1cccc2c1oc1c(CCC(=O)N[C@H](C(=O)N[C@@H](Cc3ccc(O)cc3)C(=O)N[C@@H](CC(N)=O)C(=O)N[C@@H](Cc3ccccc3)C(=O)O)[C@H](C)O)cccc12,4.920818753952375
CCNC(=O)N(CC(C)C)CC(O)[C@H](Cc1ccccc1)NC(=O)[C@H](CC(N)=O)NC(=O)OCc1ccccc1,6.480999396660359
CC(C)[C@H](NC(=O)OCc1ccccn1)C(=O)N[C@@H](Cc1ccccc1)[C@H](O)[C@H](O)[C@H](Cc1ccccc1)NC(=O)[C@H](NC(=O)OCc1ccccn1)C(C)C,9.0
CC(C)[C@H](NC(=O)N(C)Cc1ccccn1)C(=O)N[C@@H](Cc1ccccc1)[C@H](O)[C@@H](O)[C@H](Cc1ccccc1)NC(=O)[C@H](NC(=O)N(C)Cc1nccs1)C(C)C,9.0
CC(C)[C@H](NS(=O)(=O)CCc1ccccn1)C(=O)N[C@@H](Cc1ccccc1)[C@@H](O)[C@@H](O)[C@H](Cc1ccccc1)NC(=O)[C@H](NS(=O)(=O)CCc1ccccn1)C(C)C,9.0
CC(C)[C@H](NC(=O)C1Cc2ccccc2CN1)C(=O)N[C@@H](Cc1ccccc1)C(O)[C@H](Cc1ccccc1)NC(=O)[C@H](NC(=O)C1Cc2ccccc2CN1)C(C)C,8.148741651280925
CC(C)[C@@H](C(=O)N[C@H]1Cc2ccccc2[C@H]1O)[C@@H](O)[C@H](O)[C@H](CC1CCCCC1)NC(=O)c1ccccc1OCSc1ccccc1,6.346999859889158
CC(C)[C@H](NC(=O)/C=C/c1cccnc1)C(=O)N[C@@H](Cc1ccccc1)[C@@H](O)[C@@H](O)[C@H](Cc1ccccc1)NC(=O)[C@H](NC(=O)/C=C/c1cccnc1)C(C)C,8.275724130399212
CC(C)[C@H](NC(=O)OCc1ccccc1)C(=O)N[C@@H](Cc1ccccc1)[C@@H](O)[C@H](Cc1ccccc1)NC(=O)[C@H](NC(=O)OCc1ccccc1)C(C)C,8.522878745280337
CC(C)(C)NC(=O)N(Cc1ccccc1)CC(O)[C@H](Cc1ccccc1)NC(=O)[C@H](CC(N)=O)NC(=O)OCc1ccccc1,7.721017883134556
CC(C)(C)OC(=O)N[C@@H](Cc1ccccc1)[C@@H](O)C[C@@H](CCCc1ccccc1)C(=O)NC1c2ccccc2C(O)[C@@H]1O,9.720105019988361
CC(C)(C)NC(=O)N(CC(O)[C@H](Cc1ccccc1)NC(=O)[C@H](CC(N)=O)NC(=O)OCc1ccccc1)C1CCCCC1,7.537003387971944
CCCCNC(=O)N(CC(C)C)CC(O)[C@H](Cc1ccccc1)NC(=O)[C@H](CC(N)=O)NC(=O)OCc1ccccc1,6.025999813961353
CC[C@H](C)[C@H](NC(=O)[C@H](C(C)C)C(O)[C@H](O)[C@H](CC1CCCCC1)NC(=O)c1ccccc1OCOc1ccccc1)C(=O)NCc1nc2ccccc2[nH]1,7.744968836654449
CC(C)[C@H](NC(=O)OCc1ccccc1)C(=O)N[C@@H](Cc1ccccc1)[C@@H](O)[C@H](O)[C@H](Cc1ccccc1)NC(=O)[C@H](NC(=O)OCc1ccccc1)C(C)C,9.0
CC(C)[C@H](NC(=O)N(C)Cc1nc2ccccc2[nH]1)C(=O)N[C@@H](Cc1ccccc1)[C@@H](O)[C@@H](O)[C@H](Cc1ccccc1)NC(=O)[C@H](NC(=O)N(C)Cc1nc2ccccc2[nH]1)C(C)C,9.0
CC[C@H](C)[C@H](NC(=O)[C@H](C(C)C)[C@@H](O)[C@H](O)[C@H](CC1CCCCC1)NC(=O)C1CCCCC1)C(=O)NCc1ccccn1,7.3049563411787055
CC(C)[C@H](NC(=O)N1CCN(c2ccccc2)CC1)C(=O)N[C@@H](Cc1ccccc1)[C@@H](O)[C@@H](O)[C@H](Cc1ccccc1)NC(=O)[C@H](NC(=O)N1CCN(c2ccccc2)CC1)C(C)C,8.853871964321762
CC[C@H](C)[C@H](NC(=O)[C@H](C(C)C)[C@@H](O)[C@H](O)[C@H](CC1CCCCC1)NC(=O)c1ncccc1OCSc1ccccc1)C(=O)NCc1nc2ccccc2[nH]1,6.5020066659422975
CC(C)(C)OC(=O)N[C@@H](Cc1ccccc1)[C@@H](O)C[C@@H](Cc1c(F)c(F)c(F)c(F)c1F)C(=O)NC1c2ccccc2C[C@@H]1O,9.219970872662662
CC(C)(C)OC(=O)N[C@@H](Cc1ccccc1)[C@@H](O)CCC(=O)NC1c2ccccc2C[C@@H]1O,5.529999886197673
CCNS(=O)(=O)Oc1cc(C(C)(C)C)c(SC2=C(O)OC(CCc3ccc(N)cc3)(C(C)C)CC2=O)cc1C,8.366531544420413
CC(C)CCN(CC(O)[C@H](Cc1ccccc1)NC(=O)[C@H](CC(N)=O)NC(=O)c1ccc2ccccc2n1)C(=O)NC(C)(C)C,8.523023534240473
CC[C@H](C)[C@H](NC(=O)[C@H](C(C)C)[C@@H](O)[C@H](O)[C@H](CC1CCCCC1)NC(=O)c1cccc(C)c1OCOc1ccccc1)C(=O)NCc1nc2ccccc2[nH]1,6.967018806902632
CC(C)[C@H](NC(=O)/C=C/c1ccccn1)C(=O)N[C@@H](Cc1ccccc1)[C@@H](O)[C@@H](O)[C@H](Cc1ccccc1)NC(=O)[C@H](NC(=O)/C=C/c1ccccn1)C(C)C,9.0
CC(C)[C@H](NC(=O)N1CCN(Cc2ccccc2)CC1)C(=O)N[C@@H](Cc1ccccc1)[C@H](O)[C@H](O)[C@H](Cc1ccccc1)NC(=O)[C@H](NC(=O)N1CCN(Cc2ccccc2)CC1)C(C)C,8.045757490560675
CC(C)[C@H](NS(=O)(=O)CCc1ccncc1)C(=O)N[C@@H](Cc1ccccc1)[C@H](O)[C@H](O)[C@H](Cc1ccccc1)NC(=O)[C@H](NS(=O)(=O)CCc1ccncc1)C(C)C,7.886056647693163
Cc1cc(SC2=C(O)OC(C)(CCc3ccc(O)cc3)CC2=O)c(C(C)(C)C)cc1O,8.187086643357144
CNS(=O)(=O)Oc1cc(C(C)(C)C)c(SC2=C(O)OC(CCc3ccc(O)cc3)(C(C)C)CC2=O)cc1C,8.920818753952375
Cc1cc(SC2=C(O)OC(CCc3ccc(O)cc3)(C(C)C)CC2=O)c(C(C)(C)C)cc1OS(=O)(=O)N1CCN(C)CC1,8.508638306165727
CC(C)[C@H](NC(=O)OCc1cccnc1)C(=O)N[C@@H](Cc1ccccc1)[C@@H](O)[C@H](O)[C@H](Cc1ccccc1)NC(=O)[C@H](NC(=O)OCc1cccnc1)C(C)C,9.0
CC(C)[C@H](NC(=O)N(C)Cc1ccccn1)C(=O)N[C@@H](Cc1ccccc1)[C@H](O)[C@@H](O)[C@H](Cc1ccccc1)NC(=O)[C@H](NC(=O)N(C)Cc1cccnc1)C(C)C,9.0
CC(C)[C@H](NC(=O)OCCN1CCOCC1)C(=O)N[C@@H](Cc1ccccc1)C(O)[C@H](Cc1ccccc1)NC(=O)[C@H](NC(=O)OCCN1CCOCC1)C(C)C,6.7447274948966935
CC(C)[C@H](NS(=O)(=O)N(C)Cc1ccccn1)C(=O)N[C@@H](Cc1ccccc1)[C@@H](O)[C@H](O)[C@H](Cc1ccccc1)NC(=O)[C@H](NS(=O)(=O)N(C)Cc1ccccn1)C(C)C,7.1487416512809245
CNC(=O)N(CC(C)C)CC(O)[C@H](Cc1ccccc1)NC(=O)[C@H](CC(N)=O)NC(=O)OCc1ccccc1,5.824001400317809
COC(=O)C1Cc2ccccc2C1NC(=O)[C@H](Cc1ccccc1)C[C@H](O)[C@H](Cc1ccccc1)NC(=O)OC(C)(C)C,7.179995693191682
CC(C)CN(C[C@@H](O)[C@H](Cc1ccccc1)NC(=O)O[C@H]1CCOC1)S(=O)(=O)c1ccc(N)cc1,9.0
Cc1cc(SC2=C(O)OC(CCc3ccc(O)cc3)(C3CCCCC3)CC2=O)c(C(C)(C)C)cc1OS(=O)(=O)N(C)C,7.698970004336019
CCNS(=O)(=O)Oc1cc(C(C)(C)C)c(SC2=C(O)OC(CCc3ccccc3)(C(C)C)CC2=O)cc1C,8.050609993355087
CC(C)(C)OC(=O)N[C@@H](Cc1ccccc1)[C@@H](O)C[C@@](C)(Cc1ccccc1)C(=O)N[C@H]1c2ccccc2C[C@H]1O,8.110026361596004
CC(C)(C)OC(=O)N[C@@H](Cc1ccccc1)[C@@H](O)C[C@@H](Cc1ccc(O)cc1)C(=O)NC1c2ccccc2C[C@@H]1O,9.79997073344623
CC(C)(C)OC(=O)NC(Cc1ccccc1)[C@@H](O)CC(CSc1ccccc1)C(=O)NC1c2ccccc2C[C@@H]1O,9.599980364934842
CC(C)(C)OC(=O)N[C@@H](Cc1ccccc1)[C@@H](O)C[C@@H](Cc1ccccc1)C(=O)NC1CCc2ccccc21,7.470056598341331
Cc1cc(SC2=C(O)OC(C)(CCc3ccc(O)cc3)CC2=O)c(C(C)(C)C)cc1OS(=O)(=O)N(C)C,8.795880017344075
CCNS(=O)(=O)Oc1cc(C(C)(C)C)c(SC2=C(O)OC(CCc3ccc(O)cc3)(c3ccccc3)CC2=O)cc1C,7.585026652029182
CC(C)[C@@H](C(=O)N[C@H]1Cc2ccccc2[C@H]1O)[C@@H](O)[C@H](O)[C@H](CC1CCCCC1)NC(=O)c1ccccc1OCOc1ccccc1,6.268000501111618
CC(C)[C@H](NC(=O)N(C)Cc1cccnc1)C(=O)N[C@@H](Cc1ccccc1)[C@@H](O)[C@H](O)[C@H](Cc1ccccc1)NC(=O)[C@H](NC(=O)N(C)Cc1cccnc1)C(C)C,9.0
CC(C)CN(C[C@H](O)[C@H](NC(=O)O[C@@H]1CCOC1)Sc1ccccc1)S(=O)(=O)c1ccc(N)cc1,4.935542010773082
CC(C)CN(C[C@H](O)[C@@H](NC(=O)O[C@@H]1CCOC1)Sc1ccccc1)S(=O)(=O)c1ccc(N)cc1,4.903089986991944
CC(C)[C@H](NC(=O)OCc1ccccc1)C(=O)N[C@@H](Cc1ccccc1)[C@@H](O)[C@@H](O)[C@H](Cc1ccccc1)NC(=O)[C@H](NC(=O)OCc1ccccc1)C(C)C,9.0
CC(C)[C@H](NC(=O)NCc1ccccn1)C(=O)N[C@@H](Cc1ccccc1)C(O)[C@H](Cc1ccccc1)NC(=O)[C@H](NC(=O)NCc1ccccn1)C(C)C,8.0
CC(C)[C@H](NC(=O)OCCN1CCOCC1)C(=O)N[C@@H](Cc1ccccc1)[C@@H](O)[C@H](Cc1ccccc1)NC(=O)[C@H](NC(=O)OCc1ccccc1)C(C)C,8.045757490560675
CC(C)[C@H](NS(=O)(=O)CCc1ccccn1)C(=O)N[C@@H](Cc1ccccc1)[C@@H](O)[C@H](O)[C@H](Cc1ccccc1)NC(=O)[C@H](NS(=O)(=O)CCc1ccccn1)C(C)C,9.0
Cc1cc(SC2=C(O)OC(CCc3ccc(N)cc3)(C(C)C)CC2=O)c(C(C)(C)C)cc1OS(=O)(=O)N(C)C,8.4089353929735
CC(C)(C)OC(=O)N[C@@H](Cc1ccccc1)[C@@H](O)C[C@@H](Cc1ccccc1)C(=O)NC1C=CC[C@@H]1O,8.019996628416253
Cc1cc(SC2=C(O)OC(CCc3ccc(O)cc3)(C3CCCCC3)CC2=O)c(C(C)(C)C)cc1OS(=O)(=O)N1CCN(C)CC1,8.013228265733755
CC(C)[C@H](NC(=O)N(C)Cc1ccccn1)C(=O)N[C@@H](Cc1ccccc1)[C@@H](O)[C@H](O)[C@H](Cc1ccccc1)NC(=O)[C@H](NC(=O)N(C)Cc1ccccn1)C(C)C,9.0
CC(C)[C@H](NC(=O)c1cc2ccccc2[nH]1)C(=O)N[C@@H](Cc1ccccc1)[C@@H](O)[C@@H](O)[C@H](Cc1ccccc1)NC(=O)[C@H](NC(=O)c1cc2ccccc2[nH]1)C(C)C,9.0
CC(C)[C@H](NC(=O)N(C)Cc1cscn1)C(=O)N[C@@H](Cc1ccccc1)[C@H](O)[C@@H](O)[C@H](Cc1ccccc1)NC(=O)[C@H](NC(=O)N(C)Cc1csc(N)n1)C(C)C,9.0
CC(C)(C)NC(=O)N(Cc1ccncc1)CC(O)[C@H](Cc1ccccc1)NC(=O)[C@H](CC(N)=O)NC(=O)c1ccc2ccccc2n1,7.721017883134556
CC(C)(C)OC(=O)N[C@@H](Cc1ccccc1)[C@@H](O)C[C@@H](C/C=C/c1ccccc1)C(=O)NC1c2ccccc2C[C@@H]1O,9.639974910810603
CC(C)(C)OC(=O)N[C@@H](Cc1ccccc1)[C@@H](O)CC(=O)NC1c2ccccc2C[C@@H]1O,6.2500010234416505
CC(C)(C)NC(=O)N(CC(O)[C@H](Cc1ccccc1)NC(=O)[C@H](CC(N)=O)NC(=O)c1ccc2ccccc2n1)C1CCCCC1,8.301029995663981
CCCNC(=O)N(CC(C)C)CC(O)[C@H](Cc1ccccc1)NC(=O)[C@H](CC(N)=O)NC(=O)OCc1ccccc1,6.265000265007438
CC(C)[C@H](NC(=O)OCc1cccnc1)C(=O)N[C@@H](Cc1ccccc1)[C@@H](O)[C@@H](O)[C@H](Cc1ccccc1)NC(=O)[C@H](NC(=O)OCc1cccnc1)C(C)C,9.0
CC(C)[C@H](NC(=O)N(C)Cc1nccs1)C(=O)N[C@@H](Cc1ccccc1)[C@@H](O)[C@@H](O)[C@H](Cc1ccccc1)NC(=O)[C@H](NC(=O)N(C)Cc1nccs1)C(C)C,9.0
CC(C)[C@H](NC(=O)OCc1ccccn1)C(=O)N[C@@H](Cc1ccccc1)[C@@H](O)[C@H](Cc1ccccc1)NC(=O)[C@H](NC(=O)OCc1ccccc1)C(C)C,8.522878745280337
CC(C)[C@H](NC(=O)OCc1ccncc1)C(=O)N[C@@H](Cc1ccccc1)[C@H](O)[C@H](O)[C@H](Cc1ccccc1)NC(=O)[C@H](NC(=O)OCc1ccncc1)C(C)C,8.638272163982407
CC(C)[C@H](NC(=O)OCc1ccncc1)C(=O)N[C@@H](Cc1ccccc1)C(O)[C@H](Cc1ccccc1)NC(=O)[C@H](NC(=O)OCc1ccncc1)C(C)C,7.585026652029182
CC(C)[C@H](NC(=O)CCc1cccnc1)C(=O)N[C@@H](Cc1ccccc1)C(O)[C@H](Cc1ccccc1)NC(=O)[C@H](NC(=O)CCc1cccnc1)C(C)C,7.657577319177793
CC(C)[C@H](NS(=O)(=O)CCc1ccccn1)C(=O)N[C@@H](Cc1ccccc1)[C@H](O)[C@H](O)[C@H](Cc1ccccc1)NC(=O)[C@H](NS(=O)(=O)CCc1ccccn1)C(C)C,8.795880017344075
CC(C)(C)OC(=O)N[C@@H](Cc1ccccc1)[C@@H](O)C[C@@H](Cc1ccccc1)C(=O)NCC1CCCCC1,4.519999959791458
CC(C)CN(CC(O)[C@H](Cc1ccccc1)NC(=O)[C@H](CC(N)=O)NC(=O)OCc1ccccc1)C(=O)NC(C)(C)C,7.4560560575170935
CC(C)[C@H](NC(=O)N(C)Cc1ccccn1)C(=O)N[C@@H](Cc1ccccc1)[C@@H](O)[C@@H](O)[C@H](Cc1ccccc1)NC(=O)[C@H](NC(=O)N(C)Cc1ccccn1)C(C)C,8.779891911959945
CC(C)[C@H](NC(=O)N(C)Cc1cscn1)C(=O)N[C@@H](Cc1ccccc1)[C@@H](O)[C@@H](O)[C@H](Cc1ccccc1)NC(=O)[C@H](NC(=O)N(C)Cc1cscn1)C(C)C,9.0
CC(C)(C)OC(=O)N[C@@H](Cc1ccccc1)[C@@H](O)C[C@@H](Cc1ccccc1)C(=O)NC1c2ccccc2C[C@@H]1O,9.599980364934842
CC(C)(C)OC(=O)N[C@@H](Cc1ccc(O)cc1)[C@@H](O)C1CCCC1C(=O)NCc1ccccc1,6.23000269597146
Cc1cc(SC2=C(O)OC(CCc3ccc(O)cc3)(C(C)C)CC2=O)c(C(C)(C)C)cc1OS(=O)(=O)N(C)C,8.468521082957745
CC(C)(C)NC(=O)N(Cc1ccccc1)CC(O)[C@H](Cc1ccccc1)NC(=O)[C@H](CC(N)=O)NC(=O)c1ccc2ccccc2n1,8.523023534240473
CC[C@H](C)[C@H](NC(=O)[C@H](C(C)C)[C@@H](O)[C@H](O)[C@H](CC1CCCCC1)NC(=O)c1ccccc1OCSc1ccccc1)C(=O)NCc1nc2ccccc2[nH]1,7.950007143079858
CC(C)(C)OC(=O)N[C@@H](Cc1ccccc1)[C@@H](O)C[C@@H](Cc1ccccc1)C(=O)N[C@H](CO)Cc1ccccc1,6.160000609491408
CC(C)[C@H](NC(=O)[C@H](Cc1ccccc1)C[C@H](O)[C@H](Cc1ccccc1)NC(=O)OC(C)(C)C)C(=O)O,6.790002703917631
CC(C)[C@H](NC(=O)N(C)Cc1cccnc1)C(=O)N[C@@H](Cc1ccccc1)[C@H](O)[C@H](O)[C@H](Cc1ccccc1)NC(=O)[C@H](NC(=O)N(C)Cc1cccnc1)C(C)C,9.0
CC(C)[C@H](NC(=O)c1cc2ccccc2[nH]1)C(=O)N[C@@H](Cc1ccccc1)C(O)[C@H](Cc1ccccc1)NC(=O)[C@H](NC(=O)c1cc2ccccc2[nH]1)C(C)C,8.920818753952375
CC(C)[C@H](NS(=O)(=O)N(C)Cc1ccccn1)C(=O)N[C@@H](Cc1ccccc1)[C@H](O)[C@H](O)[C@H](Cc1ccccc1)NC(=O)[C@H](NS(=O)(=O)N(C)Cc1ccccn1)C(C)C,7.42021640338319
CC(C)(C)OC(=O)N[C@@H](Cc1ccccc1)[C@@H](O)C[C@@H](Cc1ccccc1)C(=O)NC1c2ccccc2OC[C@@H]1O,7.389978975335855
Cc1cc(SC2=C(O)OC(C)(CCc3ccc(O)cc3)CC2=O)c(C(C)(C)C)cc1OS(N)(=O)=O,8.744727494896694
CC(C)[C@H](NC(=O)/C=C/c1cccnc1)C(=O)N[C@@H](Cc1ccccc1)C(O)[C@H](Cc1ccccc1)NC(=O)[C@H](NC(=O)/C=C/c1cccnc1)C(C)C,8.657577319177793
CC(C)[C@H](NC(=O)OCC1CCCCN1C)C(=O)N[C@@H](Cc1ccccc1)[C@@H](O)[C@H](Cc1ccccc1)NC(=O)[C@H](NC(=O)OCc1ccccc1)C(C)C,7.200659450546418
CC(C)[C@H](NC(=O)OCCN1CCOCC1)C(=O)N[C@@H](Cc1ccccc1)[C@@H](O)[C@@H](O)[C@H](Cc1ccccc1)NC(=O)[C@H](NC(=O)OCCN1CCOCC1)C(C)C,7.698970004336019
CC(C)[C@H](NS(=O)(=O)N(C)Cc1ccccn1)C(=O)N[C@@H](Cc1ccccc1)[C@@H](O)[C@@H](O)[C@H](Cc1ccccc1)NC(=O)[C@H](NS(=O)(=O)N(C)Cc1ccccn1)C(C)C,6.619788758288394
CC(C)[C@H](NC(=O)N(C)Cc1csc(N)n1)C(=O)N[C@@H](Cc1ccccc1)[C@@H](O)[C@H](O)[C@H](Cc1ccccc1)NC(=O)[C@H](NC(=O)N(C)Cc1csc(N)n1)C(C)C,9.0
C[C@H](c1ccccc1)N(CC(O)[C@H](Cc1ccccc1)NC(=O)[C@H](CC(N)=O)NC(=O)OCc1ccccc1)C(=O)NC(C)(C)C,5.186999793145495
CC(C)(C)OC(=O)N[C@@H](Cc1ccccc1)[C@@H](O)C[C@@H](Cc1ccc(C(F)(F)F)cc1)C(=O)NC1c2ccccc2C[C@@H]1O,9.590066876668706
CC(C)(C)OC(=O)N[C@@H](Cc1ccccc1)[C@@H](O)/C=C(/Cc1ccccc1)C(=O)NC1c2ccccc2C[C@@H]1O,8.890084136976206
CCCNS(=O)(=O)Oc1cc(C(C)(C)C)c(SC2=C(O)OC(C)(CCc3ccc(O)cc3)CC2=O)cc1C,8.207608310501746
CCCNS(=O)(=O)Oc1cc(C(C)(C)C)c(SC2=C(O)OC(CCc3ccc(O)cc3)(C(C)C)CC2=O)cc1C,8.522878745280337
Cc1cc(SC2=C(O)OC(CCc3ccc(O)cc3)(C(C)C)CC2=O)c(C(C)(C)C)cc1OS(=O)(=O)N1CCOCC1,8.585026652029182
CC(C)[C@H](NC(=O)OCC1CCCN(C)C1)C(=O)N[C@@H](Cc1ccccc1)[C@@H](O)[C@H](Cc1ccccc1)NC(=O)[C@H](NC(=O)OCc1ccccc1)C(C)C,7.886056647693163
CC(C)[C@H](NC(=O)OCCN1CCCC1)C(=O)N[C@@H](Cc1ccccc1)[C@@H](O)[C@H](Cc1ccccc1)NC(=O)[C@H](NC(=O)OCc1ccccc1)C(C)C,7.853871964321762
CC(C)[C@H](NS(=O)(=O)CCc1ccncc1)C(=O)N[C@@H](Cc1ccccc1)[C@@H](O)[C@@H](O)[C@H](Cc1ccccc1)NC(=O)[C@H](NS(=O)(=O)CCc1ccncc1)C(C)C,8.244125144327509
CC(C)(C)OC(=O)N[C@@H](Cc1ccccc1)[C@@H](O)C[C@@H](Cc1ccncc1)C(=O)NC1c2ccccc2C[C@@H]1O,9.280006173632396
CC(C)(C)OC(=O)N[C@@H](Cc1ccccc1)[C@@H](O)C[C@@H](Cc1ccccc1)C(=O)N[C@@H]1CCCC[C@H]1O,6.909988975992853
O=C(NC1c2ccccc2C[C@@H]1O)[C@H](Cc1ccccc1)CC(O)C[C@@H](Cc1ccccc1)C(=O)NC1c2ccccc2C[C@@H]1O,9.160019442321657
O=C(N[C@@H](Cc1ccccc1)[C@@H](O)C[C@@H](Cc1ccccc1)C(=O)NC1c2ccccc2C[C@@H]1O)OC1CCOC1,10.219970872662662
Cc1cc(SC2=C(O)OC(CCc3ccccc3)(C(C)C)CC2=O)c(C(C)(C)C)cc1OS(=O)(=O)N1CCN(C)CC1,8.4089353929735
CC(C)[C@H](NC(=O)N(C)Cc1nccs1)C(=O)N[C@@H](Cc1ccccc1)[C@H](O)[C@H](O)[C@H](Cc1ccccc1)NC(=O)[C@H](NC(=O)N(C)Cc1nccs1)C(C)C,9.0
CC(C)[C@H](NC(=O)CN1CCOCC1)C(=O)N[C@@H](Cc1ccccc1)[C@@H](O)[C@@H](O)[C@H](Cc1ccccc1)NC(=O)[C@H](NC(=O)CN1CCOCC1)C(C)C,8.1249387366083
CCCCNC(=O)N(CC(C)C)CC(O)[C@H](Cc1ccccc1)NC(=O)[C@H](CC(N)=O)NC(=O)c1ccc2ccccc2n1,6.899009476930035
CC(C)(C)OC(=O)N[C@@H](Cc1ccccc1)[C@@H](O)C[C@@H](Cc1ccccc1)C(=O)N[C@@]1(C)c2ccccc2C[C@H]1O,6.669992299127241
C[C@@H](NC(=O)[C@H](Cc1ccccc1)C[C@H](O)[C@H](Cc1ccccc1)NC(=O)OC(C)(C)C)c1ccccc1,6.840011949618013
CC(C)[C@H](NC(=O)OCc1ccccn1)C(=O)N[C@@H](Cc1ccccc1)C(O)[C@H](Cc1ccccc1)NC(=O)[C@H](NC(=O)OCc1ccccn1)C(C)C,8.318758762624412
CC(C)[C@H](NC(=O)OCc1ccccn1)C(=O)N[C@@H](Cc1ccccc1)[C@@H](O)[C@H](O)[C@H](Cc1ccccc1)NC(=O)[C@H](NC(=O)OCc1ccccn1)C(C)C,9.0
CC(C)[C@H](NC(=O)N(C)Cc1nccs1)C(=O)N[C@@H](Cc1ccccc1)[C@@H](O)[C@H](O)[C@H](Cc1ccccc1)NC(=O)[C@H](NC(=O)N(C)Cc1nccs1)C(C)C,9.0
CC(C)[C@H](NC(=O)N(C)Cc1ccccn1)C(=O)N[C@@H](Cc1ccccc1)[C@H](O)[C@@H](O)[C@H](Cc1ccccc1)NC(=O)[C@H](NC(=O)N(C)Cc1csc(N)n1)C(C)C,9.0
CC(C)[C@@H](C(=O)N[C@H]1Cc2ccccc2[C@H]1O)[C@@H](O)[C@H](O)[C@H](CC1CCCCC1)NC(=O)c1ncccc1OCOc1ccccc1,6.268000501111618
CC(C)(C)OC(=O)NC(Cc1ccccc1)[C@@H](O)CC(Cc1ccc([N+](=O)[O-])cc1)C(=O)NC1c2ccccc2C[C@@H]1O,9.569924944448061
CC(C)(C)OC(=O)N[C@@H](Cc1ccccc1)[C@@H](O)C[C@@H](Cc1ccccc1)C(=O)NCc1ccccc1,6.9399824574684
CC(C)[C@H](NC(=O)N(C)CCc1ccccn1)C(=O)N[C@@H](Cc1ccccc1)[C@H](O)[C@H](O)[C@H](Cc1ccccc1)NC(=O)[C@H](NC(=O)N(C)CCc1ccccn1)C(C)C,7.508638306165727
CC(C)[C@H](NC(=O)OCc1ccncc1)C(=O)N[C@@H](Cc1ccccc1)[C@@H](O)[C@H](Cc1ccccc1)NC(=O)[C@H](NC(=O)OCc1ccccc1)C(C)C,8.154901959985743
CC(C)(C)NC(=O)N(Cc1ccncc1)CC(O)[C@H](Cc1ccccc1)NC(=O)[C@H](CC(N)=O)NC(=O)OCc1ccccc1,6.9779842601822795
CC(C)C[C@H](NC(=O)[C@H](Cc1ccccc1)C[C@H](O)[C@H](Cc1ccccc1)NC(=O)OC(C)(C)C)C(=O)N[C@@H](Cc1ccccc1)C(N)=O,9.221848749616356
Cc1cc(SC2=C(O)O[C@](CCc3ccc(N)cc3)(C(C)C)CC2=O)c(C(C)(C)C)cc1CO,9.0
CC(C)[C@H](NC(=O)c1ccc2ccccc2n1)C(=O)N[C@@H](Cc1ccccc1)C(O)[C@H](Cc1ccccc1)NC(=O)[C@H](NC(=O)c1ccc2ccccc2n1)C(C)C,8.795880017344075
CC(C)(C)OC(=O)N[C@@H](Cc1ccccc1)[C@@H](O)C[C@@H](Cc1ccccc1)C(=O)N[C@@H]1c2ccccc2CC[C@H]1O,9.160019442321657
CCNS(=O)(=O)Oc1cc(C(C)(C)C)c(SC2=C(O)OC(CCc3ccc(O)cc3)(C(C)C)CC2=O)cc1C,8.309803919971486
CC(C)[C@H](NC(=O)OCc1cccnc1)C(=O)N[C@@H](Cc1ccccc1)[C@H](O)[C@H](O)[C@H](Cc1ccccc1)NC(=O)[C@H](NC(=O)OCc1cccnc1)C(C)C,9.0
CC(C)[C@H](NC(=O)CCc1cccnc1)C(=O)N[C@@H](Cc1ccccc1)[C@@H](O)[C@@H](O)[C@H](Cc1ccccc1)NC(=O)[C@H](NC(=O)CCc1cccnc1)C(C)C,8.823908740944319
CC(C)(C)OC(=O)N[C@@H](Cc1ccccc1)[C@@H](O)C[C@H](C(=O)NC1c2ccccc2C[C@@H]1O)C(=O)c1ccccc1,8.270025714300445
CC(C)(C)OC(=O)N[C@@H](Cc1ccccc1)[C@@H](O)C[C@@H](Cc1ccccc1)C(=O)NC1Cc2ccccc2C1,6.890016705180107
CC(C)[C@H](NC(=O)N(C)Cc1ccccn1)C(=O)N[C@@H](Cc1ccccc1)C(O)[C@H](Cc1ccccc1)NC(=O)[C@H](NC(=O)N(C)Cc1ccccn1)C(C)C,7.366531544420414
CC(C)[C@H](NC(=O)N(C)Cc1cscn1)C(=O)N[C@@H](Cc1ccccc1)[C@H](O)[C@H](O)[C@H](Cc1ccccc1)NC(=O)[C@H](NC(=O)N(C)Cc1cscn1)C(C)C,9.0
CC(C)[C@H](NC(=O)CCN1CCOCC1)C(=O)N[C@@H](Cc1ccccc1)[C@@H](O)[C@@H](O)[C@H](Cc1ccccc1)NC(=O)[C@H](NC(=O)CCN1CCOCC1)C(C)C,7.638272163982407
CC(C)CN(CC(O)[C@H](Cc1ccccc1)NC(=O)[C@H](CC(N)=O)NC(=O)OCc1ccccc1)C(=O)NC(C)C,6.584993246046173
CC(C)(C)OC(=O)N[C@@H](Cc1ccccc1)[C@@H](O)C[C@@H](Cc1ccccc1)C(=O)N[C@H](CO)c1ccccc1,7.410050398674292
CC(C)CN(C[C@@H](O)[C@H](NC(=O)O[C@@H]1CCOC1)Sc1ccccc1)S(=O)(=O)c1ccc(N)cc1,5.853871964321762
CC(C)CCN(CC(O)[C@H](Cc1ccccc1)NC(=O)[C@H](CC(N)=O)NC(=O)OCc1ccccc1)C(=O)NC(C)(C)C,7.886056647693163
CC(C)[C@H](NC(=O)OCc1ccccc1)C(=O)N[C@@H](Cc1ccccc1)[C@H](O)[C@H](O)[C@H](Cc1ccccc1)NC(=O)[C@H](NC(=O)OCc1ccccc1)C(C)C,9.0
CC(C)(C)OC(=O)NC(Cc1ccccc1)[C@@H](O)CC(Cc1ccc(N)cc1)C(=O)NC1c2ccccc2C[C@@H]1O,9.510041520575164
C=CC[C@H](C[C@H](O)[C@H](Cc1ccccc1)NC(=O)OC(C)(C)C)C(=O)NC1c2ccccc2C[C@@H]1O,7.560036064079095
CC(C)CN(C[C@@H](O)[C@@H](NC(=O)O[C@@H]1CCOC1)Sc1ccccc1)S(=O)(=O)c1ccc(N)cc1,4.777283528852417
Cc1cc(SC2=C(O)OC(CCc3ccc(N)cc3)(C(C)C)CC2=O)c(C(C)(C)C)cc1OS(=O)(=O)N1CCN(C)CC1,9.0
CC(C)[C@H](NC(=O)OCc1cccnc1)C(=O)N[C@@H](Cc1ccccc1)[C@@H](O)[C@H](Cc1ccccc1)NC(=O)[C@H](NC(=O)OCc1ccccc1)C(C)C,8.397940008672037
CC(C)[C@H](NC(=O)N(C)CCc1ccccn1)C(=O)N[C@@H](Cc1ccccc1)[C@@H](O)[C@@H](O)[C@H](Cc1ccccc1)NC(=O)[C@H](NC(=O)N(C)CCc1ccccn1)C(C)C,7.657577319177793
CC(C)[C@H](NC(=O)N(C)Cc1cscn1)C(=O)N[C@@H](Cc1ccccc1)[C@@H](O)[C@H](O)[C@H](Cc1ccccc1)NC(=O)[C@H](NC(=O)N(C)Cc1cscn1)C(C)C,9.0
CC(C)[C@H](NC(=O)CCc1ccccn1)C(=O)N[C@@H](Cc1ccccc1)C(O)[C@H](Cc1ccccc1)NC(=O)[C@H](NC(=O)CCc1ccccn1)C(C)C,7.920818753952375
CC(C)CN(CC(O)[C@H](Cc1ccccc1)NC(=O)[C@H](CC(N)=O)NC(=O)c1ccc2ccccc2n1)C(=O)NC(C)(C)C,8.220981028085129
CC(C)[C@H](NC(=O)N(C)Cc1ccccn1)C(=O)N[C@@H](Cc1ccccc1)[C@H](O)[C@@H](O)[C@H](Cc1ccccc1)NC(=O)[C@H](NC(=O)N(C)Cc1cscn1)C(C)C,9.0
CC(C)[C@H](NC(=O)OCc1ccncc1)C(=O)N[C@@H](Cc1ccccc1)[C@@H](O)[C@@H](O)[C@H](Cc1ccccc1)NC(=O)[C@H](NC(=O)OCc1ccncc1)C(C)C,8.769551078621726
CC(C)C[C@@]1(C2=C(O)[C@](Cc3ccccc3)(C[C@H](O)[C@H](Cc3ccccc3)NC(=O)OC(C)(C)C)N=C2)N=CC([C@@H](Cc2ccccc2)C(N)=O)=C1O,8.0
CC(C)[C@@H](C(=O)N[C@H]1Cc2ccccc2[C@H]1O)[C@@H](O)[C@H](O)[C@H](CC1CCCCC1)NC(=O)c1ccccc1,7.444059562181489
CC(C)(C)OC(=O)N[C@@H](Cc1ccccc1)[C@@H](O)CC1(Cc2ccccc2)CCCN(C2c3ccccc3C[C@@H]2O)C1=O,5.899998417198648
O=S(=O)(c1ccccc1)c1c(C2=NCCCN2)[nH]c2ccc(Cl)cc12,5.640543979879014
O=C(O)c1cccc(OCCCc2c(O)oc3ccccc3c2=O)c1,5.154901959985743
COc1ccccc1CCCCc1c(O)oc2ccccc2c1=O,5.769551078621726
CN(C)CCOc1ccc(C[C@H](C[C@H](O)[C@H](Cc2ccccc2)NC(=O)OC(C)(C)C)C(=O)NC2c3ccccc3C[C@H]2O)cc1,9.0
CN1CCN(CCOc2ccc(C[C@H](C[C@H](O)[C@H](Cc3ccccc3)NC(=O)OC(C)(C)C)C(=O)NC3c4ccccc4C[C@H]3O)cc2)CC1,9.698970004336019
O=c1oc2ccccc2c(O)c1CCCCc1ccccc1,3.958607314841775
NC(=O)c1cccc(OCCCc2c(O)oc3ccccc3c2=O)c1,5.4089353929735005
O=c1oc2ccccc2c(O)c1CCOc1ccccc1,4.275724130399211
CC(C)(C)OC(=O)N[C@@H](Cc1ccccc1)[C@@H](O)C[C@@H](Cc1ccc(OCCN2CCSCC2)cc1)C(=O)NC1c2ccccc2C[C@H]1O,9.327902142064282
O=c1oc2ccccc2c(O)c1CCCN(c1ccccc1)c1ccc(F)cc1,5.259637310505756
O=S(=O)(c1ccccc1)c1c(C2=NCCN2)[nH]c2ccc(Cl)cc12,8.187086643357144
O=S(=O)(c1ccccc1)c1c(C2=N[C@H]3CCCC[C@@H]3N2)[nH]c2ccc(Cl)cc12,7.5376020021010435
Oc1nc2ccccc2c(O)c1CCCOc1ccccc1,3.6989700043360187
O=S(=O)(c1ccccc1)c1c(-c2ncc[nH]2)[nH]c2ccc(Cl)cc12,8.455931955649724
COc1ccccc1CCCCc1c(O)oc2cc(OCc3ccccc3)ccc2c1=O,4.0
COc1ccc2c(O)c(CCCCc3ccccc3OC)c(=O)oc2c1,5.481486060122113
COCCN(CCOC)CCOc1ccc(C[C@H](C[C@H](O)[C@H](Cc2ccccc2)NC(=O)OC(C)(C)C)C(=O)NC2c3ccccc3C[C@H]2O)cc1,9.045757490560675
CCc1nc(-c2[nH]c3ccc(Cl)cc3c2S(=O)(=O)c2ccccc2)[nH]c1CC,8.0
CC(C)(C)OC(=O)N[C@@H](Cc1ccccc1)[C@@H](O)C[C@@H](Cc1ccc(OCc2ccccc2)cc1)C(=O)NC1c2ccccc2C[C@H]1O,9.744727494896694
CC1(C)CN=C(c2[nH]c3ccc(Cl)cc3c2S(=O)(=O)c2ccccc2)N1,7.301029995663981
N#Cc1cccc(OCCCc2c(O)c3ccccc3oc2=O)c1,6.173925197299173
COc1ccc(CCCCc2c(O)oc3ccccc3c2=O)cc1,4.0
COC(=O)[C@H](Cc1ccccc1)NC(=O)CCc1ccccc1,2.5228787452803374
CCCc1[nH]c(-c2[nH]c3ccc(Cl)cc3c2S(=O)(=O)c2ccccc2)nc1C,8.0268721464003
O=S(=O)(c1ccccc1)c1c(C2=NCCS2)[nH]c2ccc(Cl)cc12,7.779891911959945
O=c1oc2ccccc2c(O)c1CCCOc1ccccc1,5.638272163982407
O=c1c(CCCO)c(O)oc2ccccc12,4.0655015487564325
CC(C)(C)OC(=O)N[C@@H](Cc1ccccc1)[C@@H](O)C[C@@H](Cc1ccc(O)cc1)C(=O)N[C@H]1c2ccccc2C[C@H]1O,9.795880017344075
N[S+]([O-])(CCc1ccccc1)=NCC(=O)OCc1ccccc1,2.3010299956639813
O=c1oc2ccccc2c(O)c1SCCOc1ccccc1,4.619788758288394
CC(C)(C)OC(=O)N[C@@H](Cc1ccccc1)[C@@H](O)C[C@@H](Cc1ccc(OCCCN2CCOCC2)cc1)C(=O)NC1c2ccccc2C[C@H]1O,8.698970004336019
O=S(=O)(c1ccccc1)c1c(-n2ccnc2)[nH]c2ccc(Cl)cc12,5.622511616623867
CC(=O)N[C@H]1CCCC[C@@H]1NC(=O)[C@H](Cc1ccccc1)CC(O)C[C@@H](Cc1ccccc1)C(=O)N[C@H]1CCCC[C@@H]1NC(C)=O,5.522878745280337
CC(C)(C)OC(=O)N[C@@H](Cc1ccccc1)[C@@H](O)C[C@@H](Cc1ccc(OCC[N+]2([O-])CCOCC2)cc1)C(=O)NC1c2ccccc2C[C@H]1O,9.698970004336019
CC(C)(C)OC(=O)N[C@@H](Cc1ccc(O)cc1)[C@@H](O)C[C@@H](Cc1ccc(O)cc1)C(=O)NC1c2ccccc2C[C@H]1O,9.823908740944319
O=C(N[C@H]1CCCC[C@@H]1NC(=O)[C@H](Cc1ccccc1)CC(O)C[C@@H](Cc1ccccc1)C(=O)N[C@H]1CCCC[C@@H]1NC(=O)c1ccncc1)c1ccncc1,6.455931955649724
O=c1oc2ccccc2c(O)c1CCCOCc1ccccc1,4.42021640338319
CC(C)(C)OC(=O)N[C@@H](Cc1ccc(OCCN2CCOCC2)cc1)[C@@H](O)C[C@@H](Cc1ccccc1)C(=O)NC1c2ccccc2C[C@H]1O,9.259637310505756
CC(C)(C)OC(=O)N[C@@H](Cc1ccc(O)cc1)[C@@H](O)C[C@@H](Cc1ccccc1)C(=O)NC1c2ccccc2C[C@H]1O,9.455931955649724
CC(C)(C)OC(=O)N[C@@H](Cc1ccccc1)[C@@H](O)CC(Cc1ccc(OCC(=O)O)cc1)C(=O)NC1c2ccccc2C[C@H]1O,10.397940008672037
O=c1oc2ccccc2c(O)c1CCCOc1cccc([N+](=O)[O-])c1,5.3979400086720375
CC(C)(C)OC(=O)N[C@@H](Cc1ccccc1)[C@@H](O)C[C@@H](Cc1ccc(OCCN2CCS(=O)(=O)CC2)cc1)C(=O)NC1c2ccccc2C[C@H]1O,10.096910013008056
CC(C)(C)OC(=O)N[C@@H](Cc1ccccc1)[C@@H](O)C[C@@H](Cc1ccc(OCC(=O)N2CCOCC2)cc1)C(=O)NC1c2ccccc2C[C@H]1O,9.698970004336019
O=c1oc2ccccc2c(O)c1CCOCc1ccccc1,5.3979400086720375
COc1ccccc1OCCCc1c(O)oc2ccccc2c1=O,4.356547323513812
CC(C)(C)OC(=O)N[C@@H](Cc1ccccc1)[C@@H](O)C[C@@H](Cc1ccccc1)C(=O)N[C@H]1c2ccccc2C[C@H]1O,9.455931955649724
O=C(CCc1c(O)c2ccccc2oc1=O)c1ccccc1,4.045757490560675
CC(C)(C)OC(=O)N[C@@H](Cc1ccc(OCCN2CCOCC2)cc1)[C@@H](O)C[C@@H](Cc1ccc(OCCN2CCOCC2)cc1)C(=O)NC1c2ccccc2C[C@H]1O,8.721246399047171
Cc1nc(-c2[nH]c3ccc(Cl)cc3c2S(=O)(=O)c2ccccc2)[nH]c1C,8.292429823902063
O=c1c(CC/C(=N/O)c2ccccc2)c(O)oc2ccccc12,4.1487416512809245
Nc1cccc(OCCCc2c(O)oc3ccccc3c2=O)c1,5.1938200260161125
O=C(N[C@H]1CCCC[C@@H]1NC(=O)[C@H](Cc1ccccc1)CC(O)C[C@@H](Cc1ccccc1)C(=O)N[C@H]1CCCC[C@@H]1NC(=O)c1cc2ccccc2cn1)c1cc2ccccc2cn1,7.346787486224656
O=C(N[C@H]1CCCC[C@@H]1NC(=O)[C@H](Cc1ccccc1)CC(O)C[C@@H](Cc1ccccc1)C(=O)N[C@H]1CCCC[C@@H]1NC(=O)c1ccccn1)c1ccccn1,6.3979400086720375
O=S(=O)(c1ccccc1)c1c(-c2nc3c([nH]2)CCCC3)[nH]c2ccc(Cl)cc12,8.09151498112135
O=c1c(CCCOc2cccc(CO)c2)c(O)oc2ccccc12,5.638272163982407
O=c1oc2ccccc2c(O)c1CCCOc1cccc(Cl)c1,5.853871964321762
O=c1oc2ccccc2c(O)c1CCCOC1CCCCC1,4.494850021680094
O=C(CCc1ccccc1)NCC(=O)OCc1ccccc1,2.5228787452803374
O=C(N[C@H]1CCCC[C@@H]1NC(=O)[C@H](Cc1ccccc1)CC(O)C[C@@H](Cc1ccccc1)C(=O)N[C@H]1CCCC[C@@H]1NC(=O)c1cccnc1)c1cccnc1,6.221848749616356
COc1ccccc1CCCCc1c(O)oc2cc(O)ccc2c1=O,6.2839966563652006
O=c1oc2ccccc2c(O)c1CCCCOc1ccccc1,4.0
CC(C)(C)OC(=O)N[C@@H](Cc1ccccc1)[C@@H](O)C[C@@H](Cc1ccc(OCCO)cc1)C(=O)NC1c2ccccc2C[C@H]1O,10.045757490560675
Nc1nc(-c2[nH]c3ccc(Cl)cc3c2S(=O)(=O)c2ccccc2)cs1,7.698970004336019
O=c1oc2ccccc2c(O)c1CCCSc1ccccc1,4.585026652029182
Cc1cnc(-c2[nH]c3ccc(Cl)cc3c2S(=O)(=O)c2ccccc2)[nH]1,8.327902142064282
CC(C)(C)OC(=O)N[C@@H](Cc1ccccc1)[C@@H](O)C[C@@H](Cc1ccc(OCCN2CC[S+]([O-])CC2)cc1)C(=O)NC1c2ccccc2C[C@H]1O,10.154901959985743
CC(C)(C)OC(=O)N[C@H]1CCCC[C@@H]1NC(=O)[C@H](Cc1ccccc1)CC(O)C[C@@H](Cc1ccccc1)C(=O)N[C@H]1CCCC[C@@H]1NC(=O)OC(C)(C)C,5.0
CCOC(=O)c1cccc(OCCCc2c(O)oc3ccccc3c2=O)c1,5.853871964321762
O=C(N[C@H]1CCCC[C@@H]1NC(=O)[C@H](Cc1ccccc1)CC(O)C[C@@H](Cc1ccccc1)C(=O)N[C@H]1CCCC[C@@H]1NC(=O)c1ccc2ccccc2n1)c1ccc2ccccc2n1,7.3979400086720375
O=c1oc2ccccc2c(O)c1CCCN(Cc1ccccc1)c1ccccc1,4.886056647693163
COC(=O)[C@H](Cc1ccccc1)N=[S+](N)([O-])CCc1ccccc1,3.0
COC(=O)[C@H](Cc1ccccc1)N=[S+](N)([O-])CCc1ccccc1,2.3010299956639813
CC(C)(C)OC(=O)N[C@@H](Cc1ccccc1)[C@@H](O)C[C@@H](Cc1ccc(OCCN2CCCCC2)cc1)C(=O)NC1c2ccccc2C[C@H]1O,8.795880017344075
CC(C)(C)OC(=O)N[C@@H](Cc1ccccc1)[C@@H](O)C[C@@H](Cc1ccc(OCCN2CCCC2)cc1)C(=O)NC1c2ccccc2C[C@H]1O,8.744727494896694
CC(C)(C)OC(=O)N[C@@H](Cc1ccccc1)[C@@H](O)C[C@@H](Cc1ccc(OCCN2CCOCC2)cc1)C(=O)N[C@H]1c2ccccc2C[C@H]1O,9.346787486224656
CC[C@H](C)[C@H](NC(=O)[C@@H](C(C)C)C(O)C(O)[C@H](CC1CCCCC1)NC(=O)[C@H](Cc1c[nH]cn1)NC(=O)COc1ccccc1)C(=O)NCc1ccccn1,8.346980548900387
CC[C@H](C)CNC(=O)[C@@H](C(C)C)C(O)C(O)[C@H](Cc1c[nH]cn1)NC(=O)COc1ccccc1,6.091997798827446
CC[C@H](C)[C@H](NC(=O)[C@@H]1CCCN1C[C@@H](O)[C@H](Cc1ccccc1)NC(=O)[C@H](CC(N)=O)NC(=O)OCc1ccccc1)C(=O)N[C@H](C(=O)OC)C(C)C,7.886056647693163
CSCC(NC(=O)c1ccc2ccccc2n1)C(=O)N[C@@H](Cc1ccccc1)[C@@H](O)CN1CCCCC1C(=O)NC(C)(C)C,7.921180816901152
CC[C@H](C)[C@H](NC(=O)[C@H](CC(C)C)C(O)C(O)[C@H](CC(C)C)NC(=O)[C@H](Cc1c[nH]cn1)NC(=O)COc1cccc2ccccc12)C(=O)NCc1ccccn1,7.802995271976954
CC[C@H](C)[C@H](NC(=O)[C@H](C(C)C)C(O)(S)C(O)[C@H](CC(C)C)NC(=O)[C@H](Cc1c[nH]cn1)NC(=O)[C@H](Cc1ccccc1)NC(=O)OC(C)(C)C)C(=O)NCc1ccccn1,5.949001920826616
CC[C@H](C)[C@H](N)C(=O)N[C@@H](CCC(N)=O)C(=O)N[C@@H](CC(C)C)[C@@H](O)CC(=O)N[C@@H](CC(N)=O)C(=O)N[C@@H](Cc1ccccc1)C(=O)N[C@@H](CO)C(=O)O,4.9210001097592295
CC(C)(C)NC(=O)[C@@H]1CCCN1C(=O)[C@@H](O)[C@H](Cc1ccccc1)NC(=O)[C@H](CC(N)=O)NC(=O)OCc1ccccc1,8.131003097512865
CC(C)(C)OC(=O)[C@@H]1CCCN1C[C@@H](O)[C@H](Cc1ccccc1)NC(=O)[C@H](CC(N)=O)NC(=O)OCc1ccccc1,6.522994572586506
CC(C)(C)NC(=O)[C@@H]1CCCN1C(=O)[C@@H](O)[C@H](Cc1ccccc1)NC(=O)[C@H](CC(N)=O)NC(=O)COc1ccc2ccccc2c1,8.886056647693163
CC(C)(C)N(C[C@@H](O)[C@H](Cc1ccccc1)NC(=O)[C@H](CC(N)=O)NC(=O)c1ccc2ccccc2n1)C(=O)NCC1CCCCC1,8.301029995663981
CC(C)(C)OC(=O)[C@@H]1CCCN1CC(O)[C@H](Cc1ccccc1)NC(=O)[C@H](CC(N)=O)NC(=O)OCc1ccccc1,6.853996066189131
CC[C@H](C)[C@H](NC(=O)[C@@H]1CCCN1C[C@@H](O)[C@H](Cc1ccccc1)NC(=O)[C@H](CC(N)=O)NC(=O)OCc1ccccc1)C(=O)N[C@@H](Cc1ccccc1)C(=O)OC,8.398048595866479
CC(C)(C)NC(=O)c1ccccc1C[C@@H](O)[C@H](Cc1ccccc1)NC(=O)c1cccc(C(=O)N2CCc3ccccc3C2)c1,7.301029995663981
CC[C@H](C)[C@H](NC(=O)[C@@H](C(C)C)C(O)C(O)[C@H](CC(C)C)NC(=O)[C@H](Cc1c[nH]cn1)NC(=O)COc1cccc2ccccc12)C(=O)NCc1ccccn1,7.950007143079858
CCN(C[C@@H](O)[C@H](Cc1ccccc1)NC(=O)[C@H](CC(N)=O)NC(=O)OCc1ccccc1)C(=O)NCC(C)C,6.480999396660359
CC(C)(C)NC(=O)c1ccccc1C[C@@H](O)[C@H](Cc1ccccc1)NC(=O)[C@H](CC(N)=O)NC(=O)c1ccc2ccccc2n1,8.823908740944319
CC(C)CNC(=O)N(C[C@@H](O)[C@H](Cc1ccccc1)NC(=O)[C@H](CC(N)=O)NC(=O)OCc1ccccc1)C(C)C,6.584993246046173
CC(C)(C)OC(=O)N[C@@H](Cc1ccccc1)[C@@H](O)C[C@@H](Cc1ccccc1)C(=O)N[C@H]1c2ccccc2C[C@H]1O,9.522878745280337
CC(C)(C)NC(=O)C1CCCCN1C[C@H](O)[C@H](Cc1ccccc1)NC(=O)C(CC(N)=O)NC(=O)c1ccc2ccccc2n1,8.698970004336019
CC[C@H](C)[C@H](NC(=O)[C@@H](C(C)C)C(O)C(O)[C@H](CC1CCCCC1)NC(=O)[C@H](Cc1c[nH]cn1)NC(=O)COc1cccc2ccccc12)C(=O)NCc1ccccn1,8.744968836654449
CC(C)CCNC(=O)N(C[C@@H](O)[C@H](Cc1ccccc1)NC(=O)[C@H](CC(N)=O)NC(=O)c1ccc2ccccc2n1)C(C)(C)C,8.523023534240473
CC(C)(C)OC(=O)N[C@@H](Cc1ccccc1)C(O)C[C@@H](Cc1ccccc1)C(=O)N[C@H]1c2ccccc2C[C@H]1O,6.598996020100517
COC(=O)[C@@H](NC(=O)[C@H](CC(C)C)NC(=O)[C@@H]1CCCN1C[C@@H](O)[C@H](Cc1ccccc1)NC(=O)[C@H](CC(N)=O)NC(=O)[C@H](CC(C)C)NC(=O)[C@H](CO)NC(C)=O)C(C)C,8.469032318428084
CC(C)C[C@@]1(C2=C(O)[C@](Cc3ccccc3)(C[C@H](O)[C@@H](CC(=O)OC(C)(C)C)Cc3ccccc3)N=C2)N=CC([C@@H](Cc2ccccc2)C(N)=O)=C1O,8.0
COC(=O)[C@@H](NC(=O)[C@H](CC(C)C)NC(=O)[C@@H]1CCCN1C[C@H](O)[C@H](Cc1ccccc1)NC(=O)[C@H](CC(N)=O)NC(=O)OC(C)(C)C)C(C)C,6.071000242946834
CC(C)(C)NC(=O)[C@@H]1CN(Cc2cccnc2)CCN1C[C@@H](O)C[C@@H](Cc1ccccc1)C(=O)N[C@H]1c2ccccc2C[C@H]1O.O,9.443697499232712
CC(C)(C)NC(=O)[C@@H]1CCCN1C[C@H](O)[C@H](Cc1ccccc1)NC(=O)[C@H](CC(N)=O)NC(=O)OCc1ccccc1,6.678008252452735
CC[C@H](C)[C@H](NC(=O)[C@@H](C(C)C)C(O)C(O)[C@H](Cc1c[nH]cn1)NC(=O)COc1ccccc1)C(=O)NCc1ccccn1,7.950007143079858
C[C@@H](NC(=O)N(C[C@@H](O)[C@H](Cc1ccccc1)NC(=O)[C@H](CC(N)=O)NC(=O)OCc1ccccc1)C(C)(C)C)c1ccccc1,5.186999793145495
O=C(N[C@@H](Cc1ccccc1)[C@@H](O)C[C@]1(Cc2ccccc2)N=CC(C2CNC(=O)c3ccccc32)=C1O)O[C@H]1CCOC1,8.244125144327509
CC(C)[C@H](NC(=O)COc1cccc2ccccc12)C(=O)N[C@@H](Cc1ccccc1)[C@H](O)C(=O)N1CCC[C@H]1C(=O)NC(C)(C)C,8.721017883134557
C[C@H](NC(=O)N(C[C@@H](O)[C@H](Cc1ccccc1)NC(=O)[C@H](CC(N)=O)NC(=O)OCc1ccccc1)C(C)(C)C)c1ccccc1,5.29299989005351
CC[C@H](C)[C@H](NC(=O)[C@@H](CC1CCCCC1)C(O)C(O)[C@H](CC1CCCCC1)NC(=O)[C@H](Cc1c[nH]cn1)NC(=O)COc1cccc2ccccc12)C(=O)NCc1ccccn1,7.232992636050196
CC(C)(C)N(C[C@@H](O)[C@H](Cc1ccccc1)NC(=O)[C@H](CC(N)=O)NC(=O)OCc1ccccc1)C(=O)NCC1CCCCC1,7.537003387971944
CC(=O)N[C@@H](CO)C(=O)N[C@@H](CC(C)C)C(=O)N[C@@H](CC(N)=O)C(=O)N[C@@H](Cc1ccccc1)[C@H](O)CN1CCC[C@H]1C(=O)OC(C)(C)C,7.853871964321762
CC(C)C[C@@]1(C2=C(O)[C@](Cc3ccccc3)(C[C@H](O)[C@@H](CC(=O)OC3CCOC3)Cc3ccccc3)N=C2)N=CC([C@@H](Cc2ccccc2)C(N)=O)=C1O,8.886056647693163
Cc1ccc(C(=O)N[C@@H](Cc2ccccc2)[C@H](O)Cc2ccccc2C(=O)NC(C)(C)C)cc1C(=O)N1CCc2ccccc2C1,6.173925197299173
Cc1ccc(C(=O)N2CCc3ccccc3C2)cc1C(=O)N[C@@H](Cc1ccccc1)[C@H](O)CN1C[C@H]2CCCC[C@H]2C[C@H]1C(=O)NC(C)(C)C,7.860120913598763
CCC(C)(NC(=O)[C@@H](NC(=O)[C@@H](NC(=O)C[C@H](O)[C@H](CC(C)C)NC(=O)[C@H](C)NC(=O)C[C@H](O)[C@@H](N)CC(C)C)C(C)C)C(C)C)C(=O)O,4.9210001097592295
CC(C)(C)NC(=O)[C@@H]1C[C@@H]2CCCC[C@@H]2CN1C(=O)[C@@H](O)[C@H](Cc1ccccc1)NC(=O)[C@H](CC(N)=O)NC(=O)OCc1ccccc1,7.075979299525932
Cc1cc(C(=O)N[C@@H](Cc2ccccc2)[C@H](O)Cc2ccccc2C(=O)NC(C)(C)C)cc(C(=O)N2CCc3ccccc3C2)c1,6.301029995663981
Cc1ccc(C(=O)N(C)Cc2ccccn2)cc1C(=O)N[C@@H](Cc1ccccc1)[C@H](O)CN1C[C@H]2CCCC[C@H]2C[C@H]1C(=O)NC(C)(C)C,8.065501548756432
CCC[C@]1(CCc2ccccc2)OC(=O)C([C@H](CC)c2cccc(NS(=O)(=O)c3ccc(C(F)(F)F)cn3)c2)=C(O)O1,7.301029995663981
CC[C@H](C)[C@H](NC(=O)[C@@H](Cc1ccccc1)[C@@H](O)[C@H](O)[C@H](Cc1ccccc1)NC(=O)[C@H](Cc1c[nH]cn1)NC(=O)COc1cccc2ccccc12)C(=O)NCc1ccccn1,7.568958054664114
CC(C)CNC(=O)N(C[C@@H](O)[C@H](Cc1ccccc1)NC(=O)[C@H](CC(N)=O)NC(=O)c1ccc2ccccc2n1)C(C)(C)C,8.220981028085129
CC(C)(C)NC(=O)[C@@H]1CCCCN1C[C@@H](O)[C@H](Cc1ccccc1)NC(=O)[C@H](CC(N)=O)NC(=O)OCc1ccccc1,7.744968836654449
CC[C@H](C)[C@H](NC(=O)[C@@H](C(C)C)C(O)C(O)[C@H](CC1CCCCC1)NC(=O)CC1CCCCC1)C(=O)NCc1ccccn1,7.3049563411787055
CC[C@H](C)[C@H](NC(=O)[C@@H]1CCCN1CC(O)[C@H](Cc1ccccc1)NC(=O)[C@H](CC(N)=O)NC(=O)OCc1ccccc1)C(=O)N[C@H](C(=O)OC)C(C)C,6.499996931948306
CC(C)(C)OC(=O)N[C@@H](Cc1ccccc1)[C@@H](O)C[C@]1(Cc2ccccc2)N=CC(C2c3ccccc3C[C@H]2O)=C1O,7.924453038607469
CCCC1(CCc2ccccc2)OC(=O)C(C(CC)c2cccc(NS(=O)(=O)c3ccc(C(F)(F)F)cn3)c2)=C(O)O1,8.0
CC[C@H](C)[C@H](NC(=O)[C@@H](C(C)C)C(O)C(O)[C@H](CC(C)C)NC(=O)[C@H](Cc1c[nH]cn1)NC(=O)[C@H](Cc1ccccc1)NC(=O)OC(C)(C)C)C(=O)NCc1ccccn1,7.201004265556119
CC[C@H](C)[C@H](NC(=O)[C@@H](C(C)C)C(O)C(O)[C@H](CC1CCCCC1)NC(=O)[C@H](Cc1c[nH]cn1)NC(=O)CN)C(=O)NCc1ccccn1,7.606073993414163
O=C(N[C@@H](Cc1ccccc1)[C@@H](O)C[C@]1(Cc2ccccc2)N=CC(C2c3ccccc3C[C@H]2O)=C1O)O[C@H]1CCOC1,8.698970004336019
O=C(N[C@@H](Cc1ccccc1)[C@@H](O)C[C@]1(Cc2ccccc2)N=CC(C2c3ccccc3C[C@H]2O)=C1O)O[C@H]1CCOC1,6.889410289700751
CC(C)(C)OC(=O)[C@@H]1CCCN1C[C@H](O)[C@H](Cc1ccccc1)NC(=O)OCc1ccccc1,5.186999793145495
CCCC1(CCc2ccccc2)OC(=O)C(C(CC)c2cccc(NS(=O)(=O)c3ccccn3)c2)=C(O)O1,7.886056647693163
CCCC1(CCc2ccccc2)OC(=O)C(C(CC)c2cccc(NS(=O)(=O)c3ccc([N+](=O)[O-])cn3)c2)=C(O)O1,7.187086643357144
CC(C)[C@H](NC(=O)OCc1ccccc1)C(=O)N[C@@H](Cc1ccccc1)[C@H](O)C(=O)N1CCC[C@H]1C(=O)NC(C)(C)C,8.367036831832738
CC(C)C[C@H](NC(=O)[C@H](Cc1ccccc1)C[C@H](O)[C@@H](CC(=O)OC(C)(C)C)Cc1ccccc1)C(=O)N[C@@H](Cc1ccccc1)C(N)=O,9.221848749616356
CCCC1(CCc2ccccc2)OC(=O)C(C(CC)c2cccc(NS(=O)(=O)c3ccc(C#N)cc3)c2)=C(O)O1,7.823908740944319
CC(C)(C)NC(=O)[C@@H]1CCCCN1C(=O)[C@@H](O)[C@H](Cc1ccccc1)NC(=O)[C@H](CC(N)=O)NC(=O)OCc1ccccc1,7.585026652029182
CC(C)(C)NC(=O)[C@@H]1CCCN1C(=O)[C@H](O)[C@H](Cc1ccccc1)NC(=O)[C@H](CC(N)=O)NC(=O)OCc1ccccc1,5.508999901741964
CC(C)(C)N(C[C@@H](O)[C@H](Cc1ccccc1)NC(=O)[C@H](CC(N)=O)NC(=O)OCc1ccccc1)C(=O)NCc1ccccc1,7.721017883134556
O=C(N[C@@H](Cc1ccccc1)[C@@H](O)C[C@@H](Cc1ccccc1)C(=O)N[C@H]1c2ccccc2C[C@H]1O)OC1CCOC1,10.522878745280337
Cc1c(C(=O)N[C@@H](Cc2ccccc2)[C@H](O)Cc2ccccc2C(=O)NC(C)(C)C)cccc1C(=O)N1CCc2ccccc2C1,6.0
CCCC1(CCc2ccccc2)OC(=O)C(C(CC)c2cccc(NS(=O)(=O)c3ccc(C#N)cn3)c2)=C(O)O1,8.522878745280337
CCCC1(CCc2ccccc2)OC(=O)C(C(CC)c2cccc(NS(=O)(=O)c3ccc(N)cn3)c2)=C(O)O1,7.886056647693163
CC(C)(C)NC(=O)C1CCCCN1C[C@H](O)[C@H](Cc1ccccc1)NC(=O)C(CC#N)NC(=O)OCc1ccccc1,7.638083381331357
CC(C)(C)NC(=O)[C@@H]1CCCN1C(=O)C(=O)[C@H](Cc1ccccc1)NC(=O)[C@H](CC(N)=O)NC(=O)OCc1ccccc1,7.698970004336019
CC[C@@H](C)[C@H](NC(=O)[C@@H](CC(C)C)C(O)C(O)[C@H](CC(C)C)NC(=O)C(Cc1c[nH]cn1)NC(=O)COc1cccc2ccccc12)C(=O)NCc1ccccn1,6.305000167252905
CCCCN(C[C@@H](O)[C@H](Cc1ccccc1)NC(=O)[C@H](CC(N)=O)NC(=O)OCc1ccccc1)C(=O)NCC(C)C,6.025999813961353
CC(C)(C)NC(=O)[C@@H]1C[C@@H]2CCCC[C@@H]2CN1C(=O)[C@@H](O)[C@H](Cc1ccccc1)NC(=O)[C@H](CC(N)=O)NC(=O)c1ccc2ccccc2n1,7.568958054664114
CCCCN(C[C@@H](O)[C@H](Cc1ccccc1)NC(=O)[C@H](CC(N)=O)NC(=O)c1ccc2ccccc2n1)C(=O)NCC(C)C,6.899009476930035
CC(C)(C)N(C[C@@H](O)[C@H](Cc1ccccc1)NC(=O)[C@H](CC(N)=O)NC(=O)c1ccc2ccccc2n1)C(=O)NCc1ccccc1,8.523023534240473
CC(C)(C)NC(=O)[C@@H]1CCCN1C(=O)[C@@H](O)[C@H](Cc1ccccc1)NC(=O)[C@H](CC(N)=O)NC(=O)c1ccc2ccccc2n1,8.95900230757651
CC[C@H](C)[C@H](NC(=O)[C@@H](CC(C)C)C(O)C(O)[C@H](CC1CCCCC1)NC(=O)[C@H](Cc1c[nH]cn1)NC(=O)COc1cccc2ccccc12)C(=O)NCc1ccccn1,7.950007143079858
CCCN(C[C@@H](O)[C@H](Cc1ccccc1)NC(=O)[C@H](CC(N)=O)NC(=O)OCc1ccccc1)C(=O)NCC(C)C,6.285000032587957
COC(=O)[C@@H](NC(=O)[C@H](CC(C)C)NC(=O)[C@@H]1CCCN1C[C@H](O)[C@H](Cc1ccccc1)NC(=O)[C@H](CC(N)=O)NC(=O)[C@H](CC(C)C)NC(=O)[C@H](CO)NC(C)=O)C(C)C,7.18701983396052
CC(=O)N[C@@H](CO)C(=O)N[C@@H](CC(C)C)C(=O)N[C@@H](CC(N)=O)C(=O)N[C@@H](Cc1ccccc1)[C@@H](O)CN1CCC[C@H]1C(=O)OC(C)(C)C,7.853871964321762
CC[C@H](C)[C@H](NC(=O)[C@@H](C(C)C)C(O)C(O)[C@H](CC1CCCCC1)NC(=O)[C@H](Cc1c[nH]cn1)NC(=O)CO)C(=O)NCc1ccccn1,8.04599883231843
CC(C)CNC(=O)N(C[C@@H](O)[C@H](Cc1ccccc1)NC(=O)[C@H](CC(N)=O)NC(=O)OCc1ccccc1)C(C)(C)C,7.4560560575170935
CC(C)(C)N(C[C@@H](O)[C@H](Cc1ccccc1)NC(=O)[C@H](CC(N)=O)NC(=O)c1ccc2ccccc2n1)C(=O)NCc1ccncc1,7.721017883134556
Cc1ccc(C(=O)N2CCc3ccccc3C2)cc1C(=O)N[C@@H](Cc1ccccc1)[C@H](O)Cc1ccccc1C(=O)NC(C)(C)C,8.214670164989233
CC(C)(C)OC(=O)N[C@@H](CC(N)=O)C(=O)N[C@@H](Cc1ccccc1)C(O)C[C@@H](Cc1ccccc1)C(=O)N[C@H]1c2ccccc2C[C@H]1O,6.530001357781253
CC[C@H](C)[C@H](NC(=O)[C@@H](NC(=O)[C@@H](N)CCC(N)=O)C(C)C)C(=O)N[C@@H](CC(C)C)[C@@H](O)CC(=O)N[C@@H](CCC(N)=O)C(=O)N[C@@H](CO)C(=O)O,5.0970001384638906
CC(C)(C)N(C[C@@H](O)[C@H](Cc1ccccc1)NC(=O)[C@H](CC(N)=O)NC(=O)OCc1ccccc1)C(=O)NCc1ccncc1,6.9779842601822795
CC(C)(C)NC(=O)[C@@H]1CCCN1C(=O)C(=O)[C@H](Cc1ccccc1)NC(=O)OCc1ccccc1,6.2220007792917675
CC(C)(C)OC(=O)[C@@H]1CCCN1C[C@H](O)[C@H](Cc1ccccc1)NC(=O)[C@H](CC(N)=O)NC(=O)c1ccc2ccccc2n1,7.638083381331357
CC(C)CNC(=O)N(C)C[C@@H](O)[C@H](Cc1ccccc1)NC(=O)[C@H](CC(N)=O)NC(=O)OCc1ccccc1,5.824001400317809
CC(C)CCNC(=O)N(C[C@@H](O)[C@H](Cc1ccccc1)NC(=O)[C@H](CC(N)=O)NC(=O)OCc1ccccc1)C(C)(C)C,7.886056647693163
CC(C)(C)NC(=O)[C@@H]1C[C@@H]2CCCC[C@@H]2CN1C[C@@H](O)[C@H](Cc1ccccc1)NC(=O)[C@H](CC(N)=O)NC(=O)c1ccc2ccccc2n1,9.398048595866479
CC(C)(C)NC(=O)[C@@H]1CCCCN1C[C@@H](O)[C@H](Cc1ccccc1)NC(=O)[C@H](CC(N)=O)NC(=O)c1ccc2ccccc2n1,6.328003797349959
COC(=O)[C@@H](NC(=O)[C@H](CC(C)C)NC(=O)[C@@H]1CCCN1C[C@@H](O)[C@H](Cc1ccccc1)NC(=O)[C@H](CC(N)=O)NC(=O)OC(C)(C)C)C(C)C,7.795880017344075
CC[C@H](C)[C@H](NC(=O)[C@@H]1CCCN1CC(O)[C@H](Cc1ccccc1)NC(=O)[C@H](CC(N)=O)NC(=O)c1ccc2ccccc2n1)C(=O)N[C@@H](Cc1ccccc1)C(=O)OC,8.638083381331356
CC[C@H](C)[C@H](NC(=O)[C@@H]1CCCN1C(=O)[C@H](O)[C@H](Cc1ccccc1)NC(=O)[C@H](CC(N)=O)NC(=O)OCc1ccccc1)C(=O)N[C@H](C(=O)OC)C(C)C,7.6020599913279625
CC(C)(C)NC(=O)[C@@H]1C[C@@H]2CCCC[C@@H]2CN1C[C@@H](O)[C@H](Cc1ccccc1)NC(=O)[C@H](CC(N)=O)NC(=O)c1ccc2ccccc2n1,8.769551078621726
CC[C@H](C)CNC(=O)[C@@H](C(C)C)C(O)C(O)[C@H](CC(C)C)NC(=O)[C@H](Cc1c[nH]cn1)NC(=O)[C@H](Cc1ccccc1)NC(=O)OC(C)(C)C,6.091997798827446
CC(C)(C)NC(=O)[C@@H]1C[C@@H]2CCCC[C@@H]2CN1C[C@@H](O)[C@H](Cc1ccccc1)NC(=O)[C@H](CC(N)=O)NC(=O)OCc1ccccc1,6.499996931948306
CC[C@H](C)[C@H](NC(=O)[C@@H]1C[C@@H]2CCCC[C@@H]2CN1C[C@@H](O)[C@H](Cc1ccccc1)NC(=O)[C@H](CC(N)=O)NC(=O)OCc1ccccc1)C(=O)N[C@H](C(=O)OC)C(C)C,6.499996931948306
CC(C)(C)NC(=O)[C@@H]1CCCN1C(=O)[C@@H](O)[C@H](Cc1ccccc1)NC(=O)[C@H](CC(N)=O)NC(=O)COc1cccc2ccccc12,9.237021509132257
NC(=O)O[C@@H]1Cc2ccccc2C1C1=C(O)[C@](Cc2ccccc2)(C[C@H](O)[C@H](Cc2ccccc2)NC(=O)O[C@H]2CCOC2)N=C1,8.698970004336019
NC(=O)O[C@@H]1Cc2ccccc2C1C1=C(O)[C@](Cc2ccccc2)(C[C@H](O)[C@H](Cc2ccccc2)NC(=O)O[C@H]2CCOC2)N=C1,6.540607512240769
CC(C)(C)NC(=O)[C@@H]1C[C@@H]2CCCC[C@@H]2CN1C[C@H](O)[C@H](Cc1ccccc1)NC(=O)[C@H](CC(N)=O)NC(=O)OCc1ccccc1,8.568958054664115
CC(C)(C)NC(=O)[C@@H]1CCCN1C(=O)[C@@H](O)[C@H](Cc1ccccc1)NC(=O)OCc1ccccc1,6.336996766870358
CC(C)c1ccccc1SC1=C(O)OC(CCC(=O)N2CCSCC2)(c2ccccc2)CC1=O,5.957424487559809
CC1(C)SCN(C(=O)[C@@H](O)C[C@@H](Cc2ccccc2)C(=O)N[C@H]2c3ccccc3OC[C@H]2O)[C@@H]1C(=O)NCc1c(F)cccc1F,9.619788758288394
CC1(C)SCN(C(=O)[C@@H](O)C[C@@H](Cc2ccccc2)C(=O)N[C@H]2c3ccccc3OC[C@H]2O)[C@@H]1C(=O)NCc1c(F)cccc1F,8.698970004336019
CC1(C)SCN(C(=O)[C@@H](O)C[C@@H](Cc2ccccc2)C(=O)N[C@H]2c3ccccc3OC[C@H]2O)[C@@H]1C(=O)NCc1c(F)cccc1F,8.829738284605043
CC[C@H](C)[C@H](NC(=O)C[C@H](O)[C@H](CC(C)C)NC(=O)CC1C=CCN2C(=O)CCC(CNCc3ccccc3)C(=O)N12)C(=O)N[C@@H](Cc1ccccc1)C(=O)OC,3.853871964321762
CC(C)c1ccccc1SC1=C(O)OC(CCC(=O)N2CCNCC2)(c2ccccc2)CC1=O,5.956244873031321
Cc1cccc(C)c1CNC(=O)[C@H]1N(C(=O)[C@H](O)C[C@@H](Cc2ccccc2)C(=O)N[C@H]2c3ccccc3OC[C@H]2O)CSC1(C)C,10.522878745280337
Cc1cccc(C)c1CNC(=O)[C@H]1N(C(=O)[C@H](O)C[C@@H](Cc2ccccc2)C(=O)N[C@H]2c3ccccc3OC[C@H]2O)CSC1(C)C,10.0
Cc1cccc(C)c1CNC(=O)[C@H]1N(C(=O)[C@H](O)C[C@@H](Cc2ccccc2)C(=O)N[C@H]2c3ccccc3OC[C@H]2O)CSC1(C)C,10.096910013008056
Cc1cccc(Cl)c1CNC(=O)[C@H]1N(C(=O)[C@@H](O)C[C@@H](Cc2ccccc2)C(=O)N[C@H]2c3ccccc3OC[C@H]2O)CSC1(C)C,10.522878745280337
Cc1cccc(Cl)c1CNC(=O)[C@H]1N(C(=O)[C@@H](O)C[C@@H](Cc2ccccc2)C(=O)N[C@H]2c3ccccc3OC[C@H]2O)CSC1(C)C,9.958607314841775
Cc1cccc(Cl)c1CNC(=O)[C@H]1N(C(=O)[C@@H](O)C[C@@H](Cc2ccccc2)C(=O)N[C@H]2c3ccccc3OC[C@H]2O)CSC1(C)C,10.096910013008056
CC(C)c1ccccc1SC1=C(O)OC(CCCC(=O)N(C)Cc2ccccc2)(c2ccccc2)CC1=O,6.170053304058364
CC(C)c1ccccc1SC1=C(O)OC(CCCC(=O)N2CCSCC2)(c2ccccc2)CC1=O,6.54515513999149
CC(C)(C)OC(=O)NCCCC(=O)Nc1cccc(C(c2c(O)c3c(oc2=O)CCCCCC3)C2CC2)c1,4.305394801066432
C[C@H](NC(=O)OC(C)(C)C)C(=O)Nc1cccc(C(c2c(O)c3c(oc2=O)CCCCCC3)C2CC2)c1,4.497572880015567
CC(C)c1ccccc1SC1=C(O)OC(CCCC(=O)N2CCN(C(=O)OC(C)(C)C)CC2)(c2ccccc2)CC1=O,6.906578314837765
O=C(Nc1cccc(C(c2c(O)oc3c(c2=O)CCCCCC3)C2CC2)c1)c1ccccc1,4.628932137728263
Cc1ccnc(C)c1CNC(=O)[C@H]1N(C(=O)[C@@H](O)C[C@@H](Cc2ccccc2)C(=O)N[C@H]2c3ccccc3OC[C@H]2O)CSC1(C)C,9.795880017344075
Cc1ccnc(C)c1CNC(=O)[C@H]1N(C(=O)[C@@H](O)C[C@@H](Cc2ccccc2)C(=O)N[C@H]2c3ccccc3OC[C@H]2O)CSC1(C)C,8.625251653989896
Cc1ccnc(C)c1CNC(=O)[C@H]1N(C(=O)[C@@H](O)C[C@@H](Cc2ccccc2)C(=O)N[C@H]2c3ccccc3OC[C@H]2O)CSC1(C)C,9.142667503568731
CCC(C)[C@H](NC(=O)C[C@H](O)[C@H](CC(C)C)NC(=O)CC1C=CCN2C(=O)CCC(CNCc3ccccc3)C(=O)N12)C(=O)N[C@@H](Cc1ccccc1)C(N)=O,4.6777807052660805
CCNC(=O)Nc1cccc(C(c2c(O)c3c(oc2=O)CCCCCC3)C2CC2)c1,4.221848749616356
CC[C@H](C)[C@H](NC(=O)C[C@H](O)[C@H](CC1CCCCC1)NC(=O)CC1C=CCN2C(=O)CCC(CNCc3ccccc3)C(=O)N12)C(=O)N[C@@H](Cc1ccccc1)C(=O)O,3.4436974992327127
CC(C)c1ccccc1SC1=C(O)OC(CCC(=O)N2CCOCC2)(c2ccccc2)CC1=O,5.61261017366127
Cc1nsc(C)c1CNC(=O)[C@H]1N(C(=O)[C@@H](O)C[C@@H](Cc2ccccc2)C(=O)N[C@H]2c3ccccc3OC[C@H]2O)CSC1(C)C,10.301029995663981
Cc1nsc(C)c1CNC(=O)[C@H]1N(C(=O)[C@@H](O)C[C@@H](Cc2ccccc2)C(=O)N[C@H]2c3ccccc3OC[C@H]2O)CSC1(C)C,9.619788758288394
Cc1nsc(C)c1CNC(=O)[C@H]1N(C(=O)[C@@H](O)C[C@@H](Cc2ccccc2)C(=O)N[C@H]2c3ccccc3OC[C@H]2O)CSC1(C)C,9.958607314841775
CC(C)c1ccccc1SC1=C(O)OC(CCCCC(=O)N2CCSCC2)(c2ccccc2)CC1=O,6.2343314452409855
CCC(C)[C@H](NC(=O)C[C@H](O)[C@H](Cc1ccccc1)NC(=O)CC1C=CCN2C(=O)CCC(CNCc3ccccc3)C(=O)N12)C(=O)N[C@@H](Cc1ccccc1)C(=O)OC,3.4559319556497243
Cc1cccc(C)c1CNC(=O)[C@H]1N(C(=O)[C@@H](O)C[C@@H](Cc2ccccc2)C(=O)N[C@H]2c3ccccc3OC[C@H]2O)CSC1(C)C,9.55284196865778
Cc1cccc(C)c1CNC(=O)[C@H]1N(C(=O)[C@@H](O)C[C@@H](Cc2ccccc2)C(=O)N[C@H]2c3ccccc3OC[C@H]2O)CSC1(C)C,8.721246399047171
Cc1cccc(C)c1CNC(=O)[C@H]1N(C(=O)[C@@H](O)C[C@@H](Cc2ccccc2)C(=O)N[C@H]2c3ccccc3OC[C@H]2O)CSC1(C)C,8.943095148663527
CC(C)c1ccccc1SC1=C(O)OC(CCCCC(=O)N2CCNCC2)(c2ccccc2)CC1=O,6.6307841425898575
CC(C)c1ccccc1SC1=C(O)OC(CCCC(=O)Nc2ccccc2)(c2ccccc2)CC1=O,6.367542707815276
CC(C)c1ccccc1SC1=C(O)OC(CCCCC(=O)Nc2ccccc2)(c2ccccc2)CC1=O,7.040958607678906
O=C(Cc1ccccc1)Nc1cccc(C(c2c(O)oc3c(c2=O)CCCCCC3)C2CC2)c1,4.761953896871205
CC(C)c1ccccc1SC1=C(O)OC(CCCCC(=O)N2CCN(C(=O)OC(C)(C)C)CC2)(c2ccccc2)CC1=O,6.896196279044043
O=C(Nc1cccc(C(c2c(O)oc3c(c2=O)CCCCCC3)C2CC2)c1)c1ccc(F)cc1,4.6595558851598815
Cc1ccccc1CNC(=O)[C@H]1N(C(=O)[C@@H](O)C[C@@H](Cc2ccccc2)C(=O)N[C@H]2c3ccccc3OC[C@H]2O)CSC1(C)C,10.154901959985743
Cc1ccccc1CNC(=O)[C@H]1N(C(=O)[C@@H](O)C[C@@H](Cc2ccccc2)C(=O)N[C@H]2c3ccccc3OC[C@H]2O)CSC1(C)C,9.080921907623926
Cc1ccccc1CNC(=O)[C@H]1N(C(=O)[C@@H](O)C[C@@H](Cc2ccccc2)C(=O)N[C@H]2c3ccccc3OC[C@H]2O)CSC1(C)C,9.397940008672037
CCCC1CCCCCCc2c1oc(O)c(C(c1ccccc1)C1CC1)c2=O,5.275724130399211
CC(C)c1ccccc1SC1=C(O)OC(CCCCC(=O)O)(c2ccccc2)CC1=O,8.744727494896694
CC(C)c1ccccc1SC1=C(O)OC(CCCCC(=O)NCc2ccccc2)(c2ccccc2)CC1=O,7.585026652029182
CC(C)c1ccccc1SC1=C(O)OC(CCC(=O)N2CCN(C(=O)OC(C)(C)C)CC2)(c2ccccc2)CC1=O,5.896196279044043
CCCCCC1(c2ccccc2)CC(=O)C(Sc2ccccc2C(C)C)=C(O)O1,7.055517327849832
CC(C)(C)NC(=O)[C@@H]1CN(Cc2cccnc2)CCN1C[C@@H](O)C[C@@H](Cc1ccccc1)C(=O)N[C@H]1c2ccccc2C[C@H]1O.O,9.221848749616356
CC(C)(C)NC(=O)[C@@H]1CN(Cc2cccnc2)CCN1C[C@@H](O)C[C@@H](Cc1ccccc1)C(=O)N[C@H]1c2ccccc2C[C@H]1O.O,7.213248577854439
CC(C)(C)NC(=O)[C@@H]1CN(Cc2cccnc2)CCN1C[C@@H](O)C[C@@H](Cc1ccccc1)C(=O)N[C@H]1c2ccccc2C[C@H]1O.O,7.360513510731414
Cc1cccnc1CNC(=O)[C@H]1N(C(=O)[C@@H](O)C[C@@H](Cc2ccccc2)C(=O)N[C@H]2c3ccccc3OC[C@H]2O)CSC1(C)C,9.886056647693163
Cc1cccnc1CNC(=O)[C@H]1N(C(=O)[C@@H](O)C[C@@H](Cc2ccccc2)C(=O)N[C@H]2c3ccccc3OC[C@H]2O)CSC1(C)C,9.221848749616356
Cc1cccnc1CNC(=O)[C@H]1N(C(=O)[C@@H](O)C[C@@H](Cc2ccccc2)C(=O)N[C@H]2c3ccccc3OC[C@H]2O)CSC1(C)C,9.585026652029182
CC(C)c1ccccc1SC1=C(O)OC(CCCCC(=O)NCCc2ccccc2)(c2ccccc2)CC1=O,7.1487416512809245
O=C(/C=C/c1ccccc1)Nc1cccc(C(c2c(O)oc3c(c2=O)CCCCCC3)C2CC2)c1,4.767003889607846
CC(C)c1ccccc1SC1=C(O)OC(CCCC(=O)N(C)CCc2ccccc2)(c2ccccc2)CC1=O,6.665546248849069
CC(C)c1ccccc1SC1=C(O)OC(CCCC(=O)NCc2ccccc2)(c2ccccc2)CC1=O,7.0915149811213505
CC(C)c1ccccc1SC1=C(O)OC(CCCC(N)=O)(c2ccccc2)CC1=O,6.995678626217358
CC1(C)SCN(C(=O)[C@@H](O)C[C@@H](Cc2ccccc2)C(=O)N[C@H]2c3ccccc3OC[C@H]2O)[C@@H]1C(=O)NCc1c(Cl)cccc1Cl,10.397940008672037
CC1(C)SCN(C(=O)[C@@H](O)C[C@@H](Cc2ccccc2)C(=O)N[C@H]2c3ccccc3OC[C@H]2O)[C@@H]1C(=O)NCc1c(Cl)cccc1Cl,9.638272163982407
CC1(C)SCN(C(=O)[C@@H](O)C[C@@H](Cc2ccccc2)C(=O)N[C@H]2c3ccccc3OC[C@H]2O)[C@@H]1C(=O)NCc1c(Cl)cccc1Cl,9.920818753952375
CC(C)c1ccccc1SC1=C(O)OC(CCCC(=O)N(C)c2ccccc2)(c2ccccc2)CC1=O,6.204815410317576
CC(C)c1ccccc1SC1=C(O)OC(CCCC(=O)NCCc2ccccc2)(c2ccccc2)CC1=O,6.835647144215563
Cc1cccc(C)c1CNC(=O)[C@H]1N(C(=O)[C@@H](O)C[C@@H](Cc2ccccc2)C(=O)N[C@H]2c3ccccc3C[C@H]2O)CSC1(C)C,10.397940008672037
Cc1cccc(C)c1CNC(=O)[C@H]1N(C(=O)[C@@H](O)C[C@@H](Cc2ccccc2)C(=O)N[C@H]2c3ccccc3C[C@H]2O)CSC1(C)C,10.207608310501746
Cc1cccc(C)c1CNC(=O)[C@H]1N(C(=O)[C@@H](O)C[C@@H](Cc2ccccc2)C(=O)N[C@H]2c3ccccc3C[C@H]2O)CSC1(C)C,10.207608310501746
O=C(Nc1ccccc1)Nc1cccc(C(c2c(O)oc3c(c2=O)CCCCCC3)C2CC2)c1,4.663540266151471
CC(C)c1ccccc1SC1=C(O)OC(CCCCC(=O)N2CCOCC2)(c2ccccc2)CC1=O,6.709965388637482
Cc1ccccc1CNC(=O)[C@H]1N(C[C@@H](O)C[C@@H](Cc2ccccc2)C(=O)N[C@H]2c3ccccc3OC[C@H]2O)CSC1(C)C,9.2839966563652
Cc1ccccc1CNC(=O)[C@H]1N(C[C@@H](O)C[C@@H](Cc2ccccc2)C(=O)N[C@H]2c3ccccc3OC[C@H]2O)CSC1(C)C,8.102372908709558
Cc1ccccc1CNC(=O)[C@H]1N(C[C@@H](O)C[C@@H](Cc2ccccc2)C(=O)N[C@H]2c3ccccc3OC[C@H]2O)CSC1(C)C,8.05551732784983
Cc1noc(C)c1CNC(=O)[C@H]1N(C(=O)[C@@H](O)C[C@@H](Cc2ccccc2)C(=O)N[C@H]2c3ccccc3OC[C@H]2O)CSC1(C)C,10.154901959985743
Cc1noc(C)c1CNC(=O)[C@H]1N(C(=O)[C@@H](O)C[C@@H](Cc2ccccc2)C(=O)N[C@H]2c3ccccc3OC[C@H]2O)CSC1(C)C,9.67778070526608
Cc1noc(C)c1CNC(=O)[C@H]1N(C(=O)[C@@H](O)C[C@@H](Cc2ccccc2)C(=O)N[C@H]2c3ccccc3OC[C@H]2O)CSC1(C)C,9.045757490560675
CCC(C)[C@H](NC(=O)C[C@H](O)[C@H](CC1CCCCC1)NC(=O)CC1CCCN2C(=O)CCC(CN)C(=O)N12)C(=O)N[C@@H](Cc1ccccc1)C(N)=O,7.585026652029182
C[C@@H](NC(=O)OC(C)(C)C)C(=O)Nc1cccc(C(c2c(O)c3c(oc2=O)CCCCCC3)C2CC2)c1,4.221848749616356
CCCC(=O)Nc1cccc(C(c2c(O)c3c(oc2=O)CCCCCC3)C2CC2)c1,4.454692883534176
CC(C)(C)OC(=O)N1CCC[C@H]1C(=O)Nc1cccc(C(c2c(O)c3c(oc2=O)CCCCCC3)C2CC2)c1,4.534617148551582
CC(C)c1ccccc1SC1=C(O)OC(CCCC(=O)N2CCNCC2)(c2ccccc2)CC1=O,6.248720896016658
CC(C)(C)OC(=O)NCCC(=O)Nc1cccc(C(c2c(O)c3c(oc2=O)CCCCCC3)C2CC2)c1,4.476253533188435
CC(C)(C)OC(=O)NCC(=O)Nc1cccc(C(c2c(O)c3c(oc2=O)CCCCCC3)C2CC2)c1,4.525783735923745
CC(C)(C)OC(=O)N[C@@H](Cc1c[nH]cn1)C(=O)Nc1cccc(C(c2c(O)c3c(oc2=O)CCCCCC3)C2CC2)c1,4.343901797987168
CC(C)c1ccccc1SC1=C(O)OC(CCCCC(N)=O)(c2ccccc2)CC1=O,7.036212172654444
CC(C)c1ccccc1SC1=C(O)OC(CCCC(=O)N2CCOCC2)(c2ccccc2)CC1=O,6.730487055782084
OC1=C(C(c2ccccc2)C2CC2)COC2=C1CCCCCCC2,4.24184537803261
CC(=O)N[C@@H](Cc1ccc(O)cc1)C(=O)N[C@H](C(=O)N[C@@H](Cc1ccccc1)[C@@H](O)C(=O)N[C@@H](Cc1ccc(O)cc1)C(=O)N[C@H](C(N)=O)C(C)C)C(C)C,6.673664139071248
CC[C@H](C)[C@H](NC(=O)[C@@H]1CCCN1C[C@H](O)[C@H](Cc1ccccc1)NC(=O)[C@H](CC(N)=O)NC(=O)OCc1ccccc1)C(=O)N[C@@H](Cc1ccccc1)C(=O)OC,8.397940008672037
CC(C)(C)NC(=O)[C@@H]1CN(Cc2cc3cnccc3o2)CCN1C[C@@H](O)C[C@@H](Cc1ccccc1)C(=O)N[C@H]1c2ccccc2C[C@H]1O,9.638272163982407
O=S1(=O)N(Cc2ccccc2)[C@H](COc2ccccc2)[C@H](O)[C@@H](O)[C@@H](COc2ccccc2)N1Cc1ccccc1,6.698970004336019
CC(C)(C)OC(=O)[C@@H]1CCCN1C[C@@H](O)[C@H](Cc1ccccc1)NC(=O)[C@H](CC(N)=O)NC(=O)OCc1ccccc1,6.346787486224656
CC(C)(C)OC(=O)[C@@H]1CCCN1C[C@@H](O)[C@H](Cc1ccccc1)NC(=O)[C@H](CC(N)=O)NC(=O)OCc1ccccc1,6.522878745280337
CC(C)(C)NC(=O)[C@@H]1CN(Cc2cccnc2)CCN1C[C@@H](O)C[C@@H](Cc1ccccc1)C(=O)N[C@H]1c2ccccc2C[C@H]1O.O,9.229147988357855
CC1(C)S[C@H]([C@H](NC(=O)Cc2ccccc2)C(=O)NCc2ccccc2)NC1C(=O)NCC(O)CNC(=O)[C@@H]1N[C@@H]([C@H](NC(=O)Cc2ccccc2)C(=O)NCc2ccccc2)SC1(C)C,8.301029995663981
O=C1N(Cc2ccc(CO)cc2)[C@H](COc2ccccc2)[C@H](O)[C@@H](O)[C@@H](COc2ccccc2)N1Cc1ccc(CO)cc1,8.0
CC(C)[C@H](NC(=O)[C@H](C)NC(=O)OCc1ccccc1)C(=O)N[C@@H](Cc1ccccc1)[C@@H](O)[C@H](O)[C@H](Cc1ccccc1)NC(=O)[C@H](N[C@@H](C)C(=O)OCc1ccccc1)C(C)C,8.397940008672037
CC(C)[C@H](NC(=O)[C@H](C)NC(=O)OCc1ccccc1)C(=O)N[C@@H](Cc1ccccc1)[C@@H](O)[C@H](O)[C@H](Cc1ccccc1)NC(=O)[C@H](N[C@@H](C)C(=O)OCc1ccccc1)C(C)C,7.688246138944246
CC(C)[C@H](NC(=O)[C@H](C)NC(=O)OCc1ccccc1)C(=O)N[C@@H](Cc1ccccc1)[C@@H](O)[C@H](O)[C@H](Cc1ccccc1)NC(=O)[C@H](N[C@@H](C)C(=O)OCc1ccccc1)C(C)C,7.826813731587726
CC(C)[C@H](NC(=O)[C@H](C)NC(=O)OCc1ccccc1)C(=O)N[C@@H](Cc1ccccc1)[C@@H](O)[C@H](O)[C@H](Cc1ccccc1)NC(=O)[C@H](N[C@@H](C)C(=O)OCc1ccccc1)C(C)C,7.795880017344075
CC(C)[C@H](NC(=O)[C@H](C)NC(=O)OCc1ccccc1)C(=O)N[C@@H](Cc1ccccc1)[C@@H](O)[C@H](O)[C@H](Cc1ccccc1)NC(=O)[C@H](N[C@@H](C)C(=O)OCc1ccccc1)C(C)C,6.841637507904751
CC(C)[C@H](NC(=O)[C@H](C)NC(=O)OCc1ccccc1)C(=O)N[C@@H](Cc1ccccc1)[C@@H](O)[C@H](O)[C@H](Cc1ccccc1)NC(=O)[C@H](N[C@@H](C)C(=O)OCc1ccccc1)C(C)C,6.841637507904751
CC(C)[C@H](NC(=O)[C@H](C)NC(=O)OCc1ccccc1)C(=O)N[C@@H](Cc1ccccc1)[C@@H](O)[C@H](O)[C@H](Cc1ccccc1)NC(=O)[C@H](N[C@@H](C)C(=O)OCc1ccccc1)C(C)C,6.841637507904751
CC(C)[C@H](NC(=O)[C@H](C)NC(=O)OCc1ccccc1)C(=O)N[C@@H](Cc1ccccc1)[C@@H](O)[C@H](O)[C@H](Cc1ccccc1)NC(=O)[C@H](N[C@@H](C)C(=O)OCc1ccccc1)C(C)C,6.841637507904751
CC(C)[C@H](NC(=O)[C@H](C)NC(=O)OCc1ccccc1)C(=O)N[C@@H](Cc1ccccc1)[C@@H](O)[C@H](O)[C@H](Cc1ccccc1)NC(=O)[C@H](N[C@@H](C)C(=O)OCc1ccccc1)C(C)C,6.841637507904751
CC(=O)N[C@@H](CO)C(=O)N[C@@H](CC(C)C)C(=O)N[C@@H](CC(N)=O)C(=O)N[C@@H](Cc1ccccc1)[C@H](O)CN1CCC[C@H]1C(=O)OC(C)(C)C,7.853871964321762
CC(=O)N[C@@H](CO)C(=O)N[C@@H](CC(C)C)C(=O)N[C@@H](CC(N)=O)C(=O)N[C@@H](Cc1ccccc1)[C@@H](O)CN1CCC[C@H]1C(=O)OC(C)(C)C,7.853871964321762
COC(=O)[C@H](O)[C@H](Cc1ccccc1)NC(=O)[C@@H](NC(=O)[C@H](Cc1c[nH]c2ccccc12)NC(C)=O)C(C)C,4.853871964321762
CCNC(=O)[C@@H](NC(=O)c1ccccc1-c1ccccc1)[C@@H]1NC(C(=O)NCCNC(=O)[C@@H]2N[C@@H]([C@H](NC(=O)c3ccccc3-c3ccccc3)C(=O)NCC)SC2(C)C)C(C)(C)S1,8.00436480540245
CC[C@H](C)[C@H](NC(=O)[C@@H]1CCCN1C[C@H](O)[C@H](Cc1ccccc1)NC(=O)[C@H](CC(N)=O)NC(=O)c1ccc2ccccc2n1)C(=O)N[C@@H](Cc1ccccc1)C(=O)OC,8.638272163982407
CC1(C)S[C@H]([C@H](NC(=O)Cc2ccccc2)C(=O)NCc2ccccc2)NC1C(=O)NCCCNC(=O)[C@@H]1N[C@@H]([C@H](NC(=O)Cc2ccccc2)C(=O)NCc2ccccc2)SC1(C)C,6.267606240177032
O=C1N(Cc2ccc(CO)cc2)[C@H](Cc2ccccc2)[C@H](O)[C@@H](O)[C@@H](Cc2ccccc2)N1Cc1ccc(CO)cc1,7.823908740944319
O=S1(=O)N(Cc2ccccc2)[C@H](CCc2ccccc2)[C@H](O)[C@@H](O)[C@@H](CCc2ccccc2)N1Cc1ccccc1,6.698970004336019
COC(=O)[C@H](O)[C@H](Cc1ccccc1)NC(=O)[C@@H](NC(=O)[C@H](Cc1ccccc1)NC(C)=O)C(C)C,3.94692155651658
COC(=O)[C@H](O)[C@H](Cc1ccccc1)NC(=O)[C@@H](NC(=O)[C@H](Cc1ccc(O)cc1)NC(C)=O)C(C)C,4.1487416512809245
CC[C@H](C)[C@H](NC(=O)[C@@H]1CCCN1C[C@H](O)[C@H](Cc1ccccc1)NC(=O)[C@H](CC(N)=O)NC(=O)[C@H](CC(C)C)NC(=O)[C@H](CO)NC(C)=O)C(=O)N[C@H](C(=O)OC)C(C)C,7.187086643357144
CC(C)(C)OC(=O)[C@@H]1CCCN1C[C@H](O)[C@H](Cc1ccccc1)NC(=O)[C@H](CC(N)=O)NC(=O)OCc1ccccc1,7.292429823902063
CC(C)(C)OC(=O)[C@@H]1CCCN1C[C@H](O)[C@H](Cc1ccccc1)NC(=O)[C@H](CC(N)=O)NC(=O)OCc1ccccc1,6.853871964321762
O=C1N(Cc2ccccc2)[C@H](COc2ccccc2)[C@H](O)[C@@H](O)[C@@H](COc2ccccc2)N1Cc1ccccc1,7.096910013008056
CC(C)(C)NC(=O)[C@@H]1CN(C(C)(C)c2cc3cnccc3o2)CCN1C[C@@H](O)C[C@@H](Cc1ccccc1)C(=O)N[C@H]1c2ccccc2C[C@H]1O,9.823908740944319
CC(C)(C)NC(=O)[C@@H]1CN(C(C)(C)c2cc3cnccc3o2)CCN1C[C@@H](O)C[C@@H](Cc1ccccc1)C(=O)N[C@H]1c2ccccc2OC[C@H]1O,10.1249387366083
CC[C@H](C)[C@H](NC(=O)[C@@H]1CCCN1C[C@H](O)[C@H](Cc1ccccc1)NC(=O)[C@H](CC(N)=O)NC(=O)[C@H](CC(C)C)NC(=O)[C@H](CO)NC(C)=O)C(=O)N[C@H](C(=O)OC)C(C)C,8.468521082957745
O=C1N(Cc2ccccc2)[C@H](CCc2ccccc2)[C@H](O)[C@@H](O)[C@@H](CCc2ccccc2)N1Cc1ccccc1,5.3979400086720375
CC(C)[C@@H]1NC(=O)[C@@H](NC(=O)[C@H](O)[C@H](Cc2ccccc2)NC(=O)[C@@H](N[C@H](C)NC(=O)OCc2ccccc2)C(C)C)Cc2ccc(cc2)OCCCNC1=O,8.0
CC[C@H](C)[C@H](NC(=O)[C@@H]1CCCN1C[C@H](O)[C@H](Cc1ccccc1)NC(=O)[C@H](CC(N)=O)NC(=O)OC(C)(C)C)C(=O)N[C@H](C(=O)OC)C(C)C,7.795880017344075
CC[C@H](C)[C@H](NC(=O)[C@@H]1CCCN1C[C@@H](O)[C@H](Cc1ccccc1)NC(=O)[C@H](CC(N)=O)NC(=O)OC(C)(C)C)C(=O)N[C@H](C(=O)OC)C(C)C,6.070581074285707
CC(C)(C)NC(=O)[C@@H]1CN(C(C)(C)c2cccnc2)CCN1C[C@@H](O)C[C@@H](Cc1ccccc1)C(=O)N[C@H]1c2ccccc2C[C@H]1O,8.935542010773082
CC(C)[C@@H]1NC(=O)[C@@H](NC(=O)[C@H](O)[C@H](Cc2ccccc2)NC(=O)OC(C)(C)C)Cc2ccc(cc2)OCCCNC1=O,6.200659450546418
CC1(C)S[C@H]([C@H](NC(=O)Cc2ccccc2)C(=O)NCC(F)(F)F)NC1C(=O)NCCNC(=O)[C@@H]1N[C@@H]([C@H](NC(=O)Cc2ccccc2)C(=O)NCC(F)(F)F)SC1(C)C,8.356547323513812
Cc1ccc(S(=O)(=O)[C@H](C)NC(=O)N[C@H](C(=O)N[C@@H](Cc2ccccc2)[C@@H](O)C(=O)N[C@H]2Cc3ccc(cc3)OCCCNC(=O)[C@H](C(C)C)NC2=O)C(C)C)cc1,7.886056647693163
CC(=O)N[C@@H](Cc1ccc(O)cc1)C(=O)N[C@H](C(=O)N[C@@H](Cc1ccccc1)[C@@H](O)C(=O)N[C@H]1Cc2ccc(cc2)OCCCNC(=O)[C@H](C(C)C)NC1=O)C(C)C,8.221848749616356
CC(=O)N[C@@H](Cc1ccc(O)cc1)C(=O)N[C@H](C(=O)N[C@@H](Cc1ccccc1)[C@@H](O)C(=O)N[C@H]1Cc2ccc(cc2)OCCCNC(=O)[C@H](C(C)C)NC1=O)C(C)C,7.2441251443275085
CC(=O)N[C@@H](Cc1ccc(O)cc1)C(=O)N[C@H](C(=O)N[C@@H](Cc1ccccc1)[C@@H](O)C(=O)N[C@H]1Cc2ccc(cc2)OCCCNC(=O)[C@H](C(C)C)NC1=O)C(C)C,7.585026652029182
CC(=O)N[C@@H](Cc1ccc(O)cc1)C(=O)N[C@H](C(=O)N[C@@H](Cc1ccccc1)[C@@H](O)C(=O)N[C@H]1Cc2ccc(cc2)OCCCNC(=O)[C@H](C(C)C)NC1=O)C(C)C,7.958607314841775
CC(=O)N[C@@H](Cc1ccc(O)cc1)C(=O)N[C@H](C(=O)N[C@@H](Cc1ccccc1)[C@@H](O)C(=O)N[C@H]1Cc2ccc(cc2)OCCCNC(=O)[C@H](C(C)C)NC1=O)C(C)C,7.154901959985743
CC(=O)N[C@@H](Cc1ccc(O)cc1)C(=O)N[C@H](C(=O)N[C@@H](Cc1ccccc1)[C@@H](O)C(=O)N[C@H]1Cc2ccc(cc2)OCCCNC(=O)[C@H](C(C)C)NC1=O)C(C)C,7.154901959985743
CC(=O)N[C@@H](Cc1ccc(O)cc1)C(=O)N[C@H](C(=O)N[C@@H](Cc1ccccc1)[C@@H](O)C(=O)N[C@H]1Cc2ccc(cc2)OCCCNC(=O)[C@H](C(C)C)NC1=O)C(C)C,7.154901959985743
CC(=O)N[C@@H](Cc1ccc(O)cc1)C(=O)N[C@H](C(=O)N[C@@H](Cc1ccccc1)[C@@H](O)C(=O)N[C@H]1Cc2ccc(cc2)OCCCNC(=O)[C@H](C(C)C)NC1=O)C(C)C,7.154901959985743
CC(=O)N[C@@H](Cc1ccc(O)cc1)C(=O)N[C@H](C(=O)N[C@@H](Cc1ccccc1)[C@@H](O)C(=O)N[C@H]1Cc2ccc(cc2)OCCCNC(=O)[C@H](C(C)C)NC1=O)C(C)C,7.154901959985743
CC(C)[C@@H]1NC(=O)[C@@H](NC(=O)[C@@H](O)[C@H](Cc2ccccc2)NC(=O)OC(C)(C)C)Cc2ccc(cc2)OCCCNC1=O,7.0
CC(C)[C@@H]1NC(=O)[C@@H](NC(=O)C(=O)C(Cc2ccccc2)NC(=O)OC(C)(C)C)Cc2ccc(cc2)OCCCNC1=O,7.886056647693163
CCNC(=O)[C@@H](NC(=O)c1ccccc1)[C@@H]1NC(C(=O)NCCNC(=O)[C@@H]2N[C@@H]([C@H](NC(=O)c3ccccc3)C(=O)NCC)SC2(C)C)C(C)(C)S1,6.4089353929735005
CCNC(=O)[C@@H](NC(=O)c1c(-c2ccccc2)noc1C)[C@@H]1NC(C(=O)NCCNC(=O)[C@@H]2N[C@@H]([C@H](NC(=O)c3c(-c4ccccc4)noc3C)C(=O)NCC)SC2(C)C)C(C)(C)S1,8.267606240177031
CC(=O)N[C@@H](Cc1ccccc1)C(=O)N[C@H](C(=O)N[C@@H](Cc1ccccc1)[C@@H](O)C(=O)N[C@H]1Cc2ccc(cc2)OCCCNC(=O)[C@H](C(C)C)NC1=O)C(C)C,8.154901959985743
CC(=O)N[C@@H](Cc1ccccc1)C(=O)N[C@H](C(=O)N[C@@H](Cc1ccccc1)[C@@H](O)C(=O)N[C@H]1Cc2ccc(cc2)OCCCNC(=O)[C@H](C(C)C)NC1=O)C(C)C,7.026872146400302
CC(=O)N[C@@H](Cc1ccccc1)C(=O)N[C@H](C(=O)N[C@@H](Cc1ccccc1)[C@@H](O)C(=O)N[C@H]1Cc2ccc(cc2)OCCCNC(=O)[C@H](C(C)C)NC1=O)C(C)C,7.494850021680094
CC(=O)N[C@@H](Cc1ccccc1)C(=O)N[C@H](C(=O)N[C@@H](Cc1ccccc1)[C@@H](O)C(=O)N[C@H]1Cc2ccc(cc2)OCCCNC(=O)[C@H](C(C)C)NC1=O)C(C)C,7.920818753952375
CC(=O)N[C@@H](Cc1ccccc1)C(=O)N[C@H](C(=O)N[C@@H](Cc1ccccc1)[C@@H](O)C(=O)N[C@H]1Cc2ccc(cc2)OCCCNC(=O)[C@H](C(C)C)NC1=O)C(C)C,7.102372908709558
CC(=O)N[C@@H](Cc1ccccc1)C(=O)N[C@H](C(=O)N[C@@H](Cc1ccccc1)[C@@H](O)C(=O)N[C@H]1Cc2ccc(cc2)OCCCNC(=O)[C@H](C(C)C)NC1=O)C(C)C,7.102372908709558
CC(=O)N[C@@H](Cc1ccccc1)C(=O)N[C@H](C(=O)N[C@@H](Cc1ccccc1)[C@@H](O)C(=O)N[C@H]1Cc2ccc(cc2)OCCCNC(=O)[C@H](C(C)C)NC1=O)C(C)C,7.102372908709558
CC(=O)N[C@@H](Cc1ccccc1)C(=O)N[C@H](C(=O)N[C@@H](Cc1ccccc1)[C@@H](O)C(=O)N[C@H]1Cc2ccc(cc2)OCCCNC(=O)[C@H](C(C)C)NC1=O)C(C)C,7.102372908709558
CC(=O)N[C@@H](Cc1ccccc1)C(=O)N[C@H](C(=O)N[C@@H](Cc1ccccc1)[C@@H](O)C(=O)N[C@H]1Cc2ccc(cc2)OCCCNC(=O)[C@H](C(C)C)NC1=O)C(C)C,7.102372908709558
O=C1N(Cc2ccccc2)[C@H](CCCc2ccccc2)[C@H](O)[C@@H](O)[C@@H](CCCc2ccccc2)N1Cc1ccccc1,5.0
CC[C@H](C)[C@H](NC(=O)[C@@H]1CCCN1CC(O)[C@H](Cc1ccccc1)NC(=O)[C@H](CC(N)=O)NC(=O)[C@H](CC(C)C)NC(=O)[C@H](CO)NC(C)=O)C(=O)N[C@H](C(=O)OC)C(C)C,8.045757490560675
CC(=O)N[C@@H](Cc1c[nH]c2ccccc12)C(=O)N[C@H](C(=O)N[C@@H](Cc1ccccc1)[C@@H](O)C(=O)N[C@H]1Cc2ccc(cc2)OCCCNC(=O)[C@H](C(C)C)NC1=O)C(C)C,8.0
CC(=O)N[C@@H](Cc1c[nH]c2ccccc12)C(=O)N[C@H](C(=O)N[C@@H](Cc1ccccc1)[C@@H](O)C(=O)N[C@H]1Cc2ccc(cc2)OCCCNC(=O)[C@H](C(C)C)NC1=O)C(C)C,7.1487416512809245
CC(=O)N[C@@H](Cc1c[nH]c2ccccc12)C(=O)N[C@H](C(=O)N[C@@H](Cc1ccccc1)[C@@H](O)C(=O)N[C@H]1Cc2ccc(cc2)OCCCNC(=O)[C@H](C(C)C)NC1=O)C(C)C,7.522878745280337
CC(=O)N[C@@H](Cc1c[nH]c2ccccc12)C(=O)N[C@H](C(=O)N[C@@H](Cc1ccccc1)[C@@H](O)C(=O)N[C@H]1Cc2ccc(cc2)OCCCNC(=O)[C@H](C(C)C)NC1=O)C(C)C,8.0
CC(=O)N[C@@H](Cc1c[nH]c2ccccc12)C(=O)N[C@H](C(=O)N[C@@H](Cc1ccccc1)[C@@H](O)C(=O)N[C@H]1Cc2ccc(cc2)OCCCNC(=O)[C@H](C(C)C)NC1=O)C(C)C,7.309803919971486
CC(=O)N[C@@H](Cc1c[nH]c2ccccc12)C(=O)N[C@H](C(=O)N[C@@H](Cc1ccccc1)[C@@H](O)C(=O)N[C@H]1Cc2ccc(cc2)OCCCNC(=O)[C@H](C(C)C)NC1=O)C(C)C,7.309803919971486
CC(=O)N[C@@H](Cc1c[nH]c2ccccc12)C(=O)N[C@H](C(=O)N[C@@H](Cc1ccccc1)[C@@H](O)C(=O)N[C@H]1Cc2ccc(cc2)OCCCNC(=O)[C@H](C(C)C)NC1=O)C(C)C,7.309803919971486
CC(=O)N[C@@H](Cc1c[nH]c2ccccc12)C(=O)N[C@H](C(=O)N[C@@H](Cc1ccccc1)[C@@H](O)C(=O)N[C@H]1Cc2ccc(cc2)OCCCNC(=O)[C@H](C(C)C)NC1=O)C(C)C,7.309803919971486
CC(=O)N[C@@H](Cc1c[nH]c2ccccc12)C(=O)N[C@H](C(=O)N[C@@H](Cc1ccccc1)[C@@H](O)C(=O)N[C@H]1Cc2ccc(cc2)OCCCNC(=O)[C@H](C(C)C)NC1=O)C(C)C,7.309803919971486
CCNC(=O)[C@@H](NC(=O)Cc1ccccc1)[C@@H]1NC(C(=O)NCCNC(=O)[C@@H]2N[C@@H]([C@H](NC(=O)Cc3ccccc3)C(=O)NCC)SC2(C)C)C(C)(C)S1,8.522878745280337
COC(=O)c1ccc(CN2C(=O)N(Cc3ccc(C(=O)OC)cc3)[C@H](COc3ccccc3)[C@H](O)[C@@H](O)[C@H]2COc2ccccc2)cc1,5.096910013008056
O=C1N(Cc2ccc(CBr)cc2)C(Cc2ccccc2)P(=O)(O)C(Cc2ccccc2)N1Cc1ccc(CBr)cc1,4.7447274948966935
CC(C)(C)OC(=O)N[C@@H](Cc1ccccc1)[C@H](O)[C@@H](O)[C@H](Cc1ccccc1)NC(=O)OC(C)(C)C,6.552841968657781
O=C(O)c1cc(C(=CCC23CC4CC(CC(C4)C2)C3)c2cc(Cl)c(O)c(C(=O)O)c2)cc(Cl)c1O,6.431798275933005
CC(C)(C)OC(=O)N[C@@H](Cc1ccccc1)[C@@H](O)[C@H](O)[C@H](Cc1ccccc1)NC(=O)OC(C)(C)C,7.3979400086720375
Cc1ccc(-c2cc(O)c(SCc3ccccc3)c(=O)o2)cc1,4.911509529817604
CCc1cccc(-c2cc(O)c(SCc3ccccc3)c(=O)o2)c1,5.690369832574102
Cc1cccc(CSc2c(O)cc(-c3ccccc3)oc2=O)c1,5.068542129310995
O=C(O)c1cccc(CSc2c(O)cc(-c3ccccc3)oc2=O)c1,5.211124884224583
Cc1ccccc1CSc1c(O)cc(-c2ccccc2)oc1=O,5.270025714300444
CC(C)COC(=O)c1ccccc1CSc1c(O)cc(-c2ccccc2)oc1=O,6.208309350979882
CC(C)[C@H](NC(=O)CC1NC(=O)NC1=O)C(=O)N[C@@H](Cc1ccccc1)C[C@H](O)[C@H](Cc1ccccc1)NC(=O)[C@@H](NC(=O)CC1NC(=O)NC1=O)C(C)C,9.0
COc1cc(CC(=O)N[C@H](C(=O)N[C@@H](Cc2ccccc2)[C@@H](O)[C@H](O)[C@H](Cc2ccccc2)NC(=O)[C@@H](NC(=O)Cc2cc(OC)c(OC)c(OC)c2)C(C)C)C(C)C)cc(OC)c1OC,8.468521082957745
CC(C)(C)NC(=O)c1ccccc1CSc1c(O)cc(-c2ccccc2)oc1=O,6.721246399047171
CC(CCC=C(c1cc(Cl)c(O)c(C(=O)O)c1)c1cc(Cl)c(O)c(C(=O)O)c1)[C@H]1CC[C@H]2[C@@H]3CC[C@@H]4CCCC[C@]4(C)[C@H]3CC[C@]12C,5.823908740944319
CC(C)CCCC(C)[C@H]1CC[C@H]2[C@@H]3CCC4C[C@@H](CCC=C(c5cc(Cl)c(O)c(C(=O)O)c5)c5cc(Cl)c(O)c(C(=O)O)c5)CC[C@]4(C)[C@H]3CC[C@]12C,5.823908740944319
CC(C)[C@H](NC(=O)C(O)(c1ccccc1)c1ccccc1)C(=O)N[C@@H](Cc1ccccc1)C[C@H](O)[C@H](Cc1ccccc1)NC(=O)[C@@H](NC(=O)C(O)(c1ccccc1)c1ccccc1)C(C)C,6.795880017344075
O=C1NC(Cc2ccccc2)P(=O)(O)C(Cc2ccccc2)N1,4.0
COc1ccc(-c2cc(O)c(SCc3ccccc3)c(=O)o2)cc1,5.787812395596042
CC(CCC=C(c1cc(Cl)c(O)c(C(=O)O)c1)c1cc(Cl)c(O)c(C(=O)O)c1)[C@H]1CC[C@H]2[C@@H]3CC[C@@H]4CC(F)(F)CC[C@]4(C)[C@H]3CC[C@]12C,6.4089353929735005
O=c1cc(-c2cccc(Cl)c2)oc(O)c1SCc1ccccc1,6.161150909262744
Cc1ccccc1-c1cc(O)c(SCc2ccccc2)c(=O)o1,4.84893674664625
O=C1N(Cc2ccccc2)C(Cc2ccccc2)P(=O)(O)C(Cc2ccccc2)N1Cc1ccccc1,4.6777807052660805
CC(=O)N[C@@H](Cc1ccccc1)C(O)[C@H](Cc1ccccc1)NC(C)=O,5.0
CC(C)[C@H](NC(=O)OCc1ccccc1)C(=O)N[C@@H](Cc1ccccc1)[C@H](O)[C@@H](O)[C@H](Cc1ccccc1)NC(=O)[C@H](NC(=O)OCc1ccccc1)C(C)C,9.42021640338319
O=c1cc(-c2ccccc2O)oc(O)c1SCc1ccccc1,5.221848749616356
CC(C)OC(=O)c1ccccc1CSc1c(O)cc(-c2ccccc2)oc1=O,7.468521082957745
COC(=O)c1ccc(CSc2c(O)cc(-c3ccccc3)oc2=O)cc1,5.0
COc1cc(CC(=O)N[C@H](C(=O)N[C@@H](Cc2ccccc2)C[C@H](O)[C@H](Cc2ccccc2)NC(=O)[C@@H](NC(=O)Cc2cc(OC)c(OC)c(OC)c2)C(C)C)C(C)C)cc(OC)c1OC,9.0
CC(C)[C@H](NC(=O)CC1NC(=O)NC1=O)C(=O)N[C@@H](Cc1ccccc1)[C@@H](O)[C@H](O)[C@H](Cc1ccccc1)NC(=O)[C@@H](NC(=O)CC1NC(=O)NC1=O)C(C)C,8.017728766960431
COc1cccc(-c2cc(O)c(SCc3ccccc3)c(=O)o2)c1,6.00436480540245
O=c1cc(-c2cccc(C(F)(F)F)c2)oc(O)c1SCc1ccccc1,6.221848749616356
O=c1cc(-c2cc(C(F)(F)F)cc(C(F)(F)F)c2)oc(O)c1SCc1ccccc1,6.200659450546418
Cc1ccc(CSc2c(O)cc(-c3ccccc3)oc2=O)cc1,5.33913452199613
O=C1NC(Cc2ccccc2)P(=O)(O)C(Cc2ccccc2)N1,4.0
CC(C)C[C@H](NC(=O)OCc1ccccc1)C(=O)N[C@@H](Cc1ccccc1)C(O)[C@H](Cc1ccccc1)NC(=O)[C@@H](CC(C)C)NC(=O)OCc1ccccc1,7.0
CC(C)[C@H](NC(=O)OCc1ccccc1)C(=O)N[C@@H](Cc1ccccc1)[C@@H](O)[C@@H](O)[C@H](Cc1ccccc1)NC(=O)[C@H](NC(=O)OCc1ccccc1)C(C)C,9.657577319177793
O=C(O)c1ccc(-c2cc(O)c(SCc3ccccc3)c(=O)o2)cc1,6.443697499232712
O=c1cc(-c2ccccc2Cl)oc(O)c1SCc1ccccc1,5.5951662833800615
O=c1cc(-c2ccc(O)cc2)oc(O)c1SCc1ccccc1,6.161150909262744
CC(C)(C)OC(=O)N[C@@H](Cc1ccccc1)[C@H](O)[C@H](O)[C@H](Cc1ccccc1)NC(=O)OC(C)(C)C,7.920818753952375
Cc1cc(-c2cc(O)c(SCc3ccccc3)c(=O)o2)cc(C)c1O,6.6020599913279625
CC(C)[C@H](NC(=O)Cc1csc(N)n1)C(=O)N[C@@H](Cc1ccccc1)C[C@H](O)[C@H](Cc1ccccc1)NC(=O)[C@@H](NC(=O)Cc1csc(N)n1)C(C)C,9.0
CC(C)[C@H](NC(=O)Cc1csc(N)n1)C(=O)N[C@@H](Cc1ccccc1)[C@@H](O)[C@H](O)[C@H](Cc1ccccc1)NC(=O)[C@@H](NC(=O)Cc1csc(N)n1)C(C)C,7.920818753952375
CC(C)[C@H](NC(=O)CSc1ncccn1)C(=O)N[C@@H](Cc1ccccc1)[C@@H](O)[C@H](O)[C@H](Cc1ccccc1)NC(=O)[C@@H](NC(=O)CSc1ncccn1)C(C)C,7.795880017344075
CC[C@H](C)[C@H](NC(=O)OCc1ccccc1)C(=O)N[C@@H](Cc1ccccc1)C(O)[C@H](Cc1ccccc1)NC(=O)[C@H](NC(=O)OCc1ccccc1)[C@@H](C)CC,8.309803919971486
O=c1cc(-c2cccc(OC(F)(F)F)c2)oc(O)c1SCc1ccccc1,5.669586226650809
COC(=O)c1ccccc1CSc1c(O)cc(-c2ccccc2)oc1=O,6.0
CCCCCC=C(c1cc(Cl)c(O)c(C(=O)NO)c1)c1cc(Cl)c(O)c(C(=O)NO)c1,4.236572006437063
O=c1cc(-c2ccc3c(c2)OCCO3)oc(O)c1SCc1ccccc1,6.102372908709558
O=C(O)c1ccc(CSc2c(O)cc(-c3ccccc3)oc2=O)cc1,4.99097425791309
O=C(OC1CCCCC1)c1ccccc1CSc1c(O)oc(-c2ccccc2)cc1=O,5.920818753952375
O=C1N(Cc2ccc(CO)cc2)C(Cc2ccccc2)P(=O)(O)C(Cc2ccccc2)N1Cc1ccc(CO)cc1,5.318758762624412
O=C1N(Cc2ccc3ccccc3c2)C(Cc2ccccc2)P(=O)(O)C(Cc2ccccc2)N1Cc1ccc2ccccc2c1,6.585026652029182
O=C1N(Cc2ccc(CBr)cc2)C(Cc2ccccc2)P(=O)(O)C(Cc2ccccc2)N1Cc1ccc(CBr)cc1,6.154901959985743
O=c1cc(-c2ccccc2)oc(O)c1SCc1ccccc1,5.769551078621726
COC(=O)c1cccc(CSc2c(O)cc(-c3ccccc3)oc2=O)c1,4.713768145971447
O=C(O)c1ccccc1CSc1c(O)cc(-c2ccccc2)oc1=O,4.60624935965192
CCCc1cc(=O)oc2c3c(c4c(c12)OC(C)(C)C=C4)O[C@H](C)[C@@H](C)[C@@H]3O,6.42021640338319
CCCc1cc(=O)oc2c3c(c4c(c12)OC(C)(C)C=C4)O[C@H](C)[C@@H](C)[C@@H]3O,6.494850021680094
CCCc1cc(=O)oc2c3c(c4c(c12)OC(C)(C)C=C4)O[C@H](C)[C@@H](C)[C@@H]3O,4.995678626217358
O=c1cc(-c2ccc3c(c2)OCO3)oc(O)c1SCc1ccccc1,6.309803919971486
O=C(OC1CCCC1)c1ccccc1CSc1c(O)oc(-c2ccccc2)cc1=O,7.301029995663981
Cc1cc(C)cc(-c2cc(O)c(SCc3ccccc3)c(=O)o2)c1,6.585026652029182
Cc1cccc(-c2cc(O)c(SCc3ccccc3)c(=O)o2)c1,6.0655015487564325
CC(=O)N[C@H](C(=O)N[C@@H](Cc1ccccc1)C(O)[C@H](Cc1ccccc1)NC(=O)[C@@H](NC(C)=O)C(C)C)C(C)C,7.920818753952375
CC(C)[C@H](NC(=O)C(O)(c1ccccc1)c1ccccc1)C(=O)N[C@@H](Cc1ccccc1)[C@@H](O)[C@H](O)[C@H](Cc1ccccc1)NC(=O)[C@@H](NC(=O)C(O)(c1ccccc1)c1ccccc1)C(C)C,5.1938200260161125
CNC(=O)[C@@H](NC(=O)[C@H](OCc1ccccc1)[C@H](O)[C@@H](O)[C@@H](OCc1ccccc1)C(=O)N[C@H](C(=O)NC)C(C)C)C(C)C,7.823908740944319
O=C1N(Cc2ccc(CO)cc2)C(Cc2ccccc2)P(=O)(O)C(Cc2ccccc2)N1Cc1ccc(CO)cc1,6.619788758288394
CCCc1cc(=O)oc2c3c(c4c(c12)OC(C)(C)C=C4)O[C@@H](C)C(C)[C@@H]3O,6.154901959985743
CCCc1cc(=O)oc2c3c(c4c(c12)OC(C)(C)C=C4)O[C@@H](C)C(C)[C@@H]3O,6.013228265733755
CCCc1cc(=O)oc2c3c(c4c(c12)OC(C)(C)C=C4)O[C@@H](C)C(C)[C@@H]3O,4.7544873321858505
CC(=O)N[C@H](C(=O)N[C@H](C(=O)N[C@@H](Cc1ccccc1)C(O)[C@H](Cc1ccccc1)NC(=O)[C@H](NC(=O)[C@H](NC(C)=O)C(C)C)C(C)C)C(C)C)C(C)C,8.0
CC(C)[C@H](NC(=O)OCc1ccccc1)C(=O)N[C@@H](Cc1ccccc1)[C@@H](O)[C@H](Cc1ccccc1)NC(=O)[C@H](NC(=O)OCc1ccccc1)C(C)C,8.522878745280337
O=c1cc(-c2cccc(O)c2)oc(O)c1SCc1ccccc1,5.924453038607469
Cc1nc(C)c(C(=O)N[C@H](C(=O)N[C@@H](Cc2ccccc2)C[C@H](O)[C@H](Cc2ccccc2)NC(=O)[C@@H](NC(=O)c2sc(C)nc2C)C(C)C)C(C)C)s1,7.886056647693163
CC(C)CCCC(C)[C@H]1CC[C@H]2[C@@H]3CCC4CC(=C(c5cc(Cl)c(O)c(C(=O)O)c5)c5cc(Cl)c(O)c(C(=O)O)c5)CC[C@]4(C)[C@H]3CC[C@]12C,6.455931955649724
COC(=O)[C@@H](NC(=O)[C@H](OCc1ccccc1)[C@H](O)[C@@H](O)[C@@H](OCc1ccccc1)C(=O)N[C@H](C(=O)OC)C(C)C)C(C)C,5.301029995663981
COC(=O)c1ccc(-c2cc(O)c(SCc3ccccc3)c(=O)o2)cc1,4.0
CC(C)[C@H](NC(=O)CSc1ncccn1)C(=O)N[C@@H](Cc1ccccc1)C[C@H](O)[C@H](Cc1ccccc1)NC(=O)[C@@H](NC(=O)CSc1ncccn1)C(C)C,9.0
O=c1cc(-c2ccccc2)oc(O)c1SCc1ccc2c(c1)OCCO2,5.465973893943865
CCCc1cc(=O)oc2c3c(c4c(c12)OC(C)(C)C=C4)O[C@@H](C)[C@H](C)[C@@H]3O,3.8077113874318798
CCCc1cc(=O)oc2c3c(c4c(c12)OC(C)(C)C=C4)O[C@@H](C)[C@H](C)[C@@H]3O,4.555955204081924
Cc1nc(C)c(C(=O)N[C@H](C(=O)N[C@@H](Cc2ccccc2)[C@@H](O)[C@H](O)[C@H](Cc2ccccc2)NC(=O)[C@@H](NC(=O)c2sc(C)nc2C)C(C)C)C(C)C)s1,6.0655015487564325
CC(C)[C@H](NC(=O)OCc1ccccc1)C(=O)N[C@@H](Cc1ccccc1)[C@@H](O)[C@H](O)[C@H](Cc1ccccc1)NC(=O)[C@H](NC(=O)OCc1ccccc1)C(C)C,9.657577319177793
COc1ccc(-c2cc(O)c(SCc3ccccc3)c(=O)o2)cc1C,6.130768280269024
CC(C)(C)NC(=O)[C@@H]1C[C@@H]2CCCC[C@@H]2CN1C[C@@H](O)[C@H](Cc1ccccc1)NC(=O)O[C@H]1CCCS(=O)(=O)C1,5.758204568704802
O=C1CC(CCc2ccccc2)(c2ccccc2)OC(O)=C1Sc1cc2ccccc2s1,6.440093374963888
Cc1cc(C)cc(S(=O)(=O)c2c(C(N)=O)[nH]c3ccc(Cl)cc23)c1,6.886056647693163
CC[C@H](C)[C@H](NC(=O)[C@H](CCC(N)=O)NC(=O)[C@@H]1CCCN1C(=O)CCCCCCCCCCCCCCC(=O)N[C@H](CO)C(=O)N[C@@H](C(=O)N[C@H](CC(C)C)C(=O)N[C@H](CC(N)=O)C(=O)N[C@H](Cc1ccccc1)C(=O)O)[C@H](C)O)C(=O)N[C@H](C(=O)N[C@@H](CC(C)C)C(=O)N[C@@H](Cc1c[nH]c2ccccc12)C(=O)O)[C@@H](C)O,5.698970004336019
CC(C)[C@H](NC(=O)[C@H](Cc1cccc2ccccc12)CS(=O)(=O)C(C)(C)C)C(=O)N[C@H](Cc1ccccc1)P(N)(=O)[C@@H](Cc1ccccc1)NC(=O)[C@@H](NC(=O)[C@H](Cc1cccc2ccccc12)CS(=O)(=O)C(C)(C)C)C(C)C,9.0
CC(C)(C)c1c(SC2=C(O)OC(CCc3ccccc3)(c3ccccc3)CC2=O)oc2ccccc12,7.958607314841775
CC(C)(C)c1c(SC2=C(O)OC(CCc3ccccc3)(c3ccccc3)CC2=O)oc2ccccc12,6.6777807052660805
CC[C@H](C)[C@H](NC(=O)[C@H](CCC(N)=O)NC(=O)[C@@H]1CCCN1C(=O)CCCCCCC#CCCCCCCC(=O)N[C@H](CO)C(=O)N[C@@H](C(=O)N[C@H](CC(C)C)C(=O)N[C@H](CC(N)=O)C(=O)N[C@H](Cc1ccccc1)C(=O)O)[C@H](C)O)C(=O)N[C@H](C(=O)N[C@@H](CC(C)C)C(=O)N[C@@H](Cc1c[nH]c2ccccc12)C(=O)O)[C@@H](C)O,5.346787486224656
CC(C)[C@H](NC(=O)[C@H](Cc1cccc2ccccc12)CS(=O)(=O)C(C)(C)C)C(=O)N[C@H](Cc1ccccc1)P(N)(=O)[C@@H](Cc1ccccc1)NC(=O)[C@@H](NC(=O)[C@H](Cc1cccc2ccccc12)CS(=O)(=O)C(C)(C)C)C(C)C,6.6020599913279625
O=C(OC1COc2cccc(O)c2C1)c1ccc(O)c(O)c1O,4.189297139052883
Cc1ccc(S(=O)(=O)c2c(C(N)=O)[nH]c3ccc(Cl)cc23)cc1,6.958607314841775
CC(C)(C)NC(=O)[C@@H]1C[C@@H]2CCC[C@@H]2CN1C[C@@H](O)[C@H](Cc1ccccc1)NC(=O)O[C@H]1CCOC1,7.214670164989233
C[C@H]1[C@@H](OC(=O)N[C@@H](Cc2ccccc2)[C@H](O)CN2C[C@H]3CCC[C@H]3C[C@H]2C(=O)NC(C)(C)C)CCS1(=O)=O,7.8996294548824375
CC[C@H](C)[C@H](NC(=O)[C@H](CCC(N)=O)NC(=O)[C@@H]1CCCN1C(=O)CCCCCCC/C=C/CCCCCCCC(=O)N[C@H](CO)C(=O)N[C@@H](C(=O)N[C@H](CC(C)C)C(=O)N[C@H](CC(N)=O)C(=O)N[C@H](Cc1ccccc1)C(=O)O)[C@H](C)O)C(=O)N[C@H](C(=O)N[C@@H](CC(C)C)C(=O)N[C@@H](Cc1c[nH]c2ccccc12)C(=O)O)[C@@H](C)O,5.200659450546418
CC(C)(C)c1oc2ccccc2c1SC1=C(O)OC(CCc2ccccc2)(c2ccccc2)CC1=O,7.7447274948966935
CC(C)(C)c1oc2ccccc2c1SC1=C(O)OC(CCc2ccccc2)(c2ccccc2)CC1=O,6.675717544702307
CC(C)(C)NC(=O)[C@@H]1C[C@@H]2CCC[C@@H]2CN1C[C@@H](O)[C@H](Cc1ccccc1)NC(=O)O[C@H]1CCS(=O)(=O)C1,7.94692155651658
CC(C)(C)NC(=O)[C@@H]1C[C@@H]2CCCC[C@@H]2CN1C[C@@H](O)[C@H](Cc1ccccc1)NC(=O)O[C@H]1CCSC1,6.87942606879415
CCC[C@H]1[C@@H](OC(=O)N[C@@H](Cc2ccccc2)[C@H](O)CN2C[C@H]3CCCC[C@H]3C[C@H]2C(=O)NC(C)(C)C)CCS1(=O)=O,8.207608310501746
CC(C)[C@H]1[C@@H](OC(=O)N[C@@H](Cc2ccccc2)[C@H](O)CN2C[C@H]3CCCC[C@H]3C[C@H]2C(=O)NC(C)(C)C)CCS1(=O)=O,7.958607314841775
COP(=O)(CNC(=O)[C@@H](NC(=O)[C@H](Cc1cccc2ccccc12)CS(=O)(=O)C(C)(C)C)C(C)C)CNC(=O)[C@@H](NC(=O)[C@H](Cc1cccc2ccccc12)CS(=O)(=O)C(C)(C)C)C(C)C,6.022276394711152
CCc1c(SC2=C(O)OC(CCc3ccccc3)(c3ccccc3)CC2=O)sc2ccccc12,7.552841968657781
C[C@@H]1[C@H](OC(=O)N[C@@H](Cc2ccccc2)[C@H](O)CN2C[C@H]3CCCC[C@H]3C[C@H]2C(=O)NC(C)(C)C)CCS1(=O)=O,7.651695136951839
CCCC[C@@H]1[C@H](OC(=O)N[C@@H](Cc2ccccc2)[C@H](O)CN2C[C@H]3CCCC[C@H]3C[C@H]2C(=O)NC(C)(C)C)CCS1(=O)=O,7.339134521996131
CC(C)[C@H](NC(=O)[C@H](Cc1cccc2ccccc12)CS(=O)(=O)C(C)(C)C)C(=O)NCP(N)(=O)CNC(=O)[C@@H](NC(=O)[C@H](Cc1cccc2ccccc12)CS(=O)(=O)C(C)(C)C)C(C)C,8.259637310505756
Cc1cc(SC2=C(O)O[C@](CCc3ccc(O)cc3)(C(C)C)CC2=O)c(C(C)(C)C)cc1CO,9.0
O=C(OC1COc2cc(O)cc(O)c2C1)c1ccc(O)c(O)c1O,5.627087997029894
CC[C@H]1[C@@H](OC(=O)N[C@@H](Cc2ccccc2)[C@H](O)CN2C[C@H]3CCCC[C@H]3C[C@H]2C(=O)NC(C)(C)C)CCS1(=O)=O,8.267606240177031
CC(C)[C@@H]1[C@H](OC(=O)N[C@@H](Cc2ccccc2)[C@H](O)CN2C[C@H]3CCC[C@H]3C[C@H]2C(=O)NC(C)(C)C)CCS1(=O)=O,8.522878745280337
O=C(OC1COc2ccccc2C1)c1ccc(O)c(O)c1O,4.0
O=C(OCCC1COc2cc(O)c(O)cc2C1)c1ccc(O)c(O)c1O,5.198596289982645
O=C1CC(CCc2ccccc2)(c2ccccc2)OC(O)=C1Sc1cccs1,6.5376020021010435
CC(C)(C)NC(=O)[C@@H]1C[C@@H]2CCCC[C@@H]2CN1C[C@@H](O)[C@H](Cc1ccccc1)NC(=O)O[C@@H]1CCCS(=O)(=O)C1,5.684449465578095
CC[C@H](C)[C@H](NC(=O)[C@H](CCC(N)=O)NC(=O)[C@@H]1CCCN1C(=O)CCCCCC/C=C/CCCCCCC(=O)N[C@H](CO)C(=O)N[C@@H](C(=O)N[C@H](CC(C)C)C(=O)N[C@H](CC(N)=O)C(=O)N[C@H](Cc1ccccc1)C(=O)O)[C@H](C)O)C(=O)N[C@H](C(=O)N[C@@H](CC(C)C)C(=O)N[C@@H](Cc1c[nH]c2ccccc12)C(=O)O)[C@@H](C)O,4.756961951313706
CC[C@H](C)[C@H](NC(=O)[C@H](CCC(N)=O)NC(=O)[C@@H]1CCCN1C(=O)CCCCC/C=C\CCCCCC(=O)N[C@H](CO)C(=O)N[C@@H](C(=O)N[C@H](CC(C)C)C(=O)N[C@H](CC(N)=O)C(=O)N[C@H](Cc1ccccc1)C(=O)O)[C@H](C)O)C(=O)N[C@H](C(=O)N[C@@H](CC(C)C)C(=O)N[C@@H](Cc1c[nH]c2ccccc12)C(=O)O)[C@@H](C)O,4.485452247339714
CC(C)(C)c1cc2c(cc1SC1=C(O)OC(CCc3ccccc3)(c3ccccc3)CC1=O)CCCC2,7.552841968657781
CCCC[C@H]1[C@@H](OC(=O)N[C@@H](Cc2ccccc2)[C@H](O)CN2C[C@H]3CCCC[C@H]3C[C@H]2C(=O)NC(C)(C)C)CCS1(=O)=O,7.826813731587726
CC(C)(C)NC(=O)[C@@H]1C[C@@H]2CCCC[C@@H]2CN1C[C@@H](O)[C@H](Cc1ccccc1)NC(=O)O[C@H]1CCS(=O)(=O)[C@H]1C1CCCC1,8.207608310501746
Cc1c(SC2=C(O)OC(CCc3ccccc3)(c3ccccc3)CC2=O)sc2ccccc12,7.130768280269024
O=C(OC1COc2cc(O)cc(O)c2C1)c1ccccc1,4.0
CC[C@H](C)[C@H](NC(=O)[C@H](CCC(N)=O)NC(=O)[C@@H]1CCCN1C(=O)CCCCCC#CCCCCCC(=O)N[C@H](CO)C(=O)N[C@@H](C(=O)N[C@H](CC(C)C)C(=O)N[C@H](CC(N)=O)C(=O)N[C@H](Cc1ccccc1)C(=O)O)[C@H](C)O)C(=O)N[C@H](C(=O)N[C@@H](CC(C)C)C(=O)N[C@@H](Cc1c[nH]c2ccccc12)C(=O)O)[C@@H](C)O,4.6777807052660805
C[C@H]1[C@@H](OC(=O)N[C@@H](Cc2ccccc2)[C@H](O)CN2C[C@H]3CCCC[C@H]3C[C@H]2C(=O)NC(C)(C)C)CCS1(=O)=O,7.943095148663527
CC[C@H](C)[C@H](NC(=O)[C@H](CCC(N)=O)NC(=O)[C@@H]1CCCN1C(=O)CCCCCCCCCCCCCCCCC(=O)N[C@H](CO)C(=O)N[C@@H](C(=O)N[C@H](CC(C)C)C(=O)N[C@H](CC(N)=O)C(=O)N[C@H](Cc1ccccc1)C(=O)O)[C@H](C)O)C(=O)N[C@H](C(=O)N[C@@H](CC(C)C)C(=O)N[C@@H](Cc1c[nH]c2ccccc12)C(=O)O)[C@@H](C)O,5.3979400086720375
CC[C@H](C)[C@H](NC(=O)[C@H](CCC(N)=O)NC(=O)[C@@H]1CCCN1C(=O)CCCCCCCC#CCCCCCCCC(=O)N[C@H](CO)C(=O)N[C@@H](C(=O)N[C@H](CC(C)C)C(=O)N[C@H](CC(N)=O)C(=O)N[C@H](Cc1ccccc1)C(=O)O)[C@H](C)O)C(=O)N[C@H](C(=O)N[C@@H](CC(C)C)C(=O)N[C@@H](Cc1c[nH]c2ccccc12)C(=O)O)[C@@H](C)O,5.142667503568732
CC(C)(C)n1c(SC2=C(O)OC(CCc3ccccc3)(c3ccccc3)CC2=O)nc2ccccc21,6.296708621881338
Cc1ccsc1SC1=C(O)OC(CCc2ccccc2)(c2ccccc2)CC1=O,6.709965388637482
CC(C)(C)NC(=O)[C@@H]1C[C@@H]2CCCC[C@@H]2CN1C[C@@H](O)[C@H](Cc1ccccc1)NC(=O)O[C@@H]1CCSC1,6.657577319177793
C[C@H]1OCC[C@H]1OC(=O)N[C@@H](Cc1ccccc1)[C@H](O)CN1C[C@H]2CCCC[C@H]2C[C@H]1C(=O)NC(C)(C)C,6.772113295386326
CC(C)[C@]1(CCc2ccc(O)cc2)CC(=O)C(Sc2sc3ccccc3c2C(C)(C)C)=C(O)O1,9.0
O=C(OC1COc2cc(O)ccc2C1)c1ccc(O)c(O)c1O,4.510885630621081
CC(C)(C)NC(=O)[C@@H]1C[C@@H]2CCCC[C@@H]2CN1C[C@@H](O)[C@H](Cc1ccccc1)NC(=O)OCCS(C)(=O)=O,5.987162775294828
C[C@@H]1C[C@H](OC(=O)N[C@@H](Cc2ccccc2)[C@H](O)CN2C[C@H]3CCCC[C@H]3C[C@H]2C(=O)NC(C)(C)C)CS1(=O)=O,7.086186147616283
CC(C)(C)NC(=O)[C@@H]1C[C@@H]2CCCC[C@@H]2CN1C[C@@H](O)[C@H](Cc1ccccc1)NC(=O)O[C@@H]1CCS(=O)(=O)C1,6.853871964321762
CC[C@H](C)[C@H](NC(=O)[C@H](CCC(N)=O)NC(=O)[C@@H]1CCCN1C(=O)CCCCC/C=C/CCCCCC(=O)N[C@H](CO)C(=O)N[C@@H](C(=O)N[C@H](CC(C)C)C(=O)N[C@H](CC(N)=O)C(=O)N[C@H](Cc1ccccc1)C(=O)O)[C@H](C)O)C(=O)N[C@H](C(=O)N[C@@H](CC(C)C)C(=O)N[C@@H](Cc1c[nH]c2ccccc12)C(=O)O)[C@@H](C)O,4.288192770958809
CC[C@H](C)[C@H](NC(=O)[C@H](CCC(N)=O)NC(=O)[C@@H]1CCCN1C(=O)CCCCCCC/C=C\CCCCCCCC(=O)N[C@H](CO)C(=O)N[C@@H](C(=O)N[C@H](CC(C)C)C(=O)N[C@H](CC(N)=O)C(=O)N[C@H](Cc1ccccc1)C(=O)O)[C@H](C)O)C(=O)N[C@H](C(=O)N[C@@H](CC(C)C)C(=O)N[C@@H](Cc1c[nH]c2ccccc12)C(=O)O)[C@@H](C)O,5.356547323513812
CC(C)(C)NC(=O)[C@@H]1C[C@@H]2CCCC[C@@H]2CN1C[C@@H](O)[C@H](Cc1ccccc1)NC(=O)C1CO[C@@H]2CCS(=O)(=O)[C@@H]2C1,7.522878745280337
CC(C)(C)NC(=O)[C@@H]1C[C@@H]2CCCC[C@@H]2CN1C[C@@H](O)[C@H](Cc1ccccc1)NC(=O)O[C@@H]1CCS(=O)(=O)[C@@H]1C1CCCC1,7.645891560852599
CC(C)[C@H](NC(=O)[C@H](Cc1cccc2ccccc12)CS(=O)(=O)C(C)(C)C)C(=O)N[C@H](Cc1ccccc1)P(=O)(O)[C@@H](Cc1ccccc1)NC(=O)[C@@H](NC(=O)[C@H](Cc1cccc2ccccc12)CS(=O)(=O)C(C)(C)C)C(C)C,9.301029995663981
CC(C)(C)NC(=O)[C@@H]1C[C@@H]2CCCC[C@@H]2CN1C[C@@H](O)[C@H](Cc1ccccc1)NC(=O)O[C@H]1CCS(=O)(=O)C1,7.119186407719209
CC(C)(C)NC(=O)[C@@H]1C[C@@H]2CCCC[C@@H]2CN1C[C@@H](O)[C@H](Cc1ccccc1)NC(=O)OC1CS(=O)(=O)C1,6.982966660701219
CC(C)[C@H](NC(=O)[C@H](Cc1cccc2ccccc12)CS(=O)(=O)C(C)(C)C)C(=O)N[C@H](Cc1ccccc1)P(=O)(O)[C@@H](Cc1ccccc1)NC(=O)[C@@H](NC(=O)[C@H](Cc1cccc2ccccc12)CS(=O)(=O)C(C)(C)C)C(C)C,7.070581074285707
C[C@@H]1CS(=O)(=O)C[C@@H]1OC(=O)N[C@@H](Cc1ccccc1)[C@H](O)CN1C[C@H]2CCCC[C@H]2C[C@H]1C(=O)NC(C)(C)C,6.665546248849069
CC[C@@H]1[C@H](OC(=O)N[C@@H](Cc2ccccc2)[C@H](O)CN2C[C@H]3CCCC[C@H]3C[C@H]2C(=O)NC(C)(C)C)CCS1(=O)=O,7.882728704344236
CC[C@H](C)[C@H](NC(=O)[C@H](CCC(N)=O)NC(=O)[C@@H]1CCCN1C(=O)CCCCCC/C=C\CCCCCCC(=O)N[C@H](CO)C(=O)N[C@@H](C(=O)N[C@H](CC(C)C)C(=O)N[C@H](CC(N)=O)C(=O)N[C@H](Cc1ccccc1)C(=O)O)[C@H](C)O)C(=O)N[C@H](C(=O)N[C@@H](CC(C)C)C(=O)N[C@@H](Cc1c[nH]c2ccccc12)C(=O)O)[C@@H](C)O,4.889410289700751
CC[C@H](C)[C@H](NC(=O)[C@H](CCC(N)=O)NC(=O)[C@@H]1CCCN1C(=O)CCCCCCCCCCCCC(=O)N[C@H](CO)C(=O)N[C@@H](C(=O)N[C@H](CC(C)C)C(=O)N[C@H](CC(N)=O)C(=O)N[C@H](Cc1ccccc1)C(=O)O)[C@H](C)O)C(=O)N[C@H](C(=O)N[C@@H](CC(C)C)C(=O)N[C@@H](Cc1c[nH]c2ccccc12)C(=O)O)[C@@H](C)O,4.886056647693163
CC(C)[C@H](NC(=O)[C@H](Cc1cccc2ccccc12)CS(=O)(=O)C(C)(C)C)C(=O)NCP(=O)(O)CNC(=O)[C@@H](NC(=O)[C@H](Cc1cccc2ccccc12)CS(=O)(=O)C(C)(C)C)C(C)C,8.958607314841775
O=C(OC1COc2cc(O)cc(O)c2C1)c1cccc(O)c1O,4.0
C[C@H]1CS(=O)(=O)C[C@H]1OC(=O)N[C@@H](Cc1ccccc1)[C@H](O)CN1C[C@H]2CCCC[C@H]2C[C@H]1C(=O)NC(C)(C)C,7.154901959985743
NC(=O)c1[nH]c2ccc(Cl)cc2c1S(=O)(=O)c1ccccc1,6.795880017344075
CCC[C@@H]1[C@H](OC(=O)N[C@@H](Cc2ccccc2)[C@H](O)CN2C[C@H]3CCCC[C@H]3C[C@H]2C(=O)NC(C)(C)C)CCS1(=O)=O,7.696803942579511
CC(C)(C)NC(=O)[C@@H]1C[C@@H]2CCCC[C@@H]2CN1C[C@@H](O)[C@H](Cc1ccccc1)NC(=O)C1CO[C@H]2CCS(=O)(=O)[C@H]2C1,7.920818753952375
CC(C)(C)c1cc2c(cc1SC1=C(O)OC(CCc3ccccc3)(c3ccccc3)CC1=O)CCC2,8.045757490560675
CC(C)(C)c1cc2c(cc1SC1=C(O)OC(CCc3ccccc3)(c3ccccc3)CC1=O)CCC2,6.886056647693163
C[C@H]1C[C@@H](OC(=O)N[C@@H](Cc2ccccc2)[C@H](O)CN2C[C@H]3CCCC[C@H]3C[C@H]2C(=O)NC(C)(C)C)CS1(=O)=O,5.795880017344075
CC(C)[C@H](NC(=O)[C@H](Cc1cccc2ccccc12)CS(=O)(=O)C(C)(C)C)C(=O)NCP(=O)(CNC(=O)[C@@H](NC(=O)[C@H](Cc1cccc2ccccc12)CS(=O)(=O)C(C)(C)C)C(C)C)NN,8.070581074285707
CC(C)(C)c1c(SC2=C(O)OC(CCc3ccccc3)(c3ccccc3)CC2=O)sc2ccccc12,8.154901959985743
CC(C)(C)c1c(SC2=C(O)OC(CCc3ccccc3)(c3ccccc3)CC2=O)sc2ccccc12,7.769551078621726
CC(C)(C)NC(=O)[C@@H]1C[C@@H]2CCCC[C@@H]2CN1C[C@@H](O)[C@H](Cc1ccccc1)NC(=O)O[C@H]1CCOC1,6.87942606879415
C[C@@H]1OCC[C@@H]1OC(=O)N[C@@H](Cc1ccccc1)[C@H](O)CN1C[C@H]2CCCC[C@H]2C[C@H]1C(=O)NC(C)(C)C,7.280668713016273
CC(C)[C@@H]1[C@H](OC(=O)N[C@@H](Cc2ccccc2)[C@H](O)CN2C[C@H]3CCCC[C@H]3C[C@H]2C(=O)NC(C)(C)C)CCS1(=O)=O,8.455931955649724
Cc1ccc(C(C)(C)C)c(SC2=C(O)OC(CCc3ccccc3)(c3ccccc3)CC2=O)c1,8.0
Cc1ccc(C(C)(C)C)c(SC2=C(O)OC(CCc3ccccc3)(c3ccccc3)CC2=O)c1,7.455931955649724
Cc1cc(SC2=C(O)OC(C)(CCc3ccc(O)cc3)CC2=O)c(C(C)(C)C)cc1NS(=O)(=O)c1ccccc1,8.823908740944319
Cc1cc(SC2=C(O)OC(CCc3ccccc3)(C(C)C)CC2=O)c(C(C)(C)C)cc1NS(=O)(=O)c1cccnc1,8.455931955649724
Cc1cc(SC2=C(O)OC(C)(CCc3ccc(O)cc3)CC2=O)c(C(C)(C)C)cc1OS(=O)(=O)c1ccc(F)cc1,7.772113295386326
Cc1cc(SC2=C(O)OC(CCc3ccc(N)cc3)(C(C)C)CC2=O)c(C(C)(C)C)cc1OS(=O)(=O)c1cccs1,7.732828271596986
O=C1NNC(=O)c2ccccc2SSc2ccccc2C(=O)NNC(=O)c2ccccc2SSc2ccccc21,4.045757490560675
O=C1NNC(=O)c2ccccc2SSc2ccccc2C(=O)NNC(=O)c2ccccc2SSc2ccccc21,4.0
CN(C)CCCNC(=O)[C@@H](NC(=O)[C@H](Cc1ccccc1)C[C@H](O)[C@H](Cc1ccccc1)NC(=O)OC(C)(C)C)c1ccccc1,7.585026652029182
CC(C)C[C@H](NC(=O)[C@H](Cc1ccccc1)C[C@H](O)[C@H](Cc1ccccc1)NC(=O)OC(C)(C)C)C(=O)NCCO,8.67778070526608
CCCCCCCCCCCCCCCC(=O)Nc1c(O)cc(S(=O)(=O)O)c2ccccc12,5.494850021680094
CCCCCCCCCCCCCCCC(=O)Nc1c(O)cc(S(=O)(=O)O)c2ccccc12,4.882728704344236
CCCCCCCNC(=O)C(NC(=O)Cc1ccccc1)[C@@H]1N[C@@H](C(=O)NCC(O)CN2C[C@H]3CCCC[C@H]3C[C@H]2C(=O)NC(C)(C)C)C(C)(C)S1,7.0655015487564325
CC(C)(C)OC(=O)N[C@@H](Cc1ccccc1)[C@@H](O)CCC(=O)N[C@@H]1c2ccccc2C[C@H]1O,5.531999948546901
CCC(C)[C@H](NC(=O)[C@H](Cc1ccccc1)C[C@H](O)[C@H](Cc1ccccc1)NC(=O)OC(C)(C)C)C(=O)NCCO,9.337242168318426
CC(C)(C)NC(=O)[C@H]1N(CC(O)CNC(=O)[C@@H]2N[C@@H]([C@H](NC(=O)Cc3ccccc3)C(=O)NCc3ccccc3)SC2(C)C)CSC1(C)C,7.6777807052660805
CC1(C)S[C@H](C(NC(=O)Cc2ccccc2)C(=O)NCc2ccccc2)N[C@H]1C(=O)N[C@H](Cc1ccccc1)[C@H](O)CC(=O)NCc1ccccc1,5.337242168318426
CC(C)(C)OC(=O)N[C@@H](Cc1ccccc1)[C@@H](O)C[C@@H](Cc1ccccc1)C(=O)N[C@@H]1c2ccccc2OC[C@H]1O,9.744968836654449
CCNS(=O)(=O)Nc1cc(C(C)(C)C)c(SC2=C(O)OC(CCc3ccccc3)(C(C)C)CC2=O)cc1C,8.481486060122112
CC(C)[C@H](NC(=O)[C@H](Cc1ccccc1)C[C@H](O)[C@H](Cc1ccccc1)NC(=O)OC(C)(C)C)C(N)=O,8.958607314841775
CC(C)(C)OC(=O)N[C@@H](Cc1ccccc1)[C@@H](O)C[C@@H](Cc1ccccc1)C(=O)N[C@@H](CO)C(N)=O,6.217527375833714
CC1=C(CCC(=O)O)c2cc3[nH]c(cc4[nH]c(cc5nc(cc1n2)C(C)=C5C(COC(=O)C1=CCC1)OC(=O)C1=CCC1)c(C)c4C(COC(=O)C1=CCC1)OC(=O)C1=CCC1)c(C)c3CCC(=O)O,6.154901959985743
CC1=C(CCC(=O)O)c2cc3[nH]c(cc4[nH]c(cc5nc(cc1n2)C(C)=C5C(COC(=O)C1=CCC1)OC(=O)C1=CCC1)c(C)c4C(COC(=O)C1=CCC1)OC(=O)C1=CCC1)c(C)c3CCC(=O)O,5.0
CC1=C(CCC(=O)O)c2cc3[nH]c(cc4[nH]c(cc5nc(cc1n2)C(C)=C5C(COC(=O)C1=CCC1)OC(=O)C1=CCC1)c(C)c4C(COC(=O)C1=CCC1)OC(=O)C1=CCC1)c(C)c3CCC(=O)O,6.045757490560675
CC(C)C[C@H](NC(=O)[C@H](Cc1ccccc1)C[C@H](O)[C@H](Cc1ccccc1)NC(=O)OC(C)(C)C)C(=O)NCCCN(C)C,7.638272163982407
CCNC(=O)C(NC(=O)Cc1ccccc1)[C@@H]1N[C@@H](C(=O)NCC(O)CN2C[C@H]3CCCC[C@H]3C[C@H]2C(=O)NC(C)(C)C)C(C)(C)S1,7.508638306165727
CCNC(=O)C(NC(=O)Cc1ccccc1)[C@@H]1N[C@@H](C(=O)NCC(O)CN[C@@H](CC2CCCCC2)C(=O)NC(C)(C)C)C(C)(C)S1,6.0
Cc1cc(SC2=C(O)OC(CCc3ccc(O)cc3)(C(C)C)CC2=O)c(C(C)(C)C)cc1NS(=O)(=O)c1cccnc1,8.585026652029182
CCCC1(CCc2ccc(O)cc2)CC(=O)C(Sc2cc(C)c(OS(=O)(=O)Cn3ccnc3)cc2C(C)(C)C)=C(O)O1,8.657577319177793
O=C(NNC(=O)c1ccccc1S)c1ccccc1S,4.045757490560675
O=C(NNC(=O)c1ccccc1S)c1ccccc1S,4.0
CC(C)(C)OC(=O)N[C@@H](Cc1ccccc1)[C@@H](O)C[C@@H](Cc1ccccc1)C(=O)N[C@@H](Cc1ccccc1)C(N)=O,7.5376020021010435
CC1=C(C(COC(=O)C23C[C@H]4C[C@@H](C2)C[C@@H](C3)C4)OC(=O)C23C[C@H]4C[C@@H](C2)C[C@@H](C3)C4)c2cc3nc(cc4[nH]c(cc5[nH]c(cc1n2)c(C)c5CCC(=O)O)c(CCC(=O)O)c4C)C(C(COC(=O)C12C[C@H]4C[C@@H](C1)C[C@@H](C2)C4)OC(=O)C12C[C@H]4C[C@@H](C1)C[C@@H](C2)C4)=C3C,5.301029995663981
Cc1cc(SC2=C(O)OC(CCc3ccccc3)(C(C)C)CC2=O)c(C(C)(C)C)cc1OS(=O)(=O)Cn1ccnc1,8.522878745280337
CCNS(=O)(=O)Oc1cc(C(C)(C)C)c(SC2=C(O)OC(CCc3ccccc3)(C(C)C)CC2=O)cc1C,8.050609993355087
C=CC1=C(C)c2cc3[nH]c(cc4nc(cc5[nH]c(cc1n2)c(C)c5CCC(=O)O)C(CCC(=O)O)=C4C)c(C)c3C=C,3.5228787452803374
C=CC1=C(C)c2cc3[nH]c(cc4nc(cc5[nH]c(cc1n2)c(C)c5CCC(=O)O)C(CCC(=O)O)=C4C)c(C)c3C=C,3.6989700043360187
CCCCCCCCCCCCCCCC(=O)Nc1ccc(S(=O)(=O)O)c2cccc(S(=O)(=O)O)c12,5.795880017344075
CCCCCCCCCCCCCCCC(=O)Nc1ccc(S(=O)(=O)O)c2cccc(S(=O)(=O)O)c12,5.173925197299174
CC(C)(C)OC(=O)N[C@@H](Cc1ccccc1)[C@@H](O)C[C@@H](Cc1ccccc1)C(=O)N[C@@]1(C)c2ccccc2C[C@H]1O,6.67300909447964
Cc1cc(SC2=C(O)OC(CCc3ccc(O)cc3)(C(C)C)CC2=O)c(C(C)(C)C)cc1NS(=O)(=O)c1ccccc1,8.744727494896694
Cc1cc(SC2=C(O)OC(C)(CCc3ccc(O)cc3)CC2=O)c(C(C)(C)C)cc1NS(=O)(=O)c1ccc(Cl)cc1,8.455931955649724
Cc1cc(SC2=C(O)OC(CCc3ccccc3)(C(C)C)CC2=O)c(C(C)(C)C)cc1NS(=O)(=O)c1cccs1,8.443697499232712
Cc1cc(SC2=C(O)OC(CCc3ccccc3)(C(C)C)CC2=O)c(C(C)(C)C)cc1OS(=O)(=O)c1cccnc1,7.853871964321762
CC1=C(C(O)CO)c2cc3nc(cc4[nH]c(cc5[nH]c(cc1n2)c(C)c5CCC(=O)O)c(CCC(=O)O)c4C)C(C(O)CO)=C3C,3.5528419686577806
CC1=C(C(O)CO)c2cc3nc(cc4[nH]c(cc5[nH]c(cc1n2)c(C)c5CCC(=O)O)c(CCC(=O)O)c4C)C(C(O)CO)=C3C,3.6989700043360187
CC(C)[C@H](NC(=O)[C@H](Cc1ccccc1)C[C@H](O)[C@H](Cc1ccccc1)NC(=O)OC(C)(C)C)C(=O)NCc1nc2ccccc2[nH]1,9.698970004336019
CC(C)(C)NC(=O)[C@@H]1C[C@@H]2CCCC[C@@H]2CN1C[C@H](O)CNC(=O)[C@@H]1N[C@@H](C(NC(=O)Cc2ccccc2)C(=O)NCC2CCCCC2)SC1(C)C,6.522878745280337
CC(C)(C)OC(=O)N[C@@H](Cc1ccccc1)[C@@H](O)C[C@@H](Cc1ccccc1)C(=O)N[C@@H]1c2ccccc2C[C@H]1O,9.602059991327963
CC(C)(C)OC(=O)N[C@@H](Cc1ccccc1)[C@@H](O)C[C@@H](Cc1ccccc1)C(=O)N[C@H]1c2ccccc2OC[C@@H]1O,7.392009141452825
CC(C)(C)OC(=O)N[C@@H](Cc1ccccc1)[C@@H](O)C[C@@H](Cc1ccccc1)C(=O)N[C@@H]1c2ccccc2[C@@H](O)[C@H]1O,10.0
Cc1cc(SC2=C(O)OC(CCc3ccc(O)cc3)(C(C)C)CC2=O)c(C(C)(C)C)cc1NS(=O)(=O)c1ccc(Cl)cc1,8.275724130399212
Cc1cc(SC2=C(O)OC(CCc3ccc(N)cc3)(C(C)C)CC2=O)c(C(C)(C)C)cc1OS(=O)(=O)c1ccc(C#N)cc1,8.886056647693163
CC(C)[C@H](NC(=O)[C@H](Cc1ccccc1)C[C@H](O)[C@H](Cc1ccccc1)NC(=O)OC(C)(C)C)C(=O)NCc1ccccn1,9.1249387366083
CC1=C(C(COC(=O)c2ccc3ccccc3c2)OC(=O)c2ccc3ccccc3c2)c2cc3nc(cc4[nH]c(cc5[nH]c(cc1n2)c(C)c5CCC(=O)O)c(CCC(=O)O)c4C)C(C(COC(=O)c1ccc2ccccc2c1)OC(=O)c1ccc2ccccc2c1)=C3C,4.853871964321762
CC1=C(C(COC(=O)c2ccc3ccccc3c2)OC(=O)c2ccc3ccccc3c2)c2cc3nc(cc4[nH]c(cc5[nH]c(cc1n2)c(C)c5CCC(=O)O)c(CCC(=O)O)c4C)C(C(COC(=O)c1ccc2ccccc2c1)OC(=O)c1ccc2ccccc2c1)=C3C,3.8239087409443187
Cc1cc(SC2=C(O)OC(CCc3ccc(O)cc3)(C(C)C)CC2=O)c(C(C)(C)C)cc1NS(C)(=O)=O,8.397940008672037
Cc1cc(SC2=C(O)OC(C)(CCc3ccc(O)cc3)CC2=O)c(C(C)(C)C)cc1N,7.886056647693163
CC(C)C[C@H](NC(=O)[C@H](Cc1ccccc1)C[C@H](O)[C@H](Cc1ccccc1)NC(=O)OC(C)(C)C)C(N)=O,8.0
CCC(C)[C@H](NC(=O)[C@H](Cc1ccccc1)C[C@H](O)[C@H](Cc1ccccc1)NC(=O)OC(C)(C)C)C(N)=O,8.568636235841012
CC(C)(C)OC(=O)N[C@@H](Cc1ccccc1)[C@@H](O)C[C@@H](Cc1ccccc1)C(=O)N[C@@H](Cc1cc2ccccc2[nH]1)C(N)=O,7.221848749616356
CC1=C(C(COC(=O)c2ccccc2)OC(=O)c2ccccc2)c2cc3nc(cc4[nH]c(cc5[nH]c(cc1n2)c(C)c5CCC(=O)O)c(CCC(=O)O)c4C)C(C(COC(=O)c1ccccc1)OC(=O)c1ccccc1)=C3C,4.853871964321762
CC1=C(C(COC(=O)c2ccccc2)OC(=O)c2ccccc2)c2cc3nc(cc4[nH]c(cc5[nH]c(cc1n2)c(C)c5CCC(=O)O)c(CCC(=O)O)c4C)C(C(COC(=O)c1ccccc1)OC(=O)c1ccccc1)=C3C,4.0
CC(C)(C)NC(=O)[C@@H]1CCCCN1C[C@@H](O)CNC(=O)[C@@H]1N[C@@H](C(NC(=O)Cc2ccccc2)C(=O)NCc2ccccc2)SC1(C)C,5.187086643357144
Cc1cc(SC2=C(O)OC(CCc3ccc(O)cc3)(C3CC3)CC2=O)c(C(C)(C)C)cc1NS(=O)(=O)c1ccccc1,8.443697499232712
CCC(C)[C@H](NC(=O)[C@H](Cc1ccccc1)C[C@H](O)[C@H](Cc1ccccc1)NC(=O)OC(C)(C)C)C(=O)NCCN(C)C,8.148741651280925
CNCCNC(=O)[C@@H](NC(=O)[C@H](Cc1ccccc1)C[C@H](O)[C@H](Cc1ccccc1)NC(=O)OC(C)(C)C)C(C)C,8.761953896871205
CC(C)(C)NC(=O)[C@@H]1C[C@@H](OC(C)(C)C)CN1CC(O)CNC(=O)[C@@H]1N[C@@H](C(NC(=O)Cc2ccccc2)C(=O)NCc2ccccc2)SC1(C)C,5.795880017344075
CC(C)(C)OC(=O)N[C@@H](Cc1ccccc1)[C@@H](O)C[C@@H](Cc1c(F)c(F)c(F)c(F)c1F)C(=O)N[C@@H]1c2ccccc2C[C@H]1O,9.221993538576491
CC(C)(C)OC(=O)N[C@@H](Cc1ccccc1)[C@@H](O)C[C@@H](Cc1ccccc1)C(=O)N[C@@H]1C=CC[C@H]1O,8.02099825152528
CC(C)(C)OC(=O)N[C@@H](Cc1ccccc1)[C@@H](O)C[C@@H](Cc1ccccc1)C(=O)N[C@H]1CCc2ccccc21,7.464959186748839
Cc1cc(SC2=C(O)OC(C)(CCc3ccc(O)cc3)CC2=O)c(C(C)(C)C)cc1NS(=O)(=O)c1ccc(C#N)cc1,8.67778070526608
Cc1cc(SC2=C(O)OC(CCc3ccc(N)cc3)(C(C)C)CC2=O)c(C(C)(C)C)cc1OS(=O)(=O)N(C)C,8.4089353929735
CC(C)C[C@H](NC(=O)[C@H](Cc1ccccc1)C[C@H](O)[C@H](Cc1ccccc1)NC(=O)OC(C)(C)C)C(=O)NCCc1ccccc1,7.823908740944319
CC1(C)S[C@H]([C@H](NC(=O)Cc2ccccc2)C(=O)NCc2ccccc2)N[C@H]1C(=O)NCCNC(=O)[C@@H]1N[C@@H]([C@H](NC(=O)Cc2ccccc2)C(=O)NCc2ccccc2)SC1(C)C,9.045757490560675
C[C@H](NC(=O)[C@H](Cc1ccccc1)C[C@H](O)[C@H](Cc1ccccc1)NC(=O)OC(C)(C)C)C(N)=O,8.154901959985743
CC1=C(CCOC(=O)C2=CC2)c2cc3[nH]c(cc4[nH]c(cc5nc(cc1n2)C(C)=C5CCC(=O)O)c(CCC(=O)O)c4C)c(CCOC(=O)C1=CC1)c3C,6.560667306169737
CC1=C(CCOC(=O)C2=CC2)c2cc3[nH]c(cc4[nH]c(cc5nc(cc1n2)C(C)=C5CCC(=O)O)c(CCC(=O)O)c4C)c(CCOC(=O)C1=CC1)c3C,4.301029995663981
CC(C)[C@H](NC(=O)[C@H](Cc1ccccc1)C[C@H](O)[C@H](Cc1ccccc1)NC(=O)OC(C)(C)C)C(=O)NCc1ccncc1,9.207608310501746
CC(C)(C)NC(=O)[C@@H]1C[C@@H]2CCCC[C@@H]2CN1C[C@H](O)CNC(=O)[C@@H]1N[C@@H](C(NC(=O)Cc2ccccc2)C(=O)NCc2ccccc2)SC1(C)C,6.795880017344075
CC(C)(C)OC(=O)N[C@@H](Cc1ccccc1)[C@@H](O)C[C@@H](Cc1ccncc1)C(=O)N[C@@H]1c2ccccc2C[C@H]1O,9.275970027064403
Cc1cc(SC2=C(O)OC(C)(CCc3ccc(O)cc3)CC2=O)c(C(C)(C)C)cc1NS(=O)(=O)c1ccc(C(F)(F)F)cc1,7.910094888560602
Cc1cc(SC2=C(O)OC(CCc3ccc(O)cc3)(C(C)C)CC2=O)c(C(C)(C)C)cc1OS(=O)(=O)c1ccccn1,8.301029995663981
Cc1cc(SC2=C(O)OC(CCc3ccc(O)cc3)(C3CCCCC3)CC2=O)c(C(C)(C)C)cc1OS(=O)(=O)c1ccccc1,6.882728704344236
CC(C)(C)OC(=O)N[C@@H](Cc1ccccc1)[C@@H](O)C[C@@H](Cc1ccccc1)C(=O)N[C@H](C(=O)NCc1ccccc1)c1ccccc1,8.236572006437063
CC(C)[C@H](NC(=O)[C@H](Cc1ccccc1)C[C@H](O)[C@H](Cc1ccccc1)NC(=O)OC(C)(C)C)C(=O)NCC(O)CO,10.301029995663981
CC(C)(C)NC(=O)[C@@H]1C[C@@H]2CCCC[C@@H]2CN1CC(O)CNC(=O)[C@@H]1N[C@@H](C(NC(=O)Cc2ccccc2)C(=O)NCCNC(=O)OC(C)(C)C)SC1(C)C,6.795880017344075
CC(C)(C)OC(=O)N[C@@H](Cc1ccccc1)[C@@H](O)C[C@@H](Cc1ccccc1)C(=O)N[C@@H]1c2ccccc2CC[C@H]1O,9.155026061853112
Cc1cc(SC2=C(O)OC(C)(CCc3ccc(O)cc3)CC2=O)c(C(C)(C)C)cc1NS(=O)(=O)c1ccc(F)cc1,8.431798275933005
Cc1cc(SC2=C(O)OC(CCc3ccc(O)cc3)(C(C)C)CC2=O)c(C(C)(C)C)cc1OS(=O)(=O)c1cccs1,7.661543506395395
CC(C)[C@H](NC(=O)[C@H](Cc1ccccc1)C[C@H](O)[C@H](Cc1ccccc1)NC(=O)OC(C)(C)C)C(=O)NCc1cccnc1,9.161150909262744
CC(C)[C@H](NC(=O)[C@H](Cc1ccccc1)C[C@H](O)[C@H](Cc1ccccc1)NC(=O)OC(C)(C)C)C(=O)NCc1ccccc1,9.619788758288394
CCCCCCCCCCCCCCCC(=O)Nc1c(OC(=O)CCCCCCCCCCCCCCC)cc(S(=O)(=O)O)c2ccccc12,6.142667503568732
CCCCCCCCCCCCCCCC(=O)Nc1c(OC(=O)CCCCCCCCCCCCCCC)cc(S(=O)(=O)O)c2ccccc12,5.180456064458132
CC(C)(C)OC(=O)N[C@@H](Cc1ccccc1)[C@@H](O)C[C@@H](Cc1ccc(I)cc1)C(=O)N[C@@H]1c2ccccc2C[C@H]1O,9.143029566517507
Cc1cc(SC2=C(O)OC(CCc3ccc(O)cc3)(C(C)C)CC2=O)c(C(C)(C)C)cc1OS(=O)(=O)c1ccc(C#N)cc1,8.346787486224656
Cc1cc(SC2=C(O)OC(CCc3ccc(O)cc3)(C(C)C)CC2=O)c(C(C)(C)C)cc1OS(=O)(=O)c1cccnc1,8.455931955649724
Cc1cc(SC2=C(O)OC(C)(CCc3ccc(O)cc3)CC2=O)c(C(C)(C)C)cc1OS(=O)(=O)c1ccccc1,8.008773924307505
CC(C)(C)OC(=O)N[C@@H](Cc1ccccc1)[C@@H](O)C[C@@H](Cc1ccccc1)C(=O)N[C@H](C(=O)NCc1nc2ccccc2[nH]1)c1ccccc1,10.154901959985743
CC(C)(C)OC(=O)N[C@@H](Cc1ccccc1)[C@@H](O)C[C@@H](C/C=C/c1ccccc1)C(=O)N[C@@H]1c2ccccc2C[C@H]1O,9.638083381331356
Cc1cc(SC2=C(O)OC(CCc3ccc(O)cc3)(C3CCCC3)CC2=O)c(C(C)(C)C)cc1NS(=O)(=O)c1ccccc1,8.065501548756432
CCNS(=O)(=O)Oc1cc(C(C)(C)C)c(SC2=C(O)OC(CCc3ccc(N)cc3)(C(C)C)CC2=O)cc1C,8.366531544420413
CC(C)(C)OC(=O)N[C@@H](Cc1ccccc1)[C@@H](O)C[C@@H](Cc1ccccc1)C(=O)N[C@H](C(N)=O)C1CCCCC1,8.2839966563652
CC(C)(C)OC(=O)N[C@@H](Cc1ccccc1)[C@@H](O)C[C@@H](Cc1ccccc1)C(=O)NCC(N)=O,6.259637310505756
Cc1ccc(C[C@H](C[C@H](O)[C@H](Cc2ccccc2)NC(=O)OC(C)(C)C)C(=O)N[C@@H]2c3ccccc3C[C@H]2O)cc1,9.538051504796238
COC(=O)[C@@H]1Cc2ccccc2[C@H]1NC(=O)[C@H](Cc1ccccc1)C[C@H](O)[C@H](Cc1ccccc1)NC(=O)OC(C)(C)C,7.17901082358395
Cc1cc(SC2=C(O)OC(CCc3ccc(O)cc3)(C(C)C)CC2=O)c(C(C)(C)C)cc1NS(=O)(=O)c1cccs1,8.060480747381382
Cc1cc(SC2=C(O)OC(CCc3ccccc3)(C(C)C)CC2=O)c(C(C)(C)C)cc1NS(=O)(=O)c1ccccn1,8.522878745280337
O=C(NNC(=O)c1ccccc1SSc1ccccc1C(=O)NNC(=O)c1ccccc1S)c1ccccc1S,4.045757490560675
O=C(NNC(=O)c1ccccc1SSc1ccccc1C(=O)NNC(=O)c1ccccc1S)c1ccccc1S,4.0
CC(C)(C)OC(=O)N[C@@H](Cc1ccccc1)[C@@H](O)C[C@@H](CC(=O)c1ccccc1)C(=O)N[C@@H]1c2ccccc2C[C@H]1O,8.266000713461613
Cc1cc(SC2=C(O)OC(CCc3ccc(O)cc3)(C(C)C)CC2=O)c(C(C)(C)C)cc1N,8.568636235841012
CC(C)[C@H](NC(=O)[C@H](Cc1ccccc1)C[C@H](O)[C@H](Cc1ccccc1)NC(=O)OC(C)(C)C)C(=O)NCCN,9.337242168318426
CC(C)(C)NC(=O)[C@@H]1CCCN1CC(O)CNC(=O)[C@@H]1N[C@@H](C(NC(=O)Cc2ccccc2)C(=O)NCc2ccccc2)SC1(C)C,5.823908740944319
CC(C)(C)OC(=O)N[C@@H](Cc1ccccc1)[C@@H](O)C[C@@H](Cc1ccc(C(C)(C)C)cc1)C(=O)N[C@@H]1c2ccccc2C[C@H]1O,9.770062314092065
Cc1cc(SC2=C(O)OC(CCc3ccccc3)(C(C)C)CC2=O)c(C(C)(C)C)cc1NS(=O)(=O)c1ccc(C#N)cc1,8.040958607678906
Cc1cc(SC2=C(O)OC(CCc3ccc(O)cc3)(CC(C)C)CC2=O)c(C(C)(C)C)cc1OS(=O)(=O)Cn1ccnc1,8.443697499232712
Cc1cc(SC2=C(O)OC(CCc3ccccc3)(C(C)C)CC2=O)c(C(C)(C)C)cc1OS(=O)(=O)c1ccccn1,8.173925197299173
CC1=C(CCC(=O)O)c2cc3[nH]c(cc4[nH]c(cc5nc(cc1n2)C(C)=C5C(COC(=O)C1=CC1)OC(=O)C1=CC1)c(C)c4C(COC(=O)C1=CC1)OC(=O)C1=CC1)c(C)c3CCC(=O)O,6.732828271596986
CC1=C(CCC(=O)O)c2cc3[nH]c(cc4[nH]c(cc5nc(cc1n2)C(C)=C5C(COC(=O)C1=CC1)OC(=O)C1=CC1)c(C)c4C(COC(=O)C1=CC1)OC(=O)C1=CC1)c(C)c3CCC(=O)O,4.6020599913279625
CC1=C(CCC(=O)O)c2cc3[nH]c(cc4[nH]c(cc5nc(cc1n2)C(C)=C5C(COC(=O)C1=CC1)OC(=O)C1=CC1)c(C)c4C(COC(=O)C1=CC1)OC(=O)C1=CC1)c(C)c3CCC(=O)O,7.301029995663981
CC(C)(C)NC(=O)[C@@H]1CSCN1CC(O)CNC(=O)[C@@H]1N[C@@H](C(NC(=O)Cc2ccccc2)C(=O)NCc2ccccc2)SC1(C)C,6.346787486224656
Cc1cc(SC2=C(O)OC(CCc3ccccc3)(C(C)C)CC2=O)c(C(C)(C)C)cc1NS(=O)(=O)Cn1ccnc1,8.721246399047171
Cc1cc(SC2=C(O)OC(CCc3ccc(O)cc3)(C(C)C)CC2=O)c(C(C)(C)C)cc1OS(=O)(=O)c1ccc(F)cc1,8.017728766960431
Cc1cc(SC2=C(O)OC(CCc3ccc(O)cc3)(C(C)C)CC2=O)c(C(C)(C)C)cc1OS(=O)(=O)N(C)C,8.468521082957745
CC(C)C[C@@H](NC(=O)[C@H](Cc1ccccc1)C[C@H](O)[C@H](Cc1ccccc1)NC(=O)OC(C)(C)C)C(N)=O,5.508638306165727
CCC(C)[C@H](NC(=O)[C@H](Cc1ccccc1)C[C@H](O)[C@H](Cc1ccccc1)NC(=O)OC(C)(C)C)C(=O)NCC(O)CO,9.823908740944319
CC[C@H](C)[C@H](NC(=O)[C@H](C(C)C)[C@@H](O)[C@H](O)[C@H](CC1CCCCC1)NC(=O)[C@H](Cc1c[nH]cn1)NC(=O)COc1cccc2ccccc12)C(=O)NCc1ccccn1,9.0
CC[C@H](C)[C@H](NC(=O)[C@H](C(C)C)[C@@H](O)[C@H](O)[C@H](CC1CCCCC1)NC(=O)[C@H](Cc1c[nH]cn1)NC(=O)COc1cccc2ccccc12)C(=O)NCc1ccccn1,6.1249387366083
CC(C)(C)OC(=O)N[C@@H](Cc1ccccc1)[C@@H](O)C[C@@H](Cc1ccc(O)cc1)C(=O)N[C@@H]1c2ccccc2C[C@H]1O,9.795880017344075
Cc1cc(SC2=C(O)OC(CCc3ccccc3)(C(C)C)CC2=O)c(C(C)(C)C)cc1N,8.443697499232712
CC(C)(C)OC(=O)N[C@@H](Cc1ccccc1)[C@@H](O)C[C@@H](Cc1ccccc1)C(=O)N[C@@H](CC1CCCCC1)C(N)=O,7.1938200260161125
CC(C)(C)OC(=O)N[C@@H](Cc1ccccc1)[C@@H](O)C[C@@](C)(Cc1ccccc1)C(=O)N[C@@H]1c2ccccc2C[C@H]1O,8.113001954328901
CC(C)(C)OC(=O)N[C@@H](Cc1ccccc1)[C@@H](O)C[C@@H](Cc1ccccc1)C(=O)NCc1ccccc1,6.943018963331887
Cc1cc(SC2=C(O)OC(CCc3ccc(O)cc3)(C(C)C)CC2=O)c(C(C)(C)C)cc1NS(=O)(=O)c1ccc(C#N)cc1,8.657577319177793
Cc1cc(SC2=C(O)OC(CCc3ccc(O)cc3)(C(C)C)CC2=O)c(C(C)(C)C)cc1NS(=O)(=O)c1ccccn1,8.585026652029182
Cc1cc(SC2=C(O)OC(CCc3ccc(O)cc3)(C(C)C)CC2=O)c(C(C)(C)C)cc1OS(C)(=O)=O,8.657577319177793
Cc1cc(SC2=C(O)OC(CCc3ccc(O)cc3)(C(C)C)CC2=O)c(C(C)(C)C)cc1NS(=O)(=O)N(C)C,8.443697499232712
CCC(C)[C@H](NC(=O)[C@H](Cc1ccccc1)C[C@H](O)[C@H](Cc1ccccc1)NC(=O)OC(C)(C)C)C(=O)NCc1ncc[nH]1,9.05551732784983
Cc1cc(SC2=C(O)OC(C)(CCc3ccc(O)cc3)CC2=O)c(C(C)(C)C)cc1NS(=O)(=O)Cn1ccnc1,8.721246399047171
CC(C)[C@H](NC(=O)[C@H](Cc1ccccc1)C[C@H](O)[C@H](Cc1ccccc1)NC(=O)OC(C)(C)C)C(=O)NCC(O)CN1CCOCC1,9.05551732784983
CC1(C)S[C@H]([C@H](NC(=O)Cc2ccccc2)C(=O)NCc2ccccc2)N[C@H]1C(=O)NCCCNC(=O)[C@@H]1N[C@@H]([C@H](NC(=O)Cc2ccccc2)C(=O)NCc2ccccc2)SC1(C)C,6.267606240177032
CC(C)(C)NC(=O)C1N(C[C@H](O)CNC(=O)[C@@H]2N[C@@H](C(NC(=O)Cc3ccccc3)C(=O)NCc3ccccc3)SC2(C)C)C(C)(C)SC1(C)C,7.031517051446065
CC(C)C[C@H](NC(=O)[C@H](Cc1ccccc1)C[C@H](O)[C@H](Cc1ccccc1)NC(=O)OC(C)(C)C)C(=O)NCc1ccccc1,8.853871964321762
CC(C)(C)OC(=O)N[C@@H](Cc1ccccc1)[C@@H](O)C[C@@H](Cc1ccc(C(F)(F)F)cc1)C(=O)N[C@@H]1c2ccccc2C[C@H]1O,9.585026652029182
CC(C)(C)OC(=O)N[C@@H](Cc1ccccc1)[C@@H](O)C[C@@H](Cc1ccccc1)C(=O)N[C@H](CO)c1ccccc1,7.4129628822565445
CCNS(=O)(=O)Oc1cc(C(C)(C)C)c(SC2=C(O)OC(CCc3ccc(O)cc3)(C(C)C)CC2=O)cc1C,8.309803919971486
CCC(C)[C@H](NC(=O)[C@H](Cc1ccccc1)C[C@H](O)[C@H](Cc1ccccc1)NC(=O)OC(C)(C)C)C(=O)NCc1ccccc1,9.148741651280925
CC(C)(C)NC(=O)[C@@H]1C[C@@H](O)CN1CC(O)CNC(=O)[C@@H]1N[C@@H](C(NC(=O)Cc2ccccc2)C(=O)NCc2ccccc2)SC1(C)C,5.292429823902063
CCO[C@@H]1C[C@@H](C(=O)NC(C)(C)C)N(C[C@H](O)CNC(=O)[C@@H]2N[C@@H](C(NC(=O)Cc3ccccc3)C(=O)NCc3ccccc3)SC2(C)C)C1,4.455931955649724
CC(C)(C)NC(=O)[C@@H]1C[C@@H]2CCCC[C@@H]2CN1C[C@@H](O)[C@H](Cc1ccccc1)NC(=O)[C@H](CC(N)=O)NC(=O)c1ccc2ccccc2n1,7.958607314841775
CC(C)(C)OC(=O)N[C@@H](Cc1ccccc1)[C@@H](O)C[C@@H](Cc1ccc(N)cc1)C(=O)N[C@@H]1c2ccccc2C[C@H]1O,9.509058794643213
CC(C)(C)OC(=O)N[C@@H](Cc1ccccc1)[C@@H](O)C[C@@H](Cc1ccccc1)C(=O)N[C@@H]1CCCC[C@H]1O,6.913996294381618
Cc1cc(SC2=C(O)OC(CCc3ccc(O)cc3)(C(C)C)CC2=O)c(C(C)(C)C)cc1NS(=O)(=O)c1ccc(F)cc1,8.387216143280265
Cc1cc(SC2=C(O)OC(C)(CCc3ccc(O)cc3)CC2=O)c(C(C)(C)C)cc1NS(=O)(=O)c1ccc(-c2cccs2)cc1,8.200659450546418
Cc1cc(SC2=C(O)OC(CCc3ccc(O)cc3)(C3CCCCC3)CC2=O)c(C(C)(C)C)cc1OS(=O)(=O)c1ccc(C#N)cc1,7.6777807052660805
Cc1cc(SC2=C(O)OC(CCc3ccc(O)cc3)(C3CCCCC3)CC2=O)c(C(C)(C)C)cc1OS(=O)(=O)Cn1ccnc1,8.096910013008056
Cc1cc(SC2=C(O)OC(CCc3ccc(N)cc3)(C(C)C)CC2=O)c(C(C)(C)C)cc1OS(=O)(=O)c1cccnc1,8.387216143280265
O=S(=O)(O)c1ccc2c(OS(=O)(=O)c3cccc4c(S(=O)(=O)Oc5cc(S(=O)(=O)O)cc6cc(S(=O)(=O)O)ccc56)cccc34)cc(S(=O)(=O)O)cc2c1,5.366531544420414
O=S(=O)(O)c1ccc2c(OS(=O)(=O)c3cccc4c(S(=O)(=O)Oc5cc(S(=O)(=O)O)cc6cc(S(=O)(=O)O)ccc56)cccc34)cc(S(=O)(=O)O)cc2c1,4.039529222465701
CC(C)(C)NC(=O)[C@@H]1C[C@H](OCc2ccccc2)CN1CC(O)CNC(=O)[C@@H]1N[C@@H](C(NC(=O)Cc2ccccc2)C(=O)NCc2ccccc2)SC1(C)C,6.187086643357144
CC(C)(C)OC(=O)N[C@@H](Cc1ccccc1)[C@@H](O)C[C@@H](Cc1ccccc1)C(=O)NC1Cc2ccccc2C1,6.885989838296538
Cc1cc(SC2=C(O)OC(C)(CCc3ccc(O)cc3)CC2=O)c(C(C)(C)C)cc1OS(=O)(=O)Cn1ccnc1,8.698970004336019
CC[C@H](C)[C@H](NC(=O)[C@H](Cc1ccccc1)C[C@H](O)[C@H](Cc1ccccc1)NC(=O)OC(C)(C)C)C(=O)NCc1nc2ccccc2[nH]1,10.221848749616356
CC(C)[C@H](NC(=O)[C@H](Cc1ccccc1)C[C@H](O)[C@H](Cc1ccccc1)NC(=O)OC(C)(C)C)C(=O)NCCCN1CCOCC1,8.537602002101044
COC(=O)[C@@H](NC(=O)[C@H](Cc1ccccc1)C[C@H](O[Si](C)(C)C(C)(C)C)[C@H](Cc1ccccc1)NC(=O)OC(C)(C)C)C(C)C,8.958607314841775
CC(C)(C)NC(=O)C1N(C[C@@H](O)CNC(=O)[C@@H]2N[C@@H](C(NC(=O)Cc3ccccc3)C(=O)NCc3ccccc3)SC2(C)C)C(C)(C)SC1(C)C,6.721246399047171
CC(C)(C)OC(=O)N[C@@H](Cc1ccccc1)[C@@H](O)C[C@@H](CCCc1ccccc1)C(=O)N[C@@H]1c2ccccc2[C@@H](O)[C@H]1O,9.721017883134557
Cc1cc(SC2=C(O)OC(CCc3ccc(O)cc3)(C(C)C)CC2=O)c(C(C)(C)C)cc1OS(=O)(=O)Cn1ccnc1,8.619788758288394
CC(C)[C@H](NC(=O)[C@H](Cc1ccccc1)C[C@H](O)[C@H](Cc1ccccc1)NC(=O)OC(C)(C)C)C(=O)NCCCN(C)C,8.468521082957745
CC(C)(C)OC(=O)N[C@@H](Cc1ccccc1)[C@@H](O)C[C@@H](Cc1ccccc1)C(=O)N[C@H](C(N)=O)c1ccccc1,9.045757490560675
CC(C)(C)OC(=O)N[C@@H](Cc1ccccc1)[C@@H](O)C[C@@H](Cc1ccccc1)C(=O)N[C@@H](Cc1ncc[nH]1)C(N)=O,6.113509274827518
CC(C)C[C@H](NC(=O)[C@H](Cc1ccccc1)C[C@H](O)[C@H](Cc1ccccc1)NC(=O)OC(C)(C)C)C(=O)NC(CO)Cc1ccccc1,8.823908740944319
COC(=O)C(NC(=O)Cc1ccccc1)[C@@H]1N[C@@H](C(=O)NC[C@H](O)CN2C[C@H]3CCCC[C@H]3C[C@H]2C(=O)NC(C)(C)C)C(C)(C)S1,7.267606240177032
CC(C)(C)NC(=O)[C@@H]1C[C@@H]2CCCC[C@@H]2CN1CC(O)CNC(=O)[C@@H]1N[C@@H](C(NC(=O)Cc2ccccc2)C(=O)NCCNC(=O)CCCC[C@@H]2SC[C@@H]3NC(=O)N[C@@H]32)SC1(C)C,6.920818753952375
CC1(C)S[C@H]([C@H](NC(=O)Cc2ccccc2)C(=O)NCc2ccccc2)N[C@H]1C(=O)NCC(O)CNC(=O)[C@@H]1N[C@@H]([C@H](NC(=O)Cc2ccccc2)C(=O)NCc2ccccc2)SC1(C)C,8.301029995663981
C=CC[C@H](C[C@H](O)[C@H](Cc1ccccc1)NC(=O)OC(C)(C)C)C(=O)N[C@@H]1c2ccccc2C[C@H]1O,7.560983271612487
CCC(C)[C@H](NC(=O)[C@H](Cc1ccccc1)C[C@H](O)[C@H](Cc1ccccc1)NC(=O)OC(C)(C)C)C(=O)NCc1ccccn1,8.886056647693163
CC(C)CCCC(C)C1CCC2C3CC=C4CC(OC(=O)Nc5cc(S(=O)(=O)O)cc6cc(S(=O)(=O)O)cc(O)c56)CC[C@]4(C)C3CC[C@]12C,7.221848749616356
CC(C)CCCC(C)C1CCC2C3CC=C4CC(OC(=O)Nc5cc(S(=O)(=O)O)cc6cc(S(=O)(=O)O)cc(O)c56)CC[C@]4(C)C3CC[C@]12C,5.102372908709558
CC(C)(C)NC(=O)[C@@H]1CCCN1CC(O)CNC(=O)[C@@H]1N[C@@H](C(NC(=O)Cc2ccccc2)C(=O)NCc2ccccc2)SC1(C)C.O,5.508638306165727
CCO[C@@H]1C[C@@H](C(=O)NC(C)(C)C)N(C[C@@H](O)CNC(=O)[C@@H]2N[C@@H](C(NC(=O)Cc3ccccc3)C(=O)NCc3ccccc3)SC2(C)C)C1,4.455931955649724
CCNC(=O)C(NC(=O)Cc1ccccc1)[C@@H]1N[C@@H](C(=O)NCC(O)CN(C)[C@@H](CC2CCCCC2)C(=O)NC(C)(C)C)C(C)(C)S1,6.1487416512809245
CC(C)(C)NC(=O)[C@@H]1C[C@@H]2CCCC[C@@H]2CN1C[C@@H](O)CNC(=O)[C@@H]1N[C@@H](C(NC(=O)Cc2ccccc2)C(N)=O)SC1(C)C,7.638272163982407
CC(C)(C)OC(=O)N[C@@H](Cc1ccccc1)[C@@H](O)C[C@@H](Cc1ccc([N+](=O)[O-])cc1)C(=O)N[C@@H]1c2ccccc2C[C@H]1O,9.568958054664115
CC(C)(C)OC(=O)N[C@@H](Cc1ccccc1)[C@@H](O)C[C@@H](Cc1ccccc1)C(=O)N[C@H](CO)Cc1ccccc1,6.160999876577549
Cc1cc(SC2=C(O)OC(CCc3ccc(N)cc3)(C(C)C)CC2=O)c(C(C)(C)C)cc1OS(=O)(=O)Cn1ccnc1,8.657577319177793
CCC(C)[C@H](NC(=O)[C@H](Cc1ccccc1)C[C@H](O)[C@H](Cc1ccccc1)NC(=O)OC(C)(C)C)C(=O)NCCCN(C)C,8.102372908709558
CC1=C(C(COC(=O)c2ccc(N(C)C)cc2)OC(=O)c2ccc(N(C)C)cc2)c2cc3nc(cc4[nH]c(cc5[nH]c(cc1n2)c(C)c5CCC(=O)O)c(CCC(=O)O)c4C)C(C(COC(=O)c1ccc(N(C)C)cc1)OC(=O)c1ccc(N(C)C)cc1)=C3C,5.154901959985743
CC1=C(C(COC(=O)c2ccc(N(C)C)cc2)OC(=O)c2ccc(N(C)C)cc2)c2cc3nc(cc4[nH]c(cc5[nH]c(cc1n2)c(C)c5CCC(=O)O)c(CCC(=O)O)c4C)C(C(COC(=O)c1ccc(N(C)C)cc1)OC(=O)c1ccc(N(C)C)cc1)=C3C,4.1249387366083
O=C(Oc1cc(S(=O)(=O)O)cc2cc(S(=O)(=O)O)ccc12)c1ccc(-c2ccc(C(=O)Oc3cc(S(=O)(=O)O)cc4cc(S(=O)(=O)O)ccc34)cc2)cc1,5.468521082957745
O=C(Oc1cc(S(=O)(=O)O)cc2cc(S(=O)(=O)O)ccc12)c1ccc(-c2ccc(C(=O)Oc3cc(S(=O)(=O)O)cc4cc(S(=O)(=O)O)ccc34)cc2)cc1,5.161150909262744
C[C@@H](C(=O)NC(C)(C)C)N(CC(O)CNC(=O)[C@@H]1N[C@@H](C(NC(=O)Cc2ccccc2)C(=O)NCc2ccccc2)SC1(C)C)CC1CCCCC1,5.1938200260161125
CN(C)c1ccc(CNC(=O)C(NC(=O)Cc2ccccc2)[C@@H]2N[C@@H](C(=O)NC[C@H](O)CN3C[C@H]4CCCC[C@H]4C[C@H]3C(=O)NC(C)(C)C)C(C)(C)S2)cc1,7.585026652029182
CC(C)[C@H](NC(=O)[C@H](Cc1ccccc1)C[C@H](O)[C@H](Cc1ccccc1)NC(=O)OC(C)(C)C)C(=O)O,6.793012305243591
CCNS(=O)(=O)Nc1cc(C(C)(C)C)c(SC2=C(O)OC(CCc3ccc(O)cc3)(C(C)C)CC2=O)cc1C,8.769551078621726
CC(C)C[C@H](NC(=O)[C@H](Cc1ccccc1)C[C@H](O)[C@H](Cc1ccccc1)NC(=O)OC(C)(C)C)C(=O)NC(=O)C(N)Cc1ccccc1,9.221848749616356
CC[C@H](C)[C@H](NC(=O)[C@H](Cc1ccccc1)C[C@H](O)[C@H](Cc1ccccc1)NC(=O)OC(C)(C)C)C(=O)NC(=O)C(N)Cc1ccccc1,9.602059991327963
CC1=C(CCC(=O)O)c2cc3[nH]c(cc4[nH]c(cc5nc(cc1n2)C(C)=C5C(COC(=O)C1=CC1)OC(=O)C1=CC1)c(C)c4C(COC(=O)C1=CC1)OC(=O)C1=CC1)c(C)c3CCC(=O)O,4.920818753952375
CC1=C(CCC(=O)O)c2cc3[nH]c(cc4[nH]c(cc5nc(cc1n2)C(C)=C5C(COC(=O)C1=CC1)OC(=O)C1=CC1)c(C)c4C(COC(=O)C1=CC1)OC(=O)C1=CC1)c(C)c3CCC(=O)O,3.8239087409443187
CC(C)(C)NC(=O)[C@@H]1CCCCN1C[C@H](O)CNC(=O)[C@@H]1N[C@@H](C(NC(=O)Cc2ccccc2)C(=O)NCc2ccccc2)SC1(C)C,5.657577319177793
CC(C)(C)NC(=O)[C@@H]1CN(C(=O)Oc2ccccc2)CCN1C[C@@H](O)CNC(=O)[C@@H]1N[C@@H](C(NC(=O)Cc2ccccc2)C(=O)NCc2ccccc2)SC1(C)C,7.236572006437063
CC(C)(C)NC(=O)[C@H]1CN(C(=O)Oc2ccccc2)CCN1C[C@@H](O)CNC(=O)[C@@H]1N[C@@H](C(NC(=O)Cc2ccccc2)C(=O)NCc2ccccc2)SC1(C)C,7.086186147616283
CC(C)(C)NC(=O)[C@@H]1C[C@@H]2CCCC[C@@H]2CN1C[C@@H](O)CNC(=O)[C@@H]1N[C@@H](C(NC(=O)Cc2ccccc2)C(=O)NCc2ccccc2)SC1(C)C,7.638272163982407
CCNC(=O)C(NC(=O)Cc1ccccc1)[C@@H]1N[C@@H](C(=O)NCCNC(=O)[C@@H]2N[C@@H]([C@H](NC(=O)Cc3ccccc3)C(=O)NCC)SC2(C)C)C(C)(C)S1,8.301029995663981
Cc1cc(SC2=C(O)OC(C)(CCc3ccc(O)cc3)CC2=O)c(C(C)(C)C)cc1NS(C)(=O)=O,8.013228265733755
Cc1cc(SC2=C(O)OC(CCc3ccc(O)cc3)(C(C)C)CC2=O)c(C(C)(C)C)cc1OS(=O)(=O)c1ccccc1,7.982966660701219
Cc1cc(SC2=C(O)OC(CCc3ccc(O)cc3)(C3CCCCC3)CC2=O)c(C(C)(C)C)cc1OS(=O)(=O)c1ccc(F)cc1,7.5376020021010435
CC(C)[C@H](NC(=O)[C@H](Cc1ccccc1)C[C@H](O)[C@H](Cc1ccccc1)NC(=O)OC(C)(C)C)C(=O)NCCO,9.356547323513812
CC(C)(C)OC(=O)N[C@@H](Cc1ccccc1)[C@@H](O)C[C@@H](CSc1ccccc1)C(=O)N[C@@H]1c2ccccc2C[C@H]1O,9.602059991327963
C[C@@H](NC(=O)[C@H](Cc1ccccc1)C[C@H](O)[C@H](Cc1ccccc1)NC(=O)OC(C)(C)C)c1ccccc1,6.836004245358256
Cc1cc(SC2=C(O)OC(CCc3ccc(O)cc3)(C(C)C)CC2=O)c(C(C)(C)C)cc1NS(=O)(=O)c1ccc(C(F)(F)F)cc1,7.73754891026957
CCN(CC)CC(O)CNC(=O)[C@@H](NC(=O)[C@H](Cc1ccccc1)C[C@H](O)[C@H](Cc1ccccc1)NC(=O)OC(C)(C)C)C(C)C,8.200659450546418
O=C(N[C@@H](Cc1ccccc1)[C@@H](O)C[C@]1(Cc2ccccc2)CCN([C@@H]2CS(=O)(=O)Cc3ccccc32)C1=O)O[C@H]1CCOC1,8.744727494896694
CC(C)(C)NC(=O)[C@@H]1CN(Cc2cc3cc(F)ccc3o2)CCN1C[C@@H](O)C[C@@H](Cc1ccccc1)C(=O)NC1c2ccccc2C[C@H]1O,9.0268721464003
CC(C)(C)NC(=O)[C@@H]1CN(Cc2cc3cc(F)ccc3o2)CCN1C[C@@H](O)C[C@@H](Cc1ccccc1)C(=O)NC1c2ccccc2C[C@H]1O,7.337242168318426
OC1(C#CC2(c3ccccc3)CO2)CCN(Cc2ccccc2)CC1,3.1396619934290064
OC1(c2ccc(Cl)cc2)CCN(CC#CC2(c3ccccc3)CO2)CC1,3.8239087409443187
CC(C)(C)NC(=O)[C@@H]1CN(Cc2nc3ccccc3o2)CCN1C[C@@H](O)C[C@@H](Cc1ccccc1)C(=O)NC1c2ccccc2C[C@H]1O,8.920818753952375
CC(C)(C)NC(=O)[C@@H]1CN(Cc2nc3ccccc3o2)CCN1C[C@@H](O)C[C@@H](Cc1ccccc1)C(=O)NC1c2ccccc2C[C@H]1O,7.180456064458132
CC(C)(C)NC(=O)[C@@H]1CN(Cc2cccnc2)CCN1C[C@@H](O)C[C@@H](Cc1ccccc1)C(=O)N[C@H]1c2ccccc2C[C@H]1O.O,8.795880017344075
CC(C)(C)NC(=O)[C@@H]1CN(Cc2cccnc2)CCN1C[C@@H](O)C[C@@H](Cc1ccccc1)C(=O)N[C@H]1c2ccccc2C[C@H]1O.O,7.050609993355087
CC(C)(C)NC(=O)[C@@H]1CN(Cc2cccnc2)CCN1C[C@@H](O)C[C@@H](Cc1ccccc1)C(=O)N[C@H]1c2ccccc2C[C@H]1O.O,9.229147988357855
CC(C)(C)NC(=O)[C@@H]1CN(Cc2cccnc2)CCN1C[C@@H](O)C[C@@H](Cc1ccccc1)C(=O)N[C@H]1c2ccccc2C[C@H]1O.O,7.452225294612178
CC(C)[C@@H]1[C@H](OC(=O)N[C@@H](Cc2ccccc2)[C@H](O)CN2CCN(Cc3cc4ccccc4s3)C[C@H]2C(=O)NC(C)(C)C)CCS1(=O)=O,10.0
Cn1nc(C(F)(F)F)cc1-c1ccc(CN2CCN(C[C@@H](O)C[C@@H](Cc3ccccc3)C(=O)NC3c4ccccc4C[C@H]3O)[C@H](C(=O)NC(C)(C)C)C2)s1,9.886056647693163
Cn1nc(C(F)(F)F)cc1-c1ccc(CN2CCN(C[C@@H](O)C[C@@H](Cc3ccccc3)C(=O)NC3c4ccccc4C[C@H]3O)[C@H](C(=O)NC(C)(C)C)C2)s1,9.221848749616356
C[C@@H]1CC[C@@H](O)[C@H]1N1CC[C@@](Cc2ccccc2)(C[C@H](O)[C@H](Cc2ccccc2)NC(=O)OC(C)(C)C)C1=O,7.853871964321762
CC(C)(C)OC(=O)N[C@@H](Cc1ccccc1)[C@@H](O)C[C@]1(Cc2ccccc2)CCN([C@@H]2CSCc3ccccc32)C1=O,6.954677021213342
CC(C)[C@@H]1[C@H](OC(=O)N[C@@H](Cc2ccccc2)[C@H](O)CN2CCN(CCc3ccsc3)C[C@H]2C(=O)NC(C)(C)C)CCS1(=O)=O,8.795880017344075
CC(C)(C)NC(=O)[C@@H]1CN(Cc2nc3ccccc3s2)CCN1C[C@@H](O)C[C@@H](Cc1ccccc1)C(=O)NC1c2ccccc2C[C@H]1O,8.920818753952375
CC(C)(C)NC(=O)[C@@H]1CN(Cc2nc3ccccc3s2)CCN1C[C@@H](O)C[C@@H](Cc1ccccc1)C(=O)NC1c2ccccc2C[C@H]1O,7.144480844332199
CC(C)(C)NC(=O)[C@@H]1CN(Cc2noc3ccccc23)CCN1C[C@@H](O)C[C@@H](Cc1ccccc1)C(=O)NC1c2ccccc2C[C@H]1O,8.931814138253838
CC(C)(C)NC(=O)[C@@H]1CN(Cc2noc3ccccc23)CCN1C[C@@H](O)C[C@@H](Cc1ccccc1)C(=O)NC1c2ccccc2C[C@H]1O,7.14569395819892
CC(C)[C@@H]1[C@H](OC(=O)N[C@@H](Cc2ccccc2)[C@H](O)CN2CCN(Cc3cc4ccsc4s3)C[C@H]2C(=O)NC(C)(C)C)CCS1(=O)=O,9.958607314841775
CC(C)[C@@H]1[C@H](OC(=O)N[C@@H](Cc2ccccc2)[C@H](O)CN2CCN(Cc3cc4sccc4s3)C[C@H]2C(=O)NC(C)(C)C)CCS1(=O)=O,9.494850021680094
CC(C)(C)NC(=O)[C@@H]1CN(CCCC(F)(F)F)CCN1C[C@@H](O)C[C@@H](Cc1ccccc1)C(=O)NC1c2ccccc2C[C@H]1O,7.815308569182402
CC(C)(C)NC(=O)[C@@H]1CN(CCCC(F)(F)F)CCN1C[C@@H](O)C[C@@H](Cc1ccccc1)C(=O)NC1c2ccccc2C[C@H]1O,6.245651664288981
Cn1cc(CN2CCN(C[C@@H](O)C[C@@H](Cc3ccccc3)C(=O)NC3c4ccccc4C[C@H]3O)[C@H](C(=O)NC(C)(C)C)C2)ccc1=O,8.657577319177793
Cn1cc(CN2CCN(C[C@@H](O)C[C@@H](Cc3ccccc3)C(=O)NC3c4ccccc4C[C@H]3O)[C@H](C(=O)NC(C)(C)C)C2)ccc1=O,6.882728704344236
CC(C)(C)NC(=O)[C@@H]1CN(Cc2cc3ccccc3o2)CCN1C[C@@H](O)C[C@@H](Cc1ccccc1)C(=O)NC1c2ccccc2C[C@H]1O,9.309803919971486
CC(C)(C)NC(=O)[C@@H]1CN(Cc2cc3ccccc3o2)CCN1C[C@@H](O)C[C@@H](Cc1ccccc1)C(=O)NC1c2ccccc2C[C@H]1O,7.619788758288394
CC1=CSC2C(CN3CCN(C[C@@H](O)C[C@@H](Cc4ccccc4)C(=O)NC4c5ccccc5C[C@H]4O)[C@H](C(=O)NC(C)(C)C)C3)N=CN12,8.173925197299173
CC1=CSC2C(CN3CCN(C[C@@H](O)C[C@@H](Cc4ccccc4)C(=O)NC4c5ccccc5C[C@H]4O)[C@H](C(=O)NC(C)(C)C)C3)N=CN12,6.422508200162775
CC(C)[C@@H]1[C@H](OC(=O)N[C@@H](Cc2ccccc2)[C@H](O)CN2CCN(Cc3cc(Br)cs3)C[C@H]2C(=O)NC(C)(C)C)CCS1(=O)=O,9.744727494896694
CN(C)c1ccc2ccc(S(=O)(=O)N3CCN(C[C@@H](O)C[C@@H](Cc4ccccc4)C(=O)NC4c5ccccc5C[C@H]4O)[C@H](C(=O)NC(C)(C)C)C3)cc2n1,9.657577319177793
CN(C)c1ccc2ccc(S(=O)(=O)N3CCN(C[C@@H](O)C[C@@H](Cc4ccccc4)C(=O)NC4c5ccccc5C[C@H]4O)[C@H](C(=O)NC(C)(C)C)C3)cc2n1,8.657577319177793
CC(C)(C)NC(=O)[C@@H]1CN(Cc2ncc(-c3ccccc3)s2)CCN1C[C@@H](O)C[C@@H](Cc1ccccc1)C(=O)N[C@H]1c2ccccc2C[C@H]1O,10.0
CC(C)(C)NC(=O)[C@@H]1CN(Cc2ncc(-c3ccccc3)s2)CCN1C[C@@H](O)C[C@@H](Cc1ccccc1)C(=O)N[C@H]1c2ccccc2C[C@H]1O,9.221848749616356
CC(C)[C@@H](CO)N1CC[C@@](Cc2ccccc2)(C[C@H](O)[C@H](Cc2ccccc2)NC(=O)OC(C)(C)C)C1=O,7.455931955649724
O=C(/C=C/C[N+]1([O-])CCC(O)(c2ccc(Cl)cc2)CC1)c1ccc(F)cc1,4.522878745280337
Cc1cc(CN2CCN(C[C@@H](O)[C@H](Cc3ccccc3)NC(=O)O[C@@H]3CCS(=O)(=O)[C@@H]3C(C)C)[C@H](C(=O)NC(C)(C)C)C2)cc(Cl)n1,9.267606240177031
O=C(/C=C(/CN1CCC(O)(c2ccc(Cl)cc2)CC1)SCCO)c1ccccc1,3.853871964321762
CC(C)[C@@H]1[C@H](OC(=O)N[C@@H](Cc2ccccc2)[C@H](O)CN2CCN(CCc3cccs3)C[C@H]2C(=O)NC(C)(C)C)CCS1(=O)=O,9.229147988357855
CC(C)[C@@H]1[C@H](OC(=O)N[C@@H](Cc2ccccc2)[C@H](O)CN2CCN(Cc3csc4ccc(Cl)cc34)C[C@H]2C(=O)NC(C)(C)C)CCS1(=O)=O,9.327902142064282
CC(C)(C)OC(=O)N[C@@H](Cc1ccccc1)[C@@H](O)C[C@]1(Cc2ccccc2)CCN([C@@H]2CS(=O)(=O)Cc3ccccc32)C1=O,7.769551078621726
CN(C)c1ccc2cc(S(=O)(=O)N3CCN(C[C@@H](O)C[C@@H](Cc4ccccc4)C(=O)N[C@H]4c5ccccc5C[C@H]4O)[C@H](C(=O)NC(C)(C)C)C3)ccc2n1.Cl,10.0
CN(C)c1ccc2cc(S(=O)(=O)N3CCN(C[C@@H](O)C[C@@H](Cc4ccccc4)C(=O)N[C@H]4c5ccccc5C[C@H]4O)[C@H](C(=O)NC(C)(C)C)C3)ccc2n1.Cl,9.221848749616356
O=C(C#CCN1CCC(O)(c2ccc(Cl)cc2)CC1)c1cccc(-c2ccccc2)c1,4.200659450546418
CC(C)(C)NC(=O)[C@@H]1CN(Cc2cccc(C(C)(C)NC(=O)OC(C)(C)C)c2)CCN1C[C@@H](O)C[C@@H](Cc1ccccc1)C(=O)NC1c2ccccc2C[C@H]1O,7.552841968657781
CC(C)(C)NC(=O)[C@@H]1CN(Cc2cccc(C(C)(C)NC(=O)OC(C)(C)C)c2)CCN1C[C@@H](O)C[C@@H](Cc1ccccc1)C(=O)NC1c2ccccc2C[C@H]1O,6.406271001292089
O=C(CCCN1CCC(O)(c2ccc(Cl)cc2)CC1)c1ccc(F)cc1,3.9030899869919438
CC(C)[C@@H]1[C@H](OC(=O)N[C@@H](Cc2ccccc2)[C@H](O)CN2CCN(Cc3cccs3)C[C@H]2C(=O)NC(C)(C)C)CCS1(=O)=O,9.221848749616356
CCc1ccc(CCN2CCN(C[C@@H](O)[C@H](Cc3ccccc3)NC(=O)O[C@@H]3CCS(=O)(=O)[C@@H]3C(C)C)[C@H](C(=O)NC(C)(C)C)C2)s1,9.119186407719209
CC(C)[C@@H]1[C@H](OC(=O)N[C@@H](Cc2ccccc2)[C@H](O)CN2CCN(Cc3ccc(-c4cccs4)s3)C[C@H]2C(=O)NC(C)(C)C)CCS1(=O)=O,10.397940008672037
O=C(C#CCN1CCC(O)(c2ccc(Cl)cc2)CC1)c1ccc(-c2ccccc2)cc1,4.0
CC(C)(C)OC(=O)N[C@@H](Cc1ccccc1)[C@@H](O)C[C@@]1(Cc2ccccc2)CCN([C@H]2c3ccccc3C[C@H]2O)C1=O,7.431798275933005
O=C(C#CCN1CCC(O)(c2ccc(Cl)cc2)CC1)c1ccccc1,4.698970004336019
Cn1cc(CN2CCN(C[C@@H](O)C[C@@H](Cc3ccccc3)C(=O)NC3c4ccccc4C[C@H]3O)[C@H](C(=O)NC(C)(C)C)C2)c2ccccc21,8.173925197299173
Cn1cc(CN2CCN(C[C@@H](O)C[C@@H](Cc3ccccc3)C(=O)NC3c4ccccc4C[C@H]3O)[C@H](C(=O)NC(C)(C)C)C2)c2ccccc21,6.478600371884625
CC(C)(C)NC(=O)[C@@H]1CN(CC2(c3ccccc3)CC2)CCN1C[C@@H](O)C[C@@H](Cc1ccccc1)C(=O)NC1c2ccccc2C[C@H]1O,8.113509274827518
CC(C)(C)NC(=O)[C@@H]1CN(CC2(c3ccccc3)CC2)CCN1C[C@@H](O)C[C@@H](Cc1ccccc1)C(=O)NC1c2ccccc2C[C@H]1O,6.590066876668706
O=C(/C=C/CN1CCC(O)(c2ccc(Cl)cc2)CC1)c1ccc(F)cc1,4.096910013008056
O=C(N[C@@H](Cc1ccccc1)[C@@H](O)C[C@@H](Cc1ccccc1)C(=O)N[C@H]1c2ccccc2C[C@H]1O)O[C@H]1CCOC1,10.221848749616356
CC(C)(C)NC(=O)[C@@H]1CN(Cc2ncc(-c3ccccc3)s2)CCN1C[C@@H](O)C[C@@H](Cc1ccccc1)C(=O)NC1c2ccccc2C[C@H]1O,9.585026652029182
CC(C)(C)NC(=O)[C@@H]1CN(Cc2ncc(-c3ccccc3)s2)CCN1C[C@@H](O)C[C@@H](Cc1ccccc1)C(=O)NC1c2ccccc2C[C@H]1O,8.698970004336019
CC(C)[C@@H]1[C@H](OC(=O)N[C@@H](Cc2ccccc2)[C@H](O)CN2CCN(Cc3ccsc3)C[C@H]2C(=O)NC(C)(C)C)CCS1(=O)=O,8.443697499232712
CC(C)[C@@H]1[C@H](OC(=O)N[C@@H](Cc2ccccc2)[C@H](O)CN2CCN(Cc3ccc(Br)s3)C[C@H]2C(=O)NC(C)(C)C)CCS1(=O)=O,9.602059991327963
COC(=O)[C@@H](NC(=O)[C@@H](NC(=O)[C@H](Cc1ccccc1)CC(O)C[C@@H](Cc1ccccc1)C(=O)N[C@H](C(=O)N[C@H](C(=O)OC)C(C)C)C(C)C)C(C)C)C(C)C,8.301029995663981
Cn1nc(C(F)(F)F)cc1-c1ccc(CN2CCN(C[C@@H](O)C[C@@H](Cc3ccccc3)C(=O)N[C@H]3c4ccccc4C[C@H]3O)[C@H](C(=O)NC(C)(C)C)C2)s1,10.0
Cn1nc(C(F)(F)F)cc1-c1ccc(CN2CCN(C[C@@H](O)C[C@@H](Cc3ccccc3)C(=O)N[C@H]3c4ccccc4C[C@H]3O)[C@H](C(=O)NC(C)(C)C)C2)s1,9.221848749616356
N#Cc1ccccc1-n1ccc(CN2CCN(C[C@@H](O)C[C@@H](Cc3cccnc3)C(=O)N[C@H]3c4ccccc4OC[C@H]3O)[C@H](C(=O)NCC(F)(F)F)C2)c1,9.337242168318426
Cc1ccccc1-n1ccc(CN2CCN(C[C@@H](O)C[C@@H](Cc3cccnc3)C(=O)N[C@H]3c4ccccc4OC[C@H]3O)[C@H](C(=O)NCC(F)(F)F)C2)c1,9.795880017344075
N#Cc1ccc(-n2ccc(CN3CCN(C[C@@H](O)C[C@@H](Cc4cccnc4)C(=O)N[C@H]4c5ccccc5OC[C@H]4O)[C@H](C(=O)NCC(F)(F)F)C3)c2)cc1,10.0
O=C(N[C@H]1c2ccccc2OC[C@H]1O)[C@H](Cc1cccnc1)C[C@H](O)CN1CCN(Cc2ccn(-c3ccccc3C(F)(F)F)c2)C[C@H]1C(=O)NCC(F)(F)F,8.87942606879415
O=C(N[C@H]1c2ccccc2OC[C@H]1O)[C@H](Cc1cccnc1)C[C@H](O)CN1CCN(Cc2ccn(-c3ccccc3F)c2)C[C@H]1C(=O)NCC(F)(F)F,9.795880017344075
CC(C)[C@H](NC(=O)OCc1ccccc1)C(=O)N[C@@H](Cc1ccccc1)[C@@H](O)[C@H](Cc1ccccc1)NC(=O)[C@H](NC(=O)OCc1ccccc1)C(C)C,8.522878745280337
N#Cc1cccc(-n2ccc(CN3CCN(C[C@@H](O)C[C@@H](Cc4cccnc4)C(=O)N[C@H]4c5ccccc5OC[C@H]4O)[C@H](C(=O)NCC(F)(F)F)C3)c2)c1,9.823908740944319
Cc1ccc(-n2ccc(CN3CCN(C[C@@H](O)C[C@@H](Cc4cccnc4)C(=O)N[C@H]4c5ccccc5OC[C@H]4O)[C@H](C(=O)NCC(F)(F)F)C3)c2)cc1,10.221848749616356
O=C(N[C@H]1c2ccccc2OC[C@H]1O)[C@H](Cc1cccnc1)C[C@H](O)CN1CCN(Cc2ccn(-c3ccc(Cl)c(Cl)c3)c2)C[C@H]1C(=O)NCC(F)(F)F,10.698970004336019
O=C(N[C@H]1c2ccccc2OC[C@H]1O)[C@H](Cc1cccnc1)C[C@H](O)CN1CCN(Cc2ccn(-c3cc(Cl)c(Cl)c(Cl)c3)c2)C[C@H]1C(=O)NCC(F)(F)F,10.698970004336019
CC(C)[C@H](NC(=O)OCc1ccccc1)C(=O)N[C@@H](Cc1ccccc1)[C@@H](O)[C@H](O)[C@H](Cc1ccccc1)NC(=O)[C@H](NC(=O)OCc1ccccc1)C(C)C,9.0
O=C(N[C@H]1c2ccccc2OC[C@H]1O)[C@H](Cc1cccnc1)C[C@H](O)CN1CCN(Cc2ccn(-c3ccccc3)c2)C[C@H]1C(=O)NCC(F)(F)F,9.958607314841775
O=C(N[C@H]1c2ccccc2OC[C@H]1O)[C@H](Cc1cccnc1)C[C@H](O)CN1CCN(Cc2ccn(-c3ccccc3)c2)C[C@H]1C(=O)NCC(F)(F)F,8.568636235841012
O=C(N[C@H]1c2ccccc2OC[C@H]1O)[C@H](Cc1cccnc1)C[C@H](O)CN1CCN(Cc2ccn(-c3ccccc3)c2)C[C@H]1C(=O)NCC(F)(F)F,8.603800652904264
O=C(N[C@H]1c2ccccc2OC[C@H]1O)[C@H](Cc1cccnc1)C[C@H](O)CN1CCN(Cc2ccn(-c3cccc(F)c3)c2)C[C@H]1C(=O)NCC(F)(F)F,10.301029995663981
O=C(N[C@H]1c2ccccc2OC[C@H]1O)[C@H](Cc1cccnc1)C[C@H](O)CN1CCN(Cc2ccn(-c3cccc(Cl)c3)c2)C[C@H]1C(=O)NCC(F)(F)F,10.301029995663981
O=C(N[C@H]1c2ccccc2OC[C@H]1O)[C@H](Cc1cccnc1)C[C@H](O)CN1CCN(Cc2ccn(-c3ccc(F)c(F)c3F)c2)C[C@H]1C(=O)NCC(F)(F)F,10.301029995663981
O=C(N[C@H]1c2ccccc2OC[C@H]1O)[C@H](Cc1cccnc1)C[C@H](O)CN1CCN(Cc2ccn(-c3ccc(F)cc3)c2)C[C@H]1C(=O)NCC(F)(F)F,10.301029995663981
O=C(N[C@H]1c2ccccc2OC[C@H]1O)[C@H](Cc1cccnc1)C[C@H](O)CN1CCN(Cc2ccn(-c3ccc(C(F)(F)F)cc3)c2)C[C@H]1C(=O)NCC(F)(F)F,10.397940008672037
O=C(N[C@H]1c2ccccc2OC[C@H]1O)[C@H](Cc1cccnc1)C[C@H](O)CN1CCN(Cc2ccn(-c3ccc(Cl)cc3)c2)C[C@H]1C(=O)NCC(F)(F)F,10.522878745280337
Cc1cccc(-n2ccc(CN3CCN(C[C@@H](O)C[C@@H](Cc4cccnc4)C(=O)N[C@H]4c5ccccc5OC[C@H]4O)[C@H](C(=O)NCC(F)(F)F)C3)c2)c1,10.0
O=C(N[C@H]1c2ccccc2OC[C@H]1O)[C@H](Cc1cccnc1)C[C@H](O)CN1CCN(Cc2ccn(-c3ccccc3Cl)c2)C[C@H]1C(=O)NCC(F)(F)F,9.744727494896694
CC(C)(C)NC(=O)[C@@H]1CN(Cc2cccnc2)CCN1C[C@@H](O)C[C@@H](Cc1ccccc1)C(=O)N[C@H]1c2ccccc2C[C@H]1O.O,9.221848749616356
CC(C)(C)NC(=O)[C@@H]1CN(Cc2cccnc2)CCN1C[C@@H](O)C[C@@H](Cc1ccccc1)C(=O)N[C@H]1c2ccccc2C[C@H]1O.O,7.213248577854439
CC(C)(C)NC(=O)[C@@H]1CN(Cc2cccnc2)CCN1C[C@@H](O)C[C@@H](Cc1ccccc1)C(=O)N[C@H]1c2ccccc2C[C@H]1O.O,7.360513510731414
CC(C)(C)NC(=O)[C@@H]1CN(Cc2cccnc2)CCN1C[C@@H](O)C[C@@H](Cc1ccccc1)C(=O)N[C@H]1c2ccccc2C[C@H]1O.O,7.696803942579511
O=C(N[C@H]1c2ccccc2OC[C@H]1O)[C@H](Cc1cccnc1)C[C@H](O)CN1CCN(Cc2ccn(-c3cccc(C(F)(F)F)c3)c2)C[C@H]1C(=O)NCC(F)(F)F,10.301029995663981
O=C(N[C@H]1c2ccccc2OC[C@H]1O)[C@H](Cc1cccnc1)C[C@H](O)CN1CCN(Cc2ccc(-c3ccccc3)o2)C[C@H]1C(=O)NCC(F)(F)F,10.698970004336019
O=C(N[C@H]1c2ccccc2OC[C@H]1O)[C@H](Cc1cccnc1)C[C@H](O)CN1CCN(Cc2ccc(-c3ccccc3)o2)C[C@H]1C(=O)NCC(F)(F)F,10.221848749616356
O=C(N[C@H]1c2ccccc2OC[C@H]1O)[C@H](Cc1cccnc1)C[C@H](O)CN1CCN(Cc2ccc(-c3ccccc3)o2)C[C@H]1C(=O)NCC(F)(F)F,9.823908740944319
O=C(N[C@H]1c2ccccc2OC[C@H]1O)[C@H](Cc1cccnc1)C[C@H](O)CN1CCN(Cc2ccc(-c3ccccc3)o2)C[C@H]1C(=O)NCC(F)(F)F,10.154901959985743
CC(C)(C)NC(=O)c1ccccc1SC[C@@H](O)[C@H](Cc1ccccc1)NC(=O)[C@H](CC(N)=O)NC(=O)c1ccc2ccccc2n1,7.045757490560675
CCNc1cccnc1N1CCN(C(=O)c2cc3cc(OC)ccc3[nH]2)CC1,5.87942606879415
CCNc1cccnc1N1CCN(C(=O)c2cc3cc(OC)ccc3[nH]2)CC1,4.476253533188435
CCNc1cccnc1N1CCN(C(=O)c2cc3cc(OC)ccc3[nH]2)CC1,4.153662887870195
CC(C)=CCN1Cc2cc(Cl)cc3[nH]c(=S)n(c23)C[C@@H]1C,6.507239610973162
CC(C)=CCN1Cc2cc(Cl)cc3[nH]c(=S)n(c23)C[C@@H]1C,5.135488918941608
CC(C)=CCN1Cc2cc(Cl)cc3[nH]c(=S)n(c23)C[C@@H]1C,4.403402904373539
CCNC(=O)[C@@H](NC(=O)Cc1ccccc1)[C@@H]1N[C@@H](C(=O)NCCNC(=O)[C@@H]2N[C@@H]([C@H](NC(=O)Cc3ccccc3)C(=O)NCC)SC2(C)C)C(C)(C)S1,8.318758762624412
COc1cc(C(=O)N[C@@H](Cc2ccccc2)[C@@H](O)C[C@H](Cc2ccccc2)NC(=O)OC(C)(C)C)ccc1O,8.481486060122112
O=C(N[C@@H](Cc1ccccc1)C[C@H](O)[C@H](Cc1ccccc1)NC(=O)OCc1ccccc1)OCc1ccccc1,8.2518119729938
CC1(C)S[C@H]([C@H](NC(=O)Cc2ccccc2)C(=O)NCc2ccccc2)N[C@H]1C(=O)NCCNC(=O)[C@@H]1N[C@@H]([C@H](NC(=O)Cc2ccccc2)C(=O)NCc2ccccc2)SC1(C)C,9.045757490560675
CC1(C)S[C@H]([C@H](NC(=O)Cc2ccccc2)C(=O)NCc2ccccc2)N[C@H]1C(=O)NCCCCNC(=O)[C@@H]1N[C@@H]([C@H](NC(=O)Cc2ccccc2)C(=O)NCc2ccccc2)SC1(C)C,6.275724130399211
CC(C)(C)OC(=O)N[C@@H](Cc1ccccc1)C[C@H](O)[C@H](Cc1ccccc1)NC(=O)c1ccc(N)cc1Cl,8.468521082957745
[O-][S+](Cc1[nH]c2ccc(Cl)cc2c1Sc1ccccc1)c1ccccc1,6.950781977329818
CC(C)(C)OC(=O)N[C@@H](Cc1ccccc1)C[C@H](O)[C@H](Cc1ccccc1)NC(=O)c1cc(N)ccc1Cl,8.481486060122112
CNC(=O)c1[nH]c2ccc(Cl)cc2c1Sc1ccccc1,7.657577319177793
O=C(O)c1ccc2ccc(/C=C/c3ccc(O)cc3)nc2c1O,5.376750709602099
Nc1ccc(C(=O)N[C@@H](Cc2ccccc2)C[C@H](O)[C@H](Cc2ccccc2)NC(=O)OCc2ccccc2)c(Cl)c1,8.214670164989233
CC(C)(C)NC(=O)c1ccccc1OC[C@H](O)[C@H](Cc1ccccc1)NC(=O)[C@H](CC(N)=O)NC(=O)c1ccc2c(c1)C(=O)c1ccccc1C2=O,7.045757490560675
Oc1cccc2ccc(/C=C/c3ccccc3)nc12,4.0
CC1(C)S[C@H]([C@H](NC(=O)Cc2ccccc2)C(=O)NCc2ccccc2)N[C@H]1C(=O)NCCCNC(=O)[C@@H]1N[C@@H]([C@H](NC(=O)Cc2ccccc2)C(=O)NCc2ccccc2)SC1(C)C,6.267606240177032
CC1(C)S[C@H]([C@H](NC(=O)Cc2ccccc2)C(=O)NCc2ccccc2)N[C@H]1C(=O)NCC(O)CNC(=O)[C@@H]1N[C@@H]([C@H](NC(=O)Cc2ccccc2)C(=O)NCc2ccccc2)SC1(C)C,8.301029995663981
CC1(C)S[C@H]([C@H](NC(=O)Cc2ccccc2)C(=O)NCc2ccccc2)N[C@H]1C(=O)NC[C@H](O)[C@@H](O)CNC(=O)[C@@H]1N[C@@H]([C@H](NC(=O)Cc2ccccc2)C(=O)NCc2ccccc2)SC1(C)C,7.443697499232712
CC(C)C(NC(=O)OCc1ccccc1)C(=O)N[C@H](CC[C@@H](O)[C@H](Cc1ccccc1)NC(=O)C(NC(=O)OCc1ccccc1)C(C)C)Cc1ccccc1,6.698970004336019
CC(C)(C)OC(=O)N[C@@H](Cc1ccccc1)C[C@H](O)[C@H](Cc1ccccc1)NC(=O)c1cccc(N)c1Cl,8.275724130399212
CC(C)(C)NC(=O)c1ccccc1OC[C@H](O)[C@H](Cc1ccccc1)NC(=O)[C@H](CC(N)=O)NC(=O)c1cc(O)c2ccccc2n1,6.3872161432802645
NC(=O)c1[nH]c2ccc(Cl)cc2c1Sc1ccccc1,7.853871964321762
NC(=O)c1[nH]c2ccc(Cl)cc2c1Sc1ccccc1,5.835647144215563
NC(=O)c1[nH]c2ccc(Cl)cc2c1Sc1ccccc1,5.982966660701219
CC(C)[C@H](NC(=O)N(C)Cc1ccccn1)C(=O)N[C@@H](Cc1ccccc1)[C@H](O)[C@H](O)[C@H](Cc1ccccc1)NC(=O)[C@@H](NC(=O)N(C)Cc1ccccn1)C(C)C,9.0
[O-][S+](Cc1[nH]c2ccccc2c1[S+]([O-])c1ccccc1)c1ccccc1,4.137868620686962
CC(C)(C)OC(=O)N[C@@H](Cc1ccccc1)C[C@H](O)[C@H](Cc1ccccc1)NC(=O)c1cccc(O)c1,8.468521082957745
COc1cccc(C(=O)N[C@@H](Cc2ccccc2)[C@@H](O)C[C@H](Cc2ccccc2)NC(=O)OC(C)(C)C)c1,7.638272163982407
CC(C)(C)OC(=O)N[C@@H](Cc1ccccc1)C[C@H](O)[C@H](Cc1ccccc1)NC(=O)c1ccc(N)c(O)c1,7.958607314841775
CC(C)(C)OC(=O)N[C@@H](Cc1ccccc1)C[C@H](O)[C@H](Cc1ccccc1)NC(=O)c1cc(O)cc(O)c1,7.292429823902063
CC(C)(C)NC(=O)c1ccccc1OC[C@@H](O)[C@H](Cc1ccccc1)NC(=O)[C@H](CC(N)=O)NC(=O)c1ccc2c(c1)C(=O)c1ccccc1C2=O,7.3872161432802645
[O-][S+](Cc1[nH]c2ccccc2c1Sc1ccccc1)c1ccccc1,7.200659450546418
[O-][S+](Cc1[nH]c2ccccc2c1Sc1ccccc1)c1ccccc1,5.590066876668706
[O-][S+](Cc1[nH]c2ccccc2c1Sc1ccccc1)c1ccccc1,5.52432881167557
CC(C)[C@H](NC(=O)OCc1ccccc1)C(=O)N[C@@H](Cc1ccccc1)CC1(C[C@H](Cc2ccccc2)NC(=O)[C@@H](NC(=O)OCc2ccccc2)C(C)C)CCC(=O)N1,5.568636235841013
O=C(O)c1cc(/C=C/c2ccc3ccc(C(=O)O)c(O)c3n2)ccc1O,5.568636235841013
Cc1c(O)cccc1C(=O)N[C@@H](Cc1ccccc1)[C@@H](O)C[C@H](Cc1ccccc1)NC(=O)OC(C)(C)C,8.795880017344075
Cc1c(N)cccc1C(=O)N[C@@H](Cc1ccccc1)[C@@H](O)C[C@H](Cc1ccccc1)NC(=O)OC(C)(C)C,8.585026652029182
O=C(N[C@@H](Cc1ccccc1)[C@@H](O)C[C@H](Cc1ccccc1)NC(=O)c1ccccc1)OCc1ccccc1,7.508638306165727
Cc1cn([C@H]2C[C@H](N=[N+]=[N-])[C@@H](CO)O2)c(=O)[nH]c1=O,7.795880017344075
Cc1cn([C@H]2C[C@H](N=[N+]=[N-])[C@@H](CO)O2)c(=O)[nH]c1=O,7.638272163982407
COC(=O)c1[nH]c2ccccc2c1Sc1ccccc1,5.6020599913279625
CC1(C)S[C@H]([C@H](NC(=O)Cc2ccccc2)C(=O)NCc2ccccc2)N[C@H]1C(=O)NC[C@@H](O)[C@@H](O)CNC(=O)[C@@H]1N[C@@H]([C@H](NC(=O)Cc2ccccc2)C(=O)NCc2ccccc2)SC1(C)C,7.853871964321762
COc1cc(C(=O)N[C@@H](Cc2ccccc2)[C@@H](O)C[C@H](Cc2ccccc2)NC(=O)OC(C)(C)C)ccc1N,8.1249387366083
CC(C)(C)OC(=O)N[C@@H](Cc1ccccc1)C[C@H](O)[C@H](Cc1ccccc1)NC(=O)c1c(Cl)ccc(N)c1Cl,7.508638306165727
CC(C)(C)NC(=O)c1ccccc1OC[C@H](O)[C@H](Cc1ccccc1)NC(=O)[C@H](CC(N)=O)NC(=O)c1cnc2ccccc2n1,7.0
CC(C)(C)NC(=O)c1ccccc1NC[C@@H](O)[C@H](Cc1ccccc1)NC(=O)[C@H](CC(N)=O)NC(=O)c1ccc2ccccc2n1,7.026872146400302
NC(=O)c1[nH]c2ccc(Cl)cc2c1[S+]([O-])c1ccccc1,7.638272163982407
NC(=O)c1[nH]c2ccc(Cl)cc2c1[S+]([O-])c1ccccc1,5.559090917934782
NC(=O)c1[nH]c2ccc(Cl)cc2c1[S+]([O-])c1ccccc1,5.856985199745905
CC(C)(C)OC(=O)N[C@@H](Cc1ccccc1)C[C@H](O)[C@H](Cc1ccccc1)NC(=O)c1ccc(O)cc1,8.481486060122112
CC(C)(C)NC(=O)c1ccccc1OC[C@H](O)[C@H](Cc1ccccc1)NC(=O)[C@H](CC(N)=O)NS(=O)(=O)c1ccc2ccccc2c1,6.371611069949688
CC(C)(C)NC(=O)c1ccccc1OC[C@@H](O)[C@H](Cc1ccccc1)NC(=O)[C@H](CC(N)=O)NC(=O)c1ccc2c(c1)S(=O)(=O)c1ccccc1C2=O,7.356547323513812
Cc1cc(O)cc(C)c1CNC(=O)[C@H](Cc1ccccc1)C[C@@H](O)CN1CCN(S(=O)(=O)c2ccc3c(c2)CCN3c2ncccn2)C[C@@H]1C(=O)NC(C)(C)C,9.698970004336019
CCc1cc(NCc2nc3c(Cl)ccc(Cl)c3o2)c(O)nc1C,7.443697499232712
CCc1cc(NCc2nc3c(Cl)ccc(Cl)c3o2)c(O)nc1C,6.2636034977233574
CCc1cc(NCc2nc3c(Cl)ccc(Cl)c3o2)c(O)nc1C,4.6020599913279625
O=C(O)c1ccc2ccc(/C=C/c3ccccc3)nc2c1O,5.468521082957745
Nc1ccc(C(=O)N[C@@H](Cc2ccccc2)C[C@H](O)[C@H](Cc2ccccc2)NC(=O)OCc2ccccc2)cc1O,7.657577319177793
NC1C(OCc2ccccc2)OC(CO)C(OCc2ccccc2)C1N,3.688246138944246
CC(C)(C)OC(=O)N[C@H](CC[C@H](O)[C@H](Cc1ccccc1)NC(=O)OC(C)(C)C)Cc1ccccc1,6.42021640338319
O=C(Nc1ccccc1C(=O)N[C@H](CC[C@H](O)[C@H](Cc1ccccc1)NC(=O)c1ccccc1NC(=O)OCc1ccccn1)Cc1ccccc1)OCc1ccccn1,7.853871964321762
CC(C)(C)OC(=O)NCC(=O)N[C@@H](Cc1ccccc1)/C(O)=C(\C#N)c1ccc([N+](=O)[O-])cc1,4.236572006437063
CSc1nccc(-c2ccc(S(=O)(=O)N3CCN(C[C@H](O)C[C@@H](Cc4ccccc4)C(=O)NCc4c(C)cc(O)cc4C)[C@@H](C(=O)NC(C)(C)C)C3)s2)n1,9.698970004336019
CN(C)C(=O)c1[nH]c2ccccc2c1Sc1ccccc1,4.057495893831919
CC(C)(C)NC(=O)c1ccccc1OC[C@H](O)[C@H](Cc1ccccc1)NC(=O)[C@H](CC(N)=O)NC(=O)c1cnnc2ccccc12,6.301029995663981
CC(C)(C)OC(=O)N[C@@H](Cc1ccccc1)C[C@H](O)[C@H](Cc1ccccc1)NC(=O)c1ccc(N)c(N)c1,8.017728766960431
CC(C)(C)NC(=O)c1c(OC[C@@H](O)[C@H](Cc2ccccc2)NC(=O)[C@H](CC(N)=O)NC(=O)c2ccc3c(c2)C(=O)c2ccccc2C3=O)ccc2ccccc12,7.2076083105017466
CC(C)(C)OC(=O)N[C@@H](Cc1ccccc1)C[C@H](O)[C@H](Cc1ccccc1)NC(=O)c1ccc(O)c(N)c1,8.119186407719209
COC(=O)c1[nH]c2ccc(Cl)cc2c1Sc1ccccc1,6.806875401645538
CC(C)(C)OC(=O)N[C@@H](Cc1ccccc1)C[C@H](O)[C@H](Cc1ccccc1)NC(=O)c1ccc(O)c(O)c1,8.387216143280265
CC(C)(C)OC(=O)N[C@@H](Cc1ccccc1)C[C@H](O)[C@H](Cc1ccccc1)NC(=O)c1cc(N)cc(N)c1,6.6020599913279625
CC(C)(C)NC(=O)c1ccccc1OC[C@@H](O)[C@H](Cc1ccccc1)NC(=O)[C@H](CC(N)=O)NC(=O)c1cnc2ccccc2n1,7.200659450546418
Cc1ccnc2c1NC(=O)c1cccnc1N2C1CC1,6.995678626217358
Cc1ccnc2c1NC(=O)c1cccnc1N2C1CC1,4.2373214362725635
Cc1ccnc2c1NC(=O)c1cccnc1N2C1CC1,4.94692155651658
CC(C)C(NC(=O)OCc1ccccc1)C(=O)N[C@H](CC[C@H](O)[C@H](Cc1ccccc1)NC(=O)C(NC(=O)OCc1ccccc1)C(C)C)Cc1ccccc1,9.0
NC1C(OCc2ccccc2)OC(COC(=O)Nc2ccccc2)C(OCc2ccccc2)C1N,4.552841968657781
CC(C)(C)NC(=O)[C@@H]1C[C@@H]2CCCC[C@@H]2CN1C[C@@H](O)[C@H](Cc1ccccc1)NC(=O)[C@H](CC(N)=O)NC(=O)c1ccc2ccccc2n1,7.346787486224656
O=C(N[C@H](CC[C@H](O)[C@H](Cc1ccccc1)NC(=O)c1ccccc1NS(=O)(=O)c1ccccn1)Cc1ccccc1)c1ccccc1NS(=O)(=O)c1ccccn1,5.522878745280337
CC(C)(C)NC(=O)c1ccccc1SC[C@H](O)[C@H](Cc1ccccc1)NC(=O)[C@H](CC(N)=O)NC(=O)c1ccc2ccccc2c1,6.4089353929735005
CC(C)(C)NC(=O)c1ccccc1OC[C@@H](O)[C@H](Cc1ccccc1)NC(=O)[C@H](CC(N)=O)NC(=O)c1cnnc2ccccc12,6.886056647693163
CC(C)(C)NC(=O)c1c(OC[C@@H](O)[C@H](Cc2ccccc2)NC(=O)[C@H](CC(N)=O)NC(=O)c2ccc3c(c2)S(=O)(=O)c2ccccc2C3=O)ccc2ccccc12,7.221848749616356
CCCNC(=O)[C@@H](NC(=O)Cc1ccccc1)[C@@H]1N[C@@H](C(=O)NCC(CO)NC(=O)[C@@H]2N[C@@H]([C@H](NC(=O)Cc3ccccc3)C(=O)NCC)SC2(C)C)C(C)(C)S1,7.6020599913279625
CC(C)(C)OC(=O)N[C@@H](Cc1ccccc1)C[C@H](O)[C@H](Cc1ccccc1)NC(=O)c1ccc(O)cc1Cl,8.853871964321762
CC(C)(C)OC(=O)N[C@@H](Cc1ccccc1)C[C@H](O)[C@H](Cc1ccccc1)NC(=O)OC(C)(C)C,8.275724130399212
CC(C)(C)OC(=O)N[C@@H](Cc1ccccc1)C[C@H](O)[C@H](Cc1ccccc1)NC(=O)c1ccccc1O,6.838631997765025
CC(C)(C)OC(=O)N[C@@H](Cc1ccccc1)C[C@H](O)[C@H](Cc1ccccc1)NC(=O)c1cc(O)ccc1Cl,7.920818753952375
COc1cc(C(=O)N[C@@H](Cc2ccccc2)C[C@H](O)[C@H](Cc2ccccc2)NC(=O)OCc2ccccc2)ccc1N,7.978810700930062
O=C(N[C@@H](Cc1ccccc1)[C@@H](O)C[C@H](Cc1ccccc1)NC(=O)c1ccc(O)cc1Cl)OCc1ccccc1,8.886056647693163
CC(C)(C)NC(=O)c1ccccc1OC[C@@H](O)[C@H](Cc1ccccc1)NC(=O)[C@H](CC(N)=O)NC(=O)c1ccc2ccccc2n1,7.346787486224656
CC1(C)S[C@H]([C@H](NC(=O)Cc2ccccc2)C(=O)NCc2ccccc2)N[C@H]1C(=O)NC[C@@H](O)[C@H](O)CNC(=O)[C@@H]1N[C@@H]([C@H](NC(=O)Cc2ccccc2)C(=O)NCc2ccccc2)SC1(C)C,7.823908740944319
[N-]=[N+]=NC1C(N)C(OCc2ccccc2)OC(CO)C1OCc1ccccc1,6.0
CNC(=O)c1[nH]c2ccccc2c1Sc1ccccc1,6.127261172527331
CCCNC(=O)[C@@H](NC(=O)Cc1ccccc1)[C@@H]1N[C@@H](C(=O)N(C)CCN(C)C(=O)[C@@H]2N[C@@H]([C@H](NC(=O)Cc3ccccc3)C(=O)NCC)SC2(C)C)C(C)(C)S1,7.958607314841775
CC(C)C(NC(=O)OCc1ccccc1)C(=O)N[C@@H](Cc1ccccc1)CC(C[C@H](Cc1ccccc1)NC(=O)C(NC(=O)OCc1ccccc1)C(C)C)[N+](=O)[O-],5.823908740944319
CC(C)(C)OC(=O)N[C@@H](Cc1ccccc1)C[C@H](O)[C@H](Cc1ccccc1)NC(=O)c1ccccc1,8.346787486224656
CC(C)(C)OC(=O)N[C@@H](Cc1ccccc1)C[C@H](O)[C@H](Cc1ccccc1)NC(=O)c1c(Cl)cccc1Cl,7.173925197299173
CC(C)(C)NC(=O)[C@H]1CN(S(=O)(=O)c2cccs2)CCN1C[C@H](O)C[C@@H](Cc1ccccc1)C(=O)NC1c2ccccc2C[C@H]1O,10.0
NC(=O)c1[nH]c2ccc(Cl)cc2c1S(=O)(=O)c1ccccc1,8.522878745280337
NC(=O)c1[nH]c2ccc(Cl)cc2c1S(=O)(=O)c1ccccc1,6.935542010773082
NC(=O)c1[nH]c2ccc(Cl)cc2c1S(=O)(=O)c1ccccc1,7.1487416512809245
Cc1cc(O)cc(C)c1CNC(=O)[C@H](Cc1ccccc1)C[C@@H](O)CN1CCN(S(=O)(=O)c2cccs2)C[C@@H]1C(=O)NC(C)(C)C,9.327902142064282
CC(C)(C)NC(=O)[C@@H]1CN(Cc2cc3cnccc3o2)CCN1C[C@@H](O)C[C@@H](Cc1ccccc1)C(=O)NC1c2ccccc2C[C@H]1O,9.657577319177793
Cc1c(CN2CCN(CC(O)CC(Cc3ccccc3)C(=O)NC3c4ccccc4CC3O)C(C(=O)NC(C)(C)C)C2)oc2ccccc12,9.958607314841775
CC(C)(C)NC(=O)[C@@H]1CN(Cc2cnc3ccoc3c2)CCN1C[C@@H](O)C[C@@H](Cc1ccccc1)C(=O)NC1c2ccccc2C[C@H]1O,9.769551078621726
CC(C)(C)NC(=O)[C@@H]1CN(Cc2nc3ccccc3[nH]2)CCN1C[C@@H](O)C[C@@H](Cc1ccccc1)C(=O)NC1c2ccccc2C[C@H]1O,9.327902142064282
CC(C)(C)NC(=O)[C@H]1C[C@@H]2CCCC[C@@H]2CN1C[C@@H](O)[C@H](Cc1ccccc1)NC(=O)[C@H](CC(N)=O)NC(=O)c1ccc2ccccc2n1,9.397940008672037
CC(C)(C)NC(=O)C1CN(Cc2cc3cccnc3s2)CCN1CC(O)CC(Cc1ccccc1)C(=O)NC1c2ccccc2CC1O,9.958607314841775
CC(C)[C@H](NC(=O)OCc1ccccc1)C(=O)N[C@@H](Cc1ccccc1)C(O)[C@H](Cc1ccccc1)NC(=O)[C@@H](NC(=O)OCc1ccccc1)C(C)C,8.522878745280337
CC(C)(C)OC(=O)C1CCCN1C[C@@H](O)[C@H](Cc1ccccc1)NC(=O)[C@H](CC(N)=O)NC(=O)OCc1ccccc1,6.853871964321762
CC(C)(C)NC(=O)[C@@H]1CN(Cc2cnc3occc3c2Cl)CCN1C[C@@H](O)C[C@@H](Cc1ccccc1)C(=O)NC1c2ccccc2C[C@H]1O,9.602059991327963
CSc1ncccc1CN1CCN(C[C@@H](O)C[C@@H](Cc2ccccc2)C(=O)NC2c3ccccc3C[C@H]2O)[C@H](C(=O)NC(C)(C)C)C1,9.585026652029182
CC(C)C[C@H](NC(=O)[C@H](Cc1ccccc1)CP(=O)(O)[C@H](Cc1ccccc1)NC(=O)OC(C)(C)C)C(=O)N[C@@H](Cc1ccccc1)C(N)=O,8.045757490560675
CC(C)(C)NC(=O)[C@@H]1CN(Cc2cnc3c(c2)CCO3)CCN1C[C@@H](O)C[C@@H](Cc1ccccc1)C(=O)NC1c2ccccc2C[C@H]1O,9.167491087293763
CC(C)(C)NC(=O)C1CN(Cc2ccc3occc3c2)CCN1CC(O)CC(Cc1ccccc1)C(=O)NC1c2ccccc2CC1O,8.769551078621726
CC(C)(C)OC(=O)N[C@@H](Cc1ccccc1)[C@H](O)[C@H](O)[C@H](Cc1ccccc1)NC(=O)OC(C)(C)C,7.920818753952375
CCOC(=O)c1cnc2oc(CN3CCN(CC(O)CC(Cc4ccccc4)C(=O)NC4c5ccccc5CC4O)C(C(=O)NC(C)(C)C)C3)cc2c1,9.568636235841012
CC(C)(C)NC(=O)[C@@H]1CN(Cc2cc3ccncc3o2)CCN1C[C@@H](O)C[C@@H](Cc1ccccc1)C(=O)NC1c2ccccc2C[C@H]1O,9.4089353929735
CC(C)(C)NC(=O)[C@@H]1CN(Cc2cnc3ccccc3c2)CCN1C[C@@H](O)C[C@@H](Cc1ccccc1)C(=O)NC1c2ccccc2C[C@H]1O,9.853871964321762
CC(C)(C)NC(=O)[C@@H]1CN(Cc2cnc3occc3c2)CCN1C[C@@H](O)C[C@@H](Cc1ccccc1)C(=O)N[C@H]1c2ccccc2C[C@H]1O,9.455931955649724
CC(C)(C)NC(=O)C1CCCCN1C[C@@H](O)[C@H](Cc1ccccc1)NC(=O)[C@H](CC(N)=O)NC(=O)c1ccc2ccccc2n1,8.698970004336019
Cc1ccc(CN2CCN(C[C@@H](O)C[C@@H](Cc3ccccc3)C(=O)NC3c4ccccc4C[C@H]3O)[C@H](C(=O)NC(C)(C)C)C2)cn1,9.207608310501746
Cc1nn(C)c2ncc(CN3CCN(C[C@@H](O)C[C@@H](Cc4ccccc4)C(=O)NC4c5ccccc5C[C@H]4O)[C@H](C(=O)NC(C)(C)C)C3)cc12,9.455931955649724
CC(C)(C)OC(=O)N[C@@H](Cc1ccccc1)[C@@H](O)C[C@@H](Cc1ccccc1)C(=O)N[C@H]1c2ccccc2C[C@H]1O,9.522878745280337
CC(C)(C)NC(=O)C1CN(Cc2cc3cccnc3o2)CCN1CC(O)CC(Cc1ccccc1)C(=O)NC1c2ccccc2CC1O,9.494850021680094
CCCC[C@H](CN[C@H](CCCC)C(=O)N[C@@H](CCC(N)=O)C(=O)N[C@@H](CCCN=C(N)N)C(N)=O)NC(=O)[C@@H](NC(=O)[C@@H](NC(C)=O)[C@@H](C)O)[C@@H](C)CC,9.10790539730952
CC(C)[C@H](NC(=O)[C@@H](NC(=O)[C@@H]1CCCN1C[C@H](Cc1ccccc1)NC(=O)[C@H](C)NC(=O)[C@H](C)NC(=O)[C@@H](N)CO)C(C)C)C(N)=O,7.721246399047171
Cc1nn(C)c2ncc(CN3CCN(C[C@@H](O)C[C@@H](Cc4ccccc4)C(=O)NC4c5ccccc5C[C@H]4O)[C@H](C(=O)NC(C)(C)C)C3)c(Cl)c12,9.853871964321762
CC(C)(C)NC(=O)[C@@H]1CN(C(=O)c2cnc3occc3c2)CCN1C[C@@H](O)C[C@@H](Cc1ccccc1)C(=O)NC1c2ccccc2C[C@H]1O,8.769551078621726
CCOc1ccc(CN2CCN(C[C@@H](O)C[C@@H](Cc3ccccc3)C(=O)NC3c4ccccc4C[C@H]3O)[C@H](C(=O)NC(C)(C)C)C2)cn1,8.468521082957745
COc1ncccc1CN1CCN(C[C@@H](O)C[C@@H](Cc2ccccc2)C(=O)NC2c3ccccc3C[C@H]2O)[C@H](C(=O)NC(C)(C)C)C1,8.958607314841775
CC(C)(C)NC(=O)[C@@H]1CN(Cc2cccnc2)CCN1C[C@@H](O)C[C@@H](Cc1ccccc1)C(=O)N[C@H]1c2ccccc2C[C@H]1O.O=S(=O)(O)O,9.387216143280265
CC[C@H](C)[C@H](NC(=O)[C@H](C/C=C/c1ccccc1)C[C@H](O)[C@H](Cc1ccccc1)NC(=O)OC(C)(C)C)C(=O)NCc1nc2ccccc2[nH]1,10.522878745280337
CC(C)(C)NC(=O)[C@@H]1CN(Cc2cc3ccccc3o2)CCN1C[C@@H](O)C[C@@H](Cc1ccccc1)C(=O)N[C@H]1c2ccccc2C[C@H]1O,9.744727494896694
CC[C@H](C)[C@H](NC(=O)[C@@H]1CCCN1C[C@H](Cc1ccccc1)NC(=O)[C@H](CC(N)=O)NC(=O)[C@H](CCC(N)=O)NC(=O)[C@H](CO)NC(=O)[C@@H](N)C(C)C)C(=O)N[C@H](C(=O)O)C(C)C,8.455931955649724
C/C=C/C/C=C/CCC(=O)[C@H]1O[C@H]1C(N)=O,5.6020599913279625
CC(C)(C)NC(=O)[C@@H]1CN(Cc2cccnc2)CCN1C[C@@H](O)C[C@@H](Cc1ccccc1)C(=O)N[C@H]1c2ccccc2C[C@H]1O.O,9.229147988357855
CC(C)(C)NC(=O)C1CN(Cc2cc3cc(CO)cnc3o2)CCN1CC(O)CC(Cc1ccccc1)C(=O)NC1c2ccccc2CC1O,9.744727494896694
CC(C)[C@H](NC(=O)OCc1ccccc1)C(=O)N[C@@H](Cc1ccccc1)[C@H](O)[C@H](O)[C@H](Cc1ccccc1)NC(=O)[C@@H](NC(=O)OCc1ccccc1)C(C)C,9.698970004336019
CC(C)[C@H](NC(=O)OCc1ccccc1)C(=O)N[C@@H](Cc1ccccc1)[C@H](O)[C@H](O)[C@H](Cc1ccccc1)NC(=O)[C@@H](NC(=O)OCc1ccccc1)C(C)C,9.397940008672037
CC(C)(C)NC(=O)C1CN(Cc2csc3ncccc23)CCN1CC(O)CC(Cc1ccccc1)C(=O)NC1c2ccccc2CC1O,9.698970004336019
Cc1cc2oc(CN3CCN(C[C@@H](O)C[C@@H](Cc4ccccc4)C(=O)NC4c5ccccc5C[C@H]4O)[C@H](C(=O)NC(C)(C)C)C3)cc2cn1,9.721246399047171
CC(C)(C)NC(=O)[C@@H]1CN(Cc2ccc(Cl)nc2)CCN1C[C@@H](O)C[C@@H](Cc1ccccc1)C(=O)NC1c2ccccc2C[C@H]1O,9.309803919971486
CC(C)(C)NC(=O)C1CN(Cc2c[nH]c3ccccc23)CCN1CC(O)CC(Cc1ccccc1)C(=O)NC1c2ccccc2CC1O,8.769551078621726
CC(C)(C)NC(=O)[C@@H]1CN(Cc2cc3ccsc3s2)CCN1C[C@@H](O)C[C@@H](Cc1cccnc1)C(=O)N[C@H]1c2ccccc2C[C@H]1O,9.920818753952375
CC(=O)N[C@@H](Cc1ccccc1)C(O)[C@H](Cc1ccccc1)NC(C)=O,5.0
CC(C)[C@H](N)C(=O)N[C@@H](Cc1ccccc1)[C@@H](O)CN(Cc1ccccc1)NC(=O)[C@H](N)C(C)C.Cl.Cl,4.0
N#Cc1ccc(S(=O)(=O)Nc2cccc(C(c3c(O)c4c(oc3=O)CCCCCC4)C3CC3)c2)cc1,5.698970004336019
CCC[C@]1(CCc2ccccc2)CC(=O)C([C@@H](CC)c2cccc(NS(=O)(=O)c3cn(C)cn3)c2)=C(O)O1,6.886056647693163
CCC(CC)NC(=O)C[C@@H](C(=O)NC[C@@H](O)[C@H](Cc1ccccc1)NC(=O)[C@@H](NC(=O)OCc1ccccc1)C(C)C)C(C)(C)C,8.537602002101044
CC1(C)S[C@H]([C@H](NC(=O)c2ccccc2-c2ccccc2)C(=O)NCc2ccccc2)N[C@H]1C(=O)NCCNC(=O)[C@@H]1N[C@@H]([C@H](NC(=O)c2ccccc2-c2ccccc2)C(=O)NCc2ccccc2)SC1(C)C,8.1249387366083
CC(C)CN(C[C@H](O)[C@H](Cc1ccccc1)NC(=O)[C@@H](NC(=O)OCc1ccccc1)C(C)C)NC(=O)[C@@H](NC(=O)OCc1ccccc1)C(C)C,8.0
CC1(C)S[C@H]([C@H](NC(=O)Cc2ccccc2)C(=O)NCC(F)(F)F)N[C@H]1C(=O)NCCNC(=O)[C@@H]1N[C@@H]([C@H](NC(=O)Cc2ccccc2)C(=O)NCC(F)(F)F)SC1(C)C,8.356547323513812
CC1(C)S[C@H]([C@H](NC(=O)Cc2ccccc2)C(=O)NCC(=O)O)N[C@H]1C(=O)NCCNC(=O)[C@@H]1N[C@@H]([C@H](NC(=O)Cc2ccccc2)C(=O)NCC(=O)O)SC1(C)C,7.4089353929735005
CCNC(=O)[C@@H](NC(=O)c1ccccc1Nc1ccccc1)[C@@H]1N[C@@H](C(=O)NCCNC(=O)[C@@H]2N[C@@H]([C@H](NC(=O)c3ccccc3Nc3ccccc3)C(=O)NCC)SC2(C)C)C(C)(C)S1,5.318758762624412
CCC[C@@]1(CCc2ccccc2)CC(=O)C([C@@H](CC)c2cccc(NS(=O)(=O)c3ccc(C#N)cn3)c2)=C(O)O1,6.958607314841775
CC(C)[C@H](NC(=O)OCc1ccccc1)C(=O)N[C@@H](Cc1ccccc1)[C@H](O)CNC(=O)[C@@H](CC(=O)NC(C)(C)C)C(C)(C)C,7.6020599913279625
CC(C)(C)[C@@H](CC(=O)NC1CCCCC1)C(=O)NC[C@@H](O)[C@H](Cc1ccccc1)NC(=O)OCc1ccccc1,6.8696662315049934
CC(C)[C@H](NC(=O)OCc1ccccc1)C(=O)N[C@@H](Cc1ccccc1)[C@@H](O)CN(Cc1ccc(C#N)cc1)NC(=O)[C@@H](NC(=O)OCc1ccccc1)C(C)C,7.619788758288394
CCNC(=O)[C@@H](NC(=O)/C=C\c1ccccc1)[C@@H]1N[C@@H](C(=O)NCCNC(=O)[C@@H]2N[C@@H]([C@H](NC(=O)/C=C\c3ccccc3)C(=O)NCC)SC2(C)C)C(C)(C)S1,8.537602002101044
CCNC(=O)[C@@H](NC(=O)Cc1ccccc1)[C@@H]1N[C@@H](C(=O)NCCNC(=O)[C@@H]2N[C@@H]([C@H](NC(=O)Cc3ccccc3)C(=O)NCC)SC2(C)C)C(C)(C)S1,8.318758762624412
CCC[C@@]1(CCc2ccccc2)CC(=O)C([C@H](CC)c2cccc(NS(=O)(=O)c3ccc(C#N)cn3)c2)=C(O)O1,7.3979400086720375
CCNC(=O)[C@@H](NC(=O)Cc1cccs1)[C@@H]1N[C@@H](C(=O)NCCNC(=O)[C@@H]2N[C@@H]([C@H](NC(=O)Cc3cccs3)C(=O)NCC)SC2(C)C)C(C)(C)S1,7.823908740944319
CC(C)[C@H](NC(=O)c1ccc2ccccc2n1)C(=O)N[C@@H](Cc1ccccc1)[C@H](O)CN1CC[C@@H](OCc2ccncc2)C[C@H]1C(=O)NC(C)(C)C,8.397940008672037
CC(C)(C)OC(=O)N[C@@H](Cc1ccccc1)[C@@H](O)CN(Cc1ccccc1)NC(=O)OC(C)(C)C,4.301029995663981
CC(C)(C)NC(=O)c1ccccc1CCC(O)CN1CCCCC1C(=O)NC(C)(C)C,4.0
CCC[C@@]1(CCc2ccccc2)CC(=O)C([C@@H](CC)c2cccc(NS(=O)(=O)c3ccc(C(F)(F)F)cn3)c2)=C(O)O1,5.769551078621726
CCCC1(CCc2ccccc2)CC(=O)C(C(CC)c2cccc(NS(=O)(=O)c3cn(C)cn3)c2)=C(O)O1,6.301029995663981
CC(C)[C@H](NC(=O)OCc1ccccc1)C(=O)N[C@@H](Cc1ccccc1)[C@H](O)CN1CCCC[C@H]1C(=O)NC(C)(C)C,7.2076083105017466
CC(=O)N[C@H](C(=O)N[C@@H](Cc1ccccc1)[C@@H](O)CN(CC(C)C)NC(=O)[C@@H](NC(C)=O)C(C)C)C(C)C,7.346787486224656
CN(C)C(=O)[C@@H](NC(=O)Cc1ccccc1)[C@@H]1N[C@@H](C(=O)NCCNC(=O)[C@@H]2N[C@@H]([C@H](NC(=O)Cc3ccccc3)C(=O)N(C)C)SC2(C)C)C(C)(C)S1,8.2839966563652
CCNC(=O)[C@@H](NC(=O)c1ccccc1)[C@@H]1N[C@@H](C(=O)NCCNC(=O)[C@@H]2N[C@@H]([C@H](NC(=O)c3ccccc3)C(=O)NCC)SC2(C)C)C(C)(C)S1,6.4089353929735005
CC(C)(C)NC(=O)C[C@@H](C(=O)NC[C@@H](O)[C@H](Cc1ccccc1)NC(=O)OCc1ccccc1)C(C)(C)C,7.721246399047171
CC1(C)S[C@H](CNC(=O)Cc2ccccc2)N[C@H]1C(=O)NCCNC(=O)[C@@H]1N[C@@H](CNC(=O)Cc2ccccc2)SC1(C)C,5.107905397309519
CCNC(=O)[C@@H](NC(=O)CCc1ccccc1)[C@@H]1N[C@@H](C(=O)NCCNC(=O)[C@@H]2N[C@@H]([C@H](NC(=O)CCc3ccccc3)C(=O)NCC)SC2(C)C)C(C)(C)S1,8.619788758288394
CC(C)[C@H](NC(=O)OCc1ccccc1)C(=O)N[C@@H](Cc1ccccc1)[C@H](O)CNC(=O)C1CCCC[C@H]1C(=O)NC(C)(C)C,6.853871964321762
CC(C)C(NC(=O)C[C@@H](C(=O)NC[C@@H](O)[C@H](Cc1ccccc1)NC(=O)OCc1ccccc1)C(C)(C)C)C(C)C,7.236572006437063
CC(C)[C@H](NC(=O)N1CCOCC1)C(=O)N[C@@H](Cc1ccccc1)[C@@H](O)CN(Cc1ccccc1)NC(=O)[C@H](NC(=O)N1CCOCC1)C(C)C,5.698970004336019
CC1(C)S[C@H]([C@H](NC(=O)Cc2ccccc2)C(N)=O)N[C@H]1C(=O)NCCNC(=O)[C@@H]1N[C@@H]([C@H](NC(=O)Cc2ccccc2)C(N)=O)SC1(C)C,8.522878745280337
CCNC(=O)[C@@H](NC(=O)Cc1ccccc1)[C@@H]1N[C@@H](C(=O)NCCNC(=O)[C@@H]2NCSC2(C)C)C(C)(C)S1,5.055517327849832
CC(C)N1CCC(CC(O)CCc2ccccc2C(=O)NC(C)(C)C)=C(C(=O)NC(C)(C)C)C1,4.154901959985743
CCC[C@@]1(CCc2ccccc2)CC(=O)C([C@@H](CC)c2cccc(NS(=O)(=O)c3ccc(C(F)(F)F)cn3)c2)=C(O)O1,6.3872161432802645
CC(C)[C@H](NC(=O)OCc1ccccc1)C(=O)N[C@@H](Cc1ccccc1)[C@H](O)CNC(=O)C[C@H](C(=O)NC(C)(C)C)C(C)(C)C,5.314258261397736
CCC(CC)NC(=O)C[C@@H](C(=O)NC[C@@H](O)[C@H](Cc1ccccc1)NC(=O)OCc1ccccc1)C(C)(C)C,7.823908740944319
CC(=O)N[C@H](C(=O)N[C@@H](Cc1ccccc1)[C@@H](O)CN(Cc1ccc(C#N)cc1)NC(=O)[C@@H](NC(C)=O)C(C)C)C(C)C,7.301029995663981
CN(C)c1ccc(CNC(=O)[C@@H](NC(=O)c2ccccc2-c2ccccc2)[C@@H]2N[C@@H](C(=O)NCCNC(=O)[C@@H]3N[C@@H]([C@H](NC(=O)c4ccccc4-c4ccccc4)C(=O)NCc4ccc(N(C)C)cc4)SC3(C)C)C(C)(C)S2)cc1,9.638272163982407
CCNC(=O)[C@@H](NC(=O)Cc1ccccc1)[C@@H]1N[C@@H](C(=O)NCCNC(=O)[C@@H]2N[C@@H](CNC(=O)Cc3ccccc3)SC2(C)C)C(C)(C)S1,7.455931955649724
CCCC1(CCc2ccccc2)CC(=O)C(C(CC)c2cccc(NS(=O)(=O)c3cccc4cccnc34)c2)=C(O)O1,6.0
CC(C)NC(=O)C[C@@H](C(=O)NC[C@@H](O)[C@H](Cc1ccccc1)NC(=O)OCc1ccccc1)C(C)(C)C,7.721246399047171
CC(C)[C@H](NC(=O)Cc1ccccc1)C(=O)N[C@@H](Cc1ccccc1)[C@@H](O)CN(Cc1ccccc1)NC(=O)[C@H](NC(=O)Cc1ccccc1)C(C)C,6.443697499232712
CC(=O)N[C@H](C(=O)N[C@@H](Cc1ccccc1)[C@@H](O)CN(CC1CCCCC1)NC(=O)[C@@H](NC(C)=O)C(C)C)C(C)C,8.045757490560675
CC(C)(C)OC(=O)CNC(=O)[C@@H](NC(=O)Cc1ccccc1)[C@@H]1N[C@@H](C(=O)NCCNC(=O)[C@@H]2N[C@@H]([C@H](NC(=O)Cc3ccccc3)C(=O)NCC(=O)OC(C)(C)C)SC2(C)C)C(C)(C)S1,7.6777807052660805
CC(C)[C@H](NC(=O)OCc1ccccc1)C(=O)N[C@@H](Cc1ccccc1)[C@@H](O)CNC(=O)[C@H](CC(=O)NC(C)(C)C)C(C)(C)C,7.301029995663981
CCCC(CCC)NC(=O)C[C@@H](C(=O)NC[C@@H](O)[C@H](Cc1ccccc1)NC(=O)OCc1ccccc1)C(C)(C)C,7.4089353929735005
CC1(C)S[C@H]([C@H](NC(=O)Cc2ccccc2)C(=O)NCCO)N[C@H]1C(=O)NCCNC(=O)[C@@H]1N[C@@H]([C@H](NC(=O)Cc2ccccc2)C(=O)NCCO)SC1(C)C,7.3979400086720375
CC1(C)S[C@H]([C@@H](COC(=O)c2ccccc2)NC(=O)Cc2ccccc2)N[C@H]1C(=O)NCCNC(=O)[C@@H]1N[C@@H]([C@@H](COC(=O)c2ccccc2)NC(=O)Cc2ccccc2)SC1(C)C,7.154901959985743
CCC(CC)NC(=O)C[C@@H](C(=O)NC[C@@H](O)[C@H](Cc1ccccc1)NC(=O)[C@H](CC(N)=O)NC(=O)c1cnc2ccccc2n1)C(C)(C)C,8.721246399047171
CC1(C)S[C@H]([C@H](NC(=O)Cc2ccccc2)C(=O)NCc2ccccn2)N[C@H]1C(=O)NCCNC(=O)[C@@H]1N[C@@H]([C@H](NC(=O)Cc2ccccc2)C(=O)NCc2ccccn2)SC1(C)C,7.958607314841775
CCNC(=O)[C@@H](NC(=O)Cc1ccccc1)[C@@H]1N[C@@H](C(=O)NCCNC(=O)[C@@H]2N[C@@H]([C@H](NC(=O)Cc3ccccc3)C(=O)NCC)SC2(C)C)C(C)(C)S1.O.O,5.886056647693163
CC(C)(C)NC(=O)c1ccccc1CC(O)CNc1ccccc1C(=O)NC(C)(C)C,3.9208187539523753
CCC[C@]1(CCc2ccccc2)CC(=O)C([C@H](CC)c2cccc(NS(=O)(=O)c3ccc(C(F)(F)F)cn3)c2)=C(O)O1,6.853871964321762
CCC[C@]1(CCc2ccccc2)CC(=O)C([C@@H](CC)c2cccc(NS(=O)(=O)c3cn(C)cn3)c2)=C(O)O1,6.0
CC(C)(C)NC(=O)c1ccccc1CCC(O)Cc1ccc2ccccc2c1C(=O)NC(C)(C)C,4.200659450546418
CCCC1(CCc2ccccc2)CC(=O)C(C(CC)c2cccc(NS(=O)(=O)c3ccc(F)cc3)c2)=C(O)O1,5.920818753952375
CCC(CC)NC(=O)C[C@@H](C(=O)NC[C@@H](O)[C@H](Cc1ccccc1)NC(=O)[C@@H](NC(=O)OCc1ccccc1)[C@H](C)O)C(C)(C)C,8.086186147616283
CC(C)[C@H](NC(=O)OCc1ccccc1)C(=O)NN(Cc1ccccc1)C[C@H](O)[C@H](Cc1ccccc1)NC(=O)[C@H](NC(=O)OCc1ccccc1)C(C)C,4.0
CC(C)(C)NC(=O)[C@@H]1C[C@@H]2CCCC[C@@H]2CN1C[C@@H](O)[C@H](Cc1ccccc1)NC(=O)[C@H](CC(N)=O)NC(=O)c1ccc2ccccc2n1,7.950781977329818
CCNC(=O)[C@@H](NS(=O)(=O)Cc1ccccc1)[C@@H]1N[C@@H](C(=O)NCCNC(=O)[C@@H]2N[C@@H]([C@H](NS(=O)(=O)Cc3ccccc3)C(=O)NCC)SC2(C)C)C(C)(C)S1,7.236572006437063
CC(C)[C@H](NC(=O)OCc1ccccc1)C(=O)N[C@@H](Cc1ccccc1)[C@H](O)CNC(=O)C[C@@H](C(=O)NC(C)(C)C)C(C)(C)C,6.903089986991944
CC1(C)S[C@H]([C@H](NC(=O)Cc2ccccc2)C(=O)NCc2ccccc2)N[C@H]1C(=O)NCCNC(=O)[C@@H]1N[C@@H]([C@H](NC(=O)Cc2ccccc2)C(=O)NCc2ccccc2)SC1(C)C,9.045757490560675
CN(Cc1ccccc1)C(=O)[C@@H](NC(=O)Cc1ccccc1)[C@@H]1N[C@@H](C(=O)NCCNC(=O)[C@@H]2N[C@@H]([C@H](NC(=O)Cc3ccccc3)C(=O)N(C)Cc3ccccc3)SC2(C)C)C(C)(C)S1,6.086186147616283
CC(C)(C)NC(=O)c1ccccc1SCC(O)Cc1ccc2ccccc2c1C(=O)NC(C)(C)C,4.6020599913279625
CC(C)(C)NC(=O)c1ccccc1SCC(O)c1ccccc1C(=O)NC(C)(C)C,3.6989700043360187
CC(C)(C)NC(=O)c1ccccc1/C=C/C(O)Cc1ccccc1C(=O)NC(C)(C)C,3.6989700043360187
CC(C)(C)[C@@H](CC(=O)Nc1ccccc1)C(=O)NC[C@@H](O)[C@H](Cc1ccccc1)NC(=O)OCc1ccccc1,7.853871964321762
CCC(CC)NC(=O)C[C@@H](C(=O)NC[C@@H](O)[C@H](Cc1ccccc1)NC(=O)[C@@H](NC(=O)c1ccc2ccccc2n1)[C@H](C)O)C(C)(C)C,8.443697499232712
CC(C)(C)OC(=O)CNC(=O)[C@@H](NC(=O)c1ccccc1-c1ccccc1)[C@@H]1N[C@@H](C(=O)NCCNC(=O)[C@@H]2N[C@@H]([C@H](NC(=O)c3ccccc3-c3ccccc3)C(=O)NCC(=O)OC(C)(C)C)SC2(C)C)C(C)(C)S1,8.387216143280265
CC1(C)S[C@H]([C@H](NC(=O)Cc2ccccc2)C(=O)N(CCO)CCO)N[C@H]1C(=O)NCCNC(=O)[C@@H]1N[C@@H]([C@H](NC(=O)Cc2ccccc2)C(=O)N(CCO)CCO)SC1(C)C,6.075720713938118
CCNC(=O)[C@@H](N)[C@@H]1N[C@@H](C(=O)NCCNC(=O)[C@@H]2N[C@@H]([C@H](N)C(=O)NCC)SC2(C)C)C(C)(C)S1,3.9208187539523753
CC(C)[C@H](NC(=O)OCc1ccccc1)C(=O)N[C@@H](Cc1ccccc1)[C@H](O)CNC(=O)CCC(=O)NC(C)(C)C,5.0835460514500745
CN(C)c1ccc(CNC(=O)[C@@H](NC(=O)Cc2ccccc2)[C@@H]2N[C@@H](C(=O)NCCNC(=O)[C@@H]3N[C@@H]([C@H](NC(=O)Cc4ccccc4)C(=O)NCc4ccc(N(C)C)cc4)SC3(C)C)C(C)(C)S2)cc1,7.327902142064283
CCNC(=O)[C@@H](NC(=O)CC(C)C)[C@@H]1N[C@@H](C(=O)NCCNC(=O)[C@@H]2N[C@@H]([C@H](NC(=O)CC(C)C)C(=O)NCC)SC2(C)C)C(C)(C)S1,8.060480747381382
CC(C)(C)NC(=O)c1ccccc1C#CC(O)Cc1ccccc1C(=O)NC(C)(C)C,3.6989700043360187
CCCC1(CCc2ccccc2)CC(=O)C(C(CC)c2cccc(NS(=O)(=O)c3ccc(C#N)cc3)c2)=C(O)O1,5.958607314841775
CCNC(=O)[C@@H](NC(=O)Cc1ccccn1)[C@@H]1N[C@@H](C(=O)NCCNC(=O)[C@@H]2N[C@@H]([C@H](NC(=O)Cc3ccccn3)C(=O)NCC)SC2(C)C)C(C)(C)S1,7.721246399047171
CCCC1(CCc2ccccc2)CC(=O)C(C(CC)c2cccc(NS(=O)(=O)c3ccccc3)c2)=C(O)O1,5.795880017344075
CC(C)[C@H](NC(=O)OCc1ccccc1)C(=O)N[C@@H](Cc1ccccc1)[C@@H](O)CN(Cc1ccc(F)cc1)NC(=O)[C@@H](NC(=O)OCc1ccccc1)C(C)C,7.657577319177793
CC1(C)S[C@H]([C@H](NC(=O)Cc2ccccc2)C(=O)OCc2ccccc2)N[C@H]1C(=O)NCCNC(=O)[C@@H]1N[C@@H]([C@H](NC(=O)Cc2ccccc2)C(=O)OCc2ccccc2)SC1(C)C,7.1249387366083
CC1(C)S[C@H]([C@H](NC(=O)Cc2ccccn2)C(=O)NCc2ccc(Cl)cc2Cl)N[C@H]1C(=O)NCCNC(=O)[C@@H]1N[C@@H]([C@H](NC(=O)Cc2ccccn2)C(=O)NCc2ccc(Cl)cc2Cl)SC1(C)C,7.853871964321762
CCC(CC)NC(=O)C[C@@H](C(=O)NC[C@@H](O)[C@H](Cc1ccccc1)NC(=O)[C@@H](NC(=O)c1cnc2ccccc2n1)C(C)C)C(C)(C)C,8.657577319177793
COC(=O)[C@@H](NC(=O)Cc1ccccc1)[C@@H]1N[C@@H](C(=O)NCCNC(=O)[C@@H]2N[C@@H]([C@H](NC(=O)Cc3ccccc3)C(=O)OC)SC2(C)C)C(C)(C)S1,7.221848749616356
CCNC(=O)[C@@H](NC(=O)c1ccccc1Cc1ccccc1)[C@@H]1N[C@@H](C(=O)NCCNC(=O)[C@@H]2N[C@@H]([C@H](NC(=O)c3ccccc3Cc3ccccc3)C(=O)NCC)SC2(C)C)C(C)(C)S1,7.142667503568732
CC1(C)S[C@H]([C@H](NC(=O)Cc2ccccn2)C(=O)NCc2ccc(Cl)cc2)N[C@H]1C(=O)NCCNC(=O)[C@@H]1N[C@@H]([C@H](NC(=O)Cc2ccccn2)C(=O)NCc2ccc(Cl)cc2)SC1(C)C,8.1249387366083
CC1(C)S[C@H]([C@H](NC(=O)c2ccccc2-c2ccccc2)C(=O)NCC(=O)O)N[C@H]1C(=O)NCCNC(=O)[C@@H]1N[C@@H]([C@H](NC(=O)c2ccccc2-c2ccccc2)C(=O)NCC(=O)O)SC1(C)C,7.4089353929735005
CC(C)[C@H](NC(=O)OCc1ccccc1)C(=O)N[C@@H](Cc1ccccc1)[C@@H](O)CN(Cc1ccccc1)NC(=O)[C@H](NC(=O)OCc1ccccc1)C(C)C,7.481486060122112
CC(C)[C@H](NC(=O)OCc1ccccc1)C(=O)N[C@@H](Cc1ccccc1)[C@@H](O)CN(CC1CCCCC1)NC(=O)[C@@H](NC(=O)OCc1ccccc1)C(C)C,7.022276394711152
CC1(C)S[C@H]([C@@H](CO)NC(=O)Cc2ccccc2)N[C@H]1C(=O)NCCNC(=O)[C@@H]1N[C@@H]([C@@H](CO)NC(=O)Cc2ccccc2)SC1(C)C,6.853871964321762
CC(C)(C)NC(=O)c1ccccc1CC(O)CSc1ccccc1NC(=O)C(C)(C)C,3.6989700043360187
CC(C)(C)NC(=O)c1ccccc1CC[C@@H](O)CN1CCC[C@H]1C(=O)NC(C)(C)C,5.0
CC(C)(C)NC(=O)c1c(CCC(O)Cc2ccc3ccccc3c2C(=O)NC(C)(C)C)ccc2ccccc12,4.939302159646388
CCC[C@]1(CCc2ccccc2)CC(=O)C([C@@H](CC)c2cccc(NS(=O)(=O)c3cn(C)cn3)c2)=C(O)O1,6.236572006437063
CCC[C@]1(CCc2ccccc2)CC(=O)C([C@H](CC)c2cccc(NS(=O)(=O)c3ccc(C#N)cn3)c2)=C(O)O1,6.309803919971486
CCC[C@]1(CCc2ccccc2)CC(=O)C([C@@H](CC)c2cccc(NS(=O)(=O)c3ccc(C#N)cn3)c2)=C(O)O1,6.0
CCNC(=O)[C@@H](NC(=O)Cc1ccc(O)cc1)[C@@H]1N[C@@H](C(=O)NCCNC(=O)[C@@H]2N[C@@H]([C@H](NC(=O)Cc3ccc(O)cc3)C(=O)NCC)SC2(C)C)C(C)(C)S1,4.920818753952375
CCNC(=O)[C@@H](NC(=O)c1ccccc1Oc1ccccc1)[C@@H]1N[C@@H](C(=O)NCCNC(=O)[C@@H]2N[C@@H]([C@H](NC(=O)c3ccccc3Oc3ccccc3)C(=O)NCC)SC2(C)C)C(C)(C)S1,6.795880017344075
CCC(Cc1ccccc1)c1cc(O)c(C(CC)c2ccccc2)c(=O)o1,5.522878745280337
CC(=O)N[C@H](C(=O)N[C@@H](Cc1ccccc1)[C@@H](O)CN(Cc1ccccc1)NC(=O)[C@H](NC(C)=O)C(C)C)C(C)C,7.522878745280337
CC(C)(C)NC(=O)c1ccccc1CC[C@H](O)CN1CCC[C@H]1C(=O)NC(C)(C)C,5.0
CCC[C@@]1(CCc2ccccc2)CC(O)=C([C@H](CC)c2cccc(NS(=O)(=O)c3ccc(C(F)(F)F)cn3)c2)C(=O)O1,7.522878745280337
CCC[C@]1(CCc2ccccc2)CC(=O)C([C@@H](CC)c2cccc(NS(=O)(=O)c3cn(C)cn3)c2)=C(O)O1,6.0
CC(C)(C)NC(=O)c1cc(C(C)(C)C)ccc1CCC(O)Cc1ccc(C(C)(C)C)cc1C(=O)NC(C)(C)C,5.154901959985743
CCC(CC)NC(=O)C[C@@H](C(=O)NC[C@@H](O)[C@H](Cc1ccccc1)NC(=O)[C@@H](NC(=O)c1ccc2ccccc2n1)C(C)C)C(C)(C)C,8.602059991327963
CC(=O)N[C@H](C(=O)N[C@@H](Cc1ccccc1)[C@@H](O)CN(Cc1ccc(F)cc1)NC(=O)[C@@H](NC(C)=O)C(C)C)C(C)C,7.552841968657781
CC1(C)S[C@H]([C@H](NC(=O)Cc2ccccc2)C(=O)N2CCCCC2)N[C@H]1C(=O)NCCNC(=O)[C@@H]1N[C@@H]([C@H](NC(=O)Cc2ccccc2)C(=O)N2CCCCC2)SC1(C)C,8.161150909262744
CC1(C)S[C@H]([C@H](NC(=O)Cc2ccccc2)C(=O)NCC2CCCCC2)N[C@H]1C(=O)NCCNC(=O)[C@@H]1N[C@@H]([C@H](NC(=O)Cc2ccccc2)C(=O)NCC2CCCCC2)SC1(C)C,7.3979400086720375
CCNC(=O)[C@@H](NC(=O)c1ccccc1-c1ccccc1)[C@@H]1N[C@@H](C(=O)NCCNC(=O)[C@@H]2N[C@@H]([C@H](NC(=O)c3ccccc3-c3ccccc3)C(=O)NCC)SC2(C)C)C(C)(C)S1,8.00436480540245
CC(C)[C@H](NC(=O)OCc1ccccc1)C(=O)N[C@@H](Cc1ccccc1)[C@H](O)CNC(=O)[C@H](CC(=O)NC(C)(C)C)C(C)(C)C,8.522878745280337
CCC(CC)NC(=O)C[C@@H](C(=O)NC[C@@H](O)[C@H](Cc1ccccc1)NC(=O)[C@@H](NC(=O)c1cnc2ccccc2n1)[C@H](C)O)C(C)(C)C,8.522878745280337
CC(C)[C@H](NC(=O)Cc1cccnc1)C(=O)N[C@@H](Cc1ccccc1)[C@@H](O)CN(Cc1ccccc1)NC(=O)[C@H](NC(=O)Cc1cccnc1)C(C)C,6.301029995663981
CC1(C)S[C@H]([C@H](NC(=O)Cc2ccccn2)C(=O)NCc2ccccc2)N[C@H]1C(=O)NCCNC(=O)[C@@H]1N[C@@H]([C@H](NC(=O)Cc2ccccn2)C(=O)NCc2ccccc2)SC1(C)C,9.259637310505756
CC(C)(C)NC(=O)c1ccccc1CCC(O)CN1CCCCC1C(=O)NC(C)(C)C,4.0
CCC(CC)NC(=O)C[C@@H](C(=O)NC[C@@H](O)[C@H](Cc1ccccc1)NC(=O)[C@H](CC(N)=O)NC(=O)OCc1ccccc1)C(C)(C)C,8.42021640338319
CCC(CC)NC(=O)C[C@@H](C(=O)NC[C@@H](O)[C@H](Cc1ccccc1)NC(=O)[C@H](CC(N)=O)NC(=O)c1ccc2ccccc2n1)C(C)(C)C,8.657577319177793
CC(C)[C@H](NC(=O)OC(C)(C)C)C(=O)N[C@@H](Cc1ccccc1)[C@@H](O)CN(Cc1ccccc1)NC(=O)[C@H](NC(=O)OC(C)(C)C)C(C)C,4.2839966563652006
CC(C)[C@H](NC(=O)c1ccc2ccccc2n1)C(=O)N[C@@H](Cc1ccccc1)[C@@H](O)CN(Cc1ccccc1)NC(=O)[C@H](NC(=O)c1ccc2ccccc2n1)C(C)C,7.187086643357144
CCNC(=O)[C@@H](NC(=O)Cc1ccccc1)[C@@H]1N[C@@H](C(=O)NCCNC(=O)[C@@H]2N[C@@H]([C@H](NC(=O)Cc3ccccc3)C(=O)NCC)SC2(C)C)C(C)(C)S1.O,5.886056647693163
CCNC(=O)[C@@H](NC(=O)Cc1ccc2ccccc2c1)[C@@H]1N[C@@H](C(=O)NCCNC(=O)[C@@H]2N[C@@H]([C@H](NC(=O)Cc3ccc4ccccc4c3)C(=O)NCC)SC2(C)C)C(C)(C)S1,6.086186147616283
CCNC(=O)[C@@H](NC(=O)c1c(-c2ccccc2)noc1C)[C@@H]1N[C@@H](C(=O)NCCNC(=O)[C@@H]2N[C@@H]([C@H](NC(=O)c3c(-c4ccccc4)noc3C)C(=O)NCC)SC2(C)C)C(C)(C)S1,8.267606240177031
CC(C)(c1cc2cnccc2o1)N1CCN(C[C@@H](O)C[C@@H](Cc2ccccc2)C(=O)N[C@H]2c3ccccc3OC[C@H]2O)[C@H](C(=O)NCC(F)(F)F)C1,10.154901959985743
Cc1c(O)cc(F)cc1C(=O)N[C@@H](Cc1ccccc1)[C@H](O)C(=O)N1C[C@@H](Cl)C[C@H]1C(=O)NC(C)(C)C,8.769551078621726
Cc1ccc(O)c(C)c1C(=O)N[C@@H](Cc1ccccc1)[C@H](O)C(=O)N1C[C@@H](Cl)C[C@H]1C(=O)NC(C)(C)C,8.602059991327963
Cc1cc(O)c(C)c(C(=O)N[C@@H](Cc2cccc(C(F)(F)F)c2)[C@H](O)C(=O)N2C[C@@H](Cl)C[C@H]2C(=O)NC(C)(C)C)c1,8.721246399047171
CC(C)(C)NC(=O)[C@@H]1C[C@H](Cl)CN1C(=O)[C@@H](O)[C@H](Cc1ccccc1)NC(=O)c1ccccc1N,7.4089353929735005
CCCC1(CCc2ccccc2)CC(=O)C(C(c2cccc(NS(=O)(=O)c3ccc([N+](=O)[O-])cn3)c2)C(C)(C)C)=C(O)O1,5.638272163982407
CC(C)(C)NC(=O)[C@@H]1C[C@H](Cl)CN1C(=O)[C@@H](O)[C@H](Cc1ccccc1)NC(=O)c1ccccc1O,6.0
CCC[C@]1(CCc2ccccc2)CC(=O)C([C@H](CC)c2cccc(NS(=O)(=O)c3ccc(C#N)cn3)c2)=C(O)O1,6.958607314841775
O=C(N[C@@H](Cc1ccccc1)[C@@H](O)C[C@@H](Cc1ccccc1)C(=O)N[C@H]1c2ccccc2C[C@H]1O)OC1CCCC1,9.481486060122112
CC(C)C[C@H](NC(=O)[C@H](C/C=C/c1ccccc1)C[C@H](O)[C@H](Cc1ccccc1)NC(=O)OC(C)(C)C)C(=O)N[C@@H](Cc1ccccc1)C(N)=O,9.823908740944319
CCC(C1=C(O)OC(CC(C)C)(CC(C)C)CC1=O)c1cccc(NS(=O)(=O)c2cn(C)cn2)c1,5.7447274948966935
CC(C)(c1cc2cnccc2o1)N1CCN(C[C@@H](O)C[C@@H](Cc2ccccc2)C(=O)N[C@H]2c3ccccc3OC[C@H]2O)[C@H](C(=O)NC2CC2)C1,9.221848749616356
O=C(N[C@@H](Cc1ccccc1)[C@@H](O)C[C@@H](Cc1ccccc1)C(=O)N[C@H]1c2ccccc2C[C@H]1O)OC1CCOCC1,8.913640169325252
O=S1(=O)[C@H](Cc2ccccc2)[C@H](OCc2ccccc2)[C@H](O)[C@@H](O)[C@@H](OCc2ccccc2)[C@H]1Cc1ccccc1,9.221848749616356
Cc1cc(O)c(C)c(C(=O)N[C@@H](Cc2ccccc2)[C@H](O)C(=O)N2C[C@@H](Cl)C[C@H]2C(=O)NC(C)(C)C)c1,8.886056647693163
CC(C)C[C@H](NC(=O)[C@H](Cc1ccccc1)C[C@H](O)[C@H](Cc1ccccc1)NC(=O)CC(C)(C)C)C(=O)N[C@@H](Cc1ccccc1)C(N)=O,8.221848749616356
Cc1ccc(C(=O)N[C@@H](Cc2ccc(C(F)(F)F)cc2)[C@H](O)C(=O)N2C[C@@H](Cl)C[C@H]2C(=O)NC(C)(C)C)c(C)c1O,8.200659450546418
Cc1ccc(O)c(C)c1C(=O)N[C@@H](Cc1ccc(C(F)(F)F)cc1)[C@H](O)C(=O)N1C[C@@H](Cl)C[C@H]1C(=O)NC(C)(C)C,8.4089353929735
Cc1ccc(C[C@H](NC(=O)c2c(C)ccc(O)c2C)[C@H](O)C(=O)N2C[C@@H](Cl)C[C@H]2C(=O)NC(C)(C)C)cc1,8.443697499232712
Cc1cccc(C)c1C(=O)N[C@@H](Cc1ccccc1)[C@H](O)C(=O)N1C[C@@H](Cl)C[C@H]1C(=O)NC(C)(C)C,8.443697499232712
CC(C)C[C@H](NC(=O)[C@H](Cc1ccccc1)C[C@H](O)[C@H](Cc1ccccc1)NC(=O)[C@H](Cc1ccccc1)NC(=O)[C@H](Cc1ccccc1)NC(=O)OC(C)(C)C)C(=O)N[C@@H](Cc1ccccc1)C(N)=O,9.0
CCC[C@]1(CCc2ccccc2)CC(=O)C([C@H](CC)c2cccc(NS(=O)(=O)c3cn(C)cn3)c2)=C(O)O1,6.236572006437063
O=C(N[C@@H](Cc1ccccc1)[C@@H](O)C[C@@H](Cc1ccccc1)C(=O)N[C@H]1c2ccccc2C[C@H]1O)O[C@@H]1CCOC1,10.522878745280337
Cc1ccc(C(=O)N[C@@H](Cc2ccccc2)[C@H](O)C(=O)N2C[C@@H](Cl)C[C@H]2C(=O)NC(C)(C)C)c(C)c1O,8.086186147616283
Cc1ccc(C(=O)N[C@@H](Cc2cccc(C(F)(F)F)c2)[C@H](O)C(=O)N2C[C@@H](Cl)C[C@H]2C(=O)NC(C)(C)C)c(C)c1O,8.455931955649724
Cc1ccc(O)c(C)c1C(=O)N[C@@H](Cc1ccc2ccccc2c1)[C@H](O)C(=O)N1C[C@@H](Cl)C[C@H]1C(=O)NC(C)(C)C,8.55284196865778
CCCC1(CCc2ccccc2)CC(=O)C(C(CC)c2cccc(NS(=O)(=O)c3cn(C)cn3)c2)=C(O)O1,6.301029995663981
CCC[C@]1(CCc2ccccc2)CC(=O)C([C@@H](CC)c2cccc(NS(=O)(=O)c3cn(C)cn3)c2)=C(O)O1,6.0
CCC[C@@]1(CCc2ccccc2)CC(=O)C([C@@H](CC)c2cccc(NS(=O)(=O)c3cn(C)cn3)c2)=C(O)O1,6.0
CC(C)(C)NC(=O)[C@@H]1C[C@@H]2CCCC[C@@H]2CN1C[C@@H](O)[C@H](Cc1ccccc1)NC(=O)O[C@@H]1CCCOC1,6.511449283499556
CCC(C1=C(O)OC(CCC2CC2)(CCC2CC2)CC1=O)c1cccc(NS(=O)(=O)c2cn(C)cn2)c1,5.7447274948966935
CC(C)(C)NC(=O)[C@@H]1C[C@H](Cl)CN1C(=O)[C@@H](O)[C@H](Cc1ccccc1)NC(=O)c1ccc(O)cc1,7.481486060122112
Cc1c(N)cccc1C(=O)N[C@@H](Cc1ccccc1)[C@H](O)C(=O)N1C[C@@H](Cl)C[C@H]1C(=O)NC(C)(C)C,8.267606240177031
CCCC1(CCc2ccccc2)CC(=O)C(C(c2cccc(NS(=O)(=O)c3ccc(C#N)cn3)c2)C(C)(C)C)=C(O)O1,6.853871964321762
CCC[C@@]1(CCc2ccccc2)CC(=O)C([C@H](CC)c2cccc(NS(=O)(=O)c3cn(C)cn3)c2)=C(O)O1,6.886056647693163
CCC[C@@]1(CCc2ccccc2)CC(=O)C([C@@H](CC)c2cccc(NS(=O)(=O)c3ccc(C#N)cn3)c2)=C(O)O1,6.309803919971486
O=C(N[C@@H](Cc1ccccc1)[C@@H](O)C[C@@H](Cc1ccccc1)C(=O)N[C@H]1c2ccccc2C[C@H]1O)O[C@H]1CCOC1,10.522878745280337
Cc1ccccc1C[C@H](NC(=O)c1ccc(C)c(O)c1C)[C@H](O)C(=O)N1C[C@@H](Cl)C[C@H]1C(=O)NC(C)(C)C,7.30189945437661
CC(C)CC(NC(=O)[C@H](Cc1ccccc1)C[C@H](O)[C@H](Cc1ccccc1)NC(=O)OC(C)(C)C)C(N)=O,7.920818753952375
CC(C)(c1cc2cnccc2o1)N1CCN(C[C@@H](O)C[C@@H](Cc2ccccc2)C(=O)N[C@H]2c3ccccc3OC[C@H]2O)[C@H](C(=O)NC2CCCC2)C1,9.431798275933005
CC(C)(c1cc2cnccc2o1)N1CCN(C[C@@H](O)C[C@@H](Cc2ccccc2)C(=O)N[C@H]2c3ccccc3OC[C@H]2O)[C@H](C(=O)NCc2ccccc2)C1,8.659555885159882
CC(C)(C)NC(=O)[C@@H]1C[C@@H]2CCCC[C@@H]2CN1C[C@@H](O)[C@H](Cc1ccccc1)NC(=O)O[C@@H]1C=CCOC1,7.31069114087638
CC(C)(C)NC(=O)[C@@H]1C[C@H](Cl)CN1C(=O)[C@@H](O)[C@H](Cc1ccccc1)NC(=O)c1ccccc1,7.585026652029182
CC(C)(c1cc2cnccc2o1)N1CCN(C[C@@H](O)C[C@@H](Cc2ccccc2)C(=O)N[C@H]2c3ccccc3OC[C@H]2O)[C@H](C(=O)NCc2cccs2)C1,9.187086643357144
CC(C)(C)NC(=O)[C@@H]1C[C@@H]2CCCC[C@@H]2CN1C[C@@H](O)[C@H](Cc1ccccc1)NC(=O)O[C@H]1C=CCOC1,6.503070351926785
Cc1ccc(C[C@H](NC(=O)c2ccc(C)c(O)c2C)[C@H](O)C(=O)N2C[C@@H](Cl)C[C@H]2C(=O)NC(C)(C)C)cc1,8.065501548756432
CCC[C@]1(CCc2ccccc2)CC(=O)C([C@@H](CC)c2cccc(NS(=O)(=O)c3ccc(C#N)cn3)c2)=C(O)O1,6.0
CC(C)(c1cc2cnccc2o1)N1CCN(C[C@@H](O)C[C@@H](Cc2ccccc2)C(=O)N[C@H]2c3ccccc3OC[C@H]2O)[C@H](C(=O)Nc2ccccc2)C1,7.860120913598763
CC(C)(C)NC(=O)[C@@H]1C[C@H](Cl)CN1C(=O)[C@@H](O)[C@H](Cc1ccccc1)NC(=O)c1cccc(O)c1,8.045757490560675
CC(C)(C)NC(=O)[C@@H]1C[C@H](Cl)CN1C(=O)[C@@H](O)[C@H](Cc1ccccc1)NC(=O)c1ccccc1I,7.853871964321762
CCC(C)C(NC(=O)[C@H](Cc1ccccc1)C[C@H](O)[C@H](Cc1ccccc1)NC(=O)OC(C)(C)C)C(=O)NCc1ccccc1,9.148741651280925
CCC(C)C(NC(=O)[C@H](Cc1ccccc1)C[C@H](O)[C@H](Cc1ccccc1)NC(=O)OC(C)(C)C)C(=O)NCC(O)CO,9.823908740944319
CCCC1(CCc2ccccc2)CC(=O)C(C(CC)c2cccc(NS(=O)(=O)c3cccc4cccnc34)c2)=C(O)O1,6.0
CCCC1(CCc2ccccc2)CC(=O)C(C(c2cccc(NS(=O)(=O)c3ccc(C#N)cc3)c2)C(C)(C)C)=C(O)O1,5.920818753952375
CC(C)(C)NC(=O)[C@@H]1C[C@@H]2CCCC[C@@H]2CN1C[C@@H](O)[C@H](Cc1ccccc1)NC(=O)O[C@H]1CCCOC1,6.406713932979542
CC(C)(C)NC(=O)[C@@H]1C[C@@H]2CCCC[C@@H]2CN1C[C@@H](O)[C@H](Cc1ccccc1)NC(=O)OC(C)(C)C,5.522878745280337
Cc1cc(O)c(C)c(C(=O)N[C@@H](Cc2ccc3ccccc3c2)[C@H](O)C(=O)N2C[C@@H](Cl)C[C@H]2C(=O)NC(C)(C)C)c1,9.096910013008056
CCCCCC1(CCCCC)CC(=O)C(C(CC)c2cccc(NS(=O)(=O)c3cn(C)cn3)c2)=C(O)O1,6.0
CCCC1(CCC)CC(=O)C(C(c2cccc(NS(=O)(=O)c3cn(C)cn3)c2)C2CC2)=C(O)O1,6.0
CCC[C@@]1(CCc2ccccc2)CC(=O)C([C@H](CC)c2cccc(NS(=O)(=O)c3ccc(C#N)cn3)c2)=C(O)O1,7.3979400086720375
CC(C)(C)NC(=O)[C@@H]1C[C@@H]2CCCC[C@@H]2CN1C[C@@H](O)[C@H](Cc1ccccc1)NC(=O)O[C@H]1CCOC1,6.795880017344075
Cc1cccc(C[C@H](NC(=O)c2ccc(C)c(O)c2C)[C@H](O)C(=O)N2C[C@@H](Cl)C[C@H]2C(=O)NC(C)(C)C)c1,8.602059991327963
Cc1c(O)cccc1C(=O)N[C@@H](Cc1ccccc1)[C@H](O)C(=O)N1C[C@@H](Cl)C[C@H]1C(=O)NC(C)(C)C,9.096910013008056
CC(C)CCNC(=O)[C@H](Cc1ccccc1)C[C@H](O)[C@H](Cc1ccccc1)NC(=O)OC(C)(C)C,6.327902142064283
CCCC1(CCc2ccc(F)cc2)CC(=O)C(C(CC)c2cccc(NS(=O)(=O)c3cn(C)cn3)c2)=C(O)O1,6.154901959985743
CCCC1(CCc2ccccc2)CC(=O)C(C(CC)c2cccc(NS(=O)(=O)c3ccc(C#N)cn3)c2)=C(O)O1,6.886056647693163
Cc1ccccc1C[C@H](NC(=O)c1c(C)ccc(O)c1C)[C@H](O)C(=O)N1C[C@@H](Cl)C[C@H]1C(=O)NC(C)(C)C,7.464705879957229
CC(C)(C)OC(=O)N[C@@H](Cc1ccccc1)[C@@H](O)C[C@@H](Cc1ccccc1)C(=O)NCc1ccccc1,6.954677021213342
O=C(N[C@@H](Cc1ccccc1)[C@@H](O)C[C@@H](Cc1ccccc1)C(=O)N[C@H]1c2ccccc2C[C@H]1O)O[C@@H]1CCCOC1,10.522878745280337
CC(C)(C)OC(=O)N[C@@H](Cc1ccccc1)[C@@H](O)C[C@@H](Cc1ccccc1)C(=O)N[C@H]1c2ccccc2C[C@H]1O,9.522878745280337
Cc1c(O)cc(F)cc1C(=O)N[C@@H](Cc1cccc(C(F)(F)F)c1)[C@H](O)C(=O)N1C[C@@H](Cl)C[C@H]1C(=O)NC(C)(C)C,8.67778070526608
CC[C@H](C)[C@H](NC(=O)[C@H](Cc1ccccc1)C[C@H](O)[C@H](Cc1ccccc1)NC(=O)OC(C)(C)C)C(=O)NCc1nc2ccccc2[nH]1,10.154901959985743
CCC(C1=C(O)OC(CCc2ccccc2)(CCc2ccccc2)CC1=O)c1cccc(NS(=O)(=O)c2cn(C)cn2)c1,6.1938200260161125
CCNC(=O)[C@@H]1CN(C(C)(C)c2cc3cnccc3o2)CCN1C[C@@H](O)C[C@@H](Cc1ccccc1)C(=O)N[C@H]1c2ccccc2OC[C@H]1O,9.214670164989233
CC(C)(C)NC(=O)[C@@H]1C[C@@H]2CCCC[C@@H]2CN1C[C@@H](O)[C@H](Cc1ccccc1)NC(=O)O[C@@H]1CCOC1,6.158640529545145
O=C(N[C@@H](Cc1ccccc1)[C@@H](O)C[C@@H](Cc1ccccc1)C(=O)N[C@H]1c2ccccc2C[C@H]1O)O[C@H]1CCCOC1,10.522878745280337
CCCC1(CCC)CC(=O)C(C(c2cccc(NS(=O)(=O)c3cn(C)cn3)c2)C(C)(C)C)=C(O)O1,6.221848749616356
CCCC1(CCc2ccccc2)CC(=O)C(C(CC)c2cccc(NS(=O)(=O)c3ccc(C#N)cc3)c2)=C(O)O1,5.958607314841775
CC(C)(c1cc2cnccc2o1)N1CCN(C[C@@H](O)C[C@@H](Cc2ccccc2)C(=O)N[C@H]2c3ccccc3OC[C@H]2O)[C@H](C(=O)NCC2CC2)C1,9.301029995663981
CCCC1(CCc2ccccc2)CC(=O)C(C(c2cccc(NS(=O)(=O)c3cn(C)cn3)c2)C2CC2)=C(O)O1,6.0
CC(C)(C)NC(=O)[C@@H]1CN(C(C)(C)c2cc3cnccc3o2)CCN1C[C@@H](O)C[C@@H](Cc1ccccc1)C(=O)N[C@H]1c2ccccc2OC[C@H]1O,10.096910013008056
Cc1cc(O)c(C)c(C(=O)N[C@@H](Cc2cc(F)cc(F)c2)[C@H](O)C(=O)N2C[C@@H](Cl)C[C@H]2C(=O)NC(C)(C)C)c1,8.920818753952375
CCCC1(CCC)CC(=O)C(C(CC)c2cccc(NS(=O)(=O)c3cn(C)cn3)c2)=C(O)O1,6.096910013008056
CCCC1(CCc2ccccc2)CC(=O)C(C(CC)c2cccc(NS(=O)(=O)c3ccc(F)cc3)c2)=C(O)O1,5.920818753952375
CC(C)(C)NC(=O)[C@@H]1C[C@H](Cl)CN1C(=O)[C@@H](O)[C@H](Cc1ccccc1)NC(=O)c1ccccc1Cl,7.958607314841775
CC(C)(C)NC(=O)[C@@H]1C[C@H](Cl)CN1C(=O)[C@@H](O)[C@H](Cc1ccccc1)NC(=O)c1ccccc1Br,7.920818753952375
COc1cccc(C(=O)N[C@@H](Cc2ccccc2)[C@H](O)C(=O)N2C[C@@H](Cl)C[C@H]2C(=O)NC(C)(C)C)c1O,6.0
CC(C)CC(NC(=O)[C@H](Cc1ccccc1)C[C@H](O)[C@H](Cc1ccccc1)NC(=O)OC(C)(C)C)C(=O)NCCc1ccccc1,7.920818753952375
CC[C@H](C)[C@H](NC(=O)[C@H](C/C=C/c1ccccc1)C[C@H](O)[C@H](Cc1ccccc1)NC(=O)OC(C)(C)C)C(=O)NCc1nc2ccccc2[nH]1,10.522878745280337
CCCC1(CCc2ccccc2)CC(=O)C(C(CC)c2cccc(NS(=O)(=O)c3ccccc3)c2)=C(O)O1,5.795880017344075
CCCC1(CCc2ccccc2)CC(=O)C(C(c2cccc(NS(=O)(=O)c3ccc(N)cn3)c2)C(C)(C)C)=C(O)O1,6.638272163982407
CCC[C@]1(CCc2ccccc2)CC(=O)C(C(CC)c2cccc(NS(=O)(=O)c3ccc(C(F)(F)F)cn3)c2)=C(O)O1,6.853871964321762
CCC[C@@]1(CCc2ccccc2)CC(=O)C([C@@H](CC)c2cccc(NS(=O)(=O)c3ccc(C(F)(F)F)cn3)c2)=C(O)O1,5.769551078621726
Cc1ccc(C(=O)N[C@@H](Cc2ccc3ccccc3c2)[C@H](O)C(=O)N2C[C@@H](Cl)C[C@H]2C(=O)NC(C)(C)C)c(C)c1O,8.494850021680094
CC(C)(C)NC(=O)[C@@H]1C[C@H](Cl)CN1C(=O)[C@@H](O)[C@H](Cc1ccccc1)NC(=O)c1cccc(O)c1Br,8.823908740944319
CCCC1(CCc2ccccc2)CC(=O)C(C(c2cccc(NS(=O)(=O)c3ccc(C(F)(F)F)cn3)c2)C(C)(C)C)=C(O)O1,6.275724130399211
CCC[C@@]1(CCc2ccccc2)CC(=O)C([C@@H](CC)c2cccc(NS(=O)(=O)c3ccc(C(F)(F)F)cn3)c2)=C(O)O1,6.3872161432802645
Nc1cccc(CO[C@@H]2[C@H](O)[C@@H](O)[C@@H](OCc3cccc(N)c3)[C@@H](Cc3ccccc3)S(=O)(=O)[C@@H]2Cc2ccccc2)c1,9.0
CC(C)(C)CNC(=O)[C@@H]1CN(C(C)(C)c2cc3cnccc3o2)CCN1C[C@@H](O)C[C@@H](Cc1ccccc1)C(=O)N[C@H]1c2ccccc2OC[C@H]1O,8.935542010773082
O=S1(=O)[C@H](Cc2ccccc2)[C@H](OCc2cncs2)[C@H](O)[C@@H](O)[C@@H](OCc2cncs2)[C@H]1Cc1ccccc1,9.522878745280337
Cc1cccc(C[C@H](NC(=O)c2c(C)ccc(O)c2C)[C@H](O)C(=O)N2C[C@@H](Cl)C[C@H]2C(=O)NC(C)(C)C)c1,8.468521082957745
CC(C)CC(NC(=O)[C@H](Cc1ccccc1)C[C@H](O)[C@H](Cc1ccccc1)NC(=O)OC(C)(C)C)C(=O)NCc1ccccc1,8.853871964321762
CC(C)(c1cc2cnccc2o1)N1CCN(C[C@@H](O)C[C@@H](Cc2ccccc2)C(=O)N[C@H]2c3ccccc3OC[C@H]2O)[C@H](C(=O)NCC(F)(F)C(F)(F)F)C1,9.853871964321762
Cc1ccc(O)c(C)c1C(=O)N[C@@H](Cc1cccc(C(F)(F)F)c1)[C@H](O)C(=O)N1C[C@@H](Cl)C[C@H]1C(=O)NC(C)(C)C,8.337242168318426
CC(C)C[C@H](NC(=O)[C@H](Cc1ccccc1)C[C@H](O)[C@H](Cc1ccccc1)NC(=O)[C@H](Cc1ccccc1)NC(=O)OC(C)(C)C)C(=O)N[C@@H](Cc1ccccc1)C(N)=O,7.698970004336019
CC(C)C[C@H](NC(=O)[C@H](Cc1ccccc1)C[C@H](O)[C@H](Cc1ccccc1)NC(=O)OC(C)(C)C)C(=O)N[C@@H](Cc1ccccc1)C(N)=O,9.221848749616356
CC(C)(c1cc2cnccc2o1)N1CCN(C[C@@H](O)C[C@@H](Cc2ccccc2)C(=O)N[C@H]2c3ccccc3OC[C@H]2O)[C@H](C(=O)NCCC(F)(F)F)C1,8.795880017344075
Cc1c(O)cc(F)cc1C(=O)N[C@@H](Cc1ccc2ccccc2c1)[C@H](O)C(=O)N1C[C@@H](Cl)C[C@H]1C(=O)NC(C)(C)C,8.920818753952375
Cc1cc(O)c(C)c(C(=O)N[C@@H](Cc2ccc(-c3ccccc3)cc2)[C@H](O)C(=O)N2C[C@@H](Cl)C[C@H]2C(=O)NC(C)(C)C)c1,8.886056647693163
CC(C)CNC(=O)[C@@H]1CN(C(C)(C)c2cc3cnccc3o2)CCN1C[C@@H](O)C[C@@H](Cc1ccccc1)C(=O)N[C@H]1c2ccccc2OC[C@H]1O,9.397940008672037
Cc1cccc(C[C@H](NC(=O)c2cc(C)cc(O)c2C)[C@H](O)C(=O)N2C[C@@H](Cl)C[C@H]2C(=O)NC(C)(C)C)c1,8.886056647693163
CCCC1(CCc2ccccc2)CC(=O)C(C(c2cccc(NS(=O)(=O)c3cn(C)cn3)c2)C(C)(C)C)=C(O)O1,6.823908740944319
CCC[C@@]1(CCc2ccccc2)CC(O)=C([C@H](CC)c2cccc(NS(=O)(=O)c3ccc(C(F)(F)F)cn3)c2)C(=O)O1,7.522878745280337
O=C(N[C@H]1c2ccccc2OC[C@H]1O)[C@H](Cc1ccccc1)C[C@H](O)CN1CCN(Cc2ncc(-c3ccncc3)o2)C[C@H]1C(=O)NCC(F)(F)F,10.0
CC(C)C[C@H](NC(=O)[C@@H](NC(=O)[C@H](C)NC(=O)CNC(=O)CSCC1CCN2CCC(CO[Si](c3ccccc3)(c3ccccc3)C(C)(C)C)N=C2N1)[C@@H](C)OCc1ccccc1)C(=O)N[C@@H](CC(N)=O)C(=O)N[C@@H](Cc1ccccc1)C(=O)OCc1ccccc1,5.698970004336019
CC(C)CCC[C@@H](C)[C@H]1CCC2C3CC=C4C[C@H](SC[C@@H]5CCN6CC[C@@H](CSCC(=O)NCC(=O)N[C@@H](C)C(=O)N[C@H](C(=O)N[C@@H](CC(C)C)C(=O)N[C@@H](CC(N)=O)C(=O)N[C@@H](Cc7ccccc7)C(=O)OCc7ccccc7)[C@@H](C)OCc7ccccc7)NC6=N5)CC[C@]4(C)C3CC[C@@]21C,5.522878745280337
O=C(N[C@H]1c2ccccc2OC[C@H]1O)[C@H](Cc1ccccc1)C[C@H](O)CN1CCN(Cc2ncc(-c3ccccn3)o2)C[C@H]1C(=O)NCC(F)(F)F,9.886056647693163
CC(C)(c1ncc(-c2cnccc2Cl)o1)N1CCN(C[C@@H](O)C[C@@H](Cc2ccccc2)C(=O)N[C@H]2c3ccccc3OC[C@H]2O)[C@H](C(=O)NCC(F)(F)F)C1,10.698970004336019
COc1cncc(-c2cnc(C(C)(C)N3CCN(C[C@@H](O)C[C@@H](Cc4ccccc4)C(=O)N[C@H]4c5ccccc5OC[C@H]4O)[C@H](C(=O)NCC(F)(F)F)C3)o2)c1,10.698970004336019
CC[C@H](C)[C@H](NC(=O)CNC(=O)CSCC1CCN2CCC(CO[Si](c3ccccc3)(c3ccccc3)C(C)(C)C)N=C2N1)C(=O)N[C@@H](CO)C(=O)N[C@@H](Cc1ccc(O)cc1)C(=O)N[C@@H](CC(N)=O)C(=O)N[C@@H](CC(C)C)C(=O)OC,5.301029995663981
CC(C)(C)NC(=O)[C@@H]1CN(Cc2cccnc2)CCN1C[C@@H](O)C[C@@H](Cc1ccccc1)C(=O)N[C@H]1c2ccccc2C[C@H]1O.O,9.221848749616356
O=C(N[C@H]1c2ccccc2OC[C@H]1O)[C@H](Cc1ccccc1)C[C@H](O)CN1CCN(Cc2ncc(-c3cccnc3)o2)C[C@H]1C(=O)NCC(F)(F)F,9.853871964321762
CC(C)(c1ncc(-c2ccccn2)o1)N1CCN(C[C@@H](O)C[C@@H](Cc2ccccc2)C(=O)N[C@H]2c3ccccc3OC[C@H]2O)[C@H](C(=O)NCC(F)(F)F)C1,10.397940008672037
CC[C@H](C)[C@H](NC(=O)[C@H](C)NC(=O)CSCC1CCN2CCC(CO[Si](c3ccccc3)(c3ccccc3)C(C)(C)C)N=C2N1)C(=O)N[C@H](C(=O)N[C@@H](CC(C)C)C(=O)N[C@@H](Cc1c[nH]c2ccccc12)C(=O)OC)[C@@H](C)OCc1ccccc1,5.301029995663981
CC[C@H](C)[C@H](NC(=O)CNC(=O)CSCC1CCN2CCC(CO[Si](c3ccccc3)(c3ccccc3)C(C)(C)C)N=C2N1)C(=O)N[C@@H](COCc1ccccc1)C(=O)N[C@@H](Cc1ccc(OCc2ccccc2)cc1)C(=O)N[C@@H](CC(N)=O)C(=O)N[C@@H](CC(C)C)C(=O)OC,5.481486060122113
CC(C)C[C@H](NC(=O)[C@@H](NC(=O)[C@H](C)NC(=O)CNC(=O)CSCC1CCN2CCC(CO[Si](c3ccccc3)(c3ccccc3)C(C)(C)C)N=C2N1)[C@@H](C)OCc1ccccc1)C(=O)N[C@@H](CC(N)=O)C(=O)N[C@@H](Cc1ccccc1)C(=O)O,4.958607314841775
O=C(N[C@H]1c2ccccc2OC[C@H]1O)[C@H](Cc1ccccc1)C[C@H](O)CN1CCN(Cc2ccc(-c3ccccn3)o2)C[C@H]1C(=O)NCC(F)(F)F,10.301029995663981
CC(C)C[C@H](NC(=O)[C@@H](NC(=O)[C@H](C)NC(=O)CNC(=O)CSCC1CCN2CCC(CO[Si](c3ccccc3)(c3ccccc3)C(C)(C)C)N=C2N1)[C@@H](C)OCc1ccccc1)C(=O)N[C@@H](CC(N)=O)C(=O)N[C@@H](Cc1ccccc1)C(=O)OCc1ccccc1,5.795880017344075
CC(C)(c1ncc(-c2cccnc2)o1)N1CCN(C[C@@H](O)C[C@@H](Cc2ccccc2)C(=O)N[C@H]2c3ccccc3OC[C@H]2O)[C@H](C(=O)NCC(F)(F)F)C1,10.397940008672037
COC(=O)[C@H](Cc1ccccc1)NC(=O)[C@H](CC(N)=O)NC(=O)[C@H](CC(C)C)NC(=O)[C@@H](NC(=O)[C@H](C)NC(=O)CCCCC(=O)OC[C@@H]1CCN2CC[C@@H](CO[Si](c3ccccc3)(c3ccccc3)C(C)(C)C)N=C2N1)[C@@H](C)O,5.721246399047171
CC(C)(C)NC(=O)[C@@H]1CCCN1C(=O)[C@@H](O)[C@@H]1Cc2ccc(cc2)OCCCOc2cc3ccccc3cc2C(=O)N[C@@H](CC(N)=O)C(=O)N1,7.721246399047171
CC(C)(C)NC(=O)[C@@H]1CCCN1C(=O)[C@H](O)[C@@H]1Cc2ccc(cc2)OCCCOc2cc3ccccc3cc2C(=O)N[C@@H](CC(N)=O)C(=O)N1,5.42021640338319
Cc1ccc(C[C@H](C[C@H](O)[C@H](Cc2ccccc2)NC(=O)OC(C)(C)C)C(=O)N[C@H]2c3ccccc3C[C@H]2O)cc1,9.54000474395261
CC(=O)N[C@H](CC(=O)OCc1ccccc1)C(=O)N[C@@H](Cc1ccccc1)[C@H](O)Cc1ccccc1C(=O)NC(C)(C)C,6.0
CC(C)(C)NC(=O)c1ccccc1C[C@@H](O)[C@H](Cc1ccccc1)NC(=O)[C@@H](CC(=O)OCc1ccccc1)NS(C)(=O)=O,6.0
CC(C)(C)OC(=O)N[C@@H](Cc1ccccc1)[C@@H](O)C[C@@H](Cc1ccc(N)cc1)C(=O)N[C@H]1c2ccccc2C[C@H]1O,9.510041520575164
CC(C)(C)OC(=O)N[C@@H](Cc1ccccc1)[C@@H](O)C[C@@H](Cc1ccccc1)C(=O)NCc1ccccc1,6.9399824574684
CC(C)(C)NC(=O)[C@@H]1CCCN1C(=O)[C@@H](O)[C@H](Cc1ccccc1)NC(=O)[C@H](CC(N)=O)NC(=O)c1ccc2ccccc2n1,8.958607314841775
CC(=O)N[C@@H](CC(=O)OCc1ccccc1)C(=O)N[C@@H](Cc1ccccc1)[C@H](O)Cc1ccccc1C(=O)NC(C)(C)C,7.070581074285707
CC(C)(C)OC(=O)N[C@@H](Cc1ccccc1)[C@@H](O)C[C@@H](Cc1ccccc1)C(=O)N[C@H](CO)c1ccccc1,7.410050398674292
C=CC[C@H](C[C@H](O)[C@H](Cc1ccccc1)NC(=O)OC(C)(C)C)C(=O)N[C@H]1c2ccccc2C[C@H]1O,7.560036064079095
CC(C)(C)OC(=O)N[C@@H](Cc1ccccc1)[C@@H](O)C[C@@H](CC(=O)c1ccccc1)C(=O)N[C@H]1c2ccccc2C[C@H]1O,8.270025714300445
CC(C)(C)NC(=O)c1ccccc1C[C@@H](O)[C@H](Cc1ccccc1)NC(=O)[C@H](CC(=O)NCc1ccc2ccccc2n1)NS(C)(=O)=O,8.096910013008056
CC(C)(C)NC(=O)[C@@H]1C[C@@H]2CCCC[C@@H]2CN1C[C@@H](O)C[C@@H](Cc1ccccc1)C(=O)N[C@H]1c2ccccc2CC1O,8.119987161633228
CC(C)[C@H](NC(=O)OCc1ccccc1)C(=O)N[C@@H](Cc1ccccc1)[C@@H](O)[C@H](O)[C@H](Cc1ccccc1)NC(=O)[C@@H](NC(=O)OCc1ccccc1)C(C)C,9.657577319177793
CC(C)(C)OC(=O)N[C@@H](Cc1ccccc1)[C@@H](O)C[C@@H](Cc1ccccc1)C(=O)N[C@H](CO)Cc1ccccc1,6.160000609491408
CC(C)(C)OC(=O)N[C@@H](Cc1ccccc1)[C@@H](O)C[C@@H](Cc1ccccc1)C(=O)N[C@H]1c2ccccc2C[C@H]1O,9.599980364934842
CC(C)(C)OC(=O)N[C@@H](Cc1ccccc1)[C@@H](O)C[C@@H](Cc1ccccc1)C(=O)N[C@@]1(C)c2ccccc2C[C@H]1O,6.669992299127241
CC(C)(C)NC(=O)[C@@H]1C[C@@H]2CCCC[C@@H]2CN1CC(O)CN1C[C@H]2CCCC[C@H]2C[C@H]1C(=O)NC(C)(C)C,5.169999984192581
CC(=O)N[C@H](CSCc1ccccc1)C(=O)N[C@@H](Cc1ccccc1)[C@H](O)Cc1ccccc1C(=O)NC(C)(C)C,6.0
CC(C)(C)NC(=O)c1ccccc1C[C@@H](O)[C@H](Cc1ccccc1)NC(=O)[C@H](CC(=O)OCc1ccccc1)NC(=O)OC(C)(C)C,6.0
CC(C)(C)NC(=O)c1ccccc1C[C@@H](O)[C@H](Cc1ccccc1)NC(=O)[C@@H](N)CC(=O)OCc1ccccc1,6.0
CC(C)(C)OC(=O)N[C@@H](Cc1ccccc1)[C@@H](O)/C=C(/Cc1ccccc1)C(=O)N[C@H]1c2ccccc2C[C@H]1O,8.890084136976206
CC(C)(C)OC(=O)N[C@@H](Cc1ccccc1)[C@@H](O)CCC(=O)N[C@H]1c2ccccc2C[C@H]1O,5.529999886197673
CC(C)(C)NC(=O)[C@@H]1C[C@@H]2CCCC[C@@H]2CN1C[C@@H](O)[C@H](Cc1ccccc1)NC(=O)[C@H](CC(N)=O)NC(=O)c1ccc2ccccc2n1,9.639974910810603
CC(C)(C)OC(=O)N[C@@H](Cc1ccccc1)[C@H](O)CN[C@@H](Cc1ccccc1)C(=O)N[C@H]1c2ccccc2C[C@H]1O,6.639993867770902
CC(=O)N[C@@H](CSc1ccc2ccccc2c1)C(=O)N[C@@H](Cc1ccccc1)[C@H](O)Cc1ccccc1C(=O)NC(C)(C)C,7.376750709602099
COC(=O)[C@@H]1Cc2ccccc2[C@@H]1NC(=O)[C@H](Cc1ccccc1)C[C@H](O)[C@H](Cc1ccccc1)NC(=O)OC(C)(C)C,7.179995693191682
C[C@@H](NC(=O)[C@H](Cc1ccccc1)C[C@H](O)[C@H](Cc1ccccc1)NC(=O)OC(C)(C)C)c1ccccc1,6.840011949618013
CC(C)(C)OC(=O)N[C@@H](Cc1ccc(O)cc1)[C@@H](O)[C@@H]1CCC[C@H]1C(=O)NCc1ccccc1,6.23000269597146
CC(=O)N[C@H](CS(=O)(=O)c1ccc2ccccc2c1)C(=O)N[C@@H](Cc1ccccc1)[C@H](O)Cc1ccccc1C(=O)NC(C)(C)C,9.522878745280337
CC(C)(C)OC(=O)N[C@@H](Cc1ccccc1)[C@@H](O)C[C@@H](Cc1ccccc1)C(=O)N[C@H]1CCCC[C@H]1O,6.909988975992853
CC(C)(C)OC(=O)N[C@@H](Cc1ccccc1)[C@@H](O)C[C@@H](Cc1ccccc1)C(=O)N[C@H]1c2ccccc2[C@@H](O)[C@H]1O,10.0
CC(C)(C)OC(=O)N[C@@H](Cc1ccccc1)[C@@H](O)C[C@@H](Cc1ccc(C(C)(C)C)cc1)C(=O)N[C@H]1c2ccccc2C[C@H]1O,9.770062314092065
CC(C)(C)NC(=O)c1ccccc1C[C@@H](O)[C@H](Cc1ccccc1)NC(=O)[C@H](CC(=O)OCc1ccccc1)NS(C)(=O)=O,8.267606240177031
O=C(N[C@@H](Cc1ccccc1)[C@@H](O)C[C@@H](Cc1ccccc1)C(=O)N[C@H]1c2ccccc2C[C@H]1O)O[C@H]1CCOC1,10.219970872662662
CC(C)(C)OC(=O)N[C@@H](Cc1ccccc1)[C@@H](O)C[C@@H](Cc1ccc([N+](=O)[O-])cc1)C(=O)N[C@H]1c2ccccc2C[C@H]1O,9.569924944448061
CC(C)(C)OC(=O)N[C@@H](Cc1ccccc1)[C@@H](O)C[C@@H](Cc1ccncc1)C(=O)N[C@H]1c2ccccc2C[C@H]1O,9.280006173632396
CC(C)(C)OC(=O)N[C@@H](Cc1ccccc1)[C@@H](O)C[C@@H](Cc1ccccc1)C(=O)N[C@@H]1c2ccccc2OC[C@@H]1O,7.389978975335855
CC(C)(C)NC(=O)[C@@H]1CCCN1C[C@H](O)[C@@H]1Cc2ccc(cc2)OCCCOc2cc3ccccc3cc2C(=O)N[C@@H](CC(N)=O)C(=O)N1,4.045757490560675
CC(C)(C)OC(=O)N[C@@H](Cc1ccccc1)[C@@H](O)C[C@@H](C/C=C/c1ccccc1)C(=O)N[C@H]1c2ccccc2C[C@H]1O,9.639974910810603
CC(C)(C)OC(=O)N[C@@H](Cc1ccccc1)[C@@H](O)C[C@@H](CSc1ccccc1)C(=O)N[C@H]1c2ccccc2C[C@H]1O,9.599980364934842
CC(C)(C)OC(=O)[C@@H]1CCCN1C[C@@H](O)[C@H](Cc1ccccc1)NC(=O)[C@H](CC(N)=O)NC(=O)c1ccc2ccccc2n1,7.638272163982407
CC(C)(C)OC(=O)N[C@@H](Cc1ccccc1)[C@@H](O)C[C@@H](Cc1ccccc1)C(=O)N[C@H]1c2ccccc2CC[C@H]1O,9.160019442321657
CC(C)(C)OC(=O)N[C@@H](Cc1ccccc1)[C@@H](O)C[C@@H](Cc1ccccc1)C(=O)NC1Cc2ccccc2C1,6.890016705180107
CC(C)(C)OC(=O)N[C@@H](Cc1ccccc1)[C@@H](O)C[C@@H](CCCc1ccccc1)C(=O)N[C@H]1c2ccccc2[C@@H](O)[C@H]1O,9.720105019988361
CC(C)(C)OC(=O)CN(Cc1ccccc1)C[C@@H](O)[C@H](Cc1ccccc1)NC(=O)OC(C)(C)C,5.330000131185909
CC(C)(C)NC(=O)[C@@H]1CCCN1C[C@@H](O)[C@@H]1Cc2ccc(cc2)OCCCOc2cc3ccccc3cc2C(=O)N[C@@H](CC(N)=O)C(=O)N1,6.3979400086720375
CC(C)(C)NC(=O)c1ccccc1C[C@@H](O)[C@H](Cc1ccccc1)NC(=O)[C@H](CC(=O)OCc1ccccc1)NC(N)=O,7.292429823902063
CC(C)(C)OC(=O)N[C@@H](Cc1ccccc1)[C@@H](O)C[C@@H](Cc1ccccc1)C(=O)N[C@@H]1CCc2ccccc21,7.470056598341331
CC(C)[C@H](NC(=O)[C@H](Cc1ccccc1)C[C@H](O)[C@H](Cc1ccccc1)NC(=O)OC(C)(C)C)C(=O)O,6.790002703917631
CC(C)(C)OC(=O)N[C@@H](Cc1ccccc1)[C@@H](O)C[C@@](C)(Cc1ccccc1)C(=O)N[C@H]1c2ccccc2C[C@H]1O,8.110026361596004
CC(C)(C)OC(=O)N[C@@H](Cc1ccccc1)[C@@H](O)C[C@]1(Cc2ccccc2)CCCN([C@H]2c3ccccc3C[C@H]2O)C1=O,5.899998417198648
CC(C)(C)OC(=O)N[C@@H](Cc1ccccc1)[C@@H](O)[C@H](O)[C@H](Cc1ccccc1)NC(=O)OC(C)(C)C,5.860001341725206
CC(C)(C)OC(=O)N[C@@H](Cc1ccccc1)[C@@H](O)C[C@@H](Cc1ccccc1)C(=O)N[C@H]1c2ccccc2OC[C@H]1O,9.750068243365805
CC(C)(C)OC(=O)N[C@@H](Cc1ccccc1)[C@@H](O)C[C@@H](Cc1ccc(C(F)(F)F)cc1)C(=O)N[C@H]1c2ccccc2C[C@H]1O,9.590066876668706
CC(C)(C)NC(=O)[C@@H]1C[C@@H]2CCCC[C@@H]2CN1C[C@@H](O)[C@H](Cc1ccccc1)NC(=O)[C@@H](NC(=O)c1ccc2ccccc2n1)[C@@H]1CCOC1,8.270025714300445
CC(C)[C@H](NC(=O)[C@H](Cc1ccccc1)C[C@H](O)CN1C[C@H]2CCCC[C@H]2C[C@H]1C(=O)NC(C)(C)C)C(=O)Nc1ccc2ccccc2n1,7.280006173632396
CC(C)(C)OC(=O)N[C@@H](Cc1ccccc1)[C@@H](O)C[C@@H](Cc1ccccc1)C(=O)NC1C=CC[C@H]1O,8.019996628416253
CC(=O)N[C@@H](CSCc1ccccc1)C(=O)N[C@@H](Cc1ccccc1)[C@H](O)Cc1ccccc1C(=O)NC(C)(C)C,7.346787486224656
CC(C)(C)OC(=O)N[C@@H](Cc1ccccc1)[C@@H](O)CC(=O)N[C@H]1c2ccccc2C[C@H]1O,6.2500010234416505
CC(C)(C)OC(=O)N[C@@H](Cc1ccccc1)[C@@H](O)C[C@@H](Cc1ccc(I)cc1)C(=O)N[C@H]1c2ccccc2C[C@H]1O,9.14002155835798
CC(C)(C)OC(=O)N[C@@H](Cc1ccccc1)[C@@H](O)C[C@@H](Cc1ccccc1)C(=O)NCC1CCCCC1,4.519999959791458
O=C(N[C@H]1c2ccccc2C[C@H]1O)[C@H](Cc1ccccc1)CC(O)C[C@@H](Cc1ccccc1)C(=O)N[C@H]1c2ccccc2C[C@H]1O,9.160019442321657
CC(=O)N[C@@H](CS(=O)(=O)c1ccc2ccccc2n1)C(=O)N[C@@H](Cc1ccccc1)[C@H](O)Cc1ccccc1C(=O)NC(C)(C)C,9.522878745280337
CC(C)(C)OC(=O)N[C@@H](Cc1ccccc1)[C@@H](O)C[C@@H](Cc1c(F)c(F)c(F)c(F)c1F)C(=O)N[C@H]1c2ccccc2C[C@H]1O,9.219970872662662
CC(C)(C)NC(=O)c1ccccc1C[C@@H](O)[C@H](Cc1ccccc1)NC(=O)[C@H](CC(N)=O)NC(=O)c1ccc2ccccc2n1,8.823908740944319
CC(C)(C)NC(=O)[C@@H]1C[C@@H]2CCCC[C@@H]2CN1C[C@@H](O)[C@H](Cc1ccccc1)NC(=O)OC(C)(C)C,5.5200002474083645
CC(C)(C)OC(=O)N[C@@H](Cc1ccccc1)[C@@H](O)C[C@@H](Cc1ccc(O)cc1)C(=O)N[C@H]1c2ccccc2C[C@H]1O,9.79997073344623
CC(C)(C)NC(=O)[C@@H]1C[C@@H]2CCCC[C@@H]2CN1C[C@@H](O)[C@H](Cc1ccccc1)NC(=O)[C@@H](NC(=O)c1ccc2ccccc2n1)C1CCOC1,10.270025714300445
CCCC[C@H](CC1(C[C@@H](CCCC)C(=O)N[C@@H](CC(C)C)C(=O)N[C@@H](Cc2ccccc2)C(=O)OC)CO1)C(=O)N[C@@H](CC(C)C)C(=O)N[C@@H](Cc1ccccc1)C(=O)OC,6.3979400086720375
COC(=O)[C@@H](NC(=O)[C@@H](NC(=O)[C@H](Cc1ccccc1)CC(O)C[C@@H](Cc1ccccc1)C(=O)N[C@H](C(=O)N[C@H](C(=O)OC)C(C)C)C(C)C)C(C)C)C(C)C,8.301029995663981
COC(=O)[C@H](Cc1ccccc1)NC(=O)[C@@H](NC(=O)[C@H](Cc1ccccc1)CC(O)C[C@@H](Cc1ccccc1)C(=O)N[C@H](C(=O)N[C@@H](Cc1ccccc1)C(=O)OC)C(C)C)C(C)C,8.0
COC(=O)[C@@H](NC(=O)[C@@H](NC(=O)[C@@H](CC(=O)C[C@@H](Cc1ccccc1)C(=O)N[C@H](C(=O)N[C@H](C(=O)OC)C(C)C)C(C)C)Cc1ccccc1)C(C)C)C(C)C,5.0
CCCC[C@H](CC(O)C[C@@H](CCCC)C(=O)N[C@@H](C)C(=O)N[C@@H](C)C(=O)OC)C(=O)N[C@@H](C)C(=O)N[C@@H](C)C(=O)OC,7.1249387366083
CC[C@H](C)[C@H](NC(=O)[C@H](Cc1ccccc1)CC(O)C[C@@H](Cc1ccccc1)C(=O)N[C@H](C(=O)NCCN1CCOCC1)[C@@H](C)CC)C(=O)NCCN1CCOCC1,6.070581074285707
CC[C@H](C)[C@H](NC(=O)[C@H](Cc1ccccc1)CC(O)C[C@@H](Cc1ccccc1)C(=O)N[C@H](C(=O)NCC1CCc2ccccc2N1)[C@@H](C)CC)C(=O)NCC1CCc2ccccc2N1,5.920818753952375
CC(=O)N[C@@H](CC(N)=O)C(=O)N[C@@H](CSc1ccccc1)[C@H](O)Cc1ccccc1C(=O)NC(C)(C)C,7.721246399047171
CC[C@H](C)[C@H](NC(=O)[C@H](Cc1ccccc1)CC(O)C[C@@H](Cc1ccccc1)C(=O)N[C@H](C(=O)NCc1nc2ccccc2[nH]1)[C@@H](C)CC)C(=O)NCc1nc2ccccc2[nH]1,8.522878745280337
CC[C@H](C)[C@H](NC(=O)[C@H](Cc1ccccc1)CC(O)C[C@@H](Cc1ccccc1)C(=O)N[C@H](C(=O)NCc1nc2ccccc2[nH]1)[C@@H](C)CC)C(=O)NCc1nc2ccccc2[nH]1,4.3979400086720375
Cc1c(O)cccc1C(=O)N[C@@H](Cc1ccccc1)[C@H](O)CN1C[C@H]2CCCC[C@H]2C[C@H]1C(=O)NC(C)(C)C,7.886056647693163
CC(C)(C)NC(=O)c1ccccc1C[C@@H](O)[C@H](CSc1ccc2ccccc2c1)NC(=O)[C@H](CC(N)=O)NC(=O)OCc1ccccc1,8.823908740944319
CC(C)CNC(=O)[C@H](Cc1ccccc1)CC(O)C[C@@H](Cc1ccccc1)C(=O)NCC(C)C,6.0
CC(C)(C)NC(=O)[C@@H]1C[C@@H]2CCCC[C@@H]2CN1C[C@@H](O)[C@H](Cc1ccccc1)NC(=O)[C@H](CC(N)=O)NC(=O)c1ccc2ccccc2n1,8.744727494896694
CC(C)(C)NC(=O)[C@@H]1C[C@@H]2CCCC[C@@H]2CN1C[C@@H](O)[C@H](Cc1ccccc1)NC(=O)[C@H](CC(N)=O)NC(=O)c1ccc2ccccc2n1,9.0
CC(C)(C)NC(=O)[C@@H]1C[C@@H]2SCC[C@@H]2CN1C[C@@H](O)[C@H](Cc1ccccc1)NC(=O)OCc1ccccc1,8.18045606445813
CC(=O)N[C@@H](CC(N)=O)C(=O)N[C@@H](CSc1ccc2ccccc2c1)[C@H](O)Cc1ccccc1C(=O)NC(C)(C)C,8.958607314841775
CCCC[C@H](CC(O)C[C@@H](CCCC)C(=O)N[C@@H](CC(C)C)C(=O)N[C@@H](Cc1ccccc1)C(=O)OC)C(=O)N[C@@H](CC(C)C)C(=O)N[C@@H](Cc1ccccc1)C(=O)OC,7.045757490560675
CC(C)(C)NC(=O)[C@@H]1C[C@@H]2CCCC[C@@H]2CN1C[C@@H](O)[C@H](Cc1ccccc1)NC(=O)OCc1ccccc1,6.896196279044043
CC(C)(C)NC(=O)[C@@H]1C[C@@H]2CCCC[C@@H]2CN1C[C@@H](O)[C@H](Cc1ccccc1)NC(=O)O[C@H]1CO[C@H]2OCC[C@H]21,8.744727494896694
CC(C)(C)NC(=O)[C@@H]1C[C@@H]2CCCC[C@@H]2CN1C[C@@H](O)[C@H](Cc1ccccc1)NC(=O)O[C@H]1CO[C@H]2OCC[C@H]21,6.87942606879415
CC(C)(C)NC(=O)[C@@H]1C[C@@H]2CCCC[C@@H]2CN1C[C@@H](O)[C@H](Cc1ccccc1)NC(=O)O[C@@H]1CO[C@@H]2OCC[C@@H]21,8.193820026016112
CC(C)(C)NC(=O)c1ccccc1C[C@@H](O)[C@H](CSc1ccc2ccccc2c1)NC(=O)[C@H](CC(N)=O)NC(=O)c1ccc2ccccc2n1,9.602059991327963
CC(C)(C)NC(=O)[C@@H]1C[C@@H]2CCCC[C@@H]2CN1C[C@@H](O)[C@H](CSc1ccc2ccccc2c1)NC(=O)[C@H](CC(N)=O)NC(=O)c1ccc2ccccc2n1,9.602059991327963
CC(C)(C)NC(=O)[C@@H]1C[C@@H]2CCCC[C@@H]2CN1C[C@@H](O)[C@H](CSc1ccccc1)NC(=O)[C@H](CC(N)=O)NC(=O)c1ccc2ccccc2n1,8.823908740944319
Cc1c(O)cccc1C(=O)N[C@@H](Cc1ccccc1)[C@H](O)CN1C[C@H]2CCS[C@H]2C[C@H]1C(=O)NC(C)(C)C,9.301029995663981
COC(=O)[C@H](Cc1ccccc1)NC(=O)[C@H](CC(C)C)NC(=O)[C@H](Cc1ccccc1)CC(O)C[C@@H](Cc1ccccc1)C(=O)N[C@@H](CC(C)C)C(=O)N[C@@H](Cc1ccccc1)C(=O)OC,7.522878745280337
CCCC[C@H](CC(O)(CO)C[C@@H](CCCC)C(=O)N[C@@H](CC(C)C)C(=O)N[C@@H](Cc1ccccc1)C(=O)OC)C(=O)N[C@@H](CC(C)C)C(=O)N[C@@H](Cc1ccccc1)C(=O)OC,5.698970004336019
CC[C@H](C)[C@H](NC(=O)[C@H](Cc1ccccc1)CC(O)C[C@@H](Cc1ccccc1)C(=O)N[C@H](C(=O)NCc1ccccn1)[C@@H](C)CC)C(=O)NCc1ccccn1,6.346787486224656
Cc1c(O)cccc1C(=O)N[C@@H](CSc1ccccc1)[C@H](O)CN1C[C@H]2CCS[C@H]2C[C@H]1C(=O)NC(C)(C)C,9.522878745280337
CC(C)(C)NC(=O)c1ccccc1C[C@@H](O)[C@H](CSc1ccccc1)NC(=O)[C@H](CC(N)=O)NC(=O)OCc1ccccc1,7.853871964321762
CC(C)(C)NC(=O)c1ccccc1C[C@@H](O)[C@H](Cc1ccccc1)NC(=O)[C@H](CC(N)=O)NC(=O)c1ccc2ccccc2n1,8.853871964321762
CC(C)(C)NC(=O)c1ccccc1C[C@@H](O)[C@H](CSc1ccccc1)NC(=O)[C@H](CC(N)=O)NC(=O)c1ccc2ccccc2n1,8.958607314841775
CC(C)(C)NC(=O)c1ccccc1C[C@@H](O)[C@H](CSc1ccccc1)NC(=O)CCC(N)=O,6.823908740944319
CCCC[C@H](CC(O)C[C@@H](CCCC)C(=O)N[C@H](C(=O)N[C@H](C(=O)OC)C(C)C)C(C)C)C(=O)N[C@H](C(=O)N[C@H](C(=O)OC)C(C)C)C(C)C,8.301029995663981
CC(C)(C)NC(=O)c1ccccc1C[C@@H](O)[C@H](CSc1ccc2ccccc2c1)NC(=O)CCC(N)=O,7.096910013008056
CC(C)(C)NC(=O)[C@@H]1C[C@@H]2CCCC[C@@H]2CN1C[C@@H](O)[C@H](Cc1ccccc1)NC(=O)[C@@H](CC(N)=O)NC(=O)c1ccc2ccccc2n1,9.638272163982407
CC(C)[C@H](NC(=O)[C@H](Cc1ccccc1)CC(O)C[C@@H](Cc1ccccc1)C(=O)N[C@H](C(=O)NCc1nc2ccccc2[nH]1)C(C)C)C(=O)NCc1nc2ccccc2[nH]1,8.0
CC(C)(C)NC(=O)[C@@H]1C[C@@H]2SCC[C@@H]2CN1C[C@@H](O)[C@H](CSc1ccccc1)NC(=O)OCc1ccccc1,8.481486060122112
COC(=O)[C@@H](NC(=O)Cc1ccccc1)[C@@H]1N[C@@H](C(=O)NCCNC(=O)[C@@H]2N[C@@H]([C@H](NC(=O)Cc3ccccc3)C(=O)OC)SC2(C)C)C(C)(C)S1,7.221848749616356
CC(C)(C)OC(=O)N[C@@H](Cc1ccccc1)[C@H](O)CNC[C@@H](O)[C@H](Cc1ccccc1)NC(=O)[C@@](C)(O)C(C)(C)C,7.3979400086720375
CC(C)C[C@H](NC(=O)[C@H](C/C=C/c1ccccc1)C[C@H](O)[C@H](Cc1ccccc1)NC(=O)OC(C)(C)C)C(=O)N[C@@H](Cc1ccccc1)C(N)=O,9.638272163982407
CN(C)Cc1ccc(C[C@H](C[C@H](O)[C@H](Cc2ccccc2)NC(=O)OC(C)(C)C)C(=O)N[C@H]2c3ccccc3C[C@H]2O)cc1,8.853871964321762
CC(C)(C)OC(=O)N[C@@H](Cc1ccccc1)[C@H](O)CNC[C@@H](O)[C@H](Cc1ccccc1)NC(=O)C(O)C(F)(F)F,7.3979400086720375
CC(C)(C)OC(=O)N[C@@H](Cc1ccccc1)[C@H](O)CNC[C@@H](O)[C@H](Cc1ccccc1)NC(=O)[C@](C)(O)c1ccccc1,5.187086643357144
CC(C)(C)OC(=O)N[C@@H](Cc1ccccc1)[C@@H](O)C[C@@H](CCc1cnc2ccccc2n1)C(=O)N[C@H]1c2ccccc2C[C@H]1O,9.769551078621726
CC(C)C[C@H](NC(=O)[C@H](C)C[C@H](O)[C@H](Cc1ccccc1)NC(=O)OC(C)(C)C)C(=O)N[C@@H](Cc1ccccc1)C(N)=O,8.221848749616356
Cc1ccc(C[C@H](C[C@H](O)[C@H](Cc2ccccc2)NC(=O)OC(C)(C)C)C(=O)N[C@H]2c3ccccc3C[C@H]2O)cc1,9.537602002101044
CC(C)(C)OC(=O)N[C@@H](Cc1ccccc1)[C@@H](O)C[C@@H](Cc1ccc(I)cc1)C(=O)N[C@H]1c2ccccc2C[C@H]1O,9.142667503568731
CSc1ccc(C[C@H](C[C@H](O)[C@H](Cc2ccccc2)NC(=O)OC(C)(C)C)C(=O)N[C@H]2c3ccccc3C[C@H]2O)cc1,9.657577319177793
CC(C)(C)OC(=O)N[C@@H](Cc1ccccc1)[C@@H](O)C[C@@H](Cc1ccc(O)cc1)C(=O)N[C@H]1c2ccccc2C[C@H]1O,9.795880017344075
CC(C)C[C@H](NC(=O)[C@H](Cc1cccc2ccccc12)C[C@H](O)[C@H](Cc1ccccc1)NC(=O)OC(C)(C)C)C(=O)N[C@@H](Cc1ccccc1)C(N)=O,8.920818753952375
OC[C@]12C3N(Cc4ccccc4)C4[C@](CO)(C5N(Cc6ccccc6)C1[C@]3(CO)[C@@H](c1ccccc1)[C@]54CO)[C@@H]2c1ccccc1,4.79317412396815
CC(C)C[C@H](NC(=O)[C@H](CCCc1ccccc1)C[C@H](O)[C@H](Cc1ccccc1)NC(=O)OC(C)(C)C)C(=O)N[C@@H](Cc1ccccc1)C(N)=O,9.443697499232712
CC(C)(C)OC(=O)N[C@@H](Cc1ccccc1)[C@@H](O)C[C@@H](Cc1ccc([N+](=O)[O-])cc1)C(=O)N[C@H]1c2ccccc2C[C@H]1O,9.568636235841012
CC[C@H](C[C@H](O)[C@H](Cc1ccccc1)NC(=O)OC(C)(C)C)C(=O)N[C@H]1c2ccccc2C[C@H]1O,7.459670525209126
CC(C)(C)OC(=O)N[C@@H](Cc1ccccc1)[C@H](O)CNC[C@@H](O)[C@H](Cc1ccccc1)NC(=O)[C@](C)(O)C(C)(C)C,6.045757490560675
CC(C)(C)OC(=O)N[C@@H](Cc1ccccc1)[C@H](O)CNC[C@@H](O)[C@H](Cc1ccccc1)NC(=O)C1(O)COCC1(C)C,6.657577319177793
CC(C)(C)OC(=O)N[C@@H](Cc1ccccc1)[C@@H](O)C[C@@H](Cc1ccc(F)cc1)C(=O)N[C@H]1c2ccccc2C[C@H]1O,9.356547323513812
CC(C)(C)OC(=O)N[C@@H](Cc1ccccc1)[C@H](O)CNC[C@@H](O)[C@H](Cc1ccccc1)NC(=O)C1(O)CCCC1(C)C,7.823908740944319
CCCCCCCCCCCCCCC[C@H](C[C@H](O)[C@H](Cc1ccccc1)NC(=O)OC(C)(C)C)C(=O)N[C@H]1c2ccccc2C[C@H]1O,5.522878745280337
COC(=O)[C@@H](NC(=O)Cc1ccccc1)[C@@H]1N[C@@H](C(=O)NCCNC(C)=O)C(C)(C)S1,4.259637310505756
CC(C)(C)OC(=O)N[C@@H](Cc1ccccc1)[C@H](O)CNC[C@@H](O)[C@H](Cc1ccccc1)NC(=O)C1(O)COCC1(C)C,5.455931955649724
CC(C)(C)OC(=O)N[C@@H](Cc1ccccc1)[C@@H](O)C[C@@H](Cc1ccc(N)cc1)C(=O)N[C@H]1c2ccccc2C[C@H]1O,9.508638306165727
COC(CCc1ccc(C[C@H](C[C@H](O)[C@H](Cc2ccccc2)NC(=O)OC(C)(C)C)C(=O)N[C@H]2c3ccccc3C[C@H]2O)cc1)OC,10.096910013008056
CCNC(=O)[C@@H](NC(=O)Cc1ccccc1)[C@@H]1N[C@@H](C(=O)NCCNC(=O)[C@@H]2N[C@@H]([C@H](NC(=O)Cc3ccccc3)C(=O)NCC)SC2(C)C)C(C)(C)S1,8.318758762624412
CC1(C)S[C@H]([C@H](NC(=O)Cc2ccccc2)C(=O)NCc2ccccc2)N[C@H]1C(=O)NCCNC(=O)[C@@H]1N[C@@H]([C@H](NC(=O)Cc2ccccc2)C(=O)NCc2ccccc2)SC1(C)C,9.045757490560675
CCNC(=O)[C@@H]1N[C@@H]([C@H](NC(=O)Cc2ccccc2)C(=O)OC)SC1(C)C,4.200659450546418
COc1ccc([C@H]2[C@@]3(CO)C4N(Cc5ccccc5)C5[C@]2(CO)C2N(Cc6ccccc6)C3[C@]4(CO)[C@H](c3ccc(OC)cc3)[C@@]52CO)cc1,4.481486060122113
CC(C)(C)OC(=O)N[C@@H](Cc1ccccc1)[C@@H](O)C[C@@H](Cc1ccc(CCCO)cc1)C(=O)N[C@H]1c2ccccc2C[C@H]1O,10.0
CN1C2[C@]3(CO)C4N(C)C5[C@@](CO)(C1[C@@]5(CO)[C@@H](c1ccccc1)[C@]24CO)[C@H]3c1ccccc1,3.5816987086802543
CCNC(=O)[C@@H](NC(=O)Cc1ccccc1)[C@@H]1N[C@@H](C(=O)OCCOC(=O)[C@@H]2N[C@@H]([C@H](NC(=O)Cc3ccccc3)C(=O)NCC)SC2(C)C)C(C)(C)S1,4.920818753952375
CC(C)(C)OC(=O)N[C@@H](Cc1ccccc1)[C@@H](O)C[C@@H](Cc1ccc(C(F)(F)F)cc1)C(=O)N[C@H]1c2ccccc2C[C@H]1O,9.585026652029182
CC(C)(C)OC(=O)N[C@@H](Cc1ccccc1)[C@@H](O)C[C@@H](Cc1c(F)c(F)c(F)c(F)c1F)C(=O)N[C@H]1c2ccccc2C[C@H]1O,9.221848749616356
CC(C)(C)OC(=O)N[C@@H](Cc1ccccc1)[C@@H](O)C[C@@H](Cc1ccc(CO)cc1)C(=O)N[C@H]1c2ccccc2C[C@H]1O,9.769551078621726
CC(C)(C)OC(=O)N[C@@H](Cc1ccccc1)[C@@H](O)C[C@@H](Cc1ccc(CCC[N+](C)(C)C)cc1)C(=O)N[C@H]1c2ccccc2C[C@H]1O.[I-],9.040958607678906
CC(C)(C)OC(=O)N[C@@H](Cc1ccccc1)[C@H](O)CNC[C@@H](O)[C@H](Cc1ccccc1)NC(=O)C(C)(O)C(C)(C)CO,6.886056647693163
CC(C)(C)OC(=O)N[C@@H](Cc1ccccc1)[C@@H](O)C[C@@H](Cc1ccc(CCCN2CCOCC2)cc1)C(=O)N[C@H]1c2ccccc2C[C@H]1O,9.366531544420413
COc1ccc([C@H]2[C@]3(CO)C4N(C)C5[C@]2(CO)C2N(C)C3[C@]4(CO)[C@H](c3ccc(OC)cc3)[C@]52CO)cc1,3.709965388637482
CC(C)(C)NC(=O)[C@@H]1C[C@@H]2CCCC[C@@H]2CN1C[C@@H](O)[C@H](Cc1ccccc1)NC(=O)O[C@H]1CCOC1,6.795880017344075
COCCN(CCCc1ccc(C[C@H](C[C@H](O)[C@H](Cc2ccccc2)NC(=O)OC(C)(C)C)C(=O)N[C@H]2c3ccccc3C[C@H]2O)cc1)CCOC,9.229147988357855
CC(C)(C)OC(=O)N[C@@H](Cc1ccccc1)[C@H](O)CNC[C@@H](O)[C@H](Cc1ccccc1)NC(=O)C(O)(CO)C(C)(C)C,7.221848749616356
CC(C)(C)OC(=O)N[C@@H](Cc1ccccc1)[C@@H](O)C[C@@H](C/C=C/c1ccc(CCN2CCOCC2)cc1)C(=O)N[C@H]1c2ccccc2C[C@H]1O,9.537602002101044
CC(C)(C)OC(=O)N[C@@H](Cc1ccccc1)[C@H](O)CNC[C@@H](O)[C@H](Cc1ccccc1)NC(=O)OC(C)(C)C,6.903089986991944
CC(C)(C)OC(=O)N[C@@H](Cc1ccccc1)[C@@H](O)C[C@@H](C/C=C/c1ccc(O)cc1)C(=O)N[C@H]1c2ccccc2C[C@H]1O,9.769551078621726
CC(C)(C)OC(=O)N[C@@H](Cc1ccccc1)[C@@H](O)C[C@@H](Cc1ccc(CCCN2CCSCC2)cc1)C(=O)N[C@H]1c2ccccc2C[C@H]1O,9.0
COC(=O)[C@@H](NC(=O)Cc1ccccc1)[C@@H]1N[C@@H](C(=O)NNC(=O)[C@@H]2N[C@@H]([C@H](NC(=O)Cc3ccccc3)C(=O)OC)SC2(C)C)C(C)(C)S1,5.167491087293763
COCCOCOCCc1ccc(C[C@H](C[C@H](O)[C@H](Cc2ccccc2)NC(=O)OC(C)(C)C)C(=O)N[C@H]2c3ccccc3C[C@H]2O)cc1,9.886056647693163
CC1(C)S[C@H]([C@H](NC(=O)Cc2ccccc2)C(N)=O)N[C@H]1C(=O)NCCNC(=O)[C@@H]1N[C@@H]([C@H](NC(=O)Cc2ccccc2)C(N)=O)SC1(C)C,8.522878745280337
CC(C)C[C@H](NC(=O)[C@H](Cc1ccc(-c2ccccc2)cc1)C[C@H](O)[C@H](Cc1ccccc1)NC(=O)OC(C)(C)C)C(=O)N[C@@H](Cc1ccccc1)C(N)=O,9.366531544420413
COCCOCOCCCc1ccc(C[C@H](C[C@H](O)[C@H](Cc2ccccc2)NC(=O)OC(C)(C)C)C(=O)N[C@H]2c3ccccc3C[C@H]2O)cc1,10.154901959985743
CC1(C)S[C@@H]2[C@H](NC(=O)Cc3ccccc3)C(=O)N2[C@H]1C(=O)NCCNC(=O)[C@@H]1N2C(=O)[C@@H](NC(=O)Cc3ccccc3)[C@H]2SC1(C)C,4.154901959985743
OC[C@]12C3NC4[C@](CO)(C5NC1[C@]3(CO)[C@H](c1ccccc1)[C@@]45CO)[C@H]2c1ccccc1,3.643974142806877
CC(C)(C)OC(=O)N[C@@H](Cc1ccccc1)[C@H](O)CNC[C@@H](O)[C@H](Cc1ccccc1)NC(=O)[C@H](O)C(C)(C)C,7.301029995663981
CC(C)(C)OC(=O)N[C@@H](Cc1ccccc1)[C@H](O)CNC[C@@H](O)[C@H](Cc1ccccc1)NC(=O)C(C)(C)O,6.346787486224656
CC(C)(C)OC(=O)N[C@@H](Cc1ccccc1)[C@@H](O)C[C@@H](Cc1ccc(S(C)(=O)=O)cc1)C(=O)N[C@H]1c2ccccc2C[C@H]1O,9.769551078621726
CC(C)(C)OC(=O)N[C@@H](Cc1ccccc1)[C@H](O)CNC[C@@H](O)[C@H](Cc1ccccc1)NC(=O)C(O)(CO)C(C)(C)C,5.0
CC(C)(C)OC(=O)N[C@@H](Cc1ccccc1)[C@@H](O)C[C@@H](Cc1ccccc1)C(=O)N[C@H]1c2ccccc2C[C@H]1O,9.638272163982407
CC(C)(C)OC(=O)N[C@@H](Cc1ccccc1)[C@@H](O)C[C@@H](Cc1ccc(C(C)(C)C)cc1)C(=O)N[C@H]1c2ccccc2C[C@H]1O,9.568636235841012
C[C@H](C[C@H](O)[C@H](Cc1ccccc1)NC(=O)OC(C)(C)C)C(=O)N[C@H]1c2ccccc2C[C@H]1O,7.202732459169283
COc1ccc([C@H]2[C@]3(CO)C4NC5[C@@]2(CO)C2NC3[C@@]4(CO)[C@H](c3ccc(OC)cc3)[C@]52CO)cc1,3.6798537138889458
COC(=O)[C@@H](NC(=O)Cc1ccccc1)[C@@H]1N[C@@H](C(=O)NCCCNC(=O)[C@@H]2N[C@@H]([C@H](NC(=O)Cc3ccccc3)C(=O)OC)SC2(C)C)C(C)(C)S1,4.920818753952375
CC(C)(C)OC(=O)N[C@@H](Cc1ccccc1)[C@H](O)CNC[C@@H](O)[C@H](Cc1ccccc1)NC(=O)C1(O)CCCC1(C)C,6.6020599913279625
CC(C)(C)OC(=O)N[C@@H](Cc1ccccc1)[C@@H](O)C[C@@H](C/C=C/c1ccccc1)C(=O)N[C@H]1c2ccccc2C[C@H]1O,9.638272163982407
CC(C)(C)OC(=O)N[C@@H](Cc1ccccc1)[C@@H](O)C[C@@H](Cc1ccc(CCO)cc1)C(=O)N[C@H]1c2ccccc2C[C@H]1O,9.795880017344075
CN(C)CCCc1ccc(C[C@H](C[C@H](O)[C@H](Cc2ccccc2)NC(=O)OC(C)(C)C)C(=O)N[C@H]2c3ccccc3C[C@H]2O)cc1,9.221848749616356
CC(C)(C)OC(=O)N[C@@H](Cc1ccccc1)[C@@H](O)C[C@@H](Cc1ccc(CN2CCOCC2)cc1)C(=O)N[C@H]1c2ccccc2C[C@H]1O,8.939302159646388
COC(=O)[C@@H](NC(=O)Cc1ccccc1)[C@@H]1N[C@@H](C(=O)NCCNC(=O)[C@@H]2N3C(=O)C(NC(=O)Cc4ccccc4)[C@H]3SC2(C)C)C(C)(C)S1,6.301029995663981
CC(C)(C)CC(=O)N[C@@H](Cc1ccccc1)[C@H](O)CNC[C@@H](O)[C@H](Cc1ccccc1)NC(=O)OC(C)(C)C,5.3979400086720375
CC(C)(C)OC(=O)N[C@@H](Cc1ccccc1)[C@H](O)CNC[C@@H](O)[C@H](Cc1ccccc1)NC(=O)[C@@H](O)C(C)(C)C,5.920818753952375
CC(C)(C)OC(=O)N[C@@H](Cc1ccccc1)[C@H](O)CNC[C@@H](O)[C@H](Cc1ccccc1)NC(=O)C(O)C(F)(F)F,5.657577319177793
CC(C)(C)OC(=O)N[C@@H](Cc1ccccc1)[C@H](O)CNC[C@@H](O)[C@H](Cc1ccccc1)NC(=O)[C@@H](O)c1ccccc1,5.0
CC(C)(C)OC(=O)N[C@@H](Cc1ccccc1)[C@H](O)CNC[C@@H](O)[C@H](Cc1ccccc1)NC(=O)[C@@](C)(O)c1ccccc1,6.585026652029182
CC(C)(C)OC(=O)N[C@@H](Cc1ccccc1)[C@H](O)CNC[C@@H](O)[C@H](Cc1ccccc1)NC(=O)C(C)(O)C(C)(C)CO,6.920818753952375
CC(C)(C)OC(=O)N[C@@H](Cc1ccccc1)[C@H](O)CNC[C@@H](O)[C@H](Cc1ccccc1)NC(=O)[C@H](O)c1ccccc1,6.494850021680094
CC(C)(C)OC(=O)N[C@@H](Cc1ccccc1)[C@@H](O)C[C@@H](Cc1cccc(O)c1)C(=O)N[C@H]1c2ccccc2C[C@H]1O,9.67778070526608
C[S+]([O-])c1ccc(C[C@H](C[C@H](O)[C@H](Cc2ccccc2)NC(=O)OC(C)(C)C)C(=O)N[C@H]2c3ccccc3C[C@H]2O)cc1,9.292429823902063
CC(C)C[C@H](NC(=O)[C@H](Cc1ccccc1)C[C@H](O)[C@H](Cc1ccccc1)NC(=O)OC(C)(C)C)C(=O)N[C@@H](Cc1ccccc1)C(N)=O,9.3767507096021
CC(C)C[C@H](NC(=O)[C@H]([C@H](C)O)N(C)C(=O)CCCCCCCCCCCCCCC(=O)N[C@@H](C(N)=O)C(=O)N[C@H](Cc1ccccc1)C(=O)O)C(=O)N[C@@H](Cc1ccccc1)C(N)=O,5.080921907623926
CC(C)CN(C[C@H](O)[C@H](Cc1ccccc1)NC(=O)[C@H](CC(N)=O)NC(=O)c1ccc2ccccc2n1)C(=O)NC(C)(C)C,5.0
CC(C)CN(C[C@@H](O)[C@H](Cc1ccccc1)NC(=O)OCc1ccccc1)S(=O)(=O)c1ccccc1,8.221848749616356
CC(C)CN(C[C@@H](O)[C@H](Cc1ccccc1)NC(=O)OCc1ccccc1)S(=O)(=O)c1ccccc1,5.096910013008056
CC(C)(C)NC(=O)C1CC2CCCCC2CN1C[C@@H](O)[C@H](Cc1ccccc1)NC(=O)[C@H](CC(N)=O)NC(=O)OCc1ccccc1,8.568636235841012
CC[C@H](C)[C@H](NC(=O)[C@@H]1CCCN1CC(O)[C@H](Cc1ccccc1)NC(=O)[C@H](CC(N)=O)NC(=O)[C@H](CC(C)C)NC(=O)[C@H](CO)NC(C)=O)C(=O)OC,6.376750709602099
CC(C)C[C@H](NC(=O)[C@@H](NC(=O)CCCCCCCCCCCCCCC(=O)N[C@@H](C(N)=O)C(=O)N(C)[C@H](Cc1ccccc1)C(=O)O)[C@H](C)O)C(=O)N[C@@H](Cc1ccccc1)C(N)=O,5.017728766960431
CC(C)CCN(C[C@@H](O)[C@H](Cc1ccccc1)NC(=O)OCc1ccccc1)S(=O)(=O)Cc1ccccc1,5.0
CCC(C)[C@@H]1NC(=O)[C@@H](NC[C@@H](O)C[C@@H](Cc2ccccc2)C(=O)N[C@H]2c3ccccc3C[C@H]2O)Cc2ccc(cc2)OCCCCCNC1=O,7.251811972993799
CCC(C)[C@@H]1NC(=O)[C@@H](NC[C@@H](O)C[C@@H](Cc2ccccc2)C(=O)N[C@H]2c3ccccc3C[C@H]2O)Cc2ccc(cc2)OCCCCCNC1=O,6.958607314841775
CCC(C)[C@@H]1NC(=O)[C@@H](NC[C@@H](O)C[C@@H](Cc2ccccc2)C(=O)N[C@H]2c3ccccc3C[C@H]2O)Cc2ccc(cc2)OCCCCCNC1=O,7.221848749616356
CCC(C)[C@@H]1NC(=O)[C@@H](NC[C@@H](O)C[C@@H](Cc2ccccc2)C(=O)N[C@H]2c3ccccc3C[C@H]2O)Cc2ccc(cc2)OCCCCCNC1=O,7.0
CC(C)(C)NC(=O)[C@@H]1C[C@@H]2CCCC[C@@H]2CN1C[C@@H](O)[C@H](Cc1ccccc1)NC(=O)[C@H](CC(N)=O)NC(=O)c1ccc2ccccc2n1,9.397940008672037
CC[C@H](C)[C@H](NC(=O)C1CC2CCCCC2CN1C[C@@H](O)[C@H](Cc1ccccc1)NC(=O)[C@H](CC(N)=O)NC(=O)OCc1ccccc1)C(=O)N[C@H](C(=O)OC)C(C)C,7.0
CC(C)(C)NC(=O)[C@@H]1C[C@@H]2CCCC[C@@H]2CN1C[C@@H](O)[C@H](Cc1ccccc1)NC(=O)[C@H](CC(N)=O)NC(=O)c1ccc2ccccc2n1,9.397940008672037
CC(C)(C)NC(=O)N(Cc1ccncc1)C[C@@H](O)[C@H](Cc1ccccc1)NC(=O)[C@H](CC(N)=O)NC(=O)c1ccc2ccccc2n1,7.721246399047171
CC(C)CCN(C[C@@H](O)[C@H](Cc1ccccc1)NC(=O)OCc1ccccc1)S(=O)(=O)c1cccc(Cl)c1,7.036212172654444
CC(C)CCN(C[C@@H](O)[C@H](Cc1ccccc1)NC(=O)[C@H](CC(N)=O)NC(=O)OCc1ccccc1)C(=O)NC(C)(C)C,7.886056647693163
CC(C)CCN(C[C@@H](O)[C@@H]1Cc2ccc(cc2)OCCCCCC(=O)N[C@@H](C(C)C)C(=O)N1)S(=O)(=O)c1ccc(N)cc1,7.346787486224656
CC(C)CCN(C[C@@H](O)[C@@H]1Cc2ccc(cc2)OCCCCCC(=O)N[C@@H](C(C)C)C(=O)N1)S(=O)(=O)c1ccc(N)cc1,6.366531544420414
CC(C)CCN(C[C@@H](O)[C@@H]1Cc2ccc(cc2)OCCCCCC(=O)N[C@@H](C(C)C)C(=O)N1)S(=O)(=O)c1ccc(N)cc1,7.045757490560675
CC(C)CCN(C[C@@H](O)[C@@H]1Cc2ccc(cc2)OCCCCCC(=O)N[C@@H](C(C)C)C(=O)N1)S(=O)(=O)c1ccc(N)cc1,6.301029995663981
CC(C)(C)NC(=O)[C@@H]1CN(Cc2cccnc2)CCN1C[C@@H](O)C[C@@H](Cc1ccccc1)C(=O)N[C@H]1c2ccccc2C[C@H]1O.O,7.2839966563652006
CC(C)(C)NC(=O)[C@@H]1CN(Cc2cccnc2)CCN1C[C@@H](O)C[C@@H](Cc1ccccc1)C(=O)N[C@H]1c2ccccc2C[C@H]1O.O,7.251811972993799
CC(C)(C)NC(=O)[C@@H]1CN(Cc2cc3sccc3s2)CCN1C[C@@H](O)C[C@@H](Cc1cccnc1)C(=O)N[C@H]1c2ccccc2C[C@H]1O,10.045757490560675
CC[C@H](C)[C@H](NC(=O)[C@@H]1CCCN1CC(O)[C@H](Cc1ccccc1)NC(=O)[C@H](CC(N)=O)NC(=O)[C@H](CC(C)C)NC(=O)[C@H](CO)NC(C)=O)C(=O)OC,6.376750709602099
CC(C)CCN(C[C@@H](O)[C@H](Cc1ccccc1)NC(=O)OCc1ccccc1)S(=O)(=O)c1ccccc1Cl,6.42021640338319
CC[C@H](C)[C@H](NC(=O)[C@@H]1CCCN1C[C@H](O)[C@H](Cc1ccccc1)NC(=O)[C@H](CC(N)=O)NC(=O)OCc1ccccc1)C(=O)N[C@H](C(=O)OC)C(C)C,7.886056647693163
CC[C@H](C)[C@H](NC(=O)[C@@H]1CCCN1C[C@H](O)[C@H](Cc1ccccc1)NC(=O)[C@H](CC(N)=O)NC(=O)OCc1ccccc1)C(=O)N[C@H](C(=O)OC)C(C)C,7.886056647693163
CC[C@H](C)[C@H](NC(=O)C1CC2CCCCC2CN1C[C@@H](O)[C@H](Cc1ccccc1)NC(=O)[C@H](CC(N)=O)NC(=O)OCc1ccccc1)C(=O)N[C@H](C(=O)OC)C(C)C,7.0
CC(C)CCN(C[C@@H](O)[C@H](Cc1ccccc1)NC(=O)OCc1ccccc1)S(C)(=O)=O,5.494850021680094
CCCS(=O)(=O)N(CCC(C)C)C[C@@H](O)[C@H](Cc1ccccc1)NC(=O)OCc1ccccc1,6.6777807052660805
CC(C)CCN(C[C@@H](O)[C@H](Cc1ccccc1)NC(=O)[C@H](CC(N)=O)NC(=O)OCc1ccccn1)S(=O)(=O)c1ccccc1,8.657577319177793
CC(C)(C)NC(=O)C1CC2CCCCC2CN1C[C@H](O)[C@H](Cc1ccccc1)NC(=O)[C@H](CC(N)=O)NC(=O)OCc1ccccc1,7.0
CC(C)(C)OC(=O)[C@@H]1CCCN1C[C@@H](O)[C@H](Cc1ccccc1)NC(=O)[C@H](CC(N)=O)NC(=O)OCc1ccccc1,6.853871964321762
CC(C)(C)OC(=O)[C@@H]1CCCN1C[C@H](O)[C@H](Cc1ccccc1)NC(=O)[C@H](CC(N)=O)NC(=O)OCc1ccccc1,6.522878745280337
CC(C)(C)NC(=O)[C@@H]1CC2CCCCC2CN1C[C@H](O)[C@H](Cc1ccccc1)NC(=O)[C@H](CC(N)=O)NC(=O)c1ccc2ccccc2n1,7.0
CC(C)(C)NC(=O)[C@@H]1CN(Cc2cccnc2)CCN1C[C@@H](O)C[C@@H](Cc1cccnc1)C(=O)N[C@H]1c2ccccc2C[C@H]1O,8.769551078621726
CC(C)(C)NC(=O)[C@@H]1CN(S(=O)(=O)c2cccc3cccnc23)CCN1C[C@@H](O)C[C@@H](Cc1ccncc1)C(=O)N[C@H]1c2ccccc2C[C@H]1O,10.823908740944319
CNC(=O)N(CC(C)C)C[C@@H](O)[C@H](Cc1ccccc1)NC(=O)[C@H](CC(N)=O)NC(=O)OCc1ccccc1,5.823908740944319
CC(C)CN(C[C@@H](O)[C@H](Cc1ccccc1)NC(=O)[C@H](CC(N)=O)NC(=O)OCc1ccccc1)C(=O)NC(C)(C)C,7.455931955649724
CC(C)(C)NC(=O)[C@@H]1CN(Cc2c(F)cccc2F)CCN1C[C@@H](O)C[C@@H](Cc1ccncc1)C(=O)N[C@H]1c2ccccc2C[C@H]1O,9.318758762624412
CC(C)(C)NC(=O)[C@@H]1CN(Cc2cc3sccc3s2)CCN1C[C@@H](O)C[C@@H](Cc1ccncc1)C(=O)N[C@H]1c2ccccc2C[C@H]1O,10.301029995663981
CC(C)CCN(C[C@H](O)[C@H](Cc1ccccc1)NC(=O)OCc1ccccc1)S(=O)(=O)c1ccccc1,6.346787486224656
CC(C)CCN(C[C@@H](O)[C@H](Cc1ccccc1)NC(=O)[C@H](CC(N)=O)NC(=O)OCc1ccccc1)S(C)(=O)=O,7.0
CC(C)C[C@H](NC(=O)[C@@H](NC(=O)CCCCCCCCCCCCCCC(=O)N(C)[C@@H](C(N)=O)C(=O)N[C@H](Cc1ccccc1)C(=O)O)[C@H](C)O)C(=O)N[C@@H](Cc1ccccc1)C(N)=O,5.346787486224656
CC(C)(C)NC(=O)[C@@H]1CN(Cc2cccnc2)CCN1C[C@@H](O)C[C@@H](Cc1ccccc1)C(=O)N[C@H]1c2ccccc2C[C@H]1O.O,9.387216143280265
CCNC(=O)N(CC(C)C)C[C@@H](O)[C@H](Cc1ccccc1)NC(=O)[C@H](CC(N)=O)NC(=O)OCc1ccccc1,6.481486060122113
CC(C)(C)NC(=O)N(CC1CCCCC1)C[C@@H](O)[C@H](Cc1ccccc1)NC(=O)[C@H](CC(N)=O)NC(=O)OCc1ccccc1,7.5376020021010435
CC(C)CCN(C[C@@H](O)[C@H](Cc1ccccc1)NC(=O)[C@H](CC(N)=O)NC(=O)c1ccc2ccccc2n1)S(=O)(=O)c1ccccc1,8.823908740944319
CC[C@@H](C)[C@@H]1NC(=O)[C@@H](NC[C@@H](O)[C@H](Cc2ccccc2)NC(=O)[C@@H](NC(=O)c2ccc3ccccc3n2)C(C)C)Cc2ccc(cc2)OCCCNC1=O,7.022276394711152
CC(C)C[C@H](NC(=O)[C@@H](NC(=O)CCCCCCCCCCCCCCC(=O)N[C@@H](C(N)=O)C(=O)N[C@H](Cc1ccccc1)C(=O)O)[C@H](C)O)C(=O)N[C@@H](Cc1ccccc1)C(N)=O,5.229147988357856
C[C@H](c1ccccc1)N(C[C@@H](O)[C@H](Cc1ccccc1)NC(=O)[C@H](CC(N)=O)NC(=O)OCc1ccccc1)C(=O)NC(C)(C)C,5.187086643357144
CCCC[C@@H](CN[C@@H](CCCC)C(=O)N[C@@H](CCC(N)=O)C(=O)N[C@@H](CCCNC(=N)N)C(N)=O)NC(=O)[C@@H](NC(=O)[C@@H](NC(C)=O)[C@@H](C)O)[C@@H](C)CC,5.721246399047171
CC(C)C[C@H](NC(=O)[C@@H](NC(=O)CCCCCCCCCCCCCCC(=O)N[C@@H](C(N)=O)C(=O)N(C)[C@H](Cc1ccccc1)C(=O)O)[C@H](C)O)C(=O)NCCc1ccccc1,5.236572006437063
CC(C)(C)NC(=O)[C@@H]1CN(Cc2cc3ccsc3s2)CCN1C[C@@H](O)C[C@@H](Cc1ccncc1)C(=O)N[C@H]1c2ccccc2C[C@H]1O,10.221848749616356
CCCCNC(=O)N(CC(C)C)C[C@@H](O)[C@H](Cc1ccccc1)NC(=O)[C@H](CC(N)=O)NC(=O)OCc1ccccc1,6.026872146400302
CC(C)CN(C[C@@H](O)[C@H](Cc1ccccc1)NC(=O)O[C@H]1CCOC1)S(=O)(=O)c1ccc(N)cc1,7.522878745280337
CC(C)(C)NC(=O)[C@@H]1CN(S(=O)(=O)c2cccc3cccnc23)CCN1C[C@@H](O)C[C@@H](Cc1cccnc1)C(=O)N[C@H]1c2ccccc2C[C@H]1O,10.522878745280337
CC(C)(C)NC(=O)[C@@H]1CN(Cc2c(F)cccc2F)CCN1C[C@@H](O)C[C@@H](Cc1cccnc1)C(=O)N[C@H]1c2ccccc2C[C@H]1O,9.853871964321762
CC[C@H](C)[C@H](NC(=O)[C@@H]1CCCN1C[C@@H](O)[C@H](Cc1ccccc1)NC(=O)[C@H](CC(N)=O)NC(=O)OCc1ccccc1)C(=O)N[C@H](C(=O)OC)C(C)C,7.0
CC(C)(C)NC(=O)[C@@H]1CN(Cc2cc(Br)cs2)CCN1C[C@@H](O)C[C@@H](Cc1ccncc1)C(=O)N[C@H]1c2ccccc2C[C@H]1O,9.958607314841775
CC(C)(C)NC(=O)[C@@H]1CN(Cc2cc3ccsc3s2)CCN1C[C@@H](O)C[C@@H](Cc1cccnc1)C(=O)N[C@H]1c2ccccc2C[C@H]1O,9.920818753952375
CC(C)CCN(C[C@@H](O)[C@H](Cc1ccccc1)NC(=O)OCc1ccccc1)S(=O)(=O)c1ccccc1,7.795880017344075
CC[C@H](C)[C@H](NC(=O)[C@@H]1CCCN1C[C@@H](O)[C@H](Cc1ccccc1)NC(=O)[C@H](CC(N)=O)NC(=O)OCc1ccccc1)C(=O)N[C@H](C(=O)OC)C(C)C,7.0
O=C(N[C@@H](Cc1ccccc1)[C@H](O)CN(CC1CCCCC1)S(=O)(=O)c1ccccc1)OCc1ccccc1,7.853871964321762
O=C1N(Cc2ccc(CO)cc2)[C@H](Cc2ccccc2)[C@H](O)[C@@H](O)[C@@H](Cc2ccccc2)N1Cc1ccc(CO)cc1,6.958607314841775
CC(C)(C)NC(=O)C1CC2CCCCC2CN1C[C@@H](O)[C@H](Cc1ccccc1)NC(=O)[C@H](CC(N)=O)NC(=O)OCc1ccccc1,8.568636235841012
C[C@@H](c1ccccc1)N(C[C@@H](O)[C@H](Cc1ccccc1)NC(=O)[C@H](CC(N)=O)NC(=O)OCc1ccccc1)C(=O)NC(C)(C)C,5.292429823902063
CC(C)CCN(C[C@@H](O)[C@H](Cc1ccccc1)NC(=O)[C@H](CC(N)=O)NC(=O)c1ccc2ccccc2n1)S(C)(=O)=O,7.568636235841013
CC(C)(C)OC(=O)[C@@H]1CCCN1C[C@@H](O)[C@H](Cc1ccccc1)NC(=O)[C@H](CC(N)=O)NC(=O)OCc1ccccc1,6.853871964321762
CC(C)(C)NC(=O)[C@@H]1CC2CCCCC2CN1C[C@H](O)[C@H](Cc1ccccc1)NC(=O)[C@H](CC(N)=O)NC(=O)c1ccc2ccccc2n1,7.0
CC(C)CN(C[C@@H](O)[C@H](Cc1ccccc1)NC(=O)[C@H](CC(N)=O)NC(=O)OCc1ccccc1)C(=O)NC(C)C,6.585026652029182
CC(C)CN(C[C@@H](O)[C@H](Cc1ccccc1)NC(=O)[C@H](CC(N)=O)NC(=O)c1ccc2ccccc2n1)C(=O)NC(C)(C)C,8.221848749616356
CC(C)(C)NC(=O)N(CC1CCCCC1)C[C@@H](O)[C@H](Cc1ccccc1)NC(=O)[C@H](CC(N)=O)NC(=O)c1ccc2ccccc2n1,8.301029995663981
CCCNC(=O)N(CC(C)C)C[C@@H](O)[C@H](Cc1ccccc1)NC(=O)[C@H](CC(N)=O)NC(=O)OCc1ccccc1,6.285670240254767
CC[C@H](C)[C@H](NC(=O)C1CC2CCCCC2CN1C[C@H](O)[C@H](Cc1ccccc1)NC(=O)[C@H](CC(N)=O)NC(=O)OCc1ccccc1)C(=O)N[C@H](C(=O)OC)C(C)C,7.0
CC(C)C[C@@H](C(=O)N[C@@H](Cc1ccccc1)C(N)=O)N(C)C(=O)[C@@H](NC(=O)CCCCCCCCCCCCCCC(=O)N[C@@H](C(N)=O)C(=O)N[C@H](Cc1ccccc1)C(=O)O)[C@H](C)O,5.096910013008056
CC(C)(C)NC(=O)N(Cc1ccccc1)C[C@@H](O)[C@H](Cc1ccccc1)NC(=O)[C@H](CC(N)=O)NC(=O)OCc1ccccc1,7.721246399047171
CC(C)CN(C[C@H](O)[C@H](Cc1ccccc1)NC(=O)[C@H](CC(N)=O)NC(=O)OCc1ccccc1)C(=O)NC(C)(C)C,4.267606240177032
O=C(N[C@@H](Cc1ccccc1)[C@H](O)CN(Cc1ccccc1)S(=O)(=O)c1ccccc1)OCc1ccccc1,6.721246399047171
CC(C)(C)NC(=O)[C@@H]1CN(Cc2cccnc2)CCN1C[C@@H](O)C[C@@H](Cc1ccncc1)C(=O)N[C@H]1c2ccccc2C[C@H]1O,8.769551078621726
CCCCNC(=O)N(CC(C)C)C[C@@H](O)[C@H](Cc1ccccc1)NC(=O)[C@H](CC(N)=O)NC(=O)c1ccc2ccccc2n1,6.899629454882437
CC(C)CCN(C[C@@H](O)[C@H](Cc1ccccc1)NC(=O)[C@H](CC(N)=O)NC(=O)c1ccc2ccccc2n1)C(=O)NC(C)(C)C,8.522878745280337
CC(C)(C)NC(=O)C1CC2CCCCC2CN1C[C@H](O)[C@H](Cc1ccccc1)NC(=O)[C@H](CC(N)=O)NC(=O)OCc1ccccc1,7.0
CC(C)C[C@H](NC(=O)[C@@H](NC(=O)CCCCCCCCCCCCCCC(=O)N[C@@H](C(N)=O)C(=O)N[C@H](Cc1ccccc1)C(=O)O)[C@H](C)O)C(=O)N(C)[C@@H](Cc1ccccc1)C(N)=O,4.886056647693163
CC(C)(C)NC(=O)N(Cc1ccccc1)C[C@@H](O)[C@H](Cc1ccccc1)NC(=O)[C@H](CC(N)=O)NC(=O)c1ccc2ccccc2n1,8.522878745280337
CC(C)(C)NC(=O)N(Cc1ccncc1)C[C@@H](O)[C@H](Cc1ccccc1)NC(=O)[C@H](CC(N)=O)NC(=O)OCc1ccccc1,6.978810700930062
CC(C)(C)OC(=O)[C@@H]1CCCN1C[C@H](O)[C@H](Cc1ccccc1)NC(=O)[C@H](CC(N)=O)NC(=O)OCc1ccccc1,6.522878745280337
CC[C@H](C)[C@H](NC(=O)C1CC2CCCCC2CN1C[C@H](O)[C@H](Cc1ccccc1)NC(=O)[C@H](CC(N)=O)NC(=O)OCc1ccccc1)C(=O)N[C@H](C(=O)OC)C(C)C,7.0
CC(C)(C)NC(=O)[C@@H]1CN(Cc2cc(Br)cs2)CCN1C[C@@H](O)C[C@@H](Cc1cccnc1)C(=O)N[C@H]1c2ccccc2C[C@H]1O,10.522878745280337
CC(C)CCN(C[C@@H](O)[C@H](Cc1ccccc1)NC(=O)OCc1ccccc1)S(=O)(=O)c1ccc(Cl)cc1,8.0
CC(=O)N[C@H](CS(=O)(=O)c1ccc(F)cc1)C(=O)N[C@@H](Cc1ccccc1)[C@H](O)CN1C[C@H]2CCS[C@H]2C[C@H]1C(=O)NC(C)(C)C,8.920818753952375
CC(C)C[C@H](NC(=O)OCc1ccccc1)C(=O)NC(Cc1ccc(OCc2ccccc2)cc1)C(=O)C(F)(F)C(=O)NCc1ccccc1,7.823908740944319
CC(C)OC(=O)N[C@@H](Cc1ccccc1)[C@H](O)CNC[C@@H](O)[C@H](Cc1ccccc1)NC(=O)OC(C)C,6.045757490560675
O=C1CC(c2ccccc2)(c2ccccc2)OC(O)=C1SCc1ccccc1,6.581698708680254
O=C1CC2(CCCc3ccccc32)OC(O)=C1SCc1ccccc1,5.638272163982407
CC(=O)N[C@H](CS(=O)(=O)c1cccc2cccnc12)C(=O)N[C@@H](Cc1ccccc1)[C@H](O)CN1C[C@H]2CCCC[C@H]2C[C@H]1C(=O)NC(C)(C)C,8.769551078621726
CC(C)c1ccccc1Sc1c(O)cc(-c2ccccc2)oc1=O,7.431798275933005
CC(C)c1ccccc1Sc1c(O)cc(-c2ccccc2)oc1=O,6.154901959985743
O=C1CC(c2ccccc2)OC(O)=C1SCCc1ccccc1,5.6777807052660805
CC(C)CC1(c2ccccc2)CC(=O)C(SCCc2ccccc2)=C(O)O1,5.920818753952375
CC(=O)N[C@H](CSCc1ccccc1)C(=O)N[C@@H](Cc1ccccc1)[C@H](O)CN1C[C@H]2CCCC[C@H]2C[C@H]1C(=O)NC(C)(C)C,8.221848749616356
CC(C)(C)OC(=O)N[C@@H](Cc1ccccc1)[C@@H](O)CNCC(O)[C@@H](Cc1ccccc1)NC(=O)OC(C)(C)C,5.0
CN(CC(O)[C@H](Cc1ccccc1)NC(=O)OC(C)(C)C)C[C@@H](O)[C@H](Cc1ccccc1)NC(=O)OC(C)(C)C,5.0
CC(C)(C)NC(=O)[C@@H]1C[C@@H]2SCC[C@@H]2CN1C[C@@H](O)[C@H](Cc1ccccc1)NC(=O)[C@@H](CS(=O)(=O)c1ccc2ccccc2c1)NC(=O)C(F)(F)F,9.698970004336019
CC(C)(C)NC(=O)[C@@H]1C[C@@H]2CCCC[C@@H]2CN1C[C@@H](O)[C@H](Cc1ccccc1)NC(=O)[C@@H](CSc1ccc(F)cc1)NS(C)(=O)=O,7.619788758288394
CC(C)CN(C[C@@H](O)[C@H](Cc1ccccc1)NC(=O)[C@@H](CSc1ccc2ccccc2c1)NS(C)(=O)=O)C(=O)NC(C)(C)C,7.301029995663981
CC(C)(C)OC(=O)N[C@@H](Cc1ccccc1)[C@H](O)CNC[C@@H](O)[C@H](Cc1ccccc1)NC(=O)SC(C)(C)C,6.154901959985743
CCC(C)c1ccccc1SC1=C(O)OC(c2ccccc2)(c2ccccc2)CC1=O,7.769551078621726
Cc1ccc(C(C)C)c(SC2=C(O)OC(CCc3ccccc3)(c3ccccc3)CC2=O)c1,8.154901959985743
Cc1ccc(C(C)C)c(SC2=C(O)OC(CCc3ccccc3)(c3ccccc3)CC2=O)c1,7.102372908709558
CC(C)(C)NC(=O)[C@@H]1C[C@@H]2CCCC[C@@H]2CN1C[C@@H](O)[C@H](Cc1ccccc1)NC(=O)[C@@H](CS(=O)(=O)c1ccc2ccccc2c1)NS(C)(=O)=O,9.301029995663981
O=C1CC(CC2CCCC2)(c2ccccc2)OC(O)=C1SCCc1ccccc1,6.292429823902063
CC(C)(C)c1ccccc1SC1=C(O)OC(CCc2ccccc2)(c2ccccc2)CC1=O,8.522878745280337
CC(C)(C)c1ccccc1SC1=C(O)OC(CCc2ccccc2)(c2ccccc2)CC1=O,6.982966660701219
CC(C)(C)OC(=O)NC(CC1CCCCC1)[C@H](O)CNC[C@@H](O)C(CC1CCCCC1)NC(=O)OC(C)(C)C,6.096910013008056
CCCC1(c2ccccc2)CC(=O)C(SCc2ccccc2)=C(O)O1,6.5376020021010435
CC(=O)N[C@H](CS(=O)(=O)c1cccc2cccnc12)C(=O)N[C@@H](Cc1ccccc1)[C@H](O)CN1C[C@H]2CCS[C@H]2C[C@H]1C(=O)NC(C)(C)C,9.3767507096021
CC(C)[C@H](NC(=O)OCc1ccccc1)C(=O)NC(Cc1ccccc1)C(=O)C(F)(F)C(=O)N1CCc2ccccc2C1,7.301029995663981
O=C1CC(CCc2ccccc2)(c2ccccc2)OC(O)=C1SCc1ccccc1,7.221848749616356
O=C1CC(COc2ccccc2)(c2ccccc2)OC(O)=C1SCc1ccccc1,6.764471553092451
Cc1ccc(C(C)C)c(Sc2c(O)cc(-c3ccccc3)oc2=O)c1,7.769551078621726
O=C1CC(CCc2ccccc2)(c2ccccc2)OC(O)=C1Sc1ccccc1,6.886056647693163
O=C1CC(CCc2ccccc2)(c2ccccc2)OC(O)=C1SCCc1ccccc1,7.292429823902063
O=C1CC(CCc2ccccc2)(c2ccccc2)OC(O)=C1Sc1ccccc1C1CCCCC1,7.494850021680094
CC(C)CN(C[C@@H](O)[C@H](Cc1ccccc1)NC(=O)[C@@H](CS(=O)(=O)c1ccc(F)cc1)NS(C)(=O)=O)C(=O)NC(C)(C)C,8.0
CC(C)[C@H](NS(=O)(=O)Cc1ccccc1)C(=O)NC(Cc1ccc(OCc2ccccc2)cc1)C(=O)C(F)(F)C(=O)NCc1ccccc1,4.318758762624412
CC(C)(C)OC(=O)N[C@@H](Cc1ccccc1)[C@H](O)CNC[C@@H](O)[C@@H](Cc1ccccc1)NC(=O)OC(C)(C)C,5.0
CCCCCC1(c2ccccc2)CC(=O)C(SCCc2ccccc2)=C(O)O1,7.075720713938118
O=C1CC(CC2CCCC2)(c2ccccc2)OC(O)=C1SCc1ccccc1,7.055517327849832
CC(C)(C)NC(=O)[C@@H]1C[C@@H]2SCC[C@@H]2CN1C[C@@H](O)[C@H](Cc1ccccc1)NC(=O)[C@@H](CS(=O)(=O)c1cccc2cccnc12)NS(C)(=O)=O,9.148741651280925
CCCCC1(c2ccccc2)CC(=O)C(SCc2ccccc2)=C(O)O1,6.568636235841013
CCCCCC1(c2ccccc2)CC(=O)C(SCc2ccccc2)=C(O)O1,6.906578314837765
CC(C)CCCC1(c2ccccc2)CC(=O)C(SCc2ccccc2)=C(O)O1,6.73754891026957
NC(=O)CCCCC1(c2ccccc2)CC(=O)C(SCCc2ccccc2)=C(O)O1,6.471083299722345
CC(C)(C)NC(=O)N[C@@H](Cc1ccccc1)[C@H](O)CNC[C@@H](O)[C@H](Cc1ccccc1)NC(=O)OC(C)(C)C,6.3979400086720375
CC[C@@H](C)C(NC(=O)OC(C)(C)C)[C@H](O)CNC[C@@H](O)C(NC(=O)OC(C)(C)C)[C@@H](C)CC,5.346787486224656
O=c1cc(-c2ccccc2)oc(O)c1SCc1ccccc1,5.769551078621726
CC(C)CCC1(c2ccccc2)CC(=O)C(SCCc2ccccc2)=C(O)O1,7.017728766960431
O=C1CC(CCCCO)(c2ccccc2)OC(O)=C1SCc1ccccc1,5.8996294548824375
Cc1ccc(C(C)C)c(SC2=C(O)OC(c3ccccc3)(c3ccccc3)CC2=O)c1,7.42021640338319
CC(C)(C)NC(=O)[C@@H]1C[C@@H]2SCC[C@@H]2CN1C[C@@H](O)[C@H](Cc1ccccc1)NC(=O)[C@@H](CS(=O)(=O)c1cccc2cccnc12)NC(=O)C(F)(F)F,9.67778070526608
O=C(NC(C(=O)NC(Cc1ccc(OCc2ccccc2)cc1)C(=O)C(F)(F)C(=O)NCc1ccccc1)C1CCCC1)OCc1ccccc1,8.221848749616356
CC(C)(C)OC(=O)N[C@@H](Cc1ccccc1)[C@H](O)CNC[C@H](O)[C@H](Cc1ccccc1)NC(=O)OC(C)(C)C,5.346787486224656
Cc1ccccc1SC1=C(O)OC(CCc2ccccc2)(c2ccccc2)CC1=O,7.136677139879544
CC(C)(C)NC(=O)[C@@H]1C[C@@H]2SCC[C@@H]2CN1C[C@@H](O)[C@H](Cc1ccccc1)NC(=O)[C@@H](CS(=O)(=O)c1ccc(F)cc1)NC(=O)C(F)(F)F,9.698970004336019
O=C1CC(c2ccccc2)(c2ccccc2)OC(O)=C1Sc1ccccc1C1CCCCC1,6.896196279044043
CC(C)[C@H](NC(=O)OC(C)(C)C)C(=O)NC(Cc1ccc(OCc2ccccc2)cc1)C(=O)C(F)(F)C(=O)NCc1ccccc1,6.0
CC(C)(C)OC(=O)NC(Cc1ccc(O)cc1)[C@H](O)CNC[C@@H](O)[C@H](Cc1ccccc1)NC(=O)OC(C)(C)C,7.0
CC(C)(C)OC(=O)N[C@@H](Cc1ccccc1)[C@H](O)CNC[C@H](O)[C@@H](Cc1ccccc1)NC(=O)OC(C)(C)C,5.0
CC(C)(C)OC(=O)N[C@@H](Cc1ccccc1)[C@H](O)COC[C@@H](O)[C@H](Cc1ccccc1)NC(=O)OC(C)(C)C,5.0
CO[C@H](CNC[C@@H](O)[C@H](Cc1ccccc1)NC(=O)OC(C)(C)C)[C@H](Cc1ccccc1)NC(=O)OC(C)(C)C,5.0
O=c1cc(-c2ccccc2)oc(O)c1Sc1ccccc1,5.508638306165727
O=C1CC(c2ccccc2)OC(O)=C1SCc1ccccc1,5.050609993355087
O=C1CC(CC2CCCCC2)(c2ccccc2)OC(O)=C1SCc1ccccc1,6.863279432843593
Cc1ccc(C(C)(C)C)c(SC2=C(O)OC(c3ccccc3)(c3ccccc3)CC2=O)c1,7.920818753952375
O=C(O)CCC1(c2ccccc2)CC(=O)C(SCCc2ccccc2)=C(O)O1,5.920818753952375
CC(C)c1ccccc1SC1=C(O)OC(CCc2ccccc2)(c2ccccc2)CC1=O,7.853871964321762
CC(C)c1ccccc1SC1=C(O)OC(CCc2ccccc2)(c2ccccc2)CC1=O,7.013228265733755
CC(C)(C)NC(=O)[C@@H]1C[C@@H]2CCCC[C@@H]2CN1C[C@@H](O)[C@H](Cc1ccccc1)NC(=O)[C@@H](CSc1ccc2ccccc2c1)NS(C)(=O)=O,8.292429823902063
CC(C)(C)OC(=O)N[C@H](CCNC[C@@H](O)[C@H](Cc1ccccc1)NC(=O)OC(C)(C)C)Cc1ccccc1.O,5.5376020021010435
O=C(O)CCCC1(c2ccccc2)CC(=O)C(SCCc2ccccc2)=C(O)O1,6.568636235841013
CCN(Cc1ccccc1)C(=O)C(F)(F)C(=O)C(Cc1ccc(OCc2ccccc2)cc1)NC(=O)[C@@H](NC(=O)OCc1ccccc1)C(C)C,7.823908740944319
CCCC1(c2ccccc2)CC(=O)C(SCCc2ccccc2)=C(O)O1,5.292429823902063
CC(C)CC1(c2ccccc2)CC(=O)C(SCc2ccccc2)=C(O)O1,6.356547323513812
CC(C)c1ccc(C(C)C)c(SC2=C(O)OC(CCc3ccccc3)(c3ccccc3)CC2=O)c1,7.853871964321762
CC(=O)N[C@H](CS(=O)(=O)c1ccc2ccccc2c1)C(=O)N[C@@H](Cc1ccccc1)[C@H](O)CN1C[C@H]2CCS[C@H]2C[C@H]1C(=O)NC(C)(C)C,9.301029995663981
O=C(NC(C(=O)NC(Cc1ccc(OCc2ccccc2)cc1)C(=O)C(F)(F)C(=O)NCc1ccccc1)C1CCCCC1)OCc1ccccc1,7.154901959985743
O=C1CC(c2ccccc2)(c2ccccc2)OC(O)=C1Sc1ccccc1C1CCCC1,7.853871964321762
Cc1ccc(C(C)C)c(SC2=C(O)O[C@@](CCc3ccccc3)(c3ccccc3)CC2=O)c1,6.886056647693163
CC(C)[C@H](NC(=O)CCc1cccnc1)C(=O)NC(Cc1ccc(OCc2ccccc2)cc1)C(=O)C(F)(F)C(=O)NCc1ccccc1,8.096910013008056
CCCCCCC1(c2ccccc2)CC(=O)C(SCCc2ccccc2)=C(O)O1,6.950781977329818
Cc1ccccc1SC1=C(O)OC(c2ccccc2)(c2ccccc2)CC1=O,6.411168274405792
CCC(C)c1ccccc1SC1=C(O)OC(CCc2ccccc2)(c2ccccc2)CC1=O,8.0
CC(C)c1ccc(C(C)C)c(SC2=C(O)OC(c3ccccc3)(c3ccccc3)CC2=O)c1,6.924453038607469
CC(C)(C)NC(=O)[C@@H]1C[C@@H]2CCCC[C@@H]2CN1C[C@@H](O)[C@H](Cc1ccccc1)NC(=O)[C@@H](CS(=O)(=O)c1ccc(F)cc1)NS(C)(=O)=O,8.698970004336019
CC(=O)N[C@H](CS(=O)(=O)c1ccc2ccccc2c1)C(=O)N[C@@H](Cc1ccccc1)[C@H](O)CN1C[C@H]2CCCC[C@H]2C[C@H]1C(=O)NC(C)(C)C,8.795880017344075
CC(C)[C@H](NC(=O)OCc1ccccc1)C(=O)NC(Cc1ccc(OCc2ccccc2)cc1)C(=O)C(F)(F)C(=O)N1CCc2ccccc2C1,8.698970004336019
CC(C)CCC1(c2ccccc2)CC(=O)C(Sc2ccccc2)=C(O)O1,5.853871964321762
CC(C)c1ccccc1SC1=C(O)OC(c2ccccc2)(c2ccccc2)CC1=O,7.638272163982407
CC(=O)N[C@H](CS(=O)(=O)c1ccc(F)cc1)C(=O)N[C@@H](CSc1ccccc1)[C@H](O)CN1C[C@H]2CCS[C@H]2C[C@H]1C(=O)NC(C)(C)C,8.744727494896694
O=C(N[C@@H](Cc1ccccc1)[C@H](O)CNC[C@@H](O)[C@H](Cc1ccccc1)NC(=O)OCc1ccccc1)OCc1ccccc1,5.468521082957745
CN(C(=O)OC(C)(C)C)[C@@H](Cc1ccccc1)[C@H](O)CNC[C@@H](O)[C@H](Cc1ccccc1)NC(=O)OC(C)(C)C,5.070581074285707
CC(C)(C)OC(=O)NC(CCc1ccccc1)[C@H](O)CNC[C@@H](O)[C@H](Cc1ccccc1)NC(=O)OC(C)(C)C,6.301029995663981
O=C1CC(c2ccccc2)(c2ccccc2)OC(O)=C1Sc1ccccc1,6.958607314841775
CC(C)(C)NC(=O)[C@@H]1C[C@@H]2SCC[C@@H]2CN1C[C@@H](O)[C@H](CSc1ccccc1)NC(=O)[C@@H](CS(=O)(=O)c1ccc(F)cc1)NC(=O)C(F)(F)F,8.0
Cc1ccc(C(C)(C)C)c(SC2=C(O)OC(CCc3ccccc3)(c3ccccc3)CC2=O)c1,8.0
Cc1ccc(C(C)(C)C)c(SC2=C(O)OC(CCc3ccccc3)(c3ccccc3)CC2=O)c1,7.455931955649724
CC(C)(C)c1ccccc1Sc1c(O)cc(-c2ccccc2)oc1=O,7.769551078621726
O=C1CC(c2ccccc2)(c2ccccc2)OC(O)=C1SCCc1ccccc1,6.818156412055227
CC(C)(C)OC(=O)N[C@@H](Cc1ccccc1)[C@@H](O)CNC[C@H](O)[C@H](Cc1ccccc1)NC(=O)OC(C)(C)C,5.0
CCCCC1(c2ccccc2)CC(=O)C(SCCc2ccccc2)=C(O)O1,6.3979400086720375
O=C1CC2(CCCc3ccccc32)OC(O)=C1SCCc1ccccc1,5.886056647693163
CC(C)(C)c1ccccc1SC1=C(O)OC(c2ccccc2)(c2ccccc2)CC1=O,7.309803919971486
CC(C)c1ccc(C(C)(C)C)c(SC2=C(O)OC(CCc3ccccc3)(c3ccccc3)CC2=O)c1,7.327902142064283
Cc1ccc(C(C)C)c(SC2=C(O)O[C@](CCc3ccccc3)(c3ccccc3)CC2=O)c1,8.221848749616356
Cc1ccc(C(C)(C)C)c(Sc2c(O)cc(-c3ccccc3)oc2=O)c1,7.552841968657781
Cc1ccc(C(C)(C)C)c(Sc2c(O)cc(-c3ccccc3)oc2=O)c1,6.549750891680639
CC(C)(C)COC(=O)N[C@@H](Cc1ccccc1)[C@H](O)CNC[C@@H](O)[C@H](Cc1ccccc1)NC(=O)OCC(C)(C)C,5.221848749616356
CCCCCCC1(c2ccccc2)CC(=O)C(SCc2ccccc2)=C(O)O1,6.7447274948966935
O=C1CC2(CCc3ccccc32)OC(O)=C1SCc1ccccc1,4.928117992693875
CCCCCC1(c2ccccc2)CC(=O)C(SCc2ccccc2)=C(O)O1,6.485452247339714
O=C(O)CCCCC1(c2ccccc2)CC(=O)C(SCCc2ccccc2)=C(O)O1,8.301029995663981
CN(CC1(c2ccccc2)CC(=O)C(SCCc2ccccc2)=C(O)O1)c1ccccc1,5.642065152999546
CC(C)(C)NC(=O)[C@@H]1C[C@@H]2CCCC[C@@H]2CN1C[C@@H](O)[C@H](Cc1ccccc1)NC(=O)[C@@H](C[S+]([O-])c1ccc(F)cc1)NS(C)(=O)=O,9.221848749616356
CC(C)(C)NC(=O)[C@@H]1C[C@@H]2CCCC[C@@H]2CN1C[C@@H](O)[C@H](Cc1ccccc1)NC(=O)[C@@H](C[S+]([O-])c1ccc2ccccc2c1)NS(C)(=O)=O,9.397940008672037
CC(C)CN(C[C@@H](O)[C@H](Cc1ccccc1)NC(=O)[C@@H](CSc1ccc(F)cc1)NS(C)(=O)=O)C(=O)NC(C)(C)C,7.070581074285707
CC(C)(C)OC(=O)N[C@@H](Cc1ccccc1)[C@H](O)CNC[C@@H](O)[C@H](Cc1ccccc1)NC(=O)OC(C)(C)C,6.903089986991944
CC(C)CCCC1(c2ccccc2)CC(=O)C(SCCc2ccccc2)=C(O)O1,6.809668301829708
CC(C)(C)NC(=O)[C@@H]1C[C@@H]2SCC[C@@H]2CN1C[C@@H](O)[C@H](Cc1ccccc1)NC(=O)[C@@H](CS(=O)(=O)c1ccc2ccccc2c1)NS(C)(=O)=O,9.698970004336019
CC(C)CN(C[C@@H](O)[C@H](Cc1ccccc1)NC(=O)[C@@H](C[S+]([O-])c1ccc2ccccc2c1)NS(C)(=O)=O)C(=O)NC(C)(C)C,8.67778070526608
O=C1CC(c2ccccc2)(c2ccncc2)OC(O)=C1SCCc1ccccc1,6.102372908709558
CC(C)(C)NC(=O)[C@@H]1C[C@@H]2SCC[C@@H]2CN1C[C@@H](O)[C@H](Cc1ccccc1)NC(=O)[C@@H](CS(=O)(=O)c1ccc(F)cc1)NS(C)(=O)=O,9.657577319177793
CC(C)(C)NC(=O)[C@@H]1C[C@@H]2SCC[C@@H]2CN1C[C@@H](O)[C@H](CSc1ccccc1)NC(=O)[C@@H](CS(=O)(=O)c1ccc2ccccc2c1)NC(=O)C(F)(F)F,8.744727494896694
CC(C)(C)CC(=O)N[C@@H](Cc1ccccc1)[C@H](O)CNC[C@@H](O)[C@H](Cc1ccccc1)NC(=O)OC(C)(C)C,5.3979400086720375
CC(C)CCC1(c2ccccc2)CC(=O)C(SCc2ccccc2)=C(O)O1,7.008773924307505
NC(=O)CCCC1(c2ccccc2)CC(=O)C(SCCc2ccccc2)=C(O)O1,5.886056647693163
CC(C)(C)OC(=O)N[C@@H](Cc1ccccc1)[C@H](O)CNC[C@@H](O)[C@@H](N)Cc1ccccc1,5.0
COc1ccc(C[C@H](NC(=O)OC(C)(C)C)C(=O)N2CCC(=O)[C@@H]2Sc2ccccc2)cc1,5.0
CC(C)(C)OC(=O)N[C@@H](Cc1ccccc1)[C@H](O)CNC[C@@H](O)[C@H](Cc1ccccc1)NC(=O)OC(C)(C)CCO,6.698970004336019
CC(C)(C)OC(=O)N[C@@H](Cc1ccc(O)cc1)C(=O)N1CCC(=O)[C@@H]1Sc1ccccc1,7.6020599913279625
O=C(N[C@@H](Cc1ccccc1)C(=O)N1CCC(=O)C1Sc1ccccc1)c1cccnc1,7.0
CC(C)(C)OC(=O)N[C@@H](Cc1ccccc1)[C@H](O)CNC[C@@H](O)[C@H](Cc1ccccc1)NC(=O)OC(C)(C)C,6.903089986991944
CC(C)(C)OC(=O)N[C@@H](Cc1ccccc1)[C@H](O)CNC[C@@H](O)[C@H](Cc1ccccc1)NC(=O)OC(C)(C)CO,7.455931955649724
CC(C)(C)OC(=O)N[C@@H](Cc1ccccc1)[C@H](O)CNC[C@@H](O)[C@H](Cc1ccccc1)NC(=O)OC(C)(CO)CO,6.698970004336019
CC(C)(C)OC(=O)N[C@@H](Cc1ccc(O)cc1)C(=O)N1CCC(=O)[C@H]1Sc1ccccc1,7.585026652029182
CC(C)(C)OC(=O)N[C@@H](Cc1ccccc1)[C@H](O)CNC[C@@H](O)[C@H](Cc1ccccc1)NC(=O)OC1(CO)CCC1,7.0
COc1ccc(C[C@H](NC(=O)OC(C)(C)C)C(=O)N2CCC(=O)[C@H]2Sc2ccccc2)cc1,5.0
CC(C)(C)OC(=O)N[C@@H](Cc1ccccc1)[C@H](O)CNC[C@@H](O)[C@H](Cc1ccccc1)NC(=O)OC(C)(C)CN,5.0
CC(C)(C)OC(=O)N[C@@H](Cc1ccccc1)C(=O)N1CCC(=O)[C@@H]1Sc1ccccc1,6.0
CC(C)(C)OC(=O)N[C@@H](Cc1ccccc1)[C@H](O)CNC[C@@H](O)[C@H](Cc1ccccc1)NC(=O)OC(C)(C)CCCO,5.958607314841775
CC(C)(C)OC(=O)N[C@@H](Cc1ccc(OCc2ccccc2)cc1)C(=O)N1CCC(=O)[C@H]1Sc1ccccc1,7.698970004336019
CC(C)(C)OC(=O)N[C@@H](Cc1ccc(OCc2ccccc2)cc1)C(=O)N1CCC(=O)[C@@H]1Sc1ccccc1,7.698970004336019
CC(C)(C)OC(=O)N[C@@H](Cc1ccccc1)[C@H](O)CNC[C@@H](O)[C@H](Cc1ccccc1)NC(=O)OC(C)(C)CNC=O,5.823908740944319
COCC(C)(C)OC(=O)N[C@@H](Cc1ccccc1)[C@H](O)CNC[C@@H](O)[C@H](Cc1ccccc1)NC(=O)OC(C)(C)C,6.376750709602099
CC(C)(C)OC(=O)N[C@@H](Cc1ccccc1)C(=O)N1CCC(=O)[C@H]1Sc1ccccc1,8.096910013008056
CC(C)(C)OC(=O)N[C@@H](Cc1ccccc1)[C@H](O)CNC[C@@H](O)[C@H](Cc1ccccc1)NC(=O)OCCO,6.638272163982407
C[C@@H](O)C(C)(C)OC(=O)N[C@@H](Cc1ccccc1)[C@H](O)CNC[C@@H](O)[C@H](Cc1ccccc1)NC(=O)OC(C)(C)C,6.795880017344075
CC(C)(CO)OC(=O)N[C@@H](Cc1ccccc1)[C@H](O)CNC[C@@H](O)[C@H](Cc1ccccc1)NC(=O)OC(C)(C)CO,7.795880017344075
C[C@H](O)C(C)(C)OC(=O)N[C@@H](Cc1ccccc1)[C@H](O)CNC[C@@H](O)[C@H](Cc1ccccc1)NC(=O)OC(C)(C)C,6.978810700930062
O=C(N[C@@H](Cc1ccccc1)C(=O)N1CCC(=O)C1Sc1ccccc1)c1ccc2ccccc2n1,5.301029995663981
CC(C)(C)NC(=O)[C@@H]1C[C@@H]2CCCC[C@@H]2CN1C[C@@H](O)[C@H](Cc1ccccc1)NC(=O)[C@@H]1CCCSC1,7.105683937315561
CC(C)(C)NC(=O)[C@@H]1C[C@@H]2CCCC[C@@H]2CN1C[C@@H](O)[C@H](Cc1ccccc1)NC(=O)[C@@H]1CCSC1,6.465973893943865
CC(C)(C)NC(=O)[C@@H]1C[C@@H]2CCCC[C@@H]2CN1C[C@@H](O)[C@H](Cc1ccccc1)NC(=O)[C@H]1CCS(=O)(=O)C1,6.714442690992226
CC1(C)S[C@H]([C@H](NC(=O)Cc2ccccc2)C(=O)NCc2ccccc2)N[C@H]1C(=O)N[C@H](Cc1ccccc1)[C@@H](O)CC(N)=O,5.721246399047171
CC1(C)S[C@H]([C@H](NC(=O)Cc2ccccc2)C(=O)NCc2ccccc2)N[C@H]1C(=O)N[C@H](Cc1ccccc1)[C@H](O)CC(=O)NCc1ccccc1,8.337242168318426
CC1(C)S[C@H]([C@H](NC(=O)Cc2ccccc2)C(=O)NCc2ccccc2)N[C@H]1C(=O)N[C@H](Cc1ccccc1)[C@H](O)CC(=O)N[C@H](CO)c1ccccc1,6.769551078621726
CC(C)(C)NC(=O)[C@@H]1C[C@@H]2CCCC[C@@H]2CN1C[C@@H](O)[C@H](Cc1ccccc1)NC(=O)[C@@H]1CCCS(=O)(=O)C1,8.036212172654444
CC(C)(C)NC(=O)[C@@H]1C[C@@H]2CCCC[C@@H]2CN1C[C@@H](O)[C@H](Cc1ccccc1)NC(=O)O[C@H]1CCCS(=O)(=O)C1,5.758204568704802
CC(C)(C)NC(=O)[C@@H]1C[C@@H]2CCCC[C@@H]2CN1C[C@@H](O)[C@H](Cc1ccccc1)NC(=O)[C@@H]1CCS(=O)(=O)C1,6.698970004336019
CC1(C)S[C@H]([C@H](NC(=O)Cc2ccccc2)C(=O)NCc2ccccc2)N[C@H]1C(=O)N[C@@H](CO)Cc1ccccc1,6.823908740944319
CCCCC(CO)NC(=O)[C@@H]1N[C@@H]([C@H](NC(=O)Cc2ccccc2)C(=O)NCc2ccccc2)SC1(C)C.O,5.337242168318426
CC1(C)S[C@H]([C@H](NC(=O)Cc2ccccc2)C(=O)NCc2ccccc2)N[C@H]1C(=O)N[C@H](Cc1ccccc1)C(O)CNC(=O)Cc1ccccc1,7.275724130399211
CC(C)(C)OC(=O)N[C@@H](Cc1ccccc1)[C@H](O)CNC[C@@H](O)[C@H](Cc1ccc(OCCc2ccccn2)cc1)NC(=O)OC(C)(C)C,7.301029995663981
COCCOc1ccc(C[C@H](NC(=O)OC(C)(C)C)[C@H](O)CNC[C@@H](O)[C@H](Cc2ccccc2)NC(=O)OC(C)(C)C)cc1,7.142667503568732
C[C@@H](Cc1ccccc1)NC(=O)[C@@H]1N[C@@H]([C@H](NC(=O)Cc2ccccc2)C(=O)NCc2ccccc2)SC1(C)C,3.744727494896694
CC1(C)S[C@H]([C@H](NC(=O)Cc2ccccc2)C(=O)NCc2ccccc2)N[C@H]1C(=O)NCCCNC(=O)[C@@H]1N[C@@H]([C@H](NC(=O)Cc2ccccc2)C(=O)NCc2ccccc2)SC1(C)C,6.267606240177032
CC(C)CNC(=O)C[C@@H](O)[C@@H](Cc1ccccc1)NC(=O)[C@@H]1N[C@@H]([C@H](NC(=O)Cc2ccccc2)C(=O)NCc2ccccc2)SC1(C)C,7.161150909262744
CC(C)(C)OC(=O)N[C@@H](Cc1ccccc1)[C@H](O)CNC[C@@H](O)[C@H](Cc1ccc(OCCCN2CCOCC2=O)cc1)NC(=O)OC(C)(C)C,7.096910013008056
CC(C)(C)OC(=O)N[C@@H](Cc1ccccc1)[C@H](O)CNC[C@@H](O)[C@H](Cc1ccc(OCC(=O)N2CCCCC2)cc1)NC(=O)OC(C)(C)C,7.045757490560675
CC(C)(C)NC(=O)[C@@H]1C[C@@H]2CCCC[C@@H]2CN1C[C@@H](O)[C@H](Cc1ccccc1)NC(=O)C1=CCCS(=O)(=O)C1,7.262012673666569
CC(O)COc1ccc(C[C@H](NC(=O)OC(C)(C)C)[C@H](O)CNC[C@@H](O)[C@H](Cc2ccccc2)NC(=O)OC(C)(C)C)cc1,7.309803919971486
CC(C)(C)OC(=O)N[C@@H](Cc1ccccc1)[C@H](O)CNC[C@@H](O)[C@H](Cc1ccc(CCC(=O)N2CCOCC2)cc1)NC(=O)OC(C)(C)C,7.070581074285707
CC(C)(C)OC(=O)N[C@@H](Cc1ccccc1)[C@H](O)CNC[C@@H](O)[C@H](Cc1ccc(OCc2nc3ccccc3o2)cc1)NC(=O)OC(C)(C)C,6.494850021680094
CC1(C)S[C@H]([C@H](NC(=O)Cc2ccccc2)C(=O)NCc2ccccc2)N[C@H]1C(=O)NCCNC(=O)[C@@H]1N[C@@H]([C@H](NC(=O)Cc2ccccc2)C(=O)NCc2ccccc2)SC1(C)C,9.045757490560675
CC(C)(C)OC(=O)N[C@@H](Cc1ccccc1)[C@H](O)CNC[C@@H](O)[C@H](Cc1ccc(OCCn2ccnc2)cc1)NC(=O)OC(C)(C)C,7.045757490560675
CC(C)(C)OC(=O)N[C@@H](Cc1ccccc1)[C@H](O)CNC[C@@H](O)[C@H](Cc1ccc(OCCN2CCOCC2)cc1)NC(=O)OC(C)(C)C,7.0
CC(C)(C)OC(=O)N[C@@H](Cc1ccccc1)[C@H](O)CNC[C@@H](O)[C@H](Cc1ccc(OCCCN2CCOCC2)cc1)NC(=O)OC(C)(C)C,7.0655015487564325
CC(C)C[C@H](CO)NC(=O)[C@@H]1N[C@@H]([C@H](NC(=O)Cc2ccccc2)C(=O)NCc2ccccc2)SC1(C)C,5.337242168318426
CC1(C)S[C@H]([C@H](NC(=O)Cc2ccccc2)C(=O)NCc2ccccc2)N[C@H]1C(=O)N[C@H](Cc1ccccc1)[C@H](O)CC(=O)Nc1nc2ccccc2[nH]1,8.42021640338319
CC1(C)S[C@H]([C@H](NC(=O)Cc2ccccc2)C(=O)NCc2ccccc2)N[C@H]1C(=O)N[C@H](Cc1ccccc1)[C@H](O)CC(=O)N[C@@H](CO)c1ccccc1,6.721246399047171
CC1(C)S[C@H]([C@H](NC(=O)Cc2ccccc2)C(=O)NCc2ccccc2)N[C@H]1C(=O)N[C@H](Cc1ccccc1)[C@H](O)CC(=O)N[C@H](CO)Cc1ccccc1,6.657577319177793
CC(C)(C)OC(=O)N[C@@H](Cc1ccccc1)[C@H](O)CNC[C@@H](O)[C@H](Cc1ccncc1)NC(=O)OC(C)(C)C,6.3979400086720375
CC1(C)S[C@H]([C@H](NC(=O)Cc2ccccc2)C(=O)NCc2ccccc2)N[C@H]1C(=O)N[C@H](CO)CCc1ccccc1,4.585026652029182
CC1(C)S[C@H]([C@H](NC(=O)Cc2ccccc2)C(=O)NCc2ccccc2)N[C@H]1C(=O)N[C@H](Cc1ccccc1)[C@H](O)CC(=O)NCCO,5.958607314841775
CN1CCN(CCOc2ccc(C[C@H](NC(=O)OC(C)(C)C)[C@H](O)CNC[C@@H](O)[C@H](Cc3ccccc3)NC(=O)OC(C)(C)C)cc2)C1=O,7.221848749616356
CC(C)(C)NC(=O)[C@@H]1C[C@@H]2CCCC[C@@H]2CN1C[C@@H](O)[C@H](Cc1ccccc1)NC(=O)O[C@@H]1CCS(=O)(=O)C1,6.853871964321762
CCC(C)C(CO)NC(=O)[C@@H]1N[C@@H]([C@H](NC(=O)Cc2ccccc2)C(=O)NCc2ccccc2)SC1(C)C.O,6.267606240177032
CC1(C)S[C@H]([C@H](NC(=O)Cc2ccccc2)C(=O)NCc2ccccc2)N[C@H]1C(=O)NCCO,3.744727494896694
CC1(C)S[C@H]([C@H](NC(=O)Cc2ccccc2)C(=O)NCc2ccccc2)N[C@H]1C(=O)N[C@H](Cc1ccccc1)[C@@H](O)CC(=O)NCc1ccccc1,5.5376020021010435
CC(C)(O)COc1ccc(C[C@H](NC(=O)OC(C)(C)C)[C@H](O)CNC[C@@H](O)[C@H](Cc2ccccc2)NC(=O)OC(C)(C)C)cc1,6.920818753952375
CC1(C)S[C@H]([C@H](NC(=O)Cc2ccccc2)C(=O)NCc2ccccc2)N[C@H]1C(=O)N[C@@H](CO)CCc1ccccc1,4.6020599913279625
CCCCC(CO)NC(=O)[C@@H]1N[C@@H]([C@H](NC(=O)Cc2ccccc2)C(=O)NCc2ccccc2)SC1(C)C,6.6020599913279625
CC(C)(C)NC(=O)[C@@H]1C[C@@H]2CCCC[C@@H]2CN1C[C@@H](O)[C@H](Cc1ccccc1)NC(=O)[C@H]1CCCS(=O)(=O)C1,7.628932137728263
CC(C)(C)NC(=O)[C@@H]1C[C@@H]2CCCC[C@@H]2CN1C[C@@H](O)[C@H](Cc1ccccc1)NC(=O)O[C@@H]1CCCS(=O)(=O)C1,5.684449465578095
CC(C)(C)OC(=O)N[C@@H](Cc1ccccc1)[C@H](O)CNC[C@@H](O)[C@H](Cc1ccc(O)cc1)NC(=O)OC(C)(C)C,7.0
C[C@H](Cc1ccccc1)NC(=O)[C@@H]1N[C@@H]([C@H](NC(=O)Cc2ccccc2)C(=O)NCc2ccccc2)SC1(C)C,3.744727494896694
CCC(C)C(CO)NC(=O)[C@@H]1N[C@@H]([C@H](NC(=O)Cc2ccccc2)C(=O)NCc2ccccc2)SC1(C)C.CO,6.267606240177032
CC(C)(C)OC(=O)N[C@@H](Cc1ccccc1)[C@H](O)CNC[C@@H](O)[C@H](Cc1ccc(OCCCc2nc3ccccc3o2)cc1)NC(=O)OC(C)(C)C,6.552841968657781
CC1(C)S[C@H]([C@H](NC(=O)Cc2ccccc2)C(=O)NCc2ccccc2)N[C@H]1C(=O)NCC(O)CNC(=O)[C@@H]1N[C@@H]([C@H](NC(=O)Cc2ccccc2)C(=O)NCc2ccccc2)SC1(C)C,8.301029995663981
CC1(C)S[C@H]([C@H](NC(=O)Cc2ccccc2)C(=O)NCc2ccccc2)N[C@H]1C(=O)N[C@H](Cc1ccccc1)[C@@H](O)CC(=O)Nc1nc2ccccc2[nH]1,5.42021640338319
CC1(C)S[C@H]([C@H](NC(=O)Cc2ccccc2)C(=O)NCc2ccccc2)N[C@H]1C(=O)N[C@H](Cc1ccccc1)[C@H](O)CC(=O)NCCc1ncc[nH]1,6.522878745280337
CC(C)(C)OC(=O)N[C@@H](Cc1ccccc1)[C@H](O)CNC[C@@H](O)[C@H](Cc1ccc(OCc2ccccc2)cc1)NC(=O)OC(C)(C)C,6.522878745280337
CCc1cc(CN2CCN(C[C@@H](O)[C@H](Cc3ccccc3)NC(=O)O[C@@H]3CCS(=O)(=O)[C@@H]3C(C)C)[C@H](C(=O)NC(C)(C)C)C2)cc(CC)n1,8.744727494896694
CC(C)(C)OC(=O)N[C@@H](Cc1ccccc1)[C@H](O)CNC[C@@H](O)[C@H](Cc1ccc(OCCO)cc1)NC(=O)OC(C)(C)C,7.1938200260161125
COCCCCOc1ccc(C[C@H](NC(=O)OC(C)(C)C)[C@H](O)CNC[C@@H](O)[C@H](Cc2ccccc2)NC(=O)OC(C)(C)C)cc1,7.301029995663981
CN(C)C(=O)OCCOc1ccc(C[C@H](NC(=O)OC(C)(C)C)[C@H](O)CNC[C@@H](O)[C@H](Cc2ccccc2)NC(=O)OC(C)(C)C)cc1,7.3979400086720375
CC(C)(C)OC(=O)N[C@@H](Cc1ccccc1)[C@H](O)CNC[C@@H](O)[C@H](Cc1ccc(OCC(=O)N2CCOCC2)cc1)NC(=O)OC(C)(C)C,7.0
CCC(C)c1cc(CN2CCN(C[C@@H](O)[C@H](Cc3ccccc3)NC(=O)O[C@@H]3CCS(=O)(=O)[C@@H]3C(C)C)[C@H](C(=O)NC(C)(C)C)C2)ccn1,8.920818753952375
CC(C)c1cc(CN2CCN(C[C@@H](O)[C@H](Cc3ccccc3)NC(=O)O[C@@H]3CCS(=O)(=O)[C@@H]3C(C)C)[C@H](C(=O)NC(C)(C)C)C2)cc(C(C)C)n1,8.638272163982407
CCCCc1cc(CN2CCN(C[C@@H](O)[C@H](Cc3ccccc3)NC(=O)O[C@@H]3CCS(=O)(=O)[C@@H]3C(C)C)[C@H](C(=O)NC(C)(C)C)C2)cc(CCCC)n1,9.022276394711152
CC(C)(C)OC(=O)N[C@@H](Cc1ccccc1)[C@H](O)CNC[C@@H](O)[C@H](Cc1ccc2ncccc2c1)NC(=O)OC(C)(C)C,6.886056647693163
CC(C)(C)OC(=O)N[C@@H](Cc1ccccc1)[C@H](O)CNC[C@@H](O)[C@H](Cc1ccc(COC(=O)N2CCOCC2)cc1)NC(=O)OC(C)(C)C,7.522878745280337
CC(C)(C)NC(=O)[C@@H]1C[C@@H]2CCCC[C@@H]2CN1C[C@@H](O)[C@H](Cc1ccccc1)NC(=O)[C@H]1CCSC1,6.187086643357144
CCc1cc(CN2CCN(C[C@@H](O)[C@H](Cc3ccccc3)NC(=O)O[C@@H]3CCS(=O)(=O)[C@@H]3C(C)C)[C@H](C(=O)NC(C)(C)C)C2)ccn1,8.823908740944319
CC(C)[C@H](CO)NC(=O)[C@@H]1N[C@@H]([C@H](NC(=O)Cc2ccccc2)C(=O)NCc2ccccc2)SC1(C)C,5.327902142064283
CC(C)(C)OC(=O)N[C@@H](Cc1ccccc1)[C@H](O)CNC[C@@H](O)[C@H](Cc1ccccc1)NC(=O)OC(C)(C)C,6.903089986991944
CC(C)(C)OC(=O)N[C@@H](Cc1ccccc1)[C@H](O)CNC[C@@H](O)[C@H](Cc1ccc(OCCOc2cccnc2)cc1)NC(=O)OC(C)(C)C,7.221848749616356
CC(C)(C)OC(=O)N[C@@H](Cc1ccccc1)[C@H](O)CNC[C@@H](O)[C@H](Cc1cccc(OCc2ccccc2)c1)NC(=O)OC(C)(C)C,6.853871964321762
CC(C)[C@@H]1[C@H](OC(=O)N[C@@H](Cc2ccccc2)[C@H](O)CN2CCN(Cc3ccncc3)C[C@H]2C(=O)NC(C)(C)C)CCS1(=O)=O,8.886056647693163
Cc1cc(CN2CCN(C[C@@H](O)[C@H](Cc3ccccc3)NC(=O)O[C@@H]3CCS(=O)(=O)[C@@H]3C(C)C)[C@H](C(=O)NC(C)(C)C)C2)cc(C)n1,8.602059991327963
CC1(C)S[C@H]([C@H](NC(=O)Cc2ccccc2)C(=O)NCc2ccccc2)N[C@H]1C(=O)N[C@H](CO)Cc1ccccc1,3.769551078621726
C[C@H](CO)NC(=O)[C@@H]1N[C@@H]([C@H](NC(=O)Cc2ccccc2)C(=O)NCc2ccccc2)SC1(C)C,4.698970004336019
CC1(C)S[C@H]([C@H](NC(=O)Cc2ccccc2)C(=O)NCc2ccccc2)N[C@H]1C(=O)N[C@H](Cc1ccccc1)[C@H](O)CC(=O)NCC(O)CO,7.022276394711152
CC(C)CNC(=O)C[C@H](O)[C@@H](Cc1ccccc1)NC(=O)[C@@H]1N[C@@H]([C@H](NC(=O)Cc2ccccc2)C(=O)NCc2ccccc2)SC1(C)C,5.552841968657781
CC1(C)S[C@H]([C@H](NC(=O)Cc2ccccc2)C(=O)NCc2ccccc2)N[C@H]1C(=O)N[C@H](Cc1ccccc1)[C@H](O)CC(=O)N[C@@H](CO)Cc1ccccc1,6.769551078621726
CC(C)(C)OC(=O)N[C@@H](Cc1ccccc1)[C@H](O)CNC[C@@H](O)[C@H](Cc1ccc(OCC(=O)O)cc1)NC(=O)OC(C)(C)C,6.823908740944319
CC(C)(C)NC(=O)[C@@H]1C[C@@H]2CCCC[C@@H]2CN1C[C@@H](O)[C@H](Cc1ccccc1)NC(=O)O[C@H]1CCS(=O)(=O)C1,7.119186407719209
CC1(C)S[C@H]([C@H](NC(=O)Cc2ccccc2)C(=O)NCc2ccccc2)N[C@H]1C(=O)N[C@H](Cc1ccccc1)[C@H](O)CC(=O)NCCCO,7.267606240177032
CC(C)(C)OC(=O)N[C@@H](Cc1ccccc1)[C@H](O)CNC[C@@H](O)[C@H](Cc1cccc(O)c1)NC(=O)OC(C)(C)C,6.698970004336019
CC(C)(C)OC(=O)N[C@@H](Cc1ccccc1)[C@H](O)CNC[C@@H](O)[C@H](Cc1ccc(OCCN2CCOC2=O)cc1)NC(=O)OC(C)(C)C,7.3979400086720375
CC(C)(C)NC(=O)[C@@H]1C[C@@H]2CCCC[C@@H]2CN1C[C@@H](O)[C@H](Cc1ccccc1)NC(=O)[C@H]1CCCSC1,7.005243055412372
CC1(C)S[C@H]([C@H](NC(=O)Cc2ccccc2)C(=O)NCc2ccccc2)N[C@H]1C(N)=O,3.638272163982407
CC(C)(C)OC(=O)N[C@@H](Cc1ccccc1)[C@H](O)CNC[C@@H](O)[C@H](Cc1ccccc1O)NC(=O)OC(C)(C)C,6.522878745280337
CCCc1cc(CN2CCN(C[C@@H](O)[C@H](Cc3ccccc3)NC(=O)O[C@@H]3CCS(=O)(=O)[C@@H]3C(C)C)[C@H](C(=O)NC(C)(C)C)C2)ccn1,8.958607314841775
CC(C)(C)OC(=O)N[C@@H](Cc1ccccc1)[C@H](O)CNC[C@@H](O)[C@H](Cc1ccc(OCC(O)c2ccccn2)cc1)NC(=O)OC(C)(C)C,6.958607314841775
CC(C)(C)NC(=O)[C@@H]1C[C@@H]2CCCC[C@@H]2CN1C[C@@H](O)[C@H](Cc1ccccc1)NC(=O)C1=CCCSC1,6.776244546342759
Cc1cc(CN2CCN(C[C@@H](O)[C@H](Cc3ccccc3)NC(=O)O[C@@H]3CCS(=O)(=O)[C@@H]3C(C)C)[C@H](C(=O)NC(C)(C)C)C2)ccn1,8.853871964321762
CC1(C)S[C@H]([C@H](NC(=O)Cc2ccccc2)C(=O)NCc2ccccc2)N[C@H]1C(=O)N[C@H](Cc1ccccc1)[C@H](O)CC(N)=O,7.086186147616283
Cc1cccc(C[C@@H](O)[C@H](Cc2ccccc2)NC(=O)[C@H](CC(N)=O)NC(=O)c2ccc3ccccc3n2)c1C(=O)NC(C)(C)C,7.552841968657781
CC(C)[C@@H]1NC(=O)CCCCCCCOc2ccc(cc2)C[C@@H]([C@H](O)CN2CC3CCCCC3C[C@H]2C(=O)NC(C)(C)C)NC1=O,8.468521082957745
O=C(N[C@H]1c2ccccc2OC[C@H]1O)[C@H](Cc1cccnc1)C[C@H](O)CN1CCN(Cc2ccc(-c3ccccc3)o2)C[C@H]1C(=O)NCC(F)(F)F,10.698970004336019
O=C(N[C@H]1c2ccccc2OC[C@H]1O)[C@H](Cc1cccnc1)C[C@H](O)CN1CCN(Cc2ccc(-c3ccccc3)o2)C[C@H]1C(=O)NCC(F)(F)F,10.221848749616356
O=C(N[C@H]1c2ccccc2OC[C@H]1O)[C@H](Cc1cccnc1)C[C@H](O)CN1CCN(Cc2ccc(-c3ccccc3)o2)C[C@H]1C(=O)NCC(F)(F)F,9.823908740944319
O=C(N[C@H]1c2ccccc2OC[C@H]1O)[C@H](Cc1cccnc1)C[C@H](O)CN1CCN(Cc2ccc(-c3ccccc3)o2)C[C@H]1C(=O)NCC(F)(F)F,10.154901959985743
Cc1cc(SC2=C(O)OC(CCc3cccs3)(C(C)C)CC2=O)c(C(C)(C)C)cc1CO,9.455931955649724
O=c1cc(-c2ccccc2)oc(O)c1Sc1ccccc1,5.522878745280337
CC(C)(C)NC(=O)[C@@H]1CC2CCCCC2CN1C[C@@H](O)[C@@H]1Cc2ccc(cc2)OCCCCOc2cc3ccccc3cc2C(=O)N[C@@H](CC(N)=O)C(=O)N1,7.055517327849832
O=C(N[C@H]1c2ccccc2OC[C@H]1O)[C@H](Cc1ccncc1)C[C@H](O)CN1CCN(Cc2ccc(-c3ccccc3)o2)C[C@H]1C(=O)NCC(F)(F)F,10.397940008672037
O=C(N[C@H]1c2ccccc2OC[C@H]1O)[C@H](Cc1ccncc1)C[C@H](O)CN1CCN(Cc2ccc(-c3ccccc3)o2)C[C@H]1C(=O)NCC(F)(F)F,9.958607314841775
O=C(N[C@H]1c2ccccc2OC[C@H]1O)[C@H](Cc1ccncc1)C[C@H](O)CN1CCN(Cc2ccc(-c3ccccc3)o2)C[C@H]1C(=O)NCC(F)(F)F,9.468521082957745
O=C(N[C@H]1c2ccccc2OC[C@H]1O)[C@H](Cc1ccncc1)C[C@H](O)CN1CCN(Cc2ccc(-c3ccccc3)o2)C[C@H]1C(=O)NCC(F)(F)F,9.698970004336019
CC(C)(C)NC(=O)[C@@H]1C[C@@H]2CCCC[C@@H]2CN1C[C@@H](O)[C@H](Cc1ccccc1)NC(=O)[C@@H](NC(=O)c1cc(=O)c2ccccc2o1)[C@H]1CCOC1,9.958607314841775
CCC(C1=C(O)OC2(CCC(=O)CC2)CC1=O)c1ccccc1,6.0
Cc1cc(SC2=C(O)OC(CCc3ccc(N)cc3)(C(C)C)CC2=O)c(C(C)(C)C)cc1CO,9.366531544420413
CC(=O)Nc1nc(CCC2(C(C)C)CC(=O)C(Sc3cc(C)c(CO)cc3C(C)(C)C)=C(O)O2)cs1,7.7447274948966935
Cc1cc(SC2=C(O)OC(CCc3nc4ccccc4s3)(C(C)C)CC2=O)c(C(C)(C)C)cc1CO,8.853871964321762
CC(C)(C)NC(=O)[C@@H]1CCCC[C@H]1C[C@@H](O)[C@H](Cc1ccccc1)NC(=O)[C@H](CC(N)=O)NC(=O)OCc1ccccc1,8.698970004336019
CC(C)[C@@H]1NC(=O)CCCCCCOc2ccc(cc2)C[C@@H]([C@H](O)CN2CC3CCCCC3C[C@H]2C(=O)NC(C)(C)C)NC1=O,9.0
CC(C)[C@H](NC(=O)c1ccc2ccccc2c1)C(=O)N[C@@H](Cc1ccccc1)[C@H](O)CN1CC2CCCCC2C[C@H]1C(=O)NC(C)(C)C,9.045757490560675
CCC(C1=C(O)OC(Cc2ccccc2)(Cc2ccccc2)CC1=O)c1ccccc1,5.0
Cc1csc(CCC2(C(C)C)CC(=O)C(Sc3cc(C)c(CO)cc3C(C)(C)C)=C(O)O2)n1,9.346787486224656
Cc1ccc(C[C@@H](O)[C@H](Cc2ccccc2)NC(=O)[C@H](CC(N)=O)NC(=O)c2ccc3ccccc3n2)c(C(=O)NC(C)(C)C)c1,8.468521082957745
CC(C)(C)NC(=O)[C@@H]1C[C@@H]2CCCC[C@@H]2CN1C[C@@H](O)[C@H](Cc1ccccc1)NC(=O)[C@H](CC(N)=O)NC(=O)c1ccc2ccccc2n1,9.638272163982407
CC(C)(C)NC(=O)[C@@H]1C[C@@H]2CCCC[C@@H]2CN1C[C@@H](O)[C@H](Cc1ccccc1)NC(=O)[C@H](CC(N)=O)NC(=O)c1ccc2ccccc2n1,9.397940008672037
CC(C)(C)NC(=O)[C@@H]1CCCCN1C[C@@H](O)[C@H](Cc1ccccc1)NC(=O)[C@H](CC(N)=O)NC(=O)OCc1ccccc1,7.7447274948966935
Cc1cc(SC2=C(O)OC(CCc3csc(N)n3)(C(C)C)CC2=O)c(C(C)(C)C)cc1CO,9.022276394711152
CC(C)(C)OC(=O)N[C@@H](Cc1ccccc1)[C@@H](O)C[C@@H](Cc1ccccc1)C(=O)N[C@H]1c2ccccc2[C@@H](O)[C@H]1O,10.0
COC(=O)c1nc(Cl)c(N[C@H](C(=O)N[C@@H](Cc2ccccc2)[C@H](O)CN2C[C@H]3CCCC[C@H]3C[C@H]2C(=O)NC(C)(C)C)[C@H]2CCOC2)nc1N,9.795880017344075
CCC(C1=C(O)OC2(CCCCCCC2)CC1=O)c1ccccc1,5.522878745280337
Cc1ccc(C(=O)NC(C)(C)C)c(C[C@@H](O)[C@H](Cc2ccccc2)NC(=O)[C@H](CC(N)=O)NC(=O)c2ccc3ccccc3n2)c1,8.657577319177793
O=C(N[C@H]1c2ccccc2OC[C@H]1O)[C@H](Cc1ccccc1)C[C@H](O)CN1CCN(Cc2ccc(-c3ccncc3)o2)C[C@H]1C(=O)NCC(F)(F)F,10.096910013008056
O=C(N[C@H]1c2ccccc2OC[C@H]1O)[C@H](Cc1ccccc1)C[C@H](O)CN1CCN(Cc2ccc(-c3ccncc3)o2)C[C@H]1C(=O)NCC(F)(F)F,9.221848749616356
O=C(N[C@H]1c2ccccc2OC[C@H]1O)[C@H](Cc1ccccc1)C[C@H](O)CN1CCN(Cc2ccc(-c3ccncc3)o2)C[C@H]1C(=O)NCC(F)(F)F,8.886056647693163
O=C(N[C@H]1c2ccccc2OC[C@H]1O)[C@H](Cc1ccccc1)C[C@H](O)CN1CCN(Cc2ccc(-c3ccncc3)o2)C[C@H]1C(=O)NCC(F)(F)F,9.096910013008056
CC(C)(C)OC(=O)N[C@@H](Cc1ccccc1)[C@@H](O)C[C@@H](Cc1ccccc1)C(=O)NC1Cc2ccccc21,7.657577319177793
CC(C)[C@@H]1NC(=O)/C=C\CCCCCOc2ccc(cc2)C[C@@H]([C@H](O)CN2CC3CCCCC3C[C@H]2C(=O)NC(C)(C)C)NC1=O,7.6020599913279625
Cc1cc(SC2=C(O)OC(CCc3csc(CO)c3)(C(C)C)CC2=O)c(C(C)(C)C)cc1CO,9.721246399047171
Cc1cc(SC2=C(O)OC(CCc3scnc3C(C)C)(C(C)C)CC2=O)c(C(C)(C)C)cc1CO,9.096910013008056
CC(C)[C@H](NC(=O)c1cc(=O)c2ccccc2o1)C(=O)N[C@@H](Cc1ccccc1)[C@H](O)CN1C[C@H]2CCCC[C@H]2C[C@H]1C(=O)NC(C)(C)C,9.823908740944319
Cc1cc(SC2=C(O)O[C@](CCc3ccc(N)cc3)(C(C)C)CC2=O)c(C(C)(C)C)cc1CO,9.958607314841775
Cc1cc(SC2=C(O)OC(CCc3ccco3)(C(C)C)CC2=O)c(C(C)(C)C)cc1CO,9.10790539730952
CC(C)(C)NC(=O)c1ccccc1C[C@H](O)[C@H](Cc1ccccc1)NC(=O)[C@H](CC(N)=O)NC(=O)c1ccc2ccccc2n1,6.494850021680094
CC(C)(C)NC(=O)[C@@H]1C[C@@H]2CCCC[C@@H]2CN1C[C@@H](O)[C@H](Cc1ccccc1)NC(=O)[C@H](CC(N)=O)NC(=O)c1ccc2ccccc2n1,9.698970004336019
CC(C)(C)NC(=O)[C@@H]1C[C@@H]2CCCC[C@@H]2CN1C[C@@H](O)[C@H](Cc1ccccc1)NC(=O)[C@@H](NC(=O)c1ccc2ccccc2n1)C1CCOC1,10.267606240177031
CN(C)c1nc(N)c(C(=O)N[C@H](C(=O)N[C@@H](Cc2ccccc2)[C@H](O)CN2C[C@H]3CCCC[C@H]3C[C@H]2C(=O)NC(C)(C)C)[C@H]2CCOC2)nc1Cl,9.619788758288394
Cc1cc(SC2=C(O)OC(CCc3ccsc3)(C(C)C)CC2=O)c(C(C)(C)C)cc1CO,9.769551078621726
Cc1cc(SC2=C(O)OC(CCc3ccsc3CO)(C(C)C)CC2=O)c(C(C)(C)C)cc1CO,7.853871964321762
CC(C)(C)NC(=O)[C@@H]1CCCC[C@@H]1C[C@@H](O)[C@H](Cc1ccccc1)NC(=O)[C@H](CC(N)=O)NC(=O)OCc1ccccc1,7.2441251443275085
CC(C)(C)NC(=O)[C@@H]1CC2CCCCC2CN1C[C@@H](O)[C@@H]1Cc2ccc(cc2)OCCCOc2cc3ccccc3cc2C(=O)N[C@@H](CC(N)=O)C(=O)N1,8.0
CC(=O)N[C@H](C(=O)N[C@@H](Cc1ccccc1)[C@H](O)CN1CC2CCCCC2C[C@H]1C(=O)NC(C)(C)C)C(C)C,8.522878745280337
CC(C)(C)NC(=O)[C@@H]1CN(Cc2cccnc2)CCN1C[C@@H](O)C[C@@H](Cc1ccccc1)C(=O)N[C@H]1c2ccccc2C[C@H]1O.O,9.221848749616356
CC(C)(C)NC(=O)[C@@H]1CN(Cc2cccnc2)CCN1C[C@@H](O)C[C@@H](Cc1ccccc1)C(=O)N[C@H]1c2ccccc2C[C@H]1O.O,7.213248577854439
CC(C)(C)NC(=O)[C@@H]1CN(Cc2cccnc2)CCN1C[C@@H](O)C[C@@H](Cc1ccccc1)C(=O)N[C@H]1c2ccccc2C[C@H]1O.O,7.360513510731414
CC(C)(C)NC(=O)[C@@H]1CN(Cc2cccnc2)CCN1C[C@@H](O)C[C@@H](Cc1ccccc1)C(=O)N[C@H]1c2ccccc2C[C@H]1O.O,7.696803942579511
O=C(N[C@H]1c2ccccc2OC[C@H]1O)[C@H](Cc1ccncc1)C[C@H](O)CN1CCN(CC2=CC3C=CSC3S2)C[C@H]1C(=O)NCC(F)(F)F,10.154901959985743
O=C(N[C@H]1c2ccccc2OC[C@H]1O)[C@H](Cc1ccncc1)C[C@H](O)CN1CCN(CC2=CC3C=CSC3S2)C[C@H]1C(=O)NCC(F)(F)F,7.698970004336019
O=C(N[C@H]1c2ccccc2OC[C@H]1O)[C@H](Cc1ccncc1)C[C@H](O)CN1CCN(CC2=CC3C=CSC3S2)C[C@H]1C(=O)NCC(F)(F)F,8.920818753952375
O=C(N[C@H]1c2ccccc2OC[C@H]1O)[C@H](Cc1ccncc1)C[C@H](O)CN1CCN(CC2=CC3C=CSC3S2)C[C@H]1C(=O)NCC(F)(F)F,8.318758762624412
CCC(C1=C(O)OC(CC(C)C)(CC(C)C)CC1=O)c1ccccc1,4.1249387366083
C=CC(C1=C(O)OC2(CCCCC2Cc2ccccc2)CC1=O)c1ccccc1,6.0
Cc1cc(SC2=C(O)OC(CCc3cc[nH]n3)(C(C)C)CC2=O)c(C(C)(C)C)cc1CO,9.55284196865778
Cc1cc(SC2=C(O)OC(CCc3cscc3C)(C(C)C)CC2=O)c(C(C)(C)C)cc1CO,9.387216143280265
CC(C)(C)OC(=O)N[C@@H](Cc1ccccc1)[C@@H](O)C[C@@H](Cc1ccccc1)C(=O)N[C@@H]1CCc2ccccc21,7.721246399047171
CC(C)(C)OC(=O)N[C@@H](Cc1ccccc1)[C@@H](O)C[C@@H](Cc1ccccc1)C(=O)N[C@H]1c2ccccc2C[C@@H]1O,6.640164517660112
CC(C)(C)NC(=O)[C@@H]1CCCN1C[C@@H](O)[C@@H]1Cc2ccc(cc2)OCCOc2cc3ccccc3cc2C(=O)N[C@@H](CC(N)=O)C(=O)N1,6.346787486224656
CCC(C1=C(O)OC(Cc2ccccc2)(c2ccccc2)CC1=O)c1ccccc1,5.0
CC(C)(C)OC(=O)N[C@@H](Cc1ccccc1)[C@@H](O)C[C@@H](Cc1ccccc1)C(=O)NC1c2ccccc2[C@@H](N)[C@H]1O,8.721246399047171
C=CC(C1=C(O)OC2(CCCC2)CC1=O)c1ccccc1,5.522878745280337
Cc1cc(SC2=C(O)OC(CCc3cccnc3)(C(C)C)CC2=O)c(C(C)(C)C)cc1CO,9.0268721464003
Cc1cc(SC2=C(O)OC(CCC3CCCO3)(C(C)C)CC2=O)c(C(C)(C)C)cc1CO,8.301029995663981
Cc1cnc(CCC2(C(C)C)CC(=O)C(Sc3cc(C)c(CO)cc3C(C)(C)C)=C(O)O2)s1,7.721246399047171
Cc1cc(SC2=C(O)OC(CCc3c[nH]c4ccccc34)(C(C)C)CC2=O)c(C(C)(C)C)cc1CO,9.142667503568731
CC(C)(C)OC(=O)N[C@@H](Cc1ccccc1)[C@@H](O)C[C@@H](Cc1ccccc1)C(=O)NCCc1ccccc1,5.552841968657781
CC(C)[C@@H]1NC(=O)c2cc3ccccc3cc2OCCCOc2ccc(cc2)C[C@@H]([C@H](O)CN2CC3CCCCC3C[C@H]2C(=O)NC(C)(C)C)NC1=O,8.259637310505756
CCCCC1(Cc2ccccc2)CC(=O)C(C(CC)c2ccccc2)=C(O)O1,5.522878745280337
Cc1cc(SC2=C(O)OC(CCc3csc(C(C)C)n3)(C(C)C)CC2=O)c(C(C)(C)C)cc1CO,8.795880017344075
CC(C)(C)NC(=O)c1c(C[C@@H](O)[C@H](Cc2ccccc2)NC(=O)[C@H](CC(N)=O)NC(=O)c2ccc3ccccc3n2)ccc2ccccc12,8.455931955649724
Cc1cc(SC2=C(O)OC(CCc3ccccn3)(C(C)C)CC2=O)c(C(C)(C)C)cc1CO,8.920818753952375
Cc1cc(SC2=C(O)OC(CCc3ncsc3C)(C(C)C)CC2=O)c(C(C)(C)C)cc1CO,8.886056647693163
Cc1cc(SC2=C(O)O[C@@](CCc3ccsc3)(C(C)C)CC2=O)c(C(C)(C)C)cc1CO,7.939302159646388
CC(C)(C)NC(=O)c1cc2ccccc2cc1C[C@@H](O)[C@H](Cc1ccccc1)NC(=O)[C@H](CC(N)=O)NC(=O)c1ccc2ccccc2n1,6.826813731587726
CC(C)[C@H](NC(=O)c1cnc2ccccc2n1)C(=O)N[C@@H](Cc1ccccc1)[C@H](O)CN1C[C@H]2CCCC[C@H]2C[C@H]1C(=O)NC(C)(C)C,9.4089353929735
Cc1cc(SC2=C(O)OC(CCc3ccncc3)(C(C)C)CC2=O)c(C(C)(C)C)cc1CO,8.823908740944319
Cc1cc(SC2=C(O)O[C@](CCc3ccsc3)(C(C)C)CC2=O)c(C(C)(C)C)cc1CO,9.886056647693163
CC(C)(C)OC(=O)N[C@@H](Cc1ccccc1)[C@@H](O)C[C@@H](Cc1ccccc1)C(=O)NC1CCCc2ccccc21,7.795880017344075
CC(C)(C)NC(=O)[C@@H]1C[C@@H]2CCCC[C@@H]2CN1C[C@@H](O)[C@H](Cc1ccccc1)NC(=O)[C@@H](NC(=O)c1ccc2ccccc2n1)[C@@H]1CCOC1,8.267606240177031
Cc1cc(SC2=C(O)OC(CCc3ccc4[nH]ccc4c3)(C(C)C)CC2=O)c(C(C)(C)C)cc1CO,9.008773924307505
O=C(N[C@H]1c2ccccc2OC[C@H]1O)[C@H](Cc1ccncc1)C[C@H](O)CN1CCN(Cc2cc3ccccc3o2)C[C@H]1C(=O)NCC(F)(F)F,10.0
O=C(N[C@H]1c2ccccc2OC[C@H]1O)[C@H](Cc1ccncc1)C[C@H](O)CN1CCN(Cc2cc3ccccc3o2)C[C@H]1C(=O)NCC(F)(F)F,8.0
O=C(N[C@H]1c2ccccc2OC[C@H]1O)[C@H](Cc1ccncc1)C[C@H](O)CN1CCN(Cc2cc3ccccc3o2)C[C@H]1C(=O)NCC(F)(F)F,8.657577319177793
CC(C)(C)NC(=O)[C@@H]1CC2CCCCC2CN1C[C@@H](O)[C@@H]1Cc2ccc(cc2)OCCOc2cc3ccccc3cc2C(=O)N[C@@H](CC(N)=O)C(=O)N1,7.886056647693163
CCCCCCC(=O)N[C@H](C(=O)N[C@@H](Cc1ccccc1)[C@H](O)CN1CC2CCCCC2C[C@H]1C(=O)NC(C)(C)C)C(C)C,8.221848749616356
CC(C)(C)NC(=O)[C@@H]1C[C@@H]2CCCC[C@@H]2CN1C[C@@H](O)[C@H](Cc1ccccc1)NC(=O)[C@@H](NC(=O)c1ccc2ccccc2n1)C1CCCC1,8.585026652029182
C=CC(C1=C(O)OC2(CCCCCC2)CC1=O)c1ccccc1,6.0
Cc1nc(CCC2(C(C)C)CC(=O)C(Sc3cc(C)c(CO)cc3C(C)(C)C)=C(O)O2)cs1,7.886056647693163
CC(C)(C)OC(=O)N[C@@H](Cc1ccccc1)[C@@H](O)C[C@@H](Cc1ccccc1)C(=O)NC1c2ccccc2C[C@H]1C(N)=O,8.744727494896694
CC(C)(C)NC(=O)c1ccccc1C[C@@H](O)[C@H](Cc1ccccc1)NC(=O)[C@H](CC(N)=O)NC(=O)c1ccc2ccccc2n1,8.823908740944319
CC(C)[C@@H]1NC(=O)CCCCCOc2ccc(cc2)C[C@@H]([C@H](O)CN2CC3CCCCC3C[C@H]2C(=O)NC(C)(C)C)NC1=O,8.823908740944319
CN(C)c1ncc(C(=O)N[C@H](C(=O)N[C@@H](Cc2ccccc2)[C@H](O)CN2C[C@H]3CCCC[C@H]3C[C@H]2C(=O)NC(C)(C)C)[C@H]2CCOC2)nc1Cl,10.221848749616356
Cc1cc(SC2=C(O)OC(CCc3cncnc3)(C(C)C)CC2=O)c(C(C)(C)C)cc1CO,7.769551078621726
Cc1cc(SC2=C(O)OC(CCc3nccs3)(C(C)C)CC2=O)c(C(C)(C)C)cc1CO,9.244125144327509
CC(C)(C)OC(=O)N[C@@H](Cc1ccccc1)[C@@H](O)C[C@@H](Cc1ccccc1)C(=O)N[C@H]1CCc2ccccc21,7.6777807052660805
CC(C)(C)NC(=O)[C@@H]1CCCN1C[C@@H](O)[C@@H]1Cc2ccc(cc2)OCCCCOc2cc3ccccc3cc2C(=O)N[C@@H](CC(N)=O)C(=O)N1,6.045757490560675
CC(C)[C@H](NC(=O)c1ccc2ccccc2n1)C(=O)N[C@@H](Cc1ccccc1)[C@H](O)CN1C[C@H]2CCCC[C@H]2C[C@H]1C(=O)NC(C)(C)C,9.154901959985743
CC(C)(C)NC(=O)[C@@H]1C[C@@H]2CCCC[C@@H]2CN1C[C@@H](O)[C@H](Cc1ccccc1)NC(=O)[C@@H](NC(=O)c1ccc2ccccc2n1)C1CCOCC1,7.168130225719498
Cc1cc(SC2=C(O)OC(CCc3c[nH]cn3)(C(C)C)CC2=O)c(C(C)(C)C)cc1CO,7.154901959985743
Cc1cc(SC2=C(O)OC(CCc3nc(C(C)C)cs3)(C(C)C)CC2=O)c(C(C)(C)C)cc1CO,7.853871964321762
Cc1cc(SC2=C(O)OC(CCc3ncsc3C(C)C)(C(C)C)CC2=O)c(C(C)(C)C)cc1CO,8.236572006437063
CC(C)(C)OC(=O)N[C@@H](Cc1ccccc1)[C@@H](O)C[C@@H](Cc1ccccc1)C(=O)N[C@H]1c2ccccc2C[C@H]1O,9.522878745280337
CC(C)(C)NC(=O)[C@@H]1C[C@@H]2CCCC[C@@H]2CN1C[C@@H](O)[C@H](Cc1ccccc1)NC(=O)[C@H](CC(N)=O)NC(=O)c1ccc2ccccc2n1,9.397940008672037
CC(C)[C@@H]1NC(=O)/C=C\CCCCOc2ccc(cc2)C[C@@H]([C@H](O)CN2CC3CCCCC3C[C@H]2C(=O)NC(C)(C)C)NC1=O,8.045757490560675
CN1CCN(c2ncc(C(=O)N[C@H](C(=O)N[C@@H](Cc3ccccc3)[C@H](O)CN3C[C@H]4CCCC[C@H]4C[C@H]3C(=O)NC(C)(C)C)[C@H]3CCOC3)nc2Cl)CC1,10.148741651280925
CC(C)(C)NC(=O)[C@@H]1C[C@@H]2CCCC[C@@H]2CN1C[C@@H](O)[C@H](Cc1ccccc1)NC(=O)[C@@H](NC(=O)c1ccc2ccccc2n1)[C@H]1CCS(=O)(=O)C1,9.301029995663981
CC(C)(C)NC(=O)[C@@H]1C[C@@H]2CCCC[C@@H]2CN1C[C@@H](O)[C@H](Cc1ccccc1)NC(=O)[C@@H](NC(=O)c1cnc2ccccc2n1)[C@H]1CCOC1,9.920818753952375
C=CC(C1=C(O)OC2(CCOCC2)CC1=O)c1ccccc1,5.0
CC(C)(C)OC(=O)N[C@@H](Cc1ccccc1)[C@@H](O)C[C@@H](Cc1ccccc1)C(=O)NCc1ccccc1,6.954677021213342
CC(C)[C@@H]1NC(=O)c2ccccc2OCCCOc2ccc(cc2)C[C@@H]([C@H](O)CN2CC3CCCCC3C[C@H]2C(=O)NC(C)(C)C)NC1=O,8.096910013008056
CC(C)[C@@H]1NC(=O)/C=C\CCCOc2ccc(cc2)C[C@@H]([C@H](O)CN2CC3CCCCC3C[C@H]2C(=O)NC(C)(C)C)NC1=O,8.136677139879543
CC(C)(C)NC(=O)[C@@H]1C[C@@H]2CCCC[C@@H]2CN1C[C@@H](O)[C@H](Cc1ccccc1)NC(=O)[C@@H](NC(=O)c1ccc2ccccc2n1)[C@H]1CCSC1,9.221848749616356
CC(C)(C)NC(=O)[C@@H]1C[C@@H]2CCCC[C@@H]2CN1C[C@@H](O)[C@H](Cc1ccccc1)NC(=O)[C@@H](NC(=O)c1ccc2ccccc2n1)[C@@H]1CCS(=O)(=O)C1,7.4089353929735005
Cc1cc(SC2=C(O)OC(CCc3ccoc3)(C(C)C)CC2=O)c(C(C)(C)C)cc1CO,9.468521082957745
CC(C)(C)OC(=O)N[C@@H](Cc1ccccc1)[C@@H](O)C[C@@H](Cc1ccccc1)C(=O)N[C@H]1c2ccccc2C[C@@H]1O,6.586700235918748
CC(C)(C)NC(=O)[C@@H]1C[C@@H]2CCCC[C@@H]2CN1C[C@@H](O)[C@H](Cc1ccccc1)NC(=O)[C@@H](NC(=O)c1cnccn1)[C@H]1CCOC1,8.54821356447571
Cc1cc(SC2=C(O)OC(CCc3cscn3)(C(C)C)CC2=O)c(C(C)(C)C)cc1CO,8.886056647693163
Cc1cc(SC2=C(O)OC(CCc3ccc(CO)s3)(C(C)C)CC2=O)c(C(C)(C)C)cc1CO,9.236572006437063
CC(C)(C)NC(=O)[C@@H]1CCCCN1C[C@@H](O)[C@H](Cc1ccccc1)NC(=O)[C@H](CC(N)=O)NC(=O)c1ccc2ccccc2n1,8.698970004336019
CC(C)(C)NC(=O)[C@@H]1CCCN1C[C@@H](O)[C@@H]1Cc2ccc(cc2)OCCCOc2cc3ccccc3cc2C(=O)N[C@@H](CC(N)=O)C(=O)N1,6.3979400086720375
CC(C)(C)NC(=O)[C@@H]1CCCN1C[C@H](O)[C@@H]1Cc2ccc(cc2)OCCCOc2cc3ccccc3cc2C(=O)N[C@@H](CC(N)=O)C(=O)N1,4.045757490560675
O=C(N[C@H]1c2ccccc2OC[C@H]1O)[C@H](Cc1cccnc1)C[C@H](O)CN1CCN(CC2=CC3C=CSC3S2)C[C@H]1C(=O)NCC(F)(F)F,10.522878745280337
O=C(N[C@H]1c2ccccc2OC[C@H]1O)[C@H](Cc1cccnc1)C[C@H](O)CN1CCN(CC2=CC3C=CSC3S2)C[C@H]1C(=O)NCC(F)(F)F,8.301029995663981
O=C(N[C@H]1c2ccccc2OC[C@H]1O)[C@H](Cc1cccnc1)C[C@H](O)CN1CCN(CC2=CC3C=CSC3S2)C[C@H]1C(=O)NCC(F)(F)F,9.366531544420413
O=C(N[C@H]1c2ccccc2OC[C@H]1O)[C@H](Cc1cccnc1)C[C@H](O)CN1CCN(CC2=CC3C=CSC3S2)C[C@H]1C(=O)NCC(F)(F)F,8.494850021680094
O=C(N[C@H]1c2ccccc2OC[C@H]1O)[C@H](Cc1cccnc1)C[C@H](O)CN1CCN(Cc2cc3ccccc3o2)C[C@H]1C(=O)NCC(F)(F)F,10.397940008672037
O=C(N[C@H]1c2ccccc2OC[C@H]1O)[C@H](Cc1cccnc1)C[C@H](O)CN1CCN(Cc2cc3ccccc3o2)C[C@H]1C(=O)NCC(F)(F)F,8.431798275933005
O=C(N[C@H]1c2ccccc2OC[C@H]1O)[C@H](Cc1cccnc1)C[C@H](O)CN1CCN(Cc2cc3ccccc3o2)C[C@H]1C(=O)NCC(F)(F)F,8.886056647693163
O=C(N[C@H]1c2ccccc2OC[C@H]1O)[C@H](Cc1cccnc1)C[C@H](O)CN1CCN(Cc2cc3ccccc3o2)C[C@H]1C(=O)NCC(F)(F)F,8.568636235841012
CC(C)(C)NC(=O)[C@@H]1C[C@@H]2CCCC[C@@H]2CN1C[C@@H](O)[C@H](Cc1ccccc1)NC(=O)[C@@H](NC(=O)c1ccc2ccccc2n1)[C@@H]1CCSC1,8.481486060122112
CC(C)(C)OC(=O)N[C@@H](Cc1ccccc1)[C@@H](O)C[C@@H](Cc1ccccc1)C(=O)NC1Cc2ccccc2C1,6.886056647693163
O=C(N[C@H]1c2ccccc2OC[C@H]1O)[C@H](Cc1cccnc1)C[C@H](O)CN1CCN(Cc2cc3cccc(Cl)c3o2)C[C@H]1C(=O)NCC(F)(F)F,10.698970004336019
O=C(N[C@H]1c2ccccc2OC[C@H]1O)[C@H](Cc1cccnc1)C[C@H](O)CN1CCN(Cc2cc3cccc(Cl)c3o2)C[C@H]1C(=O)NCC(F)(F)F,9.920818753952375
O=C(N[C@H]1c2ccccc2OC[C@H]1O)[C@H](Cc1ccncc1)C[C@H](O)CN1CCN(Cc2cc3cccc(Cl)c3o2)C[C@H]1C(=O)NCC(F)(F)F,10.522878745280337
O=C(N[C@H]1c2ccccc2OC[C@H]1O)[C@H](Cc1ccncc1)C[C@H](O)CN1CCN(Cc2cc3cccc(Cl)c3o2)C[C@H]1C(=O)NCC(F)(F)F,9.036212172654444
O=C(N[C@H]1c2ccccc2OC[C@H]1O)[C@H](Cc1ccncc1)C[C@H](O)CN1CCN(Cc2cc3cccc(Cl)c3o2)C[C@H]1C(=O)NCC(F)(F)F,9.853871964321762
Cc1cc(SC2=C(O)OC(CCc3cncs3)(C(C)C)CC2=O)c(C(C)(C)C)cc1CO,9.619788758288394
CC(C)(C)NC(=O)[C@@H]1CCCC[C@H]1C[C@@H](O)[C@H](Cc1ccccc1)NC(=O)[C@H](CC(N)=O)NC(=O)c1ccc2ccccc2n1,8.853871964321762
CCCC1(CCC)CC(=O)C(C(c2ccccc2)C(C)(C)C)=C(O)O1,6.0
CCC(C1=C(O)OC2(CCCCC2)CC1=O)c1ccccc1,6.107905397309519
Cc1ccc(C(C)(C)C)c(SC2=C(O)OC(CCc3ccccc3)(c3ccccc3)CC2=O)c1,7.455931955649724
Cc1ccccc1-c1cc(O)c(Sc2ccccc2C(C)C)c(=O)o1,5.871277715661574
CN(CC(O)C[C@@H](Cc1ccccc1)C(=O)N[C@H]1CCCC[C@@H]1NC(=O)c1ccc2ccccc2n1)[C@@H](CC1CCCCC1)C(=O)NC(C)(C)C,5.853871964321762
CC(C)(C)NC(=O)[C@@H]1C[C@@H]2CCCC[C@@H]2CN1C[C@@H](O)[C@H](Cc1ccccc1)NC(=O)O[C@H]1CCOC1,6.795880017344075
CC(C)CCC(Sc1ccccc1)c1c(O)cc(-c2ccccc2)oc1=O,6.4089353929735005
CC[C@H](C)[C@H](NC(=O)CN(CC(Br)CBr)C(=O)[C@H](Cc1ccccc1)NC(=O)[C@H](C)NC(=O)OC(C)(C)C)C(=O)N[C@H](C(=O)OC)C(C)C,6.301029995663981
O[C@@H]([C@H](O)[C@@H](COCc1ccccc1)OCc1ccccc1)[C@@H](COCc1ccccc1)OCc1ccccc1,5.619788758288394
OC(C(COCc1ccccc1F)OCc1ccc(F)cc1)C(O)C(COCc1ccccc1F)OCc1ccc(F)cc1,6.698970004336019
CC(=O)NCC1O[C@@H](Oc2ccccc2)[C@@H](O)C(O)[C@@H]1O,5.048176964684088
CC(C)[C@@H]1[C@H](OC(=O)N[C@@H](Cc2ccccc2)[C@H](O)CN2C[C@H]3CCCC[C@H]3C[C@H]2C(=O)NC(C)(C)C)CCS1(=O)=O,8.522878745280337
CCC(Cc1ccccc1)c1cc(O)c(C(c2cccc(NS(=O)(=O)c3cccnc3)c2)C2CC2)c(=O)o1,5.585026652029182
CC(C)(C)NC(=O)c1ccccc1C[C@@H](O)C[C@@H](Cc1ccccc1)C(=O)N[C@H]1c2ccccc2C[C@H]1O,8.327902142064282
OC(C(COCc1ccccc1)OCc1ccccc1F)C(O)C(COCc1ccccc1)OCc1ccccc1F,5.431798275933005
CC(C)CC(SC1CCCCC1)c1c(O)cc(-c2ccccc2)oc1=O,6.494850021680094
CC(C)c1ccccc1Sc1c(O)cc(-c2cccc(N(C)C)c2)oc1=O,6.943095148663527
CC[C@H](C)[C@H](NC(=O)CN(CC(Br)CBr)C(=O)[C@H](Cc1ccccc1)NC(=O)OC(C)(C)C)C(=O)N[C@H](C(=O)OC)C(C)C,7.3715088950328775
CC(C)(C)NC(=O)[C@@H]1C[C@@H]2CCCC[C@@H]2CN1C[C@@H](O)[C@H](Cc1ccccc1)NC(=O)OCCS(C)(=O)=O,5.987162775294828
Cn1cnc(S(=O)(=O)Nc2cccc(C(c3c(O)cc(C(CC4CC4)CC4CC4)oc3=O)C3CC3)c2)c1,5.920818753952375
COCCOCCC(CCOCCOC)c1cc(O)c(C(c2cccc(NS(=O)(=O)c3cn(C)cn3)c2)C2CC2)c(=O)o1,5.522878745280337
CCC(Cc1ccccc1)c1cc(O)c(C(c2cccc(NS(=O)(=O)c3cn(C)cn3)c2)C2CC2)c(=O)o1,5.886056647693163
CC(C)(C)CC(SC1CCCCC1)c1c(O)cc(-c2ccccc2)oc1=O,6.522878745280337
CCOC(=O)c1cc(-c2cc(O)c(Sc3ccccc3C(C)C)c(=O)o2)ccc1O,6.8297382846050425
COC(=O)c1cccc(-c2cc(O)c(Sc3ccccc3C(C)C)c(=O)o2)c1,7.096910013008056
OC(C(COCc1ccc(C(F)(F)F)cc1)OCc1ccc(C(F)(F)F)cc1)C(O)C(COCc1ccc(C(F)(F)F)cc1)OCc1ccc(C(F)(F)F)cc1,5.221848749616356
OC(C(COCc1cccc(F)c1)OCc1ccccc1)C(O)C(COCc1cccc(F)c1)OCc1ccccc1,5.823908740944319
CC[C@@H]1[C@H](OC(=O)N[C@@H](Cc2ccccc2)[C@H](O)CN2C[C@H]3CCCC[C@H]3C[C@H]2C(=O)NC(C)(C)C)CCS1(=O)=O,7.882728704344236
COc1ccc2c(O)c(C(c3cccc(NS(=O)(=O)c4ccc(C#N)cc4)c3)C3CC3)c(=O)oc2c1,5.0
CC(C)[C@H]1[C@@H](OC(=O)N[C@@H](Cc2ccccc2)[C@H](O)CN2C[C@H]3CCCC[C@H]3C[C@H]2C(=O)NC(C)(C)C)CCS1(=O)=O,7.958607314841775
COc1ccc2c(O)c(C(c3cccc(NS(=O)(=O)c4cccc5cccnc45)c3)C3CC3)c(=O)oc2c1,5.0
O=c1cc(-c2ccccc2)oc(O)c1C(Sc1ccccc1)c1ccc2ccccc2c1,5.106793246940152
COC(=O)CCCOc1ccc2ccc(OCCCC(=O)N[C@H](C(=O)N[C@@H](CC(C)C)C(=O)N[C@H](C(=O)N[C@H](C(=O)OC)C(C)C)C(C)C)C(C)O)cc2c1,5.0
CCc1cccc(-c2cc(O)c(Sc3ccccc3C(C)C)c(=O)o2)c1,6.581698708680254
COCOc1ccccc1C[C@@H](O)C[C@@H](Cc1ccccc1)C(=O)N[C@H]1c2ccccc2C[C@H]1O,6.559090917934782
CC(C)(C)NC(=O)[C@@H]1C[C@@H]2CCCC[C@@H]2CN1C[C@@H](O)[C@H](Cc1ccccc1)NC(=O)[C@H](CC(N)=O)NC(=O)c1ccc2ccccc2n1,9.638272163982407
CC(C)CC(SCc1ccccc1)c1c(O)cc(-c2ccccc2)oc1=O,6.585026652029182
COC(=O)[C@@H](NC(=O)[C@H](CC(C)C)NC(=O)[C@@H](NC(=O)CCCOc1ccc2ccc(OCCCC(=O)N[C@H](C(=O)N[C@@H](CC(C)C)C(=O)N[C@H](C(=O)OC)C(C)C)C(C)C)cc2c1)C(C)C)C(C)C,5.698970004336019
CC(C)C[C@H](NC(=O)[C@@H](NC(=O)CCCOc1ccc2ccc(OCCCC(=O)N[C@H](C(=O)N[C@@H](CC(C)C)C(=O)N[C@H](C(=O)O)C(C)C)C(C)O)cc2c1)C(C)O)C(=O)N[C@H](C(=O)O)C(C)C,5.0
CC(C)c1ccccc1Sc1c(O)cc(-c2cccc([N+](=O)[O-])c2)oc1=O,7.173925197299173
C=CCN(CC(=O)N[C@H](C(=O)N[C@H](C(=O)OC)C(C)C)[C@@H](C)CC)C(=O)[C@H](Cc1ccccc1)NC(=O)OC(C)(C)C,7.0
O[C@H]([C@@H](O)[C@H](COCc1ccccc1)OCc1ccccc1)[C@H](COCc1ccccc1)OCc1ccccc1,4.301029995663981
NC(=O)c1ccc(COC(COCc2ccccc2)C(O)C(O)C(COCc2ccccc2)OCc2ccc(C(N)=O)cc2)cc1,4.698970004336019
OC(C(COCc1ccc(Br)cc1)OCc1ccccc1)C(O)C(COCc1ccc(Br)cc1)OCc1ccccc1,5.221848749616356
Cc1c(O)cccc1C(=O)N[C@@H](CSc1ccccc1)[C@H](O)CN1C[C@H]2CCCC[C@H]2C[C@H]1C(=O)NC(C)(C)C,6.275724130399211
C[C@H]1[C@@H](OC(=O)N[C@@H](Cc2ccccc2)[C@H](O)CN2C[C@H]3CCCC[C@H]3C[C@H]2C(=O)NC(C)(C)C)CCS1(=O)=O,7.943095148663527
O=c1cc(C(CC2CC2)CC2CC2)oc(O)c1C(c1cccc(NS(=O)(=O)c2cccc3cccnc23)c1)C1CC1,5.638272163982407
CCCS(=O)(=O)Nc1cccc(C(c2c(O)cc(C(CC)Cc3ccccc3)oc2=O)C2CC2)c1,5.455931955649724
Cn1cnc(S(=O)(=O)Nc2cccc(C(c3c(O)cc(C(CC4CC4)CC4CC4)oc3=O)C3CC3)c2)c1,5.920818753952375
COC(=O)[C@H](CC(C)C)NC(=O)[C@H](CC(C)C)NC(=O)CNC(=O)CCCOc1cccc(OCCCC(=O)NCC(=O)N[C@@H](CC(C)C)C(=O)N[C@@H](CC(C)C)C(=O)OC)n1,4.795880017344075
CC(C)c1ccccc1Sc1c(O)cc(-c2cccc(C(F)(F)F)c2)oc1=O,7.119186407719209
CC(C)c1ccccc1Sc1c(O)cc(-c2ccc(O)c(C(=O)O)c2)oc1=O,6.534617148551582
O[C@@H](C[C@@H](COCc1ccccc1)OCc1ccccc1)[C@@H](COCc1ccccc1)OCc1ccccc1,4.301029995663981
Cc1ccc(COCC(OCc2ccc(C)cc2)C(O)C(O)C(COCc2ccc(C)cc2)OCc2ccc(C)cc2)cc1,5.154901959985743
OC(C(COCc1ccccc1)OCc1cccc(F)c1)C(O)C(COCc1ccccc1)OCc1cccc(F)c1,5.7447274948966935
CC(C)(C)NC(=O)[C@@H]1CN(Cc2cccnc2)CCN1C[C@@H](O)C[C@@H](Cc1ccccc1)C(=O)N[C@H]1c2ccccc2C[C@H]1O.O,6.431798275933005
COc1ccc(-c2cc(O)c(Sc3ccccc3C(C)C)c(=O)o2)cc1,7.080921907623926
CC(C)COc1ccccc1C[C@@H](O)C[C@@H](Cc1ccccc1)C(=O)N[C@H]1c2ccccc2C[C@H]1O,7.013228265733755
C=CCN(C(=O)[C@H](Cc1ccccc1)NC(=O)[C@H](C)NC(=O)[C@H](C)NC(=O)[C@H](CO)NC(=O)OC(C)(C)C)[C@@H](C)C(=O)N[C@H](C(=O)N[C@H](C(=O)OC)C(C)C)[C@@H](C)CC,7.0
COc1ccc2c(O)c(C(c3cccc(NS(=O)(=O)c4ccc(F)cc4)c3)C3CC3)c(=O)oc2c1,5.0
O=c1cc(-c2ccccc2)oc(O)c1C(SCc1ccccc1)c1ccccc1,6.318758762624412
COC(=O)[C@H](Cc1ccccc1)NC(=O)[C@H](CC(N)=O)NC(=O)[C@H](CC(C)C)NC(=O)[C@@H](NC(=O)CCCOc1cccc(OCCCC(=O)N[C@H](C(=O)N[C@@H](CC(C)C)C(=O)N[C@@H](CC(N)=O)C(=O)N[C@@H](Cc2ccccc2)C(=O)OC)C(C)O)n1)C(C)O,5.0
CC(C)c1ccccc1Sc1c(O)cc(-c2ccc(C(=O)O)cc2)oc1=O,7.167491087293763
COc1ccccc1C[C@@H](O)C[C@@H](Cc1ccccc1)C(=O)N[C@H]1c2ccccc2C[C@H]1O,7.096910013008056
COc1ccc(C[C@@H](O)C[C@@H](Cc2ccccc2)C(=O)N[C@H]2c3ccccc3C[C@H]2O)c(OC)c1,6.978810700930062
CC[C@H](C)[C@H](NC(=O)[C@H](Cc1ccccc1)CC(O)CN1CCC[C@@H]1C(=O)N[C@H](C(=O)OC(C)(C)C)[C@@H](C)CC)C(=O)NCc1nc2ccccc2[nH]1,5.853871964321762
O[C@H]([C@H](O)[C@H](COCc1ccccc1)OCc1ccccc1)[C@@H](COCc1ccccc1)OCc1ccccc1,4.301029995663981
OC(C(COCc1ccccc1)OCc1c(F)cccc1F)C(O)C(COCc1ccccc1)OCc1c(F)cccc1F,5.1938200260161125
Cc1ccccc1COC(COCc1ccccc1F)C(O)C(O)C(COCc1ccccc1F)OCc1ccccc1C,6.096910013008056
COCCOCCCc1cc(O)c(C(c2cccc(NS(=O)(=O)c3cn(C)cn3)c2)C2CC2)c(=O)o1,5.522878745280337
Cn1cnc(S(=O)(=O)Nc2cccc(C(c3c(O)cc(C(CC4CC4)CC4CC4)oc3=O)C3CC3)c2)c1,5.619788758288394
CC(C)C[C@H](NC(=O)[C@@H](NC(=O)CCCOc1cccc(OCCCC(=O)N[C@H](C(=O)N[C@@H](CC(C)C)C(=O)N[C@H](C(=O)O)C(C)C)C(C)O)n1)C(C)O)C(=O)N[C@H](C(=O)O)C(C)C,4.468521082957745
CCOC(=O)c1ccc(-c2cc(O)c(Sc3ccccc3C(C)C)c(=O)o2)cc1,7.455931955649724
CC(C)c1ccccc1Sc1c(O)cc(-c2cccc(C(=O)O)c2)oc1=O,6.82102305270683
CC[C@H](C)[C@H](NC(=O)[C@H](Cc1ccccc1)CC(O)(CO)CN1C[C@H]2CCCC[C@H]2C[C@H]1C(=O)NC(C)(C)C)C(=O)NCc1nc2ccccc2[nH]1,7.154901959985743
OC(C(COCc1ccc(F)cc1)OCc1ccccc1)C(O)C(COCc1ccc(F)cc1)OCc1ccccc1,5.6020599913279625
OC(C(COCc1c(F)cccc1F)OCc1ccccc1)C(O)C(COCc1c(F)cccc1F)OCc1ccccc1,6.481486060122113
CCC(Cc1ccccc1)c1cc(O)c(C(c2cccc(NS(=O)(=O)c3ccccc3)c2)C2CC2)c(=O)o1,5.853871964321762
O=c1cc(-c2ccccc2)oc(O)c1C(Sc1ccc2ccccc2c1)c1ccccc1,5.610833915635467
O=c1cc(-c2ccccc2)oc(O)c1CSc1ccccc1,4.074172425375258
Cc1cccc(-c2cc(O)c(Sc3ccccc3C(C)C)c(=O)o2)c1,7.853871964321762
COc1cc(Oc2ccccc2)ccc1C[C@@H](O)C[C@@H](Cc1ccccc1)C(=O)N[C@H]1c2ccccc2C[C@H]1O,7.346787486224656
CC[C@H](C)[C@H](NC(=O)[C@H](Cc1ccccc1)C[C@H](O)CN1C[C@H]2CCCC[C@H]2C[C@H]1C(=O)NC(C)(C)C)C(=O)NCc1nc2ccccc2[nH]1,7.522878745280337
CC[C@H](C)[C@H](NC(=O)[C@H](Cc1ccccc1)CC(O)CN1CCC[C@@H]1C(=O)NC(C)(C)C)C(=O)NCc1nc2ccccc2[nH]1,7.096910013008056
C=CCNCC(=O)N[C@H](C(=O)N[C@H](C(=O)OC)C(C)C)[C@@H](C)CC,7.175874166083451
OC(C(COCc1ccc(Cl)cc1)OCc1ccccc1)C(O)C(COCc1ccc(Cl)cc1)OCc1ccccc1,5.2839966563652006
Cc1ccc(-c2cc(O)c(Sc3ccccc3C(C)C)c(=O)o2)cc1,7.229147988357855
CC[C@H](C)[C@H](NC(=O)[C@H](Cc1ccccc1)CC(O)(CO)CN(CC(=O)NC(C)(C)C)CC1CCCCC1)C(=O)NCc1nc2ccccc2[nH]1,6.853871964321762
CC(C)(C)NC(=O)[C@@H]1C[C@@H]2CCCC[C@@H]2CN1C[C@@H](O)[C@H](Cc1ccccc1)NC(=O)[C@H](CC(N)=O)NC(=O)c1ccc2ccccc2n1,7.522878745280337
C=CCN(C(=O)[C@H](Cc1ccccc1)NC(=O)[C@H](C)NC(=O)OC(C)(C)C)[C@@H](C)C(=O)N[C@H](C(=O)N[C@H](C(=O)OC)C(C)C)[C@@H](C)CC,6.698970004336019
OC(C(COCc1ccc(F)cc1F)OCc1ccccc1)C(O)C(COCc1ccc(F)cc1F)OCc1ccccc1,5.376750709602099
O=C(O)c1ccc(COCC(OCc2ccccc2)C(O)C(O)C(COCc2ccc(C(=O)O)cc2)OCc2ccccc2)cc1,5.301029995663981
C[C@H]1OCC[C@H]1OC(=O)N[C@@H](Cc1ccccc1)[C@H](O)CN1C[C@H]2CCCC[C@H]2C[C@H]1C(=O)NC(C)(C)C,6.772113295386326
Cc1cc(O)c(C(c2cccc(NS(=O)(=O)c3cn(C)cn3)c2)C2CC2)c(=O)o1,5.522878745280337
CC(C)CC(SCC1CCCCC1)c1c(O)cc(-c2ccccc2)oc1=O,6.071604147743286
CC(C)c1ccccc1Sc1c(O)cc(-c2ccc([N+](=O)[O-])cc2)oc1=O,6.718966632752273
C=CCN(CC(=O)N[C@H](C(=O)N[C@H](C(=O)OC)C(C)C)[C@@H](C)CC)C(=O)[C@H](Cc1ccccc1)NC(=O)[C@H](C)NC(=O)[C@H](C)NC(=O)[C@H](CO)NC(=O)OC(C)(C)C,7.698970004336019
N#Cc1ccc(COC(COCc2ccccc2)C(O)C(O)C(COCc2ccccc2)OCc2ccc(C#N)cc2)cc1,5.267606240177032
NCc1ccc(COC(COCc2ccccc2)C(O)C(O)C(COCc2ccccc2)OCc2ccc(CN)cc2)cc1,4.568636235841013
COc1ccc(O[C@@H]2C(CNC(=O)OCc3ccccc3)O[C@@H](OC)[C@H](O)C2OCc2ccccc2)cc1,5.3487219860018556
COc1ccc2c(O)c(C(c3cccc(NS(=O)(=O)c4cn(C)cn4)c3)C3CC3)c(=O)oc2c1,5.0
O=c1cc(-c2ccccc2)oc(O)c1C(CC1CC1)SC1CCCCC1,6.8326826652518236
CC(C)c1ccccc1Sc1c(O)cc(-c2cccc(O)c2)oc1=O,7.050609993355087
COC(=O)c1cc(-c2cc(O)c(Sc3ccccc3C(C)C)c(=O)o2)ccc1O,7.2076083105017466
CC(C)(C)NC(=O)[C@@H]1CCCCN1C[C@@H](O)C[C@@H](Cc1ccccc1)C(=O)N[C@H]1c2ccccc2C[C@H]1O,7.096910013008056
C=CCN(CC(=O)N[C@H](C(=O)N[C@H](C(=O)OC)C(C)C)[C@@H](C)CC)C(=O)[C@H](Cc1ccccc1)NC(=O)[C@H](C)N,7.0
CC(C)(C)NC(=O)[C@@H]1C[C@@H]2CCCC[C@@H]2CN1C[C@@H](O)[C@H](Cc1ccccc1)NC(=O)[C@H](CC(N)=O)NC(=O)c1ccc2ccccc2n1,6.568636235841013
CCCc1cc(O)c(C(c2cccc(NS(=O)(=O)c3cn(C)cn3)c2)C2CC2)c(=O)o1,5.522878745280337
CCC(Cc1ccccc1)c1cc(O)c(C(c2cccc(NS(=O)(=O)c3ccc(Cl)cc3)c2)C2CC2)c(=O)o1,5.698970004336019
Cn1cnc(S(=O)(=O)Nc2cccc(C(c3c(O)cc(C(CC4CC4)CC4CC4)oc3=O)C3CC3)c2)c1,5.886056647693163
CC(C)c1ccccc1Sc1c(O)cc(-c2ccc(F)cc2)oc1=O,6.906578314837765
C=CCN(C(=O)[C@H](Cc1ccccc1)NC(=O)OC(C)(C)C)[C@@H](C)C(=O)N[C@H](C(=O)N[C@H](C(=O)OC)C(C)C)[C@@H](C)CC,8.0
OC(C(COCc1ccccc1F)OCc1ccccc1)C(O)C(COCc1ccccc1F)OCc1ccccc1,6.221848749616356
OC(C(COCc1ccc(C(F)(F)F)cc1)OCc1ccccc1)C(O)C(COCc1ccc(C(F)(F)F)cc1)OCc1ccccc1,5.301029995663981
CCC(CC1CCOCC1)c1cc(O)c(C(c2cccc(NS(=O)(=O)c3cn(C)cn3)c2)C2CC2)c(=O)o1,5.376750709602099
O=c1cc(C(CC2CC2)CC2CC2)oc(O)c1C(c1cccc(NS(=O)(=O)c2ccccc2)c1)C1CC1,5.3872161432802645
CCC(Cc1ccccc1)c1cc(O)c(C(c2cccc(NS(=O)(=O)c3ccc(C#N)cc3)c2)C2CC2)c(=O)o1,5.795880017344075
COc1ccccc1-c1cc(O)c(Sc2ccccc2C(C)C)c(=O)o1,5.848323769152953
Cc1cc(C)cc(-c2cc(O)c(Sc3ccccc3C(C)C)c(=O)o2)c1,7.823908740944319
O[C@@H]([C@H](O)[C@@H](COc1ccccc1)OCc1ccccc1)[C@@H](COc1ccccc1)OCc1ccccc1,4.301029995663981
OC(C(COCc1ccccc1)OCc1ccc(F)cc1)C(O)C(COCc1ccccc1)OCc1ccc(F)cc1,6.154901959985743
CC(C)C[C@@H]1[C@H](OC(=O)N[C@@H](Cc2ccccc2)[C@H](O)CN2C[C@H]3CCCC[C@H]3C[C@H]2C(=O)NC(C)(C)C)CCS1(=O)=O,7.522878745280337
NC(=O)OC[C@@H]1CCCOC1,6.158640529545145
CC(C)(C)NS(=O)(=O)c1ccccc1C[C@@H](O)C[C@@H](Cc1ccccc1)C(=O)N[C@H]1c2ccccc2C[C@H]1O,8.221848749616356
OC(C(COCc1ccccc1)OCc1ccc(C(F)(F)F)cc1)C(O)C(COCc1ccccc1)OCc1ccc(C(F)(F)F)cc1,5.0
COC(=O)c1ccc(COC(COCc2ccccc2)C(O)C(O)C(COCc2ccccc2)OCc2ccc(C(=O)OC)cc2)cc1,5.075720713938118
C[C@@H]1OCC[C@@H]1OC(=O)N[C@@H](Cc1ccccc1)[C@H](O)CN1C[C@H]2CCCC[C@H]2C[C@H]1C(=O)NC(C)(C)C,7.280668713016273
CC[C@H]1[C@@H](OC(=O)N[C@@H](Cc2ccccc2)[C@H](O)CN2C[C@H]3CCCC[C@H]3C[C@H]2C(=O)NC(C)(C)C)CCS1(=O)=O,8.267606240177031
CCC(Cc1ccccc1)c1cc(O)c(C(c2cccc(NS(=O)(=O)c3cn(C)cn3)c2)C2CC2)c(=O)o1,5.795880017344075
O=c1cc(-c2ccccc2)oc(O)c1C(Sc1ccccc1)c1ccccc1,6.107905397309519
COC(=O)[C@@H](NC(=O)[C@H](CC(C)C)NC(=O)[C@@H](NC(=O)CCCOc1cccc(OCCCC(=O)N[C@H](C(=O)N[C@@H](CC(C)C)C(=O)N[C@H](C(=O)OC)C(C)C)C(C)C)n1)C(C)C)C(C)C,5.522878745280337
CC(C)c1ccccc1Sc1c(O)cc(-c2ccc(Cl)cc2)oc1=O,7.119186407719209
CC[C@H](C)[C@H](NC(=O)CN(CC(Cl)CCl)C(=O)[C@H](Cc1ccccc1)NC(=O)[C@H](C)NC(=O)OC(C)(C)C)C(=O)N[C@H](C(=O)OC)C(C)C,7.0
C=CCN(CC(=O)N[C@H](C(=O)N[C@H](C(=O)OC)C(C)C)[C@@H](C)CC)C(=O)OC(C)(C)C,7.0
Cn1cnc(S(=O)(=O)Nc2cccc(C(c3c(O)cc(CCc4ccccc4)oc3=O)C3CC3)c2)c1,5.522878745280337
OC(C(COCc1ccccc1)OCc1ccc(Cl)cc1)C(O)C(COCc1ccccc1)OCc1ccc(Cl)cc1,5.698970004336019
OCc1ccc(COC(COCc2ccccc2)C(O)C(O)C(COCc2ccccc2)OCc2ccc(CO)cc2)cc1,5.0
CC(C)[C@H]1SCC[C@H]1OC(=O)N[C@@H](Cc1ccccc1)[C@H](O)CN1C[C@H]2CCCC[C@H]2C[C@H]1C(=O)NC(C)(C)C,8.045757490560675
CCC(Cc1ccccc1)c1cc(O)c(C(c2cccc(NS(=O)(=O)c3cn(C)cn3)c2)C2CC2)c(=O)o1,6.045757490560675
CC(C)CC(Sc1ccccc1)c1c(O)cc(-c2ccccc2)oc1=O,6.3872161432802645
CC[C@H](C)[C@H](NC(=O)[C@H](Cc1ccccc1)CC(O)CN1CCCCC1C(=O)NC(C)(C)C)C(=O)NCc1ccccn1,6.6020599913279625
OC(C(COCc1c(F)cccc1F)OCc1ccc(F)cc1)C(O)C(COCc1c(F)cccc1F)OCc1ccc(F)cc1,6.481486060122113
CC(C)(C)NC(=O)[C@@H]1C[C@@H]2CCCC[C@@H]2CN1C[C@@H](O)[C@H](Cc1ccccc1)NC(=O)O[C@@H]1CCS(=O)(=O)C1,6.853871964321762
CCC1(CC=C(C)C)Oc2ccccc2-n2cccc2C1=O,6.522878745280337
O=c1cc(-c2ccccc2)oc(O)c1C(Sc1ccccc1)C1CCCCC1,5.61261017366127
Cc1ccc(COCC(OCc2ccccc2)C(O)C(O)C(COCc2ccc(C)cc2)OCc2ccccc2)cc1,5.522878745280337
CC(C)c1ccccc1Sc1c(O)cc(-c2ccccc2)oc1=O,7.431798275933005
CC(C)c1ccccc1Sc1c(O)cc(-c2ccc(C#N)cc2)oc1=O,6.688246138944246
CSc1ccccc1C[C@@H](O)C[C@@H](Cc1ccccc1)C(=O)N[C@H]1c2ccccc2C[C@H]1O,7.022276394711152
CC(C)(C)NC(=O)[C@@H]1C[C@@H]2CCCC[C@@H]2CN1CC(O)C[C@@H](Cc1ccccc1)C(=O)N[C@H]1CCCC[C@@H]1NC(=O)c1ccc2ccccc2n1,7.154901959985743
CC[C@H](C)[C@H](NC(=O)CN(CC(Cl)CCl)C(=O)[C@H](Cc1ccccc1)NC(=O)OC(C)(C)C)C(=O)N[C@H](C(=O)OC)C(C)C,7.47755576649368
OC(C(COCc1ccccc1)OCc1ccc(Br)cc1)C(O)C(COCc1ccccc1)OCc1ccc(Br)cc1,5.6777807052660805
C[C@@H]1[C@H](OC(=O)N[C@@H](Cc2ccccc2)[C@H](O)CN2C[C@H]3CCCC[C@H]3C[C@H]2C(=O)NC(C)(C)C)CCS1(=O)=O,7.651695136951839
CC(C)C[C@H]1[C@@H](OC(=O)N[C@@H](Cc2ccccc2)[C@H](O)CN2C[C@H]3CCCC[C@H]3C[C@H]2C(=O)NC(C)(C)C)CCS1(=O)=O,7.920818753952375
CC(C)(C)NC(=O)[C@@H]1CCCCN1C[C@@H](O)[C@H](Cc1ccccc1)NC(=O)[C@H](CC(N)=O)NC(=O)c1ccc2ccccc2n1,8.0
CC[C@H](C)[C@H](NC(=O)[C@H](CC(C)C)CC(O)CN1C[C@H]2CCCC[C@H]2C[C@H]1C(=O)NC(C)(C)C)C(=O)NCc1nc2ccccc2[nH]1,7.522878745280337
OC(C(COCc1ccc(F)cc1)OCc1ccc(F)cc1)C(O)C(COCc1ccc(F)cc1)OCc1ccc(F)cc1,5.795880017344075
O=C(O)c1ccc(COC(COCc2ccccc2)C(O)C(O)C(COCc2ccccc2)OCc2ccc(C(=O)O)cc2)cc1,4.585026652029182
O=c1cc(C(CC2CC2)CC2CC2)oc(O)c1C(c1cccc(NS(=O)(=O)c2ccc(F)cc2)c1)C1CC1,5.657577319177793
CC(C)CC(SC1CCCC1)c1c(O)cc(-c2ccccc2)oc1=O,7.236572006437063
CC(C)c1ccccc1Sc1c(O)cc(-c2ccccc2Cl)oc1=O,6.647817481888637
CC(C)c1ccccc1Sc1c(O)cc(-c2cccc(-c3ccccc3)c2)oc1=O,7.42021640338319
CC(C)c1ccccc1Sc1c(O)cc(-c2ccc(O)cc2)oc1=O,7.267606240177032
CCOC(=O)c1cccc(-c2cc(O)c(Sc3ccccc3C(C)C)c(=O)o2)c1,5.713543530253017
O=C(N[C@H]1c2ccccc2C[C@H]1O)[C@H](Cc1ccccc1)C[C@H](O)Cc1ccccc1,5.920818753952375
CC[C@@H](C)[C@H](NC(=O)[C@@H](NC(=O)CCCOc1cccc(OCCCC(=O)N[C@H](C(=O)N[C@H](C(=O)N[C@H](C(=O)OC)C(C)C)[C@H](C)CC)C(C)O)n1)C(C)O)C(=O)N[C@H](C(=O)OC)C(C)C,5.376750709602099
CC(C)c1ccccc1Sc1c(O)cc(-c2ccc(Cl)c(Cl)c2)oc1=O,7.657577319177793
CC[C@H](C)[C@H](NC(=O)[C@H](Cc1ccccc1)CC(O)CN1C[C@H]2CCCC[C@H]2C[C@H]1C(=O)NC(C)(C)C)C(=O)NCc1ccccn1,6.823908740944319
CC(C)(C)NC(=O)[C@@H]1C[C@@H]2CCCC[C@@H]2CN1CC(O)C[C@@H](Cc1ccccc1)C(=O)N[C@H]1CCCC[C@@H]1NC(=O)c1cc2ccccc2cn1,7.154901959985743
O[C@@H]([C@H](OCc1ccccc1)[C@H](COCc1ccccc1)OCc1ccccc1)[C@@H](COCc1ccccc1)OCc1ccccc1,4.301029995663981
OCc1ccc(COCC(OCc2ccccc2)C(O)C(O)C(COCc2ccc(CO)cc2)OCc2ccccc2)cc1,5.920818753952375
CO[C@@H]1OC(CNC(=O)OCc2ccccc2)[C@@H](O)C(OCc2ccccc2)[C@H]1O,5.33161408331
CO[C@@H]1OC2COC(c3ccccc3)O[C@H]2C(OCc2ccccc2)[C@H]1O,5.314258261397736
CCC(Cc1ccccc1)c1cc(O)c(C(c2cccc(NS(=O)(=O)c3cn(C)cn3)c2)C2CC2)c(=O)o1,6.221848749616356
C=CCN(CC(=O)N[C@H](C(=O)N[C@H](C(=O)OC)C(C)C)[C@@H](C)CC)C(=O)[C@@H](N)Cc1ccccc1,7.0
CC(C)c1ccccc1Sc1c(O)cc(-c2cc(Cl)cc(Cl)c2)oc1=O,7.585026652029182
Cc1ccc(C[C@@H](O)C[C@@H](Cc2ccccc2)C(=O)N[C@H]2c3ccccc3C[C@H]2O)c(C(=O)NC(C)(C)C)c1,8.769551078621726
CC[C@H](C)[C@H](NC(=O)[C@H](Cc1ccccc1)C[C@@H](O)CN1C[C@H]2CCCC[C@H]2C[C@H]1C(=O)NC(C)(C)C)C(=O)NCc1nc2ccccc2[nH]1,7.522878745280337
CC[C@H](C)[C@H](NC(=O)[C@H](Cc1ccccc1)CC(O)CN1C[C@H]2CCCC[C@H]2C[C@H]1C(=O)NC(C)(C)C)C(=O)OC,6.060480747381382
C=CCN(CC(=O)N[C@H](C(=O)N[C@H](C(=O)OC)C(C)C)[C@@H](C)CC)C(=O)[C@H](Cc1ccccc1)NC(=O)[C@H](C)NC(=O)OC(C)(C)C,7.447331783887806
N#Cc1ccc(COCC(OCc2ccccc2)C(O)C(O)C(COCc2ccc(C#N)cc2)OCc2ccccc2)cc1,5.366531544420414
O=c1cc(-c2ccccc2)oc(O)c1C(CC1CC1)SCc1ccccc1,7.075720713938118
O=c1cc(-c2ccccc2)oc(O)c1C(SC1CCCC1)C1CCCC1,6.647817481888637
CC[C@H](C)[C@H](NC(=O)[C@H](Cc1ccccc1)CC(O)CN1C[C@H]2CCCC[C@H]2C[C@H]1C(=O)NC(C)(C)C)C(=O)NCCc1nc2ccccc2[nH]1,6.886056647693163
CC[C@H](C)[C@H](NC(=O)[C@H](Cc1ccccc1)CC(O)CN1CCCCC1C(=O)NC(C)(C)C)C(=O)NCc1nc2ccccc2[nH]1,7.522878745280337
C=CCN(C(=O)[C@H](Cc1ccccc1)NC(=O)[C@H](C)NC(=O)[C@H](C)NC(=O)OC(C)(C)C)[C@@H](C)C(=O)N[C@H](C(=O)N[C@H](C(=O)OC)C(C)C)[C@@H](C)CC,8.537602002101044
COC(=O)c1ccc(COCC(OCc2ccccc2)C(O)C(O)C(COCc2ccc(C(=O)OC)cc2)OCc2ccccc2)cc1,5.698970004336019
CCC(CC)c1cc(O)c(C(c2cccc(NS(=O)(=O)c3cn(C)cn3)c2)C2CC2)c(=O)o1,5.522878745280337
CCC(CCOCCOC)c1cc(O)c(C(c2cccc(NS(=O)(=O)c3cn(C)cn3)c2)C2CC2)c(=O)o1,5.236572006437063
COC(=O)[C@H](Cc1ccccc1)NC(=O)[C@H](CC(N)=O)NC(=O)[C@H](CC(C)C)NC(=O)[C@@H](NC(=O)CCCOc1ccc2ccc(OCCCC(=O)N[C@H](C(=O)N[C@@H](CC(C)C)C(=O)N[C@@H](CC(N)=O)C(=O)N[C@@H](Cc3ccccc3)C(=O)OC)C(C)O)cc2c1)C(C)O,5.356547323513812
CC(C)c1ccccc1Sc1c(O)cc(-c2cccc(Cl)c2)oc1=O,7.638272163982407
CC(C)c1ccccc1Sc1c(O)cc(-c2ccc(C(N)=O)cc2)oc1=O,6.8696662315049934
NS(=O)(=O)c1ccccc1C[C@@H](O)C[C@@H](Cc1ccccc1)C(=O)N[C@H]1c2ccccc2C[C@H]1O,6.5376020021010435
O[C@H]([C@H](O)[C@@H](COCc1ccccc1)OCc1ccccc1)[C@@H](COCc1ccccc1)OCc1ccccc1,4.301029995663981
N#Cc1ccc(COCC(OCc2ccc(C#N)cc2)C(O)C(O)C(COCc2ccc(C#N)cc2)OCc2ccc(C#N)cc2)cc1,5.508638306165727
OC(C(COCc1ccccc1)OCc1ccc(F)cc1F)C(O)C(COCc1ccccc1)OCc1ccc(F)cc1F,5.585026652029182
COc1ccc(O[C@@H]2C(CNC(C)=O)O[C@@H](OC)[C@H](O)C2OCc2ccccc2)cc1,5.111259039317107
CC(C)(C)NC(=O)[C@@H]1C[C@@H]2CCCC[C@@H]2CN1C[C@@H](O)[C@H](Cc1ccccc1)NC(=O)O[C@H]1CCS(=O)(=O)C1,7.1249387366083
CCC(Cc1ccccc1)c1cc(O)c(C(c2cccc(NS(=O)(=O)c3ccc(OC)cc3)c2)C2CC2)c(=O)o1,5.7447274948966935
O=c1cc(-c2ccccc2)oc(O)c1C(SC1CCCCC1)c1ccccc1,6.318758762624412
CCOC1=C(c2ccccc2)Oc2ccccc2-n2cccc21,3.5228787452803374
CC(C)(C)NC(=O)[C@@H]1CNCCN1C[C@@H](O)C[C@@H](Cc1ccccc1)C(=O)N[C@H]1c2ccccc2C[C@H]1O,7.42021640338319
O=C(N[C@H]1c2ccccc2C[C@H]1O)[C@H](Cc1ccccc1)C[C@H](O)Cc1ccccc1O,5.795880017344075
CS(=O)(=O)c1ccccc1C[C@@H](O)C[C@@H](Cc1ccccc1)C(=O)N[C@H]1c2ccccc2C[C@H]1O,6.503070351926785
O[C@@H]([C@H](O)[C@@H](Cc1ccccc1)OCc1ccccc1)[C@@H](Cc1ccccc1)OCc1ccccc1,4.301029995663981
Cc1ccc(COC(COCc2ccccc2)C(O)C(O)C(COCc2ccccc2)OCc2ccc(C)cc2)cc1,5.431798275933005
N#Cc1ccc(S(=O)(=O)Nc2cccc(C(c3c(O)oc(C(CC4CC4)CC4CC4)cc3=O)C3CC3)c2)cc1,5.657577319177793
CCC(Cc1ccccc1)c1cc(O)c(C(c2cccc(NS(=O)(=O)c3cccc4cccnc34)c2)C2CC2)c(=O)o1,5.638272163982407
CCC(Cc1ccccc1)c1cc(O)c(C(c2cccc(NS(=O)(=O)c3cn(C)cn3)c2)C2CC2)c(=O)o1,5.657577319177793
O=c1cc(-c2ccccc2)oc(O)c1C(CC1CCCC1)SC1CCCCC1,6.266802734893431
CN(C(=O)OC(C)(C)C)C1=C(O)C(CCc2ccccc2)(C(=O)NCC2CCCO2)OC1=O,3.714442690992226
COc1cc(CC2=C(O)C(CCc3ccccc3)(C(=O)NCC(C)(C)C)OC2=O)cc(OC)c1OC,3.0
CC(C)=CCCC(C)C1=C(O)C(CCc2ccccc2)(C(=O)NC(C)(C)C)OC1=O,6.0
CC(C)=CCCC(C)C1=C(O)C(CCc2ccccc2)(C(=O)NC(C)(C)C)OC1=O,4.823908740944319
CC(C)=CCCC(C)C1=C(O)C(CCc2ccccc2)(C(=O)NC(C)(C)C)OC1=O,5.886056647693163
CC(C)=CCCC(C)C1=C(O)C(CCc2ccccc2)(C(=O)NC(C)(C)C)OC1=O,5.886056647693163
C[C@H](C1=C(O)[C@@](CCc2ccccc2)(C(=O)NCc2ccc(C(C)(C)C)cc2)OC1=O)c1ccccc1,4.075720713938118
C[C@H](C1=C(O)[C@@](CCc2ccccc2)(C(=O)NCc2ccc(C(C)(C)C)cc2)OC1=O)c1ccccc1,5.920818753952375
C[C@H](C1=C(O)[C@@](CCc2ccccc2)(C(=O)NCc2ccc(C(C)(C)C)cc2)OC1=O)c1ccccc1,5.337242168318426
COc1ccc(S(=O)(=O)N(CC(C)C)C[C@@H](O)[C@H](Cc2ccccc2)NC(=O)OCc2ccccc2)cc1,8.522878745280337
COc1ccc(S(=O)(=O)N(CC(C)C)C[C@@H](O)[C@H](Cc2ccccc2)NC(=O)c2ccc(C)cc2)cc1,7.823908740944319
COc1ccc(S(=O)(=O)N(CC(C)C)C[C@@H](O)[C@H](Cc2ccccc2)NC(=O)c2cc(O)ccc2C)cc1,7.3979400086720375
COc1ccc(S(=O)(=O)N(CC(C)C)C[C@@H](O)[C@H](Cc2ccccc2)NC(=O)c2ccccc2C)cc1,8.301029995663981
CC(C)=CCCC(C)C1=C(O)C(C)(C(=O)NC(C)(C)C)OC1=O,3.8210230527068307
CC(C)CN(C[C@@H](O)[C@H](Cc1ccccc1)NC(=O)OCc1ccccc1)S(=O)(=O)c1ccccc1,8.221848749616356
CC(C)(C)NC(=O)C1(C)OC(O)=C(CCc2ccccc2)C1=O,4.154901959985743
CCCCNC(=O)C1(C)OC(O)=C(CCc2ccccc2)C1=O,4.0
COc1cc(CC2=C(O)C(C)(C(=O)NC3CC3)OC2=O)cc(OC)c1OC,3.0
CC1(C(=O)NC2CC2)OC(O)=C(CCc2ccccc2)C1=O,3.5316526695878427
CC(C)(C)NC(=O)C1(CCc2ccccc2)OC(O)=C(Cc2ccccc2)C1=O,4.958607314841775
COc1ccc(S(=O)(=O)N(CC(C)C)C[C@@H](O)[C@H](Cc2ccccc2)NC(=O)c2ccccc2O)cc1,6.045757490560675
CC(C)(C)OC(=O)N[C@@H](Cc1ccccc1)[C@H](O)CN[C@@H](Cc1ccccc1)C(=O)N[C@H]1c2ccccc2C[C@H]1O,6.6020599913279625
CC(C)(C)NC(=O)C1(CCc2ccccc2)OC(O)=C(c2c[nH]c3ccccc23)C1=O,3.9706162223147903
O=C(N[C@@H](Cc1ccccc1)C1(O)CCN([C@@H](Cc2ccccc2)C(=O)N[C@H]2c3ccccc3C[C@H]2O)CC1)O[C@H]1CCOC1,4.527243550682788
COCCNC(=O)C1(C)OC(O)=C(C(C)c2ccccc2)C1=O,3.6497519816658373
COc1ccc(S(=O)(=O)N(CC(C)C)C[C@@H](O)[C@H](Cc2ccccc2)NC(=O)c2ccccc2OC)cc1,6.721246399047171
CN(C(=O)OC(C)(C)C)C1=C(O)C(CCc2ccccc2)(C(=O)NC(C)(C)C)OC1=O,4.327902142064283
COc1ccc(S(=O)(=O)N(CC(C)C)C[C@@H](O)[C@H](Cc2ccccc2)NC(=O)c2cccc(C)c2)cc1,7.568636235841013
CC(C)[C@H](NC(=O)OCc1ccccc1)C(=O)N[C@@H](Cc1ccccc1)C1(O)CCN(CCc2ccccc2)CC1,4.412289034981089
COc1ccc(S(=O)(=O)N(CC(C)C)C[C@@H](O)[C@H](Cc2ccccc2)NC(=O)c2ccccc2Cl)cc1,8.221848749616356
CC(C1=C(O)C(CCc2ccccc2)(C(=O)NC(C)(C)C)OC1=O)c1ccccc1,5.3979400086720375
CC(C1=C(O)C(CCc2ccccc2)(C(=O)NC(C)(C)C)OC1=O)c1ccccc1,5.221848749616356
CC(C1=C(O)C(CCc2ccccc2)(C(=O)NC(C)(C)C)OC1=O)c1ccccc1,5.3872161432802645
CC(C1=C(O)C(CCc2ccccc2)(C(=O)NC(C)(C)C)OC1=O)c1ccccc1,5.698970004336019
CC(C1=C(O)OC(C(=O)NCCc2ccc(Cl)cc2)(C(C)C)C1=O)c1ccccc1,4.508638306165727
CC(C)C[C@@H](C(=O)NC(C)(C)C)N1CCC(O)([C@H](Cc2ccccc2)NC(=O)[C@@H](NC(=O)OCc2ccccc2)C(C)C)CC1,4.573488738635425
CC(C)(C)NC(=O)C1(CCc2ccccc2)OC(O)=C(CCc2ccccc2)C1=O,5.522878745280337
CC(C)(C)NC(=O)C1(CCc2ccccc2)OC(O)=C(c2ccc(C(C)(C)C)cc2)C1=O,4.769551078621726
COc1ccc(S(=O)(=O)N(CC(C)C)C[C@@H](O)[C@H](Cc2ccccc2)NC(=O)c2cc(N)ccc2C)cc1,8.0
CC(C1=C(O)C(C)(C(=O)NC(C)(C)C)OC1=O)c1ccccc1,3.9788107009300617
CC(C)(C)NC(=O)[C@H](CC1CCCCC1)N1CC[C@@](O)([C@H](Cc2ccccc2)NC(=O)OC(C)(C)C)C1,4.431798275933005
CC(C)(C)OC(=O)N[C@@H](Cc1ccccc1)C1(O)CCN([C@@H](Cc2ccccc2)C(=O)N[C@H]2c3ccccc3C[C@H]2O)CC1,5.835647144215563
CC(C)C[C@@H](C(=O)NC(C)(C)C)N1CCC[C@@](O)([C@H](Cc2ccccc2)NC(=O)OC(C)(C)C)C1,4.0
CC(C)(C)NC(=O)[C@H](CC1CCCCC1)N1CCC(O)([C@H](Cc2ccccc2)NC(=O)OC(C)(C)C)CC1,4.0
CC(C)(C)OC(=O)N[C@@H](Cc1ccccc1)[C@]1(O)CCCN([C@@H](Cc2ccccc2)C(=O)N[C@H]2c3ccccc3C[C@H]2O)C1,4.0
CC(C)(C)OC(=O)N[C@@H](Cc1ccccc1)[C@@]1(O)CCN([C@@H](Cc2ccccc2)C(=O)N[C@H]2c3ccccc3C[C@H]2O)C1,5.221848749616356
CCc1ccccc1C(=O)N[C@@H](Cc1ccccc1)[C@H](O)CN(CC(C)C)S(=O)(=O)c1ccc(OC)cc1,8.0
COc1ccc(S(=O)(=O)N(CC(C)C)C[C@@H](O)[C@H](Cc2ccccc2)NC(=O)c2ccccc2)cc1,7.853871964321762
COc1ccc(S(=O)(=O)N(CC(C)C)C[C@@H](O)[C@H](Cc2ccccc2)NC(=O)c2ccccc2C(F)(F)F)cc1,7.431798275933005
CC(C)(C)OC(=O)N[C@@H](Cc1ccccc1)[C@]1(O)CCN([C@@H](Cc2ccccc2)C(=O)N[C@H]2c3ccccc3C[C@H]2O)C1,6.221848749616356
CNC1=C(O)C(CCc2ccccc2)(C(=O)NCC2CCCO2)OC1=O,3.0
C[C@H](C1=C(O)[C@@](CCc2ccccc2)(C(=O)NCc2ccc(C(C)(C)C)cc2)OC1=O)c1ccccc1,4.075720713938118
C[C@H](C1=C(O)[C@@](CCc2ccccc2)(C(=O)NCc2ccc(C(C)(C)C)cc2)OC1=O)c1ccccc1,5.920818753952375
C[C@H](C1=C(O)[C@@](CCc2ccccc2)(C(=O)NCc2ccc(C(C)(C)C)cc2)OC1=O)c1ccccc1,5.267606240177032
COc1ccc(S(=O)(=O)N(CC(C)C)C[C@@H](O)[C@H](Cc2ccccc2)NC(=O)c2ccc(N)cc2C)cc1,8.045757490560675
CC(C)[C@H](NC(=O)OCc1ccccc1)C(=O)N[C@@H](Cc1ccccc1)[C@]1(O)CCN([C@@H](Cc2ccccc2)C(=O)N[C@H]2c3ccccc3C[C@H]2O)C1,6.657577319177793
CC(C1=C(O)[C@@](CCc2ccccc2)(C(=O)NCc2ccc(C(C)(C)C)cc2)OC1=O)c1ccccc1,5.301029995663981
COc1ccc(S(=O)(=O)N(CC(C)C)C[C@@H](O)[C@H](Cc2ccccc2)NC(=O)c2ccccc2C(C)C)cc1,7.309803919971486
CC(C)(C)NC(=O)[C@H](CC1CCCCC1)N1CCC[C@](O)([C@H](Cc2ccccc2)NC(=O)OC(C)(C)C)C1,4.0
CC(=O)CC(c1ccccc1)c1c(O)c2ccccc2oc1=O,4.522878745280337
COc1ccc(S(=O)(=O)N(CC(C)C)C[C@@H](O)[C@H](Cc2ccccc2)NC(=O)c2ccc(O)cc2C)cc1,8.301029995663981
COc1ccc(S(=O)(=O)N(CC(C)C)C[C@@H](O)[C@H](Cc2ccccc2)NC(=O)c2cccc(N)c2C)cc1,8.221848749616356
CNC(=O)C1(C)OC(O)=C(C(C)c2ccccc2)C1=O,3.6126101736612704
COc1cc(CC2=C(O)C(C)(C(=O)NC(C)(C)C)OC2=O)cc(OC)c1OC,3.0
CC(C)(C)NC(=O)C1(CCc2ccccc2)OC(O)=C(c2ccc(-c3ccccc3)cc2)C1=O,4.568636235841013
COc1ccc(S(=O)(=O)N(CC(C)C)C[C@@H](O)[C@H](Cc2ccccc2)NC(=O)c2cccc(O)c2C)cc1,8.522878745280337
CC(C)(C)OC(=O)N[C@@H](Cc1ccc(O)cc1)[C@@H](O)[C@@H]1CCC[C@H]1C(=O)NCc1ccccc1,6.229899452304766
O=C(N[C@@H](Cc1ccccc1)[C@@H](O)C[C@@H](Cc1ccccc1)C(=O)N[C@H]1c2ccccc2C[C@H]1O)O[C@H]1CCOC1,10.221993538576491
CONC(=O)[C@H](NC(=O)C[C@@H]1O[C@@H]1[C@H](Cc1ccccc1)NC(=O)[C@H](CC(N)=O)NC(=O)c1ccc2ccccc2n1)C(C)C,8.0
CC(=O)N[C@H](C(=O)N[C@@H](Cc1ccccc1)C(O)[C@H](Cc1ccccc1)NC(=O)[C@@H](NC(C)=O)C(C)C)C(C)C,7.920818753952375
CC(C)(C)OC(=O)N[C@@H](Cc1ccccc1)[C@@H](O)C[C@@H](Cc1ccncc1)C(=O)N[C@H]1c2ccccc2C[C@H]1O,9.275724130399212
CC(C)(C)OC(=O)N[C@@H](Cc1ccccc1)[C@@H](O)[C@H](O)[C@H](Cc1ccccc1)NC(=O)OC(C)(C)C,5.861700460350527
CC(C)(C)OC(=O)N[C@@H](Cc1ccccc1)[C@@H](O)C[C@@H](Cc1ccccc1)C(=O)N[C@H]1c2ccccc2C[C@H]1O,9.602059991327963
CC(C)(C)OC(=O)N[C@@H](Cc1ccccc1)[C@@H](O)C[C@@H](Cc1ccccc1)C(=O)NCc1ccccc1,6.943095148663527
CC[C@H](C)[C@H](NC(=O)[C@@H]1CCCN1C(=O)[C@@H](O)[C@H](Cc1ccccc1)NC(=O)[C@@H](CC(N)=O)NC(=O)OCc1ccccc1)C(=O)N[C@H](C(=O)OC)C(C)C,8.508638306165727
CC(C)(C)OC(=O)[C@@H]1CCCN1C[C@@H](O)[C@H](Cc1ccccc1)NC(=O)OCc1ccccc1,5.187086643357144
CC(C)c1nc(CN(C)C(=O)NC(C(=O)N[C@@H](Cc2ccccc2)[C@@H](O)C[C@H](Cc2ccccc2)NC(=O)OCc2cnc(C(C)C)s2)C(C)C)cs1,8.823908740944319
COC(=O)[C@@H]1Cc2ccccc2[C@@H]1NC(=O)[C@H](Cc1ccccc1)C[C@H](O)[C@H](Cc1ccccc1)NC(=O)OC(C)(C)C,7.178486471595227
CC(C)(C)OC(=O)[C@@H]1CCCN1C[C@H](O)[C@H](Cc1ccccc1)NC(=O)[C@H](CC(N)=O)NC(=O)OCc1ccccc1,6.853871964321762
CC(C)(C)OC(=O)[C@@H]1CCCN1C[C@H](O)[C@H](Cc1ccccc1)NC(=O)[C@H](CC(N)=O)NC(=O)OCc1ccccc1,7.292429823902063
CC(C)(C)OC(=O)[C@@H]1CCCN1C[C@H](O)[C@H](Cc1ccccc1)NC(=O)[C@H](CC(N)=O)NC(=O)OCc1ccccc1,6.886056647693163
C[C@@H](NC(=O)[C@H](Cc1ccccc1)C[C@H](O)[C@H](Cc1ccccc1)NC(=O)OC(C)(C)C)C1CCCCC1,6.835647144215563
CC(C)[C@@H](NC(=O)C[C@@H]1O[C@@H]1[C@H](Cc1ccccc1)NC(=O)[C@H](CC(N)=O)NC(=O)c1ccc2ccccc2n1)c1ccccc1,8.0
CC(C)(C)OC(=O)N[C@@H](Cc1ccccc1)[C@@H](O)C[C@@H](Cc1ccc(O)cc1)C(=O)N[C@H]1c2ccccc2C[C@H]1O,9.795880017344075
CC(C)(C)OC(=O)N[C@@H](Cc1ccccc1)[C@@H](O)C[C@@H](Cc1ccccc1)C(=O)N[C@H](CO)c1ccccc1,7.413412695328245
CC[C@H](C)[C@H](NC(=O)[C@@H]1CCCN1C[C@@H](O)[C@H](Cc1ccccc1)NC(=O)[C@H](CC(N)=O)NC(=O)OC(C)(C)C)C(=O)N[C@H](C(=O)OC)C(C)C,6.070581074285707
CC(C)[C@H](NC(=O)OCc1ccccc1)C(=O)N[C@@H](Cc1ccccc1)[C@H](O)[C@H](O)[C@H](Cc1ccccc1)NC(=O)[C@@H](NC(=O)OCc1ccccc1)C(C)C,9.657577319177793
CC(C)[C@H](N)C(=O)N[C@@H](Cc1ccccc1)C(O)[C@H](Cc1ccccc1)NC(=O)[C@@H](N)C(C)C,6.229147988357855
CC(C)(C)OC(=O)N[C@@H](Cc1ccccc1)[C@@H](O)C[C@@H](CSc1ccccc1)C(=O)N[C@H]1c2ccccc2C[C@H]1O,9.602059991327963
CC(C)(C)NC(=O)[C@@H]1C[C@@H]2CCCC[C@@H]2CN1C[C@@H](O)[C@H](Cc1ccccc1)NC(=O)[C@@H](NC(=O)c1ccc2ccccc2n1)[C@@H]1CCOC1,8.267606240177031
CC[C@H](C)[C@H](NC(=O)[C@@H]1CCCN1C[C@H](O)[C@H](Cc1ccccc1)NC(=O)[C@H](CC(N)=O)NC(=O)OCc1ccccc1)C(=O)N[C@H](C(=O)OC)C(C)C,7.886056647693163
CC(C)(C)NC(=O)[C@@H]1CCCN1C(=O)[C@H](O)[C@H](Cc1ccccc1)NC(=O)[C@H](CC(N)=O)NC(=O)OCc1ccccc1,5.508638306165727
N[C@@H](Cc1ccccc1)C(O)[C@@H](N)Cc1ccccc1,5.0
CC(C)(C)OC(=O)N[C@@H](Cc1ccccc1)[C@@H](O)C[C@@H](C/C=C/c1ccccc1)C(=O)N[C@H]1c2ccccc2C[C@H]1O,9.638272163982407
CC(C)(C)OC(=O)N[C@@H](Cc1ccccc1)[C@@H](O)C[C@@H](Cc1ccc(C(C)(C)C)cc1)C(=O)N[C@H]1c2ccccc2C[C@H]1O,9.769551078621726
CC(C)c1nc(CN(C)C(=O)NCCC(=O)N[C@@H](Cc2ccccc2)C[C@H](O)[C@H](Cc2ccccc2)NC(=O)OCc2cncs2)cs1,8.958607314841775
CCCN(CCc1csc(C(C)C)n1)C(=O)NC(C)C(=O)N[C@@H](Cc1ccccc1)C[C@H](O)[C@H](Cc1ccccc1)NC(=O)OCc1cncs1,8.387216143280265
CC(C)(C)OC(=O)N[C@@H](Cc1ccccc1)[C@@H](O)[C@H](O)[C@H](Cc1ccccc1)NC(=O)OC(C)(C)C,6.552841968657781
CC(C)(C)OC(=O)N[C@@H](Cc1ccccc1)[C@@H](O)C[C@@H](Cc1ccc(N)cc1)C(=O)N[C@H]1c2ccccc2C[C@H]1O,9.508638306165727
CC(C)(C)OC(=O)N[C@@H](Cc1ccccc1)[C@@H](O)C[C@]1(Cc2ccccc2)CCCN([C@H]2c3ccccc3C[C@H]2O)C1=O,5.8965007338370405
CC(C)(C)NC(=O)[C@@H]1C[C@@H]2CCCC[C@@H]2CN1C[C@@H](O)[C@H](Cc1ccccc1)NC(=O)[C@H](CC(N)=O)NC(=O)c1ccc2ccccc2n1,9.639974910810603
CC(C)c1csc(COC(=O)NC(C(=O)N[C@@H](Cc2ccccc2)[C@@H](O)C[C@H](Cc2ccccc2)NC(=O)OCc2cncs2)C(C)C)n1,8.721246399047171
CC(C)(C)OC(=O)N[C@@H](Cc1ccccc1)[C@@H](O)C[C@@H](CC(=O)c1ccccc1)C(=O)N[C@H]1c2ccccc2C[C@H]1O,8.266000713461613
CC(NC(=O)N(Cc1csc(C(C)C)n1)C1CC1)C(=O)N[C@@H](Cc1ccccc1)[C@@H](O)C[C@H](Cc1ccccc1)NC(=O)OCc1cncs1,8.0268721464003
CC(C)(C)OC(=O)N[C@@H](Cc1ccccc1)[C@H](O)[C@H](O)[C@H](Cc1ccccc1)NC(=O)OC(C)(C)C,7.920818753952375
CC(C)(C)OC(=O)N[C@@H](Cc1ccccc1)[C@@H](O)C[C@@H](Cc1ccccc1)C(=O)N[C@H](CO)Cc1ccccc1,6.161150909262744
CC(C)(C)NC(=O)[C@@H]1CCCN1C(=O)[C@@H](O)[C@H](Cc1ccccc1)NC(=O)[C@H](CC(N)=O)NC(=O)c1ccc2ccccc2n1,8.958607314841775
CC(C)(C)NC(=O)[C@@H]1CCCN1C(=O)C(=O)[C@H](Cc1ccccc1)NC(=O)OCc1ccccc1,6.221848749616356
CC(C)(C)OC(=O)N[C@@H](Cc1ccccc1)[C@H](O)[C@@H](O)[C@H](Cc1ccccc1)NC(=O)OC(C)(C)C,7.3979400086720375
CC(C)(C)NC(=O)[C@@H]1C[C@@H]2CCCC[C@@H]2CN1CC(O)[C@H](Cc1ccccc1)NC(=O)OC(C)(C)C,5.5200002474083645
CC(C)(C)NC(=O)[C@@H]1CCCN1C(=O)[C@@H](O)[C@H](Cc1ccccc1)NC(=O)OCc1ccccc1,6.337242168318426
CC(C)(C)NC(=O)[C@@H]1CCCCN1C(=O)[C@@H](O)[C@H](Cc1ccccc1)NC(=O)[C@H](CC(N)=O)NC(=O)OCc1ccccc1,7.585026652029182
CC(=O)N[C@@H](Cc1ccccc1)C(O)[C@H](Cc1ccccc1)NC(C)=O,5.0
CC(C)(C)OC(=O)N[C@@H](Cc1ccccc1)[C@@H](O)C[C@@H](CCCc1ccccc1)C(=O)N[C@H]1c2ccccc2[C@@H](O)[C@H]1O,9.721246399047171
CC(C)(C)OC(=O)N[C@@H](Cc1ccccc1)[C@@H](O)/C=C(/Cc1ccccc1)C(=O)N[C@H]1c2ccccc2C[C@H]1O,8.890084136976206
CC(C)(C)OC(=O)CN(Cc1ccccc1)C[C@@H](O)[C@H](Cc1ccccc1)NC(=O)OC(C)(C)C,5.330000131185909
CC[C@H](C)[C@H](NC(=O)[C@@H]1CCCN1C[C@H](O)[C@H](Cc1ccccc1)NC(=O)[C@H](CC(N)=O)NC(=O)OC(C)(C)C)C(=O)N[C@H](C(=O)OC)C(C)C,7.795880017344075
CC(C)[C@H](Cc1ccccc1)NC(=O)C[C@@H]1O[C@@H]1[C@H](Cc1ccccc1)NC(=O)[C@H](CC(N)=O)NC(=O)c1ccc2ccccc2n1,8.0
CC(C)(C)OC(=O)N[C@@H](Cc1ccccc1)[C@@H](O)C[C@@H](Cc1ccccc1)C(=O)N[C@@H]1c2ccccc2OC[C@@H]1O,7.392544976785332
CC(C)c1nc(CN(C(=O)NC(C(=O)N[C@@H](Cc2ccccc2)[C@@H](O)C[C@H](Cc2ccccc2)NC(=O)OCc2cncs2)C(C)C)C2CC2)cs1,8.721246399047171
CC(C)(C)OC(=O)N[C@@H](Cc1ccccc1)[C@@H](O)C[C@@H](Cc1c(F)c(F)c(F)c(F)c1F)C(=O)N[C@H]1c2ccccc2C[C@H]1O,9.221848749616356
CC(C)[C@H](NC(=O)[C@H](Cc1ccccc1)C[C@H](O)[C@H](Cc1ccccc1)NC(=O)OC(C)(C)C)C(=O)O,6.79317412396815
O=C(N[C@H]1c2ccccc2C[C@H]1O)[C@H](Cc1ccccc1)CC(O)C[C@@H](Cc1ccccc1)C(=O)N[C@H]1c2ccccc2C[C@H]1O,9.160019442321657
CC(C)(C)NC(=O)[C@@H]1CCCCN1C[C@@H](O)[C@H](Cc1ccccc1)NC(=O)[C@H](CC(N)=O)NC(=O)OCc1ccccc1,7.7447274948966935
CC(C)c1nc(CN(C(=O)NCCC(=O)N[C@@H](Cc2ccccc2)C[C@H](O)[C@H](Cc2ccccc2)NC(=O)OCc2cncs2)C2CC2)cs1,7.853871964321762
CC(C)[C@H](NC(=O)OCc1ccccc1)C(=O)N[C@@H](Cc1ccccc1)C(O)[C@H](Cc1ccccc1)NC(=O)[C@@H](NC(=O)OCc1ccccc1)C(C)C,8.522878745280337
CCN(CCc1csc(C(C)C)n1)C(=O)NC(C)C(=O)N[C@@H](Cc1ccccc1)C[C@H](O)[C@H](Cc1ccccc1)NC(=O)OCc1cncs1,8.638272163982407
CC(C)(C)OC(=O)N[C@@H](Cc1ccccc1)[C@@H](O)C[C@@H](Cc1ccc([N+](=O)[O-])cc1)C(=O)N[C@H]1c2ccccc2C[C@H]1O,9.568636235841012
CC(C)(C)OC(=O)N[C@@H](Cc1ccccc1)[C@@H](O)C[C@@](C)(Cc1ccccc1)C(=O)N[C@H]1c2ccccc2C[C@H]1O,8.113509274827518
CC(C)(C)OC(=O)N[C@@H](Cc1ccccc1)[C@@H](O)C[C@@H](Cc1ccccc1)C(=O)N[C@H]1CCCC[C@H]1O,6.914352711703144
CC(C)(C)OC(=O)N[C@@H](Cc1ccccc1)[C@@H](O)C[C@@H](Cc1ccccc1)C(=O)NC1Cc2ccccc2C1,6.886056647693163
CC(C)(C)NC(=O)[C@@H]1CCCN1C(=O)C(=O)[C@H](Cc1ccccc1)NC(=O)[C@H](CC(N)=O)NC(=O)OCc1ccccc1,7.698970004336019
CC(C)(C)NC(=O)[C@@H]1C[C@@H]2CCCC[C@@H]2CN1C[C@@H](O)C[C@@H](Cc1ccccc1)C(=O)N[C@H]1c2ccccc2C[C@H]1O,8.119987161633228
CC(C)(C)OC(=O)N[C@@H](Cc1ccccc1)[C@@H](O)C[C@@H](Cc1ccccc1)C(=O)N[C@H]1c2ccccc2CC[C@H]1O,9.154901959985743
CC(C)(C)OC(=O)N[C@@H](Cc1ccccc1)[C@@H](O)C[C@@H](Cc1ccccc1)C(=O)N[C@H]1c2ccccc2[C@@H](O)[C@H]1O,10.0
CC(C)(C)NC(=O)[C@@H]1CCCN1C(=O)[C@@H](O)[C@H](Cc1ccccc1)NC(=O)[C@H](CC(N)=O)NC(=O)COc1ccc2ccccc2c1,8.886056647693163
CC(C)(C)OC(=O)N[C@@H](Cc1ccccc1)C(O)[C@H](Cc1ccccc1)NC(=O)OC(C)(C)C,5.522878745280337
CC(C)(C)OC(=O)N[C@@H](Cc1ccccc1)[C@@H](O)C[C@@H](Cc1ccc(C(F)(F)F)cc1)C(=O)N[C@H]1c2ccccc2C[C@H]1O,9.585026652029182
CC(C)(C)NC(=O)[C@@H]1C[C@@H]2CCCC[C@@H]2CN1C[C@@H](O)[C@H](Cc1ccccc1)NC(=O)[C@@H](NC(=O)c1ccc2ccccc2n1)C1CCOC1,10.267606240177031
CC(C)(C)OC(=O)N[C@@H](Cc1ccccc1)[C@H](O)CN[C@@H](Cc1ccccc1)C(=O)N[C@H]1c2ccccc2C[C@H]1O,6.640202448965599
CC(C)(C)NC(=O)[C@@H]1CCCN1C(=O)[C@@H](O)[C@H](Cc1ccccc1)NC(=O)[C@H](CC(N)=O)NC(=O)OCc1ccccc1,8.130768280269024
CC(C)c1nc(CN(C)C(=O)NCCC(=O)N[C@@H](Cc2ccccc2)[C@@H](O)C[C@H](Cc2ccccc2)NC(=O)OCc2cncs2)cs1,8.886056647693163
CC(C)[C@H](NC(=O)OCc1ccccc1)C(=O)N[C@@H](Cc1ccccc1)[C@@H](O)[C@H](O)[C@H](Cc1ccccc1)NC(=O)[C@@H](NC(=O)OCc1ccccc1)C(C)C,9.657577319177793
CC(C)(C)NC(=O)[C@@H]1C[C@@H]2CCCC[C@@H]2CN1CC(O)CN1C[C@H]2CCCC[C@H]2C[C@H]1C(=O)NC(C)(C)C,5.169999984192581
CC(C)(C)NC(=O)[C@@H]1CC2CCCCC2CN1C[C@@H](O)[C@H](Cc1ccccc1)NC(=O)[C@H](CC(N)=O)NC(=O)OCc1ccccc1,8.568636235841012
CC(C)[C@H](NC(=O)OCc1ccccc1)C(=O)N[C@@H](Cc1ccccc1)[C@H](O)[C@@H](O)[C@H](Cc1ccccc1)NC(=O)[C@@H](NC(=O)OCc1ccccc1)C(C)C,9.42021640338319
C=CC[C@H](C[C@H](O)[C@H](Cc1ccccc1)NC(=O)OC(C)(C)C)C(=O)N[C@H]1c2ccccc2C[C@H]1O,7.560667306169737
CC(C)(C)OC(=O)N[C@@H](Cc1ccccc1)[C@@H](O)C[C@@H](Cc1ccccc1)C(=O)N[C@@H]1CCc2ccccc21,7.465339424171556
CC(C)(C)NC(=O)[C@@H]1C[C@@H]2CCCC[C@@H]2CN1C(=O)[C@@H](O)[C@H](Cc1ccccc1)NC(=O)[C@H](CC(N)=O)NC(=O)OCc1ccccc1,7.075720713938118
CC(C)(C)OC(=O)N[C@@H](Cc1ccccc1)[C@@H](O)C[C@@H](Cc1ccc(I)cc1)C(=O)N[C@H]1c2ccccc2C[C@H]1O,9.142667503568731
CC(C)(C)OC(=O)N[C@@H](Cc1ccccc1)[C@@H](O)CC(=O)NC1c2ccccc2C[C@H]1O,6.245697542889856
CC(C)[C@H](NC(=O)[C@H](Cc1ccccc1)C[C@H](O)CN1C[C@H]2CCCC[C@H]2C[C@H]1C(=O)NC(C)(C)C)C(=O)Nc1ccc2ccccc2n1,7.277366077466188
CC(C)(C)OC(=O)N[C@@H](Cc1ccccc1)[C@@H](O)C[C@@H](Cc1ccccc1)C(=O)NCC1CCCCC1,4.522878745280337
CC(C)(C)NC(=O)[C@@H]1CCCN1C(=O)[C@@H](O)[C@H](Cc1ccccc1)NC(=O)[C@H](CC(N)=O)NC(=O)COc1cccc2ccccc12,9.236572006437063
CCCN(Cc1csc(C(C)C)n1)C(=O)NCC(=O)N[C@@H](Cc1ccccc1)C[C@H](O)[C@H](Cc1ccccc1)NC(=O)OCc1cncs1,8.920818753952375
Cc1ccc(C[C@H](C[C@H](O)[C@H](Cc2ccccc2)NC(=O)OC(C)(C)C)C(=O)N[C@H]2c3ccccc3C[C@H]2O)cc1,9.537602002101044
CC[C@H](C)[C@H](NC(=O)[C@@H]1CCCN1C[C@@H](O)[C@H](Cc1ccccc1)NC(=O)[C@H](CC(N)=O)NC(=O)OCc1ccccc1)C(=O)N[C@H](C(=O)OC)C(C)C,7.0
CC(C)(C)NC(=O)[C@@H]1CCCN1C[C@@H](O)[C@H](Cc1ccccc1)NC(=O)[C@H](CC(N)=O)NC(=O)OCc1ccccc1,6.6777807052660805
CC(C)[C@H](NC(=O)OCc1ccccc1)C(=O)N[C@@H](Cc1ccccc1)[C@H](O)C(=O)N1CCC[C@H]1C(=O)NC(C)(C)C,8.366531544420413
CC(=O)N[C@H](C(=O)N[C@H](C(=O)N[C@@H](Cc1ccccc1)C(O)[C@H](Cc1ccccc1)NC(=O)[C@@H](NC(=O)[C@@H](NC(C)=O)C(C)C)C(C)C)C(C)C)C(C)C,8.0
CC(C)(C)OC(=O)N[C@@H](Cc1ccccc1)[C@@H](O)CCC(=O)N[C@H]1c2ccccc2C[C@H]1O,5.532539890492736
CC(C)(C)OC(=O)N[C@@H](Cc1ccccc1)[C@@H](O)C[C@@H](Cc1ccccc1)C(=O)N[C@H]1C=CC[C@H]1O,8.020907099361674
CC(C)(C)OC(=O)N[C@@H](Cc1ccccc1)[C@@H](O)C[C@@H](Cc1ccccc1)C(=O)N[C@H]1c2ccccc2OC[C@H]1O,9.744727494896694
CC[C@H](C)[C@H](NC(=O)[C@@H]1CCCN1C(=O)[C@H](O)[C@H](Cc1ccccc1)NC(=O)[C@H](CC(N)=O)NC(=O)OCc1ccccc1)C(=O)N[C@H](C(=O)OC)C(C)C,7.6020599913279625
CC(C)[C@H](NC(=O)COc1cccc2ccccc12)C(=O)N[C@@H](Cc1ccccc1)[C@H](O)C(=O)N1CCC[C@H]1C(=O)NC(C)(C)C,8.721246399047171
CC(C)c1nc(CN(C(=O)NCCC(=O)N[C@@H](Cc2ccccc2)[C@@H](O)C[C@H](Cc2ccccc2)NC(=O)OCc2cncs2)C2CC2)cs1,7.136677139879544
CC(C)CN(Cc1csc(C(C)C)n1)C(=O)NCC(=O)N[C@@H](Cc1ccccc1)C[C@H](O)[C@H](Cc1ccccc1)NC(=O)OCc1cncs1,8.795880017344075
CC(C)(C)OC(=O)N[C@@H](Cc1ccccc1)[C@@H](O)C[C@@H](Cc1ccccc1)C(=O)N[C@@]1(C)c2ccccc2C[C@H]1O,6.672804595496767
CC(C)(C)OC(=O)[C@@H]1CCCN1C[C@H](O)[C@H](Cc1ccccc1)NC(=O)[C@H](CC(N)=O)NC(=O)OCc1ccccc1,6.522878745280337
CC(C)(C)OC(=O)[C@@H]1CCCN1C[C@H](O)[C@H](Cc1ccccc1)NC(=O)[C@H](CC(N)=O)NC(=O)OCc1ccccc1,6.346787486224656
CC(C)(C)OC(=O)[C@@H]1CCCN1C[C@H](O)[C@H](Cc1ccccc1)NC(=O)[C@H](CC(N)=O)NC(=O)OCc1ccccc1,6.7447274948966935
CC(C)(C)NC(=O)[C@@H]1C[C@@H]2CCCC[C@@H]2CN1C(=O)[C@@H](O)[C@H](Cc1ccccc1)NC(=O)[C@H](CC(N)=O)NC(=O)c1ccc2ccccc2n1,7.568636235841013
CCC(Cc1ccccc1)c1cc(O)c(C(CC)c2ccccc2)c(=O)o1,5.522878745280337
C=CCN1C(=O)N(CC=C)[C@@H](Cc2ccccc2)C(O)[C@@H]1Cc1ccccc1,4.275724130399211
O=C1N[C@@H](Cc2ccccc2)C(O)[C@H](Cc2ccccc2)N1,4.0
CCCC1(CCc2ccccc2)CC(=O)C(C(CC)c2cccc(NS(=O)(=O)c3cn(C)cn3)c2)=C(O)O1,6.301029995663981
CC(C)CC(NC(=O)OCc1ccccc1)C(=O)NC(Cc1ccccc1)C(=O)C(F)(F)C(=O)NCc1ccccc1,3.1249387366083
CC(C)(C)OC(=O)N[C@@H](Cc1ccccc1)[C@@H](O)C[C@@H](Cc1ccccc1)C(=O)N[C@H]1c2ccccc2C[C@H]1O,9.522878745280337
CC(C)(C)NC(=O)[C@@H]1CN(Cc2cccnc2)CCN1C[C@@H](O)C[C@@H](Cc1ccccc1)C(=O)N[C@H]1c2ccccc2C[C@H]1O.O,9.443697499232712
CC(C)C[C@H](NC(=O)[C@H](Cc1ccccc1)C[C@H](O)[C@H](Cc1ccccc1)NC(=O)OC(C)(C)C)C(=O)N[C@@H](Cc1ccccc1)C(N)=O,9.221848749616356
N#Cc1ccc(S(=O)(=O)Nc2cccc(C(c3c(O)c4c(oc3=O)CCCCCC4)C3CC3)c2)cc1,5.698970004336019
O=C(N[C@@H](Cc1ccccc1)[C@@H](O)C[C@@H](Cc1ccccc1)C(=O)N[C@H]1c2ccccc2C[C@H]1O)OC1CCOC1,10.522878745280337
O=C(N[C@@H](Cc1ccccc1)[C@@H](O)C[C@]1(Cc2ccccc2)N=CC(C2c3ccccc3C[C@H]2O)=C1O)O[C@H]1CCOC1,8.698970004336019
CC(C)(C)OC(=O)N[C@@H](Cc1ccccc1)[C@@H](O)C[C@@]1(Cc2ccccc2)CCN([C@H]2c3ccccc3C[C@H]2O)C1=O,7.0655015487564325
NC(=O)C(F)(F)C(=O)C(Cc1ccccc1)NC(=O)OCc1ccccc1,3.5228787452803374
CN(C(=O)[C@H](Cc1ccccc1)C[C@H](O)[C@H](Cc1ccccc1)NC(=O)OC(C)(C)C)[C@H]1c2ccccc2C[C@H]1O,6.730487055782084
CC(C)(C)OC(=O)N[C@@H](Cc1ccccc1)[C@@H](O)C[C@]1(Cc2ccc(O)cc2)N=CC(C2c3ccccc3C[C@H]2O)=C1O,8.221848749616356
CC(C)(C)OC(=O)NC(Cc1ccccc1)C(=O)C(F)(F)C(=O)NCc1ccccc1,8.397940008672037
CC(C)(C)OC(=O)N[C@@H](Cc1ccccc1)[C@@H](O)C[C@@H](Cc1ccc(O)cc1)C(=O)N[C@H]1c2ccccc2C[C@H]1O,9.795880017344075
O=C1N(Cc2ccccc2)[C@@H](Cc2ccccc2)C(O)[C@H](Cc2ccccc2)N1Cc1ccccc1,4.050609993355087
CC(C)(C)OC(=O)N[C@@H](Cc1ccccc1)[C@@H](O)C[C@@](C)(Cc1ccccc1)C(=O)N[C@H]1c2ccccc2C[C@H]1O,8.154901959985743
CC(C)C(NC(=O)OCc1ccccc1)C(=O)NC(Cc1ccccc1)C(O)C(F)(F)C(=O)NCc1ccccc1,2.3010299956639813
O=C1N(CC2CC2)[C@@H](Cc2ccccc2)C(O)[C@H](Cc2ccccc2)N1CC1CC1,5.045757490560675
CC(C)C[C@@]1(C2=C(O)[C@](Cc3ccccc3)(C[C@H](O)[C@H](Cc3ccccc3)NC(=O)OC(C)(C)C)N=C2)N=CC([C@@H](Cc2ccccc2)C(N)=O)=C1O,8.0
CC(C)(C)[C@H](NC(=O)OCc1ccccc1)C(=O)NC(Cc1ccccc1)C(=O)C(F)(F)C(=O)NCc1ccccc1,7.568636235841013
CC(C)C(NC(=O)OCc1ccccc1)C(=O)NC(Cc1ccccc1)C(=O)C(F)(F)C(=O)CCc1ccccc1,7.0
CC(C)(C)OC(=O)N[C@@H](Cc1ccccc1)[C@@H](O)C[C@]1(Cc2ccccc2)N=CC(C2c3ccccc3C[C@H]2O)=C1O,7.924453038607469
CC(C)(C)OC(=O)N[C@@H](Cc1ccccc1)[C@H](O)CNC(C(=O)N[C@H]1c2ccccc2C[C@H]1O)C(O)c1ccccc1,5.070581074285707
Cc1ccc(C(C)(C)C)c(SC2=C(O)OC(CCc3ccc(N)cc3)(c3ccccc3)CC2=O)c1,7.619788758288394
COc1cc(C(C)(C)C)c(SC2=C(O)OC(CCc3ccccc3)(c3ccccc3)CC2=O)cc1C,7.823908740944319
Cc1cc(SC2=C(O)OC(CCc3ccc(N)cc3)(C(C)C)CC2=O)c(C(C)(C)C)cc1CO,8.568636235841012
COC(=O)[C@@H](NC(=O)[C@@H](NC(=O)[C@H](Cc1ccccc1)NC(=O)[C@H](Cc1ccccc1)NC(=O)[C@H](C)/N=C(\S)[C@H](C)NC(=O)OC(C)(C)C)C(C)C)C(C)C,3.795880017344075
CC(C)(C)OC(=O)N[C@@H](Cc1ccccc1)[C@H](O)CN1C[C@H]2CCCC[C@H]2C[C@H]1C(=O)NC1c2ccccc2CC1O,5.522878745280337
Cc1cc(SC2=C(O)OC(CCc3ccccc3)(c3ccccc3)CC2=O)c(C(C)(C)C)cc1O,7.481486060122112
CC(C)(C)NC(=O)c1ccccc1C[C@@H](O)[C@H](Cc1ccccc1)NC(=O)[C@H](CS(=O)(=O)Cc1ccccc1)NS(C)(=O)=O,7.712198270069774
CC(C)(C)NC(=O)c1ccccc1C[C@@H](O)[C@H](Cc1ccccc1)NC(=O)C(CS(=O)(=O)c1ccc2ccccc2n1)NS(C)(=O)=O,8.55284196865778
Cc1cc(SC2=C(O)OC(CCc3ccc(O)cc3)(C(C)C)CC2=O)c(C(C)(C)C)cc1CO,8.443697499232712
C[C@H]1OCC[C@H]1OC(=O)N[C@@H](CSc1ccccc1)[C@H](O)CN1C[C@H]2CCS[C@H]2C[C@H]1C(=O)NC(C)(C)C,8.522878745280337
CC(C)(C)NC(=O)[C@@H]1C[C@@H]2SCC[C@@H]2CN1C[C@@H](O)[C@H](CSc1ccccc1)NC(=O)O[C@H]1CCS(=O)(=O)C1,8.769551078621726
CC(=O)N[C@@H](CS(=O)(=O)c1ccc2ccccc2n1)C(=O)N[C@@H](Cc1ccccc1)[C@H](O)Cc1ccccc1C(=O)NC(C)(C)C,9.55284196865778
N[C@@H](Cc1ccccc1)C(O)CN[C@@H](Cc1ccccc1)C(=O)NC1c2ccccc2C[C@H]1O,4.200659450546418
Cc1ccc(C(C)(C)C)c(SC2=C(O)OC(CCc3ccccc3)(c3ccc(OCCO)cc3)CC2=O)c1,7.920818753952375
Cc1cc(SC2=C(O)OC(CCc3ccccc3)(c3ccc(OCCO)cc3)CC2=O)c(C(C)(C)C)cc1CO,8.853871964321762
Cc1cc(SC2=C(O)OC(CCc3ccccc3)(c3ccc(OCCO)cc3)CC2=O)c(C(C)(C)C)cc1OCCO,8.193820026016112
CC(C)[C@@H]1[C@H](OC(=O)N[C@@H](Cc2ccccc2)[C@H](O)CN2C[C@H]3CCCC[C@H]3C[C@H]2C(=O)NC(C)(C)C)CCS1(=O)=O,8.366531544420413
CC(C)(C)NC(=O)[C@@H]1C[C@@H]2CCCC[C@@H]2CN1C[C@@H](O)[C@H](Cc1ccccc1)NC(=O)[C@H](CC(N)=O)NC(=O)c1ccc2ccccc2n1,9.468521082957745
CC(C)[C@H]1[C@@H](OC(=O)N[C@@H](Cc2ccccc2)[C@H](O)CN2C[C@H]3CCS[C@H]3C[C@H]2C(=O)NC(C)(C)C)CCS1(=O)=O,8.585026652029182
CC(C)(C)NC(=O)c1ccccc1C[C@@H](O)[C@H](Cc1ccccc1)NC(=O)[C@@H](N)CC(=O)OCc1ccccc1,6.0
CC(C)(C)NC(=O)c1ccccc1C[C@@H](O)[C@H](Cc1ccccc1)NC(=O)[C@H](CC(=O)OCc1ccccc1)NS(C)(=O)=O,8.267606240177031
Cn1nnnc1SC[C@H](NS(C)(=O)=O)C(=O)N[C@@H](Cc1ccccc1)[C@H](O)Cc1ccccc1C(=O)NC(C)(C)C,7.756961951313706
CC(C)(C)OC(=O)N[C@@H](Cc1ccccc1)[C@@H](O)C[C@@H](Cc1ccc(OCCN2CCOCC2)cc1)C(=O)N[C@H]1c2ccccc2C[C@H]1O,9.346787486224656
Cc1ccc(C(C)(C)C)c(SC2=C(O)OC(CCc3ccccc3)(c3ccc(O)cc3)CC2=O)c1,7.3979400086720375
C[C@@H]1[C@H](OC(=O)N[C@@H](CSc2ccccc2)[C@H](O)CN2C[C@H]3CCS[C@H]3C[C@H]2C(=O)NC(C)(C)C)CCS1(=O)=O,9.1249387366083
CC(=O)N[C@@H](CSc1ccccc1)C(=O)N[C@@H](Cc1ccccc1)[C@H](O)Cc1ccccc1C(=O)NC(C)(C)C,6.657577319177793
CC(=O)N[C@@H](CS(=O)(=O)c1ccc2ccccc2c1)C(=O)N[C@@H](Cc1ccccc1)[C@H](O)Cc1ccccc1C(=O)NC(C)(C)C,9.494850021680094
CC(C)(C)NC(=O)c1ccccc1C[C@@H](O)[C@H](Cc1ccccc1)NC(=O)[C@H](CS(=O)(=O)c1cccc2ccccc12)NS(C)(=O)=O,9.356547323513812
CC(C)(C)NC(=O)c1ccccc1C[C@@H](O)[C@H](Cc1ccccc1)NC(=O)[C@H](CS(=O)(=O)c1ccc(Cl)cc1)NS(C)(=O)=O,9.468521082957745
COC(=O)[C@@H](/N=C(\S)[C@@H](NC(=O)[C@H](Cc1ccccc1)NC(=O)[C@H](Cc1ccccc1)NC(=O)[C@H](C)NC(=O)[C@H](C)NC(=O)OC(C)(C)C)C(C)C)C(C)C,5.346787486224656
C[C@H]1[C@H](OC(=O)N[C@@H](CSc2ccccc2)[C@H](O)CN2C[C@H]3CCS[C@H]3C[C@H]2C(=O)NC(C)(C)C)CCS1(=O)=O,8.853871964321762
CC(C)(C)NC(=O)c1ccccc1C[C@@H](O)[C@H](Cc1ccccc1)NC(=O)[C@H](CSc1ccc2ccccc2n1)NS(C)(=O)=O,7.221848749616356
CC(C)(C)NC(=O)c1ccccc1C[C@@H](O)[C@H](Cc1ccccc1)NC(=O)[C@H](C[S+]([O-])c1ccccc1)NS(C)(=O)=O,8.721246399047171
Cc1cc(SC2=C(O)OC(C)(CCc3ccc(O)cc3)CC2=O)c(C(C)(C)C)cc1CO,8.366531544420413
CC(C)(C)OC(=O)N[C@@H](Cc1ccccc1)[C@H](O)CN[C@@H](Cc1ccccc1)C(=O)N[C@H]1c2ccccc2C[C@H]1O,6.598599459218456
Cc1ccc(C(C)(C)C)c(SC2=C(O)OC(CCc3ccccc3)(c3ccccc3)CC2=O)c1,7.455931955649724
Cc1cc(SC2=C(O)OC(CCc3cccc(O)c3)(c3ccccc3)CC2=O)c(C(C)(C)C)cc1CO,8.602059991327963
Cc1cc(SC2=C(O)OC(CCc3ccc(O)cc3)(c3ccc(O)cc3)CC2=O)c(C(C)(C)C)cc1CO,6.920818753952375
CC(C)(C)NC(=O)c1ccccc1C[C@@H](O)[C@H](Cc1ccccc1)NC(=O)[C@H](C[S+]([O-])c1ccccn1)NS(C)(=O)=O,7.714442690992226
COC(=O)[C@@H](NC(=O)[C@@H](NC(=O)[C@H](Cc1ccccc1)NC(=O)[C@H](Cc1ccccc1)/N=C(\S)[C@H](C)NC(=O)[C@H](C)NC(=O)OC(C)(C)C)C(C)C)C(C)C,4.292429823902063
CC(C)(C)NC(=O)c1ccccc1C[C@@H](O)[C@H](Cc1ccccc1)NC(=O)[C@H](CS(=O)(=O)c1ccccn1)NS(C)(=O)=O,7.657577319177793
CC(=O)N[C@@H](CC(=O)OCc1ccccc1)C(=O)N[C@@H](Cc1ccccc1)[C@H](O)Cc1ccccc1C(=O)NC(C)(C)C,7.070581074285707
CC(C)(C)NC(=O)c1ccccc1C[C@@H](O)[C@H](Cc1ccccc1)NC(=O)[C@H](CS(=O)(=O)c1ccc(C(F)(F)F)cc1)NS(C)(=O)=O,8.698970004336019
CC(C)(C)NC(=O)c1ccccc1C[C@@H](O)[C@H](Cc1ccccc1)NC(=O)[C@H](C[S+]([O-])c1ccc2ccccc2c1)NS(C)(=O)=O,8.455931955649724
COc1ccc(S(=O)(=O)C[C@H](NS(C)(=O)=O)C(=O)N[C@@H](Cc2ccccc2)[C@H](O)Cc2ccccc2C(=O)NC(C)(C)C)cc1,8.619788758288394
C[C@@H]1[C@H](OC(=O)N[C@@H](Cc2ccccc2)[C@H](O)CN2C[C@H]3CCCC[C@H]3C[C@H]2C(=O)NC(C)(C)C)CCS1(=O)=O,8.0
COc1ccc(SC[C@H](NS(C)(=O)=O)C(=O)N[C@@H](Cc2ccccc2)[C@H](O)Cc2ccccc2C(=O)NC(C)(C)C)cc1,7.795880017344075
CC(C)(C)NC(=O)[C@@H]1C[C@@H]2CCCC[C@@H]2CN1C[C@@H](O)[C@H](Cc1ccccc1)NC(=O)OC(C)(C)C,5.522878745280337
CC(C)(C)NC(=O)C(Cc1ccccc1)NCC(O)[C@H](Cc1ccccc1)NC(=O)OC(C)(C)C,4.0
CC(C)(C)OC(=O)NC(CC(N)=O)C(=O)N[C@@H](Cc1ccccc1)C(O)CN[C@@H](Cc1ccccc1)C(=O)NC1c2ccccc2C[C@H]1O,6.530177984021837
CC(C)(C)OC(=O)N[C@@H](Cc1ccccc1)[C@@H](O)CN[C@H](Cc1ccccc1)C(=O)N[C@H]1c2ccccc2C[C@H]1O,4.6307841425898575
CC(C)[C@@H]1SCC[C@@H]1OC(=O)N[C@@H](Cc1ccccc1)[C@H](O)CN1C[C@H]2CCS[C@H]2C[C@H]1C(=O)NC(C)(C)C,8.585026652029182
Cc1cc(SC2=C(O)OC(CCc3ccc(O)cc3)(C3CCCCC3)CC2=O)c(C(C)(C)C)cc1CO,8.387216143280265
CC(C)(C)NC(=O)c1ccccc1C[C@@H](O)[C@H](Cc1ccccc1)NC(=O)[C@H](CC(=O)OCc1ccccc1)NC(N)=O,7.292429823902063
CC(C)(C)NC(=O)c1ccccc1C[C@@H](O)[C@H](Cc1ccccc1)NC(=O)[C@H](CSCc1ccccc1)NS(C)(=O)=O,7.8326826652518236
CC(C)(C)OC(=O)N[C@@H](Cc1ccccc1)[C@@H](O)CN[C@@H](Cc1ccccc1)C(=O)N[C@H]1c2ccccc2C[C@H]1O,5.327902142064283
Cc1cc(SC2=C(O)OC(CCc3ccccc3)(c3ccccc3)CC2=O)c(C(C)(C)C)cc1CO,8.18045606445813
CC(C)(C)NC(=O)c1ccccc1C[C@@H](O)[C@H](Cc1ccccc1)NC(=O)[C@H](CSc1ccc(C(F)(F)F)cc1)NS(C)(=O)=O,6.769551078621726
CC(C)(C)NC(=O)c1ccccc1C[C@@H](O)[C@H](Cc1ccccc1)NC(=O)[C@H](C[S+]([O-])c1ccccn1)NS(C)(=O)=O,8.102372908709558
Cn1nnnc1[S+]([O-])C[C@H](NS(C)(=O)=O)C(=O)N[C@@H](Cc1ccccc1)[C@H](O)Cc1ccccc1C(=O)NC(C)(C)C,8.67778070526608
NC(=O)CC(NC(=O)c1ccc2ccccc2n1)C(=O)N[C@@H](Cc1ccccc1)[C@H](O)CN[C@@H](Cc1ccccc1)C(=O)NC1c2ccccc2C[C@H]1O,8.267606240177031
COCc1cc(C(C)(C)C)c(SC2=C(O)OC(CCc3ccccc3)(c3ccc(OCCO)cc3)CC2=O)cc1C,8.346787486224656
C[C@H]1[C@@H](OC(=O)N[C@@H](CSc2ccccc2)[C@H](O)CN2C[C@H]3CCS[C@H]3C[C@H]2C(=O)NC(C)(C)C)CCS1(=O)=O,9.397940008672037
COC(=O)[C@@H](NC(=O)[C@@H](NC(=O)[C@H](Cc1ccccc1)/N=C(\S)[C@H](Cc1ccccc1)NC(=O)[C@H](C)NC(=O)[C@H](C)NC(=O)OC(C)(C)C)C(C)C)C(C)C,4.7447274948966935
C[C@@H]1[C@@H](OC(=O)N[C@@H](CSc2ccccc2)[C@H](O)CN2C[C@H]3CCS[C@H]3C[C@H]2C(=O)NC(C)(C)C)CCS1(=O)=O,8.2839966563652
CC(C)(C)NC(=O)[C@@H]1C[C@@H]2CCCC[C@@H]2CN1C[C@@H](O)[C@H](Cc1ccccc1)NC(=O)[C@H](CC(N)=O)NC(=O)c1ccc2ccccc2n1,9.0
CC(C)(C)NC(=O)c1ccccc1C[C@@H](O)[C@H](Cc1ccccc1)NC(=O)[C@H](CC(=O)OCc1ccccc1)NC(=O)OC(C)(C)C,6.0
CC(C)(C)NC(=O)c1ccccc1C[C@@H](O)[C@H](Cc1ccccc1)NC(=O)[C@H](C[S+]([O-])c1ccc(F)cc1)NS(C)(=O)=O,9.42021640338319
CC(C)(C)NC(=O)c1ccccc1C[C@@H](O)[C@H](Cc1ccccc1)NC(=O)[C@H](C[S+]([O-])c1ccc(C(F)(F)F)cc1)NS(C)(=O)=O,8.638272163982407
CC(C)(C)NC(=O)c1ccccc1C[C@@H](O)[C@H](Cc1ccccc1)NC(=O)[C@H](CS(=O)(=O)c1ccc2ccccc2n1)NS(C)(=O)=O,9.522878745280337
NC(=O)CC(N)C(=O)N[C@@H](Cc1ccccc1)[C@H](O)CN[C@@H](Cc1ccccc1)C(=O)NC1c2ccccc2C[C@H]1O,5.958607314841775
CC(C)[C@H]1[C@@H](OC(=O)N[C@@H](CSc2ccccc2)[C@H](O)CN2C[C@H]3CCS[C@H]3C[C@H]2C(=O)NC(C)(C)C)CCS1(=O)=O,9.022276394711152
CC(C)(C)OC(=O)N[C@@H](Cc1ccccc1)[C@H](O)CN[C@H](Cc1ccccc1)C(=O)N[C@H]1c2ccccc2C[C@H]1O,5.136677139879544
Cc1cc(SC2=C(O)OC(CCc3cccc(N)c3)(c3ccccc3)CC2=O)c(C(C)(C)C)cc1CO,8.397940008672037
C[C@@H]1OCC[C@@H]1OC(=O)N[C@@H](CSc1ccccc1)[C@H](O)CN1C[C@H]2CCS[C@H]2C[C@H]1C(=O)NC(C)(C)C,9.55284196865778
CCCC(=O)N[C@@H](CC(=O)OCc1ccccc1)C(=O)N[C@@H](Cc1ccccc1)[C@H](O)Cc1ccccc1C(=O)NC(C)(C)C,6.490797477668897
Cc1cc(SC2=C(O)OC(CCc3ccc(O)cc3)(c3ccccc3)CC2=O)c(C(C)(C)C)cc1CO,8.769551078621726
CC(C)(C)NC(=O)[C@@H]1C[C@@H]2SCC[C@@H]2CN1C[C@@H](O)[C@H](CSc1ccccc1)NC(=O)O[C@@H]1CCS(=O)(=O)C1,8.698970004336019
CC(C)[C@H]1[C@@H](OC(=O)N[C@@H](Cc2ccccc2)[C@H](O)CN2C[C@H]3CCCC[C@H]3C[C@H]2C(=O)NC(C)(C)C)CCS1(=O)=O,8.09151498112135
CC(=O)N[C@@H](CSc1ccc2ccccc2c1)C(=O)N[C@@H](Cc1ccccc1)[C@H](O)Cc1ccccc1C(=O)NC(C)(C)C,7.376750709602099
CC(C)(C)NC(=O)c1ccccc1C[C@@H](O)[C@H](Cc1ccccc1)NC(=O)[C@H](CSc1ccc2ccccc2c1)NS(C)(=O)=O,8.744727494896694
CC(C)(C)NC(=O)c1ccccc1C[C@@H](O)[C@H](Cc1ccccc1)NC(=O)[C@H](CSc1cccc2ccccc12)NS(C)(=O)=O,8.920818753952375
CC(C)(C)OC(=O)N[C@@H](Cc1ccccc1)C(O)CNC(Cc1ccccc1)C(=O)NC(CO)c1ccccc1,4.42021640338319
CC(C)(C)OC(=O)N[C@@H](Cc1ccccc1)[C@H](O)CNC(C(=O)N[C@H]1c2ccccc2C[C@H]1O)C(O)c1ccccc1,5.0655015487564325
CC(=O)N[C@@H](CS(=O)(=O)c1ccccc1)C(=O)N[C@@H](Cc1ccccc1)[C@H](O)Cc1ccccc1C(=O)NC(C)(C)C,7.698970004336019
CC(C)(C)NC(=O)c1ccccc1C[C@@H](O)[C@H](Cc1ccccc1)NC(=O)[C@H](CS(=O)(=O)c1ccccc1)NS(C)(=O)=O,8.244125144327509
Cc1cc(SC2=C(O)OC(CCc3ccc(N)cc3)(c3ccccc3)CC2=O)c(C(C)(C)C)cc1CO,8.508638306165727
CC(C)(C)NC(=O)c1ccccc1C[C@@H](O)[C@H](Cc1ccccc1)NC(=O)[C@H](CS(=O)(=O)c1ccc(F)cc1)NS(C)(=O)=O,9.113509274827518
CC(C)[C@H]1SCC[C@H]1OC(=O)N[C@@H](Cc1ccccc1)[C@H](O)CN1C[C@H]2CCS[C@H]2C[C@H]1C(=O)NC(C)(C)C,9.585026652029182
CC(C)[C@@H]1[C@H](OC(=O)N[C@@H](Cc2ccccc2)[C@H](O)CN2C[C@H]3CCS[C@H]3C[C@H]2C(=O)NC(C)(C)C)CCS1(=O)=O,8.886056647693163
CCC(=O)N[C@@H](CC(=O)OCc1ccccc1)C(=O)N[C@@H](Cc1ccccc1)[C@H](O)Cc1ccccc1C(=O)NC(C)(C)C,7.136677139879544
CC(C)(C)NC(=O)c1ccccc1C[C@@H](O)[C@H](Cc1ccccc1)NC(=O)[C@H](C[S+]([O-])c1cccc2ccccc12)NS(C)(=O)=O,9.346787486224656
Cc1cc(SC2=C(O)OC(CCc3ccccc3)(c3ccc(OCCO)cc3)CC2=O)c(C(C)(C)C)cc1O,8.431798275933005
Cc1cc(SC2=C(O)OC(CCc3ccc(N)cc3)(C3CCCCC3)CC2=O)c(C(C)(C)C)cc1CO,8.494850021680094
CC(=O)N[C@@H](CSc1ccc2ccccc2n1)C(=O)N[C@@H](Cc1ccccc1)[C@H](O)Cc1ccccc1C(=O)NC(C)(C)C,7.8326826652518236
CC(=O)N[C@@H](C[S+]([O-])c1ccc2ccccc2n1)C(=O)N[C@@H](Cc1ccccc1)[C@H](O)Cc1ccccc1C(=O)NC(C)(C)C,9.602059991327963
CC(C)(C)NC(=O)c1ccccc1C[C@@H](O)[C@H](Cc1ccccc1)NC(=O)[C@H](CSc1ccc(F)cc1)NS(C)(=O)=O,8.356547323513812
COC(=O)[C@@H](NC(=O)[C@@H](/N=C(\S)[C@H](Cc1ccccc1)NC(=O)[C@H](Cc1ccccc1)NC(=O)[C@H](C)NC(=O)[C@H](C)NC(=O)OC(C)(C)C)C(C)C)C(C)C,3.6989700043360187
CC(C)[C@@H]1[C@H](OC(=O)N[C@@H](CSc2ccccc2)[C@H](O)CN2C[C@H]3CCS[C@H]3C[C@H]2C(=O)NC(C)(C)C)CCS1(=O)=O,9.3767507096021
CC(=O)N[C@@H](CSCc1ccccc1)C(=O)N[C@@H](Cc1ccccc1)[C@H](O)Cc1ccccc1C(=O)NC(C)(C)C,7.346787486224656
CC(C)(C)NC(=O)c1ccccc1C[C@@H](O)[C@H](Cc1ccccc1)NC(=O)[C@H](CSc1ccccc1)NS(C)(=O)=O,7.356547323513812
CC(C)(C)NC(=O)c1ccccc1C[C@@H](O)[C@H](Cc1ccccc1)NC(=O)[C@H](CSc1ccccn1)NS(C)(=O)=O,6.040958607678906
Cc1cc(SC2=C(O)OC(CCc3ccccc3)(c3ccccc3)CC2=O)c(C(C)(C)C)cc1OCCO,8.167491087293763
Cc1ccc(C(C)(C)C)c(SC2=C(O)OC(CCc3ccc(O)cc3)(c3ccccc3)CC2=O)c1,7.958607314841775
Cc1ccc(C(C)(C)C)c(SC2=C(O)OC(CCc3ccccc3)(c3ccc(N)cc3)CC2=O)c1,7.494850021680094
CC(C)[C@@H]1[C@H](OC(=O)N[C@@H](Cc2ccccc2)[C@H](O)CN2CCN(C(C)C)C[C@H]2C(=O)NC(C)(C)C)CCS1(=O)=O,7.2441251443275085
CC1(C)CC2(CC(C)(C)c3ccc(OS(=O)(=O)[O-])cc32)c2cc(OS(=O)(=O)[O-])ccc21.[K+].[K+],4.494850021680094
CC1(C)CC2(CC(C)(C)c3ccc(OS(=O)(=O)[O-])cc32)c2cc(OS(=O)(=O)[O-])ccc21.[K+].[K+],4.920818753952375
CC1(C)CC2(CC(C)(C)c3ccc(OS(=O)(=O)[O-])cc32)c2cc(OS(=O)(=O)[O-])ccc21.[K+].[K+],4.267606240177032
CCCN1CCN(C[C@@H](O)[C@H](Cc2ccccc2)NC(=O)O[C@@H]2CCS(=O)(=O)[C@@H]2C(C)C)[C@H](C(=O)NC(C)(C)C)C1,7.863279432843593
CC(C)[C@H](NC(=O)c1ccc2ccccc2n1)C(=O)N[C@@H](Cc1ccccc1)[C@H](O)CN1CC[C@@H](OCc2ccncc2)C[C@H]1C(=O)NC(C)(C)C,8.397940008672037
CC(C)[C@H](NC(=O)c1ccc2ccccc2n1)C(=O)N[C@@H](Cc1ccccc1)[C@H](O)CN1CC[C@@H](OCc2ccncc2)C[C@H]1C(=O)NC(C)(C)C,8.0
Cc1cc(S[C@@H]2CCN(C[C@@H](O)[C@H](Cc3ccccc3)NC(=O)COc3c(C)cccc3C)[C@H](C(=O)NC(C)(C)C)C2)nc(C)n1,8.823908740944319
CC1(C)CC2(CC(C)(C)c3ccc(O)c([N+](=O)[O-])c32)c2cc(O)c([N+](=O)[O-])cc21,4.327902142064283
CC1(C)CC2(CC(C)(C)c3ccc(O)c([N+](=O)[O-])c32)c2cc(O)c([N+](=O)[O-])cc21,4.275724130399211
CC1(C)CC2(CC(C)(C)c3ccc(O)c([N+](=O)[O-])c32)c2cc(O)c([N+](=O)[O-])cc21,4.0
CC1(C)CC2(CC(C)(C)c3cc([N+](=O)[O-])c(O)c([N+](=O)[O-])c32)c2cc(O)c([N+](=O)[O-])cc21,4.356547323513812
CC1(C)CC2(CC(C)(C)c3cc([N+](=O)[O-])c(O)c([N+](=O)[O-])c32)c2cc(O)c([N+](=O)[O-])cc21,4.6020599913279625
CC1(C)CC2(CC(C)(C)c3cc([N+](=O)[O-])c(O)c([N+](=O)[O-])c32)c2cc(O)c([N+](=O)[O-])cc21,4.327902142064283
CC(C)[C@@H]1[C@H](OC(=O)N[C@@H](Cc2ccccc2)[C@H](O)CN2CCN(C3CCCCC3)C[C@H]2C(=O)NC(C)(C)C)CCS1(=O)=O,7.123205023799299
CC(C)[C@@H]1[C@H](OC(=O)N[C@@H](Cc2ccccc2)[C@H](O)CN2CCN(C3CCCCC3)C[C@H]2C(=O)NC(C)(C)C)CCS1(=O)=O,7.872895201635193
CCCCN(C)C(=O)Oc1nsnc1-c1c(Cl)cccc1Cl,4.920818753952375
CCCCN(C)C(=O)Oc1nsnc1-c1c(Cl)cccc1Cl,5.769551078621726
CC1(C)CC2(CC(C)(C)c3cc(S(=O)(=O)O)c(O)cc32)c2cc(O)c(S(=O)(=O)O)cc21,4.161150909262744
Cc1cccc(C)c1OCC(=O)N[C@@H](Cc1ccccc1)[C@H](O)CN1CC[C@@H](OCc2ccncc2)C[C@H]1C(=O)NC(C)(C)C,8.154901959985743
CC1(C)CC2(CC(C)(C)c3c(Br)c(O)c(O)c(Br)c32)c2c(Br)c(O)c(O)c(Br)c21,5.503070351926785
CC1(C)CC2(CC(C)(C)c3c(Br)c(O)c(O)c(Br)c32)c2c(Br)c(O)c(O)c(Br)c21,5.749579997691106
CC1(C)CC2(CC(C)(C)c3c(Br)c(O)c(O)c(Br)c32)c2c(Br)c(O)c(O)c(Br)c21,4.823908740944319
CCC(CC)N1CCN(C[C@@H](O)[C@H](Cc2ccccc2)NC(=O)O[C@@H]2CCS(=O)(=O)[C@@H]2C(C)C)[C@H](C(=O)NC(C)(C)C)C1,7.006123085058789
CC(C)[C@@H]1[C@H](OC(=O)N[C@@H](Cc2ccccc2)[C@H](O)CN2CCN(C3CCOCC3)C[C@H]2C(=O)NC(C)(C)C)CCS1(=O)=O,7.460923901207224
CC1(C)CC2(CC(C)(C)c3ccc(O)cc32)c2cc(O)ccc21,3.560667306169737
CC1(C)CC2(CC(C)(C)c3ccc(O)cc32)c2cc(O)ccc21,3.6363880201078556
CC1(C)CC2(CC(C)(C)c3ccc(O)c(NC(N)=O)c32)c2cc(O)c(NC(N)=O)cc21,3.3767507096020997
CC1(C)CC2(CC(C)(C)c3ccc(O)c(NC(N)=O)c32)c2cc(O)c(NC(N)=O)cc21,3.4559319556497243
CC(C)CN1CCN(C[C@@H](O)[C@H](Cc2ccccc2)NC(=O)O[C@@H]2CCS(=O)(=O)[C@@H]2C(C)C)[C@H](C(=O)NC(C)(C)C)C1,7.567030709125595
CC(C)[C@@H]1[C@H](OC(=O)N[C@@H](Cc2ccccc2)[C@H](O)CN2CCN(C3CC3)C[C@H]2C(=O)NC(C)(C)C)CCS1(=O)=O,8.318758762624412
Cc1c(O)cccc1C(=O)N[C@@H](Cc1ccccc1)[C@H](O)CN1CC[C@@H](OCc2ccncc2)C[C@H]1C(=O)NC(C)(C)C,7.920818753952375
CC(C)(C)NC(=O)[C@@H]1C[C@H](OCc2ccncc2)CCN1C[C@@H](O)[C@H](Cc1ccccc1)NC(=O)OCc1ccccc1,6.3979400086720375
CC1(C)CC2(CC(C)(C)c3cc(C=O)c(O)cc32)c2cc(O)c(C=O)cc21,4.455931955649724
CC1(C)CC2(CC(C)(C)c3cc(C=O)c(O)cc32)c2cc(O)c(C=O)cc21,5.221848749616356
CC1(C)CC2(CC(C)(C)c3cc(C=O)c(O)cc32)c2cc(O)c(C=O)cc21,4.795880017344075
CC1(C)CC2(CC(C)(C)c3cc(Br)c(O)cc32)c2cc(O)c(Br)cc21,4.958607314841775
CC1(C)CC2(CC(C)(C)c3cc(Br)c(O)cc32)c2cc(O)c(Br)cc21,5.0
Cc1cn([C@H]2C[C@H](N=[N+]=[N-])[C@@H](CO)O2)c(=O)[nH]c1=O,8.221848749616356
Cc1cn([C@H]2C[C@H](N=[N+]=[N-])[C@@H](CO)O2)c(=O)[nH]c1=O,4.301029995663981
CCCCCCCCN1CCN(C[C@@H](O)[C@H](Cc2ccccc2)NC(=O)O[C@@H]2CCS(=O)(=O)[C@@H]2C(C)C)[C@H](C(=O)NC(C)(C)C)C1,8.075720713938118
CC(=O)c1ccc(C)cc1NC(C(N)=O)c1c(Cl)cccc1Cl,4.795880017344075
CC(=O)c1ccc(C)cc1NC(C(N)=O)c1c(Cl)cccc1Cl,6.301029995663981
CC(C)(C)NC(=O)[C@@H]1C[C@H](OCc2ccncc2)CCN1C[C@@H](O)[C@H](Cc1ccccc1)NC(=O)CSc1ccccc1,5.376750709602099
Cc1cccc(C)c1OCC(=O)N[C@@H](Cc1ccccc1)[C@H](O)CN1CC[C@@H](SCc2ccncc2)C[C@H]1C(=O)NC(C)(C)C,8.744727494896694
CC(C)(C)NC(=O)[C@@H]1C[C@H](OCc2ccncc2)CCN1C[C@@H](O)[C@H](Cc1ccccc1)NC(=O)CCCc1ccccc1,4.698970004336019
CC(C)(C)NC(=O)[C@@H]1C[C@H](OCc2ccncc2)CCN1C[C@@H](O)[C@H](Cc1ccccc1)NC(=O)/C=C/c1ccccc1,4.958607314841775
CC1(C)CC2(CC(C)(C)c3c(Br)c(OS(=O)(=O)[O-])c(OS(=O)(=O)[O-])c(Br)c32)c2c(Br)c(OS(=O)(=O)[O-])c(OS(=O)(=O)[O-])c(Br)c21.[K+].[K+].[K+].[K+],5.853871964321762
CC1(C)CC2(CC(C)(C)c3c(Br)c(OS(=O)(=O)[O-])c(OS(=O)(=O)[O-])c(Br)c32)c2c(Br)c(OS(=O)(=O)[O-])c(OS(=O)(=O)[O-])c(Br)c21.[K+].[K+].[K+].[K+],6.455931955649724
CC1(C)CC2(CC(C)(C)c3c(Br)c(OS(=O)(=O)[O-])c(OS(=O)(=O)[O-])c(Br)c32)c2c(Br)c(OS(=O)(=O)[O-])c(OS(=O)(=O)[O-])c(Br)c21.[K+].[K+].[K+].[K+],5.3979400086720375
Cc1cccc(C)c1OC(C)C(=O)N[C@@H](Cc1ccccc1)[C@H](O)CN1CC[C@@H](OCc2ccncc2)C[C@H]1C(=O)NC(C)(C)C,7.698970004336019
Cc1cccc(C)c1OCC(=O)N[C@@H](Cc1ccccc1)[C@H](O)CN1CC[C@@H](SCc2cccnc2)C[C@H]1C(=O)NC(C)(C)C,8.769551078621726
CC1(C)CC2(CC(C)(C)c3cc(OS(=O)(=O)[O-])c(OS(=O)(=O)[O-])cc32)c2cc(OS(=O)(=O)[O-])c(OS(=O)(=O)[O-])cc21.[K+].[K+].[K+].[K+],5.552841968657781
CC1(C)CC2(CC(C)(C)c3cc(OS(=O)(=O)[O-])c(OS(=O)(=O)[O-])cc32)c2cc(OS(=O)(=O)[O-])c(OS(=O)(=O)[O-])cc21.[K+].[K+].[K+].[K+],5.698970004336019
CC(C)[C@@H]1[C@H](OC(=O)N[C@@H](Cc2ccccc2)[C@H](O)CN2CCN(C3CC(c4ccccc4)C3)C[C@H]2C(=O)NC(C)(C)C)CCS1(=O)=O,8.42021640338319
CC1(C)CC2(CC(C)(C)c3cc(O)c(O)cc32)c2cc(O)c(O)cc21,4.769551078621726
CC1(C)CC2(CC(C)(C)c3cc(O)c(O)cc32)c2cc(O)c(O)cc21,5.301029995663981
CC(C)[C@@H]1[C@H](OC(=O)N[C@@H](Cc2ccccc2)[C@H](O)CN2CCN(CC(C)(C)C)C[C@H]2C(=O)NC(C)(C)C)CCS1(=O)=O,7.318758762624412
CC(C)[C@@H]1[C@H](OC(=O)N[C@@H](Cc2ccccc2)[C@H](O)CN2CCN(C3CCCCCC3)C[C@H]2C(=O)NC(C)(C)C)CCS1(=O)=O,7.039053804266168
CCN(C)C(=O)Oc1nsnc1-c1c(Cl)cccc1Cl,5.468521082957745
CCN(C)C(=O)Oc1nsnc1-c1c(Cl)cccc1Cl,6.522878745280337
CC(C)(C)NC(=O)[C@@H]1C[C@H](OCc2ccncc2)CCN1C[C@@H](O)[C@H](Cc1ccccc1)NC(=O)CCc1ccccc1,5.853871964321762
Cc1cccc(C)c1OCC(=O)N[C@@H](Cc1ccccc1)[C@H](O)CN1CC[C@@H](Sc2ccncc2)C[C@H]1C(=O)NC(C)(C)C,8.795880017344075
Cc1cccc(C)c1OCC(=O)N[C@@H](Cc1ccccc1)[C@H](O)CN1C[C@H]2CCCC[C@H]2C[C@H]1C(=O)NC(C)(C)C,8.075720713938118
CC(C)[C@@H]1[C@H](OC(=O)N[C@@H](Cc2ccccc2)[C@H](O)CN2CCN(C3CCCC3)C[C@H]2C(=O)NC(C)(C)C)CCS1(=O)=O,7.298432014944073
CC(C)[C@@H]1[C@H](OC(=O)N[C@@H](Cc2ccccc2)[C@H](O)CN2CCN(C3CCCC3)C[C@H]2C(=O)NC(C)(C)C)CCS1(=O)=O,7.732828271596986
Cc1ccccc1CCC(=O)N[C@@H](Cc1ccccc1)[C@H](O)CN1CC[C@@H](OCc2ccncc2)C[C@H]1C(=O)NC(C)(C)C,5.6020599913279625
Cc1ccccc1OCC(=O)N[C@@H](Cc1ccccc1)[C@H](O)CN1CC[C@@H](OCc2ccncc2)C[C@H]1C(=O)NC(C)(C)C,6.920818753952375
CC(C)[C@@H]1[C@H](OC(=O)N[C@@H](Cc2ccccc2)[C@H](O)CN2CCN(C3Cc4ccccc4C3)C[C@H]2C(=O)NC(C)(C)C)CCS1(=O)=O,8.275724130399212
CC(C)(C)NC(=O)[C@@H]1C[C@H](OCc2ccncc2)CCN1C[C@@H](O)[C@H](Cc1ccccc1)NC(=O)O[C@@H]1CCOC1,6.585026652029182
Cc1cccc(C)c1OCC(=O)N[C@@H](Cc1ccccc1)[C@H](O)CN(CC(C)C)S(=O)(=O)c1ccc(N)cc1,8.585026652029182
CC(C)[C@@H]1[C@H](OC(=O)N[C@@H](Cc2ccccc2)[C@H](O)CN2CCN(C3CCC3)C[C@H]2C(=O)NC(C)(C)C)CCS1(=O)=O,7.647817481888637
CC(C)[C@@H]1[C@H](OC(=O)N[C@@H](Cc2ccccc2)[C@H](O)CN2CCN(C3CCC3)C[C@H]2C(=O)NC(C)(C)C)CCS1(=O)=O,7.761953896871205
CC1(C)CC2(CC(C)(C)c3cc(N)c(O)cc32)c2cc(O)c(N)cc21.Cl.Cl,4.481486060122113
CC1(C)CC2(CC(C)(C)c3cc(I)c(O)cc32)c2cc(O)c(I)cc21,5.2020403562628035
CC1(C)CC2(CC(C)(C)c3cc(I)c(O)cc32)c2cc(O)c(I)cc21,5.505845405981558
Cc1cccc(C)c1OCC(=O)N[C@@H](Cc1ccccc1)[C@H](O)C(=O)N(Cc1ccccc1)NC(=O)COc1c(C)cccc1C,5.301029995663981
CC(C)[C@@H]1[C@H](OC(=O)N[C@@H](Cc2ccccc2)[C@H](O)CN2CCN(C3CCSCC3)C[C@H]2C(=O)NC(C)(C)C)CCS1(=O)=O,6.623423042943488
Cc1ccccc1COC(=O)N[C@@H](Cc1ccccc1)[C@H](O)CN1CC[C@@H](OCc2ccncc2)C[C@H]1C(=O)NC(C)(C)C,6.6777807052660805
Cc1cccc(C)c1COC(=O)N[C@@H](Cc1ccccc1)[C@H](O)CN1CC[C@@H](OCc2ccncc2)C[C@H]1C(=O)NC(C)(C)C,6.376750709602099
Cc1cccc(C)c1CCC(=O)N[C@@H](Cc1ccccc1)[C@H](O)CN1CC[C@@H](OCc2ccncc2)C[C@H]1C(=O)NC(C)(C)C,5.619788758288394
CC(C)(C)NC(=O)[C@@H]1C[C@H](OCc2ccncc2)CCN1C[C@@H](O)[C@H](Cc1ccccc1)NC(=O)COc1ccccc1,5.958607314841775
CC(C)[C@@H]1[C@H](OC(=O)N[C@@H](Cc2ccccc2)[C@H](O)CN2CCN(C3CCSC3)C[C@H]2C(=O)NC(C)(C)C)CCS1(=O)=O,8.080921907623926
CCCN(C)C(=O)Oc1nsnc1-c1c(Cl)cccc1Cl,5.236572006437063
CCCN(C)C(=O)Oc1nsnc1-c1c(Cl)cccc1Cl,6.096910013008056
COP(=O)(C(Cc1ccccc1)NC(=O)C(F)(F)F)N1CCC[C@H]1C(N)=O,3.9884295564027217
CC(C)(C)NC(=O)c1ccccc1S(=O)(=O)C[C@@H](O)[C@H](Cc1ccccc1)NC(=O)[C@H](CC(N)=O)NC(=O)c1ccc2ccccc2n1,9.46470587995723
CCCCCCc1cc2c(cc1O)OC(=O)C(C(c1ccccc1)c1c(O)oc3cc(O)c(CCCCCC)cc3c1=O)C2O,6.494850021680094
Cc1ccc(S(=O)(=O)N/N=C(/CCN2CCCC2)CC(c2ccccc2)c2c(O)oc3ccccc3c2=O)cc1,4.0
CC(C)(C)NC(=O)[C@@H]1CN(Cc2ccccc2S)CCN1C[C@@H](O)C[C@@H](Cc1ccccc1)C(=O)NC1c2ccccc2C[C@H]1O,9.267606240177031
O=C(c1ccc(Cl)cc1)c1c(O)c2ccccc2oc1=O,4.0
CC(C)(C)NC(=O)[C@@H]1CN(CCOCc2ccccc2)CCN1C[C@@H](O)C[C@@H](Cc1ccccc1)C(=O)NC1c2ccccc2C[C@H]1O,8.987162775294827
O=C(SCc1c(O)c2ccccc2oc1=O)c1ccccc1,4.0
COC(=O)CCCC=C(c1cc(Cl)c(OC)c(C(=O)OC)c1)c1cc(Cl)c(OC)c(C(=O)OC)c1,4.0
Cc1cc(SC2=C(O)OC(CCc3ccc(O)cc3)(C(C)C)CC2=O)c(C(C)(C)C)cc1N,8.568636235841012
O=C1C(=O)c2ccccc2C(O)=C1CCCC1CCC2CCCCC2C1,5.070581074285707
Cc1cc(SC2=C(O)OC(CCc3ccc(O)cc3)(C(C)C)CC2=O)c(C(C)(C)C)cc1NC(=O)CC(C)(C)C,7.221848749616356
O=c1c(C(c2ccc3c(c2)OCO3)c2c(O)oc3ccccc3c2=O)c(O)oc2ccccc12,4.522878745280337
COP(=O)(N[C@@H](Cc1ccccc1)C(N)=O)C(Cc1ccccc1)NC(=O)C(F)(F)F,3.7351821769904636
CCN1CCN(C[C@@H](O)C[C@@H](Cc2ccccc2)C(=O)NC2c3ccccc3C[C@H]2O)[C@H](C(=O)NC(C)(C)C)C1,8.214670164989233
CC(=O)Nc1cc(C(C)(C)C)c(SC2=C(O)OC(CCc3ccc(O)cc3)(C(C)C)CC2=O)cc1C,8.468521082957745
Cc1cc(SC2=C(O)OC(CCc3ccc(O)cc3)(C(C)C)CC2=O)c(C(C)(C)C)cc1NC(=O)c1ccc(C#N)cc1,8.301029995663981
Cc1cc(SC2=C(O)OC(CCc3ccc(O)cc3)(C(C)C)CC2=O)c(C(C)(C)C)cc1NC(=O)c1cccnc1,8.292429823902063
CC(C)(C)NC(=O)c1ccccc1SC[C@H](O)[C@H](Cc1ccccc1)NC(=O)[C@H](CC(N)=O)NC(=O)c1ccc2ccccc2n1,10.443697499232712
Cc1cc(SC2=C(O)OC(CCc3ccccc3)(c3ccccc3)CC2=O)c(C(C)(C)C)cc1N,7.958607314841775
CC(C)(C)NC(=O)[C@@H]1CN(S(=O)(=O)c2cccnc2)CCN1C[C@@H](O)C[C@@H](Cc1ccccc1)C(=O)NC1c2ccccc2C[C@H]1O,9.522878745280337
CC(C)(C)NC(=O)[C@@H]1CN(C(=O)c2cc3ccccc3oc2=O)CCN1C[C@@H](O)C[C@@H](Cc1ccccc1)C(=O)NC1c2ccccc2C[C@H]1O,9.886056647693163
CC(C)(C)NC(=O)[C@@H]1CN(Cc2cccnc2)CCN1C[C@@H](O)C[C@@H](Cc1ccccc1)C(=O)N[C@H]1c2ccccc2C[C@H]1O.O,9.2518119729938
Cc1cc(SC2=C(O)OC(C)(CCc3ccc(O)cc3)CC2=O)c(C(C)(C)C)cc1O,8.187086643357144
CC(C)(C)NC(=O)[C@@H]1C[C@H](Oc2ccc3ccccc3c2)CN1C[C@@H](O)C[C@@H](Cc1ccccc1)C(=O)NC1c2ccccc2C[C@H]1O,7.823908740944319
O=c1oc2c(-c3ccccc3)cccc2c(O)c1-c1ccccc1,4.886056647693163
O=c1oc2ccccc2c(O)c1-c1ccccc1,4.494850021680094
COc1ccc2c(O)c(S(=O)(=O)c3ccc(Cl)cc3)c(=O)oc2c1,4.0
O=C1C(=O)c2ccccc2C(O)=C1Cc1ccc(Cl)cc1,5.522878745280337
CCCCC1(CCc2ccc(O)cc2)CC(=O)C(Sc2cc(C)c(N)cc2C(C)(C)C)=C(O)O1,8.356547323513812
O=C1C(=O)c2ccccc2C(O)=C1CSc1ccc(Cl)cc1,4.301029995663981
Cc1cc(SC2=C(O)OC(C)(CCc3ccc(O)cc3)CC2=O)c(C(C)(C)C)cc1N,8.017728766960431
Cc1cc(SC2=C(O)OC(CCc3ccc(O)cc3)(C3CCCCC3)CC2=O)c(C(C)(C)C)cc1N,7.698970004336019
CCCC1(CCc2ccc(O)cc2)CC(=O)C(Sc2cc(C)c(N)cc2C(C)(C)C)=C(O)O1,8.42021640338319
Cc1cc(SC2=C(O)OC(CCc3ccc(O)cc3)(C(C)C)CC2=O)c(C(C)(C)C)cc1NC(=O)c1cccc(C#N)c1,7.823908740944319
CC(C)(C)NC(=O)[C@@H]1CNCCN1C[C@@H](O)C[C@@H](Cc1ccccc1)C(=O)NC1c2ccccc2C[C@H]1O,7.42021640338319
CCOC(=O)C(c1c(O)c2ccccc2oc1=O)c1c(O)c2ccccc2oc1=O,4.0
CC(C)(C)NC(=O)c1ccccc1SC[C@@H](O)[C@H](Cc1ccccc1)NC(=O)[C@H](Cc1c[nH]cn1)NC(=O)c1ccc2ccccc2n1,9.860120913598763
Cc1cc(SC2=C(O)OC(CCc3ccc(O)cc3)(CC(C)C)CC2=O)c(C(C)(C)C)cc1N,7.8696662315049934
Cc1cc(SC2=C(O)OC(CCc3ccc(O)cc3)(C3CC3)CC2=O)c(C(C)(C)C)cc1N,8.387216143280265
CC(C)(C)c1ccccc1Sc1c(O)cc(-c2ccccc2)oc1=O,7.769551078621726
CC(C)(C)NC(=O)[C@@H]1CCCCN1C[C@@H](O)C[C@@H](Cc1ccccc1)C(=O)NC1c2ccccc2C[C@H]1O,7.096910013008056
O=c1oc2cccc(O)c2c(O)c1Cc1ccccc1,4.0
O=C1C(=O)c2ccccc2C(O)=C1Sc1ccccc1,4.0
Cc1cc(SC2=C(O)OC(CCc3ccc(O)cc3)(C3CCCC3)CC2=O)c(C(C)(C)C)cc1N,8.221848749616356
Cc1ccc(C(C)(C)C)c(SC2=C(O)O[C@](CCc3ccccc3)(c3ccccc3)CC2=O)c1,8.0
NC(=O)[C@@H]1CCCN1P(=O)(O)C(Cc1ccccc1)NC(=O)C(F)(F)F,3.916139199133427
CC(C)(C)NC(=O)[C@@H]1CN(C(=O)OCc2ccccc2)CCN1C[C@@H](O)C[C@@H](Cc1ccccc1)C(=O)N[C@H]1c2ccccc2C[C@H]1O,9.455931955649724
CC(C)(C)NC(=O)[C@@H]1CN(Cc2ccc(Br)cc2S)CCN1C[C@@H](O)C[C@@H](Cc1ccccc1)C(=O)NC1c2ccccc2C[C@H]1O,10.221848749616356
COc1ccc2c(O)c(S(=O)(=O)c3ccc(C)cc3)c(=O)oc2c1,4.0
COC(=O)c1cc(C(=CCCN=[N+]=[N-])c2cc(Cl)c(OC)c(C(=O)OC)c2)cc(Cl)c1OC,4.0
CC(=O)c1cccc(NC(=O)C(=O)c2c(O)oc3ccccc3c2=O)c1,4.0
Cc1cc(SC2=C(O)OC(CCc3ccc(O)cc3)(C(C)C)CC2=O)c(C(C)(C)C)cc1NC(=O)OC(C)(C)C,7.040958607678906
CC(C)(C)NC(=O)[C@@H]1CN(S(=O)(=O)c2cccc3cccnc23)CCN1C[C@@H](O)C[C@@H](Cc1ccccc1)C(=O)NC1c2ccccc2C[C@H]1O,10.886056647693163
CC(C)(C)NC(=O)[C@@H]1CN(Cc2ccccc2)CCN1C[C@@H](O)C[C@@H](Cc1ccccc1)C(=O)NC1c2ccccc2C[C@H]1O,9.522878745280337
CC(C)(C)NC(=O)[C@@H]1CN(Cc2ccc(F)cc2F)CCN1C[C@@H](O)C[C@@H](Cc1ccccc1)C(=O)NC1c2ccccc2C[C@H]1O,9.508638306165727
CC(=O)Nc1cc(C(C)(C)C)c(SC2=C(O)OC(CCc3ccccc3)(C(C)C)CC2=O)cc1C,8.455931955649724
NC(=O)[C@H](Cc1ccccc1)NP(=O)(O)C(Cc1ccccc1)NC(=O)C(F)(F)F,3.9788107009300617
O=C1C(O)=C(C(C2=C(O)C(=O)c3ccccc3C2=O)c2ccc(C(C3=C(O)C(=O)c4ccccc4C3=O)C3=C(O)C(=O)c4ccccc4C3=O)cc2)C(=O)c2ccccc21,6.1249387366083
Cc1cc(SC2=C(O)OC(CCc3ccc(N)cc3)(C(C)C)CC2=O)c(C(C)(C)C)cc1N,8.1249387366083
Cc1cc(SC2=C(O)OC(CCc3ccc(O)cc3)(C(C)C)CC2=O)c(C(C)(C)C)cc1NC(=O)c1ccc(C(F)(F)F)cc1,7.91721462968355
CC(C)(C)NC(=O)c1ccccc1C[C@@H](O)[C@H](Cc1ccccc1)NC(=O)[C@H](CC(N)=O)NC(=O)c1ccc2ccccc2n1,11.853871964321762
CC(C)(C)NC(=O)[C@@H]1CN(CC(=O)OC(C)(C)C)CCN1C[C@@H](O)C[C@@H](Cc1ccccc1)C(=O)NC1c2ccccc2C[C@H]1O,9.09151498112135
Cc1cc(SC2=C(O)OC(CCc3ccccc3)(C(C)C)CC2=O)c(C(C)(C)C)cc1N,8.481486060122112
CC(C)(C)NC(=O)[C@@H]1CCCN1C[C@@H](O)C[C@@H](Cc1ccccc1)C(=O)NC1c2ccccc2C[C@H]1O,6.459670525209126
CC(C)(C)NC(=O)[C@@H]1CN(Cc2ccncc2)CCN1C[C@@H](O)C[C@@H](Cc1ccccc1)C(=O)NC1c2ccccc2C[C@H]1O,9.4089353929735
O=c1c(C(c2ccc(C(c3c(O)oc4ccccc4c3=O)c3c(O)oc4ccccc4c3=O)cc2)c2c(O)oc3ccccc3c2=O)c(O)oc2ccccc12,5.769551078621726
O=C1Oc2ccccc2C(O)C1Sc1c(O)oc2ccccc2c1=O,4.6777807052660805
CCCCCCC/N=C1/C(=O)c2ccccc2C(O)=C1O,4.481486060122113
Cc1cc(SC2=C(O)OC(CCc3ccc(O)cc3)(C(C)C)CC2=O)c(C(C)(C)C)cc1N(C)C,7.958607314841775
O=C(NC1=C(Cl)C(=O)c2ccccc2C1=O)C(=O)c1c(O)c2ccccc2oc1=O,4.0
CCCCCC1(CCc2ccc(O)cc2)CC(=O)C(Sc2cc(C)c(N)cc2C(C)(C)C)=C(O)O1,8.113509274827518
CC(C)(C)NC(=O)[C@@H]1CC2CCCCC2CN1C[C@@H](O)C[C@@H](Cc1ccccc1)C(=O)NC1c2ccccc2C[C@H]1O,8.10790539730952
Cc1nc(S(=O)(=O)N2CCN(C[C@@H](O)C[C@@H](Cc3ccccc3)C(=O)NC3c4ccccc4C[C@H]3O)[C@H](C(=O)NC(C)(C)C)C2)c(C)s1,9.795880017344075
Cc1cc(SC2=C(O)OC(CCc3ccc(O)cc3)(C(C)C)CC2=O)c(C(C)(C)C)cc1NC(=O)c1ccccn1,8.214670164989233
O=C1Oc2ccccc2C(O)C1Cc1c(O)oc2ccccc2c1=O,4.0
O=C(c1cccc([N+](=O)[O-])c1)c1c(O)oc2ccccc2c1=O,4.0
Cc1cc(SC2=C(O)OC(CCc3ccc(O)cc3)(C(C)C)CC2=O)c(C(C)(C)C)cc1NC(=O)c1ccncc1,8.29413628771608
CC(C)(C)NC(=O)c1ccccc1SC[C@@H](O)[C@H](Cc1ccccc1)NC(=O)[C@H](CC(N)=O)NC(=O)c1ccc2ccccc2n1,11.067019178076801
Cc1cc(SC2=C(O)OC(CCc3ccc(O)cc3)(C(C)C)CC2=O)c(C(C)(C)C)cc1NC(=O)c1ccccc1,7.87942606879415
Cc1cc(SC2=C(O)OC(CCc3ccccc3)(C(C)C)CC2=O)c(C(C)(C)C)cc1NC(=O)c1ccc(C#N)cc1,7.853871964321762
O=C1C(O)=C(C(C2=C(O)C(=O)c3ccccc3C2=O)c2ccc(Cl)cc2Cl)C(=O)c2ccccc21,4.619788758288394
CC(C)c1cccc(C(C)C)c1NC(=O)C(=O)CC(=O)CC(c1ccccc1)c1c(O)oc2ccccc2c1=O,4.508638306165727
O=C1C=C(O)C(=O)c2ccccc21,4.0
Cc1ccc(S(=O)(=O)N(CC(C)C)[C@@H](CCCCNC(=O)OCC2c3ccccc3-c3ccccc32)C(=O)O)cc1,8.301029995663981
CC(C)CN([C@@H](CCCCNC(=O)OCC1c2ccccc2-c2ccccc21)C(=O)O)S(=O)(=O)c1ccc(N)cc1,8.67778070526608
Cc1ccc2oc(=O)c3cc(N)ccc3c2c1,4.0
Nc1ccc2c(c1)c(=O)oc1ccc(CBr)cc12,4.301029995663981
Cc1ccc2oc(=O)c3cc([N+](=O)[O-])ccc3c2c1,4.301029995663981
O=c1oc2ccc(CBr)cc2c2ccc([N+](=O)[O-])cc12,5.0
CC[C@H](C)[C@H](NC(=O)[C@H](CCC(N)=O)NC(=O)[C@@H]1CCCN1C(=O)CCCCCCCCCCCCCCC(=O)N[C@@H](CO)C(=O)N[C@H](C(=O)N[C@@H](CC(C)C)C(=O)N[C@@H](CC(N)=O)C(=O)N[C@@H](Cc1ccccc1)C(=O)O)[C@@H](C)O)C(=O)N[C@H](C(=O)N[C@@H](CC(C)C)C(=O)N[C@@H](Cc1c[nH]c2ccccc12)C(=O)O)[C@H](C)O,6.455931955649724
CC(C)C[C@H](NC(=O)[C@@H](NC(=O)CCCCCCCCCCCCCCC(=O)N[C@@H](CC(N)=O)C(=O)N[C@@H](Cc1ccccc1)C(=O)O)[C@H](C)O)C(=O)N[C@@H](Cc1ccccc1)C(N)=O,5.267606240177032
CC(C)C[C@H](NC(=O)CCCCCCCCCCCCCCC(=O)N[C@@H](CC(N)=O)C(=O)N[C@@H](Cc1ccccc1)C(=O)O)C(=O)N[C@@H](Cc1ccccc1)C(N)=O,4.958607314841775
CCC(C)[C@H](NC(=O)CCCCCCCCCCCNC(=O)[C@@H](NC(=O)[C@H](Cc1ccccc1)NC(=O)/C=C/C(=O)O)C(N)=O)C(=O)N[C@@H](Cc1ccccc1)C(N)=O,4.920818753952375
CCC(C)[C@H](NC(=O)CCCCCCCCCCCNC(=O)[C@H](NC(=O)[C@H](Cc1ccccc1)NC(=O)/C=C/C(=O)O)C(N)=O)C(=O)N[C@@H](Cc1ccccc1)C(N)=O,4.847711655616943
CCC(C)[C@H](NC(=O)CCCCCCCCCCCNC(=O)[C@@H](NC(=O)[C@@H](Cc1ccccc1)NC(=O)/C=C/C(=O)O)C(N)=O)C(=O)N[C@@H](Cc1ccccc1)C(N)=O,4.72584215073632
CCC(C)[C@H](NC(=O)CCCCCCCCCCCNC(=O)CNC(=O)[C@@H](CC(N)=O)NC(=O)[C@H](Cc1ccccc1)NC(=O)/C=C/C(=O)O)C(=O)N[C@@H](Cc1ccccc1)C(N)=O,4.774690718274137
CCC(C)[C@H](NC(=O)CCCCCCCCCCCNC(=O)[C@H](Cc1ccc(O)c([N+](=O)[O-])c1)NC(=O)[C@H](CC1CCCCC1)NC(=O)/C=C/C(=O)O)C(=O)N[C@@H](Cc1ccccc1)C(N)=O,3.485452247339714
CCC(C)[C@H](NC(=O)CCCCCCCCCCCNC(=O)[C@H](Cc1ccc(O)c([N+](=O)[O-])c1)NC(=O)[C@H](CC1CCCCC1)NC(=O)/C=C/C(=O)O)C(=O)N[C@@H](Cc1ccc(O)c([N+](=O)[O-])c1)C(N)=O,3.607303046740334
CCC(C)[C@H](NC(=O)CCCCCCCCCCCNC(=O)[C@H](Cc1ccc(O)c([N+](=O)[O-])c1)NC(=O)[C@H](CC1CCCCC1)NC(=O)/C=C/C(=O)O)C(=O)N[C@@H](Cc1cccc2ccccc12)C(N)=O,3.442492798094342
CCC(C)[C@H](NC(=O)CCCCCCCCCCCNC(=O)[C@H](Cc1ccc(O)c([N+](=O)[O-])c1)NC(=O)[C@H](CC1CCCCC1)NC(=O)/C=C/C(=O)O)C(N)=O,5.431798275933005
NC(=O)CCCCCCCCCCCNC(=O)[C@H](Cc1ccc(O)c([N+](=O)[O-])c1)NC(=O)[C@H](CC1CCCCC1)NC(=O)/C=C/C(=O)O,4.698970004336019
CCC(C)[C@H](NC(=O)CCCCCCCCCCCNC(=O)[C@H](NC(=O)[C@@H](Cc1ccccc1)NC(=O)/C=C/C(=O)O)C(N)=O)C(=O)N[C@@H](Cc1ccccc1)C(N)=O,5.013228265733755
COc1cncc(-c2cnc(C(C)(C)N3CCN(C[C@@H](O)C[C@@H](Cc4nnc(-c5ccccc5)o4)C(=O)N[C@H]4CCOC[C@H]4O)[C@H](C(=O)NCC(F)(F)F)C3)o2)c1,9.318758762624412
CC(C)(C)NC(=O)[C@@H]1CN(Cc2cccnc2)CCN1C[C@@H](O)C[C@@H](Cc1ccccc1)C(=O)N[C@H]1c2ccccc2C[C@H]1O.O,9.221848749616356
CC(C)(C)NC(=O)[C@@H]1CN(Cc2cccnc2)CCN1C[C@@H](O)C[C@@H](Cc1ccccc1)C(=O)N[C@H]1c2ccccc2C[C@H]1O.O,7.214670164989233
CC(C)(c1ncc(-c2ccc(F)cc2)o1)N1CCN(C[C@@H](O)C[C@@H](Cc2nnco2)C(=O)N[C@H]2CCOC[C@H]2O)[C@H](C(=O)NCC(F)(F)F)C1,10.698970004336019
CC(C)(c1ncc(-c2ccc(F)cc2)o1)N1CCN(C[C@@H](O)C[C@@H](Cc2nnco2)C(=O)N[C@H]2CCOC[C@H]2O)[C@H](C(=O)NCC(F)(F)F)C1,10.221848749616356
Cc1nnc(C[C@H](C[C@H](O)CN2CCN(C(C)(C)c3ncc(-c4ccc(F)cc4)o3)C[C@H]2C(=O)NCC(F)(F)F)C(=O)N[C@H]2CCOC[C@H]2O)o1,10.698970004336019
Cc1nnc(C[C@H](C[C@H](O)CN2CCN(C(C)(C)c3ncc(-c4ccc(F)cc4)o3)C[C@H]2C(=O)NCC(F)(F)F)C(=O)N[C@H]2CCOC[C@H]2O)o1,9.721246399047171
CCCc1nnc(C[C@H](C[C@H](O)CN2CCN(C(C)(C)c3ncc(-c4ccc(F)cc4)o3)C[C@H]2C(=O)NCC(F)(F)F)C(=O)N[C@H]2CCOC[C@H]2O)o1,11.0
CCCc1nnc(C[C@H](C[C@H](O)CN2CCN(C(C)(C)c3ncc(-c4ccc(F)cc4)o3)C[C@H]2C(=O)NCC(F)(F)F)C(=O)N[C@H]2CCOC[C@H]2O)o1,9.721246399047171
CC(C)(c1ncc(-c2ccc(F)cc2)o1)N1CCN(C[C@@H](O)C[C@@H](Cc2nnc(-c3ccccc3)o2)C(=O)N[C@H]2CCOC[C@H]2O)[C@H](C(=O)NCC(F)(F)F)C1,10.698970004336019
CC(C)(c1ncc(-c2ccc(Cl)cc2)o1)N1CCN(C[C@@H](O)C[C@@H](Cc2nnco2)C(=O)N[C@H]2CCOC[C@H]2O)[C@H](C(=O)NCC(F)(F)F)C1,11.0
CC(C)(c1ncc(-c2ccc(Cl)cc2)o1)N1CCN(C[C@@H](O)C[C@@H](Cc2nnco2)C(=O)N[C@H]2CCOC[C@H]2O)[C@H](C(=O)NCC(F)(F)F)C1,10.397940008672037
Cc1nnc(C[C@H](C[C@H](O)CN2CCN(C(C)(C)c3ncc(-c4ccc(Cl)cc4)o3)C[C@H]2C(=O)NCC(F)(F)F)C(=O)N[C@H]2CCOC[C@H]2O)o1,11.0
Cc1nnc(C[C@H](C[C@H](O)CN2CCN(C(C)(C)c3ncc(-c4ccc(Cl)cc4)o3)C[C@H]2C(=O)NCC(F)(F)F)C(=O)N[C@H]2CCOC[C@H]2O)o1,10.221848749616356
CCCc1nnc(C[C@H](C[C@H](O)CN2CCN(C(C)(C)c3ncc(-c4ccc(Cl)cc4)o3)C[C@H]2C(=O)NCC(F)(F)F)C(=O)N[C@H]2CCOC[C@H]2O)o1,11.0
CCCc1nnc(C[C@H](C[C@H](O)CN2CCN(C(C)(C)c3ncc(-c4ccc(Cl)cc4)o3)C[C@H]2C(=O)NCC(F)(F)F)C(=O)N[C@H]2CCOC[C@H]2O)o1,9.744727494896694
CC(C)(c1ncc(-c2ccc(Cl)cc2)o1)N1CCN(C[C@@H](O)C[C@@H](Cc2nnc(-c3ccccc3)o2)C(=O)N[C@H]2CCOC[C@H]2O)[C@H](C(=O)NCC(F)(F)F)C1,11.0
CC(C)(c1ncc(-c2ccc(Cl)cc2)o1)N1CCN(C[C@@H](O)C[C@@H](Cc2nnc(-c3ccccc3)o2)C(=O)N[C@H]2CCOC[C@H]2O)[C@H](C(=O)NCC(F)(F)F)C1,9.744727494896694
O=C(N[C@H]1CCOC[C@H]1O)[C@H](Cc1nnco1)C[C@H](O)CN1CCN(Cc2ccc(-c3ccc(Cl)cc3)o2)C[C@H]1C(=O)NCC(F)(F)F,11.0
O=C(N[C@H]1CCOC[C@H]1O)[C@H](Cc1nnco1)C[C@H](O)CN1CCN(Cc2ccc(-c3ccc(Cl)cc3)o2)C[C@H]1C(=O)NCC(F)(F)F,10.045757490560675
Cc1nnc(C[C@H](C[C@H](O)CN2CCN(Cc3ccc(-c4ccc(Cl)cc4)o3)C[C@H]2C(=O)NCC(F)(F)F)C(=O)N[C@H]2CCOC[C@H]2O)o1,11.0
CCCc1nnc(C[C@H](C[C@H](O)CN2CCN(Cc3ccc(-c4ccc(Cl)cc4)o3)C[C@H]2C(=O)NCC(F)(F)F)C(=O)N[C@H]2CCOC[C@H]2O)o1,11.0
O=C(N[C@H]1CCOC[C@H]1O)[C@H](Cc1nnc(-c2ccccc2)o1)C[C@H](O)CN1CCN(Cc2ccc(-c3ccc(Cl)cc3)o2)C[C@H]1C(=O)NCC(F)(F)F,11.0
COc1cncc(-c2cnc(C(C)(C)N3CCN(C[C@@H](O)C[C@@H](Cc4nnco4)C(=O)N[C@H]4CCOC[C@H]4O)[C@H](C(=O)NCC(F)(F)F)C3)o2)c1,9.619788758288394
COc1cncc(-c2cnc(C(C)(C)N3CCN(C[C@@H](O)C[C@@H](Cc4nnco4)C(=O)N[C@H]4CCOC[C@H]4O)[C@H](C(=O)NCC(F)(F)F)C3)o2)c1,8.130768280269024
COc1cncc(-c2cnc(C(C)(C)N3CCN(C[C@@H](O)C[C@@H](Cc4nnc(C)o4)C(=O)N[C@H]4CCOC[C@H]4O)[C@H](C(=O)NCC(F)(F)F)C3)o2)c1,9.397940008672037
COc1cncc(-c2cnc(C(C)(C)N3CCN(C[C@@H](O)C[C@@H](Cc4nnc(C)o4)C(=O)N[C@H]4CCOC[C@H]4O)[C@H](C(=O)NCC(F)(F)F)C3)o2)c1,7.823908740944319
CCCc1nnc(C[C@H](C[C@H](O)CN2CCN(C(C)(C)c3ncc(-c4cncc(OC)c4)o3)C[C@H]2C(=O)NCC(F)(F)F)C(=O)N[C@H]2CCOC[C@H]2O)o1,9.494850021680094
COC(=O)[C@@H](NC(=O)[C@@H](NC(=O)[C@H](Cc1ccccc1)NC(=O)N[C@H](Cc1ccccc1)NC(=O)[C@H](C)NC(=O)[C@H](C)N)C(C)C)C(C)C,4.489454989793388
C=CCC1OC[C@H](Cc2ccccc2)N(C[C@H](O)CN(CC2CCCC2)S(=O)(=O)c2ccc(OC)cc2)C1=O,8.698970004336019
COc1ccc(S(=O)(=O)N(CC2CCCC2)C[C@@H](O)CN2C(=O)C(Cc3ccccc3)OC[C@@H]2Cc2ccccc2)cc1,7.522878745280337
COC(=O)N[C@H](C(=O)N[C@@H](Cc1ccccc1)[C@H](O)CN(OC1CCCC1)S(=O)(=O)c1ccc(OC)cc1)C(C)(C)C,6.692503962086787
COc1ccc(S(=O)(=O)N(CC(O)C(Cc2ccccc2)NC(=O)[C@H](CC(N)=O)NC(=O)c2ccc3ccccc3n2)OC2CCCC2)cc1,7.619788758288394
COc1ccc(S(=O)(=O)N(C[C@@H](O)[C@H](Cc2ccccc2)NC(=O)O[C@@H]2COC3OCCC32)OC2CCCC2)cc1,8.221848749616356
O=C(N[C@@H](Cc1ccccc1)[C@H](O)CN(OC1CCCCC1)S(=O)(=O)c1ccc2c(c1)OCO2)O[C@H]1CO[C@H]2OCC[C@H]21,7.886056647693163
O=C(N[C@@H](Cc1ccccc1)[C@H](O)CN(OC1CCCCC1)S(=O)(=O)c1ccc2c(c1)OCO2)O[C@H]1CO[C@H]2OCC[C@H]21,6.97061622231479
O=C(N[C@@H](Cc1ccccc1)[C@H](O)CN(OC1CCCCC1)S(=O)(=O)c1ccc2c(c1)OCO2)O[C@H]1CO[C@H]2OCC[C@H]21,6.619788758288394
Nc1cccc(S(=O)(=O)N(C[C@@H](O)[C@H](Cc2ccccc2)NC(=O)O[C@H]2CO[C@H]3OCC[C@H]32)OC2CCCC2)c1,7.769551078621726
O=C(N[C@@H](Cc1ccccc1)[C@H](O)CN(OC1CCCCC1)S(=O)(=O)c1ccc2c(c1)OCCO2)O[C@H]1CO[C@H]2OCC[C@H]21,8.522878745280337
O=C(N[C@@H](Cc1ccccc1)[C@H](O)CN(OC1CCCCC1)S(=O)(=O)c1ccc2c(c1)OCCO2)O[C@H]1CO[C@H]2OCC[C@H]21,7.0
O=C(N[C@@H](Cc1ccccc1)[C@H](O)CN(OC1CCCCC1)S(=O)(=O)c1ccc2c(c1)OCCO2)O[C@H]1CO[C@H]2OCC[C@H]21,6.619788758288394
Nc1ccc(S(=O)(=O)N(C[C@@H](O)[C@H](Cc2ccccc2)NC(=O)O[C@H]2CO[C@H]3OCC[C@H]32)OC2CCCC2)cc1,8.045757490560675
Nc1ccc(S(=O)(=O)N(C[C@@H](O)[C@H](Cc2ccccc2)NC(=O)O[C@H]2CO[C@H]3OCC[C@H]32)OC2CCCC2)cc1,6.673664139071248
Nc1ccc(S(=O)(=O)N(C[C@@H](O)[C@H](Cc2ccccc2)NC(=O)O[C@H]2CO[C@H]3OCC[C@H]32)OC2CCCC2)cc1,6.619788758288394
O=C(N[C@@H](Cc1ccccc1)[C@H](O)CN(OC1CCCC1)S(=O)(=O)c1ccc(O)cc1)O[C@H]1CO[C@H]2OCC[C@H]21,7.920818753952375
O=C(N[C@@H](Cc1ccccc1)[C@H](O)CN(OC1CCCC1)S(=O)(=O)c1ccc2c(c1)OCO2)O[C@H]1CO[C@H]2OCC[C@H]21,8.154901959985743
O=C(N[C@@H](Cc1ccccc1)[C@H](O)CN(OC1CCCC1)S(=O)(=O)c1ccc2c(c1)OCCO2)O[C@H]1CO[C@H]2OCC[C@H]21,8.154901959985743
O=C(N[C@@H](Cc1ccccc1)[C@H](O)CN(OC1CCCC1)S(=O)(=O)c1ccc2c(c1)OCCO2)O[C@H]1CO[C@H]2OCC[C@H]21,6.735182176990463
O=C(N[C@@H](Cc1ccccc1)[C@H](O)CN(OC1CCCC1)S(=O)(=O)c1ccc2c(c1)OCCO2)O[C@H]1CO[C@H]2OCC[C@H]21,6.7121982700697735
COc1ccc(S(=O)(=O)N(C[C@@H](O)[C@H](Cc2ccccc2)NC(=O)O[C@H]2CO[C@H]3OCC[C@H]32)OC2CCCC2)cc1,7.698970004336019
Nc1cccc(S(=O)(=O)N(C[C@@H](O)[C@H](Cc2ccccc2)NC(=O)O[C@H]2CO[C@H]3OCC[C@H]32)OC2CCCCC2)c1,7.958607314841775
COc1ccc(S(=O)(=O)N(C[C@@H](O)[C@H](Cc2ccccc2)NC(=O)OC2CCOC2)OC2CCCC2)cc1,6.131943638176958
Nc1ccc(S(=O)(=O)N(C[C@@H](O)[C@H](Cc2ccccc2)NC(=O)O[C@H]2CO[C@H]3OCC[C@H]32)OC2CCCCC2)cc1,8.096910013008056
O=C(N[C@@H](Cc1ccccc1)[C@H](O)CN(OC1CCCCC1)S(=O)(=O)c1ccc(O)cc1)O[C@H]1CO[C@H]2OCC[C@H]21,8.301029995663981
O=C(N[C@@H](Cc1ccccc1)[C@H](O)CN(OC1CCCCC1)S(=O)(=O)c1ccc(O)cc1)O[C@H]1CO[C@H]2OCC[C@H]21,7.356547323513812
O=C(N[C@@H](Cc1ccccc1)[C@H](O)CN(OC1CCCCC1)S(=O)(=O)c1ccc(O)cc1)O[C@H]1CO[C@H]2OCC[C@H]21,6.931814138253839
CC(C)CN(C[C@@H](O)[C@H](Cc1ccccc1)NC(=O)O[C@H]1CCOC1)S(=O)(=O)c1ccc(N)cc1,6.823908740944319
CC(C)CN(C[C@@H](O)[C@H](Cc1ccccc1)NC(=O)O[C@H]1CCOC1)S(=O)(=O)c1ccc(N)cc1,6.356547323513812
CC(C)CN(C[C@@H](O)[C@H](Cc1ccccc1)NC(=O)O[C@H]1CCOC1)S(=O)(=O)c1ccc(N)cc1,6.0
Cc1ccc(C(C)(C)C)c(SC2=C(O)OC(CCc3ccccc3)(C(C)C)CC2=O)c1,8.958607314841775
CCC(c1ccccc1)c1c(O)c2ccccc2oc1=O,6.0
CCCC1(CCc2ccccc2)CC(=O)C(C(CC)c2ccccc2)=C(O)O1,7.455931955649724
Cc1cccc(-c2cc(O)c(Sc3ccccc3C(C)C)c(=O)o2)c1,7.853871964321762
CC[C@H](C)[C@H](NC(=O)[C@H](CCC(N)=O)NC(=O)[C@@H]1CCCN1C(=O)CCCCCCCCCCCCCCC(=O)N[C@@H](CO)C(=O)N[C@H](C(=O)N[C@@H](CC(C)C)C(=O)N[C@@H](CC(N)=O)C(=O)N[C@@H](Cc1ccccc1)C(=O)O)[C@@H](C)O)C(=O)N[C@H](C(=O)N[C@@H](CC(C)C)C(=O)N[C@@H](Cc1c[nH]c2ccccc12)C(=O)O)[C@H](C)O,6.455931955649724
CC(C)C[C@H](NC(=O)[C@@H](NC(=O)CCCCCCCCCCCCCCC(=O)N[C@H](CC(=O)N[C@@H](Cc1ccccc1)C(=O)O)C(N)=O)C(C)O)C(=O)N[C@@H](Cc1ccccc1)C(N)=O,8.267606240177031
CC(O)[C@H](NC(=O)CCCCCCCCCCCCCCC(=O)N[C@H](CC(=O)N[C@@H](Cc1ccccc1)C(=O)O)C(N)=O)C(=O)N[C@@H](Cc1ccccc1)C(N)=O,4.958607314841775
CCC(C)[C@@H](NC(=O)[C@@H](NC(=O)CCCCCCCCCCCCCCC(=O)N[C@H](CC(=O)N[C@@H](Cc1ccccc1)C(=O)O)C(N)=O)C(C)O)C(=O)N[C@@H](Cc1ccccc1)C(N)=O,8.958607314841775
CCC(C)[C@@H](NC(=O)C(CCc1ccccc1)NC(=O)CCCCCCCCCCCCCCC(=O)N[C@H](CC(=O)N[C@@H](Cc1ccccc1)C(=O)O)C(N)=O)C(=O)N[C@@H](Cc1ccccc1)C(N)=O,6.008773924307505
CCC(C)[C@@H](NC(=O)C(Cc1ccc(F)c(F)c1)NC(=O)CCCCCCCCCCCCCCC(=O)N[C@H](CC(=O)N[C@@H](Cc1ccccc1)C(=O)O)C(N)=O)C(=O)N[C@@H](Cc1ccccc1)C(N)=O,5.958607314841775
CCCCC(NC(=O)CCCCCCCCCCCCCCC(=O)N[C@H](CC(=O)N[C@@H](Cc1ccccc1)C(=O)O)C(N)=O)C(=O)N[C@@H](C(=O)N[C@@H](Cc1ccccc1)C(N)=O)C(C)CC,5.795880017344075
CCC(C)[C@@H](NC(=O)C(NC(=O)CCCCCCCCCCCCCCC(=O)N[C@H](CC(=O)N[C@@H](Cc1ccccc1)C(=O)O)C(N)=O)c1ccccc1)C(=O)N[C@@H](Cc1ccccc1)C(N)=O,5.6777807052660805
CC[C@H](C)[C@@H](NC(=O)C(NC(=O)CCCCCCCCCCCCCCC(=O)N[C@H](CC(=O)N[C@@H](Cc1ccccc1)C(=O)O)C(N)=O)C(C)(C)C)C(=O)N[C@@H](Cc1ccccc1)C(N)=O,5.113509274827518
CC[C@H](C)[C@@H](NC(=O)[C@@H](NC(=O)CCCCCCCCCCCCCCC(=O)N[C@H](CC(=O)N[C@@H](Cc1ccccc1)C(=O)O)C(N)=O)[C@H](C)O)C(=O)N[C@@H](Cc1ccc([N+](=O)[O-])cc1)C(N)=O,3.2291479883578558
CC[C@H](C)[C@@H](NC(=O)[C@@H](NC(=O)CCCCCCCCCCCCCCC(=O)N[C@H](CC(=O)N[C@@H](Cc1ccccc1)C(=O)O)C(N)=O)[C@H](C)O)C(=O)N[C@@H](Cc1cc(I)c(O)c(I)c1)C(N)=O,3.1307682802690238
CC[C@H](C)[C@@H](NC(=O)[C@@H](NC(=O)CCCCCCCCCCCCCCC(=O)N[C@H](CC(=O)N[C@@H](Cc1ccccc1)C(=O)O)C(N)=O)[C@H](C)O)C(=O)N[C@@H](Cc1ccc(F)c(F)c1)C(N)=O,3.059483515067433
CC[C@H](C)[C@@H](NC(=O)[C@@H](NC(=O)CCCCCCCCCCCCCCC(=O)N[C@H](CC(=O)N[C@@H](Cc1ccccc1)C(=O)O)C(N)=O)[C@H](C)O)C(=O)NC(CCc1ccccc1)C(N)=O,5.886056647693163
CC[C@H](C)[C@@H](NC(=O)[C@@H](NC(=O)CCCCCCCCCCCCCCC(=O)N[C@H](CC(=O)N[C@@H](Cc1ccccc1)C(=O)O)C(N)=O)[C@H](C)O)C(=O)N[C@H](Cc1ccc(C#N)cc1)C(N)=O,5.853871964321762
CC[C@H](C)[C@@H](NC(=O)[C@@H](NC(=O)CCCCCCCCCCCCCCC(=O)N[C@H](CC(=O)N[C@@H](Cc1ccccc1)C(=O)O)C(N)=O)[C@H](C)O)C(=O)N[C@H](Cc1ccc(Br)cc1)C(N)=O,5.769551078621726
CC[C@H](C)[C@@H](NC(=O)[C@@H](NC(=O)CCCCCCCCCCCCCCC(=O)N[C@H](CC(=O)N[C@@H](Cc1ccccc1)C(=O)O)C(N)=O)[C@H](C)O)C(=O)N1Cc2[nH]c3ccccc3c2CC1C(N)=O,5.508638306165727
CC[C@H](C)[C@@H](NC(=O)[C@@H](NC(=O)CCCCCCCCCCCCCCC(=O)N[C@H](CC(=O)N[C@@H](Cc1ccccc1)C(=O)O)C(N)=O)[C@H](C)O)C(=O)N[C@@H](Cc1ccc(N)cc1)C(N)=O,5.443697499232712
CC[C@H](C)[C@@H](NC(=O)[C@H]([C@H](C)O)N(C)C(=O)CCCCCCCCCCCCCCC(=O)NC(Cc1ccc(O)cc1)C(=O)N[C@@H](Cc1ccccc1)C(=O)O)C(=O)NC(CO)C(N)=O,6.111259039317107
CCC(C)[C@@H](NC(=O)[C@H](C(C)O)N(C)C(=O)CCCCCCCCCCCCCCC(=O)NC(Cc1ccc(N)cc1)C(=O)N[C@@H](Cc1ccccc1)C(=O)O)C(=O)NC(CO)C(N)=O,8.920818753952375
CCC(C)[C@@H](NC(=O)[C@H](C(C)O)N(C)C(=O)CCCCCCCCCCCCCCC(=O)NC(Cc1ccc(OP(=O)(O)O)cc1)C(=O)N[C@@H](Cc1ccccc1)C(=O)O)C(=O)NC(CO)C(N)=O,5.6777807052660805
CC(C)CCS(=O)(=O)[C@@H](C)C[C@@H](O)[C@H](Cc1cccc(Br)c1)NC(=O)CCS(C)(=O)=O,4.3979400086720375
Cc1cccc(C)c1OCC(=O)N[C@@H](Cc1cccc(Br)c1)[C@H](O)C[C@H](CC(C)C)S(=O)(=O)c1ccc(F)cc1,6.853871964321762
Cc1cccc(C)c1OCC(=O)N[C@@H](Cc1cccc(Br)c1)[C@H](O)C[C@H](CC(C)C)S(=O)(=O)c1ccc(F)cc1,7.070581074285707
O=C(COc1ccc(Cl)cc1Cl)N[C@@H](Cc1cccc(Br)c1)[C@H](O)C[C@H](CCc1ccc(Cl)cc1Cl)S(=O)(=O)c1ccc(F)cc1,5.0
COc1cc(Br)c(C(=O)N[C@@H](Cc2cccc(Br)c2)[C@H](O)C[C@H](CCc2ccc(Cl)cc2Cl)S(=O)(=O)c2ccc(F)cc2)cc1OC,5.346787486224656
O=C(N[C@@H](Cc1cccc(Br)c1)[C@H](O)C[C@H](CCc1ccc(Cl)cc1Cl)S(=O)(=O)c1ccc(F)cc1)[C@H]1CCCO1,5.251811972993799
O=C(N[C@@H](Cc1cccc(Br)c1)[C@H](O)C[C@H](CCc1ccc(Cl)cc1Cl)S(=O)(=O)c1ccc(F)cc1)[C@H]1CCCO1,7.070581074285707
CNc1ccc(S(=O)(=O)[C@@H](CC(C)C)C[C@@H](O)[C@H](Cc2cccc(Br)c2)NC(=O)COc2c(C)cccc2C)cc1,6.275724130399211
Cc1cccc(C)c1OCC(=O)N[C@@H](Cc1cccc(Br)c1)[C@H](O)C[C@H](CC(C)C)S(=O)(=O)c1ccc(N(C)C)cc1,6.102372908709558
Cc1cccc(C)c1OCC(=O)N[C@H](Cc1cccc(Br)c1)[C@@H](O)C[C@@H](CC(C)C)S(=O)(=O)c1ccc(F)cc1,5.698970004336019
O=C(N[C@H](Cc1cccc(Br)c1)[C@@H](O)C[C@@H](CCc1ccc(Cl)cc1Cl)S(=O)(=O)c1ccc(F)cc1)[C@H]1CCCO1,4.3979400086720375
CC(C)(C)NC(=O)[C@@H]1CN(Cc2cccnc2)CCN1C[C@@H](O)C[C@@H](Cc1ccccc1)C(=O)N[C@H]1c2ccccc2C[C@H]1O.O,9.229147988357855
Cc1ccncc1-c1ccc(C[C@H](C[C@H](O)CN2CCN(Cc3ncc(-c4ccc(Cl)cc4)o3)C[C@H]2C(=O)NCC(F)(F)F)C(=O)N[C@H]2c3ccccc3OC[C@H]2O)o1,10.522878745280337
Cc1ccncc1-c1ccc(C[C@H](C[C@H](O)CN2CCN(Cc3ccc(-c4ccc(Cl)cc4)s3)C[C@H]2C(=O)NCC(F)(F)F)C(=O)N[C@H]2c3ccccc3OC[C@H]2O)o1,10.397940008672037
Cc1ccncc1-c1ccc(C[C@H](C[C@H](O)CN2CCN(C(C)(C)c3ncc(-c4ccc(Cl)cc4)s3)C[C@H]2C(=O)NCC(F)(F)F)C(=O)N[C@H]2c3ccccc3OC[C@H]2O)o1,10.522878745280337
Cc1ccncc1-c1ccc(C[C@H](C[C@H](O)CN2CCN(Cc3ccc(-c4ccc(Cl)cc4)o3)C[C@H]2C(=O)NCC(F)(F)F)C(=O)N[C@H]2c3ccccc3OC[C@H]2O)o1,10.096910013008056
Cc1ccncc1-c1ccc(C[C@H](C[C@H](O)CN2CCN(Cc3csc(-c4ccc(F)cc4)n3)C[C@H]2C(=O)NCC(F)(F)F)C(=O)N[C@H]2c3ccccc3OC[C@H]2O)o1,9.958607314841775
CC(C)(c1ncc(-c2ccc(Cl)cc2)o1)N1CCN(C[C@@H](O)C[C@@H](Cc2cc3c(Cl)cncc3s2)C(=O)N[C@H]2c3ccccc3OC[C@H]2O)[C@H](C(=O)NCC(F)(F)F)C1,10.698970004336019
CC(C)(c1ncc(-c2ccc(Cl)cc2)o1)N1CCN(C[C@@H](O)C[C@@H](Cc2cc3ccncc3s2)C(=O)N[C@H]2c3ccccc3OC[C@H]2O)[C@H](C(=O)NCC(F)(F)F)C1,10.698970004336019
CC(C)(c1ncc(-c2ccc(Cl)cc2)o1)N1CCN(C[C@@H](O)C[C@@H](Cc2cc3ccncc3o2)C(=O)N[C@H]2c3ccccc3OC[C@H]2O)[C@H](C(=O)NCC(F)(F)F)C1,10.698970004336019
O=C(N[C@H]1c2ccccc2OC[C@H]1O)[C@H](Cc1cc2ccncc2o1)C[C@H](O)CN1CCN(Cc2ccc(-c3ccc(Cl)cc3)o2)C[C@H]1C(=O)NCC(F)(F)F,10.301029995663981
O=C(N[C@H]1c2ccccc2OC[C@H]1O)[C@H](Cc1cc2cnccc2s1)C[C@H](O)CN1CCN(Cc2csc(-c3ccc(C(F)(F)F)cc3)n2)C[C@H]1C(=O)NCC(F)(F)F,10.154901959985743
O=C(N[C@H]1c2ccccc2OC[C@H]1O)[C@H](Cc1cc2cnccc2s1)C[C@H](O)CN1CCN(Cc2ccc(-c3ccc(Cl)cc3)s2)C[C@H]1C(=O)NCC(F)(F)F,10.301029995663981
O=C(N[C@H]1c2ccccc2OC[C@H]1O)[C@H](Cc1cc2cnccc2s1)C[C@H](O)CN1CCN(Cc2ccc(-c3ccc(Cl)cc3)o2)C[C@H]1C(=O)NCC(F)(F)F,10.522878745280337
CC(C)(c1ncc(-c2ccc(Cl)cc2)s1)N1CCN(C[C@@H](O)C[C@@H](Cc2cc3cnccc3s2)C(=O)N[C@H]2c3ccccc3OC[C@H]2O)[C@H](C(=O)NCC(F)(F)F)C1,10.397940008672037
CC(C)(c1ncc(-c2ccc(Cl)cc2)o1)N1CCN(C[C@@H](O)C[C@@H](Cc2cc3cnccc3s2)C(=O)N[C@H]2c3ccccc3OC[C@H]2O)[C@H](C(=O)NCC(F)(F)F)C1,10.698970004336019
COc1cc(CN2C(=O)N(Cc3ccc(O)c(OC)c3)N(C(=O)CN3CCCC3)C[C@@H](O)[C@H]2Cc2ccccc2)ccc1O,8.102372908709558
COc1cc(CN2C(=O)N(Cc3ccc(O)c(OC)c3)N(C(=O)CCc3ccncc3)C[C@@H](O)[C@H]2Cc2ccccc2)ccc1O,8.920818753952375
COc1cc(CN2C(=O)N(Cc3ccc(O)c(OC)c3)N(C(=O)CCCCN3CCOCC3)C[C@@H](O)[C@H]2Cc2ccccc2)ccc1O,8.67778070526608
COc1cc(CN2C(=O)N(Cc3ccc(O)c(OC)c3)N(C(=O)CCCN3CCOCC3)C[C@@H](O)[C@H]2Cc2ccccc2)ccc1O,8.42021640338319
COc1cc(CN2C(=O)N(Cc3ccc(O)c(OC)c3)N(C(=O)CN3CCNCC3)C[C@@H](O)[C@H]2Cc2ccccc2)ccc1O,8.214670164989233
O=C(N[C@@H](Cc1ccccc1)[C@@H](O)C[C@]1(Cc2ccccc2)N=CC([C@H]2c3ccccc3C[C@H]2O)=C1O)O[C@H]1CCOC1,8.698970004336019
CC(C)(C)NC(=O)[C@@H]1CN(Cc2cccnc2)CCN1C[C@@H](O)C[C@@H](Cc1ccccc1)C(=O)N[C@H]1c2ccccc2C[C@H]1O.O,9.443697499232712
CC(C)(C)CC(=O)N[C@@H](Cc1ccccc1)[C@@H](O)C[C@]1(Cc2ccccc2)N=CC(C2c3ccccc3[C@H]3NC(=O)OC23)=C1O,7.017728766960431
CC(C)(C)OC(=O)N[C@@H](Cc1ccccc1)[C@@H](O)C[C@]1(Cc2ccccc2)N=CC(C2c3ccccc3[C@H]3NC(=O)OC23)=C1O,8.602059991327963
CC(C)(C)CC(=O)N[C@@H](Cc1ccccc1)[C@@H](O)C[C@]1(Cc2ccccc2)N=CC(C2C[C@H](CC(N)=O)c3ccccc32)=C1O,6.6020599913279625
CC(C)(C)OC(=O)N[C@@H](Cc1ccccc1)[C@@H](O)C[C@]1(Cc2ccccc2)N=CC(C2C[C@H](CC(N)=O)c3ccccc32)=C1O,7.688246138944246
O=C1N[C@@H]2c3ccccc3C(C3=C(O)[C@](Cc4ccccc4)(C[C@H](O)[C@H](Cc4ccccc4)NC(=O)O[C@H]4CCOC4)N=C3)C2O1,9.356547323513812
NC(=O)C[C@H]1CC(C2=C(O)[C@](Cc3ccccc3)(C[C@H](O)[C@H](Cc3ccccc3)NC(=O)O[C@H]3CCOC3)N=C2)c2ccccc21,8.619788758288394
O=C(N[C@@H](Cc1ccccc1)[C@@H](O)C[C@]1(Cc2ccccc2)N=CC([C@@H]2CNC(=O)c3ccccc32)=C1O)O[C@H]1CCOC1,8.244125144327509
NC(=O)O[C@@H]1Cc2ccccc2[C@@H]1C1=C(O)[C@](Cc2ccccc2)(C[C@H](O)[C@H](Cc2ccccc2)NC(=O)O[C@H]2CCOC2)N=C1,8.698970004336019
COc1cc(C(=O)N[C@@H](C(=O)NCCCC[C@@H](CO)N(CC(C)C)S(=O)(=O)c2ccc(N)cc2)C(c2ccccc2)c2ccccc2)ccc1O,9.301029995663981
CC(C)CN([C@H](CO)CCCCNC(=O)[C@@H](NC(=O)c1ccc(O)c([N+](=O)[O-])c1)C(c1ccccc1)c1ccccc1)S(=O)(=O)c1ccc(N)cc1,9.2518119729938
CC(C)CN([C@H](CO)CCCCNC(=O)[C@@H](NC(=O)c1ccc([N+](=O)[O-])c(O)c1)C(c1ccccc1)c1ccccc1)S(=O)(=O)c1ccc(N)cc1,9.481486060122112
CC(C)CN([C@H](CO)CCCCNC(=O)[C@@H](NC(=O)c1ccc(O)cc1)C(c1ccccc1)c1ccccc1)S(=O)(=O)c1ccc(N)cc1,9.275724130399212
CC(C)CN([C@H](CO)CCCCNC(=O)[C@@H](NC(=O)c1cccc(O)c1)C(c1ccccc1)c1ccccc1)S(=O)(=O)c1ccc(N)cc1,9.397940008672037
CC(C)CN([C@H](CO)CCCCNC(=O)[C@@H](NC(=O)c1ccccc1O)C(c1ccccc1)c1ccccc1)S(=O)(=O)c1ccc(N)cc1,9.200659450546418
CC(C)CN([C@H](CO)CCCCNC(=O)[C@@H](NC(=O)OCc1ccncc1)C(c1ccccc1)c1ccccc1)S(=O)(=O)c1ccc(N)cc1,9.4089353929735
CC(C)CN([C@H](CO)CCCCNC(=O)[C@@H](NC(=O)OCc1cccnc1)C(c1ccccc1)c1ccccc1)S(=O)(=O)c1ccc(N)cc1,9.318758762624412
CC(C)CN([C@H](CO)CCCCNC(=O)[C@@H](NC(=O)OCc1ccccn1)C(c1ccccc1)c1ccccc1)S(=O)(=O)c1ccc(N)cc1,9.920818753952375
CC(C)CN([C@H](CO)CCCCNC(=O)[C@@H](NC(=O)Cc1cccnc1)C(c1ccccc1)c1ccccc1)S(=O)(=O)c1ccc(N)cc1,9.619788758288394
CC(C)CN([C@H](CO)CCCCNC(=O)[C@@H](NC(=O)c1cnccc1N)C(c1ccccc1)c1ccccc1)S(=O)(=O)c1ccc(N)cc1,9.397940008672037
CC(C)CN([C@H](CO)CCCCNC(=O)[C@@H](NC(=O)c1cnccc1O)C(c1ccccc1)c1ccccc1)S(=O)(=O)c1ccc(N)cc1,9.301029995663981
CC(C)CN([C@H](CO)CCCCNC(=O)[C@@H](NC(=O)c1ncccc1O)C(c1ccccc1)c1ccccc1)S(=O)(=O)c1ccc(N)cc1,9.045757490560675
Cc1ccncc1C(=O)N[C@H](C(=O)NCCCC[C@@H](CO)N(CC(C)C)S(=O)(=O)c1ccc(N)cc1)C(c1ccccc1)c1ccccc1,9.397940008672037
Cc1ncccc1C(=O)N[C@H](C(=O)NCCCC[C@@H](CO)N(CC(C)C)S(=O)(=O)c1ccc(N)cc1)C(c1ccccc1)c1ccccc1,9.397940008672037
CC(C)CN([C@H](CO)CCCCNC(=O)[C@@H](NC(=O)c1ccncc1)C(c1ccccc1)c1ccccc1)S(=O)(=O)c1ccc(N)cc1,9.187086643357144
CC(C)CN([C@H](CO)CCCCNC(=O)[C@@H](NC(=O)c1cccnc1)C(c1ccccc1)c1ccccc1)S(=O)(=O)c1ccc(N)cc1,9.167491087293763
CC(C)CN([C@H](CO)CCCCNC(=O)[C@@H](NC(=O)c1ccccn1)C(c1ccccc1)c1ccccc1)S(=O)(=O)c1ccc(N)cc1,9.337242168318426
CC(C)CN([C@H](CO)CCCCNC(=O)[C@@H](NC(=O)c1ccc[nH]1)C(c1ccccc1)c1ccccc1)S(=O)(=O)c1ccc(N)cc1,9.366531544420413
CC(C)CN([C@H](CO)CCCCNC(=O)[C@@H](NC(=O)N1CCNCC1)C(c1ccccc1)c1ccccc1)S(=O)(=O)c1ccc(N)cc1,9.2839966563652
CC(C)CN([C@H](CO)CCCCNC(=O)[C@@H](NC(=O)N1CCOCC1)C(c1ccccc1)c1ccccc1)S(=O)(=O)c1ccc(N)cc1,9.292429823902063
CC(C)CN([C@H](CO)CCCCNC(=O)[C@@H](NC(=O)N(C)C)C(c1ccccc1)c1ccccc1)S(=O)(=O)c1ccc(N)cc1,9.356547323513812
CC(C)CN([C@H](CO)CCCCNC(=O)[C@@H](NC(=O)OC(C)(C)C)C(c1ccccc1)c1ccccc1)S(=O)(=O)c1ccc(N)cc1,9.397940008672037
CC(C)CN([C@H](CO)CCCCNC(=O)[C@@H](NC(=O)C1CCCCC1)C(c1ccccc1)c1ccccc1)S(=O)(=O)c1ccc(N)cc1,8.42021640338319
CC(C)CN([C@H](CO)CCCCNC(=O)[C@@H](NC(=O)C1CC1)C(c1ccccc1)c1ccccc1)S(=O)(=O)c1ccc(N)cc1,9.366531544420413
CC(=O)N[C@H](C(=O)NCCCC[C@@H](CO)N(CC(C)C)S(=O)(=O)c1ccc(N)cc1)C(c1ccccc1)c1ccccc1,8.823908740944319
CC(C)CN([C@H](CO)CCCCNC(=O)[C@@H](N)C(c1ccccc1)c1ccccc1)S(=O)(=O)c1ccc(N)cc1,9.301029995663981
COC(=O)N[C@@H](C(=O)NCCCC[C@@H](CO)N(CC(C)C)S(=O)(=O)c1ccc(N)cc1)C(c1ccccc1)c1ccccc1,7.886056647693163
COC(=O)N[C@@H](C(=O)NCCCC[C@H](CO)N(CC(C)C)S(=O)(=O)c1ccc(N)cc1)C(c1ccccc1)c1ccccc1,6.522878745280337
COC(=O)N[C@H](C(=O)NCCCC[C@H](CO)N(CC(C)C)S(=O)(=O)c1ccc(N)cc1)C(c1ccccc1)c1ccccc1,7.6020599913279625
COC(=O)N[C@H](C(=O)NCCCC[C@@H](CO)N(CC(C)C)S(=O)(=O)c1ccc(N)cc1)C(c1ccccc1)c1ccccc1,9.301029995663981
COC(=O)N[C@H](Cc1ccccc1-c1ccccc1)C(=O)NCCCC[C@@H](CO)N(CC(C)C)S(=O)(=O)c1ccc(N)cc1,9.283162276700475
COC(=O)N[C@H](Cc1ccc2ccccc2c1)C(=O)NCCCC[C@@H](CO)N(CC(C)C)S(=O)(=O)c1ccc(N)cc1,8.920818753952375
COC(=O)N[C@H](Cc1cccc2ccccc12)C(=O)NCCCC[C@@H](CO)N(CC(C)C)S(=O)(=O)c1ccc(N)cc1,8.920818753952375
COC(=O)N(C)[C@H](Cc1ccccc1)C(=O)NCCCC[C@@H](CO)N(CC(C)C)S(=O)(=O)c1ccc(N)cc1,8.187086643357144
COC(=O)N[C@H](CCc1ccccc1)C(=O)NCCCC[C@@H](CO)N(CC(C)C)S(=O)(=O)c1ccc(N)cc1,7.3979400086720375
COC(=O)N[C@@H](C(=O)NCCCC[C@@H](CO)N(CC(C)C)S(=O)(=O)c1ccc(N)cc1)c1ccccc1,6.522878745280337
COC(=O)N[C@H](Cc1ccccc1)C(=O)NCCCC[C@@H](CO)N(CC(C)C)S(=O)(=O)c1ccc(N)cc1,7.920818753952375
Cc1ccc(C)c(N2CCN(Cc3cn([C@@H](Cc4ccccc4)[C@H](Cc4ccccc4)NC(=O)OC4CCCC4)nn3)CC2)c1,4.6020599913279625
COC(=O)[C@H](CC(C)C)NC(=O)[C@@H](NC(=O)CCCOc1ccc2ccc(OCCCC(=O)N[C@H](C(=O)N[C@@H](CC(C)C)C(=O)N[C@H](C(=O)OC)C(C)C)C(C)C)cc2c1)[C@@H](C)O,5.3979400086720375
COC(=O)[C@@H](NC(=O)[C@H](CC(C)C)NC(=O)[C@@H](NC(=O)CCCOc1ccc2ccc(OCCCC(=O)N[C@@H](CCC(=O)O)C(=O)N[C@@H](CC(C)C)C(N)=O)cc2c1)C(C)C)C(C)C,5.552841968657781
COC(=O)[C@@H](NC(=O)[C@H](CC(C)C)NC(=O)[C@@H](NC(=O)CCCOc1ccc2ccc(OCCCC(=O)N[C@@H](CCC(=O)OC(C)(C)C)C(=O)N[C@@H](CC(C)C)C(N)=O)nc2c1)C(C)C)C(C)C,5.7447274948966935
COC(=O)[C@@H](NC(=O)[C@H](CC(C)C)NC(=O)[C@@H](NC(=O)CCCOc1ccc2ccc(OCCCC(=O)N[C@@H](CCC(=O)OC(C)(C)C)C(=O)N[C@@H](CC(C)C)C(N)=O)cc2c1)C(C)C)C(C)C,5.958607314841775
CC[C@H](C)[C@H](NC(=O)CCCOc1ccc2ccc(OCCCC(=O)N[C@H](C(=O)N[C@@H](CC(C)C)C(=O)N[C@H](C(=O)OC)C(C)C)C(C)C)cc2n1)C(=O)N[C@H](C(N)=O)[C@@H](C)O,5.769551078621726
CC[C@H](C)[C@H](NC(=O)CCCOc1ccc2ccc(OCCCC(=O)N[C@H](C(=O)N[C@@H](CC(C)C)C(=O)N[C@H](C(=O)OC)C(C)C)C(C)C)cc2c1)C(=O)N[C@H](C(N)=O)[C@@H](C)O,5.366531544420414
COC(=O)[C@H](CC(C)C)NC(=O)[C@@H](NC(=O)CCCOc1ccc2ccc(OCCCC(=O)N[C@H](C(=O)N[C@@H](CC(C)C)C(=O)N[C@H](C(=O)OC)C(C)C)C(C)C)cc2n1)[C@@H](C)O,5.853871964321762
COC(=O)[C@@H](NC(=O)[C@H](CC(C)C)NC(=O)[C@@H](NC(=O)CCCOc1ccc2ccc(OCCCC(=O)N[C@H](C(=O)N[C@@H](CC(C)C)C(=O)N[C@H](C(=O)OC)C(C)C)C(C)C)nc2c1)C(C)C)C(C)C,5.853871964321762
COC(=O)[C@@H](NC(=O)[C@H](CC(C)C)NC(=O)[C@@H](NC(=O)CCCOc1ccc2ccc(OCCCC(=O)N[C@H](C(=O)N[C@@H](CC(C)C)C(=O)N[C@H](C(=O)OC)C(C)C)C(C)C)cc2c1)C(C)C)C(C)C,5.455931955649724
COC(=O)[C@@H](NC(=O)[C@H](CC(C)C)NC(=O)[C@@H](NC(=O)CCCOc1ccc2ccc(OCCCC(=O)N[C@@H](Cc3ccc(O)cc3)C(=O)N[C@@H](CCC(=O)OC(C)(C)C)C(=O)N[C@@H](CC(C)C)C(N)=O)nc2c1)C(C)C)C(C)C,6.0
COC(=O)[C@@H](NC(=O)[C@H](CC(C)C)NC(=O)[C@@H](NC(=O)CCCOc1ccc2ccc(OCCCC(=O)N[C@@H](Cc3ccc(O)cc3)C(=O)N[C@@H](CCC(=O)OC(C)(C)C)C(=O)N[C@@H](CC(C)C)C(N)=O)cc2c1)C(C)C)C(C)C,5.958607314841775
CC[C@H](C)[C@H](NC(=O)[C@H](CCC(N)=O)NC(=O)CCCOc1ccc2ccc(OCCCC(=O)N[C@H](C(=O)N[C@@H](CC(C)C)C(=O)N[C@H](C(=O)OC)C(C)C)C(C)C)cc2c1)C(=O)N[C@H](C(N)=O)[C@@H](C)O,5.552841968657781
COC(=O)[C@H](CC(N)=O)NC(=O)[C@H](CC(C)C)NC(=O)[C@@H](NC(=O)CCCOc1ccc2ccc(OCCCC(=O)N[C@H](C(=O)N[C@@H](CC(C)C)C(=O)N[C@H](C(=O)OC)C(C)C)C(C)C)cc2n1)[C@@H](C)O,5.292429823902063
CC[C@H](C)[C@H](NC(=O)CCCOc1ccc2ccc(OCCCC(=O)N[C@H](C(=O)N[C@@H](CC(C)C)C(=O)N[C@H](C(=O)OC)C(C)C)C(C)C)cc2n1)C(=O)N[C@H](C(=O)N[C@@H](CC(C)C)C(=O)OC)[C@@H](C)O,5.275724130399211
CC(C)(C)NC(=O)[C@@H]1C[C@@H]2CCCC[C@@H]2CN1C[C@@H](O)[C@H](Cc1ccccc1)NC(=O)[C@H](CC(N)=O)NC(=O)c1ccc2ccccc2n1,9.397940008672037
CC(C)(C)NC(=O)[C@@H]1C[C@@H]2CCCC[C@@H]2CN1C[C@H](O)[C@H](Cc1ccccc1)NC(=O)[C@H](CC(N)=O)NC(=O)c1ccc2ccccc2n1,6.5376020021010435
CC(C)(C)NC(=O)[C@@H]1C[C@@H]2CCCC[C@@H]2CN1C[C@@H](O)[C@@H](Cc1ccccc1)NC(=O)[C@H](CC(N)=O)NC(=O)c1ccc2ccccc2n1,6.316052869248487
CC[C@H](C)[C@H](NC(=O)[C@@H](N)CO)C(=O)N[C@@H](C)C(=O)N[C@@H](CCC(=O)O)C(=O)NC12NC(=O)C3(O)C4C5CC(C6C5C3C61)C42,7.107905397309519
CC[C@H](C)[C@H](NC(=O)[C@@H](N)CO)C(=O)N[C@@H](C)C(=O)N[C@@H](CCC(=O)O)C(=O)Nc1cccc(O)c1,5.0
CC[C@H](C)[C@H](NC(=O)[C@@H](N)CO)C(=O)N[C@@H](C)C(=O)N[C@@H](CCC(=O)O)C(=O)NC12NC(=O)C3(OC(C)=O)C4C5CC(C6C5C3C61)C42,5.0
CC[C@H](C)[C@H](N)C(=O)N[C@@H](C)C(=O)N[C@@H](CCC(=O)O)C(=O)NC12NC(=O)C3(O)C4C5CC(C6C5C3C61)C42,6.301029995663981
CC[C@H](C)[C@H](NC(=O)[C@@H](N)CO)C(=O)N[C@H](C(=O)N[C@@H](CCC(=O)O)C(=O)NC12NC(=O)C3(O)C4C5CC(C6C5C3C61)C42)C(C)C,5.698970004336019
CC[C@H](C)[C@H](NC(=O)[C@@H](N)CO)C(=O)N[C@@H](C)C(=O)N[C@@H](CCC(N)=O)C(=O)NC12NC(=O)C3(O)C4C5CC(C6C5C3C61)C42,5.301029995663981
CC[C@H](C)[C@H](NC(=O)[C@@H](N)CO)C(=O)N[C@@H](C)C(=O)NC12NC(=O)C3(O)C4C5CC(C6C5C3C61)C42,6.301029995663981
CC[C@H](C)[C@H](NC(=O)[C@@H](N)CO)C(=O)N[C@@H](C)C(=O)NC12NC(=O)C3(O)C4C5CC(C6C5C3C61)C42,5.0
COC(=O)N[C@H](C(=O)N[C@@H](Cc1ccccc1)[C@@H](O)CN(Cc1ccc(-c2ccccn2)cc1)NC(=O)[C@@H](NC(=O)OC)C(C)(C)C)C(C)(C)C,8.397940008672037
Cc1cccc(C)c1OCC(=O)N[C@@H](Cc1ccccc1)[C@@H](O)C[C@H](Cc1ccccc1)NC(=O)[C@H](C(C)C)N1CCCNC1=O,7.6020599913279625
COc1ccc(S(=O)(=O)N(C[C@@H](O)[C@H](Cc2ccccc2)NC(=O)OCCN2CCOCC2)C2CC2)cc1,7.275724130399211
O=C(N[C@@H](Cc1ccccc1)[C@H](O)CN(C1CC1)S(=O)(=O)c1ccc(C(F)(F)F)cc1)OCCN1CCOCC1,6.920818753952375
O=C(N[C@@H](Cc1ccccc1)[C@H](O)CN(C1CC1)S(=O)(=O)c1ccc([N+](=O)[O-])cc1)OCCN1CCOCC1,7.096910013008056
Nc1ccc(S(=O)(=O)N(C[C@@H](O)[C@H](Cc2ccccc2)NC(=O)OCCN2CCOCC2)C2CC2)cc1,7.214670164989233
COc1ccc(S(=O)(=O)N(C[C@@H](O)[C@H](Cc2ccccc2)NC(=O)CN2CCO[C@H](C)C2)C2CC2)cc1,6.721246399047171
C[C@@H]1CN(CC(=O)N[C@@H](Cc2ccccc2)[C@H](O)CN(C2CC2)S(=O)(=O)c2ccc(C(F)(F)F)cc2)CCO1,5.52432881167557
C[C@@H]1CN(CC(=O)N[C@@H](Cc2ccccc2)[C@H](O)CN(C2CC2)S(=O)(=O)c2ccc([N+](=O)[O-])cc2)CCO1,6.031517051446065
C[C@@H]1CN(CC(=O)N[C@@H](Cc2ccccc2)[C@H](O)CN(C2CC2)S(=O)(=O)c2ccc(N)cc2)CCO1,5.815308569182402
COc1ccc(S(=O)(=O)N(C[C@@H](O)[C@H](Cc2ccccc2)NC(=O)CN2CCO[C@@H](C)C2)C2CC2)cc1,5.896196279044043
C[C@H]1CN(CC(=O)N[C@@H](Cc2ccccc2)[C@H](O)CN(C2CC2)S(=O)(=O)c2ccc(C(F)(F)F)cc2)CCO1,6.3979400086720375
C[C@H]1CN(CC(=O)N[C@@H](Cc2ccccc2)[C@H](O)CN(C2CC2)S(=O)(=O)c2ccc([N+](=O)[O-])cc2)CCO1,6.236572006437063
C[C@H]1CN(CC(=O)N[C@@H](Cc2ccccc2)[C@H](O)CN(C2CC2)S(=O)(=O)c2ccc(N)cc2)CCO1,5.872895201635193
COc1ccc(S(=O)(=O)N(C[C@@H](O)[C@H](Cc2ccccc2)NC(=O)CN2CCOCC2)C2CC2)cc1,5.982966660701219
O=C(CN1CCOCC1)N[C@@H](Cc1ccccc1)[C@H](O)CN(C1CC1)S(=O)(=O)c1ccc(C(F)(F)F)cc1,6.3979400086720375
O=C(CN1CCOCC1)N[C@@H](Cc1ccccc1)[C@H](O)CN(C1CC1)S(=O)(=O)c1ccc([N+](=O)[O-])cc1,5.265200170411153
Nc1ccc(S(=O)(=O)N(C[C@@H](O)[C@H](Cc2ccccc2)NC(=O)CN2CCOCC2)C2CC2)cc1,5.0
COc1ccc(S(=O)(=O)N(C[C@@H](O)[C@H](Cc2ccccc2)NC(=O)N2CCOCC2)C2CC2)cc1,6.585026652029182
O=C(N[C@@H](Cc1ccccc1)[C@H](O)CN(C1CC1)S(=O)(=O)c1ccc(C(F)(F)F)cc1)N1CCOCC1,7.327902142064283
O=C(N[C@@H](Cc1ccccc1)[C@H](O)CN(C1CC1)S(=O)(=O)c1ccc([N+](=O)[O-])cc1)N1CCOCC1,6.102372908709558
Nc1ccc(S(=O)(=O)N(C[C@@H](O)[C@H](Cc2ccccc2)NC(=O)N2CCOCC2)C2CC2)cc1,6.1938200260161125
COc1ccc(S(=O)(=O)N(C[C@@H](O)[C@H](Cc2ccccc2)NCC(=O)N2CCOCC2)C2CC2)cc1,6.7447274948966935
O=C(CN[C@@H](Cc1ccccc1)[C@H](O)CN(C1CC1)S(=O)(=O)c1ccc(C(F)(F)F)cc1)N1CCOCC1,5.8996294548824375
O=C(CN[C@@H](Cc1ccccc1)[C@H](O)CN(C1CC1)S(=O)(=O)c1ccc([N+](=O)[O-])cc1)N1CCOCC1,5.0
Nc1ccc(S(=O)(=O)N(C[C@@H](O)[C@H](Cc2ccccc2)NCC(=O)N2CCOCC2)C2CC2)cc1,5.939302159646388
COc1ccc(S(=O)(=O)N(C[C@@H](O)[C@H](Cc2ccccc2)NCCN2CCOCC2)C2CC2)cc1,6.769551078621726
O=S(=O)(c1ccc(C(F)(F)F)cc1)N(C[C@@H](O)[C@H](Cc1ccccc1)NCCN1CCOCC1)C1CC1,5.772113295386326
O=[N+]([O-])c1ccc(S(=O)(=O)N(C[C@@H](O)[C@H](Cc2ccccc2)NCCN2CCOCC2)C2CC2)cc1,6.214670164989233
Nc1ccc(S(=O)(=O)N(C[C@@H](O)[C@H](Cc2ccccc2)NCCN2CCOCC2)C2CC2)cc1,6.026872146400302
CC(C)CN(C[C@@H](O)[C@H](Cc1ccccc1)NC(=O)O[C@H]1CO[C@H]2OCC[C@H]21)S(=O)(=O)c1ccc(N)cc1,6.431798275933005
C[C@@H](O)CN(C[C@@H](O)[C@H](Cc1ccccc1)NC(=O)c1ccccc1O)S(=O)(=O)c1ccc([N+](=O)[O-])cc1,8.045757490560675
COc1ccc(C(=O)N[C@@H](Cc2ccccc2)[C@H](O)CN(C[C@@H](C)O)S(=O)(=O)c2ccc([N+](=O)[O-])cc2)c(O)c1,6.2043284940539785
C[C@@H](O)CN(C[C@@H](O)[C@H](Cc1ccccc1)NC(=O)c1ccc(O)c(O)c1)S(=O)(=O)c1ccc([N+](=O)[O-])cc1,7.985899678480379
C[C@@H](O)CN(C[C@@H](O)[C@H](Cc1ccccc1)NC(=O)c1ccc(O)cc1O)S(=O)(=O)c1ccc([N+](=O)[O-])cc1,7.873219422987991
C[C@@H](O)CN(C[C@@H](O)[C@H](Cc1ccccc1)NC(=O)c1cc(O)cc(O)c1)S(=O)(=O)c1ccc([N+](=O)[O-])cc1,8.316052869248487
COc1cc(C(=O)N[C@@H](Cc2ccccc2)[C@H](O)CN(C[C@@H](C)O)S(=O)(=O)c2ccc([N+](=O)[O-])cc2)cc(OC)c1O,7.8823973083099155
COc1cc(O)c(C(=O)N[C@@H](Cc2ccccc2)[C@H](O)CN(C[C@@H](C)O)S(=O)(=O)c2ccc([N+](=O)[O-])cc2)cc1OC,6.99097425791309
C[C@@H](O)CN(C[C@@H](O)[C@H](Cc1ccccc1)NC(=O)c1ccccc1O)S(=O)(=O)c1ccc(C(F)(F)F)cc1,7.493494967595128
COc1ccc(C(=O)N[C@@H](Cc2ccccc2)[C@H](O)CN(C[C@@H](C)O)S(=O)(=O)c2ccc(C(F)(F)F)cc2)c(O)c1,6.3698773571406875
C[C@@H](O)CN(C[C@@H](O)[C@H](Cc1ccccc1)NC(=O)c1ccc(O)c(O)c1)S(=O)(=O)c1ccc(C(F)(F)F)cc1,8.785156151952302
C[C@@H](O)CN(C[C@@H](O)[C@H](Cc1ccccc1)NC(=O)c1ccc(O)cc1O)S(=O)(=O)c1ccc(C(F)(F)F)cc1,7.909389292171594
C[C@@H](O)CN(C[C@@H](O)[C@H](Cc1ccccc1)NC(=O)c1cc(O)cc(O)c1)S(=O)(=O)c1ccc(C(F)(F)F)cc1,8.63264407897398
COc1cc(C(=O)N[C@@H](Cc2ccccc2)[C@H](O)CN(C[C@@H](C)O)S(=O)(=O)c2ccc(C(F)(F)F)cc2)cc(OC)c1O,7.928854709548917
COc1cc(O)c(C(=O)N[C@@H](Cc2ccccc2)[C@H](O)CN(C[C@@H](C)O)S(=O)(=O)c2ccc(C(F)(F)F)cc2)cc1OC,7.2115487929765445
C[C@H](O)CN(C[C@@H](O)[C@H](Cc1ccccc1)NC(=O)c1ccccc1O)S(=O)(=O)c1ccc([N+](=O)[O-])cc1,7.106682188383888
COc1ccc(C(=O)N[C@@H](Cc2ccccc2)[C@H](O)CN(C[C@H](C)O)S(=O)(=O)c2ccc([N+](=O)[O-])cc2)c(O)c1,6.296794629304514
C[C@H](O)CN(C[C@@H](O)[C@H](Cc1ccccc1)NC(=O)c1ccc(O)c(O)c1)S(=O)(=O)c1ccc([N+](=O)[O-])cc1,8.18309616062434
C[C@H](O)CN(C[C@@H](O)[C@H](Cc1ccccc1)NC(=O)c1ccc(O)cc1O)S(=O)(=O)c1ccc([N+](=O)[O-])cc1,7.327163545828603
C[C@H](O)CN(C[C@@H](O)[C@H](Cc1ccccc1)NC(=O)c1cc(O)cc(O)c1)S(=O)(=O)c1ccc([N+](=O)[O-])cc1,7.427012291801795
COc1cc(C(=O)N[C@@H](Cc2ccccc2)[C@H](O)CN(C[C@H](C)O)S(=O)(=O)c2ccc([N+](=O)[O-])cc2)cc(OC)c1O,7.120158944013437
COc1cc(O)c(C(=O)N[C@@H](Cc2ccccc2)[C@H](O)CN(C[C@H](C)O)S(=O)(=O)c2ccc([N+](=O)[O-])cc2)cc1OC,5.883724412419456
C[C@H](O)CN(C[C@@H](O)[C@H](Cc1ccccc1)NC(=O)c1ccccc1O)S(=O)(=O)c1ccc(C(F)(F)F)cc1,6.590066876668706
COc1ccc(C(=O)N[C@@H](Cc2ccccc2)[C@H](O)CN(C[C@H](C)O)S(=O)(=O)c2ccc(C(F)(F)F)cc2)c(O)c1,6.728855682050922
C[C@H](O)CN(C[C@@H](O)[C@H](Cc1ccccc1)NC(=O)c1ccc(O)c(O)c1)S(=O)(=O)c1ccc(C(F)(F)F)cc1,8.185086818724926
C[C@H](O)CN(C[C@@H](O)[C@H](Cc1ccccc1)NC(=O)c1ccc(O)cc1O)S(=O)(=O)c1ccc(C(F)(F)F)cc1,7.391794992295674
C[C@H](O)CN(C[C@@H](O)[C@H](Cc1ccccc1)NC(=O)c1cc(O)cc(O)c1)S(=O)(=O)c1ccc(C(F)(F)F)cc1,7.565431095965801
COc1cc(C(=O)N[C@@H](Cc2ccccc2)[C@H](O)CN(C[C@H](C)O)S(=O)(=O)c2ccc(C(F)(F)F)cc2)cc(OC)c1O,7.855425792390384
COc1cc(O)c(C(=O)N[C@@H](Cc2ccccc2)[C@H](O)CN(C[C@H](C)O)S(=O)(=O)c2ccc(C(F)(F)F)cc2)cc1OC,6.546987608878545
CC(C)CN(C[C@@H](O)[C@H](Cc1ccccc1)NC(=O)O[C@H]1CO[C@H]2OCC[C@H]21)S(=O)(=O)c1ccc(N)cc1,8.534617148551582
CC(C)CN(C[C@@H](O)[C@H](Cc1ccccc1)NCc1cc(=O)oc2cc(O)ccc12)S(=O)(=O)c1ccc([N+](=O)[O-])cc1,9.853871964321762
COc1ccc(S(=O)(=O)N(CC(C)C)C[C@@H](O)[C@H](Cc2ccccc2)NCc2cc(=O)oc3cc(O)ccc23)cc1,10.275724130399212
CC(C)CN(C[C@@H](O)[C@H](Cc1ccccc1)NC(=O)Oc1c2occc2cc2ccc(=O)oc12)S(=O)(=O)c1ccc([N+](=O)[O-])cc1,8.8153085691824
COc1ccc(S(=O)(=O)N(CC(C)C)C[C@@H](O)[C@H](Cc2ccccc2)NC(=O)Oc2c3occc3cc3ccc(=O)oc23)cc1,9.920818753952375
Cc1cc(=O)oc2cc(OC(=O)N[C@@H](Cc3ccccc3)[C@H](O)CN(CC(C)C)S(=O)(=O)c3ccc([N+](=O)[O-])cc3)ccc12,8.991399828238082
COc1ccc(S(=O)(=O)N(CC(C)C)C[C@@H](O)[C@H](Cc2ccccc2)NC(=O)Oc2ccc3c(C)cc(=O)oc3c2)cc1,9.795880017344075
CC(C)CN(C[C@@H](O)[C@H](Cc1ccccc1)NC(=O)O[C@H]1CO[C@H]2OCC[C@H]21)S(=O)(=O)c1ccc(N)cc1,8.76447155309245
CC(C)CN(C[C@@H](O)[C@H](Cc1ccccc1)NC(=O)Cc1cc2ccc(N)cc2oc1=O)S(=O)(=O)c1ccc(N)cc1,7.020451625295905
CC(C)CN(C[C@@H](O)[C@H](Cc1ccccc1)NC(=O)Cc1cc2ccc(N)cc2oc1=O)S(=O)(=O)c1ccc([N+](=O)[O-])cc1,6.249491605148654
COc1ccc(S(=O)(=O)N(CC(C)C)C[C@@H](O)[C@H](Cc2ccccc2)NC(=O)Cc2cc3ccc(N)cc3oc2=O)cc1,6.653060537301009
CC(C)CN(C[C@@H](O)[C@H](Cc1ccccc1)NC(=O)Cc1cc2ccc(O)cc2oc1=O)S(=O)(=O)c1ccc(N)cc1,6.822175028135319
CC(C)CN(C[C@@H](O)[C@H](Cc1ccccc1)NC(=O)Cc1cc2ccc(O)cc2oc1=O)S(=O)(=O)c1ccc([N+](=O)[O-])cc1,6.254144804826271
COc1ccc(S(=O)(=O)N(CC(C)C)C[C@@H](O)[C@H](Cc2ccccc2)NC(=O)Cc2cc3ccc(O)cc3oc2=O)cc1,6.961777361631282
CC(C)CN(C[C@@H](O)[C@H](Cc1ccccc1)NC(=O)Cc1cc(=O)oc2cc(N(C)C)ccc12)S(=O)(=O)c1ccc(N)cc1,7.124360062995832
CC(C)CN(C[C@@H](O)[C@H](Cc1ccccc1)NC(=O)Cc1cc(=O)oc2cc(N(C)C)ccc12)S(=O)(=O)c1ccc([N+](=O)[O-])cc1,6.559720786764411
COc1ccc(S(=O)(=O)N(CC(C)C)C[C@@H](O)[C@H](Cc2ccccc2)NC(=O)Cc2cc(=O)oc3cc(N(C)C)ccc23)cc1,6.675100502947687
COc1ccc2c(CC(=O)N[C@@H](Cc3ccccc3)[C@H](O)CN(CC(C)C)S(=O)(=O)c3ccc(N)cc3)cc(=O)oc2c1,7.772113295386326
COc1ccc2c(CC(=O)N[C@@H](Cc3ccccc3)[C@H](O)CN(CC(C)C)S(=O)(=O)c3ccc([N+](=O)[O-])cc3)cc(=O)oc2c1,7.253365801062421
COc1ccc(S(=O)(=O)N(CC(C)C)C[C@@H](O)[C@H](Cc2ccccc2)NC(=O)Cc2cc(=O)oc3cc(OC)ccc23)cc1,7.809668301829708
CC(C)CN(C[C@@H](O)[C@H](Cc1ccccc1)NC(=O)Cc1cc(=O)oc2cc(O)ccc12)S(=O)(=O)c1ccc(N)cc1,7.421360790031928
CC(C)CN(C[C@@H](O)[C@H](Cc1ccccc1)NC(=O)Cc1cc(=O)oc2cc(O)ccc12)S(=O)(=O)c1ccc([N+](=O)[O-])cc1,7.954677021213342
COc1ccc(S(=O)(=O)N(CC(C)C)C[C@@H](O)[C@H](Cc2ccccc2)NC(=O)Cc2cc(=O)oc3cc(O)ccc23)cc1,8.790484985457368
COc1ccc2cc(C(=O)N[C@@H](Cc3ccccc3)[C@H](O)CN(CC(C)C)S(=O)(=O)c3ccc(N)cc3)c(=O)oc2c1,6.99097425791309
COc1ccc2cc(C(=O)N[C@@H](Cc3ccccc3)[C@H](O)CN(CC(C)C)S(=O)(=O)c3ccc([N+](=O)[O-])cc3)c(=O)oc2c1,6.655804284128565
COc1ccc(S(=O)(=O)N(CC(C)C)C[C@@H](O)[C@H](Cc2ccccc2)NC(=O)c2cc3ccc(OC)cc3oc2=O)cc1,7.330683119433888
CC(C)CN(C[C@@H](O)[C@H](Cc1ccccc1)NC(=O)c1cc2ccc(O)cc2oc1=O)S(=O)(=O)c1ccc(N)cc1,7.557520230935552
CC(C)CN(C[C@@H](O)[C@H](Cc1ccccc1)NC(=O)c1cc2ccc(O)cc2oc1=O)S(=O)(=O)c1ccc([N+](=O)[O-])cc1,7.20690839982342
COc1ccc(S(=O)(=O)N(CC(C)C)C[C@@H](O)[C@H](Cc2ccccc2)NC(=O)c2cc3ccc(O)cc3oc2=O)cc1,7.403402904373539
CC(C)CN(C[C@@H](O)[C@H](Cc1ccccc1)NC(=O)c1cc2ccccc2oc1=O)S(=O)(=O)c1ccc(N)cc1,6.807153884811158
CC(C)CN(C[C@@H](O)[C@H](Cc1ccccc1)NC(=O)c1cc2ccccc2oc1=O)S(=O)(=O)c1ccc([N+](=O)[O-])cc1,6.525201181199368
COc1ccc(S(=O)(=O)N(CC(C)C)C[C@@H](O)[C@H](Cc2ccccc2)NC(=O)c2cc3ccccc3oc2=O)cc1,7.137630062877117
CC(C)CN(C[C@@H](O)[C@H](Cc1ccccc1)NC(=O)c1ccc2oc(=O)ccc2c1)S(=O)(=O)c1ccc(N)cc1,9.397940008672037
CC(C)CN(C[C@@H](O)[C@H](Cc1ccccc1)NC(=O)c1ccc2oc(=O)ccc2c1)S(=O)(=O)c1ccc([N+](=O)[O-])cc1,8.585026652029182
COc1ccc(S(=O)(=O)N(CC(C)C)C[C@@H](O)[C@H](Cc2ccccc2)NC(=O)c2ccc3oc(=O)ccc3c2)cc1,8.735182176990463
COc1cccc2[nH]c(C(=O)N[C@@H](CC(C)C)C(=O)N[C@@H](C[C@@H]3CCNC3=O)C(=O)CO)cc12,5.0
CC(C)(C)NC(=O)[C@@H]1C[C@@H]2CCCC[C@@H]2CN1C[C@@H](O)[C@H](Cc1ccccc1)NC(=O)[C@H](CC(N)=O)NC(=O)c1ccc2ccccc2n1,9.638272163982407
CC(C)(C)NC(=O)[C@@H]1C[C@@H]2CCCC[C@@H]2CN1C[C@@H](O)[C@H](Cc1ccccc1)NC(=O)[C@@H](NC(=O)c1ccc2ccccc2n1)C1CCOC1,10.267606240177031
CC(C)(C)NC(=O)[C@@H]1C[C@@H]2CCCC[C@@H]2CN1C[C@@H](O)[C@H](Cc1ccccc1)NC(=O)O[C@H]1CCOC1,6.795880017344075
O=C(N[C@@H](Cc1ccccc1)[C@@H](O)C[C@@H](Cc1ccccc1)C(=O)N[C@H]1c2ccccc2C[C@H]1O)O[C@H]1CCOC1,10.522878745280337
CC(C)(C)NC(=O)[C@@H]1C[C@@H]2CCCC[C@@H]2CN1C[C@@H](O)[C@H](Cc1ccccc1)NC(=O)OC(C)(C)C,5.522878745280337
CC(C)C(NC(=O)C[C@@H]1O[C@@H]1[C@H](Cc1ccccc1)NC(=O)[C@H](CC(N)=O)NC(=O)c1ccc2ccccc2n1)C(C)C,7.698970004336019
CCN(C(C)C)S(=O)(=O)CC[C@@H]1O[C@@H]1[C@H](Cc1ccccc1)NC(=O)[C@H](CC(C)(C)S(C)(=O)=O)NC(=O)c1ccc2ccccc2n1,8.18045606445813
CC(C)(C)NS(=O)(=O)CC[C@@H]1O[C@@H]1[C@H](Cc1ccccc1)NOC(=O)CCC(=O)NC(=O)c1ccc2ccccc2n1,7.522878745280337
CC(C)(C)NS(=O)(=O)CC[C@@H]1O[C@@H]1[C@H](Cc1ccccc1)NC(=O)[C@@H](NC(=O)OCc1ccccc1)C(C)(C)S(C)(=O)=O,7.694648630553377
COc1ccc(S(=O)(=O)N(CC(C)C)C[C@@H](O)[C@H](Cc2ccccc2)NC(=O)/C=C/c2ccc(O)c(O)c2)cc1,9.795880017344075
CC(C)CN(C[C@@H](O)[C@H](Cc1ccccc1)NC(=O)/C=C/c1ccc(O)c(O)c1)S(=O)(=O)c1ccc(N)cc1,9.698970004336019
CSc1ccc(S(=O)(=O)N(CC(C)C)C[C@@H](O)[C@H](Cc2ccccc2)NC(=O)/C=C/c2ccc(O)c(O)c2)cc1,7.791827473332878
COc1ccc(S(=O)(=O)N(CC(C)C)C[C@@H](O)[C@H](Cc2ccccc2)NC(=O)/C=C/c2ccc(O)c(O)c2)cn1,8.543633966870956
CCCN(C[C@@H](O)[C@H](Cc1ccccc1)NC(=O)/C=C/c1ccc(O)c(O)c1)S(=O)(=O)c1ccc(OC)cc1,8.593459819566045
COc1ccc(S(=O)(=O)N(C[C@@H](O)[C@H](Cc2ccccc2)NC(=O)/C=C/c2ccc(O)c(O)c2)C2CC2)cc1,7.710411047457403
COc1ccc(S(=O)(=O)N(C[C@@H](O)[C@H](Cc2ccccc2)NC(=O)/C=C/c2ccc(O)c(O)c2)C(C)C)cc1,7.267928059000133
COc1ccc(S(=O)(=O)N(CC(C)C)C[C@@H](O)[C@H](Cc2ccccc2)NC(=O)/C=C/c2ccc(O)c(OC)c2)cc1,8.53313237964589
COc1cc(/C=C/C(=O)N[C@@H](Cc2ccccc2)[C@H](O)CN(CC(C)C)S(=O)(=O)c2ccc(N)cc2)ccc1O,8.510041520575164
COc1cc(/C=C/C(=O)N[C@@H](Cc2ccccc2)[C@H](O)CN(CC(C)C)S(=O)(=O)c2ccc(SC)cc2)ccc1O,7.800519085137644
COc1ccc(S(=O)(=O)N(CC(C)C)C[C@@H](O)[C@H](Cc2ccccc2)NC(=O)/C=C/c2ccc(O)c(OC)c2)cn1,8.616184634019568
CCCN(C[C@@H](O)[C@H](Cc1ccccc1)NC(=O)/C=C/c1ccc(O)c(OC)c1)S(=O)(=O)c1ccc(OC)cc1,7.617802789622546
COc1ccc(S(=O)(=O)N(C[C@@H](O)[C@H](Cc2ccccc2)NC(=O)/C=C/c2ccc(O)c(OC)c2)C2CC2)cc1,7.010416710688995
COc1ccc(S(=O)(=O)N(C[C@@H](O)[C@H](Cc2ccccc2)NC(=O)/C=C/c2ccc(O)c(OC)c2)C(C)C)cc1,7.005199100705396
COc1ccc(S(=O)(=O)N(CC(C)C)C[C@@H](O)[C@H](Cc2ccccc2)NC(=O)/C=C/c2cc(OC)c(O)c(OC)c2)cc1,7.882728704344236
COc1cc(/C=C/C(=O)N[C@@H](Cc2ccccc2)[C@H](O)CN(CC(C)C)S(=O)(=O)c2ccc(N)cc2)cc(OC)c1O,6.84043280676638
COc1cc(/C=C/C(=O)N[C@@H](Cc2ccccc2)[C@H](O)CN(CC(C)C)S(=O)(=O)c2ccc(SC)cc2)cc(OC)c1O,7.186752699102395
COc1ccc(S(=O)(=O)N(CC(C)C)C[C@@H](O)[C@H](Cc2ccccc2)NC(=O)/C=C/c2cc(OC)c(O)c(OC)c2)cn1,7.157952711490362
CCCN(C[C@@H](O)[C@H](Cc1ccccc1)NC(=O)/C=C/c1cc(OC)c(O)c(OC)c1)S(=O)(=O)c1ccc(OC)cc1,7.435807539373802
COc1ccc(S(=O)(=O)N(C[C@@H](O)[C@H](Cc2ccccc2)NC(=O)/C=C/c2cc(OC)c(O)c(OC)c2)C2CC2)cc1,6.531504975492931
COc1ccc(S(=O)(=O)N(C[C@@H](O)[C@H](Cc2ccccc2)NC(=O)/C=C/c2cc(OC)c(O)c(OC)c2)C(C)C)cc1,6.278024598414047
CC(C)CN(C[C@@H](O)[C@H](Cc1ccccc1)NC(=O)O[C@H]1CO[C@H]2OCC[C@H]21)S(=O)(=O)c1ccc(N)cc1,8.818156412055227
COc1ccc(S(=O)(=O)N(CC(C)C)C[C@@H](O)[C@H](Cc2ccccc2)NC(=O)CCc2ccc(O)c(O)c2)cc1,9.4089353929735
CC(C)CN(C[C@@H](O)[C@H](Cc1ccccc1)NC(=O)CCc1ccc(O)c(O)c1)S(=O)(=O)c1ccc(N)cc1,9.2518119729938
CSc1ccc(S(=O)(=O)N(CC(C)C)C[C@@H](O)[C@H](Cc2ccccc2)NC(=O)CCc2ccc(O)c(O)c2)cc1,8.694648630553376
COc1ccc(S(=O)(=O)N(CC(C)C)C[C@@H](O)[C@H](Cc2ccccc2)NC(=O)CCc2ccc(O)c(O)c2)cn1,10.09151498112135
CCCN(C[C@@H](O)[C@H](Cc1ccccc1)NC(=O)CCc1ccc(O)c(O)c1)S(=O)(=O)c1ccc(OC)cc1,9.267606240177031
COc1ccc(S(=O)(=O)N(C[C@@H](O)[C@H](Cc2ccccc2)NC(=O)CCc2ccc(O)c(O)c2)C2CC2)cc1,8.393618634889394
COc1ccc(S(=O)(=O)N(C[C@@H](O)[C@H](Cc2ccccc2)NC(=O)CCc2ccc(O)c(O)c2)C(C)C)cc1,8.832682665251824
COc1ccc(S(=O)(=O)N(CC(C)C)C[C@@H](O)[C@H](Cc2ccccc2)NC(=O)CCc2ccc(O)c(OC)c2)cc1,8.958607314841775
COc1cc(CCC(=O)N[C@@H](Cc2ccccc2)[C@H](O)CN(CC(C)C)S(=O)(=O)c2ccc(N)cc2)ccc1O,9.236572006437063
COc1cc(CCC(=O)N[C@@H](Cc2ccccc2)[C@H](O)CN(CC(C)C)S(=O)(=O)c2ccc(SC)cc2)ccc1O,8.111820506081676
COc1ccc(S(=O)(=O)N(CC(C)C)C[C@@H](O)[C@H](Cc2ccccc2)NC(=O)CCc2ccc(O)c(OC)c2)cn1,9.795880017344075
CCCN(C[C@@H](O)[C@H](Cc1ccccc1)NC(=O)CCc1ccc(O)c(OC)c1)S(=O)(=O)c1ccc(OC)cc1,8.769551078621726
COc1ccc(S(=O)(=O)N(C[C@@H](O)[C@H](Cc2ccccc2)NC(=O)CCc2ccc(O)c(OC)c2)C2CC2)cc1,7.488517711373999
COc1ccc(S(=O)(=O)N(C[C@@H](O)[C@H](Cc2ccccc2)NC(=O)CCc2ccc(O)c(OC)c2)C(C)C)cc1,8.0195421077239
COc1ccc(S(=O)(=O)N(CC(C)C)C[C@@H](O)[C@H](Cc2ccccc2)NC(=O)CCc2cc(OC)c(O)cc2OC)cc1,6.982549270489464
COc1cc(CCC(=O)N[C@@H](Cc2ccccc2)[C@H](O)CN(CC(C)C)S(=O)(=O)c2ccc(N)cc2)c(OC)cc1O,7.1617177500853115
COc1cc(CCC(=O)N[C@@H](Cc2ccccc2)[C@H](O)CN(CC(C)C)S(=O)(=O)c2ccc(SC)cc2)c(OC)cc1O,7.046675303610814
COc1ccc(S(=O)(=O)N(CC(C)C)C[C@@H](O)[C@H](Cc2ccccc2)NC(=O)CCc2cc(OC)c(O)cc2OC)cn1,7.374687549038326
CCCN(C[C@@H](O)[C@H](Cc1ccccc1)NC(=O)CCc1cc(OC)c(O)cc1OC)S(=O)(=O)c1ccc(OC)cc1,7.063285241788797
COc1ccc(S(=O)(=O)N(C[C@@H](O)[C@H](Cc2ccccc2)NC(=O)CCc2cc(OC)c(O)cc2OC)C2CC2)cc1,6.793713955587568
COc1ccc(S(=O)(=O)N(C[C@@H](O)[C@H](Cc2ccccc2)NC(=O)CCc2cc(OC)c(O)cc2OC)C(C)C)cc1,7.1542200328881105
CC(C)C[C@@H]1NC(=O)[C@H](C(C)C)NC(=O)[C@@H]2CCCN2C(=O)[C@H](C(C)C)NC(=O)[C@H](Cc2ccccc2)NC(=O)CSCCNC(=O)[C@H](Cc2ccccc2)N(C)C(=O)[C@H](CC(C)C)NC(=O)[C@H](Cc2c[nH]c3ccccc23)NC1=O,8.094204119632131
CC(C)C[C@@H]1NC(=O)[C@H](C(C)C)NC(=O)[C@@H]2CCCN2C(=O)[C@H](C(C)C)NC(=O)[C@H](Cc2ccccc2)NC(=O)CSCCNC(=O)[C@H](Cc2ccccc2)N(C)C(=O)[C@H](CC(C)C)NC(=O)[C@H](Cc2cn(C)c3ccccc23)NC1=O,8.104577453960593
CC(C)C[C@@H]1NC(=O)[C@H](C(C)C)NC(=O)[C@@H]2CCCN2C(=O)[C@H](C(C)C)NC(=O)[C@H](Cc2ccccc2)NC(=O)CSCCNC(=O)[C@H](Cc2ccccc2)N(C)C(=O)[C@H](CC(C)C)NC(=O)[C@H](Cc2cccc3ccccc23)NC1=O,9.167491087293763
CC(C)C[C@@H]1NC(=O)[C@H](C(C)C)NC(=O)[C@]2(C)CCCN2C(=O)[C@H](C(C)C)NC(=O)[C@H](Cc2ccccc2)NC(=O)CSCCNC(=O)[C@H](Cc2ccccc2)N(C)C(=O)[C@H](CC(C)C)NC(=O)[C@H](Cc2cccc3ccccc23)NC1=O,9.10790539730952
CC(C)C[C@@H]1NC(=O)[C@H](C(C)C)NC(=O)[C@]2(C)CCCN2C(=O)[C@H](C(C)C)NC(=O)[C@H](Cc2ccccc2)NC(=O)CSCCNC(=O)[C@H](Cc2ccccc2)N(C)C(=O)[C@H](CC(C)C)NC(=O)[C@H](CCc2ccccc2)NC1=O,9.346787486224656
CC(C)C[C@@H]1NC(=O)[C@H](C(C)C)NC(=O)[C@]2(C)CCCN2C(=O)[C@H](C(C)C)NC(=O)[C@H](Cc2ccccc2)NC(=O)CSCCNC(=O)[C@H](Cc2ccccc2)N(C)C(=O)[C@H](CC(C)C)NC(=O)[C@H](CCC2CCCCC2)NC1=O,9.537602002101044
CC(C)C[C@@H]1NC(=O)[C@H](C(C)C)NC(=O)[C@]2(C)CCCN2C(=O)[C@H](C(C)C)NC(=O)[C@H](Cc2ccccc2)NC(=O)CSCCNC(=O)[C@H](Cc2ccccc2)N(C)C(=O)[C@H](CC(C)C)NC(=O)[C@H](CCC2=CCC(F)(F)CC2)NC1=O,9.67778070526608
CC(C)C[C@@H]1NC(=O)[C@H](C(C)C)NC(=O)[C@]2(C)CCCN2C(=O)[C@H](C(C)C)NC(=O)[C@H](Cc2ccccc2)NC(=O)CSCCNC(=O)CNC(=O)[C@H](Cc2ccccc2)N(C)C(=O)[C@H](CC(C)C)NC(=O)[C@H](CCC2CCCCC2)NC1=O,9.431798275933005
CC(C)C[C@@H]1NC(=O)[C@H](C(C)C)NC(=O)[C@]2(C)CCCN2C(=O)[C@H](C(C)C)NC(=O)[C@H](Cc2ccccc2)NC(=O)CSCCNC(=O)[C@H](C)NC(=O)[C@H](Cc2ccccc2)N(C)C(=O)[C@H](CC(C)C)NC(=O)[C@H](CCC2CCCCC2)NC1=O,9.55284196865778
CC(C)C[C@@H]1NC(=O)[C@H](C(C)C)NC(=O)[C@]2(C)CCCN2C(=O)[C@H](C(C)C)NC(=O)[C@H](Cc2ccccc2)NC(=O)CSCCNC(=O)[C@H](CC(C)C)NC(=O)[C@H](Cc2ccccc2)N(C)C(=O)[C@H](CC(C)C)NC(=O)[C@H](CCC2CCCCC2)NC1=O,8.638272163982407
CC(C)C[C@@H]1NC(=O)[C@H](C(C)C)NC(=O)[C@]2(C)CCCN2C(=O)[C@H](C(C)C)NC(=O)[C@H](Cc2ccccc2)NC(=O)CSCCNC(=O)[C@H](Cc2ccccc2)NC(=O)[C@H](Cc2ccccc2)N(C)C(=O)[C@H](CC(C)C)NC(=O)[C@H](CCC2CCCCC2)NC1=O,8.6345120151091
CC(C)C[C@@H]1NC(=O)[C@H](C(C)C)NC(=O)[C@]2(C)CCCN2C(=O)[C@H](C(C)C)NC(=O)[C@H](Cc2ccccc2)NC(=O)C(C)(C)SCCNC(=O)[C@H](C)NC(=O)[C@H](Cc2ccccc2)N(C)C(=O)[C@H](CC(C)C)NC(=O)[C@H](CCC2CCCCC2)NC1=O,7.815308569182402
CC(C)C[C@@H]1NC(=O)[C@H](C(C)C)NC(=O)[C@]2(C)CCCN2C(=O)[C@H](C(C)C)NC(=O)[C@H](Cc2ccccc2)NC(=O)CSC(C)(C)CNC(=O)[C@H](C)NC(=O)[C@H](Cc2ccccc2)N(C)C(=O)[C@H](CC(C)C)NC(=O)[C@H](CCC2CCCCC2)NC1=O,9.207608310501746
COC(=O)[C@H]1NC(=O)[C@H](C)NC(=O)[C@H](Cc2ccccc2)N(C)C(=O)[C@H](CC(C)C)NC(=O)[C@H](CCC2CCCCC2)NC(=O)[C@H](CC(C)C)NC(=O)[C@H](C(C)C)NC(=O)[C@]2(C)CCCN2C(=O)[C@H](C(C)C)NC(=O)[C@H](Cc2ccccc2)NC(=O)CSC1(C)C,8.453457336521868
CC(C)C[C@@H]1NC(=O)[C@H](C(C)C)NC(=O)[C@@H]2CCCN2C(=O)[C@H](C(C)C)NC(=O)[C@H](Cc2ccccc2)NC(=O)CSCCNC(=O)CNC(=O)[C@H](Cc2ccccc2)N(C)C(=O)[C@H](CC(C)C)NC(=O)[C@H](Cc2c[nH]c3ccccc23)NC1=O,9.00436480540245
CC(C)C[C@@H]1NC(=O)[C@](C)(C(C)C)NC(=O)[C@@H]2CCCN2C(=O)[C@H](C(C)C)NC(=O)[C@H](Cc2ccccc2)NC(=O)CSCCNC(=O)[C@H](Cc2ccccc2)N(C)C(=O)[C@H](CC(C)C)NC(=O)[C@H](Cc2cccc3ccccc23)NC1=O,9.356547323513812
CC(C)CN(C[C@@H](O)[C@H](Cc1ccccc1)NC(=O)c1ccccc1O)S(=O)(=O)c1ccc([N+](=O)[O-])cc1,7.876148359032914
CC(C)CN(C[C@@H](O)[C@H](Cc1ccccc1)NC(=O)c1ccc(O)c(O)c1)S(=O)(=O)c1ccc([N+](=O)[O-])cc1,9.602059991327963
CC(C)CN(C[C@@H](O)[C@H](Cc1ccccc1)NC(=O)c1ccc(O)cc1O)S(=O)(=O)c1ccc([N+](=O)[O-])cc1,8.616184634019568
CC(C)CN(C[C@@H](O)[C@H](Cc1ccccc1)NC(=O)c1cc(O)cc(O)c1)S(=O)(=O)c1ccc([N+](=O)[O-])cc1,10.187086643357144
CC(C)CN(C[C@@H](O)[C@H](Cc1ccccc1)NC(=O)c1ccc(Cl)cc1O)S(=O)(=O)c1ccc([N+](=O)[O-])cc1,8.000434511774017
COc1ccc(C(=O)N[C@@H](Cc2ccccc2)[C@H](O)CN(CC(C)C)S(=O)(=O)c2ccc([N+](=O)[O-])cc2)c(O)c1,7.896196279044043
CC(C)CN(C[C@@H](O)[C@H](Cc1ccccc1)NC(=O)c1cc(O)c(O)c(O)c1)S(=O)(=O)c1ccc([N+](=O)[O-])cc1,9.136677139879543
COc1cc(C(=O)N[C@@H](Cc2ccccc2)[C@H](O)CN(CC(C)C)S(=O)(=O)c2ccc([N+](=O)[O-])cc2)cc(OC)c1O,9.102372908709558
COc1cc(O)c(C(=O)N[C@@H](Cc2ccccc2)[C@H](O)CN(CC(C)C)S(=O)(=O)c2ccc([N+](=O)[O-])cc2)cc1OC,7.864231485432177
CC(C)CN(C[C@@H](O)[C@H](Cc1ccccc1)NC(=O)c1ccccc1O)S(=O)(=O)c1ccc(C(F)(F)F)cc1,7.637517525248826
CC(C)CN(C[C@@H](O)[C@H](Cc1ccccc1)NC(=O)c1ccc(O)c(O)c1)S(=O)(=O)c1ccc(C(F)(F)F)cc1,10.113509274827518
CC(C)CN(C[C@@H](O)[C@H](Cc1ccccc1)NC(=O)c1ccc(O)cc1O)S(=O)(=O)c1ccc(C(F)(F)F)cc1,8.05453141486818
CC(C)CN(C[C@@H](O)[C@H](Cc1ccccc1)NC(=O)c1cc(O)cc(O)c1)S(=O)(=O)c1ccc(C(F)(F)F)cc1,10.10790539730952
CC(C)CN(C[C@@H](O)[C@H](Cc1ccccc1)NC(=O)c1ccc(Cl)cc1O)S(=O)(=O)c1ccc(C(F)(F)F)cc1,8.20551195334083
COc1ccc(C(=O)N[C@@H](Cc2ccccc2)[C@H](O)CN(CC(C)C)S(=O)(=O)c2ccc(C(F)(F)F)cc2)c(O)c1,7.791289980093599
CC(C)CN(C[C@@H](O)[C@H](Cc1ccccc1)NC(=O)c1cc(O)c(O)c(O)c1)S(=O)(=O)c1ccc(C(F)(F)F)cc1,9.481486060122112
COc1cc(C(=O)N[C@@H](Cc2ccccc2)[C@H](O)CN(CC(C)C)S(=O)(=O)c2ccc(C(F)(F)F)cc2)cc(OC)c1O,8.082494490447454
COc1cc(O)c(C(=O)N[C@@H](Cc2ccccc2)[C@H](O)CN(CC(C)C)S(=O)(=O)c2ccc(C(F)(F)F)cc2)cc1OC,7.942333896090171
CC(C)CN(C[C@@H](O)[C@H](Cc1ccccc1)NC(=O)c1ccccc1O)S(=O)(=O)c1ccc(F)cc1,8.6903698325741
CC(C)CN(C[C@@H](O)[C@H](Cc1ccccc1)NC(=O)c1ccc(O)c(O)c1)S(=O)(=O)c1ccc(F)cc1,10.1249387366083
CC(C)CN(C[C@@H](O)[C@H](Cc1ccccc1)NC(=O)c1ccc(O)cc1O)S(=O)(=O)c1ccc(F)cc1,9.200659450546418
CC(C)CN(C[C@@H](O)[C@H](Cc1ccccc1)NC(=O)c1cc(O)cc(O)c1)S(=O)(=O)c1ccc(F)cc1,10.67778070526608
CC(C)CN(C[C@@H](O)[C@H](Cc1ccccc1)NC(=O)c1ccc(Cl)cc1O)S(=O)(=O)c1ccc(F)cc1,8.158640529545146
COc1ccc(C(=O)N[C@@H](Cc2ccccc2)[C@H](O)CN(CC(C)C)S(=O)(=O)c2ccc(F)cc2)c(O)c1,8.078833949362261
COc1cc(C(=O)N[C@@H](Cc2ccccc2)[C@H](O)CN(CC(C)C)S(=O)(=O)c2ccc(F)cc2)cc(OC)c1O,9.494850021680094
COc1cc(O)c(C(=O)N[C@@H](Cc2ccccc2)[C@H](O)CN(CC(C)C)S(=O)(=O)c2ccc(F)cc2)cc1OC,7.9396799713117145
CC(C)CN(C[C@@H](O)[C@H](Cc1ccccc1)NC(=O)O[C@H]1CO[C@H]2OCC[C@H]21)S(=O)(=O)c1ccc(N)cc1,9.292429823902063
COc1ccc(S(=O)(=O)N(CC(C)C)C[C@@H](O)[C@H](Cc2ccccc2)NC(=O)[C@@H]2COCCN2C)cc1,8.316052869248487
CC(C)CN(C[C@@H](O)[C@H](Cc1ccccc1)NC(=O)[C@@H]1COCCN1C)S(=O)(=O)c1ccc(O)cc1,8.920818753952375
CC(C)CN(C[C@@H](O)[C@H](Cc1ccccc1)NC(=O)[C@@H]1COCCN1C)S(=O)(=O)c1ccc(NO)cc1,7.5741398549221595
COc1ccc(S(=O)(=O)N(CC(C)C)C[C@@H](O)[C@H](Cc2ccccc2)NC(=O)[C@@H]2COCCN2)cc1,9.4089353929735
CC(C)CN(C[C@@H](O)[C@H](Cc1ccccc1)NC(=O)[C@@H]1COCCN1)S(=O)(=O)c1ccc(O)cc1,10.045757490560675
CC(C)CN(C[C@@H](O)[C@H](Cc1ccccc1)NC(=O)[C@@H]1COCCN1)S(=O)(=O)c1ccc(NO)cc1,8.52432881167557
CC(C)CN(C[C@@H](O)[C@H](Cc1ccccc1)NC(=O)[C@@H]1COCCN1)S(=O)(=O)c1ccc(N)cc1,7.504178246614094
CNc1ccc(S(=O)(=O)N(CC(C)C)C[C@@H](O)[C@H](Cc2ccccc2)NC(=O)[C@@H]2COCCN2)cc1,7.018725167293411
CC(C)CN(C[C@@H](O)[C@H](Cc1ccccc1)NC(=O)[C@@H]1COCCN1)S(=O)(=O)c1ccc(S(C)(=O)=O)cc1,6.342848498099033
COc1ccc(S(=O)(=O)N(CC(C)C)C[C@@H](O)[C@H](Cc2ccccc2)NC(=O)[C@H]2CNCCO2)cc1,7.933674074637962
CC(C)CN(C[C@@H](O)[C@H](Cc1ccccc1)NC(=O)[C@H]1CNCCO1)S(=O)(=O)c1ccc(O)cc1,8.247951552180561
CC(C)CN(C[C@@H](O)[C@H](Cc1ccccc1)NC(=O)[C@H]1CNCCO1)S(=O)(=O)c1ccc(NO)cc1,7.467882883751196
CC(C)CN(C[C@@H](O)[C@H](Cc1ccccc1)NC(=O)[C@H]1CNCCO1)S(=O)(=O)c1ccc(N)cc1,7.265120197207373
CNc1ccc(S(=O)(=O)N(CC(C)C)C[C@@H](O)[C@H](Cc2ccccc2)NC(=O)[C@H]2CNCCO2)cc1,7.0448897690294485
COc1ccc(S(=O)(=O)N(CC(C)C)C[C@@H](O)[C@H](Cc2ccccc2)NC(=O)OC[C@H]2CN(C)CCO2)cc1,8.647817481888637
CC(C)CN(C[C@@H](O)[C@H](Cc1ccccc1)NC(=O)OC[C@H]1CN(C)CCO1)S(=O)(=O)c1ccc(O)cc1,8.812479279163536
CC(C)CN(C[C@@H](O)[C@H](Cc1ccccc1)NC(=O)OC[C@H]1CN(C)CCO1)S(=O)(=O)c1ccc(NO)cc1,7.858236769724212
COc1ccc(S(=O)(=O)N(CC(C)C)C[C@@H](O)[C@H](Cc2ccccc2)NC(=O)OC[C@H]2CNCCO2)cc1,9.173925197299173
CC(C)CN(C[C@@H](O)[C@H](Cc1ccccc1)NC(=O)OC[C@H]1CNCCO1)S(=O)(=O)c1ccc(O)cc1,8.721246399047171
CC(C)CN(C[C@@H](O)[C@H](Cc1ccccc1)NC(=O)OC[C@H]1CNCCO1)S(=O)(=O)c1ccc(NO)cc1,8.610833915635467
CC(C)CN(C[C@@H](O)[C@H](Cc1ccccc1)NC(=O)OC[C@H]1CNCCO1)S(=O)(=O)c1ccc(N)cc1,7.705313375720556
COc1ccc(S(=O)(=O)N(CC(C)C)C[C@@H](O)[C@H](Cc2ccccc2)NS(=O)(=O)N2CCOCC2)cc1,7.7162466166674735
CC(C)CN(C[C@@H](O)[C@H](Cc1ccccc1)NS(=O)(=O)N1CCOCC1)S(=O)(=O)c1ccc(N)cc1,7.453704164878557
COc1ccc(S(=O)(=O)N(CC(C)C)C[C@@H](O)[C@H](Cc2ccccc2)NC(=O)CN2CCS(=O)(=O)CC2)cc1,7.614393726401688
CC(C)CN(C[C@@H](O)[C@H](Cc1ccccc1)NC(=O)CN1CCS(=O)(=O)CC1)S(=O)(=O)c1ccc(O)cc1,7.974284616098659
CC(C)CN(C[C@@H](O)[C@H](Cc1ccccc1)NC(=O)CN1CCS(=O)(=O)CC1)S(=O)(=O)c1ccc(NO)cc1,7.324038450357831
CC(C)CN(C[C@@H](O)[C@H](Cc1ccccc1)NC(=O)O[C@H]1CO[C@H]2OCC[C@H]21)S(=O)(=O)c1ccc(N)cc1,8.928117992693874
Cn1cnc(Cn2c(=O)[nH]/c(=N\c3cc4cn(C)nc4cc3Cl)n(Cc3cc(F)c(F)cc3F)c2=O)n1,4.0
COc1ccc(CN2C[C@H](O)[C@@](Cc3ccc(F)cc3)(c3ccc(S(C)(=O)=O)cc3)C2=O)cc1,4.267606240177032
CCC[C@]1(c2ccc(S(C)(=O)=O)cc2)C(=O)N(Cc2ccc(OC)cc2)C[C@@H]1O,4.494850021680094
COc1ccc(CN2C[C@H](O)[C@@](CC(C)C)(c3ccc(S(C)(=O)=O)cc3)C2=O)cc1,4.468521082957745
COc1ccc(CN2C[C@H](O)[C@@](CCC(C)C)(c3ccc(S(C)(=O)=O)cc3)C2=O)cc1,5.698970004336019
COc1ccc(CN2C[C@H](O)[C@@](CCC(C)C)(c3ccc(S(C)(=O)=O)cc3OC(C)C)C2=O)cc1,7.086186147616283
COc1ccc(CN2C[C@H](O)[C@@](CCC(C)C)(c3ccc(S(C)(=O)=O)cc3O[C@@H](C)CO)C2=O)cc1,8.148741651280925
COc1ccc(CN2C[C@@H](O)[C@@](Cc3ccc(F)cc3)(c3ccc(S(C)(=O)=O)cc3)C2=O)cc1,4.113509274827518
CSC[C@H](NC(=O)COc1cccc2cnccc12)C(=O)N[C@@H](Cc1ccccc1)[C@H](O)C(=O)N1CSC[C@H]1C(=O)NC(C)(C)C,8.187086643357144
CC(C)(C)NC(=O)[C@@H]1CCCN1C(=O)[C@@H](O)[C@H](Cc1ccccc1)NC(=O)[C@H](CC(N)=O)NC(=O)OCc1ccccc1,7.050609993355087
CC(C)(C)NC(=O)[C@@H]1CSCN1C(=O)[C@@H](O)[C@H](Cc1ccccc1)NC(=O)[C@H](CC(N)=O)NC(=O)OCc1ccccc1,7.508638306165727
CC(C)(C)NC(=O)[C@@H]1CSCN1C(=O)[C@@H](O)[C@H](Cc1ccccc1)NC(=O)[C@H](CC(N)=O)NC(=O)COc1cccc2ccccc12,8.05551732784983
CC(C)(C)NC(=O)[C@H]1N(C(=O)[C@@H](O)[C@H](Cc2ccccc2)NC(=O)[C@H](CC(N)=O)NC(=O)COc2cccc3ccccc23)CSC1(C)C,8.55284196865778
C[C@H](CCC(=O)N[C@H](CC(=O)OCc1ccccc1)C(=O)O)[C@H]1CC[C@H]2[C@@H]3[C@H](O)C[C@@H]4C[C@H](O)CC[C@]4(C)[C@H]3C[C@H](O)[C@]12C,3.9030899869919438
CC(C)(C)NC(=O)[C@@H]1C[C@@H]2CCCC[C@@H]2CN1C[C@@H](O)[C@H](Cc1ccccc1)NC(=O)[C@H](CC(N)=O)NC(=O)c1ccc2ccccc2n1,9.638272163982407
CC(C)(C)NC(=O)[C@@H]1C[C@@H]2CCCC[C@@H]2CN1C[C@@H](O)[C@H](Cc1ccccc1)NC(=O)O[C@H]1CO[C@H]2CCC[C@H]21,6.721246399047171
CC(C)(C)NC(=O)[C@@H]1C[C@@H]2CCCC[C@@H]2CN1C[C@@H](O)[C@H](Cc1ccccc1)NC(=O)O[C@H]1CC[C@H]2OCC[C@@H]12,7.769551078621726
COc1ccc(S(=O)(=O)N(CC(C)C)C[C@@H](O)[C@H](Cc2ccccc2)NC(=O)O[C@H]2CO[C@H]3O[C@@H]4OCC[C@@H]4[C@H]32)cc1,8.744727494896694
CC(C)CN(C[C@@H](O)[C@H](Cc1ccccc1)NC(=O)O[C@H]1C2CO[C@H]3OCC1C3C2)S(=O)(=O)c1ccc2oc(NC3CC3)nc2c1,9.585026652029182
Cc1c(O)cccc1C(=O)N[C@@H](c1cccs1)[C@H](O)CN1C[C@H]2CCCC[C@H]2C[C@H]1C(=O)NC(C)(C)C,4.522878745280337
CC(C)(C)NC(=O)[C@@H]1C[C@@H]2CCCC[C@@H]2CN1C[C@@H](O)[C@@H](NC(=O)[C@H](CC(N)=O)NC(=O)c1ccc2ccccc2n1)c1cccs1,5.301029995663981
Cc1cccc(C)c1OCC(=O)N(Cc1ccccc1)C[C@@H]1CNC[C@H]1CN(CC(C)C)S(=O)(=O)c1ccccc1,5.657577319177793
C[C@H](Cc1cc2c(cc1O)OCO2)[C@H](C)Cc1cc2c(cc1O)OCO2,5.251811972993799
CC(C)C[C@H](NC(=O)[C@@H](NC(=O)CCCCCCCCCCCCCCC(=O)N[C@@H](CC(N)=O)C(=O)N[C@@H](Cc1ccccc1)C(=O)O)[C@@H](C)O)C(=O)NCCc1ccc(Oc2ccc(O)cc2)cc1,7.017728766960431
CC(C)C[C@H](NC(=O)[C@@H](NC(=O)CCCCCCCCCCCCCCC(=O)N[C@@H](CC(N)=O)C(=O)N[C@@H](Cc1ccccc1)C(=O)O)[C@@H](C)O)C(=O)NCCc1ccc(N)cc1,6.187086643357144
CC(C)C[C@H](NC(=O)[C@@H](NC(=O)CCCCCCCCCCCCCCC(=O)N[C@@H](CC(N)=O)C(=O)N[C@@H](Cc1ccccc1)C(=O)O)[C@@H](C)O)C(=O)NCCc1cccc(O)c1,5.94692155651658
CC(C)C[C@H](NC(=O)[C@@H](NC(=O)CCCCCCCCCCCCCCC(=O)N[C@@H](CC(N)=O)C(=O)N[C@@H](Cc1ccccc1)C(=O)O)[C@@H](C)O)C(=O)NCCc1ccccc1,5.236572006437063
CCCCCC/C=C\CCCCCCCc1cc(O)cc(O)c1,5.585026652029182
COc1ccc(S(=O)(=O)N(CC(C)C)C[C@@H](O)[C@H](Cc2ccccc2)n2cc(CNC(=O)c3ccc(CNC(=O)OC(C)(C)C)cc3)nn2)cc1,7.886056647693163
COc1ccc(S(=O)(=O)N(CC(C)C)C[C@@H](O)[C@H](Cc2ccccc2)n2cc(COC(=O)N[C@H]3c4ccccc4C[C@H]3O)nn2)cc1,8.221848749616356
C=C(C)[C@H]1CC[C@]2(C)[C@H]3CC[C@@H]4[C@@]5(C)C[C@H](OC(C)=O)C[C@](C)(C(=O)O)[C@@H]5CC[C@@]4(C)[C@]3(C)CC[C@@H]12,5.769551078621726
C=C(C)[C@@H]1CC[C@@]2(C)[C@@H]1C1CC[C@@H]3[C@@](C)(CC(=O)O)[C@H](C(C)(C)C(=O)O)CC[C@@]3(C)[C@]1(C)C[C@@H]2O,8.060480747381382
COc1ccccc1CCCCc1c(O)c2ccc(O)cc2oc1=O,6.2839966563652006
CC(=O)CC(c1ccccc1)c1c(O)c2ccc(C)c(C)c2oc1=O,5.721246399047171
O=c1oc2ccccc2c(O)c1CCCOc1ccccc1,5.638272163982407
CCCC1(CCC)CC(O)=C(C(c2ccccc2)C2CC2)C(=O)O1,5.301029995663981
O=c1oc(-c2ccccc2)cc(O)c1C(SC1CCCC1)C1CCCC1,6.647817481888637
O=C(O)CCCCC1(c2ccccc2)CC(O)=C(SCCc2ccccc2)C(=O)O1,5.301029995663981
O=C(O)COc1ccc(-c2cc(O)c(SCCc3ccccc3)c(=O)o2)cc1,6.795880017344075
O=c1oc(-c2ccccc2)cc(O)c1Sc1ccccc1,5.522878745280337
O=c1oc2ccccc2c(O)c1C(c1ccc(C(c2c(O)c3ccccc3oc2=O)c2c(O)c3ccccc3oc2=O)cc1)c1c(O)c2ccccc2oc1=O,4.939302159646388
O=c1oc2cc(O)ccc2c(O)c1C(c1ccc(/C=C\c2ccccc2)cc1)c1c(O)c2ccc(O)cc2oc1=O,5.154901959985743
O=c1oc2cc(O)ccc2c(O)c1C(c1ccc2ccccc2c1)c1c(O)c2ccc(O)cc2oc1=O,5.376750709602099
O=c1oc2ccccc2c(O)c1C(c1ccccc1)c1c(O)c2ccccc2oc1=O,4.366531544420414
O=c1oc2cc(O)ccc2c(O)c1-c1ccc(O)cc1,5.698970004336019
CCOC(=O)C(C(C)=O)C(c1cccc([N+](=O)[O-])c1)c1c(O)c2ccccc2oc1=O,11.0
COc1ccc(S(=O)(=O)N(CC(C)C)C[C@@H](O)[C@H](Cc2ccccc2)NC(=O)O[C@H]2CCOC2)cc1,8.3767507096021
COc1ccc(S(=O)(=O)N(CC(C)C)C[C@@H](O)[C@H](Cc2ccccc2)NC(=O)CCC(=O)O)cc1,7.928117992693875
CCC(C)(C)C(=O)C(=O)N1CCCCC1C(=O)OC(CCc1ccc(OC)c(OC)c1)c1cccc(NC(=O)CCC(=O)N[C@@H](Cc2ccccc2)[C@H](O)CN(CC(C)C)S(=O)(=O)c2ccc(OC)cc2)c1,8.008773924307505
CC(C)CN(C[C@@H](O)[C@H](Cc1ccccc1)NC(=O)O[C@H]1CCOC1)S(=O)(=O)c1ccc(N)cc1,6.267606240177032
COc1ccc(S(=O)(=O)N(CC(C)C)C[C@@H](O)[C@H](Cc2ccccc2)NC(=O)C[C@H]2CCNC2)cc1,5.557520230935552
CC(C)CN(C[C@@H](O)[C@H](Cc1ccccc1)NC(=O)C[C@H]1CCNC1)S(=O)(=O)c1ccc(O)cc1,5.844663962534939
COc1ccc(S(=O)(=O)N(CC(C)C)C[C@@H](O)[C@H](Cc2ccccc2)NC(=O)C[C@@H]2CCNC2)cc1,4.688670047696207
CC(C)CN(C[C@@H](O)[C@H](Cc1ccccc1)NC(=O)C[C@@H]1CCNC1)S(=O)(=O)c1ccc(O)cc1,5.300162274132754
COc1ccc(S(=O)(=O)N(CC(C)C)C[C@@H](O)[C@H](Cc2ccccc2)NC(=O)[C@@H]2CCNC2)cc1,6.3872161432802645
CC(C)CN(C[C@@H](O)[C@H](Cc1ccccc1)NC(=O)[C@@H]1CCNC1)S(=O)(=O)c1ccc(O)cc1,6.494850021680094
COc1ccc(S(=O)(=O)N(CC(C)C)C[C@@H](O)[C@H](Cc2ccccc2)NC(=O)[C@@H]2CCNC2)cn1,6.080921907623926
CC(C)CN(C[C@@H](O)[C@H](Cc1ccccc1)NC(=O)[C@@H]1CCNC1)S(=O)(=O)c1ccc(NO)cc1,5.91721462968355
CC(C)CN(C[C@@H](O)[C@H](Cc1ccccc1)NC(=O)[C@@H]1CCNC1)S(=O)(=O)c1ccc(N)cc1,5.210419287835575
COc1ccc(S(=O)(=O)N(CC(C)C)C[C@@H](O)[C@H](Cc2ccccc2)NC(=O)[C@H]2CCNC2)cc1,6.221848749616356
CC(C)CN(C[C@@H](O)[C@H](Cc1ccccc1)NC(=O)[C@H]1CCNC1)S(=O)(=O)c1ccc(O)cc1,6.292429823902063
COc1ccc(S(=O)(=O)N(CC(C)C)C[C@@H](O)[C@H](Cc2ccccc2)NC(=O)[C@H]2CCNC2)cn1,5.324221658325915
CC(C)CN(C[C@@H](O)[C@H](Cc1ccccc1)NC(=O)[C@H]1CCNC1)S(=O)(=O)c1ccc(NO)cc1,4.963770455913705
CC(C)CN(C[C@@H](O)[C@H](Cc1ccccc1)NC(=O)[C@H]1CCNC1)S(=O)(=O)c1ccc(N)cc1,4.902395671125589
COc1ccc(S(=O)(=O)N(CC(C)C)C[C@@H](O)[C@H](Cc2ccccc2)NC(=O)[C@H]2CCCN2)cc1,4.400226060853612
CC(C)CN(C[C@@H](O)[C@H](Cc1ccccc1)NC(=O)[C@H]1CCCN1)S(=O)(=O)c1ccc(O)cc1,4.01390037494487
COc1ccc(S(=O)(=O)N(CC(C)C)C[C@@H](O)[C@H](Cc2ccccc2)NC(=O)[C@@H]2CCCN2)cc1,5.6595558851598815
CC(C)CN(C[C@@H](O)[C@H](Cc1ccccc1)NC(=O)[C@@H]1CCCN1)S(=O)(=O)c1ccc(O)cc1,6.013228265733755
COc1ccc(S(=O)(=O)N(CC(C)C)C[C@@H](O)[C@H](Cc2ccccc2)NC(=O)O[C@@H]2CCNC2)cc1,5.58838029403677
CC(C)CN(C[C@@H](O)[C@H](Cc1ccccc1)NC(=O)O[C@@H]1CCNC1)S(=O)(=O)c1ccc(O)cc1,6.086186147616283
COc1ccc(S(=O)(=O)N(CC(C)C)C[C@@H](O)[C@H](Cc2ccccc2)NC(=O)O[C@@H]2CCNC2)cn1,4.638839004804974
CC(C)CN(C[C@@H](O)[C@H](Cc1ccccc1)NC(=O)O[C@@H]1CCNC1)S(=O)(=O)c1ccc(NO)cc1,4.562883906951921
CC(C)CN(C[C@@H](O)[C@H](Cc1ccccc1)NC(=O)O[C@@H]1CCNC1)S(=O)(=O)c1ccc(N)cc1,4.596022036330645
COc1ccc(S(=O)(=O)N(CC(C)C)C[C@@H](O)[C@H](Cc2ccccc2)NC(=O)O[C@H]2CCNC2)cc1,5.958607314841775
CC(C)CN(C[C@@H](O)[C@H](Cc1ccccc1)NC(=O)O[C@H]1CCNC1)S(=O)(=O)c1ccc(O)cc1,6.142667503568732
COc1ccc(S(=O)(=O)N(CC(C)C)C[C@@H](O)[C@H](Cc2ccccc2)NC(=O)O[C@H]2CCNC2)cn1,5.393618634889395
CC(C)CN(C[C@@H](O)[C@H](Cc1ccccc1)NC(=O)O[C@H]1CCNC1)S(=O)(=O)c1ccc(NO)cc1,5.292429823902063
CC(C)CN(C[C@@H](O)[C@H](Cc1ccccc1)NC(=O)O[C@H]1CCNC1)S(=O)(=O)c1ccc(N)cc1,5.295849483160201
COc1ccc(S(=O)(=O)N(CC(C)C)C[C@@H](O)[C@H](Cc2ccccc2)NC(=O)N[C@@H]2CCNC2)cc1,4.6831912479469775
CC(C)CN(C[C@@H](O)[C@H](Cc1ccccc1)NC(=O)N[C@@H]1CCNC1)S(=O)(=O)c1ccc(O)cc1,5.224025668870631
COc1ccc(S(=O)(=O)N(CC(C)C)C[C@@H](O)[C@H](Cc2ccccc2)NC(=O)N[C@H]2CCNC2)cc1,5.396855627379818
CC(C)CN(C[C@@H](O)[C@H](Cc1ccccc1)NC(=O)N[C@H]1CCNC1)S(=O)(=O)c1ccc(O)cc1,5.709965388637482
[N-]=[N+]=N[C@]1(CO)O[C@@H](n2ccc(N)nc2=O)[C@H](O)[C@@H]1O,5.892790030352131
[N-]=[N+]=N[C@]1(CO)O[C@@H](n2ccc(N)nc2=O)[C@@H](O)[C@@H]1O,6.767003889607846
COc1ccc(S(=O)(=O)N(CC(C)C)C[C@@H](O)[C@H](Cc2ccccc2)NC(=O)Cc2ccc(O)c(OC)c2)cc1,7.30076949711659
COc1ccc(S(=O)(=O)N(CC(C)C)C[C@@H](O)[C@H](Cc2ccccc2)NC(=O)Cc2ccc(OC)c(O)c2)cc1,8.401209493236886
COc1ccc(S(=O)(=O)N(CC(C)C)C[C@@H](O)[C@H](Cc2ccccc2)NC(=O)Cc2ccc(OC)c(OC)c2)cc1,7.07052998382251
COc1ccc(S(=O)(=O)N(CC(C)C)C[C@@H](O)[C@H](Cc2ccccc2)NC(=O)Cc2ccc(O)c(O)c2)cc1,9.267606240177031
COc1ccc(CC(=O)N[C@@H](Cc2ccccc2)[C@H](O)CN(CC(C)C)S(=O)(=O)c2ccc(OC)cc2)cc1,7.678194516142461
COc1ccc(S(=O)(=O)N(CC(C)C)C[C@@H](O)[C@H](Cc2ccccc2)NC(=O)Cc2ccc(O)cc2)cc1,8.653647025549361
COc1ccc(S(=O)(=O)N(CC(C)C)C[C@@H](O)[C@H](Cc2ccccc2)NC(=O)Cc2cccc(OC)c2)cc1,8.158015195409886
COc1ccc(S(=O)(=O)N(CC(C)C)C[C@@H](O)[C@H](Cc2ccccc2)NC(=O)Cc2cccc(O)c2)cc1,9.060480747381382
COc1cc(CC(=O)N[C@@H](Cc2ccccc2)[C@H](O)CN(CC(C)C)S(=O)(=O)c2ccc(SC)cc2)ccc1O,6.935167780261426
COc1ccc(CC(=O)N[C@@H](Cc2ccccc2)[C@H](O)CN(CC(C)C)S(=O)(=O)c2ccc(SC)cc2)cc1O,8.032452023781138
COc1ccc(CC(=O)N[C@@H](Cc2ccccc2)[C@H](O)CN(CC(C)C)S(=O)(=O)c2ccc(SC)cc2)cc1OC,6.767003889607846
CSc1ccc(S(=O)(=O)N(CC(C)C)C[C@@H](O)[C@H](Cc2ccccc2)NC(=O)Cc2ccc(O)c(O)c2)cc1,8.640164517660113
COc1ccc(CC(=O)N[C@@H](Cc2ccccc2)[C@H](O)CN(CC(C)C)S(=O)(=O)c2ccc(SC)cc2)cc1,7.066613958096945
CSc1ccc(S(=O)(=O)N(CC(C)C)C[C@@H](O)[C@H](Cc2ccccc2)NC(=O)Cc2ccc(O)cc2)cc1,8.3767507096021
COc1cccc(CC(=O)N[C@@H](Cc2ccccc2)[C@H](O)CN(CC(C)C)S(=O)(=O)c2ccc(SC)cc2)c1,7.517412230473233
CSc1ccc(S(=O)(=O)N(CC(C)C)C[C@@H](O)[C@H](Cc2ccccc2)NC(=O)Cc2cccc(O)c2)cc1,8.661543506395395
COc1ccc(S(=O)(=O)N(CC(C)C)C[C@@H](O)[C@H](Cc2ccccc2)NC(=O)Cc2ccc(O)c(OC)c2)cn1,6.769551078621726
COc1ccc(S(=O)(=O)N(CC(C)C)C[C@@H](O)[C@H](Cc2ccccc2)NC(=O)Cc2ccc(OC)c(O)c2)cn1,7.886056647693163
COc1ccc(S(=O)(=O)N(CC(C)C)C[C@@H](O)[C@H](Cc2ccccc2)NC(=O)Cc2ccc(OC)c(OC)c2)cn1,6.7544873321858505
COc1ccc(S(=O)(=O)N(CC(C)C)C[C@@H](O)[C@H](Cc2ccccc2)NC(=O)Cc2ccc(O)c(O)c2)cn1,8.542118103266008
COc1ccc(CC(=O)N[C@@H](Cc2ccccc2)[C@H](O)CN(CC(C)C)S(=O)(=O)c2ccc(OC)nc2)cc1,7.285335007137463
COc1ccc(S(=O)(=O)N(CC(C)C)C[C@@H](O)[C@H](Cc2ccccc2)NC(=O)Cc2ccc(O)cc2)cn1,8.139063379299905
COc1cccc(CC(=O)N[C@@H](Cc2ccccc2)[C@H](O)CN(CC(C)C)S(=O)(=O)c2ccc(OC)nc2)c1,7.901702463505302
COc1ccc(S(=O)(=O)N(CC(C)C)C[C@@H](O)[C@H](Cc2ccccc2)NC(=O)Cc2cccc(O)c2)cn1,8.920818753952375
COc1cc(CC(=O)N[C@@H](Cc2ccccc2)[C@H](O)CN(CC(C)C)S(=O)(=O)c2ccc(N)cc2)ccc1O,6.420902673447356
COc1ccc(CC(=O)N[C@@H](Cc2ccccc2)[C@H](O)CN(CC(C)C)S(=O)(=O)c2ccc(N)cc2)cc1O,7.560036064079095
COc1ccc(CC(=O)N[C@@H](Cc2ccccc2)[C@H](O)CN(CC(C)C)S(=O)(=O)c2ccc(N)cc2)cc1OC,5.991399828238082
CC(C)CN(C[C@@H](O)[C@H](Cc1ccccc1)NC(=O)Cc1ccc(O)c(O)c1)S(=O)(=O)c1ccc(N)cc1,8.024108863598206
COc1ccc(CC(=O)N[C@@H](Cc2ccccc2)[C@H](O)CN(CC(C)C)S(=O)(=O)c2ccc(N)cc2)cc1,6.423773862550395
CC(C)CN(C[C@@H](O)[C@H](Cc1ccccc1)NC(=O)Cc1ccc(O)cc1)S(=O)(=O)c1ccc(N)cc1,7.494443061336178
COc1cccc(CC(=O)N[C@@H](Cc2ccccc2)[C@H](O)CN(CC(C)C)S(=O)(=O)c2ccc(N)cc2)c1,7.454321850207974
CC(C)CN(C[C@@H](O)[C@H](Cc1ccccc1)NC(=O)Cc1cccc(O)c1)S(=O)(=O)c1ccc(N)cc1,8.255707016877324
CC(C)CN(C[C@@H](O)[C@H](Cc1ccccc1)NC(=O)O[C@H]1CO[C@H]2OCC[C@H]21)S(=O)(=O)c1ccc(N)cc1,9.060480747381382
CC(C)Nc1cccnc1N1CCN(C(=O)c2cc3cc(NS(C)(=O)=O)ccc3[nH]2)CC1,8.886056647693163
COc1ccc(S(=O)(=O)N(CC(C)C)C[C@@H](O)[C@H](Cc2ccccc2)NC(=O)c2cc3ccccc3o2)cc1,5.035740369803151
COc1ccc(S(=O)(=O)N(CC(C)C)C[C@@H](O)[C@H](Cc2ccccc2)NC(=O)c2cc3ccc(O)cc3o2)cc1,5.698970004336019
COc1ccc(S(=O)(=O)N(CC(C)C)C[C@@H](O)[C@H](Cc2ccccc2)NC(=O)c2cc3cc(O)ccc3o2)cc1,5.623423042943488
COc1ccc(S(=O)(=O)N(CC(C)C)C[C@@H](O)[C@H](Cc2ccccc2)NC(=O)c2cc3ccc(N)cc3o2)cc1,5.428291168191312
COc1ccc(S(=O)(=O)N(CC(C)C)C[C@@H](O)[C@H](Cc2ccccc2)NC(=O)c2cc3cc(N)ccc3o2)cc1,5.275724130399211
COc1ccc(S(=O)(=O)N(CC(C)C)C[C@@H](O)[C@H](Cc2ccccc2)NC(=O)c2cc3cc(O)c(O)cc3o2)cc1,5.714442690992226
COc1ccc(S(=O)(=O)N(CC(C)C)C[C@@H](O)[C@H](Cc2ccccc2)NC(=O)c2cc3ccc(O)cc3o2)cn1,5.546681659952962
COc1ccc(S(=O)(=O)N(CC(C)C)C[C@@H](O)[C@H](Cc2ccccc2)NC(=O)c2cc3cc(O)ccc3o2)cn1,5.703334809738469
COc1ccc(S(=O)(=O)N(CC(C)C)C[C@@H](O)[C@H](Cc2ccccc2)NC(=O)c2cc3cc(O)c(O)cc3o2)cn1,5.636388020107856
CC(C)CN(C[C@@H](O)[C@H](Cc1ccccc1)NC(=O)c1cc2ccccc2o1)S(=O)(=O)c1ccc(N)cc1,4.787812395596042
CC(C)CN(C[C@@H](O)[C@H](Cc1ccccc1)NC(=O)c1cc2ccc(O)cc2o1)S(=O)(=O)c1ccc(N)cc1,5.515700160653214
CC(C)CN(C[C@@H](O)[C@H](Cc1ccccc1)NC(=O)c1cc2cc(O)ccc2o1)S(=O)(=O)c1ccc(N)cc1,5.343901797987168
CC(C)CN(C[C@@H](O)[C@H](Cc1ccccc1)NC(=O)O[C@H]1CO[C@H]2OCC[C@H]21)S(=O)(=O)c1ccc(N)cc1,5.835647144215563
COc1ccc(S(=O)(=O)N(CC(C)C)C[C@@H](O)[C@H](Cc2ccccc2)NC(=O)c2coc3ccccc23)cc1,5.047691990337875
COc1ccc(S(=O)(=O)N(CC(C)C)C[C@@H](O)[C@H](Cc2ccccc2)NC(=O)c2coc3cc(O)ccc23)cc1,5.806875401645538
COc1ccc(S(=O)(=O)N(CC(C)C)C[C@@H](O)[C@H](Cc2ccccc2)NC(=O)c2coc3ccc(O)cc23)cc1,5.688246138944246
COc1ccc(S(=O)(=O)N(CC(C)C)C[C@@H](O)[C@H](Cc2ccccc2)NC(=O)c2coc3cc(O)c(O)cc23)cn1,5.866461091629782
COc1ccc(S(=O)(=O)N(CC(C)C)C[C@@H](O)[C@H](Cc2ccccc2)NC(=O)c2cc3ccccc3[nH]2)cc1,5.124360062995832
COc1ccc(S(=O)(=O)N(CC(C)C)C[C@@H](O)[C@H](Cc2ccccc2)NC(=O)c2cc3ccc(O)cc3[nH]2)cc1,6.301029995663981
COc1ccc(S(=O)(=O)N(CC(C)C)C[C@@H](O)[C@H](Cc2ccccc2)NC(=O)c2cc3cc(O)ccc3[nH]2)cc1,6.236572006437063
COc1ccc(S(=O)(=O)N(CC(C)C)C[C@@H](O)[C@H](Cc2ccccc2)NC(=O)c2cc3cc(O)c(O)cc3[nH]2)cc1,5.97061622231479
COc1ccc(S(=O)(=O)N(CC(C)C)C[C@@H](O)[C@H](Cc2ccccc2)NC(=O)c2cc3ccc(O)cc3[nH]2)cn1,6.337242168318426
COc1ccc(S(=O)(=O)N(CC(C)C)C[C@@H](O)[C@H](Cc2ccccc2)NC(=O)c2cc3cc(O)ccc3[nH]2)cn1,6.130768280269024
COc1ccc(S(=O)(=O)N(CC(C)C)C[C@@H](O)[C@H](Cc2ccccc2)NC(=O)c2cc3cc(O)c(O)cc3[nH]2)cn1,6.075720713938118
CC(C)CN(C[C@@H](O)[C@H](Cc1ccccc1)NC(=O)c1cc2ccc(O)cc2[nH]1)S(=O)(=O)c1ccc(N)cc1,6.259637310505756
CC(C)CN(C[C@@H](O)[C@H](Cc1ccccc1)NC(=O)c1cc2cc(O)ccc2[nH]1)S(=O)(=O)c1ccc(N)cc1,6.0655015487564325
COc1ccc(S(=O)(=O)N(CC(C)C)C[C@@H](O)[C@H](Cc2ccccc2)NC(=O)c2c[nH]c3ccccc23)cc1,4.889410289700751
