smiles,pIC50
O=C(/C=C/c1ccc(O)c(O)c1)O[C@H](Cc1ccc(O)c(O)c1)C(=O)O,5.045757490560675
O=C(CC(O)CCc1ccc(O)c(O)c1)O[C@H]1Cc2cc(O)c(O)cc2O[C@H]1c1ccc(O)c(O)c1,5.853871964321762
O=C(CC(O)CCc1ccc(O)c(O)c1)O[C@H]1Cc2cc(O)c(O)cc2O[C@H]1c1ccc(O)c(O)c1,6.0
O=C(CCc1ccc(O)c(O)c1)c1ccc(O)c(O)c1O,5.769551078621726
O=C(CCc1ccc(O)c(O)c1)c1ccc(O)c(O)c1O,6.0
O=C(/C=C/c1ccc(O)c(O)c1)O[C@H]1[C@H](O)C[C@](O)(C(=O)O)C[C@H]1OC(=O)/C=C/c1ccc(O)c(O)c1,6.6020599913279625
O=C(/C=C/c1ccc(O)c(O)c1)O[C@H]1[C@H](O)C[C@](O)(C(=O)O)C[C@H]1OC(=O)/C=C/c1ccc(O)c(O)c1,6.337242168318426
O=C(O)C(=O)CC(=O)c1cccc(Cc2cccc(Cl)c2)c1,7.0
O=C(O)C(=O)CC(=O)c1csc(Cc2ccccc2)c1,6.795880017344075
O=C(O)C(=O)CC(=O)c1csc(Cc2ccccc2)c1,7.0
O=C(O)C(=O)CC(=O)c1cccc(Cc2ccc(Cl)cc2)c1,6.0
O=C(O)C(=O)CC(=O)c1cccc(Cc2ccc(Cl)cc2)c1,6.301029995663981
Cc1cc(O)c2c(=O)c3c(O)cc(O)c4c5c(O)cc(O)c6c(=O)c7c(O)cc(C)c8c1c2c(c34)c(c78)c65,5.0
COc1cccc2c1C(=O)c1c(O)c3c(c(O)c1C2=O)C[C@@](O)(C(=O)CO)C[C@@H]3O[C@H]1C[C@H](N)[C@H](O)[C@H](C)O1,6.045757490560675
COc1cccc2c1C(=O)c1c(O)c3c(c(O)c1C2=O)C[C@@](O)(C(=O)CO)C[C@@H]3O[C@H]1C[C@H](N)[C@H](O)[C@H](C)O1,5.619788758288394
O=C(O)C(=O)/C=C(\O)c1cccc(Cc2ccccc2F)c1,5.6020599913279625
O=C(O)C(=O)/C=C(\O)c1cccc(Cc2ccccc2F)c1,6.3979400086720375
Cc1cccc2c1C(O)=C1C(=O)C3C(O)=C(C(=O)NCN4CCN(C(=N)N=C(N)N)CC4)C(=O)[C@@H](N(C)C)[C@@H]3C[C@@H]1C2(C)O,6.045757490560675
Cc1cccc2c1C(O)=C1C(=O)C3C(O)=C(C(=O)NCN4CCN(C(=N)N=C(N)N)CC4)C(=O)[C@@H](N(C)C)[C@@H]3C[C@@H]1C2(C)O,6.522878745280337
O=C(O)C(=O)/C=C(\O)c1cccc(OCc2ccc(COc3cccc(/C(O)=C/C(=O)C(=O)O)c3)cc2)c1,5.769551078621726
O=C(O)C(=O)/C=C(\O)c1cccc(OCc2ccc(COc3cccc(/C(O)=C/C(=O)C(=O)O)c3)cc2)c1,5.721246399047171
O=C(/C=C(\O)c1cccc(Cc2ccccc2F)c1)C(=O)NCCCCCCNC(=O)C(=O)/C=C(\O)c1cccc(Cc2ccccc2F)c1,4.494850021680094
O=C(/C=C(\O)c1cccc(Cc2ccccc2F)c1)C(=O)NCCCCCCNC(=O)C(=O)/C=C(\O)c1cccc(Cc2ccccc2F)c1,5.568636235841013
O=C(O)C(=O)CC(=O)c1cccn1Cc1ccccc1,6.657577319177793
O=C(O)C(=O)CC(=O)c1cccc(Cc2ccc(F)cc2)c1,7.0
O=C(O)C(=O)/C=C(\O)c1cccc(OCc2cccc(COc3cccc(/C(O)=C/C(=O)C(=O)O)c3)c2)c1,5.136677139879544
O=C(O)C(=O)/C=C(\O)c1cccc(OCc2cccc(COc3cccc(/C(O)=C/C(=O)C(=O)O)c3)c2)c1,6.3979400086720375
O=C(/C=C/c1ccc(O)c(O)c1)O[C@@H](C(=O)O)[C@@H](OC(=O)/C=C/c1ccc(O)c(O)c1)C(=O)O,6.698970004336019
COC1/C=C/OC2(C)Oc3c(C)c(O)c4c(O)c(c(C=NN5C(C)CN(Cc6ccc([N+](=O)[O-])cc6)CC5C)c(O)c4c3C2=O)NC(=O)/C(C)=C\C=C\C(C)C(O)C(C)C(O)C(C)C(OC(C)=O)C1C,4.686132779630847
COC1/C=C/OC2(C)Oc3c(C)c(O)c4c(O)c(c(C=NN5C(C)CN(Cc6ccc([N+](=O)[O-])cc6)CC5C)c(O)c4c3C2=O)NC(=O)/C(C)=C\C=C\C(C)C(O)C(C)C(O)C(C)C(OC(C)=O)C1C,4.705533773838407
O=C(/C=C\c1ccc(O)c(O)c1)OC1CC(OC(=O)/C=C\c2ccc(O)c(O)c2)(C(=O)O)CC(O)C1O,6.167491087293763
O=C(/C=C\c1ccc(O)c(O)c1)OC1CC(OC(=O)/C=C\c2ccc(O)c(O)c2)(C(=O)O)CC(O)C1O,5.966576244513051
O=c1c(O)c(-c2cc(O)c(O)c(O)c2)oc2cc(O)cc(O)c12,5.698970004336019
O=c1c(O)c(-c2cc(O)c(O)c(O)c2)oc2cc(O)cc(O)c12,6.221848749616356
O=C(O)C(=O)CC(=O)c1cccc(Cc2ccccc2F)c1,7.0
O=C1c2ccc(O)c(O)c2C(=O)c2c(O)ccc(O)c21,4.769551078621726
O=C(O)C(=O)/C=C(\O)c1cccn1Cc1ccc(F)cc1,4.838631997765025
O=C(O)C(=O)/C=C(\O)c1cccn1Cc1ccc(F)cc1,6.301029995663981
O=C(/C=C\c1ccc(O)c(O)c1)OC1C(O)CC(OC(=O)/C=C\c2ccc(O)c(O)c2)(C(=O)O)CC1O,5.022276394711152
O=C(/C=C\c1ccc(O)c(O)c1)OC1C(O)CC(OC(=O)/C=C\c2ccc(O)c(O)c2)(C(=O)O)CC1O,5.107905397309519
O=C(O)C(=O)CC(=O)c1cccn1Cc1ccc(F)cc1,6.769551078621726
O=C(O)C(=O)CC(=O)c1ccn(Cc2ccccc2)c1,6.301029995663981
O=C(O)C(=O)CC(=O)c1ccn(Cc2ccccc2)c1,6.221848749616356
C[C@@H]1O[C@@H](OC2C[C@](O)(C(=O)CO)Cc3c(O)c4c(c(O)c32)C(=O)c2c(O)cccc2C4=O)C[C@H](N)[C@@H]1O.Cl,5.638272163982407
C[C@@H]1O[C@@H](OC2C[C@](O)(C(=O)CO)Cc3c(O)c4c(c(O)c32)C(=O)c2c(O)cccc2C4=O)C[C@H](N)[C@@H]1O.Cl,5.3872161432802645
Oc1cccc(/C=N/N=C/c2cccc(O)c2O)c1O,4.621602099051862
Oc1cccc(/C=N/N=C/c2cccc(O)c2O)c1O,4.853871964321762
Cc1cccc2c1C(O)=C1C(=O)C3C(O)=C(C(=O)NNC4(C(=O)[O-])CCCC4)C(=O)[C@@H](N(C)C)[C@@H]3C[C@@H]1C2(C)O.[Na+],5.920818753952375
Cc1cccc2c1C(O)=C1C(=O)C3C(O)=C(C(=O)NNC4(C(=O)[O-])CCCC4)C(=O)[C@@H](N(C)C)[C@@H]3C[C@@H]1C2(C)O.[Na+],5.443697499232712
O=C(O)C(=O)CC(=O)c1ccccc1Cc1ccccc1,5.246416941107094
O=C(/C=C(\O)c1cccc(Cc2ccccc2F)c1)C(=O)N1CCN(C(=O)C(=O)/C=C(\O)c2cccc(Cc3ccccc3F)c2)CC1,5.6020599913279625
O=C(/C=C(\O)c1cccc(Cc2ccccc2F)c1)C(=O)N1CCN(C(=O)C(=O)/C=C(\O)c2cccc(Cc3ccccc3F)c2)CC1,6.522878745280337
O=C(/C=C/c1ccc(O)c(O)c1)O[C@@H]1C[C@](O)(C(=O)O)C[C@@H](O)[C@H]1O,4.056505484093897
O=C(/C=C/c1ccc(O)c(O)c1)O[C@@H]1C[C@](O)(C(=O)O)C[C@@H](O)[C@H]1O,4.33913452199613
O=C(/C=C/c1ccc(O)c(O)c1)OC(C(=O)O)C(OC(=O)/C=C/c1ccc(O)c(O)c1)C(=O)O,6.823908740944319
O=C(/C=C/c1ccc(O)c(O)c1)OC(C(=O)O)C(OC(=O)/C=C/c1ccc(O)c(O)c1)C(=O)O,6.886056647693163
O=C(O)C(=O)CC(=O)c1cccc(Cc2cccc(F)c2)c1,6.6020599913279625
COc1ccc(C(=O)CC(=O)C(=O)O)cc1Cc1ccccc1,6.823908740944319
O=C1c2ccc(O)c(O)c2C(=O)c2c(O)ccc(O)c21,5.3979400086720375
O=C1c2ccc(O)c(O)c2C(=O)c2c(O)ccc(O)c21,6.0
COc1cc(Cc2ccccc2)cc(C(=O)CC(=O)C(=O)O)c1,6.853871964321762
CCOc1ccc(Cc2ccccc2)cc1C(=O)CC(=O)C(=O)O,7.0
O=c1c(O)c(-c2ccc(O)c(O)c2)oc2cc(O)c(O)c(O)c12,5.886056647693163
O=c1c(O)c(-c2ccc(O)c(O)c2)oc2cc(O)c(O)c(O)c12,6.221848749616356
O=C(O)C(=O)CC(=O)c1cccc(Cc2ccccc2Cl)c1,7.0
O=C(O)C(=O)/C=C(\O)c1cccc(C(c2cccc(/C(O)=C/C(=O)C(=O)O)c2)c2ccccc2F)c1,5.7447274948966935
O=C(O)C(=O)/C=C(\O)c1cccc(C(c2cccc(/C(O)=C/C(=O)C(=O)O)c2)c2ccccc2F)c1,6.698970004336019
O=C(/C=C\c1ccc(O)c(O)c1)OC1CC(O)(C(=O)O)CC(OC(=O)/C=C\c2ccc(O)c(O)c2)C1O,6.1938200260161125
O=C(/C=C\c1ccc(O)c(O)c1)OC1CC(O)(C(=O)O)CC(OC(=O)/C=C\c2ccc(O)c(O)c2)C1O,6.180456064458132
N#C/C(=C\c1ccc(O)c(O)c1)C(=O)NCCCNC(=O)/C(C#N)=C/c1ccc(O)c(O)c1,5.0
N#C/C(=C\c1ccc(O)c(O)c1)C(=O)NCCCNC(=O)/C(C#N)=C/c1ccc(O)c(O)c1,5.522878745280337
O=C(O)C(=O)CC(=O)c1ccc(Cc2ccccc2)s1,6.301029995663981
COc1ccc(Cc2ccccc2)cc1C(=O)CC(=O)C(=O)O,7.0
CC(C)Oc1ccc(Cc2ccccc2)cc1C(=O)CC(=O)C(=O)O,7.0
O=C(/C=C(\O)c1c[nH]c2ccc(Cl)cc12)c1nn[nH]n1,4.769551078621726
O=c1oc2c(O)c(O)cc3c(=O)oc4c(O)c(O)cc1c4c23,5.292429823902063
Cc1cccc2c1C(O)=C1C(=O)C3C(O)=C(C(=O)NCNC(CO)(CO)CO)C(=O)[C@@H](N(C)C)[C@@H]3C[C@@H]1C2(C)O.Cl,5.958607314841775
Cc1cccc2c1C(O)=C1C(=O)C3C(O)=C(C(=O)NCNC(CO)(CO)CO)C(=O)[C@@H](N(C)C)[C@@H]3C[C@@H]1C2(C)O.Cl,6.301029995663981
O=C(/C=C/c1ccc(O)c(O)c1)O[C@H]1[C@H](O)C[C@](O)(C(=O)O)C[C@H]1OC(=O)/C=C/c1ccc(O)c(O)c1,6.102372908709558
O=C(/C=C/c1ccc(O)c(O)c1)O[C@H]1[C@H](O)C[C@](O)(C(=O)O)C[C@H]1OC(=O)/C=C/c1ccc(O)c(O)c1,6.267606240177032
O=c1c(O)cccc2cc(O)c(O)c(O)c12,5.6777807052660805
O=C(O)C(=O)CC(=O)c1cccc(Cc2ccccc2)c1,7.0
O=C(/C=C(\O)c1cccc(Cc2ccccc2F)c1)C(=O)NCCNC(=O)C(=O)/C=C(\O)c1cccc(Cc2ccccc2F)c1,5.236572006437063
O=C(/C=C(\O)c1cccc(Cc2ccccc2F)c1)C(=O)NCCNC(=O)C(=O)/C=C(\O)c1cccc(Cc2ccccc2F)c1,6.698970004336019
CC1(C)CC2(CC(C)(C)c3cc(O)c(O)cc32)c2cc(O)c(O)cc21,4.769551078621726
O=C(O)C(=O)CC(=O)c1ccsc1Cc1ccccc1,6.7447274948966935
C[Si](C)(C)C,4.769551078621726
C[Si](C)(C)C,5.301029995663981
O=C1c2c(O)ccc(O)c2C(=O)c2c(NCCNCCO)ccc(NCCNCCO)c21,5.42021640338319
O=C1c2c(O)ccc(O)c2C(=O)c2c(NCCNCCO)ccc(NCCNCCO)c21,5.096910013008056
CC(=O)Nc1cc(S(=O)(=O)O)cc2cc(S(=O)(=O)O)cc(O)c12,4.769551078621726
O=C(/C=C(\O)c1cccc(Cc2ccccc2F)c1)C(=O)NCCCNC(=O)C(=O)/C=C(\O)c1cccc(Cc2ccccc2F)c1,5.275724130399211
O=C(/C=C(\O)c1cccc(Cc2ccccc2F)c1)C(=O)NCCCNC(=O)C(=O)/C=C(\O)c1cccc(Cc2ccccc2F)c1,6.698970004336019
O=C(O)C(=O)/C=C(\O)c1cccc(OCc2ccccc2COc2cccc(/C(O)=C/C(=O)C(=O)O)c2)c1,5.7447274948966935
O=C(O)C(=O)/C=C(\O)c1cccc(OCc2ccccc2COc2cccc(/C(O)=C/C(=O)C(=O)O)c2)c1,6.522878745280337
O=C(/C=C(\O)c1cccc(Cc2ccccc2F)c1)C(=O)NCCCCCNC(=O)C(=O)/C=C(\O)c1cccc(Cc2ccccc2F)c1,5.318758762624412
O=C(/C=C(\O)c1cccc(Cc2ccccc2F)c1)C(=O)NCCCCCNC(=O)C(=O)/C=C(\O)c1cccc(Cc2ccccc2F)c1,6.154901959985743
CCCCC(C)/C=C(\C)C(=O)O[C@@H]1CC[C@H](C(=O)O)[C@@]2(C)C[C@H]3[C@H](C)CO[C@]3(O)C[C@H]12,4.0
CC1=C2C[C@@]3(C)C(=CCC[C@@H]3C(=O)O)C=C2OC1=O,4.0
Nc1ccn([C@H]2C[C@@H](O)[C@@H](COP(=O)(O)O[C@@H]3[C@H](COP(=O)(O)O)OC[C@@H]3n3cnc4c(N)ncnc43)O2)c(=O)n1,4.721246399047171
Nc1ccn([C@H]2C[C@@H](O)[C@@H](COP(=O)(O)O[C@@H]3[C@H](COP(=O)(O)O)OC[C@@H]3n3cnc4c(N)ncnc43)O2)c(=O)n1,4.6020599913279625
CCCCC(C)/C=C(\C)C(=O)O[C@@H]1CC[C@H](C(=O)O)[C@@]2(C)C[C@H]3[C@@H](C)CO[C@]3(O)C[C@H]12,4.346787486224656
CCCCC(C)/C=C(\C)C(=O)O[C@@H]1CC[C@H](C(=O)O)[C@@]2(C)CC([C@H](C)C=O)C(=O)C=C12,4.958607314841775
CCCCC(C)/C=C(\C)C(=O)O[C@@H]1CC[C@H](C(=O)O)[C@@]2(C)CC3C(C)C(O)OC3(O)C=C12,4.3979400086720375
C=C(C=O)[C@@H]1C[C@@]2(C)C(=CC1=O)[C@H](OC(=O)/C(C)=C/C(C)CCCC)CC[C@@H]2C(=O)OP(=O)(OCC)OCC,4.0915149811213505
CCCCC(C)/C=C(\C)C(=O)O[C@@H]1CC[C@H](C(=O)O)[C@@]2(C)C[C@@H](C(C)C(O)O)C(=O)C=C12,4.3979400086720375
C=C(CO)[C@@H]1C[C@@]2(C)C(=C[C@H]1O)[C@H](OC(=O)/C(C)=C/C(C)CCCC)CC[C@@H]2C(=O)O,4.136677139879544
C=C(C=O)[C@@H]1C[C@@]2(C)C(=CC1=O)[C@H](OC(=O)/C(C)=C/C(C)CCCC)CC[C@@H]2C(=O)ON[C@H](C(=O)OC)c1ccccc1,5.301029995663981
C=C(C=O)[C@@H]1C[C@@]2(C)C(=CC1=O)[C@H](OC(=O)/C(C)=C/C(C)CCCC)CC[C@@H]2C(=O)O,5.522878745280337
C=CC(=C)[C@@H]1C[C@@]2(C)C(=CC1=O)[C@H](OC(=O)/C(C)=C/C(C)CCCC)CC[C@@H]2C(=O)O,4.522878745280337
Nc1ccn([C@H]2C[C@H](OP(=O)(O)OC[C@H]3OC[C@@H](n4ccc(=O)[nH]c4=O)[C@@H]3O)[C@@H](COP(=O)(O)O)O2)c(=O)n1,5.1249387366083
Nc1ccn([C@H]2C[C@H](OP(=O)(O)OC[C@H]3OC[C@@H](n4ccc(=O)[nH]c4=O)[C@@H]3O)[C@@H](COP(=O)(O)O)O2)c(=O)n1,5.229147988357856
CCCCC(C)/C=C(\C)C(=O)O[C@@H]1CC[C@H](C(=O)O)[C@@]2(C)CC([C@@H](C)C=O)C(=O)C=C12,4.958607314841775
C=C(C=O)[C@@H]1C[C@@]2(C)C(=CC1=O)[C@H](OC(=O)/C(C)=C/C(C)CCCC)CC[C@@H]2C(=O)N1CCN(C(=O)[C@H]2CC[C@@H](OC(=O)/C(C)=C/C(C)CCCC)C3=CC(=O)[C@H](C(=C)C=O)C[C@@]32C)CC1,4.619788758288394
C=C(C=O)[C@@H]1C[C@@]2(C)C(=CC1=O)[C@H](OC(=O)/C(C)=C/C(C)CCCC)CC[C@@H]2C(=O)O/C(=N\C1CCCCC1)NC1CCCCC1,4.055517327849831
C=C(C=O)[C@@H]1C[C@@]2(C)C(=CC1=O)[C@H](OC(=O)/C(C)=C/C(C)CCCC)CC[C@@H]2C(=O)N[C@@H](CC(C)C)C(=O)OC,5.522878745280337
C=C/C(C)=C1\C[C@@]2(C)C(=CC1=O)[C@H](OC(=O)/C(C)=C/C(C)CCCC)CC[C@@H]2C(=O)O,4.1249387366083
CCCCC(C)/C=C(\C)C(=O)O,4.920818753952375
C=C(C=O)[C@@H]1C[C@@]2(C)C(=CC1=O)[C@H](OC(=O)/C(C)=C/C(C)CCCC)CC[C@@H]2C(=O)NCCNC(=O)[C@H]1CC[C@@H](OC(=O)/C(C)=C/C(C)CCCC)C2=CC(=O)[C@H](C(=C)C=O)C[C@@]21C,5.0
C=C(C=O)[C@@H]1C[C@@]2(C)C(=CC1=O)[C@H](OC(=O)/C(C)=C/C(C)CCCC)CC[C@@H]2C(=O)ON[C@@H](C(=O)OC)c1ccccc1,5.301029995663981
O=C(/C=C/c1ccc(O)c(O)c1O)OCCc1ccccc1,5.698970004336019
O=C(Cc1ccccc1)NCCc1ccc(O)c(O)c1,4.0
O=C(/C=C/c1ccc(O)c(O)c1)OCCc1ccc2ccccc2c1,4.356547323513812
O=c1c(C(c2ccc(C(c3c(O)oc4cc(O)ccc4c3=O)c3c(O)oc4cc(O)ccc4c3=O)cc2)c2c(O)oc3cc(O)ccc3c2=O)c(O)oc2cc(O)ccc12,6.431798275933005
O=c1c(C(c2ccc(C(c3c(O)oc4cc(O)ccc4c3=O)c3c(O)oc4cc(O)ccc4c3=O)cc2)c2c(O)oc3cc(O)ccc3c2=O)c(O)oc2cc(O)ccc12,6.481486060122113
COC(=O)/C=C/c1ccc(O)c(O)c1,4.0
O=c1c(C(c2ccc(O)cc2)c2c(O)oc3ccccc3c2=O)c(O)oc2ccccc12,3.85078088734462
O=c1c(C(c2ccc(O)cc2)c2c(O)oc3ccccc3c2=O)c(O)oc2ccccc12,3.8927900303521317
O=c1c(C(c2ccc(O)cc2)c2c(O)oc3ccccc3c2=O)c(O)oc2ccccc12,4.1249387366083
O=c1c(C(c2ccc(O)cc2)c2c(O)oc3ccccc3c2=O)c(O)oc2ccccc12,4.130768280269024
O=c1c(C(c2ccc(O)cc2)c2c(O)oc3ccccc3c2=O)c(O)oc2ccccc12,3.886056647693163
O=c1c(C(c2cc(OCc3ccccc3)cc(OCc3ccccc3)c2)c2c(O)oc3ccccc3c2=O)c(O)oc2ccccc12,5.096910013008056
O=c1c(C(c2cc(OCc3ccccc3)cc(OCc3ccccc3)c2)c2c(O)oc3ccccc3c2=O)c(O)oc2ccccc12,4.958607314841775
O=c1c(C(c2cc(OCc3ccccc3)cc(OCc3ccccc3)c2)c2c(O)oc3ccccc3c2=O)c(O)oc2ccccc12,4.920818753952375
O=c1c(C(c2cc(OCc3ccccc3)cc(OCc3ccccc3)c2)c2c(O)oc3ccccc3c2=O)c(O)oc2ccccc12,5.431798275933005
O=c1c(C(c2cc(OCc3ccccc3)cc(OCc3ccccc3)c2)c2c(O)oc3ccccc3c2=O)c(O)oc2ccccc12,5.0
O=c1c(Cc2c(O)oc3cc(O)ccc3c2=O)c(O)oc2cc(O)ccc12,4.334419008982047
O=c1c(Cc2c(O)oc3cc(O)ccc3c2=O)c(O)oc2cc(O)ccc12,4.347753658996677
O=c1c(C(c2ccccn2)c2c(O)oc3cc(O)ccc3c2=O)c(O)oc2cc(O)ccc12,4.026872146400302
O=c1c(C(c2ccccn2)c2c(O)oc3cc(O)ccc3c2=O)c(O)oc2cc(O)ccc12,4.075720713938118
O=c1c(C(c2ccccn2)c2c(O)oc3cc(O)ccc3c2=O)c(O)oc2cc(O)ccc12,4.309803919971486
O=c1c(C(c2ccccn2)c2c(O)oc3cc(O)ccc3c2=O)c(O)oc2cc(O)ccc12,4.154901959985743
O=c1c(C(c2ccccn2)c2c(O)oc3cc(O)ccc3c2=O)c(O)oc2cc(O)ccc12,4.0915149811213505
O=C(NCCc1ccccc1)c1cc2ccc(O)c(O)c2cn1,4.3979400086720375
O=c1c(C(c2ccc(C(c3c(O)oc4ccccc4c3=O)c3c(O)oc4ccccc4c3=O)cc2)c2c(O)oc3ccccc3c2=O)c(O)oc2ccccc12,5.823908740944319
O=c1c(C(c2ccc(C(c3c(O)oc4ccccc4c3=O)c3c(O)oc4ccccc4c3=O)cc2)c2c(O)oc3ccccc3c2=O)c(O)oc2ccccc12,6.096910013008056
O=c1c(C(c2ccc(C(c3c(O)oc4ccccc4c3=O)c3c(O)oc4ccccc4c3=O)cc2)c2c(O)oc3ccccc3c2=O)c(O)oc2ccccc12,5.698970004336019
COc1ccc(/C=C/C(=O)OCCc2ccccc2)cc1O,4.221848749616356
O=c1c(C(c2ccc(/C=C/c3ccccc3)cc2)c2c(O)oc3cc(O)ccc3c2=O)c(O)oc2cc(O)ccc12,5.154901959985743
O=c1c(C(c2ccc(/C=C/c3ccccc3)cc2)c2c(O)oc3cc(O)ccc3c2=O)c(O)oc2cc(O)ccc12,5.7447274948966935
O=C(CCc1ccc(O)c(O)c1)NCCc1ccc(O)c(O)c1,5.522878745280337
O=C(/C=C/c1cc(O)ccc1O)OCCc1ccccc1,4.0
N=c1oc2c(O)c(O)ccc2cc1C(N)=O,4.031517051446065
O=c1c(C(c2ccc(/C=C/c3ccccc3)cc2)c2c(O)oc3ccccc3c2=O)c(O)oc2ccccc12,5.259637310505756
O=c1c(C(c2ccc(/C=C/c3ccccc3)cc2)c2c(O)oc3ccccc3c2=O)c(O)oc2ccccc12,5.036212172654444
O=c1c(C(c2ccc(/C=C/c3ccccc3)cc2)c2c(O)oc3ccccc3c2=O)c(O)oc2ccccc12,5.431798275933005
O=c1c(C(c2ccc(/C=C/c3ccccc3)cc2)c2c(O)oc3ccccc3c2=O)c(O)oc2ccccc12,5.022276394711152
O=c1c(C(c2ccc(/C=C/c3ccccc3)cc2)c2c(O)oc3ccccc3c2=O)c(O)oc2ccccc12,5.154901959985743
COc1ccc(/C=C/C(=O)OCCc2ccccc2)cc1OC,4.0
O=C(CCc1ccccc1)NCCc1ccc(O)c(O)c1,4.0
O=c1c(C(c2ccc3ccccc3c2)c2c(O)oc3ccccc3c2=O)c(O)oc2ccccc12,4.721246399047171
O=c1c(C(c2ccc3ccccc3c2)c2c(O)oc3ccccc3c2=O)c(O)oc2ccccc12,4.698970004336019
O=c1c(C(c2ccc3ccccc3c2)c2c(O)oc3ccccc3c2=O)c(O)oc2ccccc12,4.795880017344075
O=c1c(C(c2ccc3ccccc3c2)c2c(O)oc3ccccc3c2=O)c(O)oc2ccccc12,5.045757490560675
O=c1c(C(c2ccc3ccccc3c2)c2c(O)oc3ccccc3c2=O)c(O)oc2ccccc12,4.698970004336019
O=c1cc(O)c2ccc(O)cc2o1,3.5228787452803374
O=c1cc(O)c2ccc(O)cc2o1,3.4881166390211256
O=c1oc2ccccc2c(O)c1C1c2c(c3ccccc3oc2=O)Oc2c1c(=O)oc1ccccc21,4.447331783887806
O=c1oc2ccccc2c(O)c1C1c2c(c3ccccc3oc2=O)Oc2c1c(=O)oc1ccccc21,4.647817481888637
O=C(OCCc1ccccc1)c1ccc2c(O)c(O)ccc2c1,4.7447274948966935
O=C(/C=C/c1cc(O)c(O)cc1O)OCCc1ccccc1,4.259637310505756
O=c1c(C(c2ccc3c(c2)Cc2ccccc2-3)c2c(O)oc3ccccc3c2=O)c(O)oc2ccccc12,5.0
O=c1c(C(c2ccc3c(c2)Cc2ccccc2-3)c2c(O)oc3ccccc3c2=O)c(O)oc2ccccc12,4.958607314841775
O=c1c(C(c2ccc3c(c2)Cc2ccccc2-3)c2c(O)oc3ccccc3c2=O)c(O)oc2ccccc12,5.022276394711152
O=c1c(C(c2ccc3c(c2)Cc2ccccc2-3)c2c(O)oc3ccccc3c2=O)c(O)oc2ccccc12,5.107905397309519
O=c1c(C(c2ccc3c(c2)Cc2ccccc2-3)c2c(O)oc3ccccc3c2=O)c(O)oc2ccccc12,5.0
COC(=O)c1cc2cc(O)c(O)cc2cn1,4.0
O=C(/C=C/c1ccc(F)c(F)c1)OCCc1ccccc1,4.0
O=C(/C=C/c1cc(O)c(O)c(O)c1)OCCc1ccccc1,5.698970004336019
CCOC(=O)/C=C/c1ccc(O)c(O)c1,4.0
O=C(OCCc1ccccc1)c1ccc2cc(O)c(O)cc2c1,4.167491087293763
O=C(NCc1ccccc1)c1cc2ccc(O)c(O)c2cn1,4.1249387366083
O=c1c(C(c2ccc(-c3ccccc3)cc2)c2c(O)oc3ccccc3c2=O)c(O)oc2ccccc12,4.853871964321762
O=c1c(C(c2ccc(-c3ccccc3)cc2)c2c(O)oc3ccccc3c2=O)c(O)oc2ccccc12,4.795880017344075
O=c1c(C(c2ccc(-c3ccccc3)cc2)c2c(O)oc3ccccc3c2=O)c(O)oc2ccccc12,4.886056647693163
O=c1c(C(c2ccc(-c3ccccc3)cc2)c2c(O)oc3ccccc3c2=O)c(O)oc2ccccc12,4.552841968657781
O=c1c(C(c2ccc(-c3ccccc3)cc2)c2c(O)oc3ccccc3c2=O)c(O)oc2ccccc12,4.823908740944319
COc1cc(/C=C/C(=O)OCCc2ccccc2)ccc1O,4.0
O=c1cc(O)c2ccccc2o1,4.0
O=c1cc(O)c2ccccc2o1,4.0
O=C(CCc1ccc(O)c(O)c1)NCCc1ccccc1,4.0
O=c1c(Cc2cccc(Cc3c(O)oc4ccccc4c3=O)c2)c(O)oc2ccccc12,4.468521082957745
O=c1c(Cc2cccc(Cc3c(O)oc4ccccc4c3=O)c2)c(O)oc2ccccc12,4.3979400086720375
O=c1c(Cc2cccc(Cc3c(O)oc4ccccc4c3=O)c2)c(O)oc2ccccc12,4.954677021213342
O=c1c(Cc2cccc(Cc3c(O)oc4ccccc4c3=O)c2)c(O)oc2ccccc12,4.560667306169737
O=c1oc2ccccc2c(O)c1C1c2ccccc2Oc2c1c(=O)oc1ccccc21,3.9172146296835497
O=c1oc2ccccc2c(O)c1C1c2ccccc2Oc2c1c(=O)oc1ccccc21,3.896196279044043
O=c1oc2ccccc2c(O)c1C1c2ccccc2Oc2c1c(=O)oc1ccccc21,3.9136401693252516
O=c1oc2ccccc2c(O)c1C1c2ccccc2Oc2c1c(=O)oc1ccccc21,3.7878123955960423
O=C(/C=C/c1ccc(O)c(O)c1)OCc1ccccc1,5.045757490560675
COC(=O)c1cc2ccc(O)c(O)c2cn1,4.853871964321762
N=c1oc2cc(O)c(O)cc2cc1C(N)=O,4.318758762624412
N#C/C(=C\c1ccc(O)c(O)c1)C(N)=O,4.0
O=c1c(C(c2cccc(C(c3c(O)oc4ccccc4c3=O)c3c(O)oc4ccccc4c3=O)c2)c2c(O)oc3ccccc3c2=O)c(O)oc2ccccc12,5.522878745280337
O=c1c(C(c2cccc(C(c3c(O)oc4ccccc4c3=O)c3c(O)oc4ccccc4c3=O)c2)c2c(O)oc3ccccc3c2=O)c(O)oc2ccccc12,5.5376020021010435
O=c1c(C(c2cccc(C(c3c(O)oc4ccccc4c3=O)c3c(O)oc4ccccc4c3=O)c2)c2c(O)oc3ccccc3c2=O)c(O)oc2ccccc12,5.920818753952375
O=c1c(C(c2cccc(C(c3c(O)oc4ccccc4c3=O)c3c(O)oc4ccccc4c3=O)c2)c2c(O)oc3ccccc3c2=O)c(O)oc2ccccc12,5.698970004336019
O=C(/C=C/c1ccc(O)c(O)c1)OCCc1cccc2ccccc12,4.823908740944319
O=c1c(C(c2ccc([N+](=O)[O-])cc2)c2c(O)oc3ccccc3c2=O)c(O)oc2ccccc12,4.236572006437063
O=c1c(C(c2ccc([N+](=O)[O-])cc2)c2c(O)oc3ccccc3c2=O)c(O)oc2ccccc12,4.301029995663981
O=c1c(C(c2ccc([N+](=O)[O-])cc2)c2c(O)oc3ccccc3c2=O)c(O)oc2ccccc12,4.920818753952375
O=c1c(C(c2ccc([N+](=O)[O-])cc2)c2c(O)oc3ccccc3c2=O)c(O)oc2ccccc12,4.619788758288394
O=c1c(C(c2ccc([N+](=O)[O-])cc2)c2c(O)oc3ccccc3c2=O)c(O)oc2ccccc12,4.267606240177032
O=C(CCc1ccc(O)c(O)c1)OCCc1ccccc1,4.958607314841775
O=C(NCc1ccccc1)c1cc2cc(O)c(O)cc2cn1,4.0
O=c1c(C(c2cccs2)c2c(O)oc3ccccc3c2=O)c(O)oc2ccccc12,4.0
O=c1c(C(c2cccs2)c2c(O)oc3ccccc3c2=O)c(O)oc2ccccc12,3.958607314841775
O=c1c(C(c2cccs2)c2c(O)oc3ccccc3c2=O)c(O)oc2ccccc12,3.8297382846050425
O=c1c(C(c2cccs2)c2c(O)oc3ccccc3c2=O)c(O)oc2ccccc12,3.826813731587726
O=c1c(C(c2cccs2)c2c(O)oc3ccccc3c2=O)c(O)oc2ccccc12,3.9788107009300617
O=c1c(Cc2ccccc2Cc2c(O)oc3ccccc3c2=O)c(O)oc2ccccc12,4.337242168318426
O=c1c(Cc2ccccc2Cc2c(O)oc3ccccc3c2=O)c(O)oc2ccccc12,4.346787486224656
O=c1c(Cc2ccccc2Cc2c(O)oc3ccccc3c2=O)c(O)oc2ccccc12,4.688246138944246
O=c1c(Cc2ccccc2Cc2c(O)oc3ccccc3c2=O)c(O)oc2ccccc12,4.478861916295964
O=c1c(C(c2cccnc2)c2c(O)oc3cc(O)ccc3c2=O)c(O)oc2cc(O)ccc12,4.207608310501746
O=c1c(C(c2cccnc2)c2c(O)oc3cc(O)ccc3c2=O)c(O)oc2cc(O)ccc12,3.9355420107730814
O=c1c(C(c2cccnc2)c2c(O)oc3cc(O)ccc3c2=O)c(O)oc2cc(O)ccc12,4.6020599913279625
O=c1c(C(c2cccnc2)c2c(O)oc3cc(O)ccc3c2=O)c(O)oc2cc(O)ccc12,4.013228265733755
O=c1c(C(c2cccnc2)c2c(O)oc3cc(O)ccc3c2=O)c(O)oc2cc(O)ccc12,4.050609993355087
O=c1oc2ccccc2c(O)c1Cc1c(O)c2ccccc2oc1=O,4.0
O=c1oc2ccccc2c(O)c1Cc1c(O)c2ccccc2oc1=O,4.0
O=c1oc2ccccc2c(O)c1Cc1c(O)c2ccccc2oc1=O,3.5228787452803374
CN(C)c1ccc(C(c2c(O)oc3ccccc3c2=O)c2c(O)oc3ccccc3c2=O)cc1,4.0
CN(C)c1ccc(C(c2c(O)oc3ccccc3c2=O)c2c(O)oc3ccccc3c2=O)cc1,4.055517327849831
CN(C)c1ccc(C(c2c(O)oc3ccccc3c2=O)c2c(O)oc3ccccc3c2=O)cc1,4.301029995663981
CN(C)c1ccc(C(c2c(O)oc3ccccc3c2=O)c2c(O)oc3ccccc3c2=O)cc1,4.055517327849831
CN(C)c1ccc(C(c2c(O)oc3ccccc3c2=O)c2c(O)oc3ccccc3c2=O)cc1,3.721246399047171
O=c1c(C(c2ccccc2)c2c(O)oc3cc(O)ccc3c2=O)c(O)oc2cc(O)ccc12,4.764471553092451
O=c1c(C(c2ccccc2)c2c(O)oc3cc(O)ccc3c2=O)c(O)oc2cc(O)ccc12,4.653647025549361
O=C(/C=C/c1ccc(O)c(O)c1)OCCCc1ccccc1,5.096910013008056
O=C(CCc1ccc(O)c(O)c1)NCCc1cc(O)c(O)c(O)c1,5.3979400086720375
O=C(O)c1ccc(C(c2c(O)oc3ccccc3c2=O)c2c(O)oc3ccccc3c2=O)cc1,4.180456064458132
O=C(O)c1ccc(C(c2c(O)oc3ccccc3c2=O)c2c(O)oc3ccccc3c2=O)cc1,4.318758762624412
O=C(O)c1ccc(C(c2c(O)oc3ccccc3c2=O)c2c(O)oc3ccccc3c2=O)cc1,4.267606240177032
O=C(O)c1ccc(C(c2c(O)oc3ccccc3c2=O)c2c(O)oc3ccccc3c2=O)cc1,4.309803919971486
O=c1c(C(c2ccco2)c2c(O)oc3ccccc3c2=O)c(O)oc2ccccc12,4.1249387366083
O=c1c(C(c2ccco2)c2c(O)oc3ccccc3c2=O)c(O)oc2ccccc12,4.468521082957745
O=c1c(C(c2ccco2)c2c(O)oc3ccccc3c2=O)c(O)oc2ccccc12,3.876148359032914
O=c1c(C(c2ccco2)c2c(O)oc3ccccc3c2=O)c(O)oc2ccccc12,3.9136401693252516
O=c1c(C(c2ccco2)c2c(O)oc3ccccc3c2=O)c(O)oc2ccccc12,4.267606240177032
O=C(/C=C/c1ccc(O)c(O)c1)OCCc1ccccc1,5.154901959985743
O=c1c(C(c2ccccc2)c2c(O)oc3ccccc3c2=O)c(O)oc2ccccc12,4.36251027048749
O=c1c(C(c2ccccc2)c2c(O)oc3ccccc3c2=O)c(O)oc2ccccc12,4.411168274405793
O=c1c(C(c2ccccc2)c2c(O)oc3ccccc3c2=O)c(O)oc2ccccc12,4.366531544420414
COC(=O)c1ccc2c(O)c(O)ccc2c1,5.096910013008056
O=c1c(Cc2ccc(Cc3c(O)oc4ccccc4c3=O)cc2)c(O)oc2ccccc12,4.09366495819491
O=c1c(Cc2ccc(Cc3c(O)oc4ccccc4c3=O)cc2)c(O)oc2ccccc12,4.1598939055432425
O=c1c(C(c2ccc(OCc3ccccc3)cc2)c2c(O)oc3ccccc3c2=O)c(O)oc2ccccc12,4.721246399047171
O=c1c(C(c2ccc(OCc3ccccc3)cc2)c2c(O)oc3ccccc3c2=O)c(O)oc2ccccc12,5.070581074285707
O=c1c(C(c2ccc(OCc3ccccc3)cc2)c2c(O)oc3ccccc3c2=O)c(O)oc2ccccc12,4.853871964321762
O=c1c(C(c2ccc(OCc3ccccc3)cc2)c2c(O)oc3ccccc3c2=O)c(O)oc2ccccc12,4.619788758288394
O=c1c(C(c2ccc(OCc3ccccc3)cc2)c2c(O)oc3ccccc3c2=O)c(O)oc2ccccc12,4.698970004336019
O=c1c(C(c2ccc3ccccc3c2)c2c(O)oc3cc(O)ccc3c2=O)c(O)oc2cc(O)ccc12,5.376750709602099
O=c1c(C(c2ccc3ccccc3c2)c2c(O)oc3cc(O)ccc3c2=O)c(O)oc2cc(O)ccc12,5.449771646944906
COc1cc(C(c2c(O)oc3ccccc3c2=O)c2c(O)oc3ccccc3c2=O)ccc1O,3.703334809738469
COc1cc(C(c2c(O)oc3ccccc3c2=O)c2c(O)oc3ccccc3c2=O)ccc1O,3.752026733638193
COc1cc(C(c2c(O)oc3ccccc3c2=O)c2c(O)oc3ccccc3c2=O)ccc1O,4.119186407719209
COc1cc(C(c2c(O)oc3ccccc3c2=O)c2c(O)oc3ccccc3c2=O)ccc1O,3.96657624451305
COc1cc(C(c2c(O)oc3ccccc3c2=O)c2c(O)oc3ccccc3c2=O)ccc1O,3.721246399047171
O=c1c(C(c2cnc3ccccc3c2)c2c(O)oc3ccccc3c2=O)c(O)oc2ccccc12,4.3979400086720375
O=c1c(C(c2cnc3ccccc3c2)c2c(O)oc3ccccc3c2=O)c(O)oc2ccccc12,4.5376020021010435
O=c1c(C(c2cnc3ccccc3c2)c2c(O)oc3ccccc3c2=O)c(O)oc2ccccc12,4.638272163982407
O=c1c(C(c2cnc3ccccc3c2)c2c(O)oc3ccccc3c2=O)c(O)oc2ccccc12,4.853871964321762
O=c1c(C(c2cnc3ccccc3c2)c2c(O)oc3ccccc3c2=O)c(O)oc2ccccc12,4.455931955649724
COc1cc(/C=C/C(=O)CC(=O)/C=C/c2ccc(O)c(OC)c2)ccc1O,3.8239087409443187
COc1cc(/C=C/C(=O)CC(=O)/C=C/c2ccc(O)c(OC)c2)ccc1O,3.853871964321762
[N-]=[N+]=NC1CC(N=[N+]=[N-])c2cc(C(=O)CC(=O)C(=O)O)ccc21,4.0
[N-]=[N+]=NC1CC(N=[N+]=[N-])c2cc(C(=O)CC(=O)C(=O)O)ccc21,6.443697499232712
[N-]=[N+]=NC1CCC(N=[N+]=[N-])c2cc(C(=O)CC(=O)C(=O)O)ccc21,4.154901959985743
[N-]=[N+]=NC1CCC(N=[N+]=[N-])c2cc(C(=O)CC(=O)C(=O)O)ccc21,6.494850021680094
O=C(O)C(=O)CC(=O)c1cc(OCc2ccccc2)cc(OCc2ccccc2)c1,4.0
O=C(O)C(=O)CC(=O)c1cc(OCc2ccccc2)cc(OCc2ccccc2)c1,6.318758762624412
O=C(/C=C/c1ccc(O)cc1)CC(=O)/C=C/c1ccc(O)cc1,3.9208187539523753
O=C(/C=C/c1ccc(O)cc1)CC(=O)/C=C/c1ccc(O)cc1,4.096910013008056
COc1ccc(/C=C/C(=O)CC(=O)/C=C/c2ccc(OC)cc2)cc1,3.5228787452803374
COc1ccc(/C=C/C(=O)CC(=O)/C=C/c2ccc(OC)cc2)cc1,3.5228787452803374
N#CCCc1cccc(C(=O)CC(=O)C(=O)O)c1,4.0
N#CCCc1cccc(C(=O)CC(=O)C(=O)O)c1,5.823908740944319
N#CCCc1cccc(C(=O)CC(=O)C(=O)O)c1,5.7447274948966935
COc1cc(/C=C/C(=O)CC(=O)/C=C/c2ccc(O)c(O)c2)ccc1O,4.7447274948966935
COc1cc(/C=C/C(=O)CC(=O)/C=C/c2ccc(O)c(O)c2)ccc1O,5.045757490560675
O=C(O)C(=O)CC(=O)c1cccc(OCc2ccccc2)c1,4.070581074285707
O=C(O)C(=O)CC(=O)c1cccc(OCc2ccccc2)c1,4.0
O=C(O)C(=O)CC(=O)c1cccc(OCc2ccccc2)c1,6.455931955649724
COc1ccc(CN=[N+]=[N-])cc1C(=O)CC(=O)C(=O)O,4.0
COc1ccc(CN=[N+]=[N-])cc1C(=O)CC(=O)C(=O)O,4.619788758288394
COc1ccc(CN=[N+]=[N-])cc1C(=O)CC(=O)C(=O)O,4.7447274948966935
[N-]=[N+]=NCc1ccc(C(=O)CC(=O)C(=O)O)cc1,4.0
[N-]=[N+]=NCc1ccc(C(=O)CC(=O)C(=O)O)cc1,5.214670164989233
[N-]=[N+]=NCc1ccc(C(=O)CC(=O)C(=O)O)cc1,5.1487416512809245
CC(C)Oc1ccc(CN=[N+]=[N-])cc1C(=O)CC(=O)C(=O)O,4.0
CC(C)Oc1ccc(CN=[N+]=[N-])cc1C(=O)CC(=O)C(=O)O,4.6020599913279625
CC(C)Oc1ccc(CN=[N+]=[N-])cc1C(=O)CC(=O)C(=O)O,4.638272163982407
O=C(/C=C/c1ccc(O)c(O)c1)O[C@H](Cc1ccc(O)c(O)c1)C(=O)O,5.045757490560675
O=C(/C=C/c1ccc(O)c(O)c1)O[C@H](Cc1ccc(O)c(O)c1)C(=O)O,5.3979400086720375
COc1cc(/C=C/C(O)=C/C(=O)/C=C/c2ccc(O)cc2)ccc1O,3.853871964321762
COc1cc(/C=C/C(O)=C/C(=O)/C=C/c2ccc(O)cc2)ccc1O,3.9208187539523753
[N-]=[N+]=NCc1ccc(C(=O)CC(=O)C(=O)O)cc1CN=[N+]=[N-],4.0
[N-]=[N+]=NCc1ccc(C(=O)CC(=O)C(=O)O)cc1CN=[N+]=[N-],6.585026652029182
[N-]=[N+]=NCc1ccc(C(=O)CC(=O)C(=O)O)cc1CN=[N+]=[N-],6.823908740944319
[N-]=[N+]=NCc1cccc(C(=O)CC(=O)C(=O)O)c1,4.0
[N-]=[N+]=NCc1cccc(C(=O)CC(=O)C(=O)O)c1,5.815308569182402
Nc1ccn([C@H]2C[C@H](OP(=O)(O)OC[C@H]3OC[C@@H](n4ccc(=O)[nH]c4=O)[C@@H]3O)[C@@H](COP(=O)(O)O)O2)c(=O)n1,5.1249387366083
Nc1ccn([C@H]2C[C@H](OP(=O)(O)OC[C@H]3OC[C@@H](n4ccc(=O)[nH]c4=O)[C@@H]3O)[C@@H](COP(=O)(O)O)O2)c(=O)n1,5.229147988357856
O=C(/C=C/c1ccc(O)c(O)c1)CC(=O)/C=C/c1ccc(O)c(O)c1,5.221848749616356
O=C(/C=C/c1ccc(O)c(O)c1)CC(=O)/C=C/c1ccc(O)c(O)c1,5.508638306165727
COc1ccc(C(=O)CC(=O)C(=O)O)cc1CN=[N+]=[N-],4.0
COc1ccc(C(=O)CC(=O)C(=O)O)cc1CN=[N+]=[N-],5.070581074285707
COc1ccc(C(=O)CC(=O)C(=O)O)cc1CN=[N+]=[N-],5.045757490560675
O=C(/C=C/c1ccccc1)CC(=O)/C=C/c1ccccc1,3.5228787452803374
O=C(/C=C/c1ccccc1)CC(=O)/C=C/c1ccccc1,3.5228787452803374
COc1cc(CCC(=O)CC(=O)CCc2ccc(O)c(OC)c2)ccc1O,3.5228787452803374
COc1cc(CCC(=O)CC(=O)CCc2ccc(O)c(OC)c2)ccc1O,3.5228787452803374
[N-]=[N+]=NCc1cc(CN=[N+]=[N-])cc(C(=O)CC(=O)C(=O)O)c1,4.0
[N-]=[N+]=NCc1cc(CN=[N+]=[N-])cc(C(=O)CC(=O)C(=O)O)c1,5.552841968657781
[N-]=[N+]=NCc1cc(CN=[N+]=[N-])cc(C(=O)CC(=O)C(=O)O)c1,5.698970004336019
O=C(NNC(=O)c1ccccc1F)c1ccccc1F,4.0
O=C(NNC(=O)c1ccccc1F)c1ccccc1F,4.0
O=C(NNC(=O)c1ccc(Cl)c(Cl)c1)c1ccccc1,4.0
O=C(NNC(=O)c1ccc(Cl)c(Cl)c1)c1ccccc1,4.0
O=C(NNC(=O)c1ccc(Br)cc1)c1ccc(Br)cc1,4.0
O=C(NNC(=O)c1ccc(Br)cc1)c1ccc(Br)cc1,4.0
CC1=NN(C(=O)c2ccc(Cl)cc2)C(=O)/C1=C/c1ccccc1O,3.5331323796458904
CC1=NN(C(=O)c2ccc(Cl)cc2)C(=O)/C1=C/c1ccccc1O,3.5331323796458904
COc1cc(C(=O)NNC(=O)c2ccc(Cl)cc2)cc(OC)c1OC,4.0
COc1cc(C(=O)NNC(=O)c2ccc(Cl)cc2)cc(OC)c1OC,4.0
CC1=NN(C(=O)c2ccc(Cl)cc2)C(=O)/C1=C/c1cccc([N+](=O)[O-])c1,3.5686362358410126
CC1=NN(C(=O)c2ccc(Cl)cc2)C(=O)/C1=C/c1cccc([N+](=O)[O-])c1,3.5686362358410126
COc1cc(/C=C2/C(=O)N(C(=O)c3ccc(Cl)cc3)N=C2C)cc(OC)c1OC,3.619788758288394
COc1cc(/C=C2/C(=O)N(C(=O)c3ccc(Cl)cc3)N=C2C)cc(OC)c1OC,3.619788758288394
O=C(O)c1ccccc1C(=O)NNC(=O)c1ccccc1C(=O)O,4.0
O=C(O)c1ccccc1C(=O)NNC(=O)c1ccccc1C(=O)O,4.0
CC1=NN(C(=O)c2ccccc2O)C(=O)/C1=C/c1cccc(O)c1,6.045757490560675
CC1=NN(C(=O)c2ccccc2O)C(=O)/C1=C/c1cccc(O)c1,5.130768280269024
O=C(NN1C(=O)C(Cl)C1c1ccc([N+](=O)[O-])cc1)c1ccccc1O,3.7166987712964503
O=C(NN1C(=O)C(Cl)C1c1ccc([N+](=O)[O-])cc1)c1ccccc1O,3.774690718274137
O=C(NN1C(=O)C(Cl)C1c1ccc([N+](=O)[O-])cc1)c1ccccc1O,3.8096683018297086
O=C(NN1C(=O)C(Cl)C1c1ccc([N+](=O)[O-])cc1)c1ccccc1O,4.080921907623926
CC1=NN(C(=O)c2ccc(Cl)cc2)C(=O)/C1=C/c1ccc(Cl)cc1,3.5528419686577806
CC1=NN(C(=O)c2ccc(Cl)cc2)C(=O)/C1=C/c1ccc(Cl)cc1,3.5528419686577806
COc1ccc(/C=C2/C(=O)N(C(=O)c3ccccc3O)N=C2C)cc1OC,6.301029995663981
COc1ccc(/C=C2/C(=O)N(C(=O)c3ccccc3O)N=C2C)cc1OC,6.301029995663981
O=C(NNC(=O)c1cccc2ccccc12)c1ccccc1Br,4.0
O=C(NNC(=O)c1cccc2ccccc12)c1ccccc1Br,4.0
O=C(NNC(=O)c1ccccc1Br)c1ccccc1Br,4.0
O=C(NNC(=O)c1ccccc1Br)c1ccccc1Br,4.0
O=C(NNC(=O)c1ccccc1F)c1ccc2ccccc2c1,4.0
O=C(NNC(=O)c1ccccc1F)c1ccc2ccccc2c1,4.0
CC1=NN(C(=O)c2ccccc2O)C(=O)/C1=C/c1ccccc1O,6.221848749616356
CC1=NN(C(=O)c2ccccc2O)C(=O)/C1=C/c1ccccc1O,5.552841968657781
CC1=NN(C(=O)c2ccccc2O)C(=O)/C1=C/c1ccc(O)cc1,6.221848749616356
CC1=NN(C(=O)c2ccccc2O)C(=O)/C1=C/c1ccc(O)cc1,6.045757490560675
O=C(NNC(=O)c1ccc(Cl)c(Cl)c1)c1ccc(Cl)c(Cl)c1,4.0
O=C(NNC(=O)c1ccc(Cl)c(Cl)c1)c1ccc(Cl)c(Cl)c1,4.0
O=C(NNC(=O)c1cccc2ccccc12)c1ccc(Cl)c(Cl)c1,4.0
O=C(NNC(=O)c1cccc2ccccc12)c1ccc(Cl)c(Cl)c1,4.0
COc1ccc(/C=C2/C(=O)N(C(=O)c3ccccc3O)N=C2C)cc1,6.045757490560675
COc1ccc(/C=C2/C(=O)N(C(=O)c3ccccc3O)N=C2C)cc1,6.221848749616356
O=C(NNC(=O)c1ccccc1O)c1ccccc1O,5.684029654543083
O=C(NNC(=O)c1ccccc1O)c1ccccc1O,6.136677139879544
O=C(NNC(=O)c1ccc(Cl)cc1Cl)c1ccc2ccccc2c1,4.0
O=C(NNC(=O)c1ccc(Cl)cc1Cl)c1ccc2ccccc2c1,4.0
O=C(NNC(=O)c1cccc2ccccc12)c1ccccc1F,4.0
O=C(NNC(=O)c1cccc2ccccc12)c1ccccc1F,4.0
O=C(NN1C(=O)C(Cl)C1c1ccc(O)cc1)c1ccccc1O,3.5228787452803374
O=C(NN1C(=O)C(Cl)C1c1ccc(O)cc1)c1ccccc1O,3.54515513999149
COc1cc(/C=C2/C(=O)N(C(=O)c3ccccc3O)N=C2C)ccc1O,6.096910013008056
COc1cc(/C=C2/C(=O)N(C(=O)c3ccccc3O)N=C2C)ccc1O,6.221848749616356
CCOc1ccccc1C(=O)NNC(=O)c1ccccc1OCC,4.0
CCOc1ccccc1C(=O)NNC(=O)c1ccccc1OCC,4.0
COc1cc(C2C(Cl)C(=O)N2NC(=O)c2ccccc2O)ccc1O,3.560667306169737
COc1cc(C2C(Cl)C(=O)N2NC(=O)c2ccccc2O)ccc1O,3.5816987086802543
COc1cc(/C=C2/C(=O)N(C(=O)c3ccccc3O)N=C2C)cc(OC)c1OC,5.698970004336019
COc1cc(/C=C2/C(=O)N(C(=O)c3ccccc3O)N=C2C)cc(OC)c1OC,5.698970004336019
Nc1ccccc1C(=O)NNC(=O)c1ccccc1N,4.0
Nc1ccccc1C(=O)NNC(=O)c1ccccc1N,4.0
COc1ccc(C2C(Cl)C(=O)N2NC(=O)c2ccccc2O)cc1,3.540607512240769
COc1ccc(C2C(Cl)C(=O)N2NC(=O)c2ccccc2O)cc1,3.7772835288524167
COc1ccc(C2C(Cl)C(=O)N2NC(=O)c2ccccc2O)cc1OC,3.9030899869919438
COc1ccc(C2C(Cl)C(=O)N2NC(=O)c2ccccc2O)cc1OC,3.962573502059376
COc1ccc(C2C(Cl)C(=O)N2NC(=O)c2ccccc2O)cc1OC,3.9746941347352296
O=C(NN1C(=O)C(Cl)C1c1cccc(Cl)c1)c1ccccc1O,3.8096683018297086
O=C(NN1C(=O)C(Cl)C1c1cccc(Cl)c1)c1ccccc1O,3.694648630553376
O=C(NN1C(=O)C(Cl)C1c1cccc(Cl)c1)c1ccccc1O,3.9030899869919438
O=C(NN1C(=O)C(Cl)C1c1cccc(O)c1)c1ccccc1O,3.744727494896694
O=C(NN1C(=O)C(Cl)C1c1cccc(O)c1)c1ccccc1O,3.6478174818886373
O=C(NN1C(=O)C(Cl)C1c1cccc(O)c1)c1ccccc1O,3.6270879970298933
O=C(NN1C(=O)C(Cl)C1c1cccc(O)c1)c1ccccc1O,4.00436480540245
O=C(NN1C(=O)C(Cl)C1c1ccccc1O)c1ccccc1O,3.5228787452803374
O=C(NN1C(=O)C(Cl)C1c1ccccc1O)c1ccccc1O,3.5783960731301687
O=C(NN1C(=O)C(Cl)C1c1c(O)ccc2ccccc12)c1ccccc1O,3.896196279044043
O=C(NN1C(=O)C(Cl)C1c1c(O)ccc2ccccc12)c1ccccc1O,3.653647025549361
CC1=NN(C(=O)c2ccccc2O)C(=O)/C1=C/c1ccc([N+](=O)[O-])cc1,6.096910013008056
CC1=NN(C(=O)c2ccccc2O)C(=O)/C1=C/c1ccc([N+](=O)[O-])cc1,6.221848749616356
CC1=NN(C(=O)c2ccccc2O)C(=O)/C1=C/c1cccc([N+](=O)[O-])c1,5.853871964321762
CC1=NN(C(=O)c2ccccc2O)C(=O)/C1=C/c1cccc([N+](=O)[O-])c1,5.585026652029182
O=C(NN1C(=O)C(Cl)C1c1ccccc1Cl)c1ccccc1O,3.6179829574251317
O=C(NN1C(=O)C(Cl)C1c1ccccc1Cl)c1ccccc1O,3.6055483191737836
O=C(NN1C(=O)C(Cl)C1c1ccccc1Cl)c1ccccc1O,4.026872146400302
COc1cc(C2C(Cl)C(=O)N2NC(=O)c2ccccc2O)cc(OC)c1OC,4.162411561764489
COc1cc(C2C(Cl)C(=O)N2NC(=O)c2ccccc2O)cc(OC)c1OC,4.120904120499927
COc1cc(C2C(Cl)C(=O)N2NC(=O)c2ccccc2O)cc(OC)c1OC,4.132532512140949
COc1ccc(/C=C2/C(=O)N(C(=O)c3ccc(Cl)cc3)N=C2C)cc1OC,3.585026652029182
COc1ccc(/C=C2/C(=O)N(C(=O)c3ccc(Cl)cc3)N=C2C)cc1OC,3.585026652029182
CC1=NN(C(=O)c2ccc(Cl)cc2)C(=O)/C1=C/c1ccc(O)cc1,3.5331323796458904
CC1=NN(C(=O)c2ccc(Cl)cc2)C(=O)/C1=C/c1ccc(O)cc1,3.5331323796458904
O=C(NNC(=O)c1ccc2ccccc2c1)c1ccc(Cl)c(Cl)c1,4.0
O=C(NNC(=O)c1ccc2ccccc2c1)c1ccc(Cl)c(Cl)c1,4.0
CC1=NN(C(=O)c2ccccc2O)C(=O)/C1=C/c1ccco1,5.568636235841013
CC1=NN(C(=O)c2ccccc2O)C(=O)/C1=C/c1ccco1,5.698970004336019
CC1=NN(C(=O)c2ccc(Cl)cc2)C(=O)/C1=C/c1cccc(O)c1,3.5331323796458904
CC1=NN(C(=O)c2ccc(Cl)cc2)C(=O)/C1=C/c1cccc(O)c1,3.5331323796458904
COc1cc(C(=O)NNC(=O)c2ccc(Cl)c(Cl)c2)cc(OC)c1OC,4.0
COc1cc(C(=O)NNC(=O)c2ccc(Cl)c(Cl)c2)cc(OC)c1OC,4.0
O=C(CCCCC(=O)c1ccc(O)cc1O)OCCO,3.5316526695878427
O=C(CCCCC(=O)c1ccc(O)cc1O)OCCO,3.4353339357479107
O=C(CCCCC(=O)c1ccc(O)cc1O)OCCO,3.7328282715969863
O=C(CCCCC(=O)c1ccc(O)cc1O)OCCO,3.632644078973981
O=C(CCCCC(=O)c1ccc(O)cc1O)OCCO,7.080921907623926
O=C(CCCCC(=O)c1ccc(O)cc1O)OCCO,6.982966660701219
O=C(CCCCC(=O)c1ccc(O)cc1O)OCCO,7.2839966563652006
O=C(CCCCC(=O)c1ccc(O)cc1O)OCCO,7.180456064458132
COc1ccc(-c2c3c4cc(OC)c(OS(=O)(=O)[O-])cc4oc(=O)c3n3ccc4cc(OC)c(OC)cc4c23)cc1O.[Na+],4.795880017344075
COc1ccc(-c2c3c4cc(OC)c(OS(=O)(=O)[O-])cc4oc(=O)c3n3ccc4cc(OC)c(OC)cc4c23)cc1O.[Na+],4.657577319177793
COc1ccc(-c2c3c4cc(OC)c(OS(=O)(=O)[O-])cc4oc(=O)c3n3ccc4cc(OC)c(OC)cc4c23)cc1O.[Na+],5.096910013008056
COc1ccc(-c2c3n(c4c(=O)oc5cc(OS(=O)(=O)[O-])c(OC)cc5c24)C(O)Cc2c-3cc(OC)c(OC)c2OC)cc1O.[Na+],4.136677139879544
COc1ccc(-c2c3n(c4c(=O)oc5cc(OS(=O)(=O)[O-])c(OC)cc5c24)C(O)Cc2c-3cc(OC)c(OC)c2OC)cc1O.[Na+],4.292429823902063
COc1ccc(-c2c3n(c4c(=O)oc5cc(OS(=O)(=O)[O-])c(OC)cc5c24)C(O)Cc2c-3cc(OC)c(OC)c2OC)cc1O.[Na+],4.698970004336019
O=C(NNC(=O)c1ccccc1O)c1ccccc1O.O=C(NNCC(O)COc1ccccc1)c1ccccc1O,5.698970004336019
O=C(NNC(=O)c1ccccc1O)c1ccccc1O.O=C(NNCC(O)COc1ccccc1)c1ccccc1O,5.823908740944319
O=C(NNC(=O)c1ccccc1O)c1ccccc1O.O=C(NNCC(O)COc1ccccc1)c1ccccc1O,9.221848749616356
O=C(NNC(=O)c1ccccc1O)c1ccccc1O.O=C(NNCC(O)COc1ccccc1)c1ccccc1O,9.337242168318426
COc1cc(N)ccc1C(=O)NC(CCC(=O)O)C(=O)O,3.642065152999546
COc1cc(N)ccc1C(=O)NC(CCC(=O)O)C(=O)O,3.567030709125594
COc1cc(N)ccc1C(=O)NC(CCC(=O)O)C(=O)O,3.692503962086787
COc1cc(N)ccc1C(=O)NC(CCC(=O)O)C(=O)O,3.567030709125594
COc1cc(N)ccc1C(=O)NC(CCC(=O)O)C(=O)O,7.167491087293763
COc1cc(N)ccc1C(=O)NC(CCC(=O)O)C(=O)O,7.096910013008056
COc1cc(N)ccc1C(=O)NC(CCC(=O)O)C(=O)O,7.221848749616356
COc1cc(N)ccc1C(=O)NC(CCC(=O)O)C(=O)O,7.096910013008056
O=C(NCO)NCOCn1c(=O)n(CO)c(=O)n(CO)c1=O,5.275724130399211
O=C(NCO)NCOCn1c(=O)n(CO)c(=O)n(CO)c1=O,5.301029995663981
O=C(NCO)NCOCn1c(=O)n(CO)c(=O)n(CO)c1=O,8.769551078621726
O=C(NCO)NCOCn1c(=O)n(CO)c(=O)n(CO)c1=O,8.795880017344075
C[C@H]1C(=O)c2c(cc(O)c(C3OC(CO)C(O)C(O)C3O)c2O)OC1c1ccc(O)c(O)c1,3.752026733638193
C[C@H]1C(=O)c2c(cc(O)c(C3OC(CO)C(O)C(O)C3O)c2O)OC1c1ccc(O)c(O)c1,3.906578314837765
C[C@H]1C(=O)c2c(cc(O)c(C3OC(CO)C(O)C(O)C3O)c2O)OC1c1ccc(O)c(O)c1,3.9871627752948275
C[C@H]1C(=O)c2c(cc(O)c(C3OC(CO)C(O)C(O)C3O)c2O)OC1c1ccc(O)c(O)c1,4.3223930472795065
C[C@H]1C(=O)c2c(cc(O)c(C3OC(CO)C(O)C(O)C3O)c2O)OC1c1ccc(O)c(O)c1,7.086186147616283
C[C@H]1C(=O)c2c(cc(O)c(C3OC(CO)C(O)C(O)C3O)c2O)OC1c1ccc(O)c(O)c1,7.236572006437063
C[C@H]1C(=O)c2c(cc(O)c(C3OC(CO)C(O)C(O)C3O)c2O)OC1c1ccc(O)c(O)c1,7.318758762624412
C[C@H]1C(=O)c2c(cc(O)c(C3OC(CO)C(O)C(O)C3O)c2O)OC1c1ccc(O)c(O)c1,7.657577319177793
CCC/C=C/C=C/[C@@H]1C[C@@H](O)[C@@H](O)C(=O)[C@H]1CO,3.4559319556497243
CCC/C=C/C=C/[C@@H]1C[C@@H](O)[C@@H](O)C(=O)[C@H]1CO,3.5391021572434522
CCC/C=C/C=C/[C@@H]1C[C@@H](O)[C@@H](O)C(=O)[C@H]1CO,3.571865205971211
CCC/C=C/C=C/[C@@H]1C[C@@H](O)[C@@H](O)C(=O)[C@H]1CO,3.869666231504994
CCC/C=C/C=C/[C@@H]1C[C@@H](O)[C@@H](O)C(=O)[C@H]1CO,7.050609993355087
CCC/C=C/C=C/[C@@H]1C[C@@H](O)[C@@H](O)C(=O)[C@H]1CO,7.130768280269024
CCC/C=C/C=C/[C@@H]1C[C@@H](O)[C@@H](O)C(=O)[C@H]1CO,7.167491087293763
CCC/C=C/C=C/[C@@H]1C[C@@H](O)[C@@H](O)C(=O)[C@H]1CO,7.468521082957745
COc1ccc(-c2c3n(c4c(=O)oc5cc(O)c(OC)cc5c24)CCc2c-3cc(OC)c(OC)c2OC)cc1O,4.568636235841013
COc1ccc(-c2c3n(c4c(=O)oc5cc(O)c(OC)cc5c24)CCc2c-3cc(OC)c(OC)c2OC)cc1O,4.619788758288394
COc1ccc(-c2c3n(c4c(=O)oc5cc(O)c(OC)cc5c24)CCc2c-3cc(OC)c(OC)c2OC)cc1O,4.7447274948966935
COc1ccc(-c2c3n(c4c(=O)oc5cc(OS(=O)(=O)[O-])c(OC)cc5c24)CCc2cc(OC)c(OC)cc2-3)cc1O.[Na+],4.468521082957745
COc1ccc(-c2c3n(c4c(=O)oc5cc(OS(=O)(=O)[O-])c(OC)cc5c24)CCc2cc(OC)c(OC)cc2-3)cc1O.[Na+],4.6020599913279625
COc1ccc(-c2c3n(c4c(=O)oc5cc(OS(=O)(=O)[O-])c(OC)cc5c24)CCc2cc(OC)c(OC)cc2-3)cc1O.[Na+],4.920818753952375
COc1ccc(-c2c3c4cc(OC)c(O)cc4oc(=O)c3n3ccc4c(OC)c(OC)c(OC)cc4c23)cc1O,4.721246399047171
COc1ccc(-c2c3c4cc(OC)c(O)cc4oc(=O)c3n3ccc4c(OC)c(OC)c(OC)cc4c23)cc1O,4.853871964321762
COc1ccc(-c2c3c4cc(OC)c(O)cc4oc(=O)c3n3ccc4c(OC)c(OC)c(OC)cc4c23)cc1O,4.698970004336019
O=C(N/N=C/c1ccc(O)cc1O)N/N=C/c1ccc(O)cc1O,4.585026652029182
O=C(N/N=C/c1ccc(O)cc1O)N/N=C/c1ccc(O)cc1O,4.686132779630847
O=C(N/N=C/c1ccc(O)cc1O)N/N=C/c1ccc(O)cc1O,8.060480747381382
O=C(N/N=C/c1ccc(O)cc1O)N/N=C/c1ccc(O)cc1O,8.167491087293763
COc1ccc(-c2c3c4cc(OC)c(O)cc4oc(=O)c3n3ccc4cc(O)c(OC)cc4c23)cc1O,4.7447274948966935
COc1ccc(-c2c3c4cc(OC)c(O)cc4oc(=O)c3n3ccc4cc(O)c(OC)cc4c23)cc1O,4.721246399047171
COc1ccc(-c2c3c4cc(OC)c(O)cc4oc(=O)c3n3ccc4cc(O)c(OC)cc4c23)cc1O,6.0
O=C(CC(O)(c1ccccc1)c1ccc(Cl)cc1)NC(=O)c1ccccc1O,3.7399286120149253
O=C(CC(O)(c1ccccc1)c1ccc(Cl)cc1)NC(=O)c1ccccc1O,3.623423042943488
O=C(CC(O)(c1ccccc1)c1ccc(Cl)cc1)NC(=O)c1ccccc1O,3.9956786262173574
O=C(CC(O)(c1ccccc1)c1ccc(Cl)cc1)NC(=O)c1ccccc1O,3.8477116556169433
O=C(CC(O)(c1ccccc1)c1ccc(Cl)cc1)NC(=O)c1ccccc1O,7.142667503568732
O=C(CC(O)(c1ccccc1)c1ccc(Cl)cc1)NC(=O)c1ccccc1O,7.026872146400302
O=C(CC(O)(c1ccccc1)c1ccc(Cl)cc1)NC(=O)c1ccccc1O,7.3979400086720375
O=C(CC(O)(c1ccccc1)c1ccc(Cl)cc1)NC(=O)c1ccccc1O,7.251811972993799
O=C(NO)/C(CC(=O)c1ccc(O)cc1O)=N\O,4.52432881167557
O=C(NO)/C(CC(=O)c1ccc(O)cc1O)=N\O,4.146910470148135
O=C(NO)/C(CC(=O)c1ccc(O)cc1O)=N\O,4.782516055786093
O=C(NO)/C(CC(=O)c1ccc(O)cc1O)=N\O,4.446116973356125
O=C(NO)/C(CC(=O)c1ccc(O)cc1O)=N\O,8.119186407719209
O=C(NO)/C(CC(=O)c1ccc(O)cc1O)=N\O,7.7447274948966935
O=C(NO)/C(CC(=O)c1ccc(O)cc1O)=N\O,8.3767507096021
O=C(NO)/C(CC(=O)c1ccc(O)cc1O)=N\O,8.040958607678906
O=c1c(C(c2ccc(C(c3c(O)oc4ccccc4c3=O)c3c(O)oc4ccccc4c3=O)cc2)c2c(O)oc3ccccc3c2=O)c(O)oc2ccccc12,5.823908740944319
O=c1c(C(c2ccc(C(c3c(O)oc4ccccc4c3=O)c3c(O)oc4ccccc4c3=O)cc2)c2c(O)oc3ccccc3c2=O)c(O)oc2ccccc12,6.096910013008056
COc1cc2oc(-c3ccc(O)cc3)cc(=O)c2c(O)c1C1OC(CO)C(O)C(O)C1O,3.6497519816658373
COc1cc2oc(-c3ccc(O)cc3)cc(=O)c2c(O)c1C1OC(CO)C(O)C(O)C1O,3.5361070110140926
COc1cc2oc(-c3ccc(O)cc3)cc(=O)c2c(O)c1C1OC(CO)C(O)C(O)C1O,3.8728952016351923
COc1cc2oc(-c3ccc(O)cc3)cc(=O)c2c(O)c1C1OC(CO)C(O)C(O)C1O,3.844663962534938
COc1cc2oc(-c3ccc(O)cc3)cc(=O)c2c(O)c1C1OC(CO)C(O)C(O)C1O,7.0
COc1cc2oc(-c3ccc(O)cc3)cc(=O)c2c(O)c1C1OC(CO)C(O)C(O)C1O,6.886056647693163
COc1cc2oc(-c3ccc(O)cc3)cc(=O)c2c(O)c1C1OC(CO)C(O)C(O)C1O,7.221848749616356
COc1cc2oc(-c3ccc(O)cc3)cc(=O)c2c(O)c1C1OC(CO)C(O)C(O)C1O,7.1938200260161125
O=C1Oc2ccccc2C(O)C1C(c1ccccc1)C1C(=O)Oc2ccccc2C1O,4.36251027048749
O=C1Oc2ccccc2C(O)C1C(c1ccccc1)C1C(=O)Oc2ccccc2C1O,4.411168274405793
O=C(O)c1cc(C(=CCC23CC4CC(CC(C4)C2)C3)c2cc(Cl)c(O)c(C(=O)O)c2)cc(Cl)c1O,5.154901959985743
CC(CCC=C(c1cc(Cl)c(O)c(C(=O)O)c1)c1cc(Cl)c(O)c(C(=O)O)c1)[C@H]1CC[C@H]2[C@@H]3CC[C@@H]4CCCC[C@]4(C)[C@H]3CC[C@]12C,5.657577319177793
CC(C)CCCC(C)[C@H]1CC[C@H]2[C@@H]3CCC4C[C@@H](CCC=C(c5cc(Cl)c(O)c(C(=O)O)c5)c5cc(Cl)c(O)c(C(=O)O)c5)CC[C@]4(C)[C@H]3CC[C@]12C,4.6020599913279625
CC(CCC=C(c1cc(Cl)c(O)c(C(=O)O)c1)c1cc(Cl)c(O)c(C(=O)O)c1)[C@H]1CC[C@H]2[C@@H]3CC[C@@H]4CC(F)(F)CC[C@]4(C)[C@H]3CC[C@]12C,5.657577319177793
CCCCCC=C(c1cc(Cl)c(O)c(C(=O)NO)c1)c1cc(Cl)c(O)c(C(=O)NO)c1,5.3979400086720375
CC(C)CCCC(C)[C@H]1CC[C@H]2[C@@H]3CCC4CC(=C(c5cc(Cl)c(O)c(C(=O)O)c5)c5cc(Cl)c(O)c(C(=O)O)c5)CC[C@]4(C)[C@H]3CC[C@]12C,4.0
O=C1NNC(=O)c2ccccc2SSc2ccccc2C(=O)NNC(=O)c2ccccc2SSc2ccccc21,5.619788758288394
O=C1NNC(=O)c2ccccc2SSc2ccccc2C(=O)NNC(=O)c2ccccc2SSc2ccccc21,5.142667503568732
O=C1NNC(=O)c2ccccc2SSc2ccccc2C(=O)NNC(=O)c2ccccc2SSc2ccccc21,5.301029995663981
O=C1NNC(=O)c2ccccc2SSc2ccccc2C(=O)NNC(=O)c2ccccc2SSc2ccccc21,5.301029995663981
O=C1NNC(=O)c2ccccc2SSc2ccccc2C(=O)NNC(=O)c2ccccc2SSc2ccccc21,4.958607314841775
O=C1NNC(=O)c2ccccc2SSc2ccccc2C(=O)NNC(=O)c2ccccc2SSc2ccccc21,4.958607314841775
O=C1NNC(=O)c2ccccc2SSc2ccccc2C(=O)NNC(=O)c2ccccc2SSc2ccccc21,5.154901959985743
O=C1NNC(=O)c2ccccc2SSc2ccccc2C(=O)NNC(=O)c2ccccc2SSc2ccccc21,5.301029995663981
O=C(NNC(=O)c1ccccc1S)c1ccccc1S,5.292429823902063
O=C(NNC(=O)c1ccccc1S)c1ccccc1S,5.301029995663981
O=C(NNC(=O)c1ccccc1S)c1ccccc1S,4.455931955649724
O=C(NNC(=O)c1ccccc1S)c1ccccc1S,4.920818753952375
O=C(NNC(=O)c1ccccc1S)c1ccccc1S,4.698970004336019
O=C(NNC(=O)c1ccccc1S)c1ccccc1S,4.958607314841775
O=C(NNC(=O)c1ccccc1S)c1ccccc1S,4.698970004336019
O=C(NNC(=O)c1ccccc1S)c1ccccc1S,4.7447274948966935
O=C(NNC(=O)c1ccccc1SSc1ccccc1C(=O)NNC(=O)c1ccccc1S)c1ccccc1S,5.494850021680094
O=C(NNC(=O)c1ccccc1SSc1ccccc1C(=O)NNC(=O)c1ccccc1S)c1ccccc1S,5.431798275933005
O=C(NNC(=O)c1ccccc1SSc1ccccc1C(=O)NNC(=O)c1ccccc1S)c1ccccc1S,5.096910013008056
O=C(NNC(=O)c1ccccc1SSc1ccccc1C(=O)NNC(=O)c1ccccc1S)c1ccccc1S,5.045757490560675
O=C(NNC(=O)c1ccccc1SSc1ccccc1C(=O)NNC(=O)c1ccccc1S)c1ccccc1S,4.823908740944319
O=C(NNC(=O)c1ccccc1SSc1ccccc1C(=O)NNC(=O)c1ccccc1S)c1ccccc1S,4.958607314841775
O=C(NNC(=O)c1ccccc1SSc1ccccc1C(=O)NNC(=O)c1ccccc1S)c1ccccc1S,4.698970004336019
O=C(NNC(=O)c1ccccc1SSc1ccccc1C(=O)NNC(=O)c1ccccc1S)c1ccccc1S,4.7447274948966935
O=C(NNC(=O)c1ccccc1O)c1ccccc1O,5.698970004336019
O=C(NNC(=O)c1ccccc1O)c1ccccc1O,6.154901959985743
O=C(NNC(=O)c1ccccc1O)c1ccccc1O,4.920818753952375
O=C(NNC(=O)c1ccccc1O)c1ccccc1O,5.0
O=C(NNC(=O)c1ccccc1O)c1ccccc1O,3.0
O=C(NNC(=O)c1ccccc1O)c1ccccc1O,3.0
O=C(NNC(=O)c1ccccc1O)c1ccccc1O,3.0
O=C(NNC(=O)c1ccccc1O)c1ccccc1O,3.0
O=C(O)c1ccc2ccc(/C=C/c3ccccc3)nc2c1O,5.275724130399211
O=C(O)c1ccc2ccc(/C=C/c3ccccc3)nc2c1O,5.6777807052660805
O=C(/C=C/c1ccc(O)c(O)c1)/C=C/c1ccc(O)c(O)c1,6.221848749616356
O=C1/C(=C/c2ccc(O)c(O)c2)CCC/C1=C\c1ccc(O)c(O)c1,6.045757490560675
O=C(O)c1ccc2ccc(/C=C/c3cc(O)c(O)c(O)c3)nc2c1O,6.522878745280337
O=C(O)c1ccc2ccc(/C=C/c3cc(O)c(O)c(O)c3)nc2c1O,6.3979400086720375
COc1cc(/C=C/c2ccc3ccc(C(=O)O)c(O)c3n2)ccc1O,5.552841968657781
COc1cc(/C=C/c2ccc3ccc(C(=O)O)c(O)c3n2)ccc1O,5.431798275933005
COc1cc(OC)c2c(OC)c3c(cc2c1-c1c(OC)cc(OC)c2c(OC)c4c(cc12)OC(C)C(C)C4=O)OC(C)C(C)C3=O,4.221848749616356
COc1cc(OC)c2c(OC)c3c(cc2c1-c1c(OC)cc(OC)c2c(OC)c4c(cc12)OC(C)C(C)C4=O)OC(C)C(C)C3=O,4.0
COc1cc(O)c2c(O)c3c(cc2c1-c1c(OC)cc(OC)c2c(OC)c4c(cc12)OC(C)C(C)C4=O)OC(C)C(C)C3=O,4.096910013008056
COc1cc(O)c2c(O)c3c(cc2c1-c1c(OC)cc(OC)c2c(OC)c4c(cc12)OC(C)C(C)C4=O)OC(C)C(C)C3=O,4.0
COc1cc([C@@H]2c3cc4c(cc3[C@@H](O[C@@H]3O[C@@H]5CO[C@@H](C)O[C@H]5[C@H](O)[C@H]3O)[C@H]3COC(=O)[C@H]23)OCO4)cc(OC)c1O,4.0
O=C(O)c1ccc2ccc(/C=C/c3ccco3)nc2c1O,5.721246399047171
O=C(O)c1ccc2ccc(/C=C/c3ccco3)nc2c1O,5.292429823902063
O=C(/C=C/c1ccc(O)cc1)/C=C/c1ccc(O)cc1,4.0
C[C@@H]1Oc2cc3c(-c4c(O)cc(O)c5c(O)c6c(cc45)O[C@H](C)[C@@H](C)C(=O)O6)c(O)cc(O)c3c(O)c2C(=O)[C@@H]1C,5.522878745280337
C[C@@H]1Oc2cc3c(-c4c(O)cc(O)c5c(O)c6c(cc45)O[C@H](C)[C@@H](C)C(=O)O6)c(O)cc(O)c3c(O)c2C(=O)[C@@H]1C,5.045757490560675
COc1cc(O)c2c(OC)c3c(cc2c1-c1c(OC)cc(OC)c2c(OC)c4c(cc12)OC(C)C(C)C4=O)OC(C)C(C)C3=O,4.3979400086720375
COc1cc(O)c2c(OC)c3c(cc2c1-c1c(OC)cc(OC)c2c(OC)c4c(cc12)OC(C)C(C)C4=O)OC(C)C(C)C3=O,4.0
O=C1/C(=C/c2ccc(O)c(O)c2)Cc2ccccc21,4.0655015487564325
O=C(O)c1ccc2ccc(/C=C/c3ccc([N+](=O)[O-])cc3)nc2c1O,5.920818753952375
O=C(O)c1ccc2ccc(/C=C/c3ccc([N+](=O)[O-])cc3)nc2c1O,5.769551078621726
O=C(O)c1ccc2ccc(/C=C/c3ccc(O)cc3O)nc2c1O,5.431798275933005
O=C(O)c1ccc2ccc(/C=C/c3ccc(O)cc3O)nc2c1O,5.552841968657781
O=C(O)c1ccc2ccc(/C=C/c3cc(O)c(O)c(I)c3)nc2c1O,5.3979400086720375
O=C(O)c1ccc2ccc(/C=C/c3cc(O)c(O)c(I)c3)nc2c1O,5.309803919971486
O=C(/C=C/c1ccc(O)c(O)c1)CCc1ccccc1,4.0
O=C(/C=C/c1ccc(O)cc1)CC(=O)/C=C/c1ccc(O)cc1,4.0
CC(=O)Nc1ccc(/C=C/c2ccc3ccc(C(=O)O)c(O)c3n2)cc1,5.853871964321762
CC(=O)Nc1ccc(/C=C/c2ccc3ccc(C(=O)O)c(O)c3n2)cc1,5.920818753952375
COc1ccc(/C=C/c2ccc3ccc(C(=O)O)c(O)c3n2)cc1O,6.045757490560675
COc1ccc(/C=C/c2ccc3ccc(C(=O)O)c(O)c3n2)cc1O,5.481486060122113
O=C(/C=C/c1ccc(O)cc1)c1ccc(O)cc1O,4.0
O=C(O)c1ccc2ccc(/C=C/c3cc(Br)c(O)c(Br)c3)nc2c1O,5.886056647693163
O=C(O)c1ccc2ccc(/C=C/c3cc(Br)c(O)c(Br)c3)nc2c1O,5.920818753952375
Cl.O=C1/C(=C/c2ccc(O)c(O)c2)CNC/C1=C\c1ccc(O)c(O)c1,6.698970004336019
O=C(/C=C/c1ccc(O)c(O)c1)c1ccc(O)cc1O,4.698970004336019
O=C(/C=C/c1ccc(O)c(O)c1)c1ccccc1,5.638272163982407
Cc1ccc2ccc(C(=O)O)c(O)c2n1,4.0
Cc1ccc2ccc(C(=O)O)c(O)c2n1,4.0
O=C(O)c1ccc2ccc(/C=C/c3cc(O)cc(O)c3)nc2c1O,5.494850021680094
O=C(O)c1ccc2ccc(/C=C/c3cc(O)cc(O)c3)nc2c1O,5.494850021680094
Oc1ccc(/C=C/c2ccc3c(Cl)cc(Cl)c(O)c3n2)cc1O,4.0
Oc1ccc(/C=C/c2ccc3c(Cl)cc(Cl)c(O)c3n2)cc1O,4.0
O=C(O)c1ccc2ccc(CCc3ccc(O)c(O)c3)nc2c1O,5.638272163982407
O=C(O)c1ccc2ccc(CCc3ccc(O)c(O)c3)nc2c1O,5.823908740944319
O=C(O)c1ccc2ccc(/C=C/c3ccsc3)nc2c1O,5.468521082957745
O=C(O)c1ccc2ccc(/C=C/c3ccsc3)nc2c1O,5.522878745280337
Cc1oc2cc3c(-c4c(O)cc(O)c5c(O)c6c(cc45)O[C@H](C)[C@H](C)C6=O)c(O)cc(O)c3c(O)c2c(=O)c1C,6.0
Cc1oc2cc3c(-c4c(O)cc(O)c5c(O)c6c(cc45)O[C@H](C)[C@H](C)C6=O)c(O)cc(O)c3c(O)c2c(=O)c1C,5.3979400086720375
Nc1ccc(/C=C/c2ccc3ccc(C(=O)O)c(O)c3n2)cc1,5.455931955649724
Nc1ccc(/C=C/c2ccc3ccc(C(=O)O)c(O)c3n2)cc1,5.657577319177793
COc1cc(/C=C2\CCC/C(=C\c3ccc(O)c(OC)c3)C2=O)ccc1O,4.0
O=C(/C=C/c1ccc(O)c(O)c1)c1ccc(O)cc1,5.886056647693163
CC1Oc2cc3c(-c4c(O)cc(O)c5c(O)c6c(cc45)OC(C)C(C)C6=O)c(O)cc(O)c3c(O)c2C(=O)C1C,5.698970004336019
CC1Oc2cc3c(-c4c(O)cc(O)c5c(O)c6c(cc45)OC(C)C(C)C6=O)c(O)cc(O)c3c(O)c2C(=O)C1C,4.920818753952375
Nc1nc[nH]n1,6.769551078621726
COc1ccc(/C=C/C(=O)/C=C(O)/C=C/c2ccc(OC)c(OC)c2)cc1OC,4.0
O=C(/C=C/c1ccc(O)cc1)c1cccc(C(=O)/C=C/c2ccc(O)cc2)c1,4.522878745280337
CC[C@@]1(O)C(=O)OCc2c1cc1n(c2=O)Cc2cc3ccccc3nc2-1,4.0
CC(=O)Oc1cc(OC(C)=O)c2c(OC(C)=O)c3c(cc2c1-c1c(OC(C)=O)cc(OC(C)=O)c2c(OC(C)=O)c4c(cc12)OC(C)C(C)C4=O)OC(C)C(C)C3=O,4.301029995663981
CC(=O)Oc1cc(OC(C)=O)c2c(OC(C)=O)c3c(cc2c1-c1c(OC(C)=O)cc(OC(C)=O)c2c(OC(C)=O)c4c(cc12)OC(C)C(C)C4=O)OC(C)C(C)C3=O,4.0
O=C(/C=C(O)/C=C/c1ccccc1)/C=C/c1ccccc1,4.0
O=C1C(=Cc2ccc(O)c(O)c2)C(=O)c2ccccc21,5.522878745280337
O=C(/C=C(O)/C=C/c1ccc(O)c(O)c1)/C=C/c1ccc(O)c(O)c1,6.154901959985743
O=C1/C(=C/c2ccc(O)c(O)c2)COC/C1=C\c1ccc(O)c(O)c1,6.698970004336019
COC(=O)c1ccc2ccc(/C=C/c3ccc(O)c(O)c3)nc2c1O,4.0
COC(=O)c1ccc2ccc(/C=C/c3ccc(O)c(O)c3)nc2c1O,4.0
COc1cc(/C=C/C(=O)CC(=O)/C=C/c2ccc(O)c(OC)c2)ccc1O,4.522878745280337
O=C1/C(=C/c2ccc(O)c(O)c2)CC/C1=C\c1ccc(O)c(O)c1,6.0
COc1ccc(/C=C/C(=O)/C=C/c2ccc(OC)c(OC)c2)cc1OC,4.0
COc1cc(O)c2c(O)c3c(cc2c1-c1c(OC)cc(OC)c2c(OC)c4c(cc12)OC(C)C(C)C4=O)OC(C)C(C)C3=O,4.3979400086720375
COc1cc(O)c2c(O)c3c(cc2c1-c1c(OC)cc(OC)c2c(OC)c4c(cc12)OC(C)C(C)C4=O)OC(C)C(C)C3=O,4.0
O=C(O)c1ccc2ccc(/C=C/c3ccc(O)c(O)c3)nc2c1O,5.619788758288394
O=C(O)c1ccc2ccc(/C=C/c3ccc(O)c(O)c3)nc2c1O,6.0
COc1cc(/C=C/c2ccc3ccc(C(=O)O)c(O)c3n2)cc(OC)c1O,5.309803919971486
COc1cc(/C=C/c2ccc3ccc(C(=O)O)c(O)c3n2)cc(OC)c1O,5.346787486224656
O=C(O)c1ccc2ccc(/C=C/c3cccnc3)nc2c1O,5.3872161432802645
O=C(O)c1ccc2ccc(/C=C/c3cccnc3)nc2c1O,4.958607314841775
O=C(/C=C/c1ccc(O)c(O)c1)c1cccc(C(=O)/C=C/c2ccc(O)c(O)c2)c1,6.096910013008056
CC1Oc2cc3c(-c4c(O)cc(O)c5c(O)c6c(cc45)OC(C)C(C)C6=O)c(O)cc(O)c3c(O)c2C(=O)C1C,5.698970004336019
CC1Oc2cc3c(-c4c(O)cc(O)c5c(O)c6c(cc45)OC(C)C(C)C6=O)c(O)cc(O)c3c(O)c2C(=O)C1C,4.920818753952375
COc1cc(/C=C/c2ccc3ccc(C(=O)O)c(O)c3n2)cc(O)c1O,6.154901959985743
COc1cc(/C=C/c2ccc3ccc(C(=O)O)c(O)c3n2)cc(O)c1O,5.769551078621726
COc1cc(O)c2c(OC)c3c(cc2c1-c1c(O)cc(OC)c2c(OC)c4c(cc12)OC(C)C(C)C4=O)OC(C)C(C)C3=O,5.096910013008056
COc1cc(O)c2c(OC)c3c(cc2c1-c1c(O)cc(OC)c2c(OC)c4c(cc12)OC(C)C(C)C4=O)OC(C)C(C)C3=O,4.0
O=C(O)c1ccc2ccc(/C=C/c3ccc(O)cc3)nc2c1O,5.795880017344075
O=C(O)c1ccc2ccc(/C=C/c3ccc(O)cc3)nc2c1O,5.795880017344075
O=C1/C(=C/c2ccc(O)c(O)c2)CSC/C1=C\c1ccc(O)c(O)c1,6.698970004336019
COc1cc(/C=C/C(=O)/C=C/c2ccc(O)c(OC)c2)ccc1O,4.431798275933005
O=C1NC(=O)C(c2ccc(O)c(O)c2)=C1c1ccc(O)c(O)c1,4.809668301829708
O=C1Sc2ccccc2C(=O)N2COCC12,3.4775557664936803
O=C1Sc2ccccc2C(=O)N2COCC12,3.4775557664936803
COc1cc2c(cc1OC)C(=O)N1CCCC1C(=O)S2,3.0
COc1cc2c(cc1OC)C(=O)N1CCCC1C(=O)S2,3.0
O=C1Sc2ccc(Br)cc2C(=O)N2CSCC12,4.060480747381382
O=C1Sc2ccc(Br)cc2C(=O)N2CSCC12,4.130768280269024
COc1cc2c(cc1OC)C(=O)N1CSCC1C(=O)S2,3.1739251972991736
COc1cc2c(cc1OC)C(=O)N1CSCC1C(=O)S2,3.4775557664936803
COc1cc2c(cc1OC)C(=O)N1CCCC1CS2,3.0
COc1cc2c(cc1OC)C(=O)N1CCCC1CS2,3.0
CN(C)Cc1ccc2n1Cc1ccccc1SC2c1ccc(F)cc1,3.0
CN(C)Cc1ccc2n1Cc1ccccc1SC2c1ccc(F)cc1,3.0
CCOC(=O)C1Sc2ccccc2Cn2cccc21,3.0
CCOC(=O)C1Sc2ccccc2Cn2cccc21,3.0
O=C1Sc2ccc(Br)cc2C(=O)N2CCSC12,4.236572006437063
O=C1Sc2ccc(Br)cc2C(=O)N2CCSC12,4.318758762624412
Cc1ccc2c(c1)C(=O)N1CCSC1C(=O)S2,4.1938200260161125
Cc1ccc2c(c1)C(=O)N1CCSC1C(=O)S2,4.259637310505756
O=C1Sc2ccccc2C(=O)N2CCCCC12,3.3914739664228057
O=C1Sc2ccccc2C(=O)N2CCCCC12,3.4647058799572297
O=C1c2ccccc2SCC2CSC(c3ccccc3)N12,3.4294570601181023
O=C1c2ccccc2SCC2CSC(c3ccccc3)N12,3.4248121550723387
CC(=O)OC1Sc2ccccc2C(=O)N2CCCC12,3.0
CC(=O)OC1Sc2ccccc2C(=O)N2CCCC12,3.0
O=C1c2ccccc2SC(O)C2CCCN12,3.0
O=C1c2ccccc2SC(O)C2CCCN12,3.0
O=C1Sc2ccc(Cl)cc2C(=O)N2C[S+]([O-])CC12,3.585026652029182
O=C1Sc2ccc(Cl)cc2C(=O)N2C[S+]([O-])CC12,3.5528419686577806
CN1CCN(C2Sc3ccccc3C(=O)N3CCCC23)CC1,3.0
CN1CCN(C2Sc3ccccc3C(=O)N3CCCC23)CC1,3.0
O=C1Sc2ccccc2C(=O)N2C[S+]([O-])CC12,3.6989700043360187
O=C1Sc2ccccc2C(=O)N2C[S+]([O-])CC12,3.6675615400843946
O=C(O)C(c1ccc(O)c(O)c1)C(C(=O)O)c1ccc(O)c(O)c1,4.627087997029894
COc1ccc(C2=C(c3ccc(OC)c(OC)c3)C(=O)OC2=O)cc1OC,3.8239087409443187
O=C(O)C(Cc1ccc(O)c(O)c1)C(Cc1ccc(O)c(O)c1)C(=O)O,4.718966632752273
O=C1OC(=O)C(c2ccc(O)c(O)c2)=C1c1ccc(O)c(O)c1,5.42021640338319
COc1ccc(C2=C(c3ccc(OC)c(OC)c3)C(=O)NC2=O)cc1OC,3.8239087409443187
COC1Sc2ccccc2C(=O)N2CCCC12,3.0
COC1Sc2ccccc2C(=O)N2CCCC12,3.0
COc1ccc(CC(C(=O)O)C(Cc2ccc(OC)c(OC)c2)C(=O)O)cc1OC,3.8239087409443187
Cc1ccc2c(c1)C(=O)N1CSCC1C(=O)S2,4.2839966563652006
Cc1ccc2c(c1)C(=O)N1CSCC1C(=O)S2,4.200659450546418
O=C1Sc2cc3ccccc3cc2C(=O)N2CSCC12,4.036212172654444
O=C1Sc2cc3ccccc3cc2C(=O)N2CSCC12,4.0
O=C1Sc2ccccc2Cn2cccc21,3.2291479883578558
O=C1Sc2ccccc2Cn2cccc21,3.5228787452803374
O=C1c2ccccc2SC(O)(c2ccccc2)C2CCCN12,3.0
O=C1c2ccccc2SC(O)(c2ccccc2)C2CCCN12,3.0
COc1ccc(-c2c(C(=O)O)[nH]c(C(=O)O)c2-c2ccc(OC)c(OC)c2)cc1OC,3.8239087409443187
O=C1Sc2cc([N+](=O)[O-])ccc2C(=O)N2CSCC12,4.045757490560675
O=C1Sc2cc([N+](=O)[O-])ccc2C(=O)N2CSCC12,4.0
CN1CCN(Cc2ccc3n2Cc2ccccc2SC3c2ccccc2)CC1,3.0
CN1CCN(Cc2ccc3n2Cc2ccccc2SC3c2ccccc2)CC1,3.0
O=C(/C=C/c1ccc(O)c(O)c1)O[C@@H](C(=O)O)[C@@H](OC(=O)/C=C/c1ccc(O)c(O)c1)C(=O)O,4.863279432843593
COc1ccc2c(c1)C(=O)N1CSCC1C(=O)S2,3.8096683018297086
COc1ccc2c(c1)C(=O)N1CSCC1C(=O)S2,3.8096683018297086
O=C(O)c1[nH]c(C(=O)O)c(-c2ccc(O)c(O)c2)c1-c1ccc(O)c(O)c1,5.275724130399211
COc1ccc2c(c1)C(=O)N1C[S+]([O-])CC1C(=O)S2,4.073143291050307
COc1ccc2c(c1)C(=O)N1C[S+]([O-])CC1C(=O)S2,3.8477116556169433
O=C1Sc2ccc(Cl)cc2C(=O)N2CCSC12,3.8210230527068307
O=C1Sc2ccc(Cl)cc2C(=O)N2CCSC12,3.9208187539523753
O=C1Sc2ccc(Cl)cc2C(=O)N2CSCC12,3.8013429130455774
O=C1Sc2ccc(Cl)cc2C(=O)N2CSCC12,3.795880017344075
O=C1Sc2ccccc2C(=O)N2CCSC12,3.958607314841775
O=C1Sc2ccccc2C(=O)N2CCSC12,3.835647144215563
O=C1Sc2cc3ccccc3cc2C(=O)N2CCSC12,4.3979400086720375
O=C1Sc2cc3ccccc3cc2C(=O)N2CCSC12,4.327902142064283
COc1ccc(C(C(=O)O)C(C(=O)O)c2ccc(OC)c(OC)c2)cc1OC,3.8239087409443187
O=C1Sc2ccccc2C(=O)N2CSCC12,3.6819366650372385
O=C1Sc2ccccc2C(=O)N2CSCC12,3.643974142806877
Cc1ccc2c(c1)C(=O)N1CC[S+]([O-])C1C(=O)S2,3.2291479883578558
Cc1ccc2c(c1)C(=O)N1CC[S+]([O-])C1C(=O)S2,3.2291479883578558
O=C(/C=C/c1ccc(O)c(O)c1)O[C@H]1CCCC[C@@H]1OC(=O)/C=C/c1ccc(O)c(O)c1,4.605548319173784
O=C(/C=C/c1ccc(O)c(O)c1)O[C@H]1CCCC[C@@H]1OC(=O)/C=C/c1ccc(O)c(O)c1,5.119186407719209
CC(=O)Oc1cccc2ccc(/C=C/c3ccccc3)nc12,4.0
Cc1ccc2cccc(OC(=O)/C=C/c3ccc(O)c(O)c3)c2n1,4.0
O=C(/C=C/c1ccc(O)c(O)c1)NCCOC(=O)/C=C/c1ccc(O)c(O)c1,4.560667306169737
O=C(/C=C/c1ccc(O)c(O)c1)NCCOC(=O)/C=C/c1ccc(O)c(O)c1,5.187086643357144
O=C(O)c1ccc2ccc(/C=C/c3ccc(O)c(O)c3)nc2c1O,5.619788758288394
CC(=O)Oc1ccc(/C=C/C(=O)OCCOC(=O)/C=C/c2ccc(OC(C)=O)c(OC(C)=O)c2)cc1OC(C)=O,4.0
CC(=O)Oc1ccc(/C=C/C(=O)OCCOC(=O)/C=C/c2ccc(OC(C)=O)c(OC(C)=O)c2)cc1OC(C)=O,4.0
O=C(O)c1ccc2ccc(/C=C/c3cc(O)c(O)c(O)c3)nc2c1O,6.522878745280337
Nc1cccc2ccc(/C=C/c3ccc(O)c(O)c3)nc12,4.0
O=[N+]([O-])c1cccc2ccc(/C=C/c3ccc(O)c(O)c3)nc12,4.0
CC(=O)Oc1ccc(/C=C/C(=O)NCC(NC(=O)/C=C/c2ccc(OC(C)=O)c(OC(C)=O)c2)C(=O)O)cc1OC(C)=O,5.3872161432802645
CC(=O)Oc1ccc(/C=C/C(=O)NCC(NC(=O)/C=C/c2ccc(OC(C)=O)c(OC(C)=O)c2)C(=O)O)cc1OC(C)=O,5.3872161432802645
O=C(/C=C/c1ccc(O)c(O)c1)O[C@H](C(=O)O)[C@H](OC(=O)/C=C/c1ccc(O)c(O)c1)C(=O)O,5.958607314841775
O=C(/C=C/c1ccc(O)c(O)c1)O[C@H](C(=O)O)[C@H](OC(=O)/C=C/c1ccc(O)c(O)c1)C(=O)O,6.301029995663981
CC(=O)NC(COC(=O)/C=C/c1ccc(O)c(O)c1)C(=O)O,3.4775557664936803
CC(=O)NC(COC(=O)/C=C/c1ccc(O)c(O)c1)C(=O)O,3.9546770212133424
CC(=O)Oc1ccc(/C=C/C(=O)O[C@H]2CCCC[C@@H]2OC(=O)/C=C/c2ccc(OC(C)=O)c(OC(C)=O)c2)cc1OC(C)=O,3.4775557664936803
CC(=O)Oc1ccc(/C=C/C(=O)O[C@H]2CCCC[C@@H]2OC(=O)/C=C/c2ccc(OC(C)=O)c(OC(C)=O)c2)cc1OC(C)=O,3.4775557664936803
O=C(/C=C/c1ccc(O)c(O)c1)OCCOC(=O)/C=C/c1ccc(O)c(O)c1,6.3979400086720375
O=C(/C=C/c1ccc(O)c(O)c1)OCCOC(=O)/C=C/c1ccc(O)c(O)c1,6.3979400086720375
COC(=O)C(COC(=O)/C=C/c1ccc(OC(C)=O)c(OC(C)=O)c1)OC(=O)/C=C/c1ccc(OC(C)=O)c(OC(C)=O)c1,4.995678626217358
COC(=O)C(COC(=O)/C=C/c1ccc(OC(C)=O)c(OC(C)=O)c1)OC(=O)/C=C/c1ccc(OC(C)=O)c(OC(C)=O)c1,4.995678626217358
O=C(/C=C/c1ccc(O)c(O)c1)OCCCOC(=O)/C=C/c1ccc(O)c(O)c1,4.560667306169737
O=C(/C=C/c1ccc(O)c(O)c1)OCCCOC(=O)/C=C/c1ccc(O)c(O)c1,5.1249387366083
CC(=O)Oc1ccc(/C=C/C(=O)OCC(OC(=O)/C=C/c2ccc(OC(C)=O)c(OC(C)=O)c2)C(=O)O)cc1OC(C)=O,5.6777807052660805
CC(=O)Oc1ccc(/C=C/C(=O)OCC(OC(=O)/C=C/c2ccc(OC(C)=O)c(OC(C)=O)c2)C(=O)O)cc1OC(C)=O,5.552841968657781
COc1ccc(/C=C/C(=O)NC[C@@H](NC(=O)/C=C/c2ccc(OC)c(OC)c2)C(=O)O)cc1OC,3.0
COc1ccc(/C=C/C(=O)NC[C@@H](NC(=O)/C=C/c2ccc(OC)c(OC)c2)C(=O)O)cc1OC,3.0
CC(=O)Oc1ccc(/C=C/C(=O)O[C@H](C(=O)O)[C@H](OC(=O)/C=C/c2ccc(OC(C)=O)c(OC(C)=O)c2)C(=O)O)cc1OC(C)=O,4.47755576649368
CC(=O)Oc1ccc(/C=C/C(=O)O[C@H](C(=O)O)[C@H](OC(=O)/C=C/c2ccc(OC(C)=O)c(OC(C)=O)c2)C(=O)O)cc1OC(C)=O,5.337242168318426
O=C(O)c1ccc2ccc(/C=C/c3ccc(O)cc3O)nc2c1O,5.6020599913279625
O=C(/C=C/c1ccc(O)c(O)c1)OCC(OC(=O)/C=C/c1ccc(O)c(O)c1)C(=O)O,5.376750709602099
O=C(/C=C/c1ccc(O)c(O)c1)OCC(OC(=O)/C=C/c1ccc(O)c(O)c1)C(=O)O,5.769551078621726
C[C@H](OC(=O)/C=C/c1ccc(O)c(O)c1)[C@H](C)OC(=O)/C=C/c1ccc(O)c(O)c1,4.4156687756324695
C[C@H](OC(=O)/C=C/c1ccc(O)c(O)c1)[C@H](C)OC(=O)/C=C/c1ccc(O)c(O)c1,5.107905397309519
CC(=O)Oc1ccc(/C=C/C(=O)O[C@@H](C)[C@H](C)OC(=O)/C=C/c2ccc(OC(C)=O)c(OC(C)=O)c2)cc1OC(C)=O,3.4775557664936803
CC(=O)Oc1ccc(/C=C/C(=O)O[C@@H](C)[C@H](C)OC(=O)/C=C/c2ccc(OC(C)=O)c(OC(C)=O)c2)cc1OC(C)=O,3.4775557664936803
COC(=O)[C@@H](CNC(=O)/C=C/c1ccc(OC)c(OC)c1)NC(=O)/C=C/c1ccc(OC)c(OC)c1,3.0
COC(=O)[C@@H](CNC(=O)/C=C/c1ccc(OC)c(OC)c1)NC(=O)/C=C/c1ccc(OC)c(OC)c1,3.0
COC(=O)[C@H](COC(=O)/C=C/c1ccc(OC(C)=O)c(OC(C)=O)c1)NC(=O)/C=C/c1ccc(OC(C)=O)c(OC(C)=O)c1,5.552841968657781
COC(=O)[C@H](COC(=O)/C=C/c1ccc(OC(C)=O)c(OC(C)=O)c1)NC(=O)/C=C/c1ccc(OC(C)=O)c(OC(C)=O)c1,5.42021640338319
COC(=O)[C@@H](COC(=O)/C=C/c1ccc(OC(C)=O)c(OC(C)=O)c1)NC(=O)/C=C/c1ccc(OC(C)=O)c(OC(C)=O)c1,5.552841968657781
COC(=O)[C@@H](COC(=O)/C=C/c1ccc(OC(C)=O)c(OC(C)=O)c1)NC(=O)/C=C/c1ccc(OC(C)=O)c(OC(C)=O)c1,5.494850021680094
COC(=O)C(COC(=O)/C=C/c1ccc(OC(C)=O)c(OC(C)=O)c1)NC(C)=O,3.4775557664936803
COC(=O)C(COC(=O)/C=C/c1ccc(OC(C)=O)c(OC(C)=O)c1)NC(C)=O,3.4775557664936803
CC(=O)Oc1ccc(/C=C/C(=O)NCCOC(=O)/C=C/c2ccc(OC(C)=O)c(OC(C)=O)c2)cc1OC(C)=O,3.4775557664936803
CC(=O)Oc1ccc(/C=C/C(=O)NCCOC(=O)/C=C/c2ccc(OC(C)=O)c(OC(C)=O)c2)cc1OC(C)=O,4.0
O=C(/C=C/c1ccc(O)c(O)c1)O[C@@H](C(=O)O)[C@@H](OC(=O)/C=C/c1ccc(O)c(O)c1)C(=O)O,5.958607314841775
O=C(/C=C/c1ccc(O)c(O)c1)O[C@@H](C(=O)O)[C@@H](OC(=O)/C=C/c1ccc(O)c(O)c1)C(=O)O,6.096910013008056
CC(=O)Oc1ccc(/C=C/c2ccc3cccc(OC(C)=O)c3n2)cc1OC(C)=O,4.0
COC(=O)C(COC(=O)/C=C/c1ccc(OC(C)=O)c(OC(C)=O)c1)NC(=O)/C=C/c1ccc(OC(C)=O)c(OC(C)=O)c1,5.6020599913279625
COC(=O)C(COC(=O)/C=C/c1ccc(OC(C)=O)c(OC(C)=O)c1)NC(=O)/C=C/c1ccc(OC(C)=O)c(OC(C)=O)c1,5.494850021680094
O=C(/C=C/c1ccc(O)c(O)c1)NC(COC(=O)/C=C/c1ccc(O)c(O)c1)C(=O)O,5.481486060122113
O=C(/C=C/c1ccc(O)c(O)c1)NC(COC(=O)/C=C/c1ccc(O)c(O)c1)C(=O)O,5.769551078621726
COC(=O)[C@@H](CNC(=O)/C=C/c1ccc(OC(C)=O)c(OC(C)=O)c1)NC(=O)/C=C/c1ccc(OC(C)=O)c(OC(C)=O)c1,4.962573502059376
COC(=O)[C@@H](CNC(=O)/C=C/c1ccc(OC(C)=O)c(OC(C)=O)c1)NC(=O)/C=C/c1ccc(OC(C)=O)c(OC(C)=O)c1,5.0
CC(=O)Oc1ccc(/C=C/C(=O)OCCCOC(=O)/C=C/c2ccc(OC(C)=O)c(OC(C)=O)c2)cc1OC(C)=O,3.4775557664936803
CC(=O)Oc1ccc(/C=C/C(=O)OCCCOC(=O)/C=C/c2ccc(OC(C)=O)c(OC(C)=O)c2)cc1OC(C)=O,3.4775557664936803
CC(=O)Oc1ccc(/C=C/C(=O)O[C@@H](C(=O)O)[C@@H](OC(=O)/C=C/c2ccc(OC(C)=O)c(OC(C)=O)c2)C(=O)O)cc1OC(C)=O,5.008773924307505
CC(=O)Oc1ccc(/C=C/C(=O)O[C@@H](C(=O)O)[C@@H](OC(=O)/C=C/c2ccc(OC(C)=O)c(OC(C)=O)c2)C(=O)O)cc1OC(C)=O,5.207608310501746
CC1=NN(c2ccccc2)C(=O)C1/N=N/c1ccc(S(=O)(=O)Nc2ncccn2)cc1,3.6989700043360187
CC1=NN(c2ccccc2)C(=O)C1/N=N/c1ccc(S(=O)(=O)Nc2ncccn2)cc1,3.6989700043360187
NS(=O)(=O)c1ccc(NC(=O)/C=C/C(=O)O)cc1,3.6989700043360187
NS(=O)(=O)c1ccc(NC(=O)/C=C/C(=O)O)cc1,3.6989700043360187
O=C(O)C(=O)/C=C(\O)c1ccc(Oc2ccccc2)cc1,4.0
O=C(O)C(=O)/C=C(\O)c1ccc(Oc2ccccc2)cc1,5.107905397309519
O=C(O)C(=O)/C=C(\O)c1ccc(Oc2ccccc2)cc1,4.823908740944319
COc1cc(NS(=O)(=O)c2ccc(C(C)=O)cc2)nc(OC)n1,3.6989700043360187
COc1cc(NS(=O)(=O)c2ccc(C(C)=O)cc2)nc(OC)n1,3.6989700043360187
Nc1ncnc2c1ncn2[C@@H]1O[C@H](CO[C@@H]2[C@@H](O)[C@H](OS(=O)(=O)O)[C@H](O)[C@@H](O[C@H]3O[C@@H](CO)[C@@H](O)[C@H](O)[C@@H]3N)[C@]2(O)C(=O)[C@@H](N)CO)[C@@H](O)[C@H]1O,3.6989700043360187
Nc1ncnc2c1ncn2[C@@H]1O[C@H](CO[C@@H]2[C@@H](O)[C@H](OS(=O)(=O)O)[C@H](O)[C@@H](O[C@H]3O[C@@H](CO)[C@@H](O)[C@H](O)[C@@H]3N)[C@]2(O)C(=O)[C@@H](N)CO)[C@@H](O)[C@H]1O,3.6989700043360187
CC1C(=N)/C(=N/Nc2ccc(S(=O)(=O)Nc3ncccn3)cc2)C(=O)C(C)C1=O,3.6989700043360187
CC1C(=N)/C(=N/Nc2ccc(S(=O)(=O)Nc3ncccn3)cc2)C(=O)C(C)C1=O,3.6989700043360187
NS(=O)(=O)c1ccc(NN=C2C(=O)N(c3ccccc3)N(c3ccccc3)C2=O)cc1,3.6989700043360187
NS(=O)(=O)c1ccc(NN=C2C(=O)N(c3ccccc3)N(c3ccccc3)C2=O)cc1,3.6989700043360187
NS(=O)(=O)c1ccc(NC=C2C(=O)N(c3ccccc3)N(c3ccccc3)C2=O)cc1,3.6989700043360187
NS(=O)(=O)c1ccc(NC=C2C(=O)N(c3ccccc3)N(c3ccccc3)C2=O)cc1,3.6989700043360187
NNS(=O)(=O)c1ccc(OCC(=O)O)cc1,5.086186147616283
NNS(=O)(=O)c1ccc(OCC(=O)O)cc1,5.055517327849832
CS(=O)(=O)Nc1ccc2oc(=O)c3ccccc3c2c1,3.6989700043360187
CS(=O)(=O)Nc1ccc2oc(=O)c3ccccc3c2c1,3.6989700043360187
CCOC(=O)N(CCCCCCNC(c1ccccc1)S(=O)(=O)O)c1ccccc1,3.6989700043360187
CCOC(=O)N(CCCCCCNC(c1ccccc1)S(=O)(=O)O)c1ccccc1,3.6989700043360187
Cc1cc(C)nc(NS(=O)(=O)c2ccc(CN3C(=O)c4ccccc4C3=O)cc2)n1,3.6989700043360187
Cc1cc(C)nc(NS(=O)(=O)c2ccc(CN3C(=O)c4ccccc4C3=O)cc2)n1,3.6989700043360187
CC1=NN(c2ccccc2)C(=O)C1/N=N/c1ccc(S(=O)(=O)Nc2nccc(C)n2)cc1,4.309803919971486
CC1=NN(c2ccccc2)C(=O)C1/N=N/c1ccc(S(=O)(=O)Nc2nccc(C)n2)cc1,4.627087997029894
C=C1CC(c2ccc(S(=O)(=O)N3CCOCC3)cc2)OC1=O,3.6989700043360187
C=C1CC(c2ccc(S(=O)(=O)N3CCOCC3)cc2)OC1=O,3.6989700043360187
COc1cc(Cn2nnnc2C(=O)/C=C(\O)c2c[nH]c3ccccc23)cc(OC)c1,4.0
COc1cc(Cn2nnnc2C(=O)/C=C(\O)c2c[nH]c3ccccc23)cc(OC)c1,4.0
CCOC(=S)SC1OC(COC(C)=O)C(OC(C)=O)C(OC(C)=O)C1OC(C)=O,3.6989700043360187
CCOC(=S)SC1OC(COC(C)=O)C(OC(C)=O)C(OC(C)=O)C1OC(C)=O,3.6989700043360187
CC1=NN(c2ccccc2)C(=O)C1/N=N/c1ccc(S(N)(=O)=O)cc1,3.6989700043360187
CC1=NN(c2ccccc2)C(=O)C1/N=N/c1ccc(S(N)(=O)=O)cc1,3.6989700043360187
COc1ccc(Cn2nnnc2C(=O)/C=C(\O)c2c[nH]c3ccc(Cl)cc23)cc1,4.0
COc1ccc(Cn2nnnc2C(=O)/C=C(\O)c2c[nH]c3ccc(Cl)cc23)cc1,4.468521082957745
CC1=NN(c2ccccc2)C(=O)C1/N=N/c1ccc(S(=O)(=O)Nc2ccccn2)cc1,3.6989700043360187
CC1=NN(c2ccccc2)C(=O)C1/N=N/c1ccc(S(=O)(=O)Nc2ccccn2)cc1,3.6989700043360187
O=C1NC(=S)SC1c1ccc(S(=O)(=O)Nc2ncccn2)cc1,4.543633966870957
O=C1NC(=S)SC1c1ccc(S(=O)(=O)Nc2ncccn2)cc1,4.853871964321762
CC(=O)Nc1cc2cc(NS(=O)(=O)c3cc(C(F)(F)F)cc(C(F)(F)F)c3)ccc2oc1=O,3.6989700043360187
CC(=O)Nc1cc2cc(NS(=O)(=O)c3cc(C(F)(F)F)cc(C(F)(F)F)c3)ccc2oc1=O,3.6989700043360187
CS(=O)(=O)c1nc2ccc(N3C(=O)c4ccccc4C3=O)cc2s1,3.6989700043360187
CS(=O)(=O)c1nc2ccc(N3C(=O)c4ccccc4C3=O)cc2s1,3.6989700043360187
O=C(O)C(=O)/C=C(\O)c1cccc(/C(O)=C/C(=O)C(=O)O)c1,5.107905397309519
O=C(O)C(=O)/C=C(\O)c1cccc(/C(O)=C/C(=O)C(=O)O)c1,5.73754891026957
O=C(CC(=O)c1c[nH]c2ccc(F)cc12)c1nnn[nH]1,4.102372908709558
O=C(CC(=O)c1c[nH]c2ccc(F)cc12)c1nnn[nH]1,5.7447274948966935
CC(=O)C1(/N=N/c2ccc(S(=O)(=O)Nc3nnc(C)s3)cc2)CCOC1=O,3.6126101736612704
CC(=O)C1(/N=N/c2ccc(S(=O)(=O)Nc3nnc(C)s3)cc2)CCOC1=O,3.749579997691106
CC(=O)Nc1ccc(S(=O)(=O)/N=N/NCC(=O)O)cc1,3.6989700043360187
CC(=O)Nc1ccc(S(=O)(=O)/N=N/NCC(=O)O)cc1,3.6989700043360187
O=C(O)c1ccccc1/C=N/NC1=CS(=O)(=O)C=C1,3.6989700043360187
O=C(O)c1ccccc1/C=N/NC1=CS(=O)(=O)C=C1,3.6989700043360187
O=C(O)C(=O)/C=C(\O)c1cccc(OCc2ccccc2)c1,4.187086643357144
O=C(O)C(=O)/C=C(\O)c1cccc(OCc2ccccc2)c1,4.0
O=C(O)C(=O)/C=C(\O)c1cccc(OCc2ccccc2)c1,6.455931955649724
CC1C(=N)/C(=N/Nc2ccc(S(=O)(=O)Nc3nccs3)cc2)C(=O)C(C)C1=O,3.6989700043360187
CC1C(=N)/C(=N/Nc2ccc(S(=O)(=O)Nc3nccs3)cc2)C(=O)C(C)C1=O,3.6989700043360187
Cc1csc(NS(=O)(=O)c2ccc(N/N=C3/C(=N)C(C)C(=O)C(C)C3=O)cc2)c1C,3.6989700043360187
Cc1csc(NS(=O)(=O)c2ccc(N/N=C3/C(=N)C(C)C(=O)C(C)C3=O)cc2)c1C,3.6989700043360187
O=C(O)C(=O)/C=C(\O)c1ccnc2ccccc12,4.0
O=C(O)C(=O)/C=C(\O)c1ccnc2ccccc12,4.0
CC1C(=N)/C(=N/Nc2ccc(S(=O)(=O)Nc3ccccn3)cc2)C(=O)C(C)C1=O,3.6989700043360187
CC1C(=N)/C(=N/Nc2ccc(S(=O)(=O)Nc3ccccn3)cc2)C(=O)C(C)C1=O,3.6989700043360187
CCOC(=O)C(/C=N/c1ccc(S(N)(=O)=O)cc1)C(=O)OCC,3.6989700043360187
CCOC(=O)C(/C=N/c1ccc(S(N)(=O)=O)cc1)C(=O)OCC,3.6989700043360187
O=C(CC(=O)c1c[nH]c2ccccc12)c1nnn[nH]1,4.0
O=C(CC(=O)c1c[nH]c2ccccc12)c1nnn[nH]1,5.721246399047171
O=C(CC(=O)c1c[nH]c2ccccc12)c1nnn[nH]1,5.698970004336019
O=C(O)C(=O)/C=C(\O)c1cccc(NC(=O)c2ccccc2)c1,4.0
O=C(O)C(=O)/C=C(\O)c1cccc(NC(=O)c2ccccc2)c1,4.455931955649724
CCOC(=O)C(=O)/C=C(\O)c1c[nH]c2ccc(Cl)cc12,4.0
CCOC(=O)C(=O)/C=C(\O)c1c[nH]c2ccc(Cl)cc12,5.161150909262744
NS(=O)(=O)c1ccc(/N=N/C2Sc3nc4ccccc4n3C2=O)cc1,3.6989700043360187
NS(=O)(=O)c1ccc(/N=N/C2Sc3nc4ccccc4n3C2=O)cc1,3.6989700043360187
O=C(CNC(=O)c1cnc2ccccc2n1)NCCCNC(=O)CNC(=O)c1cnc2ccccc2n1,3.6989700043360187
O=C(CNC(=O)c1cnc2ccccc2n1)NCCCNC(=O)CNC(=O)c1cnc2ccccc2n1,3.6989700043360187
Cc1ccccc1CN1C2=NCCN2C(=O)C2=C1CCN(S(=O)(=O)c1ccc(Cl)c(S(N)(=O)=O)c1)C2,3.6989700043360187
Cc1ccccc1CN1C2=NCCN2C(=O)C2=C1CCN(S(=O)(=O)c1ccc(Cl)c(S(N)(=O)=O)c1)C2,3.6989700043360187
O=C(O)C(=O)/C=C(\O)c1cccc(Br)c1,4.0
O=C(O)C(=O)/C=C(\O)c1cccc(Br)c1,5.698970004336019
O=C(O)C(=O)/C=C(\O)c1cccc(Br)c1,5.522878745280337
Cc1nnc(NS(=O)(=O)c2ccc(C3SC(=S)NC3=O)cc2)s1,4.619788758288394
Cc1nnc(NS(=O)(=O)c2ccc(C3SC(=S)NC3=O)cc2)s1,4.721246399047171
CC(=O)C1(/N=N/c2ccc(S(=O)(=O)Nc3nccc(C)n3)cc2)CCOC1=O,4.154901959985743
CC(=O)C1(/N=N/c2ccc(S(=O)(=O)Nc3nccc(C)n3)cc2)CCOC1=O,4.187086643357144
COc1ccc(Cn2nnnc2C(=O)/C=C(\O)c2c[nH]c3ccccc23)cc1,4.0
COc1ccc(Cn2nnnc2C(=O)/C=C(\O)c2c[nH]c3ccccc23)cc1,4.0
O=C(O)c1ccc2[nH]cc(C(=O)CC(=O)c3nnn[nH]3)c2c1,4.3979400086720375
O=C(O)c1ccc2[nH]cc(C(=O)CC(=O)c3nnn[nH]3)c2c1,4.3979400086720375
NS(=O)(=O)c1ccc(NC(=O)/C=C\C(=O)O)cc1,3.6989700043360187
NS(=O)(=O)c1ccc(NC(=O)/C=C\C(=O)O)cc1,3.6989700043360187
Cc1nnc(NS(=O)(=O)c2ccc(N/N=C3/C(=N)C(C)C(=O)C(C)C3=O)cc2)s1,3.6989700043360187
Cc1nnc(NS(=O)(=O)c2ccc(N/N=C3/C(=N)C(C)C(=O)C(C)C3=O)cc2)s1,3.6989700043360187
CC(=O)OCC1OC(n2ccc(-n3cncn3)nc2=O)CC1N=[N+]=[N-],3.6989700043360187
CC(=O)OCC1OC(n2ccc(-n3cncn3)nc2=O)CC1N=[N+]=[N-],3.6989700043360187
O=C(O)C(=O)/C=C(\O)c1ccccc1,4.0
O=C(O)C(=O)/C=C(\O)c1ccccc1,4.616184634019569
O=C(O)C(=O)/C=C(\O)c1ccccc1,4.6020599913279625
Cc1ccnc(NS(=O)(=O)c2ccc(N/N=C3/C(=N)C(C)C(=O)C(C)C3=O)cc2)n1,3.6989700043360187
Cc1ccnc(NS(=O)(=O)c2ccc(N/N=C3/C(=N)C(C)C(=O)C(C)C3=O)cc2)n1,3.6989700043360187
CC(=O)C1(/N=N/c2ccc(S(=O)(=O)Nc3ccccn3)cc2)CCOC1=O,3.6989700043360187
CC(=O)C1(/N=N/c2ccc(S(=O)(=O)Nc3ccccn3)cc2)CCOC1=O,3.6989700043360187
O=C(O)[C@H]1OC(n2cc([N+](=O)[O-])c(=O)[nH]c2=O)[C@H](O)[C@@H]1O,3.6989700043360187
O=C(O)[C@H]1OC(n2cc([N+](=O)[O-])c(=O)[nH]c2=O)[C@H](O)[C@@H]1O,3.6989700043360187
COc1ccc(Cn2nnnc2C(=O)/C=C(\O)c2cc(OCc3ccccc3)cc(OCc3ccccc3)c2)cc1,4.0
COc1ccc(Cn2nnnc2C(=O)/C=C(\O)c2cc(OCc3ccccc3)cc(OCc3ccccc3)c2)cc1,4.0
CC(=O)Nc1ccc(N)c2cc(S(=O)(=O)O)ccc12,5.468521082957745
CC(=O)Nc1ccc(N)c2cc(S(=O)(=O)O)ccc12,5.568636235841013
CC(=O)NCCSS(=O)(=O)CCCCCS(=O)(=O)SCCNC(C)=O,3.6989700043360187
CC(=O)NCCSS(=O)(=O)CCCCCS(=O)(=O)SCCNC(C)=O,3.6989700043360187
O=C1c2ccccc2C(=O)c2c(Nc3ccc(S(=O)(=O)N(CCO)CCO)cc3)ccc(O)c21,5.301029995663981
CCC(=O)CCC1=Nc2nnc(CCCCc3nnc4n3C(=O)C(CCC(=O)CC)=N4)n2C1=O,3.6989700043360187
CCC(=O)CCC1=Nc2nnc(CCCCc3nnc4n3C(=O)C(CCC(=O)CC)=N4)n2C1=O,3.6989700043360187
Cc1cc(C)nc(NS(=O)(=O)c2ccc(NC(=O)c3cccc4c(N)c5ccccc5nc34)cc2)n1,4.316052869248487
Cc1cc(C)nc(NS(=O)(=O)c2ccc(NC(=O)c3cccc4c(N)c5ccccc5nc34)cc2)n1,4.863279432843593
CCOC(=O)COc1ccc(S(=O)(=O)c2ccc(OCC(=O)OCC)cc2)cc1,3.6989700043360187
CCOC(=O)COc1ccc(S(=O)(=O)c2ccc(OCC(=O)OCC)cc2)cc1,3.6989700043360187
CC1=NN(c2ccccc2)C(=O)C1/N=N/c1ccc(S(=O)(=O)Nc2scc(C)c2C)cc1,3.906578314837765
CC1=NN(c2ccccc2)C(=O)C1/N=N/c1ccc(S(=O)(=O)Nc2scc(C)c2C)cc1,4.013228265733755
CC1=NN(c2ccccc2)C(=O)C1/N=N/c1ccc(S(=O)(=O)Nc2cc(C)nc(C)n2)cc1,3.6989700043360187
CC1=NN(c2ccccc2)C(=O)C1/N=N/c1ccc(S(=O)(=O)Nc2cc(C)nc(C)n2)cc1,3.6989700043360187
CC(=O)N(C(C)=O)c1nc2c(c(=O)n(C)c(=O)n2C)n1C,3.6989700043360187
CC(=O)N(C(C)=O)c1nc2c(c(=O)n(C)c(=O)n2C)n1C,3.6989700043360187
O=C(O)C(=O)/C=C(\O)c1c[nH]c2ccccc12,4.0
O=C(O)C(=O)/C=C(\O)c1c[nH]c2ccccc12,5.844663962534939
CC(=O)C1(/N=N/c2ccc(S(=O)(=O)Nc3onc(C)c3C)cc2)CCOC1=O,3.714442690992226
CC(=O)C1(/N=N/c2ccc(S(=O)(=O)Nc3onc(C)c3C)cc2)CCOC1=O,3.8449677712090296
Nc1nc(N)c(/N=N/c2ccc(S(=O)(=O)NC(=O)c3ccccc3)cc2)c(O)n1,3.9208187539523753
Nc1nc(N)c(/N=N/c2ccc(S(=O)(=O)NC(=O)c3ccccc3)cc2)c(O)n1,4.017728766960432
O=C(O)C(=O)/C=C(\O)c1c[nH]c2ccc(Cl)cc12,4.187086643357144
O=C(O)C(=O)/C=C(\O)c1c[nH]c2ccc(Cl)cc12,6.2839966563652006
CC(=O)Nc1cccc2cc(S(=O)(=O)O)ccc12,4.554395796726403
CC(=O)Nc1cccc2cc(S(=O)(=O)O)ccc12,4.844663962534939
CC1=NN(c2ccccc2)C(=O)C1/N=N/c1ccc(S(=O)(=O)Nc2nnc(C)s2)cc1,3.8728952016351923
CC1=NN(c2ccccc2)C(=O)C1/N=N/c1ccc(S(=O)(=O)Nc2nnc(C)s2)cc1,4.113509274827518
NC1=NNC(=O)C1/N=N/c1ccc(S(=O)(=O)Nc2nccs2)cc1,4.1487416512809245
NC1=NNC(=O)C1/N=N/c1ccc(S(=O)(=O)Nc2nccs2)cc1,4.214670164989233
CCC(=O)C(C)C(=O)C(=O)NCCNC(=O)C(=O)C(C)C(=O)CC,3.6989700043360187
CCC(=O)C(C)C(=O)C(=O)NCCNC(=O)C(=O)C(C)C(=O)CC,3.6989700043360187
O=C(O)C(=O)/C=C(\O)c1ccc(/C(O)=C/C(=O)C(=O)O)cc1,5.142667503568732
O=C(O)C(=O)/C=C(\O)c1ccc(/C(O)=C/C(=O)C(=O)O)cc1,5.1249387366083
O=C(O)C(=O)/C=C(\O)c1ccc(/C(O)=C/C(=O)C(=O)O)cc1,5.892790030352131
O=C(O)C(=O)/C=C(\O)c1cc(/C(O)=C/C(=O)C(=O)O)c2ccccc2n1,4.086186147616283
O=C(O)C(=O)/C=C(\O)c1cc(/C(O)=C/C(=O)C(=O)O)c2ccccc2n1,5.187086643357144
O=C(Nc1ccc(S(=O)(=O)Nc2ccc(/N=N/c3ccc(S(=O)(=O)Nc4nccs4)cc3)cc2)cc1)C(N1CC1)(N1CC1)N1CC1,3.6989700043360187
O=C(Nc1ccc(S(=O)(=O)Nc2ccc(/N=N/c3ccc(S(=O)(=O)Nc4nccs4)cc3)cc2)cc1)C(N1CC1)(N1CC1)N1CC1,3.6989700043360187
O=c1c(O)c(-c2ccc(O)c(O)c2)oc2cc(O)c(O)c(O)c12,6.096910013008056
O=c1c(O)c(-c2ccc(O)c(O)c2)oc2cc(O)c(O)c(O)c12,7.0
Cc1ccnc(NS(=O)(=O)c2ccc(NC(=O)Nc3ccc(Cl)c(C(F)(F)F)c3)cc2)n1,3.9136401693252516
Cc1ccnc(NS(=O)(=O)c2ccc(NC(=O)Nc3ccc(Cl)c(C(F)(F)F)c3)cc2)n1,4.096910013008056
COC(=O)c1noc2c1CSC1=C2CS(=O)(=O)c2ccccc21,3.6989700043360187
COC(=O)c1noc2c1CSC1=C2CS(=O)(=O)c2ccccc21,3.6989700043360187
Cc1cc(C)nc(NS(=O)(=O)c2ccc(NC(=O)c3cccn4c(=O)c5ccccc5nc34)cc2)n1,4.1220530483708115
Cc1cc(C)nc(NS(=O)(=O)c2ccc(NC(=O)c3cccn4c(=O)c5ccccc5nc34)cc2)n1,4.350665141287858
O=C(/C=C(\O)c1c[nH]c2ccc(Cl)cc12)c1nn[nH]n1,4.455931955649724
O=C(/C=C(\O)c1c[nH]c2ccc(Cl)cc12)c1nn[nH]n1,6.187086643357144
Cc1cc(NS(=O)(=O)c2ccc(N/N=C3/C(=N)C(C)C(=O)C(C)C3=O)cc2)nc(C)n1,3.6989700043360187
Cc1cc(NS(=O)(=O)c2ccc(N/N=C3/C(=N)C(C)C(=O)C(C)C3=O)cc2)nc(C)n1,3.6989700043360187
O=C(O)C(=O)/C=C(\O)c1cc(OCc2ccccc2)cc(OCc2ccccc2)c1,3.0
O=C(O)C(=O)/C=C(\O)c1cc(OCc2ccccc2)cc(OCc2ccccc2)c1,6.318758762624412
CCOC(=O)C(CCCCn1cnc2ncnc(Cl)c21)(NC(C)=O)C(=O)OCC,3.6989700043360187
CCOC(=O)C(CCCCn1cnc2ncnc(Cl)c21)(NC(C)=O)C(=O)OCC,3.6989700043360187
CCOC(=O)C(Cc1cn(S(=O)(=O)c2ccccc2)c2ccccc12)(NC(C)=O)C(=O)OCC,3.6989700043360187
CCOC(=O)C(Cc1cn(S(=O)(=O)c2ccccc2)c2ccccc12)(NC(C)=O)C(=O)OCC,3.6989700043360187
O=C(/C=C/c1ccc(O)c(O)c1)OCCc1ccccc1,4.376750709602099
O=C(/C=C/c1ccc(O)c(O)c1)OCCc1ccccc1,5.0
CC(=O)Nc1cc(S(=O)(=O)O)cc2cc(S(=O)(=O)O)cc(O)c12,6.327902142064283
CC(=O)Nc1cc(S(=O)(=O)O)cc2cc(S(=O)(=O)O)cc(O)c12,6.5376020021010435
O=C(Nc1ccc(S(=O)(=O)Nc2ccc(/N=N/c3ccccc3)cc2)cc1)C(Sc1[nH]cnc2ncnc1-2)Sc1[nH]cnc2ncnc1-2,3.853871964321762
O=C(Nc1ccc(S(=O)(=O)Nc2ccc(/N=N/c3ccccc3)cc2)cc1)C(Sc1[nH]cnc2ncnc1-2)Sc1[nH]cnc2ncnc1-2,3.9507819773298185
Oc1cccc2ccc(/C=C/c3ccc4cccc(O)c4n3)nc12,4.0
CC(=O)Oc1ccc(/C=C/c2ccc3cccc(OC(C)=O)c3n2)cc1OC(C)=O,4.0
CC(=O)Oc1ccc(/C=C/c2ccc3cccc(OC(C)=O)c3n2)cc1OC(C)=O,4.0
Cc1ccc2cc(C)c(-c3ccc(O)c(O)c3)c(C)c2c1,3.804100347590766
Cc1cc2cc(O)c(O)cc2c(C)c1-c1ccccc1C(F)(F)F,4.657577319177793
Cc1cc2cc(O)c(O)cc2c(C)c1-c1ccc(C(F)(F)F)cc1,4.6777807052660805
Oc1ccc(/C=C/c2ccc3ccccc3n2)cc1O,4.0
Cc1ccc(-c2c(C)cc3cc(O)c(O)cc3c2C)cc1,4.075720713938118
Cc1ccc2cccc(O)c2n1,4.0
Cc1ccc2cccc(O)c2n1,4.0
O=C(O)C(=O)CC(=O)c1cccc(Cc2ccccc2)c1,7.0
NCCCC[C@H](NC(=O)[C@H](CS)NC(=O)[C@@H](N)Cc1c[nH]cn1)C(=O)N[C@@H](Cc1ccccc1)C(=O)N[C@@H](Cc1c[nH]c2ccccc12)C(=O)N[C@@H](Cc1c[nH]c2ccccc12)C(N)=O,3.9913998282380825
NCCCC[C@H](NC(=O)[C@H](CS)NC(=O)[C@@H](N)Cc1c[nH]cn1)C(=O)N[C@@H](Cc1ccccc1)C(=O)N[C@@H](Cc1c[nH]c2ccccc12)C(=O)N[C@@H](Cc1c[nH]c2ccccc12)C(N)=O,4.045757490560675
Cc1cc2ccc(F)cc2c(C)c1-c1ccc(O)c(O)c1,3.3010299956639813
Nc1cccc2ccc(/C=C/c3ccc(O)c(O)c3)nc12,4.0
Nc1cccc2ccc(/C=C/c3ccc(O)c(O)c3)nc12,4.0
NCCCC[C@H](NC(=O)[C@H](CSCC[C@@H](NC(=O)[C@@H](N)Cc1c[nH]cn1)C(=O)N[C@@H](CCCCN)C(=O)N[C@@H](Cc1ccccc1)C(=O)N[C@@H](Cc1c[nH]c2ccccc12)C(=O)N[C@@H](Cc1c[nH]c2ccccc12)C(N)=O)NC(=O)[C@@H](N)Cc1c[nH]cn1)C(=O)N[C@@H](Cc1ccccc1)C(=O)N[C@@H](Cc1c[nH]c2ccccc12)C(=O)N[C@@H](Cc1c[nH]c2ccccc12)C(N)=O,4.113509274827518
NCCCC[C@H](NC(=O)[C@H](CSCC[C@@H](NC(=O)[C@@H](N)Cc1c[nH]cn1)C(=O)N[C@@H](CCCCN)C(=O)N[C@@H](Cc1ccccc1)C(=O)N[C@@H](Cc1c[nH]c2ccccc12)C(=O)N[C@@H](Cc1c[nH]c2ccccc12)C(N)=O)NC(=O)[C@@H](N)Cc1c[nH]cn1)C(=O)N[C@@H](Cc1ccccc1)C(=O)N[C@@H](Cc1c[nH]c2ccccc12)C(=O)N[C@@H](Cc1c[nH]c2ccccc12)C(N)=O,4.060480747381382
Cc1cc2cc(O)c(O)cc2c(C)c1-c1cccc(C(F)(F)F)c1,4.886056647693163
Oc1ccc(-c2ccc3cc(O)c(O)cc3c2)cc1O,5.6777807052660805
Cc1cc2cc(O)c(O)cc2c(C)c1-c1ccccc1,4.119186407719209
NCCCC[C@H](NC(=O)[C@H](CSSC[C@H](NC(=O)[C@@H](N)Cc1c[nH]cn1)C(=O)N[C@@H](CCCCN)C(=O)N[C@@H](Cc1ccccc1)C(=O)N[C@@H](Cc1c[nH]c2ccccc12)C(=O)N[C@@H](Cc1c[nH]c2ccccc12)C(N)=O)NC(=O)[C@@H](N)Cc1c[nH]cn1)C(=O)N[C@@H](Cc1ccccc1)C(=O)N[C@@H](Cc1c[nH]c2ccccc12)C(=O)N[C@@H](Cc1c[nH]c2ccccc12)C(N)=O,4.0915149811213505
NCCCC[C@H](NC(=O)[C@H](CSSC[C@H](NC(=O)[C@@H](N)Cc1c[nH]cn1)C(=O)N[C@@H](CCCCN)C(=O)N[C@@H](Cc1ccccc1)C(=O)N[C@@H](Cc1c[nH]c2ccccc12)C(=O)N[C@@H](Cc1c[nH]c2ccccc12)C(N)=O)NC(=O)[C@@H](N)Cc1c[nH]cn1)C(=O)N[C@@H](Cc1ccccc1)C(=O)N[C@@H](Cc1c[nH]c2ccccc12)C(=O)N[C@@H](Cc1c[nH]c2ccccc12)C(N)=O,4.236572006437063
NCCCC[C@H](NC(=O)[C@H](CSCSC[C@H](NC(=O)[C@@H](N)Cc1c[nH]cn1)C(=O)N[C@@H](CCCCN)C(=O)N[C@@H](Cc1ccccc1)C(=O)N[C@@H](Cc1c[nH]c2ccccc12)C(=O)N[C@@H](Cc1c[nH]c2ccccc12)C(N)=O)NC(=O)[C@@H](N)Cc1c[nH]cn1)C(=O)N[C@@H](Cc1ccccc1)C(=O)N[C@@H](Cc1c[nH]c2ccccc12)C(=O)N[C@@H](Cc1c[nH]c2ccccc12)C(N)=O,5.275724130399211
NCCCC[C@H](NC(=O)[C@H](CSCSC[C@H](NC(=O)[C@@H](N)Cc1c[nH]cn1)C(=O)N[C@@H](CCCCN)C(=O)N[C@@H](Cc1ccccc1)C(=O)N[C@@H](Cc1c[nH]c2ccccc12)C(=O)N[C@@H](Cc1c[nH]c2ccccc12)C(N)=O)NC(=O)[C@@H](N)Cc1c[nH]cn1)C(=O)N[C@@H](Cc1ccccc1)C(=O)N[C@@H](Cc1c[nH]c2ccccc12)C(=O)N[C@@H](Cc1c[nH]c2ccccc12)C(N)=O,5.187086643357144
O=C(O)c1ccc2ccc(/C=C/c3cc(O)c(O)c(O)c3)nc2c1O,6.522878745280337
O=C(O)c1ccc2ccc(/C=C/c3cc(O)c(O)c(O)c3)nc2c1O,6.3979400086720375
COc1ccc(/C=C/C(=O)Oc2cccc3ccc(C)nc23)cc1OC,4.0
COc1ccc(/C=C/C(=O)Oc2cccc3ccc(C)nc23)cc1OC,4.0
O=C([O-])c1ccc2ccc(/C=C/c3ccc(O)c(O)c3)nc2c1O.[Na+],6.096910013008056
O=[N+]([O-])c1cccc2ccc(/C=C/c3ccc(O)c(O)c3)nc12,4.0
O=[N+]([O-])c1cccc2ccc(/C=C/c3ccc(O)c(O)c3)nc12,4.0
Cc1cc2c(F)cccc2c(C)c1-c1ccc(O)c(O)c1,3.3010299956639813
O=C(O)C(=O)CC(=O)c1cccc(OCc2ccccc2)c1,6.455931955649724
NCCCC[C@H](NC(=O)[C@H](CSC[C@H](NC(=O)[C@@H](N)Cc1c[nH]cn1)C(=O)N[C@@H](CCCCN)C(=O)N[C@@H](Cc1ccccc1)C(=O)N[C@@H](Cc1c[nH]c2ccccc12)C(=O)N[C@@H](Cc1c[nH]c2ccccc12)C(N)=O)NC(=O)[C@@H](N)Cc1c[nH]cn1)C(=O)N[C@@H](Cc1ccccc1)C(=O)N[C@@H](Cc1c[nH]c2ccccc12)C(=O)N[C@@H](Cc1c[nH]c2ccccc12)C(N)=O,4.173925197299174
NCCCC[C@H](NC(=O)[C@H](CSC[C@H](NC(=O)[C@@H](N)Cc1c[nH]cn1)C(=O)N[C@@H](CCCCN)C(=O)N[C@@H](Cc1ccccc1)C(=O)N[C@@H](Cc1c[nH]c2ccccc12)C(=O)N[C@@H](Cc1c[nH]c2ccccc12)C(N)=O)NC(=O)[C@@H](N)Cc1c[nH]cn1)C(=O)N[C@@H](Cc1ccccc1)C(=O)N[C@@H](Cc1c[nH]c2ccccc12)C(=O)N[C@@H](Cc1c[nH]c2ccccc12)C(N)=O,4.721246399047171
Oc1ccc(/C=C/c2ccc3cccc(O)c3n2)cc1O,5.130768280269024
Oc1ccc(/C=C/c2ccc3cccc(O)c3n2)cc1O,5.619788758288394
O=C(O)C(=O)CC(=O)c1cccc(OCc2ccc(C(=O)c3ccccc3)cc2)c1,4.0
O=C(O)C(=O)CC(=O)c1cccc(OCc2ccc(C(=O)c3ccccc3)cc2)c1,4.721246399047171
O=C(O)C(=O)CC(=O)c1cccc(OCc2ccc(C(=O)c3ccccc3)cc2)c1,4.5376020021010435
Cc1cc2cc(O)c(O)cc2c(C)c1-c1ccccc1F,3.3010299956639813
Cc1ccc2ccc(C(=O)O)c(O)c2n1,4.0
Cc1ccc2ccc(C(=O)O)c(O)c2n1,3.9430951486635273
Oc1cc2c(cc1O)C1Cc3cc(O)c(O)cc3C(C2)O1,5.886056647693163
O=C([O-])c1ccc2ccc(/C=C/c3cc(O)c(O)c(O)c3)nc2c1O.[Na+],6.585026652029182
Cc1cc2cc(O)c(O)cc2c(C)c1-c1ccc(O)c(O)c1,4.638272163982407
Cc1cc2ccccc2c(C)c1-c1ccc(O)c(O)c1,3.3010299956639813
O=C(O)c1ccc2ccc(/C=C/c3ccc(O)cc3O)nc2c1O,5.431798275933005
O=C(O)c1ccc2ccc(/C=C/c3ccc(O)cc3O)nc2c1O,5.552841968657781
Cc1ccc2cccc(OC(=O)/C=C/c3ccc(O)c(O)c3)c2n1,4.0
Cc1ccc2cccc(OC(=O)/C=C/c3ccc(O)c(O)c3)c2n1,4.0
O=C(O)C(=O)CC(=O)c1cccc(C(=O)c2ccccc2)c1,4.0
O=C(O)C(=O)CC(=O)c1cccc(C(=O)c2ccccc2)c1,5.568636235841013
O=C(O)C(=O)CC(=O)c1cccc(C(=O)c2ccccc2)c1,5.6777807052660805
CC(=O)Oc1cccc2ccc(/C=C/c3ccccc3)nc12,4.0
CC(=O)Oc1cccc2ccc(/C=C/c3ccccc3)nc12,4.0
Oc1ccc(/C=C/c2ccc3ccc(/C=C/c4ccc(O)c(O)c4)c(O)c3n2)cc1O,5.657577319177793
Oc1ccc(/C=C/c2ccc3ccc(/C=C/c4ccc(O)c(O)c4)c(O)c3n2)cc1O,5.468521082957745
N#Cc1ccc2ccc(/C=C/c3ccc(O)c(O)c3)nc2c1O,5.522878745280337
O=C(O)C(=O)CC(=O)c1ccccc1,4.6020599913279625
O=C(O)c1cc(/C=C/c2ccc3ccc(C(=O)O)c(O)c3n2)ccc1O,5.568636235841013
O=C(O)c1cc(/C=C/c2ccc3ccc(C(=O)O)c(O)c3n2)ccc1O,6.221848749616356
O=C(O)c1ccc2ccc(/C=C/c3ccc(O)c(O)c3)nc2c1O,5.619788758288394
O=C(O)c1ccc2ccc(/C=C/c3ccc(O)c(O)c3)nc2c1O,6.0
[N-]=[N+]=Nc1cccc(C(=O)CC(=O)C(=O)O)c1,4.0
[N-]=[N+]=Nc1cccc(C(=O)CC(=O)C(=O)O)c1,5.275724130399211
[N-]=[N+]=Nc1cccc(C(=O)CC(=O)C(=O)O)c1,5.2839966563652006
NCCCC[C@H](NC(=O)[C@@H](CCSCC[C@@H](NC(=O)[C@@H](N)Cc1c[nH]cn1)C(=O)N[C@@H](CCCCN)C(=O)N[C@@H](Cc1ccccc1)C(=O)N[C@@H](Cc1c[nH]c2ccccc12)C(=O)N[C@@H](Cc1c[nH]c2ccccc12)C(N)=O)NC(=O)[C@@H](N)Cc1c[nH]cn1)C(=O)N[C@@H](Cc1ccccc1)C(=O)N[C@@H](Cc1c[nH]c2ccccc12)C(=O)N[C@@H](Cc1c[nH]c2ccccc12)C(N)=O,4.229147988357856
NCCCC[C@H](NC(=O)[C@@H](CCSCC[C@@H](NC(=O)[C@@H](N)Cc1c[nH]cn1)C(=O)N[C@@H](CCCCN)C(=O)N[C@@H](Cc1ccccc1)C(=O)N[C@@H](Cc1c[nH]c2ccccc12)C(=O)N[C@@H](Cc1c[nH]c2ccccc12)C(N)=O)NC(=O)[C@@H](N)Cc1c[nH]cn1)C(=O)N[C@@H](Cc1ccccc1)C(=O)N[C@@H](Cc1c[nH]c2ccccc12)C(=O)N[C@@H](Cc1c[nH]c2ccccc12)C(N)=O,4.200659450546418
Cc1cc2cc(O)c(O)cc2c(C)c1-c1ccc(F)cc1,3.8601209135987635
Oc1cccc2ccc(/C=C/c3ccccc3)nc12,4.0
Oc1cccc2ccc(/C=C/c3ccccc3)nc12,4.0
O=C(CCc1cc(O)cc(O)c1)NCCCNC(=O)CCc1cc(O)cc(O)c1,3.6989700043360187
O=C(CCc1cc(O)cc(O)c1)NCCCNC(=O)CCc1cc(O)cc(O)c1,3.6989700043360187
O=C(CCc1cccc(O)c1)NCCCNC(=O)CCc1cccc(O)c1,3.6989700043360187
O=C(CCc1cccc(O)c1)NCCCNC(=O)CCc1cccc(O)c1,3.6989700043360187
O=C(CCc1cccc(O)c1)NCCc1cccc(O)c1,3.4559319556497243
COc1cc2ccc(C(=O)NCCCNC(=O)c3ccc4cc(OC)c(OC)cc4c3)cc2cc1OC,3.6989700043360187
COc1cc2ccc(C(=O)NCCCNC(=O)c3ccc4cc(OC)c(OC)cc4c3)cc2cc1OC,3.6989700043360187
O=C(CCc1cc(O)cc(O)c1)NCCc1ccc(O)c(O)c1,3.4559319556497243
COc1ccc2cc(C(=O)NCCCNC(=O)c3ccc4c(OC)c(OC)ccc4c3)ccc2c1OC,3.6989700043360187
COc1ccc2cc(C(=O)NCCCNC(=O)c3ccc4c(OC)c(OC)ccc4c3)ccc2c1OC,3.6989700043360187
O=C(NCCCNC(=O)c1ccc2cc(O)c(O)cc2c1)c1ccc2cc(O)c(O)cc2c1,6.008773924307505
O=C(NCCCNC(=O)c1ccc2cc(O)c(O)cc2c1)c1ccc2cc(O)c(O)cc2c1,6.0915149811213505
O=C(CCc1cc(O)cc(O)c1)NCCc1cc(O)cc(O)c1,3.4559319556497243
O=C(O)c1ccc2cc(O)ccc2c1,3.7637147225519714
O=C(O)c1ccc2cc(O)ccc2c1,3.7637147225519714
COc1ccc2cc(C(=O)NCCCNC(=O)c3ccc4cc(OC)ccc4c3)ccc2c1,3.6989700043360187
COc1ccc2cc(C(=O)NCCCNC(=O)c3ccc4cc(OC)ccc4c3)ccc2c1,3.6989700043360187
O=C(CCc1ccc(O)cc1)NCCc1ccc(O)cc1,3.4559319556497243
O=C(CCc1ccc(O)c(O)c1)NCCc1cc(O)cc(O)c1,3.4559319556497243
O=C(NCCCNC(=O)c1ccc2c(O)c(O)ccc2c1)c1ccc2c(O)c(O)ccc2c1,6.638272163982407
O=C(NCCCNC(=O)c1ccc2c(O)c(O)ccc2c1)c1ccc2c(O)c(O)ccc2c1,6.958607314841775
O=C(CCc1ccc(O)cc1)NCCCNC(=O)CCc1ccc(O)cc1,3.6989700043360187
O=C(CCc1ccc(O)cc1)NCCCNC(=O)CCc1ccc(O)cc1,3.6989700043360187
COC(=O)c1ccc2cc(O)c(O)cc2c1,3.6989700043360187
COC(=O)c1ccc2cc(O)c(O)cc2c1,3.6989700043360187
O=C(CCc1cccc(O)c1)NCCc1ccc(O)cc1,3.4559319556497243
O=C(CCc1ccc(O)cc1)NCCc1cccc(O)c1,3.4559319556497243
O=C(NCCCNC(=O)c1ccc2cc(O)ccc2c1)c1ccc2cc(O)ccc2c1,3.6989700043360187
O=C(NCCCNC(=O)c1ccc2cc(O)ccc2c1)c1ccc2cc(O)ccc2c1,3.6989700043360187
O=C(O)c1ccc2cc(O)c(O)cc2c1,5.267606240177032
O=C(O)c1ccc2cc(O)c(O)cc2c1,5.327902142064283
COC(=O)c1ccc2c(O)c(O)ccc2c1,4.2335871528876
COC(=O)c1ccc2c(O)c(O)ccc2c1,4.278189384787454
O=C(CCc1ccc(O)c(O)c1)NCCc1ccc(O)c(O)c1,4.481486060122113
O=C(O)c1ccc2c(O)c(O)ccc2c1,4.273272790973428
O=C(O)c1ccc2c(O)c(O)ccc2c1,4.204815410317576
COC(=O)c1ccc2cc(O)ccc2c1,3.6989700043360187
COC(=O)c1ccc2cc(O)ccc2c1,3.6989700043360187
O=C(/C=C/c1cccn1Cc1ccccc1)CC(=O)C(=O)O,5.102372908709558
O=C(/C=C/c1cccn1Cc1ccccc1)CC(=O)C(=O)O,5.154901959985743
CCOC(=O)C(=O)CC(=O)/C=C/c1cccn1Cc1ccc(C)cc1,4.136677139879544
CCOC(=O)C(=O)CC(=O)/C=C/c1cccn1Cc1ccc(C)cc1,4.055517327849831
Cc1ccc(Cn2cccc2/C=C/C(=O)CC(=O)C(=O)O)cc1,4.251811972993799
Cc1ccc(Cn2cccc2/C=C/C(=O)CC(=O)C(=O)O)cc1,4.173925197299174
O=C(/C=C/c1cccn1Cc1ccc([N+](=O)[O-])cc1)CC(=O)C(=O)O,4.119186407719209
O=C(/C=C/c1cccn1Cc1ccc([N+](=O)[O-])cc1)CC(=O)C(=O)O,4.036212172654444
CCOC(=O)C(=O)CC(=O)/C=C/c1cccn1Cc1ccccc1,5.050609993355087
CCOC(=O)C(=O)CC(=O)/C=C/c1cccn1Cc1ccccc1,5.1249387366083
CCOC(=O)C(=O)CC(=O)/C=C/c1cccn1Cc1ccc(Cl)cc1,4.301029995663981
CCOC(=O)C(=O)CC(=O)/C=C/c1cccn1Cc1ccc(Cl)cc1,4.187086643357144
O=C(/C=C/c1cccn1Cc1ccc(F)cc1)CC(=O)C(=O)O,4.214670164989233
O=C(/C=C/c1cccn1Cc1ccc(F)cc1)CC(=O)C(=O)O,4.142667503568732
CCOC(=O)C(=O)CC(=O)/C=C/c1cccn1Cc1ccc([N+](=O)[O-])cc1,4.2441251443275085
CCOC(=O)C(=O)CC(=O)/C=C/c1cccn1Cc1ccc([N+](=O)[O-])cc1,4.346787486224656
O=C(O)C(=O)CC(=O)c1cccn1Cc1ccc(F)cc1,5.698970004336019
O=C(O)C(=O)CC(=O)c1cccn1Cc1ccc(F)cc1,6.522878745280337
CCOC(=O)C(=O)CC(=O)/C=C/c1cccn1Cc1ccc(OC)cc1,4.42021640338319
CCOC(=O)C(=O)CC(=O)/C=C/c1cccn1Cc1ccc(OC)cc1,4.301029995663981
O=C(/C=C/c1cccn1Cc1ccc(Cl)cc1)CC(=O)C(=O)O,4.301029995663981
O=C(/C=C/c1cccn1Cc1ccc(Cl)cc1)CC(=O)C(=O)O,4.187086643357144
COc1ccc(Cn2cccc2/C=C/C(=O)CC(=O)C(=O)O)cc1,4.657577319177793
COc1ccc(Cn2cccc2/C=C/C(=O)CC(=O)C(=O)O)cc1,4.3872161432802645
CCOC(=O)C(=O)CC(=O)/C=C/c1cccn1Cc1ccc(F)cc1,4.060480747381382
CCOC(=O)C(=O)CC(=O)/C=C/c1cccn1Cc1ccc(F)cc1,4.022276394711152
O=C(/C=C/c1ccc(O)c(O)c1)O[C@@H](C(=O)O)[C@@H](OC(=O)/C=C/c1ccc(O)c(O)c1)C(=O)O,4.603800652904264
CO[C@@H]1O[C@H](COC(=O)/C=C/c2ccc(O)c(O)c2)[C@@H](OC(=O)/C=C/c2ccc(O)c(O)c2)[C@H](OC(=O)/C=C/c2ccc(O)c(O)c2)[C@H]1OC(=O)/C=C/c1ccc(O)c(O)c1,4.047691990337875
CO[C@H]1O[C@H](COC(=O)/C=C/c2ccc(O)c(O)c2)[C@@H](O)[C@H](O)[C@H]1OC(=O)/C=C/c1ccc(O)c(O)c1,4.154901959985743
CO[C@@H]1O[C@H](COC(=O)/C=C/c2ccc(O)c(O)c2)[C@@H](O)[C@H](OC(=O)/C=C/c2ccc(O)c(O)c2)[C@H]1O,4.454692883534176
COC1O[C@H](CO)[C@@H](O)[C@H](OC(=O)c2cc(O)c(O)c(O)c2)[C@H]1OC(=O)c1cc(O)c(O)c(O)c1,5.267606240177032
CO[C@H]1O[C@H](COC(=O)/C=C/c2ccc(O)c(O)c2)[C@@H](OC(=O)/C=C/c2ccc(O)c(O)c2)[C@H](OC(=O)/C=C/c2ccc(O)c(O)c2)[C@H]1OC(=O)/C=C/c1ccc(O)c(O)c1,3.925549281045409
CO[C@@H]1O[C@H](CO)[C@@H](O)[C@H](OC(=O)/C=C/c2ccc(O)c(O)c2)[C@H]1OC(=O)/C=C/c1ccc(O)c(O)c1,4.497572880015567
CO[C@@H]1O[C@H](COC(=O)/C=C/c2ccc(O)c(O)c2)[C@@H](O)[C@H](O)[C@H]1OC(=O)/C=C/c1ccc(O)c(O)c1,4.515700160653214
COc1cc(/C=C/C(=O)CC(=O)/C=C/c2ccc(O)c(OC)c2)ccc1O,4.2403321553103694
CO[C@H]1O[C@H](COC(=O)/C=C/c2ccc(O)c(O)c2)[C@@H](O)[C@H](OC(=O)/C=C/c2ccc(O)c(O)c2)[C@H]1O,4.084072788302884
CO[C@H]1O[C@H](CO)[C@@H](O)[C@H](OC(=O)/C=C/c2ccc(O)c(O)c2)[C@H]1OC(=O)/C=C/c1ccc(O)c(O)c1,4.536107011014093
C[C@@H]1O[C@@H](O[C@@H]2[C@@H](O)[C@H](OCCc3ccc(O)c(O)c3)O[C@H](CO)[C@H]2OC(=O)/C=C/c2ccc(O)c(O)c2)[C@H](O)[C@H](O)[C@H]1O,5.107905397309519
CC(C)C[C@H](NC(=O)[C@H](CCCCN)NC(=O)[C@H](CC(C)C)NC(=O)[C@H](CC(C)C)NC(=O)[C@H](Cc1ccccc1)NC(=O)[C@H](Cc1ccc(O)cc1)NC(=O)[C@H](C)NC(=O)[C@@H](NC(=O)[C@H](CCC(=O)O)NC(=O)[C@@H](N)CCC(N)=O)[C@@H](C)O)C(=O)N[C@@H](C)C(=O)NCC(=O)N[C@@H](CCCN=C(N)N)C(=O)N[C@@H](Cc1c[nH]c2ccccc12)C(=O)N1CCC[C@H]1C(N)=O,4.455931955649724
CC(=O)C1(/N=N/c2ccc(S(=O)(=O)Nc3nccc(C)n3)cc2)CCOC1=O,4.149999990420336
CC(=O)C1(/N=N/c2ccc(S(=O)(=O)Nc3nccc(C)n3)cc2)CCOC1=O,4.190000019529944
Cc1cc(S(=O)(=O)Nc2n[nH]c(-c3ccc(Cl)cn3)n2)c(S)cc1Cl,5.049999969853415
Cc1cc(S(=O)(=O)Nc2n[nH]c(-c3ccc(Cl)cn3)n2)c(S)cc1Cl,4.989999996723885
Cc1cc(S(=O)(=O)Nc2nnc3c(Cl)cc(C(F)(F)F)cn23)c(S)cc1Cl,4.750000100140428
Cc1cc(S(=O)(=O)Nc2nnc3c(Cl)cc(C(F)(F)F)cn23)c(S)cc1Cl,4.68000002720016
Cc1cc(S(=O)(=O)Nc2nnc3c(C(F)(F)F)cc(Cl)cn23)c(S)cc1Cl,4.970000123715015
Cc1cc(S(=O)(=O)Nc2nnc3c(C(F)(F)F)cc(Cl)cn23)c(S)cc1Cl,4.619999985338959
Cc1cc(S(=O)(=O)Nc2nnc3cc(C(F)(F)F)cc(C)n23)c(S)cc1Cl,4.730000031873875
Cc1cc(S(=O)(=O)Nc2nnc3cc(C(F)(F)F)cc(C)n23)c(S)cc1Cl,4.96000007768865
Cc1cc(S(=O)(=O)Nc2nc(N)nc3nc4ccccc4n23)c(S)cc1Cl,5.010000098195094
Cc1cc(S(=O)(=O)Nc2nc(N)nc3nc4ccccc4n23)c(S)cc1Cl,5.110000065251387
Nc1nc(N)c(/N=N/c2ccc(S(=O)(=O)NC(=O)c3ccccc3)cc2)c(O)n1,3.9200000125048624
Nc1nc(N)c(/N=N/c2ccc(S(=O)(=O)NC(=O)c3ccccc3)cc2)c(O)n1,4.019999993643078
O=C(Nc1ccc(Cl)cc1)c1cc(S(=O)(=O)Nc2nncn2-c2ccc(F)cc2)c(S)cc1Cl,4.430000034012231
O=C(Nc1ccc(Cl)cc1)c1cc(S(=O)(=O)Nc2nncn2-c2ccc(F)cc2)c(S)cc1Cl,4.430000034012231
CC[C@H](C)[C@H](NC(=O)[C@H](Cc1ccccc1)NC(=O)[C@@H](NC(=O)[C@H](C)NC(=O)[C@H](CCSC)NC(=O)[C@H](CCC(N)=O)NC(=O)[C@@H](NC(=O)[C@H](C)NC(=O)[C@@H](NC(=O)[C@H](CCCCN)NC(=O)[C@H](CC(C)C)NC(=O)[C@@H](N)Cc1c[nH]cn1)[C@@H](C)O)C(C)C)C(C)C)C(=O)N[C@@H](Cc1c[nH]cn1)C(=O)N[C@@H](CC(N)=O)C(=O)N[C@@H](Cc1ccccc1)C(=O)N[C@@H](CCCCN)C(=O)N[C@@H](CCCN=C(N)N)C(N)=O,5.522878745280337
Cc1ccc(NC(=O)c2cc(S(=O)(=O)Nc3nncn3Cc3ccccc3)c(S)cc2Cl)cc1,5.049999969853415
Cc1ccc(NC(=O)c2cc(S(=O)(=O)Nc3nncn3Cc3ccccc3)c(S)cc2Cl)cc1,5.100000128334196
Cc1cc(S(=O)(=O)Nc2nc3ccccc3nc2-c2cccc([N+](=O)[O-])c2)c(S)cc1Cl,4.820000071285178
Cc1cc(S(=O)(=O)Nc2nc3ccccc3nc2-c2cccc([N+](=O)[O-])c2)c(S)cc1Cl,5.100000128334196
Cc1ccc(-n2cnnc2NS(=O)(=O)c2cc(C(=O)Nc3ccccc3)c(Cl)cc2S)cc1,5.219999701663429
Cc1ccc(-n2cnnc2NS(=O)(=O)c2cc(C(=O)Nc3ccccc3)c(Cl)cc2S)cc1,5.0
CC[C@H](C)[C@H](NC(=O)[C@H](CC(=O)O)NC(=O)[C@@H](NC(=O)[C@H](C)NC(=O)[C@@H](NC(=O)[C@@H](NC(=O)[C@H](CC(=O)O)NC(=O)[C@@H](NC(=O)[C@@H](NC(=O)[C@H](CCCN=C(N)N)NC(=O)[C@H](CCC(=O)O)NC(=O)CNC(=O)[C@H](C)N)[C@@H](C)CC)C(C)C)[C@@H](C)CC)[C@@H](C)CC)[C@@H](C)O)C(=O)N[C@@H](CCC(N)=O)C(N)=O,5.698970004336019
CC(=O)C1(/N=N/c2ccc(S(=O)(=O)Nc3onc(C)c3C)cc2)CCOC1=O,3.709999999946109
CC(=O)C1(/N=N/c2ccc(S(=O)(=O)Nc3onc(C)c3C)cc2)CCOC1=O,3.839999991210369
Cc1cc2c(cc1Cl)SC(C1C(=O)NC(=S)NC1=O)NS2(=O)=O,4.219999989963101
Cc1cc2c(cc1Cl)SC(C1C(=O)NC(=S)NC1=O)NS2(=O)=O,4.300000029139088
Cc1cc2nc3nc(N)nc(NS(=O)(=O)c4cc(C)c(Cl)cc4S)n3c2cc1C,5.259999900311453
Cc1cc2nc3nc(N)nc(NS(=O)(=O)c4cc(C)c(Cl)cc4S)n3c2cc1C,5.369999510099088
Cc1ccc(-n2cnnc2NS(=O)(=O)c2cc(C(=O)Nc3ccc(Cl)cc3)c(Cl)cc2S)cc1,5.40000018605658
Cc1ccc(-n2cnnc2NS(=O)(=O)c2cc(C(=O)Nc3ccc(Cl)cc3)c(Cl)cc2S)cc1,5.40000018605658
Cc1cc(S(=O)(=O)Nc2nc(Nc3ccccc3)nn2C)c(S)cc1Cl,4.559999953221535
Cc1cc(S(=O)(=O)Nc2nc(Nc3ccccc3)nn2C)c(S)cc1Cl,4.800000052738446
Cc1cc(S(=O)(=O)Nc2nc3ccccc3[nH]2)c(S)cc1Cl,4.41000005022751
Cc1cc(S(=O)(=O)Nc2nc3ccccc3[nH]2)c(S)cc1Cl,4.360000032076103
Cc1cc(C(F)(F)F)cc(-n2nc(NS(=O)(=O)c3cc(C)c(Cl)cc3S)nc2N)n1,5.030000139977383
Cc1cc(C(F)(F)F)cc(-n2nc(NS(=O)(=O)c3cc(C)c(Cl)cc3S)nc2N)n1,5.200000237109354
NNS(=O)(=O)c1ccc(OCC(=O)O)cc1,5.089999741487069
NNS(=O)(=O)c1ccc(OCC(=O)O)cc1,5.059999795537068
CC(C)[C@H](NC(=O)[C@@H](NC(=O)[C@@H](NC(=O)[C@@H](N)CO)[C@@H](C)O)[C@@H](C)O)C(=O)N[C@@H](CCCCN)C(=O)N[C@@H](C)C(=O)N[C@@H](C)C(=O)N[C@@H](CO)C(=O)N[C@@H](Cc1c[nH]c2ccccc12)C(=O)N[C@@H](Cc1c[nH]c2ccccc12)C(=O)N[C@@H](C)C(N)=O,3.0
Cc1cc(S(=O)(=O)Nc2nnc3cnc4ccccc4n23)c(S)cc1Cl,4.499999953328896
Cc1cc(S(=O)(=O)Nc2nnc3cnc4ccccc4n23)c(S)cc1Cl,5.079999880484295
CC1=NN(c2ccccc2)C(=O)C1/N=N/c1ccc(S(=O)(=O)Nc2nccc(C)n2)cc1,4.3100000171743025
CC1=NN(c2ccccc2)C(=O)C1/N=N/c1ccc(S(=O)(=O)Nc2nccc(C)n2)cc1,4.629999965785961
COc1ccc(Nc2n[nH]c(NS(=O)(=O)c3cc(C)c(Cl)cc3S)n2)cc1,4.809999893141522
COc1ccc(Nc2n[nH]c(NS(=O)(=O)c3cc(C)c(Cl)cc3S)n2)cc1,4.849999859991125
Cc1cc(S(=O)(=O)Nc2nnc3c4c(C)csc4ncn23)c(S)cc1Cl,5.44000006551306
Cc1cc(S(=O)(=O)Nc2nnc3c4c(C)csc4ncn23)c(S)cc1Cl,5.4599998126889995
Cc1cc2c(cc1Cl)SC(C(C#N)C#N)NS2(=O)=O,3.150000002689481
Cc1cc2c(cc1Cl)SC(C(C#N)C#N)NS2(=O)=O,3.2199999971705955
Cc1cc(S(=O)(=O)Nc2nnc3ccc4ccccc4n23)c(S)cc1Cl,4.889999848866887
Cc1cc(S(=O)(=O)Nc2nnc3ccc4ccccc4n23)c(S)cc1Cl,5.130000141365475
O=C(Nc1ccccc1)c1cc(S(=O)(=O)Nc2nncn2-c2ccc(Cl)cc2)c(S)cc1Cl,5.219999701663429
O=C(Nc1ccccc1)c1cc(S(=O)(=O)Nc2nncn2-c2ccc(Cl)cc2)c(S)cc1Cl,4.920000156997057
CC(C)C[C@H](NC(=O)[C@H](CCCCN)NC(=O)[C@H](CC(C)C)NC(=O)[C@H](CC(C)C)NC(=O)[C@H](Cc1ccccc1)NC(=O)[C@H](Cc1ccc(O)cc1)NC(=O)[C@H](C)NC(=O)[C@@H](NC(=O)[C@H](CCC(=O)O)NC(=O)[C@@H](N)CCC(N)=O)[C@@H](C)O)C(=O)N[C@@H](C)C(=O)NCC(=O)N[C@@H](CCCN=C(N)N)C(N)=O,3.8239087409443187
O=S(=O)(Nc1nnc2c3ccccc3ccn12)c1ccc(F)cc1S,4.28999998644378
O=S(=O)(Nc1nnc2c3ccccc3ccn12)c1ccc(F)cc1S,4.319999993033794
Cc1cc(S(=O)(=O)Nc2nnc3ccccn23)c(S)cc1Cl,3.909999989696543
Cc1cc(S(=O)(=O)Nc2nnc3ccccn23)c(S)cc1Cl,3.9599999984723877
Cc1cc(S(=O)(=O)Nc2nc(N)nc(N(C)C)n2)c(S)cc1Cl,4.110000009303415
Cc1cc(S(=O)(=O)Nc2nc(N)nc(N(C)C)n2)c(S)cc1Cl,4.379999982779397
O=C(O)c1cc2ccccc2c(/N=N/c2ccc(S(=O)(=O)Nc3nccs3)cc2)c1O,4.6700000181810175
O=C(O)c1cc2ccccc2c(/N=N/c2ccc(S(=O)(=O)Nc3nccs3)cc2)c1O,4.3700000191416315
CC(=O)C(/N=N/c1ccc(S(=O)(=O)Nc2ccccn2)cc1)C(=O)Nc1ccccc1C,4.180000031556896
CC(=O)C(/N=N/c1ccc(S(=O)(=O)Nc2ccccn2)cc1)C(=O)Nc1ccccc1C,4.1399999760652255
O=C(Nc1ccccc1)c1cc(S(=O)(=O)Nc2nncn2-c2ccc(F)cc2)c(S)cc1Cl,4.339999990132752
O=C(Nc1ccccc1)c1cc(S(=O)(=O)Nc2nncn2-c2ccc(F)cc2)c(S)cc1Cl,4.300000029139088
Cc1ccc(Nc2nc(NS(=O)(=O)c3cc(C)c(Cl)cc3S)n(C)n2)cc1,4.629999965785961
Cc1ccc(Nc2nc(NS(=O)(=O)c3cc(C)c(Cl)cc3S)n(C)n2)cc1,4.719999935717911
Cc1cc(S(=O)(=O)/N=C(\NN)Nc2ccc(Cl)cc2)c(S)cc1Cl,5.450000476425332
Cc1cc(S(=O)(=O)/N=C(\NN)Nc2ccc(Cl)cc2)c(S)cc1Cl,5.450000476425332
O=C(CC(Sc1[nH]cnc2ncnc1-2)Sc1[nH]cnc2ncnc1-2)Nc1ccc(S(=O)(=O)Nc2ccc(/N=N/c3ccccc3)cc2)cc1,3.8500000137195762
O=C(CC(Sc1[nH]cnc2ncnc1-2)Sc1[nH]cnc2ncnc1-2)Nc1ccc(S(=O)(=O)Nc2ccc(/N=N/c3ccccc3)cc2)cc1,3.949999982311873
CC1=NN(c2ccccc2)C(=O)C1/N=N/c1ccc(S(=O)(=O)Nc2nnc(C)s2)cc1,3.869999994395436
CC1=NN(c2ccccc2)C(=O)C1/N=N/c1ccc(S(=O)(=O)Nc2nnc(C)s2)cc1,4.110000009303415
Cc1cc(S(=O)(=O)NC2=NCCCN2)c(S)cc1Cl,3.8299999965259595
Cc1cc(S(=O)(=O)NC2=NCCCN2)c(S)cc1Cl,3.839999991210369
COC(=O)CSc1cc(Cl)c(C)cc1S(=O)(=O)Nc1n[nH]c(N)n1,3.700000003258169
CC(=O)C1(/N=N/c2ccc(S(=O)(=O)Nc3nnc(C)s3)cc2)CCOC1=O,3.6100000027750427
CC(=O)C1(/N=N/c2ccc(S(=O)(=O)Nc3nnc(C)s3)cc2)CCOC1=O,3.7500000024517233
O=S(=O)(Nc1nnc2c3ccccc3cnn12)c1ccc(Cl)cc1S,4.539999925177879
O=S(=O)(Nc1nnc2c3ccccc3cnn12)c1ccc(Cl)cc1S,4.41000005022751
CCCn1cnnc1NS(=O)(=O)c1cc(C(=O)Nc2ccc(C)cc2)c(Cl)cc1SCC(=O)O,4.360000032076103
CCCn1cnnc1NS(=O)(=O)c1cc(C(=O)Nc2ccc(C)cc2)c(Cl)cc1SCC(=O)O,4.360000032076103
CC[C@H](C)[C@H](NC(=O)[C@@H](NC(=O)[C@H](CCC(=O)O)NC(=O)[C@H](C)NC(=O)[C@H](CCC(=O)O)NC(=O)[C@@H](NC(=O)[C@H](Cc1ccc(O)cc1)NC(=O)CN)[C@@H](C)CC)C(C)C)C(N)=O,3.0
Cc1cc(S(=O)(=O)Nc2n[nH]c(Nc3ccccc3)n2)c(S)cc1Cl,4.790000026071145
Cc1cc(S(=O)(=O)Nc2n[nH]c(Nc3ccccc3)n2)c(S)cc1Cl,4.900000142057633
Cc1ccc(Nc2n[nH]c(NS(=O)(=O)c3cc(C)c(Cl)cc3S)n2)cc1,4.65000002688118
Cc1ccc(Nc2n[nH]c(NS(=O)(=O)c3cc(C)c(Cl)cc3S)n2)cc1,4.619999985338959
CCCCn1cnnc1NS(=O)(=O)c1cc(C(=O)Nc2ccc(Cl)cc2)c(Cl)cc1S,4.4399999458984265
CCCCn1cnnc1NS(=O)(=O)c1cc(C(=O)Nc2ccc(Cl)cc2)c(Cl)cc1S,4.360000032076103
CCCCn1cnnc1NS(=O)(=O)c1cc(C(N)=O)c(Cl)cc1SCC(=O)O,3.380000003615395
CCCCn1cnnc1NS(=O)(=O)c1cc(C(N)=O)c(Cl)cc1SCC(=O)O,3.380000003615395
O=S(=O)(Nc1nccs1)c1ccc(/N=N/c2cnc(O)c(O)c2)cc1,4.639999934172963
O=S(=O)(Nc1nccs1)c1ccc(/N=N/c2cnc(O)c(O)c2)cc1,4.68000002720016
CCCCn1cnnc1NS(=O)(=O)c1cc(C(=O)Nc2ccc(C)cc2)c(Cl)cc1S,4.219999989963101
CCCCn1cnnc1NS(=O)(=O)c1cc(C(=O)Nc2ccc(C)cc2)c(Cl)cc1S,4.469999943783888
CC(=O)Oc1cc(S(=O)(=O)Nc2n[nH]c(Nc3ccc(C)cc3)n2)c(S)cc1Cl,5.119999756699334
CC(=O)Oc1cc(S(=O)(=O)Nc2n[nH]c(Nc3ccc(C)cc3)n2)c(S)cc1Cl,5.0
Cc1cc(S(=O)(=O)Nc2nc(N)n(-c3ccccn3)n2)c(S)cc1Cl,4.8399999311187
Cc1cc(S(=O)(=O)Nc2nc(N)n(-c3ccccn3)n2)c(S)cc1Cl,4.639999934172963
Cc1ccnc(NS(=O)(=O)c2ccc(/N=N/c3cc4ccccc4c(C(=O)O)c3O)cc2)n1,4.70999991085297
Cc1ccnc(NS(=O)(=O)c2ccc(/N=N/c3cc4ccccc4c(C(=O)O)c3O)cc2)n1,4.489999942195333
Cc1cc2c(cc1Cl)SC(C1C(=O)NC(=O)NC1=O)NS2(=O)=O,4.219999989963101
Cc1cc2c(cc1Cl)SC(C1C(=O)NC(=O)NC1=O)NS2(=O)=O,4.219999989963101
O=C1c2ccccc2C(=O)c2c(Nc3ccc(S(=O)(=O)N(CCO)CCO)cc3)ccc(O)c21,5.300000202445418
Cc1cnc(NS(=O)(=O)c2ccc(/N=N/c3cc4ccccc4cc3O)cc2)s1,4.41000005022751
Cc1cnc(NS(=O)(=O)c2ccc(/N=N/c3cc4ccccc4cc3O)cc2)s1,4.300000029139088
O=S(=O)(Nc1ccccn1)c1ccc(/N=N/c2cnc(O)c(O)c2)cc1,4.219999989963101
O=S(=O)(Nc1ccccn1)c1ccc(/N=N/c2cnc(O)c(O)c2)cc1,4.229999967073058
CCOC(=O)C(C#N)C1NS(=O)(=O)c2cc(C)c(Cl)cc2S1,3.48000000194449
CCOC(=O)C(C#N)C1NS(=O)(=O)c2cc(C)c(Cl)cc2S1,3.949999982311873
CCCCn1cnnc1NS(=O)(=O)c1cc(C(=O)NCc2ccccc2)c(Cl)cc1S,4.050000018582057
CCCCn1cnnc1NS(=O)(=O)c1cc(C(=O)NCc2ccccc2)c(Cl)cc1S,4.149999990420336
CC1=NNC(=O)C1/N=N/c1ccc(S(=O)(=O)Nc2nccs2)cc1,4.149999990420336
CC1=NNC(=O)C1/N=N/c1ccc(S(=O)(=O)Nc2nccs2)cc1,4.210000001311122
Cc1ccc(NC(=O)c2cc(S(=O)(=O)Nc3nncn3CC(C)C)c(S)cc2Cl)cc1,4.119999985703918
Cc1ccc(NC(=O)c2cc(S(=O)(=O)Nc3nncn3CC(C)C)c(S)cc2Cl)cc1,4.0
Cc1cc(S(=O)(=O)/N=C(\NN)NNc2cccc(C(F)(F)F)n2)c(S)cc1Cl,4.059999994991732
Cc1cc(S(=O)(=O)/N=C(\NN)NNc2cccc(C(F)(F)F)n2)c(S)cc1Cl,4.0
Cc1cc2c(cc1Cl)SC(C(C#N)C(=O)c1ccccc1)NS2(=O)=O,3.700000003258169
Cc1cc2c(cc1Cl)SC(C(C#N)C(=O)c1ccccc1)NS2(=O)=O,3.949999982311873
CCC(C)n1cnnc1NS(=O)(=O)c1cc(C(=O)Nc2ccc(C)cc2)c(Cl)cc1S,3.700000003258169
CCC(C)n1cnnc1NS(=O)(=O)c1cc(C(=O)Nc2ccc(C)cc2)c(Cl)cc1S,3.949999982311873
COc1cccc(Nc2n[nH]c(NS(=O)(=O)c3cc(C)c(Cl)cc3S)n2)c1,5.200000237109354
COc1cccc(Nc2n[nH]c(NS(=O)(=O)c3cc(C)c(Cl)cc3S)n2)c1,4.68000002720016
CCCn1cnnc1NS(=O)(=O)c1cc(C(=O)Nc2ccc(C)cc2)c(Cl)cc1S,4.389999976337708
CCCn1cnnc1NS(=O)(=O)c1cc(C(=O)Nc2ccc(C)cc2)c(Cl)cc1S,4.399999967876858
CC[C@@H](C)[C@H](NC(=O)[C@H](CCCN=C(N)N)NC(=O)[C@H](CCC(=O)O)NC(=O)CNC(=O)[C@H](C)N)C(=O)N[C@H](C(=O)N[C@@H](CC(=O)O)C(=O)N[C@H](C(=O)N[C@H](C(=O)N[C@@H](C)C(N)=O)[C@@H](C)CC)[C@@H](C)CC)C(C)C,4.522878745280337
COc1cc(Nc2n[nH]c(NS(=O)(=O)c3cc(C)c(Cl)cc3S)n2)cc(OC)c1OC,4.809999893141522
COc1cc(Nc2n[nH]c(NS(=O)(=O)c3cc(C)c(Cl)cc3S)n2)cc(OC)c1OC,4.779999975777493
Cc1cc(S(=O)(=O)Nc2nc(Nc3ccc(Cl)cc3)nn2C)c(S)cc1Cl,4.790000026071145
Cc1cc(S(=O)(=O)Nc2nc(Nc3ccc(Cl)cc3)nn2C)c(S)cc1Cl,4.750000100140428
Cc1cc(S(=O)(=O)Nc2nnc3c4ccccc4ccn23)c(S)cc1Cl,4.879999913868448
Cc1cc(S(=O)(=O)Nc2nnc3c4ccccc4ccn23)c(S)cc1Cl,4.970000123715015
Cc1cc(S(=O)(=O)Nc2nc(N)n(-c3ccccc3)n2)c(S)cc1Cl,4.970000123715015
Cc1cc(S(=O)(=O)Nc2nc(N)n(-c3ccccc3)n2)c(S)cc1Cl,4.879999913868448
CCN(c1ccccc1)c1nc(N)nc(NS(=O)(=O)c2cc(C)c(Cl)cc2S)n1,4.759999957202692
CCN(c1ccccc1)c1nc(N)nc(NS(=O)(=O)c2cc(C)c(Cl)cc2S)n1,4.609999985082743
O=S(=O)(Nc1nnc2n1-c1ccccc1CC2)c1ccc(Cl)cc1S,4.659999925349902
O=S(=O)(Nc1nnc2n1-c1ccccc1CC2)c1ccc(Cl)cc1S,4.70999991085297
CC1N=NC(c2ccc(S(=O)(=O)NC3SC(=S)NC3=O)cc2)S1,4.619999985338959
CC1N=NC(c2ccc(S(=O)(=O)NC3SC(=S)NC3=O)cc2)S1,4.719999935717911
O=C1NC(=S)SC1NS(=O)(=O)c1ccc(-c2ncccn2)cc1,4.539999925177879
O=C1NC(=S)SC1NS(=O)(=O)c1ccc(-c2ncccn2)cc1,5.849999245077862
O=C(Nc1ccc(F)cc1)c1cc(S(=O)(=O)Nc2nncn2-c2ccc(F)cc2)c(S)cc1Cl,4.100000018985305
O=C(Nc1ccc(F)cc1)c1cc(S(=O)(=O)Nc2nncn2-c2ccc(F)cc2)c(S)cc1Cl,4.430000034012231
Cc1cc(S(=O)(=O)Nc2nc3ccccc3nc2-c2ccc(Cl)cc2)c(S)cc1Cl,4.70000006855703
Cc1cc(S(=O)(=O)Nc2nc3ccccc3nc2-c2ccc(Cl)cc2)c(S)cc1Cl,4.920000156997057
Cc1cc(S(=O)(=O)Nc2nnc3c4scc(C)c4ncn23)c(S)cc1Cl,5.030000139977383
Cc1cc(S(=O)(=O)Nc2nnc3c4scc(C)c4ncn23)c(S)cc1Cl,5.130000141365475
NS(=O)(=O)c1ccc(/N=N/C2Sc3nc4ccccc4n3C2=O)cc1,3.6800000064135183
NS(=O)(=O)c1ccc(/N=N/C2Sc3nc4ccccc4n3C2=O)cc1,3.9000000040686618
CC1=NN(c2ccccc2)C(=O)C1/N=N/c1ccc(S(=O)(=O)Nc2scc(C)c2C)cc1,3.889999983714797
CC1=NN(c2ccccc2)C(=O)C1/N=N/c1ccc(S(=O)(=O)Nc2scc(C)c2C)cc1,3.9700000021228394
Cc1cc(S(=O)(=O)Nc2nc3ccccc3nc2-c2ccc(Br)cc2)c(S)cc1Cl,4.909999919094989
Cc1cc(S(=O)(=O)Nc2nc3ccccc3nc2-c2ccc(Br)cc2)c(S)cc1Cl,5.100000128334196
CC(C)Cn1cnnc1NS(=O)(=O)c1cc(C(=O)Nc2ccc(Cl)cc2)c(Cl)cc1S,4.419999995796937
CC(C)Cn1cnnc1NS(=O)(=O)c1cc(C(=O)Nc2ccc(Cl)cc2)c(Cl)cc1S,4.399999967876858
O=c1c2cc(Cc3ccccc3)ccc2oc2ccc(O)c(O)c12,6.221848749616356
O=c1c(O)c(-c2ccc(O)cc2)oc2cc(O)cc(O)c12,4.009661145212399
O=c1c(O)c(-c2ccc(O)cc2)oc2cc(O)cc(O)c12,4.189095719331299
O=C(/C=C/c1ccc(O)c(O)c1)OC1C[C@](O)(C(=O)O)C[C@@H](O)[C@H]1OC(=O)/C=C/c1ccc(O)c(O)c1,6.221848749616356
CC1C=C(NC(=O)C2=CC(NC(=O)C3=CC(NC(=O)c4ccc(C(=O)NC5=CC(C)C(C(=O)NC6=CC(C)C(C(=O)NC7=CC(C)C(C(=O)NCCC(=N)N)=C7)=C6)=C5)nc4)=CC3C)=CC2C)C=C1C(=O)NCCC(=N)N,7.0
O=C(OC(C(=O)O)C(OC(=O)c1ccc(O)c(O)c1)C(=O)O)c1ccc(O)c(O)c1,6.366531544420414
O=C(O)c1cc(/N=N\c2ccccc2C(=O)O)ccc1O,3.6497519816658373
O=C(/C=C/c1ccc(O)c(O)c1)OC1CCCCC1OC(=O)/C=C/c1ccc(O)c(O)c1,5.0
O=C(/C=C/c1ccc(O)c(O)c1)O[C@@H]1C[C@@](OC(=O)/C=C/c2ccc(O)c(O)c2)(C(=O)O)C[C@@H](O)[C@@H]1O,5.795880017344075
O=c1cc(-c2ccccc2)oc2cc(O)c(O)c(O)c12,5.920818753952375
O=c1cc(-c2ccccc2)oc2cc(O)c(O)c(O)c12,5.366531544420414
O=C(/C=C/c1ccc(O)c(O)c1)OC1CCC(OC(=O)/C=C/c2ccc(O)c(O)c2)CC1,5.987162775294828
O=C(/C=C/c1ccc(O)c(O)c1)OCCCCOC(=O)/C=C/c1ccc(O)c(O)c1,5.0
O=c1oc2ccccc2c(O)c1C1c2ccccc2Oc2c1c(=O)oc1ccccc21,3.7878123955960423
O=C(/C=C/c1ccc(O)c(O)c1)Oc1cc(OC(=O)/C=C/c2ccc(O)c(O)c2)cc(C(=O)O)c1,5.161150909262744
O=C(NNC(=O)c1ccccc1O)c1ccccc1O,6.154901959985743
CN(C)Cc1ccc2n1Cc1ccccc1SC2c1ccc(F)cc1,3.0
O=C(/C=C(\O)c1c[nH]c2ccc(Cl)cc12)c1nn[nH]n1,3.6989700043360187
O=c1c(O)c(-c2cc(O)c(O)c(O)c2)oc2cc(O)cc(O)c12,5.119186407719209
O=c1c(O)c(-c2cc(O)c(O)c(O)c2)oc2cc(O)cc(O)c12,5.6020599913279625
O=C(/C=C/c1ccc(O)c(O)c1)OCCOC(=O)/C=C/c1ccc(O)c(O)c1,5.0
O=C(/C=C/c1ccc(O)c(O)c1)OCCCOC(=O)/C=C/c1ccc(O)c(O)c1,5.0
O=C(Cc1ccc(O)c(O)c1)OC(C(=O)O)C(OC(=O)Cc1ccc(O)c(O)c1)C(=O)O,6.055517327849832
CCCCCc1cc(O)cc2c1Oc1c(C=O)c(O)c(Cl)c(C(=O)CCCC)c1C(=O)O2,4.473660722610156
CC1OC(O)C(O)C(O)C1Oc1c(-c2ccc(O)c(O)c2)oc2cc(O)cc(O)c2c1=O,4.221848749616356
CC1OC(O)C(O)C(O)C1Oc1c(-c2ccc(O)c(O)c2)oc2cc(O)cc(O)c2c1=O,4.414539270491499
O=C(/C=C\c1ccc(O)c(O)c1)OC1CCCCC1OC(=O)/C=C\c1ccc(O)c(O)c1,5.077793722560983
O=C1Sc2cc3ccccc3cc2C(=O)N2CCSC12,4.327902142064283
O=C(/C=C/c1ccc(O)c(O)c1)O[C@H](C(=O)O)[C@H](OC(=O)/C=C/c1ccc(O)c(O)c1)C(=O)O,7.154901959985743
O=C(/C=C/c1ccc(O)c(O)c1)OC(C(=O)O)C(OC(=O)/C=C/c1ccc(O)c(O)c1)C(=O)O,7.096910013008056
COc1cc(C(C2=C(O)C(=O)c3ccccc3C2=O)C2C(=O)c3ccccc3C(=O)C2O)cc(Br)c1O,4.698970004336019
O=C(O)c1cc(O)c(O)c(OC(=O)c2cc(O)c(O)c(O)c2)c1,6.221848749616356
O=c1c(O)c(-c2ccc(O)c(O)c2)oc2cc(O)ccc12,4.546681659952962
O=c1c(O)c(-c2ccc(O)c(O)c2)oc2cc(O)ccc12,5.070581074285707
O=C1c2ccccc2SCC2CSC(c3ccccc3)N12,3.492144128304169
COc1cc2c(cc1OC)C(=O)N1CSCC1C(=O)S2,3.480172006224281
COc1ccc(/C=C2\C(=O)N(C(=O)c3ccccc3O)N=C2C)cc1,6.221848749616356
O=C(O)c1cnc2c(ccc3ncc(C(=O)O)c(O)c32)c1O,5.214670164989233
COC(=O)c1ccc(CC(=O)c2c(C)cc(O)c(C=O)c2O)c(C)c1O,3.910094888560602
CC1C=C(NC(=O)C2=CC(NC(=O)C3=CC(N(C)C(=O)c4ccc(C(=O)N(C)C5=CC(C)C(C(=O)NC6=CC(C)C(C(=O)NC7=CC(C)C(C(=O)NCCCN(C)C)=C7)=C6)=C5)cc4)=CC3C)=CC2C)C=C1C(=O)NCCCN(C)C,7.154901959985743
O=c1c(O)c(-c2ccc(O)c(O)c2)oc2cc(O)c(O)c(O)c12,6.096910013008056
O=c1c(O)c(-c2ccc(O)c(O)c2)oc2cc(O)c(O)c(O)c12,7.0
CC1=NN(C(=O)c2ccccc2O)C(=O)/C1=C\c1cccc(O)c1,5.130768280269024
CC1=NN(C(=O)c2ccc(Cl)cc2)C(=O)/C1=C\c1ccc(O)cc1,3.5331323796458904
O=C(/C=C/c1ccc(O)c(O)c1)NCC(OC(=O)/C=C/c1ccc(O)c(O)c1)C(=O)O,6.431798275933005
O=C(O)c1ccc(C(=O)O)c2c(C(=O)O)ccc(C(=O)O)c12,3.7394516273630205
CC(Cc1ccc(O)c(O)c1)(C(=O)O)C(C)(Cc1ccc(O)c(O)c1)C(=O)O,6.638272163982407
CC1C=C(NC(=O)C2=CC(NC(=O)C3=CC(NC(=O)c4ccc(C(=O)NC5=CC(C)C(C(=O)NC6=CC(C)C(C(=O)NC7=CC(C)C(C(=O)NCCC(=N)N)=C7)=C6)=C5)cc4)=CC3C)=CC2C)C=C1C(=O)NCCC(=N)N,7.045757490560675
O=C(/C=C/c1ccc(O)c(O)c1)O[C@@H]1C[C@@](O)(C(=O)O)CC(O)[C@@H]1OC(=O)/C=C/c1ccc(O)c(O)c1,5.853871964321762
O=C(OC(C(=O)O)C(OC(=O)c1cc(O)c(O)c(O)c1)C(=O)O)c1cc(O)c(O)c(O)c1,6.013228265733755
O=C(/C=C/c1ccc(O)c(O)c1)O[C@@H]1C[C@](O)(C(=O)O)C[C@@H](OC(=O)/C=C/c2ccc(O)c(O)c2)[C@H]1O,5.886056647693163
O=c1c(C(c2ccc(/C=C/c3ccccc3)cc2)c2c(O)oc3ccccc3c2=O)c(O)oc2ccccc12,5.431798275933005
O=C(NNCC(O)COc1ccccc1)c1ccccc1O,3.6989700043360187
O=C(c1cc(Cc2ccccc2)cc(CN2CCCS2(=O)=O)c1)c1ncc2cccnc2c1O,8.0
CC(Cc1ccc(O)c(O)c1)(C(=O)O)C(C)(Cc1ccc(O)c(O)c1)C(=O)O,6.356547323513812
[N-]=[N+]=NC1CC(N=[N+]=[N-])c2cc(/C(O)=C\C(=O)C(=O)O)ccc21,6.443697499232712
COc1cc(O)c2c(=O)c(O)c(-c3ccc(O)c(O)c3)oc2c1,4.210419287835575
COc1cc(O)c2c(=O)c(O)c(-c3ccc(O)c(O)c3)oc2c1,4.542118103266008
O=C(OC(C(=O)O)C(OC(=O)c1cccc(O)c1O)C(=O)O)c1cccc(O)c1O,5.97061622231479
O=c1cc(O)c2ccc(O)cc2o1,3.4881166390211256
CC(CCC(=O)O)C1CC[C@H]2[C@@H]3C(OC(=O)/C=C/c4ccc(O)c(O)c4)CC4CC(OC(=O)/C=C/c5ccc(O)c(O)c5)CC[C@]4(C)[C@H]3CC(OC(=O)/C=C/c3ccc(O)c(O)c3)[C@]12C,6.013228265733755
O=C(/C=C\c1ccc(O)c(O)c1)OC1CCCC(OC(=O)/C=C\c2ccc(O)c(O)c2)C1,5.787812395596042
O=C(/C=C/c1ccc(O)c(O)c1)OCC(OC(=O)/C=C/c1ccc(O)c(O)c1)C(=O)O,6.2839966563652006
O=c1c(C(c2ccc(C(c3c(O)oc4cc(O)ccc4c3=O)c3c(O)oc4cc(O)ccc4c3=O)cc2)c2c(O)oc3cc(O)ccc3c2=O)c(O)oc2cc(O)ccc12,6.481486060122113
O=C(/C=C/c1ccc(O)c(O)c1)OC(C(=O)O)C(OC(=O)/C=C/c1ccc(O)c(O)c1)C(=O)O,6.7447274948966935
O=C(O)C(=O)/C=C(\O)c1cc(OCc2ccccc2)cc(OCc2ccccc2)c1,7.229147988357855
O=C(CCc1ccc(O)c(O)c1)OC(C(=O)O)C(OC(=O)CCc1ccc(O)c(O)c1)C(=O)O,5.623423042943488
O=C(c1cccc(Cc2ccccc2)c1)c1ccc2cccnc2c1O,6.431798275933005
C[C@@H]1O[C@@H](O)[C@H](O)[C@H](O)[C@H]1Oc1c(-c2cc(O)c(O)c(O)c2)oc2cc(O)cc(O)c2c1=O,4.402304814074488
C[C@@H]1O[C@@H](O)[C@H](O)[C@H](O)[C@H]1Oc1c(-c2cc(O)c(O)c(O)c2)oc2cc(O)cc(O)c2c1=O,4.987162775294828
O=C(/C=C/c1ccc(O)c(O)c1)OC1CCCC(OC(=O)/C=C/c2ccc(O)c(O)c2)C1,5.7447274948966935
[N-]=[N+]=NCc1ccc(/C(O)=C\C(=O)C(=O)O)cc1CN=[N+]=[N-],6.585026652029182
[N-]=[N+]=NC1CCC(N=[N+]=[N-])c2cc(/C(O)=C\C(=O)C(=O)O)ccc21,6.494850021680094
O=C(O)C(=O)/C=C(\O)c1cccn1Cc1ccc(F)cc1,6.899629454882437
O=c1c(O)c(-c2cc(O)c(O)c(O)c2)oc2cc(O)ccc12,5.229147988357856
O=c1c(O)c(-c2cc(O)c(O)c(O)c2)oc2cc(O)ccc12,5.795880017344075
O=c1cc(-c2ccc(O)c(O)c2)oc2cc(O)cc(O)c12,4.482804102050026
O=c1cc(-c2ccc(O)c(O)c2)oc2cc(O)cc(O)c12,4.6020599913279625
O=C(/C=C\c1ccc(O)c(O)c1)OC1CCC(OC(=O)/C=C\c2ccc(O)c(O)c2)CC1,5.995678626217358
O=C(c1cccc(Cc2ccccc2)c1)c1ncc2cccnc2c1O,7.3979400086720375
O=c1c(O)c(-c2ccc(O)c(O)c2)oc2c(O[C@@H]3O[C@@H](O)[C@@H](O)[C@H](O)[C@H]3O)c(O)cc(O)c12,4.15676722190199
O=c1c(O)c(-c2ccc(O)c(O)c2)oc2c(O[C@@H]3O[C@@H](O)[C@@H](O)[C@H](O)[C@H]3O)c(O)cc(O)c12,4.647817481888637
COc1cc(C)c2c(c1C)OC(=O)c1c(C)c(Cl)c(O)c(C=O)c1O2,5.6777807052660805
O=C1C(O)=C(C(C2=C(O)C(=O)c3ccccc3C2=O)c2ccc(Cl)cc2)C(=O)c2ccccc21,4.0
O=c1c(OC2COC(O)C(O)C2O)c(-c2ccc(O)c(O)c2)oc2cc(O)cc(O)c12,4.178486471595227
O=c1c(OC2COC(O)C(O)C2O)c(-c2ccc(O)c(O)c2)oc2cc(O)cc(O)c12,4.600326278518962
O=c1c(O)c(-c2ccc(O)c(O)c2)oc2cc(O)cc(O)c12,4.627087997029894
O=c1c(O)c(-c2ccc(O)c(O)c2)oc2cc(O)cc(O)c12,4.866461091629782
COc1c(O)cc2oc(-c3ccc(O)c(O)c3)cc(=O)c2c1O,4.0254883072626715
COc1c(O)cc2oc(-c3ccc(O)c(O)c3)cc(=O)c2c1O,4.407823242604133
N#CCCc1cccc(/C(O)=C\C(=O)C(=O)O)c1,5.823908740944319
O=c1c(O)c(-c2ccc(O)cc2O)oc2cc(O)cc(O)c12,4.116338564846382
O=c1c(O)c(-c2ccc(O)cc2O)oc2cc(O)cc(O)c12,4.498940737782249
COC(=O)O[C@]1(C(=O)O)CC(OC(=O)/C=C/c2ccc(O)c(O)c2)[C@H](O)[C@H](OC(=O)/C=C/c2ccc(O)c(O)c2)C1,6.096910013008056
O=C(/C=C/c1ccc(O)c(O)c1)c1ccc(O)cc1O,4.70000006855703
CCCCCc1cc(O)cc2c1Oc1cc(O)cc(C(=O)CCCC)c1C(=O)O2,4.2225731776106885
CCCCCc1cc(O)cc2c1Oc1cc(O)cc(C(=O)CCCC)c1C(=O)O2,4.374687549038326
CCCCCc1cc(O)cc2c1Oc1cc(O)cc(C(=O)CCCC)c1C(=O)O2,4.406713932979542
CCCCCc1cc(O)cc2c1Oc1cc(O)cc(C(=O)CCCC)c1C(=O)O2,4.55129368009492
O=C1/C(=C/c2ccc(O)c(O)c2)CCC/C1=C\c1ccc(O)c(O)c1,6.050000457140078
O=C(/C=C/c1ccc(O)c(O)c1)O[C@H]1[C@H](O)C[C@](O)(C(=O)O)C[C@H]1OC(=O)/C=C/c1ccc(O)c(O)c1,5.886056647693163
O=C(/C=C/c1ccc(O)c(O)c1)O[C@H]1[C@H](O)C[C@](O)(C(=O)O)C[C@H]1OC(=O)/C=C/c1ccc(O)c(O)c1,6.154901959985743
O=C(/C=C/c1ccc(O)c(O)c1)O[C@H]1[C@H](O)C[C@](O)(C(=O)O)C[C@H]1OC(=O)/C=C/c1ccc(O)c(O)c1,6.221848749616356
O=C(/C=C/c1ccc(O)c(O)c1)O[C@H]1[C@H](O)C[C@](O)(C(=O)O)C[C@H]1OC(=O)/C=C/c1ccc(O)c(O)c1,6.154901959985743
O=C(/C=C/c1ccc(O)c(O)c1)/C=C/c1ccc(O)c(O)c1,6.219999701663429
O=C(/C=C/c1cc(O)ccc1O)OCCc1ccccc1,4.0
CCOC(=O)c1cnc(NCCCNc2ncc(C(=O)OCC)c(O)n2)nc1O,4.892790030352131
CCOC(=O)c1cnc(NCCCNc2ncc(C(=O)OCC)c(O)n2)nc1O,4.935542010773082
CCOC(=O)c1cnc(NCCCNc2ncc(C(=O)OCC)c(O)n2)nc1O,4.777283528852417
CCOC(=O)c1cnc(NCCCNc2ncc(C(=O)OCC)c(O)n2)nc1O,5.102372908709558
O=C(NO)c1cc(O)c(O)c(O)c1,5.958607314841775
O=C(NO)c1cc(O)c(O)c(O)c1,5.494850021680094
O=C(NO)c1cc(O)c(O)c(O)c1,6.301029995663981
O=C(NO)c1cc(O)c(O)c(O)c1,5.795880017344075
COc1cc(/C=C/C(=O)/C=C/c2ccc(O)c(OC)c2)ccc1O,4.430000034012231
O=C(/C=C/c1ccc(O)c(O)c1)c1ccccc1,5.639999555020352
O=C1/C(=C/c2ccc(O)c(O)c2)Cc2ccccc21,4.070000019492821
CCOC(=O)/C=C/c1ccc(O)c(O)c1,4.0
O=C(OCCc1ccccc1)c1ccc2cc(O)c(O)cc2c1,4.169999984192581
COOC(=O)c1cc2ccc(O)c(O)c2cn1,4.849999859991125
O=C(/C=C/c1ccc(O)c(O)c1O)OCCc1ccccc1,5.700000503883016
Cc1c2cc(O)c(=O)cc-2oc2cc(O)c(O)cc12,5.958607314841775
Cc1c2cc(O)c(=O)cc-2oc2cc(O)c(O)cc12,5.823908740944319
Cc1c2cc(O)c(=O)cc-2oc2cc(O)c(O)cc12,5.958607314841775
Cc1c2cc(O)c(=O)cc-2oc2cc(O)c(O)cc12,6.045757490560675
COOC(=O)c1cc2cc(O)c(O)cc2cn1,4.0
COC(=O)c1c(C)c2c(c(C)c1O)OC(=O)c1c(C)cc(O)c(C=O)c1O2,5.267606240177032
COC(=O)c1c(C)c2c(c(C)c1O)OC(=O)c1c(C)cc(O)c(C=O)c1O2,5.356547323513812
COC(=O)c1c(C)c2c(c(C)c1O)OC(=O)c1c(C)cc(O)c(C=O)c1O2,4.585026652029182
CC(=O)C1=C(NNC(=O)c2ccccn2)[C@@]2(C)C(=CC1=O)Oc1c(C(C)=O)c(O)c(C)c(O)c12,4.136677139879544
CC(=O)C1=C(NNC(=O)c2ccccn2)[C@@]2(C)C(=CC1=O)Oc1c(C(C)=O)c(O)c(C)c(O)c12,4.216096420727265
CC(=O)C1=C(NNC(=O)c2ccccn2)[C@@]2(C)C(=CC1=O)Oc1c(C(C)=O)c(O)c(C)c(O)c12,4.314258261397736
CC(=O)C1=C(NNC(=O)c2ccccn2)[C@@]2(C)C(=CC1=O)Oc1c(C(C)=O)c(O)c(C)c(O)c12,4.259637310505756
CC(=O)C1=C(NNC(=O)c2ccccn2)[C@@]2(C)C(=CC1=O)Oc1c(C(C)=O)c(O)c(C)c(O)c12,4.4089353929735005
CCCCCc1cc2cc(O)cc(Oc3c(O)cc(O)c(C(=O)O)c3CCCCC)c2c(=O)o1,4.282329496997738
CCCCCc1cc2cc(O)cc(Oc3c(O)cc(O)c(C(=O)O)c3CCCCC)c2c(=O)o1,4.34008379993015
CCCCCc1cc2cc(O)cc(Oc3c(O)cc(O)c(C(=O)O)c3CCCCC)c2c(=O)o1,4.455931955649724
O=C(/C=C/c1cc(O)c(O)cc1O)OCCc1ccccc1,4.259999979340046
O=C(/C=C/c1ccc(O)c(O)c1)O[C@@H]1C[C@](O)(C(=O)O)C[C@@H](O)[C@H]1O,4.056505484093897
O=C(/C=C/c1ccc(O)c(O)c1)O[C@@H]1C[C@](O)(C(=O)O)C[C@@H](O)[C@H]1O,4.235077015350112
O=C(/C=C/c1ccc(O)c(O)c1)O[C@@H]1C[C@](O)(C(=O)O)C[C@@H](O)[C@H]1O,4.33913452199613
O=C(/C=C/c1ccc(O)c(O)c1)O[C@@H]1C[C@](O)(C(=O)O)C[C@@H](O)[C@H]1O,4.504455662453552
O=[N+]([O-])c1cc(Cc2cc([N+](=O)[O-])c(O)c([N+](=O)[O-])c2)cc([N+](=O)[O-])c1O,4.303643611266668
O=[N+]([O-])c1cc(Cc2cc([N+](=O)[O-])c(O)c([N+](=O)[O-])c2)cc([N+](=O)[O-])c1O,4.209011524911184
O=[N+]([O-])c1cc(Cc2cc([N+](=O)[O-])c(O)c([N+](=O)[O-])c2)cc([N+](=O)[O-])c1O,4.357535479757878
O=[N+]([O-])c1cc(Cc2cc([N+](=O)[O-])c(O)c([N+](=O)[O-])c2)cc([N+](=O)[O-])c1O,4.392544976785332
O=C(/C=C/c1ccc(O)c(O)c1)OCCc1ccc2ccccc2c1,4.360000032076103
Cc1cc(O)c(C=O)c2c1C(=O)Oc1c(C)c(O)c(C(=O)O)c(C)c1O2,5.337242168318426
Cc1cc(O)c(C=O)c2c1C(=O)Oc1c(C)c(O)c(C(=O)O)c(C)c1O2,5.187086643357144
Cc1cc(O)c(C=O)c2c1C(=O)Oc1c(C)c(O)c(C(=O)O)c(C)c1O2,4.474955192963154
O=C1C(O)=C(c2ccccc2)C12CSC1(CS2)C(=O)C(O)=C1c1ccccc1,3.8810742471742232
O=C1C(O)=C(c2ccccc2)C12CSC1(CS2)C(=O)C(O)=C1c1ccccc1,4.221848749616356
O=C1C(O)=C(c2ccccc2)C12CSC1(CS2)C(=O)C(O)=C1c1ccccc1,3.7642191296724397
O=C1C(O)=C(c2ccccc2)C12CSC1(CS2)C(=O)C(O)=C1c1ccccc1,4.261219441515631
COC(=O)c1c(C)cc(OC(=O)c2c(C)cc(O)c(C=O)c2O)c(C)c1O,4.214670164989233
COC(=O)c1c(C)cc(OC(=O)c2c(C)cc(O)c(C=O)c2O)c(C)c1O,4.204815410317576
COC(=O)c1c(C)cc(OC(=O)c2c(C)cc(O)c(C=O)c2O)c(C)c1O,4.443697499232712
COC(=O)c1c(C)cc(OC(=O)c2c(C)cc(O)c(C=O)c2O)c(C)c1O,4.356547323513812
COC(=O)c1c(C)cc(OC(=O)c2c(C)cc(O)c(C=O)c2O)c(C)c1O,3.8927900303521317
O=C(NCc1ccccc1)c1cc2cc(O)c(O)cc2cn1,4.0
O=C(NCc1ccccc1)c1cc2ccc(O)c(O)c2cn1,4.119999985703918
COc1cc(C(=O)O)c2c(c1C)OC(=O)c1c(C)cc(O)c(C=O)c1O2,4.769551078621726
COc1cc(C(=O)O)c2c(c1C)OC(=O)c1c(C)cc(O)c(C=O)c1O2,4.82102305270683
COc1cc(C(=O)O)c2c(c1C)OC(=O)c1c(C)cc(O)c(C=O)c1O2,5.275724130399211
COc1cc(C(=O)O)c2c(c1C)OC(=O)c1c(C)cc(O)c(C=O)c1O2,4.910094888560602
CC(=O)C1=C(O)C=C2Oc3c(C(C)=O)c(O)c(C)c(O)c3[C@@]2(C)C1=O,3.8982529260536336
CC(=O)C1=C(O)C=C2Oc3c(C(C)=O)c(O)c(C)c(O)c3[C@@]2(C)C1=O,3.9076303003708794
CC(=O)C1=C(O)C=C2Oc3c(C(C)=O)c(O)c(C)c(O)c3[C@@]2(C)C1=O,3.876148359032914
O=C(/C=C/c1ccc(O)c(O)c1)c1ccc(O)cc1,5.889999848866887
Cc1cc(C(c2cc(C)c(O)c(C(=O)O)c2)c2cc(C)c(O)c(C(=O)O)c2)cc(C(=O)O)c1O,4.690369832574101
Cc1cc(C(c2cc(C)c(O)c(C(=O)O)c2)c2cc(C)c(O)c(C(=O)O)c2)cc(C(=O)O)c1O,4.6307841425898575
Cc1cc(C(c2cc(C)c(O)c(C(=O)O)c2)c2cc(C)c(O)c(C(=O)O)c2)cc(C(=O)O)c1O,4.777283528852417
Cc1cc(C(c2cc(C)c(O)c(C(=O)O)c2)c2cc(C)c(O)c(C(=O)O)c2)cc(C(=O)O)c1O,4.6307841425898575
Cc1ncc(COP(=O)(O)O)c(C2NC(C(=O)O)CS2)c1O,4.037630664329979
Cc1ncc(COP(=O)(O)O)c(C2NC(C(=O)O)CS2)c1O,4.124360062995832
Cc1ncc(COP(=O)(O)O)c(C2NC(C(=O)O)CS2)c1O,4.029653123769907
Cc1ncc(COP(=O)(O)O)c(C2NC(C(=O)O)CS2)c1O,4.498940737782249
O=C(/C=C/c1ccc(O)cc1)CC(=O)/C=C/c1ccc(O)cc1,4.0
O=C(O)c1ccc(C(=O)O)c2c(C(=O)O)ccc(C(=O)O)c12,3.914709421769935
O=C(O)c1ccc(C(=O)O)c2c(C(=O)O)ccc(C(=O)O)c12,3.7594507517174
O=C(O)c1ccc(C(=O)O)c2c(C(=O)O)ccc(C(=O)O)c12,3.75448733218585
O=C(O)c1ccc(C(=O)O)c2c(C(=O)O)ccc(C(=O)O)c12,3.7394516273630205
Cc1cc(Cc2cc(C)c(O)c(C(=O)O)c2)cc(C(=O)O)c1O,4.209011524911184
Cc1cc(Cc2cc(C)c(O)c(C(=O)O)c2)cc(C(=O)O)c1O,4.164309428507575
O=C(/C=C/c1ccc(O)c(O)c1)OCCc1ccccc1,5.149999867728904
O=C(/C=C/c1ccc(O)c(O)c1)OCCc1cccc2ccccc12,4.820000071285178
O=C1OC2C(O)COC2(O)C1(O)Cc1cc(O)c(O)c(Br)c1Br,4.189095719331299
O=C1OC2C(O)COC2(O)C1(O)Cc1cc(O)c(O)c(Br)c1Br,4.542118103266008
O=C1OC2C(O)COC2(O)C1(O)Cc1cc(O)c(O)c(Br)c1Br,4.29929628285498
O=C1OC2C(O)COC2(O)C1(O)Cc1cc(O)c(O)c(Br)c1Br,4.614393726401688
Cc1cc(O)c(C=O)c2c1C(=O)Oc1c(COC(=O)/C=C/C(=O)O)c(O)c(C(=O)O)c(C)c1O2,5.309803919971486
Cc1cc(O)c(C=O)c2c1C(=O)Oc1c(COC(=O)/C=C/C(=O)O)c(O)c(C(=O)O)c(C)c1O2,5.337242168318426
Cc1cc(O)c(C=O)c2c1C(=O)Oc1c(COC(=O)/C=C/C(=O)O)c(O)c(C(=O)O)c(C)c1O2,5.136677139879544
O=C1/C(=C/c2ccc(O)c(O)c2)CC/C1=C\c1ccc(O)c(O)c1,6.0
COC(=O)/C=C/c1ccc(O)c(O)c1,4.0
O=C(/C=C/c1ccc(O)cc1)/C=C/c1ccc(O)cc1,4.0
COOC(=O)c1ccc2c(O)c(O)ccc2c1,5.100000128334196
O=C(O)c1cc(O)c(O)c(OC(=O)c2cc(O)c(O)c(O)c2)c1,6.045757490560675
O=C(O)c1cc(O)c(O)c(OC(=O)c2cc(O)c(O)c(O)c2)c1,5.823908740944319
O=C(O)c1cc(O)c(O)c(OC(=O)c2cc(O)c(O)c(O)c2)c1,6.221848749616356
O=C(O)c1cc(O)c(O)c(OC(=O)c2cc(O)c(O)c(O)c2)c1,6.221848749616356
O=C(O)c1cc(O)c(O)c(OC(=O)c2cc(O)c(O)c(O)c2)c1,5.657577319177793
O=C(/C=C/c1ccc(F)c(F)c1)OCCc1ccccc1,4.0
C[C@@](O)(/C=C/[C@H]1CC=CC(=O)O1)[C@@H](C[C@@H](O)/C=C\C=C/C=C/CO)OP(=O)(O)O,4.384049948343599
C[C@@](O)(/C=C/[C@H]1CC=CC(=O)O1)[C@@H](C[C@@H](O)/C=C\C=C/C=C/CO)OP(=O)(O)O,3.9292235371565654
C[C@@](O)(/C=C/[C@H]1CC=CC(=O)O1)[C@@H](C[C@@H](O)/C=C\C=C/C=C/CO)OP(=O)(O)O,4.892790030352131
C[C@@](O)(/C=C/[C@H]1CC=CC(=O)O1)[C@@H](C[C@@H](O)/C=C\C=C/C=C/CO)OP(=O)(O)O,4.278189384787454
O=C(c1ccc(O)cc1O)C1C(c2ccc(O)cc2)OC(c2ccc(O)cc2)C1C(=O)c1ccc(O)cc1O,3.783570169123749
O=C(c1ccc(O)cc1O)C1C(c2ccc(O)cc2)OC(c2ccc(O)cc2)C1C(=O)c1ccc(O)cc1O,3.7726275577103636
O=C(c1ccc(O)cc1O)C1C(c2ccc(O)cc2)OC(c2ccc(O)cc2)C1C(=O)c1ccc(O)cc1O,3.844663962534938
O=C(c1ccc(O)cc1O)C1C(c2ccc(O)cc2)OC(c2ccc(O)cc2)C1C(=O)c1ccc(O)cc1O,3.8904214530956134
O=C(NC(Cc1ccc(O)c(O)c1)C(=O)OCc1ccccc1)c1ccc([N+](=O)[O-])cc1,3.7867479478036032
O=C(NC(Cc1ccc(O)c(O)c1)C(=O)OCc1ccccc1)c1ccc([N+](=O)[O-])cc1,3.596879478824182
O=C(NC(Cc1ccc(O)c(O)c1)C(=O)OCc1ccccc1)c1ccc([N+](=O)[O-])cc1,4.2564902352715706
O=C(NC(Cc1ccc(O)c(O)c1)C(=O)OCc1ccccc1)c1ccc([N+](=O)[O-])cc1,4.115771230367396
O=C(O)c1c([N+](=O)[O-])cc([N+](=O)[O-])c(-c2c([N+](=O)[O-])cc([N+](=O)[O-])c(C(=O)O)c2[N+](=O)[O-])c1[N+](=O)[O-],4.739928612014925
O=C(O)c1c([N+](=O)[O-])cc([N+](=O)[O-])c(-c2c([N+](=O)[O-])cc([N+](=O)[O-])c(C(=O)O)c2[N+](=O)[O-])c1[N+](=O)[O-],4.336299074610352
O=C(O)c1c([N+](=O)[O-])cc([N+](=O)[O-])c(-c2c([N+](=O)[O-])cc([N+](=O)[O-])c(C(=O)O)c2[N+](=O)[O-])c1[N+](=O)[O-],4.823908740944319
O=C(O)c1c([N+](=O)[O-])cc([N+](=O)[O-])c(-c2c([N+](=O)[O-])cc([N+](=O)[O-])c(C(=O)O)c2[N+](=O)[O-])c1[N+](=O)[O-],4.363512103646634
O=C1/C(=C/c2ccc(O)c(O)c2)COC/C1=C\c1ccc(O)c(O)c1,6.699991797446187
COc1ccc(/C=C/C(=O)OCCc2ccccc2)cc1O,4.219999989963101
O=C(/C=C/c1ccc(O)cc1)c1ccc(O)cc1O,4.0
O=C(/C=C/c1ccc(O)c(O)c1)OCc1ccccc1,5.049999969853415
O=C(O)c1cc(Cc2ccc(O)c(C(=O)O)c2)ccc1O,4.039529222465701
O=C(O)c1cc(Cc2ccc(O)c(C(=O)O)c2)ccc1O,4.285670240254767
O=C(O)c1cc(Cc2ccc(O)c(C(=O)O)c2)ccc1O,4.218963061378868
O=C(O)c1cc(Cc2ccc(O)c(C(=O)O)c2)ccc1O,4.2380721615794705
O=[N+]([O-])c1c(Cl)c(O)c(Cl)c([N+](=O)[O-])c1Nc1c([N+](=O)[O-])c(Cl)c(O)c(Cl)c1[N+](=O)[O-],4.958607314841775
O=[N+]([O-])c1c(Cl)c(O)c(Cl)c([N+](=O)[O-])c1Nc1c([N+](=O)[O-])c(Cl)c(O)c(Cl)c1[N+](=O)[O-],5.080921907623926
O=[N+]([O-])c1c(Cl)c(O)c(Cl)c([N+](=O)[O-])c1Nc1c([N+](=O)[O-])c(Cl)c(O)c(Cl)c1[N+](=O)[O-],5.356547323513812
O=[N+]([O-])c1c(Cl)c(O)c(Cl)c([N+](=O)[O-])c1Nc1c([N+](=O)[O-])c(Cl)c(O)c(Cl)c1[N+](=O)[O-],5.3979400086720375
COc1cc(C)c2c(c1C)OC(=O)c1c(C)c(Cl)c(O)c(C=O)c1O2,5.657577319177793
COc1cc(C)c2c(c1C)OC(=O)c1c(C)c(Cl)c(O)c(C=O)c1O2,5.568636235841013
COc1cc(C)c2c(c1C)OC(=O)c1c(C)c(Cl)c(O)c(C=O)c1O2,5.795880017344075
COc1cc(C)c2c(c1C)OC(=O)c1c(C)c(Cl)c(O)c(C=O)c1O2,5.568636235841013
COc1cc(C)c2c(c1C)OC(=O)c1c(C)c(Cl)c(O)c(C=O)c1O2,4.892790030352131
O=C(O)C(CSSCC(Nc1ccc([N+](=O)[O-])cc1[N+](=O)[O-])C(=O)O)Nc1ccc([N+](=O)[O-])cc1[N+](=O)[O-],4.345823458122039
O=C(O)C(CSSCC(Nc1ccc([N+](=O)[O-])cc1[N+](=O)[O-])C(=O)O)Nc1ccc([N+](=O)[O-])cc1[N+](=O)[O-],4.086186147616283
O=C(O)C(CSSCC(Nc1ccc([N+](=O)[O-])cc1[N+](=O)[O-])C(=O)O)Nc1ccc([N+](=O)[O-])cc1[N+](=O)[O-],4.366531544420414
O=C(O)C(CSSCC(Nc1ccc([N+](=O)[O-])cc1[N+](=O)[O-])C(=O)O)Nc1ccc([N+](=O)[O-])cc1[N+](=O)[O-],4.292429823902063
COc1ccc(/C=C/C(=O)OCCc2ccccc2)cc1OC,4.0
O=[N+]([O-])c1cc(-c2cc([N+](=O)[O-])c(O)c([N+](=O)[O-])c2)cc([N+](=O)[O-])c1O,4.209714835966758
O=[N+]([O-])c1cc(-c2cc([N+](=O)[O-])c(O)c([N+](=O)[O-])c2)cc([N+](=O)[O-])c1O,4.187086643357144
O=[N+]([O-])c1cc(-c2cc([N+](=O)[O-])c(O)c([N+](=O)[O-])c2)cc([N+](=O)[O-])c1O,4.24184537803261
O=[N+]([O-])c1cc(-c2cc([N+](=O)[O-])c(O)c([N+](=O)[O-])c2)cc([N+](=O)[O-])c1O,4.446116973356125
COc1cc(C)c2c(c1C=O)Oc1c(c(C)c(O)c3c1C(O)OC3=O)OC2=O,5.356547323513812
COc1cc(C)c2c(c1C=O)Oc1c(c(C)c(O)c3c1C(O)OC3=O)OC2=O,5.5376020021010435
COc1cc(C)c2c(c1C=O)Oc1c(c(C)c(O)c3c1C(O)OC3=O)OC2=O,5.585026652029182
COc1cc(C)c2c(c1C=O)Oc1c(c(C)c(O)c3c1C(O)OC3=O)OC2=O,5.721246399047171
COc1cc(C)c2c(c1C=O)Oc1c(c(C)c(O)c3c1C(O)OC3=O)OC2=O,4.931814138253839
O=C(/C=C(O)/C=C/c1ccc(O)c(O)c1)/C=C/c1ccc(O)c(O)c1,6.149997413907539
COc1cc(/C=C/C(=O)CC(=O)/C=C/c2ccc(O)c(OC)c2)ccc1O,4.519999959791458
COc1cc(/C=C/C(=O)OCCc2ccccc2)ccc1O,4.0
O=C(/C=C/c1ccc(O)c(O)c1)OCCCc1ccccc1,5.100000128334196
O=C(NCCc1ccccc1)c1cc2ccc(O)c(O)c2cn1,4.399999967876858
Cc1cc(C(O)(c2cc(C)c(O)c(C(=O)O)c2)c2cc(C)c(O)c(C(=O)O)c2)cc(C(=O)O)c1O,4.446116973356125
Cc1cc(C(O)(c2cc(C)c(O)c(C(=O)O)c2)c2cc(C)c(O)c(C(=O)O)c2)cc(C(=O)O)c1O,4.484126156288321
Cc1cc(C(O)(c2cc(C)c(O)c(C(=O)O)c2)c2cc(C)c(O)c(C(=O)O)c2)cc(C(=O)O)c1O,4.661543506395395
Cc1cc(C(O)(c2cc(C)c(O)c(C(=O)O)c2)c2cc(C)c(O)c(C(=O)O)c2)cc(C(=O)O)c1O,4.638272163982407
Nc1cc(C(=O)O)c(-c2cc(O)c(N)cc2C(=O)O)cc1O,3.6732546204346783
Nc1cc(C(=O)O)c(-c2cc(O)c(N)cc2C(=O)O)cc1O,3.6315271615596383
CCN(CC)c1ccc(Cc2ccc(N(C)C)c(Cl)c2)cc1.O=C(O)c1cc2ccccc2c(Cc2c(O)c(C(=O)O)cc3ccccc23)c1O,4.209011524911184
CCN(CC)c1ccc(Cc2ccc(N(C)C)c(Cl)c2)cc1.O=C(O)c1cc2ccccc2c(Cc2c(O)c(C(=O)O)cc3ccccc23)c1O,4.104577453960592
CCN(CC)c1ccc(Cc2ccc(N(C)C)c(Cl)c2)cc1.O=C(O)c1cc2ccccc2c(Cc2c(O)c(C(=O)O)cc3ccccc23)c1O,4.33913452199613
CCN(CC)c1ccc(Cc2ccc(N(C)C)c(Cl)c2)cc1.O=C(O)c1cc2ccccc2c(Cc2c(O)c(C(=O)O)cc3ccccc23)c1O,4.413412695328245
O=[N+]([O-])c1cccc(/C=N/CCN2CCN(CC/N=C/c3cccc([N+](=O)[O-])c3O)C2c2cccc([N+](=O)[O-])c2O)c1O,4.278189384787454
O=[N+]([O-])c1cccc(/C=N/CCN2CCN(CC/N=C/c3cccc([N+](=O)[O-])c3O)C2c2cccc([N+](=O)[O-])c2O)c1O,4.216096420727265
O=[N+]([O-])c1cccc(/C=N/CCN2CCN(CC/N=C/c3cccc([N+](=O)[O-])c3O)C2c2cccc([N+](=O)[O-])c2O)c1O,4.43533393574791
O=[N+]([O-])c1cccc(/C=N/CCN2CCN(CC/N=C/c3cccc([N+](=O)[O-])c3O)C2c2cccc([N+](=O)[O-])c2O)c1O,4.305394801066432
O=C(c1ccc(O)cc1O)c1c([N+](=O)[O-])cc([N+](=O)[O-])cc1[N+](=O)[O-],4.1791420105603
O=C(c1ccc(O)cc1O)c1c([N+](=O)[O-])cc([N+](=O)[O-])cc1[N+](=O)[O-],4.173925197299174
O=C(c1ccc(O)cc1O)c1c([N+](=O)[O-])cc([N+](=O)[O-])cc1[N+](=O)[O-],4.054531414868181
O=C(c1ccc(O)cc1O)c1c([N+](=O)[O-])cc([N+](=O)[O-])cc1[N+](=O)[O-],4.2644011003018205
Cc1cc(O)c(C=O)c2c1C(=O)Oc1c(CO)c(O)c3c(c1O2)C(O)OC3=O,4.721246399047171
Cc1cc(O)c(C=O)c2c1C(=O)Oc1c(CO)c(O)c3c(c1O2)C(O)OC3=O,4.795880017344075
Cc1cc(O)c(C=O)c2c1C(=O)Oc1c(CO)c(O)c3c(c1O2)C(O)OC3=O,4.899629454882437
Cc1cc(O)c(C=O)c2c1C(=O)Oc1c(CO)c(O)c3c(c1O2)C(O)OC3=O,5.207608310501746
O=C1/C(=C/c2ccc(O)c(O)c2)CSC/C1=C\c1ccc(O)c(O)c1,6.699991797446187
COc1cc(/C=C2\CCC/C(=C\c3ccc(O)c(OC)c3)C2=O)ccc1O,4.0
O=C(/C=C(O)/C=C/c1ccccc1)/C=C/c1ccccc1,4.0
O=C(Nc1ccc(C(=O)O)c(O)c1)c1ccc(C(=O)Nc2ccc(O)c(C(=O)O)c2)cc1,4.627087997029894
O=C(Nc1ccc(C(=O)O)c(O)c1)c1ccc(C(=O)Nc2ccc(O)c(C(=O)O)c2)cc1,4.598599459218456
O=C(Nc1ccc(C(=O)O)c(O)c1)c1ccc(C(=O)Nc2ccc(O)c(C(=O)O)c2)cc1,4.787812395596042
O=C(Nc1ccc(C(=O)O)c(O)c1)c1ccc(C(=O)Nc2ccc(O)c(C(=O)O)c2)cc1,4.698970004336019
COc1ccc(/C=C/C(=O)/C=C(O)/C=C/c2ccc(OC)c(OC)c2)cc1OC,4.0
O=C1C(=Cc2ccc(O)c(O)c2)C(=O)c2ccccc21,5.5200002474083645
O=C(O)c1ccccc1C(c1cc(Br)c(O)c(Br)c1)c1ccc(Br)c(O)c1Br,4.359518563029578
O=C(O)c1ccccc1C(c1cc(Br)c(O)c(Br)c1)c1ccc(Br)c(O)c1Br,4.59176003468815
O=C(O)c1ccccc1C(c1cc(Br)c(O)c(Br)c1)c1ccc(Br)c(O)c1Br,4.411168274405793
O=C(O)c1ccccc1C(c1cc(Br)c(O)c(Br)c1)c1ccc(Br)c(O)c1Br,4.565431095965801
O=C(O)c1cnc2c(ccc3ncc(C(=O)O)c(O)c32)c1O,5.119186407719209
O=C(O)c1cnc2c(ccc3ncc(C(=O)O)c(O)c32)c1O,5.214670164989233
O=C(O)c1cnc2c(ccc3ncc(C(=O)O)c(O)c32)c1O,5.008773924307505
O=C(O)c1cnc2c(ccc3ncc(C(=O)O)c(O)c32)c1O,5.214670164989233
O=C(/C=C/c1ccc(O)cc1)c1cccc(C(=O)/C=C/c2ccc(O)cc2)c1,4.519999959791458
O=C(/C=C/c1ccc(O)c(O)c1)CCc1ccccc1,4.0
O=C(/C=C/c1cc(O)c(O)c(O)c1)OCCc1ccccc1,5.700000503883016
O=C1/C(=C/c2ccc(O)c(O)c2)CNC/C1=C\c1ccc(O)c(O)c1,6.699991797446187
COc1ccc(/C=C/C(=O)/C=C/c2ccc(OC)c(OC)c2)cc1OC,4.0
O=C(/C=C/c1ccc(O)c(O)c1)c1cccc(C(=O)/C=C/c2ccc(O)c(O)c2)c1,6.0999990348465305
O=C(OCCc1ccccc1)c1ccc2c(O)c(O)ccc2c1,4.739999966255497
O=C(O)c1cc(/N=N\c2ccccc2C(=O)O)ccc1O,3.9355420107730814
O=C(O)c1cc(/N=N\c2ccccc2C(=O)O)ccc1O,3.6753060861382254
O=C(O)c1cc(/N=N\c2ccccc2C(=O)O)ccc1O,3.9355420107730814
O=C(O)c1cc(/N=N\c2ccccc2C(=O)O)ccc1O,3.6497519816658373
CCCCCC(=O)Cc1cc(O)cc2c1C(=O)Oc1cc(O)c(C(=O)O)c(CCCCC)c1O2,4.414539270491499
CCCCCC(=O)Cc1cc(O)cc2c1C(=O)Oc1cc(O)c(C(=O)O)c(CCCCC)c1O2,4.510041520575165
CCCCCC(=O)Cc1cc(O)cc2c1C(=O)Oc1cc(O)c(C(=O)O)c(CCCCC)c1O2,4.488116639021126
O=C(c1cccc(Cc2ccccc2)c1)c1ccc2cccnc2c1O,6.431798275933005
O=c1c2cc(Cc3ccccc3)ccc2oc2ccc(O)c(O)c12,6.221848749616356
Nc1ccccc1C(=O)NNC(=O)c1ccccc1O,4.0
Nc1ccccc1C(=O)NNC(=O)c1ccccc1O,4.0
CC(=O)NNC(=O)c1ccccc1O,4.0
CC(=O)NNC(=O)c1ccccc1O,4.0
O=C(c1cc(Cc2ccccc2)ccn1)c1ccc2cccnc2c1O,7.301029995663981
O=C(NNCC(O)COc1ccccc1)c1ccccc1O,3.6989700043360187
O=C(NNCC(O)COc1ccccc1)c1ccccc1O,3.6989700043360187
NNC(=O)c1ccccc1N,4.0
NNC(=O)c1ccccc1N,4.0
NN(CC(O)COc1ccccc1)C(=O)c1ccccc1O,3.6989700043360187
NN(CC(O)COc1ccccc1)C(=O)c1ccccc1O,3.6989700043360187
O=C(NNC(=O)c1ccccc1O)c1ccccc1O,5.684029654543083
O=C(NNC(=O)c1ccccc1O)c1ccccc1O,6.136677139879544
O=C(NNC(=O)c1ccccc1O)c1ccccc1,4.0
O=C(NNC(=O)c1ccccc1O)c1ccccc1,4.0
O=C(NNC(=O)c1ccccc1S)c1ccccc1O,5.040958607678906
O=C(NNC(=O)c1ccccc1S)c1ccccc1O,5.236572006437063
NNC(=O)c1ccccc1S,4.154901959985743
NNC(=O)c1ccccc1S,4.2403321553103694
NNC(=O)c1ccccc1S,4.099086932262331
NNC(=O)c1ccccc1S,4.301029995663981
O=C(c1cccc(Cc2ccccc2)c1)c1ncc2cccnc2c1O,7.3979400086720375
O=C(NCCCNC(=O)c1ccccc1O)c1ccccc1O,3.6989700043360187
O=C(NCCCNC(=O)c1ccccc1O)c1ccccc1O,3.6989700043360187
O=C(c1cccc(Cc2ccccc2)c1)c1oc2cccnc2c1O,6.0
O=C(NNC(=O)c1cc2ccccc2cc1O)c1ccccc1O,5.638272163982407
O=C(NNC(=O)c1cc2ccccc2cc1O)c1ccccc1O,5.958607314841775
O=C(NNC(=O)c1ccccc1)c1ccccc1,4.0
O=C(NNC(=O)c1ccccc1)c1ccccc1,4.0
O=C(NNCc1ccccc1O)c1ccccc1O,5.173925197299174
O=C(NNCc1ccccc1O)c1ccccc1O,5.2839966563652006
O=C(O)C(=O)CC(=O)c1cccc(Cc2ccccc2)c1,8.0
O=C(NNC(=O)c1ccccn1)c1ccccn1,4.0
O=C(NNC(=O)c1ccccn1)c1ccccn1,4.0
NC(=O)c1ccccc1O,4.0
NC(=O)c1ccccc1O,4.0
Nc1ccccc1C(=O)NNC(=O)c1ccccc1N,4.0
Nc1ccccc1C(=O)NNC(=O)c1ccccc1N,4.0
O=C(c1cc(Cc2ccccc2)cc(CN2CCCS2(=O)=O)c1)c1ncc2cccnc2c1O,8.0
O=C(N/N=C/c1ccccc1O)c1ccccc1O,4.0
O=C(N/N=C/c1ccccc1O)c1ccccc1O,4.0
NNC(=O)c1ccccc1O,4.337242168318426
NNC(=O)c1ccccc1O,4.481486060122113
NNC(=O)c1ccccc1O,3.9430951486635273
NNC(=O)c1ccccc1O,4.366531544420414
O=C1OC[C@H](Cc2ccc(O)c(O)c2)[C@H]1Cc1ccc(O)c(O)c1,4.669586226650809
O=C1OC[C@H](Cc2ccc(O)c(O)c2)[C@H]1Cc1ccc(O)c(O)c1,5.267606240177032
Nc1ncnc2cc3c(cc12)ncn3C1CCC(COP(=O)([O-])[O-])O1.[Na+].[Na+],3.2596373105057563
Nc1ncnc2cc3c(cc12)ncn3C1CCC(COP(=O)([O-])[O-])O1.[Na+].[Na+],3.1249387366083
CCCCCCc1cc2c(cc1O)OC(=O)C(C(c1ccccc1)c1c(O)oc3cc(O)c(CCCCCC)cc3c1=O)C2O,4.978810700930062
CCCCCCc1cc2c(cc1O)OC(=O)C(C(c1ccccc1)c1c(O)oc3cc(O)c(CCCCCC)cc3c1=O)C2O,4.920818753952375
Cc1ccc(S(=O)(=O)N/N=C(/CCN2CCCC2)CC(c2ccccc2)c2c(O)oc3ccccc3c2=O)cc1,4.0
Cc1ccc(S(=O)(=O)N/N=C(/CCN2CCCC2)CC(c2ccccc2)c2c(O)oc3ccccc3c2=O)cc1,4.0
O=C(c1ccc(Cl)cc1)c1c(O)c2ccccc2oc1=O,4.0
O=C(c1ccc(Cl)cc1)c1c(O)c2ccccc2oc1=O,4.0
O=C(NNc1ccccc1)c1ccc2ccc(C(=O)O)c(O)c2n1,4.0
O=C(O)c1ccc2ccc(/C=C/c3ccc(O)c(O)c3)nc2c1O,5.619788758288394
O=C(SCc1c(O)c2ccccc2oc1=O)c1ccccc1,4.0
O=C(SCc1c(O)c2ccccc2oc1=O)c1ccccc1,4.0
O=C(Nc1ccc2ccc(C(=O)O)c(O)c2n1)c1ccccc1,4.0
O=C(O)c1ccc2ccc(CCc3ccc(O)c(O)c3)nc2c1O,5.638272163982407
O=C1C(=O)c2ccccc2C(O)=C1CCCC1CCC2CCCCC2C1,4.0
O=C1C(=O)c2ccccc2C(O)=C1CCCC1CCC2CCCCC2C1,4.0
O=C(NCc1ccc(O)c(O)c1)c1ccc2ccc(C(=O)O)c(O)c2n1,5.301029995663981
O=C(Nc1ccc(O)c(O)c1)c1ccc2ccc(C(=O)O)c(O)c2n1,6.045757490560675
O=c1c(C(c2ccc3c(c2)OCO3)c2c(O)oc3ccccc3c2=O)c(O)oc2ccccc12,4.327902142064283
O=c1c(C(c2ccc3c(c2)OCO3)c2c(O)oc3ccccc3c2=O)c(O)oc2ccccc12,4.7447274948966935
COc1cc(C(C2=C(O)C(=O)c3ccccc3C2=O)C2=C(O)C(=O)c3ccccc3C2=O)cc(OC)c1OC,4.0
COc1cc(C(C2=C(O)C(=O)c3ccccc3C2=O)C2=C(O)C(=O)c3ccccc3C2=O)cc(OC)c1OC,4.0
Nc1ncnc2cc3c(cc12)ncn3C1COC(COP(=O)([O-])[O-])C1.[Na+].[Na+],4.167491087293763
O=C(/C=C(\O)c1ccccc1)c1ccc2ccc(C(=O)O)c(O)c2n1,4.522878745280337
Nc1ncnc2c1ccc1ncn(C3COC(COP(=O)([O-])[O-])C3)c12.[Na+].[Na+],4.275724130399211
Nc1ncnc2c1ccc1ncn(C3COC(COP(=O)([O-])[O-])C3)c12.[Na+].[Na+],4.1249387366083
O=c1oc2c(-c3ccccc3)cccc2c(O)c1-c1ccccc1,4.0
O=c1oc2c(-c3ccccc3)cccc2c(O)c1-c1ccccc1,4.0
O=c1oc2ccccc2c(O)c1-c1ccccc1,4.0
O=c1oc2ccccc2c(O)c1-c1ccccc1,4.0
COc1ccc2c(O)c(S(=O)(=O)c3ccc(Cl)cc3)c(=O)oc2c1,4.0
COc1ccc2c(O)c(S(=O)(=O)c3ccc(Cl)cc3)c(=O)oc2c1,4.0
O=C1C(=O)c2ccccc2C(O)=C1Cc1ccc(Cl)cc1,4.036212172654444
O=C1C(=O)c2ccccc2C(O)=C1Cc1ccc(Cl)cc1,4.251811972993799
O=C(NCc1cccc(O)c1O)c1ccc2ccc(C(=O)O)c(O)c2n1,5.301029995663981
O=C1C(=O)c2ccccc2C(O)=C1CSc1ccc(Cl)cc1,4.0
O=C1C(=O)c2ccccc2C(O)=C1CSc1ccc(Cl)cc1,4.0
O=C(NNc1ccc([N+](=O)[O-])cc1[N+](=O)[O-])c1ccc2ccc(C(=O)O)c(O)c2n1,5.522878745280337
COc1cc(/C=C/c2ccc3ccc(C(=O)O)c(O)c3n2)cc(O)c1O,6.154901959985743
CCOC(=O)C(c1c(O)c2ccccc2oc1=O)c1c(O)c2ccccc2oc1=O,4.0
CCOC(=O)C(c1c(O)c2ccccc2oc1=O)c1c(O)c2ccccc2oc1=O,4.0
COc1ccc(CNC(=O)Nc2ccc3ccc(C(=O)O)c(O)c3n2)cc1,4.0
O=C(NCc1ccc(O)c(O)c1)Nc1ccc2ccc(C(=O)O)c(O)c2n1,4.0
O=c1oc2cccc(O)c2c(O)c1Cc1ccccc1,4.0
O=c1oc2cccc(O)c2c(O)c1Cc1ccccc1,4.0
O=C1C(=O)c2ccccc2C(O)=C1Sc1ccccc1,4.0
O=C1C(=O)c2ccccc2C(O)=C1Sc1ccccc1,4.0
O=C(NCc1ccc(O)c(O)c1O)c1ccc2ccc(C(=O)O)c(O)c2n1,5.823908740944319
COc1cc(CNC(=O)c2ccc3ccc(C(=O)O)c(O)c3n2)cc(O)c1O,5.187086643357144
O=C1C(O)=C(C(CCc2ccccc2)C2=C(O)C(=O)c3ccccc3C2=O)C(=O)c2ccccc21,4.080921907623926
O=C1C(O)=C(C(CCc2ccccc2)C2=C(O)C(=O)c3ccccc3C2=O)C(=O)c2ccccc21,4.045757490560675
O=C(NCc1cc(O)cc(O)c1)c1ccc2ccc(C(=O)O)c(O)c2n1,4.0
O=C1C(O)=C(C(C2=C(O)C(=O)c3ccccc3C2=O)c2ccccc2)C(=O)c2ccccc21,4.167491087293763
O=C1C(O)=C(C(C2=C(O)C(=O)c3ccccc3C2=O)c2ccccc2)C(=O)c2ccccc21,4.318758762624412
CN(C)c1ccc(C(C2=C(O)C(=O)c3ccccc3C2=O)C2=C(O)C(=O)c3ccccc3C2=O)cc1,4.0
CN(C)c1ccc(C(C2=C(O)C(=O)c3ccccc3C2=O)C2=C(O)C(=O)c3ccccc3C2=O)cc1,4.0
COc1ccc2c(O)c(S(=O)(=O)c3ccc(C)cc3)c(=O)oc2c1,4.0
COc1ccc2c(O)c(S(=O)(=O)c3ccc(C)cc3)c(=O)oc2c1,4.0
O=C(O)c1ccc2ccc(/C=C/c3ccccc3)nc2c1O,5.275724130399211
CC(=O)c1cccc(NC(=O)C(=O)c2c(O)oc3ccccc3c2=O)c1,4.0
CC(=O)c1cccc(NC(=O)C(=O)c2c(O)oc3ccccc3c2=O)c1,4.0
O=C1C(O)=C(C(C2=C(O)C(=O)c3ccccc3C2=O)c2ccc(Cl)cc2)C(=O)c2ccccc21,4.0
O=C1C(O)=C(C(C2=C(O)C(=O)c3ccccc3C2=O)c2ccc(Cl)cc2)C(=O)c2ccccc21,4.0
CCOC(=O)C(C1=C(O)C(=O)c2ccccc2C1=O)C1=C(O)C(=O)c2ccccc2C1=O,4.036212172654444
CCOC(=O)C(C1=C(O)C(=O)c2ccccc2C1=O)C1=C(O)C(=O)c2ccccc2C1=O,4.221848749616356
O=C1C(O)=C(C(C2=C(O)C(=O)c3ccccc3C2=O)c2ccc(C(C3=C(O)C(=O)c4ccccc4C3=O)C3=C(O)C(=O)c4ccccc4C3=O)cc2)C(=O)c2ccccc21,5.1249387366083
O=C1C(O)=C(C(C2=C(O)C(=O)c3ccccc3C2=O)c2ccc(C(C3=C(O)C(=O)c4ccccc4C3=O)C3=C(O)C(=O)c4ccccc4C3=O)cc2)C(=O)c2ccccc21,5.568636235841013
CC(C1=C(O)C(=O)c2ccccc2C1=O)C1=C(O)C(=O)c2ccccc2C1=O,4.0
CC(C1=C(O)C(=O)c2ccccc2C1=O)C1=C(O)C(=O)c2ccccc2C1=O,4.0
O=C(Nc1ccc(O)c(O)c1)Nc1ccc2ccc(C(=O)O)c(O)c2n1,4.0
O=c1c(C(c2ccc(C(c3c(O)oc4ccccc4c3=O)c3c(O)oc4ccccc4c3=O)cc2)c2c(O)oc3ccccc3c2=O)c(O)oc2ccccc12,5.823908740944319
O=c1c(C(c2ccc(C(c3c(O)oc4ccccc4c3=O)c3c(O)oc4ccccc4c3=O)cc2)c2c(O)oc3ccccc3c2=O)c(O)oc2ccccc12,6.096910013008056
O=C1Oc2ccccc2C(O)C1Sc1c(O)oc2ccccc2c1=O,4.096910013008056
O=C1Oc2ccccc2C(O)C1Sc1c(O)oc2ccccc2c1=O,4.0
CC(=O)Nc1ccc(C(C2=C(O)C(=O)c3ccccc3C2=O)C2=C(O)C(=O)c3ccccc3C2=O)cc1,4.0655015487564325
CC(=O)Nc1ccc(C(C2=C(O)C(=O)c3ccccc3C2=O)C2=C(O)C(=O)c3ccccc3C2=O)cc1,4.107905397309519
CCCCCCC/N=C1/C(=O)c2ccccc2C(O)=C1O,4.0
CCCCCCC/N=C1/C(=O)c2ccccc2C(O)=C1O,4.0
COc1cc(NC(=O)c2ccc3ccc(C(=O)O)c(O)c3n2)cc(O)c1O,5.187086643357144
O=C(NC1=C(Cl)C(=O)c2ccccc2C1=O)C(=O)c1c(O)c2ccccc2oc1=O,4.0
O=C(NC1=C(Cl)C(=O)c2ccccc2C1=O)C(=O)c1c(O)c2ccccc2oc1=O,4.0
O=C1C(O)=C(C(C#Cc2ccccc2)C2=C(O)C(=O)c3ccccc3C2=O)C(=O)c2ccccc21,4.0
O=C1C(O)=C(C(C#Cc2ccccc2)C2=C(O)C(=O)c3ccccc3C2=O)C(=O)c2ccccc21,4.142667503568732
O=C1Oc2ccccc2C(O)C1Cc1c(O)oc2ccccc2c1=O,4.0
O=C1Oc2ccccc2C(O)C1Cc1c(O)oc2ccccc2c1=O,4.0
O=C(NCc1ccc(O)cc1O)c1ccc2ccc(C(=O)O)c(O)c2n1,5.301029995663981
O=C(c1cccc([N+](=O)[O-])c1)c1c(O)oc2ccccc2c1=O,4.0
O=C(c1cccc([N+](=O)[O-])c1)c1c(O)oc2ccccc2c1=O,4.0
O=C1C(O)=C(C(C2=C(O)C(=O)c3ccccc3C2=O)c2ccc(Cl)cc2Cl)C(=O)c2ccccc21,4.431798275933005
O=C1C(O)=C(C(C2=C(O)C(=O)c3ccccc3C2=O)c2ccc(Cl)cc2Cl)C(=O)c2ccccc21,4.3979400086720375
COc1cc(C(C2=C(O)C(=O)c3ccccc3C2=O)C2=C(O)C(=O)c3ccccc3C2=O)cc(Br)c1O,4.494850021680094
COc1cc(C(C2=C(O)C(=O)c3ccccc3C2=O)C2=C(O)C(=O)c3ccccc3C2=O)cc(Br)c1O,4.698970004336019
O=C(O)c1ccc2ccc(/C=C/c3cc(O)cc(O)c3)nc2c1O,5.494850021680094
CC(C)c1cccc(C(C)C)c1NC(=O)C(=O)CC(=O)CC(c1ccccc1)c1c(O)oc2ccccc2c1=O,4.0
CC(C)c1cccc(C(C)C)c1NC(=O)C(=O)CC(=O)CC(c1ccccc1)c1c(O)oc2ccccc2c1=O,4.0
O=C1C(O)=C(C(C2=C(O)C(=O)c3ccccc3C2=O)c2ccc(Cl)c(Cl)c2)C(=O)c2ccccc21,4.045757490560675
O=C1C(O)=C(C(C2=C(O)C(=O)c3ccccc3C2=O)c2ccc(Cl)c(Cl)c2)C(=O)c2ccccc21,4.2839966563652006
CCOc1ccc(C(C2=C(O)C(=O)c3ccccc3C2=O)C2=C(O)C(=O)c3ccccc3C2=O)cc1OC,4.0
CCOc1ccc(C(C2=C(O)C(=O)c3ccccc3C2=O)C2=C(O)C(=O)c3ccccc3C2=O)cc1OC,4.0
O=C1C=C(O)C(=O)c2ccccc21,4.0
O=C1C=C(O)C(=O)c2ccccc21,4.0
COc1cccc(OC)c1CN1C(=O)c2c(c(O)c3nccnc3c2O)C1=O,5.700000503883016
COc1cccc(CN2C(=O)c3c(c(O)c4nccnc4c3O)C2=O)c1OC,6.369999510099088
COc1ccc(CN2C(=O)c3c(c(O)c4nccnc4c3O)C2=O)c(OC)c1,6.369999510099088
COc1ccc(OC)c(CN2C(=O)c3c(c(O)c4nccnc4c3O)C2=O)c1,6.109998386815364
Cc1ccc(CN2C(=O)c3c(c(O)c4nccnc4c3O)C2=O)cc1,5.800000874803203
O=C1c2c(c(O)c3nccnc3c2O)C(=O)N1Cc1ccc(OC(F)(F)F)cc1,5.689999562814496
O=C1c2c(c(O)c3nccnc3c2O)C(=O)N1Cc1cccc(C(F)(F)F)c1,6.369999510099088
O=C1c2c(c(O)c3nccnc3c2O)C(=O)N1Cc1cccc(F)c1,6.2500010234416505
O=C1c2c(c(O)c3nccnc3c2O)C(=O)N1Cc1ccc(F)cc1,6.3799993576999325
O=C1c2c(c(O)c3nccnc3c2O)C(=O)N1Cc1ccc(Br)cc1F,6.359995853468939
O=C1c2c(c(O)c3nccnc3c2O)C(=O)N1Cc1cc(Br)ccc1F,6.450004148469349
O=C1c2c(c(O)c3nccnc3c2O)C(=O)N1Cc1cc(F)cc(F)c1,6.429994423238211
O=C1c2c(c(O)c3nccnc3c2O)C(=O)N1Cc1ccc(F)c(Cl)c1,6.749994971513104
O=C1c2c(c(O)c3nccnc3c2O)C(=O)N1Cc1cccc(Cl)c1,6.659992382003327
O=C1c2c(c(O)c3nccnc3c2O)C(=O)N1Cc1ccc(Cl)cc1,6.3799993576999325
O=C1c2c(c(O)c3nccnc3c2O)C(=O)N1Cc1ccc(Cl)c(Cl)c1,6.950007143079858
O=C1c2c(c(O)c3nccnc3c2O)C(=O)N1Cc1cc(Cl)cc(Cl)c1,6.72999699989494
O=C1c2c(c(O)c3nccnc3c2O)C(=O)N1Cc1ccccc1Br,6.199998172182031
O=C1c2c(c(O)c3nccnc3c2O)C(=O)N1Cc1ccncc1,5.169999984192581
O=C1c2c(c(O)c3nccnc3c2O)C(=O)N1Cc1cccc2ccccc12,5.849999245077862
Cc1csc(-c2cccc(CN3C(=O)c4c(c(O)c5nccnc5c4O)C3=O)c2)c1,6.170001911302621
O=C1c2c(c(O)c3nccnc3c2O)C(=O)N1Cc1cccc(-c2ccccc2F)c1,6.299997602857746
O=C1c2c(c(O)c3nccnc3c2O)C(=O)N1Cc1ccc(-c2ccccc2F)cc1,6.0
O=C1c2c(c(O)c3nccnc3c2O)C(=O)N1Cc1ccc(-c2ccccc2)cc1,5.8399999311187
O=C1c2c(c(O)c3nccnc3c2O)C(=O)N1CCc1ccccc1,5.689999562814496
CC(C)Oc1ccc(Cc2ccccc2)cc1/C([O-])=C/C(=O)C(=O)[O-].[Mg+2],7.301029995663981
O=S1(=O)CCCCN1c1nc(/C([O-])=N/Cc2ccc(F)cc2)c([O-])c2ncccc12.[Mg+2],8.0
O=C1c2c(c(O)c3ccccc3c2O)C(=O)N1Cc1ccc(F)cc1,4.0
O=C1c2c(c(O)c3ncccc3c2O)C(=O)N1Cc1cccc(Br)c1,6.41999931041096
Cc1ccc2c(O)c3c(c(O)c2n1)C(=O)N(Cc1cccc(Br)c1)C3=O,6.589999287456538
O=C1c2c(c(O)c3nnccc3c2O)C(=O)N1Cc1cccc(Br)c1,5.44000006551306
O=C1c2c(c(O)c3nccnc3c2O)C(=O)N1Cc1cccc(Br)c1,6.679999195735272
CN1C(=O)c2c(c(O)c3nccnc3c2O)C1=O,4.3100000171743025
O=C1c2c(c(O)c3nccnc3c2O)C(=O)N1C1CCCC1,4.97999981255505
O=C1c2c(c(O)c3nccnc3c2O)C(=O)N1C1CCNCC1,4.0
O=C(c1ccccc1)N1CCC(N2C(=O)c3c(c(O)c4nccnc4c3O)C2=O)CC1,5.620000528471499
O=C1c2c(c(O)c3nccnc3c2O)C(=O)N1CC1CCCCC1,5.660000322371772
C[C@H](c1ccccc1)N1C(=O)c2c(c(O)c3nccnc3c2O)C1=O,5.979999397807417
C[C@@H](c1ccccc1)N1C(=O)c2c(c(O)c3nccnc3c2O)C1=O,5.689999562814496
O=C1c2c(c(O)c3nccnc3c2O)C(=O)N1c1ccc2c(c1)OCO2,5.0
O=C1c2c(c(O)c3nccnc3c2O)C(=O)N1Cc1ccc2c(c1)OCO2,6.2500010234416505
O=C1c2c(c(O)c3nccnc3c2O)C(=O)N1CCc1ccc2c(c1)OCO2,5.849999245077862
COc1ccccc1CN1C(=O)c2c(c(O)c3nccnc3c2O)C1=O,6.090000275786018
COc1ccc(CN2C(=O)c3c(c(O)c4nccnc4c3O)C2=O)cc1,6.2500010234416505
C/C(CC(=O)Nc1c(C)cc(C)cc1C)=N\NC(=O)c1ccc(O)cc1O,3.0
C/C(CC(=O)Nc1c(C)cc(C)cc1C)=N\NC(=O)c1ccc(O)cc1O,3.8239087409443187
COc1ccc2[nH]c(SCC(=O)Nc3ccc(O)c(C(=O)O)c3)nc2c1,4.0
COc1ccc2[nH]c(SCC(=O)Nc3ccc(O)c(C(=O)O)c3)nc2c1,4.0
COc1ccc(NS(=O)(=O)c2cccc(C(=O)Nc3ccccc3C(=O)O)c2)cc1,3.449771646944906
COc1ccc(NS(=O)(=O)c2cccc(C(=O)Nc3ccccc3C(=O)O)c2)cc1,3.5228787452803374
CCOC(=O)c1cc(C(=O)OCC)c(SCC(=O)Nc2ccc(Br)cc2)nc1O,4.0
CCOC(=O)c1cc(C(=O)OCC)c(SCC(=O)Nc2ccc(Br)cc2)nc1O,4.0
O=C(c1ccccc1)c1ccc(OCC(O)COc2ccc(C(=O)c3ccccc3)c(O)c2)cc1O,4.0
O=C(c1ccccc1)c1ccc(OCC(O)COc2ccc(C(=O)c3ccccc3)c(O)c2)cc1O,4.0
O=C(O)c1cc(NS(=O)(=O)c2ccc(NCCCN3CCOCC3)c([N+](=O)[O-])c2)cc(C(=O)O)c1,3.853871964321762
O=C(O)c1cc(NS(=O)(=O)c2ccc(NCCCN3CCOCC3)c([N+](=O)[O-])c2)cc(C(=O)O)c1,4.0
O=C(NCc1ccco1)c1cc(C(=O)NCc2ccco2)cc(C(=O)NCc2ccco2)c1,4.431798275933005
O=C(NCc1ccco1)c1cc(C(=O)NCc2ccco2)cc(C(=O)NCc2ccco2)c1,5.096910013008056
O=C(/C=C(\O)c1ccc(Cc2ccc(F)cc2)o1)c1nc[nH]n1,7.698970004336019
O=C(c1cc(Cc2ccccc2)cc(CN2CCCS2(=O)=O)c1)c1ncc2cccnc2c1O,8.0
CC[C@H](C)[C@H](NC(C)=O)C(=O)N[C@@H](CC(C)C)C(=O)N1CCC[C@H]1C(=O)N[C@@H](Cc1c[nH]c2ccccc12)C(=O)N[C@@H](CCCCN)C(=O)N[C@@H](Cc1c[nH]c2ccccc12)C(=O)N1CCC[C@H]1C(=O)N[C@@H](Cc1c[nH]c2ccccc12)C(=O)N[C@@H](Cc1c[nH]c2ccccc12)C(=O)N1CCC[C@H]1C(=O)N[C@@H](Cc1c[nH]c2ccccc12)C(=O)N[C@@H](CCCNC(=N)N)C(=O)N[C@@H](CCCNC(=N)N)C(N)=O,4.221848749616356
CC[C@H](C)[C@H](NC(C)=O)C(=O)N[C@@H](CC(C)C)C(=O)N1CCC[C@H]1C(=O)N[C@@H](Cc1c[nH]c2ccccc12)C(=O)N[C@@H](CCCCN)C(=O)N[C@@H](Cc1c[nH]c2ccccc12)C(=O)N1CCC[C@H]1C(=O)N[C@@H](Cc1c[nH]c2ccccc12)C(=O)N[C@@H](Cc1c[nH]c2ccccc12)C(=O)N1CCC[C@H]1C(=O)N[C@@H](Cc1c[nH]c2ccccc12)C(=O)N[C@@H](CCCNC(=N)N)C(=O)N[C@@H](CCCNC(=N)N)C(N)=O,4.2441251443275085
CC[C@H](C)[C@H](N)C(=O)N[C@@H](CC(C)C)C(=O)N1CCC[C@H]1C(=O)N[C@@H](Cc1c[nH]c2ccccc12)C(=O)N[C@@H](CCCCN)C(=O)N[C@@H](Cc1c[nH]c2ccccc12)C(=O)N1CCC[C@H]1C(=O)N[C@@H](Cc1c[nH]c2ccccc12)C(=O)N[C@@H](Cc1c[nH]c2ccccc12)C(=O)N1CCC[C@H]1C(=O)N[C@@H](Cc1c[nH]c2ccccc12)C(=O)N1CCC[C@H]1C(=O)N1CCC[C@H]1C(N)=O,4.795880017344075
CC[C@H](C)[C@H](N)C(=O)N[C@@H](CC(C)C)C(=O)N1CCC[C@H]1C(=O)N[C@@H](Cc1c[nH]c2ccccc12)C(=O)N[C@@H](CCCCN)C(=O)N[C@@H](Cc1c[nH]c2ccccc12)C(=O)N1CCC[C@H]1C(=O)N[C@@H](Cc1c[nH]c2ccccc12)C(=O)N[C@@H](Cc1c[nH]c2ccccc12)C(=O)N1CCC[C@H]1C(=O)N[C@@H](Cc1c[nH]c2ccccc12)C(=O)N1CCC[C@H]1C(=O)N1CCC[C@H]1C(N)=O,4.886056647693163
CC(C)C[C@H](N)C(=O)N1CCC[C@H]1C(=O)N[C@@H](Cc1c[nH]c2ccccc12)C(=O)N[C@@H](CCCCN)C(=O)N[C@@H](Cc1c[nH]c2ccccc12)C(=O)N1CCC[C@H]1C(=O)N[C@@H](Cc1c[nH]c2ccccc12)C(=O)N[C@@H](Cc1c[nH]c2ccccc12)C(=O)N1CCC[C@H]1C(=O)N[C@@H](Cc1c[nH]c2ccccc12)C(=O)N1CCC[C@H]1C(=O)N1CCC[C@H]1C(N)=O,3.7328282715969863
CC(C)C[C@H](N)C(=O)N1CCC[C@H]1C(=O)N[C@@H](Cc1c[nH]c2ccccc12)C(=O)N[C@@H](CCCCN)C(=O)N[C@@H](Cc1c[nH]c2ccccc12)C(=O)N1CCC[C@H]1C(=O)N[C@@H](Cc1c[nH]c2ccccc12)C(=O)N[C@@H](Cc1c[nH]c2ccccc12)C(=O)N1CCC[C@H]1C(=O)N[C@@H](Cc1c[nH]c2ccccc12)C(=O)N1CCC[C@H]1C(=O)N1CCC[C@H]1C(N)=O,3.6675615400843946
CC[C@H](C)[C@H](N)C(=O)N[C@@H](CC(C)C)C(=O)N1CCC[C@H]1C(=O)N[C@@H](Cc1c[nH]c2ccccc12)C(=O)N[C@@H](CCCCN)C(=O)N[C@@H](Cc1c[nH]c2ccccc12)C(=O)N1CCC[C@H]1C(=O)N[C@@H](Cc1c[nH]c2ccccc12)C(=O)N[C@@H](Cc1c[nH]c2ccccc12)C(=O)N1CCC[C@H]1C(=O)N[C@@H](Cc1c[nH]c2ccccc12)C(=O)N1CCC[C@H]1C(N)=O,3.744727494896694
CC[C@H](C)[C@H](N)C(=O)N[C@@H](CC(C)C)C(=O)N1CCC[C@H]1C(=O)N[C@@H](Cc1c[nH]c2ccccc12)C(=O)N[C@@H](CCCCN)C(=O)N[C@@H](Cc1c[nH]c2ccccc12)C(=O)N1CCC[C@H]1C(=O)N[C@@H](Cc1c[nH]c2ccccc12)C(=O)N[C@@H](Cc1c[nH]c2ccccc12)C(=O)N1CCC[C@H]1C(=O)N[C@@H](Cc1c[nH]c2ccccc12)C(=O)N1CCC[C@H]1C(N)=O,4.096910013008056
CC[C@H](C)[C@H](N)C(=O)N[C@@H](CC(C)C)C(=O)N1CCC[C@H]1C(=O)N[C@@H](Cc1c[nH]c2ccccc12)C(=O)NCC(=O)N[C@@H](Cc1c[nH]c2ccccc12)C(=O)N1CCC[C@H]1C(=O)N[C@@H](Cc1c[nH]c2ccccc12)C(=O)N[C@@H](Cc1c[nH]c2ccccc12)C(=O)N1CCC[C@H]1C(=O)N[C@@H](Cc1c[nH]c2ccccc12)C(=O)N1CCC[C@H]1C(=O)N1CCC[C@H]1C(N)=O,3.4775557664936803
CC[C@H](C)[C@H](N)C(=O)N[C@@H](CC(C)C)C(=O)N1CCC[C@H]1C(=O)N[C@@H](Cc1c[nH]c2ccccc12)C(=O)NCC(=O)N[C@@H](Cc1c[nH]c2ccccc12)C(=O)N1CCC[C@H]1C(=O)N[C@@H](Cc1c[nH]c2ccccc12)C(=O)N[C@@H](Cc1c[nH]c2ccccc12)C(=O)N1CCC[C@H]1C(=O)N[C@@H](Cc1c[nH]c2ccccc12)C(=O)N1CCC[C@H]1C(=O)N1CCC[C@H]1C(N)=O,3.4775557664936803
CC[C@H](C)[C@H](N)C(=O)N[C@@H](CC(C)C)C(=O)N1CCC[C@H]1C(=O)N[C@@H](Cc1c[nH]c2ccccc12)C(=O)NCC(=O)N[C@@H](Cc1c[nH]c2ccccc12)C(=O)N1CCC[C@H]1C(=O)N[C@@H](Cc1c[nH]c2ccccc12)C(=O)N[C@@H](Cc1c[nH]c2ccccc12)C(=O)N1CCC[C@H]1C(=O)N[C@@H](Cc1c[nH]c2ccccc12)C(=O)N[C@@H](CCCN=C(N)N)C(=O)N[C@@H](CCCN=C(N)N)C(N)=O,4.309803919971486
CC[C@H](C)[C@H](N)C(=O)N[C@@H](CC(C)C)C(=O)N1CCC[C@H]1C(=O)N[C@@H](Cc1c[nH]c2ccccc12)C(=O)NCC(=O)N[C@@H](Cc1c[nH]c2ccccc12)C(=O)N1CCC[C@H]1C(=O)N[C@@H](Cc1c[nH]c2ccccc12)C(=O)N[C@@H](Cc1c[nH]c2ccccc12)C(=O)N1CCC[C@H]1C(=O)N[C@@H](Cc1c[nH]c2ccccc12)C(=O)N[C@@H](CCCN=C(N)N)C(=O)N[C@@H](CCCN=C(N)N)C(N)=O,4.721246399047171
CC[C@H](C)[C@H](N)C(=O)N[C@@H](CC(C)C)C(=O)N[C@@H](C)C(=O)N[C@@H](Cc1c[nH]c2ccccc12)C(=O)N[C@@H](CCCCN)C(=O)N[C@@H](Cc1c[nH]c2ccccc12)C(=O)N[C@@H](C)C(=O)N[C@@H](Cc1c[nH]c2ccccc12)C(=O)N[C@@H](Cc1c[nH]c2ccccc12)C(=O)N[C@@H](C)C(=O)N[C@@H](Cc1c[nH]c2ccccc12)C(=O)N1CCC[C@H]1C(=O)N1CCC[C@H]1C(N)=O,4.267606240177032
CC[C@H](C)[C@H](N)C(=O)N[C@@H](CC(C)C)C(=O)N[C@@H](C)C(=O)N[C@@H](Cc1c[nH]c2ccccc12)C(=O)N[C@@H](CCCCN)C(=O)N[C@@H](Cc1c[nH]c2ccccc12)C(=O)N[C@@H](C)C(=O)N[C@@H](Cc1c[nH]c2ccccc12)C(=O)N[C@@H](Cc1c[nH]c2ccccc12)C(=O)N[C@@H](C)C(=O)N[C@@H](Cc1c[nH]c2ccccc12)C(=O)N1CCC[C@H]1C(=O)N1CCC[C@H]1C(N)=O,4.3872161432802645
CC[C@H](C)[C@H](N)C(=O)N[C@@H](CC(C)C)C(=O)N1CCC[C@H]1C(=O)N[C@@H](Cc1c[nH]c2ccccc12)C(=O)N[C@@H](CCCCN)C(=O)N[C@@H](Cc1c[nH]c2ccccc12)C(=O)N1CCC[C@H]1C(=O)N[C@@H](Cc1c[nH]c2ccccc12)C(=O)N[C@@H](Cc1c[nH]c2ccccc12)C(=O)N1CCC[C@H]1C(=O)N[C@@H](Cc1c[nH]c2ccccc12)C(=O)N1CCC[C@H]1C(=O)N1CCC[C@H]1C(=O)NCCCCC(NC(=O)[C@@H]1CCCN1C(=O)[C@@H]1CCCN1C(=O)[C@H](Cc1c[nH]c2ccccc12)NC(=O)[C@@H]1CCCN1C(=O)[C@H](Cc1c[nH]c2ccccc12)NC(=O)[C@H](Cc1c[nH]c2ccccc12)NC(=O)[C@@H]1CCCN1C(=O)[C@H](Cc1c[nH]c2ccccc12)NC(=O)[C@H](CCCCN)NC(=O)[C@H](Cc1c[nH]c2ccccc12)NC(=O)[C@@H]1CCCN1C(=O)[C@H](CC(C)C)NC(=O)[C@@H](N)[C@@H](C)CC)C(N)=O,5.552841968657781
CC[C@H](C)[C@H](N)C(=O)N[C@@H](CC(C)C)C(=O)N1CCC[C@H]1C(=O)N[C@@H](Cc1c[nH]c2ccccc12)C(=O)N[C@@H](CCCCN)C(=O)N[C@@H](Cc1c[nH]c2ccccc12)C(=O)N1CCC[C@H]1C(=O)N[C@@H](Cc1c[nH]c2ccccc12)C(=O)N[C@@H](Cc1c[nH]c2ccccc12)C(=O)N1CCC[C@H]1C(=O)N[C@@H](Cc1c[nH]c2ccccc12)C(=O)N1CCC[C@H]1C(=O)N1CCC[C@H]1C(=O)NCCCCC(NC(=O)[C@@H]1CCCN1C(=O)[C@@H]1CCCN1C(=O)[C@H](Cc1c[nH]c2ccccc12)NC(=O)[C@@H]1CCCN1C(=O)[C@H](Cc1c[nH]c2ccccc12)NC(=O)[C@H](Cc1c[nH]c2ccccc12)NC(=O)[C@@H]1CCCN1C(=O)[C@H](Cc1c[nH]c2ccccc12)NC(=O)[C@H](CCCCN)NC(=O)[C@H](Cc1c[nH]c2ccccc12)NC(=O)[C@@H]1CCCN1C(=O)[C@H](CC(C)C)NC(=O)[C@@H](N)[C@@H](C)CC)C(N)=O,5.309803919971486
CC[C@H](C)[C@@H](N)C(=O)N[C@H](CC(C)C)C(=O)N1CCC[C@@H]1C(=O)N[C@H](Cc1c[nH]c2ccccc12)C(=O)N[C@H](CCCCN)C(=O)N[C@H](Cc1c[nH]c2ccccc12)C(=O)N1CCC[C@@H]1C(=O)N[C@H](Cc1c[nH]c2ccccc12)C(=O)N[C@H](Cc1c[nH]c2ccccc12)C(=O)N1CCC[C@@H]1C(=O)N[C@H](Cc1c[nH]c2ccccc12)C(=O)N1CCC[C@@H]1C(=O)N1CCC[C@@H]1C(=O)NCCCCC(NC(=O)[C@H]1CCCN1C(=O)[C@H]1CCCN1C(=O)[C@@H](Cc1c[nH]c2ccccc12)NC(=O)[C@H]1CCCN1C(=O)[C@@H](Cc1c[nH]c2ccccc12)NC(=O)[C@@H](Cc1c[nH]c2ccccc12)NC(=O)[C@H]1CCCN1C(=O)[C@@H](Cc1c[nH]c2ccccc12)NC(=O)[C@@H](CCCCN)NC(=O)[C@@H](Cc1c[nH]c2ccccc12)NC(=O)[C@H]1CCCN1C(=O)[C@@H](CC(C)C)NC(=O)[C@H](N)[C@@H](C)CC)C(N)=O,5.638272163982407
CC[C@H](C)[C@@H](N)C(=O)N[C@H](CC(C)C)C(=O)N1CCC[C@@H]1C(=O)N[C@H](Cc1c[nH]c2ccccc12)C(=O)N[C@H](CCCCN)C(=O)N[C@H](Cc1c[nH]c2ccccc12)C(=O)N1CCC[C@@H]1C(=O)N[C@H](Cc1c[nH]c2ccccc12)C(=O)N[C@H](Cc1c[nH]c2ccccc12)C(=O)N1CCC[C@@H]1C(=O)N[C@H](Cc1c[nH]c2ccccc12)C(=O)N1CCC[C@@H]1C(=O)N1CCC[C@@H]1C(=O)NCCCCC(NC(=O)[C@H]1CCCN1C(=O)[C@H]1CCCN1C(=O)[C@@H](Cc1c[nH]c2ccccc12)NC(=O)[C@H]1CCCN1C(=O)[C@@H](Cc1c[nH]c2ccccc12)NC(=O)[C@@H](Cc1c[nH]c2ccccc12)NC(=O)[C@H]1CCCN1C(=O)[C@@H](Cc1c[nH]c2ccccc12)NC(=O)[C@@H](CCCCN)NC(=O)[C@@H](Cc1c[nH]c2ccccc12)NC(=O)[C@H]1CCCN1C(=O)[C@@H](CC(C)C)NC(=O)[C@H](N)[C@@H](C)CC)C(N)=O,5.638272163982407
CC[C@H](C)[C@H](N)C(=O)N[C@@H](CC(C)C)C(=O)N1CCC[C@H]1C(=O)N[C@@H](Cc1c[nH]c2ccccc12)C(=O)N[C@@H](CCCCN)C(=O)N[C@@H](Cc1c[nH]c2ccccc12)C(=O)N1CCC[C@H]1C(=O)N[C@@H](Cc1c[nH]c2ccccc12)C(=O)N[C@@H](Cc1c[nH]c2ccccc12)C(=O)N1CCC[C@H]1C(=O)N[C@@H](Cc1c[nH]c2ccccc12)C(=O)N1CCC[C@H]1C(=O)N1CCC[C@H]1C(=O)NCCCCC(NC(=O)[C@@H]1CCCN1C(=O)[C@@H]1CCCN1C(=O)[C@H](Cc1c[nH]c2ccccc12)NC(=O)[C@@H]1CCCN1C(=O)[C@H](Cc1c[nH]c2ccccc12)NC(=O)[C@H](Cc1c[nH]c2ccccc12)NC(=O)[C@@H]1CCCN1C(=O)[C@H](Cc1c[nH]c2ccccc12)NC(=O)[C@H](CCCCN)NC(=O)[C@H](Cc1c[nH]c2ccccc12)NC(=O)[C@@H]1CCCN1C(=O)[C@H](CC(C)C)NC(=O)[C@@H](N)[C@@H](C)CC)C(=O)NCCCCC(NC(=O)C(CCCCNC(=O)[C@@H]1CCCN1C(=O)[C@@H]1CCCN1C(=O)[C@H](Cc1c[nH]c2ccccc12)NC(=O)[C@@H]1CCCN1C(=O)[C@H](Cc1c[nH]c2ccccc12)NC(=O)[C@H](Cc1c[nH]c2ccccc12)NC(=O)[C@@H]1CCCN1C(=O)[C@H](Cc1c[nH]c2ccccc12)NC(=O)[C@H](CCCCN)NC(=O)[C@H](Cc1c[nH]c2ccccc12)NC(=O)[C@@H]1CCCN1C(=O)[C@H](CC(C)C)NC(=O)[C@H](N)[C@@H](C)CC)NC(=O)[C@@H]1CCCN1C(=O)[C@@H]1CCCN1C(=O)[C@H](Cc1c[nH]c2ccccc12)NC(=O)[C@@H]1CCCN1C(=O)[C@H](Cc1c[nH]c2ccccc12)NC(=O)[C@H](Cc1c[nH]c2ccccc12)NC(=O)[C@@H]1CCCN1C(=O)[C@H](Cc1c[nH]c2ccccc12)NC(=O)[C@H](CCCCN)NC(=O)[C@H](Cc1c[nH]c2ccccc12)NC(=O)[C@@H]1CCCN1C(=O)[C@H](CC(C)C)NC(=O)[C@@H](N)[C@@H](C)CC)C(N)=O,6.221848749616356
CC[C@H](C)[C@H](N)C(=O)N[C@@H](CC(C)C)C(=O)N1CCC[C@H]1C(=O)N[C@@H](Cc1c[nH]c2ccccc12)C(=O)N[C@@H](CCCCN)C(=O)N[C@@H](Cc1c[nH]c2ccccc12)C(=O)N1CCC[C@H]1C(=O)N[C@@H](Cc1c[nH]c2ccccc12)C(=O)N[C@@H](Cc1c[nH]c2ccccc12)C(=O)N1CCC[C@H]1C(=O)N[C@@H](Cc1c[nH]c2ccccc12)C(=O)N1CCC[C@H]1C(=O)N1CCC[C@H]1C(=O)NCCCCC(NC(=O)[C@@H]1CCCN1C(=O)[C@@H]1CCCN1C(=O)[C@H](Cc1c[nH]c2ccccc12)NC(=O)[C@@H]1CCCN1C(=O)[C@H](Cc1c[nH]c2ccccc12)NC(=O)[C@H](Cc1c[nH]c2ccccc12)NC(=O)[C@@H]1CCCN1C(=O)[C@H](Cc1c[nH]c2ccccc12)NC(=O)[C@H](CCCCN)NC(=O)[C@H](Cc1c[nH]c2ccccc12)NC(=O)[C@@H]1CCCN1C(=O)[C@H](CC(C)C)NC(=O)[C@@H](N)[C@@H](C)CC)C(=O)NCCCCC(NC(=O)C(CCCCNC(=O)[C@@H]1CCCN1C(=O)[C@@H]1CCCN1C(=O)[C@H](Cc1c[nH]c2ccccc12)NC(=O)[C@@H]1CCCN1C(=O)[C@H](Cc1c[nH]c2ccccc12)NC(=O)[C@H](Cc1c[nH]c2ccccc12)NC(=O)[C@@H]1CCCN1C(=O)[C@H](Cc1c[nH]c2ccccc12)NC(=O)[C@H](CCCCN)NC(=O)[C@H](Cc1c[nH]c2ccccc12)NC(=O)[C@@H]1CCCN1C(=O)[C@H](CC(C)C)NC(=O)[C@H](N)[C@@H](C)CC)NC(=O)[C@@H]1CCCN1C(=O)[C@@H]1CCCN1C(=O)[C@H](Cc1c[nH]c2ccccc12)NC(=O)[C@@H]1CCCN1C(=O)[C@H](Cc1c[nH]c2ccccc12)NC(=O)[C@H](Cc1c[nH]c2ccccc12)NC(=O)[C@@H]1CCCN1C(=O)[C@H](Cc1c[nH]c2ccccc12)NC(=O)[C@H](CCCCN)NC(=O)[C@H](Cc1c[nH]c2ccccc12)NC(=O)[C@@H]1CCCN1C(=O)[C@H](CC(C)C)NC(=O)[C@@H](N)[C@@H](C)CC)C(N)=O,6.221848749616356
COC(=O)C(=O)CC(=O)c1cc2cc3c(cc2n1Cc1ccccc1)OCO3,4.853871964321762
COC(=O)C(=O)CC(=O)c1cn(C)c2cc3c(cc12)OCO3,4.0
COC(=O)C(=O)CC(=O)c1cn(C)c2cc3c(cc12)OCO3,4.221848749616356
CCn1cc(C(=O)CC(=O)C(=O)OC)c2ccccc21,4.0
CCn1cc(C(=O)CC(=O)C(=O)OC)c2ccccc21,4.585026652029182
Cn1c(/C(O)=C/C(=O)C(=O)O)cc2ccccc21,4.301029995663981
Cn1c(/C(O)=C/C(=O)C(=O)O)cc2ccccc21,5.221848749616356
Cn1c(/C(O)=C/C(=O)C(=O)O)cc2cc3c(cc21)OCO3,4.958607314841775
Cn1c(/C(O)=C/C(=O)C(=O)O)cc2cc3c(cc21)OCO3,5.698970004336019
CCn1c(/C(O)=C/C(=O)C(=O)O)cc2ccccc21,4.795880017344075
CCn1c(/C(O)=C/C(=O)C(=O)O)cc2ccccc21,5.795880017344075
CCn1c(/C(O)=C/C(=O)C(=O)O)cc2cc3c(cc21)OCO3,4.259637310505756
CCn1c(/C(O)=C/C(=O)C(=O)O)cc2cc3c(cc21)OCO3,5.301029995663981
O=C(O)C(=O)/C=C(\O)c1cc2ccccc2n1Cc1ccccc1,4.698970004336019
O=C(O)C(=O)/C=C(\O)c1cc2ccccc2n1Cc1ccccc1,6.0
O=C(O)C(=O)/C=C(\O)c1cc2cc3c(cc2n1Cc1ccccc1)OCO3,4.455931955649724
O=C(O)C(=O)/C=C(\O)c1cc2cc3c(cc2n1Cc1ccccc1)OCO3,5.698970004336019
Cn1cc(/C(O)=C/C(=O)C(=O)O)c2ccccc21,4.0
Cn1cc(/C(O)=C/C(=O)C(=O)O)c2ccccc21,5.698970004336019
Cn1cc(/C(O)=C/C(=O)C(=O)O)c2cc3c(cc21)OCO3,4.0
Cn1cc(/C(O)=C/C(=O)C(=O)O)c2cc3c(cc21)OCO3,5.522878745280337
CCn1cc(/C(O)=C/C(=O)C(=O)O)c2ccccc21,4.031517051446065
CCn1cc(/C(O)=C/C(=O)C(=O)O)c2ccccc21,5.522878745280337
CCn1cc(/C(O)=C/C(=O)C(=O)O)c2cc3c(cc21)OCO3,4.346787486224656
CCn1cc(/C(O)=C/C(=O)C(=O)O)c2cc3c(cc21)OCO3,5.522878745280337
O=C(O)C(=O)/C=C(\O)c1cn(Cc2ccccc2)c2ccccc12,4.920818753952375
O=C(O)C(=O)/C=C(\O)c1cn(Cc2ccccc2)c2ccccc12,6.0
COC(=O)C(=O)CC(=O)c1cc2ccccc2n1C,4.0
COC(=O)C(=O)CC(=O)c1cc2ccccc2n1C,4.346787486224656
COC(=O)C(=O)CC(=O)c1cc2cc3c(cc2n1C)OCO3,4.0
COC(=O)C(=O)CC(=O)c1cc2cc3c(cc2n1C)OCO3,4.301029995663981
CCn1c(C(=O)CC(=O)C(=O)OC)cc2cc3c(cc21)OCO3,4.070581074285707
CCn1c(C(=O)CC(=O)C(=O)OC)cc2cc3c(cc21)OCO3,4.187086643357144
COC(=O)C(=O)CC(=O)c1cc2cc3c(cc2n1Cc1ccccc1)OCO3,4.0
O=C(O)c1nc(-c2ccccc2)nc(O)c1O,4.301029995663981
O=C(O)c1nc(-c2ccc(Cl)cc2)nc(O)c1O,4.301029995663981
O=C(O)c1nc(-c2cccc(OCc3ccccc3)c2)nc(O)c1O,4.301029995663981
O=C(O)c1nc(-c2cccc(O)c2)nc(O)c1O,4.301029995663981
CC(=O)c1ccc(/C=C/S(=O)(=O)CS(=O)(=O)/C=C/c2ccc(C(C)=O)c(C(C)=O)c2)cc1C(C)=O,4.154901959985743
CC(=O)c1ccc(/C=C/S(=O)(=O)CS(=O)(=O)/C=C/c2ccc(C(C)=O)c(C(C)=O)c2)cc1C(C)=O,4.154901959985743
O=S(=O)(/C=C/c1ccc(O)c(O)c1)CS(=O)(=O)/C=C/c1ccc(O)c(O)c1,5.3979400086720375
O=S(=O)(/C=C/c1ccc(O)c(O)c1)CS(=O)(=O)/C=C/c1ccc(O)c(O)c1,5.301029995663981
CC(=O)c1cc(/C=C/S(=O)(=O)CS(=O)(=O)/C=C/c2cc(C(C)=O)c(C(C)=O)c(C(C)=O)c2)cc(C(C)=O)c1C(C)=O,4.301029995663981
CC(=O)c1cc(/C=C/S(=O)(=O)CS(=O)(=O)/C=C/c2cc(C(C)=O)c(C(C)=O)c(C(C)=O)c2)cc(C(C)=O)c1C(C)=O,5.301029995663981
O=S(=O)(/C=C/c1cc(O)c(O)c(O)c1)CS(=O)(=O)/C=C/c1cc(O)c(O)c(O)c1,5.7447274948966935
O=S(=O)(/C=C/c1cc(O)c(O)c(O)c1)CS(=O)(=O)/C=C/c1cc(O)c(O)c(O)c1,6.045757490560675
COc1cc(/C=C/S(=O)(=O)CS(=O)(=O)/C=C/c2cc(OC)c(C(C)=O)c(C(C)=O)c2)cc(C(C)=O)c1C(C)=O,4.522878745280337
COc1cc(/C=C/S(=O)(=O)CS(=O)(=O)/C=C/c2cc(OC)c(C(C)=O)c(C(C)=O)c2)cc(C(C)=O)c1C(C)=O,4.522878745280337
COc1cc(/C=C/S(=O)(=O)CS(=O)(=O)/C=C/c2cc(O)c(O)c(OC)c2)cc(O)c1O,4.301029995663981
COc1cc(/C=C/S(=O)(=O)CS(=O)(=O)/C=C/c2cc(O)c(O)c(OC)c2)cc(O)c1O,4.301029995663981
COc1cc(/C=C/S(=O)(=O)CS(=O)(=O)/C=C/c2ccccc2)cc(C(C)=O)c1C(C)=O,4.096910013008056
COc1cc(/C=C/S(=O)(=O)CS(=O)(=O)/C=C/c2ccccc2)cc(C(C)=O)c1C(C)=O,4.096910013008056
COc1cc(/C=C/S(=O)(=O)CS(=O)(=O)/C=C/c2ccccc2)cc(O)c1O,4.096910013008056
COc1cc(/C=C/S(=O)(=O)CS(=O)(=O)/C=C/c2ccccc2)cc(O)c1O,4.096910013008056
COc1cc(/C=C/S(=O)(=O)CS(=O)(=O)/C=C/c2ccc(C(C)=O)c(OC)c2)ccc1C(C)=O,3.0
COc1cc(/C=C/S(=O)(=O)CS(=O)(=O)/C=C/c2ccc(C(C)=O)c(OC)c2)ccc1C(C)=O,3.0
O=S(=O)(/C=C/c1ccc(OCc2ccccc2)c(OCc2ccccc2)c1)CS(=O)(=O)/C=C/c1ccc(OCc2ccccc2)c(OCc2ccccc2)c1,3.154901959985743
O=S(=O)(/C=C/c1ccc(OCc2ccccc2)c(OCc2ccccc2)c1)CS(=O)(=O)/C=C/c1ccc(OCc2ccccc2)c(OCc2ccccc2)c1,3.154901959985743
O=C(O)C(=O)CC(=O)c1cc(OCc2ccccc2)cc(OCc2ccccc2)c1,3.0
O=C(O)C(=O)CC(=O)c1cc(OCc2ccccc2)cc(OCc2ccccc2)c1,6.318758762624412
O=C(N/N=C/c1ccc(O)cc1O)c1cc(C2CC2)[nH]n1,3.752026733638193
O=C(N/N=C/c1ccc(O)cc1O)c1cc(C2CC2)[nH]n1,4.366531544420414
O=C(NCc1cccc(CNC(=O)C(=O)NCc2ccco2)c1)C(=O)NCc1ccco1,4.0
O=C(NCc1cccc(CNC(=O)C(=O)NCc2ccco2)c1)C(=O)NCc1ccco1,4.0
O=C(NCc1cccc(CNC(=O)C(=O)NCc2ccco2)c1)C(=O)NCc1ccco1,3.0
O=C(NCc1cccc(CNC(=O)C(=O)NCc2ccco2)c1)C(=O)NCc1ccco1,4.3979400086720375
COC(=O)c1cc(NS(=O)(=O)c2ccc(NCc3cccnc3)c(N)c2)cc(C(=O)OC)c1,4.0
COC(=O)c1cc(NS(=O)(=O)c2ccc(NCc3cccnc3)c(N)c2)cc(C(=O)OC)c1,4.0
COc1cc(/C=N/NC(=O)c2cc(C3CC3)[nH]n2)ccc1O,4.0
COc1cc(/C=N/NC(=O)c2cc(C3CC3)[nH]n2)ccc1O,4.0
CCOC(=O)C(=O)NCc1ccc(/C=C2/N=C(C)C(C(=O)OCC)=C2O)o1,4.0
CCOC(=O)C(=O)NCc1ccc(/C=C2/N=C(C)C(C(=O)OCC)=C2O)o1,4.0
CCOc1ccc2[nH]c(SCC(=O)Nc3cc(C(=O)O)cc(C(=O)O)c3)nc2c1,4.0
CCOc1ccc2[nH]c(SCC(=O)Nc3cc(C(=O)O)cc(C(=O)O)c3)nc2c1,4.0
COC(=O)C1=C(O)/C(=C\c2ccc(CNC(=O)C(=O)Nc3ccc(C)cc3)o2)N=C1C,4.0
COC(=O)C1=C(O)/C(=C\c2ccc(CNC(=O)C(=O)Nc3ccc(C)cc3)o2)N=C1C,4.0915149811213505
COC(=O)c1sccc1NC(=O)c1ccc(C(=O)Nc2ccsc2C(=O)OC)cc1,4.0
COC(=O)c1sccc1NC(=O)c1ccc(C(=O)Nc2ccsc2C(=O)OC)cc1,4.013228265733755
O=C(O)c1cc(NS(=O)(=O)c2ccc(NCc3ccccc3)c([N+](=O)[O-])c2)cc(C(=O)O)c1,4.0
O=C(O)c1cc(NS(=O)(=O)c2ccc(NCc3ccccc3)c([N+](=O)[O-])c2)cc(C(=O)O)c1,4.180456064458132
O=C(Nc1ccc(Cc2ccc(NC(=O)c3cccs3)c(C(=O)O)c2)cc1C(=O)O)c1cccs1,4.200659450546418
O=C(Nc1ccc(Cc2ccc(NC(=O)c3cccs3)c(C(=O)O)c2)cc1C(=O)O)c1cccs1,4.42021640338319
O=C(Nc1ccc(Cc2ccc(NC(=O)c3cccc([N+](=O)[O-])c3)c(C(=O)O)c2)cc1C(=O)O)c1cccc([N+](=O)[O-])c1,4.823908740944319
O=C(Nc1ccc(Cc2ccc(NC(=O)c3cccc([N+](=O)[O-])c3)c(C(=O)O)c2)cc1C(=O)O)c1cccc([N+](=O)[O-])c1,4.886056647693163
CCN(CC)c1ccc(/C=N/Nc2nonc2N)c(O)c1,4.0
CCN(CC)c1ccc(/C=N/Nc2nonc2N)c(O)c1,4.0
CCc1cc(/C=N/CC/N=C/c2cc(CC)sc2S)c(S)s1,4.0
CCc1cc(/C=N/CC/N=C/c2cc(CC)sc2S)c(S)s1,4.6777807052660805
CCc1cc(/C=N/CC/N=C/c2cc(CC)sc2S)c(S)s1,4.0
CCc1cc(/C=N/CC/N=C/c2cc(CC)sc2S)c(S)s1,5.221848749616356
O=C(Nc1ccc(Cc2ccc(O)c(NC(=O)c3ccccc3F)c2)cc1O)c1ccccc1F,4.0
O=C(Nc1ccc(Cc2ccc(O)c(NC(=O)c3ccccc3F)c2)cc1O)c1ccccc1F,4.0
O=C(Nc1ccc(Cc2ccc(O)c(NC(=O)c3ccccc3F)c2)cc1O)c1ccccc1F,3.688246138944246
O=C(Nc1ccc(Cc2ccc(O)c(NC(=O)c3ccccc3F)c2)cc1O)c1ccccc1F,4.481486060122113
COc1ccc(C(=O)Nc2ccc(Cc3ccc(NC(=O)c4ccc(OC)cc4)c(O)c3)cc2O)cc1,4.0
COc1ccc(C(=O)Nc2ccc(Cc3ccc(NC(=O)c4ccc(OC)cc4)c(O)c3)cc2O)cc1,4.0
Cc1ccc(NC(=O)C(=O)NCc2ccc(/C=N\NC(=O)C(=O)Nc3cc(Cl)ccc3C)o2)cc1C,4.0
Cc1ccc(NC(=O)C(=O)NCc2ccc(/C=N\NC(=O)C(=O)Nc3cc(Cl)ccc3C)o2)cc1C,4.0
Cc1ccc(NC(=O)C(=O)NCc2ccc(/C=N\NC(=O)C(=O)Nc3cc(Cl)ccc3C)o2)cc1C,3.2924298239020637
Cc1ccc(NC(=O)C(=O)NCc2ccc(/C=N\NC(=O)C(=O)Nc3cc(Cl)ccc3C)o2)cc1C,4.154901959985743
O=C(NCc1ccc(F)cc1)c1nc(N2CCCCS2(=O)=O)c2cccnc2c1O,8.0
O=C(NCc1ccc(F)cc1)c1nc(N2CCCCS2(=O)=O)c2cccnc2c1O,9.301029995663981
O=C(NCc1ccc(F)cc1)c1nc(N2CCCCS2(=O)=O)c2cccnc2c1O,6.920818753952375
O=C(NCc1ccc(F)cc1)c1nc(N2CCCCS2(=O)=O)c2cccnc2c1O,8.602059991327963
O=C(O)C(=O)/C=C(\O)c1cccn1Cc1ccc(F)cc1,7.301029995663981
O=C(c1cc(Cc2ccccc2)ccn1)c1ccc2cccnc2c1O,7.301029995663981
O=C(O)C(=O)/C=C(\O)c1cc(OCc2ccccc2)cc(OCc2ccccc2)c1,7.0
COc1cc(Cc2ccccc2)cc(/C(O)=C/C(=O)C(=O)O)c1,6.853871964321762
O=C(O)C(=O)/C=C(\O)c1cccc(Cc2cccc(F)c2)c1,6.6020599913279625
O=C(O)C(=O)/C=C(\O)c1cccc(OCc2ccccc2)c1,6.455931955649724
O=c1c2cc(Cc3ccccc3)ccc2oc2ccc(O)c(O)c12,6.221848749616356
O=C(c1cccc(Cc2ccccc2)c1)c1oc2cccnc2c1O,6.0
O=C(O)C(=O)/C=C(\O)c1c[nH]c2ccccc12,5.844663962534939
O=C(CC(=O)c1c[nH]c2ccccc12)c1nnn[nH]1,5.709965388637482
O=C(O)C(=O)/C=C(\O)c1cccc(Br)c1,5.6020599913279625
CCC(=O)C(=O)/C=C(\O)c1c[nH]c2ccc(Cl)cc12,5.161150909262744
O=C(O)C(=O)/C=C(\O)c1ccc(Oc2ccccc2)cc1,4.943095148663527
O=C(O)C(=O)/C=C(\O)c1ccccc1,4.616184634019569
CC(C)OC(=O)C(=O)/C=C(\O)c1cccn1Cc1ccc(F)cc1,4.0
CCCCOC(=O)C(=O)/C=C(\O)c1cccn1Cc1ccc(F)cc1,4.0
O=C(O)C(=O)/C=C(\O)c1cccc(Cc2ccccc2)c1,8.0
O=C(/C=C(\O)c1ccc(Cc2ccc(F)cc2)o1)c1nc[nH]n1,7.698970004336019
NC(=O)C(=O)Nc1nc(C(=O)NCc2ccc(F)cc2)c(O)c2ncccc12,7.3979400086720375
O=C(c1cccc(Cc2ccccc2)c1)c1ncc2cccnc2c1O,7.3979400086720375
COc1ccc(Cc2ccccc2)cc1/C(O)=C/C(=O)C(=O)O,7.0
COc1ccc(/C(O)=C/C(=O)C(=O)O)cc1Cc1ccccc1,6.823908740944319
O=C(O)C(=O)/C=C(\O)c1ccsc1Cc1ccccc1,6.7447274948966935
O=C(O)C(=O)/C=C(\O)c1cccn1Cc1ccccc1,6.657577319177793
O=C(c1cccc(Cc2ccccc2)c1)c1ccc2cccnc2c1O,6.431798275933005
O=C(O)C(=O)/C=C(\O)c1ccc(Cc2ccccc2)s1,6.301029995663981
O=C(O)C(=O)/C=C(\O)c1c[nH]c2ccc(Cl)cc12,6.2839966563652006
O=C(O)C(=O)/C=C(\O)c1ccc(/C(O)=C/C(=O)C(=O)O)cc1,5.892790030352131
O=C(O)C(=O)/C=C(\O)c1cccc(/C(O)=C/C(=O)C(=O)O)c1,5.7447274948966935
O=C(/C=C(\O)c1c[nH]c2ccc(Cl)cc12)c1nc[nH]n1,5.698970004336019
O=C(O)C(=O)/C=C(\O)c1cccc(NC(=O)c2ccccc2)c1,4.455931955649724
O=C(O)C(=O)/C=C(\O)c1ccnc2ccccc12,4.0
CCOC(=O)C(=O)/C=C(\O)c1cn(Cc2ccccc2)c2ccccc12,6.119186407719209
CCOC(=O)C(=O)/C=C(\O)c1cn(Cc2ccccc2)c2ccccc12,3.5433303705762422
CCOC(=O)C(=O)/C=C(\O)c1cn(Cc2ccccc2)c2ccccc12,5.267606240177032
CCOC(=O)C(=O)/C=C(\O)c1cn(Cc2ccc(F)cc2)c2ccccc12,5.920818753952375
CCOC(=O)C(=O)/C=C(\O)c1cn(Cc2ccc(F)cc2)c2ccccc12,3.565111879132684
CCOC(=O)C(=O)/C=C(\O)c1cn(Cc2ccc(F)cc2)c2ccccc12,5.823908740944319
CCOC(=O)C(=O)/C=C(\O)c1cn(Cc2ccccc2)c2ccc(Cl)cc12,6.657577319177793
CCOC(=O)C(=O)/C=C(\O)c1cn(Cc2ccccc2)c2ccc(Cl)cc12,4.991825815993574
CCOC(=O)C(=O)/C=C(\O)c1cn(Cc2ccccc2)c2ccc(Cl)cc12,7.522878745280337
CCOC(=O)C(=O)/C=C(\O)c1cn(Cc2ccc(F)cc2)c2ccc(Cl)cc12,6.4089353929735005
CCOC(=O)C(=O)/C=C(\O)c1cn(Cc2ccc(F)cc2)c2ccc(Cl)cc12,4.940436582098732
CCOC(=O)C(=O)/C=C(\O)c1cn(Cc2ccc(F)cc2)c2ccc(Cl)cc12,7.154901959985743
CCOC(=O)C(=O)/C=C(\O)c1cn(Cc2ccccc2)c2ccc(OC)cc12,6.823908740944319
CCOC(=O)C(=O)/C=C(\O)c1cn(Cc2ccccc2)c2ccc(OC)cc12,3.789146634685107
CCOC(=O)C(=O)/C=C(\O)c1cn(Cc2ccccc2)c2ccc(OC)cc12,6.167491087293763
CCOC(=O)C(=O)/C=C(\O)c1cn(Cc2ccc(F)cc2)c2ccc(OC)cc12,6.657577319177793
CCOC(=O)C(=O)/C=C(\O)c1cn(Cc2ccc(F)cc2)c2ccc(OC)cc12,3.883724412419456
CCOC(=O)C(=O)/C=C(\O)c1cn(Cc2ccc(F)cc2)c2ccc(OC)cc12,6.096910013008056
O=C(O)C(=O)/C=C(\O)c1cn(Cc2ccccc2)c2ccccc12,7.698970004336019
O=C(O)C(=O)/C=C(\O)c1cn(Cc2ccccc2)c2ccccc12,5.08196966321512
O=C(O)C(=O)/C=C(\O)c1cn(Cc2ccccc2)c2ccccc12,7.522878745280337
O=C(O)C(=O)/C=C(\O)c1cn(Cc2ccc(F)cc2)c2ccccc12,8.698970004336019
O=C(O)C(=O)/C=C(\O)c1cn(Cc2ccc(F)cc2)c2ccccc12,5.275724130399211
O=C(O)C(=O)/C=C(\O)c1cn(Cc2ccc(F)cc2)c2ccccc12,7.823908740944319
O=C(O)C(=O)/C=C(\O)c1cn(Cc2ccccc2)c2ccc(Cl)cc12,8.0
O=C(O)C(=O)/C=C(\O)c1cn(Cc2ccccc2)c2ccc(Cl)cc12,6.013228265733755
O=C(O)C(=O)/C=C(\O)c1cn(Cc2ccccc2)c2ccc(Cl)cc12,7.0
O=C(O)C(=O)/C=C(\O)c1cn(Cc2ccc(F)cc2)c2ccc(Cl)cc12,6.698970004336019
O=C(O)C(=O)/C=C(\O)c1cn(Cc2ccc(F)cc2)c2ccc(Cl)cc12,5.798602875679548
O=C(O)C(=O)/C=C(\O)c1cn(Cc2ccc(F)cc2)c2ccc(Cl)cc12,8.0
COc1ccc2c(c1)c(/C(O)=C/C(=O)C(=O)O)cn2Cc1ccccc1,7.769551078621726
COc1ccc2c(c1)c(/C(O)=C/C(=O)C(=O)O)cn2Cc1ccccc1,5.665546248849069
COc1ccc2c(c1)c(/C(O)=C/C(=O)C(=O)O)cn2Cc1ccccc1,7.6777807052660805
COc1ccc2c(c1)c(/C(O)=C/C(=O)C(=O)O)cn2Cc1ccc(F)cc1,7.721246399047171
COc1ccc2c(c1)c(/C(O)=C/C(=O)C(=O)O)cn2Cc1ccc(F)cc1,5.567030709125595
COc1ccc2c(c1)c(/C(O)=C/C(=O)C(=O)O)cn2Cc1ccc(F)cc1,8.397940008672037
O=C(NCc1ccc(F)cc1)c1ncc2cccnc2c1O,7.484126156288321
O=C1CC(c2nc(C(=O)NCc3ccc(F)cc3)c(O)c3ncccc23)NC(=O)N1,8.0
CN1C(=O)NC(=O)CC1c1nc(C(=O)NCc2ccc(F)cc2)c(O)c2ncccc12,7.903089986991944
CN1C(=O)CC(c2nc(C(=O)NCc3ccc(F)cc3)c(O)c3ncccc23)NC1=O,7.892790030352131
CN1C(=O)CC(c2nc(C(=O)NCc3ccc(F)cc3)c(O)c3ncccc23)N(C)C1=O,8.060480747381382
O=C1CC(c2nc(C(=O)NCc3ccc(F)cc3)c(O)c3ncccc23)NC(=O)N1,7.958607314841775
O=C1CC(c2nc(C(=O)NCc3ccc(F)cc3)c(O)c3ncccc23)NC(=O)N1,7.876148359032914
CN1C(=O)CC(c2nc(C(=O)NCc3ccc(F)cc3)c(O)c3ncccc23)N(C)C1=O,7.94692155651658
CN1C(=O)CC(c2nc(C(=O)NCc3ccc(F)cc3)c(O)c3ncccc23)N(C)C1=O,7.455931955649724
CN1C(=O)CC(c2nc(C(=O)NCc3ccc(F)cc3)c(O)c3ncccc23)N(C)C1=O,7.560667306169737
O=c1oc2cc(O)c(O)cc2cc1O,5.698970004336019
O=C(O)/C=C/c1ccc(Oc2cc3cc(O)c(O)cc3oc2=O)c(O)c1,5.698970004336019
O=C(O)/C=C/c1ccc(O)c(Oc2cc3cc(O)c(O)cc3oc2=O)c1,6.0
O=C(Nc1ccc(O)c(-c2nc3ccccc3o2)c1)c1cccc2ccccc12,4.853871964321762
O=C(Nc1ccc(O)c(-c2nc3ccccc3o2)c1)c1cccc2ccccc12,5.221848749616356
COc1ccc(C(=O)Nc2ccc(O)c(-c3nc4ccccc4o3)c2)cc1[N+](=O)[O-],5.221848749616356
COc1ccc(C(=O)Nc2ccc(O)c(-c3nc4ccccc4o3)c2)cc1[N+](=O)[O-],5.154901959985743
O=C(/C=C/c1ccc(-c2ccccc2[N+](=O)[O-])o1)Nc1ccc(O)c(-c2nc3ccccc3o2)c1,4.638272163982407
O=C(/C=C/c1ccc(-c2ccccc2[N+](=O)[O-])o1)Nc1ccc(O)c(-c2nc3ccccc3o2)c1,4.200659450546418
O=C(Nc1ccc(O)c(-c2nc3cc(Cl)ccc3o2)c1)c1cccnc1,4.214670164989233
O=C(Nc1ccc(O)c(-c2nc3cc(Cl)ccc3o2)c1)c1cccnc1,5.0
COc1ccc2oc(=O)c(-c3csc(N/N=C/c4ccccc4O)n3)cc2c1,4.522878745280337
COc1ccc2oc(=O)c(-c3csc(N/N=C/c4ccccc4O)n3)cc2c1,5.0
CC(C)Cn1c(=O)c(C(=O)Nc2ccccc2S(N)(=O)=O)c(O)c2ccccc21,4.3979400086720375
CC(C)Cn1c(=O)c(C(=O)Nc2ccccc2S(N)(=O)=O)c(O)c2ccccc21,4.795880017344075
O=C(Cc1ccccc1)Nc1cc(C(=O)O)c(NC(=O)Cc2ccccc2)cc1C(=O)O,5.045757490560675
O=C(Cc1ccccc1)Nc1cc(C(=O)O)c(NC(=O)Cc2ccccc2)cc1C(=O)O,5.154901959985743
O=C(O)c1cc(NC(=O)c2cccc3ccccc23)c(C(=O)O)cc1NC(=O)c1cccc2ccccc12,4.552841968657781
O=C(O)c1cc(NC(=O)c2cccc3ccccc23)c(C(=O)O)cc1NC(=O)c1cccc2ccccc12,4.6777807052660805
O=C(c1ccccc1)c1cc(Br)ccc1NC(=O)c1nc[nH]c1C(=O)O,4.795880017344075
O=C(c1ccccc1)c1cc(Br)ccc1NC(=O)c1nc[nH]c1C(=O)O,4.769551078621726
O=C(O)C(Cc1c[nH]c2ccccc12)NS(=O)(=O)c1ccccc1[N+](=O)[O-],4.055517327849831
O=C(O)C(Cc1c[nH]c2ccccc12)NS(=O)(=O)c1ccccc1[N+](=O)[O-],4.251811972993799
O=C(N/N=C/c1cc(Br)ccc1O)/C(=C/C=C/c1ccccc1)NC(=O)c1ccccc1,4.045757490560675
O=C(N/N=C/c1cc(Br)ccc1O)/C(=C/C=C/c1ccccc1)NC(=O)c1ccccc1,4.638272163982407
O=C(/N=N/c1c(O)[nH]c2ccc(F)cc12)/C(=C/C=C/c1ccccc1)NC(=O)c1ccccc1,4.221848749616356
O=C(/N=N/c1c(O)[nH]c2ccc(F)cc12)/C(=C/C=C/c1ccccc1)NC(=O)c1ccccc1,4.42021640338319
O=C(CSc1nc(O)cc(CSc2ccc(Cl)cc2)n1)Nc1ccc(Cl)cc1Cl,4.468521082957745
O=C(CSc1nc(O)cc(CSc2ccc(Cl)cc2)n1)Nc1ccc(Cl)cc1Cl,4.619788758288394
O=C(/C=C(\O)c1ccc(Cl)cc1)C(=O)/N=N/c1c(O)[nH]c2ccc(Br)cc12,4.376750709602099
O=C(/C=C(\O)c1ccc(Cl)cc1)C(=O)/N=N/c1c(O)[nH]c2ccc(Br)cc12,4.552841968657781
COc1ccc(CCNC(=O)CC(=O)N/N=C/c2ccco2)cc1OC,4.0
COc1ccc(CCNC(=O)CC(=O)N/N=C/c2ccco2)cc1OC,4.045757490560675
O=C(/C=C/c1ccco1)NC(=S)Nc1ccccc1O,4.2441251443275085
O=C(/C=C/c1ccco1)NC(=S)Nc1ccccc1O,4.552841968657781
Cc1[nH]n(-c2ccccc2)c(=O)c1C(c1ccc(O)c(O)c1)c1c(C)n(C)n(-c2ccccc2)c1=O,4.050609993355087
Cc1[nH]n(-c2ccccc2)c(=O)c1C(c1ccc(O)c(O)c1)c1c(C)n(C)n(-c2ccccc2)c1=O,4.508638306165727
COc1cc(/C=N/NC2=NC(=O)C(CC(=O)Nc3ccc(Cl)c(Cl)c3)S2)ccc1O,4.050609993355087
COc1cc(/C=N/NC2=NC(=O)C(CC(=O)Nc3ccc(Cl)c(Cl)c3)S2)ccc1O,4.42021640338319
O=C(CSc1nc2ccccc2n1Cc1ccccc1)N/N=C/c1cc(Br)ccc1O,4.221848749616356
O=C(CSc1nc2ccccc2n1Cc1ccccc1)N/N=C/c1cc(Br)ccc1O,4.292429823902063
COc1ccc(N(CC(=O)N/N=C/c2c(O)ccc3ccccc23)S(C)(=O)=O)cc1Cl,4.022276394711152
COc1ccc(N(CC(=O)N/N=C/c2c(O)ccc3ccccc23)S(C)(=O)=O)cc1Cl,4.229147988357856
O=C(N/N=C/c1ccc(/C=N/NC(=O)c2cc(O)cc(O)c2)cc1)c1cc(O)cc(O)c1,4.119186407719209
O=C(N/N=C/c1ccc(/C=N/NC(=O)c2cc(O)cc(O)c2)cc1)c1cc(O)cc(O)c1,4.251811972993799
Oc1ccccc1/C=N/CC(O)C/N=C/c1ccccc1O,4.013228265733755
Oc1ccccc1/C=N/CC(O)C/N=C/c1ccccc1O,4.214670164989233
Cc1ccc(C(=O)C2=C(O)C(=O)N(CCCc3c[nH]cn3)C2c2ccc(Cl)cc2)cc1,4.031517051446065
Cc1ccc(C(=O)C2=C(O)C(=O)N(CCCc3c[nH]cn3)C2c2ccc(Cl)cc2)cc1,4.173925197299174
Cc1ccc(S(=O)(=O)Nc2ccccc2/N=C/c2sc3ccccc3c2O)cc1,4.055517327849831
Cc1ccc(S(=O)(=O)Nc2ccccc2/N=C/c2sc3ccccc3c2O)cc1,4.167491087293763
CCOC(=O)c1c(-c2ccccc2)csc1NC(NC(=O)c1ccco1)C(=O)c1ccc(C)cc1,4.0
CCOC(=O)c1c(-c2ccccc2)csc1NC(NC(=O)c1ccco1)C(=O)c1ccc(C)cc1,4.102372908709558
O=C(/C=C/c1ccc(Cl)cc1)Nc1ccc(NC(=O)c2ccco2)cc1,4.045757490560675
O=C(/C=C/c1ccc(Cl)cc1)Nc1ccc(NC(=O)c2ccco2)cc1,4.040958607678906
Cc1ccc(C(=O)N/C(=C/c2ccc(-c3ccc(Cl)cc3Cl)o2)C(=O)NCCCO)cc1,3.0
Cc1ccc(C(=O)N/C(=C/c2ccc(-c3ccc(Cl)cc3Cl)o2)C(=O)NCCCO)cc1,4.070581074285707
CC(=O)c1cc(C(=O)CC(=O)Nc2ccc([N+](=O)[O-])cc2)sc1Nc1ccccc1,4.096910013008056
CC(=O)c1cc(C(=O)CC(=O)Nc2ccc([N+](=O)[O-])cc2)sc1Nc1ccccc1,4.552841968657781
CC(=O)c1cc(C(=O)CC(=O)Nc2cccc([N+](=O)[O-])c2)sc1Nc1ccccc1,4.013228265733755
CC(=O)c1cc(C(=O)CC(=O)Nc2cccc([N+](=O)[O-])c2)sc1Nc1ccccc1,4.5376020021010435
CC(=O)c1cc(C(=O)CC(=O)Nc2ccccc2)sc1Nc1ccccc1,4.0
CC(=O)c1cc(C(=O)CC(=O)Nc2ccccc2)sc1Nc1ccccc1,4.0
CCSc1nnc(N2C(=O)c3ccc(C(=O)c4ccc(C(=O)O)cc4)cc3C2=O)s1,4.008773924307505
CCSc1nnc(N2C(=O)c3ccc(C(=O)c4ccc(C(=O)O)cc4)cc3C2=O)s1,4.187086643357144
CCOC(=O)CCc1cc(C(=O)OCC)c(CCC(=O)OCC)cc1C(=O)OCC,4.0
CCOC(=O)CCc1cc(C(=O)OCC)c(CCC(=O)OCC)cc1C(=O)OCC,4.026872146400302
COC(=O)c1ccc(C(=O)OC)c(NC(=O)c2ccc(C)c([N+](=O)[O-])c2)c1,4.036212172654444
COC(=O)c1ccc(C(=O)OC)c(NC(=O)c2ccc(C)c([N+](=O)[O-])c2)c1,4.0
O=C(CC1Sc2ccccc2NC1=O)Nc1cccc(C(=O)O)c1,4.102372908709558
O=C(CC1Sc2ccccc2NC1=O)Nc1cccc(C(=O)O)c1,4.1487416512809245
O=C(O)C(=O)/C=C(\O)c1cn(Cc2ccccc2)c(=O)n(Cc2ccccc2)c1=O,5.431798275933005
O=C(O)C(=O)/C=C(\O)c1cn(Cc2ccccc2)c(=O)n(Cc2ccccc2)c1=O,6.698970004336019
O=C(O)C(=O)/C=C(\O)c1cn(Cc2ccccc2F)c(=O)n(Cc2ccccc2F)c1=O,5.3872161432802645
O=C(O)C(=O)/C=C(\O)c1cn(Cc2ccccc2F)c(=O)n(Cc2ccccc2F)c1=O,6.221848749616356
O=C(O)C(=O)/C=C(\O)c1cn(Cc2ccccc2)c(=O)[nH]c1=O,5.0
O=C(O)C(=O)/C=C(\O)c1cn(Cc2ccc(F)cc2)c(=O)n(Cc2ccc(F)cc2)c1=O,5.4089353929735005
O=C(O)C(=O)/C=C(\O)c1cn(Cc2ccccc2)c(=O)[nH]c1=O,6.301029995663981
O=C(O)C(=O)/C=C(\O)c1cn(Cc2ccc(F)cc2)c(=O)n(Cc2ccc(F)cc2)c1=O,6.154901959985743
COC(Nc1cc(Cl)c([N+](=O)[O-])cc1Cl)c1ccc2cccc(O)c2n1,3.638272163982407
Oc1cccc2ccc(/C=C/c3cccc(Cl)c3)nc12,3.638272163982407
O=C(O)c1ccc2ccc(/C=C/c3cccc(Cl)c3)nc2c1,3.638272163982407
Cc1ccc2c(N=O)ccc(O)c2n1,3.4775557664936803
CCOC(=O)C(=O)/C=C(\O)c1ccc2ncc(/C(O)=C/C(=O)C(=O)OCC)c(O)c2c1,4.113509274827518
CCOC(=O)C(=O)/C=C(\O)c1ccc2ncc(/C(O)=C/C(=O)C(=O)OCC)c(O)c2c1,4.4089353929735005
CCOC(=O)C(=O)/C=C(\O)c1ccc2ncc(/C(O)=C/C(=O)C(=O)OCC)c(O)c2c1,4.096910013008056
CCOC(=O)C(=O)/C=C(\O)c1ccc2ncc(/C(O)=C/C(=O)C(=O)OCC)c(O)c2c1,4.552841968657781
CCOC(=O)C(=O)/C=C(\O)c1ccc2ncc(/C(O)=C/C(=O)C(=O)OCC)c(O)c2c1,3.4775557664936803
O=C(O)C(=O)/C=C(\O)c1ccc2c(c1)c(=O)c(/C(O)=C/C(=O)C(=O)O)cn2Cc1ccc(F)cc1,7.795880017344075
CCOC(=O)C(=O)/C=C(\O)c1ccc2c(c1)c(=O)c(/C(O)=C/C(=O)C(=O)OCC)cn2Cc1ccc(F)cc1,6.42021640338319
O=C(O)C(=O)/C=C(\O)c1ccc2ncc(/C(O)=C/C(=O)C(=O)O)c(O)c2c1,5.040958607678906
O=C(O)C(=O)/C=C(\O)c1ccc2c(c1)c(=O)c(/C(O)=C/C(=O)C(=O)O)cn2Cc1ccc(F)cc1,7.769551078621726
CCOC(=O)C(=O)/C=C(\O)c1ccc2c(c1)c(=O)c(/C(O)=C/C(=O)C(=O)OCC)cn2Cc1ccc(F)cc1,6.5376020021010435
O=C(O)C(=O)/C=C(\O)c1ccc2ncc(/C(O)=C/C(=O)C(=O)O)c(O)c2c1,5.5376020021010435
O=C(O)C(=O)/C=C(\O)c1ccc2c(c1)c(=O)c(/C(O)=C/C(=O)C(=O)O)cn2Cc1ccc(F)cc1,7.920818753952375
CCOC(=O)C(=O)/C=C(\O)c1ccc2c(c1)c(=O)c(/C(O)=C/C(=O)C(=O)OCC)cn2Cc1ccc(F)cc1,6.6020599913279625
O=C(O)C(=O)/C=C(\O)c1ccc2ncc(/C(O)=C/C(=O)C(=O)O)c(O)c2c1,6.366531544420414
O=C(O)C(=O)/C=C(\O)c1ccc2c(c1)c(=O)c(/C(O)=C/C(=O)C(=O)O)cn2Cc1ccc(F)cc1,6.356547323513812
CCOC(=O)C(=O)/C=C(\O)c1ccc2c(c1)c(=O)c(/C(O)=C/C(=O)C(=O)OCC)cn2Cc1ccc(F)cc1,4.6777807052660805
O=C(O)C(=O)/C=C(\O)c1ccc2ncc(/C(O)=C/C(=O)C(=O)O)c(O)c2c1,4.657577319177793
O=C(O)C(=O)/C=C(\O)c1ccc2c(c1)c(=O)c(/C(O)=C/C(=O)C(=O)O)cn2Cc1ccc(F)cc1,6.698970004336019
CCOC(=O)C(=O)/C=C(\O)c1ccc2c(c1)c(=O)c(/C(O)=C/C(=O)C(=O)OCC)cn2Cc1ccc(F)cc1,4.3979400086720375
O=C(O)C(=O)/C=C(\O)c1ccc2ncc(/C(O)=C/C(=O)C(=O)O)c(O)c2c1,5.3872161432802645
O=C(O)c1cnc2ccc(Cc3ccccc3)cc2c1O,5.795880017344075
O=C(O)c1cn(C2CC2)c2cc(N3CCNCC3)c(F)cc2c1=O,4.0
O=C(NCc1ccc(F)cc1)c1nc(N2CCCCS2(=O)=O)c2cccnc2c1O,7.642065152999546
COc1cc2c(cc1Cc1cccc(Cl)c1F)c(=O)c(C(=O)O)cn2[C@H](CO)C(C)C,8.142667503568731
CC(C)[C@@H](CO)n1cc(C(=O)O)c(=O)c2cc(Cc3cccc(Cl)c3F)ccc21,8.086186147616283
COc1cc2c(cc1Cc1cccc(Cl)c1F)c(=O)c(C(=O)O)cn2CCO,8.040958607678906
O=C(O)c1cn(CCO)c2ccc(Cc3cccc(Cl)c3F)cc2c1=O,7.616184634019569
O=C(O)c1c[nH]c2ccc(Cc3cccc(Cl)c3F)cc2c1=O,7.361510743045363
NCCCNc1ccc2c3c(nn2CCNCCO)-c2c(O)ccc(O)c2C(=O)c13,4.7447274948966935
NCCCNc1ccc2c3c(nn2CCNCCO)-c2c(O)ccc(O)c2C(=O)c13,5.045757490560675
COc1ccc(C(=O)C2=C(O)C(=O)N(CCN3CCNCC3)C2c2ccccc2F)cc1,3.0
COc1ccc(C2C(C(=O)c3ccco3)=C(O)C(=O)N2CCN2CCOCC2)c(OC)c1,3.0
Cc1ccc(C(=O)C2=C(O)C(=O)N(CCN(C)C)C2c2ccccc2F)cc1,3.0
COc1ccc(C2C(C(=O)c3ccc(F)cc3)=C(O)C(=O)N2CCN(C)C)cc1OC,3.0
O=C(C1=C(O)C(=O)N(CCCN2CCOCC2)C1c1ccccc1F)c1ccc(F)cc1,3.0
CN(C)CCCN1C(=O)C(O)=C(C(=O)c2cccs2)C1c1cccs1,4.0
CCN(CC)CCN1C(=O)C(O)=C(C(=O)c2ccccc2)C1c1ccc(OC)cc1OC,3.0
NCCCCCCNC(=O)c1c(O)oc2ccccc2c1=O,4.0
COc1cc(C(c2c[nH]c3ccccc23)c2c[nH]c3ccccc23)ccc1OCC(=O)O,4.0
CCOC(=O)c1c(NC(=O)c2cc3ccccc3oc2=O)sc(C(N)=O)c1C,4.045757490560675
Oc1ccc(C(c2c[nH]c3ccccc23)c2c[nH]c3ccccc23)cc1O,4.275724130399211
COc1cccc2cc(-c3csc(Nc4cccc(O)c4)n3)c(=O)oc12,4.0
O=C(NCCCO)c1ccc(CSc2nc(O)c3c4c(sc3n2)CCC4)cc1,4.0
O=c1oc2c(CN(CCO)CCO)c(O)ccc2cc1-c1nc2ccccc2s1,3.070581074285707
CCOC(=O)c1c(NC(=O)CC2Sc3ccc(C(F)(F)F)cc3NC2=O)sc2c1CCCC2,4.0
COC(=O)c1c(NC(=O)CC2Nc3ccccc3NC2=O)sc2c1CCCC2,4.0
O=C(O)CCC(=O)Nc1ccc(S(=O)(=O)Nc2ccc(F)cc2)cc1,4.0
CCOC(=O)C1=C(O)/C(=C\c2ccc(CNC(=O)C(=O)Nc3ccccc3)o2)N=C1C,4.0
O=C(O)CCC(=O)Nc1ccc(Cl)c(NC(=O)Cc2ccccc2)c1,4.0
COc1ccc(C2C(C(=O)c3ccccc3)=C(O)C(=O)N2CCCO)cc1OC,4.0
COCCCNS(=O)(=O)c1ccc(Oc2cc(O)c3c(c2O)C(=O)c2ccccc2C3=O)cc1,4.0
COc1ccc(C(=O)C2=C(O)C(=O)N(CCN3CCNCC3)C2c2ccccc2F)cc1,3.2006594505464183
COc1ccc(C2C(C(=O)c3ccco3)=C(O)C(=O)N2CCN2CCOCC2)c(OC)c1,3.40340290437354
Cc1ccc(C(=O)C2=C(O)C(=O)N(CCN(C)C)C2c2ccccc2F)cc1,3.0
COc1ccc(C2C(C(=O)c3ccc(F)cc3)=C(O)C(=O)N2CCN(C)C)cc1OC,3.0
O=C(C1=C(O)C(=O)N(CCCN2CCOCC2)C1c1ccccc1F)c1ccc(F)cc1,3.0
CN(C)CCCN1C(=O)C(O)=C(C(=O)c2cccs2)C1c1cccs1,4.0
CCN(CC)CCN1C(=O)C(O)=C(C(=O)c2ccccc2)C1c1ccc(OC)cc1OC,3.0
NCCCCCCNC(=O)c1c(O)oc2ccccc2c1=O,4.0
COc1cc(C(c2c[nH]c3ccccc23)c2c[nH]c3ccccc23)ccc1OCC(=O)O,4.0
CCOC(=O)c1c(NC(=O)c2cc3ccccc3oc2=O)sc(C(N)=O)c1C,4.251811972993799
Oc1ccc(C(c2c[nH]c3ccccc23)c2c[nH]c3ccccc23)cc1O,5.0
COc1cccc2cc(-c3csc(Nc4cccc(O)c4)n3)c(=O)oc12,4.0
O=C(NCCCO)c1ccc(CSc2nc(O)c3c4c(sc3n2)CCC4)cc1,4.0
O=c1oc2c(CN(CCO)CCO)c(O)ccc2cc1-c1nc2ccccc2s1,3.4559319556497243
CCOC(=O)c1c(NC(=O)CC2Sc3ccc(C(F)(F)F)cc3NC2=O)sc2c1CCCC2,4.0
COC(=O)c1c(NC(=O)CC2Nc3ccccc3NC2=O)sc2c1CCCC2,4.0
O=C(O)CCC(=O)Nc1ccc(S(=O)(=O)Nc2ccc(F)cc2)cc1,4.0
CCOC(=O)C1=C(O)/C(=C\c2ccc(CNC(=O)C(=O)Nc3ccccc3)o2)N=C1C,4.3979400086720375
O=C(O)CCC(=O)Nc1ccc(Cl)c(NC(=O)Cc2ccccc2)c1,4.0
COc1ccc(C2C(C(=O)c3ccccc3)=C(O)C(=O)N2CCCO)cc1OC,4.0
COCCCNS(=O)(=O)c1ccc(Oc2cc(O)c3c(c2O)C(=O)c2ccccc2C3=O)cc1,4.638272163982407
O=C(O)C(=O)/C=C(\O)c1ncnc2c1ncn2Cc1ccccc1,3.0
O=C(O)C(=O)/C=C(\O)c1ncnc2c1ncn2Cc1ccccc1,3.1023729087095586
O=C(O)C(=O)/C=C(\O)c1nc2c(ncn2Cc2ccccc2)c(=O)n1Cc1ccccc1,4.522878745280337
O=C(O)C(=O)/C=C(/O)c1nc2c(=O)n(Cc3ccccc3)cnc2n1Cc1ccccc1,4.501689446210399
O=C(O)C(=O)/C=C(/O)c1nc2cncnc2n1Cc1ccccc1,4.0
O=C(O)C(=O)/C=C(\O)c1nc2c(ncn2Cc2ccccc2)c(=O)n1Cc1ccccc1,5.568636235841013
O=C(O)C(=O)/C=C(/O)c1nc2c(=O)n(Cc3ccccc3)cnc2n1Cc1ccccc1,5.3872161432802645
O=C(O)C(=O)/C=C(/O)c1nc2cncnc2n1Cc1ccccc1,5.0
O=C(NCc1ccc(F)cc1)c1ncc2cccnc2c1O,7.481486060122112
CCN1CCN(c2nc(C(=O)NCc3ccc(F)cc3)c(O)c3ncccc23)C(=O)C1=O,8.0
CN(C(=O)C(=O)N1CCCC1)c1nc(C(=O)NCc2ccc(F)cc2)c(O)c2ncccc12,7.3979400086720375
CN(C(=O)C(=O)N1CCCCC1)c1nc(C(=O)NCc2ccc(F)cc2)c(O)c2ncccc12,8.154901959985743
CN(C(=O)C(N)=O)c1nc(C(=O)NCc2ccc(F)cc2)c(O)c2ncccc12,7.698970004336019
CNC(=O)C(=O)N(C)c1nc(C(=O)NCc2ccc(F)cc2)c(O)c2ncccc12,7.823908740944319
CN(C)C(=O)C(=O)N(C)c1nc(C(=O)NCc2ccc(F)cc2)c(O)c2ncccc12,7.3979400086720375
CC(=O)N(C)c1nc(C(=O)NCc2ccc(F)cc2)c(O)c2ncccc12,7.6020599913279625
CN(C)C(=O)CN(C)c1nc(C(=O)NCc2ccc(F)cc2)c(O)c2ncccc12,7.236572006437063
CC(=O)N(C)CCN(C)c1nc(C(=O)NCc2ccc(F)cc2)c(O)c2ncccc12,6.806875401645538
CN1CCN(c2nc(C(=O)NCc3ccc(F)cc3)c(O)c3ncccc23)CC1,7.3979400086720375
CC(=O)N1CCN(c2nc(C(=O)NCc3ccc(F)cc3)c(O)c3ncccc23)CC1,7.6020599913279625
O=C(CC(=O)C(=O)O)CC(=O)c1ccccc1Cl,6.0
O=C(O)C(=O)CC(=O)c1cccn1Cc1ccc(F)cc1,6.522878745280337
O=C(/C=C(\O)C(=O)O)CCc1ccccc1Br,5.301029995663981
O=C(/C=C(\O)C(=O)O)CCc1ccccc1,4.522878745280337
O=C(O)C(=O)/C=C(\O)c1c[nH]c2ccc(Cl)cc12,6.3979400086720375
O=C(CC(=O)C(=O)O)CC(=O)c1ccc(-c2ccccc2)cc1,5.698970004336019
O=C(CC(=O)C(=O)O)CC(=O)c1ccc2ccccc2c1,5.221848749616356
O=C(CC(=O)C(=O)O)CC(=O)c1cccc2ccccc12,6.221848749616356
O=C(CC(=O)C(=O)O)CC(=O)c1cccnc1,3.5228787452803374
O=C(CC(=O)C(=O)O)CC(=O)c1ccccn1,4.0
O=C(CC(=O)C(=O)O)CC(=O)c1cccc(Cl)c1,5.096910013008056
O=C(CC(=O)C(=O)O)CC(=O)c1ccccc1OCc1ccccc1,5.154901959985743
COc1ccccc1C(=O)CC(=O)CC(=O)C(=O)O,5.3979400086720375
O=C(CC(=O)C(=O)O)CC(=O)c1ccccc1C(F)(F)F,5.221848749616356
O=C(CC(=O)C(=O)O)CC(=O)c1ccccc1F,5.522878745280337
O=C(CC(=O)C(=O)O)CC(=O)c1ccccc1,4.096910013008056
O=C(CCc1ccccc1Cl)CC(=O)C(=O)O,5.045757490560675
O=C(CC(=O)c1nnn[nH]1)CC(=O)c1ccccc1Cl,3.9030899869919438
O=C(CC(=O)c1cccn1Cc1ccc(F)cc1)c1nnn[nH]1,3.9030899869919438
O=C(CC(=O)C(=O)O)CC(=O)c1ccccc1Cl,6.221848749616356
O=C(CC(=O)C(=O)O)CC(=O)c1ccccc1Cl,6.698970004336019
O=C(O)C(=O)CC(=O)c1cccn1Cc1ccc(F)cc1,7.698970004336019
O=C(/C=C(\O)C(=O)O)CCc1ccc(Cl)c(Cl)c1,8.0
O=C(O)C(=O)/C=C(\O)c1c[nH]c2ccc(Cl)cc12,7.096910013008056
O=C(/C=C(\O)C(=O)O)CCc1ccccc1Cl,4.585026652029182
COC(=O)C(=O)/C=C(\O)c1cccn1Cc1ccc(F)cc1,3.728158393463501
COC(=O)C(=O)/C=C(\O)c1cccn1Cc1ccc(F)cc1,4.318758762624412
O=C(O)C(=O)/C=C(\O)c1cccn1Cc1ccc(F)cc1,4.823908740944319
COC(=O)C(=O)/C=C(\O)c1ccccc1,3.4775557664936803
COC(=O)C(=O)/C=C(\O)c1ccccc1,3.4775557664936803
O=C(O)C(=O)/C=C(\O)c1ccccc1,4.096910013008056
O=C(O)C(=O)/C=C(\O)c1ccccc1,4.086186147616283
O=C(O)C(=O)/C=C(\O)c1ccccc1,4.161150909262744
O=C(O)C(=O)/C=C(\O)c1ccccc1,3.4775557664936803
O=C(O)C(=O)/C=C(\O)c1cccn1Cc1ccc(F)cc1,6.267606240177032
CC[C@@H](C)[C@@H](NC(=O)[C@@H](CCCCN)NC(=O)[C@@H](CCC(N)=O)NC(=O)[C@@H](CCC(=O)O)NC(=O)[C@H](N)Cc1ccccc1)C(=O)NCC(=O)N[C@H](C)C(=O)N[C@H](Cc1c[nH]c2ccccc12)C(=O)N[C@H](Cc1c[nH]c2ccccc12)C(=O)N[C@@H](CS)C(=O)N[C@H](C)C(=O)O,3.0
CC[C@@H](C)[C@@H](NC(=O)[C@@H](CCCCN)NC(=O)[C@@H](CCC(N)=O)NC(=O)[C@@H](CCC(=O)O)NC(=O)[C@H](N)Cc1ccccc1)C(=O)NCC(=O)N[C@H](C)C(=O)N[C@H](Cc1c[nH]c2ccccc12)C(=O)N[C@H](Cc1c[nH]c2ccccc12)C(=O)N[C@@H](CS)C(=O)N[C@H](C)C(=O)O,3.0
CC[C@H](C)[C@H](NC(=O)[C@H](CCCCN)NC(=O)[C@H](CCC(N)=O)NC(=O)[C@H](CCC(=O)O)NC(=O)[C@@H](N)Cc1ccccc1)C(=O)NCC(=O)N[C@@H](C)C(=O)N[C@@H](Cc1c[nH]c2ccccc12)C(=O)N[C@@H](Cc1c[nH]c2ccccc12)C(=O)N[C@@H](CS)C(=O)N[C@@H](C)C(=O)O,3.0
CC[C@H](C)[C@H](NC(=O)[C@H](CCCCN)NC(=O)[C@H](CCC(N)=O)NC(=O)[C@H](CCC(=O)O)NC(=O)[C@@H](N)Cc1ccccc1)C(=O)NCC(=O)N[C@@H](C)C(=O)N[C@@H](Cc1c[nH]c2ccccc12)C(=O)N[C@@H](Cc1c[nH]c2ccccc12)C(=O)N[C@@H](CS)C(=O)N[C@@H](C)C(=O)O,3.0
CC[C@@H](C)[C@@H](NC(=O)CNC(=O)[C@@H](C)NC(=O)[C@@H](Cc1c[nH]c2ccccc12)NC(=O)[C@@H](Cc1c[nH]c2ccccc12)NC(=O)[C@@H](CS)NC(=O)[C@@H](C)N)C(=O)N[C@H](CCCCN)C(=O)N[C@H](CCC(N)=O)C(=O)N[C@H](CCC(=O)O)C(=O)N[C@H](Cc1ccccc1)C(=O)O,3.0
CC[C@@H](C)[C@@H](NC(=O)CNC(=O)[C@@H](C)NC(=O)[C@@H](Cc1c[nH]c2ccccc12)NC(=O)[C@@H](Cc1c[nH]c2ccccc12)NC(=O)[C@@H](CS)NC(=O)[C@@H](C)N)C(=O)N[C@H](CCCCN)C(=O)N[C@H](CCC(N)=O)C(=O)N[C@H](CCC(=O)O)C(=O)N[C@H](Cc1ccccc1)C(=O)O,3.0
CC(C)C[C@@H](NC(=O)[C@@H](C)NC(=O)CNC(=O)[C@@H](CCCN=C(N)N)NC(=O)[C@H](N)Cc1c[nH]c2ccccc12)C(=O)N[C@H](CCCCN)C(=O)N[C@H](CC(C)C)C(=O)N[C@H](CC(C)C)C(=O)N[C@H](Cc1ccccc1)C(=O)N[C@H](Cc1ccc(O)cc1)C(=O)N[C@H](C)C(=O)N[C@@H](C(=O)O)[C@H](C)O,5.3979400086720375
CC(C)C[C@@H](NC(=O)[C@@H](C)NC(=O)CNC(=O)[C@@H](CCCN=C(N)N)NC(=O)[C@H](N)Cc1c[nH]c2ccccc12)C(=O)N[C@H](CCCCN)C(=O)N[C@H](CC(C)C)C(=O)N[C@H](CC(C)C)C(=O)N[C@H](Cc1ccccc1)C(=O)N[C@H](Cc1ccc(O)cc1)C(=O)N[C@H](C)C(=O)N[C@@H](C(=O)O)[C@H](C)O,5.455931955649724
CC(C)C[C@@H](NC(=O)[C@@H](CCCCN)NC(=O)[C@@H](CC(C)C)NC(=O)[C@@H](CC(C)C)NC(=O)[C@@H](Cc1ccccc1)NC(=O)[C@@H](Cc1ccc(O)cc1)NC(=O)[C@@H](C)NC(=O)[C@H](N)[C@H](C)O)C(=O)N[C@H](C)C(=O)NCC(=O)N[C@H](CCCN=C(N)N)C(=O)N[C@H](Cc1c[nH]c2ccccc12)C(=O)O,4.795880017344075
CC(C)C[C@@H](NC(=O)[C@@H](CCCCN)NC(=O)[C@@H](CC(C)C)NC(=O)[C@@H](CC(C)C)NC(=O)[C@@H](Cc1ccccc1)NC(=O)[C@@H](Cc1ccc(O)cc1)NC(=O)[C@@H](C)NC(=O)[C@H](N)[C@H](C)O)C(=O)N[C@H](C)C(=O)NCC(=O)N[C@H](CCCN=C(N)N)C(=O)N[C@H](Cc1c[nH]c2ccccc12)C(=O)O,4.017728766960432
CC(C)C[C@@H](NC(=O)[C@@H](CCCCN)NC(=O)[C@@H](CC(C)C)NC(=O)[C@@H](CC(C)C)NC(=O)[C@@H](Cc1ccccc1)NC(=O)[C@@H](Cc1ccc(O)cc1)NC(=O)[C@@H](C)NC(=O)[C@H](N)[C@H](C)O)C(=O)N[C@H](C)C(=O)NCC(=O)N[C@H](CCCN=C(N)N)C(=O)N[C@H](Cc1c[nH]c2ccccc12)C(N)=O,4.886056647693163
CC(C)C[C@@H](NC(=O)[C@@H](CCCCN)NC(=O)[C@@H](CC(C)C)NC(=O)[C@@H](CC(C)C)NC(=O)[C@@H](Cc1ccccc1)NC(=O)[C@@H](Cc1ccc(O)cc1)NC(=O)[C@@H](C)NC(=O)[C@H](N)[C@H](C)O)C(=O)N[C@H](C)C(=O)NCC(=O)N[C@H](CCCN=C(N)N)C(=O)N[C@H](Cc1c[nH]c2ccccc12)C(N)=O,4.187086643357144
CC[C@H](C)[C@H](N)C(=O)N[C@@H](CCCCN)C(=O)N[C@@H](CCC(N)=O)C(=O)N[C@@H](CCC(=O)O)C(=O)N[C@@H](Cc1ccccc1)C(N)=O,4.0
CC[C@H](C)[C@H](N)C(=O)N[C@@H](CCCCN)C(=O)N[C@@H](CCC(N)=O)C(=O)N[C@@H](CCC(=O)O)C(=O)N[C@@H](Cc1ccccc1)C(N)=O,4.0
CC[C@H](C)[C@H](NC(=O)CNC(=O)[C@H](C)NC(=O)[C@@H](N)Cc1c[nH]c2ccccc12)C(=O)N[C@@H](CCCCN)C(=O)N[C@@H](CCC(N)=O)C(N)=O,4.0
CC[C@H](C)[C@H](NC(=O)CNC(=O)[C@H](C)NC(=O)[C@@H](N)Cc1c[nH]c2ccccc12)C(=O)N[C@@H](CCCCN)C(=O)N[C@@H](CCC(N)=O)C(N)=O,4.0
C[C@H](N)C(=O)N[C@@H](CS)C(=O)N[C@@H](Cc1c[nH]c2ccccc12)C(=O)N[C@@H](Cc1c[nH]c2ccccc12)C(=O)N[C@@H](C)C(=O)NCC(N)=O,4.221848749616356
C[C@H](N)C(=O)N[C@@H](CS)C(=O)N[C@@H](Cc1c[nH]c2ccccc12)C(=O)N[C@@H](Cc1c[nH]c2ccccc12)C(=O)N[C@@H](C)C(=O)NCC(N)=O,4.0
CC(C)C[C@H](NC(=O)[C@@H](N)CCCCN)C(=O)N[C@@H](C)C(=O)NCC(=O)N[C@@H](CCCN=C(N)N)C(=O)N[C@@H](Cc1c[nH]c2ccccc12)C(N)=O,4.0
CC(C)C[C@H](NC(=O)[C@@H](N)CCCCN)C(=O)N[C@@H](C)C(=O)NCC(=O)N[C@@H](CCCN=C(N)N)C(=O)N[C@@H](Cc1c[nH]c2ccccc12)C(N)=O,4.0
CC(C)C[C@H](NC(=O)[C@H](CCCCN)NC(=O)[C@H](CC(C)C)NC(=O)[C@H](CC(C)C)NC(=O)[C@H](Cc1ccccc1)NC(=O)[C@@H](N)Cc1ccc(O)cc1)C(N)=O,4.698970004336019
CC(C)C[C@H](NC(=O)[C@H](CCCCN)NC(=O)[C@H](CC(C)C)NC(=O)[C@H](CC(C)C)NC(=O)[C@H](Cc1ccccc1)NC(=O)[C@@H](N)Cc1ccc(O)cc1)C(N)=O,4.698970004336019
CC(C)C[C@H](NC(=O)[C@H](CC(C)C)NC(=O)[C@H](Cc1ccccc1)NC(=O)[C@H](Cc1ccc(O)cc1)NC(=O)[C@H](C)NC(=O)[C@@H](N)[C@@H](C)O)C(N)=O,3.3010299956639813
CC(C)C[C@H](NC(=O)[C@H](CC(C)C)NC(=O)[C@H](Cc1ccccc1)NC(=O)[C@H](Cc1ccc(O)cc1)NC(=O)[C@H](C)NC(=O)[C@@H](N)[C@@H](C)O)C(N)=O,3.3010299956639813
CC[C@H](C)[C@H](NC(=O)CNC(=O)[C@H](C)NC(=O)[C@H](Cc1c[nH]c2ccccc12)NC(=O)[C@H](Cc1c[nH]c2ccccc12)NC(=O)[C@H](CS)NC(=O)[C@H](C)N)C(=O)N[C@@H](CCCN=C(N)N)C(=O)N[C@@H](CCC(N)=O)C(=O)N[C@@H](CCC(=O)O)C(=O)N[C@@H](Cc1ccccc1)C(N)=O,3.4775557664936803
CC[C@H](C)[C@H](NC(=O)CNC(=O)[C@H](C)NC(=O)[C@H](Cc1c[nH]c2ccccc12)NC(=O)[C@H](Cc1c[nH]c2ccccc12)NC(=O)[C@H](CS)NC(=O)[C@H](C)N)C(=O)N[C@@H](CCCN=C(N)N)C(=O)N[C@@H](CCC(N)=O)C(=O)N[C@@H](CCC(=O)O)C(=O)N[C@@H](Cc1ccccc1)C(N)=O,3.4775557664936803
CC[C@H](C)[C@H](NC(=O)CNC(=O)[C@H](C)NC(=O)CNC(=O)[C@H](Cc1c[nH]c2ccccc12)NC(=O)[C@H](CS)NC(=O)[C@H](C)N)C(=O)N[C@@H](CCCCN)C(=O)N[C@@H](CCC(N)=O)C(=O)N[C@@H](CCC(=O)O)C(=O)N[C@@H](Cc1ccccc1)C(N)=O,3.4775557664936803
CC[C@H](C)[C@H](NC(=O)CNC(=O)[C@H](C)NC(=O)CNC(=O)[C@H](Cc1c[nH]c2ccccc12)NC(=O)[C@H](CS)NC(=O)[C@H](C)N)C(=O)N[C@@H](CCCCN)C(=O)N[C@@H](CCC(N)=O)C(=O)N[C@@H](CCC(=O)O)C(=O)N[C@@H](Cc1ccccc1)C(N)=O,3.4775557664936803
CC[C@H](C)[C@H](NC(=O)CNC(=O)[C@H](C)NC(=O)[C@H](Cc1c[nH]c2ccccc12)NC(=O)CNC(=O)[C@H](CS)NC(=O)[C@H](C)N)C(=O)N[C@@H](CCCCN)C(=O)N[C@@H](CCC(N)=O)C(=O)N[C@@H](CCC(=O)O)C(=O)N[C@@H](Cc1ccccc1)C(N)=O,4.795880017344075
CC[C@H](C)[C@H](NC(=O)CNC(=O)[C@H](C)NC(=O)[C@H](Cc1c[nH]c2ccccc12)NC(=O)CNC(=O)[C@H](CS)NC(=O)[C@H](C)N)C(=O)N[C@@H](CCCCN)C(=O)N[C@@H](CCC(N)=O)C(=O)N[C@@H](CCC(=O)O)C(=O)N[C@@H](Cc1ccccc1)C(N)=O,4.337242168318426
CC[C@H](C)[C@H](NC(=O)CNC(=O)[C@H](C)NC(=O)[C@H](Cc1c[nH]c2ccccc12)NC(=O)[C@H](Cc1c[nH]c2ccccc12)NC(=O)[C@H](CO)NC(=O)[C@H](C)N)C(=O)N[C@@H](CCCCN)C(=O)N[C@@H](CCC(N)=O)C(=O)N[C@@H](CCC(=O)O)C(=O)N[C@@H](Cc1ccccc1)C(N)=O,3.7878123955960423
CC[C@H](C)[C@H](NC(=O)CNC(=O)[C@H](C)NC(=O)[C@H](Cc1c[nH]c2ccccc12)NC(=O)[C@H](Cc1c[nH]c2ccccc12)NC(=O)[C@H](CO)NC(=O)[C@H](C)N)C(=O)N[C@@H](CCCCN)C(=O)N[C@@H](CCC(N)=O)C(=O)N[C@@H](CCC(=O)O)C(=O)N[C@@H](Cc1ccccc1)C(N)=O,3.5316526695878427
CC(C)C[C@H](NC(=O)[C@H](CCCN=C(N)N)NC(=O)CNC(=O)[C@H](C)NC(=O)[C@H](CC(C)C)NC(=O)[C@H](CCCCN)NC(=O)[C@H](CC(C)C)NC(=O)[C@H](CC(C)C)NC(=O)[C@H](Cc1ccccc1)NC(=O)[C@H](Cc1ccc(O)cc1)NC(=O)[C@H](C)NC(=O)[C@@H](N)[C@@H](C)O)C(N)=O,4.42021640338319
CC(C)C[C@H](NC(=O)[C@H](CCCN=C(N)N)NC(=O)CNC(=O)[C@H](C)NC(=O)[C@H](CC(C)C)NC(=O)[C@H](CCCCN)NC(=O)[C@H](CC(C)C)NC(=O)[C@H](CC(C)C)NC(=O)[C@H](Cc1ccccc1)NC(=O)[C@H](Cc1ccc(O)cc1)NC(=O)[C@H](C)NC(=O)[C@@H](N)[C@@H](C)O)C(N)=O,3.5016894462103996
CC[C@H](C)[C@H](NC(=O)[C@H](CC(C)C)NC(=O)[C@H](CC(C)C)NC(=O)[C@H](Cc1ccccc1)NC(=O)[C@H](Cc1ccc(O)cc1)NC(=O)[C@H](C)NC(=O)[C@@H](N)[C@@H](C)O)C(=O)N[C@@H](CC(C)C)C(=O)N[C@@H](C)C(=O)NCC(=O)N[C@@H](CCCN=C(N)N)C(=O)N[C@@H](Cc1c[nH]c2ccccc12)C(N)=O,5.522878745280337
CC[C@H](C)[C@H](NC(=O)[C@H](CC(C)C)NC(=O)[C@H](CC(C)C)NC(=O)[C@H](Cc1ccccc1)NC(=O)[C@H](Cc1ccc(O)cc1)NC(=O)[C@H](C)NC(=O)[C@@H](N)[C@@H](C)O)C(=O)N[C@@H](CC(C)C)C(=O)N[C@@H](C)C(=O)NCC(=O)N[C@@H](CCCN=C(N)N)C(=O)N[C@@H](Cc1c[nH]c2ccccc12)C(N)=O,5.3872161432802645
CC(C)C[C@H](NC(=O)[C@H](CCCCN)NC(=O)[C@H](CC(C)C)NC(=O)[C@H](CC(C)C)NC(=O)[C@H](Cc1ccccc1)NC(=O)[C@H](CO)NC(=O)[C@H](C)NC(=O)[C@@H](N)[C@@H](C)O)C(=O)N[C@@H](C)C(=O)NCC(=O)N[C@@H](CCCN=C(N)N)C(=O)N[C@@H](Cc1c[nH]c2ccccc12)C(N)=O,4.958607314841775
CC(C)C[C@H](NC(=O)[C@H](CCCCN)NC(=O)[C@H](CC(C)C)NC(=O)[C@H](CC(C)C)NC(=O)[C@H](Cc1ccccc1)NC(=O)[C@H](CO)NC(=O)[C@H](C)NC(=O)[C@@H](N)[C@@H](C)O)C(=O)N[C@@H](C)C(=O)NCC(=O)N[C@@H](CCCN=C(N)N)C(=O)N[C@@H](Cc1c[nH]c2ccccc12)C(N)=O,3.7304870557820835
CC[C@H](C)[C@H](NC(=O)CNC(=O)[C@H](C)NC(=O)[C@H](Cc1c[nH]c2ccccc12)NC(=O)[C@H](Cc1c[nH]c2ccccc12)NC(=O)[C@H](CS)NC(=O)[C@H](C)N)C(=O)N[C@@H](CCCCN)C(=O)N[C@@H](CCC(N)=O)C(=O)N[C@@H](CCC(=O)O)C(=O)N[C@@H](C)C(=O)O,3.6861327796308467
CC[C@H](C)[C@H](NC(=O)CNC(=O)[C@H](C)NC(=O)[C@H](Cc1c[nH]c2ccccc12)NC(=O)[C@H](Cc1c[nH]c2ccccc12)NC(=O)[C@H](CS)NC(=O)[C@H](C)N)C(=O)N[C@@H](CCCCN)C(=O)N[C@@H](CCC(N)=O)C(=O)N[C@@H](C)C(=O)N[C@@H](Cc1ccccc1)C(=O)O,3.4775557664936803
CC[C@H](C)[C@H](NC(=O)CNC(=O)[C@H](C)NC(=O)[C@H](Cc1c[nH]c2ccccc12)NC(=O)[C@H](Cc1c[nH]c2ccccc12)NC(=O)[C@H](CS)NC(=O)[C@H](C)N)C(=O)N[C@@H](CCCCN)C(=O)N[C@@H](CCC(N)=O)C(=O)N[C@@H](C)C(=O)N[C@@H](Cc1ccccc1)C(=O)O,3.4775557664936803
CC[C@H](C)[C@H](NC(=O)CNC(=O)[C@H](C)NC(=O)[C@H](Cc1c[nH]c2ccccc12)NC(=O)[C@H](Cc1c[nH]c2ccccc12)NC(=O)[C@H](CS)NC(=O)[C@H](C)N)C(=O)N[C@@H](CCCCN)C(=O)N[C@@H](C)C(=O)N[C@@H](CCC(=O)O)C(=O)N[C@@H](Cc1ccccc1)C(=O)O,3.4775557664936803
CC[C@H](C)[C@H](NC(=O)CNC(=O)[C@H](C)NC(=O)[C@H](Cc1c[nH]c2ccccc12)NC(=O)[C@H](Cc1c[nH]c2ccccc12)NC(=O)[C@H](CS)NC(=O)[C@H](C)N)C(=O)N[C@@H](CCCCN)C(=O)N[C@@H](C)C(=O)N[C@@H](CCC(=O)O)C(=O)N[C@@H](Cc1ccccc1)C(=O)O,3.4775557664936803
CC[C@H](C)[C@H](NC(=O)CNC(=O)[C@H](C)NC(=O)[C@H](Cc1c[nH]c2ccccc12)NC(=O)[C@H](Cc1c[nH]c2ccccc12)NC(=O)[C@H](CS)NC(=O)[C@H](C)N)C(=O)N[C@@H](C)C(=O)N[C@@H](CCC(N)=O)C(=O)N[C@@H](CCC(=O)O)C(=O)N[C@@H](Cc1ccccc1)C(=O)O,4.259637310505756
CC[C@H](C)[C@H](NC(=O)CNC(=O)[C@H](C)NC(=O)[C@H](Cc1c[nH]c2ccccc12)NC(=O)[C@H](Cc1c[nH]c2ccccc12)NC(=O)[C@H](CS)NC(=O)[C@H](C)N)C(=O)N[C@@H](C)C(=O)N[C@@H](CCC(N)=O)C(=O)N[C@@H](CCC(=O)O)C(=O)N[C@@H](Cc1ccccc1)C(=O)O,4.207608310501746
C[C@H](N)C(=O)N[C@@H](CS)C(=O)N[C@@H](Cc1c[nH]c2ccccc12)C(=O)N[C@@H](Cc1c[nH]c2ccccc12)C(=O)N[C@@H](C)C(=O)NCC(=O)N[C@@H](C)C(=O)N[C@@H](CCCCN)C(=O)N[C@@H](CCC(N)=O)C(=O)N[C@@H](CCC(=O)O)C(=O)N[C@@H](Cc1ccccc1)C(=O)O,3.4775557664936803
C[C@H](N)C(=O)N[C@@H](CS)C(=O)N[C@@H](Cc1c[nH]c2ccccc12)C(=O)N[C@@H](Cc1c[nH]c2ccccc12)C(=O)N[C@@H](C)C(=O)NCC(=O)N[C@@H](C)C(=O)N[C@@H](CCCCN)C(=O)N[C@@H](CCC(N)=O)C(=O)N[C@@H](CCC(=O)O)C(=O)N[C@@H](Cc1ccccc1)C(=O)O,3.4775557664936803
CC[C@H](C)[C@H](NC(=O)[C@H](C)NC(=O)[C@H](C)NC(=O)[C@H](Cc1c[nH]c2ccccc12)NC(=O)[C@H](Cc1c[nH]c2ccccc12)NC(=O)[C@H](CS)NC(=O)[C@H](C)N)C(=O)N[C@@H](CCCCN)C(=O)N[C@@H](CCC(N)=O)C(=O)N[C@@H](CCC(=O)O)C(=O)N[C@@H](Cc1ccccc1)C(=O)O,4.366531544420414
CC[C@H](C)[C@H](NC(=O)[C@H](C)NC(=O)[C@H](C)NC(=O)[C@H](Cc1c[nH]c2ccccc12)NC(=O)[C@H](Cc1c[nH]c2ccccc12)NC(=O)[C@H](CS)NC(=O)[C@H](C)N)C(=O)N[C@@H](CCCCN)C(=O)N[C@@H](CCC(N)=O)C(=O)N[C@@H](CCC(=O)O)C(=O)N[C@@H](Cc1ccccc1)C(=O)O,4.045757490560675
CC[C@H](C)[C@H](NC(=O)CNC(=O)[C@H](C)NC(=O)[C@H](C)NC(=O)[C@H](Cc1c[nH]c2ccccc12)NC(=O)[C@H](CS)NC(=O)[C@H](C)N)C(=O)N[C@@H](CCCCN)C(=O)N[C@@H](CCC(N)=O)C(=O)N[C@@H](CCC(=O)O)C(=O)N[C@@H](Cc1ccccc1)C(=O)O,3.4775557664936803
CC[C@H](C)[C@H](NC(=O)CNC(=O)[C@H](C)NC(=O)[C@H](C)NC(=O)[C@H](Cc1c[nH]c2ccccc12)NC(=O)[C@H](CS)NC(=O)[C@H](C)N)C(=O)N[C@@H](CCCCN)C(=O)N[C@@H](CCC(N)=O)C(=O)N[C@@H](CCC(=O)O)C(=O)N[C@@H](Cc1ccccc1)C(=O)O,3.4775557664936803
CC[C@H](C)[C@H](NC(=O)CNC(=O)[C@H](C)NC(=O)[C@H](Cc1c[nH]c2ccccc12)NC(=O)[C@H](C)NC(=O)[C@H](CS)NC(=O)[C@H](C)N)C(=O)N[C@@H](CCCCN)C(=O)N[C@@H](CCC(N)=O)C(=O)N[C@@H](CCC(=O)O)C(=O)N[C@@H](Cc1ccccc1)C(=O)O,4.468521082957745
CC[C@H](C)[C@H](NC(=O)CNC(=O)[C@H](C)NC(=O)[C@H](Cc1c[nH]c2ccccc12)NC(=O)[C@H](C)NC(=O)[C@H](CS)NC(=O)[C@H](C)N)C(=O)N[C@@H](CCCCN)C(=O)N[C@@H](CCC(N)=O)C(=O)N[C@@H](CCC(=O)O)C(=O)N[C@@H](Cc1ccccc1)C(=O)O,4.481486060122113
CC[C@H](C)[C@H](NC(=O)CNC(=O)[C@H](C)NC(=O)[C@H](Cc1c[nH]c2ccccc12)NC(=O)[C@H](Cc1c[nH]c2ccccc12)NC(=O)[C@H](C)NC(=O)[C@H](C)N)C(=O)N[C@@H](CCCCN)C(=O)N[C@@H](CCC(N)=O)C(=O)N[C@@H](CCC(=O)O)C(=O)N[C@@H](Cc1ccccc1)C(=O)O,3.5072396109731625
CC[C@H](C)[C@H](NC(=O)CNC(=O)[C@H](C)NC(=O)[C@H](Cc1c[nH]c2ccccc12)NC(=O)[C@H](Cc1c[nH]c2ccccc12)NC(=O)[C@H](C)NC(=O)[C@H](C)N)C(=O)N[C@@H](CCCCN)C(=O)N[C@@H](CCC(N)=O)C(=O)N[C@@H](CCC(=O)O)C(=O)N[C@@H](Cc1ccccc1)C(=O)O,3.5575202309355514
CC(C)C[C@H](NC(=O)[C@H](CCCCN)NC(=O)[C@H](CC(C)C)NC(=O)[C@H](CC(C)C)NC(=O)[C@H](Cc1ccccc1)NC(=O)[C@H](Cc1ccc(O)cc1)NC(=O)[C@H](C)NC(=O)[C@@H](N)[C@@H](C)O)C(=O)N[C@@H](C)C(=O)NCC(=O)N[C@@H](CCCN=C(N)N)C(=O)N[C@@H](C)C(=O)O,3.4775557664936803
CC(C)C[C@H](NC(=O)[C@H](CCCCN)NC(=O)[C@H](CC(C)C)NC(=O)[C@H](CC(C)C)NC(=O)[C@H](Cc1ccccc1)NC(=O)[C@H](Cc1ccc(O)cc1)NC(=O)[C@H](C)NC(=O)[C@@H](N)[C@@H](C)O)C(=O)N[C@@H](C)C(=O)NCC(=O)N[C@@H](CCCN=C(N)N)C(=O)N[C@@H](C)C(=O)O,3.4775557664936803
CC(C)C[C@H](NC(=O)[C@H](CCCCN)NC(=O)[C@H](CC(C)C)NC(=O)[C@H](CC(C)C)NC(=O)[C@H](Cc1ccccc1)NC(=O)[C@H](Cc1ccc(O)cc1)NC(=O)[C@H](C)NC(=O)[C@@H](N)[C@@H](C)O)C(=O)N[C@@H](C)C(=O)NCC(=O)N[C@@H](C)C(=O)N[C@@H](Cc1c[nH]c2ccccc12)C(=O)O,4.096910013008056
CC(C)C[C@H](NC(=O)[C@H](CCCCN)NC(=O)[C@H](CC(C)C)NC(=O)[C@H](CC(C)C)NC(=O)[C@H](Cc1ccccc1)NC(=O)[C@H](Cc1ccc(O)cc1)NC(=O)[C@H](C)NC(=O)[C@@H](N)[C@@H](C)O)C(=O)N[C@@H](C)C(=O)NCC(=O)N[C@@H](C)C(=O)N[C@@H](Cc1c[nH]c2ccccc12)C(=O)O,4.080921907623926
CC(C)C[C@H](NC(=O)[C@H](CCCCN)NC(=O)[C@H](CC(C)C)NC(=O)[C@H](CC(C)C)NC(=O)[C@H](Cc1ccccc1)NC(=O)[C@H](Cc1ccc(O)cc1)NC(=O)[C@H](C)NC(=O)[C@@H](N)[C@@H](C)O)C(=O)N[C@@H](C)C(=O)N[C@@H](C)C(=O)N[C@@H](CCCN=C(N)N)C(=O)N[C@@H](Cc1c[nH]c2ccccc12)C(=O)O,4.721246399047171
CC(C)C[C@H](NC(=O)[C@H](CCCCN)NC(=O)[C@H](CC(C)C)NC(=O)[C@H](CC(C)C)NC(=O)[C@H](Cc1ccccc1)NC(=O)[C@H](Cc1ccc(O)cc1)NC(=O)[C@H](C)NC(=O)[C@@H](N)[C@@H](C)O)C(=O)N[C@@H](C)C(=O)N[C@@H](C)C(=O)N[C@@H](CCCN=C(N)N)C(=O)N[C@@H](Cc1c[nH]c2ccccc12)C(=O)O,3.9281179926938745
CC(C)C[C@H](NC(=O)[C@H](CC(C)C)NC(=O)[C@H](Cc1ccccc1)NC(=O)[C@H](Cc1ccc(O)cc1)NC(=O)[C@H](C)NC(=O)[C@@H](N)[C@@H](C)O)C(=O)N[C@@H](CCCCN)C(=O)N[C@@H](C)C(=O)N[C@@H](C)C(=O)NCC(=O)N[C@@H](CCCN=C(N)N)C(=O)N[C@@H](Cc1c[nH]c2ccccc12)C(=O)O,3.9746941347352296
CC(C)C[C@H](NC(=O)[C@H](CC(C)C)NC(=O)[C@H](Cc1ccccc1)NC(=O)[C@H](Cc1ccc(O)cc1)NC(=O)[C@H](C)NC(=O)[C@@H](N)[C@@H](C)O)C(=O)N[C@@H](CCCCN)C(=O)N[C@@H](C)C(=O)N[C@@H](C)C(=O)NCC(=O)N[C@@H](CCCN=C(N)N)C(=O)N[C@@H](Cc1c[nH]c2ccccc12)C(=O)O,3.4775557664936803
CC(C)C[C@H](NC(=O)[C@H](C)NC(=O)[C@H](CC(C)C)NC(=O)[C@H](CC(C)C)NC(=O)[C@H](Cc1ccccc1)NC(=O)[C@H](Cc1ccc(O)cc1)NC(=O)[C@H](C)NC(=O)[C@@H](N)[C@@H](C)O)C(=O)N[C@@H](C)C(=O)NCC(=O)N[C@@H](CCCN=C(N)N)C(=O)N[C@@H](Cc1c[nH]c2ccccc12)C(=O)O,4.251811972993799
CC(C)C[C@H](NC(=O)[C@H](C)NC(=O)[C@H](CC(C)C)NC(=O)[C@H](CC(C)C)NC(=O)[C@H](Cc1ccccc1)NC(=O)[C@H](Cc1ccc(O)cc1)NC(=O)[C@H](C)NC(=O)[C@@H](N)[C@@H](C)O)C(=O)N[C@@H](C)C(=O)NCC(=O)N[C@@H](CCCN=C(N)N)C(=O)N[C@@H](Cc1c[nH]c2ccccc12)C(=O)O,3.94692155651658
CC(C)C[C@H](NC(=O)[C@H](CCCCN)NC(=O)[C@H](C)NC(=O)[C@H](CC(C)C)NC(=O)[C@H](Cc1ccccc1)NC(=O)[C@H](Cc1ccc(O)cc1)NC(=O)[C@H](C)NC(=O)[C@@H](N)[C@@H](C)O)C(=O)N[C@@H](C)C(=O)NCC(=O)N[C@@H](CCCN=C(N)N)C(=O)N[C@@H](Cc1c[nH]c2ccccc12)C(=O)O,3.4775557664936803
CC(C)C[C@H](NC(=O)[C@H](CCCCN)NC(=O)[C@H](C)NC(=O)[C@H](CC(C)C)NC(=O)[C@H](Cc1ccccc1)NC(=O)[C@H](Cc1ccc(O)cc1)NC(=O)[C@H](C)NC(=O)[C@@H](N)[C@@H](C)O)C(=O)N[C@@H](C)C(=O)NCC(=O)N[C@@H](CCCN=C(N)N)C(=O)N[C@@H](Cc1c[nH]c2ccccc12)C(=O)O,3.4775557664936803
CC(C)C[C@H](NC(=O)[C@H](C)NC(=O)[C@H](Cc1ccccc1)NC(=O)[C@H](Cc1ccc(O)cc1)NC(=O)[C@H](C)NC(=O)[C@@H](N)[C@@H](C)O)C(=O)N[C@@H](CCCCN)C(=O)N[C@@H](CC(C)C)C(=O)N[C@@H](C)C(=O)NCC(=O)N[C@@H](CCCN=C(N)N)C(=O)N[C@@H](Cc1c[nH]c2ccccc12)C(=O)O,4.292429823902063
CC(C)C[C@H](NC(=O)[C@H](C)NC(=O)[C@H](Cc1ccccc1)NC(=O)[C@H](Cc1ccc(O)cc1)NC(=O)[C@H](C)NC(=O)[C@@H](N)[C@@H](C)O)C(=O)N[C@@H](CCCCN)C(=O)N[C@@H](CC(C)C)C(=O)N[C@@H](C)C(=O)NCC(=O)N[C@@H](CCCN=C(N)N)C(=O)N[C@@H](Cc1c[nH]c2ccccc12)C(=O)O,3.939302159646388
CC(C)C[C@H](NC(=O)[C@H](C)NC(=O)[C@H](Cc1ccc(O)cc1)NC(=O)[C@H](C)NC(=O)[C@@H](N)[C@@H](C)O)C(=O)N[C@@H](CC(C)C)C(=O)N[C@@H](CCCCN)C(=O)N[C@@H](CC(C)C)C(=O)N[C@@H](C)C(=O)NCC(=O)N[C@@H](CCCN=C(N)N)C(=O)N[C@@H](Cc1c[nH]c2ccccc12)C(=O)O,3.4775557664936803
CC(C)C[C@H](NC(=O)[C@H](C)NC(=O)[C@H](Cc1ccc(O)cc1)NC(=O)[C@H](C)NC(=O)[C@@H](N)[C@@H](C)O)C(=O)N[C@@H](CC(C)C)C(=O)N[C@@H](CCCCN)C(=O)N[C@@H](CC(C)C)C(=O)N[C@@H](C)C(=O)NCC(=O)N[C@@H](CCCN=C(N)N)C(=O)N[C@@H](Cc1c[nH]c2ccccc12)C(=O)O,3.4775557664936803
CC(C)C[C@H](NC(=O)[C@H](CCCCN)NC(=O)[C@H](CC(C)C)NC(=O)[C@H](CC(C)C)NC(=O)[C@H](Cc1ccccc1)NC(=O)[C@H](C)NC(=O)[C@H](C)NC(=O)[C@@H](N)[C@@H](C)O)C(=O)N[C@@H](C)C(=O)NCC(=O)N[C@@H](CCCN=C(N)N)C(=O)N[C@@H](Cc1c[nH]c2ccccc12)C(=O)O,3.9244530386074694
CC(C)C[C@H](NC(=O)[C@H](CCCCN)NC(=O)[C@H](CC(C)C)NC(=O)[C@H](CC(C)C)NC(=O)[C@H](Cc1ccccc1)NC(=O)[C@H](C)NC(=O)[C@H](C)NC(=O)[C@@H](N)[C@@H](C)O)C(=O)N[C@@H](C)C(=O)NCC(=O)N[C@@H](CCCN=C(N)N)C(=O)N[C@@H](Cc1c[nH]c2ccccc12)C(=O)O,3.714442690992226
CC(C)C[C@H](NC(=O)[C@H](CCCCN)NC(=O)[C@H](CC(C)C)NC(=O)[C@H](CC(C)C)NC(=O)[C@H](Cc1ccccc1)NC(=O)[C@H](Cc1ccc(O)cc1)NC(=O)[C@H](C)NC(=O)[C@H](C)N)C(=O)N[C@@H](C)C(=O)NCC(=O)N[C@@H](CCCN=C(N)N)C(=O)N[C@@H](Cc1c[nH]c2ccccc12)C(=O)O,4.327902142064283
CC(C)C[C@H](NC(=O)[C@H](CCCCN)NC(=O)[C@H](CC(C)C)NC(=O)[C@H](CC(C)C)NC(=O)[C@H](Cc1ccccc1)NC(=O)[C@H](Cc1ccc(O)cc1)NC(=O)[C@H](C)NC(=O)[C@H](C)N)C(=O)N[C@@H](C)C(=O)NCC(=O)N[C@@H](CCCN=C(N)N)C(=O)N[C@@H](Cc1c[nH]c2ccccc12)C(=O)O,4.0
CC[C@H](C)[C@H](NC(=O)[C@H](CCCCN)NC(=O)[C@H](C)NC(=O)[C@H](CCCCN)NC(=O)[C@H](CCCN=C(N)N)NC(=O)[C@H](CCCN=C(N)N)NC(=O)[C@@H]1CCCN1C(=O)[C@@H](N)C(C)C)C(N)=O,3.0
CC[C@H](C)[C@H](NC(=O)[C@H](CCCCN)NC(=O)[C@H](C)NC(=O)[C@H](CCCCN)NC(=O)[C@H](CCCN=C(N)N)NC(=O)[C@H](CCCN=C(N)N)NC(=O)[C@@H]1CCCN1C(=O)[C@@H](N)C(C)C)C(N)=O,3.0
CC(C)C[C@H](NC(=O)[C@H](CCCCN)NC(=O)[C@H](C)NC(=O)[C@@H]1CCCN1C(=O)CNC(=O)[C@H](CCCCN)NC(=O)[C@@H](N)Cc1c[nH]c2ccccc12)C(=O)N[C@@H](CC(C)C)C(=O)N[C@@H](Cc1c[nH]c2ccccc12)C(=O)N[C@@H](CCCCN)C(N)=O,3.0
CC(C)C[C@H](NC(=O)[C@H](CCCCN)NC(=O)[C@H](C)NC(=O)[C@@H]1CCCN1C(=O)CNC(=O)[C@H](CCCCN)NC(=O)[C@@H](N)Cc1c[nH]c2ccccc12)C(=O)N[C@@H](CC(C)C)C(=O)N[C@@H](Cc1c[nH]c2ccccc12)C(=O)N[C@@H](CCCCN)C(N)=O,3.0
CC[C@H](C)[C@H](NC(=O)[C@H](CCCN=C(N)N)NC(=O)[C@H](CCC(=O)O)NC(=O)CNC(=O)[C@H](C)NC(=O)[C@H](CO)NC(=O)[C@H](Cc1ccc(O)cc1)NC(=O)CN)C(=O)N[C@H](C(=O)N[C@@H](CC(=O)O)C(N)=O)C(C)C,2.6989700043360187
CC[C@H](C)[C@H](NC(=O)[C@H](CCCN=C(N)N)NC(=O)[C@H](CCC(=O)O)NC(=O)CNC(=O)[C@H](C)NC(=O)[C@H](CO)NC(=O)[C@H](Cc1ccc(O)cc1)NC(=O)CN)C(=O)N[C@H](C(=O)N[C@@H](CC(=O)O)C(N)=O)C(C)C,2.6989700043360187
CC[C@H](C)[C@H](NC(=O)[C@@H](N)Cc1ccccc1)C(=O)N[C@@H](Cc1c[nH]cn1)C(=O)N[C@@H](CC(N)=O)C(=O)N[C@@H](Cc1ccccc1)C(=O)N[C@@H](CCCCN)C(=O)N[C@@H](CCCN=C(N)N)C(=O)N[C@@H](CCCCN)C(N)=O,2.6989700043360187
CC[C@H](C)[C@H](NC(=O)[C@@H](N)Cc1ccccc1)C(=O)N[C@@H](Cc1c[nH]cn1)C(=O)N[C@@H](CC(N)=O)C(=O)N[C@@H](Cc1ccccc1)C(=O)N[C@@H](CCCCN)C(=O)N[C@@H](CCCN=C(N)N)C(=O)N[C@@H](CCCCN)C(N)=O,2.6989700043360187
CC(C)C[C@H](NC(=O)[C@H](Cc1c[nH]cn1)NC(=O)[C@H](CCC(=O)O)NC(=O)[C@H](C)NC(=O)[C@H](CCC(N)=O)NC(=O)[C@H](CC(=O)O)NC(=O)[C@H](CCCN=C(N)N)NC(=O)[C@@H](N)C(C)C)C(=O)N[C@@H](CCCCN)C(=O)N[C@H](C(N)=O)[C@@H](C)O,2.6989700043360187
CC(C)C[C@H](NC(=O)[C@H](Cc1c[nH]cn1)NC(=O)[C@H](CCC(=O)O)NC(=O)[C@H](C)NC(=O)[C@H](CCC(N)=O)NC(=O)[C@H](CC(=O)O)NC(=O)[C@H](CCCN=C(N)N)NC(=O)[C@@H](N)C(C)C)C(=O)N[C@@H](CCCCN)C(=O)N[C@H](C(N)=O)[C@@H](C)O,2.6989700043360187
CC[C@H](C)[C@H](NC(=O)[C@H](CCCCN)NC(=O)[C@H](CCCCN)NC(=O)[C@H](CC(C)C)NC(=O)[C@H](CCC(=O)O)NC(=O)[C@H](CCCCN)NC(=O)[C@H](CC(N)=O)NC(=O)[C@H](CCSC)NC(=O)[C@H](CO)NC(=O)[C@@H](N)CCC(=O)O)C(N)=O,2.6989700043360187
CC[C@H](C)[C@H](NC(=O)[C@H](CCCCN)NC(=O)[C@H](CCCCN)NC(=O)[C@H](CC(C)C)NC(=O)[C@H](CCC(=O)O)NC(=O)[C@H](CCCCN)NC(=O)[C@H](CC(N)=O)NC(=O)[C@H](CCSC)NC(=O)[C@H](CO)NC(=O)[C@@H](N)CCC(=O)O)C(N)=O,2.6989700043360187
CC[C@H](C)[C@H](NC(=O)CNC(=O)[C@@H](N)Cc1ccccc1)C(=O)N1CCC[C@H]1C(=O)N[C@@H](Cc1ccc(O)cc1)C(=O)N[C@@H](CC(N)=O)C(=O)N1CCC[C@H]1C(=O)N[C@@H](CCC(N)=O)C(=O)N[C@@H](CO)C(=O)N[C@@H](CCC(N)=O)C(N)=O,3.0
CC[C@H](C)[C@H](NC(=O)CNC(=O)[C@@H](N)Cc1ccccc1)C(=O)N1CCC[C@H]1C(=O)N[C@@H](Cc1ccc(O)cc1)C(=O)N[C@@H](CC(N)=O)C(=O)N1CCC[C@H]1C(=O)N[C@@H](CCC(N)=O)C(=O)N[C@@H](CO)C(=O)N[C@@H](CCC(N)=O)C(N)=O,3.0
CC[C@H](C)[C@H](NC(=O)CNC(=O)[C@H](C)NC(=O)[C@H](Cc1c[nH]c2ccccc12)NC(=O)[C@H](Cc1c[nH]c2ccccc12)NC(=O)[C@H](CS)NC(=O)[C@H](C)N)C(=O)N[C@@H](CCCCN)C(=O)N[C@@H](CCC(N)=O)C(=O)N[C@@H](CCC(=O)O)C(=O)N[C@@H](Cc1ccccc1)C(N)=O,4.251811972993799
CC[C@H](C)[C@H](NC(=O)CNC(=O)[C@H](C)NC(=O)[C@H](Cc1c[nH]c2ccccc12)NC(=O)[C@H](Cc1c[nH]c2ccccc12)NC(=O)[C@H](CS)NC(=O)[C@H](C)N)C(=O)N[C@@H](CCCCN)C(=O)N[C@@H](CCC(N)=O)C(=O)N[C@@H](CCC(=O)O)C(=O)N[C@@H](Cc1ccccc1)C(N)=O,4.022276394711152
C[C@@H](O)[C@H](NC(=O)[C@@H](N)Cc1c[nH]cn1)C(=O)N[C@@H](CC(=O)O)C(=O)N[C@@H](CC(N)=O)C(=O)NCC(=O)N[C@@H](CO)C(=O)N[C@@H](CC(N)=O)C(=O)N[C@@H](Cc1ccccc1)C(N)=O,2.6989700043360187
C[C@@H](O)[C@H](NC(=O)[C@@H](N)Cc1c[nH]cn1)C(=O)N[C@@H](CC(=O)O)C(=O)N[C@@H](CC(N)=O)C(=O)NCC(=O)N[C@@H](CO)C(=O)N[C@@H](CC(N)=O)C(=O)N[C@@H](Cc1ccccc1)C(N)=O,2.6989700043360187
CC(C)[C@H](NC(=O)[C@@H]1CCCN1C(=O)[C@H](Cc1c[nH]c2ccccc12)NC(=O)[C@H](CCCN=C(N)N)NC(=O)CN)C(=O)N[C@@H](CCCCN)C(=O)N[C@H](C(N)=O)[C@@H](C)O,2.6989700043360187
CC(C)[C@H](NC(=O)[C@@H]1CCCN1C(=O)[C@H](Cc1c[nH]c2ccccc12)NC(=O)[C@H](CCCN=C(N)N)NC(=O)CN)C(=O)N[C@@H](CCCCN)C(=O)N[C@H](C(N)=O)[C@@H](C)O,2.6989700043360187
CC(C)C[C@H](NC(=O)[C@H](CCCCN)NC(=O)[C@H](CC(C)C)NC(=O)[C@H](CC(C)C)NC(=O)[C@H](Cc1ccccc1)NC(=O)[C@H](Cc1ccc(O)cc1)NC(=O)[C@H](C)NC(=O)[C@@H](N)[C@@H](C)O)C(=O)N[C@@H](C)C(=O)NCC(=O)N[C@@H](CCCN=C(N)N)C(=O)N[C@@H](Cc1c[nH]c2ccccc12)C(N)=O,5.568636235841013
CC(C)C[C@H](NC(=O)[C@H](CCCCN)NC(=O)[C@H](CC(C)C)NC(=O)[C@H](CC(C)C)NC(=O)[C@H](Cc1ccccc1)NC(=O)[C@H](Cc1ccc(O)cc1)NC(=O)[C@H](C)NC(=O)[C@@H](N)[C@@H](C)O)C(=O)N[C@@H](C)C(=O)NCC(=O)N[C@@H](CCCN=C(N)N)C(=O)N[C@@H](Cc1c[nH]c2ccccc12)C(N)=O,4.6777807052660805
C[C@H](NC(=O)[C@@H]1CCCN1)C(=O)N[C@@H](CCC(=O)O)C(=O)N[C@H](C(=O)NCC(=O)N[C@@H](CCC(N)=O)C(=O)N[C@@H](CCC(=O)O)C(=O)N[C@H](C(N)=O)[C@@H](C)O)[C@@H](C)O,2.6989700043360187
C[C@H](NC(=O)[C@@H]1CCCN1)C(=O)N[C@@H](CCC(=O)O)C(=O)N[C@H](C(=O)NCC(=O)N[C@@H](CCC(N)=O)C(=O)N[C@@H](CCC(=O)O)C(=O)N[C@H](C(N)=O)[C@@H](C)O)[C@@H](C)O,2.6989700043360187
CC(C)[C@H](N)C(=O)N[C@@H](Cc1c[nH]cn1)C(=O)N[C@H](C(=O)N[C@@H](C)C(=O)N[C@@H](CO)C(=O)NCC(=O)N[C@@H](Cc1ccc(O)cc1)C(N)=O)C(C)C,2.6989700043360187
CC(C)[C@H](N)C(=O)N[C@@H](Cc1c[nH]cn1)C(=O)N[C@H](C(=O)N[C@@H](C)C(=O)N[C@@H](CO)C(=O)NCC(=O)N[C@@H](Cc1ccc(O)cc1)C(N)=O)C(C)C,2.6989700043360187
CC[C@H](C)[C@H](NC(=O)CNC(=O)[C@@H]1CCCN1C(=O)[C@H](CO)NC(=O)[C@H](CS)NC(=O)[C@H](CC(=O)O)NC(=O)[C@@H](NC(=O)[C@H](CCC(N)=O)NC(=O)CNC(=O)[C@@H](N)Cc1c[nH]cn1)C(C)C)C(=O)N[C@@H](Cc1c[nH]c2ccccc12)C(=O)N[C@@H](CCC(N)=O)C(=O)N[C@@H](CC(C)C)C(=O)N[C@@H](CC(=O)O)C(=O)N[C@@H](CS)C(=O)N[C@H](C(=O)N[C@@H](Cc1c[nH]cn1)C(N)=O)[C@@H](C)O,3.0
CC[C@H](C)[C@H](NC(=O)CNC(=O)[C@@H]1CCCN1C(=O)[C@H](CO)NC(=O)[C@H](CS)NC(=O)[C@H](CC(=O)O)NC(=O)[C@@H](NC(=O)[C@H](CCC(N)=O)NC(=O)CNC(=O)[C@@H](N)Cc1c[nH]cn1)C(C)C)C(=O)N[C@@H](Cc1c[nH]c2ccccc12)C(=O)N[C@@H](CCC(N)=O)C(=O)N[C@@H](CC(C)C)C(=O)N[C@@H](CC(=O)O)C(=O)N[C@@H](CS)C(=O)N[C@H](C(=O)N[C@@H](Cc1c[nH]cn1)C(N)=O)[C@@H](C)O,3.0
CC(C)C[C@H](NC(=O)[C@H](CCC(N)=O)NC(=O)[C@H](CS)NC(=O)[C@H](CCCCN)NC(=O)[C@H](CC(=O)O)NC(=O)[C@H](CS)NC(=O)[C@H](CO)NC(=O)[C@H](C)N)C(=O)N[C@@H](CCCCN)C(=O)NCC(N)=O,2.6989700043360187
CC(C)C[C@H](NC(=O)[C@H](CCC(N)=O)NC(=O)[C@H](CS)NC(=O)[C@H](CCCCN)NC(=O)[C@H](CC(=O)O)NC(=O)[C@H](CS)NC(=O)[C@H](CO)NC(=O)[C@H](C)N)C(=O)N[C@@H](CCCCN)C(=O)NCC(N)=O,2.6989700043360187
NCCCC[C@H](NC(=O)[C@H](CCC(=O)O)NC(=O)[C@H](Cc1c[nH]cn1)NC(=O)[C@H](CCC(=O)O)NC(=O)[C@@H](N)CCC(=O)O)C(=O)N[C@@H](Cc1ccc(O)cc1)C(=O)N[C@@H](Cc1c[nH]cn1)C(=O)N[C@@H](CO)C(=O)N[C@@H](CC(N)=O)C(=O)N[C@@H](Cc1c[nH]c2ccccc12)C(N)=O,2.6989700043360187
NCCCC[C@H](NC(=O)[C@H](CCC(=O)O)NC(=O)[C@H](Cc1c[nH]cn1)NC(=O)[C@H](CCC(=O)O)NC(=O)[C@@H](N)CCC(=O)O)C(=O)N[C@@H](Cc1ccc(O)cc1)C(=O)N[C@@H](Cc1c[nH]cn1)C(=O)N[C@@H](CO)C(=O)N[C@@H](CC(N)=O)C(=O)N[C@@H](Cc1c[nH]c2ccccc12)C(N)=O,2.6989700043360187
CC[C@H](C)[C@H](NC(=O)CNC(=O)[C@H](C)NC(=O)[C@H](Cc1c[nH]c2ccccc12)NC(=O)[C@H](Cc1c[nH]c2ccccc12)NC(=O)[C@H](CS)NC(=O)[C@H](C)N)C(=O)N[C@@H](CCCCN)C(=O)N[C@@H](CCC(N)=O)C(=O)N[C@@H](CCC(=O)O)C(=O)N[C@@H](C)C(=O)O,3.6108339156354674
COc1c2c(c(O)c3ncccc13)C(=O)N(Cc1ccc(F)cc1)C2,7.221848749616356
COc1c2c(c(O)c3ncccc13)C(=O)N(Cc1ccc(F)cc1)C2C,7.055517327849832
C=C1c2c(c(O)c3ncccc3c2OC)C(=O)N1Cc1ccc(F)cc1,6.823908740944319
COc1c2c(c(O)c3ncccc13)C(=O)N(Cc1ccc(F)cc1)C21CC1,8.154901959985743
COc1c2c(c(O)c3ncccc13)C(=O)N(Cc1ccc(F)cc1)C2(C)C,6.6777807052660805
COc1c2c(c(O)c3ncccc13)C(=O)N(Cc1ccc(F)cc1)C2O,7.443697499232712
COc1c2c(c(O)c3ncccc13)C(=O)N(Cc1ccc(F)cc1)C2OC,7.1938200260161125
COC(=O)CCSC1c2c(c(O)c3ncccc3c2OC)C(=O)N1Cc1ccc(F)cc1,6.508638306165727
COc1c2c(c(O)c3ncccc13)C(=O)N(Cc1ccc(F)cc1)C2SCCC(=O)O,6.530177984021837
COc1c2c(c(O)c3ncccc13)C(=O)N(Cc1ccc(F)cc1)C2SCCC(=O)N1CCNCC1.O=C(O)C(F)(F)F,7.229147988357855
CC1c2c(c(O)c3ncccc3c2OS(=O)(=O)N(C)C)C(=O)N1Cc1ccc(F)cc1,6.088842391260023
C=C1c2c(c(O)c3ncccc3c2OS(=O)(=O)N(C)C)C(=O)N1Cc1ccc(F)cc1,6.376750709602099
O=C1c2c(c(O)c3ncccc3c2O)C(=O)N1Cc1ccc(F)cc1,7.096910013008056
CN(C)S(=O)(=O)Oc1c2c(c(O)c3ncccc13)C(=O)N(Cc1ccc(F)cc1)C2,6.5934598195660445
CN(C)S(=O)(=O)Oc1c2c(c(O)c3ncccc13)C(=O)N(Cc1ccc(F)cc1)C21CC1,6.447331783887806
COc1c2c(c(O)c3ncc(F)cc13)C(=O)N(Cc1ccc(F)cc1)C2,8.142667503568731
COc1cnc2c(O)c3c(c(OC)c2c1)CN(Cc1ccc(F)cc1)C3=O,7.031517051446065
CN(C)S(=O)(=O)Oc1c2c(c(O)c3ncccc13)C(=O)N(Cc1ccc(F)cc1)C2,6.5934598195660445
CN(C)S(=O)(=O)Oc1c2c(c(O)c3nccnc13)C(=O)N(Cc1ccc(F)cc1)C2,7.481486060122112
COc1c2c(c(O)c3ncn(Cc4ccccc4)c13)C(=O)N(Cc1ccc(F)cc1)C2,4.619788758288394
COc1c2c(c(O)c3c1NCCN3)C(=O)N(Cc1ccc(F)cc1)C2,6.070581074285707
COc1c2c(c(O)c3nccnc13)C(=O)N(Cc1ccc(F)cc1)C2,6.6777807052660805
COc1c2c(c(O)c3ncccc13)C(=O)N(Cc1ccc(F)cc1)C2,7.301029995663981
O=C(NCc1ccc(F)cc1)c1nc(N2CCCCS2(=O)=O)c2cccnc2c1O,7.301029995663981
O=C1c2c(c(C(=O)N3CCOCC3)c3cccnc3c2O)CN1Cc1ccc(F)cc1,7.443697499232712
O=C(NCc1ccccn1)c1c2c(c(O)c3ncccc13)C(=O)N(Cc1ccc(F)cc1)C2,6.721246399047171
O=C1c2c(c(-c3c(F)cccc3F)c3cccnc3c2O)CN1Cc1ccc(F)cc1,6.474955192963154
CCOC(=O)c1ccccc1-c1c2c(c(O)c3ncccc13)C(=O)N(Cc1ccc(F)cc1)C2,6.455931955649724
CCOC(=O)c1cccc(-c2c3c(c(O)c4ncccc24)C(=O)N(Cc2ccc(F)cc2)C3)c1,5.6777807052660805
CCOc1ccc(-c2c3c(c(O)c4ncccc24)C(=O)N(Cc2ccc(F)cc2)C3)cc1,5.920818753952375
CN(C)C(=O)Oc1c2c(c(O)c3ncccc13)C(=O)N(Cc1ccc(F)cc1)C2,6.119186407719209
COc1c2c(c(O)c3ncccc13)C(=O)N(Cc1ccc(F)cc1)C2,7.301029995663981
CN(C)C(=O)Oc1c2c(c(O)c3ncccc13)C(=O)N(Cc1ccc(F)cc1)C2=O,5.619788758288394
O=C1c2c(cc3cccnc3c2O)CN1Cc1ccc(F)cc1,7.154901959985743
O=C(NCc1ccc(F)cc1)c1ccc2cccnc2c1O,5.698970004336019
COc1c2c(c(O)c3ncccc13)C(=O)N(Cc1ccc(F)cc1)C2=O,7.096910013008056
CC[C@H](C)C(NC(=O)[C@H](CCC(=O)O)NC(=O)[C@H](CC(C)C)NC(=O)[C@H](CC(=O)O)NC(=O)[C@H](CO)NC(=O)CNC(=O)[C@@H](NC(=O)[C@H](Cc1ccc(O)cc1)NC(=O)[C@H](CC(C)C)NC(=O)[C@H](CC(=O)O)NC(=O)[C@H](CC(=O)O)NC(=O)[C@H](CCSC)NC(=O)[C@H](Cc1ccc(O)cc1)NC(=O)[C@H](CCC(N)=O)NC(=O)[C@H](Cc1ccc(O)cc1)NC(=O)[C@@H](NC(=O)[C@@H](NC(=O)[C@@H](NC(=O)[C@H](CC(=O)O)NC(=O)[C@@H]1CCCN1)[C@@H](C)CC)C(C)C)[C@@H](C)CC)C(C)C)C(=O)O,5.221848749616356
CC[C@H](C)C(NC(=O)[C@H](CCC(=O)O)NC(=O)[C@H](CC(C)C)NC(=O)[C@H](CC(=O)O)NC(=O)[C@H](CO)NC(=O)CNC(=O)[C@@H](NC(=O)[C@H](Cc1ccc(O)cc1)NC(=O)[C@H](CC(C)C)NC(=O)[C@H](CC(=O)O)NC(=O)[C@H](CC(=O)O)NC(=O)[C@H](CCSC)NC(=O)[C@H](Cc1ccc(O)cc1)NC(=O)[C@H](CCC(N)=O)NC(=O)[C@H](Cc1ccc(O)cc1)NC(=O)[C@@H](NC(=O)[C@@H](NC(=O)[C@@H](NC(=O)[C@H](CC(=O)O)NC(=O)[C@@H]1CCCN1)[C@@H](C)CC)C(C)C)[C@@H](C)CC)C(C)C)C(=O)O,5.0
CC[C@H](C)C(NC(=O)[C@H](CCC(=O)O)NC(=O)[C@H](CC(C)C)NC(=O)[C@H](CC(=O)O)NC(=O)[C@H](CO)NC(=O)CNC(=O)[C@@H](NC(=O)[C@H](Cc1ccc(O)cc1)NC(=O)[C@H](CC(C)C)NC(=O)[C@H](CC(=O)O)NC(=O)[C@H](CC(=O)O)NC(=O)[C@H](CCSC)NC(=O)[C@H](Cc1ccc(O)cc1)NC(=O)[C@H](CCC(N)=O)NC(=O)[C@H](Cc1ccc(O)cc1)NC(=O)[C@@H](NC(=O)[C@@H](NC(=O)[C@@H](NC(=O)[C@H](CC(=O)O)NC(=O)[C@@H]1CCCN1)[C@@H](C)CC)C(C)C)[C@@H](C)CC)C(C)C)C(=O)O,4.638272163982407
CC[C@H](C)C(NC(=O)[C@H](CCC(=O)O)NC(=O)[C@H](CC(C)C)NC(=O)[C@H](CC(=O)O)NC(=O)[C@H](CO)NC(=O)CNC(=O)[C@@H](NC(=O)[C@H](Cc1ccc(O)cc1)NC(=O)[C@H](CC(C)C)NC(=O)[C@H](CC(=O)O)NC(=O)[C@H](CC(=O)O)NC(=O)[C@H](CCSC)NC(=O)[C@H](Cc1ccc(O)cc1)NC(=O)[C@H](CCC(N)=O)NC(=O)[C@H](Cc1ccc(O)cc1)NC(=O)[C@@H](NC(=O)[C@@H](NC(=O)[C@@H](NC(=O)[C@H](CC(=O)O)NC(=O)[C@@H]1CCCN1)[C@@H](C)CC)C(C)C)[C@@H](C)CC)C(C)C)C(=O)O,4.552841968657781
CC[C@H](C)C(NC(=O)[C@H](CCC(=O)O)NC(=O)[C@H](CC(C)C)NC(=O)[C@H](CC(=O)O)NC(=O)[C@H](CO)NC(=O)CNC(=O)[C@@H](NC(=O)[C@H](Cc1ccc(O)cc1)NC(=O)[C@H](CC(C)C)NC(=O)[C@H](CC(=O)O)NC(=O)[C@H](CC(=O)O)NC(=O)[C@H](CCSC)NC(=O)[C@H](Cc1ccc(O)cc1)NC(=O)[C@H](CCC(N)=O)NC(=O)[C@H](Cc1ccc(O)cc1)NC(=O)[C@@H](NC(=O)[C@@H](NC(=O)[C@@H](NC(=O)[C@H](CC(=O)O)NC(=O)[C@@H]1CCCN1)[C@@H](C)CC)C(C)C)[C@@H](C)CC)C(C)C)C(=O)O,5.698970004336019
CC[C@H](C)[C@H](NC(=O)[C@H](CC(C)C)NC(=O)[C@H](CCC(N)=O)NC(=O)[C@H](CCC(=O)O)NC(=O)[C@@H](NC(=O)[C@@H](NC(=O)[C@H](CCC(N)=O)NC(=O)[C@H](CC(N)=O)NC(=O)[C@@H](NC(=O)[C@H](CC(C)C)NC(=O)[C@@H](N)CCC(=O)O)C(C)C)[C@@H](C)CC)[C@@H](C)CC)C(=O)N[C@@H](CCCCN)C(=O)N[C@@H](CCCCN)C(=O)N[C@@H](CCC(=O)O)C(=O)N[C@@H](CCCCN)C(=O)N[C@H](C(=O)N[C@@H](Cc1ccc(O)cc1)C(=O)N[C@@H](CC(C)C)C(=O)N[C@@H](C)C(=O)N[C@@H](Cc1c[nH]c2ccccc12)C(=O)O)C(C)C,4.823908740944319
CC[C@H](C)C(NC(=O)[C@H](CCC(=O)O)NC(=O)[C@H](CC(C)C)NC(=O)[C@H](CC(=O)O)NC(=O)[C@H](CO)NC(=O)CNC(=O)[C@@H](NC(=O)[C@H](Cc1ccc(O)cc1)NC(=O)[C@H](CC(C)C)NC(=O)[C@H](CC(=O)O)NC(=O)[C@H](CC(=O)O)NC(=O)[C@H](CCSC)NC(=O)[C@H](Cc1ccc(O)cc1)NC(=O)[C@H](CCC(N)=O)NC(=O)[C@H](Cc1ccc(O)cc1)NC(=O)[C@@H](NC(=O)[C@@H](NC(=O)[C@@H](NC(=O)[C@H](CC(=O)O)NC(=O)[C@@H]1CCCN1)[C@@H](C)CC)C(C)C)[C@@H](C)CC)C(C)C)C(=O)O,4.698970004336019
CC[C@H](C)C(NC(=O)[C@H](CCC(=O)O)NC(=O)[C@H](CC(C)C)NC(=O)[C@H](CC(=O)O)NC(=O)[C@H](CO)NC(=O)CNC(=O)[C@@H](NC(=O)[C@H](Cc1ccc(O)cc1)NC(=O)[C@H](CC(C)C)NC(=O)[C@H](CC(=O)O)NC(=O)[C@H](CC(=O)O)NC(=O)[C@H](CCSC)NC(=O)[C@H](Cc1ccc(O)cc1)NC(=O)[C@H](CCC(N)=O)NC(=O)[C@H](Cc1ccc(O)cc1)NC(=O)[C@@H](NC(=O)[C@@H](NC(=O)[C@@H](NC(=O)[C@H](CC(=O)O)NC(=O)[C@@H]1CCCN1)[C@@H](C)CC)C(C)C)[C@@H](C)CC)C(C)C)C(=O)O,5.301029995663981
CC[C@H](C)C(NC(=O)[C@H](CCC(=O)O)NC(=O)[C@H](CC(C)C)NC(=O)[C@H](CC(=O)O)NC(=O)[C@H](CO)NC(=O)CNC(=O)[C@@H](NC(=O)[C@H](Cc1ccc(O)cc1)NC(=O)[C@H](CC(C)C)NC(=O)[C@H](CC(=O)O)NC(=O)[C@H](CC(=O)O)NC(=O)[C@H](CCSC)NC(=O)[C@H](Cc1ccc(O)cc1)NC(=O)[C@H](CCC(N)=O)NC(=O)[C@H](Cc1ccc(O)cc1)NC(=O)[C@@H](NC(=O)[C@@H](NC(=O)[C@@H](NC(=O)[C@H](CC(=O)O)NC(=O)[C@@H]1CCCN1)[C@@H](C)CC)C(C)C)[C@@H](C)CC)C(C)C)C(=O)O,4.3872161432802645
CC[C@H](C)[C@H](NC(=O)CNC(=O)[C@H](CC(C)C)NC(=O)[C@H](C)NC(=O)[C@H](Cc1ccc(O)cc1)NC(=O)[C@H](CCC(N)=O)NC(=O)[C@H](CO)NC(=O)[C@H](CC(=O)O)NC(=O)[C@@H](NC(=O)[C@@H](NC(=O)[C@@H](NC(=O)[C@H](CC(N)=O)NC(=O)[C@@H](NC(=O)[C@H](CCC(=O)O)NC(=O)[C@H](CC(C)C)NC(=O)CNC(=O)[C@H](CO)NC(=O)[C@H](CC(=O)O)NC(=O)[C@H](CCC(N)=O)NC(=O)[C@@H](N)CC(C)C)C(C)C)[C@@H](C)CC)C(C)C)[C@@H](C)O)C(=O)O,4.958607314841775
CC[C@H](C)[C@H](NC(=O)[C@H](Cc1c[nH]c2ccccc12)NC(=O)[C@@H](NC(=O)[C@H](C)NC(=O)[C@H](CCC(N)=O)NC(=O)[C@H](Cc1c[nH]c2ccccc12)NC(=O)[C@H](Cc1ccc(O)cc1)NC(=O)[C@H](CCC(=O)O)NC(=O)[C@@H](NC(=O)[C@H](Cc1c[nH]c2ccccc12)NC(=O)[C@H](Cc1c[nH]c2ccccc12)NC(=O)[C@@H](NC(=O)[C@H](CCC(=O)O)NC(=O)[C@H](Cc1c[nH]c2ccccc12)NC(=O)[C@@H](NC(=O)[C@@H](N)CCC(=O)O)[C@@H](C)O)[C@@H](C)O)[C@@H](C)O)[C@@H](C)O)C(=O)N1CCC[C@H]1C(=O)N[C@@H](CCC(=O)O)C(=O)N[C@@H](Cc1c[nH]c2ccccc12)C(=O)N[C@@H](CCC(=O)O)C(=O)O,5.221848749616356
CC[C@H](C)[C@H](NC(=O)[C@H](CO)NC(=O)[C@H](CCC(=O)O)NC(=O)[C@@H](NC(=O)[C@@H](NC(=O)[C@@H](NC(=O)[C@H](CCCCN)NC(=O)[C@H](CCC(N)=O)NC(=O)[C@@H](NC(=O)[C@H](C)NC(=O)[C@H](CCC(=O)O)NC(=O)[C@@H](NC(=O)[C@H](CC(C)C)NC(=O)[C@H](CCC(N)=O)NC(=O)[C@@H](N)CCCCN)[C@@H](C)O)C(C)C)[C@@H](C)CC)[C@@H](C)O)[C@@H](C)O)C(=O)N[C@H](C(=O)N[C@H](C(=O)N[C@@H](Cc1c[nH]c2ccccc12)C(=O)NCC(=O)N[C@@H](CCCCN)C(=O)O)[C@@H](C)CC)C(C)C,5.154901959985743
CC[C@H](C)[C@H](NC(=O)[C@H](CC(C)C)NC(=O)[C@H](CCC(N)=O)NC(=O)[C@H](CCC(=O)O)NC(=O)[C@@H](NC(=O)[C@@H](NC(=O)[C@H](CCC(N)=O)NC(=O)[C@H](CC(N)=O)NC(=O)[C@@H](NC(=O)[C@H](CC(C)C)NC(=O)[C@@H](N)CCC(=O)O)C(C)C)[C@@H](C)CC)[C@@H](C)CC)C(=O)N[C@@H](CCCCN)C(=O)N[C@@H](CCCCN)C(=O)N[C@@H](CCC(=O)O)C(=O)N[C@@H](CCCCN)C(=O)N[C@H](C(=O)N[C@@H](Cc1ccc(O)cc1)C(=O)N[C@@H](CC(C)C)C(=O)N[C@@H](C)C(=O)N[C@@H](Cc1c[nH]c2ccccc12)C(=O)O)C(C)C,4.853871964321762
CC[C@H](C)[C@H](NC(=O)CNC(=O)[C@H](CC(C)C)NC(=O)[C@H](C)NC(=O)[C@H](Cc1ccc(O)cc1)NC(=O)[C@H](CCC(N)=O)NC(=O)[C@H](CO)NC(=O)[C@H](CC(=O)O)NC(=O)[C@@H](NC(=O)[C@@H](NC(=O)[C@@H](NC(=O)[C@H](CC(N)=O)NC(=O)[C@@H](NC(=O)[C@H](CCC(=O)O)NC(=O)[C@H](CC(C)C)NC(=O)CNC(=O)[C@H](CO)NC(=O)[C@H](CC(=O)O)NC(=O)[C@H](CCC(N)=O)NC(=O)[C@@H](N)CC(C)C)C(C)C)[C@@H](C)CC)C(C)C)[C@@H](C)O)C(=O)O,5.698970004336019
CC[C@H](C)[C@H](NC(=O)[C@H](Cc1c[nH]c2ccccc12)NC(=O)[C@@H](NC(=O)[C@H](C)NC(=O)[C@H](CCC(N)=O)NC(=O)[C@H](Cc1c[nH]c2ccccc12)NC(=O)[C@H](Cc1ccc(O)cc1)NC(=O)[C@H](CCC(=O)O)NC(=O)[C@@H](NC(=O)[C@H](Cc1c[nH]c2ccccc12)NC(=O)[C@H](Cc1c[nH]c2ccccc12)NC(=O)[C@@H](NC(=O)[C@H](CCC(=O)O)NC(=O)[C@H](Cc1c[nH]c2ccccc12)NC(=O)[C@@H](NC(=O)[C@@H](N)CCC(=O)O)[C@@H](C)O)[C@@H](C)O)[C@@H](C)O)[C@@H](C)O)C(=O)N1CCC[C@H]1C(=O)N[C@@H](CCC(=O)O)C(=O)N[C@@H](Cc1c[nH]c2ccccc12)C(=O)N[C@@H](CCC(=O)O)C(=O)O,5.698970004336019
CC[C@H](C)[C@H](NC(=O)[C@H](CO)NC(=O)[C@H](CCC(=O)O)NC(=O)[C@@H](NC(=O)[C@@H](NC(=O)[C@@H](NC(=O)[C@H](CCCCN)NC(=O)[C@H](CCC(N)=O)NC(=O)[C@@H](NC(=O)[C@H](C)NC(=O)[C@H](CCC(=O)O)NC(=O)[C@@H](NC(=O)[C@H](CC(C)C)NC(=O)[C@H](CCC(N)=O)NC(=O)[C@@H](N)CCCCN)[C@@H](C)O)C(C)C)[C@@H](C)CC)[C@@H](C)O)[C@@H](C)O)C(=O)N[C@H](C(=O)N[C@H](C(=O)N[C@@H](Cc1c[nH]c2ccccc12)C(=O)NCC(=O)N[C@@H](CCCCN)C(=O)O)[C@@H](C)CC)C(C)C,5.3979400086720375
CC[C@H](C)[C@H](NC(=O)[C@H](CC(C)C)NC(=O)[C@H](CCC(N)=O)NC(=O)[C@H](CCC(=O)O)NC(=O)[C@@H](NC(=O)[C@@H](NC(=O)[C@H](CCC(N)=O)NC(=O)[C@H](CC(N)=O)NC(=O)[C@@H](NC(=O)[C@H](CC(C)C)NC(=O)[C@@H](N)CCC(=O)O)C(C)C)[C@@H](C)CC)[C@@H](C)CC)C(=O)N[C@@H](CCCCN)C(=O)N[C@@H](CCCCN)C(=O)N[C@@H](CCC(=O)O)C(=O)N[C@@H](CCCCN)C(=O)N[C@H](C(=O)N[C@@H](Cc1ccc(O)cc1)C(=O)N[C@@H](CC(C)C)C(=O)N[C@@H](C)C(=O)N[C@@H](Cc1c[nH]c2ccccc12)C(=O)O)C(C)C,4.080921907623926
CC[C@H](C)[C@H](NC(=O)CNC(=O)[C@H](CC(C)C)NC(=O)[C@H](C)NC(=O)[C@H](Cc1ccc(O)cc1)NC(=O)[C@H](CCC(N)=O)NC(=O)[C@H](CO)NC(=O)[C@H](CC(=O)O)NC(=O)[C@@H](NC(=O)[C@@H](NC(=O)[C@@H](NC(=O)[C@H](CC(N)=O)NC(=O)[C@@H](NC(=O)[C@H](CCC(=O)O)NC(=O)[C@H](CC(C)C)NC(=O)CNC(=O)[C@H](CO)NC(=O)[C@H](CC(=O)O)NC(=O)[C@H](CCC(N)=O)NC(=O)[C@@H](N)CC(C)C)C(C)C)[C@@H](C)CC)C(C)C)[C@@H](C)O)C(=O)O,4.443697499232712
CC[C@H](C)[C@H](NC(=O)[C@H](Cc1c[nH]c2ccccc12)NC(=O)[C@@H](NC(=O)[C@H](C)NC(=O)[C@H](CCC(N)=O)NC(=O)[C@H](Cc1c[nH]c2ccccc12)NC(=O)[C@H](Cc1ccc(O)cc1)NC(=O)[C@H](CCC(=O)O)NC(=O)[C@@H](NC(=O)[C@H](Cc1c[nH]c2ccccc12)NC(=O)[C@H](Cc1c[nH]c2ccccc12)NC(=O)[C@@H](NC(=O)[C@H](CCC(=O)O)NC(=O)[C@H](Cc1c[nH]c2ccccc12)NC(=O)[C@@H](NC(=O)[C@@H](N)CCC(=O)O)[C@@H](C)O)[C@@H](C)O)[C@@H](C)O)[C@@H](C)O)C(=O)N1CCC[C@H]1C(=O)N[C@@H](CCC(=O)O)C(=O)N[C@@H](Cc1c[nH]c2ccccc12)C(=O)N[C@@H](CCC(=O)O)C(=O)O,5.045757490560675
CC[C@H](C)[C@H](NC(=O)[C@H](CO)NC(=O)[C@H](CCC(=O)O)NC(=O)[C@@H](NC(=O)[C@@H](NC(=O)[C@@H](NC(=O)[C@H](CCCCN)NC(=O)[C@H](CCC(N)=O)NC(=O)[C@@H](NC(=O)[C@H](C)NC(=O)[C@H](CCC(=O)O)NC(=O)[C@@H](NC(=O)[C@H](CC(C)C)NC(=O)[C@H](CCC(N)=O)NC(=O)[C@@H](N)CCCCN)[C@@H](C)O)C(C)C)[C@@H](C)CC)[C@@H](C)O)[C@@H](C)O)C(=O)N[C@H](C(=O)N[C@H](C(=O)N[C@@H](Cc1c[nH]c2ccccc12)C(=O)NCC(=O)N[C@@H](CCCCN)C(=O)O)[C@@H](C)CC)C(C)C,4.508638306165727
CC[C@H](C)[C@H](NC(=O)[C@H](CC(C)C)NC(=O)[C@H](CCC(N)=O)NC(=O)[C@H](CCC(=O)O)NC(=O)[C@@H](NC(=O)[C@@H](NC(=O)[C@H](CCC(N)=O)NC(=O)[C@H](CC(N)=O)NC(=O)[C@@H](NC(=O)[C@H](CC(C)C)NC(=O)[C@@H](N)CCC(=O)O)C(C)C)[C@@H](C)CC)[C@@H](C)CC)C(=O)N[C@@H](CCCCN)C(=O)N[C@@H](CCCCN)C(=O)N[C@@H](CCC(=O)O)C(=O)N[C@@H](CCCCN)C(=O)N[C@H](C(=O)N[C@@H](Cc1ccc(O)cc1)C(=O)N[C@@H](CC(C)C)C(=O)N[C@@H](C)C(=O)N[C@@H](Cc1c[nH]c2ccccc12)C(=O)O)C(C)C,5.154901959985743
CC[C@H](C)[C@H](NC(=O)CNC(=O)[C@H](CC(C)C)NC(=O)[C@H](C)NC(=O)[C@H](Cc1ccc(O)cc1)NC(=O)[C@H](CCC(N)=O)NC(=O)[C@H](CO)NC(=O)[C@H](CC(=O)O)NC(=O)[C@@H](NC(=O)[C@@H](NC(=O)[C@@H](NC(=O)[C@H](CC(N)=O)NC(=O)[C@@H](NC(=O)[C@H](CCC(=O)O)NC(=O)[C@H](CC(C)C)NC(=O)CNC(=O)[C@H](CO)NC(=O)[C@H](CC(=O)O)NC(=O)[C@H](CCC(N)=O)NC(=O)[C@@H](N)CC(C)C)C(C)C)[C@@H](C)CC)C(C)C)[C@@H](C)O)C(=O)O,5.3979400086720375
CC[C@H](C)[C@H](NC(=O)[C@H](Cc1c[nH]c2ccccc12)NC(=O)[C@@H](NC(=O)[C@H](C)NC(=O)[C@H](CCC(N)=O)NC(=O)[C@H](Cc1c[nH]c2ccccc12)NC(=O)[C@H](Cc1ccc(O)cc1)NC(=O)[C@H](CCC(=O)O)NC(=O)[C@@H](NC(=O)[C@H](Cc1c[nH]c2ccccc12)NC(=O)[C@H](Cc1c[nH]c2ccccc12)NC(=O)[C@@H](NC(=O)[C@H](CCC(=O)O)NC(=O)[C@H](Cc1c[nH]c2ccccc12)NC(=O)[C@@H](NC(=O)[C@@H](N)CCC(=O)O)[C@@H](C)O)[C@@H](C)O)[C@@H](C)O)[C@@H](C)O)C(=O)N1CCC[C@H]1C(=O)N[C@@H](CCC(=O)O)C(=O)N[C@@H](Cc1c[nH]c2ccccc12)C(=O)N[C@@H](CCC(=O)O)C(=O)O,4.568636235841013
CC[C@H](C)[C@H](NC(=O)[C@H](CO)NC(=O)[C@H](CCC(=O)O)NC(=O)[C@@H](NC(=O)[C@@H](NC(=O)[C@@H](NC(=O)[C@H](CCCCN)NC(=O)[C@H](CCC(N)=O)NC(=O)[C@@H](NC(=O)[C@H](C)NC(=O)[C@H](CCC(=O)O)NC(=O)[C@@H](NC(=O)[C@H](CC(C)C)NC(=O)[C@H](CCC(N)=O)NC(=O)[C@@H](N)CCCCN)[C@@H](C)O)C(C)C)[C@@H](C)CC)[C@@H](C)O)[C@@H](C)O)C(=O)N[C@H](C(=O)N[C@H](C(=O)N[C@@H](Cc1c[nH]c2ccccc12)C(=O)NCC(=O)N[C@@H](CCCCN)C(=O)O)[C@@H](C)CC)C(C)C,5.698970004336019
CC[C@H](C)[C@H](NC(=O)[C@H](CC(C)C)NC(=O)[C@H](CCC(N)=O)NC(=O)[C@H](CCC(=O)O)NC(=O)[C@@H](NC(=O)[C@@H](NC(=O)[C@H](CCC(N)=O)NC(=O)[C@H](CC(N)=O)NC(=O)[C@@H](NC(=O)[C@H](CC(C)C)NC(=O)[C@@H](N)CCC(=O)O)C(C)C)[C@@H](C)CC)[C@@H](C)CC)C(=O)N[C@@H](CCCCN)C(=O)N[C@@H](CCCCN)C(=O)N[C@@H](CCC(=O)O)C(=O)N[C@@H](CCCCN)C(=O)N[C@H](C(=O)N[C@@H](Cc1ccc(O)cc1)C(=O)N[C@@H](CC(C)C)C(=O)N[C@@H](C)C(=O)N[C@@H](Cc1c[nH]c2ccccc12)C(=O)O)C(C)C,3.8664610916297826
CC[C@H](C)[C@H](NC(=O)CNC(=O)[C@H](CC(C)C)NC(=O)[C@H](C)NC(=O)[C@H](Cc1ccc(O)cc1)NC(=O)[C@H](CCC(N)=O)NC(=O)[C@H](CO)NC(=O)[C@H](CC(=O)O)NC(=O)[C@@H](NC(=O)[C@@H](NC(=O)[C@@H](NC(=O)[C@H](CC(N)=O)NC(=O)[C@@H](NC(=O)[C@H](CCC(=O)O)NC(=O)[C@H](CC(C)C)NC(=O)CNC(=O)[C@H](CO)NC(=O)[C@H](CC(=O)O)NC(=O)[C@H](CCC(N)=O)NC(=O)[C@@H](N)CC(C)C)C(C)C)[C@@H](C)CC)C(C)C)[C@@H](C)O)C(=O)O,4.7447274948966935
CC[C@H](C)[C@H](NC(=O)[C@H](Cc1c[nH]c2ccccc12)NC(=O)[C@@H](NC(=O)[C@H](C)NC(=O)[C@H](CCC(N)=O)NC(=O)[C@H](Cc1c[nH]c2ccccc12)NC(=O)[C@H](Cc1ccc(O)cc1)NC(=O)[C@H](CCC(=O)O)NC(=O)[C@@H](NC(=O)[C@H](Cc1c[nH]c2ccccc12)NC(=O)[C@H](Cc1c[nH]c2ccccc12)NC(=O)[C@@H](NC(=O)[C@H](CCC(=O)O)NC(=O)[C@H](Cc1c[nH]c2ccccc12)NC(=O)[C@@H](NC(=O)[C@@H](N)CCC(=O)O)[C@@H](C)O)[C@@H](C)O)[C@@H](C)O)[C@@H](C)O)C(=O)N1CCC[C@H]1C(=O)N[C@@H](CCC(=O)O)C(=O)N[C@@H](Cc1c[nH]c2ccccc12)C(=O)N[C@@H](CCC(=O)O)C(=O)O,3.899629454882437
CC[C@H](C)[C@H](NC(=O)[C@H](CO)NC(=O)[C@H](CCC(=O)O)NC(=O)[C@@H](NC(=O)[C@@H](NC(=O)[C@@H](NC(=O)[C@H](CCCCN)NC(=O)[C@H](CCC(N)=O)NC(=O)[C@@H](NC(=O)[C@H](C)NC(=O)[C@H](CCC(=O)O)NC(=O)[C@@H](NC(=O)[C@H](CC(C)C)NC(=O)[C@H](CCC(N)=O)NC(=O)[C@@H](N)CCCCN)[C@@H](C)O)C(C)C)[C@@H](C)CC)[C@@H](C)O)[C@@H](C)O)C(=O)N[C@H](C(=O)N[C@H](C(=O)N[C@@H](Cc1c[nH]c2ccccc12)C(=O)NCC(=O)N[C@@H](CCCCN)C(=O)O)[C@@H](C)CC)C(C)C,4.5376020021010435
CC[C@H](C)[C@H](NC(=O)[C@H](CC(C)C)NC(=O)[C@H](CCC(N)=O)NC(=O)[C@H](CCC(=O)O)NC(=O)[C@@H](NC(=O)[C@@H](NC(=O)[C@H](CCC(N)=O)NC(=O)[C@H](CC(N)=O)NC(=O)[C@@H](NC(=O)[C@H](CC(C)C)NC(=O)[C@@H](N)CCC(=O)O)C(C)C)[C@@H](C)CC)[C@@H](C)CC)C(=O)N[C@@H](CCCCN)C(=O)N[C@@H](CCCCN)C(=O)N[C@@H](CCC(=O)O)C(=O)N[C@@H](CCCCN)C(=O)N[C@H](C(=O)N[C@@H](Cc1ccc(O)cc1)C(=O)N[C@@H](CC(C)C)C(=O)N[C@@H](C)C(=O)N[C@@H](Cc1c[nH]c2ccccc12)C(=O)O)C(C)C,4.823908740944319
CC[C@H](C)[C@H](NC(=O)CNC(=O)[C@H](CC(C)C)NC(=O)[C@H](C)NC(=O)[C@H](Cc1ccc(O)cc1)NC(=O)[C@H](CCC(N)=O)NC(=O)[C@H](CO)NC(=O)[C@H](CC(=O)O)NC(=O)[C@@H](NC(=O)[C@@H](NC(=O)[C@@H](NC(=O)[C@H](CC(N)=O)NC(=O)[C@@H](NC(=O)[C@H](CCC(=O)O)NC(=O)[C@H](CC(C)C)NC(=O)CNC(=O)[C@H](CO)NC(=O)[C@H](CC(=O)O)NC(=O)[C@H](CCC(N)=O)NC(=O)[C@@H](N)CC(C)C)C(C)C)[C@@H](C)CC)C(C)C)[C@@H](C)O)C(=O)O,4.698970004336019
CC[C@H](C)[C@H](NC(=O)[C@H](Cc1c[nH]c2ccccc12)NC(=O)[C@@H](NC(=O)[C@H](C)NC(=O)[C@H](CCC(N)=O)NC(=O)[C@H](Cc1c[nH]c2ccccc12)NC(=O)[C@H](Cc1ccc(O)cc1)NC(=O)[C@H](CCC(=O)O)NC(=O)[C@@H](NC(=O)[C@H](Cc1c[nH]c2ccccc12)NC(=O)[C@H](Cc1c[nH]c2ccccc12)NC(=O)[C@@H](NC(=O)[C@H](CCC(=O)O)NC(=O)[C@H](Cc1c[nH]c2ccccc12)NC(=O)[C@@H](NC(=O)[C@@H](N)CCC(=O)O)[C@@H](C)O)[C@@H](C)O)[C@@H](C)O)[C@@H](C)O)C(=O)N1CCC[C@H]1C(=O)N[C@@H](CCC(=O)O)C(=O)N[C@@H](Cc1c[nH]c2ccccc12)C(=O)N[C@@H](CCC(=O)O)C(=O)O,5.301029995663981
CC[C@H](C)[C@H](NC(=O)[C@H](CO)NC(=O)[C@H](CCC(=O)O)NC(=O)[C@@H](NC(=O)[C@@H](NC(=O)[C@@H](NC(=O)[C@H](CCCCN)NC(=O)[C@H](CCC(N)=O)NC(=O)[C@@H](NC(=O)[C@H](C)NC(=O)[C@H](CCC(=O)O)NC(=O)[C@@H](NC(=O)[C@H](CC(C)C)NC(=O)[C@H](CCC(N)=O)NC(=O)[C@@H](N)CCCCN)[C@@H](C)O)C(C)C)[C@@H](C)CC)[C@@H](C)O)[C@@H](C)O)C(=O)N[C@H](C(=O)N[C@H](C(=O)N[C@@H](Cc1c[nH]c2ccccc12)C(=O)NCC(=O)N[C@@H](CCCCN)C(=O)O)[C@@H](C)CC)C(C)C,5.0
CC[C@H](C)[C@H](NC(=O)[C@H](CC(C)C)NC(=O)[C@H](CCC(N)=O)NC(=O)[C@H](CCC(=O)O)NC(=O)[C@@H](NC(=O)[C@@H](NC(=O)[C@H](CCC(N)=O)NC(=O)[C@H](CC(N)=O)NC(=O)[C@@H](NC(=O)[C@H](CC(C)C)NC(=O)[C@@H](N)CCC(=O)O)C(C)C)[C@@H](C)CC)[C@@H](C)CC)C(=O)N[C@@H](CCCCN)C(=O)N[C@@H](CCCCN)C(=O)N[C@@H](CCC(=O)O)C(=O)N[C@@H](CCCCN)C(=O)N[C@H](C(=O)N[C@@H](Cc1ccc(O)cc1)C(=O)N[C@@H](CC(C)C)C(=O)N[C@@H](C)C(=O)N[C@@H](Cc1c[nH]c2ccccc12)C(=O)O)C(C)C,3.94692155651658
CC[C@H](C)[C@H](NC(=O)CNC(=O)[C@H](CC(C)C)NC(=O)[C@H](C)NC(=O)[C@H](Cc1ccc(O)cc1)NC(=O)[C@H](CCC(N)=O)NC(=O)[C@H](CO)NC(=O)[C@H](CC(=O)O)NC(=O)[C@@H](NC(=O)[C@@H](NC(=O)[C@@H](NC(=O)[C@H](CC(N)=O)NC(=O)[C@@H](NC(=O)[C@H](CCC(=O)O)NC(=O)[C@H](CC(C)C)NC(=O)CNC(=O)[C@H](CO)NC(=O)[C@H](CC(=O)O)NC(=O)[C@H](CCC(N)=O)NC(=O)[C@@H](N)CC(C)C)C(C)C)[C@@H](C)CC)C(C)C)[C@@H](C)O)C(=O)O,3.7772835288524167
CC[C@H](C)[C@H](NC(=O)[C@H](Cc1c[nH]c2ccccc12)NC(=O)[C@@H](NC(=O)[C@H](C)NC(=O)[C@H](CCC(N)=O)NC(=O)[C@H](Cc1c[nH]c2ccccc12)NC(=O)[C@H](Cc1ccc(O)cc1)NC(=O)[C@H](CCC(=O)O)NC(=O)[C@@H](NC(=O)[C@H](Cc1c[nH]c2ccccc12)NC(=O)[C@H](Cc1c[nH]c2ccccc12)NC(=O)[C@@H](NC(=O)[C@H](CCC(=O)O)NC(=O)[C@H](Cc1c[nH]c2ccccc12)NC(=O)[C@@H](NC(=O)[C@@H](N)CCC(=O)O)[C@@H](C)O)[C@@H](C)O)[C@@H](C)O)[C@@H](C)O)C(=O)N1CCC[C@H]1C(=O)N[C@@H](CCC(=O)O)C(=O)N[C@@H](Cc1c[nH]c2ccccc12)C(=O)N[C@@H](CCC(=O)O)C(=O)O,4.886056647693163
CC[C@H](C)[C@H](NC(=O)[C@H](CO)NC(=O)[C@H](CCC(=O)O)NC(=O)[C@@H](NC(=O)[C@@H](NC(=O)[C@@H](NC(=O)[C@H](CCCCN)NC(=O)[C@H](CCC(N)=O)NC(=O)[C@@H](NC(=O)[C@H](C)NC(=O)[C@H](CCC(=O)O)NC(=O)[C@@H](NC(=O)[C@H](CC(C)C)NC(=O)[C@H](CCC(N)=O)NC(=O)[C@@H](N)CCCCN)[C@@H](C)O)C(C)C)[C@@H](C)CC)[C@@H](C)O)[C@@H](C)O)C(=O)N[C@H](C(=O)N[C@H](C(=O)N[C@@H](Cc1c[nH]c2ccccc12)C(=O)NCC(=O)N[C@@H](CCCCN)C(=O)O)[C@@H](C)CC)C(C)C,4.292429823902063
CC[C@H](C)[C@H](NC(=O)[C@H](CC(C)C)NC(=O)[C@H](CCC(N)=O)NC(=O)[C@H](CCC(=O)O)NC(=O)[C@@H](NC(=O)[C@@H](NC(=O)[C@H](CCC(N)=O)NC(=O)[C@H](CC(N)=O)NC(=O)[C@@H](NC(=O)[C@H](CC(C)C)NC(=O)[C@@H](N)CCC(=O)O)C(C)C)[C@@H](C)CC)[C@@H](C)CC)C(=O)N[C@@H](CCCCN)C(=O)N[C@@H](CCCCN)C(=O)N[C@@H](CCC(=O)O)C(=O)N[C@@H](CCCCN)C(=O)N[C@H](C(=O)N[C@@H](Cc1ccc(O)cc1)C(=O)N[C@@H](CC(C)C)C(=O)N[C@@H](C)C(=O)N[C@@H](Cc1c[nH]c2ccccc12)C(=O)O)C(C)C,4.346787486224656
CC[C@H](C)[C@H](NC(=O)CNC(=O)[C@H](CC(C)C)NC(=O)[C@H](C)NC(=O)[C@H](Cc1ccc(O)cc1)NC(=O)[C@H](CCC(N)=O)NC(=O)[C@H](CO)NC(=O)[C@H](CC(=O)O)NC(=O)[C@@H](NC(=O)[C@@H](NC(=O)[C@@H](NC(=O)[C@H](CC(N)=O)NC(=O)[C@@H](NC(=O)[C@H](CCC(=O)O)NC(=O)[C@H](CC(C)C)NC(=O)CNC(=O)[C@H](CO)NC(=O)[C@H](CC(=O)O)NC(=O)[C@H](CCC(N)=O)NC(=O)[C@@H](N)CC(C)C)C(C)C)[C@@H](C)CC)C(C)C)[C@@H](C)O)C(=O)O,3.7772835288524167
CC[C@H](C)[C@H](NC(=O)[C@H](Cc1c[nH]c2ccccc12)NC(=O)[C@@H](NC(=O)[C@H](C)NC(=O)[C@H](CCC(N)=O)NC(=O)[C@H](Cc1c[nH]c2ccccc12)NC(=O)[C@H](Cc1ccc(O)cc1)NC(=O)[C@H](CCC(=O)O)NC(=O)[C@@H](NC(=O)[C@H](Cc1c[nH]c2ccccc12)NC(=O)[C@H](Cc1c[nH]c2ccccc12)NC(=O)[C@@H](NC(=O)[C@H](CCC(=O)O)NC(=O)[C@H](Cc1c[nH]c2ccccc12)NC(=O)[C@@H](NC(=O)[C@@H](N)CCC(=O)O)[C@@H](C)O)[C@@H](C)O)[C@@H](C)O)[C@@H](C)O)C(=O)N1CCC[C@H]1C(=O)N[C@@H](CCC(=O)O)C(=O)N[C@@H](Cc1c[nH]c2ccccc12)C(=O)N[C@@H](CCC(=O)O)C(=O)O,4.6020599913279625
CC[C@H](C)[C@H](NC(=O)[C@H](CO)NC(=O)[C@H](CCC(=O)O)NC(=O)[C@@H](NC(=O)[C@@H](NC(=O)[C@@H](NC(=O)[C@H](CCCCN)NC(=O)[C@H](CCC(N)=O)NC(=O)[C@@H](NC(=O)[C@H](C)NC(=O)[C@H](CCC(=O)O)NC(=O)[C@@H](NC(=O)[C@H](CC(C)C)NC(=O)[C@H](CCC(N)=O)NC(=O)[C@@H](N)CCCCN)[C@@H](C)O)C(C)C)[C@@H](C)CC)[C@@H](C)O)[C@@H](C)O)C(=O)N[C@H](C(=O)N[C@H](C(=O)N[C@@H](Cc1c[nH]c2ccccc12)C(=O)NCC(=O)N[C@@H](CCCCN)C(=O)O)[C@@H](C)CC)C(C)C,4.823908740944319
O=C(NCc1ccccc1)c1nc(-c2cccs2)nc(O)c1O,7.070581074285707
O=C(NCc1ccc(F)cc1)c1nc(-c2cccs2)nc(O)c1O,8.0
CN1CCCCC1c1nc(O)c(O)c(C(=O)NCc2ccc(F)cc2)n1,6.698970004336019
CN(C)C(C)(C)c1nc(O)c(O)c(C(=O)NCc2ccc(F)cc2)n1,7.301029995663981
CN(C)Cc1nc(O)c(O)c(C(=O)NCc2ccc(F)cc2)n1,6.698970004336019
CC(c1nc(O)c(O)c(C(=O)NCc2ccc(F)cc2)n1)N(C)C,7.096910013008056
CN(C)C(c1ccccc1)c1nc(O)c(O)c(C(=O)NCc2ccc(F)cc2)n1,6.698970004336019
O=C(NCc1ccc(F)cc1)c1nc(Cc2ccccc2)nc(O)c1O,7.301029995663981
O=C(NCc1ccccc1)c1nc(-c2ccccc2)nc(O)c1O,7.154901959985743
Cc1nc(C(=O)NCc2ccc(F)cc2)c(O)c(=O)[nH]1,7.221848749616356
O=C(NCc1ccc(F)cc1)c1ncnc(O)c1O,7.221848749616356
CN1CCOCC1c1nc(C(=O)NCc2ccc(F)cc2)c(O)c(=O)n1C,7.6020599913279625
CN1CCOCC1c1nc(C(=O)NCc2ccc(F)cc2)c(O)c(=O)n1C,7.698970004336019
CN1CCOCC1c1nc(C(=O)NCc2ccc(F)cc2)c(O)c(=O)n1C,7.221848749616356
CN1CCCCC1c1nc(C(=O)NCc2ccc(F)cc2)c(O)c(=O)n1C,6.6777807052660805
COc1cc(OC)c(OC)cc1/C=C/S(=O)(=O)CS(=O)(=O)/C=C/c1cc(OC)c(OC)cc1OC,3.0
COc1cc(OC)c(OC)cc1/C=C/S(=O)(=O)CS(=O)(=O)/C=C/c1cc(OC)c(OC)cc1OC,3.0
COc1ccc(Br)cc1/C=C/S(=O)(=O)CS(=O)(=O)/C=C/c1cc(Br)ccc1OC,4.0
O=S(=O)(/C=C/c1ccc2c(c1)OCCO2)CS(=O)(=O)/C=C/c1ccc2c(c1)OCCO2,4.0
O=S(=O)(/C=C/c1cc(OCc2ccccc2)c(OCc2ccccc2)c(OCc2ccccc2)c1)CS(=O)(=O)/C=C/c1cc(OCc2ccccc2)c(OCc2ccccc2)c(OCc2ccccc2)c1,4.0
O=S(=O)(/C=C/c1cc(Cl)ccc1Cl)CS(=O)(=O)/C=C/c1cc(Cl)ccc1Cl,4.0
O=S(=O)(/C=C/c1ccc(OCc2ccccc2)c(OCc2ccccc2)c1)CS(=O)(=O)/C=C/c1ccc(OCc2ccccc2)c(OCc2ccccc2)c1,4.0
O=S(=O)(/C=C/c1ccccc1OCc1ccccc1)CS(=O)(=O)/C=C/c1ccccc1OCc1ccccc1,4.0
O=S(=O)(CCc1ccccc1)CS(=O)(=O)CCc1ccccc1,4.0
COc1cc(/C=C/S(=O)(=O)CS(=O)(=O)/C=C/c2cc(Br)c(OC)c(OC)c2)cc(Br)c1OC,4.0
O=S(=O)(CCc1cc(F)c(F)c(F)c1)CS(=O)(=O)CCc1cc(F)c(F)c(F)c1,3.0457574905606752
O=S(=O)(/C=C/c1ccccc1)CS(=O)(=O)/C=C/c1ccccc1,4.0
O=S(=O)(/C=C/c1ccc2[nH]ccc2c1)CS(=O)(=O)/C=C/c1ccc2[nH]ccc2c1,4.0
O=S(=O)(/C=C/c1cc(F)c(F)c(F)c1)CS(=O)(=O)/C=C/c1cc(F)c(F)c(F)c1,4.0
O=S(=O)(/C=C/c1cccc(Br)n1)CS(=O)(=O)/C=C/c1cccc(Br)n1,3.0
COc1cc(Br)c(/C=C/S(=O)(=O)CS(=O)(=O)/C=C/c2cc(OC)c(OC)cc2Br)cc1OC,3.070581074285707
O=S(=O)(CCc1ccc(O)c(O)c1)CS(=O)(=O)CCc1ccc(O)c(O)c1,4.3979400086720375
COc1cc(/C=C/S(=O)(=O)CS(=O)(=O)/C=C/c2cc(OC)c(OC)cc2[N+](=O)[O-])c([N+](=O)[O-])cc1OC,3.3010299956639813
O=C(O)c1ccc(/C=C/S(=O)(=O)CS(=O)(=O)/C=C/c2ccc(C(=O)O)cc2)cc1,4.481486060122113
COc1ccc(Br)cc1/C=C/S(=O)(=O)CS(=O)(=O)/C=C/c1cc(Br)ccc1OC,4.0
O=S(=O)(/C=C/c1ccc2c(c1)OCCO2)CS(=O)(=O)/C=C/c1ccc2c(c1)OCCO2,4.0
O=S(=O)(/C=C/c1cc(OCc2ccccc2)c(OCc2ccccc2)c(OCc2ccccc2)c1)CS(=O)(=O)/C=C/c1cc(OCc2ccccc2)c(OCc2ccccc2)c(OCc2ccccc2)c1,4.0
O=S(=O)(/C=C/c1cc(Cl)ccc1Cl)CS(=O)(=O)/C=C/c1cc(Cl)ccc1Cl,4.0
O=S(=O)(/C=C/c1ccc(OCc2ccccc2)c(OCc2ccccc2)c1)CS(=O)(=O)/C=C/c1ccc(OCc2ccccc2)c(OCc2ccccc2)c1,4.0
O=S(=O)(/C=C/c1ccccc1OCc1ccccc1)CS(=O)(=O)/C=C/c1ccccc1OCc1ccccc1,4.0
O=S(=O)(CCc1ccccc1)CS(=O)(=O)CCc1ccccc1,4.0
COc1cc(/C=C/S(=O)(=O)CS(=O)(=O)/C=C/c2cc(Br)c(OC)c(OC)c2)cc(Br)c1OC,4.0
O=S(=O)(CCc1cc(F)c(F)c(F)c1)CS(=O)(=O)CCc1cc(F)c(F)c(F)c1,3.4775557664936803
O=S(=O)(/C=C/c1ccccc1)CS(=O)(=O)/C=C/c1ccccc1,4.0
O=S(=O)(/C=C/c1ccc2[nH]ccc2c1)CS(=O)(=O)/C=C/c1ccc2[nH]ccc2c1,4.022276394711152
O=S(=O)(/C=C/c1cc(F)c(F)c(F)c1)CS(=O)(=O)/C=C/c1cc(F)c(F)c(F)c1,4.0
O=S(=O)(/C=C/c1cccc(Br)n1)CS(=O)(=O)/C=C/c1cccc(Br)n1,3.0457574905606752
COc1cc(Br)c(/C=C/S(=O)(=O)CS(=O)(=O)/C=C/c2cc(OC)c(OC)cc2Br)cc1OC,3.3010299956639813
O=S(=O)(CCc1ccc(O)c(O)c1)CS(=O)(=O)CCc1ccc(O)c(O)c1,4.769551078621726
COc1cc(/C=C/S(=O)(=O)CS(=O)(=O)/C=C/c2cc(OC)c(OC)cc2[N+](=O)[O-])c([N+](=O)[O-])cc1OC,3.3010299956639813
O=C(O)c1ccc(/C=C/S(=O)(=O)CS(=O)(=O)/C=C/c2ccc(C(=O)O)cc2)cc1,4.481486060122113
Cc1cc(C)c2[nH]c(=O)c3cc(C#N)ccc3c2c1,3.5228787452803374
Cc1cc(C)c2[nH]c(=O)c3cc(C#N)ccc3c2c1,3.4775557664936803
Cc1cccc2c1[nH]c(=O)c1cc(C#N)ccc12,3.3010299956639813
Cc1cccc2c1[nH]c(=O)c1cc(C#N)ccc12,3.3010299956639813
Cc1nc2oc3ccccc3c(=O)c2cc1C(=O)CC(=O)C(=O)O,4.0
O=C(O)C(=O)CC(=O)c1ccc(N2CCOCC2)cc1,4.0
O=C(O)C(=O)CC(=O)c1ccc(Br)c(CC(=O)c2ccccc2)c1,3.3010299956639813
COC(=O)C(=O)CC(=O)c1ccc(Br)c(CC(=O)c2ccccc2)c1,3.3010299956639813
N#Cc1cccc(CN(Cc2cccc(C#N)c2)c2ccc3[nH]c(=O)c4ccccc4c3c2)c1,3.3010299956639813
N#Cc1ccc(CNc2ccc3[nH]c(=O)c4ccccc4c3c2)cc1,3.3010299956639813
N#Cc1cccc(CNc2ccc3[nH]c(=O)c4ccccc4c3c2)c1,3.3010299956639813
O=c1[nH]c2ccc(S(=O)(=O)c3ccccc3)cc2c2ccccc12,3.3010299956639813
O=C(Nc1ccc2[nH]c(=O)c3ccccc3c2c1)c1ccccc1,3.3010299956639813
CC(=O)Nc1ccc2[nH]c(=O)c3ccccc3c2c1,3.3010299956639813
CCNc1ccc2[nH]c(=O)c3ccccc3c2c1,3.3010299956639813
O=C(O)c1ccc2[nH]c(=O)c3ccccc3c2c1,3.3010299956639813
N#Cc1ccc2[nH]c(=O)c3ccccc3c2c1,3.3010299956639813
COc1ccc2[nH]c(=O)c3ccccc3c2c1,3.3010299956639813
O=c1[nH]c2ccc(C(F)(F)F)cc2c2ccccc12,3.0
Cc1cccc2c1[nH]c(=O)c1ccccc12,3.0
Cc1cc(C)c2[nH]c(=O)c3ccccc3c2c1,3.0
Cc1cccc2c1[nH]c(=O)c1ccc(C#N)cc12,3.3010299956639813
Cc1cc(C)c2[nH]c(=O)c3ccc(C(F)(F)F)cc3c2c1,3.3010299956639813
Cc1cc(C)c2[nH]c(=O)c3ccc(C#N)cc3c2c1,3.3010299956639813
Cc1nc2oc3ccccc3c(=O)c2cc1C(=O)CC(=O)C(=O)O,4.455931955649724
O=C(O)C(=O)CC(=O)c1ccc(N2CCOCC2)cc1,4.638272163982407
O=C(O)C(=O)CC(=O)c1ccc(Br)c(CC(=O)c2ccccc2)c1,3.3010299956639813
COC(=O)C(=O)CC(=O)c1ccc(Br)c(CC(=O)c2ccccc2)c1,3.3010299956639813
N#Cc1cccc(CN(Cc2cccc(C#N)c2)c2ccc3[nH]c(=O)c4ccccc4c3c2)c1,3.3010299956639813
N#Cc1ccc(CNc2ccc3[nH]c(=O)c4ccccc4c3c2)cc1,3.3010299956639813
N#Cc1cccc(CNc2ccc3[nH]c(=O)c4ccccc4c3c2)c1,3.3010299956639813
O=c1[nH]c2ccc(S(=O)(=O)c3ccccc3)cc2c2ccccc12,3.381951903287907
O=C(Nc1ccc2[nH]c(=O)c3ccccc3c2c1)c1ccccc1,3.3010299956639813
CC(=O)Nc1ccc2[nH]c(=O)c3ccccc3c2c1,3.3010299956639813
CCNc1ccc2[nH]c(=O)c3ccccc3c2c1,3.3010299956639813
O=C(O)c1ccc2[nH]c(=O)c3ccccc3c2c1,3.692503962086787
N#Cc1ccc2[nH]c(=O)c3ccccc3c2c1,3.3979400086720375
COc1ccc2[nH]c(=O)c3ccccc3c2c1,3.3010299956639813
O=c1[nH]c2ccc(C(F)(F)F)cc2c2ccccc12,3.0457574905606752
Cc1cccc2c1[nH]c(=O)c1ccccc12,3.0
Cc1cc(C)c2[nH]c(=O)c3ccccc3c2c1,3.0
Cc1cccc2c1[nH]c(=O)c1ccc(C#N)cc12,3.3010299956639813
Cc1cc(C)c2[nH]c(=O)c3ccc(C(F)(F)F)cc3c2c1,3.3010299956639813
Cc1cc(C)c2[nH]c(=O)c3ccc(C#N)cc3c2c1,3.3010299956639813
N#Cc1ccc(CN(Cc2ccc(C#N)cc2)c2ccc3[nH]c(=O)c4ccccc4c3c2)cc1,3.3010299956639813
O=c1[nH]c2ccc(Cl)cc2c2ccccc12,3.3010299956639813
N#Cc1ccc(CN(Cc2ccc(C#N)cc2)c2ccc3[nH]c(=O)c4ccccc4c3c2)cc1,4.207608310501746
O=c1[nH]c2ccc(Cl)cc2c2ccccc12,4.0
Cc1ccc2oc3nc(C)c(C(=O)CC(=O)C(=O)O)cc3c(=O)c2c1,4.795880017344075
O=C(O)C(=O)CC(=O)c1ccc2ccc3cccc4ccc1c2c34,6.275724130399211
O=C(O)C(=O)CC(=O)c1c2ccccc2cc2ccccc12,5.769551078621726
O=C(O)C(=O)CC(=O)c1ccc2cc3ccccc3cc2c1,4.886056647693163
O=C(O)C(=O)CC(=O)c1cc2ccccc2c2ccccc12,6.42021640338319
O=C(O)C(=O)CC(=O)c1ccc2c(ccc3ccccc32)c1,5.318758762624412
O=C(O)C(=O)CC(=O)c1ccc2ccc3ccccc3c2c1,5.568636235841013
Cc1ccc2cc(C(=O)CC(=O)C(=O)O)ccc2c1,5.522878745280337
O=C(O)C(=O)CC(=O)c1ccc2ccccc2c1,5.154901959985743
COC(=O)c1ccccc1-c1ccc(C(=O)CC(=O)C(=O)O)cc1[N+](=O)[O-],5.154901959985743
COC(=O)C(=O)CC(=O)c1ccc(-c2ccccc2C(=O)OC)c([N+](=O)[O-])c1,4.568636235841013
O=C(O)C(=O)CC(=O)c1ccc2c(c1)[nH]c(=O)c1ccccc12,4.187086643357144
Nc1ccc2[nH]c(=O)c3ccccc3c2c1,3.5734887386354246
O=c1[nH]c2ccc(Br)cc2c2ccccc12,4.107905397309519
Cc1cccc2c1[nH]c(=O)c1ccc(C(F)(F)F)cc12,3.962573502059376
Cc1cccc2c1[nH]c(=O)c1ccc(C(F)(F)F)cc12,3.3477536589966768
Cc1ccc2oc3nc(C)c(C(=O)CC(=O)C(=O)O)cc3c(=O)c2c1,4.036212172654444
O=C(O)C(=O)CC(=O)c1ccc2ccc3cccc4ccc1c2c34,5.154901959985743
O=C(O)C(=O)CC(=O)c1c2ccccc2cc2ccccc12,4.267606240177032
O=C(O)C(=O)CC(=O)c1ccc2cc3ccccc3cc2c1,4.494850021680094
O=C(O)C(=O)CC(=O)c1cc2ccccc2c2ccccc12,5.045757490560675
O=C(O)C(=O)CC(=O)c1ccc2c(ccc3ccccc32)c1,4.638272163982407
O=C(O)C(=O)CC(=O)c1ccc2ccc3ccccc3c2c1,4.6020599913279625
Cc1ccc2cc(C(=O)CC(=O)C(=O)O)ccc2c1,4.958607314841775
O=C(O)C(=O)CC(=O)c1ccc2ccccc2c1,4.267606240177032
COC(=O)c1ccccc1-c1ccc(C(=O)CC(=O)C(=O)O)cc1[N+](=O)[O-],4.585026652029182
COC(=O)C(=O)CC(=O)c1ccc(-c2ccccc2C(=O)OC)c([N+](=O)[O-])c1,3.9913998282380825
O=C(O)C(=O)CC(=O)c1ccc2c(c1)[nH]c(=O)c1ccccc12,3.3979400086720375
Nc1ccc2[nH]c(=O)c3ccccc3c2c1,3.6861327796308467
O=c1[nH]c2ccc(Br)cc2c2ccccc12,3.6478174818886373
O=C(/C=C(\O)c1nc[nH]n1)c1ccc(Cc2ccc(F)cc2)o1,4.958607314841775
O=C(/C=C(\O)c1nc[nH]n1)c1ccc(Cc2ccc(F)cc2)o1,6.221848749616356
CCc1c(Cc2ccccc2)n(COCc2ccc(C(=O)/C=C(\O)C(=O)O)cc2)c(=O)[nH]c1=O,5.739928612014925
O=C(Nc1ccc2c(O)c(/N=N/c3ccc(C(=O)O)cc3)c(S(=O)(=O)O)cc2c1)Nc1ccc2c(O)c(/N=N/c3ccc(C(=O)O)cc3)c(S(=O)(=O)O)cc2c1,6.154901959985743
O=Cc1ccc(-c2cc(-c3cccc(C=O)c3)c(O)c(O)c(=O)c2O)cc1,5.958607314841775
O=[N+]([O-])c1ccc(C2c3c(O)nc(S)nc3Oc3nc(S)nc(O)c32)cc1,6.522878745280337
O=C(O)/C(O)=C/C(=O)c1cccc(Cc2ccccc2)c1,7.031517051446065
CC(C)c1c(Cc2ccccc2)n(COCc2ccccc2)c(=O)[nH]c1=O,4.0
Cc1cc(C)cc(Cc2c(C(C)C)c(=O)[nH]c(=O)n2COCc2ccc(C(=O)/C=C(\O)C(=O)O)cc2)c1,5.115204636051019
CC(C)c1c(Cc2ccccc2)n(COCc2ccc(C(=O)/C=C(\O)C(=O)O)cc2)c(=O)[nH]c1=O,5.617982957425132
CCc1c(Cc2cc(C)cc(C)c2)n(COCc2ccc(C(=O)/C=C(\O)C(=O)O)cc2)c(=O)[nH]c1=O,5.35261702988538
O=C(/C=C/c1ccc(O)c(O)c1)NC(Cc1ccc(O)c(O)c1)C(=O)O,4.920818753952375
O=C(O)COC(=O)/C=C/c1ccc(O)c(O)c1,4.978810700930062
CN1CCCC1c1nc(O)c(O)c(C(=O)NCc2ccc(F)cc2)n1,6.920818753952375
CN1CCOCC1c1nc(C(=O)NCc2ccc(F)c(Br)c2)c(O)c(=O)n1C,7.356547323513812
CN1CCOCC1c1nc(C(=O)NCc2ccc(F)c(Cl)c2)c(O)c(=O)n1C,7.552841968657781
Cc1cc(CNC(=O)c2nc(C3COCCN3C)n(C)c(=O)c2O)ccc1F,7.0655015487564325
CN1CCOCC1c1nc(C(=O)NCc2ccc(F)c(F)c2)c(O)c(=O)n1C,7.6777807052660805
COc1cccc(CNC(=O)c2nc(C3COCCN3C)n(C)c(=O)c2O)c1,6.853871964321762
CN1CCOCC1c1nc(C(=O)NCc2cccc(Br)c2)c(O)c(=O)n1C,7.721246399047171
CN1CCOCC1c1nc(C(=O)NCc2cccc(Cl)c2)c(O)c(=O)n1C,7.2076083105017466
CN1CCOCC1c1nc(C(=O)NCc2cccc(F)c2)c(O)c(=O)n1C,7.2076083105017466
CN1CCOCC1c1nc(C(=O)NCc2ccccc2F)c(O)c(=O)n1C,6.756961951313706
CN(Cc1ccccc1)C(=O)c1nc(C2COCCN2C)n(C)c(=O)c1O,5.301029995663981
CN1CCOCC1c1nc(C(=O)NCCc2ccccc2)c(O)c(=O)n1C,7.1487416512809245
CN1CCOCC1c1nc(C(=O)NCc2ccccc2)c(O)c(=O)n1C,7.180456064458132
Cn1c(C2COCCN2C(=O)OC(C)(C)C)nc(C(=O)NCc2ccc(F)cc2)c(O)c1=O,7.698970004336019
CC(=O)N1CCOCC1c1nc(C(=O)NCc2ccc(F)cc2)c(O)c(=O)n1C,7.823908740944319
CCN1CCOCC1c1nc(C(=O)NCc2ccc(F)cc2)c(O)c(=O)n1C,7.481486060122112
Cn1c(C2COCCN2)nc(C(=O)NCc2ccc(F)cc2)c(O)c1=O,7.301029995663981
CN1CCOCC1c1nc(O)c(O)c(C(=O)NCc2ccc(F)cc2)n1,7.522878745280337
CN1CCN(S(=O)(=O)N(C)C)CC1c1nc(C(=O)NCc2ccc(F)cc2)c(O)c(=O)n1C,8.096910013008056
CN1CCN(S(=O)(=O)c2ccccc2)CC1c1nc(C(=O)NCc2ccc(F)cc2)c(O)c(=O)n1C,8.154901959985743
CN1CCN(S(C)(=O)=O)CC1c1nc(C(=O)NCc2ccc(F)cc2)c(O)c(=O)n1C,7.958607314841775
CCNC(=O)N1CCN(C)C(c2nc(C(=O)NCc3ccc(F)cc3)c(O)c(=O)n2C)C1,7.2839966563652006
CN(C)CC(=O)N1CCN(C)C(c2nc(C(=O)NCc3ccc(F)cc3)c(O)c(=O)n2C)C1,8.397940008672037
CN1CCN(C(=O)c2ccccc2)CC1c1nc(C(=O)NCc2ccc(F)cc2)c(O)c(=O)n1C,7.920818753952375
CC(=O)N1CCN(C)CC1c1nc(C(=O)NCc2ccc(F)cc2)c(O)c(=O)n1C,5.3979400086720375
CC(=O)N1CCN(C)C(c2nc(C(=O)NCc3ccc(F)cc3)c(O)c(=O)n2C)C1,7.494850021680094
CN1CCN(C(=O)OC(C)(C)C)CC1c1nc(C(=O)NCc2ccc(F)cc2)c(O)c(=O)n1C,7.3872161432802645
CC(C)N1CCN(C)C(c2nc(C(=O)NCc3ccc(F)cc3)c(O)c(=O)n2C)C1,6.886056647693163
CCN1CCN(C)C(c2nc(C(=O)NCc3ccc(F)cc3)c(O)c(=O)n2C)C1,6.6020599913279625
CN1CCNCC1c1nc(C(=O)NCc2ccc(F)cc2)c(O)c(=O)n1C,6.698970004336019
CN1CC(c2nc(C(=O)NCc3ccc(F)cc3)c(O)c(=O)n2C)N(C)CC1=O,7.301029995663981
CN1CCN(C)C(c2nc(C(=O)NCc3ccc(F)cc3)c(O)c(=O)n2C)C1,7.0
CN1CCS(=O)(=O)CC1c1nc(C(=O)NCc2ccc(F)cc2)c(O)c(=O)n1C,6.853871964321762
CN1CC[S+]([O-])CC1c1nc(C(=O)NCc2ccc(F)cc2)c(O)c(=O)n1C,7.431798275933005
CN1CCSCC1c1nc(C(=O)NCc2ccc(F)cc2)c(O)c(=O)n1C,7.154901959985743
CN1CCOCC1c1nc(C(=O)NCc2ccc(F)cc2)c(O)c(=O)n1C,7.221848749616356
CN1CC[C@@H](OCc2ccccc2)C[C@H]1c1nc(C(=O)NCc2ccc(F)cc2)c(O)c(=O)n1C,7.2076083105017466
CN1CC[C@@H](O)C[C@H]1c1nc(C(=O)NCc2ccc(F)cc2)c(O)c(=O)n1C,7.6777807052660805
CN1CC(F)(F)C[C@H]1c1nc(C(=O)NCc2ccc(F)cc2)c(O)c(=O)n1C,7.522878745280337
CN1C[C@H](F)C[C@H]1c1nc(C(=O)NCc2ccc(F)cc2)c(O)c(=O)n1C,7.698970004336019
CN1C[C@@H](F)C[C@H]1c1nc(C(=O)NCc2ccc(F)cc2)c(O)c(=O)n1C,7.698970004336019
CC(=O)N[C@H]1C[C@@H](c2nc(C(=O)NCc3ccc(F)cc3)c(O)c(=O)n2C)N(C)C1,7.214670164989233
CN1C[C@@H](NS(C)(=O)=O)C[C@H]1c1nc(C(=O)NCc2ccc(F)cc2)c(O)c(=O)n1C,7.522878745280337
CN1C[C@H](OCc2ccccc2)C[C@H]1c1nc(C(=O)NCc2ccc(F)cc2)c(O)c(=O)n1C,6.886056647693163
CCO[C@@H]1C[C@@H](c2nc(C(=O)NCc3ccc(F)cc3)c(O)c(=O)n2C)N(C)C1,6.698970004336019
CO[C@@H]1C[C@@H](c2nc(C(=O)NCc3ccc(F)cc3)c(O)c(=O)n2C)N(C)C1,6.7447274948966935
CN1C[C@H](O)C[C@H]1c1nc(C(=O)NCc2ccc(F)cc2)c(O)c(=O)n1C,7.0
CC1CCC(c2nc(C(=O)NCc3ccc(F)cc3)c(O)c(=O)n2C)N1C,6.161150909262744
C[C@@H]1C[C@@H](c2nc(C(=O)NCc3ccc(F)cc3)c(O)c(=O)n2C)N(C)C1,6.721246399047171
C[C@H]1C[C@@H](c2nc(C(=O)NCc3ccc(F)cc3)c(O)c(=O)n2C)N(C)C1,8.0
CC1CCN(C)C1c1nc(C(=O)NCc2ccc(F)cc2)c(O)c(=O)n1C,6.1487416512809245
CN1CCC[C@H]1c1nc(C(=O)NCc2ccc(F)cc2)c(O)c(=O)n1C,7.2076083105017466
CN1CCCCC1c1nc(C(=O)NCc2ccc(F)cc2)c(O)c(=O)n1C,6.356547323513812
CN1CCCC1c1nc(C(=O)NCc2ccc(F)cc2)c(O)c(=O)n1C,7.0
CN1CCCCC1c1nc(O)c(O)c(C(=O)NCc2ccc(F)cc2)n1,6.657577319177793
O=C(NCc1ccc(F)cc1)c1nc(-c2cccs2)nc(O)c1O,8.0
O=C(NCc1ccccc1)c1nc(-c2cccs2)nc(O)c1O,7.070581074285707
CN1CCOCC1c1nc(C(=O)NCc2ccc(F)cc2)c(O)c(=O)n1C.O=C(O)C(F)(F)F,7.221848749616356
CN1CCOCC1c1nc(C(=O)NCc2ccc(F)cc2)c(O)c(=O)n1C.Cl,7.6020599913279625
CN1CCOCC1c1nc(C(=O)NCc2ccc(F)cc2)c(O)c(=O)n1C.Cl,7.698970004336019
COc1ccc(/C=C/C(=O)OCC(=O)O)cc1OC,3.5228787452803374
COc1cc(/C=C/C(=O)OCC(=O)O)ccc1O,3.5228787452803374
O=C(/C=C/c1ccc(O)c(O)c1)NC(Cc1ccc(O)cc1)C(=O)O,3.8894102897007508
O=C(/C=C/c1ccc(O)c(O)c1)NC(Cc1ccccc1)C(=O)O,4.022276394711152
CC(C)CC(NC(=O)/C=C/c1ccc(O)c(O)c1)C(=O)O,3.8873949984654255
CC(NC(=O)/C=C/c1ccc(O)c(O)c1)C(=O)O,3.8294449414787914
O=C(O)CNC(=O)/C=C/c1ccc(O)c(O)c1,3.7654827164873135
CC(OC(=O)/C=C/c1ccc(O)c(O)c1)C(=O)O,3.8924508702553138
O=C(/C=C/c1ccc(O)c(O)c1)O[C@H](C(=O)O)[C@@H](OC(=O)/C=C/c1ccc(O)c(O)c1)C(=O)O,4.804100347590766
O=C(NCc1ccccc1)c1nc(-c2cccs2)nc(O)c1O,7.070581074285707
O=C(NCc1ccc(Cl)c(Cl)c1)c1nc(-c2cccs2)nc(O)c1O,8.0
O=C(NCc1ccc(F)cc1)c1nc(-c2cccs2)nc(O)c1O,8.0
O=C(NCc1cccc(F)c1)c1nc(-c2cccs2)nc(O)c1O,7.154901959985743
O=C(NCc1ccccc1F)c1nc(-c2cccs2)nc(O)c1O,6.795880017344075
O=C(NCc1ccc(Cl)cc1)c1nc(-c2cccs2)nc(O)c1O,7.698970004336019
O=C(NCc1ccc(-c2ccccc2)cc1)c1nc(-c2cccs2)nc(O)c1O,4.301029995663981
O=C(NCc1cccc(-c2ccccc2)c1)c1nc(-c2cccs2)nc(O)c1O,7.301029995663981
O=C(NCc1ccccc1-c1ccccc1)c1nc(-c2cccs2)nc(O)c1O,6.886056647693163
Cc1ccc(CNC(=O)c2nc(-c3cccs3)nc(O)c2O)cc1,7.154901959985743
Cc1cccc(CNC(=O)c2nc(-c3cccs3)nc(O)c2O)c1,7.3979400086720375
Cc1ccccc1CNC(=O)c1nc(-c2cccs2)nc(O)c1O,6.958607314841775
COc1ccc(CNC(=O)c2nc(-c3cccs3)nc(O)c2O)cc1,6.259637310505756
COc1cccc(CNC(=O)c2nc(-c3cccs3)nc(O)c2O)c1,7.301029995663981
COc1ccccc1CNC(=O)c1nc(-c2cccs2)nc(O)c1O,7.045757490560675
O=C(NCc1c[nH]c2ccccc12)c1nc(-c2cccs2)nc(O)c1O,7.698970004336019
O=C(Nc1csc2ccccc12)c1nc(-c2cccs2)nc(O)c1O,7.301029995663981
O=C(Nc1cc2ccccc2s1)c1nc(-c2cccs2)nc(O)c1O,8.0
O=C(Nc1cncs1)c1nc(-c2cccs2)nc(O)c1O,5.6020599913279625
O=C(Nc1nccs1)c1nc(-c2cccs2)nc(O)c1O,6.698970004336019
O=C(Nc1cccs1)c1nc(-c2cccs2)nc(O)c1O,7.0
O=C(NCc1ccncc1)c1nc(-c2cccs2)nc(O)c1O,4.779891911959945
O=C(N[C@@H]1CCc2ccccc21)c1nc(-c2cccs2)nc(O)c1O,6.214670164989233
O=C(N[C@H]1CCc2ccccc21)c1nc(-c2cccs2)nc(O)c1O,7.698970004336019
CN(C(=O)c1nc(-c2cccs2)nc(O)c1O)c1cccc2ccccc12,6.6777807052660805
C[C@@H](NC(=O)c1nc(-c2cccs2)nc(O)c1O)c1ccc2ccccc2c1,6.214670164989233
C[C@H](NC(=O)c1nc(-c2cccs2)nc(O)c1O)c1ccc2ccccc2c1,7.3979400086720375
O=C(Nc1cccc2ccccc12)c1nc(-c2cccs2)nc(O)c1O,7.522878745280337
O=C(Nc1ccccc1)c1nc(-c2cccs2)nc(O)c1O,6.0
O=C(NCCc1ccccc1)c1nc(-c2cccs2)nc(O)c1O,7.698970004336019
O=C(NCC1CCCCC1)c1nc(-c2cccs2)nc(O)c1O,4.301029995663981
N#C/C(=C\c1ccc(-c2cccc(C(=O)O)c2)o1)c1nc2ccccc2[nH]1,3.7853680546068613
N#C/C(=C\c1ccc(-c2cccc([N+](=O)[O-])c2)o1)c1nc2ccccc2o1,3.5528419686577806
N#C/C(=C\c1ccc(-c2c(Cl)cccc2C(F)(F)F)o1)c1nc2ccccc2o1,3.6179829574251317
N#C/C(=C\c1ccc(-c2cccc([N+](=O)[O-])c2)o1)c1nc2ccccc2s1,3.571865205971211
N#C/C(=C\c1ccc(-c2ccc(Cl)cc2[N+](=O)[O-])o1)c1nc2ccccc2s1,3.6108339156354674
N#C/C(=C\c1ccc(-c2c(Cl)cccc2C(F)(F)F)o1)c1nc2ccccc2s1,3.6345120151091
FC(F)(F)c1cccc(Cl)c1-c1ccc(/C=C/c2nc3ccccc3[nH]2)o1,3.5900668766687054
C/C(=C\c1ccc(-c2ccc(Cl)cc2[N+](=O)[O-])o1)c1nc2ccccc2[nH]1,3.580044251510242
NC(=O)/C(=C\c1ccc(-c2ccc(Cl)cc2[N+](=O)[O-])o1)c1nc2ccccc2[nH]1,3.6126101736612704
N#C/C(=C\c1ccc(-c2cc(C(F)(F)F)ccc2Cl)o1)c1nc2ccccc2[nH]1,4.504178246614094
N#C/C(=C\c1ccc(-c2cccc([N+](=O)[O-])c2)o1)c1nc2ccccc2[nH]1,3.55129368009492
O=[N+]([O-])c1cc(Cl)ccc1-c1ccc(/C=C/c2nc3ccccc3[nH]2)o1,3.563837352959244
Cc1c(-c2ccc(/C=C/c3nc4ccccc4[nH]3)o2)cccc1[N+](=O)[O-],3.537602002101044
COc1c(C)cc(-c2ccc(/C=C/c3nc4ccccc4[nH]3)o2)cc1C,3.5361070110140926
O=[N+]([O-])c1ccccc1-c1ccc(/C=C/c2nc3ccccc3[nH]2)o1,3.5199930570428495
O=[N+]([O-])c1cccc(-c2ccc(/C=C/c3nc4ccccc4[nH]3)o2)c1,4.92009553233328
N#C/C(=C\c1ccc(-c2ccc(F)cc2C(=O)O)o1)c1nc2ccccc2[nH]1,3.571865205971211
COc1ccc(-c2ccc(/C=C(\C#N)c3nc4ccccc4[nH]3)o2)cn1,3.5346171485515816
N#C/C(=C\c1ccc(-c2ccccc2[N+](=O)[O-])o1)c1nc2ccccc2[nH]1,3.55129368009492
Cc1c(-c2ccc(/C=C(\C#N)c3nc4ccccc4[nH]3)o2)cccc1[N+](=O)[O-],4.066310291042106
CC(C)(C)OC(=O)Nc1ccc(-c2ccc(/C=C(\C#N)c3nc4ccccc4[nH]3)o2)cc1,3.6289321377282637
COc1c(C)cc(-c2ccc(/C=C(\C#N)c3nc4ccccc4[nH]3)o2)cc1C,3.567030709125594
N#C/C(=C\c1ccc(-c2ccc(Cl)cc2)o1)c1nc2ccccc2[nH]1,3.5391021572434522
N#C/C(=C\c1ccc(-c2ccc(O)c(C(=O)O)c2)o1)c1nc2ccccc2[nH]1,4.163106483623566
Cc1ccc(C(=O)O)cc1-c1ccc(/C=C(\C#N)c2nc3ccccc3[nH]2)o1,4.400116927926312
N#C/C(=C\c1ccc(-c2ccc(C(=O)O)cc2)o1)c1nc2ccccc2[nH]1,3.550675906901273
Cc1ccc2[nH]c(/C(C#N)=C/c3ccc(-c4ccc(Cl)cc4C(=O)O)o3)nc2c1,4.441771578196675
N#C/C(=C\c1ccc(-c2ccc(Cl)c(C(=O)O)c2)o1)c1nc2ccccc2[nH]1,4.044023777751675
N#C/C(=C\c1ccc(-c2ccc(C(=O)O)c(O)c2)o1)c1nc2ccccc2[nH]1,4.153168247176743
N#C/C(=C\c1ccc(-c2cc([N+](=O)[O-])ccc2Cl)o1)c1nc2ccccc2[nH]1,4.231509894828755
O=C(O)CCC(=O)Nc1ccccc1-c1ccccc1NC(=O)CCC(=O)O,4.431798275933005
Cc1[nH]nc(O)c1CC(=O)N/N=C/c1ccccc1OCC(=O)O,3.2365720064370627
CC(C)n1nc(C(=O)NN/C(=C/CC(=O)O)c2ccc(Br)cc2)c2ccccc2c1=O,3.1739251972991736
C=C(NNC(=O)Cc1ccc(O)cc1)c1ccc(NC(=O)CCC(=O)O)cc1,3.5346171485515816
C=C(NNC(=O)C(C)Oc1ccccc1Cl)c1cccc(NC(=O)C2CCCCC2C(=O)O)c1,3.7399286120149253
Cc1n[nH]c(O)c1C(c1ccc(-c2ccc(Cl)c(C(=O)O)c2)o1)c1c(C)n[nH]c1O,3.9172146296835497
C=C(NNC(=O)c1c[nH]c2ccccc12)c1cccc(NC(=O)CCCC(=O)O)c1,3.85078088734462
O=C(O)COc1ccccc1/C=N/NC(=O)CSc1nc2ccccc2[nH]1,3.1079053973095196
C=C(NNC(=O)C1CC1c1ccccc1)c1cccc(NC(=O)C2CCCCC2C(=O)O)c1,3.94692155651658
O=C(O)CCC(=O)Nc1ccccc1-c1ccccc1NC(=O)CCC(=O)O,3.4775557664936803
C=C(NNC(=O)C1CC1c1ccccc1)c1cccc(NC(=O)C2CCCCC2C(=O)O)c1,4.187086643357144
Cc1[nH]nc(O)c1CC(=O)N/N=C/c1ccccc1OCC(=O)O,3.9172146296835497
CC(C)n1nc(C(=O)NN/C(=C/CC(=O)O)c2ccc(Br)cc2)c2ccccc2c1=O,3.530177984021837
C=C(NNC(=O)Cc1ccc(O)cc1)c1ccc(NC(=O)CCC(=O)O)cc1,3.6903698325741012
C=C(NNC(=O)C(C)Oc1ccccc1Cl)c1cccc(NC(=O)C2CCCCC2C(=O)O)c1,3.4775557664936803
Cc1n[nH]c(O)c1C(c1ccc(-c2ccc(Cl)c(C(=O)O)c2)o1)c1c(C)n[nH]c1O,4.060480747381382
C=C(NNC(=O)c1c[nH]c2ccccc12)c1cccc(NC(=O)CCCC(=O)O)c1,3.9208187539523753
O=C(O)COc1ccccc1/C=N/NC(=O)CSc1nc2ccccc2[nH]1,3.8096683018297086
O=C(O)CCC(=O)Nc1ccccc1-c1ccccc1NC(=O)CCC(=O)O,3.4775557664936803
C=C(NNC(=O)C1CC1c1ccccc1)c1cccc(NC(=O)C2CCCCC2C(=O)O)c1,4.309803919971486
Cc1[nH]nc(O)c1CC(=O)N/N=C/c1ccccc1OCC(=O)O,4.267606240177032
C=C(NNC(=O)Cc1ccc(O)cc1)c1ccc(NC(=O)CCC(=O)O)cc1,3.9430951486635273
C=C(NNC(=O)C(C)Oc1ccccc1Cl)c1cccc(NC(=O)C2CCCCC2C(=O)O)c1,3.4775557664936803
Cc1n[nH]c(O)c1C(c1ccc(-c2ccc(Cl)c(C(=O)O)c2)o1)c1c(C)n[nH]c1O,4.2441251443275085
C=C(NNC(=O)c1c[nH]c2ccccc12)c1cccc(NC(=O)CCCC(=O)O)c1,4.154901959985743
O=C(O)COc1ccccc1/C=N/NC(=O)CSc1nc2ccccc2[nH]1,3.9208187539523753
O=C1c2c(O)c(O)cc(=O)n2CCCN1Cc1ccc(F)cc1,5.982966660701219
O=C1c2c(O)c(O)c(I)c(=O)n2CCN1Cc1ccc(F)cc1,7.698970004336019
O=C1c2c(O)c(O)c(Br)c(=O)n2CCN1Cc1ccc(F)cc1,7.522878745280337
N#Cc1c(O)c(O)c2n(c1=O)CCN(Cc1ccc(F)cc1)C2=O,7.698970004336019
O=C1c2c(O)c(O)cc(=O)n2CCN1Cc1ccc(F)c(Cl)c1,7.3979400086720375
O=C1c2c(O)c(O)cc(=O)n2CCN1Cc1ccc(Cl)cc1,6.42021640338319
O=C1c2c(O)c(O)cc(=O)n2CCN1Cc1cccc(Cl)c1,7.3979400086720375
O=C1c2c(O)c(O)cc(=O)n2CCN1Cc1ccccc1Cl,6.431798275933005
O=C1c2c(O)c(O)cc(=O)n2CCN1Cc1ccccc1,6.638272163982407
O=c1c2c(O)c(O)cc(=O)n2ccn1Cc1ccc(F)cc1,7.3979400086720375
O=C1c2c(O)c(O)cc(=O)n2CCN1Cc1ccc(F)cc1,7.0
Cc1ccc(C(=O)C2=C(O)C(=O)N(CCCn3ccnc3)C2c2ccc(Cl)cc2)cc1,4.031517051446065
O=C(C1=C(O)C(=O)N(c2nc3ccccc3s2)C1c1ccccn1)c1ccc(Cl)cc1,4.0
O=C(C1=C(O)C(=O)N(c2nc3ccccc3s2)C1c1cccnc1)c1ccc(Cl)cc1,4.0
O=C(C1=C(O)C(=O)N(c2nc3ccccc3s2)C1c1ccc2c(c1)OCO2)c1ccccc1,4.2441251443275085
Cc1ccc(C(=O)C2=C(O)C(=O)N(c3ncc(S(=O)(=O)c4ccc([N+](=O)[O-])cc4)s3)C2c2cccc(Cl)c2)cc1,4.568636235841013
CCOC(=O)c1sc(N2C(=O)C(O)=C(C(=O)c3ccc(C)cc3)C2c2ccc(F)cc2)nc1C,4.0
CCOC(=O)c1sc(N2C(=O)C(O)=C(C(=O)c3ccccc3)C2c2ccc(F)cc2)nc1C,4.356547323513812
CCOc1ccc(C(=O)C2=C(O)C(=O)N(c3nccs3)C2c2ccc(OC)cc2)cc1,4.0
Cc1ccc(C(=O)C2=C(O)C(=O)N(c3nccs3)C2c2ccc(F)cc2)cc1,4.0
Cc1ccc(C(=O)C2=C(O)C(=O)N(c3nccs3)C2c2ccc(Cl)cc2)cc1,4.251811972993799
CCOc1ccc(C(=O)C2=C(O)C(=O)N(c3nnc(C)s3)C2c2ccc(F)cc2)cc1,4.0
CC(C)(C)c1ccc(C2C(C(=O)c3ccc(F)cc3)=C(O)C(=O)N2c2nncs2)cc1,4.1938200260161125
COc1ccc(C2C(C(=O)c3ccc(Br)cc3)=C(O)C(=O)N2c2cc(C(C)(C)C)on2)cc1OC,4.346787486224656
CCOc1ccc(C(=O)C2=C(O)C(=O)N(c3nccs3)C2c2ccc(O)c(OC)c2)cc1,4.2441251443275085
COc1ccc(C2C(C(=O)c3ccc(Br)cc3)=C(O)C(=O)N2c2cccc(C(F)(F)F)c2)cc1OC,4.327902142064283
COc1ccc(C(=O)C2=C(O)C(=O)N(CCc3ccccc3)C2c2ccc(Br)cc2)cc1OC,4.221848749616356
COc1ccc(OC)c(C(=O)C2=C(O)C(=O)N(CCCCCC(=O)O)C2c2ccc(Cl)cc2)c1,4.055517327849831
Cc1ccc(C2C(C(=O)c3ccc(Cl)cc3)=C(O)C(=O)N2CC(=O)O)cc1,4.075720713938118
Cc1ccc(C(=O)C2=C(O)C(=O)N(CCCn3ccnc3)C2c2ccc(Cl)cc2)cc1,4.173925197299174
O=C(C1=C(O)C(=O)N(c2nc3ccccc3s2)C1c1ccccn1)c1ccc(Cl)cc1,4.080921907623926
O=C(C1=C(O)C(=O)N(c2nc3ccccc3s2)C1c1cccnc1)c1ccc(Cl)cc1,4.045757490560675
O=C(C1=C(O)C(=O)N(c2nc3ccccc3s2)C1c1ccc2c(c1)OCO2)c1ccccc1,4.6777807052660805
Cc1ccc(C(=O)C2=C(O)C(=O)N(c3ncc(S(=O)(=O)c4ccc([N+](=O)[O-])cc4)s3)C2c2cccc(Cl)c2)cc1,5.096910013008056
CCOC(=O)c1sc(N2C(=O)C(O)=C(C(=O)c3ccc(C)cc3)C2c2ccc(F)cc2)nc1C,4.481486060122113
CCOC(=O)c1sc(N2C(=O)C(O)=C(C(=O)c3ccccc3)C2c2ccc(F)cc2)nc1C,4.6777807052660805
CCOc1ccc(C(=O)C2=C(O)C(=O)N(c3nccs3)C2c2ccc(OC)cc2)cc1,4.045757490560675
Cc1ccc(C(=O)C2=C(O)C(=O)N(c3nccs3)C2c2ccc(F)cc2)cc1,4.107905397309519
Cc1ccc(C(=O)C2=C(O)C(=O)N(c3nccs3)C2c2ccc(Cl)cc2)cc1,4.4089353929735005
CCOc1ccc(C(=O)C2=C(O)C(=O)N(c3nnc(C)s3)C2c2ccc(F)cc2)cc1,4.0
CC(C)(C)c1ccc(C2C(C(=O)c3ccc(F)cc3)=C(O)C(=O)N2c2nncs2)cc1,4.366531544420414
COc1ccc(C2C(C(=O)c3ccc(Br)cc3)=C(O)C(=O)N2c2cc(C(C)(C)C)on2)cc1OC,4.366531544420414
CCOc1ccc(C(=O)C2=C(O)C(=O)N(c3nccs3)C2c2ccc(O)c(OC)c2)cc1,4.522878745280337
COc1ccc(C2C(C(=O)c3ccc(Br)cc3)=C(O)C(=O)N2c2cccc(C(F)(F)F)c2)cc1OC,4.585026652029182
COc1ccc(C(=O)C2=C(O)C(=O)N(CCc3ccccc3)C2c2ccc(Br)cc2)cc1OC,4.376750709602099
COc1ccc(OC)c(C(=O)C2=C(O)C(=O)N(CCCCCC(=O)O)C2c2ccc(Cl)cc2)c1,4.3979400086720375
Cc1ccc(C2C(C(=O)c3ccc(Cl)cc3)=C(O)C(=O)N2CC(=O)O)cc1,4.161150909262744
COc1ccc(OC)c(C(=O)C2=C(O)C(=O)N(CCCCCC(=O)O)C2c2ccc(Cl)cc2)c1,4.0
Cc1ccc(C(=O)C2=C(O)C(=O)N(c3ncc(S(=O)(=O)c4ccc([N+](=O)[O-])cc4)s3)C2c2cccc(Cl)c2)cc1,4.0
COc1ccc(OC)c(C(=O)C2=C(O)C(=O)N(CCCCCC(=O)O)C2c2ccc(Cl)cc2)c1,5.0
Cc1ccc(C(=O)C2=C(O)C(=O)N(c3ncc(S(=O)(=O)c4ccc([N+](=O)[O-])cc4)s3)C2c2cccc(Cl)c2)cc1,5.214670164989233
CCOC(=O)c1cn2c(c1O)C(=O)N(Cc1ccc(F)cc1)CCC2,5.301029995663981
CCOC(=O)c1cn2c(c1O)C(=O)N(Cc1ccc(F)cc1)CC2,7.3979400086720375
O=C1c2c(O)c3n(c2CCN1Cc1ccc(F)cc1)CCN(Cc1ccc(F)cc1)C3=O,8.0
CN1CCn2c3c(c(O)c2C1=O)C(=O)N(Cc1ccc(F)cc1)CC3,8.0
CN1CCc2c(c(O)c3n2CCN(Cc2ccc(F)cc2)C3=O)C1=O,8.0
CNC(=O)c1cn2c(c1O)C(=O)N(Cc1ccc(Cl)c(Cl)c1)CC2,7.3979400086720375
CNC(=O)c1cn2c(c1O)C(=O)N(Cc1ccc(Cl)cc1)CC2,7.221848749616356
CNC(=O)c1cn2c(c1O)C(=O)N(Cc1ccc(F)cc1)CC2,7.096910013008056
O=C(O)c1cn2c(c1O)C(=O)N(Cc1cccc(Cl)c1)CC2,8.0
O=C(O)c1cn2c(c1O)C(=O)N(Cc1ccccc1)CC2,7.096910013008056
CCOC(=O)c1cn2c(c1O)C(=O)N(Cc1ccc(Cl)c(Cl)c1)CC2,8.0
CCOC(=O)c1cn2c(c1O)C(=O)N(Cc1ccc(F)c(Cl)c1)CC2,7.698970004336019
CCOC(=O)c1cn2c(c1O)C(=O)N(Cc1cccc(Cl)c1)CC2,7.522878745280337
CCOC(=O)c1cn2c(c1O)C(=O)N(Cc1cccc(F)c1)CC2,6.958607314841775
CCOC(=O)c1cn2c(c1O)C(=O)N(Cc1ccc(Cl)cc1)CC2,7.3979400086720375
CCOC(=O)c1cn2c(c1O)C(=O)N(Cc1ccccc1)CC2,6.657577319177793
CC1(C)OC(=O)C2(C(=O)O1)[C@@H](c1ccco1)CC(=O)C[C@H]2c1c[nH]c2ccccc12,4.954677021213342
CC1(C)OC(=O)C2(C(=O)O1)[C@@H](c1ccco1)CC(=O)C[C@H]2c1c[nH]c2ccccc12,5.017728766960431
COc1ccc([C@H]2CC(=O)CCC23C(=O)OC(C)(C)OC3=O)cc1,3.8467950999157154
CC1(C)OC(=O)C2(C(=O)O1)[C@@H](c1ccco1)CC(=O)C[C@H]2c1ccccc1,3.850472986245652
COc1ccc([C@@H]2CC(=O)C[C@H](c3ccco3)C23C(=O)OC(C)(C)OC3=O)cc1,3.8843894883257004
COc1ccc([C@@H]2CC(=O)C[C@H](c3ccco3)C23C(=O)OC(C)(C)OC3=O)cc1OC,3.9535048356652918
CCOC(=O)C1=C(O)CCC2(C(=O)OC(C)(C)OC2=O)[C@H]1c1ccco1,4.168770306132936
COc1cccc([C@@H]2CC(=O)C[C@H](c3ccco3)C23C(=O)OC(C)(C)OC3=O)c1OC,4.3487219860018556
CC1(C)OC(=O)C2(C(=O)O1)[C@@H](c1ccco1)CC(=O)C[C@H]2c1ccco1,4.482804102050026
CCOC(=O)C1=C(O)CCC2(C(=O)OC(C)(C)OC2=O)[C@H]1c1ccccc1OC,3.55129368009492
COc1ccc([C@H]2CC(=O)CCC23C(=O)OC(C)(C)OC3=O)cc1,4.010995384301463
CC1(C)OC(=O)C2(C(=O)O1)[C@@H](c1ccco1)CC(=O)C[C@H]2c1ccccc1,3.880414225038216
COc1ccc([C@@H]2CC(=O)C[C@H](c3ccco3)C23C(=O)OC(C)(C)OC3=O)cc1,4.440093374963888
COc1ccc([C@@H]2CC(=O)C[C@H](c3ccco3)C23C(=O)OC(C)(C)OC3=O)cc1OC,4.0385789059335515
CCOC(=O)C1=C(O)CCC2(C(=O)OC(C)(C)OC2=O)[C@H]1c1ccco1,4.447331783887806
COc1cccc([C@@H]2CC(=O)C[C@H](c3ccco3)C23C(=O)OC(C)(C)OC3=O)c1OC,4.354577730650908
CC1(C)OC(=O)C2(C(=O)O1)[C@@H](c1ccco1)CC(=O)C[C@H]2c1ccco1,4.863279432843593
CCOC(=O)C1=C(O)CCC2(C(=O)OC(C)(C)OC2=O)[C@H]1c1ccco1,3.6716203965612624
CC1(C)OC(=O)C2(C(=O)O1)[C@@H](c1ccco1)CC(=O)C[C@H]2c1ccco1,4.089375595110798
CC1(C)OC(=O)C2(C(=O)O1)[C@@H](c1ccco1)CC(=O)C[C@H]2c1c[nH]c2ccccc12,4.716698771296451
CN(C)C(=O)Cc1ccccc1CNC(=O)c1nc(N2CCCCS2(=O)=O)c2cccnc2c1O,7.853871964321762
CN(C)S(=O)(=O)c1cc(F)ccc1CNC(=O)c1nc(N2CCCCS2(=O)=O)c2cccnc2c1O,7.522878745280337
NS(=O)(=O)c1cc(F)ccc1CNC(=O)c1nc(N2CCCCS2(=O)=O)c2cccnc2c1O,8.0
CNC(=O)c1cc(F)ccc1CNC(=O)c1nc(N2CCCCS2(=O)=O)c2cccnc2c1O,8.0
CN(C)C(=O)c1cc(F)ccc1CNC(=O)c1nc(N2CCCCS2(=O)=O)c2cccnc2c1O,6.958607314841775
CNS(=O)(=O)c1cc(F)ccc1CNC(=O)c1nc(N2CCCCS2(=O)=O)c2cccnc2c1O,7.346787486224656
CNC(=O)Cc1ccccc1CNC(=O)c1nc(N2CCCCS2(=O)=O)c2cccnc2c1O,8.154901959985743
O=C(NCc1ccccc1)c1nc(N2CCCCS2(=O)=O)c2cccnc2c1O,8.0
O=C(NCc1ccc(F)cc1)c1nc(N2CCCCS2(=O)=O)c2cccnc2c1O,8.0
CNC(=O)c1cc(F)ccc1CNC(=O)c1ncc2cccnc2c1O,7.292429823902063
O=C(NCc1ccc(F)cc1)c1ncc2cccnc2c1O,7.481486060122112
CCn1cc(C(=O)O)c(=O)c2cc(F)c(N3CCN(CNC(=O)C4=C(O)[C@@H](N(C)C)[C@@H]5C[C@H]6C(=C(O)[C@]5(O)C4=O)C(=O)c4c(O)cccc4[C@@]6(C)O)CC3)cc21,4.698970004336019
CCn1cc(C(=O)O)c(=O)c2cc(F)c(N3CCN(CNC(=O)C4=C(O)[C@@H](N(C)C)[C@@H]5C[C@H]6C(=C(O)[C@]5(O)C4=O)C(=O)c4c(O)cccc4[C@@]6(C)O)CC3)cc21,4.886056647693163
CN(C)[C@@H]1C(O)=C(C(=O)NCN2CCCC2)C(=O)[C@@]2(O)C(O)=C3C(=O)c4c(O)cccc4[C@@](C)(O)[C@H]3C[C@@H]12,4.552841968657781
CN(C)[C@@H]1C(O)=C(C(N)=O)C(=O)[C@@]2(O)C(O)=C3C(=O)c4c(O)cccc4[C@@](C)(O)[C@H]3C[C@@H]12,3.6903698325741012
CCn1cc(C(=O)O)c(=O)c2cc(F)c(N3CCN(CNC(=O)C4=C(O)[C@@H](N(C)C)[C@@H]5C[C@@H]6Cc7c(N(C)C)ccc(O)c7C(=O)C6=C(O)[C@]5(O)C4=O)C(C)C3)c(F)c21,4.698970004336019
COc1c(N2CCN(CNC(=O)C3=C(O)[C@@H](N(C)C)[C@@H]4[C@@H](O)[C@H]5C(=C(O)[C@]4(O)C3=O)C(=O)c3c(O)cccc3[C@@]5(C)O)C(C)C2)c(F)cc2c(=O)c(C(=O)O)cn(C3CC3)c12,4.552841968657781
CN(C)[C@@H]1C(O)=C(C(=O)NCN2CCN(c3cc4c(cc3F)c(=O)c(C(=O)O)cn4C3CC3)CC2)C(=O)[C@@]2(O)C(O)=C3C(=O)c4c(O)cccc4[C@@](C)(O)[C@H]3[C@H](O)[C@@H]12,4.42021640338319
CCn1cc(C(=O)O)c(=O)c2cc(F)c(N3CCN(CNC(=O)C4=C(O)[C@@H](N(C)C)[C@@H]5[C@@H](O)[C@H]6C(=C(O)[C@]5(O)C4=O)C(=O)c4c(O)cccc4[C@@]6(C)O)CC3)cc21,4.6777807052660805
CN(C)[C@@H]1C(O)=C(C(=O)NCN2CCN(c3cc4c(cc3F)c(=O)c(C(=O)O)cn4C3CC3)CC2)C(=O)[C@@]2(O)C(O)=C3C(=O)c4c(O)cccc4[C@@](C)(O)[C@H]3C[C@@H]12,4.698970004336019
CCn1cc(C(=O)O)c(=O)c2cc(F)c(N3CCN(CNC(=O)C4=C(O)[C@@H](N(C)C)[C@@H]5C[C@H]6C(=C(O)[C@]5(O)C4=O)C(=O)c4c(O)cccc4[C@@]6(C)O)C(C)C3)c(F)c21,4.187086643357144
CN(C)[C@@H]1C(O)=C(C(=O)NCN2CCCC2)C(=O)[C@@]2(O)C(O)=C3C(=O)c4c(O)cccc4[C@@](C)(O)[C@H]3C[C@@H]12,4.468521082957745
CN(C)[C@@H]1C(O)=C(C(N)=O)C(=O)[C@@]2(O)C(O)=C3C(=O)c4c(O)cccc4[C@@](C)(O)[C@H]3C[C@@H]12,3.72584215073632
CCn1cc(C(=O)O)c(=O)c2cc(F)c(N3CCN(CNC(=O)C4=C(O)[C@@H](N(C)C)[C@@H]5C[C@@H]6Cc7c(N(C)C)ccc(O)c7C(=O)C6=C(O)[C@]5(O)C4=O)C(C)C3)c(F)c21,4.7447274948966935
COc1c(N2CCN(CNC(=O)C3=C(O)[C@@H](N(C)C)[C@@H]4[C@@H](O)[C@H]5C(=C(O)[C@]4(O)C3=O)C(=O)c3c(O)cccc3[C@@]5(C)O)C(C)C2)c(F)cc2c(=O)c(C(=O)O)cn(C3CC3)c12,4.8696662315049934
CN(C)[C@@H]1C(O)=C(C(=O)NCN2CCN(c3cc4c(cc3F)c(=O)c(C(=O)O)cn4C3CC3)CC2)C(=O)[C@@]2(O)C(O)=C3C(=O)c4c(O)cccc4[C@@](C)(O)[C@H]3[C@H](O)[C@@H]12,4.769551078621726
CCn1cc(C(=O)O)c(=O)c2cc(F)c(N3CCN(CNC(=O)C4=C(O)[C@@H](N(C)C)[C@@H]5[C@@H](O)[C@H]6C(=C(O)[C@]5(O)C4=O)C(=O)c4c(O)cccc4[C@@]6(C)O)CC3)cc21,4.920818753952375
CN(C)[C@@H]1C(O)=C(C(=O)NCN2CCN(c3cc4c(cc3F)c(=O)c(C(=O)O)cn4C3CC3)CC2)C(=O)[C@@]2(O)C(O)=C3C(=O)c4c(O)cccc4[C@@](C)(O)[C@H]3C[C@@H]12,4.920818753952375
CCn1cc(C(=O)O)c(=O)c2cc(F)c(N3CCN(CNC(=O)C4=C(O)[C@@H](N(C)C)[C@@H]5C[C@H]6C(=C(O)[C@]5(O)C4=O)C(=O)c4c(O)cccc4[C@@]6(C)O)C(C)C3)c(F)c21,4.356547323513812
COc1ccc(/C=C/C(=O)c2ccc(O)cc2O)cc1,4.0
COc1cc(OC)c(C(=O)/C=C/c2cccc([N+](=O)[O-])c2)cc1OC,4.0
COc1cc(C(=O)/C=C/c2ccc3c(c2)OCO3)cc(OC)c1OC,4.0
COc1cc(C(=O)/C=C/c2ccc3c(c2)OCO3)ccc1O,4.0
O=C(/C=C/c1ccc2c(c1)OCO2)c1ccccc1O,4.0
COc1ccc(OC)c(C(=O)/C=C/c2ccc3c(c2)OCO3)c1,4.0
O=C(/C=C/c1ccc2c(c1)OCO2)c1ccccc1,4.0
O=C(/C=C/c1ccccc1OC(=O)c1cc2ccccc2oc1=O)c1ccccc1,4.0
O=C(/C=C/c1cccc(NC(=O)c2cccs2)c1)c1ccccc1,4.0
COc1ccc(/C=C/C(=O)c2ccc(O)cc2O)cc1,4.4089353929735005
COc1cc(OC)c(C(=O)/C=C/c2cccc([N+](=O)[O-])c2)cc1OC,4.0
COc1cc(C(=O)/C=C/c2ccc3c(c2)OCO3)cc(OC)c1OC,4.0
COc1cc(C(=O)/C=C/c2ccc3c(c2)OCO3)ccc1O,4.0
O=C(/C=C/c1ccc2c(c1)OCO2)c1ccccc1O,4.0
COc1ccc(OC)c(C(=O)/C=C/c2ccc3c(c2)OCO3)c1,4.0
O=C(/C=C/c1ccc2c(c1)OCO2)c1ccccc1,4.0
O=C(/C=C/c1ccccc1OC(=O)c1cc2ccccc2oc1=O)c1ccccc1,4.036212172654444
O=C(/C=C/c1cccc(NC(=O)c2cccs2)c1)c1ccccc1,4.050609993355087
CCCn1c(=O)c(C(=O)NNC(=O)c2ccccc2)c(O)c2ccccc21,4.0
CCCn1c(N/N=C/c2cc(Br)ccc2O)nc2c1c(=O)[nH]c(=O)n2C,4.0
O=C(CSc1nc(SCC(=O)NCc2ccco2)nc(SCC(=O)NCc2ccco2)n1)NCc1ccco1,4.552841968657781
CCCCCCc1nc2ccccc2c(=O)n1NC(=O)c1c(O)c2ccccc2n(CC)c1=O,4.0
O=C(Nc1cccc(O)c1)c1cc(C(=O)Nc2cccc(O)c2)cc(N2C(=O)c3ccccc3C2=O)c1,4.0
Cn1c(=O)[nH]c(=O)c2c1nc(SCC(O)CCl)n2CC(O)COc1ccc(Cl)cc1,4.0
Oc1ccc(Br)cc1/C=N/Nc1nc2nonc2nc1Nc1ccc(F)cc1,4.795880017344075
COc1cc(C(NC(=O)c2ccco2)NC(=O)c2ccco2)ccc1OCc1ccccc1,4.0
O=C(NC1CCCCC1)C(c1ccco1)N(C(=O)Cn1nnc2ccccc21)c1ccc(S(=O)(=O)NCC2CCCO2)cc1,4.0
CCCn1c(=O)c(C(=O)NNC(=O)COc2ccccc2)c(O)c2ccccc21,4.0
Cn1c(SCC(=O)NNC(=O)c2cccc(O)c2)nc2sc3c(c2c1=O)CCC3,4.060480747381382
NC(=O)NN=C1c2cc(S(=O)(=O)NCc3ccco3)ccc2-c2ccc(S(=O)(=O)NCc3ccco3)cc21,4.036212172654444
Cc1nc(SCC(=O)c2ccc(O)c(O)c2)c(C#N)c(CC(C)C)c1C(N)=O,4.0
COc1ccc(C(=O)Nc2ccccc2C(=O)NC(C(=O)NNC(=O)c2ccccc2O)C(C)C)cc1,4.721246399047171
COc1ccc(NC(=O)CSc2nc(-c3ccncc3)nn2CC(=O)NCc2ccco2)cc1,4.0
CCCc1nc2ccccc2c(=O)n1NC(=O)c1c(O)c2cccc3c2n(c1=O)CCC3,4.1938200260161125
O=C1Nc2ccccc2/C1=N\NC(=O)c1ccc(O)cc1O,4.0
O=C1Nc2ccccc2/C1=N/NC(=O)c1ccccc1O,4.0
Oc1ccc(-c2csc(Nc3ncccn3)n2)cc1O,3.5228787452803374
Oc1ccc(Cl)cc1/C=C/c1ccc2cccc(O)c2n1,3.709965388637482
O=C(CSc1nc(O)c2ccccc2n1)c1ccc(O)c(O)c1,4.060480747381382
Nc1cc(O)nc(SCC(=O)c2ccc(O)c(O)c2)n1,3.555955204081924
Cc1cc(O)nc(SCC(=O)c2ccc(O)c(O)c2)n1,3.5086383061657274
O=C(CSc1nnc(-c2ccncc2)[nH]1)c1ccc(O)cc1O,4.040958607678906
O=C(N/N=C/c1c[nH]c2ccccc12)c1ccc(O)c(O)c1,3.0
O=C(N/N=C/c1ccc(O)c(O)c1)c1ccccc1O,4.154901959985743
CCOc1cc(Br)cc(/C=N/c2ncccc2O)c1O,3.844663962534938
O=C(Nc1nccs1)/C(O)=C/C(=O)c1ccc(Cl)cc1,4.022276394711152
CCCn1c(=O)c(C(=O)NNC(=O)CC(=O)OCC)c(O)c2ccccc21,4.0
COc1cccc(C(=O)NNC(=O)c2ccc3ccccc3c2O)c1,4.376750709602099
COc1ccc(C(=O)NNC(=O)c2cc3ccccc3cc2O)cc1,4.309803919971486
O=C(NNC(=O)c1c(O)c2ccccc2[nH]c1=O)c1ccccc1F,4.2839966563652006
O=C(NNC(=O)c1c(O)c2ccccc2[nH]c1=O)c1ccccc1,4.0
O=C(NNC(=O)c1c(O)c2ccccc2[nH]c1=O)c1cccc([N+](=O)[O-])c1,5.481486060122113
O=C(NNC(=O)c1c(O)c2ccccc2[nH]c1=O)c1ccccc1[N+](=O)[O-],4.267606240177032
O=C(CSc1nc2ccccc2c(=O)n1CC1CCCO1)NNC(=O)c1ccccc1O,4.070581074285707
CCn1c(=O)c(C(=O)NNC(=O)c2cccc([N+](=O)[O-])c2)c(O)c2ccccc21,4.431798275933005
CCn1c(=O)c(C(=O)NNC(=O)c2ccc([N+](=O)[O-])cc2)c(O)c2ccccc21,4.494850021680094
O=C(COc1ccc2ccccc2c1)NNC(=O)c1cc2ccccc2cc1O,4.7447274948966935
O=C(COc1ccc2ccccc2c1)NNC(=O)c1ccccc1O,4.5376020021010435
Cc1cc(C)cc(OCC(=O)NNC(=O)c2cc3ccccc3oc2=O)c1,4.130768280269024
CCn1c(=O)c(C(=O)NNC(=O)c2ccccc2[N+](=O)[O-])c(O)c2ccccc21,4.443697499232712
CCCC(=O)NC(c1ccc(OC)c(OC)c1)c1cc(Cl)c2cccnc2c1O,4.0
O=c1nc2n(-c3ccc(Cl)cc3)c3ccc([N+](=O)[O-])cc3cc-2c(=O)[nH]1,4.107905397309519
CCOc1ccc(-c2c(C#N)c(N)nc(SCC(=O)c3cc4cc(Br)cc(Br)c4oc3=O)c2C#N)cc1,5.221848749616356
CCc1nc2sc3c(c2c2nnc(SCC(=O)NNC(=O)c4ccc(OC)cc4)n12)CCCC3,4.0
O=C(O)c1ccc(NCN2C(=O)c3ccc([N+](=O)[O-])cc3C2=O)cc1,3.744727494896694
CCCOc1ccc(/C=N/NC2=NC(c3ccccc3O)CC(c3ccccc3)=N2)c(O)c1,4.1938200260161125
Cc1ccc(NCC(=O)N/N=C/c2cccc(OC(=O)c3ccc4c(c3)OCO4)c2)cc1,3.1739251972991736
O=C(N/N=C/c1cccc([N+](=O)[O-])c1)c1cccc(C(=O)N/N=C/c2cccc([N+](=O)[O-])c2)n1,3.8239087409443187
CNc1nc(N/N=C/c2ccc(-c3ccc([N+](=O)[O-])cc3OC)o2)nc(Nc2ccccc2)n1,4.0915149811213505
O=C(CCC(=O)Nc1ccc([N+](=O)[O-])c(C(F)(F)F)c1)Nc1ccc([N+](=O)[O-])c(C(F)(F)F)c1,3.707743928643524
Cc1ccc(NC(=O)CN2C(=O)/C(=N\NC(=O)c3ccc4ccccc4n3)c3ccccc32)cc1,4.075720713938118
CC(=O)Nc1ccc2c(c1)OCCOCCOc1cc(NC(C)=O)ccc1OCCOCCO2,3.1681302257194983
O=C(Oc1ccc(/C=N/Nc2nnc3c(n2)[nH]c2ccccc23)cc1)c1ccc(Br)cc1,3.067019178076802
Nc1ccc(C(=O)CC(=O)Nc2cc(C(=O)O)cc(C(=O)O)c2)cc1,4.3872161432802645
COc1ccc(Nc2nc(NCc3ccco3)nc(N/N=C/c3ccc(Br)cc3)n2)cc1,4.7447274948966935
COc1ccc(NC(=O)c2cccc(S(=O)(=O)Nc3ccc(C(=O)O)cc3)c2)cc1,4.096910013008056
O=C(O)COc1ccccc1/C=N/Nc1nncc(-c2ccccc2)n1,3.6736641390712483
O=S(=O)(Nc1ccc(Br)cc1)c1ccc(Sc2ccc(S(=O)(=O)Nc3ccc(Br)cc3)cc2)cc1,3.7931741239681505
O=[N+]([O-])c1cc(Br)cc(/C=N/Nc2nc(Nc3ccccc3)nc(Nc3ccccc3)n2)c1O,5.721246399047171
COc1cc([N+](=O)[O-])cc(/C=N/Nc2nc(Nc3ccccc3)nc(Nc3ccccc3)n2)c1O,4.5376020021010435
Cc1ccc(NP(=O)(Oc2ccccc2)Oc2ccccc2)cc1,3.0
O=C(O)c1ccc(NCN2C(=O)c3ccc([N+](=O)[O-])cc3C2=O)cc1,3.8601209135987635
O=C(Nc1ccccc1C(=O)O)c1ccc(C(=O)Nc2ccccc2C(=O)O)cc1,4.173925197299174
O=C(CNC(=O)c1ccc(Cl)cc1)OCC(=O)c1ccc([N+](=O)[O-])cc1,3.2373214362725635
CCN(CC)c1nc(N/N=C/c2ccc([N+](=O)[O-])cc2)nc(Nc2ccc(C)c(Cl)c2)n1,3.7166987712964503
O=C(O)c1cc(-c2ccc(/C=N/Nc3nc4nonc4nc3Nc3ccccc3F)o2)ccc1Cl,5.154901959985743
CC(C)CN1C(N/N=C/c2cc(Br)ccc2O)=NC2C1C(=O)NC(=O)N2C,4.187086643357144
Cc1ccc(O)c(/C=N/Nc2nc3c(c(=O)[nH]c(=O)n3C)n2Cc2ccccc2)c1,4.0
CCc1cccc2c(SCC(=O)NNC(=O)c3ccccc3[N+](=O)[O-])nc(-c3ccc(F)cc3)nc12,4.0
CCOc1ccc(-c2c(C#N)c(N)nc(SCC(=O)c3cc4cc(Br)cc(Br)c4oc3=O)c2C#N)cc1,4.769551078621726
CCOc1ccc(-c2c(C#N)c(N)nc(SCC(=O)c3cc4cc(Br)cc(Br)c4oc3=O)c2C#N)cc1,5.017728766960431
CCCn1c(=O)c(C(=O)NNC(=O)c2ccccc2)c(O)c2ccccc21,4.180456064458132
CCCn1c(N/N=C/c2cc(Br)ccc2O)nc2c1c(=O)[nH]c(=O)n2C,4.096910013008056
O=C(CSc1nc(SCC(=O)NCc2ccco2)nc(SCC(=O)NCc2ccco2)n1)NCc1ccco1,4.920818753952375
CCCCCCc1nc2ccccc2c(=O)n1NC(=O)c1c(O)c2ccccc2n(CC)c1=O,4.0
O=C(Nc1cccc(O)c1)c1cc(C(=O)Nc2cccc(O)c2)cc(N2C(=O)c3ccccc3C2=O)c1,4.0
Cn1c(=O)[nH]c(=O)c2c1nc(SCC(O)CCl)n2CC(O)COc1ccc(Cl)cc1,4.0
Oc1ccc(Br)cc1/C=N/Nc1nc2nonc2nc1Nc1ccc(F)cc1,4.958607314841775
COc1cc(C(NC(=O)c2ccco2)NC(=O)c2ccco2)ccc1OCc1ccccc1,4.0
O=C(NC1CCCCC1)C(c1ccco1)N(C(=O)Cn1nnc2ccccc21)c1ccc(S(=O)(=O)NCC2CCCO2)cc1,4.0
CCCn1c(=O)c(C(=O)NNC(=O)COc2ccccc2)c(O)c2ccccc21,4.0
Cn1c(SCC(=O)NNC(=O)c2cccc(O)c2)nc2sc3c(c2c1=O)CCC3,4.0
NC(=O)NN=C1c2cc(S(=O)(=O)NCc3ccco3)ccc2-c2ccc(S(=O)(=O)NCc3ccco3)cc21,4.698970004336019
Cc1nc(SCC(=O)c2ccc(O)c(O)c2)c(C#N)c(CC(C)C)c1C(N)=O,4.070581074285707
COc1ccc(C(=O)Nc2ccccc2C(=O)NC(C(=O)NNC(=O)c2ccccc2O)C(C)C)cc1,4.795880017344075
COc1ccc(NC(=O)CSc2nc(-c3ccncc3)nn2CC(=O)NCc2ccco2)cc1,4.0
CCCc1nc2ccccc2c(=O)n1NC(=O)c1c(O)c2cccc3c2n(c1=O)CCC3,4.236572006437063
O=C1Nc2ccccc2/C1=N\NC(=O)c1ccc(O)cc1O,4.443697499232712
O=C1Nc2ccccc2/C1=N/NC(=O)c1ccccc1O,4.2441251443275085
Oc1ccc(-c2csc(Nc3ncccn3)n2)cc1O,4.080921907623926
Oc1ccc(Cl)cc1/C=C/c1ccc2cccc(O)c2n1,3.657577319177794
O=C(CSc1nc(O)c2ccccc2n1)c1ccc(O)c(O)c1,4.113509274827518
Nc1cc(O)nc(SCC(=O)c2ccc(O)c(O)c2)n1,4.050609993355087
Cc1cc(O)nc(SCC(=O)c2ccc(O)c(O)c2)n1,3.886056647693163
O=C(CSc1nnc(-c2ccncc2)[nH]1)c1ccc(O)cc1O,4.6020599913279625
O=C(N/N=C/c1c[nH]c2ccccc12)c1ccc(O)c(O)c1,3.337242168318426
O=C(N/N=C/c1ccc(O)c(O)c1)c1ccccc1O,4.585026652029182
CCOc1cc(Br)cc(/C=N/c2ncccc2O)c1O,4.0915149811213505
O=C(Nc1nccs1)/C(O)=C/C(=O)c1ccc(Cl)cc1,4.154901959985743
CCCn1c(=O)c(C(=O)NNC(=O)CC(=O)OCC)c(O)c2ccccc21,4.318758762624412
COc1cccc(C(=O)NNC(=O)c2ccc3ccccc3c2O)c1,4.481486060122113
COc1ccc(C(=O)NNC(=O)c2cc3ccccc3cc2O)cc1,4.7447274948966935
O=C(NNC(=O)c1c(O)c2ccccc2[nH]c1=O)c1ccccc1F,4.522878745280337
O=C(NNC(=O)c1c(O)c2ccccc2[nH]c1=O)c1ccccc1,4.552841968657781
O=C(NNC(=O)c1c(O)c2ccccc2[nH]c1=O)c1cccc([N+](=O)[O-])c1,6.0
O=C(NNC(=O)c1c(O)c2ccccc2[nH]c1=O)c1ccccc1[N+](=O)[O-],4.337242168318426
O=C(CSc1nc2ccccc2c(=O)n1CC1CCCO1)NNC(=O)c1ccccc1O,4.221848749616356
CCn1c(=O)c(C(=O)NNC(=O)c2cccc([N+](=O)[O-])c2)c(O)c2ccccc21,4.769551078621726
CCn1c(=O)c(C(=O)NNC(=O)c2ccc([N+](=O)[O-])cc2)c(O)c2ccccc21,4.698970004336019
O=C(COc1ccc2ccccc2c1)NNC(=O)c1cc2ccccc2cc1O,4.920818753952375
O=C(COc1ccc2ccccc2c1)NNC(=O)c1ccccc1O,4.7447274948966935
Cc1cc(C)cc(OCC(=O)NNC(=O)c2cc3ccccc3oc2=O)c1,4.142667503568732
CCn1c(=O)c(C(=O)NNC(=O)c2ccccc2[N+](=O)[O-])c(O)c2ccccc21,4.522878745280337
CCCC(=O)NC(c1ccc(OC)c(OC)c1)c1cc(Cl)c2cccnc2c1O,4.045757490560675
O=c1nc2n(-c3ccc(Cl)cc3)c3ccc([N+](=O)[O-])cc3cc-2c(=O)[nH]1,4.309803919971486
CCOc1ccc(-c2c(C#N)c(N)nc(SCC(=O)c3cc4cc(Br)cc(Br)c4oc3=O)c2C#N)cc1,5.3979400086720375
CCc1nc2sc3c(c2c2nnc(SCC(=O)NNC(=O)c4ccc(OC)cc4)n12)CCCC3,4.0
O=C(O)c1ccc(NCN2C(=O)c3ccc([N+](=O)[O-])cc3C2=O)cc1,3.744727494896694
CCCOc1ccc(/C=N/NC2=NC(c3ccccc3O)CC(c3ccccc3)=N2)c(O)c1,4.221848749616356
Cc1ccc(NCC(=O)N/N=C/c2cccc(OC(=O)c3ccc4c(c3)OCO4)c2)cc1,3.1360826230421397
O=C(N/N=C/c1cccc([N+](=O)[O-])c1)c1cccc(C(=O)N/N=C/c2cccc([N+](=O)[O-])c2)n1,3.886056647693163
CNc1nc(N/N=C/c2ccc(-c3ccc([N+](=O)[O-])cc3OC)o2)nc(Nc2ccccc2)n1,4.431798275933005
O=C(CCC(=O)Nc1ccc([N+](=O)[O-])c(C(F)(F)F)c1)Nc1ccc([N+](=O)[O-])c(C(F)(F)F)c1,3.677780705266081
Cc1ccc(NC(=O)CN2C(=O)/C(=N\NC(=O)c3ccc4ccccc4n3)c3ccccc32)cc1,4.075720713938118
CC(=O)Nc1ccc2c(c1)OCCOCCOc1cc(NC(C)=O)ccc1OCCOCCO2,3.167491087293764
O=C(Oc1ccc(/C=N/Nc2nnc3c(n2)[nH]c2ccccc23)cc1)c1ccc(Br)cc1,3.0969100130080562
Nc1ccc(C(=O)CC(=O)Nc2cc(C(=O)O)cc(C(=O)O)c2)cc1,4.366531544420414
COc1ccc(Nc2nc(NCc3ccco3)nc(N/N=C/c3ccc(Br)cc3)n2)cc1,4.886056647693163
COc1ccc(NC(=O)c2cccc(S(=O)(=O)Nc3ccc(C(=O)O)cc3)c2)cc1,4.154901959985743
O=C(O)COc1ccccc1/C=N/Nc1nncc(-c2ccccc2)n1,3.6497519816658373
O=S(=O)(Nc1ccc(Br)cc1)c1ccc(Sc2ccc(S(=O)(=O)Nc3ccc(Br)cc3)cc2)cc1,3.600326278518962
O=[N+]([O-])c1cc(Br)cc(/C=N/Nc2nc(Nc3ccccc3)nc(Nc3ccccc3)n2)c1O,6.221848749616356
COc1cc([N+](=O)[O-])cc(/C=N/Nc2nc(Nc3ccccc3)nc(Nc3ccccc3)n2)c1O,4.5376020021010435
Cc1ccc(NP(=O)(Oc2ccccc2)Oc2ccccc2)cc1,3.0
O=C(O)c1ccc(NCN2C(=O)c3ccc([N+](=O)[O-])cc3C2=O)cc1,3.7235381958267557
O=C(Nc1ccccc1C(=O)O)c1ccc(C(=O)Nc2ccccc2C(=O)O)cc1,4.494850021680094
O=C(CNC(=O)c1ccc(Cl)cc1)OCC(=O)c1ccc([N+](=O)[O-])cc1,3.266000713461613
CCN(CC)c1nc(N/N=C/c2ccc([N+](=O)[O-])cc2)nc(Nc2ccc(C)c(Cl)c2)n1,3.6989700043360187
O=C(O)c1cc(-c2ccc(/C=N/Nc3nc4nonc4nc3Nc3ccccc3F)o2)ccc1Cl,5.3979400086720375
CC(C)CN1C(N/N=C/c2cc(Br)ccc2O)=NC2C1C(=O)NC(=O)N2C,4.275724130399211
Cc1ccc(O)c(/C=N/Nc2nc3c(c(=O)[nH]c(=O)n3C)n2Cc2ccccc2)c1,4.0
CCc1cccc2c(SCC(=O)NNC(=O)c3ccccc3[N+](=O)[O-])nc(-c3ccc(F)cc3)nc12,4.0
O=C(/C=C/c1ccccc1O)c1ccc(O)cc1O,4.275724130399211
O=C(/C=C/c1ccccc1O)c1ccc(O)cc1O,4.327902142064283
COc1cccc(/C=C/C(=O)c2ccccc2)c1O,5.698970004336019
COc1cccc(/C=C/C(=O)c2ccccc2)c1O,5.698970004336019
Cc1ccc(-n2c(SCC(=O)NNC(=O)c3ccccc3O)nnc2-c2ccccc2O)cc1,5.301029995663981
Cc1ccc(-n2c(SCC(=O)NNC(=O)c3ccccc3O)nnc2-c2ccccc2O)cc1,5.522878745280337
O=C(CSc1nnnn1-c1ccccc1)NNC(=O)c1ccc(O)cc1O,4.167491087293763
Cc1cc(C)nc(SCc2nnc(SCC(=O)NNC(=O)c3ccccc3O)n2C)n1,4.0
Cc1cc(C)nc(SCc2nnc(SCC(=O)NNC(=O)c3ccccc3O)n2-c2ccccc2)n1,4.292429823902063
Cn1c(SCC(=O)NNC(=O)c2ccccc2O)nnc1-c1ccccc1,4.1938200260161125
O=C(CSc1nnc(-c2ccncc2)n1-c1ccc(F)cc1)NNC(=O)c1ccccc1O,4.309803919971486
Cc1ccc(-n2c(SCC(=O)NNC(=O)c3ccccc3O)nnc2-c2ccccc2)cc1,4.638272163982407
COc1ccc(-c2nnc(SCC(=O)NNC(=O)c3ccccc3O)n2-c2ccccc2)cc1OC,4.657577319177793
O=C(CSc1nnc(-c2ccc(Cl)cc2)n1-c1ccccc1)NNC(=O)c1ccccc1O,4.958607314841775
O=C(CSc1nnc(Cc2ccccc2)n1C1CCCCC1)NNC(=O)c1ccccc1O,4.6777807052660805
COc1ccc(-n2c(Cc3ccccc3)nnc2SCC(=O)NNC(=O)c2ccccc2O)cc1,4.7447274948966935
O=C(CSc1nnc(Cc2ccccc2)n1-c1cccc(Cl)c1)NNC(=O)c1ccccc1O,5.045757490560675
O=C(CSc1nnc(-c2ccccc2)n1Cc1ccccc1)NNC(=O)c1ccccc1O,4.6777807052660805
O=C(CSc1nnc(-c2ccccc2O)n1Cc1ccccc1)NNC(=O)c1ccccc1O,4.823908740944319
COc1ccccc1-n1c(SCC(=O)NNC(=O)c2ccccc2O)nnc1-c1ccccc1O,5.096910013008056
O=C(CSc1nnnn1-c1ccccc1)NNC(=O)c1ccc(O)cc1O,4.214670164989233
Cc1cc(C)nc(SCc2nnc(SCC(=O)NNC(=O)c3ccccc3O)n2C)n1,4.0
Cc1cc(C)nc(SCc2nnc(SCC(=O)NNC(=O)c3ccccc3O)n2-c2ccccc2)n1,4.568636235841013
Cn1c(SCC(=O)NNC(=O)c2ccccc2O)nnc1-c1ccccc1,4.236572006437063
O=C(CSc1nnc(-c2ccncc2)n1-c1ccc(F)cc1)NNC(=O)c1ccccc1O,4.508638306165727
Cc1ccc(-n2c(SCC(=O)NNC(=O)c3ccccc3O)nnc2-c2ccccc2)cc1,4.920818753952375
COc1ccc(-c2nnc(SCC(=O)NNC(=O)c3ccccc3O)n2-c2ccccc2)cc1OC,4.6777807052660805
O=C(CSc1nnc(-c2ccc(Cl)cc2)n1-c1ccccc1)NNC(=O)c1ccccc1O,5.301029995663981
O=C(CSc1nnc(Cc2ccccc2)n1C1CCCCC1)NNC(=O)c1ccccc1O,4.769551078621726
COc1ccc(-n2c(Cc3ccccc3)nnc2SCC(=O)NNC(=O)c2ccccc2O)cc1,4.769551078621726
O=C(CSc1nnc(Cc2ccccc2)n1-c1cccc(Cl)c1)NNC(=O)c1ccccc1O,5.096910013008056
O=C(CSc1nnc(-c2ccccc2)n1Cc1ccccc1)NNC(=O)c1ccccc1O,5.045757490560675
O=C(CSc1nnc(-c2ccccc2O)n1Cc1ccccc1)NNC(=O)c1ccccc1O,5.045757490560675
COc1ccccc1-n1c(SCC(=O)NNC(=O)c2ccccc2O)nnc1-c1ccccc1O,5.221848749616356
O=C(CSc1nnc(-c2ccc(Cl)cc2)n1-c1ccccc1)N/N=C/c1ccccc1C(=O)O,4.0
O=C(CSc1nnc(-c2ccncc2)n1-c1ccccc1)N/N=C/c1ccccc1O,4.0
O=C(CSc1nnc(-c2ccc(Cl)cc2)n1-c1ccccc1)N/N=C/c1ccccc1C(=O)O,4.0
O=C(CSc1nnc(-c2ccncc2)n1-c1ccccc1)N/N=C/c1ccccc1O,4.0
O=C(O)c1cc2cc(O)c(O)cc2[nH]1,5.0
O=C1C(O)=C(O)C(O)=C2CC(O)=CC=CC12,5.6777807052660805
O=c1oc2c(O)c(O)cc3c(=O)oc4c(O)c(O)cc1c4c23,5.292429823902063
O=C(O)C(=O)CC(=O)c1cc(OCc2ccccc2)cc(OCc2ccccc2)c1,6.698970004336019
O=C(O)C(=O)CC(=O)c1cc(OCc2ccccc2)cc(OCc2ccccc2)c1,5.455931955649724
O=C(/C=C/c1cccn1Cc1ccccc1)CC(=O)C(=O)O,5.154901959985743
O=C(/C=C/c1cccn1Cc1ccccc1)CC(=O)C(=O)O,5.102372908709558
N#C/C(=C(/O)C(=O)O)c1cn(-c2ccc(F)cc2)c2ccccc12,5.0
COc1cc2c(cc1Cc1cccc(Cl)c1F)c(=O)c(C(=O)O)cn2[C@H](CO)C(C)C,8.142667503568731
O=C(c1cc(Cc2ccccc2)cc(CN2CCCS2(=O)=O)c1)c1ncc2cccnc2c1O,5.0
COc1cccc(CN(Cc2cccc(OC)c2)c2ccc3nc(N)[nH]c3c2)c1,5.7447274948966935
N=C(N)c1ccc2cc(C#Cc3cccc(OCc4ccccc4)c3)ccc2c1,5.6777807052660805
CC(C)(C)C1CCC(C2=NCCc3ccc([C@H]4CC4c4ccc5cc(C(=N)N)ccc5c4)cc32)CC1,5.468521082957745
CC(C)S(=O)(=O)Nc1ccc2nc(N)[nH]c2c1,5.585026652029182
O=C(/C=C(\O)c1nc[nH]n1)c1ccc(Cc2ccc(F)cc2)o1,7.698970004336019
O=C(/C=C(\O)c1cc[nH]c1)c1ccc(Cc2ccc(F)cc2)o1,6.0
O=C(/C=C(\O)c1nc[nH]n1)c1ccc(Cc2ccc(F)cc2)[nH]1,6.0
O=C(NNC(=O)c1ccccc1O)c1ccccc1O,3.4775557664936803
O=C(NNC(=O)c1ccccc1O)c1ccccc1O,3.4775557664936803
O=C(NNC(=O)c1ccccc1O)c1ccccc1O,5.443697499232712
O=C(NNC(=O)c1ccccc1O)c1ccccc1O,5.7447274948966935
O=C1c2c(ccc(O)c2O)CN1/N=C/c1ccc(F)cc1,3.4775557664936803
O=C1c2c(ccc(O)c2O)CN1N1C(=O)c2ccccc2C1=O,3.4775557664936803
O=C1c2c(ccc(O)c2O)CN1N(S(=O)(=O)c1ccc(F)cc1)S(=O)(=O)c1ccc(F)cc1,3.4775557664936803
O=C(NN1Cc2ccc(O)c(O)c2C1=O)c1ccc(F)cc1,3.4775557664936803
O=C(NN1Cc2ccc(O)c(O)c2C1=O)c1cccc(O)c1O,3.4775557664936803
O=C(NN1Cc2ccc(O)c(O)c2C1=O)c1ccccc1O,3.4775557664936803
O=C(NN1Cc2ccc(O)c(O)c2C1=O)c1ccccc1,3.4775557664936803
COc1cccc(C(=O)NCc2ccc(F)cc2)c1O,3.4775557664936803
COc1cccc(C(=O)N/N=C/c2ccc(F)cc2)c1O,3.4775557664936803
COc1cccc(C(=O)NN)c1O,3.4775557664936803
COc1cccc(C(=O)NNC(=O)c2cccnc2)c1O,3.4775557664936803
COc1cccc(C(=O)NNC(=O)c2cc3ccccc3cc2O)c1O,3.4775557664936803
NNC(=O)c1cccc(O)c1O,3.4775557664936803
O=C(NCc1ccc(F)cc1)c1cccc(O)c1O,3.4775557664936803
O=C(NNC(=O)c1cccc(O)c1O)c1cccnc1,3.4775557664936803
O=C(NNC(=O)c1cccc(O)c1O)c1cccc(O)c1O,5.161150909262744
O=C(NNC(=O)c1cccc(O)c1O)c1ccccc1O,3.4775557664936803
O=C1c2cccc(O)c2C(=O)N1Cc1ccc(F)cc1,3.4775557664936803
O=C1c2ccc(O)c(O)c2CN1Cc1ccc(F)cc1,3.4775557664936803
O=C1c2c(ccc(O)c2O)CN1Cc1cccc(Cc2ccccc2)c1,3.4775557664936803
O=C1c2c(ccc(O)c2O)CN1CCc1ccccc1,3.4775557664936803
O=C1c2c(ccc(O)c2O)CN1Cc1ccccc1,3.4775557664936803
O=C1c2cccc(O)c2C(=O)N1Cc1ccc(F)cc1,3.4775557664936803
O=C1c2ccc(O)c(O)c2CN1Cc1ccc(F)cc1,3.4775557664936803
O=C1c2c(ccc(O)c2O)CN1/N=C/c1ccc(F)cc1,3.4775557664936803
O=C1c2c(ccc(O)c2O)CN1N1C(=O)c2ccccc2C1=O,3.4775557664936803
COc1cccc(C(=O)NCc2ccc(F)cc2)c1O,3.4775557664936803
COc1cccc(C(=O)N/N=C/c2ccc(F)cc2)c1O,3.4775557664936803
COc1cccc(C(=O)NN)c1O,3.4775557664936803
COc1cccc(C(=O)NNC(=O)c2cccnc2)c1O,3.4775557664936803
COc1cccc(C(=O)NNC(=O)c2cc3ccccc3cc2O)c1O,3.4775557664936803
NNC(=O)c1cccc(O)c1O,3.4775557664936803
O=C(NNC(=O)c1cccc(O)c1O)c1cccnc1,3.4775557664936803
O=C(NNC(=O)c1cccc(O)c1O)c1cccc(O)c1O,5.795880017344075
O=C(NNC(=O)c1cccc(O)c1O)c1ccccc1O,3.4775557664936803
COc1cccc(C(=O)NNC(=O)c2cc3ccccc3cc2O)c1O,4.920818753952375
COc1cccc(C(=O)NNC(=O)c2cccc(OC)c2O)c1O,4.585026652029182
O=C(N/N=C/c1cccc(O)c1O)c1cccc(O)c1O,4.958607314841775
O=C(NNC(=O)c1cccc(O)c1O)c1cccnc1,3.4775557664936803
O=C(NNC(=O)c1cccc(O)c1O)c1cc2ccccc2cc1O,4.721246399047171
COc1cccc(C(=O)NNC(=O)c2cccc(O)c2O)c1O,4.958607314841775
O=C(NNC(=O)c1cccc(O)c1O)c1cccc(O)c1O,5.050609993355087
O=C(NNC(=O)c1cccc(O)c1O)c1ccccc1O,5.552841968657781
COc1cccc(C(=O)NN)c1O,3.4775557664936803
COc1cccc(C(=O)NNC(=O)c2cccnc2)c1O,3.4775557664936803
COc1cccc(C(=O)NNC(=O)c2cc3ccccc3cc2O)c1O,5.096910013008056
COc1cccc(C(=O)NNC(=O)c2cccc(OC)c2O)c1O,4.657577319177793
COc1cccc(/C=N/NC(=O)c2cccc(O)c2O)c1OC,4.7447274948966935
O=C(N/N=C/c1cccc(O)c1O)c1cccc(O)c1O,5.886056647693163
NNC(=O)c1cccc(O)c1O,3.9546770212133424
O=C(NNC(=O)c1cccc(O)c1O)c1cccnc1,3.9507819773298185
O=C(NNC(=O)c1cccc(O)c1O)c1cc2ccccc2cc1O,4.795880017344075
COc1cccc(C(=O)NNC(=O)c2cccc(O)c2O)c1O,5.045757490560675
O=C(NNC(=O)c1cccc(O)c1O)c1cccc(O)c1O,5.301029995663981
O=C(NNC(=O)c1cccc(O)c1O)c1ccccc1O,6.301029995663981
COc1cccc(C(=O)NNC(=O)c2cccc(OC)c2O)c1O,3.910094888560602
COc1cccc(/C=N/NC(=O)c2cccc(O)c2O)c1OC,4.167491087293763
O=C(N/N=C/c1cccc(O)c1O)c1cccc(O)c1O,4.267606240177032
O=C(NCc1ccc(F)cc1)c1cccc(O)c1O,3.96657624451305
O=C(NCCCNC(=O)c1cccc(O)c1O)c1cccc(O)c1O,4.508638306165727
O=C(NCCNC(=O)c1cccc(O)c1O)c1cccc(O)c1O,4.301029995663981
O=C(NNC(=O)c1cccc(O)c1O)c1cc2ccccc2cc1O,4.494850021680094
COc1cccc(C(=O)NNC(=O)c2cccc(O)c2O)c1O,4.356547323513812
O=C1c2c(ccc(O)c2O)CN1Cc1cccc(CBr)c1,4.886056647693163
O=C1c2c(ccc(O)c2O)CN1Cc1ccc(F)c(Cl)c1,6.795880017344075
O=C1c2c(ccc(O)c2O)CN1Cc1ccc(F)cc1,5.0
O=C1c2c(ccc(O)c2O)CN1Cc1cccc2ccccc12,6.130768280269024
O=C1c2c(ccc(O)c2O)CN1CCc1ccccc1,4.552841968657781
O=C1c2c(ccc(O)c2O)CN1Cc1ccccc1,4.910094888560602
O=C1c2c(ccc(O)c2O)CN1/N=C/c1cccc(O)c1O,4.267606240177032
O=C1c2c(ccc(O)c2O)CN1N1C(=O)c2ccc(F)cc2C1=O,4.275724130399211
O=C1c2c(ccc(O)c2O)CN1N1C(=O)c2cc(O)c(O)cc2C1=O,6.0915149811213505
O=C1c2c(ccc(O)c2O)CN1N1C(=O)c2ccc(O)c(O)c2C1=O,6.221848749616356
O=C1c2c(ccc(O)c2O)CN1N1C(=O)c2cccc(O)c2C1=O,4.958607314841775
O=C1c2c(ccc(O)c2O)CN1N1Cc2ccc(O)c(O)c2S1(=O)=O,5.920818753952375
O=C1c2c(ccc(O)c2O)CN1N1Cc2ccc(O)c(O)c2C1=O,4.3872161432802645
O=C1c2c(ccc(O)c2O)CN1N(S(=O)(=O)c1ccc(O)c(O)c1)S(=O)(=O)c1ccc(O)c(O)c1,6.6777807052660805
O=C1c2c(ccc(O)c2O)CN1N(S(=O)(=O)c1ccc(F)cc1)S(=O)(=O)c1ccc(F)cc1,4.481486060122113
O=C1c2c(ccc(O)c2O)CN1NS(=O)(=O)c1ccc(F)cc1,4.6777807052660805
O=C(NN1Cc2ccc(O)c(O)c2C1=O)c1ccc(F)cc1,3.769551078621726
O=C(NN1Cc2ccc(O)c(O)c2C1=O)c1cccc(O)c1O,5.221848749616356
O=C(NN1Cc2ccc(O)c(O)c2C1=O)c1ccccc1O,3.5331323796458904
O=C(NN1Cc2ccc(O)c(O)c2C1=O)c1ccccc1,3.8894102897007508
O=C1c2c(ccc(O)c2O)CN1Cc1cccc(CBr)c1,4.431798275933005
O=C1c2c(ccc(O)c2O)CN1Cc1ccc(F)c(Cl)c1,4.886056647693163
O=C1c2c(ccc(O)c2O)CN1Cc1ccc(F)cc1,3.549750891680639
O=C1c2c(ccc(O)c2O)CN1Cc1cccc2ccccc12,4.214670164989233
O=C1c2c(ccc(O)c2O)CN1/N=C/c1cccc(O)c1O,4.060480747381382
O=C1c2c(ccc(O)c2O)CN1N1C(=O)c2ccc(F)cc2C1=O,3.7304870557820835
O=C1c2c(ccc(O)c2O)CN1N1C(=O)c2cc(O)c(O)cc2C1=O,5.173925197299174
O=C1c2c(ccc(O)c2O)CN1N1C(=O)c2ccc(O)c(O)c2C1=O,4.107905397309519
O=C1c2c(ccc(O)c2O)CN1N1C(=O)c2cccc(O)c2C1=O,4.376750709602099
O=C1c2c(ccc(O)c2O)CN1N1Cc2ccc(O)c(O)c2S1(=O)=O,5.154901959985743
O=C1c2c(ccc(O)c2O)CN1N1Cc2ccc(O)c(O)c2C1=O,3.906578314837765
O=C1c2c(ccc(O)c2O)CN1N(S(=O)(=O)c1ccc(O)c(O)c1)S(=O)(=O)c1ccc(O)c(O)c1,5.795880017344075
O=C1c2c(ccc(O)c2O)CN1NS(=O)(=O)c1ccc(F)cc1,4.161150909262744
COc1cccc(C(=O)NNC(=O)c2cccc(OC)c2O)c1O,3.6108339156354674
COc1cccc(/C=N/NC(=O)c2cccc(O)c2O)c1OC,3.9507819773298185
O=C(N/N=C/c1cccc(O)c1O)c1cccc(O)c1O,4.214670164989233
O=C(NCCCNC(=O)c1cccc(O)c1O)c1cccc(O)c1O,4.481486060122113
O=C(NCCNC(=O)c1cccc(O)c1O)c1cccc(O)c1O,4.070581074285707
O=C(NNC(=O)c1cccc(O)c1O)c1cc2ccccc2cc1O,4.142667503568732
COc1cccc(C(=O)NNC(=O)c2cccc(O)c2O)c1O,3.8601209135987635
COc1cccc(C(=O)NN)c1O,3.4775557664936803
COc1cccc(C(=O)NNC(=O)c2cccnc2)c1O,3.4775557664936803
COc1cccc(/C=N/NC(=O)c2cccc(O)c2O)c1OC,3.4775557664936803
NNC(=O)c1cccc(O)c1O,3.4775557664936803
O=C1c2c(ccc(O)c2O)CN1Cc1cccc(Cc2ccccc2)c1,3.764471553092451
O=C(O)c1c[nH]c2ccc(Cc3cccc(Cl)c3F)cc2c1=O,7.361510743045363
COc1cc2c(cc1Cc1cccc(Cl)c1F)c(=O)c(C(=O)O)cn2[C@@H](CO)C(C)C,8.142667503568731
CC(C)[C@H](CO)n1cc(C(=O)O)c(=O)c2cc(Cc3cccc(Cl)c3F)ccc21,8.086186147616283
COc1cc2c(cc1Cc1cccc(Cl)c1F)c(=O)c(C(=O)O)cn2CCO,8.040958607678906
O=C(O)c1cn(CCO)c2ccc(Cc3cccc(Cl)c3F)cc2c1=O,7.616184634019569
COc1ccc(/C=C2\C(=O)N(c3nnn[nH]3)N=C2C)cc1OCc1ccccc1Cl,7.853871964321762
COc1ccc(/C=C2\C(=O)N(c3nnn[nH]3)N=C2C)cc1OCc1ccccc1Cl,8.301029995663981
N#Cc1c(-c2ccc(Cl)cc2)cc(-c2ccccc2)nc1SCC(=O)O,7.221848749616356
CCOc1cc(N(CC)CC)ccc1/C=C1\C(=O)N(c2nnn[nH]2)N=C1C,7.187086643357144
CC1=NN(c2nnn[nH]2)C(=O)/C1=C\c1cc(Cl)c(O)c(Cl)c1,7.886056647693163
CCOc1cc(/C=C2\C(=O)N(c3nnn[nH]3)N=C2C)ccc1OC,7.229147988357855
CCOc1cc(/C=C2\C(=O)N(c3nnn[nH]3)N=C2C)cc(Cl)c1OCC,8.397940008672037
COc1cc(/C=C2\C(=O)N(c3nnn[nH]3)N=C2C)cc(Cl)c1OC,8.397940008672037
COc1cccc(NC(=O)c2sc3[nH]c(=O)c(C(=O)O)cc3c2N)c1,7.366531544420414
Nc1c(C(=O)Nc2ccc(Cl)c(Cl)c2)sc2[nH]c(=O)c(C(=O)O)cc12,8.301029995663981
Cc1ccc(C(=O)O)cc1NC(=O)CSc1nc2ccccc2s1,7.769551078621726
O=C(O)CN1C(=O)/C(=C2\SC(=S)N(C(Cc3ccccc3)C(=O)O)C2=O)c2ccccc21,7.180456064458132
Cc1ccc2nc(-c3ccc(NC(=O)/C=C/C(=O)O)cc3)sc2c1,7.638272163982407
O=C(O)c1ccccc1NC(=O)c1ccccc1S(=O)(=O)Nc1ccc(Oc2ccccc2)cc1,7.7447274948966935
CCOc1cc(CNc2nn[nH]n2)cc(Cl)c1OCc1ccc(Cl)cc1,7.2839966563652006
O=C(O)CSc1nnc(-c2ccco2)c(-c2ccco2)n1,8.301029995663981
N#Cc1c(-c2ccc(Cl)cc2)cc(-c2ccccc2)nc1SCC(=O)O,7.008773924307505
CCOc1cc(N(CC)CC)ccc1/C=C1\C(=O)N(c2nnn[nH]2)N=C1C,7.214670164989233
CC1=NN(c2nnn[nH]2)C(=O)/C1=C\c1cc(Cl)c(O)c(Cl)c1,7.958607314841775
CCOc1cc(/C=C2\C(=O)N(c3nnn[nH]3)N=C2C)ccc1OC,7.1249387366083
CCOc1cc(/C=C2\C(=O)N(c3nnn[nH]3)N=C2C)cc(Cl)c1OCC,8.154901959985743
COc1cc(/C=C2\C(=O)N(c3nnn[nH]3)N=C2C)cc(Cl)c1OC,8.301029995663981
COc1cccc(NC(=O)c2sc3[nH]c(=O)c(C(=O)O)cc3c2N)c1,7.086186147616283
Nc1c(C(=O)Nc2ccc(Cl)c(Cl)c2)sc2[nH]c(=O)c(C(=O)O)cc12,7.853871964321762
Cc1ccc(C(=O)O)cc1NC(=O)CSc1nc2ccccc2s1,7.200659450546418
O=C(O)CN1C(=O)/C(=C2\SC(=S)N(C(Cc3ccccc3)C(=O)O)C2=O)c2ccccc21,7.036212172654444
Cc1ccc2nc(-c3ccc(NC(=O)/C=C/C(=O)O)cc3)sc2c1,7.318758762624412
O=C(O)c1ccccc1NC(=O)c1ccccc1S(=O)(=O)Nc1ccc(Oc2ccccc2)cc1,7.376750709602099
CCOc1cc(CNc2nn[nH]n2)cc(Cl)c1OCc1ccc(Cl)cc1,7.0
O=C(O)CSc1nnc(-c2ccco2)c(-c2ccco2)n1,7.7447274948966935
O=C(O)CSc1nc(Nc2ccccc2)nc(N2CCOCC2)n1,7.0
O=C(O)CSc1nc(-c2cccs2)cc(C(F)(F)F)n1,7.0
O=C(O)CSc1nc(-c2ccccc2)cc(C(F)(F)F)n1,7.0
O=C(O)C1CCCCC1C(=O)Nc1ccc(Oc2cccc3ccccc23)cc1,7.0
O=C(O)C(O)C(O)c1nc2cc3ccccc3cc2[nH]1,7.0
O=C(O)CSc1nc(Nc2ccccc2)nc(N2CCOCC2)n1,7.0
O=C(O)CSc1nc(-c2cccs2)cc(C(F)(F)F)n1,7.0
O=C(O)CSc1nc(-c2ccccc2)cc(C(F)(F)F)n1,7.0
O=C(O)C1CCCCC1C(=O)Nc1ccc(Oc2cccc3ccccc23)cc1,7.468521082957745
O=C(O)C(O)C(O)c1nc2cc3ccccc3cc2[nH]1,7.337242168318426
O=C(/C=C/c1ccc(O)c(O)c1)O[C@H](Cc1ccc(O)c(O)c1)C(=O)O,4.197226274708024
O=C(NCc1ccc(F)cc1)c1nc(N2CCCCS2(=O)=O)c2cccnc2c1O,8.602059991327963
O=C(/C=C/c1cc(O)c(O)cc1[N+](=O)[O-])O[C@H](Cc1cc(O)c(O)cc1[N+](=O)[O-])C(=O)O,7.154901959985743
O=C(/C=C/c1ccc(O)c(O)c1)O[C@H](Cc1cc(O)c(O)cc1[N+](=O)[O-])C(=O)O,5.431798275933005
O=C(NCc1ccc(F)cc1)c1nc(N2CCCCS2(=O)=O)c2cccnc2c1O,6.920818753952375
O=C(/C=C/c1cc(O)c(O)cc1[N+](=O)[O-])O[C@H](Cc1cc(O)c(O)cc1[N+](=O)[O-])C(=O)O,4.282329496997738
O=C(/C=C/c1ccc(O)c(O)c1)O[C@H](Cc1cc(O)c(O)cc1[N+](=O)[O-])C(=O)O,3.607303046740334
O=C(/C=C/c1cc(O)c(O)cc1[N+](=O)[O-])O[C@H](Cc1cc(O)c(O)cc1[N+](=O)[O-])C(=O)O,7.522878745280337
O=C(/C=C/c1ccc(O)c(O)c1)O[C@H](Cc1cc(O)c(O)cc1[N+](=O)[O-])C(=O)O,7.585026652029182
O=C(NCc1ccc(F)cc1)c1nc(N2CCCCS2(=O)=O)c2cccnc2c1O,9.301029995663981
O=C(/C=C/c1cc(O)c(O)cc1[N+](=O)[O-])O[C@H](Cc1cc(O)c(O)cc1[N+](=O)[O-])C(=O)O,6.823908740944319
O=C(/C=C/c1ccc(O)c(O)c1)O[C@H](Cc1cc(O)c(O)cc1[N+](=O)[O-])C(=O)O,5.853871964321762
O=C(/C=C/c1cc(O)c(O)cc1[N+](=O)[O-])O[C@H](Cc1cc(O)c(O)cc1[N+](=O)[O-])C(=O)O,4.681936665037238
O=C(/C=C/c1ccc(O)c(O)c1)O[C@H](Cc1cc(O)c(O)cc1[N+](=O)[O-])C(=O)O,4.262012673666569
CC(C)(C)c1nc(O)c(O)c(C(=O)NCc2ccc(F)cc2)n1,8.0
CN1CCN(C(=O)c2cc(F)ccc2CNC(=O)c2nc(C(C)(C)C)n(C)c(=O)c2O)CC1,6.309803919971486
Cn1c(C(C)(C)C)nc(C(=O)NCc2ccc(F)cc2C(=O)N2CCCC2)c(O)c1=O,6.638272163982407
CN(C)C(=O)c1cc(F)ccc1CNC(=O)c1nc(C(C)(C)C)n(C)c(=O)c1O,6.7447274948966935
Cn1c(C(C)(C)C)nc(C(=O)NCc2ccc(F)cc2C(=O)NCC(F)(F)F)c(O)c1=O,7.045757490560675
CC(C)NC(=O)c1cc(F)ccc1CNC(=O)c1nc(C(C)(C)C)n(C)c(=O)c1O,7.045757490560675
CCCNC(=O)c1cc(F)ccc1CNC(=O)c1nc(C(C)(C)C)n(C)c(=O)c1O,7.154901959985743
CCNC(=O)c1cc(F)ccc1CNC(=O)c1nc(C(C)(C)C)n(C)c(=O)c1O,7.154901959985743
Cn1c(C(C)(C)C)nc(C(=O)NCc2ccc(F)cc2C(N)=O)c(O)c1=O,7.698970004336019
Cn1c(C(C)(C)C)nc(C(=O)NCc2ccc(F)cc2S(C)(=O)=O)c(O)c1=O,7.698970004336019
Cc1noc(-c2cc(F)ccc2CNC(=O)c2nc(C(C)(C)C)n(C)c(=O)c2O)n1,7.698970004336019
CNC(=O)c1cc(F)ccc1CNC(=O)c1nc(C(C)(C)C)n(C)c(=O)c1O,7.698970004336019
Cn1c(C(C)(C)C)nc(C(=O)NCc2cccc3cc[nH]c23)c(O)c1=O,7.698970004336019
CCOc1ccccc1CNC(=O)c1nc(C(C)(C)C)n(C)c(=O)c1O,7.698970004336019
Cn1c(C(C)(C)C)nc(C(=O)NCc2ccc(F)cc2)c(O)c1=O,8.0
CC(C)(C)c1nc(O)c(O)c(C(=O)NCc2ccc(F)cc2S(C)(=O)=O)n1,7.221848749616356
Cc1noc(-c2cc(F)ccc2CNC(=O)c2nc(C(C)(C)C)nc(O)c2O)n1,7.698970004336019
CNC(=O)c1cc(F)ccc1CNC(=O)c1nc(C(C)(C)C)nc(O)c1O,7.698970004336019
CC(C)(C)c1nc(O)c(O)c(C(=O)NCc2cccc3cc[nH]c23)n1,8.0
CCOc1ccccc1CNC(=O)c1nc(C(C)(C)C)nc(O)c1O,8.0
CCOC(=O)/C(O)=C/C(=O)c1cn(Cc2ccc(F)cc2)c2cccc(OC)c12,4.065097741677686
COc1cc2c(cc1Cc1cccc(Cl)c1F)c(=O)c(C(=O)O)cn2[C@H](CO)C(C)C,8.397940008672037
Cc1nnc(C(=O)NC(C)(C)c2nc(C(=O)NCc3ccc(F)cc3)c(O)c(=O)n2C)o1,8.045757490560675
COc1ccc(OC)c2c1c(C(=O)/C=C(\O)C(=O)O)cn2Cc1ccc(F)cc1,7.221848749616356
COc1cccc2c(C(=O)/C=C(\O)C(=O)O)cn(Cc3ccc(F)cc3)c12,6.568636235841013
COc1ccc2c(C(=O)/C=C(\O)C(=O)O)cn(Cc3ccc(F)cc3)c2c1,6.721246399047171
COc1ccc2c(c1)c(C(=O)/C=C(\O)C(=O)O)cn2Cc1ccc(F)cc1,6.522878745280337
COc1cccc2c1c(C(=O)/C=C(\O)C(=O)O)cn2Cc1ccc(F)cc1,7.096910013008056
O=C(O)/C(O)=C/C(=O)c1cn(Cc2ccc(F)cc2)c2ccccc12,6.0655015487564325
CCOC(=O)/C(O)=C/C(=O)c1cn(Cc2ccc(F)cc2)c2c(OC)ccc(OC)c12,5.906578314837765
CCOC(=O)/C(O)=C/C(=O)c1cn(Cc2ccc(F)cc2)c2c(OC)cccc12,5.3223930472795065
CCOC(=O)/C(O)=C/C(=O)c1cn(Cc2ccc(F)cc2)c2cc(OC)ccc12,5.707743928643524
CCOC(=O)/C(O)=C/C(=O)c1cn(Cc2ccc(F)cc2)c2ccc(OC)cc12,5.337242168318426
CCOC(=O)/C(O)=C/C(=O)c1cn(Cc2ccc(F)cc2)c2cccc(OC)c12,4.034798298974088
COc1cc2c(cc1Cc1cccc(Cl)c1F)c(=O)c(C(=O)O)cn2[C@H](CO)C(C)C,7.823908740944319
Cc1nnc(C(=O)NC(C)(C)c2nc(C(=O)NCc3ccc(F)cc3)c(O)c(=O)n2C)o1,8.154901959985743
COc1ccc(OC)c2c1c(C(=O)/C=C(\O)C(=O)O)cn2Cc1ccc(F)cc1,7.522878745280337
COc1cccc2c(C(=O)/C=C(\O)C(=O)O)cn(Cc3ccc(F)cc3)c12,6.721246399047171
COc1ccc2c(C(=O)/C=C(\O)C(=O)O)cn(Cc3ccc(F)cc3)c2c1,6.657577319177793
COc1ccc2c(c1)c(C(=O)/C=C(\O)C(=O)O)cn2Cc1ccc(F)cc1,6.568636235841013
COc1cccc2c1c(C(=O)/C=C(\O)C(=O)O)cn2Cc1ccc(F)cc1,6.853871964321762
O=C(O)/C(O)=C/C(=O)c1cn(Cc2ccc(F)cc2)c2ccccc12,5.632644078973981
CCOC(=O)/C(O)=C/C(=O)c1cn(Cc2ccc(F)cc2)c2c(OC)ccc(OC)c12,6.180456064458132
CCOC(=O)/C(O)=C/C(=O)c1cn(Cc2ccc(F)cc2)c2c(OC)cccc12,5.578396073130169
CCOC(=O)/C(O)=C/C(=O)c1cn(Cc2ccc(F)cc2)c2cc(OC)ccc12,5.6307841425898575
CCOC(=O)/C(O)=C/C(=O)c1cn(Cc2ccc(F)cc2)c2ccc(OC)cc12,5.1220530483708115
CC(C)C[C@@H]1NC(=O)[C@@H]2CCCN2C(=O)[C@H](C(C)C)NC(=O)c2csc(n2)CNC(=O)c2csc(n2)[C@H](CCC(N)=O)NC1=O,2.3010299956639813
CC(C)C[C@@H]1NC(=O)[C@@H]2CCCN2C(=O)[C@H](C(C)C)NC(=O)c2csc(n2)CNC(=O)c2csc(n2)[C@H](CCC(N)=O)NC1=O,2.3872161432802645
CC[C@H](C)[C@H](NC(=O)[C@H](CO)NC(=O)[C@@H](N)CCCNC(=N)N)C(=O)N[C@@H](CO)C(=O)NCC(=O)N[C@@H](Cc1c[nH]c2ccccc12)C(=O)N[C@H](C(=O)N[C@@H](CC(C)C)C(=O)N[C@@H](CO)C(=O)N[C@H](C(=O)N[C@@H](Cc1ccc(O)cc1)C(=O)N[C@@H](CC(C)C)C(=O)NCC(=O)N[C@@H](CCCNC(=N)N)C(=O)N1CCC[C@H]1C(=O)O)[C@@H](C)O)[C@@H](C)CC,4.6020599913279625
CC[C@H](C)[C@H](NC(=O)[C@H](CC(C)C)NC(=O)[C@H](CCCNC(=N)N)NC(=O)[C@@H](NC(=O)[C@@H](NC(=O)[C@H](CCCCN)NC(=O)[C@@H](N)CC(C)C)[C@@H](C)O)C(C)C)C(=O)N[C@@H](CCCCN)C(=O)N[C@@H](Cc1ccccc1)C(=O)N[C@@H](CC(C)C)C(=O)N[C@@H](Cc1ccc(O)cc1)C(=O)O,4.6020599913279625
CN1C(=O)[C@@H](c2cc(Cl)c(O)c(Cl)c2)NC(=O)[C@@H]2NC(=O)[C@@H](c3cc(Cl)c(O)c(Cl)c3)NC(=O)[C@H](NC(=O)C(=O)c3cc(Cl)c(O)c(Cl)c3)Cc3c[nH]c4cc(ccc34)-c3cc2cc(c3O)Oc2ccc(cc2)C[C@H]1C(=O)N[C@@H](C(=O)O)c1ccc(O)cc1,6.698970004336019
CN1C(=O)[C@@H](c2cc(Cl)c(O)c(Cl)c2)NC(=O)[C@@H]2NC(=O)[C@@H](c3cc(Cl)c(O)c(Cl)c3)NC(=O)[C@H](NC(=O)C(=O)c3cc(Cl)c(O)c(Cl)c3)Cc3c[nH]c4c(cccc34)-c3cc2cc(c3O)Oc2ccc(cc2)C[C@H]1C(=O)N[C@@H](C(=O)O)c1ccc(O)cc1,6.3979400086720375
CN1C(=O)[C@@H](c2cc(Cl)c(O)c(Cl)c2)NC(=O)[C@@H]2NC(=O)[C@@H](c3cc(Cl)c(O)c(Cl)c3)NC(=O)[C@H](N)Cc3c[nH]c4c(cccc34)-c3cc2cc(c3O)Oc2ccc(cc2)C[C@H]1C(=O)O,6.301029995663981
CN1C(=O)[C@@H](c2cc(Cl)c(O)c(Cl)c2)NC(=O)[C@@H]2NC(=O)[C@@H](c3cc(Cl)c(O)c(Cl)c3)NC(=O)[C@H](NC(=O)C(=O)c3cc(Cl)c(O)c(Cl)c3)Cc3c[nH]c4cc(ccc34)-c3cc2cc(c3O)Oc2ccc(cc2)C[C@H]1C(=O)N[C@@H](C(=O)O)c1ccc(O)cc1,6.301029995663981
CN1C(=O)[C@@H](c2cc(Cl)c(O)c(Cl)c2)NC(=O)[C@@H]2NC(=O)[C@@H](c3cc(Cl)c(O)c(Cl)c3)NC(=O)[C@H](NC(=O)C(=O)c3cc(Cl)c(O)c(Cl)c3)Cc3c[nH]c4cc(ccc34)-c3cc2cc(c3O)Oc2ccc(cc2)C[C@H]1C(=O)N[C@@H](C(=O)O)c1ccc(O)cc1,6.301029995663981
CN1C(=O)[C@@H](c2cc(Cl)c(O)c(Cl)c2)NC(=O)[C@@H]2NC(=O)[C@@H](c3cc(Cl)c(O)c(Cl)c3)NC(=O)[C@H](NC(=O)C(=O)c3cc(Cl)c(O)c(Cl)c3)Cc3c[nH]c4c(cccc34)-c3cc2cc(c3O)Oc2ccc(cc2)C[C@H]1C(=O)O,6.221848749616356
CN1C(=O)[C@@H](c2cc(Cl)c(O)c(Cl)c2)NC(=O)[C@@H]2NC(=O)[C@@H](c3cc(Cl)c(O)c(Cl)c3)NC(=O)[C@H](NC(=O)C(=O)c3cc(Cl)c(O)c(Cl)c3)CC3C(=O)Nc4cc(ccc43)-c3cc2cc(c3O)Oc2ccc(cc2)C[C@H]1C(=O)N[C@@H](C(=O)O)c1ccc(O)cc1,6.096910013008056
CN1C(=O)[C@@H](c2cc(Cl)c(O)c(Cl)c2)NC(=O)[C@@H]2NC(=O)[C@@H](c3cc(Cl)c(O)c(Cl)c3)NC(=O)[C@H](NC(=O)C(=O)c3cc(Cl)c(O)c(Cl)c3)CC3(O)C(=O)Nc4cc(ccc43)-c3cc2cc(c3O)Oc2ccc(cc2)C[C@H]1C(=O)N[C@@H](C(=O)O)c1ccc(O)cc1,5.769551078621726
CN1C(=O)[C@@H](c2cc(Cl)c(O)c(Cl)c2)NC(=O)[C@@H]2NC(=O)[C@@H](c3cc(Cl)c(O)c(Cl)c3)NC(=O)[C@H](NC(=O)C(=O)c3cc(Cl)c(O)c(Cl)c3)Cc3c[nH]c4cc(ccc34)-c3cc2cc(c3O)Oc2ccc(cc2)C[C@H]1C(=O)N[C@@H](C(=O)O)c1ccc(O)cc1,5.522878745280337
CN[C@@H](Cc1ccc(Oc2cc3cc(c2O)-c2cccc4c(c[nH]c24)C[C@@H](N)C(=O)N[C@H](c2cc(Cl)c(O)c(Cl)c2)C(=O)N[C@H]3C(=O)N[C@@H](C(=O)O)c2cc(Cl)c(O)c(Cl)c2)cc1)C(=O)O,5.42021640338319
CN1C(=O)[C@@H](c2cc(Cl)c(O)c(Cl)c2)NC(=O)[C@@H]2NC(=O)[C@@H](c3cc(Cl)c(O)c(Cl)c3)NC(=O)[C@H](NC(=O)C(=O)c3cc(Cl)c(O)c(Cl)c3)Cc3c[nH]c4cc(ccc34)-c3cc2cc(c3O)Oc2ccc(cc2)C[C@H]1C(=O)N[C@@H](C(=O)O)c1ccc(O)cc1,5.3979400086720375
CN1C(=O)[C@@H](c2cc(Cl)c(O)c(Cl)c2)NC(=O)[C@@H]2NC(=O)[C@@H](c3cc(Cl)c(O)c(Cl)c3)NC(=O)[C@H](NC(=O)C(=O)c3cc(Cl)c(O)c(Cl)c3)Cc3c[nH]c4c(cccc34)-c3cc2cc(c3O)Oc2ccc(cc2)C[C@H]1C(=O)N[C@@H](C(=O)O)c1ccc(O)cc1,5.301029995663981
CN1C(=O)[C@@H](c2cc(Cl)c(O)c(Cl)c2)NC(=O)[C@@H]2NC(=O)[C@@H](c3cc(Cl)c(O)c(Cl)c3)NC(=O)[C@H](N)Cc3c[nH]c4c(cccc34)-c3cc2cc(c3O)Oc2ccc(cc2)C[C@H]1C(=O)O,5.221848749616356
CN(C(=O)[C@H](N)c1cc(Cl)c(O)c(Cl)c1)[C@@H](Cc1ccc(Oc2cc3cc(c2O)-c2cccc4c(c[nH]c24)C[C@@H](N)C(=O)N[C@H](c2cc(Cl)c(O)c(Cl)c2)C(=O)N[C@H]3C(=O)O)cc1)C(=O)O,5.107905397309519
CN1C(=O)[C@@H](c2cc(Cl)c(O)c(Cl)c2)NC(=O)[C@@H]2NC(=O)[C@@H](c3cc(Cl)c(O)c(Cl)c3)NC(=O)[C@H](NC(=O)C(=O)c3cc(Cl)c(O)c(Cl)c3)Cc3c[nH]c4c(cccc34)-c3cc2cc(c3O)Oc2ccc(cc2)C[C@H]1C(=O)O,5.096910013008056
CN1C(=O)[C@@H](c2cc(Cl)c(O)c(Cl)c2)NC(=O)[C@@H]2NC(=O)[C@@H](c3cc(Cl)c(O)c(Cl)c3)NC(=O)[C@H](NC(=O)C(=O)c3cc(Cl)c(O)c(Cl)c3)CC3(O)C(=O)Nc4cc(ccc43)-c3cc2cc(c3O)Oc2ccc(cc2)C[C@H]1C(=O)N[C@@H](C(=O)O)c1ccc(O)cc1,4.903089986991944
CN1C(=O)[C@@H](c2cc(Cl)c(O)c(Cl)c2)NC(=O)[C@@H]2NC(=O)[C@@H](c3cc(Cl)c(O)c(Cl)c3)NC(=O)[C@H](NC(=O)C(=O)c3cc(Cl)c(O)c(Cl)c3)CC3C(=O)Nc4cc(ccc43)-c3cc2cc(c3O)Oc2ccc(cc2)C[C@H]1C(=O)N[C@@H](C(=O)O)c1ccc(O)cc1,4.903089986991944
CN[C@@H](Cc1ccc(Oc2cc3cc(c2O)-c2cccc4c(c[nH]c24)C[C@@H](N)C(=O)N[C@H](c2cc(Cl)c(O)c(Cl)c2)C(=O)N[C@H]3C(=O)O)cc1)C(=O)O,4.552841968657781
CN[C@@H](Cc1ccc(Oc2cc3cc(c2O)-c2cccc4c(c[nH]c24)C[C@@H](N)C(=O)N[C@H](c2cc(Cl)c(O)c(Cl)c2)C(=O)N[C@H]3C(=O)N[C@@H](C(=O)O)c2cc(Cl)c(O)c(Cl)c2)cc1)C(=O)O,4.346787486224656
CN(C(=O)[C@H](N)c1cc(Cl)c(O)c(Cl)c1)[C@@H](Cc1ccc(Oc2cc3cc(c2O)-c2cccc4c(c[nH]c24)C[C@@H](N)C(=O)N[C@H](c2cc(Cl)c(O)c(Cl)c2)C(=O)N[C@H]3C(=O)O)cc1)C(=O)O,4.0655015487564325
CN[C@@H](Cc1ccc(Oc2cc3cc(c2O)-c2cccc4c(c[nH]c24)C[C@@H](N)C(=O)N[C@H](c2cc(Cl)c(O)c(Cl)c2)C(=O)N[C@H]3C(=O)O)cc1)C(=O)O,4.0
CC1=C[C@@H]2CC[C@@H](O)[C@H](C)[C@@H]2[C@@H](C(=O)C2=C(O)C(O)NC2=O)[C@@H]1C[C@H]1O[C@@]2(CC[C@H](C)[C@@H](c3cc(O)cc(O)c3)O2)[C@@H](C)C[C@@H]1C,5.3979400086720375
O=C(O)/C=C/c1ccc(O)c(O)c1,5.552841968657781
O=C(O)/C=C/c1ccc(O)c(O)c1CC(=O)O,5.872895201635193
O=C(O)/C=C/c1ccc(O)c(O)c1CC(=O)O,5.962573502059376
O=C(O)/C=C/c1ccc(O)c(O)c1/C(=C/c1ccc(O)c(O)c1)C(=O)O,6.251811972993799
O=C(O)/C=C/c1ccc(O)c(O)c1/C(=C/c1ccc(O)c(O)c1)C(=O)O,6.136677139879544
O=C(O)/C=C/c1ccc(O)c2c1C1C(=O)c3cc(O)c(O)cc3C1O2,6.823908740944319
O=C(O)/C=C/c1ccc(O)c2c1C1C(=O)c3cc(O)c(O)cc3C1O2,6.522878745280337
O=C(/C=C/c1ccc(O)c(O)c1)O[C@@H]1C[C@](O)(C(=O)O)C[C@@H](OC(=O)/C=C/c2ccc(O)c(O)c2)[C@H]1O,6.1938200260161125
O=C(O)/C=C/c1ccc(O)c(O)c1,5.552841968657781
O=C(O)/C=C/c1ccc(O)c(O)c1,4.619788758288394
O=C1OC(c2ccccc2)C(c2ccc(O)cc2)=C1O,3.5228787452803374
O=C1OC(c2ccc(F)cc2)C(c2ccc(O)cc2)=C1O,3.5228787452803374
O=C1OC(c2ccc(OCc3ccccc3)cc2)C(c2ccc(O)cc2)=C1O,3.5228787452803374
O=C1OC(c2ccc(OCc3ccccc3)cc2)C(c2ccc(F)cc2)=C1O,3.5228787452803374
O=C1OC(c2cc(OCc3ccccc3)cc(OCc3ccccc3)c2)C(c2ccc(F)cc2)=C1O,4.522878745280337
O=C1OC(c2ccc(OCc3ccccc3)c(OCc3ccccc3)c2)C(c2ccc(F)cc2)=C1O,5.0
O=C1OC(c2cc(OCc3ccccc3)cc(OCc3ccccc3)c2)C(c2ccc(O)cc2)=C1O,3.5228787452803374
O=C1OC(c2ccc(OCc3ccccc3)c(OCc3ccccc3)c2)C(c2ccc(O)cc2)=C1O,6.0
O=C1OC(c2cc(O)cc(O)c2)C(c2ccc(O)cc2)=C1O,4.657577319177793
O=C1OC(c2ccc(O)c(O)c2)C(c2ccc(O)cc2)=C1O,5.036212172654444
O=C1OC(c2ccc(O)cc2)C(c2ccc(O)cc2)=C1O,3.657577319177794
O=C1OC(c2ccc(O)cc2)C(c2ccc(F)cc2)=C1O,3.5228787452803374
O=C1OC(c2cc(O)cc(O)c2)C(c2ccc(F)cc2)=C1O,4.036212172654444
O=C1OCC(c2ccc(O)cc2)=C1O,5.443697499232712
Cc1cc(S(=O)(=O)Nc2nc3ccccc3c(=O)n2N)c(S)cc1Cl,4.0
Cc1cc(S(=O)(=O)Nc2nc3ccccc3c(=O)n2N)c(S)cc1Cl,4.0
Cc1cc(S(=O)(=O)Nc2nc3ccsc3c(=O)[nH]2)c(SCc2ccccc2)cc1Cl,4.0
Cc1cc(S(=O)(=O)Nc2nc3cscc3c(=O)[nH]2)c(SCc2ccccc2)cc1Cl,4.0
O=C(Nc1ccc(Cl)cc1)c1cc(S(=O)(=O)Nc2nc3ccccc3c(=O)[nH]2)c(SCc2ccccc2)cc1Cl,4.0
COc1ccc(NC(=O)c2cc(S(=O)(=O)Nc3nc4ccccc4c(=O)[nH]3)c(SCc3ccccc3)cc2Cl)cc1,4.0
Cc1ccc(NC(=O)c2cc(S(=O)(=O)Nc3nc4ccccc4c(=O)[nH]3)c(SCc3ccccc3)cc2Cl)cc1,4.0
O=C(Nc1ccccc1)c1cc(S(=O)(=O)Nc2nc3ccccc3c(=O)[nH]2)c(SCc2ccccc2)cc1Cl,4.136677139879544
NC(=O)c1cc(S(=O)(=O)Nc2nc3ccccc3c(=O)[nH]2)c(SCc2ccccc2)cc1Cl,4.0
Cc1cc(S(=O)(=O)Nc2nc3cc(Cl)ccc3c(=O)[nH]2)c(SCc2ccccc2)cc1Cl,4.327902142064283
Cc1cc(S(=O)(=O)Nc2nc3ccccc3c(=O)[nH]2)c(SCc2ccccc2)cc1Cl,4.0
Cc1cc(S(=O)(=O)Nc2nc3cc(-c4ccsc4)sc3c(=O)n2Cc2ccco2)c(S)cc1Cl,5.096910013008056
Cc1cc(S(=O)(=O)Nc2nc3cc(-c4ccc(Cl)cc4)sc3c(=O)n2Cc2ccccc2)c(S)cc1Cl,5.221848749616356
Cc1cc(S(=O)(=O)Nc2nc3cc(-c4ccccc4)sc3c(=O)n2Cc2ccccc2)c(S)cc1Cl,5.045757490560675
Cc1cc(S(=O)(=O)Nc2nc3cc(C(C)(C)C)sc3c(=O)n2Cc2ccccc2)c(S)cc1Cl,4.657577319177793
Cc1cc(S(=O)(=O)Nc2nc3ccsc3c(=O)n2Cc2ccco2)c(S)cc1Cl,4.207608310501746
Cc1cc(S(=O)(=O)Nc2nc3ccsc3c(=O)n2Cc2ccccc2)c(S)cc1Cl,4.275724130399211
Cc1cc(S(=O)(=O)Nc2nc3cscc3c(=O)n2Cc2ccccc2)c(S)cc1Cl,4.096910013008056
Cc1cc(S(=O)(=O)Nc2nc3ccccc3c(=O)n2Cc2ccco2)c(S)cc1Cl,4.107905397309519
Cc1cc(S(=O)(=O)Nc2nc3n[nH]cc3c(=O)n2N)c(S)cc1Cl,4.0
Cc1cc(S(=O)(=O)Nc2nc3sc(C)c(C)c3c(=O)n2N)c(S)cc1Cl,4.259637310505756
Cc1cc(S(=O)(=O)Nc2nc3scc(C)c3c(=O)n2N)c(S)cc1Cl,4.0
Cc1cc(S(=O)(=O)Nc2nc3cc(C(C)(C)C)sc3c(=O)n2N)c(S)cc1Cl,4.221848749616356
Cc1cc(S(=O)(=O)Nc2nc3ccsc3c(=O)n2N)c(S)cc1Cl,4.187086643357144
Cc1cc(S(=O)(=O)Nc2nc3cscc3c(=O)n2N)c(S)cc1Cl,4.161150909262744
COc1cc2nc(NS(=O)(=O)c3cc(C)c(Cl)cc3S)n(N)c(=O)c2cc1OC,4.0
Cc1cc(S(=O)(=O)Nc2nc3ccsc3c(=O)[nH]2)c(SCc2ccccc2)cc1Cl,4.154901959985743
Cc1cc(S(=O)(=O)Nc2nc3cscc3c(=O)[nH]2)c(SCc2ccccc2)cc1Cl,4.107905397309519
O=C(Nc1ccc(Cl)cc1)c1cc(S(=O)(=O)Nc2nc3ccccc3c(=O)[nH]2)c(SCc2ccccc2)cc1Cl,4.2839966563652006
COc1ccc(NC(=O)c2cc(S(=O)(=O)Nc3nc4ccccc4c(=O)[nH]3)c(SCc3ccccc3)cc2Cl)cc1,4.031517051446065
Cc1ccc(NC(=O)c2cc(S(=O)(=O)Nc3nc4ccccc4c(=O)[nH]3)c(SCc3ccccc3)cc2Cl)cc1,4.113509274827518
O=C(Nc1ccccc1)c1cc(S(=O)(=O)Nc2nc3ccccc3c(=O)[nH]2)c(SCc2ccccc2)cc1Cl,4.443697499232712
NC(=O)c1cc(S(=O)(=O)Nc2nc3ccccc3c(=O)[nH]2)c(SCc2ccccc2)cc1Cl,4.0
Cc1cc(S(=O)(=O)Nc2nc3cc(Cl)ccc3c(=O)[nH]2)c(SCc2ccccc2)cc1Cl,4.481486060122113
Cc1cc(S(=O)(=O)Nc2nc3ccccc3c(=O)[nH]2)c(SCc2ccccc2)cc1Cl,4.080921907623926
Cc1cc(S(=O)(=O)Nc2nc3cc(-c4ccsc4)sc3c(=O)n2Cc2ccco2)c(S)cc1Cl,5.221848749616356
Cc1cc(S(=O)(=O)Nc2nc3cc(-c4ccc(Cl)cc4)sc3c(=O)n2Cc2ccccc2)c(S)cc1Cl,5.3979400086720375
Cc1cc(S(=O)(=O)Nc2nc3cc(-c4ccccc4)sc3c(=O)n2Cc2ccccc2)c(S)cc1Cl,5.221848749616356
Cc1cc(S(=O)(=O)Nc2nc3cc(C(C)(C)C)sc3c(=O)n2Cc2ccccc2)c(S)cc1Cl,5.3979400086720375
Cc1cc(S(=O)(=O)Nc2nc3ccsc3c(=O)n2Cc2ccco2)c(S)cc1Cl,4.275724130399211
Cc1cc(S(=O)(=O)Nc2nc3ccsc3c(=O)n2Cc2ccccc2)c(S)cc1Cl,4.5376020021010435
Cc1cc(S(=O)(=O)Nc2nc3cscc3c(=O)n2Cc2ccccc2)c(S)cc1Cl,4.508638306165727
Cc1cc(S(=O)(=O)Nc2nc3ccccc3c(=O)n2Cc2ccco2)c(S)cc1Cl,4.376750709602099
Cc1cc(S(=O)(=O)Nc2nc3n[nH]cc3c(=O)n2N)c(S)cc1Cl,4.0
Cc1cc(S(=O)(=O)Nc2nc3sc(C)c(C)c3c(=O)n2N)c(S)cc1Cl,4.4089353929735005
Cc1cc(S(=O)(=O)Nc2nc3scc(C)c3c(=O)n2N)c(S)cc1Cl,4.0915149811213505
Cc1cc(S(=O)(=O)Nc2nc3cc(C(C)(C)C)sc3c(=O)n2N)c(S)cc1Cl,4.455931955649724
Cc1cc(S(=O)(=O)Nc2nc3ccsc3c(=O)n2N)c(S)cc1Cl,4.275724130399211
Cc1cc(S(=O)(=O)Nc2nc3cscc3c(=O)n2N)c(S)cc1Cl,4.366531544420414
COc1cc2nc(NS(=O)(=O)c3cc(C)c(Cl)cc3S)n(N)c(=O)c2cc1OC,4.0
Cc1cc(S(=O)(=O)Nc2nc(N)n[nH]2)c(S)cc1Cl,5.319664486585437
Cc1cc(S(=O)(=O)Nc2nc(=O)c3ccccc3n2C)c(SCc2ccccc2)cc1Cl,4.0
Cc1cc(S(=O)(=O)Nc2nc(N)n[nH]2)c(S)cc1Cl,5.309803919971486
Cc1cc(S(=O)(=O)Nc2nc(=O)c3ccccc3n2C)c(SCc2ccccc2)cc1Cl,4.045757490560675
O=C(O)c1cc(-c2cccc(OCc3ccccc3)c2)on1,4.0
O=C(O)c1cc(-c2cccc(OCc3ccccc3)c2)on1,4.167491087293763
O=C(O)c1cc(-c2cccc(OCc3ccccc3)c2)[nH]n1,4.0
O=C(O)c1cc(-c2cccc(OCc3ccccc3)c2)no1,4.0915149811213505
O=C(NO)c1cc(-c2cccc(OCc3ccccc3)c2)on1,4.568636235841013
O=C(O)c1cc(-c2ccc([N+](=O)[O-])cc2)on1,4.013228265733755
O=C(O)c1csnc1-c1cccc(OCc2ccccc2)c1,4.0
O=C(O)c1cc(-c2cccc(OCc3ccccc3)c2)ns1,4.0
COC(=O)c1cc(-c2ccc([N+](=O)[O-])cc2)[nH]n1,4.0
O=C(O)c1cc(-c2ccc([N+](=O)[O-])cc2)[nH]n1,4.0
O=C(O)c1cc(-c2cccc(OCc3ccccc3)c2)[nH]n1,4.0
O=C(O)c1cc(-c2cccc(OCc3ccccc3)c2)no1,4.0
O=C(NO)c1cc(-c2cccc(OCc3ccccc3)c2)on1,4.0
O=C(O)c1cc(-c2ccc([N+](=O)[O-])cc2)on1,4.0
O=C(O)c1csnc1-c1cccc(OCc2ccccc2)c1,4.0
O=C(O)c1cc(-c2cccc(OCc3ccccc3)c2)ns1,4.0
COC(=O)c1cc(-c2ccc([N+](=O)[O-])cc2)[nH]n1,4.0
O=C(O)c1cc(-c2ccc([N+](=O)[O-])cc2)[nH]n1,4.0
COc1cc2c(cc1Cc1cccc(Cl)c1F)c(=O)c(C(=O)O)cn2[C@H](CO)C(C)C,8.154901959985743
O=C(O)c1cn(CCO)c2ccc(Oc3ccc(F)c(Cl)c3)cc2c1=O,4.060980223551334
O=C(O)c1cn(CCO)c2ccc(Oc3ccc(F)c(Cl)c3)cc2c1=O,4.0
COc1cc2c(cc1Cc1cccc(Cl)c1F)c(=O)c(C(=O)O)cn2[C@H](CO)C(C)C,7.301029995663981
COc1cc2c(cc1Cc1cccc(Cl)c1F)c(=O)c(C(=O)O)cn2[C@H](CO)C(C)C,8.698970004336019
CCn1cc(C(=O)O)c(=O)c2c1C(=O)C=CC2=O,4.359518563029578
CCn1cc(C(=O)O)c(=O)c2c1C(=O)C=C(Sc1ccccc1)C2=O,5.337242168318426
CCn1cc(C(=O)O)c(=O)c2c1C(=O)C=C(Nc1ccc(F)c(Cl)c1)C2=O,6.0
CCn1cc(C(=O)O)c(=O)c2c1C(=O)C=C(Nc1cccc(Cl)c1F)C2=O,5.013228265733755
O=C(O)c1cn(CCO)c2ccc(-c3ccncc3)cc2c1=O,4.110138278741812
O=C(O)c1cn(CCO)c2ccc(-c3ccccc3)cc2c1=O,4.0
CCn1cc(C(=O)O)c(=O)c2cc(Nc3cccc(Cl)c3F)ccc21,4.42021640338319
O=C(O)c1cn(CCO)c2ccc(Nc3cccc(Cl)c3F)cc2c1=O,4.0
O=C(Nc1ccc2c(c1)c(=O)c(C(=O)O)cn2CCO)c1ccccc1,4.0
O=C(Nc1ccccc1)c1ccc2c(c1)c(=O)c(C(=O)O)cn2CCO,4.0
O=C(O)c1cn(CCO)c2ccc(/C=C/c3ccccc3)cc2c1=O,4.1432711096171175
O=C(c1ccc2c(c1)c(=O)c(C(=O)O)cn2CCCCO)c1ccc(Cl)cc1Cl,4.260427655549908
O=C(c1ccc2c(c1)c(=O)c(C(=O)O)cn2CCCO)c1ccc(Cl)cc1Cl,4.131355561605174
O=C(c1ccc2c(c1)c(=O)c(C(=O)O)cn2CCO)c1ccc(Cl)cc1Cl,4.728158393463501
COCCn1cc(C(=O)O)c(=O)c2cc(Cc3ccc(Cl)cc3Cl)ccc21,5.251811972993799
CN(C)CCn1cc(C(=O)O)c(=O)c2cc(Cc3ccc(Cl)cc3Cl)ccc21,4.966576244513051
O=C(O)c1cn(CCCCO)c2ccc(Cc3ccc(Cl)cc3Cl)cc2c1=O,7.301029995663981
O=C(O)c1cn(CCCO)c2ccc(Cc3ccc(Cl)cc3Cl)cc2c1=O,6.045757490560675
O=C(O)c1cn(CCO)c2ccc(Cc3ccc(Cl)cc3Cl)cc2c1=O,7.154901959985743
O=C(O)c1cn(CCO)c2ccc(Sc3ccccc3)cc2c1=O,5.318758762624412
CCn1cc(C(=O)O)c(=O)c2c1C(=O)C=C(Nc1cccc(Cl)c1F)C2=O,4.0
O=C(O)c1cn(CCO)c2ccc(-c3ccncc3)cc2c1=O,4.0
CCn1cc(C(=O)O)c(=O)c2cc(Nc3cccc(Cl)c3F)ccc21,4.0
O=C(c1ccc2c(c1)c(=O)c(C(=O)O)cn2CCCCO)c1ccc(Cl)cc1Cl,4.0
O=C(c1ccc2c(c1)c(=O)c(C(=O)O)cn2CCCO)c1ccc(Cl)cc1Cl,4.0
O=C(c1ccc2c(c1)c(=O)c(C(=O)O)cn2CCO)c1ccc(Cl)cc1Cl,4.0
O=C(O)c1cn(CCCCO)c2ccc(Cc3ccc(Cl)cc3Cl)cc2c1=O,4.779891911959945
O=C(O)c1cn(CCO)c2ccc(Oc3ccc(F)c(Cl)c3)cc2c1=O,4.0
O=C(O)c1cn(CCO)c2ccc(Cc3cccc(Cl)c3F)cc2c1=O,7.616184634019569
CCn1cc(C(=O)O)c(=O)c2c1C(=O)C=CC2=O,4.231361898752385
CCn1cc(C(=O)O)c(=O)c2c1C(=O)C=C(Sc1ccccc1)C2=O,5.795880017344075
CCn1cc(C(=O)O)c(=O)c2c1C(=O)C=C(Nc1ccc(F)c(Cl)c1)C2=O,5.6777807052660805
CCn1cc(C(=O)O)c(=O)c2c1C(=O)C=C(Nc1cccc(Cl)c1F)C2=O,4.0
O=C(O)c1cn(CCO)c2ccc(-c3ccncc3)cc2c1=O,4.0
O=C(O)c1cn(CCO)c2ccc(-c3ccccc3)cc2c1=O,4.0
CCn1cc(C(=O)O)c(=O)c2cc(Nc3cccc(Cl)c3F)ccc21,4.0
O=C(O)c1cn(CCO)c2ccc(Nc3cccc(Cl)c3F)cc2c1=O,4.0
O=C(Nc1ccc2c(c1)c(=O)c(C(=O)O)cn2CCO)c1ccccc1,4.0
O=C(Nc1ccccc1)c1ccc2c(c1)c(=O)c(C(=O)O)cn2CCO,4.0
O=C(O)c1cn(CCO)c2ccc(/C=C/c3ccccc3)cc2c1=O,4.0
O=C(c1ccc2c(c1)c(=O)c(C(=O)O)cn2CCCCO)c1ccc(Cl)cc1Cl,4.0
O=C(c1ccc2c(c1)c(=O)c(C(=O)O)cn2CCCO)c1ccc(Cl)cc1Cl,4.0
O=C(c1ccc2c(c1)c(=O)c(C(=O)O)cn2CCO)c1ccc(Cl)cc1Cl,4.0
COCCn1cc(C(=O)O)c(=O)c2cc(Cc3ccc(Cl)cc3Cl)ccc21,4.782516055786093
CN(C)CCn1cc(C(=O)O)c(=O)c2cc(Cc3ccc(Cl)cc3Cl)ccc21,4.617982957425132
O=C(O)c1cn(CCCCO)c2ccc(Cc3ccc(Cl)cc3Cl)cc2c1=O,6.221848749616356
O=C(O)c1cn(CCCO)c2ccc(Cc3ccc(Cl)cc3Cl)cc2c1=O,5.886056647693163
O=C(O)c1cn(CCO)c2ccc(Cc3ccc(Cl)cc3Cl)cc2c1=O,6.698970004336019
O=C(O)c1cn(CCO)c2ccc(Sc3ccccc3)cc2c1=O,4.732828271596986
O=C(O)CCc1ccc(-c2ccc(Cl)cc2)n1CC(=O)O,4.0
O=C(O)Cc1cc(S(=O)(=O)c2ccc(Sc3ccc(C(=O)O)cc3)cc2)ccc1C(=O)O,4.0
O=C(O)CCN1C(=O)/C(=C2/C(=O)N(CC(=O)O)c3ccccc32)SC1=S,4.0
Cc1oc(C)c(C(=O)O)c1COc1ccccc1C(=O)O,4.0
O=C(O)CN1C(=O)/C(=C\c2ccc(-c3cccc(C(=O)O)c3)o2)SC1=S,4.0
O=C(O)Cn1c(CCCCc2nc3ccccc3n2CC(=O)O)nc2ccccc21,4.0
CCOC(=O)/C(O)=C/C(=O)c1cn(Cc2ccccc2F)c2cccc(OC)c12,6.42021640338319
CCOC(=O)/C(O)=C/C(=O)c1cn(Cc2cccc(F)c2)c2cccc(OC)c12,6.522878745280337
CCOC(=O)/C(O)=C/C(=O)c1cn(Cc2cccc(F)c2F)c2cccc(OC)c12,8.301029995663981
CCOC(=O)/C(O)=C/C(=O)c1cn(Cc2ccc(F)cc2F)c2cccc(OC)c12,6.958607314841775
CCOC(=O)/C(O)=C/C(=O)c1cn(Cc2cc(F)ccc2F)c2cccc(OC)c12,5.85078088734462
CCOC(=O)/C(O)=C/C(=O)c1cn(Cc2c(F)cccc2F)c2cccc(OC)c12,6.443697499232712
CCOC(=O)/C(O)=C/C(=O)c1cn(Cc2ccc(F)c(F)c2)c2cccc(OC)c12,4.577574323628795
CCOC(=O)/C(O)=C/C(=O)c1cn(Cc2cc(F)cc(F)c2)c2cccc(OC)c12,5.818156412055227
CCOC(=O)/C(O)=C/C(=O)c1cn(Cc2ccc(F)c(F)c2F)c2cccc(OC)c12,5.521433504406157
CCOC(=O)/C(O)=C/C(=O)c1cn(Cc2c(F)ccc(F)c2F)c2cccc(OC)c12,6.769551078621726
CCOC(=O)/C(O)=C/C(=O)c1cn(Cc2cc(F)c(F)c(F)c2)c2cccc(OC)c12,5.698970004336019
COc1cccc2c1c(C(=O)/C=C(\O)C(=O)O)cn2Cc1ccccc1F,7.154901959985743
COc1cccc2c1c(C(=O)/C=C(\O)C(=O)O)cn2Cc1cccc(F)c1,7.522878745280337
COc1cccc2c1c(C(=O)/C=C(\O)C(=O)O)cn2Cc1cccc(F)c1F,8.0
COc1cccc2c1c(C(=O)/C=C(\O)C(=O)O)cn2Cc1ccc(F)cc1F,8.0
COc1cccc2c1c(C(=O)/C=C(\O)C(=O)O)cn2Cc1cc(F)ccc1F,7.301029995663981
COc1cccc2c1c(C(=O)/C=C(\O)C(=O)O)cn2Cc1c(F)cccc1F,6.886056647693163
COc1cccc2c1c(C(=O)/C=C(\O)C(=O)O)cn2Cc1ccc(F)c(F)c1,6.376750709602099
COc1cccc2c1c(C(=O)/C=C(\O)C(=O)O)cn2Cc1cc(F)cc(F)c1,6.356547323513812
COc1cccc2c1c(C(=O)/C=C(\O)C(=O)O)cn2Cc1ccc(F)c(F)c1F,6.853871964321762
COc1cccc2c1c(C(=O)/C=C(\O)C(=O)O)cn2Cc1cc(F)c(F)c(F)c1,7.221848749616356
COc1cccc2c1c(C(=O)/C=C(\O)C(=O)O)cn2Cc1ccc(F)cc1,7.096910013008056
CCOC(=O)/C(O)=C/C(=O)c1cn(Cc2ccccc2F)c2cccc(OC)c12,6.142667503568732
CCOC(=O)/C(O)=C/C(=O)c1cn(Cc2cccc(F)c2)c2cccc(OC)c12,5.645891560852599
CCOC(=O)/C(O)=C/C(=O)c1cn(Cc2cccc(F)c2F)c2cccc(OC)c12,7.920818753952375
CCOC(=O)/C(O)=C/C(=O)c1cn(Cc2ccc(F)cc2F)c2cccc(OC)c12,6.173925197299173
CCOC(=O)/C(O)=C/C(=O)c1cn(Cc2cc(F)ccc2F)c2cccc(OC)c12,6.3979400086720375
CCOC(=O)/C(O)=C/C(=O)c1cn(Cc2c(F)cccc2F)c2cccc(OC)c12,7.154901959985743
CCOC(=O)/C(O)=C/C(=O)c1cn(Cc2ccc(F)c(F)c2)c2cccc(OC)c12,5.806875401645538
CCOC(=O)/C(O)=C/C(=O)c1cn(Cc2cc(F)cc(F)c2)c2cccc(OC)c12,5.562249437179612
CCOC(=O)/C(O)=C/C(=O)c1cn(Cc2ccc(F)c(F)c2F)c2cccc(OC)c12,5.939302159646388
CCOC(=O)/C(O)=C/C(=O)c1cn(Cc2c(F)ccc(F)c2F)c2cccc(OC)c12,6.086186147616283
CCOC(=O)/C(O)=C/C(=O)c1cn(Cc2cc(F)c(F)c(F)c2)c2cccc(OC)c12,5.85078088734462
COc1cccc2c1c(C(=O)/C=C(\O)C(=O)O)cn2Cc1ccccc1F,7.3979400086720375
COc1cccc2c1c(C(=O)/C=C(\O)C(=O)O)cn2Cc1cccc(F)c1,7.522878745280337
COc1cccc2c1c(C(=O)/C=C(\O)C(=O)O)cn2Cc1cccc(F)c1F,6.920818753952375
COc1cccc2c1c(C(=O)/C=C(\O)C(=O)O)cn2Cc1ccc(F)cc1F,7.698970004336019
COc1cccc2c1c(C(=O)/C=C(\O)C(=O)O)cn2Cc1cc(F)ccc1F,7.698970004336019
COc1cccc2c1c(C(=O)/C=C(\O)C(=O)O)cn2Cc1c(F)cccc1F,7.096910013008056
COc1cccc2c1c(C(=O)/C=C(\O)C(=O)O)cn2Cc1ccc(F)c(F)c1,6.221848749616356
COc1cccc2c1c(C(=O)/C=C(\O)C(=O)O)cn2Cc1cc(F)cc(F)c1,6.619788758288394
COc1cccc2c1c(C(=O)/C=C(\O)C(=O)O)cn2Cc1ccc(F)c(F)c1F,6.552841968657781
COc1cccc2c1c(C(=O)/C=C(\O)C(=O)O)cn2Cc1c(F)ccc(F)c1F,6.795880017344075
COc1cccc2c1c(C(=O)/C=C(\O)C(=O)O)cn2Cc1cc(F)c(F)c(F)c1,7.0
COc1cccc2c1c(C(=O)/C=C(\O)C(=O)O)cn2Cc1ccc(F)cc1,6.853871964321762
COc1cccc2c1c(C(=O)/C=C(\O)C(=O)O)cn2Cc1c(F)ccc(F)c1F,6.886056647693163
CC(C)Cn1c(=O)c(C(=O)Nc2ccccc2S(N)(=O)=O)c(O)c2ccccc21,4.3979400086720375
CCCCCn1c(=O)c(C(=O)Nc2cc([N+](=O)[O-])ccc2O)c(O)c2ccccc21,5.045757490560675
COc1ccc2c(c1)c(O)c(C(=O)O)c(=O)n2C,3.2365720064370627
Cn1c(=O)c(C(=O)O)c(O)c2cc(Cc3ccccc3)ccc21,4.346787486224656
Cn1c(=O)c(C(=O)O)c(O)c2cc(Cc3ccc(F)cc3)ccc21,4.638272163982407
Cn1c(=O)c(C(=O)O)c(O)c2cc(Oc3ccccc3)ccc21,4.468521082957745
CCCCCn1c(=O)c(C(=O)O)c(O)c2cc(Cc3ccc(F)cc3)ccc21,4.036212172654444
CCOC(=O)c1c(O)c2cc(OC)ccc2n(C)c1=O,3.0
CCOC(=O)c1c(O)c2cc(Cc3ccccc3)ccc2n(C)c1=O,3.560667306169737
CCOC(=O)c1c(O)c2cc(Cc3ccc(F)cc3)ccc2n(C)c1=O,3.0969100130080562
O=C(O)C(=O)CC(=O)c1cccn1Cc1ccc(F)cc1,4.823908740944319
CC(C)Cn1c(=O)c(C(=O)Nc2ccccc2S(N)(=O)=O)c(O)c2ccccc21,4.795880017344075
CCCCCn1c(=O)c(C(=O)Nc2cc([N+](=O)[O-])ccc2O)c(O)c2ccccc21,5.045757490560675
COc1ccc2c(c1)c(O)c(C(=O)O)c(=O)n2C,3.494850021680094
Cn1c(=O)c(C(=O)O)c(O)c2cc(Cc3ccccc3)ccc21,5.221848749616356
Cn1c(=O)c(C(=O)O)c(O)c2cc(Cc3ccc(F)cc3)ccc21,6.045757490560675
Cn1c(=O)c(C(=O)O)c(O)c2cc(Oc3ccccc3)ccc21,4.853871964321762
CCCCCn1c(=O)c(C(=O)O)c(O)c2cc(Cc3ccc(F)cc3)ccc21,5.301029995663981
CCOC(=O)c1c(O)c2cc(OC)ccc2n(C)c1=O,3.0
CCOC(=O)c1c(O)c2cc(Cc3ccccc3)ccc2n(C)c1=O,3.958607314841775
CCOC(=O)c1c(O)c2cc(Cc3ccc(F)cc3)ccc2n(C)c1=O,3.657577319177794
O=C(O)C(=O)CC(=O)c1cccn1Cc1ccc(F)cc1,6.267606240177032
Oc1c(-c2noc(-c3ccccc3)n2)ncc2cccnc12,4.0
Oc1c(-c2noc(Cc3ccccc3)n2)ncc2cccnc12,6.022276394711152
Oc1c(-c2noc(Cc3ccc(F)cc3)n2)ncc2cccnc12,6.886056647693163
Oc1c(-c2nnc(Cc3ccccc3)[nH]2)ncc2cccnc12,6.443697499232712
Oc1c(-c2nnc(Cc3ccc(F)cc3)[nH]2)ncc2cccnc12,6.886056647693163
Oc1c(-c2nnc(Cc3ccc(Cl)cc3)[nH]2)ncc2cccnc12,6.1938200260161125
Oc1c(-c2nnc(Cc3cccc(Cl)c3)[nH]2)ncc2cccnc12,5.987162775294828
COc1cccc(Cc2nnc(-c3ncc4cccnc4c3O)[nH]2)c1,5.552841968657781
COc1ccc(Cc2nnc(-c3ncc4cccnc4c3O)[nH]2)cc1OC,5.200659450546418
Oc1c(-c2nnc(CCc3ccccc3)[nH]2)ncc2cccnc12,5.619788758288394
Oc1c(-c2nnc(Cc3ccncc3)[nH]2)ncc2cccnc12,5.337242168318426
Oc1c(-c2nnc(Cc3cccnc3)[nH]2)ncc2cccnc12,5.455931955649724
Oc1c(-c2nnc(Cc3ccccc3)o2)ncc2cccnc12,6.886056647693163
Oc1c(-c2nnc(Cc3ccc(F)cc3)o2)ncc2cccnc12,7.376750709602099
Cn1nc(-c2ncc3cccnc3c2O)nc1Cc1ccc(F)cc1,5.102372908709558
Cn1nc(Cc2ccc(F)cc2)nc1-c1ncc2cccnc2c1O,3.3010299956639813
O=C(NCc1ccc(F)cc1)c1ncc2cccnc2c1O,7.920818753952375
O=S1(=O)CCCCN1c1nc(-c2noc(Cc3ccc(F)cc3)n2)c(O)c2ncccc12,4.0
O=S1(=O)CCCCN1c1nc(-c2nnc(Cc3ccc(F)cc3)[nH]2)c(O)c2ncccc12,7.958607314841775
O=S1(=O)CCCCN1c1nc(-c2nnc(Cc3ccc(F)cc3)o2)c(O)c2ncccc12,8.698970004336019
O=C(NCc1ccc(F)cc1)c1nc(N2CCCCS2(=O)=O)c2cccnc2c1O,7.886056647693163
O=C(O)/C(O)=C/C(=O)c1cccc(NC(=O)c2ccc(O)cc2)c1,4.0915149811213505
O=C(O)/C(O)=C/C(=O)c1cccc(NC(=O)c2ccc(O)cc2)c1,4.886056647693163
O=C(/C=C/c1ccc(O)cc1)Nc1cccc(C(=O)/C=C(\O)C(=O)O)c1,4.585026652029182
O=C(/C=C/c1ccc(O)cc1)Nc1cccc(C(=O)/C=C(\O)C(=O)O)c1,5.154901959985743
O=C(/C=C/c1ccc(F)cc1)Nc1cccc(C(=O)/C=C(\O)C(=O)O)c1,4.657577319177793
O=C(/C=C/c1ccc(F)cc1)Nc1cccc(C(=O)/C=C(\O)C(=O)O)c1,5.154901959985743
O=C(/C=C/c1ccc(Cl)cc1)Nc1cccc(C(=O)/C=C(\O)C(=O)O)c1,4.7447274948966935
O=C(/C=C/c1ccc(Cl)cc1)Nc1cccc(C(=O)/C=C(\O)C(=O)O)c1,5.3979400086720375
COc1ccc(/C=C/C(=O)Nc2cccc(C(=O)/C=C(\O)C(=O)O)c2)cc1,4.522878745280337
COc1ccc(/C=C/C(=O)Nc2cccc(C(=O)/C=C(\O)C(=O)O)c2)cc1,4.958607314841775
COc1cc(/C=C/C(=O)Nc2cccc(C(=O)/C=C(\O)C(=O)O)c2)ccc1O,4.376750709602099
COc1cc(/C=C/C(=O)Nc2cccc(C(=O)/C=C(\O)C(=O)O)c2)ccc1O,4.958607314841775
O=C(O)/C(O)=C/C(=O)c1cccc(NC(=O)c2ccccc2)c1,4.0
O=C(O)/C(O)=C/C(=O)c1cccc(NC(=O)c2ccccc2)c1,4.508638306165727
O=C(Cc1ccccc1)Nc1cccc(C(=O)/C=C(\O)C(=O)O)c1,4.251811972993799
O=C(Cc1ccccc1)Nc1cccc(C(=O)/C=C(\O)C(=O)O)c1,5.154901959985743
O=C(O)/C(O)=C/C(=O)c1cccc(NC(=O)c2ccco2)c1,4.0
O=C(O)/C(O)=C/C(=O)c1cccc(NC(=O)c2ccco2)c1,4.481486060122113
O=C(O)/C(O)=C/C(=O)c1cccc(NC(=O)c2ccccc2O)c1,4.3872161432802645
O=C(O)/C(O)=C/C(=O)c1cccc(NC(=O)c2ccccc2O)c1,4.958607314841775
O=C(O)/C(O)=C/C(=O)c1cccc(NC(=O)c2cc([N+](=O)[O-])cc([N+](=O)[O-])c2O)c1,5.096910013008056
O=C(O)/C(O)=C/C(=O)c1cccc(NC(=O)c2cc([N+](=O)[O-])cc([N+](=O)[O-])c2O)c1,5.698970004336019
Cc1cccc(C(=O)Nc2cccc(C(=O)/C=C(\O)C(=O)O)c2)c1O,4.318758762624412
Cc1cccc(C(=O)Nc2cccc(C(=O)/C=C(\O)C(=O)O)c2)c1O,5.0
COc1ccccc1C(=O)Nc1cccc(C(=O)/C=C(\O)C(=O)O)c1,4.136677139879544
COc1ccccc1C(=O)Nc1cccc(C(=O)/C=C(\O)C(=O)O)c1,4.886056647693163
COc1cccc(C(=O)Nc2cccc(C(=O)/C=C(\O)C(=O)O)c2)c1,4.161150909262744
COc1cccc(C(=O)Nc2cccc(C(=O)/C=C(\O)C(=O)O)c2)c1,4.920818753952375
COc1ccc(C(=O)Nc2cccc(C(=O)/C=C(\O)C(=O)O)c2)cc1,4.022276394711152
COc1ccc(C(=O)Nc2cccc(C(=O)/C=C(\O)C(=O)O)c2)cc1,4.721246399047171
O=C(O)/C(O)=C/C(=O)c1cccc(NC(=O)c2ccccc2Cl)c1,4.036212172654444
O=C(O)/C(O)=C/C(=O)c1cccc(NC(=O)c2ccccc2Cl)c1,4.7447274948966935
O=C(O)/C(O)=C/C(=O)c1cccc(NC(=O)c2cccc(Cl)c2)c1,4.2441251443275085
O=C(O)/C(O)=C/C(=O)c1cccc(NC(=O)c2cccc(Cl)c2)c1,4.823908740944319
O=C(NCc1cccn2c(=O)c(O)c(C(=O)NCc3ccc(F)cc3)nc12)c1ccccc1,7.619788758288394
CC(=O)N1CCN(Cc2cccn3c(=O)c(O)c(C(=O)NCc4ccc(F)cc4)nc23)CC1,6.732828271596986
O=C(NCc1ccc(F)cc1)c1nc2c(CN3CCOCC3)cccn2c(=O)c1O,6.769551078621726
Cc1cccn2c(=O)c(O)c(C(=O)NCc3ccc(F)cc3)nc12,8.045757490560675
O=C(Nc1cccn2c(=O)c(O)c(C(=O)NCc3ccc(F)cc3)nc12)c1ccccc1,7.7447274948966935
CN(C)c1cccn2c(=O)c(O)c(C(=O)NCc3ccc(F)cc3)nc12,7.154901959985743
CCNc1cccn2c(=O)c(O)c(C(=O)NCc3ccc(F)cc3)nc12,7.443697499232712
CNc1cccn2c(=O)c(O)c(C(=O)NCc3ccc(F)cc3)nc12,6.886056647693163
O=C(NCc1ccc(F)cc1)c1nc2ccccn2c(=O)c1O,7.657577319177793
CCN(C(=O)CN(C)C)c1cccn2c(=O)c(O)c(C(=O)NCc3ccc(F)cc3)nc12,6.732828271596986
CCN(C(=O)CN1CCOCC1)c1cccn2c(=O)c(O)c(C(=O)NCc3ccc(F)cc3)nc12,7.638272163982407
CCN(C(=O)c1ccncc1)c1cccn2c(=O)c(O)c(C(=O)NCc3ccc(F)cc3)nc12,7.301029995663981
CCN(C(=O)c1ccccn1)c1cccn2c(=O)c(O)c(C(=O)NCc3ccc(F)cc3)nc12,7.6777807052660805
CCN(C(=O)c1nnc(C)o1)c1cccn2c(=O)c(O)c(C(=O)NCc3ccc(F)cc3)nc12,7.301029995663981
CCN(C(=O)c1cscn1)c1cccn2c(=O)c(O)c(C(=O)NCc3ccc(F)cc3)nc12,7.6777807052660805
CCN(C(=O)c1ccno1)c1cccn2c(=O)c(O)c(C(=O)NCc3ccc(F)cc3)nc12,7.7447274948966935
CN(C)C(=O)C(=O)N(C)c1cccn2c(=O)c(O)c(C(=O)NCc3ccc(F)cc3)nc12,7.585026652029182
CCN(C(=O)C(=O)N(C)C)c1cccn2c(=O)c(O)c(C(=O)NCc3ccc(F)cc3)nc12,7.443697499232712
CCCN(C(=O)C(=O)N(C)C)c1cccn2c(=O)c(O)c(C(=O)NCc3ccc(F)cc3)nc12,7.7447274948966935
CC(C)N(C(=O)C(=O)N(C)C)c1cccn2c(=O)c(O)c(C(=O)NCc3ccc(F)cc3)nc12,7.6777807052660805
CCN(CC)C(=O)C(=O)N(CC)c1cccn2c(=O)c(O)c(C(=O)NCc3ccc(F)cc3)nc12,7.721246399047171
CCN(C(=O)C(=O)N1CCOCC1)c1cccn2c(=O)c(O)c(C(=O)NCc3ccc(F)cc3)nc12,7.6020599913279625
CCN(C(=O)C(=O)N1CCCC1)c1cccn2c(=O)c(O)c(C(=O)NCc3ccc(F)cc3)nc12,7.6777807052660805
CCN(C(=O)C(=O)N1CCN(C)CC1)c1cccn2c(=O)c(O)c(C(=O)NCc3ccc(F)cc3)nc12,7.6777807052660805
O=C(/C=C/c1ccc(O)c(O)c1)O[C@@H]1C[C@](O)(C(=O)O)C[C@@H](OC(=O)/C=C/c2ccc(O)c(O)c2)[C@H]1O,9.18045606445813
COC(=O)C(=O)O[C@]1(C(=O)O)C[C@@H](OC(=O)/C=C/c2ccc(O)c(O)c2)[C@H](O)[C@H](OC(=O)/C=C/c2ccc(O)c(O)c2)C1,9.244125144327509
Cc1cc(O)c(C=O)c2c1C(=O)Oc1c(COC(=O)/C=C/C(=O)O)c(O)c(C(=O)O)c(C)c1O2,5.309803919971486
Cc1cc(O)c(C=O)c2c1C(=O)Oc1c(COC(=O)/C=C/C(=O)O)c(O)c(C(=O)O)c(C)c1O2,5.337242168318426
CCCCCC[C@H]1OC(=O)C2=C1[C@@H](O)[C@@H]1O[C@@H]1[C@@H]2O,4.3872161432802645
O=C(OC[C@H]1O[C@@H](Oc2c(-c3ccc(O)c(O)c3)oc3cc(O)cc(O)c3c2=O)[C@H](OC(=O)c2cc(O)c(O)c(O)c2)[C@@H](O)[C@H]1O)c1cc(O)c(O)c(O)c1,7.616184634019569
O=C(OC[C@H]1O[C@@H](OC(=O)c2cc(O)c(O)c(O)c2)[C@H](OC(=O)c2cc(O)c(O)c(O)c2)[C@@H](OC(=O)c2cc(O)c(O)c(O)c2)[C@@H]1OC(=O)c1cc(O)c(O)c(O)c1)c1cc(O)c(O)c(O)c1,7.552841968657781
O=C(OC[C@H]1O[C@@H](OC(=O)c2cc(O)c(O)c(O)c2)[C@H](OC(=O)c2cc(O)c(O)c(O)c2)[C@@H](O)[C@@H]1O)c1cc(O)c(O)c(O)c1,7.548213564475709
COC(=O)c1cc(O)c(O)c(O)c1,7.54515513999149
O=C(O[C@H]1[C@H](Oc2c(-c3ccc(O)c(O)c3)oc3cc(O)cc(O)c3c2=O)O[C@H](CO)[C@H](O)[C@@H]1O)c1cc(O)c(O)c(O)c1,7.554395796726403
O=C(O[C@H]1[C@H](Oc2c(-c3ccc(O)c(O)c3)oc3cc(O)cc(O)c3c2=O)OC[C@H](O)[C@@H]1O)c1cc(O)c(O)c(O)c1,7.7423214251308154
O=c1c(O[C@@H]2OC[C@H](O)[C@H](O)[C@H]2O)c(-c2ccc(O)cc2)oc2cc(O)cc(O)c12,7.0
C[C@@H]1O[C@@H](Oc2c(-c3ccc(O)cc3)oc3cc(O)cc(O)c3c2=O)[C@H](O)[C@H](O)[C@H]1O,7.0
C[C@@H]1O[C@@H](Oc2c(-c3ccc(O)c(O)c3)oc3cc(O)cc(O)c3c2=O)[C@H](O)[C@H](O)[C@H]1O,7.123782159408358
O=c1c(O[C@@H]2O[C@H](CO)[C@H](O)[C@H](O)[C@H]2O)c(-c2ccc(O)c(O)c2)oc2cc(O)cc(O)c12,7.189767482004916
CN(C)C(C)(C)c1nc(C(=O)NCc2ccc(F)cc2)c(O)c(=O)n1C,6.638272163982407
Cc1nnc(C(=O)NC(C)(C)c2nc(C(=O)NCc3ccc(F)cc3)c(O)c(=O)n2C)[nH]1,8.397940008672037
Cc1nnc(C(=O)NC(C)(C)c2nc(C(=O)NCc3ccc(F)cc3)c(O)c(=O)n2C)o1,7.823908740944319
Cn1c(C(C)(C)NC(=O)c2c[nH]cn2)nc(C(=O)NCc2ccc(F)cc2)c(O)c1=O,8.221848749616356
Cn1c(C(C)(C)NC(=O)c2cscn2)nc(C(=O)NCc2ccc(F)cc2)c(O)c1=O,8.096910013008056
Cn1c(C(C)(C)NC(=O)c2cnco2)nc(C(=O)NCc2ccc(F)cc2)c(O)c1=O,8.154901959985743
Cn1c(C(C)(C)NC(=O)c2ncccn2)nc(C(=O)NCc2ccc(F)cc2)c(O)c1=O,8.154901959985743
Cn1c(C(C)(C)NC(=O)c2cccnn2)nc(C(=O)NCc2ccc(F)cc2)c(O)c1=O,7.823908740944319
Cn1c(C(C)(C)NC(=O)c2ccccn2)nc(C(=O)NCc2ccc(F)cc2)c(O)c1=O,7.698970004336019
CN(C)C(=O)C(=O)NC(C)(C)c1nc(C(=O)NCc2ccc(F)c(Cl)c2)c(O)c(=O)n1C,8.045757490560675
CN(C)C(=O)C(=O)NC(C)(C)c1nc(C(=O)NCc2ccc(F)cc2S(C)(=O)=O)c(O)c(=O)n1C,8.397940008672037
COc1cccc(CNC(=O)c2nc(C(C)(C)NC(=O)C(=O)N(C)C)n(C)c(=O)c2O)c1OC,7.6777807052660805
CNC(=O)c1nc(C(C)(C)NC(=O)C(=O)N(C)C)n(C)c(=O)c1O,5.301029995663981
CN1CCN(C(=O)C(=O)NC(C)(C)c2nc(C(=O)NCc3ccc(F)cc3)c(O)c(=O)n2C)CC1,7.585026652029182
Cn1c(C(C)(C)NC(=O)C(=O)N2CCOCC2)nc(C(=O)NCc2ccc(F)cc2)c(O)c1=O,7.698970004336019
CN(C)C(=O)C(=O)N(C)C(C)(C)c1nc(C(=O)NCc2ccc(F)cc2)c(O)c(=O)n1C,7.823908740944319
Cn1c(C(C)(C)NC(=O)C(=O)O)nc(C(=O)NCc2ccc(F)cc2)c(O)c1=O,8.397940008672037
COC(=O)C(=O)NC(C)(C)c1nc(C(=O)NCc2ccc(F)cc2)c(O)c(=O)n1C,7.823908740944319
CN(C)C(=O)C(=O)NC(C)(C)c1nc(C(=O)NCc2ccc(F)cc2)c(O)c(=O)n1C,8.0
CN(C)S(=O)(=O)NC(C)(C)c1nc(C(=O)NCc2ccc(F)cc2)c(O)c(=O)n1C,7.920818753952375
CN(C)C(=O)NC(C)(C)c1nc(C(=O)NCc2ccc(F)cc2)c(O)c(=O)n1C,7.7447274948966935
Cn1c(C(C)(C)NS(C)(=O)=O)nc(C(=O)NCc2ccc(F)cc2)c(O)c1=O,8.096910013008056
CC(=O)NC(C)(C)c1nc(C(=O)NCc2ccc(F)cc2)c(O)c(=O)n1C,8.154901959985743
CN(C)C1(c2nc(C(=O)NCc3ccc(F)cc3)c(O)c(=O)n2C)CCOCC1,8.698970004336019
Cn1c(C(C)(C)N2CCOCC2)nc(C(=O)NCc2ccc(F)cc2)c(O)c1=O,8.522878745280337
CN1CCOCC1c1nc(C(=O)NCc2ccc(F)cc2)c(O)c(=O)n1C,7.221848749616356
CN(C)C(C)(C)c1nc(O)c(O)c(C(=O)NCc2ccc(F)cc2)n1,7.301029995663981
C=C(CC[C@@H](C)[C@H]1CC=C2C3=C([C@@H](O)[C@H](OC(C)=O)[C@@]21C)[C@@]1(C)C[C@@H](O)[C@H](O)C(C)(C)[C@@H]1CC3)C(C)C,4.086186147616283
C=C(CC[C@@H](C)[C@H]1CC=C2C3=C([C@@H](O)[C@H](OC(C)=O)[C@@]21C)[C@@]1(C)C[C@@H](O)[C@H](OS(=O)(=O)O)C(C)(C)[C@@H]1CC3)C(C)C,5.3979400086720375
C=C(CC[C@@H](C)[C@H]1CC[C@H]2C3=C([C@@H](O)[C@H](OC(C)=O)[C@]12C)[C@@]1(C)C[C@@H](O)[C@H](OS(=O)(=O)O)C(C)(C)[C@@H]1CC3)C(C)C,5.301029995663981
CC(=O)O[C@H]1[C@H](O)C2=C(CC[C@H]3C(C)(C)[C@@H](OS(=O)(=O)O)[C@H](OC(=O)CCCCCCCCCCCCCCCO)C[C@]23C)C2=CC[C@H]([C@H](C)CCC3(C(C)(C)O)CO3)[C@]21C,5.301029995663981
CC(=O)O[C@H]1[C@H](O)C2=C(CC[C@H]3C(C)(C)[C@@H](OS(=O)(=O)O)[C@H](OC(=O)CCCCCCCCCCCCCCCO)C[C@]23C)[C@@H]2CC[C@H]([C@H](C)CCC3(C(C)(C)O)CO3)[C@]21C,5.251811972993799
C=C(CC[C@@H](C)[C@H]1CC=C2C3=C([C@@H](O)[C@H](OC(C)=O)[C@@]21C)[C@@]1(C)CC[C@H](OS(=O)(=O)O)C(C)(C)[C@@H]1CC3)C(C)C,5.508638306165727
C[C@H](CCC(O)C(C)(C)O)[C@H]1CC[C@@]2(C)C3=C(CC[C@]12C)[C@@]1(C)C[C@@H](OC(=O)CC(C)(O)CC(=O)O)C(=O)C(C)(C)[C@@H]1CC3,4.327902142064283
COC(=O)CC(C)(O)CC(=O)O[C@@H]1C[C@]2(C)C3=C(CC[C@H]2C(C)(C)C1=O)[C@]1(C)CC[C@H]([C@H](C)CCC(O)C(C)(C)O)[C@@]1(C)CC3,4.154901959985743
C[C@H](CCC(O)C(C)(C)O)[C@H]1CC[C@@]2(C)C3=C(CC[C@]12C)[C@@]1(C)C[C@@H](O)C(=O)C(C)(C)[C@@H]1CC3,4.167491087293763
C=C(CC[C@@H](C)[C@H]1C[C@H](OC)c2c3c(cc(C)c21)[C@@]1(C)C[C@@H](O)[C@H](O)C(C)(C)[C@@H]1CC3)C(C)C,4.301029995663981
C=C(CC[C@@H](C)[C@H]1C[C@@H](OC)c2c3c(cc(C)c21)[C@@]1(C)C[C@@H](O)[C@H](O)C(C)(C)[C@@H]1CC3)C(C)C,4.301029995663981
C=C(CC[C@@H](C)[C@H]1CC=C2C3=C(C(=O)[C@H](OC(C)=O)[C@@]21C)[C@@]1(C)C[C@@H](O)[C@H](O)C(C)(C)[C@@H]1CC3)C(C)C,4.1249387366083
C=C(CC[C@@H](C)[C@H]1CC(=O)C2=C3CC[C@H]4C(C)(C)[C@@H](O)[C@H](O)C[C@]4(C)C3=C[C@H](OC(C)=O)[C@@]21C)C(C)C,4.6020599913279625
C=C(CC[C@@H](C)[C@H]1CC=C2C3=C([C@@H](OC(C)=O)[C@H](OC(C)=O)[C@@]21C)[C@@]1(C)C[C@@H](OC(C)=O)[C@H](OC(C)=O)C(C)(C)[C@@H]1CC3)C(C)C,4.301029995663981
C=C(CC[C@@H](C)[C@H]1CC=C2C3=C([C@@H](O)[C@H](O)[C@@]21C)[C@@]1(C)C[C@@H](O)[C@H](O)C(C)(C)[C@@H]1CC3)C(C)C,4.318758762624412
C=C(CC[C@@H](C)[C@H]1CC=C2C3=C([C@@H](O)[C@H](OC(C)=O)[C@@]21C)[C@@]1(C)C[C@H]2OC(C)(C)O[C@@H]2C(C)(C)[C@@H]1CC3)C(C)C,4.301029995663981
C=C(CC[C@@H](C)[C@H]1CC=C2C3=C([C@@H](O)[C@H](OC(C)=O)[C@@]21C)[C@@]1(C)C[C@@H]2O[C@@H]2C(C)(C)[C@@H]1CC3)C(C)C,4.301029995663981
C=C(CC[C@@H](C)[C@H]1CC=C2C3=C([C@@H](O)[C@H](OC(C)=O)[C@@]21C)[C@@]1(C)C[C@@H](OC(=O)c2ccccc2)[C@H](OC(=O)c2ccccc2)C(C)(C)[C@@H]1CC3)C(C)C,4.161150909262744
C=C(CC[C@@H](C)[C@H]1CC=C2C3=C([C@@H](O)[C@H](OC(C)=O)[C@@]21C)[C@@]1(C)C[C@@H](O)[C@H](OC(=O)c2ccccc2)C(C)(C)[C@@H]1CC3)C(C)C,4.096910013008056
C=C(CC[C@@H](C)[C@H]1CC=C2C3=C([C@@H](O)[C@H](OC(C)=O)[C@@]21C)[C@@]1(C)C[C@@H](OC(=O)c2ccccc2)[C@H](O)C(C)(C)[C@@H]1CC3)C(C)C,4.096910013008056
C=C(CC[C@@H](C)[C@H]1CC=C2C3=C([C@@H](O)[C@H](OC(C)=O)[C@@]21C)[C@@]1(C)C[C@@H](OCOC)[C@H](OCOC)C(C)(C)[C@@H]1CC3)C(C)C,4.096910013008056
C=C(CC[C@@H](C)[C@H]1CC=C2C3=C([C@@H](O)[C@H](OC(C)=O)[C@@]21C)[C@@]1(C)C[C@@H](O)[C@H](OCOC)C(C)(C)[C@@H]1CC3)C(C)C,4.096910013008056
C=C(CC[C@@H](C)[C@H]1CC=C2C3=C([C@@H](O)[C@H](OC(C)=O)[C@@]21C)[C@@]1(C)C[C@@H](OCOC)[C@H](O)C(C)(C)[C@@H]1CC3)C(C)C,4.096910013008056
C=C(CC[C@@H](C)[C@H]1CC=C2C3=C([C@@H](O)[C@H](OC(C)=O)[C@@]21C)[C@@]1(C)C[C@@H](O)[C@H](OC(=O)CCC(=O)O)C(C)(C)[C@@H]1CC3)C(C)C,5.522878745280337
C=C(CC[C@@H](C)[C@H]1CC=C2C3=C([C@@H](O)[C@H](OC(C)=O)[C@@]21C)[C@@]1(C)C[C@@H](OC(=O)CCC(=O)O)[C@H](O)C(C)(C)[C@@H]1CC3)C(C)C,5.522878745280337
C=C(CC[C@@H](C)[C@H]1CC=C2C3=C([C@@H](O)[C@H](OC(C)=O)[C@@]21C)[C@@]1(C)C[C@@H](O)[C@H](OC(=O)CCC(=O)OC)C(C)(C)[C@@H]1CC3)C(C)C,4.301029995663981
C=C(CC[C@@H](C)[C@H]1CC=C2C3=C([C@@H](O)[C@H](OC(C)=O)[C@@]21C)[C@@]1(C)C[C@@H](OC(=O)CCC(=O)OC)[C@H](O)C(C)(C)[C@@H]1CC3)C(C)C,4.301029995663981
C=C(CC[C@@H](C)[C@H]1CC=C2C3=C([C@@H](O)[C@H](OC(C)=O)[C@@]21C)[C@@]1(C)C[C@@H](OC(=O)CCC(=O)NO)[C@H](O)C(C)(C)[C@@H]1CC3)C(C)C,5.096910013008056
C=C(CC[C@@H](C)[C@H]1CC=C2C3=C([C@@H](O)[C@H](OC(C)=O)[C@@]21C)[C@@]1(C)C[C@@H](OC(=O)CNC(=O)OC(C)(C)C)[C@H](OC(=O)CNC(=O)OC(C)(C)C)C(C)(C)[C@@H]1CC3)C(C)C,4.301029995663981
C=C(CC[C@@H](C)[C@H]1CC=C2C3=C([C@@H](O)[C@H](OC(C)=O)[C@@]21C)[C@@]1(C)C[C@@H](OC(=O)CNC(=O)OC(C)(C)C)[C@H](O)C(C)(C)[C@@H]1CC3)C(C)C,4.301029995663981
C=C(CC[C@@H](C)[C@H]1CC=C2C3=C([C@@H](O)[C@H](OC(C)=O)[C@@]21C)[C@@]1(C)C[C@@H](OC(=O)CNC(=O)OCC2c4ccccc4-c4ccccc42)[C@H](OC(=O)CNC(=O)OCC2c4ccccc4-c4ccccc42)C(C)(C)[C@@H]1CC3)C(C)C,4.301029995663981
C=C(CC[C@@H](C)[C@H]1CC=C2C3=C([C@@H](O)[C@H](OC(C)=O)[C@@]21C)[C@@]1(C)C[C@@H](OC(=O)CNC(=O)OCC2c4ccccc4-c4ccccc42)[C@H](O)C(C)(C)[C@@H]1CC3)C(C)C,4.301029995663981
C=C(CC[C@@H](C)[C@H]1CC=C2C3=C([C@@H](O)[C@H](OC(C)=O)[C@@]21C)[C@@]1(C)C[C@@H](OC(=O)CN)[C@H](OC(=O)CN)C(C)(C)[C@@H]1CC3)C(C)C.O=C(O)C(F)(F)F.O=C(O)C(F)(F)F,5.769551078621726
C=C(CC[C@@H](C)[C@H]1CC=C2C3=C([C@@H](O)[C@H](OC(C)=O)[C@@]21C)[C@@]1(C)C[C@@H](OC(=O)CN)[C@H](O)C(C)(C)[C@@H]1CC3)C(C)C.O=C(O)C(F)(F)F,4.638272163982407
C=C(CC[C@@H](C)[C@H]1CC=C2C3=C([C@@H](O)[C@H](OC(C)=O)[C@@]21C)[C@@]1(C)C[C@@H](O)[C@H](OC(=O)CN)C(C)(C)[C@@H]1CC3)C(C)C.O=C(O)C(F)(F)F,4.7447274948966935
C=C(CC[C@@H](C)[C@H]1CC=C2C3=C([C@@H](O)[C@H](OC(C)=O)[C@@]21C)[C@@]1(C)C[C@@H](O)[C@H](OS(=O)(=O)O)C(C)(C)[C@@H]1CC3)C(C)C,5.045757490560675
C=C(CC[C@@H](C)[C@H]1CC=C2C3=C([C@@H](O)[C@H](OC(C)=O)[C@@]21C)[C@@]1(C)C[C@@H](O)[C@H](O)C(C)(C)[C@@H]1CC3)C(C)C,4.0
C=C(CC[C@@H](C)[C@H]1CC[C@H]2C3=C([C@@H](O)[C@H](OC(C)=O)[C@]12C)[C@@]1(C)C[C@@H](O)[C@H](OS(=O)(=O)O)C(C)(C)[C@@H]1CC3)C(C)C,4.823908740944319
CC(=O)O[C@H]1[C@H](O)C2=C(CC[C@H]3C(C)(C)[C@@H](OS(=O)(=O)O)[C@H](OC(=O)CCCCCCCCCCCCCCCO)C[C@]23C)C2=CC[C@H]([C@H](C)CCC3(C(C)(C)O)CO3)[C@]21C,4.853871964321762
CC(=O)O[C@H]1[C@H](O)C2=C(CC[C@H]3C(C)(C)[C@@H](OS(=O)(=O)O)[C@H](OC(=O)CCCCCCCCCCCCCCCO)C[C@]23C)[C@@H]2CC[C@H]([C@H](C)CCC3(C(C)(C)O)CO3)[C@]21C,5.251811972993799
C=C(CC[C@@H](C)[C@H]1CC=C2C3=C([C@@H](O)[C@H](OC(C)=O)[C@@]21C)[C@@]1(C)CC[C@H](OS(=O)(=O)O)C(C)(C)[C@@H]1CC3)C(C)C,5.318758762624412
C[C@H](CCC(O)C(C)(C)O)[C@H]1CC[C@@]2(C)C3=C(CC[C@]12C)[C@@]1(C)C[C@@H](OC(=O)CC(C)(O)CC(=O)O)C(=O)C(C)(C)[C@@H]1CC3,4.070581074285707
COC(=O)CC(C)(O)CC(=O)O[C@@H]1C[C@]2(C)C3=C(CC[C@H]2C(C)(C)C1=O)[C@]1(C)CC[C@H]([C@H](C)CCC(O)C(C)(C)O)[C@@]1(C)CC3,4.0
C[C@H](CCC(O)C(C)(C)O)[C@H]1CC[C@@]2(C)C3=C(CC[C@]12C)[C@@]1(C)C[C@@H](O)C(=O)C(C)(C)[C@@H]1CC3,4.0
C=C(CC[C@@H](C)[C@H]1C[C@H](OC)c2c3c(cc(C)c21)[C@@]1(C)C[C@@H](O)[C@H](O)C(C)(C)[C@@H]1CC3)C(C)C,4.0
C=C(CC[C@@H](C)[C@H]1C[C@@H](OC)c2c3c(cc(C)c21)[C@@]1(C)C[C@@H](O)[C@H](O)C(C)(C)[C@@H]1CC3)C(C)C,4.0
C=C(CC[C@@H](C)[C@H]1CC=C2C3=C(C(=O)[C@H](OC(C)=O)[C@@]21C)[C@@]1(C)C[C@@H](O)[C@H](O)C(C)(C)[C@@H]1CC3)C(C)C,4.0
C=C(CC[C@@H](C)[C@H]1CC(=O)C2=C3CC[C@H]4C(C)(C)[C@@H](O)[C@H](O)C[C@]4(C)C3=C[C@H](OC(C)=O)[C@@]21C)C(C)C,4.3979400086720375
C=C(CC[C@@H](C)[C@H]1CC=C2C3=C([C@@H](OC(C)=O)[C@H](OC(C)=O)[C@@]21C)[C@@]1(C)C[C@@H](OC(C)=O)[C@H](OC(C)=O)C(C)(C)[C@@H]1CC3)C(C)C,4.301029995663981
C=C(CC[C@@H](C)[C@H]1CC=C2C3=C([C@@H](O)[C@H](O)[C@@]21C)[C@@]1(C)C[C@@H](O)[C@H](O)C(C)(C)[C@@H]1CC3)C(C)C,4.301029995663981
C=C(CC[C@@H](C)[C@H]1CC=C2C3=C([C@@H](O)[C@H](OC(C)=O)[C@@]21C)[C@@]1(C)C[C@H]2OC(C)(C)O[C@@H]2C(C)(C)[C@@H]1CC3)C(C)C,4.301029995663981
C=C(CC[C@@H](C)[C@H]1CC=C2C3=C([C@@H](O)[C@H](OC(C)=O)[C@@]21C)[C@@]1(C)C[C@@H]2O[C@@H]2C(C)(C)[C@@H]1CC3)C(C)C,4.301029995663981
C=C(CC[C@@H](C)[C@H]1CC=C2C3=C([C@@H](O)[C@H](OC(C)=O)[C@@]21C)[C@@]1(C)C[C@@H](OC(=O)c2ccccc2)[C@H](OC(=O)c2ccccc2)C(C)(C)[C@@H]1CC3)C(C)C,4.161150909262744
C=C(CC[C@@H](C)[C@H]1CC=C2C3=C([C@@H](O)[C@H](OC(C)=O)[C@@]21C)[C@@]1(C)C[C@@H](O)[C@H](OC(=O)c2ccccc2)C(C)(C)[C@@H]1CC3)C(C)C,4.096910013008056
C=C(CC[C@@H](C)[C@H]1CC=C2C3=C([C@@H](O)[C@H](OC(C)=O)[C@@]21C)[C@@]1(C)C[C@@H](OC(=O)c2ccccc2)[C@H](O)C(C)(C)[C@@H]1CC3)C(C)C,4.096910013008056
C=C(CC[C@@H](C)[C@H]1CC=C2C3=C([C@@H](O)[C@H](OC(C)=O)[C@@]21C)[C@@]1(C)C[C@@H](OCOC)[C@H](OCOC)C(C)(C)[C@@H]1CC3)C(C)C,4.096910013008056
C=C(CC[C@@H](C)[C@H]1CC=C2C3=C([C@@H](O)[C@H](OC(C)=O)[C@@]21C)[C@@]1(C)C[C@@H](O)[C@H](OCOC)C(C)(C)[C@@H]1CC3)C(C)C,4.096910013008056
C=C(CC[C@@H](C)[C@H]1CC=C2C3=C([C@@H](O)[C@H](OC(C)=O)[C@@]21C)[C@@]1(C)C[C@@H](OCOC)[C@H](O)C(C)(C)[C@@H]1CC3)C(C)C,4.096910013008056
C=C(CC[C@@H](C)[C@H]1CC=C2C3=C([C@@H](O)[C@H](OC(C)=O)[C@@]21C)[C@@]1(C)C[C@@H](O)[C@H](OC(=O)CCC(=O)O)C(C)(C)[C@@H]1CC3)C(C)C,4.920818753952375
C=C(CC[C@@H](C)[C@H]1CC=C2C3=C([C@@H](O)[C@H](OC(C)=O)[C@@]21C)[C@@]1(C)C[C@@H](OC(=O)CCC(=O)O)[C@H](O)C(C)(C)[C@@H]1CC3)C(C)C,4.920818753952375
C=C(CC[C@@H](C)[C@H]1CC=C2C3=C([C@@H](O)[C@H](OC(C)=O)[C@@]21C)[C@@]1(C)C[C@@H](O)[C@H](OC(=O)CCC(=O)OC)C(C)(C)[C@@H]1CC3)C(C)C,4.301029995663981
C=C(CC[C@@H](C)[C@H]1CC=C2C3=C([C@@H](O)[C@H](OC(C)=O)[C@@]21C)[C@@]1(C)C[C@@H](OC(=O)CCC(=O)OC)[C@H](O)C(C)(C)[C@@H]1CC3)C(C)C,4.301029995663981
C=C(CC[C@@H](C)[C@H]1CC=C2C3=C([C@@H](O)[C@H](OC(C)=O)[C@@]21C)[C@@]1(C)C[C@@H](OC(=O)CCC(=O)NO)[C@H](O)C(C)(C)[C@@H]1CC3)C(C)C,4.301029995663981
C=C(CC[C@@H](C)[C@H]1CC=C2C3=C([C@@H](O)[C@H](OC(C)=O)[C@@]21C)[C@@]1(C)C[C@@H](OC(=O)CNC(=O)OC(C)(C)C)[C@H](OC(=O)CNC(=O)OC(C)(C)C)C(C)(C)[C@@H]1CC3)C(C)C,4.301029995663981
C=C(CC[C@@H](C)[C@H]1CC=C2C3=C([C@@H](O)[C@H](OC(C)=O)[C@@]21C)[C@@]1(C)C[C@@H](OC(=O)CNC(=O)OC(C)(C)C)[C@H](O)C(C)(C)[C@@H]1CC3)C(C)C,4.301029995663981
C=C(CC[C@@H](C)[C@H]1CC=C2C3=C([C@@H](O)[C@H](OC(C)=O)[C@@]21C)[C@@]1(C)C[C@@H](OC(=O)CNC(=O)OCC2c4ccccc4-c4ccccc42)[C@H](OC(=O)CNC(=O)OCC2c4ccccc4-c4ccccc42)C(C)(C)[C@@H]1CC3)C(C)C,4.301029995663981
C=C(CC[C@@H](C)[C@H]1CC=C2C3=C([C@@H](O)[C@H](OC(C)=O)[C@@]21C)[C@@]1(C)C[C@@H](OC(=O)CNC(=O)OCC2c4ccccc4-c4ccccc42)[C@H](O)C(C)(C)[C@@H]1CC3)C(C)C,4.301029995663981
C=C(CC[C@@H](C)[C@H]1CC=C2C3=C([C@@H](O)[C@H](OC(C)=O)[C@@]21C)[C@@]1(C)C[C@@H](OC(=O)CN)[C@H](OC(=O)CN)C(C)(C)[C@@H]1CC3)C(C)C.O=C(O)C(F)(F)F.O=C(O)C(F)(F)F,4.939302159646388
C=C(CC[C@@H](C)[C@H]1CC=C2C3=C([C@@H](O)[C@H](OC(C)=O)[C@@]21C)[C@@]1(C)C[C@@H](OC(=O)CN)[C@H](O)C(C)(C)[C@@H]1CC3)C(C)C.O=C(O)C(F)(F)F,4.301029995663981
C=C(CC[C@@H](C)[C@H]1CC=C2C3=C([C@@H](O)[C@H](OC(C)=O)[C@@]21C)[C@@]1(C)C[C@@H](O)[C@H](OC(=O)CN)C(C)(C)[C@@H]1CC3)C(C)C.O=C(O)C(F)(F)F,4.301029995663981
C=C(CC[C@@H](C)[C@H]1CC=C2C3=C([C@@H](O)[C@H](OC(C)=O)[C@@]21C)[C@@]1(C)C[C@@H](O)[C@H](OS(=O)(=O)O)C(C)(C)[C@@H]1CC3)C(C)C,5.301029995663981
C=C(CC[C@@H](C)[C@H]1CC[C@H]2C3=C([C@@H](O)[C@H](OC(C)=O)[C@]12C)[C@@]1(C)C[C@@H](O)[C@H](OS(=O)(=O)O)C(C)(C)[C@@H]1CC3)C(C)C,5.301029995663981
CC(=O)O[C@H]1[C@H](O)C2=C(CC[C@H]3C(C)(C)[C@@H](OS(=O)(=O)O)[C@H](OC(=O)CCCCCCCCCCCCCCCO)C[C@]23C)C2=CC[C@H]([C@H](C)CCC3(C(C)(C)O)CO3)[C@]21C,5.0
CC(=O)O[C@H]1[C@H](O)C2=C(CC[C@H]3C(C)(C)[C@@H](OS(=O)(=O)O)[C@H](OC(=O)CCCCCCCCCCCCCCCO)C[C@]23C)[C@@H]2CC[C@H]([C@H](C)CCC3(C(C)(C)O)CO3)[C@]21C,5.698970004336019
C=C(CC[C@@H](C)[C@H]1CC=C2C3=C([C@@H](O)[C@H](OC(C)=O)[C@@]21C)[C@@]1(C)C[C@@H](O)[C@H](OC(=O)CCC(=O)O)C(C)(C)[C@@H]1CC3)C(C)C,5.301029995663981
C=C(CC[C@@H](C)[C@H]1CC[C@H]2C3=C([C@@H](O)[C@H](OC(C)=O)[C@]12C)[C@@]1(C)C[C@@H](O)[C@H](OS(=O)(=O)O)C(C)(C)[C@@H]1CC3)C(C)C,5.0
CC(=O)O[C@H]1[C@H](O)C2=C(CC[C@H]3C(C)(C)[C@@H](OS(=O)(=O)O)[C@H](OC(=O)CCCCCCCCCCCCCCCO)C[C@]23C)[C@@H]2CC[C@H]([C@H](C)CCC3(C(C)(C)O)CO3)[C@]21C,4.920818753952375
C=C(CC[C@@H](C)[C@H]1CC=C2C3=C([C@@H](O)[C@H](OC(C)=O)[C@@]21C)[C@@]1(C)C[C@@H](O)[C@H](OS(=O)(=O)O)C(C)(C)[C@@H]1CC3)C(C)C,4.301029995663981
C=C(CC[C@@H](C)[C@H]1CC[C@H]2C3=C([C@@H](O)[C@H](OC(C)=O)[C@]12C)[C@@]1(C)C[C@@H](O)[C@H](OS(=O)(=O)O)C(C)(C)[C@@H]1CC3)C(C)C,4.522878745280337
CC(=O)O[C@H]1[C@H](O)C2=C(CC[C@H]3C(C)(C)[C@@H](OS(=O)(=O)O)[C@H](OC(=O)CCCCCCCCCCCCCCCO)C[C@]23C)[C@@H]2CC[C@H]([C@H](C)CCC3(C(C)(C)O)CO3)[C@]21C,4.301029995663981
C=C(CC[C@@H](C)[C@H]1CC=C2C3=C([C@@H](O)[C@H](OC(C)=O)[C@@]21C)[C@@]1(C)C[C@@H](O)[C@H](OC(=O)CCC(=O)O)C(C)(C)[C@@H]1CC3)C(C)C,4.903089986991944
C=C(CC[C@@H](C)[C@H]1CC=C2C3=C([C@@H](O)[C@H](OC(C)=O)[C@@]21C)[C@@]1(C)C[C@@H](OC(=O)CCC(=O)O)[C@H](O)C(C)(C)[C@@H]1CC3)C(C)C,5.221848749616356
CCCC[C@@H](C)C1=C(O)C(=O)[C@@H]2C[C@H](C)C[C@H](C(=O)O)[C@H]2[C@]1(C)C(=O)CCO,4.698970004336019
CCCCCC[C@@H](C)C1=C(O)C(=O)[C@@H]2[C@H](O)[C@H](C)C[C@H](O)[C@H]2[C@]1(C)C(=O)/C=C\O,4.698970004336019
OCC(O)C#CC#CCCCCCCC#C/C=C/Br,7.301029995663981
OCC(O)C#CC#CCCCC/C=C/C#C/C=C/Br,7.301029995663981
OCC(O)C#CC#CCCCCC#CC#C/C=C/Br,7.301029995663981
OCC(O)C#CC#CCCCCCCCC/C=C/Br,7.301029995663981
OCC(O)C#CC#CCCCCCCC#C/C=C\Br,7.301029995663981
O=S(=O)(O)OCC(O)C#CC#CCCCCCCC#C/C=C/Br,7.522878745280337
O=S(=O)(O)OCCC#CC#CCCCCC#CC#C/C=C/Br,7.522878745280337
O=S(=O)(O)OCC(O)C#CC#CCCCCCCCC/C=C/Br,7.522878745280337
CN1CC(c2nc(C(=O)NCc3ccc(F)cc3)c(O)c3ncccc23)CC1=O,7.698970004336019
CCN1CC(c2nc(C(=O)NCc3ccc(F)cc3S(C)(=O)=O)c(O)c3ncccc23)CC1=O,7.585026652029182
CN1CC(c2nc(C(=O)NCc3ccc(F)cc3S(C)(=O)=O)c(O)c3ncccc23)CC1=O,6.910094888560602
CN(C)C(=O)CN1CC(c2nc(C(=O)NCc3ccc(F)cc3)c(O)c3ncccc23)CC1=O,7.481486060122112
O=C1CC(c2nc(C(=O)NCc3ccc(F)cc3)c(O)c3ncccc23)CN1,7.619788758288394
CC(C)N1CC(c2nc(C(=O)NCc3ccc(F)cc3)c(O)c3ncccc23)CC1=O,7.3979400086720375
CCN1CC(c2nc(C(=O)NCc3ccc(F)cc3)c(O)c3ncccc23)CC1=O,7.853871964321762
O=C(NCc1ccc(F)cc1)c1ncc2cccnc2c1O,7.481486060122112
CC[NH+](CC)CC.Cc1cc2c(c(=O)o1)C(/C=C/C=C1\O[B-](F)(F)Oc3cc(C)oc(=O)c31)=[O+][B-](F)(F)O2,4.886056647693163
CC[NH+](CC)CC.Cc1cc2c(c(=O)o1)C(/C=C/C=C1\O[B-](F)(F)Oc3cc(C)oc(=O)c31)=[O+][B-](F)(F)O2,5.154901959985743
COc1ccc(Br)cc1/C=C/C(=O)c1c(O)cc(/C=C/c2ccc(N(C)C)cc2)oc1=O,4.0
COc1ccc(Br)cc1/C=C/C1=[O+][B-](F)(F)Oc2cc(/C=C/c3ccc(N(C)C)cc3)oc(=O)c21,4.0
COc1ccc(/C=C/C(=O)c2c(O)cc(/C=C/c3ccc(N(C)C)cc3)oc2=O)cc1,4.0
COc1ccc(/C=C/C2=[O+][B-](F)(F)Oc3cc(/C=C/c4ccc(N(C)C)cc4)oc(=O)c32)cc1,4.0
CN(C)c1ccc(/C=C/C(=O)c2c(O)cc(/C=C/c3ccc(N(C)C)cc3)oc2=O)cc1,4.0
CN(C)c1ccc(/C=C/C2=[O+][B-](F)(F)Oc3cc(/C=C/c4ccc(N(C)C)cc4)oc(=O)c32)cc1,4.0
Cc1cc(O)c(C(=O)/C=C/C=C/c2ccc(N(C)C)cc2)c(=O)o1,4.0
Cc1cc2c(c(=O)o1)C(/C=C/C=C/c1ccc(N(C)C)cc1)=[O+][B-](F)(F)O2,4.0
Cc1cc(O)c(C(=O)/C=C/C=C2/N(C)c3ccccc3C2(C)C)c(=O)o1,4.0
Cc1cc2c(c(=O)o1)C(/C=C/C=C1/N(C)c3ccccc3C1(C)C)=[O+][B-](F)(F)O2,4.0
Cc1cc2c(c(=O)o1)C(/C=C/c1ccc(N(C)C)s1)=[O+][B-](F)(F)O2,4.0
Cc1cc(O)c(C(=O)/C=C/c2ccc(F)cc2)c(=O)o1,4.0
Cc1cc(O)c(C(=O)/C=C/c2ccc(Br)cc2)c(=O)o1,4.0
COc1ccc(/C=C/C=C/C(=O)c2c(O)cc(C)oc2=O)cc1,4.4089353929735005
COc1ccc(/C=C/C=C/C2=[O+][B-](F)(F)Oc3cc(C)oc(=O)c32)cc1,5.3979400086720375
Cc1cc(O)c(C(=O)/C=C/c2ccc(Br)s2)c(=O)o1,4.638272163982407
Cc1cc2c(c(=O)o1)C(/C=C/c1ccc(Br)s1)=[O+][B-](F)(F)O2,5.522878745280337
Cc1cc(O)c(C(=O)/C=C/c2ccc(N(C)C)s2)c(=O)o1,4.958607314841775
Cc1cc2c(c(=O)o1)C(/C=C/c1ccc(F)cc1)=[O+][B-](F)(F)O2,4.795880017344075
Cc1cc2c(c(=O)o1)C(/C=C/c1ccc(Br)cc1)=[O+][B-](F)(F)O2,5.3979400086720375
Cc1cc2c(c(=O)o1)C(/C=C/c1ccc(N(C)C)cc1)=[O+][B-](F)(F)O2,4.251811972993799
Cc1cc2c(c(=O)o1)C(/C=C/c1ccc(N(C)C)cc1)=[O+][B-](F)(F)O2,4.0
Cc1cc2c(c(=O)o1)C(/C=C/c1ccc(Br)cc1)=[O+][B-](F)(F)O2,4.920818753952375
Cc1cc(O)c(C(=O)/C=C/c2ccc(Br)cc2)c(=O)o1,4.0
Cc1cc2c(c(=O)o1)C(/C=C/c1ccc(F)cc1)=[O+][B-](F)(F)O2,5.045757490560675
Cc1cc(O)c(C(=O)/C=C/c2ccc(F)cc2)c(=O)o1,4.1938200260161125
Cc1cc2c(c(=O)o1)C(/C=C/c1ccc(N(C)C)s1)=[O+][B-](F)(F)O2,4.0
Cc1cc(O)c(C(=O)/C=C/c2ccc(N(C)C)s2)c(=O)o1,4.721246399047171
Cc1cc2c(c(=O)o1)C(/C=C/c1ccc(Br)s1)=[O+][B-](F)(F)O2,5.045757490560675
Cc1cc(O)c(C(=O)/C=C/c2ccc(Br)s2)c(=O)o1,4.187086643357144
Cc1cc2c(c(=O)o1)C(/C=C/C=C1/N(C)c3ccccc3C1(C)C)=[O+][B-](F)(F)O2,4.0
Cc1cc(O)c(C(=O)/C=C/C=C2/N(C)c3ccccc3C2(C)C)c(=O)o1,4.0
Cc1cc2c(c(=O)o1)C(/C=C/C=C/c1ccc(N(C)C)cc1)=[O+][B-](F)(F)O2,4.0
Cc1cc(O)c(C(=O)/C=C/C=C/c2ccc(N(C)C)cc2)c(=O)o1,4.0
COc1ccc(/C=C/C=C/C2=[O+][B-](F)(F)Oc3cc(C)oc(=O)c32)cc1,4.958607314841775
COc1ccc(/C=C/C=C/C(=O)c2c(O)cc(C)oc2=O)cc1,4.0
CN(C)c1ccc(/C=C/C2=[O+][B-](F)(F)Oc3cc(/C=C/c4ccc(N(C)C)cc4)oc(=O)c32)cc1,4.0
CN(C)c1ccc(/C=C/C(=O)c2c(O)cc(/C=C/c3ccc(N(C)C)cc3)oc2=O)cc1,4.0
COc1ccc(/C=C/C2=[O+][B-](F)(F)Oc3cc(/C=C/c4ccc(N(C)C)cc4)oc(=O)c32)cc1,4.0
COc1ccc(/C=C/C(=O)c2c(O)cc(/C=C/c3ccc(N(C)C)cc3)oc2=O)cc1,4.0
COc1ccc(Br)cc1/C=C/C1=[O+][B-](F)(F)Oc2cc(/C=C/c3ccc(N(C)C)cc3)oc(=O)c21,4.0
COc1ccc(Br)cc1/C=C/C(=O)c1c(O)cc(/C=C/c2ccc(N(C)C)cc2)oc1=O,4.0
O=C(O)/C=C/c1ccc(O)c(O)c1,4.0
COC(=O)/C=C/c1ccc(O)c(O)c1,4.0
CCOC(=O)/C=C/c1ccc(O)c(O)c1,4.0
CCCOC(=O)/C=C/c1ccc(O)c(O)c1,4.0
CC(C)OC(=O)/C=C/c1ccc(O)c(O)c1,4.0
C=CCOC(=O)/C=C/c1ccc(O)c(O)c1,4.0
C#CCOC(=O)/C=C/c1ccc(O)c(O)c1,4.0
CCCCOC(=O)/C=C/c1ccc(O)c(O)c1,4.0
CCC(C)OC(=O)/C=C/c1ccc(O)c(O)c1,4.0
CC(C)(C)OC(=O)/C=C/c1ccc(O)c(O)c1,4.0
CC(C)(COC(=O)/C=C/c1ccc(O)c(O)c1)[N+](=O)[O-],4.0
O=C(/C=C/c1ccc(O)c(O)c1)OC1CCCCC1,4.0
CCCCCCCOC(=O)/C=C/c1ccc(O)c(O)c1,4.0
CCCCCCCCOC(=O)/C=C/c1ccc(O)c(O)c1,4.0
CCCCCCC(C)OC(=O)/C=C/c1ccc(O)c(O)c1,4.0
CCCCCCCCCCCCCCCCCCOC(=O)/C=C/c1ccc(O)c(O)c1,4.0
O=C(/C=C/c1ccc(O)c(O)c1)Oc1ccccc1,4.0
O=C(/C=C/c1ccc(O)c(O)c1)OCc1ccccc1,4.0
O=C(/C=C/c1ccc(O)c(O)c1)OCCc1ccccc1,4.0
O=C(/C=C/c1ccc(O)c(O)c1)Oc1ccc2ccccc2c1,4.0
CC1(C)C2CCC1(C)C(OC(=O)/C=C/c1ccc(O)c(O)c1)C2,4.701146923590294
COc1cc(/C=C/C(=O)O)cc([N+](=O)[O-])c1O,4.0
COc1cc(/C=C/C(=O)OCCc2ccccc2)cc([N+](=O)[O-])c1O,4.0
COc1cc(/C=C/C(=O)OC2CC3CCC2(C)C3(C)C)cc([N+](=O)[O-])c1O,4.0
O=C(O)/C=C/c1cc(O)c(O)c([N+](=O)[O-])c1,4.5718652059712115
O=C(/C=C/c1cc(O)c(O)c([N+](=O)[O-])c1)OCCc1ccccc1,4.6020599913279625
CC1(C)C2CCC1(C)C(OC(=O)/C=C/c1cc(O)c(O)c([N+](=O)[O-])c1)C2,4.0
COc1cc(/C=C/C(=O)O)ccc1O,4.0
COc1cc(/C=C/C(=O)O)cc(Cl)c1O,4.0
COc1cc(/C=C/C(=O)OCCc2ccccc2)cc(Cl)c1O,4.0
COc1cc(/C=C/C(=O)OC2CC3CCC2(C)C3(C)C)cc(Cl)c1O,4.0
COc1cc(/C=C/C(=O)O)cc(Br)c1O,4.0
COc1cc(/C=C/C(=O)OCCc2ccccc2)cc(Br)c1O,4.0
COc1cc(/C=C/C(=O)OC2CC3CCC2(C)C3(C)C)cc(Br)c1O,4.0
COc1c(O)ccc(/C=C/C(=O)O)c1[N+](=O)[O-],4.0
COc1c(O)ccc(/C=C/C(=O)OCCc2ccccc2)c1[N+](=O)[O-],4.0
COc1c(O)ccc(/C=C/C(=O)OC2CC3CCC2(C)C3(C)C)c1[N+](=O)[O-],4.0
O=C(O)/C=C/c1ccc(O)c(O)c1[N+](=O)[O-],4.0
O=C(/C=C/c1ccc(O)c(O)c1[N+](=O)[O-])OCCc1ccccc1,4.0
CC1(C)C2CCC1(C)C(OC(=O)/C=C/c1ccc(O)c(O)c1[N+](=O)[O-])C2,4.8696662315049934
COc1ccc(-c2c3c4cc(OC)c(OS(=O)(=O)O)cc4oc(=O)c3n3ccc4cc(OC)c(OC)cc4c23)cc1O,4.795880017344075
COc1ccc(-c2c3c4cc(OC)c(OS(=O)(=O)O)cc4oc(=O)c3n3ccc4cc(OC)c(OC)cc4c23)cc1O,4.657577319177793
COc1cc(C(=O)O)ccc1O[C@@H]1O[C@H](COC(=O)/C=C/c2cc(OC)c(O)c(OC)c2)[C@@H](O)[C@H](O)[C@H]1O,7.0
O=C(O)C1=CO[C@@H](O[C@@H]2O[C@H](CO)[C@@H](O)[C@H](O)[C@H]2O)[C@@H]2C(CO)=CC[C@H]12,7.0
COC(=O)C1=CO[C@@H](O[C@@H]2O[C@H](CO)[C@@H](O)[C@H](O)[C@H]2O)[C@@H]2C(CO)=CC[C@H]12,7.0
COC(=O)[C@]1(O)C[C@@H](O)[C@@H](OC(=O)/C=C/c2cc(OC)c(O)c(OC)c2)[C@H](OC(=O)/C=C/c2ccc(O)c(O)c2)C1,7.712198270069774
COc1cc(/C=C/C(=O)CC(=O)/C=C/c2ccc(O)c(OC)c2)ccc1O,7.289882634888183
O=C(/C=C/c1ccc(O)c(O)c1)O[C@@H](C(=O)O)[C@@H](OC(=O)/C=C/c1ccc(O)c(O)c1)C(=O)O,8.130768280269024
O=C(/C=C/c1ccc(O)c(O)c1)O[C@H]1[C@H](O)C[C@](O)(C(=O)O)C[C@H]1OC(=O)/C=C/c1ccc(O)c(O)c1,8.267606240177031
O=C(/C=C/c1ccc(O)c(O)c1)O[C@@H]1C[C@](O)(C(=O)O)C[C@@H](OC(=O)/C=C/c2ccc(O)c(O)c2)[C@H]1O,8.229147988357855
CCOC(=O)[C@]1(O)C[C@@H](O)[C@@H](O)[C@H](OC(=O)/C=C/c2ccc(O)c(O)c2)C1,7.351639989019068
COC(=O)[C@]1(O)C[C@@H](OC(=O)/C=C/c2ccc(O)c(O)c2)[C@@H](OC(=O)C(C)(O)CC(=O)O)[C@H](OC(=O)/C=C/c2ccc(O)c(O)c2)C1,7.696803942579511
CCOC(=O)[C@@]1(O)C[C@@H](OC(=O)/C=C/c2ccc(O)c(O)c2)[C@H](O)[C@H](OC(=O)/C=C/c2cc(OC)c(O)c(OC)c2)C1,7.324221658325915
COC(=O)[C@@]1(O)C[C@@H](OC(=O)/C=C/c2ccc(O)c(O)c2)[C@H](O)[C@H](OC(=O)/C=C/c2cc(OC)c(O)c(OC)c2)C1,7.627087997029894
CCOC(=O)[C@]1(O)C[C@@H](O)[C@@H](OC(=O)/C=C/c2cc(OC)c(O)c(OC)c2)[C@H](OC(=O)/C=C/c2ccc(O)c(O)c2)C1,7.361510743045363
CCOC(=O)/C(O)=C/C(=O)c1cn(Cc2ccc(F)cc2)c2ccccc2c1=O,6.173925197299173
CCOC(=O)/C(O)=C/C(=O)c1cn(Cc2ccc(F)cc2)c2ccccc2c1=O,6.356547323513812
CCOC(=O)/C(O)=C/C(=O)c1cn(Cc2ccc(F)cc2)c2ccccc2c1=O,3.869666231504994
CCOC(=O)/C(O)=C/C(=O)c1cn(Cc2ccc(F)cc2)c2ccc(F)cc2c1=O,6.236572006437063
CCOC(=O)/C(O)=C/C(=O)c1cn(Cc2ccc(F)cc2)c2ccc(F)cc2c1=O,6.638272163982407
CCOC(=O)/C(O)=C/C(=O)c1cn(Cc2ccc(F)cc2)c2ccc(F)cc2c1=O,3.4775557664936803
O=C(O)/C(O)=C/C(=O)c1ccc2c(c1)c(=O)c(C(=O)/C=C(\O)C(=O)O)cn2Cc1ccc(F)cc1,7.795880017344075
O=C(c1cc(Cc2ccccc2)cc(CN2CCCS2(=O)=O)c1)c1ncc2cccnc2c1O,8.0
O=C(O)C(=O)CC(=O)c1cccn1Cc1ccc(F)cc1,7.301029995663981
O=C(/C=C(\O)c1nnn[nH]1)c1c[nH]c2ccc(Cl)cc12,5.6777807052660805
O=C(O)/C(O)=C/C(=O)c1c[nH]c2cc(Cl)ccc2c1=O,4.431798275933005
O=C(O)/C(O)=C/C(=O)c1c[nH]c2ccc(Cl)cc2c1=O,3.9546770212133424
CCOC(=O)/C(O)=C/C(=O)c1c[nH]c2cc(Cl)ccc2c1=O,3.9546770212133424
CCOC(=O)/C(O)=C/C(=O)c1c[nH]c2ccc(Cl)cc2c1=O,5.481486060122113
O=C(O)/C(O)=C/C(=O)c1cn(Cc2ccc(F)cc2)c2cc(N3CCCC3)ccc2c1=O,7.552841968657781
O=C(O)/C(O)=C/C(=O)c1cn(Cc2ccc(F)cc2)c2cc(Cl)c(Cl)cc2c1=O,7.481486060122112
O=C(O)/C(O)=C/C(=O)c1cn(Cc2ccc(F)cc2)c2c(Cl)cccc2c1=O,6.638272163982407
O=C(O)/C(O)=C/C(=O)c1cn(Cc2ccc(F)cc2)c2cc(Cl)ccc2c1=O,7.721246399047171
O=C(O)/C(O)=C/C(=O)c1cn(Cc2ccc(F)cc2)c2ccc(Cl)cc2c1=O,7.552841968657781
O=C(O)/C(O)=C/C(=O)c1cn(Cc2ccc(F)cc2)c2c(F)cccc2c1=O,7.7447274948966935
O=C(O)/C(O)=C/C(=O)c1cn(Cc2ccc(F)cc2)c2cc(F)ccc2c1=O,7.698970004336019
O=C(O)/C(O)=C/C(=O)c1cn(Cc2ccc(F)cc2)c2ccc(F)cc2c1=O,6.522878745280337
O=C(O)/C(O)=C/C(=O)c1cn(Cc2ccc(F)cc2)c2ccccc2c1=O,7.3979400086720375
CCOC(=O)/C(O)=C/C(=O)c1cn(Cc2ccc(F)cc2)c2cc(N3CCCC3)ccc2c1=O,5.638272163982407
CCOC(=O)/C(O)=C/C(=O)c1cn(Cc2ccc(F)cc2)c2cc(Cl)c(Cl)cc2c1=O,5.4089353929735005
CCOC(=O)/C(O)=C/C(=O)c1cn(Cc2ccc(F)cc2)c2c(Cl)cccc2c1=O,4.494850021680094
CCOC(=O)/C(O)=C/C(=O)c1cn(Cc2ccc(F)cc2)c2cc(Cl)ccc2c1=O,4.853871964321762
CCOC(=O)/C(O)=C/C(=O)c1cn(Cc2ccc(F)cc2)c2ccc(Cl)cc2c1=O,4.6777807052660805
CCOC(=O)/C(O)=C/C(=O)c1cn(Cc2ccc(F)cc2)c2c(F)cccc2c1=O,4.585026652029182
CCOC(=O)/C(O)=C/C(=O)c1cn(Cc2ccc(F)cc2)c2cc(F)ccc2c1=O,5.886056647693163
O=C(O)/C(O)=C/C(=O)c1ccc2c(c1)c(=O)c(C(=O)/C=C(\O)C(=O)O)cn2Cc1ccc(F)cc1,7.769551078621726
O=C(O)/C(O)=C/C(=O)c1c[nH]c2cc(Cl)ccc2c1=O,4.769551078621726
O=C(O)/C(O)=C/C(=O)c1c[nH]c2ccc(Cl)cc2c1=O,4.251811972993799
CCOC(=O)/C(O)=C/C(=O)c1c[nH]c2cc(Cl)ccc2c1=O,3.6497519816658373
CCOC(=O)/C(O)=C/C(=O)c1c[nH]c2ccc(Cl)cc2c1=O,5.6777807052660805
O=C(O)/C(O)=C/C(=O)c1cn(Cc2ccc(F)cc2)c2cc(N3CCCC3)ccc2c1=O,6.7447274948966935
O=C(O)/C(O)=C/C(=O)c1cn(Cc2ccc(F)cc2)c2cc(Cl)c(Cl)cc2c1=O,7.1249387366083
O=C(O)/C(O)=C/C(=O)c1cn(Cc2ccc(F)cc2)c2c(Cl)cccc2c1=O,6.292429823902063
O=C(O)/C(O)=C/C(=O)c1cn(Cc2ccc(F)cc2)c2cc(Cl)ccc2c1=O,6.958607314841775
O=C(O)/C(O)=C/C(=O)c1cn(Cc2ccc(F)cc2)c2ccc(Cl)cc2c1=O,6.3979400086720375
O=C(O)/C(O)=C/C(=O)c1cn(Cc2ccc(F)cc2)c2c(F)cccc2c1=O,6.795880017344075
O=C(O)/C(O)=C/C(=O)c1cn(Cc2ccc(F)cc2)c2cc(F)ccc2c1=O,7.301029995663981
O=C(O)/C(O)=C/C(=O)c1cn(Cc2ccc(F)cc2)c2ccc(F)cc2c1=O,5.638272163982407
O=C(O)/C(O)=C/C(=O)c1cn(Cc2ccc(F)cc2)c2ccccc2c1=O,7.221848749616356
CCOC(=O)/C(O)=C/C(=O)c1cn(Cc2ccc(F)cc2)c2cc(N3CCCC3)ccc2c1=O,5.568636235841013
CCOC(=O)/C(O)=C/C(=O)c1cn(Cc2ccc(F)cc2)c2cc(Cl)c(Cl)cc2c1=O,5.7447274948966935
CCOC(=O)/C(O)=C/C(=O)c1cn(Cc2ccc(F)cc2)c2c(Cl)cccc2c1=O,5.2839966563652006
CCOC(=O)/C(O)=C/C(=O)c1cn(Cc2ccc(F)cc2)c2cc(Cl)ccc2c1=O,5.443697499232712
CCOC(=O)/C(O)=C/C(=O)c1cn(Cc2ccc(F)cc2)c2ccc(Cl)cc2c1=O,5.522878745280337
CCOC(=O)/C(O)=C/C(=O)c1cn(Cc2ccc(F)cc2)c2c(F)cccc2c1=O,5.2839966563652006
CCOC(=O)/C(O)=C/C(=O)c1cn(Cc2ccc(F)cc2)c2cc(F)ccc2c1=O,5.920818753952375
O=C(O)/C(O)=C/C(=O)c1c[nH]c2cc(Cl)ccc2c1=O,3.4775557664936803
CCOC(=O)/C(O)=C/C(=O)c1c[nH]c2cc(Cl)ccc2c1=O,3.4775557664936803
CCOC(=O)/C(O)=C/C(=O)c1cn(Cc2ccc(F)cc2)c2c(Cl)cccc2c1=O,3.4775557664936803
CCOC(=O)/C(O)=C/C(=O)c1cn(Cc2ccc(F)cc2)c2cc(Cl)ccc2c1=O,3.4775557664936803
CCOC(=O)/C(O)=C/C(=O)c1cn(Cc2ccc(F)cc2)c2ccc(Cl)cc2c1=O,3.4775557664936803
CCOC(=O)/C(O)=C/C(=O)c1cn(Cc2ccc(F)cc2)c2c(F)cccc2c1=O,3.4775557664936803
CCOC(=O)/C(O)=C/C(=O)c1cn(Cc2ccc(F)cc2)c2cc(F)ccc2c1=O,3.4775557664936803
O=C(O)/C(O)=C/C(=O)c1ccc2c(c1)c(=O)c(C(=O)/C=C(\O)C(=O)O)cn2Cc1ccc(F)cc1,6.356547323513812
O=C(O)/C(O)=C/C(=O)c1c[nH]c2ccc(Cl)cc2c1=O,3.779891911959945
CCOC(=O)/C(O)=C/C(=O)c1c[nH]c2ccc(Cl)cc2c1=O,3.9208187539523753
O=C(O)/C(O)=C/C(=O)c1cn(Cc2ccc(F)cc2)c2cc(N3CCCC3)ccc2c1=O,4.853871964321762
O=C(O)/C(O)=C/C(=O)c1cn(Cc2ccc(F)cc2)c2cc(Cl)c(Cl)cc2c1=O,4.958607314841775
O=C(O)/C(O)=C/C(=O)c1cn(Cc2ccc(F)cc2)c2c(Cl)cccc2c1=O,4.356547323513812
O=C(O)/C(O)=C/C(=O)c1cn(Cc2ccc(F)cc2)c2cc(Cl)ccc2c1=O,5.3979400086720375
O=C(O)/C(O)=C/C(=O)c1cn(Cc2ccc(F)cc2)c2ccc(Cl)cc2c1=O,5.1938200260161125
O=C(O)/C(O)=C/C(=O)c1cn(Cc2ccc(F)cc2)c2c(F)cccc2c1=O,4.795880017344075
O=C(O)/C(O)=C/C(=O)c1cn(Cc2ccc(F)cc2)c2cc(F)ccc2c1=O,5.356547323513812
O=C(O)/C(O)=C/C(=O)c1cn(Cc2ccc(F)cc2)c2ccc(F)cc2c1=O,5.638272163982407
O=C(O)/C(O)=C/C(=O)c1cn(Cc2ccc(F)cc2)c2ccccc2c1=O,4.853871964321762
CCOC(=O)/C(O)=C/C(=O)c1cn(Cc2ccc(F)cc2)c2cc(N3CCCC3)ccc2c1=O,3.958607314841775
CCOC(=O)/C(O)=C/C(=O)c1cn(Cc2ccc(F)cc2)c2cc(Cl)c(Cl)cc2c1=O,3.869666231504994
Cc1nn(Cc2ccc(F)cc2)c(=O)c2c(O)c3n(c12)[C@@H](C)CN(C(C)C)C3=O,8.0
CC(C)N1C[C@H](C)n2c(c(O)c3c(=O)n(Cc4ccc(F)cc4)ncc32)C1=O,8.0
COC(=O)/C(O)=C/C(=O)c1cccc(OCc2ccccc2)c1,4.0
COC(=O)/C(O)=C/C(=O)c1cccc(OCc2ccccc2)c1,4.853871964321762
O=C(O)/C(O)=C/C(=O)c1ccccc1,4.0
CCCCCC12CCC(C(=O)Nc3cccc(C(=O)CC(=O)C(=O)O)c3)(CC1)CC2,4.0
O=C(O)/C(O)=C/C(=O)c1ccc([N+](=O)[O-])cc1,4.0
COc1cccc(C(=O)CC(=O)C(=O)N2CCN(C(=O)C(=O)CC(=O)c3cccc(OC)c3)CC2)c1,4.0
COc1cccc(C(=O)CC(=O)C(=O)NC2CCN(C(=O)C(=O)CC(=O)c3cccc(OC)c3)CC2)c1,4.0
COc1cccc(C(=O)CC(=O)C(=O)NC2CCC(NC(=O)C(=O)CC(=O)c3cccc(OC)c3)CC2)c1,4.0
COc1cccc(C(=O)/C=C(\O)C(=O)O)c1,4.0
O=C(CC(=O)c1ccc(C(F)(F)F)cc1)C(=O)N1CCN(C(=O)C(=O)CC(=O)c2ccc(C(F)(F)F)cc2)CC1,4.0
O=C(CC(=O)c1ccc(C(F)(F)F)cc1)C(=O)NC1CCC(NC(=O)C(=O)CC(=O)c2ccc(C(F)(F)F)cc2)CC1,4.0
O=C(O)/C(O)=C/C(=O)c1ccc(C(F)(F)F)cc1,4.0
O=C(CC(=O)c1ccccc1Cl)C(=O)N1CCN(C(=O)C(=O)CC(=O)c2ccccc2Cl)CC1,4.0
O=C(CC(=O)c1ccccc1Cl)C(=O)NC1CCN(C(=O)C(=O)CC(=O)c2ccccc2Cl)CC1,4.00436480540245
O=C(CC(=O)c1ccccc1Cl)C(=O)NC1CCC(NC(=O)C(=O)CC(=O)c2ccccc2Cl)CC1,4.036212172654444
O=C(O)/C(O)=C/C(=O)c1ccccc1Cl,4.0
Cc1cc(C(=O)/C=C(\O)C(=O)O)ccc1Cl,4.026872146400302
COC(=O)/C(O)=C/C(=O)c1cccc(N(Cc2ccccc2)Cc2ccccc2)c1,4.0
COC(=O)/C(O)=C/C(=O)c1cccc(Cc2ccccc2F)c1,4.585026652029182
COC(=O)/C(O)=C/C(=O)c1cccc(NC(=O)OCc2ccccc2)c1,4.00436480540245
CC(C)(C)OC(=O)N1CCC(NC(=O)/C(O)=C/C(=O)c2ccc(F)cc2)CC1,4.0
O=C(CC(=O)c1ccc(F)cc1)C(=O)N1CCN(C(=O)C(=O)CC(=O)c2ccc(F)cc2)CC1,4.0
O=C(CC(=O)c1ccc(F)cc1)C(=O)NC1CCN(C(=O)C(=O)CC(=O)c2ccc(F)cc2)CC1,4.0
O=C(CC(=O)c1ccc(F)cc1)C(=O)NC1CCC(NC(=O)C(=O)CC(=O)c2ccc(F)cc2)CC1,4.0
COC(=O)/C(O)=C/C(=O)c1ccc(F)cc1,4.0
O=C(CC(=O)c1ccccc1F)C(=O)NC1CCC(NC(=O)C(=O)CC(=O)c2ccccc2F)CC1,4.0
O=C(O)/C(O)=C/C(=O)c1ccccc1F,4.0
COC(=O)/C(O)=C/C(=O)c1ccccc1F,4.0
COc1ccc(C(=O)/C=C(\O)C(=O)O)cc1OCc1ccccc1,4.259637310505756
COC(=O)/C(O)=C/C(=O)c1ccc(OC)c(OCc2ccccc2)c1,4.0
O=C(CC(=O)c1cccc(OCc2ccccc2)c1)C(=O)OC1CCN(C(=O)C(=O)CC(=O)c2cccc(OCc3ccccc3)c2)CC1,4.040958607678906
O=C(CC(=O)c1cccc(OCc2ccccc2)c1)C(=O)N1CCN(C(=O)C(=O)CC(=O)c2cccc(OCc3ccccc3)c2)CC1,4.251811972993799
O=C(CC(=O)c1cccc(OCc2ccccc2)c1)C(=O)NC1CCN(C(=O)C(=O)CC(=O)c2cccc(OCc3ccccc3)c2)CC1,4.638272163982407
O=C(CC(=O)c1cccc(OCc2ccccc2)c1)C(=O)NC1CCC(NC(=O)C(=O)CC(=O)c2cccc(OCc3ccccc3)c2)CC1,4.0
O=C(O)/C(O)=C/C(=O)c1cccc(OCc2ccccc2)c1,4.721246399047171
O=C(O)/C(O)=C/C(=O)c1ccccc1,4.616184634019569
CCCCCC12CCC(C(=O)Nc3cccc(C(=O)CC(=O)C(=O)O)c3)(CC1)CC2,4.853871964321762
O=C(O)/C(O)=C/C(=O)c1ccc([N+](=O)[O-])cc1,4.346787486224656
COc1cccc(C(=O)CC(=O)C(=O)N2CCN(C(=O)C(=O)CC(=O)c3cccc(OC)c3)CC2)c1,4.585026652029182
COc1cccc(C(=O)CC(=O)C(=O)NC2CCN(C(=O)C(=O)CC(=O)c3cccc(OC)c3)CC2)c1,4.275724130399211
COc1cccc(C(=O)CC(=O)C(=O)NC2CCC(NC(=O)C(=O)CC(=O)c3cccc(OC)c3)CC2)c1,4.585026652029182
COc1cccc(C(=O)/C=C(\O)C(=O)O)c1,4.568636235841013
O=C(CC(=O)c1ccc(C(F)(F)F)cc1)C(=O)N1CCN(C(=O)C(=O)CC(=O)c2ccc(C(F)(F)F)cc2)CC1,4.6020599913279625
O=C(CC(=O)c1ccc(C(F)(F)F)cc1)C(=O)NC1CCC(NC(=O)C(=O)CC(=O)c2ccc(C(F)(F)F)cc2)CC1,4.3872161432802645
O=C(O)/C(O)=C/C(=O)c1ccc(C(F)(F)F)cc1,4.481486060122113
O=C(CC(=O)c1ccccc1Cl)C(=O)N1CCN(C(=O)C(=O)CC(=O)c2ccccc2Cl)CC1,4.0
O=C(CC(=O)c1ccccc1Cl)C(=O)NC1CCN(C(=O)C(=O)CC(=O)c2ccccc2Cl)CC1,4.508638306165727
O=C(CC(=O)c1ccccc1Cl)C(=O)NC1CCC(NC(=O)C(=O)CC(=O)c2ccccc2Cl)CC1,4.522878745280337
O=C(O)/C(O)=C/C(=O)c1ccccc1Cl,4.769551078621726
Cc1cc(C(=O)/C=C(\O)C(=O)O)ccc1Cl,5.327902142064283
COC(=O)/C(O)=C/C(=O)c1cccc(N(Cc2ccccc2)Cc2ccccc2)c1,4.0
COC(=O)/C(O)=C/C(=O)c1cccc(Cc2ccccc2F)c1,6.221848749616356
COC(=O)/C(O)=C/C(=O)c1cccc(NC(=O)OCc2ccccc2)c1,5.154901959985743
CC(C)(C)OC(=O)N1CCC(NC(=O)/C(O)=C/C(=O)c2ccc(F)cc2)CC1,4.0
O=C(CC(=O)c1ccc(F)cc1)C(=O)N1CCN(C(=O)C(=O)CC(=O)c2ccc(F)cc2)CC1,4.5376020021010435
O=C(CC(=O)c1ccc(F)cc1)C(=O)NC1CCN(C(=O)C(=O)CC(=O)c2ccc(F)cc2)CC1,4.055517327849831
O=C(CC(=O)c1ccc(F)cc1)C(=O)NC1CCC(NC(=O)C(=O)CC(=O)c2ccc(F)cc2)CC1,4.449771646944906
COC(=O)/C(O)=C/C(=O)c1ccc(F)cc1,4.0
O=C(CC(=O)c1ccccc1F)C(=O)NC1CCC(NC(=O)C(=O)CC(=O)c2ccccc2F)CC1,4.259637310505756
O=C(O)/C(O)=C/C(=O)c1ccccc1F,4.236572006437063
COC(=O)/C(O)=C/C(=O)c1ccccc1F,4.0
COc1ccc(C(=O)/C=C(\O)C(=O)O)cc1OCc1ccccc1,6.3979400086720375
COC(=O)/C(O)=C/C(=O)c1ccc(OC)c(OCc2ccccc2)c1,4.795880017344075
O=C(CC(=O)c1cccc(OCc2ccccc2)c1)C(=O)OC1CCN(C(=O)C(=O)CC(=O)c2cccc(OCc3ccccc3)c2)CC1,5.522878745280337
O=C(CC(=O)c1cccc(OCc2ccccc2)c1)C(=O)N1CCN(C(=O)C(=O)CC(=O)c2cccc(OCc3ccccc3)c2)CC1,5.7447274948966935
O=C(CC(=O)c1cccc(OCc2ccccc2)c1)C(=O)NC1CCN(C(=O)C(=O)CC(=O)c2cccc(OCc3ccccc3)c2)CC1,6.3979400086720375
O=C(CC(=O)c1cccc(OCc2ccccc2)c1)C(=O)NC1CCC(NC(=O)C(=O)CC(=O)c2cccc(OCc3ccccc3)c2)CC1,5.154901959985743
O=C(O)/C(O)=C/C(=O)c1cccc(OCc2ccccc2)c1,6.3979400086720375
O=C(NCc1ccc(F)cc1)C1=C(O)C(=O)N(Cc2ccccc2)C1,7.0
O=C(NCc1ccc(F)cc1)C1=C(O)C(=O)N2CCCCC12,7.7447274948966935
O=C(NCc1ccc(F)cc1)C1=C(O)C(=O)N(CCN2CCOCC2)C1C(=O)NCc1ccc(F)cc1,6.0
CN1C(=O)C(O)=C(C(=O)NCc2ccc(F)cc2)C1c1ccccc1,6.0
O=C(NCc1ccc(F)cc1)C1=C(O)C(=O)N(CCN2CCCCC2)C1,6.0
O=C(NCc1ccc(F)cc1)C1=C(O)C(=O)N(Cc2ccccn2)C1,7.026872146400302
O=C(NCc1ccc(F)cc1)C1=C(O)C(=O)N(CCCc2ccccc2)C1,8.301029995663981
COc1ccccc1CCN1CC(C(=O)NCc2ccc(F)cc2)=C(O)C1=O,8.397940008672037
Cc1cccc(CN2CC(C(=O)NCc3ccc(F)cc3)=C(O)C2=O)c1,8.221848749616356
O=C1Cc2ccccc2C(=O)N1O,5.199282921717615
O=C1Cc2ccc([N+](=O)[O-])cc2C(=O)N1O,5.070581074285707
O=C1Cc2ccc(Cl)cc2C(=O)N1O,6.096910013008056
O=C1Cc2ccc(Br)cc2C(=O)N1O,6.236572006437063
O=C1Cc2ccc(I)cc2C(=O)N1O,5.913640169325252
O=C1Cc2ccc(O)cc2C(=O)N1O,5.653647025549361
CC(=O)Nc1ccc2c(c1)C(=O)N(O)C(=O)C2,6.229147988357855
CCCCC(=O)Nc1ccc2c(c1)C(=O)N(O)C(=O)C2,4.72584215073632
O=C(Nc1ccc2c(c1)C(=O)N(O)C(=O)C2)c1ccccc1,5.906578314837765
O=C(Nc1ccc2c(c1)C(=O)N(O)C(=O)C2)c1ccc(F)cc1,6.3872161432802645
O=C(Nc1ccc2c(c1)C(=O)N(O)C(=O)C2)c1cccc([N+](=O)[O-])c1,5.050609993355087
O=C(Cc1ccccc1)Nc1ccc2c(c1)C(=O)N(O)C(=O)C2,7.045757490560675
O=C(Cc1ccc(F)cc1)Nc1ccc2c(c1)C(=O)N(O)C(=O)C2,6.886056647693163
O=C1Cc2ccc(-c3ccc(F)cc3)cc2C(=O)N1O,5.8326826652518236
O=C1Cc2ccc(-c3ccc(C(F)(F)F)cc3)cc2C(=O)N1O,5.7447274948966935
O=C1Cc2ccc(-c3ccccc3)cc2C(=O)N1O,5.761953896871205
O=C1Cc2ccc(-c3ccc(O)cc3)cc2C(=O)N1O,5.266000713461613
O=C1Cc2ccc(-c3ccc(O)c(O)c3)cc2C(=O)N1O,6.251811972993799
Cc1nnc(C(=O)NC(C)(C)c2nc(C(=O)NCc3ccc(F)cc3)c(O)c(=O)n2C)o1,8.045757490560675
COc1cc2c(cc1Cc1cccc(Cl)c1F)c(=O)c(C(=O)O)cn2[C@H](CO)C(C)C,8.397940008672037
O=C(NCc1ccc(F)cc1)c1nc(N2CCCCS2(=O)=O)c2cccnc2c1O,9.301029995663981
O=C1Cc2ccc(Br)cc2C(=O)N1O,5.853871964321762
O=C(Cc1ccccc1)Nc1ccc2c(c1)C(=O)N(O)C(=O)C2,5.108462542327436
O=C(Cc1ccc(F)cc1)Nc1ccc2c(c1)C(=O)N(O)C(=O)C2,6.1249387366083
Cc1nnc(C(=O)NC(C)(C)c2nc(C(=O)NCc3ccc(F)cc3)c(O)c(=O)n2C)o1,6.045757490560675
COc1cc2c(cc1Cc1cccc(Cl)c1F)c(=O)c(C(=O)O)cn2[C@H](CO)C(C)C,7.301029995663981
O=C(NCc1ccc(F)cc1)c1nc(N2CCCCS2(=O)=O)c2cccnc2c1O,6.920818753952375
O=C1Cc2ccc(Br)cc2C(=O)N1O,6.045757490560675
O=C(Cc1ccccc1)Nc1ccc2c(c1)C(=O)N(O)C(=O)C2,7.0
O=C(Cc1ccc(F)cc1)Nc1ccc2c(c1)C(=O)N(O)C(=O)C2,7.698970004336019
Cc1nnc(C(=O)NC(C)(C)c2nc(C(=O)NCc3ccc(F)cc3)c(O)c(=O)n2C)o1,8.154901959985743
COc1cc2c(cc1Cc1cccc(Cl)c1F)c(=O)c(C(=O)O)cn2[C@H](CO)C(C)C,8.154901959985743
O=C(NCc1ccc(F)cc1)c1nc(N2CCCCS2(=O)=O)c2cccnc2c1O,8.602059991327963
COc1c2c(c(O)c3ncc(Cc4ccc(F)cc4)cc13)C(=O)N(C)C2,7.0
COc1c2c(c(O)c3ncc(Cc4ccc(F)cc4)cc13)C(=O)NC2,7.853871964321762
COc1c2c(c(O)c3ncc(Cc4ccc(F)cc4)cc13)C(=O)N(Cc1ccc(F)cc1)C2,6.221848749616356
CN1Cc2c(c(O)c3ncc(Cc4ccc(F)cc4)cc3c2N(C)S(C)(=O)=O)C1=O,7.096910013008056
CN1Cc2c(c(O)c3ncc(Cc4ccc(F)c(Cl)c4)cc3c2N(C)S(C)(=O)=O)C1=O,6.576754126063192
O=C(/C=C/c1ccc(O)c(O)c1)O[C@@H](C(=O)O)[C@@H](OC(=O)/C=C/c1ccc(O)c(O)c1)C(=O)O,6.698970004336019
O=C(/C=C/c1ccc(O)c(O)c1)O[C@H](C(=O)O)[C@H](OC(=O)/C=C/c1ccc(O)c(O)c1)C(=O)O,6.522878745280337
O=C(O)C(O)C(O)(Cc1ccc(O)c(O)c1)C(=O)O,6.6020599913279625
O=C(O)C(O)C(O)(Cc1ccc(O)c(O)c1)C(=O)O,4.769551078621726
Cc1cc2c(cc1Cl)SC(C(=O)c1ccccc1)=NS2(=O)=O,4.920818753952375
COc1ccc(C(=O)C2=NS(=O)(=O)c3cc(C)c(Cl)cc3S2)cc1,4.522878745280337
Cc1cc2c(cc1Cl)SC(C(=O)c1ccc(Br)cc1)=NS2(=O)=O,4.522878745280337
Cc1cc2c(cc1Cl)SC(C(=O)c1ccc(Cl)cc1)=NS2(=O)=O,4.522878745280337
Cc1cc2c(cc1Cl)SC(C(=O)c1cccc([N+](=O)[O-])c1)=NS2(=O)=O,4.2441251443275085
Cc1cc2c(cc1Cl)SC(C(=O)c1ccc(Cl)c(Cl)c1)=NS2(=O)=O,4.823908740944319
Cc1cc2c(cc1Cl)SC(C(=O)c1ccc3ccccc3c1)=NS2(=O)=O,4.552841968657781
Cc1cc(Cl)cc2c1S(=O)(=O)N=C(C(=O)c1ccc(Cl)cc1)S2,4.657577319177793
Cc1cc(Cl)cc2c1S(=O)(=O)N=C(C(=O)c1ccc(Cl)c(Cl)c1)S2,4.769551078621726
Cc1cc(Cl)cc2c1S(=O)(=O)N=C(C(=O)c1ccc3ccccc3c1)S2,4.657577319177793
O=C(C1=NS(=O)(=O)c2ccc(Cl)cc2S1)c1ccc(Cl)cc1,4.0
O=C(C1=NS(=O)(=O)c2ccc(Cl)cc2S1)c1ccc(Cl)c(Cl)c1,4.213248577854439
O=C(C1=NS(=O)(=O)c2ccc(Cl)cc2S1)c1ccc2ccccc2c1,5.096910013008056
Cc1cc2c(cc1Cl)SC(C(=O)c1ccccc1)NS2(=O)=O,5.154901959985743
COc1ccc(C(=O)C2NS(=O)(=O)c3cc(C)c(Cl)cc3S2)cc1,4.42021640338319
Cc1cc2c(cc1Cl)SC(C(=O)c1ccc(Br)cc1)NS2(=O)=O,5.3979400086720375
Cc1cc2c(cc1Cl)SC(C(=O)c1ccc(Cl)cc1)NS2(=O)=O,5.221848749616356
Cc1cc2c(cc1Cl)SC(C(=O)c1cccc([N+](=O)[O-])c1)NS2(=O)=O,4.494850021680094
Cc1cc2c(cc1Cl)SC(C(=O)c1ccc(Cl)c(Cl)c1)NS2(=O)=O,4.698970004336019
Cc1cc2c(cc1Cl)SC(C(=O)c1ccc3ccccc3c1)NS2(=O)=O,4.2441251443275085
Cc1cc(Cl)cc2c1S(=O)(=O)NC(C(=O)c1ccc(Cl)cc1)S2,4.638272163982407
Cc1cc(Cl)cc2c1S(=O)(=O)NC(C(=O)c1ccc(Cl)c(Cl)c1)S2,4.698970004336019
Cc1cc(Cl)cc2c1S(=O)(=O)NC(C(=O)c1ccc3ccccc3c1)S2,5.045757490560675
O=C(c1ccc(Cl)cc1)C1NS(=O)(=O)c2ccc(Cl)cc2S1,5.096910013008056
O=C(c1ccc(Cl)c(Cl)c1)C1NS(=O)(=O)c2ccc(Cl)cc2S1,5.045757490560675
O=C(c1ccc2ccccc2c1)C1NS(=O)(=O)c2ccc(Cl)cc2S1,5.096910013008056
O=C(c1ccc(Cl)c(Cl)c1)C1NS(=O)(=O)c2ccccc2S1,4.657577319177793
Cc1cc2c(cc1Cl)SC(C(=O)c1ccccc1)=NS2(=O)=O,4.920818753952375
COc1ccc(C(=O)C2=NS(=O)(=O)c3cc(C)c(Cl)cc3S2)cc1,4.481486060122113
Cc1cc2c(cc1Cl)SC(C(=O)c1ccc(Br)cc1)=NS2(=O)=O,4.522878745280337
Cc1cc2c(cc1Cl)SC(C(=O)c1ccc(Cl)cc1)=NS2(=O)=O,4.187086643357144
Cc1cc2c(cc1Cl)SC(C(=O)c1cccc([N+](=O)[O-])c1)=NS2(=O)=O,4.301029995663981
Cc1cc2c(cc1Cl)SC(C(=O)c1ccc(Cl)c(Cl)c1)=NS2(=O)=O,5.154901959985743
Cc1cc2c(cc1Cl)SC(C(=O)c1ccc3ccccc3c1)=NS2(=O)=O,5.522878745280337
Cc1cc(Cl)cc2c1S(=O)(=O)N=C(C(=O)c1ccc(Cl)cc1)S2,4.6020599913279625
Cc1cc(Cl)cc2c1S(=O)(=O)N=C(C(=O)c1ccc(Cl)c(Cl)c1)S2,4.6020599913279625
Cc1cc(Cl)cc2c1S(=O)(=O)N=C(C(=O)c1ccc3ccccc3c1)S2,5.154901959985743
O=C(C1=NS(=O)(=O)c2ccc(Cl)cc2S1)c1ccc(Cl)cc1,4.045757490560675
O=C(C1=NS(=O)(=O)c2ccc(Cl)cc2S1)c1ccc(Cl)c(Cl)c1,3.906578314837765
O=C(C1=NS(=O)(=O)c2ccc(Cl)cc2S1)c1ccc2ccccc2c1,5.096910013008056
Cc1cc2c(cc1Cl)SC(C(=O)c1ccccc1)NS2(=O)=O,5.301029995663981
COc1ccc(C(=O)C2NS(=O)(=O)c3cc(C)c(Cl)cc3S2)cc1,4.769551078621726
Cc1cc2c(cc1Cl)SC(C(=O)c1ccc(Br)cc1)NS2(=O)=O,5.522878745280337
Cc1cc2c(cc1Cl)SC(C(=O)c1ccc(Cl)cc1)NS2(=O)=O,5.3979400086720375
Cc1cc2c(cc1Cl)SC(C(=O)c1cccc([N+](=O)[O-])c1)NS2(=O)=O,4.552841968657781
Cc1cc2c(cc1Cl)SC(C(=O)c1ccc(Cl)c(Cl)c1)NS2(=O)=O,5.0
Cc1cc2c(cc1Cl)SC(C(=O)c1ccc3ccccc3c1)NS2(=O)=O,4.522878745280337
Cc1cc(Cl)cc2c1S(=O)(=O)NC(C(=O)c1ccc(Cl)cc1)S2,4.853871964321762
Cc1cc(Cl)cc2c1S(=O)(=O)NC(C(=O)c1ccc(Cl)c(Cl)c1)S2,4.853871964321762
Cc1cc(Cl)cc2c1S(=O)(=O)NC(C(=O)c1ccc3ccccc3c1)S2,5.221848749616356
O=C(c1ccc(Cl)cc1)C1NS(=O)(=O)c2ccc(Cl)cc2S1,5.3979400086720375
O=C(c1ccc(Cl)c(Cl)c1)C1NS(=O)(=O)c2ccc(Cl)cc2S1,5.301029995663981
O=C(c1ccc2ccccc2c1)C1NS(=O)(=O)c2ccc(Cl)cc2S1,5.522878745280337
O=C(c1ccc(Cl)c(Cl)c1)C1NS(=O)(=O)c2ccccc2S1,4.823908740944319
Cc1cc2c(cc1Cl)SC(C(=O)c1ccccc1)=NS2(=O)=O,4.045757490560675
Cc1cc2c(cc1Cl)SC(C(=O)c1ccc(Cl)cc1)=NS2(=O)=O,4.045757490560675
Cc1cc(Cl)cc2c1S(=O)(=O)N=C(C(=O)c1ccc3ccccc3c1)S2,4.154901959985743
O=C(C1=NS(=O)(=O)c2ccc(Cl)cc2S1)c1ccc(Cl)cc1,4.0
O=C(C1=NS(=O)(=O)c2ccc(Cl)cc2S1)c1ccc(Cl)c(Cl)c1,4.045757490560675
O=C(C1=NS(=O)(=O)c2ccc(Cl)cc2S1)c1ccc2ccccc2c1,4.0
Cc1cc2c(cc1Cl)SC(C(=O)c1ccccc1)NS2(=O)=O,4.045757490560675
Cc1cc2c(cc1Cl)SC(C(=O)c1ccc(Cl)cc1)NS2(=O)=O,4.045757490560675
Cc1cc(Cl)cc2c1S(=O)(=O)NC(C(=O)c1ccc3ccccc3c1)S2,4.154901959985743
O=C(c1ccc(Cl)cc1)C1NS(=O)(=O)c2ccc(Cl)cc2S1,4.0
O=C(c1ccc(Cl)c(Cl)c1)C1NS(=O)(=O)c2ccc(Cl)cc2S1,4.045757490560675
O=C(c1ccc2ccccc2c1)C1NS(=O)(=O)c2ccc(Cl)cc2S1,4.0
Cc1cc2c(cc1Cl)SC(C(=O)c1ccccc1)=NS2(=O)=O,4.7447274948966935
Cc1cc2c(cc1Cl)SC(C(=O)c1ccc(Cl)cc1)=NS2(=O)=O,4.698970004336019
Cc1cc(Cl)cc2c1S(=O)(=O)N=C(C(=O)c1ccc3ccccc3c1)S2,4.638272163982407
O=C(C1=NS(=O)(=O)c2ccc(Cl)cc2S1)c1ccc(Cl)cc1,4.698970004336019
O=C(C1=NS(=O)(=O)c2ccc(Cl)cc2S1)c1ccc(Cl)c(Cl)c1,4.698970004336019
O=C(C1=NS(=O)(=O)c2ccc(Cl)cc2S1)c1ccc2ccccc2c1,4.823908740944319
Cc1cc2c(cc1Cl)SC(C(=O)c1ccccc1)NS2(=O)=O,4.7447274948966935
Cc1cc2c(cc1Cl)SC(C(=O)c1ccc(Cl)cc1)NS2(=O)=O,4.698970004336019
Cc1cc(Cl)cc2c1S(=O)(=O)NC(C(=O)c1ccc3ccccc3c1)S2,4.638272163982407
O=C(c1ccc(Cl)cc1)C1NS(=O)(=O)c2ccc(Cl)cc2S1,4.698970004336019
O=C(c1ccc(Cl)c(Cl)c1)C1NS(=O)(=O)c2ccc(Cl)cc2S1,4.698970004336019
O=C(c1ccc2ccccc2c1)C1NS(=O)(=O)c2ccc(Cl)cc2S1,4.823908740944319
Cc1cc2c(cc1Cl)SC(C(=O)c1ccccc1)=NS2(=O)=O,4.823908740944319
Cc1cc2c(cc1Cl)SC(C(=O)c1ccc(Cl)cc1)=NS2(=O)=O,4.7447274948966935
Cc1cc(Cl)cc2c1S(=O)(=O)N=C(C(=O)c1ccc3ccccc3c1)S2,4.481486060122113
O=C(C1=NS(=O)(=O)c2ccc(Cl)cc2S1)c1ccc(Cl)cc1,4.698970004336019
O=C(C1=NS(=O)(=O)c2ccc(Cl)cc2S1)c1ccc(Cl)c(Cl)c1,4.7447274948966935
O=C(C1=NS(=O)(=O)c2ccc(Cl)cc2S1)c1ccc2ccccc2c1,5.045757490560675
Cc1cc2c(cc1Cl)SC(C(=O)c1ccccc1)NS2(=O)=O,4.823908740944319
Cc1cc2c(cc1Cl)SC(C(=O)c1ccc(Cl)cc1)NS2(=O)=O,4.7447274948966935
Cc1cc(Cl)cc2c1S(=O)(=O)NC(C(=O)c1ccc3ccccc3c1)S2,4.481486060122113
O=C(c1ccc(Cl)cc1)C1NS(=O)(=O)c2ccc(Cl)cc2S1,4.698970004336019
O=C(c1ccc(Cl)c(Cl)c1)C1NS(=O)(=O)c2ccc(Cl)cc2S1,4.7447274948966935
O=C(c1ccc2ccccc2c1)C1NS(=O)(=O)c2ccc(Cl)cc2S1,5.045757490560675
Cc1cc2c(cc1Cl)SC(C(=O)c1ccccc1)=NS2(=O)=O,5.045757490560675
Cc1cc2c(cc1Cl)SC(C(=O)c1ccc(Cl)cc1)=NS2(=O)=O,4.795880017344075
Cc1cc(Cl)cc2c1S(=O)(=O)N=C(C(=O)c1ccc3ccccc3c1)S2,4.638272163982407
O=C(C1=NS(=O)(=O)c2ccc(Cl)cc2S1)c1ccc(Cl)cc1,4.7447274948966935
O=C(C1=NS(=O)(=O)c2ccc(Cl)cc2S1)c1ccc(Cl)c(Cl)c1,4.7447274948966935
O=C(C1=NS(=O)(=O)c2ccc(Cl)cc2S1)c1ccc2ccccc2c1,4.823908740944319
Cc1cc2c(cc1Cl)SC(C(=O)c1ccccc1)NS2(=O)=O,5.045757490560675
Cc1cc2c(cc1Cl)SC(C(=O)c1ccc(Cl)cc1)NS2(=O)=O,4.795880017344075
Cc1cc(Cl)cc2c1S(=O)(=O)NC(C(=O)c1ccc3ccccc3c1)S2,4.638272163982407
O=C(c1ccc(Cl)cc1)C1NS(=O)(=O)c2ccc(Cl)cc2S1,4.7447274948966935
O=C(c1ccc(Cl)c(Cl)c1)C1NS(=O)(=O)c2ccc(Cl)cc2S1,4.7447274948966935
O=C(c1ccc2ccccc2c1)C1NS(=O)(=O)c2ccc(Cl)cc2S1,4.823908740944319
Cc1cc2c(cc1Cl)SC(C(=O)c1ccccc1)NS2(=O)=O,4.221848749616356
Cc1cc2c(cc1Cl)SC(C(=O)c1ccccc1)NS2(=O)=O,4.568636235841013
Cc1cc2c(cc1Cl)SC(C(=O)c1ccc(Cl)cc1)NS2(=O)=O,4.200659450546418
Cc1cc2c(cc1Cl)SC(C(=O)c1ccc(Cl)cc1)NS2(=O)=O,4.3979400086720375
Cc1cc(Cl)cc2c1S(=O)(=O)NC(C(=O)c1ccc3ccccc3c1)S2,4.080921907623926
Cc1cc(Cl)cc2c1S(=O)(=O)NC(C(=O)c1ccc3ccccc3c1)S2,4.292429823902063
O=C(c1ccc(Cl)cc1)C1NS(=O)(=O)c2ccc(Cl)cc2S1,4.292429823902063
O=C(c1ccc(Cl)cc1)C1NS(=O)(=O)c2ccc(Cl)cc2S1,4.6020599913279625
O=C(c1ccc(Cl)c(Cl)c1)C1NS(=O)(=O)c2ccc(Cl)cc2S1,4.236572006437063
O=C(c1ccc(Cl)c(Cl)c1)C1NS(=O)(=O)c2ccc(Cl)cc2S1,4.6020599913279625
O=C(c1ccc2ccccc2c1)C1NS(=O)(=O)c2ccc(Cl)cc2S1,4.259637310505756
O=C(c1ccc2ccccc2c1)C1NS(=O)(=O)c2ccc(Cl)cc2S1,4.552841968657781
O=C1NC(=S)NC(=O)C1=Cc1ccc(-c2ccc(C(=O)O)c(O)c2)o1,5.048662481204082
O=C1NC(=S)NC(=O)C1=Cc1ccc(-c2ccc(O)c(C(=O)O)c2)o1,4.476253533188435
O=C1NC(=S)NC(=O)C1=Cc1ccc(-c2ccc(F)cc2C(=O)O)o1,3.7342390832823895
O=C1NC(=S)NC(=O)C1=Cc1ccc(-c2ccc(Cl)c(C(=O)O)c2)o1,4.379863945026242
COc1cc(-c2ccc(C=C3C(=O)NC(=S)NC3=O)o2)c(Cl)cc1C(=O)O,4.364516253185088
O=C1NC(=S)NC(=O)C1=Cc1ccc(-c2cccc(C(=O)O)c2O)o1,3.6020599913279625
O=C1NC(=S)NC(=O)C1=Cc1ccc(-c2cc(C(=O)O)cc(O)c2O)o1,5.295849483160201
Cc1ccc(C(=O)O)cc1-c1ccc(C=C2C(=O)NC(=S)NC2=O)o1,4.333950261519484
COc1cc(C(=O)O)cc(OC)c1-c1ccc(C=C2C(=O)NC(=S)NC2=O)o1,3.7767637268970025
Cc1c(-c2ccc(C=C3C(=O)NC(=S)NC3=O)o2)cccc1[N+](=O)[O-],4.2335871528876
O=C1NC(=S)NC(=O)C1=Cc1ccc(-c2cc(C(=O)O)cc3c2OCO3)o1,4.247951552180561
Cc1cc(-c2ccc(C(=O)O)c(O)c2)oc1C=C1C(=O)NC(=S)NC1=O,4.041579471947482
O=C1NC(=S)S/C1=C\c1ccc(-c2ccc(C(=O)O)c(O)c2)o1,3.7399286120149253
O=C1NC(=S)S/C1=C\c1ccc(-c2ccc(Cl)c(C(=O)O)c2)o1,3.6020599913279625
COc1cc(-c2ccc(/C=C3\SC(=S)NC3=O)o2)c(Cl)cc1C(=O)O,3.6020599913279625
O=C1NC(=S)S/C1=C\c1ccc(-c2cc(C(=O)O)cc(O)c2O)o1,4.810509686300632
Cc1cc(-c2ccc(C(=O)O)c(O)c2)oc1/C=C1\SC(=S)NC1=O,3.801480369758832
COc1cc(-c2ccc(C(=O)O)c(O)c2)oc1/C=C1\SC(=S)NC1=O,3.6020599913279625
O=C1NC(=S)N/C1=C\c1ccc(-c2ccc(C(=O)O)c(O)c2)o1,3.9706162223147903
O=C1NC(=S)N/C1=C\c1ccc(-c2ccc(O)c(C(=O)O)c2)o1,4.293282217663241
Cc1cc(-c2ccc(C(=O)O)c(O)c2)oc1/C=C1\NC(=S)NC1=O,3.6020599913279625
Cc1nnc(C(=O)NC(C)(C)c2nc(C(=O)NCc3ccc(F)cc3)c(O)c(=O)n2C)o1,7.096910013008056
O=C1NC(=S)NC(=O)C1=Cc1ccc(-c2ccc(C(=O)O)c(O)c2)o1,5.562249437179612
O=C1NC(=S)NC(=O)C1=Cc1ccc(-c2ccc(O)c(C(=O)O)c2)o1,4.275724130399211
O=C1NC(=S)NC(=O)C1=Cc1ccc(-c2ccc(F)cc2C(=O)O)o1,4.326979092871104
O=C1NC(=S)NC(=O)C1=Cc1ccc(-c2ccc(Cl)c(C(=O)O)c2)o1,4.890759031411797
COc1cc(-c2ccc(C=C3C(=O)NC(=S)NC3=O)o2)c(Cl)cc1C(=O)O,4.452225294612178
O=C1NC(=S)NC(=O)C1=Cc1ccc(-c2cccc(C(=O)O)c2O)o1,3.6020599913279625
O=C1NC(=S)NC(=O)C1=Cc1ccc(-c2cc(C(=O)O)cc(O)c2O)o1,5.2373214362725635
Cc1ccc(C(=O)O)cc1-c1ccc(C=C2C(=O)NC(=S)NC2=O)o1,4.5951662833800615
COc1cc(C(=O)O)cc(OC)c1-c1ccc(C=C2C(=O)NC(=S)NC2=O)o1,3.6020599913279625
Cc1c(-c2ccc(C=C3C(=O)NC(=S)NC3=O)o2)cccc1[N+](=O)[O-],4.38933983691012
O=C1NC(=S)NC(=O)C1=Cc1ccc(-c2cc(C(=O)O)cc3c2OCO3)o1,4.145268982786058
Cc1cc(-c2ccc(C(=O)O)c(O)c2)oc1C=C1C(=O)NC(=S)NC1=O,3.9030552448230598
O=C1NC(=S)S/C1=C\c1ccc(-c2ccc(C(=O)O)c(O)c2)o1,3.6020599913279625
O=C1NC(=S)S/C1=C\c1ccc(-c2ccc(Cl)c(C(=O)O)c2)o1,3.6020599913279625
COc1cc(-c2ccc(/C=C3\SC(=S)NC3=O)o2)c(Cl)cc1C(=O)O,3.6020599913279625
O=C1NC(=S)S/C1=C\c1ccc(-c2cc(C(=O)O)cc(O)c2O)o1,4.651695136951839
Cc1cc(-c2ccc(C(=O)O)c(O)c2)oc1/C=C1\SC(=S)NC1=O,3.8710194760333887
COc1cc(-c2ccc(C(=O)O)c(O)c2)oc1/C=C1\SC(=S)NC1=O,3.6020599913279625
O=C1NC(=S)N/C1=C\c1ccc(-c2ccc(C(=O)O)c(O)c2)o1,4.130768280269024
O=C1NC(=S)N/C1=C\c1ccc(-c2ccc(O)c(C(=O)O)c2)o1,3.6020599913279625
Cc1cc(-c2ccc(C(=O)O)c(O)c2)oc1/C=C1\NC(=S)NC1=O,3.6020599913279625
Cc1nnc(C(=O)NC(C)(C)c2nc(C(=O)NCc3ccc(F)cc3)c(O)c(=O)n2C)o1,7.173925197299173
O=C1NC(=S)NC(=O)C1=Cc1ccc(-c2ccc(C(=O)O)c(O)c2)o1,4.160145015398115
O=C1NC(=S)NC(=O)C1=Cc1ccc(-c2cc(C(=O)O)cc(O)c2O)o1,3.6020599913279625
O=C1NC(=S)S/C1=C\c1ccc(-c2ccc(C(=O)O)c(O)c2)o1,4.010016541698601
O=C1NC(=S)S/C1=C\c1ccc(-c2cc(C(=O)O)cc(O)c2O)o1,3.785156151952302
O=C1NC(=S)N/C1=C\c1ccc(-c2ccc(O)c(C(=O)O)c2)o1,3.6020599913279625
O=C(O)/C(O)=C/C(=O)c1cccc(Cc2ccccc2)c1,7.301029995663981
Cn1cc(C(=O)C(=O)O)c(=O)c2cc(Cc3ccccc3)ccc21,4.0
O=C(O)c1cnc2ccc(Cc3ccccc3)cc2c1O,5.787812395596042
Cn1cc(C(=O)O)c(=O)c2cc(Cc3ccccc3)ccc21,5.638272163982407
CCOC(=O)c1c[nH]c2ccc(Cc3ccccc3)cc2c1=O,4.0
NC(=O)c1c[nH]c2ccc(Cc3ccccc3)cc2c1=O,4.0
O=C(O)c1c[nH]c2ccc(Cc3ccc(Cl)cc3)cc2c1=O,4.0
O=C(O)c1c[nH]c2ccc(Cc3cccc(Cl)c3)cc2c1=O,6.096910013008056
O=C(O)c1c[nH]c2ccc(Cc3ccccc3Cl)cc2c1=O,6.3872161432802645
O=C(O)c1c[nH]c2ccc(Cc3ccccc3F)cc2c1=O,6.301029995663981
Cc1ccccc1Cc1ccc2[nH]cc(C(=O)O)c(=O)c2c1,5.966576244513051
COc1ccccc1Cc1ccc2[nH]cc(C(=O)O)c(=O)c2c1,5.931814138253839
O=C(O)c1c[nH]c2ccc(Cc3ccccc3C(F)(F)F)cc2c1=O,6.142667503568732
O=C(O)c1c[nH]c2ccc(Cc3c(Cl)cccc3Cl)cc2c1=O,6.431798275933005
O=C(O)c1c[nH]c2ccc(Cc3cc(Cl)ccc3Cl)cc2c1=O,6.6020599913279625
O=C(O)c1c[nH]c2ccc(Cc3cccc(Cl)c3Cl)cc2c1=O,7.154901959985743
Cn1cc(C(=O)O)c(=O)c2cc(Cc3cccc(Cl)c3Cl)ccc21,7.080921907623926
CCn1cc(C(=O)O)c(=O)c2cc(Cc3cccc(Cl)c3Cl)ccc21,7.508638306165727
CCCn1cc(C(=O)O)c(=O)c2cc(Cc3cccc(Cl)c3Cl)ccc21,7.259637310505756
CC(C)n1cc(C(=O)O)c(=O)c2cc(Cc3cccc(Cl)c3Cl)ccc21,7.585026652029182
CCCCn1cc(C(=O)O)c(=O)c2cc(Cc3cccc(Cl)c3Cl)ccc21,7.187086643357144
O=C(O)Cn1cc(C(=O)O)c(=O)c2cc(Cc3cccc(Cl)c3Cl)ccc21,7.494850021680094
O=C(O)CCn1cc(C(=O)O)c(=O)c2cc(Cc3cccc(Cl)c3Cl)ccc21,7.42021640338319
NC(=O)Cn1cc(C(=O)O)c(=O)c2cc(Cc3cccc(Cl)c3Cl)ccc21,7.455931955649724
NC(=O)CCn1cc(C(=O)O)c(=O)c2cc(Cc3cccc(Cl)c3Cl)ccc21,6.935542010773082
NCCn1cc(C(=O)O)c(=O)c2cc(Cc3cccc(Cl)c3Cl)ccc21,6.667561540084395
O=C(O)c1cn(CCO)c2ccc(Cc3cccc(Cl)c3Cl)cc2c1=O,7.6777807052660805
O=C(O)c1cn(CCCO)c2ccc(Cc3cccc(Cl)c3Cl)cc2c1=O,7.113509274827518
O=C(O)c1cn(CCO)c2ccc(Cc3cccc(F)c3Cl)cc2c1=O,7.356547323513812
O=C(O)c1cn(CCO)c2ccc(Cc3cccc(Cl)c3F)cc2c1=O,7.619788758288394
O=C(O)c1cn(CCO)c2ccc(Cc3cccc(Cl)c3Cl)c(F)c2c1=O,7.075720713938118
O=C(O)c1cn(CCO)c2cc(F)c(Cc3cccc(Cl)c3Cl)cc2c1=O,7.6020599913279625
O=C(O)c1cn(CCO)c2c(F)cc(Cc3cccc(Cl)c3Cl)cc2c1=O,7.468521082957745
COc1cc2c(cc1Cc1cccc(Cl)c1Cl)c(=O)c(C(=O)O)cn2CCO,7.920818753952375
O=C(O)c1cn(CCO)c2cc(Cl)c(Cc3cccc(Cl)c3Cl)cc2c1=O,7.366531544420414
Cc1cc2c(cc1Cc1cccc(Cl)c1Cl)c(=O)c(C(=O)O)cn2CCO,7.3872161432802645
O=C(O)c1cn(CCO)c2cc(C(F)(F)F)c(Cc3cccc(Cl)c3Cl)cc2c1=O,6.17134010346468
N#Cc1cc2c(cc1Cc1cccc(Cl)c1Cl)c(=O)c(C(=O)O)cn2CCO,7.301029995663981
COc1cc2c(cc1Cc1cccc(Cl)c1F)c(=O)c(C(=O)O)cn2CCO,8.045757490560675
C[C@@H](CO)n1cc(C(=O)O)c(=O)c2cc(Cc3cccc(Cl)c3F)ccc21,4.8297382846050425
C[C@H](CO)n1cc(C(=O)O)c(=O)c2cc(Cc3cccc(Cl)c3F)ccc21,4.416801226031377
CC[C@@H](CO)n1cc(C(=O)O)c(=O)c2cc(Cc3cccc(Cl)c3F)ccc21,5.045757490560675
CCC[C@@H](CO)n1cc(C(=O)O)c(=O)c2cc(Cc3cccc(Cl)c3F)ccc21,5.086186147616283
CC(C)[C@@H](CO)n1cc(C(=O)O)c(=O)c2cc(Cc3cccc(Cl)c3F)ccc21,5.086186147616283
CC(C)(C)[C@@H](CO)n1cc(C(=O)O)c(=O)c2cc(Cc3cccc(Cl)c3F)ccc21,5.221848749616356
O=C(O)c1cn([C@H](CO)C2CCCCC2)c2ccc(Cc3cccc(Cl)c3F)cc2c1=O,5.251811972993799
O=C(O)c1cn([C@H](CO)c2ccccc2)c2ccc(Cc3cccc(Cl)c3F)cc2c1=O,5.008773924307505
CCC[C@@H](CO)n1cc(C(=O)O)c(=O)c2cc(Cc3cccc(Cl)c3F)c(OC)cc21,5.236572006437063
COc1cc2c(cc1Cc1cccc(Cl)c1F)c(=O)c(C(=O)O)cn2[C@H](CO)C(C)C,5.142667503568732
COc1cc2c(cc1Cc1cccc(Cl)c1F)c(=O)c(C(=O)O)cn2[C@@H](CO)C(C)C,4.841637507904751
COc1cc2c(cc1Cc1cccc(Cl)c1F)c(=O)c(C(=O)O)cn2[C@H](CO)C(C)(C)C,5.236572006437063
COc1cc2c(cc1Cc1cccc(Cl)c1F)c(=O)c(C(=O)O)cn2[C@H](CO)C1CCCCC1,5.173925197299174
COc1c2c(c(O)c3c1C(=O)c1c(cc(O)c(C)c1O)C3=O)-c1c(cc3c(c1O)C(=O)N1c4ccccc4CNC31)CC2,3.96657624451305
COc1c2c(c(O)c3c1C(=O)c1c(cc(O)c(C)c1O)C3=O)-c1c(cc3c(c1O)C(=O)N1c4ccccc4SC31)CC2,4.017728766960432
COc1c2c(c(O)c3c1C(=O)c1c(cc(O)c(C)c1O)C3=O)-c1c(cc3c(c1O)C(=O)N1CCCNC31)CC2,4.251811972993799
COc1c2c(c(O)c3c1C(=O)c1c(cc(O)c(C)c1O)C3=O)-c1c(cc3c(c1O)C(=O)N1C(C(=O)O)CSC31)CC2,4.698970004336019
COc1c2c(c(O)c3c1C(=O)c1c(cc(O)c(C)c1O)C3=O)-c1c(cc3c(c1O)C(=O)N(N(C)C)C3O)CC2,5.113509274827518
COc1c2c(c(O)c3c1C(=O)c1c(cc(O)c(C)c1O)C3=O)-c1c(cc(/C=N/NC(C)(C)C)c(C(=O)O)c1O)CC2,3.9136401693252516
COc1c2c(c(O)c3c1C(=O)c1c(cc(O)c(C)c1O)C3=O)-c1c(cc(C3NCc4ccccc4N3)c(C(=O)O)c1O)CC2,4.3979400086720375
COc1c2c(c(O)c3c1C(=O)c1c(cc(O)c(C)c1O)C3=O)-c1c(cc(/C=N/C34CC5CC(CC(C5)C3)C4)c(C(=O)O)c1O)CC2,4.431798275933005
COc1c2c(c(O)c3c1C(=O)c1c(cc(O)c(C)c1O)C3=O)-c1c(cc(/C=N/NS(=O)(=O)c3ccc(C)cc3)c(C(=O)O)c1O)CC2,4.657577319177793
COc1c2c(c(O)c3c1C(=O)c1c(cc(O)c(C)c1O)C3=O)-c1c(cc(/C=N/NC(=O)c3ccccc3)c(C(=O)O)c1O)CC2,4.835647144215563
COc1c2c(c(O)c3c1C(=O)c1c(cc(O)c(C)c1O)C3=O)-c1c(cc(C(=O)O)c(C(=O)O)c1O)CC2,4.87942606879415
CO/N=C/c1cc2c(c(O)c1C(=O)O)-c1c(O)c3c(c(OC)c1CC2)C(=O)c1c(cc(O)c(C)c1O)C3=O,4.903089986991944
COc1c2c(c(O)c3c1C(=O)c1c(cc(O)c(C)c1O)C3=O)-c1c(cc(/C=N/NC(=O)c3ccccc3O)c(C(=O)O)c1O)CC2,5.215382707367125
COc1c2c(c(O)c3c1C(=O)c1c(cc(O)c(C)c1O)C3=O)-c1c(cc(/C=N/NC(=N)N)c(C(=O)O)c1O)CC2,5.501689446210399
COc1c2c(c(O)c3c1C(=O)c1c(cc(O)c(C)c1O)C3=O)-c1c(cc(/C=N/Nc3ccc([N+](=O)[O-])cc3)c(C(=O)O)c1O)CC2,5.657577319177793
CCCn1ncc2cc3c(c(OC(C)=O)c2c1=O)-c1c(c(OC)c2c(c1OC(C)=O)C(=O)c1cc(OC(C)=O)c(C)c(OC(C)=O)c1C2=O)CC3,3.4775557664936803
COc1c2c(c(OC(C)=O)c3c1C(=O)c1c(cc(OC(C)=O)c(C)c1OC(C)=O)C3=O)-c1c(cc3cnn(-c4ccccc4)c(=O)c3c1OC(C)=O)CC2,3.4775557664936803
CCCn1ncc2cc3c(c(O)c2c1=O)-c1c(O)c2c(c(OC)c1CC3)C(=O)c1c(cc(OC(=O)OC)c(C)c1OC(C)=O)C2=O,3.4775557664936803
COC(=O)Oc1cc2c(c(O)c1C)C(=O)c1c(OC)c3c(c(O)c1C2=O)-c1c(cc2cnn(-c4ccccc4)c(=O)c2c1O)CC3,3.6989700043360187
COc1c2c(c(OCc3ccccc3)c3c1C(=O)c1c(cc(OCc4ccccc4)c(C)c1OCc1ccccc1)C3=O)-c1c(cc3cnn(CC(=O)O)c(=O)c3c1OCc1ccccc1)CC2,3.9746941347352296
CCCn1ncc2cc3c(c(O)c2c1=O)-c1c(O)c2c(c(OC)c1CC3)C(=O)c1c(cc(O)c(C)c1O)C2=O,5.1979107421182675
COc1c2c(c(O)c3c1C(=O)c1c(cc(O)c(C)c1O)C3=O)-c1c(cc3cnn(CCOC(C)=O)c(=O)c3c1O)CC2,5.2020403562628035
COc1c2c(c(O)c3c1C(=O)c1c(cc(O)c(C)c1O)C3=O)-c1c(cc3cnn(CC(=O)O)c(=O)c3c1O)CC2,5.335358024443875
COc1c2c(c(O)c3c1C(=O)c1c(cc(O)c(C)c1O)C3=O)-c1c(cc3cn[nH]c(=O)c3c1O)CC2,5.391473966422806
COc1c2c(c(O)c3c1C(=O)c1c(cc(O)c(C)c1O)C3=O)-c1c(cc3cnn(-c4ccc(C(=O)O)cc4)c(=O)c3c1O)CC2,5.462180904926726
COc1c2c(c(O)c3c1C(=O)c1c(cc(O)c(C)c1O)C3=O)-c1c(cc3cnn(C(=N)N)c(=O)c3c1O)CC2,5.519993057042849
CCOC(=O)Cn1ncc2cc3c(c(O)c2c1=O)-c1c(O)c2c(c(OC)c1CC3)C(=O)c1c(cc(O)c(C)c1O)C2=O,5.573488738635425
COc1c2c(c(O)c3c1C(=O)c1c(cc(O)c(C)c1O)C3=O)-c1c(cc3cnn(-c4ccccc4)c(=O)c3c1O)CC2,6.3872161432802645
O=C1c2c(ccc(O)c2O)CN1Cc1cccc(F)c1,3.623423042943488
O=C1c2c(ccc(O)c2O)CN1Cc1ccccc1F,3.4775557664936803
O=C1c2c(ccc(O)c2O)CN1Cc1cccc(Cl)c1,4.142667503568732
O=C1c2c(ccc(O)c2O)CN1Cc1cccc(Br)c1,3.5783960731301687
O=C1c2c(ccc(O)c2O)CN1Cc1cccc(I)c1,3.7721132953863266
O=C1c2c(ccc(O)c2O)CN1Cc1ccc(F)c(F)c1,4.142667503568732
O=C1c2c(ccc(O)c2O)CN1Cc1cc(F)cc(F)c1,3.632644078973981
O=C1c2c(ccc(O)c2O)CN1Cc1cc(F)ccc1F,3.4775557664936803
O=C1c2c(ccc(O)c2O)CN1Cc1cccc(F)c1F,4.142667503568732
O=C1c2c(ccc(O)c2O)CN1Cc1ccc(F)cc1F,4.431798275933005
O=C1c2c(ccc(O)c2O)CN1Cc1c(F)cccc1F,4.1487416512809245
O=C1c2c(ccc(O)c2O)CN1Cc1ccc(F)c(Br)c1,4.468521082957745
Cc1cc(CN2Cc3ccc(O)c(O)c3C2=O)ccc1F,4.769551078621726
O=C1c2c(ccc(O)c2O)CN1Cc1ccc(Cl)c(F)c1,4.013228265733755
O=C1c2c(ccc(O)c2O)CN1Cc1ccc(Cl)c(Cl)c1,4.050609993355087
O=C1c2c(ccc(O)c2O)CN1Cc1ccc(F)cc1Cl,3.4775557664936803
O=C1c2c(ccc(O)c2O)CN1Cc1cc(Cl)ccc1F,4.7447274948966935
O=C1c2c(ccc(O)c2O)CN1Cc1cccc(Cl)c1F,4.443697499232712
O=C1c2c(ccc(O)c2O)CN1Cc1c(F)cccc1Cl,3.4775557664936803
O=C1c2c(ccc(O)c2O)CN1Cc1cc(F)c(F)c(F)c1,4.00436480540245
O=C1c2c(ccc(O)c2O)CN1Cc1ccc(F)c(F)c1F,3.815308569182401
O=C1c2c(ccc(O)c2O)CN1Cc1cc(F)c(F)cc1F,3.4775557664936803
O=C1c2c(ccc(O)c2O)CN1Cc1c(F)ccc(F)c1F,3.4775557664936803
O=C1c2c(ccc(O)c2O)CN1Cc1c(F)ccc(F)c1Cl,3.4775557664936803
O=C1c2c(ccc(O)c2O)CN1Cc1cc(Cl)c(F)cc1F,3.4775557664936803
O=C1c2c(ccc(O)c2O)CN1Cc1c(F)c(F)c(F)c(F)c1F,3.638272163982407
O=C1c2ccc(O)c(O)c2C(=O)N1Cc1ccccc1,4.142667503568732
O=C1c2ccc(O)c(O)c2C(=O)N1Cc1ccc(F)cc1,5.096910013008056
O=C1c2ccc(O)c(O)c2C(=O)N1Cc1cccc(F)c1,4.958607314841775
O=C1c2ccc(O)c(O)c2C(=O)N1Cc1ccccc1F,4.167491087293763
O=C1c2ccc(O)c(O)c2C(=O)N1Cc1cccc(Cl)c1,4.853871964321762
O=C1c2ccc(O)c(O)c2C(=O)N1Cc1cccc(Br)c1,4.795880017344075
O=C1c2ccc(O)c(O)c2C(=O)N1Cc1cccc(I)c1,4.070581074285707
O=C1c2ccc(O)c(O)c2C(=O)N1Cc1ccc(F)c(F)c1,4.568636235841013
O=C1c2ccc(O)c(O)c2C(=O)N1Cc1cc(F)cc(F)c1,4.318758762624412
O=C1c2ccc(O)c(O)c2C(=O)N1Cc1cc(F)ccc1F,4.221848749616356
O=C1c2ccc(O)c(O)c2C(=O)N1Cc1cccc(F)c1F,4.619788758288394
O=C1c2ccc(O)c(O)c2C(=O)N1Cc1ccc(F)cc1F,4.795880017344075
O=C1c2ccc(O)c(O)c2C(=O)N1Cc1c(F)cccc1F,3.9871627752948275
O=C1c2ccc(O)c(O)c2C(=O)N1Cc1ccc(F)c(Cl)c1,4.853871964321762
O=C1c2ccc(O)c(O)c2C(=O)N1Cc1ccc(F)c(Br)c1,4.958607314841775
Cc1cc(CN2C(=O)c3ccc(O)c(O)c3C2=O)ccc1F,4.958607314841775
O=C1c2ccc(O)c(O)c2C(=O)N1Cc1ccc(Cl)c(F)c1,4.236572006437063
O=C1c2ccc(O)c(O)c2C(=O)N1Cc1ccc(Cl)c(Cl)c1,4.7447274948966935
O=C1c2ccc(O)c(O)c2C(=O)N1Cc1ccc(F)cc1Cl,4.045757490560675
O=C1c2ccc(O)c(O)c2C(=O)N1Cc1cc(Cl)ccc1F,5.045757490560675
O=C1c2ccc(O)c(O)c2C(=O)N1Cc1cccc(Cl)c1F,4.6020599913279625
O=C1c2ccc(O)c(O)c2C(=O)N1Cc1c(F)cccc1Cl,4.267606240177032
O=C1c2ccc(O)c(O)c2C(=O)N1Cc1cc(F)c(F)c(F)c1,5.0
O=C1c2ccc(O)c(O)c2C(=O)N1Cc1ccc(F)c(F)c1F,4.7447274948966935
O=C1c2ccc(O)c(O)c2C(=O)N1Cc1cc(F)c(F)cc1F,4.267606240177032
O=C1c2ccc(O)c(O)c2C(=O)N1Cc1c(F)ccc(F)c1F,3.8013429130455774
O=C1c2ccc(O)c(O)c2C(=O)N1Cc1c(F)ccc(F)c1Cl,4.468521082957745
O=C1c2ccc(O)c(O)c2C(=O)N1Cc1cc(Cl)c(F)cc1F,4.102372908709558
O=C1c2ccc(O)c(O)c2C(=O)N1Cc1c(F)c(F)c(F)c(F)c1F,4.3872161432802645
O=C1c2c(ccc(O)c2O)CN1Cc1cccc(F)c1,4.6777807052660805
O=C1c2c(ccc(O)c2O)CN1Cc1ccccc1F,4.6020599913279625
O=C1c2c(ccc(O)c2O)CN1Cc1cccc(Cl)c1,5.3979400086720375
O=C1c2c(ccc(O)c2O)CN1Cc1cccc(Br)c1,5.522878745280337
O=C1c2c(ccc(O)c2O)CN1Cc1cccc(I)c1,5.3979400086720375
O=C1c2c(ccc(O)c2O)CN1Cc1ccc(F)c(F)c1,6.045757490560675
O=C1c2c(ccc(O)c2O)CN1Cc1cc(F)cc(F)c1,6.522878745280337
O=C1c2c(ccc(O)c2O)CN1Cc1cc(F)ccc1F,4.568636235841013
O=C1c2c(ccc(O)c2O)CN1Cc1cccc(F)c1F,6.154901959985743
O=C1c2c(ccc(O)c2O)CN1Cc1ccc(F)cc1F,6.301029995663981
O=C1c2c(ccc(O)c2O)CN1Cc1c(F)cccc1F,4.698970004336019
O=C1c2c(ccc(O)c2O)CN1Cc1ccc(F)c(Br)c1,6.0
Cc1cc(CN2Cc3ccc(O)c(O)c3C2=O)ccc1F,6.045757490560675
O=C1c2c(ccc(O)c2O)CN1Cc1ccc(Cl)c(F)c1,5.221848749616356
O=C1c2c(ccc(O)c2O)CN1Cc1ccc(Cl)c(Cl)c1,7.0
O=C1c2c(ccc(O)c2O)CN1Cc1ccc(F)cc1Cl,5.6020599913279625
O=C1c2c(ccc(O)c2O)CN1Cc1cc(Cl)ccc1F,5.920818753952375
O=C1c2c(ccc(O)c2O)CN1Cc1cccc(Cl)c1F,5.698970004336019
O=C1c2c(ccc(O)c2O)CN1Cc1c(F)cccc1Cl,4.7447274948966935
O=C1c2c(ccc(O)c2O)CN1Cc1cc(F)c(F)c(F)c1,5.3979400086720375
O=C1c2c(ccc(O)c2O)CN1Cc1ccc(F)c(F)c1F,5.568636235841013
O=C1c2c(ccc(O)c2O)CN1Cc1cc(F)c(F)cc1F,5.431798275933005
O=C1c2c(ccc(O)c2O)CN1Cc1c(F)ccc(F)c1F,4.6020599913279625
O=C1c2c(ccc(O)c2O)CN1Cc1c(F)ccc(F)c1Cl,5.050609993355087
O=C1c2c(ccc(O)c2O)CN1Cc1cc(Cl)c(F)cc1F,5.356547323513812
O=C1c2c(ccc(O)c2O)CN1Cc1c(F)c(F)c(F)c(F)c1F,5.096910013008056
O=C1c2ccc(O)c(O)c2C(=O)N1Cc1ccccc1,6.3979400086720375
O=C1c2ccc(O)c(O)c2C(=O)N1Cc1ccc(F)cc1,5.301029995663981
O=C1c2ccc(O)c(O)c2C(=O)N1Cc1cccc(F)c1,6.522878745280337
O=C1c2ccc(O)c(O)c2C(=O)N1Cc1ccccc1F,5.698970004336019
O=C1c2ccc(O)c(O)c2C(=O)N1Cc1cccc(Cl)c1,6.3979400086720375
O=C1c2ccc(O)c(O)c2C(=O)N1Cc1cccc(Br)c1,6.3979400086720375
O=C1c2ccc(O)c(O)c2C(=O)N1Cc1cccc(I)c1,6.0
O=C1c2ccc(O)c(O)c2C(=O)N1Cc1ccc(F)c(F)c1,7.0
O=C1c2ccc(O)c(O)c2C(=O)N1Cc1cc(F)cc(F)c1,6.3979400086720375
O=C1c2ccc(O)c(O)c2C(=O)N1Cc1cc(F)ccc1F,6.638272163982407
O=C1c2ccc(O)c(O)c2C(=O)N1Cc1cccc(F)c1F,6.698970004336019
O=C1c2ccc(O)c(O)c2C(=O)N1Cc1ccc(F)cc1F,6.522878745280337
O=C1c2ccc(O)c(O)c2C(=O)N1Cc1c(F)cccc1F,5.698970004336019
O=C1c2ccc(O)c(O)c2C(=O)N1Cc1ccc(F)c(Cl)c1,6.769551078621726
O=C1c2ccc(O)c(O)c2C(=O)N1Cc1ccc(F)c(Br)c1,6.045757490560675
Cc1cc(CN2C(=O)c3ccc(O)c(O)c3C2=O)ccc1F,6.096910013008056
O=C1c2ccc(O)c(O)c2C(=O)N1Cc1ccc(Cl)c(F)c1,6.045757490560675
O=C1c2ccc(O)c(O)c2C(=O)N1Cc1ccc(Cl)c(Cl)c1,6.920818753952375
O=C1c2ccc(O)c(O)c2C(=O)N1Cc1ccc(F)cc1Cl,5.886056647693163
O=C1c2ccc(O)c(O)c2C(=O)N1Cc1cc(Cl)ccc1F,6.508638306165727
O=C1c2ccc(O)c(O)c2C(=O)N1Cc1cccc(Cl)c1F,5.698970004336019
O=C1c2ccc(O)c(O)c2C(=O)N1Cc1c(F)cccc1Cl,5.455931955649724
O=C1c2ccc(O)c(O)c2C(=O)N1Cc1cc(F)c(F)c(F)c1,6.221848749616356
O=C1c2ccc(O)c(O)c2C(=O)N1Cc1ccc(F)c(F)c1F,6.096910013008056
O=C1c2ccc(O)c(O)c2C(=O)N1Cc1cc(F)c(F)cc1F,6.301029995663981
O=C1c2ccc(O)c(O)c2C(=O)N1Cc1c(F)ccc(F)c1F,5.7447274948966935
O=C1c2ccc(O)c(O)c2C(=O)N1Cc1c(F)ccc(F)c1Cl,5.3979400086720375
O=C1c2ccc(O)c(O)c2C(=O)N1Cc1cc(Cl)c(F)cc1F,6.3979400086720375
O=C1c2ccc(O)c(O)c2C(=O)N1Cc1c(F)c(F)c(F)c(F)c1F,5.886056647693163
CN1Cn2c(nc(C(=O)NCc3ccc(F)cc3)c(O)c2=O)C1(C)C,7.522878745280337
CC1(C)NC(=O)n2c1nc(C(=O)NCc1ccc(F)cc1)c(O)c2=O,7.494850021680094
CC1(C)NC(=O)Cn2c1nc(C(=O)NCc1ccc(F)cc1)c(O)c2=O,8.301029995663981
CC1(C)NS(=O)(=O)Cn2c1nc(C(=O)NCc1ccc(F)cc1)c(O)c2=O,8.154901959985743
CC1(C)NCCn2c1nc(C(=O)NCc1ccc(F)cc1)c(O)c2=O,7.795880017344075
CN1CCn2c(nc(C(=O)NCc3ccc(F)cc3)c(O)c2=O)C1(C)C,8.221848749616356
CC1(C)NCCCn2c1nc(C(=O)NCc1ccc(F)cc1)c(O)c2=O,7.698970004336019
CC(=O)N1CCn2c(nc(C(=O)NCc3ccc(F)cc3)c(O)c2=O)C1(C)C,8.301029995663981
CN(C)C(=O)C(=O)N1CCn2c(nc(C(=O)NCc3ccc(F)cc3)c(O)c2=O)C1(C)C,8.221848749616356
CC1(C)c2nc(C(=O)NCc3ccc(F)cc3)c(O)c(=O)n2CCN1S(C)(=O)=O,8.0
CCNC(=O)N1CCn2c(nc(C(=O)NCc3ccc(F)cc3)c(O)c2=O)C1(C)C,7.823908740944319
CN(C)S(=O)(=O)N1CCn2c(nc(C(=O)NCc3ccc(F)cc3)c(O)c2=O)C1(C)C,8.096910013008056
CN(C)CCN1CCn2c(nc(C(=O)NCc3ccc(F)cc3)c(O)c2=O)C1(C)C,7.2076083105017466
CCN(CC)CCN1CCn2c(nc(C(=O)NCc3ccc(F)cc3)c(O)c2=O)C1(C)C,7.119186407719209
CC1(C)c2nc(C(=O)NCc3ccc(F)cc3)c(O)c(=O)n2CCN1CCN1CCOCC1,8.522878745280337
CC1(C)c2nc(C(=O)NCc3ccc(F)cc3)c(O)c(=O)n2CCN1CC(N)=O,8.301029995663981
CNC(=O)CN1CCn2c(nc(C(=O)NCc3ccc(F)cc3)c(O)c2=O)C1(C)C,7.6777807052660805
CN(C)C(=O)CN1CCn2c(nc(C(=O)NCc3ccc(F)cc3)c(O)c2=O)C1(C)C,8.096910013008056
CC1(C)c2nc(C(=O)NCc3ccc(F)cc3)c(O)c(=O)n2CCN1CC(=O)N1CCOCC1,8.154901959985743
CC1(C)c2nc(C(=O)NCc3ccc(F)cc3)c(O)c(=O)n2CCN1CC(=O)N1CCCC1,8.154901959985743
CN1CCN(C(=O)CN2CCn3c(nc(C(=O)NCc4ccc(F)cc4)c(O)c3=O)C2(C)C)CC1,7.6777807052660805
CC1(C)c2nc(C(=O)NCc3ccc(F)cc3)c(O)c(=O)n2CCN1CC(=O)O,8.096910013008056
C=C(CCc1ccc(C)cc1)C1=C(C)C(=C)C2CCC(CC#N)C(C)(C)C2=C1,8.301029995663981
CC1(C)c2nc(C(=O)NCc3ccc(F)cc3)c(O)c(=O)n2CCN1Cc1ccccc1,8.301029995663981
CC1(C)c2nc(C(=O)NCc3ccc(F)cc3)c(O)c(=O)n2CCN1Cc1ccccn1,8.045757490560675
CC1(C)c2nc(C(=O)NCc3ccc(F)cc3)c(O)c(=O)n2CCN1CCc1ccccn1,7.920818753952375
CC1(C)c2nc(C(=O)NCc3ccc(F)cc3)c(O)c(=O)n2CCN1Cc1cnccn1,8.221848749616356
CC1(C)c2nc(C(=O)NCc3ccc(F)cc3)c(O)c(=O)n2CCN1Cc1ccn[nH]1,8.301029995663981
Cn1nccc1CN1CCn2c(nc(C(=O)NCc3ccc(F)cc3)c(O)c2=O)C1(C)C,8.154901959985743
Cn1ccc(CN2CCn3c(nc(C(=O)NCc4ccc(F)cc4)c(O)c3=O)C2(C)C)n1,8.045757490560675
CC1(C)c2nc(C(=O)NCc3ccc(F)cc3)c(O)c(=O)n2CCN1Cc1cnn[nH]1,8.221848749616356
CC1(C)c2nc(C(=O)NCc3ccc(F)cc3)c(O)c(=O)n2CCN1Cc1cn[nH]c1,8.154901959985743
CC1(C)c2nc(C(=O)NCc3ccc(F)cc3)c(O)c(=O)n2CCN1Cc1cocn1,8.522878745280337
CC1(C)c2nc(C(=O)NCc3ccc(F)cc3)c(O)c(=O)n2CCN1Cc1cscn1,8.045757490560675
CC1(C)c2nc(C(=O)NCc3ccc(F)cc3)c(O)c(=O)n2CCN1Cc1cnco1,8.397940008672037
Cn1cnc(CN2CCn3c(nc(C(=O)NCc4ccc(F)cc4)c(O)c3=O)C2(C)C)n1,7.6020599913279625
CC1(C)c2nc(C(=O)NCc3ccc(F)cc3)c(O)c(=O)n2CCN1Cc1nnco1,7.6777807052660805
Cc1nnc(CN2CCn3c(nc(C(=O)NCc4ccc(F)cc4)c(O)c3=O)C2(C)C)o1,8.301029995663981
Cc1cnc(CN2CCn3c(nc(C(=O)NCc4ccc(F)cc4)c(O)c3=O)C2(C)C)o1,8.096910013008056
Cc1cc(CN2CCn3c(nc(C(=O)NCc4ccc(F)cc4)c(O)c3=O)C2(C)C)on1,7.2076083105017466
Cc1noc(CN2CCn3c(nc(C(=O)NCc4ccc(F)cc4)c(O)c3=O)C2(C)C)n1,7.886056647693163
Cc1nc(CN2CCn3c(nc(C(=O)NCc4ccc(F)cc4)c(O)c3=O)C2(C)C)no1,8.221848749616356
Cn1cc(CN2CCn3c(nc(C(=O)NCc4ccc(F)cc4)c(O)c3=O)C2(C)C)nn1,8.698970004336019
Cn1nncc1CN1CCn2c(nc(C(=O)NCc3ccc(F)cc3)c(O)c2=O)C1(C)C,8.221848749616356
CC1(C)c2nc(C(=O)NCc3ccc(F)cc3)c(O)c(=O)n2CCN1Cc1nnn[nH]1,8.698970004336019
Cn1nnnc1CN1CCn2c(nc(C(=O)NCc3ccc(F)cc3)c(O)c2=O)C1(C)C,8.301029995663981
Cn1nnc(CN2CCn3c(nc(C(=O)NCc4ccc(F)cc4)c(O)c3=O)C2(C)C)n1,8.221848749616356
Cc1nnc(C(=O)NC(C)(C)c2nc(C(=O)NCc3ccc(F)cc3)c([O-])c(=O)n2C)o1.[K+],7.823908740944319
CN(C)[C@@H]1CCCn2c1nc(C(=O)NCc1ccc(F)cc1)c(O)c2=O,7.161150909262744
O=C(Nc1ccc(S(=O)(=O)Nc2ccc(F)cc2)cc1)c1cc(O)c(O)c(O)c1,6.045757490560675
O=C(Nc1ccc(S(=O)(=O)Nc2ccccc2)cc1)c1cc(O)c(O)c(O)c1,5.823908740944319
O=C(Nc1ccc(S(=O)(=O)Nc2ccc([N+](=O)[O-])cc2)cc1)c1cc(O)c(O)c(O)c1,5.522878745280337
O=C(Nc1ccc(S(=O)(=O)Nc2ccc(Br)cc2)cc1)c1cc(O)c(O)c(O)c1,6.154901959985743
O=C(Nc1ccc(S(=O)(=O)Nc2cccc(Br)c2)cc1)c1cc(O)c(O)c(O)c1,6.154901959985743
CCCCc1ccc(NS(=O)(=O)c2ccc(NC(=O)c3cc(O)c(O)c(O)c3)cc2)cc1,5.6020599913279625
Cc1cc(C)cc(NS(=O)(=O)c2ccc(NC(=O)c3cc(O)c(O)c(O)c3)cc2)c1,5.6020599913279625
O=C(Nc1ccc(S(=O)(=O)NCc2ccc(Cl)cc2)cc1)c1cc(O)c(O)c(O)c1,5.698970004336019
O=C(Nc1ccc(S(=O)(=O)NCc2ccc(F)cc2)cc1)c1cc(O)c(O)c(O)c1,5.698970004336019
Cc1ccccc1NS(=O)(=O)c1ccc(NC(=O)c2cc(O)c(O)c(O)c2)cc1,5.698970004336019
O=C(Nc1ccc(S(=O)(=O)Nc2ccc(Cl)cc2)cc1)c1cc(O)c(O)c(O)c1,5.698970004336019
O=C(Nc1ccc(S(=O)(=O)Nc2cccc(Br)c2)cc1)c1cc(O)c(O)c(O)c1,5.698970004336019
NS(=O)(=O)c1ccc(NC(=O)c2cc(O)c(O)c(O)c2)cc1,5.698970004336019
CCCCc1ccc(NS(=O)(=O)c2ccc(NC(=O)c3cc(O)c(O)c(O)c3)cc2)cc1,5.522878745280337
O=C(Nc1ccc(S(=O)(=O)Nc2ccc(Cl)c(Cl)c2)cc1)c1cc(O)c(O)c(O)c1,5.301029995663981
Cc1ccc(NS(=O)(=O)c2ccc(NC(=O)c3cc(O)c(O)c(O)c3)cc2)cc1C,5.096910013008056
O=C(Nc1ccc(S(=O)(=O)Nc2ccc(Br)cc2)cc1)c1cc(O)c(O)c(O)c1,5.522878745280337
O=C(Nc1ccc(S(=O)(=O)Nc2ccc(F)c(F)c2F)cc1)c1cc(O)c(O)c(O)c1,5.522878745280337
O=C(Nc1ccc(S(=O)(=O)Nc2ccc([N+](=O)[O-])cc2)cc1)c1cc(O)c(O)c(O)c1,5.3979400086720375
O=C(Nc1ccc(S(=O)(=O)Nc2ccc(F)c(F)c2)cc1)c1cc(O)c(O)c(O)c1,5.3979400086720375
O=C(Nc1ccc(S(=O)(=O)NCc2ccc(Cl)cc2)cc1)c1cc(O)c(O)c(O)c1,5.301029995663981
O=C(Nc1ccc(S(=O)(=O)Nc2ccc(Cl)cc2)cc1)c1cc(O)c(O)c(O)c1,5.221848749616356
O=C(Nc1ccc(S(=O)(=O)Nc2ccc(F)c(F)c2F)cc1)c1cc(O)c(O)c(O)c1,5.154901959985743
Cc1cc(C)cc(NS(=O)(=O)c2ccc(NC(=O)c3cc(O)c(O)c(O)c3)cc2)c1,5.096910013008056
O=C(Nc1ccc(S(=O)(=O)NCc2ccc(F)cc2)cc1)c1cc(O)c(O)c(O)c1,5.154901959985743
Cc1ccccc1NS(=O)(=O)c1ccc(NC(=O)c2cc(O)c(O)c(O)c2)cc1,5.154901959985743
O=C(Nc1ccc(S(=O)(=O)Nc2ccccc2)cc1)c1cc(O)c(O)c(O)c1,5.154901959985743
Cc1ccc(NS(=O)(=O)c2ccc(NC(=O)c3cc(O)c(O)c(O)c3)cc2)cc1C,5.096910013008056
O=C(/C=C/c1ccc(O)c(O)c1)Nc1ccc(S(=O)(=O)Nc2ccccc2)cc1,4.920818753952375
O=C(/C=C/c1ccc(O)c(O)c1)Nc1ccc(S(=O)(=O)Nc2ccccc2)cc1,4.795880017344075
O=C(Nc1ccc(S(=O)(=O)Nc2ccccc2)cc1)c1ccc(O)c(O)c1,4.301029995663981
NS(=O)(=O)c1ccc(NC(=O)c2cc(O)c(O)c(O)c2)cc1,4.657577319177793
CCOc1ccc(NS(=O)(=O)c2ccc(NC(=O)c3cc(O)c(O)c(O)c3)cc2)cc1,5.886056647693163
O=C(Nc1ccc(S(=O)(=O)Nc2ccc(F)c(F)c2)cc1)c1cc(O)c(O)c(O)c1,5.823908740944319
CC(=O)Oc1cc(C(=O)Nc2ccc(S(=O)(=O)Nc3ccccc3C)cc2)cc(OC(C)=O)c1OC(C)=O,5.795880017344075
CC(=O)Oc1cc(C(=O)Nc2ccc(S(=O)(=O)Nc3ccccc3)cc2)cc(OC(C)=O)c1OC(C)=O,5.795880017344075
O=C(Nc1ccc(S(=O)(=O)Nc2ccc(Cl)c(Cl)c2)cc1)c1cc(O)c(O)c(O)c1,5.769551078621726
COc1ccc(NS(=O)(=O)c2ccc(NC(=O)c3cc(O)c(O)c(O)c3)cc2)cc1,5.346787486224656
COc1ccc(NS(=O)(=O)c2ccc(NC(=O)c3cc(O)c(O)c(O)c3)cc2)cc1,5.301029995663981
CCOc1ccc(NS(=O)(=O)c2ccc(NC(=O)c3cc(O)c(O)c(O)c3)cc2)cc1,5.221848749616356
O=C(Nc1ccc(S(=O)(=O)Nc2ccc(F)cc2)cc1)c1cc(O)c(O)c(O)c1,5.154901959985743
CC(=O)Oc1cc(C(=O)Nc2ccc(S(=O)(=O)Nc3ccccc3)cc2)cc(OC(C)=O)c1OC(C)=O,5.096910013008056
O=C(Nc1ccc(S(=O)(=O)Nc2ccccc2)cc1)c1ccc(O)c(O)c1,4.0
CC(=O)Oc1cc(C(=O)Nc2ccc(S(=O)(=O)Nc3ccccc3C)cc2)cc(OC(C)=O)c1OC(C)=O,5.0
CCOC(=O)C(=O)CC(=O)c1cn(Cc2ccc(F)cc2)c2ccc(Br)cc2c1=O,4.107905397309519
O=C(O)C(=O)CC(=O)c1cn(Cc2ccc(F)cc2)c2ccc(Br)cc2c1=O,5.795880017344075
CCOC(=O)C(=O)CC(=O)c1cn(Cc2ccc(F)cc2)c2ccc(Br)cc2c1=O,6.920818753952375
O=C(O)C(=O)CC(=O)c1cn(Cc2ccc(F)cc2)c2ccc(Br)cc2c1=O,7.522878745280337
O=C(O)C(=O)CC(=O)c1ccc2c(c1)c(=O)c(C(=O)CC(=O)C(=O)O)cn2Cc1ccc(F)cc1,6.356547323513812
O=C(O)C(=O)CC(=O)c1ccc2c(c1)c(=O)c(C(=O)CC(=O)C(=O)O)cn2Cc1ccc(F)cc1,7.769551078621726
C[C@@]1(c2nc(C(=O)NCc3ccc(F)cc3)c(O)c(=O)[nH]2)CCCN1,7.096910013008056
CN1CCC[C@@]1(C)c1nc(C(=O)NCc2ccc(F)cc2)c(O)c(=O)[nH]1,7.045757490560675
CC(=O)N1CCC[C@@]1(C)c1nc(C(=O)NCc2ccc(F)cc2)c(O)c(=O)[nH]1,7.698970004336019
CC1(c2nc(C(=O)NCc3ccc(F)cc3)c(O)c(=O)[nH]2)CCCCN1,7.698970004336019
CN1CCCCC1(C)c1nc(C(=O)NCc2ccc(F)cc2)c(O)c(=O)[nH]1,6.6020599913279625
CC(=O)N1CCCCC1(C)c1nc(C(=O)NCc2ccc(F)cc2)c(O)c(=O)[nH]1,7.853871964321762
Cc1nc(C)c(C(=O)N2CCCCC2(C)c2nc(C(=O)NCc3ccc(F)cc3)c(O)c(=O)[nH]2)s1,7.698970004336019
CN1CCCCC1(C)c1nc(C(=O)NCc2ccc(F)cc2)c(O)c(=O)n1C,6.259637310505756
CC(=O)N1CCN(C)CC1(C)c1nc(C(=O)NCc2ccc(F)cc2)c(O)c(=O)[nH]1,7.0
CN1CCN(C(=O)c2cnccn2)C(C)(c2nc(C(=O)NCc3ccc(F)cc3)c(O)c(=O)[nH]2)C1,7.0
CC(=O)N1CCN(C)C(C)(c2nc(C(=O)NCc3ccc(F)cc3)c(O)c(=O)n2C)C1,8.397940008672037
CN1CCN(S(=O)(=O)N(C)C)CC1(C)c1nc(C(=O)NCc2ccc(F)cc2)c(O)c(=O)n1C,7.698970004336019
CN1CCN(S(C)(=O)=O)CC1(C)c1nc(C(=O)NCc2ccc(F)cc2)c(O)c(=O)n1C,7.823908740944319
O=C(NCc1ccc(F)cc1)c1nc(C2CCCN2)[nH]c(=O)c1O,6.920818753952375
CN1CCCC1c1nc(O)c(O)c(C(=O)NCc2ccc(F)cc2)n1,7.154901959985743
CC(=O)N1CCCC1c1nc(C(=O)NCc2ccc(F)cc2)c(O)c(=O)[nH]1,7.3979400086720375
O=C(NCc1ccc(F)cc1)c1nc(C2CCCCN2)nc(O)c1O,6.886056647693163
CN1CCCCC1c1nc(O)c(O)c(C(=O)NCc2ccc(F)cc2)n1,6.657577319177793
CC(=O)N1CCCCC1c1nc(C(=O)NCc2ccc(F)cc2)c(O)c(=O)[nH]1,7.698970004336019
Cc1nc(C)c(C(=O)N2CCCCC2c2nc(C(=O)NCc3ccc(F)cc3)c(O)c(=O)[nH]2)s1,7.301029995663981
CN1CCCCC1c1nc(C(=O)NCc2ccc(F)cc2)c(O)c(=O)n1C,6.356547323513812
CC(=O)N1CCN(C)CC1c1nc(C(=O)NCc2ccc(F)cc2)c(O)c(=O)[nH]1,7.522878745280337
CN1CCN(C(=O)c2cnccn2)C(c2nc(C(=O)NCc3ccc(F)cc3)c(O)c(=O)[nH]2)C1,7.221848749616356
CC(=O)N1CCN(C)C(c2nc(C(=O)NCc3ccc(F)cc3)c(O)c(=O)n2C)C1,8.221848749616356
CN1CCN(S(=O)(=O)N(C)C)CC1c1nc(C(=O)NCc2ccc(F)cc2)c(O)c(=O)n1C,7.698970004336019
CN1CCN(S(C)(=O)=O)CC1c1nc(C(=O)NCc2ccc(F)cc2)c(O)c(=O)n1C,7.522878745280337
Cc1nnc(C(=O)NC(C)(C)c2nc(C(=O)NCc3ccc(F)cc3)c(O)c(=O)n2C)o1,7.823908740944319
CN1CCN(S(C)(=O)=O)CC1(C)c1nc(C(=O)NCc2ccc(F)cc2)c(O)c(=O)n1C,7.698970004336019
CN1CCN(S(C)(=O)=O)CC1(C)c1nc(C(=O)NCc2ccc(F)cc2)c(O)c(=O)n1C,7.698970004336019
O=C(O)/C(O)=C/C(=O)c1cc(OCc2ccccc2)cc(OCc2ccccc2)c1,7.0
CC(=O)N(C)c1cc(C(=O)NCc2ccc(F)cc2)c(O)c2ncccc12,7.698970004336019
CC(=O)N(C)CCNc1cc(C(=O)NCc2ccc(F)cc2)c(O)c2ncccc12,7.522878745280337
CC(=O)N1CCN(c2cc(C(=O)NCc3ccc(F)cc3)c(O)c3ncccc23)CC1,7.698970004336019
CN1CCN(c2cc(C(=O)NCc3ccc(F)cc3)c(O)c3ncccc23)CC1,7.3979400086720375
O=C(NCc1ccc(F)cc1)c1ccc2cccnc2c1O,7.522878745280337
CN(C)C(=O)C(=O)N(C)c1cc(C(=O)NCc2ccc(F)cc2)c(O)c2ncccc12,7.3979400086720375
O=C(c1cccc(Cc2ccccc2)c1)c1ccc2cccnc2c1O,7.301029995663981
O=C(c1cccc(Cc2ccccc2)c1)c1ncc2cccnc2c1O,7.3979400086720375
COc1cnc2c(O)c3c(c(OC)c2c1)CN(Cc1ccc(F)cc1)C3=O,7.045757490560675
CN(C)S(=O)(=O)Oc1c2c(c(O)c3ncccc13)C(=O)N(Cc1ccc(F)cc1)C2,6.6020599913279625
O=C1c2c(c(C(=O)N3CCOCC3)c3cccnc3c2O)CN1Cc1ccc(F)cc1,7.3979400086720375
O=C(NCc1ccccn1)c1c2c(c(O)c3ncccc13)C(=O)N(Cc1ccc(F)cc1)C2,6.721246399047171
O=C1c2c(c(-c3c(F)cccc3F)c3cccnc3c2O)CN1Cc1ccc(F)cc1,6.481486060122113
CCOC(=O)c1ccccc1-c1c2c(c(O)c3ncccc13)C(=O)N(Cc1ccc(F)cc1)C2,6.455931955649724
CCOC(=O)c1cccc(-c2c3c(c(O)c4ncccc24)C(=O)N(Cc2ccc(F)cc2)C3)c1,5.6777807052660805
CCOc1ccc(-c2c3c(c(O)c4ncccc24)C(=O)N(Cc2ccc(F)cc2)C3)cc1,5.920818753952375
CN(C)C(=O)Oc1c2c(c(O)c3ncccc13)C(=O)N(Cc1ccc(F)cc1)C2,6.119186407719209
COc1c2c(c(O)c3ncccc13)C(=O)N(Cc1ccc(F)cc1)C2,7.301029995663981
CN(C)C(=O)Oc1c2c(c(O)c3ncccc13)C(=O)N(Cc1ccc(F)cc1)C2=O,5.619788758288394
COc1c2c(c(O)c3ncccc13)C(=O)N(Cc1ccc(F)cc1)C2=O,7.096910013008056
O=C1c2c(cc3cccnc3c2O)CN1Cc1ccc(F)cc1,7.154901959985743
O=C(O)/C(O)=C/C(=O)c1ccc(Oc2ccccc2)cc1,4.943095148663527
O=C(O)/C(O)=C/C(=O)c1cccc(OCc2ccccc2)c1,6.455931955649724
O=C(O)/C(O)=C/C(=O)c1cccc(Br)c1,5.6020599913279625
O=C(/C=C(\O)C(=O)O)C(=O)c1cccc(C(=O)c2ccccc2)c1,5.619788758288394
[N-]=[N+]=NCc1cccc(C(=O)/C=C(\O)C(=O)O)c1,6.481486060122113
[N-]=[N+]=NCc1cc(CN=[N+]=[N-])cc(C(=O)/C=C(\O)C(=O)O)c1,6.337242168318426
O=C(O)/C(O)=C/C(=O)c1cccc(Cc2cccc(Cl)c2)c1,7.0
O=C(O)/C(O)=C/C(=O)c1cccc(Cc2ccccc2Cl)c1,7.0
O=C(O)/C(O)=C/C(=O)c1cccc(Cc2ccc(F)cc2)c1,7.0
O=C(O)/C(O)=C/C(=O)c1cccc(Cc2ccccc2F)c1,7.0
O=C(O)/C(O)=C/C(=O)c1cccc(Cc2ccccc2)c1,7.0
COc1ccc(Cc2cccc(C(=O)/C=C(\O)C(=O)O)c2)cc1,6.823908740944319
O=C(O)/C(O)=C/C(=O)c1ccc(Cc2ccccc2)s1,6.301029995663981
O=C(O)/C(O)=C/C(=O)c1csc(Cc2ccccc2)c1,6.886056647693163
O=C(O)/C(O)=C/C(=O)c1ccn(Cc2ccccc2)c1,6.259637310505756
O=C(O)/C(O)=C/C(=O)c1cccn1Cc1ccccc1,6.657577319177793
COc1cccc(Cc2cccc(C(=O)/C=C(\O)C(=O)O)c2)c1,6.853871964321762
O=C(O)/C(O)=C/C(=O)c1cccc(Cc2cccc(F)c2)c1,6.6020599913279625
O=C(O)/C(O)=C/C(=O)c1cccc(Cc2ccc(Cl)cc2)c1,6.1249387366083
O=C(O)/C(O)=C/C(=O)C1C=CSC1Cc1ccccc1,6.7447274948966935
O=C(O)/C(O)=C/C(=O)c1ccccc1Cc1ccccc1,5.246416941107094
O=C(O)/C(O)=C/C(=O)c1cccn1Cc1ccc(-c2ccccc2)cc1,5.1249387366083
O=C(O)/C(O)=C/C(=O)c1cccn1CCCc1ccccc1,6.301029995663981
O=C(O)c1cc2ccn(Cc3ccccc3F)c2cn1,4.301029995663981
O=C(O)c1cc2ccn(Cc3ccc(F)cc3F)c2cn1,5.455931955649724
O=C(O)c1cc2ccn(Cc3ccc(F)cc3)c2cn1,5.133712660915805
O=C(O)c1cc2ccn(Cc3ccc(F)c(F)c3F)c2cn1,5.432973633840939
O=C(O)c1cc2ccn(Cc3cccc(Cl)c3F)c2cn1,6.022276394711152
O=C(O)c1cc2ccn(Cc3c(F)cc(Cl)cc3F)c2cn1,5.924453038607469
O=C(O)c1cc2ccn(Cc3cccc(Cl)c3Cl)c2cn1,5.266000713461613
O=C(O)c1cc2ccn(Cc3cc(Cl)cs3)c2cn1,5.494850021680094
O=C(NO)c1cc2ccn(Cc3ccc(F)cc3F)c2cn1,4.075720713938118
O=C(NO)c1cc2ccn(Cc3ccc(F)cc3)c2cn1,3.8632794328435933
O=C(NO)c1cc2ccn(Cc3cccc(Cl)c3F)c2cn1,3.9913998282380825
O=C(NO)c1cc2ccn(Cc3c(F)ccc(Cl)c3F)c2cn1,3.8827287043442356
O=C(NO)c1cc2ccn(Cc3cccc(Cl)c3Cl)c2cn1,3.354577730650908
O=C(NO)c1cc2ccn(Cc3ccc(Cl)s3)c2cn1,3.4122890349810886
O=C(NO)c1cc2ccn(Cc3ccccn3)c2cn1,3.1084625423274357
O=C(NO)c1cc2ccn(Cc3ncccc3CO)c2cn1,2.24184537803261
N#Cc1cc(F)ccc1Cn1ccc2cc(C(=O)NO)ncc21,3.0904439707588245
N#Cc1cccc(Cn2ccc3cc(C(=O)NO)ncc32)c1,2.7904849854573692
N#Cc1ccc(Cn2ccc3cc(C(=O)NO)ncc32)cc1,2.0
NC(=O)c1cc(F)ccc1Cn1ccc2cc(C(=O)NO)ncc21,2.886056647693163
NC(=O)c1cc(Cn2ccc3cc(C(=O)NO)ncc32)ccc1F,3.216096420727265
NC(=O)c1cccc(Cn2ccc3cc(C(=O)NO)ncc32)c1,2.764471553092451
NC(=O)c1ccc(Cn2ccc3cc(C(=O)NO)ncc32)cc1,2.0
CN(O)C(=O)c1cc2ccn(Cc3ccc(F)cc3F)c2cn1,3.6020599913279625
CONC(=O)c1cc2ccn(Cc3ccc(F)cc3F)c2cn1,3.4485500020271247
CON(C)C(=O)c1cc2ccn(Cc3ccc(F)cc3F)c2cn1,1.3010299956639813
CN(O)C(=O)c1cc2ccn(Cc3ccc(F)cc3)c2cn1,3.6020599913279625
CCCN(O)C(=O)c1cc2ccn(Cc3ccc(F)cc3)c2cn1,3.209011524911184
O=C(c1cc2ccn(Cc3ccc(F)cc3)c2cn1)N(O)CCCO,3.094743951251549
CC(C)CN(O)C(=O)c1cc2ccn(Cc3ccc(F)cc3)c2cn1,2.769551078621726
CC(C)N(O)C(=O)c1cc2ccn(Cc3ccc(F)cc3)c2cn1,2.0969100130080562
O=C(c1cc2ccn(Cc3ccc(F)cc3)c2cn1)N(O)Cc1ccccc1,1.6382721639824072
O=C1c2ccc(O)c(O)c2C(=O)N1Cc1ccccc1,6.4089353929735005
O=C1c2ccc(O)c(O)c2C(=O)N1Cc1cccc2ccccc12,6.142667503568732
O=C1c2c(ccc(O)c2O)CN1Cc1ccc2ccccc2c1,6.096910013008056
O=C1c2ccc(O)c(O)c2C(=O)N1Cc1ccc2ccccc2c1,6.017728766960431
O=C1c2ccc(O)c(O)c2C(=O)N1[C@H]1CCc2ccccc21,5.7447274948966935
O=C1c2ccc(O)c(O)c2C(=O)N1C1Cc2ccccc2C1,5.3979400086720375
C[C@@H](c1cccc2ccccc12)N1Cc2ccc(O)c(O)c2C1=O,5.3979400086720375
C[C@@H](c1ccc2ccccc2c1)N1Cc2ccc(O)c(O)c2C1=O,5.337242168318426
O=C1c2ccc(O)c(O)c2C(=O)N1Cc1ccc(F)cc1,5.301029995663981
C[C@@H](C1CCc2ccccc21)N1Cc2ccc(O)c(O)c2C1=O,5.221848749616356
O=C1c2ccc(O)c(O)c2C(=O)N1CCc1ccccc1,5.167491087293763
O=C1c2ccc(O)c(O)c2C(=O)N1Cc1ccc(F)cc1,5.096910013008056
C[C@@H](C1CCCc2ccccc21)N1Cc2ccc(O)c(O)c2C1=O,5.045757490560675
O=C1c2ccc(O)c(O)c2C(=O)N1[C@H]1CCCc2ccccc21,5.0
O=C1c2ccc(O)c(O)c2C(=O)N1[C@@H]1CCc2ccccc21,4.920818753952375
C[C@@H](c1ccc(F)cc1)N1Cc2ccc(O)c(O)c2C1=O,4.91721462968355
O=C1c2ccc(O)c(O)c2C(=O)N1Cc1ccc2ccccc2c1,4.7447274948966935
O=C1c2c(ccc(O)c2O)CN1C1Cc2ccccc2C1,4.638272163982407
O=C1c2c(ccc(O)c2O)CN1Cc1ccc2ccccc2c1,4.619788758288394
C[C@H](c1ccc2ccccc2c1)N1Cc2ccc(O)c(O)c2C1=O,4.619788758288394
C[C@H](c1ccc(F)cc1)N1Cc2ccc(O)c(O)c2C1=O,4.61261017366127
O=C1c2ccc(O)c(O)c2C(=O)N1C1Cc2ccccc2C1,4.431798275933005
C[C@H](c1cccc2ccccc12)N1Cc2ccc(O)c(O)c2C1=O,4.316052869248487
C[C@@H](c1ccccc1)N1Cc2ccc(O)c(O)c2C1=O,4.309803919971486
O=C1c2ccc(O)c(O)c2C(=O)N1Cc1ccccc1,4.142667503568732
O=C1c2ccc(O)c(O)c2C(=O)N1[C@@H]1CCCc2ccccc21,4.0915149811213505
C[C@H](C1CCc2ccccc21)N1Cc2ccc(O)c(O)c2C1=O,4.00436480540245
C[C@H](c1ccccc1)N1Cc2ccc(O)c(O)c2C1=O,4.0
O=C1c2ccc(O)c(O)c2C(=O)N1[C@H]1CCCc2ccccc21,3.9546770212133424
C[C@H](C1CCCc2ccccc21)N1Cc2ccc(O)c(O)c2C1=O,3.9172146296835497
O=C1c2ccc(O)c(O)c2C(=O)N1[C@H]1CCc2ccccc21,3.8927900303521317
O=C1c2ccc(O)c(O)c2C(=O)N1Cc1cccc2ccccc12,3.8239087409443187
O=C1c2ccc(O)c(O)c2C(=O)N1CCc1ccccc1,3.804100347590766
O=C1c2ccc(O)c(O)c2C(=O)N1[C@@H]1CCc2ccccc21,3.537602002101044
C[C@@H](c1ccc(F)cc1)N1Cc2ccc(O)c(O)c2C1=O,3.9546770212133424
C[C@@H](c1cccc2ccccc12)N1Cc2ccc(O)c(O)c2C1=O,3.9546770212133424
C[C@@H](c1ccc2ccccc2c1)N1Cc2ccc(O)c(O)c2C1=O,3.9546770212133424
C[C@H](c1cccc2ccccc12)N1Cc2ccc(O)c(O)c2C1=O,3.9546770212133424
C[C@H](c1ccc2ccccc2c1)N1Cc2ccc(O)c(O)c2C1=O,3.9546770212133424
O=C1c2c(ccc(O)c2O)CN1C1Cc2ccccc2C1,3.4775557664936803
C[C@@H](c1ccccc1)N1Cc2ccc(O)c(O)c2C1=O,3.4775557664936803
C[C@@H](C1CCc2ccccc21)N1Cc2ccc(O)c(O)c2C1=O,3.4775557664936803
C[C@@H](C1CCCc2ccccc21)N1Cc2ccc(O)c(O)c2C1=O,3.4775557664936803
C[C@H](c1ccccc1)N1Cc2ccc(O)c(O)c2C1=O,3.4775557664936803
C[C@H](c1ccc(F)cc1)N1Cc2ccc(O)c(O)c2C1=O,3.4775557664936803
C[C@H](C1CCc2ccccc21)N1Cc2ccc(O)c(O)c2C1=O,3.4775557664936803
C[C@H](C1CCCc2ccccc21)N1Cc2ccc(O)c(O)c2C1=O,3.4775557664936803
O=C1c2ccc(O)c(O)c2C(=O)N1[C@@H]1CCCc2ccccc21,3.4775557664936803
COc1cc(/C=C/C(=O)CC(=O)/C=C/c2ccc(O)c(OC)c2)ccc1O,4.3979400086720375
COc1cc(/C=C/C(=O)CC(=O)/C=C/c2ccc(O)c(OC)c2)ccc1O,4.522878745280337
O=C(NCc1ccccc1)c1nc(-c2cccs2)nc(O)c1O,7.070019409484486
O=C(NCC1CCCCC1)c1nc(-c2cccs2)nc(O)c1O,8.0
O=C(NCCc1ccccc1)c1nc(-c2cccs2)nc(O)c1O,7.700057099977233
O=C(Nc1ccccc1)c1nc(-c2cccs2)nc(O)c1O,6.0
O=C(Nc1ccc2ccccc2c1)c1nc(-c2cccs2)nc(O)c1O,7.519993057042849
C[C@H](NC(=O)c1nc(-c2cccs2)nc(O)c1O)c1ccc2ccccc2c1,7.400007822415902
C[C@@H](NC(=O)c1nc(-c2cccs2)nc(O)c1O)c1ccc2ccccc2c1,6.209996479609511
O=C(Nc1cccc2ccccc12)c1nc(-c2cccs2)nc(O)c1O,6.669992299127241
O=C(N[C@@H]1CCc2ccccc21)c1nc(-c2cccs2)nc(O)c1O,7.700057099977233
O=C(N[C@H]1CCc2ccccc21)c1nc(-c2cccs2)nc(O)c1O,6.209996479609511
O=C(NCc1ccncc1)c1nc(-c2cccs2)nc(O)c1O,4.779999975777493
O=C(NCn1cncn1)c1nc(-c2cccs2)nc(O)c1O,4.300000029139088
O=C(NCn1ccnc1)c1nc(-c2cccs2)nc(O)c1O,4.769999911123512
O=C(NCc1cccs1)c1nc(-c2cccs2)nc(O)c1O,7.0
O=C(NCc1nccs1)c1nc(-c2cccs2)nc(O)c1O,6.699991797446187
O=C(NCc1cncs1)c1nc(-c2cccs2)nc(O)c1O,5.59999938302362
O=C(NCc1cc2ccccc2s1)c1nc(-c2cccs2)nc(O)c1O,8.0
O=C(NCc1csc2ccccc12)c1nc(-c2cccs2)nc(O)c1O,7.299988937677887
O=C(NCc1c[nH]c2ccccc12)c1nc(-c2cccs2)nc(O)c1O,7.700057099977233
COc1ccccc1CNC(=O)c1nc(-c2cccs2)nc(O)c1O,7.0400051616715835
COc1cccc(CNC(=O)c2nc(-c3cccs3)nc(O)c2O)c1,7.299988937677887
COc1ccc(CNC(=O)c2nc(-c3cccs3)nc(O)c2O)cc1,6.260000690598032
Cc1ccccc1CNC(=O)c1nc(-c2cccs2)nc(O)c1O,6.959991363986458
Cc1cccc(CNC(=O)c2nc(-c3cccs3)nc(O)c2O)c1,7.400007822415902
Cc1ccc(CNC(=O)c2nc(-c3cccs3)nc(O)c2O)cc1,7.15002808767115
O=C(NCc1ccccc1-c1ccccc1)c1nc(-c2cccs2)nc(O)c1O,6.890016705180107
O=C(NCc1cccc(-c2ccccc2)c1)c1nc(-c2cccs2)nc(O)c1O,7.299988937677887
O=C(NCc1ccc(-c2ccccc2)cc1)c1nc(-c2cccs2)nc(O)c1O,4.300000029139088
O=C(NCc1ccc(Cl)cc1)c1nc(-c2cccs2)nc(O)c1O,7.700057099977233
O=C(NCc1ccccc1F)c1nc(-c2cccs2)nc(O)c1O,6.790002703917631
O=C(NCc1cccc(F)c1)c1nc(-c2cccs2)nc(O)c1O,7.15002808767115
O=C(NCc1ccc(F)cc1)c1nc(-c2cccs2)nc(O)c1O,8.0
O=C(NCc1ccc(Cl)c(Cl)c1)c1nc(-c2cccs2)nc(O)c1O,8.0
Nc1ccn([C@H]2C[C@H](OP(=O)(O)OC[C@H]3O[C@@H](n4cnc5c(N)ncnc54)C[C@@H]3O)[C@@H](CO)O2)c(=O)n1,3.4685210829577446
Nc1ccn([C@@H]2C[C@@H](OP(=O)(O)OC[C@@H]3O[C@H](n4cnc5c(N)ncnc54)C[C@H]3O)[C@H](CO)O2)c(=O)n1,3.4685210829577446
Nc1ccn([C@@H]2C[C@@H](O)[C@H](COP(=O)(O)O[C@@H]3C[C@@H](n4cnc5c(N)ncnc54)O[C@H]3CO)O2)c(=O)n1,3.4685210829577446
NCCNc1ccn([C@H]2C[C@H](OP(=O)(O)OC[C@H]3O[C@@H](n4cnc5c(N)ncnc54)C[C@@H]3O)[C@@H](CO)O2)c(=O)n1,3.0
NCCCNc1ccn([C@H]2C[C@H](OP(=O)(O)OC[C@H]3O[C@@H](n4cnc5c(N)ncnc54)C[C@@H]3O)[C@@H](CO)O2)c(=O)n1,3.0
NCCCCNc1ccn([C@H]2C[C@H](OP(=O)(O)OC[C@H]3O[C@@H](n4cnc5c(N)ncnc54)C[C@@H]3O)[C@@H](CO)O2)c(=O)n1,3.0
NCCCCCNc1ccn([C@H]2C[C@H](OP(=O)(O)OC[C@H]3O[C@@H](n4cnc5c(N)ncnc54)C[C@@H]3O)[C@@H](CO)O2)c(=O)n1,3.4685210829577446
NCCCCCCNc1ccn([C@H]2C[C@H](OP(=O)(O)OC[C@H]3O[C@@H](n4cnc5c(N)ncnc54)C[C@@H]3O)[C@@H](CO)O2)c(=O)n1,3.4685210829577446
Cl.N=C(N)NCCCCNc1ccn([C@H]2C[C@H](OP(=O)(O)OC[C@H]3O[C@@H](n4cnc5c(N)ncnc54)C[C@@H]3O)[C@@H](CO)O2)c(=O)n1,3.4685210829577446
Cl.N=C(N)NCCCCCNc1ccn([C@H]2C[C@H](OP(=O)(O)OC[C@H]3O[C@@H](n4cnc5c(N)ncnc54)C[C@@H]3O)[C@@H](CO)O2)c(=O)n1,3.4685210829577446
Cl.N=C(N)NCCCCCCNc1ccn([C@H]2C[C@H](OP(=O)(O)OC[C@H]3O[C@@H](n4cnc5c(N)ncnc54)C[C@@H]3O)[C@@H](CO)O2)c(=O)n1,3.4685210829577446
Nc1ccn([C@H]2C[C@H](O)[C@@H](COP(=O)(O)OC[C@H]3O[C@@H](n4cnc5c(N)ncnc54)C[C@@H]3O)O2)c(=O)n1,3.4685210829577446
Nc1ccn([C@H]2C[C@H](OP(=O)(O)O[C@H]3C[C@H](n4cnc5c(N)ncnc54)O[C@@H]3CO)[C@@H](CO)O2)c(=O)n1,3.4685210829577446
Nc1ccn([C@H]2C[C@H](OP(=O)(S)OC[C@H]3O[C@@H](n4cnc5c(N)ncnc54)C[C@@H]3O)[C@@H](CO)O2)c(=O)n1,3.4685210829577446
Nc1ccn([C@H]2C[C@H](O)[C@@H](COP(=O)(S)OC[C@H]3O[C@@H](n4cnc5c(N)ncnc54)C[C@@H]3O)O2)c(=O)n1,3.4685210829577446
Nc1ccn([C@H]2C[C@H](OP(=O)(S)O[C@H]3C[C@H](n4cnc5c(N)ncnc54)O[C@@H]3CO)[C@@H](CO)O2)c(=O)n1,3.958607314841775
NCCCCNP(=O)(OC[C@H]1O[C@@H](n2cnc3c(N)ncnc32)C[C@@H]1O)O[C@H]1C[C@H](n2ccc(N)nc2=O)O[C@@H]1CO,3.4685210829577446
NCCCCNP(=O)(OC[C@H]1O[C@@H](n2ccc(N)nc2=O)C[C@@H]1O)OC[C@H]1O[C@@H](n2cnc3c(N)ncnc32)C[C@@H]1O,3.9913998282380825
NCCCCNP(=O)(O[C@H]1C[C@H](n2ccc(N)nc2=O)O[C@@H]1CO)O[C@H]1C[C@H](n2cnc3c(N)ncnc32)O[C@@H]1CO,4.0
N=C(N)NCCCCNP(=O)(OC[C@H]1O[C@@H](n2cnc3c(N)ncnc32)C[C@@H]1O)O[C@H]1C[C@H](n2ccc(N)nc2=O)O[C@@H]1CO,3.4685210829577446
N=C(N)NCCCCNP(=O)(OC[C@H]1O[C@@H](n2ccc(N)nc2=O)C[C@@H]1O)OC[C@H]1O[C@@H](n2cnc3c(N)ncnc32)C[C@@H]1O,4.0
N=C(N)NCCCCNP(=O)(O[C@H]1C[C@H](n2ccc(N)nc2=O)O[C@@H]1CO)O[C@H]1C[C@H](n2cnc3c(N)ncnc32)O[C@@H]1CO,4.0
NCCN(CCN)CCCSP(=O)(O)OC[C@H]1O[C@@H](n2ccc(N)nc2=O)C[C@@H]1OP(=O)(O)OC[C@H]1O[C@@H](n2cnc3c(N)ncnc32)C[C@@H]1OP(=O)(O)O,3.104577453960592
COc1ccc2nc3cc(Cl)ccc3c(NCCCCCCOP(=O)(O)OC[C@H]3O[C@@H](n4ccc(N)nc4=O)C[C@@H]3OP(=O)(O)OC[C@H]3O[C@@H](n4cnc5c(N)ncnc54)C[C@@H]3OP(=O)(O)O)c2c1,4.87942606879415
COc1ccc2nc3cc(Cl)ccc3c(NCCC[N+](C)(C)CCCSP(=O)(O)OC[C@H]3O[C@@H](n4ccc(N)nc4=O)C[C@@H]3OP(=O)([O-])OC[C@H]3O[C@@H](n4cnc5c(N)ncnc54)C[C@@H]3OP(=O)(O)O)c2c1,4.0
Nc1ccn([C@H]2C[C@H](OP(=O)(O)OC[C@H]3O[C@@H](n4cnc5c(N)ncnc54)C[C@@H]3OP(=O)(O)O)[C@@H](COP(=O)(O)SCCCCCC(=O)Nc3cccc4c3C(=O)c3ccccc3C4=O)O2)c(=O)n1,4.856985199745905
Nc1ccn([C@H]2C[C@H](OP(=O)(O)OC[C@H]3O[C@@H](n4cnc5c(N)ncnc54)C[C@@H]3OP(=O)(O)O)[C@@H](COP(=O)(O)SCCCCCC(=O)Nc3ccc(N)c4c3C(=O)c3ccccc3C4=O)O2)c(=O)n1,4.872895201635193
Nc1ccn([C@H]2C[C@H](OP(=O)(O)OC[C@H]3O[C@@H](n4cnc5c(N)ncnc54)C[C@@H]3OP(=O)(O)O)[C@@H](COP(=O)(O)OCCCCCCNC(=O)c3ccc4c(c3)C(=O)c3cc(C(=O)NCCCCCCO)ccc3C4=O)O2)c(=O)n1,4.6777807052660805
Nc1ccn([C@H]2C[C@H](OP(=O)(O)OC[C@H]3O[C@@H](n4cnc5c(N)ncnc54)C[C@@H]3OP(=O)(O)O)[C@@H](COP(=O)(O)OCCCCCCNC(=O)c3ccc4c(c3)C(=O)c3cc(C(=O)NCCCCCCO)ccc3C4=O)O2)c(=O)n1,4.183758700008217
Nc1ccn([C@H]2C[C@H](OP(=O)(O)OC[C@H]3O[C@@H](n4cnc5c(N)ncnc54)C[C@@H]3OP(=O)(O)O)[C@@H](COP(=O)(O)O[C@H]3C[C@H](OCCCc4ccc5c6cccc7cccc(c8cccc4c85)c76)O[C@@H]3CO)O2)c(=O)n1,4.522878745280337
Nc1ccn([C@H]2C[C@H](OP(=O)(O)OC[C@H]3O[C@@H](n4cnc5c(N)ncnc54)C[C@@H]3OP(=O)(O)O)[C@@H](COP(=O)(O)OCCCCCCNCc3ccc4c5cccc6cccc(c7cccc3c74)c65)O2)c(=O)n1,5.7447274948966935
Nc1ccn([C@H]2C[C@H](OP(=O)(O)OC[C@H]3O[C@@H](n4cnc5c(N)ncnc54)C[C@@H]3OP(=O)(O)NCCCO)[C@@H](COP(=O)(O)O)O2)c(=O)n1,4.0
Nc1ccn([C@H]2C[C@H](OP(=O)(O)OC[C@H]3O[C@@H](n4cnc5c(N)ncnc54)C[C@@H]3OP(=O)(O)NCCCCCCCCCCCCO)[C@@H](COP(=O)(O)O)O2)c(=O)n1,4.0
NCCCCCCNP(=O)(O)O[C@H]1C[C@H](n2cnc3c(N)ncnc32)O[C@@H]1COP(=O)(O)O[C@H]1C[C@H](n2ccc(N)nc2=O)O[C@@H]1COP(=O)(O)O,4.0
COc1ccc2nc3cc(Cl)ccc3c(NCCCCSP(=O)(O)O[C@H]3C[C@H](n4cnc5c(N)ncnc54)O[C@@H]3COP(=O)(O)O[C@H]3C[C@H](n4ccc(N)nc4=O)O[C@@H]3COP(=O)(O)O)c2c1,4.0
COc1ccc2nc3cc(Cl)ccc3c(NCCCCCCSP(=O)(O)O[C@H]3C[C@H](n4cnc5c(N)ncnc54)O[C@@H]3COP(=O)(O)O[C@H]3C[C@H](n4ccc(N)nc4=O)O[C@@H]3COP(=O)(O)O)c2c1,4.0
COc1ccc2nc3cc(Cl)ccc3c(NCCC[N+](C)(C)CCCSP(=O)(O)O[C@H]3C[C@H](n4cnc5c(N)ncnc54)O[C@@H]3COP(=O)([O-])O[C@H]3C[C@H](n4ccc(N)nc4=O)O[C@@H]3COP(=O)(O)O)c2c1,4.0
O=c1c(O)c(-c2ccc(O)c(O)c2)oc2cc(O)c(O)c(O)c12,6.096910013008056
CC(C)C[C@H](NC(=O)[C@H](CC(C)C)NC(=O)[C@H](CCC(N)=O)NC(=O)[C@H](CCC(N)=O)NC(=O)[C@@H](N)CC(C)C)C(=O)N[C@@H](Cc1ccccc1)C(=O)O,4.167491087293763
CC(C)C[C@H](NC(=O)[C@H](CC(C)C)NC(=O)[C@H](CCC(N)=O)NC(=O)[C@H](CCC(N)=O)NC(=O)[C@@H](N)CC(C)C)C(=O)N[C@@H](Cc1ccccc1)C(=O)O,4.0
CC(=O)N[C@@H](CC(C)C)C(=O)N[C@@H](CCC(N)=O)C(=O)N[C@@H](CCC(N)=O)C(=O)N[C@@H](CC(C)C)C(=O)N[C@@H](CC(C)C)C(=O)N[C@@H](Cc1ccccc1)C(=O)N[C@@H](CCCNC(=N)N)C(=O)N[C@@H](CCCNC(=N)N)C(=O)N[C@@H](CCCNC(=N)N)C(=O)N[C@@H](CCCNC(=N)N)C(=O)N[C@@H](CCCNC(=N)N)C(=O)N[C@@H](CCCNC(=N)N)C(=O)N[C@@H](CCCNC(=N)N)C(=O)N[C@@H](CCCNC(=N)N)C(N)=O,5.214670164989233
CC(=O)N[C@@H](CC(C)C)C(=O)N[C@@H](CCC(N)=O)C(=O)N[C@@H](CCC(N)=O)C(=O)N[C@@H](CC(C)C)C(=O)N[C@@H](CC(C)C)C(=O)N[C@@H](Cc1ccccc1)C(=O)N[C@@H](CCCNC(=N)N)C(=O)N[C@@H](CCCNC(=N)N)C(=O)N[C@@H](CCCNC(=N)N)C(=O)N[C@@H](CCCNC(=N)N)C(=O)N[C@@H](CCCNC(=N)N)C(=O)N[C@@H](CCCNC(=N)N)C(=O)N[C@@H](CCCNC(=N)N)C(=O)N[C@@H](CCCNC(=N)N)C(N)=O,4.958607314841775
CC[C@H](C)[C@H](NC(C)=O)C(=O)N[C@@H](Cc1cnc[nH]1)C(=O)N[C@@H](Cc1ccccc1)C(=O)N[C@@H](CCCNC(=N)N)C(=O)N[C@H](C(=O)NCC(=O)N[C@@H](CCCNC(=N)N)C(=O)N[C@@H](CCCNC(=N)N)C(=O)N[C@@H](CCCNC(=N)N)C(=O)N[C@@H](CCCNC(=N)N)C(=O)N[C@@H](CCCNC(=N)N)C(=O)N[C@@H](CCCNC(=N)N)C(=O)N[C@@H](CCCNC(=N)N)C(=O)N[C@@H](CCCNC(=N)N)C(N)=O)[C@@H](C)CC,6.154901959985743
CC[C@H](C)[C@H](NC(C)=O)C(=O)N[C@@H](Cc1cnc[nH]1)C(=O)N[C@@H](Cc1ccccc1)C(=O)N[C@@H](CCCNC(=N)N)C(=O)N[C@H](C(=O)NCC(=O)N[C@@H](CCCNC(=N)N)C(=O)N[C@@H](CCCNC(=N)N)C(=O)N[C@@H](CCCNC(=N)N)C(=O)N[C@@H](CCCNC(=N)N)C(=O)N[C@@H](CCCNC(=N)N)C(=O)N[C@@H](CCCNC(=N)N)C(=O)N[C@@H](CCCNC(=N)N)C(=O)N[C@@H](CCCNC(=N)N)C(N)=O)[C@@H](C)CC,6.080921907623926
CC[C@H](C)[C@H](NC(=O)[C@H](CCCNC(=N)N)NC(=O)[C@H](Cc1ccccc1)NC(=O)[C@H](Cc1cnc[nH]1)NC(=O)[C@@H](NC(=O)[C@H](Cc1ccccc1)NC(=O)[C@H](CC(C)C)NC(=O)[C@H](CC(C)C)NC(=O)[C@H](CCC(N)=O)NC(=O)[C@H](CCC(N)=O)NC(=O)[C@H](CC(C)C)NC(C)=O)[C@@H](C)CC)C(=O)NCC(=O)N[C@@H](CCCNC(=N)N)C(=O)N[C@@H](CCCNC(=N)N)C(=O)N[C@@H](CCCNC(=N)N)C(=O)N[C@@H](CCCNC(=N)N)C(=O)N[C@@H](CCCNC(=N)N)C(=O)N[C@@H](CCCNC(=N)N)C(=O)N[C@@H](CCCNC(=N)N)C(=O)N[C@@H](CCCNC(=N)N)C(N)=O,8.397940008672037
CC[C@H](C)[C@H](NC(=O)[C@H](CCCNC(=N)N)NC(=O)[C@H](Cc1ccccc1)NC(=O)[C@H](Cc1cnc[nH]1)NC(=O)[C@@H](NC(=O)[C@H](Cc1ccccc1)NC(=O)[C@H](CC(C)C)NC(=O)[C@H](CC(C)C)NC(=O)[C@H](CCC(N)=O)NC(=O)[C@H](CCC(N)=O)NC(=O)[C@H](CC(C)C)NC(C)=O)[C@@H](C)CC)C(=O)NCC(=O)N[C@@H](CCCNC(=N)N)C(=O)N[C@@H](CCCNC(=N)N)C(=O)N[C@@H](CCCNC(=N)N)C(=O)N[C@@H](CCCNC(=N)N)C(=O)N[C@@H](CCCNC(=N)N)C(=O)N[C@@H](CCCNC(=N)N)C(=O)N[C@@H](CCCNC(=N)N)C(=O)N[C@@H](CCCNC(=N)N)C(N)=O,8.096910013008056
CC[C@H](C)[C@H](NC(=O)[C@H](C)NC(=O)[C@H](CCC(=O)O)NC(C)=O)C(=O)N[C@H](C(=O)N[C@@H](CCCNC(=N)N)C(=O)N[C@H](C(=O)N[C@@H](CC(C)C)C(=O)N[C@@H](CCC(N)=O)C(=O)N[C@@H](CCC(N)=O)C(=O)N[C@@H](CC(C)C)C(=O)N[C@@H](CC(C)C)C(=O)N[C@@H](Cc1ccccc1)C(=O)N[C@H](C(=O)N[C@@H](Cc1cnc[nH]1)C(=O)N[C@@H](Cc1ccccc1)C(=O)N[C@@H](CCCNC(=N)N)C(=O)N[C@H](C(=O)NCC(=O)N[C@@H](CCCNC(=N)N)C(=O)N[C@@H](CCCNC(=N)N)C(=O)N[C@@H](CCCNC(=N)N)C(=O)N[C@@H](CCCNC(=N)N)C(=O)N[C@@H](CCCNC(=N)N)C(=O)N[C@@H](CCCNC(=N)N)C(=O)N[C@@H](CCCNC(=N)N)C(=O)N[C@@H](CCCNC(=N)N)C(N)=O)[C@@H](C)CC)[C@@H](C)CC)[C@@H](C)CC)[C@@H](C)CC,8.301029995663981
CC[C@H](C)[C@H](NC(=O)[C@H](C)NC(=O)[C@H](CCC(=O)O)NC(C)=O)C(=O)N[C@H](C(=O)N[C@@H](CCCNC(=N)N)C(=O)N[C@H](C(=O)N[C@@H](CC(C)C)C(=O)N[C@@H](CCC(N)=O)C(=O)N[C@@H](CCC(N)=O)C(=O)N[C@@H](CC(C)C)C(=O)N[C@@H](CC(C)C)C(=O)N[C@@H](Cc1ccccc1)C(=O)N[C@H](C(=O)N[C@@H](Cc1cnc[nH]1)C(=O)N[C@@H](Cc1ccccc1)C(=O)N[C@@H](CCCNC(=N)N)C(=O)N[C@H](C(=O)NCC(=O)N[C@@H](CCCNC(=N)N)C(=O)N[C@@H](CCCNC(=N)N)C(=O)N[C@@H](CCCNC(=N)N)C(=O)N[C@@H](CCCNC(=N)N)C(=O)N[C@@H](CCCNC(=N)N)C(=O)N[C@@H](CCCNC(=N)N)C(=O)N[C@@H](CCCNC(=N)N)C(=O)N[C@@H](CCCNC(=N)N)C(N)=O)[C@@H](C)CC)[C@@H](C)CC)[C@@H](C)CC)[C@@H](C)CC,8.221848749616356
CC(C)c1c(Cc2ccccc2)[nH]c(=O)n(CCCCCCc2ccc(C(=O)/C=C(\O)C(=O)O)cc2)c1=O,4.0
CC(C)c1c(Cc2ccccc2)[nH]c(=O)n(CCCCc2ccc(C(=O)/C=C(\O)C(=O)O)cc2)c1=O,4.431798275933005
CC(C)c1c(Cc2ccccc2)[nH]c(=O)n(CCCc2ccc(C(=O)/C=C(\O)C(=O)O)cc2)c1=O,4.920818753952375
CC(C)c1c(Cc2ccccc2)[nH]c(=O)n(CCc2ccc(C(=O)/C=C(\O)C(=O)O)cc2)c1=O,5.096910013008056
CCc1c(Cc2ccccc2)nc(SCc2ccc(Cc3cccc(C(=O)/C=C(\O)C(=O)O)c3)cc2)[nH]c1=O,4.0
CCc1c(Cc2ccccc2)nc(SCc2ccc(C(=O)/C=C(\O)C(=O)O)cc2)[nH]c1=O,4.0
CC(C)c1c(Cc2ccccc2)n(COCCCc2ccc(C(=O)/C=C(\O)C(=O)O)cc2)c(=O)[nH]c1=O,5.086186147616283
CC(C)c1c(Cc2ccccc2)n(COCCc2ccc(C(=O)/C=C(\O)C(=O)O)cc2)c(=O)[nH]c1=O,5.130768280269024
CCc1c(Cc2cc(C)cc(C)c2)n(COCc2ccc(Cc3cccc(C(=O)/C=C(\O)C(=O)O)c3)cc2)c(=O)[nH]c1=O,4.853871964321762
CCc1c(Cc2ccccc2)n(COCc2ccc(Cc3cccc(C(=O)/C=C(\O)C(=O)O)c3)cc2)c(=O)[nH]c1=O,4.795880017344075
Cc1cc(C)cc(Cc2c(C(C)C)c(=O)[nH]c(=O)n2COCc2ccc(Cc3cccc(C(=O)/C=C(\O)C(=O)O)c3)cc2)c1,4.657577319177793
CC(C)c1c(Cc2ccccc2)n(COCc2ccc(Cc3cccc(C(=O)/C=C(\O)C(=O)O)c3)cc2)c(=O)[nH]c1=O,4.958607314841775
Oc1ccc(-c2ccc3cc(O)c(O)cc3c2)cc1O,5.6777807052660805
Oc1cccc(-c2ccc3c(O)c(O)ccc3c2)c1O,6.0
Oc1cc(-c2ccc3cc(O)c(O)c(O)c3c2)cc(O)c1O,6.301029995663981
O=C1C(=O)c2cc(-c3cc(O)c(O)c(O)c3)ccc2C(Oc2c(O)cc(-c3ccc4cc(O)c(O)c(O)c4c3)cc2O)=C1O,6.070581074285707
Oc1ccc(-c2ccc3c(O)c(O)ccc3c2)cc1O,5.657577319177793
Oc1ccc2cc(-c3ccccc3)ccc2c1O,5.221848749616356
Oc1ccccc1-c1ccc2c(O)c(O)ccc2c1,5.0
Oc1cccc(-c2ccc3c(O)c(O)ccc3c2)c1,5.318758762624412
Oc1ccc(-c2ccc3c(O)c(O)ccc3c2)cc1,5.0915149811213505
Oc1ccc2cc(-c3ccccc3C(F)(F)F)ccc2c1O,5.221848749616356
Oc1ccc2cc(-c3cccc(C(F)(F)F)c3)ccc2c1O,5.0
Oc1ccc2cc(-c3ccc(C(F)(F)F)cc3)ccc2c1O,5.0
Oc1ccc2cc(-c3ccccc3F)ccc2c1O,5.136677139879544
Oc1ccc2cc(-c3cccc(F)c3)ccc2c1O,5.017728766960431
Oc1ccc2cc(-c3ccc(F)cc3)ccc2c1O,5.096910013008056
O=C(O)/C(O)=C/C(=O)c1cccc(Cc2ccccc2)c1,7.299988937677887
O=C(O)c1cnc2ccc(Cc3ccccc3)cc2c1O,5.790000026071145
O=C(O)c1c[nH]c2ccc(Cc3cccc(Cl)c3)cc2c1=O,6.0999990348465305
O=C(O)c1c[nH]c2ccc(Cc3ccccc3Cl)cc2c1=O,6.390000296157769
O=C(O)c1c[nH]c2ccc(Cc3ccccc3F)cc2c1=O,6.299997602857746
Cc1ccccc1Cc1ccc2[nH]cc(C(=O)O)c(=O)c2c1,5.9699997184078955
COc1ccccc1Cc1ccc2[nH]cc(C(=O)O)c(=O)c2c1,5.929999096197655
O=C(O)c1c[nH]c2ccc(Cc3ccccc3C(F)(F)F)cc2c1=O,6.139997578098902
O=C(O)c1c[nH]c2ccc(Cc3c(Cl)cccc3Cl)cc2c1=O,6.429994423238211
O=C(O)c1c[nH]c2ccc(Cc3cc(Cl)ccc3Cl)cc2c1=O,6.599997654072044
O=C(O)c1c[nH]c2ccc(Cc3cccc(Cl)c3Cl)cc2c1=O,7.160019442321658
Cn1cc(C(=O)O)c(=O)c2cc(Cc3ccccc3)ccc21,5.639999555020352
Cn1cc(C(=O)O)c(=O)c2cc(Cc3cccc(Cl)c3Cl)ccc21,7.079981083971085
CCn1cc(C(=O)O)c(=O)c2cc(Cc3cccc(Cl)c3Cl)ccc21,7.510041520575165
CCCn1cc(C(=O)O)c(=O)c2cc(Cc3cccc(Cl)c3Cl)ccc21,7.26003230324049
CC(C)n1cc(C(=O)O)c(=O)c2cc(Cc3cccc(Cl)c3Cl)ccc21,7.590066876668706
CCCCn1cc(C(=O)O)c(=O)c2cc(Cc3cccc(Cl)c3Cl)ccc21,7.189969213594161
O=C(O)Cn1cc(C(=O)O)c(=O)c2cc(Cc3cccc(Cl)c3Cl)ccc21,7.50003813440381
O=C(O)CCn1cc(C(=O)O)c(=O)c2cc(Cc3cccc(Cl)c3Cl)ccc21,7.419987887470576
NC(=O)Cn1cc(C(=O)O)c(=O)c2cc(Cc3cccc(Cl)c3Cl)ccc21,7.460046158343603
NC(=O)CCn1cc(C(=O)O)c(=O)c2cc(Cc3cccc(Cl)c3Cl)ccc21,6.9399824574684
NCCn1cc(C(=O)O)c(=O)c2cc(Cc3cccc(Cl)c3Cl)ccc21,6.669992299127241
O=C(O)c1cn(CCO)c2ccc(Cc3cccc(Cl)c3Cl)cc2c1=O,7.680061560019691
O=C(O)c1cn(CCCO)c2ccc(Cc3cccc(Cl)c3Cl)cc2c1=O,7.110026361596004
O=C(O)c1cn(CCO)c2ccc(Cc3cccc(F)c3Cl)cc2c1=O,7.360015751958412
O=C(O)c1cn(CCO)c2ccc(Cc3cccc(Cl)c3F)cc2c1=O,7.619969752032169
O=C(O)c1cn(CCO)c2ccc(Cc3cccc(Cl)c3Cl)c(F)c2c1=O,7.079981083971085
O=C(O)c1cn(CCO)c2cc(F)c(Cc3cccc(Cl)c3Cl)cc2c1=O,7.599980364934842
O=C(O)c1cn(CCO)c2c(F)cc(Cc3cccc(Cl)c3Cl)cc2c1=O,7.470056598341331
COc1cc2c(cc1Cc1cccc(Cl)c1Cl)c(=O)c(C(=O)O)cn2CCO,7.92009553233328
O=C(O)c1cn(CCO)c2cc(Cl)c(Cc3cccc(Cl)c3Cl)cc2c1=O,7.36997914888659
Cc1cc2c(cc1Cc1cccc(Cl)c1Cl)c(=O)c(C(=O)O)cn2CCO,7.389978975335855
O=C(O)c1cn(CCO)c2cc(C(F)(F)F)c(Cc3cccc(Cl)c3Cl)cc2c1=O,6.170001911302621
N#Cc1cc2c(cc1Cc1cccc(Cl)c1Cl)c(=O)c(C(=O)O)cn2CCO,7.299988937677887
COc1cc2c(cc1Cc1cccc(Cl)c1F)c(=O)c(C(=O)O)cn2CCO,8.049976093476673
C[C@@H](CO)n1cc(C(=O)O)c(=O)c2cc(Cc3cccc(Cl)c3F)ccc21,7.830031826003108
C[C@H](CO)n1cc(C(=O)O)c(=O)c2cc(Cc3cccc(Cl)c3F)ccc21,7.419987887470576
CC[C@@H](CO)n1cc(C(=O)O)c(=O)c2cc(Cc3cccc(Cl)c3F)ccc21,8.049976093476673
CCC[C@@H](CO)n1cc(C(=O)O)c(=O)c2cc(Cc3cccc(Cl)c3F)ccc21,8.090016305060155
CC(C)[C@@H](CO)n1cc(C(=O)O)c(=O)c2cc(Cc3cccc(Cl)c3F)ccc21,8.090016305060155
CC(C)(C)[C@@H](CO)n1cc(C(=O)O)c(=O)c2cc(Cc3cccc(Cl)c3F)ccc21,8.219970872662662
O=C(O)c1cn([C@H](CO)C2CCCCC2)c2ccc(Cc3cccc(Cl)c3F)cc2c1=O,8.250031916490597
O=C(O)c1cn([C@H](CO)c2ccccc2)c2ccc(Cc3cccc(Cl)c3F)cc2c1=O,8.010016541698601
CCC[C@@H](CO)n1cc(C(=O)O)c(=O)c2cc(Cc3cccc(Cl)c3F)c(OC)cc21,8.240030142445693
COc1cc2c(cc1Cc1cccc(Cl)c1F)c(=O)c(C(=O)O)cn2[C@H](CO)C(C)C,8.14002155835798
COc1cc2c(cc1Cc1cccc(Cl)c1F)c(=O)c(C(=O)O)cn2[C@@H](CO)C(C)C,7.840132152907433
COc1cc2c(cc1Cc1cccc(Cl)c1F)c(=O)c(C(=O)O)cn2[C@H](CO)C(C)(C)C,8.240030142445693
COc1cc2c(cc1Cc1cccc(Cl)c1F)c(=O)c(C(=O)O)cn2[C@H](CO)C1CCCCC1,8.169989064063882
CCOC(=O)/C(O)=C/C(=O)c1cn(Cc2ccccc2Cl)c2cccc(OC)c12,4.882728704344236
CCOC(=O)/C(O)=C/C(=O)c1cn(Cc2cccc(Cl)c2)c2cccc(OC)c12,5.320572103387881
CCOC(=O)/C(O)=C/C(=O)c1cn(Cc2ccc(Cl)cc2)c2cccc(OC)c12,5.2380721615794705
CCOC(=O)/C(O)=C/C(=O)c1cn(Cc2cccc(F)c2Cl)c2cccc(OC)c12,5.856985199745905
CCOC(=O)/C(O)=C/C(=O)c1cn(Cc2ccc(F)cc2Cl)c2cccc(OC)c12,5.7594507517174005
CCOC(=O)/C(O)=C/C(=O)c1cn(Cc2cc(F)ccc2Cl)c2cccc(OC)c12,5.568636235841013
CCOC(=O)/C(O)=C/C(=O)c1cn(Cc2c(F)cccc2Cl)c2cccc(OC)c12,5.543633966870957
CCOC(=O)/C(O)=C/C(=O)c1cn(Cc2cccc(Cl)c2F)c2cccc(OC)c12,5.863279432843593
CCOC(=O)/C(O)=C/C(=O)c1cn(Cc2ccc(F)c(Cl)c2)c2cccc(OC)c12,6.443697499232712
CCOC(=O)/C(O)=C/C(=O)c1cn(Cc2cc(F)cc(Cl)c2)c2cccc(OC)c12,5.886056647693163
CCOC(=O)/C(O)=C/C(=O)c1cn(Cc2cc(Cl)ccc2F)c2cccc(OC)c12,5.79317412396815
CCOC(=O)/C(O)=C/C(=O)c1cn(Cc2ccc(Cl)cc2F)c2cccc(OC)c12,5.939302159646388
CCOC(=O)/C(O)=C/C(=O)c1cn(Cc2ccc(Cl)c(F)c2)c2cccc(OC)c12,5.296708621881339
COc1cccc2c1c(C(=O)/C=C(\O)C(=O)O)cn2Cc1ccccc1Cl,6.1487416512809245
COc1cccc2c1c(C(=O)/C=C(\O)C(=O)O)cn2Cc1cccc(Cl)c1,6.886056647693163
COc1cccc2c1c(C(=O)/C=C(\O)C(=O)O)cn2Cc1ccc(Cl)cc1,5.991399828238082
COc1cccc2c1c(C(=O)/C=C(\O)C(=O)O)cn2Cc1cccc(F)c1Cl,5.280668713016273
COc1cccc2c1c(C(=O)/C=C(\O)C(=O)O)cn2Cc1ccc(F)cc1Cl,6.267606240177032
COc1cccc2c1c(C(=O)/C=C(\O)C(=O)O)cn2Cc1cc(F)ccc1Cl,6.376750709602099
COc1cccc2c1c(C(=O)/C=C(\O)C(=O)O)cn2Cc1c(F)cccc1Cl,6.275724130399211
COc1cccc2c1c(C(=O)/C=C(\O)C(=O)O)cn2Cc1cccc(Cl)c1F,6.130768280269024
COc1cccc2c1c(C(=O)/C=C(\O)C(=O)O)cn2Cc1ccc(F)c(Cl)c1,7.3979400086720375
COc1cccc2c1c(C(=O)/C=C(\O)C(=O)O)cn2Cc1cc(F)cc(Cl)c1,6.619788758288394
COc1cccc2c1c(C(=O)/C=C(\O)C(=O)O)cn2Cc1cc(Cl)ccc1F,6.494850021680094
COc1cccc2c1c(C(=O)/C=C(\O)C(=O)O)cn2Cc1ccc(Cl)cc1F,5.5968794788241825
COc1cccc2c1c(C(=O)/C=C(\O)C(=O)O)cn2Cc1ccc(Cl)c(F)c1,5.47755576649368
COc1cccc2c1c(C(=O)/C=C(\O)C(=O)O)cn2Cc1ccc(F)cc1,7.096910013008056
Cc1nnc(C(=O)NC(C)(C)c2nc(C(=O)NCc3ccc(F)cc3)c(O)c(=O)n2C)o1,8.045757490560675
COc1cc2c(cc1Cc1cccc(Cl)c1F)c(=O)c(C(=O)O)cn2[C@H](CO)C(C)C,8.397940008672037
CCOC(=O)/C(O)=C/C(=O)c1cn(Cc2ccccc2Cl)c2cccc(OC)c12,6.136677139879544
CCOC(=O)/C(O)=C/C(=O)c1cn(Cc2cccc(Cl)c2)c2cccc(OC)c12,5.539102157243452
CCOC(=O)/C(O)=C/C(=O)c1cn(Cc2ccc(Cl)cc2)c2cccc(OC)c12,5.083019952679618
CCOC(=O)/C(O)=C/C(=O)c1cn(Cc2cccc(F)c2Cl)c2cccc(OC)c12,5.036212172654444
CCOC(=O)/C(O)=C/C(=O)c1cn(Cc2ccc(F)cc2Cl)c2cccc(OC)c12,5.591760034688151
CCOC(=O)/C(O)=C/C(=O)c1cn(Cc2cc(F)ccc2Cl)c2cccc(OC)c12,5.531652669587842
CCOC(=O)/C(O)=C/C(=O)c1cn(Cc2c(F)cccc2Cl)c2cccc(OC)c12,5.920818753952375
CCOC(=O)/C(O)=C/C(=O)c1cn(Cc2cccc(Cl)c2F)c2cccc(OC)c12,6.130768280269024
CCOC(=O)/C(O)=C/C(=O)c1cn(Cc2ccc(F)c(Cl)c2)c2cccc(OC)c12,7.154901959985743
CCOC(=O)/C(O)=C/C(=O)c1cn(Cc2cc(F)cc(Cl)c2)c2cccc(OC)c12,5.498940737782249
CCOC(=O)/C(O)=C/C(=O)c1cn(Cc2cc(Cl)ccc2F)c2cccc(OC)c12,6.050609993355087
CCOC(=O)/C(O)=C/C(=O)c1cn(Cc2ccc(Cl)cc2F)c2cccc(OC)c12,5.478861916295964
CCOC(=O)/C(O)=C/C(=O)c1cn(Cc2ccc(Cl)c(F)c2)c2cccc(OC)c12,4.691435586438761
COc1cccc2c1c(C(=O)/C=C(\O)C(=O)O)cn2Cc1ccccc1Cl,6.2839966563652006
COc1cccc2c1c(C(=O)/C=C(\O)C(=O)O)cn2Cc1cccc(Cl)c1,7.522878745280337
COc1cccc2c1c(C(=O)/C=C(\O)C(=O)O)cn2Cc1ccc(Cl)cc1,6.229147988357855
COc1cccc2c1c(C(=O)/C=C(\O)C(=O)O)cn2Cc1cccc(F)c1Cl,4.894830572000668
COc1cccc2c1c(C(=O)/C=C(\O)C(=O)O)cn2Cc1ccc(F)cc1Cl,7.221848749616356
COc1cccc2c1c(C(=O)/C=C(\O)C(=O)O)cn2Cc1cc(F)ccc1Cl,6.568636235841013
COc1cccc2c1c(C(=O)/C=C(\O)C(=O)O)cn2Cc1c(F)cccc1Cl,6.886056647693163
COc1cccc2c1c(C(=O)/C=C(\O)C(=O)O)cn2Cc1cccc(Cl)c1F,7.522878745280337
COc1cccc2c1c(C(=O)/C=C(\O)C(=O)O)cn2Cc1ccc(F)c(Cl)c1,6.920818753952375
COc1cccc2c1c(C(=O)/C=C(\O)C(=O)O)cn2Cc1cc(F)cc(Cl)c1,6.6020599913279625
COc1cccc2c1c(C(=O)/C=C(\O)C(=O)O)cn2Cc1cc(Cl)ccc1F,7.045757490560675
COc1cccc2c1c(C(=O)/C=C(\O)C(=O)O)cn2Cc1ccc(Cl)cc1F,5.2580609222708015
COc1cccc2c1c(C(=O)/C=C(\O)C(=O)O)cn2Cc1ccc(Cl)c(F)c1,5.33913452199613
COc1cccc2c1c(C(=O)/C=C(\O)C(=O)O)cn2Cc1ccc(F)cc1,6.853871964321762
Cc1nnc(C(=O)NC(C)(C)c2nc(C(=O)NCc3ccc(F)cc3)c(O)c(=O)n2C)o1,8.154901959985743
COc1cc2c(cc1Cc1cccc(Cl)c1F)c(=O)c(C(=O)O)cn2[C@H](CO)C(C)C,7.823908740944319
CC1(C)C=Cc2c(ccc3c2C(=O)C(O)=C(C2=C(C4=C(O)C(=O)c5c(ccc6c5C=CC(C)(C)O6)C4=O)C(=O)c4ccccc4C2=O)C3=O)O1,5.6020599913279625
COc1ccc2c(c1)C(=O)C(C1=C(O)C(=O)c3c(ccc4c3C=CC(C)(C)O4)C1=O)=C(C1=C(O)C(=O)c3c(ccc4c3C=CC(C)(C)O4)C1=O)C2=O,5.638272163982407
CCCOc1ccc2c(c1)C(=O)C(C1=C(O)C(=O)c3c(ccc4c3C=CC(C)(C)O4)C1=O)=C(C1=C(O)C(=O)c3c(ccc4c3C=CC(C)(C)O4)C1=O)C2=O,5.552841968657781
CC(C)Oc1ccc2c(c1)C(=O)C(C1=C(O)C(=O)c3c(ccc4c3C=CC(C)(C)O4)C1=O)=C(C1=C(O)C(=O)c3c(ccc4c3C=CC(C)(C)O4)C1=O)C2=O,5.522878745280337
CC1(C)C=Cc2c(ccc3c2C(=O)C(O)=C(C2=C(C4=C(O)C(=O)c5c(ccc6c5C=CC(C)(C)O6)C4=O)C(=O)c4c(ccc5c4C=CC(C)(C)O5)C2=O)C3=O)O1,5.769551078621726
CC1(C)C=Cc2c(ccc3c2C(=O)C(O)=C(C2=C(C4=C(O)C(=O)c5c(ccc6c5C=CC(C)(C)O6)C4=O)C(=O)c4c(ccc5c4CCC(C)(C)O5)C2=O)C3=O)O1,5.7447274948966935
CC1(C)C=Cc2c(ccc3c2C(=O)C(O)=C(C2=C(C4=C(O)C(=O)c5c(ccc6c5C=CC(C)(C)O6)C4=O)C(=O)N(Cc4ccccc4)C2=O)C3=O)O1,5.346787486224656
CC1(C)C=Cc2c(ccc3c2C(=O)C(O)=C(C2=C(C4=C(O)C(=O)c5c(ccc6c5C=CC(C)(C)O6)C4=O)C(=O)c4ccccc4C2=O)C3=O)O1,5.698970004336019
COc1ccc2c(c1)C(=O)C(C1=C(O)C(=O)c3c(ccc4c3C=CC(C)(C)O4)C1=O)=C(C1=C(O)C(=O)c3c(ccc4c3C=CC(C)(C)O4)C1=O)C2=O,5.6020599913279625
CCCOc1ccc2c(c1)C(=O)C(C1=C(O)C(=O)c3c(ccc4c3C=CC(C)(C)O4)C1=O)=C(C1=C(O)C(=O)c3c(ccc4c3C=CC(C)(C)O4)C1=O)C2=O,5.301029995663981
CC(C)Oc1ccc2c(c1)C(=O)C(C1=C(O)C(=O)c3c(ccc4c3C=CC(C)(C)O4)C1=O)=C(C1=C(O)C(=O)c3c(ccc4c3C=CC(C)(C)O4)C1=O)C2=O,4.0
CC1(C)C=Cc2c(ccc3c2C(=O)C(O)=C(C2=C(C4=C(O)C(=O)c5c(ccc6c5C=CC(C)(C)O6)C4=O)C(=O)c4c(ccc5c4C=CC(C)(C)O5)C2=O)C3=O)O1,5.522878745280337
CC1(C)CCc2c(ccc3c2C(=O)C(O)=C(C2=C(C4=C(O)C(=O)c5c(ccc6c5CCC(C)(C)O6)C4=O)C(=O)c4c(ccc5c4CCC(C)(C)O5)C2=O)C3=O)O1,5.045757490560675
CC1(C)C=Cc2c(ccc3c2C(=O)C(O)=C(C2=C(C4=C(O)C(=O)c5c(ccc6c5C=CC(C)(C)O6)C4=O)C(=O)c4c(ccc5c4CCC(C)(C)O5)C2=O)C3=O)O1,5.221848749616356
CC1(C)C=Cc2c(ccc3c2C(=O)C(O)=C(C2=C(C4=C(O)C(=O)c5c(ccc6c5C=CC(C)(C)O6)C4=O)C(=O)N(Cc4ccccc4)C2=O)C3=O)O1,5.3979400086720375
COc1ccc2c(c1)C(=O)C(O)=C(C1=C(C3=C(O)C(=O)c4cc(OC)ccc4C3=O)C(=O)c3ccccc3C1=O)C2=O,4.647817481888637
COc1cc2c(cc1OC)C(=O)C(C1=C(C3=C(O)C(=O)c4cc(OC)c(OC)cc4C3=O)C(=O)c3ccccc3C1=O)=C(O)C2=O,4.207608310501746
O=C1C(O)=C(C2=C(C3=C(O)C(=O)c4ccccc4C3=O)C(=O)c3ccccc3C2=O)C(=O)c2ccccc21,4.251811972993799
COc1cc2c(cc1OC)C(=O)C(C1=C(C3=C(O)C(=O)c4cc(OC)c(OC)cc4C3=O)C(=O)c3cc(OC)c(OC)cc3C1=O)=C(O)C2=O,3.8239087409443187
COc1cccc2c1C(=O)C(C1=C(C3=C(O)C(=O)c4cccc(OC)c4C3=O)C(=O)c3ccccc3C1=O)=C(O)C2=O,4.886056647693163
COc1ccc2c(c1)C(=O)C(O)=C(C1=C(C3=C(O)C(=O)c4cc(OC)ccc4C3=O)C(=O)c3ccccc3C1=O)C2=O,5.0
COc1cc2c(cc1OC)C(=O)C(C1=C(C3=C(O)C(=O)c4cc(OC)c(OC)cc4C3=O)C(=O)c3ccccc3C1=O)=C(O)C2=O,4.920818753952375
O=C1C(O)=C(C2=C(C3=C(O)C(=O)c4ccccc4C3=O)C(=O)c3ccccc3C2=O)C(=O)c2ccccc21,4.886056647693163
COc1cc2c(cc1OC)C(=O)C(C1=C(C3=C(O)C(=O)c4cc(OC)c(OC)cc4C3=O)C(=O)c3cc(OC)c(OC)cc3C1=O)=C(O)C2=O,5.0
O=C(NCCCN1CCN(C(=O)/C=C/c2ccccc2)CC1)c1ccc(O)c(O)c1,4.0
Cc1ccc(/C=C/C(=O)N2CCN(CCCNC(=O)c3ccc(O)c(O)c3)CC2)cc1,4.0
O=C(NCCCN1CCN(C(=O)/C=C/c2ccc(Cl)cc2)CC1)c1ccc(O)c(O)c1,4.0
O=C(NCCCN1CCN(C(=O)/C=C/c2ccccc2Cl)CC1)c1ccc(O)c(O)c1,4.0
O=C(NCCCN1CCN(C(=O)/C=C/c2cccc(O)c2)CC1)c1ccc(O)c(O)c1,4.0
O=C(NCCCN1CCN(C(=O)/C=C/c2ccccc2)CC1)c1cc(O)c(O)c(O)c1,4.891773343625071
Cc1ccc(/C=C/C(=O)N2CCN(CCCNC(=O)c3cc(O)c(O)c(O)c3)CC2)cc1,4.757707095017069
O=C(NCCCN1CCN(C(=O)/C=C/c2ccc(Cl)cc2)CC1)c1cc(O)c(O)c(O)c1,4.603103550857476
O=C(NCCCN1CCN(C(=O)/C=C/c2ccccc2Cl)CC1)c1cc(O)c(O)c(O)c1,4.7151182853445475
O=C(NCCCN1CCN(C(=O)/C=C/c2ccccc2[N+](=O)[O-])CC1)c1cc(O)c(O)c(O)c1,4.504316932383085
O=C(NCCCN1CCN(C(=O)/C=C/c2cccc(O)c2)CC1)c1cc(O)c(O)c(O)c1,4.812197361281581
O=C(O)C(=O)CC(=O)c1cc(OCc2ccccc2)cc(OCc2ccccc2)c1,6.113509274827518
CN1C[C@@H](F)C[C@H]1c1nc(C(=O)NCc2ccc(F)cc2)c(O)c(=O)n1C,7.638272163982407
Cn1c([C@@H]2C[C@H](F)CN2C2CC2)nc(C(=O)NCc2ccc(F)cc2)c(O)c1=O,7.698970004336019
CC(=O)N1C[C@@H](F)C[C@H]1c1nc(C(=O)NCc2ccc(F)cc2)c(O)c(=O)n1C,7.823908740944319
Cn1c([C@@H]2C[C@H](F)CN2Cc2ccon2)nc(C(=O)NCc2ccc(F)cc2)c(O)c1=O,8.0
CN(C)C(=O)N1C[C@@H](F)C[C@H]1c1nc(C(=O)NCc2ccc(F)cc2)c(O)c(=O)n1C,8.0
COC(=O)N1C[C@@H](F)C[C@H]1c1nc(C(=O)NCc2ccc(F)cc2)c(O)c(=O)n1C,8.0
Cn1c([C@@H]2C[C@H](F)CN2S(C)(=O)=O)nc(C(=O)NCc2ccc(F)cc2)c(O)c1=O,7.823908740944319
CN(C)C(=O)C(=O)N1C[C@@H](F)C[C@H]1c1nc(C(=O)NCc2ccc(F)cc2)c(O)c(=O)n1C,7.6777807052660805
Cn1c([C@@H]2C[C@H](F)CN2C(=O)c2cnccn2)nc(C(=O)NCc2ccc(F)cc2)c(O)c1=O,8.0
CN(C)S(=O)(=O)N1C[C@@H](F)C[C@H]1c1nc(C(=O)NCc2ccc(F)cc2)c(O)c(=O)n1C,8.045757490560675
CC(=O)N1C[C@@H](F)C[C@H]1c1nc(C(=O)NCc2ccc(F)c(C)c2)c(O)c(=O)n1C,7.568636235841013
CC(=O)N1C[C@@H](F)C[C@H]1c1nc(C(=O)NCc2ccc(F)c(Cl)c2)c(O)c(=O)n1C,7.619788758288394
COC(=O)N1C[C@@H](F)C[C@H]1c1nc(C(=O)NCc2ccc(F)c(Cl)c2)c(O)c(=O)n1C,7.721246399047171
COC(=O)N1C[C@@H](F)C[C@H]1c1nc(C(=O)NCc2ccc(C)c(Cl)c2)c(O)c(=O)n1C,7.698970004336019
CC(=O)N1C[C@@H](F)C[C@H]1c1nc(C(=O)NCc2ccc(C)c(Cl)c2)c(O)c(=O)n1C,7.494850021680094
O=C(NN1C(=O)[C@@H]2C3C=CC(C4CC43)[C@@H]2C1=O)c1ccc(Cn2cnc3ccccc32)cc1,3.642065152999546
CC[C@H](C)[C@H](NC(=O)[C@H](CCCNC(=N)N)NC(=O)[C@H](Cc1ccccc1)NC(=O)[C@H](Cc1cnc[nH]1)NC(=O)[C@@H](NC(=O)[C@H](Cc1ccccc1)NC(=O)[C@H](CC(C)C)NC(=O)[C@H](CC(C)C)NC(=O)[C@H](CCC(N)=O)NC(=O)[C@H](CCC(N)=O)NC(=O)[C@H](CC(C)C)NC(C)=O)[C@@H](C)CC)C(=O)NCC(=O)N[C@@H](CCCNC(=N)N)C(=O)N[C@@H](CCCNC(=N)N)C(=O)N[C@@H](CCCNC(=N)N)C(=O)N[C@@H](CCCNC(=N)N)C(=O)N[C@@H](CCCNC(=N)N)C(=O)N[C@@H](CCCNC(=N)N)C(=O)N[C@@H](CCCNC(=N)N)C(=O)N[C@@H](CCCNC(=N)N)C(N)=O,6.886056647693163
CC[C@H](C)[C@H](NC(=O)[C@H](C)NC(=O)[C@H](CCC(=O)O)NC(C)=O)C(=O)N[C@H](C(=O)N[C@@H](CCCNC(=N)N)C(=O)N[C@H](C(=O)N[C@@H](CC(C)C)C(=O)N[C@@H](CCC(N)=O)C(=O)N[C@@H](CCC(N)=O)C(=O)N[C@@H](CC(C)C)C(=O)N[C@@H](CC(C)C)C(=O)N[C@@H](Cc1ccccc1)C(=O)N[C@H](C(=O)N[C@@H](Cc1cnc[nH]1)C(=O)N[C@@H](Cc1ccccc1)C(=O)N[C@@H](CCCNC(=N)N)C(=O)N[C@H](C(=O)NCC(=O)N[C@@H](CCCNC(=N)N)C(=O)N[C@@H](CCCNC(=N)N)C(=O)N[C@@H](CCCNC(=N)N)C(=O)N[C@@H](CCCNC(=N)N)C(=O)N[C@@H](CCCNC(=N)N)C(=O)N[C@@H](CCCNC(=N)N)C(=O)N[C@@H](CCCNC(=N)N)C(=O)N[C@@H](CCCNC(=N)N)C(N)=O)[C@@H](C)CC)[C@@H](C)CC)[C@@H](C)CC)[C@@H](C)CC,7.045757490560675
CC[C@H](C)[C@H](NC(C)=O)C(=O)N[C@@H](CC(C)C)C(=O)N[C@@H](CCC(N)=O)C(=O)N[C@@H](CCC(N)=O)C(=O)N[C@@H](CC(C)C)C(=O)N[C@@H](CC(C)C)C(=O)N[C@@H](Cc1ccccc1)C(=O)N[C@H](C(=O)N[C@@H](Cc1cnc[nH]1)C(=O)N[C@@H](Cc1ccccc1)C(=O)N[C@@H](CCCNC(=N)N)C(=O)N[C@H](C(=O)NCC(=O)N[C@@H](CCCNC(=N)N)C(=O)N[C@@H](CCCNC(=N)N)C(=O)N[C@@H](CCCNC(=N)N)C(=O)N[C@@H](CCCNC(=N)N)C(=O)N[C@@H](CCCNC(=N)N)C(=O)N[C@@H](CCCNC(=N)N)C(=O)N[C@@H](CCCNC(=N)N)C(=O)N[C@@H](CCCNC(=N)N)C(N)=O)[C@@H](C)CC)[C@@H](C)CC,7.0
CC[C@H](C)[C@H](NC(=O)[C@H](CCCNC(=N)N)NC(=O)[C@H](Cc1ccccc1)NC(=O)[C@H](Cc1cnc[nH]1)NC(=O)[C@@H](NC(=O)[C@H](Cc1ccccc1)NC(=O)[C@H](CC(C)C)NC(=O)[C@H](CC(C)C)NC(=O)[C@H](CCC(N)=O)NC(=O)[C@H](CCC(N)=O)NC(=O)[C@H](CC(C)C)NC(=O)[C@@H](NC(=O)[C@H](CCCNC(=N)N)NC(C)=O)[C@@H](C)CC)[C@@H](C)CC)C(=O)NCC(=O)N[C@@H](CCCNC(=N)N)C(=O)N[C@@H](CCCNC(=N)N)C(=O)N[C@@H](CCCNC(=N)N)C(=O)N[C@@H](CCCNC(=N)N)C(=O)N[C@@H](CCCNC(=N)N)C(=O)N[C@@H](CCCNC(=N)N)C(=O)N[C@@H](CCCNC(=N)N)C(=O)N[C@@H](CCCNC(=N)N)C(N)=O,6.886056647693163
CC[C@H](C)[C@H](NC(C)=O)C(=O)N[C@@H](CCCNC(=N)N)C(=O)N[C@H](C(=O)N[C@@H](CC(C)C)C(=O)N[C@@H](CCC(N)=O)C(=O)N[C@@H](CCC(N)=O)C(=O)N[C@@H](CC(C)C)C(=O)N[C@@H](CC(C)C)C(=O)N[C@@H](Cc1ccccc1)C(=O)N[C@H](C(=O)N[C@@H](Cc1cnc[nH]1)C(=O)N[C@@H](Cc1ccccc1)C(=O)N[C@@H](CCCNC(=N)N)C(=O)N[C@H](C(=O)NCC(=O)N[C@@H](CCCNC(=N)N)C(=O)N[C@@H](CCCNC(=N)N)C(=O)N[C@@H](CCCNC(=N)N)C(=O)N[C@@H](CCCNC(=N)N)C(=O)N[C@@H](CCCNC(=N)N)C(=O)N[C@@H](CCCNC(=N)N)C(=O)N[C@@H](CCCNC(=N)N)C(=O)N[C@@H](CCCNC(=N)N)C(N)=O)[C@@H](C)CC)[C@@H](C)CC)[C@@H](C)CC,6.585026652029182
CC[C@H](C)[C@H](NC(C)=O)C(=O)N[C@H](C(=O)N[C@@H](CCCNC(=N)N)C(=O)N[C@H](C(=O)N[C@@H](CC(C)C)C(=O)N[C@@H](CCC(N)=O)C(=O)N[C@@H](CCC(N)=O)C(=O)N[C@@H](CC(C)C)C(=O)N[C@@H](CC(C)C)C(=O)N[C@@H](Cc1ccccc1)C(=O)N[C@H](C(=O)N[C@@H](Cc1cnc[nH]1)C(=O)N[C@@H](Cc1ccccc1)C(=O)N[C@@H](CCCNC(=N)N)C(=O)N[C@H](C(=O)NCC(=O)N[C@@H](CCCNC(=N)N)C(=O)N[C@@H](CCCNC(=N)N)C(=O)N[C@@H](CCCNC(=N)N)C(=O)N[C@@H](CCCNC(=N)N)C(=O)N[C@@H](CCCNC(=N)N)C(=O)N[C@@H](CCCNC(=N)N)C(=O)N[C@@H](CCCNC(=N)N)C(=O)N[C@@H](CCCNC(=N)N)C(N)=O)[C@@H](C)CC)[C@@H](C)CC)[C@@H](C)CC)[C@@H](C)CC,6.958607314841775
CC[C@H](C)[C@H](NC(=O)[C@H](C)NC(C)=O)C(=O)N[C@H](C(=O)N[C@@H](CCCNC(=N)N)C(=O)N[C@H](C(=O)N[C@@H](CC(C)C)C(=O)N[C@@H](CCC(N)=O)C(=O)N[C@@H](CCC(N)=O)C(=O)N[C@@H](CC(C)C)C(=O)N[C@@H](CC(C)C)C(=O)N[C@@H](Cc1ccccc1)C(=O)N[C@H](C(=O)N[C@@H](Cc1cnc[nH]1)C(=O)N[C@@H](Cc1ccccc1)C(=O)N[C@@H](CCCNC(=N)N)C(=O)N[C@H](C(=O)NCC(=O)N[C@@H](CCCNC(=N)N)C(=O)N[C@@H](CCCNC(=N)N)C(=O)N[C@@H](CCCNC(=N)N)C(=O)N[C@@H](CCCNC(=N)N)C(=O)N[C@@H](CCCNC(=N)N)C(=O)N[C@@H](CCCNC(=N)N)C(=O)N[C@@H](CCCNC(=N)N)C(=O)N[C@@H](CCCNC(=N)N)C(N)=O)[C@@H](C)CC)[C@@H](C)CC)[C@@H](C)CC)[C@@H](C)CC,7.096910013008056
CC[C@H](C)[C@H](NC(=O)[C@H](C)NC(=O)[C@H](CCC(=O)O)NC(C)=O)C(=O)N[C@H](C(=O)N[C@@H](CCCNC(=N)N)C(=O)N[C@H](C(=O)N[C@@H](CC(C)C)C(=O)N[C@@H](CCC(N)=O)C(=O)N[C@@H](CCC(N)=O)C(=O)N[C@@H](CC(C)C)C(=O)N[C@@H](CC(C)C)C(=O)N[C@@H](Cc1ccccc1)C(=O)N[C@H](C(=O)N[C@@H](CCC(=O)O)C(=O)N[C@@H](Cc1ccccc1)C(=O)N[C@@H](CCCNC(=N)N)C(=O)N[C@H](C(=O)N[C@@H](CCCCN)C(=O)N[C@@H](CCCNC(=N)N)C(=O)N[C@@H](CCCNC(=N)N)C(=O)N[C@@H](CCCNC(=N)N)C(=O)N[C@@H](CCCNC(=N)N)C(=O)N[C@@H](CCCNC(=N)N)C(=O)N[C@@H](CCCNC(=N)N)C(=O)N[C@@H](CCCNC(=N)N)C(=O)N[C@@H](CCCNC(=N)N)C(N)=O)[C@@H](C)CC)[C@@H](C)CC)[C@@H](C)CC)[C@@H](C)CC,7.301029995663981
CC[C@H](C)[C@H](NC(=O)[C@H](CCCNC(=N)N)NC(=O)[C@H](Cc1ccccc1)NC(=O)[C@H](Cc1cnc[nH]1)NC(=O)[C@@H](NC(=O)[C@H](Cc1ccccc1)NC(=O)[C@H](CC(C)C)NC(=O)[C@H](CC(C)C)NC(=O)[C@H](CCC(N)=O)NC(=O)[C@H](CCC(N)=O)NC(=O)[C@H](CC(C)C)NC(=O)[C@H](CCCCN)NC(=O)[C@H](CCCNC(=N)N)NC(=O)[C@@H](NC(=O)[C@@H](NC(=O)[C@H](CCC(=O)O)NC(=O)[C@H](CCC(=O)O)NC(C)=O)[C@@H](C)CC)[C@@H](C)CC)[C@@H](C)CC)C(=O)NCC(=O)N[C@@H](CCCNC(=N)N)C(=O)N[C@@H](CCCNC(=N)N)C(=O)N[C@@H](CCCNC(=N)N)C(=O)N[C@@H](CCCNC(=N)N)C(=O)N[C@@H](CCCNC(=N)N)C(=O)N[C@@H](CCCNC(=N)N)C(=O)N[C@@H](CCCNC(=N)N)C(=O)N[C@@H](CCCNC(=N)N)C(N)=O,6.920818753952375
CC[C@H](C)[C@H](NC(=O)[C@H](C)NC(=O)[C@H](CCC(=O)O)NC(C)=O)C(=O)N[C@H](C(=O)N[C@@H](CCCNC(=N)N)C(=O)N[C@H](C(=O)N[C@@H](CC(C)C)C(=O)N[C@@H](CCC(N)=O)C(=O)N[C@@H](CCC(=O)O)C(=O)N[C@@H](CC(C)C)C(=O)N[C@@H](CC(C)C)C(=O)N[C@@H](Cc1ccccc1)C(=O)N[C@@H](CCCCN)C(=O)N[C@@H](Cc1cnc[nH]1)C(=O)N[C@@H](Cc1ccccc1)C(=O)N[C@@H](CCCNC(=N)N)C(=O)N[C@H](C(=O)NCC(=O)N[C@@H](CCCNC(=N)N)C(=O)N[C@@H](CCCNC(=N)N)C(=O)N[C@@H](CCCNC(=N)N)C(=O)N[C@@H](CCCNC(=N)N)C(=O)N[C@@H](CCCNC(=N)N)C(=O)N[C@@H](CCCNC(=N)N)C(=O)N[C@@H](CCCNC(=N)N)C(=O)N[C@@H](CCCNC(=N)N)C(N)=O)[C@@H](C)CC)[C@@H](C)CC)[C@@H](C)CC,6.853871964321762
CC[C@H](C)[C@H](NC(=O)[C@H](C)NC(=O)[C@H](CCC(=O)O)NC(C)=O)C(=O)N[C@@H](CCC(=O)O)C(=O)N[C@@H](CCCNC(=N)N)C(=O)N[C@H](C(=O)N[C@@H](CC(C)C)C(=O)N[C@@H](CCCCN)C(=O)N[C@@H](CCC(N)=O)C(=O)N[C@@H](CC(C)C)C(=O)N[C@@H](CC(C)C)C(=O)N[C@@H](Cc1ccccc1)C(=O)N[C@H](C(=O)N[C@@H](Cc1cnc[nH]1)C(=O)N[C@@H](Cc1ccccc1)C(=O)N[C@@H](CCCNC(=N)N)C(=O)N[C@H](C(=O)NCC(=O)N[C@@H](CCCNC(=N)N)C(=O)N[C@@H](CCCNC(=N)N)C(=O)N[C@@H](CCCNC(=N)N)C(=O)N[C@@H](CCCNC(=N)N)C(=O)N[C@@H](CCCNC(=N)N)C(=O)N[C@@H](CCCNC(=N)N)C(=O)N[C@@H](CCCNC(=N)N)C(=O)N[C@@H](CCCNC(=N)N)C(N)=O)[C@@H](C)CC)[C@@H](C)CC)[C@@H](C)CC,6.638272163982407
CC[C@H](C)[C@H](NC(=O)[C@H](CCCNC(=N)N)NC(=O)[C@H](Cc1ccccc1)NC(=O)[C@H](Cc1cnc[nH]1)NC(=O)[C@@H](NC(=O)[C@H](Cc1ccccc1)NC(=O)[C@H](CC(C)C)NC(=O)[C@H](CC(C)C)NC(=O)[C@H](CCC(N)=O)NC(=O)[C@H](CCC(N)=O)NC(=O)[C@H](CCCCN)NC(=O)[C@@H](NC(=O)[C@H](CCCNC(=N)N)NC(=O)[C@@H](NC(=O)[C@H](CCC(=O)O)NC(=O)[C@H](C)NC(=O)[C@H](CCC(=O)O)NC(C)=O)[C@@H](C)CC)[C@@H](C)CC)[C@@H](C)CC)C(=O)NCC(=O)N[C@@H](CCCNC(=N)N)C(=O)N[C@@H](CCCNC(=N)N)C(=O)N[C@@H](CCCNC(=N)N)C(=O)N[C@@H](CCCNC(=N)N)C(=O)N[C@@H](CCCNC(=N)N)C(=O)N[C@@H](CCCNC(=N)N)C(=O)N[C@@H](CCCNC(=N)N)C(=O)N[C@@H](CCCNC(=N)N)C(N)=O,7.3979400086720375
CC[C@H](C)[C@H](NC(=O)[C@H](C)NC(=O)[C@H](CCC(=O)O)NC(C)=O)C(=O)N[C@H](C(=O)N[C@@H](CCCNC(=N)N)C(=O)N[C@H](C(=O)N[C@@H](CC(C)C)C(=O)N[C@@H](CCC(N)=O)C(=O)N[C@@H](CCC(N)=O)C(=O)N[C@@H](CC(C)C)C(=O)N[C@@H](CCC(=O)O)C(=O)N[C@@H](Cc1ccccc1)C(=O)N[C@H](C(=O)N[C@@H](Cc1cnc[nH]1)C(=O)N[C@@H](CCCCN)C(=O)N[C@@H](CCCNC(=N)N)C(=O)N[C@H](C(=O)NCC(=O)N[C@@H](CCCNC(=N)N)C(=O)N[C@@H](CCCNC(=N)N)C(=O)N[C@@H](CCCNC(=N)N)C(=O)N[C@@H](CCCNC(=N)N)C(=O)N[C@@H](CCCNC(=N)N)C(=O)N[C@@H](CCCNC(=N)N)C(=O)N[C@@H](CCCNC(=N)N)C(=O)N[C@@H](CCCNC(=N)N)C(N)=O)[C@@H](C)CC)[C@@H](C)CC)[C@@H](C)CC)[C@@H](C)CC,6.1487416512809245
CC[C@H](C)[C@H](NC(=O)[C@H](CCCNC(=N)N)NC(=O)[C@H](Cc1ccccc1)NC(=O)[C@H](CCC(=O)O)NC(=O)[C@@H](NC(=O)[C@H](Cc1ccccc1)NC(=O)[C@H](CC(C)C)NC(=O)[C@H](CC(C)C)NC(=O)[C@H](CCC(N)=O)NC(=O)[C@H](CCC(N)=O)NC(=O)[C@H](CC(C)C)NC(=O)[C@H](CCCCN)NC(=O)[C@H](CCCNC(=N)N)NC(=O)[C@@H](NC(=O)[C@@H](NC(=O)[C@H](CCC(=O)O)NC(=O)[C@H](CCC(=O)O)NC(C)=O)[C@@H](C)CC)[C@@H](C)CC)[C@@H](C)CC)C(=O)N[C@@H](CCCCN)C(=O)N[C@@H](CCCNC(=N)N)C(=O)N[C@@H](CCCNC(=N)N)C(=O)N[C@@H](CCCNC(=N)N)C(=O)N[C@@H](CCCNC(=N)N)C(=O)N[C@@H](CCCNC(=N)N)C(=O)N[C@@H](CCCNC(=N)N)C(=O)N[C@@H](CCCNC(=N)N)C(=O)N[C@@H](CCCNC(=N)N)C(N)=O,6.7447274948966935
CC[C@H](C)[C@H](NC(=O)[C@H](CCCNC(=N)N)NC(=O)[C@H](Cc1ccccc1)NC(=O)[C@H](Cc1cnc[nH]1)NC(=O)[C@@H](NC(=O)[C@H](Cc1ccccc1)NC(=O)[C@H](CC(C)C)NC(=O)[C@H](CC(C)C)NC(=O)[C@H](CCC(N)=O)NC(=O)[C@H](CCC(N)=O)NC(=O)[C@H](C)NC(C)=O)[C@@H](C)CC)C(=O)NCC(=O)N[C@@H](CCCNC(=N)N)C(=O)N[C@@H](CCCNC(=N)N)C(=O)N[C@@H](CCCNC(=N)N)C(=O)N[C@@H](CCCNC(=N)N)C(=O)N[C@@H](CCCNC(=N)N)C(=O)N[C@@H](CCCNC(=N)N)C(=O)N[C@@H](CCCNC(=N)N)C(=O)N[C@@H](CCCNC(=N)N)C(N)=O,6.920818753952375
CC[C@H](C)[C@H](NC(=O)[C@H](CCCNC(=N)N)NC(=O)[C@H](Cc1ccccc1)NC(=O)[C@H](Cc1cnc[nH]1)NC(=O)[C@@H](NC(=O)[C@H](Cc1ccccc1)NC(=O)[C@H](CC(C)C)NC(=O)[C@H](CC(C)C)NC(=O)[C@H](CCC(N)=O)NC(=O)[C@H](C)NC(=O)[C@H](CC(C)C)NC(C)=O)[C@@H](C)CC)C(=O)NCC(=O)N[C@@H](CCCNC(=N)N)C(=O)N[C@@H](CCCNC(=N)N)C(=O)N[C@@H](CCCNC(=N)N)C(=O)N[C@@H](CCCNC(=N)N)C(=O)N[C@@H](CCCNC(=N)N)C(=O)N[C@@H](CCCNC(=N)N)C(=O)N[C@@H](CCCNC(=N)N)C(=O)N[C@@H](CCCNC(=N)N)C(N)=O,6.886056647693163
CC[C@H](C)[C@H](NC(=O)[C@H](CCCNC(=N)N)NC(=O)[C@H](Cc1ccccc1)NC(=O)[C@H](Cc1cnc[nH]1)NC(=O)[C@@H](NC(=O)[C@H](Cc1ccccc1)NC(=O)[C@H](CC(C)C)NC(=O)[C@H](CC(C)C)NC(=O)[C@H](C)NC(=O)[C@H](CCC(N)=O)NC(=O)[C@H](CC(C)C)NC(C)=O)[C@@H](C)CC)C(=O)NCC(=O)N[C@@H](CCCNC(=N)N)C(=O)N[C@@H](CCCNC(=N)N)C(=O)N[C@@H](CCCNC(=N)N)C(=O)N[C@@H](CCCNC(=N)N)C(=O)N[C@@H](CCCNC(=N)N)C(=O)N[C@@H](CCCNC(=N)N)C(=O)N[C@@H](CCCNC(=N)N)C(=O)N[C@@H](CCCNC(=N)N)C(N)=O,7.0
CC[C@H](C)[C@H](NC(=O)[C@H](CCCNC(=N)N)NC(=O)[C@H](Cc1ccccc1)NC(=O)[C@H](Cc1cnc[nH]1)NC(=O)[C@@H](NC(=O)[C@H](Cc1ccccc1)NC(=O)[C@H](CC(C)C)NC(=O)[C@H](C)NC(=O)[C@H](CCC(N)=O)NC(=O)[C@H](CCC(N)=O)NC(=O)[C@H](CC(C)C)NC(C)=O)[C@@H](C)CC)C(=O)NCC(=O)N[C@@H](CCCNC(=N)N)C(=O)N[C@@H](CCCNC(=N)N)C(=O)N[C@@H](CCCNC(=N)N)C(=O)N[C@@H](CCCNC(=N)N)C(=O)N[C@@H](CCCNC(=N)N)C(=O)N[C@@H](CCCNC(=N)N)C(=O)N[C@@H](CCCNC(=N)N)C(=O)N[C@@H](CCCNC(=N)N)C(N)=O,6.920818753952375
CC[C@H](C)[C@H](NC(=O)[C@H](CCCNC(=N)N)NC(=O)[C@H](Cc1ccccc1)NC(=O)[C@H](Cc1cnc[nH]1)NC(=O)[C@@H](NC(=O)[C@H](Cc1ccccc1)NC(=O)[C@H](C)NC(=O)[C@H](CC(C)C)NC(=O)[C@H](CCC(N)=O)NC(=O)[C@H](CCC(N)=O)NC(=O)[C@H](CC(C)C)NC(C)=O)[C@@H](C)CC)C(=O)NCC(=O)N[C@@H](CCCNC(=N)N)C(=O)N[C@@H](CCCNC(=N)N)C(=O)N[C@@H](CCCNC(=N)N)C(=O)N[C@@H](CCCNC(=N)N)C(=O)N[C@@H](CCCNC(=N)N)C(=O)N[C@@H](CCCNC(=N)N)C(=O)N[C@@H](CCCNC(=N)N)C(=O)N[C@@H](CCCNC(=N)N)C(N)=O,6.886056647693163
CC[C@H](C)[C@H](NC(=O)[C@H](C)NC(=O)[C@H](CC(C)C)NC(=O)[C@H](CC(C)C)NC(=O)[C@H](CCC(N)=O)NC(=O)[C@H](CCC(N)=O)NC(=O)[C@H](CC(C)C)NC(C)=O)C(=O)N[C@@H](Cc1cnc[nH]1)C(=O)N[C@@H](Cc1ccccc1)C(=O)N[C@@H](CCCNC(=N)N)C(=O)N[C@H](C(=O)NCC(=O)N[C@@H](CCCNC(=N)N)C(=O)N[C@@H](CCCNC(=N)N)C(=O)N[C@@H](CCCNC(=N)N)C(=O)N[C@@H](CCCNC(=N)N)C(=O)N[C@@H](CCCNC(=N)N)C(=O)N[C@@H](CCCNC(=N)N)C(=O)N[C@@H](CCCNC(=N)N)C(=O)N[C@@H](CCCNC(=N)N)C(N)=O)[C@@H](C)CC,6.468521082957745
CC[C@H](C)[C@H](NC(=O)[C@H](CCCNC(=N)N)NC(=O)[C@H](Cc1ccccc1)NC(=O)[C@H](Cc1cnc[nH]1)NC(=O)[C@H](C)NC(=O)[C@H](Cc1ccccc1)NC(=O)[C@H](CC(C)C)NC(=O)[C@H](CC(C)C)NC(=O)[C@H](CCC(N)=O)NC(=O)[C@H](CCC(N)=O)NC(=O)[C@H](CC(C)C)NC(C)=O)C(=O)NCC(=O)N[C@@H](CCCNC(=N)N)C(=O)N[C@@H](CCCNC(=N)N)C(=O)N[C@@H](CCCNC(=N)N)C(=O)N[C@@H](CCCNC(=N)N)C(=O)N[C@@H](CCCNC(=N)N)C(=O)N[C@@H](CCCNC(=N)N)C(=O)N[C@@H](CCCNC(=N)N)C(=O)N[C@@H](CCCNC(=N)N)C(N)=O,6.481486060122113
CC[C@H](C)[C@H](NC(=O)[C@H](CCCNC(=N)N)NC(=O)[C@H](Cc1ccccc1)NC(=O)[C@H](C)NC(=O)[C@@H](NC(=O)[C@H](Cc1ccccc1)NC(=O)[C@H](CC(C)C)NC(=O)[C@H](CC(C)C)NC(=O)[C@H](CCC(N)=O)NC(=O)[C@H](CCC(N)=O)NC(=O)[C@H](CC(C)C)NC(C)=O)[C@@H](C)CC)C(=O)NCC(=O)N[C@@H](CCCNC(=N)N)C(=O)N[C@@H](CCCNC(=N)N)C(=O)N[C@@H](CCCNC(=N)N)C(=O)N[C@@H](CCCNC(=N)N)C(=O)N[C@@H](CCCNC(=N)N)C(=O)N[C@@H](CCCNC(=N)N)C(=O)N[C@@H](CCCNC(=N)N)C(=O)N[C@@H](CCCNC(=N)N)C(N)=O,6.886056647693163
CC[C@H](C)[C@H](NC(=O)[C@H](CCCNC(=N)N)NC(=O)[C@H](C)NC(=O)[C@H](Cc1cnc[nH]1)NC(=O)[C@@H](NC(=O)[C@H](Cc1ccccc1)NC(=O)[C@H](CC(C)C)NC(=O)[C@H](CC(C)C)NC(=O)[C@H](CCC(N)=O)NC(=O)[C@H](CCC(N)=O)NC(=O)[C@H](CC(C)C)NC(C)=O)[C@@H](C)CC)C(=O)NCC(=O)N[C@@H](CCCNC(=N)N)C(=O)N[C@@H](CCCNC(=N)N)C(=O)N[C@@H](CCCNC(=N)N)C(=O)N[C@@H](CCCNC(=N)N)C(=O)N[C@@H](CCCNC(=N)N)C(=O)N[C@@H](CCCNC(=N)N)C(=O)N[C@@H](CCCNC(=N)N)C(=O)N[C@@H](CCCNC(=N)N)C(N)=O,6.6020599913279625
CC[C@H](C)[C@H](NC(=O)[C@H](C)NC(=O)[C@H](Cc1ccccc1)NC(=O)[C@H](Cc1cnc[nH]1)NC(=O)[C@@H](NC(=O)[C@H](Cc1ccccc1)NC(=O)[C@H](CC(C)C)NC(=O)[C@H](CC(C)C)NC(=O)[C@H](CCC(N)=O)NC(=O)[C@H](CCC(N)=O)NC(=O)[C@H](CC(C)C)NC(C)=O)[C@@H](C)CC)C(=O)NCC(=O)N[C@@H](CCCNC(=N)N)C(=O)N[C@@H](CCCNC(=N)N)C(=O)N[C@@H](CCCNC(=N)N)C(=O)N[C@@H](CCCNC(=N)N)C(=O)N[C@@H](CCCNC(=N)N)C(=O)N[C@@H](CCCNC(=N)N)C(=O)N[C@@H](CCCNC(=N)N)C(=O)N[C@@H](CCCNC(=N)N)C(N)=O,6.958607314841775
CC[C@H](C)[C@H](NC(=O)[C@H](Cc1ccccc1)NC(=O)[C@H](CC(C)C)NC(=O)[C@H](CC(C)C)NC(=O)[C@H](CCC(N)=O)NC(=O)[C@H](CCC(N)=O)NC(=O)[C@H](CC(C)C)NC(C)=O)C(=O)N[C@@H](Cc1cnc[nH]1)C(=O)N[C@@H](Cc1ccccc1)C(=O)N[C@@H](CCCNC(=N)N)C(=O)N[C@@H](C)C(=O)NCC(=O)N[C@@H](CCCNC(=N)N)C(=O)N[C@@H](CCCNC(=N)N)C(=O)N[C@@H](CCCNC(=N)N)C(=O)N[C@@H](CCCNC(=N)N)C(=O)N[C@@H](CCCNC(=N)N)C(=O)N[C@@H](CCCNC(=N)N)C(=O)N[C@@H](CCCNC(=N)N)C(=O)N[C@@H](CCCNC(=N)N)C(N)=O,6.698970004336019
CC[C@H](C)[C@H](NC(=O)[C@H](CCCNC(=N)N)NC(=O)[C@H](Cc1ccccc1)NC(=O)[C@H](Cc1cnc[nH]1)NC(=O)[C@@H](NC(=O)[C@H](Cc1ccccc1)NC(=O)[C@H](CC(C)C)NC(=O)[C@H](CC(C)C)NC(=O)[C@H](CCC(N)=O)NC(=O)[C@H](CCC(N)=O)NC(=O)[C@H](CC(C)C)NC(C)=O)[C@@H](C)CC)C(=O)N[C@@H](C)C(=O)N[C@@H](CCCNC(=N)N)C(=O)N[C@@H](CCCNC(=N)N)C(=O)N[C@@H](CCCNC(=N)N)C(=O)N[C@@H](CCCNC(=N)N)C(=O)N[C@@H](CCCNC(=N)N)C(=O)N[C@@H](CCCNC(=N)N)C(=O)N[C@@H](CCCNC(=N)N)C(=O)N[C@@H](CCCNC(=N)N)C(N)=O,7.045757490560675
CC[C@H](C)[C@H](NC(=O)[C@H](CCCNC(=N)N)NC(=O)[C@H](Cc1ccccc1)NC(=O)[C@H](Cc1cnc[nH]1)NC(=O)[C@@H](NC(=O)[C@H](Cc1ccccc1)NC(=O)[C@H](CC(C)C)NC(=O)[C@H](CC(C)C)NC(=O)[C@H](CCC(N)=O)NC(=O)[C@H](CCC(N)=O)NC(=O)[C@H](CC(C)C)NC(C)=O)[C@@H](C)CC)C(=O)NCC(=O)N[C@@H](CCCNC(=N)N)C(=O)N[C@@H](CCCNC(=N)N)C(=O)N[C@@H](CCCNC(=N)N)C(=O)N[C@@H](CCCNC(=N)N)C(=O)N[C@@H](CCCNC(=N)N)C(=O)N[C@@H](CCCNC(=N)N)C(=O)N[C@@H](CCCNC(=N)N)C(=O)N[C@@H](CCCNC(=N)N)C(N)=O,7.221848749616356
CC[C@H](C)[C@H](NC(=O)[C@H](C)NC(=O)[C@H](CCC(=O)O)NC(C)=O)C(=O)N[C@H](C(=O)N[C@@H](CCCNC(=N)N)C(=O)N[C@H](C(=O)N[C@@H](CC(C)C)C(=O)N[C@@H](CCC(N)=O)C(=O)N[C@@H](CCC(N)=O)C(=O)N[C@@H](CC(C)C)C(=O)N[C@@H](CC(C)C)C(=O)N[C@@H](Cc1ccccc1)C(=O)N[C@H](C(=O)N[C@@H](Cc1cnc[nH]1)C(=O)N[C@@H](Cc1ccccc1)C(=O)N[C@@H](CCCNC(=N)N)C(=O)N[C@H](C(=O)NCC(=O)N[C@@H](CCCNC(=N)N)C(=O)N[C@@H](CCCNC(=N)N)C(=O)N[C@@H](CCCNC(=N)N)C(=O)N[C@@H](CCCNC(=N)N)C(=O)N[C@@H](CCCNC(=N)N)C(=O)N[C@@H](CCCNC(=N)N)C(=O)N[C@@H](CCCNC(=N)N)C(=O)N[C@@H](CCCNC(=N)N)C(N)=O)[C@@H](C)CC)[C@@H](C)CC)[C@@H](C)CC)[C@@H](C)CC,7.3979400086720375
CC[C@H](C)[C@H](NC(C)=O)C(=O)N[C@@H](CC(C)C)C(=O)N[C@@H](CCC(N)=O)C(=O)N[C@@H](CCC(N)=O)C(=O)N[C@@H](CC(C)C)C(=O)N[C@@H](CC(C)C)C(=O)N[C@@H](Cc1ccccc1)C(=O)N[C@H](C(=O)N[C@@H](Cc1cnc[nH]1)C(=O)N[C@@H](Cc1ccccc1)C(=O)N[C@@H](CCCNC(=N)N)C(=O)N[C@H](C(=O)NCC(=O)N[C@@H](CCCNC(=N)N)C(=O)N[C@@H](CCCNC(=N)N)C(=O)N[C@@H](CCCNC(=N)N)C(=O)N[C@@H](CCCNC(=N)N)C(=O)N[C@@H](CCCNC(=N)N)C(=O)N[C@@H](CCCNC(=N)N)C(=O)N[C@@H](CCCNC(=N)N)C(=O)N[C@@H](CCCNC(=N)N)C(N)=O)[C@@H](C)CC)[C@@H](C)CC,7.154901959985743
CC[C@H](C)[C@H](NC(=O)[C@H](CCCNC(=N)N)NC(=O)[C@H](Cc1ccccc1)NC(=O)[C@H](Cc1cnc[nH]1)NC(=O)[C@@H](NC(=O)[C@H](Cc1ccccc1)NC(=O)[C@H](CC(C)C)NC(=O)[C@H](CC(C)C)NC(=O)[C@H](CCC(N)=O)NC(=O)[C@H](CCC(N)=O)NC(=O)[C@H](CC(C)C)NC(=O)[C@@H](NC(=O)[C@H](CCCNC(=N)N)NC(C)=O)[C@@H](C)CC)[C@@H](C)CC)C(=O)NCC(=O)N[C@@H](CCCNC(=N)N)C(=O)N[C@@H](CCCNC(=N)N)C(=O)N[C@@H](CCCNC(=N)N)C(=O)N[C@@H](CCCNC(=N)N)C(=O)N[C@@H](CCCNC(=N)N)C(=O)N[C@@H](CCCNC(=N)N)C(=O)N[C@@H](CCCNC(=N)N)C(=O)N[C@@H](CCCNC(=N)N)C(N)=O,6.958607314841775
CC[C@H](C)[C@H](NC(C)=O)C(=O)N[C@@H](CCCNC(=N)N)C(=O)N[C@H](C(=O)N[C@@H](CC(C)C)C(=O)N[C@@H](CCC(N)=O)C(=O)N[C@@H](CCC(N)=O)C(=O)N[C@@H](CC(C)C)C(=O)N[C@@H](CC(C)C)C(=O)N[C@@H](Cc1ccccc1)C(=O)N[C@H](C(=O)N[C@@H](Cc1cnc[nH]1)C(=O)N[C@@H](Cc1ccccc1)C(=O)N[C@@H](CCCNC(=N)N)C(=O)N[C@H](C(=O)NCC(=O)N[C@@H](CCCNC(=N)N)C(=O)N[C@@H](CCCNC(=N)N)C(=O)N[C@@H](CCCNC(=N)N)C(=O)N[C@@H](CCCNC(=N)N)C(=O)N[C@@H](CCCNC(=N)N)C(=O)N[C@@H](CCCNC(=N)N)C(=O)N[C@@H](CCCNC(=N)N)C(=O)N[C@@H](CCCNC(=N)N)C(N)=O)[C@@H](C)CC)[C@@H](C)CC)[C@@H](C)CC,6.958607314841775
CC[C@H](C)[C@H](NC(C)=O)C(=O)N[C@H](C(=O)N[C@@H](CCCNC(=N)N)C(=O)N[C@H](C(=O)N[C@@H](CC(C)C)C(=O)N[C@@H](CCC(N)=O)C(=O)N[C@@H](CCC(N)=O)C(=O)N[C@@H](CC(C)C)C(=O)N[C@@H](CC(C)C)C(=O)N[C@@H](Cc1ccccc1)C(=O)N[C@H](C(=O)N[C@@H](Cc1cnc[nH]1)C(=O)N[C@@H](Cc1ccccc1)C(=O)N[C@@H](CCCNC(=N)N)C(=O)N[C@H](C(=O)NCC(=O)N[C@@H](CCCNC(=N)N)C(=O)N[C@@H](CCCNC(=N)N)C(=O)N[C@@H](CCCNC(=N)N)C(=O)N[C@@H](CCCNC(=N)N)C(=O)N[C@@H](CCCNC(=N)N)C(=O)N[C@@H](CCCNC(=N)N)C(=O)N[C@@H](CCCNC(=N)N)C(=O)N[C@@H](CCCNC(=N)N)C(N)=O)[C@@H](C)CC)[C@@H](C)CC)[C@@H](C)CC)[C@@H](C)CC,7.154901959985743
CC[C@H](C)[C@H](NC(=O)[C@H](C)NC(C)=O)C(=O)N[C@H](C(=O)N[C@@H](CCCNC(=N)N)C(=O)N[C@H](C(=O)N[C@@H](CC(C)C)C(=O)N[C@@H](CCC(N)=O)C(=O)N[C@@H](CCC(N)=O)C(=O)N[C@@H](CC(C)C)C(=O)N[C@@H](CC(C)C)C(=O)N[C@@H](Cc1ccccc1)C(=O)N[C@H](C(=O)N[C@@H](Cc1cnc[nH]1)C(=O)N[C@@H](Cc1ccccc1)C(=O)N[C@@H](CCCNC(=N)N)C(=O)N[C@H](C(=O)NCC(=O)N[C@@H](CCCNC(=N)N)C(=O)N[C@@H](CCCNC(=N)N)C(=O)N[C@@H](CCCNC(=N)N)C(=O)N[C@@H](CCCNC(=N)N)C(=O)N[C@@H](CCCNC(=N)N)C(=O)N[C@@H](CCCNC(=N)N)C(=O)N[C@@H](CCCNC(=N)N)C(=O)N[C@@H](CCCNC(=N)N)C(N)=O)[C@@H](C)CC)[C@@H](C)CC)[C@@H](C)CC)[C@@H](C)CC,7.301029995663981
CC[C@H](C)[C@H](NC(=O)[C@H](C)NC(=O)[C@H](CCC(=O)O)NC(C)=O)C(=O)N[C@H](C(=O)N[C@@H](CCCNC(=N)N)C(=O)N[C@H](C(=O)N[C@@H](CC(C)C)C(=O)N[C@@H](CCC(N)=O)C(=O)N[C@@H](CCC(N)=O)C(=O)N[C@@H](CC(C)C)C(=O)N[C@@H](CC(C)C)C(=O)N[C@@H](Cc1ccccc1)C(=O)N[C@H](C(=O)N[C@@H](CCC(=O)O)C(=O)N[C@@H](Cc1ccccc1)C(=O)N[C@@H](CCCNC(=N)N)C(=O)N[C@H](C(=O)N[C@@H](CCCCN)C(=O)N[C@@H](CCCNC(=N)N)C(=O)N[C@@H](CCCNC(=N)N)C(=O)N[C@@H](CCCNC(=N)N)C(=O)N[C@@H](CCCNC(=N)N)C(=O)N[C@@H](CCCNC(=N)N)C(=O)N[C@@H](CCCNC(=N)N)C(=O)N[C@@H](CCCNC(=N)N)C(=O)N[C@@H](CCCNC(=N)N)C(N)=O)[C@@H](C)CC)[C@@H](C)CC)[C@@H](C)CC)[C@@H](C)CC,8.0
CC[C@H](C)[C@H](NC(=O)[C@H](CCCNC(=N)N)NC(=O)[C@H](Cc1ccccc1)NC(=O)[C@H](Cc1cnc[nH]1)NC(=O)[C@@H](NC(=O)[C@H](Cc1ccccc1)NC(=O)[C@H](CC(C)C)NC(=O)[C@H](CC(C)C)NC(=O)[C@H](CCC(N)=O)NC(=O)[C@H](CCC(N)=O)NC(=O)[C@H](CC(C)C)NC(=O)[C@H](CCCCN)NC(=O)[C@H](CCCNC(=N)N)NC(=O)[C@@H](NC(=O)[C@@H](NC(=O)[C@H](CCC(=O)O)NC(=O)[C@H](CCC(=O)O)NC(C)=O)[C@@H](C)CC)[C@@H](C)CC)[C@@H](C)CC)C(=O)NCC(=O)N[C@@H](CCCNC(=N)N)C(=O)N[C@@H](CCCNC(=N)N)C(=O)N[C@@H](CCCNC(=N)N)C(=O)N[C@@H](CCCNC(=N)N)C(=O)N[C@@H](CCCNC(=N)N)C(=O)N[C@@H](CCCNC(=N)N)C(=O)N[C@@H](CCCNC(=N)N)C(=O)N[C@@H](CCCNC(=N)N)C(N)=O,7.327902142064283
CC[C@H](C)[C@H](NC(=O)[C@H](C)NC(=O)[C@H](CCC(=O)O)NC(C)=O)C(=O)N[C@H](C(=O)N[C@@H](CCCNC(=N)N)C(=O)N[C@H](C(=O)N[C@@H](CC(C)C)C(=O)N[C@@H](CCC(N)=O)C(=O)N[C@@H](CCC(=O)O)C(=O)N[C@@H](CC(C)C)C(=O)N[C@@H](CC(C)C)C(=O)N[C@@H](Cc1ccccc1)C(=O)N[C@@H](CCCCN)C(=O)N[C@@H](Cc1cnc[nH]1)C(=O)N[C@@H](Cc1ccccc1)C(=O)N[C@@H](CCCNC(=N)N)C(=O)N[C@H](C(=O)NCC(=O)N[C@@H](CCCNC(=N)N)C(=O)N[C@@H](CCCNC(=N)N)C(=O)N[C@@H](CCCNC(=N)N)C(=O)N[C@@H](CCCNC(=N)N)C(=O)N[C@@H](CCCNC(=N)N)C(=O)N[C@@H](CCCNC(=N)N)C(=O)N[C@@H](CCCNC(=N)N)C(=O)N[C@@H](CCCNC(=N)N)C(N)=O)[C@@H](C)CC)[C@@H](C)CC)[C@@H](C)CC,7.187086643357144
CC[C@H](C)[C@H](NC(=O)[C@H](C)NC(=O)[C@H](CCC(=O)O)NC(C)=O)C(=O)N[C@@H](CCC(=O)O)C(=O)N[C@@H](CCCNC(=N)N)C(=O)N[C@H](C(=O)N[C@@H](CC(C)C)C(=O)N[C@@H](CCCCN)C(=O)N[C@@H](CCC(N)=O)C(=O)N[C@@H](CC(C)C)C(=O)N[C@@H](CC(C)C)C(=O)N[C@@H](Cc1ccccc1)C(=O)N[C@H](C(=O)N[C@@H](Cc1cnc[nH]1)C(=O)N[C@@H](Cc1ccccc1)C(=O)N[C@@H](CCCNC(=N)N)C(=O)N[C@H](C(=O)NCC(=O)N[C@@H](CCCNC(=N)N)C(=O)N[C@@H](CCCNC(=N)N)C(=O)N[C@@H](CCCNC(=N)N)C(=O)N[C@@H](CCCNC(=N)N)C(=O)N[C@@H](CCCNC(=N)N)C(=O)N[C@@H](CCCNC(=N)N)C(=O)N[C@@H](CCCNC(=N)N)C(=O)N[C@@H](CCCNC(=N)N)C(N)=O)[C@@H](C)CC)[C@@H](C)CC)[C@@H](C)CC,6.823908740944319
CC[C@H](C)[C@H](NC(=O)[C@H](CCCNC(=N)N)NC(=O)[C@H](Cc1ccccc1)NC(=O)[C@H](Cc1cnc[nH]1)NC(=O)[C@@H](NC(=O)[C@H](Cc1ccccc1)NC(=O)[C@H](CC(C)C)NC(=O)[C@H](CC(C)C)NC(=O)[C@H](CCC(N)=O)NC(=O)[C@H](CCC(N)=O)NC(=O)[C@H](CCCCN)NC(=O)[C@@H](NC(=O)[C@H](CCCNC(=N)N)NC(=O)[C@@H](NC(=O)[C@H](CCC(=O)O)NC(=O)[C@H](C)NC(=O)[C@H](CCC(=O)O)NC(C)=O)[C@@H](C)CC)[C@@H](C)CC)[C@@H](C)CC)C(=O)NCC(=O)N[C@@H](CCCNC(=N)N)C(=O)N[C@@H](CCCNC(=N)N)C(=O)N[C@@H](CCCNC(=N)N)C(=O)N[C@@H](CCCNC(=N)N)C(=O)N[C@@H](CCCNC(=N)N)C(=O)N[C@@H](CCCNC(=N)N)C(=O)N[C@@H](CCCNC(=N)N)C(=O)N[C@@H](CCCNC(=N)N)C(N)=O,7.508638306165727
CC[C@H](C)[C@H](NC(=O)[C@H](C)NC(=O)[C@H](CCC(=O)O)NC(C)=O)C(=O)N[C@H](C(=O)N[C@@H](CCCNC(=N)N)C(=O)N[C@H](C(=O)N[C@@H](CC(C)C)C(=O)N[C@@H](CCC(N)=O)C(=O)N[C@@H](CCC(N)=O)C(=O)N[C@@H](CC(C)C)C(=O)N[C@@H](CCC(=O)O)C(=O)N[C@@H](Cc1ccccc1)C(=O)N[C@H](C(=O)N[C@@H](Cc1cnc[nH]1)C(=O)N[C@@H](CCCCN)C(=O)N[C@@H](CCCNC(=N)N)C(=O)N[C@H](C(=O)NCC(=O)N[C@@H](CCCNC(=N)N)C(=O)N[C@@H](CCCNC(=N)N)C(=O)N[C@@H](CCCNC(=N)N)C(=O)N[C@@H](CCCNC(=N)N)C(=O)N[C@@H](CCCNC(=N)N)C(=O)N[C@@H](CCCNC(=N)N)C(=O)N[C@@H](CCCNC(=N)N)C(=O)N[C@@H](CCCNC(=N)N)C(N)=O)[C@@H](C)CC)[C@@H](C)CC)[C@@H](C)CC)[C@@H](C)CC,7.221848749616356
CC[C@H](C)[C@H](NC(=O)[C@H](CCCNC(=N)N)NC(=O)[C@H](Cc1ccccc1)NC(=O)[C@H](CCC(=O)O)NC(=O)[C@@H](NC(=O)[C@H](Cc1ccccc1)NC(=O)[C@H](CC(C)C)NC(=O)[C@H](CC(C)C)NC(=O)[C@H](CCC(N)=O)NC(=O)[C@H](CCC(N)=O)NC(=O)[C@H](CC(C)C)NC(=O)[C@H](CCCCN)NC(=O)[C@H](CCCNC(=N)N)NC(=O)[C@@H](NC(=O)[C@@H](NC(=O)[C@H](CCC(=O)O)NC(=O)[C@H](CCC(=O)O)NC(C)=O)[C@@H](C)CC)[C@@H](C)CC)[C@@H](C)CC)C(=O)N[C@@H](CCCCN)C(=O)N[C@@H](CCCNC(=N)N)C(=O)N[C@@H](CCCNC(=N)N)C(=O)N[C@@H](CCCNC(=N)N)C(=O)N[C@@H](CCCNC(=N)N)C(=O)N[C@@H](CCCNC(=N)N)C(=O)N[C@@H](CCCNC(=N)N)C(=O)N[C@@H](CCCNC(=N)N)C(=O)N[C@@H](CCCNC(=N)N)C(N)=O,7.096910013008056
CC[C@H](C)[C@H](NC(=O)[C@H](CCCNC(=N)N)NC(=O)[C@H](Cc1ccccc1)NC(=O)[C@H](Cc1cnc[nH]1)NC(=O)[C@@H](NC(=O)[C@H](Cc1ccccc1)NC(=O)[C@H](CC(C)C)NC(=O)[C@H](CC(C)C)NC(=O)[C@H](CCC(N)=O)NC(=O)[C@H](CCC(N)=O)NC(=O)[C@H](C)NC(C)=O)[C@@H](C)CC)C(=O)NCC(=O)N[C@@H](CCCNC(=N)N)C(=O)N[C@@H](CCCNC(=N)N)C(=O)N[C@@H](CCCNC(=N)N)C(=O)N[C@@H](CCCNC(=N)N)C(=O)N[C@@H](CCCNC(=N)N)C(=O)N[C@@H](CCCNC(=N)N)C(=O)N[C@@H](CCCNC(=N)N)C(=O)N[C@@H](CCCNC(=N)N)C(N)=O,7.096910013008056
CC[C@H](C)[C@H](NC(=O)[C@H](CCCNC(=N)N)NC(=O)[C@H](Cc1ccccc1)NC(=O)[C@H](Cc1cnc[nH]1)NC(=O)[C@@H](NC(=O)[C@H](Cc1ccccc1)NC(=O)[C@H](CC(C)C)NC(=O)[C@H](CC(C)C)NC(=O)[C@H](CCC(N)=O)NC(=O)[C@H](C)NC(=O)[C@H](CC(C)C)NC(C)=O)[C@@H](C)CC)C(=O)NCC(=O)N[C@@H](CCCNC(=N)N)C(=O)N[C@@H](CCCNC(=N)N)C(=O)N[C@@H](CCCNC(=N)N)C(=O)N[C@@H](CCCNC(=N)N)C(=O)N[C@@H](CCCNC(=N)N)C(=O)N[C@@H](CCCNC(=N)N)C(=O)N[C@@H](CCCNC(=N)N)C(=O)N[C@@H](CCCNC(=N)N)C(N)=O,7.221848749616356
CC[C@H](C)[C@H](NC(=O)[C@H](CCCNC(=N)N)NC(=O)[C@H](Cc1ccccc1)NC(=O)[C@H](Cc1cnc[nH]1)NC(=O)[C@@H](NC(=O)[C@H](Cc1ccccc1)NC(=O)[C@H](CC(C)C)NC(=O)[C@H](CC(C)C)NC(=O)[C@H](C)NC(=O)[C@H](CCC(N)=O)NC(=O)[C@H](CC(C)C)NC(C)=O)[C@@H](C)CC)C(=O)NCC(=O)N[C@@H](CCCNC(=N)N)C(=O)N[C@@H](CCCNC(=N)N)C(=O)N[C@@H](CCCNC(=N)N)C(=O)N[C@@H](CCCNC(=N)N)C(=O)N[C@@H](CCCNC(=N)N)C(=O)N[C@@H](CCCNC(=N)N)C(=O)N[C@@H](CCCNC(=N)N)C(=O)N[C@@H](CCCNC(=N)N)C(N)=O,7.221848749616356
CC[C@H](C)[C@H](NC(=O)[C@H](CCCNC(=N)N)NC(=O)[C@H](Cc1ccccc1)NC(=O)[C@H](Cc1cnc[nH]1)NC(=O)[C@@H](NC(=O)[C@H](Cc1ccccc1)NC(=O)[C@H](CC(C)C)NC(=O)[C@H](C)NC(=O)[C@H](CCC(N)=O)NC(=O)[C@H](CCC(N)=O)NC(=O)[C@H](CC(C)C)NC(C)=O)[C@@H](C)CC)C(=O)NCC(=O)N[C@@H](CCCNC(=N)N)C(=O)N[C@@H](CCCNC(=N)N)C(=O)N[C@@H](CCCNC(=N)N)C(=O)N[C@@H](CCCNC(=N)N)C(=O)N[C@@H](CCCNC(=N)N)C(=O)N[C@@H](CCCNC(=N)N)C(=O)N[C@@H](CCCNC(=N)N)C(=O)N[C@@H](CCCNC(=N)N)C(N)=O,7.154901959985743
CC[C@H](C)[C@H](NC(=O)[C@H](CCCNC(=N)N)NC(=O)[C@H](Cc1ccccc1)NC(=O)[C@H](Cc1cnc[nH]1)NC(=O)[C@@H](NC(=O)[C@H](Cc1ccccc1)NC(=O)[C@H](C)NC(=O)[C@H](CC(C)C)NC(=O)[C@H](CCC(N)=O)NC(=O)[C@H](CCC(N)=O)NC(=O)[C@H](CC(C)C)NC(C)=O)[C@@H](C)CC)C(=O)NCC(=O)N[C@@H](CCCNC(=N)N)C(=O)N[C@@H](CCCNC(=N)N)C(=O)N[C@@H](CCCNC(=N)N)C(=O)N[C@@H](CCCNC(=N)N)C(=O)N[C@@H](CCCNC(=N)N)C(=O)N[C@@H](CCCNC(=N)N)C(=O)N[C@@H](CCCNC(=N)N)C(=O)N[C@@H](CCCNC(=N)N)C(N)=O,7.221848749616356
CC[C@H](C)[C@H](NC(=O)[C@H](C)NC(=O)[C@H](CC(C)C)NC(=O)[C@H](CC(C)C)NC(=O)[C@H](CCC(N)=O)NC(=O)[C@H](CCC(N)=O)NC(=O)[C@H](CC(C)C)NC(C)=O)C(=O)N[C@@H](Cc1cnc[nH]1)C(=O)N[C@@H](Cc1ccccc1)C(=O)N[C@@H](CCCNC(=N)N)C(=O)N[C@H](C(=O)NCC(=O)N[C@@H](CCCNC(=N)N)C(=O)N[C@@H](CCCNC(=N)N)C(=O)N[C@@H](CCCNC(=N)N)C(=O)N[C@@H](CCCNC(=N)N)C(=O)N[C@@H](CCCNC(=N)N)C(=O)N[C@@H](CCCNC(=N)N)C(=O)N[C@@H](CCCNC(=N)N)C(=O)N[C@@H](CCCNC(=N)N)C(N)=O)[C@@H](C)CC,6.7447274948966935
CC[C@H](C)[C@H](NC(=O)[C@H](CCCNC(=N)N)NC(=O)[C@H](Cc1ccccc1)NC(=O)[C@H](Cc1cnc[nH]1)NC(=O)[C@H](C)NC(=O)[C@H](Cc1ccccc1)NC(=O)[C@H](CC(C)C)NC(=O)[C@H](CC(C)C)NC(=O)[C@H](CCC(N)=O)NC(=O)[C@H](CCC(N)=O)NC(=O)[C@H](CC(C)C)NC(C)=O)C(=O)NCC(=O)N[C@@H](CCCNC(=N)N)C(=O)N[C@@H](CCCNC(=N)N)C(=O)N[C@@H](CCCNC(=N)N)C(=O)N[C@@H](CCCNC(=N)N)C(=O)N[C@@H](CCCNC(=N)N)C(=O)N[C@@H](CCCNC(=N)N)C(=O)N[C@@H](CCCNC(=N)N)C(=O)N[C@@H](CCCNC(=N)N)C(N)=O,6.657577319177793
CC[C@H](C)[C@H](NC(=O)[C@H](CCCNC(=N)N)NC(=O)[C@H](Cc1ccccc1)NC(=O)[C@H](C)NC(=O)[C@@H](NC(=O)[C@H](Cc1ccccc1)NC(=O)[C@H](CC(C)C)NC(=O)[C@H](CC(C)C)NC(=O)[C@H](CCC(N)=O)NC(=O)[C@H](CCC(N)=O)NC(=O)[C@H](CC(C)C)NC(C)=O)[C@@H](C)CC)C(=O)NCC(=O)N[C@@H](CCCNC(=N)N)C(=O)N[C@@H](CCCNC(=N)N)C(=O)N[C@@H](CCCNC(=N)N)C(=O)N[C@@H](CCCNC(=N)N)C(=O)N[C@@H](CCCNC(=N)N)C(=O)N[C@@H](CCCNC(=N)N)C(=O)N[C@@H](CCCNC(=N)N)C(=O)N[C@@H](CCCNC(=N)N)C(N)=O,7.221848749616356
CC[C@H](C)[C@H](NC(=O)[C@H](CCCNC(=N)N)NC(=O)[C@H](C)NC(=O)[C@H](Cc1cnc[nH]1)NC(=O)[C@@H](NC(=O)[C@H](Cc1ccccc1)NC(=O)[C@H](CC(C)C)NC(=O)[C@H](CC(C)C)NC(=O)[C@H](CCC(N)=O)NC(=O)[C@H](CCC(N)=O)NC(=O)[C@H](CC(C)C)NC(C)=O)[C@@H](C)CC)C(=O)NCC(=O)N[C@@H](CCCNC(=N)N)C(=O)N[C@@H](CCCNC(=N)N)C(=O)N[C@@H](CCCNC(=N)N)C(=O)N[C@@H](CCCNC(=N)N)C(=O)N[C@@H](CCCNC(=N)N)C(=O)N[C@@H](CCCNC(=N)N)C(=O)N[C@@H](CCCNC(=N)N)C(=O)N[C@@H](CCCNC(=N)N)C(N)=O,6.920818753952375
CC[C@H](C)[C@H](NC(=O)[C@H](C)NC(=O)[C@H](Cc1ccccc1)NC(=O)[C@H](Cc1cnc[nH]1)NC(=O)[C@@H](NC(=O)[C@H](Cc1ccccc1)NC(=O)[C@H](CC(C)C)NC(=O)[C@H](CC(C)C)NC(=O)[C@H](CCC(N)=O)NC(=O)[C@H](CCC(N)=O)NC(=O)[C@H](CC(C)C)NC(C)=O)[C@@H](C)CC)C(=O)NCC(=O)N[C@@H](CCCNC(=N)N)C(=O)N[C@@H](CCCNC(=N)N)C(=O)N[C@@H](CCCNC(=N)N)C(=O)N[C@@H](CCCNC(=N)N)C(=O)N[C@@H](CCCNC(=N)N)C(=O)N[C@@H](CCCNC(=N)N)C(=O)N[C@@H](CCCNC(=N)N)C(=O)N[C@@H](CCCNC(=N)N)C(N)=O,7.301029995663981
CC[C@H](C)[C@H](NC(=O)[C@H](Cc1ccccc1)NC(=O)[C@H](CC(C)C)NC(=O)[C@H](CC(C)C)NC(=O)[C@H](CCC(N)=O)NC(=O)[C@H](CCC(N)=O)NC(=O)[C@H](CC(C)C)NC(C)=O)C(=O)N[C@@H](Cc1cnc[nH]1)C(=O)N[C@@H](Cc1ccccc1)C(=O)N[C@@H](CCCNC(=N)N)C(=O)N[C@@H](C)C(=O)NCC(=O)N[C@@H](CCCNC(=N)N)C(=O)N[C@@H](CCCNC(=N)N)C(=O)N[C@@H](CCCNC(=N)N)C(=O)N[C@@H](CCCNC(=N)N)C(=O)N[C@@H](CCCNC(=N)N)C(=O)N[C@@H](CCCNC(=N)N)C(=O)N[C@@H](CCCNC(=N)N)C(=O)N[C@@H](CCCNC(=N)N)C(N)=O,6.795880017344075
CC[C@H](C)[C@H](NC(=O)[C@H](CCCNC(=N)N)NC(=O)[C@H](Cc1ccccc1)NC(=O)[C@H](Cc1cnc[nH]1)NC(=O)[C@@H](NC(=O)[C@H](Cc1ccccc1)NC(=O)[C@H](CC(C)C)NC(=O)[C@H](CC(C)C)NC(=O)[C@H](CCC(N)=O)NC(=O)[C@H](CCC(N)=O)NC(=O)[C@H](CC(C)C)NC(C)=O)[C@@H](C)CC)C(=O)N[C@@H](C)C(=O)N[C@@H](CCCNC(=N)N)C(=O)N[C@@H](CCCNC(=N)N)C(=O)N[C@@H](CCCNC(=N)N)C(=O)N[C@@H](CCCNC(=N)N)C(=O)N[C@@H](CCCNC(=N)N)C(=O)N[C@@H](CCCNC(=N)N)C(=O)N[C@@H](CCCNC(=N)N)C(=O)N[C@@H](CCCNC(=N)N)C(N)=O,7.045757490560675
Cn1c(=O)c(C(=O)NCCO)c(O)c2ncc(Cc3ccc(F)cc3)cc21,7.958607314841775
O=C(NCc1ccc(F)cc1)c1nc(N2CCCCS2(=O)=O)c2cccnc2c1O,7.886056647693163
Cc1nnc(C(=O)NC(C)(C)c2nc(C(=O)NCc3ccc(F)cc3)c(O)c(=O)n2C)o1,7.795880017344075
COc1cc2c(cc1Cc1cccc(Cl)c1F)c(=O)c(C(=O)O)cn2[C@H](CO)C(C)C,7.958607314841775
Cn1c(=O)c(C(=O)NCCO)c(O)c2ncc(Cc3ccc(F)cc3)cc21,8.10790539730952
O=C(NCc1ccc(F)cc1)c1nc(N2CCCCS2(=O)=O)c2cccnc2c1O,8.00436480540245
Cc1nnc(C(=O)NC(C)(C)c2nc(C(=O)NCc3ccc(F)cc3)c(O)c(=O)n2C)o1,8.481486060122112
COc1cc2c(cc1Cc1cccc(Cl)c1F)c(=O)c(C(=O)O)cn2[C@H](CO)C(C)C,8.221848749616356
Cc1nnc(C(=O)NC(C)(C)c2nc(C(=O)NCc3ccc(F)cc3)c([O-])c(=O)n2C)o1.[K+],6.886056647693163
CC(=O)N1CCN(c2cc(Br)c3nc(C(=O)NCc4ccc(F)cc4)c(O)c(=O)n3c2)CC1,6.958607314841775
O=C(NCc1cc(Cl)cc(Cl)c1)c1nc2c(N3CCCS3(=O)=O)cc(N3CCOCC3)cn2c(=O)c1O,6.886056647693163
O=C(NCc1ccc(F)cc1)c1nc2c(N3CCCS3(=O)=O)cc(N3CCOCC3)cn2c(=O)c1O,6.709965388637482
O=C(NCc1ccc(F)cc1)c1nc2c(Cl)cc(N3CCOCC3)cn2c(=O)c1O,6.8696662315049934
O=C(NCc1ccc(F)cc1)c1nc2c(Br)cc(N3CCOCC3)cn2c(=O)c1O,6.886056647693163
O=C(NCc1ccc(F)cc1)c1nc2c(I)cc(N3CCOCC3)cn2c(=O)c1O,7.070581074285707
O=C(NCc1ccc(F)cc1)c1nc2c(N3CCOCC3)cc(N3CCOCC3)cn2c(=O)c1O,6.1220530483708115
O=C(NCc1ccc(F)cc1)c1nc2c(OCc3ccc(F)cc3)cc(N3CCOCC3)cn2c(=O)c1O,6.560667306169737
O=C(NCc1ccc(F)cc1)c1nc2c(OCC3CC3)cc(N3CCOCC3)cn2c(=O)c1O,6.367542707815276
CC(C)Oc1cc(N2CCOCC2)cn2c(=O)c(O)c(C(=O)NCc3ccc(F)cc3)nc12,6.610833915635467
COc1cc(N2CCOCC2)cn2c(=O)c(O)c(C(=O)NCc3ccc(F)cc3)nc12,6.769551078621726
O=C(NCc1ccc(F)cc1)c1nc2c3ccc(N4CCOCC4)cc3on2c(=O)c1O,5.0
O=C(NCc1ccc(F)cc1)c1nc2c3ccccc3on2c(=O)c1O,5.0
Cc1cc2nc(C(=O)NCc3ccc(F)cc3)c(O)c(=O)n2o1,5.292429823902063
O=C(NCc1ccc(F)cc1)c1nc2sc3ccccc3n2c(=O)c1O,4.522878745280337
COc1cccc2c1sc1nc(C(=O)NCc3ccc(F)cc3)c(O)c(=O)n12,4.301029995663981
O=C(NCc1ccc(F)cc1)c1nc2sc(N3CCOCC3)cn2c(=O)c1O,5.94692155651658
Cc1cn2c(=O)c(O)c(C(=O)NCc3ccc(F)cc3)nc2s1,5.371611069949688
O=C(NCc1ccc(F)cc1)c1nc2sccn2c(=O)c1O,4.478208350360877
Cn1c2ccccc2c2nc(C(=O)NCc3ccc(F)cc3)c(O)c(=O)n21,6.20342566678957
O=C(NCc1ccc(F)cc1)c1nc2c3ccccc3[nH]n2c(=O)c1O,5.0
Cn1ccc2nc(C(=O)NCc3ccc(F)cc3)c(O)c(=O)n21,4.522878745280337
N#Cc1c[nH]n2c(=O)c(O)c(C(=O)NCc3ccc(F)cc3)nc12,4.864867348623225
O=C(NCc1ccc(F)cc1)c1nc2cc(-c3ccccc3)[nH]n2c(=O)c1O,4.0
Cn1c2ccccc2n2c(=O)c(O)c(C(=O)NCc3ccc(F)cc3)nc12,4.693574972449313
O=C(NCc1ccc(F)cc1)c1nc2[nH]c3ccccc3n2c(=O)c1O,4.0
Cn1ccn2c(=O)c(O)c(C(=O)NCc3ccc(F)cc3)nc12,7.114638779968488
O=C(NCc1ccc(F)cc1)c1nc2ccccn2c(=O)c1O,6.231361898752385
O=C(NCc1ccc(F)cc1)c1nc2ccc(N3CCOCC3)cn2c(=O)c1O,7.096910013008056
O=C(NCc1ccc(F)cc1)c1nc2ccc(Br)cn2c(=O)c1O,6.351639989019068
CCN(C(=O)C(=O)N1CCOCC1)c1cccn2c(=O)c(O)c(C(=O)NCc3ccc(F)cc3)nc12,7.6020599913279625
O=c1c(O)c(-c2ncc(Cc3ccc(F)cc3)s2)nc2ccc(N3CCOCC3)cn12,7.698970004336019
O=C1OCCN1c1cc(N2CCOCC2)cn2c(=O)c(O)c(-c3ncc(Cc4ccc(F)cc4)[nH]3)nc12,7.455931955649724
O=c1c(O)c(-c2ncc(Cc3ccc(F)cc3)s2)nc2c(N3CCCS3(=O)=O)cc(N3CCOCC3)cn12,7.443697499232712
O=c1c(O)c(-c2ncc(Cc3ccc(F)cc3)s2)nc2c(Br)cc(N3CCOCC3)cn12,7.376750709602099
O=c1c(O)c(-c2ncc(Cc3ccc(F)cc3)[nH]2)nc2ccc(N3CCOCC3)cn12,7.346787486224656
O=C1CCCN1c1cc(N2CCOCC2)cn2c(=O)c(O)c(-c3ncc(Cc4ccc(F)cc4)[nH]3)nc12,7.327902142064283
O=c1c(O)c(-c2ncc(Cc3ccc(F)cc3)o2)nc2ccc(N3CCOCC3)cn12,7.229147988357855
CN1CCN(c2cc(N3CCOCC3)cn3c(=O)c(O)c(-c4ncc(Cc5ccc(F)cc5)[nH]4)nc23)S1(=O)=O,7.154901959985743
O=c1c(O)c(-c2ncc(Cc3ccc(F)cc3)[nH]2)nc2c(N3CCCS3(=O)=O)cc(N3CCOCC3)cn12,7.022276394711152
O=c1c(O)c(-c2ncc(Cc3ccc(F)cc3)o2)nc2c(I)cc(N3CCOCC3)cn12,6.769551078621726
O=c1c(O)c(-c2nnc(Cc3ccc(F)cc3)s2)nc2ccc(N3CCOCC3)cn12,6.647817481888637
O=c1c(O)c(-c2nnc(Cc3ccc(F)cc3)o2)nc2ccc(N3CCOCC3)cn12,6.508638306165727
O=c1c(O)c(-c2noc(Cc3ccc(F)cc3)n2)nc2ccc(N3CCOCC3)cn12,6.346787486224656
O=C(NCc1ccc(F)cc1)c1nc2ccc(N3CCOCC3)cn2c(=O)c1O,6.110698297493689
O=c1c(O)c(-c2nc(Cc3ccc(F)cc3)no2)nc2ccc(N3CCOCC3)cn12,5.0
COc1ccc(/C=C2\C(=O)N(c3cccc(Br)c3)N=C2C(F)(F)F)cc1OC,4.468521082957745
COc1ccc(/C=C2\C(=O)N(c3cccc(Br)c3)N=C2C(F)(F)F)c(OC)c1OC,4.0
COc1cc(/C=C2\C(=O)N(c3cccc(Br)c3)N=C2C(F)(F)F)cc(OC)c1OC,4.823908740944319
COc1ccc(/C=C2\C(=O)N(c3cccc(Br)c3)N=C2C(F)(F)F)cc1OCc1cccc(Cl)c1F,4.522878745280337
COc1ccc(/C=C2\C(=O)N(c3cccc(Br)c3)N=C2C(F)(F)F)cc1OCc1ccc(F)cc1,4.3979400086720375
O=C1/C(=C\c2ccc(O)c(OCc3ccc(F)cc3)c2)C(C(F)(F)F)=NN1c1cccc(Br)c1,4.657577319177793
COc1ccc(/C=C2\C(=O)N(c3cccc(Br)c3)N=C2C(F)(F)F)cc1Cc1ccc(F)cc1,4.958607314841775
COc1ccc(/C=C2\C(=O)N(c3ccccc3)N=C2C(F)(F)F)cc1OCc1ccc(F)cc1,4.0
COc1ccc(/C=C2\C(=O)N(c3cccc(C)c3)N=C2C(F)(F)F)cc1OCc1ccc(F)cc1,4.0
COc1ccc(/C=C2\C(=O)N(c3cccc(C(F)(F)F)c3)N=C2C(F)(F)F)cc1OCc1ccc(F)cc1,4.619788758288394
COc1ccc(/C=C2\C(=O)N(c3cccc(-c4ccccc4)c3)N=C2C(F)(F)F)cc1OCc1ccc(F)cc1,4.795880017344075
COc1ccc(/C=C2\C(=O)N(c3cccc([N+](=O)[O-])c3)N=C2C(F)(F)F)cc1OCc1ccc(F)cc1,4.721246399047171
COc1ccc(/C=C2\C(=O)N(c3cccc(F)c3)N=C2C(F)(F)F)cc1OCc1ccc(F)cc1,4.221848749616356
COc1ccc(/C=C2\C(=O)N(c3cccc(Cl)c3)N=C2C(F)(F)F)cc1OCc1ccc(F)cc1,4.522878745280337
COc1ccc(/C=C2\C(=O)N(c3cccc(I)c3)N=C2C(F)(F)F)cc1OCc1ccc(F)cc1,4.455931955649724
COc1ccc(/C=C2\C(=O)N(c3cc(Cl)cc(Cl)c3)N=C2C(F)(F)F)cc1OCc1ccc(F)cc1,4.920818753952375
COc1ccc(/C=C2\C(=O)N(c3ccc(Br)cc3)N=C2C(F)(F)F)cc1OCc1ccc(F)cc1,4.6020599913279625
COc1ccc(/C=C2\C(=O)N(c3ccc(I)cc3)N=C2C(F)(F)F)cc1OCc1ccc(F)cc1,4.161150909262744
COc1ccc(/C=C2\C(=O)N(c3ccc(C(=O)O)cc3)N=C2C(F)(F)F)cc1OCc1ccc(F)cc1,4.3872161432802645
COc1ccc(/C=C2\C(=O)N(c3ccc(NS(C)(=O)=O)cc3)N=C2C(F)(F)F)cc1OCc1ccc(F)cc1,4.0
COc1ccc(/C=C2\C(=O)N(c3nc4ccccc4s3)N=C2C(F)(F)F)cc1OCc1ccc(F)cc1,4.568636235841013
COc1ccc(/C=C2\C(=O)N(c3cccc(Br)c3)N=C2C)cc1OCc1ccc(F)cc1,4.0
CCC1=NN(c2cccc(Br)c2)C(=O)/C1=C\c1ccc(OC)c(OCc2ccc(F)cc2)c1,4.0
COc1ccc(/C=C2\C(=O)N(c3cccc(Br)c3)N=C2NC(=O)C(F)(F)F)cc1OCc1ccc(F)cc1,4.0
COc1ccc(/C=C2\C(=O)N(c3cccc(Br)c3)N=C2OC(C)=O)cc1OCc1ccc(F)cc1,4.0
COc1ccc(/C=C2\C(=O)N(c3cccc(Br)c3)N=C2COC(C)=O)cc1OCc1ccc(F)cc1,4.2441251443275085
CCC(=O)OC1=NN(c2cccc(Br)c2)C(=O)/C1=C\c1ccc(OC)c(OCc2ccc(F)cc2)c1,4.055517327849831
COc1ccc(/C=C2\C(=O)N(c3cccc(Br)c3)N=C2C(=O)O)cc1OCc1ccc(F)cc1,4.721246399047171
COc1ccc(/C=C2\C(=O)N(c3cccc([N+](=O)[O-])c3)N=C2C(=O)O)cc1Cc1ccc(F)cc1,4.958607314841775
COc1ccc(/C=C2\C(=O)N(c3cccc([N+](=O)[O-])c3)N=C2C(=O)O)cc1OCc1ccc(F)cc1,4.853871964321762
O=C(O)C1=NN(c2cccc([N+](=O)[O-])c2)C(=O)/C1=C\c1ccc(O)c(OCc2ccc(F)cc2)c1,5.0
O=C(O)C1=NN(c2cccc([N+](=O)[O-])c2)C(=O)/C1=C\c1ccc(OCc2ccc(F)cc2)c(O)c1,5.522878745280337
COc1ccc(/C=C2\C(=O)N(c3cccc(Br)c3)N=C2C(F)(F)F)cc1OC,4.050609993355087
COc1ccc(/C=C2\C(=O)N(c3cccc(Br)c3)N=C2C(F)(F)F)c(OC)c1OC,4.0
COc1cc(/C=C2\C(=O)N(c3cccc(Br)c3)N=C2C(F)(F)F)cc(OC)c1OC,4.214670164989233
COc1ccc(/C=C2\C(=O)N(c3cccc(Br)c3)N=C2C(F)(F)F)cc1OCc1cccc(Cl)c1F,4.301029995663981
COc1ccc(/C=C2\C(=O)N(c3cccc(Br)c3)N=C2C(F)(F)F)cc1OCc1ccc(F)cc1,4.080921907623926
O=C1/C(=C\c2ccc(O)c(OCc3ccc(F)cc3)c2)C(C(F)(F)F)=NN1c1cccc(Br)c1,4.0
COc1ccc(/C=C2\C(=O)N(c3cccc(Br)c3)N=C2C(F)(F)F)cc1Cc1ccc(F)cc1,4.6777807052660805
COc1ccc(/C=C2\C(=O)N(c3ccccc3)N=C2C(F)(F)F)cc1OCc1ccc(F)cc1,4.0
COc1ccc(/C=C2\C(=O)N(c3cccc(C)c3)N=C2C(F)(F)F)cc1OCc1ccc(F)cc1,4.0
COc1ccc(/C=C2\C(=O)N(c3cccc(C(F)(F)F)c3)N=C2C(F)(F)F)cc1OCc1ccc(F)cc1,4.045757490560675
COc1ccc(/C=C2\C(=O)N(c3cccc(-c4ccccc4)c3)N=C2C(F)(F)F)cc1OCc1ccc(F)cc1,4.0
COc1ccc(/C=C2\C(=O)N(c3cccc([N+](=O)[O-])c3)N=C2C(F)(F)F)cc1OCc1ccc(F)cc1,4.2839966563652006
COc1ccc(/C=C2\C(=O)N(c3cccc(F)c3)N=C2C(F)(F)F)cc1OCc1ccc(F)cc1,4.0
COc1ccc(/C=C2\C(=O)N(c3cccc(Cl)c3)N=C2C(F)(F)F)cc1OCc1ccc(F)cc1,4.055517327849831
COc1ccc(/C=C2\C(=O)N(c3cccc(I)c3)N=C2C(F)(F)F)cc1OCc1ccc(F)cc1,4.0
COc1ccc(/C=C2\C(=O)N(c3cc(Cl)cc(Cl)c3)N=C2C(F)(F)F)cc1OCc1ccc(F)cc1,4.0
COc1ccc(/C=C2\C(=O)N(c3ccc(Br)cc3)N=C2C(F)(F)F)cc1OCc1ccc(F)cc1,4.086186147616283
COc1ccc(/C=C2\C(=O)N(c3ccc(I)cc3)N=C2C(F)(F)F)cc1OCc1ccc(F)cc1,4.0
COc1ccc(/C=C2\C(=O)N(c3ccc(C(=O)O)cc3)N=C2C(F)(F)F)cc1OCc1ccc(F)cc1,4.0
COc1ccc(/C=C2\C(=O)N(c3ccc(NS(C)(=O)=O)cc3)N=C2C(F)(F)F)cc1OCc1ccc(F)cc1,4.0
COc1ccc(/C=C2\C(=O)N(c3nc4ccccc4s3)N=C2C(F)(F)F)cc1OCc1ccc(F)cc1,4.0
COc1ccc(/C=C2\C(=O)N(c3cccc(Br)c3)N=C2C)cc1OCc1ccc(F)cc1,4.0
CCC1=NN(c2cccc(Br)c2)C(=O)/C1=C\c1ccc(OC)c(OCc2ccc(F)cc2)c1,4.0
COc1ccc(/C=C2\C(=O)N(c3cccc(Br)c3)N=C2NC(=O)C(F)(F)F)cc1OCc1ccc(F)cc1,4.0
COc1ccc(/C=C2\C(=O)N(c3cccc(Br)c3)N=C2OC(C)=O)cc1OCc1ccc(F)cc1,4.0
COc1ccc(/C=C2\C(=O)N(c3cccc(Br)c3)N=C2COC(C)=O)cc1OCc1ccc(F)cc1,4.0
CCC(=O)OC1=NN(c2cccc(Br)c2)C(=O)/C1=C\c1ccc(OC)c(OCc2ccc(F)cc2)c1,4.0
COc1ccc(/C=C2\C(=O)N(c3cccc(Br)c3)N=C2C(=O)O)cc1OCc1ccc(F)cc1,4.259637310505756
COc1ccc(/C=C2\C(=O)N(c3cccc([N+](=O)[O-])c3)N=C2C(=O)O)cc1Cc1ccc(F)cc1,4.823908740944319
COc1ccc(/C=C2\C(=O)N(c3cccc([N+](=O)[O-])c3)N=C2C(=O)O)cc1OCc1ccc(F)cc1,4.221848749616356
O=C(O)C1=NN(c2cccc([N+](=O)[O-])c2)C(=O)/C1=C\c1ccc(O)c(OCc2ccc(F)cc2)c1,4.022276394711152
O=C(O)C1=NN(c2cccc([N+](=O)[O-])c2)C(=O)/C1=C\c1ccc(OCc2ccc(F)cc2)c(O)c1,4.6777807052660805
NCc1ccc(-c2ccc(Cc3cc(=O)n(O)c4ncccc34)cc2)cc1,4.619788758288394
NCc1ccc(-c2cccc(Cc3cc(=O)n(O)c4ncccc34)c2)cc1,5.0915149811213505
NCc1ccc(-c2cccc(-c3cc(=O)n(O)c4ncccc34)c2)cc1,5.107905397309519
NCc1cccc(-c2cccc(-c3cc(=O)n(O)c4ncccc34)c2)c1,5.040958607678906
NCc1ccccc1-c1cccc(-c2cc(=O)n(O)c3ncccc23)c1,4.7447274948966935
O=c1cc(-c2cccc(-c3ccccc3)c2)c2cccnc2n1O,5.619788758288394
O=c1ccc2cccnc2n1O,4.823908740944319
CN(O)C(=O)c1cc2ccn(Cc3ccc(F)cc3)c2cn1,6.6020599913279625
CN(O)C(=O)c1cc2ccn(Cc3ccc(F)cc3F)c2cn1,6.6020599913279625
CN(O)C(=O)c1cc2c(CN3CCC(O)C3)cn(Cc3ccc(F)cc3)c2cn1,5.8474059220725305
CN1CCN(Cc2cn(Cc3ccc(F)cc3)c3cnc(C(=O)N(C)O)cc23)CC1,6.272458742971444
CN(O)C(=O)c1cc2c(CN3CCNC(=O)C3)cn(Cc3ccc(F)cc3)c2cn1,6.411168274405792
CN(O)C(=O)c1cc2c(CN3CCC[C@@H]3C(N)=O)cn(Cc3ccc(F)cc3)c2cn1,6.33161408331
CN(O)C(=O)c1cc2c(CN3CCC[C@H]3C(N)=O)cn(Cc3ccc(F)cc3)c2cn1,6.253365801062421
CN(O)C(=O)c1cc2c(CO)cn(Cc3ccc(F)cc3)c2cn1,6.838631997765025
COCCOCc1cn(Cc2ccc(F)cc2)c2cnc(C(=O)N(C)O)cc12,6.4179366370882915
CN(O)C(=O)c1cc2c(COC3CCOCC3)cn(Cc3ccc(F)cc3)c2cn1,6.504455662453552
COCc1cn(Cc2ccc(F)cc2)c2cnc(C(=O)N(C)O)cc12,6.616184634019569
CCOCCOCc1cn(Cc2ccc(F)cc2)c2cnc(C(=O)N(C)O)cc12,6.511449283499556
CN(O)C(=O)c1cc2c(C(=O)NCCN3CCOCC3)cn(Cc3ccc(F)cc3)c2cn1,6.298432014944073
CN(O)C(=O)c1cc2c(C(=O)N3CCC[C@@H]3CO)cn(Cc3ccc(F)cc3)c2cn1,6.496209316942819
CC(C)NC(=O)c1cn(Cc2ccc(F)cc2)c2cnc(C(=O)N(C)O)cc12,6.600326278518962
CN(O)C(=O)c1cc2c(CCCN3CCOCC3)cn(Cc3ccc(F)cc3)c2cn1,6.252588192113577
CN(O)C(=O)c1cc2c(CCCO)cn(Cc3ccc(F)cc3)c2cn1,6.468521082957745
COCCOCCCc1cn(Cc2ccc(F)cc2)c2cnc(C(=O)N(C)O)cc12,6.2580609222708015
COc1cc(/C=C/c2ccc3ccc(C(=O)[O-])c(O)c3n2)cc(O)c1O.[Na+],6.154901959985743
COc1cc(/C=C/c2ccc3ccc(C(=O)[O-])c(O)c3n2)cc(OC)c1O.[Na+],5.309803919971486
CN(c1c2c(c(O)c3ncccc13)C(=O)N(Cc1ccc(F)cc1)C2)S(C)(=O)=O,7.552841968657781
COc1cc2c(cc1Cc1cccc(Cl)c1F)c(=O)c(C(=O)O)cn2[C@@H](CO)C(C)C,7.3979400086720375
O=C(NCc1ccc(F)cc1)c1nc(N2CCCCS2(=O)=O)c2cccnc2c1O,7.356547323513812
Cc1nnc(C(=O)NC(C)(C)c2nc(C(=O)NCc3ccc(F)cc3)c(O)c(=O)n2C)o1,7.468521082957745
CC1C(=O)N(O)C(=O)c2ccccc21,5.481486060122113
CCC1C(=O)N(O)C(=O)c2ccccc21,4.804100347590766
CCCC1C(=O)N(O)C(=O)c2ccccc21,4.675717544702307
CC(C)C1C(=O)N(O)C(=O)c2ccccc21,4.449771646944906
CCCCC1C(=O)N(O)C(=O)c2ccccc21,4.39577394691553
CCCCCC1C(=O)N(O)C(=O)c2ccccc21,5.8696662315049934
CCCCCCC1C(=O)N(O)C(=O)c2ccccc21,4.943095148663527
CCCCCCc1c(O)n(O)c(=O)c2ccccc12,4.342944147142896
CCCCCCCc1c(O)n(O)c(=O)c2ccccc12,3.946537395074545
O=C1c2ccccc2C(Cc2ccccc2)C(=O)N1O,4.423658649794207
O=c1c2ccccc2c(Cc2ccccc2)c(O)n1O,4.399027104313252
Cc1ccc(CC2C(=O)N(O)C(=O)c3ccccc32)cc1,5.468521082957745
O=C1c2ccccc2C(Cc2ccc(C(F)(F)F)cc2)C(=O)N1O,4.634512015109101
O=C1c2ccccc2C(CCc2ccccc2)C(=O)N1O,4.555955204081924
O=C1c2ccccc2C(CCCc2ccccc2)C(=O)N1O,5.585026652029182
COc1cc2c(cc1Cc1cccc(Cl)c1F)c(=O)c(C(=O)O)cn2[C@H](CO)C(C)C,8.397940008672037
Cc1nnc(C(=O)NC(C)(C)c2nc(C(=O)NCc3ccc(F)cc3)c(O)c(=O)n2C)o1,8.045757490560675
COc1cccc2c1c(C(=O)/C=C(\O)C(=O)O)cn2Cc1ccc(F)cc1,7.096910013008056
COc1cc(OC)c2c(c1)c(C(=O)/C=C(\O)C(=O)O)cn2Cc1ccc(F)cc1,6.600326278518962
COc1cc(OC)c2c(C(=O)/C=C(\O)C(=O)O)cn(Cc3ccc(F)cc3)c2c1,6.327902142064283
COc1cc2c(C(=O)/C=C(\O)C(=O)O)cn(Cc3ccc(F)cc3)c2cc1OC,6.262012673666569
CCOC(=O)/C(O)=C/C(=O)c1cn(Cc2ccc(F)cc2)c2ccc(OC)c(OC)c12,6.045757490560675
CCOC(=O)/C(O)=C/C(=O)c1cn(Cc2ccc(F)cc2)c2c(OC)ccc(OC)c12,5.906578314837765
COc1ccc2c(c(C(=O)/C=C(\O)C(=O)O)cn2Cc2ccc(F)cc2)c1OC,5.838631997765025
CCOC(=O)/C(O)=C/C(=O)c1cn(Cc2ccc(F)cc2)c2cc(OC)cc(OC)c12,5.554395796726403
COc1ccc2c(C(=O)/C=C(\O)C(=O)O)cn(Cc3ccc(F)cc3)c2c1OC,5.449771646944906
CCOC(=O)/C(O)=C/C(=O)c1cn(Cc2ccc(F)cc2)c2cc(OC)c(OC)cc12,5.356547323513812
CCOC(=O)/C(O)=C/C(=O)c1cn(Cc2ccc(F)cc2)c2c(OC)c(OC)ccc12,5.130181792020672
CCOC(=O)/C(O)=C/C(=O)c1cn(Cc2ccc(F)cc2)c2c(OC)cc(OC)cc12,4.7423214251308154
[N-]=[N+]=[N-].[Na+],5.920818753952375
O=C(/C=C/c1ccc(O)c(O)c1)c1ccc(NC(=O)c2ccc(F)c(F)c2)cc1,4.54515513999149
Cc1ccc(/C=C/C(=O)c2ccc(NC(=O)c3cc(F)cc(F)c3)cc2)cc1O,4.405607449624573
O=C(Cc1cccs1)Nc1ccc(C(=O)/C=C/c2ccc(O)c(O)c2)cc1,4.350665141287858
O=C(/C=C/c1ccc(O)c(O)c1)c1ccc(NC(=O)c2ccccc2)cc1,4.29929628285498
COc1ccc(C(=O)Nc2ccc(C(=O)/C=C/c3ccc(O)c(O)c3)cc2)cc1,4.598599459218456
O=C(/C=C/c1ccc(O)c(O)c1)c1ccc(NC(=O)C23C[C@H]4C[C@@H](C2)C[C@@H](C3)C4)cc1,4.434152181326482
CCOC(=O)/C(O)=C/C(=O)c1cn(Cc2ccc(F)cc2)c2cccc(OC)c12,4.065097741677686
CCOC(=O)/C(O)=C/C(=O)c1cn(Cc2ccc(F)cc2)c2ccc(OC)cc12,5.337242168318426
CCOC(=O)/C(O)=C/C(=O)c1cn(Cc2ccc(F)cc2)c2cc(OC)ccc12,5.707743928643524
CCOC(=O)/C(O)=C/C(=O)c1cn(Cc2ccc(F)cc2)c2c(OC)cccc12,5.3223930472795065
CCOC(=O)/C(O)=C/C(=O)c1cn(Cc2ccc(F)cc2)c2c(OC)ccc(OC)c12,5.906578314837765
O=C(O)/C(O)=C/C(=O)c1cn(Cc2ccccc2)c2ccccc12,6.0655015487564325
COc1cccc2c1c(C(=O)/C=C(\O)C(=O)O)cn2Cc1ccc(F)cc1,6.958607314841775
COc1ccc2c(c1)c(C(=O)/C=C(\O)C(=O)O)cn2Cc1ccc(F)cc1,6.522878745280337
COc1ccc2c(C(=O)/C=C(\O)C(=O)O)cn(Cc3ccc(F)cc3)c2c1,6.721246399047171
COc1cccc2c(C(=O)/C=C(\O)C(=O)O)cn(Cc3ccc(F)cc3)c12,6.568636235841013
COc1ccc(OC)c2c1c(C(=O)/C=C(\O)C(=O)O)cn2Cc1ccc(F)cc1,7.221848749616356
O=C(O)C(=O)CC(=O)c1cc(OCc2ccccc2)cc(OCc2ccccc2)c1,6.698970004336019
O=C(NCc1ccc(F)cc1)c1nc(N2CCCCS2(=O)=O)c2cccnc2c1O,8.638272163982407
Cc1nnc(C(=O)NC(C)(C)c2nc(C(=O)NCc3ccc(F)cc3)c(O)c(=O)n2C)o1,8.045757490560675
COc1cc2c(cc1Cc1cccc(Cl)c1F)c(=O)c(C(=O)O)cn2[C@H](CO)C(C)C,8.42021640338319
CCOC(=O)/C(O)=C/C(=O)c1cn(Cc2ccc(F)cc2)c2cccc(OC)c12,4.034798298974088
CCOC(=O)/C(O)=C/C(=O)c1cn(Cc2ccc(F)cc2)c2ccc(OC)cc12,5.1220530483708115
CCOC(=O)/C(O)=C/C(=O)c1cn(Cc2ccc(F)cc2)c2cc(OC)ccc12,5.6307841425898575
CCOC(=O)/C(O)=C/C(=O)c1cn(Cc2ccc(F)cc2)c2c(OC)cccc12,5.578396073130169
CCOC(=O)/C(O)=C/C(=O)c1cn(Cc2ccc(F)cc2)c2c(OC)ccc(OC)c12,6.180456064458132
O=C(O)/C(O)=C/C(=O)c1cn(Cc2ccccc2)c2ccccc12,5.632644078973981
COc1cccc2c1c(C(=O)/C=C(\O)C(=O)O)cn2Cc1ccc(F)cc1,6.853871964321762
COc1ccc2c(c1)c(C(=O)/C=C(\O)C(=O)O)cn2Cc1ccc(F)cc1,6.568636235841013
COc1ccc2c(C(=O)/C=C(\O)C(=O)O)cn(Cc3ccc(F)cc3)c2c1,6.657577319177793
COc1cccc2c(C(=O)/C=C(\O)C(=O)O)cn(Cc3ccc(F)cc3)c12,6.721246399047171
COc1ccc(OC)c2c1c(C(=O)/C=C(\O)C(=O)O)cn2Cc1ccc(F)cc1,7.522878745280337
O=C(O)C(=O)CC(=O)c1cc(OCc2ccccc2)cc(OCc2ccccc2)c1,5.455931955649724
O=C(NCc1ccc(F)cc1)c1nc(N2CCCCS2(=O)=O)c2cccnc2c1O,8.154901959985743
Cc1nnc(C(=O)NC(C)(C)c2nc(C(=O)NCc3ccc(F)cc3)c(O)c(=O)n2C)o1,8.167491087293763
COc1cc2c(cc1Cc1cccc(Cl)c1F)c(=O)c(C(=O)O)cn2[C@H](CO)C(C)C,7.823908740944319
O=C(NCc1ccc(F)cc1)c1cc(Br)ccc1O,4.0
Cc1cccc(C(=O)NCc2ccc(F)cc2)c1O,4.0
O=C(O)c1cc(Br)cc(C(=O)NCc2ccc(F)cc2)c1O,4.0
O=C(O)c1cc(F)cc(C(=O)CCc2cc(Cl)ccc2Cl)c1O,4.0
O=Cc1cc(Br)cc(C(=O)NCc2ccc(F)cc2)c1O,4.0
O=C(/C=C/c1cc(Br)cc([N+](=O)[O-])c1O)c1cc(Cl)cc(Cl)c1Cl,3.4775557664936803
Cc1cc(C(=O)O)c(O)c(C(=O)/C=C/c2c(Cl)ccc(Cl)c2Cl)c1,4.0
N#Cc1cc(Br)cc(C(=O)/C=C/c2c(Cl)ccc(Cl)c2Cl)c1O,4.0
O=C(O)c1cc(Br)cc(C(=O)/C=C/c2cccc(OC(F)(F)F)c2)c1O,4.0
O=C(O)c1cc(Br)cc(C(=O)/C=C/c2cc3c(cc2Cl)OCO3)c1O,4.102372908709558
O=C(O)c1cc(Br)cc(C(=O)/C=C/c2ccccc2-c2ccco2)c1O,4.0
COc1cccc2c(/C=C/C(=O)c3cc(Br)cc(C(=O)O)c3O)cccc12,4.267606240177032
CCOc1ccc2ccccc2c1/C=C/C(=O)c1cc(Br)cc(C(=O)O)c1O,4.036212172654444
COc1ccc(/C=C/C(=O)c2cc(Br)cc(C(=O)O)c2O)cc1OC1CCCC1,4.0
O=C(O)c1cc(Br)cc(C(=O)/C=C/c2ccc(Oc3ccc(Cl)cc3)cc2)c1O,4.657577319177793
O=C(O)c1cc(Br)cc(C(=O)/C=C/c2cccc(Oc3ccc(Cl)cc3)c2)c1O,4.6020599913279625
O=C(O)c1cc(Br)cc(C(=O)/C=C/c2ccccc2OCc2ccccc2)c1O,4.6777807052660805
COc1cc(F)c(/C=C/C(=O)c2cc(Br)cc(C(=O)O)c2O)cc1OC,4.0
COc1ccc(/C=C/C(=O)c2cc(Br)cc(C(=O)O)c2O)c(Cl)c1OC,4.0
Cc1cc(C)cc(/C=C/C(=O)c2cc(Br)cc(C(=O)O)c2O)c1,4.0
O=C(O)c1cc(F)cc(C(=O)/C=C/c2cc(Cl)ccc2Cl)c1O,4.301029995663981
O=C(O)c1cc(Cl)cc(C(=O)/C=C/c2cc(Cl)ccc2Cl)c1O,4.1249387366083
O=C(O)c1cc(Cl)cc(C(=O)/C=C/c2cccc(Cl)c2Cl)c1O,4.0
O=C(O)c1cc(Cl)cc(C(=O)/C=C/c2ccc(Cl)cc2Cl)c1O,4.0
O=C(O)c1cc(Br)cc(C(=O)/C=C/c2ccc(I)cc2)c1O,4.161150909262744
O=C(NCc1ccc(F)cc1)c1cc(Br)ccc1O,4.0
Cc1cccc(C(=O)NCc2ccc(F)cc2)c1O,4.0
O=C(O)c1cc(Br)cc(C(=O)NCc2ccc(F)cc2)c1O,4.820000071285178
O=C(/C=C/c1cc(Br)cc([N+](=O)[O-])c1O)c1c(Cl)ccc(Cl)c1Cl,4.68000002720016
O=C(/C=C/c1cc(Br)cc([N+](=O)[O-])c1O)c1cc(Cl)cc(Cl)c1Cl,4.159999981744464
Cc1cc(C(=O)O)c(O)c(C(=O)/C=C/c2c(Cl)ccc(Cl)c2Cl)c1,4.300000029139088
N#Cc1cc(Br)cc(C(=O)/C=C/c2c(Cl)ccc(Cl)c2Cl)c1O,4.399999967876858
O=C(O)c1cc(Br)cc(C(=O)/C=C/c2cccc(F)c2)c1O,4.229999967073058
O=C(O)c1cc(Br)cc(C(=O)/C=C/c2cccc(Br)c2)c1O,4.739999966255497
O=C(O)c1cc(Br)cc(C(=O)/C=C/c2cccc([N+](=O)[O-])c2)c1O,4.489999942195333
O=C(O)c1cc(Br)cc(C(=O)/C=C/c2cccc(OC(F)(F)F)c2)c1O,4.279999967105453
O=C(O)c1cc(Br)cc(C(=O)/C=C/c2cc3c(cc2Cl)OCO3)c1O,4.200000030616179
O=C(O)c1cc(Br)cc(C(=O)/C=C/c2ccccc2-c2ccco2)c1O,4.800000052738446
O=C(O)c1cc(Br)cc(C(=O)/C=C/c2ccc3sccc3c2)c1O,4.96000007768865
COc1cccc2c(/C=C/C(=O)c3cc(Br)cc(C(=O)O)c3O)cccc12,4.259999979340046
CCOc1ccc2ccccc2c1/C=C/C(=O)c1cc(Br)cc(C(=O)O)c1O,4.330000038335378
COc1ccc(/C=C/C(=O)c2cc(Br)cc(C(=O)O)c2O)cc1OC1CCCC1,4.259999979340046
O=C(O)c1cc(Br)cc(C(=O)/C=C/c2ccsc2)c1O,4.739999966255497
O=C(O)c1cc(Br)cc(C(=O)/C=C/c2ccc(Oc3ccc(Cl)cc3)cc2)c1O,4.790000026071145
O=C(O)c1cc(Br)cc(C(=O)/C=C/c2cccc(Oc3ccc(Cl)cc3)c2)c1O,4.739999966255497
O=C(O)c1cc(Br)cc(C(=O)/C=C/c2ccccc2OCc2ccccc2)c1O,5.039999923502186
COc1cc(F)c(/C=C/C(=O)c2cc(Br)cc(C(=O)O)c2O)cc1OC,4.119999985703918
COc1ccc(/C=C/C(=O)c2cc(Br)cc(C(=O)O)c2O)c(Cl)c1OC,4.119999985703918
Cc1cc(C)cc(/C=C/C(=O)c2cc(Br)cc(C(=O)O)c2O)c1,4.229999967073058
O=C(O)c1cc(F)cc(C(=O)/C=C/c2c(Cl)ccc(Cl)c2Cl)c1O,4.41000005022751
O=C(O)c1cc(F)cc(C(=O)/C=C/c2cc(Cl)cc(Cl)c2Cl)c1O,4.820000071285178
O=C(O)c1cc(F)cc(C(=O)/C=C/c2cc(Cl)ccc2Cl)c1O,4.539999925177879
O=C(O)c1cc(F)cc(C(=O)/C=C/c2cccc(Cl)c2Cl)c1O,4.519999959791458
O=C(O)c1cc(F)cc(C(=O)/C=C/c2ccc(Cl)cc2Cl)c1O,4.619999985338959
O=C(O)c1cc(F)cc(C(=O)/C=C/c2ccc(Cl)cc2)c1O,4.759999957202692
O=C(O)c1cc(Cl)cc(C(=O)/C=C/c2ccc(Cl)c(Cl)c2)c1O,4.389999976337708
O=C(O)c1cc(Cl)cc(C(=O)/C=C/c2c(Cl)ccc(Cl)c2Cl)c1O,4.519999959791458
O=C(O)c1cc(Cl)cc(C(=O)/C=C/c2cc(Cl)cc(Cl)c2Cl)c1O,4.769999911123512
O=C(O)c1cc(Cl)cc(C(=O)/C=C/c2cc(Cl)ccc2Cl)c1O,4.600000074606178
O=C(O)c1cc(Cl)cc(C(=O)/C=C/c2cccc(Cl)c2Cl)c1O,4.030000000370884
O=C(O)c1cc(Cl)cc(C(=O)/C=C/c2ccc(Cl)cc2Cl)c1O,4.0
O=C(O)c1cc(Cl)cc(C(=O)/C=C/c2ccc(Cl)cc2)c1O,4.2699999970646445
O=C(O)c1cc(Br)cc(C(=O)/C=C/c2c(Cl)ccc(Cl)c2Cl)c1O,5.40000018605658
O=C(O)c1cc(Br)cc(C(=O)/C=C/c2cc(Cl)cc(Cl)c2Cl)c1O,4.879999913868448
O=C(O)c1cc(Br)cc(C(=O)/C=C/c2ccc(Cl)c(Cl)c2)c1O,4.849999859991125
O=C(O)c1cc(Br)cc(C(=O)/C=C/c2c(Cl)cccc2Cl)c1O,4.790000026071145
O=C(O)c1cc(Br)cc(C(=O)/C=C/c2cc(Cl)ccc2Cl)c1O,4.739999966255497
COc1ccc(/C=C/C(=O)c2cc(Br)cc(C(=O)O)c2O)c(OC)c1OC,4.28999998644378
COc1cccc(/C=C/C(=O)c2cc(Br)cc(C(=O)O)c2O)c1OC,4.459999937940861
O=C(O)c1cc(Br)cc(C(=O)/C=C/c2cccc(Cl)c2Cl)c1O,4.719999935717911
O=C(O)c1cc(Br)cc(C(=O)/C=C/c2ccc(Cl)cc2Cl)c1O,5.149999867728904
O=C(O)c1cc(Br)cc(C(=O)/C=C/c2ccc(I)cc2)c1O,4.449999986821809
O=C(O)c1cc(Br)cc(C(=O)/C=C/c2ccc(Br)cc2)c1O,5.300000202445418
O=C(O)c1cc(Br)cc(C(=O)/C=C/c2ccc(Cl)cc2)c1O,4.920000156997057
O=C(O)c1cc(Br)cc(C(=O)/C=C/c2cccc(Cl)c2)c1O,5.039999923502186
O=C(O)c1cc(Br)cc(C(=O)/C=C/c2ccccc2F)c1O,4.489999942195333
O=C(O)c1cc(Br)cc(C(=O)/C=C/c2ccccc2Cl)c1O,4.849999859991125
O=C(O)c1cc(Br)cc(C(=O)/C=C/c2ccccc2)c1O,4.600000074606178
O=C(NCc1ccc(F)cc1)c1cc(Br)ccc1O,4.0
Cc1cccc(C(=O)NCc2ccc(F)cc2)c1O,4.0
O=C(O)c1cc(Br)cc(C(=O)/C=C/c2cccc(OC(F)(F)F)c2)c1O,4.2839966563652006
O=C(O)c1cc(Br)cc(C(=O)/C=C/c2cc3c(cc2Cl)OCO3)c1O,4.200659450546418
CCOc1ccc2ccccc2c1/C=C/C(=O)c1cc(Br)cc(C(=O)O)c1O,4.337242168318426
COc1ccc(/C=C/C(=O)c2cc(Br)cc(C(=O)O)c2O)cc1OC1CCCC1,4.259637310505756
O=C(O)c1cc(Br)cc(C(=O)/C=C/c2ccc(Oc3ccc(Cl)cc3)cc2)c1O,4.795880017344075
O=C(O)c1cc(Br)cc(C(=O)/C=C/c2cccc(Oc3ccc(Cl)cc3)c2)c1O,4.7447274948966935
O=C(O)c1cc(Br)cc(C(=O)/C=C/c2ccccc2OCc2ccccc2)c1O,5.045757490560675
COc1cc(F)c(/C=C/C(=O)c2cc(Br)cc(C(=O)O)c2O)cc1OC,4.119186407719209
COc1ccc(/C=C/C(=O)c2cc(Br)cc(C(=O)O)c2O)c(Cl)c1OC,4.119186407719209
Cc1cc(C)cc(/C=C/C(=O)c2cc(Br)cc(C(=O)O)c2O)c1,4.236572006437063
O=C(O)c1cc(Cl)cc(C(=O)/C=C/c2cc(Cl)ccc2Cl)c1O,4.6020599913279625
O=C(O)c1cc(Cl)cc(C(=O)/C=C/c2ccc(Cl)cc2Cl)c1O,4.0
O=C(O)c1cc(Br)cc(C(=O)/C=C/c2c(Cl)ccc(Cl)c2Cl)c1O,5.431798275933005
O=C(O)c1cc(Br)cc(C(=O)/C=C/c2ccc(I)cc2)c1O,4.455931955649724
O=C(O)c1cc(Cl)cc(C(=O)/C=C/c2cc(Cl)cc(Cl)c2Cl)c1O,4.259637310505756
O=C(O)c1cc(Br)cc(C(=O)/C=C/c2ccc(Cl)cc2)c1O,4.0915149811213505
O=C(O)c1cc(Br)cc(C(=O)/C=C/c2ccccc2F)c1O,4.130768280269024
COc1cccc2c(/C=C/C(=O)c3cc(Br)cc(C(=O)O)c3O)cccc12,4.267606240177032
O=C(O)c1cc(Cl)cc(C(=O)/C=C/c2ccc(Cl)cc2)c1O,4.275724130399211
O=C(O)c1cc(Cl)cc(C(=O)/C=C/c2c(Cl)ccc(Cl)c2Cl)c1O,4.113509274827518
COc1ccc(/C=C/C(=O)c2cc(Br)cc(C(=O)O)c2O)c(OC)c1OC,4.070581074285707
O=C(O)c1cc(F)cc(C(=O)/C=C/c2cccc(Cl)c2Cl)c1O,4.259637310505756
O=C(O)c1cc(F)cc(C(=O)/C=C/c2c(Cl)ccc(Cl)c2Cl)c1O,4.086186147616283
COc1ccc(/C=C/C(=O)c2cc(Br)cc(C(=O)O)c2O)c(OC)c1OC,4.292429823902063
O=C(O)c1cc(F)cc(C(=O)/C=C/c2cc(Cl)cc(Cl)c2Cl)c1O,4.481486060122113
O=C(O)c1cc(Br)cc(C(=O)/C=C/c2cc(Cl)ccc2Cl)c1O,4.327902142064283
COc1cccc(/C=C/C(=O)c2cc(Br)cc(C(=O)O)c2O)c1OC,4.207608310501746
O=C(O)c1cc(Br)cc(C(=O)/C=C/c2ccccc2)c1O,4.1249387366083
O=C(O)c1cc(Cl)cc(C(=O)/C=C/c2cccc(Cl)c2Cl)c1O,4.036212172654444
O=C(O)c1cc(F)cc(C(=O)/C=C/c2ccc(Cl)cc2Cl)c1O,4.2839966563652006
O=C(O)c1cc(F)cc(C(=O)/C=C/c2ccc(Cl)cc2)c1O,4.443697499232712
O=C(O)c1cc(Cl)cc(C(=O)/C=C/c2ccc(Cl)c(Cl)c2)c1O,4.060480747381382
O=C(O)c1cc(Cl)cc(C(=O)/C=C/c2ccc(Cl)cc2)c1O,4.070581074285707
O=C(O)c1cc(Br)cc(C(=O)/C=C/c2cccc(Cl)c2Cl)c1O,4.236572006437063
O=C(O)c1cc(Br)cc(C(=O)/C=C/c2ccccc2Cl)c1O,4.2839966563652006
O=C(O)c1cc(Br)cc(C(=O)/C=C/c2ccsc2)c1O,4.522878745280337
O=C(O)c1cc(Br)cc(C(=O)/C=C/c2c(Cl)ccc(Cl)c2Cl)c1O,4.638272163982407
O=C(O)c1cc(Br)cc(C(=O)/C=C/c2cc(Cl)cc(Cl)c2Cl)c1O,4.698970004336019
O=C(O)c1cc(Br)cc(C(=O)/C=C/c2c(Cl)cccc2Cl)c1O,4.2839966563652006
O=C(O)c1cc(Br)cc(C(=O)/C=C/c2ccc(Cl)cc2Cl)c1O,4.552841968657781
O=C(O)c1cc(Br)cc(C(=O)/C=C/c2ccc(Cl)c(Cl)c2)c1O,4.568636235841013
O=C(O)c1cc(Br)cc(C(=O)/C=C/c2cccc(Cl)c2Cl)c1O,4.721246399047171
O=C(O)c1cc(Br)cc(C(=O)/C=C/c2cccc(Cl)c2)c1O,4.346787486224656
Cc1cc(C(=O)O)c(O)c(C(=O)/C=C/c2c(Cl)ccc(Cl)c2Cl)c1,4.301029995663981
O=C(O)c1cc(F)cc(C(=O)/C=C/c2cccc(Cl)c2Cl)c1O,4.522878745280337
O=C(O)c1cc(F)cc(C(=O)/C=C/c2ccc(Cl)cc2Cl)c1O,4.619788758288394
O=C(O)c1cc(Cl)cc(C(=O)/C=C/c2ccc(Cl)c(Cl)c2)c1O,4.3872161432802645
O=C(O)c1cc(Br)cc(C(=O)/C=C/c2cccc([N+](=O)[O-])c2)c1O,4.309803919971486
O=C(O)c1cc(Br)cc(C(=O)/C=C/c2c(Cl)cccc2Cl)c1O,4.795880017344075
O=C(O)c1cc(Br)cc(C(=O)/C=C/c2cccc([N+](=O)[O-])c2)c1O,4.494850021680094
O=C(O)c1cc(F)cc(C(=O)/C=C/c2c(Cl)ccc(Cl)c2Cl)c1O,4.4089353929735005
O=C(O)c1cc(F)cc(C(=O)/C=C/c2cc(Cl)ccc2Cl)c1O,4.5376020021010435
COc1cccc(/C=C/C(=O)c2cc(Br)cc(C(=O)O)c2O)c1OC,4.468521082957745
O=C(O)c1cc(F)cc(C(=O)CCc2cc(Cl)ccc2Cl)c1O,4.2441251443275085
O=C(/C=C/c1cc(Br)cc([N+](=O)[O-])c1O)c1cc(Cl)cc(Cl)c1Cl,4.167491087293763
O=C(O)c1cc(Cl)cc(C(=O)/C=C/c2c(Cl)ccc(Cl)c2Cl)c1O,4.522878745280337
O=C(O)c1cc(Br)cc(C(=O)/C=C/c2cc(Cl)cc(Cl)c2Cl)c1O,4.886056647693163
O=C(O)c1cc(Br)cc(C(=O)/C=C/c2ccccc2)c1O,4.6020599913279625
O=C(/C=C/c1cc(Br)cc([N+](=O)[O-])c1O)c1c(Cl)ccc(Cl)c1Cl,4.443697499232712
O=C(O)c1cc(Br)cc(C(=O)/C=C/c2cccc(Br)c2)c1O,4.721246399047171
O=C(O)c1cc(Br)cc(C(=O)/C=C/c2ccc(Br)cc2)c1O,4.958607314841775
O=C(O)c1cc(F)cc(C(=O)/C=C/c2cc(Cl)cc(Cl)c2Cl)c1O,4.823908740944319
O=C(O)c1cc(Br)cc(C(=O)/C=C/c2ccc(Cl)c(Cl)c2)c1O,4.853871964321762
O=C(O)c1cc(Br)cc(C(=O)/C=C/c2cc(Cl)ccc2Cl)c1O,4.7447274948966935
O=C(O)c1cc(Br)cc(C(=O)/C=C/c2ccc(Cl)cc2Cl)c1O,5.154901959985743
O=C(O)c1cc(Br)cc(C(=O)/C=C/c2ccccc2Cl)c1O,4.853871964321762
O=C(O)c1cc(Br)cc(C(=O)/C=C/c2ccc3sccc3c2)c1O,4.638272163982407
O=C(O)c1cc(Br)cc(C(=O)NCc2ccc(F)cc2)c1O,4.823908740944319
O=C(/C=C/c1cc(Br)cc([N+](=O)[O-])c1O)c1c(Cl)ccc(Cl)c1Cl,4.6777807052660805
O=C(O)c1cc(F)cc(C(=O)/C=C/c2ccc(Cl)cc2)c1O,4.769551078621726
O=C(O)c1cc(Cl)cc(C(=O)/C=C/c2cc(Cl)cc(Cl)c2Cl)c1O,4.769551078621726
O=C(O)c1cc(Br)cc(C(=O)/C=C/c2cccc(Cl)c2)c1O,5.045757490560675
O=C(O)c1cc(Br)cc(C(=O)/C=C/c2ccccc2F)c1O,4.494850021680094
O=C(/C=C(\O)c1nc[nH]n1)c1ccc(Cc2ccc(F)cc2)o1,4.958607314841775
N#Cc1cc(Br)cc(C(=O)/C=C/c2c(Cl)ccc(Cl)c2Cl)c1O,4.356547323513812
O=C(O)c1cc(Br)cc(C(=O)/C=C/c2cccc(F)c2)c1O,4.229147988357856
O=C(O)c1cc(Br)cc(C(=O)/C=C/c2ccccc2-c2ccco2)c1O,4.795880017344075
O=C(O)c1cc(Br)cc(C(=O)/C=C/c2ccc(Br)cc2)c1O,5.301029995663981
O=Cc1cc(Br)cc(C(=O)NCc2ccc(F)cc2)c1O,5.096910013008056
O=C(O)c1cc(Br)cc(C(=O)/C=C/c2cccc(F)c2)c1O,4.1487416512809245
O=C(O)c1cc(Br)cc(C(=O)/C=C/c2cccc(Br)c2)c1O,4.7447274948966935
O=C(O)c1cc(Br)cc(C(=O)/C=C/c2ccsc2)c1O,4.7447274948966935
O=C(O)c1cc(Br)cc(C(=O)/C=C/c2ccc3sccc3c2)c1O,4.958607314841775
O=C(O)c1cc(Br)cc(C(=O)/C=C/c2ccc(Cl)cc2)c1O,4.920818753952375
O=C(/C=C(\O)c1nc[nH]n1)c1ccc(Cc2ccc(F)cc2)o1,6.221848749616356
C[C@@H]1CCO[C@H]2Cn3cc(C(=O)NCc4ccc(F)cc4F)c(=O)c([O-])c3C(=O)N12.[Na+],8.568636235841012
Cc1nnc(C(=O)NC(C)(C)c2nc(C(=O)NCc3ccc(F)cc3)c([O-])c(=O)n2C)o1.[K+],8.481486060122112
COc1cc2c(cc1Cc1cccc(Cl)c1F)c(=O)c(C(=O)O)cn2[C@H](CO)C(C)C,8.221848749616356
CCc1c(C(=O)c2ccccc2)n(COCc2ccccc2)c(=O)n(O)c1=O,3.9546770212133424
CCc1c(C(=O)c2ccccc2)n(COCc2ccc(F)cc2)c(=O)n(O)c1=O,3.9546770212133424
CCc1c(C(=O)c2cc(C)cc(C)c2)n(COCc2ccc(F)cc2)c(=O)n(O)c1=O,3.9546770212133424
CCc1c(C(=O)c2cc(C)cc(C)c2)n(COCc2ccccc2)c(=O)n(O)c1=O,3.9546770212133424
CCc1c(C(=O)c2ccccc2)n(COCCc2ccc(F)cc2)c(=O)n(O)c1=O,3.9546770212133424
CCc1c(C(=O)c2cc(C)cc(C)c2)n(COCCc2ccc(F)cc2)c(=O)n(O)c1=O,3.9546770212133424
CCOCn1c(C(=O)c2ccccc2)c(CC)c(=O)n(O)c1=O,3.9546770212133424
CCOCn1c(C(=O)c2cc(C)cc(C)c2)c(CC)c(=O)n(O)c1=O,3.9546770212133424
CCc1c(C(=O)c2ccccc2)n(COCc2ccccc2)c(=O)n(O)c1=O,4.431798275933005
CCc1c(C(=O)c2ccccc2)n(COCc2ccc(F)cc2)c(=O)n(O)c1=O,4.6020599913279625
CCc1c(C(=O)c2cc(C)cc(C)c2)n(COCc2ccc(F)cc2)c(=O)n(O)c1=O,4.6777807052660805
CCc1c(C(=O)c2cc(C)cc(C)c2)n(COCc2ccccc2)c(=O)n(O)c1=O,4.3872161432802645
CCc1c(C(=O)c2ccccc2)n(COCCc2ccc(F)cc2)c(=O)n(O)c1=O,5.3872161432802645
CCc1c(C(=O)c2cc(C)cc(C)c2)n(COCCc2ccc(F)cc2)c(=O)n(O)c1=O,5.154901959985743
CCOCn1c(C(=O)c2ccccc2)c(CC)c(=O)n(O)c1=O,3.9546770212133424
CCOCn1c(C(=O)c2cc(C)cc(C)c2)c(CC)c(=O)n(O)c1=O,3.9546770212133424
CCOC(=O)/C(O)=C/C(=O)c1cn(Cc2ccc(F)cc2)c2ccc(OCc3ccc(F)cc3)cc2c1=O,3.5228787452803374
O=C(O)/C(O)=C/C(=O)c1cn(Cc2ccc(F)cc2)c2ccc(OCc3ccc(F)cc3)cc2c1=O,5.522878745280337
CCOC(=O)/C=C/c1ccc2c(c1)c(=O)c(C(=O)/C=C(\O)C(=O)OCC)cn2Cc1ccc(F)cc1,3.5228787452803374
O=C(O)/C=C/c1ccc2c(c1)c(=O)c(C(=O)/C=C(\O)C(=O)O)cn2Cc1ccc(F)cc1,5.096910013008056
O=C(O)/C(O)=C/C(=O)c1cn(Cc2ccc(F)cc2)c2ccc(Br)cc2c1=O,5.795880017344075
CCOC(=O)/C(O)=C/C(=O)c1cn(Cc2ccc(F)cc2)c2ccc(OCc3ccc(F)cc3)cc2c1=O,3.5228787452803374
O=C(O)/C(O)=C/C(=O)c1cn(Cc2ccc(F)cc2)c2ccc(OCc3ccc(F)cc3)cc2c1=O,7.301029995663981
CCOC(=O)/C=C/c1ccc2c(c1)c(=O)c(C(=O)/C=C(\O)C(=O)OCC)cn2Cc1ccc(F)cc1,3.5228787452803374
O=C(O)/C=C/c1ccc2c(c1)c(=O)c(C(=O)/C=C(\O)C(=O)O)cn2Cc1ccc(F)cc1,7.522878745280337
O=C(O)/C(O)=C/C(=O)c1cn(Cc2ccc(F)cc2)c2ccc(Br)cc2c1=O,7.522878745280337
CN(O)C(=O)c1cc2c(CN3CCC[C@H]3C(N)=O)cn(Cc3ccc(F)cc3)c2cn1,6.253365801062421
CC1CCN(S(=O)(=O)c2cn(Cc3ccc(F)cc3)c3cnc4c(c23)CCN(O)C4=O)CC1,7.443697499232712
O=C1c2ncc3c(c(S(=O)(=O)N4CCCC4)cn3Cc3ccc(F)cc3)c2CCN1O,7.657577319177793
CN(C)S(=O)(=O)c1cn(Cc2ccc(F)cc2)c2cnc3c(c12)CCN(O)C3=O,7.886056647693163
COCCN(C)S(=O)(=O)c1cn(Cc2ccc(F)cc2)c2cnc3c(c12)CCN(O)C3=O,7.180456064458132
O=C1c2ncc3c(c(S(=O)(=O)N4CCOCC4)cn3Cc3ccc(F)cc3)c2CCN1O,7.366531544420414
O=C1c2ncc3c(c(CCC(F)(F)F)cn3Cc3ccc(F)cc3)c2CCN1O,7.886056647693163
O=C1c2ncc3c(c(CCCOC4CCOCC4)cn3Cc3ccc(F)cc3)c2CCN1O,7.853871964321762
CC(C)(O)CCc1cn(Cc2ccc(F)cc2)c2cnc3c(c12)CCN(O)C3=O,8.05551732784983
CC(=O)N(C)CCCc1cn(Cc2ccc(F)cc2)c2cnc3c(c12)CCN(O)C3=O,7.853871964321762
O=C1c2ncc3c(c(CCCN4CCOCC4)cn3Cc3ccc(F)cc3)c2CCN1O,7.886056647693163
O=C(O)CCc1cn(Cc2ccc(F)cc2)c2cnc3c(c12)CCN(O)C3=O,7.886056647693163
O=C1c2ncc3c(c(COCc4ccccc4F)cn3Cc3ccc(F)cc3)c2CCN1O,7.795880017344075
O=C1c2ncc3c(c(COCCCc4ccccn4)cn3Cc3ccc(F)cc3)c2CCN1O,7.853871964321762
CC(C)OCCOCc1cn(Cc2ccc(F)cc2)c2cnc3c(c12)CCN(O)C3=O,7.769551078621726
O=C1c2ncc3c(c(COCC4CCOCC4)cn3Cc3ccc(F)cc3)c2CCN1O,7.853871964321762
O=C1c2ncc3c(c(COCc4ccccn4)cn3Cc3ccc(F)cc3)c2CCN1O,7.958607314841775
O=C1c2ncc3c(c(COCCc4ccccn4)cn3Cc3ccc(F)cc3)c2CCN1O,7.920818753952375
O=C1c2ncc3c(c(CN4CCC(F)(F)C4)cn3Cc3ccc(F)cc3)c2CCN1O,7.958607314841775
CN(Cc1cn(Cc2ccc(F)cc2)c2cnc3c(c12)CCN(O)C3=O)CC1CC1,7.455931955649724
COCCN(C)Cc1cn(Cc2ccc(F)cc2)c2cnc3c(c12)CCN(O)C3=O,7.585026652029182
O=C1c2ncc3c(c(CN4CCCCC4)cn3Cc3ccc(F)cc3)c2CCN1O,7.823908740944319
CN(CCO)Cc1cn(Cc2ccc(F)cc2)c2cnc3c(c12)CCN(O)C3=O,7.823908740944319
CN(C)Cc1cn(Cc2ccc(F)cc2)c2cnc3c(c12)CCN(O)C3=O,7.0915149811213505
N#Cc1c(Cn2ccc3c4c(ncc32)C(=O)N(O)CC4)ccc(F)c1Cl,7.769551078621726
N#Cc1cc(F)ccc1Cn1ccc2c3c(ncc21)C(=O)N(O)CC3,7.301029995663981
O=C1c2ncc3c(ccn3Cc3ncc(F)cc3F)c2CCN1O,7.7447274948966935
O=C1c2ncc3c(ccn3Cc3ccc(F)cn3)c2CCN1O,7.494850021680094
O=C1c2ncc3c(ccn3Cc3ccc(F)cc3)c2CCN1O,8.537602002101044
O=C1c2c(c3n(c(=O)c2O)CCC3)C(=O)N1Cc1ccc(F)c(Cl)c1,3.9546770212133424
O=C1c2c(c3n(c(=O)c2O)CCCC3)C(=O)N1Cc1ccc(F)c(Cl)c1,3.9546770212133424
O=C1c2c(c3n(c(=O)c2O)CCCCC3)C(=O)N1Cc1ccc(F)c(Cl)c1,3.9546770212133424
O=C1c2c(c3n(c(=O)c2O)CCCCCC3)C(=O)N1Cc1ccc(F)c(Cl)c1,3.9546770212133424
O=C1c2c(c3n(c(=O)c2O)CCCCC3)C(=O)N1Cc1ccc(F)cc1,3.9546770212133424
O=C1c2c(c3n(c(=O)c2O)CCCCC3)C(=O)N1Cc1ccc(F)c(F)c1,3.9546770212133424
O=C1c2c(c3n(c(=O)c2O)CCCCC3)C(=O)N1Cc1cccc(Cl)c1F,3.9546770212133424
O=C1c2c(c3n(c(=O)c2O)CCCCC3)C(=O)N1Cc1ccccc1,3.9546770212133424
O=C1c2c(c3n(c(=O)c2O)CCCCC3)C(=O)N1Cc1cccc2ccccc12,3.9546770212133424
O=C1c2ccc(O)c(O)c2C(=O)N1Cc1ccc(F)c(Cl)c1,4.853871964321762
O=C1c2ccc(O)c(O)c2C(=O)N1Cc1ccc(F)cc1,5.096910013008056
O=C1c2ccc(O)c(O)c2C(=O)N1Cc1ccc(F)c(F)c1,4.568636235841013
O=C1c2ccc(O)c(O)c2C(=O)N1Cc1cccc(Cl)c1F,4.6020599913279625
O=C1c2ccc(O)c(O)c2C(=O)N1Cc1ccccc1,4.142667503568732
O=C1c2ccc(O)c(O)c2C(=O)N1Cc1cccc2ccccc12,3.8239087409443187
Cc1nnc(C(=O)NC(C)(C)c2nc(C(=O)NCc3ccc(F)cc3)c(O)c(=O)n2C)o1,7.173925197299173
O=C1c2c(c3n(c(=O)c2O)CCC3)C(=O)N1Cc1ccc(F)c(Cl)c1,4.962573502059376
O=C1c2c(c3n(c(=O)c2O)CCCC3)C(=O)N1Cc1ccc(F)c(Cl)c1,5.040958607678906
O=C1c2c(c3n(c(=O)c2O)CCCCC3)C(=O)N1Cc1ccc(F)c(Cl)c1,5.221848749616356
O=C1c2c(c3n(c(=O)c2O)CCCCCC3)C(=O)N1Cc1ccc(F)c(Cl)c1,5.267606240177032
O=C1c2c(c3n(c(=O)c2O)CCCCC3)C(=O)N1Cc1ccc(F)cc1,4.982966660701219
O=C1c2c(c3n(c(=O)c2O)CCCCC3)C(=O)N1Cc1ccc(F)c(F)c1,5.221125527997261
O=C1c2c(c3n(c(=O)c2O)CCCCC3)C(=O)N1Cc1cccc(Cl)c1F,5.036212172654444
O=C1c2c(c3n(c(=O)c2O)CCCCC3)C(=O)N1Cc1ccccc1,3.9546770212133424
O=C1c2c(c3n(c(=O)c2O)CCCCC3)C(=O)N1Cc1cccc2ccccc12,4.043351420794797
O=C1c2ccc(O)c(O)c2C(=O)N1Cc1ccc(F)c(Cl)c1,6.769551078621726
O=C1c2ccc(O)c(O)c2C(=O)N1Cc1ccc(F)cc1,5.275724130399211
O=C1c2ccc(O)c(O)c2C(=O)N1Cc1ccc(F)c(F)c1,6.853871964321762
O=C1c2ccc(O)c(O)c2C(=O)N1Cc1cccc(Cl)c1F,5.769551078621726
O=C1c2ccc(O)c(O)c2C(=O)N1Cc1ccccc1,6.4089353929735005
O=C1c2ccc(O)c(O)c2C(=O)N1Cc1cccc2ccccc12,6.142667503568732
Cc1nnc(C(=O)NC(C)(C)c2nc(C(=O)NCc3ccc(F)cc3)c(O)c(=O)n2C)o1,5.346787486224656
O=C1c2c(c3n(c(=O)c2O)CCCC3)C(=O)N1Cc1ccc(F)c(Cl)c1,3.9546770212133424
Cc1nnc(C(=O)NC(C)(C)c2nc(C(=O)NCc3ccc(F)cc3)c(O)c(=O)n2C)o1,5.346787486224656
O=C1c2c(c3n(c(=O)c2O)CCCC3)C(=O)N1Cc1ccc(F)c(Cl)c1,4.552841968657781
Cc1nnc(C(=O)NC(C)(C)c2nc(C(=O)NCc3ccc(F)cc3)c(O)c(=O)n2C)o1,7.173925197299173
O=C1c2c(c3n(c(=O)c2O)CCCC3)C(=O)N1Cc1ccc(F)c(Cl)c1,5.040958607678906
Cc1nnc(C(=O)NC(C)(C)c2nc(C(=O)NCc3ccc(F)cc3)c(O)c(=O)n2C)o1,7.130768280269024
O=C1c2c(c3n(c(=O)c2O)CCCC3)C(=O)N1Cc1ccc(F)c(Cl)c1,5.920818753952375
O=C(O)c1ccc2ccc(/C=C/c3ccccc3)nc2c1O,5.280000380871156
O=C(O)c1ccc2ccc(/C=C/c3ccco3)nc2c1O,5.720000163638921
O=C(O)c1ccc2ccc(/C=C/c3ccsc3)nc2c1O,5.470000200122707
O=C(O)c1ccc2ccc(/C=C/c3cccnc3)nc2c1O,5.390000296157769
CC(=O)Nc1ccc(/C=C/c2ccc3ccc(C(=O)O)c(O)c3n2)cc1,5.849999245077862
O=C(O)c1ccc2ccc(/C=C/c3ccc(O)cc3)nc2c1O,5.800000874803203
O=C(O)c1ccc2ccc(/C=C/c3ccc(O)cc3O)nc2c1O,5.430000267796054
O=C(O)c1ccc2ccc(/C=C/c3ccc(O)c(O)c3)nc2c1O,5.620000528471499
COc1ccc(/C=C/c2ccc3ccc(C(=O)O)c(O)c3n2)cc1O,6.050000457140078
O=C(O)c1ccc2ccc(/C=C/c3ccc(O)c(O)c3O)nc2c1O,6.519993057042849
COc1cc(/C=C/c2ccc3ccc(C(=O)O)c(O)c3n2)cc(O)c1O,6.149997413907539
COc1cc(/C=C/c2ccc3ccc(C(=O)O)c(O)c3n2)cc(OC)c1O,5.309999839831227
O=C(O)c1ccc2ccc(/C=C/c3cc(Br)c(O)c(Br)c3)nc2c1O,5.889999848866887
O=C(O)c1ccc2ccc(/C=C/c3cc(O)c(O)c(I)c3)nc2c1O,5.40000018605658
COC(=O)c1ccc2ccc(/C=C/c3ccc(O)c(O)c3)nc2c1O,4.0
Cc1ccc2cccc(O)c2n1,4.0
COc1ccc(/C=C/C(=O)Oc2cccc3ccc(C)nc23)cc1OC,4.0
Cc1ccc2cccc(OC(=O)/C=C/c3ccc(O)c(O)c3)c2n1,4.0
Oc1cccc2ccc(/C=C/c3ccccc3)nc12,4.0
Oc1cccc2ccc(/C=C/c3ccc4cccc(O)c4n3)nc12,4.0
O=[N+]([O-])c1cccc2ccc(/C=C/c3ccc(O)c(O)c3)nc12,4.0
Nc1cccc2ccc(/C=C/c3ccc(O)c(O)c3)nc12,4.0
Oc1ccc(/C=C/c2ccc3cccc(O)c3n2)cc1O,5.130000141365475
Oc1ccc(/C=C/c2ccc3ccc(/C=C/c4ccc(O)c(O)c4)c(O)c3n2)cc1O,5.660000322371772
N#Cc1ccc2ccc(/C=C/c3ccc(O)c(O)c3)nc2c1O,5.5200002474083645
O=C(O)c1cc(/C=C/c2ccc3ccc(C(=O)O)c(O)c3n2)ccc1O,5.570000775141681
Cc1ccc2ccc(C(=O)O)c(O)c2n1,4.0
O=C(O)c1ccc2ccc(/C=C/c3ccc([N+](=O)[O-])cc3)nc2c1O,5.920001601921648
Nc1ccc(/C=C/c2ccc3ccc(C(=O)O)c(O)c3n2)cc1,5.4599998126889995
O=C(O)c1ccc2ccc(/C=C/c3cc(O)cc(O)c3)nc2c1O,5.489999539566098
Cc1cc(/C=C/c2ccc3ccc(C(=O)O)c(O)c3n2)ccc1O,5.550000451689026
Oc1ccc(/C=C/c2ccc3c(Cl)cc(Cl)c(O)c3n2)cc1O,4.0
CC(=O)Oc1cccc2ccc(/C=C/c3ccccc3)nc12,4.0
Oc1ccc(/C=C/c2ccc3ccccc3n2)cc1O,4.0
CC(=O)Oc1ccc(/C=C/c2ccc3cccc(OC(C)=O)c3n2)cc1OC(C)=O,4.0
CCOC(=O)CC(=O)Nc1c(Cl)cccc1Cl,4.0
CCOC(=O)CC(=O)Nc1cc(C(=O)O)ccc1O,3.5228787452803374
Cc1ccc(NC(=O)CC(=O)O)c([N+](=O)[O-])c1,4.0
CCOC(=O)CC(=O)NCc1ccc(F)cc1,4.0
CCOC(=O)CC(=O)Nc1ccc(C)cc1,4.301029995663981
CCOC(=O)CC(=O)Nc1ccc2cccc(O)c2n1,4.376750709602099
CCOC(=O)CC(=O)Nc1ccc(C(=O)O)cc1,5.698970004336019
COc1cc(/C=C/c2ccc3ccc(C(=O)O)c(O)c3n2)cc(O)c1O,6.154901959985743
CCOC(=O)CC(=O)NS(=O)(=O)c1ccc(C)cc1,3.3010299956639813
Cc1nnc(C(=O)NC(C)(C)c2nc(C(=O)NCc3ccc(F)cc3)c(O)c(=O)n2C)o1,8.301029995663981
COc1cc(/C=C/c2ccc3ccc(C(=O)O)c(O)c3n2)cc(O)c1O,6.154901959985743
Cc1ccc2ccc(C(=O)O)c(O)c2n1,4.0
Cc1ccc2c(O)c(C(=O)O)ccc2n1,4.327902142064283
O=C(O)c1cccc(OCc2ccc(F)cc2)c1O,4.0
O=C(O)c1cccc(OCc2ccccc2)c1O,4.0
O=C(O)c1cccc(OCc2ccc3ccccc3c2)c1O,4.0
O=C(O)c1ccc(OCc2ccccc2)cc1O,4.0
O=C(O)c1ccc(OCc2ccc(F)cc2)cc1O,4.0
O=C(O)c1cc(OCc2ccccc2)ccc1O,4.0
O=C(O)c1cc(OCc2ccc(F)cc2)ccc1O,4.0
O=C(O)c1c(O)cccc1OCc1ccc(F)cc1,4.0
O=C(O)c1c(O)cccc1OCc1ccc2ccccc2c1,4.0
O=C(NO)c1cccc(OCc2ccc(F)cc2)c1O,4.0
O=C(NO)c1ccc(OCc2ccc(F)cc2)cc1O,4.0
O=C(NO)c1cc(OCc2ccc(F)cc2)ccc1O,4.0
O=C(NO)c1c(O)cccc1OCc1ccc(F)cc1,4.0
O=C(NCc1ccc(F)cc1)c1cccc(O)c1O,4.0
O=C(NCc1ccc(F)cc1)c1cccc(OCc2ccccc2)c1O,3.4775557664936803
O=C(NCc1cccc2ccccc12)c1cccc(O)c1O,4.0
O=C(NCc1ccc(F)c(F)c1)c1cccc(O)c1O,4.0
O=C(NCc1ccc2[nH]ccc2c1)c1cccc(O)c1O,4.0
O=C(NCCc1c[nH]c2ccccc12)c1cccc(O)c1O,4.0
O=C(Nc1ccc2[nH]ccc2c1)c1cccc(O)c1O,4.0
O=C(NCc1cccs1)c1cccc(O)c1O,4.080921907623926
O=C(NCc1ccco1)c1cccc(O)c1O,4.045757490560675
O=C(NCc1ccc(-c2cccs2)cc1)c1cccc(O)c1O,4.0
O=C(NC1CCNCC1)c1cccc(O)c1O,4.0
O=C(NC1CCCCC1)c1cccc(O)c1O,4.0
O=C(NCC1CCCCC1)c1cccc(O)c1O,4.0
CNC(=O)Cc1ccccc1CNC(=O)c1cccc(O)c1O,4.0
CNC(=O)c1cc(F)ccc1CNC(=O)c1cccc(O)c1O,4.0
O=C(NCc1ccc(F)cc1)c1cc(S(=O)(=O)N2CCCCC2)cc(O)c1O,3.6989700043360187
CNS(=O)(=O)c1cc(O)c(O)c(C(=O)NCc2ccc(F)cc2)c1,4.0
CC(C)(C)NS(=O)(=O)c1cc(O)c(O)c(C(=O)NCc2ccc(F)cc2)c1,4.154901959985743
O=C(NCc1ccco1)c1cc(S(=O)(=O)N2CCCCC2)cc(O)c1O,4.0
O=C(NCc1ccc(C(F)(F)F)cc1)c1cc(S(=O)(=O)N2CCCCC2)cc(O)c1O,4.050609993355087
O=C(NCC1CCCCC1)c1cc(S(=O)(=O)N2CCCCC2)cc(O)c1O,4.275724130399211
O=C(NCc1cccs1)c1cc(S(=O)(=O)N2CCCCC2)cc(O)c1O,4.0
CS(=O)(=O)Nc1cc(O)c(O)c(C(=O)NCc2ccc(F)cc2)c1,4.0
CC(=O)Nc1cc(O)c(O)c(C(=O)NCc2ccc(F)cc2)c1,4.259637310505756
N#Cc1cc(O)c(O)c(C(=O)NCc2ccc(F)cc2)c1,4.1249387366083
CN(C)Cc1ccc(C(=O)NCc2ccc(F)cc2)c(O)c1O,4.0
CN(C)Cc1ccc(C(=O)NCc2ccco2)c(O)c1O,4.0
COc1cc(S(=O)(=O)N2CCCCC2)cc(C(=O)NCc2ccco2)c1O,4.0
Nc1cccc(C(=O)NCc2ccco2)c1O,4.0
O=C(O)c1cccc(OCc2ccccc2)c1O,4.0
O=C(O)c1cccc(OCc2ccc(F)cc2)c1O,4.0
O=C(O)c1cccc(OCc2ccc3ccccc3c2)c1O,3.853871964321762
O=C(O)c1ccc(OCc2ccccc2)cc1O,4.0
O=C(O)c1ccc(OCc2ccc(F)cc2)cc1O,4.0
O=C(O)c1cc(OCc2ccccc2)ccc1O,4.0
O=C(O)c1cc(OCc2ccc(F)cc2)ccc1O,4.0
O=C(O)c1c(O)cccc1OCc1ccc(F)cc1,4.0
O=C(O)c1c(O)cccc1OCc1ccc2ccccc2c1,3.7304870557820835
O=C(NO)c1cccc(OCc2ccc(F)cc2)c1O,4.0
O=C(NO)c1ccc(OCc2ccc(F)cc2)cc1O,4.0
O=C(NO)c1cc(OCc2ccc(F)cc2)ccc1O,4.070581074285707
O=C(NO)c1c(O)cccc1OCc1ccc(F)cc1,4.013228265733755
O=C(NCc1ccc(F)cc1)c1cccc(O)c1O,4.455931955649724
O=C(NCc1ccc(F)cc1)c1cccc(OCc2ccccc2)c1O,3.9546770212133424
O=C(NCc1cccc2ccccc12)c1cccc(O)c1O,4.585026652029182
O=C(NCc1ccc(F)c(F)c1)c1cccc(O)c1O,4.638272163982407
O=C(NCc1ccc2[nH]ccc2c1)c1cccc(O)c1O,4.619788758288394
O=C(NCCc1c[nH]c2ccccc12)c1cccc(O)c1O,4.0
O=C(Nc1ccc2[nH]ccc2c1)c1cccc(O)c1O,4.236572006437063
O=C(NCc1cccs1)c1cccc(O)c1O,4.920818753952375
O=C(NCc1ccco1)c1cccc(O)c1O,4.823908740944319
O=C(NCc1ccc(-c2cccs2)cc1)c1cccc(O)c1O,4.6777807052660805
O=C(NC1CCNCC1)c1cccc(O)c1O,4.0
O=C(NC1CCCCC1)c1cccc(O)c1O,4.0
O=C(NCC1CCCCC1)c1cccc(O)c1O,4.7447274948966935
CNC(=O)Cc1ccccc1CNC(=O)c1cccc(O)c1O,4.251811972993799
CNC(=O)c1cc(F)ccc1CNC(=O)c1cccc(O)c1O,4.0
O=C(NCc1ccc(F)cc1)c1cc(S(=O)(=O)N2CCCCC2)cc(O)c1O,5.301029995663981
CNS(=O)(=O)c1cc(O)c(O)c(C(=O)NCc2ccc(F)cc2)c1,4.356547323513812
CC(C)(C)NS(=O)(=O)c1cc(O)c(O)c(C(=O)NCc2ccc(F)cc2)c1,5.096910013008056
O=C(NCc1ccco1)c1cc(S(=O)(=O)N2CCCCC2)cc(O)c1O,4.886056647693163
O=C(NCc1ccc(C(F)(F)F)cc1)c1cc(S(=O)(=O)N2CCCCC2)cc(O)c1O,4.958607314841775
O=C(NCC1CCCCC1)c1cc(S(=O)(=O)N2CCCCC2)cc(O)c1O,4.721246399047171
O=C(NCc1cccs1)c1cc(S(=O)(=O)N2CCCCC2)cc(O)c1O,4.356547323513812
CS(=O)(=O)Nc1cc(O)c(O)c(C(=O)NCc2ccc(F)cc2)c1,4.468521082957745
CC(=O)Nc1cc(O)c(O)c(C(=O)NCc2ccc(F)cc2)c1,4.853871964321762
N#Cc1cc(O)c(O)c(C(=O)NCc2ccc(F)cc2)c1,4.657577319177793
CN(C)Cc1ccc(C(=O)NCc2ccc(F)cc2)c(O)c1O,4.698970004336019
CN(C)Cc1ccc(C(=O)NCc2ccco2)c(O)c1O,4.4089353929735005
COc1cc(S(=O)(=O)N2CCCCC2)cc(C(=O)NCc2ccco2)c1O,4.0
Nc1cccc(C(=O)NCc2ccco2)c1O,4.0
O=C(C1=C(O)C(=O)N(c2ccccc2)C1c1ccc([N+](=O)[O-])cc1)c1ccccc1,4.356547323513812
O=C(C1=C(O)C(=O)N(c2ccccc2)C1c1ccc([N+](=O)[O-])cc1)c1ccccc1,4.050609993355087
COc1ccc(CCN2C(=O)C(O)=C(C(=O)c3ccccc3)C2c2ccccc2)cc1,4.096910013008056
COc1ccc(CCN2C(=O)C(O)=C(C(=O)c3ccccc3)C2c2ccccc2)cc1,4.346787486224656
COc1ccc(CCN2C(=O)C(O)=C(C(=O)c3ccccn3)C2c2cccc(Cl)c2)cc1,4.113509274827518
COc1ccc(CCN2C(=O)C(O)=C(C(=O)c3ccccn3)C2c2cccc(Cl)c2)cc1,4.3979400086720375
CN1C(=O)C(O)=C(C(=O)c2ccccn2)C1c1cccc(Cl)c1,4.0
CN1C(=O)C(O)=C(C(=O)c2ccccn2)C1c1cccc(Cl)c1,4.0
COc1ccc(CCN2C(=O)C(O)=C(C(=O)c3ccccc3)C2c2ccc(O)cc2)cc1,4.0
COc1ccc(CCN2C(=O)C(O)=C(C(=O)c3ccccc3)C2c2ccc(O)cc2)cc1,4.0
CN1C(=O)C(O)=C(C(=O)c2ccccc2)C1c1cccc(Cl)c1,4.0
CN1C(=O)C(O)=C(C(=O)c2ccccc2)C1c1cccc(Cl)c1,4.0
CN1C(=O)C(O)=C(C(=O)c2ccccc2)C1c1ccc([N+](=O)[O-])cc1,4.0
CN1C(=O)C(O)=C(C(=O)c2ccccc2)C1c1ccc([N+](=O)[O-])cc1,4.0
CC(C)CN1C(=O)C(O)=C(C(=O)c2ccccc2)C1c1ccccc1,4.0
CC(C)CN1C(=O)C(O)=C(C(=O)c2ccccc2)C1c1ccccc1,4.0
O=C(NCc1ccc(F)cc1)c1c(O)c2ncccc2[nH]c1=O,7.886056647693163
CC(C)n1c(=O)c(C(=O)NCc2ccc(F)cc2)c(O)c2ncccc21,9.0
O=C(NCc1ccc(F)cc1)c1c(O)c2ncccc2n(C2CCCC2)c1=O,8.221848749616356
O=C(NCc1ccc(F)cc1)c1c(O)c2ncc(Cc3ccccc3)cc2[nH]c1=O,7.886056647693163
O=C(NCc1ccc(F)cc1)c1c(O)c2ncc(Cc3ccc(F)cc3)cc2[nH]c1=O,8.221848749616356
O=C(NCc1ccc(F)cc1Cl)c1c(O)c2ncc(Cc3ccccc3)cc2[nH]c1=O,7.455931955649724
O=C(NCc1ccc(F)cc1C(F)(F)F)c1c(O)c2ncc(Cc3ccccc3)cc2[nH]c1=O,7.494850021680094
COc1ccc(CNC(=O)c2c(O)c3ncc(Cc4ccc(F)cc4)cc3[nH]c2=O)cc1,8.154901959985743
COc1cccc(CNC(=O)c2c(O)c3ncc(Cc4ccc(F)cc4)cc3[nH]c2=O)c1,8.0
COc1ccccc1CNC(=O)c1c(O)c2ncc(Cc3ccc(F)cc3)cc2[nH]c1=O,8.221848749616356
COc1ccc(CNC(=O)c2c(O)c3ncc(Cc4ccc(F)cc4)cc3[nH]c2=O)cc1OC,8.096910013008056
CC(NC(=O)c1c(O)c2ncc(Cc3ccccc3)cc2[nH]c1=O)c1ccccc1,7.698970004336019
Cn1c(=O)c(C(=O)NCc2ccc(F)cc2)c(O)c2ncc(Cc3ccc(F)cc3)cc21,7.769551078621726
CCCn1c(=O)c(C(=O)NCc2ccc(F)cc2)c(O)c2ncc(Cc3ccccc3)cc21,7.7447274948966935
O=C(NCc1ccc(F)cc1)c1c(O)c2ncc(Cc3ccccc3)cc2n(CC2CC2)c1=O,7.468521082957745
Nc1ccc(Cn2c(=O)c(C(=O)NCc3ccc(F)cc3)c(O)c3ncc(Cc4ccccc4)cc32)cc1,7.552841968657781
CS(=O)(=O)c1ccc(Cn2c(=O)c(C(=O)NCc3ccc(F)cc3)c(O)c3ncc(Cc4ccccc4)cc32)cc1,7.552841968657781
O=C(NCc1ccc(F)cc1)c1c(O)c2ncc(Cc3ccccc3)cc2n(CCN2CCCC2=O)c1=O,7.494850021680094
O=C(NCc1ccc(F)cc1)c1c(O)c2ncc(Cc3ccc(F)cc3)cc2n(CCN2CCCC2=O)c1=O,7.853871964321762
CN(C)C(=O)Cn1c(=O)c(C(=O)NCc2ccc(F)cc2)c(O)c2ncc(Cc3ccc(F)cc3)cc21,8.397940008672037
O=C(NCc1ccc(F)cc1)c1c(O)c2ncc(Cc3ccc(F)cc3)cc2n(CC(=O)N2CCCCC2)c1=O,7.721246399047171
O=C(NCc1ccc(F)cc1)c1c(O)c2ncc(Cc3ccc(F)cc3)cc2n(CC(=O)N2CCOCC2)c1=O,8.096910013008056
COc1ccc(-c2c3c4cc(OC)c(OS(=O)(=O)[O-])cc4oc(=O)c3n3ccc4cc(OC)c(OC)cc4c23)cc1O.[Na+],4.795880017344075
COc1ccc(-c2c3c4cc(OC)c(OS(=O)(=O)[O-])cc4oc(=O)c3n3ccc4cc(OC)c(OC)cc4c23)cc1O.[Na+],4.657577319177793
COc1ccc(/C(O)=C/C(=O)c2nnn(Cc3ccc(F)cc3)c2C)cc1,4.267606240177032
Cc1c(C(=O)/C=C(\O)c2ccccc2)nnn1Cc1ccc(F)cc1,4.229147988357856
COc1ccc(/C(O)=C/C(=O)c2nnn(Cc3ccc(F)cc3)c2C)cc1OC,4.301029995663981
COc1cc(/C(O)=C/C(=O)c2nnn(Cc3ccc(F)cc3)c2C)cc(OC)c1OC,4.327902142064283
Cc1c(C(=O)/C=C(\O)c2ccccc2)nnn1Cc1cccc(F)c1,4.229147988357856
COc1ccc(/C(O)=C/C(=O)c2nnn(Cc3cccc(F)c3)c2C)cc1,4.267606240177032
COc1ccc(/C(O)=C/C(=O)c2nnn(Cc3cccc(F)c3)c2C)cc1OC,4.301029995663981
COc1cc(/C(O)=C/C(=O)c2nnn(Cc3cccc(F)c3)c2C)cc(OC)c1OC,4.327902142064283
Cc1c(C(=O)/C=C(\O)c2ccc(O)cc2)nnn1Cc1ccc(F)cc1,4.251811972993799
Cc1c(C(=O)/C=C(\O)c2ccc(O)c(O)c2)nnn1Cc1ccc(F)cc1,4.3979400086720375
Cc1c(C(=O)/C=C(\O)c2cc(O)c(O)c(O)c2)nnn1Cc1ccc(F)cc1,5.585026652029182
Cc1c(C(=O)/C=C(\O)c2ccc(O)cc2)nnn1Cc1cccc(F)c1,4.251811972993799
Cc1c(C(=O)/C=C(\O)c2ccc(O)c(O)c2)nnn1Cc1cccc(F)c1,4.494850021680094
Cc1c(C(=O)/C=C(\O)c2cc(O)c(O)c(O)c2)nnn1Cc1cccc(F)c1,6.107905397309519
Cc1nnc(C(=O)NC(C)(C)c2nc(C(=O)NCc3ccc(F)cc3)c(O)c(=O)n2C)o1,6.045757490560675
Cc1cn([C@H]2C[C@H](OP(=O)(O)OC[C@H]3O[C@@H](n4cc(C)c(=O)[nH]c4=O)C[C@@H]3OP(=O)(O)OC[C@H]3O[C@@H](n4cc(C)c(=O)[nH]c4=O)C[C@@H]3OP(=O)(O)OC[C@H]3O[C@@H](n4cnc5c(=O)[nH]c(N)nc54)C[C@@H]3OP(=O)(O)OC[C@H]3O[C@@H](n4cc(C)c(=O)[nH]c4=O)C[C@@H]3OP(=O)(O)OC[C@H]3O[C@@H](n4cnc5c(=O)[nH]c(N)nc54)C[C@@H]3OP(=O)(O)OC[C@H]3O[C@@H](n4cc(C)c(=O)[nH]c4=O)C[C@@H]3OP(=O)(O)OCCCCCCNC(=S)Nc3ccc(-c4c5cc(Br)c(=O)c(Br)c-5oc5c(Br)c(O)c(Br)cc45)c(C(=O)O)c3)[C@@H](COP(=O)(O)O[C@H]3C[C@H](n4cc(C)c(=O)[nH]c4=O)O[C@@H]3COP(=O)(O)O[C@H]3C[C@H](n4cc(C)c(=O)[nH]c4=O)O[C@@H]3COP(=O)(O)O[C@H]3C[C@H](n4cnc5c(=O)[nH]c(N)nc54)O[C@@H]3COP(=O)(O)O[C@H]3C[C@H](n4cnc5c(=O)[nH]c(N)nc54)O[C@@H]3CO)O2)c(=O)[nH]c1=O,7.301029995663981
Cc1cn([C@H]2C[C@H](OP(=O)(O)OC[C@H]3O[C@@H](n4cc(C)c(=O)[nH]c4=O)C[C@@H]3OP(=O)(O)OC[C@H]3O[C@@H](n4cc(C)c(=O)[nH]c4=O)C[C@@H]3OP(=O)(O)OC[C@H]3O[C@@H](n4cnc5c(=O)[nH]c(N)nc54)C[C@@H]3OP(=O)(O)OC[C@H]3O[C@@H](n4cc(C)c(=O)[nH]c4=O)C[C@@H]3OP(=O)(O)OC[C@H]3O[C@@H](n4cnc5c(=O)[nH]c(N)nc54)C[C@@H]3OP(=O)(O)OC[C@H]3O[C@@H](n4cc(C)c(=O)[nH]c4=O)C[C@@H]3O)[C@@H](COP(=O)(O)O[C@H]3C[C@H](n4cc(C)c(=O)[nH]c4=O)O[C@@H]3COP(=O)(O)O[C@H]3C[C@H](n4cc(C)c(=O)[nH]c4=O)O[C@@H]3COP(=O)(O)O[C@H]3C[C@H](n4cnc5c(=O)[nH]c(N)nc54)O[C@@H]3COP(=O)(O)O[C@H]3C[C@H](n4cnc5c(=O)[nH]c(N)nc54)O[C@@H]3COP(=O)(O)O[C@@H]3C[C@@H](CO)N(C(=O)CCCCCNC(=O)c4ccc(C(=O)O)c(-c5c6ccc(=O)cc-6oc6cc(O)ccc56)c4)C3)O2)c(=O)[nH]c1=O,6.494850021680094
Cc1cn([C@H]2C[C@H](OP(=O)(O)OC[C@H]3O[C@@H](n4cc(C)c(=O)[nH]c4=O)C[C@@H]3OP(=O)(O)OC[C@H]3O[C@@H](n4cc(C)c(=O)[nH]c4=O)C[C@@H]3OP(=O)(O)OC[C@H]3O[C@@H](n4cnc5c(=O)[nH]c(N)nc54)C[C@@H]3OP(=O)(O)OC[C@H]3O[C@@H](n4cc(C)c(=O)[nH]c4=O)C[C@@H]3OP(=O)(O)OC[C@H]3O[C@@H](n4cnc5c(=O)[nH]c(N)nc54)C[C@@H]3OP(=O)(O)OC[C@H]3O[C@@H](n4cc(C)c(=O)[nH]c4=O)C[C@@H]3O)[C@@H](COP(=O)(O)O[C@H]3C[C@H](n4cc(C)c(=O)[nH]c4=O)O[C@@H]3COP(=O)(O)O[C@H]3C[C@H](n4cc(C)c(=O)[nH]c4=O)O[C@@H]3COP(=O)(O)O[C@H]3C[C@H](n4cnc5c(=O)[nH]c(N)nc54)O[C@@H]3COP(=O)(O)O[C@H]3C[C@H](n4cnc5c(=O)[nH]c(N)nc54)O[C@@H]3COP(=O)(O)OCCCCCCNC(=O)c3ccc(C(=O)O)c(-c4c5ccc(=O)cc-5oc5cc(O)ccc45)c3)O2)c(=O)[nH]c1=O,6.508638306165727
Cc1cn([C@H]2C[C@H](OP(=O)(O)OC[C@H]3O[C@@H](n4cc(C)c(=O)[nH]c4=O)C[C@@H]3OP(=O)(O)OC[C@H]3O[C@@H](n4cc(C)c(=O)[nH]c4=O)C[C@@H]3OP(=O)(O)OC[C@H]3O[C@@H](n4cnc5c(=O)[nH]c(N)nc54)C[C@@H]3OP(=O)(O)OC[C@H]3O[C@@H](n4cc(C)c(=O)[nH]c4=O)C[C@@H]3OP(=O)(O)OC[C@H]3O[C@@H](n4cnc5c(=O)[nH]c(N)nc54)C[C@@H]3OP(=O)(O)OC[C@H]3O[C@@H](n4cc(C)c(=O)[nH]c4=O)C[C@@H]3OP(=O)(O)OCCCCCCNC(=S)Nc3ccc(-c4c5ccc(=O)cc-5oc5cc(O)ccc45)c(C(=O)O)c3)[C@@H](COP(=O)(O)O[C@H]3C[C@H](n4cc(C)c(=O)[nH]c4=O)O[C@@H]3COP(=O)(O)O[C@H]3C[C@H](n4cc(C)c(=O)[nH]c4=O)O[C@@H]3COP(=O)(O)O[C@H]3C[C@H](n4cnc5c(=O)[nH]c(N)nc54)O[C@@H]3COP(=O)(O)O[C@H]3C[C@H](n4cnc5c(=O)[nH]c(N)nc54)O[C@@H]3CO)O2)c(=O)[nH]c1=O,6.501689446210399
Cc1cn([C@H]2C[C@H](OP(=O)(O)OC[C@H]3O[C@@H](n4cc(C)c(=O)[nH]c4=O)C[C@@H]3OP(=O)(O)OC[C@H]3O[C@@H](n4cc(C)c(=O)[nH]c4=O)C[C@@H]3OP(=O)(O)OC[C@H]3O[C@@H](n4cnc5c(=O)[nH]c(N)nc54)C[C@@H]3OP(=O)(O)OC[C@H]3O[C@@H](n4cc(C)c(=O)[nH]c4=O)C[C@@H]3OP(=O)(O)OC[C@H]3O[C@@H](n4cnc5c(=O)[nH]c(N)nc54)C[C@@H]3OP(=O)(O)OC[C@H]3O[C@@H](n4cc(C)c(=O)[nH]c4=O)C[C@@H]3O)[C@@H](COP(=O)(O)O[C@H]3C[C@H](n4cc(C)c(=O)[nH]c4=O)O[C@@H]3COP(=O)(O)O[C@H]3C[C@H](n4cc(C)c(=O)[nH]c4=O)O[C@@H]3COP(=O)(O)O[C@H]3C[C@H](n4cnc5c(=O)[nH]c(N)nc54)O[C@@H]3COP(=O)(O)O[C@H]3C[C@H](n4cnc5c(=O)[nH]c(N)nc54)O[C@@H]3COP(=O)(O)OCCCCCCNC(=O)c3cc(Cl)c(C(=O)O)c(-c4c5cc(Cl)c(=O)c(Cl)c-5oc5c(Cl)c(O)c(Cl)cc45)c3Cl)O2)c(=O)[nH]c1=O,7.259637310505756
Cc1cn([C@H]2C[C@H](OP(=O)(O)OC[C@H]3O[C@@H](n4cc(C)c(=O)[nH]c4=O)C[C@@H]3OP(=O)(O)OC[C@H]3O[C@@H](n4cc(C)c(=O)[nH]c4=O)C[C@@H]3OP(=O)(O)OC[C@H]3O[C@@H](n4cnc5c(=O)[nH]c(N)nc54)C[C@@H]3OP(=O)(O)OC[C@H]3O[C@@H](n4cc(C)c(=O)[nH]c4=O)C[C@@H]3OP(=O)(O)OC[C@H]3O[C@@H](n4cnc5c(=O)[nH]c(N)nc54)C[C@@H]3OP(=O)(O)OC[C@H]3O[C@@H](n4cc(C)c(=O)[nH]c4=O)C[C@@H]3O)[C@@H](COP(=O)(O)O[C@H]3C[C@H](n4cc(C)c(=O)[nH]c4=O)O[C@@H]3COP(=O)(O)O[C@H]3C[C@H](n4cc(C)c(=O)[nH]c4=O)O[C@@H]3COP(=O)(O)O[C@H]3C[C@H](n4cnc5c(=O)[nH]c(N)nc54)O[C@@H]3COP(=O)(O)O[C@H]3C[C@H](n4cnc5c(=O)[nH]c(N)nc54)O[C@@H]3COP(=O)(O)OCCCCCCNC(=O)c3cc(Cl)c(-c4c5cc(Cl)c(O)c(Cl)c5nc5c(Cl)c(O)c(Cl)cc45)c(C(=O)O)c3Cl)O2)c(=O)[nH]c1=O,7.2839966563652006
Cc1cn([C@H]2C[C@H](OP(=O)(O)OC[C@H]3O[C@@H](n4cc(C)c(=O)[nH]c4=O)C[C@@H]3OP(=O)(O)OC[C@H]3O[C@@H](n4cc(C)c(=O)[nH]c4=O)C[C@@H]3OP(=O)(O)OC[C@H]3O[C@@H](n4cnc5c(=O)[nH]c(N)nc54)C[C@@H]3OP(=O)(O)OC[C@H]3O[C@@H](n4cc(C)c(=O)[nH]c4=O)C[C@@H]3OP(=O)(O)OC[C@H]3O[C@@H](n4cnc5c(=O)[nH]c(N)nc54)C[C@@H]3OP(=O)(O)OC[C@H]3O[C@@H](n4cc(C)c(=O)[nH]c4=O)C[C@@H]3O)[C@@H](COP(=O)(O)O[C@H]3C[C@H](n4cc(C)c(=O)[nH]c4=O)O[C@@H]3COP(=O)(O)O[C@H]3C[C@H](n4cc(C)c(=O)[nH]c4=O)O[C@@H]3COP(=O)(O)O[C@H]3C[C@H](n4cnc5c(=O)[nH]c(N)nc54)O[C@@H]3COP(=O)(O)O[C@H]3C[C@H](n4cnc5c(=O)[nH]c(N)nc54)O[C@@H]3COP(=O)(O)OCCCCCCNC(=O)c3cc(Cl)c(C(=O)O)c(-c4c5cc(Cl)c(=O)cc-5oc5cc(O)c(Cl)cc45)c3Cl)O2)c(=O)[nH]c1=O,6.5376020021010435
COc1cc2c(-c3cc(C(=O)NCCCCCCOP(=O)(O)OC[C@H]4O[C@@H](n5cnc6c(=O)[nH]c(N)nc65)C[C@@H]4OP(=O)(O)OC[C@H]4O[C@@H](n5cnc6c(=O)[nH]c(N)nc65)C[C@@H]4OP(=O)(O)OC[C@H]4O[C@@H](n5cc(C)c(=O)[nH]c5=O)C[C@@H]4OP(=O)(O)OC[C@H]4O[C@@H](n5cc(C)c(=O)[nH]c5=O)C[C@@H]4OP(=O)(O)OC[C@H]4O[C@@H](n5cc(C)c(=O)[nH]c5=O)C[C@@H]4OP(=O)(O)OC[C@H]4O[C@@H](n5cc(C)c(=O)[nH]c5=O)C[C@@H]4OP(=O)(O)OC[C@H]4O[C@@H](n5cc(C)c(=O)[nH]c5=O)C[C@@H]4OP(=O)(O)OC[C@H]4O[C@@H](n5cnc6c(=O)[nH]c(N)nc65)C[C@@H]4OP(=O)(O)OC[C@H]4O[C@@H](n5cc(C)c(=O)[nH]c5=O)C[C@@H]4OP(=O)(O)OC[C@H]4O[C@@H](n5cnc6c(=O)[nH]c(N)nc65)C[C@@H]4OP(=O)(O)OC[C@H]4O[C@@H](n5cc(C)c(=O)[nH]c5=O)C[C@@H]4O)ccc3C(=O)O)c3cc(OC)c(=O)c(Cl)c-3oc2c(Cl)c1O,6.508638306165727
CCCCCCCC/C=C\CCCCCCCC(=O)NCCCOCC(O)COP(=O)(O)O[C@H]1C[C@H](n2cc(C)c(=O)[nH]c2=O)O[C@@H]1COP(=O)(O)O[C@H]1C[C@H](n2cnc3c(=O)[nH]c(N)nc32)O[C@@H]1COP(=O)(O)O[C@H]1C[C@H](n2cc(C)c(=O)[nH]c2=O)O[C@@H]1COP(=O)(O)O[C@H]1C[C@H](n2cnc3c(=O)[nH]c(N)nc32)O[C@@H]1COP(=O)(O)O[C@H]1C[C@H](n2cc(C)c(=O)[nH]c2=O)O[C@@H]1COP(=O)(O)O[C@H]1C[C@H](n2cc(C)c(=O)[nH]c2=O)O[C@@H]1COP(=O)(O)O[C@H]1C[C@H](n2cc(C)c(=O)[nH]c2=O)O[C@@H]1COP(=O)(O)O[C@H]1C[C@H](n2cc(C)c(=O)[nH]c2=O)O[C@@H]1COP(=O)(O)O[C@H]1C[C@H](n2cc(C)c(=O)[nH]c2=O)O[C@@H]1COP(=O)(O)O[C@H]1C[C@H](n2cnc3c(=O)[nH]c(N)nc32)O[C@@H]1COP(=O)(O)O[C@H]1C[C@H](n2cnc3c(=O)[nH]c(N)nc32)O[C@@H]1CO,6.698970004336019
CCCCCCCC/C=C\CCCCCCCC(=O)NCCCOCC(O)COP(=O)(O)O[C@H]1C[C@H](n2cc(C)c(=O)[nH]c2=O)O[C@@H]1COP(=O)(O)O[C@H]1C[C@H](n2cnc3c(=O)[nH]c(N)nc32)O[C@@H]1COP(=O)(O)O[C@H]1C[C@H](n2cc(C)c(=O)[nH]c2=O)O[C@@H]1COP(=O)(O)O[C@H]1C[C@H](n2cnc3c(=O)[nH]c(N)nc32)O[C@@H]1COP(=O)(O)O[C@H]1C[C@H](n2cc(C)c(=O)[nH]c2=O)O[C@@H]1COP(=O)(O)O[C@H]1C[C@H](n2cc(C)c(=O)[nH]c2=O)O[C@@H]1COP(=O)(O)O[C@H]1C[C@H](n2cc(C)c(=O)[nH]c2=O)O[C@@H]1COP(=O)(O)O[C@H]1C[C@H](n2cc(C)c(=O)[nH]c2=O)O[C@@H]1COP(=O)(O)O[C@H]1C[C@H](n2cc(C)c(=O)[nH]c2=O)O[C@@H]1COP(=O)(O)O[C@H]1C[C@H](n2cnc3c(=O)[nH]c(N)nc32)O[C@@H]1COP(=O)(O)O[C@H]1C[C@H](n2cnc3c(=O)[nH]c(N)nc32)O[C@@H]1COP(=O)(O)O[C@@H]1C[C@@H](CO)N(C(=O)CCCCCNC(=O)c2ccc(C(=O)O)c(-c3c4ccc(=O)cc-4oc4cc(O)ccc34)c2)C1,7.698970004336019
CCCCCCCC/C=C\CCCCCCCC(=O)NCCCOCC(O)COP(=O)(O)O[C@@H]1C[C@@H](COP(=O)(O)O[C@H]2C[C@H](n3cc(C)c(=O)[nH]c3=O)O[C@@H]2COP(=O)(O)O[C@H]2C[C@H](n3cnc4c(=O)[nH]c(N)nc43)O[C@@H]2COP(=O)(O)O[C@H]2C[C@H](n3cc(C)c(=O)[nH]c3=O)O[C@@H]2COP(=O)(O)O[C@H]2C[C@H](n3cnc4c(=O)[nH]c(N)nc43)O[C@@H]2COP(=O)(O)O[C@H]2C[C@H](n3cc(C)c(=O)[nH]c3=O)O[C@@H]2COP(=O)(O)O[C@H]2C[C@H](n3cc(C)c(=O)[nH]c3=O)O[C@@H]2COP(=O)(O)O[C@H]2C[C@H](n3cc(C)c(=O)[nH]c3=O)O[C@@H]2COP(=O)(O)O[C@H]2C[C@H](n3cc(C)c(=O)[nH]c3=O)O[C@@H]2COP(=O)(O)O[C@H]2C[C@H](n3cc(C)c(=O)[nH]c3=O)O[C@@H]2COP(=O)(O)O[C@H]2C[C@H](n3cnc4c(=O)[nH]c(N)nc43)O[C@@H]2COP(=O)(O)O[C@H]2C[C@H](n3cnc4c(=O)[nH]c(N)nc43)O[C@@H]2CO)N(C(=O)CCCCCNC(=O)c2ccc(C(=O)O)c(-c3c4ccc(=O)cc-4oc4cc(O)ccc34)c2)C1,7.638272163982407
Cc1cn([C@H]2C[C@H](OP(C)(=O)OC[C@H]3O[C@@H](n4cnc5c(=O)[nH]c(N)nc54)C[C@@H]3OP(=O)(O)OC[C@H]3O[C@@H](n4cc(C)c(=O)[nH]c4=O)C[C@@H]3OP(C)(=O)OC[C@H]3O[C@@H](n4cnc5c(=O)[nH]c(N)nc54)C[C@@H]3OP(=O)(O)OC[C@H]3O[C@@H](n4cc(C)c(=O)[nH]c4=O)C[C@@H]3OP(C)(=O)OCCCCCCNC(=S)Nc3ccc(-c4c5cc(Br)c(=O)c(Br)c-5oc5c(Br)c(O)c(Br)cc45)c(C(=O)O)c3)[C@@H](COP(=O)(O)O[C@H]3C[C@H](n4cc(C)c(=O)[nH]c4=O)O[C@@H]3COP(=O)(O)O[C@H]3C[C@H](n4cc(C)c(=O)[nH]c4=O)O[C@@H]3COP(=O)(O)O[C@H]3C[C@H](n4cc(C)c(=O)[nH]c4=O)O[C@@H]3COP(=O)(O)O[C@H]3C[C@H](n4cc(C)c(=O)[nH]c4=O)O[C@@H]3COP(=O)(O)O[C@H]3C[C@H](n4cnc5c(=O)[nH]c(N)nc54)O[C@@H]3COP(=O)(O)O[C@H]3C[C@H](n4cnc5c(=O)[nH]c(N)nc54)O[C@@H]3CO)O2)c(=O)[nH]c1=O,7.0
Cc1cn([C@H]2C[C@H](OP(C)(=O)OC[C@H]3O[C@@H](n4cc(C)c(=O)[nH]c4=O)C[C@@H]3OP(C)(=O)OC[C@H]3O[C@@H](n4cc(C)c(=O)[nH]c4=O)C[C@@H]3OP(=O)(O)OC[C@H]3O[C@@H](n4cc(C)c(=O)[nH]c4=O)C[C@@H]3OP(=O)(O)OC[C@H]3O[C@@H](n4cnc5c(=O)[nH]c(N)nc54)C[C@@H]3OP(=O)(O)OC[C@H]3O[C@@H](n4cc(C)c(=O)[nH]c4=O)C[C@@H]3OP(=O)(O)OC[C@H]3O[C@@H](n4cnc5c(=O)[nH]c(N)nc54)C[C@@H]3OP(=O)(O)OC[C@H]3O[C@@H](n4cc(C)c(=O)[nH]c4=O)C[C@@H]3OP(=O)(O)OCCCCCCNC(=S)Nc3ccc(-c4c5cc(Br)c(=O)c(Br)c-5oc5c(Br)c(O)c(Br)cc45)c(C(=O)O)c3)[C@@H](COP(C)(=O)O[C@H]3C[C@H](n4cc(C)c(=O)[nH]c4=O)O[C@@H]3COP(=O)(O)O[C@H]3C[C@H](n4cnc5c(=O)[nH]c(N)nc54)O[C@@H]3COP(=O)(O)O[C@H]3C[C@H](n4cnc5c(=O)[nH]c(N)nc54)O[C@@H]3CO)O2)c(=O)[nH]c1=O,6.958607314841775
Cc1cn([C@H]2C[C@H](OP(C)(=O)OC[C@H]3O[C@@H](n4cc(C)c(=O)[nH]c4=O)C[C@@H]3OP(=O)(O)OC[C@H]3O[C@@H](n4cc(C)c(=O)[nH]c4=O)C[C@@H]3OP(=O)(O)OC[C@H]3O[C@@H](n4cnc5c(=O)[nH]c(N)nc54)C[C@@H]3OP(=O)(O)OC[C@H]3O[C@@H](n4cc(C)c(=O)[nH]c4=O)C[C@@H]3OP(C)(=O)OC[C@H]3O[C@@H](n4cnc5c(=O)[nH]c(N)nc54)C[C@@H]3OP(=O)(O)OC[C@H]3O[C@@H](n4cc(C)c(=O)[nH]c4=O)C[C@@H]3OP(=O)(O)OCCCCCCNC(=S)Nc3ccc(-c4c5cc(Br)c(=O)c(Br)c-5oc5c(Br)c(O)c(Br)cc45)c(C(=O)O)c3)[C@@H](COP(=O)(O)O[C@H]3C[C@H](n4cc(C)c(=O)[nH]c4=O)O[C@@H]3COP(C)(=O)O[C@H]3C[C@H](n4cc(C)c(=O)[nH]c4=O)O[C@@H]3COP(=O)(O)O[C@H]3C[C@H](n4cnc5c(=O)[nH]c(N)nc54)O[C@@H]3COP(=O)(O)O[C@H]3C[C@H](n4cnc5c(=O)[nH]c(N)nc54)O[C@@H]3CO)O2)c(=O)[nH]c1=O,7.0
Cc1cn([C@H]2C[C@H](OP(=O)(S)OC[C@H]3O[C@@H](n4cc(C)c(=O)[nH]c4=O)C[C@@H]3OP(=O)(S)OC[C@H]3O[C@@H](n4cc(C)c(=O)[nH]c4=O)C[C@@H]3OP(=O)(S)OC[C@H]3O[C@@H](n4cnc5c(=O)[nH]c(N)nc54)C[C@@H]3OP(=O)(S)OC[C@H]3O[C@@H](n4cc(C)c(=O)[nH]c4=O)C[C@@H]3OP(=O)(S)OC[C@H]3O[C@@H](n4cnc5c(=O)[nH]c(N)nc54)C[C@@H]3OP(=O)(S)OC[C@H]3O[C@@H](n4cc(C)c(=O)[nH]c4=O)C[C@@H]3OP(=O)(S)OCCCCCCNC(=S)Nc3ccc(-c4c5cc(Br)c(=O)c(Br)c-5oc5c(Br)c(O)c(Br)cc45)c(C(=O)O)c3)[C@@H](COP(=O)(S)O[C@H]3C[C@H](n4cc(C)c(=O)[nH]c4=O)O[C@@H]3COP(=O)(S)O[C@H]3C[C@H](n4cc(C)c(=O)[nH]c4=O)O[C@@H]3COP(=O)(S)O[C@H]3C[C@H](n4cnc5c(=O)[nH]c(N)nc54)O[C@@H]3COP(=O)(S)O[C@H]3C[C@H](n4cnc5c(=O)[nH]c(N)nc54)O[C@@H]3CO)O2)c(=O)[nH]c1=O,7.7447274948966935
Cc1cn([C@H]2C[C@H](OP(=O)(O)OC[C@H]3O[C@@H](n4cc(C)c(=O)[nH]c4=O)C[C@@H]3OP(=O)(O)OC[C@H]3O[C@@H](n4cc(C)c(=O)[nH]c4=O)C[C@@H]3OP(=O)(S)OC[C@H]3O[C@@H](n4cnc5c(=O)[nH]c(N)nc54)C[C@@H]3OP(=O)(O)OC[C@H]3O[C@@H](n4cc(C)c(=O)[nH]c4=O)C[C@@H]3OP(=O)(S)OC[C@H]3O[C@@H](n4cnc5c(=O)[nH]c(N)nc54)C[C@@H]3OP(=O)(O)OC[C@H]3O[C@@H](n4cc(C)c(=O)[nH]c4=O)C[C@@H]3OP(=O)(S)OCCCCCCNC(=S)Nc3ccc(-c4c5cc(Br)c(=O)c(Br)c-5oc5c(Br)c(O)c(Br)cc45)c(C(=O)O)c3)[C@@H](COP(=O)(O)O[C@H]3C[C@H](n4cc(C)c(=O)[nH]c4=O)O[C@@H]3COP(=O)(O)O[C@H]3C[C@H](n4cc(C)c(=O)[nH]c4=O)O[C@@H]3COP(=O)(O)O[C@H]3C[C@H](n4cnc5c(=O)[nH]c(N)nc54)O[C@@H]3COP(=O)(O)O[C@H]3C[C@H](n4cnc5c(=O)[nH]c(N)nc54)O[C@@H]3CO)O2)c(=O)[nH]c1=O,7.698970004336019
Cc1cn([C@H]2C[C@H](OP(=O)(O)OC[C@H]3O[C@@H](n4cnc5c(=O)[nH]c(N)nc54)C[C@@H]3OP(=O)(O)OC[C@H]3O[C@@H](n4cc(C)c(=O)[nH]c4=O)C[C@@H]3OP(=O)(O)OC[C@H]3O[C@@H](n4cnc5c(=O)[nH]c(N)nc54)C[C@@H]3OP(=O)(O)OC[C@H]3O[C@@H](n4cc(C)c(=O)[nH]c4=O)C[C@@H]3OP(=O)(O)OCCCCCCNC(=S)Nc3ccc(-c4c5cc(Br)c(=O)c(Br)c-5oc5c(Br)c(O)c(Br)cc45)c(C(=O)O)c3)[C@@H](COP(=O)(O)O[C@H]3C[C@H](n4cc(C)c(=O)[nH]c4=O)O[C@@H]3COP(=O)(S)O[C@H]3C[C@H](n4cc(C)c(=O)[nH]c4=O)O[C@@H]3COP(=O)(S)O[C@H]3C[C@H](n4cc(C)c(=O)[nH]c4=O)O[C@@H]3COP(=O)(S)O[C@H]3C[C@H](n4cc(C)c(=O)[nH]c4=O)O[C@@H]3COP(=O)(O)O[C@H]3C[C@H](n4cnc5c(=O)[nH]c(N)nc54)O[C@@H]3COP(=O)(O)O[C@H]3C[C@H](n4cnc5c(=O)[nH]c(N)nc54)O[C@@H]3CO)O2)c(=O)[nH]c1=O,7.657577319177793
Cc1cn([C@H]2C[C@H](OP(=O)(O)OC[C@H]3O[C@@H](n4cc(C)c(=O)[nH]c4=O)C[C@@H]3OP(=O)(S)OC[C@H]3O[C@@H](n4cc(C)c(=O)[nH]c4=O)C[C@@H]3OP(=O)(O)OC[C@H]3O[C@@H](n4cnc5c(=O)[nH]c(N)nc54)C[C@@H]3OP(=O)(O)OC[C@H]3O[C@@H](n4cc(C)c(=O)[nH]c4=O)C[C@@H]3OP(=O)(S)OC[C@H]3O[C@@H](n4cnc5c(=O)[nH]c(N)nc54)C[C@@H]3OP(=O)(O)OC[C@H]3O[C@@H](n4cc(C)c(=O)[nH]c4=O)C[C@@H]3OP(=O)(O)OCCCCCCNC(=S)Nc3ccc(-c4c5cc(Br)c(=O)c(Br)c-5oc5c(Br)c(O)c(Br)cc45)c(C(=O)O)c3)[C@@H](COP(=O)(O)O[C@H]3C[C@H](n4cc(C)c(=O)[nH]c4=O)O[C@@H]3COP(=O)(S)O[C@H]3C[C@H](n4cc(C)c(=O)[nH]c4=O)O[C@@H]3COP(=O)(O)O[C@H]3C[C@H](n4cnc5c(=O)[nH]c(N)nc54)O[C@@H]3COP(=O)(O)O[C@H]3C[C@H](n4cnc5c(=O)[nH]c(N)nc54)O[C@@H]3CO)O2)c(=O)[nH]c1=O,7.619788758288394
Cc1cn([C@H]2C[C@H](O)[C@@H](COP(=O)(O)O[C@H]3CCO[C@@H]3COP(=O)(O)O[C@H]3CCO[C@@H]3COP(=O)(O)O[C@H]3CCO[C@@H]3COP(=O)(O)O[C@H]3CCO[C@@H]3COP(=O)(O)O[C@H]3CCO[C@@H]3COP(=O)(O)O[C@H]3CCO[C@@H]3COP(=O)(O)O[C@H]3CCO[C@@H]3COP(=O)(O)O[C@H]3CCO[C@@H]3COP(=O)(O)O[C@H]3CCO[C@@H]3COP(=O)(O)O[C@H]3CCO[C@@H]3COP(=O)(O)OCCCCCCNC(=O)c3cc(Cl)c(C(=O)O)c(-c4c5cc(Cl)c(=O)c(Cl)c-5oc5c(Cl)c(O)c(Cl)cc45)c3Cl)O2)c(=O)[nH]c1=O,5.920818753952375
Cc1cn([C@H]2C[C@H](OP(=O)(O)OC[C@H]3O[C@@H](n4cnc5c(=O)[nH]c(N)nc54)C[C@@H]3OP(=O)(O)OC[C@H]3O[C@@H](n4cc(C)c(=O)[nH]c4=O)C[C@@H]3OP(=O)(O)OC[C@H]3O[C@@H](n4cnc5c(=O)[nH]c(N)nc54)C[C@@H]3OP(=O)(O)OC[C@H]3O[C@@H](n4cc(C)c(=O)[nH]c4=O)C[C@@H]3O)[C@@H](COP(=O)(O)O[C@H]3CCO[C@@H]3COP(=O)(O)O[C@H]3CCO[C@@H]3COP(=O)(O)O[C@H]3CCO[C@@H]3COP(=O)(O)O[C@H]3CCO[C@@H]3COP(=O)(O)O[C@H]3CCO[C@@H]3COP(=O)(O)O[C@H]3CCO[C@@H]3COP(=O)(O)OCCCCCCNC(=O)c3cc(Cl)c(C(=O)O)c(-c4c5cc(Cl)c(=O)c(Cl)c-5oc5c(Cl)c(O)c(Cl)cc45)c3Cl)O2)c(=O)[nH]c1=O,6.552841968657781
Cc1cn([C@H]2C[C@H](OP(=O)(O)OC[C@H]3OCC[C@@H]3OP(=O)(O)OC[C@H]3OCC[C@@H]3OP(=O)(O)OC[C@H]3OCC[C@@H]3OP(=O)(O)OC[C@H]3OCC[C@@H]3OP(=O)(O)OC[C@H]3OCC[C@@H]3OP(=O)(O)OC[C@H]3OCC[C@@H]3OP(=O)(O)OC[C@H]3O[C@@H](n4cc(C)c(=O)[nH]c4=O)C[C@@H]3O)[C@@H](COP(=O)(O)O[C@H]3C[C@H](n4cc(C)c(=O)[nH]c4=O)O[C@@H]3COP(=O)(O)O[C@H]3C[C@H](n4cnc5c(=O)[nH]c(N)nc54)O[C@@H]3COP(=O)(O)O[C@H]3C[C@H](n4cnc5c(=O)[nH]c(N)nc54)O[C@@H]3COP(=O)(O)OCCCCCCNC(=O)c3cc(Cl)c(C(=O)O)c(-c4c5cc(Cl)c(=O)c(Cl)c-5oc5c(Cl)c(O)c(Cl)cc45)c3Cl)O2)c(=O)[nH]c1=O,6.6020599913279625
Cc1cn([C@H]2C[C@H](O)[C@@H](COP(=O)(O)OCCCOP(=O)(O)OCCCOP(=O)(O)OCCCOP(=O)(O)OCCCOP(=O)(O)OCCCOP(=O)(O)OCCCOP(=O)(O)OCCCOP(=O)(O)OCCCOP(=O)(O)OCCCOP(=O)(O)OCCCOP(=O)(O)OCCCCCCNC(=O)c3cc(Cl)c(C(=O)O)c(-c4c5cc(Cl)c(=O)c(Cl)c-5oc5c(Cl)c(O)c(Cl)cc45)c3Cl)O2)c(=O)[nH]c1=O,5.886056647693163
Cc1cn([C@H]2C[C@H](OP(=O)(O)OC[C@H]3O[C@@H](n4cnc5c(=O)[nH]c(N)nc54)C[C@@H]3OP(=O)(O)OC[C@H]3O[C@@H](n4cc(C)c(=O)[nH]c4=O)C[C@@H]3OP(=O)(O)OC[C@H]3O[C@@H](n4cnc5c(=O)[nH]c(N)nc54)C[C@@H]3OP(=O)(O)OC[C@H]3O[C@@H](n4cc(C)c(=O)[nH]c4=O)C[C@@H]3O)[C@@H](COP(=O)(O)OCCCOP(=O)(O)OCCCOP(=O)(O)OCCCOP(=O)(O)OCCCOP(=O)(O)OCCCOP(=O)(O)OCCCOP(=O)(O)OCCCCCCNC(=O)c3cc(Cl)c(C(=O)O)c(-c4c5cc(Cl)c(=O)c(Cl)c-5oc5c(Cl)c(O)c(Cl)cc45)c3Cl)O2)c(=O)[nH]c1=O,6.6020599913279625
Cc1cn([C@H]2C[C@H](OP(=O)(O)OCCCOP(=O)(O)OCCCOP(=O)(O)OCCCOP(=O)(O)OCCCOP(=O)(O)OCCCOP(=O)(O)OCCCOP(=O)(O)OC[C@H]3O[C@@H](n4cc(C)c(=O)[nH]c4=O)C[C@@H]3O)[C@@H](COP(=O)(O)O[C@H]3C[C@H](n4cc(C)c(=O)[nH]c4=O)O[C@@H]3COP(=O)(O)O[C@H]3C[C@H](n4cnc5c(=O)[nH]c(N)nc54)O[C@@H]3COP(=O)(O)O[C@H]3C[C@H](n4cnc5c(=O)[nH]c(N)nc54)O[C@@H]3COP(=O)(O)OCCCCCCNC(=O)c3cc(Cl)c(C(=O)O)c(-c4c5cc(Cl)c(=O)c(Cl)c-5oc5c(Cl)c(O)c(Cl)cc45)c3Cl)O2)c(=O)[nH]c1=O,6.508638306165727
CO[C@@H]1[C@H](OP(=O)(O)OC[C@H]2O[C@@H](n3ccc(=O)[nH]c3=O)[C@H](OC)[C@@H]2OP(=O)(O)OC[C@H]2O[C@@H](n3ccc(=O)[nH]c3=O)[C@H](OC)[C@@H]2OP(=O)(O)OC[C@H]2O[C@@H](n3cnc4c(=O)[nH]c(N)nc43)[C@H](OC)[C@@H]2OP(=O)(O)OC[C@H]2O[C@@H](n3ccc(=O)[nH]c3=O)[C@H](OC)[C@@H]2OP(=O)(O)OC[C@H]2O[C@@H](n3cnc4c(=O)[nH]c(N)nc43)[C@H](OC)[C@@H]2OP(=O)(O)OC[C@H]2O[C@@H](n3ccc(=O)[nH]c3=O)[C@H](OC)[C@@H]2OP(=O)(O)OCCCCCCNC(=S)Nc2ccc(-c3c4cc(Br)c(=O)c(Br)c-4oc4c(Br)c(O)c(Br)cc34)c(C(=O)O)c2)[C@@H](COP(=O)(O)O[C@H]2[C@@H](OC)[C@H](n3ccc(=O)[nH]c3=O)O[C@@H]2COP(=O)(O)O[C@H]2[C@@H](OC)[C@H](n3ccc(=O)[nH]c3=O)O[C@@H]2COP(=O)(O)O[C@H]2[C@@H](OC)[C@H](n3cnc4c(=O)[nH]c(N)nc43)O[C@@H]2COP(=O)(O)O[C@H]2[C@@H](OC)[C@H](n3cnc4c(=O)[nH]c(N)nc43)O[C@@H]2CO)O[C@H]1n1ccc(=O)[nH]c1=O,7.318758762624412
CO[C@@H]1[C@H](O)[C@@H](COP(=O)(O)O[C@H]2[C@@H](OC)[C@H](n3cnc4c(=O)[nH]c(N)nc43)O[C@@H]2COP(=O)(O)O[C@H]2[C@@H](OC)[C@H](n3ccc(=O)[nH]c3=O)O[C@@H]2COP(=O)(O)O[C@H]2[C@@H](OC)[C@H](n3cnc4c(=O)[nH]c(N)nc43)O[C@@H]2COP(=O)(O)O[C@H]2[C@@H](OC)[C@H](n3ccc(=O)[nH]c3=O)O[C@@H]2COP(=O)(O)O[C@H]2[C@@H](OC)[C@H](n3ccc(=O)[nH]c3=O)O[C@@H]2COP(=O)(O)O[C@H]2[C@@H](OC)[C@H](n3ccc(=O)[nH]c3=O)O[C@@H]2COP(=O)(O)O[C@H]2[C@@H](OC)[C@H](n3ccc(=O)[nH]c3=O)O[C@@H]2COP(=O)(O)O[C@H]2[C@@H](OC)[C@H](n3ccc(=O)[nH]c3=O)O[C@@H]2COP(=O)(O)O[C@H]2[C@@H](OC)[C@H](n3cnc4c(=O)[nH]c(N)nc43)O[C@@H]2COP(=O)(O)O[C@H]2[C@@H](OC)[C@H](n3cnc4c(=O)[nH]c(N)nc43)O[C@@H]2COP(=O)(O)OCCCCCCNC(=O)c2cc(Cl)c(C(=O)O)c(-c3c4cc(Cl)c(=O)c(Cl)c-4oc4c(Cl)c(O)c(Cl)cc34)c2Cl)O[C@H]1n1ccc(=O)[nH]c1=O,7.2839966563652006
CO[C@@H]1[C@H](O)[C@@H](COP(=O)(S)O[C@H]2[C@@H](OC)[C@H](n3cnc4c(=O)[nH]c(N)nc43)O[C@@H]2COP(=O)(S)O[C@H]2[C@@H](OC)[C@H](n3ccc(=O)[nH]c3=O)O[C@@H]2COP(=O)(S)O[C@H]2[C@@H](OC)[C@H](n3cnc4c(=O)[nH]c(N)nc43)O[C@@H]2COP(=O)(S)O[C@H]2[C@@H](OC)[C@H](n3ccc(=O)[nH]c3=O)O[C@@H]2COP(=O)(S)O[C@H]2[C@@H](OC)[C@H](n3ccc(=O)[nH]c3=O)O[C@@H]2COP(=O)(S)O[C@H]2[C@@H](OC)[C@H](n3ccc(=O)[nH]c3=O)O[C@@H]2COP(=O)(S)O[C@H]2[C@@H](OC)[C@H](n3ccc(=O)[nH]c3=O)O[C@@H]2COP(=O)(S)O[C@H]2[C@@H](OC)[C@H](n3ccc(=O)[nH]c3=O)O[C@@H]2COP(=O)(S)O[C@H]2[C@@H](OC)[C@H](n3cnc4c(=O)[nH]c(N)nc43)O[C@@H]2COP(=O)(S)O[C@H]2[C@@H](OC)[C@H](n3cnc4c(=O)[nH]c(N)nc43)O[C@@H]2COP(=O)(S)OCCCCCCNC(=O)c2cc(Cl)c(C(=O)O)c(-c3c4cc(Cl)c(=O)c(Cl)c-4oc4c(Cl)c(O)c(Cl)cc34)c2Cl)O[C@H]1n1ccc(=O)[nH]c1=O,7.721246399047171
CCCCCCCC/C=C\CCCCCCCC(=O)NCCCOCC(O)COP(=O)(S)O[C@H]1[C@@H](OC)[C@H](n2ccc(=O)[nH]c2=O)O[C@@H]1COP(=O)(S)O[C@H]1[C@@H](OC)[C@H](n2cnc3c(=O)[nH]c(N)nc32)O[C@@H]1COP(=O)(S)O[C@H]1[C@@H](OC)[C@H](n2ccc(=O)[nH]c2=O)O[C@@H]1COP(=O)(S)O[C@H]1[C@@H](OC)[C@H](n2cnc3c(=O)[nH]c(N)nc32)O[C@@H]1COP(=O)(S)O[C@H]1[C@@H](OC)[C@H](n2ccc(=O)[nH]c2=O)O[C@@H]1COP(=O)(S)O[C@H]1[C@@H](OC)[C@H](n2ccc(=O)[nH]c2=O)O[C@@H]1COP(=O)(S)O[C@H]1[C@@H](OC)[C@H](n2ccc(=O)[nH]c2=O)O[C@@H]1COP(=O)(S)O[C@H]1[C@@H](OC)[C@H](n2ccc(=O)[nH]c2=O)O[C@@H]1COP(=O)(S)O[C@H]1[C@@H](OC)[C@H](n2ccc(=O)[nH]c2=O)O[C@@H]1COP(=O)(S)O[C@H]1[C@@H](OC)[C@H](n2cnc3c(=O)[nH]c(N)nc32)O[C@@H]1COP(=O)(S)O[C@H]1[C@@H](OC)[C@H](n2cnc3c(=O)[nH]c(N)nc32)O[C@@H]1COP(=O)(S)OCCCCCCNC(=O)c1cc(Cl)c(C(=O)O)c(-c2c3cc(Cl)c(=O)c(Cl)c-3oc3c(Cl)c(O)c(Cl)cc23)c1Cl,7.698970004336019
COc1ccc(CCNC(=O)C/C(C)=N/NC(=O)c2cc3ccccc3cc2O)cc1OC,4.102372908709558
COc1ccc(CNC(=O)C/C(C)=N/NC(=O)c2cc3ccccc3cc2O)cc1,3.8927900303521317
COc1ccc(CCNC(=O)C/C(C)=N/NC(=O)c2cc3ccccc3cc2O)cc1OC,4.4156687756324695
O=C(NCc1ccc(F)cc1)c1c(O)c(=O)[nH]c2ccccc12,3.6020599913279625
O=C(NCc1ccc(F)cc1)c1c(O)c(=O)[nH]c2ccc(Cl)cc12,3.6020599913279625
O=C(NCc1ccc(F)cc1)c1c(O)c(=O)[nH]c2ccc(F)cc12,3.6020599913279625
COc1ccc(CNC(=O)c2c(O)c(=O)[nH]c3ccc(F)cc23)cc1,3.6020599913279625
O=C(O)/C(O)=C/C(=O)c1cc(Cc2ccccc2)cn(Cc2ccccc2)c1=O,7.154901959985743
O=C(O)/C(O)=C/C(=O)c1cc(Cc2ccc(F)cc2F)cn(Cc2ccc(F)cc2F)c1=O,8.259637310505756
O=C(O)/C(O)=C/C(=O)c1cc(Cc2ccc(F)cc2F)cn(Cc2ccccc2F)c1=O,8.221848749616356
CC(C)OC(=O)/C(O)=C/C(=O)c1cc(Cc2ccc(F)cc2F)cn(Cc2ccccc2F)c1=O,6.323306390375134
O=C(O)C(=O)CC(=O)c1cccn1Cc1ccc(F)cc1,6.769551078621726
CC[C@H](C)[C@@H]1NC(=O)[C@H]2CSC(=N2)[C@@H](Cc2ccccc2)NC(=O)[C@@H]2CCCN2C(=O)[C@@H]2CCCN2C(=O)[C@H](C(C)C)NC1=O,4.4089353929735005
[N-]=[N+]=[N-].[Na+],1.337242168318426
CN(C)C(=O)c1[nH]cc(C(=O)NCc2ccc(F)cc2)c(=O)c1O,6.267606240177032
CNC(=O)c1[nH]cc(C(=O)NCc2ccc(F)cc2)c(=O)c1O,5.886056647693163
NC(=O)c1[nH]cc(C(=O)NCc2ccc(F)cc2)c(=O)c1O,6.42021640338319
O=C(NCCO)c1[nH]cc(C(=O)NCc2ccc(F)cc2)c(=O)c1O,6.522878745280337
COCCNC(=O)c1[nH]cc(C(=O)NCc2ccc(F)cc2)c(=O)c1O,6.886056647693163
COC(=O)c1[nH]cc(C(=O)NCc2ccc(F)cc2)c(=O)c1O,7.7447274948966935
O=C(O)c1[nH]cc(C(=O)NCc2ccc(F)cc2)c(=O)c1O,8.0
O=C(/C=C/c1ccccc1O)c1ccc(O)c(O)c1,5.43533393574791
NCCNc1c(C(=O)NCc2ccc(F)cc2)nc(Br)c2cccnc12,4.0
O=C(NCc1ccc(F)cc1)c1nc(Br)c2cccnc2c1NCCCNc1c(C(=O)NCc2ccc(F)cc2)nc(Br)c2cccnc12,4.0
NCCCNc1c(C(=O)NCc2ccc(F)cc2)nc(Br)c2cccnc12,4.0
O=C(NCc1ccc(F)cc1)c1nc(Br)c2cccnc2c1NCc1ccc(F)cc1,4.0
C[C@@H](Nc1c(C(=O)NCc2ccc(F)cc2)nc(Br)c2cccnc12)c1ccccc1,3.9546770212133424
C[C@H](Nc1c(C(=O)NCc2ccc(F)cc2)nc(Br)c2cccnc12)c1ccccc1,3.9546770212133424
O=C(NCc1ccc(F)cc1)c1nc(Br)c2cccnc2c1NCc1ccccc1,4.0
O=C(NCc1ccc(F)cc1)c1nc(Br)c2cccnc2c1NCCO,4.161150909262744
CNc1c(C(=O)NCc2ccc(F)cc2)nc(Br)c2cccnc12,4.0
C[C@H](CO)Nc1nc(C(=O)NCc2ccc(F)cc2)c(O)c2ncccc12,6.698970004336019
C[C@@H](CO)Nc1nc(C(=O)NCc2ccc(F)cc2)c(O)c2ncccc12,6.522878745280337
O=C(NCc1ccc(F)cc1)c1nc(NCCO)c2cccnc2c1O,6.522878745280337
O=C(NCc1ccc(F)cc1)c1nc(NCCc2c[nH]c3ccccc23)c2cccnc2c1O,6.0
O=CNCCCCCCNc1nc(C(=O)NCc2ccc(F)cc2)c(O)c2ncccc12,6.698970004336019
CS(=O)(=O)NCCCCCCN(c1nc(C(=O)NCc2ccc(F)cc2)c(O)c2ncccc12)S(C)(=O)=O,6.154901959985743
CS(=O)(=O)NCCCN(c1nc(C(=O)NCc2ccc(F)cc2)c(O)c2ncccc12)S(C)(=O)=O,6.154901959985743
O=C(NCc1ccc(F)cc1)c1nc(N2CCCCS2(=O)=O)c2cccnc2c1O,6.522878745280337
Cc1ccc(S(=O)(=O)Oc2c(C(=O)NCc3ccc(F)cc3)nc(Br)c3cccnc23)cc1,4.508638306165727
CS(=O)(=O)Oc1c(C(=O)NCc2ccc(F)cc2)nc(Br)c2cccnc12,4.886056647693163
O=C(NCc1ccc(F)cc1)c1nc(Br)c2cccnc2c1O,6.301029995663981
NCCNc1c(C(=O)NCc2ccc(F)cc2)nc(Br)c2cccnc12,4.0
O=C(NCc1ccc(F)cc1)c1nc(Br)c2cccnc2c1NCCCNc1c(C(=O)NCc2ccc(F)cc2)nc(Br)c2cccnc12,4.0
NCCCNc1c(C(=O)NCc2ccc(F)cc2)nc(Br)c2cccnc12,4.0
O=C(NCc1ccc(F)cc1)c1nc(Br)c2cccnc2c1NCc1ccc(F)cc1,4.0
C[C@@H](Nc1c(C(=O)NCc2ccc(F)cc2)nc(Br)c2cccnc12)c1ccccc1,3.9546770212133424
C[C@H](Nc1c(C(=O)NCc2ccc(F)cc2)nc(Br)c2cccnc12)c1ccccc1,3.9546770212133424
O=C(NCc1ccc(F)cc1)c1nc(Br)c2cccnc2c1NCc1ccccc1,4.0
O=C(NCc1ccc(F)cc1)c1nc(Br)c2cccnc2c1NCCO,4.0
CNc1c(C(=O)NCc2ccc(F)cc2)nc(Br)c2cccnc12,4.0
C[C@H](CO)Nc1nc(C(=O)NCc2ccc(F)cc2)c(O)c2ncccc12,5.161150909262744
C[C@@H](CO)Nc1nc(C(=O)NCc2ccc(F)cc2)c(O)c2ncccc12,5.107905397309519
O=C(NCc1ccc(F)cc1)c1nc(NCCO)c2cccnc2c1O,5.022276394711152
O=C(NCc1ccc(F)cc1)c1nc(NCCc2c[nH]c3ccccc23)c2cccnc2c1O,4.853871964321762
O=CNCCCCCCNc1nc(C(=O)NCc2ccc(F)cc2)c(O)c2ncccc12,5.221848749616356
CS(=O)(=O)NCCCCCCN(c1nc(C(=O)NCc2ccc(F)cc2)c(O)c2ncccc12)S(C)(=O)=O,4.958607314841775
CS(=O)(=O)NCCCN(c1nc(C(=O)NCc2ccc(F)cc2)c(O)c2ncccc12)S(C)(=O)=O,4.468521082957745
O=C(NCc1ccc(F)cc1)c1nc(N2CCCCS2(=O)=O)c2cccnc2c1O,4.958607314841775
Cc1ccc(S(=O)(=O)Oc2c(C(=O)NCc3ccc(F)cc3)nc(Br)c3cccnc23)cc1,3.9546770212133424
CS(=O)(=O)Oc1c(C(=O)NCc2ccc(F)cc2)nc(Br)c2cccnc12,3.9546770212133424
O=C(NCc1ccc(F)cc1)c1nc(Br)c2cccnc2c1O,4.853871964321762
Cc1nc2ccccc2c(-c2cc(F)c3c(c2C)CCCO3)c1[C@H](OC(C)(C)C)C(=O)O,7.721246399047171
CCCC(C(=O)O)c1c(C)nc2ccc(Cl)cc2c1-c1ccccc1,6.0
O=C(O)Cc1c(-c2ccccc2)c2cc(Cl)ccc2[nH]c1=O,4.933674074637962
O=C(/C=C/c1ccc(O)c(O)c1)O[C@H](Cc1ccc(O)c(O)c1)C(=O)O,6.259637310505756
CC1(C)CC[C@]2(C(=O)O)CC[C@]3(C)C(=CC[C@@H]4[C@@]5(C)CC[C@H](OCc6ccccc6)C(C)(C)[C@@H]5CC[C@]43C)[C@@H]2C1,6.154901959985743
CC1(C)CC[C@]2(C(=O)O)CC[C@]3(C)C(=CC[C@@H]4[C@@]5(C)CC[C@H](OC(=O)CC(C)(C)C(=O)O)C(C)(C)[C@@H]5CC[C@]43C)[C@@H]2C1,5.258848401148215
CC1(C)CC[C@]2(C(=O)O)CC[C@]3(C)C(=CC[C@@H]4[C@@]5(C)CC[C@H](OCc6cccc(C(=O)O)c6)C(C)(C)[C@@H]5CC[C@]43C)[C@@H]2C1,5.943095148663527
CC1(C)CC[C@]2(C(=O)O)CC[C@]3(C)C(=CC[C@@H]4[C@@]5(C)CC[C@H](OC(=O)C(=O)O)C(C)(C)[C@@H]5CC[C@]43C)[C@@H]2C1,5.002613615602686
COc1cccc(CC(NC(=O)CCCC[C@]23CCC(C)(C)C[C@H]2C2=CC[C@@H]4[C@@]5(C)CC[C@H](O)C(C)(C)[C@@H]5CC[C@@]4(C)[C@]2(C)CC3)C(=O)O)c1OC,5.492144128304169
COc1cc(CC(NC(=O)CCCC[C@]23CCC(C)(C)C[C@H]2C2=CC[C@@H]4[C@@]5(C)CC[C@H](O)C(C)(C)[C@@H]5CC[C@@]4(C)[C@]2(C)CC3)C(=O)O)cc(OC)c1,5.8996294548824375
COc1ccccc1CC(NC(=O)CCCC[C@]12CCC(C)(C)C[C@H]1C1=CC[C@@H]3[C@@]4(C)CC[C@H](O)C(C)(C)[C@@H]4CC[C@@]3(C)[C@]1(C)CC2)C(=O)O,5.341035157335565
CC1(C)CC[C@]2(CCCCC(=O)NC(Cc3ccccc3Cl)C(=O)O)CC[C@]3(C)C(=CC[C@@H]4[C@@]5(C)CC[C@H](O)C(C)(C)[C@@H]5CC[C@]43C)[C@@H]2C1,6.187086643357144
O=C(NCc1cccc([N+](=O)[O-])c1)c1ccc(OCc2ccccc2)cc1O,5.4156687756324695
O=C(/C=C/c1cccc(O)c1O)c1c(O)cc(O)cc1O,6.585026652029182
O=C(/C=C/c1cc(F)cc(F)c1)c1ccc(O)cc1O,5.756961951313706
O=C(/C=C/c1ccccc1Cl)c1ccc(O)cc1O,6.494850021680094
O=C(/C=C/c1cc(O)ccc1O)c1ccc(O)cc1O,5.422508200162775
O=C(/C=C/c1cccc(O)c1O)c1ccc(O)cc1O,5.769551078621726
O=C(/C=C/c1ccccc1O)c1c(O)cc(O)cc1O,5.20690839982342
O=C(/C=C/c1ccccc1O)c1cccc(O)c1O,5.79317412396815
CN(C)S(=O)(=O)c1ccc(-c2c(O)c(O)c3c(c2S(=O)(=O)N(C)C)CN(Cc2ccc(F)c(Cl)c2)C3=O)cc1,6.6020599913279625
CN(C)S(=O)(=O)c1c(O)c(O)c(O)c2c1CN(Cc1ccc(F)c(Cl)c1)C2=O,6.585026652029182
CC(C)c1c(O)c(O)c2c(c1S(=O)(=O)N1CCOCC1)CN(Cc1ccc(F)c(Cl)c1)C2=O,6.3872161432802645
CC(C)c1c(O)c(O)c2c(c1S(=O)(=O)N(C)C)CN(Cc1ccc(F)c(Cl)c1)C2=O,6.721246399047171
CCCCc1c(O)c(O)c2c(c1S(=O)(=O)N(C)C)CN(Cc1ccc(F)c(Cl)c1)C2=O,5.638272163982407
Cc1c(O)c(O)c2c(c1S(=O)(=O)N(C)C)CN(Cc1ccc(F)c(Cl)c1)C2=O,5.552841968657781
CN(CC(=O)O)S(=O)(=O)c1cc(O)c(O)c2c1CN(Cc1ccc(F)c(Cl)c1)C2=O,7.236572006437063
O=C(O)CNS(=O)(=O)c1cc(O)c(O)c2c1CN(Cc1ccc(F)c(Cl)c1)C2=O,7.096910013008056
O=C1c2c(O)c(O)cc(S(=O)(=O)N3CCOCC3)c2CN1Cc1ccc(F)c(Cl)c1,7.327902142064283
NCCN1CCN(S(=O)(=O)c2cc(O)c(O)c3c2CN(Cc2ccc(F)c(Cl)c2)C3=O)CC1,6.721246399047171
CN1CCN(S(=O)(=O)c2cc(O)c(O)c3c2CN(Cc2ccc(F)c(Cl)c2)C3=O)CC1,6.3979400086720375
O=C1c2c(O)c(O)cc(S(=O)(=O)NCc3ccccn3)c2CN1Cc1ccc(F)c(Cl)c1,6.431798275933005
O=C1c2c(O)c(O)cc(S(=O)(=O)NCCN3CCNCC3)c2CN1Cc1ccc(F)c(Cl)c1,6.508638306165727
O=C1c2c(O)c(O)cc(S(=O)(=O)NCCN3CCOCC3)c2CN1Cc1ccc(F)c(Cl)c1,6.494850021680094
CN(C)CCCNS(=O)(=O)c1cc(O)c(O)c2c1CN(Cc1ccc(F)c(Cl)c1)C2=O,6.619788758288394
O=C1c2c(O)c(O)cc(S(=O)(=O)NCCCBr)c2CN1Cc1ccc(F)c(Cl)c1,6.958607314841775
CCN(CC)S(=O)(=O)c1cc(O)c(O)c2c1CN(Cc1ccc(F)c(Cl)c1)C2=O,7.267606240177032
CNS(=O)(=O)c1cc(O)c(O)c2c1CN(Cc1ccc(F)c(Cl)c1)C2=O,6.920818753952375
CN(C)S(=O)(=O)c1ccc(-c2cc3c(c(O)c2O)C(=O)N(Cc2ccc(F)c(Cl)c2)C3)cc1,6.3979400086720375
O=C1c2c(cc(O)c(O)c2O)CN1Cc1ccc(F)c(Cl)c1,5.823908740944319
O=C1c2c(cc(-c3ccccc3)c(O)c2O)CN1Cc1ccc(F)c(Cl)c1,6.060480747381382
CC(C)c1cc2c(c(O)c1O)C(=O)N(Cc1ccc(F)c(Cl)c1)C2,5.267606240177032
CCCCc1cc2c(c(O)c1O)C(=O)N(Cc1ccc(F)c(Cl)c1)C2,5.167491087293763
CN(C)S(=O)(=O)c1ccc(-c2c(O)c(O)c3c(c2S(=O)(=O)N(C)C)CN(Cc2ccc(F)c(Cl)c2)C3=O)cc1,4.453457336521869
CN(C)S(=O)(=O)c1c(O)c(O)c(O)c2c1CN(Cc1ccc(F)c(Cl)c1)C2=O,5.119186407719209
CC(C)c1c(O)c(O)c2c(c1S(=O)(=O)N1CCOCC1)CN(Cc1ccc(F)c(Cl)c1)C2=O,3.9546770212133424
CC(C)c1c(O)c(O)c2c(c1S(=O)(=O)N(C)C)CN(Cc1ccc(F)c(Cl)c1)C2=O,3.9546770212133424
CCCCc1c(O)c(O)c2c(c1S(=O)(=O)N(C)C)CN(Cc1ccc(F)c(Cl)c1)C2=O,3.9546770212133424
Cc1c(O)c(O)c2c(c1S(=O)(=O)N(C)C)CN(Cc1ccc(F)c(Cl)c1)C2=O,4.303643611266668
CN(CC(=O)O)S(=O)(=O)c1cc(O)c(O)c2c1CN(Cc1ccc(F)c(Cl)c1)C2=O,5.161150909262744
O=C(O)CNS(=O)(=O)c1cc(O)c(O)c2c1CN(Cc1ccc(F)c(Cl)c1)C2=O,4.931814138253839
O=C1c2c(O)c(O)cc(S(=O)(=O)N3CCOCC3)c2CN1Cc1ccc(F)c(Cl)c1,5.167491087293763
NCCN1CCN(S(=O)(=O)c2cc(O)c(O)c3c2CN(Cc2ccc(F)c(Cl)c2)C3=O)CC1,4.673664139071248
CN1CCN(S(=O)(=O)c2cc(O)c(O)c3c2CN(Cc2ccc(F)c(Cl)c2)C3=O)CC1,4.638272163982407
O=C1c2c(O)c(O)cc(S(=O)(=O)NCc3ccccn3)c2CN1Cc1ccc(F)c(Cl)c1,4.638272163982407
O=C1c2c(O)c(O)cc(S(=O)(=O)NCCN3CCNCC3)c2CN1Cc1ccc(F)c(Cl)c1,4.714442690992226
O=C1c2c(O)c(O)cc(S(=O)(=O)NCCN3CCOCC3)c2CN1Cc1ccc(F)c(Cl)c1,4.519993057042849
CN(C)CCCNS(=O)(=O)c1cc(O)c(O)c2c1CN(Cc1ccc(F)c(Cl)c1)C2=O,4.798602875679548
O=C1c2c(O)c(O)cc(S(=O)(=O)NCCCBr)c2CN1Cc1ccc(F)c(Cl)c1,4.8326826652518236
CCN(CC)S(=O)(=O)c1cc(O)c(O)c2c1CN(Cc1ccc(F)c(Cl)c1)C2=O,5.022276394711152
CNS(=O)(=O)c1cc(O)c(O)c2c1CN(Cc1ccc(F)c(Cl)c1)C2=O,4.756961951313706
CN(C)S(=O)(=O)c1ccc(-c2cc3c(c(O)c2O)C(=O)N(Cc2ccc(F)c(Cl)c2)C3)cc1,3.9546770212133424
O=C1c2c(cc(O)c(O)c2O)CN1Cc1ccc(F)c(Cl)c1,4.443697499232712
O=C1c2c(cc(-c3ccccc3)c(O)c2O)CN1Cc1ccc(F)c(Cl)c1,3.9546770212133424
CC(C)c1cc2c(c(O)c1O)C(=O)N(Cc1ccc(F)c(Cl)c1)C2,3.9546770212133424
CCCCc1cc2c(c(O)c1O)C(=O)N(Cc1ccc(F)c(Cl)c1)C2,3.9546770212133424
Cc1cc2c(c(O)c1O)C(=O)N(Cc1ccc(F)c(Cl)c1)C2,3.9546770212133424
Cc1cc2c(c(O)c1O)C(=O)N(Cc1ccc(F)c(Cl)c1)C2,4.939302159646388
O=C(Nc1ccc(O)cc1)C(=S)NN1C(=O)/C(=C\c2cc(I)cc(I)c2O)SC1=S,5.522878745280337
O=C(Nc1ccc(O)cc1)C(=S)NN1C(=O)/C(=C\c2cc(I)cc(I)c2O)SC1=S,5.154901959985743
COc1ccccc1Cn1cc(C(=O)/C=C(\O)C(=O)O)c(=O)c2ccccc21,0.6139999999953244
COc1ccccc1Cn1cc(C(=O)/C=C(\O)C(=O)O)c(=O)c2ccccc21,1.4200000000234871
CCOC(=O)/C(O)=C/C(=O)c1cn(Cc2ccccc2OC)c2ccccc2c1=O,2.5220000003797063
COc1cc(NC(C)CCCN)c2ncccc2c1,-3.699999999999999
COc1cccc(Cn2cc(C(=O)/C=C(\O)C(=O)O)c(=O)c3ccccc32)c1,0.6139999999953244
CCOC(=O)/C(O)=C/C(=O)c1cn(Cc2cccc(OC)c2)c2ccccc2c1=O,2.5220000003797063
O=C(O)/C(O)=C/C(=O)c1cn(Cc2c(F)cccc2F)c2ccccc2c1=O,0.1539999999999822
CCOC(=O)/C(O)=C/C(=O)c1cn(Cc2c(F)cccc2F)c2ccccc2c1=O,1.0890000000111089
O=C(O)/C(O)=C/C(=O)c1cn(Cc2cccc(F)c2)c2ccccc2c1=O,0.3420000000000464
CCOC(=O)/C(O)=C/C(=O)c1cn(Cc2cccc(F)c2)c2ccccc2c1=O,2.0
O=C(O)/C(O)=C/C(=O)c1ccc2c(c1)c(=O)c(C(=O)O)cn2Cc1ccc(F)cc1,1.2549999999768782
O=C(O)/C(O)=C/C(=O)c1ccc2c(c1)c(=O)c(C(=O)/C=C(\O)C(=O)O)cn2-c1ccccc1,0.6979999999924517
CCOC(=O)/C(O)=C/C(=O)c1ccc2c(c1)c(=O)c(C(=O)/C=C(\O)C(=O)OCC)cn2-c1ccccc1,1.601999999947272
O=C(O)/C(O)=C/C(=O)c1ccc2[nH]cc(C(=O)/C=C(\O)C(=O)O)c(=O)c2c1,0.6139999999953244
CCOC(=O)/C(O)=C/C(=O)c1ccc2[nH]cc(C(=O)/C=C(\O)C(=O)OCC)c(=O)c2c1,2.5220000003797063
Cc1cccc(/C=C/c2ccc3ccc(C(=O)O)c(O)c3n2)c1C,0.4472999999988021
O=C(/C=C(\O)C(=O)O)C1=CC(Cc2ccc(F)cc2)c2ccc(C(=O)/C=C(/O)C(=O)O)cc2C1=O,0.35599999999660226
CCN(CC)CCCC(C)Nc1ccnc2cc(Cl)ccc12,-3.6099999999999994
O=C(O)c1ccc2ccc(/C=C/c3ccc(O)c(O)c3)nc2c1O,-3.789999999999999
C/C(CC1C=Cc2ccc(C(=O)O)c(O)c2N1)=C1/C=CC(=O)C(O)=C1,2.142000000110153
COc1cccc(Cn2cc(C(=O)/C=C(\O)C(=O)O)c(=O)c3ccccc32)c1,0.8535999999859202
CCOC(=O)/C(O)=C/C(=O)c1cn(Cc2cccc(OC)c2)c2ccccc2c1=O,-1.2040000000000899
O=C(O)/C(O)=C/C(=O)c1cn(Cc2c(F)cccc2F)c2ccccc2c1=O,1.7211999999033758
CCOC(=O)/C(O)=C/C(=O)c1cn(Cc2c(F)cccc2F)c2ccccc2c1=O,0.6019999999993801
O=C(O)/C(O)=C/C(=O)c1cn(Cc2cccc(F)c2)c2ccccc2c1=O,1.5040000000437423
CCOC(=O)/C(O)=C/C(=O)c1cn(Cc2cccc(F)c2)c2ccccc2c1=O,0.48669999999858804
O=C(O)/C(O)=C/C(=O)c1ccc2c(c1)c(=O)c(C(=O)O)cn2Cc1ccc(F)cc1,-0.03740000000116865
O=C(O)/C(O)=C/C(=O)c1ccc2c(c1)c(=O)c(C(=O)/C=C(\O)C(=O)O)cn2-c1ccccc1,1.920800000073923
O=C(O)/C(O)=C/C(=O)c1ccc2[nH]cc(C(=O)/C=C(\O)C(=O)O)c(=O)c2c1,0.3664000000021569
CCOC(=O)/C(O)=C/C(=O)c1ccc2[nH]cc(C(=O)/C=C(\O)C(=O)OCC)c(=O)c2c1,-1.9029999999999847
Cc1cccc(/C=C/c2ccc3ccc(C(=O)O)c(O)c3n2)c1C,1.2174000000334546
O=C(/C=C(\O)C(=O)O)C1=CC(Cc2ccc(F)cc2)c2ccc(C(=O)/C=C(/O)C(=O)O)cc2C1=O,1.794999999916037
CC[C@@H](CO)n1cc(CO)c(=O)c2cc(Cc3ccccc3F)c(OC)cc21,2.1426000001506464
CC(C)[C@@H](CO)n1cc(C(=O)O)c(=O)c2cc(Cc3cccc(Cl)c3F)ccc21,2.086000000174606
COc1cc2c(cc1Cc1cccc(Cl)c1F)c(=O)c(C(=O)O)cn2CCO,2.0400000001694822
O=C(O)c1cn(CCO)c2ccc(Cc3cccc(Cl)c3F)cc2c1=O,1.616100000066787
O=C(O)c1c[nH]c2ccc(Cc3cccc(Cl)c3F)cc2c1=O,1.3609999999856088
O=C(O)c1cnc2ccc(Cc3ccccc3)cc2c1O,-0.20410000000038034
O=c1oc2ccccc2c(O)c1C1c2c(c3ccccc3oc2=O)Oc2c1c(=O)oc1ccccc21,1.351999999969827
O=c1oc2ccccc2c(O)c1C1c2ccccc2Oc2c1c(=O)oc1ccccc21,2.0800000000536083
O=c1oc2ccccc2c(O)c1C(c1cccc(C(c2c(O)c3ccccc3oc2=O)c2c(O)c3ccccc3oc2=O)c1)c1c(O)c2ccccc2oc1=O,0.07899999999980946
O=c1oc2ccccc2c(O)c1Cc1ccc(Cc2c(O)c3ccccc3oc2=O)cc1,1.8399999999236618
O=c1oc2ccccc2c(O)c1-c1cccc(-c2c(O)c3ccccc3oc2=O)c1,1.0399999999790044
O=c1oc2ccccc2c(O)c1-c1ccccc1-c1c(O)c2ccccc2oc1=O,1.3099999999720207
O=c1oc2cc(O)ccc2c(O)c1C(c1ccc(CCc2ccccc2)cc1)c1c(O)c2ccc(O)cc2oc1=O,0.25500000000031525
O=c1oc2cc(O)ccc2c(O)c1C(c1ccc2c(c1)CC=CC2)c1c(O)c2ccc(O)cc2oc1=O,0.5439999999961924
O=c1oc2cc(O)ccc2c(O)c1C(c1cccnc1)c1c(O)c2ccc(O)cc2oc1=O,1.3979999999577564
O=c1oc2cc(O)ccc2c(O)c1C(c1ccccn1)c1c(O)c2ccc(O)cc2oc1=O,1.6899999999297062
O=c1oc2cc(O)ccc2c(O)c1C(c1ccc(C(c2c(O)c3ccc(O)cc3oc2=O)c2c(O)c3ccc(O)cc3oc2=O)cc1)c1c(O)c2ccc(O)cc2oc1=O,0.4809999999958128
O=c1oc2cc(O)ccc2c(O)c1C(c1ccccc1)c1c(O)c2ccc(O)cc2oc1=O,1.3460000000399406
O=c1oc2cc(O)ccc2c(O)c1Cc1c(O)c2ccc(O)cc2oc1=O,1.6520000000526789
O=c1oc2ccccc2c(O)c1C(c1ccc(OCc2ccccc2)c(OCc2ccccc2)c1)c1c(O)c2ccccc2oc1=O,1.0790000000102282
O=c1oc2ccccc2c(O)c1C(c1ccc(OCc2ccccc2)cc1)c1c(O)c2ccccc2oc1=O,1.145999999985116
O=c1oc2ccccc2c(O)c1C(c1ccc(/C=C/c2ccccc2)cc1)c1c(O)c2ccccc2oc1=O,0.5680000000014204
O=c1oc2ccccc2c(O)c1C(c1ccc2c(c1)Cc1ccccc1-2)c1c(O)c2ccccc2oc1=O,0.9780000000095874
O=c1oc2ccccc2c(O)c1C(c1ccc(-c2ccccc2)cc1)c1c(O)c2ccccc2oc1=O,1.113999999992439
O=c1oc2ccccc2c(O)c1C(c1ccc2c(c1)CC=CC2)c1c(O)c2ccccc2oc1=O,1.2039999999831095
O=c1oc2ccccc2c(O)c1C(c1cnc2c(c1)CC=CC2)c1c(O)c2ccccc2oc1=O,1.3619999999715855
O=c1oc2ccccc2c(O)c1C(c1ccco1)c1c(O)c2ccccc2oc1=O,2.120000000016708
O=c1oc2ccccc2c(O)c1C(c1cccs1)c1c(O)c2ccccc2oc1=O,2.1700000002517967
O=C(O)c1ccc(C(c2c(O)c3ccccc3oc2=O)c2c(O)c3ccccc3oc2=O)cc1,1.732000000097193
O=c1oc2ccccc2c(O)c1C(c1ccc([N+](=O)[O-])cc1)c1c(O)c2ccccc2oc1=O,1.0790000000102282
CN(C)c1ccc(C(c2c(O)c3ccccc3oc2=O)c2c(O)c3ccccc3oc2=O)cc1,1.6899999999297062
COc1cc(C(c2c(O)c3ccccc3oc2=O)c2c(O)c3ccccc3oc2=O)ccc1O,1.87999999985386
O=c1oc2ccccc2c(O)c1C(c1ccc(O)cc1)c1c(O)c2ccccc2oc1=O,1.8699999998685342
O=c1oc2ccccc2c(O)c1C(c1ccccc1)c1c(O)c2ccccc2oc1=O,1.579999999982726
CCn1cc(C(=O)CC(=O)C(=O)OC)c2ccccc21,1.4150000000512148
COC(=O)C(=O)CC(=O)c1cn(C)c2cc3c(cc12)OCO3,1.7779999998830582
CCn1c(C(=O)CC(=O)C(=O)OC)cc2cc3c(cc21)OCO3,1.813000000085561
COC(=O)C(=O)CC(=O)c1cc2cc3c(cc2n1C)OCO3,1.6989999999202459
COC(=O)C(=O)CC(=O)c1cc2ccccc2n1C,1.652999999931906
O=C(O)/C(O)=C/C(=O)c1cn(Cc2ccccc2)c2ccccc12,-0.0
CCn1cc(C(=O)/C=C(\O)C(=O)O)c2cc3c(cc21)OCO3,0.47700000000421355
CCn1cc(C(=O)/C=C(\O)C(=O)O)c2ccccc21,0.47700000000421355
Cn1cc(C(=O)/C=C(\O)C(=O)O)c2cc3c(cc21)OCO3,0.47700000000421355
Cn1cc(C(=O)/C=C(\O)C(=O)O)c2ccccc21,0.3009999999973757
O=C(O)/C(O)=C/C(=O)c1cc2cc3c(cc2n1Cc1ccccc1)OCO3,0.3009999999973757
O=C(O)/C(O)=C/C(=O)c1cc2ccccc2n1Cc1ccccc1,-0.0
CCn1c(C(=O)/C=C(\O)C(=O)O)cc2cc3c(cc21)OCO3,0.6990000000071107
CCn1c(C(=O)/C=C(\O)C(=O)O)cc2ccccc21,0.20399999999700302
Cn1c(C(=O)/C=C(\O)C(=O)O)cc2cc3c(cc21)OCO3,0.3009999999973757
Cn1c(C(=O)/C=C(\O)C(=O)O)cc2ccccc21,0.7779999999872526
Cc1cccc(NS(=O)(=O)c2cccc3c(NC(=O)/C=C/c4ccc(O)c(O)c4)cccc23)c1C,1.2966999999744733
Cc1ccccc1NS(=O)(=O)c1cccc2c(NC(=O)/C=C/c3ccc(O)c(O)c3)cccc12,2.0
O=C(/C=C/c1ccc(O)c(O)c1)Nc1cccc2c(S(=O)(=O)Nc3cccc([N+](=O)[O-])c3)cccc12,1.3096000000320414
Cc1ccc(NS(=O)(=O)c2cccc3c(NC(=O)/C=C/c4ccc(O)c(O)c4)cccc23)cc1,2.0
O=C(/C=C/c1ccc(O)c(O)c1)Nc1cccc2c(S(=O)(=O)Nc3ccc(Br)cc3)cccc12,1.2855999999765224
O=C(/C=C/c1ccc(O)c(O)c1)Nc1cccc2c(S(=O)(=O)Nc3ccc(Cl)cc3)cccc12,2.0
O=C(/C=C/c1ccc(O)c(O)c1)Nc1cccc2c(S(=O)(=O)Nc3ccc(F)cc3)cccc12,2.0
O=C(/C=C/c1ccc(O)c(O)c1)Nc1cccc2c(S(=O)(=O)NCCc3ccccc3)cccc12,2.0
O=C(/C=C/c1ccc(O)c(O)c1)Nc1cccc2c(S(=O)(=O)NCc3ccccc3)cccc12,1.2899999999926877
O=C(/C=C/c1ccc(O)c(O)c1)Nc1cccc2c(S(=O)(=O)Nc3ccccc3)cccc12,2.0
CC(=O)Oc1ccc(/C=C/C(=O)Nc2cccc3c(S(=O)(=O)Nc4cccc(C)c4C)cccc23)cc1OC(C)=O,1.3096000000320414
CC(=O)Oc1ccc(/C=C/C(=O)Nc2cccc3c(S(=O)(=O)Nc4ccccc4C)cccc23)cc1OC(C)=O,2.0
CC(=O)Oc1ccc(/C=C/C(=O)Nc2cccc3c(S(=O)(=O)Nc4cccc([N+](=O)[O-])c4)cccc23)cc1OC(C)=O,0.8976000000000838
CC(=O)Oc1ccc(/C=C/C(=O)Nc2cccc3c(S(=O)(=O)Nc4ccc(C)cc4)cccc23)cc1OC(C)=O,1.3908999999740768
CC(=O)Oc1ccc(/C=C/C(=O)Nc2cccc3c(S(=O)(=O)Nc4ccc(Br)cc4)cccc23)cc1OC(C)=O,0.6532000000055117
CC(=O)Oc1ccc(/C=C/C(=O)Nc2cccc3c(S(=O)(=O)Nc4ccc(Cl)cc4)cccc23)cc1OC(C)=O,1.0754999999999688
CC(=O)Oc1ccc(/C=C/C(=O)Nc2cccc3c(S(=O)(=O)Nc4ccc(F)cc4)cccc23)cc1OC(C)=O,0.934500000001253
CC(=O)Oc1ccc(/C=C/C(=O)Nc2cccc3c(S(=O)(=O)NCCc4ccccc4)cccc23)cc1OC(C)=O,2.0
CC(=O)Oc1ccc(/C=C/C(=O)Nc2cccc3c(S(=O)(=O)NCc4ccccc4)cccc23)cc1OC(C)=O,1.0863999999903804
CC(=O)Oc1ccc(/C=C/C(=O)Nc2cccc3c(S(=O)(=O)Nc4ccccc4)cccc23)cc1OC(C)=O,2.0
COc1ccc(C(=O)C2=NS(=O)(=O)c3cc(C)c(Cl)cc3S2)cc1,4.920818753952375
Cc1cc(S(=O)(=O)Nc2nc3cc(-c4ccsc4)sc3c(=O)n2Cc2ccco2)c(S)cc1Cl,5.221848749616356
CC(C)c1nc(C(=O)NCc2ccc(F)cc2)c(O)c(=O)n1C,6.853871964321762
Cc1cc2c(cc1Cl)SC(C(=O)c1ccc(F)cc1)=NS2(=O)=O,4.376750709602099
Cc1cc(S(=O)(=O)Nc2nc3cc(C(C)(C)C)sc3c(=O)n2Cc2ccccc2)c(S)cc1Cl,5.3979400086720375
O=C(Oc1ccc(/C=C/S(=O)(=O)CS(=O)(=O)/C=C/c2ccc(OC(=O)c3ccccc3)c(OC(=O)c3ccccc3)c2)cc1OC(=O)c1ccccc1)c1ccccc1,3.154901959985743
O=S(=O)(/C=C/c1ccc(O)c(O)c1O)CS(=O)(=O)/C=C/c1ccc(O)c(O)c1O,6.045757490560675
CCCCn1cnnc1NS(=O)(=O)c1cc(C(N)=O)c(Cl)cc1SCC(=O)O,3.379999357699932
Cc1ccc(-n2ncnc2-c2nc3ccccc3nc2NS(=O)(=O)c2cc(C(=O)Nc3ccccc3)c(Cl)cc2S)cc1,5.0
NNS(=O)(=O)c1cccc(OCC(=O)O)c1,5.060480747381382
Cc1cc(S(=O)(=O)Nc2nnc3c4scc(C)c4ncn23)c(S)cc1Cl,5.370590400897281
Cc1cc(S(=O)(=O)NC2=NCCCN2)c(S)cc1Cl,3.8400119496180127
COc1ccc(/C=C/C(=O)c2cc(Br)cc(C(=O)O)c2O)cc1OC1CCCC1,4.259637310505756
CC(C)Cn1cnnc1NS(=O)(=O)c1cc(C(=O)Nc2ccc(Cl)cc2)c(Cl)cc1S,4.400007822415902
CC(=O)C1(/N=N/c2ccc(S(=O)(=O)Nc3nnc(C)s3)cc2)CCOC1=O,3.7499949715131042
O=C1NC(=S)SC1NS(=O)(=O)c1ccc(/N=N/c2ncccn2)cc1,4.850165303284215
Cc1cc2nc3nc(N)nc(NS(=O)(=O)c4cc(C)c(Cl)cc4S)n3c2cc1C,5.130181792020672
O=C(/C=C(\O)c1nc[nH]n1)c1ccc(Cc2ccc(F)cc2)o1,6.221848749616356
O=C(O)c1cc(Cl)cc(C(=O)/C=C/c2cccc(Cl)c2Cl)c1O,4.036212172654444
CN(CCNC(=O)c1c(O)c2ncc(Cc3ccc(F)cc3)cc2n(C)c1=O)S(C)(=O)=O,8.301029995663981
CC(=O)NCCNC(=O)c1c(O)c2ncc(Cc3ccc(F)cc3)cc2n(C)c1=O,8.301029995663981
Cn1c(=O)c(C(=O)NCCN2CCNC2=O)c(O)c2ncc(Cc3ccc(F)cc3)cc21,8.301029995663981
Cn1c(=O)c(C(=O)NCCN2CCOCC2)c(O)c2ncc(Cc3ccc(F)cc3)cc21,7.886056647693163
Cn1c(=O)c(C(=O)NCCCN2CCCC2=O)c(O)c2ncc(Cc3ccc(F)cc3)cc21,7.795880017344075
Cn1c(=O)c(C(=O)NCCCN2CCCC2)c(O)c2ncc(Cc3ccc(F)cc3)cc21,8.221848749616356
C[C@H](CO)CNC(=O)c1c(O)c2ncc(Cc3ccc(F)cc3)cc2n(C)c1=O,8.397940008672037
C[C@@H](CO)CNC(=O)c1c(O)c2ncc(Cc3ccc(F)cc3)cc2n(C)c1=O,8.522878745280337
C[C@H](O)CNC(=O)c1c(O)c2ncc(Cc3ccc(F)cc3)cc2n(C)c1=O,8.698970004336019
Cn1c(=O)c(C(=O)NC2(CO)CCCC2)c(O)c2ncc(Cc3ccc(F)cc3)cc21,8.154901959985743
Cn1c(=O)c(C(=O)NC(C)(C)CO)c(O)c2ncc(Cc3ccc(F)cc3)cc21,8.221848749616356
C[C@@H](CO)NC(=O)c1c(O)c2ncc(Cc3ccc(F)cc3)cc2n(C)c1=O,8.397940008672037
C[C@H](CO)NC(=O)c1c(O)c2ncc(Cc3ccc(F)cc3)cc2n(C)c1=O,8.096910013008056
Cn1c(=O)c(C(=O)NCCCO)c(O)c2ncc(Cc3ccc(F)cc3)cc21,8.301029995663981
Cn1c(=O)c(C(=O)NCCO)c(O)c2ncc(Cc3ccc(F)cc3)cc21,8.096910013008056
COCCNC(=O)c1c(O)c2ncc(Cc3ccc(F)cc3)cc2n(C)c1=O,8.397940008672037
Cn1c(=O)c(C(=O)NCC(F)F)c(O)c2ncc(Cc3ccc(F)cc3)cc21,8.301029995663981
CCNC(=O)c1c(O)c2ncc(Cc3ccc(F)cc3)cc2n(C)c1=O,8.397940008672037
CNC(=O)c1c(O)c2ncc(Cc3ccc(F)cc3)cc2n(C)c1=O,8.397940008672037
CC(C)(CO)CNC(=O)c1c(O)c2ncc(Cc3ccc(F)cc3)cc2[nH]c1=O,8.397940008672037
C[C@@H](O)CNC(=O)c1c(O)c2ncc(Cc3ccc(F)cc3)cc2[nH]c1=O,8.221848749616356
C[C@H](O)CNC(=O)c1c(O)c2ncc(Cc3ccc(F)cc3)cc2[nH]c1=O,8.522878745280337
CC(C)(CO)NC(=O)c1c(O)c2ncc(Cc3ccc(F)cc3)cc2[nH]c1=O,8.522878745280337
C[C@@H](CO)NC(=O)c1c(O)c2ncc(Cc3ccc(F)cc3)cc2[nH]c1=O,8.397940008672037
C[C@H](CO)NC(=O)c1c(O)c2ncc(Cc3ccc(F)cc3)cc2[nH]c1=O,8.301029995663981
CSCCNC(=O)c1c(O)c2ncc(Cc3ccc(F)cc3)cc2[nH]c1=O,8.301029995663981
O=C(NC1CCS(=O)(=O)CC1)c1c(O)c2ncc(Cc3ccc(F)cc3)cc2[nH]c1=O,8.045757490560675
CN(CCNC(=O)c1c(O)c2ncc(Cc3ccc(F)cc3)cc2[nH]c1=O)S(C)(=O)=O,8.397940008672037
CN1CCN(CCCNC(=O)c2c(O)c3ncc(Cc4ccc(F)cc4)cc3[nH]c2=O)CC1,7.958607314841775
O=C(NCCCN1CCOCC1)c1c(O)c2ncc(Cc3ccc(F)cc3)cc2[nH]c1=O,8.096910013008056
O=C(NCCN1CCOCC1)c1c(O)c2ncc(Cc3ccc(F)cc3)cc2[nH]c1=O,8.154901959985743
O=C(NCCCN1CCCC1=O)c1c(O)c2ncc(Cc3ccc(F)cc3)cc2[nH]c1=O,8.397940008672037
O=C(NCCCN1CCCC1)c1c(O)c2ncc(Cc3ccc(F)cc3)cc2[nH]c1=O,7.638272163982407
O=C(NCCN1CCCCC1)c1c(O)c2ncc(Cc3ccc(F)cc3)cc2[nH]c1=O,7.853871964321762
O=C(NCCCO)c1c(O)c2ncc(Cc3ccc(F)cc3)cc2[nH]c1=O,7.958607314841775
O=C(NCCO)c1c(O)c2ncc(Cc3ccc(F)cc3)cc2[nH]c1=O,8.301029995663981
CC(C)OCCCNC(=O)c1c(O)c2ncc(Cc3ccc(F)cc3)cc2[nH]c1=O,8.045757490560675
CCOCCNC(=O)c1c(O)c2ncc(Cc3ccc(F)cc3)cc2[nH]c1=O,8.045757490560675
COCCNC(=O)c1c(O)c2ncc(Cc3ccc(F)cc3)cc2[nH]c1=O,8.301029995663981
CC(C)CCNC(=O)c1c(O)c2ncc(Cc3ccc(F)cc3)cc2[nH]c1=O,8.301029995663981
CNC(=O)c1c(O)c2ncc(Cc3ccc(F)cc3)cc2[nH]c1=O,8.221848749616356
NC(=O)c1c(O)c2ncc(Cc3ccc(F)cc3)cc2[nH]c1=O,7.346787486224656
C=CC/N=c1/scc(-c2ccccc2Br)n1/N=C/c1ccccn1,4.0
CC/N=c1/scc(-c2cc(OC)ccc2OC)n1/N=C(\C)c1ccco1,4.0
COCC/N=c1/scc(-c2cccs2)n1/N=C/c1cc(Br)c(O)c(OC)c1,4.0
COc1ccccc1N1CCN(/N=C/c2ccc(Cl)c([N+](=O)[O-])c2)CC1,4.0
Cn1cccc1/C=N/N1CCN(Cc2ccccc2)CC1,4.0
C/C(=N\N1CCN(Cc2ccccc2Cl)CC1)c1ccc([N+](=O)[O-])cc1,4.0
FC(F)(F)c1ccccc1/C=N/N1CCN(Cc2ccccc2)CC1,4.0
Cc1ccc(N/N=C2\Sc3ccccc3C2=O)cc1,4.0
CC(=O)c1ccc(/N=N/c2ccc(C[P+](c3ccccc3)(c3ccccc3)c3ccccc3)cc2)cc1.[Br-],4.0
CN(C)c1ccc(/N=N/c2ccc(Cl)cc2)cc1,4.0
c1ccc(/N=N/C(=N/Nc2ccccc2)c2ccccc2)cc1,4.0
CCN(CC)c1ccc(/C=C2\CCC(/C=N/N=C/c3cccnc3)=C2N2CCOCC2)cc1,4.0
COc1cc(/C=N/Nc2ccc(S(=O)(=O)Nc3ccccc3C(=O)O)cc2[N+](=O)[O-])ccc1O,4.0
COc1ccccc1NS(=O)(=O)c1ccc(N/N=C(\C)c2ccccc2Br)c([N+](=O)[O-])c1,4.0
C/C(=N\Nc1ccc(S(=O)(=O)Nc2ccccc2)cc1[N+](=O)[O-])c1cc(O)ccc1O,4.0
Oc1ccc(Br)cc1/C=N/Nc1cccc2cccnc12,4.0
Cc1nnc(NN)c2c1[nH]c1ccccc12,4.0
O=C(COc1ccc(Cl)cc1Cl)N/N=C/c1cc(Br)ccc1O,4.0
COc1ccc(O)c(/C=N/NC(=O)c2sc3ccccc3c2O)c1,4.0
O=C(N/N=C/c1c(O)ccc2ccccc12)c1cc[nH]n1,4.0
O=C(N/N=C/c1c(O)ccc2ccccc12)c1n[nH]c2c1CCC2,4.0
CCOc1cccc(/C=N/NC(=O)c2n[nH]c3c2CCC3)c1O,4.0
COc1ccc(OC)c(/C=N/NC(=O)c2n[nH]c3c2CCC3)c1,4.0
O=C(N/N=C/c1c(O)ccc2ccccc12)c1ccncc1,4.0
O=C(N/N=C/c1ccc(Cl)cc1Cl)c1cnccn1,4.0
O=C(N/N=C/c1ccccc1O)c1cnccn1,4.0
O=C(N/N=C/c1cc(Br)ccc1O)c1cccnc1,4.0
O=C(N/N=C/c1ccc(O)cc1O)c1ccncc1,4.0
COc1c(Cl)cc(Cl)cc1/C=N/NC(=O)c1ccncc1,4.0
C=CC/N=c1/scc(-c2ccccc2Br)n1/N=C/c1ccccn1,4.0
CC/N=c1/scc(-c2cc(OC)ccc2OC)n1/N=C(\C)c1ccco1,4.0
COCC/N=c1/scc(-c2cccs2)n1/N=C/c1cc(Br)c(O)c(OC)c1,4.0
COc1ccccc1N1CCN(/N=C/c2ccc(Cl)c([N+](=O)[O-])c2)CC1,4.0
Cn1cccc1/C=N/N1CCN(Cc2ccccc2)CC1,4.0
C/C(=N\N1CCN(Cc2ccccc2Cl)CC1)c1ccc([N+](=O)[O-])cc1,4.0
FC(F)(F)c1ccccc1/C=N/N1CCN(Cc2ccccc2)CC1,4.0
Cc1ccc(N/N=C2\Sc3ccccc3C2=O)cc1,4.0
O=C1C(O)=Cc2ccccc2/C1=N\Nc1ccc(Cl)cc1,4.0
CC(=O)c1ccc(/N=N/c2ccc(C[P+](c3ccccc3)(c3ccccc3)c3ccccc3)cc2)cc1.[Br-],4.0
CN(C)c1ccc(/N=N/c2ccc(Cl)cc2)cc1,4.0
c1ccc(/N=N/C(=N/Nc2ccccc2)c2ccccc2)cc1,4.0
CCN(CC)c1ccc(/C=C2\CCC(/C=N/N=C/c3cccnc3)=C2N2CCOCC2)cc1,4.0
COc1cc(/C=N/Nc2ccc(S(=O)(=O)Nc3ccccc3C(=O)O)cc2[N+](=O)[O-])ccc1O,4.0
COc1ccccc1NS(=O)(=O)c1ccc(N/N=C(\C)c2ccccc2Br)c([N+](=O)[O-])c1,4.0
C/C(=N\Nc1ccc(S(=O)(=O)Nc2ccccc2)cc1[N+](=O)[O-])c1cc(O)ccc1O,4.0
Oc1ccc(Br)cc1/C=N/Nc1cccc2cccnc12,4.0
Cc1nnc(NN)c2c1[nH]c1ccccc12,4.0
O=C(COc1ccc(Cl)cc1Cl)N/N=C/c1cc(Br)ccc1O,4.0
COc1ccc(O)c(/C=N/NC(=O)c2sc3ccccc3c2O)c1,4.0
O=C(N/N=C/c1c(O)ccc2ccccc12)c1cc[nH]n1,4.0
O=C(N/N=C/c1c(O)ccc2ccccc12)c1n[nH]c2c1CCC2,4.0
CCOc1cccc(/C=N/NC(=O)c2n[nH]c3c2CCC3)c1O,4.0
COc1ccc(OC)c(/C=N/NC(=O)c2n[nH]c3c2CCC3)c1,4.0
O=C(N/N=C/c1c(O)ccc2ccccc12)c1ccncc1,4.0
O=C(N/N=C/c1ccc(Cl)cc1Cl)c1cnccn1,4.0
O=C(N/N=C/c1ccccc1O)c1cnccn1,4.0
O=C(N/N=C/c1cc(Br)ccc1O)c1cccnc1,4.0
O=C(N/N=C/c1ccc(O)cc1O)c1ccncc1,4.0
COc1c(Cl)cc(Cl)cc1/C=N/NC(=O)c1ccncc1,4.0
CCNc1nc(NCC)nc(C(=O)NN)n1,4.0
CCNc1nc(NCC)nc(C(=O)NN)n1,4.0
O=C1C(O)=Cc2ccccc2/C1=N\Nc1ccc(Cl)cc1,4.0
O=C(CP(=O)(c1ccccc1)c1ccccc1)N/N=C/c1cc(Br)cc(Br)c1O,4.0
O=C(CP(=O)(c1ccccc1)c1ccccc1)N/N=C/c1cc(Br)cc(Br)c1O,4.0
COCCN1C(=O)/C(=C\NNC(=O)c2cc(Cl)ccc2O)C(=O)NC1=S,4.045757490560675
Cc1occc1C(=O)NN/C=C1/C(=O)N(c2ccccc2Cl)C(=O)c2ccccc21,4.045757490560675
COCCN1C(=O)/C(=C\NNC(=O)c2cc(Cl)ccc2O)C(=O)NC1=S,4.096910013008056
Cc1sc2ncnc(N/N=C/c3c(O)ccc4ccccc34)c2c1C,4.113509274827518
Cc1occc1C(=O)NN/C=C1/C(=O)N(c2ccccc2Cl)C(=O)c2ccccc21,4.1249387366083
Oc1ccc(/C=N/N2CCN(c3ccccc3)CC2)cc1O,4.161150909262744
Cc1sc2ncnc(N/N=C/c3c(O)ccc4ccccc34)c2c1C,4.2839966563652006
Oc1ccc(/C=N/N2CCN(c3ccccc3)CC2)cc1O,4.508638306165727
O=C(N/N=C/c1cc(Br)ccc1O)C1=NNC2CCCCC12,4.5376020021010435
COc1cc(Br)cc(/C=N/NC(=O)c2ccccn2)c1O,4.769551078621726
O=C(N/N=C/c1cc(Br)ccc1O)C1=NNC2CCCCC12,4.823908740944319
COc1cc(Br)cc(/C=N/NC(=O)c2ccccn2)c1O,4.886056647693163
O=C(CC(Sc1cccc2cccnc12)c1ccc(F)cc1)c1cccs1,4.698970004336019
O=C(CC(Sc1cccc2cccnc12)c1ccc(OC(F)F)cc1)c1ccco1,4.698970004336019
Cc1ccc(S(=O)(=O)NC(=O)Oc2cccc3cccnc23)cc1,4.698970004336019
Oc1ccc(CN2CCN(Cc3ccccc3)CC2)c2cccnc12,4.698970004336019
CCOC(=O)C1CCN(Cc2ccc(O)c3ncccc23)CC1,4.698970004336019
Oc1ccc(CN2CCN(c3ccccc3)CC2)c2cccnc12,4.698970004336019
CCOC(=O)C1CCCN(Cc2ccc(O)c3ncccc23)C1,4.698970004336019
Oc1ccc(CN2CCN(c3ccccn3)CC2)c2cccnc12,4.698970004336019
CCOC(=O)N1CCN(Cc2ccc(O)c3ncccc23)CC1,4.698970004336019
CCN1CCN(Cc2ccc(O)c3ncccc23)CC1,4.698970004336019
CN1CCN(Cc2ccc(O)c3ncccc23)CC1,4.698970004336019
Oc1ccc(CN2CCCCC2)c2cccnc12,4.698970004336019
Oc1ccc(CNc2ccccc2Cl)c2cccnc12,4.698970004336019
Cc1ccc(NCc2ccc(O)c3ncccc23)cc1C,4.698970004336019
CCOc1ccc(NCc2ccc(O)c3ncccc23)cc1,4.698970004336019
Cc1cccc(NCc2ccc(O)c3ncccc23)c1,4.698970004336019
Oc1ccc(CNc2ccccc2F)c2cccnc12,4.698970004336019
Cc1cccnc1NCc1ccc(O)c2ncccc12,4.698970004336019
Cc1ccc(NCc2ccc(O)c3ncccc23)cc1,4.698970004336019
COc1cccc(NCc2ccc(O)c3ncccc23)c1,4.698970004336019
Cc1cccc(NCc2ccc(O)c3ncccc23)c1C,4.698970004336019
Oc1ccc(CNc2cccc(C(F)(F)F)c2)c2cccnc12,4.698970004336019
Cc1cccc(NCc2ccc(O)c3ncccc23)n1,4.698970004336019
Oc1ccc(CNc2ccc(C(F)(F)F)cc2)c2cccnc12,4.698970004336019
Oc1ccc(Cc2ccc(O)c3ncccc23)c2cccnc12,4.698970004336019
Cc1ccccc1NCc1ccc(O)c2ncccc12,4.698970004336019
Oc1ccccc1C(Nc1nccs1)c1ccc2cccnc2c1O,4.698970004336019
CCCC(=O)NC(c1ccc(OC)cc1)c1ccc2cccnc2c1O,4.698970004336019
CC(=O)NC(c1ccc(N(C)C)cc1)c1cc(Cl)c2cccnc2c1O,4.698970004336019
CCC(=O)NC(c1ccc(OC)c(OC)c1)c1cc(Cl)c2cccnc2c1O,4.698970004336019
CCC(=O)NC(c1ccco1)c1cc(Cl)c2cccnc2c1O,4.698970004336019
COc1ccc(C(NC(C)=O)c2cc([N+](=O)[O-])c3cccnc3c2O)cc1OC,4.698970004336019
CCC(=O)NC(c1cccs1)c1cc([N+](=O)[O-])c2cccnc2c1O,4.698970004336019
CC(=O)NC(c1ccccc1)c1cc(Cl)c2cccnc2c1O,4.698970004336019
CCC(=O)NC(c1ccc(OC)cc1)c1cc([N+](=O)[O-])c2cccnc2c1O,4.698970004336019
COc1cccc(C(NC(C)=O)c2ccc3cccnc3c2O)c1,4.698970004336019
CCC(=O)NC(c1ccccc1OC)c1ccc2cccnc2c1O,4.698970004336019
CCCC(=O)NC(c1ccccc1)c1ccc2cccnc2c1O,4.698970004336019
CCOCc1ccc(O)c2ncccc12,4.698970004336019
Oc1c(Cl)cc(Cl)c2cccnc12,4.698970004336019
Oc1ccc(Cl)c2cccnc12,4.698970004336019
O=C(CC(Sc1cccc2cccnc12)c1ccc(F)cc1)c1cccs1,4.698970004336019
O=C(CC(Sc1cccc2cccnc12)c1ccc(OC(F)F)cc1)c1ccco1,4.698970004336019
Cc1ccc(S(=O)(=O)NC(=O)Oc2cccc3cccnc23)cc1,4.698970004336019
Oc1ccc(CN2CCN(Cc3ccccc3)CC2)c2cccnc12,4.698970004336019
CCOC(=O)C1CCN(Cc2ccc(O)c3ncccc23)CC1,4.698970004336019
Oc1ccc(CN2CCN(c3ccccc3)CC2)c2cccnc12,4.698970004336019
CCOC(=O)C1CCCN(Cc2ccc(O)c3ncccc23)C1,4.698970004336019
Oc1ccc(CN2CCN(c3ccccn3)CC2)c2cccnc12,4.698970004336019
CCOC(=O)N1CCN(Cc2ccc(O)c3ncccc23)CC1,4.698970004336019
CCN1CCN(Cc2ccc(O)c3ncccc23)CC1,4.698970004336019
CN1CCN(Cc2ccc(O)c3ncccc23)CC1,4.698970004336019
Oc1ccc(CN2CCCCC2)c2cccnc12,4.698970004336019
Oc1ccc(CNc2ccccc2Cl)c2cccnc12,4.698970004336019
Cc1ccc(NCc2ccc(O)c3ncccc23)cc1C,4.698970004336019
CCOc1ccc(NCc2ccc(O)c3ncccc23)cc1,4.698970004336019
Cc1cccc(NCc2ccc(O)c3ncccc23)c1,4.698970004336019
Oc1ccc(CNc2ccccc2F)c2cccnc12,4.698970004336019
Cc1cccnc1NCc1ccc(O)c2ncccc12,4.698970004336019
Cc1ccc(NCc2ccc(O)c3ncccc23)cc1,4.698970004336019
COc1cccc(NCc2ccc(O)c3ncccc23)c1,4.698970004336019
Cc1cccc(NCc2ccc(O)c3ncccc23)c1C,4.698970004336019
Oc1ccc(Cl)c2cccnc12,4.698970004336019
Oc1c(Cl)cc(Cl)c2cccnc12,4.698970004336019
CCOCc1ccc(O)c2ncccc12,4.698970004336019
CCCC(=O)NC(c1ccccc1)c1ccc2cccnc2c1O,4.698970004336019
CCC(=O)NC(c1ccccc1OC)c1ccc2cccnc2c1O,4.698970004336019
COc1cccc(C(NC(C)=O)c2ccc3cccnc3c2O)c1,4.698970004336019
CCC(=O)NC(c1ccc(OC)cc1)c1cc([N+](=O)[O-])c2cccnc2c1O,4.698970004336019
CC(=O)NC(c1ccccc1)c1cc(Cl)c2cccnc2c1O,4.698970004336019
CCC(=O)NC(c1cccs1)c1cc([N+](=O)[O-])c2cccnc2c1O,4.698970004336019
COc1ccc(C(NC(C)=O)c2cc([N+](=O)[O-])c3cccnc3c2O)cc1OC,4.698970004336019
CCC(=O)NC(c1ccco1)c1cc(Cl)c2cccnc2c1O,4.698970004336019
CCC(=O)NC(c1ccc(OC)c(OC)c1)c1cc(Cl)c2cccnc2c1O,4.698970004336019
CC(=O)NC(c1ccc(N(C)C)cc1)c1cc(Cl)c2cccnc2c1O,4.698970004336019
CCCC(=O)NC(c1ccc(OC)cc1)c1ccc2cccnc2c1O,4.698970004336019
Oc1ccccc1C(Nc1nccs1)c1ccc2cccnc2c1O,4.698970004336019
Cc1ccccc1NCc1ccc(O)c2ncccc12,4.698970004336019
Oc1ccc(Cc2ccc(O)c3ncccc23)c2cccnc12,4.698970004336019
Oc1ccc(CNc2ccc(C(F)(F)F)cc2)c2cccnc12,4.698970004336019
Cc1cccc(NCc2ccc(O)c3ncccc23)n1,4.698970004336019
Oc1ccc(CNc2cccc(C(F)(F)F)c2)c2cccnc12,4.698970004336019
COc1cc(/C=C/C(=O)CC(=O)/C=C/c2ccc(O)c(OC)c2)ccc1O,4.3979400086720375
CC[C@H](C)[C@H](NC(=O)CNC(=O)CNC(=O)[C@H](CCCCN)NC(=O)[C@H](CCCNC(=N)N)NC(=O)[C@H](CCCCN)NC(=O)[C@H](Cc1ccccc1)NC(=O)[C@H](CC(N)=O)NC(=O)[C@H](Cc1cnc[nH]1)NC(=O)[C@@H](NC(=O)[C@H](Cc1ccccc1)NC(=O)[C@@H](NC(=O)[C@H](C)NC(=O)[C@H](CCSC)NC(=O)[C@H](CCC(N)=O)NC(=O)[C@@H](NC(=O)[C@H](C)NC(=O)[C@@H](NC(=O)[C@H](CCCCN)NC(=O)[C@H](CC(C)C)NC(=O)[C@@H](N)Cc1cnc[nH]1)[C@@H](C)O)C(C)C)C(C)C)[C@@H](C)CC)C(=O)NCC(=O)NCC(=O)N[C@@H](Cc1ccc(O)cc1)C(=O)N[C@@H](CO)C(=O)N[C@@H](C)C(=O)NCC(=O)N[C@@H](CCC(=O)O)C(=O)N[C@@H](CCCNC(=N)N)C(=O)N[C@H](C(=O)N[C@H](C(=O)N[C@@H](CC(=O)O)C(=O)N[C@H](C(=O)N[C@H](C(=O)N[C@@H](C)C(=O)N[C@H](C(=O)N[C@@H](CC(=O)O)C(=O)N[C@H](C(=O)N[C@@H](CCC(N)=O)C(N)=O)[C@@H](C)CC)[C@@H](C)O)[C@@H](C)CC)[C@@H](C)CC)C(C)C)[C@@H](C)CC,5.769551078621726
CC[C@H](C)[C@H](NC(=O)[C@H](CC(=O)O)NC(=O)[C@@H](NC(=O)[C@H](C)NC(=O)[C@@H](NC(=O)[C@@H](NC(=O)[C@H](CC(=O)O)NC(=O)[C@@H](NC(=O)[C@@H](NC(=O)[C@H](CCCNC(=N)N)NC(=O)[C@H](CCC(=O)O)NC(=O)CNC(=O)[C@H](C)NC(=O)CCC(=O)CNC(=O)[C@H](CCCNC(=N)N)NC(=O)[C@H](CCCCN)NC(=O)[C@H](Cc1ccccc1)NC(=O)[C@H](CC(N)=O)NC(=O)[C@H](Cc1cnc[nH]1)NC(=O)[C@@H](NC(=O)[C@H](Cc1ccccc1)NC(=O)[C@@H](NC(=O)[C@H](C)NC(=O)[C@H](CCSC)NC(=O)[C@H](CCC(N)=O)NC(=O)[C@@H](NC(=O)[C@H](C)NC(=O)[C@@H](NC(=O)[C@H](CCCCN)NC(=O)[C@H](CC(C)C)NC(=O)[C@@H](N)Cc1cnc[nH]1)[C@@H](C)O)C(C)C)C(C)C)[C@@H](C)CC)[C@@H](C)CC)C(C)C)[C@@H](C)CC)[C@@H](C)CC)[C@@H](C)O)C(=O)N[C@@H](CCC(N)=O)C(N)=O,6.366531544420414
CC[C@H](C)[C@H](NC(=O)[C@H](CC(=O)O)NC(=O)[C@@H](NC(=O)[C@H](C)NC(=O)[C@@H](NC(=O)[C@@H](NC(=O)[C@H](CC(=O)O)NC(=O)[C@@H](NC(=O)[C@@H](NC(=O)[C@H](CCCNC(=N)N)NC(=O)[C@H](CCC(=O)O)NC(=O)CNC(=O)[C@H](C)NC(=O)CN1CCN(C(=O)[C@H](CCCNC(=N)N)NC(=O)[C@H](CCCCN)NC(=O)[C@H](Cc2ccccc2)NC(=O)[C@H](CC(N)=O)NC(=O)[C@H](Cc2cnc[nH]2)NC(=O)[C@@H](NC(=O)[C@H](Cc2ccccc2)NC(=O)[C@@H](NC(=O)[C@H](C)NC(=O)[C@H](CCSC)NC(=O)[C@H](CCC(N)=O)NC(=O)[C@@H](NC(=O)[C@H](C)NC(=O)[C@@H](NC(=O)[C@H](CCCCN)NC(=O)[C@H](CC(C)C)NC(=O)[C@@H](N)Cc2cnc[nH]2)[C@@H](C)O)C(C)C)C(C)C)[C@@H](C)CC)CC1)[C@@H](C)CC)C(C)C)[C@@H](C)CC)[C@@H](C)CC)[C@@H](C)O)C(=O)N[C@@H](CCC(N)=O)C(N)=O,6.337242168318426
CC[C@H](C)[C@H](NC(=O)[C@H](CC(=O)O)NC(=O)[C@@H](NC(=O)[C@H](C)NC(=O)[C@@H](NC(=O)[C@@H](NC(=O)[C@H](CC(=O)O)NC(=O)[C@@H](NC(=O)[C@@H](NC(=O)[C@H](CCCNC(=N)N)NC(=O)[C@H](CCC(=O)O)NC(=O)CNC(=O)[C@H](C)NC(=O)CC1CCN(C(=O)[C@H](CCCNC(=N)N)NC(=O)[C@H](CCCCN)NC(=O)[C@H](Cc2ccccc2)NC(=O)[C@H](CC(N)=O)NC(=O)[C@H](Cc2cnc[nH]2)NC(=O)[C@@H](NC(=O)[C@H](Cc2ccccc2)NC(=O)[C@@H](NC(=O)[C@H](C)NC(=O)[C@H](CCSC)NC(=O)[C@H](CCC(N)=O)NC(=O)[C@@H](NC(=O)[C@H](C)NC(=O)[C@@H](NC(=O)[C@H](CCCCN)NC(=O)[C@H](CC(C)C)NC(=O)[C@@H](N)Cc2cnc[nH]2)[C@@H](C)O)C(C)C)C(C)C)[C@@H](C)CC)CC1)[C@@H](C)CC)C(C)C)[C@@H](C)CC)[C@@H](C)CC)[C@@H](C)O)C(=O)N[C@@H](CCC(N)=O)C(N)=O,6.2441251443275085
CC[C@H](C)[C@H](NC(=O)[C@H](CC(=O)O)NC(=O)[C@@H](NC(=O)[C@H](C)NC(=O)[C@@H](NC(=O)[C@@H](NC(=O)[C@H](CC(=O)O)NC(=O)[C@@H](NC(=O)[C@@H](NC(=O)[C@H](CCCNC(=N)N)NC(=O)[C@H](CCC(=O)O)NC(=O)CNC(=O)[C@H](C)NC(=O)C1CCCC(CNC(=O)[C@H](CCCNC(=N)N)NC(=O)[C@H](CCCCN)NC(=O)[C@H](Cc2ccccc2)NC(=O)[C@H](CC(N)=O)NC(=O)[C@H](Cc2cnc[nH]2)NC(=O)[C@@H](NC(=O)[C@H](Cc2ccccc2)NC(=O)[C@@H](NC(=O)[C@H](C)NC(=O)[C@H](CCSC)NC(=O)[C@H](CCC(N)=O)NC(=O)[C@@H](NC(=O)[C@H](C)NC(=O)[C@@H](NC(=O)[C@H](CCCCN)NC(=O)[C@H](CC(C)C)NC(=O)[C@@H](N)Cc2cnc[nH]2)[C@@H](C)O)C(C)C)C(C)C)[C@@H](C)CC)C1)[C@@H](C)CC)C(C)C)[C@@H](C)CC)[C@@H](C)CC)[C@@H](C)O)C(=O)N[C@@H](CCC(N)=O)C(N)=O,6.0
CC[C@H](C)[C@H](NC(=O)[C@H](CC(=O)O)NC(=O)[C@@H](NC(=O)[C@H](C)NC(=O)[C@@H](NC(=O)[C@@H](NC(=O)[C@H](CC(=O)O)NC(=O)[C@@H](NC(=O)[C@@H](NC(=O)[C@H](CCCNC(=N)N)NC(=O)[C@H](CCC(=O)O)NC(=O)CNC(=O)[C@H](C)NC(=O)COCCOCCNC(=O)[C@H](CCCNC(=N)N)NC(=O)[C@H](CCCCN)NC(=O)[C@H](Cc1ccccc1)NC(=O)[C@H](CC(N)=O)NC(=O)[C@H](Cc1cnc[nH]1)NC(=O)[C@@H](NC(=O)[C@H](Cc1ccccc1)NC(=O)[C@@H](NC(=O)[C@H](C)NC(=O)[C@H](CCSC)NC(=O)[C@H](CCC(N)=O)NC(=O)[C@@H](NC(=O)[C@H](C)NC(=O)[C@@H](NC(=O)[C@H](CCCCN)NC(=O)[C@H](CC(C)C)NC(=O)[C@@H](N)Cc1cnc[nH]1)[C@@H](C)O)C(C)C)C(C)C)[C@@H](C)CC)[C@@H](C)CC)C(C)C)[C@@H](C)CC)[C@@H](C)CC)[C@@H](C)O)C(=O)N[C@@H](CCC(N)=O)C(N)=O,5.97061622231479
CC[C@H](C)[C@H](NC(=O)[C@H](CC(=O)O)NC(=O)[C@@H](NC(=O)[C@H](C)NC(=O)[C@@H](NC(=O)[C@@H](NC(=O)[C@H](CC(=O)O)NC(=O)[C@@H](NC(=O)[C@@H](NC(=O)[C@H](CCCNC(=N)N)NC(=O)[C@H](CCC(=O)O)NC(=O)CNC(=O)[C@H](C)NC(=O)CCCCCCCCCCCNC(=O)[C@H](CCCNC(=N)N)NC(=O)[C@H](CCCCN)NC(=O)[C@H](Cc1ccccc1)NC(=O)[C@H](CC(N)=O)NC(=O)[C@H](Cc1cnc[nH]1)NC(=O)[C@@H](NC(=O)[C@H](Cc1ccccc1)NC(=O)[C@@H](NC(=O)[C@H](C)NC(=O)[C@H](CCSC)NC(=O)[C@H](CCC(N)=O)NC(=O)[C@@H](NC(=O)[C@H](C)NC(=O)[C@@H](NC(=O)[C@H](CCCCN)NC(=O)[C@H](CC(C)C)NC(=O)[C@@H](N)Cc1cnc[nH]1)[C@@H](C)O)C(C)C)C(C)C)[C@@H](C)CC)[C@@H](C)CC)C(C)C)[C@@H](C)CC)[C@@H](C)CC)[C@@H](C)O)C(=O)N[C@@H](CCC(N)=O)C(N)=O,5.886056647693163
CC[C@H](C)[C@H](NC(=O)[C@H](CC(=O)O)NC(=O)[C@@H](NC(=O)[C@H](C)NC(=O)[C@@H](NC(=O)[C@@H](NC(=O)[C@H](CC(=O)O)NC(=O)[C@@H](NC(=O)[C@@H](NC(=O)[C@H](CCCNC(=N)N)NC(=O)[C@H](CCC(=O)O)NC(=O)CNC(=O)[C@H](C)NC(=O)CCCCCCCCCCNC(=O)[C@H](CCCNC(=N)N)NC(=O)[C@H](CCCCN)NC(=O)[C@H](Cc1ccccc1)NC(=O)[C@H](CC(N)=O)NC(=O)[C@H](Cc1cnc[nH]1)NC(=O)[C@@H](NC(=O)[C@H](Cc1ccccc1)NC(=O)[C@@H](NC(=O)[C@H](C)NC(=O)[C@H](CCSC)NC(=O)[C@H](CCC(N)=O)NC(=O)[C@@H](NC(=O)[C@H](C)NC(=O)[C@@H](NC(=O)[C@H](CCCCN)NC(=O)[C@H](CC(C)C)NC(=O)[C@@H](N)Cc1cnc[nH]1)[C@@H](C)O)C(C)C)C(C)C)[C@@H](C)CC)[C@@H](C)CC)C(C)C)[C@@H](C)CC)[C@@H](C)CC)[C@@H](C)O)C(=O)N[C@@H](CCC(N)=O)C(N)=O,6.070581074285707
CC[C@H](C)[C@H](NC(=O)[C@H](CC(=O)O)NC(=O)[C@@H](NC(=O)[C@H](C)NC(=O)[C@@H](NC(=O)[C@@H](NC(=O)[C@H](CC(=O)O)NC(=O)[C@@H](NC(=O)[C@@H](NC(=O)[C@H](CCCNC(=N)N)NC(=O)[C@H](CCC(=O)O)NC(=O)CNC(=O)[C@H](C)NC(=O)CCCCCCCCCNC(=O)[C@H](CCCNC(=N)N)NC(=O)[C@H](CCCCN)NC(=O)[C@H](Cc1ccccc1)NC(=O)[C@H](CC(N)=O)NC(=O)[C@H](Cc1cnc[nH]1)NC(=O)[C@@H](NC(=O)[C@H](Cc1ccccc1)NC(=O)[C@@H](NC(=O)[C@H](C)NC(=O)[C@H](CCSC)NC(=O)[C@H](CCC(N)=O)NC(=O)[C@@H](NC(=O)[C@H](C)NC(=O)[C@@H](NC(=O)[C@H](CCCCN)NC(=O)[C@H](CC(C)C)NC(=O)[C@@H](N)Cc1cnc[nH]1)[C@@H](C)O)C(C)C)C(C)C)[C@@H](C)CC)[C@@H](C)CC)C(C)C)[C@@H](C)CC)[C@@H](C)CC)[C@@H](C)O)C(=O)N[C@@H](CCC(N)=O)C(N)=O,6.119186407719209
CC[C@H](C)[C@H](NC(=O)[C@H](CC(=O)O)NC(=O)[C@@H](NC(=O)[C@H](C)NC(=O)[C@@H](NC(=O)[C@@H](NC(=O)[C@H](CC(=O)O)NC(=O)[C@@H](NC(=O)[C@@H](NC(=O)[C@H](CCCNC(=N)N)NC(=O)[C@H](CCC(=O)O)NC(=O)CNC(=O)[C@H](C)NC(=O)CCCCCCCCNC(=O)[C@H](CCCNC(=N)N)NC(=O)[C@H](CCCCN)NC(=O)[C@H](Cc1ccccc1)NC(=O)[C@H](CC(N)=O)NC(=O)[C@H](Cc1cnc[nH]1)NC(=O)[C@@H](NC(=O)[C@H](Cc1ccccc1)NC(=O)[C@@H](NC(=O)[C@H](C)NC(=O)[C@H](CCSC)NC(=O)[C@H](CCC(N)=O)NC(=O)[C@@H](NC(=O)[C@H](C)NC(=O)[C@@H](NC(=O)[C@H](CCCCN)NC(=O)[C@H](CC(C)C)NC(=O)[C@@H](N)Cc1cnc[nH]1)[C@@H](C)O)C(C)C)C(C)C)[C@@H](C)CC)[C@@H](C)CC)C(C)C)[C@@H](C)CC)[C@@H](C)CC)[C@@H](C)O)C(=O)N[C@@H](CCC(N)=O)C(N)=O,6.142667503568732
CC[C@H](C)[C@H](NC(=O)[C@H](CC(=O)O)NC(=O)[C@@H](NC(=O)[C@H](C)NC(=O)[C@@H](NC(=O)[C@@H](NC(=O)[C@H](CC(=O)O)NC(=O)[C@@H](NC(=O)[C@@H](NC(=O)[C@H](CCCNC(=N)N)NC(=O)[C@H](CCC(=O)O)NC(=O)CNC(=O)[C@H](C)NC(=O)CCCCCCCNC(=O)[C@H](CCCNC(=N)N)NC(=O)[C@H](CCCCN)NC(=O)[C@H](Cc1ccccc1)NC(=O)[C@H](CC(N)=O)NC(=O)[C@H](Cc1cnc[nH]1)NC(=O)[C@@H](NC(=O)[C@H](Cc1ccccc1)NC(=O)[C@@H](NC(=O)[C@H](C)NC(=O)[C@H](CCSC)NC(=O)[C@H](CCC(N)=O)NC(=O)[C@@H](NC(=O)[C@H](C)NC(=O)[C@@H](NC(=O)[C@H](CCCCN)NC(=O)[C@H](CC(C)C)NC(=O)[C@@H](N)Cc1cnc[nH]1)[C@@H](C)O)C(C)C)C(C)C)[C@@H](C)CC)[C@@H](C)CC)C(C)C)[C@@H](C)CC)[C@@H](C)CC)[C@@H](C)O)C(=O)N[C@@H](CCC(N)=O)C(N)=O,6.167491087293763
CC[C@H](C)[C@H](NC(=O)[C@H](CC(=O)O)NC(=O)[C@@H](NC(=O)[C@H](C)NC(=O)[C@@H](NC(=O)[C@@H](NC(=O)[C@H](CC(=O)O)NC(=O)[C@@H](NC(=O)[C@@H](NC(=O)[C@H](CCCNC(=N)N)NC(=O)[C@H](CCC(=O)O)NC(=O)CNC(=O)[C@H](C)NC(=O)CCCCCCNC(=O)[C@H](CCCNC(=N)N)NC(=O)[C@H](CCCCN)NC(=O)[C@H](Cc1ccccc1)NC(=O)[C@H](CC(N)=O)NC(=O)[C@H](Cc1cnc[nH]1)NC(=O)[C@@H](NC(=O)[C@H](Cc1ccccc1)NC(=O)[C@@H](NC(=O)[C@H](C)NC(=O)[C@H](CCSC)NC(=O)[C@H](CCC(N)=O)NC(=O)[C@@H](NC(=O)[C@H](C)NC(=O)[C@@H](NC(=O)[C@H](CCCCN)NC(=O)[C@H](CC(C)C)NC(=O)[C@@H](N)Cc1cnc[nH]1)[C@@H](C)O)C(C)C)C(C)C)[C@@H](C)CC)[C@@H](C)CC)C(C)C)[C@@H](C)CC)[C@@H](C)CC)[C@@H](C)O)C(=O)N[C@@H](CCC(N)=O)C(N)=O,6.040958607678906
CC[C@H](C)[C@H](NC(=O)[C@H](CC(=O)O)NC(=O)[C@@H](NC(=O)[C@H](C)NC(=O)[C@@H](NC(=O)[C@@H](NC(=O)[C@H](CC(=O)O)NC(=O)[C@@H](NC(=O)[C@@H](NC(=O)[C@H](CCCN=C(N)N)NC(=O)[C@H](CCC(=O)O)NC(=O)CNC(=O)[C@H](C)N)[C@@H](C)CC)C(C)C)[C@@H](C)CC)[C@@H](C)CC)[C@@H](C)O)C(=O)N[C@@H](CCC(N)=O)C(N)=O,5.522878745280337
CC[C@H](C)[C@H](NC(=O)[C@H](Cc1ccccc1)NC(=O)[C@@H](NC(=O)[C@H](C)NC(=O)[C@H](CCSC)NC(=O)[C@H](CCC(N)=O)NC(=O)[C@@H](NC(=O)[C@H](C)NC(=O)[C@@H](NC(=O)[C@H](CCCCN)NC(=O)[C@H](CC(C)C)NC(=O)[C@@H](N)Cc1cnc[nH]1)[C@@H](C)O)C(C)C)C(C)C)C(=O)N[C@@H](Cc1cnc[nH]1)C(=O)N[C@@H](CC(N)=O)C(=O)N[C@@H](Cc1ccccc1)C(=O)N[C@@H](CCCCN)C(=O)N[C@@H](CCCNC(=N)N)C(=O)O,5.698970004336019
CC[C@H](C)[C@H](NC(=O)[C@H](CC(=O)O)NC(=O)[C@@H](NC(=O)[C@H](C)NC(=O)[C@@H](NC(=O)[C@@H](NC(=O)[C@H](CC(=O)O)NC(=O)[C@@H](NC(=O)[C@@H](NC(=O)[C@H](CCCNC(=N)N)NC(=O)[C@H](CCC(=O)O)NC(=O)CNC(=O)[C@H](C)NC(=O)CCCCCNC(=O)[C@H](CCCNC(=N)N)NC(=O)[C@H](CCCCN)NC(=O)[C@H](Cc1ccccc1)NC(=O)[C@H](CC(N)=O)NC(=O)[C@H](Cc1cnc[nH]1)NC(=O)[C@@H](NC(=O)[C@H](Cc1ccccc1)NC(=O)[C@@H](NC(=O)[C@H](C)NC(=O)[C@H](CCSC)NC(=O)[C@H](CCC(N)=O)NC(=O)[C@@H](NC(=O)[C@H](C)NC(=O)[C@@H](NC(=O)[C@H](CCCCN)NC(=O)[C@H](CC(C)C)NC(=O)[C@@H](N)Cc1cnc[nH]1)[C@@H](C)O)C(C)C)C(C)C)[C@@H](C)CC)[C@@H](C)CC)C(C)C)[C@@H](C)CC)[C@@H](C)CC)[C@@H](C)O)C(=O)N[C@@H](CCC(N)=O)C(N)=O,5.823908740944319
CC[C@H](C)[C@H](NC(=O)[C@H](CC(=O)O)NC(=O)[C@@H](NC(=O)[C@H](C)NC(=O)[C@@H](NC(=O)[C@@H](NC(=O)[C@H](CC(=O)O)NC(=O)[C@@H](NC(=O)[C@@H](NC(=O)[C@H](CCCNC(=N)N)NC(=O)[C@H](CCC(=O)O)NC(=O)CNC(=O)[C@H](C)NC(=O)CCCCNC(=O)[C@H](CCCNC(=N)N)NC(=O)[C@H](CCCCN)NC(=O)[C@H](Cc1ccccc1)NC(=O)[C@H](CC(N)=O)NC(=O)[C@H](Cc1cnc[nH]1)NC(=O)[C@@H](NC(=O)[C@H](Cc1ccccc1)NC(=O)[C@@H](NC(=O)[C@H](C)NC(=O)[C@H](CCSC)NC(=O)[C@H](CCC(N)=O)NC(=O)[C@@H](NC(=O)[C@H](C)NC(=O)[C@@H](NC(=O)[C@H](CCCCN)NC(=O)[C@H](CC(C)C)NC(=O)[C@@H](N)Cc1cnc[nH]1)[C@@H](C)O)C(C)C)C(C)C)[C@@H](C)CC)[C@@H](C)CC)C(C)C)[C@@H](C)CC)[C@@H](C)CC)[C@@H](C)O)C(=O)N[C@@H](CCC(N)=O)C(N)=O,5.425968732272281
CC(C)C[C@H](NC(=O)[C@H](CCCCN)NC(=O)[C@H](CC(C)C)NC(=O)[C@H](CC(C)C)NC(=O)[C@H](Cc1ccccc1)NC(=O)[C@H](Cc1ccc(O)cc1)NC(=O)[C@H](C)NC(=O)[C@@H](NC(=O)c1ccc2c(c1)C(=O)OC21c2ccc(O)cc2Oc2cc(O)ccc21)[C@@H](C)O)C(=O)N[C@@H](C)C(=O)NCC(=O)N[C@@H](CCCNC(=N)N)C(=O)N[C@@H](Cc1c[nH]c2ccccc12)C(=O)O,4.6020599913279625
CC(C)C[C@@H]1NC(=O)[C@H](CCCCN)NC(=O)[C@H](CC(C)C)NC(=O)[C@@](C)(NC(=O)[C@H](Cc2ccccc2)NC(=O)[C@H](Cc2ccc(O)cc2)NC(=O)[C@H](C)NC(=O)[C@@H](NC(=O)c2ccc3c(c2)C(=O)OC32c3ccc(O)cc3Oc3cc(O)ccc32)[C@@H](C)O)CCC/C=C\CCC[C@@](C)(C(=O)NCC(=O)N[C@@H](CCCNC(=N)N)C(=O)N[C@@H](Cc2c[nH]c3ccccc23)C(=O)O)NC1=O,4.6020599913279625
CC[C@H](C)[C@@H]1NC(=O)[C@H](CC(C)C)NC(=O)[C@@](C)(NC(=O)[C@H](Cc2ccccc2)NC(=O)[C@H](Cc2ccc(O)cc2)NC(=O)[C@H](C)NC(=O)[C@@H](N)[C@@H](C)O)CCC/C=C\CCC[C@@](C)(C(=O)NCC(=O)N[C@@H](CCCNC(=N)N)C(=O)N[C@@H](Cc2c[nH]c3ccccc23)C(=O)O)NC(=O)[C@H](CC(C)C)NC1=O,5.301029995663981
C=CCCC[C@](C)(NC(=O)[C@H](CC(C)C)NC(=O)[C@@H](NC(=O)[C@H](CC(C)C)NC(=O)[C@](C)(CCCC=C)NC(=O)[C@H](Cc1ccccc1)NC(=O)[C@H](Cc1ccc(O)cc1)NC(=O)[C@H](C)NC(=O)[C@@H](N)[C@@H](C)O)[C@@H](C)CC)C(=O)NCC(=O)N[C@@H](CCCNC(=N)N)C(=O)N[C@@H](Cc1c[nH]c2ccccc12)C(=O)O,4.0
CC(C)C[C@@H]1NC(=O)[C@H](CCCCN)NC(=O)[C@H](CC(C)C)NC(=O)[C@@](C)(NC(=O)[C@H](Cc2ccccc2)NC(=O)[C@H](Cc2ccc(O)cc2)NC(=O)[C@H](C)NC(=O)[C@@H](N)[C@@H](C)O)CC/C=C/CC[C@@](C)(C(=O)NCC(=O)N[C@@H](CCCNC(=N)N)C(=O)N[C@@H](Cc2c[nH]c3ccccc23)C(=O)O)NC1=O,4.853871964321762
C=CCC[C@](C)(NC(=O)[C@H](CC(C)C)NC(=O)[C@H](CCCCN)NC(=O)[C@H](CC(C)C)NC(=O)[C@](C)(CCC=C)NC(=O)[C@H](Cc1ccccc1)NC(=O)[C@H](Cc1ccc(O)cc1)NC(=O)[C@H](C)NC(=O)[C@@H](N)[C@@H](C)O)C(=O)NCC(=O)N[C@@H](CCCNC(=N)N)C(=O)N[C@@H](Cc1c[nH]c2ccccc12)C(=O)O,4.698970004336019
CC(C)C[C@@H]1NC(=O)[C@H](CCCCN)NC(=O)[C@H](CC(C)C)NC(=O)[C@@](C)(NC(=O)[C@H](Cc2ccccc2)NC(=O)[C@H](Cc2ccc(O)cc2)NC(=O)[C@H](C)NC(=O)[C@@H](N)[C@@H](C)O)CCC/C=C\CCC[C@@](C)(C(=O)NCC(=O)N[C@@H](CCCNC(=N)N)C(=O)N[C@@H](Cc2c[nH]c3ccccc23)C(=O)O)NC1=O,4.853871964321762
C=CCCC[C@](C)(NC(=O)[C@H](CC(C)C)NC(=O)[C@H](CCCCN)NC(=O)[C@H](CC(C)C)NC(=O)[C@](C)(CCCC=C)NC(=O)[C@H](Cc1ccccc1)NC(=O)[C@H](Cc1ccc(O)cc1)NC(=O)[C@H](C)NC(=O)[C@@H](N)[C@@H](C)O)C(=O)NCC(=O)N[C@@H](CCCNC(=N)N)C(=O)N[C@@H](Cc1c[nH]c2ccccc12)C(=O)O,4.823908740944319
CC(C)C[C@H](NC(=O)[C@H](CCCCN)NC(=O)[C@H](CC(C)C)NC(=O)[C@]1(C)CCC/C=C\CCC[C@](C)(N)C(=O)N[C@@H](C)C(=O)N[C@@H](Cc2ccc(O)cc2)C(=O)N[C@@H](Cc2ccccc2)C(=O)N1)C(=O)N[C@@H](C)C(=O)NCC(=O)N[C@@H](CCCNC(=N)N)C(=O)N[C@@H](Cc1c[nH]c2ccccc12)C(=O)O,4.0
C=CCCC[C@](C)(N)C(=O)N[C@@H](C)C(=O)N[C@@H](Cc1ccc(O)cc1)C(=O)N[C@@H](Cc1ccccc1)C(=O)N[C@@](C)(CCC=C)C(=O)N[C@@H](CC(C)C)C(=O)N[C@@H](CCCCN)C(=O)N[C@@H](CC(C)C)C(=O)N[C@@H](C)C(=O)NCC(=O)N[C@@H](CCCNC(=N)N)C(=O)N[C@@H](Cc1c[nH]c2ccccc12)C(=O)O,4.585026652029182
CC(C)C[C@H](NC(=O)[C@H](CCCCN)NC(=O)[C@H](CC(C)C)NC(=O)[C@H](CC(C)C)NC(=O)[C@H](Cc1ccccc1)NC(=O)[C@H](Cc1ccc(O)cc1)NC(=O)[C@H](C)NC(=O)[C@@H](NC(=O)c1ccc2c(c1)C(=O)OC21c2ccc(O)cc2Oc2cc(O)ccc21)[C@@H](C)O)C(=O)N[C@@H](C)C(=O)NCC(=O)N[C@@H](CCCNC(=N)N)C(=O)N[C@@H](Cc1c[nH]c2ccccc12)C(=O)O,5.207608310501746
CC(C)C[C@@H]1NC(=O)[C@H](CCCCN)NC(=O)[C@H](CC(C)C)NC(=O)[C@@](C)(NC(=O)[C@H](Cc2ccccc2)NC(=O)[C@H](Cc2ccc(O)cc2)NC(=O)[C@H](C)NC(=O)[C@@H](NC(=O)c2ccc3c(c2)C(=O)OC32c3ccc(O)cc3Oc3cc(O)ccc32)[C@@H](C)O)CCC/C=C\CCC[C@@](C)(C(=O)NCC(=O)N[C@@H](CCCNC(=N)N)C(=O)N[C@@H](Cc2c[nH]c3ccccc23)C(=O)O)NC1=O,5.221848749616356
CC[C@H](C)[C@@H]1NC(=O)[C@H](CC(C)C)NC(=O)[C@@](C)(NC(=O)[C@H](Cc2ccccc2)NC(=O)[C@H](Cc2ccc(O)cc2)NC(=O)[C@H](C)NC(=O)[C@@H](N)[C@@H](C)O)CCC/C=C\CCC[C@@](C)(C(=O)NCC(=O)N[C@@H](CCCNC(=N)N)C(=O)N[C@@H](Cc2c[nH]c3ccccc23)C(=O)O)NC(=O)[C@H](CC(C)C)NC1=O,4.6020599913279625
C=CCCC[C@](C)(NC(=O)[C@H](CC(C)C)NC(=O)[C@@H](NC(=O)[C@H](CC(C)C)NC(=O)[C@](C)(CCCC=C)NC(=O)[C@H](Cc1ccccc1)NC(=O)[C@H](Cc1ccc(O)cc1)NC(=O)[C@H](C)NC(=O)[C@@H](N)[C@@H](C)O)[C@@H](C)CC)C(=O)NCC(=O)N[C@@H](CCCNC(=N)N)C(=O)N[C@@H](Cc1c[nH]c2ccccc12)C(=O)O,4.958607314841775
CC(C)C[C@@H]1NC(=O)[C@H](CCCCN)NC(=O)[C@H](CC(C)C)NC(=O)[C@@](C)(NC(=O)[C@H](Cc2ccccc2)NC(=O)[C@H](Cc2ccc(O)cc2)NC(=O)[C@H](C)NC(=O)[C@@H](N)[C@@H](C)O)CCCC/C=C/CCCC[C@@](C)(C(=O)NCC(=O)N[C@@H](CCCNC(=N)N)C(=O)N[C@@H](Cc2c[nH]c3ccccc23)C(=O)O)NC1=O,4.356547323513812
C=CCCCC[C@](C)(NC(=O)[C@H](CC(C)C)NC(=O)[C@H](CCCCN)NC(=O)[C@H](CC(C)C)NC(=O)[C@](C)(CCCCC=C)NC(=O)[C@H](Cc1ccccc1)NC(=O)[C@H](Cc1ccc(O)cc1)NC(=O)[C@H](C)NC(=O)[C@@H](N)[C@@H](C)O)C(=O)NCC(=O)N[C@@H](CCCNC(=N)N)C(=O)N[C@@H](Cc1c[nH]c2ccccc12)C(=O)O,4.366531544420414
CC(C)C[C@@H]1NC(=O)[C@H](CCCCN)NC(=O)[C@H](CC(C)C)NC(=O)[C@@](C)(NC(=O)[C@H](Cc2ccccc2)NC(=O)[C@H](Cc2ccc(O)cc2)NC(=O)[C@H](C)NC(=O)[C@@H](N)[C@@H](C)O)CC/C=C/CC[C@@](C)(C(=O)NCC(=O)N[C@@H](CCCNC(=N)N)C(=O)N[C@@H](Cc2c[nH]c3ccccc23)C(=O)O)NC1=O,4.080921907623926
C=CCC[C@](C)(NC(=O)[C@H](CC(C)C)NC(=O)[C@H](CCCCN)NC(=O)[C@H](CC(C)C)NC(=O)[C@](C)(CCC=C)NC(=O)[C@H](Cc1ccccc1)NC(=O)[C@H](Cc1ccc(O)cc1)NC(=O)[C@H](C)NC(=O)[C@@H](N)[C@@H](C)O)C(=O)NCC(=O)N[C@@H](CCCNC(=N)N)C(=O)N[C@@H](Cc1c[nH]c2ccccc12)C(=O)O,4.167491087293763
C=CC[C@](C)(NC(=O)[C@H](CC(C)C)NC(=O)[C@H](CCCCN)NC(=O)[C@H](CC(C)C)NC(=O)[C@](C)(CC=C)NC(=O)[C@H](Cc1ccccc1)NC(=O)[C@H](Cc1ccc(O)cc1)NC(=O)[C@H](C)NC(=O)[C@@H](N)[C@@H](C)O)C(=O)NCC(=O)N[C@@H](CCCNC(=N)N)C(=O)N[C@@H](Cc1c[nH]c2ccccc12)C(=O)O,3.9546770212133424
CC(C)C[C@H](NC(=O)[C@H](Cc1ccccc1)NC(=O)[C@H](Cc1ccc(O)cc1)NC(=O)[C@H](C)NC(=O)[C@@H](N)[C@@H](C)O)C(=O)N[C@@H](CC(C)C)C(=O)N[C@@]1(C)CCC/C=C/CCC[C@@](C)(C(=O)N[C@@H](Cc2c[nH]c3ccccc23)C(=O)O)NC(=O)CNC(=O)[C@H](C)NC(=O)[C@H](CC(C)C)NC1=O,4.0
C=CCCC[C@](C)(NC(=O)CNC(=O)[C@H](C)NC(=O)[C@H](CC(C)C)NC(=O)[C@](C)(CCCC=C)NC(=O)[C@H](CC(C)C)NC(=O)[C@H](CC(C)C)NC(=O)[C@H](Cc1ccccc1)NC(=O)[C@H](Cc1ccc(O)cc1)NC(=O)[C@H](C)NC(=O)[C@@H](N)[C@@H](C)O)C(=O)N[C@@H](Cc1c[nH]c2ccccc12)C(=O)O,4.0
CC(C)C[C@@H]1NC(=O)[C@H](CCCCN)NC(=O)[C@H](CC(C)C)NC(=O)[C@@](C)(NC(=O)[C@H](Cc2ccccc2)NC(=O)[C@H](Cc2ccc(O)cc2)NC(=O)[C@H](C)NC(=O)[C@@H](N)[C@@H](C)O)CCC/C=C\CCC[C@@](C)(C(=O)NCC(=O)N[C@@H](CCCNC(=N)N)C(=O)N[C@@H](Cc2c[nH]c3ccccc23)C(=O)O)NC1=O,5.221848749616356
C=CCCC[C@](C)(NC(=O)[C@H](CC(C)C)NC(=O)[C@H](CCCCN)NC(=O)[C@H](CC(C)C)NC(=O)[C@](C)(CCCC=C)NC(=O)[C@H](Cc1ccccc1)NC(=O)[C@H](Cc1ccc(O)cc1)NC(=O)[C@H](C)NC(=O)[C@@H](N)[C@@H](C)O)C(=O)NCC(=O)N[C@@H](CCCNC(=N)N)C(=O)N[C@@H](Cc1c[nH]c2ccccc12)C(=O)O,5.221848749616356
CC(C)C[C@H](NC(=O)[C@H](CCCCN)NC(=O)[C@H](CC(C)C)NC(=O)[C@]1(C)CCC/C=C\CCC[C@](C)(N)C(=O)N[C@@H](C)C(=O)N[C@@H](Cc2ccc(O)cc2)C(=O)N[C@@H](Cc2ccccc2)C(=O)N1)C(=O)N[C@@H](C)C(=O)NCC(=O)N[C@@H](CCCNC(=N)N)C(=O)N[C@@H](Cc1c[nH]c2ccccc12)C(=O)O,4.721246399047171
C=CCCC[C@](C)(N)C(=O)N[C@@H](C)C(=O)N[C@@H](Cc1ccc(O)cc1)C(=O)N[C@@H](Cc1ccccc1)C(=O)N[C@@](C)(CCC=C)C(=O)N[C@@H](CC(C)C)C(=O)N[C@@H](CCCCN)C(=O)N[C@@H](CC(C)C)C(=O)N[C@@H](C)C(=O)NCC(=O)N[C@@H](CCCNC(=N)N)C(=O)N[C@@H](Cc1c[nH]c2ccccc12)C(=O)O,4.823908740944319
CC(C)C[C@H](NC(=O)[C@H](CCCCN)NC(=O)[C@H](CC(C)C)NC(=O)[C@H](CC(C)C)NC(=O)[C@H](Cc1ccccc1)NC(=O)[C@H](Cc1ccc(O)cc1)NC(=O)[C@H](C)NC(=O)[C@@H](NC(=O)c1ccc2c(c1)C(=O)OC21c2ccc(O)cc2Oc2cc(O)ccc21)[C@@H](C)O)C(=O)N[C@@H](C)C(=O)NCC(=O)N[C@@H](CCCNC(=N)N)C(=O)N[C@@H](Cc1c[nH]c2ccccc12)C(=O)O,4.756961951313706
CC(C)C[C@@H]1NC(=O)[C@H](CCCCN)NC(=O)[C@H](CC(C)C)NC(=O)[C@@](C)(NC(=O)[C@H](Cc2ccccc2)NC(=O)[C@H](Cc2ccc(O)cc2)NC(=O)[C@H](C)NC(=O)[C@@H](NC(=O)c2ccc3c(c2)C(=O)OC32c3ccc(O)cc3Oc3cc(O)ccc32)[C@@H](C)O)CCC/C=C\CCC[C@@](C)(C(=O)NCC(=O)N[C@@H](CCCNC(=N)N)C(=O)N[C@@H](Cc2c[nH]c3ccccc23)C(=O)O)NC1=O,5.301029995663981
CC[C@H](C)[C@@H]1NC(=O)[C@H](CC(C)C)NC(=O)[C@@](C)(NC(=O)[C@H](Cc2ccccc2)NC(=O)[C@H](Cc2ccc(O)cc2)NC(=O)[C@H](C)NC(=O)[C@@H](N)[C@@H](C)O)CCC/C=C\CCC[C@@](C)(C(=O)NCC(=O)N[C@@H](CCCNC(=N)N)C(=O)N[C@@H](Cc2c[nH]c3ccccc23)C(=O)O)NC(=O)[C@H](CC(C)C)NC1=O,4.657577319177793
C=CCCC[C@](C)(NC(=O)[C@H](CC(C)C)NC(=O)[C@@H](NC(=O)[C@H](CC(C)C)NC(=O)[C@](C)(CCCC=C)NC(=O)[C@H](Cc1ccccc1)NC(=O)[C@H](Cc1ccc(O)cc1)NC(=O)[C@H](C)NC(=O)[C@@H](N)[C@@H](C)O)[C@@H](C)CC)C(=O)NCC(=O)N[C@@H](CCCNC(=N)N)C(=O)N[C@@H](Cc1c[nH]c2ccccc12)C(=O)O,4.823908740944319
CC(C)C[C@@H]1NC(=O)[C@H](CCCCN)NC(=O)[C@H](CC(C)C)NC(=O)[C@@](C)(NC(=O)[C@H](Cc2ccccc2)NC(=O)[C@H](Cc2ccc(O)cc2)NC(=O)[C@H](C)NC(=O)[C@@H](N)[C@@H](C)O)CCCC/C=C/CCCC[C@@](C)(C(=O)NCC(=O)N[C@@H](CCCNC(=N)N)C(=O)N[C@@H](Cc2c[nH]c3ccccc23)C(=O)O)NC1=O,4.318758762624412
C=CCCCC[C@](C)(NC(=O)[C@H](CC(C)C)NC(=O)[C@H](CCCCN)NC(=O)[C@H](CC(C)C)NC(=O)[C@](C)(CCCCC=C)NC(=O)[C@H](Cc1ccccc1)NC(=O)[C@H](Cc1ccc(O)cc1)NC(=O)[C@H](C)NC(=O)[C@@H](N)[C@@H](C)O)C(=O)NCC(=O)N[C@@H](CCCNC(=N)N)C(=O)N[C@@H](Cc1c[nH]c2ccccc12)C(=O)O,4.214670164989233
CC(C)C[C@@H]1NC(=O)[C@H](CCCCN)NC(=O)[C@H](CC(C)C)NC(=O)[C@@](C)(NC(=O)[C@H](Cc2ccccc2)NC(=O)[C@H](Cc2ccc(O)cc2)NC(=O)[C@H](C)NC(=O)[C@@H](N)[C@@H](C)O)CC/C=C/CC[C@@](C)(C(=O)NCC(=O)N[C@@H](CCCNC(=N)N)C(=O)N[C@@H](Cc2c[nH]c3ccccc23)C(=O)O)NC1=O,4.045757490560675
C=CCC[C@](C)(NC(=O)[C@H](CC(C)C)NC(=O)[C@H](CCCCN)NC(=O)[C@H](CC(C)C)NC(=O)[C@](C)(CCC=C)NC(=O)[C@H](Cc1ccccc1)NC(=O)[C@H](Cc1ccc(O)cc1)NC(=O)[C@H](C)NC(=O)[C@@H](N)[C@@H](C)O)C(=O)NCC(=O)N[C@@H](CCCNC(=N)N)C(=O)N[C@@H](Cc1c[nH]c2ccccc12)C(=O)O,4.130768280269024
C=CC[C@](C)(NC(=O)[C@H](CC(C)C)NC(=O)[C@H](CCCCN)NC(=O)[C@H](CC(C)C)NC(=O)[C@](C)(CC=C)NC(=O)[C@H](Cc1ccccc1)NC(=O)[C@H](Cc1ccc(O)cc1)NC(=O)[C@H](C)NC(=O)[C@@H](N)[C@@H](C)O)C(=O)NCC(=O)N[C@@H](CCCNC(=N)N)C(=O)N[C@@H](Cc1c[nH]c2ccccc12)C(=O)O,3.4775557664936803
CC(C)C[C@H](NC(=O)[C@H](Cc1ccccc1)NC(=O)[C@H](Cc1ccc(O)cc1)NC(=O)[C@H](C)NC(=O)[C@@H](N)[C@@H](C)O)C(=O)N[C@@H](CC(C)C)C(=O)N[C@@]1(C)CCC/C=C/CCC[C@@](C)(C(=O)N[C@@H](Cc2c[nH]c3ccccc23)C(=O)O)NC(=O)CNC(=O)[C@H](C)NC(=O)[C@H](CC(C)C)NC1=O,4.0
C=CCCC[C@](C)(NC(=O)CNC(=O)[C@H](C)NC(=O)[C@H](CC(C)C)NC(=O)[C@](C)(CCCC=C)NC(=O)[C@H](CC(C)C)NC(=O)[C@H](CC(C)C)NC(=O)[C@H](Cc1ccccc1)NC(=O)[C@H](Cc1ccc(O)cc1)NC(=O)[C@H](C)NC(=O)[C@@H](N)[C@@H](C)O)C(=O)N[C@@H](Cc1c[nH]c2ccccc12)C(=O)O,4.0
CC(C)C[C@@H]1NC(=O)[C@H](CCCCN)NC(=O)[C@H](CC(C)C)NC(=O)[C@@](C)(NC(=O)[C@H](Cc2ccccc2)NC(=O)[C@H](Cc2ccc(O)cc2)NC(=O)[C@H](C)NC(=O)[C@@H](N)[C@@H](C)O)CCC/C=C\CCC[C@@](C)(C(=O)NCC(=O)N[C@@H](CCCNC(=N)N)C(=O)N[C@@H](Cc2c[nH]c3ccccc23)C(=O)O)NC1=O,5.045757490560675
C=CCCC[C@](C)(NC(=O)[C@H](CC(C)C)NC(=O)[C@H](CCCCN)NC(=O)[C@H](CC(C)C)NC(=O)[C@](C)(CCCC=C)NC(=O)[C@H](Cc1ccccc1)NC(=O)[C@H](Cc1ccc(O)cc1)NC(=O)[C@H](C)NC(=O)[C@@H](N)[C@@H](C)O)C(=O)NCC(=O)N[C@@H](CCCNC(=N)N)C(=O)N[C@@H](Cc1c[nH]c2ccccc12)C(=O)O,5.045757490560675
CC(C)C[C@H](NC(=O)[C@H](CCCCN)NC(=O)[C@H](CC(C)C)NC(=O)[C@]1(C)CCC/C=C\CCC[C@](C)(N)C(=O)N[C@@H](C)C(=O)N[C@@H](Cc2ccc(O)cc2)C(=O)N[C@@H](Cc2ccccc2)C(=O)N1)C(=O)N[C@@H](C)C(=O)NCC(=O)N[C@@H](CCCNC(=N)N)C(=O)N[C@@H](Cc1c[nH]c2ccccc12)C(=O)O,4.275724130399211
C=CCCC[C@](C)(N)C(=O)N[C@@H](C)C(=O)N[C@@H](Cc1ccc(O)cc1)C(=O)N[C@@H](Cc1ccccc1)C(=O)N[C@@](C)(CCC=C)C(=O)N[C@@H](CC(C)C)C(=O)N[C@@H](CCCCN)C(=O)N[C@@H](CC(C)C)C(=O)N[C@@H](C)C(=O)NCC(=O)N[C@@H](CCCNC(=N)N)C(=O)N[C@@H](Cc1c[nH]c2ccccc12)C(=O)O,4.657577319177793
O=C(/C=C(\O)c1cc(Cc2ccc(F)cc2F)cn(Cc2ccccc2F)c1=O)C(=O)N[C@@H]1CCC[C@H]1O,7.318758762624412
C[C@H]1CO[C@@H]2Cn3cc(C(=O)NCc4ccc(F)cc4F)c(=O)c(O)c3C(=O)N12,8.522878745280337
C[C@@H]1CCO[C@H]2Cn3cc(C(=O)NCc4ccc(F)cc4F)c(=O)c(O)c3C(=O)N12,8.568636235841012
C[C@@H]1CCN2C(=O)c3c(O)c(=O)c(C(=O)NCc4ccc(F)cc4)cn3C[C@@H]2O1,8.301029995663981
O=C(NCc1ccc(F)cc1)C1C(=O)N(O)C(=O)c2ccccc21,4.0
Cc1nnc(C(=O)NC(C)(C)c2nc(C(=O)NCc3ccc(F)cc3)c(O)c(=O)n2C)o1,6.045757490560675
O=C(NCc1ccc(F)cc1)C1C(=O)N(O)C(=O)c2ccccc21,7.221848749616356
O=C(NCc1ccc(O)cc1O)C1C(=O)N(O)C(=O)c2ccccc21,5.628932137728264
COc1ccc(NC(=O)C2C(=O)N(O)C(=O)c3ccccc32)cc1Cl,5.801342913045577
Cc1nnc(C(=O)NC(C)(C)c2nc(C(=O)NCc3ccc(F)cc3)c(O)c(=O)n2C)o1,8.154901959985743
CN(C(=O)C1C(=O)N(O)C(=O)c2ccccc21)c1ccccc1,5.251811972993799
O=C(NCCc1ccc(O)c(O)c1)C1C(=O)N(O)C(=O)c2ccccc21,6.528708288941061
COc1ccc(CCNC(=O)C2C(=O)N(O)C(=O)c3ccccc32)cc1OC,6.899629454882437
O=C(NCCc1ccc(F)cc1)C1C(=O)N(O)C(=O)c2ccccc21,6.698970004336019
O=C(NCc1ccc(F)cc1)C1C(=O)N(O)C(=O)c2ccccc21,7.00436480540245
O=C(NCc1ccc(O)c(O)c1)C1C(=O)N(O)C(=O)c2ccccc21,6.58838029403677
COc1ccc(CNC(=O)C2C(=O)N(O)C(=O)c3ccccc32)cc1OC,6.512861624522813
O=C(NCc1ccc(O)cc1O)C1C(=O)N(O)C(=O)c2ccccc21,6.242603971206976
COc1ccc(CNC(=O)C2C(=O)N(O)C(=O)c3ccccc32)c(OC)c1,6.5951662833800615
COc1ccc(CNC(=O)C2C(=O)N(O)C(=O)c3ccccc32)cc1,5.987162775294828
Cc1ccc(CNC(=O)C2C(=O)N(O)C(=O)c3ccccc32)cc1,7.075720713938118
O=C(NCc1ccccc1)C1C(=O)N(O)C(=O)c2ccccc21,7.522878745280337
O=C(Nc1ccc(F)cc1)C1C(=O)N(O)C(=O)c2ccccc21,5.950781977329818
O=C(Nc1cccc(F)c1)C1C(=O)N(O)C(=O)c2ccccc21,6.958607314841775
COc1ccc(NC(=O)C2C(=O)N(O)C(=O)c3ccccc32)cc1Cl,6.557520230935552
O=C(Nc1ccccc1)C1C(=O)N(O)C(=O)c2ccccc21,6.136677139879544
CN1C(=O)c2ccccc2C(C(=O)NCc2ccc(F)cc2)C1=O,3.6020599913279625
O=C1NC(=O)C(C(=O)NCc2ccc(F)cc2)c2ccccc21,4.102372908709558
Cc1nnc(C(=O)NC(C)(C)c2nc(C(=O)NCc3ccc(F)cc3)c(O)c(=O)n2C)o1,8.0
CN(C(=O)C1C(=O)N(O)C(=O)c2ccccc21)c1ccccc1,5.283162276700476
O=C(NCCc1ccc(O)c(O)c1)C1C(=O)N(O)C(=O)c2ccccc21,6.171984935776023
COc1ccc(CCNC(=O)C2C(=O)N(O)C(=O)c3ccccc32)cc1OC,6.305394801066432
O=C(NCCc1ccc(F)cc1)C1C(=O)N(O)C(=O)c2ccccc21,7.522878745280337
O=C(NCc1ccc(F)cc1)C1C(=O)N(O)C(=O)c2ccccc21,7.251811972993799
O=C(NCc1ccc(O)c(O)c1)C1C(=O)N(O)C(=O)c2ccccc21,6.688246138944246
COc1ccc(CNC(=O)C2C(=O)N(O)C(=O)c3ccccc32)cc1OC,6.628932137728263
O=C(NCc1ccc(O)cc1O)C1C(=O)N(O)C(=O)c2ccccc21,7.455931955649724
COc1ccc(CNC(=O)C2C(=O)N(O)C(=O)c3ccccc32)c(OC)c1,7.455931955649724
COc1ccc(CNC(=O)C2C(=O)N(O)C(=O)c3ccccc32)cc1,5.924453038607469
Cc1ccc(CNC(=O)C2C(=O)N(O)C(=O)c3ccccc32)cc1,7.119186407719209
O=C(NCc1ccccc1)C1C(=O)N(O)C(=O)c2ccccc21,7.096910013008056
O=C(Nc1ccc(F)cc1)C1C(=O)N(O)C(=O)c2ccccc21,6.096910013008056
O=C(Nc1cccc(F)c1)C1C(=O)N(O)C(=O)c2ccccc21,8.0
COc1ccc(NC(=O)C2C(=O)N(O)C(=O)c3ccccc32)cc1Cl,7.698970004336019
O=C(Nc1ccccc1)C1C(=O)N(O)C(=O)c2ccccc21,6.508638306165727
CN1C(=O)c2ccccc2C(C(=O)NCc2ccc(F)cc2)C1=O,3.6020599913279625
O=C1NC(=O)C(C(=O)NCc2ccc(F)cc2)c2ccccc21,3.701146923590293
CNC(=O)c1[nH]cnc1C(=O)Nc1ccccn1,4.698970004336019
NNC(=O)c1[nH]cnc1C(=O)Nc1ccccn1,4.698970004336019
Cc1ccc(NC(=O)c2[nH]cnc2C(=O)NN)cc1,4.698970004336019
O=C(Nc1ccccc1O)c1nc[nH]c1C(=O)N1CCNCC1,4.698970004336019
O=C(Nc1ccccc1O)c1nc[nH]c1C(=O)N1CCC(O)CC1,4.698970004336019
O=C(Nc1ccccc1O)c1nc[nH]c1C(=O)N1CCOCC1,4.698970004336019
O=C(Nc1ccccn1)c1nc[nH]c1C(=O)N1CCNCC1,4.698970004336019
O=C(Nc1ccccn1)c1nc[nH]c1C(=O)N1CCC(O)CC1,4.698970004336019
O=C(Nc1ccccn1)c1nc[nH]c1C(=O)N1CCOCC1,4.698970004336019
Nc1ccc(NC(=O)c2nc[nH]c2C(=O)O)cc1,4.698970004336019
O=C(Nc1ccc([N+](=O)[O-])cc1)c1nc[nH]c1C(=O)O,4.698970004336019
O=C(Nc1ccccn1)c1nc[nH]c1C(=O)O,4.698970004336019
COC(=O)c1[nH]cnc1C(=O)Nc1ccc(F)cc1,4.698970004336019
O=C(NCc1ccc(F)cc1)c1nc[nH]c1C(=O)O,4.698970004336019
O=C(Nc1ccc(F)cc1)c1nc[nH]c1C(=O)O,4.698970004336019
O=C(Nc1ccccc1)c1nc[nH]c1C(=O)O,4.698970004336019
CNC(=O)c1[nH]cnc1C(=O)Nc1ccccn1,4.698970004336019
NNC(=O)c1[nH]cnc1C(=O)Nc1ccccn1,4.698970004336019
Cc1ccc(NC(=O)c2[nH]cnc2C(=O)NN)cc1,4.698970004336019
O=C(Nc1ccccc1O)c1nc[nH]c1C(=O)N1CCNCC1,4.698970004336019
O=C(Nc1ccccc1O)c1nc[nH]c1C(=O)N1CCC(O)CC1,4.698970004336019
O=C(Nc1ccccc1O)c1nc[nH]c1C(=O)N1CCOCC1,4.698970004336019
O=C(Nc1ccccn1)c1nc[nH]c1C(=O)N1CCNCC1,4.698970004336019
O=C(Nc1ccccn1)c1nc[nH]c1C(=O)N1CCC(O)CC1,4.698970004336019
O=C(Nc1ccccn1)c1nc[nH]c1C(=O)N1CCOCC1,4.698970004336019
Nc1ccc(NC(=O)c2nc[nH]c2C(=O)O)cc1,4.698970004336019
O=C(Nc1ccc([N+](=O)[O-])cc1)c1nc[nH]c1C(=O)O,4.698970004336019
O=C(Nc1ccccn1)c1nc[nH]c1C(=O)O,4.698970004336019
COC(=O)c1[nH]cnc1C(=O)Nc1ccc(F)cc1,4.698970004336019
O=C(NCc1ccc(F)cc1)c1nc[nH]c1C(=O)O,4.698970004336019
O=C(Nc1ccc(F)cc1)c1nc[nH]c1C(=O)O,4.698970004336019
O=C(Nc1ccccc1)c1nc[nH]c1C(=O)O,4.698970004336019
Cc1nc(C(=O)NCc2ccc(F)cc2)c(O)c(=O)[nH]1,7.221848749616356
CC(C)(C)c1nc(C(=O)NCc2ccc(F)cc2)c(O)c(=O)n1CCCN,4.698970004336019
CC(C)(C)OC(=O)NCCCn1c(C(C)(C)C)nc(C(=O)NCc2ccc(F)cc2)c(O)c1=O,4.698970004336019
CC(C)(C)c1nc(C(=O)NCc2ccc(F)cc2)c(O)c(=O)n1CCC[N-]S(=O)(=O)C1CC1.[Na+],4.698970004336019
CC(C)(C)c1nc(C(=O)NCc2ccc(F)cc2)c(O)c(=O)n1CCC[N-]S(=O)(=O)c1ccccc1.[Na+],4.698970004336019
CCC(=O)NCCCn1c(C(C)(C)C)nc(C(=O)[N-]Cc2ccc(F)cc2)c(O)c1=O.[Na+],4.698970004336019
CC(C)(C)c1nc(C(=O)[N-]Cc2ccc(F)cc2)c(O)c(=O)n1CCCNC(=O)C1CC1.[Na+],4.698970004336019
CC(C)(C)c1nc(O)c(O)c(C(=O)NCc2ccc(F)cc2)n1,4.698970004336019
CC(=O)Nc1ccc(S(=O)(=O)NCCCn2c(C(C)(C)C)nc(C(=O)NCc3ccc(F)cc3)c(O)c2=O)cc1,4.698970004336019
CC(C)(C)C(=O)NCCCn1c(C(C)(C)C)nc(C(=O)NCc2ccc(F)cc2)c(O)c1=O,4.698970004336019
Cn1cnc(S(=O)(=O)NCCCn2c(C(C)(C)C)nc(C(=O)NCc3ccc(F)cc3)c(O)c2=O)c1,4.698970004336019
CC(C)(C)c1nc(C(=O)NCc2ccc(F)cc2)c(O)c(=O)n1CCCNC(=O)c1ccco1,4.698970004336019
CC(C)(C)c1nc(C(=O)NCc2ccc(F)cc2)c(O)c(=O)n1CCCNC(=O)Cc1cccs1,4.698970004336019
CC(C)(C)c1nc(C(=O)NCc2ccc(F)cc2)c(O)c(=O)n1CCCNC(=O)c1cccs1,4.698970004336019
CCS(=O)(=O)NCCCn1c(C(C)(C)C)nc(C(=O)NCc2ccc(F)cc2)c(O)c1=O,4.698970004336019
CC(C)(C)c1nc(C(=O)NCc2ccc(F)cc2)c(O)c(=O)n1CCCNS(=O)(=O)C1CC1,4.698970004336019
CC(C)(C)c1nc(C(=O)NCc2ccc(F)cc2)c(O)c(=O)n1CCCNS(=O)(=O)c1ccccc1,4.698970004336019
CCCC(=O)NCCCn1c(C(C)(C)C)nc(C(=O)NCc2ccc(F)cc2)c(O)c1=O,4.698970004336019
CCC(=O)NCCCn1c(C(C)(C)C)nc(C(=O)NCc2ccc(F)cc2)c(O)c1=O,4.698970004336019
CC(=O)NCCCn1c(C(C)(C)C)nc(C(=O)NCc2ccc(F)cc2)c(O)c1=O,4.698970004336019
CC(C)(C)c1nc(C(=O)NCc2ccc(F)cc2)c(O)c(=O)n1CCCNC(=O)c1ccccc1,4.698970004336019
CC(C)(C)c1nc(C(=O)NCc2ccc(F)cc2)c(O)c(=O)n1CCCNC(=O)C1CC1,4.698970004336019
CC(C)(C)c1nc(C(=O)NCc2ccc(F)cc2)c(O)c(=O)n1CCCN,4.698970004336019
CC(C)(C)OC(=O)NCCCn1c(C(C)(C)C)nc(C(=O)NCc2ccc(F)cc2)c(O)c1=O,4.698970004336019
CC(C)(C)c1nc(C(=O)NCc2ccc(F)cc2)c(O)c(=O)n1CCC[N-]S(=O)(=O)c1ccccc1.[Na+],4.698970004336019
CC(C)(C)C(=O)NCCCn1c(C(C)(C)C)nc(C(=O)NCc2ccc(F)cc2)c(O)c1=O,4.698970004336019
CC(C)(C)c1nc(C(=O)NCc2ccc(F)cc2)c(O)c(=O)n1CCCNC(=O)Cc1cccs1,4.698970004336019
CC(C)(C)c1nc(C(=O)NCc2ccc(F)cc2)c(O)c(=O)n1CCCNS(=O)(=O)C1CC1,4.698970004336019
CC(C)(C)c1nc(C(=O)NCc2ccc(F)cc2)c(O)c(=O)n1CCCNS(=O)(=O)c1ccccc1,4.698970004336019
CCCC(=O)NCCCn1c(C(C)(C)C)nc(C(=O)NCc2ccc(F)cc2)c(O)c1=O,4.698970004336019
CC(C)(C)c1nc(C(=O)NCc2ccc(F)cc2)c(O)c(=O)n1CCCNC(=O)c1cccs1,4.853871964321762
CC(C)(C)c1nc(C(=O)NCc2ccc(F)cc2)c(O)c(=O)n1CCCNC(=O)c1ccccc1,4.886056647693163
Cn1cnc(S(=O)(=O)NCCCn2c(C(C)(C)C)nc(C(=O)NCc3ccc(F)cc3)c(O)c2=O)c1,4.920818753952375
CC(C)(C)c1nc(C(=O)NCc2ccc(F)cc2)c(O)c(=O)n1CCC[N-]S(=O)(=O)C1CC1.[Na+],5.045757490560675
CC(=O)Nc1ccc(S(=O)(=O)NCCCn2c(C(C)(C)C)nc(C(=O)NCc3ccc(F)cc3)c(O)c2=O)cc1,5.096910013008056
CCS(=O)(=O)NCCCn1c(C(C)(C)C)nc(C(=O)NCc2ccc(F)cc2)c(O)c1=O,5.154901959985743
CCC(=O)NCCCn1c(C(C)(C)C)nc(C(=O)NCc2ccc(F)cc2)c(O)c1=O,5.221848749616356
CC(C)(C)c1nc(C(=O)[N-]Cc2ccc(F)cc2)c(O)c(=O)n1CCCNC(=O)C1CC1.[Na+],5.301029995663981
CCC(=O)NCCCn1c(C(C)(C)C)nc(C(=O)[N-]Cc2ccc(F)cc2)c(O)c1=O.[Na+],5.3979400086720375
CC(C)(C)c1nc(C(=O)NCc2ccc(F)cc2)c(O)c(=O)n1CCCNC(=O)c1ccco1,5.522878745280337
CC(C)(C)c1nc(C(=O)NCc2ccc(F)cc2)c(O)c(=O)n1CCCNC(=O)C1CC1,5.522878745280337
CC(C)(C)c1nc(O)c(O)c(C(=O)NCc2ccc(F)cc2)n1,5.698970004336019
CC(=O)NCCCn1c(C(C)(C)C)nc(C(=O)NCc2ccc(F)cc2)c(O)c1=O,5.698970004336019
O=C(/C=C(\O)c1nc[nH]n1)c1ccc(Cc2ccc(F)cc2)o1,4.958607314841775
COc1ccc2c(c1)cc(C(=O)CC(=O)C(=O)O)c1ccccc12,4.494850021680094
COc1ccc2c(c1)cc(C(=O)CC(=O)C(=O)O)c1c(F)cccc12,4.356547323513812
O=C(O)C(=O)CC(=O)c1ccc2ccc3c(Cl)cccc3c2c1,4.958607314841775
O=C(O)C(=O)CC(=O)c1ccc2c(ccc3c(Cl)cccc32)c1,4.721246399047171
O=C(O)C(=O)CC(=O)c1ccc2c(ccc3ccc(Cl)cc32)c1,5.301029995663981
O=C(O)C(=O)CC(=O)c1ccc2c(ccc3cc(Cl)ccc32)c1,4.920818753952375
O=C(O)C(=O)CC(=O)c1ccc2ccc3cc(F)ccc3c2c1F,4.200659450546418
O=C(O)C(=O)CC(=O)c1ccc2ccc3ccccc3c2c1F,4.080921907623926
O=C(O)C(=O)CC(=O)c1ccc2c(ccc3c(F)cccc32)c1,4.455931955649724
O=C(O)C(=O)CC(=O)c1ccc2ccc3c(F)cccc3c2c1,4.958607314841775
O=C(/C=C(\O)c1nc[nH]n1)c1ccc(Cc2ccc(F)cc2)o1,6.221848749616356
COc1ccc2c(c1)cc(C(=O)CC(=O)C(=O)O)c1ccccc12,5.522878745280337
COc1ccc2c(c1)cc(C(=O)CC(=O)C(=O)O)c1c(F)cccc12,5.221848749616356
O=C(O)C(=O)CC(=O)c1ccc2ccc3c(Cl)cccc3c2c1,5.920818753952375
O=C(O)C(=O)CC(=O)c1ccc2c(ccc3c(Cl)cccc32)c1,5.3979400086720375
O=C(O)C(=O)CC(=O)c1ccc2c(ccc3ccc(Cl)cc32)c1,5.886056647693163
O=C(O)C(=O)CC(=O)c1ccc2c(ccc3cc(Cl)ccc32)c1,5.853871964321762
O=C(O)C(=O)CC(=O)c1ccc2ccc3cc(F)ccc3c2c1F,5.096910013008056
O=C(O)C(=O)CC(=O)c1ccc2ccc3ccccc3c2c1F,4.200659450546418
O=C(O)C(=O)CC(=O)c1ccc2c(ccc3c(F)cccc32)c1,5.3979400086720375
O=C(O)C(=O)CC(=O)c1ccc2ccc3c(F)cccc3c2c1,5.522878745280337
O=C(O)C(=O)CC(=O)c1ccc(NC(=O)c2ccccc2)s1,5.721246399047171
Cc1nnc(C(=O)NC(C)(C)c2nc(C(=O)NCc3ccc(F)cc3)c(O)c(=O)n2C)o1,8.154901959985743
O=C(/C=C/c1cccn1Cc1cc(Cl)cc(Cl)c1)CC(=O)C(=O)O,6.013228265733755
O=C(/C=C/c1cccn1Cc1c(Cl)cccc1Cl)CC(=O)C(=O)O,6.769551078621726
O=C(/C=C/c1cccn1Cc1ccc(Cl)cc1Cl)CC(=O)C(=O)O,5.309803919971486
O=C(/C=C/c1cccn1Cc1cc(F)cc(F)c1)CC(=O)C(=O)O,5.920818753952375
O=C(/C=C/c1cccn1Cc1ccc(F)c(F)c1)CC(=O)C(=O)O,5.795880017344075
O=C(/C=C/c1cccn1Cc1c(F)cccc1F)CC(=O)C(=O)O,6.823908740944319
O=C(/C=C/c1cccn1Cc1cc(F)ccc1F)CC(=O)C(=O)O,7.2839966563652006
O=C(/C=C/c1cccn1Cc1ccc(F)cc1F)CC(=O)C(=O)O,7.376750709602099
O=C(/C=C/c1cccn1Cc1cccc(F)c1F)CC(=O)C(=O)O,7.229147988357855
Cc1cc(C)cc(Cn2cccc2/C=C/C(=O)CC(=O)C(=O)O)c1,5.795880017344075
CCOc1ccccc1Cn1cccc1/C=C/C(=O)CC(=O)C(=O)O,6.508638306165727
COc1ccc(Cn2cccc2/C=C/C(=O)CC(=O)C(=O)O)cc1,5.3872161432802645
COc1ccccc1Cn1cccc1/C=C/C(=O)CC(=O)C(=O)O,6.275724130399211
N#Cc1ccc(Cn2cccc2/C=C/C(=O)CC(=O)C(=O)O)cc1,5.769551078621726
N#Cc1cccc(Cn2cccc2/C=C/C(=O)CC(=O)C(=O)O)c1,6.1249387366083
N#Cc1ccccc1Cn1cccc1/C=C/C(=O)CC(=O)C(=O)O,5.221848749616356
O=C(/C=C/c1cccn1Cc1ccc(Cl)cc1)CC(=O)C(=O)O,5.3872161432802645
O=C(/C=C/c1cccn1Cc1cccc(Cl)c1)CC(=O)C(=O)O,6.508638306165727
O=C(/C=C/c1cccn1Cc1ccc(F)cc1)CC(=O)C(=O)O,7.585026652029182
O=C(/C=C/c1cccn1Cc1cccc(F)c1)CC(=O)C(=O)O,6.036212172654444
O=C(/C=C/c1cccn1Cc1ccccc1F)CC(=O)C(=O)O,6.008773924307505
Cc1ccc(Cn2cccc2/C=C/C(=O)CC(=O)C(=O)O)cc1,5.920818753952375
Cc1cccc(Cn2cccc2/C=C/C(=O)CC(=O)C(=O)O)c1,5.886056647693163
Cc1ccccc1Cn1cccc1/C=C/C(=O)CC(=O)C(=O)O,6.769551078621726
O=C(/C=C/c1cccn1Cc1ccccc1)CC(=O)C(=O)O,7.045757490560675
CCOC(=O)C(=O)CC(=O)/C=C/c1cccn1Cc1cc(Cl)cc(Cl)c1,5.096910013008056
CCOC(=O)C(=O)CC(=O)/C=C/c1cccn1Cc1c(Cl)cccc1Cl,5.769551078621726
CCOC(=O)C(=O)CC(=O)/C=C/c1cccn1Cc1ccc(Cl)cc1Cl,3.9546770212133424
CCOC(=O)C(=O)CC(=O)/C=C/c1cccn1Cc1cc(F)cc(F)c1,6.309803919971486
CCOC(=O)C(=O)CC(=O)/C=C/c1cccn1Cc1ccc(F)c(F)c1,6.221848749616356
CCOC(=O)C(=O)CC(=O)/C=C/c1cccn1Cc1c(F)cccc1F,5.3979400086720375
CCOC(=O)C(=O)CC(=O)/C=C/c1cccn1Cc1cc(F)ccc1F,6.346787486224656
CCOC(=O)C(=O)CC(=O)/C=C/c1cccn1Cc1ccc(F)cc1F,6.0
CCOC(=O)C(=O)CC(=O)/C=C/c1cccn1Cc1cccc(F)c1F,6.275724130399211
CCOC(=O)C(=O)CC(=O)/C=C/c1cccn1Cc1cc(C)cc(C)c1,4.721246399047171
CCOC(=O)C(=O)CC(=O)/C=C/c1cccn1Cc1ccccc1OCC,4.920818753952375
CCOC(=O)C(=O)CC(=O)/C=C/c1cccn1Cc1ccc(OC)cc1,3.958607314841775
CCOC(=O)C(=O)CC(=O)/C=C/c1cccn1Cc1ccccc1OC,4.638272163982407
CCOC(=O)C(=O)CC(=O)/C=C/c1cccn1Cc1ccc(C#N)cc1,3.9546770212133424
CCOC(=O)C(=O)CC(=O)/C=C/c1cccn1Cc1cccc(C#N)c1,4.886056647693163
CCOC(=O)C(=O)CC(=O)/C=C/c1cccn1Cc1ccccc1C#N,5.045757490560675
CCOC(=O)C(=O)CC(=O)/C=C/c1cccn1Cc1ccc(Cl)cc1,4.376750709602099
CCOC(=O)C(=O)CC(=O)/C=C/c1cccn1Cc1cccc(Cl)c1,5.221848749616356
CCOC(=O)C(=O)CC(=O)/C=C/c1cccn1Cc1ccc(F)cc1,4.008773924307505
CCOC(=O)C(=O)CC(=O)/C=C/c1cccn1Cc1cccc(F)c1,4.958607314841775
CCOC(=O)C(=O)CC(=O)/C=C/c1cccn1Cc1ccccc1F,6.0
CCOC(=O)C(=O)CC(=O)/C=C/c1cccn1Cc1ccc(C)cc1,3.9546770212133424
CCOC(=O)C(=O)CC(=O)/C=C/c1cccn1Cc1cccc(C)c1,5.096910013008056
CCOC(=O)C(=O)CC(=O)/C=C/c1cccn1Cc1ccccc1C,4.494850021680094
CCOC(=O)C(=O)CC(=O)/C=C/c1cccn1Cc1ccccc1,4.823908740944319
Cc1nnc(C(=O)NC(C)(C)c2nc(C(=O)NCc3ccc(F)cc3)c(O)c(=O)n2C)o1,6.920818753952375
CC(C)=CCC1C(C)=CCc2c(O)ccc(O)c21,4.939302159646388
CC(C)=CCC1C(C)=CCc2c1ccc(O)c2O,4.954677021213342
CC(C)=CCCC1=CCc2ccc(O)c(O)c2C1,4.872895201635193
NC(Cc1ccc(Cl)c(Cl)c1)(P(=O)(O)O)P(=O)(O)O,5.154901959985743
O=P(O)(O)C(O)(Cc1ccc(Cl)c(Cl)c1)P(=O)(O)O,4.455931955649724
NC(Cc1ccc(Cl)c(Cl)c1)(P(=O)(O)O)P(=O)(O)O,5.154901959985743
O=P(O)(O)C(O)(Cc1ccc(Cl)c(Cl)c1)P(=O)(O)O,4.455931955649724
NC(Cc1ccc(Cl)c(Cl)c1)(P(=O)(O)O)P(=O)(O)O,5.154901959985743
O=P(O)(O)C(O)(Cc1ccc(Cl)c(Cl)c1)P(=O)(O)O,4.455931955649724
NC(Cc1ccc(Cl)c(Cl)c1)(P(=O)(O)O)P(=O)(O)O,5.154901959985743
O=P(O)(O)C(O)(Cc1ccc(Cl)c(Cl)c1)P(=O)(O)O,4.455931955649724
O=P(O)(O)C(Cc1ccc(Cl)c(Cl)c1)P(=O)(O)O,5.221848749616356
NC(Cc1ccc(Cl)c(Cl)c1)(P(=O)(O)O)P(=O)(O)O,5.698970004336019
O=P(O)(O)C(O)(Cc1ccc(Cl)cc1)P(=O)(O)O,5.096910013008056
O=P(O)(O)C(O)(Cc1ccc(Cl)c(Cl)c1)P(=O)(O)O,5.346787486224656
O=P(O)(O)C(Cc1ccc(Cl)c(Cl)c1)P(=O)(O)O,3.6020599913279625
NC(Cc1ccc(Cl)c(Cl)c1)(P(=O)(O)O)P(=O)(O)O,5.154901959985743
O=P(O)(O)C(O)(Cc1ccc(Cl)cc1)P(=O)(O)O,3.6020599913279625
O=P(O)(O)C(O)(Cc1ccc(Cl)c(Cl)c1)P(=O)(O)O,3.6020599913279625
O=P(O)(O)C(Cc1ccc(Cl)c(Cl)c1)(Cc1ccc(Cl)c(Cl)c1)P(=O)(O)O,6.096910013008056
O=P(O)(O)C(Cc1ccc(Cl)c(Cl)c1)P(=O)(O)O,5.301029995663981
NC(Cc1ccc(Cl)c(Cl)c1)(P(=O)(O)O)P(=O)(O)O,5.698970004336019
O=P(O)(O)C(O)(Cc1ccc(Cl)cc1)P(=O)(O)O,5.221848749616356
O=P(O)(O)C(O)(Cc1ccc(Cl)c(Cl)c1)P(=O)(O)O,5.3979400086720375
O=P(O)(O)C(Cc1ccc(Cl)c(Cl)c1)(Cc1ccc(Cl)c(Cl)c1)P(=O)(O)O,4.795880017344075
O=P(O)(O)C(Cc1ccc(Cl)c(Cl)c1)P(=O)(O)O,4.522878745280337
NC(Cc1ccc(Cl)c(Cl)c1)(P(=O)(O)O)P(=O)(O)O,5.522878745280337
O=P(O)(O)C(O)(Cc1ccc(Cl)cc1)P(=O)(O)O,4.376750709602099
O=P(O)(O)C(O)(Cc1ccc(Cl)c(Cl)c1)P(=O)(O)O,4.346787486224656
O=P(O)(O)C(Cc1ccc(Cl)c(Cl)c1)(Cc1ccc(Cl)c(Cl)c1)P(=O)(O)O,6.096910013008056
O=P(O)(O)C(Cc1ccc(Cl)c(Cl)c1)P(=O)(O)O,5.301029995663981
NC(Cc1ccc(Cl)c(Cl)c1)(P(=O)(O)O)P(=O)(O)O,5.698970004336019
O=P(O)(O)C(O)(Cc1ccc(Cl)cc1)P(=O)(O)O,5.301029995663981
O=P(O)(O)C(O)(Cc1ccc(Cl)c(Cl)c1)P(=O)(O)O,5.301029995663981
O=P(O)(O)C(Cc1ccc(Cl)c(Cl)c1)(Cc1ccc(Cl)c(Cl)c1)P(=O)(O)O,4.698970004336019
O=P(O)(O)C(Cc1ccc(Cl)c(Cl)c1)P(=O)(O)O,4.522878745280337
NC(Cc1ccc(Cl)c(Cl)c1)(P(=O)(O)O)P(=O)(O)O,5.154901959985743
O=P(O)(O)C(O)(Cc1ccc(Cl)cc1)P(=O)(O)O,4.698970004336019
O=P(O)(O)C(O)(Cc1ccc(Cl)c(Cl)c1)P(=O)(O)O,4.455931955649724
O=P(O)(O)C(Cc1ccc(Cl)c(Cl)c1)(Cc1ccc(Cl)c(Cl)c1)P(=O)(O)O,3.3010299956639813
O=P(O)(O)C(Cc1ccc(Cl)c(Cl)c1)P(=O)(O)O,3.3010299956639813
NC(Cc1ccc(Cl)c(Cl)c1)(P(=O)(O)O)P(=O)(O)O,3.3010299956639813
O=P(O)(O)C(O)(Cc1ccc(Cl)cc1)P(=O)(O)O,3.3010299956639813
O=P(O)(O)C(O)(Cc1ccc(Cl)c(Cl)c1)P(=O)(O)O,3.3010299956639813
O=P(O)(O)C(Cc1ccc(Cl)c(Cl)c1)(Cc1ccc(Cl)c(Cl)c1)P(=O)(O)O,4.0
O=P(O)(O)C(Cc1ccc(Cl)c(Cl)c1)P(=O)(O)O,3.886056647693163
NC(Cc1ccc(Cl)c(Cl)c1)(P(=O)(O)O)P(=O)(O)O,3.5917600346881504
O=P(O)(O)C(O)(Cc1ccc(Cl)cc1)P(=O)(O)O,4.154901959985743
O=P(O)(O)C(O)(Cc1ccc(Cl)c(Cl)c1)P(=O)(O)O,3.8239087409443187
O=C(c1ccccc1)c1ccc(C(c2c(O)c3ccccc3oc2=O)c2c(O)c3ccccc3oc2=O)cc1,4.568636235841013
O=C(c1ccccc1)c1ccc(C(c2c(O)c3ccccc3oc2=O)c2c(O)c3ccccc3oc2=O)cc1,4.7447274948966935
O=C(CN1CCCC1)Nc1ccc(Cc2ccc(NC(=O)CN3CCCC3)cc2)cc1,5.137272471682025
COC(=O)[C@H](COC(=O)/C=C/c1ccc(OC(C)=O)c(OC(C)=O)c1)NC(=O)/C=C/c1ccc(OC(C)=O)c(OC(C)=O)c1,5.522878745280337
COC(=O)[C@H](COC(=O)/C=C/c1ccc(OC(C)=O)c(OC(C)=O)c1)NC(=O)/C=C/c1ccc(OC(C)=O)c(OC(C)=O)c1,5.522878745280337
COc1cccc2cc(C(=O)NCc3ccc(F)cc3F)c(=O)n(O)c12,3.4775557664936803
O=C(NCc1ccc(F)cc1F)c1cc2ccccc2n(O)c1=O,4.705533773838407
O=C(NCc1ccc(F)cc1F)c1c(O)c2cccnc2[nH]c1=O,5.1487416512809245
O=C(NCc1ccc(F)c(F)c1)c1c(O)c2cccnc2[nH]c1=O,5.0915149811213505
O=C(NCc1ccc(F)c(Cl)c1)c1c(O)c2cccnc2[nH]c1=O,5.107905397309519
O=C(NCc1ccc(F)cc1F)c1c(O)c2cccnc2n(O)c1=O,7.259637310505756
O=C(NCc1ccc(F)c(F)c1)c1c(O)c2cccnc2n(O)c1=O,7.3979400086720375
O=C(NCc1ccc(F)c(Cl)c1)c1c(O)c2cccnc2n(O)c1=O,7.568636235841013
O=C(NCc1ccc(F)cc1F)c1cc2cccnc2n(O)c1=O,7.3872161432802645
O=C(NCc1ccc(F)c(F)c1)c1cc2cccnc2n(O)c1=O,7.769551078621726
O=C(NCc1ccc(F)c(Cl)c1)c1cc2cccnc2n(O)c1=O,7.853871964321762
O=C(NCc1ccc(F)cc1F)c1cc2cccc(O)c2n(O)c1=O,4.7447274948966935
O=C(NCc1ccc(F)c(F)c1)c1cc2cccc(O)c2n(O)c1=O,6.107905397309519
O=C(NCc1ccc(F)c(Cl)c1)c1cc2cccc(O)c2n(O)c1=O,6.275724130399211
COc1cccc2cc(C(=O)NCc3ccc(F)cc3F)c(=O)n(O)c12,3.4775557664936803
O=C(NCc1ccc(F)cc1F)c1cc2ccccc2n(O)c1=O,3.4775557664936803
O=C(NCc1ccc(F)cc1F)c1c(O)c2cccnc2[nH]c1=O,3.4775557664936803
O=C(NCc1ccc(F)c(F)c1)c1c(O)c2cccnc2[nH]c1=O,4.031517051446065
O=C(NCc1ccc(F)c(Cl)c1)c1c(O)c2cccnc2[nH]c1=O,3.9030899869919438
O=C(NCc1ccc(F)cc1F)c1c(O)c2cccnc2n(O)c1=O,5.920818753952375
O=C(NCc1ccc(F)c(F)c1)c1c(O)c2cccnc2n(O)c1=O,5.443697499232712
O=C(NCc1ccc(F)c(Cl)c1)c1c(O)c2cccnc2n(O)c1=O,5.327902142064283
O=C(NCc1ccc(F)cc1F)c1cc2cccnc2n(O)c1=O,5.214670164989233
O=C(NCc1ccc(F)c(F)c1)c1cc2cccnc2n(O)c1=O,4.866461091629782
O=C(NCc1ccc(F)c(Cl)c1)c1cc2cccnc2n(O)c1=O,5.026872146400302
O=C(NCc1ccc(F)cc1F)c1cc2cccc(O)c2n(O)c1=O,4.366531544420414
O=C(NCc1ccc(F)c(F)c1)c1cc2cccc(O)c2n(O)c1=O,4.619788758288394
O=C(NCc1ccc(F)c(Cl)c1)c1cc2cccc(O)c2n(O)c1=O,4.769551078621726
CCCCCCCCCCCCCCCCCC[n+]1ccn(C)c1.O=S(=O)([N-]S(=O)(=O)C(F)(F)F)C(F)(F)F,5.3979400086720375
CCCCCCCCCCCCCCCC[n+]1ccn(C)c1.[Cl-],5.251811972993799
CCCCCCCCCCCCCCCCCC[n+]1ccn(C)c1.[Cl-],5.455931955649724
CCCCCCCC[N+](C)(CCCCCCCC)CCCCCCCC.O=S(=O)([N-]S(=O)(=O)C(F)(F)F)C(F)(F)F,4.0
CCCCCCCC[n+]1ccn(C)c1.F[P-](F)(F)(F)(F)F,4.0
CCCCCCCCCCCCCCCCCCPCCCCCCCCCCCCCC.O=S(=O)(NS(=O)(=O)C(F)(F)F)C(F)(F)F,4.0
CCCCCCCC[N+]1(C)CCCC1,4.0
CCCCCCCC[n+]1ccccc1.[Cl-],4.0
CN(C)C(N(C)C)N(C)C.Cc1ccc(S(=O)(=O)O)cc1,4.0
CCCC[n+]1ccn(C)c1.O=S(=O)([N-]S(=O)(=O)C(F)(F)F)C(F)(F)F,3.4775557664936803
CCCCCC[n+]1ccn(C)c1.O=S(=O)([N-]S(=O)(=O)C(F)(F)F)C(F)(F)F,3.4775557664936803
CCCCCCCCCCn1cc[n+](C)c1.[Cl-],3.4775557664936803
CCCCCCCCCCn1cc[n+](C)c1.F[B-](F)(F)F,3.4775557664936803
CCCCCCCCCCCCCCCCCC[n+]1ccn(C)c1.FC(F)(F)C(F)(F)[P-](F)(F)(F)(C(F)(F)C(F)(F)F)C(F)(F)C(F)(F)F,3.4775557664936803
COCC[n+]1ccn(C)c1.O=S(=O)([N-]S(=O)(=O)C(F)(F)F)C(F)(F)F,3.4775557664936803
CCCCCCCCCCn1ccnc1,3.4775557664936803
CCCCCCCCCCCCCCCCCCn1ccnc1,3.4775557664936803
C[N+](C)(C)C.O=C1O[B-]2(OC1=O)OC(=O)C(=O)O2,3.4775557664936803
CC[N+](C)(C)CCOC.O=S(=O)([N-]S(=O)(=O)C(F)(F)F)C(F)(F)F,3.4775557664936803
CCC[N+](C)(C)CC.O=S(=O)([N-]S(=O)(=O)C(F)(F)F)C(F)(F)F,3.4775557664936803
CCCC[N+](CCCC)(CCCC)CCCC.O=S(=O)([N-]S(=O)(=O)C(F)(F)F)C(F)(F)F,3.4775557664936803
CCCC[N+](CCCC)(CCCC)CCCC.FC(F)(F)C(F)(F)[P-](F)(F)(F)(C(F)(F)C(F)(F)F)C(F)(F)C(F)(F)F,3.4775557664936803
CCCCCCCCN(CCCCCCCC)CCCCCCCC,3.4775557664936803
CCCCCCCCN(C)CCCCCCCC,3.4775557664936803
CCCCCCCC[n+]1ccn(C)c1.F[P-](F)(F)(F)(F)F,4.0
CCCCCCCCCCCCCCCCCCPCCCCCCCCCCCCCC.O=S(=O)(NS(=O)(=O)C(F)(F)F)C(F)(F)F,4.0
CCCCCCCC[N+]1(C)CCCC1,4.0
CCCCCCCC[n+]1ccccc1.[Cl-],4.0
CN(C)C(N(C)C)N(C)C.Cc1ccc(S(=O)(=O)O)cc1,4.0
CCCC[n+]1ccn(C)c1.O=S(=O)([N-]S(=O)(=O)C(F)(F)F)C(F)(F)F,3.4775557664936803
CCCCCCCCCCn1cc[n+](C)c1.[Cl-],3.4775557664936803
CCCCCCCCCCn1cc[n+](C)c1.F[B-](F)(F)F,3.4775557664936803
COCC[n+]1ccn(C)c1.O=S(=O)([N-]S(=O)(=O)C(F)(F)F)C(F)(F)F,3.4775557664936803
CCCCCCCCCCn1ccnc1,3.4775557664936803
CCCCCCCCCCCCCCCCCCn1ccnc1,3.4775557664936803
CC[N+](C)(C)CCOC.O=S(=O)([N-]S(=O)(=O)C(F)(F)F)C(F)(F)F,3.4775557664936803
CCC[N+](C)(C)CC.O=S(=O)([N-]S(=O)(=O)C(F)(F)F)C(F)(F)F,3.4775557664936803
CCCC[N+](CCCC)(CCCC)CCCC.O=S(=O)([N-]S(=O)(=O)C(F)(F)F)C(F)(F)F,3.4775557664936803
CCCCCCCCN(CCCCCCCC)CCCCCCCC,3.4775557664936803
CCCCCCCCN(C)CCCCCCCC,3.4775557664936803
CCCCCCCCCCCCCCCCCC[n+]1ccn(C)c1.O=S(=O)([N-]S(=O)(=O)C(F)(F)F)C(F)(F)F,5.795880017344075
CCCCCCCCCCCC[n+]1ccn(C)c1.[Cl-],4.142667503568732
CCCCCCCCCCCCCCn1cc[n+](C)c1.[Cl-],4.2580609222708015
CCCCCCCCCCCCCCCC[n+]1ccn(C)c1.[Cl-],5.6020599913279625
CCCCCCCCCCCCCCCCCC[n+]1ccn(C)c1.[Cl-],5.769551078621726
CCCCCCCCCCCCCCCCCC[n+]1ccn(C)c1.F[P-](F)(F)(F)(F)F,5.769551078621726
C[N+](C)(C)C.FC(F)(F)C(F)(F)[P-](F)(F)(F)(C(F)(F)C(F)(F)F)C(F)(F)C(F)(F)F,3.8601209135987635
CCCCCCCC[N+](C)(CCCCCCCC)CCCCCCCC.O=C([O-])C(F)(F)F,5.167491087293763
CCCCCCCC[N+](C)(CCCCCCCC)CCCCCCCC.O=S(=O)([O-])C(F)(F)F,5.045757490560675
CCCCCCCC[N+](C)(CCCCCCCC)CCCCCCCC.O=S(=O)([N-]S(=O)(=O)C(F)(F)F)C(F)(F)F,5.180456064458132
CCCCCCCCCCCCCCCCCC[n+]1ccn(C)c1.O=S(=O)([N-]S(=O)(=O)C(F)(F)F)C(F)(F)F,5.815308569182402
CCCCCC[n+]1ccn(C)c1.O=S(=O)([N-]S(=O)(=O)C(F)(F)F)C(F)(F)F,3.6020599913279625
CCCCCCCCCCCC[n+]1ccn(C)c1.[Cl-],4.436518914605589
CCCCCCCCCCCCCCn1cc[n+](C)c1.[Cl-],4.694648630553377
CCCCCCCCCCCCCCCC[n+]1ccn(C)c1.[Cl-],5.886056647693163
CCCCCCCCCCCCCCCCCC[n+]1ccn(C)c1.[Cl-],5.958607314841775
CCCCCCCCCCCCCCCCCC[n+]1ccn(C)c1.F[P-](F)(F)(F)(F)F,5.853871964321762
CCCCCCCCCCCCCCCCCC[n+]1ccn(C)c1.FC(F)(F)C(F)(F)[P-](F)(F)(F)(C(F)(F)C(F)(F)F)C(F)(F)C(F)(F)F,4.376750709602099
C[N+](C)(C)C.O=C1O[B-]2(OC1=O)OC(=O)C(=O)O2,3.5086383061657274
C[N+](C)(C)C.FC(F)(F)C(F)(F)[P-](F)(F)(F)(C(F)(F)C(F)(F)F)C(F)(F)C(F)(F)F,4.414539270491499
CCCC[N+](CCCC)(CCCC)CCCC.FC(F)(F)C(F)(F)[P-](F)(F)(F)(C(F)(F)C(F)(F)F)C(F)(F)C(F)(F)F,3.5128616245228135
CCCCCCCC[N+](C)(CCCCCCCC)CCCCCCCC.O=C([O-])C(F)(F)F,5.552841968657781
CCCCCCCC[N+](C)(CCCCCCCC)CCCCCCCC.O=S(=O)([O-])C(F)(F)F,5.213248577854439
COc1cc(F)ccc1Cn1ccc2c3c(ncc21)C(=O)N(O)CC3,7.392544976785332
CCOC(=O)/C(O)=C/C(=O)c1cn(Cc2ccc(F)cc2)c2cc(N3CCNCC3)ccc2c1=O,4.619788758288394
CCOC(=O)/C(O)=C/C(=O)c1cn(Cc2ccc(F)cc2)c2cc(N3CCN(C)CC3)ccc2c1=O,6.221848749616356
CCOC(=O)/C(O)=C/C(=O)c1cn(Cc2ccc(F)cc2)c2cc(N3CCN(CC)CC3)ccc2c1=O,5.619788758288394
CCOC(=O)/C(O)=C/C(=O)c1cn(Cc2ccc(F)cc2)c2cc(N3CCN(C(C)=O)CC3)ccc2c1=O,6.769551078621726
CCOC(=O)/C(O)=C/C(=O)c1cn(Cc2ccc(F)cc2)c2cc(N3CCOCC3)ccc2c1=O,5.6777807052660805
CCOC(=O)/C(O)=C/C(=O)c1cn(Cc2ccc(F)cc2)c2cc(N(C)C)ccc2c1=O,5.5376020021010435
CCOC(=O)/C(O)=C/C(=O)c1cn(Cc2ccc(F)cc2)c2cc(N3CCN(CCCCl)CC3)ccc2c1=O,5.886056647693163
O=C(O)/C(O)=C/C(=O)c1cn(Cc2ccc(F)cc2)c2cc(N3CCNCC3)ccc2c1=O,5.698970004336019
CN1CCN(c2ccc3c(=O)c(C(=O)/C=C(\O)C(=O)O)cn(Cc4ccc(F)cc4)c3c2)CC1,7.0
CCN1CCN(c2ccc3c(=O)c(C(=O)/C=C(\O)C(=O)O)cn(Cc4ccc(F)cc4)c3c2)CC1,6.6777807052660805
CC(=O)N1CCN(c2ccc3c(=O)c(C(=O)/C=C(\O)C(=O)O)cn(Cc4ccc(F)cc4)c3c2)CC1,7.096910013008056
O=C(O)/C(O)=C/C(=O)c1cn(Cc2ccc(F)cc2)c2cc(N3CCSCC3)ccc2c1=O,6.443697499232712
O=C(O)/C(O)=C/C(=O)c1cn(Cc2ccc(F)cc2)c2cc(N3CCOCC3)ccc2c1=O,7.096910013008056
CN(C)c1ccc2c(=O)c(C(=O)/C=C(\O)C(=O)O)cn(Cc3ccc(F)cc3)c2c1,6.823908740944319
O=C(O)/C(O)=C/C(=O)c1cn(Cc2ccc(F)cc2)c2cc(N3CCN(CCCCl)CC3)ccc2c1=O,7.301029995663981
COc1cc2c(cc1Cc1cccc(Cl)c1F)c(=O)c(C(=O)O)cn2[C@H](CO)C(C)C,7.552841968657781
Cc1nnc(C(=O)NC(C)(C)c2nc(C(=O)NCc3ccc(F)cc3)c(O)c(=O)n2C)o1,7.060480747381382
CCOC(=O)/C(O)=C/C(=O)c1cn(Cc2ccc(F)cc2)c2cc(N3CCNCC3)ccc2c1=O,3.4775557664936803
CCOC(=O)/C(O)=C/C(=O)c1cn(Cc2ccc(F)cc2)c2cc(N3CCN(C)CC3)ccc2c1=O,4.251811972993799
CCOC(=O)/C(O)=C/C(=O)c1cn(Cc2ccc(F)cc2)c2cc(N3CCN(CC)CC3)ccc2c1=O,3.9546770212133424
CCOC(=O)/C(O)=C/C(=O)c1cn(Cc2ccc(F)cc2)c2cc(N3CCN(C(C)=O)CC3)ccc2c1=O,4.769551078621726
CCOC(=O)/C(O)=C/C(=O)c1cn(Cc2ccc(F)cc2)c2cc(N3CCOCC3)ccc2c1=O,3.9546770212133424
CCOC(=O)/C(O)=C/C(=O)c1cn(Cc2ccc(F)cc2)c2cc(N(C)C)ccc2c1=O,4.3872161432802645
CCOC(=O)/C(O)=C/C(=O)c1cn(Cc2ccc(F)cc2)c2cc(N3CCN(CCCCl)CC3)ccc2c1=O,3.9913998282380825
O=C(O)/C(O)=C/C(=O)c1cn(Cc2ccc(F)cc2)c2cc(N3CCNCC3)ccc2c1=O,4.187086643357144
CN1CCN(c2ccc3c(=O)c(C(=O)/C=C(\O)C(=O)O)cn(Cc4ccc(F)cc4)c3c2)CC1,5.070581074285707
CCN1CCN(c2ccc3c(=O)c(C(=O)/C=C(\O)C(=O)O)cn(Cc4ccc(F)cc4)c3c2)CC1,4.638272163982407
CC(=O)N1CCN(c2ccc3c(=O)c(C(=O)/C=C(\O)C(=O)O)cn(Cc4ccc(F)cc4)c3c2)CC1,5.070581074285707
O=C(O)/C(O)=C/C(=O)c1cn(Cc2ccc(F)cc2)c2cc(N3CCSCC3)ccc2c1=O,4.522878745280337
O=C(O)/C(O)=C/C(=O)c1cn(Cc2ccc(F)cc2)c2cc(N3CCOCC3)ccc2c1=O,4.886056647693163
CN(C)c1ccc2c(=O)c(C(=O)/C=C(\O)C(=O)O)cn(Cc3ccc(F)cc3)c2c1,5.292429823902063
O=C(O)/C(O)=C/C(=O)c1cn(Cc2ccc(F)cc2)c2cc(N3CCN(CCCCl)CC3)ccc2c1=O,5.337242168318426
COc1cc2c(cc1Cc1cccc(Cl)c1F)c(=O)c(C(=O)O)cn2[C@H](CO)C(C)C,5.0915149811213505
Cc1nnc(C(=O)NC(C)(C)c2nc(C(=O)NCc3ccc(F)cc3)c(O)c(=O)n2C)o1,4.892790030352131
O=C(O)/C(O)=C/C(=O)c1cn(Cc2ccc(C(F)(F)F)cc2)c2ccc(Cl)cc12,6.585026652029182
O=C(O)/C(O)=C/C(=O)c1cn(Cc2ccc(C(F)(F)F)cc2)c2ccc(F)cc12,5.809668301829708
Cc1cc(C)c(Cn2cc(C(=O)/C=C(\O)C(=O)O)c3cc(F)ccc32)c(C)c1,5.600326278518962
COc1ccc2c(c1)c(C(=O)/C=C(\O)C(=O)O)cn2Cc1cc(C)cc(C)c1,5.962573502059376
COc1ccc2c(c1)c(C(=O)/C=C(\O)C(=O)O)cn2Cc1c(C)cc(C)cc1C,6.376750709602099
COc1cccc2c1c(C(=O)/C=C(\O)C(=O)O)cn2Cc1ccc(F)cc1,6.853871964321762
Cc1nc2ccc(Cl)cc2c(-c2ccccc2)c1CC(=O)O,5.040958607678906
Cc1nc2ccc(Br)cc2c(-c2ccccc2)c1CC(=O)O,5.292429823902063
Cc1nc2ccccc2c(-c2ccccc2)c1CC(=O)O,4.619788758288394
Cc1ccc(-c2c(CC(=O)O)c(C)nc3ccc(Br)cc23)cc1,6.455931955649724
Cc1nc2ccc(Br)cc2c(-c2ccc(Cl)cc2)c1CC(=O)O,6.568636235841013
Cc1nc2ccccc2c(-c2ccc(Cl)cc2)c1CC(=O)O,5.508638306165727
Cc1nc2ccc(Br)cc2c(-c2ccc(Cl)cc2)c1C(C)C(=O)O,6.508638306165727
CCCC(C(=O)O)c1c(C)nc2ccc(Br)cc2c1-c1ccc(Cl)cc1,7.113509274827518
COC(C(=O)O)c1c(C)nc2ccc(Br)cc2c1-c1ccc(Cl)cc1,7.3979400086720375
CO[C@@H](C(=O)O)c1c(C)nc2ccc(Br)cc2c1-c1ccc(Cl)cc1,5.508638306165727
CO[C@H](C(=O)O)c1c(C)nc2ccc(Br)cc2c1-c1ccc(Cl)cc1,7.552841968657781
O=C(NCc1ccc(F)cc1F)c1c(Nc2ccc(-c3ccccc3)cc2)c2cccnc2n(O)c1=O,4.2839966563652006
O=C(NCc1ccc(F)cc1F)c1c(Nc2ccc3c(c2)Cc2ccccc2-3)c2cccnc2n(O)c1=O,4.337242168318426
N#Cc1ccc(-c2ccc(Nc3c(C(=O)NCc4ccc(F)cc4F)c(=O)n(O)c4ncccc34)cc2)cc1,4.154901959985743
Nc1ccc(-c2ccc(Nc3c(C(=O)NCc4ccc(F)cc4F)c(=O)n(O)c4ncccc34)cc2)cc1,4.096910013008056
O=C(NCc1ccc(F)cc1F)c1c(Nc2ccccc2)c2cccnc2n(O)c1=O,5.161150909262744
CNc1c(C(=O)NCc2ccc(F)cc2F)c(=O)n(O)c2ncccc12,5.431798275933005
CN(C)c1c(C(=O)NCc2ccc(F)cc2F)c(=O)n(O)c2ncccc12,4.6777807052660805
O=C(NCc1ccc(F)cc1F)c1c(N2CCOCC2)c2cccnc2n(O)c1=O,4.113509274827518
O=C(NCc1ccc(F)cc1F)c1c(NC2CCCCCC2)c2cccnc2n(O)c1=O,4.886056647693163
O=C(NCc1ccc(F)cc1F)c1c(NCCc2ccccc2)c2cccnc2n(O)c1=O,5.096910013008056
O=C(NCc1ccc(F)cc1F)c1c(NCCCCc2ccccc2)c2cccnc2n(O)c1=O,4.920818753952375
CCCCCNc1c(C(=O)NCc2ccc(F)cc2F)c(=O)n(O)c2ncccc12,5.086186147616283
CC(C)Nc1c(C(=O)NCc2ccc(F)cc2F)c(=O)n(O)c2ncccc12,5.7447274948966935
NCCNc1c(C(=O)NCc2ccc(F)cc2F)c(=O)n(O)c2ncccc12,5.346787486224656
O=C(NCc1ccc(F)cc1F)c1c(NCCO)c2cccnc2n(O)c1=O,6.259637310505756
CC(=O)OCCNc1c(C(=O)NCc2ccc(F)cc2F)c(=O)n(O)c2ncccc12,5.275724130399211
COC(=O)CNc1c(C(=O)NCc2ccc(F)cc2F)c(=O)n(O)c2ncccc12,6.1487416512809245
COC(=O)[C@H](C)Nc1c(C(=O)NCc2ccc(F)cc2F)c(=O)n(O)c2ncccc12,5.130768280269024
COC(=O)[C@@H](C)Nc1c(C(=O)NCc2ccc(F)cc2F)c(=O)n(O)c2ncccc12,5.236572006437063
COC(=O)[C@@H](Nc1c(C(=O)NCc2ccc(F)cc2F)c(=O)n(O)c2ncccc12)c1ccccc1,4.777283528852417
COC(=O)[C@H](Nc1c(C(=O)NCc2ccc(F)cc2F)c(=O)n(O)c2ncccc12)c1ccccc1,4.8696662315049934
COC(=O)[C@H](CO)Nc1c(C(=O)NCc2ccc(F)cc2F)c(=O)n(O)c2ncccc12,5.236572006437063
COC(=O)[C@@H](CO)Nc1c(C(=O)NCc2ccc(F)cc2F)c(=O)n(O)c2ncccc12,5.356547323513812
CCOC(=O)[C@@H]1CCCN1c1c(C(=O)NCc2ccc(F)cc2F)c(=O)n(O)c2ncccc12,4.0655015487564325
Nc1c(C(=O)NCc2ccc(F)cc2F)c(=O)n(O)c2ncccc12,5.6020599913279625
O=C(NCc1ccc(F)cc1F)c1c(Nc2ccc(-c3ccccc3)cc2)c2cccnc2n(O)c1=O,6.468521082957745
O=C(NCc1ccc(F)cc1F)c1c(Nc2ccc3c(c2)Cc2ccccc2-3)c2cccnc2n(O)c1=O,6.075720713938118
N#Cc1ccc(-c2ccc(Nc3c(C(=O)NCc4ccc(F)cc4F)c(=O)n(O)c4ncccc34)cc2)cc1,6.886056647693163
Nc1ccc(-c2ccc(Nc3c(C(=O)NCc4ccc(F)cc4F)c(=O)n(O)c4ncccc34)cc2)cc1,6.886056647693163
O=C(NCc1ccc(F)cc1F)c1c(Nc2ccccc2)c2cccnc2n(O)c1=O,7.7447274948966935
CNc1c(C(=O)NCc2ccc(F)cc2F)c(=O)n(O)c2ncccc12,7.568636235841013
CN(C)c1c(C(=O)NCc2ccc(F)cc2F)c(=O)n(O)c2ncccc12,7.060480747381382
O=C(NCc1ccc(F)cc1F)c1c(N2CCOCC2)c2cccnc2n(O)c1=O,7.102372908709558
O=C(NCc1ccc(F)cc1F)c1c(NC2CCCCCC2)c2cccnc2n(O)c1=O,6.337242168318426
O=C(NCc1ccc(F)cc1F)c1c(NCCc2ccccc2)c2cccnc2n(O)c1=O,7.301029995663981
O=C(NCc1ccc(F)cc1F)c1c(NCCCCc2ccccc2)c2cccnc2n(O)c1=O,6.552841968657781
CCCCCNc1c(C(=O)NCc2ccc(F)cc2F)c(=O)n(O)c2ncccc12,7.619788758288394
CC(C)Nc1c(C(=O)NCc2ccc(F)cc2F)c(=O)n(O)c2ncccc12,7.795880017344075
NCCNc1c(C(=O)NCc2ccc(F)cc2F)c(=O)n(O)c2ncccc12,7.4089353929735005
O=C(NCc1ccc(F)cc1F)c1c(NCCO)c2cccnc2n(O)c1=O,8.0
CC(=O)OCCNc1c(C(=O)NCc2ccc(F)cc2F)c(=O)n(O)c2ncccc12,7.568636235841013
COC(=O)CNc1c(C(=O)NCc2ccc(F)cc2F)c(=O)n(O)c2ncccc12,7.6777807052660805
COC(=O)[C@H](C)Nc1c(C(=O)NCc2ccc(F)cc2F)c(=O)n(O)c2ncccc12,7.769551078621726
COC(=O)[C@@H](C)Nc1c(C(=O)NCc2ccc(F)cc2F)c(=O)n(O)c2ncccc12,7.568636235841013
COC(=O)[C@@H](Nc1c(C(=O)NCc2ccc(F)cc2F)c(=O)n(O)c2ncccc12)c1ccccc1,8.0
COC(=O)[C@H](Nc1c(C(=O)NCc2ccc(F)cc2F)c(=O)n(O)c2ncccc12)c1ccccc1,8.086186147616283
COC(=O)[C@H](CO)Nc1c(C(=O)NCc2ccc(F)cc2F)c(=O)n(O)c2ncccc12,8.075720713938118
COC(=O)[C@@H](CO)Nc1c(C(=O)NCc2ccc(F)cc2F)c(=O)n(O)c2ncccc12,7.886056647693163
CCOC(=O)[C@@H]1CCCN1c1c(C(=O)NCc2ccc(F)cc2F)c(=O)n(O)c2ncccc12,6.508638306165727
Nc1c(C(=O)NCc2ccc(F)cc2F)c(=O)n(O)c2ncccc12,7.721246399047171
O=C1Cc2ccccc2C(=O)N1O,2.3010299956639813
O=c1nc(NCc2ccc(F)cc2)c2cccnc2n1O,5.5003129173815966
O=c1nc(N2CCC(F)(F)CC2)c2cccnc2n1O,5.100179497572904
O=c1nc(NCC2CC2)c2cccnc2n1O,5.4089353929735005
O=c1nc(Nc2ccc(-c3ccccc3)cc2)c2cccnc2n1O,6.102372908709558
O=c1nc(NCc2ccc(-c3ccccc3)cc2)c2cccnc2n1O,6.200659450546418
O=c1nc(Nc2ccc(-c3ccncc3)cc2)c2cccnc2n1O,5.701146923590294
O=c1nc(NCc2ccc(-c3ccncc3)cc2)c2cccnc2n1O,5.8996294548824375
O=c1nc(Nc2ccc(N3CCOCC3)cc2)c2cccnc2n1O,6.301029995663981
O=c1nc(NCc2ccc(N3CCOCC3)cc2)c2cccnc2n1O,5.801342913045577
O=c1nc(Nc2ccc(CN3CCOCC3)cc2)c2cccnc2n1O,5.886056647693163
O=c1nc(NCc2cccc(N3CCOCC3)c2)c2cccnc2n1O,5.701146923590294
O=c1nc(NCc2cccc(CN3CCOCC3)c2)c2cccnc2n1O,4.798602875679548
O=C(NCc1ccc(Cl)cc1)c1ncc2cccnc2c1O,4.698970004336019
O=C(O)c1ncc2cccnc2c1O,4.958607314841775
O=C(NCc1ccc(F)cc1)c1nc(N2CCCCS2(=O)=O)c2cccnc2c1O,5.0
O=c1cc(-c2ccccc2)oc2cc(O)c(O)c(O)c12,5.1249387366083
O=c1c(O)c(-c2ccc(O)c(O)c2)oc2cc(O)cc(O)c12,4.698970004336019
O=c1c(O)c(-c2ccc(O)c(O)c2)oc2cc(OCc3ccc(F)cc3)cc(O)c12,4.698970004336019
O=c1c(O)c(-c2ccc(O)c(O)c2)oc2cc(N3CCOCC3)cc(O)c12,4.698970004336019
O=c1c(O)c(-c2ccc(O)c(O)c2)oc2cc(O)cc(O)c12,5.096910013008056
O=c1c(O)c(-c2ccc(O)c(O)c2)oc2cc(OCc3ccc(F)cc3)cc(O)c12,5.3979400086720375
O=c1c(O)c(-c2ccc(O)c(O)c2)oc2cc(N3CCOCC3)cc(O)c12,4.698970004336019
O=c1c(O)c(-c2ccc(O)c(O)c2)oc2cc(O)cc(O)c12,6.221848749616356
O=c1c(O)c(-c2ccc(O)c(O)c2)oc2cc(OCc3ccc(F)cc3)cc(O)c12,6.026872146400302
O=c1c(O)c(-c2ccc(O)c(O)c2)oc2cc(N3CCOCC3)cc(O)c12,6.013228265733755
O=c1cc(-c2ccccc2)oc2cc(OCc3ccc(F)cc3)c(O)c(O)c12,4.698970004336019
O=c1cc(-c2ccc(O)cc2)oc2cc(OCc3ccc(F)cc3)cc(O)c12,4.096910013008056
O=c1cc(-c2ccc(O)cc2)oc2cc(O)cc(O)c12,4.698970004336019
CC(C)(C)Oc1cc2oc(-c3ccccc3)cc(=O)c2c(O)c1O,4.0
O=c1cc(-c2ccc(O)c(O)c2)oc2cc(O)cc(O)c12,4.698970004336019
O=c1cc(-c2ccc(O)c(O)c2)oc2cc(OCc3ccc(F)cc3)cc(O)c12,4.698970004336019
O=c1cc(-c2ccc(O)c(O)c2)oc2cc(N3CCOCC3)cc(O)c12,4.698970004336019
O=c1cc(-c2ccccc2)oc2cc(O)c(O)c(O)c12,6.107905397309519
O=c1cc(-c2ccccc2)oc2cc(OCc3ccc(F)cc3)c(O)c(O)c12,5.154901959985743
CC(C)(C)Oc1cc2oc(-c3ccccc3)cc(=O)c2c(O)c1O,4.0
O=c1cc(-c2ccc(O)c(O)c2)oc2cc(O)cc(O)c12,5.050609993355087
O=c1cc(-c2ccc(O)c(O)c2)oc2cc(OCc3ccc(F)cc3)cc(O)c12,4.698970004336019
O=c1cc(-c2ccc(O)c(O)c2)oc2cc(N3CCOCC3)cc(O)c12,4.698970004336019
O=c1cc(-c2ccccc2)oc2cc(O)c(O)c(O)c12,5.568636235841013
O=c1cc(-c2ccccc2)oc2cc(OCc3ccc(F)cc3)c(O)c(O)c12,4.698970004336019
CC(C)(C)Oc1cc2oc(-c3ccccc3)cc(=O)c2c(O)c1O,4.698970004336019
O=c1cc(-c2ccc(O)c(O)c2)oc2cc(O)cc(O)c12,6.346787486224656
O=c1cc(-c2ccc(O)c(O)c2)oc2cc(N3CCOCC3)cc(O)c12,5.795880017344075
CC(C)(C)Oc1cc(O)c2c(=O)cc(-c3ccc(O)cc3)oc2c1,4.698970004336019
O=c1cc(-c2ccc(O)cc2)oc2cc(N3CCOCC3)cc(O)c12,4.698970004336019
O=c1cc(-c2ccccc2)oc2cc(O)cc(O)c12,4.698970004336019
O=c1cc(-c2ccccc2)oc2cc(OCc3ccc(F)cc3)cc(O)c12,4.698970004336019
CC(C)(C)Oc1cc(O)c2c(=O)cc(-c3ccccc3)oc2c1,4.0
O=c1cc(-c2ccccc2)oc2cc(N3CCOCC3)cc(O)c12,4.698970004336019
O=C1C[C@@H](c2ccc(O)cc2)Oc2cc(O)cc(O)c21,4.698970004336019
O=C1C[C@@H](c2ccc(O)cc2)Oc2cc(OCc3ccc(F)cc3)cc(O)c21,4.0
CC(C)(C)Oc1cc(O)c2c(c1)O[C@H](c1ccc(O)cc1)CC2=O,4.0
O=c1c(-c2ccc(O)cc2)coc2cc(O)cc(O)c12,4.698970004336019
O=c1c(-c2ccc(O)cc2)coc2cc(OCc3ccc(F)cc3)cc(O)c12,4.0
CC(C)(C)Oc1cc(O)c2c(=O)c(-c3ccc(O)cc3)coc2c1,4.0
O=c1c(-c2ccc(O)cc2)coc2cc(N3CCOCC3)cc(O)c12,4.698970004336019
O=c1c(O)c(-c2ccc3c(c2)OC(c2ccccc2)(c2ccccc2)O3)oc2cc(O)cc(O)c12,4.698970004336019
O=c1cc(-c2ccc(O)cc2)oc2cc(O)cc(O)c12,4.698970004336019
O=c1cc(-c2ccc(O)cc2)oc2cc(OCc3ccc(F)cc3)cc(O)c12,4.455931955649724
CC(C)(C)Oc1cc(O)c2c(=O)cc(-c3ccc(O)cc3)oc2c1,4.698970004336019
O=c1cc(-c2ccc(O)cc2)oc2cc(N3CCOCC3)cc(O)c12,4.698970004336019
O=c1cc(-c2ccccc2)oc2cc(O)cc(O)c12,4.698970004336019
O=c1cc(-c2ccccc2)oc2cc(OCc3ccc(F)cc3)cc(O)c12,4.698970004336019
CC(C)(C)Oc1cc(O)c2c(=O)cc(-c3ccccc3)oc2c1,4.301029995663981
O=c1cc(-c2ccccc2)oc2cc(N3CCOCC3)cc(O)c12,4.698970004336019
O=C1C[C@@H](c2ccc(O)cc2)Oc2cc(O)cc(O)c21,4.698970004336019
O=C1C[C@@H](c2ccc(O)cc2)Oc2cc(OCc3ccc(F)cc3)cc(O)c21,4.0
CC(C)(C)Oc1cc(O)c2c(c1)O[C@H](c1ccc(O)cc1)CC2=O,4.0
O=c1c(-c2ccc(O)cc2)coc2cc(O)cc(O)c12,4.698970004336019
O=c1c(-c2ccc(O)cc2)coc2cc(OCc3ccc(F)cc3)cc(O)c12,4.096910013008056
CC(C)(C)Oc1cc(O)c2c(=O)c(-c3ccc(O)cc3)coc2c1,4.154901959985743
O=c1c(-c2ccc(O)cc2)coc2cc(N3CCOCC3)cc(O)c12,4.698970004336019
O=c1cc(-c2ccc(O)cc2)oc2cc(O)cc(O)c12,5.823908740944319
O=c1cc(-c2ccc(O)cc2)oc2cc(OCc3ccc(F)cc3)cc(O)c12,4.698970004336019
CC(C)(C)Oc1cc(O)c2c(=O)cc(-c3ccc(O)cc3)oc2c1,4.698970004336019
O=c1cc(-c2ccc(O)cc2)oc2cc(N3CCOCC3)cc(O)c12,5.769551078621726
O=c1cc(-c2ccccc2)oc2cc(O)cc(O)c12,5.853871964321762
O=c1cc(-c2ccccc2)oc2cc(OCc3ccc(F)cc3)cc(O)c12,4.698970004336019
CC(C)(C)Oc1cc(O)c2c(=O)cc(-c3ccccc3)oc2c1,4.698970004336019
O=c1cc(-c2ccccc2)oc2cc(N3CCOCC3)cc(O)c12,4.698970004336019
O=C1C[C@@H](c2ccc(O)cc2)Oc2cc(O)cc(O)c21,5.769551078621726
CC(C)(C)Oc1cc(O)c2c(c1)O[C@H](c1ccc(O)cc1)CC2=O,4.698970004336019
O=c1c(-c2ccc(O)cc2)coc2cc(O)cc(O)c12,5.958607314841775
O=c1c(-c2ccc(O)cc2)coc2cc(OCc3ccc(F)cc3)cc(O)c12,4.698970004336019
CC(C)(C)Oc1cc(O)c2c(=O)c(-c3ccc(O)cc3)coc2c1,4.698970004336019
O=c1c(-c2ccc(O)cc2)coc2cc(N3CCOCC3)cc(O)c12,5.769551078621726
O=c1c(O)c(-c2ccc3c(c2)OC(c2ccccc2)(c2ccccc2)O3)oc2cc(O)cc(O)c12,4.698970004336019
O=c1c(O)c(-c2ccc3c(c2)OC(c2ccccc2)(c2ccccc2)O3)oc2cc(O)cc(O)c12,4.698970004336019
O=c1c(OCc2ccc(F)cc2)c(-c2ccc(O)c(O)c2)oc2cc(O)cc(O)c12,4.698970004336019
O=c1c(O)c(-c2ccc(O)c(O)c2)oc2cc(O)cc(OCc3ccc(F)cc3)c12,4.698970004336019
O=c1c(O)c(-c2ccc(O)c(OCc3ccc(F)cc3)c2)oc2cc(O)cc(O)c12,4.698970004336019
O=c1c(O)c(-c2ccc(OCc3ccc(F)cc3)c(O)c2)oc2cc(O)cc(O)c12,4.698970004336019
O=c1c(OCc2ccc(F)cc2)c(-c2ccc(O)c(O)c2)oc2cc(O)cc(O)c12,4.698970004336019
O=c1c(O)c(-c2ccc(O)c(O)c2)oc2cc(O)cc(OCc3ccc(F)cc3)c12,5.119186407719209
O=c1c(O)c(-c2ccc(O)c(OCc3ccc(F)cc3)c2)oc2cc(O)cc(O)c12,4.698970004336019
O=c1c(O)c(-c2ccc(OCc3ccc(F)cc3)c(O)c2)oc2cc(O)cc(O)c12,4.698970004336019
O=c1c(OCc2ccc(F)cc2)c(-c2ccc(O)c(O)c2)oc2cc(O)cc(O)c12,6.42021640338319
O=c1c(O)c(-c2ccc(O)c(O)c2)oc2cc(O)cc(OCc3ccc(F)cc3)c12,5.7447274948966935
O=c1c(O)c(-c2ccc(O)c(OCc3ccc(F)cc3)c2)oc2cc(O)cc(O)c12,5.7447274948966935
O=c1c(O)c(-c2ccc(OCc3ccc(F)cc3)c(O)c2)oc2cc(O)cc(O)c12,5.853871964321762
COc1ccc2c(c1)C(=O)N(O)C(=O)C2C(=O)NCc1ccc(F)cc1,6.585026652029182
COc1ccc2c(C(=O)NCc3ccc(F)cc3)c(O)n(O)c(=O)c2c1,8.0
O=C(NCc1ccc(F)cc1)c1c(O)n(O)c(=O)c2ccc([N+](=O)[O-])cc12,7.522878745280337
Nc1ccc2c(c1)C(=O)N(O)C(=O)C2C(=O)NCc1ccc(F)cc1,6.958607314841775
O=C(NCc1ccc(F)cc1)C1C(=O)N(O)C(=O)c2cc(F)ccc21,6.619788758288394
O=C(NCc1ccc(F)cc1)C1C(=O)N(O)C(=O)c2ccc(F)cc21,6.619788758288394
O=C(NCc1ccc(F)cc1)C1C(=O)N(O)C(=O)c2c(F)cccc21,6.055517327849832
O=C(NCc1ccc(F)cc1)C1C(=O)N(O)C(=O)c2cc(Cl)ccc21,6.853871964321762
O=C(NCc1ccc(F)cc1)C1C(=O)N(O)C(=O)c2cc(Br)ccc21,7.221848749616356
O=C(NCc1ccc(F)cc1)C1C(=O)N(O)C(=O)c2cc(C(F)(F)F)ccc21,7.698970004336019
N#Cc1ccc2c(C(=O)NCc3ccc(F)cc3)c(O)n(O)c(=O)c2c1,7.154901959985743
CC(=O)Nc1ccc2c(c1)C(=O)N(O)C(=O)C2C(=O)NCc1ccc(F)cc1,7.0
O=C(Nc1ccc2c(c1)C(=O)N(O)C(=O)C2C(=O)NCc1ccc(F)cc1)c1ccccc1,7.096910013008056
O=C(Nc1ccc2c(c1)C(=O)N(O)C(=O)C2C(=O)NCc1ccc(F)cc1)c1ccccn1,6.795880017344075
O=C(Cc1ccccc1)Nc1ccc2c(c1)C(=O)N(O)C(=O)C2C(=O)NCc1ccc(F)cc1,6.638272163982407
O=C(Cc1cccs1)Nc1ccc2c(c1)C(=O)N(O)C(=O)C2C(=O)NCc1ccc(F)cc1,7.221848749616356
CCCCCCNC(=O)c1c(O)n(O)c(=O)c2cc([N+](=O)[O-])ccc12,7.221848749616356
O=C(Nc1ccccc1)c1c(O)n(O)c(=O)c2cc([N+](=O)[O-])ccc12,8.0
O=C(NCc1ccccc1)c1c(O)n(O)c(=O)c2cc([N+](=O)[O-])ccc12,8.0
O=C(Nc1ccc(F)cc1)c1c(O)n(O)c(=O)c2cc([N+](=O)[O-])ccc12,7.522878745280337
O=C(NCCc1ccc(F)cc1)c1c(O)n(O)c(=O)c2cc([N+](=O)[O-])ccc12,7.221848749616356
COc1ccc(CNC(=O)c2c(O)n(O)c(=O)c3cc([N+](=O)[O-])ccc23)cc1,8.0
Cc1nnc(C(=O)NC(C)(C)c2nc(C(=O)NCc3ccc(F)cc3)c(O)c(=O)n2C)o1,8.0
Cn1c(C2CCOCC2)nc(C(=O)NCc2ccc(F)cc2)c(O)c1=O,8.301029995663981
Cn1c(C2(C)CCCS2)nc(C(=O)NCc2ccc(F)cc2)c(O)c1=O,8.301029995663981
Cn1c(C2(C)CCCO2)nc(C(=O)NCc2ccc(F)cc2)c(O)c1=O,8.301029995663981
CSC1COCC1c1nc(C(=O)NCc2ccc(F)cc2)c(O)c(=O)n1C,8.522878745280337
Cn1c(C2COCC2O)nc(C(=O)NCc2ccc(F)cc2)c(O)c1=O,8.221848749616356
Cn1c(C2CCOC2)nc(C(=O)NCc2ccc(F)cc2)c(O)c1=O,8.397940008672037
Cn1c(C2=CCOC2)nc(C(=O)NCc2ccc(F)cc2)c(O)c1=O,7.721246399047171
Cn1c(-c2ccco2)nc(C(=O)NCc2ccc(F)cc2)c(O)c1=O,7.6777807052660805
Cn1c(C2CCCCO2)nc(C(=O)NCc2ccc(F)cc2)c(O)c1=O,8.0
Cn1c(C2CCOC2)nc(C(=O)NCc2ccc(F)cc2S(C)(=O)=O)c(O)c1=O,8.045757490560675
CN(C)S(=O)(=O)c1cc(F)ccc1CNC(=O)c1nc(C2CCOC2)n(C)c(=O)c1O,8.0
Cn1c(C2CCOC2)nc(C(=O)NCc2ccc(F)cc2N2CCCCS2(=O)=O)c(O)c1=O,8.045757490560675
Cn1c(C2CCOC2)nc(C(=O)NCc2ccc(F)cc2-n2cncn2)c(O)c1=O,8.397940008672037
Cc1ncnn1-c1cc(F)ccc1CNC(=O)c1nc(C2CCOC2)n(C)c(=O)c1O,7.920818753952375
Cc1cnnn1-c1cc(F)ccc1CNC(=O)c1nc(C2CCOC2)n(C)c(=O)c1O,8.0
Cn1ncnc1-c1cc(F)ccc1CNC(=O)c1nc(C2CCOC2)n(C)c(=O)c1O,8.221848749616356
Cn1cnnc1-c1cc(F)ccc1CNC(=O)c1nc(C2CCOC2)n(C)c(=O)c1O,7.7447274948966935
Cn1c(C2CCOC2)nc(C(=O)NCc2ccc(F)cc2N2CCN(C(C)(C)C)S2(=O)=O)c(O)c1=O,7.795880017344075
CN1C(C)(C)CN(c2cc(F)ccc2CNC(=O)c2nc(C3CCOC3)n(C)c(=O)c2O)S1(=O)=O,8.0
CN1CCN(c2cc(F)ccc2CNC(=O)c2nc(C3CCOC3)n(C)c(=O)c2O)C1=O,8.221848749616356
COCCN1CCN(c2cc(F)ccc2CNC(=O)c2nc(C3CCOC3)n(C)c(=O)c2O)C1=O,8.522878745280337
Cn1c(C2CCOCC2)nc(C(=O)NCc2ccc(F)cc2S(C)(=O)=O)c(O)c1=O,8.096910013008056
CN(C)S(=O)(=O)c1cc(F)ccc1CNC(=O)c1nc(C2CCOCC2)n(C)c(=O)c1O,7.920818753952375
Cn1c(C2CCOCC2)nc(C(=O)NCc2ccc(F)cc2N2CCCCS2(=O)=O)c(O)c1=O,7.958607314841775
Cn1c(C2CCOCC2)nc(C(=O)NCc2ccc(F)cc2-n2cncn2)c(O)c1=O,8.221848749616356
Cc1ncnn1-c1cc(F)ccc1CNC(=O)c1nc(C2CCOCC2)n(C)c(=O)c1O,8.096910013008056
Cc1cnnn1-c1cc(F)ccc1CNC(=O)c1nc(C2CCOCC2)n(C)c(=O)c1O,7.886056647693163
Cn1ncnc1-c1cc(F)ccc1CNC(=O)c1nc(C2CCOCC2)n(C)c(=O)c1O,8.045757490560675
Cn1c(C2CCOCC2)nc(C(=O)NCc2ccc(F)cc2N2CCN(C(C)(C)C)S2(=O)=O)c(O)c1=O,7.769551078621726
CN1C(C)(C)CN(c2cc(F)ccc2CNC(=O)c2nc(C3CCOCC3)n(C)c(=O)c2O)S1(=O)=O,8.221848749616356
COc1cccc2c1c(C(=O)/C=C(\O)C(=O)O)cn2Cc1cc(C)cc(C)c1,5.260427655549908
COc1cccc2c1c(C(=O)/C=C(\O)C(=O)O)cn2Cc1ccc(F)cc1,6.853871964321762
Cc1cc(C)cc(Cn2cc(C(=O)/C=C(\O)C(=O)O)c3c(O)cccc32)c1,5.455931955649724
COCCNC(=O)c1c(O)c2ncc(Cc3ccc(F)cc3)cc2n(CC(=O)N2CCN(C)CC2)c1=O,7.552841968657781
COCCNC(=O)c1c(O)c2ncc(Cc3ccc(F)cc3)cc2n(CC(=O)N2CCOCC2)c1=O,8.119186407719209
COCCNC(=O)c1c(O)c2ncc(Cc3ccc(F)cc3)cc2n(CC(=O)N2CCCCC2)c1=O,8.327902142064282
COCCNC(=O)c1c(O)c2ncc(Cc3ccc(F)cc3)cc2n(CC(=O)N2CCCC2)c1=O,7.376750709602099
COCCNC(=O)c1c(O)c2ncc(Cc3ccc(F)cc3)cc2n(CC(=O)NCCN(C)C)c1=O,7.346787486224656
COCCNC(=O)c1c(O)c2ncc(Cc3ccc(F)cc3)cc2n(CC(=O)NCC(F)(F)F)c1=O,7.958607314841775
COCCNC(=O)c1c(O)c2ncc(Cc3ccc(F)cc3)cc2n(CC(=O)NC(C)C)c1=O,8.207608310501746
COCCNC(=O)c1c(O)c2ncc(Cc3ccc(F)cc3)cc2n(CC(=O)NC2CCC2)c1=O,8.070581074285707
COCCNC(=O)c1c(O)c2ncc(Cc3ccc(F)cc3)cc2n(CC(=O)NC2CC2)c1=O,8.136677139879543
CN(C)C(=O)Cn1c(=O)c(C(=O)NC2(CO)CCCC2)c(O)c2ncc(Cc3ccc(F)cc3)cc21,7.638272163982407
C[C@@H](O)CNC(=O)c1c(O)c2ncc(Cc3ccc(F)cc3)cc2n(CC(=O)N(C)C)c1=O,8.036212172654444
C[C@H](O)CNC(=O)c1c(O)c2ncc(Cc3ccc(F)cc3)cc2n(CC(=O)N(C)C)c1=O,8.387216143280265
CN(C)C(=O)Cn1c(=O)c(C(=O)NCCN2CCOCC2)c(O)c2ncc(Cc3ccc(F)cc3)cc21,8.065501548756432
COCCNC(=O)c1c(O)c2ncc(Cc3ccc(F)cc3)cc2n(CC(N)=O)c1=O,8.113509274827518
CNC(=O)Cn1c(=O)c(C(=O)NCCOC)c(O)c2ncc(Cc3ccc(F)cc3)cc21,8.045757490560675
CNC(=O)c1c(O)c2ncc(Cc3ccc(F)cc3)cc2n(CC(=O)NCCOC)c1=O,8.167491087293763
CNC(=O)c1c(O)c2ncc(Cc3ccc(F)cc3)cc2n(CC(=O)NCCN(C)C)c1=O,7.657577319177793
CNC(=O)c1c(O)c2ncc(Cc3ccc(F)cc3)cc2n(CC(=O)NOC)c1=O,8.244125144327509
CN(C)C(=O)Cn1c(=O)c(C(=O)NC2CC2)c(O)c2ncc(Cc3ccc(F)cc3)cc21,8.522878745280337
CN(C)C(=O)Cn1c(=O)c(C(=O)NCCO)c(O)c2ncc(Cc3ccc(F)cc3)cc21,8.244125144327509
COCCNC(=O)c1c(O)c2ncc(Cc3ccc(F)cc3)cc2n(CC(=O)N(C)C)c1=O,8.397940008672037
C[C@H](CO)NC(=O)c1c(O)c2ncc(Cc3ccc(F)cc3)cc2n(CC(=O)N(C)C)c1=O,8.065501548756432
C[C@@H](CO)NC(=O)c1c(O)c2ncc(Cc3ccc(F)cc3)cc2n(CC(=O)N(C)C)c1=O,8.148741651280925
CN(C)C(=O)Cn1c(=O)c(C(=O)NC(C)(C)CO)c(O)c2ncc(Cc3ccc(F)cc3)cc21,8.187086643357144
CNC(=O)c1c(O)c2ncc(Cc3ccc(F)cc3)cc2n(CC(=O)NCC2CC2)c1=O,8.096910013008056
CNC(=O)c1c(O)c2ncc(Cc3ccc(F)cc3)cc2n(CC(=O)NCC(F)(F)F)c1=O,8.148741651280925
CNC(=O)c1c(O)c2ncc(Cc3ccc(F)cc3)cc2n(CC(=O)NC(C)(C)C)c1=O,8.161150909262744
CCN(CC)C(=O)Cn1c(=O)c(C(=O)NC)c(O)c2ncc(Cc3ccc(F)cc3)cc21,8.356547323513812
CNC(=O)c1c(O)c2ncc(Cc3ccc(F)cc3)cc2n(CC(=O)N2CCCC2)c1=O,7.886056647693163
CCCNC(=O)Cn1c(=O)c(C(=O)NC)c(O)c2ncc(Cc3ccc(F)cc3)cc21,8.036212172654444
CNC(=O)c1c(O)c2ncc(Cc3ccc(F)cc3)cc2n(CC(=O)NC(C)C)c1=O,8.10790539730952
CNC(=O)c1c(O)c2ncc(Cc3ccc(F)cc3)cc2n(CC(=O)NC2CC2)c1=O,8.356547323513812
CNC(=O)c1c(O)c2ncc(Cc3ccc(F)cc3)cc2n(CC(=O)N(C)C)c1=O,8.031517051446064
CCNC(=O)Cn1c(=O)c(C(=O)NC)c(O)c2ncc(Cc3ccc(F)cc3)cc21,8.086186147616283
CNC(=O)Cn1c(=O)c(C(=O)NC)c(O)c2ncc(Cc3ccc(F)cc3)cc21,8.031517051446064
CNC(=O)c1c(O)c2ncc(Cc3ccc(F)cc3)cc2n(CC(N)=O)c1=O,8.119186407719209
Cn1c(=O)c(C(=O)NCCO)c(O)c2ncc(Cc3ccc(F)cc3)cc21,8.09151498112135
O=c1cc(-c2ccc(O)c(O)c2)oc2cc(O[C@@H]3O[C@H](CO)[C@@H](O)[C@H](O)[C@H]3OS(=O)(=O)O)cc(O)c12,3.3979400086720375
O=c1cc(-c2ccc(O)c(O)c2)oc2cc(O[C@@H]3O[C@H](CO)[C@@H](O)[C@H](O)[C@H]3OS(=O)(=O)O)cc(O)c12,2.6777807052660805
Cc1ccc(CNC(=O)c2nc(-c3ccc(F)cc3)[nH]c(=O)c2O)cc1C,6.301029995663981
O=C(NCc1ccc(F)c(F)c1)c1nc(-c2ccc(F)cc2)[nH]c(=O)c1O,6.0
O=C(NCc1ccc(Br)cc1)c1nc(-c2ccc(F)cc2)[nH]c(=O)c1O,6.301029995663981
O=C(NCc1ccc(Cl)cc1)c1nc(-c2ccc(F)cc2)[nH]c(=O)c1O,6.096910013008056
O=C(NCc1ccc(F)cc1)c1nc(-c2ccc(F)cc2)[nH]c(=O)c1O,6.221848749616356
O=C(NCc1ccc(F)cc1)c1nc(-c2cccc(F)c2)[nH]c(=O)c1O,5.301029995663981
O=C(NCc1ccc(F)cc1)c1nc(-c2ccc(Br)cc2)[nH]c(=O)c1O,5.522878745280337
O=C(NCc1ccc(F)cc1)c1nc(-c2ccccc2F)[nH]c(=O)c1O,4.795880017344075
O=C(NCc1ccc(F)cc1)c1nc(-c2ccc(Cl)cc2)[nH]c(=O)c1O,5.301029995663981
O=C(NCc1ccc(F)cc1)c1nc(Cc2ccc(F)cc2)[nH]c(=O)c1O,4.698970004336019
O=C(NCc1ccc(F)cc1)c1nc(-c2ccccc2)[nH]c(=O)c1O,4.769551078621726
O=C(NCc1ccccc1)c1nc(-c2ccccc2)nc(O)c1O,4.698970004336019
O=C(NCc1cc(F)c(F)c(F)c1)c1nc(-c2ccc(F)cc2)[nH]c(=O)c1O,4.853871964321762
O=C(NCc1ccc(F)c(Cl)c1)c1nc(-c2ccc(F)cc2)[nH]c(=O)c1O,5.221848749616356
O=C(NCc1cccc(Cl)c1F)c1nc(-c2ccc(F)cc2)[nH]c(=O)c1O,4.886056647693163
O=C(NCc1ccccc1F)c1nc(-c2ccc(F)cc2)[nH]c(=O)c1O,4.698970004336019
O=C(NCc1cccc(F)c1)c1nc(-c2ccc(F)cc2)[nH]c(=O)c1O,4.698970004336019
O=C(NCc1ccc(O)cc1)c1nc(-c2ccc(F)cc2)[nH]c(=O)c1O,4.698970004336019
O=C(NCc1cccc(Cl)c1)c1nc(-c2ccc(F)cc2)[nH]c(=O)c1O,4.698970004336019
O=C(NCCc1ccc(F)cc1)c1nc(-c2ccc(F)cc2)[nH]c(=O)c1O,4.769551078621726
COc1ccc(CNC(=O)c2nc(-c3ccc(F)cc3)[nH]c(=O)c2O)cc1,4.795880017344075
Cc1ccc(CNC(=O)c2nc(-c3ccc(F)cc3)[nH]c(=O)c2O)cc1C,4.795880017344075
O=C(NCc1ccc(F)c(F)c1)c1nc(-c2ccc(F)cc2)[nH]c(=O)c1O,4.769551078621726
O=C(NCc1ccc(Br)cc1)c1nc(-c2ccc(F)cc2)[nH]c(=O)c1O,4.958607314841775
O=C(NCc1ccc(Cl)cc1)c1nc(-c2ccc(F)cc2)[nH]c(=O)c1O,5.045757490560675
O=C(NCc1ccc(F)cc1)c1nc(-c2ccc(F)cc2)[nH]c(=O)c1O,4.920818753952375
COc1ccc(CNC(=O)c2nc(-c3ccc(F)cc3)[nH]c(=O)c2O)cc1,5.698970004336019
O=C(NCCc1ccc(F)cc1)c1nc(-c2ccc(F)cc2)[nH]c(=O)c1O,5.3979400086720375
O=C(NCc1cccc(Cl)c1)c1nc(-c2ccc(F)cc2)[nH]c(=O)c1O,5.853871964321762
O=C(NCc1ccc(O)cc1)c1nc(-c2ccc(F)cc2)[nH]c(=O)c1O,5.221848749616356
O=C(NCc1cccc(F)c1)c1nc(-c2ccc(F)cc2)[nH]c(=O)c1O,5.522878745280337
O=C(NCc1ccccc1F)c1nc(-c2ccc(F)cc2)[nH]c(=O)c1O,5.154901959985743
O=C(NCc1cccc(Cl)c1F)c1nc(-c2ccc(F)cc2)[nH]c(=O)c1O,5.853871964321762
O=C(NCc1ccc(F)c(Cl)c1)c1nc(-c2ccc(F)cc2)[nH]c(=O)c1O,5.3979400086720375
O=C(NCc1cc(F)c(F)c(F)c1)c1nc(-c2ccc(F)cc2)[nH]c(=O)c1O,5.096910013008056
O=C(NCc1ccccc1)c1nc(-c2ccccc2)nc(O)c1O,5.096910013008056
O=C(NCc1ccc(F)cc1)c1nc(-c2ccccc2)[nH]c(=O)c1O,6.0
O=C(NCc1ccc(F)cc1)c1nc(Cc2ccc(F)cc2)[nH]c(=O)c1O,5.0
O=C(NCc1ccc(F)cc1)c1nc(-c2ccc(Cl)cc2)[nH]c(=O)c1O,5.698970004336019
O=C(NCc1ccc(F)cc1)c1nc(-c2ccccc2F)[nH]c(=O)c1O,5.698970004336019
O=C(NCc1ccc(F)cc1)c1nc(-c2ccc(Br)cc2)[nH]c(=O)c1O,6.0
O=C(NCc1ccc(F)cc1)c1nc(-c2cccc(F)c2)[nH]c(=O)c1O,6.0
Cc1nnc(C(=O)NC(C)(C)c2nc(C(=O)NCc3ccc(F)cc3)c(O)c(=O)n2C)o1,5.7447274948966935
COc1c(C(=O)N2CCN(CCCNC(=O)c3ccc(O)c(O)c3)CC2)nc(Cc2ccc(O)cc2)n(C)c1=O,4.0
COc1c(C(=O)N2CCN(CCCNC(=O)c3ccc(O)c(O)c3)CC2)nc(Cc2ccc(F)cc2)n(C)c1=O,4.0
COc1c(C(=O)N2CCN(CCCNC(=O)c3ccc(O)c(O)c3)CC2)nc(Cc2ccccc2)n(C)c1=O,4.0
COc1c(C(=O)N2CCN(CCNC(=O)c3cc(O)c(O)c(O)c3)CC2)nc(Cc2ccc(O)cc2)n(C)c1=O,6.154901959985743
COc1c(C(=O)N2CCN(CCNC(=O)c3cc(O)c(O)c(O)c3)CC2)nc(Cc2ccc(F)cc2)n(C)c1=O,5.6020599913279625
COc1c(C(=O)N2CCN(CCNC(=O)c3cc(O)c(O)c(O)c3)CC2)nc(Cc2ccccc2)n(C)c1=O,4.730487055782084
COc1c(C(=O)N2CCN(CCCNC(=O)c3cc(O)c(O)c(O)c3)CC2)nc(Cc2ccc(Cl)c(Cl)c2)n(C)c1=O,4.649751981665837
COc1c(C(=O)N2CCN(CCCNC(=O)c3cc(O)c(O)c(O)c3)CC2)nc(Cc2ccc(C)cc2)n(C)c1=O,5.455931955649724
COc1c(C(=O)N2CCN(CCCNC(=O)c3cc(O)c(O)c(O)c3)CC2)nc(Cc2ccc(F)cc2)n(C)c1=O,4.723538195826756
COc1c(C(=O)N2CCN(CCCNC(=O)c3cc(O)c(O)c(O)c3)CC2)nc(Cc2ccc(Cl)cc2)n(C)c1=O,5.619788758288394
COc1c(C(=O)N2CCN(CCCNC(=O)c3cc(O)c(O)c(O)c3)CC2)nc(Cc2ccccc2)n(C)c1=O,6.045757490560675
O=C1Cc2cc(Cc3ccccc3)ccc2C(=O)N1O,5.42021640338319
Cc1ccc(Cc2ccc3c(c2)CC(=O)N(O)C3=O)cc1,4.443697499232712
O=C1Cc2cc(Cc3ccc(F)cc3)ccc2C(=O)N1O,4.443697499232712
O=C1Cc2cc(Cc3ccc(Cl)cc3)ccc2C(=O)N1O,5.356547323513812
O=C1Cc2cc(Cc3ccc(Br)cc3)ccc2C(=O)N1O,4.552841968657781
O=C1Cc2cc(Cc3ccc(C(F)(F)F)cc3)ccc2C(=O)N1O,4.0
O=C1Cc2cc(Cc3ccc(F)cc3F)ccc2C(=O)N1O,4.698970004336019
O=C1Cc2cc(Cc3ccc(C4CC4)cc3)ccc2C(=O)N1O,5.42021640338319
O=C1Cc2cc(Cc3ccc(-c4ccccc4)cc3)ccc2C(=O)N1O,4.0
O=C1Cc2cc(Cc3ccc(-c4cccs4)cc3)ccc2C(=O)N1O,4.0
O=C1Cc2cc(Cc3ccc(-c4ccc(F)cc4)cc3)ccc2C(=O)N1O,4.0
N#Cc1ccc(-c2ccc(Cc3ccc4c(c3)CC(=O)N(O)C4=O)cc2)cc1,4.0
COc1ccc(-c2ccc(Cc3ccc4c(c3)CC(=O)N(O)C4=O)cc2)cc1,4.0
CS(=O)(=O)c1ccc(-c2ccc(Cc3ccc4c(c3)CC(=O)N(O)C4=O)cc2)cc1,4.958607314841775
NS(=O)(=O)c1ccc(-c2ccc(Cc3ccc4c(c3)CC(=O)N(O)C4=O)cc2)cc1,5.443697499232712
NC(=O)c1ccc(-c2ccc(Cc3ccc4c(c3)CC(=O)N(O)C4=O)cc2)cc1,5.040958607678906
O=C1Cc2cc(Cc3ccc(-c4ccc(F)cc4F)cc3)ccc2C(=O)N1O,4.0
O=C1Cc2cc(Cc3ccc(-c4ccc(C(F)(F)F)cc4C(F)(F)F)cc3)ccc2C(=O)N1O,5.040958607678906
COc1ccc(-c2ccc(Cc3ccc4c(c3)CC(=O)N(O)C4=O)cc2)cc1F,4.0
Cc1ccc(S(=O)(=O)O)cc1.O=C1Cc2cc(Cc3ccc(-c4ccncc4)cc3)ccc2C(=O)N1O,5.2441251443275085
CCOC(=O)/C(O)=C/C(=O)/C=C/c1ccn(Cc2ccc(F)cc2)c1,4.045757490560675
CCOC(=O)/C(O)=C/C(=O)/C=C/c1cc(-c2ccccc2)cn1Cc1ccc(F)cc1,5.6020599913279625
CCOC(=O)/C(O)=C/C(=O)/C=C/c1cc(C(=O)c2ccc(F)cc2)cn1C,3.4775557664936803
CCOC(=O)/C(O)=C/C(=O)/C=C/c1cc(C(=O)c2ccc(F)cc2)cn1-c1ccccc1,5.920818753952375
CCOC(=O)/C(O)=C/C(=O)/C=C/c1cc(C(=O)c2ccc(F)cc2)cn1Cc1ccccc1,5.366531544420414
CCOC(=O)/C(O)=C/C(=O)c1ccn(Cc2ccc(F)cc2)c1,5.795880017344075
CCOC(=O)/C(O)=C/C(=O)c1cn(Cc2ccc(F)cc2)cc1-c1ccccc1,6.376750709602099
CCOC(=O)/C(O)=C/C(=O)/C=C/c1cn(Cc2ccc(F)cc2)cc1-c1ccccc1,4.6777807052660805
CCOC(=O)/C(O)=C/C(=O)c1cccn1Cc1ccc(F)cc1,6.292429823902063
CCOC(=O)/C(O)=C/C(=O)c1cc(-c2ccccc2)cn1Cc1ccc(F)cc1,6.102372908709558
O=C(O)/C(O)=C/C(=O)c1cn(Cc2ccc(F)cc2)cc1-c1ccccc1,7.657577319177793
C/C(C(=O)c1cn(Cc2ccc(F)cc2)cc1-c1ccccc1)=C(/O)C(=O)O,3.9546770212133424
O=C(O)/C(O)=C/C(=O)c1ccn(Cc2ccc(F)cc2)c1,7.619788758288394
N/C(=C\C(=O)c1cn(Cc2ccc(F)cc2)cc1-c1ccccc1)C(=O)O,7.366531544420414
O=C(/C=C(\O)C(=O)O)/C=C/c1cc(C(=O)c2ccc(F)cc2)cn1Cc1ccccc1,7.200659450546418
O=C(/C=C(\O)C(=O)O)/C=C/c1cc(C(=O)c2ccc(F)cc2)cn1-c1ccccc1,6.229147988357855
O=C(/C=C(\O)C(=O)O)/C=C/c1cc(-c2ccccc2)cn1Cc1ccc(F)cc1,7.180456064458132
O=C(/C=C(\O)C(=O)O)/C=C/c1ccn(Cc2ccc(F)cc2)c1,4.585026652029182
O=C(/C=C(\O)C(=O)O)/C=C/c1cn(Cc2ccc(F)cc2)cc1-c1ccccc1,6.136677139879544
O=C(O)/C(O)=C/C(=O)c1cccn1Cc1ccc(F)cc1,7.2441251443275085
O=C(O)/C(O)=C/C(=O)c1cc(-c2ccccc2)cn1Cc1ccc(F)cc1,7.721246399047171
O=C(/C=C(\O)c1nc[nH]n1)c1cccn1Cc1ccc(F)cc1,6.958607314841775
Cc1nnc(C(=O)NC(C)(C)c2nc(C(=O)NCc3ccc(F)cc3)c(O)c(=O)n2C)o1,8.154901959985743
O=C(O)C(=O)CC(=O)c1ccc(NC(=O)c2ccccc2)s1,5.721246399047171
CCOC(=O)/C(O)=C/C(=O)/C=C/c1cccn1Cc1ccc(F)cc1,4.008773924307505
CCOC(=O)/C(O)=C/C(=O)/C=C/c1cccn1Cc1ccc(F)c(F)c1,6.221848749616356
CCOC(=O)/C(O)=C/C(=O)c1cn(Cc2ccc(F)cc2)c2cc(N3CCN(CC)CC3)ccc2c1=O,5.619788758288394
O=C(O)/C(O)=C/C(=O)c1cccn1Cc1ccc(F)cc1,7.096910013008056
O=C(O)/C(O)=C/C(=O)c1cn(Cc2ccc(Cl)cc2)c2ccccc2c1=O,6.267606240177032
COc1cccc(Cn2cc(C(=O)/C=C(\O)C(=O)O)c(=O)c3ccccc32)c1,6.853871964321762
O=C(O)/C(O)=C/C(=O)c1cn(Cc2cccc(F)c2)c2ccccc2c1=O,7.823908740944319
COc1ccccc1Cn1cc(C(=O)/C=C(\O)C(=O)O)c(=O)c2ccccc21,7.42021640338319
O=C(O)/C(O)=C/C(=O)c1cn(Cc2ccccc2F)c2ccccc2c1=O,7.795880017344075
O=C(O)/C(O)=C/C(=O)c1cn(Cc2ccccc2)c2ccccc2c1=O,7.468521082957745
CCOC(=O)/C(O)=C/C(=O)c1cn(Cc2ccc(F)c(Cl)c2)c2c(Cl)cccc2c1=O,4.6006724678413216
CCOC(=O)/C(O)=C/C(=O)c1cn(Cc2ccc(F)c(Cl)c2)c2ccccc2c1=O,5.508638306165727
CCOC(=O)/C(O)=C/C(=O)c1cn(Cc2cccc(Cl)c2F)c2ccccc2c1=O,5.966576244513051
CCOC(=O)/C(O)=C/C(=O)c1cn(Cc2cc(C)cc(C)c2)c2ccccc2c1=O,5.886056647693163
CCOC(=O)/C(O)=C/C(=O)c1cn(Cc2ccc(C)cc2C)c2ccccc2c1=O,3.9546770212133424
CCOC(=O)/C(O)=C/C(=O)c1cn(Cc2c(Cl)cccc2Cl)c2ccccc2c1=O,4.494850021680094
CCOC(=O)/C(O)=C/C(=O)c1cn(Cc2ccc(Cl)cc2Cl)c2ccccc2c1=O,3.9546770212133424
CCOC(=O)/C(O)=C/C(=O)c1cn(Cc2cc(F)cc(F)c2)c2ccccc2c1=O,4.958607314841775
CCOC(=O)/C(O)=C/C(=O)c1cn(Cc2ccc(F)c(F)c2)c2ccccc2c1=O,5.259637310505756
CCOC(=O)/C(O)=C/C(=O)c1cn(Cc2c(F)cccc2F)c2ccccc2c1=O,6.6020599913279625
CCOC(=O)/C(O)=C/C(=O)c1cn(Cc2cc(F)ccc2F)c2ccccc2c1=O,5.431798275933005
CCOC(=O)/C(O)=C/C(=O)c1cn(Cc2ccc(F)cc2F)c2ccccc2c1=O,5.657577319177793
CCOC(=O)/C(O)=C/C(=O)c1cn(Cc2ccc([N+](=O)[O-])cc2)c2ccccc2c1=O,4.431798275933005
CCOC(=O)/C(O)=C/C(=O)c1cn(Cc2ccc(OC)cc2)c2ccccc2c1=O,4.431798275933005
CCOC(=O)/C(O)=C/C(=O)c1cn(Cc2ccc(O)cc2)c2ccccc2c1=O,5.853871964321762
CCOC(=O)/C(O)=C/C(=O)c1cn(Cc2ccc(Cl)cc2)c2ccccc2c1=O,4.431798275933005
CCOC(=O)/C(O)=C/C(=O)c1cn(Cc2cccc(OC)c2)c2ccccc2c1=O,4.795880017344075
CCOC(=O)/C(O)=C/C(=O)c1cn(Cc2cccc(F)c2)c2ccccc2c1=O,5.309803919971486
CCOC(=O)/C(O)=C/C(=O)c1cn(Cc2ccccc2OC)c2ccccc2c1=O,5.853871964321762
CCOC(=O)/C(O)=C/C(=O)c1cn(Cc2ccccc2F)c2ccccc2c1=O,6.552841968657781
CCOC(=O)/C(O)=C/C(=O)c1cn(Cc2ccccc2)c2ccccc2c1=O,6.154901959985743
CC(=O)N1CCN(c2ccc3c(=O)c(C(=O)/C=C(\O)C(=O)O)cn(Cc4ccc(F)cc4)c3c2)CC1,7.096910013008056
O=C(O)/C(O)=C/C(=O)c1cn(Cc2ccc(F)cc2)c2cc(Cl)c(Cl)cc2c1=O,7.481486060122112
O=C(O)/C(O)=C/C(=O)c1ccc2c(c1)c(=O)c(C(=O)/C=C(\O)C(=O)O)cn2Cc1ccc(F)cc1,7.920818753952375
O=C(O)/C(O)=C/C(=O)c1cn(Cc2ccc3ccccc3n2)c2ccccc2c1=O,4.154901959985743
O=C(O)/C(O)=C/C(=O)c1cn(Cc2ccncc2)c2ccccc2c1=O,3.0
O=C(O)/C(O)=C/C(=O)c1cn(Cc2ccc3ccccc3c2)c2ccccc2c1=O,4.7447274948966935
O=C(O)/C(O)=C/C(=O)c1cn(CCCCc2ccccc2)c2ccccc2c1=O,3.4775557664936803
CCOC(=O)/C(O)=C/C(=O)c1cn(Cc2ccc3ccccc3n2)c2ccccc2c1=O,3.0
CCOC(=O)/C(O)=C/C(=O)c1cn(Cc2ccncc2)c2ccccc2c1=O,3.4775557664936803
CCOC(=O)/C(O)=C/C(=O)c1cn(Cc2ccc3ccccc3c2)c2ccccc2c1=O,3.4775557664936803
CCOC(=O)/C(O)=C/C(=O)c1cn(CCCCc2ccccc2)c2ccccc2c1=O,3.4775557664936803
COc1cc2c(cc1Cc1cccc(Cl)c1F)c(=O)c(C(=O)O)cn2[C@H](CO)C(C)C,5.0915149811213505
Cc1nnc(C(=O)NC(C)(C)c2nc(C(=O)NCc3ccc(F)cc3)c(O)c(=O)n2C)o1,4.892790030352131
O=C(O)/C(O)=C/C(=O)c1cn(Cc2ccccc2F)c2c(Cl)cccc2c1=O,4.688246138944246
O=C(O)/C(O)=C/C(=O)c1cn(Cc2ccc(F)c(Cl)c2)c2c(Cl)cccc2c1=O,5.008773924307505
O=C(O)/C(O)=C/C(=O)c1cn(Cc2ccc(F)c(Cl)c2)c2ccccc2c1=O,4.6777807052660805
O=C(O)/C(O)=C/C(=O)c1cn(Cc2cccc(Cl)c2F)c2ccccc2c1=O,5.756961951313706
O=C(O)/C(O)=C/C(=O)c1cn(Cc2c(F)cccc2F)c2ccccc2c1=O,6.154901959985743
O=C(O)/C(O)=C/C(=O)c1cn(Cc2ccc([N+](=O)[O-])cc2)c2ccccc2c1=O,4.568636235841013
COc1ccc(Cn2cc(C(=O)/C=C(\O)C(=O)O)c(=O)c3ccccc32)cc1,4.552841968657781
O=C(O)/C(O)=C/C(=O)c1cn(Cc2ccc(O)cc2)c2ccccc2c1=O,4.431798275933005
O=C(O)/C(O)=C/C(=O)c1cn(Cc2ccc(Cl)cc2)c2ccccc2c1=O,4.657577319177793
COc1cccc(Cn2cc(C(=O)/C=C(\O)C(=O)O)c(=O)c3ccccc32)c1,5.3872161432802645
O=C(O)/C(O)=C/C(=O)c1cn(Cc2cccc(F)c2)c2ccccc2c1=O,5.337242168318426
COc1ccccc1Cn1cc(C(=O)/C=C(\O)C(=O)O)c(=O)c2ccccc21,5.3872161432802645
O=C(O)/C(O)=C/C(=O)c1cn(Cc2ccccc2F)c2ccccc2c1=O,5.920818753952375
O=C(O)/C(O)=C/C(=O)c1cn(Cc2ccccc2)c2ccccc2c1=O,5.3979400086720375
CCOC(=O)/C(O)=C/C(=O)c1cn(Cc2ccc(F)c(Cl)c2)c2c(Cl)cccc2c1=O,3.4775557664936803
CCOC(=O)/C(O)=C/C(=O)c1cn(Cc2ccc(F)c(Cl)c2)c2ccccc2c1=O,3.575118363368933
CCOC(=O)/C(O)=C/C(=O)c1cn(Cc2cccc(Cl)c2F)c2ccccc2c1=O,5.966576244513051
CCOC(=O)/C(O)=C/C(=O)c1cn(Cc2c(F)cccc2F)c2ccccc2c1=O,4.910094888560602
CCOC(=O)/C(O)=C/C(=O)c1cn(Cc2ccc([N+](=O)[O-])cc2)c2ccccc2c1=O,4.431798275933005
CCOC(=O)/C(O)=C/C(=O)c1cn(Cc2ccc(OC)cc2)c2ccccc2c1=O,4.431798275933005
CCOC(=O)/C(O)=C/C(=O)c1cn(Cc2ccc(O)cc2)c2ccccc2c1=O,3.4775557664936803
CCOC(=O)/C(O)=C/C(=O)c1cn(Cc2ccc(Cl)cc2)c2ccccc2c1=O,4.431798275933005
CCOC(=O)/C(O)=C/C(=O)c1cn(Cc2cccc(OC)c2)c2ccccc2c1=O,3.4775557664936803
O=C(O)/C(O)=C/C(=O)c1ccc2c(c1)c(=O)c(C(=O)/C=C(\O)C(=O)O)cn2Cc1ccc(F)cc1,6.698970004336019
O=C(O)/C(O)=C/C(=O)c1cn(Cc2ccc(F)cc2)c2cc(Cl)c(Cl)cc2c1=O,4.301029995663981
CCOC(=O)/C(O)=C/C(=O)c1cn(Cc2ccccc2)c2ccccc2c1=O,3.0
CCOC(=O)/C(O)=C/C(=O)c1cn(Cc2ccccc2F)c2ccccc2c1=O,3.9030899869919438
CCOC(=O)/C(O)=C/C(=O)c1cn(Cc2ccccc2OC)c2ccccc2c1=O,3.4775557664936803
CCOC(=O)/C(O)=C/C(=O)c1cn(Cc2cccc(F)c2)c2ccccc2c1=O,4.910094888560602
O=C(O)/C(O)=C/C(=O)c1cn(Cc2ccc(O)cc2)c2ccccc2c1=O,6.346787486224656
COc1ccc(Cn2cc(C(=O)/C=C(\O)C(=O)O)c(=O)c3ccccc32)cc1,6.292429823902063
O=C(O)/C(O)=C/C(=O)c1cn(Cc2ccc([N+](=O)[O-])cc2)c2ccccc2c1=O,6.1938200260161125
O=C(O)/C(O)=C/C(=O)c1cn(Cc2ccc(F)cc2F)c2ccccc2c1=O,8.0
O=C(O)/C(O)=C/C(=O)c1cn(Cc2cc(F)ccc2F)c2ccccc2c1=O,5.494850021680094
O=C(O)/C(O)=C/C(=O)c1cn(Cc2c(F)cccc2F)c2ccccc2c1=O,7.721246399047171
O=C(O)/C(O)=C/C(=O)c1cn(Cc2ccc(F)c(F)c2)c2ccccc2c1=O,6.958607314841775
O=C(O)/C(O)=C/C(=O)c1cn(Cc2cc(F)cc(F)c2)c2ccccc2c1=O,6.657577319177793
O=C(O)/C(O)=C/C(=O)c1cn(Cc2ccc(Cl)cc2Cl)c2ccccc2c1=O,5.638272163982407
O=C(O)/C(O)=C/C(=O)c1cn(Cc2c(Cl)cccc2Cl)c2ccccc2c1=O,6.568636235841013
Cc1ccc(Cn2cc(C(=O)/C=C(\O)C(=O)O)c(=O)c3ccccc32)c(C)c1,5.154901959985743
Cc1cc(C)cc(Cn2cc(C(=O)/C=C(\O)C(=O)O)c(=O)c3ccccc32)c1,7.301029995663981
O=C(O)/C(O)=C/C(=O)c1cn(Cc2cccc(Cl)c2F)c2ccccc2c1=O,7.7447274948966935
O=C(O)/C(O)=C/C(=O)c1cn(Cc2ccc(F)c(Cl)c2)c2ccccc2c1=O,6.721246399047171
O=C(O)/C(O)=C/C(=O)c1cn(Cc2ccc(F)c(Cl)c2)c2c(Cl)cccc2c1=O,7.017728766960431
O=C(O)/C(O)=C/C(=O)c1cn(Cc2ccccc2F)c2c(Cl)cccc2c1=O,6.886056647693163
Cc1nnc(C(=O)NC(C)(C)c2nc(C(=O)NCc3ccc(F)cc3)c(O)c(=O)n2C)o1,7.060480747381382
COc1cc2c(cc1Cc1cccc(Cl)c1F)c(=O)c(C(=O)O)cn2[C@H](CO)C(C)C,7.552841968657781
CCOC(=O)/C(O)=C/C(=O)c1cn(CCCCc2ccccc2)c2ccccc2c1=O,3.9208187539523753
CCOC(=O)/C(O)=C/C(=O)c1cn(Cc2ccc3ccccc3c2)c2ccccc2c1=O,4.494850021680094
CCOC(=O)/C(O)=C/C(=O)c1cn(Cc2ccncc2)c2ccccc2c1=O,4.853871964321762
CCOC(=O)/C(O)=C/C(=O)c1cn(Cc2ccc3ccccc3n2)c2ccccc2c1=O,5.455931955649724
O=C(O)/C(O)=C/C(=O)c1cn(CCCCc2ccccc2)c2ccccc2c1=O,6.346787486224656
O=C(O)/C(O)=C/C(=O)c1cn(Cc2ccc3ccccc3c2)c2ccccc2c1=O,6.346787486224656
O=C(O)/C(O)=C/C(=O)c1cn(Cc2ccncc2)c2ccccc2c1=O,4.795880017344075
O=C(O)/C(O)=C/C(=O)c1cn(Cc2ccc3ccccc3n2)c2ccccc2c1=O,6.3979400086720375
CCCCn1cc(C(=O)O)c(=O)c2ccc(Oc3ccnc(Nc4ccc(C#N)cc4)n3)cc21,4.488250288655017
COc1cc2c(cc1Cc1cccc(Cl)c1F)c(=O)c(C(=O)O)cn2[C@H](CO)C(C)C,8.744727494896694
Cc1nnc(C(=O)NC(C)(C)c2nc(C(=O)NCc3ccc(F)cc3)c(O)c(=O)n2C)o1,8.619788758288394
CCC[C@H](C(=O)O)c1c(C)nc2ccc(Cl)cc2c1-c1ccccc1,5.221848749616356
Cc1nnc(C(=O)NC(C)(C)c2nc(C(=O)NCc3ccc(F)cc3)c(O)c(=O)n2C)o1,7.275724130399211
CCC[C@H](C(=O)O)c1c(C)nc2ccc(Cl)cc2c1-c1ccccc1,4.698970004336019
Cc1nc2ccccc2c(-c2cc(F)c3c(c2C)CCCO3)c1[C@H](OC(C)(C)C)C(=O)O,7.7447274948966935
CCC[C@H](C(=O)O)c1c(C)nc2ccc(Cl)cc2c1-c1ccccc1,5.628932137728264
Cc1nc2ccc(Br)cc2c(-c2ccc(Cl)cc2)c1[C@H](OC(C)(C)C)C(=O)O,7.221848749616356
COc1ccc2nc(/C=C3\SC(=S)N(C(C(=O)O)C(C)C)C3=O)ccc2c1,4.802443786846464
COc1ccc(/C=C2\SC(=S)N(C(C(=O)O)C(C)C)C2=O)cc1,4.384260311380845
CCC(C(=O)O)N1C(=O)/C(=C/c2ccc(OC)cc2)SC1=S,4.0
COc1ccc(/C=C2\SC(=S)N(CCC(=O)O)C2=O)cc1,4.0
CCOc1cc(/C=C2\SC(=S)N(C(C(=O)O)C(C)C)C2=O)ccc1O,4.60223374387355
CC(C)C(C(=O)O)N1C(=O)/C(=C/c2ccc(O)cc2)SC1=S,4.359021942641668
CC(C)C(C(=O)O)N1C(=O)/C(=C/c2cccc3ccccc23)SC1=S,4.726998727936262
Fc1ccc(Nc2ccc(F)c3ccccc23)cc1,4.0
O=C(O)c1ccc(Nc2ccc(O)c3ccccc23)cc1,5.6020599913279625
O=C(O)c1cc(Nc2ccc(O)c3ccccc23)ccc1O,4.718512112059919
COC(=O)c1ccc(Nc2ccc(OC)c3ccccc23)cc1,4.458420756053419
COc1ccc(I)cc1Nc1ccc(OC)c2ccccc12,4.538651566352017
O=C(O)c1ccc(Nc2ccc3ccccc3c2O)cc1,4.154467882506425
COc1ccc2ccccc2c1Nc1c(OC)ccc2ccccc12,4.8613815661005075
CCOC(=O)c1cn(Cc2ccc(C(=O)OC)cc2)c2ccccc2c1=O,4.0
Cc1ccc(-c2c(C(OC(C)(C)C)C(=O)O)ccc3sc(C)cc23)cc1,7.337242168318426
CCOC(=O)c1c(-c2ccc(OC)cc2)nc(=O)n(Cc2ccc(C(=O)/C=C(\O)C(=O)O)cc2)c1-c1ccccc1,5.721246399047171
CCOC(=O)c1c(-c2ccc(F)cc2)nc(=O)n(Cc2ccc(C(=O)/C=C(\O)C(=O)O)cc2)c1-c1ccccc1,5.619788758288394
CCOC(=O)c1c(-c2ccccc2)nc(=O)n(Cc2ccc(C(=O)/C=C(\O)C(=O)O)cc2)c1-c1ccccc1,5.698970004336019
CCOC(=O)c1c(-c2ccc(OC)cc2)nc(=O)n(Cc2ccc(C(=O)/C=C(\O)C(=O)O)cc2)c1C(C)C,5.481486060122113
CCOC(=O)c1c(-c2ccc(F)cc2)nc(=O)n(Cc2ccc(C(=O)/C=C(\O)C(=O)O)cc2)c1C(C)C,5.443697499232712
CCOC(=O)c1c(-c2ccccc2)nc(=O)n(Cc2ccc(C(=O)/C=C(\O)C(=O)O)cc2)c1C(C)C,5.638272163982407
CCOC(=O)c1c(-c2ccc(OC)cc2)nc(=O)n(Cc2ccc(C(=O)/C=C(\O)C(=O)O)cc2)c1CC,5.251811972993799
CCOC(=O)c1c(-c2ccc(F)cc2)nc(=O)n(Cc2ccc(C(=O)/C=C(\O)C(=O)O)cc2)c1CC,5.958607314841775
CCOC(=O)c1c(-c2ccccc2)nc(=O)n(Cc2ccc(C(=O)/C=C(\O)C(=O)O)cc2)c1CC,6.1938200260161125
CCOC(=O)c1c(Cc2ccccc2)nc(=O)n(Cc2ccc(C(=O)/C=C(\O)C(=O)O)cc2)c1C,6.721246399047171
CCOC(=O)c1c(-c2ccc(F)cc2)nc(=O)n(Cc2ccc(C(=O)/C=C(\O)C(=O)O)cc2)c1C,5.886056647693163
CCOC(=O)c1c(-c2ccccc2)nc(=O)n(Cc2ccc(C(=O)/C=C(\O)C(=O)O)cc2)c1C,5.619788758288394
CCOC(=O)c1c(-c2ccccc2)nc(SCc2ccc(C(=O)/C=C(\O)C(=O)O)cc2)nc1-c1ccc(OC)cc1,4.638272163982407
CCOC(=O)c1c(-c2ccccc2)nc(SCc2ccc(C(=O)/C=C(\O)C(=O)O)cc2)nc1-c1ccc(F)cc1,4.657577319177793
CCOC(=O)c1c(-c2ccccc2)nc(SCc2ccc(C(=O)/C=C(\O)C(=O)O)cc2)nc1-c1ccccc1,4.522878745280337
CCOC(=O)c1c(CC)nc(SCc2ccc(C(=O)/C=C(\O)C(=O)O)cc2)nc1-c1ccc(OC)cc1,4.512861624522814
CCOC(=O)c1c(CC)nc(SCc2ccc(C(=O)/C=C(\O)C(=O)O)cc2)nc1-c1ccc(F)cc1,4.533132379645891
CCOC(=O)c1c(CC)nc(SCc2ccc(C(=O)/C=C(\O)C(=O)O)cc2)nc1-c1ccccc1,4.675717544702307
CCOC(=O)c1c(-c2ccccc2)nc(=O)n(Cc2ccc(Cc3cccc(C(=O)/C=C(\O)C(=O)O)c3)cc2)c1CC,4.647817481888637
CCOC(=O)c1c(-c2cc(C)cc(C)c2)nc(=O)n(Cc2ccc(C(=O)/C=C(\O)C(=O)O)cc2)c1-c1ccccc1,4.787812395596042
CCOC(=O)c1c(-c2ccc(OC)cc2)nc(=O)n(Cc2ccc(C(=O)/C=C(\O)C(=O)O)cc2)c1-c1ccccc1,4.764471553092451
CCOC(=O)c1c(-c2ccc(F)cc2)nc(=O)n(Cc2ccc(C(=O)/C=C(\O)C(=O)O)cc2)c1-c1ccccc1,4.779891911959945
CCOC(=O)c1c(-c2ccccc2)nc(=O)n(Cc2ccc(C(=O)/C=C(\O)C(=O)O)cc2)c1-c1ccccc1,4.735182176990463
CCOC(=O)c1c(-c2ccc(OC)cc2)nc(=O)n(Cc2ccc(C(=O)/C=C(\O)C(=O)O)cc2)c1C(C)C,4.716698771296451
CCOC(=O)c1c(-c2ccc(F)cc2)nc(=O)n(Cc2ccc(C(=O)/C=C(\O)C(=O)O)cc2)c1C(C)C,4.3979400086720375
CCOC(=O)c1c(-c2ccccc2)nc(=O)n(Cc2ccc(C(=O)/C=C(\O)C(=O)O)cc2)c1C(C)C,4.425968732272281
CCOC(=O)c1c(-c2ccc(OC)cc2)nc(=O)n(Cc2ccc(C(=O)/C=C(\O)C(=O)O)cc2)c1CC,4.142667503568732
CCOC(=O)c1c(-c2ccc(F)cc2)nc(=O)n(Cc2ccc(C(=O)/C=C(\O)C(=O)O)cc2)c1CC,4.455931955649724
CCOC(=O)c1c(-c2ccccc2)nc(=O)n(Cc2ccc(C(=O)/C=C(\O)C(=O)O)cc2)c1CC,4.718966632752273
CCOC(=O)c1c(Cc2ccccc2)nc(=O)n(Cc2ccc(C(=O)/C=C(\O)C(=O)O)cc2)c1C,4.772113295386326
CCOC(=O)c1c(-c2ccc(F)cc2)nc(=O)n(Cc2ccc(C(=O)/C=C(\O)C(=O)O)cc2)c1C,4.7594507517174005
CCOC(=O)c1c(-c2ccccc2)nc(=O)n(Cc2ccc(C(=O)/C=C(\O)C(=O)O)cc2)c1C,3.9546770212133424
CCOC(=O)c1c(-c2cc(C)cc(C)c2)nc(=O)n(Cc2ccc(C(=O)/C=C(\O)C(=O)O)cc2)c1-c1ccccc1,5.886056647693163
CCOC(=O)c1c(-c2ccccc2)nc(=O)n(Cc2ccc(Cc3cccc(C(=O)/C=C(\O)C(=O)O)c3)cc2)c1CC,6.070581074285707
CCOC(=O)c1c(CC)nc(SCc2ccc(C(=O)/C=C(\O)C(=O)O)cc2)nc1-c1ccccc1,5.651695136951839
CCOC(=O)c1c(CC)nc(SCc2ccc(C(=O)/C=C(\O)C(=O)O)cc2)nc1-c1ccc(F)cc1,6.036212172654444
CCOC(=O)c1c(CC)nc(SCc2ccc(C(=O)/C=C(\O)C(=O)O)cc2)nc1-c1ccc(OC)cc1,5.6439741428068775
CCOC(=O)c1c(-c2ccccc2)nc(SCc2ccc(C(=O)/C=C(\O)C(=O)O)cc2)nc1-c1ccccc1,5.214670164989233
CCOC(=O)c1c(-c2ccccc2)nc(SCc2ccc(C(=O)/C=C(\O)C(=O)O)cc2)nc1-c1ccc(F)cc1,5.552841968657781
CCOC(=O)c1c(-c2ccccc2)nc(SCc2ccc(C(=O)/C=C(\O)C(=O)O)cc2)nc1-c1ccc(OC)cc1,5.920818753952375
Cc1nnc(C(=O)NC(C)(C)c2nc(C(=O)NCc3ccc(F)cc3)c(O)c(=O)n2C)o1,7.886056647693163
Cc1nnc(C(=O)NC(C)(C)c2nc(C(=O)NCc3ccc(F)cc3)c(O)c(=O)n2C)o1,8.154901959985743
COc1ccc(C2=Cc3ccc(F)cc3C(CC(C)=O)N2c2ccc(O)cc2)cc1,4.920818753952375
COc1ccc(C2=Cc3ccc([N+](=O)[O-])cc3C(CC(C)=O)N2c2ccc(F)cc2)cc1,6.337242168318426
COc1ccc(C2=Cc3ccc([N+](=O)[O-])cc3C(CC(C)=O)N2c2ccc(C)cc2)cc1,6.221848749616356
COc1ccc(C2=Cc3ccc([N+](=O)[O-])cc3C(CC(C)=O)N2c2ccc(C#N)cc2)cc1,5.5376020021010435
COc1ccc(C2=Cc3ccc([N+](=O)[O-])cc3C(CC(C)=O)N2c2ccc(O)cc2)cc1,5.180456064458132
COc1ccc(C2=Cc3ccc(F)cc3C(CC(=O)CO)N2c2ccc(C)cc2)cc1,4.82102305270683
COc1ccc(C2=Cc3ccc(F)cc3C(CC(=O)CO)N2c2ccc(Cl)cc2)cc1,4.747146969020107
COc1ccc(C2=Cc3ccc(F)cc3C(CC(=O)CO)N2c2ccc(C#N)cc2)cc1,5.119186407719209
COc1ccc(C2=Cc3ccc(F)cc3C(CC(=O)CO)N2c2ccc(O)cc2)cc1,4.655607726314889
COc1ccc(C2=Cc3ccc(F)cc3C(CC(=O)CO)N2c2ccc([N+](=O)[O-])cc2)cc1,6.086186147616283
COc1ccc(C2=Cc3ccc(F)cc3C(CC(=O)C(C)O)N2c2ccc(C)cc2)cc1,4.97469413473523
COc1ccc(C2=Cc3ccc(F)cc3C(CC(=O)C(C)O)N2c2ccc(Cl)cc2)cc1,4.928117992693875
COc1ccc(C2=Cc3ccc(F)cc3C(CC(=O)C(C)O)N2c2ccc(F)cc2)cc1,5.102372908709558
COc1ccc(C2=Cc3ccc(F)cc3C(CC(=O)C(C)O)N2c2ccc(C#N)cc2)cc1,4.653647025549361
COc1ccc(C2=Cc3ccc(F)cc3C(CC(=O)C(C)O)N2c2ccc(O)cc2)cc1,4.598599459218456
COc1ccc(C2=Cc3ccc(F)cc3C(CC(=O)C(C)O)N2c2ccc([N+](=O)[O-])cc2)cc1,5.2839966563652006
COc1ccc(C2=Cc3ccc(F)cc3C(C[N+](=O)[O-])N2c2ccc(Cl)cc2)cc1,6.154901959985743
O=[N+]([O-])CC1c2cc([N+](=O)[O-])ccc2C=C(c2ccccc2)N1c1ccc(Cl)cc1,5.508638306165727
Cc1nnc(C(=O)NC(C)(C)c2nc(C(=O)NCc3ccc(F)cc3)c(O)c(=O)n2C)o1,7.301029995663981
COc1ccc(C2=Cc3ccc(F)cc3C(CC(C)=O)N2c2ccc(O)cc2)cc1,4.853871964321762
COc1ccc(C2=Cc3ccc(F)cc3C(CC(C)=O)N2c2ccc(C#N)cc2)cc1,4.698970004336019
COc1ccc(C2=Cc3ccc([N+](=O)[O-])cc3C(CC(C)=O)N2c2ccc(F)cc2)cc1,6.1938200260161125
COc1ccc(C2=Cc3ccc([N+](=O)[O-])cc3C(CC(C)=O)N2c2ccc(C)cc2)cc1,6.187086643357144
COc1ccc(C2=Cc3ccc([N+](=O)[O-])cc3C(CC(C)=O)N2c2ccc(C#N)cc2)cc1,5.552841968657781
COc1ccc(C2=Cc3ccc([N+](=O)[O-])cc3C(CC(C)=O)N2c2ccc(O)cc2)cc1,5.119186407719209
COc1ccc(C2=Cc3ccc(F)cc3C(CC(=O)CO)N2c2ccc(C)cc2)cc1,4.85078088734462
COc1ccc(C2=Cc3ccc(F)cc3C(CC(=O)CO)N2c2ccc(Cl)cc2)cc1,4.826813731587726
COc1ccc(C2=Cc3ccc(F)cc3C(CC(=O)CO)N2c2ccc(C#N)cc2)cc1,5.154901959985743
COc1ccc(C2=Cc3ccc(F)cc3C(CC(=O)CO)N2c2ccc(O)cc2)cc1,4.696803942579511
COc1ccc(C2=Cc3ccc(F)cc3C(CC(=O)CO)N2c2ccc([N+](=O)[O-])cc2)cc1,4.333482019445119
COc1ccc(C2=Cc3ccc(F)cc3C(CC(=O)C(C)O)N2c2ccc(C)cc2)cc1,4.896196279044043
COc1ccc(C2=Cc3ccc(F)cc3C(CC(=O)C(C)O)N2c2ccc(Cl)cc2)cc1,4.966576244513051
COc1ccc(C2=Cc3ccc(F)cc3C(CC(=O)C(C)O)N2c2ccc(F)cc2)cc1,5.096910013008056
COc1ccc(C2=Cc3ccc(F)cc3C(CC(=O)C(C)O)N2c2ccc(C#N)cc2)cc1,4.657577319177793
COc1ccc(C2=Cc3ccc(F)cc3C(CC(=O)C(C)O)N2c2ccc(O)cc2)cc1,4.6020599913279625
COc1ccc(C2=Cc3ccc(F)cc3C(CC(=O)C(C)O)N2c2ccc([N+](=O)[O-])cc2)cc1,5.259637310505756
COc1ccc(C2=Cc3ccc(F)cc3C(C[N+](=O)[O-])N2c2ccc(Cl)cc2)cc1,6.096910013008056
O=[N+]([O-])CC1c2cc([N+](=O)[O-])ccc2C=C(c2ccccc2)N1c1ccc(Cl)cc1,5.522878745280337
O=C(O)c1c(CN2C(=O)Cc3ccccc32)ccc2c1OCO2,3.530177984021837
O=C(O)/C=C/c1ccc2c(c1)CC(=O)N2Cc1ccc2c(c1C(=O)O)OCO2,5.301029995663981
CCCNC(=O)C1C(=O)N(O)C(=O)c2ccccc21,5.739928612014925
CC(C)NC(=O)C1C(=O)N(O)C(=O)c2ccccc21,5.3535962737769305
CCCCNC(=O)C1C(=O)N(O)C(=O)c2ccccc21,6.180456064458132
CCCCN(C)C(=O)C1C(=O)N(O)C(=O)c2ccccc21,5.062482107982653
CCN(CC)C(=O)C1C(=O)N(O)C(=O)c2ccccc21,3.910094888560602
CC(C)(C)NC(=O)C1C(=O)N(O)C(=O)c2ccccc21,5.351639989019068
CCCCCNC(=O)C1C(=O)N(O)C(=O)c2ccccc21,6.187086643357144
CCCCCCNC(=O)C1C(=O)N(O)C(=O)c2ccccc21,7.070581074285707
CCCCCCCNC(=O)C1C(=O)N(O)C(=O)c2ccccc21,6.0655015487564325
CCCCCCCCNC(=O)C1C(=O)N(O)C(=O)c2ccccc21,5.043351420794797
CCCCCCCCCNC(=O)C1C(=O)N(O)C(=O)c2ccccc21,5.1771783546968955
O=C(NC1CC1)C1C(=O)N(O)C(=O)c2ccccc21,5.671620396561262
O=C(NC1CCCC1)C1C(=O)N(O)C(=O)c2ccccc21,5.866461091629782
O=C(NC1CCCCC1)C1C(=O)N(O)C(=O)c2ccccc21,6.154901959985743
O=C(C1C(=O)N(O)C(=O)c2ccccc21)N1CCCCC1,5.090443970758825
CCCNC(=O)C1C(=O)N(O)C(=O)c2ccccc21,5.701146923590294
CC(C)NC(=O)C1C(=O)N(O)C(=O)c2ccccc21,5.296708621881339
CCCCNC(=O)C1C(=O)N(O)C(=O)c2ccccc21,6.318758762624412
CCCCN(C)C(=O)C1C(=O)N(O)C(=O)c2ccccc21,5.060480747381382
CCN(CC)C(=O)C1C(=O)N(O)C(=O)c2ccccc21,3.6861327796308467
CC(C)(C)NC(=O)C1C(=O)N(O)C(=O)c2ccccc21,5.350665141287858
CCCCCNC(=O)C1C(=O)N(O)C(=O)c2ccccc21,6.275724130399211
CCCCCCNC(=O)C1C(=O)N(O)C(=O)c2ccccc21,6.709965388637482
CCCCCCCNC(=O)C1C(=O)N(O)C(=O)c2ccccc21,5.978810700930062
CCCCCCCCNC(=O)C1C(=O)N(O)C(=O)c2ccccc21,5.039529222465701
CCCCCCCCCNC(=O)C1C(=O)N(O)C(=O)c2ccccc21,5.175874166083451
O=C(NC1CC1)C1C(=O)N(O)C(=O)c2ccccc21,5.3979400086720375
O=C(NC1CCCC1)C1C(=O)N(O)C(=O)c2ccccc21,5.440093374963888
O=C(NC1CCCCC1)C1C(=O)N(O)C(=O)c2ccccc21,5.473660722610156
O=C(C1C(=O)N(O)C(=O)c2ccccc21)N1CCCCC1,5.040958607678906
CCCCCCNC(=O)C1C(=O)N(O)C(=O)c2ccccc21,6.292429823902063
O=C(NCc1ccc(F)cc1)c1cn2c(c(O)c1=O)C(=O)N1CCCO[C@H]1C2,8.698970004336019
Cn1c(=O)c(C(=O)NCCO)c(O)c2ncc(Cc3ccc(F)cc3)cc21,8.522878745280337
O=C1c2c(cc3cc(Cc4cccc(Cl)c4F)cnc3c2O)CN2CCCN12,7.795880017344075
N#Cc1c2c(c(O)c3ncc(Cc4cccc(Cl)c4F)cc13)C(=O)N1CCCN1C2,8.657577319177793
N#Cc1c2c(c(O)c3ncc(Cc4cccc(Cl)c4F)cc13)C(=O)N1CCC[C@@H]1C2,8.154901959985743
N#Cc1c2c(c(O)c3ncc(Cc4cccc(Cl)c4F)cc13)C(=O)N1CCC[C@H]1C2,7.853871964321762
N#Cc1c2c(c(O)c3ncc(Cc4cccc(Cl)c4F)cc13)C(=O)N1CCCC[C@H]21,7.823908740944319
N#Cc1c2c(c(O)c3ncc(Cc4cccc(Cl)c4F)cc13)C(=O)N1CCCC[C@@H]21,7.7447274948966935
N#Cc1c2c(c(O)c3ncc(Cc4cccc(Cl)c4F)cc13)C(=O)N1CCC[C@H]21,8.301029995663981
N#Cc1c2c(c(O)c3ncc(Cc4cccc(Cl)c4F)cc13)C(=O)N1CCC[C@@H]21,8.0
NC(=O)c1c2c(c(O)c3ncc(Cc4cccc(Cl)c4F)cc13)C(=O)N1CCC[C@@H]1C2,8.096910013008056
NC(=O)c1c2c(c(O)c3ncc(Cc4cccc(Cl)c4F)cc13)C(=O)N1CCC[C@H]1C2,8.522878745280337
NC(=O)c1c2c(c(O)c3ncc(Cc4cccc(Cl)c4F)cc13)C(=O)N1CCCC[C@H]21,9.154901959985743
NC(=O)c1c2c(c(O)c3ncc(Cc4cccc(Cl)c4F)cc13)C(=O)N1CCCC[C@@H]21,9.221848749616356
O=C1c2c(cc3cc(Cc4cccc(Cl)c4F)cnc3c2O)CN2CCCN12,6.866461091629782
N#Cc1c2c(c(O)c3ncc(Cc4cccc(Cl)c4F)cc13)C(=O)N1CCCN1C2,6.3819519032879075
N#Cc1c2c(c(O)c3ncc(Cc4cccc(Cl)c4F)cc13)C(=O)N1CCC[C@@H]1C2,5.342944147142896
N#Cc1c2c(c(O)c3ncc(Cc4cccc(Cl)c4F)cc13)C(=O)N1CCC[C@H]1C2,7.180456064458132
N#Cc1c2c(c(O)c3ncc(Cc4cccc(Cl)c4F)cc13)C(=O)N1CCCC[C@H]21,6.34008379993015
N#Cc1c2c(c(O)c3ncc(Cc4cccc(Cl)c4F)cc13)C(=O)N1CCCC[C@@H]21,5.892790030352131
N#Cc1c2c(c(O)c3ncc(Cc4cccc(Cl)c4F)cc13)C(=O)N1CCC[C@H]21,6.531652669587842
N#Cc1c2c(c(O)c3ncc(Cc4cccc(Cl)c4F)cc13)C(=O)N1CCC[C@@H]21,5.478861916295964
NC(=O)c1c2c(c(O)c3ncc(Cc4cccc(Cl)c4F)cc13)C(=O)N1CCC[C@@H]1C2,7.522878745280337
NC(=O)c1c2c(c(O)c3ncc(Cc4cccc(Cl)c4F)cc13)C(=O)N1CCC[C@H]1C2,7.823908740944319
NC(=O)c1c2c(c(O)c3ncc(Cc4cccc(Cl)c4F)cc13)C(=O)N1CCCC[C@H]21,9.0
NC(=O)c1c2c(c(O)c3ncc(Cc4cccc(Cl)c4F)cc13)C(=O)N1CCCC[C@@H]21,8.698970004336019
O=C(O)c1c[nH]cc(O)c1=O,4.0
O=C(O)c1cn(-c2ccccc2)cc(O)c1=O,4.431798275933005
O=C(O)c1cn(Cc2ccccc2)cc(O)c1=O,4.455931955649724
O=C(O)c1cn(Cc2ccc(F)cc2)cc(O)c1=O,4.455931955649724
CC(c1ccc(F)cc1)n1cc(O)c(=O)c(C(=O)O)c1,4.468521082957745
Cc1cc(Cn2cc(O)c(=O)c(C(=O)O)c2)ccc1F,4.0
O=C(O)c1cn(Cc2ccc(F)cc2F)cc(O)c1=O,4.0
O=C(O)c1cn(Cc2ccc(Cl)cc2)cc(O)c1=O,4.173925197299174
O=C(O)c1cn(Cc2ccc(Cl)c(Cl)c2)cc(O)c1=O,4.443697499232712
O=C(O)c1cn(Cc2ccc(Cl)cc2Cl)cc(O)c1=O,4.6020599913279625
O=C(O)c1cn(Cc2ccc(F)c(Cl)c2)cc(O)c1=O,4.351639989019068
O=C(O)c1cn(Cc2ccc(Br)cc2)cc(O)c1=O,4.0
O=C(O)c1cn(Cc2cccc(C(F)(F)F)c2)cc(O)c1=O,4.0
O=C(O)c1cn(Cc2ccncc2)cc(O)c1=O,4.0
CS(=O)(=O)c1ccc(Cn2cc(O)c(=O)c(C(=O)O)c2)cc1,4.0
O=C(O)c1ccc(Cn2cc(O)c(=O)c(C(=O)O)c2)cc1,4.0
COc1ccc(Cn2cc(O)c(=O)c(C(=O)O)c2)cc1,4.0
O=C(O)c1cn(Cc2cccc3ccccc23)cc(O)c1=O,4.638272163982407
CC(c1cccc2ccccc12)n1cc(O)c(=O)c(C(=O)O)c1,5.645891560852599
O=C(O)c1cn(CC2(c3ccccc3)CCCC2)cc(O)c1=O,4.853871964321762
O=C(O)c1cn(Cc2ccccc2-c2ccccc2)cc(O)c1=O,4.769551078621726
O=C(O)c1cn(Cc2ccc(-c3ccccc3)cc2)cc(O)c1=O,4.657577319177793
NCc1ccc(-c2ccc(Cn3cc(O)c(=O)c(C(=O)O)c3)cc2)cc1,5.108462542327436
O=C(O)c1cn(Cc2ccc(-c3cnc4ccccc4c3)cc2)cc(O)c1=O,4.795880017344075
NS(=O)(=O)c1ccc(-c2ccc(Cn3cc(O)c(=O)c(C(=O)O)c3)cc2)cc1,4.0
O=C(O)c1cn(Cc2ccc(-c3cccnc3)cc2)cc(O)c1=O,4.455931955649724
CCOC(=O)c1cn(Cc2ccc(F)cc2)cc(O)c1=O,4.0
NC(=O)c1cn(Cc2ccc(F)cc2)cc(O)c1=O,4.494850021680094
O=C(NCc1ccc(F)cc1F)c1cn(Cc2ccc(F)cc2)cc(O)c1=O,4.0
CC1(C)OCCn2c1nc(C(=O)NCc1ccc(F)cc1N1CCCCS1(=O)=O)c(O)c2=O,8.045757490560675
CN(C)S(=O)(=O)c1c(CNC(=O)c2nc3n(c(=O)c2O)CCOC3(C)C)ccc(F)c1F,8.0
CC1(C)OCCn2c1nc(C(=O)NCc1ccc(F)cc1S(C)(=O)=O)c(O)c2=O,8.221848749616356
CNC(=O)c1cc(F)ccc1CNC(=O)c1nc2n(c(=O)c1O)CCOC2(C)C,7.958607314841775
CC1(C)OCCn2c1nc(C(=O)NCc1ccc(F)cc1N1CCOCC1)c(O)c2=O,8.301029995663981
CC1(C)OCCn2c1nc(C(=O)NCc1ccc(F)cc1Cl)c(O)c2=O,8.0
Cc1cc(F)ccc1CNC(=O)c1nc2n(c(=O)c1O)CCOC2(C)C,8.698970004336019
CC1(C)OCCn2c1nc(C(=O)NCc1ccc(F)c(Cl)c1)c(O)c2=O,8.522878745280337
Cc1cc(CNC(=O)c2nc3n(c(=O)c2O)CCOC3(C)C)ccc1F,8.522878745280337
CC1(C)OCCn2c1nc(C(=O)NCc1ccc(F)cc1)c(O)c2=O,8.522878745280337
O=C(NCc1ccc(F)cc1N1CCCCS1(=O)=O)c1nc2n(c(=O)c1O)CCCC21CCCC1,8.301029995663981
O=C(NCc1ccc(F)cc1S(=O)(=O)N1CCOCC1)c1nc2n(c(=O)c1O)CCCC21CCCC1,7.958607314841775
CN(C)S(=O)(=O)c1cc(F)ccc1CNC(=O)c1nc2n(c(=O)c1O)CCCC21CCCC1,8.221848749616356
CS(=O)(=O)c1cc(F)ccc1CNC(=O)c1nc2n(c(=O)c1O)CCCC21CCCC1,8.397940008672037
Cc1cc(CNC(=O)c2nc3n(c(=O)c2O)CCCC32CCCC2)ccc1F,8.698970004336019
O=C(NCc1ccc(F)cc1)c1nc2n(c(=O)c1O)CCCC21CCCC1,8.522878745280337
O=C1Cc2cc(-c3ccccc3)ccc2C(=O)N1O,5.698970004336019
O=c1[nH]c2cc(-c3ccccc3)ccc2c(=O)n1O,4.958607314841775
Cl.O=C1NC2CN(Cc3ccccc3)CCC2C(=O)N1O,4.0
O=c1[nH]c2cc(-c3ccccc3)sc2c(=O)n1O,5.346787486224656
O=c1[nH]c2cc(-c3ccc(F)cc3)sc2c(=O)n1O,4.769551078621726
O=c1[nH]c2cc(-c3ccc(Cl)cc3)sc2c(=O)n1O,4.638272163982407
O=c1[nH]c2sc(-c3ccccc3)cc2c(=O)n1O,5.657577319177793
O=c1[nH]c2sc(Cc3ccccc3)cc2c(=O)n1O,5.301029995663981
O=c1[nH]c2scc(-c3ccccc3)c2c(=O)n1O,5.886056647693163
O=c1[nH]c2scc(-c3ccc(Cl)cc3)c2c(=O)n1O,5.6777807052660805
O=c1[nH]c2sccc2c(=O)n1O,4.455931955649724
Cc1csc2[nH]c(=O)n(O)c(=O)c12,4.920818753952375
Cc1sc2[nH]c(=O)n(O)c(=O)c2c1C,5.075720713938118
Cc1c(C(=O)O)sc2[nH]c(=O)n(O)c(=O)c12,5.102372908709558
O=c1[nH]c2c(c(=O)n1O)C1CCCC1S2,5.251811972993799
O=c1[nH]c2c(c(=O)n1O)C1CCCCC1S2,5.443697499232712
CCN1CCC2c3c([nH]c(=O)n(O)c3=O)SC2C1.Cl,4.0
Br.O=c1[nH]c2c(c(=O)n1O)C1CCNCC1S2,4.769551078621726
Cl.O=c1[nH]c2c(c(=O)n1O)C1CCN(Cc3ccccc3)CC1S2,5.080921907623926
Cc1nnc(C(=O)NC(C)(C)c2nc(C(=O)NCc3ccc(F)cc3)c(O)c(=O)n2C)o1,6.187086643357144
COC(=O)c1c(Nc2ccc(-c3cncnc3)cc2)c2nccnc2n(O)c1=O,5.826813731587726
COC(=O)c1c(Nc2cccc(-c3cccc(C#N)c3)c2)c2nccnc2n(O)c1=O,6.6020599913279625
COC(=O)c1c(Nc2ccc(-c3cccc(C#N)c3)cc2)c2nccnc2n(O)c1=O,4.6020599913279625
COC(=O)c1c(Nc2cccc(-c3ccc(C#N)cc3)c2)c2nccnc2n(O)c1=O,4.642065152999546
COC(=O)c1c(Nc2ccc(-c3ccc(C#N)cc3)cc2)c2nccnc2n(O)c1=O,5.928117992693875
COC(=O)c1c(Nc2cccc(-c3cncnc3)c2)c2nccnc2n(O)c1=O,4.964570261815451
COC(=O)c1c(Nc2ccc(-c3ccc(OC)c(OC)c3)cc2)c2nccnc2n(O)c1=O,4.6020599913279625
COC(=O)c1c(Nc2cccc(-c3ccc(OC)c(OC)c3)c2)c2nccnc2n(O)c1=O,6.657577319177793
COC(=O)c1c(Nc2cccc3ccccc23)c2nccnc2n(O)c1=O,4.6020599913279625
COC(=O)c1c(Nc2ccc3ccccc3c2)c2nccnc2n(O)c1=O,5.17134010346468
COC(=O)c1c(Nc2ccc(-c3ccccc3)cc2)c2nccnc2n(O)c1=O,4.6020599913279625
Cc1nnc(C(=O)NC(C)(C)c2nc(C(=O)NCc3ccc(F)cc3)c(O)c(=O)n2C)o1,6.698970004336019
O=C(/C=C/c1ccc(O)c(O)c1)O[C@@H](C(=O)O)[C@@H](OC(=O)/C=C/c1ccc(O)c(O)c1)C(=O)O,7.468521082957745
O=C(O)CC(O)/C=N/c1ccc(O)c(O)c1,4.411952503013917
O=C(O)CC(O)/C=N/c1cc([N+](=O)[O-])ccc1O,4.186352304653103
O=C(O)CC(O)/C=N/c1cc(Cl)cc(Br)c1O,4.0
O=C(O)CC(O)/C=N/c1cc(Cl)cc(Cl)c1O,4.0
O=C(O)CC(O)/C=N/c1cc(Br)cc(Br)c1O,4.577902836868289
O=C(O)CC(O)/C=N/c1ccc(O)c(O)c1O,5.453457336521869
O=C(O)CC(O)/C=N/c1cccc(O)c1O,4.274496731140684
O=C(O)CC(O)/C=N/c1ccccc1O,4.0
CN(C)CCCNC(=O)c1ccc2nc(-c3ccc4nc(CNC(=O)CCCCCCCCCCCC(=O)NCc5nc6ccc(-c7nc8ccc(C(=O)NCCCN(C)C)cc8[nH]7)cc6[nH]5)[nH]c4c3)[nH]c2c1,7.221848749616356
O=c1cc(Sc2ccccc2)[nH]c(=O)n1O,5.958607314841775
Cc1ccc(Sc2cc(=O)n(O)c(=O)[nH]2)cc1,5.552841968657781
CCc1ccc(Sc2cc(=O)n(O)c(=O)[nH]2)cc1,5.886056647693163
CCc1ccccc1Sc1cc(=O)n(O)c(=O)[nH]1,6.1249387366083
O=c1cc(Sc2ccc(C(F)(F)F)cc2)[nH]c(=O)n1O,5.0
O=c1cc(Sc2cccc(C(F)(F)F)c2)[nH]c(=O)n1O,6.055517327849832
O=c1cc(Sc2ccccc2C(F)(F)F)[nH]c(=O)n1O,6.055517327849832
O=c1cc(Sc2ccc(F)cc2)[nH]c(=O)n1O,5.167491087293763
O=c1cc(Sc2cccc(F)c2)[nH]c(=O)n1O,6.309803919971486
O=c1cc(Sc2ccccc2F)[nH]c(=O)n1O,6.113509274827518
O=c1cc(Sc2ccc(Cl)cc2)[nH]c(=O)n1O,6.1938200260161125
O=c1cc(Sc2cccc(Cl)c2)[nH]c(=O)n1O,6.229147988357855
O=c1cc(Sc2cccc(Br)c2)[nH]c(=O)n1O,5.920818753952375
O=c1cc(Sc2ccccc2Br)[nH]c(=O)n1O,5.958607314841775
O=c1cc(Sc2ccc([N+](=O)[O-])cc2)[nH]c(=O)n1O,5.468521082957745
O=c1cc(Sc2ccc(O)cc2)[nH]c(=O)n1O,5.795880017344075
COc1ccc(Sc2cc(=O)n(O)c(=O)[nH]2)cc1,5.443697499232712
COc1cccc(Sc2cc(=O)n(O)c(=O)[nH]2)c1,5.568636235841013
COc1ccccc1Sc1cc(=O)n(O)c(=O)[nH]1,5.075720713938118
O=c1cc(Sc2cccc3ccccc23)[nH]c(=O)n1O,6.102372908709558
Cc1ccc(-c2ccc(Sc3cc(=O)n(O)c(=O)[nH]3)cc2)cc1,6.0
O=c1cc(Sc2ccc(-c3ccc(C(F)(F)F)cc3)cc2)[nH]c(=O)n1O,6.0
O=c1cc(Sc2ccc(-c3cccc(C(F)(F)F)c3)cc2)[nH]c(=O)n1O,4.0
O=c1cc(Sc2ccc(-c3ccc(F)cc3)cc2)[nH]c(=O)n1O,6.0
O=c1cc(Sc2ccc(-c3cccc(F)c3)cc2)[nH]c(=O)n1O,6.0
O=c1cc(Sc2ccc(-c3ccc(Cl)cc3)cc2)[nH]c(=O)n1O,6.0
O=c1cc(Sc2ccc(-c3ccc(O)cc3)cc2)[nH]c(=O)n1O,6.769551078621726
COc1ccc(-c2ccc(Sc3cc(=O)n(O)c(=O)[nH]3)cc2)cc1,4.0
COc1cccc(-c2ccc(Sc3cc(=O)n(O)c(=O)[nH]3)cc2)c1,6.0
COc1ccc(-c2ccc(Sc3cc(=O)n(O)c(=O)[nH]3)cc2)cc1OC,6.481486060122113
COc1cc(OC)cc(-c2ccc(Sc3cc(=O)n(O)c(=O)[nH]3)cc2)c1,4.0
Cc1cc(-c2ccc(Sc3cc(=O)n(O)c(=O)[nH]3)cc2)ccc1F,5.0
COc1ccc(-c2ccc(Sc3cc(=O)n(O)c(=O)[nH]3)cc2)cc1F,6.853871964321762
O=c1cc(Sc2cccc(-c3ccc(C(F)(F)F)cc3)c2)[nH]c(=O)n1O,6.853871964321762
O=c1cc(Sc2cccc(-c3cccc(C(F)(F)F)c3)c2)[nH]c(=O)n1O,6.0
O=c1cc(Sc2cccc(-c3ccc(F)cc3)c2)[nH]c(=O)n1O,6.853871964321762
O=c1cc(Sc2cccc(-c3cccc(F)c3)c2)[nH]c(=O)n1O,6.619788758288394
O=c1cc(Sc2cccc(-c3ccc(Cl)cc3)c2)[nH]c(=O)n1O,6.0
O=c1cc(Sc2cccc(-c3ccc(F)c(Cl)c3)c2)[nH]c(=O)n1O,6.0
O=c1cc(Sc2ccccc2-c2ccc(C(F)(F)F)cc2)[nH]c(=O)n1O,4.0
O=c1cc(Sc2ccccc2-c2ccc(F)cc2)[nH]c(=O)n1O,4.0
COc1cccc(-c2ccc(Nc3cc(=O)n(O)c(=O)[nH]3)cc2)c1,4.0
Cc1nnc(C(=O)NC(C)(C)c2nc(C(=O)NCc3ccc(F)cc3)c(O)c(=O)n2C)o1,6.187086643357144
C[C@@H]1CCO[C@H]2Cn3cc(C(=O)NCc4ccc(F)cc4F)c(=O)c(O)c3C(=O)N12,7.167491087293763
O=c1cc(Cc2cccc(Br)c2)[nH]c(=O)n1O,4.0
O=c1cc(Cc2ccc(Br)cc2)[nH]c(=O)n1O,4.0
Cc1cc(-c2cccc(Cc3cc(=O)n(O)c(=O)[nH]3)c2)ccc1F,4.0
COc1ccc(-c2cccc(Cc3cc(=O)n(O)c(=O)[nH]3)c2)cc1F,4.0
O=c1cc(Cc2cccc(-c3cc(Cl)cc(C(F)(F)F)c3)c2)[nH]c(=O)n1O,4.0
O=c1cc(Cc2cccc(-c3cccc(Cl)c3)c2)[nH]c(=O)n1O,4.0
O=c1cc(Cc2cccc(-c3ccc(Cl)cc3)c2)[nH]c(=O)n1O,4.0
O=c1cc(Cc2cccc(-c3cccc(F)c3)c2)[nH]c(=O)n1O,4.0
O=c1cc(Cc2cccc(-c3cccc(C(F)(F)F)c3)c2)[nH]c(=O)n1O,4.0
O=c1cc(Cc2cccc(-c3ccccc3)c2)[nH]c(=O)n1O,4.0
Cc1cc(-c2ccc(Cc3cc(=O)n(O)c(=O)[nH]3)cc2)ccc1F,4.0
COc1ccc(-c2ccc(Cc3cc(=O)n(O)c(=O)[nH]3)cc2)cc1F,4.0
O=c1cc(Cc2ccc(-c3cc(Cl)cc(C(F)(F)F)c3)cc2)[nH]c(=O)n1O,4.0
O=c1cc(Cc2ccc(-c3ccc(Cl)c(F)c3)cc2)[nH]c(=O)n1O,4.0
O=c1cc(Cc2ccc(-c3ccc(Cl)cc3Cl)cc2)[nH]c(=O)n1O,4.0
O=c1cc(Cc2ccc(-c3ccc(F)cc3F)cc2)[nH]c(=O)n1O,4.0
O=c1cc(Cc2ccc(-c3ccc(C(F)(F)F)cc3C(F)(F)F)cc2)[nH]c(=O)n1O,4.0
O=c1cc(Cc2ccc(-c3cccc(Cl)c3)cc2)[nH]c(=O)n1O,4.0
O=c1cc(Cc2ccc(-c3cccc(F)c3)cc2)[nH]c(=O)n1O,4.0
O=c1cc(Cc2ccc(-c3cccc(C(F)(F)F)c3)cc2)[nH]c(=O)n1O,4.0
O=c1cc(Cc2ccc(-c3ccc(C(F)(F)F)cc3)cc2)[nH]c(=O)n1O,4.0
O=c1cc(Cc2ccc(-c3ccccc3)cc2)[nH]c(=O)n1O,4.0
Cc1nc2ccc(Br)cc2c(-c2ccc(Cl)cc2)c1C(OC(C)(C)C)C(=O)O,6.866461091629782
CC(C)(C)OC(C(=O)O)c1c(-c2ccc3c(c2)CCCO3)nc(-c2cnn(Cc3ccccc3)c2)c2ccccc12,6.6777807052660805
Cc1nc2ccc(Br)cc2c(-c2ccc(Cl)cc2)c1C(OC(C)(C)C)C(=O)O,6.823908740944319
CC(C)(C)OC(C(=O)O)c1c(-c2ccc3c(c2)CCCO3)nc(-c2cnn(Cc3ccccc3)c2)c2ccccc12,4.43533393574791
Cc1nc2ccc(Br)cc2c(-c2ccc(Cl)cc2)c1C(OC(C)(C)C)C(=O)O,6.823908740944319
CC(C)(C)OC(C(=O)O)c1c(-c2ccc3c(c2)CCCO3)nc(-c2cnn(Cc3ccccc3)c2)c2ccccc12,4.6307841425898575
Cc1nc2ccc(Br)cc2c(-c2ccc(Cl)cc2)c1C(OC(C)(C)C)C(=O)O,6.920818753952375
CC(C)(C)OC(C(=O)O)c1c(-c2ccc3c(c2)CCCO3)nc(-c2nc3cc(Cl)ccc3[nH]2)c2ccccc12,6.0915149811213505
CC(C)(C)OC(C(=O)O)c1c(-c2ccc3c(c2)CCCO3)nc(-c2cnn(Cc3ccccc3)c2)c2ccccc12,6.318758762624412
CC(C)(C)OC(C(=O)O)c1c(-c2ccc3c(c2)CCCO3)nc(-c2ccco2)c2ccccc12,5.449771646944906
CC(C)(C)OC(C(=O)O)c1c(-c2ccc3c(c2)CCCO3)nc(-c2ccc3c(c2)CCCO3)c2ccccc12,5.913640169325252
CC(C)(C)OC(C(=O)O)c1c(-c2ccc3c(c2)CCCO3)nc(-c2ccc(-c3ccccc3)cc2)c2ccccc12,6.080921907623926
COc1ccc(-c2nc(-c3ccc4c(c3)CCCO4)c(C(OC(C)(C)C)C(=O)O)c3ccccc23)cc1,6.0
CC(C)(C)OC(C(=O)O)c1c(-c2ccc3c(c2)CCCO3)nc(-c2ccc(C(F)(F)F)cc2)c2ccccc12,5.11690664142431
CC(C)(C)OC(C(=O)O)c1c(-c2ccc3c(c2)CCCO3)nc(-c2cccc(C(=O)O)c2)c2ccccc12,4.910094888560602
CC(C)(C)OC(C(=O)O)c1c(-c2ccc3c(c2)CCCO3)nc(-c2cccc(F)c2)c2ccccc12,4.889410289700751
COc1cccc(-c2nc(-c3ccc4c(c3)CCCO4)c(C(OC(C)(C)C)C(=O)O)c3ccccc23)c1,5.943095148663527
COc1cccc(-c2nc(-c3ccccc3)c(C(OC(C)(C)C)C(=O)O)c3ccccc23)c1,4.860120913598763
CC(C)(C)OC(C(=O)O)c1c(-c2ccc3c(c2)CCCO3)nc(-c2ccccc2)c2ccccc12,5.3325470471100465
CC(C)(C)OC(C(=O)O)c1c(-c2ccccc2)nc(-c2ccccc2)c2ccccc12,4.995678626217358
CC(C)Oc1ccc2cccnc2c1-c1cccc2ccccc12,4.0
CC(C)Oc1ccc2cccnc2c1-c1cccc2cccnc12,4.0
Cc1nnc(C(=O)NC(C)(C)c2nc(C(=O)NCc3ccc(F)cc3)c(O)c(=O)n2C)o1,5.958607314841775
Cc1ccc2oc(=O)c3c(O)cc(=O)oc3c2c1,5.022276394711152
Cc1ccc2c(c1)oc(=O)c1c(O)cc(=O)oc12,4.3819519032879075
Cc1cccc2c1oc(=O)c1c(O)cc(=O)oc12,4.619788758288394
O=c1cc(O)c2c(=O)oc3ccc4ccccc4c3c2o1,4.667561540084395
O=c1cc(O)c2c(=O)oc3c4ccccc4ccc3c2o1,5.1249387366083
CC(=O)c1c(O)c2c(=O)oc3ccccc3c2oc1=O,5.070581074285707
CC(=O)c1c(O)c2c(=O)oc3ccc(C)cc3c2oc1=O,5.1904402853647325
CC(=O)c1c(O)c2c(=O)oc3cc(C)ccc3c2oc1=O,4.650722472532045
CC(=O)c1c(O)c2c(=O)oc3c(C)cccc3c2oc1=O,4.732828271596986
CC(=O)CC(=O)c1c(O)c2c(=O)oc3ccccc3c2oc1=O,4.376750709602099
CC(=O)CC(=O)c1c(O)c2c(=O)oc3ccc4ccccc4c3c2oc1=O,4.323306390375134
CC(=O)CC(=O)c1c(O)c2c(=O)oc3c4ccccc4ccc3c2oc1=O,4.958607314841775
Cc1cc(=O)c2c(=O)oc3c4ccccc4oc(=O)c3c2o1,4.853871964321762
O=C(c1ccccc1)c1ccc2c(c1)N=CCC(c1c(O)c3c(=O)oc4ccccc4c3oc1=O)=N2,4.698970004336019
Cc1ccc2oc(=O)c3cc(C4=Nc5ccc(C(=O)c6ccccc6)cc5N=CC4)c(=O)oc3c2c1,4.0
Cc1cc(-c2c(O)c3c(=O)oc4ccccc4c3oc2=O)nn1-c1ccccc1,4.0
CCCC(C(=O)O)c1c(C)nc2ccc(Cl)cc2c1-c1ccccc1,5.045757490560675
Cc1nnc(C(=O)NC(C)(C)c2nc(C(=O)NCc3ccc(F)cc3)c(O)c(=O)n2C)o1,7.236572006437063
Cc1ccc2oc(=O)c3c(O)cc(=O)oc3c2c1,4.161150909262744
O=c1cc(O)c2c(=O)oc3c4ccccc4ccc3c2o1,4.2441251443275085
CC(=O)c1c(O)c2c(=O)oc3ccc(C)cc3c2oc1=O,4.247951552180561
CC(=O)CC(=O)c1c(O)c2c(=O)oc3c4ccccc4ccc3c2oc1=O,4.070581074285707
Cc1cc(=O)c2c(=O)oc3c4ccccc4oc(=O)c3c2o1,4.0
O=C(c1ccccc1)c1ccc2c(c1)N=CCC(c1c(O)c3c(=O)oc4ccccc4c3oc1=O)=N2,4.0
CCCC(C(=O)O)c1c(C)nc2ccc(Cl)cc2c1-c1ccccc1,4.0
Cc1nnc(C(=O)NC(C)(C)c2nc(C(=O)NCc3ccc(F)cc3)c(O)c(=O)n2C)o1,4.0
O=C(NNC(=O)c1cc2ccccc2oc1=O)c1ccccc1O,7.154901959985743
O=C(NNC(=O)c1cc2cc(Br)ccc2oc1=O)c1ccccc1O,7.853871964321762
O=C(NNC(=O)c1cc2cc(Cl)ccc2oc1=O)c1ccccc1O,7.886056647693163
COc1cccc2cc(C(=O)NNC(=O)c3ccccc3O)c(=O)oc12,7.327902142064283
CCOc1cccc2cc(C(=O)NNC(=O)c3ccccc3O)c(=O)oc12,6.982966660701219
O=C(NNC(=O)c1cc2ccccc2oc1=O)c1cc(Cl)ccc1O,7.481486060122112
O=C(NNC(=O)c1cc2cc(Br)ccc2oc1=O)c1cc(Cl)ccc1O,6.756961951313706
O=C(NNC(=O)c1cc2cc(Cl)ccc2oc1=O)c1cc(Cl)ccc1O,7.3872161432802645
COc1cccc2cc(C(=O)NNC(=O)c3cc(Cl)ccc3O)c(=O)oc12,7.638272163982407
CCOc1cccc2cc(C(=O)NNC(=O)c3cc(Cl)ccc3O)c(=O)oc12,7.508638306165727
COc1ccc(O)c(C(=O)NNC(=O)c2cc3ccccc3oc2=O)c1,5.236572006437063
COc1ccc(O)c(C(=O)NNC(=O)c2cc3cc(Br)ccc3oc2=O)c1,6.787812395596042
COc1ccc(O)c(C(=O)NNC(=O)c2cc3cc(Cl)ccc3oc2=O)c1,6.218244625347531
COc1ccc(O)c(C(=O)NNC(=O)c2cc3cccc(OC)c3oc2=O)c1,6.045275209020937
CCOc1cccc2cc(C(=O)NNC(=O)c3cc(OC)ccc3O)c(=O)oc12,6.22767829327708
O=C(/C=C/c1ccc(O)c(O)c1)O[C@@H](C(=O)O)[C@@H](OC(=O)/C=C/c1ccc(O)c(O)c1)C(=O)O,8.0
Cc1nnc(C(=O)NC(C)(C)c2nc(C(=O)NCc3ccc(F)cc3)c(O)c(=O)n2C)o1,8.698970004336019
COc1cc2c(cc1Cc1cccc(Cl)c1F)c(=O)c(C(=O)O)cn2[C@H](CO)C(C)C,8.42021640338319
C[C@@H]1CCO[C@H]2Cn3cc(C(=O)NCc4ccc(F)cc4F)c(=O)c(O)c3C(=O)N12,9.301029995663981
O=C(NCc1c(F)cc(F)cc1F)c1cn2c(c(O)c1=O)C(=O)N1[C@H]3CC[C@H](C3)O[C@@H]1C2,8.1249387366083
Cc1nnc(C(=O)NC(C)(C)c2nc(C(=O)NCc3ccc(F)cc3)c(O)c(=O)n2C)o1,7.1487416512809245
O=c1[nH]c2ccc(NS(=O)(=O)c3ccc4ccccc4c3)cc2c(=O)n1O,6.070581074285707
Cc1ccc(C(=O)c2cc(=O)n(O)c(=O)[nH]2)cc1,5.142667503568732
O=C(c1ccc(C(F)(F)F)cc1)c1cc(=O)n(O)c(=O)[nH]1,5.6777807052660805
O=C(c1ccc(F)cc1)c1cc(=O)n(O)c(=O)[nH]1,5.3979400086720375
COC(=O)c1ccc(C(=O)c2cc(=O)n(O)c(=O)[nH]2)cc1,4.886056647693163
Cc1cc(C)cc(C(=O)c2cc(=O)n(O)c(=O)[nH]2)c1,5.309803919971486
Cc1ccc(-c2ccc(C(=O)c3cc(=O)n(O)c(=O)[nH]3)cc2)cc1,5.0
O=C(c1ccc(-c2ccc(C(F)(F)F)cc2)cc1)c1cc(=O)n(O)c(=O)[nH]1,4.0
O=C(c1ccc(-c2ccc(F)cc2)cc1)c1cc(=O)n(O)c(=O)[nH]1,5.173925197299174
COC(=O)c1ccc(-c2ccc(C(=O)c3cc(=O)n(O)c(=O)[nH]3)cc2)cc1,5.173925197299174
Cc1cc(C)cc(-c2ccc(C(=O)c3cc(=O)n(O)c(=O)[nH]3)cc2)c1,5.455931955649724
O=C(c1ccc(-c2ccccc2)cc1)c1cc(=O)n(O)c(=O)[nH]1,5.6020599913279625
O=C(c1cccc(-c2ccccc2)c1)c1cc(=O)n(O)c(=O)[nH]1,5.1487416512809245
COc1ccc(-c2ccc(C(=O)c3cc(=O)n(O)c(=O)[nH]3)cc2)cc1,4.0
N#Cc1ccc(-c2ccc(C(=O)c3cc(=O)n(O)c(=O)[nH]3)cc2)cc1,6.275724130399211
COc1ccc(-c2ccc(C(=O)c3cc(=O)n(O)c(=O)[nH]3)cc2)cc1OC,6.481486060122113
Cc1cc(-c2ccc(C(=O)c3cc(=O)n(O)c(=O)[nH]3)cc2)ccc1F,5.366531544420414
O=C(c1ccc(-c2ccc(Cl)c(F)c2)cc1)c1cc(=O)n(O)c(=O)[nH]1,6.431798275933005
CCOCn1c(C(=O)c2ccc(-c3ccccc3)cc2)cc(=O)n(O)c1=O,4.0
CCOCn1c(C(=O)c2cccc(-c3ccccc3)c2)cc(=O)n(O)c1=O,4.0
CCOCn1c(C(C#N)c2cc(C)cc(C)c2)cc(=O)n(O)c1=O,4.0
CCOCn1c(C(C#N)c2ccc(-c3ccccc3)cc2)cc(=O)n(O)c1=O,4.0
Cc1nnc(C(=O)NC(C)(C)c2nc(C(=O)NCc3ccc(F)cc3)c(O)c(=O)n2C)o1,6.187086643357144
C[C@@H]1CCO[C@H]2Cn3cc(C(=O)NCc4ccc(F)cc4F)c(=O)c(O)c3C(=O)N12,7.167491087293763
Cn1c(Nc2cccc(-c3ccccc3)c2)cc(=O)n(O)c1=O,5.657577319177793
COc1ccc(-c2ccc(Nc3cc(=O)n(O)c(=O)n3C)cc2)cc1,5.356547323513812
COc1cccc(-c2cccc(Nc3cc(=O)n(O)c(=O)n3C)c2)c1,5.337242168318426
Cn1c(Nc2ccc(-c3cccc(C#N)c3)cc2)cc(=O)n(O)c1=O,4.522878745280337
Cn1c(Nc2cccc(-c3cccc(C#N)c3)c2)cc(=O)n(O)c1=O,5.1487416512809245
Cc1noc(C)c1-c1ccc(Nc2cc(=O)n(O)c(=O)n2C)cc1,4.6020599913279625
Cn1c(Oc2ccc(-c3ccc(O)cc3)cc2)cc(=O)n(O)c1=O,4.920818753952375
Cn1c(Oc2cccc(-c3cccc(O)c3)c2)cc(=O)n(O)c1=O,5.1487416512809245
COc1ccc(-c2ccccc2Oc2cc(=O)n(O)c(=O)n2C)cc1,6.0
Cc1ccc(-c2ccc(Nc3cc(=O)n(O)c(=O)[nH]3)cc2)cc1,4.031517051446065
Cc1ccc(-c2cccc(Nc3cc(=O)n(O)c(=O)[nH]3)c2)cc1,4.356547323513812
COc1cccc(-c2ccc(Nc3cc(=O)n(O)c(=O)[nH]3)cc2)c1,4.0
COc1ccc(-c2cccc(Nc3cc(=O)n(O)c(=O)[nH]3)c2)cc1,4.0
COc1cc(OC)cc(-c2ccc(Nc3cc(=O)n(O)c(=O)[nH]3)cc2)c1,4.455931955649724
COc1ccc(-c2cccc(Nc3cc(=O)n(O)c(=O)[nH]3)c2)c(OC)c1,5.920818753952375
COc1cccc(OC)c1-c1cccc(Nc2cc(=O)n(O)c(=O)[nH]2)c1,5.886056647693163
O=c1cc(Nc2cccc(-c3ccc(F)cc3)c2)[nH]c(=O)n1O,4.0
O=C(O)C(=O)CC(=O)c1cccn1Cc1ccc(F)cc1,6.3979400086720375
CC(C)Nc1cccnc1N1CCN(C(=O)c2cc3cc(NS(C)(=O)=O)ccc3[nH]2)CC1,4.0
Cn1c(C(OC(C)(C)C)C(=O)[O-])c(-c2ccc3c(c2)CCCO3)c2ccccc21.[Na+],4.542118103266008
Cn1c(C(OC(C)(C)C)C(=O)[O-])c(-c2ccc3c(c2)CCCO3)c2ccccc21.[Na+],6.045757490560675
Cn1c(C(OC(C)(C)C)C(=O)[O-])c(-c2ccc3c(c2)CCCO3)c2ccccc21.[Na+],5.494850021680094
COC(C(=O)O)c1c(C)nc2ccc(Br)cc2c1-c1ccc(Cl)cc1,5.886056647693163
COc1ccc(-n2c(C(OC(C)(C)C)C(=O)O)c(C)c3ccccc32)cc1,4.0
Cn1c(CC(OC(C)(C)C)C(=O)O)c(-c2ccccc2)c2ccccc21,4.0
COc1ccc(-c2c(C(OC(C)(C)C)C(=O)[O-])n(Cc3ccccc3)c3ccccc23)cc1.[Na+],4.228412519118745
Cn1c(C(OC(C)(C)C)C(=O)[O-])c(Cc2ccccc2)c2ccccc21.[Na+],4.504455662453552
Cn1c(C(OC(C)(C)C)C(=O)[O-])c(-c2ccc3c(c2)CCCO3)c2ccccc21.[Na+],5.346787486224656
COc1ccc(-c2c(C(OC(C)(C)C)C(=O)[O-])n(C)c3ccccc23)cc1.[Na+],4.494850021680094
Cn1c(C(OC(C)(C)C)C(=O)[O-])c(-c2ccccc2)c2ccccc21.[Na+],4.355561410532162
O=C(NCc1ccccc1)c1c(Nc2ccccc2)[nH]c(=O)n(O)c1=O,4.0
O=C(NCc1ccccc1)c1c(Nc2ccc(-c3ccccc3)cc2)[nH]c(=O)n(O)c1=O,4.0
CNc1[nH]c(=O)n(O)c(=O)c1C(=O)NCc1ccccc1,7.096910013008056
CNc1[nH]c(=O)n(O)c(=O)c1C(=O)NCc1cccc(F)c1,6.6020599913279625
CNc1[nH]c(=O)n(O)c(=O)c1C(=O)NCc1ccc(F)cc1,6.958607314841775
CNc1[nH]c(=O)n(O)c(=O)c1C(=O)NCc1cccc(Cl)c1F,6.958607314841775
CCNc1[nH]c(=O)n(O)c(=O)c1C(=O)NCc1ccccc1,7.481486060122112
CCCNc1[nH]c(=O)n(O)c(=O)c1C(=O)NCc1ccccc1,7.180456064458132
CCCNc1[nH]c(=O)n(O)c(=O)c1C(=O)NCc1cccc(Cl)c1F,7.236572006437063
CC(C)Nc1[nH]c(=O)n(O)c(=O)c1C(=O)NCc1ccccc1,6.823908740944319
O=C(NCc1ccccc1)c1c(NC2CC2)[nH]c(=O)n(O)c1=O,6.6777807052660805
CC(C)(C)Nc1[nH]c(=O)n(O)c(=O)c1C(=O)NCc1ccccc1,7.0915149811213505
Nc1[nH]c(=O)n(O)c(=O)c1C(=O)NCc1ccccc1,6.045757490560675
C[C@@H]1CCO[C@H]2Cn3cc(C(=O)NCc4ccc(F)cc4F)c(=O)c(O)c3C(=O)N12,7.167491087293763
Cc1nnc(C(=O)NC(C)(C)c2nc(C(=O)NCc3ccc(F)cc3)c(O)c(=O)n2C)o1,6.187086643357144
CCNc1[nH]c(=O)n(O)c(=O)c1C(=O)NCc1cccc(F)c1,7.167491087293763
CCNc1[nH]c(=O)n(O)c(=O)c1C(=O)NCc1ccc(F)cc1,7.309803919971486
CCNc1[nH]c(=O)n(O)c(=O)c1C(=O)NCc1cc(F)ccc1F,7.167491087293763
CCNc1[nH]c(=O)n(O)c(=O)c1C(=O)NCc1ccc(F)cc1F,7.318758762624412
CCNc1[nH]c(=O)n(O)c(=O)c1C(=O)NCc1cc(F)cc(F)c1,6.638272163982407
CCNc1[nH]c(=O)n(O)c(=O)c1C(=O)NCc1ccc(F)c(F)c1,7.113509274827518
CCNc1[nH]c(=O)n(O)c(=O)c1C(=O)NCc1cc(F)ccc1Cl,7.022276394711152
CCNc1[nH]c(=O)n(O)c(=O)c1C(=O)NCc1ccc(Cl)c(F)c1,6.920818753952375
CCNc1[nH]c(=O)n(O)c(=O)c1C(=O)NCc1cccc(Cl)c1F,7.6777807052660805
CCNc1[nH]c(=O)n(O)c(=O)c1C(=O)NCc1ccc(C)c(F)c1,7.292429823902063
CCNc1[nH]c(=O)n(O)c(=O)c1C(=O)NCCc1ccccc1,7.0
CCNc1[nH]c(=O)n(O)c(=O)c1C(=O)Nc1ccccc1,4.455931955649724
CCNc1[nH]c(=O)n(O)c(=O)c1C(N)=O,4.0
CCNc1[nH]c(=O)n(O)c(=O)c1C(=O)NCCCl,4.0
CCNc1[nH]c(=O)n(O)c(=O)c1C(=O)Oc1ccccc1,4.0
CCNc1c(C(=O)NCc2ccc(F)cc2)c(=O)n(O)c(=O)n1C,4.0
CCNc1c(C(=O)N(C)Cc2ccc(F)cc2)c(=O)n(O)c(=O)n1C,5.154901959985743
Cn1c(O)c(C(=O)NCc2ccccc2)c(=O)n(O)c1=O,4.431798275933005
O=C(NCc1ccc(F)cc1)c1c2n(c(=O)n(O)c1=O)CCCN2,6.366531544420414
CCCCn1cncc1-c1cccc(OC)c1,4.515700160653214
CCCCn1cncc1-c1ccc(C(C)(C)C)cc1,4.649751981665837
COc1cccc(-c2cncn2C2CCCCC2)c1,4.6595558851598815
CC(C)(C)c1ccc(-c2cncn2C2CCCCC2)cc1,4.835647144215563
Fc1ccc(-c2cncn2-c2ccc(Br)cc2)cc1,4.600326278518962
COc1ccc(-c2cncn2-c2ccc(Br)cc2)c(OC)c1,5.154901959985743
Cc1nnc(C(=O)NC(C)(C)c2nc(C(=O)NCc3ccc(F)cc3)c(O)c(=O)n2C)o1,7.568636235841013
CCOC(=O)c1cc(-c2cn(Cc3ccc(F)cc3)cc2-c2ccccc2)n[nH]1,4.1249387366083
C/C(=N\NC(=O)C(O)C(O)C(=O)N/N=C(\C)c1c(O)c2ccccc2oc1=O)c1c(O)c2ccccc2oc1=O,5.455931955649724
CN(C)CCCNC(=O)c1ccc2nc(-c3ccc4nc(CNC(=O)CCCCN5CCN(CCCCC(=O)NCc6nc7ccc(-c8nc9ccc(C(=O)NCCCN(C)C)cc9[nH]8)cc7[nH]6)CC5)[nH]c4c3)[nH]c2c1,5.958607314841775
CN(C)CCCNC(=O)c1ccc2nc(-c3ccc4nc(CNC(=O)CCN5CCN(CCC(=O)NCc6nc7ccc(-c8nc9ccc(C(=O)NCCCN(C)C)cc9[nH]8)cc7[nH]6)CC5)[nH]c4c3)[nH]c2c1,5.585026652029182
CN(C)CCCNC(=O)c1ccc2nc(-c3ccc4nc(CNC(=O)CCCN5CCN(CCCC(=O)NCc6nc7ccc(-c8nc9ccc(C(=O)NCCCN(C)C)cc9[nH]8)cc7[nH]6)CC5)[nH]c4c3)[nH]c2c1,5.7447274948966935
CN1CCN(c2ccc3nc(-c4ccc5nc(CNC(=O)CCCCN6CCN(CCCCC(=O)NCc7nc8ccc(-c9nc%10ccc(N%11CCN(C)CC%11)cc%10[nH]9)cc8[nH]7)CC6)[nH]c5c4)[nH]c3c2)CC1,5.4089353929735005
CN(C)CCCNC(=O)c1ccc2nc(-c3ccc4nc(CNC(=O)CN5CCN(CC(=O)NCc6nc7ccc(-c8nc9ccc(C(=O)NCCCN(C)C)cc9[nH]8)cc7[nH]6)CC5)[nH]c4c3)[nH]c2c1,5.6777807052660805
CN1CCN(c2ccc3nc(-c4ccc5nc(CNC(=O)CN6CCN(CC(=O)NCc7nc8ccc(-c9nc%10ccc(N%11CCN(C)CC%11)cc%10[nH]9)cc8[nH]7)CC6)[nH]c5c4)[nH]c3c2)CC1,4.823908740944319
CN1CCN(c2ccc3nc(-c4ccc5nc(CNC(=O)CCN6CCN(CCC(=O)NCc7nc8ccc(-c9nc%10ccc(N%11CCN(C)CC%11)cc%10[nH]9)cc8[nH]7)CC6)[nH]c5c4)[nH]c3c2)CC1,5.154901959985743
CN1CCN(c2ccc3nc(-c4ccc5nc(CNC(=O)CCCN6CCN(CCCC(=O)NCc7nc8ccc(-c9nc%10ccc(N%11CCN(C)CC%11)cc%10[nH]9)cc8[nH]7)CC6)[nH]c5c4)[nH]c3c2)CC1,5.00436480540245
CC(=O)c1ccc2c(c1)c(=O)c(C(=O)O)cn2Cc1ccc(F)cc1,4.0
O=C(/C=C/c1ccc2c(c1)c(=O)c(C(=O)O)cn2Cc1ccc(F)cc1)c1ccccc1,5.471083299722345
O=C(O)c1cn(Cc2ccc(F)cc2)c2ccc(OCc3ccccc3)cc2c1=O,6.3872161432802645
O=C(O)c1cn(Cc2ccc(F)cc2)c2ccc(OCc3cccc(Cl)c3Cl)cc2c1=O,4.0
O=C(O)c1cn(Cc2ccc(F)cc2)c2ccc(OCc3ccc(Cl)c(Cl)c3)cc2c1=O,5.488116639021126
O=C(O)c1cn(Cc2ccc(F)cc2)c2ccc(OCc3cccc4ccccc34)cc2c1=O,4.0
O=C(O)c1cn(Cc2ccc(F)cc2)c2ccc(OCc3ccc4c(c3)OCO4)cc2c1=O,4.0
O=C(O)c1cn(Cc2ccc(F)cc2)c2ccc(OCc3ccc(-c4ccccc4)cc3)cc2c1=O,3.6020599913279625
O=C(O)c1cn(Cc2ccc(F)cc2)c2ccc(OCc3ccc(Oc4ccccc4)cc3)cc2c1=O,4.0
CCOC(=O)c1cn(Cc2ccc(F)cc2)c2ccc(C(C)=O)cc2c1=O,4.0
CCOC(=O)c1cn(Cc2ccc(F)cc2)c2ccc(OCc3cccc(Cl)c3Cl)cc2c1=O,7.301029995663981
CCOC(=O)c1cn(Cc2ccc(F)cc2)c2ccc(OCc3ccc(Cl)c(Cl)c3)cc2c1=O,5.024568191490737
CCOC(=O)/C=C/C(=O)/C=C/c1cccn1Cc1ccccc1Cl,4.0
Cc1nnc(C(=O)NC(C)(C)c2nc(C(=O)NCc3ccc(F)cc3)c(O)c(=O)n2C)o1,7.721246399047171
COC(=O)[C@@]1(C(=O)C(C)=O)C(C)=C(C)C=C2[C@]3(C=O)CC[C@H](OC(C)=O)C(C)(C)[C@H]3CC[C@@]21C,8.09151498112135
C=C1C[C@@H]2[C@@]3(C)CCC(=O)C(C)(C)[C@@H]3C(=O)C[C@@]2(C)[C@@]2(C(=O)OC)C(=O)[C@](C)(O)C(=O)[C@@]12C,7.7447274948966935
COc1cc2c(c(O)c1C)Oc1c(C=O)c(O)cc(C)c1C(=O)O2,5.3325470471100465
CC(=O)N[C@H]1[C@H](O[C@H]2CC[C@]3(C)[C@H]4CC=C5[C@@H]6CC(C)(C)CC[C@]6(C(=O)O)CC[C@@]5(C)[C@]4(C)CC[C@H]3C2(C)C)O[C@H](CO)[C@@H](O)[C@@H]1O,4.73754891026957
C/C=C/Oc1cc(C=O)ccc1O,4.568636235841013
C/C=C/Oc1cc(C=O)ccc1O,4.552841968657781
C/C=C/Oc1cc(C=O)ccc1O,4.6020599913279625
CCC(CC)O[C@@H]1C=C(C(=O)O)C[C@H](NCc2ccc(-c3ccccc3)cc2)[C@H]1NC(C)=O,5.527243550682788
CCC(CC)O[C@@H]1C=C(C(=O)O)C[C@H](N)[C@H]1NC(C)=O,5.448550002027125
CC(=O)N[C@H]1[C@H]([C@H](O)[C@H](O)CO)OC(C(=O)O)=C[C@@H]1NC(=N)N,8.602059991327963
CCC(CC)O[C@@H]1C=C(C(=O)O)C[C@H](NCc2ccc(-c3cccs3)cc2Cl)[C@H]1NC(C)=O,5.430626090384954
CCC(CC)O[C@@H]1C=C(C(=O)O)C[C@H](NCc2ccc(-c3cccs3)cc2C)[C@H]1NC(C)=O,5.785156151952302
CCC(CC)O[C@@H]1C=C(C(=O)O)C[C@H](NCc2ccc(-c3cccs3)cc2OC)[C@H]1NC(C)=O,6.292429823902063
CCC(CC)O[C@@H]1C=C(C(=O)O)C[C@H](NCc2c(C)cc(-c3cccs3)cc2C)[C@H]1NC(C)=O,4.0
CCC(CC)O[C@@H]1C=C(C(=O)O)C[C@H](NCc2c(F)cc(-c3cccs3)cc2F)[C@H]1NC(C)=O,5.337242168318426
CCC(CC)O[C@@H]1C=C(C(=O)O)C[C@H](NCc2ccc(-c3cccs3)c(Cl)c2)[C@H]1NC(C)=O,5.1487416512809245
CCC(CC)O[C@@H]1C=C(C(=O)O)C[C@H](NCc2ccc(-c3ccsc3)cc2Cl)[C@H]1NC(C)=O,6.026872146400302
CCC(CC)O[C@@H]1C=C(C(=O)O)C[C@H](NCc2ccc(-c3ccsc3)cc2C)[C@H]1NC(C)=O,5.640164517660112
CCC(CC)O[C@@H]1C=C(C(=O)O)C[C@H](NCc2ccc(-c3ccsc3)cc2OC)[C@H]1NC(C)=O,5.97061622231479
CCC(CC)O[C@@H]1C=C(C(=O)O)C[C@H](NCc2c(C)cc(-c3ccsc3)cc2C)[C@H]1NC(C)=O,5.429457060118103
CCC(CC)O[C@@H]1C=C(C(=O)O)C[C@H](NCc2ccc(-c3ccsc3)cc2O)[C@H]1NC(C)=O,5.493494967595128
CCC(CC)O[C@@H]1C=C(C(=O)O)C[C@H](NCc2ccc(-c3cccs3)cc2)[C@H]1NC(C)=O,5.3979400086720375
CCC(CC)O[C@@H]1C=C(C(=O)O)C[C@H](NCc2ccc(Sc3ccccc3)cc2)[C@H]1NC(C)=O,8.254144804826272
Cc1nnc(C(=O)NC(C)(C)c2nc(C(=O)NCc3ccc(F)cc3)c(O)c(=O)n2C)o1,7.823908740944319
O=C(NCc1ccccc1)c1nc(-c2cccs2)nc(O)c1O,7.070581074285707
CC[C@@H](CCCCc1cn([C@H]2[C@H](O)[C@@H](O)[C@H](n3cc(-c4ccc(-c5cn([C@@H]6O[C@H](CO)[C@@H](n7cc(-c8cc(O)c(-c9cn([C@@H]%10O[C@H](CO)[C@@H](n%11cc(-c%12ccc(-c%13cn([C@@H]%14O[C@H](CO)[C@@H](n%15cc(CCCC[C@H](CC)O[C@@H]%16OC(C(=O)O)=C[C@H](O)[C@H]%16NC(C)=O)nn%15)[C@H](O)[C@H]%14O)nn%13)cc%12)nn%11)[C@H](O)[C@H]%10O)nn9)cc8O)nn7)[C@H](O)[C@H]6O)nn5)cc4)nn3)O[C@@H]2CO)nn1)O[C@@H]1OC(C(=O)O)=C[C@H](N)[C@H]1NC(C)=O,4.97469413473523
CCC(CC)O[C@@H]1C=C(C(=O)O)C[C@H](N)[C@H]1NC(C)=O,8.0
COc1cc2c(cc1Cc1cccc(Cl)c1F)c(=O)c(C(=O)O)cn2[C@H](CO)C(C)C,8.142667503568731
O=C(NCc1ccc(F)c(Cl)c1)c1cc2cccc(O)c2n(O)c1=O,6.275724130399211
O=C(NCc1ccc(F)c(F)c1)c1cc2cccc(O)c2n(O)c1=O,6.107905397309519
O=C(NCc1ccc(F)cc1F)c1cc2cccc(O)c2n(O)c1=O,5.7447274948966935
O=C(NCc1ccc(F)c(Cl)c1)c1cc2cccnc2n(O)c1=O,6.853871964321762
O=C(NCc1ccc(F)c(F)c1)c1cc2cccnc2n(O)c1=O,6.769551078621726
O=C(NCc1ccc(F)cc1F)c1cc2cccnc2n(O)c1=O,6.3872161432802645
O=C(NCc1ccc(F)c(Cl)c1)c1c(O)c2cccnc2n(O)c1=O,6.568636235841013
O=C(NCc1ccc(F)c(F)c1)c1c(O)c2cccnc2n(O)c1=O,6.3979400086720375
O=C(NCc1ccc(F)cc1F)c1c(O)c2cccnc2n(O)c1=O,6.259637310505756
C[C@@H]1CCO[C@H]2Cn3cc(C(=O)NCc4ccc(F)cc4F)c(=O)c(O)c3C(=O)N12,9.167491087293763
CC1=C[C@H](c2c(O)ccc([C@@H]3CC(=O)c4c(O)cc(O)cc4O3)c2O)[C@@H](C(=O)c2ccc(O)cc2O)[C@H](c2ccc(O)cc2O)C1,4.376750709602099
CC1=C[C@H](c2c(O)ccc([C@@H]3CC(=O)c4c(O)cc(O)cc4O3)c2O)[C@@H](C(=O)c2ccc(O)cc2O)[C@H](c2ccc(O)cc2O)C1,4.468521082957745
CC1=C[C@H](c2c(O)ccc([C@@H]3CC(=O)c4c(O)cc(O)cc4O3)c2O)[C@@H](C(=O)c2ccc(O)cc2O)[C@H](c2ccc(O)cc2O)C1,4.657577319177793
CCOC(=O)C(=O)CC(=O)/C=C/c1cccn1Cc1ccc(F)cc1,4.008773924307505
Cc1c(O)c([N+](=O)[O-])cc2cc(C(=O)Nc3ccc(O)c(C(=O)O)c3)c(=O)oc12,5.301029995663981
CCOC(=O)C(=O)CC(=O)/C=C/c1cccn1Cc1ccc(F)cc1,4.036212172654444
O=C(N/N=C/c1ccc(O)cc1O)c1cc(O)c(O)c(O)c1,4.795880017344075
CCCCCCC[C@H]1Cc2cc3c(c(O)c2CO1)C(=O)C(=O)C(OC)=C3,6.356547323513812
CCCC/C=C/c1c(OC)cc(=O)oc1C,3.6020599913279625
CCCCCCc1c(OC)cc(=O)oc1C,4.823908740944319
CCCCCc1cc(O)c(C)c(O)c1C=O,4.886056647693163
Cc1nnc(C(=O)NC(C)(C)c2nc(C(=O)NCc3ccc(F)cc3)c(O)c(=O)n2C)o1,7.823908740944319
Cc1nnc(C(=O)NC(C)(C)c2nc(C(=O)NCc3ccc(F)cc3)c(O)c(=O)n2C)o1,7.823908740944319
O=C(NCc1ccccc1)c1nc(-c2cccs2)nc(O)c1O,5.585026652029182
O=C(O)C(=O)CC(=O)c1cccc(Cc2ccccc2)c1,8.0
O=c1c2cc(Cc3ccccc3)ccc2oc2ccc(O)c(O)c12,6.221848749616356
O=C(c1cc(Cc2ccccc2)cc(CN2CCCS2(=O)=O)c1)c1ncc2cccnc2c1O,8.0
O=C(NCc1ccc(F)cc1)c1ncc2cccnc2c1O,7.481486060122112
O=C(O)c1cnc2ccc(Cc3ccccc3)cc2c1O,5.795880017344075
O=C(O)c1c[nH]c2ccc(Cc3cccc(Cl)c3F)cc2c1=O,7.361510743045363
O=C(O)c1cn(CCO)c2ccc(Cc3cccc(Cl)c3F)cc2c1=O,7.616184634019569
C=C[C@@H]1C[C@]1(NC(=O)[C@@H]1C[C@@H](Oc2nccc3ccccc23)CN1C(=O)[C@@H](NC(=O)OC(C)(C)C)C(C)(C)C)C(=O)NS(=O)(=O)C1CC1,8.154901959985743
C=C[C@@H]1C[C@]1(NC(=O)[C@@H]1C[C@@H](Oc2ncc(OC)c3ccccc23)CN1C(=O)[C@@H](NC(=O)OC(C)(C)C)C(C)(C)C)C(=O)NS(=O)(=O)C1CC1,8.698970004336019
C=C[C@@H]1C[C@]1(NC(=O)[C@@H]1C[C@@H](Oc2nccc3ccc(Cl)cc23)CN1C(=O)[C@@H](NC(=O)OC(C)(C)C)C(C)(C)C)C(=O)NS(=O)(=O)C1CC1,7.920818753952375
C=C[C@@H]1C[C@]1(NC(=O)[C@@H]1C[C@@H](Oc2ncc(OC)c3ccc(Cl)cc23)CN1C(=O)[C@@H](NC(=O)OC(C)(C)C)C(C)(C)C)C(=O)NS(=O)(=O)C1CC1,9.0
Cc1ccc2c(c1C(OC(C)(C)C)C(=O)O)[C@]1(CC2)CC[C@@H](C)CC1,7.267606240177032
Cc1ccc2c(c1C(OC(C)(C)C)C(=O)O)[C@]1(CCC2)CC[C@@H](C)CC1,7.301029995663981
Cc1ccc2c(c1C(OC(C)(C)C)C(=O)O)[C@]1(CC[C@H](C)CC1)CC2O,6.366531544420414
COC1C[C@]2(CC[C@@H](C)CC2)c2c1ccc(C)c2C(OC(C)(C)C)C(=O)O,7.275724130399211
Cc1ccc2c(c1C(OC(C)(C)C)C(=O)O)[C@]1(CC[C@H](C)CC1)CC2=O,6.309803919971486
Cc1ccc(-c2c([C@H](OC(C)(C)C)C(=O)O)c(C)nc3ccccc23)cc1C,7.920818753952375
CNC(=O)c1cc(C)c(C(OC(C)(C)C)C(=O)O)c2c1CC[C@]21CC[C@@H](C)CC1,6.795880017344075
Cc1cc(C(=O)N(C)C)c2c(c1C(OC(C)(C)C)C(=O)O)[C@]1(CC2)CC[C@@H](C)CC1,5.7447274948966935
Cc1cc(C(=O)NC(C)C)c2c(c1C(OC(C)(C)C)C(=O)O)[C@]1(CC2)CC[C@@H](C)CC1,7.698970004336019
Cc1cc(C(=O)NCC(C)C)c2c(c1C(OC(C)(C)C)C(=O)O)[C@]1(CC2)CC[C@@H](C)CC1,8.244125144327509
Cc1cc(C(=O)NC2CCCCC2)c2c(c1C(OC(C)(C)C)C(=O)O)[C@]1(CC2)CC[C@@H](C)CC1,8.698970004336019
Cc1cc(C(=O)NC2CCCCCC2)c2c(c1C(OC(C)(C)C)C(=O)O)[C@]1(CC2)CC[C@@H](C)CC1,8.744727494896694
Cc1cc(NC(=O)CC(C)C)c2c(c1C(OC(C)(C)C)C(=O)O)[C@]1(CC2)CC[C@@H](C)CC1,8.657577319177793
Cc1cc(C(=O)NC2CCCCC2)c2c(c1[C@H](OC(C)(C)C)C(=O)O)[C@]1(CC2)CC[C@@H](C)CC1,8.853871964321762
Cc1cc(C(=O)NC2CCCCC2)c2c(c1[C@@H](OC(C)(C)C)C(=O)O)[C@]1(CC2)CC[C@@H](C)CC1,8.080921907623926
O=C(O)/C(O)=C/C(=O)c1ccc2c(c1)c(=O)c(C(=O)/C=C(\O)C(=O)O)cn2Cc1ccc(F)cc1,7.154901959985743
O=C(O)/C(O)=C/C(=O)c1ccc2[nH]cc(C(=O)/C=C(\O)C(=O)O)c(=O)c2c1,5.503070351926785
CN(C)c1cc2c(cc1C(=O)/C=C(\O)C(=O)O)c(=O)c(C(=O)/C=C(\O)C(=O)O)cn2Cc1ccc(F)cc1,6.7423214251308154
CCOC(=O)/C(O)=C/C(=O)c1ccc2c(c1)c(=O)c(C(=O)/C=C(\O)C(=O)OCC)cn2Cc1ccc(F)cc1,6.096910013008056
CCOC(=O)/C(O)=C/C(=O)c1ccc2[nH]cc(C(=O)/C=C(\O)C(=O)OCC)c(=O)c2c1,5.6307841425898575
CCOC(=O)/C(O)=C/C(=O)c1cc2c(=O)c(C(=O)/C=C(\O)C(=O)OCC)cn(Cc3ccc(F)cc3)c2cc1N(C)C,6.318758762624412
CCOC(=O)/C(O)=C/C(=O)c1cc2c(=O)c(C(=O)/C=C(\O)C(=O)OCC)cn(Cc3ccc(F)cc3)c2cc1N1CCN(C)CC1,6.106793246940152
O=C(O)/C(O)=C/C(=O)c1cn(Cc2ccc(F)cc2)c2ccc(C(=O)c3ccc(C(=O)O)cc3)cc2c1=O,7.113509274827518
CCOC(=O)/C(O)=C/C(=O)c1cn(Cc2ccc(F)cc2)c2ccc(C(=O)c3ccc(C(=O)OCC)cc3)cc2c1=O,6.130181792020672
O=C(O)c1cn(Cc2ccc(F)cc2)c2ccc(Oc3ccccc3)cc2c1=O,3.6989700043360187
O=C(O)c1cn(Cc2ccc(F)cc2)c2ccc(OCc3ccc(F)cc3)cc2c1=O,3.6989700043360187
O=C(O)c1cn(Cc2ccc(F)cc2)c2ccc(OCc3cccc4ccccc34)cc2c1=O,4.437707135543525
O=C(O)c1cn(Cc2ccc(F)cc2)c2ccc(OCc3ccc(OCc4ccccc4)cc3)cc2c1=O,5.2020403562628035
CCOC(=O)c1cn(Cc2ccc(F)cc2)c2ccc(OCc3cccc4ccccc34)cc2c1=O,4.377785977033705
CCOC(=O)c1cn(Cc2ccc(F)cc2)c2ccc(OCc3ccc(OCc4ccccc4)cc3)cc2c1=O,3.6989700043360187
O=C(O)/C(O)=C/C(=O)c1cccn1Cc1ccccc1,6.657577319177793
O=C(O)/C(O)=C/C(=O)c1cccn1Cc1ccc(F)cc1,7.301029995663981
Cc1ccc(-c2c(C)c3c(c(C)c2C(OC(C)(C)C)C(=O)O)CN(Cc2ccc(F)cc2)C3)cc1,7.455931955649724
Cc1ccc(-c2c(C)c3c(c(C)c2[C@H](OC(C)(C)C)C(=O)O)CN(Cc2ccc(F)cc2)C3)cc1,7.443697499232712
Cc1ccc(-c2c(C)c3c(c(C)c2[C@H](OC(C)(C)C)C(=O)O)CN(Cc2cccc(F)c2F)C3)cc1,7.3979400086720375
Cc1ccc(-c2c(C)c3c(c(C)c2[C@H](OC(C)(C)C)C(=O)O)CN(C(=O)NC2CCCCC2)C3)cc1,7.481486060122112
Cc1ccc(-c2c(C)c3c(c(C)c2C(OC(C)(C)C)C(=O)O)CN(S(=O)(=O)c2cccc4ccccc24)C3)cc1,7.376750709602099
Cc1ccc(-c2c(C)c3c(c(C)c2C(OC(C)(C)C)C(=O)O)CN(c2ccc(C)cc2)C3)cc1,2.526221165353275
Cc1ccc(-c2c(C)c3c(c(C)c2[C@H](OC(C)(C)C)C(=O)O)CN(C(=O)N2CCCCC2)C3)cc1,8.397940008672037
Cc1c(-c2c(C)c3c(c(C)c2[C@H](OC(C)(C)C)C(=O)O)CN(Cc2cccc(F)c2)C3)cc(F)c2c1CCCO2,8.301029995663981
Cc1ccc(-c2c(C)c3c(c(C)c2C(OC(C)(C)C)C(=O)O)CN(Cc2ccccc2)C3)cc1,7.008773924307505
Cc1ccc(-c2c(C)c3c(c(C)c2C(OC(C)(C)C)C(=O)O)CN(CC2CCCCC2)C3)cc1,7.1487416512809245
Cc1ccc(-c2c(C)c3c(c(C)c2[C@H](OC(C)(C)C)C(=O)O)CN(Cc2ccncc2)C3)cc1,6.7594507517174005
Cc1ccc(-c2c(C)c3c(c(C)c2[C@H](OC(C)(C)C)C(=O)O)CN(CC2CCOCC2)C3)cc1,6.086186147616283
Cc1ccc(-c2c(C)c3c(c(C)c2[C@H](OC(C)(C)C)C(=O)O)CN(Cc2cccc4ccccc24)C3)cc1,7.356547323513812
Cc1ccc(-c2c(C)c3c(c(C)c2[C@H](OC(C)(C)C)C(=O)O)CN(C2CCC(C)(C)CC2)C3)cc1,6.928117992693875
Cc1ccc(-c2c(C)c3c(c(C)c2C(OC(C)(C)C)C(=O)O)CN(S(C)(=O)=O)C3)cc1,5.671009144550571
Cc1ccc(-c2c(C)c3c(c(C)c2C(OC(C)(C)C)C(=O)O)CN(S(=O)(=O)c2cccc4ccccc24)C3)cc1,7.2076083105017466
Cc1ccc(-c2c(C)c3c(c(C)c2C(OC(C)(C)C)C(=O)O)CN(C(=O)OCc2ccccc2)C3)cc1,5.892790030352131
Cc1ccc(-c2c(C)c3c(c(C)c2[C@H](OC(C)(C)C)C(=O)O)CN(Cc2ccc(Cl)cc2)C3)cc1,7.1249387366083
COc1ccc(CN2Cc3c(C)c(-c4ccc(C)cc4)c([C@H](OC(C)(C)C)C(=O)O)c(C)c3C2)cc1,6.468521082957745
Cc1ccc(CN2Cc3c(C)c(-c4ccc(C)cc4)c([C@H](OC(C)(C)C)C(=O)O)c(C)c3C2)cc1,6.939302159646388
Cc1ccc(-c2c(C)c3c(c(C)c2[C@H](OC(C)(C)C)C(=O)O)CN(Cc2ccccc2F)C3)cc1,7.3979400086720375
Cc1ccc(-c2c(C)c3c(c(C)c2[C@H](OC(C)(C)C)C(=O)O)CN(Cc2cccc(F)c2)C3)cc1,7.698970004336019
Cc1ccc(-c2c(C)c3c(c(C)c2[C@H](OC(C)(C)C)C(=O)O)CN(Cc2nc(C)c[nH]2)C3)cc1,6.692503962086787
COc1cccc(CN2Cc3c(C)c(-c4ccc(C)cc4)c([C@H](OC(C)(C)C)C(=O)O)c(C)c3C2)c1,7.920818753952375
Cc1ccc(-c2c(C)c3c(c(C)c2[C@H](OC(C)(C)C)C(=O)O)CN(CC(C)C)C3)cc1,6.024108863598207
Cc1ccc(-c2c(C)c3c(c(C)c2[C@H](OC(C)(C)C)C(=O)O)CN(Cc2ccc(Cl)c(Cl)c2)C3)cc1,7.267606240177032
Cc1ccc(-c2c(C)c3c(c(C)c2[C@H](OC(C)(C)C)C(=O)O)CN(Cc2ccc(C(F)(F)F)cc2)C3)cc1,6.030584087646019
Cc1ccc(-c2c(C)c3c(c(C)c2[C@H](OC(C)(C)C)C(=O)O)CN(Cc2cccc(C(F)(F)F)c2)C3)cc1,7.026872146400302
Cc1ccc(-c2c(C)c3c(c(C)c2[C@H](OC(C)(C)C)C(=O)O)CN(Cc2cccc(-c4ccccc4)c2)C3)cc1,6.735182176990463
Cc1ccc(-c2c(C)c3c(c(C)c2[C@H](OC(C)(C)C)C(=O)O)CN(CC2CCCCC2)C3)cc1,7.327902142064283
Cc1ccc(-c2c(C)c3c(c(C)c2[C@H](OC(C)(C)C)C(=O)O)CN(C2CCCC(c4ccccc4)C2)C3)cc1,6.692503962086787
Cc1ccc(-c2c(C)c3c(c(C)c2[C@H](OC(C)(C)C)C(=O)O)CN(C2CCC[C@@H](C)C2)C3)cc1,6.140861702705469
Cc1ccc(-c2c(C)c3c(c(C)c2[C@H](OC(C)(C)C)C(=O)O)CN(C(=O)N[C@H]2CC[C@H](C)CC2)C3)cc1,6.210419287835575
Cc1ccc(-c2c(C)c3c(c(C)c2[C@H](OC(C)(C)C)C(=O)O)CN(C(=O)NCc2ccccc2)C3)cc1,7.0655015487564325
Cc1ccc(-c2c(C)c3c(c(C)c2[C@H](OC(C)(C)C)C(=O)O)CN(C(=O)N2CCCC2)C3)cc1,7.920818753952375
Cc1ccc(-c2c(C)c3c(c(C)c2[C@H](OC(C)(C)C)C(=O)O)CN(S(=O)(=O)C2CCCCC2)C3)cc1,7.431798275933005
Cc1ccc(-c2c(C)c3c(c(C)c2[C@H](OC(C)(C)C)C(=O)O)CN(C2CCC[C@@H](C)C2)C3)cc1,6.140861702705469
Cc1ccc(-c2c(C)c3c(c(C)c2[C@H](OC(C)(C)C)C(=O)O)CN(CCCc2cccc(F)c2)C3)cc1,5.910094888560602
Cc1ccc(-c2c(C)c3c(c(C)c2[C@H](OC(C)(C)C)C(=O)O)CN(CCc2ccccc2)C3)cc1,6.059483515067432
Cc1ccc(-c2c(C)c3c(c(C)c2[C@H](OC(C)(C)C)C(=O)O)CN(CC2CCCN2C(=O)OC(C)(C)C)C3)cc1,5.465085895570133
Cc1ccc(-c2c(C)c3c(c(C)c2[C@H](OC(C)(C)C)C(=O)O)CN(Cc2cccnc2)C3)cc1,7.301029995663981
Cc1ccc(-c2c(C)c3c(c(C)c2[C@H](OC(C)(C)C)C(=O)O)CN(Cc2ccc(F)cc2F)C3)cc1,7.6020599913279625
CNC(=O)c1cccc(CN2Cc3c(C)c(-c4ccc(C)cc4)c([C@H](OC(C)(C)C)C(=O)O)c(C)c3C2)c1,6.028260409112222
Cc1ccc(-c2c(C)c3c(c(C)c2[C@H](OC(C)(C)C)C(=O)O)CN(Cc2cccc(C(=O)N4CCCCC4)c2)C3)cc1,5.474955192963154
Cc1ccc(-c2c(C)c3c(c(C)c2[C@H](OC(C)(C)C)C(=O)O)CN(Cc2cccc(Cl)c2)C3)cc1,7.366531544420414
Cc1ccc(-c2c(C)c3c(c(C)c2[C@H](OC(C)(C)C)C(=O)O)CN(Cc2cccc(N4CCOCC4)c2)C3)cc1,5.389659288547843
Cc1ccc(-c2c(C)c3c(c(C)c2[C@H](OC(C)(C)C)C(=O)O)CN(Cc2cccc(F)c2C)C3)cc1,7.356547323513812
COC(=O)N1Cc2c(C)c(-c3ccc(C)cc3)c([C@H](OC(C)(C)C)C(=O)O)c(C)c2C1,6.24184537803261
Cc1ccc(-c2c(C)c3c(c(C)c2[C@H](OC(C)(C)C)C(=O)O)CN(S(=O)(=O)c2ccc(F)cc2)C3)cc1,7.0
Cc1ccc(-c2c(C)c3c(c(C)c2[C@H](OC(C)(C)C)C(=O)O)CN(S(=O)(=O)N2CCCCC2)C3)cc1,7.5376020021010435
Cc1ccc(-c2c(C)c3c(c(C)c2[C@H](OC(C)(C)C)C(=O)O)CN(S(=O)(=O)NC(C)C)C3)cc1,7.356547323513812
Cc1ccc(-c2c(C)c3c(c(C)c2[C@H](OC(C)(C)C)C(=O)O)CN(S(=O)(=O)N2CCOCC2)C3)cc1,7.7447274948966935
Cc1ccc(-c2c(C)c3c(c(C)c2[C@H](OC(C)(C)C)C(=O)O)CN(Cc2ccc(F)c(F)c2)C3)cc1,7.292429823902063
Cc1ccc(-c2c(C)c3c(c(C)c2[C@H](OC(C)(C)C)C(=O)O)CN(C(=O)NC2CCC(C)CC2)C3)cc1,6.540607512240769
Cc1ccc(-c2c(C)c3c(c(C)c2[C@H](OC(C)(C)C)C(=O)O)CN(C(=O)NCc2ccccc2)C3)cc1,7.0655015487564325
Cc1ccc(-c2c(C)c3c(c(C)c2[C@H](OC(C)(C)C)C(=O)O)CN(C(=O)N2CCCC2)C3)cc1,7.920818753952375
Cc1ccc(-c2c(C)c3c(c(C)c2[C@H](OC(C)(C)C)C(=O)O)CN(C(=O)N2CCOCC2)C3)cc1,7.356547323513812
Cc1ccc(-c2c(C)c3c(c(C)c2[C@H](OC(C)(C)C)C(=O)O)CN(C(=O)NCC2CCCCC2)C3)cc1,6.455931955649724
Cc1ccc(-c2c(C)c3c(c(C)c2[C@H](OC(C)(C)C)C(=O)O)CN(C(=O)N(C)C)C3)cc1,6.554395796726403
Cc1ccc(-c2c(C)c3c(c(C)c2[C@H](OC(C)(C)C)C(=O)O)CN(C(=O)N2CCCCCCC2)C3)cc1,7.853871964321762
Cc1ccc(-c2c(C)c3c(c(C)c2[C@H](OC(C)(C)C)C(=O)O)CN(C(=O)N2CCC2)C3)cc1,7.42021640338319
COCCN(C)C(=O)N1Cc2c(C)c(-c3ccc(C)cc3)c([C@H](OC(C)(C)C)C(=O)O)c(C)c2C1,7.356547323513812
Cc1ccc(-c2c(C)c3c(c(C)c2[C@H](OC(C)(C)C)C(=O)O)CN(C(=O)NC(C)(C)C)C3)cc1,7.823908740944319
Cc1ccc(-c2c(C)c3c(c(C)c2[C@H](OC(C)(C)C)C(=O)O)CN(C(=O)N2CCS(=O)(=O)CC2)C3)cc1,6.97469413473523
Cc1ccc(-c2c(C)c3c(c(C)c2[C@H](OC(C)(C)C)C(=O)O)CN(C(=O)N2CCCCCCC2)C3)cc1,8.0
Cc1ccc(-c2c(C)c3c(c(C)c2[C@H](OC(C)(C)C)C(=O)O)CN(C(=O)N2CCCC(F)(F)C2)C3)cc1,8.221848749616356
Cc1ccc(-c2c(C)c3c(c(C)c2[C@H](OC(C)(C)C)C(=O)O)CN(C(=O)N(C)C2CCCCC2)C3)cc1,7.259637310505756
Cc1ccc(-c2c(C)c3c(c(C)c2[C@H](OC(C)(C)C)C(=O)O)CN(C(=O)N2CCC(F)(F)C2)C3)cc1,8.096910013008056
Cc1ccc(-c2c(C)c3c(c(C)c2[C@H](OC(C)(C)C)C(=O)O)CN(C(=O)N2CCCC[C@H]2C)C3)cc1,7.853871964321762
Cc1ccc(-c2c(C)c3c(c(C)c2[C@H](OC(C)(C)C)C(=O)O)CN(C(=O)NC2CCC2)C3)cc1,7.468521082957745
Cc1ccc(-c2c(C)c3c(c(C)c2[C@H](OC(C)(C)C)C(=O)O)CN(C(=O)N2CCN(C)CC2)C3)cc1,6.559090917934782
Cc1ccc(-c2c(C)c3c(c(C)c2[C@H](OC(C)(C)C)C(=O)O)CN(C(=O)N2CCOC[C@H]2C)C3)cc1,7.795880017344075
Cc1ccc(-c2c(C)c3c(c(C)c2[C@H](OC(C)(C)C)C(=O)O)CN(C(=O)N2C[C@H](C)O[C@@H](C)C2)C3)cc1,7.585026652029182
Cc1ccc(-c2c(C)c3c(c(C)c2[C@H](OC(C)(C)C)C(=O)O)CN(C(=O)NCC(C)(C)C)C3)cc1,7.6777807052660805
Cc1ccc(-c2c(C)c3c(c(C)c2[C@H](OC(C)(C)C)C(=O)O)CN(C(=O)N2CC4CCC(C2)O4)C3)cc1,7.468521082957745
Cc1ccc(-c2c(C)c3c(c(C)c2[C@H](OC(C)(C)C)C(=O)O)CN(C(=O)N2CCCOCC2)C3)cc1,7.920818753952375
Cc1ccc(-c2c(C)c3c(c(C)c2[C@H](OC(C)(C)C)C(=O)O)CN(C(=O)N2CC[C@H](O)C2)C3)cc1,6.795880017344075
Cc1ccc(-c2c(C)c3c(c(C)c2[C@H](OC(C)(C)C)C(=O)O)CN(C(=O)N(C)CC2CCCCC2)C3)cc1,6.899629454882437
Cc1ccc(-c2c(C)c3c(c(C)c2[C@H](OC(C)(C)C)C(=O)O)CN(C(=O)NCCOCc2ccccc2)C3)cc1,6.636388020107856
Cc1ccc(-c2c(C)c3c(c(C)c2[C@H](OC(C)(C)C)C(=O)O)CN(C(=O)N2CCN4CCC[C@@H]4C2)C3)cc1,6.419075024324381
Cc1ccc(-c2c(C)c3c(c(C)c2[C@H](OC(C)(C)C)C(=O)O)CN(C(=O)N2CCC(C)CC2)C3)cc1,7.795880017344075
Cc1ccc(-c2c(C)c3c(c(C)c2[C@H](OC(C)(C)C)C(=O)O)CN(C(=O)N2CC4CCCC4C2)C3)cc1,7.853871964321762
Cc1ccc(-c2c(C)c3c(c(C)c2[C@H](OC(C)(C)C)C(=O)O)CN(C(=O)N2[C@H]4CC[C@@H]2CC4)C3)cc1,8.221848749616356
Cc1ccc(-c2c(C)c3c(c(C)c2[C@H](OC(C)(C)C)C(=O)O)CN(C(=O)N2CCC(C)(C)CC2)C3)cc1,7.958607314841775
CC(=O)N1CCN(C(=O)N2Cc3c(C)c(-c4ccc(C)cc4)c([C@H](OC(C)(C)C)C(=O)O)c(C)c3C2)CC1,6.920818753952375
Cc1ccc(-c2c(C)c3c(c(C)c2[C@H](OC(C)(C)C)C(=O)O)CN(C(=O)N2CCNCC2)C3)cc1,5.9344202852715515
Cc1ccc(-c2c(C)c3c(c(C)c2[C@H](OC(C)(C)C)C(=O)O)CN(C(=O)N2CCC[C@@H]2C)C3)cc1,8.301029995663981
Cc1ccc(-c2c(C)c3c(c(C)c2[C@H](OC(C)(C)C)C(=O)O)CN(C(=O)N2C[C@H](C)OC[C@H]2C)C3)cc1,7.7447274948966935
Cc1ccc(-c2c(C)c3c(c(C)c2[C@H](OC(C)(C)C)C(=O)O)CN(C(=O)N2CCC(F)CC2)C3)cc1,7.958607314841775
Cc1ccc(-c2c(C)c3c(c(C)c2[C@H](OC(C)(C)C)C(=O)O)CN(C(=O)N2CCN(C)C(=O)C2)C3)cc1,6.573488738635425
Cc1ccc(-c2c(C)c3c(c(C)c2[C@H](OC(C)(C)C)C(=O)O)CN(C(=O)N2CCOC[C@@H]2C)C3)cc1,7.886056647693163
Cc1ccc(-c2c(C)c3c(c(C)c2[C@H](OC(C)(C)C)C(=O)O)CN(C(=O)N2CCC(F)(F)CC2)C3)cc1,7.795880017344075
Cc1ccc(-c2c(C)c3c(c(C)c2[C@H](OC(C)(C)C)C(=O)O)CN(C(=O)N2CCCC(C)(C)C2)C3)cc1,8.154901959985743
Cc1ccc(-c2c(C)c3c(c(C)c2[C@H](OC(C)(C)C)C(=O)O)CN(C(=O)NCC(F)(F)F)C3)cc1,7.356547323513812
Cc1ccc(-c2c(C)c3c(c(C)c2[C@H](OC(C)(C)C)C(=O)O)CN(C(=O)N2CCC(Cc4ccccc4)CC2)C3)cc1,6.1090204030103115
Cc1ccc(-c2c(C)c3c(c(C)c2[C@H](OC(C)(C)C)C(=O)O)CN(C(=O)N2CC[C@@H](F)C2)C3)cc1,7.853871964321762
Cc1ccc(-c2c(C)c3c(c(C)c2[C@H](OC(C)(C)C)C(=O)O)CN(C(=O)NC(C)(C)c2ccccc2)C3)cc1,6.841637507904751
Cc1ccc(-c2c(C)c3c(c(C)c2[C@H](OC(C)(C)C)C(=O)O)CN(C(=O)N2CCC(N4CCOCC4)CC2)C3)cc1,5.639028116274064
Cc1ccc(-c2c(C)c3c(c(C)c2[C@H](OC(C)(C)C)C(=O)O)CN(C(=O)N[C@@H](C)C2CCCCC2)C3)cc1,7.346787486224656
Cc1c(-c2c(C)c3c(c(C)c2[C@H](OC(C)(C)C)C(=O)O)CN(C(=O)N2CCC(F)(F)C2)C3)cc(F)c2c1CCCO2,8.301029995663981
Cc1c(-c2c(C)c3c(c(C)c2[C@H](OC(C)(C)C)C(=O)O)CN(C(=O)N2CCCCC2)C3)cc(F)c2c1CCCO2,8.522878745280337
Cc1c(-c2c(C)c3c(c(C)c2[C@H](OC(C)(C)C)C(=O)O)CN(C(=O)N2CCCC(F)(F)C2)C3)cc(F)c2c1CCCO2,8.698970004336019
Cc1c(-c2c(C)c3c(c(C)c2[C@H](OC(C)(C)C)C(=O)O)CN(C(=O)c2cccc(F)c2)C3)cc(F)c2c1CCCO2,8.698970004336019
Cc1c(-c2c(C)c3c(c(C)c2[C@H](OC(C)(C)C)C(=O)O)CN(C(=O)CC(C)(C)C)C3)cc(F)c2c1CCCO2,8.698970004336019
Cc1ccc(-c2c(C)c3c(c(C)c2[C@H](OC(C)(C)C)C(=O)O)CN(C(=O)c2cccc4c2OCCO4)C3)cc1,7.853871964321762
Cc1ccc(-c2c(C)c3c(c(C)c2[C@H](OC(C)(C)C)C(=O)O)CN(C(=O)CN2CCCCC2)C3)cc1,6.844663962534939
Cc1ccc(-c2c(C)c3c(c(C)c2[C@H](OC(C)(C)C)C(=O)O)CN(C(=O)C2CCCCC2)C3)cc1,8.154901959985743
Cc1ccc(-c2c(C)c3c(c(C)c2[C@H](OC(C)(C)C)C(=O)O)CN(C(=O)c2cccc(F)c2)C3)cc1,8.221848749616356
Cc1ccc(-c2c(C)c3c(c(C)c2[C@H](OC(C)(C)C)C(=O)O)CN(C(=O)C(C)(C)C)C3)cc1,7.443697499232712
Cc1ccc(-c2c(C)c3c(c(C)c2[C@H](OC(C)(C)C)C(=O)O)CN(C(=O)CC(C)(C)C)C3)cc1,8.221848749616356
Cc1ccc(-c2c(C)c3c(c(C)c2[C@H](OC(C)(C)C)C(=O)O)CN(C(=O)C2CCC(F)(F)CC2)C3)cc1,7.795880017344075
Cc1ccc(-c2c(C)c3c(c(C)c2[C@H](OC(C)(C)C)C(=O)O)CN(C(=O)C2CCCC2)C3)cc1,7.5376020021010435
Cc1ccc(-c2c(C)c3c(c(C)c2[C@H](OC(C)(C)C)C(=O)O)CN(C(=O)C2CCC(F)(F)C2)C3)cc1,8.0
COc1cccc(C(=O)N2Cc3c(C)c(-c4ccc(C)cc4)c([C@H](OC(C)(C)C)C(=O)O)c(C)c3C2)c1,8.301029995663981
Cc1ccc(-c2c(C)c3c(c(C)c2[C@H](OC(C)(C)C)C(=O)O)CN(C(=O)c2ccc(C)c(F)c2)C3)cc1,8.221848749616356
COC1CCC(C(=O)N2Cc3c(C)c(-c4ccc(C)cc4)c([C@H](OC(C)(C)C)C(=O)O)c(C)c3C2)CC1,7.508638306165727
Cc1ccc(-c2c(C)c3c(c(C)c2[C@H](OC(C)(C)C)C(=O)O)CN(C(=O)CC2CCCCC2)C3)cc1,7.769551078621726
Cc1ccc(-c2c(C)c3c(c(C)c2[C@H](OC(C)(C)C)C(=O)O)CN(C(=O)C2CC4(CCC4)C2)C3)cc1,7.853871964321762
Cc1ccc(-c2c(C)c3c(c(C)c2[C@H](OC(C)(C)C)C(=O)O)CN(C(=O)c2cc(F)cc(F)c2)C3)cc1,8.522878745280337
Cc1ccc(-c2c(C)c3c(c(C)c2[C@H](OC(C)(C)C)C(=O)O)CN(C(=O)c2cccc(F)c2F)C3)cc1,8.522878745280337
Cc1ccc(-c2c(C)c3c(c(C)c2[C@H](OC(C)(C)C)C(=O)O)CN(C(=O)c2cc(F)ccc2C)C3)cc1,8.397940008672037
COc1cc(F)cc(C(=O)N2Cc3c(C)c(-c4ccc(C)cc4)c([C@H](OC(C)(C)C)C(=O)O)c(C)c3C2)c1,8.522878745280337
Cc1ccc(-c2c(C)c3c(c(C)c2[C@H](OC(C)(C)C)C(=O)O)CN(C(=O)c2cc(C)cc(F)c2)C3)cc1,8.397940008672037
Cc1ccc(-c2c(C)c3c(c(C)c2[C@H](OC(C)(C)C)C(=O)O)CNC3)cc1,5.962573502059376
Cc1ccc(-c2c(C)c3c(c(C)c2[C@H](OC(C)(C)C)C(=O)O)CN(Cc2cccc4c2OCCO4)C3)cc1,7.823908740944319
Cc1ccc(-c2c(C)c3c(c(C)c2[C@H](OC(C)(C)C)C(=O)O)CN(C(=O)OC(C)(C)C)C3)cc1,7.886056647693163
Cc1ccc(-c2c(C)c3c(c(C)c2[C@H](OC(C)(C)C)C(=O)O)CN(CC(=O)N2CCCCC2)C3)cc1,6.497572880015567
Cc1ccc(-c2c(C)c3c(c(C)c2[C@H](OC(C)(C)C)C(=O)O)CN(C(=N)N2CCCCC2)C3)cc1,5.068592986443426
Cc1ccc(-c2c(C)c3c(c(C)c2[C@H](OC(C)(C)C)C(=O)O)CN(C(=O)C(=O)N2CCCCC2)C3)cc1,7.853871964321762
Cc1ccc(-c2c(C)c3c(c(C)c2[C@H](OC(C)(C)C)C(=O)O)CN(C(=O)C(=O)N2CCOC[C@H]2C)C3)cc1,7.3872161432802645
Cc1ccc(-c2c(C)c3c(c(C)c2[C@H](OC(C)(C)C)C(=O)O)CN(C(=S)N2CCCCC2)C3)cc1,7.721246399047171
Cc1c2c(c(C)c([C@H](OC(C)(C)C)C(=O)O)c1-c1ccc(Cl)cc1)CN(C(=O)N1CCCCC1)C2,7.6777807052660805
Cc1c2c(c(C)c([C@H](OC(C)(C)C)C(=O)O)c1-c1ccc(Cl)cc1)CN(C(=O)c1cccc(F)c1)C2,8.301029995663981
Cc1c2c(c(C)c([C@H](OC(C)(C)C)C(=O)O)c1-c1ccc(Cl)cc1)CN(C(=O)C1CCCCC1)C2,8.221848749616356
Cc1c2c(c(C)c([C@H](OC(C)(C)C)C(=O)O)c1-c1ccc(Cl)cc1)CN(C(=O)CC(C)(C)C)C2,7.638272163982407
Cc1ccc(F)cc1C(=O)N1Cc2c(C)c(-c3cc(F)c4c(c3C)CCCO4)c([C@H](OC(C)(C)C)C(=O)O)c(C)c2C1,8.698970004336019
Cc1c(-c2c(C)c3c(c(C)c2[C@H](OC(C)(C)C)C(=O)O)CN(C(=O)C2CCCCC2)C3)cc(F)c2c1CCCO2,8.698970004336019
Cc1c(-c2c(C)c3c(c(C)c2[C@H](OC(C)(C)C)C(=O)O)CN(C(=O)c2cccc4c2OCO4)C3)cc(F)c2c1CCCO2,8.698970004336019
COc1cccc(C(=O)N2Cc3c(C)c(-c4cc(F)c5c(c4C)CCCO5)c([C@H](OC(C)(C)C)C(=O)O)c(C)c3C2)c1C,7.431798275933005
COc1cc(F)cc(C(=O)N2Cc3c(C)c(-c4cc(F)c5c(c4C)CCCO5)c([C@H](OC(C)(C)C)C(=O)O)c(C)c3C2)c1,8.698970004336019
Cc1c(F)cccc1C(=O)N1Cc2c(C)c(-c3cc(F)c4c(c3C)CCCO4)c([C@H](OC(C)(C)C)C(=O)O)c(C)c2C1,8.397940008672037
Cc1ncccc1C(=O)N1Cc2c(C)c(-c3cc(F)c4c(c3C)CCCO4)c([C@H](OC(C)(C)C)C(=O)O)c(C)c2C1,7.508638306165727
COc1cncc(C(=O)N2Cc3c(C)c(-c4cc(F)c5c(c4C)CCCO5)c([C@H](OC(C)(C)C)C(=O)O)c(C)c3C2)c1,8.397940008672037
Cc1ccc(C(=O)N2Cc3c(C)c(-c4cc(F)c5c(c4C)CCCO5)c([C@H](OC(C)(C)C)C(=O)O)c(C)c3C2)cc1F,8.301029995663981
Cc1cc(C(=O)N2Cc3c(C)c(-c4cc(F)c5c(c4C)CCCO5)c([C@H](OC(C)(C)C)C(=O)O)c(C)c3C2)ccc1F,8.698970004336019
Cc1ccccc1C(=O)N1Cc2c(C)c(-c3cc(F)c4c(c3C)CCCO4)c([C@H](OC(C)(C)C)C(=O)O)c(C)c2C1,8.522878745280337
Cc1c(-c2c(C)c3c(c(C)c2[C@H](OC(C)(C)C)C(=O)O)CN(C(=O)c2cccc(Cl)c2)C3)cc(F)c2c1CCCO2,7.886056647693163
COc1cccc(C(=O)N2Cc3c(C)c(-c4cc(F)c5c(c4C)CCCO5)c([C@H](OC(C)(C)C)C(=O)O)c(C)c3C2)c1F,8.045757490560675
Cc1cccc(C(=O)N2Cc3c(C)c(-c4cc(F)c5c(c4C)CCCO5)c([C@H](OC(C)(C)C)C(=O)O)c(C)c3C2)c1,8.698970004336019
COc1ccc(F)cc1C(=O)N1Cc2c(C)c(-c3cc(F)c4c(c3C)CCCO4)c([C@H](OC(C)(C)C)C(=O)O)c(C)c2C1,8.397940008672037
Cc1c(-c2c(C)c3c(c(C)c2[C@H](OC(C)(C)C)C(=O)O)CN(C(=O)c2cccc4sccc24)C3)cc(F)c2c1CCCO2,8.301029995663981
Cc1c(-c2c(C)c3c(c(C)c2[C@H](OC(C)(C)C)C(=O)O)CN(C(=O)c2cccc4c2OCC4)C3)cc(F)c2c1CCCO2,8.698970004336019
Cc1c(-c2c(C)c3c(c(C)c2[C@H](OC(C)(C)C)C(=O)O)CN(C(=O)c2cccc4c2OCCO4)C3)cc(F)c2c1CCCO2,8.397940008672037
Cc1c(-c2c(C)c3c(c(C)c2[C@H](OC(C)(C)C)C(=O)O)CN(C(=O)c2ccc4c(cnn4C)c2)C3)cc(F)c2c1CCCO2,8.096910013008056
Cc1c(-c2c(C)c3c(c(C)c2[C@H](OC(C)(C)C)C(=O)O)CN(C(=O)c2ccccc2C(C)(C)C)C3)cc(F)c2c1CCCO2,7.318758762624412
COc1cc(C(=O)N2Cc3c(C)c(-c4cc(F)c5c(c4C)CCCO5)c([C@H](OC(C)(C)C)C(=O)O)c(C)c3C2)ccc1C,8.522878745280337
Cc1ccc(C)c(C(=O)N2Cc3c(C)c(-c4cc(F)c5c(c4C)CCCO5)c([C@H](OC(C)(C)C)C(=O)O)c(C)c3C2)c1,8.522878745280337
Cc1c(-c2c(C)c3c(c(C)c2[C@H](OC(C)(C)C)C(=O)O)CN(C(=O)c2ccccc2)C3)cc(F)c2c1CCCO2,8.698970004336019
COc1cccc(C(=O)N2Cc3c(C)c(-c4cc(F)c5c(c4C)CCCO5)c([C@H](OC(C)(C)C)C(=O)O)c(C)c3C2)c1,8.698970004336019
COc1ccc(C)c(C(=O)N2Cc3c(C)c(-c4cc(F)c5c(c4C)CCCO5)c([C@H](OC(C)(C)C)C(=O)O)c(C)c3C2)c1,8.397940008672037
Cc1c(-c2c(C)c3c(c(C)c2[C@H](OC(C)(C)C)C(=O)O)CN(C(=O)c2cccc4c2CCC4)C3)cc(F)c2c1CCCO2,8.522878745280337
Cc1c(-c2c(C)c3c(c(C)c2[C@H](OC(C)(C)C)C(=O)O)CN(C(=O)c2cccc4c2OC(F)(F)O4)C3)cc(F)c2c1CCCO2,8.698970004336019
COc1ccccc1C(=O)N1Cc2c(C)c(-c3ccc(C)cc3)c([C@H](OC(C)(C)C)C(=O)O)c(C)c2C1,8.397940008672037
Cc1ccc(-c2c(C)c3c(c(C)c2[C@H](OC(C)(C)C)C(=O)O)CN(C(=O)c2cccc4c2OCC4)C3)cc1,8.397940008672037
Cc1ccc(-c2c(C)c3c(c(C)c2[C@H](OC(C)(C)C)C(=O)O)CN(C(=O)c2cccc4c2ccn4C)C3)cc1,6.966576244513051
Cc1ccc(-c2c(C)c3c(c(C)c2[C@H](OC(C)(C)C)C(=O)O)CN(C(=O)c2cccc4sccc24)C3)cc1,7.568636235841013
Cc1ccc(-c2c(C)c3c(c(C)c2[C@H](OC(C)(C)C)C(=O)O)CN(C(=O)c2cccc4ccoc24)C3)cc1,8.397940008672037
Cc1c(-c2c(C)c3c(c(C)c2[C@H](OC(C)(C)C)C(=O)O)CN(C(=O)c2cccc4ccccc24)C3)cc(F)c2c1CCCO2,7.958607314841775
Cc1c(-c2c(C)c3c(c(C)c2[C@H](OC(C)(C)C)C(=O)O)CN(C(=O)c2cccc4ccoc24)C3)cc(F)c2c1CCCO2,8.698970004336019
Cc1c(-c2c(C)c3c(c(C)c2[C@H](OC(C)(C)C)C(=O)O)CN(C(=O)c2cc(F)cc(F)c2)C3)cc(F)c2c1CCCO2,8.698970004336019
Cc1c(-c2c(C)c3c(c(C)c2[C@H](OC(C)(C)C)C(=O)O)CN(C(=O)c2ccc(F)c(Cl)c2)C3)cc(F)c2c1CCCO2,8.698970004336019
Cc1c(Cl)cccc1C(=O)N1Cc2c(C)c(-c3cc(F)c4c(c3C)CCCO4)c([C@H](OC(C)(C)C)C(=O)O)c(C)c2C1,8.154901959985743
Cc1c(-c2c(C)c3c(c(C)c2[C@H](OC(C)(C)C)C(=O)O)CN(C(=O)c2cc(F)c(F)c(F)c2)C3)cc(F)c2c1CCCO2,8.522878745280337
Cc1c(-c2c(C)c3c(c(C)c2[C@H](OC(C)(C)C)C(=O)O)CN(C(=O)c2ccc(F)cc2)C3)cc(F)c2c1CCCO2,8.397940008672037
Cc1c(-c2c(C)c3c(c(C)c2[C@H](OC(C)(C)C)C(=O)O)CN(C(=O)c2cc(F)c(Cl)c(F)c2)C3)cc(F)c2c1CCCO2,8.301029995663981
Cc1c(-c2c(C)c3c(c(C)c2[C@H](OC(C)(C)C)C(=O)O)CN(C(=O)c2cccc(F)c2F)C3)cc(F)c2c1CCCO2,8.397940008672037
Cc1ccc(F)cc1C(=O)N1Cc2c(C)c(-c3cc(F)c4c(c3C)CCCO4)c([C@H](OC(C)(C)C)C(=O)O)c(C)c2C1,8.698970004336019
Cc1cc(F)cc(C(=O)N2Cc3c(C)c(-c4cc(F)c5c(c4C)CCCO5)c([C@H](OC(C)(C)C)C(=O)O)c(C)c3C2)c1,8.698970004336019
COc1ccc(F)c(C(=O)N2Cc3c(C)c(-c4cc(F)c5c(c4C)CCCO5)c([C@H](OC(C)(C)C)C(=O)O)c(C)c3C2)c1,8.397940008672037
COc1cc(C(=O)N2Cc3c(C)c(-c4cc(F)c5c(c4C)CCCO5)c([C@H](OC(C)(C)C)C(=O)O)c(C)c3C2)ccc1F,8.397940008672037
Cc1c(-c2c(C)c3c(c(C)c2[C@H](OC(C)(C)C)C(=O)O)CN(C(=O)c2cc(F)cc(Cl)c2)C3)cc(F)c2c1CCCO2,8.301029995663981
Cc1cncc(C(=O)N2Cc3c(C)c(-c4cc(F)c5c(c4C)CCCO5)c([C@H](OC(C)(C)C)C(=O)O)c(C)c3C2)c1,8.301029995663981
COc1ccc(C)cc1C(=O)N1Cc2c(C)c(-c3cc(F)c4c(c3C)CCCO4)c([C@H](OC(C)(C)C)C(=O)O)c(C)c2C1,8.397940008672037
Cc1c(-c2c(C)c3c(c(C)c2[C@H](OC(C)(C)C)C(=O)O)CN(C(=O)c2ccccn2)C3)cc(F)c2c1CCCO2,8.698970004336019
Cc1ccc(Cl)cc1C(=O)N1Cc2c(C)c(-c3cc(F)c4c(c3C)CCCO4)c([C@H](OC(C)(C)C)C(=O)O)c(C)c2C1,8.397940008672037
Cc1c(-c2c(C)c3c(c(C)c2[C@H](OC(C)(C)C)C(=O)O)CN(C(=O)c2ccc(F)c(F)c2)C3)cc(F)c2c1CCCO2,8.698970004336019
COc1ccc(C(=O)N2Cc3c(C)c(-c4cc(F)c5c(c4C)CCCO5)c([C@H](OC(C)(C)C)C(=O)O)c(C)c3C2)cc1F,8.522878745280337
Cc1c(-c2c(C)c3c(c(C)c2[C@H](OC(C)(C)C)C(=O)O)CN(C(=O)c2cc(Cl)c(F)c(Cl)c2)C3)cc(F)c2c1CCCO2,8.397940008672037
Cc1ccc(C(=O)N2Cc3c(C)c(-c4cc(F)c5c(c4C)CCCO5)c([C@H](OC(C)(C)C)C(=O)O)c(C)c3C2)c(C)c1,8.397940008672037
Cc1ccc(C(=O)N2Cc3c(C)c(-c4cc(F)c5c(c4C)CCCO5)c([C@H](OC(C)(C)C)C(=O)O)c(C)c3C2)cc1,8.301029995663981
Cc1cc(C)cc(C(=O)N2Cc3c(C)c(-c4cc(F)c5c(c4C)CCCO5)c([C@H](OC(C)(C)C)C(=O)O)c(C)c3C2)c1,8.698970004336019
COc1ccc(C(=O)N2Cc3c(C)c(-c4cc(F)c5c(c4C)CCCO5)c([C@H](OC(C)(C)C)C(=O)O)c(C)c3C2)cc1C,8.301029995663981
Cc1cccc(C(=O)N2Cc3c(C)c(-c4cc(F)c5c(c4C)CCCO5)c([C@H](OC(C)(C)C)C(=O)O)c(C)c3C2)c1C,8.301029995663981
Cc1c(-c2c(C)c3c(c(C)c2[C@H](OC(C)(C)C)C(=O)O)CN(C(=O)c2cc(F)c(F)c(Cl)c2)C3)cc(F)c2c1CCCO2,7.958607314841775
COc1c(F)cccc1C(=O)N1Cc2c(C)c(-c3cc(F)c4c(c3C)CCCO4)c([C@H](OC(C)(C)C)C(=O)O)c(C)c2C1,8.522878745280337
COc1ccc(C(=O)N2Cc3c(C)c(-c4cc(F)c5c(c4C)CCCO5)c([C@H](OC(C)(C)C)C(=O)O)c(C)c3C2)cc1,8.698970004336019
Cc1cccc(F)c1C(=O)N1Cc2c(C)c(-c3cc(F)c4c(c3C)CCCO4)c([C@H](OC(C)(C)C)C(=O)O)c(C)c2C1,8.397940008672037
Cc1c(-c2c(C)c3c(c(C)c2[C@H](OC(C)(C)C)C(=O)O)CN(C(=O)c2ccc(Cl)cc2)C3)cc(F)c2c1CCCO2,8.301029995663981
COc1ccccc1C(=O)N1Cc2c(C)c(-c3cc(F)c4c(c3C)CCCO4)c([C@H](OC(C)(C)C)C(=O)O)c(C)c2C1,8.397940008672037
COc1cc(C)ccc1C(=O)N1Cc2c(C)c(-c3cc(F)c4c(c3C)CCCO4)c([C@H](OC(C)(C)C)C(=O)O)c(C)c2C1,7.958607314841775
Cc1c(-c2c(C)c3c(c(C)c2[C@H](OC(C)(C)C)C(=O)O)CN(c2nnc(-c4cccc(F)c4)o2)C3)cc(F)c2c1CCCO2,6.412289034981089
Cc1c(-c2c(C)c3c(c(C)c2[C@H](OC(C)(C)C)C(=O)O)CN(c2nc4ccccc4o2)C3)cc(F)c2c1CCCO2,6.906578314837765
Cc1c(-c2c(C)c3c(c(C)c2[C@H](OC(C)(C)C)C(=O)O)CN(c2nnc(Cc4ccc(F)c(F)c4)o2)C3)cc(F)c2c1CCCO2,7.200659450546418
Cc1c(-c2c(C)c3c(c(C)c2[C@H](OC(C)(C)C)C(=O)O)CN(c2nc4cc(F)ccc4o2)C3)cc(F)c2c1CCCO2,6.1771783546968955
Cc1c(-c2c(C)c3c(c(C)c2[C@H](OC(C)(C)C)C(=O)O)CN(C(=O)N2CCCC[C@H]2C)C3)cc(F)c2c1CCCO2,8.397940008672037
Cc1c(-c2c(C)c3c(c(C)c2[C@H](OC(C)(C)C)C(=O)O)CN(C(=O)N2CCCC(C)(C)CC2)C3)cc(F)c2c1CCCO2,8.301029995663981
Cc1c(-c2c(C)c3c(c(C)c2[C@H](OC(C)(C)C)C(=O)O)CN(C(=O)NCC(C)(C)C)C3)cc(F)c2c1CCCO2,8.397940008672037
Cc1c(-c2c(C)c3c(c(C)c2[C@H](OC(C)(C)C)C(=O)O)CN(C(=O)N2CCCC2)C3)cc(F)c2c1CCCO2,8.397940008672037
Cc1c(-c2c(C)c3c(c(C)c2[C@H](OC(C)(C)C)C(=O)O)CN(C(=O)N2CCOC[C@@H]2C)C3)cc(F)c2c1CCCO2,7.638272163982407
Cc1c(-c2c(C)c3c(c(C)c2[C@H](OC(C)(C)C)C(=O)O)CN(C(=O)Nc2cccc(F)c2)C3)cc(F)c2c1CCCO2,7.853871964321762
Cc1c(-c2c(C)c3c(c(C)c2[C@H](OC(C)(C)C)C(=O)O)CN(C(=O)N2CCC(C)(C)CC2)C3)cc(F)c2c1CCCO2,8.301029995663981
Cc1c(-c2c(C)c3c(c(C)c2[C@H](OC(C)(C)C)C(=O)O)CN(C(=O)N2CCC[C@@H]2C)C3)cc(F)c2c1CCCO2,8.698970004336019
Cc1c(-c2c(C)c3c(c(C)c2[C@H](OC(C)(C)C)C(=O)O)CN(C(=O)N2CCC(F)(F)CC2)C3)cc(F)c2c1CCCO2,8.522878745280337
Cc1c(-c2c(C)c3c(c(C)c2[C@H](OC(C)(C)C)C(=O)O)CN(C(=O)N2CCC(C)(C)C2)C3)cc(F)c2c1CCCO2,8.522878745280337
Cc1c(-c2c(C)c3c(c(C)c2[C@H](OC(C)(C)C)C(=O)O)CN(C(=O)C(=O)N2CCCCC2)C3)cc(F)c2c1CCCO2,8.0
Cc1c(-c2c(C)c3c(c(C)c2[C@H](OC(C)(C)C)C(=O)O)CN(Cc2cccc4c2OCO4)C3)cc(F)c2c1CCCO2,8.397940008672037
Cc1c(-c2c(C)c3c(c(C)c2[C@H](OC(C)(C)C)C(=O)O)CN(C(=O)Oc2ccccc2)C3)cc(F)c2c1CCCO2,7.920818753952375
Cc1c(-c2c(C)c3c(c(C)c2[C@H](OC(C)(C)C)C(=O)O)CN(S(=O)(=O)c2cccc(F)c2)C3)cc(F)c2c1CCCO2,7.958607314841775
Cc1ccc(-c2c(C)c3c(c(C)c2[C@H](OC(C)(C)C)C(=O)O)CN(C(=O)c2ccccc2C)C3)cc1,8.397940008672037
Cc1ccc(-c2c(C)c3c(c(C)c2[C@H](OC(C)(C)C)C(=O)O)CN(C(=O)c2cccc(Cl)c2)C3)cc1,8.397940008672037
Cc1ccc(-c2c(C)c3c(c(C)c2[C@H](OC(C)(C)C)C(=O)O)CN(C(=O)c2cccc(F)c2C)C3)cc1,8.397940008672037
COc1cc(C(=O)N2Cc3c(C)c(-c4ccc(C)cc4)c([C@H](OC(C)(C)C)C(=O)O)c(C)c3C2)ccc1C,8.397940008672037
Cc1ccc(-c2c(C)c3c(c(C)c2[C@H](OC(C)(C)C)C(=O)O)CN(C(=O)c2ccnn2C)C3)cc1,7.886056647693163
Cc1ccc(-c2c(C)c3c(c(C)c2[C@H](OC(C)(C)C)C(=O)O)CN(C(=O)c2ccc(C(C)(C)C)cc2)C3)cc1,7.356547323513812
Cc1ccc(-c2c(C)c3c(c(C)c2[C@H](OC(C)(C)C)C(=O)O)CN(C(=O)c2cccc(C)c2)C3)cc1,8.301029995663981
Cc1ccc(-c2c(C)c3c(c(C)c2[C@H](OC(C)(C)C)C(=O)O)CN(C(=O)c2cc(F)cc(Cl)c2)C3)cc1,8.301029995663981
Cc1ccc(-c2c(C)c3c(c(C)c2[C@H](OC(C)(C)C)C(=O)O)CN(C(=O)c2ccc(C(F)(F)F)cc2)C3)cc1,7.853871964321762
Cc1ccc(-c2c(C)c3c(c(C)c2[C@H](OC(C)(C)C)C(=O)O)CN(C(=O)C2CCC2)C3)cc1,7.886056647693163
Cc1ccc(-c2c(C)c3c(c(C)c2[C@H](OC(C)(C)C)C(=O)O)CN(C(=O)c2ccccc2)C3)cc1,8.301029995663981
Cc1ccc(-c2c(C)c3c(c(C)c2[C@H](OC(C)(C)C)C(=O)O)CN(C(=O)c2cccc(C(C)(C)C)c2)C3)cc1,6.954677021213342
Cc1ccc(-c2c(C)c3c(c(C)c2[C@H](OC(C)(C)C)C(=O)O)CN(C(=O)[C@H]2CCOC2)C3)cc1,7.431798275933005
CCOCCC(=O)N1Cc2c(C)c(-c3ccc(C)cc3)c([C@H](OC(C)(C)C)C(=O)O)c(C)c2C1,6.8297382846050425
Cc1ccc(-c2c(C)c3c(c(C)c2[C@H](OC(C)(C)C)C(=O)O)CN(C(=O)Cc2cccc(F)c2)C3)cc1,7.920818753952375
Cc1ccc(-c2c(C)c3c(c(C)c2[C@H](OC(C)(C)C)C(=O)O)CN(C(=O)c2cccc(OC(C)C)c2)C3)cc1,7.585026652029182
COc1cncc(C(=O)N2Cc3c(C)c(-c4ccc(C)cc4)c([C@H](OC(C)(C)C)C(=O)O)c(C)c3C2)c1,8.301029995663981
Cc1ccc(-c2c(C)c3c(c(C)c2[C@H](OC(C)(C)C)C(=O)O)CN(C(=O)c2cncc(C)c2)C3)cc1,8.301029995663981
Cc1ccc(-c2c(C)c3c(c(C)c2[C@H](OC(C)(C)C)C(=O)O)CN(C(=O)c2cn(C)cn2)C3)cc1,7.173925197299173
Cc1ccc(-c2c(C)c3c(c(C)c2[C@H](OC(C)(C)C)C(=O)O)CN(C(=O)c2nccn2C)C3)cc1,6.026872146400302
Cc1ccc(-c2c(C)c3c(c(C)c2[C@H](OC(C)(C)C)C(=O)O)CN(C(=O)c2nccn2C)C3)cc1,7.795880017344075
Cc1ccc(-c2c(C)c3c(c(C)c2[C@H](OC(C)(C)C)C(=O)O)CN(C(=O)c2ccn(C)n2)C3)cc1,6.91721462968355
Cc1ccc(-c2c(C)c3c(c(C)c2[C@H](OC(C)(C)C)C(=O)O)CN(C(=O)C(C)(C)C(F)(F)F)C3)cc1,7.6020599913279625
Cc1ccc(-c2c(C)c3c(c(C)c2[C@H](OC(C)(C)C)C(=O)O)CN(C(=O)c2ccccc2C(C)(C)C)C3)cc1,7.886056647693163
Cc1ccc(-c2c(C)c3c(c(C)c2[C@H](OC(C)(C)C)C(=O)O)CN(C(=O)C2(C)CCCCC2)C3)cc1,7.7447274948966935
COC1CCCC(C(=O)N2Cc3c(C)c(-c4ccc(C)cc4)c([C@H](OC(C)(C)C)C(=O)O)c(C)c3C2)C1,7.853871964321762
COC1CCCC(C(=O)N2Cc3c(C)c(-c4ccc(C)cc4)c([C@H](OC(C)(C)C)C(=O)O)c(C)c3C2)C1,7.585026652029182
Cc1ccc(-c2c(C)c3c(c(C)c2[C@H](OC(C)(C)C)C(=O)O)CN(C(=O)c2ccc(F)c(C)c2)C3)cc1,8.301029995663981
Cc1ccc(-c2c(C)c3c(c(C)c2[C@H](OC(C)(C)C)C(=O)O)CN(C(=O)c2ccc(F)cc2F)C3)cc1,8.301029995663981
COc1ccc(F)c(C(=O)N2Cc3c(C)c(-c4ccc(C)cc4)c([C@H](OC(C)(C)C)C(=O)O)c(C)c3C2)c1,8.301029995663981
COc1ccc(C)c(C(=O)N2Cc3c(C)c(-c4ccc(C)cc4)c([C@H](OC(C)(C)C)C(=O)O)c(C)c3C2)c1,8.301029995663981
COc1ccc(C)cc1C(=O)N1Cc2c(C)c(-c3ccc(C)cc3)c([C@H](OC(C)(C)C)C(=O)O)c(C)c2C1,8.397940008672037
COc1cc(C(=O)N2Cc3c(C)c(-c4ccc(C)cc4)c([C@H](OC(C)(C)C)C(=O)O)c(C)c3C2)ccc1F,8.522878745280337
Cc1ccc(-c2c(C)c3c(c(C)c2[C@H](OC(C)(C)C)C(=O)O)CN(C(=O)c2ccc(F)c(Cl)c2)C3)cc1,8.397940008672037
COc1cccc(C(=O)N2Cc3c(C)c(-c4ccc(C)cc4)c([C@H](OC(C)(C)C)C(=O)O)c(C)c3C2)c1F,7.920818753952375
Cc1ccc(-c2c(C)c3c(c(C)c2[C@H](OC(C)(C)C)C(=O)O)CN(C(=O)c2ccc(F)cc2)C3)cc1,8.397940008672037
Cc1ccc(-c2c(C)c3c(c(C)c2[C@H](OC(C)(C)C)C(=O)O)CN(C(=O)c2ccc4c(c2)OCCO4)C3)cc1,7.886056647693163
Cc1ccc(-c2c(C)c3c(c(C)c2[C@H](OC(C)(C)C)C(=O)O)CN(C(=O)c2ccc4c(c2)B(O)OC4)C3)cc1,6.130768280269024
Cc1ccc(-c2c(C)c3c(c(C)c2[C@H](OC(C)(C)C)C(=O)O)CN(C(=O)c2cccc(B(O)O)c2)C3)cc1,6.872895201635193
COc1cccc(C(=O)N2Cc3c(C)c(-c4ccc(C)cc4)c([C@H](OC(C)(C)C)C(=O)O)c(C)c3C2)c1C,7.823908740944319
Cc1ccc(-c2c(C)c3c(c(C)c2[C@H](OC(C)(C)C)C(=O)O)CN(C(=O)c2cccnc2C)C3)cc1,7.698970004336019
Cc1ccc(-c2c(C)c3c(c(C)c2[C@H](OC(C)(C)C)C(=O)O)CN(C(=O)c2cnccc2C)C3)cc1,7.823908740944319
Cc1ccc(-c2c(C)c3c(c(C)c2[C@H](OC(C)(C)C)C(=O)O)CN(C(=O)c2ccc(F)c(F)c2)C3)cc1,8.397940008672037
Cc1ccc(-c2c(C)c3c(c(C)c2[C@H](OC(C)(C)C)C(=O)O)CN(C(=O)c2cc(F)ccc2F)C3)cc1,8.301029995663981
Cc1ccc(-c2c(C)c3c(c(C)c2[C@H](OC(C)(C)C)C(=O)O)CN(C(=O)c2cc(Cl)ccc2C)C3)cc1,8.221848749616356
Cc1ccc(-c2c(C)c3c(c(C)c2[C@H](OC(C)(C)C)C(=O)O)CN(C(=O)c2ccc(Cl)c(F)c2)C3)cc1,8.045757490560675
Cc1ccc(-c2c(C)c3c(c(C)c2[C@H](OC(C)(C)C)C(=O)O)CN(C(=O)c2ccc4c(c2)OCO4)C3)cc1,8.397940008672037
Cc1ccc(-c2c(C)c3c(c(C)c2[C@H](OC(C)(C)C)C(=O)O)CN(C(=O)c2cc(F)cc(C(N)=O)c2)C3)cc1,6.899629454882437
Cc1ccc(-c2c(C)c3c(c(C)c2[C@H](OC(C)(C)C)C(=O)O)CN(C(=O)c2cc(F)cc(C(=O)O)c2)C3)cc1,5.4605475084505395
Cc1ccc(-c2c(C)c3c(c(C)c2[C@H](OC(C)(C)C)C(=O)O)CN(C(=O)c2cccnc2)C3)cc1,7.853871964321762
Cc1ccc(-c2c(C)c3c(c(C)c2[C@H](OC(C)(C)C)C(=O)O)CN(C(=O)c2cncs2)C3)cc1,6.935542010773082
Cc1ccc(-c2c(C)c3c(c(C)c2[C@H](OC(C)(C)C)C(=O)O)CN(C(=O)c2ccc(Cl)cc2)C3)cc1,8.397940008672037
Cc1ccc(-c2c(C)c3c(c(C)c2[C@H](OC(C)(C)C)C(=O)O)CN(C(=O)c2cc(Cl)cc(Cl)c2)C3)cc1,8.096910013008056
Cc1ccc(-c2c(C)c3c(c(C)c2[C@H](OC(C)(C)C)C(=O)O)CN(C(=O)c2cocn2)C3)cc1,7.0655015487564325
Cc1ccc(-c2c(C)c3c(c(C)c2[C@H](OC(C)(C)C)C(=O)O)CN(C(=O)c2ccccn2)C3)cc1,8.397940008672037
Cc1ccc(-c2c(C)c3c(c(C)c2[C@H](OC(C)(C)C)C(=O)O)CN(C(=O)c2cnc(-c4ccccc4)o2)C3)cc1,6.527243550682788
Cc1ccc(-c2c(C)c3c(c(C)c2[C@H](OC(C)(C)C)C(=O)O)CN(C(=O)c2cccc4c2OCO4)C3)cc1,8.301029995663981
Cc1ccc(-c2c(C)c3c(c(C)c2[C@H](OC(C)(C)C)C(=O)O)CN(C(=O)c2ccc(Cl)c(Cl)c2)C3)cc1,7.795880017344075
Cc1ccc(-c2c(C)c3c(c(C)c2[C@H](OC(C)(C)C)C(=O)O)CN(C(=O)c2cc(F)c(Cl)c(Cl)c2)C3)cc1,7.853871964321762
Cc1ccc(-c2c(C)c3c(c(C)c2[C@H](OC(C)(C)C)C(=O)O)CN(C(=O)c2cc(C)c(F)c(F)c2)C3)cc1,8.301029995663981
Cc1ccc(-c2c(C)c3c(c(C)c2[C@H](OC(C)(C)C)C(=O)O)CN(C(=O)c2cc(F)c(F)c(F)c2)C3)cc1,8.397940008672037
Cc1ccc(-c2c(C)c3c(c(C)c2[C@H](OC(C)(C)C)C(=O)O)CN(C(=O)c2cc(F)c(F)c(Cl)c2)C3)cc1,8.096910013008056
Cc1ccc(-c2c(C)c3c(c(C)c2[C@H](OC(C)(C)C)C(=O)O)CN(C(=O)c2cc(Cl)c(F)c(Cl)c2)C3)cc1,7.769551078621726
Cc1ccc(-c2c(C)c3c(c(C)c2[C@H](OC(C)(C)C)C(=O)O)CN(C(=O)c2cc(F)c(Cl)c(F)c2)C3)cc1,8.154901959985743
Cc1ccc(-c2c(C)c3c(c(C)c2[C@H](OC(C)(C)C)C(=O)O)CN(C(=O)c2ccc(C)nc2)C3)cc1,7.886056647693163
COc1cccc(C(=O)N2Cc3c(C)c(-c4ccc(C)cc4)c([C@H](OC(C)(C)C)C(=O)O)c(C)c3C2)c1OC,7.318758762624412
Cc1c(-c2c(C)c3c(c(C)c2[C@H](OC(C)(C)C)C(=O)O)CN(C(=O)c2cc(F)ccc2F)C3)cc(F)c2c1CCCO2,8.698970004336019
COc1ccc(C(=O)N2Cc3c(C)c(-c4cc(F)c5c(c4C)CCCO5)c([C@H](OC(C)(C)C)C(=O)O)c(C)c3C2)c(C)c1,7.958607314841775
Cc1ccc(-c2c(C)c3c(c(C)c2[C@H](OC(C)(C)C)C(=O)O)CN(C(=O)OCC(C)(C)C)C3)cc1,8.301029995663981
Cc1ccc(-c2c(C)c3c(c(C)c2[C@H](OC(C)(C)C)C(=O)O)CN(C(=S)c2cccc(F)c2)C3)cc1,7.823908740944319
Cc1ccc(-c2c(C)c3c(c(C)c2[C@H](OC(C)(C)C)C(=O)O)CN(S(=O)(=O)N2CCC(F)(F)C2)C3)cc1,7.853871964321762
Cc1ccc(-c2c(C)c3c(c(C)c2[C@H](OC(C)(C)C)C(=O)O)CN(C(=O)NCc2ncccn2)C3)cc1,5.592099459857365
Cc1ccc(-c2c(C)c3c(c(C)c2[C@H](OC(C)(C)C)C(=O)O)CN(C(=O)N2CCC(C)(C)C2)C3)cc1,8.301029995663981
Cc1ccc(-c2c(C)c3c(c(C)c2[C@H](OC(C)(C)C)C(=O)O)CN(C(=O)N2CCC[C@H]2C)C3)cc1,8.301029995663981
Cc1ccc(-c2c(C)c3c(c(C)c2[C@H](OC(C)(C)C)C(=O)O)CN(C(=O)N2CCCC[C@@H]2C)C3)cc1,8.397940008672037
Cc1ccc(-c2c(C)c3c(c(C)c2[C@H](OC(C)(C)C)C(=O)O)CN(C(=O)N2CC[C@H](F)C2)C3)cc1,8.397940008672037
Cc1c(-c2c(C)c3c(c(C)c2[C@H](OC(C)(C)C)C(=O)O)CN(C(=O)c2cccc(F)c2)C3)cc(Cl)c2c1CCCO2,8.045757490560675
Cc1cc(Cl)ccc1-c1c(C)c2c(c(C)c1[C@H](OC(C)(C)C)C(=O)O)CN(C(=O)c1cccc(F)c1)C2,8.301029995663981
Cc1ccc(-c2c(C)c3c(c(C)c2[C@H](OC(C)(C)C)C(=O)O)CN(C(=O)c2cccc(F)c2)C3)c(O)c1,7.376750709602099
COc1ccc(-c2c(C)c3c(c(C)c2[C@H](OC(C)(C)C)C(=O)O)CN(C(=O)c2cccc(F)c2)C3)c(C)c1,7.619788758288394
Cc1c2c(c(C)c([C@H](OC(C)(C)C)C(=O)O)c1-c1ccc3c4c(ccnc14)CCO3)CN(C(=O)c1cccc(F)c1)C2,7.853871964321762
Cc1c2c(c(C)c([C@H](OC(C)(C)C)C(=O)O)c1-c1ccc(Cl)c3cccnc13)CN(C(=O)c1cccc(F)c1)C2,7.3979400086720375
Cc1c(-c2c(C)c3c(c(C)c2[C@H](OC(C)(C)C)C(=O)O)CN(C(=O)c2cccc(F)c2)C3)cc(F)c2c1NCCO2,8.301029995663981
Cc1c2c(c(C)c([C@H](OC(C)(C)C)C(=O)O)c1C1=CCC(C)(C)CC1)CN(C(=O)c1cccc(F)c1)C2,8.397940008672037
Cc1c(-c2c(C)c3c(c(C)c2[C@H](OC(C)(C)C)C(=O)O)CN(C(=O)c2cccc(F)c2)C3)ccc2c1NCCO2,8.301029995663981
Cc1c2c(c(C)c([C@H](OC(C)(C)C)C(=O)O)c1-c1ccc3c(c1)CCCO3)CN(C(=O)c1cccc(F)c1)C2,8.397940008672037
Cc1c(-c2c(C)c3c(c(C)c2[C@H](OC(C)(C)C)C(=O)O)CN(C(=O)c2cccc(F)c2)C3)ccc2c1CCCO2,8.698970004336019
Cc1ccc(-c2c(C)c3c(c(C)c2[C@H](OC(C)(C)C)C(=O)O)CN(C(=O)c2cccc(F)c2)C3)c(Cl)c1,7.42021640338319
Cc1c2c(c(C)c([C@H](OC(C)(C)C)C(=O)O)c1C1=CCC(C)(C)CC1)CN(C(=O)c1cccc3c1OCO3)C2,8.397940008672037
Cc1c2c(c(C)c([C@H](OC(C)(C)C)C(=O)O)c1-c1ccc(Cl)cc1)CN(C(=O)c1cccc3c1OCO3)C2,8.397940008672037
Cc1ccc(-c2c(C)c3c(c(C)c2[C@H](OC(C)(C)C)C(=O)O)CN(C(=O)c2cccc4c2OCO4)C3)c(Cl)c1,8.397940008672037
Cc1c(-c2c(C)c3c(c(C)c2[C@H](OC(C)(C)C)C(=O)O)CN(C(=O)c2cccc4c2OCO4)C3)cc(F)c2c1NCCO2,7.7447274948966935
Cc1c(-c2c(C)c3c(c(C)c2[C@H](OC(C)(C)C)C(=O)O)CN(C(=O)c2cccc(F)c2)C3)ccc2c1NCCO2,7.823908740944319
Cc1c(-c2c(C)c3c(c(C)c2[C@H](OC(C)(C)C)C(=O)O)CN(C(=O)N2CCC(F)(F)C2)C3)ccc2c1NCCO2,8.221848749616356
Cc1c2c(c(C)c([C@H](OC(C)(C)C)C(=O)O)c1-c1ccc3c(c1)CCCO3)CN(C(=O)N1CCC(F)(F)C1)C2,8.397940008672037
Cc1ccc(-c2c(C)c3c(c(C)c2[C@H](OC(C)(C)C)C(=O)O)CN(C(=O)N2CCC(F)(F)C2)C3)c(Cl)c1,8.397940008672037
Cc1c(-c2c(C)c3c(c(C)c2[C@H](OC(C)(C)C)C(=O)O)CN(C(=O)N2CCC(F)(F)C2)C3)cc(F)c2c1NCCO2,7.823908740944319
Cc1ccc(-c2c(C)c3c(c(C)c2[C@H](OC(C)(C)C)C(=O)O)CN(C(=O)N2CCCCC2)C3)c(Cl)c1,7.3872161432802645
Cc1c2c(c(C)c([C@H](OC(C)(C)C)C(=O)O)c1-c1ccc3c(c1)CCCO3)CN(C(=O)N1CCCCC1)C2,8.522878745280337
Cc1c(-c2c(C)c3c(c(C)c2[C@H](OC(C)(C)C)C(=O)O)CN(C(=O)N2CCCCC2)C3)cc(F)c2c1NCCO2,8.301029995663981
Cc1c(-c2c(C)c3c(c(C)c2[C@H](OC(C)(C)C)C(=O)O)CN(C(=O)N2CCCCC2)C3)ccc2c1NCCO2,8.397940008672037
Cc1c(-c2c(C)c3c(c(C)c2[C@H](OC(C)(C)C)C(=O)O)CN(C(=O)N2CCC(F)(F)C2)C3)ccc2c1CCCO2,8.522878745280337
Cc1c(-c2c(C)c3c(c(C)c2[C@H](OC(C)(C)C)C(=O)O)CN(C(=O)N2CCCCC2)C3)ccc2c1CCCO2,8.698970004336019
Cc1ccc(-c2c(C)c3c(c(C)c2[C@H](OC(C)(C)C)C(=O)O)CN(C(=O)N2CCCCC2)C3)c(Cl)c1,8.301029995663981
Cc1cc(Cl)ccc1-c1c(C)c2c(c(C)c1C(OC(C)(C)C)C(=O)O)CN(C(=O)N1CCC(F)(F)C1)C2,7.886056647693163
Cc1cc(Cl)ccc1-c1c(C)c2c(c(C)c1[C@H](OC(C)(C)C)C(=O)O)CN(C(=O)C1CCCCC1)C2,7.886056647693163
Cc1cc(Cl)ccc1-c1c(C)c2c(c(C)c1[C@H](OC(C)(C)C)C(=O)O)CN(C(=O)CC(C)(C)C)C2,7.886056647693163
Cc1ccc(-c2c(C)c3c(c(C)c2[C@H](OC(C)(C)C)C(=O)O)CN(C(=O)c2cccc(F)c2)C3)c(Cl)c1,8.301029995663981
