smiles,pIC50
Cc1cc(C)c(/C=C2\C(=O)Nc3ncnc(Nc4ccc(F)c(Cl)c4)c32)[nH]1,4.782516055786093
Cc1cc(C(=O)N2CCOCC2)[nH]c1/C=C1\C(=O)Nc2ncnc(Nc3ccc(F)c(Cl)c3)c21,4.698970004336019
Nc1ncnc2c1c(-c1cccc(Oc3ccccc3)c1)cn2C1CCCC1,5.1487416512809245
c1ccc(-c2cnc(Nc3ccccn3)o2)cc1,5.72584215073632
Cc1cc(C(=O)NCCN2CCOCC2)[nH]c1/C=C1\C(=O)N(C)c2ncnc(Nc3ccc(F)c(Cl)c3)c21,4.995678626217358
Cc1ccc(Nc2ncc(-c3ccccc3)s2)nc1,7.721246399047171
CCN(CC)CC(O)CNC(=O)c1cc(C)c(/C=C2\C(=O)Nc3ncnc(Nc4ccc(F)c(Cl)c4)c32)[nH]1,6.443697499232712
c1ccc(-c2cnc(Nc3cnccn3)s2)cc1,7.638272163982407
c1ccc(-c2cnc(Nc3cccnc3)s2)cc1,6.619788758288394
Cc1ccnc(Nc2ncc(-c3ccccc3)s2)c1,8.221848749616356
c1ccc(Nc2ncc(-c3ccccc3)s2)cc1,6.906578314837765
Cc1cccc(Nc2ncc(-c3ccccc3)s2)n1,8.0
Nc1ncnc2c1c(-c1ccc(Oc3ccccc3)cc1)cn2C1CCCC1O,6.0
c1ccc(Nc2ncc(-c3ccccc3)o2)cc1,6.872895201635193
c1ccc(Oc2ccc(Nc3ncnc4ccccc34)cc2)cc1,5.565431095965801
CC(C)n1cc(-c2ccc(Oc3ccccc3)cc2)c2c(N)ncnc21,6.366531544420414
O=C(Nc1ncc(-c2ccccc2)s1)c1ccccc1,7.0915149811213505
c1ccc(-c2cnc(Nc3ccncn3)s2)cc1,7.443697499232712
Nc1ncnc2c1c(-c1ccccc1Oc1ccccc1)cn2C1CCCC1,4.301029995663981
COc1cccnc1Nc1ncc(-c2ccccc2)s1,7.337242168318426
COc1ccnc(Nc2ncc(-c3ccccc3)s2)c1,7.958607314841775
Cc1cccnc1Nc1ncc(-c2ccccc2)s1,7.886056647693163
O=C1Nc2ncnc(Nc3ccc(F)c(Cl)c3)c2/C1=C/c1ccc(C(=O)NCCN2CCOCC2)[nH]1,4.698970004336019
Cc1cc(C(=O)N2CCOCC2)[nH]c1/C=C1\C(=O)Nc2ncnc(Nc3ccc4c(ccn4Cc4ccccc4)c3)c21,5.688246138944246
CCCCN(C)c1ccc(/N=N/c2ncc([N+](=O)[O-])s2)c(C)c1,6.82102305270683
CCN(CC)CCNC(=O)c1c(C)[nH]c(/C=C2\C(=O)Nc3ncnc(Nc4ccc(F)c(Cl)c4)c32)c1C,5.459670525209126
Cc1cc(/C=C2\C(=O)Nc3ncnc(Nc4ccc(F)c(Cl)c4)c32)[nH]c1C(=O)N1CCN(C)CC1,4.698970004336019
Cc1cc(C(=O)N2CCOCC2)[nH]c1/C=C1\C(=O)Nc2ncnc(Nc3ccc4c(c3)CCC4)c21,5.460923901207224
Nc1ncnc2c1c(-c1ccc(Oc3ccccc3)cc1)cn2C1CCC(O)C1,7.070581074285707
c1ccc(-c2cnc(Nc3ccccn3)s2)cc1,8.154901959985743
Cc1cc(C(=O)NCCN2CCOCC2)[nH]c1/C=C1\C(=O)Nc2ncnc(Nc3ccc(F)c(Cl)c3)c21,4.698970004336019
c1ccc(-c2cnc(Nc3ccncc3)s2)cc1,6.586700235918748
COc1cccc(Nc2ncc(-c3ccccc3)s2)n1,8.522878745280337
Cc1cc(C(=O)N2CCOCC2)[nH]c1/C=C1\C(=O)Nc2ncnc(N3CCCCC3)c21,4.698970004336019
Nc1ncnc2c1c(-c1ccc(Oc3ccccc3)cc1)cn2C1CC(O)C(O)C1,6.568636235841013
CCN1CCN(C(=O)c2cc(C)c(/C=C3\C(=O)Nc4ncnc(Nc5ccc(F)c(Cl)c5)c43)[nH]2)CC1,4.698970004336019
Cc1ccc(-c2nn(C(C)(C)C)c3ncnc(N)c23)cc1,5.795880017344075
Brc1cccc(Nc2ncc(-c3ccccc3)s2)n1,7.853871964321762
Cc1cnc(Nc2ccccn2)s1,5.894830572000668
Cc1cc(C(=O)O)[nH]c1/C=C1\C(=O)Nc2ncnc(Nc3ccc(F)c(Cl)c3)c21,5.049635145623877
Clc1ccc(Nc2ncc(-c3ccccc3)s2)nc1,7.455931955649724
Brc1cnc(Nc2ccccn2)s1,7.1487416512809245
c1ccc(-c2cnc(Nc3ccc(CN4CCCC4)cn3)s2)cc1,8.221848749616356
Clc1cnc(Nc2ccccn2)s1,6.7121982700697735
Cc1cc(CCC(=O)O)[nH]c1/C=C1\C(=O)Nc2ncnc(Nc3ccc(F)c(Cl)c3)c21,4.698970004336019
Cc1cc(C(=O)N2CCOCC2)[nH]c1/C=C1\C(=O)Nc2ncnc(Nc3ccc4c(cnn4Cc4ccccc4)c3)c21,5.6777807052660805
CC(C)(C)n1cc(-c2ccc(Cl)cc2)c2c(N)ncnc21,5.5718652059712115
Cc1cc(C(=O)N2CCN(C)CC2)[nH]c1/C=C1\C(=O)Nc2ncnc(Nc3ccc(F)c(Cl)c3)c21,4.698970004336019
C#Cc1cccc(Nc2ncnc3c2/C(=C/c2[nH]c(C(=O)NCCN4CCOCC4)cc2C)C(=O)N3)c1,4.698970004336019
Nc1ncnc2c1c(-c1ccc(Oc3ccccc3)cc1)cn2C1CCCC1,5.804100347590766
CCN(CC)CCNC(=O)c1cc(C)c(/C=C2\C(=O)Nc3ncnc(Nc4ccc(F)c(Cl)c4)c32)[nH]1,6.522878745280337
Cc1c(C(=O)N2CCN(C)CC2)c[nH]c1/C=C1\C(=O)Nc2ncnc(Nc3ccc(F)c(Cl)c3)c21,4.698970004336019
Cc1cc(C(=O)N2CC(C)NC(C)C2)[nH]c1/C=C1\C(=O)Nc2ncnc(Nc3ccc(F)c(Cl)c3)c21,5.787812395596042
CC(C)(C)n1cc(-c2ccc(Oc3ccccc3)cc2)c2c(N)ncnc21,5.640164517660112
N#Cc1cnc(Nc2ccccn2)s1,7.443697499232712
Cc1cc(C)c(/C=C2\C(=O)N(C)c3ncnc(Nc4ccc(F)c(Cl)c4)c32)[nH]1,5.235077015350112
O=C1Nc2ncnc(Nc3ccc(F)c(Cl)c3)c2/C1=C/c1ccc[nH]1,4.698970004336019
Cc1cc(C(=O)NCCN2CCOCC2)[nH]c1/C=C1\C(=O)Nc2ncnc(Nc3ccc4c(ccn4Cc4ccccc4)c3)c21,5.459670525209126
Cc1[nH]c(/C=C2\C(=O)Nc3ncnc(Nc4ccc(F)c(Cl)c4)c32)c(C)c1CCC(=O)O,4.698970004336019
CCN(CC)CCNC(=O)c1cc(C)c(/C=C2\C(=O)Nc3ncnc(Nc4ccc(Cl)cc4F)c32)[nH]1,7.3979400086720375
c1ccc(-c2cnc(Nc3ncccn3)s2)cc1,6.863279432843593
COc1cccc(-c2ccc3c(c2)NC(=O)/C3=C\c2[nH]c3c(c2CCC(=O)O)CCCC3)c1,7.154901959985743
COc1ccc2c(c1)NC(=O)/C2=C\c1[nH]c2c(c1CCC(=O)O)CCCC2,6.42021640338319
COc1cccc(-c2ccc3c(c2)NC(=O)/C3=C\c2cc3c([nH]2)CCCC3)c1,4.698970004336019
COc1ccccc1-c1ccc2c(c1)NC(=O)/C2=C\c1cc2c([nH]1)CCCC2,4.698970004336019
O=C(O)CCc1c(/C=C2\C(=O)Nc3ccc(C(=O)O)cc32)[nH]c2c1CCCC2,8.397940008672037
COc1ccc2c(c1)NC(=O)/C2=C\c1cc2c([nH]1)CCCC2,4.91721462968355
O=C(O)CCc1c(/C=C2\C(=O)Nc3cc(-c4ccccc4)ccc32)[nH]c2c1CCCC2,7.301029995663981
COc1ccc(-c2ccc3c(c2)NC(=O)/C3=C\c2[nH]c3c(c2CCC(=O)O)CCCC3)cc1,7.522878745280337
O=C1Nc2ccccc2/C1=C/c1cc2c([nH]1)CCCC2,6.318758762624412
O=C(O)CCc1c(/C=C2\C(=O)Nc3ccc(Br)cc32)[nH]c2c1CCCC2,7.522878745280337
NS(=O)(=O)c1ccc2c(c1)/C(=C/c1cc3c([nH]1)CCCC3)C(=O)N2,7.522878745280337
O=C1Nc2cc(-c3ccccc3)ccc2/C1=C/c1cc2c([nH]1)CCCC2,4.698970004336019
Cc1c[nH]c(/C=C2\C(=O)Nc3ccccc32)c1CCC(=O)O,7.698970004336019
Cc1cc(C)c(/C=C2\C(=O)Nc3ccccc32)[nH]1,6.154901959985743
COc1ccc(-c2ccc3c(c2)NC(=O)/C3=C\c2cc3c([nH]2)CCCC3)cc1,4.698970004336019
O=C1Nc2ccc(C(=O)O)cc2/C1=C/c1cc2c([nH]1)CCCC2,7.698970004336019
NS(=O)(=O)c1ccc2c(c1)/C(=C/c1[nH]c3c(c1CCC(=O)O)CCCC3)C(=O)N2,6.221848749616356
O=C(O)CCc1c(/C=C2\C(=O)Nc3ccccc32)[nH]c2c1CCCC2,7.045757490560675
O=C1Nc2ccc(Br)cc2/C1=C/c1cc2c([nH]1)CCCC2,7.154901959985743
COc1ccccc1-c1ccc2c(c1)NC(=O)/C2=C\c1[nH]c2c(c1CCC(=O)O)CCCC2,7.221848749616356
Fc1ccc(-c2cnn3cc(-c4ccncc4)cnc23)cc1,7.200659450546418
O=c1[nH]c2ccccc2cc1-c1cc2ccccc2[nH]1,8.096910013008056
Cc1ccc(-c2cnc3c(-c4ccncc4)cnn3c2)cc1,7.2076083105017466
c1cc(-c2cnc3c(-c4ccsc4)cnn3c2)ccn1,7.619788758288394
CN1CCN(C(=O)c2ccc3[nH]c(-c4cc5ccccc5nc4O)cc3c2)CC1,8.301029995663981
Fc1ccc(-c2cnn3cc(-c4ccncc4)cnc23)cc1Cl,6.576754126063192
c1ccc(-c2cnn3cc(-c4ccncc4)cnc23)cc1,7.1487416512809245
COc1ccc(-c2cnc3c(-c4ccncc4)cnn3c2)cc1,7.431798275933005
COc1ccc(-c2cnc3c(-c4ccncc4)cnn3c2)cc1,7.5376020021010435
Clc1cccc(-c2cnn3cc(-c4ccncc4)cnc23)c1,6.455931955649724
c1cc(-c2cnn3cc(C4CCCCC4)cnc23)cs1,6.552841968657781
O=S(=O)(NC1CCNC1)c1ccc2[nH]c(-c3cc4ccccc4nc3O)cc2c1,7.853871964321762
C1=C(c2cnn3cc(-c4ccncc4)cnc23)CCCC1,7.3872161432802645
O=C(O)C1CCN(CCCOc2ccc3[nH]c(-c4cc5ccccc5nc4O)cc3c2)CC1,8.096910013008056
NC1CCN(C(=O)c2ccc3[nH]c(-c4cc5ccccc5nc4O)cc3c2)C1,8.301029995663981
O=c1ccc2ccccc2cc1-c1nc2ccccc2[nH]1,6.449771646944906
O=C(c1ccc2[nH]c(-c3cc4ccccc4nc3O)cc2c1)N1CCNCC1,8.301029995663981
O=S(=O)(c1ccc2[nH]c(-c3cc4ccccc4nc3O)cc2c1)N1CCNCC1,7.958607314841775
COc1cccc(-c2cnn3cc(-c4ccncc4)cnc23)c1,6.292429823902063
COc1ccc(-c2cnc3c(-c4cccnc4)cnn3c2)cc1,7.3872161432802645
NC1CCN(S(=O)(=O)c2ccc3[nH]c(-c4cc5ccccc5nc4O)cc3c2)C1,7.795880017344075
Oc1nc2ccccc2cc1-c1cc2cc(OCCN3CCCCC3)ccc2[nH]1,8.397940008672037
COCCN(C)CCOc1ccc2[nH]c(-c3cc4ccccc4nc3O)cc2c1,8.154901959985743
c1ccc(-c2cnn3cc(-c4ccccn4)cnc23)cc1,7.055517327849832
C1=C(c2cnn3cc(-c4ccncc4)cnc23)CCC1,7.552841968657781
O=c1[nH]c2ccccc2cc1-c1nc2ccccc2[nH]1,7.346787486224656
COc1ccc(-c2cnc3c(-c4ccccc4)cnn3c2)cc1,7.1487416512809245
O=C(NC1CCNC1)c1ccc2[nH]c(-c3cc4ccccc4nc3O)cc2c1,8.221848749616356
Clc1ccc(-c2cnc3c(-c4ccncc4)cnn3c2)cc1,6.94692155651658
CC(=O)N1CCN(CCOc2ccc3[nH]c(-c4cc5ccccc5nc4O)cc3c2)CC1,8.397940008672037
c1cc(-c2cnc3c(-c4ccncc4)cnn3c2)ccn1,6.649751981665837
COc1ccc(-c2cnc3c(-c4ccccn4)cnn3c2)cc1,6.0
CN1CCN(S(=O)(=O)c2ccc3[nH]c(-c4cc5ccccc5nc4O)cc3c2)CC1,8.0
COc1ccc(-c2cnc3c(-c4ccsc4)cnn3c2)cc1,7.721246399047171
O=c1cc(-c2ccc3c(c2)ncn3-c2ccccc2)ccn1CCN1CCCCC1,7.055517327849832
O=c1ccc(-c2ccc3c(c2)ncn3-c2ccccc2)cn1CCCN1CCCCC1,7.431798275933005
COc1ccc(-c2cnc3c(-c4ccccc4)cnn3c2)cc1,7.1487416512809245
c1ccc(-n2cnc3cc(-c4ccc(NCCN5CCOCC5)nc4)ccc32)cc1,7.2839966563652006
c1ccc(-n2cnc3cc(-c4ccc(OCCN5CCCCC5)cc4)cnc32)cc1,7.431798275933005
COc1ccc(-c2ccc3c(c2)ncn3-c2ccccc2)cc1,6.94692155651658
O=c1cc(-c2ccc3c(c2)ncn3-c2ccccc2)ccn1CCCN1CCCCC1,7.6020599913279625
c1ccc(-n2cnc3cc(-c4ccc(OCCN5CCCCC5)cc4)ccc32)cc1,7.853871964321762
O=c1ccc(-c2ccc3c(c2)ncn3-c2ccccc2)cn1CCN1CCCCC1,6.568636235841013
O=c1nc(-c2ccc3c(c2)ncn3-c2ccccc2)ccn1CCCN1CCCCC1,7.017728766960431
c1ccc(-n2cnc3cc(-c4ccc(OCCN5CCCCC5)nc4)ccc32)cc1,7.638272163982407
COc1cc(Cc2nn([C@H]3CC[C@H](N4CCN(C)CC4)CC3)c3ncnc(N)c23)ccc1NC(=O)[C@@H]1C[C@H]1c1ccccc1,4.301029995663981
CN1CCN([C@H]2CC[C@H](n3nc(-c4ccc(Oc5ccccc5)cc4)c4c(N)ncnc43)CC2)CC1,5.274088367704952
COc1cc(-c2nn([C@H]3CC[C@H](N4CCN(C)CC4)CC3)c3ncnc(N)c23)ccc1NC(=O)c1ccccc1,4.301029995663981
COc1cc(-c2nn([C@H]3CC[C@H](N4CCN(C)CC4)CC3)c3ncnc(N)c23)ccc1NC(=O)C(C)(C)Cc1ccccc1,4.301029995663981
COc1cc(-c2nn([C@H]3CC[C@H](N4CCN(C)CC4)CC3)c3ncnc(N)c23)ccc1NC(=O)OCc1ccccc1,4.465973893943865
CN1CCN([C@H]2CC[C@H](n3nc(-c4ccc(NCc5cc6ccccc6[nH]5)cc4)c4c(N)ncnc43)CC2)CC1,6.361510743045363
CN1CCN([C@H]2CC[C@H](n3nc(-c4ccc(C(=O)c5ccccc5)cc4)c4c(N)ncnc43)CC2)CC1,4.301029995663981
CN1CCN([C@H]2CC[C@H](n3nc(-c4ccc(Nc5ccccc5)cc4)c4c(N)ncnc43)CC2)CC1,5.419075024324381
COc1cc(-c2nn([C@H]3CC[C@H](N4CCN(C)CC4)CC3)c3ncnc(N)c23)ccc1NCc1ccccc1,4.301029995663981
COc1cc(-c2nn([C@H]3CC[C@H](N4CCN(C)CC4)CC3)c3ncnc(N)c23)ccc1NC(=O)c1cc2ccccc2o1,4.301029995663981
CN1CCN([C@H]2CC[C@H](n3cc(-c4ccc(Oc5ccccc5)cc4)c4c(N)ncnc43)CC2)CC1,5.924453038607469
COc1cc(-c2nn([C@H]3CC[C@H](N4CCN(C)CC4)CC3)c3ncnc(N)c23)ccc1NC(=O)CCc1ccccc1,4.301029995663981
COc1cc(-c2nn([C@H]3CC[C@H](N4CCN(C)CC4)CC3)c3ncnc(N)c23)ccc1NC(=O)CC(C)(C)c1ccccc1,4.460923901207224
COc1cc(-c2nn([C@H]3CC[C@H](N4CCN(C)CC4)CC3)c3ncnc(N)c23)ccc1NC(=O)Nc1ccccc1,6.580044251510242
COc1cc(-c2nn([C@H]3CC[C@H](N4CCN(C)CC4)CC3)c3ncnc(N)c23)ccc1NS(=O)(=O)c1ccccc1,4.301029995663981
COc1cc2c(Nc3ccc(Cl)cc3F)ncnc2cc1OCC1CCNCC1.Cl,7.301029995663981
COc1cc2c(Nc3ccc(Cl)cc3F)ncnc2cc1OCCN(C)c1ccncc1,8.221848749616356
COc1cc2c(Nc3ccc(C#N)cc3F)ncnc2cc1OC/C=C/CN1CCCC1,6.638272163982407
COc1cc2c(Nc3ccc(Cl)cc3F)ncnc2cc1OC1CCN(C)CC1,5.823908740944319
COc1cc2c(Nc3ccc(C)cc3F)ncnc2cc1OCC1CCNCC1,7.522878745280337
COc1cc2c(Nc3ccc(Br)cc3F)ncnc2cc1OCCn1ccnn1,7.522878745280337
COc1cc2c(Nc3ccc(C)cc3F)ncnc2cc1OCC1CCN(C)CC1,7.6020599913279625
COc1cc2c(Nc3c(F)cc(Cl)cc3F)ncnc2cc1OCC1CCN(C)CC1,7.6020599913279625
COc1cc2c(Nc3c(F)cc(Cl)cc3F)ncnc2cc1OCC1CCNCC1,7.3979400086720375
COc1cc2c(Nc3ccc(Cl)cc3F)ncnc2cc1OC[C@@H]1CCCN(C)C1,8.301029995663981
COc1cc2c(Nc3ccc(Cl)cc3F)ncnc2cc1OCCCN1CCOCC1,8.045757490560675
COc1cc2/c(=N/c3ccc(Br)cc3F)nc[nH]c2cc1OCC1CCN(C)CC1,7.154901959985743
COc1cc2c(Nc3ccc(Cl)cc3F)ncnc2cc1OC/C=C/CN1CCCC1.Cl,7.3979400086720375
COc1cc2c(Nc3ccc(Br)cc3F)ncnc2cc1OCCC1CCN(C)CC1,8.221848749616356
COc1cc2c(Nc3ccc(Cl)cc3F)ncnc2cc1OCC1CCN(C)CC1.Cl,7.823908740944319
COc1cc2c(Nc3ccc(Br)cc3F)ncnc2cc1OC[C@@H]1CCCN(C)C1,9.0
COc1cc2c(Nc3ccc(Cl)cc3F)ncnc2cc1OCCN1CCN(C)CC1,7.522878745280337
COc1cc2c(Nc3ccc(Cl)cc3F)ncnc2cc1OCCCN1CCCC1.Cl,7.522878745280337
COc1cc2c(Nc3ccc(Br)cc3F)ncnc2cc1OCCCN1CCN(C)CC1.Cl,8.045757490560675
COc1cc2c(Nc3c(F)cc(Br)cc3F)ncnc2cc1OCC1CCN(C)CC1,8.0
COc1cc2c(Nc3ccc(Br)cc3F)ncnc2cc1OCC1CCN(C)CC1.Cl,7.3979400086720375
COc1cc2c(Nc3ccc(Br)cc3F)ncnc2cc1OC[C@H]1CCCN(C)C1,8.0
COc1cc2c(Nc3ccc(Cl)cc3F)ncnc2cc1OCCCN1CCN(C)CC1.Cl,7.698970004336019
COc1cc2c(Nc3ccc(Cl)cc3F)ncnc2cc1OCCN1CCOCC1,7.3979400086720375
COc1cc2c(Nc3ccc(Br)cc3F)ncnc2cc1OCCC1CCNCC1,7.3979400086720375
COc1cc2c(Nc3c(F)cc(Br)cc3F)ncnc2cc1OCC1CCNCC1,7.823908740944319
COc1cc2c(Nc3cc(O)c(C)cc3F)ncnc2cc1OCC1CCN(C)CC1.Cl,8.154901959985743
COc1cc2c(Nc3ccc(Cl)cc3F)ncnc2cc1OCCC1CCN(C)CC1,7.259637310505756
COCCOc1cc2ncnc(Nc3ccc(Cl)cc3F)c2cc1OC,8.154901959985743
COc1cc2c(Nc3cc(O)c(Cl)cc3F)ncnc2cc1OCC1CCN(C)CC1.Cl,8.096910013008056
COc1cc2c(Nc3ccc(Br)cc3F)ncnc2cc1OC/C=C/CN1CCCC1.Cl,8.096910013008056
NC(=O)c1c(-c2ccc(Oc3ccccc3)cc2)c2c(N)ncnc2n1C1CCCC1,5.040481623027001
Nc1ncnc2c1c(-c1ccc(Oc3ccccc3O)cc1)cn2C1CCCC1,7.045757490560675
CC(C)n1cc(-c2ccc(Oc3ccc(CO)cc3)cc2)c2c(N)ncnc21,7.5376020021010435
CC(C)(C)n1cc(-c2ccc(Oc3ccc(N)cc3)cc2)c2c(N)ncnc21,6.045757490560675
CC(C)(C)n1cc(-c2ccc(Oc3ccccc3)cc2)c2c(N)ncnc21,5.640164517660112
Nc1ncnc2c1c(-c1ccc(Oc3ccccc3)cc1)c(CO)n2C1CCCC1,5.966576244513051
CC(C)n1cc(-c2ccc(Oc3ccccc3[N+](=O)[O-])cc2)c2c(N)ncnc21,6.045757490560675
Nc1ncnc2c1c(-c1ccc(Oc3ccccc3)cc1)c(C(=O)O)n2C1CCCC1,5.00788851221305
CC(C)(C)n1cc(-c2ccc(Oc3ccc(O)cc3)cc2)c2c(N)ncnc21,5.698970004336019
CC(C)n1cc(-c2ccc(Oc3ccccc3CO)cc2)c2c(N)ncnc21,6.841637507904751
CC(C)n1cc(-c2ccc(Oc3ccccc3C(=O)O)cc2)c2c(N)ncnc21,5.295849483160201
CC(C)n1cc(-c2ccc(Oc3ccccc3N)cc2)c2c(N)ncnc21,5.481486060122113
Nc1ncnc2c1c(-c1ccc(Oc3ccccc3)cc1)c(Br)n2C1CCCC1,5.795880017344075
N#Cc1c(-c2ccc(Oc3ccccc3)cc2)c2c(N)ncnc2n1C1CCCC1,5.494850021680094
COc1ccc(Oc2ccc(-c3cn(C(C)(C)C)c4ncnc(N)c34)cc2)cc1,5.882728704344236
COCc1c(-c2ccc(Oc3ccccc3)cc2)c2c(N)ncnc2n1C1CCCC1,5.372634143407267
CC(C)(C)n1cc(-c2ccc(Oc3cccc(N)c3)cc2)c2c(N)ncnc21,6.3979400086720375
CC(C)n1cc(-c2ccc(Oc3ccccc3C#N)cc2)c2c(N)ncnc21,6.79317412396815
Cc1c(-c2ccc(Oc3ccccc3)cc2)c2c(N)ncnc2n1C1CCCC1,5.474955192963154
CC(O)c1c(-c2ccc(Oc3ccccc3)cc2)c2c(N)ncnc2n1C1CCCC1,5.730487055782084
CC(C)n1cc(-c2ccc(Oc3ccc(C(=O)O)cc3)cc2)c2c(N)ncnc21,5.161780778092374
Nc1ncnc2c1c(-c1ccc(Oc3ccccc3)cc1)cn2C1CCCC1,5.804100347590766
Nc1ncnc2c1c(-c1ccc(Oc3ccccc3)cc1)c(CN1CCOCC1)n2C1CCCC1,5.434152181326482
COc1ccccc1Oc1ccc(-c2cn(C3CCCC3)c3ncnc(N)c23)cc1,6.301029995663981
Nc1ncnc2c1c(-c1ccc(Oc3ccccc3)cc1)c(Cl)n2C1CCCC1,4.772113295386326
NCc1c(-c2ccc(Oc3ccccc3)cc2)c2c(N)ncnc2n1C1CCCC1,6.169411331314856
CC(C)n1cc(-c2ccc(Oc3ccccc3)cc2)c2c(N)ncnc21,6.366531544420414
CC(C)n1cc(-c2ccc(Oc3ccc(C#N)cc3)cc2)c2c(N)ncnc21,6.889410289700751
COc1ccc2c(c1)/C(=C/c1[nH]cc3c1CCOC3=O)C(=O)N2,4.698970004336019
COC(=O)[C@]1(O)C[C@H]2O[C@]1(C)n1c3ccccc3c3c4c(c5c6ccccc6n2c5c31)C(=O)NC4,7.721246399047171
NS(=O)(=O)c1ccc2c(c1)/C(=C/c1[nH]cc3c1CCOC3=O)C(=O)N2,5.180456064458132
COC(=O)[C@@]1(O)C[C@H]2O[C@]1(C)n1c3ccccc3c3c4c(c5c6ccccc6n2c5c31)C(=O)NC4,7.366531544420414
CNS(=O)(=O)c1ccc2c(c1)/C(=C/c1[nH]cc3c1CCOC3=O)C(=O)N2,5.180456064458132
O=C1Nc2cc(-c3ccccc3)ccc2/C1=C/c1[nH]cc2c1CCOC2=O,5.698970004336019
O=C1Nc2ccc(Cl)cc2/C1=C/c1[nH]cc2c1CCOC2=O,4.698970004336019
O=C1Nc2cccc(C3CCNCC3)c2/C1=C/c1[nH]cc2c1CCOC2=O,6.309803919971486
COc1ccc2c(c1)/C(=C/c1cnc[nH]1)C(=O)N2,6.886056647693163
Cc1cccc2c1/C(=C/c1[nH]cc3c1CCOC3=O)C(=O)N2,4.698970004336019
COc1ccc2c(c1)NC(=O)/C2=C\c1[nH]cc2c1CCOC2=O,4.698970004336019
O=C1Nc2ccc(C(=O)O)cc2/C1=C/c1[nH]cc2c1CCOC2=O,5.207608310501746
O=C1Nc2ccc(Br)cc2/C1=C/c1[nH]cc2c1CCOC2=O,4.958607314841775
CC(C)NS(=O)(=O)c1ccc2c(c1)/C(=C/c1[nH]cc3c1CCOC3=O)C(=O)N2,5.173925197299174
CN(C)S(=O)(=O)c1ccc2c(c1)/C(=C/c1[nH]cc3c1CCOC3=O)C(=O)N2,4.698970004336019
CC(C)(C)c1nc2c3ccc(F)cc3c3c(=O)[nH]ccc3c2[nH]1,5.853871964321762
O=C1Nc2cccc(CCO)c2/C1=C/c1[nH]cc2c1CCOC2=O,5.920818753952375
O=C1Nc2ccc(F)cc2/C1=C/c1[nH]cc2c1CCOC2=O,5.0
Cc1cccc(Cl)c1NC(=O)c1cnc(NC(=O)C2CC2)s1,4.6020599913279625
Cc1c(CCC(=O)O)c[nH]c1/C=C1\C(=O)Nc2ccc(C(=O)O)cc21,6.619788758288394
Cc1c(CCC(=O)O)c[nH]c1/C=C1\C(=O)Nc2ccc(C(=O)O)cc21,4.301029995663981
Cc1c[nH]c(/C=C2\C(=O)Nc3cccc(C)c32)c1CCC(=O)O,6.698970004336019
Cc1c[nH]c(/C=C2\C(=O)Nc3cccc(C)c32)c1CCC(=O)O,7.0
COc1cccc(-c2ccc3c(c2)NC(=O)/C3=C\c2[nH]cc(C)c2CCC(=O)O)c1,4.548213564475709
COc1cccc(-c2ccc3c(c2)NC(=O)/C3=C\c2[nH]cc(C)c2CCC(=O)O)c1,6.214670164989233
Cc1[nH]c(/C=C2\C(=O)Nc3ccccc32)c(C)c1CCC(=O)O,5.614393726401688
Cc1[nH]c(/C=C2\C(=O)Nc3ccccc32)c(C)c1CCC(=O)O,6.3872161432802645
CN1CCC(c2c(O)cc(O)c3c(=O)cc(-c4ccccc4Cl)oc23)[C@@H](O)C1,5.0
Cc1[nH]c(/C=C2\C(=O)Nc3ccc(Br)cc32)c(C)c1CCC(=O)O,5.761953896871205
Cc1[nH]c(/C=C2\C(=O)Nc3ccc(Br)cc32)c(C)c1CCC(=O)O,7.154901959985743
Cc1c(CCC(=O)O)c[nH]c1/C=C1\C(=O)Nc2ccc(S(N)(=O)=O)cc21,6.036212172654444
Cc1c(CCC(=O)O)c[nH]c1/C=C1\C(=O)Nc2ccc(S(N)(=O)=O)cc21,4.301029995663981
COc1ccccc1-c1ccc2c(c1)NC(=O)/C2=C\c1[nH]c(C)c(CCC(=O)O)c1C,5.359518563029578
COc1ccccc1-c1ccc2c(c1)NC(=O)/C2=C\c1[nH]c(C)c(CCC(=O)O)c1C,5.522878745280337
COc1cccc(-c2ccc3c(c2)NC(=O)/C3=C\c2[nH]cc(CCC(=O)O)c2C)c1,7.045757490560675
COc1cccc(-c2ccc3c(c2)NC(=O)/C3=C\c2[nH]cc(CCC(=O)O)c2C)c1,6.7447274948966935
Cc1cc(C)c(/C=C2\C(=O)Nc3ccccc32)[nH]1,6.154901959985743
Cc1cc(C)c(/C=C2\C(=O)Nc3ccccc32)[nH]1,7.3979400086720375
CCOc1cccc(-c2ccc3c(c2)NC(=O)/C3=C\c2[nH]cc(C)c2CCC(=O)O)c1,6.0
CCOc1cccc(-c2ccc3c(c2)NC(=O)/C3=C\c2[nH]cc(C)c2CCC(=O)O)c1,6.337242168318426
COc1ccc2c(c1)NC(=O)/C2=C\c1[nH]cc(CCC(=O)O)c1C,5.8696662315049934
COc1ccc2c(c1)NC(=O)/C2=C\c1[nH]cc(CCC(=O)O)c1C,5.920818753952375
Cc1[nH]c(/C=C2\C(=O)Nc3ccc(C(=O)O)cc32)c(C)c1CCC(=O)O,7.154901959985743
Cc1[nH]c(/C=C2\C(=O)Nc3ccc(C(=O)O)cc32)c(C)c1CCC(=O)O,4.301029995663981
COc1ccc(-c2ccc3c(c2)NC(=O)/C3=C\c2[nH]cc(CCC(=O)O)c2C)cc1,6.346787486224656
COc1ccc(-c2ccc3c(c2)NC(=O)/C3=C\c2[nH]cc(CCC(=O)O)c2C)cc1,5.7447274948966935
Cc1c(CCC(=O)O)c[nH]c1/C=C1\C(=O)Nc2cc(-c3ccccc3)ccc21,6.522878745280337
Cc1c(CCC(=O)O)c[nH]c1/C=C1\C(=O)Nc2cc(-c3ccccc3)ccc21,6.0915149811213505
Cc1c[nH]c(/C=C2\C(=O)Nc3ccccc32)c1CCC(=O)O,7.698970004336019
Cc1c[nH]c(/C=C2\C(=O)Nc3ccccc32)c1CCC(=O)O,7.301029995663981
Cc1c(CCC(=O)O)c[nH]c1/C=C1\C(=O)Nc2ccccc21,5.669586226650809
Cc1c(CCC(=O)O)c[nH]c1/C=C1\C(=O)Nc2ccccc21,6.3979400086720375
COc1ccc2c(c1)NC(=O)/C2=C\c1[nH]c(C)c(CCC(=O)O)c1C,5.081445469449727
COc1ccc2c(c1)NC(=O)/C2=C\c1[nH]c(C)c(CCC(=O)O)c1C,6.173925197299173
COc1ccc(-c2ccc3c(c2)NC(=O)/C3=C\c2[nH]c(C)c(CCC(=O)O)c2C)cc1,6.2839966563652006
COc1ccc(-c2ccc3c(c2)NC(=O)/C3=C\c2[nH]c(C)c(CCC(=O)O)c2C)cc1,5.376750709602099
COc1cccc(-c2ccc3c(c2)NC(=O)/C3=C\c2[nH]c(C)c(CCC(=O)O)c2C)c1,6.522878745280337
COc1cccc(-c2ccc3c(c2)NC(=O)/C3=C\c2[nH]c(C)c(CCC(=O)O)c2C)c1,6.00436480540245
Cc1[nH]c(/C=C2\C(=O)Nc3cc(-c4ccccc4)ccc32)c(C)c1CCC(=O)O,6.853871964321762
Cc1[nH]c(/C=C2\C(=O)Nc3cc(-c4ccccc4)ccc32)c(C)c1CCC(=O)O,5.0
Cc1c[nH]c(/C=C2\C(=O)Nc3ccc(Br)cc32)c1CCC(=O)O,6.455931955649724
Cc1c[nH]c(/C=C2\C(=O)Nc3ccc(Br)cc32)c1CCC(=O)O,7.3979400086720375
Cc1[nH]c(/C=C2\C(=O)Nc3ccc(S(N)(=O)=O)cc32)c(C)c1CCC(=O)O,5.8996294548824375
Cc1[nH]c(/C=C2\C(=O)Nc3ccc(S(N)(=O)=O)cc32)c(C)c1CCC(=O)O,4.368556230986828
COc1ccccc1-c1ccc2c(c1)NC(=O)/C2=C\c1[nH]cc(CCC(=O)O)c1C,5.8326826652518236
COc1ccccc1-c1ccc2c(c1)NC(=O)/C2=C\c1[nH]cc(CCC(=O)O)c1C,7.3979400086720375
C[C@H](O)CNc1cc(-c2[nH]c3cccnc3c2-c2ccc(F)cc2)ccn1,5.0
Cc1cc(C)cc(Nc2nccc(-n3ccnc3-c3cccnc3)n2)c1,5.621602099051862
CC(=O)N1CCN(Cc2cc(C)cc(Nc3nccc(-n4ccnc4-c4ccccc4)n3)c2)CC1,7.494850021680094
Cc1cc(C)cc(Nc2nccc(-n3ccnc3-c3ccccc3)n2)c1,8.221848749616356
Cc1cc(CO)cc(Nc2nccc(-n3ccnc3-c3ccccc3)n2)c1,8.045757490560675
COc1ccc(Nc2nccc(-n3ccnc3-c3ccccc3)n2)cc1,6.406713932979542
Cc1cc(C)cc(Nc2nccc(-n3ccnc3-c3ccc[n+]([O-])c3)n2)c1,5.85078088734462
Clc1cc(Cl)cc(Nc2nccc(-n3ccnc3-c3ccccc3)n2)c1,7.585026652029182
Cc1cc(C)cc(Nc2nccc(-n3ccnc3Cl)n2)c1,7.221848749616356
Cc1ccccc1Nc1nccc(-n2ccnc2-c2ccccc2)n1,5.511449283499556
c1ccc(-c2nccn2-c2ccnc(Nc3ccccn3)n2)cc1,5.165579296318468
c1ccc(-c2nccn2-c2ccnc(Nc3cccnc3)n2)cc1,6.468521082957745
[O-][n+]1cccc(Nc2nccc(-n3ccnc3-c3ccccc3)n2)c1,5.447331783887806
Cc1ccc(Nc2nccc(-n3ccnc3-c3ccccc3)n2)cc1,6.554395796726403
Cc1cc(C)cc(Nc2nccc(-n3cc(C)nc3-c3ccccc3)n2)c1,6.346787486224656
Cc1cccc(Nc2nccc(-n3ccnc3-c3ccccc3)n2)c1,7.7447274948966935
Cc1cc(C)cc(Nc2nccc(-n3ccnc3C3CC3)n2)c1,5.728158393463501
Cc1cc(Nc2nccc(-n3ccnc3-c3ccccc3)n2)cc(C(F)(F)F)c1,8.301029995663981
Cc1cc(C)cc(Nc2cc(-n3ccnc3-c3ccccc3)ncn2)c1,5.742801573860655
COc1cccc(Nc2nccc(-n3ccnc3-c3ccccc3)n2)c1,7.698970004336019
Clc1cccc(Nc2nccc(-n3ccnc3-c3ccccc3)n2)c1,7.6020599913279625
Cc1cc(C)cc(Nc2nccc(-n3ccnc3C#N)n2)c1,6.634512015109101
COc1cc(Nc2nccc(-n3ccnc3-c3ccccc3)n2)cc(OC)c1,8.301029995663981
Cc1cc(Nc2nccc(-n3ccnc3-c3ccccc3)n2)ccn1,6.5583048643592825
COc1ccccc1Nc1nccc(-n2ccnc2-c2ccccc2)n1,6.539102157243452
c1ccc(-c2nccn2-c2ccnc(Nc3ccncc3)n2)cc1,6.5638373529592435
Cc1cc(C)cc(Nc2nccc(-n3ccnc3-c3ccccn3)n2)c1,5.79317412396815
Cc1cc(C)cc(Nc2nccc(-n3ccnc3C)n2)c1,6.116338564846382
Cc1cc(C)cc(Nc2nccc(-n3ccnc3N)n2)c1,5.374687549038326
FC(F)(F)c1cc(Nc2nccc(-n3ccnc3-c3ccccc3)n2)cc(C(F)(F)F)c1,7.113509274827518
FC(F)(F)c1cccc(Nc2nccc(-n3ccnc3-c3ccccc3)n2)c1,8.0
Cc1cc(C)cc(Nc2nccc(-n3ccnc3-c3cccc(F)c3)n2)c1,7.346787486224656
COc1cc(Nc2nccc(-n3ccnc3-c3ccccc3)n2)cc(C(F)(F)F)c1,4.721246399047171
Cc1cc(C)cc(Nc2cc(-n3ccnc3-c3ccccc3)ccn2)c1,6.049635145623877
c1ccc(Nc2nccc(-n3ccnc3-c3ccccc3)n2)cc1,6.978810700930062
Cc1cc(Nc2nccc(-n3ccnc3-c3ccccc3)n2)cc(C)n1,6.8696662315049934
Cc1cc(C)cc(Nc2nccc(-n3ccnc3-c3cncnc3)n2)c1,6.826813731587726
COc1cc2c(Oc3ccc(Nc4ccc(C(C)(C)C)cc4)cc3)ccnc2cc1OCCNCCO,7.080921907623926
CC1=CCC[C@H]2[C@](C)(CC3=C(O)C(O)=C/C(=N\[C@@H](CO)C(=O)O)C3=O)[C@H](C)CC[C@]12C,4.698970004336019
CC(O)C(/N=C1\C(O)=CC(=O)C(O)=C1CC1CCCC2CCCCC21)C(=O)O,4.301029995663981
COC1=CC(=O)C(N[C@@H](CO)C(=O)O)=CC1=O,5.096910013008056
CNS(=O)(=O)c1ccc2c(c1)/C(=C/c1[nH]c3c(c1CCCN1CCN(C)CC1)CCCC3)C(=O)N2,6.522878745280337
CCOC(=O)CN1CCN(CCCc2c(/C=C3\C(=O)Nc4ccc(S(=O)(=O)NC)cc43)[nH]c3c2CCCC3)CC1,6.301029995663981
Cc1[nH]c(/C=C2\C(=O)Nc3ccccc32)c(C)c1CCC(=O)O,5.619788758288394
Cc1[nH]c(/C=C2\C(=O)Nc3ccc(F)cc32)c(C)c1C(=O)NCc1ccncc1,6.795880017344075
CNS(=O)(=O)c1ccc2c(c1)/C(=C/c1[nH]c3c(c1CCCN1CCN(CCO)CC1)CCCC3)C(=O)N2,6.3979400086720375
Nc1ncnc2c1c(-c1ccccc1)cn2-c1cccc(CNCCO)c1,5.443697499232712
CNS(=O)(=O)c1ccc2c(c1)/C(=C/c1[nH]c3c(c1CCC(N)=O)CCCC3)C(=O)N2,6.301029995663981
Nc1ncnc2c1c(-c1ccccc1)cn2-c1ccc(CO)cc1,6.221848749616356
Cc1[nH]c(/C=C2\C(=O)Nc3ccccc32)c(C)c1CCCN1CCN(C)CC1,6.522878745280337
Cc1[nH]c(/C=C2\C(=O)Nc3ccc(F)cc32)c(C)c1C(=O)NCCN1CCOCC1,7.045757490560675
COc1ccc(-c2cn(-c3ccccc3)c3ncnc(N)c23)cc1,6.698970004336019
CCN(CC)CCNC(=O)c1c(C)[nH]c(/C=C2\C(=O)Nc3ccc(Cl)cc32)c1C,7.568636235841013
CCS(=O)(=O)c1ccc2c(c1)/C(=C/c1[nH]c3c(c1CCCN(C)C)CCCC3)C(=O)N2,5.568636235841013
Nc1ncnc2c1c(-c1cccc(Cl)c1)cn2-c1ccccc1,6.0
Cc1cc(C)c(/C=C2\C(=O)Nc3ccccc32)[nH]1,5.910094888560602
Cc1[nH]c(/C=C2\C(=O)Nc3ccc(F)cc32)c(C)c1C(=O)NCCn1cncn1,7.070581074285707
CNS(=O)(=O)c1ccc2c(c1)/C(=C/c1[nH]c3c(c1CCCN1CCN(CC(=O)O)CC1)CCCC3)C(=O)N2,6.3979400086720375
CCOC(=O)c1ccc(-c2cn(-c3ccccc3)c3ncnc(N)c23)cc1,5.958607314841775
CCN(CC)CCNC(=O)c1c(C)[nH]c(/C=C2\C(=O)Nc3ccc(Br)cc32)c1C,7.494850021680094
Cc1[nH]c(/C=C2\C(=O)Nc3ccc(F)cc32)c(C)c1C(=O)NCCN1CCCC1,7.221848749616356
CNS(=O)(=O)c1ccc2c(c1)/C(=C/c1[nH]c3c(c1CCCN1CCC(O)CC1)CCCC3)C(=O)N2,5.1487416512809245
COc1cccc(-c2cn(-c3ccccc3)c3ncnc(N)c23)c1,6.0
COc1cccc(-c2cn(-c3ccc(CCN(C)CCO)cc3)c3ncnc(N)c23)c1,6.0
CNS(=O)(=O)c1ccc2c(c1)/C(=C/c1[nH]c3c(c1CCCN1CCOCC1)CCCC3)C(=O)N2,5.638272163982407
CCS(=O)(=O)c1ccc2c(c1)/C(=C/c1[nH]c3c(c1CCCN1CCN(CC(=O)O)CC1)CCCC3)C(=O)N2,6.096910013008056
CCS(=O)(=O)c1ccc2c(c1)/C(=C/c1[nH]c3c(c1CCCN1CCN(CCO)CC1)CCCC3)C(=O)N2,6.3979400086720375
COc1cccc(-c2cn(-c3ccc(CC(=O)NCCO)cc3)c3ncnc(N)c23)c1,6.0
CNS(=O)(=O)c1ccc2c(c1)/C(=C/c1[nH]c3c(c1CCCN(C)C)CCCC3)C(=O)N2,5.958607314841775
CCS(=O)(=O)c1ccc2c(c1)/C(=C/c1[nH]c3c(c1CCCN1CCN(C)CC1)CCCC3)C(=O)N2,5.585026652029182
Cc1[nH]c(/C=C2\C(=O)Nc3ccc(F)cc32)c(C)c1C(=O)NCC1CCN(C)CC1,7.6020599913279625
COc1cccc(-c2cn(-c3cccc(CO)c3)c3ncnc(N)c23)c1,6.0
COc1cccc(-c2cn(-c3ccc(CNCCO)cc3)c3ncnc(N)c23)c1,6.0
Cc1[nH]c(/C=C2\C(=O)Nc3ccc(F)cc32)c(C)c1C(=O)NCCN(C)C,7.096910013008056
CNS(=O)(=O)c1ccc2c(c1)/C(=C/c1[nH]c3c(c1CN1CCOCC1)CCCC3)C(=O)N2,7.221848749616356
CCN(CC)CCNC(=O)c1c(C)[nH]c(/C=C2\C(=O)Nc3ccccc32)c1C,7.301029995663981
CCS(=O)(=O)c1ccc2c(c1)/C(=C/c1[nH]c3c(c1CCCN1CCC(O)CC1)CCCC3)C(=O)N2,6.301029995663981
Nc1ncnc2c1c(-c1ccccc1)cn2-c1ccccc1,6.301029995663981
CCS(=O)(=O)c1ccc2c(c1)/C(=C/c1[nH]c3c(c1CN1CCOCC1)CCCC3)C(=O)N2,7.0
O=C(Cc1ccc2ccccc2c1)Nc1cc(C2CC2)n[nH]1,5.0
CCN(CC)CCNC(=O)c1c(C)[nH]c(/C=C2\C(=O)Nc3ccc(F)cc32)c1C,7.096910013008056
CCS(=O)(=O)c1ccc2c(c1)/C(=C/c1[nH]c3c(c1CCC(N)=O)CCCC3)C(=O)N2,6.522878745280337
c1cc(-c2cnn3cc(-c4ccc(OCCN5CCOCC5)cc4)cnc23)cs1,8.397940008672037
c1ccc(-c2cnn3cc(-c4ccc(OCCN5CCOCC5)cc4)cnc23)cc1,8.045757490560675
c1cc(OCCN2CCOCC2)cc(-c2cnc3c(-c4ccsc4)cnn3c2)c1,7.853871964321762
CN[C@@H]1C[C@H]2O[C@@](C)([C@@H]1OC)n1c3ccccc3c3c4c(c5c6ccccc6n2c5c31)C(=O)NC4,7.853871964321762
COc1ccc(-c2cnc3c(-c4ccsc4)cnn3c2)cc1,7.721246399047171
CN(C)CCCOc1ccc(-c2cnc3c(-c4ccsc4)cnn3c2)cc1,8.0
c1cncc(-c2cnn3cc(-c4ccc(OCCN5CCCCC5)cc4)cnc23)c1,7.698970004336019
CN1CCN(CCCn2ccc(-c3cnc4c(-c5ccccc5)cnn4c3)cc2=O)CC1,7.886056647693163
CCN1CCOCCn2cc(c3ccccc32)C2=C(C(=O)NC2=O)c2cn(c3ccccc23)CCOCC1,5.85078088734462
c1cc(-c2cnn3cc(-c4ccc(OCCN5CCCCC5)cc4)cnc23)cs1,8.522878745280337
O=c1cc(-c2cnc3c(-c4ccccc4)cnn3c2)ccn1CCCN1CCCCC1,7.853871964321762
COc1ccc(-c2cnc3c(-c4ccncc4)cnn3c2)cc1,7.431798275933005
COCCN(CCOc1ccc(-c2cnc3c(-c4ccsc4)cnn3c2)cc1)Cc1ccccc1,7.721246399047171
c1cc(-c2cnn3cc(-c4ccc(OCCN5CCOCC5)cc4)cnc23)ccn1,7.958607314841775
CN1CCN(CCCn2ccc(-c3cnc4c(-c5ccsc5)cnn4c3)cc2=O)CC1,8.154901959985743
c1cc(-c2cnc3c(-c4ccncc4)cnn3c2)ccn1,6.649751981665837
COc1ccc(-c2cnc3c(-c4ccccc4)cnn3c2)cc1,7.1487416512809245
c1ccc(-c2ccn3c(-c4nccs4)cnc3c2)cc1,7.376750709602099
CS(=O)(=O)N1CCN(Cc2ccc(-c3ccn4c(-c5ccccc5)cnc4c3)cc2)CC1,7.886056647693163
CS(=O)(=O)N1CCN(Cc2ccc(-c3ccn4c(-c5ccccc5)cnc4c3)cc2)CC1,6.958607314841775
NC(=O)N1CCN(Cc2ccc(-c3ccn4c(-c5ccccc5)cnc4c3)cc2)CC1,7.161150909262744
CNC(=O)N1CCN(Cc2ccc(-c3ccn4c(-c5ccccc5)cnc4c3)cc2)CC1,7.2839966563652006
CNC(=O)N1CCN(Cc2ccc(-c3ccn4c(-c5ccccc5)cnc4c3)cc2)CC1,6.3872161432802645
c1ccc(-c2ccn3c(-c4cnsc4)cnc3c2)cc1,7.301029995663981
COc1ccc(-c2ccc3c(c2)ncn3-c2ccccc2)cc1,6.94692155651658
c1ccc(-c2ccn3c(-c4ccncc4)cnc3c2)cc1,6.838631997765025
c1ccc(-c2ccn3c(-c4ccccc4)cnc3c2)cc1,7.008773924307505
c1ccc(-c2ccn3c(-c4cccnc4)cnc3c2)cc1,6.031517051446065
O=c1cc(-c2ccn3c(-c4ccccc4)cnc3c2)ccn1CCCO,6.920818753952375
COc1ccc(-c2cnc3cc(-c4ccccc4)ccn23)cn1,5.546681659952962
COc1cccc(-c2cnc3cc(-c4ccccc4)ccn23)n1,6.616184634019569
CC(=O)N1CCN(Cc2ccc(-c3ccn4c(-c5ccccc5)cnc4c3)cc2)CC1,7.113509274827518
CC(=O)N1CCN(Cc2ccc(-c3ccn4c(-c5ccccc5)cnc4c3)cc2)CC1,6.522878745280337
COCCN(C)CCCn1ccc(-c2ccn3c(-c4ccccc4)cnc3c2)cc1=O,7.017728766960431
O=c1cc(-c2ccn3c(-c4ccccc4)cnc3c2)ccn1CCCN1CCCCC1,7.552841968657781
O=c1cc(-c2ccn3c(-c4ccccc4)cnc3c2)ccn1CCCN1CCCCC1,7.292429823902063
c1ccc(-c2ccn3c(-c4cncs4)cnc3c2)cc1,7.00436480540245
CN(C)CC1CCCN(CCCn2ccc(-c3ccn4c(-c5ccccc5)cnc4c3)cc2=O)C1,7.173925197299173
CN(C)CC1CCCN(CCCn2ccc(-c3ccn4c(-c5ccccc5)cnc4c3)cc2=O)C1,6.552841968657781
COc1cc2c(N3CCN(C(=O)Nc4ccc(OC(C)C)cc4)CC3)ncnc2cc1OCCCN1CCCCC1,4.522878745280337
COc1cc2c(N3CCN(C(=O)Nc4ccc(OC(C)C)cc4)CC3)ncnc2cc1OCCCN1CCOCC1,4.522878745280337
CN[C@@H]1C[C@H]2O[C@@](C)([C@@H]1OC)n1c3ccccc3c3c4c(c5c6ccccc6n2c5c31)C(=O)NC4,7.096910013008056
COc1cc(-c2nn([C@H]3CC[C@H](N4CCN(C)CC4)CC3)c3ncnc(N)c23)ccc1NC(=O)CCc1ccccc1,4.301029995663981
COc1cc(-c2nn([C@H]3CC[C@H](N4CCN(C)CC4)CC3)c3ncnc(N)c23)ccc1NC(=O)c1cc2ccccc2o1,4.301029995663981
COc1cc(-c2nn([C@H]3CC[C@H](N4CCN(C)CC4)CC3)c3ncnc(N)c23)ccc1NC(=O)OCc1ccccc1,4.468521082957745
COc1cc(-c2nn([C@H]3CC[C@H](N4CCN(C)CC4)CC3)c3ncnc(N)c23)ccc1NC(=O)c1cc2ccccc2n1C,4.301029995663981
COc1cc(-c2nn([C@H]3CC[C@H](N4CCN(C)CC4)CC3)c3ncnc(N)c23)ccc1NC(=O)c1ccccc1,4.301029995663981
Cc1ccc2c(c1)c1c3c(c4c(c1n2CCCO)Cc1ccccc1-4)C(=O)NC3,6.787812395596042
O=C1NCc2c1c1c(c3c2c2ccccc2n3CCCO)Cc2ccccc2-1,7.318758762624412
CC[C@H](C)OCc1ccc2c(c1)c1c3c(c4c(c1n2CCCO)Cc1ccccc1-4)C(=O)NC3,7.721246399047171
CC(C)SCc1ccc2c(c1)c1c3c(c4c(c1n2CCCO)Cc1ccccc1-4)C(=O)NC3,7.2441251443275085
CC(C)OCc1ccc2[nH]c3c4c(c5c(c3c2c1)CNC5=O)-c1ccccc1C4,7.259637310505756
CC(C)OCc1ccc2c(c1)c1c3c(c4c(c1n2CCCOC(=O)CN(C)C)Cc1ccccc1-4)C(=O)NC3,7.7447274948966935
O=C1NCc2c3c(c4[nH]c5ccccc5c4c21)Cc1ccccc1-3,6.382999658879101
CC(=O)c1ccc2c(c1)c1c3c(c4c(c1n2CCCO)Cc1ccccc1-4)C(=O)NC3,6.728158393463501
CC(C)[S+]([O-])Cc1ccc2c(c1)c1c3c(c4c(c1n2CCCO)Cc1ccccc1-4)C(=O)NC3,6.510041520575165
O=C1NCc2c1c1c(c3c2c2ccccc2n3CCO)Cc2ccccc2-1,6.97061622231479
CC(C)OCc1ccc2c(c1)c1c3c(c4c(c1n2CCCO)Cc1ccccc1-4)C(=O)NC3,8.096910013008056
CCSCc1ccc2c(c1)c1c3c(c4c(c1n2CCCO)Cc1ccccc1-4)C(=O)NC3,7.6777807052660805
CCOC(C)c1ccc2c(c1)c1c3c(c4c(c1n2CCCO)Cc1ccccc1-4)C(=O)NC3,7.080921907623926
CCCCOC(C)c1ccc2c(c1)c1c3c(c4c(c1n2CCCO)Cc1ccccc1-4)C(=O)NC3,6.886056647693163
CC(C)CCOCc1ccc2c(c1)c1c3c(c4c(c1n2CCCO)Cc1ccccc1-4)C(=O)NC3,6.559090917934782
O=C1NCc2c1c1c(c3c2c2cc(CO)ccc2n3CCCO)Cc2ccccc2-1,6.681936665037238
COC(C)c1ccc2c(c1)c1c3c(c4c(c1n2CCCO)Cc1ccccc1-4)C(=O)NC3,7.136677139879544
CCOC(C)c1ccc2c(c1)c1c3c(c4c(c1n2CCCO)Cc1ccccc1-4)C(=O)NC3,6.619788758288394
CCOCc1ccc2c(c1)c1c3c(c4c(c1n2CCCO)Cc1ccccc1-4)C(=O)NC3,8.397940008672037
CCC(CC)OCc1ccc2c(c1)c1c3c(c4c(c1n2CCCO)Cc1ccccc1-4)C(=O)NC3,7.455931955649724
CCC(C)OCc1ccc2c(c1)c1c3c(c4c(c1n2CCCO)Cc1ccccc1-4)C(=O)NC3,7.920818753952375
CCOC(C)c1ccc2c(c1)c1c3c(c4c(c1n2CCCO)Cc1ccccc1-4)C(=O)NC3,7.187086643357144
O=C1NCc2c1c1c(c3[nH]c4ccccc4c23)Cc2ccccc2-1,6.958607314841775
CC(O)c1ccc2c(c1)c1c3c(c4c(c1n2CCCO)Cc1ccccc1-4)C(=O)NC3,6.954677021213342
O=C1NCc2c1c1c(c3c2c2cc(Br)ccc2n3CCCO)Cc2ccccc2-1,6.982966660701219
COCc1ccc2c(c1)c1c3c(c4c(c1n2CCCO)Cc1ccccc1-4)C(=O)NC3,7.769551078621726
CC(C)OC(C)c1ccc2c(c1)c1c3c(c4c(c1n2CCCO)Cc1ccccc1-4)C(=O)NC3,6.386158178123931
CCCOCc1ccc2c(c1)c1c3c(c4c(c1n2CCCO)Cc1ccccc1-4)C(=O)NC3,7.886056647693163
CC[C@@H](C)OCc1ccc2c(c1)c1c3c(c4c(c1n2CCCO)Cc1ccccc1-4)C(=O)NC3,7.920818753952375
CCCCOCc1ccc2c(c1)c1c3c(c4c(c1n2CCCO)Cc1ccccc1-4)C(=O)NC3,7.7447274948966935
O=Cc1ccc2c(c1)c1c3c(c4c(c1n2CCCO)Cc1ccccc1-4)C(=O)NC3,6.978810700930062
CC(C)(C)OCc1ccc2c(c1)c1c3c(c4c(c1n2CCCO)Cc1ccccc1-4)C(=O)NC3,7.958607314841775
O=C(Nc1ccc(Cl)cc1)c1ccccc1NCc1ccncc1,7.698970004336019
Clc1ccc(Nc2nnc(Cc3ccncc3)c3ccccc23)cc1,7.431798275933005
O=C(Nc1ccccc1F)c1ccccc1NCc1ccc(F)cc1,5.431798275933005
COCCOc1cc2nccc(Nc3ccc(Cl)cc3F)c2cc1OC,8.0
COc1cc2ncnc(N3CCN(C(=O)Nc4ccc([N+](=O)[O-])cc4)CC3)c2cc1OC,4.0
COc1cc2ncnc(Nc3cccc(O)c3)c2cc1OC,7.301029995663981
COc1cc2c(Nc3ccc(Cl)cc3F)ncnc2cc1OCc1ccncc1,7.221848749616356
COc1cc2c(Nc3ccc(Cl)cc3F)ncnc2cc1OCCN(C)c1ccncc1,8.221848749616356
COCCOc1cc2ncnc(Nc3ccc(Cl)cc3F)c2cc1OC,8.154901959985743
COc1cc2ncnc(Nc3ccc(Cl)cc3F)c2cc1OC,7.0
COc1cc2ncnc(N3CCN(C(=O)Nc4ccc(Br)cc4)CC3)c2cc1OC,4.0
COCCOc1cc2ncnc(Nc3ccc(Cl)cc3F)c2cc1OCCOC,7.221848749616356
COc1cc2ncnc(Nc3ccccc3F)c2cc1OC,5.568636235841013
COCC(=O)Nc1cc2ncnc(Nc3cc(O)c(C)cc3F)c2cc1OC,6.522878745280337
COCCOc1cc2ncnc(Nc3cc(O)c(Cl)cc3F)c2cc1OC,8.698970004336019
COCC(=O)Nc1cc2ncnc(Nc3ccc(Cl)cc3F)c2cc1OC,4.0
COc1cc2c(Nc3ccc(Br)cc3F)ncnc2cc1OCCn1ccnn1,7.522878745280337
COc1cc2ncnc(Nc3ccc(F)cc3F)c2cc1OC,5.5376020021010435
COCCOc1ccc2c(Nc3ccc(Cl)cc3F)ncnc2c1,6.823908740944319
COc1cc2c(Nc3c(F)cc(Br)cc3F)ncnc2cc1OCCn1ccnn1,7.3979400086720375
COc1cc2c(Nc3ccc(Cl)cc3F)ncnc2cc1OC1CCN(C)CC1,5.823908740944319
COc1cc2c(Nc3ccc(Cl)cc3F)ncnc2cc1OCCOCCN1CCOCC1,7.221848749616356
COCCOc1cc2ncnc(Nc3cccc(O)c3)c2cc1OC,8.301029995663981
COCCOc1cc2nccc(Nc3cc(O)c(Cl)cc3F)c2cc1OC,8.698970004336019
COCCOc1cc2nncc(Nc3cc(O)c(Cl)cc3F)c2cc1OC,8.397940008672037
COc1cc2c(Nc3ccc(Cl)cc3F)ncnc2cc1OCCn1ccnc1,7.3979400086720375
COCCOc1cc2nncc(Nc3ccc(Cl)cc3F)c2cc1OC,5.958607314841775
COc1cc2ncnc(N3CCN(C(=O)Nc4ccc(C#N)cc4)CC3)c2cc1OC,4.0
COc1cc2ncnc(Nc3ccc(Cl)cc3)c2cc1OC,6.096910013008056
COc1cc2c(Nc3ccc(Cl)cc3F)ncnc2cc1OCCN1CCOCC1,7.3979400086720375
COc1cc2c(Nc3ccc(Cl)cc3F)ncnc2cc1OCCn1ccnn1,8.0
COc1cc2c(Nc3ccc(C#N)cc3F)ncnc2cc1OCCn1ccnn1,6.522878745280337
COc1cc2ncnc(Nc3ccc(F)c(Cl)c3)c2cc1OC,6.096910013008056
COc1cc2c(Nc3ccc(Cl)cc3F)ncnc2cc1OCCn1cncn1,7.0
COc1cc2ncnc(Nc3cc(O)c(C)cc3F)c2cc1OC,8.522878745280337
COc1cc2c(Nc3ccc(Cl)cc3F)ncnc2cc1OCCN1CCCC1,7.3979400086720375
COc1cc2c(Nc3ccc(Cl)cc3F)ncnc2cc1OCc1ccsc1,8.096910013008056
COc1cc2c(Nc3ccc(Cl)cc3F)ncnc2cc1OCCCCN1CCOCC1,7.3979400086720375
COc1cc2c(Nc3ccc(Cl)cc3F)ncnc2cc1OCCCN1CCOCC1,8.045757490560675
Clc1ccc(Oc2nnc(Cc3ccncc3)c3ccccc23)cc1,5.795880017344075
Clc1ccc(Nc2nnc(NCc3ccncc3)c3ccccc23)cc1,5.327902142064283
Clc1ccc(Nc2nnc(Cc3ccncc3)c3c2CCCC3)cc1,5.0
COc1cc2c(Nc3c(Cl)ccc4c3OCO4)ncnc2cc1OCCCN1CCOCC1,4.768785352037399
COc1cc2c(Nc3cccc4occc34)ncnc2cc1OCCCN1CCOCC1,6.6020599913279625
COc1cc2c(Nc3c(Cl)ccc4c3OCO4)ncnc2cc1OCc1ccnc(C#N)c1,4.113509274827518
COc1cc2c(Nc3c(Br)ccc4c3OCO4)ncnc2cc1OCCCN1CCOCC1,4.370182803981484
Cc1cc(C)c(/C=C2\C(=O)Nc3ccccc32)[nH]1,6.698970004336019
COc1cc2c(Nc3c(Cl)ccc4ccoc34)ncnc2cc1OCCCN1CCOCC1,5.860120913598763
Clc1ccc2c(c1Nc1ncnc3cc(OCCCN4CCOCC4)ccc13)OCO2,4.0392914483114435
Cc1cccc(Nc2nnc(Cc3ccncc3)c3ccccc23)c1,7.096910013008056
COc1cc2c(Nc3cccc4c(Cl)coc34)ncnc2cc1OCCCN1CCOCC1,7.0
COc1cc2c(Nc3cccc4c(Cl)c[nH]c34)ncnc2cc1OCCCN1CCOCC1,5.634512015109101
COc1cc2ncnc(Nc3c(Cl)ccc4c3OCO4)c2cc1OCCCN1CCOCC1,4.131825959140362
O=C(Nc1cccc(C(F)(F)F)c1)c1ccccc1NCc1ccncc1,7.638272163982407
O=C(Nc1cccc(C(F)(F)F)c1)c1ccccc1NCc1ccncc1,8.906578314837764
COc1cc2c(Nc3c(Cl)ccc4c3OCO4)ncnc2cc1OCCCN1CCCCC1,5.663540266151471
Clc1ccc(Sc2nnc(Cc3ccncc3)c3ccccc23)cc1,5.886056647693163
COc1cc2c(Nc3cccc4ccoc34)ncnc2cc1OCCCN1CCOCC1,6.3872161432802645
FC(F)(F)c1cc(Nc2nnc(Cc3ccncc3)c3ccccc23)ccc1Cl,6.522878745280337
COc1cc2c(Nc3c(Cl)ccc4occc34)ncnc2cc1OCCCN1CCOCC1,5.910094888560602
COc1cc2c(Nc3cccc4c3OCO4)ncnc2cc1OCCCN1CCOCC1,5.304518323509803
Clc1ccc(Nc2nnc(Cc3ccncc3)c3ccncc23)cc1,5.853871964321762
c1ccc(-c2ccc(Nc3nnc(Cc4ccncc4)c4ccccc34)cc2)cc1,6.698970004336019
Cc1c(Cc2ccncc2)nnc(Nc2ccc(Cl)cc2)c1C,6.060480747381382
COc1cc(Nc2nnc(Cc3ccncc3)c3ccccc23)ccc1Cl,6.853871964321762
Clc1ccc(Nc2nnc(Cc3ccccn3)c3ccccc23)cc1,5.0
CC(c1ccncc1)c1nnc(Nc2ccc(Cl)cc2)c2ccccc12,6.6777807052660805
Nc1ccc2c(Cc3ccncc3)nnc(Nc3ccc(Cl)cc3)c2c1,5.769551078621726
Oc1cccc(Nc2nnc(Cc3ccncc3)c3ccccc23)c1,6.173925197299173
COc1ccc(Cl)c(Nc2ncnc3cc(OCCCN4CCOCC4)c(OC)cc23)c1,5.928117992693875
Clc1ccc(Nc2nnc(Cc3ccncc3)c3ccccc23)cc1.O=C(O)CCC(=O)O,7.431798275933005
CN(c1ccc(Cl)cc1)c1nnc(Cc2ccncc2)c2ccccc12,5.455931955649724
Cc1cc(Cc2nnc(Nc3ccc(Cl)cc3)c3ccccc23)cc(C)n1,5.0
c1ccc(Nc2nnc(Cc3ccncc3)c3ccccc23)cc1,6.022276394711152
Clc1ccc(Nc2nnc(Cc3ccncn3)c3ccccc23)cc1,6.3872161432802645
FC(F)(F)c1cc(Br)cc(Nc2nnc(Cc3ccncc3)c3ccccc23)c1,6.42021640338319
Fc1cc(Nc2nnc(Cc3ccncc3)c3ccccc23)cc(C(F)(F)F)c1,6.698970004336019
Clc1ccc(Nc2nnc(Cc3ccncc3)c3ccccc23)cc1Cl,7.522878745280337
COc1ccc(Cl)c(Nc2ncnc3cc(OCN4CCN(C)CC4)c(OC)cc23)c1,6.173925197299173
COc1cc2c(Nc3cccc4c3ccn4C)ncnc2cc1OCCCN1CCOCC1,6.376750709602099
Clc1ccc(Nc2nnc(Cc3ccncc3)c3cnccc23)cc1,6.214670164989233
COc1cccc(Nc2ncnc3cc(OCCCN4CCOCC4)c(OC)cc23)c1,5.954677021213342
COc1cc2c(Nc3c(F)ccc4c3OCO4)ncnc2cc1OCCCN1CCOCC1,5.088309841246139
Cc1ccc2c(Cc3ccncc3)nnc(Nc3ccc(Cl)cc3)c2c1,5.327902142064283
Clc1ccc(Nc2nnc(Cc3ccncc3)c3cccnc23)cc1,5.0
CC(C)(C)c1ccc(Nc2nnc(Cc3ccncc3)c3ccccc23)cc1,6.6777807052660805
COc1cc2/c(=N/c3ccc(Br)cc3F)nc[nH]c2cc1OCC1CCN(C)CC1,7.769551078621726
COc1cc2/c(=N/c3ccc(Br)cc3F)nc[nH]c2cc1OCC1CCN(C)CC1,5.5730010412434625
COc1cc2/c(=N/c3ccc(Br)cc3F)nc[nH]c2cc1OCC1CCN(C)CC1,7.3979400086720375
Cc1cc(C)c(/C=C2\C(=O)Nc3ccccc32)[nH]1,6.657577319177793
Cc1cc(C)c(/C=C2\C(=O)Nc3ccccc32)[nH]1,6.053547734986927
Cc1cc(C)c(/C=C2\C(=O)Nc3ccccc32)[nH]1,5.886056647693163
COc1cc2c(Nc3c(Cl)ccc4c3OCO4)ncnc2cc1OCC1CCN(C)CC1,4.806875401645539
Clc1ccc(Nc2nnc(Cc3ccncc3)c3ncccc23)cc1,6.886056647693163
Cc1cc(C)cc(Nc2nnc(Cc3ccncc3)c3ccccc23)c1,7.3979400086720375
Clc1ccc(Nc2nnc(Cc3cccnc3)c3ccccc23)cc1,5.0
Clc1ccc(Nc2nnc(Cc3ccncc3)c3ccccc23)cc1.O=C(O)CCC(=O)O,7.376750709602099
Clc1ccc(Nc2nnc(Cc3ccncc3)c3ccccc23)cc1.O=C(O)CCC(=O)O,7.795880017344075
Cc1cc(Cc2nnc(Nc3ccc(Cl)cc3)c3ccccc23)ccn1,6.619788758288394
COc1cccc(Nc2nnc(Cc3ccncc3)c3ccccc23)c1,6.619788758288394
O=C(Nc1cccc(-c2cncc3ccccc23)c1)c1ccccc1NCc1ccncc1,8.045757490560675
O=C(Nc1cccc(-c2cncc3ccccc23)c1)c1ccccc1NCc1ccncc1,8.935542010773082
c1ccc2c(c1)c(-c1cncc(-c3ccsc3)c1)cn2CCN1CCCCC1,6.954677021213342
CN1CCN([C@H]2CC[C@H](n3cc(-c4ccc(Oc5ccccc5)cc4)c4c(N)ncnc43)CC2)CC1,4.968995718636463
CN(C)CCn1cc(-c2cncc(-c3ccsc3)c2)c2ccccc21,6.939302159646388
CC(CN(C)C)Cn1cc(-c2cncc(-c3ccsc3)c2)c2ccccc21,7.337242168318426
C[C@H](Nc1cc(-c2sc(C3CCN(C)CC3)nc2-c2ccc(F)cc2)ccn1)c1ccccc1,5.769551078621726
CC(=O)Nc1oc(-c2cncc(-c3ccsc3)c2)nc1-c1ccccc1,6.730487055782084
CC(=O)Nc1oc(-c2cc3ccccc3cc2O)nc1-c1ccccc1,7.795880017344075
CN1CCN(c2ccc3c(n2)nc(-c2ccc(F)cc2)n3-c2ccnc(NC3CCCC3)n2)CC1,5.0
OC1(c2nc(-c3ccc(F)cc3)c(-c3ccnc(NC4CCCCC4)c3)o2)CCNCC1,5.853871964321762
CC(=O)Nc1oc(-c2cncc(-c3cccc(F)c3)c2)nc1-c1ccccc1,5.2441251443275085
COc1ccc(-c2cncc(-c3nc(-c4ccccc4)c(NC(C)=O)o3)c2)cc1,5.393618634889395
COc1cccc(-c2cncc(-c3nc(-c4ccccc4)c(NC(C)=O)o3)c2)c1,5.313363730737707
c1ccc2c(c1)c(-c1cncc(-c3ccsc3)c1)cn2CCN1CCOCC1,7.221848749616356
c1ccc2c(c1)c(-c1cncc(-c3ccsc3)c1)cn2CCCN1CCCCC1,7.42021640338319
CN(C)CCCn1cc(-c2cncc(-c3ccsc3)c2)c2ccccc21,7.1938200260161125
Nc1ncnc2c1c(-c1ccc(Oc3ccccc3)cc1)cn2C1CCCC1,5.35261702988538
CN1CCN([C@H]2CC[C@@H](n3cc(-c4ccc(Oc5ccccc5)cc4)c4c(N)ncnc43)CC2)CC1,5.924453038607469
CN1CCC(O)(c2cn(-c3ccnc(NC4CCCC4)n3)c(-c3cccc(C(F)(F)F)c3)n2)CC1,5.0
CC(=O)Nc1oc(-c2cncc(-c3ccccc3)c2)nc1-c1ccccc1,6.2403321553103694
CN1CCN(CCCn2cc(-c3cncc(-c4ccsc4)c3)c3ccccc32)CC1,7.795880017344075
CC(=O)Nc1oc(-c2cncc(-c3cccc(Cl)c3)c2)nc1-c1ccccc1,5.079876673709276
c1ccc2c(-c3cncc(-c4ccsc4)c3)c[nH]c2c1,6.899629454882437
COc1cc2ncnc(N3CCN(/C(S)=N\Cc4ccc5c(c4)OCO5)CC3)c2cc1OC,4.761953896871205
COc1cc2ncnc(N3CCN(/C(S)=N\Cc4ccccc4)CC3)c2cc1OC,4.0
OCCCNc1cncc(-c2cc(Nc3cccc(Cl)c3)ncn2)c1,5.0
OCCCNc1cncc(-c2cncc(Nc3cccc(Cl)c3)n2)c1,7.075720713938118
OCCCNc1cncc(-c2cnc(Nc3cccc(Cl)c3)cn2)c1,5.0
OCCCNc1cncc(-c2ncc(Nc3cccc(Cl)c3)cn2)c1,5.0
OCCCNc1ccc(-c2ncncc2Nc2cccc(Cl)c2)cn1,5.0
OCCCNc1cncc(-c2cncc(Nc3cccc(Cl)c3)n2)n1,6.303643611266668
OCCCNc1cccc(-c2cncc(Nc3cccc(Cl)c3)n2)n1,5.0
OCCCNc1cc(-c2cncc(Nc3cccc(Cl)c3)n2)ccn1,6.301029995663981
OCCCNc1cnccc1-c1cncc(Nc2cccc(Cl)c2)n1,6.118615343229427
OCCCNc1ccc(-c2cncc(Nc3cccc(Cl)c3)n2)nc1,5.0
OCCCNc1ncc(-c2cncc(Nc3cccc(Cl)c3)n2)s1,6.149966742310231
OCCCNc1ncc(-c2cncc(Nc3cccc(Cl)c3)n2)o1,5.675717544702307
CN(Cc1ccccc1)c1nc(O)nc(Nc2ccc3scnc3c2)n1,6.494850021680094
CN(Cc1ccccc1)c1nc(O)nc(Nc2ccc3scnc3c2)n1,5.619788758288394
CC(C)(Nc1nc(Cl)nc(Nc2ccc3ncsc3c2)n1)c1ccccc1,5.259637310505756
CC(C)(Nc1nc(Cl)nc(Nc2ccc3ncsc3c2)n1)c1ccccc1,5.966576244513051
CC(C)(Nc1nc(NO)nc(Nc2ccc3ncsc3c2)n1)c1ccccc1,7.3979400086720375
CC(C)(Nc1nc(NO)nc(Nc2ccc3ncsc3c2)n1)c1ccccc1,6.075720713938118
COc1nc(Nc2ccc3ncsc3c2)nc(NC(C)(C)c2ccccc2)n1,5.214670164989233
COc1nc(Nc2ccc3ncsc3c2)nc(NC(C)(C)c2ccccc2)n1,4.522878745280337
CC(C)(Nc1nc(O)nc(Nc2ccc3ncsc3c2)n1)c1ccccc1,7.455931955649724
CC(C)(Nc1nc(O)nc(Nc2ccc3ncsc3c2)n1)c1ccccc1,6.3979400086720375
Oc1nc(NCc2ccccc2)nc(Nc2ccc3ncsc3c2)n1,5.698970004336019
Oc1nc(NCc2ccccc2)nc(Nc2ccc3ncsc3c2)n1,4.522878745280337
CCN(Cc1ccccc1)c1nc(O)nc(Nc2ccc3ncsc3c2)n1,7.309803919971486
CCN(Cc1ccccc1)c1nc(O)nc(Nc2ccc3ncsc3c2)n1,6.221848749616356
CC(C)N(Cc1ccccc1)c1nc(O)nc(Nc2ccc3ncsc3c2)n1,7.7447274948966935
CC(C)N(Cc1ccccc1)c1nc(O)nc(Nc2ccc3ncsc3c2)n1,6.552841968657781
CN(c1ccc2ncsc2c1)c1nc(O)nc(NC(C)(C)c2ccccc2)n1,5.795880017344075
CN(c1ccc2ncsc2c1)c1nc(O)nc(NC(C)(C)c2ccccc2)n1,5.00436480540245
CC(C)(Nc1nc(O)nc(Nc2ccc3[nH]cnc3c2)n1)c1ccccc1,6.619788758288394
CC(C)(Nc1nc(O)nc(Nc2ccc3[nH]cnc3c2)n1)c1ccccc1,4.698970004336019
COc1ccc(Nc2ncc(-c3ccccc3)o2)cc1OC.Cl,6.853871964321762
COc1cc(Nc2ncc(-c3ccccc3)o2)cc(OC)c1,6.769551078621726
COc1cc(Nc2ncc(-c3ccccc3)o2)cc(OC)c1OC,7.0
CCN(CC)S(=O)(=O)c1ccc(OC)c(Nc2ncc(-c3ccccc3)o2)c1,7.638272163982407
CCS(=O)(=O)c1ccc(OC)c(Nc2ncc(-c3ccccc3)o2)c1,7.301029995663981
CCS(=O)(=O)c1ccc(OC)c(Nc2ncc(-c3ccccc3Cl)o2)c1,6.443697499232712
CCS(=O)(=O)c1ccc(OC)c(Nc2ncc(-c3cccc(Cl)c3)o2)c1,7.657577319177793
CCS(=O)(=O)c1ccc(OC)c(Nc2ncc(-c3cccc(C#N)c3)o2)c1,6.85078088734462
CCS(=O)(=O)c1ccc(OC)c(Nc2ncc(-c3cccc(OC)c3)o2)c1,6.443697499232712
CCS(=O)(=O)c1ccc(OC)c(Nc2ncc(-c3cccc(F)c3)o2)c1,7.031517051446065
COc1ccc(NC(=O)Nc2ccc(Oc3ccnc4cc(OC)c(OC)cc34)cc2)cc1,8.958607314841775
COc1ccc(NC(=O)Nc2ccc(Oc3ncnc4cc(OC)c(OC)cc34)cc2)cc1,8.657577319177793
COc1ccc(NC(=O)Nc2ccc(Sc3ccnc4cc(OC)c(OC)cc34)cc2)cc1,8.229147988357855
COc1ccc(NC(=O)Nc2ccc(Nc3ccnc4cc(OC)c(OC)cc34)cc2)cc1,7.0
COc1cc2nccc(Oc3ccc(NC(=O)Nc4ccc(F)cc4)cc3)c2cc1OC,9.397940008672037
COc1cc2nccc(Oc3ccc(N/C(S)=N/c4ccc(F)cc4)cc3)c2cc1OC,7.0
COc1cc2nccc(Oc3ccc(NC(NC#N)Nc4ccc(F)cc4)cc3)c2cc1OC,7.259637310505756
COc1cc2nccc(Oc3ccc(NC(=O)Nc4ccccc4)cc3)c2cc1OC,9.698970004336019
COc1ccccc1NC(=O)Nc1ccc(Oc2ccnc3cc(OC)c(OC)cc23)cc1,9.698970004336019
COc1cccc(NC(=O)Nc2ccc(Oc3ccnc4cc(OC)c(OC)cc34)cc2)c1,9.0
COc1cc2nccc(Oc3ccc(NC(=O)Nc4ccccc4C)cc3)c2cc1OC,8.638272163982407
COc1cc2nccc(Oc3ccc(NC(=O)Nc4cccc(C)c4)cc3)c2cc1OC,9.698970004336019
COc1cc2nccc(Oc3ccc(NC(=O)Nc4ccc(C)cc4)cc3)c2cc1OC,9.301029995663981
COc1cc2nccc(Oc3ccc(NC(=O)Nc4ccccc4[N+](=O)[O-])cc3)c2cc1OC,7.721246399047171
COc1cc2nccc(Oc3ccc(NC(=O)Nc4cccc([N+](=O)[O-])c4)cc3)c2cc1OC,8.958607314841775
COc1cc2nccc(Oc3ccc(NC(=O)Nc4ccc([N+](=O)[O-])cc4)cc3)c2cc1OC,8.2518119729938
COc1cc2nccc(Oc3ccc(NC(=O)Nc4ccccc4F)cc3)c2cc1OC,9.301029995663981
COc1cc2nccc(Oc3ccc(NC(=O)Nc4cccc(F)c4)cc3)c2cc1OC,8.920818753952375
COc1cc2nccc(Oc3ccc(NC(=O)Nc4cccc(Cl)c4)cc3)c2cc1OC,8.795880017344075
COc1cc2nccc(Oc3ccc(NC(=O)Nc4ccc(Cl)cc4)cc3)c2cc1OC,9.698970004336019
COc1cc2nccc(Oc3ccc(NC(=O)Nc4cccc(F)c4F)cc3)c2cc1OC,9.154901959985743
COc1cc2nccc(Oc3ccc(NC(=O)Nc4ccc(F)cc4F)cc3)c2cc1OC,9.154901959985743
COc1cc2nccc(Oc3ccc(NC(=O)Nc4cc(F)ccc4F)cc3)c2cc1OC,9.397940008672037
COc1cc2nccc(Oc3ccc(NC(=O)Nc4c(F)cccc4F)cc3)c2cc1OC,8.744727494896694
COc1cc2nccc(Oc3ccc(NC(=O)Nc4ccc(F)c(F)c4)cc3)c2cc1OC,8.958607314841775
COc1cc2nccc(Oc3ccc(NC(=O)Nc4cc(F)cc(F)c4)cc3)c2cc1OC,8.744727494896694
COc1cc2nccc(Oc3ccc(NC(=O)Nc4cccc(Cl)c4Cl)cc3)c2cc1OC,7.568636235841013
COc1cc2nccc(Oc3ccc(NC(=O)Nc4ccc(Cl)cc4Cl)cc3)c2cc1OC,8.2518119729938
COc1cc2nccc(Oc3ccc(NC(=O)Nc4cc(Cl)ccc4Cl)cc3)c2cc1OC,8.221848749616356
COc1cc2nccc(Oc3ccc(NC(=O)Nc4c(Cl)cccc4Cl)cc3)c2cc1OC,7.431798275933005
COc1cc2nccc(Oc3ccc(NC(=O)Nc4ccc(Cl)c(Cl)c4)cc3)c2cc1OC,8.431798275933005
COc1cc2nccc(Oc3ccc(NC(=O)Nc4cc(Cl)cc(Cl)c4)cc3)c2cc1OC,8.050609993355087
COc1cc2nccc(Oc3ccc(NC(=O)Nc4ccc(F)cc4F)c(F)c3)c2cc1OC,9.045757490560675
COc1cc2nccc(Oc3ccc(NC(=O)Nc4ccc(F)cc4F)c(F)c3)c2cc1OC,8.397940008672037
COc1cc2nccc(Oc3ccc(NC(=O)Nc4ccc(F)cc4F)c(Cl)c3)c2cc1OC,9.397940008672037
COc1cc2nccc(Oc3ccc(NC(=O)Nc4ccc(F)cc4F)cc3F)c2cc1OC,9.0
COc1cc2nccc(Oc3ccc(NC(=O)Nc4ccc(F)cc4F)cc3Cl)c2cc1OC,8.585026652029182
COC(=O)c1cn2ncnc(Nc3cccc(O)c3)c2c1C,7.214670164989233
COC(=O)c1cn2ncnc(Nc3ccc(C)c(O)c3)c2c1C,8.0
CCc1ccc(Nc2ncnn3cc(C(=O)OC)c(C)c23)cc1O,7.259637310505756
CCCc1ccc(Nc2ncnn3cc(C(=O)OC)c(C)c23)cc1O,6.721246399047171
COC(=O)c1cn2ncnc(Nc3ccc(C(C)C)c(O)c3)c2c1C,6.42021640338319
COC(=O)c1cn2ncnc(Nc3ccc(C(F)(F)F)c(O)c3)c2c1C,6.431798275933005
COC(=O)c1cn2ncnc(Nc3ccc(Br)c(O)c3)c2c1C,7.481486060122112
CCCc1c(C(=O)OCC)cn2ncnc(Nc3ccc(C)c(O)c3)c12,8.522878745280337
CCOC(=O)c1cn2ncnc(Nc3ccc(C)c(O)c3)c2c1OCC,7.1938200260161125
CCOC(=O)c1cn2ncnc(Nc3ccc(C)c(O)c3)c2c1C(C)C,7.853871964321762
COC(=O)c1cn2ncnc(Nc3ccc(C)c(O)c3)c2c1C(C)(C)C,6.508638306165727
Cc1ccc(Nc2ncnn3cc(C(=O)NCCCN4CCCC4)c(C)c23)cc1O,7.3979400086720375
CCCc1c(C(=O)NCCCN2CCCC2)cn2ncnc(Nc3ccc(C)c(O)c3)c12,7.045757490560675
Cc1ccc(Nc2ncnn3cc(C(=O)NCCCN4CCCC4)c(C(C)C)c23)cc1O,7.7447274948966935
COCCCNC(=O)c1cn2ncnc(Nc3ccc(C)c(O)c3)c2c1C,6.823908740944319
Cc1ccc(Nc2ncnn3cc(C(=O)NCCCn4nccn4)c(C)c23)cc1O,7.522878745280337
Cc1ccc(Nc2ncnn3cc(NC(=O)OCCCn4nccn4)c(C(C)C)c23)cc1O,8.154901959985743
Cc1ccc(Nc2ncnn3cc(NC(=O)OCCCN4CCCCC4)c(C(C)C)c23)cc1O,8.301029995663981
Cc1ccc(Nc2ncnn3cc(OCCCN4CCCCC4)c(C(C)C)c23)cc1O,8.397940008672037
Cc1ccc(Nc2ncnn3cc(C(=O)NCCCN4CCOCC4)c(C)c23)cc1O,7.2839966563652006
Cc1ccc(Nc2ncnn3cc(NC(=O)NCCCN4CCCCC4)c(C(C)C)c23)cc1O,8.301029995663981
CCCCCC(=O)Nc1ncnc2oc(-c3ccc(OC)cc3)cc12,4.318758762624412
COc1ccc(-c2cc3c(NC(=O)CCSC)ncnc3o2)cc1,4.327902142064283
COc1ccc(-c2cc3c(NC(=O)C(C)C)ncnc3o2)cc1,4.318758762624412
COc1ccc(-c2cc3c(NC(=O)C4CC4)ncnc3o2)cc1,5.449771646944906
COc1ccc(-c2cc3c(NC(=O)C4CCCC4)ncnc3o2)cc1,5.991399828238082
COc1ccc(-c2cc3c(NC(=O)CC4CCCC4)ncnc3o2)cc1,4.318758762624412
COc1ccc(-c2cc3c(NC(=O)C4CCCCC4)ncnc3o2)cc1,4.318758762624412
COc1ccc(-c2cc3c(NC(=O)N4CCOCC4)ncnc3o2)cc1,4.318758762624412
COc1ccc(-c2cc3c(NC(=O)N4CCCC4)ncnc3o2)cc1,4.910094888560602
COc1ccc(-c2cc3c(NC(=O)c4cccc(F)c4)ncnc3o2)cc1,4.6595558851598815
COc1ccc(-c2cc3c(NC(=O)c4ccco4)ncnc3o2)cc1,4.318758762624412
O=C(Nc1ncnc2oc(-c3ccccc3)cc12)C1CC1,6.080921907623926
O=C(Nc1ncnc2oc(-c3ccc(Cl)cc3)cc12)C1CC1,5.690369832574102
Cc1ccc(-c2cc3c(NC(=O)C4CC4)ncnc3o2)cc1,6.200659450546418
O=C(Nc1ncnc2oc(-c3ccc(F)cc3)cc12)C1CC1,5.690369832574102
O=C(Nc1ncnc2oc(-c3cccnc3)cc12)C1CC1,5.489454989793388
O=C(Nc1ncnc2oc(-c3ccccc3)cc12)C1CCCC1,4.638272163982407
O=C(Nc1ncnc2oc(-c3ccc(Cl)cc3)cc12)C1CCCC1,4.698970004336019
Cc1ccc(-c2cc3c(NC(=O)C4CCCC4)ncnc3o2)cc1,4.698970004336019
O=C(Nc1ncnc2oc(-c3ccc(F)cc3)cc12)C1CCCC1,4.721246399047171
O=C(Nc1ncnc2oc(-c3cccnc3)cc12)C1CCCC1,4.619788758288394
O=C(Nc1ccccc1)Nc1ccc(-c2cccc3c2CNC3=O)cc1,5.7447274948966935
O=C(Nc1ccccc1)Nc1ccc(-c2cccc3c2CNC3=O)cc1,5.7447274948966935
O=C(Nc1ccc(-c2cccc3c2CNC3=O)cc1)c1ccccc1,4.301029995663981
O=C1NCc2c1cccc2-c1ccc(NS(=O)(=O)c2ccccc2)cc1,4.301029995663981
Cc1cccc(NC(=O)Nc2ccc(-c3cccc4c3CNC4=O)cc2)c1,7.0
Cc1cccc(NC(=O)Nc2ccc(-c3cccc4c3CNC4=O)cc2)c1,7.008773924307505
Cc1cccc(NC(=O)N(C)c2ccc(-c3cccc4c3CNC4=O)cc2)c1,5.958607314841775
Cc1cccc(N(C)C(=O)Nc2ccc(-c3cccc4c3CNC4=O)cc2)c1,4.721246399047171
Cc1cccc(N/C(S)=N\c2ccc(-c3cccc4c3CNC4=O)cc2)c1,5.0
Cc1ccccc1NC(=O)Nc1ccc(-c2cccc3c2CNC3=O)cc1,5.356547323513812
Cc1ccc(NC(=O)Nc2ccc(-c3cccc4c3CNC4=O)cc2)cc1,6.366531544420414
O=C(Nc1ccc(-c2cccc3c2CNC3=O)cc1)Nc1cccc(C(F)(F)F)c1,8.154901959985743
O=C(Nc1ccc(-c2cccc3c2CNC3=O)cc1)Nc1ccc(C(F)(F)F)cc1,6.79317412396815
O=C(Nc1ccc(-c2cccc3c2CNC3=O)cc1)Nc1cccc(Cl)c1,7.337242168318426
CCc1cccc(NC(=O)Nc2ccc(-c3cccc4c3CNC4=O)cc2)c1,7.5376020021010435
O=C(Nc1ccc(-c2cccc3c2CNC3=O)cc1)Nc1cccc(F)c1,6.2839966563652006
COc1cccc(NC(=O)Nc2ccc(-c3cccc4c3CNC4=O)cc2)c1,6.2441251443275085
N#Cc1cccc(NC(=O)Nc2ccc(-c3cccc4c3CNC4=O)cc2)c1,6.431798275933005
Cc1ccc(NC(=O)Nc2ccc(-c3cccc4c3CNC4=O)cc2)cc1C,7.301029995663981
Cc1cc(C)cc(NC(=O)Nc2ccc(-c3cccc4c3CNC4=O)cc2)c1,7.080921907623926
O=C(Nc1ccc(-c2cccc3c2CNC3=O)cc1)Nc1ccc2c(c1)CCC2,7.4089353929735005
O=C(Nc1ccc(-c2cccc3c2CNC3=O)cc1)Nc1cc(C(F)(F)F)ccc1F,7.638272163982407
Cc1cccc(NC(=O)Nc2ccc(-c3cccc4c3CNC4=O)c(F)c2)c1,7.2839966563652006
Cc1cccc(NC(=O)Nc2ccc(-c3cccc4c3CNC4=O)cc2F)c1,7.356547323513812
Cc1cccc(NC(=O)Nc2ccc(-c3cccc4c3CNC4=O)c(C)c2)c1,6.113509274827518
Cc1cccc(NC(=O)Nc2ccc(-c3cccc4c3CNC4=O)cc2C)c1,7.721246399047171
Cc1cccc(NC(=O)Nc2ccc(-c3cccc4c3CNC4=O)c(C(F)(F)F)c2)c1,5.045757490560675
Cc1cccc(NC(=O)Nc2ccc(-c3cccc4c3CNC4=O)cc2C(F)(F)F)c1,7.468521082957745
Cc1cccc(NC(=O)Nc2ccc(-c3cccc4c3CNC4=O)c(Cl)c2)c1,7.1487416512809245
Cc1cccc(NC(=O)Nc2ccc(-c3cccc4c3CNC4=O)cc2Cl)c1,7.522878745280337
CCc1cc(-c2cccc3c2CNC3=O)ccc1NC(=O)Nc1cccc(C)c1,5.221848749616356
Cc1cccc(NC(=O)Nc2c(C)cc(-c3cccc4c3CNC4=O)cc2C)c1,4.301029995663981
Cc1cccc(NC(=O)Nc2ccc(-c3ccc(N)c4c3CNC4=O)cc2)c1,7.853871964321762
Cc1cccc(NC(=O)Cc2ccc(-c3cccc4c3CNC4=O)cc2)c1,5.6777807052660805
Cc1cccc(CC(=O)Nc2ccc(-c3cccc4c3CNC4=O)cc2)c1,4.301029995663981
CC(=O)Nc1ccc(-c2ccc(NC(=O)Nc3cccc(C)c3)cc2)c2c1C(=O)NC2,7.1938200260161125
Cc1cccc(NC(=O)Nc2ccc(-c3ccc(NC(=O)c4ccccc4)c4c3CNC4=O)cc2)c1,6.327902142064283
Cc1cccc(NC(=O)Nc2ccc(-c3ccc(NC(=O)c4cccnc4)c4c3CNC4=O)cc2)c1,8.0
Cc1cccc(NC(=O)Nc2ccc(-c3ccc(NC(=O)CN(C)C)c4c3CNC4=O)cc2)c1,6.455931955649724
COc1ccc(-c2ccc(NC(=O)Nc3cccc(C)c3)cc2)c2c1C(=O)NC2,7.6777807052660805
COCCOc1ccc(-c2ccc(NC(=O)Nc3cccc(C)c3)cc2)c2c1C(=O)NC2,6.899629454882437
COc1cc(-c2nn([C@H]3CC[C@H](N4CCN(C)CC4)CC3)c3ncnc(N)c23)ccc1NC(=O)Nc1ccccc1,6.580044251510242
COc1cc(-c2nn([C@H]3CC[C@H](N4CCN(C)CC4)CC3)c3ncnc(N)c23)ccc1NC(=O)c1ccccc1,7.301029995663981
CN[C@@H]1CC2O[C@@](C)([C@@H]1OC)n1c3ccccc3c3c4c(c5c6ccccc6n2c5c31)C(=O)NC4,6.939302159646388
CC(C)OCc1ccc2c(c1)c1c3c(c4c(c1n2CCCCC(=O)N(C)C)Cc1ccccc1-4)C(=O)NC3,7.7447274948966935
O=C1NN=C(c2cnccn2)/C1=C/c1cc2ccccc2[nH]1,4.397831448621003
O=C1NN=C(c2cnccn2)/C1=C/c1cc2ccccc2[nH]1,6.3872161432802645
Cn1cc(/C=C2\C(=O)NN=C2c2cnccn2)c2ccccc21,6.638272163982407
Cn1cc(/C=C2\C(=O)NN=C2c2cnccn2)c2ccccc21,7.0
Cc1c(/C=C2\C(=O)NN=C2c2cnccn2)[nH]c2ccccc12,6.853871964321762
Cc1c(/C=C2\C(=O)NN=C2c2cnccn2)[nH]c2ccccc12,7.221848749616356
O=C1NN=C(c2cnccn2)/C1=C/c1[nH]c2ccccc2c1-c1ccccc1,6.327902142064283
O=C1NN=C(c2cnccn2)/C1=C/c1[nH]c2ccccc2c1-c1ccccc1,7.698970004336019
CCN(CC)CCc1c(C)[nH]c(/C=C2\C(=O)NN=C2c2cnccn2)c1C,7.096910013008056
CCN(CC)CCc1c(C)[nH]c(/C=C2\C(=O)NN=C2c2cnccn2)c1C,6.6777807052660805
CCN(CC)CCc1c(C)[nH]c(/C=C2\C(=O)NN=C2C2CC2)c1C,6.075720713938118
CCN(CC)CCc1c(C)[nH]c(/C=C2\C(=O)NN=C2C2CC2)c1C,5.6020599913279625
O=C1Nc2ccccc2S/C1=C\c1c[nH]c2cc(OCCN3CCOCC3)ccc12,6.795880017344075
O=C1Nc2ccccc2S/C1=C\c1c[nH]c2cc(OCCN3CCOCC3)ccc12,6.5376020021010435
O=C1Nc2ccccc2S/C1=C\c1c[nH]c2c(C(=O)N3CCC(N4CCCCC4)CC3)cccc12,6.769551078621726
O=C1Nc2ccccc2S/C1=C\c1c[nH]c2c(C(=O)N3CCC(N4CCCCC4)CC3)cccc12,6.142667503568732
Cc1cc(Nc2ncc(C(=O)Nc3c(C)cccc3Cl)s2)nc(C)n1,5.0
CC(C)OC(=O)N1CCn2cc(C3=C(c4cnc5ccccn45)C(=O)NC3=O)c3cccc(c32)C1,4.698970004336019
O=C1NC(=O)C(c2cnc3ccccn23)=C1c1cn2c3c(cccc13)CN(C(=O)N1CCCCC1)CC2,4.698970004336019
Cc1cc2c3c(c1)c(C1=C(c4cnc5ccccn45)C(=O)NC1=O)cn3CCN(C(=O)N1CCCCC1)C2,4.698970004336019
O=C1NC(=O)C(c2cnc3ccccn23)=C1c1cn2c3c(cccc13)CN(C(=O)N1CCOCC1)CC2,4.698970004336019
CN(C)C(=O)N1CCn2cc(C3=C(c4cnc5ccccn45)C(=O)NC3=O)c3cccc(c32)C1,4.698970004336019
Fc1ccc(Nc2ncnn3cccc23)cc1Cl,5.0
Cc1ccn2ncnc(Nc3ccc(F)c(Cl)c3)c12,5.0
Cc1cc2c(Nc3ccc(F)c(Cl)c3)ncnn2c1,5.698970004336019
Cc1ccc2c(Nc3ccc(F)c(Cl)c3)ncnn12,5.698970004336019
Cc1ccc(Nc2ncnn3cccc23)cc1O,5.841637507904751
O=C1NC(=O)C(c2cnc3ccccn23)=C1c1cn2c3c(cc(F)cc13)CN(C(=O)N1CCCCC1)CC2,4.698970004336019
Cc1ccc(Nc2ncnn3ccc(C)c23)cc1O,7.221848749616356
Cc1cc2c(Nc3ccc(C)c(O)c3)ncnn2c1,6.3979400086720375
Cc1ccc(Nc2ncnn3c(C)ccc23)cc1O,5.0
Cc1ccc(Nc2ncnn3cc(C)c(C)c23)cc1O,7.698970004336019
CN(C)CCNC(=O)Nc1ccc(N(C)c2ccnc(Nc3ccc(CS(C)(=O)=O)cc3)n2)cc1,5.5066813917678985
CN(c1ccc(NC(=O)Nc2ccccc2)cc1)c1ccnc(Nc2cccc(CS(C)(=O)=O)c2)n1,7.7447274948966935
CN(c1ccc(NC(=O)Cc2ccccc2)cc1)c1ccnc(Nc2cccc(CS(C)(=O)=O)c2)n1,6.7544873321858505
CN(c1ccc(NC(=O)Oc2ccccc2)cc1)c1ccnc(Nc2cccc(CS(C)(=O)=O)c2)n1,7.022276394711152
CN(c1ccc(NC(=O)N2CCN(CCCN3CCOCC3)CC2)cc1)c1ccnc(Nc2ccc(CS(C)(=O)=O)cc2)n1,5.347753658996677
CN1CCN(Cc2ccc(NC(=O)Nc3ccc(N(C)c4ccnc(Nc5ccc(CS(C)(=O)=O)cc5)n4)cc3)cc2)CC1,8.397940008672037
CN1CCN(C(=O)c2ccc(NC(=O)Nc3ccc(N(C)c4ccnc(Nc5ccc(CS(C)(=O)=O)cc5)n4)cc3)cc2)CC1,6.823908740944319
CN(c1ccc(NC(=O)NCCN2CCOCC2)cc1)c1ccnc(Nc2ccc(CS(C)(=O)=O)cc2)n1,6.00436480540245
CN(c1ccc(N/C(S)=N/c2ccccc2)cc1)c1ccnc(Nc2cccc(CS(C)(=O)=O)c2)n1,6.931814138253839
CN(c1ccc(NS(=O)(=O)Cc2ccccc2)cc1)c1ccnc(Nc2cccc(CS(C)(=O)=O)c2)n1,6.570247719997592
CN(c1ccc(NC(=N)Nc2ccccc2)cc1)c1ccnc(Nc2cccc(CS(C)(=O)=O)c2)n1,6.489454989793388
CN(c1ccc(NC(=O)Nc2ccccc2)cc1)c1ccnc(Nc2cccc(S(N)(=O)=O)c2)n1,8.301029995663981
CN(c1ccc(NC(=O)Nc2cc(C(F)(F)F)ccc2F)cc1)c1ccnc(Nc2cccc(CS(C)(=O)=O)c2)n1,7.455931955649724
CN(c1ccc(NC(=O)Nc2cc(C(F)(F)F)ccc2F)cc1)c1ccnc(Nc2ccc(CS(C)(=O)=O)cc2)n1,8.698970004336019
CN(c1ccc(NC(=O)Nc2cc(C(F)(F)F)ccc2F)cc1)c1ccnc(Nc2cccc(S(N)(=O)=O)c2)n1,9.0
CN(c1ccc(NC(=O)Nc2cc(C(F)(F)F)ccc2F)cc1)c1ccnc(Nc2ccc(S(N)(=O)=O)cc2)n1,9.0
CC(=O)c1ccc(NC(=O)Nc2ccc(N(C)c3ccnc(Nc4cccc(CS(C)(=O)=O)c4)n3)cc2)cc1,8.522878745280337
CN(c1ccc(NC(=O)Nc2ccc(OC(F)(F)F)cc2)cc1)c1ccnc(Nc2cccc(CS(C)(=O)=O)c2)n1,8.221848749616356
CN(c1ccc(NC(=O)Nc2ccc(OC(F)(F)F)cc2)cc1)c1ccnc(Nc2cccc(S(N)(=O)=O)c2)n1,8.698970004336019
CN(c1ccc(NC(=O)Nc2ccc(OC(F)(F)F)cc2)cc1)c1ccnc(Nc2ccc(S(N)(=O)=O)cc2)n1,8.698970004336019
CCCCNC(=O)Nc1ccc(N(C)c2ccnc(Nc3cccc(CS(C)(=O)=O)c3)n2)cc1,7.5376020021010435
CN(c1ccc(NC(=O)NC2CCCC2)cc1)c1ccnc(Nc2cccc(CS(C)(=O)=O)c2)n1,7.508638306165727
CN(C)CCNC(=O)Nc1ccc(N(C)c2ccnc(Nc3cccc(CS(C)(=O)=O)c3)n2)cc1,6.166852888087215
CN(c1ccc(NC(=O)Nc2c(Cl)cccc2Cl)cc1)c1ccnc(Nc2cccc(CS(C)(=O)=O)c2)n1,7.187086643357144
CN(c1ccc(NC(=O)NCCc2ccccc2)cc1)c1ccnc(Nc2cccc(CS(C)(=O)=O)c2)n1,7.958607314841775
CCNC(=O)Nc1ccc(N(C)c2ccnc(Nc3cccc(CS(C)(=O)=O)c3)n2)cc1,7.769551078621726
CCNC(=O)Nc1ccc(N(C)c2ccnc(Nc3ccc(CS(C)(=O)=O)cc3)n2)cc1,7.585026652029182
Clc1cccc(Nc2cncc(-c3cncc(NCCCn4cccn4)c3)n2)c1,7.026872146400302
Clc1cccc(Nc2cncc(-c3cncc(NCCCn4cccn4)c3)n2)c1,7.029978734171634
Clc1cccc(Nc2cncc(-c3cncc(NCCCn4cncn4)c3)n2)c1,7.173925197299173
Clc1cccc(Nc2cncc(-c3cncc(NCCCn4cncn4)c3)n2)c1,7.169989064063882
Clc1cccc(Nc2cncc(-c3cncc(NCCCc4ccccc4)c3)n2)c1,5.642636969384857
Clc1cccc(Nc2cncc(-c3cncc(NCCCc4ccccc4)c3)n2)c1,5.639999555020352
Clc1cccc(Nc2cncc(-c3cncc(NCCOc4ccccc4)c3)n2)c1,5.0
O=C(O)CCCNc1cncc(-c2cncc(Nc3cccc(Cl)c3)n2)c1,6.245651664288981
O=C(O)CCCNc1cncc(-c2cncc(Nc3cccc(Cl)c3)n2)c1,6.2399999527072705
O=C(CCCNc1cncc(-c2cncc(Nc3cccc(Cl)c3)n2)c1)N1CCCCC1,6.214670164989233
O=C(CCCNc1cncc(-c2cncc(Nc3cccc(Cl)c3)n2)c1)N1CCCCC1,6.209996479609511
OCCCNc1cnc(F)c(-c2cncc(Nc3cccc(Cl)c3)n2)c1,6.600326278518962
OCCCNc1cnc(F)c(-c2cncc(Nc3cccc(Cl)c3)n2)c1,6.599997654072044
OCCCNc1cnc(Cl)c(-c2cncc(Nc3cccc(Cl)c3)n2)c1,5.0
Nc1ncc(NCCCO)cc1-c1cncc(Nc2cccc(Cl)c2)n1,5.866461091629782
Nc1ncc(NCCCO)cc1-c1cncc(Nc2cccc(Cl)c2)n1,5.8700009280425745
Nc1cncc(-c2cncc(Nc3cccc(Cl)c3)n2)c1,5.795880017344075
Nc1cncc(-c2cncc(Nc3cccc(Cl)c3)n2)c1,5.940001369850308
O=C(NCCCO)c1cncc(-c2cncc(Nc3cccc(Cl)c3)n2)c1,5.623423042943488
O=C(NCCCO)c1cncc(-c2cncc(Nc3cccc(Cl)c3)n2)c1,5.620000528471499
OCCCNc1cncc(-c2cncc(Nc3cccc(Cl)c3)n2)c1,7.075720713938118
OCCCNc1cncc(-c2cncc(Nc3cccc(Cl)c3)n2)c1,7.079981083971085
OCCCNc1cncc(-c2cncc(Nc3cccc(F)c3)n2)c1,6.774690718274137
OCCCNc1cncc(-c2cncc(Nc3cccc(F)c3)n2)c1,6.770011163455189
COc1cccc(Nc2cncc(-c3cncc(NCCCO)c3)n2)c1,6.130768280269024
COc1cccc(Nc2cncc(-c3cncc(NCCCO)c3)n2)c1,6.130000141365475
OCCCNc1cncc(-c2cncc(Nc3ccccc3Cl)n2)c1,5.995678626217358
OCCCNc1cncc(-c2cncc(Nc3ccccc3Cl)n2)c1,6.0
Clc1cccc(Nc2cncc(-c3cncc(NCCCc4ccncc4)c3)n2)c1,7.119186407719209
Clc1cccc(Nc2cncc(-c3cncc(NCCCc4ccncc4)c3)n2)c1,7.119987161633229
Clc1ccc(Nc2cncc(-c3cncc(NCCCc4ccncc4)c3)n2)cc1,6.0
Clc1ccc(Nc2cncc(-c3cncc(NCCCc4ccncc4)c3)n2)cc1,6.0
Clc1ccc(Nc2cncc(-c3cncc(NCCCc4ccncc4)c3)n2)cc1Cl,6.723538195826756
Clc1ccc(Nc2cncc(-c3cncc(NCCCc4ccncc4)c3)n2)cc1Cl,6.719991046891814
OCCCNc1cncc(-c2cncc(NCc3ccccc3)n2)c1,5.978810700930062
OCCCNc1cncc(-c2cncc(NCc3ccccc3)n2)c1,5.979999397807417
OCCCNc1cncc(-c2cncc(Oc3cccc(Cl)c3)n2)c1,5.0
OCCNc1cncc(-c2cncc(Nc3cccc(Cl)c3)n2)c1,6.560667306169737
OCCNc1cncc(-c2cncc(Nc3cccc(Cl)c3)n2)c1,6.560004526046192
OCCCCNc1cncc(-c2cncc(Nc3cccc(Cl)c3)n2)c1,7.200659450546418
OCCCCNc1cncc(-c2cncc(Nc3cccc(Cl)c3)n2)c1,7.199970640755866
CN(C)CCCNc1cncc(-c2cncc(Nc3cccc(Cl)c3)n2)c1,6.8696662315049934
CN(C)CCCNc1cncc(-c2cncc(Nc3cccc(Cl)c3)n2)c1,6.869988050328096
CN(C)CCNc1cncc(-c2cncc(Nc3cccc(Cl)c3)n2)c1,6.978810700930062
CN(C)CCNc1cncc(-c2cncc(Nc3cccc(Cl)c3)n2)c1,6.980011840408714
CN(C)CCNC(=O)c1cncc(-c2cncc(Nc3cccc(Cl)c3)n2)c1,5.366531544420414
CN(C)CCNC(=O)c1cncc(-c2cncc(Nc3cccc(Cl)c3)n2)c1,5.369999510099088
O=C(CO)Nc1cncc(-c2cncc(Nc3cccc(Cl)c3)n2)c1,6.460923901207224
O=C(CO)Nc1cncc(-c2cncc(Nc3cccc(Cl)c3)n2)c1,6.519993057042849
COCC(=O)Nc1cncc(-c2cncc(Nc3cccc(Cl)c3)n2)c1,6.518557371497695
COCC(=O)Nc1cncc(-c2cncc(Nc3cccc(Cl)c3)n2)c1,6.519993057042849
COCCC(=O)Nc1cncc(-c2cncc(Nc3cccc(Cl)c3)n2)c1,6.226945306635737
COCCC(=O)Nc1cncc(-c2cncc(Nc3cccc(Cl)c3)n2)c1,6.23000269597146
O=C(COCc1ccccc1)Nc1cncc(-c2cncc(Nc3cccc(Cl)c3)n2)c1,5.0
O=C(COc1ccccc1)Nc1cncc(-c2cncc(Nc3cccc(Cl)c3)n2)c1,5.0
CN(C)c1ccc(C(=O)Nc2cncc(-c3cncc(Nc4cccc(Cl)c4)n3)c2)cc1,5.0
Clc1cccc(Nc2cncc(-c3cncc(NCCCN4CCNCC4)c3)n2)c1,6.627087997029894
Clc1cccc(Nc2cncc(-c3cncc(NCCCN4CCNCC4)c3)n2)c1,6.630005338391572
CN1CCN(CCCNc2cncc(-c3cncc(Nc4cccc(Cl)c4)n3)c2)CC1,6.910094888560602
CN1CCN(CCCNc2cncc(-c3cncc(Nc4cccc(Cl)c4)n3)c2)CC1,6.909988975992853
Clc1cccc(Nc2cncc(-c3cncc(NCCCN4CCOCC4)c3)n2)c1,6.7447274948966935
Clc1cccc(Nc2cncc(-c3cncc(NCCCN4CCOCC4)c3)n2)c1,6.740000204918113
Clc1cccc(Nc2cncc(-c3cncc(NCCCN4CCCCC4)c3)n2)c1,6.399027104313252
Clc1cccc(Nc2cncc(-c3cncc(NCCCN4CCCCC4)c3)n2)c1,6.399996913372259
Clc1cccc(Nc2cncc(-c3cncc(NCC4CCOCC4)c3)n2)c1,6.407823242604133
Clc1cccc(Nc2cncc(-c3cncc(NCC4CCOCC4)c3)n2)c1,6.409994580348671
Clc1cccc(Nc2cncc(-c3cncc(NCCCCc4ccncc4)c3)n2)c1,6.575118363368933
Clc1cccc(Nc2cncc(-c3cncc(NCCCCc4ccncc4)c3)n2)c1,6.579994715040948
Clc1cccc(Nc2cncc(-c3cncc(NCCCc4cccnc4)c3)n2)c1,7.119186407719209
Clc1cccc(Nc2cncc(-c3cncc(NCCCc4cccnc4)c3)n2)c1,7.119987161633229
Cc1ccc(F)c(C(=O)n2nc(Nc3ccc(S(N)(=O)=O)cc3)nc2C)c1F,6.292429823902063
Cc1ccsc1C(=O)n1nc(Nc2ccc(S(N)(=O)=O)cc2)nc1N,7.292429823902063
Nc1nc(Nc2ccc(S(N)(=O)=O)cc2)nn1C(=S)Nc1c(F)cccc1F,7.494850021680094
Nc1nc(Nc2ccc(S(N)(=O)=O)cc2)nn1C(=O)c1c(F)cccc1F,6.886056647693163
COc1cc(OC)cc(-c2cc3cnc(NCCCCO)cc3nc2NC(=O)NC(C)(C)C)c1,8.096910013008056
COc1cc(OC)cc(-c2cc3cnc(NCCCCCO)cc3nc2NC(=O)NC(C)(C)C)c1,8.221848749616356
COc1cc(OC)cc(C2Cc3cnc(N(CCCOCc4ccccc4)C(C)=O)cc3N=C2NC(=O)NC(C)(C)C)c1,4.823908740944319
COc1cc(OC)cc(C2Cc3cnc(N(CCCCOCc4ccccc4)C(C)=O)cc3N=C2NC(=O)NC(C)(C)C)c1,5.853871964321762
COc1cc(OC)cc(C2Cc3cnc(N(CCCCCOCc4ccccc4)C(C)=O)cc3N=C2NC(=O)NC(C)(C)C)c1,4.259637310505756
COc1cc(OC)cc(C2Cc3cnc(N(CCCO)C(C)=O)cc3N=C2NC(=O)NC(C)(C)C)c1,5.180456064458132
COc1cc(OC)cc(C2Cc3cnc(N(CCCCO)C(C)=O)cc3N=C2NC(=O)NC(C)(C)C)c1,5.0
COc1cc(OC)cc(C2Cc3cnc(N(CCCCCO)C(C)=O)cc3N=C2NC(=O)NC(C)(C)C)c1,4.698970004336019
CCNC(=O)Nc1nc2nc(NCCCN3CCN(C)CC3)ncc2cc1-c1cc(OC)cc(OC)c1,7.2076083105017466
COc1cc(OC)cc(-c2cc3cnc(NCCCN4CCN(C)CC4)nc3nc2NC(=O)NC(C)(C)C)c1,7.6777807052660805
CCNC(=O)Nc1nc2nc(NCCCCN(CC)CC)ncc2cc1-c1cc(OC)cc(OC)c1,6.721246399047171
CCN(CC)CCCCNc1ncc2cc(-c3cc(OC)cc(OC)c3)c(NC(=O)NC(C)(C)C)nc2n1,6.920818753952375
COc1cc(OC)cc(-c2cc3cnc(NCCCO)nc3nc2NC(=O)NC(C)(C)C)c1,7.1487416512809245
COc1cc(OC)cc(-c2cc3cnc(NCCCN4CCOCC4)cc3nc2NC(=O)NC(C)(C)C)c1,8.045757490560675
COc1cc(OC)cc(-c2cc3cnc(NCCCN4CCN(C)CC4)cc3nc2N)c1,6.7447274948966935
CCNC(=O)Nc1nc2cc(NCCCN3CCN(C)CC3)ncc2cc1-c1cc(OC)cc(OC)c1,7.292429823902063
COc1cc(OC)cc(-c2cc3cnc(NCCCN4CCN(C)CC4)cc3nc2NC(=O)NC(C)(C)C)c1,8.301029995663981
CCN(CC)CCCNc1cc2nc(NC(=O)NC(C)(C)C)c(-c3cc(OC)cc(OC)c3)cc2cn1,7.823908740944319
COc1cc(OC)cc(-c2cc3cnc(NCCCCN4CCOCC4)cc3nc2NC(=O)NC(C)(C)C)c1,8.221848749616356
OCCCNc1cncc(-c2ncnc(Nc3cccc(Cl)c3)n2)c1,5.696803942579511
OCCCNc1cncc(-c2ncnc(Nc3ccc4c(c3)OCCO4)n2)c1,5.382999658879101
OCCCNc1cncc(-c2ncnc(Nc3ccc(N4CCOCC4)cc3)n2)c1,5.298432014944073
OCCCNc1cc(-c2ncnc(Nc3cccc(Cl)c3)n2)ccn1,5.455931955649724
COc1cc(OC)cc(-c2cc3cnc(NCCCCN4CCN(C)CC4)cc3nc2NC(=O)NC(C)(C)C)c1,8.522878745280337
CCN(CC)CCCCNc1cc2nc(N)c(-c3cc(OC)cc(OC)c3)cc2cn1,6.657577319177793
CCNC(=O)Nc1nc2cc(NCCCCN(CC)CC)ncc2cc1-c1cc(OC)cc(OC)c1,7.337242168318426
OCCCNc1cncc(-c2ncnc(Nc3cccc(Cl)c3)n2)n1,5.0
Nc1nc(Nc2cccc(Cl)c2)nc(-c2ccnc(NCCCO)c2)n1,5.97183558057553
CCN(CC)CCCCNc1cc2nc(NC(=O)NC(C)(C)C)c(-c3cc(OC)cc(OC)c3)cc2cn1,8.221848749616356
COc1cc(OC)cc(-c2cc3cnc(NCCCCCN4CCOCC4)cc3nc2NC(=O)NC(C)(C)C)c1,8.154901959985743
COc1cc(OC)cc(-c2cc3cnc(NCCCCCN4CCN(C)CC4)cc3nc2NC(=O)NC(C)(C)C)c1,8.096910013008056
CCN(CC)CCCCCNc1cc2nc(NC(=O)NC(C)(C)C)c(-c3cc(OC)cc(OC)c3)cc2cn1,8.397940008672037
CN1CCN(CCCNc2cc3nc(N)c(-c4ccccc4)cc3cn2)CC1,5.5376020021010435
CN1CCN(CCCNc2cc3nc(NC(=O)NC(C)(C)C)c(-c4ccccc4)cc3cn2)CC1,7.267606240177032
CN1CCN(CCCNc2cc3nc(NCCCN4CCN(C)CC4)c(-c4ccccc4)cc3cn2)CC1,5.060480747381382
CCN(CC)CCCCNc1cc2nc(N)c(-c3ccccc3)cc2cn1,5.443697499232712
CCN(CC)CCCCNc1cc2nc(NC(=O)NC(C)(C)C)c(-c3ccccc3)cc2cn1,6.7447274948966935
CN1CCN(CCCNc2cc3nc(N)c(-c4c(Cl)cccc4Cl)cc3cn2)CC1,5.7447274948966935
CCNC(=O)Nc1nc2cc(NCCCN3CCN(C)CC3)ncc2cc1-c1c(Cl)cccc1Cl,6.958607314841775
CN1CCN(CCCNc2cc3nc(NC(=O)NC(C)(C)C)c(-c4c(Cl)cccc4Cl)cc3cn2)CC1,7.853871964321762
CCN(CC)CCCCNc1cc2nc(N)c(-c3c(Cl)cccc3Cl)cc2cn1,5.920818753952375
CCNC(=O)Nc1nc2cc(NCCCCN(CC)CC)ncc2cc1-c1c(Cl)cccc1Cl,6.886056647693163
CCN(CC)CCCCNc1cc2nc(NC(=O)NC(C)(C)C)c(-c3c(Cl)cccc3Cl)cc2cn1,7.6020599913279625
COc1cc(OC)cc(-c2cc3cnc(N(CCCOCc4ccccc4)C(C)=O)cc3nc2NC(=O)NC(C)(C)C)c1,7.075720713938118
COc1cc(OC)cc(-c2cc3cnc(N(CCCCOCc4ccccc4)C(C)=O)cc3nc2NC(=O)NC(C)(C)C)c1,6.173925197299173
COc1cc(OC)cc(-c2cc3cnc(N(CCCO)C(C)=O)cc3nc2NC(=O)NC(C)(C)C)c1,5.721246399047171
COc1cc(OC)cc(-c2cc3cnc(N(CCCCO)C(C)=O)cc3nc2NC(=O)NC(C)(C)C)c1,4.886056647693163
COc1cc(OC)cc(-c2cc3cnc(N(CCCCCO)C(C)=O)cc3nc2NC(=O)NC(C)(C)C)c1,5.119186407719209
COc1cc(OC)cc(-c2cc3cnc(NCCCOc4ccccc4)cc3nc2NC(=O)NC(C)(C)C)c1,6.7447274948966935
COc1cc(OC)cc(-c2cc3cnc(NCCCCOc4ccccc4)cc3nc2NC(=O)NC(C)(C)C)c1,6.7447274948966935
COc1cc(OC)cc(-c2cc3cnc(NCCCCCOc4ccccc4)cc3nc2NC(=O)NC(C)(C)C)c1,7.017728766960431
COc1cc(OC)cc(-c2cc3cnc(NCCCO)cc3nc2NC(=O)NC(C)(C)C)c1,8.301029995663981
Cc1cc(C)c(/C=C2\C(=O)Nc3ccccc32)[nH]1,6.638272163982407
Cc1[nH]c(/C=C2\C(=O)Nc3ccccc32)c(C)c1Br,6.494850021680094
Cc1[nH]c(/C=C2\C(=O)Nc3ccccc32)c(C)c1Cl,6.0
Cc1cc(C)c(/C=C2\C(=O)N(O)c3ccccc32)[nH]1,6.301029995663981
CC(=O)ON1C(=O)/C(=C\c2[nH]c(C)cc2C)c2ccccc21,6.3979400086720375
CCOC(=O)c1cc(C)c(/C=C2\C(=O)Nc3ccccc32)[nH]1,5.096910013008056
Cc1cc(CO)[nH]c1/C=C1\C(=O)Nc2ccccc21,6.494850021680094
Cc1cc(C(=O)O)[nH]c1/C=C1\C(=O)Nc2ccccc21,5.0
Cc1cc(C)c(/C=C2\C(=O)Nc3ccc(O)cc32)[nH]1,7.0
Cc1cc(C(=O)NCCO)[nH]c1/C=C1\C(=O)Nc2ccccc21,5.0
O=C1Nc2ccccc2/C1=C/c1ccc[nH]1,6.853871964321762
Clc1ccc(Nc2nnc(Cc3ccncc3)c3ccccc23)cc1,7.200659450546418
COC(=O)[C@@]1(O)C[C@H]2O[C@]1(C)n1c3ccccc3c3c4c(c5c6ccccc6n2c5c31)C(=O)NC4,7.366531544420414
COC(=O)[C@]1(O)C[C@H]2O[C@]1(C)n1c3ccccc3c3c4c(c5c6ccccc6n2c5c31)C(=O)NC4,7.721246399047171
CC1(C)O[C@@H](n2c3ccccc3c3c4c(c5c6ccccc6[nH]c5c32)CNC4=O)C[C@]1(O)CO,7.187086643357144
CC1(C)O[C@@H](n2c3ccccc3c3c4c(c5c6ccccc6[nH]c5c32)CNC4=O)C[C@@]1(O)CO,8.397940008672037
C[C@@]1(O)C[C@H]2O[C@]1(C)n1c3ccccc3c3c4c(c5c6ccccc6n2c5c31)C(=O)NC4,7.119186407719209
C[C@]1(O)C[C@H]2O[C@]1(C)n1c3ccccc3c3c4c(c5c6ccccc6n2c5c31)C(=O)NC4,7.958607314841775
C[C@]12O[C@H](C[C@@]1(O)C(N)=O)n1c3ccccc3c3c4c(c5c6ccccc6n2c5c31)CNC4=O,7.045757490560675
CCOC(=O)c1cn2ncnc(Oc3cccc(C(=O)NOC)c3)c2c1C(C)C,6.568636235841013
CCOC(=O)c1cn2ncnc(Nc3cccc(C(=O)NOC)c3)c2c1C(C)C,6.886056647693163
CCOC(=O)c1cn2ncnc(Nc3ccc(C)c(C(=O)NOC)c3)c2c1C(C)C,6.920818753952375
CCOC(=O)c1cn2ncnc(Nc3ccc(Br)c(C(=O)NOC)c3)c2c1C(C)C,6.568636235841013
CCOC(=O)c1cn2ncnc(Nc3ccc(F)c(C(=O)NOC)c3)c2c1C(C)C,7.102372908709558
CCOC(=O)c1cn2ncnc(Nc3cc(C(=O)NOC)ccc3F)c2c1C(C)C,7.468521082957745
CCOC(=O)c1cn2ncnc(Nc3cc(C(=O)NOC)c(F)cc3F)c2c1C(C)C,7.886056647693163
CCONC(=O)c1cc(Nc2ncnn3cc(C(=O)OCC)c(C(C)C)c23)c(F)cc1F,7.3979400086720375
CCOC(=O)c1cn2ncnc(Nc3cc(C(=O)NOC(C)C)c(F)cc3F)c2c1C(C)C,6.455931955649724
CCOC(=O)c1cn2ncnc(Nc3cc(C(=O)NOCC(C)C)c(F)cc3F)c2c1C(C)C,5.920818753952375
CCOC(=O)c1cn2ncnc(Nc3cc(C(=O)NOCC4CC4)c(F)cc3F)c2c1C(C)C,6.721246399047171
CCOC(=O)Nc1cn2ncnc(Nc3cc(C(=O)NOC)c(F)cc3F)c2c1C(C)C,7.180456064458132
CONC(=O)c1cc(Nc2ncnn3cc(NC(=O)OCc4ccccc4)c(C(C)C)c23)c(F)cc1F,6.7447274948966935
CONC(=O)c1cc(Nc2ncnn3cc(NC(=O)OCCCN4CCCCC4)c(C(C)C)c23)c(F)cc1F,7.102372908709558
CONC(=O)c1cc(Nc2ncnn3cc(NC(=O)OCCCS(C)(=O)=O)c(C(C)C)c23)c(F)cc1F,7.2076083105017466
CONC(=O)c1cc(Nc2ncnn3cc(NC(=O)OCCCS(C)(=O)=O)c(C(C)C)c23)c(F)cc1F,10.207608310501746
CONC(=O)c1cc(Nc2ncnn3cc(NC(=O)OCCCS(C)(=O)=O)c(C(C)C)c23)c(F)cc1F,5.823908740944319
CONC(=O)c1cc(Nc2ncnn3cc(NC(=O)OCC4CCCO4)c(C(C)C)c23)c(F)cc1F,7.236572006437063
CONC(=O)c1cc(Nc2ncnn3cc(NC(=O)OCC4CCCO4)c(C(C)C)c23)c(F)cc1F,6.568636235841013
CONC(=O)c1cc(Nc2ncnn3cc(NC(=O)OC4CCN(C)CC4)c(C(C)C)c23)c(F)cc1F,7.443697499232712
CONC(=O)c1cc(Nc2ncnn3cc(-c4ncc(C)o4)c(C(C)C)c23)c(F)cc1F,8.096910013008056
CONC(=O)c1cc(Nc2ncnn3cc(-c4nc(C)no4)c(C(C)C)c23)c(F)cc1F,7.309803919971486
CONC(=O)c1cc(Nc2ncnn3cc(-c4noc(C)n4)c(C(C)C)c23)c(F)cc1F,6.958607314841775
CONC(=O)c1cc(Nc2ncnn3cc(-c4nnc(C)o4)c(C(C)C)c23)c(F)cc1F,7.7447274948966935
CONC(=O)c1cc(Nc2ncnn3cc(-c4nnc(C)o4)c(C(C)C)c23)c(F)cc1F,7.0655015487564325
CONC(=O)c1cc(Nc2ncnn3cc(-c4nnco4)c(C(C)C)c23)c(F)cc1F,7.113509274827518
CCc1nnc(-c2cn3ncnc(Nc4cc(C(=O)NOC)c(F)cc4F)c3c2C(C)C)o1,7.769551078621726
CONC(=O)c1cc(Nc2ncnn3cc(-c4nnc(C(C)C)o4)c(C(C)C)c23)c(F)cc1F,7.657577319177793
CONC(=O)c1cc(Nc2ncnn3cc(-c4nnc(CC(C)C)o4)c(C(C)C)c23)c(F)cc1F,7.638272163982407
CONC(=O)c1cc(Nc2ncnn3cc(-c4nnc(C5CC5)o4)c(C(C)C)c23)c(F)cc1F,7.958607314841775
CONC(=O)c1cc(Nc2ncnn3cc(-c4nnc(CC5CC5)o4)c(C(C)C)c23)c(F)cc1F,7.769551078621726
CONC(=O)c1cc(Nc2ncnn3cc(-c4nnc(C(F)F)o4)c(C(C)C)c23)c(F)cc1F,7.2441251443275085
CONC(=O)c1cc(Nc2ncnn3cc(-c4nnc(C(F)F)o4)c(C(C)C)c23)c(F)cc1F,6.075720713938118
CONC(=O)c1cc(Nc2ncnn3cc(-c4nnc(C(F)(F)F)o4)c(C(C)C)c23)c(F)cc1F,7.119186407719209
CONC(=O)c1cc(Nc2ncnn3cc(-c4nnc(CC(F)(F)F)o4)c(C(C)C)c23)c(F)cc1F,7.5376020021010435
CONC(=O)c1cc(Nc2ncnn3cc(-c4nnc(N(C)C)o4)c(C(C)C)c23)c(F)cc1F,7.958607314841775
CONC(=O)c1cc(Nc2ncnn3cc(-c4nnc(CN(C)C)o4)c(C(C)C)c23)c(F)cc1F,7.180456064458132
CONC(=O)c1cc(Nc2ncnn3cc(-c4nnc(CS(C)(=O)=O)o4)c(C(C)C)c23)c(F)cc1F,7.795880017344075
CONC(=O)c1cc(Nc2ncnn3cc(-c4nnc(C(F)(F)S(C)(=O)=O)o4)c(C(C)C)c23)c(F)cc1F,7.275724130399211
CONC(=O)c1cc(Nc2ncnn3cc(-c4nnc(C(F)(F)S(C)(=O)=O)o4)c(C(C)C)c23)c(F)cc1F,6.376750709602099
CONC(=O)c1cc(Nc2ncnn3cc(-c4n[nH]c(C)n4)c(C(C)C)c23)c(F)cc1F,7.1487416512809245
COc1cc(OC)cc(-c2cc3cnc(N(CCCCCOCc4ccccc4)C(C)=O)cc3nc2NC(=O)NC(C)(C)C)c1,6.187086643357144
Clc1ccc(Nc2nnc(Cc3ccncc3)c3ccccc23)cc1,6.795880017344075
COc1cc2/c(=N/c3ccc(Br)cc3F)nc[nH]c2cc1OCC1CCN(C)CC1,8.045757490560675
c1ccc(Nc2ncc(-c3ccccc3)o2)cc1,5.920818753952375
N#Cc1ccccc1Nc1ncc(-c2ccccc2)o1,6.060480747381382
COc1ccccc1Nc1ncc(-c2ccccc2)o1.Cl,6.42021640338319
Cl.N#Cc1cccc(Nc2ncc(-c3ccccc3)o2)c1,6.031517051446065
c1ccc(Oc2cccc(Nc3ncc(-c4ccccc4)o3)c2)cc1,5.85078088734462
OCc1cccc(Nc2ncc(-c3ccccc3)o2)c1,6.301029995663981
CCS(=O)(=O)c1cccc(Nc2ncc(-c3ccccc3)o2)c1,6.142667503568732
Cc1cccc(Nc2ncc(-c3ccccc3)o2)c1,6.060480747381382
NS(=O)(=O)c1ccc(Nc2ncc(-c3ccccc3)o2)cc1,6.301029995663981
c1ccc(Oc2ccc(Nc3ncc(-c4ccccc4)o3)cc2)cc1,5.0
CCS(=O)(=O)c1ccc(OC)c(Nc2ncc(-c3ccc(OC)cc3)o2)c1,7.060480747381382
CCS(=O)(=O)c1ccc(OC)c(Nc2ncc(-c3ccc(Cl)cc3)o2)c1,7.0915149811213505
CCS(=O)(=O)c1ccc(OC)c(Nc2ncc(-c3ccc(F)cc3)o2)c1,7.102372908709558
CCS(=O)(=O)c1ccc(OC)c(Nc2ncc(-c3ccc(C#N)cc3)o2)c1,7.292429823902063
CCS(=O)(=O)c1ccc(OC)c(Nc2ncc(-c3ccc(C(N)=O)cc3)o2)c1,7.7447274948966935
CCc1cccc(-c2cnc(Nc3cc(S(=O)(=O)CC)ccc3OC)o2)c1,7.5376020021010435
CCS(=O)(=O)c1ccc(OC)c(Nc2ncc(-c3cccc(C(C)=O)c3)o2)c1,7.040958607678906
CCS(=O)(=O)c1ccc(OC)c(Nc2ncc(-c3cccc(-c4cccs4)c3)o2)c1,7.795880017344075
CCS(=O)(=O)c1ccc(OC)c(Nc2ncc(-c3cccc(-c4ccsc4)c3)o2)c1,7.823908740944319
CCS(=O)(=O)c1ccc(OC)c(Nc2ncc(-c3cccc(-c4ccccn4)c3)o2)c1,7.657577319177793
CCS(=O)(=O)c1ccc(OC)c(Nc2ncc(-c3cccc(-c4cccnc4)c3)o2)c1,7.119186407719209
CCS(=O)(=O)c1ccc(OC)c(Nc2ncc(-c3cccc(-c4ccncc4)c3)o2)c1,7.107905397309519
CCS(=O)(=O)c1ccc(OC)c(Nc2ncc(-c3cccc(-c4cncn4C)c3)o2)c1,7.6020599913279625
CCS(=O)(=O)c1ccc(OC)c(Nc2ncc(-c3cccc(-c4ccccc4)c3)o2)c1,7.102372908709558
CCS(=O)(=O)c1ccc(OC)c(Nc2ncc(-c3cccc(-c4ccccc4F)c3)o2)c1,7.050609993355087
CCS(=O)(=O)c1ccc(OC)c(Nc2ncc(-c3cccc(-c4ccccc4Cl)c3)o2)c1,7.4089353929735005
COc1ccc(-c2oc3ncnc(N)c3c2-c2ccc(OC)cc2)cc1,5.950781977329818
COc1ccc(-c2coc3ncnc(N)c23)cc1,5.259637310505756
COc1ccc(-c2cc3c(N)ncnc3o2)cc1,4.769551078621726
COc1ccc(-c2c(-c3ccc(Cl)c(Cl)c3)oc3ncnc(N)c23)cc1,4.698970004336019
COc1ccc(-c2c(-c3cccc(C(N)=O)c3)oc3ncnc(N)c23)cc1,6.7447274948966935
COc1ccc(-c2c(-c3cccc(NS(C)(=O)=O)c3)oc3ncnc(N)c23)cc1,7.187086643357144
COc1ccc(-c2oc3ncnc(N)c3c2-c2ccc(N(C)C)cc2)cc1,6.455931955649724
CS(=O)(=O)Nc1cccc(-c2oc3ncnc(N)c3c2-c2ccc(-c3ccccc3)cc2)c1,7.443697499232712
COc1ccc(-c2oc3ncnc(N)c3c2-c2ccc(NC(=O)Nc3ccccc3)cc2)cc1,7.2076083105017466
COc1ccc(-c2oc3ncnc(N)c3c2-c2ccc(NC(=O)Nc3cc(C(F)(F)F)ccc3F)cc2)cc1,8.522878745280337
COc1ccc(-c2oc3ncnc(N)c3c2-c2ccc(NC(=O)NC3CCCCC3)cc2)cc1,6.730487055782084
COc1ccc(-c2oc3ncnc(N)c3c2-c2ccc(NC(N)=O)cc2)cc1,7.236572006437063
CN(C)S(=O)(=O)c1ccc(Nc2ccc(C(=O)c3c(F)cccc3F)c(N)n2)cc1,4.0
Nc1nc(Nc2ccc(S(N)(=O)=O)cc2)ccc1C(=O)c1c(F)cccc1F,4.0
CCCCOc1cc(Nc2ccc(S(N)(=O)=O)cc2)nc(N)c1C(=O)c1c(F)cccc1F,4.0
NC(=O)c1ccc(-c2nnc(Nc3ccc(OC(F)(F)Cl)cc3)c3ccccc23)cc1,6.721246399047171
CC(C)(C)c1cccc(Nc2nnc(-c3ccc(C(N)=O)cc3)c3ccccc23)c1,6.327902142064283
CC(C)(C)c1ccc(Nc2nnc(-c3ccc(C(N)=O)cc3)c3ccccc23)cc1,7.107905397309519
NC(=O)c1ccc(-c2nnc(Nc3ccc(Br)cc3)c3ccccc23)cc1,7.0
NC(=O)c1ccc(-c2nnc(Nc3ccc(Cl)c(Cl)c3)c3ccccc23)cc1,6.075720713938118
NC(=O)c1ccc(-c2nnc(Nc3cccc(Cl)c3)c3ccccc23)cc1,5.769551078621726
Cc1cccc(Nc2nnc(-c3ccc(C(N)=O)cc3)c3ccccc23)c1,5.795880017344075
NC(=O)c1ccc(-c2nnc(Nc3cccc(Br)c3)c3ccccc23)cc1,5.920818753952375
NC(=O)c1ccc(-c2nnc(Nc3ccc(Cl)cc3)c3ccccc23)cc1,5.886056647693163
Cc1ccc(Nc2nnc(-c3ccc(C(N)=O)cc3)c3ccccc23)cc1,5.7447274948966935
COc1ccc(Nc2nnc(-c3ccc(C(N)=O)cc3)c3ccccc23)cc1,5.698970004336019
COC(=O)c1ccc(Nc2nnc(-c3ccc(C(N)=O)cc3)c3ccccc23)cc1,5.568636235841013
NC(=O)c1ccc(-c2nnc(Nc3ccccc3)c3ccccc23)cc1,5.0
Cc1ccc(Nc2nnc(-c3ccc(C(N)=O)cc3)c3ccccc23)c(C)c1,5.161150909262744
NC(=O)c1ccc(Nc2nnc(-c3ccc(C(N)=O)cc3)c3ccccc23)cc1,5.0
NC(=O)c1ccc(-c2nnc(Nc3ccc(S(N)(=O)=O)cc3)c3ccccc23)cc1,5.0
NC(=O)c1ccc(-c2nnc(Nc3ccc(OCc4ccccc4)cc3)c3ccccc23)cc1,5.0
NC(=O)c1ccc(-c2nnc(N3CCOCC3)c3ccccc23)cc1,5.0
NC(=O)c1ccc(-c2nnc(N3CCCCC3)c3ccccc23)cc1,5.0
NC(=O)c1ccc(-c2nnc(Oc3ccc(OC(F)(F)F)cc3)c3ccccc23)cc1,5.0
NC(=O)c1ccc(-c2nnc(Sc3ccc(OC(F)(F)F)cc3)c3ccccc23)cc1,5.0
CC(C)(C)c1ccc(Nc2nnc(-c3cccc(C(N)=O)c3)c3ccccc23)cc1,6.3979400086720375
NC(=O)c1cccc(-c2nnc(Nc3ccc(OC(F)(F)Cl)cc3)c3ccccc23)c1,5.3872161432802645
CNC(=O)c1ccc(-c2nnc(Nc3ccc(C(C)(C)C)cc3)c3ccccc23)cc1,6.886056647693163
CNC(=O)c1ccc(-c2nnc(Nc3ccc(Cl)cc3)c3ccccc23)cc1,5.508638306165727
Cc1ccc(Nc2nnc(-c3ccc(C(=O)N(C)C)cc3)c3ccccc23)cc1,5.0
O=C(c1ccc(-c2nnc(Nc3ccc(OC(F)(F)Cl)cc3)c3ccccc23)cc1)N1CCOCC1,5.309803919971486
O=C(NCCO)c1ccc(-c2nnc(Nc3ccc(OC(F)(F)Cl)cc3)c3ccccc23)cc1,5.958607314841775
CC(C)(C)NC(=O)c1ccc(-c2nnc(Nc3ccc(OC(F)(F)Cl)cc3)c3ccccc23)cc1,5.0
CC(C)NC(=O)c1ccc(-c2nnc(Nc3ccc(OC(F)(F)Cl)cc3)c3ccccc23)cc1,5.0
COC(=O)c1ccc(-c2nnc(Nc3ccc(OC(F)(F)Cl)cc3)c3ccccc23)cc1,6.200659450546418
COC(=O)c1ccc(-c2nnc(Nc3ccc(Cl)cc3)c3ccccc23)cc1,6.443697499232712
Cc1ccc(-c2nnc(Nc3ccc(OC(F)(F)Cl)cc3)c3ccccc23)cc1S(N)(=O)=O,5.0
Cc1ccc(-c2nnc(Nc3ccc(OC(F)(F)Cl)cc3)c3ccccc23)cc1S(=O)(=O)NC(C)C,5.0
Cc1ccc(-c2nnc(Nc3ccc(OC(F)(F)Cl)cc3)c3ccccc23)cc1,5.0
Cc1ccc(-c2nnc(Nc3ccc(Cl)c(Cl)c3)c3ccccc23)cc1,5.0
Cc1ccc(-c2nnc(Nc3ccc(Cl)cc3)c3ccccc23)cc1,5.0
COc1ccc(-c2nnc(Nc3ccc(OC(F)(F)Cl)cc3)c3ccccc23)cc1,5.0
COc1ccc(-c2nnc(Nc3ccc(Cl)c(Cl)c3)c3ccccc23)cc1,5.0
COc1ccc(-c2nnc(Nc3ccc(Cl)cc3)c3ccccc23)cc1,5.0
CCOc1ccc(-c2nnc(Nc3ccc(OC)cc3)c3ccccc23)cc1,5.0
CCOc1ccc(-c2nnc(Nc3ccc(Cl)cc3)c3ccccc23)cc1,5.0
CCOc1ccc(-c2nnc(Nc3ccc(C)cc3)c3ccccc23)cc1,5.0
FC(F)(Cl)Oc1ccc(Nc2nnc(-c3ccc(Cl)cc3)c3ccccc23)cc1,5.0
FC(F)(Cl)Oc1ccc(Nc2nnc(-c3ccccc3)c3ccccc23)cc1,5.0
COc1ccc(Nc2nnc(-c3ccccc3)c3ccccc23)cc1,5.0
Cc1cc(N2CCOCC2)cc2[nH]c(-c3c(NC[C@@H](O)c4cccc(Cl)c4)cc[nH]c3=O)nc12,5.853871964321762
Cc1ccc(C(=O)Nc2ccon2)cc1Nc1ncnc(NC2CCCC2)c1C#N,4.522878745280337
Cc1sc2ncnc(N)c2c1-c1ccc(N)cc1,5.337242168318426
Cc1cccc(C(=O)Nc2ccc(-c3c(C)sc4ncnc(N)c34)cc2)c1,5.337242168318426
Cc1sc2ncnc(N)c2c1-c1ccc(NS(=O)(=O)c2ccccc2)cc1,4.301029995663981
Cc1sc2ncnc(N)c2c1-c1ccc(NC(=O)Nc2ccccc2)cc1,7.443697499232712
Cc1sc2ncnc(N)c2c1-c1ccc(NC(=O)Nc2ccccc2)cc1,8.0
Cc1cccc(NC(=O)Nc2ccc(-c3c(C)sc4ncnc(N)c34)cc2)c1,8.221848749616356
Cc1cccc(NC(=O)Nc2ccc(-c3c(C)sc4ncnc(N)c34)cc2)c1,8.0
Cc1cccc(NC(=O)c2ccc(-c3c(C)sc4ncnc(N)c34)cc2)c1,4.301029995663981
Cc1cccc(N/C(S)=N/c2ccc(-c3c(C)sc4ncnc(N)c34)cc2)c1,5.552841968657781
Cc1cccc(N/C(=N/c2ccc(-c3c(C)sc4ncnc(N)c34)cc2)NC#N)c1,5.958607314841775
Cc1sc2ncnc(N)c2c1-c1ccc(NC(=O)c2cc3ccccc3[nH]2)cc1,4.301029995663981
Cc1sc2ncnc(N)c2c1-c1ccc(Nc2nc3ccccc3o2)cc1,6.769551078621726
Cc1cccc(CC(=O)Nc2ccc(-c3c(C)sc4ncnc(N)c34)cc2)c1,6.119186407719209
Cc1cccc(NC(=O)N(C)c2ccc(-c3c(C)sc4ncnc(N)c34)cc2)c1,7.259637310505756
Cc1cccc(N(C)C(=O)Nc2ccc(-c3c(C)sc4ncnc(N)c34)cc2)c1,5.721246399047171
Cc1sc2ncnc(N)c2c1-c1ccc(NC(=O)NCc2ccccc2)cc1,6.481486060122113
Cc1sc2ncnc(N)c2c1-c1ccc(NC(=O)NCC2CCCCC2)cc1,6.102372908709558
CCc1sc2ncnc(N)c2c1-c1ccc(NC(=O)Nc2cccc(C)c2)cc1,7.585026652029182
CCc1sc2ncnc(N)c2c1-c1ccc(NC(=O)NC2CCCCC2)cc1,6.769551078621726
Cc1cccc(NC(=O)Nc2ccc(-c3csc4ncnc(N)c34)cc2)c1,8.522878745280337
Cc1cccc(NC(=O)Nc2ccc(-c3csc4ncnc(N)c34)cc2)c1,9.0
CCCCNC(=O)Nc1ccc(-c2csc3ncnc(N)c23)cc1,6.7447274948966935
CC(C)CNC(=O)Nc1ccc(-c2csc3ncnc(N)c23)cc1,5.769551078621726
Cc1ccccc1NC(=O)Nc1ccc(-c2c(C)sc3ncnc(N)c23)cc1,6.585026652029182
Cc1ccc(NC(=O)Nc2ccc(-c3c(C)sc4ncnc(N)c34)cc2)cc1,7.275724130399211
COc1ccccc1NC(=O)Nc1ccc(-c2c(C)sc3ncnc(N)c23)cc1,6.958607314841775
COc1cccc(NC(=O)Nc2ccc(-c3c(C)sc4ncnc(N)c34)cc2)c1,7.468521082957745
COc1ccc(NC(=O)Nc2ccc(-c3c(C)sc4ncnc(N)c34)cc2)cc1,7.161150909262744
Cc1sc2ncnc(N)c2c1-c1ccc(NC(=O)Nc2ccccc2F)cc1,6.958607314841775
Cc1sc2ncnc(N)c2c1-c1ccc(NC(=O)Nc2cccc(F)c2)cc1,7.267606240177032
Cc1sc2ncnc(N)c2c1-c1ccc(NC(=O)Nc2ccc(F)cc2)cc1,7.2839966563652006
Cc1sc2ncnc(N)c2c1-c1ccc(NC(=O)Nc2ccccc2Cl)cc1,6.468521082957745
Cc1sc2ncnc(N)c2c1-c1ccc(NC(=O)Nc2cccc(Cl)c2)cc1,7.455931955649724
Cc1sc2ncnc(N)c2c1-c1ccc(NC(=O)Nc2cccc(Cl)c2)cc1,7.552841968657781
Cc1sc2ncnc(N)c2c1-c1ccc(NC(=O)Nc2ccc(Cl)cc2)cc1,7.017728766960431
Cc1sc2ncnc(N)c2c1-c1ccc(NC(=O)Nc2cccc(Br)c2)cc1,7.337242168318426
Cc1sc2ncnc(N)c2c1-c1ccc(NC(=O)Nc2ccc(Br)cc2)cc1,6.920818753952375
Cc1sc2ncnc(N)c2c1-c1ccc(NC(=O)Nc2cccc(C(F)(F)F)c2)cc1,7.2839966563652006
Cc1sc2ncnc(N)c2c1-c1ccc(NC(=O)Nc2cccc(C(F)(F)F)c2)cc1,8.0
CCOC(=O)c1cccc(NC(=O)Nc2ccc(-c3c(C)sc4ncnc(N)c34)cc2)c1,6.5376020021010435
Cc1cc(C)cc(NC(=O)Nc2ccc(-c3c(C)sc4ncnc(N)c34)cc2)c1,7.920818753952375
Cc1sc2ncnc(N)c2c1-c1ccc(NC(=O)Nc2cc(Cl)cc(Cl)c2)cc1,6.795880017344075
Cc1sc2ncnc(N)c2c1-c1ccc(NC(=O)Nc2cc(C(F)(F)F)ccc2F)cc1,7.346787486224656
Cc1sc2ncnc(N)c2c1-c1ccc(NC(=O)Nc2cc(C(F)(F)F)ccc2F)cc1,7.180456064458132
Cc1cccc(NC(=O)Nc2ccc(-c3c(CCC(N)=O)sc4ncnc(N)c34)cc2)c1,7.769551078621726
CNC(=O)CCc1sc2ncnc(N)c2c1-c1ccc(NC(=O)Nc2cccc(C)c2)cc1,6.481486060122113
Cc1cccc(NC(=O)Nc2ccc(-c3c(CCC(=O)N(C)C)sc4ncnc(N)c34)cc2)c1,6.6777807052660805
Cc1cccc(NC(=O)Nc2ccc(-c3c(CN4CCOCC4)sc4ncnc(N)c34)cc2)c1,6.6777807052660805
Cc1cccc(NC(=O)Nc2ccc(-c3c(CN4CCN(C)CC4)sc4ncnc(N)c34)cc2)c1,6.229147988357855
Cc1cccc(NC(=O)Nc2ccc(-c3c(CN(C)C)sc4ncnc(N)c34)cc2)c1,6.7447274948966935
CCCc1sc2ncnc(N)c2c1-c1ccc(NC(=O)Nc2cccc(C)c2)cc1,7.585026652029182
Cc1cccc(NC(=O)Nc2ccc(-c3c(C(C)C)sc4ncnc(N)c34)cc2)c1,6.886056647693163
Cc1cccc(NC(=O)Nc2ccc(-c3c(Cc4ccccc4)sc4ncnc(N)c34)cc2)c1,6.552841968657781
Cc1cccc(NC(=O)Nc2ccc(-c3c(Cc4cccnc4)sc4ncnc(N)c34)cc2)c1,7.468521082957745
Cc1cccc(NC(=O)Nc2ccc(-c3c(Cc4ccncc4)sc4ncnc(N)c34)cc2)c1,7.275724130399211
Cc1cccc(NC(=O)Nc2ccc(-c3c(CCO)sc4ncnc(N)c34)cc2)c1,7.721246399047171
COCCc1sc2ncnc(N)c2c1-c1ccc(NC(=O)Nc2cccc(C)c2)cc1,7.1938200260161125
Cc1cccc(NC(=O)Nc2ccc(-c3c(CCCO)sc4ncnc(N)c34)cc2)c1,7.823908740944319
Cc1cccc(NC(=O)Nc2ccc(-c3c(CCN(C)C)sc4ncnc(N)c34)cc2)c1,6.638272163982407
Cc1cccc(NC(=O)Nc2ccc(-c3csc4ncnc(N)c34)c(F)c2)c1,7.958607314841775
Cc1cccc(NC(=O)Nc2ccc(-c3csc4ncnc(N)c34)c(Cl)c2)c1,7.0
COc1cc(NC(=O)Nc2cccc(C)c2)ccc1-c1csc2ncnc(N)c12,7.0
Cc1cccc(NC(=O)Nc2ccc(-c3csc4ncnc(N)c34)cc2F)c1,7.721246399047171
Cc1cccc(NC(=O)Nc2ccc(-c3csc4ncnc(N)c34)cc2F)c1,8.698970004336019
Cc1cccc(NC(=O)Nc2ccc(-c3csc4ncnc(N)c34)cc2Cl)c1,7.080921907623926
Nc1n[nH]c2nnc(-c3ccccc3)c(-c3ccccc3)c12,4.301029995663981
COc1cc(-c2csc3ncnc(N)c23)ccc1NC(=O)Nc1cccc(C)c1,7.886056647693163
Cc1cccc(NC(=O)Nc2ccc3c(c2)CCC2Sc4ncnc(N)c4C32)c1,6.823908740944319
Cc1sc2ncnc(N)c2c1-c1ccc(NC(=O)Nc2ccc(C(F)(F)F)cc2)cc1,7.214670164989233
Cc1sc2ncnc(N)c2c1-c1ccc(NC(=O)Nc2ccc(C(F)(F)F)cc2)cc1,6.229147988357855
Cc1ccc(F)c(NC(=O)Nc2ccc(-c3c(C)sc4ncnc(N)c34)cc2)c1,7.468521082957745
Cc1ccc(F)c(NC(=O)Nc2ccc(-c3c(C)sc4ncnc(N)c34)cc2)c1,8.0
CCc1sc2ncnc(N)c2c1-c1ccc(NC(=O)Nc2cccc(C(F)(F)F)c2)cc1,7.301029995663981
CCc1sc2ncnc(N)c2c1-c1ccc(NC(=O)Nc2cccc(C(F)(F)F)c2)cc1,7.638272163982407
Nc1ncnc2scc(-c3ccc(NC(=O)Nc4cccc(Cl)c4)cc3)c12,8.522878745280337
Nc1ncnc2scc(-c3ccc(NC(=O)Nc4cccc(Cl)c4)cc3)c12,8.045757490560675
CCN(CC)CCNC(=O)c1c(C)[nH]c(/C=C2\C(=O)Nc3ccc(F)cc32)c1C,7.7447274948966935
CCN(CC)CCNC(=O)c1c(C)[nH]c(/C=C2\C(=O)Nc3ccc(F)cc32)c1C,7.657577319177793
C/C(=C\C=C\CC(C)C(CC(=O)O)O[C@H]1O[C@@H](CO)[C@H](O)[C@H](O)[C@@H]1O)C(=O)O,5.301029995663981
COCCOc1cc2ncnc(NC3=CC(=O)C(Cl)=CC3=O)c2cc1OC,8.356547323513812
COCCOc1cc2ncnc(NC3=CC(=O)C(Cl)=CC3=O)c2cc1OC,6.0
COCCOc1cc2ncnc(NC3=CC(=O)C(Cl)=CC3=O)c2cc1OC,6.244811414391675
COCCOc1cc2ncnc(NC3=CC(=O)C(Cl)=CC3=O)c2cc1OC,6.0
COCCOc1cc2ncnc(NC3=CC(=O)C(Cl)=C(Cl)C3=O)c2cc1OC,7.8696662315049934
COCCOc1cc2ncnc(NC3=CC(=O)C(OC)=C(Cl)C3=O)c2cc1OC,9.0
COCCOc1cc2ncnc(NC3=CC(=O)C(OC)=C(Cl)C3=O)c2cc1OC,7.679853713888946
COCCOc1cc2ncnc(NC3=CC(=O)C(OC)=C(Cl)C3=O)c2cc1OC,8.292429823902063
COCCOc1cc2ncnc(NC3=CC(=O)C(OC)=C(Cl)C3=O)c2cc1OC,9.0
COCCOc1cc2ncnc(NC3=CC(=O)C(OC)=C(Cl)C3=O)c2cc1OC,6.33161408331
COCCOc1cc2ncnc(NC3=C(SC)C(=O)C(OC)=C(Cl)C3=O)c2cc1OC,7.1732774798310075
COCCOc1cc2ncnc(NC3=C(SC)C(=O)C(OC)=C(Cl)C3=O)c2cc1OC,6.0
COCCOc1cc2ncnc(NC3=C(SC)C(=O)C(OC)=C(Cl)C3=O)c2cc1OC,6.0
COCCOc1cc2ncnc(NC3=CC(=O)C(Cl)=C(OC)C3=O)c2cc1OC,8.769551078621726
COCCOc1cc2ncnc(NC3=CC(=O)C(Cl)=C(OC)C3=O)c2cc1OC,6.0
COCCOc1cc2ncnc(NC3=CC(=O)C(Cl)=C(OC)C3=O)c2cc1OC,6.424927674286187
COCCOc1cc2ncnc(NC3=CC(=O)C(C)=CC3=O)c2cc1OC,6.960982678002588
COCCOc1cc2ncnc(NC3=CC(=O)C(C)=CC3=O)c2cc1OC,6.216239304256076
COCCOc1cc2ncnc(NC3=CC(=O)C(C)=CC3=O)c2cc1OC,7.823908740944319
COCCOc1cc2ncnc(NC3=CC(=O)C=CC3=O)c2cc1OC,8.221848749616356
COCCOc1cc2ncnc(NC3=CC(=O)C=CC3=O)c2cc1OC,6.0
COCCOc1cc2ncnc(NC3=CC(=O)C=C(OC)C3=O)c2cc1OC,8.42021640338319
COCCOc1cc2ncnc(NC3=C(Cl)C(=O)C=C(OC)C3=O)c2cc1OC,6.95116991347165
COCCOc1cc2ncnc(NC3=C(Sc4ccccn4)C(=O)C=C(OC)C3=O)c2cc1OC,6.0
COCCOc1cc2ncnc(NC3=C(Sc4ccccn4)C(=O)C=C(OC)C3=O)c2cc1OC,6.0
COCCOc1cc2ncnc(NC3=C(Sc4ccccn4)C(=O)C=C(OC)C3=O)c2cc1OC,6.0
COCCOc1cc2ncnc(NC3=CC(=O)C=C(Br)C3=O)c2cc1OC,7.801342913045577
COCCOc1cc2ncnc(NC3=CC(=O)C=C(Br)C3=O)c2cc1OC,6.0547284184922905
COCCOc1cc2ncnc(NC3=CC(=O)C=C(Br)C3=O)c2cc1OC,6.095230374093405
COCCOc1cc2ncnc(NC3=CC(=O)C(SC)=CC3=O)c2cc1OC,7.521433504406157
COCCOc1cc2ncnc(NC3=CC(=O)C(SC)=CC3=O)c2cc1OC,6.0
COCCOc1cc2ncnc(NC3=CC(=O)C(SC)=CC3=O)c2cc1OC,6.940436582098732
COCCOc1cc2ncnc(NC3=CC(=O)C(SC)=CC3=O)c2cc1OC,7.363512103646634
COCCOc1cc2ncnc(NC3=CC(=O)C(SC)=CC3=O)c2cc1OC,6.341035157335565
COCCOc1cc2ncnc(NC3=CC(=O)C(Br)=CC3=O)c2cc1OC,8.045757490560675
COCCOc1cc2ncnc(NC3=CC(=O)C(Br)=CC3=O)c2cc1OC,6.0
COCCOc1cc2ncnc(NC3=CC(=O)C(Br)=CC3=O)c2cc1OC,6.0
COCCOc1cc2ncnc(NC3=CC(=O)C(N(C)C)=CC3=O)c2cc1OC,5.941536014397749
COCCOc1cc2ncnc(NC3=CC(=O)C(N(C)C)=CC3=O)c2cc1OC,5.301003938776765
COCCOc1cc2ncnc(NC3=CC(=O)C(N(C)C)=CC3=O)c2cc1OC,4.698970004336019
COCCOc1cc2ncnc(NC3=CC(=O)C(N(C)C)=CC3=O)c2cc1OC,7.508638306165727
COCCOc1cc2ncnc(NC3=CC(=O)C(N4CCOCC4)=CC3=O)c2cc1OC,6.99481948749622
COCCOc1cc2ncnc(NC3=CC(=O)C(N4CCOCC4)=CC3=O)c2cc1OC,6.0
COCCOc1cc2ncnc(NC3=CC(=O)C(N(C)c4ccccc4)=CC3=O)c2cc1OC,7.795880017344075
COCCOc1cc2ncnc(NC3=CC(=O)C(N(C)c4ccccc4)=CC3=O)c2cc1OC,6.0
COCCOc1cc2ncnc(NC3=CC(=O)C(N(C)c4ccccc4)=CC3=O)c2cc1OC,6.0
COCCOc1cc2ncnc(NC3=CC(=O)C(N(C)c4ccccc4)=CC3=O)c2cc1OC,6.0
COCCOc1cc2ncnc(NC3=CC(=O)C(Oc4ccccc4)=CC3=O)c2cc1OC,8.568636235841012
COCCOc1cc2ncnc(NC3=CC(=O)C(Oc4ccccc4)=CC3=O)c2cc1OC,6.0
COCCOc1cc2ncnc(NC3=CC(=O)C(Oc4ccccc4)=CC3=O)c2cc1OC,6.251734427331259
COCCOc1cc2ncnc(NC3=CC(=O)C(Oc4ccccc4)=CC3=O)c2cc1OC,6.735182176990463
COCCOC1=CC(=O)C(Nc2ncnc3cc(OCCOC)c(OC)cc23)=CC1=O,6.62616885492617
COCCOC1=CC(=O)C(Nc2ncnc3cc(OCCOC)c(OC)cc23)=CC1=O,6.323855319643794
COCCOc1cc2ncnc(NC3=CC(=O)C(OCc4ccccc4)=CC3=O)c2cc1OC,7.366531544420414
COCCOc1cc2ncnc(NC3=CC(=O)C(OCc4ccccc4)=CC3=O)c2cc1OC,7.298432014944073
COCCOc1cc2ncnc(NC3=CC(=O)C(OCc4ccccc4)=CC3=O)c2cc1OC,6.436400271118469
COCCOc1cc2ncnc(NC3=CC(=O)C(OC)=CC3=O)c2cc1OC,6.618163200001656
COCCOc1cc2ncnc(NC3=CC(=O)C(OC)=CC3=O)c2cc1OC,6.252899068635013
COCCOc1cc2ncnc(NC3=CC(=O)C(OC)=CC3=O)c2cc1OC,6.0
COCCOc1cc2ncnc(NC3=CC(=O)C(OC)=CC3=O)c2cc1OC,6.36021478701318
COCCOc1cc2ncnc(NC3=CC(=O)C(OC)=CC3=O)c2cc1OC,7.6020599913279625
COCCOc1cc2ncnc(NC3=CC(=O)C(N4CCCCC4)=CC3=O)c2cc1OC,6.444421927227045
COCCOc1cc2ncnc(NC3=CC(=O)C(N4CCCCC4)=CC3=O)c2cc1OC,6.0
COCCOc1cc2ncnc(NC3=CC(=O)C(N4CCCCC4)=CC3=O)c2cc1OC,6.508638306165727
COCCOc1cc2ncnc(NC3=CC(=O)C(Oc4ccc(-n5ccnc5)cc4)=CC3=O)c2cc1OC,8.119186407719209
COCCOc1cc2ncnc(NC3=CC(=O)C(Oc4ccc(-n5ccnc5)cc4)=CC3=O)c2cc1OC,6.0
COCCOc1cc2ncnc(NC3=CC(=O)C(Oc4ccc(-n5ccnc5)cc4)=CC3=O)c2cc1OC,6.0
COCCOc1cc2ncnc(NC3=CC(=O)C(Oc4ccc(-n5ccnc5)cc4)=CC3=O)c2cc1OC,8.236572006437063
COCCOc1cc2ncnc(NC3=CC(=O)C(Oc4ccc(-n5ccnc5)cc4)=CC3=O)c2cc1OC,6.508638306165727
COCCOc1cc2ncnc(NC3=CC(=O)C(Oc4cccc(F)c4)=CC3=O)c2cc1OC,9.045757490560675
CCNc1cccc(OC2=CC(=O)C(Nc3ncnc4cc(OCCOC)c(OC)cc34)=CC2=O)c1,8.585026652029182
CCNc1cccc(OC2=CC(=O)C(Nc3ncnc4cc(OCCOC)c(OC)cc34)=CC2=O)c1,7.107905397309519
COCCOc1cc2ncnc(NC3=CC(=O)C(N4CC4C)=CC3=O)c2cc1OC,6.267445420148568
COCCOc1cc2ncnc(NC3=CC(=O)C(N4CC4C)=CC3=O)c2cc1OC,6.0
COCCOc1cc2ncnc(NC3=CC(=O)C(N4CC4C)=CC3=O)c2cc1OC,6.686132779630847
COCCOc1cc2ncnc(NC3=CC(=O)C(N4CCC(Cc5ccccc5)CC4)=CC3=O)c2cc1OC,6.5249101966109935
COCCOc1cc2ncnc(NC3=CC(=O)C(N4CCC(Cc5ccccc5)CC4)=CC3=O)c2cc1OC,6.634886568372423
COCCOc1cc2ncnc(NC3=CC(=O)C(N4CCC(Cc5ccccc5)CC4)=CC3=O)c2cc1OC,6.0
COCCOc1cc2ncnc(NC3=CC(=O)C(N4CCN(Cc5ccccc5)CC4)=CC3=O)c2cc1OC,7.071604147743286
COCCOc1cc2ncnc(NC3=CC(=O)C(N4CCN(Cc5ccccc5)CC4)=CC3=O)c2cc1OC,6.901702463505302
COCCOc1cc2ncnc(NC3=CC(=O)C(N4CCN(Cc5ccccc5)CC4)=CC3=O)c2cc1OC,6.0
COCCOc1cc2ncnc(NC3=CC(=O)C(N4CCN(Cc5ccccc5)CC4)=CC3=O)c2cc1OC,7.1220530483708115
COCCOc1cc2ncnc(NC3=CC(=O)C(N4CCN(Cc5ccccc5)CC4)=CC3=O)c2cc1OC,6.0
CCN1CCN(C2=CC(=O)C(Nc3ncnc4cc(OCCOC)c(OC)cc34)=CC2=O)CC1,6.876148359032914
CCN1CCN(C2=CC(=O)C(Nc3ncnc4cc(OCCOC)c(OC)cc34)=CC2=O)CC1,6.567672207738395
CCN1CCN(C2=CC(=O)C(Nc3ncnc4cc(OCCOC)c(OC)cc34)=CC2=O)CC1,6.0
CCN1CCN(C2=CC(=O)C(Nc3ncnc4cc(OCCOC)c(OC)cc34)=CC2=O)CC1,6.0
COCCOc1cc2ncnc(NC3=CC(=O)C(N4CCCC4)=CC3=O)c2cc1OC,6.429573821641028
COCCOc1cc2ncnc(NC3=CC(=O)C(N4CCCC4)=CC3=O)c2cc1OC,6.0
COCCOc1cc2ncnc(NC3=CC(=O)C(N4CCCC4)=CC3=O)c2cc1OC,6.0
COCCOc1cc2ncnc(NC3=CC(=O)C(OC(CF)CF)=CC3=O)c2cc1OC,8.040958607678906
COCCOc1cc2ncnc(NC3=CC(=O)C(OC(CF)CF)=CC3=O)c2cc1OC,7.671620396561262
COCCOc1cc2ncnc(NC3=CC(=O)C(OC(CF)CF)=CC3=O)c2cc1OC,7.605548319173784
COCCOc1cc2ncnc(NC3=CC(=O)C(OC(CF)CF)=CC3=O)c2cc1OC,7.732828271596986
COCCOc1cc2ncnc(NC3=CC(=O)C(OC(CF)CF)=CC3=O)c2cc1OC,6.673664139071248
COCCOc1cc2ncnc(NC3=CC(=O)C(OCc4cccnc4)=CC3=O)c2cc1OC,7.052076380168273
COCCOc1cc2ncnc(NC3=CC(=O)C(OCc4cccnc4)=CC3=O)c2cc1OC,6.95663772197887
COCCOc1cc2ncnc(NC3=CC(=O)C(OCc4cccnc4)=CC3=O)c2cc1OC,6.0
COCCOc1cc2ncnc(NC3=CC(=O)C(OCc4cccnc4)=CC3=O)c2cc1OC,6.96738123914928
COCCOc1cc2ncnc(NC3=CC(=O)C(OCc4cccnc4)=CC3=O)c2cc1OC,6.714442690992226
COCCOc1cc2ncnc(NC3=CC(=O)C(OCCOc4ccccc4)=CC3=O)c2cc1OC,8.769551078621726
COCCOc1cc2ncnc(NC3=CC(=O)C(OCCOc4ccccc4)=CC3=O)c2cc1OC,8.318758762624412
COCCOc1cc2ncnc(NC3=CC(=O)C(OCCOc4ccccc4)=CC3=O)c2cc1OC,6.928854709548917
COCCOc1cc2ncnc(NC3=CC(=O)C(OCCOc4ccccc4)=CC3=O)c2cc1OC,6.0
COCCOc1cc2ncnc(NC3=CC(=O)C(OC(C)C)=CC3=O)c2cc1OC,6.308653235865179
COCCOc1cc2ncnc(NC3=CC(=O)C(OC(C)C)=CC3=O)c2cc1OC,6.0
COCCOc1cc2ncnc(NC3=CC(=O)C(OC(C)C)=CC3=O)c2cc1OC,6.0
COCCOc1cc2ncnc(NC3=CC(=O)C(OC(C)C)=CC3=O)c2cc1OC,6.2652801583443205
COCCOc1cc2ncnc(NC3=CC(=O)C(OC(C)C)=CC3=O)c2cc1OC,6.317854923626168
COCCOc1cc2ncnc(NC3=CC(=O)C(OC(CF)CF)=C(Cl)C3=O)c2cc1OC,9.397940008672037
COCCOc1cc2ncnc(NC3=CC(=O)C(OC(CF)CF)=C(Cl)C3=O)c2cc1OC,7.149353764816934
COCCOc1cc2ncnc(NC3=CC(=O)C(OC(CF)CF)=C(Cl)C3=O)c2cc1OC,8.522878745280337
COCCOc1cc2ncnc(NC3=CC(=O)C(OC(CF)CF)=C(Cl)C3=O)c2cc1OC,6.101274818410507
COCCOc1cc2ncnc(NC3=CC(=O)C(OCc4cccc(F)c4)=C(Cl)C3=O)c2cc1OC,9.0
COCCOc1cc2ncnc(NC3=CC(=O)C(OCc4cccc(F)c4)=C(Cl)C3=O)c2cc1OC,8.167491087293763
CCOC1=C(Cl)C(=O)C(Nc2ncnc3cc(OCCOC)c(OC)cc23)=CC1=O,9.0
CCOC1=C(Cl)C(=O)C(Nc2ncnc3cc(OCCOC)c(OC)cc23)=CC1=O,7.671620396561262
CCOC1=C(Cl)C(=O)C(Nc2ncnc3cc(OCCOC)c(OC)cc23)=CC1=O,6.0
COCCOc1cc2ncnc(NC3=CC(=O)C(OCc4ccccc4F)=CC3=O)c2cc1OC,7.280668713016273
COCCOc1cc2ncnc(NC3=CC(=O)C(OCc4ccccc4F)=CC3=O)c2cc1OC,7.154901959985743
COCCOc1cc2ncnc(NC3=CC(=O)C(OCc4ccccc4F)=CC3=O)c2cc1OC,6.0
COCCOc1cc2ncnc(NC3=CC(=O)C(OCc4cccc(F)c4)=CC3=O)c2cc1OC,7.505845405981558
COCCOc1cc2ncnc(NC3=CC(=O)C(OCc4cccc(F)c4)=CC3=O)c2cc1OC,7.377785977033705
COCCOc1cc2ncnc(NC3=CC(=O)C(OCc4cccc(F)c4)=CC3=O)c2cc1OC,6.591251393815756
COCCOc1cc2ncnc(NC3=CC(=O)C(OCc4ccc(F)cc4)=CC3=O)c2cc1OC,7.627087997029894
COCCOc1cc2ncnc(NC3=CC(=O)C(OCc4ccc(F)cc4)=CC3=O)c2cc1OC,7.485452247339714
COCCOc1cc2ncnc(NC3=CC(=O)C(OCc4ccc(F)cc4)=CC3=O)c2cc1OC,6.621238824683627
COCCOc1cc2ncnc(NC3=CC(=O)C(OCc4ccc(F)cc4)=CC3=O)c2cc1OC,6.0
CCOC1=CC(=O)C(Nc2ncnc3cc(OCCOC)c(OC)cc23)=CC1=O,6.0
CCOC1=CC(=O)C(Nc2ncnc3cc(OCCOC)c(OC)cc23)=CC1=O,6.0
CCOC1=CC(=O)C(Nc2ncnc3cc(OCCOC)c(OC)cc23)=CC1=O,6.0
CCOC1=CC(=O)C(Nc2ncnc3cc(OCCOC)c(OC)cc23)=CC1=O,6.0
COCCOc1cc2ncnc(NC3=CC(=O)C(OC(c4ccccc4)C(F)(F)F)=CC3=O)c2cc1OC,8.337242168318426
COCCOc1cc2ncnc(NC3=CC(=O)C(OC(c4ccccc4)C(F)(F)F)=CC3=O)c2cc1OC,6.436637590513392
COCCOc1cc2ncnc(NC3=CC(=O)C(OC(c4ccccc4)C(F)(F)F)=CC3=O)c2cc1OC,7.241088107602026
COCCOc1cc2ncnc(NC3=CC(=O)C(OC(c4ccccc4)C(F)(F)F)=CC3=O)c2cc1OC,6.0
COCCOc1cc2ncnc(NC3=CC(=O)C(OCc4c(F)c(F)c(F)c(F)c4F)=CC3=O)c2cc1OC,8.236572006437063
COCCOc1cc2ncnc(NC3=CC(=O)C(OCc4c(F)c(F)c(F)c(F)c4F)=CC3=O)c2cc1OC,7.730487055782084
COCCOc1cc2ncnc(NC3=CC(=O)C(OCc4c(F)c(F)c(F)c(F)c4F)=CC3=O)c2cc1OC,6.305219363987939
COCCOc1cc2ncnc(NC3=CC(=O)C(OCC(F)F)=CC3=O)c2cc1OC,8.346787486224656
COCCOc1cc2ncnc(NC3=CC(=O)C(OCC(F)F)=CC3=O)c2cc1OC,7.598599459218456
COCCOc1cc2ncnc(NC3=CC(=O)C(OCC(F)F)=CC3=O)c2cc1OC,7.488116639021126
COCCOc1cc2ncnc(NC3=CC(=O)C(OCC(F)F)=CC3=O)c2cc1OC,6.060480747381382
COCCOc1cc2ncnc(NC3=CC(=O)C(OCC#Cc4ccccc4)=CC3=O)c2cc1OC,8.468521082957745
COCCOc1cc2ncnc(NC3=CC(=O)C(OCC#Cc4ccccc4)=CC3=O)c2cc1OC,8.09151498112135
COCCOc1cc2ncnc(NC3=CC(=O)C(OCC#Cc4ccccc4)=CC3=O)c2cc1OC,7.782516055786093
COCCOc1cc2ncnc(NC3=CC(=O)C(NCC(C)O)=CC3=O)c2cc1OC,6.0
COCCOc1cc2ncnc(NC3=CC(=O)C(NCC(C)O)=CC3=O)c2cc1OC,6.0
COCCOc1cc2ncnc(NC3=CC(=O)C(NCC(C)O)=CC3=O)c2cc1OC,6.0
COCCOc1cc2ncnc(NC3=CC(=O)C(N4CC(C)OC4=O)=CC3=O)c2cc1OC,7.987162775294828
COCCOc1cc2ncnc(NC3=CC(=O)C(N4CC(C)OC4=O)=CC3=O)c2cc1OC,6.0
COCCOc1cc2ncnc(NC3=CC(=O)C(N4CC(C)OC4=O)=CC3=O)c2cc1OC,7.224025668870631
COCCOc1cc2ncnc(NC3=CC(=O)C(N4CC(C)OC4=O)=CC3=O)c2cc1OC,8.136677139879543
COCCOc1cc2ncnc(NC3=CC(=O)C(N4CC(C)OC4=O)=CC3=O)c2cc1OC,6.0
COCCOc1cc2ncnc(NC3=CC(=O)C(OC)=C(OC)C3=O)c2cc1OC,7.79317412396815
COCCOc1cc2ncnc(NC3=CC(=O)C(OC)=C(OC)C3=O)c2cc1OC,6.0
COCCOc1cc2ncnc(NC3=CC(=O)C(OC)=C(OC)C3=O)c2cc1OC,7.542118103266008
COCCOc1cc2ncnc(NC3=CC(=O)C(OC(CF)CF)=C(OC)C3=O)c2cc1OC,8.244125144327509
COCCOc1cc2ncnc(NC3=CC(=O)C(OC(CF)CF)=C(OC)C3=O)c2cc1OC,6.0
COCCOc1cc2ncnc(NC3=CC(=O)C(OC(CF)CF)=C(OC)C3=O)c2cc1OC,7.3872161432802645
COCCOc1cc2ncnc(NC3=CC(=O)C(Cl)=C(OCC4CC4)C3=O)c2cc1OC,8.638272163982407
COCCOc1cc2ncnc(NC3=CC(=O)C(Cl)=C(OCC4CC4)C3=O)c2cc1OC,6.0
COCCOc1cc2ncnc(NC3=CC(=O)C(Cl)=C(OCC4CC4)C3=O)c2cc1OC,6.71331903064507
COCCOc1cc2ncnc(NC3=CC(=O)C(Cl)=C(OC(C)C)C3=O)c2cc1OC,8.721246399047171
COCCOc1cc2ncnc(NC3=CC(=O)C(Cl)=C(OC(C)C)C3=O)c2cc1OC,6.0
COCCOc1cc2ncnc(NC3=CC(=O)C(Cl)=C(OC(C)C)C3=O)c2cc1OC,7.011887159731648
COC1=CC(=O)C(Nc2ncnc3cc(OCC4CCN(C)CC4)c(OC)cc23)=CC1=O,6.621057301386562
COC1=CC(=O)C(Nc2ncnc3cc(OCC4CCN(C)CC4)c(OC)cc23)=CC1=O,6.620331965966346
COC1=CC(=O)C(Nc2ncnc3cc(OCC4CCN(C)CC4)c(OC)cc23)=CC1=O,6.886390848926972
COC1=CC(=O)C(Nc2ncnc3cc(OCC4CCN(C)CC4)c(OC)cc23)=CC1=O,5.519892404423553
COC1=CC(=O)C(Nc2ncnc3cc(OCC4CCN(C)CC4)c(OC)cc23)=CC1=O,8.301029995663981
COc1cc2c(NC3=CC(=O)C(OC(CF)CF)=CC3=O)ncnc2cc1OCC1CCN(C)CC1,8.292429823902063
COc1cc2c(NC3=CC(=O)C(OC(CF)CF)=CC3=O)ncnc2cc1OCC1CCN(C)CC1,8.161150909262744
COc1cc2c(NC3=CC(=O)C(OC(CF)CF)=CC3=O)ncnc2cc1OCC1CCN(C)CC1,8.431798275933005
COc1cc2c(NC3=CC(=O)C(OC(CF)CF)=CC3=O)ncnc2cc1OCC1CCN(C)CC1,7.950781977329818
COc1cc2c(NC3=CC(=O)C(OC(CF)CF)=CC3=O)ncnc2cc1OCC1CCN(C)CC1,6.723538195826756
COc1cc2c(NC3=CC(=O)C(OCCN(C)c4ccccc4)=CC3=O)ncnc2cc1OCC1CCN(C)CC1,8.4089353929735
COc1cc2c(NC3=CC(=O)C(OCCN(C)c4ccccc4)=CC3=O)ncnc2cc1OCC1CCN(C)CC1,7.815308569182402
COc1cc2c(NC3=CC(=O)C(OCCN(C)c4ccccc4)=CC3=O)ncnc2cc1OCC1CCN(C)CC1,8.236572006437063
COc1cc2c(NC3=CC(=O)C(OCCN(C)c4ccccc4)=CC3=O)ncnc2cc1OCC1CCN(C)CC1,6.482804102050026
COc1cc2c(NC3=CC(=O)C(OCc4ccccc4)=CC3=O)ncnc2cc1OCC1CCN(C)CC1,7.866461091629782
COc1cc2c(NC3=CC(=O)C(OCc4ccccc4)=CC3=O)ncnc2cc1OCC1CCN(C)CC1,7.530177984021837
COc1cc2c(NC3=CC(=O)C(OCc4ccccc4)=CC3=O)ncnc2cc1OCC1CCN(C)CC1,7.583359492661719
COc1cc2c(NC3=CC(=O)C(OCc4ccccc4)=CC3=O)ncnc2cc1OCC1CCN(C)CC1,6.27083521030723
COC1=CC(=O)C(Nc2ncnc3cc(OCCCN4CCCC4)c(OC)cc23)=CC1=O,6.565750547603525
COC1=CC(=O)C(Nc2ncnc3cc(OCCCN4CCCC4)c(OC)cc23)=CC1=O,6.391153177673588
COC1=CC(=O)C(Nc2ncnc3cc(OCCCN4CCCC4)c(OC)cc23)=CC1=O,6.799696817018415
COC1=CC(=O)C(Nc2ncnc3cc(OCCCN4CCCC4)c(OC)cc23)=CC1=O,5.894830572000668
COC1=CC(=O)C(Nc2ncnc3cc(OCCCN4CCCC4)c(OC)cc23)=CC1=O,8.522878745280337
COc1cc2c(NC3=CC(=O)C(OC(CF)CF)=CC3=O)ncnc2cc1OCCCN1CCCC1,8.193820026016112
COc1cc2c(NC3=CC(=O)C(OC(CF)CF)=CC3=O)ncnc2cc1OCCCN1CCCC1,7.892790030352131
COc1cc2c(NC3=CC(=O)C(OC(CF)CF)=CC3=O)ncnc2cc1OCCCN1CCCC1,8.130768280269024
COc1cc2c(NC3=CC(=O)C(OCC#Cc4ccccc4)=CC3=O)ncnc2cc1OCCCN1CCCC1,8.823908740944319
COc1cc2c(NC3=CC(=O)C(OCC#Cc4ccccc4)=CC3=O)ncnc2cc1OCCCN1CCCC1,8.744727494896694
COc1cc2c(NC3=CC(=O)C(OCC#Cc4ccccc4)=CC3=O)ncnc2cc1OCCCN1CCCC1,8.721246399047171
COc1cc2c(NC3=CC(=O)C(OCC#Cc4ccccc4)=CC3=O)ncnc2cc1OCCCN1CCCC1,8.769551078621726
COc1cc2c(NC3=CC(=O)C(OCc4ccccn4)=CC3=O)ncnc2cc1OCCCN1CCCC1,8.017728766960431
COc1cc2c(NC3=CC(=O)C(OCc4ccccn4)=CC3=O)ncnc2cc1OCCCN1CCCC1,7.82102305270683
COc1cc2c(NC3=CC(=O)C(OCc4ccccn4)=CC3=O)ncnc2cc1OCCCN1CCCC1,8.657577319177793
COc1cc2c(NC3=CC(=O)C(OCc4ccccc4)=CC3=O)ncnc2cc1OCCCN1CCCC1,7.772113295386326
COc1cc2c(NC3=CC(=O)C(OCc4ccccc4)=CC3=O)ncnc2cc1OCCCN1CCCC1,7.497572880015567
COc1cc2c(NC3=CC(=O)C(OCc4ccccc4)=CC3=O)ncnc2cc1OCCCN1CCCC1,7.863279432843593
COc1cc2c(NC3=CC(=O)C(OCc4c(F)c(F)c(F)c(F)c4F)=CC3=O)ncnc2cc1OCCCN1CCCC1,8.346787486224656
COc1cc2c(NC3=CC(=O)C(OCc4c(F)c(F)c(F)c(F)c4F)=CC3=O)ncnc2cc1OCCCN1CCCC1,8.200659450546418
COc1cc2c(NC3=CC(=O)C(OCc4c(F)c(F)c(F)c(F)c4F)=CC3=O)ncnc2cc1OCCCN1CCCC1,8.00436480540245
C#CC(OC1=CC(=O)C(Nc2ncnc3cc(OCCCN4CCCC4)c(OC)cc23)=CC1=O)c1ccccc1,8.443697499232712
C#CC(OC1=CC(=O)C(Nc2ncnc3cc(OCCCN4CCCC4)c(OC)cc23)=CC1=O)c1ccccc1,8.05551732784983
C#CC(OC1=CC(=O)C(Nc2ncnc3cc(OCCCN4CCCC4)c(OC)cc23)=CC1=O)c1ccccc1,8.2839966563652
C#CC(OC1=CC(=O)C(Nc2ncnc3cc(OCCCN4CCCC4)c(OC)cc23)=CC1=O)c1ccccc1,7.982966660701219
C#CCOC1=CC(=O)C(Nc2ncnc3cc(OCCCN4CCCC4)c(OC)cc23)=CC1=O,8.292429823902063
C#CCOC1=CC(=O)C(Nc2ncnc3cc(OCCCN4CCCC4)c(OC)cc23)=CC1=O,8.045757490560675
C#CCOC1=CC(=O)C(Nc2ncnc3cc(OCCCN4CCCC4)c(OC)cc23)=CC1=O,8.318758762624412
C=CCOC1=CC(=O)C(Nc2ncnc3cc(OCCCN4CCCC4)c(OC)cc23)=CC1=O,7.150580586203101
C=CCOC1=CC(=O)C(Nc2ncnc3cc(OCCCN4CCCC4)c(OC)cc23)=CC1=O,7.080398976215889
C=CCOC1=CC(=O)C(Nc2ncnc3cc(OCCCN4CCCC4)c(OC)cc23)=CC1=O,7.2716462179787715
C#CC(C)OC1=CC(=O)C(Nc2ncnc3cc(OCCCN4CCCC4)c(OC)cc23)=CC1=O,7.444905551421681
C#CC(C)OC1=CC(=O)C(Nc2ncnc3cc(OCCCN4CCCC4)c(OC)cc23)=CC1=O,7.375717904164332
C#CC(C)OC1=CC(=O)C(Nc2ncnc3cc(OCCCN4CCCC4)c(OC)cc23)=CC1=O,7.528708288941061
COc1cc2c(NC3=CC(=O)C(OCc4ccco4)=CC3=O)ncnc2cc1OCCCN1CCCC1,8.3767507096021
COc1cc2c(NC3=CC(=O)C(OCc4ccco4)=CC3=O)ncnc2cc1OCCCN1CCCC1,8.292429823902063
COc1cc2c(NC3=CC(=O)C(OCc4ccco4)=CC3=O)ncnc2cc1OCCCN1CCCC1,7.856985199745905
COc1cc2c(NC3=CC(=O)C(OCC(F)F)=CC3=O)ncnc2cc1OCCCN1CCCC1,8.494850021680094
COc1cc2c(NC3=CC(=O)C(OCC(F)F)=CC3=O)ncnc2cc1OCCCN1CCCC1,7.73754891026957
COc1cc2c(NC3=CC(=O)C(OCC(F)F)=CC3=O)ncnc2cc1OCCCN1CCCC1,8.619788758288394
COc1cc2/c(=N/c3ccc(Br)cc3F)nc[nH]c2cc1OCC1CCN(C)CC1,7.3788237182249645
COc1cc2/c(=N/c3ccc(Br)cc3F)nc[nH]c2cc1OCC1CCN(C)CC1,7.504455662453552
COc1cc2/c(=N/c3ccc(Br)cc3F)nc[nH]c2cc1OCC1CCN(C)CC1,6.824488186636552
COc1cc2/c(=N/c3ccc(Br)cc3F)nc[nH]c2cc1OCC1CCN(C)CC1,5.223262505281924
COc1cc2/c(=N/c3ccc(Br)cc3F)nc[nH]c2cc1OCC1CCN(C)CC1,7.823908740944319
Clc1ccc(Nc2nnc(Cc3ccncc3)c3ccccc23)cc1,6.860120913598763
Clc1ccc(Nc2nnc(Cc3ccncc3)c3ccccc23)cc1,5.2001014305771305
Clc1ccc(Nc2nnc(Cc3ccncc3)c3ccccc23)cc1,7.823908740944319
COc1ccc(Cl)c(Nc2ncnc3cc(OCCCN4CCOCC4)cc(OC4CCOCC4)c23)c1,6.3979400086720375
COc1ncc(Cl)c(Nc2ncnc3cc(OCCN4CCN(C(C)=O)CC4)cc(OC(C)C)c23)n1,4.823908740944319
COc1cnc(Cl)c(Nc2ncnc3cc(OCCN4CCN(C(C)=O)CC4)cc(OC(C)C)c23)n1,5.552841968657781
COc1ccc(Cl)c(Nc2ncnc3cc(OCCN4CCN(C(C)=O)CC4)cc(OC(C)C)c23)n1,5.200659450546418
COc1ccc(Cl)c(Nc2ncnc3cc(OCCCN4CCN(C(C)=O)CC4)cc(OC(C)C)c23)n1,5.568636235841013
COc1ccc(Cl)c(Nc2ncnc3cc(OCCN4CCN(C)CC4)cc(OC(C)C)c23)n1,6.2441251443275085
COc1ccc(Cl)c(Nc2ncnc3cc(OCCCN4CCN(C)CC4)cc(OC(C)C)c23)n1,6.167491087293763
COc1ccc(Cl)c(Nc2ncnc3cc(OCCN4CCCC4)cc(OC(C)C)c23)n1,5.443697499232712
COc1ccc(Cl)c(Nc2ncnc3cc(OCCCN4CCCC4)cc(OC(C)C)c23)n1,6.045757490560675
COc1ccc(Cl)c(Nc2ncnc3cc(OCCN4CCOCC4)cc(OC(C)C)c23)n1,5.5376020021010435
COc1ccc(Cl)c(Nc2ncnc3cc(OCCCN4CCOCC4)cc(OC(C)C)c23)n1,5.721246399047171
COc1cc(Nc2ncnc3cc(OCCCN4CCOCC4)cc(OC(C)C)c23)c(Cl)cn1,8.698970004336019
COc1cc(Nc2ncnc3cc(OCCCN4CCOCC4)cc(OC4CCOCC4)c23)c(Cl)cn1,7.096910013008056
COc1cnc(Cl)c(Nc2ncnc3cc(OCCCN4CCOCC4)cc(OC(C)C)c23)c1,7.522878745280337
COc1cnc(Cl)c(Nc2ncnc3cc(OCCCN4CCOCC4)cc(OC4CCOCC4)c23)c1,7.522878745280337
COc1ccc(Cl)c(Nc2ncnc3cc(OCCCN4CCOCC4)cc(OC4CCOCC4)c23)n1,5.259637310505756
COc1ccc(Cl)c(Nc2ncnc3cc(OCCCN4CCOCC4)cc(OC(C)C)c23)c1,7.522878745280337
O=C(Nc1ccc2c(c1)C=Nc1c(Cl)ncnc1O2)Nc1ccc(Cl)c(C(F)(F)F)c1,5.022276394711152
COC(=O)c1cc2c(C)n[nH]c2s1,4.638272163982407
Cc1n[nH]c2sc(C(N)=O)c(NC(=O)Nc3ccccc3)c12,4.698970004336019
Cc1n[nH]c2sc(C(N)=O)c(NC(=O)c3ccc(Cl)cc3)c12,4.0
Cc1n[nH]c2sc(C(N)=O)c(NC(=O)c3cccc(Cl)c3)c12,4.0
Cc1n[nH]c2sc(C(N)=O)c(NC(=O)c3ccccc3Cl)c12,5.096910013008056
Cc1n[nH]c2sc(C(N)=O)c(NC(=O)c3cccs3)c12,5.221848749616356
Cc1n[nH]c2sc(C(N)=O)c(NC(=O)COc3ccccc3)c12,4.958607314841775
COC(=O)C(=O)Nc1c(C(N)=O)sc2[nH]nc(C)c12,4.769551078621726
CC(=O)Nc1c(C(N)=O)sc2[nH]nc(C)c12,4.721246399047171
CN1CCN(C(=O)c2cc3c(-c4ccccc4)[nH]nc3s2)CC1,5.3979400086720375
COc1ccc(CNC(=O)c2cc3c(-c4ccccc4)[nH]nc3s2)cc1,6.292429823902063
O=C(NCCc1ccccc1)c1cc2c(-c3ccccc3)[nH]nc2s1,5.698970004336019
O=C(NCc1ccccc1)c1cc2c(-c3ccccc3)[nH]nc2s1,6.301029995663981
O=C(NC1CCCCC1)c1cc2c(-c3ccccc3)[nH]nc2s1,6.309803919971486
CCCCN(C)C(=O)c1cc2c(-c3ccccc3)[nH]nc2s1,6.455931955649724
Cc1n[nH]c2sc(C(=O)NCc3ccccc3)cc12,4.920818753952375
Cc1n[nH]c2sc(C(=O)NC3CCCCC3)cc12,4.698970004336019
CCCCN(C)C(=O)c1cc2c(C)n[nH]c2s1,4.698970004336019
CCCCNC(=O)c1cc2c(C)n[nH]c2s1,4.795880017344075
Cc1n[nH]c2sc(C(N)=O)cc12,4.769551078621726
COC(=O)c1cc2c(CN3CCCCC3)n[nH]c2s1,4.0
COC(=O)c1cc2c(Nc3ccccc3)[nH]nc2s1,4.0
COc1cc2ncnc(Nc3ccc(Cl)cc3F)c2cc1OC,5.823908740944319
COc1cc2c(Nc3ccc(Cl)cc3F)ncnc2cc1OCCOCCNC(=O)c1c(F)c(F)c(N=[N+]=[N-])c(F)c1F,6.0
COc1cc2c(Nc3ccc(Cl)cc3F)ncnc2cc1OCCNC(=O)c1c(F)c(F)c(N=[N+]=[N-])c(F)c1F,6.0
COc1cc2c(Nc3ccc(Cl)cc3F)ncnc2cc1OCCOCCNC(=O)CCCCC1SCC2NC(=O)NC21,5.823908740944319
COc1cc2c(Nc3ccc(Cl)cc3F)ncnc2cc1OCCNC(=O)CCCCC1SCC2NC(=O)NC21,5.318758762624412
COc1cc2c(Nc3ccc(Cl)cc3F)ncnc2cc1OCCOCCNC(=O)C(CCCCNC(=O)CCCCC1SCC2NC(=O)NC21)NC(=O)c1c(F)c(F)c(N=[N+]=[N-])c(F)c1F,5.1487416512809245
COc1cc(-c2nn([C@H]3CC[C@H](N4CCN(C(C)=O)CC4)CC3)c3ncnc(N)c23)ccc1NC(=O)c1cc2ccccc2n1C,4.301029995663981
O=C(Nc1ccc(Cl)cc1)c1scnc1CCc1cnoc1,5.732828271596986
O=C(Nc1ccc(Cl)cc1)c1scnc1CCc1cnoc1,5.638272163982407
O=C(Nc1ccc(Cc2ccccc2)cc1)c1scnc1CCc1ccncc1,5.0
O=C(Nc1ccc(Oc2ccccc2)cc1)c1scnc1CCc1ccncc1,5.716698771296451
O=C(Nc1ccc(-c2ccccc2)cc1)c1scnc1CCc1ccncc1,5.966576244513051
O=C(Nc1ccc(Br)cc1)c1scnc1CCc1ccncc1,6.0655015487564325
O=C(Nc1ccc2c(c1)OCO2)c1scnc1CCc1ccncc1,6.431798275933005
Cc1ccc(NC(=O)c2scnc2CCc2ccncc2)c(F)c1,6.508638306165727
Cc1ccc(NC(=O)c2scnc2CCc2cnoc2)c(F)c1,5.779891911959945
O=C(Nc1ccc(Cl)c(C(F)(F)F)c1)c1scnc1CCc1ccncc1,6.568636235841013
O=C(Nc1ccc(Cl)c(C(F)(F)F)c1)c1scnc1CCc1cnoc1,5.673664139071248
O=C(Nc1ccc(Cl)c(Cl)c1)c1scnc1CCc1ccncc1,6.7447274948966935
O=C(Nc1ccc(Cl)c(Cl)c1)c1scnc1CCc1cnoc1,5.903089986991944
O=C(Nc1ccc(N2CCOCC2)cc1)c1scnc1CCc1ccncc1,6.1487416512809245
O=C(Nc1ccc(N2CCOCC2)cc1)c1scnc1CCc1cnoc1,5.434152181326482
Cc1ccccc1NC(=O)c1scnc1CCc1ccncc1,5.0
Cc1ccccc1NC(=O)c1scnc1CCc1cnoc1,5.0
Cc1cccc(NC(=O)c2scnc2CCc2ccncc2)c1,6.251811972993799
Cc1cccc(NC(=O)c2scnc2CCc2cnoc2)c1,5.0
O=C(Nc1ccc(OC(F)(F)Cl)cc1)c1scnc1CCc1ccncc1,6.958607314841775
O=C(Nc1ccc(OC(F)(F)Cl)cc1)c1scnc1CCc1cnoc1,5.752026733638194
CC(C)c1ccc(NC(=O)c2scnc2CCc2ccncc2)cc1,6.853871964321762
CC(C)c1ccc(NC(=O)c2scnc2CCc2cnoc2)cc1,5.79317412396815
CC(C)(C)c1ccc(NC(=O)c2scnc2CCc2ccc3ccccc3n2)cc1,5.0
CC(C)(C)c1ccc(NC(=O)c2scnc2CCc2ccnc3ccccc23)cc1,5.600326278518962
CC(C)(C)c1ccc(NC(=O)c2scnc2CCc2ccncc2)cc1,6.958607314841775
CC(C)(C)c1ccc(NC(=O)c2scnc2CCc2noc3ccccc23)cc1,5.0
CC(C)(C)c1ccc(NC(=O)c2scnc2CCc2cnoc2)cc1,5.838631997765025
O=C(Nc1ccc(Cl)cc1)c1scnc1CCc1ccc2ccccc2n1,5.0
O=C(Nc1ccc(Cl)cc1)c1scnc1CCc1ccnc2ccccc12,5.471083299722345
O=C(Nc1ccc(Cl)cc1)c1scnc1CCc1ccncc1,6.886056647693163
O=C(Nc1ccc(Cl)cc1)c1scnc1CCc1noc2ccccc12,5.0
O=C(Nc1ccc(Br)cc1)c1scnc1CCc1ccncc1,5.991399828238082
O=C(Nc1ccc2c(c1)OCO2)c1scnc1CCc1ccncc1,6.481486060122113
Cc1ccc(NC(=O)c2scnc2CCc2ccncc2)c(F)c1,6.638272163982407
Cc1ccc(NC(=O)c2scnc2CCc2cnoc2)c(F)c1,5.560667306169737
O=C(Nc1ccc(Cl)c(C(F)(F)F)c1)c1scnc1CCc1ccncc1,6.721246399047171
O=C(Nc1ccc(Cl)c(Cl)c1)c1scnc1CCc1ccncc1,7.031517051446065
O=C(Nc1ccc(N2CCOCC2)cc1)c1scnc1CCc1ccncc1,6.236572006437063
Cc1cccc(NC(=O)c2scnc2CCc2cnoc2)c1,5.0
O=C(Nc1ccc(OC(F)(F)Cl)cc1)c1scnc1CCc1ccncc1,7.070581074285707
O=C(Nc1ccc(OC(F)(F)Cl)cc1)c1scnc1CCc1cnoc1,5.647817481888637
CC(C)c1ccc(NC(=O)c2scnc2CCc2ccncc2)cc1,6.920818753952375
CC(C)(C)c1ccc(NC(=O)c2scnc2CCc2ccc3ccccc3n2)cc1,5.0
CC(C)(C)c1ccc(NC(=O)c2scnc2CCc2ccnc3ccccc23)cc1,5.0
CC(C)(C)c1ccc(NC(=O)c2scnc2CCc2ccncc2)cc1,7.136677139879544
CC(C)(C)c1ccc(NC(=O)c2scnc2CCc2noc3ccccc23)cc1,5.0
CC(C)(C)c1ccc(NC(=O)c2scnc2CCc2cnoc2)cc1,5.787812395596042
O=C(Nc1ccc(Cl)cc1)c1scnc1CCc1ccc2ccccc2n1,5.0
O=C(Nc1ccc(Cl)cc1)c1scnc1CCc1ccnc2ccccc12,5.0
O=C(Nc1ccc(Cl)cc1)c1scnc1CCc1ccncc1,7.022276394711152
O=C(Nc1ccc(Cl)cc1)c1scnc1CCc1noc2ccccc12,5.0
O=C(Nc1cnc2ccccc2c1)c1ccccc1NCc1ccncc1,7.823908740944319
O=C(Nc1cccc(C(F)(F)F)c1)c1ccccc1NCc1ccncc1,7.494850021680094
COc1cc2/c(=N/c3ccc(Br)cc3F)nc[nH]c2cc1OCC1CCN(C)CC1,7.657577319177793
Clc1ccc(Nc2nnc(Cc3ccncc3)c3ccccc23)cc1,7.267606240177032
O=C(Nc1cnc2ccccc2c1)c1ccccc1NCc1ccncc1,7.301029995663981
O=C(Nc1cccc(C(F)(F)F)c1)c1ccccc1NCc1ccncc1,7.045757490560675
COc1cc2/c(=N/c3ccc(Br)cc3F)nc[nH]c2cc1OCC1CCN(C)CC1,5.779891911959945
Clc1ccc(Nc2nnc(Cc3ccncc3)c3ccccc23)cc1,7.6777807052660805
COC(=O)c1c(OCCN(C)C)c2ccccc2c2oc3c(c12)C(=O)c1ccccc1C3=O,4.886056647693163
N#CC(C#N)=C(N)/C(C#N)=C/c1cc(O)c(O)c(O)c1,5.366531544420414
COC(=O)c1c(OCCN2CCCCC2)c2ccccc2c2oc3c(c12)C(=O)c1ccccc1C3=O,5.337242168318426
COC(=O)c1c(OCCN2CCCC2)c2ccccc2c2oc3c(c12)C(=O)c1ccccc1C3=O,5.259637310505756
COC(=O)c1c(OCCCN(C)C)c2ccccc2c2oc3c(c12)C(=O)c1ccccc1C3=O,4.809668301829708
CCN(CC)CCOc1c(C(=O)OC)c2c3c(oc2c2ccccc12)C(=O)c1ccccc1C3=O,4.899629454882437
COc1cc2c(Nc3ncc(CC(=O)Nc4cccc(F)c4)s3)ncnc2cc1OCCCN1CCC(CO)CC1,6.0
COc1cc(C2=C(c3c[nH]c4ccccc34)C(=O)NC2=O)cc(OC)c1OC,8.602059991327963
COc1cc2c3c(c4c5ccccc5n(C)c4c2c(OC)c1OC)C(=O)NC3=O,6.1938200260161125
COc1cc2c3c(c4c5ccccc5[nH]c4c2c(OC)c1OC)C(=O)NC3=O,7.2076083105017466
COc1cc(C2=C(c3cn(C)c4ccccc34)C(=O)NC2=O)cc(OC)c1OC,6.221848749616356
COc1ccc2[nH]cc(C3=C(c4cc(OC)c(OC)c(OC)c4)C(=O)NC3=O)c2c1,6.031517051446065
COc1ccc(C2=C(c3c[nH]c4ccccc34)C(=O)NC2=O)cc1OC,6.366531544420414
COc1cc(C2=C(c3cc[nH]c3)C(=O)NC2=O)cc(OC)c1OC,5.6020599913279625
N#Cc1cnc(Nc2ccncn2)s1,6.00436480540245
N#Cc1cnc(Nc2cc(N3CCN(CCN4CCCC4)CC3)ncn2)s1,8.045757490560675
N#Cc1cnc(Nc2cc(N3CCN(CCCN4CCOCC4)CC3)ncn2)s1,8.0
N#Cc1cnc(Nc2cc(N3CCN(CCN4CCOCC4)CC3)ncn2)s1,7.920818753952375
COCCN1CCN(c2cc(Nc3ncc(C#N)s3)ncn2)CC1,8.045757490560675
N#Cc1cnc(Nc2cc(N3CCCNCC3)ncn2)s1,7.568636235841013
N#Cc1cnc(Nc2cc(N3CCCC(N)CC3)ncn2)s1,8.045757490560675
N#Cc1cnc(Nc2cc(N3CCC(N)C3)ncn2)s1,7.795880017344075
N#Cc1cnc(Nc2cc(N3CCC(N)CC3)ncn2)s1,8.0
CN1CCN(c2cc(Nc3ncc(C#N)s3)ncn2)CC1,8.0
N#Cc1cnc(Nc2cc(N3CCNCC3)ncn2)s1,7.795880017344075
CC(=O)N1CCN(c2cc(Nc3ncc(C#N)s3)ncn2)CC1,7.886056647693163
CC(=O)N1CCN(c2nccc(Nc3ncc(C#N)s3)n2)CC1,6.815308569182402
N#Cc1cnc(Nc2cc(N)ncn2)s1,7.3872161432802645
N#Cc1cnc(Nc2ccnc(N)n2)s1,6.254144804826271
N#Cc1cnc(Nc2cc(N3CCN(CCN4CCCC4)CC3)ncn2)s1,7.958607314841775
N#Cc1cnc(Nc2cc(N3CCN(CCCN4CCOCC4)CC3)ncn2)s1,7.638272163982407
N#Cc1cnc(Nc2cc(N3CCN(CCN4CCOCC4)CC3)ncn2)s1,7.721246399047171
COCCN1CCN(c2cc(Nc3ncc(C#N)s3)ncn2)CC1,7.657577319177793
N#Cc1cnc(Nc2cc(N3CCCNCC3)ncn2)s1,7.494850021680094
N#Cc1cnc(Nc2cc(N3CCCC(N)CC3)ncn2)s1,7.823908740944319
N#Cc1cnc(Nc2cc(N3CCC(N)C3)ncn2)s1,7.6777807052660805
N#Cc1cnc(Nc2cc(N3CCC(N)CC3)ncn2)s1,7.229147988357855
CN1CCN(c2cc(Nc3ncc(C#N)s3)ncn2)CC1,7.638272163982407
N#Cc1cnc(Nc2cc(N3CCNCC3)ncn2)s1,7.468521082957745
CC(=O)N1CCN(c2cc(Nc3ncc(C#N)s3)ncn2)CC1,7.356547323513812
Cc1ccccc1Nc1nnc(-c2c(NCc3ccncc3)ncn2C)o1,5.0
Cn1cnc(NCc2ccncc2)c1-c1nnc(Nc2ccc(Oc3ccccc3)cc2)o1,5.0
Cn1cnc(NCc2ccncc2)c1-c1nnc(Nc2ccc(Cc3ccccc3)cc2)o1,5.0
Cn1cnc(NCc2cccc3ncccc23)c1-c1nnc(Nc2ccc(Cl)cc2)o1,5.0
Cn1cnc(NCc2ccc3ccccc3n2)c1-c1nnc(Nc2ccc(Cl)cc2)o1,5.0
Clc1ccc(Nc2nnc(Cc3ccncc3)c3ccccc23)cc1,7.267606240177032
Clc1ccc(Nc2nnc(Cc3ccncc3)c3ccccc23)cc1,7.6777807052660805
Cn1cnc(NCc2ccncc2)c1-c1nnc(Nc2ccc(Cl)cc2)o1,6.6020599913279625
O=C(Nc1cnc2ccccc2c1)c1ccccc1NCc1ccncc1,7.823908740944319
O=C(Nc1cccc(C(F)(F)F)c1)c1ccccc1NCc1ccncc1,7.494850021680094
COc1cc2/c(=N/c3ccc(Br)cc3F)nc[nH]c2cc1OCC1CCN(C)CC1,7.657577319177793
Cn1cnc(NCc2ccncc2)c1-c1nnc(Nc2ccc(Cl)cc2)o1,6.2441251443275085
O=C(Nc1cnc2ccccc2c1)c1ccccc1NCc1ccncc1,7.301029995663981
O=C(Nc1cccc(C(F)(F)F)c1)c1ccccc1NCc1ccncc1,7.045757490560675
COc1cc2/c(=N/c3ccc(Br)cc3F)nc[nH]c2cc1OCC1CCN(C)CC1,5.779891911959945
Cn1cnc(NCc2cccnc2)c1-c1nnc(Nc2ccc(Cl)cc2)o1,5.0
Cn1cnc(NCc2cccnc2)c1-c1nnc(Nc2ccc(Cl)cc2)o1,5.0
COc1ccccc1Nc1nnc(-c2c(NCc3ccncc3)ncn2C)o1,5.0
Cn1cnc(NCc2ccc3ccccc3n2)c1-c1nnc(Nc2ccc(Cl)cc2)o1,5.0
Cn1cnc(NCc2ccccn2)c1-c1nnc(Nc2ccc(Cl)cc2)o1,5.0
Cn1cnc(NCc2ccc3[nH]ncc3c2)c1-c1nnc(Nc2ccc(Cl)cc2)o1,5.0
Cn1cnc(NCCc2ccc3c(c2)OCO3)c1-c1nnc(Nc2ccc(Cl)cc2)o1,5.0
Cn1cnc(NCc2ccccn2)c1-c1nnc(Nc2ccc(Cl)cc2)o1,5.0
Cn1cnc(NCCc2ccc3c(c2)OCO3)c1-c1nnc(Nc2ccc(Cl)cc2)o1,6.017728766960431
Cn1cnc(NCc2ccncc2)c1-c1nnc(Nc2ccc(Cl)c(Cl)c2)o1,6.7447274948966935
COc1cccc(Nc2nnc(-c3c(NCc4ccncc4)ncn3C)o2)c1,6.886056647693163
Cc1cccc(Nc2nnc(-c3c(NCc4ccncc4)ncn3C)o2)c1,6.1487416512809245
Cn1cnc(NCc2ccncc2)c1-c1nnc(Nc2cccc(OC(F)(F)F)c2)o1,7.337242168318426
Cn1cnc(NCc2ccncc2)c1-c1nnc(Nc2ccc(C(F)(F)F)cc2)o1,7.136677139879544
Cn1cnc(NCc2ccncc2)c1-c1nnc(Nc2ccc(OC(F)(F)F)cc2)o1,7.031517051446065
Cn1cnc(NCc2ccncc2)c1-c1nnc(Nc2ccc(OC(F)(F)Cl)cc2)o1,6.886056647693163
CC(C)c1ccc(Nc2nnc(-c3c(NCc4ccncc4)ncn3C)o2)cc1,6.356547323513812
Cn1cnc(NCc2ccncc2)c1-c1nnc(Nc2ccc(C(C)(C)C)cc2)o1,6.42021640338319
Cn1cnc(NCc2cccc3ncccc23)c1-c1nnc(Nc2ccc(Cl)cc2)o1,5.450996737974212
Cn1cnc(NCc2ccc3[nH]ncc3c2)c1-c1nnc(Nc2ccc(Cl)cc2)o1,5.6252516539898965
Cn1cnc(NCc2ccc(F)c(F)c2)c1-c1nnc(Nc2ccc(Cl)cc2)o1,5.730487055782084
Cn1cnc(NCc2ccncc2)c1-c1nnc(Nc2ccc(-c3ccccc3)cc2)o1,5.492144128304169
Cn1cnc(NCc2ccncc2)c1-c1nnc(Nc2ccc(Br)cc2)o1,6.136677139879544
Cn1cnc(NCc2ccncc2)c1-c1nnc(NCc2ccc3c(c2)OCO3)o1,6.853871964321762
Cc1ccc(Nc2nnc(-c3c(NCc4ccncc4)ncn3C)o2)c(F)c1,6.585026652029182
Cn1cnc(NCc2ccncc2)c1-c1nnc(Nc2ccc(Cl)c(C(F)(F)F)c2)o1,7.366531544420414
COc1ccc(Nc2nnc(-c3c(NCc4ccncc4)ncn3C)o2)cc1OC,7.2839966563652006
Cn1cnc(NCc2ccc(F)c(F)c2)c1-c1nnc(Nc2ccc(Cl)cc2)o1,5.247951552180561
Cn1cnc(NCc2ccncc2)c1-c1nnc(NCc2ccc3c(c2)OCO3)o1,6.568636235841013
Cc1ccc(Nc2nnc(-c3c(NCc4ccncc4)ncn3C)o2)c(F)c1,6.1938200260161125
Cn1cnc(NCc2ccncc2)c1-c1nnc(Nc2ccc(Cl)c(C(F)(F)F)c2)o1,7.0
COc1ccc(Nc2nnc(-c3c(NCc4ccncc4)ncn3C)o2)cc1OC,7.031517051446065
Cn1cnc(NCc2ccncc2)c1-c1nnc(Nc2ccc(Cl)c(Cl)c2)o1,6.585026652029182
COc1cccc(Nc2nnc(-c3c(NCc4ccncc4)ncn3C)o2)c1,7.1938200260161125
Cn1cnc(NCc2ccncc2)c1-c1nnc(Nc2cccc(OC(F)(F)F)c2)o1,6.886056647693163
Cn1cnc(NCc2ccncc2)c1-c1nnc(Nc2ccc(C(F)(F)F)cc2)o1,7.086186147616283
Cn1cnc(NCc2ccncc2)c1-c1nnc(Nc2ccc(OC(F)(F)F)cc2)o1,7.180456064458132
Cn1cnc(NCc2ccncc2)c1-c1nnc(Nc2ccc(OC(F)(F)Cl)cc2)o1,7.017728766960431
CC(C)c1ccc(Nc2nnc(-c3c(NCc4ccncc4)ncn3C)o2)cc1,5.939302159646388
Cn1cnc(NCc2ccncc2)c1-c1nnc(Nc2ccc(C(C)(C)C)cc2)o1,5.978810700930062
N[C@H](COc1cncc(/C=C/c2ccncc2)c1)Cc1c[nH]c2ccccc12,4.301029995663981
CN[C@@H]1C[C@H]2O[C@@](C)([C@@H]1OC)n1c3ccccc3c3c4c(c5c6ccccc6n2c5c31)C(=O)NC4,7.055517327849832
Clc1ccc(Nc2nnc(-c3cccc4cnccc34)c3ccccc23)cc1,7.318758762624412
Cn1cc(-c2nnc(Nc3ccc(Cl)cc3)c3ccccc23)cn1,5.0
Clc1ccc(Nc2nnc(-c3cn[nH]c3)c3ccccc23)cc1,5.0
CC(C)(C)c1ccc(Nc2nnc(-c3cccc4ncccc34)c3ccccc23)cc1,5.698970004336019
Clc1ccc(Nc2nnc(-c3cccc4ncccc34)c3ccccc23)cc1,5.0
Cc1cc2cc(Nc3nnc(-c4cccc5cnccc45)c4ccccc34)ccc2[nH]1,6.638272163982407
Cc1ccc(Nc2nnc(-c3cccc4cnccc34)c3ccccc23)c(F)c1,6.366531544420414
FC(F)(F)c1cc(Nc2nnc(-c3cccc4cnccc34)c3ccccc23)ccc1Cl,6.920818753952375
Clc1ccc(Nc2nnc(-c3cccc4cnccc34)c3ccccc23)cc1Cl,6.958607314841775
c1cc(-c2nnc(Nc3ccc(N4CCOCC4)cc3)c3ccccc23)c2ccncc2c1,6.4089353929735005
Cc1ccccc1Nc1nnc(-c2cccc3cnccc23)c2ccccc12,5.0
Cc1cccc(Nc2nnc(-c3cccc4cnccc34)c3ccccc23)c1,6.568636235841013
FC(F)(Cl)Oc1ccc(Nc2nnc(-c3cccc4cnccc34)c3ccccc23)cc1,7.102372908709558
CC(C)c1ccc(Nc2nnc(-c3cccc4cnccc34)c3ccccc23)cc1,7.769551078621726
CC(C)(C)c1ccc(Nc2nnc(-c3cccc4cnccc34)c3ccccc23)cc1,7.1249387366083
Clc1ccc(Nc2nnc(Cc3ccncc3)c3ccccc23)cc1,7.267606240177032
O=C(Nc1ccc(Cc2ccccc2)cc1)c1ccccc1Cn1ccc2ncnc-2c1,5.673664139071248
O=C(Nc1ccc(Oc2ccccc2)cc1)c1ccccc1Cn1ccc2ncnc-2c1,5.809668301829708
O=C(Nc1ccc(-c2ccccc2)cc1)c1ccccc1Cn1ccc2ncnc-2c1,6.161150909262744
O=C(Nc1ccc(Br)cc1)c1ccccc1Cn1ccc2ncnc-2c1,6.42021640338319
O=C(Nc1ccc(Br)cc1)c1ccccc1Cn1ccc2cnccc21,6.356547323513812
O=C(Nc1ccc2c(c1)OCO2)c1ccccc1Cn1ccc2ncnc-2c1,6.638272163982407
O=C(Nc1ccc2c(c1)OCO2)c1ccccc1Cn1ccc2cnccc21,6.886056647693163
Cc1ccc(NC(=O)c2ccccc2Cn2ccc3ncnc-3c2)c(F)c1,6.6777807052660805
Cc1ccc(NC(=O)c2ccccc2Cn2ccc3cnccc32)c(F)c1,6.5376020021010435
O=C(Nc1ccc(Cl)c(C(F)(F)F)c1)c1ccccc1Cn1ccc2ncnc-2c1,6.356547323513812
O=C(Nc1ccc(Cl)c(C(F)(F)F)c1)c1ccccc1Cn1ccc2cnccc21,6.508638306165727
O=C(Nc1ccc(Cl)c(Cl)c1)c1ccccc1Cn1ccc2ncnc-2c1,7.251811972993799
O=C(Nc1ccc(Cl)c(Cl)c1)c1ccccc1Cn1ccc2cnccc21,7.180456064458132
O=C(Nc1ccc(N2CCOCC2)cc1)c1ccccc1Cn1ccc2ncnc-2c1,6.6777807052660805
O=C(Nc1ccc(N2CCOCC2)cc1)c1ccccc1Cn1ccc2cnccc21,6.552841968657781
Cc1ccccc1NC(=O)c1ccccc1Cn1ccc2ncnc-2c1,5.0
Cc1ccccc1NC(=O)c1ccccc1Cn1ccc2cnccc21,5.0
Cc1cccc(NC(=O)c2ccccc2Cn2ccc3ncnc-3c2)c1,6.455931955649724
Cc1cccc(NC(=O)c2ccccc2Cn2ccc3cnccc32)c1,6.327902142064283
O=C(Nc1ccc(OC(F)(F)Cl)cc1)c1ccccc1Cn1ccc2ncnc-2c1,7.022276394711152
O=C(Nc1ccc(OC(F)(F)Cl)cc1)c1ccccc1Cn1ccc2cnccc21,7.136677139879544
CC(C)c1ccc(NC(=O)c2ccccc2Cn2ccc3ncnc-3c2)cc1,6.958607314841775
CC(C)c1ccc(NC(=O)c2ccccc2Cn2ccc3cnccc32)cc1,7.060480747381382
CC(C)(C)c1ccc(NC(=O)c2ccccc2Cn2ccc3ncnc-3c2)cc1,7.214670164989233
CC(C)(C)c1ccc(NC(=O)c2ccccc2Cn2ccc3cnccc32)cc1,7.2839966563652006
O=C(Nc1ccc(Cl)cc1)c1ccccc1Cn1cc(-c2cccnc2)cn1,5.0
O=C(Nc1ccc(Cl)cc1)c1ccccc1Cn1cc(-c2ccncc2)cn1,5.368556230986828
O=C(Nc1ccc(Cl)cc1)c1ccccc1Cn1ccc2ncnc-2c1,7.327902142064283
O=C(Nc1ccc(Cl)cc1)c1ccccc1Cn1ccc2cnccc21,7.036212172654444
O=C(Nc1ccc(Cl)cc1)c1ccccc1Cn1ccc2cccnc21,5.0
COc1cc2ncn(Cc3ccccc3C(=O)Nc3ccc(Cl)cc3)c2cc1OC,5.449771646944906
O=C(Nc1ccc(Cl)cc1)c1ccccc1Cn1cnc2ccccc21,5.0
O=C(Nc1ccc(Cl)cc1)c1ccccc1Cn1ccc2cc(Cl)ccc21,5.0
COc1ccc2c(ccn2Cc2ccccc2C(=O)Nc2ccc(Cl)cc2)c1,5.0
O=C(Nc1ccc(Cl)cc1)c1ccccc1Cn1ccc2ccccc21,5.0
O=C(Nc1cnc2ccccc2c1)c1ccccc1NCc1ccncc1,7.823908740944319
O=C(Nc1cccc(C(F)(F)F)c1)c1ccccc1NCc1ccncc1,7.494850021680094
COc1cc2/c(=N/c3ccc(Br)cc3F)nc[nH]c2cc1OCC1CCN(C)CC1,7.657577319177793
Clc1ccc2[nH]c(-c3ccccc3Cn3ccc4cnccc43)nc2c1,5.575118363368933
CCOC(=O)c1cn2ncnc(Oc3ccc4[nH]ccc4c3)c2c1C,7.060480747381382
COC(=O)c1cn2ncnc(Oc3ccc4[nH]c(C)cc4c3F)c2c1C,7.769551078621726
COC(=O)c1cn2ncnc(Oc3ccc4[nH]c(C)cc4c3)c2c1C,7.107905397309519
CCOC(=O)c1cn2ncnc(Oc3ccc4[nH]ccc4c3)c2c1C(C)C,6.327902142064283
CCOC(=O)c1cn2ncnc(Oc3ccc4[nH]ccc4c3)c2c1CC,6.508638306165727
COC(=O)c1cc2c(Oc3ccc4[nH]ccc4c3)ncnn2c1,6.6777807052660805
Cc1cc2c(F)c(Oc3ncnn4cc(O)c(C)c34)ccc2[nH]1,7.619788758288394
Cc1cc2c(F)c(Oc3ncnn4cc(OCCCNS(C)(=O)=O)c(C)c34)ccc2[nH]1,7.180456064458132
Cc1cc2c(F)c(Oc3ncnn4cc(OCCCS(C)(=O)=O)c(C)c34)ccc2[nH]1,7.154901959985743
COC[C@@H](O)COc1cn2ncnc(Oc3ccc4[nH]c(C)cc4c3F)c2c1C,7.376750709602099
Cc1cc2c(F)c(Oc3ncnn4cc(OC[C@H](C)O)c(C)c34)ccc2[nH]1,7.3979400086720375
Cc1cc2c(F)c(Oc3ncnn4cc(OC[C@@H](C)O)c(C)c34)ccc2[nH]1,7.6020599913279625
Cc1cc2c(F)c(Oc3ncnn4cc(OCCN5CC[C@H](O)C5)c(C)c34)ccc2[nH]1,7.619788758288394
Cc1cc2c(F)c(Oc3ncnn4cc(OCCCN5CCCC5)c(C)c34)ccc2[nH]1,7.698970004336019
Cc1cc2c(F)c(Oc3ncnn4cc(OCCC5CCN(C)CC5)c(C)c34)ccc2[nH]1,7.698970004336019
Cc1cc2c(F)c(Oc3ncnn4cc(OCCCN5CCCCC5)c(C)c34)ccc2[nH]1,7.769551078621726
COc1ccc(N2Cc3cnc(Nc4ccc(F)cc4)nc3N([C@@H]3CC[C@@H](O)C3)C2=O)cc1,7.301029995663981
N[C@H](COc1cncc(/C=C/c2ccncc2)c1)Cc1c[nH]c2ccccc12,4.301029995663981
CN[C@@H]1C[C@H]2O[C@@](C)([C@@H]1OC)n1c3ccccc3c3c4c(c5c6ccccc6n2c5c31)C(=O)NC4,7.055517327849832
N[C@H](COc1cncc(-c2ccc3cnccc3c2)c1)Cc1c[nH]c2ccccc12,4.301029995663981
c1ccc(-c2ccc(Nc3nnc(-c4cccnc4CCc4ccncc4)o3)cc2)cc1,5.580044251510242
Cn1cc(/C=C2\C(=O)NN=C2c2cnccn2)c2ccccc21,7.431798275933005
Cn1cc(/C=C2\C(=O)NN=C2c2nccs2)c2cc3c(cc21)OCO3,7.494850021680094
Cn1cc(/C=C2\C(=O)NN=C2c2nccs2)c2c(Br)cccc21,7.346787486224656
Cn1cc(/C=C2\C(=O)NN=C2c2nccs2)c2cc(Cl)ccc21,7.229147988357855
Cn1cc(/C=C2\C(=O)NN=C2c2nccs2)c2cc(F)ccc21,7.309803919971486
Cn1cc(/C=C2\C(=O)NN=C2c2nccs2)c2ccccc21,7.337242168318426
Cn1cc(/C=C2\C(=O)NN=C2c2cnccn2)c2cc3c(cc21)OCO3,7.769551078621726
COc1cccc2c1c(/C=C1\C(=O)NN=C1c1cnccn1)cn2C,7.585026652029182
Cn1cc(/C=C2\C(=O)NN=C2c2cnccn2)c2c(Br)cccc21,8.221848749616356
Cn1cc(/C=C2\C(=O)NN=C2c2cnccn2)c2c(Cl)cccc21,8.045757490560675
Cn1cc(/C=C2\C(=O)NN=C2c2cnccn2)c2c(F)cccc21,7.769551078621726
COc1ccc2c(c1)c(/C=C1\C(=O)NN=C1c1cnccn1)cn2C,7.522878745280337
Cn1cc(/C=C2\C(=O)NN=C2c2cnccn2)c2cc(Cl)ccc21,8.0
Cn1cc(/C=C2\C(=O)NN=C2c2cnccn2)c2cc(F)ccc21,7.638272163982407
Cc1cc(C)c(/C=C2\C(=O)NN=C2c2ccccc2)[nH]1,5.568636235841013
Cc1cc(C)c(/C=C2\C(=O)NN=C2c2nccs2)[nH]1,7.200659450546418
Clc1ccc(Nc2nnc(Cc3ccncc3)c3ccccc23)cc1,7.267606240177032
FC(F)(F)c1cccc(Nc2nnc(-c3cnccc3CCc3ccncc3)o2)c1,6.142667503568732
FC(F)(F)c1cccc(Nc2nnc(-c3ccncc3CCc3ccncc3)o2)c1,6.251811972993799
FC(F)(F)c1cccc(Nc2nnc(-c3cccnc3CCc3ccncc3)o2)c1,7.1938200260161125
O=C(Nc1cnc2ccccc2c1)c1ccccc1NCc1ccncc1,7.823908740944319
O=C(Nc1cccc(C(F)(F)F)c1)c1ccccc1NCc1ccncc1,7.494850021680094
COc1cc2/c(=N/c3ccc(Br)cc3F)nc[nH]c2cc1OCC1CCN(C)CC1,7.657577319177793
FC(F)(F)c1cccc(Nc2nnc(-c3cc4ccccc4nc3CCc3ccncc3)o2)c1,5.0
Cc1ccccc1Nc1nnc(-c2cccnc2CCc2ccncc2)o1,5.0
COc1ccccc1Nc1nnc(-c2cccnc2CCc2ccncc2)o1,5.0
CC(C)(C)c1ccc(Nc2nnc(-c3cc4ccccc4nc3CCc3ccncc3)o2)cc1,5.0
c1ccc2ncc(Nc3nnc(-c4cc5ccccc5nc4CCc4ccncc4)o3)cc2c1,5.0
FC(F)(F)c1cccc(Nc2nnc(-c3cccnc3CCc3ccc4ccccc4n3)o2)c1,5.0
FC(F)(F)c1cccc(Nc2nnc(-c3ccncc3CCCc3ccc4c(c3)OCO4)o2)c1,5.0
Fc1ccc(CCc2ncccc2-c2nnc(Nc3cccc(C(F)(F)F)c3)o2)cc1F,5.0
FC(F)(F)c1cccc(Nc2nnc(-c3cccnc3CCCc3ccc4c(c3)OCO4)o2)c1,5.0
FC(F)(F)c1cccc(Nc2nnc(-c3cccnc3CCc3ccccn3)o2)c1,5.0
FC(F)(F)c1cccc(Nc2nnc(-c3cccnc3CCc3cccnc3)o2)c1,5.0
c1cnc(CCc2ccncc2)c(-c2nnc(NCc3ccc4c(c3)OCO4)o2)c1,7.070581074285707
Cc1ccc(Nc2nnc(-c3cccnc3CCc3ccncc3)o2)cc1C(F)(F)F,7.060480747381382
COc1ccc(Nc2nnc(-c3cccnc3CCc3ccncc3)o2)cc1OC,7.173925197299173
Clc1ccc(Nc2nnc(-c3cccnc3CCc3ccncc3)o2)cc1Cl,6.102372908709558
COc1cccc(Nc2nnc(-c3cccnc3CCc3ccncc3)o2)c1,6.769551078621726
Cc1cccc(Nc2nnc(-c3cccnc3CCc3ccncc3)o2)c1,6.113509274827518
FC(F)(F)Oc1cccc(Nc2nnc(-c3cnccc3CCc3ccncc3)o2)c1,6.259637310505756
FC(F)(F)Oc1cccc(Nc2nnc(-c3ccncc3CCc3ccncc3)o2)c1,6.327902142064283
FC(F)(F)Oc1cccc(Nc2nnc(-c3cccnc3CCc3ccncc3)o2)c1,7.161150909262744
FC(F)(F)c1ccc(Nc2nnc(-c3cnccc3CCc3ccncc3)o2)cc1,6.356547323513812
FC(F)(F)Oc1ccc(Nc2nnc(-c3cnccc3CCc3ccncc3)o2)cc1,6.443697499232712
FC(F)(Cl)Oc1ccc(Nc2nnc(-c3cnccc3CCc3ccncc3)o2)cc1,6.356547323513812
FC(F)(F)c1ccc(Nc2nnc(-c3ccncc3CCc3ccncc3)o2)cc1,6.5376020021010435
FC(F)(F)Oc1ccc(Nc2nnc(-c3ccncc3CCc3ccncc3)o2)cc1,6.455931955649724
FC(F)(Cl)Oc1ccc(Nc2nnc(-c3ccncc3CCc3ccncc3)o2)cc1,6.657577319177793
FC(F)(F)c1ccc(Nc2nnc(-c3cccnc3CCc3ccncc3)o2)cc1,7.236572006437063
FC(F)(F)Oc1ccc(Nc2nnc(-c3cccnc3CCc3ccncc3)o2)cc1,7.356547323513812
FC(F)(Cl)Oc1ccc(Nc2nnc(-c3cccnc3CCc3ccncc3)o2)cc1,7.508638306165727
CC(C)(C)c1ccc(Nc2nnc(-c3cnccc3CCc3ccncc3)o2)cc1,6.508638306165727
CC(C)c1ccc(Nc2nnc(-c3ccncc3CCc3ccncc3)o2)cc1,6.6020599913279625
CC(C)(C)c1ccc(Nc2nnc(-c3ccncc3CCc3ccncc3)o2)cc1,6.721246399047171
CC(C)c1ccc(Nc2nnc(-c3cccnc3CCc3ccncc3)o2)cc1,7.292429823902063
CC(C)(C)c1ccc(Nc2nnc(-c3cccnc3CCc3ccncc3)o2)cc1,7.366531544420414
c1cnc(CCc2ccncc2)c(-c2nnc(Nc3cnc4ccccc4c3)o2)c1,6.42021640338319
FC(F)(F)c1cccc(Nc2nnc(-c3cccnc3CCc3cccc4ncccc34)o2)c1,5.248720896016658
FC(F)(F)c1cccc(Nc2nnc(-c3cccnc3CCc3ccc4[nH]ncc4c3)o2)c1,5.412289034981089
Clc1ccc(Nc2nnc(Cc3ccncc3)c3ccccc23)cc1,7.6777807052660805
FC(F)(F)c1cccc(Nc2nnc(-c3cnccc3CCc3ccncc3)o2)c1,5.5951662833800615
FC(F)(F)c1cccc(Nc2nnc(-c3ccncc3CCc3ccncc3)o2)c1,5.954677021213342
FC(F)(F)c1cccc(Nc2nnc(-c3cccnc3CCc3ccncc3)o2)c1,6.958607314841775
O=C(Nc1cnc2ccccc2c1)c1ccccc1NCc1ccncc1,7.301029995663981
O=C(Nc1cccc(C(F)(F)F)c1)c1ccccc1NCc1ccncc1,7.045757490560675
COc1cc2/c(=N/c3ccc(Br)cc3F)nc[nH]c2cc1OCC1CCN(C)CC1,5.779891911959945
FC(F)(F)c1cccc(Nc2nnc(-c3cc4ccccc4nc3CCc3ccncc3)o2)c1,5.0
FC(F)(F)c1cccc(Nc2nnc(-c3cccnc3CCc3cccc4ncccc34)o2)c1,5.0
FC(F)(F)c1cccc(Nc2nnc(-c3cccnc3CCc3ccc4ccccc4n3)o2)c1,5.0
FC(F)(F)c1cccc(Nc2nnc(-c3cccnc3CCc3ccc4[nH]ncc4c3)o2)c1,5.0
FC(F)(F)c1cccc(Nc2nnc(-c3ccncc3CCCc3ccc4c(c3)OCO4)o2)c1,5.0
Fc1ccc(CCc2ncccc2-c2nnc(Nc3cccc(C(F)(F)F)c3)o2)cc1F,5.0
FC(F)(F)c1cccc(Nc2nnc(-c3cccnc3CCCc3ccc4c(c3)OCO4)o2)c1,5.0
FC(F)(F)c1cccc(Nc2nnc(-c3cccnc3CCc3ccccn3)o2)c1,5.0
FC(F)(F)c1cccc(Nc2nnc(-c3cccnc3CCc3cccnc3)o2)c1,5.0
c1cnc(CCc2ccncc2)c(-c2nnc(NCc3ccc4c(c3)OCO4)o2)c1,6.5376020021010435
Cc1ccc(Nc2nnc(-c3cccnc3CCc3ccncc3)o2)cc1C(F)(F)F,7.036212172654444
COc1ccc(Nc2nnc(-c3cccnc3CCc3ccncc3)o2)cc1OC,6.958607314841775
Clc1ccc(Nc2nnc(-c3cccnc3CCc3ccncc3)o2)cc1Cl,7.026872146400302
COc1cccc(Nc2nnc(-c3cccnc3CCc3ccncc3)o2)c1,6.5376020021010435
Cc1cccc(Nc2nnc(-c3cccnc3CCc3ccncc3)o2)c1,5.669586226650809
FC(F)(F)Oc1cccc(Nc2nnc(-c3cnccc3CCc3ccncc3)o2)c1,6.119186407719209
FC(F)(F)Oc1cccc(Nc2nnc(-c3ccncc3CCc3ccncc3)o2)c1,6.0655015487564325
FC(F)(F)Oc1cccc(Nc2nnc(-c3cccnc3CCc3ccncc3)o2)c1,6.958607314841775
FC(F)(F)c1ccc(Nc2nnc(-c3cnccc3CCc3ccncc3)o2)cc1,6.130768280269024
FC(F)(F)Oc1ccc(Nc2nnc(-c3cnccc3CCc3ccncc3)o2)cc1,6.292429823902063
FC(F)(Cl)Oc1ccc(Nc2nnc(-c3cnccc3CCc3ccncc3)o2)cc1,6.229147988357855
FC(F)(F)c1ccc(Nc2nnc(-c3ccncc3CCc3ccncc3)o2)cc1,6.142667503568732
FC(F)(F)Oc1ccc(Nc2nnc(-c3ccncc3CCc3ccncc3)o2)cc1,6.180456064458132
FC(F)(Cl)Oc1ccc(Nc2nnc(-c3ccncc3CCc3ccncc3)o2)cc1,6.275724130399211
FC(F)(F)c1ccc(Nc2nnc(-c3cccnc3CCc3ccncc3)o2)cc1,7.119186407719209
FC(F)(F)Oc1ccc(Nc2nnc(-c3cccnc3CCc3ccncc3)o2)cc1,7.292429823902063
FC(F)(Cl)Oc1ccc(Nc2nnc(-c3cccnc3CCc3ccncc3)o2)cc1,7.356547323513812
CC(C)(C)c1ccc(Nc2nnc(-c3cnccc3CCc3ccncc3)o2)cc1,6.2839966563652006
CC(C)c1ccc(Nc2nnc(-c3ccncc3CCc3ccncc3)o2)cc1,6.4089353929735005
CC(C)(C)c1ccc(Nc2nnc(-c3ccncc3CCc3ccncc3)o2)cc1,6.494850021680094
CC(C)c1ccc(Nc2nnc(-c3cccnc3CCc3ccncc3)o2)cc1,7.1249387366083
CC(C)(C)c1ccc(Nc2nnc(-c3cccnc3CCc3ccncc3)o2)cc1,7.200659450546418
Cc1cc(C)c(/C=C2\C(=O)NN=C2c2ccoc2)[nH]1,6.804100347590766
Cc1cc(C)c(/C=C2\C(=O)NN=C2c2cnccn2)[nH]1,7.366531544420414
COc1cc2ncnc(Nc3cccc(Cl)c3F)c2cc1CN1CCCC1,5.0
COCCN1CC(C(N)=O)(N(C)Cc2cc3c(Nc4cccc(Cl)c4F)ncnc3cc2OC)C1,5.0
COc1cc2ncnc(Nc3cccc(Cl)c3F)c2cc1CN(C)C1(C(N)=O)CN(C(C)C)C1,5.0
COc1cc2ncnc(Nc3cccc(Cl)c3F)c2cc1CN(C)C1(C(N)=O)CN(C)C1,5.0
COc1cc2ncnc(Nc3cccc(Cl)c3F)c2cc1CN(C)C1(C(N)=O)CCN(C(C)C)CC1,5.0
COc1cc2ncnc(Nc3cccc(Cl)c3F)c2cc1CN(C)C1(C(N)=O)CCN(C)CC1,5.0
COc1cc2ncnc(Nc3cccc(Cl)c3F)c2cc1CN(C)[C@@H](CN(C)C)C(N)=O,5.0
COCC[C@@H](C(N)=O)N(C)Cc1cc2c(Nc3cccc(Cl)c3F)ncnc2cc1OC,5.0
COC[C@@H](C(N)=O)N(C)Cc1cc2c(Nc3cccc(Cl)c3F)ncnc2cc1OC,5.0
COc1cc2ncnc(Nc3cccc(Cl)c3F)c2cc1CN(C)[C@@H](CO)C(N)=O,5.0
COc1cc2ncnc(Nc3cccc(Cl)c3F)c2cc1CN(CCN(C)C)[C@@H](C)C(N)=O,5.0
COCCN(Cc1cc2c(Nc3cccc(Cl)c3F)ncnc2cc1OC)[C@@H](C)C(N)=O,5.0
COc1cc2ncnc(Nc3cccc(Cl)c3F)c2cc1CN(C(C)C)[C@@H](C)C(N)=O,5.0
COc1cc2ncnc(Nc3cccc(Cl)c3F)c2cc1CN(C)C1CCNC1=O,5.0
COc1cc2ncnc(Nc3cccc(Cl)c3F)c2cc1CN(C)[C@H](C)C(=O)N(C)C,5.0
CNC(=O)[C@@H](C)N(C)Cc1cc2c(Nc3cccc(Cl)c3F)ncnc2cc1OC,5.0
COc1cc2ncnc(Nc3cccc(Cl)c3F)c2cc1CN(C)[C@@H](C)C(N)=O,5.0
COc1cc2ncnc(Nc3cccc(Cl)c3F)c2cc1CN(C)[C@H](C)C(N)=O,5.0
COc1cc2ncnc(Nc3cccc(Cl)c3F)c2cc1CN(C)CC(N)=O,5.0
COc1cc2ncnc(Nc3cccc(Cl)c3F)c2cc1CN[C@H](C)C(N)=O,5.0
COc1cc2ncnc(Nc3cccc(Cl)c3F)c2cc1CN1CC(C(N)=O)C1,5.0
COc1cc2ncnc(Nc3cccc(Cl)c3F)c2cc1CN1CCC1C(N)=O,5.0
COc1cc2ncnc(Nc3cccc(Cl)c3F)c2cc1CN1CCOCC1C(N)=O,5.0
COc1cc2ncnc(Nc3cccc(Cl)c3F)c2cc1CN1CCCC[C@@H]1C(N)=O,5.0
COc1cc2ncnc(Nc3cccc(Cl)c3F)c2cc1CN1CCN(C)CC1C(N)=O,5.0
COc1cc2ncnc(Nc3cccc(Cl)c3F)c2cc1CN1CCC[C@H]1CC(N)=O,5.0
COc1cc2ncnc(Nc3cccc(Cl)c3F)c2cc1CN1CC[C@H](C(N)=O)C1,5.0
COc1cc2ncnc(Nc3cccc(Cl)c3F)c2cc1CN1CCC[C@@H]1C(=O)N(C)C,5.0
CNC(=O)[C@H]1CCCN1Cc1cc2c(Nc3cccc(Cl)c3F)ncnc2cc1OC,5.0
COc1cc2ncnc(Nc3cccc(Cl)c3F)c2cc1CN1C[C@H](OC)C[C@@H]1C(N)=O,5.0
COc1cc2ncnc(Nc3cccc(Cl)c3F)c2cc1CN1CCC[C@@H]1C(N)=O,5.0
COc1cc2ncnc(Nc3cccc(Cl)c3F)c2cc1CN1CCC[C@H]1C(N)=O,5.0
COc1cc2ncnc(Nc3ccc(F)c(Cl)c3)c2cc1CN1CCC[C@H]1C(N)=O,5.0
COc1cc2ncnc(Nc3ccc(F)c(Cl)c3)c2cc1CN1CCC[C@@H]1C(N)=O,5.0
O=C(NC1CC1)c1cc(NCc2cnc(Nc3ccccn3)s2)c(F)cc1F,7.3979400086720375
O=C(NC1CC1)c1cc(NCc2cnc(Nc3ccccn3)s2)c(F)cc1F,7.638272163982407
CNC(=O)c1cc(NCc2cnc(Nc3ccccn3)s2)c(F)cc1F,7.1487416512809245
O=C(NCCN1CCOCC1)c1ccc(F)c(NCc2cnc(Nc3ccccn3)s2)c1,7.070581074285707
O=C(NCc1ccccn1)c1ccc(F)c(NCc2cnc(Nc3ccccn3)s2)c1,7.1938200260161125
O=C(NCc1ccccc1)c1ccc(F)c(NCc2cnc(Nc3ccccn3)s2)c1,7.769551078621726
O=C(NC1CCCC1)c1ccc(F)c(NCc2cnc(Nc3ccccn3)s2)c1,6.958607314841775
O=C(NC1CC1)c1ccc(F)c(CCc2cnc(Nc3ccccn3)s2)c1,7.853871964321762
O=C(NC1CC1)c1ccc(F)c(NCc2cnc(Nc3ccccn3)s2)c1,7.5376020021010435
CNC(=O)c1ccc(F)c(NCc2cnc(Nc3ccccn3)s2)c1,7.522878745280337
CNC(=O)c1cccc(NCc2cnc(Nc3ccccn3)s2)c1,6.552841968657781
CNC(=O)c1cccc(CSc2cnc(Nc3ccccn3)s2)c1,7.055517327849832
CONC(=O)c1cccc(CSc2cnc(Nc3ccccn3)s2)c1,7.130768280269024
COc1ccc(C(=O)Nc2ncc(SCc3ncc(C(C)(C)C)o3)s2)cc1OC,5.721246399047171
CONC(=O)c1cc(Nc2ncnn3cc(-c4nnc(C)o4)c(C(C)C)c23)c(F)cc1F,7.7447274948966935
COc1ccccc1N(C(=O)Oc1c(C)cccc1C)c1ccnc(Nc2ccc(N3CCN(C)CC3)cc2)n1,6.721246399047171
COc1ccc(N(C(=O)Oc2c(C)cccc2C)c2ccnc(Nc3ccc(N4CCN(C)CC4)cc3)n2)cc1,6.376750709602099
Cc1cccc(C)c1OC(=O)N(c1ccnc(Nc2ccc(N3CCN(C)CC3)cc2)n1)c1ccc(F)cc1OC(C)C,5.318758762624412
COc1ccc(N(C(=O)Oc2c(C)cccc2C)c2ccnc(Nc3ccc(N4CCN(C)CC4)cc3)n2)c(OC)c1,6.1938200260161125
COc1ccc(OC)c(N(C(=O)Oc2c(C)cccc2C)c2ccnc(Nc3ccc(N4CCN(C)CC4)cc3)n2)c1,6.698970004336019
Cc1cccc(C)c1OC(=O)N(c1ccc2ccccc2c1)c1ccnc(Nc2ccc(N3CCN(C)CC3)cc2)n1,6.886056647693163
Cc1cccc(C)c1OC(=O)N(c1ccc(-c2ccccc2)cc1)c1ccnc(Nc2ccc(N3CCN(C)CC3)cc2)n1,6.229147988357855
Cc1cccc(C)c1OC(=O)N(c1cccc(-c2ccccc2)c1)c1ccnc(Nc2ccc(N3CCN(C)CC3)cc2)n1,5.721246399047171
COc1ccc(N(C(=O)Oc2c(C)cccc2C)c2ccnc(Nc3ccc(N4CCN(C)CC4)c(OC)c3)n2)c(OC)c1,6.853871964321762
COc1ccc(N(C(=O)Oc2c(C)cccc2C)c2ccnc(Nc3cc(OC)c(N4CCN(C)CC4)c(OC)c3)n2)c(OC)c1,6.769551078621726
COc1ccc(N(C(=O)Oc2c(C)cccc2C)c2ccnc(Nc3ccc(N4CCN(C)CC4)c(F)c3)n2)c(OC)c1,6.585026652029182
COc1ccc(N(C(=O)Oc2c(C)cccc2C)c2ccnc(Nc3ccc(OCCN(C)C)cc3)n2)c(OC)c1,6.657577319177793
COc1ccc(N(C(=O)Oc2c(C)cccc2C)c2ccnc(Nc3ccc(OCCCN(C)C)cc3)n2)c(OC)c1,6.638272163982407
COc1ccc(N(C(=O)Oc2c(C)cccc2C)c2ccnc(Nc3ccc(OCCN4CCN(C)CC4)cc3)n2)c(OC)c1,6.2441251443275085
COc1ccc(N(C(=O)Oc2c(C)cccc2C)c2ccnc(Nc3cc(OC)c(OCCN4CCN(C)CC4)c(OC)c3)n2)c(OC)c1,6.638272163982407
COc1ccc(N(C(=O)Oc2c(C)cccc2C)c2ccnc(Nc3cc(OC)c(OCCN4CCOCC4)c(OC)c3)n2)c(OC)c1,6.769551078621726
COc1ccc(N(C(=O)Oc2c(C)cccc2C)c2ccnc(Nc3ccc(OCCN4CCCCC4)cc3)n2)c(OC)c1,6.455931955649724
COc1ccc(N(C(=O)Oc2c(C)cccc2C)c2ccnc(Nc3ccc(OCCCN4CCN(C)CC4)c(OC)c3)n2)c(OC)c1,6.6777807052660805
COc1ccc(N(C(=O)Oc2c(C)cccc2C)c2ccnc(Nc3cc(OC)c(OCCCN4CCN(C)CC4)c(OC)c3)n2)c(OC)c1,6.853871964321762
COc1ccc(N(C(=O)Oc2c(C)cccc2C)c2ccnc(Nc3ccc(OCCCN4CCN(C)CC4)c(F)c3)n2)c(OC)c1,6.229147988357855
COc1ccc(N(C(=O)Oc2c(C)cccc2C)c2ccnc(Nc3ccc(OCCCN4CCCCC4)c(F)c3)n2)c(OC)c1,6.2076083105017466
Cc1cccc(C)c1OC(=O)N(c1ccccc1)c1ccnc(Nc2ccc(N3CCN(C)CC3)cc2)n1,6.721246399047171
c1csc(-c2n[nH]c3c2Cc2ccccc2-3)c1,6.031517051446065
c1cn(Cc2ccc3c(c2)-c2[nH]nc(-c4ccsc4)c2C3)cn1,6.533132379645891
CN1CCN(Cc2cccc3c2Cc2c(-c4ccccc4)n[nH]c2-3)CC1,4.85078088734462
CN1CCN(Cc2ccc3c(c2)Cc2c(-c4ccccc4)n[nH]c2-3)CC1,6.154901959985743
CN1CCN(Cc2ccc3c(c2)-c2[nH]nc(-c4ccccc4)c2C3)CC1,6.221848749616356
CN1CCN(Cc2cccc(-c3[nH]nc4c3Cc3ccccc3-4)c2)CC1,5.468521082957745
CN1CCN(Cc2ccc(-c3[nH]nc4c3Cc3ccccc3-4)cc2)CC1,5.853871964321762
CN1CCN(Cc2ccc3c(c2)Cc2c(-c4ccc(O)cc4)n[nH]c2-3)CC1,6.301029995663981
CN1CCN(Cc2ccc3c(c2)Cc2c(-c4cccnc4)n[nH]c2-3)CC1,5.036212172654444
CN1CCN(Cc2ccc3c(c2)Cc2c(-c4cccs4)n[nH]c2-3)CC1,5.978810700930062
CN1CCN(Cc2ccc3c(c2)Cc2c(-c4ccsc4)n[nH]c2-3)CC1,6.3979400086720375
CN1CCN(Cc2ccc3c(c2)-c2[nH]nc(-c4ccsc4)c2C3)CC1,6.7447274948966935
CN1CCN(Cc2ccc3c(c2)Cc2c(-c4cncs4)n[nH]c2-3)CC1,5.546681659952962
CN1CCN(Cc2ccc3c(c2)Cc2c(-c4cscn4)n[nH]c2-3)CC1,5.126098402135539
CN1CCN(Cc2ccc3c(c2)Cc2c(-c4nccs4)n[nH]c2-3)CC1,4.778846678045295
Cc1ccc(-c2n[nH]c3c2Cc2cc(CN4CCN(C)CC4)ccc2-3)s1,5.262012673666569
Cc1csc(-c2n[nH]c3c2Cc2cc(CN4CCN(C)CC4)ccc2-3)c1,4.901702463505302
CN1CCN(Cc2ccc3c(c2)Cc2c(-c4cc5ccccc5s4)n[nH]c2-3)CC1,4.301029995663981
Cc1ccsc1-c1n[nH]c2c1Cc1cc(CN3CCN(C)CC3)ccc1-2,4.301029995663981
CN1CCN(c2ccc3c(c2)Cc2c(-c4cccs4)n[nH]c2-3)CC1,2.997833938243492
CN1CCN(CCc2ccc3c(c2)-c2[nH]nc(-c4ccsc4)c2C3)CC1,3.844663962534938
CCN(CC)Cc1ccc2c(c1)-c1[nH]nc(-c3ccsc3)c1C2,3.0840727883028842
CC(C)N1CCN(Cc2ccc3c(c2)-c2[nH]nc(-c4ccsc4)c2C3)CC1,3.721246399047171
CN1CCN(C(=O)c2ccc3c(c2)-c2[nH]nc(-c4ccsc4)c2C3)CC1,2.389233405226729
O=CN1CCN(Cc2ccc3c(c2)-c2[nH]nc(-c4ccsc4)c2C3)CC1,3.1771783546968955
c1cn(Cc2ccc3c(c2)-c2[nH]nc(-c4ccsc4)c2C3)nn1,3.721246399047171
c1ncn(Cc2ccc3c(c2)-c2[nH]nc(-c4ccsc4)c2C3)n1,3.96657624451305
c1cn(Cc2ccc3c(c2)-c2[nH]nc(-c4ccsc4)c2C3)cn1,3.832682665251824
c1ccc(-c2n[nH]c3c2Cc2ccccc2-3)cc1,5.920818753952375
Cc1cccc(NC(=O)Nc2ccc(-c3noc4ncnc(N)c34)cc2)c1,7.0
Nc1ncnc2onc(-c3ccc(NC(=O)Nc4cccc(C(F)(F)F)c4)cc3)c12,6.769551078621726
Nc1ncnc2snc(-c3ccc(NC(=O)Nc4cccc(C(F)(F)F)c4)cc3)c12,8.301029995663981
CCc1cccc(NC(=O)Nc2ccc(-c3nsc4ncnc(N)c34)cc2)c1,8.301029995663981
Nc1ncnc2snc(-c3ccc(NC(=O)Nc4cccc(Cl)c4)cc3)c12,7.301029995663981
Cc1ccc(F)c(NC(=O)Nc2ccc(-c3nsc4ncnc(N)c34)cc2)c1,7.6777807052660805
CCc1cccc(NC(=O)Nc2ccc(-c3noc4ncnc(N)c34)cc2)c1,6.6020599913279625
Nc1ncnc2onc(-c3ccc(NC(=O)Nc4cc(C(F)(F)F)ccc4F)cc3)c12,6.414539270491499
Cc1cccc(NC(=O)Nc2ccc(-c3csc4ncnc(N)c34)cc2)c1,9.0
Cc1cccc(NC(=O)Nc2ccc(-c3nsc4ncnc(N)c34)cc2)c1,9.0
Cc1cccc(NC(=O)Nc2ccc(-c3nsc4ncnc(N)c34)cc2)c1,7.886056647693163
Cc1cc(C)c2oc(Nc3ccc(-c4nsc5ncnc(N)c45)cc3)nc2c1,4.366531544420414
Cc1cccc(NC(=O)Nc2ccc(-c3noc4ncnc(N)c34)cc2)c1,7.013228265733755
Nc1ncnc2snc(-c3ccc(NC(=O)Nc4cccc(C(F)(F)F)c4)cc3)c12,8.397940008672037
Nc1ncnc2onc(-c3ccc(NC(=O)Nc4cccc(C(F)(F)F)c4)cc3)c12,7.154901959985743
Cc1cccc(NC(=O)Nc2ccc(Cc3nsc4ncnc(N)c34)cc2)c1,5.0655015487564325
Nc1ncnc2snc(Cc3ccc(NC(=O)Nc4cccc(C(F)(F)F)c4)cc3)c12,5.6777807052660805
Cc1cccc(NC(=O)Nc2ccc(-c3noc4ncnc(N)c34)o2)c1,4.657577319177793
Nc1ncnc2onc(-c3ccc(NC(=O)Nc4cccc(C(F)(F)F)c4)o3)c12,4.795880017344075
CCc1cccc(NC(=O)Nc2ccc(-c3nsc4ncnc(N)c34)cc2)c1,8.301029995663981
Nc1ncnc2snc(-c3ccc(NC(=O)Nc4cccc(Cl)c4)cc3)c12,7.721246399047171
Nc1ncnc2snc(-c3ccc(NC(=O)Nc4cc(C(F)(F)F)ccc4F)cc3)c12,7.795880017344075
Cc1ccc(F)c(NC(=O)Nc2ccc(-c3nsc4ncnc(N)c34)cc2)c1,8.096910013008056
CCc1cccc(NC(=O)Nc2ccc(-c3noc4ncnc(N)c34)cc2)c1,7.619788758288394
Nc1ncnc2onc(-c3ccc(NC(=O)Nc4cc(C(F)(F)F)ccc4F)cc3)c12,6.647817481888637
Cc1cccc(NC(=O)Nc2ccc(-c3csc4ncnc(N)c34)cc2)c1,8.522878745280337
Nc1ccc(-c2nsc3ncnc(N)c23)cc1,4.337242168318426
Nc1ncnc2onc(-c3ccc(NC(=O)c4ccccc4)cc3)c12,4.301029995663981
Cc1cc(C)c2oc(Nc3ccc(-c4noc5ncnc(N)c45)cc3)nc2c1,4.301029995663981
Nc1ncnc2snc(-c3ccc([N+](=O)[O-])cc3)c12,4.301029995663981
CN1CCN(Cc2ccc3c(c2)-c2n[nH]c(-c4ccc(CN(C)C(=O)Nc5cccc(C(F)(F)F)c5)s4)c2C3)CC1,6.709965388637482
Cc1cccc(NC(=O)N(Cc2ccc(-c3n[nH]c4c3Cc3cc(CN5CCN(C)CC5)ccc3-4)s2)C2CC2)c1,6.767003889607846
CCCN(Cc1ccc(-c2[nH]nc3c2Cc2cc(CN4CCN(C)CC4)ccc2-3)s1)C(=O)Nc1cccc(C)c1,6.703334809738469
CN1CCN(Cc2ccc3c(c2)Cc2c-3n[nH]c2-c2ccc(CN(C)C(=O)Nc3cccc(OC(F)(F)F)c3)s2)CC1,6.661543506395395
CN1CCN(Cc2ccc3c(c2)Cc2c-3n[nH]c2-c2ccc(CN(C)C(=O)Nc3cc(F)cc(C(F)(F)F)c3)s2)CC1,6.632644078973981
Cc1cccc(NC(=O)NCc2ccc(-c3n[nH]c4c3Cc3cc(CN5CCN(C)CC5)ccc3-4)s2)c1,6.835647144215563
Cc1cccc(NC(=O)N(C)Cc2ccc(-c3n[nH]c4c3Cc3cc(CN5CCN(C)CC5)ccc3-4)s2)c1,6.835647144215563
Cc1cccc(NC(=O)OCc2ccc(-c3n[nH]c4c3Cc3cc(CN5CCN(C)CC5)ccc3-4)s2)c1,5.698970004336019
CN1CCN(Cc2ccc3c(c2)-c2[nH]nc(-c4ccsc4)c2C3)CC1,6.7447274948966935
Cc1cccc(NC(=O)NCc2ccc(-c3n[nH]c4c3Cc3ccc(CN5CCN(C)CC5)cc3-4)s2)c1,7.318758762624412
Cc1cccc(NC(=O)NCc2ccc(-c3n[nH]c4c3Cc3cc(CN5CCN(C)CC5)ccc3-4)s2)c1,7.214670164989233
Cc1cccc(NC(=O)NCc2cc(-c3n[nH]c4c3Cc3cc(CN5CCN(C)CC5)ccc3-4)cs2)c1,6.7447274948966935
Cc1cccc(NC(=O)NCc2cc(-c3n[nH]c4c3Cc3ccc(CN5CCN(C)CC5)cc3-4)cs2)c1,6.991399828238082
Cc1cccc(C(=O)NCc2ccc(-c3n[nH]c4c3Cc3cc(CN5CCN(C)CC5)ccc3-4)s2)c1,4.9106248391839005
Cc1cccc(CC(=O)NCc2ccc(-c3n[nH]c4c3Cc3cc(CN5CCN(C)CC5)ccc3-4)s2)c1,5.556424120249742
Cc1cccc(NC(=O)CCc2ccc(-c3n[nH]c4c3Cc3cc(CN5CCN(C)CC5)ccc3-4)s2)c1,6.673664139071248
CN1CCN(Cc2ccc3c(c2)Cc2c(-c4csc(CNS(=O)(=O)c5ccccc5)c4)n[nH]c2-3)CC1,4.642160403462019
CN1CCN(Cc2ccc3c(c2)Cc2c(-c4csc(CNS(=O)(=O)Cc5ccccc5)c4)n[nH]c2-3)CC1,4.301029995663981
CN1CCN(Cc2ccc3c(c2)Cc2c(-c4ccc(CNC(=O)Oc5ccccc5)s4)n[nH]c2-3)CC1,4.616939023069007
Cc1cccc(NC(=O)OCc2ccc(-c3n[nH]c4c3Cc3cc(CN5CCN(C)CC5)ccc3-4)s2)c1,7.376750709602099
Cc1ccc2[nH]c(NCc3ccc(-c4n[nH]c5c4Cc4cc(CN6CCN(C)CC6)ccc4-5)s3)nc2c1,4.301029995663981
Cc1cccc(N/C(=N/Cc2ccc(-c3n[nH]c4c3Cc3cc(CN5CCN(C)CC5)ccc3-4)s2)NC#N)c1,4.301029995663981
Cc1cccc(NC(=O)N2CCc3cc(-c4n[nH]c5c4Cc4cc(CN6CCN(C)CC6)ccc4-5)sc3C2)c1,6.338187314462739
Cc1ccccc1NC(=O)NCc1ccc(-c2n[nH]c3c2Cc2cc(CN4CCN(C)CC4)ccc2-3)s1,6.35261702988538
Cc1ccc(NC(=O)NCc2ccc(-c3n[nH]c4c3Cc3cc(CN5CCN(C)CC5)ccc3-4)s2)cc1,6.511449283499556
CN1CCN(Cc2ccc3c(c2)Cc2c(-c4ccc(CNC(=O)Nc5ccccc5C(F)(F)F)s4)n[nH]c2-3)CC1,5.54030602352203
CN1CCN(Cc2ccc3c(c2)Cc2c(-c4ccc(CNC(=O)Nc5cccc(C(F)(F)F)c5)s4)n[nH]c2-3)CC1,7.468521082957745
CN1CCN(Cc2ccc3c(c2)Cc2c(-c4ccc(CNC(=O)Nc5ccc(C(F)(F)F)cc5)s4)n[nH]c2-3)CC1,6.55129368009492
CN1CCN(Cc2ccc3c(c2)Cc2c(-c4ccc(CNC(=O)Nc5ccccc5Cl)s4)n[nH]c2-3)CC1,6.701146923590294
Cc1cc(C)cc(NC(=O)NCc2ccc(-c3n[nH]c4c3Cc3cc(CN5CCN(C)CC5)ccc3-4)s2)c1,7.200659450546418
CN1CCN(Cc2ccc3c(c2)Cc2c(-c4ccc(CNC(=O)Nc5cc(Cl)cc(Cl)c5)s4)n[nH]c2-3)CC1,7.102372908709558
Cc1cccc(NC(=O)N(C)Cc2ccc(-c3n[nH]c4c3Cc3cc(CN5CCN(C)CC5)ccc3-4)s2)c1,6.798602875679548
Cc1cccc(N(C)C(=O)NCc2ccc(-c3[nH]nc4c3Cc3cc(CN5CCN(C)CC5)ccc3-4)s2)c1,5.318125877871353
Cc1cccc(N(C)C(=O)N(C)Cc2ccc(-c3[nH]nc4c3Cc3cc(CN5CCN(C)CC5)ccc3-4)s2)c1,5.127377620974712
Cc1ccccc1NC(=O)N(C)Cc1ccc(-c2[nH]nc3c2Cc2cc(CN4CCN(C)CC4)ccc2-3)s1,6.913640169325252
CN1CCN(Cc2ccc3c(c2)Cc2c-3n[nH]c2-c2ccc(CN(C)C(=O)Nc3ccccc3Cl)s2)CC1,6.7447274948966935
CN1CCN(Cc2ccc3c(c2)Cc2c-3n[nH]c2-c2ccc(CN(C)C(=O)Nc3cc(F)cc(C(F)(F)F)c3)s2)CC1,7.698970004336019
CN1CCN(Cc2ccc3c(c2)Cc2c-3n[nH]c2-c2ccc(CN(C)C(=O)Nc3cccc(OC(F)(F)F)c3)s2)CC1,7.568636235841013
CCN(Cc1ccc(-c2[nH]nc3c2Cc2cc(CN4CCN(C)CC4)ccc2-3)s1)C(=O)Nc1cccc(C)c1,7.346787486224656
CCCN(Cc1ccc(-c2[nH]nc3c2Cc2cc(CN4CCN(C)CC4)ccc2-3)s1)C(=O)Nc1cccc(C)c1,7.455931955649724
Cc1cccc(NC(=O)N(Cc2ccc(-c3[nH]nc4c3Cc3cc(CN5CCN(C)CC5)ccc3-4)s2)C(C)C)c1,6.910094888560602
Cc1cccc(NC(=O)N(Cc2ccc(-c3n[nH]c4c3Cc3cc(CN5CCN(C)CC5)ccc3-4)s2)C2CC2)c1,7.6777807052660805
Cc1cccc(NC(=O)N(Cc2ccc(-c3[nH]nc4c3Cc3cc(CN5CCN(C)CC5)ccc3-4)s2)CC(C)C)c1,6.785156151952302
Cc1cccc(NC(=O)N(CCC(C)C)Cc2ccc(-c3[nH]nc4c3Cc3cc(CN5CCN(C)CC5)ccc3-4)s2)c1,6.581698708680254
CON(Cc1ccc(-c2[nH]nc3c2Cc2cc(CN4CCN(C)CC4)ccc2-3)s1)C(=O)Nc1cccc(C)c1,6.586700235918748
COCCN(Cc1ccc(-c2[nH]nc3c2Cc2cc(CN4CCN(C)CC4)ccc2-3)s1)C(=O)Nc1cccc(C)c1,6.767003889607846
CN1CCN(Cc2ccc3c(c2)-c2[nH]nc(-c4ccc(CNC(=O)Nc5ccccc5)s4)c2C3)CC1,6.735182176990463
Cc1ccccc1NC(=O)NCc1ccc(-c2n[nH]c3c2Cc2ccc(CN4CCN(C)CC4)cc2-3)s1,6.798602875679548
Cc1ccc(NC(=O)NCc2ccc(-c3n[nH]c4c3Cc3ccc(CN5CCN(C)CC5)cc3-4)s2)cc1,6.982966660701219
Cc1cccc(NC(=O)N(C)Cc2ccc(-c3n[nH]c4c3Cc3ccc(CN5CCN(C)CC5)cc3-4)s2)c1,7.292429823902063
CN1CCN(Cc2ccc3c(c2)-c2n[nH]c(-c4ccc(CN(C)C(=O)Nc5cccc(C(F)(F)F)c5)s4)c2C3)CC1,7.958607314841775
CN1CCN(Cc2ccc3c(c2)-c2n[nH]c(-c4ccc(CN(C)C(=O)Nc5cccc(Cl)c5)s4)c2C3)CC1,7.920818753952375
CN1CCN(Cc2ccc3c(c2)-c2n[nH]c(-c4ccc(CN(C)C(=O)Nc5ccc(F)cc5)s4)c2C3)CC1,7.795880017344075
CN1CCN(Cc2ccc3c(c2)-c2n[nH]c(-c4ccc(CN(C)C(=O)Nc5ccc(OC(F)(F)F)cc5)s4)c2C3)CC1,7.769551078621726
CN1CCN(Cc2ccc3c(c2)-c2n[nH]c(-c4ccc(CN(C)C(=O)Nc5ccc(Cl)c(Cl)c5)s4)c2C3)CC1,7.7447274948966935
CN1CCN(Cc2ccc3c(c2)-c2n[nH]c(-c4ccc(CN(C)C(=O)Nc5ccc(Br)cc5)s4)c2C3)CC1,7.721246399047171
CN1CCN(Cc2ccc3c(c2)-c2n[nH]c(-c4ccc(CN(C)C(=O)Nc5ccc(Cl)cc5)s4)c2C3)CC1,7.6777807052660805
c1cn(Cc2ccc3c(c2)-c2[nH]nc(-c4ccsc4)c2C3)cn1,6.8326826652518236
CNc1ncc2cc(-c3cc(C(=O)Nc4cccc(C(F)(F)F)c4)ccc3C)ccc2n1,9.0
Cc1ccc(C(=O)Nc2cccc(C(F)(F)F)c2C)cc1-c1ccc2nc(NC3CC3)ncc2c1,8.221848749616356
Cc1ccc(C(=O)Nc2cccc(C(F)(F)F)c2C)cc1-c1ccc2nc(Nc3ccccc3)ncc2c1,8.397940008672037
Cc1ccc(C(=O)Nc2cccc(C(F)(F)F)c2C)cc1-c1ccc2nc(NC3CCN(C)CC3)ncc2c1,6.987162775294828
Cc1ccc(C(=O)Nc2cccc(C(F)(F)F)c2C)cc1-c1ccc2nc(NCCN3CCCC3)ncc2c1,6.609064892896621
Cc1ccc(C(=O)Nc2cccc(C(F)(F)F)c2C)cc1-c1ccc2nc(NCCN3CCCCC3)ncc2c1,6.761953896871205
Cc1ccc(C(=O)Nc2cccc(C(F)(F)F)c2C)cc1-c1ccc2nc(N(C)CCCN3CCOCC3)ncc2c1,6.534617148551582
Cc1ccc(C(=O)Nc2cccc(C(F)(F)F)c2C)cc1-c1ccc2nc(NCCCN3CCOCC3)ncc2c1,8.154901959985743
Cc1ccc(C(=O)Nc2cccc(C(F)(F)F)c2C)cc1-c1ccc2nc(NCCN3CCOCC3)ncc2c1,7.823908740944319
Cc1ccc(C(=O)Nc2cccc(C(F)(F)F)c2)cc1-c1ccc2nc(NCCN3CCOCC3)ncc2c1,9.0
Cc1ccc(C(=O)Nc2cccc(C(F)(F)F)c2C)cc1-c1ccc2nc(N)ncc2c1,7.823908740944319
Cc1ccc(C(=O)Nc2cccc(C(F)(F)F)c2)cc1-c1ccc2nc(N)ncc2c1,8.698970004336019
Cc1ccccc1-c1ccc2nc(N)ncc2c1,5.303993284781455
CNc1ncc2cc(-c3cc(Nc4nc5cc(C(F)(F)F)ccc5[nH]4)ccc3C)ccc2n1,5.842241113953136
CNc1ncc2cc(-c3cc(NC(=O)Nc4cccc(C(F)(F)F)c4)ccc3C)ccc2n1,7.2839966563652006
CNc1ncc2cc(-c3cc(NC(=O)c4cccc(C(F)(F)F)c4)ccc3C)ccc2n1,8.301029995663981
CNc1ncc2cc(-c3cc(C(=O)Nc4cc(C(F)(F)F)ccc4N4CC(C)(C)C4=O)ccc3C)ccc2n1,6.443697499232712
CCN(CC)CC(=O)Nc1ccc(C(F)(F)F)cc1NC(=O)c1ccc(C)c(-c2ccc3nc(NC)ncc3c2)c1,6.51427857351842
CNc1ncc2cc(-c3cc(C(=O)Nc4cc(C(F)(F)F)ccc4NC(=O)NCCN4CCOCC4)ccc3C)ccc2n1,7.327902142064283
CNc1ncc2cc(-c3cc(C(=O)Nc4cc(C(F)(F)F)ccc4N4CCN(C)C4=O)ccc3C)ccc2n1,6.336299074610352
CNc1ncc2cc(-c3cc(C(=O)Nc4cc(C(F)(F)F)ccc4N4CCCCC4)ccc3C)ccc2n1,5.849243560139691
CNc1ncc2cc(-c3cc(C(=O)Nc4cc(C(F)(F)F)ccc4OC4CCN(C)CC4)ccc3C)ccc2n1,7.769551078621726
CNc1ncc2cc(-c3cc(C(=O)Nc4ccc(Cl)c(C(F)(F)F)c4C)ccc3C)ccc2n1,7.6777807052660805
CNc1ncc2cc(-c3cc(C(=O)Nc4ccc(Cl)c(C(F)(F)F)c4)ccc3C)ccc2n1,8.522878745280337
CNc1ncc2cc(-c3cc(C(=O)Nc4ccc(OC5CCN(C)CC5)cc4)ccc3C)ccc2n1,8.096910013008056
CNc1ncc2cc(-c3cc(C(=O)Nc4cccc5c4CCC5)ccc3C)ccc2n1,7.318758762624412
CNc1ncc2cc(-c3cc(C(=O)Nc4cccc(C(F)(F)F)c4C)ccc3C)ccc2n1,8.096910013008056
COc1cc2c(cc1OC)Oc1ncnc(Nc3cccc(Br)c3)c1NC2,5.0
COc1cc2c(cc1OC)Oc1ncnc(Sc3cccc(Cl)c3)c1NC2,5.0
COc1cc2c(cc1OC)Oc1ncnc(Sc3cccc(Br)c3)c1NC2,5.0
COc1cc2c(cc1OC)Oc1ncnc(Oc3ccc(F)c(Cl)c3)c1N(C)C2,5.0
COc1cc2c(cc1OC)Oc1ncnc(Oc3cccc(Cl)c3F)c1NC2,5.0
COc1cc2c(cc1OC)Oc1ncnc(Oc3cccc(Br)c3)c1N(C)C2,5.0
COc1cc2c(cc1OC)Oc1ncnc(Oc3cccc(Br)c3)c1NC2,5.0
COc1cc2c(cc1OC)Oc1nc(C)nc(Nc3cccc(Cl)c3F)c1NC2,5.0
COc1cc2c(cc1OC)Oc1nc(C)nc(Nc3cccc(Br)c3)c1NC2,5.0
COc1cc2c(cc1OC)Oc1ncnc(Nc3ccc4ncsc4c3)c1NC2,5.0
COc1cc2c(cc1OC)Oc1ncnc(Nc3ccc4ccccc4c3)c1NC2,5.0
COc1cc2c(cc1OC)Oc1ncnc(Nc3ccc4c[nH]nc4c3)c1NC2,5.0
COc1cc2c(cc1OC)Oc1ncnc(Nc3ccc(F)cc3Cl)c1NC2,5.0
COc1cc2c(cc1OC)Oc1ncnc(Nc3cc(Cl)ccc3F)c1NC2,5.0
COc1cc2c(cc1OC)Oc1ncnc(Nc3cccc(Cl)c3F)c1NC2,5.0
COc1cc2c(cc1OC)Oc1ncnc(Nc3ccc(F)c(Cl)c3)c1NC2,5.0
COc1cc2c(cc1OC)Oc1ncnc(Nc3ccc(F)cc3)c1NC2,5.0
COc1cc2c(cc1OC)Oc1ncnc(Nc3ccc(Br)cc3)c1NC2,5.0
C#Cc1cccc(Nc2ncnc3c2NCc2cc(OC)c(OC)cc2O3)c1,5.0
COc1cc2c(cc1OC)Oc1ncnc(Nc3cccc(C)c3)c1NC2,5.0
COc1cc2c(cc1OC)Nc1ncnc(NCc3ccc(F)c(Cl)c3)c1NC2,5.698970004336019
COc1cc2c(cc1OC)Nc1ncnc(N[C@H](C)c3ccccc3)c1NC2,5.698970004336019
COc1cc2c(cc1OC)Nc1ncnc(NCc3ccccc3)c1NC2,5.698970004336019
COc1cccc(CNc2ncnc3c2NCc2cc(OC)c(OC)cc2N3)c1,5.698970004336019
O=C(Nc1cccc(C(F)(F)F)c1)c1ccccc1NCc1ccncc1,7.508638306165727
C[C@@H]1C[C@H]2CN1CCn1nc3c(cccc3c1O)-c1nc3c(cccc3nc1O)O2,6.0
COc1ccc(Cl)c(Nc2ncnc3cccc(OC4CCN(C)CC4)c23)c1,5.301029995663981
COc1ccc(Cl)c(Nc2ncnc3cc(OC)cc(OC4CCN(C)CC4)c23)c1,5.698970004336019
CC(C)COc1cc(OC2CCN(C)CC2)c2c(Nc3c(Cl)ccc4c3OCO4)ncnc2c1,5.0
CN1CCC(Oc2cc(OCCF)cc3ncnc(Nc4c(Cl)ccc5c4OCO5)c23)CC1,4.698970004336019
Clc1ccc2c(c1Nc1ncnc3cccc(Oc4ccncc4)c13)OCO2,4.481486060122113
Clc1ccc2c(c1Nc1ncnc3cc(OCCN4CCCC4)cc(OC4CCOCC4)c13)OCO2,5.0
COc1cc(OC2CCN(C)CC2)c2c(Nc3c(Cl)ccc4c3OCO4)ncnc2c1,4.667561540084395
COc1ccc(Cl)c(Nc2ncnc3cc(OCC4CCN(C)CC4)c(OC)cc23)c1,6.173925197299173
CN1CCN(CCOc2cc(OC3CCOCC3)c3c(Nc4c(Cl)ccc5c4OCO5)ncnc3c2)CC1,4.679853713888946
CC(=O)N1CCN(CCOc2cc(OC(C)C)c3c(Nc4c(F)ccc5c4OCO5)ncnc3c2)CC1,5.187086643357144
CC(C)Oc1cc(OCCN2CCOCC2)cc2ncnc(Nc3c(Cl)ccc4c3OCO4)c12,5.0
CC(C)Oc1cc(OCCCN2CCCC2)cc2ncnc(Nc3c(Cl)ccc4c3OCO4)c12,5.920818753952375
CN1CCN(CCCOc2cc(OC3CCOCC3)c3c(Nc4c(Cl)ccc5c4OCO5)ncnc3c2)CC1,6.0
COc1cc(Oc2ccncc2)c2c(Nc3c(Cl)ccc4c3OCO4)ncnc2c1,4.667561540084395
COc1ccc(Cl)c(Nc2ncnc3cc(OCCCN4CCN(C)CC4)cc(OC4CCOCC4)c23)c1,7.3979400086720375
Clc1ccc2c(c1Nc1ncnc3cc(OCCN4CCCC4)cc(N4CCOCC4)c13)OCO2,5.301029995663981
CN1CCC(COc2cc(OC3CCOCC3)c3c(Nc4c(Cl)ccc5c4OCO5)ncnc3c2)CC1,5.698970004336019
c1cc(Nc2ncnc3cc(OCCN4CCCC4)cc(OC4CCOCC4)c23)c2c(c1)OCCO2,7.301029995663981
Clc1ccc2c(c1Nc1ncnc3cc(OCCCN4CCCC4)cc(OC4CCOCC4)c13)OCO2,5.6020599913279625
c1cc(Nc2ncnc3cc(OCCN4CCCC4)cc(OC4CCOCC4)c23)c2c(c1)OCO2,6.187086643357144
COc1cc(OC2CCN(C)CC2)c2c(Nc3cccc4c3OCCO4)ncnc2c1,6.301029995663981
COc1cc(OC2CCN(C)CC2)c2c(Nc3cccc4c3OCO4)ncnc2c1,5.6020599913279625
c1cc(Nc2ncnc3cc(OCCCN4CCCC4)cc(OC4CCOCC4)c23)c2c(c1)OCO2,7.0
COc1ccc(Cl)c(Nc2ncnc3cc(OCCCN4CCOCC4)cc(OC(C)C)c23)c1,7.522878745280337
COc1ccc(Cl)c(Nc2ncnc3cc(OCCCN4CCOCC4)cc(OC4CCOC4)c23)c1,7.301029995663981
COc1ccc(Cl)c(Nc2ncnc3cc(OCCCN4CCOCC4)cc(OC4CCCCC4)c23)c1,5.259637310505756
COc1ccc(Cl)c(Nc2ncnc3cc(OCCCN4CCOCC4)cc(OC4CCOCC4)c23)c1,6.3979400086720375
Clc1ccc2c(c1Nc1ncnc3cc(OCCc4ccncc4)cc(OC4CCOCC4)c13)OCO2,5.301029995663981
CO[C@@H](C(=O)N1Cc2[nH]nc(NC(=O)c3ccc(N4CCN(C)CC4)cc3)c2C1)c1ccccc1,6.364516253185088
COc1cc(C2=C(c3c[nH]c4ccccc34)C(=O)NC2=O)cc(OC)c1OC,8.602059991327963
CCCn1c2ccc(NC(=O)N(C)c3ccccc3)cc2c2c3c(c4c(c21)CCc1nn(C)cc1-4)C(=O)NC3,8.154901959985743
COc1cccc(NC(=O)Nc2ccc3c(c2)c2c4c(c5c(c2n3CC(C)C)CCc2nn(C)cc2-5)C(=O)NC4)c1,7.6020599913279625
CCCn1c2ccc(N)cc2c2c3c(c4c(c21)CCc1nn(C)cc1-4)C(=O)NC3,8.045757490560675
CCCn1c2ccc(NC(=O)Nc3ccccc3)cc2c2c3c(c4c(c21)CCc1nn(C)cc1-4)C(=O)NC3,7.795880017344075
CCCn1c2ccc(NC(=O)Nc3cc(C(F)(F)F)ccc3F)cc2c2c3c(c4c(c21)CCc1nn(C)cc1-4)C(=O)NC3,6.798602875679548
CCCn1c2ccc(NC(=O)Nc3cc(C)ccc3F)cc2c2c3c(c4c(c21)CCc1nn(C)cc1-4)C(=O)NC3,7.5376020021010435
CCCn1c2ccc(NC(=O)Nc3cccs3)cc2c2c3c(c4c(c21)CCc1nn(C)cc1-4)C(=O)NC3,7.6777807052660805
CCCn1c2ccc(NC(=O)Nc3ccc(C)cc3)cc2c2c3c(c4c(c21)CC(C=N)=CC4)C(=O)NC3,8.096910013008056
CCCn1c2ccc(NC(=O)Nc3ccc(N(C)C)cc3)cc2c2c3c(c4c(c21)CCc1nn(C)cc1-4)C(=O)NC3,7.619788758288394
CCCn1c2ccc(NC(=O)Nc3ccc(SC)cc3)cc2c2c3c(c4c(c21)CCc1nn(C)cc1-4)C(=O)NC3,7.853871964321762
CCCCn1c2ccc(NC(=O)Nc3ccc(OC)cc3)cc2c2c3c(c4c(c21)CCc1nn(C)cc1-4)C(=O)NC3,6.995678626217358
COc1ccc(NC(=O)Nc2ccc3c(c2)c2c4c(c5c(c2n3CC(C)C)CCc2nn(C)cc2-5)C(=O)NC4)cc1,7.7447274948966935
CCCn1c2ccc(NC(=O)Nc3ccc(OC)cc3)cc2c2c3c(c4c(c21)CCc1nn(C)cc1-4)C(=O)NC3,7.795880017344075
CCn1c2ccc(NC(=O)Nc3ccc(OC)cc3)cc2c2c3c(c4c(c21)CCc1nn(C)cc1-4)C(=O)NC3,7.958607314841775
CC(C)Cn1c2ccc(N)cc2c2c3c(c4c(c21)CCc1nn(C)cc1-4)C(=O)NC3,7.958607314841775
CCCn1c2ccc(NC(=O)Nc3ccccc3Br)cc2c2c3c(c4c(c21)CCc1nn(C)cc1-4)C(=O)NC3,8.0
CCCn1c2ccc(NC(=O)Nc3ccccc3Cl)cc2c2c3c(c4c(c21)CCc1nn(C)cc1-4)C(=O)NC3,8.045757490560675
CCCn1c2ccc(NC(=O)Nc3ccc(Cl)cc3)cc2c2c3c(c4c(c21)CCc1nn(C)cc1-4)C(=O)NC3,7.318758762624412
CCCn1c2ccc(NC(=O)Nc3ccccc3F)cc2c2c3c(c4c(c21)CCc1nn(C)cc1-4)C(=O)NC3,8.045757490560675
CCCn1c2ccc(NC(=O)Nc3cccc(F)c3)cc2c2c3c(c4c(c21)CCc1nn(C)cc1-4)C(=O)NC3,7.920818753952375
CCCn1c2ccc(NC(=O)Nc3ccc(F)cc3)cc2c2c3c(c4c(c21)CCc1nn(C)cc1-4)C(=O)NC3,7.920818753952375
COc1ccccc1NC(=O)Nc1ccc2c(c1)c1c3c(c4c(c1n2CC(C)C)CCc1nn(C)cc1-4)C(=O)NC3,7.3872161432802645
CCCOC(=O)Nc1ccc2c(c1)c1c3c(c4c(c1n2CCC)CCc1nn(C)cc1-4)C(=O)NC3,8.522878745280337
CCCn1c2ccc(NC(=O)OCC)cc2c2c3c(c4c(c21)CCc1nn(C)cc1-4)C(=O)NC3,8.698970004336019
CCCn1c2ccc(NC(=O)OC(C)C)cc2c2c3c(c4c(c21)CCc1nn(C)cc1-4)C(=O)NC3,8.301029995663981
CCCn1c2ccc(NC(=O)Oc3ccc(F)cc3)cc2c2c3c(c4c(c21)CCc1nn(C)cc1-4)C(=O)NC3,7.337242168318426
CCCn1c2ccc(NC(=O)Oc3ccc(OC)cc3)cc2c2c3c(c4c(c21)CCc1nn(C)cc1-4)C(=O)NC3,7.920818753952375
CC(C)Cn1c2ccc(NC(=O)c3ccco3)cc2c2c3c(c4c(c21)CCc1nn(C)cc1-4)C(=O)NC3,8.301029995663981
CCCn1c2ccc(NC(=O)c3ccco3)cc2c2c3c(c4c(c21)CCc1nn(C)cc1-4)C(=O)NC3,8.522878745280337
CC(C)Cn1c2ccc(NC(=O)c3cccs3)cc2c2c3c(c4c(c21)CCc1nn(C)cc1-4)C(=O)NC3,8.154901959985743
CCCn1c2ccc(NC(=O)c3cccs3)cc2c2c3c(c4c(c21)CCc1nn(C)cc1-4)C(=O)NC3,8.397940008672037
CCCCn1c2ccc(N)cc2c2c3c(c4c(c21)CCc1nn(C)cc1-4)C(=O)NC3,7.055517327849832
COc1cc(Nc2c(C#N)cnc3cc(-c4coc(CN5CCN(C)CC5)c4)c(OC)cc23)c(Cl)cc1Cl,6.0
Cc1cccc(C)c1-c1cc(C)c2nc(Nc3ccc(OCCN4CCCC4)cc3)nnc2c1,6.255707016877324
CO/N=C/c1c(N)ncnc1Oc1ccc2ncccc2c1,6.154901959985743
CO/N=C/c1c(N)ncnc1Oc1cc2cc[nH]c2cc1F,6.91721462968355
CO/N=C/c1c(N)ncnc1Oc1ccc2[nH]ccc2c1F,6.931814138253839
CO/N=C/c1c(N)ncnc1Oc1ccc2[nH]cc(C)c2c1,5.983802646487561
CO/N=C/c1c(N)ncnc1Oc1ccc2[nH]c(C)cc2c1,6.835647144215563
CO/N=C/c1c(N)ncnc1Oc1ccc2c(ccn2C)c1,5.924818145381308
CO/N=C/c1c(N)ncnc1Oc1ccc2[nH]ccc2c1,6.559090917934782
CO/N=C/c1c(N)ncnc1Oc1ccc2cccnc2c1,5.799149501908922
Cc1cc2c(F)c(Oc3ncnc(N)c3/C=N/OCCCO)ccc2[nH]1,7.958607314841775
Cc1cc2c(F)c(Oc3ncnc(N)c3/C=N/OCCO)ccc2[nH]1,7.356547323513812
Cc1cc2c(F)c(Oc3ncnc(N)c3/C=N/O)ccc2[nH]1,7.481486060122112
COCCCO/N=C/c1c(N)ncnc1Oc1ccc2[nH]c(C)cc2c1F,7.2076083105017466
COCCO/N=C/c1c(N)ncnc1Oc1ccc2[nH]c(C)cc2c1F,7.619788758288394
Cc1cc2c(F)c(Oc3ncnc(N)c3/C=N/OCCCN(C)C)ccc2[nH]1,6.995678626217358
Cc1cc2c(F)c(Oc3ncnc(N)c3/C=N/OCCN3CCOCC3)ccc2[nH]1,7.4089353929735005
Cc1cc2c(F)c(Oc3ncnc(N)c3/C=N/OCCN3CCCC3)ccc2[nH]1,6.669586226650809
Cc1cc2c(F)c(Oc3ncnc(N)c3/C=N/OCCN(C)C)ccc2[nH]1,6.728158393463501
CNCCO/N=C/c1c(N)ncnc1Oc1ccc2[nH]c(C)cc2c1F,7.031517051446065
Cc1cc2c(F)c(Oc3ncnc(N)c3/C=N/OCc3ccccc3)ccc2[nH]1,6.696803942579511
Cc1cc2c(F)c(Oc3ncnc(N)c3/C=N/OCC3CCCCC3)ccc2[nH]1,6.384049948343599
C#CCO/N=C/c1c(N)ncnc1Oc1ccc2[nH]c(C)cc2c1F,7.2839966563652006
C=CCO/N=C/c1c(N)ncnc1Oc1ccc2[nH]c(C)cc2c1F,7.2839966563652006
CCCCO/N=C/c1c(N)ncnc1Oc1ccc2[nH]c(C)cc2c1F,6.939302159646388
CCCO/N=C/c1c(N)ncnc1Oc1ccc2[nH]c(C)cc2c1F,7.366531544420414
CCO/N=C/c1c(N)ncnc1Oc1ccc2[nH]c(C)cc2c1F,7.376750709602099
CNc1ncnc(-c2cccnc2Oc2cc(C(=O)Nc3cc(C(F)(F)F)ccc3N(C)CCCN(C)C)ccc2C)n1,5.3979400086720375
CNc1ncnc(-c2cccnc2Oc2ccc(F)c(C(=O)Nc3cc(C(C)C)ccc3N(C)CCCN(C)C)c2)n1,5.096910013008056
CNc1ncnc(-c2cccnc2Oc2ccc(F)c(C(=O)Nc3cc(C(F)(F)F)ccc3N(C)CCCN(C)C)c2)n1,5.107905397309519
CNc1ncnc(-c2cccnc2Oc2ccc(F)c(C(=O)Nc3cc(C(F)(F)F)ccc3N3CCCCC3)c2)n1,4.6020599913279625
Cc1ccc(C(=O)Nc2cccc(C(F)(F)F)c2)cc1Nc1ncccc1-c1ccncn1,8.397940008672037
CNc1ncnc(-c2cccnc2Oc2ccc(F)c(C(=O)Nc3cc(C4CC4)ccc3N(C)CCCN(C)C)c2)n1,4.6020599913279625
CNc1ncnc(-c2cc(C)cnc2Oc2cc(C(=O)Nc3cc(C(F)(F)F)ccc3N3CCCCC3)ccc2C)n1,4.6020599913279625
CNc1ncnc(-c2cccnc2Oc2cc(C(=O)Nc3cccc(C(F)(F)F)c3)ccc2C)n1,7.013228265733755
CNc1nccc(-c2cccnc2Oc2ccc(F)c(C(=O)Nc3cc(C(F)(F)F)ccc3N(C)CCCN(C)C)c2)n1,7.337242168318426
CNc1nccc(-c2cccnc2Oc2ccc(F)c(C(=O)Nc3cc(C(F)(F)F)ccc3N3CCCCC3)c2)n1,4.6020599913279625
CNc1nccc(-c2cc(C)cnc2Oc2cccc(C(=O)Nc3cc(C(F)(F)F)ccc3N3CCCCC3)c2C)n1,5.585026652029182
CNc1nccc(-c2cccnc2Oc2cc(C(=O)Nc3cc(C(F)(F)F)ccc3N3CCCCC3)ccc2C)n1,6.336299074610352
CNc1nccc(-c2cccnc2Oc2cc(C(=O)Nc3cc(C(F)(F)F)ccc3N3CCCCC3)ccc2Cl)n1,6.170696227168975
CNc1nccc(-c2cccnc2Oc2cc(C(=O)Nc3cc(C(F)(F)F)ccc3N3CCCCC3)ccc2F)n1,5.698970004336019
CNc1nccc(-c2cccnc2Oc2cccc(C(=O)Nc3cc(C(F)(F)F)ccc3N3CCCCC3)c2)n1,5.096910013008056
COc1ccc(C2CCCCC2)cc1NC(=O)c1ccc(C)c(Oc2ncccc2-c2ncnc3cc(OC)c(OC)cc23)c1,4.6020599913279625
COc1ccc(C2CCCCC2)cc1NC(=O)c1ccc(C)c(Oc2ncccc2-c2ccnc3ccccc23)c1,4.6020599913279625
CNc1cc(-c2cccnc2Oc2cc(C(=O)Nc3cc(C4CCCCC4)ccc3OC)ccc2C)ccn1,4.6020599913279625
CNc1ncnc(-c2cccnc2Oc2cc(C(=O)Nc3cc(C4CCCCC4)ccc3OC)ccc2C)n1,4.6020599913279625
CNc1nccc(-c2cccnc2Oc2cc(C(=O)Nc3cc(C4CCCCC4)ccc3OC)ccc2C)n1,7.154901959985743
CNc1nccc(-c2cccnc2Oc2cc(C(=O)Nc3cc(C(F)(F)F)ccc3N3CCOCC3)ccc2C)n1,6.508638306165727
Cc1ccc(C(=O)Nc2cc(C(F)(F)F)ccc2N2CCOCC2)cc1Oc1ncccc1-c1ccncn1,4.6020599913279625
CNc1nccc(-c2cccnc2Oc2cc(C(=O)Nc3cccc(C(F)(F)F)c3)ccc2C)n1,8.522878745280337
Cc1ccc(C(=O)Nc2cc(C(F)(F)F)ccc2N2CCCCC2)cc1Oc1ncccc1-c1ccncn1,5.886056647693163
COc1ccc(C(F)(F)F)cc1NC(=O)c1ccc(C)c(Oc2ncccc2-c2ccncn2)c1,7.0
Cc1ccc(C(=O)Nc2ccc(C(F)(F)F)cc2)cc1Oc1ncccc1-c1ccncn1,6.151810883008602
Cc1ccc(C(=O)Nc2cccc(C(F)(F)F)c2)cc1Oc1ncccc1-c1ccncn1,7.229147988357855
Cc1ccc(C(=O)Nc2cc(C(F)(F)F)ccc2N2CCCCC2)cc1Nc1ncccc1-c1ccncn1,4.6020599913279625
COc1ccc(C(F)(F)F)cc1NC(=O)c1ccc(C)c(Nc2ncccc2-c2ccncn2)c1,7.236572006437063
Cc1ccc(C(=O)Nc2cc(CCCN(C)C)cc(C(F)(F)F)c2)cc1Nc1ncccc1-c1ccncn1,8.698970004336019
Cc1ccc(C(=O)Nc2ccc(C(F)(F)F)cc2)cc1Nc1ncccc1-c1ccncn1,6.752026733638194
COc1cc(Nc2ncnc(-c3cccnc3Nc3cccc(C(=O)Nc4ccc(Oc5ccccc5)cc4)c3)n2)cc(OC)c1OC,7.42021640338319
O=C(Nc1ccc(Oc2ccccc2)cc1)c1cccnc1NCc1ccncc1,7.42021640338319
COc1cc(Nc2ncnc(-c3cccnc3Nc3ccccc3)n2)cc(OC)c1OC,5.301029995663981
Cc1ccc(C(=O)Nc2ccccc2)cc1Nc1ncccc1-c1ccncn1,6.361510743045363
CNc1nccc(-c2cccnc2Oc2cc(C(=O)Nc3cccc(C(F)(F)F)c3)ccc2C)n1,8.522878745280337
Cc1ccc(C(=O)Nc2cccc(C(F)(F)F)c2)cc1C#Cc1cnc(N)nc1,8.698970004336019
Cc1ccc(C(=O)Nc2cccc(C(F)(F)F)c2)cc1-c1ccc2nc(N)ncc2c1,8.698970004336019
CN(C)[C@H]1CCN(c2ccc(C(F)(F)F)cc2NC(=O)c2cc(C#Cc3cnc(N)nc3)ccc2F)C1,5.522878745280337
CN(C)[C@@H]1CCN(c2ccc(C(F)(F)F)cc2NC(=O)c2cc(C#Cc3cnc(N)nc3)ccc2F)C1,6.050609993355087
Nc1ncc(C#Cc2ccc(F)c(C(=O)Nc3cc(C(F)(F)F)ccc3N3CCC[C@H](N)C3)c2)cn1,6.096910013008056
CN[C@H]1CCCN(c2ccc(C(F)(F)F)cc2NC(=O)c2cc(C#Cc3cnc(N)nc3)ccc2F)C1,5.995678626217358
CN(C)[C@H]1CCCN(c2ccc(C(F)(F)F)cc2NC(=O)c2cc(C#Cc3cnc(N)nc3)ccc2F)C1,5.987162775294828
CN(C)[C@@H]1CCCN(c2ccc(C(F)(F)F)cc2NC(=O)c2cc(C#Cc3cnc(N)nc3)ccc2F)C1,6.0915149811213505
CN(C)C1CCN(c2ccc(C(F)(F)F)cc2NC(=O)c2cc(C#Cc3cnc(N)nc3)ccc2F)CC1,6.769551078621726
CN1CCN(c2ccc(C(F)(F)F)cc2NC(=O)c2cc(C#Cc3cnc(N)nc3)ccc2F)CC1,5.958607314841775
CN(C)CCCN(C)c1ccc(C(F)(F)F)cc1NC(=O)c1cc(C#Cc2cnc(N)nc2)ccc1F,7.958607314841775
COc1ccc(C#Cc2cnc(N)nc2)cc1C(=O)Nc1cc(C(F)(F)F)ccc1N1CCCCC1,6.4089353929735005
Nc1ncc(C#Cc2ccc(F)c(C(=O)Nc3cc(C(F)(F)F)ccc3N3CCCCC3)c2)cn1,6.318758762624412
Nc1ncc(C#Cc2cccc(C(=O)Nc3cc(C(F)(F)F)ccc3N3CCCCC3)c2)cn1,6.0
Cc1ccc(C(=O)Nc2cc(C(F)(F)F)ccc2N2CCCCC2)cc1C#Cc1cnc(N)nc1,6.0
Nc1ncc(C#Cc2ccc(F)c(C(=O)Nc3cccc(C(F)(F)F)c3)c2)cn1,8.221848749616356
Nc1ncc(C#Cc2cccc(C(=O)Nc3cccc(C(F)(F)F)c3)c2)cn1,9.0
Cc1ccc(C(=O)Nc2cccc(C(F)(F)F)c2)cc1C#Cc1cnc2ccccc2n1,8.397940008672037
Cc1ccc(C(=O)Nc2cccc(C(F)(F)F)c2)cc1C#Cc1cnc2ccccc2c1,9.0
CNC(=O)c1ccc(C#Cc2cc(C(=O)Nc3cccc(C(F)(F)F)c3)ccc2C)cn1,6.772113295386326
Cc1ccc(C(=O)Nc2cccc(C(F)(F)F)c2)cc1C#Cc1cnc2[nH]cnc2c1,9.0
Cc1ccc(C(=O)Nc2cccc(C(F)(F)F)c2)cc1C#Cc1ccc(N)nc1,9.0
COC(=O)[C@]1(O)C[C@@H]2O[C@@]1(C)n1c3ccccc3c3c4c(c5c6ccccc6n2c5c31)C(=O)NC4,7.366531544420414
O=C1NCc2c3c(c4[nH]c5ccccc5c4c21)Cc1ccccc1-3,6.382999658879101
O=C1NCc2c1c1c3ccccc3sc1c1[nH]c3ccccc3c21,6.522878745280337
O=C1NCc2c1c1c(c3[nH]c4ccccc4c23)Cc2ccccc2-1,6.958607314841775
O=C1NCc2c3c(c4[nH]c5ccccc5c4c21)CCc1ccccc1-3,6.522878745280337
O=C1NC(=O)c2c1c1c(c3[nH]c4ccccc4c23)CCc2ccccc2-1,6.522878745280337
Nc1ccc(-c2cccc3[nH]nc(N)c23)cc1,5.319664486585437
Nc1n[nH]c2cccc(-c3ccc(NC(=O)C4CCCCC4)cc3)c12,7.0655015487564325
Nc1n[nH]c2cccc(-c3ccc(NC(=O)NC4CCCC4)cc3)c12,6.815308569182402
Nc1n[nH]c2cccc(-c3ccc(NC(=O)Nc4ccsc4)cc3)c12,7.823908740944319
Cc1cccc(NC(=O)Nc2ccc(-c3cccc4[nH]nc(N)c34)cc2)c1,8.522878745280337
Nc1n[nH]c2cccc(-c3ccc(NC(=O)Nc4ccccc4)cc3)c12,7.1938200260161125
Nc1n[nH]c2cccc(-c3ccc(NS(=O)(=O)c4ccccc4)cc3)c12,5.335358024443875
Nc1n[nH]c2cccc(-c3ccc(NC(=O)c4ccccc4)cc3)c12,4.903089986991944
Nc1n[nH]c2cccc(-c3ccc(NC(=O)Nc4cc(C(F)(F)F)ccc4F)cc3)c12,7.045757490560675
Cc1ccc(NC(=O)Nc2ccc(-c3cccc4[nH]nc(N)c34)cc2)cc1F,7.443697499232712
Cc1cc(NC(=O)Nc2ccc(-c3cccc4[nH]nc(N)c34)cc2)ccc1F,8.397940008672037
Cc1ccc(F)c(NC(=O)Nc2ccc(-c3cccc4[nH]nc(N)c34)cc2)c1,8.397940008672037
Nc1n[nH]c2cccc(-c3ccc(NC(=O)Nc4cccc(O)c4)cc3)c12,7.259637310505756
Nc1n[nH]c2cccc(-c3ccc(NC(=O)Nc4cccc(C(F)(F)F)c4)cc3)c12,8.0
Nc1n[nH]c2cccc(-c3ccc(NC(=O)Nc4cccc(Br)c4)cc3)c12,7.443697499232712
Nc1n[nH]c2cccc(-c3ccc(NC(=O)Nc4cccc(Cl)c4)cc3)c12,8.096910013008056
CCc1cccc(NC(=O)Nc2ccc(-c3cccc4[nH]nc(N)c34)cc2)c1,8.221848749616356
Cc1ccc(NC(=O)Nc2ccc(-c3cccc4[nH]nc(N)c34)cc2)cc1,7.920818753952375
Cc1ccccc1NC(=O)Nc1ccc(-c2cccc3[nH]nc(N)c23)cc1,7.060480747381382
Nc1n[nH]c2cccc(-c3ccc(NC(=O)Nc4ccc(F)cc4)cc3)c12,7.173925197299173
Nc1n[nH]c2cccc(-c3ccc(NC(=O)Nc4cccc(F)c4)cc3)c12,7.638272163982407
Nc1n[nH]c2cccc(-c3ccc(NC(=O)Nc4ccccc4F)cc3)c12,7.086186147616283
COCCn1nc(N)c2c(-c3ccc(NC(=O)Nc4cc(C)ccc4F)cc3)cccc21,5.510041520575165
Cc1cccc(NC(=O)Nc2ccc(-c3cccc4c3c(N)nn4CCN3CCOCC3)cc2)c1,5.886056647693163
Cc1cccc(NC(=O)Nc2ccc(-c3cccc4c3c(N)nn4CCO)cc2)c1,6.221848749616356
Cc1cccc(NC(=O)Nc2ccc(-c3cccc4c3c(N)nn4C)cc2)c1,7.958607314841775
Cc1cccc(NC(=O)Nc2ccc(-c3ccc(CN4CCN(C)CC4)c4[nH]nc(N)c34)cc2)c1,5.920818753952375
Cc1cccc(NC(=O)Nc2ccc(-c3ccc(CN4CCOCC4)c4[nH]nc(N)c34)cc2)c1,6.4089353929735005
COCCOc1ccc(-c2ccc(NC(=O)Nc3cccc(C)c3)cc2)c2c(N)n[nH]c12,7.6777807052660805
Cc1cccc(NC(=O)Nc2ccc(-c3ccc(OCCN4CCCC4=O)c4[nH]nc(N)c34)cc2)c1,7.6020599913279625
Cc1cccc(NC(=O)Nc2ccc(-c3ccc(OCCN4CCOCC4)c4[nH]nc(N)c34)cc2)c1,7.6777807052660805
Cc1cccc(NC(=O)Nc2ccc(-c3ccc(OCCN4CCCC4)c4[nH]nc(N)c34)cc2)c1,7.508638306165727
CCN(CC)CCOc1ccc(-c2ccc(NC(=O)Nc3cccc(C)c3)cc2)c2c(N)n[nH]c12,7.455931955649724
Cc1cccc(NC(=O)Nc2ccc(-c3ccc(OCCN(C)C)c4[nH]nc(N)c34)cc2)c1,7.42021640338319
Cc1cccc(NC(=O)Nc2ccc(-c3ccc(Br)c4[nH]nc(N)c34)cc2)c1,8.0
Cc1cccc(NC(=O)Nc2ccc(-c3ccc(F)c4[nH]nc(N)c34)cc2)c1,8.301029995663981
COc1ccc(-c2ccc(NC(=O)Nc3cccc(C)c3)cc2)c2c(N)n[nH]c12,7.585026652029182
Cc1cccc(NC(=O)Nc2ccc(-c3ccc(C)c4[nH]nc(N)c34)cc2)c1,8.522878745280337
Cc1cccc(NC(=O)Nc2ccc(-c3cccc4[nH]nc(N)c34)cc2)c1,7.886056647693163
CCN(CC)CCOn1nc(N)c2c(-c3ccc(NC(=O)Nc4cc(C)ccc4F)cc3)cccc21,7.823908740944319
COCCOn1nc(N)c2c(-c3ccc(NC(=O)Nc4cc(C)ccc4F)cc3)cccc21,7.481486060122112
COCCOn1nc(N)c2c(-c3ccc(NC(=O)Nc4cccc(Cl)c4)cc3)cccc21,7.795880017344075
COCCOc1ccc(-c2ccc(NC(=O)Nc3cccc(C)c3)cc2)c2c(N)n[nH]c12,7.823908740944319
Cc1cccc(NC(=O)Nc2ccc(-c3ccc(OCCN4CCOCC4)c4[nH]nc(N)c34)cc2)c1,7.251811972993799
Cc1cccc(NC(=O)Nc2ccc(-c3ccc(OCCN(C)C)c4[nH]nc(N)c34)cc2)c1,7.920818753952375
Cc1cccc(NC(=O)Nc2ccc(-c3cccc4c3c(N)nn4C)cc2)c1,7.638272163982407
Nc1n[nH]c2cccc(-c3ccc(NC(=O)Nc4cc(C(F)(F)F)ccc4F)cc3)c12,6.82102305270683
Cc1ccc(NC(=O)Nc2ccc(-c3cccc4[nH]nc(N)c34)cc2)cc1F,7.318758762624412
Cc1cc(NC(=O)Nc2ccc(-c3cccc4[nH]nc(N)c34)cc2)ccc1F,8.045757490560675
Cc1ccc(F)c(NC(=O)Nc2ccc(-c3cccc4[nH]nc(N)c34)cc2)c1,8.397940008672037
Nc1n[nH]c2cccc(-c3ccc(NC(=O)Nc4cccc(C(F)(F)F)c4)cc3)c12,7.494850021680094
Nc1n[nH]c2cccc(-c3ccc(NC(=O)Nc4cccc(Cl)c4)cc3)c12,7.552841968657781
Cc1ccc(NC(=O)Nc2ccc(-c3cccc4[nH]nc(N)c34)cc2)cc1,7.920818753952375
Cc1ccccc1NC(=O)Nc1ccc(-c2cccc3[nH]nc(N)c23)cc1,7.096910013008056
COCCOn1nc(N)c2c(-c3ccc(NC(=O)Nc4cccc(Cl)c4)cc3)cccc21,7.886056647693163
Cc1cccc(NC(=O)Nc2ccc(-c3cccc4[nH]ncc34)cc2)c1,7.7447274948966935
Cc1cccc(NC(=O)Nc2ccc(-c3cccc4c3cnn4C)cc2)c1,6.3325470471100465
Cc1cccc(NC(=O)Nc2ccc(-c3cccc4c3c(N(C)C)nn4C)cc2)c1,5.494850021680094
CC(=O)Nc1nn(C)c2cccc(-c3ccc(NC(=O)Nc4cccc(C)c4)cc3)c12,4.920818753952375
CCN(CC)CCOn1nc(N)c2c(-c3ccc(NC(=O)Nc4cc(C)ccc4F)cc3)cccc21,7.130768280269024
COCCOn1nc(N)c2c(-c3ccc(NC(=O)Nc4cc(C)ccc4F)cc3)cccc21,7.6777807052660805
CONC(=O)c1ccc(C)c(Nc2nc(N(C)CC(C)(C)C)nc(N3CCCN(C)CC3)n2)c1,5.0
c1ccc(-c2cnc(Nc3ccc(CN4CCCC4)cn3)s2)cc1,8.221848749616356
c1ccc(-c2cnc(Nc3ccc(CN4CCCC4)cn3)s2)cc1,7.552841968657781
c1ccc(-c2cnc(Nc3ccc(CN4CCCC4)cn3)s2)cc1,7.619788758288394
CNC(=O)N1CCN(Cc2ccnc(Nc3ncc(C#N)s3)c2C)CC1,7.920818753952375
CS(=O)(=O)C1CCN(Cc2ccnc(Nc3ncc(C#N)s3)c2)CC1,8.154901959985743
N#Cc1cnc(Nc2cc(CN3CCN(C(=O)CO)CC3)ccn2)s1,8.045757490560675
CNC(=O)N1CCN(Cc2ccnc(Nc3ncc(C#N)s3)c2)CC1,7.920818753952375
CN(C)C(=O)N1CCN(Cc2ccnc(Nc3ncc(C#N)s3)c2)CC1,8.0
N#Cc1cnc(Nc2cc(CN3CCN(C(N)=O)CC3)ccn2)s1,8.096910013008056
N#Cc1cnc(Nc2cc(CN3CCOCC3)ccn2)s1,8.096910013008056
N#Cc1cnc(Nc2cc(CN3CCNCC3)ccn2)s1,7.823908740944319
CC(=O)N1CCN(Cc2ccnc(Nc3ncc(C#N)s3)c2)CC1,7.886056647693163
CS(=O)(=O)N1CCN(Cc2ccnc(Nc3ncc(-c4ccccc4)s3)c2)CC1,8.698970004336019
CC(=O)N1CCN(Cc2ccnc(Nc3ncc(-c4ccccc4)s3)c2)CC1,8.096910013008056
c1ccc(-c2cnc(Nc3cc(CN4CCCC4)ccn3)s2)cc1,8.522878745280337
CNC(=O)N1CCN(Cc2ccnc(Nc3ncc(C#N)s3)c2C)CC1,7.42021640338319
CS(=O)(=O)C1CCN(Cc2ccnc(Nc3ncc(C#N)s3)c2)CC1,7.318758762624412
N#Cc1cnc(Nc2cc(CN3CCN(C(=O)CO)CC3)ccn2)s1,7.4089353929735005
CNC(=O)N1CCN(Cc2ccnc(Nc3ncc(C#N)s3)c2)CC1,7.508638306165727
CN(C)C(=O)N1CCN(Cc2ccnc(Nc3ncc(C#N)s3)c2)CC1,7.552841968657781
N#Cc1cnc(Nc2cc(CN3CCN(C(N)=O)CC3)ccn2)s1,7.327902142064283
N#Cc1cnc(Nc2cc(CN3CCOCC3)ccn2)s1,7.552841968657781
N#Cc1cnc(Nc2cc(CN3CCNCC3)ccn2)s1,7.619788758288394
CC(=O)N1CCN(Cc2ccnc(Nc3ncc(C#N)s3)c2)CC1,7.443697499232712
CS(=O)(=O)N1CCN(Cc2ccnc(Nc3ncc(-c4ccccc4)s3)c2)CC1,7.769551078621726
CC(=O)N1CCN(Cc2ccnc(Nc3ncc(-c4ccccc4)s3)c2)CC1,7.552841968657781
c1ccc(-c2cnc(Nc3cc(CN4CCCC4)ccn3)s2)cc1,7.619788758288394
CNC(=O)N1CCN(Cc2ccnc(Nc3ncc(C#N)s3)c2C)CC1,7.795880017344075
CS(=O)(=O)C1CCN(Cc2ccnc(Nc3ncc(C#N)s3)c2)CC1,7.508638306165727
N#Cc1cnc(Nc2cc(CN3CCN(C(=O)CO)CC3)ccn2)s1,7.455931955649724
CNC(=O)N1CCN(Cc2ccnc(Nc3ncc(C#N)s3)c2)CC1,7.568636235841013
CN(C)C(=O)N1CCN(Cc2ccnc(Nc3ncc(C#N)s3)c2)CC1,7.3979400086720375
N#Cc1cnc(Nc2cc(CN3CCN(C(N)=O)CC3)ccn2)s1,7.619788758288394
N#Cc1cnc(Nc2cc(CN3CCOCC3)ccn2)s1,7.366531544420414
N#Cc1cnc(Nc2cc(CN3CCNCC3)ccn2)s1,7.886056647693163
CC(=O)N1CCN(Cc2ccnc(Nc3ncc(C#N)s3)c2)CC1,7.3872161432802645
CS(=O)(=O)N1CCN(Cc2ccnc(Nc3ncc(-c4ccccc4)s3)c2)CC1,7.5376020021010435
CC(=O)N1CCN(Cc2ccnc(Nc3ncc(-c4ccccc4)s3)c2)CC1,7.366531544420414
c1ccc(-c2cnc(Nc3cc(CN4CCCC4)ccn3)s2)cc1,7.823908740944319
Cc1nc(Nc2ncc(C(=O)Nc3c(C)cccc3Cl)s2)cc(N2CCN(CCO)CC2)n1.O,5.698970004336019
CCCC#Cc1cc(-c2n[nH]c3c2Cc2cc(CN4CCN(C)CC4)ccc2-3)cs1,6.298432014944073
CN1CCN(Cc2ccc3c(c2)-c2[nH]nc(-c4csc(C#CCOc5ccccc5)c4)c2C3)CC1,6.705533773838407
CN1CCN(Cc2ccc3c(c2)Cc2c(-c4cc(C#CCOc5ccccc5)cs4)n[nH]c2-3)CC1,7.00436480540245
CN1CCN(Cc2ccc3c(c2)Cc2c(-c4ccc(C#CCOc5ccccc5)s4)n[nH]c2-3)CC1,6.5003129173815966
CN1CCN(Cc2ccc3c(c2)Cc2c(-c4csc(C#CCOc5ccc(CN6CCOCC6)cc5)c4)n[nH]c2-3)CC1,5.669586226650809
Cc1cccc(NC(=O)NCc2ccc(-c3n[nH]c4c3Cc3cc(CN5CCN(C)CC5)ccc3-4)s2)c1,7.214670164989233
CN1CCN(Cc2ccc3c(c2)Cc2c(-c4csc(C#CCNC(=O)c5ccccc5)c4)n[nH]c2-3)CC1,8.522878745280337
CN1CCN(Cc2ccc3c(c2)Cc2c(-c4csc(C#CCNc5ccccc5)c4)n[nH]c2-3)CC1,7.443697499232712
CN1CCN(Cc2ccc3c(c2)Cc2c(-c4csc(C#CCCc5ccccc5)c4)n[nH]c2-3)CC1,7.318758762624412
CN1CCN(Cc2ccc3c(c2)Cc2c(-c4csc(C#CCOc5cccnc5)c4)n[nH]c2-3)CC1,7.267606240177032
Cc1ccc(OCC#Cc2cc(-c3n[nH]c4c3Cc3cc(CN5CCN(C)CC5)ccc3-4)cs2)cc1C,7.481486060122112
CN1CCN(Cc2ccc3c(c2)Cc2c(-c4csc(C#CCOc5ccc(Cl)cc5)c4)n[nH]c2-3)CC1,7.107905397309519
CN1CCN(Cc2ccc3c(c2)Cc2c(-c4csc(C#CCOc5cccc(Cl)c5)c4)n[nH]c2-3)CC1,7.443697499232712
CN1CCN(Cc2ccc3c(c2)Cc2c(-c4csc(C#CCOc5ccccc5Cl)c4)n[nH]c2-3)CC1,6.995678626217358
CN1CCN(Cc2ccc3c(c2)Cc2c(-c4csc(C#CCCOc5ccccc5)c4)n[nH]c2-3)CC1,7.070581074285707
COCC#Cc1cc(-c2n[nH]c3c2Cc2cc(CN4CCN(C)CC4)ccc2-3)cs1,7.638272163982407
CN1CCN(Cc2ccc3c(c2)Cc2c(-c4csc(C#CCC(C)(C)O)c4)n[nH]c2-3)CC1,5.6252516539898965
CN1CCN(Cc2ccc3c(c2)Cc2c(-c4csc(C#CCCO)c4)n[nH]c2-3)CC1,8.096910013008056
CCCC#Cc1cc(-c2n[nH]c3c2Cc2cc(CN4CCN(C)CC4)ccc2-3)cs1,7.1249387366083
CC#Cc1cc(-c2n[nH]c3c2Cc2cc(CN4CCN(C)CC4)ccc2-3)cs1,6.0
CN1CCN(Cc2ccc3c(c2)-c2[nH]nc(-c4csc(C#CCOc5ccccc5)c4)c2C3)CC1,7.376750709602099
CN1CCN(Cc2ccc3c(c2)Cc2c(-c4ccc(C#CCOc5ccccc5)cc4)n[nH]c2-3)CC1,6.016824927962187
CN1CCN(Cc2ccc3c(c2)Cc2c(-c4cccc(C#CCOc5ccccc5)c4)n[nH]c2-3)CC1,6.966576244513051
CN1CCN(Cc2ccc3c(c2)Cc2c(-c4cc(C#CCOc5ccccc5)cs4)n[nH]c2-3)CC1,7.301029995663981
CN1CCN(Cc2ccc3c(c2)Cc2c(-c4ccc(C#CCOc5ccccc5)s4)n[nH]c2-3)CC1,7.657577319177793
CN1CCN(Cc2ccc3c(c2)Cc2c(-c4csc(C#CCOc5ccccc5)c4)n[nH]c2-3)CC1,8.221848749616356
Cc1cccc(NC(=O)N(C)Cc2ccc(-c3n[nH]c4c3Cc3ccc(CN5CCN(C)CC5)cc3-4)s2)c1,7.292429823902063
Cc1cccc(NC(=O)NCc2ccc(-c3n[nH]c4c3Cc3ccc(CN5CCN(C)CC5)cc3-4)s2)c1,7.318758762624412
Cc1cccc(NC(=O)N(C)Cc2ccc(-c3n[nH]c4c3Cc3cc(CN5CCN(C)CC5)ccc3-4)s2)c1,6.798602875679548
CN1CCN(Cc2ccc3c(c2)Cc2c(-c4ccccc4)n[nH]c2-3)CC1,6.149966742310231
CN1CCN(Cc2ccc3c(c2)Cc2c(Nc4ccccc4)n[nH]c2-3)CC1,4.301029995663981
COCCOCC#Cc1cc(-c2n[nH]c3c2C(=O)c2cc(CN4CCN(C)CC4)ccc2-3)cs1,8.0
COCCOCC#Cc1cc(-c2n[nH]c3c2Cc2ccc(Cn4cncn4)cc2-3)cs1,8.301029995663981
COCCOCC#Cc1cc(-c2n[nH]c3c2Cc2cc(Cn4cncn4)ccc2-3)cs1,7.318758762624412
COCCOCC#Cc1cc(-c2n[nH]c3c2Cc2ccc(CN4CCN(C)CC4)cc2-3)cs1,7.522878745280337
COCCOCC#Cc1cc(-c2n[nH]c3c2Cc2cc(CN4CCN(C)CC4)ccc2-3)cs1,7.275724130399211
CN1CCN(Cc2ccc3c(c2)Cc2c(-c4csc(C#CCOCC(N)=O)c4)n[nH]c2-3)CC1,5.099086932262331
CN1CCN(Cc2ccc3c(c2)Cc2c(-c4csc(C#CCOc5ccc(CN6CCOCC6)cc5)c4)n[nH]c2-3)CC1,7.075720713938118
C(#Cc1cc(-c2n[nH]c3c2Cc2cc(Cn4cncn4)ccc2-3)cs1)COc1ccccc1,7.2076083105017466
C(#Cc1cc(-c2n[nH]c3c2Cc2cc(Cn4ccnn4)ccc2-3)cs1)COc1ccccc1,6.906578314837765
C(#Cc1cc(-c2n[nH]c3c2Cc2cc(Cn4cccn4)ccc2-3)cs1)COc1ccccc1,7.698970004336019
C(#Cc1cc(-c2n[nH]c3c2Cc2cc(Cn4ccnc4)ccc2-3)cs1)COc1ccccc1,6.709965388637482
CN(C)C(=O)COc1ccc2c(c1)Cc1c(-c3csc(C#CCOc4ccccc4)c3)n[nH]c1-2,7.376750709602099
COCCOc1ccc2c(c1)Cc1c(-c3csc(C#CCOc4ccccc4)c3)n[nH]c1-2,7.3979400086720375
C(#Cc1cc(-c2n[nH]c3c2Cc2cc(CN4CCSC4)ccc2-3)cs1)COc1ccccc1,7.619788758288394
CN1CCN(C(=O)c2ccc3c(c2)Cc2c(-c4csc(C#CCOc5ccccc5)c4)n[nH]c2-3)CC1,7.356547323513812
CN1CCN(Cc2ccc3c(c2)Cc2c(-c4csc(C#CCOc5ccccc5)c4)n[nH]c2-3)C(=O)C1,8.154901959985743
CN1CCN(Cc2ccc3c(c2)Cc2c(-c4csc(C#CCOc5ccccc5)c4)n[nH]c2-3)CC1=O,7.958607314841775
NC(=O)N1CCN(Cc2ccc3c(c2)Cc2c(-c4csc(C#CCOc5ccccc5)c4)n[nH]c2-3)CC1,8.045757490560675
CN1CCC(Cc2ccc3c(c2)Cc2c(-c4csc(C#CCOc5ccccc5)c4)n[nH]c2-3)CC1,7.958607314841775
CC1CCN(Cc2ccc3c(c2)Cc2c(-c4csc(C#CCOc5ccccc5)c4)n[nH]c2-3)CC1,7.161150909262744
CN1CCN(CCc2ccc3c(c2)Cc2c(-c4csc(C#CCOc5ccccc5)c4)n[nH]c2-3)CC1,8.301029995663981
CN1CCN(c2ccc3c(c2)Cc2c(-c4csc(C#CCOc5ccccc5)c4)n[nH]c2-3)CC1,7.958607314841775
C(#Cc1cc(-c2n[nH]c3c2Cc2ccccc2-3)cs1)COc1ccccc1,5.329754146925876
CN1CCN(Cc2ccc3c(c2)Cc2c(-c4csc(C#CCNC(=O)Nc5ccccc5)c4)n[nH]c2-3)CC1,7.958607314841775
CN1CCN(Cc2ccc3c(c2)Cc2c(-c4csc(C#CCNC(=O)Oc5ccccc5)c4)n[nH]c2-3)CC1,7.42021640338319
CN1CCN(Cc2ccc3c(c2)Cc2c(-c4csc(C#CCNS(=O)(=O)c5ccccc5)c4)n[nH]c2-3)CC1,7.346787486224656
Cc1cccc(NC(=O)NCc2ccc(-c3n[nH]c4c3Cc3cc(CN5CCN(C)CC5)ccc3-4)s2)c1,6.835647144215563
Cc1cccc(NC(=O)N(C)Cc2ccc(-c3n[nH]c4c3Cc3cc(CN5CCN(C)CC5)ccc3-4)s2)c1,6.835647144215563
Cc1cccc(NC(=O)NCc2ccc(-c3n[nH]c4c3Cc3ccc(CN5CCN(C)CC5)cc3-4)s2)c1,6.939302159646388
Cc1cccc(NC(=O)N(C)Cc2ccc(-c3n[nH]c4c3Cc3ccc(CN5CCN(C)CC5)cc3-4)s2)c1,7.1938200260161125
CN1CCN(Cc2ccc3c(c2)Cc2c(-c4csc(C#CCOc5ccccc5)c4)n[nH]c2-3)CC1,7.3979400086720375
CN1CCN(Cc2ccc3c(c2)Cc2c(-c4csc(C#CCCO)c4)n[nH]c2-3)CC1,7.3979400086720375
COCC#Cc1cc(-c2n[nH]c3c2Cc2cc(CN4CCN(C)CC4)ccc2-3)cs1,8.096910013008056
CN1CCN(Cc2ccc3c(c2)Cc2c(-c4csc(C#CCCOc5ccccc5)c4)n[nH]c2-3)CC1,6.504455662453552
CN1CCN(Cc2ccc3c(c2)Cc2c(-c4csc(C#CCOc5ccccc5Cl)c4)n[nH]c2-3)CC1,6.749579997691106
CN1CCN(Cc2ccc3c(c2)Cc2c(-c4csc(C#CCOc5cccc(Cl)c5)c4)n[nH]c2-3)CC1,6.749579997691106
CN1CCN(Cc2ccc3c(c2)Cc2c(-c4csc(C#CCOc5ccc(Cl)cc5)c4)n[nH]c2-3)CC1,6.377785977033705
Cc1ccc(OCC#Cc2cc(-c3n[nH]c4c3Cc3cc(CN5CCN(C)CC5)ccc3-4)cs2)cc1C,7.468521082957745
CN1CCN(Cc2ccc3c(c2)Cc2c(-c4csc(C#CCOc5cccnc5)c4)n[nH]c2-3)CC1,7.356547323513812
CN1CCN(Cc2ccc3c(c2)Cc2c(-c4csc(C#CCCc5ccccc5)c4)n[nH]c2-3)CC1,6.266000713461613
CN1CCN(Cc2ccc3c(c2)Cc2c(-c4csc(C#CCNc5ccccc5)c4)n[nH]c2-3)CC1,7.552841968657781
CN1CCN(Cc2ccc3c(c2)Cc2c(-c4csc(C#CCNC(=O)c5ccccc5)c4)n[nH]c2-3)CC1,8.301029995663981
CN1CCN(Cc2ccc3c(c2)Cc2c(-c4csc(C#CCNS(=O)(=O)c5ccccc5)c4)n[nH]c2-3)CC1,6.962573502059376
CN1CCN(Cc2ccc3c(c2)Cc2c(-c4csc(C#CCNC(=O)Oc5ccccc5)c4)n[nH]c2-3)CC1,7.292429823902063
CN1CCN(Cc2ccc3c(c2)Cc2c(-c4csc(C#CCNC(=O)Nc5ccccc5)c4)n[nH]c2-3)CC1,7.823908740944319
CN1CCN(c2ccc3c(c2)Cc2c(-c4csc(C#CCOc5ccccc5)c4)n[nH]c2-3)CC1,8.0
CN1CCN(CCc2ccc3c(c2)Cc2c(-c4csc(C#CCOc5ccccc5)c4)n[nH]c2-3)CC1,7.236572006437063
CC1CCN(Cc2ccc3c(c2)Cc2c(-c4csc(C#CCOc5ccccc5)c4)n[nH]c2-3)CC1,6.950781977329818
CN1CCC(Cc2ccc3c(c2)Cc2c(-c4csc(C#CCOc5ccccc5)c4)n[nH]c2-3)CC1,7.1487416512809245
NC(=O)N1CCN(Cc2ccc3c(c2)Cc2c(-c4csc(C#CCOc5ccccc5)c4)n[nH]c2-3)CC1,7.698970004336019
CN1CCN(Cc2ccc3c(c2)Cc2c(-c4csc(C#CCOc5ccccc5)c4)n[nH]c2-3)CC1=O,7.7447274948966935
CN1CCN(Cc2ccc3c(c2)Cc2c(-c4csc(C#CCOc5ccccc5)c4)n[nH]c2-3)C(=O)C1,8.698970004336019
CN1CCN(C(=O)c2ccc3c(c2)Cc2c(-c4csc(C#CCOc5ccccc5)c4)n[nH]c2-3)CC1,7.5376020021010435
C(#Cc1cc(-c2n[nH]c3c2Cc2cc(CN4CCSC4)ccc2-3)cs1)COc1ccccc1,8.0
COCCOc1ccc2c(c1)Cc1c(-c3csc(C#CCOc4ccccc4)c3)n[nH]c1-2,7.036212172654444
CN(C)C(=O)COc1ccc2c(c1)Cc1c(-c3csc(C#CCOc4ccccc4)c3)n[nH]c1-2,8.0
C(#Cc1cc(-c2n[nH]c3c2Cc2cc(Cn4cccn4)ccc2-3)cs1)COc1ccccc1,7.309803919971486
C(#Cc1cc(-c2n[nH]c3c2Cc2cc(Cn4ccnn4)ccc2-3)cs1)COc1ccccc1,6.8297382846050425
C(#Cc1cc(-c2n[nH]c3c2Cc2cc(Cn4cncn4)ccc2-3)cs1)COc1ccccc1,7.823908740944319
COCCOCC#Cc1cc(-c2n[nH]c3c2Cc2cc(CN4CCN(C)CC4)ccc2-3)cs1,7.6020599913279625
COCCOCC#Cc1cc(-c2n[nH]c3c2Cc2ccc(CN4CCN(C)CC4)cc2-3)cs1,7.2076083105017466
COCCOCC#Cc1cc(-c2n[nH]c3c2Cc2cc(Cn4cncn4)ccc2-3)cs1,7.853871964321762
COCCOCC#Cc1cc(-c2n[nH]c3c2Cc2ccc(Cn4cncn4)cc2-3)cs1,7.795880017344075
COCCOCC#Cc1cc(-c2n[nH]c3c2C(=O)c2cc(CN4CCN(C)CC4)ccc2-3)cs1,7.886056647693163
Cc1cccc(C)c1Nc1ncc(-c2ccc(OCC3CCCN(C)C3)cc2)n2cncc12.Cl,5.0
Cc1cccc(NC(=O)Nc2ccc(-c3csc4c(-c5cccnc5)cnc(N)c34)cc2)c1,8.397940008672037
Cc1cccc(NC(=O)Nc2ccc(-c3csc4c(-c5cccnc5)cnc(N)c34)cc2)c1,8.045757490560675
Cc1cccc(NC(=O)Nc2ccc(-c3csc4c(-c5cncc6ccccc56)cnc(N)c34)cc2)c1,6.411168274405792
Cc1cccc(NC(=O)Nc2ccc(-c3csc4c(-c5cncnc5)cnc(N)c34)cc2)c1,8.096910013008056
Cc1cccc(NC(=O)Nc2ccc(-c3csc4c(-c5ccncc5)cnc(N)c34)cc2)c1,8.301029995663981
CNC(=O)c1cccc(-c2cnc(N)c3c(-c4ccc(NC(=O)Nc5cccc(C)c5)cc4)csc23)c1,7.958607314841775
Cc1cccc(NC(=O)Nc2ccc(-c3csc4c(-c5ccc(O)cc5)cnc(N)c34)cc2)c1,7.958607314841775
Cc1cccc(NC(=O)Nc2ccc(-c3csc4c(-c5ccccc5)cnc(N)c34)cc2)c1,7.886056647693163
Nc1nccc2scc(-c3ccc(NC(=O)Nc4ccsc4)cc3)c12,7.42021640338319
Nc1nccc2scc(-c3ccc(NC(=O)Nc4cccs4)cc3)c12,7.522878745280337
Nc1nccc2scc(-c3ccc(NC(=O)Nc4ccc5ccccc5c4)cc3)c12,7.6777807052660805
Nc1nccc2scc(-c3ccc(NC(=O)Nc4cccc5ccccc45)cc3)c12,7.1249387366083
Nc1nccc2scc(-c3ccc(NC(=O)NC4CCCCC4)cc3)c12,6.308918507877031
Nc1nccc2scc(-c3ccc(NC(=O)NC4CCCC4)cc3)c12,6.376750709602099
Cc1cc(C)cc(NC(=O)Nc2ccc(-c3csc4ccnc(N)c34)cc2)c1,7.795880017344075
Cc1ccc(NC(=O)Nc2ccc(-c3csc4ccnc(N)c34)cc2)cc1C,8.0
N#Cc1cccc(NC(=O)Nc2ccc(-c3csc4ccnc(N)c34)cc2)c1,7.346787486224656
Nc1nccc2scc(-c3ccc(NC(=O)Nc4cccc(Cl)c4)cc3)c12,7.657577319177793
Nc1nccc2scc(-c3ccc(NC(=O)Nc4cccc(F)c4)cc3)c12,7.823908740944319
CCc1cccc(NC(=O)Nc2ccc(-c3csc4ccnc(N)c34)cc2)c1,7.6020599913279625
Cc1ccccc1NC(=O)Nc1ccc(-c2csc3ccnc(N)c23)cc1,6.818156412055227
Cc1ccc(NC(=O)Nc2ccc(-c3csc4ccnc(N)c34)cc2)cc1,7.585026652029182
Cc1cccc(NC(=O)Nc2ccc(-c3c(C)sc4ccnc(N)c34)cc2)c1,7.568636235841013
Cc1cccc(NC(=O)Nc2cccc(-c3csc4ccnc(N)c34)c2)c1,6.6020599913279625
Cc1cccc(NC(=S)Nc2ccc(-c3csc4ccnc(N)c34)cc2)c1,6.3872161432802645
Cc1cccc(NC(=O)Cc2ccc(-c3csc4ccnc(N)c34)cc2)c1,7.026872146400302
Cc1cccc(CC(=O)Nc2ccc(-c3csc4ccnc(N)c34)cc2)c1,6.2839966563652006
Cc1cccc(NC(=O)N(C)c2ccc(-c3csc4ccnc(N)c34)cc2)c1,7.638272163982407
Cc1cccc(N(C)C(=O)Nc2ccc(-c3csc4ccnc(N)c34)cc2)c1,5.309803919971486
Cc1cccc(NC(=O)Nc2ccc(-c3csc4ccnc(N)c34)cc2)c1,8.045757490560675
Nc1nccc2scc(-c3ccc(NC(=O)Nc4ccccc4)cc3)c12,7.251811972993799
Nc1nccc2scc(-c3ccc(NC(=O)c4ccccc4)cc3)c12,4.920818753952375
Nc1ccc(-c2csc3ccnc(N)c23)cc1,5.309803919971486
Nc1nccc2scc(-c3ccccc3)c12,4.903089986991944
Cc1cccc(NC(=O)Nc2ccc(-c3csc4c(-c5cncnc5)cnc(N)c34)cc2)c1,9.0
Cc1cccc(NC(=O)Nc2ccc(-c3csc4c(-c5ccncc5)cnc(N)c34)cc2)c1,8.397940008672037
CNC(=O)c1cccc(-c2cnc(N)c3c(-c4ccc(NC(=O)Nc5cccc(C)c5)cc4)csc23)c1,7.251811972993799
Cc1cccc(NC(=O)Nc2ccc(-c3csc4c(-c5ccc(O)cc5)cnc(N)c34)cc2)c1,7.5376020021010435
Cc1cccc(NC(=O)Nc2ccc(-c3csc4c(-c5ccccc5)cnc(N)c34)cc2)c1,7.481486060122112
Nc1nccc2scc(-c3ccc(NC(=O)Nc4ccsc4)cc3)c12,7.214670164989233
Nc1nccc2scc(-c3ccc(NC(=O)Nc4cccs4)cc3)c12,7.318758762624412
Nc1nccc2scc(-c3ccc(NC(=O)Nc4ccc5ccccc5c4)cc3)c12,7.823908740944319
Nc1nccc2scc(-c3ccc(NC(=O)Nc4cccc5ccccc45)cc3)c12,6.048176964684088
Cc1cc(C)cc(NC(=O)Nc2ccc(-c3csc4ccnc(N)c34)cc2)c1,7.318758762624412
Cc1ccc(NC(=O)Nc2ccc(-c3csc4ccnc(N)c34)cc2)cc1C,7.3872161432802645
N#Cc1cccc(NC(=O)Nc2ccc(-c3csc4ccnc(N)c34)cc2)c1,6.703334809738469
Nc1nccc2scc(-c3ccc(NC(=O)Nc4cccc(Cl)c4)cc3)c12,7.251811972993799
Nc1nccc2scc(-c3ccc(NC(=O)Nc4cccc(F)c4)cc3)c12,6.8326826652518236
CCc1cccc(NC(=O)Nc2ccc(-c3csc4ccnc(N)c34)cc2)c1,7.494850021680094
Cc1ccc(NC(=O)Nc2ccc(-c3csc4ccnc(N)c34)cc2)cc1,6.85078088734462
Cc1cccc(NC(=O)Nc2ccc(-c3csc4ccnc(N)c34)cc2)c1,7.494850021680094
Nc1nccc2scc(-c3ccc(NC(=O)Nc4ccccc4)cc3)c12,7.142667503568732
Cc1cccc(NC(=O)Nc2ccc(-c3c(C)sc4ncnc(N)c34)cc2)c1,8.522878745280337
O=C1Nc2ccccc2/C1=C\c1sccc1Br,4.8124792791635365
COc1cc2ncnc(Nc3ccc(C)cc3C)c2cc1OC,5.5376020021010435
Clc1ccc(Nc2nnc(Cc3ccncc3)c3cccnc23)cc1,5.769551078621726
Cc1cc2c(cc3c4c(cccc42)NC3=O)[nH]1,6.0
Nc1ccc2c(Cc3ccncc3)nnc(Nc3ccc(Cl)cc3)c2c1,6.187086643357144
COc1ccc2c(c1)NC(=O)/C2=C\c1cc2c([nH]1)CCCC2CCC(=O)O,6.42021640338319
CCOC(=O)c1cn2ncnc(Nc3ccc(Br)c(C(=O)NOC)c3)c2c1C(C)C,6.568636235841013
Clc1ccc(Nc2nnc(Cc3ccncc3)c3ncccc23)cc1,6.619788758288394
COc1cc(Nc2nnc(Cc3ccncc3)c3ccccc23)ccc1Cl,6.853871964321762
COCCOc1cc2ncnc(Nc3cc(O)c(Cl)cc3F)c2cc1OCCOC,7.221848749616356
Cc1cccc(NC(=O)N(C)c2ccc(-c3c(C)sc4ncnc(N)c34)cc2)c1,7.259637310505756
Cc1sc2ncnc(N)c2c1-c1ccc(NC(=O)Nc2cccc(F)c2)cc1,7.267606240177032
COc1cc2ncnc(Nc3cccc(O)c3)c2cc1OC,7.301029995663981
Cc1cccc(NC(=O)Nc2ccc(-c3csc4ncnc(N)c34)cc2F)c1,7.721246399047171
CONC(=O)c1cc(Nc2ncnn3cc(-c4nnc(C)o4)c(C(C)C)c23)c(F)cc1F,7.7447274948966935
COc1cc(-c2csc3ncnc(N)c23)ccc1NC(=O)Nc1cccc(C)c1,7.886056647693163
CCOC(=O)c1cn2ncnc(Nc3cc(C(=O)NOC)c(C)cc3C)c2c1C(C)C,7.886056647693163
COCCOc1cc2nncc(Nc3ccc(Cl)cc3F)c2cc1OC,8.0
COCCOc1cc2ncnc(Nc3ccc(Cl)cc3F)c2cc1OC,8.154901959985743
Nc1ncnc2scc(-c3ccc(NC(=O)Nc4cccc(Cl)c4)cc3)c12,8.522878745280337
Cc1cccc2c1/C(=C\c1ccc[nH]1)C(=O)N2,4.508638306165727
Cn1cccc1/C=C1/C(=O)Nc2ccccc21,4.698970004336019
Cc1sc2ncnc(N)c2c1-c1ccc(N)cc1,5.337242168318426
COc1cc2ncnc(Nc3ccccc3F)c2cc1OC,5.568636235841013
Clc1ccc(Nc2nnc(Cc3ccncc3)c3ccncc23)cc1,5.853871964321762
COCCOc1cc2nncc(Nc3ccc(Cl)cc3F)c2cc1OC,5.958607314841775
Cc1c(Cc2ccncc2)nnc(Nc2ccc(Cl)cc2)c1C,6.060480747381382
FC(F)(F)c1cc(Nc2nnc(Cc3ccncc3)c3ccccc23)ccc1Cl,6.522878745280337
CCOC(=O)c1cn2ncnc(Oc3cccc(C(=O)NOC)c3)c2c1C(C)C,6.568636235841013
Cc1cc(C)c(/C=C2\C(=O)Nc3ccccc32)[nH]1,6.698970004336019
COCCOc1ccc2c(Nc3cc(O)c(Cl)cc3F)ncnc2c1,6.823908740944319
CCOC(=O)c1cn2ncnc(Nc3cccc(C(=O)NOC)c3)c2c1C(C)C,6.886056647693163
O=C(O)CCC1CCCc2[nH]c(/C=C3\C(=O)Nc4ccccc43)cc21,7.045757490560675
Cc1ccc(NC(=O)Nc2ccc(-c3c(C)sc4ncnc(N)c34)cc2)cc1,7.275724130399211
Cc1sc2ncnc(N)c2c1-c1ccc(NC(=O)Nc2cccc(C(F)(F)F)c2)cc1,7.2839966563652006
Cc1sc2ncnc(N)c2c1-c1ccc(NC(=O)Nc2cccc(Cl)c2)cc1,7.455931955649724
O=C(O)CCC1CCCc2[nH]c(/C=C3\C(=O)Nc4ccc(Br)cc43)cc21,7.522878745280337
CCc1sc2ncnc(N)c2c1-c1ccc(NC(=O)Nc2cccc(C)c2)cc1,7.585026652029182
Cc1c[nH]c(/C=C2\C(=O)Nc3ccccc32)c1CCC(=O)O,7.698970004336019
Cc1cccc(NC(=O)Nc2ccc(-c3c(CCO)sc4ncnc(N)c34)cc2)c1,7.721246399047171
CCN(CC)CCNC(=O)c1c(C)[nH]c(/C=C2\C(=O)Nc3ccc(F)cc32)c1C,7.7447274948966935
Cc1cccc(NC(=O)Nc2ccc(-c3c(CCCO)sc4ncnc(N)c34)cc2)c1,7.823908740944319
Cc1cccc(NC(=O)Nc2ccc(-c3csc4ncnc(N)c34)c(F)c2)c1,7.958607314841775
CONC(=O)c1cc(Nc2ncnn3cc(-c4ncc(C)o4)c(C(C)C)c23)c(F)cc1F,8.096910013008056
Cc1cccc(NC(=O)Nc2ccc(-c3c(C)sc4ncnc(N)c34)cc2)c1.Cl,8.221848749616356
O=C(O)CCC1CCCc2[nH]c(/C=C3\C(=O)Nc4ccc(C(=O)O)cc43)cc21,8.397940008672037
COCCOc1cc2nncc(Nc3cc(O)c(Cl)cc3F)c2cc1OC,8.397940008672037
Cl.Oc1cccc(-c2nc(N3CCOCC3)c3oc4ncccc4c3n2)c1,4.0
Cl.Oc1cccc(-c2nc(N3CCOCC3)c3sccc3n2)c1,4.040958607678906
COc1cc(-c2ccc3c(c2)Nc2ccc(CC(=O)Nc4ccc(N5CCOCC5)cc4)cc2NC3=O)ccc1N,4.301029995663981
COc1cc(-c2ccc3c(c2)Nc2ccc(C(C)(C)C(=O)Nc4ccc(N5CCOCC5)cc4)cc2NC3=O)ccc1N,5.0
CNC(=O)c1cc(Oc2ccc3nc(Nc4ccc(Cl)c(C(F)(F)F)c4)[nH]c3c2)ccn1,5.943095148663527
CN1CCN(Cc2cc(Nc3nc4cc(Oc5ccnc6ccccc56)cc(Cl)c4o3)ccc2Cl)CC1,7.2839966563652006
CNC(=O)c1cc(Oc2cc(Cl)c3oc(Nc4ccc(Cl)c(CN5CCN(C)CC5)c4)nc3c2)ccn1,7.455931955649724
CNC(=O)c1cc(Oc2cc(F)c3oc(Nc4ccc(Cl)c(OC[C@@H]5CCCN5C)c4)nc3c2)ccn1,7.508638306165727
CN1CCN(Cc2cc(Nc3nc4cc(Oc5ccnc6[nH]ccc56)ccc4o3)ccc2Cl)CC1,7.2839966563652006
CN1CCC[C@@H]1COc1cc(Nc2nc3cc(Oc4ccnc5[nH]ccc45)ccc3o2)ccc1Cl,8.301029995663981
CNc1cc(Oc2ccc3oc(Nc4ccc(Cl)c(CN5CCN(C)CC5)c4)nc3c2)ncn1,6.539102157243452
CNc1nccc(Oc2ccc3oc(Nc4ccc(Cl)c(CN5CCN(C)CC5)c4)nc3c2)n1,6.518557371497695
CN1CCN(Cc2cc(Nc3nc4cc(Oc5ccnc6ccccc56)ccc4o3)ccc2Cl)CC1,7.585026652029182
COc1cc2nccc(Oc3ccc4oc(Nc5ccc(Cl)c(CN6CCN(C)CC6)c5)nc4c3)c2cc1OC,8.0
COc1cc2nccc(Oc3ccc4oc(Nc5ccc(Cl)c(OC[C@@H]6CCCN6C)c5)nc4c3)c2cc1OC,8.154901959985743
COc1cc2ncnc(Oc3ccc4oc(Nc5ccc(Cl)c(OC[C@@H]6CCCN6C)c5)nc4c3)c2cc1OC,8.221848749616356
CN1CCC[C@H]1COc1cc(Nc2nc3cc(Oc4ccnc(C(N)=O)c4)ccc3o2)ccc1Cl,7.7447274948966935
CNC(=O)c1cc(Oc2ccc3oc(Nc4ccc(Cl)c(OCC5CCNCC5)c4)nc3c2)ccn1,7.026872146400302
CNC(=O)c1cc(Oc2ccc3oc(Nc4ccc(Cl)c(CN5CCOCC5)c4)nc3c2)ccn1,6.931814138253839
CCN(CC)CCOc1cc(Nc2nc3cc(Oc4ccnc(C(=O)NC)c4)ccc3o2)ccc1Cl,7.468521082957745
CNC(=O)c1cc(Oc2ccc3oc(Nc4ccc(Cl)c(OCCN(C)C)c4)nc3c2)ccn1,7.055517327849832
CNC(=O)c1cc(Oc2ccc3oc(Nc4ccc(Cl)c(OC[C@@H]5CCCN5C)c4)nc3c2)ccn1,7.815308569182402
CNC(=O)c1cc(Oc2ccc3oc(Nc4ccc(Cl)cc4)nc3c2)ccn1,6.115771230367396
CNC(=O)c1cc(Oc2ccc3oc(Nc4ccc(Cl)c(CN5CCN(C)CC5)c4)nc3c2)ccn1,7.443697499232712
CNC(=O)c1cc(Oc2ccc3c(c2)nc(Nc2ccc(Cl)c(CN4CCN(C)CC4)c2)n3C)ccn1,7.508638306165727
CNc1nccc(Oc2ccc3[nH]c(Nc4ccc(Cl)c(CN5CCN(C)CC5)c4)nc3c2)n1,5.988006885340743
CN1CCN(Cc2cc(Nc3nc4cc(Oc5ccnc6[nH]ccc56)ccc4[nH]3)ccc2Cl)CC1,6.844663962534939
CN1CCN(Cc2cc(Nc3nc4cc(Oc5ncnc6[nH]ccc56)ccc4[nH]3)ccc2Cl)CC1,6.1904402853647325
COc1cc2nccc(Oc3ccc4[nH]c(Nc5ccc(Cl)c(CN6CCN(C)CC6)c5)nc4c3)c2cc1OC,7.779891911959945
CN1CCN(Cc2cc(Nc3nc4cc(Oc5ccnc6ccccc56)ccc4[nH]3)ccc2Cl)CC1,7.3979400086720375
CN1CCC[C@@H]1COc1cc(Nc2nc3cc(Oc4ccnc5ccccc45)ccc3[nH]2)ccc1C(F)(F)F,7.489454989793388
CNC(=O)c1cc(Oc2ccc3[nH]c(Nc4ccc(C(F)(F)C(F)(F)F)c(OC[C@H]5CCCN5C)c4)nc3c2)ccn1,7.031517051446065
CNC(=O)c1cc(Oc2ccc3[nH]c(Nc4ccc(C(F)(F)F)c(OC[C@H]5CCCN5C)c4)nc3c2)ccn1,7.075720713938118
CNC(=O)c1cc(Oc2ccc3[nH]c(Nc4ccc(C(F)(F)F)c(OCCN(C)C)c4)nc3c2)ccn1,7.187086643357144
CNC(=O)c1cc(Oc2ccc3[nH]c(Nc4ccc(Cl)c(CN5CCN(C)CC5)c4)nc3c2)ccn1,6.835647144215563
FC(F)(F)c1cc(Nc2nc3cc(Oc4ccnc5[nH]ccc45)ccc3[nH]2)ccc1Cl,5.6439741428068775
COc1cc2ncnc(Oc3ccc4[nH]c(Nc5ccc(Cl)cc5)nc4c3)c2cc1OC,7.309803919971486
FC(F)(F)c1cc(Nc2nc3cc(Oc4ccncc4)ccc3[nH]2)ccc1Cl,5.409381051793422
CNC(=O)c1cc(Oc2ccc3oc(Nc4ccc(Cl)c(OC[C@@H]5CCCN5C)c4)nc3c2)ccn1,6.376750709602099
COc1cc2nccc(Oc3ccc4oc(Nc5ccc(Cl)c(CN6CCN(C)CC6)c5)nc4c3)c2cc1OC,6.995678626217358
COc1cc2ncnc(Oc3ccc4oc(Nc5ccc(Cl)c(OC[C@@H]6CCCN6C)c5)nc4c3)c2cc1OC,7.259637310505756
CNC(=O)c1cc(Oc2ccc3oc(Nc4ccc(Cl)c(OC[C@@H]5CCCN5C)c4)nc3c2)ccn1,8.337242168318426
COC(=O)Nc1nc2cc(Oc3ccc(NC(=O)Nc4ccccc4)cc3)ccc2[nH]1,7.494850021680094
CS(=O)(=O)Nc1nc2ccc(Oc3ccc(NC(=O)Nc4cc(C(F)(F)F)ccc4F)cc3)cc2s1,5.3979400086720375
CN1CCN(CCNc2nc3ccc(Oc4ccc(NC(=O)Nc5cc(C(F)(F)F)ccc5F)cc4)cc3[nH]2)CC1,7.481486060122112
CN1CCN(CC(=O)Nc2nc3ccc(Oc4ccc(NC(=O)Nc5cc(C(F)(F)F)ccc5F)cc4)cc3[nH]2)CC1,8.823908740944319
COCCOCC(=O)Nc1nc2ccc(Oc3ccc(NC(=O)Nc4cc(C(F)(F)F)ccc4F)cc3)cc2[nH]1,8.267606240177031
O=C(Nc1ccc(Oc2ccc3nc(NC(=O)c4cccnc4)[nH]c3c2)cc1)Nc1cc(C(F)(F)F)ccc1F,7.782516055786093
O=C(Nc1ccc(Oc2ccc3[nH]c(NC(=O)c4ccco4)nc3c2)cc1)Nc1cc(C(F)(F)F)ccc1F,8.292429823902063
O=C(Nc1ccc(Oc2ccc3nc(NC(=O)c4ccccc4-c4ccc[nH]4)[nH]c3c2)cc1)Nc1cc(C(F)(F)F)ccc1F,6.292429823902063
O=C(Nc1ccc(Oc2ccc3[nH]c(NC(=O)c4ccccc4)nc3c2)cc1)Nc1cc(C(F)(F)F)ccc1F,7.376750709602099
CC(=O)Nc1nc2ccc(Oc3ccc(NC(=O)Nc4cc(C(F)(F)F)ccc4F)cc3)cc2[nH]1,8.585026652029182
Nc1nc2ccc(Oc3ccc(NC(=O)Nc4cc(C(F)(F)F)ccc4F)cc3)cc2[nH]1,7.823908740944319
COC(=O)Nc1nc2ncc(Oc3ccc(NC(=O)Nc4cc(C(F)(F)F)ccc4F)cc3)cc2[nH]1,8.267606240177031
COC(=O)Nc1nc2ccc(Oc3ccc(NC(=O)Nc4cc(C(F)(F)F)ccc4F)cc3)nc2[nH]1,8.638272163982407
COC(=O)Nc1cn2cc(Oc3ccc(NC(=O)Nc4cc(C(F)(F)F)ccc4F)cc3)ccc2n1,8.468521082957745
COC(=O)Nc1nc2ccc(Oc3ccc(NC(=O)Nc4cc(C(F)(F)F)ccc4F)cc3)cc2o1,8.318758762624412
COC(=O)Nc1nc2ccc(Oc3ccc(NC(=O)Nc4cc(C(F)(F)F)ccc4F)cc3)cc2s1,8.67778070526608
COC(=O)Nc1nc2cc(Oc3ccc(NC(=O)Nc4cc(C(F)(F)F)ccc4F)cc3)ccc2n1C,6.376750709602099
COC(=O)Nc1nc2ccc(Oc3ccc(NC(=O)Nc4cc(C(F)(F)F)ccc4F)cc3)cc2n1C,7.568636235841013
COC(=O)Nc1nc2ccc(C(=O)c3ccc(NC(=O)Nc4cc(C(F)(F)F)ccc4F)cc3)cc2[nH]1,7.585026652029182
COC(=O)Nc1nc2ccc(S(=O)(=O)c3ccc(NC(=O)Nc4cc(C(F)(F)F)ccc4F)cc3)cc2[nH]1,4.698970004336019
COC(=O)Nc1nc2ccc([S+]([O-])c3ccc(NC(=O)Nc4cc(C(F)(F)F)ccc4F)cc3)cc2[nH]1,5.022276394711152
COC(=O)Nc1nc2ccc(Sc3ccc(NC(=O)Nc4cc(C(F)(F)F)ccc4F)cc3)cc2[nH]1,8.0
COC(=O)Nc1nc2ccc(Oc3ccc(NC(=O)Nc4cc(C(F)(F)F)ccc4F)c[n+]3[O-])cc2[nH]1,6.638272163982407
COC(=O)Nc1nc2ccc(Oc3ccc(NC(=O)Nc4cc(C(F)(F)F)ccc4F)cn3)cc2[nH]1,7.795880017344075
COC(=O)Nc1nc2cc(Oc3cccc(NC(=O)Nc4cc(C(F)(F)F)ccc4F)c3)ccc2[nH]1,7.769551078621726
COC(=O)Nc1nc2ccc(Oc3ccc(CC(=O)Nc4cc(C(F)(F)F)ccc4F)cc3)cc2[nH]1,7.795880017344075
COC(=O)Nc1nc2ccc(Oc3ccc(NC(=S)Nc4cccc(C(F)(F)F)c4)cc3)cc2[nH]1,6.978810700930062
COC(=O)Nc1nc2cc(Oc3ccc(NC(=O)Nc4cccc(C(=O)O)c4)cc3)ccc2[nH]1,6.219682687859849
COC(=O)Nc1nc2ccc(Oc3ccc(NC(=O)Nc4cc(N)ccc4F)cc3)cc2[nH]1,6.721246399047171
COC(=O)Nc1nc2ccc(Oc3ccc(NC(=O)Nc4cccc(SC)c4)cc3)cc2[nH]1,8.267606240177031
COC(=O)Nc1nc2ccc(Oc3ccc(NC(=O)Nc4cccc(SC(F)(F)F)c4)cc3)cc2[nH]1,8.886056647693163
COC(=O)Nc1nc2ccc(Oc3ccc(NC(=O)Nc4cc(F)ccc4F)cc3)cc2[nH]1,8.119186407719209
COC(=O)Nc1nc2ccc(Oc3ccc(NC(=O)Nc4cccc(Cl)c4)cc3)cc2[nH]1,8.200659450546418
COC(=O)Nc1nc2cc(Oc3ccc(NC(=O)Nc4cccc(Br)c4)cc3)ccc2[nH]1,8.958607314841775
CCc1cccc(NC(=O)Nc2ccc(Oc3ccc4nc(NC(=O)OC)[nH]c4c3)cc2)c1,8.537602002101044
COC(=O)Nc1nc2ccc(Oc3ccc(NC(=O)Nc4cc(C(F)(F)F)ccc4Cl)cc3)cc2[nH]1,8.481486060122112
COC(=O)Nc1nc2cc(Oc3ccc(NC(=O)Nc4cc(C(F)(F)F)ccc4F)cc3)ccc2[nH]1,8.455931955649724
COC(=O)Nc1nc2ccc(Oc3ccc(NC(=O)Nc4cccc(C(F)(F)F)c4)cc3)cc2[nH]1,8.301029995663981
CCOc1cc2ncc(C#N)c(Nc3ccc(F)c(Cl)c3)c2cc1NC(=O)/C=C/CN(C)C,5.504316932383085
CCOc1cc2ncc(C#N)c(Nc3ccc(F)c(Cl)c3)c2cc1NC(=O)/C=C/CN(C)C,5.0
COCCOc1cc2ncnc(NC3=CC(=O)C(OCc4cccc(F)c4)=CC3=O)c2cc1OC,7.336299074610352
COCCOc1cc2ncnc(NC3=CC(=O)C(OCc4ccccc4)=CC3=O)c2cc1OC,7.270025714300444
COCCOc1cc2ncnc(NC3=CC(=O)C(OCc4cccc(OC)c4)=CC3=O)c2cc1OC,7.29929628285498
COc1cc2/c(=N/c3ccc(Br)cc3F)nc[nH]c2cc1OCC1CCN(C)CC1,7.5638373529592435
Clc1ccc(Nc2nnc(Cc3ccncc3)c3ccccc23)cc1,6.702677285794698
COc1cc2ncnc(Nc3ccc(F)c(Cl)c3)c2cc1OCCCN1CCOCC1,5.0
COc1cc2ncnc(Nc3cccc(Br)c3)c2cc1OC,5.827105302247824
CN(C)C/C=C/C(=O)Nc1ccc2ncnc(Nc3ccc(Br)cc3F)c2c1,5.357634419155026
CCOc1cc2ncnc(NC3=CC(=O)C(OCc4cccc(C)c4)=CC3=O)c2cc1NC(=O)/C=C/CN(C)C,6.724228099835068
CCOc1cc2ncnc(NC3=CC(=O)C(OCc4cccc(OC)c4)=CC3=O)c2cc1NC(=O)/C=C/CN(C)C,6.430041181903406
CCOc1cc2ncnc(NC3=CC(=O)C(OCc4cccs4)=CC3=O)c2cc1NC(=O)/C=C/CN(C)C,7.1180450286604
CCOc1cc2ncnc(NC3=CC(=O)C(OCc4cccc(Cl)c4)=CC3=O)c2cc1NC(=O)/C=C/CN(C)C,7.095825631715837
CCOc1cc2ncnc(NC3=CC(=O)C(OCc4ccccn4)=CC3=O)c2cc1NC(=O)/C=C/CN(C)C,6.8696662315049934
CCOc1cc2ncnc(NC3=CC(=O)C(OCc4ccccc4)=CC3=O)c2cc1NC(=O)/C=C/CN(C)C,6.99012436628784
CCOc1cc2ncnc(NC3=CC(=O)C(OCc4ccc(F)c(F)c4)=CC3=O)c2cc1NC(=O)/C=C/CN(C)C,6.95233580539844
CCOc1cc2ncnc(NC3=CC(=O)C(OCc4cccc(F)c4)=CC3=O)c2cc1NC(=O)/C=C/CN(C)C,6.945386945443112
CCOc1cc2ncnc(NC3=CC(=O)C(OC(CF)CF)=CC3=O)c2cc1NC(=O)/C=C/CN(C)C,6.961379838050298
CCOc1cc2ncnc(NC3=CC(=O)C(OC)=CC3=O)c2cc1NC(=O)/C=C/CN(C)C,6.421704694879174
CCOc1cc2ncc(C#N)c(Nc3ccc(OCc4ccccn4)c(Cl)c3)c2cc1NC(=O)/C=C/CN(C)C,6.066411489803347
COCCOc1cc2ncnc(NC3=CC(=O)C(OCc4cccc(F)c4)=CC3=O)c2cc1OC,6.72584215073632
COCCOc1cc2ncnc(NC3=CC(=O)C(OCc4ccccc4)=CC3=O)c2cc1OC,6.853871964321762
COCCOc1cc2ncnc(NC3=CC(=O)C(OCc4cccc(OC)c4)=CC3=O)c2cc1OC,6.6020599913279625
COc1cc2/c(=N/c3ccc(Br)cc3F)nc[nH]c2cc1OCC1CCN(C)CC1,5.315693353928368
Clc1ccc(Nc2nnc(Cc3ccncc3)c3ccccc23)cc1,5.170438943700607
COc1cc2ncnc(Nc3ccc(F)c(Cl)c3)c2cc1OCCCN1CCOCC1,5.0
COc1cc2ncnc(Nc3cccc(Br)c3)c2cc1OC,5.0
CN(C)C/C=C/C(=O)Nc1ccc2ncnc(Nc3ccc(Br)cc3F)c2c1,5.0
CCOc1cc2ncnc(NC3=CC(=O)C(OCc4cccc(C)c4)=CC3=O)c2cc1NC(=O)/C=C/CN(C)C,6.212752119668046
CCOc1cc2ncnc(NC3=CC(=O)C(OCc4cccc(OC)c4)=CC3=O)c2cc1NC(=O)/C=C/CN(C)C,5.891096872332687
CCOc1cc2ncnc(NC3=CC(=O)C(OCc4cccs4)=CC3=O)c2cc1NC(=O)/C=C/CN(C)C,6.525783735923745
CCOc1cc2ncnc(NC3=CC(=O)C(OCc4cccc(Cl)c4)=CC3=O)c2cc1NC(=O)/C=C/CN(C)C,6.747632485540101
CCOc1cc2ncnc(NC3=CC(=O)C(OCc4ccccn4)=CC3=O)c2cc1NC(=O)/C=C/CN(C)C,5.996108833763089
CCOc1cc2ncnc(NC3=CC(=O)C(OCc4ccccc4)=CC3=O)c2cc1NC(=O)/C=C/CN(C)C,6.106182776032537
CCOc1cc2ncnc(NC3=CC(=O)C(OCc4ccc(F)c(F)c4)=CC3=O)c2cc1NC(=O)/C=C/CN(C)C,6.259479413946336
CCOc1cc2ncnc(NC3=CC(=O)C(OCc4cccc(F)c4)=CC3=O)c2cc1NC(=O)/C=C/CN(C)C,6.458920232223371
CCOc1cc2ncnc(NC3=CC(=O)C(OC(CF)CF)=CC3=O)c2cc1NC(=O)/C=C/CN(C)C,6.518127589689336
CCOc1cc2ncnc(NC3=CC(=O)C(OC)=CC3=O)c2cc1NC(=O)/C=C/CN(C)C,5.854803593885818
CCOc1cc2ncc(C#N)c(Nc3ccc(OCc4ccccn4)c(Cl)c3)c2cc1NC(=O)/C=C/CN(C)C,5.0
CCN1CCN(CCc2ccc(Nc3ncc(Cl)c(-c4ccc5cc[nH]c5c4)n3)cc2)CC1,7.431798275933005
N#Cc1cnc(Nc2ccccc2)nc1-c1ccccc1,6.0
CN1CCN(CCc2ccc(Nc3ncc(C#N)c(-c4ccc(C(C)(C)N)cc4)n3)cc2)CC1,7.6777807052660805
CCc1nccn1CCc1ccc(Nc2ncc(C#N)c(-c3ccc(C(C)(C)N)cc3)n2)cc1,7.026872146400302
CC(C)(N)c1ccc(-c2nc(Nc3cccc(CCN4CCOCC4)c3)ncc2C#N)cc1,7.259637310505756
CC(C)(N)c1ccc(-c2nc(Nc3ccc(CCN4CCOCC4)cc3)ncc2C#N)cc1,7.568636235841013
CC(C)(C)c1nc(Nc2ccc(CCO)cc2)ncc1C#N,5.795880017344075
N#Cc1cnc(Nc2ccc(CCO)cc2)nc1-c1cc2ccccc2[nH]1,5.853871964321762
CC(C)(O)c1ccc(-c2nc(Nc3ccc(CCO)cc3)ncc2C#N)cc1,6.3872161432802645
N#Cc1cnc(Nc2ccc(CCO)cc2)nc1-c1nc2ccccc2s1,6.468521082957745
N#Cc1cnc(Nc2ccc(CCO)cc2)nc1-c1ccc(S(N)(=O)=O)cc1,6.698970004336019
N#Cc1cnc(Nc2ccc(CCO)cc2)nc1-c1ccc(Br)cc1,6.7447274948966935
COc1ccc(-c2nc(Nc3ccc(CCO)cc3)ncc2C#N)cc1,6.823908740944319
N#Cc1cnc(Nc2ccc(CCO)cc2)nc1-c1ccc2[nH]ccc2c1,7.045757490560675
N#Cc1cnc(Nc2ccc(CCO)cc2)nc1-c1cccs1,7.086186147616283
CC(C)(N)c1ccc(-c2nc(Nc3ccc(CCO)cc3)ncc2C#N)cc1,7.2839966563652006
COc1ccccc1Nc1ncc(C#N)c(-c2ccccc2)n1,5.0
N#Cc1cnc(Nc2ccc(Cl)cc2)nc1-c1ccccc1,5.0
N#Cc1cnc(Nc2ccccc2Cl)nc1-c1ccccc1,5.0
N#Cc1cnc(Nc2ncccn2)nc1-c1ccccc1,5.0
N#Cc1cnc(Nc2nc3ccccc3[nH]2)nc1-c1ccccc1,5.0
N#Cc1cnc(Nc2ccc3ccccc3c2)nc1-c1ccccc1,5.6777807052660805
Cc1ccc(Nc2ncc(C#N)c(-c3ccccc3)n2)cc1,6.0
COc1ccc(Nc2ncc(C#N)c(-c3ccccc3)n2)cc1,6.309803919971486
Cc1cc2cc(Nc3ncc(C#N)c(-c4ccccc4)n3)ccc2[nH]1,6.3872161432802645
COc1cccc(Nc2ncc(C#N)c(-c3ccccc3)n2)c1,6.42021640338319
N#Cc1cnc(Nc2ccc(CCO)cc2)nc1-c1ccccc1,6.698970004336019
N#Cc1cnc(Nc2cccc(CN3CCOCC3)c2)nc1-c1ccccc1,6.443697499232712
N#Cc1cnc(Nc2ccc(CCC(=O)N3CCOCC3)cc2)nc1-c1ccccc1,6.7447274948966935
N#Cc1cnc(Nc2ccc(CCN3CCCC3)cc2)nc1-c1ccccc1,6.958607314841775
COc1cc(Nc2ncc(C#N)c(-c3ccccc3)n2)ccc1CN1CCCC1,7.040958607678906
N#Cc1cnc(Nc2ccc(CN3CCCC3)cc2)nc1-c1ccccc1,7.214670164989233
CC(C)(N)c1ccc(-c2nc(Nc3ccc(OCCN4CCOCC4)cc3)ncc2C#N)cc1,6.346787486224656
CC(C)(N)c1ccc(-c2nc(Nc3cccc(Br)c3)ncc2Cl)cc1,6.458420756053419
CN(C)CCc1ccc(Nc2ncc(Cl)c(-c3n[nH]c4ccccc34)n2)cc1,6.503070351926785
CN(C)CCc1ccc(Nc2ncc(Cl)c(-c3cccc4cc[nH]c34)n2)cc1,6.341988603342887
CN(C)CCc1ccc(Nc2ncc(Cl)c(-c3ccc4cc[nH]c4c3)n2)cc1,7.823908740944319
CN(C)CCc1ccc(Nc2ncc(Cl)c(-c3ccc4[nH]ccc4c3)n2)cc1,6.987162775294828
CN(C)CCc1ccc(Nc2ncc(Cl)c(-c3cccc4[nH]ccc34)n2)cc1,6.665546248849069
CN(C)CCc1ccc(Nc2ncc(Cl)c(-c3c[nH]c4ccccc34)n2)cc1,8.154901959985743
Cc1nc(C)c(-c2nc(Nc3ccc(CCN(C)C)cc3)ncc2Cl)s1,6.098541678603888
CN(C)CCc1ccc(Nc2ncc(Cl)c(-c3cccs3)n2)cc1,6.798602875679548
CN1CCN(CCc2ccc(Nc3ncc(Cl)c(-c4ccc(C(C)(C)N)cc4)n3)cc2)CC1,7.119186407719209
CC(C)(N)c1ccc(-c2nc(Nc3ccc(CCN4CCOCC4)cc3)ncc2Cl)cc1,6.8297382846050425
CC(C)(N)c1ccc(-c2nc(Nc3ccc(CCN4CCCC4)cc3)ncc2Cl)cc1,7.585026652029182
CN(C)CCc1ccc(Nc2ncc(Cl)c(-c3ccc(C(C)(C)N)cc3)n2)cc1,7.721246399047171
CNCCc1ccc(Nc2ncc(Cl)c(-c3ccc(C(C)(C)N)cc3)n2)cc1,7.481486060122112
CC(C)(N)c1ccc(-c2nc(Nc3ccc(CCO)cc3)ncc2Cl)cc1,7.161150909262744
Clc1cnc(Nc2ccc(CCN3CCCC3)cc2)nc1-c1ccc2cc[nH]c2c1,7.795880017344075
CN1CCN(CCc2ccc(Nc3ncc(Cl)c(-c4c[nH]c5ccccc45)n3)cc2)CC1,8.154901959985743
N#Cc1c(NC(=O)c2cccc3ccccc23)sc2c1CCCC2,5.0
N#Cc1c(NC(=O)c2cccc3ccccc23)sc2c1CCCN2C(=O)C1CC1,5.0
CCN(CC)C/C=C/c1cnc(N)c2c(-c3ccc(NC(=O)c4cc5ccccc5n4C)c(OC)c3)csc12,4.301029995663981
COc1cc(-c2csc3c(/C=C/CNC4CCNCC4)cnc(N)c23)ccc1NC(=O)c1cc2ccccc2n1C,4.301029995663981
COc1cc(-c2csc3c(/C=C/CN[C@H]4CC[C@H](N)CC4)cnc(N)c23)ccc1NC(=O)c1cc2ccccc2n1C,4.732828271596986
COc1cc(-c2csc3c(/C=C/CN[C@H]4CC[C@@H](N)CC4)cnc(N)c23)ccc1NC(=O)c1cc2ccccc2n1C,4.301029995663981
COc1cc(-c2csc3c(/C=C/CN4CCC(O)CC4)cnc(N)c23)ccc1NC(=O)c1cc2ccccc2n1C,4.301029995663981
c1ccc2c(-c3cnc4[nH]nc(-c5nc6ccccc6[nH]5)c4c3)cncc2c1,5.835647144215563
O=C(NCCCN1CCCC1=O)c1cnccc1Nc1nc(-c2cc(Br)ccc2F)nc2nccnc12,6.853871964321762
O=C(Nc1ccc(OC(F)(F)F)cc1)c1nnnn1CCc1ccncc1,5.576754126063192
O=C(Nc1ccc(C(F)(F)F)cc1)c1nnnn1CCc1ccncc1,6.070581074285707
O=C(Nc1ccc(C(F)(F)F)c(Cl)c1)c1nnnn1CCc1ccncc1,5.0
O=C(Nc1ccc(Cl)cc1)c1ccnn1CCc1ccccn1,5.0
CC(C)(C)c1ccc(NC(=O)c2nnnn2CCc2ccncc2)cc1,5.0
O=C(Nc1ccc(Cl)cc1)c1ccnn1CCc1ccccn1,5.0
O=C(Nc1ccc(C(F)(F)F)c(Cl)c1)c1nnnn1CCc1ccncc1,5.0
CC(C)(C)c1ccc(NC(=O)c2nnnn2CCc2ccncc2)cc1,5.0
O=C(Nc1ccc(C(F)(F)F)c(Cl)c1)c1nc2ccccc2n1CCc1ccncc1,5.0
O=C(Nc1ccc(OC(F)(F)F)cc1)c1nc2ccccc2n1CCc1ccncc1,5.0
O=C(Nc1ccc(Cl)cc1)c1nc2ccccc2n1CCc1ccncc1,5.0
O=C(Nc1ccc(OC(F)(F)F)cc1)c1cc2ccccc2n1CCc1ccncc1,5.0
O=C(Nc1ccc(Cl)cc1)c1cc2ccccc2n1CCc1ccncc1,5.0
Cc1nn(CCc2ccncc2)c(C(=O)Nc2ccc(OC(F)(F)F)cc2)c1C,5.0
Cc1nn(CCc2ccncc2)c(C(=O)Nc2ccc(Cl)cc2)c1C,5.0
O=C(Nc1ccc(OCc2ccccc2)cc1)c1ccnn1CCc1ccncc1,5.0
O=C(Nc1ccc(Cl)cc1)c1ccnn1CCc1c[nH]cn1,5.0
O=C(Nc1ccc(Cl)cc1)c1ccnn1CCc1noc2ccccc12,5.0
O=C(Nc1ccc(Cl)cc1)c1ccnn1CCc1cnoc1,5.0
COc1ccc(CCn2nccc2C(=O)Nc2ccc(Cl)cc2)cc1OC,5.0
O=C(Nc1ccc(Cl)cc1)c1ccnn1CCc1ccc(F)c(F)c1,5.0
CC1C=C2OCOC2=C(CCn2nccc2C(=O)Nc2ccc(Cl)cc2)C1,5.0
O=C(Nc1ccc(Cl)cc1)c1ccnn1CCc1cccnc1,5.0
O=C(Nc1ccc(Cl)cc1)c1ccnn1CCc1ccncc1,7.113509274827518
O=C(Nc1ccc(C(F)(F)F)c(Cl)c1)c1nc2ccccc2n1CCc1ccncc1,5.0
O=C(Nc1ccc(OC(F)(F)F)cc1)c1nc2ccccc2n1CCc1ccncc1,5.0
O=C(Nc1ccc(Cl)cc1)c1nc2ccccc2n1CCc1ccncc1,5.0
O=C(Nc1ccc(OC(F)(F)F)cc1)c1cc2ccccc2n1CCc1ccncc1,5.0
O=C(Nc1ccc(Cl)cc1)c1cc2ccccc2n1CCc1ccncc1,5.0
Cc1nn(CCc2ccncc2)c(C(=O)Nc2ccc(OC(F)(F)F)cc2)c1C,5.0
Cc1nn(CCc2ccncc2)c(C(=O)Nc2ccc(Cl)cc2)c1C,5.0
O=C(Nc1ccc2cn[nH]c2c1)c1ccnn1CCc1ccncc1,5.0
O=C(Nc1ccc2[nH]ncc2c1)c1ccnn1CCc1ccncc1,5.0
O=C(Nc1ccc(OCc2ccccc2)cc1)c1ccnn1CCc1ccncc1,5.0
O=C(Nc1ccc(Oc2ccccc2)cc1)c1ccnn1CCc1ccncc1,5.0
O=C(Nc1ccc(Cl)cc1)c1ccnn1CCc1c[nH]cn1,5.0
O=C(Nc1ccc(Cl)cc1)c1ccnn1CCc1noc2ccccc12,5.0
O=C(Nc1ccc(Cl)cc1)c1ccnn1CCc1cnoc1,5.0
COc1ccc(CCn2nccc2C(=O)Nc2ccc(Cl)cc2)cc1OC,5.0
O=C(Nc1ccc(Cl)cc1)c1ccnn1CCc1ccc(F)c(F)c1,5.0
CC1C=C2OCOC2=C(CCn2nccc2C(=O)Nc2ccc(Cl)cc2)C1,5.0
O=C(Nc1ccc(Cl)cc1)c1ccnn1CCc1cccnc1,5.0
O=C(Nc1ccc(Cl)cc1)c1ccnn1CCc1ccncc1,7.045757490560675
O=C(Nc1ccc(Cl)cc1)c1nnnn1CCc1ccncc1,6.1938200260161125
O=C(Nc1ccc(C(F)(F)F)c(Cl)c1)c1nccn1CCc1ccncc1,5.882728704344236
CC(C)(C)c1ccc(NC(=O)c2nccn2CCc2ccncc2)cc1,6.026872146400302
O=C(Nc1ccc(OC(F)(F)F)cc1)c1nccn1CCc1ccncc1,6.102372908709558
O=C(Nc1ccc(C(F)(F)F)cc1)c1nccn1CCc1ccncc1,6.327902142064283
O=C(Nc1ccc(Cl)cc1)c1nccn1CCc1ccncc1,6.42021640338319
Cc1cc(C(=O)Nc2ccc(OC(F)(F)F)cc2)n(CCc2ccncc2)n1,5.924453038607469
Cc1cc(C(=O)Nc2ccc(Cl)cc2)n(CCc2ccncc2)n1,6.107905397309519
COc1ccc(NC(=O)c2ccnn2CCc2ccncc2)cc1OC,6.356547323513812
O=C(Nc1ccc(Cl)c(Cl)c1)c1ccnn1CCc1ccncc1,6.585026652029182
O=C(Nc1ccc(C(F)(F)F)c(Cl)c1)c1ccnn1CCc1ccncc1,6.7447274948966935
O=C(Nc1ccc(Cl)c(C(F)(F)F)c1)c1ccnn1CCc1ccncc1,6.1249387366083
O=C(Nc1ccc2cn[nH]c2c1)c1ccnn1CCc1ccncc1,5.0
O=C(Nc1ccc2[nH]ncc2c1)c1ccnn1CCc1ccncc1,5.288192770958809
O=C(Nc1cnc2ccccc2c1)c1ccnn1CCc1ccncc1,6.7447274948966935
O=C(Nc1ccc(Oc2ccccc2)cc1)c1ccnn1CCc1ccncc1,5.492144128304169
O=C(Nc1ccc(-c2ccccc2)cc1)c1ccnn1CCc1ccncc1,6.022276394711152
CC(C)c1ccc(NC(=O)c2ccnn2CCc2ccncc2)cc1,7.130768280269024
CC(C)(C)c1ccc(NC(=O)c2ccnn2CCc2ccncc2)cc1,7.376750709602099
O=C(Nc1cccc(OC(F)(F)F)c1)c1ccnn1CCc1ccncc1,6.431798275933005
O=C(Nc1ccc(OC(F)(F)F)cc1)c1ccnn1CCc1ccncc1,7.552841968657781
CCc1ccc(NC(=O)c2ccnn2CCc2ccncc2)cc1,6.920818753952375
O=C(Nc1ccc(C(F)(F)F)cc1)c1ccnn1CCc1ccncc1,7.161150909262744
O=C(Nc1ccc(OC(F)(F)F)cc1)c1nnnn1CCc1ccncc1,5.527243550682788
O=C(Nc1ccc(C(F)(F)F)cc1)c1nnnn1CCc1ccncc1,5.528708288941061
O=C(Nc1ccc(Cl)cc1)c1nnnn1CCc1ccncc1,5.692503962086787
O=C(Nc1ccc(C(F)(F)F)c(Cl)c1)c1nccn1CCc1ccncc1,5.305394801066432
CC(C)(C)c1ccc(NC(=O)c2nccn2CCc2ccncc2)cc1,5.647817481888637
O=C(Nc1ccc(OC(F)(F)F)cc1)c1nccn1CCc1ccncc1,5.978810700930062
O=C(Nc1ccc(C(F)(F)F)cc1)c1nccn1CCc1ccncc1,5.779891911959945
O=C(Nc1ccc(Cl)cc1)c1nccn1CCc1ccncc1,5.87942606879415
Cc1cc(C(=O)Nc2ccc(OC(F)(F)F)cc2)n(CCc2ccncc2)n1,5.872895201635193
Cc1cc(C(=O)Nc2ccc(Cl)cc2)n(CCc2ccncc2)n1,5.5951662833800615
COc1ccc(NC(=O)c2ccnn2CCc2ccncc2)cc1OC,7.045757490560675
O=C(Nc1ccc(Cl)c(Cl)c1)c1ccnn1CCc1ccncc1,6.920818753952375
O=C(Nc1ccc(C(F)(F)F)c(Cl)c1)c1ccnn1CCc1ccncc1,7.022276394711152
O=C(Nc1ccc(Cl)c(C(F)(F)F)c1)c1ccnn1CCc1ccncc1,6.346787486224656
O=C(Nc1cnc2ccccc2c1)c1ccnn1CCc1ccncc1,5.913640169325252
O=C(Nc1ccc(-c2ccccc2)cc1)c1ccnn1CCc1ccncc1,5.806875401645538
CC(C)c1ccc(NC(=O)c2ccnn2CCc2ccncc2)cc1,7.275724130399211
CC(C)(C)c1ccc(NC(=O)c2ccnn2CCc2ccncc2)cc1,7.481486060122112
O=C(Nc1cccc(OC(F)(F)Cl)c1)c1ccnn1CCc1ccncc1,7.6777807052660805
O=C(Nc1cccc(OC(F)(F)F)c1)c1ccnn1CCc1ccncc1,6.552841968657781
O=C(Nc1ccc(OC(F)(F)F)cc1)c1ccnn1CCc1ccncc1,7.7447274948966935
CCc1ccc(NC(=O)c2ccnn2CCc2ccncc2)cc1,7.0655015487564325
O=C(Nc1ccc(C(F)(F)F)cc1)c1ccnn1CCc1ccncc1,7.318758762624412
CN(C(=O)c1ccnn1CCc1ccncc1)c1ccc(Cl)cc1,5.0
COc1ccc2cc(-c3c(-c4ccncc4)nc(-c4ccc([S+](C)[O-])cc4C)n3C)ccc2c1,5.823908740944319
Nc1ncc(-c2ccccc2)c2occ(-c3ccc(NC(=O)Nc4cc(C(F)(F)F)ccc4F)cc3)c12,7.522878745280337
Nc1ncc(-c2cccc(S(N)(=O)=O)c2)c2occ(-c3ccc(NC(=O)Nc4cc(C(F)(F)F)ccc4F)cc3)c12,8.3767507096021
Nc1ncc(-c2cccc(Cl)c2)c2occ(-c3ccc(NC(=O)Nc4cc(C(F)(F)F)ccc4F)cc3)c12,6.0301183562535
Nc1ncc(-c2cccc(S(N)(=O)=O)c2)c2scc(-c3ccc(F)c(Cl)c3)c12,5.721246399047171
COc1cc(Nc2c(C#N)cnc3cc(C#CCCN4CCN(C)CC4)c(OC)cc23)c(Cl)cc1Cl,5.301029995663981
Clc1ccc(Nc2nnc(Cc3ccncc3)c3ccccc23)cc1,7.6777807052660805
Clc1ccc(Nc2nnc(Cc3ccncc3)c3ccccc23)cc1,6.853871964321762
Cc1cc(NC(=O)c2c(C)noc2NCc2ccncc2)ccc1C(F)(F)F,5.841637507904751
COc1ccc(NC(=O)c2c(C)noc2NCc2ccncc2)cc1OC,5.474955192963154
Cc1noc(NCc2ccncc2)c1C(=O)Nc1ccc(Cl)c(Cl)c1,5.903089986991944
Cc1noc(NCc2ccncc2)c1C(=O)Nc1ccc(C(F)(F)F)c(Cl)c1,5.954677021213342
Cc1noc(NCc2ccncc2)c1C(=O)Nc1cnc2ccccc2c1,5.913640169325252
Cc1noc(NCc2ccncc2)c1C(=O)Nc1ccc(C(C)C)cc1,6.119186407719209
Cc1noc(NCc2ccncc2)c1C(=O)Nc1ccc(C(C)(C)C)cc1,6.376750709602099
Cc1noc(NCc2ccncc2)c1C(=O)Nc1ccc(OC(F)(F)F)cc1,5.449771646944906
Cc1noc(NCc2ccncc2)c1C(=O)Nc1ccc(C(F)(F)F)cc1,6.251811972993799
Cc1noc(NCc2ccncc2)c1C(=O)Nc1cccc(C(F)(F)F)c1,5.772113295386326
Cc1cc(NC(=O)c2c(NCc3ccncc3)cnn2C)ccc1C(F)(F)F,6.251811972993799
Cc1ccc(NC(=O)c2c(NCc3ccncc3)cnn2C)cc1C(F)(F)F,6.031517051446065
Cn1ncc(NCc2ccncc2)c1C(=O)Nc1cc(C(F)(F)F)cc(C(F)(F)F)c1,5.910094888560602
Cn1ncc(NCc2ccncc2)c1C(=O)Nc1ccc(C(F)(F)F)c(C(F)(F)F)c1,6.036212172654444
COc1ccc(NC(=O)c2c(NCc3ccncc3)cnn2C)cc1OC,6.292429823902063
Cn1ncc(NCc2ccncc2)c1C(=O)Nc1ccc(Cl)c(Cl)c1,6.443697499232712
Cn1ncc(NCc2ccncc2)c1C(=O)Nc1ccc(C(F)(F)F)c(Cl)c1,6.356547323513812
Cn1ncc(NCc2ccncc2)c1C(=O)Nc1ccc(Cl)c(C(F)(F)F)c1,5.866461091629782
Cn1ncc(NCc2ccncc2)c1C(=O)Nc1cnc2ccccc2c1,6.2839966563652006
CC(C)c1ccc(NC(=O)c2c(NCc3ccncc3)cnn2C)cc1,6.356547323513812
Cn1ncc(NCc2ccncc2)c1C(=O)Nc1ccc(C(C)(C)C)cc1,6.7447274948966935
Cn1ncc(NCc2ccncc2)c1C(=O)Nc1cccc(Cl)c1,5.492144128304169
Cn1ncc(NCc2ccncc2)c1C(=O)Nc1cccc(OC(F)(F)F)c1,5.61261017366127
Cn1ncc(NCc2ccncc2)c1C(=O)Nc1ccc(OC(F)(F)F)cc1,5.728158393463501
Cn1ncc(NCc2ccncc2)c1C(=O)Nc1ccc(C(F)(F)F)cc1,6.508638306165727
Cn1ncc(NCc2ccncc2)c1C(=O)Nc1cccc(C(F)(F)F)c1,5.97469413473523
Cn1cnc(NCc2ccncc2)c1C(=O)NCc1ccc2c(c1)OCO2,5.950781977329818
Cc1ccc(NC(=O)c2c(NCc3ccncc3)ncn2C)c(F)c1,5.8696662315049934
Cc1cc(NC(=O)c2c(NCc3ccncc3)ncn2C)ccc1C(F)(F)F,6.292429823902063
Cc1ccc(NC(=O)c2c(NCc3ccncc3)ncn2C)cc1C(F)(F)F,6.214670164989233
Cn1cnc(NCc2ccncc2)c1C(=O)Nc1cc(C(F)(F)F)cc(C(F)(F)F)c1,5.97469413473523
Cn1cnc(NCc2ccncc2)c1C(=O)Nc1ccc(C(F)(F)F)c(C(F)(F)F)c1,6.161150909262744
COc1ccc(NC(=O)c2c(NCc3ccncc3)ncn2C)cc1OC,6.455931955649724
Cn1cnc(NCc2ccncc2)c1C(=O)Nc1ccc(Cl)c(Cl)c1,6.259637310505756
Cn1cnc(NCc2ccncc2)c1C(=O)Nc1ccc(C(F)(F)F)c(Cl)c1,6.455931955649724
Cn1cnc(NCc2ccncc2)c1C(=O)Nc1ccc(Cl)c(C(F)(F)F)c1,5.8996294548824375
Cn1cnc(NCc2ccncc2)c1C(=O)Nc1cnc2ccccc2c1,6.455931955649724
CC(C)c1ccc(NC(=O)c2c(NCc3ccncc3)ncn2C)cc1,6.568636235841013
Cn1cnc(NCc2ccncc2)c1C(=O)Nc1ccc(C(C)(C)C)cc1,6.958607314841775
Cn1cnc(NCc2ccncc2)c1C(=O)Nc1cccc(Cl)c1,5.492144128304169
Cn1cnc(NCc2ccncc2)c1C(=O)Nc1cccc(OC(F)(F)F)c1,5.954677021213342
Cn1cnc(NCc2ccncc2)c1C(=O)Nc1ccc(OC(F)(F)F)cc1,5.844663962534939
Cn1cnc(NCc2ccncc2)c1C(=O)Nc1ccc(C(F)(F)F)cc1,5.221848749616356
Cn1cnc(NCc2ccncc2)c1C(=O)Nc1cccc(C(F)(F)F)c1,6.102372908709558
Cn1cnc(NCCc2ccc3c(c2)OCO3)c1C(=O)Nc1ccc(C(F)(F)F)cc1,5.5934598195660445
Cn1cnc(NCCc2ccc3c(c2)OCO3)c1C(=O)Nc1cccc(C(F)(F)F)c1,5.505845405981558
Cn1cnc(NCc2cccnc2)c1C(=O)Nc1cccc(C(F)(F)F)c1,5.0
O=C(Nc1cnc2ccccc2c1)c1ccccc1NCc1ccncc1,6.795880017344075
O=C(Nc1cccc(C(F)(F)F)c1)c1ccccc1NCc1ccncc1,6.769551078621726
COc1cc2/c(=N/c3ccc(Br)cc3F)nc[nH]c2cc1OCC1CCN(C)CC1,7.0
Cc1cc(NC(=O)c2c(C)noc2NCc2ccncc2)ccc1C(F)(F)F,6.229147988357855
Cc1noc(NCc2ccncc2)c1C(=O)Nc1ccc(Cl)c(Cl)c1,6.031517051446065
Cc1noc(NCc2ccncc2)c1C(=O)Nc1ccc(C(F)(F)F)c(Cl)c1,6.494850021680094
Cc1noc(NCc2ccncc2)c1C(=O)Nc1cnc2ccccc2c1,5.450996737974212
Cc1noc(NCc2ccncc2)c1C(=O)Nc1ccc(C(C)C)cc1,6.455931955649724
Cc1noc(NCc2ccncc2)c1C(=O)Nc1ccc(C(C)(C)C)cc1,6.6777807052660805
Cc1noc(NCc2ccncc2)c1C(=O)Nc1ccc(OC(F)(F)F)cc1,6.040958607678906
Cc1noc(NCc2ccncc2)c1C(=O)Nc1ccc(C(F)(F)F)cc1,6.7447274948966935
Cc1noc(NCc2ccncc2)c1C(=O)Nc1cccc(C(F)(F)F)c1,5.6439741428068775
Cc1cc(NC(=O)c2c(NCc3ccncc3)cnn2C)ccc1C(F)(F)F,7.161150909262744
Cc1ccc(NC(=O)c2c(NCc3ccncc3)cnn2C)cc1C(F)(F)F,6.991399828238082
Cn1ncc(NCc2ccncc2)c1C(=O)Nc1cc(C(F)(F)F)cc(C(F)(F)F)c1,6.6777807052660805
Cn1ncc(NCc2ccncc2)c1C(=O)Nc1ccc(C(F)(F)F)c(C(F)(F)F)c1,6.886056647693163
COc1ccc(NC(=O)c2c(NCc3ccncc3)cnn2C)cc1OC,7.040958607678906
Cn1ncc(NCc2ccncc2)c1C(=O)Nc1ccc(Cl)c(Cl)c1,7.086186147616283
Cn1ncc(NCc2ccncc2)c1C(=O)Nc1ccc(C(F)(F)F)c(Cl)c1,7.102372908709558
Cn1ncc(NCc2ccncc2)c1C(=O)Nc1ccc(Cl)c(C(F)(F)F)c1,6.958607314841775
Cn1ncc(NCc2ccncc2)c1C(=O)Nc1cnc2ccccc2c1,5.943095148663527
CC(C)c1ccc(NC(=O)c2c(NCc3ccncc3)cnn2C)cc1,7.055517327849832
Cn1ncc(NCc2ccncc2)c1C(=O)Nc1ccc(C(C)(C)C)cc1,7.346787486224656
Cn1ncc(NCc2ccncc2)c1C(=O)Nc1ccc(Cl)cc1,6.0
Cn1ncc(NCc2ccncc2)c1C(=O)Nc1cccc(OC(F)(F)F)c1,6.327902142064283
Cn1ncc(NCc2ccncc2)c1C(=O)Nc1ccc(OC(F)(F)F)cc1,7.1938200260161125
Cn1ncc(NCc2ccncc2)c1C(=O)Nc1ccc(C(F)(F)F)cc1,6.886056647693163
Cn1ncc(NCc2ccncc2)c1C(=O)Nc1cccc(C(F)(F)F)c1,5.872895201635193
Cn1cnc(NCc2ccncc2)c1C(=O)NCc1ccc2c(c1)OCO2,6.130768280269024
Cc1ccc(NC(=O)c2c(NCc3ccncc3)ncn2C)c(F)c1,5.903089986991944
Cc1cc(NC(=O)c2c(NCc3ccncc3)ncn2C)ccc1C(F)(F)F,7.1938200260161125
Cc1ccc(NC(=O)c2c(NCc3ccncc3)ncn2C)cc1C(F)(F)F,7.050609993355087
Cn1cnc(NCc2ccncc2)c1C(=O)Nc1cc(C(F)(F)F)cc(C(F)(F)F)c1,6.823908740944319
Cn1cnc(NCc2ccncc2)c1C(=O)Nc1ccc(C(F)(F)F)c(C(F)(F)F)c1,6.958607314841775
COc1ccc(NC(=O)c2c(NCc3ccncc3)ncn2C)cc1OC,7.2441251443275085
Cn1cnc(NCc2ccncc2)c1C(=O)Nc1ccc(Cl)c(Cl)c1,7.017728766960431
Cn1cnc(NCc2ccncc2)c1C(=O)Nc1ccc(C(F)(F)F)c(Cl)c1,7.055517327849832
Cn1cnc(NCc2ccncc2)c1C(=O)Nc1ccc(Cl)c(C(F)(F)F)c1,6.769551078621726
Cn1cnc(NCc2ccncc2)c1C(=O)Nc1cnc2ccccc2c1,6.036212172654444
CC(C)c1ccc(NC(=O)c2c(NCc3ccncc3)ncn2C)cc1,7.1249387366083
Cn1cnc(NCc2ccncc2)c1C(=O)Nc1ccc(C(C)(C)C)cc1,7.1938200260161125
Cn1cnc(NCc2ccncc2)c1C(=O)Nc1ccc(Cl)cc1,5.782516055786093
Cn1cnc(NCc2ccncc2)c1C(=O)Nc1cccc(OC(F)(F)F)c1,6.455931955649724
Cn1cnc(NCc2ccncc2)c1C(=O)Nc1ccc(OC(F)(F)F)cc1,6.958607314841775
Cn1cnc(NCc2ccncc2)c1C(=O)Nc1ccc(C(F)(F)F)cc1,5.017728766960431
Cn1cnc(NCc2ccncc2)c1C(=O)Nc1cccc(C(F)(F)F)c1,6.259637310505756
Cn1cnc(NCc2cccnc2)c1C(=O)Nc1cccc(C(F)(F)F)c1,5.0
O=C(Nc1cnc2ccccc2c1)c1ccccc1NCc1ccncc1,7.301029995663981
O=C(Nc1cccc(C(F)(F)F)c1)c1ccccc1NCc1ccncc1,7.045757490560675
COc1cc2/c(=N/c3ccc(Br)cc3F)nc[nH]c2cc1OCC1CCN(C)CC1,5.779891911959945
Cc1noc(NCc2ccncc2)c1C(=O)Nc1ccc(Oc2ccccc2)cc1,5.0
Cc1noc(NCc2ccncc2)c1C(=O)Nc1ccc(-c2ccccc2)cc1,5.0
Cc1noc(NCc2ccncc2)c1C(=O)Nc1cccc(Cl)c1,5.0
Cc1noc(NCc2ccncc2)c1C(=O)Nc1ccc(Cl)cc1,5.0
Cc1noc(NCc2ccncc2)c1C(=O)Nc1cccc(OC(F)(F)F)c1,5.0
Cn1ncc(NCc2ccncc2)c1C(=O)Nc1ccc(Cc2ccccc2)cc1,5.0
Cn1ncc(NCc2ccncc2)c1C(=O)Nc1ccc(Oc2ccccc2)cc1,5.0
Cn1ncc(NCc2ccncc2)c1C(=O)Nc1ccc(-c2ccccc2)cc1,5.0
Cn1ncc(NCc2ccncc2)c1C(=O)Nc1ccc(Cl)cc1,5.0
Cn1ncc(NCc2cccnc2)c1C(=O)Nc1ccc(C(F)(F)F)cc1,5.0
Cn1ncc(NCCc2ccc3c(c2)OCO3)c1C(=O)Nc1ccc(C(F)(F)F)cc1,5.0
Cn1ncc(NCCc2ccc3c(c2)OCO3)c1C(=O)Nc1cccc(C(F)(F)F)c1,5.0
Cn1ncc(NCc2cccnc2)c1C(=O)Nc1cccc(C(F)(F)F)c1,5.0
Cn1cnc(NCc2ccncc2)c1C(=O)Nc1ccc2cn[nH]c2c1,5.0
Cn1cnc(NCc2ccncc2)c1C(=O)Nc1ccc2c(c1)CN=N2,5.0
Cn1cnc(NCc2ccncc2)c1C(=O)Nc1ccc(Cc2ccccc2)cc1,5.0
Cn1cnc(NCc2ccncc2)c1C(=O)Nc1ccc(Oc2ccccc2)cc1,5.0
Cn1cnc(NCc2ccncc2)c1C(=O)Nc1ccc(-c2ccccc2)cc1,5.0
Cn1cnc(NCc2ccncc2)c1C(=O)Nc1ccc(Cl)cc1,5.0
Cn1cnc(NCc2cccnc2)c1C(=O)Nc1ccc(C(F)(F)F)cc1,5.0
Cc1noc(NCc2ccncc2)c1C(=O)Nc1ccc(C(F)(F)F)c(C(F)(F)F)c1,5.0
COc1ccc(NC(=O)c2c(C)noc2NCc2ccncc2)cc1OC,5.0
Cc1noc(NCc2ccncc2)c1C(=O)Nc1ccc(Cl)c(C(F)(F)F)c1,5.0
Cc1noc(NCc2ccncc2)c1C(=O)Nc1ccc(Cc2ccccc2)cc1,5.0
Cc1noc(NCc2ccncc2)c1C(=O)Nc1ccc(Oc2ccccc2)cc1,5.0
Cc1noc(NCc2ccncc2)c1C(=O)Nc1ccc(-c2ccccc2)cc1,5.0
Cc1noc(NCc2ccncc2)c1C(=O)Nc1cccc(Cl)c1,5.0
Cc1noc(NCc2ccncc2)c1C(=O)Nc1ccc(Cl)cc1,5.0
Cc1noc(NCc2ccncc2)c1C(=O)Nc1cccc(OC(F)(F)F)c1,5.0
Cn1ncc(NCc2ccncc2)c1C(=O)Nc1ccc(Cc2ccccc2)cc1,5.0
Cn1ncc(NCc2ccncc2)c1C(=O)Nc1ccc(Oc2ccccc2)cc1,5.0
Cn1ncc(NCc2ccncc2)c1C(=O)Nc1ccc(-c2ccccc2)cc1,5.0
Cn1ncc(NCc2ccncc2)c1C(=O)Nc1cccc(Cl)c1,5.0
Cn1ncc(NCc2cccnc2)c1C(=O)Nc1ccc(C(F)(F)F)cc1,5.0
Cn1ncc(NCCc2ccc3c(c2)OCO3)c1C(=O)Nc1ccc(C(F)(F)F)cc1,5.0
Cn1ncc(NCCc2ccc3c(c2)OCO3)c1C(=O)Nc1cccc(C(F)(F)F)c1,5.0
Cn1ncc(NCc2cccnc2)c1C(=O)Nc1cccc(C(F)(F)F)c1,5.0
Cn1cnc(NCc2ccncc2)c1C(=O)Nc1ccc2cn[nH]c2c1,5.0
Cn1cnc(NCc2ccncc2)c1C(=O)Nc1ccc2c(c1)CN=N2,5.0
Cn1cnc(NCc2ccncc2)c1C(=O)Nc1ccc(Cc2ccccc2)cc1,5.0
Cn1cnc(NCc2ccncc2)c1C(=O)Nc1ccc(Oc2ccccc2)cc1,5.0
Cn1cnc(NCc2ccncc2)c1C(=O)Nc1ccc(-c2ccccc2)cc1,5.0
Cn1cnc(NCc2ccncc2)c1C(=O)Nc1cccc(Cl)c1,5.0
Cn1cnc(NCc2cccnc2)c1C(=O)Nc1ccc(C(F)(F)F)cc1,5.0
Cn1cnc(NCCc2ccc3c(c2)OCO3)c1C(=O)Nc1ccc(C(F)(F)F)cc1,5.0
Cn1cnc(NCCc2ccc3c(c2)OCO3)c1C(=O)Nc1cccc(C(F)(F)F)c1,5.0
Cc1noc(NCc2ccncc2)c1C(=O)Nc1ccc(C(F)(F)F)c(C(F)(F)F)c1,5.0
Cc1noc(NCc2ccncc2)c1C(=O)Nc1ccc(Cl)c(C(F)(F)F)c1,5.0
Cc1noc(NCc2ccncc2)c1C(=O)Nc1ccc(Cc2ccccc2)cc1,5.0
Cc1nnsc1C1=NNC(=O)/C1=C\c1c[nH]c2ccccc12,6.0
Cc1nnsc1C1=NNC(=O)/C1=C\c1cn(C)c2ccc(C#N)cc12,6.522878745280337
Cc1nnsc1C1=NNC(=O)/C1=C\c1c[nH]c2ccc(Cl)cc12,6.522878745280337
Cc1nnsc1C1=NNC(=O)/C1=C\c1cn(C)c2ccccc12,7.022276394711152
COc1ccc(OC)c2c1c(/C=C1\C(=O)NN=C1c1cnns1)cn2C,8.0
Cc1cc(Br)c2c(/C=C3\C(=O)NN=C3c3cnns3)cn(C)c2c1,7.920818753952375
Cn1cc(/C=C2\C(=O)NN=C2c2cnns2)c2ccc(Cl)cc21,7.136677139879544
COc1ccc2c(c(/C=C3\C(=O)NN=C3c3cnns3)cn2C)c1Br,8.221848749616356
COC(=O)c1cccc2c1c(/C=C1\C(=O)NN=C1c1cnns1)cn2C,7.657577319177793
CCOc1cccc2c1c(/C=C1\C(=O)NN=C1c1cnns1)cn2C,7.6020599913279625
COc1cccc2c1c(/C=C1\C(=O)NN=C1c1cnns1)cn2C,7.886056647693163
Cn1cc(/C=C2\C(=O)NN=C2c2cnns2)c2c(Br)cccc21,8.096910013008056
Cn1cc(/C=C2\C(=O)NN=C2c2cnns2)c2c(Cl)cccc21,7.795880017344075
Cn1cc(/C=C2\C(=O)NN=C2c2cnns2)c2c(F)cccc21,7.795880017344075
Cc1ccc2c(c1)c(/C=C1\C(=O)NN=C1c1cnns1)cn2C,7.455931955649724
Cn1cc(/C=C2\C(=O)NN=C2c2cnns2)c2cc(Br)ccc21,6.958607314841775
COc1ccc2c(c1)c(/C=C1\C(=O)NN=C1c1cnns1)cn2C,7.552841968657781
COC(=O)c1ccc2c(c1)c(/C=C1\C(=O)NN=C1c1cnns1)cn2C,7.136677139879544
Cn1cc(/C=C2\C(=O)NN=C2c2cnns2)c2cc(C#N)ccc21,6.7594507517174005
Cn1cc(/C=C2\C(=O)NN=C2c2cnns2)c2cc(Cl)ccc21,7.468521082957745
Cn1cc(/C=C2\C(=O)NN=C2c2cnns2)c2cc(F)ccc21,7.318758762624412
COc1ccc(OC)c2c1c(/C=C1\C(=O)NN=C1c1snnc1C)cn2C,7.698970004336019
COc1cccc2c(/C=C3\C(=O)NN=C3c3snnc3C)cn(C)c12,6.962573502059376
COc1ccc2c(c(/C=C3\C(=O)NN=C3c3snnc3C)cn2C)c1Br,7.638272163982407
Cc1nnsc1C1=NNC(=O)/C1=C\c1cn(C)c2cccc(C)c12,7.236572006437063
CCOc1cccc2c1c(/C=C1\C(=O)NN=C1c1snnc1C)cn2C,7.42021640338319
COc1cccc2c1c(/C=C1\C(=O)NN=C1c1snnc1C)cn2C,7.721246399047171
Cc1nnsc1C1=NNC(=O)/C1=C\c1cn(C)c2cccc(Br)c12,7.468521082957745
Cc1nnsc1C1=NNC(=O)/C1=C\c1cn(C)c2cccc(Cl)c12,7.346787486224656
Cc1nnsc1C1=NNC(=O)/C1=C\c1cn(C)c2cccc(F)c12,6.863279432843593
COc1ccc2c(c1)c(/C=C1\C(=O)NN=C1c1snnc1C)cn2C,7.045757490560675
Cc1nnsc1C1=NNC(=O)/C1=C\c1cn(C)c2ccc(Cl)cc12,6.818156412055227
Cc1nnsc1C1=NNC(=O)/C1=C\c1cn(C)c2ccc(F)cc12,7.00436480540245
Cn1cc(/C=C2\C(=O)NN=C2c2snnc2-c2ccccc2)c2c(Br)cccc21,7.050609993355087
O=C1NN=C(c2cnns2)/C1=C/c1cc2c([nH]1)CCCC2,7.251811972993799
Cc1cc(C)c(/C=C2\C(=O)NN=C2c2snnc2C)[nH]1,6.705533773838407
Fc1cccc(Cn2ncc3cc(Nc4ncnn5ccc(COC[C@@H]6CNCCO6)c45)ccc32)c1,5.0
c1ccc(-c2oc3nccc(NC[C@@H]4CCCO4)c3c2-c2ccccc2)cc1,5.376750709602099
c1ccc(-c2c(-c3ccc(OCCN4CCCCC4)cc3)oc3nccc(NCCCn4ccnc4)c23)cc1,5.769551078621726
c1ccc(-c2c(-c3ccc(OCCN4CCCCC4)cc3)oc3nccc(NCCc4cccnc4)c23)cc1,6.431798275933005
c1ccc(-c2c(-c3ccc(OCCN4CCCCC4)cc3)oc3nccc(NCCc4ccncc4)c23)cc1,5.327902142064283
c1ccc(-c2c(-c3ccc(OCCN4CCCCC4)cc3)oc3nccc(NCCN4CCNCC4)c23)cc1,7.0
CC(C)N(CCOc1ccc(-c2oc3nccc(NCCN4CCNCC4)c3c2-c2ccccc2)cc1)C(C)C,7.173925197299173
c1ccc(-c2c(-c3ccc(OCCn4ccnc4)cc3)oc3nccc(NCCN4CCNCC4)c23)cc1,6.795880017344075
c1ccc(-c2c(-c3ccc(OCCN4CCCC4)cc3)oc3nccc(NCCN4CCNCC4)c23)cc1,6.6777807052660805
c1ccc(-c2c(-c3ccc(OCCN4CCOCC4)cc3)oc3nccc(NCCN4CCNCC4)c23)cc1,7.2441251443275085
c1ccc(-c2oc3nccc(NCCN4CCNCC4)c3c2-c2ccccc2)cc1,6.443697499232712
c1ccc(-c2oc3ncnc(NCCN4CCNCC4)c3c2-c2ccccc2)cc1,5.585026652029182
c1ccc(-c2c(-c3ccc(OCCN4CCCC4)cc3)oc3ncnc(NCCN4CCNCC4)c23)cc1,5.509199047989145
CC(C)Nc1ncnc2oc(-c3ccc(OCCN4CCCC4)cc3)c(-c3ccccc3)c12,6.270025714300444
Cc1ccc(C(=O)Nc2cc(CCCN(C)C)cc(C(F)(F)F)c2)cc1Nc1ncccc1-c1ccncn1,8.698970004336019
CNc1ncnc(-c2cccnc2Oc2cc(NC(=O)c3cccc(OC(F)(F)F)c3)ccc2C)n1,6.354577730650908
CNc1ncnc(-c2cccnc2Oc2cc(NC(=O)c3cccc(OC(F)(F)F)c3)ccc2C)n1,6.267606240177032
CNc1cc(-c2cccnc2Oc2cc(NC(=O)c3cccc(OC(F)(F)C(F)F)c3)ccc2C)ccn1,6.632644078973981
CNc1ncnc(-c2cccnc2Oc2cc(NC(=O)c3cccc(OC(F)(F)C(F)F)c3)ccc2C)n1,5.999132278468773
CNc1ncnc(-c2cccnc2Oc2cc(NC(=O)c3cccc(-n4cccc4)c3)ccc2C)n1,5.9484616094846725
CNc1ncnc(-c2cccnc2Oc2cc(NC(=O)c3cccc(C(F)(F)F)c3)ccc2C)n1,6.510041520575165
CNc1cc(-c2cccnc2Oc2ccc(Cl)c(NC(=O)c3cccc(C(C)C)c3)c2)ccn1,8.045757490560675
CNc1cc(-c2cccnc2Oc2cccc(NC(=O)c3cccc(C(C)C)c3)c2)ccn1,7.7447274948966935
CNc1ncnc(-c2cccnc2Oc2cc(NC(=O)c3cccc(C(C)C)c3)cc(C(F)(F)F)c2)n1,4.6020599913279625
CNc1ncnc(-c2cccnc2Oc2cc(NC(=O)c3cccc(C(C)C)c3)ccc2F)n1,6.892790030352131
CNc1ncnc(-c2cccnc2Oc2cccc(NC(=O)c3cccc(C(C)C)c3)c2)n1,6.341035157335565
CNc1cc(-c2cccnc2Oc2cc(NC(=O)c3cccc(C(C)C)c3)ccc2C)ccn1,7.7447274948966935
CNc1ncnc(-c2cccnc2Oc2cc(NC(=O)c3cccc(C(C)C)c3)ccc2C)n1,6.931814138253839
CNc1nccc(-c2cccnc2Oc2cc(NC(=O)c3cccc(C(C)C)c3)ccc2C)n1,8.698970004336019
CNc1cc(-c2cccnc2Oc2cc(C(=O)Nc3cccc(C(C)C)c3)ccc2C)ccn1,8.301029995663981
CNc1ncnc(-c2cccnc2Oc2cc(C(=O)Nc3cccc(C(C)C)c3)ccc2C)n1,7.698970004336019
CNc1nccc(-c2cccnc2Oc2cc(C(=O)Nc3cccc(C(C)C)c3)ccc2C)n1,7.42021640338319
Cc1ccc(NC(=O)c2cccc(C(F)(F)F)c2)cc1Nc1ncccc1-c1ccncn1,7.214670164989233
CNc1cc(-c2cccnc2Oc2cc(NC(=O)c3cccc(OC(F)(F)C(F)F)c3)ccc2C)ccn1,6.0254883072626715
CNc1ncnc(-c2cccnc2Oc2cc(NC(=O)c3cccc(OC(F)(F)C(F)F)c3)ccc2C)n1,5.366531544420414
CNc1ncnc(-c2cccnc2Oc2cc(NC(=O)c3cccc(-n4cccc4)c3)ccc2C)n1,4.6020599913279625
O=C(O)C1CCN(C(=O)c2cccc3c2Cc2c-3n[nH]c2-c2ccsc2)CC1,5.152427340857888
CN1CCN(CC(=O)Nc2cccc3c2Cc2c-3n[nH]c2-c2ccsc2)CC1,6.036212172654444
O=C(Nc1cccc2c1Cc1c-2n[nH]c1-c1ccsc1)c1ccccc1,7.0
Cc1cc(C(=O)Nc2cccc3c2Cc2c-3n[nH]c2-c2ccsc2)no1,7.221848749616356
O=C(Nc1cccc2c1Cc1c-2n[nH]c1-c1ccsc1)c1ccco1,6.958607314841775
COC(=O)C(=O)Nc1cccc2c1Cc1c-2n[nH]c1-c1ccsc1,7.301029995663981
CCS(=O)(=O)Nc1cccc2c1Cc1c-2n[nH]c1-c1ccsc1,6.508638306165727
CCOC(=O)Nc1cccc2c1Cc1c-2n[nH]c1-c1ccsc1,6.187086643357144
COCC(=O)Nc1cccc2c1Cc1c-2n[nH]c1-c1ccsc1,7.154901959985743
CCCC(=O)Nc1cccc2c1Cc1c-2n[nH]c1-c1ccsc1,6.251811972993799
OCCNCc1cccc2c1Cc1c-2n[nH]c1-c1ccsc1,6.356547323513812
O=C(O)CNC(=O)c1cccc2c1Cc1c-2n[nH]c1-c1ccsc1,6.3872161432802645
O=C(O)CCNC(=O)c1cccc2c1Cc1c-2n[nH]c1-c1ccsc1,6.236572006437063
OCC1CCN(Cc2cccc3c2Cc2c-3n[nH]c2-c2ccsc2)CC1,4.55455148573395
O=C(O)C1CCCN(C(=O)c2cccc3c2Cc2c-3n[nH]c2-c2ccsc2)C1,5.315154638355588
CN1CCN(CC(=O)Nc2cccc3c2Cc2c-3n[nH]c2-c2csc(C#CCOc3ccccc3)c2)CC1,8.0
CCOC(=O)CC(=O)Nc1cccc2c1Cc1c-2n[nH]c1-c1csc(C#CCOc2ccccc2)c1,6.580044251510242
COC(=O)C(=O)Nc1cccc2c1Cc1c-2n[nH]c1-c1csc(C#CCOc2ccccc2)c1,7.443697499232712
COCCOCC(=O)Nc1cccc2c1Cc1c-2n[nH]c1-c1csc(C#CCOc2ccccc2)c1,6.568636235841013
COCC(=O)Nc1cccc2c1Cc1c-2n[nH]c1-c1csc(C#CCOc2ccccc2)c1,7.275724130399211
c1ccc2c(-c3cnc4[nH]nc(-c5nc6ccccc6[nH]5)c4c3)cncc2c1,5.835647144215563
COCc1cccc2[nH]c(-c3n[nH]c4ncc(-c5cncc(CN(C)C)c5)cc34)nc12,5.795880017344075
CCNCc1cncc(-c2cnc3[nH]nc(-c4nc5c(COC)cccc5[nH]4)c3c2)c1C,5.330683119433888
CCNCc1cncc(-c2cnc3[nH]nc(-c4nc5cc(OC)ccc5[nH]4)c3c2)c1,7.0
CNCc1cncc(-c2cnc3[nH]nc(-c4nc5cc(OC(F)(F)F)ccc5[nH]4)c3c2)c1,7.0
CCNCc1cncc(-c2cnc3[nH]nc(-c4nc5cc(F)ccc5[nH]4)c3c2)c1,6.823908740944319
CCNCc1cncc(-c2cnc3[nH]nc(-c4nc5cc(F)c(F)cc5[nH]4)c3c2)c1,7.0
CCNCc1cncc(-c2cnc3[nH]nc(-c4nc5cc(N6CCN(C)CC6)ccc5[nH]4)c3c2)c1,7.6020599913279625
CNCc1cncc(-c2cnc3[nH]nc(-c4nc5c(COC)cccc5[nH]4)c3c2)c1,6.1938200260161125
COCc1cccc2[nH]c(-c3nn(C)c4ncc(-c5cncc6ccccc56)cc34)nc12,4.0
CCN(CC)C(=O)c1cccc2[nH]c(-c3n[nH]c4ncc(-c5cncc6ccccc56)cc34)nc12,5.0
CC(C)NC(=O)c1cccc2[nH]c(-c3n[nH]c4ncc(-c5cncc6ccccc56)cc34)nc12,6.42021640338319
O=C(O)c1cccc2[nH]c(-c3n[nH]c4ncc(-c5cncc6ccccc56)cc34)nc12,5.0
COC(=O)c1cccc2[nH]c(-c3n[nH]c4ncc(-c5cncc6ccccc56)cc34)nc12,4.0
c1ccc2c(-c3cnc4[nH]nc(-c5nc6cc(N7CCOCC7)ccc6[nH]5)c4c3)cncc2c1,5.97061622231479
CN1CCN(c2ccc3[nH]c(-c4n[nH]c5ncc(-c6cncc7ccccc67)cc45)nc3c2)CC1,6.0
CCN(CC)Cc1cccc2[nH]c(-c3n[nH]c4ncc(-c5cncc6ccccc56)cc34)nc12,5.809668301829708
CC(C)NCc1cccc2[nH]c(-c3n[nH]c4ncc(-c5cncc6ccccc56)cc34)nc12,6.0
COCc1cccc2[nH]c(-c3n[nH]c4ncc(-c5cncnc5)cc34)nc12,6.958607314841775
COCc1cccc2[nH]c(-c3n[nH]c4ncc(-c5ccncc5)cc34)nc12,6.958607314841775
COCc1cccc2[nH]c(-c3n[nH]c4ncc(-c5cccnc5)cc34)nc12,6.795880017344075
COCc1cccc2[nH]c(-c3n[nH]c4ncc(-c5cnc6ccccc6c5)cc34)nc12,4.0
CC(C)OCc1cccc2[nH]c(-c3n[nH]c4ncc(-c5cncc6ccccc56)cc34)nc12,7.0
COCc1cccc2[nH]c(-c3n[nH]c4ncc(-c5cncc6ccccc56)cc34)nc12,6.337242168318426
OCc1cccc2[nH]c(-c3n[nH]c4ncc(-c5cncc6ccccc56)cc34)nc12,4.0
Cc1cccc2[nH]c(-c3n[nH]c4ncc(-c5cncc6ccccc56)cc34)nc12,5.0
COc1ccc2nc(-c3n[nH]cc3/C=C/c3cccnc3)[nH]c2c1,6.013228265733755
CCNCc1cncc(/C=C/c2c[nH]nc2-c2nc(C(F)(F)F)c[nH]2)c1,5.0
FC(F)(F)c1c[nH]c(-c2n[nH]cc2/C=C/c2cncc3ccccc23)n1,5.51427857351842
N#Cc1c[nH]c(-c2n[nH]cc2/C=C/c2cccnc2)n1,5.0
FC(F)(F)c1c[nH]c(-c2n[nH]cc2/C=C/c2cccnc2)n1,4.5376020021010435
CN1CCN(c2ccc3nc(-c4n[nH]cc4/C=C/c4cccnc4)[nH]c3c2)CC1,6.5376020021010435
CCNCc1cncc(/C=C/c2c[nH]nc2-c2nc3ccc(OC)cc3[nH]2)c1,6.086186147616283
CCNC(=O)c1cncc(/C=C/c2c[nH]nc2-c2nc3ccc(OC)cc3[nH]2)c1,5.8696662315049934
COC(=O)c1cncc(/C=C/c2c[nH]nc2-c2nc3ccc(OC)cc3[nH]2)c1,5.892790030352131
COc1cncc(/C=C/c2c[nH]nc2-c2nc3ccc(OC)cc3[nH]2)c1,6.187086643357144
COc1ccc2nc(-c3n[nH]cc3/C=C/c3cncc(C#N)c3)[nH]c2c1,5.769551078621726
COc1ccc2nc(-c3n[nH]cc3/C=C/c3cncc4ccccc34)[nH]c2c1,6.214670164989233
COc1ccc2nc(-c3n[nH]cc3/C=C/c3cnccc3C)[nH]c2c1,6.119186407719209
CNC(=O)Nc1ccc(CNc2c(C(=O)Nc3ccc4c(c3)OC(F)(F)C(F)(F)O4)cnn2C)cn1,7.366531544420414
CNC(=O)Nc1ccc(CNc2c(C(=O)Nc3ccc(SC(F)(F)F)cc3)cnn2C)cn1,7.2076083105017466
CNC(=O)Nc1ccc(CNc2ncsc2C(=O)Nc2ccc3c(c2)OC(F)(F)O3)cn1,8.522878745280337
CCNC(=O)Nc1ccc(CNc2ncsc2C(=O)Nc2ccc3c(c2)OC(F)(F)O3)cn1,8.154901959985743
Fc1cccc(Cn2ncc3cc(Nc4ncnn5ccc(COC[C@@H]6CNCCO6)c45)ccc32)c1,5.0
NC1CCN(Cc2ccn3ncnc(Nc4ccc5c(cnn5Cc5cccc(F)c5)c4)c23)CC1,6.318758762624412
CN(CCOc1cccc2ncnc(Nc3ccc(OCc4ccccn4)c(Cl)c3)c12)C(=O)CO,6.0
Nc1ccc(NC(=O)Nc2cccc3c2C(=O)c2c-3n[nH]c2-c2ccc3c(c2)OCO3)cc1,6.42021640338319
O=C(Nc1ccc(O)cc1)Nc1cccc2c1C(=O)c1c-2n[nH]c1-c1ccc2c(c1)OCO2,6.154901959985743
Nc1ccc(NC(=O)Nc2cccc3c2C(=O)c2c-3n[nH]c2-c2ccc(O)cc2)cc1,6.187086643357144
O=C(Nc1cccc(C(F)(F)F)c1)c1ccccc1NCc1ccncc1,7.4089353929735005
CCN(CC)CCOc1ccc(Nc2cc(NC(=O)Nc3c(Cl)cccc3Cl)ncn2)cc1,6.017728766960431
NC1CCN(Cc2ccn3ncnc(Oc4ccc(NC(=O)NC(=O)Cc5ccc(F)cc5)cc4F)c23)CC1,5.301029995663981
NC(=O)c1c(OCc2c(F)cc(Br)cc2F)nsc1NC(=O)NCCCCN1CCCC1,7.958607314841775
COc1ccc(-c2oc3ncnc(N)c3c2-c2ccc(NC(=O)Nc3c(F)cccc3C(F)(F)F)cc2)cc1,8.522878745280337
CO/N=C/c1ccc2[nH]c3c4c(c5c(c3c2c1)CNC5=O)-c1cn(C)nc1CC4,7.7447274948966935
CCn1c2ccc(/C(C)=N/OCC(C)C)cc2c2c3c(c4c(c21)CCc1nn(C)cc1-4)C(=O)NC3,7.619788758288394
C/C(=N\OCC(C)C)c1ccc2c(c1)c1c3c(c4c(c1n2C(C)C)CCc1nn(C)cc1-4)C(=O)NC3,7.292429823902063
C/C(=N\OC(C)C)c1ccc2c(c1)c1c3c(c4c(c1n2C(C)C)CCc1nn(C)cc1-4)C(=O)NC3,7.958607314841775
CCO/N=C(\C)c1ccc2c(c1)c1c3c(c4c(c1n2C(C)C)CCc1nn(C)cc1-4)C(=O)NC3,8.397940008672037
C/C(=N\OCC(C)C)c1ccc2c(c1)c1c3c(c4c(c1n2CC(C)C)CCc1nn(C)cc1-4)C(=O)NC3,7.026872146400302
C/C(=N\OC(C)C)c1ccc2c(c1)c1c3c(c4c(c1n2CC(C)C)CCc1nn(C)cc1-4)C(=O)NC3,7.508638306165727
CCO/N=C(\C)c1ccc2c(c1)c1c3c(c4c(c1n2CC(C)C)CCc1nn(C)cc1-4)C(=O)NC3,8.397940008672037
CCCCn1c2ccc(/C(C)=N/OC)cc2c2c3c(c4c(c21)CCc1nn(C)cc1-4)C(=O)NC3,7.920818753952375
CO/N=C(\C)c1ccc2c(c1)c1c3c(c4c(c1n2CC(C)C)CCc1nn(C)cc1-4)C(=O)NC3,8.154901959985743
CO/N=C(\C)c1ccc2c(c1)c1c3c(c4c(c1n2C(C)C)CCc1nn(C)cc1-4)C(=O)NC3,8.397940008672037
CCCn1c2ccc(/C(C)=N/OC)cc2c2c3c(c4c(c21)CCc1nn(C)cc1-4)C(=O)NC3,9.0
CCn1c2ccc(/C(C)=N/OC)cc2c2c3c(c4c(c21)CCc1nn(C)cc1-4)C(=O)NC3,8.397940008672037
CO/N=C(\C)c1ccc2c(c1)c1c3c(c4c(c1n2C)CCc1nn(C)cc1-4)C(=O)NC3,8.301029995663981
C/C(=N\OC(C)(C)C)c1ccc2[nH]c3c4c(c5c(c3c2c1)CNC5=O)-c1cn(C)nc1CC4,7.508638306165727
C/C(=N\OCC(C)C)c1ccc2[nH]c3c4c(c5c(c3c2c1)CNC5=O)-c1cn(C)nc1CC4,8.0
C/C(=N\OC(C)C)c1ccc2[nH]c3c4c(c5c(c3c2c1)CNC5=O)-c1cn(C)nc1CC4,8.522878745280337
C/C(=N\O)c1ccc2[nH]c3c4c(c5c(c3c2c1)CNC5=O)-c1cn(C)nc1CC4,9.0
CCO/N=C(/c1ccc2[nH]c3c4c(c5c(c3c2c1)CNC5=O)-c1cn(C)nc1CC4)C(C)C,7.638272163982407
CO/N=C(/c1ccc2[nH]c3c4c(c5c(c3c2c1)CNC5=O)-c1cn(C)nc1CC4)C(C)C,8.397940008672037
CCO/N=C(\C)c1ccc2[nH]c3c4c(c5c(c3c2c1)CNC5=O)-c1cn(C)nc1CC4,8.698970004336019
CO/N=C(\C)c1ccc2[nH]c3c4c(c5c(c3c2c1)CNC5=O)-c1cn(C)nc1CC4,9.0
CCO/N=C/c1ccc2[nH]c3c4c(c5c(c3c2c1)CNC5=O)-c1cn(C)nc1CC4,8.397940008672037
CCO/N=C(\C)c1ccc2[nH]c3c4c(c5c(c3c2c1)CNC5=O)-c1cn(C)nc1CC4,8.397940008672037
CCn1c2ccc(/C(C)=N/OCC(C)C)cc2c2c3c(c4c(c21)CCc1nn(C)cc1-4)C(=O)NC3,8.522878745280337
C/C(=N\OCC(C)C)c1ccc2c(c1)c1c3c(c4c(c1n2C(C)C)CCc1nn(C)cc1-4)C(=O)NC3,8.698970004336019
C/C(=N\OC(C)C)c1ccc2c(c1)c1c3c(c4c(c1n2C(C)C)CCc1nn(C)cc1-4)C(=O)NC3,8.397940008672037
CCO/N=C(\C)c1ccc2c(c1)c1c3c(c4c(c1n2C(C)C)CCc1nn(C)cc1-4)C(=O)NC3,8.397940008672037
C/C(=N\OC(C)C)c1ccc2c(c1)c1c3c(c4c(c1n2CC(C)C)CCc1nn(C)cc1-4)C(=O)NC3,8.397940008672037
CCO/N=C(\C)c1ccc2c(c1)c1c3c(c4c(c1n2CC(C)C)CCc1nn(C)cc1-4)C(=O)NC3,8.397940008672037
CO/N=C(\C)c1ccc2c(c1)c1c3c(c4c(c1n2CC(C)C)CCc1nn(C)cc1-4)C(=O)NC3,8.397940008672037
CCCn1c2ccc(/C(C)=N/OC)cc2c2c3c(c4c(c21)CCc1nn(C)cc1-4)C(=O)NC3,9.0
C/C(=N\OCC(C)C)c1ccc2[nH]c3c4c(c5c(c3c2c1)CNC5=O)-c1cn(C)nc1CC4,8.397940008672037
C/C(=N\OC(C)C)c1ccc2[nH]c3c4c(c5c(c3c2c1)CNC5=O)-c1cn(C)nc1CC4,8.397940008672037
COc1cccc(CNC(=O)c2ccc(-c3cc(-c4nnc(C)o4)ccc3C)cc2)c1,4.795880017344075
Nc1n[nH]c2nccc(-c3ccc(NC(=O)Nc4ccccc4)cc3)c12,8.346787486224656
Nc1n[nH]c2nccc(-c3ccc(NC(=O)Nc4ccccc4)cc3)c12,8.397940008672037
CCCNC(=O)Nc1ccc(-c2ccnc3[nH]nc(N)c23)cc1,6.619788758288394
Nc1n[nH]c2nccc(-c3ccc(NC(=O)NCC4CCCCC4)cc3)c12,7.1938200260161125
Nc1n[nH]c2nccc(-c3ccc(NC(=O)NC4CCCCC4)cc3)c12,6.939302159646388
Nc1n[nH]c2nccc(-c3ccc(NC(=O)Nc4ccsc4)cc3)c12,7.896196279044043
Cc1cc(NC(=O)Nc2ccc(-c3nccc4[nH]nc(N)c34)cc2)ccc1F,7.698970004336019
Cc1cc(C)cc(NC(=O)Nc2ccc(-c3nccc4[nH]nc(N)c34)cc2)c1,7.920818753952375
Cc1ccc(F)c(NC(=O)Nc2ccc(-c3nccc4[nH]nc(N)c34)cc2)c1,7.7447274948966935
Nc1n[nH]c2ccnc(-c3ccc(NC(=O)Nc4cccc(C(F)(F)F)c4)cc3)c12,8.148741651280925
Nc1n[nH]c2ccnc(-c3ccc(NC(=O)Nc4cccc(Cl)c4)cc3)c12,7.920818753952375
Cn1nc(N)c2c(-c3ccc(NC(=O)Nc4ccc(F)c(C(F)(F)F)c4)cc3)cncc21,8.431798275933005
Cc1ccc(F)c(NC(=O)Nc2ccc(-c3cncc4c3c(N)nn4C)cc2)c1,8.113509274827518
Cn1nc(N)c2c(-c3ccc(NC(=O)Nc4cccc(Cl)c4)cc3)cncc21,8.823908740944319
Cc1cccc(NC(=O)Nc2ccc(-c3cncc4c3c(N)nn4C)cc2)c1,8.337242168318426
Cc1cc(NC(=O)Nc2ccc(-c3cncc4[nH]nc(N)c34)cc2)ccc1F,9.154901959985743
Nc1n[nH]c2cncc(-c3ccc(NC(=O)Nc4cc(C(F)(F)F)ccc4F)cc3)c12,9.0
Cc1ccc(F)c(NC(=O)Nc2ccc(-c3cncc4[nH]nc(N)c34)cc2)c1,8.67778070526608
Nc1n[nH]c2cncc(-c3ccc(NC(=O)Nc4cccc(Cl)c4)cc3)c12,8.920818753952375
Cc1cccc(NC(=O)Nc2ccc(-c3cncc4[nH]nc(N)c34)cc2)c1,9.154901959985743
Nc1n[nH]c2nccc(-c3ccc(NC(=O)Nc4ccc(F)c(Cl)c4)cc3)c12,8.744727494896694
Nc1n[nH]c2nccc(-c3ccc(NC(=O)Nc4ccc(F)c(C(F)(F)F)c4)cc3)c12,8.698970004336019
Cc1cc(NC(=O)Nc2ccc(-c3ccnc4[nH]nc(N)c34)cc2)ccc1F,8.958607314841775
Nc1n[nH]c2nccc(-c3ccc(NC(=O)Nc4cc(C(F)(F)F)ccc4F)cc3)c12,8.619788758288394
Cc1ccc(F)c(NC(=O)Nc2ccc(-c3ccnc4[nH]nc(N)c34)cc2)c1,8.698970004336019
Cc1cc(C)cc(NC(=O)Nc2ccc(-c3ccnc4[nH]nc(N)c34)cc2)c1,9.0
Nc1n[nH]c2nccc(-c3ccc(NC(=O)Nc4cc(F)cc(F)c4)cc3)c12,8.200659450546418
COc1cccc(NC(=O)Nc2ccc(-c3ccnc4[nH]nc(N)c34)cc2)c1,8.42021640338319
Nc1n[nH]c2nccc(-c3ccc(NC(=O)Nc4cccc(C(F)(F)F)c4)cc3)c12,8.769551078621726
Nc1n[nH]c2nccc(-c3ccc(NC(=O)Nc4cccc(Cl)c4)cc3)c12,9.0
Cc1ccc(NC(=O)Nc2ccc(-c3ccnc4[nH]nc(N)c34)cc2)cc1,8.537602002101044
Cc1cccc(NC(=O)Nc2ccc(-c3ccnc4[nH]nc(N)c34)cc2)c1,8.698970004336019
Cc1ccccc1NC(=O)Nc1ccc(-c2ccnc3[nH]nc(N)c23)cc1,7.455931955649724
Cc1ccc(F)c(NC(=O)Nc2ccc(-c3cccc4[nH]nc(N)c34)cc2)c1,8.397940008672037
Nc1n[nH]c2cccc(-c3ccc(NC(=O)Nc4ccccc4)cc3)c12,7.1938200260161125
Nc1n[nH]c2nccc(-c3ccc(NC(=O)Nc4ccsc4)cc3)c12,7.431798275933005
Cc1cc(NC(=O)Nc2ccc(-c3nccc4[nH]nc(N)c34)cc2)ccc1F,7.468521082957745
Cc1cc(C)cc(NC(=O)Nc2ccc(-c3nccc4[nH]nc(N)c34)cc2)c1,7.187086643357144
Cc1ccc(F)c(NC(=O)Nc2ccc(-c3nccc4[nH]nc(N)c34)cc2)c1,7.214670164989233
Nc1n[nH]c2ccnc(-c3ccc(NC(=O)Nc4cccc(C(F)(F)F)c4)cc3)c12,7.00436480540245
Nc1n[nH]c2ccnc(-c3ccc(NC(=O)Nc4cccc(Cl)c4)cc3)c12,7.337242168318426
Cn1nc(N)c2c(-c3ccc(NC(=O)Nc4ccc(F)c(C(F)(F)F)c4)cc3)cncc21,7.886056647693163
Cc1ccc(F)c(NC(=O)Nc2ccc(-c3cncc4c3c(N)nn4C)cc2)c1,8.522878745280337
Cn1nc(N)c2c(-c3ccc(NC(=O)Nc4cccc(Cl)c4)cc3)cncc21,8.05551732784983
Cc1cccc(NC(=O)Nc2ccc(-c3cncc4c3c(N)nn4C)cc2)c1,8.744727494896694
Cc1cc(NC(=O)Nc2ccc(-c3cncc4[nH]nc(N)c34)cc2)ccc1F,9.154901959985743
Nc1n[nH]c2cncc(-c3ccc(NC(=O)Nc4cc(C(F)(F)F)ccc4F)cc3)c12,8.886056647693163
Cc1ccc(F)c(NC(=O)Nc2ccc(-c3cncc4[nH]nc(N)c34)cc2)c1,9.0
Nc1n[nH]c2cncc(-c3ccc(NC(=O)Nc4cccc(Cl)c4)cc3)c12,8.508638306165727
Cc1cccc(NC(=O)Nc2ccc(-c3cncc4[nH]nc(N)c34)cc2)c1,9.221848749616356
Nc1n[nH]c2nccc(-c3ccc(NC(=O)Nc4ccc(F)c(Cl)c4)cc3)c12,8.292429823902063
Nc1n[nH]c2nccc(-c3ccc(NC(=O)Nc4ccc(F)c(C(F)(F)F)c4)cc3)c12,8.42021640338319
Cc1cc(NC(=O)Nc2ccc(-c3ccnc4[nH]nc(N)c34)cc2)ccc1F,8.920818753952375
Nc1n[nH]c2nccc(-c3ccc(NC(=O)Nc4cc(C(F)(F)F)ccc4F)cc3)c12,8.102372908709558
Cc1ccc(F)c(NC(=O)Nc2ccc(-c3ccnc4[nH]nc(N)c34)cc2)c1,9.0
Cc1cc(C)cc(NC(=O)Nc2ccc(-c3ccnc4[nH]nc(N)c34)cc2)c1,8.958607314841775
Nc1n[nH]c2nccc(-c3ccc(NC(=O)Nc4cc(F)cc(F)c4)cc3)c12,8.09151498112135
COc1cccc(NC(=O)Nc2ccc(-c3ccnc4[nH]nc(N)c34)cc2)c1,8.4089353929735
Nc1n[nH]c2nccc(-c3ccc(NC(=O)Nc4cccc(C(F)(F)F)c4)cc3)c12,8.585026652029182
Nc1n[nH]c2nccc(-c3ccc(NC(=O)Nc4cccc(Cl)c4)cc3)c12,8.823908740944319
Cc1ccc(NC(=O)Nc2ccc(-c3ccnc4[nH]nc(N)c34)cc2)cc1,7.795880017344075
Cc1cccc(NC(=O)Nc2ccc(-c3ccnc4[nH]nc(N)c34)cc2)c1,9.0
Cc1ccccc1NC(=O)Nc1ccc(-c2ccnc3[nH]nc(N)c23)cc1,8.657577319177793
Cc1ccc(C(=O)Nc2cccc(C(F)(F)F)c2)cc1-c1ccc2nc(N)ncc2c1,8.698970004336019
CNc1ncc(C(=O)Nc2cc(C(=O)Nc3cccc(C(F)(F)F)c3F)ccc2C)c(NC)n1,5.175288556535266
COc1nc(Nc2ccc(N3CCN(C)CC3)cc2)ncc1C(=O)Nc1cc(C(=O)Nc2cccc(C(F)(F)F)c2F)ccc1C,6.5934598195660445
COc1nc(NCCN2CCOCC2)ncc1C(=O)Nc1cc(C(=O)Nc2cccc(C(F)(F)F)c2)ccc1C,5.692503962086787
CNc1ncc(C(=O)Nc2cc(C(=O)Nc3cccc(C(F)(F)F)c3)ccc2C)c(OC)n1,5.079354998593212
CNc1ncc(C(=O)Nc2cc(C(=O)Nc3cccc(C(F)(F)F)c3F)ccc2C)c(OC)n1,4.6020599913279625
COc1nc(NCCCCN(C)C)ncc1C(=O)Nc1cc(C(=O)Nc2cccc(C(F)(F)F)c2C)ccc1C,4.6020599913279625
COc1nc(NCCCN2CCN(C)CC2)ncc1C(=O)Nc1cc(C(=O)Nc2cccc(C(F)(F)F)c2C)ccc1C,4.6020599913279625
COc1nc(NC2CCN(C)CC2)ncc1C(=O)Nc1cc(C(=O)Nc2cccc(C(F)(F)F)c2)ccc1C,4.6020599913279625
Cc1ccc(C(=O)Nc2cccc(C(F)(F)F)c2)cc1NC(=O)c1cnc(NCCN2CCOCC2)nc1Oc1ccccc1,4.6020599913279625
CNc1ncc(C(=O)Nc2cc(C(=O)Nc3cccc(C(F)(F)F)c3)ccc2C)c(Oc2ccccc2)n1,4.6020599913279625
CNc1ncc(C(=O)Nc2cc(C(=O)Nc3cccc(C(F)(F)F)c3C)ccc2C)c(OC)n1,4.6020599913279625
CC(C)c1c(-c2nnco2)cn2ncnc(Nc3cc(C(=O)NC4CC4)c(F)cc3F)c12,6.698970004336019
Cc1nnc(-c2cn3ncnc(Nc4cc(C(=O)NC5CC5)c(F)cc4F)c3c2C(C)C)o1,7.2441251443275085
CC(C)c1c(-c2nnc(CN3CCC(O)C3)o2)cn2ncnc(Nc3cc(C(=O)NC4CC4)c(F)cc3F)c12,6.698970004336019
CC(C)c1c(-c2nnc(CN3CCOCC3)o2)cn2ncnc(Nc3cc(C(=O)NC4CC4)c(F)cc3F)c12,6.638272163982407
CC(C)c1c(-c2nnc(CN(C)C)o2)cn2ncnc(Nc3cc(C(=O)NC4CC4)c(F)cc3F)c12,6.795880017344075
CNCc1nnc(-c2cn3ncnc(Nc4cc(C(=O)NC5CC5)c(F)cc4F)c3c2C(C)C)o1,6.823908740944319
CC(C)c1c(-c2nnc(CN)o2)cn2ncnc(Nc3cc(C(=O)NC4CC4)c(F)cc3F)c12,6.958607314841775
CNc1nnc(-c2cn3ncnc(Nc4cc(C(=O)NC5CC5)c(F)cc4F)c3c2C(C)C)o1,7.698970004336019
CC(C)c1c(-c2nnc(OC3CCNCC3)o2)cn2ncnc(Nc3cc(C(=O)NC4CC4)c(F)cc3F)c12,7.958607314841775
CC(C)c1c(-c2nnc(OCC3CCNCC3)o2)cn2ncnc(Nc3cc(C(=O)NC4CC4)c(F)cc3F)c12,7.585026652029182
CC(C)c1c(-c2nnc(O[C@H]3CCNC3)o2)cn2ncnc(Nc3cc(C(=O)NC4CC4)c(F)cc3F)c12,7.443697499232712
CC(N)COc1nnc(-c2cn3ncnc(Nc4cc(C(=O)NC5CC5)c(F)cc4F)c3c2C(C)C)o1,6.522878745280337
CC(C)c1c(-c2nnc(N3CCN(C)CC3)o2)cn2ncnc(Nc3cc(C(=O)NC4CC4)c(F)cc3F)c12,7.6777807052660805
CC(C)c1c(-c2nnc(N3CCC(N)CC3)o2)cn2ncnc(Nc3cc(C(=O)NC4CC4)c(F)cc3F)c12,8.0
CC(C)c1c(-c2nnc(NCCCCN)o2)cn2ncnc(Nc3cc(C(=O)NC4CC4)c(F)cc3F)c12,7.853871964321762
CC(C)c1c(-c2nnc(NCCCN(C)C)o2)cn2ncnc(Nc3cc(C(=O)NC4CC4)c(F)cc3F)c12,7.920818753952375
CNCCCNc1nnc(-c2cn3ncnc(Nc4cc(C(=O)NC5CC5)c(F)cc4F)c3c2C(C)C)o1,7.795880017344075
CC(C)c1c(-c2nnc(NCCCN)o2)cn2ncnc(Nc3cc(C(=O)NC4CC4)c(F)cc3F)c12,7.769551078621726
CC(C)c1c(-c2nnc(NCC(C)(C)CN)o2)cn2ncnc(Nc3cc(C(=O)NC4CC4)c(F)cc3F)c12,7.698970004336019
CC(C)c1c(-c2nnc(NCC(C)(C)N)o2)cn2ncnc(Nc3cc(C(=O)NC4CC4)c(F)cc3F)c12,6.657577319177793
CC(C)c1c(-c2nnc(NCCO)o2)cn2ncnc(Nc3cc(C(=O)NC4CC4)c(F)cc3F)c12,7.494850021680094
CC(C)Nc1nnc(-c2cn3ncnc(Nc4cc(C(=O)NC5CC5)c(F)cc4F)c3c2C(C)C)o1,7.6777807052660805
CCCNc1nnc(-c2cn3ncnc(Nc4cc(C(=O)NC5CC5)c(F)cc4F)c3c2C(C)C)o1,7.769551078621726
CC(C)c1c(-c2nnc(N(C)C)o2)cn2ncnc(Nc3cc(C(=O)NC4CC4)c(F)cc3F)c12,7.42021640338319
Nc1ccc(-c2cccc3onc(N)c23)cc1,4.724919101543142
Cc1ccc(F)c(NC(=O)Nc2ccc(-c3ccc(OCCN4CCOCC4)c4onc(N)c34)cc2)c1,7.346787486224656
Cc1ccc(F)c(NC(=O)Nc2ccc(-c3ccc(CN4CCOCC4)c4onc(N)c34)cc2)c1,6.437707135543525
Cc1ccc(F)c(NC(=O)Nc2ccc(-c3ccc(OC(F)(F)F)c4onc(N)c34)cc2)c1,6.801342913045577
Cc1ccc(F)c(NC(=O)Nc2ccc(-c3ccc(F)c4onc(N)c34)cc2)c1,6.675717544702307
Cc1ccc(F)c(NC(=O)Nc2ccc(-c3ccc(C)c4onc(N)c34)cc2)c1,7.1487416512809245
COc1ccc(-c2ccc(NC(=O)Nc3cccc(Cl)c3)cc2)c2c(N)noc12,7.3872161432802645
COc1ccc(-c2ccc(NC(=O)Nc3cccc(C(F)(F)F)c3)cc2)c2c(N)noc12,7.958607314841775
COc1ccc(-c2ccc(NC(=O)Nc3cc(C)ccc3F)cc2)c2c(N)noc12,7.6777807052660805
Cc1ccc(NC(=O)Nc2ccc(-c3cccc4onc(N)c34)cc2)cc1Cl,8.096910013008056
COc1ccc(NC(=O)Nc2ccc(-c3cccc4onc(N)c34)cc2)cc1Cl,8.096910013008056
Nc1noc2cccc(-c3ccc(NC(=O)Nc4cc(F)cc(F)c4)cc3)c12,7.173925197299173
Nc1noc2cccc(-c3ccc(NC(=O)Nc4ccc(F)c(Cl)c4)cc3)c12,7.229147988357855
Nc1noc2cccc(-c3ccc(NC(=O)Nc4ccc(F)c(C(F)(F)F)c4)cc3)c12,7.638272163982407
Cc1ccc(NC(=O)Nc2ccc(-c3cccc4onc(N)c34)cc2)cc1F,7.823908740944319
Nc1noc2cccc(-c3ccc(NC(=O)Nc4cc(C(F)(F)F)ccc4F)cc3)c12,6.982966660701219
Cc1cc(C)cc(NC(=O)Nc2ccc(-c3cccc4onc(N)c34)cc2)c1,8.096910013008056
Nc1noc2cccc(-c3ccc(NC(=O)Nc4ccc(OC(F)(F)F)cc4)cc3)c12,7.376750709602099
Nc1noc2cccc(-c3ccc(NC(=O)Nc4ccc(F)cc4)cc3)c12,6.872895201635193
COc1ccc(NC(=O)Nc2ccc(-c3cccc4onc(N)c34)cc2)cc1,7.657577319177793
Nc1noc2cccc(-c3ccc(NC(=O)Nc4ccc(C(F)(F)F)cc4)cc3)c12,7.494850021680094
Cc1ccc(NC(=O)Nc2ccc(-c3cccc4onc(N)c34)cc2)cc1,7.795880017344075
Nc1noc2cccc(-c3ccc(NC(=O)Nc4cccc(Cl)c4)cc3)c12,8.096910013008056
Nc1noc2cccc(-c3ccc(NC(=O)Nc4cccc(Br)c4)cc3)c12,8.0
Nc1noc2cccc(-c3ccc(NC(=O)Nc4cccc(F)c4)cc3)c12,7.356547323513812
Nc1noc2cccc(-c3ccc(NC(=O)Nc4cccc([N+](=O)[O-])c4)cc3)c12,7.721246399047171
COc1cccc(NC(=O)Nc2ccc(-c3cccc4onc(N)c34)cc2)c1,7.769551078621726
Cc1cccc(NC(=O)Nc2ccc(-c3cccc4onc(N)c34)cc2)c1,8.154901959985743
Nc1noc2cccc(-c3ccc(NC(=O)Nc4ccccc4C(F)(F)F)cc3)c12,5.210348791206591
Nc1noc2cccc(-c3ccc(NC(=O)Nc4ccccc4OC(F)(F)F)cc3)c12,6.09366495819491
Nc1noc2cccc(-c3ccc(NC(=O)Nc4ccccc4F)cc3)c12,6.497572880015567
Nc1noc2cccc(-c3ccc(NC(=O)Nc4ccccc4)cc3)c12,7.638272163982407
Nc1nsc2cccc(-c3ccc(NC(=O)Nc4cccc(C(F)(F)F)c4)cc3)c12,6.607303046740334
Cc1ccc(F)c(NC(=O)Nc2ccc(-c3cccc4snc(N)c34)cc2)c1,6.2020403562628035
Nc1noc2cccc(-c3ccc(NC(=O)Nc4cccc(C(F)(F)F)c4)cc3)c12,7.431798275933005
Cc1ccc(F)c(NC(=O)Nc2ccc(-c3cccc4onc(N)c34)cc2)c1,7.6777807052660805
Nc1noc2cccc(-c3ccc(NC(=O)/C=C/c4cccc(C(F)(F)F)c4)cc3)c12,4.903089986991944
Nc1noc2cccc(-c3ccc(NC(=O)c4ccccc4)cc3)c12,4.903089986991944
NC(=O)Nc1ccc(-c2cccc3onc(N)c23)cc1,4.903089986991944
COc1ccc(-c2ccc(NC(=O)Nc3cccc(Br)c3)cc2)c2c(N)noc12,8.096910013008056
Nc1noc2cccc(-c3ccc(NC(=O)Nc4ccccc4)cc3)c12,7.6020599913279625
Cc1ccc(F)c(NC(=O)Nc2ccc(-c3ccc(OCCN4CCOCC4)c4onc(N)c34)cc2)c1,7.657577319177793
Cc1ccc(F)c(NC(=O)Nc2ccc(-c3ccc(OC(F)(F)F)c4onc(N)c34)cc2)c1,6.747146969020107
Cc1ccc(F)c(NC(=O)Nc2ccc(-c3ccc(C)c4onc(N)c34)cc2)c1,7.4089353929735005
COc1ccc(-c2ccc(NC(=O)Nc3cccc(Br)c3)cc2)c2c(N)noc12,7.823908740944319
COc1ccc(-c2ccc(NC(=O)Nc3cccc(Cl)c3)cc2)c2c(N)noc12,7.7447274948966935
COc1ccc(-c2ccc(NC(=O)Nc3cccc(C(F)(F)F)c3)cc2)c2c(N)noc12,7.508638306165727
COc1ccc(-c2ccc(NC(=O)Nc3cc(C)ccc3F)cc2)c2c(N)noc12,7.698970004336019
Cc1ccc(NC(=O)Nc2ccc(-c3cccc4onc(N)c34)cc2)cc1Cl,7.494850021680094
COc1ccc(NC(=O)Nc2ccc(-c3cccc4onc(N)c34)cc2)cc1Cl,7.443697499232712
Nc1noc2cccc(-c3ccc(NC(=O)Nc4cc(F)cc(F)c4)cc3)c12,7.0915149811213505
Nc1noc2cccc(-c3ccc(NC(=O)Nc4ccc(F)c(Cl)c4)cc3)c12,7.721246399047171
Nc1noc2cccc(-c3ccc(NC(=O)Nc4ccc(F)c(C(F)(F)F)c4)cc3)c12,7.026872146400302
Cc1ccc(NC(=O)Nc2ccc(-c3cccc4onc(N)c34)cc2)cc1F,7.3979400086720375
Nc1noc2cccc(-c3ccc(NC(=O)Nc4cc(C(F)(F)F)ccc4F)cc3)c12,7.096910013008056
Cc1cc(C)cc(NC(=O)Nc2ccc(-c3cccc4onc(N)c34)cc2)c1,8.522878745280337
Nc1noc2cccc(-c3ccc(NC(=O)Nc4ccc(OC(F)(F)F)cc4)cc3)c12,6.910094888560602
Nc1noc2cccc(-c3ccc(NC(=O)Nc4ccc(F)cc4)cc3)c12,7.638272163982407
COc1ccc(NC(=O)Nc2ccc(-c3cccc4onc(N)c34)cc2)cc1,6.97469413473523
Nc1noc2cccc(-c3ccc(NC(=O)Nc4ccc(C(F)(F)F)cc4)cc3)c12,6.761953896871205
Cc1ccc(NC(=O)Nc2ccc(-c3cccc4onc(N)c34)cc2)cc1,7.356547323513812
Nc1noc2cccc(-c3ccc(NC(=O)Nc4cccc(Cl)c4)cc3)c12,7.552841968657781
Nc1noc2cccc(-c3ccc(NC(=O)Nc4cccc(Br)c4)cc3)c12,8.301029995663981
Nc1noc2cccc(-c3ccc(NC(=O)Nc4cccc(F)c4)cc3)c12,7.6777807052660805
Nc1noc2cccc(-c3ccc(NC(=O)Nc4cccc([N+](=O)[O-])c4)cc3)c12,7.769551078621726
COc1cccc(NC(=O)Nc2ccc(-c3cccc4onc(N)c34)cc2)c1,7.958607314841775
Cc1cccc(NC(=O)Nc2ccc(-c3cccc4onc(N)c34)cc2)c1,8.301029995663981
Nc1noc2cccc(-c3ccc(NC(=O)Nc4ccccc4OC(F)(F)F)cc3)c12,6.0
Nc1noc2cccc(-c3ccc(NC(=O)Nc4ccccc4F)cc3)c12,6.303643611266668
Nc1noc2cccc(-c3ccc(NC(=O)Nc4cccc(C(F)(F)F)c4)cc3)c12,7.187086643357144
Cc1ccc(F)c(NC(=O)Nc2ccc(-c3cccc4onc(N)c34)cc2)c1,7.886056647693163
COC[C@H]1OC(=O)/C(=C/N(C)CCCN(C)C)C2=C(O)C(=O)C3=C([C@H](OC(C)=O)C[C@]4(C)[C@@H](O)CC[C@@H]34)[C@]21C,5.0
COC[C@H]1OC(=O)/C(=C/N(CCO)C(C)(C)C)C2=C(O)C(=O)C3=C([C@H](OC(C)=O)C[C@]4(C)[C@@H](O)CC[C@@H]34)[C@]21C,5.0
COc1cc(Nc2ncc3c(=O)n(-c4c(C)cccc4C)c4nc5ccccc5n4c3n2)cc(OC)c1OC,5.721246399047171
CCCCOc1ccc(-n2c(=O)c3cnc(Nc4ccc(N5CCN(C)CC5)cc4)nc3n3c4ccccc4nc23)cc1,4.6020599913279625
COc1ccc(Cl)cc1-n1c(=O)c2cnc(Nc3ccc(N4CCN(C)CC4)cc3)nc2n2c3ccccc3nc12,4.6020599913279625
COc1cccc(-n2c(=O)c3cnc(Nc4ccc(N5CCN(C)CC5)cc4)nc3n3c4ccccc4nc23)c1,5.080921907623926
Cc1cccc(-n2c(=O)c3cnc(Nc4ccc(N5CCN(C)CC5)cc4)nc3n3c4ccccc4nc23)c1,4.6020599913279625
Cc1ccc(-n2c(=O)c3cnc(Nc4ccc(N5CCN(C)CC5)cc4)nc3n3c4ccccc4nc23)cc1,4.6020599913279625
CN1CCN(c2ccc(Nc3ncc4c(=O)n(-c5c(Cl)cc(Cl)cc5Cl)c5nc6ccccc6n5c4n3)cc2)CC1,6.318758762624412
CN1CCN(c2ccc(Nc3ncc4c(=O)n(-c5c(Cl)cccc5Cl)c5nc6ccccc6n5c4n3)cc2)CC1,6.275724130399211
COc1cc(Nc2ncc3c(=O)n(-c4c(C)cccc4C)c4nc5ccccc5n4c3n2)cc(OC)c1OCCCN1CCN(C)CC1,5.3979400086720375
COc1cc(Nc2ncc3c(=O)n(-c4c(C)cccc4C)c4nc5ccccc5n4c3n2)ccc1OCCCN1CCN(C)CC1,5.301029995663981
Cc1cccc(C)c1-n1c(=O)c2cnc(Nc3ccc(OCCCN4CCCCC4)cc3)nc2n2c3ccccc3nc12,5.292429823902063
COc1cc(Nc2ncc3c(=O)n(-c4c(C)cccc4C)c4nc5ccccc5n4c3n2)cc(OC)c1OCCN1CCOCC1,5.769551078621726
Cc1cccc(C)c1-n1c(=O)c2cnc(Nc3ccc(OCCN4CCN(C)CC4)c(F)c3)nc2n2c3ccccc3nc12,5.130768280269024
COc1cc(Nc2ncc3c(=O)n(-c4c(C)cccc4C)c4nc5ccccc5n4c3n2)cc(OC)c1OCCN1CCN(C)CC1,5.481486060122113
COc1cc(Nc2ncc3c(=O)n(-c4c(C)cccc4C)c4nc5ccccc5n4c3n2)ccc1OCCN1CCN(C)CC1,5.259637310505756
Cc1cccc(C)c1-n1c(=O)c2cnc(Nc3ccc(OCCCN(C)C)cc3)nc2n2c3ccccc3nc12,5.376750709602099
Cc1cccc(C)c1-n1c(=O)c2cnc(Nc3ccc(OCCN(C)C)cc3)nc2n2c3ccccc3nc12,5.180456064458132
COc1cc(Nc2ncc3c(=O)n(-c4c(C)cccc4C)c4nc5ccccc5n4c3n2)ccc1N1CCN(C)CC1,5.443697499232712
Cc1cccc(C)c1-n1c(=O)c2cnc(Nc3ccc(N4CCN(C)CC4)cc3)nc2n2c3ccccc3nc12,5.292429823902063
COc1cc(Nc2ncnc(-n3c(Nc4c(C)cccc4C)nc4ccccc43)n2)cc(OC)c1OC,8.397940008672037
COc1cc(Nc2ncnc(-n3c(Nc4ccccc4)nc4ccccc43)n2)cc(OC)c1OC,8.154901959985743
Nc1ncnc2oc(-c3cccnc3)c(-c3ccc(NS(=O)(=O)c4ccccc4)cc3)c12,5.950781977329818
Cc1cc(-c2ccccc2)cc2nnc(Nc3ccc(OCCN4CCCC4)cc3)nc12,6.275724130399211
Cc1cc(-c2cc(O)ccc2Cl)cc2nnc(Nc3ccc(CCCN4CCCC4)cc3)nc12,8.568636235841012
Cc1cc(-c2cc(O)ccc2Cl)cc2nnc(Nc3ccc(S(=O)(=O)C4CCNCC4)cc3)nc12,8.769551078621726
Cc1cc(-c2cc(O)ccc2Cl)cc2nnc(Nc3ccc(C(=O)N4CCNCC4)cc3)nc12,6.275724130399211
Cc1cc(-c2cc(O)ccc2Cl)cc2nnc(Nc3ccc(S(=O)(=O)NCCN4CCCC4)cc3)nc12,8.327902142064282
Cc1cc(-c2cc(O)ccc2Cl)cc2nnc(Nc3ccc(OCCN4CCCC4)cc3)nc12,8.657577319177793
Cc1cc(-c2c(Cl)cccc2Cl)cc2nnc(Nc3ccc(OCCN4CCCC4)cc3)nc12,6.886056647693163
Cc1cccc(C)c1-c1cc(C)c2nc(Nc3ccc(OCCN4CCCC4)cc3)nnc2c1,6.251811972993799
Cc1cc(-c2ccccc2Cl)cc2nnc(Nc3ccc(OCCN4CCCC4)cc3)nc12,5.721246399047171
Cc1cc(-c2cc(OC(=O)c3ccccc3)ccc2Cl)cc2nnc(Nc3ccc(OCCN4CCCC4)cc3)nc12,5.0
COc1cc2nccc(Oc3ccc4c(c3)OCCN4C(=O)Nc3ccccc3)c2cc1OC,9.0
COc1cc2nccc(Oc3ccc4c(c3)OCCN4C(=O)N[C@H](C)c3ccccc3)c2cc1OC,7.3979400086720375
COc1cc2nccc(Oc3ccc4c(c3)OCCN4C(=O)N[C@@H](C)c3ccccc3)c2cc1OC,9.0
COc1cc2nccc(Oc3ccc4c(c3)OCCN4C(=O)NCc3ccc(C)cc3)c2cc1OC,7.585026652029182
COc1cc2nccc(Oc3ccc4c(c3)OCCN4C(=O)NCc3ccccc3)c2cc1OC,7.275724130399211
COc1cc2nccc(Oc3ccc4c(c3)OCCN4C(=O)NC(C)C)c2cc1OC,7.3979400086720375
CCNC(=O)N1CCOc2cc(Oc3ccnc4cc(OC)c(OC)cc34)ccc21,9.0
CNC(=O)N1CCOc2cc(Oc3ccnc4cc(OC)c(OC)cc34)ccc21,7.3979400086720375
COc1cc2nccc(Oc3ccc4c(c3)OCCN4C(N)=O)c2cc1OC,7.236572006437063
COc1cc2nccc(Oc3ccc4c(c3)OCCN4C(=O)Nc3ccc(F)cc3)c2cc1OC,8.522878745280337
COc1cc2nccc(Oc3ccc4c(c3)OCCN4C(=O)Nc3ccc(Cl)cc3)c2cc1OC,9.301029995663981
COc1cc2nccc(Oc3ccc4c(c3)OCCN4C(=O)Nc3cccc(Cl)c3)c2cc1OC,9.0
COc1cc2nccc(Oc3ccc4c(c3)OCCN4C(=O)Nc3ccccc3Cl)c2cc1OC,7.721246399047171
COc1cc2nccc(Oc3ccc4c(c3)OCCN4C(=O)Nc3ccc(C)cc3)c2cc1OC,9.698970004336019
COc1cc2nccc(Oc3ccc4c(c3)OCCN4C(=O)Nc3cccc(C)c3)c2cc1OC,9.0
COc1cc2nccc(Oc3ccc4c(c3)OCCN4C(=O)Nc3ccccc3C)c2cc1OC,9.0
CNC(=O)c1cc(Oc2ccc3c(c2)OCCN3C(=O)Nc2ccc(C)cc2)ccn1,7.2076083105017466
CNC(=O)c1cc(Oc2ccc3c(c2)OCCN3C(=O)Nc2ccc(Cl)cc2)ccn1,7.022276394711152
Cc1ccc(NC(=O)N2CCOc3cc(Oc4ncnc5[nH]ccc45)ccc32)cc1,7.585026652029182
O=C(Nc1ccc(Cl)cc1)N1CCOc2cc(Oc3ncnc4[nH]ccc34)ccc21,7.113509274827518
COc1cc2nccc(Oc3ccc4c(c3)OCCN4C(=O)Nc3ccc(C)cc3)c2cc1C(N)=O,9.301029995663981
COc1cc2nccc(Oc3ccc4c(c3)OCCN4C(=O)Nc3ccc(Cl)cc3)c2cc1C(N)=O,9.221848749616356
COc1cc2nccc(Oc3ccc4c(C(=O)Nc5ccc(Cl)cc5)cccc4c3)c2cc1OC,10.522878745280337
Cc1ccc(C(=O)Nc2cccc(C(F)(F)F)c2)cc1-c1ccc2nc(N)ncc2c1,8.698970004336019
CN1CCN(c2ccc(Nc3ncc(NC(=O)c4c(Cl)cccc4Cl)cn3)cc2)CC1,4.6020599913279625
CCc1ccc(NC(=O)c2ccc3c(c2)OC(F)(F)O3)cc1C(=O)Nc1cnc(Nc2ccc(N3CCN(C)CC3)cc2)nc1,5.301029995663981
CC(=O)Nc1ccc(C)c(C(=O)Nc2cnc(Nc3ccc(N4CCN(C)CC4)cc3)nc2)c1,5.301029995663981
Cc1ccc(NC(=O)c2cccc(C(F)(F)F)c2)cc1C(=O)Nc1cnc(NC2CCN(C)CC2)nc1,4.6020599913279625
Cc1ccc(NC(=O)c2cccc(C(F)(F)F)c2)cc1C(=O)Nc1cnc(NCCN2CCOCC2)nc1,5.080921907623926
Cc1ccc(NC(=O)c2cccc(C(F)(F)F)c2)cc1C(=O)Nc1cnc(NCCCN2CCOCC2)nc1,5.080921907623926
Cc1ccc(NC(=O)c2cccc(C(F)(F)F)c2)cc1C(=O)Nc1cncnc1,5.080921907623926
Cc1ccc(NC(=O)c2cccc(C(F)(F)F)c2)c(C)c1C(=O)Nc1cnc(Nc2ccc(N3CCN(C)CC3)cc2)nc1,5.5951662833800615
CN1CCN(c2ccc(Nc3ncc(NC(=O)c4cc(NC(=O)c5ccc6c(c5)OC(F)(F)O6)ccc4Cl)cn3)cc2)CC1,7.886056647693163
COc1cc(OC)cc(C(=O)Nc2ccc(C)c(C(=O)Nc3cnc(Nc4ccc(N5CCN(C)CC5)cc4)nc3)c2)c1,6.920818753952375
Cc1ccc(NC(=O)c2ccc(C(C)(C)C)cc2)cc1C(=O)Nc1cnc(Nc2ccc(N3CCN(C)CC3)cc2)nc1,7.494850021680094
Cc1ccc(NC(=O)c2ccc3c(c2)OC(F)(F)O3)cc1C(=O)Nc1cnc(Nc2ccc(N3CCN(C)CC3)cc2)nc1,6.565431095965801
Cc1ccc(NC(=O)c2cccc(C(F)(F)F)c2C)cc1C(=O)Nc1cnc(Nc2ccc(N3CCN(C)CC3)cc2)nc1,7.267606240177032
Cc1ccc(NC(=O)c2cc(F)cc(C(F)(F)F)c2)cc1C(=O)Nc1cnc(Nc2ccc(N3CCN(C)CC3)cc2)nc1,7.769551078621726
COc1ccccc1C(=O)Nc1ccc(C)c(C(=O)Nc2cnc(Nc3ccc(N4CCN(C)CC4)cc3)nc2)c1,5.949620243738543
Cc1ccc(NC(=O)c2ccccc2)cc1C(=O)Nc1cnc(Nc2ccc(N3CCN(C)CC3)cc2)nc1,6.023650020996727
Cc1ccc(NC(=O)c2cnoc2C)cc1C(=O)Nc1cnc(Nc2ccc(N3CCN(C)CC3)cc2)nc1,5.422048872270245
Cc1ccc(NC(=O)Nc2cccc(C(F)(F)F)c2)cc1C(=O)Nc1cnc(Nc2ccc(N3CCN(C)CC3)cc2)nc1,7.3872161432802645
Cc1ccc(NC(=O)Nc2cccc(C(F)(F)F)c2)cc1C(=O)Nc1cnc(N)nc1,6.231361898752385
Cc1ccc(NC(=O)Nc2cccc(C(F)(F)F)c2)cc1-c1ccc2nc(N)ncc2c1,6.772113295386326
Cc1ccc(NC(=O)c2cccc(C(F)(F)F)c2)cc1C(=O)Nc1cnc(Nc2ccc(N3CCN(C)CC3)cc2)nc1,7.619788758288394
Cc1ccc(NC(=O)c2cccc(C(F)(F)F)c2)cc1C(=O)Nc1cnc(N)nc1,6.903089986991944
Cc1ccc(NC(=O)c2cccc(C(F)(F)F)c2)cc1-c1ccc2nc(N)ncc2c1,8.221848749616356
Cc1ccc(C(=O)Nc2cccc(C(F)(F)F)c2)cc1C(=O)Nc1cnc(Nc2ccc(N3CCN(C)CC3)cc2)nc1,8.301029995663981
Cc1ccc(C(=O)Nc2cccc(C(F)(F)F)c2)cc1C(=O)Nc1cnc(N)nc1,6.688246138944246
COc1cc2nccc(Oc3ccc4c(C(=O)Nc5ccc(Cl)cc5)cccc4c3)c2cc1OC,9.318758762624412
COc1cc2nccc(Oc3ccc4c(C(N)=O)cccc4c3)c2cc1C(N)=O,8.886056647693163
COCCNC(=O)c1cccc2cc(Oc3ccnc4cc(OC)c(C(N)=O)cc34)ccc12,7.657577319177793
COc1cc2nccc(Oc3ccc4c(C(=O)NC5CC5)cccc4c3)c2cc1C(N)=O,9.431798275933005
COc1ccc2c(Oc3ccc4c(C(N)=O)cccc4c3)ccnc2c1,8.920818753952375
COCCNC(=O)c1cccc2cc(Oc3ccnc4cc(OC)ccc34)ccc12,7.552841968657781
COc1ccc2c(Oc3ccc4c(C(=O)NC5CC5)cccc4c3)ccnc2c1,9.346787486224656
COc1cc2ncnc(Oc3ccc4c(C(N)=O)cccc4c3)c2cc1OC,8.886056647693163
COCCNC(=O)c1cccc2cc(Oc3ncnc4cc(OC)c(OC)cc34)ccc12,6.503070351926785
COc1cc2ncnc(Oc3ccc4c(C(=O)NC5CC5)cccc4c3)c2cc1OC,8.537602002101044
COc1cc2nccc(Oc3ccc4c(C(N)=O)cccc4c3)c2cc1OC,9.045757490560675
COCCCNC(=O)c1cccc2cc(Oc3ccnc4cc(OC)c(OC)cc34)ccc12,8.3767507096021
COCCNC(=O)c1cccc2cc(Oc3ccnc4cc(OC)c(OC)cc34)ccc12,7.920818753952375
COc1cc2nccc(Oc3ccc4c(C(=O)NCC(F)(F)F)cccc4c3)c2cc1OC,8.42021640338319
COc1cc2nccc(Oc3ccc4c(C(=O)NC(C)(C)C)cccc4c3)c2cc1OC,5.823908740944319
COc1cc2nccc(Oc3ccc4c(C(=O)NC(C)C)cccc4c3)c2cc1OC,8.229147988357855
CCCNC(=O)c1cccc2cc(Oc3ccnc4cc(OC)c(OC)cc34)ccc12,8.886056647693163
CCNC(=O)c1cccc2cc(Oc3ccnc4cc(OC)c(OC)cc34)ccc12,8.886056647693163
CNC(=O)c1cccc2cc(Oc3ccnc4cc(OC)c(OC)cc34)ccc12,8.42021640338319
COc1cc2nccc(Oc3ccc4c(C(=O)NCC5CC5)cccc4c3)c2cc1OC,7.958607314841775
COc1cc2nccc(Oc3ccc4c(C(=O)NC5(C)CC5)cccc4c3)c2cc1OC,7.823908740944319
COc1cc2nccc(Oc3ccc4c(C(=O)NC5CCCC5)cccc4c3)c2cc1OC,7.823908740944319
COc1cc2nccc(Oc3ccc4c(C(=O)NC5CCC5)cccc4c3)c2cc1OC,8.886056647693163
COc1cc2nccc(Oc3ccc4c(C(=O)NC5CC5)cccc4c3)c2cc1OC,9.221848749616356
CNC(=O)c1cc(Oc2ccc3oc(Nc4ccc(Cl)c(OC[C@H]5CCCN5C)c4)nc3c2)ccn1,8.522878745280337
CNC(=O)c1cc(Oc2ccc3c(C(=O)Nc4ccc(Cl)cc4)cccc3c2)ccn1,8.522878745280337
Cc1ccc(C(=O)Nc2cc(CCCN(C)C)cc(C(F)(F)F)c2)cc1Nc1ncccc1-c1ccncn1,8.698970004336019
COc1cc2nccc(Oc3ccc4c(C(=O)NC(C)C)cccc4c3)c2cc1OC,8.301029995663981
CCCNC(=O)c1cccc2cc(Oc3ccnc4cc(OC)c(OC)cc34)ccc12,8.886056647693163
COc1cc2nccc(Oc3ccc4c(C(=O)NC5CCCC5)cccc4c3)c2cc1OC,8.045757490560675
COc1cc2nccc(Oc3ccc4c(C(=O)NC5CCC5)cccc4c3)c2cc1OC,8.522878745280337
COc1cc2nccc(Oc3ccc4c(C(=O)NC5(C)CC5)cccc4c3)c2cc1OC,7.823908740944319
COc1cc2nccc(Oc3ccc4c(C(=O)NC5CC5)cccc4c3)c2cc1OC,9.221848749616356
COc1cc2nccc(Oc3ccc4c(C(=O)Nc5cc(C(C)(C)C)on5)cccc4c3)c2cc1OC,9.096910013008056
COc1cc2nccc(Oc3ccc4c(C(=O)Nc5cc(C)no5)cccc4c3)c2cc1OC,9.0
COc1cc2nccc(Oc3ccc4c(C(=O)Nc5cc(C)on5)cccc4c3)c2cc1OC,9.221848749616356
COc1cc2nccc(Oc3ccc4c(C(=O)Nc5ccon5)cccc4c3)c2cc1OC,9.698970004336019
COc1cc2nccc(Oc3ccc4c(C(=O)Nc5nccs5)cccc4c3)c2cc1OC,9.522878745280337
COc1cc2nccc(Oc3ccc4c(C(=O)Nc5ccncc5)cccc4c3)c2cc1OC,8.698970004336019
COc1cc2nccc(Oc3ccc4c(C(=O)Nc5cccnc5)cccc4c3)c2cc1OC,9.096910013008056
COc1cc2nccc(Oc3ccc4c(C(=O)Nc5ccccn5)cccc4c3)c2cc1OC,9.096910013008056
COc1cc2nccc(Oc3ccc4c(C(=O)Nc5ccc(Cl)c(C(F)(F)F)c5)cccc4c3)c2cc1OC,9.0
COc1cc2nccc(Oc3ccc4c(C(=O)Nc5cc(Cl)cc(Cl)c5)cccc4c3)c2cc1OC,9.522878745280337
COc1cc2nccc(Oc3ccc4c(C(=O)Nc5ccc(Cl)cc5Cl)cccc4c3)c2cc1OC,8.698970004336019
COc1cc2nccc(Oc3ccc4c(C(=O)Nc5ccc(C(C)(C)C)cc5)cccc4c3)c2cc1OC,9.154901959985743
COc1cc2nccc(Oc3ccc4c(C(=O)Nc5ccc(C(F)(F)F)cc5)cccc4c3)c2cc1OC,9.301029995663981
COc1cc2nccc(Oc3ccc4c(C(=O)Nc5cccc(C(F)(F)F)c5)cccc4c3)c2cc1OC,9.301029995663981
COc1cc2nccc(Oc3ccc4c(C(=O)Nc5ccc(C)cc5)cccc4c3)c2cc1OC,9.301029995663981
COc1cc2nccc(Oc3ccc4c(C(=O)Nc5cccc(Cl)c5)cccc4c3)c2cc1OC,9.522878745280337
COc1cc2nccc(Oc3ccc4c(C(=O)Nc5ccc(F)cc5)cccc4c3)c2cc1OC,9.0
COc1cc2nccc(Oc3ccc4c(C(=O)Nc5cccc(F)c5)cccc4c3)c2cc1OC,9.221848749616356
COc1cc2nccc(Oc3ccc4c(C(=O)Nc5ccccc5F)cccc4c3)c2cc1OC,8.698970004336019
COc1cc2nccc(Oc3ccc4c(C(=O)Nc5ccccc5)cccc4c3)c2cc1OC,9.698970004336019
COc1cc2ncnc(Oc3ccc4c(C(=O)Nc5ccc(Cl)cc5)cccc4c3)c2cc1OC,8.698970004336019
COc1cc2nccc(Oc3ccc4c(C(=O)Nc5ccc(Cl)cc5)cccc4c3)c2cc1C(N)=O,9.698970004336019
COc1cc2ncc(F)c(Oc3ccc4c(C(=O)Nc5ccc(Cl)cc5)cccc4c3)c2cc1OC,7.698970004336019
COc1cc2nccc(Oc3ccc4c(C(=O)Nc5ccc(Cl)cc5)cccc4c3)c2cc1OC,9.301029995663981
COc1ccc2c(Oc3ccc4c(C(=O)Nc5ccc(Cl)cc5)cccc4c3)ccnc2c1,9.0
O=C(Nc1ccc(Cl)cc1)c1cccc2cc(Oc3ccnc4ccccc34)ccc12,8.397940008672037
O=C(Nc1ccc(Cl)cc1)c1cccc2cc(Oc3ncnc4[nH]ccc34)ccc12,7.552841968657781
CNc1cc(Oc2ccc3c(C(=O)Nc4ccc(Cl)cc4)cccc3c2)ncn1,7.698970004336019
CNc1nccc(Oc2ccc3c(C(=O)Nc4ccc(Cl)cc4)cccc3c2)n1,7.337242168318426
O=C(Nc1ccc(Cl)cc1)c1cccc2cc(Oc3ccncn3)ccc12,6.508638306165727
CNc1cc(Oc2ccc3c(C(=O)Nc4ccc(Cl)cc4)cccc3c2)ccn1,8.154901959985743
O=C(Nc1ccc(Cl)cc1)c1cccc2cc(Oc3ccncc3)ccc12,7.7447274948966935
COc1cc2nccc(N(C)c3ccc4c(C(=O)Nc5ccc(Cl)cc5)cccc4c3)c2cc1OC,5.853871964321762
COc1cc2nccc(Nc3ccc4c(C(=O)Nc5ccc(Cl)cc5)cccc4c3)c2cc1OC,8.096910013008056
COc1cc2nccc(Oc3cc4cccc(C(=O)Nc5ccc(Cl)cc5)c4cn3)c2cc1OC,7.638272163982407
COc1cc2nccc(Oc3ccc4c(C(=O)Nc5ccc(Cl)cc5)ccnc4c3)c2cc1OC,7.657577319177793
COc1cc2nccc(Oc3ccc4c(C(=O)Nc5ccc(Cl)cc5)cccc4c3F)c2cc1OC,9.522878745280337
Cn1cc2c(n1)CCc1c-2c2c(c3c1[nH]c1ccccc13)CNC2=O,7.795880017344075
CC(C)Cn1c2ccc(C(=O)c3ccoc3)cc2c2c3c(c4c(c21)CCc1nn(C)cc1-4)C(=O)NC3,8.096910013008056
CC(C)Cn1c2ccc(C(=O)c3ccco3)cc2c2c3c(c4c(c21)CCc1nn(C)cc1-4)C(=O)NC3,8.397940008672037
CC(C)Cn1c2ccc(C(=O)c3ccsc3)cc2c2c3c(c4c(c21)CCc1nn(C)cc1-4)C(=O)NC3,7.886056647693163
Cc1csc(C(=O)c2ccc3c(c2)c2c4c(c5c(c2n3CC(C)C)CCc2nn(C)cc2-5)C(=O)NC4)c1,7.958607314841775
Cc1ccsc1C(=O)c1ccc2c(c1)c1c3c(c4c(c1n2CC(C)C)CCc1nn(C)cc1-4)C(=O)NC3,8.0
CC(C)Cn1c2ccc(C(=O)c3sccc3Br)cc2c2c3c(c4c(c21)CCc1nn(C)cc1-4)C(=O)NC3,7.6020599913279625
CC(C)Cn1c2ccc(C(=O)c3sccc3Cl)cc2c2c3c(c4c(c21)CCc1nn(C)cc1-4)C(=O)NC3,8.154901959985743
CC(C)Cn1c2ccc(C(=O)c3cccs3)cc2c2c3c(c4c(c21)CCc1nn(C)cc1-4)C(=O)NC3,8.221848749616356
CC(C)n1c2ccc(C(=O)c3cccs3)cc2c2c3c(c4c(c21)CCc1nn(C)cc1-4)C(=O)NC3,7.823908740944319
CCCn1c2ccc(C(=O)c3cccs3)cc2c2c3c(c4c(c21)CCc1nn(C)cc1-4)C(=O)NC3,8.301029995663981
CCn1c2ccc(C(=O)c3cccs3)cc2c2c3c(c4c(c21)CCc1nn(C)cc1-4)C(=O)NC3,9.0
Cn1cc2c(n1)CCc1c-2c2c(c3c1[nH]c1ccc(C(=O)c4cccs4)cc13)CNC2=O,8.698970004336019
CC(=O)c1ccc2c(c1)c1c3c(c4c(c1n2CC(C)C)CCc1nn(C)cc1-4)C(=O)NC3,7.6777807052660805
CC(=O)c1ccc2c(c1)c1c3c(c4c(c1n2C(C)C)CCc1nn(C)cc1-4)C(=O)NC3,7.1249387366083
CCCCn1c2ccc(C(C)=O)cc2c2c3c(c4c(c21)CCc1nn(C)cc1-4)C(=O)NC3,7.585026652029182
CCCn1c2ccc(C(C)=O)cc2c2c3c(c4c(c21)CCc1nn(C)cc1-4)C(=O)NC3,8.522878745280337
CCn1c2ccc(C(C)=O)cc2c2c3c(c4c(c21)CCc1nn(C)cc1-4)C(=O)NC3,7.886056647693163
CC(=O)c1ccc2c(c1)c1c3c(c4c(c1n2C)CCc1nn(C)cc1-4)C(=O)NC3,8.0
CC(=O)c1ccc2[nH]c3c4c(c5c(c3c2c1)CNC5=O)-c1cn(C)nc1CC4,7.455931955649724
CC(C)Cn1c2ccccc2c2c3c(c4c(c21)CCc1nn(C)cc1-4)C(=O)NC3,7.769551078621726
CCCn1c2ccccc2c2c3c(c4c(c21)CCc1nn(C)cc1-4)C(=O)NC3,7.795880017344075
CCn1c2ccccc2c2c3c(c4c(c21)CCc1nn(C)cc1-4)C(=O)NC3,7.823908740944319
CC(C)OCc1ccc2c(c1)c1c3c(c4c(c1n2CCCOC(=O)CN(C)C)Cc1ccccc1-4)C(=O)NC3,7.795880017344075
Nc1nccn2c1c(-c1ccc3ccc(-c4ccccc4)nc3c1)nc2[C@H]1C[C@@H](CN2CCC2)C1,5.366531544420414
COc1cc(Nc2nn3c(N[C@H](CO)Cc4ccccc4)cc(C4CC4)nc3c2C(N)=O)cc(OC)c1,5.0
N#CCCc1ccc2c(c1)-c1[nH]c3ccc([N+](=O)[O-])cc3c1CC(=O)N2,6.0
COc1cc(C2=C(c3c[nH]c4ccccc34)C(=O)NC2=O)cc(OC)c1OC,8.602059991327963
c1ccc(-c2n[nH]c3c2oc2ccccc23)cc1,5.0
O=C1Nc2ccccc2/C1=C/c1cc2c([nH]1)CCC(Br)C2,7.154901959985743
CCCNC(=O)Nc1ccc(Oc2ncnc3cc(OC)c(OC)cc23)cc1Cl,6.795880017344075
CCCNC(=O)Nc1ccc(Oc2ncnc3cc(OC)c(OC)cc23)cc1Cl,9.0
CCN(CC)CCNC(=O)c1c(C)[nH]c(/C=C2\C(=O)Nc3ccc(Cl)cc32)c1C,7.568636235841013
Nc1nc(Nc2ccc(S(N)(=O)=O)cc2)nn1C(=S)Nc1c(F)cccc1F,7.494850021680094
O=C1Nc2ccccc2/C1=C\c1ccc[nH]1,6.4089353929735005
CC(C)c1cc(/C=C(\C#N)C(=O)NCCCc2ccccc2)cc(C(C)C)c1O,6.154901959985743
Cl.Oc1cccc(-c2nc(N3CCOCC3)c3sccc3n2)c1,5.468521082957745
Cc1ccc(C(=O)Nc2ccon2)cc1Nc1ncnc2c1cnn2-c1ccccc1,5.0
Nc1ncnc2c1N=C(c1ccccc1)CCN2,5.522878745280337
Nc1nc(N)c2c(n1)NCCC(c1ccc(Cl)cc1)=N2,5.045757490560675
Nc1nc(N)c2c(n1)NCCC(c1cccc(Cl)c1)=N2,4.6777807052660805
Nc1nc(N)c2c(n1)NCCC(c1ccccc1)=N2,4.455931955649724
Nc1ncnc2c1N=C(c1ccc(Cl)cc1)CCN2,5.522878745280337
Nc1ncnc2c1N=C(c1cccc(Cl)c1)CCN2,6.221848749616356
Cc1ccc(C2=Nc3c(N)ncnc3NCC2)cc1,5.3979400086720375
Cc1cccc(C2=Nc3c(N)ncnc3NCC2)c1,5.522878745280337
Nc1ncnc2c1N=C(c1ccc(NC(=O)Nc3ccccc3)cc1)CCN2,6.021819483062586
Cc1ccc(C2=Nc3c(N)ncnc3NCC2)cc1NC(=O)Nc1cccc(C(F)(F)F)c1,8.221848749616356
Nc1ncnc2c1N=C(c1cccc(NC(=O)Nc3cccc(C(F)(F)F)c3)c1)CCN2,6.899629454882437
Nc1ncnc2c1N=C(c1cccc(NC(=O)Nc3ccccc3)c1)CCN2,6.051587034221399
Nc1ncnc2c1N=C(c1ccc(NC(=O)Nc3cc(C(F)(F)F)ccc3F)cc1)CCN2,8.397940008672037
Cc1ccc(F)c(NC(=O)Nc2ccc(C3=Nc4c(N)ncnc4NCC3)cc2)c1,7.187086643357144
Nc1ncnc2c1N=C(c1ccc(NC(=O)Nc3ccc(Cl)c(C(F)(F)F)c3)cc1)CCN2,8.221848749616356
Nc1ncnc2c1N=C(c1ccc(NC(=O)Nc3ccc(F)c(C(F)(F)F)c3)cc1)CCN2,8.301029995663981
Nc1ncnc2c1N=C(c1ccc(NC(=O)Nc3cccc(C(F)(F)F)c3F)cc1)CCN2,7.309803919971486
Nc1ncnc2c1N=C(c1ccc(NC(=O)Nc3cccc(Cl)c3)cc1)CCN2,7.721246399047171
Nc1ncnc2c1N=C(c1ccc(NC(=O)Nc3ccc(C(F)(F)F)cc3)cc1)CCN2,6.958607314841775
Nc1ncnc2c1N=C(c1ccc(NC(=O)Nc3cccc(C(F)(F)F)c3)cc1)CCN2,8.522878745280337
Nc1nc(N)c2c(n1)NCCC(c1ccc(NC(=O)Nc3ccccc3)cc1)=N2,4.886056647693163
Cc1cc2c(F)c(Oc3ncnn4cc(OC[C@@H](C)O)c(C)c34)ccc2[nH]1,7.6020599913279625
CNc1nnc(-c2cn3ncnc(Nc4cnc5[nH]c(C)cc5c4)c3c2C(C)C)o1,7.6020599913279625
CSc1nnc(-c2cn3ncnc(Nc4cnc5[nH]c(C)cc5c4)c3c2C(C)C)o1,6.823908740944319
CCc1nnc(-c2cn3ncnc(Nc4cnc5[nH]c(C)cc5c4)c3c2C(C)C)o1,7.443697499232712
Cc1cc2c(F)c(Nc3ncnn4cc(-c5nnc(C)o5)c(C(C)C)c34)cnc2[nH]1,7.886056647693163
Cc1cc2cc(Nc3ncnn4cc(-c5nnc(C)o5)c(C(C)C)c34)cnc2[nH]1,7.6020599913279625
Cc1nnc(-c2cn3ncnc(Nc4cnc5[nH]ccc5c4)c3c2C(C)C)o1,7.508638306165727
Cc1noc(-c2cn3ncnc(Nc4cnc5[nH]c(C)cc5c4)c3c2C(C)C)n1,6.94692155651658
Cc1noc(-c2cn3ncnc(Nc4cnc5[nH]ccc5c4)c3c2C(C)C)n1,7.017728766960431
Cc1noc(-c2cn3ncnc(Nc4cnc5[nH]ccc5c4F)c3c2C(C)C)n1,7.522878745280337
COC(=O)c1cn2ncnc(Nc3cnc4[nH]ccc4c3)c2c1C(C)C,7.769551078621726
COC(=O)c1cn2ncnc(Nc3cnc4[nH]ccc4c3)c2c1C,6.91721462968355
CC(C)c1c(OC[C@@H](C)O)cn2ncnc(Nc3cnc4[nH]ccc4c3)c12,6.782516055786093
Cc1cc2cc(Nc3ncnn4cc(OC[C@@H](C)O)c(C)c34)cnc2[nH]1,6.651695136951839
Cc1cc2cc(Oc3ncnn4cc(OC[C@@H](C)O)c(C)c34)cnc2[nH]1,6.913640169325252
Cc1c(OC[C@@H](C)O)cn2ncnc(Oc3cnc4[nH]ccc4c3F)c12,7.568636235841013
Cc1cc2c(F)c(Oc3ncnn4cc(OC[C@@H](C)O)c(C)c34)cnc2[nH]1,7.721246399047171
O=C(Nc1ccc(Cl)cc1)c1cccnc1SCc1ccncc1,7.585026652029182
O=C(Nc1ccc(Cl)cc1)c1ccccc1SCc1ccncc1,7.337242168318426
CCCc1ccc(NC(=O)c2ccccc2CCc2ccncc2)cc1,6.698970004336019
O=C(Nc1ccc(Cl)cc1)c1ccccc1NCc1ccncc1,7.698970004336019
O=C(Nc1cccc(C(F)(F)F)c1)c1ccccc1NCc1ccncc1,7.638272163982407
Clc1ccc(Nc2nnc(Cc3ccncc3)c3ccccc23)cc1.O=C(O)CCC(=O)O,7.431798275933005
O=C(Nc1ccc(Cl)cc1)c1ccccc1OCc1ccncc1,6.0
S=C(Nc1ccc(Cl)cc1)c1ccccc1OCc1ccncc1,6.0
CS(=O)(=O)c1cccc(Nc2nccc(Nc3c(Cl)ccc4c3OCO4)n2)c1,4.522878745280337
O=C(Cc1ccccc1)NC(=S)Nc1ccc(Oc2ccnc3ccsc23)c(F)c1,5.945386945443112
CSc1cc2nccc(Oc3ccc(NC(=S)NC(=O)Cc4ccccc4)cc3F)c2s1,6.460923901207224
CC(O)c1cc2nccc(Oc3ccc(NC(=S)NC(=O)Cc4ccccc4)cc3F)c2s1,6.251037138743839
O=C(Cc1ccccc1)NC(=S)Nc1ccc(Oc2ccnc3cc(C(=O)c4ccco4)sc23)c(F)c1,6.896196279044043
COC(=O)c1cc2nccc(Oc3ccc(NC(=S)NC(=O)Cc4ccccc4)cc3F)c2s1,7.045757490560675
COc1cc2nccc(Oc3ccc(NC(=S)NC(=O)Cc4ccccc4)cc3F)c2cc1OC,7.494850021680094
CN1CCN(C(=O)c2cc3nccc(Oc4ccc(NC(=S)NC(=O)Cc5ccccc5)cc4F)c3s2)CC1,6.46344155742847
O=C(Cc1ccccc1)NC(=S)Nc1ccc(Oc2ccnc3cc(C(=O)N4CCCC4)sc23)c(F)c1,8.045757490560675
O=C(Cc1ccccc1)NC(=S)Nc1ccc(Oc2ccnc3cc(C(=O)N4CCOCC4)sc23)c(F)c1,6.539102157243452
CCN(CC)C(=O)c1cc2nccc(Oc3ccc(NC(=S)NC(=O)Cc4ccccc4)cc3F)c2s1,6.413412695328245
CN(C)C(=O)c1cc2nccc(Oc3ccc(NC(=S)NC(=O)Cc4ccccc4)cc3F)c2s1,7.721246399047171
CNC(=O)c1cc2nccc(Oc3ccc(NC(=S)NC(=O)Cc4ccccc4)cc3F)c2s1,6.876148359032914
NC(=O)c1cc2nccc(Oc3ccc(NC(=S)NC(=O)Cc4ccccc4)cc3F)c2s1,6.889410289700751
O=C(Cc1ccccc1)NC(=S)Nc1ccc(Oc2ccnc3cc(-c4cncnc4)sc23)c(F)c1,6.756961951313706
O=C(Cc1ccccc1)NC(=S)Nc1ccc(Oc2ccnc3cc(-c4ccoc4)sc23)c(F)c1,6.226945306635737
Cn1cccc1-c1cc2nccc(Oc3ccc(NC(=S)NC(=O)Cc4ccccc4)cc3F)c2s1,7.508638306165727
O=C(Cc1ccccc1)NC(=S)Nc1ccc(Oc2ccnc3cc(-c4cccs4)sc23)c(F)c1,7.494850021680094
O=C(Cc1ccccc1)NC(=S)Nc1ccc(Oc2ccnc3cc(-c4nncs4)sc23)c(F)c1,6.838631997765025
O=C(Cc1ccccc1)NC(=S)Nc1ccc(Oc2ccnc3cc(-c4ncccn4)sc23)c(F)c1,7.026872146400302
O=C(Cc1ccccc1)NC(=S)Nc1ccc(Oc2ccnc3cc(-c4cccnc4)sc23)c(F)c1,6.94692155651658
O=C(Cc1ccccc1)NC(=S)Nc1ccc(Oc2ccnc3cc(-c4ccccn4)sc23)c(F)c1,7.769551078621726
O=C(Cc1ccccc1)NC(=S)Nc1ccc(Oc2ccnc3cc(-c4nccs4)sc23)c(F)c1,7.769551078621726
Cn1ncnc1-c1cc2nccc(Oc3ccc(NC(=S)NC(=O)Cc4ccccc4)cc3F)c2s1,7.552841968657781
Cn1cc(-c2cc3nccc(Oc4ccc(NC(=S)NC(=O)Cc5ccccc5)cc4F)c3s2)cn1,7.6020599913279625
CCn1ccnc1-c1cc2nccc(Oc3ccc(NC(=S)NC(=O)Cc4ccccc4)cc3F)c2s1,7.6020599913279625
Cn1ccnc1-c1cc2nccc(Oc3ccc(NC(=S)NC(=O)Cc4ccccc4)cc3F)c2s1,8.0
CCn1cnc(-c2cc3nccc(Oc4ccc(NC(=S)NC(=O)Cc5ccccc5)cc4F)c3s2)c1,7.958607314841775
Cn1cnc(-c2cc3nccc(Oc4ccc(NC(=S)NC(=O)Cc5ccccc5)cc4F)c3s2)c1,8.0
CCN(CC)CCNC(=O)c1c(C)[nH]c(/C=C2\C(=O)Nc3ccc(F)cc32)c1C,7.522878745280337
CCN(CC)CCNC(=O)c1c(C)[nH]c(/C=C2\C(=O)Nc3ccc(F)cc32)c1C,7.6020599913279625
Cn1cnc(-c2cc3nccc(Oc4ccc(NC(=S)NC(=O)Cc5ccccc5)cc4F)c3s2)c1,7.522878745280337
Cn1cnc(-c2cc3nccc(Oc4ccc(NC(=S)NC(=O)Cc5ccccc5)cc4F)c3s2)c1,8.221848749616356
COc1cc(N2CCC(N3CCN(C)CC3)CC2)ccc1Nc1ncc(Cl)c(Nc2ccccc2S(=O)(=O)C(C)C)n1,5.673050005834001
CCN(CC)CCNC(=O)c1c(C)[nH]c(/C=C2\C(=O)Nc3ccc(Cl)cc32)c1C,5.522878745280337
Cc1[nH]c(/C=C2\C(=O)Nc3ccc(S(=O)(=O)Cc4c(Cl)cccc4Cl)cc32)c(C)c1C(=O)N1CCC[C@@H]1CN1CCCC1,6.698970004336019
CCN(CC)CCNC(=O)c1c(C)[nH]c(/C=C2\C(=O)Nc3ccc(F)cc32)c1C,7.568636235841013
C[C@@H](Oc1cc(-c2cnn(C3CCNCC3)c2)cnc1N)c1c(Cl)ccc(F)c1Cl,5.0
Nc1nccc(/C=C/c2c(-c3ccccc3)nc3sccn23)n1,5.154901959985743
Cn1cnc(-c2ccccc2)c1/C=C/c1ccnc(N)n1,5.494850021680094
Nc1nccc(/C=C/c2[nH]cnc2-c2ccccc2)n1,5.008773924307505
Nc1cc(/C=C/c2c(-c3ccccc3)nc3sccn23)ncn1,4.455931955649724
Nc1ccnc(/C=C/c2c(-c3ccccc3)nc3sccn23)n1,4.0
C(=C/c1c(-c2ccccc2)nc2sccn12)\c1ccncn1,4.113509274827518
Clc1nccc(/C=C/c2c(-c3ccccc3)nc3sccn23)n1,4.0
CC(C)(C)C(=O)Nc1nccc(/C=C/c2c(-c3ccccc3)nc3sccn23)n1,4.886056647693163
CC(=O)Nc1nccc(/C=C/c2c(-c3ccccc3)nc3sccn23)n1,5.346787486224656
C(=C/c1c(-c2ccccc2)nc2sccn12)\c1ccnc(Nc2ccccc2)n1,4.0
CC(Nc1nccc(/C=C/c2c(-c3ccccc3)nc3sccn23)n1)c1ccccc1,4.0
CNc1nccc(/C=C/c2c(-c3ccccc3)nc3sccn23)n1,4.769551078621726
Nc1nccc(/C=C/c2c(Cl)nc3sccn23)n1,4.508638306165727
Cc1nc2sccn2c1/C=C/c1ccnc(N)n1,4.154901959985743
Nc1nccc(/C=C/c2c(-c3ccccc3)ncn2Cc2ccccc2)n1,5.154901959985743
Nc1nccc(/C=C/c2c(-c3ccccc3)ncn2CCN2CCCC2)n1,4.494850021680094
Nc1nccc(/C=C/c2ccsc2-c2ccccc2)n1,4.0
Nc1nccc(/C=C/c2c(-c3ccccc3)nc3n2CCS3)n1,5.494850021680094
Nc1nccc(/C=C/c2c(-c3ccccc3)nc3ccccn23)n1,4.886056647693163
Nc1nccc(/C=C/c2sccc2-c2ccccc2)n1,4.0
Nc1nccc(/C=C/c2[nH]ncc2-c2ccccc2)n1,4.0
Cn1cnc(-c2ccccc2)c1Nc1ccnc(N)n1,4.0
Cn1cnc(-c2ccccc2)c1C1CC1c1ccnc(N)n1,4.0
Cn1cnc(-c2ccccc2)c1NCCc1ccnc(N)n1,4.0
Cn1cnc(-c2ccccc2)c1CNc1ccnc(N)n1,4.0
Cn1cnc(-c2ccccc2)c1NC(=O)c1ccnc(N)n1,4.0
Cn1cnc(-c2ccccc2)c1C#Cc1ccnc(N)n1,5.5376020021010435
Cn1cnc(-c2ccccc2)c1C(=O)Nc1ccnc(N)n1,4.008773924307505
Cn1cnc(/C=C/c2ccnc(N)n2)c1-c1ccccc1,5.107905397309519
COc1cc2nccc(Oc3ccc4c(NC(=O)Nc5ccccc5)nn(C)c4c3)c2cc1OC,8.698970004336019
COc1ccc(NC(=O)Nc2nn(C)c3cc(Oc4ccnc5cc(OC)c(OC)cc45)ccc23)cc1,9.0
COc1cc2nccc(Oc3ccc4c(NC(=O)Nc5ccc(C)cc5)nn(C)c4c3)c2cc1OC,8.698970004336019
COc1cc2nccc(Oc3ccc4c(NC(=O)Nc5ccc(C(F)(F)F)cc5Cl)nn(C)c4c3)c2cc1OC,8.096910013008056
COc1ccccc1Nc1cccc2cc(Oc3ccnc4cc(OC)c(OC)cc34)ccc12,9.0
COc1cc2nccc(Oc3ccc4c(Nc5ccccc5)cccc4c3)c2cc1OC,8.698970004336019
COc1cc2nccc(Oc3ccc4c(NC(=O)c5cccc(C(F)(F)F)c5)nn(C)c4c3)c2cc1OC,9.0
COc1cc2nccc(Oc3ccc4c(NC(=O)c5cc(C(F)(F)F)cc(C(F)(F)F)c5)nn(C)c4c3)c2cc1OC,8.698970004336019
COc1cc2nccc(Oc3ccc4c(NC(=O)c5cccc(C)c5)nn(C)c4c3)c2cc1OC,8.698970004336019
COc1cc2nccc(Oc3ccc4c(NC(=O)c5cc(Cl)ccn5)nn(C)c4c3)c2cc1OC,8.698970004336019
COc1cc2nccc(Oc3ccc4c(NC(=O)c5ccc(F)c(Cl)c5)nn(C)c4c3)c2cc1OC,8.522878745280337
COc1cc2nccc(Oc3ccc4c(NC(=O)c5ccc(C(F)(F)F)cc5)nn(C)c4c3)c2cc1OC,8.522878745280337
COc1ccc(C(=O)Nc2nn(C)c3cc(Oc4ccnc5cc(OC)c(OC)cc45)ccc23)cc1,8.522878745280337
COc1cc2nccc(Oc3ccc4c(NC(=O)c5ccc(Cl)cc5)nn(C)c4c3)c2cc1OC,8.301029995663981
COc1cc2nccc(Oc3ccc4c(NC(=O)c5ccccc5Cl)nn(C)c4c3)c2cc1OC,8.096910013008056
COc1cc2nccc(Oc3ccc4c(NC(=O)C5CC5)nn(C)c4c3)c2cc1OC,6.46344155742847
COc1cc2nccc(Oc3ccc4c(NCc5ccccc5)nn(C)c4c3)c2cc1OC,7.221848749616356
COc1cc2nccc(Oc3ccc4c(Nc5ccc(C(F)(F)F)cc5)nn(C)c4c3)c2cc1OC,7.154901959985743
COc1ccc(Nc2nn(C)c3cc(Oc4ccnc5cc(OC)c(OC)cc45)ccc23)cc1,6.795880017344075
COc1cccc(Nc2nn(C)c3cc(Oc4ccnc5cc(OC)c(OC)cc45)ccc23)c1,6.638272163982407
COc1cc2nccc(Oc3ccc4c(Nc5ccccc5)nn(C)c4c3)c2cc1OC,6.568636235841013
CCCCNc1nn(C)c2cc(Oc3ccnc4cc(OC)c(OC)cc34)ccc12,6.096910013008056
CCCNc1nn(C)c2cc(Oc3ccnc4cc(OC)c(OC)cc34)ccc12,5.954677021213342
CCNc1nn(C)c2cc(Oc3ccnc4cc(OC)c(OC)cc34)ccc12,6.431798275933005
COc1cc2nccc(Oc3ccc4c(N)nn(C)c4c3)c2cc1OC,5.769551078621726
O=C(Nc1ccc(Oc2ccnc3[nH]ccc23)c(F)c1)c1cccn(-c2ccc(F)cc2)c1=O,8.369572124974976
Nc1ncnc(Nc2ccc(OCc3ccccc3)c(Cl)c2)c1C(=O)Nc1ccccc1,4.0
Nc1ncnc(Nc2ccc(OCc3ccccc3)c(Cl)c2)c1-c1nnc(CCN2CCOCC2)o1,4.0
Nc1ncnc(Nc2ccc(OCc3ccccc3)c(Cl)c2)c1C(=O)NNC(=O)CCN1CCOCC1,4.0
NNC(=O)c1c(N)ncnc1Nc1ccc(OCc2ccccc2)c(Cl)c1,5.0
COc1ccc(NC(=O)c2c(N)ncnc2Nc2ccc(OCc3ccccc3)c(Cl)c2)cc1,4.0
Nc1ncnc(Nc2ccc(OCc3ccccc3)c(Cl)c2)c1C(=O)OCc1cccc(F)c1,4.0
CCN(CC)C(=O)c1c(N)ncnc1Nc1ccc(OCc2ccccc2)c(Cl)c1,4.0
COCCNC(=O)c1c(N)ncnc1Nc1ccc(OCc2ccccc2)c(Cl)c1,4.0
COc1ccc(CCNC(=O)c2c(N)ncnc2Nc2ccc(OCc3ccccc3)c(Cl)c2)cc1,4.0
Nc1ncnc(Nc2ccc(OCc3ccccc3)c(Cl)c2)c1C(=O)NCCN1CCOCC1,4.0
Nc1ncnc(Nc2ccc(OCc3ccccc3)c(Cl)c2)c1C(=O)NCCN1CCCCC1,4.0
CN1CCCC(Oc2cccc3[nH]c(=O)c(-c4nc5ccccc5[nH]4)c(N)c23)C1,8.301029995663981
Cc1cccc2[nH]c(=O)c(-c3nc4cc(N5CCN(C)CC5)ccc4[nH]3)c(N)c12,7.920818753952375
CN1CCN(c2ccc3[nH]c(-c4c(N)c5c(Cl)cccc5[nH]c4=O)nc3c2)CC1,7.853871964321762
CN1CCN(c2ccc3[nH]c(-c4c(N)c5ccc(F)cc5[nH]c4=O)nc3c2)CC1,7.853871964321762
CN1CCN(c2cccc3[nH]c(=O)c(-c4nc5ccccc5[nH]4)c(N)c23)CC1,7.769551078621726
CN1CCN(c2ccc3[nH]c(-c4c(N)c5cc(N)ccc5[nH]c4=O)nc3c2)CC1,7.721246399047171
CN1CCN(c2ccc3[nH]c(-c4c(N)c5cc(NCc6ccccc6)ccc5[nH]c4=O)nc3c2)CC1,7.6777807052660805
CN1CCN(C(=O)c2ccc3[nH]c(-c4c(N)c5ccccc5[nH]c4=O)nc3c2)CC1,7.585026652029182
CN1CCN(Cc2ccc3[nH]c(-c4c(N)c5ccccc5[nH]c4=O)nc3c2)CC1,7.568636235841013
CN(C)CC(=O)N(C)c1ccc2[nH]c(-c3c(N)c4ccccc4[nH]c3=O)nc2c1,7.5376020021010435
CN1CCN(c2ccc3[nH]c(-c4c(N)c5ccccc5[nH]c4=O)nc3c2)CC1,7.376750709602099
CN1CCN(c2ccc3[nH]c(-c4c(N)c5cc(Cl)ccc5[nH]c4=O)nc3c2)CC1,7.366531544420414
CN1CCN(c2ccc3[nH]c(-c4c(N)c5cc(C(=O)NCc6ccccc6)ccc5[nH]c4=O)nc3c2)CC1,7.301029995663981
CNc1cccc2[nH]c(=O)c(-c3nc4cc(N5CCN(C)CC5)ccc4[nH]3)c(N)c12,7.275724130399211
Nc1c(-c2nc3cc(N4CCOCC4)ccc3[nH]2)c(=O)[nH]c2ccccc12,7.2441251443275085
Nc1c(-c2nc3ccccc3[nH]2)c(=O)[nH]c2ccccc12,7.236572006437063
CN(C)[C@H]1CCN(c2ccc3[nH]c(-c4c(N)c5ccccc5[nH]c4=O)nc3c2)C1,7.221848749616356
CN1CCN(c2ccc3nc(-c4c(N)c5c(F)cccc5[nH]c4=O)[nH]c3c2)CC1,7.187086643357144
CN1CCCN(c2ccc3[nH]c(-c4c(N)c5ccccc5[nH]c4=O)nc3c2)CC1,7.180456064458132
Nc1c(-c2nc3cc(OCCN4CCOCC4)ccc3[nH]2)c(=O)[nH]c2ccccc12,7.180456064458132
CN1CCN(c2ccc3[nH]c(-c4c(N)c5cc(F)ccc5[nH]c4=O)nc3c2)CC1,7.107905397309519
CN1CCN(c2ccc3[nH]c(-c4c(N)c5c(F)cc(F)cc5[nH]c4=O)nc3c2)CC1,6.886056647693163
CN1CCN(c2ccc3[nH]c(-c4c(N)c5cc(N(C)C)ccc5[nH]c4=O)nc3c2)CC1,6.795880017344075
CCC1CCN(C)C(Nc2c(-c3nc4ccccc4[nH]3)c(=O)[nH]c3ccccc23)C1,6.769551078621726
CN1CCN(c2ccc3[nH]c(-c4c(N)c5cc(F)c(F)cc5[nH]c4=O)nc3c2)CC1,6.721246399047171
Cc1cc2nc(-c3c(N)c4ccccc4[nH]c3=O)[nH]c2cc1C,6.6777807052660805
CNc1c(-c2nc3ccccc3[nH]2)c(=O)[nH]c2ccccc12,6.657577319177793
Cc1ccc2[nH]c(-c3c(N)c4ccccc4[nH]c3=O)nc2c1,6.657577319177793
O=c1[nH]c2ccccc2c(O)c1-c1nc2ccccc2[nH]1,6.619788758288394
CN1CCN(c2ccc3[nH]c(-c4c(N)c5cccc(F)c5[nH]c4=O)nc3c2)CC1,6.251811972993799
CN(C)c1c(-c2nc3ccccc3[nH]2)c(=O)[nH]c2ccccc12,6.0655015487564325
O=c1[nH]c2ccccc2c(NCC2CCNCC2)c1-c1nc2ccccc2[nH]1,6.026872146400302
CN1CCN(c2ccc3[nH]c(-c4c(N)c5cc(NC(=O)c6ccccc6)ccc5[nH]c4=O)nc3c2)CC1,6.008773924307505
CNc1ccc2c(N)c(-c3nc4cc(N5CCN(C)CC5)ccc4[nH]3)c(=O)[nH]c2c1,6.0
O=c1[nH]c2ccccc2cc1-c1nc2ccccc2[nH]1,5.769551078621726
CN1CCN(c2ccc3[nH]c(-c4c(N)c5cc(F)c(N(C)C)cc5[nH]c4=O)nc3c2)CC1,5.275724130399211
Cn1c(=O)c(-c2nc3ccccc3[nH]2)c(O)c2ccccc21,5.236572006437063
CN1CCN(c2ccc3[nH]c(=O)c(-c4nc5ccccc5[nH]4)c(N)c3c2)CC1,5.187086643357144
Cn1c(-c2c(O)c3ccccc3n(C)c2=O)nc2ccccc21,4.6020599913279625
Cn1c(-c2c(O)c3ccccc3[nH]c2=O)nc2ccccc21,4.6020599913279625
O=C(Nc1c[nH]nc1-c1nc2ccc(CN3CCOCC3)cc2[nH]1)NC1CC1,8.0
Cc1ccc(C(=O)NC2CC2)cc1-c1ccc(C(=O)NCC2CC2)cc1,4.698970004336019
Cc1nnc(-c2ccc(-c3cc(NC(=O)c4ccc(CN5CCN(C)CC5)cc4)ccc3C)c(C)c2)o1,4.698970004336019
Cc1ccc(NC(=O)c2ccc(CN3CCN(C)CC3)cc2)cc1-c1ccc2ccncc2c1,6.096910013008056
Cc1ccc(NC(=O)c2ccc(CN3CCN(C)CC3)cc2)cc1-c1ccc2c(N)noc2c1,4.698970004336019
Cc1ccc(NC(=O)c2ccc(CN3CCN(C)CC3)cc2)cc1-c1ccc(-c2csc(N)n2)cc1,4.698970004336019
c1cnn2ncc(-c3ccnc(NC4CC4)n3)c2c1,4.698970004336019
Cc1nn2ncccc2c1-c1ccnc(NC2CC2)n1,4.698970004336019
CCc1nn2ncccc2c1-c1ccnc(NC2CC2)n1,5.494850021680094
CCCCc1nn2ncccc2c1-c1ccnc(NC2CC2)n1,5.6020599913279625
CN1CCN(c2ccc(Nc3nccc(-c4cnn5ncccc45)n3)cc2)CC1,6.3979400086720375
Cc1nn2ncccc2c1-c1ccnc(Nc2ccc(N3CCN(C)CC3)cc2)n1,7.200659450546418
CCc1nn2ncccc2c1-c1ccnc(Nc2ccc(N3CCN(C)CC3)cc2)n1,7.200659450546418
CCCCc1nn2ncccc2c1-c1ccnc(Nc2ccc(N3CCN(C)CC3)cc2)n1,7.6020599913279625
Fc1ccc(-c2nn3ccccc3c2-c2ccncc2)cc1,5.0
Cc1ccc(C(=O)Nc2cccc(N3CCOCC3)c2)cc1-c1ccc2c(C3CCNCC3)noc2c1,4.698970004336019
Cc1nnc(-c2ccc(-c3cc(C(=O)Nc4cccc(N5CCOCC5)c4)ccc3C)c(C)c2)o1,5.221848749616356
Cc1ccc(NC(=O)c2ccnc(N3CCCC3)c2)cc1-c1ccc2c(C3CCNCC3)noc2c1,4.698970004336019
Cc1nnc(-c2ccc(-c3cc(NC(=O)c4ccnc(N5CCCC5)c4)ccc3C)c(C)c2)o1,4.698970004336019
Cc1ccc(C(=O)NC2CC2)cc1-c1ccc2c(C3CCNCC3)noc2c1,4.698970004336019
Cc1nnc(-c2ccc(-c3cc(C(=O)NC4CC4)ccc3C)c(C)c2)o1,4.698970004336019
Cc1ccc(C(=O)NC2CC2)cc1-c1ccc2c(=O)n(CC3CC3)nnc2c1,4.698970004336019
Cc1ccc(C(=O)NC2CC2)cc1-c1ccc2ccncc2c1,6.301029995663981
CS(=O)(=O)c1ccc(CNCc2cc(C(=O)O)c(Nc3ccc(I)cc3F)c(F)c2F)cc1,4.7447274948966935
NC(=O)C[C@H](N)C(=O)NCc1cc(C(=O)O)c(Nc2ccc(I)cc2F)c(F)c1F,4.522878745280337
O=C(N/N=C/c1cc(C(=O)O)c(Nc2ccc(I)cc2F)c(F)c1F)c1ccc(CO)o1,5.522878745280337
O=C(CS(=O)(=O)c1ccc(Cl)cc1)N/N=C/c1cc(C(=O)O)c(Nc2ccc(I)cc2F)c(F)c1F,4.522878745280337
O=C(Nc1cccc(Cl)c1)c1nn[nH]c1NCc1ccncc1,5.301029995663981
O=C(Nc1cccc(C(F)(F)F)c1)c1nn[nH]c1NCc1ccncc1,5.301029995663981
O=C(Nc1ccc(Cl)cc1)c1nn[nH]c1NCc1ccncc1,5.0
O=C(Nc1ccc(C(F)(F)F)cc1)c1nn[nH]c1NCc1ccncc1,5.0
c1cc(Nc2ncnc3[nH]ccc23)cc(-c2nc3ccccc3s2)c1,5.0
COc1cc2nc(Nc3cc(C)[nH]n3)nc(Nc3ccc(-c4nc5ccccc5s4)cc3)c2cc1OC,5.0
CNc1nc(Nc2ccc(-c3nc4ccccc4s3)cc2)c2cc(OC)c(OC)cc2n1,5.0
COc1cc2ncnc(Nc3ccc(-c4nc5ccccc5s4)c(OC)c3)c2cc1OC,5.0
COc1cc(Nc2ccnc3cc(Cl)ccc23)ccc1-c1nc2ccccc2s1,5.0
Fc1cc(-c2nc3ccccc3s2)ccc1Nc1ncnc2ccsc12,5.0
Clc1cc(Nc2ncnc3ccsc23)ccc1-c1nc2ccccc2s1,5.0
COc1cc(Nc2ncnc3ccsc23)ccc1-c1nc2ccccc2s1,5.0
c1ccc2sc(-c3ccc(Nc4ncnc5ccsc45)cc3)nc2c1,5.0
c1ccc2sc(-c3ccc(Nc4ncnc5[nH]cnc45)cc3)nc2c1,5.0
COc1nc(Nc2ccc(-c3nc4ccccc4s3)cc2)c2cc[nH]c2n1,5.0
COc1cc(Nc2ncnc3[nH]ccc23)ccc1-c1nc2ccccc2s1,5.0
COc1cc(Nc2nccc(Nc3cc(C)[nH]n3)n2)ccc1-c1nc2ccccc2s1,5.0
Cc1cc(Nc2ccnc(Nc3ccc(-c4nc5ccccc5s4)cc3)n2)n[nH]1,5.0
CN1CCN(c2ccnc(Nc3ccc(-c4nc5ccccc5s4)cc3)n2)CC1,5.0
CN(C)c1ccnc(Nc2ccc(-c3nc4ccccc4s3)cc2)n1,5.0
CNc1ccnc(Nc2ccc(-c3nc4ccccc4s3)cc2)n1,5.0
CNc1cc(Nc2ccc(-c3nc4ccccc4s3)cc2)ccn1,5.0
COc1cc(Nc2ncnc3[nH]cnc23)ccc1-c1nc2ccccc2s1,5.036212172654444
CNc1nccc(Nc2ccc(-c3nc4ccccc4s3)cc2)n1,5.050609993355087
Cc1cc(Nc2cc(Nc3ccc(-c4nc5ccccc5s4)cc3)ccn2)n[nH]1,5.055517327849832
Cc1cc(Nc2ccnc(Nc3cccc(-c4nc5ccccc5s4)c3)n2)n[nH]1,5.1249387366083
COc1cc2ncnc(Nc3ccc(-c4nc5ccccc5s4)c(O)c3)c2cc1OC,5.161150909262744
COc1cc2ncnc(Nc3ccc(-c4nc5ccccc5s4)cc3)c2cc1OC,5.167491087293763
CNC(=O)c1cc(Nc2ccc(-c3nc4ccccc4s3)cc2)ccn1,5.443697499232712
COc1cc2ncnc(Nc3ccc(-c4nc5ccccc5s4)cc3C)c2cc1OC,5.468521082957745
O=C(NC(=S)Nc1ccc(O)c(-c2nc3ccccc3s2)c1)c1ccc([N+](=O)[O-])cc1,5.522878745280337
COc1cc2nc(Nc3cc(C)[nH]n3)nc(Nc3cccc(-c4nc5ccccc5s4)c3)c2cc1OC,5.721246399047171
c1ccc2sc(-c3ccc(Nc4ncnc5[nH]ccc45)cc3)nc2c1,5.920818753952375
Cc1cc2c(Nc3ccc(-c4nc5ccccc5s4)cc3)ncnc2cc1Cl,6.0
COc1nc(Nc2ccc(-c3nc4ccccc4s3)c(OC)c2)c2cc[nH]c2n1,6.017728766960431
c1cc(Nc2ncnc3[nH]cnc23)cc(-c2nc3ccccc3s2)c1,6.060480747381382
Fc1cc(-c2nc3ccccc3s2)ccc1Nc1ncnc2cc(Cl)ccc12,6.096910013008056
Clc1ccc2c(Nc3ccc(-c4nc5ccccc5s4)cc3)ccnc2c1,6.1938200260161125
Clc1ccc2c(Nc3ccc(-c4nc5ccccc5s4)c(Cl)c3)ncnc2c1,6.221848749616356
COc1cc2ncnc(Nc3ccc(F)c(Cl)c3)c2cc1OC,6.292429823902063
Cn1cnc(-c2cc3nccc(Oc4ccc(NC(=S)NC(=O)Cc5ccccc5)cc4F)c3s2)c1,7.585026652029182
Cn1cnc(-c2cc3nccc(Oc4ccc(NC(=O)NC(=O)Cc5ccccc5)cc4F)c3s2)c1,7.431798275933005
Cn1cnc(-c2cc3nccc(Oc4ccc(NC(=O)CC(=O)Nc5ccccc5)cc4F)c3s2)c1,7.823908740944319
CN(C(=O)CC(=O)Nc1ccc(Oc2ccnc3cc(-c4cn(C)cn4)sc23)c(F)c1)c1ccccc1,8.0
Cn1cnc(-c2cc3nccc(Oc4ccc(NC(=O)C5(C(=O)Nc6ccccc6)CC5)cc4F)c3s2)c1,8.045757490560675
CN(C(=O)C1(C(=O)Nc2ccc(Oc3ccnc4cc(-c5cn(C)cn5)sc34)c(F)c2)CC1)c1ccccc1,7.2441251443275085
Cn1cnc(-c2cc3nccc(Oc4ccc(NC(=O)C5CCN(c6ccccc6)C5=O)cc4F)c3s2)c1,7.4089353929735005
CC(C)n1cnc(-c2cc3nccc(Oc4ccc(NC(=O)C5CCN(c6ccccc6)C5=O)cc4F)c3s2)c1,7.795880017344075
CC(C)n1cnc(-c2cc3nccc(Oc4ccc(NC(=O)C5CC(=O)N(c6ccccc6)C5)cc4F)c3s2)c1,6.096910013008056
Cn1cnc(-c2cc3nccc(Oc4ccc(NC(=O)C5(C)CCN(c6ccccc6)C5=O)cc4F)c3s2)c1,6.638272163982407
Cn1cnc(-c2cc3nccc(Oc4ccc(NC(=O)N5CCN(c6ccccc6)C5=O)cc4F)c3s2)c1,8.096910013008056
CCn1cnc(-c2cc3nccc(Oc4ccc(NC(=O)N5CCN(c6ccccc6)C5=O)cc4F)c3s2)c1,7.920818753952375
CN(C)CCn1cnc(-c2cc3nccc(Oc4ccc(NC(=O)N5CCN(c6ccccc6)C5=O)cc4F)c3s2)c1,7.853871964321762
O=C(Nc1ccc(Oc2ccnc3cc(-c4cn(CCN5CCCC5)cn4)sc23)c(F)c1)N1CCN(c2ccccc2)C1=O,7.698970004336019
O=C(Nc1ccc(Oc2ccnc3cc(-c4cn(CCCN5CCCC5)cn4)sc23)c(F)c1)N1CCN(c2ccccc2)C1=O,8.096910013008056
Cn1ccnc1-c1cc2nccc(Oc3ccc(NC(=O)N4CCN(c5ccccc5)C4=O)cc3F)c2s1,7.508638306165727
CCn1ccnc1-c1cc2nccc(Oc3ccc(NC(=O)N4CCN(c5ccccc5)C4=O)cc3F)c2s1,7.585026652029182
O=C(Nc1ccc(Oc2ccnc3cc(-c4ccc(CN5CCNCC5)cc4)sc23)c(F)c1)N1CCN(c2ccccc2)C1=O,7.958607314841775
CN1CCN(Cc2ccc(-c3cc4nccc(Oc5ccc(NC(=O)N6CCN(c7ccccc7)C6=O)cc5F)c4s3)cc2)CC1,7.920818753952375
CNC(=O)N1CCN(Cc2ccc(-c3cc4nccc(Oc5ccc(NC(=O)N6CCN(c7ccccc7)C6=O)cc5F)c4s3)cc2)CC1,8.096910013008056
CN1CCN(CCN(C)Cc2ccc(-c3cc4nccc(Oc5ccc(NC(=O)N6CCN(c7ccccc7)C6=O)cc5F)c4s3)cc2)CC1,8.522878745280337
CC(=O)c1cccc(-c2cc3nccc(Oc4ccc(NC(=O)N5CCN(c6ccccc6)C5=O)cc4F)c3s2)c1,6.055517327849832
CN(C)[C@H]1CCN(C(=O)c2cc3nccc(Oc4ccc(NC(=O)N5CCN(c6ccccc6)C5=O)cc4F)c3s2)C1,7.638272163982407
CN1CC=C(c2cc3nccc(Oc4ccc(NC(=O)N5CCN(c6ccccc6)C5=O)cc4F)c3s2)CC1,6.769551078621726
CCn1cnc(-c2cc3nccc(Oc4ccc(NC(=O)N5CCN(c6ccc(F)cc6)C5=O)cc4F)c3s2)c1,8.154901959985743
CCn1cnc(-c2cc3nccc(Oc4ccc(NC(=O)N5CCN(c6ccccc6F)C5=O)cc4F)c3s2)c1,8.522878745280337
CCn1cnc(-c2cc3nccc(Oc4ccc(NC(=O)N5CCN(c6ccccc6OC)C5=O)cc4F)c3s2)c1,7.853871964321762
Cn1cnc(-c2cc3nccc(Oc4ccc(NC(=S)N5CCN(c6ccccc6)C5=O)cc4F)c3s2)c1,7.920818753952375
Cn1cnc(-c2cc3nccc(Oc4ccc(NC(=O)N5CCN(c6ccccc6)C5=S)cc4F)c3s2)c1,5.7447274948966935
CCN(CC)CCNC(=O)c1c(C)[nH]c(/C=C2\C(=O)Nc3ccc(F)cc32)c1C,6.732828271596986
COc1cc2nccc(Oc3ccc(NC(=O)C4(C(=O)Nc5ccc(F)cc5)CC4)cc3F)c2cc1OC,8.154901959985743
COc1cc2nccc(Oc3ccc(NC(=S)NC(=O)Cc4ccccc4)cc3F)c2cc1OC,7.494850021680094
Cc1[nH]c(/C=C2\C(=O)Nc3ccc(S(=O)(=O)Cc4c(Cl)cccc4Cl)cc32)c(C)c1C(=O)N1CCC[C@@H]1CN1CCCC1,6.06398920428479
C[C@@H](Oc1cc(-n2cnc3ccc(OC4CCN(C)CC4)cc32)sc1C(N)=O)c1ccccc1C(F)(F)F,6.096910013008056
C[C@@H](Oc1cc(-n2cnc3ccc(OC4CCN(C)CC4)cc32)sc1C(N)=O)c1ccccc1Cl,5.920818753952375
Nc1ccccc1NC(=O)c1ccc(C(=O)Nc2cccc(Nc3ncc(-c4cccnc4)cn3)c2)cc1,5.823908740944319
Nc1ccccc1NC(=O)c1ccc(C(=O)Nc2cccc(Nc3ncc(-c4cccnc4)s3)c2)cn1,5.356547323513812
Cc1ccc(NC(=O)c2ccc(C(=O)Nc3ccccc3N)s2)cc1Nc1ncc(-c2cccnc2)s1,5.318758762624412
CN(C(=O)c1ccc(C(=O)Nc2ccccc2N)cc1)c1cccc(Nc2nccc(-c3cccnc3)n2)c1,5.214670164989233
Cc1ccc(NC(=O)c2ccc(/C=C/C(=O)NO)s2)cc1Nc1ncc(-c2cccnc2)s1,5.173925197299174
Cc1ccc(NCc2ccc(C(=O)Nc3ccccc3N)cc2)cc1Nc1nccc(-c2cccnc2)n1,5.107905397309519
Cc1ccc(NC(=O)c2ccc(C(=O)Nc3ccccc3N)nc2)cc1Nc1ncc(-c2cccnc2)cn1,5.0655015487564325
O=C(/C=C/c1ccc(C(=O)Nc2cccc(Nc3ncc(-c4cccnc4)s3)c2)s1)NO,5.0655015487564325
O=C(/C=C/c1ccc(C(=O)Nc2cccc(Nc3ncc(-c4cccnc4)s3)c2)cc1)NO,5.060480747381382
Cc1ccc(NC(=O)c2ccc(C(=O)Nc3ccccc3N)nc2)cc1Nc1ncc(-c2cccnc2)s1,5.045757490560675
Cc1ccc(NCc2ccc(/C=C/C(=O)NO)cc2)cc1Nc1nccc(-c2cccnc2)n1,5.036212172654444
Cc1ccc(NC(=O)c2ccc(C(=O)Nc3ccccc3N)cc2)cc1Nc1ncc(-c2cccnc2)cn1,5.008773924307505
Cc1ccc(NC(=O)c2ccc(C(=O)Nc3ccccc3N)s2)cc1Nc1ncc(-c2cccnc2)cn1,4.958607314841775
Cc1ccc(NC(=O)c2ccc(/C=C/C(=O)NO)cc2)cc1Nc1nc(-c2cccnc2)cs1,4.958607314841775
Nc1ccccc1NC(=O)c1ccc(C(=O)Nc2cccc(Nc3ncc(-c4cccnc4)s3)c2)s1,4.920818753952375
Cc1ccc(NC(=O)c2ccc(C(=O)NO)cc2)cc1Nc1ncc(-c2cccnc2)s1,4.853871964321762
Nc1ccccc1NC(=O)c1ccc(C(=O)Nc2cccc(Nc3ncc(-c4cccnc4)s3)c2)cc1,4.619788758288394
Cc1ccc(NC(=O)c2ccc(CN3CCN(C)CC3)cc2)cc1Nc1nccc(-c2cccnc2)n1,4.58838029403677
O=C(NO)c1ccc(C(=O)Nc2cccc(Nc3ncc(-c4cccnc4)s3)c2)cc1,4.366531544420414
Cc1ccc(NC(=O)c2ccc(C(=O)Nc3ccccc3N)cc2)cc1Nc1ncc(-c2cccnc2)s1,4.337242168318426
Clc1ccc(Nc2nnc(Cc3ccncc3)c3ccccc23)cc1,7.267606240177032
Clc1ccc(Nc2nnc(Cc3ccncc3)c3ccccc23)cc1,7.6777807052660805
O=C(Nc1cccc(C(F)(F)F)c1)c1ccccc1NCc1ccncc1,7.494850021680094
O=C(Nc1cccc(C(F)(F)F)c1)c1ccccc1NCc1ccncc1,7.045757490560675
Clc1cccc(-n2cc(-c3ccccc3NCc3ccncc3)nn2)c1,7.060480747381382
Clc1cccc(-n2cc(-c3ccccc3NCc3ccncc3)nn2)c1,6.795880017344075
Clc1cccc(-n2cc(-c3ccccc3NCc3cccnc3)nn2)c1,5.373659632624958
Clc1cccc(-n2cc(-c3ccccc3NCc3cccnc3)nn2)c1,5.0
Clc1cccc(-n2cc(-c3ccccc3NCc3ccccn3)nn2)c1,5.0
Clc1cccc(-n2cc(-c3ccccc3NCc3ccccn3)nn2)c1,5.0
FC(F)(F)c1cccc(-n2cc(-c3ccccc3NCc3ccncc3)nn2)c1,7.292429823902063
FC(F)(F)c1cccc(-n2cc(-c3ccccc3NCc3ccncc3)nn2)c1,7.017728766960431
FC(F)(F)c1cccc(-n2cc(-c3ccccc3NCc3cccnc3)nn2)c1,5.0
FC(F)(F)c1cccc(-n2cc(-c3ccccc3NCc3cccnc3)nn2)c1,5.0
FC(F)(F)c1cccc(-n2cc(-c3ccccc3NCc3ccccn3)nn2)c1,5.0
FC(F)(F)c1cccc(-n2cc(-c3ccccc3NCc3ccccn3)nn2)c1,5.0
FC(F)(F)Oc1cccc(-n2cc(-c3ccccc3NCc3ccncc3)nn2)c1,7.180456064458132
FC(F)(F)Oc1cccc(-n2cc(-c3ccccc3NCc3ccncc3)nn2)c1,7.070581074285707
Clc1ccc(-n2cc(-c3ccccc3NCc3ccncc3)nn2)cc1,6.4089353929735005
Clc1ccc(-n2cc(-c3ccccc3NCc3ccncc3)nn2)cc1,6.568636235841013
FC(F)(F)c1ccc(-n2cc(-c3ccccc3NCc3ccncc3)nn2)cc1,6.229147988357855
FC(F)(F)c1ccc(-n2cc(-c3ccccc3NCc3ccncc3)nn2)cc1,5.716698771296451
FC(F)(F)Oc1ccc(-n2cc(-c3ccccc3NCc3ccncc3)nn2)cc1,5.913640169325252
FC(F)(F)Oc1ccc(-n2cc(-c3ccccc3NCc3ccncc3)nn2)cc1,5.507239610973162
CC(C)c1cccc(-n2cc(-c3ccccc3NCc3ccncc3)nn2)c1,6.958607314841775
CC(C)c1cccc(-n2cc(-c3ccccc3NCc3ccncc3)nn2)c1,6.823908740944319
CC(C)(C)c1cccc(-n2cc(-c3ccccc3NCc3ccncc3)nn2)c1,6.568636235841013
CC(C)(C)c1cccc(-n2cc(-c3ccccc3NCc3ccncc3)nn2)c1,6.481486060122113
CC(C)(C)c1ccc(-n2cc(-c3ccccc3NCc3ccncc3)nn2)cc1,6.214670164989233
CC(C)(C)c1ccc(-n2cc(-c3ccccc3NCc3ccncc3)nn2)cc1,5.787812395596042
c1ccc(-c2cn(-c3ccc4ccccc4n3)nn2)c(NCc2ccncc2)c1,6.113509274827518
c1ccc(-c2cn(-c3ccc4ccccc4n3)nn2)c(NCc2ccncc2)c1,5.924453038607469
c1ccc(-c2cn(-c3ccc4[nH]ncc4c3)nn2)c(NCc2ccncc2)c1,6.167491087293763
c1ccc(-c2cn(-c3ccc4[nH]ncc4c3)nn2)c(NCc2ccncc2)c1,5.632644078973981
FC(F)(F)c1cc(-n2cc(-c3ccccc3NCc3ccncc3)nn2)ccc1Cl,6.356547323513812
FC(F)(F)c1cc(-n2cc(-c3ccccc3NCc3ccncc3)nn2)ccc1Cl,6.107905397309519
FC(F)(F)c1ccc(-n2cc(-c3ccccc3NCc3ccncc3)nn2)cc1Cl,6.031517051446065
FC(F)(F)c1ccc(-n2cc(-c3ccccc3NCc3ccncc3)nn2)cc1Cl,5.534617148551582
Clc1ccc(-n2cc(-c3ccccc3NCc3ccncc3)nn2)cc1Cl,6.200659450546418
Clc1ccc(-n2cc(-c3ccccc3NCc3ccncc3)nn2)cc1Cl,5.8326826652518236
Cc1ccc(-n2cc(-c3ccccc3NCc3ccncc3)nn2)cc1C(F)(F)F,6.853871964321762
Cc1ccc(-n2cc(-c3ccccc3NCc3ccncc3)nn2)cc1C(F)(F)F,6.7447274948966935
Cc1cc(-n2cc(-c3ccccc3NCc3ccncc3)nn2)ccc1C(F)(F)F,6.008773924307505
Cc1cc(-n2cc(-c3ccccc3NCc3ccncc3)nn2)ccc1C(F)(F)F,5.694648630553377
Fc1ccc(CNc2ccccc2-c2cn(-c3cccc(Cl)c3)nn2)cc1F,5.0
Fc1ccc(CNc2ccccc2-c2cn(-c3cccc(Cl)c3)nn2)cc1F,5.0
Clc1cccc(-n2cc(-c3ccccc3NCc3ccc4c(c3)OCO4)nn2)c1,5.0
Clc1cccc(-n2cc(-c3ccccc3NCc3ccc4c(c3)OCO4)nn2)c1,5.0
FC(F)(F)c1cccc(-n2cc(-c3ccccc3NCc3ccc4c(c3)OCO4)nn2)c1,5.0
FC(F)(F)c1cccc(-n2cc(-c3ccccc3NCc3ccc4c(c3)OCO4)nn2)c1,5.0
Clc1cccc(-n2cc(-c3ccccc3NCc3ccnc4ccccc34)nn2)c1,6.721246399047171
Clc1cccc(-n2cc(-c3ccccc3NCc3ccnc4ccccc34)nn2)c1,6.568636235841013
FC(F)(F)c1cccc(-n2cc(-c3ccccc3NCc3ccnc4ccccc34)nn2)c1,6.795880017344075
FC(F)(F)c1cccc(-n2cc(-c3ccccc3NCc3ccnc4ccccc34)nn2)c1,6.508638306165727
Clc1cccc(-n2cc(-c3ccccc3NCc3c[nH]cn3)nn2)c1,5.0
Clc1cccc(-n2cc(-c3ccccc3NCc3c[nH]cn3)nn2)c1,5.0
Clc1ccc(Nc2nnc(Cc3ccncc3)c3ccccc23)cc1,7.376750709602099
Clc1ccc(Nc2nnc(Cc3ccncc3)c3ccccc23)cc1,7.795880017344075
O=C(Nc1cccc(C(F)(F)F)c1)c1ccccc1NCc1ccncc1,7.638272163982407
O=C(Nc1cccc(C(F)(F)F)c1)c1ccccc1NCc1ccncc1,8.920818753952375
COC(=O)c1ccc2c(c1)NC(=O)/C2=C(\Nc1ccc(CN(C)C(=O)N(C)C)cc1)c1ccccc1,7.214670164989233
COC(=O)c1ccc2c(c1)NC(=O)/C2=C(\Nc1ccc(N(C)C(=O)CN2CCN(C)CC2)cc1)c1ccccc1,8.301029995663981
COC(=O)c1ccc2c(c1)NC(=O)/C2=C(\Nc1ccc(CN2CCCCC2)cc1)c1ccccc1,7.443697499232712
COC(=O)c1ccc2c(c1)NC(=O)/C2=C(\Nc1ccc(N(C)C(=O)Cn2ccnc2)cc1)c1ccccc1,8.221848749616356
COC(=O)c1ccc2c(c1)NC(=O)/C2=C(\Nc1ccc(N(CC(=O)N(C)C)C(C)=O)cc1)c1ccccc1,8.096910013008056
COC(=O)c1ccc2c(c1)NC(=O)/C2=C(\Nc1ccc(N(CCCN(C)C)C(C)=O)cc1)c1ccccc1,8.045757490560675
COC(=O)c1ccc2c(c1)NC(=O)/C2=C(\Nc1ccc(N(CCN(C)C)C(C)=O)cc1)c1ccccc1,7.920818753952375
COC(=O)c1ccc2c(c1)NC(=O)/C2=C(\Nc1ccc(N(CCN(C)C)S(C)(=O)=O)cc1)c1ccccc1,7.638272163982407
COC(=O)c1ccc2c(c1)NC(=O)/C2=C(\Nc1ccc(C(=O)N(C)CCN(C)C)cc1)c1ccccc1,7.619788758288394
COC(=O)c1ccc2c(c1)NC(=O)/C2=C(\Nc1ccc(CN(C)C)cc1)c1ccccc1,7.1938200260161125
COC(=O)c1ccc2c(c1)NC(=O)/C2=C(\Nc1ccc(NC(=O)CN2CCN(C)CC2)cc1)c1ccccc1,7.080921907623926
COC(=O)c1ccc2c(c1)NC(=O)/C2=C(\Nc1ccc(NC(=O)CN(C)C)cc1)c1ccccc1,6.924453038607469
COC(=O)c1ccc2c(c1)NC(=O)/C2=C(\Nc1ccc(N(C)S(C)(=O)=O)cc1)c1ccccc1,6.823908740944319
COC(=O)c1ccc2c(c1)NC(=O)/C2=C(\Nc1ccc(CN2CCCC2=O)cc1)c1ccccc1,6.610833915635467
COC(=O)c1ccc2c(c1)NC(=O)/C2=C(\Nc1cccc(C(=O)N(C)CCN(C)C)c1)c1ccccc1,6.605548319173784
COC(=O)c1ccc2c(c1)NC(=O)/C2=C(\Nc1ccccc1)c1ccccc1,5.096910013008056
COC(=O)c1ccc2c(c1)NC(=O)/C2=C(\NC1CCN(C)CC1)c1ccccc1,5.0
COC(=O)c1ccc2c(c1)NC(=O)/C2=C(\NC1CCC(NC(=O)CN(C)C)CC1)c1ccccc1,5.0
NC(=O)c1ccc2c(c1)NC(=O)/C2=C(\Nc1ccc(CN2CCCCC2)cc1)c1ccccc1,6.117475462045119
CCOC(=O)c1ccc2c(c1)NC(=O)/C2=C(\Nc1ccc(CN2CCCCC2)cc1)c1ccccc1,6.962573502059376
O=C1Nc2cc([N+](=O)[O-])ccc2/C1=C(/Nc1ccc(CN2CCCCC2)cc1)c1ccccc1,8.154901959985743
O=C1Nc2cc(Cl)ccc2/C1=C(/Nc1ccc(CN2CCCCC2)cc1)c1ccccc1,6.889410289700751
N#Cc1ccc2c(c1)NC(=O)/C2=C(\Nc1ccc(CN2CCCCC2)cc1)c1ccccc1,6.605548319173784
CC(=O)c1ccc2c(c1)NC(=O)/C2=C(\Nc1ccc(CN2CCCCC2)cc1)c1ccccc1,5.756465898167938
O=C1Nc2ccccc2/C1=C(/Nc1ccc(CN2CCCCC2)cc1)c1ccccc1,5.675306086138225
O=C1Nc2cc(C(=O)O)ccc2/C1=C(/Nc1ccc(CN2CCCCC2)cc1)c1ccccc1,6.0
CC(C)NC(=O)c1ccc2c(c1)NC(=O)/C2=C(\Nc1ccc(CN2CCCCC2)cc1)c1ccccc1,5.910094888560602
CN(C)C(=O)c1ccc2c(c1)NC(=O)/C2=C(\Nc1ccc(CN2CCCCC2)cc1)c1ccccc1.Cl,5.882066164960358
CCN(C)C(=O)c1ccc2c(c1)NC(=O)/C2=C(\Nc1ccc(CN2CCCCC2)cc1)c1ccccc1,5.8395314688809625
CNC(=O)c1ccc2c(c1)NC(=O)/C2=C(\Nc1ccc(CN2CCCCC2)cc1)c1ccccc1.Cl,5.677987561417599
Nc1ccc2c(c1)NC(=O)/C2=C(\Nc1ccc(CN2CCCCC2)cc1)c1ccccc1,6.87942606879415
CC(=O)Nc1ccc2c(c1)NC(=O)/C2=C(\Nc1ccc(CN2CCCCC2)cc1)c1ccccc1.Cl,5.522878745280337
O=C1Nc2cc(-n3cccc3)ccc2/C1=C(/Nc1ccc(CN2CCCCC2)cc1)c1ccccc1,6.101823516502323
COc1ncnc2c1ncn2CC(=O)c1ccccc1,4.6020599913279625
Nc1ncnc2c1ncn2CC(=O)c1cccnc1,4.236572006437063
Nc1ncnc2ncn(CC(=O)c3c[nH]c4ccccc34)c12,4.522878745280337
Nc1ncnc2c1ncn2CC(=O)c1c[nH]c2ccccc12,4.0915149811213505
Nc1nc(Nc2cccc(Br)c2)c2cc(CCc3ccccc3)[nH]c2n1,4.301029995663981
Nc1nc(Nc2ccc3[nH]ccc3c2)c2cc(CCc3ccccc3)[nH]c2n1,4.603800652904264
Nc1nc(Nc2ccc(Cl)cc2)c2cc(CCc3ccccc3)[nH]c2n1,3.6989700043360187
Nc1nc(Nc2ccc(Cl)cc2F)c2cc(CCc3ccccc3)[nH]c2n1,3.6989700043360187
C#Cc1cccc(Nc2nc(N)nc3[nH]c(CCc4ccccc4)cc23)c1,3.6989700043360187
Nc1nc(Nc2cccc(C(F)(F)F)c2)c2cc(CCc3ccccc3)[nH]c2n1,3.6989700043360187
Nc1nc(Nc2ccc(F)c(Cl)c2)c2cc(CCc3ccccc3)[nH]c2n1,3.8790971823854727
Nc1nc(Nc2ccc(F)c(Br)c2)c2cc(CCc3ccccc3)[nH]c2n1,3.7026772857946972
Cc1cc(C)c(/C=C2\C(=O)Nc3ccccc32)[nH]1,4.97469413473523
Nc1nc(Nc2cccc(Br)c2)c2cc(CCc3ccc4ccccc4c3)[nH]c2n1,4.774690718274137
Nc1nc(Nc2cccc(Br)c2)c2cc(CCc3ccccc3Cl)[nH]c2n1,4.373659632624958
COc1ccc(CCc2cc3c(Nc4cccc(Br)c4)nc(N)nc3[nH]2)cc1,4.301029995663981
Nc1nc(Nc2ccc(F)c(C(F)(F)F)c2)c2cc(CCc3ccccc3)[nH]c2n1,3.6989700043360187
Nc1nc(Nc2cccc(Br)c2)c2cc(Cc3ccc4ccccc4c3)[nH]c2n1,4.301029995663981
Nc1nc(Nc2cccc(Br)c2)c2cc(Cc3cccc4ccccc34)[nH]c2n1,5.294136287716081
Nc1nc(Nc2cccc(Br)c2)c2cc(Cc3ccccc3Cl)[nH]c2n1,5.253365801062421
Nc1nc(Nc2cccc(Br)c2)c2cc(Cc3ccccc3)[nH]c2n1,4.301029995663981
Cc1ccn(-c2ccc3c(c2)NCC3(C)C)c(=O)c1-c1ccc2nc(N)ncc2c1,7.318758762624412
Cc1ccn(CCC2CCCC2)c(=O)c1-c1ccc2nc(N)ncc2c1,5.853871964321762
Cc1ccc(C(=O)NCCC2CCCC2)cc1C(=O)Nc1ccc(N)nc1,4.6020599913279625
COc1ccc(-n2ccc(C)c(-c3ccc4nc(N)ncc4c3)c2=O)cc1,5.301029995663981
Cc1ccn(-c2ccc(-c3ncco3)cc2)c(=O)c1-c1ccc2nc(N)ncc2c1,5.301029995663981
CCOC(=O)c1ccc(-n2ccc(C)c(-c3ccc4nc(N)ncc4c3)c2=O)cc1,5.301029995663981
CC(=O)c1ccc(-n2ccc(C)c(-c3ccc4nc(N)ncc4c3)c2=O)cc1,5.301029995663981
Cc1ccc(-n2ccc(C)c(-c3ccc4nc(N)ncc4c3)c2=O)cc1F,5.301029995663981
Cc1ccn(-c2ccc(Cl)c(F)c2)c(=O)c1-c1ccc2nc(N)ncc2c1,5.301029995663981
COc1cccc(-n2ccc(C)c(-c3ccc4nc(N)ncc4c3)c2=O)c1,5.301029995663981
Cc1ccn(-c2cccc(C(F)(F)F)c2)c(=O)c1-c1ccc2nc(N)ncc2c1,5.301029995663981
Cc1ccn(-c2ccc(Cl)cc2)c(=O)c1-c1ccc2nc(N)ncc2c1,5.301029995663981
Cc1ccn(-c2ccc(-n3cccn3)cc2)c(=O)c1-c1ccc2nc(N)ncc2c1,5.468521082957745
Cc1ccn(-c2ccc(N3CCOCC3)cc2)c(=O)c1-c1ccc2nc(N)ncc2c1,5.356547323513812
Cc1cc(-n2ccc(C)c(-c3ccc4nc(N)ncc4c3)c2=O)ccc1F,5.366531544420414
Cc1ccn(-c2ccc(C(F)(F)F)cc2)c(=O)c1-c1ccc2nc(N)ncc2c1,5.7447274948966935
Cc1ccn(-c2ccc(C(C)(C)C)cc2)c(=O)c1-c1ccc2nc(N)ncc2c1,7.958607314841775
Cc1ccn(-c2ccccc2)c(=O)c1-c1ccc2nc(N)ncc2c1,6.0
Cc1ccc(NC(=O)c2ccc(CN3CCN(C)CC3)cc2)cc1Nc1nccc(-c2cccnc2)n1,4.6020599913279625
Cc1cc(C2CCN(CCCF)CC2)cc2[nH]c(-c3c(NCCn4cc(Cl)cn4)cc[nH]c3=O)nc12,6.432973633840939
COc1ccc(-c2cncc(C#N)c2Nc2ccc3[nH]ccc3c2)cc1OC,5.0
Cc1ccc(C(=O)NC2CC2)cc1-c1ccc2nc(NCCN3CCOCC3)ncc2c1,7.978810700930062
Cc1ccc(C(=O)NC2CC2)cc1-c1ccc2c(-c3ccccc3C)nncc2c1,5.0
Cc1ccc(C(=O)NC2CC2)cc1-c1ccc2c(-c3ccccc3)nncc2c1,5.201211286048751
Cc1ccc(C(=O)NC2CC2)cc1-c1ccc2c(O[C@H](C)C(F)(F)F)nncc2c1,6.296708621881338
Cc1ccc(C(=O)NC2CC2)cc1-c1ccc2c(O[C@@H](C)C(F)(F)F)nncc2c1,5.5718652059712115
Cc1ccc(C(=O)NC2CC2)cc1-c1ccc2c(OC(C)C)nncc2c1,5.941194513324093
O=C(NC1CC1)c1cccc(-c2ccc3c(N4CCOCC4)nncc3c2)c1,5.0
Cc1ccc(C(=O)NC2CC2)cc1-c1ccc2c(N3CCOC[C@@H]3C)nncc2c1,5.0678815279708775
Cc1ccc(C(=O)NC2CC2)cc1-c1ccc2c(N3CCOCC3)nncc2c1,5.5168407902830205
Cc1ccc(C(=O)NC2CC2)cc1-c1ccc2c(NCCN3CCOCC3)nncc2c1,5.288614620901548
O=C(O)c1cccc2c1C(=O)NC2,4.0
COC(=O)c1cccc2c1C(=O)NC2,4.0
NC(=O)c1cccc2c1C(=O)NC2,4.0
COc1ccc(NC(=O)c2cccc3c2C(=O)NC3)cc1,5.2262135550188065
COc1ccc2[nH]c(-c3cccc4c3C(=O)NC4)nc2c1,6.847711655616943
O=C(Nc1cncnc1)c1c(Cl)ccc2c(Nc3cccc(C(F)(F)F)c3)noc12,6.452225294612178
O=C1NCc2cccc(-c3ccc[nH]3)c21,5.958607314841775
O=C1NCc2cccc(-c3cc4cc(OCc5ccccc5)ccc4[nH]3)c21,4.9484616094846725
O=C1NCc2cccc(-c3cc4ccccc4[nH]3)c21,6.841637507904751
O=C1NCc2cccc(-c3cc4cc(O)ccc4[nH]3)c21,6.924453038607469
COc1ccc2[nH]c(-c3cccc4c3C(=O)NC4)cc2c1,5.958607314841775
O=C1NCc2cccc(-c3cc4cc(OCCN5CCOCC5)ccc4[nH]3)c21,7.130768280269024
O=C1NCc2cccc(-c3cc4cc(OCCCN5CCCCC5)ccc4[nH]3)c21,7.187086643357144
O=C1NCc2cccc(-c3cc4cc(OCCN5CCCCC5)ccc4[nH]3)c21,7.251811972993799
O=C1NCc2cccc(-c3cc4cc(OCCCO)ccc4[nH]3)c21,7.522878745280337
O=C1NCc2cccc(-c3cc4cc(OCCCN5CCC(O)CC5)ccc4[nH]3)c21,7.7447274948966935
CCN1CCN(CCCOc2ccc3[nH]c(-c4cccc5c4C(=O)NC5)cc3c2)CC1,7.853871964321762
CN1Cc2cccc(-c3cccn3C(=O)OC(C)(C)C)c2C1=O,4.0
COc1ccc2c(c1)CCc1c-2c2c(c3c4ccccc4n(CCO)c13)CNC2=O,5.379343520180379
CC(C)Oc1ccc2c(c1)CCc1c-2c2c(c3c4ccccc4n(CCO)c13)CNC2=O,5.47134035476501
CCSCc1ccc2c(c1)c1c3c(c4c5cc(CSCC)ccc5n5c4c1n2[C@H]1C[C@](O)(C(=O)OC)[C@]5(C)O1)CNC3=O,7.366531544420414
COc1cc2/c(=N/c3ccc(Br)cc3F)nc[nH]c2cc1OCC1CCN(C)CC1,7.346787486224656
CN(C)CCNC(=O)/C=C/c1cccc(/C=C2\Oc3ccccc3NC2=O)c1,3.3979400086720375
CN1C(=O)/C(=C/c2ccc(/C=C/C(=O)NCc3ccncc3)s2)Oc2ccccc21,3.3979400086720375
CN1C(=O)/C(=C/c2ccc(/C=C/C(=O)NCc3cccnc3)s2)Oc2ccccc21,5.8297382846050425
CN1C(=O)/C(=C/c2ccc(/C=C/C(=O)N3CCN(CCO)CC3)s2)Oc2ccccc21,3.3979400086720375
CN1C(=O)/C(=C/c2ccc(/C=C/C(=O)N3CCCC3)s2)Oc2ccccc21,3.3979400086720375
CN(C)CCNC(=O)/C=C/c1ccc(/C=C2\Oc3ccccc3N(C)C2=O)s1,3.3979400086720375
O=C(/C=C/c1cccc(/C=C2\Oc3ccccc3NC2=O)c1)Nc1ccc(N2CCOCC2)cc1,3.3979400086720375
O=C1Nc2ccccc2O/C1=C\c1ccc(/C=C/C(=O)N2CCN(CCO)CC2)o1,3.3979400086720375
CCOc1ccn(-c2ccc(F)cc2)c(=O)c1C(=O)Nc1ccc(Oc2ccnc(N)c2Cl)c(F)c1,6.7447274948966935
NC(=O)c1ccc(-c2nnc(Nc3ccc(OC(F)(F)Cl)cc3)c3ccccc23)cc1,6.721246399047171
CC(C)(C)c1ccc(Nc2nnc(-c3ccc(C(N)=O)cc3)c3ccccc23)cc1,7.107905397309519
NC(=O)c1ccc(-c2nnc(Nc3ccc(Br)cc3)c3ccccc23)cc1,7.0
NC(=O)c1ccc(-c2nnc(Nc3ccc(Cl)cc3)c3ccccc23)cc1,5.886056647693163
COc1ccc(Nc2nnc(-c3ccc(C(N)=O)cc3)c3ccccc23)cc1,5.698970004336019
Cc1ccc(Nc2nnc(-c3ccc(C(N)=O)cc3)c3ccccc23)cc1,5.7447274948966935
COC(=O)c1ccc(Nc2nnc(-c3ccc(C(N)=O)cc3)c3ccccc23)cc1,5.568636235841013
NC(=O)c1ccc(-c2nnc(Nc3ccc(OCc4ccccc4)cc3)c3ccccc23)cc1,5.0
NC(=O)c1ccc(-c2nnc(Nc3ccc(Oc4ccccc4)cc3)c3ccccc23)cc1,5.0
CNS(=O)(=O)c1ccc(Nc2nnc(-c3ccc(C(N)=O)cc3)c3ccccc23)cc1,5.0
NC(=O)c1ccc(Nc2nnc(-c3ccc(C(N)=O)cc3)c3ccccc23)cc1,5.0
CC(C)(C)c1cccc(Nc2nnc(-c3ccc(C(N)=O)cc3)c3ccccc23)c1,6.327902142064283
NC(=O)c1ccc(-c2nnc(Nc3cccc(Br)c3)c3ccccc23)cc1,5.920818753952375
NC(=O)c1ccc(-c2nnc(Nc3cccc(Cl)c3)c3ccccc23)cc1,5.769551078621726
Cc1cccc(Nc2nnc(-c3ccc(C(N)=O)cc3)c3ccccc23)c1,5.795880017344075
NC(=O)c1ccc(-c2nnc(Nc3ccc(Cl)c(Cl)c3)c3ccccc23)cc1,6.075720713938118
NC(=O)c1ccc(-c2nnc(Nc3ccccc3)c3ccccc23)cc1,5.0
NC(=O)c1ccc(-c2nnc(Oc3ccc(OC(F)(F)F)cc3)c3ccccc23)cc1,5.0
NC(=O)c1ccc(-c2nnc(Sc3ccc(OC(F)(F)F)cc3)c3ccccc23)cc1,5.0
FC(F)(Cl)Oc1ccc(Nc2nnc(-c3ccccc3)c3ccccc23)cc1,5.0
CNC(=O)c1ccc(-c2nnc(Nc3ccc(Cl)cc3)c3ccccc23)cc1,5.508638306165727
CNC(=O)c1ccc(-c2nnc(Nc3ccc(C(C)(C)C)cc3)c3ccccc23)cc1,6.886056647693163
O=C(NCCO)c1ccc(-c2nnc(Nc3ccc(OC(F)(F)Cl)cc3)c3ccccc23)cc1,5.958607314841775
CC(C)NC(=O)c1ccc(-c2nnc(Nc3ccc(OC(F)(F)Cl)cc3)c3ccccc23)cc1,5.0
CC(C)(C)NC(=O)c1ccc(-c2nnc(Nc3ccc(OC(F)(F)Cl)cc3)c3ccccc23)cc1,5.0
O=C(c1ccc(-c2nnc(Nc3ccc(OC(F)(F)Cl)cc3)c3ccccc23)cc1)N1CCOCC1,5.309803919971486
Cc1ccc(-c2nnc(Nc3ccc(OC(F)(F)Cl)cc3)c3ccccc23)cc1,5.0
FC(F)(Cl)Oc1ccc(Nc2nnc(-c3cccc(Cl)c3)c3ccccc23)cc1,5.0
COc1ccc(-c2nnc(Nc3ccc(OC(F)(F)Cl)cc3)c3ccccc23)cc1,5.0
COC(=O)c1ccc(-c2nnc(Nc3ccc(OC(F)(F)Cl)cc3)c3ccccc23)cc1,6.200659450546418
NC(=O)c1cccc(-c2nnc(Nc3ccc(OC(F)(F)Cl)cc3)c3ccccc23)c1,5.3872161432802645
CC(C)(C)c1ccc(Nc2nnc(-c3cccc(C(N)=O)c3)c3ccccc23)cc1,6.3979400086720375
CC(C)(C)c1ccc(Nc2nnc(-c3cccc4cnccc34)c3ccccc23)cc1,7.1249387366083
Clc1ccc(Nc2nnc(-c3cccc4cnccc34)c3ccccc23)cc1,7.318758762624412
FC(F)(Cl)Oc1ccc(Nc2nnc(-c3cccc4cnccc34)c3ccccc23)cc1,7.102372908709558
CC(C)c1ccc(Nc2nnc(-c3cccc4cnccc34)c3ccccc23)cc1,7.769551078621726
c1cc(-c2nnc(Nc3ccc(N4CCOCC4)cc3)c3ccccc23)c2ccncc2c1,6.4089353929735005
Clc1ccc(Nc2nnc(-c3cccc4cnccc34)c3ccccc23)cc1Cl,6.958607314841775
FC(F)(F)c1cc(Nc2nnc(-c3cccc4cnccc34)c3ccccc23)ccc1Cl,6.920818753952375
Cc1ccc(Nc2nnc(-c3cccc4cnccc34)c3ccccc23)c(F)c1,6.366531544420414
Cc1ccccc1Nc1nnc(-c2cccc3cnccc23)c2ccccc12,5.0
Cc1cccc(Nc2nnc(-c3cccc4cnccc34)c3ccccc23)c1,6.568636235841013
Cc1cc2cc(Nc3nnc(-c4cccc5cnccc45)c4ccccc34)ccc2[nH]1,6.638272163982407
Clc1ccc(Nc2nnc(-c3cccc4ncccc34)c3ccccc23)cc1,5.0
CC(C)(C)c1ccc(Nc2nnc(-c3cccc4ncccc34)c3ccccc23)cc1,5.698970004336019
O=C1NC(=O)c2ccc(I)cc2/C1=C/NCc1ccc(-c2ccoc2)c(O)c1,5.0
CN1CCN(CCOc2cc(OC3CCOCC3)c3c(Nc4c(Cl)ccc5c4OCO5)ncnc3c2)CC1,4.6777807052660805
Cc1nc(Nc2ncc(C(=O)Nc3c(C)cccc3Cl)s2)cc(N2CCN(CCO)CC2)n1.O,5.627087997029894
COc1ccc2c(Oc3ccc(NC(=O)c4c(C)n(C)n(-c5ccccc5)c4=O)cc3F)ccnc2c1,7.2839966563652006
COc1ccc2c(Oc3ccc(NC(=O)c4c(C)n(CC(C)(C)O)n(-c5ccccc5)c4=O)cc3F)ccnc2c1,6.035740369803151
COc1ccc2c(Oc3ccc(NC(=O)c4c(C)n(CC(C)=O)n(-c5ccccc5)c4=O)cc3F)ccnc2c1,7.0655015487564325
COc1ccc2c(Oc3ccc(NC(=O)c4c(C)n(C[C@H](C)O)n(-c5ccccc5)c4=O)cc3F)ccnc2c1,6.681936665037238
COc1ccc2c(Oc3ccc(NC(=O)c4c(C)n(C[C@@H](C)O)n(-c5ccccc5)c4=O)cc3F)ccnc2c1,6.627087997029894
COc1ccc2c(Oc3ccc(NC(=O)c4c(C)n(CC(C)C)n(-c5ccccc5)c4=O)cc3F)ccnc2c1,6.482804102050026
CCCn1c(C)c(C(=O)Nc2ccc(Oc3ccnc4cc(OC)ccc34)c(F)c2)c(=O)n1-c1ccccc1,6.844663962534939
COc1ccc2c(Oc3ccc(NC(=O)c4c(C)n(CC(C)(C)O)n(-c5ccccc5)c4=O)nc3)ccnc2c1,6.161150909262744
Cc1ccc(C(=O)Nc2ccc(C(F)(F)F)cc2)cc1C(=O)Nc1ccc(N)nc1,5.301029995663981
CC(=O)Nc1ccc(NC(=O)c2cc(C(=O)Nc3cccc(C(F)(F)F)c3)ccc2C)cn1,6.943095148663527
Cc1ccc(C(=O)NCCC2CCCCC2)cc1C(=O)Nc1ccc(N)nc1,4.6020599913279625
Cc1ccc(C(=O)NCCCC2CCCCC2)cc1C(=O)Nc1ccc(N)nc1,5.301029995663981
Cc1ccc(C(=O)NCCC2CCCC2)cc1C(=O)Nc1ccc(N)nc1,4.6020599913279625
Cc1ccc(C(=O)Nc2cccc(C(F)(F)F)c2)cc1C(=O)Nc1cncnc1,5.452225294612178
CC(=O)Nc1ncc(NC(=O)c2cc(C(=O)Nc3cccc(C(F)(F)F)c3)ccc2C)cn1,6.126098402135539
Cc1ccc(C(=O)Nc2cccc(C(F)(F)F)c2)cc1C(=O)Nc1ccc(N)nc1,6.327902142064283
Cc1ccc(C(=O)Nc2cccc(C(F)(F)F)c2)cc1C(=O)Nc1cnc(N)nc1,6.688246138944246
Cc1ccc(C(=O)Nc2cccc(C(F)(F)F)c2)cc1C(=O)Nc1cccnc1,6.531652669587842
Cc1ccc(NC(=O)c2cccc(C(F)(F)F)c2)cc1C(=O)Nc1cncnc1,5.079354998593212
Cc1ccc(NC(=O)c2ccc(CN3CCN(C)CC3)cc2)cc1Nc1nccc(-c2cccnc2)n1,4.6020599913279625
Cc1ccc(C(=O)Nc2cccc(C(F)(F)F)c2)cc1NC(=O)c1cncnc1,5.301029995663981
Cc1cccc(NC(=O)Nc2ccc(-c3ccc4nccnc4c3N)cc2)c1,6.774690718274137
Cc1cccc(NC(=O)Nc2ccc(-c3cnc4ccnn4c3N)cc2)c1,7.327902142064283
Cc1ccc(F)c(NC(=O)Nc2ccc(-c3cccc4[nH]nc(N)c34)cc2)c1,7.552841968657781
Cc1cccc(NC(=S)Nc2ccc(-c3cnc4ccnn4c3N)cc2)c1,5.0
Cc1cccc(NC(=O)Nc2cccc(-c3cnc4ccnn4c3N)c2)c1,5.180456064458132
Cc1cccc(NC(=O)Nc2ccc(-c3cnc4c(Br)cnn4c3)cc2)c1,4.903089986991944
Nc1c(-c2ccc(NC(=O)c3ccccc3)cc2)cnc2c(Br)cnn12,4.903089986991944
Cc1cccc(NC(=O)Nc2ccc(-c3cnc4c(Br)cnn4c3N)cc2)c1,7.142667503568732
Nc1ccc(-c2cnc3c(Br)cnn3c2N)cc1,4.903089986991944
COc1ccc(-c2cnc3c(Br)cnn3c2N)cc1,4.903089986991944
Nc1c(-c2ccccc2)cnc2c(Br)cnn12,4.903089986991944
CCN(CC)CCNC(=O)c1cnn2c(N)c(-c3ccc(NC(=O)Nc4cccc(C)c4)cc3)cnc12,6.301029995663981
Cc1cccc(NC(=O)Nc2ccc(-c3cnc4c(C(=O)N5CCN(C)CC5)cnn4c3N)cc2)c1,6.102372908709558
CNC(=O)c1cnn2c(N)c(-c3ccc(NC(=O)Nc4cccc(C)c4)cc3)cnc12,7.0
Cc1cccc(NC(=O)Nc2ccc(-c3cnc4c(C(=O)O)cnn4c3N)cc2)c1,5.698970004336019
CCOC(=O)c1cnn2c(N)c(-c3ccc(NC(=O)Nc4cccc(C)c4)cc3)cnc12,7.6020599913279625
Cc1cccc(NC(=O)Nc2ccc(-c3cnc4c(C#N)cnn4c3N)cc2)c1,6.031517051446065
Cc1cccc(NC(=O)Nc2ccc(-c3cnc4c(-c5cnn(C)c5)cnn4c3N)cc2)c1,8.397940008672037
Cc1cccc(NC(=O)Nc2ccc(-c3cnc4c(-c5cccnc5)cnn4c3N)cc2)c1,8.045757490560675
Cc1cccc(NC(=O)Nc2ccc(-c3cnc4c(-c5ccc6c(c5)OCO6)cnn4c3N)cc2)c1,7.769551078621726
Cc1cccc(NC(=O)Nc2ccc(-c3cnc4c(C5CC5)cnn4c3N)cc2)c1,7.795880017344075
Cc1cccc(NC(=O)Nc2ccc(-c3cnc4c(-c5ccsc5)cnn4c3N)cc2)c1,7.958607314841775
Cc1cccc(NC(=O)Nc2ccc(-c3cnc4c(-c5cccs5)cnn4c3N)cc2)c1,7.823908740944319
Cc1cccc(NC(=O)Nc2ccc(-c3c(C)nc4ccnn4c3N)cc2)c1,7.4089353929735005
Cc1cccc(NC(=O)Nc2ccc(-c3cnc4cc(-c5ccccc5)nn4c3N)cc2)c1,4.903089986991944
Cc1cccc(NC(=O)Nc2ccc(-c3cnc4cc(C)nn4c3N)cc2)c1,5.455931955649724
Cc1cccc(NC(=O)Nc2ccc(-c3cnc4c(-c5ccccc5)cnn4c3N)cc2)c1,7.657577319177793
Cc1cccc(NC(=O)Nc2ccc(-c3cnc4c(Br)cnn4c3N)cc2)c1,7.0655015487564325
CCOC(=O)c1cnn2c(N)c(-c3ccc(NC(=O)Nc4cccc(C)c4)cc3)cnc12,6.657577319177793
Cc1cccc(NC(=O)Nc2ccc(-c3cnc4c(-c5cnn(C)c5)cnn4c3N)cc2)c1,9.0
Cc1cccc(NC(=O)Nc2ccc(-c3cnc4c(-c5cccnc5)cnn4c3N)cc2)c1,8.154901959985743
Cc1cccc(NC(=O)Nc2ccc(-c3cnc4c(-c5ccc6c(c5)OCO6)cnn4c3N)cc2)c1,7.6777807052660805
Cc1cccc(NC(=O)Nc2ccc(-c3cnc4c(C5CC5)cnn4c3N)cc2)c1,7.481486060122112
Cc1cccc(NC(=O)Nc2ccc(-c3cnc4c(-c5ccsc5)cnn4c3N)cc2)c1,7.657577319177793
Cc1cccc(NC(=O)Nc2ccc(-c3cnc4c(-c5cccs5)cnn4c3N)cc2)c1,7.309803919971486
Cc1cccc(NC(=O)Nc2ccc(-c3c(C)nc4ccnn4c3N)cc2)c1,6.6020599913279625
Cc1cccc(NC(=O)Nc2ccc(-c3cnc4c(-c5ccccc5)cnn4c3N)cc2)c1,7.769551078621726
Cc1cccc(NC(=O)Nc2ccc(-c3cnc4ccnn4c3N)cc2)c1,7.154901959985743
Nc1c(-c2ccc(NC(=O)Nc3cc(C(F)(F)F)ccc3F)cc2)cnc2ccnn12,7.853871964321762
Cc1ccc(F)c(NC(=O)Nc2ccc(-c3cnc4ccnn4c3N)cc2)c1,7.130768280269024
Nc1c(-c2ccc(NC(=O)Nc3cccc(Cl)c3)cc2)cnc2ccnn12,7.356547323513812
Nc1c(-c2ccc(NC(=O)Nc3cccc(C(F)(F)F)c3)cc2)cnc2ccnn12,8.045757490560675
Nc1c(-c2ccc(NC(=O)Nc3ccccc3)cc2)cnc2c(Br)cnn12,5.795880017344075
Cc1ccc(NC(=O)Nc2ccc(-c3cnc4c(Br)cnn4c3N)cc2)cc1,6.0915149811213505
Cc1ccccc1NC(=O)Nc1ccc(-c2cnc3c(Br)cnn3c2N)cc1,4.903089986991944
Nc1c(-c2ccc(NC(=O)Nc3cc(C(F)(F)F)ccc3F)cc2)cnc2ccnn12,7.154901959985743
Nc1c(-c2ccc(NC(=O)Nc3cccc(C(F)(F)F)c3)cc2)cnc2ccnn12,7.455931955649724
COc1ccc(-c2cnc3c(-c4ccsc4)cnn3c2)cc1,6.732828271596986
COc1ccc(-c2cnc3c(-c4ccsc4)cnn3c2N)cc1,5.214670164989233
COc1ccc(-c2cnc3c(Br)cnn3c2)cc1,4.903089986991944
Cc1cccc(NC(=O)Nc2ccc(-c3cnc4c(-c5cnn(C)c5)ccn4c3N)cc2)c1,8.522878745280337
Cc1cccc(NC(=O)Nc2ccc(-c3cnc4c(-c5cnn(C)c5)ccn4c3N)cc2)c1,9.154901959985743
Cn1cc(-c2ccn3c(N)c(-c4ccc(NC(=O)Nc5cccc(F)c5)cc4)cnc23)cn1,8.0
Cn1cc(-c2ccn3c(N)c(-c4ccc(NC(=O)Nc5ccc(F)c(C(F)(F)F)c5)cc4)cnc23)cn1,8.221848749616356
Cn1cc(-c2ccn3c(N)c(-c4ccc(NC(=O)Nc5cc(C(F)(F)F)ccc5F)cc4)cnc23)cn1,8.301029995663981
Cn1cc(-c2ccn3c(N)c(-c4ccc(NC(=O)Nc5cccc(Cl)c5)cc4)cnc23)cn1,8.397940008672037
Cn1cc(-c2ccn3c(N)c(-c4ccc(NC(=O)Nc5cccc(F)c5)cc4)cnc23)cn1,7.5376020021010435
Cn1cc(-c2ccn3c(N)c(-c4ccc(NC(=O)Nc5ccc(F)c(C(F)(F)F)c5)cc4)cnc23)cn1,7.259637310505756
Cn1cc(-c2ccn3c(N)c(-c4ccc(NC(=O)Nc5cc(C(F)(F)F)ccc5F)cc4)cnc23)cn1,7.552841968657781
Cn1cc(-c2ccn3c(N)c(-c4ccc(NC(=O)Nc5cccc(Cl)c5)cc4)cnc23)cn1,8.096910013008056
COc1cc2nccc(Oc3ccc4c(C(=O)Nc5ccc(Cl)cc5)cccc4c3)c2cc1OC,9.301029995663981
COc1cc2nccc(CN3CCc4c(C(=O)Nc5ccc(C(C)(C)C)cc5)cccc4C3=O)c2cc1OC,8.096910013008056
COc1cc2nccc(CN3CCc4c(C(=O)Nc5ccc(F)c(C(F)(F)F)c5)cccc4C3=O)c2cc1OC,8.698970004336019
COc1cc2nccc(CN3CCc4c(C(=O)Nc5ccc(Cl)c(C(F)(F)F)c5)cccc4C3=O)c2cc1OC,8.522878745280337
COc1cc2nccc(CN3CCc4c(C(=O)Nc5cccc(C(F)(F)F)c5)cccc4C3=O)c2cc1OC,8.522878745280337
O=C(Nc1cccc(C(F)(F)F)c1)c1cccc2c1CCN(Cc1ccnc3ccccc13)C2=O,7.7447274948966935
COCCNC(=O)c1cccc2c1CCN(Cc1ccnc3cc(OC)c(OC)cc13)C2,5.522878745280337
COc1cc2nccc(CN3CCc4c(cccc4C(=O)NC4CC4)C3)c2cc1OC,7.036212172654444
COc1cc2nccc(CN3CCc4c(cccc4C(=O)Nc4ccccn4)C3)c2cc1OC,6.647817481888637
COc1cc2nccc(CN3CCc4c(cccc4C(=O)Nc4nc5ccccc5s4)C3)c2cc1OC,7.886056647693163
COc1cc2nccc(CN3CCc4c(cccc4C(=O)Nc4ccc(C(C)(C)C)cc4)C3)c2cc1OC,9.0
COc1cc2nccc(CN3CCc4c(cccc4C(=O)Nc4ccc(F)c(C(F)(F)F)c4)C3)c2cc1OC,9.0
COc1cc2nccc(CN3CCc4c(cccc4C(=O)Nc4ccc(Cl)c(C(F)(F)F)c4)C3)c2cc1OC,9.0
COc1cc2nccc(CN3CCc4c(cccc4C(=O)Nc4cccc(C(F)(F)F)c4)C3)c2cc1OC,9.0
COc1cc2nccc(CN3CCc4c(cccc4C(=O)Nc4ccc(Cl)cc4)C3)c2cc1OC,6.782516055786093
CC(C)(C)c1ccc(NC(=O)c2cccc3c2CCN(Cc2ccnc4ccccc24)C3)cc1,8.096910013008056
O=C(Nc1cccc(C(F)(F)F)c1)c1cccc2c1CCN(Cc1ccnc3ccccc13)C2,8.397940008672037
Cc1cc(O)cc2oc(=O)c3c(O)cc(O)cc3c12,9.036212172654444
O=C1C[C@H](O)[C@@H]2c3c(ccc(O)c31)-c1ccc(O)c3c1[C@@]2(O)CCC3=O,8.853871964321762
COc1cc(O)c(C(=O)O)c(C2=C(C)C[C@@H](O)C2=O)c1,8.292429823902063
COc1cc(O)c2c(c1)C1(OC2=O)C(C)=CC(=O)C1O,8.0
COc1cc(O)c2c(c1)-c1cc(O)c(O)cc1COC2=O,8.0
Cc1cc(O)c(O)cc1-c1cc(O)cc(O)c1C(=O)O,8.42021640338319
COc1cc(O)c(C(=O)O)c(-c2cc(O)c(O)cc2C)c1,8.301029995663981
COc1cc(O)c2c(=O)oc3c(O)c(O)cc(C)c3c2c1,9.193820026016112
COc1cc(O)c2c(=O)oc3cc(O)cc(C)c3c2c1,8.958607314841775
Cc1cc(O)cc2oc(=O)c3c(O)cc(OS(=O)(=O)O)cc3c12,9.154901959985743
Cc1cc(O)cc2oc(=O)c3c(O)cc(O)cc3c12,9.0
COc1cc(C2=C(c3c[nH]c4ccccc34)C(=O)NC2=O)cc(OC)c1OC,8.602059991327963
COc1ccc(C2=C(c3cn(C)c4ccccc34)C(=O)NC2)cc1,4.508638306165727
COc1ccc(C2=C(c3c[nH]c4ccccc34)C(=O)NC2)cc1,4.886056647693163
COc1cc(C2=C(c3cn(C)c4ccccc34)C(=O)NC2)cc(OC)c1OC,4.823908740944319
COc1cc(C2=C(c3cn(CC(O)CO)c4ccccc34)CNC2=O)cc(OC)c1OC,5.376750709602099
COc1cc(C2=C(c3cn(CC4COC(C)(C)O4)c4ccccc34)CNC2=O)cc(OC)c1OC,5.096910013008056
COc1cc(C2=C(c3cn(COCc4ccccc4)c4ccccc34)CNC2=O)cc(OC)c1OC,5.795880017344075
COc1cc(C2=C(c3cn(COc4ccccc4)c4ccccc34)CNC2=O)cc(OC)c1OC,5.823908740944319
COc1cc(C2=C(c3cn(COC(C)(C)C)c4ccccc34)CNC2=O)cc(OC)c1OC,5.356547323513812
COc1cc(C2=C(c3cn(COC(C)C)c4ccccc34)CNC2=O)cc(OC)c1OC,5.2839966563652006
CCOCn1cc(C2=C(c3cc(OC)c(OC)c(OC)c3)C(=O)NC2)c2ccccc21,5.275724130399211
COCn1cc(C2=C(c3cc(OC)c(OC)c(OC)c3)C(=O)NC2)c2ccccc21,5.638272163982407
COc1cc(C2=C(c3cn(COCC[Si](C)(C)C)c4ccccc34)CNC2=O)cc(OC)c1OC,5.508638306165727
COc1cc(C2=C(c3c[nH]c4ccccc34)C(O)NC2=O)cc(OC)c1OC,5.229147988357856
COc1cc(C2=C(c3c[nH]c4ccccc34)C(=O)NC2)cc(OC)c1OC,4.958607314841775
COc1cc(C2=C(c3c[nH]c4ccccc34)CNC2=O)cc(OC)c1OC,7.508638306165727
Cc1cccc(Cl)c1Nc1nc2ccccc2n1-c1cc(Nc2ccc(CCN3CCOCC3)cn2)ncn1,5.99481948749622
Cc1nc(Nc2cc(-n3c(Nc4c(C)cccc4Cl)nc4ccccc43)ncn2)cc(N2CCN(CCO)CC2)n1,6.448550002027125
CCN1CCN(CC/C=C/c2ccc3c(Nc4ccc(Sc5nccn5C)c(Cl)c4)c(C#N)cnc3c2)CC1,6.0
Cc1[nH]c(/C=C2\C(=O)Nc3ccccc32)c(C)c1CCC(=O)O,6.167491087293763
Cc1[nH]c(/C=C2\C(=O)Nc3ccc(C(=O)NNc4ccccc4)cc32)c(C)c1CCC(=O)O,7.154901959985743
COc1cc(OC)cc(-c2ccc3c(c2)NC(=O)/C3=C\c2[nH]c(C)c(CCC(=O)O)c2C)c1,6.031517051446065
COc1cc2ncn(-c3cc(OCc4ccccc4C(F)(F)F)c(C(N)=O)s3)c2cc1OC,6.443697499232712
Nc1ncc(NC(=O)c2cc(NC(=O)c3cccc(C(F)(F)F)c3)ccc2Cl)cc1Cl,4.522878745280337
CN[C@@H]1C[C@H]2O[C@@](C)([C@@H]1OC)n1c3ccccc3c3c4c(c5c6ccccc6n2c5c31)C(=O)NC4,8.455931955649724
Cc1nc(N)sc1-c1ccnc(Nc2ccc(N3CCOCC3)cc2)n1,7.161150909262744
Cc1cc(Nc2cc(N3CCN(C)CC3)nc(/C=C/c3ccccc3)n2)n[nH]1,7.443697499232712
Cc1c(Nc2c(C#N)cnc3sc(/C=C/C(=O)N4CCCC4)cc23)ccc2[nH]ccc12,4.301029995663981
Oc1cc2c(cc1O)[C@@H]1c3ccc(O)c(O)c3OC[C@]1(O)C2,5.6777807052660805
Oc1ccc(C[C@@]2(O)COc3c(ccc(O)c3O)[C@H]2O)cc1O,5.6777807052660805
O=C1c2ccc(O)c(O)c2OC[C@]1(O)Cc1ccc(O)c(O)c1,5.214670164989233
Oc1ccc(CC2=Cc3ccc(O)c(O)c3OC2)cc1O,5.0655015487564325
Cc1n[nH]c2cc(N(C)c3ccnc(Nc4cccc(S(N)(=O)=O)c4)n3)ccc12,9.221848749616356
Cc1nc2cc(N(C)c3ccnc(Nc4cccc(S(N)(=O)=O)c4)n3)ccc2n1C,7.769551078621726
Cc1nc2ccc(N(C)c3ccnc(Nc4cccc(S(N)(=O)=O)c4)n3)cc2n1C,7.200659450546418
CN(c1ccc2cn(C)nc2c1)c1ccnc(Nc2cccc(S(N)(=O)=O)c2)n1,8.119186407719209
Cc1c2ccc(N(C)c3ccnc(Nc4cccc(S(N)(=O)=O)c4)n3)cc2nn1Cc1ccccc1,8.585026652029182
Cc1c2ccc(N(C)c3ccnc(Nc4cccc(S(N)(=O)=O)c4)n3)cc2nn1C.Cl.Cl,8.2518119729938
Cc1nn(C)c2cc(N(C)c3ccnc(Nc4cccc(S(N)(=O)=O)c4)n3)ccc12.Cl,7.443697499232712
Fc1cnc(Nc2cccc(Br)c2)nc1Nc1cccc(Br)c1,6.3979400086720375
COc1cc2ncnc(Nc3ccc(C)c(O)c3)c2cc1OC,9.221848749616356
Cc1ccc(Nc2ccnc(Nc3cccc(Br)c3)n2)cc1O,8.200659450546418
COc1cc2ncnc(Nc3ccc4c(C)n[nH]c4c3)c2cc1OC,8.769551078621726
COc1cc(Nc2nccc(Nc3ccc4c(C)n[nH]c4c3)n2)cc(OC)c1OC,8.200659450546418
Cc1ccc(Nc2nccc(N(C)c3ccc4c(C)n(C)nc4c3)n2)cc1S(N)(=O)=O,7.522878745280337
Cc1ccc(Nc2nccc(N(C)c3ccc4c(C)n(C)nc4c3)n2)cc1S(N)(=O)=O,8.096910013008056
O=C(c1ccccc1NCc1ccc2ncccc2c1)c1c[nH]c2ncccc12,5.0
O=C(c1ccccc1NCc1ccncc1)c1n[nH]c2ccccc12,5.795880017344075
O=C(c1ccccc1NCc1ccncc1)c1n[nH]c2ccccc12,6.060480747381382
O=C(c1ccccc1NCc1ccc2ncccc2c1)c1c[nH]c2ncccc12,5.107905397309519
O=C(c1ccccc1NCc1ccc2ncccc2c1)c1c[nH]c2ccncc12,5.0
O=C(c1ccccc1NCc1ccc2cnccc2c1)c1c[nH]c2ccccc12,5.0
O=C(c1ccccc1NCc1ccc2cn[nH]c2c1)c1c[nH]c2ccc(Cl)cc12,5.958607314841775
O=C(c1ccccc1NCc1ccc2cn[nH]c2c1)c1c[nH]c2cc(F)ccc12,5.823908740944319
O=C(c1ccccc1NCc1ccc2cn[nH]c2c1)c1c[nH]c2ccc(F)cc12,5.7447274948966935
Cc1[nH]c2ccccc2c1C(=O)c1ccccc1NCc1ccc2cn[nH]c2c1,5.0
Cc1cccc2c(C(=O)c3ccccc3NCc3ccc4cn[nH]c4c3)c[nH]c12,6.022276394711152
Cc1ccc2c(C(=O)c3ccccc3NCc3ccc4cn[nH]c4c3)c[nH]c2c1,6.6020599913279625
Cc1ccc2[nH]cc(C(=O)c3ccccc3NCc3ccc4cn[nH]c4c3)c2c1,6.060480747381382
O=C(c1ccccc1NCc1ccc2ncccc2c1)c1c[nH]c2ccc(Cl)cc12,5.4089353929735005
O=C(c1ccccc1NCc1ccc2ncccc2c1)c1c[nH]c2cc(F)ccc12,5.721246399047171
O=C(c1ccccc1NCc1ccc2ncccc2c1)c1c[nH]c2ccc(F)cc12,5.229147988357856
COc1ccc2c(C(=O)c3ccccc3NCc3ccc4ncccc4c3)c[nH]c2c1,5.721246399047171
COc1ccc2[nH]cc(C(=O)c3ccccc3NCc3ccc4ncccc4c3)c2c1,5.721246399047171
COc1cccc2[nH]cc(C(=O)c3ccccc3NCc3ccc4ncccc4c3)c12,5.0
Cc1[nH]c2ccccc2c1C(=O)c1ccccc1NCc1ccc2ncccc2c1,5.0
Cc1cccc2c(C(=O)c3ccccc3NCc3ccc4ncccc4c3)c[nH]c12,5.698970004336019
Cc1ccc2c(C(=O)c3ccccc3NCc3ccc4ncccc4c3)c[nH]c2c1,6.026872146400302
Cc1ccc2c(c1)c(C(=O)c1ccccc1NCc1ccc3ncccc3c1)cn2C,6.267606240177032
Cc1ccc2[nH]cc(C(=O)c3ccccc3NCc3ccc4ncccc4c3)c2c1,5.721246399047171
O=C(c1ccccc1NCc1ccc2ncccc2c1)c1c[nH]c2ccccc12,5.698970004336019
O=C(c1ccccc1NCc1ccc2cn[nH]c2c1)c1c[nH]c2ccccc12,6.853871964321762
O=C(c1ccccc1NCc1ccc2[nH]ncc2c1)c1c[nH]c2ccccc12,6.214670164989233
O=C(c1ccccc1NCc1ccncc1)c1c[nH]c2ccccc12,5.045757490560675
Cn1nc(C(=O)c2ccccc2NCc2ccc3cn[nH]c3c2)c2ccccc21,6.6020599913279625
COCCn1nc(C(=O)c2ccccc2NCc2ccc3cn[nH]c3c2)c2ccccc21,6.251811972993799
Cn1nc(C(=O)c2ccccc2NCc2ccc3ncccc3c2)c2ccccc21,5.070581074285707
O=C(c1ccccc1NCc1ccc2[nH]cnc2c1)c1n[nH]c2ccccc12,5.522878745280337
O=C(c1ccccc1NCc1ccc2c(c1)OCO2)c1n[nH]c2ccccc12,5.0
CC(=O)Nc1ccc(CNc2ccccc2C(=O)c2n[nH]c3ccccc23)cc1,5.0
O=C(c1ccccc1NCc1ccc2cnccc2c1)c1n[nH]c2ccccc12,5.0
O=C(c1ccccc1NCc1ccc2ncccc2c1)c1n[nH]c2ccccc12,6.638272163982407
O=C(c1ccccc1NCc1ccc2cn[nH]c2c1)c1n[nH]c2ccccc12,6.136677139879544
O=C(c1ccccc1NCc1ccc2[nH]ncc2c1)c1n[nH]c2ccccc12,6.096910013008056
O=C(c1ccccc1NCc1cn[nH]c1)c1n[nH]c2ccccc12,5.0
O=C(c1ccccc1NCc1ccc2cn[nH]c2c1)c1c[nH]c2ccc(Cl)cc12,6.080921907623926
O=C(c1ccccc1NCc1ccc2cn[nH]c2c1)c1c[nH]c2cc(F)ccc12,6.6020599913279625
O=C(c1ccccc1NCc1ccc2cn[nH]c2c1)c1c[nH]c2ccc(F)cc12,6.6020599913279625
Cc1cccc2c(C(=O)c3ccccc3NCc3ccc4cn[nH]c4c3)c[nH]c12,6.449771646944906
Cc1ccc2c(C(=O)c3ccccc3NCc3ccc4cn[nH]c4c3)c[nH]c2c1,7.119186407719209
Cc1ccc2[nH]cc(C(=O)c3ccccc3NCc3ccc4cn[nH]c4c3)c2c1,7.2839966563652006
O=C(c1ccccc1NCc1ccc2ncccc2c1)c1c[nH]c2ccc(Cl)cc12,6.251811972993799
O=C(c1ccccc1NCc1ccc2ncccc2c1)c1c[nH]c2cc(F)ccc12,6.0915149811213505
O=C(c1ccccc1NCc1ccc2ncccc2c1)c1c[nH]c2ccc(F)cc12,6.0
COc1ccc2c(C(=O)c3ccccc3NCc3ccc4ncccc4c3)c[nH]c2c1,6.180456064458132
COc1ccc2[nH]cc(C(=O)c3ccccc3NCc3ccc4ncccc4c3)c2c1,6.346787486224656
Cc1cccc2c(C(=O)c3ccccc3NCc3ccc4ncccc4c3)c[nH]c12,6.154901959985743
Cc1ccc2c(C(=O)c3ccccc3NCc3ccc4ncccc4c3)c[nH]c2c1,6.136677139879544
Cc1ccc2c(c1)c(C(=O)c1ccccc1NCc1ccc3ncccc3c1)cn2C,6.7447274948966935
Cc1ccc2[nH]cc(C(=O)c3ccccc3NCc3ccc4ncccc4c3)c2c1,6.795880017344075
O=C(c1ccccc1NCc1ccc2ncccc2c1)c1c[nH]c2ccccc12,6.0
O=C(c1ccccc1NCc1ccc2cn[nH]c2c1)c1c[nH]c2ccccc12,6.769551078621726
O=C(c1ccccc1NCc1ccc2[nH]ncc2c1)c1c[nH]c2ccccc12,6.619788758288394
O=C(c1ccccc1NCc1ccncc1)c1c[nH]c2ccccc12,5.6777807052660805
Cn1nc(C(=O)c2ccccc2NCc2ccc3cn[nH]c3c2)c2ccccc21,6.522878745280337
COCCn1nc(C(=O)c2ccccc2NCc2ccc3cn[nH]c3c2)c2ccccc21,5.7447274948966935
Cn1nc(C(=O)c2ccccc2NCc2ccc3ncccc3c2)c2ccccc21,5.0
O=C(c1ccccc1NCc1ccc2[nH]cnc2c1)c1n[nH]c2ccccc12,6.508638306165727
O=C(c1ccccc1NCc1ccc2c(c1)OCO2)c1n[nH]c2ccccc12,5.585026652029182
O=C(c1ccccc1NCc1ccc2ncccc2c1)c1n[nH]c2ccccc12,6.886056647693163
O=C(c1ccccc1NCc1ccc2cn[nH]c2c1)c1n[nH]c2ccccc12,7.130768280269024
O=C(c1ccccc1NCc1ccc2[nH]ncc2c1)c1n[nH]c2ccccc12,6.920818753952375
COc1cc2/c(=N/c3ccc(Br)cc3F)nc[nH]c2cc1OCC1CCN(C)CC1,7.0
CCN1C(=O)C(C)(C)c2cc3[nH]c4c(c3cc21)CCCc1c(C)n[nH]c1-4,7.920818753952375
N=C(Nc1ccccc1)SCCCN1C(=O)C2=C(C1=O)n1ccc3cccc(c31)C1Cc3ccccc3N21,5.366531544420414
N=C(N)SCCCn1c(=O)c2c(c1=O)n1c3ccccc3cc1c1cccc3ccn2c31,5.3872161432802645
O=c1[nH]cnc2[nH]c(-c3ccnc(/C=C/c4ccc(CN5CCOCC5)cc4)c3)cc12,7.0
CN(C)CCOc1ccc(/C=C/c2cc(-c3cc4c(=O)[nH]cnc4[nH]3)ccn2)cc1,6.721246399047171
Clc1ccc(Nc2nnc(Cc3ccncc3)c3ccccc23)cc1,7.267606240177032
O=C(Nc1cccc(C(F)(F)F)c1)c1ccccc1NCc1ccncc1,7.494850021680094
O=C(Nc1cccc(C(F)(F)F)c1)c1nscc1NCc1ccncc1,7.3872161432802645
O=C(Nc1cccc(C(F)(F)F)c1)c1nscc1NCc1cccnc1,5.373659632624958
O=C(Nc1cccc(C(F)(F)F)c1)c1nscc1NCc1ccccn1,5.0
O=C(Nc1ccc(C(F)(F)F)cc1)c1nscc1NCc1ccncc1,6.6777807052660805
O=C(Nc1ccc(C(F)(F)F)cc1)c1nscc1NCc1cccnc1,5.0
O=C(Nc1ccc(C(F)(F)F)cc1)c1nscc1NCc1ccccn1,5.0
O=C(Nc1cccc(OC(F)(F)F)c1)c1nscc1NCc1ccncc1,7.481486060122112
O=C(Nc1ccc(OC(F)(F)F)cc1)c1nscc1NCc1ccncc1,6.337242168318426
CC(C)(C)c1cccc(NC(=O)c2nscc2NCc2ccncc2)c1,7.455931955649724
CC(C)(C)c1ccc(NC(=O)c2nscc2NCc2ccncc2)cc1,6.443697499232712
O=C(Nc1ccc(Cl)cc1)c1nscc1NCc1ccncc1,6.853871964321762
O=C(Nc1cccc(Br)c1)c1nscc1NCc1ccncc1,7.568636235841013
O=C(Nc1ccc(Br)cc1)c1nscc1NCc1ccncc1,6.638272163982407
O=C(Nc1ccccc1Br)c1nscc1NCc1ccncc1,5.0
O=C(Nc1ccc2ccccc2n1)c1nscc1NCc1ccncc1,6.356547323513812
O=C(NC1=CC2C=NNC2C=C1)c1nscc1NCc1ccncc1,6.086186147616283
O=C(Nc1ccc(Cl)c(C(F)(F)F)c1)c1nscc1NCc1ccncc1,6.638272163982407
O=C(Nc1ccc(C(F)(F)F)c(Cl)c1)c1nscc1NCc1ccncc1,6.050609993355087
O=C(Nc1ccc(Cl)c(Cl)c1)c1nscc1NCc1ccncc1,6.173925197299173
Cc1ccc(NC(=O)c2nscc2NCc2ccncc2)cc1C(F)(F)F,7.366531544420414
Cc1cc(NC(=O)c2nscc2NCc2ccncc2)ccc1C(F)(F)F,6.309803919971486
Cc1ccc(NC(=O)c2nscc2NCc2ccncc2)c(F)c1,5.703334809738469
O=C(NCc1ccc2c(c1)OCO2)c1nscc1NCc1ccncc1,6.187086643357144
O=C(Nc1cccc(C(F)(F)F)c1)c1nscc1NCc1ccc(F)c(F)c1,5.0
O=C(Nc1cccc(C(F)(F)F)c1)c1nscc1NCCc1ccc2c(c1)OCO2,5.0
O=C(Nc1cccc(Br)c1)c1nscc1NCCc1ccc2c(c1)OCO2,5.0
O=C(Nc1cccc(Br)c1)c1nscc1NCc1ccnc2ccccc12,6.823908740944319
O=C(Nc1cccc(C(F)(F)F)c1)c1nscc1NCc1ccnc2ccccc12,6.958607314841775
O=C(Nc1cccc(Br)c1)c1nscc1NCc1cnoc1,5.0
O=C(Nc1cccc(Br)c1)c1nscc1NCc1ccc2ccccc2n1,5.0
Clc1ccc(Nc2nnc(Cc3ccncc3)c3ccccc23)cc1,7.6777807052660805
O=C(Nc1cccc(C(F)(F)F)c1)c1ccccc1NCc1ccncc1,7.045757490560675
O=C(Nc1cccc(C(F)(F)F)c1)c1nscc1NCc1ccncc1,7.267606240177032
O=C(Nc1cccc(C(F)(F)F)c1)c1nscc1NCc1cccnc1,5.0
O=C(Nc1cccc(C(F)(F)F)c1)c1nscc1NCc1ccccn1,5.0
O=C(Nc1ccc(C(F)(F)F)cc1)c1nscc1NCc1ccncc1,5.815308569182402
O=C(Nc1ccc(C(F)(F)F)cc1)c1nscc1NCc1cccnc1,5.0
O=C(Nc1ccc(C(F)(F)F)cc1)c1nscc1NCc1ccccn1,5.0
O=C(Nc1cccc(OC(F)(F)F)c1)c1nscc1NCc1ccncc1,7.3872161432802645
O=C(Nc1ccc(OC(F)(F)F)cc1)c1nscc1NCc1ccncc1,6.113509274827518
CC(C)(C)c1cccc(NC(=O)c2nscc2NCc2ccncc2)c1,7.086186147616283
CC(C)(C)c1ccc(NC(=O)c2nscc2NCc2ccncc2)cc1,5.939302159646388
O=C(Nc1ccc(Cl)cc1)c1nscc1NCc1ccncc1,6.376750709602099
O=C(Nc1cccc(Br)c1)c1nscc1NCc1ccncc1,6.6777807052660805
O=C(Nc1ccc(Br)cc1)c1nscc1NCc1ccncc1,5.982966660701219
O=C(Nc1ccccc1Br)c1nscc1NCc1ccncc1,5.0
O=C(Nc1ccc2ccccc2n1)c1nscc1NCc1ccncc1,6.113509274827518
O=C(NC1=CC2C=NNC2C=C1)c1nscc1NCc1ccncc1,5.0
O=C(Nc1ccc(Cl)c(C(F)(F)F)c1)c1nscc1NCc1ccncc1,6.275724130399211
O=C(Nc1ccc(C(F)(F)F)c(Cl)c1)c1nscc1NCc1ccncc1,5.688246138944246
O=C(Nc1ccc(Cl)c(Cl)c1)c1nscc1NCc1ccncc1,5.954677021213342
Cc1ccc(NC(=O)c2nscc2NCc2ccncc2)cc1C(F)(F)F,7.251811972993799
Cc1cc(NC(=O)c2nscc2NCc2ccncc2)ccc1C(F)(F)F,6.1487416512809245
Cc1ccc(NC(=O)c2nscc2NCc2ccncc2)c(F)c1,5.723538195826756
O=C(NCc1ccc2c(c1)OCO2)c1nscc1NCc1ccncc1,6.102372908709558
O=C(Nc1cccc(C(F)(F)F)c1)c1nscc1NCc1ccc(F)c(F)c1,5.0
O=C(Nc1cccc(C(F)(F)F)c1)c1nscc1NCCc1ccc2c(c1)OCO2,5.0
O=C(Nc1cccc(Br)c1)c1nscc1NCCc1ccc2c(c1)OCO2,5.0
O=C(Nc1cccc(Br)c1)c1nscc1NCc1ccnc2ccccc12,6.568636235841013
O=C(Nc1cccc(C(F)(F)F)c1)c1nscc1NCc1ccnc2ccccc12,6.4089353929735005
O=C(Nc1cccc(Br)c1)c1nscc1NCc1cnoc1,5.0
O=C(Nc1cccc(Br)c1)c1nscc1NCc1ccc2ccccc2n1,5.0
Clc1ccc(Nc2nnc(Cc3ccncc3)c3ccccc23)cc1,7.376750709602099
Clc1ccc(Nc2nnc(Cc3ccncc3)c3ccccc23)cc1,7.795880017344075
O=C(Nc1cccc(C(F)(F)F)c1)c1ccccc1NCc1ccncc1,7.638272163982407
O=C(Nc1cccc(C(F)(F)F)c1)c1ccccc1NCc1ccncc1,8.920818753952375
CNc1nccc(-c2cccnc2Oc2ccc(NC(=O)Nc3cccc(C(F)(F)F)c3)cc2C)n1,7.468521082957745
CNc1nccc(-c2cccnc2Oc2ccc(Nc3nc4ccccc4[nH]3)cc2C)n1,4.6020599913279625
CNc1nccc(-c2cccnc2Oc2ccc(NC(=O)Nc3ccccc3)cc2C)n1,5.119186407719209
CNc1nccc(-c2cccnc2Oc2ccc(Nc3nc4ccc(C(F)(F)F)cc4[nH]3)cc2C)n1,5.221848749616356
CNc1nccc(-c2cccnc2Oc2cc(C(=O)Nc3cc(C(F)(F)F)ccc3N3CCOCC3)ccc2C)n1,6.508638306165727
CNc1nccc(-c2cccnc2Oc2c(C)cc(Nc3nc4ccccc4[nH]3)c3ccccc23)n1,5.301029995663981
CNc1nccc(-c2cccnc2Oc2ccc(Nc3nc4ccccc4s3)c3ccccc23)n1,7.055517327849832
CNc1nccc(-c2cccnc2Oc2ccc(Nc3nc4ccccc4o3)c3ccccc23)n1,7.522878745280337
CNc1nccc(-c2cccnc2Oc2ccc(Nc3nc4ccccc4n3C)c3ccccc23)n1,6.6020599913279625
CNc1nccc(-c2cccnc2Oc2ccc(Nc3nc4ccc(C(F)(F)F)cc4[nH]3)c3ccccc23)n1,7.161150909262744
CNc1nccc(-c2cccnc2Oc2ccc(Nc3nc4cccc(C)c4[nH]3)c3ccccc23)n1,5.804100347590766
CNc1nccc(-c2cccnc2Oc2ccc(NC(=O)Nc3ccccc3)c3ccccc23)n1,7.3979400086720375
CNc1nccc(-c2cccnc2Oc2ccc(Nc3nc4ccccc4[nH]3)c3ccccc23)n1,5.853871964321762
CNc1nccc(-c2cccnc2Oc2ccc(Nc3nc4ccccc4[nH]3)c(C)c2C)n1,4.6020599913279625
CNc1nccc(-c2cccnc2Oc2ccc(Nc3nc4ccccc4[nH]3)c(C)c2)n1,4.6020599913279625
CNc1nccc(-c2cccnc2Oc2ccc(Nc3nc4ccccc4[nH]3)cc2)n1,4.6020599913279625
Cl.N[C@@H](CCCCN/C=C1\C(=O)Nc2ccccc21)C(=O)O,5.0
Cl.N[C@@H](CCCCN/C=C1\C(=O)Nc2ccc(Br)cc21)C(=O)O,5.0
Cl.N[C@@H](CCCN/C=C1\C(=O)Nc2ccc(Br)cc21)C(=O)O,5.0
Cl.N[C@@H](CCCN/C=C1\C(=O)Nc2ccccc21)C(=O)O,5.0
CNC(=O)c1nn(C)c2c1C(C)(C)Cc1cnc(Nc3ccc(N4CCN(C)CC4)cc3)nc1-2,5.0
COC(=O)Nc1ccc(-c2nc(N3CCOCC3)c3cnn(C4CCN(C(=O)OC)CC4)c3n2)cc1,4.301029995663981
COc1cc(O)c2c(c1)C(=O)C1=C(C2=O)[C@H](O)[C@@H](O)[C@@](C)(O)[C@@H]1O,8.136677139879543
COc1cc2c(c(O)c1-c1c(OC)cc(O)c3c1C(=O)C1=C(C3=O)[C@H](O)[C@@H](O)[C@@](C)(O)[C@@H]1O)C(=O)c1cc(O)c(C)cc1C2=O,8.468521082957745
COc1cc(O)c2c(c1)C(=O)c1cc(C)c(O)cc1C2=O,8.619788758288394
COc1cc(O)c2c(c1)C(=O)c1cc(C)c(O)c(O)c1C2=O,8.920818753952375
CCOC(=O)c1cnn2c(-c3cccc(NC(=O)c4cccc(C(F)(F)F)c4)c3)ccnc12,5.0
Nc1ncnc2c1c(-c1cccc(OCc3ccccc3)c1)cn2[C@H]1C[C@H](N2CCCC2)C1,5.0
Cc1ccc2c(Nc3ccc(Cl)cc3)nccc2c1Nc1ncccc1-c1ncnc2[nH]cnc12.Cl.Cl.Cl,6.0
CNc1ncc2cc(-c3c(C)ccc4c(Nc5ccc6c(c5)NC(=O)C6(C)C)nccc34)ccc2n1,6.619788758288394
CNc1ncc2cc(-c3c(C)ccc4c(Nc5cc(C(C)(C)C)nn5C)nccc34)ccc2n1,6.638272163982407
CNc1ncc2cc(-c3c(C)ccc4c(Nc5ccc(Cl)cc5)nccc34)ccc2n1,4.6020599913279625
CNc1cc(-c2cccnc2Nc2c(C)ccc3c(Nc4ccc5sc(C)nc5c4)nccc23)ncn1,6.769551078621726
C#Cc1cccc(Nc2nccc3c(Nc4ncccc4-c4cc(NC)ncn4)c(C)ccc23)c1,6.376750709602099
CNc1cc(-c2cccnc2Nc2c(C)ccc3c(Nc4ccc(C#N)cc4)nccc23)ncn1,6.0
CNc1cc(-c2cccnc2Nc2c(C)ccc3c(Nc4ccc(Cl)cc4)nccc23)ncn1,6.522878745280337
Cc1ccc2c(Nc3ccc(Cl)cc3)nccc2c1Nc1ncccc1-c1ccncn1,4.6020599913279625
Cc1ccc2c(Nc3cccc(C(F)(F)F)c3)nccc2c1Nc1ncccc1-c1ccncn1,6.119186407719209
CNc1ncc2cc(-c3cc(C(=O)Nc4cccc(C(F)(F)F)c4)ccc3C)ccc2n1,9.0
Cc1ccc(C(=O)Nc2cccc(C(F)(F)F)c2)cc1Nc1ncccc1-c1ccncn1,8.3767507096021
Cc1ccc(-c2ccc3occ(-c4ccc([S@+](C)[O-])cc4)c3c2)o1,5.0
CC[S@+]([O-])c1ccc(-c2coc3ccc(-c4ccc(C)o4)cc23)cc1,5.0
O=C1OC(/C=C/c2ccccc2)=N/C1=C\c1cccnc1,5.0
C=CC(=O)N1CCC[C@H]1C(=O)Nc1cc2c(Nc3ccc(F)c(Cl)c3F)ncnc2cc1OCCOC,6.221848749616356
C=CC(=O)N1CCC[C@H]1C(=O)Nc1cc2c(Nc3cccc(Cl)c3F)ncnc2cc1OCCOC,5.886056647693163
CC1(C)CC(NC(=O)c2cccc(-c3cc4nccc(Nc5cccc(O)c5)n4n3)c2)CC(C)(C)N1[O],8.481486060122112
O=C(CC(=O)Nc1ccc(Oc2ccnc3ccsc23)c(F)c1)Nc1ccccc1,6.698970004336019
O=C(CC(=O)Nc1ccc(Oc2ccnc3cc(C(=O)N4CCCC4)sc23)c(F)c1)Nc1ccccc1,8.397940008672037
CN(C)[C@@H]1CCN(C(=O)c2cc3nccc(Oc4ccc(NC(=O)CC(=O)Nc5ccccc5)cc4F)c3s2)C1,7.050609993355087
Cn1ccnc1C(=O)c1cc2nccc(Oc3ccc(NC(=O)CC(=O)Nc4ccccc4)cc3F)c2s1,7.301029995663981
Cn1cnc(C(=O)c2cc3nccc(Oc4ccc(NC(=O)CC(=O)Nc5ccccc5)cc4F)c3s2)c1,7.522878745280337
CCn1cnc(C(=O)c2cc3nccc(Oc4ccc(NC(=O)CC(=O)Nc5ccccc5)cc4F)c3s2)c1,8.301029995663981
CN(C)CCn1cnc(C(=O)c2cc3nccc(Oc4ccc(NC(=O)CC(=O)Nc5ccccc5)cc4F)c3s2)c1,8.221848749616356
O=C(O)Cn1cnc(C(=O)c2cc3nccc(Oc4ccc(NC(=O)CC(=O)Nc5ccccc5)cc4F)c3s2)c1,7.721246399047171
CCn1cnc(-c2cc3nccc(Oc4ccc(NC(=O)CC(=O)NC5CCCCC5)cc4F)c3s2)c1,8.0
CCn1cnc(-c2cc3nccc(Oc4ccc(NC(=O)CC(=O)Nc5ccccc5F)cc4F)c3s2)c1,7.7447274948966935
CCn1cnc(-c2cc3nccc(Oc4ccc(NC(=O)CC(=O)Nc5cccc(F)c5)cc4F)c3s2)c1,8.0
CCn1cnc(-c2cc3nccc(Oc4ccc(NC(=O)CC(=O)Nc5ccc(F)cc5)cc4F)c3s2)c1,8.301029995663981
CCn1cnc(-c2cc3nccc(Oc4ccc(NC(=O)CC(=O)Nc5ccccc5OC)cc4F)c3s2)c1,8.221848749616356
CCn1cnc(-c2cc3nccc(Oc4ccc(NC(=O)CC(=O)Nc5ccccc5C(F)(F)F)cc4F)c3s2)c1,7.886056647693163
CCn1cnc(-c2cc3nccc(Oc4ccc(NC(=O)CC(=O)Nc5ccccc5O)cc4F)c3s2)c1,8.154901959985743
CCn1cnc(-c2cc3nccc(Oc4ccc(NC(=O)C5(C(=O)Nc6ccccc6)CC5)cc4F)c3s2)c1,8.096910013008056
CCn1cnc(-c2cc3nccc(Oc4ccc(NC(=O)CC(=O)N(C)c5ccccc5)cc4F)c3s2)c1,8.221848749616356
CCn1cnc(-c2cc3nccc(Oc4ccc(NC(=O)C5(C(=O)Nc6ccccc6F)CC5)cc4F)c3s2)c1,7.823908740944319
CCn1cnc(-c2cc3nccc(Oc4ccc(NC(=O)C5(C(=O)Nc6ccccc6)CC5)cc4F)c3s2)c1,9.0
CN1CCN(c2nc(C3=C(c4c[nH]c5ccccc45)C(=O)NC3=O)c3ccccc3n2)CC1,5.4089353929735005
Cc1cc2ncc(-c3ccccc3)nc2cc1C,5.207608310501746
COc1ccccc1C(Cc1coc2nc(N)nc(N)c12)C(C)C,5.301029995663981
COc1ccccc1/C(C)=C/c1coc2nc(N)nc(N)c12,4.987162775294828
CCCC(=Cc1coc2nc(=N)[nH]c(N)c12)c1ccccc1OC,4.749579997691106
COc1ccccc1C(Cc1coc2nc(N)nc(N)c12)C1CC1,4.863279432843593
COc1ccccc1/C(C)=C\c1coc2nc(N)nc(N)c12,4.518557371497695
COc1ccccc1C(=Cc1coc2nc(=N)[nH]c(N)c12)C(C)C,3.3010299956639813
COc1ccccc1C(=Cc1coc2nc(=N)[nH]c(N)c12)C1CC1,3.3010299956639813
CCCCC(=Cc1coc2nc(=N)[nH]c(N)c12)c1ccccc1OC,3.3010299956639813
COc1ccccc1C(=Cc1coc2nc(=N)[nH]c(N)c12)CC(C)C,3.3010299956639813
CCC(C)C(=Cc1coc2nc(=N)[nH]c(N)c12)c1ccccc1OC,3.3010299956639813
CCCC(Cc1coc2nc(N)nc(N)c12)c1ccccc1OC,3.3010299956639813
CCCCC(Cc1coc2nc(N)nc(N)c12)c1ccccc1OC,3.3010299956639813
COc1ccccc1C(Cc1coc2nc(N)nc(N)c12)CC(C)C,3.3010299956639813
CCC(C)C(Cc1coc2nc(N)nc(N)c12)c1ccccc1OC,3.3010299956639813
O=C1Nc2ccccc2/C1=C/c1ccc(F)cc1,5.017728766960431
Cc1cc(C)c(/C=C2\C(=O)Nc3ccccc32)[nH]1,6.958607314841775
COc1cc2ncnc(Nc3ccc(-c4nc5ccccc5s4)cc3)c2cc1OC,5.200659450546418
COc1cc2ncnc(Nc3ccc(-c4nc5ccccc5s4)cc3C)c2cc1OC,5.468521082957745
COc1cc2ncnc(Nc3ccc(-c4nc5ccccc5s4)cc3O)c2cc1OC,5.161150909262744
COc1cc(-c2nc3ccccc3s2)ccc1Nc1ncnc2cc(OC)c(OC)cc12,5.0
COc1cc2c(Nc3ccc(-c4nc5ccccc5s4)cc3)ncnc2cc1OCCCN1CCN(C)CC1,7.920818753952375
COc1cc2c(Nc3ccc(-c4nc5ccccc5s4)cc3C)ncnc2cc1OCCCN1CCN(C)CC1,6.6020599913279625
COc1cc2c(Nc3ccc(-c4nc5ccccc5s4)cc3O)ncnc2cc1OCCCN1CCN(C)CC1,6.552841968657781
COc1cc(-c2nc3ccccc3s2)ccc1Nc1ncnc2cc(OCCCN3CCN(C)CC3)c(OC)cc12,5.481486060122113
COc1cc2c(Nc3ccc(-c4nc5ccccc5s4)cc3OC(F)(F)F)ncnc2cc1OCCCN1CCN(C)CC1,5.0
COc1cc2c(Nc3ccc(-c4nc5ccccc5s4)cc3F)ncnc2cc1OCCCN1CCN(C)CC1,7.2076083105017466
COc1cc2c(Nc3ccc(-c4nc5ccccc5s4)c(C)c3)ncnc2cc1OCCCN1CCN(C)CC1,6.455931955649724
COc1cc2c(Nc3ccc(-c4nc5ccccc5s4)c(O)c3)ncnc2cc1OCCCN1CCN(C)CC1,6.42021640338319
COc1cc2c(Nc3ccc(-c4nc5ccccc5s4)c(OC)c3)ncnc2cc1OCCCN1CCN(C)CC1,5.920818753952375
COc1cc2c(Nc3ccc(-c4nc5ccccc5s4)c(F)c3)ncnc2cc1OCCCN1CCN(C)CC1,7.356547323513812
COc1cc2c(Nc3ccc(-c4nc5ccccc5s4)c(Cl)c3)ncnc2cc1OCCCN1CCN(C)CC1,6.920818753952375
COc1ccc2nc(-c3ccc(Nc4ncnc5cc(OCCCN6CCN(C)CC6)c(OC)cc45)cc3)sc2c1,6.161150909262744
COc1cc2c(Nc3ccc(-c4nc5ccc(F)cc5s4)cc3)ncnc2cc1OCCCN1CCN(C)CC1,6.474955192963154
COc1cc2c(Nc3ccc(-c4nc5ccc(Cl)cc5s4)cc3)ncnc2cc1OCCCN1CCN(C)CC1,5.6020599913279625
COc1cc2c(Nc3ccc(-c4nc5cc(Cl)ccc5s4)cc3)ncnc2cc1OCCCN1CCN(C)CC1,6.214670164989233
COc1cc2c(Nc3ccc(-c4nc5cc(C(F)(F)F)ccc5s4)cc3)ncnc2cc1OCCCN1CCN(C)CC1,5.0
COc1cc2c(Nc3ccc(-c4nc5ccc(Cl)cc5s4)cc3F)ncnc2cc1OCCCN1CCN(C)CC1,5.647817481888637
COc1cc2c(N(C)c3ccc(-c4nc5ccccc5s4)c(OC)c3)ncnc2cc1OCCCN1CCN(C)CC1,5.0
COc1cc2c(Oc3ccc(-c4nc5ccccc5s4)cc3F)ncnc2cc1OCCCN1CCN(C)CC1,6.376750709602099
COc1cc2c(Oc3ccc(-c4nc5ccccc5s4)cc3)ncnc2cc1OCCCN1CCN(C)CC1,6.8326826652518236
COc1cc2c(Oc3ccc(-c4nc5ccccc5s4)cc3)ncnc2cc1OCCCN1CCCC1,6.455931955649724
NCCn1cc(-c2cc(-c3cc4ccccc4s3)c3[nH]ncc3c2)c2nc(N)ncc21,5.0
Cc1c(Nc2c(C#N)cncc2/C=C/CCN2CCC[C@@H](N)C2)ccc2[nH]ccc12,5.42021640338319
Cn1cnc(-c2cc3nccc(Oc4ccc(NC(=O)CC(=O)Nc5ccccc5)cc4F)c3s2)c1,7.698970004336019
CN(C(=O)CC(=O)Nc1ccc(Oc2ccnc3cc(-c4cn(C)cn4)sc23)c(F)c1)c1ccccc1,8.0
Cn1cnc(-c2cc3nccc(Oc4ccc(NC(=O)CC(Nc5ccccc5)C(F)(F)F)cc4F)c3s2)c1,6.6777807052660805
Cn1cnc(-c2cc3nccc(Oc4ccc(NC(CC(=O)Nc5ccccc5)C(F)(F)F)cc4F)c3s2)c1,8.0
COc1ccccc1NC(=O)CC(Nc1ccc(Oc2ccnc3cc(-c4cn(C)cn4)sc23)c(F)c1)C(F)(F)F,7.698970004336019
Cn1cnc(-c2cc3nccc(Oc4ccc(NC(CC(=O)Nc5ccc(F)cc5)C(F)(F)F)cc4F)c3s2)c1,7.698970004336019
Cn1cnc(-c2cc3nccc(Oc4ccc(NC(CC(=O)Nc5ccc(F)cc5)C(F)(F)F)cc4)c3s2)c1,7.698970004336019
COc1cc2ncnc(Oc3ccc(NC(=O)CC(Nc4ccccc4)C(F)(F)F)cc3F)c2cc1OC,6.0655015487564325
COc1cc2nccc(Oc3ccc(NC(=O)CC(Nc4ccccc4)C(F)(F)F)cc3F)c2cc1OC,6.443697499232712
COc1cc2nccc(Oc3ccc(NC(CC(=O)Nc4ccccc4)C(F)(F)F)cc3F)c2cc1OC,7.522878745280337
O=C(CC(Nc1ccc(F)cc1)C(F)(F)F)Nc1ccc(Oc2cc(NC(=O)N3CCCC3)ncn2)c(F)c1,5.920818753952375
O=C(CC(Nc1ccc(Oc2cc(NC(=O)N3CCCC3)ncn2)c(F)c1)C(F)(F)F)Nc1ccccc1,7.3979400086720375
COc1cc(C2=C(c3c[nH]c4ccc(I)cc34)C(=O)NC2=O)cc(OC)c1OC,7.603975103391407
COc1cc(C2=C(c3c[nH]c4ccc(Br)cc34)C(=O)NC2=O)cc(OC)c1OC,7.647817481888637
COc1cc(C2=C(c3c[nH]c4ccccc34)C(=O)NC2=O)cc(OC)c1OC,7.585026652029182
COc1cc(C2=C(c3c[nH]c4ccc(F)cc34)C(=O)NC2=O)cc(OC)c1OC,7.086186147616283
C[C@@H](Oc1ccc2ncccc2c1)c1c(Cl)ccc(F)c1Cl,4.638272163982407
CC(Oc1ccc2ncc(/C=C/C(=O)O)cc2c1)c1c(Cl)ccc(F)c1Cl,4.301029995663981
CC(Oc1ccc2ncc(/C=C/CN)cc2c1)c1c(Cl)ccc(F)c1Cl,4.481486060122113
CC(Oc1ccc2ncc(CCC(N)=O)cc2c1)c1c(Cl)ccc(F)c1Cl,4.301029995663981
CC(Oc1ccc2ncc(/C=C/C(=O)N(C)C)cc2c1)c1c(Cl)ccc(F)c1Cl,4.301029995663981
CNC(=O)/C=C/c1cnc2ccc(OC(C)c3c(Cl)ccc(F)c3Cl)cc2c1,4.301029995663981
CC(Oc1ccc2ncc(/C=C/C(N)=O)cc2c1)c1c(Cl)ccc(F)c1Cl,4.585026652029182
C[C@H](Oc1ccc2ncccc2c1)c1c(Cl)ccc(F)c1Cl,4.301029995663981
C[C@@H](Oc1cc(-c2cnn(C3CCNCC3)c2)cnc1N)c1c(Cl)ccc(F)c1Cl,5.0
CC(Oc1ccc2ncccc2c1)c1c(Cl)ccc(F)c1Cl,4.494850021680094
C[C@@H](Oc1ccc2ncc(/C=C/C(N)=O)cc2c1)c1c(Cl)ccc(F)c1Cl,4.958607314841775
CC(=O)N1CCC(Nc2ncc3c(n2)-c2c(c(C(N)=O)nn2C)CC3)CC1,5.0
Cn1nc(C(N)=O)c2c1-c1nc(NC3CCN(C(=O)c4ccccc4)CC3)ncc1CC2,5.0
CNC(=O)c1nn(C)c2c1CCc1cnc(NC3CCN(C(=O)C4CCN(S(C)(=O)=O)CC4)CC3)nc1-2,5.0
C#Cc1cccc(Nc2ncnc3cc(OC)c(OCCCCCCC(=O)NO)cc23)c1,6.071092309756048
O=C1Cc2c([nH]c3ccc(Br)cc23)-c2ccccc2N1,4.0
O=C1Cc2cnc3ccnn3c2-c2ccccc2N1,4.920818753952375
O=C1Cc2cnc3cc(-c4ccccc4)nn3c2-c2ccccc2N1,6.200659450546418
COc1ccc2c(c1)NC(=O)Cc1cnc3ccnn3c1-2,5.0655015487564325
COc1ccc2c(c1)NC(=O)Cc1cnc3cc(-c4ccccc4)nn3c1-2,5.7447274948966935
O=C1Cc2cnc3cc(-c4ccccc4)nn3c2-c2cnccc2N1,5.698970004336019
O=C1Cc2cnc3ccnn3c2-c2ncccc2N1,4.060480747381382
O=C1Cc2cnc3cc(-c4ccccc4)nn3c2-c2ncccc2N1,4.795880017344075
COc1ccc2c(c1)NC(=O)Cc1cnc3ncnn3c1-2,4.0
O=C1Cc2cnc3ncnn3c2-c2ncccc2N1,4.0
O=C1Cc2cc3c(=O)[nH]c(=O)[nH]c3nc2-c2ccccc2N1,4.0
Cn1c(=O)c2cc3c(nc2n(C)c1=O)-c1ccccc1NC(=O)C3,4.0
COc1ccc2c(c1)NC(=O)Cc1cc3c(=O)[nH]c(=O)[nH]c3nc1-2,4.0
COc1ccc2c(c1)NC(=O)Cc1cc3c(=O)n(C)c(=O)n(C)c3nc1-2,4.0
O=C1Cc2cc3c(=O)[nH]c(=O)[nH]c3nc2-c2cnccc2N1,4.0
Cn1c(=O)c2cc3c(nc2n(C)c1=O)-c1cnccc1NC(=O)C3,4.0
O=C1Cc2cc3c(=O)[nH]c(=O)[nH]c3nc2-c2ncccc2N1,4.180456064458132
Cn1c(=O)c2cc3c(nc2n(C)c1=O)-c1ncccc1NC(=O)C3,4.0
O=C1Cc2cnc(Nc3ccccc3)nc2-c2ccccc2N1,6.853871964321762
O=C1Cc2cnc(Nc3ccc(I)cc3)nc2-c2ccccc2N1,6.3979400086720375
COc1ccc(Nc2ncc3c(n2)-c2ccccc2NC(=O)C3)cc1,7.022276394711152
O=C1Cc2cnc(Nc3ccc(Cl)cc3)nc2-c2ccccc2N1,6.721246399047171
O=C1Cc2cnc(Nc3ccc([N+](=O)[O-])cc3)nc2-c2ccccc2N1,6.481486060122113
Cc1ccc(Nc2ncc3c(n2)-c2ccccc2NC(=O)C3)cc1,6.721246399047171
O=C1Cc2cnc(Nc3ccc(O)cc3)nc2-c2ccccc2N1,7.096910013008056
O=C1Cc2cnc(Nc3ccc(Br)cc3)nc2-c2ccccc2N1,6.5376020021010435
CCOc1ccc(Nc2ncc3c(n2)-c2ccccc2NC(=O)C3)cc1,6.886056647693163
O=C1Cc2cnc(Nc3cccc(O)c3)nc2-c2ccccc2N1,7.292429823902063
O=C1Cc2cnc(Nc3ccccc3Cl)nc2-c2ccccc2N1,5.214670164989233
O=C1Cc2cnc(Nc3ccccc3Br)nc2-c2ccccc2N1,4.2441251443275085
O=C1Cc2cnc(Nc3ccccc3O)nc2-c2ccccc2N1,6.275724130399211
COc1ccc(Nc2ncc3c(n2)-c2ccccc2NC(=O)C3)cc1O,7.136677139879544
O=C1Cc2cnc(Nc3ccc(O)c(Cl)c3)nc2-c2ccccc2N1,7.455931955649724
Cc1cc(O)ccc1Nc1ncc2c(n1)-c1ccccc1NC(=O)C2,5.920818753952375
COc1ccc2c(c1)NC(=O)Cc1cnc(Nc3ccc(O)cc3)nc1-2,7.552841968657781
COc1ccc(Nc2ncc3c(n2)-c2ccc(OC)cc2NC(=O)C3)cc1,7.301029995663981
CCOc1ccc(Nc2ncc3c(n2)-c2ccc(OC)cc2NC(=O)C3)cc1,7.2839966563652006
COc1ccc2c(c1)NC(=O)Cc1cnc(Nc3cccc(O)c3)nc1-2,7.823908740944319
COc1ccc2c(c1)NC(=O)Cc1cnc(Nc3ccc(OC)c(O)c3)nc1-2,7.7447274948966935
COc1ccc2c(c1)NC(=O)Cc1cnc(Nc3ccc(O)c(Cl)c3)nc1-2,7.958607314841775
O=C1Cc2cnc(Nc3ccc(O)cc3)nc2-c2cnccc2N1,6.886056647693163
COc1ccc(Nc2ncc3c(n2)-c2cnccc2NC(=O)C3)cc1,6.721246399047171
CCOc1ccc(Nc2ncc3c(n2)-c2cnccc2NC(=O)C3)cc1,7.00436480540245
O=C1Cc2cnc(Nc3cccc(O)c3)nc2-c2cnccc2N1,6.853871964321762
O=C1Cc2cnc(Nc3ccc(O)c(Cl)c3)nc2-c2cnccc2N1,7.060480747381382
O=C1Cc2cnc(Nc3ccc(O)cc3)nc2-c2ncccc2N1,5.568636235841013
COc1ccc(Nc2ncc3c(n2)-c2ncccc2NC(=O)C3)cc1,5.823908740944319
CCOc1ccc(Nc2ncc3c(n2)-c2ncccc2NC(=O)C3)cc1,5.698970004336019
O=C1Cc2cnc(Nc3cccc(O)c3)nc2-c2ncccc2N1,5.585026652029182
O=C1Cc2cnc(Nc3ccc(O)c(Cl)c3)nc2-c2ncccc2N1,6.173925197299173
O=C1Cc2cnc(Nc3cccc(O)c3)nc2-c2ccccc2N1,5.795880017344075
COc1ccc(Nc2ncc3c(n2)-c2ccccc2NC(=O)C3)cc1O,5.619788758288394
O=C1Cc2cnc(Nc3ccc(O)c(Cl)c3)nc2-c2ccccc2N1,5.017728766960431
CCOc1ccc(Nc2ncc3c(n2)-c2ccc(OC)cc2NC(=O)C3)cc1,6.5376020021010435
COc1ccc2c(c1)NC(=O)Cc1cnc(Nc3ccc(O)c(Cl)c3)nc1-2,6.366531544420414
CCOc1ccc(Nc2ncc3c(n2)-c2cnccc2NC(=O)C3)cc1,4.730487055782084
CN[C@@H]1C[C@H]2O[C@@](C)([C@@H]1OC)n1c3ccccc3c3c4c(c5c6ccccc6n2c5c31)C(=O)NC4,7.154901959985743
CC(C)(C)c1cc(NC(=O)Nc2cccc(Oc3cccc4[nH]c(=O)[nH]c34)c2)n(-c2ccccc2)n1,6.707743928643524
O=C(Nc1cc(Oc2cccc3[nH]c(=O)[nH]c23)c(F)c(F)c1F)c1cccc(OC(F)(F)F)c1,6.698970004336019
CC(C)(C)c1cc(NC(=O)c2cccc(Oc3cccc4[nH]c(=O)[nH]c34)c2)n(-c2ccccc2)n1,5.863279432843593
CC(C)CC(=O)Nc1n[nH]c2c1CN(C(=O)C1CCN(C)CC1)C2(C)C,5.0
CC(C)(C)C(=O)N1Cc2c(NC(=O)c3cc(F)cc(F)c3)n[nH]c2C1(C)C,5.0
O=C1Nc2ccc(F)cc2/C1=C1/Nc2ccccc2/C1=N\O,5.815308569182402
C/C(=C/c1coc2nc(N)nc(N)c12)c1cccc2ccccc12,5.698970004336019
CN1CCN(Cc2ccc3c(c2)-c2n[nH]c(-c4ccc(CN(C)C(=O)Nc5cccc(C(F)(F)F)c5)s4)c2C3)CC1,7.958607314841775
Nc1ncnc2c1c(-c1cnc3[nH]ccc3c1)nn2C1CCCC1,7.920818753952375
CCN(CC)CCNC(=O)c1c(C)[nH]c(/C=C2\C(=O)Nc3ccc(F)cc32)c1C,7.42021640338319
CNC(=O)c1cc(Oc2ccc(NC(=O)Nc3ccc(Cl)c(C(F)(F)F)c3)cc2)ccn1,7.045757490560675
N[C@H](CNc1ncc(-c2ccc3c(c2)CC(=O)N3)s1)Cc1ccc(C(F)(F)F)cc1,6.522878745280337
COc1ccc(Br)cc1NC(=O)Nc1cccc(-c2cn3ccnc3c(NCc3ccncc3)n2)c1,8.0
O=C(Nc1cccc(-c2cn3ccnc3c(NCc3ccncc3)n2)c1)Nc1cc(C(F)(F)F)ccc1F,7.886056647693163
COc1ccc(C(F)(F)F)cc1NC(=O)Nc1cccc(-c2cn3ccnc3c(NCc3ccncc3)n2)c1,8.154901959985743
O=C(Nc1cccc(-c2cn3ccnc3c(NCc3ccncc3)n2)c1)Nc1cccc(C(F)(F)F)c1,7.481486060122112
COc1ccc(C(F)(F)F)cc1NC(=O)Nc1cccc(-c2cn3ccnc3c(NCc3ccncc3)n2)c1,7.0
O=C(Nc1cccc(-c2cn3ccnc3c(NCc3ccncc3)n2)c1)Nc1cc(C(F)(F)F)ccc1F,7.0
COc1ccc(Br)cc1NC(=O)Nc1cccc(-c2cn3ccnc3c(NCc3ccncc3)n2)c1,7.0
Cn1cnc(-c2ccccc2)c1-c1cc2c(N)ncnc2s1,5.0
Cn1cnc(-c2ccccc2)c1-c1nc2c(N)ncnc2s1,4.075720713938118
Cc1ccc(NC(=O)c2cccc(Cl)c2)cc1Nc1nc2ccccc2n1-c1cc(N)ncn1,6.239577516576788
Cc1ccc(NC(=O)c2cccc(C(F)(F)F)c2)cc1Nc1nc2ccccc2n1-c1cc(N)ncn1,7.443697499232712
Cc1ccc(NC(=O)c2cc(Cl)cc(Cl)c2)cc1Nc1nc2ccccc2n1-c1cc(N)ncn1,5.1962015920103255
Cc1cccc(C(=O)Nc2ccc(C)c(Nc3nc4ccccc4n3-c3cc(N)ncn3)c2)c1,6.552841968657781
Cc1ccc(NC(=O)c2cc(OC3CCN(C)CC3)cc(C(F)(F)F)c2)cc1Nc1nc2ccccc2n1-c1cc(N)ncn1,7.180456064458132
Cc1ccc(NC(=O)c2ccc(C(C)(C)C)s2)cc1Nc1nc2ccccc2n1-c1cc(N)ncn1,8.397940008672037
Cc1ccc(NC(=O)c2cc(C3CC3)n[nH]2)cc1Nc1nc2ccccc2n1-c1cc(N)ncn1,7.318758762624412
Cc1ccc(NC(=O)c2cc(C(C)(C)C)nn2C)cc1Nc1nc2ccccc2n1-c1cc(N)ncn1,6.345823458122039
CCN1CCN(Cc2ccc(C(=O)Nc3ccc(C)c(Nc4nc5ccccc5n4-c4cc(N)ncn4)c3)cc2Cl)CC1,7.522878745280337
Cc1ccc(NC(=O)c2cc(CN3CCN(C)CC3)n(C(C)(C)C)n2)cc1Nc1nc2ccccc2n1-c1cc(N)ncn1,7.200659450546418
Cc1ccc(NC(=O)c2cc(N3CCN(C)CC3)cc(C(F)(F)F)c2)cc1Nc1nc2ccccc2n1-c1cc(N)ncn1,7.366531544420414
CCN1CCN(c2cc(C(=O)Nc3ccc(C)c(Nc4nc5ccccc5n4-c4cc(N)ncn4)c3)cc(C(F)(F)F)c2)CC1,8.301029995663981
Cc1ccc(NC(=O)c2cccc(C(F)(F)F)c2)cc1Nc1nc2ccccc2n1-c1cc(Cl)ncn1,5.04244059810252
COc1cc(-n2c(Nc3cc(NC(=O)c4cccc(C(F)(F)F)c4)ccc3C)nc3ccccc32)ncn1,5.0
Cc1ccc(NC(=O)c2cccc(C(F)(F)F)c2)cc1Nc1nc2ccccc2n1-c1cc(NCCN)ncn1,5.757458571701616
Cc1ccc(NC(=O)c2cccc(C(F)(F)F)c2)cc1Nc1nc2ccccc2n1-c1cc(NCCCN)ncn1,5.83209218999852
Cc1ccc(NC(=O)c2cccc(C(F)(F)F)c2)cc1Nc1nc2ccccc2n1-c1cc(NCCCCN)ncn1,6.2225731776106885
CCN(CC)CCNc1cc(-n2c(Nc3cc(NC(=O)c4cccc(C(F)(F)F)c4)ccc3C)nc3ccccc32)ncn1,5.762959208620809
Cc1ccc(NC(=O)c2cccc(C(F)(F)F)c2)cc1Nc1nc2ccccc2n1-c1cc(NCCCCN(C)C)ncn1,5.864867348623225
CCN(CC)CCCCNc1cc(-n2c(Nc3cc(NC(=O)c4cccc(C(F)(F)F)c4)ccc3C)nc3ccccc32)ncn1,6.053056729302175
Cc1ccc(NC(=O)c2cccc(C(F)(F)F)c2)cc1Nc1nc2ccccc2n1-c1cc(NCCCC2COCCN2)ncn1,6.497572880015567
Cc1ccc(NC(=O)c2cccc(C(F)(F)F)c2)cc1Nc1nc2ccccc2n1-c1cc(NCCC2CCCN2)ncn1,6.026410376572743
Cc1ccc(NC(=O)c2cccc(C(F)(F)F)c2)cc1Nc1nc2ccccc2n1-c1cc(N[C@H]2CC[C@H](N)CC2)ncn1,6.215382707367125
Cc1ccc(NC(=O)c2cccc(C(F)(F)F)c2)cc1Nc1nc2ccccc2n1-c1cc(NC2CCN(C)CC2)ncn1,5.766496239658865
Cc1ccc(NC(=O)c2cccc(C(F)(F)F)c2)cc1Nc1nc2ccccc2n1-c1cc(NCCc2ccccn2)ncn1,6.260427655549908
Cc1ccc(NC(=O)c2cccc(C(F)(F)F)c2)cc1Nc1nc2ccccc2n1-c1cc(N2CCOCC2)ncn1,5.0
Cc1ccc(NC(=O)c2cccc(C(F)(F)F)c2)cc1Nc1nc2ccccc2n1-c1cc(NCCN2CCN(C)CC2)ncn1,6.218244625347531
Cc1ccc(NC(=O)c2cccc(C(F)(F)F)c2)cc1Nc1nc2ccccc2n1-c1cc(NCCCN2CCN(C)CC2)ncn1,6.235077015350112
Cc1ccc(NC(=O)c2cccc(C(F)(F)F)c2)cc1Nc1nc2ccccc2n1-c1cc(NCCO)ncn1,6.229147988357855
COCCNc1cc(-n2c(Nc3cc(NC(=O)c4cccc(C(F)(F)F)c4)ccc3C)nc3ccccc32)ncn1,6.528708288941061
Cc1cccc(NC(=O)c2ccc(C)c(Nc3nc4ccccc4n3-c3cc(N)ncn3)c2)c1,5.993533957750769
Cc1ccc(C(=O)Nc2cccc(C(C)C)c2)cc1Nc1nc2ccccc2n1-c1cc(N)ncn1,7.769551078621726
Cc1ccc(C(=O)Nc2cccc(C(C)(C)C)c2)cc1Nc1nc2ccccc2n1-c1cc(N)ncn1,7.2839966563652006
Cc1ccc(C(=O)Nc2cccc(OC(F)F)c2)cc1Nc1nc2ccccc2n1-c1cc(N)ncn1,7.036212172654444
Cc1ccc(C(=O)Nc2cccc(Br)c2)cc1Nc1nc2ccccc2n1-c1cc(N)ncn1,6.333482019445119
Cc1ccc(C(=O)Nc2cccc(C(F)(F)F)c2)cc1Nc1nc2ccccc2n1-c1cc(N)ncn1,7.259637310505756
Cc1ccc(C(=O)Nc2cccc(Cl)c2)cc1Nc1nc2ccccc2n1-c1cc(N)ncn1,6.585026652029182
COc1cccc(NC(=O)c2ccc(C)c(Nc3nc4ccccc4n3-c3cc(N)ncn3)c2)c1,6.287350298372789
Cc1ccc(C(=O)Nc2ccccc2)cc1Nc1nc2ccccc2n1-c1cc(N)ncn1,5.054679159207725
Cc1ccc(C(=O)Nc2cccc3cnccc23)cc1Nc1nc2ccccc2n1-c1cc(N)ncn1,4.975637495646718
Cc1ccc(C(=O)Nc2cccc(C(N)=O)c2)cc1Nc1nc2ccccc2n1-c1cc(N)ncn1,5.0
Cc1cc(NC(=O)c2ccc(C)c(Nc3nc4ccccc4n3-c3cc(N)ncn3)c2)ccn1,6.8696662315049934
Cc1cn(-c2cc(NC(=O)c3ccc(C)c(Nc4nc5ccccc5n4-c4cc(N)ncn4)c3)cc(C(F)(F)F)c2)cn1,7.698970004336019
Cc1cccc(NC(=O)c2ccc(C)c(Nc3nc4ccccc4n3-c3cc(NCCCCN(C)C)ncn3)c2)c1,5.824778199656947
CCN(CC)CCCCNc1cc(-n2c(Nc3cc(C(=O)Nc4cccc(C)c4)ccc3C)nc3ccccc32)ncn1,5.86518562967954
Cc1cccc(NC(=O)c2ccc(C)c(Nc3nc4ccccc4n3-c3cc(NCCN4CCN(C)CC4)ncn3)c2)c1,5.6790233226571765
Cc1cccc(NC(=O)c2ccc(C)c(Nc3nc4ccccc4n3-c3cc(NCCCN4CCN(C)CC4)ncn3)c2)c1,5.953504835665291
Cc1ccc(C(=O)Nc2cccc(C(F)(F)F)c2)cc1Nc1nc2ccccc2n1-c1cc(NCCCCN(C)C)ncn1,6.603800652904264
CCN(CC)CCCCNc1cc(-n2c(Nc3cc(C(=O)Nc4cccc(C(F)(F)F)c4)ccc3C)nc3ccccc32)ncn1,6.614393726401688
Cc1ccc(C(=O)Nc2cccc(C(F)(F)F)c2)cc1Nc1nc2ccccc2n1-c1cc(NCCN2CCN(C)CC2)ncn1,6.732828271596986
Cc1ccc(C(=O)Nc2cccc(C(F)(F)F)c2)cc1Nc1nc2ccccc2n1-c1cc(NCCCN2CCN(C)CC2)ncn1,6.931814138253839
Cc1ccc(C(=O)Nc2cccc(C(F)(F)F)c2)cc1Nc1nc2ccccc2n1-c1cc(NCCC#N)ncn1,6.610833915635467
Cc1ccc(C(=O)Nc2cccc(C(F)(F)F)c2)cc1Nc1nc2ccccc2n1-c1ncnc(N)c1C,5.087193607338707
Cc1ccc(C(=O)Nc2cccc(C(F)(F)F)c2)cc1Nc1nc2ccccc2n1-c1ncnc(NCCCN2CCN(C)CC2)n1,6.876148359032914
O=C(Cc1ccccc1)Nc1cccc(-c2nc3sccn3c2-c2ccnc(Nc3cccc(N4CCOCC4)c3)n2)c1,7.5376020021010435
CC(C)N1CCN(C(=O)c2ccc(NC(=O)Nc3ccc(-c4nc(C5CCOCC5)nc(N5C6CCC5COC6)n4)cc3)cc2)CC1,4.301029995663981
Nc1nc(N)c2c(n1)[nH]c1cccc(Sc3ccccc3)c12,4.645891560852599
Cc1ccc(Sc2cccc3[nH]c4nc(N)nc(N)c4c23)cc1,4.249491605148654
Cc1cc(C)c(/C=C2\C(=O)Nc3ccccc32)[nH]1,4.889410289700751
Cn1cc(/C=C2\Oc3cccc(O)c3C2=O)c2c(-c3ccc(C(=O)NCCO)cc3)ccnc21,7.301029995663981
COc1cc2nccc(Oc3ccc4c(C(=O)Nc5ccc(Cl)cc5)cccc4c3)c2cc1OC,9.318758762624412
COc1cc2nccc(Oc3ccc4c(C(=O)NC5CC5)cccc4c3)c2cc1OC,9.221848749616356
CC(C)(C)OC(=O)N1CCC(n2ncc3c(N4CCOCC4)nc(-c4ccc(N)cc4)nc32)CC1,4.301029995663981
COC(=O)N1CCC(n2ncc3c(N4CCOCC4)nc(-c4ccc(N)cc4)nc32)CC1,4.301029995663981
CC(=O)Oc1c(-c2ccc(O)c(O)c2)c(O)c(O)c2c1oc1cc(O)c(O)cc12,4.150580586203101
Cl.NCCc1cn(CCCCCc2ccccc2)c2ccc(OCCc3ccc(O)cc3)cc12,5.548213564475709
Cl.NC1CCc2c(c3cc(OCCc4ccc(O)cc4)ccc3n2CCCCCc2ccccc2)C1,5.97469413473523
Cl.NCCc1c[nH]c2ccc(O)cc12,4.301029995663981
COc1ccc(CCCCCn2cc(CCN)c3cc(OCCc4ccc(O)cc4)ccc32)cc1.Cl,5.663540266151471
CSc1ccc(CCCCCn2cc(CCN)c3cc(OCCc4ccc(O)cc4)ccc32)cc1.Cl,5.913640169325252
Cl.NCCc1cn(Cc2ccc(-c3cccc(C(F)(F)F)c3)cc2)c2ccc(OCCc3ccc(O)cc3)cc12,5.806875401645538
COc1ccc(-c2ccc(Cn3cc(CCN)c4cc(OCCc5ccc(O)cc5)ccc43)cc2)cc1.Cl,5.995678626217358
Cl.NCCc1cn(Cc2ccc(-c3ccccc3)cc2)c2ccc(OCCc3ccc(O)cc3)cc12,5.931814138253839
Cl.NCCc1c[nH]c2ccc(OCCc3ccc(O)cc3)cc12,5.692503962086787
CSc1ccc(CCCCCn2cc(CCNC(=O)OC(C)(C)C)c3cc(OCCc4ccc(O)cc4)ccc32)cc1,4.301029995663981
COc1ccc(CCOc2ccc3c(c2)c(CCN)cn3CCCCCc2ccc(SC)cc2)cc1.Cl,5.838631997765025
CN(C)c1ccc(CCCCCn2c3c(c4cc(OCCc5ccc(O)cc5)ccc42)CC(N)CC3)cc1.Cl.Cl,5.8996294548824375
COc1ccc(CCCCCn2c3c(c4cc(OCCc5ccc(O)cc5)ccc42)CC(N)CC3)cc1.Cl,6.026872146400302
Cl.NC1CCc2c(c3cc(OCCc4ccc(O)cc4)ccc3n2CCCCCc2ccc(C(F)(F)F)cc2)C1,5.661543506395395
Cl.Cl.NC1CCc2c(c3cc(OCCc4ccc(O)cc4)ccc3n2CCCCCc2ccccn2)C1,5.673664139071248
Cl.NC1CCc2c(c3cc(OCCc4ccc(O)cc4)ccc3n2CCCc2ccccc2)C1,5.684029654543083
Cl.NC1CCc2[nH]c3ccc(OCCc4ccc(O)cc4)cc3c2C1,4.566390156676282
COCCc1ccc(O)cc1,4.301029995663981
Cl.NC1CCc2c(c3cc(OCCc4ccc(O)cc4)ccc3n2CCCCCc2ccccc2)C1,5.97469413473523
Cl.NCCc1cn(Cc2ccc(-c3cccc(C(F)(F)F)c3)cc2)c2ccc(OCCc3ccc(O)cc3)cc12,5.806875401645538
Cl.NC1CCc2c(c3cc(OCCc4ccc(O)cc4)ccc3n2CCCCCc2ccccc2)C1,5.962573502059376
Cl.NCCc1cn(Cc2ccc(-c3cccc(C(F)(F)F)c3)cc2)c2ccc(OCCc3ccc(O)cc3)cc12,5.8297382846050425
Cl.NC1CCc2c(c3cc(OCCc4ccc(O)cc4)ccc3n2CCCCCc2ccccc2)C1,5.982966660701219
Cl.NCCc1cn(Cc2ccc(-c3cccc(C(F)(F)F)c3)cc2)c2ccc(OCCc3ccc(O)cc3)cc12,5.823908740944319
COc1ccc(N2CCN(C)CC2)cc1Nc1ncc2c(n1)-c1c(c(C(N)=O)nn1C)CC2,5.0
Cn1cnc(-c2cc3nccc(Oc4ccc(NC(=O)N5CCN(c6ccccc6)C5=O)cc4F)c3s2)c1,8.0
Cn1cnc(-c2cc3nccc(Oc4ccc(NC(CC(=O)Nc5ccccc5)C(F)(F)F)cc4F)c3s2)c1,8.0
Cn1cnc(-c2cc3nccc(Oc4ccc(NC(=O)CC(Nc5ccccc5)C(F)(F)F)cc4F)c3s2)c1,6.6777807052660805
Cn1cnc(-c2cc3nccc(Oc4ccc(NC(=O)c5cnn(-c6ccccc6)c5C(F)(F)F)cc4F)c3s2)c1,5.0
COc1cc2nccc(Oc3ccc(NC(=O)c4cnn(-c5ccccc5)c4C(F)(F)F)cc3F)c2cc1OC,5.698970004336019
CNC(=O)c1cc(Oc2ccc(NC(=O)c3cnn(-c4ccccc4)c3C(F)(F)F)cc2F)ccn1,4.698970004336019
Cc1c(C(=O)Nc2ccc(Oc3ccnc4cc(-c5cn(C)cn5)sc34)c(F)c2)cnn1-c1ccccc1,5.698970004336019
CCCc1c(C(=O)Nc2ccc(Oc3ccnc4cc(-c5cn(C)cn5)sc34)c(F)c2)cnn1-c1ccccc1,5.721246399047171
Cn1cnc(-c2cc3nccc(Oc4ccc(NC(=O)c5cnn(-c6ccccc6)c5)cc4F)c3s2)c1,5.853871964321762
Cn1cnc(-c2cc3nccc(Oc4ccc(NC(=O)c5cnn(-c6ccccc6)c5N)cc4F)c3s2)c1,6.096910013008056
Cn1cnc(-c2cc3nccc(Oc4ccc(NC(=O)c5cnn(C)c5C(F)(F)F)cc4F)c3s2)c1,6.154901959985743
Cn1cnc(-c2cc3nccc(Oc4ccc(NC(=O)c5cnn(C(C)(C)C)c5C(F)(F)F)cc4F)c3s2)c1,5.522878745280337
Cn1ccnc1-c1cc2nccc(Oc3ccc(NC(=O)c4cnn(-c5ccccc5)c4C(F)(F)F)cc3F)c2s1,5.853871964321762
COC[C@H](C)N(Cc1ccc(-c2cc3nccc(Oc4ccc(NC(=O)c5cnn(-c6ccccc6)c5C(F)(F)F)cc4F)c3s2)cc1)C(C)=O,5.6020599913279625
CS(=O)(=O)CCNCc1ccc(-c2cc3nccc(Oc4ccc(NC(=O)c5cnn(-c6ccccc6)c5C(F)(F)F)cc4F)c3s2)cc1,5.958607314841775
CN(C)C(=O)c1ccc(-c2cc3nccc(Oc4ccc(NC(=O)c5cnn(-c6ccccc6)c5C(F)(F)F)cc4F)c3s2)cc1,5.853871964321762
CN(C)CCN(C)C(=O)c1ccc(-c2cc3nccc(Oc4ccc(NC(=O)c5cnn(-c6ccccc6)c5C(F)(F)F)cc4F)c3s2)cc1,6.154901959985743
CN(C)[C@H]1CCN(C(=O)c2ccc(-c3cc4nccc(Oc5ccc(NC(=O)c6cnn(-c7ccccc7)c6C(F)(F)F)cc5F)c4s3)cc2)C1,6.0
CN(C)C(=O)c1ccc(-c2cc3nccc(Oc4ccc(NC(=O)c5cnn(-c6ccccc6)c5C(F)(F)F)cc4F)c3s2)nc1,5.6020599913279625
COCCNC(=O)c1ccc(-c2cc3nccc(Oc4ccc(NC(=O)c5cnn(-c6ccccc6)c5C(F)(F)F)cc4F)c3s2)nc1,5.275724130399211
CC(=O)N1CC=C(c2cc3nccc(Oc4ccc(NC(=O)c5cnn(-c6ccccc6)c5C(F)(F)F)cc4F)c3s2)CC1,5.853871964321762
Brc1cccc(Nc2ncnc3[nH]c(CCc4ccccc4)cc23)c1,3.949620243738542
Nc1nc(Nc2cccc(Br)c2)c2cc(CCc3ccccc3)[nH]c2n1,4.301029995663981
C#Cc1cccc(Nc2ncnc3[nH]c(CCc4ccccc4)cc23)c1,4.306273051076353
C#Cc1cccc(Nc2nc(N)nc3[nH]c(CCc4ccccc4)cc23)c1,3.6989700043360187
FC(F)(F)c1cccc(Nc2ncnc3[nH]c(CCc4ccccc4)cc23)c1,4.655607726314889
Nc1nc(Nc2cccc(C(F)(F)F)c2)c2cc(CCc3ccccc3)[nH]c2n1,3.6989700043360187
Fc1ccc(Nc2ncnc3[nH]c(CCc4ccccc4)cc23)cc1Br,4.598599459218456
Nc1nc(Nc2ccc(F)c(Br)c2)c2cc(CCc3ccccc3)[nH]c2n1,3.8790971823854727
Fc1ccc(Nc2ncnc3[nH]c(CCc4ccccc4)cc23)cc1C(F)(F)F,4.2403321553103694
Nc1nc(Nc2ccc(F)c(C(F)(F)F)c2)c2cc(CCc3ccccc3)[nH]c2n1,3.6989700043360187
Fc1cc(Cl)ccc1Nc1ncnc2[nH]c(CCc3ccccc3)cc12,4.392544976785332
Nc1nc(Nc2ccc(Cl)cc2F)c2cc(CCc3ccccc3)[nH]c2n1,3.6989700043360187
c1ccc(CCc2cc3c(Nc4ccc5[nH]ccc5c4)ncnc3[nH]2)cc1,4.5003129173815966
Nc1nc(Nc2ccc3[nH]ccc3c2)c2cc(CCc3ccccc3)[nH]c2n1,4.603800652904264
Cc1cc(C)c(/C=C2\C(=O)Nc3ccccc32)[nH]1,4.97469413473523
Nc1nc(Nc2ccc(Br)cc2Cl)c2cc(Cc3ccc(Cl)cc3Cl)[nH]c2n1,7.0
Nc1nc(Nc2cccc(Br)c2)c2cc(Cc3ccc(Cl)cc3Cl)[nH]c2n1,4.55129368009492
Nc1nc(Nc2ccc(Cl)cc2F)c2cc(Cc3ccc(Cl)cc3Cl)[nH]c2n1,4.34008379993015
Nc1nc(Nc2cccc(F)c2)c2cc(Cc3ccc(Cl)cc3Cl)[nH]c2n1,6.522878745280337
Nc1nc(Nc2cccc(C(F)(F)F)c2)c2cc(Cc3ccc(Cl)cc3Cl)[nH]c2n1,3.5228787452803374
C#Cc1cccc(Nc2nc(N)nc3[nH]c(Cc4ccc(Cl)cc4Cl)cc23)c1,4.0675262353228465
Nc1nc(Nc2ccc(C(F)(F)F)c(F)c2)c2cc(Cc3ccc(Cl)cc3Cl)[nH]c2n1,3.946537395074545
CC(C)c1ccc(Nc2nc(N)nc3[nH]c(Cc4ccc(Cl)cc4Cl)cc23)cc1,5.853871964321762
CC(C)c1ccccc1Nc1nc(N)nc2[nH]c(Cc3ccc(Cl)cc3Cl)cc12,3.5228787452803374
Cc1cc(C)c(/C=C2\C(=O)Nc3ccccc32)[nH]1,4.920818753952375
C#Cc1cccc(Nc2ncnc3cc(OCCOC)c(OCCOC)cc23)c1,3.9041335465214573
CCN(CC)CCNC(=O)c1c(C)[nH]c(/C=C2\C(=O)Nc3ccc(F)cc32)c1C,4.723538195826756
Cc1ccccc1Cc1cc2c(Nc3cccc(Br)c3)nc(N)nc2[nH]1,6.698970004336019
Cc1[nH]c(/C=C2\C(=O)Nc3ccccc32)c(C)c1CCC(=O)O,5.4089353929735005
COc1ccc(OC)c(Cc2cc3c(Nc4cccc(Br)c4)nc(N)nc3[nH]2)c1,6.221848749616356
Cc1ccccc1Cc1cc2c(Nc3cccc(Br)c3)ncnc2[nH]1,4.565431095965801
COc1ccc(OC)c(Cc2cc3c(Nc4cccc(Br)c4)ncnc3[nH]2)c1,3.5228787452803374
Clc1ccc(Cc2cc3c(Nc4cccc(Br)c4)ncnc3[nH]2)c(Cl)c1,3.5228787452803374
FC(F)(F)c1cccc(Nc2ncnc3[nH]c(Cc4ccc(Cl)cc4Cl)cc23)c1,3.5228787452803374
C#Cc1cccc(Nc2ncnc3[nH]c(Cc4ccc(Cl)cc4Cl)cc23)c1,3.5228787452803374
CCN1CCC(CNc2nccc(-c3cccnc3Oc3ccc(Nc4nc5ccccc5[nH]4)c4ccccc34)n2)CC1,5.7559704109699785
CN1CCCC1CCNc1nccc(-c2cccnc2Oc2ccc(Nc3nc4ccccc4[nH]3)c3ccccc23)n1,5.686343653381969
CNc1nccc(-c2cccnc2Oc2c(C)cc(Nc3nc4ccccc4[nH]3)c3ccccc23)n1,5.0
CN(C)CC(C)(C)CNc1nccc(-c2cccnc2Oc2ccc(Nc3nc4ccccc4[nH]3)c3ccccc23)n1,5.0
CNc1nccc(-c2cccnc2Oc2ccc(Nc3nc4ccccc4[nH]3)c3ccccc23)n1,5.860120913598763
CNc1nccc(-c2cccnc2Oc2ccc(Nc3nc4ccncc4[nH]3)c3ccccc23)n1,5.196679476421246
CNc1nccc(-c2cccnc2Oc2ccc(NC(=O)Nc3ccccc3)c3ccccc23)n1,7.3979400086720375
CNc1nccc(-c2cccnc2Oc2ccc(Nc3nc4ccccc4o3)c3ccccc23)n1,7.522878745280337
CNc1nccc(-c2cccnc2Oc2ccc(Nc3nc4ccccc4s3)c3ccccc23)n1,7.055517327849832
CNc1nccc(-c2cccnc2Oc2ccc(Nc3nc4ccc(C(F)(F)F)cc4[nH]3)c3ccccc23)n1,7.157390760389438
CNc1nccc(-c2cccnc2Oc2ccc(NC(=O)NC(C)(C)C)c3ccccc23)n1,5.654038458186859
CCNC(=O)Nc1ccc(Oc2ncccc2-c2ccnc(NC)n2)c2ccccc12,7.318758762624412
Cn1cc2c(n1)CCc1c-2c2c(c3c1[nH]c1ccc(C4CCCCO4)cc13)CNC2=O,8.301029995663981
Cn1cc2c(n1)CCc1c-2c2c(c3c4cc(C5CCCCO5)ccc4n(C)c13)CNC2=O,7.823908740944319
CCn1c2ccc(C3CCCCO3)cc2c2c3c(c4c(c21)CCc1nn(C)cc1-4)C(=O)NC3,8.221848749616356
CCCn1c2ccc(C3CCCCO3)cc2c2c3c(c4c(c21)CCc1nn(C)cc1-4)C(=O)NC3,8.096910013008056
CC(C)n1c2ccc(C3CCCCO3)cc2c2c3c(c4c(c21)CCc1nn(C)cc1-4)C(=O)NC3,7.6777807052660805
CCCCn1c2ccc(C3CCCCO3)cc2c2c3c(c4c(c21)CCc1nn(C)cc1-4)C(=O)NC3,7.619788758288394
CC(C)Cn1c2ccc(C3CCCCO3)cc2c2c3c(c4c(c21)CCc1nn(C)cc1-4)C(=O)NC3,7.958607314841775
CC(C)CCn1c2ccc(C3CCCCO3)cc2c2c3c(c4c(c21)CCc1nn(C)cc1-4)C(=O)NC3,7.113509274827518
CCCCCn1c2ccc(C3CCCCO3)cc2c2c3c(c4c(c21)CCc1nn(C)cc1-4)C(=O)NC3,7.2839966563652006
Cn1cc2c(n1)CCc1c-2c2c(c3c4cc(C5CCCCO5)ccc4n(C4CCCC4)c13)CNC2=O,7.259637310505756
Cn1cc2c(n1)CCc1c-2c2c(c3c4cc(C5CCCCO5)ccc4n(C4CCCCC4)c13)CNC2=O,7.356547323513812
Cn1cc2c(n1)CCc1c-2c2c(c3c4cc(C5CCCCO5)ccc4n(CC4CCCCC4)c13)CNC2=O,6.826813731587726
C=CCn1c2ccc(C3CCCCO3)cc2c2c3c(c4c(c21)CCc1nn(C)cc1-4)C(=O)NC3,7.7447274948966935
CCOCCn1c2ccc(C3CCCCO3)cc2c2c3c(c4c(c21)CCc1nn(C)cc1-4)C(=O)NC3,7.657577319177793
Cn1cc2c(n1)CCc1c-2c2c(c3c4cc(C5CCCCO5)ccc4n(CCO)c13)CNC2=O,8.522878745280337
Cn1cc2c(n1)CCc1c-2c2c(c3c4cc(C5CCCCO5)ccc4n(CCCO)c13)CNC2=O,7.795880017344075
CCN(CC)CCn1c2ccc(C3CCCCO3)cc2c2c3c(c4c(c21)CCc1nn(C)cc1-4)C(=O)NC3,7.795880017344075
Cn1ncc2c1CCc1c-2c2c(c3c1[nH]c1ccc(C4CCCCO4)cc13)CNC2=O,8.096910013008056
Cn1ncc2c1CCc1c-2c2c(c3c4cc(C5CCCCO5)ccc4n(C)c13)CNC2=O,7.657577319177793
CCn1c2ccc(C3CCCCO3)cc2c2c3c(c4c(c21)CCc1c-4cnn1C)C(=O)NC3,8.045757490560675
CCCn1c2ccc(C3CCCCO3)cc2c2c3c(c4c(c21)CCc1c-4cnn1C)C(=O)NC3,7.698970004336019
CC(C)n1c2ccc(C3CCCCO3)cc2c2c3c(c4c(c21)CCc1c-4cnn1C)C(=O)NC3,7.356547323513812
CCCCn1c2ccc(C3CCCCO3)cc2c2c3c(c4c(c21)CCc1c-4cnn1C)C(=O)NC3,7.431798275933005
CC(C)Cn1c2ccc(C3CCCCO3)cc2c2c3c(c4c(c21)CCc1c-4cnn1C)C(=O)NC3,7.443697499232712
Cn1ncc2c1CCc1c-2c2c(c3c4cc(C5CCCCO5)ccc4n(C4CCCC4)c13)CNC2=O,7.187086643357144
Cn1ncc2c1CCc1c-2c2c(c3c4cc(C5CCCCO5)ccc4n(CCO)c13)CNC2=O,8.154901959985743
Cn1cc2c(n1)CCc1c-2c2c(c3c1[nH]c1ccc(C4CCCCO4)cc13)CNC2=O,8.0
Cn1cc2c(n1)CCc1c-2c2c(c3c4cc(C5CCCCO5)ccc4n(C)c13)CNC2=O,8.0
CCn1c2ccc(C3CCCCO3)cc2c2c3c(c4c(c21)CCc1nn(C)cc1-4)C(=O)NC3,8.0
CCCn1c2ccc(C3CCCCO3)cc2c2c3c(c4c(c21)CCc1nn(C)cc1-4)C(=O)NC3,8.0
CC(C)n1c2ccc(C3CCCCO3)cc2c2c3c(c4c(c21)CCc1nn(C)cc1-4)C(=O)NC3,8.0
CCCCn1c2ccc(C3CCCCO3)cc2c2c3c(c4c(c21)CCc1nn(C)cc1-4)C(=O)NC3,8.0
CC(C)Cn1c2ccc(C3CCCCO3)cc2c2c3c(c4c(c21)CCc1nn(C)cc1-4)C(=O)NC3,8.0
Cn1cc2c(n1)CCc1c-2c2c(c3c4cc(C5CCCCO5)ccc4n(C4CCCC4)c13)CNC2=O,7.301029995663981
C=CCn1c2ccc(C3CCCCO3)cc2c2c3c(c4c(c21)CCc1nn(C)cc1-4)C(=O)NC3,7.301029995663981
CCOCCn1c2ccc(C3CCCCO3)cc2c2c3c(c4c(c21)CCc1nn(C)cc1-4)C(=O)NC3,7.301029995663981
Cn1cc2c(n1)CCc1c-2c2c(c3c4cc(C5CCCCO5)ccc4n(CCO)c13)CNC2=O,7.301029995663981
Cn1cc2c(n1)CCc1c-2c2c(c3c4cc(C5CCCCO5)ccc4n(CCCO)c13)CNC2=O,7.301029995663981
CCN(CC)CCn1c2ccc(C3CCCCO3)cc2c2c3c(c4c(c21)CCc1nn(C)cc1-4)C(=O)NC3,7.301029995663981
CN1CCN(c2cccc(-c3cnn4c(N)c(-c5ccc(O)cc5)cnc34)c2)CC1,6.327902142064283
CN1CCN(c2ccc(-c3cnn4c(N)c(-c5ccc(O)cc5)cnc34)cc2)CC1,5.886056647693163
CN1CCN(c2cccc(-c3cnn4c(N)c(-c5ccc(NS(=O)(=O)c6cccc(Cl)c6Cl)cc5)cnc34)c2)CC1,5.267606240177032
CN1CCN(c2cccc(-c3cnn4c(N)c(-c5ccc(NC(=O)CCC6CCCC6)cc5)cnc34)c2)CC1,6.161150909262744
CN1CCN(c2cccc(-c3cnn4c(N)c(-c5ccc(NC(=O)c6ccc(C(F)(F)F)cc6)cc5)cnc34)c2)CC1,5.638272163982407
CC(C)COC(=O)Nc1ccc(-c2cnc3c(-c4cccc(N5CCN(C)CC5)c4)cnn3c2N)cc1,5.2716462179787715
CN1CCN(c2cccc(-c3cnn4c(N)c(-c5ccc(NC(=O)Oc6ccccc6)cc5)cnc34)c2)CC1,5.3872161432802645
CN1CCN(c2cccc(-c3cnn4c(N)c(-c5ccc(NC(=O)NCC6CCCCC6)cc5)cnc34)c2)CC1,6.886056647693163
CN1CCN(c2cccc(-c3cnn4c(N)c(-c5ccc(NC(=O)N(C)C6CCCCC6)cc5)cnc34)c2)CC1,5.221848749616356
CN1CCN(c2ccc(-c3cnn4c(N)c(-c5ccc(NC(=O)CCC6CCCC6)cc5)cnc34)cc2)CC1,5.993533957750769
CN1CCN(c2ccc(-c3cnn4c(N)c(-c5ccc(NC(=O)c6ccc(C(F)(F)F)cc6)cc5)cnc34)cc2)CC1,5.080921907623926
CC(C)COC(=O)Nc1ccc(-c2cnc3c(-c4ccc(N5CCN(C)CC5)cc4)cnn3c2N)cc1,5.3733517315259895
CN1CCN(c2ccc(-c3cnn4c(N)c(-c5ccc(NC(=O)Oc6ccccc6)cc5)cnc34)cc2)CC1,6.0
CN1CCN(c2ccc(-c3cnn4c(N)c(-c5ccc(NC(=O)N(C)C6CCCCC6)cc5)cnc34)cc2)CC1,6.361510743045363
Cc1nc2c(-c3cccc(N4CCN(C)CC4)c3)cnn2c(N)c1-c1ccc(NC(=O)OCC(C)C)cc1,5.0
Cc1cc(NC(=O)OCC(C)C)ccc1-c1cnc2c(-c3cccc(N4CCN(C)CC4)c3)cnn2c1N,5.468521082957745
COc1cc(-c2cnc3c(-c4cccc(N5CCN(C)CC5)c4)cnn3c2N)ccc1NC(=O)OCC(C)C,5.036212172654444
CN1CCN(c2ccc(-c3cnn4c(N)c(-c5cccc(O)c5)cnc34)cc2)CC1,7.017728766960431
Cc1nn2c(N)c(-c3cccc(O)c3)cnc2c1-c1ccc(N2CCN(C)CC2)cc1,6.301029995663981
CC(C)COC(=O)Nc1ccc(-c2cnc3c(-c4cccc(N5CCNCC5)c4)cnn3c2N)cc1,5.6777807052660805
CC(C)COC(=O)Nc1ccc(-c2cnc3c(-c4cccc(N5CCN(S(C)(=O)=O)CC5)c4)cnn3c2N)cc1,5.0
CC(C)COC(=O)Nc1ccc(-c2cnc3c(-c4cccc(N5CCN(C(=O)CN)CC5)c4)cnn3c2N)cc1,5.721246399047171
COCCN1CCN(c2ccc(-c3cnn4c(N)c(-c5ccc(NC(=O)OCC(C)C)cc5)cnc34)cc2)CC1,5.657577319177793
CC(C)COC(=O)Nc1ccc(-c2cnc3c(-c4cccc(N5CCOCC5)c4)cnn3c2N)cc1,5.133712660915805
O=C(Nc1cccc(-n2ccc3c(NC(=O)c4ccccc4)nccc32)c1)c1ccc(N2CCOCC2)c(C(F)(F)F)c1,5.975514332300833
Cc1cccc(-c2[nH]c(Cc3cccc(C(N)=O)c3)nc2-c2ccc3ncccc3c2)n1,5.657577319177793
NS(=O)(=O)c1ccc(Nc2nc(N3CCOCC3)nc3[nH]cnc23)cc1,5.0
CCN(CC)CCNC(=O)c1c(C)[nH]c(/C=C2\C(=O)Nc3ccc(F)cc32)c1C,7.645891560852599
COc1ccc(NC(=O)Nc2ccc3c(c2)NC(=O)/C3=C\c2[nH]cc(C(=O)O)c2C)cc1,9.301029995663981
O=C(Nc1ccccc1)Nc1ccc2c(c1)NC(=O)/C2=C\c1ccc[nH]1,9.0
COc1ccc(NC(=O)Nc2ccc3c(c2)NC(=O)/C3=C\c2ccc[nH]2)cc1,7.51427857351842
COc1ccc(NC(=O)Nc2ccc3c(c2)NC(=O)/C3=C\c2ccc[nH]2)cc1OC,7.568636235841013
Cc1ccc(NC(=O)Nc2ccc3c(c2)NC(=O)/C3=C\c2ccc[nH]2)cc1,6.5655907924125
O=C(Nc1ccc(Cl)cc1)Nc1ccc2c(c1)NC(=O)/C2=C\c1ccc[nH]1,7.863279432843593
O=C(Nc1ccc(Oc2ccccc2)cc1)Nc1ccc2c(c1)NC(=O)/C2=C\c1ccc[nH]1,7.501689446210399
O=C(Nc1ccc(-c2ccccc2)cc1)Nc1ccc2c(c1)NC(=O)/C2=C\c1ccc[nH]1,7.690369832574102
O=C(Nc1ccc(-c2ccc3ccccc3c2)cc1)Nc1ccc2c(c1)NC(=O)/C2=C\c1ccc[nH]1,7.655607726314889
Cc1[nH]c(/C=C2\C(=O)Nc3cc(NC(=O)Nc4ccccc4)ccc32)c(C)c1C(=O)O,8.119186407719209
COc1ccc(NC(=O)Nc2ccc3c(c2)NC(=O)/C3=C\c2[nH]c(C)c(C(=O)O)c2C)cc1,8.468521082957745
Cc1ccc(NC(=O)Nc2ccc3c(c2)NC(=O)/C3=C\c2[nH]c(C)c(C(=O)O)c2C)cc1,7.991399828238082
Cc1[nH]c(/C=C2\C(=O)Nc3cc(NC(=O)Nc4ccc(Cl)cc4)ccc32)c(C)c1C(=O)O,8.102372908709558
Cc1[nH]c(/C=C2\C(=O)Nc3cc(NC(=O)Nc4ccccc4)ccc32)c(C)c1CC(=O)O,9.045757490560675
COc1ccc(NC(=O)Nc2ccc3c(c2)NC(=O)/C3=C\c2[nH]c(C)c(CC(=O)O)c2C)cc1,8.327902142064282
COc1ccc(NC(=O)Nc2ccc3c(c2)NC(=O)/C3=C\c2[nH]c(C)c(CCC(=O)O)c2C)cc1,8.0
Cc1cc(C(=O)O)[nH]c1/C=C1\C(=O)Nc2cc(NC(=O)Nc3ccccc3)ccc21,6.0
Cc1cc(C(=O)O)[nH]c1/C=C1\C(=O)Nc2cc(NC(=O)Nc3ccc(Cl)cc3)ccc21,6.0
COc1ccc(NC(=O)Nc2ccc3c(c2)NC(=O)/C3=C\c2ccc(C(=O)O)[nH]2)cc1,6.0
COc1cc2c(N3CCN(C(=O)Nc4ccc(OC(C)C)cc4)CC3)ncnc2cc1OCCCN1CCCCC1,5.684029654543083
CNC(=O)c1cc(Oc2ccc(NC(=O)Nc3ccc(Cl)c(C(F)(F)F)c3)cc2)ccn1,6.745451922891026
O=C(Nc1ccccc1)Nc1ccc2c(c1)NC(=O)/C2=C\c1ccc[nH]1,9.0
CN(C)CCCc1c(/C=C2\C(=O)Nc3ccc(NS(=O)(=O)c4ccccc4)cc32)[nH]c2c1C(=O)CCC2,6.0
Cc1cc(C)c(/C=C2\C(=O)Nc3ccccc32)[nH]1,6.657577319177793
Clc1ccc(Nc2nnc(Cc3ccncc3)c3ccccc23)cc1,7.376750709602099
O=C1NCCc2[nH]c(-c3ccncc3)cc21,5.0
O=C(CCc1cn(Cc2ccc(Cl)cc2)c2ccccc12)Nc1ccc([N+](=O)[O-])cc1,4.478861916295964
O=C(CCc1cn(Cc2ccc(Cl)cc2)c2ccccc12)Nc1ccncc1,4.585026652029182
CNc1nccc(-c2cccnc2Oc2ccc(NC(=O)c3cccc(C(F)(F)F)c3)cc2C)n1,5.485452247339714
Cc1sc2ncnc(N)c2c1-c1ccc(N)cc1,5.3400001801593495
Cc1cccc(C(=O)Nc2ccc(-c3c(C)sc4ncnc(N)c34)cc2)c1,5.3400001801593495
Cc1cccc(N/C(S)=N/c2ccc(-c3c(C)sc4ncnc(N)c34)cc2)c1,5.550000451689026
Cc1cccc(N/C(=N/c2ccc(-c3c(C)sc4ncnc(N)c34)cc2)NC#N)c1,5.95999928552668
Cc1sc2ncnc(N)c2c1-c1ccc(Nc2nc3ccccc3o2)cc1,6.770011163455189
Cc1cccc(CC(=O)Nc2ccc(-c3c(C)sc4ncnc(N)c34)cc2)c1,6.119998611678231
Cc1sc2ncnc(N)c2c1-c1ccc(NC(=O)Nc2ccccc2)cc1,7.439973751087107
Cc1ccccc1NC(=O)Nc1ccc(-c2c(C)sc3ncnc(N)c23)cc1,6.589999287456538
Cc1cccc(NC(=O)Nc2ccc(-c3c(C)sc4ncnc(N)c34)cc2)c1,8.219970872662662
Cc1ccc(NC(=O)Nc2ccc(-c3c(C)sc4ncnc(N)c34)cc2)cc1,7.280006173632396
COc1ccccc1NC(=O)Nc1ccc(-c2c(C)sc3ncnc(N)c23)cc1,6.959991363986458
COc1cccc(NC(=O)Nc2ccc(-c3c(C)sc4ncnc(N)c34)cc2)c1,7.460046158343603
COc1ccc(NC(=O)Nc2ccc(-c3c(C)sc4ncnc(N)c34)cc2)cc1,7.160019442321658
Cc1sc2ncnc(N)c2c1-c1ccc(NC(=O)Nc2ccccc2F)cc1,6.959991363986458
Cc1sc2ncnc(N)c2c1-c1ccc(NC(=O)Nc2cccc(F)c2)cc1,7.26003230324049
Cc1sc2ncnc(N)c2c1-c1ccc(NC(=O)Nc2ccc(F)cc2)cc1,7.280006173632396
Cc1sc2ncnc(N)c2c1-c1ccc(NC(=O)Nc2ccccc2Cl)cc1,6.470005326930858
Cc1sc2ncnc(N)c2c1-c1ccc(NC(=O)Nc2cccc(Cl)c2)cc1,7.460046158343603
Cc1sc2ncnc(N)c2c1-c1ccc(NC(=O)Nc2ccc(Cl)cc2)cc1,7.019996628416254
Cc1sc2ncnc(N)c2c1-c1ccc(NC(=O)Nc2cccc(Br)c2)cc1,7.339988778710669
Cc1sc2ncnc(N)c2c1-c1ccc(NC(=O)Nc2ccc(Br)cc2)cc1,6.919987152892072
Cc1sc2ncnc(N)c2c1-c1ccc(NC(=O)Nc2cccc(C(F)(F)F)c2)cc1,7.280006173632396
COC(=O)c1cccc(NC(=O)Nc2ccc(-c3c(C)sc4ncnc(N)c34)cc2)c1,6.530001357781253
Cc1cc(C)cc(NC(=O)Nc2ccc(-c3c(C)sc4ncnc(N)c34)cc2)c1,7.92009553233328
Cc1sc2ncnc(N)c2c1-c1ccc(NC(=O)Nc2cc(Cl)cc(Cl)c2)cc1,6.799998134593398
Cc1sc2ncnc(N)c2c1-c1ccc(NC(=O)Nc2cc(C(F)(F)F)ccc2F)cc1,7.339988778710669
Cc1sc2ncnc(N)c2c1-c1ccc(NC(=O)Nc2ccc(C(F)(F)F)cc2)cc1,7.209996479609511
Cc1ccc(F)c(NC(=O)Nc2ccc(-c3c(C)sc4ncnc(N)c34)cc2)c1,7.470056598341331
Cc1cccc(NC(=O)Nc2ccc(-c3c(CCC(N)=O)sc4ncnc(N)c34)cc2)c1,7.770062314092066
CNC(=O)CCc1sc2ncnc(N)c2c1-c1ccc(NC(=O)Nc2cccc(C)c2)cc1,6.480001470881152
Cc1cccc(NC(=O)Nc2ccc(-c3c(CCC(=O)N(C)C)sc4ncnc(N)c34)cc2)c1,6.679999195735272
Cc1cccc(NC(=O)Nc2ccc(-c3c(CN4CCOCC4)sc4ncnc(N)c34)cc2)c1,6.679999195735272
Cc1cccc(NC(=O)Nc2ccc(-c3c(CN4CCN(C)CC4)sc4ncnc(N)c34)cc2)c1,6.23000269597146
Cc1cccc(NC(=O)Nc2ccc(-c3c(CN(C)C)sc4ncnc(N)c34)cc2)c1,6.740000204918113
CCc1sc2ncnc(N)c2c1-c1ccc(NC(=O)Nc2cccc(C)c2)cc1,7.580044251510242
Cc1cccc(NC(=O)Nc2ccc(-c3csc4ncnc(N)c34)cc2)c1,8.51999305704285
CCCc1sc2ncnc(N)c2c1-c1ccc(NC(=O)Nc2cccc(C)c2)cc1,7.580044251510242
Cc1cccc(NC(=O)Nc2ccc(-c3c(C(C)C)sc4ncnc(N)c34)cc2)c1,6.890016705180107
Cc1cccc(NC(=O)Nc2ccc(-c3c(Cc4ccccc4)sc4ncnc(N)c34)cc2)c1,6.549997369826814
Cc1cccc(NC(=O)Nc2ccc(-c3c(Cc4cccnc4)sc4ncnc(N)c34)cc2)c1,7.470056598341331
Cc1cccc(NC(=O)Nc2ccc(-c3c(Cc4ccncc4)sc4ncnc(N)c34)cc2)c1,7.280006173632396
Cc1cccc(NC(=O)Nc2ccc(-c3c(CCO)sc4ncnc(N)c34)cc2)c1,7.720105019988362
COCCc1sc2ncnc(N)c2c1-c1ccc(NC(=O)Nc2cccc(C)c2)cc1,7.189969213594161
Cc1cccc(NC(=O)Nc2ccc(-c3c(CCCO)sc4ncnc(N)c34)cc2)c1,7.819874124835946
Cc1cccc(NC(=O)Nc2ccc(-c3c(CCN(C)C)sc4ncnc(N)c34)cc2)c1,6.639993867770902
Cc1cccc(NC(=O)Nc2ccc(-c3csc4ncnc(N)c34)c(F)c2)c1,7.96018944585165
Cc1cccc(NC(=O)Nc2ccc(-c3csc4ncnc(N)c34)c(Cl)c2)c1,7.0
COc1cc(NC(=O)Nc2cccc(C)c2)ccc1-c1csc2ncnc(N)c12,7.0
Cc1cccc(NC(=O)Nc2ccc(-c3csc4ncnc(N)c34)cc2F)c1,7.720105019988362
Cc1cccc(NC(=O)Nc2ccc(-c3csc4ncnc(N)c34)cc2Cl)c1,7.079981083971085
COc1cc(-c2csc3ncnc(N)c23)ccc1NC(=O)Nc1cccc(C)c1,7.890084136976206
CCc1sc2ncnc(N)c2c1-c1ccc(NC(=O)Nc2cccc(C(F)(F)F)c2)cc1,7.299988937677887
Nc1ncnc2scc(-c3ccc(NC(=O)Nc4cccc(Cl)c4)cc3)c12,8.51999305704285
Cc1sc2ncnc(N)c2c1-c1ccc(NC(=O)NCc2ccccc2)cc1,6.480001470881152
Cc1sc2ncnc(N)c2c1-c1ccc(NC(=O)NCC2CCCCC2)cc1,6.0999990348465305
Cc1cccc(NC(=O)N(C)c2ccc(-c3c(C)sc4ncnc(N)c34)cc2)c1,7.26003230324049
Cc1cccc(N(C)C(=O)Nc2ccc(-c3c(C)sc4ncnc(N)c34)cc2)c1,5.720000163638921
CCc1sc2ncnc(N)c2c1-c1ccc(NC(=O)NC2CCCCC2)cc1,6.770011163455189
CCCCNC(=O)Nc1ccc(-c2csc3ncnc(N)c23)cc1,6.740000204918113
CC(C)CNC(=O)Nc1ccc(-c2csc3ncnc(N)c23)cc1,5.770000934050708
Cc1cccc(NC(=O)Nc2ccc3c(c2)CCc2sc4ncnc(N)c4c2-3)c1,6.819988880942282
COc1ccc(-c2oc3ncnc(N)c3c2-c2ccc(OC)cc2)cc1,5.949999401714238
COc1ccc(-c2oc3ncnc(N)c3c2-c2ccc(N(C)C)cc2)cc1,6.459996055149973
COc1ccc(-c2c(-c3cccc(C(N)=O)c3)oc3ncnc(N)c23)cc1,6.740000204918113
COc1ccc(-c2c(-c3cccc(NS(C)(=O)=O)c3)oc3ncnc(N)c23)cc1,7.189969213594161
COc1ccc(-c2coc3ncnc(N)c23)cc1,5.259999900311453
CS(=O)(=O)Nc1cccc(-c2oc3ncnc(N)c3c2-c2ccc(-c3ccccc3)cc2)c1,7.439973751087107
COc1ccc(-c2oc3ncnc(N)c3c2-c2ccc(NC(=O)Nc3ccccc3)cc2)cc1,7.209996479609511
COc1ccc(-c2oc3ncnc(N)c3c2-c2ccc(NC(=O)Nc3cc(C(F)(F)F)ccc3F)cc2)cc1,8.51999305704285
COc1ccc(-c2oc3ncnc(N)c3c2-c2ccc(NC(=O)NC3CCCCC3)cc2)cc1,6.72999699989494
COc1ccc(-c2oc3ncnc(N)c3c2-c2ccc(NC(N)=O)cc2)cc1,7.2400301424456925
CC(C)n1nc(-c2cc(O)cc(Br)c2)c2c(N)ncnc21,7.356547323513812
COCOc1cc(-c2nn(C(C)C)c3ncnc(N)c23)ccc1Br,5.694648630553377
Cn1nc(-c2ccc(Br)c(O)c2)c2c(N)ncnc21,5.522878745280337
Nc1ncnc2c1c(-c1ccc(Br)c(O)c1)nn2C1CCC1,7.3979400086720375
Nc1ncnc2c1c(-c1ccc(Br)c(O)c1)nn2C1CCCC1,7.259637310505756
CC(C)n1nc(-c2ccc(F)c(O)c2)c2c(N)ncnc21,7.167491087293763
C[C@H](CN)n1nc(-c2ccc(F)c(O)c2)c2c(N)ncnc21,5.721246399047171
C[C@@H](CN)n1nc(-c2ccc(F)c(O)c2)c2c(N)ncnc21,5.552841968657781
N#CCCCn1nc(-c2ccc(F)c(O)c2)c2c(N)ncnc21,5.671620396561262
N#CCCCCn1nc(-c2ccc(F)c(O)c2)c2c(N)ncnc21,5.5376020021010435
Nc1ncnc2c1c(-c1ccc(F)c(O)c1)nn2C1CCC1,6.286509456906058
Nc1ncnc2c1c(-c1ccc(F)c(O)c1)nn2C1CNC1,5.939302159646388
Nc1ncnc2c1c(-c1ccc(F)c(O)c1)nn2C1CCCC1,6.97469413473523
CC1CCC(n2nc(-c3ccc(F)c(O)c3)c3c(N)ncnc32)C1,7.113509274827518
Nc1ncnc2c1c(-c1ccc(F)c(O)c1)nn2[C@H]1CCNC1,6.432973633840939
Nc1ncnc2c1c(-c1ccc(F)c(O)c1)nn2[C@@H]1CCNC1,5.756961951313706
Nc1ncnc2c1c(-c1ccc(F)c(O)c1)nn2[C@H]1CCOC1,6.396855627379818
Nc1ncnc2c1c(-c1ccc(F)c(O)c1)nn2[C@@H]1CCOC1,6.255707016877324
Nc1ncnc2c1c(-c1ccc(F)c(O)c1)nn2C1CCCCCC1,6.749579997691106
Nc1ncnc2c1c(-c1ccc(F)c(O)c1)nn2CC1CCNCC1,4.928117992693875
Cc1nn(-c2ccccc2)nc1Cn1nc(-c2ccc(F)c(O)c2)c2c(N)ncnc21,4.0
Nc1ncnc2c1c(-c1ccc(F)c(O)c1)nn2Cc1ocnc1-c1ccccc1,4.0
COc1cc(-c2nn(C(C)C)c3ncnc(N)c23)ccc1F,4.0
CC(C)n1nc(-c2ccc(Cl)c(O)c2)c2c(N)ncnc21,7.698970004336019
C[C@H](CN)n1nc(-c2ccc(Cl)c(O)c2)c2c(N)ncnc21,6.2564902352715706
C[C@@H](CN)n1nc(-c2ccc(Cl)c(O)c2)c2c(N)ncnc21,5.943095148663527
COC(=O)c1ccc2c(c1)NC(=O)/C2=C(\Nc1ccc(N(C)C(=O)CN2CCN(C)CC2)cc1)c1ccccc1,7.6777807052660805
COc1cc(-c2nn(C(C)C)c3ncnc(N)c23)ccc1NC(=O)OC(C)(C)C,5.651695136951839
CC(C)n1nc(-c2ccc(Br)c(O)c2)c2c(N)ncnc21,7.259637310505756
Nc1ncnc2c1c(-c1cnc3[nH]ccc3c1)nn2C1CCCC1,7.920818753952375
CC(C)n1nc(-c2ccc3ncccc3c2)c2c(N)ncnc21,6.508638306165727
COc1ccc(-c2nn(C3CCC3)c3ncnc(N)c23)cc1OC,5.154901959985743
CC(C)n1nc(-c2cc3cc(O)ccc3[nH]2)c2c(N)ncnc21,5.823908740944319
Nc1ncnc2c1c(-c1ccn3ccnc3c1)nn2C1CCCC1,4.301029995663981
Cc1ccccc1-n1c(Cn2nc(-c3cccc(O)c3)c3c(N)ncnc32)nc2cccc(C)c2c1=O,4.301029995663981
Nc1ncnc2c1c(-c1cnc3[nH]ccc3c1)nn2C1CCCC1,7.3872161432802645
CC(C)n1nc(-c2cccc(O)c2)c2c(N)ncnc21,6.671620396561262
Cn1nc(-c2ccc3ccccc3c2)c2c(N)ncnc21,5.958607314841775
CC(C)n1nc(-c2ccc(O)cc2)c2c(N)ncnc21,5.838631997765025
Cc1cc(O)ccc1-c1nn(C(C)C)c2ncnc(N)c12,6.671620396561262
Cc1ccc(-c2n[nH]c3ncnc(N)c23)cc1OCc1ccccc1,4.0
Cc1ccc(-c2n[nH]c3ncnc(N)c23)cc1O,6.6252516539898965
Cc1ccc(-c2nn(C)c3ncnc(N)c23)cc1O,6.82102305270683
Cc1ccc(-c2nn(C(C)C)c3ncnc(N)c23)cc1O,8.0
CCC(C)n1nc(-c2ccc(C)c(O)c2)c2c(N)ncnc21,7.366531544420414
CC(C)n1nc(-c2cccc(O)c2F)c2c(N)ncnc21,5.779891911959945
Nc1ncnc2c1c(-c1cccc(O)c1F)nn2C1CCCC1,6.045275209020937
CC(C)n1nc(-c2cc(O)cc(F)c2)c2c(N)ncnc21,7.031517051446065
Nc1ncnc2c1c(-c1cc(O)cc(F)c1)nn2C1CCCC1,7.318758762624412
COc1cc(Br)cc(-c2nn(C(C)C)c3ncnc(N)c23)c1,5.991399828238082
COc1ccc(-c2nn(C[C@H](C)CO)c3ncnc(N)c23)cc1OC,4.0
COc1ccc(-c2nn(C[C@@H](C)CO)c3ncnc(N)c23)cc1OC,5.0
COc1ccc(-c2nn(C3CCCC3)c3ncnc(N)c23)cc1OC,5.772113295386326
CCOc1ccc(-c2n[nH]c3ncnc(N)c23)cc1OC,4.0
CCOc1ccc(-c2nn(C(C)C)c3ncnc(N)c23)cc1OC,4.872895201635193
C=CCn1nc(-c2ccc(OCC)c(OC)c2)c2c(N)ncnc21,4.0
CCOc1ccc(-c2nn(C3CCCC3)c3ncnc(N)c23)cc1OC,5.684029654543083
CCOc1ccc(-c2nn(C3CCCCC3)c3ncnc(N)c23)cc1OC,4.0
COc1cc(-c2nn(C(C)C)c3ncnc(N)c23)cc(OC)c1OC,4.0
COc1cccc(-c2nn(C(C)C)c3ncnc(N)c23)c1OC,5.276544327964814
CCOc1cc(-c2nn(C(C)C)c3ncnc(N)c23)ccc1OC,4.0
CCOc1cc(-c2nn(CCO)c3ncnc(N)c23)ccc1OC,4.899629454882437
COc1ccc(-c2nn(C(C)C)c3ncnc(N)c23)cc1,5.360513510731414
CC(C)n1nc(-c2ccc(N)c(O)c2)c2c(N)ncnc21,5.665546248849069
COc1cc(-c2nn(C(C)C)c3ncnc(N)c23)ccc1N,5.585026652029182
COc1cc(-c2nn(C(C)C)c3ncnc(N)c23)ccc1NC(C)CO,6.7121982700697735
Nc1ccc(-c2nn(C3CCCC3)c3ncnc(N)c23)cc1O,6.247183568811728
COc1cc(-c2nn(C3CCCC3)c3ncnc(N)c23)ccc1N,6.123782159408358
CC(C)n1nc(-c2cccc(CO)c2)c2c(N)ncnc21,4.0
CC(C)n1nc(-c2cccc(CC#N)c2)c2c(N)ncnc21,5.318758762624412
CC(C)n1nc(-c2ccc(CC#N)cc2)c2c(N)ncnc21,4.958607314841775
CC(C)n1nc(-c2cccc(C#N)c2)c2c(N)ncnc21,4.366531544420414
CC(C)n1nc(-c2ccc(F)c(C#N)c2)c2c(N)ncnc21,5.366531544420414
CC(C)n1nc(-c2ccc(C#N)c(F)c2)c2c(N)ncnc21,4.0
CC(C)n1nc(-c2ccc(C#N)nc2)c2c(N)ncnc21,4.0
CC(C)n1nc(-c2cccnc2)c2c(N)ncnc21,4.0
CC(C)n1nc(-c2cncnc2)c2c(N)ncnc21,4.0
CC(=O)c1ccc(-c2nn(C(C)C)c3ncnc(N)c23)cc1,4.0
CC(C)n1nc(-c2ccc(C=O)c(F)c2)c2c(N)ncnc21,5.920818753952375
CC(C)n1nc(-c2cc(F)c(C=O)c(F)c2)c2c(N)ncnc21,5.853871964321762
CC(C)n1nc(-c2ccc(C(N)=O)c(Cl)c2)c2c(N)ncnc21,4.0
CC(=O)c1cccc(-c2nn(C(C)C)c3ncnc(N)c23)c1,4.0
CC(C)n1nc(-c2cc(C=O)co2)c2c(N)ncnc21,5.991399828238082
Cc1cc(-c2nn(C(C)C)c3ncnc(N)c23)sc1C=O,5.978810700930062
CC(C)n1nc(-c2cccc(NS(C)(=O)=O)c2)c2c(N)ncnc21,4.0
CC(C)n1nc(-c2ccc(NS(C)(=O)=O)cc2)c2c(N)ncnc21,5.229884705212898
CC(C)n1nc(-c2cccc(S(N)(=O)=O)c2)c2c(N)ncnc21,5.337242168318426
CC(C)n1nc(-c2ccc(S(N)(=O)=O)cc2)c2c(N)ncnc21,4.005243055412372
CC(C)n1nc(-c2cccc(C(=O)NC3=NCCS3)c2)c2c(N)ncnc21,5.774690718274137
Nc1ncnc2c1c(-c1ccc(Cl)c(O)c1)nn2C1CCC1,7.2076083105017466
Nc1ncnc2c1c(-c1ccc(Cl)c(O)c1)nn2C1CCCC1,8.366531544420413
Nc1ncnc2c1c(-c1ccc(Cl)c(O)c1)nn2[C@@H]1CCNC1,6.7594507517174005
Nc1ncnc2c1c(-c1ccc(Cl)c(O)c1)nn2[C@H]1CCOC1,7.180456064458132
Nc1ncnc2c1c(-c1ccc(Cl)c(O)c1)nn2[C@@H]1CCOC1,6.987162775294828
Nc1ncnc2c1c(-c1ccc(Cl)c(O)c1)nn2CC1CCCN1,5.505845405981558
Nc1ncnc2c1c(-c1ccc(Cl)c(O)c1)nn2CC1CCNC1,6.361510743045363
Nc1ncnc2c1c(-c1ccc(Cl)c(O)c1)nn2CC1CCCNC1,5.145086977692144
Nc1ncnc2c1c(-c1ccc(Cl)c(O)c1)nn2CC1CCNCC1,5.422508200162775
Nc1ncnc2c1c(-c1ccc(Cl)c(O)c1)nn2CCC1CCCNC1,5.892790030352131
CC(C)n1nc(-c2ccc(C#N)c(O)c2)c2c(N)ncnc21,5.853871964321762
CC(C)n1nc(-c2ccc(O)c(F)c2)c2c(N)ncnc21,5.815308569182402
COc1cc(F)c(-c2nn(C(C)C)c3ncnc(N)c23)cc1F,5.505845405981558
CC(C)n1nc(-c2cc(F)c(O)cc2F)c2c(N)ncnc21,5.0915149811213505
COc1cccc(-c2nn(C(C)C)c3ncnc(N)c23)c1,4.0
COc1cc(-c2nn(C(C)C)c3ncnc(N)c23)ccc1O,4.0
COc1ccc(-c2n[nH]c3ncnc(N)c23)cc1O,5.97469413473523
CCn1nc(-c2ccc(OC)c(O)c2)c2c(N)ncnc21,6.554395796726403
COc1ccc(-c2nn(C(C)C)c3ncnc(N)c23)cc1O,6.924453038607469
COc1ccc(-c2nn(C3CCCC3)c3ncnc(N)c23)cc1O,6.586700235918748
COc1ccc(-c2nn(C3CCC(C)C3)c3ncnc(N)c23)cc1O,7.259637310505756
COc1ccc(-c2nn(C3CNC3)c3ncnc(N)c23)cc1O,5.939302159646388
COc1ccc(-c2nn([C@@H]3CCNC3)c3ncnc(N)c23)cc1O,6.059483515067432
CCOc1ccc(-c2nn(C3CCCC3)c3ncnc(N)c23)cc1O,6.962573502059376
COc1ccc(-c2nn(C(C)C)c3ncnc(N)c23)cc1OC,4.0
COc1ccc(-c2nn(C(C)(C)C)c3ncnc(N)c23)cc1OC,4.0
CCOc1ccc2cc(-c3nn(C)c4ncnc(N)c34)ccc2c1,6.259637310505756
CC(C)n1nc(-c2ccc3cc(O)ccc3c2)c2c(N)ncnc21,8.0
CC(C)n1nc(-c2cc3ccccc3nc2Cl)c2c(N)ncnc21,4.0
CC(C)n1nc(-c2cnc3ccccc3c2)c2c(N)ncnc21,5.251811972993799
Nc1ncnc2c1c(-c1cnc3ccccc3c1)nn2C1CCCC1,5.795880017344075
Cn1nc(-c2ccc3ncccc3c2)c2c(N)ncnc21,4.920818753952375
Nc1ncnc2c1c(-c1ccc3ncccc3c1)nn2C1CCCC1,5.356547323513812
Cc1ccc2cc(-c3nn(C(C)C)c4ncnc(N)c34)ccc2n1,5.958607314841775
CC(C)n1nc(-c2ccc3nc(Cl)ccc3c2)c2c(N)ncnc21,6.017728766960431
CC(C)n1nc(-c2ccc3nccnc3c2)c2c(N)ncnc21,4.886056647693163
CC(C)n1nc(-c2cnc3nccnc3c2)c2c(N)ncnc21,4.920818753952375
CC(C)n1nc(-c2ccc3nc[nH]c(=O)c3c2)c2c(N)ncnc21,5.0915149811213505
CC(C)n1nc(-c2ccc3[nH]c(=O)ccc3c2)c2c(N)ncnc21,4.0
Nc1ncnc2c1c(-c1ccc3[nH]c(=O)ccc3c1)nn2C1CCCC1,4.0
CC(C)n1nc(-c2ccc3nc(N)ccc3c2)c2c(N)ncnc21,5.292429823902063
CC(C)n1nc(-c2ccc3nc(NN)ccc3c2)c2c(N)ncnc21,4.301029995663981
CC(C)n1nc(-c2ccc3nccc(NC(=O)OC(C)(C)C)c3c2)c2c(N)ncnc21,4.0
CC(C)n1nc(-c2ccc3nccc(N)c3c2)c2c(N)ncnc21,5.154901959985743
Cn1nc(-c2ccc3occc(=O)c3c2)c2c(N)ncnc21,4.0
CC(C)n1nc(-c2ccc3occc(=O)c3c2)c2c(N)ncnc21,4.0
Nc1ncnc2c1c(-c1ccc3occc(=O)c3c1)nn2C1CCCC1,4.853871964321762
CC(C)n1nc(-c2ccc3cnccc3c2)c2c(N)ncnc21,4.309803919971486
CC(C)n1nc(-c2ccc3ccncc3c2)c2c(N)ncnc21,4.721246399047171
Cc1ccc2ccc(-c3nn(C(C)C)c4ncnc(N)c34)cc2n1,4.0
Cn1nc(-c2cnc3[nH]ccc3c2)c2c(N)ncnc21,6.026872146400302
CC(C)n1nc(-c2cnc3[nH]ccc3c2)c2c(N)ncnc21,7.721246399047171
CC(C)n1nc(-c2ccc3[nH]ccc3c2)c2c(N)ncnc21,7.119186407719209
Nc1ncnc2c1c(-c1ccc3[nH]ccc3c1)nn2C1CCCC1,8.045757490560675
CC(C)n1nc(-c2ccc3c(ccn3C)c2)c2c(N)ncnc21,6.145693958198919
Cn1ccc2cc(-c3nn(C4CCCC4)c4ncnc(N)c34)ccc21,6.764471553092451
CC(C)n1nc(-c2ccc3[nH]ncc3c2)c2c(N)ncnc21,6.530177984021837
Nc1ncnc2c1c(-c1ccc3[nH]ncc3c1)nn2C1CCCC1,6.386158178123931
CC(C)n1nc(-c2ccc3c(N)n[nH]c3c2)c2c(N)ncnc21,5.200659450546418
CC(C)n1nc(-c2ccc3cn[nH]c3c2)c2c(N)ncnc21,6.376750709602099
Nc1ncnc2c1c(-c1ccc3cn[nH]c3c1)nn2C1CCCC1,6.481486060122113
CC(C)n1nc(-c2cc(F)c3cn[nH]c3c2)c2c(N)ncnc21,6.667561540084395
Cn1nc(-c2ccc3cc[nH]c3c2)c2c(N)ncnc21,4.958607314841775
CC(C)n1nc(-c2ccc3cc[nH]c3c2)c2c(N)ncnc21,6.327902142064283
Nc1ncnc2c1c(-c1ccc3cc[nH]c3c1)nn2C1CCCC1,6.872895201635193
CC(C)n1nc(-c2ccn3ccnc3c2)c2c(N)ncnc21,4.0
CC(C)n1nc(-c2ccc3c(C=O)c[nH]c3c2)c2c(N)ncnc21,5.657577319177793
CC(C)n1nc(-c2cccc3[nH]ccc23)c2c(N)ncnc21,5.161150909262744
Nc1ncnc2c1c(-c1cccc3[nH]ccc13)nn2C1CCCC1,5.384049948343599
CC(C)n1nc(-c2ccc3c(ccn3C(=O)OC(C)(C)C)c2)c2c(N)ncnc21,6.815308569182402
CC(C)(C)OC(=O)n1ccc2cc(-c3nn(C4CCCC4)c4ncnc(N)c34)ccc21,6.075720713938118
CC(C)n1nc(-c2ccc3occc3c2)c2c(N)ncnc21,5.5376020021010435
Nc1ncnc2c1c(-c1ccc3occc3c1)nn2C1CCCC1,5.913640169325252
CC(C)n1nc(-c2ccc3nonc3c2)c2c(N)ncnc21,4.0
CC(C)n1nc(-c2ccc3[nH]c(=O)[nH]c3c2)c2c(N)ncnc21,4.886056647693163
CC(C)n1nc(-c2ccc3c(c2)CCO3)c2c(N)ncnc21,4.0
CC(C)n1nc(-c2ccc3c(c2)OCCO3)c2c(N)ncnc21,4.6777807052660805
CC(C)n1nc(-c2cc3cc(C=O)ccc3s2)c2c(N)ncnc21,5.785156151952302
COc1cc2ncnc(Nc3ccc(F)c(Cl)c3)c2cc1OCCCN1CCOCC1,5.721246399047171
Cc1nc(Nc2ncc(C(=O)Nc3c(C)cccc3Cl)s2)cc(N2CCN(CCO)CC2)n1.O,4.301029995663981
CCN(CC)CCNC(=O)c1c(C)[nH]c(/C=C2\C(=O)Nc3ccc(F)cc32)c1C,7.022276394711152
CNC(=O)c1cc(Oc2ccc(NC(=O)Nc3ccc(Cl)c(C(F)(F)F)c3)cc2)ccn1,7.568636235841013
CNC(=O)c1cc(Oc2ccc3c(C(=O)Nc4ccc(Cl)cc4)cccc3c2)ccn1,8.51999305704285
O=C(Nc1ccc(Cl)cc1)c1cccc2cc(Oc3ccncc3)ccc12,7.739928612014925
CNc1cc(Oc2ccc3c(C(=O)Nc4ccc(Cl)cc4)cccc3c2)ccn1,8.15002808767115
O=C(Nc1ccc(Cl)cc1)c1cccc2cc(Oc3ccncn3)ccc12,6.509999358109048
CNc1nccc(Oc2ccc3c(C(=O)Nc4ccc(Cl)cc4)cccc3c2)n1,7.339988778710669
CNc1cc(Oc2ccc3c(C(=O)Nc4ccc(Cl)cc4)cccc3c2)ncn1,7.700057099977233
O=C(Nc1ccc(Cl)cc1)c1cccc2cc(Oc3ncnc4[nH]ccc34)ccc12,7.550059011226662
O=C(Nc1ccc(Cl)cc1)c1cccc2cc(Oc3ccnc4ccccc34)ccc12,8.400007822415901
COc1ccc2c(Oc3ccc4c(C(=O)Nc5ccc(Cl)cc5)cccc4c3)ccnc2c1,9.0
COc1cc2nccc(Oc3ccc4c(C(=O)Nc5ccc(Cl)cc5)cccc4c3)c2cc1OC,9.309981219211304
COc1cc2ncc(F)c(Oc3ccc4c(C(=O)Nc5ccc(Cl)cc5)cccc4c3)c2cc1OC,7.700057099977233
COc1cc2nccc(Oc3ccc4c(C(=O)Nc5ccc(Cl)cc5)cccc4c3)c2cc1C(C)=O,9.700057099977233
COc1cc2ncnc(Oc3ccc4c(C(=O)Nc5ccc(Cl)cc5)cccc4c3)c2cc1OC,8.700057099977233
COc1cc2nccc(Oc3ccc4c(C(=O)Nc5ccccc5)cccc4c3)c2cc1OC,9.700057099977233
COc1cc2nccc(Oc3ccc4c(C(=O)Nc5ccccc5F)cccc4c3)c2cc1OC,8.700057099977233
COc1cc2nccc(Oc3ccc4c(C(=O)Nc5cccc(F)c5)cccc4c3)c2cc1OC,9.219970872662662
COc1cc2nccc(Oc3ccc4c(C(=O)Nc5ccc(F)cc5)cccc4c3)c2cc1OC,9.0
COc1cc2nccc(Oc3ccc4c(C(=O)Nc5cccc(Cl)c5)cccc4c3)c2cc1OC,9.51999305704285
COc1cc2nccc(Oc3ccc4c(C(=O)Nc5ccc(C)cc5)cccc4c3)c2cc1OC,9.299988937677888
COc1cc2nccc(Oc3ccc4c(C(=O)Nc5cccc(C(F)(F)F)c5)cccc4c3)c2cc1OC,9.299988937677888
COc1cc2nccc(Oc3ccc4c(C(=O)Nc5ccc(C(F)(F)F)cc5)cccc4c3)c2cc1OC,9.299988937677888
COc1cc2nccc(Oc3ccc4c(C(=O)Nc5ccc(C(C)(C)C)cc5)cccc4c3)c2cc1OC,9.15002808767115
COc1cc2nccc(Oc3ccc4c(C(=O)Nc5ccc(Cl)cc5Cl)cccc4c3)c2cc1OC,8.700057099977233
COc1cc2nccc(Oc3ccc4c(C(=O)Nc5cc(Cl)cc(Cl)c5)cccc4c3)c2cc1OC,9.51999305704285
COc1cc2nccc(Oc3ccc4c(C(=O)Nc5ccc(Cl)c(C(F)(F)F)c5)cccc4c3)c2cc1OC,9.0
COc1cc2nccc(Oc3ccc4c(C(=O)Nc5ccccn5)cccc4c3)c2cc1OC,9.100015437450608
COc1cc2nccc(Oc3ccc4c(C(=O)Nc5cccnc5)cccc4c3)c2cc1OC,9.100015437450608
COc1cc2nccc(Oc3ccc4c(C(=O)Nc5ccncc5)cccc4c3)c2cc1OC,8.700057099977233
COc1cc2nccc(Oc3ccc4c(C(=O)Nc5nccs5)cccc4c3)c2cc1OC,9.51999305704285
COc1cc2nccc(Oc3ccc4c(C(=O)Nc5ccon5)cccc4c3)c2cc1OC,9.700057099977233
COc1cc2nccc(Oc3ccc4c(C(=O)Nc5cc(C)on5)cccc4c3)c2cc1OC,9.219970872662662
COc1cc2nccc(Oc3ccc4c(C(=O)Nc5cc(C)no5)cccc4c3)c2cc1OC,9.0
COc1cc2nccc(Oc3ccc4c(C(=O)Nc5cc(C(C)(C)C)on5)cccc4c3)c2cc1OC,9.100015437450608
COc1cc2nccc(Oc3ccc4c(C(=O)NC5CC5)cccc4c3)c2cc1OC,9.219970872662662
COc1cc2nccc(Oc3ccc4c(C(=O)NC5(C)CC5)cccc4c3)c2cc1OC,7.819874124835946
COc1cc2nccc(Oc3ccc4c(C(=O)NC5CCC5)cccc4c3)c2cc1OC,8.669992299127241
COc1cc2nccc(Oc3ccc4c(C(=O)NC5CCCC5)cccc4c3)c2cc1OC,7.92009553233328
CCCNC(=O)c1cccc2cc(Oc3ccnc4cc(OC)c(OC)cc34)ccc12,8.890084136976206
COc1cc2nccc(Oc3ccc4c(C(=O)NC(C)C)cccc4c3)c2cc1OC,8.260032303240491
COc1cc2nccc(Oc3ccc4c(C(=O)Nc5ccc(Cl)cc5)cccc4c3F)c2cc1OC,9.51999305704285
COc1cc2nccc(Oc3ccc4c(C(=O)Nc5ccc(Cl)cc5)ccnc4c3)c2cc1OC,7.659952682338607
COc1cc2nccc(Oc3cc4cccc(C(=O)Nc5ccc(Cl)cc5)c4cn3)c2cc1OC,7.6399749108106025
COc1cc2nccc(Nc3ccc4c(C(=O)Nc5ccc(Cl)cc5)cccc4c3)c2cc1OC,8.100015437450608
COc1cc2nccc(Oc3ccc4c(C(=O)NCC5CC5)cccc4c3)c2cc1OC,7.96018944585165
CNC(=O)c1cccc2cc(Oc3ccnc4cc(OC)c(OC)cc34)ccc12,8.419987887470576
CCNC(=O)c1cccc2cc(Oc3ccnc4cc(OC)c(OC)cc34)ccc12,8.890084136976206
COc1cc2nccc(Oc3ccc4c(C(=O)NC(C)(C)C)cccc4c3)c2cc1OC,5.820000358220839
COc1cc2nccc(Oc3ccc4c(C(=O)NCC(F)F)cccc4c3)c2cc1OC,8.419987887470576
COCCNC(=O)c1cccc2cc(Oc3ccnc4cc(OC)c(OC)cc34)ccc12,7.92009553233328
COCCCNC(=O)c1cccc2cc(Oc3ccnc4cc(OC)c(OC)cc34)ccc12,8.379968104873702
COc1cc2nccc(Oc3ccc4c(C(N)=O)cccc4c3)c2cc1OC,9.049976093476673
COc1cc2ncnc(Oc3ccc4c(C(=O)NC5CC5)cccc4c3)c2cc1OC,8.54000474395261
COCCNC(=O)c1cccc2cc(Oc3ncnc4cc(OC)c(OC)cc34)ccc12,6.499996931948306
COc1ccc2c(Oc3ccc4c(C(N)=O)cccc4c3)ccnc2c1,8.890084136976206
COc1ccc2c(Oc3ccc4c(C(=O)NC5CC5)cccc4c3)ccnc2c1,9.349984047528162
COCCNC(=O)c1cccc2cc(Oc3ccnc4cc(OC)ccc34)ccc12,7.550059011226662
COc1cc2nccc(Oc3ccc4c(C(N)=O)cccc4c3)c2cc1C(C)=O,8.92009553233328
COc1cc2nccc(Oc3ccc4c(C(=O)NC5CC5)cccc4c3)c2cc1C(C)=O,9.430041181903405
COCCNC(=O)c1cccc2cc(Oc3ccnc4cc(OC)c(C(C)=O)cc34)ccc12,7.659952682338607
COc1cc2nccc(Oc3ccc4c(c3)OCCN4C(=O)Nc3ccccc3)c2cc1OC,9.0
COc1cc2nccc(Oc3ccc4c(c3)OCCN4C(=O)Nc3ccccc3C)c2cc1OC,9.0
COc1cc2nccc(Oc3ccc4c(c3)OCCN4C(=O)Nc3cccc(C)c3)c2cc1OC,9.0
COc1cc2nccc(Oc3ccc4c(c3)OCCN4C(=O)Nc3ccc(C)cc3)c2cc1OC,9.700057099977233
COc1cc2nccc(Oc3ccc4c(c3)OCCN4C(=O)Nc3ccccc3Cl)c2cc1OC,7.720105019988362
COc1cc2nccc(Oc3ccc4c(c3)OCCN4C(=O)Nc3cccc(Cl)c3)c2cc1OC,9.0
COc1cc2nccc(Oc3ccc4c(c3)OCCN4C(=O)Nc3ccc(Cl)cc3)c2cc1OC,9.299988937677888
COc1cc2nccc(Oc3ccc4c(c3)OCCN4C(=O)Nc3ccc(F)cc3)c2cc1OC,8.51999305704285
COc1cc2nccc(Oc3ccc4c(c3)OCCN4C(N)=O)c2cc1OC,7.2400301424456925
CNC(=O)N1CCOc2cc(Oc3ccnc4cc(OC)c(OC)cc34)ccc21,7.400007822415902
CCNC(=O)N1CCOc2cc(Oc3ccnc4cc(OC)c(OC)cc34)ccc21,9.0
COc1cc2nccc(Oc3ccc4c(c3)OCCN4C(=O)NC(C)C)c2cc1OC,7.400007822415902
COc1cc2nccc(Oc3ccc4c(c3)OCCN4C(=O)NCc3ccccc3)c2cc1OC,7.280006173632396
COc1cc2nccc(Oc3ccc4c(c3)OCCN4C(=O)NCc3ccc(C)cc3)c2cc1OC,7.590066876668706
COc1cc2nccc(Oc3ccc4c(c3)OCCN4C(=O)N[C@@H](C)c3ccccc3)c2cc1OC,9.0
COc1cc2nccc(Oc3ccc4c(c3)OCCN4C(=O)N[C@H](C)c3ccccc3)c2cc1OC,7.400007822415902
COc1cc2nccc(Oc3ccc4c(c3)OCCN4C(=O)Nc3ccc(Cl)cc3)c2cc1C(C)=O,9.219970872662662
COc1cc2nccc(Oc3ccc4c(c3)OCCN4C(=O)Nc3ccc(C)cc3)c2cc1C(C)=O,9.299988937677888
O=C(Nc1ccc(Cl)cc1)N1CCOc2cc(Oc3ncnc4[nH]ccc34)ccc21,7.110026361596004
Cc1ccc(NC(=O)N2CCOc3cc(Oc4ncnc5[nH]ccc45)ccc32)cc1,7.590066876668706
CNC(=O)c1cc(Oc2ccc3c(c2)OCCN3C(=O)Nc2ccc(Cl)cc2)ccn1,7.019996628416254
CNC(=O)c1cc(Oc2ccc3c(c2)OCCN3C(=O)Nc2ccc(C)cc2)ccn1,7.209996479609511
O=C(Nc1cccc(C(F)(F)F)c1)c1ccccc1NCc1ccncc1,7.638272163982407
Cc1cccc(NC(=O)Nc2ccc(-c3c(C)sc4ncnc(N)c34)cc2)c1,8.221848749616356
COc1cc2nccc(Oc3ccc(NC(=O)Nc4ccc(F)cc4F)c(C)c3)c2cc1OC,9.045757490560675
CNC(=O)c1cc(Oc2ccc(NC(=O)Nc3ccc(Cl)c(C(F)(F)F)c3)cc2)ccn1,7.045757490560675
Cn1ccc2ncnc(Oc3ccc(NC(=O)Nc4ccccn4)c(Cl)c3)c21,6.6777807052660805
Cn1ccc2ncnc(Oc3ccc(NC(=O)Nc4cccnc4)c(Cl)c3)c21,6.638272163982407
Cn1ccc2ncnc(Oc3ccc(NC(=O)Nc4ccncc4)c(Cl)c3)c21,6.187086643357144
Cn1ccc2ncnc(Oc3ccc(NC(=O)Nc4cc(C(F)(F)F)ccn4)c(Cl)c3)c21,8.568636235841012
Cn1ccc2ncnc(Oc3ccc(NC(=O)Nc4cncc(C(F)(F)F)c4)c(Cl)c3)c21,8.537602002101044
Cn1ccc2ncnc(Oc3ccc(NC(=O)Nc4ccnc(C(F)(F)F)c4)c(Cl)c3)c21,8.42021640338319
Cn1ccc2ncnc(Oc3ccc(NC(=O)Nc4cnn(CC(F)(F)F)c4)c(Cl)c3)c21,8.397940008672037
Cn1ccc2ncnc(Oc3ccc(NC(=O)Nc4cnn(C(C)(C)C)c4)c(Cl)c3)c21,8.119186407719209
Cn1ccc2ncnc(Oc3ccc(NC(=O)Nc4cc(C(C)(C)C)on4)c(Cl)c3)c21,8.050609993355087
Cn1nc(C(C)(C)C)cc1NC(=O)Nc1ccc(Oc2ncnc3ccn(C)c23)cc1Cl,7.721246399047171
Cn1ccc2ncnc(Oc3ccc(NC(=O)Nc4cccc(C(F)(F)F)c4)c(Cl)c3)c21,8.431798275933005
COc1ccc(NC(=O)Nc2ccc(Oc3ncnc4ccn(C)c34)cc2Cl)cc1C(F)(F)F,8.0268721464003
Cn1ccc2ncnc(Oc3ccc(NC(=O)Nc4ccc(N5CCOCC5)c(C(F)(F)F)c4)c(Cl)c3)c21,7.214670164989233
Cn1ccc2ncnc(Oc3ccc(NC(=O)Nc4ccc(CN5CCOCC5)c(C(F)(F)F)c4)c(Cl)c3)c21,7.721246399047171
CN1CCN(Cc2ccc(NC(=O)Nc3ccc(Oc4ncnc5ccn(C)c45)cc3Cl)cc2C(F)(F)F)CC1,8.031517051446064
CN1CCC(Oc2ccc(NC(=O)Nc3ccc(Oc4ncnc5ccn(C)c45)cc3Cl)cc2C(F)(F)F)CC1,7.920818753952375
COc1cc(NC(=O)Nc2ccc(Oc3ncnc4ccn(C)c34)cc2Cl)cc(C(F)(F)F)c1,7.698970004336019
Cn1ccc2ncnc(Oc3ccc(NC(=O)Nc4cc(N5CCOCC5)cc(C(F)(F)F)c4)c(Cl)c3)c21,7.221848749616356
Cn1ccc2ncnc(Oc3ccc(NC(=O)Nc4cc(CN5CCOCC5)cc(C(F)(F)F)c4)c(Cl)c3)c21,7.638272163982407
CN1CCN(Cc2cc(NC(=O)Nc3ccc(Oc4ncnc5ccn(C)c45)cc3Cl)cc(C(F)(F)F)c2)CC1,7.958607314841775
Cn1c(C(C)(C)O)cc2ncnc(Oc3ccc(NC(=O)Nc4cccc(C(F)(F)F)c4)c(Cl)c3)c21,7.7447274948966935
COCc1cc2ncnc(Oc3ccc(NC(=O)Nc4cccc(C(F)(F)F)c4)c(Cl)c3)c2n1C,7.853871964321762
Cn1c(CO)cc2ncnc(Oc3ccc(NC(=O)Nc4cccc(C(F)(F)F)c4)c(Cl)c3)c21,8.013228265733755
O=C(Nc1cccc(C(F)(F)F)c1)Nc1ccc(Oc2ncnc3ccn(CCOCCO)c23)cc1Cl,8.568636235841012
COCCn1ccc2ncnc(Oc3ccc(NC(=O)Nc4cccc(C(F)(F)F)c4)c(Cl)c3)c21,8.045757490560675
O=C(Nc1cccc(C(F)(F)F)c1)Nc1ccc(Oc2ncnc3ccn(CCO)c23)cc1Cl,8.397940008672037
Nc1nc(Nc2cccc(Br)c2)c2cc(Cc3ccccc3)[nH]c2n1,4.301029995663981
Cc1ccccc1Cc1cc2c(Nc3cccc(Br)c3)nc(N)nc2[nH]1,6.6020599913279625
COc1ccc(OC)c(Cc2cc3c(Nc4cccc(Br)c4)nc(N)nc3[nH]2)c1,6.2076083105017466
CN(c1cccc(Br)c1)c1nc(N)nc2[nH]c(Cc3ccccc3)cc12,4.049635145623877
Cn1c(Cc2ccccc2)cc2c(Nc3cccc(Br)c3)nc(N)nc21,3.6989700043360187
CN(c1cccc(Br)c1)c1nc(N)nc2c1cc(Cc1ccccc1)n2C,3.6989700043360187
Cc1ccccc1Cc1cc2c(N(C)c3cccc(Br)c3)nc(N)nc2[nH]1,3.6989700043360187
Cc1ccccc1Cc1cc2c(Nc3cccc(Br)c3)nc(N)nc2n1C,3.9344202852715515
Cc1ccccc1Cc1cc2c(N(C)c3cccc(Br)c3)nc(N)nc2n1C,3.6989700043360187
COc1ccc(OC)c(Cc2cc3c(N(C)c4cccc(Br)c4)nc(N)nc3[nH]2)c1,3.6989700043360187
COc1ccc(OC)c(Cc2cc3c(Nc4cccc(Br)c4)nc(N)nc3n2C)c1,3.6989700043360187
COc1ccc(OC)c(Cc2cc3c(N(C)c4cccc(Br)c4)nc(N)nc3n2C)c1,3.6989700043360187
C#Cc1cccc(Nc2ncnc3cc(OCCOC)c(OCCOC)cc23)c1,3.9041335465214573
CCN(CC)CCNC(=O)c1c(C)[nH]c(/C=C2\C(=O)Nc3ccc(F)cc32)c1C,4.723538195826756
Cc1cc(C)c(/C=C2\C(=O)Nc3ccccc32)[nH]1,4.889410289700751
Cn1ccc2ncnc(Oc3ccc(NC(=O)Nc4ccccc4)cc3)c21,7.481486060122112
Cn1ccc2ncnc(Oc3cccc(NC(=O)Nc4ccccc4)c3)c21,5.7447274948966935
Cn1ccc2ncnc(Oc3cccc(NC(=O)c4ccccc4)c3)c21,6.026872146400302
Cn1ccc2ncnc(Oc3cccc(C(=O)Nc4ccccc4)c3)c21,6.060480747381382
Cn1ccc2ncnc(Oc3ccc(NC(=O)c4ccccc4)cc3)c21,5.026872146400302
Cn1ccc2ncnc(Oc3ccc(C(=O)Nc4ccccc4)cc3)c21,5.0
Cn1ccc2ncnc(Oc3ccc(NC(=O)Cc4ccccc4)cc3)c21,5.0
Cn1ccc2ncnc(Oc3ccc(CC(=O)Nc4ccccc4)cc3)c21,5.481486060122113
Cn1ccc2ncnc(Oc3ccc(NC(=S)Nc4ccccc4)cc3)c21,5.173925197299174
Cn1ccc2ncnc(Oc3ccc(Nc4nc5ccccc5[nH]4)cc3)c21,5.376750709602099
CNC(=O)Nc1ccc(Oc2ncnc3ccn(C)c23)cc1,5.200659450546418
CCCNC(=O)Nc1ccc(Oc2ncnc3ccn(C)c23)cc1,5.4089353929735005
Cn1ccc2ncnc(Oc3ccc(NC(=O)Nc4ccccc4Cl)cc3)c21,6.468521082957745
Cn1ccc2ncnc(Oc3ccc(NC(=O)Nc4cccc(Cl)c4)cc3)c21,8.387216143280265
Cn1ccc2ncnc(Oc3ccc(NC(=O)Nc4ccc(Cl)cc4)cc3)c21,7.494850021680094
Cn1ccc2ncnc(Oc3ccc(NC(=O)Nc4cccc(C(F)(F)F)c4)cc3)c21,8.275724130399212
Cn1ccc2ncnc(Oc3ccc(NC(=O)Nc4cccc(Br)c4)cc3)c21,8.356547323513812
Cn1ccc2ncnc(Oc3ccc(NC(=O)Nc4cccc(F)c4)cc3)c21,7.721246399047171
Cc1cccc(NC(=O)Nc2ccc(Oc3ncnc4ccn(C)c34)cc2)c1,8.568636235841012
Cn1ccc2ncnc(Sc3ccc(NC(=O)Nc4ccccc4)cc3)c21,6.958607314841775
Cn1ccc2ncnc(Nc3ccc(NC(=O)Nc4ccccc4)cc3)c21,5.853871964321762
CN(c1ccc(NC(=O)Nc2cccc(C(F)(F)F)c2)cc1)c1ncnc2ccn(C)c12,5.0
O=C(Nc1ccc(N2CCn3ccc4ncnc2c43)cc1)Nc1cccc(C(F)(F)F)c1,8.148741651280925
Cn1ccc2ncnc(Oc3ccc(NC(=O)Nc4cccc(C(F)(F)F)c4)c(Cl)c3)c21,8.431798275933005
Cn1ccc2ncnc(Oc3ccc(NC(=O)Nc4cccc(C(F)(F)F)c4)cc3Cl)c21,7.522878745280337
COc1cc(Oc2ncnc3ccn(C)c23)ccc1NC(=O)Nc1cccc(C(F)(F)F)c1,7.853871964321762
Cn1ccc2ncnc(Oc3ccc(NC(=O)Nc4cccc(C(F)(F)F)c4)c(F)c3)c21,8.207608310501746
Cc1[nH]nc2c1N=C(c1ccccc1Cl)c1cc([N+](=O)[O-])ccc1N2,7.142667503568732
N#Cc1ccc2c(c1)C(c1ccccc1F)=Nc1c[nH]nc1N2,7.4089353929735005
Nc1ccc2c(c1)C(c1ccccc1Cl)=Nc1c[nH]nc1N2,7.468521082957745
CC(=O)Nc1ccc2c(c1)C(c1ccccc1Cl)=Nc1c[nH]nc1N2,7.481486060122112
O=C(Nc1n[nH]c2cc(C(=O)N[C@H](CN3CCCC3)c3ccccc3)sc12)c1ccc(N2CCOCC2)cc1,6.790484985457369
Cc1cc(C=C2C(=O)Nc3ccc(F)cc32)c2ccccc(OCCN3CCC[C@H]3CO)c1-2,6.730487055782084
CCN(CC)CCNC(=O)c1c(C)[nH]c(/C=C2\C(=O)Nc3ccc(F)cc32)c1C,7.275724130399211
CN(c1ccnc(Nc2cc(N3CCOCC3)cc(N3CCOCC3)c2)n1)c1cccc2[nH]ncc12,6.619788758288394
CCN(Cc1cc(Nc2nc(C)cn3c(-c4cn[nH]c4)cnc23)sn1)C(C)(C)CO,9.0
Cc1cn2c(-c3cn[nH]c3)cnc2c(Nc2cc([C@@H](C)N3C[C@@H](C)O[C@@H](C)C3)ns2)n1,6.1487416512809245
O=C(Nc1cccc2cccnc12)c1ccccc1,6.870954940112042
O=C(Nc1cccc2cccnc12)c1ccc([N+](=O)[O-])cc1,6.948076083953893
O=C(Nc1cccc2cccnc12)c1ccc(Cl)cc1,6.9044819576768495
O=C(Nc1cccc2cccnc12)c1ccccc1Cl,7.627087997029894
O=C(Nc1cccc2cccnc12)c1cccc([N+](=O)[O-])c1,7.782516055786093
O=C(Nc1cccc2cccnc12)c1cc(Cl)ccc1O,8.42021640338319
Cc1ccc(C(=O)Nc2cccc3cccnc23)c(O)c1,8.017728766960431
Cc1cccc(C(=O)Nc2cccc3cccnc23)c1O,7.576754126063192
O=C(Nc1cccc2cccnc12)c1cc(Br)cnc1O,8.259637310505756
Cc1cnc(O)c(C(=O)Nc2cccc3cccnc23)c1,7.8696662315049934
O=C(Nc1cccc2cccnc12)c1ccc(Cl)nc1,7.071092309756048
O=C(Nc1cccc2cccnc12)c1cncc(Br)c1,6.680269505669775
O=C(Nc1cnc2ccccc2c1)c1ccccc1,6.969805214643249
Cc1cccc(C(=O)Nc2cnc3ccccc3c2)c1Br,7.546681659952962
Cc1cc(Cl)cc(C(=O)Nc2cnc3ccccc3c2)c1,6.487315603782836
O=C(Nc1cnc2ccccc2c1)c1cc(Br)cc(Br)c1O,7.489454989793388
O=C(Nc1cnc2ccccc2c1)c1cccc(Cl)c1O,7.137868620686962
Cc1cc(Br)cc(C(=O)Nc2cnc3ccccc3c2)c1O,7.906578314837765
O=C(Nc1cnc2ccccc2c1)c1cc(Cl)cnc1Br,7.6307841425898575
Cc1cnc(Cl)c(C(=O)Nc2cnc3ccccc3c2)c1,6.99097425791309
O=C(Nc1cnc2ccccc2c1)c1cncc(Br)c1,7.053056729302175
Cc1cc(Br)cc(C(=O)Nc2cnc3ccccc3c2)c1,6.9484616094846725
O=C(Nc1cnc2ccccc2c1)c1cc(Cl)c(O)nc1O,7.485452247339714
Cc1cccc(C(=O)Nc2cnc3ccccc3c2)c1O,7.5934598195660445
c1cc(-c2cnn3cc(-c4ccc(OCCN5CCCCC5)cc4)cnc23)ccn1,8.397940008672037
c1cc(-c2cnn3cc(-c4ccc(OCCN5CCOCC5)cc4)cnc23)ccn1,7.251811972993799
O=c1ccc(-c2cnn3cc(-c4ccc(OCCN5CCOCC5)cc4)cnc23)c[nH]1,7.0
c1cc(-c2cnc3c(-c4cn[nH]c4)cnn3c2)ccc1OCCN1CCOCC1,8.0
Nc1cc(-c2cnn3cc(-c4ccc(OCCN5CCOCC5)cc4)cnc23)ccn1,7.236572006437063
Oc1ccc(-c2cnn3cc(-c4ccc(OCCN5CCOCC5)cc4)cnc23)cc1O,9.0
NS(=O)(=O)c1ccc(Nc2ncc(-c3ccc(O)c(O)c3)o2)cc1,7.0
NS(=O)(=O)c1ccc(Nc2ncc(-c3ccc(=O)[nH]c3)o2)cc1,5.0
CCN(CC)CCN1CCc2[nH]c(/C=C3\C(=O)Nc4ccc(F)cc43)c(C)c2C1=O,8.301029995663981
CCN(CC)CCN1CCc2[nH]c(/C=C3\C(=O)Nc4ccc(Cl)cc43)c(C)c2C1=O,8.0
CCN(CC)CCN1CCc2[nH]c(/C=C3\C(=O)Nc4ccc(Br)cc43)c(C)c2C1=O,7.795880017344075
Cc1c(/C=C2\C(=O)Nc3ccc(F)cc32)[nH]c2c1C(=O)N(CCN(C)C)CC2,8.698970004336019
Cc1c(/C=C2\C(=O)Nc3ccc(F)cc32)[nH]c2c1C(=O)N(CCN1CCCC1)CC2,8.096910013008056
Cc1c(/C=C2\C(=O)Nc3ccc(F)cc32)[nH]c2c1C(=O)N(CCN1CCOCC1)CC2,7.6020599913279625
Cc1c(/C=C2\C(=O)Nc3ccc(F)cc32)[nH]c2c1C(=O)N(C[C@H](O)CN1CCOCC1)CC2,9.0
CCN(CC)CCN1CCCc2[nH]c(/C=C3\C(=O)Nc4ccc(F)cc43)c(C)c2C1=O,7.853871964321762
Cc1c(/C=C2\C(=O)Nc3ccc(F)cc32)[nH]c2c1C(=O)N(CCN1CCOCC1)CCC2,9.0
Cc1c(/C=C2\C(=O)Nc3ccc(F)cc32)[nH]c2c1C(=O)N(C[C@H](O)CN1CCOCC1)CCC2,7.568636235841013
CCN(CC)CCN1CCCCc2[nH]c(/C=C3\C(=O)Nc4ccc(F)cc43)c(C)c2C1=O,6.950781977329818
CCN(CC)CCNC(=O)c1c(C)[nH]c(/C=C2\C(=O)Nc3ccc(F)cc32)c1C,7.823908740944319
CCN(CC)CCN1CCc2[nH]c(/C=C3\C(=O)Nc4ccc(F)cc43)c(C)c2C1=O,8.698970004336019
CCN(CC)CCN1CCc2[nH]c(/C=C3\C(=O)Nc4ccc(Cl)cc43)c(C)c2C1=O,6.3872161432802645
CCN(CC)CCN1CCc2[nH]c(/C=C3\C(=O)Nc4ccc(Br)cc43)c(C)c2C1=O,6.823908740944319
Cc1c(/C=C2\C(=O)Nc3ccc(F)cc32)[nH]c2c1C(=O)N(CCN(C)C)CC2,6.3872161432802645
Cc1c(/C=C2\C(=O)Nc3ccc(F)cc32)[nH]c2c1C(=O)N(CCN1CCOCC1)CC2,5.248720896016658
Cc1c(/C=C2\C(=O)Nc3ccc(F)cc32)[nH]c2c1C(=O)N(C[C@H](O)CN1CCOCC1)CC2,7.721246399047171
CCN(CC)CCN1CCCc2[nH]c(/C=C3\C(=O)Nc4ccc(F)cc43)c(C)c2C1=O,7.045757490560675
Cc1c(/C=C2\C(=O)Nc3ccc(F)cc32)[nH]c2c1C(=O)N(CCN1CCOCC1)CCC2,7.443697499232712
Cc1c(/C=C2\C(=O)Nc3ccc(F)cc32)[nH]c2c1C(=O)N(C[C@H](O)CN1CCOCC1)CCC2,7.585026652029182
CCN(CC)CCN1CCCCc2[nH]c(/C=C3\C(=O)Nc4ccc(F)cc43)c(C)c2C1=O,6.667561540084395
CCN(CC)CCNC(=O)c1c(C)[nH]c(/C=C2\C(=O)Nc3ccc(F)cc32)c1C,6.856985199745905
Cc1ccc(C(=O)Nc2ccon2)cc1NC(=O)c1cnn(-c2ccccc2F)c1N,4.301029995663981
Cc1ccc2nc(NC(=O)Cc3csc(NC(=O)Nc4cccc(Cl)c4)n3)sc2c1,8.3767507096021
Cc1nc2ccccc2n1C1CCN(CC(=O)Nc2ccccc2Br)CC1,8.0
CCOC(=O)CSc1nc2c(c(=O)[nH]c(=O)n2C)n1Cc1cccc(C)c1,8.537602002101044
NC(=O)c1cc(-c2ccccc2)sc1NC(=O)c1ccc(OC(F)F)cc1,8.2518119729938
O=C(COc1cccc(NC(=O)c2cccnc2)c1)Nc1ccc(Br)cc1,8.301029995663981
COc1ccc(OC)c(NC(=O)c2ccc(CSc3ncnc4[nH]cnc34)cc2)c1,8.229147988357855
CCOc1ccc(Nc2cnnc(Nc3ccc(OCC)cc3)n2)cc1,8.387216143280265
O=C(Nc1ccc(Oc2ncnc3sc4c(c23)CCCC4)cc1)c1ccccc1,8.387216143280265
C[C@@H]1Oc2ccc(-c3csc(NC(=O)c4cccc(Cl)c4)n3)cc2NC1=O,8.468521082957745
COc1ccccc1NC(=O)c1ccc(CSc2nnc3c(n2)[nH]c2ccccc23)cc1,8.795880017344075
CNC(=O)c1ccccc1Sc1ccc2c(/C=C/c3ccccn3)n[nH]c2c1,9.602059991327963
c1cc(-c2cnn3cc(-c4ccc(OCCN5CCCCC5)cc4)cnc23)cs1,8.397940008672037
CNC(=O)c1csc2cc(Oc3ccnc4cc(C5=NCCN5C)sc34)ccc12,9.468521082957745
O=C(Nc1cccc(C(F)(F)F)c1)c1ccccc1NCc1ccncc1,7.638272163982407
CCN1CCN(Cc2ccc(-c3cc4c([C@](C)(N)c5ccccc5)ncnc4[nH]3)cc2)CC1,7.113509274827518
CNC(=O)c1cc(COc2nnc(Nc3ccc(Cl)cc3)c3ccoc23)ccn1,8.221848749616356
CC1(C)CNc2cc(NC(=O)c3cccnc3NCc3ccncc3)ccc21,8.522878745280337
COc1cc2nccc(Oc3ccc(NC(=O)NC4CC4)c(Cl)c3)c2cc1C(N)=O,8.397940008672037
Clc1ccc(Nc2nnc(Cc3ccncc3)c3ccccc23)cc1,7.431798275933005
Cc1ccc(Nc2nccc(N(C)c3ccc4c(C)n(C)nc4c3)n2)cc1S(N)(=O)=O,7.522878745280337
COc1cc2nccc(Oc3ccc(NC(=O)Nc4cc(C)on4)c(Cl)c3)c2cc1OC,9.795880017344075
COc1cc2c(Oc3ccc4[nH]c(C)cc4c3F)ncnc2cc1OCCCN1CCCC1,8.397940008672037
COc1cc2/c(=N/c3ccc(Br)cc3F)nc[nH]c2cc1OCC1CCN(C)CC1,7.3979400086720375
CCN(CC)CCNC(=O)c1c(C)[nH]c(/C=C2\C(=O)Nc3ccc(F)cc32)c1C,8.045757490560675
CNC(=O)c1cc(Oc2ccc(NC(=O)Nc3ccc(Cl)c(C(F)(F)F)c3)cc2)ccn1,7.045757490560675
COc1ccc2cc(-c3n[nH]c4cccnc34)[nH]c2c1,6.508638306165727
NC1CCN(Cc2ccn3ncnc(Nc4ccc(F)c(Cl)c4)c23)CC1,6.958607314841775
CCN(Cc1cc(Nc2nc(C)cn3c(-c4cn[nH]c4)cnc23)sn1)C(C)(C)CO.Cl,9.0
Cc1cn2c(-c3cn[nH]c3)cnc2c(Nc2cc(CN3CCC(F)(F)C3)ns2)n1.Cl,6.259637310505756
Cl.[2H]C([2H])(c1cc(Nc2nc(C)cn3c(-c4cn[nH]c4)cnc23)sn1)N1CCC(F)(F)C1,6.468521082957745
COc1cc(O)c2c(c1)CCC[C@H](O)[C@H](O)C(=O)/C=C\C[C@H](C)OC2=O,8.698970004336019
COc1cc(O)c2c(c1)CCC[C@H](O)CC(=O)/C=C\C[C@H](C)OC2=O,8.236572006437063
COc1cc(O)c2c(c1)CCC[C@H](O)CC(=O)/C=C/C[C@H](C)OC2=O,6.721246399047171
COc1cc(O)c2c(c1)CCCCCC(=O)/C=C\C[C@H](C)OC2=O,6.769551078621726
COc1cc(O)c2c(c1)CCC[C@H](O)[C@H](O)C(=O)/C=C\C[C@H](C)OC2=O,7.2441251443275085
COc1cc(O)c2c(c1)/C=C/C[C@@H](O)[C@H](O)C(=O)/C=C\C[C@H](C)OC2=O,9.309803919971486
COc1cc(O)c2c(c1)CCCCCC(=O)C[C@H](Cl)C[C@H](C)OC2=O,4.031517051446065
COc1cc(O)c2c(c1)/C=C/CCCC(=O)C[C@H](Br)C[C@H](C)OC2=O,4.0
COc1cc(O)c2c(c1)CCCCCC(=O)C[C@H](Br)C[C@H](C)OC2=O,5.366531544420414
COc1cc(O)c2c(c1)/C=C\CCCC(=O)C[C@H](Cl)C[C@H](C)OC2=O,4.086186147616283
COc1cc(O)c2c(c1)/C=C\CCCC(=O)C[C@H](Br)C[C@H](C)OC2=O,4.619788758288394
COc1cc(O)c2c(c1)/C=C/CCCC(=O)/C=C/C[C@H](C)OC2=O,6.0
COc1cc(O)c2c(c1)CCCCCC(=O)/C=C/C[C@H](C)OC2=O,6.508638306165727
COc1cc(O)c2c(c1)/C=C\CCCC(=O)/C=C/C[C@H](C)OC2=O,5.638272163982407
COc1cc(O)c2c(c1)CCCCCC(=O)/C=C\C[C@H](C)OC2=O,6.267606240177032
COc1cc2ncnc(Nc3ccc(Cl)cc3)c2cc1OC,6.096910013008056
Cc1cc(F)c(Nc2ncnc3cc(OCc4ccccc4)ccc23)cc1O,8.698970004336019
COc1ccc(-c2cnc3c(-c4ccsc4)cnn3c2)cc1,7.721246399047171
O=C(Nc1cccc(C(F)(F)F)c1)c1c[nH]c2cccc(SCc3ccncc3)c12,6.510041520575165
CNC(=O)Nc1ccc(Oc2ncnc(N)c2/C=N/OC)cc1Cl,7.6020599913279625
CCNC(=O)Nc1ccc(Oc2ncnc(N)c2/C=N/OC)cc1Cl,7.958607314841775
CCCNC(=O)Nc1ccc(Oc2ncnc(N)c2/C=N/OC)cc1Cl,7.552841968657781
CO/N=C/c1c(N)ncnc1Oc1ccc(NC(=O)NC(C)C)c(Cl)c1,7.136677139879544
CO/N=C/c1c(N)ncnc1Oc1ccc(NC(=O)NC2CC2)c(Cl)c1,7.5376020021010435
CO/N=C/c1c(N)ncnc1Oc1ccc(NC(=O)NCCO)c(Cl)c1,6.774690718274137
CO/N=C/c1c(N)ncnc1Oc1ccc(NC(=O)NCCCO)c(Cl)c1,6.3979400086720375
CO/N=C/c1c(N)ncnc1Oc1ccc(NC(=O)NCCN(C)C)c(Cl)c1,6.54515513999149
CO/N=C/c1c(N)ncnc1Oc1ccc(NC(=O)NCCCCN2CCCC2)c(Cl)c1,6.11975822410452
CO/N=C/c1c(N)ncnc1Oc1ccc(NC(=O)Nc2ccccn2)c(Cl)c1,7.468521082957745
CO/N=C/c1c(N)ncnc1Oc1ccc(NC(=O)Nc2cccnc2)c(Cl)c1,8.0
CO/N=C/c1c(N)ncnc1Oc1ccc(NC(=O)Nc2ccncc2)c(Cl)c1,7.958607314841775
CO/N=C/c1c(N)ncnc1Oc1ccc(NC(=O)Nc2nccs2)c(Cl)c1,8.468521082957745
CO/N=C/c1c(N)ncnc1Oc1ccc(NC(=O)Nc2nc(C)c(C)s2)c(Cl)c1,8.698970004336019
CO/N=C/c1c(N)ncnc1Oc1ccc(NC(=O)Nc2cc(C)on2)c(Cl)c1,8.698970004336019
CO/N=C/c1c(N)ncnc1Oc1ccc(NC(=O)Nc2ccccc2)c(Cl)c1,8.522878745280337
CO/N=C/c1c(N)ncnc1Oc1ccc(NC(=O)Nc2ccccc2Cl)c(Cl)c1,8.585026652029182
CO/N=C/c1c(N)ncnc1Oc1ccc(NC(=O)Nc2ccccc2C)c(Cl)c1,8.102372908709558
CO/N=C/c1c(N)ncnc1Oc1ccc(NC(=O)Nc2ccccc2OC)c(Cl)c1,8.602059991327963
CO/N=C/c1c(N)ncnc1Oc1ccc(NC(=O)Nc2ccccc2F)c(Cl)c1,8.481486060122112
CO/N=C/c1c(N)ncnc1Oc1ccc(NC(=O)Nc2cccc(F)c2)c(Cl)c1,8.769551078621726
CO/N=C/c1c(N)ncnc1Oc1ccc(NC(=O)Nc2ccc(F)cc2)c(Cl)c1,8.55284196865778
CO/N=C/c1c(N)ncnc1Oc1ccc(NC(=O)Nc2ccc(F)cc2F)c(Cl)c1,8.522878745280337
CO/N=C/c1c(N)ncnc1Oc1ccc(NC(=O)NCc2ccc(F)cc2F)c(Cl)c1,7.987162775294828
CO/N=C/c1c(N)ncnc1Oc1ccc(NC(=O)NC2CCCCC2)c(Cl)c1,8.187086643357144
CO/N=C/c1c(N)ncnc1Oc1ccc(NC(C)=O)cc1Cl,5.655607726314889
CNC(=O)c1ccc(Oc2ncnc(N)c2/C=N/OC)cc1,4.0
CO/N=C/c1c(N)ncnc1Oc1ccc(NC(=O)OC)cc1Cl,6.818156412055227
CCNC(=O)Oc1ccc(Oc2ncnc(N)c2/C=N/OC)cc1,4.0
CNC(=O)Cc1ccc(Oc2ncnc(N)c2/C=N/OC)cc1,4.705533773838407
CNC(=O)Nc1ccc(Oc2ncnc(N)c2/C=N/OC)c(F)c1,6.847711655616943
CCNC(=O)Nc1ccc(Oc2ncnc(N)c2/C=N/OC)c(C)c1,6.7447274948966935
CNC(=O)Nc1ccc(Oc2ncnc(N)c2/C=N/OC)c(Br)c1,4.0
CCNC(=O)Nc1ccc(Oc2ncnc(N)c2/C=N/OC)cc1,6.847711655616943
COc1ccc(Cn2ncc(NC(=O)c3cc(NC(=O)Nc4ccc(Cl)c(C(F)(F)F)c4)ccc3C)c2N)cc1,8.025949097207123
Nc1nccc(-c2ccc3c(N)n[nH]c3c2)n1,6.075720713938118
O=C(Nc1ccc([N+](=O)[O-])cc1Cl)c1cc(Cl)ccc1O,4.636388020107856
FC(F)(F)c1cccc(-c2nnc(-c3cccnc3NCc3ccncc3)[nH]2)c1,5.958607314841775
FC(F)(F)c1cccc(-c2nnc(-c3cccnc3NCc3cn[nH]c3)[nH]2)c1,5.0
FC(F)(F)c1cccc(-c2nnc(-c3cccnc3NCc3ccncc3)o2)c1,5.6020599913279625
c1cnc(NCc2ccncc2)c(-c2nnc(-c3ccc4c(c3)OCO4)[nH]2)c1,5.638272163982407
CS(=O)(=O)c1ccc(-c2nnc(-c3cccnc3NCC3COCCO3)[nH]2)cc1,5.346787486224656
c1cnc(NCc2ccncc2)c(-c2nnc(Nc3ccc4c(c3)OCO4)o2)c1,5.723538195826756
c1ccc(-c2nnc(Nc3ccc4c(c3)OCO4)o2)c(NCc2ccncc2)c1,6.080921907623926
FC1(F)Oc2ccc(Nc3nnc(-c4cccnc4NCc4ccncc4)o3)cc2O1,5.5003129173815966
c1cncc(CNc2ncccc2-c2nnc(Nc3ccc4c(c3)OCO4)o2)c1,5.0
c1ccc(CNc2ncccc2-c2nnc(Nc3ccc4c(c3)OCO4)o2)nc1,5.0
c1cnc(NCc2ccc3c(c2)OCO3)c(-c2nnc(Nc3ccc4c(c3)OCO4)o2)c1,5.0
c1cncc(CCNc2ncccc2-c2nnc(Nc3ccc4c(c3)OCO4)o2)c1,5.467245621007502
c1cnc(NCCc2ccncc2)c(-c2nnc(Nc3ccc4c(c3)OCO4)o2)c1,5.0
c1cnc(NCc2ccncc2)c(-c2nnc(Nc3ccc4c(c3)OCCO4)o2)c1,6.769551078621726
c1cncc(CNc2ncccc2-c2nnc(Nc3ccc4c(c3)OCCO4)o2)c1,5.0
c1ccc(CNc2ncccc2-c2nnc(Nc3ccc4c(c3)OCCO4)o2)nc1,5.0
c1ccc(-c2nnc(Nc3ccc4c(c3)OCCO4)o2)c(NCc2ccncc2)c1,6.6777807052660805
c1cnc(NCc2ccc3c(c2)OCO3)c(-c2nnc(Nc3ccc4c(c3)OCCO4)o2)c1,5.585026652029182
c1cncc(CCNc2ncccc2-c2nnc(Nc3ccc4c(c3)OCCO4)o2)c1,5.0
c1cnc(NCCc2ccncc2)c(-c2nnc(Nc3ccc4c(c3)OCCO4)o2)c1,5.0
c1cnc(NCc2cnc[nH]2)c(-c2nnc(Nc3ccc4c(c3)OCCO4)o2)c1,6.795880017344075
c1cnc(NCc2ccc3[nH]ncc3c2)c(-c2nnc(Nc3ccc4c(c3)OCCO4)o2)c1,5.853871964321762
c1cnc(NCc2ccc3ncccc3c2)c(-c2nnc(Nc3ccc4c(c3)OCCO4)o2)c1,6.522878745280337
c1ccc(-c2nnc(Nc3ccc4c(c3)OCCO4)[nH]2)c(NCc2ccncc2)c1,5.292429823902063
c1cncc(CNc2ccccc2-c2nnc(Nc3ccc4c(c3)OCCO4)[nH]2)c1,5.494850021680094
c1ccc(-c2nnc(Nc3ccc4c(c3)OCCO4)[nH]2)c(NCc2cnc[nH]2)c1,5.337242168318426
c1ccc(-c2nnc(Nc3ccc4c(c3)OCCO4)[nH]2)c(NCc2ccc3[nH]ncc3c2)c1,5.508638306165727
c1ccc(-c2nnc(Nc3ccc4c(c3)OCCO4)[nH]2)c(NCc2ccc3ncccc3c2)c1,6.823908740944319
FC(F)(F)c1cccc(-c2nnc(-c3cccnc3NCc3ccncc3)[nH]2)c1,6.0
FC(F)(F)c1cccc(-c2nnc(-c3cccnc3NCc3cn[nH]c3)[nH]2)c1,5.0
FC(F)(F)c1cccc(-c2nnc(-c3cccnc3NCc3ccncc3)o2)c1,5.0
c1cnc(NCc2ccncc2)c(-c2nnc(-c3ccc4c(c3)OCO4)[nH]2)c1,5.0
CS(=O)(=O)c1ccc(-c2nnc(-c3cccnc3NCC3COCCO3)[nH]2)cc1,5.0
c1cnc(NCc2ccncc2)c(-c2nnc(Nc3ccc4c(c3)OCO4)o2)c1,5.0
c1ccc(-c2nnc(Nc3ccc4c(c3)OCO4)o2)c(NCc2ccncc2)c1,5.0
FC1(F)Oc2ccc(Nc3nnc(-c4cccnc4NCc4ccncc4)o3)cc2O1,5.0
c1cncc(CNc2ncccc2-c2nnc(Nc3ccc4c(c3)OCO4)o2)c1,5.0
c1ccc(CNc2ncccc2-c2nnc(Nc3ccc4c(c3)OCO4)o2)nc1,5.0
c1cnc(NCc2ccc3c(c2)OCO3)c(-c2nnc(Nc3ccc4c(c3)OCO4)o2)c1,5.0
c1cncc(CCNc2ncccc2-c2nnc(Nc3ccc4c(c3)OCO4)o2)c1,5.0
c1cnc(NCCc2ccncc2)c(-c2nnc(Nc3ccc4c(c3)OCO4)o2)c1,5.0
c1cnc(NCc2ccncc2)c(-c2nnc(Nc3ccc4c(c3)OCCO4)o2)c1,6.0
c1cncc(CNc2ncccc2-c2nnc(Nc3ccc4c(c3)OCCO4)o2)c1,5.0
c1ccc(CNc2ncccc2-c2nnc(Nc3ccc4c(c3)OCCO4)o2)nc1,5.0
c1ccc(-c2nnc(Nc3ccc4c(c3)OCCO4)o2)c(NCc2ccncc2)c1,6.958607314841775
c1cnc(NCc2ccc3c(c2)OCO3)c(-c2nnc(Nc3ccc4c(c3)OCCO4)o2)c1,5.0
c1cncc(CCNc2ncccc2-c2nnc(Nc3ccc4c(c3)OCCO4)o2)c1,5.0
c1cnc(NCCc2ccncc2)c(-c2nnc(Nc3ccc4c(c3)OCCO4)o2)c1,5.0
c1cnc(NCc2cnc[nH]2)c(-c2nnc(Nc3ccc4c(c3)OCCO4)o2)c1,6.080921907623926
c1cnc(NCc2ccc3[nH]ncc3c2)c(-c2nnc(Nc3ccc4c(c3)OCCO4)o2)c1,5.0
c1cnc(NCc2ccc3ncccc3c2)c(-c2nnc(Nc3ccc4c(c3)OCCO4)o2)c1,6.657577319177793
c1ccc(-c2nnc(Nc3ccc4c(c3)OCCO4)[nH]2)c(NCc2ccncc2)c1,5.0
c1cncc(CNc2ccccc2-c2nnc(Nc3ccc4c(c3)OCCO4)[nH]2)c1,5.552841968657781
c1ccc(-c2nnc(Nc3ccc4c(c3)OCCO4)[nH]2)c(NCc2cnc[nH]2)c1,5.0
c1ccc(-c2nnc(Nc3ccc4c(c3)OCCO4)[nH]2)c(NCc2ccc3[nH]ncc3c2)c1,5.136677139879544
c1ccc(-c2nnc(Nc3ccc4c(c3)OCCO4)[nH]2)c(NCc2ccc3ncccc3c2)c1,5.0
CN(C)Cc1cc(C(=O)N[C@@H]2CCc3ccc(Oc4ccnc5c4CCC(=O)N5)cc3C2)cc(C(F)(F)F)c1,7.229147988357855
CC(C)(N)c1cc(C(=O)N[C@@H]2CCc3ccc(Oc4ccnc5c4CCC(=O)N5)cc3C2)cc(C(F)(F)F)c1,8.207608310501746
COCCN(c1ccnc(Nc2cc(N3CCOCC3)cc(N3CCOCC3)c2)n1)c1cc(CO)ccc1C,6.4089353929735005
COc1cncc(N(C)c2ccnc(Nc3cc(N4CCOCC4)cc(N4CCOCC4)c3)n2)c1,6.366531544420414
COc1cccc(N(C)c2ccnc(Nc3cc(N4CCOCC4)cc(N4CCOCC4)c3)n2)n1,6.004803708402821
Cc1ccc(C(C)O)cc1N(C)c1ccnc(Nc2cc(N3CCOCC3)cc(N3CCOCC3)c2)n1,6.229884705212898
CN(c1ccc(Cl)c(CO)c1)c1ccnc(Nc2cc(N3CCOCC3)cc(N3CCOCC3)c2)n1,7.657577319177793
Cc1ccc(CO)cc1N(C)c1ccnc(Nc2cc(N3CCOCC3)cc(N3CCOCC3)c2)n1,6.087246696328677
COc1cc(CO)cc(N(C)c2ccnc(Nc3cc(N4CCOCC4)cc(N4CCOCC4)c3)n2)c1,6.721246399047171
CN(c1cccc(CO)c1)c1ccnc(Nc2cc(N3CCOCC3)cc(N3CCOCC3)c2)n1,6.85078088734462
COc1ccc(C)c(N(C)c2ccnc(Nc3cc(N4CCOCC4)cc(N4CCOCC4)c3)n2)c1,6.636388020107856
Cc1ccc(C)c(N(C)c2ccnc(Nc3cc(N4CCOCC4)cc(N4CCOCC4)c3)n2)c1,6.015472686656207
COc1cccc(N(C)c2ccnc(Nc3cc(N4CCOCC4)cc(N4CCOCC4)c3)n2)c1,7.0
CN(c1cccc(Cl)c1)c1ccnc(Nc2cc(N3CCOCC3)cc(N3CCOCC3)c2)n1,7.568636235841013
Cc1cccc(N(C)c2ccnc(Nc3cc(N4CCOCC4)cc(N4CCOCC4)c3)n2)c1,6.939302159646388
Cc1ccccc1N(C)c1ccnc(Nc2cc(N3CCOCC3)cc(N3CCOCC3)c2)n1,7.036212172654444
CN(c1ccccc1)c1ccnc(Nc2cc(N3CCOCC3)cc(N3CCOCC3)c2)n1,7.026872146400302
COc1cc2/c(=N/c3ccc(Br)cc3F)nc[nH]c2cc1OCC1CCN(C)CC1,7.0
COc1cc2/c(=N/c3ccc(Br)cc3F)nc[nH]c2cc1OCC1CCN(C)CC1,7.3979400086720375
COc1cc2ncnc(N(C)c3cccc(Br)c3)c2cc1OC,5.0
COc1cc2ncnc(Oc3cccc(Br)c3)c2cc1OC,5.008773924307505
COc1cc2ncnc(Nc3ccc(F)c(Cl)c3)c2cc1OC,5.275724130399211
COc1cc2ncnc(N(C)c3ccc(F)c(Cl)c3)c2cc1OC,5.0
COc1cc2ncnc(Oc3ccc(F)c(Cl)c3)c2cc1OC,5.022276394711152
COc1cc2ncnc(Nc3ccc(Br)cc3F)c2cc1OC,5.782516055786093
COc1cc2ncnc(N(C)c3ccc(Br)cc3F)c2cc1OC,5.0
COc1cc2ncnc(Oc3ccc(Br)c(F)c3)c2cc1OC,6.221848749616356
COc1cc2ncnc(Nc3ccc(NC(C)=O)cc3)c2cc1OC,5.0
COc1cc2ncnc(Oc3ccc(NC(C)=O)cc3)c2cc1OC,5.0
COC(=O)Nc1ccc(Nc2ncnc3cc(OC)c(OC)cc23)cc1,5.236572006437063
COC(=O)Nc1ccc(Oc2ncnc3cc(OC)c(OC)cc23)cc1,6.154901959985743
CCOC(=O)Nc1ccc(Nc2ncnc3cc(OC)c(OC)cc23)cc1,5.251811972993799
CCOC(=O)Nc1ccc(Oc2ncnc3cc(OC)c(OC)cc23)cc1,6.221848749616356
COc1cc2ncnc(Nc3ccc(NC(=O)Nc4ccccc4)cc3)c2cc1OC,5.292429823902063
COc1cc2ncnc(N(C)c3ccc(NC(=O)Nc4ccccc4)cc3)c2cc1OC,5.0
COc1cc2ncnc(Oc3ccc(NC(=O)Nc4ccccc4)cc3)c2cc1OC,7.221848749616356
COc1ccc(NC(=O)Nc2ccc(Nc3ncnc4cc(OC)c(OC)cc34)cc2)cc1,5.207608310501746
COc1ccc(NC(=O)Nc2ccc(N(C)c3ncnc4cc(OC)c(OC)cc34)cc2)cc1,5.0
COc1ccc(NC(=O)Nc2ccc(Oc3ncnc4cc(OC)c(OC)cc34)cc2)cc1,7.154901959985743
COc1cc2ncnc(N(C)c3cccc(NC(=O)Nc4ccccc4)c3)c2cc1OC,5.0
COc1cc2ncnc(Oc3cccc(NC(=O)Nc4ccccc4)c3)c2cc1OC,6.221848749616356
COc1ccc(NC(=O)Nc2cccc(N(C)c3ncnc4cc(OC)c(OC)cc34)c2)cc1,5.0
COc1ccc(NC(=O)Nc2cccc(Oc3ncnc4cc(OC)c(OC)cc34)c2)cc1,6.221848749616356
CCCCNC(=O)Nc1ccc(Oc2ncnc3cc(OC)c(OC)cc23)cc1,6.3979400086720375
COc1cc2ncnc(Oc3ccc(NC(=O)Nc4ccc(Br)cc4)cc3)c2cc1OC,7.301029995663981
COc1cc2ncnc(Oc3ccc(NC(=O)Nc4ccc(F)cc4F)cc3)c2cc1OC,7.045757490560675
COc1cc2ncnc(Oc3ccc(NC(=O)Nc4ccc(F)c(Cl)c4)cc3)c2cc1OC,7.3979400086720375
COc1cc2ncnc(Oc3ccc(NC(=O)Nc4ccc(C(F)(F)F)cc4)cc3)c2cc1OC,7.221848749616356
COc1cc2ncnc(Oc3ccc(NC(=O)Nc4ccc(C)cc4)cc3)c2cc1OC,7.301029995663981
COc1cc2ncnc(Oc3ccc(NC(=O)Nc4ccc5ccccc5c4)cc3)c2cc1OC,7.522878745280337
COc1cc2ncnc(Oc3ccc(NC(=O)Nc4cccc5ccccc45)cc3)c2cc1OC,5.259637310505756
COc1cc2ncnc(Oc3ccc(NC(=O)NC4CCCCC4)cc3)c2cc1OC,6.0
COc1cc2ncnc(Nc3ccc(NC(=O)Nc4ccc(F)c(Cl)c4)cc3)c2cc1OC,5.366531544420414
COc1cc2ncnc(N(C)c3ccc(NC(=O)Nc4ccc(F)c(Cl)c4)cc3)c2cc1OC,5.0
COc1cc2ncnc(Nc3ccc(F)c(Cl)c3)c2cc1OCCCN1CCOCC1,4.8297382846050425
COc1ccc(NC(=O)Nc2ccc(Oc3ncnc4cc(OC)c(OC)cc34)cc2)cc1,7.154901959985743
CC(=O)NC[C@H]1CC[C@H](c2nc(-c3cc4ccccc4[nH]3)c3c(N)nccn32)CC1,5.375717904164332
CN(C)C(=O)N1CCC(c2nc(-c3cc4ccccc4[nH]3)c3c(N)nccn23)CC1,5.0
N#CCNc1ncnc(-n2c(Nc3cccc(O)c3)nc3ccccc32)n1,4.3979400086720375
COc1cc(Nc2nccc(Nc3cnc4ccccc4c3)n2)cc(OC)c1OC,7.026872146400302
c1ccc2ncc(Nc3ccnc(Nc4ccc(OCCCN5CCCCC5)cc4)n3)cc2c1,5.863279432843593
CNc1nc(-c2ccc3c(N)n[nH]c3c2)cc(N2C[C@@H](C(=O)NC3CCCCC3)CC[C@H]2C)n1,5.0
CC(=O)N1CCN(c2cnc3cc(C(F)(F)F)cc(NCc4cccc([N+](=O)[O-])c4)c3c2)CC1,5.0
CN1CCN(c2ccc(OC(F)(F)F)c(Nc3ncc4c(n3)-c3c(c(C(N)=O)nn3CCO)CC4)c2)CC1,5.0
CC1(C)c2cc(C3CCN(C4COC4)CC3)ccc2C(=O)c2c1[nH]c1cc(C#N)ccc21,7.0
CCOC(=O)C1=C2C(=NC1=O)c1cccc3cccc2c13,5.0
CNC(=O)c1ncc(C#Cc2cc(C(=O)Nc3ccc(CN4CCN(CCO)CC4)c(C(F)(F)F)c3)ccc2C)n1C,8.638272163982407
O=C(c1cccs1)N1N=C(c2cccnc2)CC1c1ccccc1O,5.0
O=C(c1ccc[nH]1)N1N=C(c2cccnc2)CC1c1ccccc1O,5.0
CCOc1cccc2cc(C(=O)N3N=C(c4cccnc4)CC3c3ccccc3O)oc12,5.0
O=C(c1ccc(Br)o1)N1N=C(c2cccnc2)CC1c1ccccc1O,5.0
O=C(c1cccc(-n2cccn2)c1)N1N=C(c2cccnc2)CC1c1ccccc1O,5.0
O=C(c1ccco1)N1N=C(c2cccnc2)CC1c1ccccc1O,5.0
CSc1cn2c(-c3cn[nH]c3)cnc2c(Nc2cc(C)ns2)n1,7.443697499232712
CN(C[C@@H]1COCCO1)S(=O)(=O)Nc1ccc2ccc3ncc(-c4cnn(C)c4)cc3c(=O)c2c1,7.356547323513812
CN1CCN(c2ccc(C(=O)Nc3cc(-c4cccc(NS(=O)(=O)c5ccc(Cl)cc5)c4)n[nH]3)cc2)CC1,6.0
Cc1cccc(S(=O)(=O)Nc2cccc(-c3cc(NC(=O)c4ccc(N5CCN(C)CC5)cc4)[nH]n3)c2)c1,7.154901959985743
Cc1ccc(S(=O)(=O)Nc2cccc(-c3cc(NC(=O)c4ccc(N5CCN(C)CC5)cc4)[nH]n3)c2)cc1,6.0
COc1ccc(S(=O)(=O)Nc2cccc(-c3cc(NC(=O)c4ccc(N5CCN(C)CC5)cc4)[nH]n3)c2)cc1,6.795880017344075
CCS(=O)(=O)Nc1cccc(-c2cc(NC(=O)c3ccc(N4CCN(C)CC4)cc3)[nH]n2)c1,6.0
CCCS(=O)(=O)Nc1cccc(-c2cc(NC(=O)c3ccc(N4CCN(C)CC4)cc3)[nH]n2)c1,5.565431095965801
CC(C)S(=O)(=O)Nc1cccc(-c2cc(NC(=O)c3ccc(N4CCN(C)CC4)cc3)[nH]n2)c1,6.0
CN1CCN(c2cccc(C(=O)Nc3cc(-c4cccc(NS(=O)(=O)c5ccccc5)c4)n[nH]3)c2)CC1,6.3872161432802645
O=C(Nc1cc(-c2cccc(NS(=O)(=O)c3ccccc3)c2)n[nH]1)c1cccc(N2CCOCC2)c1,6.0
O=C(Nc1cc(-c2cccc(NS(=O)(=O)c3ccccc3)c2)n[nH]1)c1ccc(N2CCOCC2)cc1,6.346787486224656
O=C(Nc1cc(-c2cccc(NS(=O)(=O)c3ccccc3)c2)n[nH]1)c1ccc(OCCN2CCCC2)cc1,6.698970004336019
O=C(Nc1cc(-c2cccc(NS(=O)(=O)c3ccccc3)c2)n[nH]1)c1ccc(OCCN2CCOCC2)cc1,6.0
O=C(Nc1cc(-c2cccc(NS(=O)(=O)c3ccccc3)c2)n[nH]1)c1ccc(CN2CCOCC2)cc1,6.251811972993799
Cc1nc(Nc2cc(-c3cccc(NS(=O)(=O)c4ccccc4)c3)n[nH]2)cc(N2CCN(C)CC2)n1,6.5376020021010435
Cc1cccc(S(=O)(=O)Nc2cccc(-c3cc(Nc4cc(N5CCN(C)CC5)nc(C)n4)[nH]n3)c2)c1,3.0
CCCCS(=O)(=O)Nc1cccc(-c2cc(Nc3cc(N4CCN(C)CC4)nc(C)n3)[nH]n2)c1,3.0
Cc1nc(Nc2cc(-c3cccc(NS(=O)(=O)c4ccccc4)c3)n[nH]2)cc(N2CCC(O)CC2)n1,3.0
Cc1nc(Nc2cc(-c3cccc(NS(=O)(=O)c4ccccc4)c3)n[nH]2)cc(N2CCN(CCO)CC2)n1,6.853871964321762
Cc1nc(NCCN2CCOCC2)cc(Nc2cc(-c3cccc(NS(=O)(=O)c4ccccc4)c3)n[nH]2)n1,3.0
Cc1ccc(C(=O)NC2CC2)cc1Nc1ncnn2cc(C(=O)c3ccccc3)c(C)c12,4.6020599913279625
CNC(=O)c1cc(Oc2ccc(NC(=O)Nc3ccc(Cl)c(C(F)(F)F)c3)cc2)ccn1,8.522878745280337
Cc1ccc(F)c(NC(=O)Nc2ccc(-c3cccc4[nH]nc(N)c34)cc2)c1,8.301029995663981
CN1CCN(c2ccc(C(=O)Nc3cc(-c4cccc(NS(=O)(=O)c5ccccc5)c4)n[nH]3)cc2)CC1,6.886056647693163
CN1CCN(c2ccc(C(=O)Nc3cc(-c4cccc(NS(=O)(=O)c5cccc(Cl)c5)c4)n[nH]3)cc2)CC1,6.6020599913279625
Cc1cc(O)cc2oc3cc(O)cc(O)c3c(=O)c12,4.931814138253839
Cc1c(O)c(O)cc2oc3cc(O)cc(O)c3c(=O)c12,6.096910013008056
Cn1c(Nc2ccc(C(F)(F)F)cc2)nc2cc(Oc3ccnc(-c4ncc(C(F)(F)F)[nH]4)c3)ccc21,5.886056647693163
Cn1ccc2ncnc(Oc3ccc(NC(=O)Nc4cccc(C(F)(F)F)c4)c(F)c3)c21,8.327902142064282
CNC(=O)c1cc(Oc2ccc(NC(=O)Nc3ccc(Cl)c(C(F)(F)F)c3)cc2)ccn1,7.638272163982407
CCN(CC)CCNC(=O)c1c(C)[nH]c(/C=C2\C(=O)Nc3ccc(F)cc32)c1C,8.244125144327509
CN[C@@H]1C[C@H]2O[C@@](C)([C@@H]1OC)n1c3ccccc3c3c4c(c5c6ccccc6n2c5c31)C(=O)NC4,8.468521082957745
Cn1ccc2ncnc(Oc3ccc(NC(=O)Nc4cccc(C(F)(F)F)c4)c(F)c3)c21,10.481486060122112
CNC(=O)c1cc(Oc2ccc(NC(=O)Nc3ccc(Cl)c(C(F)(F)F)c3)cc2)ccn1,9.795880017344075
CCN(CC)CCNC(=O)c1c(C)[nH]c(/C=C2\C(=O)Nc3ccc(F)cc32)c1C,8.259637310505756
CN[C@@H]1C[C@H]2O[C@@](C)([C@@H]1OC)n1c3ccccc3c3c4c(c5c6ccccc6n2c5c31)C(=O)NC4,8.920818753952375
Cn1ccc2ncnc(Oc3ccc(NC(=O)Nc4cccc(C(F)(F)F)c4)c(F)c3)c21,7.337242168318426
CNC(=O)c1cc(Oc2ccc(NC(=O)Nc3ccc(Cl)c(C(F)(F)F)c3)cc2)ccn1,7.0
CCN(CC)CCNC(=O)c1c(C)[nH]c(/C=C2\C(=O)Nc3ccc(F)cc32)c1C,6.8326826652518236
CN[C@@H]1C[C@H]2O[C@@](C)([C@@H]1OC)n1c3ccccc3c3c4c(c5c6ccccc6n2c5c31)C(=O)NC4,7.958607314841775
Cn1ccc2ncnc(Oc3ccc(NC(=O)Nc4cccc(C(F)(F)F)c4)c(F)c3)c21,7.853871964321762
CNC(=O)c1cc(Oc2ccc(NC(=O)Nc3ccc(Cl)c(C(F)(F)F)c3)cc2)ccn1,8.207608310501746
CCN(CC)CCNC(=O)c1c(C)[nH]c(/C=C2\C(=O)Nc3ccc(F)cc32)c1C,7.008773924307505
CN[C@@H]1C[C@H]2O[C@@](C)([C@@H]1OC)n1c3ccccc3c3c4c(c5c6ccccc6n2c5c31)C(=O)NC4,8.42021640338319
CC1(C)c2cc(N3CCN(C4COC4)CC3)c(CCC3CCCC3)cc2C(=O)c2c1[nH]c1cc(C#N)ccc21,5.301029995663981
CC(C)c1cc2c(cc1N1CCN(C3COC3)CC1)C(C)(C)c1[nH]c3cc(C#N)ccc3c1C2=O,5.301029995663981
CCCc1cc2c(cc1N1CCN(C3COC3)CC1)C(C)(C)c1[nH]c3cc(C#N)ccc3c1C2=O,5.301029995663981
CCc1cc2c(cc1N1CCN(C3COC3)CC1)C(C)(C)c1[nH]c3cc(C#N)ccc3c1C2=O,5.301029995663981
C#Cc1cc2c(cc1N1CCN(C3COC3)CC1)C(C)(C)c1[nH]c3cc(C#N)ccc3c1C2=O,6.341988603342887
Cc1cc2c(cc1N1CCN(C3COC3)CC1)C(C)(C)c1[nH]c3cc(C#N)ccc3c1C2=O,7.216096420727265
CC1(C)c2cc(N3CCN(C4COC4)CC3)ccc2C(=O)c2c1[nH]c1cc(C#N)ccc21,6.863279432843593
CC1(C)c2cc(C3CCN(C4COC4)CC3)ccc2C(=O)c2c1[nH]c1cc(C#N)ccc21,7.0
C[C@@H](Oc1cc(-c2cnn(C3CCNCC3)c2)cnc1N)c1c(Cl)ccc(F)c1Cl,5.0
CCN1CCN(c2ccc(Nc3cc(N(C)C(=O)Nc4c(Cl)c(OC)cc(OC)c4Cl)ncn3)cc2)CC1.O=P(O)(O)O,6.027797161620936
CCN1CCN(c2ccc(Nc3cc(N(C)C(=O)Nc4c(Cl)c(OC)cc(OC)c4Cl)ncn3)cc2)CC1.O=P(O)(O)O,5.838931614528826
CCN1CCN(c2ccc(Nc3cc(N(C)C(=O)Nc4c(Cl)c(OC)cc(OC)c4Cl)ncn3)cc2)CC1.O=P(O)(O)O,6.7447274948966935
Oc1ccc(-c2ccc3c(-c4ccc(N5CCNCC5)cc4)n[nH]c3n2)cc1,7.7447274948966935
Oc1ccc(-c2ccc3c(-c4ccc(N5CCNCC5)cc4)c[nH]c3n2)cc1,5.3223930472795065
Oc1ccc(-c2ccc3c(-c4ccc(N5CCNCC5)cc4)c[nH]c3c2)cc1,4.6020599913279625
O=C(Nc1ccc(OC(F)(F)F)cc1)c1sccc1NCc1ccnc2ccccc12,8.301029995663981
CCN(CC)CCNC(=O)c1c(C)[nH]c(/C=C2\C(=O)Nc3ccc(F)cc32)c1C,7.920818753952375
Cc1[nH]c(/C=C2\C(=O)Nc3ccncc32)c(C)c1C(=O)NCCN(C)C,7.221848749616356
CCN(CC)CCNC(=O)c1ccc(/C=C2\C(=O)Nc3ccc(F)cc32)[nH]c1=O.Cl,7.823908740944319
CCc1cccc2c(/C=C3\C(=O)Nc4ccc(F)cc43)c[nH]c12,5.181774106386045
CN[C@@H]1C[C@H]2O[C@@](C)([C@@H]1OC)n1c3ccccc3c3c4c(c5c6ccccc6n2c5c31)C(=O)NC4,7.8623294627632445
CNc1nc2[nH]c(-c3cccc(CNC(=O)COC)n3)cc2c2c1ncn2C,5.826813731587726
CCOc1cccc2c1c(/C=C1\C(=O)NN=C1c1snnc1C)cn2C,7.443697499232712
Cc1nnsc1C1=NNC(=O)/C1=C\c1cn(C)c2cccc(OCc3ccccc3)c12,6.522878745280337
Cc1ccc(O)cc1CC[C@@H]1[C@@H](O)CC[C@]2(C)[C@@H]([C@H](C)/C=C/CC(C)C)CC[C@@H]12,5.305394801066432
Cc1ccc(O)cc1CC[C@@H]1C(=O)CC[C@]2(C)[C@@H]([C@H](C)/C=C/CC(C)C)CC[C@@H]12,5.337242168318426
C=C(CC[C@@H](C)[C@H]1CC[C@H]2[C@H](CCc3cc(O)ccc3C)C(=O)CC[C@]12C)C(C)C,5.314258261397736
Cc1ccc(O)cc1CC[C@@H]1C(=O)CC[C@]2(C)[C@@H]([C@H](C)CCCC(C)C)CC[C@@H]12,5.221125527997261
Cc1ccc(O)cc1CC[C@@H]1[C@H](O)CC[C@]2(C)[C@@H]([C@H](C)CCCC(C)C)CC[C@@H]12,5.361510743045363
Cc1ccc(O)cc1CC[C@@H]1C(=O)CC[C@]2(C)[C@@H]([C@H](C)CCCC(C)C)[C@@H](O)C[C@@H]12,4.0
C=C(CC[C@@H](C)[C@H]1CC[C@H]2[C@H](CCc3cc(O)ccc3C)[C@H](O)CC[C@]12C)C(C)C,4.0
Cc1ccc(O)cc1CC[C@@H]1[C@H](O)CC[C@]2(C)[C@@H]([C@H](C)CCCC(C)C)[C@@H](O)C[C@@H]12,4.0
CC(C)(O)CC(=O)NCCn1ccc2ncnc(Nc3ccc(Oc4cccc(C(F)(F)F)c4)c(Cl)c3)c21,5.0
C#Cc1cccc(Nc2ncnc3cc(OCCOC)c(OCCOC)cc23)c1,6.086186147616283
CS(=O)(=O)CCNCc1ccc(-c2ccc3ncnc(Nc4ccc(OCc5cccc(F)c5)c(Cl)c4)c3c2)o1,5.0
CN(C)CCN1CCN(C(=O)c2cc(C(C)(C)C)sc2NC(=O)Nc2cccc(Cl)c2Cl)CCC1=O,4.522878745280337
Cc1ccc(-n2nc(C(C)(C)C)cc2NC(=O)Nc2ccc(OCCN3CCOCC3)c3ccccc23)cc1,6.468521082957745
Cc1ccccc1Cc1cc2c(Nc3cccc(Br)c3)nc(N)nc2[nH]1,6.6020599913279625
Nc1nc(Nc2cccc(Br)c2)c2cc(Cc3cccc4ccccc34)[nH]c2n1,4.525783735923745
COc1ccc(OC)c(Cc2cc3c(Nc4cccc(Br)c4)nc(N)nc3[nH]2)c1,4.342944147142896
Cc1ccccc1Cc1cc2c(Nc3ccc(Cl)cc3F)nc(N)nc2[nH]1,5.294136287716081
Cc1ccccc1Cc1cc2c(Nc3ccc(Cl)cc3)nc(N)nc2[nH]1,6.318758762624412
Nc1nc(Nc2ccc(Cl)cc2F)c2cc(Cc3cccc4ccccc34)[nH]c2n1,4.493494967595128
Nc1nc(Nc2ccc(Cl)cc2)c2cc(Cc3cccc4ccccc34)[nH]c2n1,6.2076083105017466
COc1ccc(OC)c(Cc2cc3c(Nc4ccc(Cl)cc4F)nc(N)nc3[nH]2)c1,7.0
COc1ccc(OC)c(Cc2cc3c(Nc4ccc(Cl)cc4)nc(N)nc3[nH]2)c1,4.246416941107094
Cc1cc(C)c(/C=C2\C(=O)Nc3ccccc32)[nH]1,4.920818753952375
C#Cc1cccc(Nc2ncnc3cc(OCCOC)c(OCCOC)cc23)c1,3.9041335465214573
CCN(CC)CCNC(=O)c1c(C)[nH]c(/C=C2\C(=O)Nc3ccc(F)cc32)c1C,4.723538195826756
CN1CCN(c2ccc(OC(F)(F)F)c(Nc3nccc(-c4cc(C(N)=O)cn4C)n3)c2)CC1,5.0
CN1CCN(c2ccc(OC(F)(F)F)c(Nc3nccc(-c4cc5c(n4C)CCNC5=O)n3)c2)CC1,5.0
C[C@@H]1CCC(N2CC[C@]3(CN(C(=O)c4cc5ccc(F)cc5[nH]4)c4ccccc43)C2)CN1,4.6595558851598815
CN1CCC(COc2ccc3c(Nc4ccc(CC(=O)Nc5ccc(Cl)c(C(F)(F)F)c5)cc4)ncnc3c2)CC1,7.060480747381382
CN1CCC(COc2ccc3c(Nc4ccc(CC(=O)Nc5cccc(F)c5)cc4)ncnc3c2)CC1,7.187086643357144
CN1CCC(COc2ccc3c(Nc4ccc(CC(=O)Nc5ccc(F)c(F)c5)cc4)ncnc3c2)CC1,7.136677139879544
CCNC(=O)Nc1ccc(Nc2ncnc3cc(OCC4CCN(C)CC4)ccc23)cc1,6.978810700930062
CN1CCC(COc2ccc3c(Nc4ccc(NC(=O)NC5CC5)cc4)ncnc3c2)CC1,7.008773924307505
CN1CCC(COc2ccc3c(Nc4ccc(NC(=O)NC5CCCCC5)cc4)ncnc3c2)CC1,6.6252516539898965
CN1CCC(COc2ccc3c(Nc4ccc(NC(=O)Nc5ccc(Cl)c(C(F)(F)F)c5)cc4)ncnc3c2)CC1,7.638272163982407
CN1CCC(COc2ccc3c(Nc4ccc(NC(=O)Nc5cccc(F)c5)cc4)ncnc3c2)CC1,8.259637310505756
CN1CCC(COc2ccc3c(Nc4ccc(NC(=O)Nc5ccc(F)c(F)c5)cc4)ncnc3c2)CC1,7.6020599913279625
Cc1ccc(NC(=O)Nc2ccc(Nc3ncnc4cc(OCC5CCN(C)CC5)ccc34)cc2)cc1Br,7.346787486224656
CN1CCC(COc2ccc3c(Nc4ccc(NC(=O)Nc5ccc(Br)cc5F)cc4)ncnc3c2)CC1,7.301029995663981
CN1CCC(COc2ccc3c(Nc4ccc(NC(=O)Nc5cccc(F)c5)c(F)c4)ncnc3c2)CC1,7.823908740944319
CN1CCC(COc2ccc3c(Nc4ccc(NC(=O)Nc5cccc(F)c5)c(Cl)c4)ncnc3c2)CC1,7.769551078621726
COc1cc2c(Nc3ccc(NC(=O)Nc4cccc(F)c4)cc3)ncnc2cc1OCC1CCN(C)CC1,7.795880017344075
COc1cc2c(Nc3ccc(NC(=O)Nc4cccc(F)c4)c(F)c3)ncnc2cc1OCC1CCN(C)CC1,7.769551078621726
COc1cc2/c(=N/c3ccc(Br)cc3F)nc[nH]c2cc1OCC1CCN(C)CC1,7.455931955649724
Cc1ncnc(Nc2ccc(OCc3cccc(F)c3)c(Cl)c2)c1C#Cc1ccc(CN2CCCC2)c(F)c1,4.0
Cc1cc2c(cc1N1CCC(N3CCOCC3)CC1)C(C)(C)c1[nH]c3cc(C#N)ccc3c1C2=O,6.730487055782084
CCCc1cc2c(cc1N1CCC(N3CCOCC3)CC1)C(C)(C)c1[nH]c3cc(C#N)ccc3c1C2=O,5.301029995663981
CC1(C)c2cc(N3CCC(N4CCOCC4)CC3)ccc2C(=O)c2c1[nH]c1cc(C#N)ccc21,6.11975822410452
CCc1cc2c(cc1N1CCC(N3CCOCC3)CC1)C(C)(C)c1[nH]c3cc(C#N)ccc3c1C2=O,5.853871964321762
CCc1cc2c(cc1N1CCN(C3COC3)CC1)C(C)(C)c1[nH]c3cc(C#N)ccc3c1C2=O,5.301029995663981
CCc1cc2c(cc1N1CCN(C3CCC3)CC1)C(C)(C)c1[nH]c3cc(C#N)ccc3c1C2=O,5.5052889747947376
CCc1cc2c(cc1N1CCN(C3CC3)CC1)C(C)(C)c1[nH]c3cc(C#N)ccc3c1C2=O,5.375717904164332
CC1(C)c2ccc(N3CCN(C4COC4)CC3)cc2C(=O)c2c1[nH]c1cc(C#N)ccc21,5.301029995663981
CC1(C)c2ccc(N3CCN(C4CC4)CC3)cc2C(=O)c2c1[nH]c1cc(C#N)ccc21,5.301029995663981
CC1(C)c2ccc(C3CCN(C4COC4)CC3)cc2C(=O)c2c1[nH]c1cc(C#N)ccc21,5.598427154323554
CC1(C)c2ccc(C3CCN(C4CC4)CC3)cc2C(=O)c2c1[nH]c1cc(C#N)ccc21,6.054531414868181
Cc1ccc2nc(Cl)c(/C=C/C(=O)c3ccsc3)cc2c1,6.5416946078819835
Cc1ccc2nc(Cl)c(/C=C/C(=O)c3sccc3C)cc2c1,6.7339330182565895
Cc1csc(C(=O)/C=C/c2cc3cc(C)ccc3nc2Cl)c1,6.771676650691984
Cc1ccc2nc(Cl)c(/C=C/C(=O)c3ccc(C)s3)cc2c1,6.753895515857288
Cc1ccc2nc(Cl)c(/C=C/C(=O)c3cc(C)sc3C)cc2c1,6.343508905698415
Cc1ccc2nc(Cl)c(/C=C/C(=O)c3sccc3Cl)cc2c1,7.059931986260647
Cc1ccc2nc(Cl)c(/C=C/C(=O)c3ccc(Cl)s3)cc2c1,6.969683694011414
Cc1ccc2nc(Cl)c(/C=C/C(=O)c3cc(Cl)sc3Cl)cc2c1,7.089215565207163
Cc1ccc2nc(Cl)c(/C=C/C(=O)c3sccc3Br)cc2c1,6.888535848413346
Cc1ccc2nc(Cl)c(/C=C/C(=O)c3ccc(Br)s3)cc2c1,6.948770276506837
Cc1ccc2nc(Cl)c(/C=C/C(=O)c3ccc(I)s3)cc2c1,6.811718520477333
Cc1ccc2cc(/C=C/C(=O)c3ccsc3)c(Cl)nc2c1,6.682960969601656
Cc1ccc2cc(/C=C/C(=O)c3sccc3C)c(Cl)nc2c1,6.803519832299852
Cc1csc(C(=O)/C=C/c2cc3ccc(C)cc3nc2Cl)c1,6.855861862336412
Cc1ccc2cc(/C=C/C(=O)c3ccc(C)s3)c(Cl)nc2c1,6.887596107282126
Cc1ccc2cc(/C=C/C(=O)c3cc(C)sc3C)c(Cl)nc2c1,6.250812695146275
Cc1ccc2cc(/C=C/C(=O)c3sccc3Cl)c(Cl)nc2c1,7.082441979174564
Cc1ccc2cc(/C=C/C(=O)c3ccc(Cl)s3)c(Cl)nc2c1,7.035127791362225
Cc1ccc2cc(/C=C/C(=O)c3cc(Cl)sc3Cl)c(Cl)nc2c1,7.134244775928549
Cc1ccc2cc(/C=C/C(=O)c3sccc3Br)c(Cl)nc2c1,6.949774962116346
Cc1ccc2cc(/C=C/C(=O)c3ccc(Br)s3)c(Cl)nc2c1,6.98371897545717
Cc1ccc2cc(/C=C/C(=O)c3ccc(I)s3)c(Cl)nc2c1,6.8288295650983795
Cc1cccc2cc(/C=C/C(=O)c3ccsc3)c(Cl)nc12,6.409871805279402
Cc1ccsc1C(=O)/C=C/c1cc2cccc(C)c2nc1Cl,6.573049786345024
Cc1csc(C(=O)/C=C/c2cc3cccc(C)c3nc2Cl)c1,6.633054336147427
Cc1ccc(C(=O)/C=C/c2cc3cccc(C)c3nc2Cl)s1,6.581897667750041
Cc1cc(C(=O)/C=C/c2cc3cccc(C)c3nc2Cl)c(C)s1,6.0
Cc1cccc2cc(/C=C/C(=O)c3sccc3Cl)c(Cl)nc12,6.887529060661861
Cc1cccc2cc(/C=C/C(=O)c3ccc(Cl)s3)c(Cl)nc12,6.723377375798292
Cc1cccc2cc(/C=C/C(=O)c3cc(Cl)sc3Cl)c(Cl)nc12,6.446347526026526
Cc1cccc2cc(/C=C/C(=O)c3sccc3Br)c(Cl)nc12,6.504483413786313
Cc1cccc2cc(/C=C/C(=O)c3ccc(Br)s3)c(Cl)nc12,6.43495542435504
Cc1cccc2cc(/C=C/C(=O)c3ccc(I)s3)c(Cl)nc12,6.316979993379274
Cn1c2c(c3ccc(Cl)c(Cl)c31)C(C#N)C1(CCNCC1)NC2=O,5.142667503568732
Cc1ncc(CCCN(C)C)cc1Nc1ncc2c(n1)-c1ccc(Cl)cc1NC(=S)C2,6.886056647693163
CN(C)CCCc1cncc(Nc2ncc3c(n2)-c2ccc(Cl)cc2NC(=S)C3)c1,7.958607314841775
CN(C)CCCc1cc(Nc2ncc3c(n2)-c2ccc(Cl)cc2NC(=S)C3)ccc1C(F)(F)F,7.292429823902063
COc1ccc(Nc2ncc3c(n2)-c2ccc(Cl)cc2NC(=S)C3)cc1CCCN(C)C,9.0
CN(C)CCCc1cc(Nc2ncc3c(n2)-c2ccc(Cl)cc2NC(=S)C3)ccc1F,7.6777807052660805
CC(C)c1ccc(CCCN(C)C)cc1Nc1ncc2c(n1)-c1ccc(Cl)cc1NC(=S)C2,5.853871964321762
CN(C)CCCc1ccc(C(F)(F)F)c(Nc2ncc3c(n2)-c2ccc(Cl)cc2NC(=S)C3)c1,6.508638306165727
CN(C)CCCc1ccc(OC(F)(F)F)c(Nc2ncc3c(n2)-c2ccc(Cl)cc2NC(=S)C3)c1,6.721246399047171
COc1ccc(CCCN(C)C)cc1Nc1ncc2c(n1)-c1ccc(Cl)cc1NC(=S)C2,7.267606240177032
CN(C)CCCc1ccc(Cl)c(Nc2ncc3c(n2)-c2ccc(Cl)cc2NC(=S)C3)c1,7.251811972993799
Cc1ccc(CCCN(C)C)cc1Nc1ncc2c(n1)-c1ccc(Cl)cc1NC(=S)C2,8.0
CN(C)CCCc1cccc(Nc2ncc3c(n2)-c2ccc(Cl)cc2NC(=S)C3)c1,8.0
Cn1c(Nc2ccc(C(F)(F)F)cc2)nc2ccc(Oc3ccnc(-c4cnc(C(F)(F)F)[nH]4)c3)cc21,7.522878745280337
CNC(=O)c1cc(Oc2ccc3nc(Nc4cccc(C(C)(C)C)c4)ncc3c2)ccn1,6.0
CNC(=O)c1cc(Oc2ccc3nc(Nc4cccc(C(C)(C)C)c4)cnc3c2)ccn1,6.0
CNC(=O)c1cc(Oc2ccc3nc(Nc4cccc(C(C)(C)C)c4)ccc3c2)ccn1,6.0
COc1ccc(C(C)=O)cc1COc1ccc(Cl)c(C)c1,4.301029995663981
COc1ccc(C(N)=O)cc1COc1ccc(Cl)c(C)c1,4.301029995663981
COc1ccc(C(N)=O)cc1COc1ccc(Cl)cc1,4.301029995663981
COc1ccc(C(=O)NC[C@@H](O)CO)cc1/C=C/c1ccc(Cl)cc1,4.301029995663981
COc1ccc(C(=O)NC[C@H](O)CO)cc1/C=C/c1ccc(Cl)cc1,4.301029995663981
COc1ccc(N2Cc3cnc(Nc4ccccc4)nc3N([C@@H]3CC[C@@H](O)C3)C2=O)cc1,7.356547323513812
COc1ccc(N2Cc3cnc(Nc4ccccc4)nc3N([C@@H]3CC[C@@H](O)C3)C2=O)cc1,7.920818753952375
COc1ccc(N2Cc3cnc(Nc4ccccc4)nc3N([C@H]3CC[C@H](O)C3)C2=O)cc1,7.823908740944319
COc1ccc(C(N)=O)cc1/C=C/c1ccc(Cl)cc1,4.301029995663981
COc1ccc(COc2ccc(Cc3cnc(N)nc3N)cc2OC)cc1,4.698970004336019
COc1ccc(-c2ocnc2C(=O)NCc2ccncc2)cc1,5.0
Nc1nc(Nc2cccc(Br)c2)c2cc(Cc3ccc4ccccc4c3)[nH]c2n1,4.301029995663981
Nc1nc(Nc2cccc(Br)c2)c2cc(Cc3ccc(Cl)c(Cl)c3)[nH]c2n1,4.301029995663981
Nc1nc(Nc2cccc(Br)c2)c2cc(Cc3ccccc3)[nH]c2n1,4.301029995663981
Nc1nc(Nc2cccc(Br)c2)c2cc(Cc3ccc(Cl)cc3Cl)[nH]c2n1,4.551139154392559
COc1cc(Cc2cc3c(Nc4cccc(Br)c4)nc(N)nc3[nH]2)cc(OC)c1OC,5.025949097207122
Nc1nc(Nc2cccc(Br)c2)c2cc(Cc3ccc(Cl)cc3)[nH]c2n1,5.08196966321512
Nc1nc(Nc2cccc(Br)c2)c2cc(Cc3ccc(-c4ccccc4)cc3)[nH]c2n1,5.224025668870631
Nc1nc(Nc2cccc(Br)c2)c2cc(Cc3ccccc3Cl)[nH]c2n1,5.253365801062421
Nc1nc(Nc2cccc(Br)c2)c2cc(Cc3cccc4ccccc34)[nH]c2n1,5.294136287716081
COc1ccc(OC)c(Cc2cc3c(Nc4cccc(Br)c4)nc(N)nc3[nH]2)c1,6.2076083105017466
Cc1ccccc1Cc1cc2c(Nc3cccc(Br)c3)nc(N)nc2[nH]1,6.6020599913279625
Nc1nc(Nc2cccc(Br)c2)c2ccn(Cc3ccc(Cl)cc3Cl)c2n1,3.6989700043360187
COc1ccc(OC)c(Cn2ccc3c(Nc4cccc(Br)c4)nc(N)nc32)c1,3.6989700043360187
Cc1ccccc1Cn1ccc2c(Nc3cccc(Br)c3)nc(N)nc21,3.9453869454431123
Nc1nc(Nc2cccc(Br)c2)c2ccn(Cc3ccc(Cl)cc3)c2n1,4.185086818724926
Nc1nc(Nc2cccc(Br)c2)c2ccn(Cc3ccc(Cl)c(Cl)c3)c2n1,4.1904402853647325
COc1cc(Cn2ccc3c(Nc4cccc(Br)c4)nc(N)nc32)cc(OC)c1OC,4.590066876668706
Nc1nc(Nc2cccc(Br)c2)c2ccn(Cc3ccccc3)c2n1,4.623423042943488
Nc1nc(Nc2cccc(Br)c2)c2ccn(Cc3ccc(-c4ccccc4)cc3)c2n1,4.640164517660112
Nc1nc(Nc2cccc(Br)c2)c2ccn(Cc3ccc4ccccc4c3)c2n1,4.640164517660112
Nc1nc(Nc2cccc(Br)c2)c2ccn(Cc3ccccc3Cl)c2n1,4.747146969020107
Nc1nc(Nc2cccc(Br)c2)c2ccn(Cc3cccc4ccccc34)c2n1,4.826813731587726
Cc1cc(C)c(/C=C2\C(=O)Nc3ccccc32)[nH]1,5.614393726401688
CCN(CC)CCNC(=O)c1c(C)[nH]c(/C=C2\C(=O)Nc3ccc(F)cc32)c1C,8.096910013008056
CC(C)n1c2c(c3c1-c1ccccc1C3=O)C(=O)CCC2,4.455931955649724
O=c1oc2c(O)c(O)cc3c(=O)oc4c(O)c(O)cc1c4c23,6.102372908709558
O=c1[nH]nc2cc(CO)c3ccc(-c4ccc[nH]4)cc3n12,6.496209316942819
CC(C)n1c2ccc(Nc3ncccn3)cc2c2c3c(c4c(c21)CCc1nn(C)cc1-4)C(=O)NC3,8.0
CCCn1c2ccc(Nc3ncccn3)cc2c2c3c(c4c(c21)CCc1nn(C)cc1-4)C(=O)NC3,8.0
CCc1cnc(Nc2ccc3c(c2)c2c4c(c5c(c2n3CC(C)C)CCc2nn(C)cc2-5)C(=O)NC4)nc1,8.0
CCCn1c2ccc(Nc3ncc(CC)cn3)cc2c2c3c(c4c(c21)CCc1nn(C)cc1-4)C(=O)NC3,8.0
CC(C)Cn1c2ccc(Nc3ncccn3)cc2c2c3c(c4c(c21)CCc1nn(C)cc1-4)C(=O)NC3,8.0
CCCn1c2ccc(NC(=O)OC(C)C)cc2c2c3c(c4c(c21)CCc1nn(C)cc1-4)C(=O)NC3,8.0
Cc1cc(C)nc(Nc2ccc3c(c2)c2c4c(c5c(c2n3CC(C)C)CCc2nn(C)cc2-5)C(=O)NC4)n1,5.522878745280337
CC(C)Cn1c2ccc(Nc3nccc(C(F)(F)F)n3)cc2c2c3c(c4c(c21)CCc1nn(C)cc1-4)C(=O)NC3,6.567030709125595
CC(C)n1c2ccc(Nc3ccncc3)cc2c2c3c(c4c(c21)CCc1nn(C)cc1-4)C(=O)NC3,6.59176003468815
CC(C)Cn1c2ccc(Nc3ncccn3)cc2c2c3c(c4c(c21)CCc1c-4cnn1C)C(=O)NC3,7.200659450546418
COc1ccnc(Nc2ccc3c(c2)c2c4c(c5c(c2n3CC(C)C)CCc2nn(C)cc2-5)C(=O)NC4)n1,7.494850021680094
CCc1cnc(Nc2ccc3c(c2)c2c4c(c5c(c2n3CC(C)C)CCc2nn(C)cc2-5)C(=O)NC4)nc1,7.853871964321762
CC(C)n1c2ccc(Nc3cccnn3)cc2c2c3c(c4c(c21)CCc1nn(C)cc1-4)C(=O)NC3,8.0
CCCn1c2ccc(Nc3ncc(CC)cn3)cc2c2c3c(c4c(c21)CCc1nn(C)cc1-4)C(=O)NC3,8.045757490560675
CCCn1c2ccc(Nc3ncccn3)cc2c2c3c(c4c(c21)CCc1nn(C)cc1-4)C(=O)NC3,8.221848749616356
CC(C)Cn1c2ccc(Nc3ncccn3)cc2c2c3c(c4c(c21)CCc1nn(C)cc1-4)C(=O)NC3,8.397940008672037
CC(C)n1c2ccc(Nc3ncccn3)cc2c2c3c(c4c(c21)CCc1nn(C)cc1-4)C(=O)NC3,8.522878745280337
Fc1ccc(-c2cn(-c3ccc(C(F)(F)F)cc3)nc2-c2ccncc2)cc1,4.568636235841013
Fc1ccc(-c2cn(-c3c(Cl)cc(Cl)cc3Cl)nc2-c2ccncc2)cc1,6.6777807052660805
Nc1cc(-c2ccncc2)nn1-c1c(Cl)cc(Cl)cc1Cl,4.060480747381382
Nc1c(C(=O)O)c(-c2ccncc2)nn1-c1c(Cl)cc(Cl)cc1Cl,4.366531544420414
NC(=O)c1c(-c2ccncc2)nn(-c2ccccc2)c1N,4.318758762624412
CCOC(=O)c1c(-c2ccncc2)nn(-c2c(Cl)cc(Cl)cc2Cl)c1N,4.0
NC(=O)c1c(-c2ccncc2)nn(-c2c(Cl)cc(Cl)cc2Cl)c1N,4.508638306165727
Nc1c(-c2ccc(F)cc2)c(-c2ccncc2)nn1-c1ccc(C(F)(F)F)cc1,5.619788758288394
N#Cc1ccc(-n2nc(-c3ccncc3)c(-c3ccc(F)cc3)c2N)cc1,5.886056647693163
Cc1ccc(-n2nc(-c3ccncc3)c(-c3ccc(F)cc3)c2N)cc1,5.585026652029182
Nc1c(-c2ccc(F)cc2)c(-c2ccncc2)nn1-c1ccc([N+](=O)[O-])cc1,5.853871964321762
COc1ccc(-n2nc(-c3ccncc3)c(-c3ccc(F)cc3)c2N)cc1,5.721246399047171
Nc1c(-c2ccc(F)cc2)c(-c2ccncc2)nn1-c1ccc(Cl)cc1,5.920818753952375
Nc1c(-c2ccc(F)cc2)c(-c2ccncc2)nn1-c1ccccc1,5.619788758288394
Nc1c(-c2ccc(F)cc2)c(-c2ccncc2)nn1-c1c(Cl)cc(Cl)cc1Cl,7.468521082957745
COc1cc2ncnc(Nc3ccccc3)c2cc1OC,5.154901959985743
COc1cc2ncnc(Nc3ccc(Br)cc3)c2cc1OC,6.096910013008056
COc1cc2ncnc(Nc3ccc(F)c(Cl)c3)c2cc1OC,5.275724130399211
COc1cc2ncnc(Nc3ccc(Br)cc3F)c2cc1OC,5.782516055786093
CCC(=O)Nc1ccc(Nc2ncnc3cc(OC)c(OC)cc23)cc1,5.136677139879544
CCCC(=O)Nc1ccc(Nc2ncnc3cc(OC)c(OC)cc23)cc1C,5.3979400086720375
CCCCC(=O)Nc1ccc(Nc2ncnc3cc(OC)c(OC)cc23)cc1C,5.167491087293763
COC(=O)Nc1ccc(Nc2ncnc3cc(OC)c(OC)cc23)cc1,5.236572006437063
CCOC(=O)Nc1ccc(Nc2ncnc3cc(OC)c(OC)cc23)cc1,5.251811972993799
CCCOC(=O)Nc1ccc(Nc2ncnc3cc(OC)c(OC)cc23)cc1,5.301029995663981
CCCCOC(=O)Nc1ccc(Nc2ncnc3cc(OC)c(OC)cc23)cc1,5.167491087293763
COc1cc2ncnc(Nc3ccc(NC(=O)OC(C)C)cc3)c2cc1OC,5.296708621881339
COC(=O)Nc1ccc(Nc2ncnc3cc(OC)c(OC)cc23)cc1Cl,5.296708621881339
CCOC(=O)Nc1ccc(Nc2ncnc3cc(OC)c(OC)cc23)cc1Cl,6.301029995663981
CCCOC(=O)Nc1ccc(Nc2ncnc3cc(OC)c(OC)cc23)cc1Cl,5.481486060122113
CCCCOC(=O)Nc1ccc(Nc2ncnc3cc(OC)c(OC)cc23)cc1Cl,5.309803919971486
COC(=O)Nc1ccc(Nc2ncnc3cc(OC)c(OC)cc23)cc1C,6.070581074285707
CCOC(=O)Nc1ccc(Nc2ncnc3cc(OC)c(OC)cc23)cc1C,6.187086643357144
CCCOC(=O)Nc1ccc(Nc2ncnc3cc(OC)c(OC)cc23)cc1C,6.070581074285707
CCCCOC(=O)Nc1ccc(Nc2ncnc3cc(OC)c(OC)cc23)cc1C,5.2839966563652006
COc1cc2ncnc(Nc3ccc(NC(=O)OC(C)C)c(C)c3)c2cc1OC,5.279840696594043
CCOC(=O)Nc1cc(Nc2ncnc3cc(OC)c(OC)cc23)ccc1Cl,5.255707016877324
COC(=O)Nc1cc(Nc2ncnc3cc(OC)c(OC)cc23)ccc1C,5.107905397309519
CCOC(=O)Nc1cc(Nc2ncnc3cc(OC)c(OC)cc23)ccc1C,5.187086643357144
CCNC(=O)Nc1ccc(Nc2ncnc3cc(OC)c(OC)cc23)cc1,5.3325470471100465
CCCCNC(=O)Nc1ccc(Nc2ncnc3cc(OC)c(OC)cc23)cc1,5.236572006437063
COc1cc2ncnc(Nc3ccc(NC(=O)Nc4ccccc4)cc3)c2cc1OC,5.292429823902063
COc1cccc(NC(=O)Nc2ccc(Nc3ncnc4cc(OC)c(OC)cc34)cc2)c1,5.207608310501746
COc1cc2ncnc(Nc3ccc(NC(=O)Nc4ccc(F)c(Cl)c4)cc3)c2cc1OC,5.366531544420414
CCN(CC)CCOc1cc2ncnc(Nc3ccc(F)c(Cl)c3)c2cc1OC,5.161150909262744
CCN(CC)CCOc1cc2ncnc(Nc3ccc(Br)cc3F)c2cc1OC,6.0
CCN(CC)CCOc1cc2ncnc(Nc3ccc(C)c(Br)c3)c2cc1OC,5.1904402853647325
CCN(CC)CCOc1cc2ncnc(Nc3ccc(NC(=O)OC)c(Cl)c3)c2cc1OC,5.2839966563652006
CCOC(=O)Nc1ccc(Nc2ncnc3cc(OCCN(CC)CC)c(OC)cc23)cc1Cl,5.474955192963154
CCN(CC)CCOc1cc2ncnc(Nc3ccc(NC(=O)OC)c(C)c3)c2cc1OC,5.158015195409886
CCOC(=O)Nc1ccc(Nc2ncnc3cc(OCCN(CC)CC)c(OC)cc23)cc1C,5.431798275933005
CCNC(=O)Nc1ccc(Nc2ncnc3cc(OCCN(CC)CC)c(OC)cc23)cc1,5.180456064458132
CCN(CC)CCOc1cc2c(Nc3ccc(Br)cc3F)ncnc2cc1OC,5.127843727251707
CCOC(=O)Nc1ccc(Nc2ncnc3cc(OC)c(OCCN(CC)CC)cc23)cc1C,5.139661993429006
CCCCOc1cc2c(Nc3ccc(Br)cc3F)ncnc2cc1OCCN(CC)CC,5.275724130399211
CCCCOc1cc2c(Nc3ccc(NC(=O)OC)c(Cl)c3)ncnc2cc1OCCN(CC)CC,5.130768280269024
CCCCOc1cc2c(Nc3ccc(NC(=O)OCC)c(Cl)c3)ncnc2cc1OCCN(CC)CC,5.318758762624412
CCCCOc1cc2c(Nc3ccc(NC(=O)OC)c(C)c3)ncnc2cc1OCCN(CC)CC,5.026872146400302
CCCCOc1cc2c(Nc3ccc(NC(=O)OCC)c(C)c3)ncnc2cc1OCCN(CC)CC,5.2441251443275085
COc1cc2ncnc(Oc3ccc(F)c(Cl)c3)c2cc1OC,5.008773924307505
COc1cc2ncnc(Oc3ccc(Br)c(F)c3)c2cc1OC,6.221848749616356
COc1cc2ncnc(Oc3cccc(NC(C)=O)c3)c2cc1OC,5.050609993355087
COC(=O)Nc1ccc(Oc2ncnc3cc(OC)c(OC)cc23)cc1,6.154901959985743
CCOC(=O)Nc1ccc(Oc2ncnc3cc(OC)c(OC)cc23)cc1,6.221848749616356
CCCCNC(=O)Nc1ccc(Oc2ncnc3cc(OC)c(OC)cc23)cc1,6.3979400086720375
COc1cc2ncnc(Oc3ccc(NC(=O)NC4CCCCC4)cc3)c2cc1OC,6.0
COc1cc2ncnc(Oc3ccc(NC(=O)Nc4ccccc4)cc3)c2cc1OC,7.221848749616356
COc1ccc(NC(=O)Nc2ccc(Oc3ncnc4cc(OC)c(OC)cc34)cc2)cc1,7.154901959985743
COc1cc2ncnc(Oc3ccc(NC(=O)Nc4ccc(F)c(Cl)c4)cc3)c2cc1OC,7.3979400086720375
COc1cc2ncnc(Oc3ccc(NC(=O)Nc4ccc(F)cc4F)cc3)c2cc1OC,7.045757490560675
COc1cc2ncnc(Oc3ccc(NC(=O)Nc4ccc(Br)cc4)cc3)c2cc1OC,7.301029995663981
COc1cc2ncnc(Oc3ccc(NC(=O)Nc4ccc5ccccc5c4)cc3)c2cc1OC,7.522878745280337
COc1cc2ncnc(Oc3cccc(NC(=O)Nc4ccccc4)c3)c2cc1OC,6.221848749616356
COc1ccc(NC(=O)Nc2cccc(Oc3ncnc4cc(OC)c(OC)cc34)c2)cc1,6.221848749616356
COc1cccc(NC(=O)Nc2ccc(Oc3ncnc4cc(OC)c(OC)cc34)cc2)c1,7.3979400086720375
COc1cc2ncnc(Oc3ccc(NC(=O)Nc4cccc(Br)c4)cc3)c2cc1OC,8.221848749616356
COc1cc2ncnc(Oc3ccc(NC(=O)Nc4ccc(Br)cc4)c(C)c3)c2cc1OC,7.3979400086720375
COc1cc2ncnc(Oc3ccc(NC(=O)Nc4cccc(Br)c4)c(C)c3)c2cc1OC,8.397940008672037
COc1cc2ncnc(Oc3ccc(NC(=O)Nc4ccc(F)c(Cl)c4)c(C)c3)c2cc1OC,8.221848749616356
COc1cc2ncnc(Oc3ccc(NC(=O)Nc4ccc5ccccc5c4)c(C)c3)c2cc1OC,8.698970004336019
CN1CCc2nc(-c3cc4ccccc4[nH]c3=O)[nH]c2C1,6.0
O=c1[nH]c2ccccc2cc1-c1cc2ccccc2[nH]1,8.096910013008056
CN1CCc2nc(-c3cc4ccccc4[nH]c3=O)[nH]c2C1,6.0
O=c1[nH]c2ccccc2cc1-c1nc2c([nH]1)CN(Cc1ccccc1)CC2,5.221848749616356
O=C(OCc1ccccc1)N1CCc2nc(-c3cc4ccccc4[nH]c3=O)[nH]c2C1,6.221848749616356
O=c1[nH]c2ccccc2cc1-c1nc2c([nH]1)CN(C1CCNCC1)CC2,5.301029995663981
O=C(c1cccnc1)N1CCc2nc(-c3cc4ccccc4[nH]c3=O)[nH]c2C1,6.698970004336019
O=C(c1cccnc1)N1CCc2nc(-c3cc4c(F)cccc4[nH]c3=O)[nH]c2C1,6.221848749616356
O=C(c1cccnc1)N1CCc2nc(-c3cc4cc(F)ccc4[nH]c3=O)[nH]c2C1,9.0
O=C(c1ccncc1)N1CCc2nc(-c3cc4ccccc4[nH]c3=O)[nH]c2C1,6.698970004336019
O=C(c1ccncc1)N1CCc2nc(-c3cc4c(F)cccc4[nH]c3=O)[nH]c2C1,6.096910013008056
O=C(c1ccncc1)N1CCc2nc(-c3cc4cc(F)ccc4[nH]c3=O)[nH]c2C1,9.522878745280337
O=C(c1ccc(CN2CCCCC2)cc1)N1CCc2nc(-c3cc4ccccc4[nH]c3=O)[nH]c2C1,8.886056647693163
O=C(c1ccc(CN2CCCCC2)cc1)N1CCc2nc(-c3cc4cc(F)ccc4[nH]c3=O)[nH]c2C1,8.309803919971486
CCN(CC)CC(=O)N1CCc2nc(-c3cc4ccccc4[nH]c3=O)[nH]c2C1,6.522878745280337
O=C(CN1CCOCC1)N1CCc2nc(-c3cc4ccccc4[nH]c3=O)[nH]c2C1,6.522878745280337
O=C(CN1CCOCC1)N1CCc2nc(-c3cc4c(F)cccc4[nH]c3=O)[nH]c2C1,5.958607314841775
O=C(CN1CCOCC1)N1CCc2nc(-c3cc4cc(F)ccc4[nH]c3=O)[nH]c2C1,8.366531544420413
O=C(CN1CCOCC1)N1CCc2nc(-c3cc4cc(Cl)ccc4[nH]c3=O)[nH]c2C1,7.455931955649724
COc1ccc2[nH]c(=O)c(-c3nc4c([nH]3)CN(C(=O)CN3CCOCC3)CC4)cc2c1,6.119186407719209
CN1CCN(CC(=O)N2CCc3nc(-c4cc5ccccc5[nH]c4=O)[nH]c3C2)CC1,6.522878745280337
CN1CCN(CC(=O)N2CCc3nc(-c4cc5c(F)cccc5[nH]c4=O)[nH]c3C2)CC1,5.978810700930062
CN1CCN(CC(=O)N2CCc3nc(-c4cc5cc(F)ccc5[nH]c4=O)[nH]c3C2)CC1,7.886056647693163
CN1CCN(CC(=O)N2CCc3nc(-c4cc5cc(Cl)ccc5[nH]c4=O)[nH]c3C2)CC1,7.721246399047171
COc1ccc2[nH]c(=O)c(-c3nc4c([nH]3)CN(C(=O)CN3CCN(C)CC3)CC4)cc2c1,5.958607314841775
O=C(CN1CCCCC1)N1CCc2nc(-c3cc4ccccc4[nH]c3=O)[nH]c2C1,7.795880017344075
O=C(CN1CCCCC1)N1CCc2nc(-c3cc4c(F)cccc4[nH]c3=O)[nH]c2C1,6.130768280269024
O=C(CN1CCCCC1)N1CCc2nc(-c3cc4cc(F)ccc4[nH]c3=O)[nH]c2C1,8.096910013008056
O=C(CN1CCCCC1)N1CCc2nc(-c3cc4cc(Cl)ccc4[nH]c3=O)[nH]c2C1,7.657577319177793
COc1ccc2[nH]c(=O)c(-c3nc4c([nH]3)CN(C(=O)CN3CCCCC3)CC4)cc2c1,6.552841968657781
O=C(CN1CCCC1)N1CCc2nc(-c3cc4ccccc4[nH]c3=O)[nH]c2C1,6.3979400086720375
O=C(Cc1ccccn1)N1CCc2nc(-c3cc4ccccc4[nH]c3=O)[nH]c2C1,8.886056647693163
O=C(Cc1ccccn1)N1CCc2nc(-c3cc4cc(F)ccc4[nH]c3=O)[nH]c2C1,9.154901959985743
O=C(Cc1ccncc1)N1CCc2nc(-c3cc4ccccc4[nH]c3=O)[nH]c2C1,8.173925197299173
O=C(Cc1ccncc1)N1CCc2nc(-c3cc4cc(F)ccc4[nH]c3=O)[nH]c2C1,8.065501548756432
O=C(Cc1ccncc1)N1CCc2nc(-c3cc4cc(Cl)ccc4[nH]c3=O)[nH]c2C1,9.301029995663981
Cc1cccc(NC(=O)N2CCc3nc(-c4cc5ccccc5[nH]c4=O)[nH]c3C2)c1,8.67778070526608
COc1ccc(NC(=O)N2CCc3nc(-c4cc5ccccc5[nH]c4=O)[nH]c3C2)cc1,7.337242168318426
Cc1cccc(NC(=O)Nc2ccc(-c3csc4ccnc(N)c34)cc2)c1,8.045757490560675
CNC(=O)/C=C/c1cnc(N)c2c(-c3ccc(NC(=O)Nc4cccc(C)c4)cc3)csc12,8.221848749616356
Cc1cccc(NC(=O)Nc2ccc(-c3csc4c(C#CCN(C)C)cnc(N)c34)cc2)c1,8.154901959985743
CNC(=O)c1cnc(N)c2c(-c3ccc(NC(=O)Nc4cccc(C)c4)cc3)csc12,8.698970004336019
Cc1cccc(NC(=O)Nc2ccc(-c3csc4c(-c5ccccc5)cnc(N)c34)cc2)c1,7.886056647693163
Cc1cccc(NC(=O)Nc2ccc(-c3csc4c(-c5ccoc5)cnc(N)c34)cc2)c1,8.096910013008056
Cc1cccc(NC(=O)Nc2ccc(-c3csc4c(-c5ccsc5)cnc(N)c34)cc2)c1,8.045757490560675
Cc1cccc(NC(=O)Nc2ccc(-c3csc4c(-c5cc[nH]c5)cnc(N)c34)cc2)c1,8.397940008672037
Cc1cccc(NC(=O)Nc2ccc(-c3csc4c(-c5cc[nH]n5)cnc(N)c34)cc2)c1,8.221848749616356
Cc1cccc(NC(=O)Nc2ccc(-c3csc4c(-c5cn[nH]c5)cnc(N)c34)cc2)c1,8.698970004336019
Cc1cccc(NC(=O)Nc2ccc(-c3csc4c(-c5cnn(C)c5)cnc(N)c34)cc2)c1,8.522878745280337
Cc1ccccc1NC(=O)Nc1ccc(-c2csc3c(-c4cnn(C)c4)cnc(N)c23)cc1,8.698970004336019
Cc1ccc(NC(=O)Nc2ccc(-c3csc4c(-c5cnn(C)c5)cnc(N)c34)cc2)cc1,8.221848749616356
Cn1cc(-c2cnc(N)c3c(-c4ccc(NC(=O)Nc5ccccc5)cc4)csc23)cn1,8.522878745280337
Cn1cc(-c2cnc(N)c3c(-c4ccc(NC(=O)Nc5ccccc5F)cc4)csc23)cn1,8.522878745280337
Cn1cc(-c2cnc(N)c3c(-c4ccc(NC(=O)Nc5cccc(F)c5)cc4)csc23)cn1,8.522878745280337
Cn1cc(-c2cnc(N)c3c(-c4ccc(NC(=O)Nc5cccc(Cl)c5)cc4)csc23)cn1,8.154901959985743
Cn1cc(-c2cnc(N)c3c(-c4ccc(NC(=O)Nc5ccc(Cl)cc5)cc4)csc23)cn1,8.096910013008056
COc1ccccc1NC(=O)Nc1ccc(-c2csc3c(-c4cnn(C)c4)cnc(N)c23)cc1,8.221848749616356
COc1ccc(NC(=O)Nc2ccc(-c3csc4c(-c5cnn(C)c5)cnc(N)c34)cc2)cc1,8.221848749616356
Cn1cc(-c2cnc(N)c3c(-c4ccc(NC(=O)Nc5ccc(OC(F)(F)F)cc5)cc4)csc23)cn1,8.522878745280337
Cn1cc(-c2cnc(N)c3c(-c4ccc(NC(=O)Nc5cccc(C(N)=O)c5)cc4)csc23)cn1,8.698970004336019
CCCn1cc(-c2cnc(N)c3c(-c4ccc(NC(=O)Nc5cccc(F)c5)cc4)csc23)cn1,7.823908740944319
CC(C)Cn1cc(-c2cnc(N)c3c(-c4ccc(NC(=O)Nc5cccc(F)c5)cc4)csc23)cn1,7.6020599913279625
CC(C)CCn1cc(-c2cnc(N)c3c(-c4ccc(NC(=O)Nc5cccc(F)c5)cc4)csc23)cn1,7.6020599913279625
CS(=O)(=O)CCn1cc(-c2cnc(N)c3c(-c4ccc(NC(=O)Nc5cccc(F)c5)cc4)csc23)cn1,9.0
Nc1ncc(-c2cnn(CCN3CCCCC3)c2)c2scc(-c3ccc(NC(=O)Nc4cccc(F)c4)cc3)c12,8.397940008672037
CN1CCC(n2cc(-c3cnc(N)c4c(-c5ccc(NC(=O)Nc6cccc(F)c6)cc5)csc34)cn2)C1=O,8.221848749616356
Nc1ncc(-c2cnn(CCO)c2)c2scc(-c3ccc(NC(=O)Nc4cccc(F)c4)cc3)c12,8.698970004336019
C[C@@H](O)Cn1cc(-c2cnc(N)c3c(-c4ccc(NC(=O)Nc5cccc(F)c5)cc4)csc23)cn1,8.522878745280337
Nc1ncc(-c2cnn(CCCN3CC[C@@H](O)C3)c2)c2scc(-c3ccc(NC(=O)Nc4cccc(F)c4)cc3)c12,8.698970004336019
Cc1cccc(NC(=O)Nc2ccc(-c3csc4ccnc(N)c34)cc2)c1,7.494850021680094
CNC(=O)/C=C/c1cnc(N)c2c(-c3ccc(NC(=O)Nc4cccc(C)c4)cc3)csc12,7.657577319177793
Cc1cccc(NC(=O)Nc2ccc(-c3csc4c(C#CCN(C)C)cnc(N)c34)cc2)c1,8.096910013008056
CNC(=O)c1cnc(N)c2c(-c3ccc(NC(=O)Nc4cccc(C)c4)cc3)csc12,9.0
Cc1cccc(NC(=O)Nc2ccc(-c3csc4c(-c5ccccc5)cnc(N)c34)cc2)c1,7.481486060122112
Cc1cccc(NC(=O)Nc2ccc(-c3csc4c(-c5ccoc5)cnc(N)c34)cc2)c1,7.853871964321762
Cc1cccc(NC(=O)Nc2ccc(-c3csc4c(-c5ccsc5)cnc(N)c34)cc2)c1,7.508638306165727
Cc1cccc(NC(=O)Nc2ccc(-c3csc4c(-c5cc[nH]c5)cnc(N)c34)cc2)c1,9.0
Cc1cccc(NC(=O)Nc2ccc(-c3csc4c(-c5cc[nH]n5)cnc(N)c34)cc2)c1,8.522878745280337
Cc1cccc(NC(=O)Nc2ccc(-c3csc4c(-c5cn[nH]c5)cnc(N)c34)cc2)c1,7.853871964321762
Cc1cccc(NC(=O)Nc2ccc(-c3csc4c(-c5cnn(C)c5)cnc(N)c34)cc2)c1,7.853871964321762
Nc1ncc(-c2cnn(CCO)c2)c2scc(-c3ccc(NC(=O)Nc4cccc(F)c4)cc3)c12,8.397940008672037
O=c1ncn2nc(Sc3ccc(F)cc3F)ccc2c1-c1c(Cl)cccc1Cl,5.301029995663981
CCc1cc(NC(=O)Cc2ccc(Oc3ccnc4cc(OC)c(OC)cc34)cc2OC)n[nH]1,8.522878745280337
CCc1cc(NC(=O)Cc2ccc(Oc3ccnc4cc(OC)ccc34)cc2OC)n[nH]1,8.397940008672037
COc1cc2ncnc(Oc3ccc(CC(=O)Nc4cnn(C(C)C)c4)cc3)c2cc1OC,8.096910013008056
COc1ccc2c(Oc3ccc(CC(=O)Nc4ncc(C)s4)c(OC)c3)ccnc2c1,7.698970004336019
CCc1cc(NC(=O)Cc2ccc(Oc3ccnc4cc(OC)ccc34)cc2OC)no1,7.698970004336019
COc1ccc2c(Oc3ccc(CC(=O)Nc4cc(C)cc(CN(C)C)c4)c(OC)c3)ccnc2c1,7.638272163982407
CCn1cc(NC(=O)Cc2ccc(Oc3ccnc4cc(OC)ccc34)cc2OC)cn1,7.173925197299173
CCn1cc(NC(=O)Cc2ccc(Oc3ccnc4cc(OC)c(OC)cc34)cc2OC)cn1,7.086186147616283
COc1cc2nccc(Oc3ccc(CC(=O)Nc4cn(C)nc4C)cc3)c2cc1OC,6.73754891026957
CCn1cc(NC(=O)Cc2ccc(Oc3ccnc4cc(OC)c(OC)cc34)cn2)cn1,6.610833915635467
COc1cc2ncnc(Nc3ccc(CC(=O)Nc4cnn(C(C)C)c4)cc3)c2cc1OC,6.314258261397736
COc1ccc2c(Oc3ccc(CC(=O)Nc4n[nH]c(C)c4C)c(OC)c3)ccnc2c1,6.288192770958809
CCc1c[nH]nc1NC(=O)Cc1ccc(Oc2ccnc3cc(OC)ccc23)cc1OC,5.893809102736585
COc1ccc2c(Oc3ccc(CC(=O)Nc4noc(C)c4C)c(OC)c3)ccnc2c1,5.789413975094844
COc1cc(Oc2ccnc3cc(OC)c(OC)cc23)ccc1CC(=O)Nc1noc(C)c1C,5.716925025264528
CCn1cc(NC(=O)Cc2ccc(Oc3ccnc4ccc(OC)cc34)cc2OC)cn1,5.683400697906139
COc1ccc2c(Oc3ccc(CC(=O)Nc4cnn(C)c4)c(OC)c3)ccnc2c1,5.605373235727791
COc1cc(Oc2ccnc3cc(OC)c(OC)cc23)ccc1CC(=O)Nc1cn(C)nc1C,5.4029633350223465
CCn1cc(NC(=O)Cc2ccc(Oc3ccnc4ccc(F)cc34)cc2OC)cn1,5.39083262569798
CCn1cc(NC(=O)Cc2ccc(Oc3ccnc4cc(F)ccc34)cc2OC)cn1,5.36835333704158
CCn1cc(NC(=O)Cc2ncc(Oc3ccnc4cc(OC)ccc34)cc2OC)cn1,5.326242063450423
CCn1cc(NC(=O)Cc2ccc(Oc3ncnc4cc(OC)c(OC)cc34)c(OC)c2)cn1,5.321208565633756
CCOc1cc2nccc(Oc3cnc(CC(=O)Nc4n[nH]c(CC)c4C)c(OC)c3)c2cc1OC,5.317043073698792
COc1ccc2c(Oc3ccc(CC(=O)Nc4cn(C)nc4C)c(OC)c3)ccnc2c1,4.959002307576509
CCn1cc(NC(=O)Cc2ccc(Oc3ncnc4cc(OC)c(OC)cc34)cc2OC)cn1,6.161150909262744
COc1ccc2nccc(Oc3ccc(CC(=O)Nc4noc(C)c4C)c(OC)c3)c2c1,5.0
COc1cc(Oc2ccnc3cc(F)ccc23)ccc1CC(=O)Nc1noc(C)c1C,5.0
COc1cc(Oc2ccnc3ccc(F)cc23)ccc1CC(=O)Nc1noc(C)c1C,5.0
COc1cc(Oc2ncnc3cc(OC)c(OC)cc23)ccc1CC(=O)Nc1cn(C)nc1C,5.0
COc1ccc2c(Oc3ccc(CC(=O)Nc4cnn(C)c4C)c(OC)c3)ccnc2c1,5.0
COc1ccc2c(Oc3cnc(CC(=O)Nc4cn(C)nc4C)c(OC)c3)ccnc2c1,5.0
CCc1[nH]nc(NC(=O)Cc2ncc(Oc3ccnc4cc(OC)c(OC)cc34)cc2OC)c1C,5.060980223551334
COc1ccc2c(Oc3ccc(CC(=O)Nc4cc(C)nn4C)c(OC)c3)ccnc2c1,5.011441043121384
Cc1cn2c(-c3cn[nH]c3)cnc2c(Nc2cc(CN3CCCCC3)ns2)n1,8.397940008672037
Cc1cn2c(-c3cnn(CC(=O)NCc4cccs4)c3)cnc2c(Nc2cc(CN3CCCC(C)C3)ns2)n1,6.6307841425898575
Cc1cn2c(-c3cnn(CC(=O)Nc4cccc(F)c4F)c3)cnc2c(Nc2cc(CN3CCCCC3)ns2)n1,6.317854923626168
Cc1cn2c(-c3cnn(CC(=O)Nc4ccncc4)c3)cnc2c(Nc2cc(CN3CCCC(C)C3)ns2)n1,6.966576244513051
Cc1cn2c(-c3cnn(CC(=O)Nc4ccncc4F)c3)cnc2c(Nc2cc(CN3CCCC(C)C3)ns2)n1,6.5968794788241825
COc1ccc2c(Oc3ccc(NC(=O)c4c(C)n(CC(C)(C)O)n(-c5ccccc5)c4=O)nc3)ccnc2c1,6.0
COc1cc2nccc(Oc3ccc(NC(=O)c4c(C)n(C)n(-c5ccccc5)c4=O)cc3F)c2cc1OC,8.0
O=c1[nH]c(CN2CC[C@@H](O)C2)nc2c1oc1ccc(Br)cc12,5.443697499232712
Cc1cc(C)cc(Nc2nccc(-n3ccnc3-c3ccccc3)n2)c1,8.221848749616356
Cc1cc(C)cc(Nc2nccc(-n3ccnc3-c3cccnc3)n2)c1,5.621602099051862
Cn1c(=O)c2ccc(-c3nc4ccccc4n3C)nc2n(C)c1=O,4.070581074285707
COc1ccc(Nc2ncc3c(n2)-c2ccccc2NC(=O)C3)cc1O,7.136677139879544
Cn1c(-c2ccnc(Nc3ccccc3)n2)nc2ccccc21,4.872895201635193
Cc1ccc(Nc2nccc(-c3nc4ccccc4n3C)n2)cc1,4.6020599913279625
Cn1c(-c2ccnc(Nc3ccc(Cl)cc3)n2)nc2ccccc21,4.42021640338319
Cn1c(-c2ccnc(Nc3ccc(N4CCOCC4)cc3)n2)nc2ccccc21,4.161150909262744
CCOc1ccc(Nc2nccc(-c3nc4ccccc4n3C)n2)cc1,4.0
COc1ccc(Nc2nccc(-c3nc4ccccc4n3C)n2)cc1,4.356547323513812
Cn1c(-c2ccnc(Nc3ccc(O)cc3)n2)nc2ccccc21,5.036212172654444
Cn1c(-c2ccnc(Nc3cccc(O)c3)n2)nc2ccccc21,5.494850021680094
Cn1c(-c2ccnc(Nc3ccc(O)c(Cl)c3)n2)nc2ccccc21,5.1249387366083
COc1ccc(Nc2nccc(-c3nc4ccccc4n3C)n2)cc1O,5.142667503568732
CNC(=O)c1cc(Oc2ccc(NC(=O)Nc3ccc(Cl)c(C(F)(F)F)c3)cc2)ccn1.Cc1ccc(S(=O)(=O)O)cc1,7.657577319177793
CCN(CC)CCNC(=O)c1c(C)[nH]c(/C=C2\C(=O)Nc3ccc(F)cc32)c1C,7.154901959985743
Cc1ccc(NC(=O)Nc2nnc(Sc3ncnc4cc(OCCCN5CCOCC5)ccc34)s2)cc1,5.0
O=C(Nc1ccc(-c2cccc3c2CNC3=O)cc1)Nc1cccc(C(F)(F)F)c1,8.154901959985743
Cc1cccc(NC(=O)Nc2ccc(-c3cccc4c3C(=O)NC4)cc2)c1,3.0
Nc1n[nH]c2cccc(-c3ccc(NC(=O)Nc4cccc(C(F)(F)F)c4)cc3)c12,8.045757490560675
Cc1cccc(NC(=O)Nc2ccc(-c3cccc4c(N)n[nH]c34)cc2)c1,3.0
O=C(Nc1ccc(-c2cccc3c(=O)[nH][nH]c23)cc1)Nc1cccc(C(F)(F)F)c1,7.3979400086720375
O=C(Nc1ccc(-c2cccc3[nH][nH]c(=O)c23)cc1)Nc1cccc(C(F)(F)F)c1,8.0
C#Cc1cccc(Nc2ncnc3cc(OCCOC)c(OCCOC)cc23)c1,3.9041335465214573
CCN(CC)CCNC(=O)c1c(C)[nH]c(/C=C2\C(=O)Nc3ccc(F)cc32)c1C,4.723538195826756
Cc1cc(C)c(/C=C2\C(=O)Nc3ccccc32)[nH]1,4.889410289700751
Nc1nc2c(c(Nc3ccc(Cl)cc3F)n1)-c1ccccc1C2,3.7053133757205567
Nc1nc2c(c(Nc3ccc(F)c(Cl)c3)n1)-c1ccccc1C2,4.137272471682025
COc1cccc(Nc2nc(N)nc3c2-c2ccccc2C3)c1,4.366531544420414
Nc1nc2c(c(Nc3ccc(C(F)(F)F)cc3)n1)-c1ccccc1C2,3.6989700043360187
Nc1nc2c(c(Nc3ccc(Br)cc3)n1)-c1ccccc1C2,4.521433504406157
Nc1nc2c(c(Nc3cccc(Br)c3)n1)-c1ccccc1C2,3.6989700043360187
Nc1nc2c(c(Nc3ccc(Cl)cc3)n1)-c1ccccc1C2,3.6989700043360187
Nc1nc2c(c(Nc3cccc(Cl)c3)n1)-c1ccccc1C2,3.873219422987991
Nc1nc2c(c(Nc3ccc(F)cc3)n1)-c1ccccc1C2,4.049148541111453
Nc1nc2c(c(Nc3cccc(F)c3)n1)-c1ccccc1C2,4.254144804826271
CC(C)c1ccc(Nc2nc(N)nc3c2-c2ccccc2C3)cc1,4.958607314841775
CC(C)c1ccccc1Nc1nc(N)nc2c1-c1ccccc1C2,3.6989700043360187
Nc1nc2c(c(Nc3ccccc3)n1)-c1ccccc1C2,3.7664962396588657
CC(C)(N)C(=O)NCCn1ccc2ncnc(Nc3ccc(Oc4cccc5sncc45)c(Cl)c3)c21,5.0
COc1cc2c(Nc3ccc(Br)cc3F)ncnc2cc1OC[C@@H]1CCCN(CCF)C1,7.3979400086720375
CN1CCN(c2ccc(C(=O)Nc3cc(-c4ccc(NC(=O)OCc5ccccc5)cc4)n[nH]3)cc2)CC1,7.318758762624412
CN1CCN(c2ccc(C(=O)Nc3cc(-c4ccc(NC(=O)Oc5ccccc5)cc4)n[nH]3)cc2)CC1,6.7447274948966935
O=C(Nc1ccc(-c2cc(NC(=O)c3ccc(OCCN4CCCC4)cc3)[nH]n2)cc1)Oc1ccccc1,6.522878745280337
CN1CCN(c2ccc(C(=O)Nc3cc(-c4ccc(NS(=O)(=O)c5ccccc5)cc4)n[nH]3)cc2)CC1,6.0
CN1CCN(c2ccc(C(=O)Nc3cc(-c4ccc(CNC(=O)Oc5ccccc5)cc4)n[nH]3)cc2)CC1,7.036212172654444
CCOC(=O)NCc1ccc(-c2cc(NC(=O)c3ccc(N4CCN(C)CC4)cc3)[nH]n2)cc1,6.251811972993799
CN1CCN(c2ccc(C(=O)Nc3cc(-c4ccc(CNC(=O)OCc5ccccc5)cc4)n[nH]3)cc2)CC1,7.0
O=C(NCc1ccc(-c2cc(NC(=O)c3ccc(OCCN4CCCC4)cc3)[nH]n2)cc1)OCc1ccccc1,6.920818753952375
CN1CCN(Cc2ccc(C(=O)Nc3cc(-c4ccc(CNC(=O)OCc5ccccc5)cc4)n[nH]3)cc2)CC1,6.769551078621726
O=C(NCc1ccc(-c2cc(NC(=O)c3ccc(OCCN4CCOCC4)cc3)[nH]n2)cc1)OCc1ccccc1,6.431798275933005
O=C(NCc1ccc(-c2cc(NC(=O)c3ccc(OCCCN4CCCC4)cc3)[nH]n2)cc1)OCc1ccccc1,6.619788758288394
CN1CCN(c2ccc(C(=O)Nc3cc(-c4ccc(CNC(=O)OCc5cccnc5)cc4)n[nH]3)cc2)CC1,6.657577319177793
O=C(NCc1ccc(-c2cc(NC(=O)c3ccc(OCCN4CCCC4)cc3)[nH]n2)cc1)OCc1cccnc1,6.0
O=C(NCc1ccc(-c2cc(NC(=O)c3ccc(OCCN4CCOCC4)cc3)[nH]n2)cc1)OCc1cccnc1,6.0
Cc1cc(COC(=O)NCc2ccc(-c3cc(NC(=O)c4ccc(N5CCN(C)CC5)cc4)[nH]n3)cc2)no1,6.431798275933005
Cc1cc(COC(=O)NCc2ccc(-c3cc(NC(=O)c4ccc(OCCN5CCCC5)cc4)[nH]n3)cc2)no1,6.318758762624412
Cc1cc(COC(=O)NCc2ccc(-c3cc(NC(=O)c4ccc(OCCN5CCOCC5)cc4)[nH]n3)cc2)no1,6.0
CN1CCN(c2ccc(C(=O)Nc3cc(-c4ccc(CNS(=O)(=O)c5ccccc5)cc4)n[nH]3)cc2)CC1,6.0
Cc1nc(Nc2cc(-c3ccc(CNC(=O)OCc4ccccc4)cc3)n[nH]2)cc(N2CCN(C)CC2)n1,6.508638306165727
Cc1nc(Nc2cc(-c3ccc(CNC(=O)OCc4cccnc4)cc3)n[nH]2)cc(N2CCN(C)CC2)n1,6.0
Cc1nc(Nc2cc(-c3ccc(CNC(=O)OCc4cc(C)on4)cc3)n[nH]2)cc(N2CCN(C)CC2)n1,6.0
Cc1nc(Nc2cc(-c3ccc(CNC(=O)OCc4ccccc4)cc3)n[nH]2)cc(N2CCN(CCO)CC2)n1,6.619788758288394
Cc1nc(Nc2cc(-c3ccc(CNC(=O)OCc4cccnc4)cc3)n[nH]2)cc(N2CCN(CCO)CC2)n1,6.0
Cc1nc(Nc2cc(-c3ccc(CNC(=O)OCc4cc(C)on4)cc3)n[nH]2)cc(N2CCN(CCO)CC2)n1,6.0
Cc1nc(Nc2cc(-c3ccc(CNC(=O)OCc4ccccc4)cc3)n[nH]2)cc(N2CCNCC2)n1,6.721246399047171
CC(C)(C)c1cc(NC(=O)Nc2ccc(-c3cn4c(n3)sc3cc(OCCN5CCOCC5)ccc34)cc2)no1,6.366531544420414
CNC(=O)c1cc(Oc2ccc(NC(=O)Nc3ccc(Cl)c(C(F)(F)F)c3)cc2)ccn1,7.698970004336019
Cc1ccc(F)c(NC(=O)Nc2ccc(-c3cccc4[nH]nc(N)c34)cc2)c1,8.154901959985743
Nc1ncnn2ccc(C(=O)Nc3ccc(NC(=O)Nc4cccc(F)c4)cc3)c12,5.928117992693875
C[C@H](NC(=O)c1cc(-c2cnn(C3CCOCC3)c2)cnc1N)c1c(Cl)ccc(F)c1Cl,5.0
Nc1ncc(-c2cnn(CCO)c2)c2scc(-c3ccc(NC(=O)Nc4cccc(F)c4)cc3)c12,8.698970004336019
Cc1cc(Nc2ncc(F)c(N[C@H]3[C@@H](C(N)=O)[C@@H]4C=C[C@H]3C4)n2)ccc1N1CCN(C)CC1,7.022276394711152
Cn1cc(Nc2ncc(F)c(N[C@H]3[C@@H](C(N)=O)[C@@H]4C=C[C@H]3C4)n2)cn1,6.482804102050026
Cn1cc(Nc2nccc(N[C@H]3[C@@H](C(N)=O)[C@@H]4C=C[C@H]3C4)n2)cn1,4.920818753952375
Cc1cnc(Nc2cnn(C)c2)nc1N[C@H]1[C@@H](C(N)=O)[C@@H]2C=C[C@H]1C2,6.330683119433888
COc1cnc(Nc2cnn(C)c2)nc1N[C@H]1[C@@H](C(N)=O)[C@@H]2C=C[C@H]1C2,6.035269078946371
Cn1cc(Nc2ncc(C(N)=O)c(N[C@H]3[C@@H](C(N)=O)[C@@H]4C=C[C@H]3C4)n2)cn1,5.812479279163537
Cn1cc(Nc2ncc([N+](=O)[O-])c(N[C@H]3[C@@H](C(N)=O)[C@@H]4C=C[C@H]3C4)n2)cn1,7.301029995663981
Cn1cc(Nc2ncc(C(F)(F)F)c(N[C@H]3[C@@H](C(N)=O)[C@@H]4C=C[C@H]3C4)n2)cn1,7.920818753952375
Cn1cc(Nc2ncc(Br)c(N[C@H]3[C@@H](C(N)=O)[C@@H]4C=C[C@H]3C4)n2)cn1,7.886056647693163
Cn1cc(Nc2ncc(Cl)c(N[C@H]3[C@@H](C(N)=O)[C@@H]4C=C[C@H]3C4)n2)cn1,7.853871964321762
Cn1cc(Nc2ncc(C(F)(F)F)c(N[C@@H]3[C@H]4CC[C@H](C4)[C@@H]3C(N)=O)n2)cn1,7.130768280269024
Cn1cc(Nc2ncc(C(F)(F)F)c(N[C@H]3C[C@@H]4CC[C@H]3C4)n2)cn1,6.082494490447453
Cn1cc(Nc2ncc(C(F)(F)F)c(N[C@H]3[C@@H](C(N)=O)C[C@H]4C[C@@H]3C4(C)C)n2)cn1,6.578396073130169
CNC(=O)[C@@H]1[C@H](Nc2nc(Nc3cnn(C)c3)ncc2C(F)(F)F)[C@H]2C=C[C@@H]1C2,7.167491087293763
Cn1cc(Nc2ncc(C(F)(F)F)c(N[C@H]3[C@@H](C(=O)NC4CC4)[C@@H]4C=C[C@H]3C4)n2)cn1,6.534617148551582
Cn1cc(Nc2ncc(C(F)(F)F)c(N[C@H]3[C@@H](C(=O)NCCO)[C@@H]4C=C[C@H]3C4)n2)cn1,6.575118363368933
Cn1cc(Nc2ncc(C(F)(F)F)c(Nc3ccccc3C(N)=O)n2)cn1,6.3655227298392685
Cn1cc(Nc2ncc(Cl)c(N[C@@H]3[C@H]4CC[C@H](C4)[C@@H]3C(N)=O)n2)cn1,7.721246399047171
Cn1cc(Nc2ncc(Cl)c(N[C@H]3[C@H]4CC[C@H](C4)[C@H]3C(N)=O)n2)cn1,7.721246399047171
Cn1cc(Nc2ncc(Cl)c(N[C@H]3[C@@H](C(N)=O)[C@@H]4CC[C@H]3O4)n2)cn1,6.159266765388193
Cn1cc(Nc2ncc(Cl)c(N[C@@H]3CCCC[C@@H]3C(N)=O)n2)cn1,6.772113295386326
Cn1cc(Nc2ncc(Cl)c(N[C@@H]3CCC[C@@H]3C(N)=O)n2)cn1,6.609064892896621
Cn1cc(Nc2ncc(Cl)c(N[C@@H]3CC[C@@H]3C(N)=O)n2)cn1,6.815308569182402
CCn1cc(Nc2ncc(Cl)c(N[C@H]3[C@@H](C(N)=O)[C@@H]4C=C[C@H]3C4)n2)cn1,8.522878745280337
NC(=O)[C@@H]1[C@H](Nc2nc(Nc3cnn(Cc4ccccc4)c3)ncc2Cl)[C@H]2C=C[C@@H]1C2,8.154901959985743
NC(=O)[C@@H]1[C@H](Nc2nc(Nc3cnn(CCO)c3)ncc2Cl)[C@H]2C=C[C@@H]1C2,8.221848749616356
NC(=O)[C@@H]1[C@H](Nc2nc(Nc3cnn(CC(=O)O)c3)ncc2Cl)[C@H]2C=C[C@@H]1C2,9.0
NC(=O)Cn1cc(Nc2ncc(Cl)c(N[C@H]3[C@@H](C(N)=O)[C@@H]4C=C[C@H]3C4)n2)cn1,7.7447274948966935
CNC(=O)Cn1cc(Nc2ncc(Cl)c(N[C@H]3[C@@H](C(N)=O)[C@@H]4C=C[C@H]3C4)n2)cn1,8.221848749616356
NC(=O)[C@@H]1[C@H](Nc2nc(Nc3cnn(CCN4CCOCC4)c3)ncc2Cl)[C@H]2C=C[C@@H]1C2,8.045757490560675
NC(=O)[C@@H]1[C@H](Nc2nc(Nc3cnn(C4CCNCC4)c3)ncc2Cl)[C@H]2C=C[C@@H]1C2,8.698970004336019
NC(=O)[C@@H]1[C@H](Nc2nc(Nc3cnn([C@@H]4CCCNC4)c3)ncc2Cl)[C@H]2C=C[C@@H]1C2,8.698970004336019
NC(=O)[C@@H]1[C@H](Nc2nc(Nc3cnn(C[C@H]4CCCN4)c3)ncc2Cl)[C@H]2C=C[C@@H]1C2,7.823908740944319
Nc1ncc(-c2cnn(CCO)c2)c2scc(-c3ccc(NC(=O)Nc4cccc(F)c4)cc3)c12,8.522878745280337
Cc1cc(Nc2ncc(F)c(N[C@H]3[C@@H](C(N)=O)[C@@H]4C=C[C@H]3C4)n2)ccc1N1CCN(C)CC1,7.721246399047171
Cn1cc(Nc2ncc([N+](=O)[O-])c(N[C@H]3[C@@H](C(N)=O)[C@@H]4C=C[C@H]3C4)n2)cn1,6.5003129173815966
Cn1cc(Nc2ncc(C(F)(F)F)c(N[C@H]3[C@@H](C(N)=O)[C@@H]4C=C[C@H]3C4)n2)cn1,7.455931955649724
Cn1cc(Nc2ncc(Br)c(N[C@H]3[C@@H](C(N)=O)[C@@H]4C=C[C@H]3C4)n2)cn1,8.045757490560675
Cn1cc(Nc2ncc(Cl)c(N[C@H]3[C@@H](C(N)=O)[C@@H]4C=C[C@H]3C4)n2)cn1,7.698970004336019
Cn1cc(Nc2ncc(C(F)(F)F)c(N[C@@H]3[C@H]4CC[C@H](C4)[C@@H]3C(N)=O)n2)cn1,7.214670164989233
CNC(=O)[C@@H]1[C@H](Nc2nc(Nc3cnn(C)c3)ncc2C(F)(F)F)[C@H]2C=C[C@@H]1C2,6.5003129173815966
Cn1cc(Nc2ncc(Cl)c(N[C@@H]3[C@H]4CC[C@H](C4)[C@@H]3C(N)=O)n2)cn1,7.075720713938118
Cn1cc(Nc2ncc(Cl)c(N[C@H]3[C@H]4CC[C@H](C4)[C@H]3C(N)=O)n2)cn1,6.5003129173815966
CCn1cc(Nc2ncc(Cl)c(N[C@H]3[C@@H](C(N)=O)[C@@H]4C=C[C@H]3C4)n2)cn1,8.096910013008056
NC(=O)[C@@H]1[C@H](Nc2nc(Nc3cnn(Cc4ccccc4)c3)ncc2Cl)[C@H]2C=C[C@@H]1C2,7.376750709602099
NC(=O)[C@@H]1[C@H](Nc2nc(Nc3cnn(CCO)c3)ncc2Cl)[C@H]2C=C[C@@H]1C2,7.318758762624412
NC(=O)[C@@H]1[C@H](Nc2nc(Nc3cnn(CC(=O)O)c3)ncc2Cl)[C@H]2C=C[C@@H]1C2,6.5003129173815966
NC(=O)Cn1cc(Nc2ncc(Cl)c(N[C@H]3[C@@H](C(N)=O)[C@@H]4C=C[C@H]3C4)n2)cn1,6.777283528852417
CNC(=O)Cn1cc(Nc2ncc(Cl)c(N[C@H]3[C@@H](C(N)=O)[C@@H]4C=C[C@H]3C4)n2)cn1,7.050609993355087
NC(=O)[C@@H]1[C@H](Nc2nc(Nc3cnn(CCN4CCOCC4)c3)ncc2Cl)[C@H]2C=C[C@@H]1C2,7.107905397309519
NC(=O)[C@@H]1[C@H](Nc2nc(Nc3cnn(C4CCNCC4)c3)ncc2Cl)[C@H]2C=C[C@@H]1C2,7.259637310505756
NC(=O)[C@@H]1[C@H](Nc2nc(Nc3cnn([C@@H]4CCCNC4)c3)ncc2Cl)[C@H]2C=C[C@@H]1C2,7.356547323513812
NC(=O)[C@@H]1[C@H](Nc2nc(Nc3cnn(C[C@H]4CCCN4)c3)ncc2Cl)[C@H]2C=C[C@@H]1C2,7.309803919971486
Cn1cc(Nc2ncc(Br)c(N[C@H]3[C@@H](C(N)=O)[C@@H]4C=C[C@H]3C4)n2)cn1,8.221848749616356
Clc1cccc(Nc2ncnc3ccc(NCc4ccc5c(c4)OCO5)cc23)c1,5.0
Brc1cccc(Nc2ncnc3ccc(NCc4ccc5c(c4)OCCCO5)cc23)c1,5.0
Clc1cccc(Nc2ncnc3ccc(NCc4ccc5c(c4)OCCCCO5)cc23)c1,5.0
c1ccc2c3c([nH]c2c1)-c1n[nH]cc1CCC3,6.2076083105017466
O=C(Nc1cccc(C(F)(F)F)c1)Nc1ccccc1Cl,5.356547323513812
Cc1oc(-c2ccccc2)nc1COc1cccc(CO)c1,4.301029995663981
c1ccc2c3c([nH]c2c1)-c1n[nH]cc1CCC3,6.0655015487564325
O=C(Nc1cccc(C(F)(F)F)c1)Nc1ccccc1Cl,4.0
Cc1oc(-c2ccccc2)nc1COc1cccc(CO)c1,4.0
ClC(Cn1ncc2c(NCc3ccccc3)ncnc21)c1ccccc1,6.0
Cc1cc(Nc2nc(NCCc3cccnc3)ncc2Br)n[nH]1,6.199998172182031
C=CCNc1ncc(Br)c(Nc2cc(C)[nH]n2)n1,6.0
Cc1cc(CNc2ncc(Br)c(Nc3cc(C)[nH]n3)n2)on1,6.199998172182031
Cc1cc(Nc2nc(NCc3cc(C(C)(C)C)no3)ncc2Br)n[nH]1,5.40000018605658
COCCCc1cc(Nc2nc(NCc3cc(C)no3)ncc2Br)n[nH]1,5.899998417198648
CCCc1cc(Nc2nc(NCc3cc(C)no3)ncc2Br)n[nH]1,6.799998134593398
Cc1cc(CNc2ncc(Br)c(Nc3cc(CCc4ccccc4)[nH]n3)n2)on1,7.599980364934842
COc1cc(CCc2cc(Nc3ccnc(NCc4cc(C)no4)n3)n[nH]2)cc(OC)c1,7.100015437450609
Cc1cc(CNc2ncc(Cl)c(Nc3cc(C)[nH]n3)n2)on1,6.299997602857746
Cc1cc(CNc2nccc(Nc3cc(C)[nH]n3)n2)on1,6.0
COCCCc1cc(Nc2ccnc(NCc3cc(C)no3)n2)n[nH]1,5.59999938302362
Cc1cc(CNc2nccc(Nc3cc(CCc4ccccc4)[nH]n3)n2)on1,6.900008766455316
Cc1cc(Nc2nc(NCc3ccccn3)ncc2Br)n[nH]1,5.800000874803203
Cc1cc(Nc2nc(NCCCc3c[nH]nc3C)ncc2Br)n[nH]1,6.299997602857746
Cc1cc(Nc2nc(NCCc3ccco3)ncc2Br)n[nH]1,6.699991797446187
Cc1cnc(CNc2ncc(Br)c(Nc3cc(C)[nH]n3)n2)cn1,6.0
Cc1cc(CCNc2ncc(Br)c(Nc3cc(C)[nH]n3)n2)on1,6.299997602857746
Cc1cc(Nc2nc(NCc3ncccc3C)ncc2Br)n[nH]1,6.299997602857746
Cc1cc(Nc2nc(NCc3cc(C(=O)N4CCCC4)no3)ncc2Br)n[nH]1,4.800000052738446
Cc1cc(Nc2ccnc(NCc3cc(C4CC4)no3)n2)n[nH]1,6.0999990348465305
Cc1cc(Nc2ccnc(NCc3cc(C(N)=O)no3)n2)n[nH]1,5.899998417198648
Cc1cc(CNc2nccc(Nc3cc(CO)[nH]n3)n2)on1,4.70000006855703
CCc1cc(Nc2nc(NCc3ccccn3)ncc2Br)n[nH]1,6.299997602857746
CCc1cc(Nc2nc(NCc3cc(-c4ccccn4)no3)ncc2Br)n[nH]1,5.499999678657065
CCCc1cc(Nc2nc(NCc3cccnc3)ncc2Br)n[nH]1,6.900008766455316
CC(C)c1cc(Nc2nc(NCc3cccnc3)ncc2Br)n[nH]1,6.399996913372259
COCCCc1cc(Nc2ccnc(NCc3cc(C4CC4)no3)n2)n[nH]1,5.800000874803203
COCCCc1cc(Nc2ccnc(NCc3cc(C(N)=O)no3)n2)n[nH]1,5.899998417198648
COc1cc(CCc2cc(Nc3ccnc(NCc4ccccn4)n3)n[nH]2)cc(OC)c1,6.399996913372259
COc1cc(CCc2cc(Nc3ccnc(NCc4cc(C)on4)n3)n[nH]2)cc(OC)c1,6.900008766455316
Cc1cc(Nc2nc(NCCc3cccnc3)ncc2Br)n[nH]1,5.0
C=CCNc1ncc(Br)c(Nc2cc(C)[nH]n2)n1,6.0999990348465305
Cc1cc(CNc2ncc(Br)c(Nc3cc(C)[nH]n3)n2)on1,5.200000237109354
Cc1cc(Nc2nc(NCc3cc(C(C)(C)C)no3)ncc2Br)n[nH]1,5.0
COCCCc1cc(Nc2nc(NCc3cc(C)no3)ncc2Br)n[nH]1,5.0
CCCc1cc(Nc2nc(NCc3cc(C)no3)ncc2Br)n[nH]1,5.200000237109354
Cc1cc(CNc2ncc(Br)c(Nc3cc(CCc4ccccc4)[nH]n3)n2)on1,5.800000874803203
COc1cc(CCc2cc(Nc3ccnc(NCc4cc(C)no4)n3)n[nH]2)cc(OC)c1,5.800000874803203
CCCCNC(=O)c1ccc2c(c1)C(=C(c1ccccc1)c1nc3ccccc3[nH]1)C(=O)N2,6.838631997765025
COCCNC(=O)c1ccc2c(c1)C(=C(c1ccccc1)c1nc3ccccc3[nH]1)C(=O)N2,6.892790030352131
CN1CCN(C(=O)c2ccc3c(c2)C(=C(c2ccccc2)c2nc4ccccc4[nH]2)C(=O)N3)CC1,5.743763466794077
COCCNS(=O)(=O)c1ccc2c(c1)C(=C(c1ccccc1)c1nc3ccccc3[nH]1)C(=O)N2,4.522878745280337
CN1CCN(S(=O)(=O)c2ccc3c(c2)C(=C(c2ccccc2)c2nc4ccccc4[nH]2)C(=O)N3)CC1,4.522878745280337
CCN1CCC(Oc2ccc3c(c2)C(=C(c2ccccc2)c2nc4cc(OC)ccc4[nH]2)C(=O)N3)CC1,6.671620396561262
CCN1CCCC(Nc2ccc3c(c2)C(=C(c2ccccc2)c2nc4cc(OC)ccc4[nH]2)C(=O)N3)C1,6.304518323509803
CCN1CCC(Nc2ccc3c(c2)C(=C(c2ccccc2)c2nc4cc(OC)ccc4[nH]2)C(=O)N3)CC1,7.568636235841013
COCCN1CCC(Nc2ccc3c(c2)C(=C(c2ccccc2)c2nc4ccccc4[nH]2)C(=O)N3)CC1,7.769551078621726
CCN1CCC(Nc2ccc3c(c2)C(=C(c2ccccc2)c2nc4ccccc4[nH]2)C(=O)N3)CC1,8.0
CCN1CCC(Nc2ccc3c(c2)C(=C(c2ccc(C)cc2)c2nc4ccccc4[nH]2)C(=O)N3)CC1,8.0
CCN1CCC(Nc2ccc3c(c2)C(=C(c2ccc(OC)cc2)c2nc4ccccc4[nH]2)C(=O)N3)CC1,7.886056647693163
CCN1CCC(Nc2ccc3c(c2)C(=C(c2cccc(F)c2)c2nc4ccccc4[nH]2)C(=O)N3)CC1,8.0
CCN1CCC(Nc2ccc3c(c2)C(=C(c2cc(F)cc(F)c2)c2nc4ccccc4[nH]2)C(=O)N3)CC1,8.0
CCN1CCC(Nc2ccc3c(c2)C(=C(c2ccccc2)c2ncc[nH]2)C(=O)N3)CC1,6.628932137728263
CCN1CCC(Nc2ccc3c(c2)C(=C(c2cccc(F)c2)c2ncc[nH]2)C(=O)N3)CC1,7.698970004336019
CCN1CCC(Nc2ccc3c(c2)C(=C(c2ccc(Cl)cc2)c2ncc[nH]2)C(=O)N3)CC1,7.958607314841775
CCN1CCC(Nc2ccc3c(c2)C(=C(c2cccc(F)c2)c2nc(C)c[nH]2)C(=O)N3)CC1,8.221848749616356
CCN1CCC(Nc2ccc3c(c2)C(=C(c2cc(F)cc(F)c2)c2nc(C)c[nH]2)C(=O)N3)CC1,8.154901959985743
CCN1CCC(Nc2ccc3c(c2)C(=C(c2nc(C)c[nH]2)c2ccccc2F)C(=O)N3)CC1,7.795880017344075
CCN(CC)CCNC(=O)c1c(C)[nH]c(/C=C2\C(=O)Nc3ccc(F)cc32)c1C,7.431798275933005
Cc1[nH]c(/C=C2\C(=O)Nc3ccccc32)c(C)c1CCC(=O)O,6.8696662315049934
Cc1ccccc1C(=C1C(=O)Nc2ccccc21)c1nc2ccccc2[nH]1,7.013228265733755
Cc1cccc(C(=C2C(=O)Nc3ccccc32)c2nc3ccccc3[nH]2)c1,6.924453038607469
Cc1ccc(C(=C2C(=O)Nc3ccccc32)c2nc3ccccc3[nH]2)cc1,7.055517327849832
O=C1Nc2ccccc2C1=C(c1ccc(F)cc1)c1nc2ccccc2[nH]1,6.198596289982645
O=C1Nc2ccccc2C1=C(c1cccc(F)c1)c1nc2ccccc2[nH]1,6.903089986991944
O=C1Nc2ccccc2C1=C(c1cc(F)cc(F)c1)c1nc2ccccc2[nH]1,6.97469413473523
O=C1Nc2ccccc2C1=C(c1nc2ccccc2[nH]1)c1ccc(F)cc1F,6.5376020021010435
O=C1Nc2ccccc2C1=C(c1ccc(C(F)(F)F)cc1)c1nc2ccccc2[nH]1,4.701081456994902
O=C1Nc2ccccc2C1=C(c1nc2ccccc2[nH]1)c1ccc(Cl)cc1Cl,5.661543506395395
COc1ccc(C(=C2C(=O)Nc3ccccc32)c2nc3ccccc3[nH]2)cc1,6.485452247339714
CCOc1ccc(C(=C2C(=O)Nc3ccccc32)c2nc3ccccc3[nH]2)cc1,5.005418918740105
Nc1ccc(C(=C2C(=O)Nc3ccccc32)c2nc3ccccc3[nH]2)cc1,7.167491087293763
O=C1Nc2ccc(Br)cc2C1=C(c1ccccc1)c1nc2ccccc2[nH]1,7.292429823902063
O=C1Nc2cc(Br)ccc2C1=C(c1ccccc1)c1nc2ccccc2[nH]1,5.311580177997289
O=C1Nc2c(Br)cccc2C1=C(c1ccccc1)c1nc2ccccc2[nH]1,5.311580177997289
O=C1Nc2ccc(C(=O)O)cc2C1=C(c1ccccc1)c1nc2ccccc2[nH]1,8.397940008672037
O=C1Nc2cc(C(=O)O)ccc2C1=C(c1ccccc1)c1nc2ccccc2[nH]1,6.671620396561262
O=C1Nc2c(C(=O)O)cccc2C1=C(c1ccccc1)c1nc2ccccc2[nH]1,4.626481145030879
Nc1ccc2c(c1)C(=C(c1ccccc1)c1nc3ccccc3[nH]1)C(=O)N2,7.494850021680094
Cc1ccc(C(=C2C(=O)Nc3ccc(C(=O)O)cc32)c2nc3ccccc3[nH]2)cc1,8.301029995663981
Cc1ccc(C(=C2C(=O)Nc3ccc(N)cc32)c2nc3ccccc3[nH]2)cc1,7.086186147616283
COc1ccc2[nH]c(C(=C3C(=O)Nc4ccc(C(=O)O)cc43)c3ccccc3)nc2c1,8.522878745280337
COc1ccc2[nH]c(C(=C3C(=O)Nc4ccc(N)cc43)c3ccccc3)nc2c1,7.221848749616356
CCCCNC(=O)c1ccc2c(c1)C(=C(c1ccccc1)c1nc3ccccc3[nH]1)C(=O)N2,7.823908740944319
COCCNC(=O)c1ccc2c(c1)C(=C(c1ccccc1)c1nc3ccccc3[nH]1)C(=O)N2,7.161150909262744
CN1CCN(C(=O)c2ccc3c(c2)C(=C(c2ccccc2)c2nc4ccccc4[nH]2)C(=O)N3)CC1,6.804100347590766
CCCCNS(=O)(=O)c1ccc2c(c1)C(=C(c1ccccc1)c1nc3ccccc3[nH]1)C(=O)N2,5.945386945443112
COCCNS(=O)(=O)c1ccc2c(c1)C(=C(c1ccccc1)c1nc3ccccc3[nH]1)C(=O)N2,6.180456064458132
CN1CCN(S(=O)(=O)c2ccc3c(c2)C(=C(c2ccccc2)c2nc4ccccc4[nH]2)C(=O)N3)CC1,5.709965388637482
CCN1CCC(Oc2ccc3c(c2)C(=C(c2ccccc2)c2nc4cc(OC)ccc4[nH]2)C(=O)N3)CC1,7.657577319177793
CCN1CCCC(Nc2ccc3c(c2)C(=C(c2ccccc2)c2nc4cc(OC)ccc4[nH]2)C(=O)N3)C1,6.554395796726403
CCN1CCC(Nc2ccc3c(c2)C(=C(c2ccccc2)c2nc4cc(OC)ccc4[nH]2)C(=O)N3)CC1,8.0
COCCN1CCC(Nc2ccc3c(c2)C(=C(c2ccccc2)c2nc4ccccc4[nH]2)C(=O)N3)CC1,8.045757490560675
CCN1CCC(Nc2ccc3c(c2)C(=C(c2ccccc2)c2nc4ccccc4[nH]2)C(=O)N3)CC1,8.221848749616356
CCN1CCC(Nc2ccc3c(c2)C(=C(c2ccc(C)cc2)c2nc4ccccc4[nH]2)C(=O)N3)CC1,8.096910013008056
CCN1CCC(Nc2ccc3c(c2)C(=C(c2ccc(OC)cc2)c2nc4ccccc4[nH]2)C(=O)N3)CC1,7.886056647693163
CCN1CCC(Nc2ccc3c(c2)C(=C(c2cccc(F)c2)c2nc4ccccc4[nH]2)C(=O)N3)CC1,8.522878745280337
CCN1CCC(Nc2ccc3c(c2)C(=C(c2cc(F)cc(F)c2)c2nc4ccccc4[nH]2)C(=O)N3)CC1,8.397940008672037
CCN1CCC(Nc2ccc3c(c2)C(=C(c2ccccc2)c2ncc[nH]2)C(=O)N3)CC1,7.795880017344075
CCN1CCC(Nc2ccc3c(c2)C(=C(c2cccc(F)c2)c2ncc[nH]2)C(=O)N3)CC1,8.154901959985743
CCN1CCC(Nc2ccc3c(c2)C(=C(c2ccc(Cl)cc2)c2ncc[nH]2)C(=O)N3)CC1,8.397940008672037
CCN1CCC(Nc2ccc3c(c2)C(=C(c2cccc(F)c2)c2nc(C)c[nH]2)C(=O)N3)CC1,8.397940008672037
CCN1CCC(Nc2ccc3c(c2)C(=C(c2cc(F)cc(F)c2)c2nc(C)c[nH]2)C(=O)N3)CC1,8.522878745280337
CCN1CCC(Nc2ccc3c(c2)C(=C(c2nc(C)c[nH]2)c2ccccc2F)C(=O)N3)CC1,8.522878745280337
O=C1Nc2ccccc2/C1=C/c1nc2ccccc2[nH]1,5.311580177997289
CC(C)(C(=O)NCCn1ccc2ncnc(Nc3ccc(Oc4cccc(Cl)c4)c(Cl)c3)c21)S(C)(=O)=O.Cc1ccc(S(=O)(=O)O)cc1,5.0
CNC(=O)c1nc(-c2ccc(Cl)c(S(=O)(=O)Nc3cccc(F)c3F)c2)cnc1N,5.443697499232712
CNC(=O)c1nc(-c2ccc(Cl)c(S(=O)(=O)Nc3cccc(F)c3C)c2)cnc1N,5.443697499232712
COc1ccc(C2=NN(C(=O)c3ccc(Cl)cc3O)C(c3ccc(Cl)cc3)C2)cc1,4.6020599913279625
CNC(=O)c1cc(Oc2ccc(NC(=O)Nc3ccc(Cl)c(C(F)(F)F)c3)cc2)ccn1,7.229147988357855
COC(=O)Nc1nc2cc(C(=O)c3ccccc3)ccc2[nH]1,5.055517327849832
CN[C@@H]1C[C@H]2O[C@@](C)([C@@H]1OC)n1c3ccccc3c3c4c(c5c6ccccc6n2c5c31)C(=O)NC4,8.096910013008056
COC(=O)Nc1nc2cc(C(=O)c3ccccc3)ccc2[nH]1,5.443697499232712
CCN(CC)CCNC(=O)c1c(C)[nH]c2c1CCC/C2=C1/C(=O)Nc2ccc(F)cc21,8.301029995663981
COc1cc2c(Oc3ccc(Nc4ccc(C(C)(C)C)cc4)cc3)ccnc2cc1OCCNCCO,7.161150909262744
COc1cc2ncnc(Sc3nnc(C)s3)c2cc1OC,7.494850021680094
NC(=O)c1c(OCc2c(F)cc(Br)cc2F)nsc1NC(=O)NCCCCN1CCCC1,8.221848749616356
NC(=O)c1c(OCc2c(F)cc(Br)cc2F)nsc1NC(=O)NCCCCN1CCCC1,7.958607314841775
Cc1cc(C(=O)Nc2cc(Oc3ccc4nc(NC(=O)C5CC5)cn4n3)ccc2C)n(C)n1,9.022276394711152
CCN1CCN(Cc2ccc(-c3cc4c(N[C@H](C)c5ccccc5)ncnc4[nH]3)cc2)CC1,7.113509274827518
O=C(Nc1ccc(OC(F)(F)F)cc1)c1sccc1NCc1ccnc2ccccc12,8.045757490560675
CC1(C)CNc2cc(NC(=O)c3cccnc3NCc3ccncc3)ccc21,8.522878745280337
CNC(=O)c1cc(COc2nnc(Nc3ccc(Cl)cc3)c3ccoc23)ccn1,8.221848749616356
Clc1ccc(Nc2nnc(Cc3ccncc3)c3ccccc23)cc1,7.366531544420414
CNC(=O)c1cccc2cc(Oc3ccnc4cc(OCC5(N)CC5)c(OC)cc34)ccc12.Cl,7.6020599913279625
COc1cc2nccc(Oc3ccc(NC(=O)NC4CC4)c(Cl)c3)c2cc1C(N)=O,8.397940008672037
COc1cc2nccc(Oc3ccc(NC(=O)Nc4cc(C)on4)c(Cl)c3)c2cc1OC,9.795880017344075
COc1cc2c(Oc3ccc(NC(=O)C4(C(=O)Nc5ccc(F)cc5)CC4)cc3F)ccnc2cc1OCCCN1CCOCC1,7.795880017344075
COc1cc2c(Oc3ccc(NC(=O)C4(C(=O)Nc5ccc(F)cc5)CC4)cc3F)ccnc2cc1OCCCN1CCOCC1,8.167491087293763
COc1cc2c(Oc3ccc4[nH]c(C)cc4c3F)ncnc2cc1OCCCN1CCCC1,9.0
CN1CCN(c2ccc(Nc3ncc4nc(Nc5ccccc5)n(C5CCCC5)c4n3)cc2)CC1,7.698970004336019
COc1cc(C2=C(c3c[nH]c4ccccc34)C(=O)NC2=O)cc(OC)c1OC,7.154901959985743
COc1cc(C2=C(c3c[nH]c4cnccc34)C(=O)NC2=O)cc(OC)c1OC,7.318758762624412
COc1cc(C2=C(c3c[nH]c4cccnc34)C(=O)NC2=O)cc(OC)c1OC,6.428291168191312
COc1cc(C2=C(c3c[nH]c4ccncc34)C(=O)NC2=O)cc(OC)c1OC,6.229147988357855
COc1cc(C2=C(c3c[nH]c4ncccc34)C(=O)NC2=O)cc(OC)c1OC,7.431798275933005
CN(c1ccc(F)c(NC(=O)c2cccc(OC(C)(C)C#N)c2Cl)c1)c1ccc2nc(NC(=O)C3CC3)sc2n1,8.920818753952375
CC(C)(C#N)Oc1cccc(C(=O)Nc2cc(Nc3ccc4nc(NC(=O)C5CC5)sc4n3)ccc2F)c1Cl,7.1938200260161125
CN(c1ccc(F)c(NC(=O)c2cccc(OC(C)(C)C#N)c2Cl)c1)c1ccc2nc(NC(=O)C3CC3)sc2n1,8.1249387366083
CC(=O)Nc1nc2ccc(N(C)c3ccc(F)c(NC(=O)c4cccc(OC(C)(C)C#N)c4Cl)c3)nc2s1,7.853871964321762
CC(=O)Nc1nc2ccc(N(C)c3ccc(F)c(NC(=O)c4cccc(OC(C)(C)C#N)c4)c3)nc2s1,8.0
CC(=O)Nc1nc2cnc(Nc3cc(NC(=O)c4cccc(C5(C#N)CC5)c4Cl)ccc3C)nc2s1,6.468521082957745
CC(=O)Nc1nc2cnc(Nc3cc(NC(=O)c4cccc(OC(C)(C)C#N)c4)ccc3C)nc2s1,6.292429823902063
CC(=O)Nc1nc2cnc(Nc3cc(NC(=O)c4cccc(CC(C)(C)C#N)c4)ccc3C)nc2s1,6.522878745280337
CC(=O)Nc1nc2cnc(Nc3cc(NC(=O)c4cccc(CCC#N)c4)ccc3C)nc2s1,6.3872161432802645
O=S1(=O)NCCCNc2nc(ncc2Br)Nc2cccc1c2,7.3979400086720375
O=C(Nc1cccc(C(F)(F)F)c1)c1cccc(Oc2ccc3nccn3n2)c1,7.7447274948966935
O=C(Nc1ccccc1)c1cccc(Oc2ccc3nccn3n2)c1,6.1938200260161125
O=C(Nc1cccc(Oc2ccc3nccn3n2)c1)c1cccc(C(F)(F)F)c1,8.148741651280925
O=C(Nc1cccc(Oc2ccc3nccn3n2)c1)c1ccccc1,7.096910013008056
O=C(Nc1ccccc1)Nc1ccccc1Oc1ccc2nccn2n1,5.0
O=C(Nc1ccc(C(F)(F)F)cc1)Nc1cccc(Oc2ccc3nccn3n2)c1,7.5376020021010435
O=C(Nc1cccc(Oc2ccc3nccn3n2)c1)Nc1cccc(C(F)(F)F)c1,7.920818753952375
O=C(Nc1ccccc1)Nc1cccc(Oc2ccc3nccn3n2)c1,7.2839966563652006
O=C(Nc1ccccc1)Nc1ccc(Oc2ccc3nccn3n2)cc1,5.2839966563652006
O=C(Nc1ccc(-c2ccnc(Nc3ccc(N4CCOCC4)cc3)n2)cc1)[C@H]1CCCN1,6.315513707811266
Cc1csc(-c2nc(CNC(=O)OCC(C)C)[nH]c2-c2ccc3ncsc3c2)n1,5.966576244513051
CCOC(=O)C(=O)N(Cc1cccc(F)c1)c1ccc2c(c1)N(C)CC(C)(COc1ccc(C(=N)N)cc1)O2.O=C(O)C(F)(F)F,4.096910013008056
CN1CC(C)(COc2ccc(C(=N)N)cc2)Oc2ccc(N(CC(=O)O)Cc3cc(F)cc(F)c3)cc21.O=C(O)C(F)(F)F,4.647817481888637
Cc1ccc(Nc2nccc(N(C)c3ccc4c(C)n(C)nc4c3)n2)cc1S(N)(=O)=O,7.522878745280337
Nc1n[nH]c2nccc(-c3ccc(NC(=O)Nc4ccsc4)cc3)c12,7.431798275933005
Cc1cc(NC(=O)Nc2ccc(-c3nccc4[nH]nc(N)c34)cc2)ccc1F,7.468521082957745
Cc1cc(C)cc(NC(=O)Nc2ccc(-c3nccc4[nH]nc(N)c34)cc2)c1,7.187086643357144
Cc1ccc(F)c(NC(=O)Nc2ccc(-c3nccc4[nH]nc(N)c34)cc2)c1,7.214670164989233
Nc1n[nH]c2ccnc(-c3ccc(NC(=O)Nc4cccc(C(F)(F)F)c4)cc3)c12,7.004408675747647
Nc1n[nH]c2ccnc(-c3ccc(NC(=O)Nc4cccc(Cl)c4)cc3)c12,7.337242168318426
Cn1nc(N)c2c(-c3ccc(NC(=O)Nc4ccc(F)c(C(F)(F)F)c4)cc3)cncc21,7.886056647693163
Cc1ccc(F)c(NC(=O)Nc2ccc(-c3cncc4c3c(N)nn4C)cc2)c1,8.522878745280337
Cn1nc(N)c2c(-c3ccc(NC(=O)Nc4cccc(Cl)c4)cc3)cncc21,8.055616042359155
Cc1cccc(NC(=O)Nc2ccc(-c3cncc4c3c(N)nn4C)cc2)c1,8.744727494896694
Cc1cc(NC(=O)Nc2ccc(-c3cncc4[nH]nc(N)c34)cc2)ccc1F,9.154901959985743
Nc1n[nH]c2cncc(-c3ccc(NC(=O)Nc4cc(C(F)(F)F)ccc4F)cc3)c12,8.886056647693163
Cc1ccc(F)c(NC(=O)Nc2ccc(-c3cncc4[nH]nc(N)c34)cc2)c1,9.0
Nc1n[nH]c2cncc(-c3ccc(NC(=O)Nc4cccc(Cl)c4)cc3)c12,8.508638306165727
Cc1cccc(NC(=O)Nc2ccc(-c3cncc4[nH]nc(N)c34)cc2)c1,9.221776373233903
Nc1n[nH]c2nccc(-c3ccc(NC(=O)Nc4ccc(F)c(Cl)c4)cc3)c12,8.292429823902063
Nc1n[nH]c2nccc(-c3ccc(NC(=O)Nc4ccc(F)c(C(F)(F)F)c4)cc3)c12,8.42021640338319
Cc1cc(NC(=O)Nc2ccc(-c3ccnc4[nH]nc(N)c34)cc2)ccc1F,8.920818753952375
Nc1n[nH]c2nccc(-c3ccc(NC(=O)Nc4cc(C(F)(F)F)ccc4F)cc3)c12,8.102372908709558
Cc1ccc(F)c(NC(=O)Nc2ccc(-c3ccnc4[nH]nc(N)c34)cc2)c1,9.0
Cc1cc(C)cc(NC(=O)Nc2ccc(-c3ccnc4[nH]nc(N)c34)cc2)c1,8.958607314841775
Nc1n[nH]c2nccc(-c3ccc(NC(=O)Nc4cc(F)cc(F)c4)cc3)c12,8.09151498112135
COc1cccc(NC(=O)Nc2ccc(-c3ccnc4[nH]nc(N)c34)cc2)c1,8.4089353929735
Nc1n[nH]c2nccc(-c3ccc(NC(=O)Nc4cccc(C(F)(F)F)c4)cc3)c12,8.585026652029182
Nc1n[nH]c2nccc(-c3ccc(NC(=O)Nc4cccc(Cl)c4)cc3)c12,8.823908740944319
Cc1ccc(NC(=O)Nc2ccc(-c3ccnc4[nH]nc(N)c34)cc2)cc1,7.795880017344075
Cc1cccc(NC(=O)Nc2ccc(-c3ccnc4[nH]nc(N)c34)cc2)c1,9.0
Cc1ccccc1NC(=O)Nc1ccc(-c2ccnc3[nH]nc(N)c23)cc1,8.657577319177793
Nc1n[nH]c2nccc(-c3ccc(NC(=O)Nc4ccccc4)cc3)c12,8.397940008672037
Nc1n[nH]c2nccc(-c3ccc(NC(=O)Nc4ccsc4)cc3)c12,7.431798275933005
Cc1cc(NC(=O)Nc2ccc(-c3nccc4[nH]nc(N)c34)cc2)ccc1F,7.468521082957745
Cc1cc(C)cc(NC(=O)Nc2ccc(-c3nccc4[nH]nc(N)c34)cc2)c1,7.187086643357144
Cc1ccc(F)c(NC(=O)Nc2ccc(-c3nccc4[nH]nc(N)c34)cc2)c1,7.214670164989233
Nc1n[nH]c2ccnc(-c3ccc(NC(=O)Nc4cccc(C(F)(F)F)c4)cc3)c12,7.00436480540245
Nc1n[nH]c2ccnc(-c3ccc(NC(=O)Nc4cccc(Cl)c4)cc3)c12,7.337242168318426
Cn1nc(N)c2c(-c3ccc(NC(=O)Nc4ccc(F)c(C(F)(F)F)c4)cc3)cncc21,7.886056647693163
Cc1ccc(F)c(NC(=O)Nc2ccc(-c3cncc4c3c(N)nn4C)cc2)c1,8.522878745280337
Cn1nc(N)c2c(-c3ccc(NC(=O)Nc4cccc(Cl)c4)cc3)cncc21,8.05551732784983
Cc1cccc(NC(=O)Nc2ccc(-c3cncc4c3c(N)nn4C)cc2)c1,8.744727494896694
Cc1cc(NC(=O)Nc2ccc(-c3cncc4[nH]nc(N)c34)cc2)ccc1F,9.154901959985743
Nc1n[nH]c2cncc(-c3ccc(NC(=O)Nc4cc(C(F)(F)F)ccc4F)cc3)c12,8.886056647693163
Cc1ccc(F)c(NC(=O)Nc2ccc(-c3cncc4[nH]nc(N)c34)cc2)c1,9.0
Nc1n[nH]c2cncc(-c3ccc(NC(=O)Nc4cccc(Cl)c4)cc3)c12,8.508638306165727
Cc1cccc(NC(=O)Nc2ccc(-c3cncc4[nH]nc(N)c34)cc2)c1,9.221848749616356
Nc1n[nH]c2nccc(-c3ccc(NC(=O)Nc4ccc(F)c(Cl)c4)cc3)c12,8.292429823902063
Nc1n[nH]c2nccc(-c3ccc(NC(=O)Nc4ccc(F)c(C(F)(F)F)c4)cc3)c12,8.42021640338319
Cc1cc(NC(=O)Nc2ccc(-c3ccnc4[nH]nc(N)c34)cc2)ccc1F,8.920818753952375
Nc1n[nH]c2nccc(-c3ccc(NC(=O)Nc4cc(C(F)(F)F)ccc4F)cc3)c12,8.102372908709558
Cc1ccc(F)c(NC(=O)Nc2ccc(-c3ccnc4[nH]nc(N)c34)cc2)c1,9.0
Cc1cc(C)cc(NC(=O)Nc2ccc(-c3ccnc4[nH]nc(N)c34)cc2)c1,8.958607314841775
Nc1n[nH]c2nccc(-c3ccc(NC(=O)Nc4cc(F)cc(F)c4)cc3)c12,8.09151498112135
COc1cccc(NC(=O)Nc2ccc(-c3ccnc4[nH]nc(N)c34)cc2)c1,8.4089353929735
Nc1n[nH]c2nccc(-c3ccc(NC(=O)Nc4cccc(C(F)(F)F)c4)cc3)c12,8.585026652029182
Nc1n[nH]c2nccc(-c3ccc(NC(=O)Nc4cccc(Cl)c4)cc3)c12,8.823908740944319
Cc1ccc(NC(=O)Nc2ccc(-c3ccnc4[nH]nc(N)c34)cc2)cc1,7.795880017344075
Cc1cccc(NC(=O)Nc2ccc(-c3ccnc4[nH]nc(N)c34)cc2)c1,9.0
Cc1ccccc1NC(=O)Nc1ccc(-c2ccnc3[nH]nc(N)c23)cc1,8.657577319177793
Nc1n[nH]c2nccc(-c3ccc(NC(=O)Nc4ccccc4)cc3)c12,8.397940008672037
CCCNC(=O)Nc1ccc(-c2ccnc3[nH]nc(N)c23)cc1,6.619806854268809
Nc1n[nH]c2nccc(-c3ccc(NC(=O)NCC4CCCCC4)cc3)c12,7.1938200260161125
Nc1n[nH]c2nccc(-c3ccc(NC(=O)NC4CCCCC4)cc3)c12,6.939302159646388
Nc1n[nH]c2nccc(-c3ccc(NC(=O)Nc4ccsc4)cc3)c12,7.896196279044043
Cc1cc(NC(=O)Nc2ccc(-c3nccc4[nH]nc(N)c34)cc2)ccc1F,7.698970004336019
Cc1cc(C)cc(NC(=O)Nc2ccc(-c3nccc4[nH]nc(N)c34)cc2)c1,7.920818753952375
Cc1ccc(F)c(NC(=O)Nc2ccc(-c3nccc4[nH]nc(N)c34)cc2)c1,7.7447274948966935
Nc1n[nH]c2ccnc(-c3ccc(NC(=O)Nc4cccc(C(F)(F)F)c4)cc3)c12,8.148680487351255
Nc1n[nH]c2ccnc(-c3ccc(NC(=O)Nc4cccc(Cl)c4)cc3)c12,7.920818753952375
Cn1nc(N)c2c(-c3ccc(NC(=O)Nc4ccc(F)c(C(F)(F)F)c4)cc3)cncc21,8.431798275933005
Cc1ccc(F)c(NC(=O)Nc2ccc(-c3cncc4c3c(N)nn4C)cc2)c1,8.113509274827518
Cn1nc(N)c2c(-c3ccc(NC(=O)Nc4cccc(Cl)c4)cc3)cncc21,8.823908740944319
Cc1cccc(NC(=O)Nc2ccc(-c3cncc4c3c(N)nn4C)cc2)c1,8.337242168318426
Cc1cc(NC(=O)Nc2ccc(-c3cncc4[nH]nc(N)c34)cc2)ccc1F,9.154901959985743
Nc1n[nH]c2cncc(-c3ccc(NC(=O)Nc4cc(C(F)(F)F)ccc4F)cc3)c12,9.0
Cc1ccc(F)c(NC(=O)Nc2ccc(-c3cncc4[nH]nc(N)c34)cc2)c1,8.67778070526608
Nc1n[nH]c2cncc(-c3ccc(NC(=O)Nc4cccc(Cl)c4)cc3)c12,8.920818753952375
Cc1cccc(NC(=O)Nc2ccc(-c3cncc4[nH]nc(N)c34)cc2)c1,9.154901959985743
Nc1n[nH]c2nccc(-c3ccc(NC(=O)Nc4ccc(F)c(Cl)c4)cc3)c12,8.744727494896694
Nc1n[nH]c2nccc(-c3ccc(NC(=O)Nc4ccc(F)c(C(F)(F)F)c4)cc3)c12,8.698970004336019
Cc1cc(NC(=O)Nc2ccc(-c3ccnc4[nH]nc(N)c34)cc2)ccc1F,8.958607314841775
Nc1n[nH]c2nccc(-c3ccc(NC(=O)Nc4cc(C(F)(F)F)ccc4F)cc3)c12,8.619788758288394
Cc1ccc(F)c(NC(=O)Nc2ccc(-c3ccnc4[nH]nc(N)c34)cc2)c1,8.698970004336019
Cc1cc(C)cc(NC(=O)Nc2ccc(-c3ccnc4[nH]nc(N)c34)cc2)c1,9.0
Nc1n[nH]c2nccc(-c3ccc(NC(=O)Nc4cc(F)cc(F)c4)cc3)c12,8.200728391650127
COc1cccc(NC(=O)Nc2ccc(-c3ccnc4[nH]nc(N)c34)cc2)c1,8.42021640338319
Nc1n[nH]c2nccc(-c3ccc(NC(=O)Nc4cccc(C(F)(F)F)c4)cc3)c12,8.769551078621726
Nc1n[nH]c2nccc(-c3ccc(NC(=O)Nc4cccc(Cl)c4)cc3)c12,9.0
Cc1ccc(NC(=O)Nc2ccc(-c3ccnc4[nH]nc(N)c34)cc2)cc1,8.537602002101044
Cc1cccc(NC(=O)Nc2ccc(-c3ccnc4[nH]nc(N)c34)cc2)c1,8.698970004336019
Cc1ccccc1NC(=O)Nc1ccc(-c2ccnc3[nH]nc(N)c23)cc1,7.455931955649724
Nc1n[nH]c2nccc(-c3ccc(NC(=O)Nc4ccccc4)cc3)c12,8.346787486224656
CCCNC(=O)Nc1ccc(-c2ccnc3[nH]nc(N)c23)cc1,6.619788758288394
Nc1n[nH]c2nccc(-c3ccc(NC(=O)NCC4CCCCC4)cc3)c12,7.1938200260161125
Nc1n[nH]c2nccc(-c3ccc(NC(=O)NC4CCCCC4)cc3)c12,6.939302159646388
Nc1n[nH]c2nccc(-c3ccc(NC(=O)Nc4ccsc4)cc3)c12,7.896196279044043
Cc1cc(NC(=O)Nc2ccc(-c3nccc4[nH]nc(N)c34)cc2)ccc1F,7.698970004336019
Cc1cc(C)cc(NC(=O)Nc2ccc(-c3nccc4[nH]nc(N)c34)cc2)c1,7.920818753952375
Cc1ccc(F)c(NC(=O)Nc2ccc(-c3nccc4[nH]nc(N)c34)cc2)c1,7.7447274948966935
Nc1n[nH]c2ccnc(-c3ccc(NC(=O)Nc4cccc(C(F)(F)F)c4)cc3)c12,8.148741651280925
Nc1n[nH]c2ccnc(-c3ccc(NC(=O)Nc4cccc(Cl)c4)cc3)c12,7.920818753952375
Cn1nc(N)c2c(-c3ccc(NC(=O)Nc4ccc(F)c(C(F)(F)F)c4)cc3)cncc21,8.431798275933005
Cc1ccc(F)c(NC(=O)Nc2ccc(-c3cncc4c3c(N)nn4C)cc2)c1,8.113509274827518
Cn1nc(N)c2c(-c3ccc(NC(=O)Nc4cccc(Cl)c4)cc3)cncc21,8.823908740944319
Cc1cccc(NC(=O)Nc2ccc(-c3cncc4c3c(N)nn4C)cc2)c1,8.337242168318426
Cc1cc(NC(=O)Nc2ccc(-c3cncc4[nH]nc(N)c34)cc2)ccc1F,9.154901959985743
Nc1n[nH]c2cncc(-c3ccc(NC(=O)Nc4cc(C(F)(F)F)ccc4F)cc3)c12,9.0
Cc1ccc(F)c(NC(=O)Nc2ccc(-c3cncc4[nH]nc(N)c34)cc2)c1,8.67778070526608
Nc1n[nH]c2cncc(-c3ccc(NC(=O)Nc4cccc(Cl)c4)cc3)c12,8.920818753952375
Cc1cccc(NC(=O)Nc2ccc(-c3cncc4[nH]nc(N)c34)cc2)c1,9.154901959985743
Nc1n[nH]c2nccc(-c3ccc(NC(=O)Nc4ccc(F)c(Cl)c4)cc3)c12,8.744727494896694
Nc1n[nH]c2nccc(-c3ccc(NC(=O)Nc4ccc(F)c(C(F)(F)F)c4)cc3)c12,8.698970004336019
Cc1cc(NC(=O)Nc2ccc(-c3ccnc4[nH]nc(N)c34)cc2)ccc1F,8.958607314841775
Nc1n[nH]c2nccc(-c3ccc(NC(=O)Nc4cc(C(F)(F)F)ccc4F)cc3)c12,8.619788758288394
Cc1ccc(F)c(NC(=O)Nc2ccc(-c3ccnc4[nH]nc(N)c34)cc2)c1,8.698970004336019
Cc1cc(C)cc(NC(=O)Nc2ccc(-c3ccnc4[nH]nc(N)c34)cc2)c1,9.0
Nc1n[nH]c2nccc(-c3ccc(NC(=O)Nc4cc(F)cc(F)c4)cc3)c12,8.200659450546418
COc1cccc(NC(=O)Nc2ccc(-c3ccnc4[nH]nc(N)c34)cc2)c1,8.42021640338319
Nc1n[nH]c2nccc(-c3ccc(NC(=O)Nc4cccc(C(F)(F)F)c4)cc3)c12,8.769551078621726
Nc1n[nH]c2nccc(-c3ccc(NC(=O)Nc4cccc(Cl)c4)cc3)c12,9.0
Cc1ccc(NC(=O)Nc2ccc(-c3ccnc4[nH]nc(N)c34)cc2)cc1,8.537602002101044
Cc1cccc(NC(=O)Nc2ccc(-c3ccnc4[nH]nc(N)c34)cc2)c1,8.698970004336019
Cc1ccccc1NC(=O)Nc1ccc(-c2ccnc3[nH]nc(N)c23)cc1,7.455931955649724
Nc1n[nH]c2nccc(-c3ccc(NC(=O)Nc4ccccc4)cc3)c12,8.346787486224656
O=C(NCCCN1CCOC1=O)c1cnc(NCc2cc(Cl)ccc2Cl)nc1NC1CCCC1,4.796967112985289
O=C(NCCCN1CCCC1=O)c1cnc(NCc2cc(Cl)ccc2Cl)nc1NC1CCCC1,4.875821944525325
Clc1ccc(C2=NN(c3ccccc3)C(c3ccc4ccccc4c3)C2)cc1Cl,5.73754891026957
Cc1ccc(C2=NN(c3ccccc3)C(c3ccc4ccccc4c3)C2)cc1,5.806875401645538
COc1ccc(C2=NN(c3ccccc3)C(c3cccc4ccccc34)C2)cc1,5.468521082957745
NC(=S)N1N=C(c2ccc(Cl)c(Cl)c2)CC1c1ccc2ccccc2c1,5.494850021680094
Cc1ccc(C2=NN(C(N)=S)C(c3ccc4ccccc4c3)C2)cc1,5.6777807052660805
COc1ccc(C2=NN(C(N)=S)C(c3cccc4ccccc34)C2)cc1,5.3872161432802645
COc1cc2c(cc1F)C(c1ccccc1Cl)=Nc1c(n[nH]c1C)N2,8.0
CNC(=O)c1cc(Oc2ccc(NC(=O)Nc3ccc(Cl)c(C(F)(F)F)c3)cc2)ccn1,7.0
Cc1[nH]nc2c1N=C(c1ccccc1Cl)c1cc(N)ccc1N2,7.468521082957745
FC(F)(F)c1nc2cnc3[nH]ccc3c2n1C1CCCCC1,6.142667503568732
Cc1nc2cnc3[nH]ccc3c2n1C1CCCCC1,5.585026652029182
c1cc2c(ncc3ncn(C4CCCCC4)c32)[nH]1,5.431798275933005
c1cc2c(ncc3cnc(C4CCCCC4)n32)[nH]1,6.040958607678906
c1cc2c(ncc3ccc(C4CCCCC4)n32)[nH]1,6.221848749616356
c1cc2c(ncc3ncc(C4CCCCC4)n32)[nH]1,6.0
c1cc2c(ncc3nnc(C4CCCCC4)n32)[nH]1,5.585026652029182
c1cc2c(ncc3onc(C4CCCCC4)c32)[nH]1,6.698970004336019
Cn1nc(C2CCCCC2)c2c3cc[nH]c3ncc21,6.795880017344075
c1cc2c(ncc3[nH]nc(C4CCCCC4)c32)[nH]1,7.045757490560675
O=C(NCCc1ccc(O)c(Br)c1)/C(Cc1cc(Br)c(O)c(Oc2ccc(CCNC(=O)/C(Cc3cc(Br)c(O)c(-c4cc(C/C(=N\O)C(=O)NCCc5ccc(O)c(Br)c5)cc(Br)c4O)c3)=N/O)cc2Br)c1)=N/O,6.221848749616356
O=C(NCCc1ccc(O)c(Br)c1)/C(Cc1cc(Br)c(O)c(-c2cc(C/C(=N/O)C(=O)NCCc3ccc(O)c(Br)c3)cc(Br)c2O)c1)=N\O,5.920818753952375
O=C1N/C=C/c2ccc(c(Br)c2)Oc2cc(cc(Br)c2O)CCNC(=O)/C(=N/O)Cc2ccc(c(Br)c2)Oc2cc(cc(Br)c2O)C/C1=N\O,5.886056647693163
CNC(=O)c1cc(Oc2ccc(NC(=O)Nc3ccc(Cl)c(C(F)(F)F)c3)cc2)ccn1,7.045757490560675
O=C(Nc1ccc(Oc2ncnc3[nH]ncc23)cc1)Nc1ccc(Cl)c(C(F)(F)F)c1,7.920818753952375
O=C(Nc1ccc(Oc2ncnc3[nH]ncc23)cc1)Nc1cccc(C(F)(F)F)c1,7.958607314841775
O=C(Nc1ccc(Oc2ncnc3[nH]ncc23)cc1)Nc1ccc(C(F)(F)F)cc1,7.42021640338319
C#Cc1cccc(Nc2ncnc3cc(OCCOC)c(OCCOC)cc23)c1,3.9041335465214573
CCN(CC)CCNC(=O)c1c(C)[nH]c(/C=C2\C(=O)Nc3ccc(F)cc32)c1C,4.723538195826756
Cc1cc(C)c(/C=C2\C(=O)Nc3ccccc32)[nH]1,4.920818753952375
COc1cccc(Nc2nc(NC(=O)C(C)(C)C)nc3[nH]c4cccc(Cl)c4c23)c1,4.3872161432802645
CC(C)(C)C(=O)Nc1nc(Nc2cccc(F)c2)c2c(n1)[nH]c1cccc(Cl)c12,4.505845405981558
CC(C)(C)C(=O)Nc1nc(Nc2ccc(Cl)cc2F)c2c(n1)[nH]c1cccc(Cl)c12,4.050122295963125
CC(C)(C)C(=O)Nc1nc(Nc2ccc(Cl)cc2)c2c(n1)[nH]c1cccc(Cl)c12,4.671620396561262
CC(C)c1ccc(Nc2nc(NC(=O)C(C)(C)C)nc3[nH]c4cccc(Cl)c4c23)cc1,4.320572103387881
CC(C)(C)C(=O)Nc1nc(Nc2ccccc2)c2c(n1)[nH]c1cccc(Cl)c12,3.7166987712964503
COc1cccc(Nc2nc(N)nc3[nH]c4cccc(Cl)c4c23)c1,4.154281982033341
Nc1nc(Nc2cccc(F)c2)c2c(n1)[nH]c1cccc(Cl)c12,4.064996848546345
Nc1nc(Nc2ccc(Cl)cc2F)c2c(n1)[nH]c1cccc(Cl)c12,4.410050398674292
Nc1nc(Nc2ccc(Cl)cc2)c2c(n1)[nH]c1cccc(Cl)c12,4.87942606879415
CC(C)c1ccc(Nc2nc(N)nc3[nH]c4cccc(Cl)c4c23)cc1,4.518557371497695
Nc1nc(Nc2ccccc2)c2c(n1)[nH]c1cccc(Cl)c12,3.9072793553159006
CC(C)(C)C(=O)Nc1nc(Nc2ccc(F)c(Br)c2)c2cc(CCc3ccccn3)[nH]c2n1,3.6989700043360187
Nc1nc(Nc2ccc(F)c(Cl)c2)c2cc(CCc3ccccn3)[nH]c2n1,3.6989700043360187
CC(C)(C)C(=O)Nc1nc(Nc2ccc(F)c(C(F)(F)F)c2)c2cc(CCc3ccccn3)[nH]c2n1,3.82131076022441
C#Cc1cccc(Nc2nc(NC(=O)C(C)(C)C)nc3[nH]c(CCc4ccccn4)cc23)c1,3.9010103605988227
C#Cc1cccc(Nc2ncnc3cc(OCCOC)c(OCCOC)cc23)c1,3.9041335465214573
Nc1nc(Nc2ccc(F)c(C(F)(F)F)c2)c2cc(CCc3ccccn3)[nH]c2n1,3.904830648568245
CC(C)(C)C(=O)Nc1nc(Nc2ccc(F)c(Cl)c2)c2cc(CCc3ccccn3)[nH]c2n1,4.049148541111453
Nc1nc(Nc2cccc(Br)c2)c2cc(CCc3ccccn3)[nH]c2n1,4.30189945437661
C#Cc1cccc(Nc2nc(N)nc3[nH]c(CCc4ccccn4)cc23)c1,4.360513510731414
Nc1nc(Nc2ccc(F)c(Br)c2)c2cc(CCc3ccccn3)[nH]c2n1,4.617982957425132
CCN(CC)CCNC(=O)c1c(C)[nH]c(/C=C2\C(=O)Nc3ccc(F)cc32)c1C,4.723538195826756
CC(C)(C)C(=O)Nc1nc(Nc2cccc(C(F)(F)F)c2)c2cc(CCc3ccccn3)[nH]c2n1,4.777283528852417
Nc1nc(Nc2cccc(C(F)(F)F)c2)c2cc(CCc3ccccn3)[nH]c2n1,4.777283528852417
Cc1cc(C)c(/C=C2\C(=O)Nc3ccccc32)[nH]1,4.920818753952375
Cc1c(C(=O)N2CCOc3ccc(-c4ccc(N)nc4)cc3C2)ccc(S(C)(=O)=O)c1F,5.455931955649724
Cc1cc(C)c(/C=C2\C(=O)Nc3ccccc32)[nH]1,6.0
NC(=O)C1=C(N)C(=O)C=C(Nc2ccccc2O)C1=O,7.958607314841775
CN1C/C(=C\c2ccccn2)C(=O)[C@@H](Cc2ccccn2)C1,4.0
CN1C/C(=C\c2ccccn2)C(=O)[C@H](Cc2ccccn2)C1,4.0
O=C1/C(=C/c2ccccn2)CSC/C1=C\c1ccccn1,5.187086643357144
CN1C/C(=C\c2ccccn2)C(=O)/C(=C/c2ccccn2)C1,5.886056647693163
O=C1/C(=C/c2ccccn2)CNC/C1=C\c1ccccn1,6.180456064458132
O=C1/C(=C/c2ccccc2F)CNC/C1=C\c1ccccc1F,6.113509274827518
O=C1Nc2ccccc2/C1=C/c1c[nH]nc1-c1ccccc1[N+](=O)[O-],8.113509274827518
O=C(NCCO)C1=Cc2c(ncnc2Nc2ccc(Oc3cccc4sccc34)c(Cl)c2)NCC1,5.0
O=C(Nc1cccc(Oc2ccc3nc(NC(=O)C4CCOCC4)cn3n2)c1)c1cccc(C(F)(F)F)c1,8.958607314841775
O=C(Nc1cccc(Oc2ccc3nccn3n2)c1)c1cccc(C(F)(F)F)c1,7.309803919971486
Cc1cc(C(=O)Nc2cc(Oc3ccc4nc(NC(=O)C5CC5)cn4n3)ccc2C)n(C)n1,10.031517051446064
Cc1cc(C(=O)Nc2cccc(Oc3ccc4nc(NC(=O)C5CC5)cn4n3)c2)n(C)n1,9.721246399047171
O=C(Nc1cccc(Oc2ccc3nc(NC(=O)C4CCOCC4)cn3n2)c1)c1cccc(C(F)(F)F)c1,8.0
O=C(Nc1cccc(Oc2ccc3nccn3n2)c1)c1cccc(C(F)(F)F)c1,7.455931955649724
Cc1cc(C(=O)Nc2cc(Oc3ccc4nc(NC(=O)C5CC5)cn4n3)ccc2C)n(C)n1,8.958607314841775
Cc1cc(C(=O)Nc2cccc(Oc3ccc4nc(NC(=O)C5CC5)cn4n3)c2)n(C)n1,8.744727494896694
O=C(Nc1cccc(Oc2ccc3nc(NC(=O)C4CCOCC4)cn3n2)c1)c1cccc(C(F)(F)F)c1,8.161150909262744
Cc1cc(C(=O)Nc2cc(Oc3ccc4nc(NC(=O)C5CC5)cn4n3)ccc2Cl)n(C)n1,8.886056647693163
Cc1cc(C(=O)Nc2cc(Oc3ccc4nc(NC(=O)C5CC5)cn4n3)ccc2F)n(C)n1,8.958607314841775
CCc1ccc(Oc2ccc3nc(NC(=O)C4CC4)cn3n2)cc1NC(=O)c1cc(C)nn1C,8.292429823902063
Cc1cc(C(=O)Nc2cccc(Oc3ccc4nc(NC(=O)C5CC5)cn4n3)c2C)n(C)n1,8.327902142064282
Cc1cc(C(=O)Nc2ccc(C)c(Oc3ccc4nc(NC(=O)C5CC5)cn4n3)c2)n(C)n1,8.744727494896694
Cc1cc(C(=O)Nc2cc(Oc3ccc4nc(NC(=O)C5CC5)cn4n3)ccc2C)n(C)n1,9.022276394711152
Cn1nc(C(F)(F)F)cc1C(=O)Nc1cccc(Oc2ccc3nc(NC(=O)C4CC4)cn3n2)c1,8.431798275933005
Cc1cc(C(=O)Nc2cccc(Oc3ccc4nc(NC(=O)C5CC5)cn4n3)c2)n(-c2ccccc2)n1,8.920818753952375
Cc1cc(C(=O)Nc2cccc(Oc3ccc4nc(NC(=O)C5CC5)cn4n3)c2)n(C)n1,8.853871964321762
Cc1noc(C)c1C(=O)Nc1cccc(Oc2ccc3nc(NC(=O)C4CC4)cn3n2)c1,7.6020599913279625
Cc1cc(C(=O)Nc2cccc(Oc3ccc4nc(NC(=O)C5CC5)cn4n3)c2)nn1C,9.017728766960431
Cn1nncc1C(=O)Nc1cccc(Oc2ccc3nc(NC(=O)C4CC4)cn3n2)c1,8.886056647693163
Cc1cc(C(=O)Nc2cccc(Oc3ccc4nc(NC(=O)C5CC5)cn4n3)c2)on1,8.853871964321762
O=C(Nc1cccc(Oc2ccc3nc(NC(=O)C4CC4)cn3n2)c1)c1ccno1,8.886056647693163
O=C(Nc1cccc(Oc2ccc3nc(NC(=O)C4CC4)cn3n2)c1)c1ccncc1,8.886056647693163
CC(C)(C)C(=O)Nc1cccc(Oc2ccc3nc(NC(=O)C4CC4)cn3n2)c1,6.187086643357144
O=C(Nc1cccc(Oc2ccc3nc(NC(=O)C4CC4)cn3n2)c1)C1CC1,7.920818753952375
CC(=O)Nc1cn2nc(Oc3cccc(NC(=O)c4cccc(F)c4)c3)ccc2n1,8.958607314841775
O=C(Nc1cccc(Oc2ccc3nc(NC(=O)C4CC4)cn3n2)c1)c1cccc(F)c1,9.0
O=C(Nc1cccc(Oc2ccc3nc(NC(=O)c4ccc(C(F)(F)F)cc4)cn3n2)c1)c1cccc(F)c1,6.920818753952375
O=C(Nc1cccc(Oc2ccc3nc(NC(=O)c4cccc(C(F)(F)F)c4)cn3n2)c1)c1cccc(F)c1,6.795880017344075
Cc1ccsc1C(=O)Nc1cn2nc(Oc3cccc(NC(=O)c4cccc(F)c4)c3)ccc2n1,7.721246399047171
O=C(Nc1cccc(Oc2ccc3nc(NC(=O)C4CCCCC4)cn3n2)c1)c1cccc(F)c1,7.958607314841775
O=C(Nc1cccc(Oc2ccc3nc(NC(=O)C4CCOCC4)cn3n2)c1)c1cccc(F)c1,8.568636235841012
C[C@@H](Oc1c[nH]c(=O)c(C(=O)Nc2ccc(N3CCN(C)CC3)cc2)c1)c1c(Cl)ccc(F)c1Cl,6.0
Clc1ccc(-c2cc3nnnc(Cl)c3[se]2)cc1,5.40000018605658
Cc1ccc(-c2cc3nnnc(Cl)c3[se]2)cc1,4.800000052738446
Cc1ccc(-c2cc3nnnc(N4CCOCC4)c3[se]2)cc1,4.600000074606178
CSc1nc2nnnc(Cl)c2s1,4.300000029139088
CSc1nc2nnnc(Cl)c2s1,4.3448615651886175
Cc1ccc(-c2cc3nnnc(N4CCOCC4)c3[se]2)cc1,4.581698708680254
O=c1[nH]c(-c2ccc(Cl)cc2)nc2cc(-c3cn(Cc4ccccc4)c4ccccc34)sc12,4.815308569182401
Cc1ccc(-c2cc3nnnc(Cl)c3[se]2)cc1,4.777283528852417
Clc1ccc(-c2cc3nnnc(Cl)c3[se]2)cc1,5.3872161432802645
O=c1[nH]c(CN2CCCCC2)nc2cc(-c3cn(Cc4ccccc4)c4ccccc34)sc12,5.647817481888637
CNC(=O)c1cc(Oc2ccc(NC(=O)Nc3ccc(Cl)c(C(F)(F)F)c3)cc2)ccn1,7.045757490560675
O=C(NCc1cn(-c2ccc3cn[nH]c3c2)nn1)Nc1cccc(CCl)c1,6.251811972993799
COc1cc2c(Oc3ccc(NC(=O)N4CCN(c5ccccc5)C4=O)cc3F)ccnc2cc1OCCCN1CCOCC1,7.522878745280337
COc1cc2c(Oc3ccc(NC(=O)c4nn(-c5ccccc5C(F)(F)F)c5ccccc5c4=O)cc3F)ccnc2cc1OCCCN1CCCC1,7.813326132500255
COc1cc2nccc(Oc3ccc(NC(=O)c4c(C)n(C)n(-c5ccccc5)c4=O)cc3F)c2cc1OC,8.10790539730952
COc1ccc(-c2cnc3c(-c4cccc5ncccc45)cnn3c2)cc1,4.705533773838407
c1ccc2c(-c3cnn4cc(-c5ccc(N6CCOCC6)cc5)cnc34)ccnc2c1,5.273272790973428
COc1ccc(-c2cnc3c(-c4ccnc5ccccc45)cnn3c2)cc1,5.366531544420414
c1cc(-c2cnn3cc(-c4ccc(N5CCNCC5)cc4)cnc23)c2cccnc2c1,5.690369832574102
CN1CCN(c2ccc(-c3cnc4c(-c5ccnc6ccccc56)cnn4c3)cc2)CC1,5.818156412055227
c1ccc2c(-c3cnn4cc(-c5ccc(N6CCNCC6)cc5)cnc34)ccnc2c1,6.668167955563751
c1cc(-c2cnn3cc(-c4ccc(OCCN5CCCCC5)cc4)cnc23)ccn1,7.661543506395395
c1cc(N2CCNCC2)ccc1-c1cnc2c(-c3cn[nH]c3)cnn2c1,7.853871964321762
COc1ccc(-c2cnc3c(-c4cn[nH]c4)cnn3c2)cc1,7.886056647693163
c1cc(N2CCOCC2)ccc1-c1cnc2c(-c3cn[nH]c3)cnn2c1,8.774690718274137
Cc1ccc(F)c(NC(=O)Nc2ccc(-c3cccc4[nH]nc(N)c34)cc2)c1,8.154901959985743
CNC(=O)c1cc(Oc2ccc(NC(=O)Nc3ccc(Cl)c(C(F)(F)F)c3)cc2)ccn1,7.698970004336019
CC(C)(C)c1cc(NC(=O)Nc2ccc(-c3cn4c(n3)sc3cc(OCCN5CCOCC5)ccc34)cc2)no1.Cl.Cl,6.366531544420414
Cc1nc(Nc2cc(-c3ccc(CNC(=O)Nc4cccc(Cl)c4)cc3)n[nH]2)cc(N2CCNCC2)n1,7.42021640338319
Cc1nc(Nc2cc(-c3ccc(CNC(=O)Nc4cc(C(C)(C)C)on4)cc3)n[nH]2)cc(N2CCNCC2)n1,7.070581074285707
Cc1nc(Nc2cc(-c3ccc(CNC(=O)Nc4cc(C(C)(C)C)on4)cc3)n[nH]2)cc(N2CCN(CCO)CC2)n1,7.301029995663981
Cc1nc(Nc2cc(-c3ccc(CNC(=O)Nc4cc(C)on4)cc3)n[nH]2)cc(N2CCN(CCO)CC2)n1,6.920818753952375
Cc1nc(Nc2cc(-c3ccc(CNC(=O)Nc4cc(C(C)(C)C)on4)cc3)n[nH]2)cc(N2CCN(C)CC2)n1,7.920818753952375
Cc1nc(Nc2cc(-c3ccc(CNC(=O)Nc4cc(C)on4)cc3)n[nH]2)cc(N2CCN(C)CC2)n1,7.0
Cc1nc(Nc2cc(-c3ccc(NC(=O)Nc4ccccc4)cc3)n[nH]2)cc(N2CCN(C)CC2)n1,6.2076083105017466
CN1CCN(Cc2ccc(C(=O)Nc3cc(-c4ccc(CNC(=O)Nc5cc(C(C)(C)C)on5)cc4)n[nH]3)cc2)CC1,7.7447274948966935
CC(C)(C)c1cc(NC(=O)NCc2ccc(-c3cc(NC(=O)c4ccc(OCCN5CCOCC5)cc4)[nH]n3)cc2)no1,7.552841968657781
Cc1cc(NC(=O)NCc2ccc(-c3cc(NC(=O)c4ccc(N5CCN(C)CC5)cc4)[nH]n3)cc2)no1,7.301029995663981
O=C(NCc1ccc(-c2cc(NC(=O)c3ccc(OCCN4CCOCC4)cc3)[nH]n2)cc1)Nc1ccc(Cl)cc1,7.1487416512809245
O=C(NCc1ccc(-c2cc(NC(=O)c3ccc(OCCN4CCOCC4)cc3)[nH]n2)cc1)Nc1ccc(F)cc1,6.886056647693163
CN1CCN(Cc2ccc(C(=O)Nc3cc(-c4ccc(CNC(=O)Nc5ccccc5)cc4)n[nH]3)cc2)CC1,7.086186147616283
O=C(NCc1ccc(-c2cc(NC(=O)c3ccc(OCCN4CCOCC4)cc3)[nH]n2)cc1)Nc1ccccc1,7.267606240177032
Cc1cc(-c2cc(NC(=O)c3ccc(CN4CCN(C)CC4)cc3)[nH]n2)ccc1NC(=O)Nc1cc(C(C)(C)C)on1,8.154901959985743
Cc1cc(-c2cc(NC(=O)c3ccc(OCCN4CCOCC4)cc3)[nH]n2)ccc1NC(=O)Nc1cc(C(C)(C)C)on1,7.568636235841013
CN1CCN(Cc2ccc(C(=O)Nc3cc(-c4ccc(NC(=O)Nc5cc(C(C)(C)C)on5)cc4)n[nH]3)cc2)CC1,7.920818753952375
CC(C)(C)c1cc(NC(=O)Nc2ccc(-c3cc(NC(=O)c4ccc(OCCN5CCOCC5)cc4)[nH]n3)cc2)no1,7.657577319177793
CC(C)(C)c1cc(NC(=O)Nc2ccc(-c3cc(NC(=O)c4ccc(OCCN5CCCC5)cc4)[nH]n3)cc2)no1,7.920818753952375
Cc1cc(NC(=O)Nc2ccc(-c3cc(NC(=O)c4ccc(N5CCN(C)CC5)cc4)[nH]n3)cc2Cl)no1,6.0
Cc1cc(NC(=O)Nc2ccc(-c3cc(NC(=O)c4ccc(N5CCN(C)CC5)cc4)[nH]n3)cc2C)no1,7.42021640338319
CN1CCN(c2ccc(C(=O)Nc3cc(-c4ccc(NC(=O)Nc5cc(C(C)(C)C)on5)cc4)n[nH]3)cc2)CC1,7.920818753952375
Cc1cc(NC(=O)Nc2ccc(-c3cc(NC(=O)c4ccc(N5CCN(C)CC5)cc4)[nH]n3)cc2)no1,7.508638306165727
Cc1cnc(NC(=O)Nc2ccc(-c3cc(NC(=O)c4ccc(N5CCN(C)CC5)cc4)[nH]n3)cc2)s1,7.455931955649724
CN1CCN(c2ccc(C(=O)Nc3cc(-c4ccc(NC(=O)Nc5cccnc5)cc4)n[nH]3)cc2)CC1,6.721246399047171
CN1CCN(c2ccc(C(=O)Nc3cc(-c4ccc(NC(=O)Nc5ccccn5)cc4)n[nH]3)cc2)CC1,7.136677139879544
CN1CCN(c2ccc(C(=O)Nc3cc(-c4ccc(NC(=O)N5CCCC5)cc4)n[nH]3)cc2)CC1,6.0
CN1CCN(c2ccc(C(=O)Nc3cc(-c4ccc(NC(=O)NC5CC5)cc4)n[nH]3)cc2)CC1,6.522878745280337
CCNC(=O)Nc1ccc(-c2cc(NC(=O)c3ccc(N4CCN(C)CC4)cc3)[nH]n2)cc1,7.0
CN1CCN(c2ccc(C(=O)Nc3cc(-c4ccc(NC(=O)Nc5ccccc5)cc4)n[nH]3)cc2)CC1,7.585026652029182
O=C(NCc1ccc(-c2cc(NC(=O)c3ccc(OCCN4CCCC4)cc3)[nH]n2)cc1)OCc1ccccc1,6.920818753952375
CN1CCN(c2ccc(C(=O)Nc3cc(-c4cccc(NS(=O)(=O)c5ccccc5)c4)n[nH]3)cc2)CC1,6.886056647693163
CC(C)n1cc(C(=O)c2cccc(NC(=O)Nc3ccc(Cl)cc3)c2)c2c(N)ncnc21,5.0
Nc1ncnc2c1c(C(=O)c1cccc(NC(=O)Nc3c(F)cccc3F)c1)cn2C1CCCC1,5.508638306165727
COc1cc(-c2cn([C@H]3CC[C@H](N4CCN(C)CC4)CC3)c3ncnc(N)c23)ccc1NS(=O)(=O)c1ccccc1,5.522878745280337
COc1cc2nccc(Oc3ccc(NC(=S)NC(=O)Cc4ccccc4)cc3F)c2cc1OC,7.494850021680094
COc1cc2nccc(Oc3ccc(NC(=O)c4c(C)n(C)n(-c5ccccc5)c4=O)cc3F)c2cc1OC,8.10790539730952
COc1cc2nccc(Oc3ccc(NC(=O)C4(C(=O)Nc5ccc(F)cc5)CC4)cc3F)c2cc1OC,8.154901959985743
COc1cc2c(Oc3ccc(NC(=O)C4(C(=O)Nc5ccc(F)cc5)CC4)cc3F)ccnc2cc1OCCCN1CCOCC1,9.096910013008056
Cc1cc(Nc2ncc(Cl)c(Nc3ccccc3S(=O)(=O)C(C)C)n2)c(OC(C)C)cc1C1CCNCC1,5.375717904164332
C[C@@H](Oc1c(N)ncc2c(C3=CCN(C(N)=O)CC3)coc12)c1c(Cl)ccc(F)c1Cl,5.214670164989233
C[C@@H](Oc1c(N)ncc2c(C3=CCN(C(N)=O)CC3)coc12)c1c(Cl)ccc(F)c1Cl,5.886056647693163
CC(=O)N1CCc2[nH]c(/C=C3\C(=O)Nc4ccc([N+](=O)[O-])cc43)cc2C1,7.221848749616356
CC(=O)N1CCc2[nH]c(/C=C3\C(=O)Nc4ccc(C#N)cc43)cc2C1,7.698970004336019
CC(=O)N1CCc2[nH]c(/C=C3\C(=O)Nc4ccc(C(F)(F)F)cc43)cc2C1,6.494850021680094
CC(=O)N1CCc2[nH]c(/C=C3\C(=O)Nc4ccc(OC(C)C)cc43)cc2C1,6.045757490560675
CC(=O)Nc1ccc2c(c1)/C(=C/c1cc3c([nH]1)CCN(C(=O)N1CCOCC1)C3)C(=O)N2,8.154901959985743
CN1CCC(Nc2ccc3c(c2)/C(=C/c2cc4c([nH]2)CCN(C(=O)N2CCOCC2)C4)C(=O)N3)CC1,8.522878745280337
O=C1Nc2ccc(C(F)(F)F)cc2/C1=C/c1cc2c([nH]1)CCN(C(=O)N1CCOCC1)C2,7.080921907623926
COc1ccc2c(c1)/C(=C/c1[nH]c3c(c1Cl)CN(C(C)=O)CC3)C(=O)N2,7.060480747381382
COc1ccc2c(c1)/C(=C/c1cc3c([nH]1)CCN(C(=O)N1CCOCC1)C3)C(=O)N2,8.301029995663981
COc1ccc2c(c1)/C(=C/c1cc3c([nH]1)CCN(C(=O)N1CCN(C)CC1)C3)C(=O)N2,8.221848749616356
COc1ccc2c(c1)/C(=C/c1cc3c([nH]1)CCN(C(=O)c1cnoc1C)C3)C(=O)N2,7.795880017344075
COc1ccc2c(c1)/C(=C/c1cc3c([nH]1)CCN(C(C)=O)C3)C(=O)N2,6.6777807052660805
COc1ccc2c(c1)/C(=C/c1cc3c([nH]1)CCN(C(=O)CCN)C3)C(=O)N2,8.096910013008056
COc1ccc2c(c1)/C(=C/c1[nH]c(C)c(C(=O)NCCCN)c1C)C(=O)N2,6.0
Cc1cc(C(=O)Nc2cc(Oc3ccc4nc(NC(=O)C5CC5)nn4c3)ccc2F)n(C)n1,8.698970004336019
Cc1cc(C(=O)Nc2cccc(Oc3ccc4nc(NC(=O)C5CC5)sc4c3)c2)n(C)n1,8.443697499232712
Cc1ccc(Oc2ccc3nc(NC(=O)C4CC4)nn3c2)cc1NC(=O)C1CCC1,8.508638306165727
Cc1cc(C(=O)Nc2cc(Oc3ccc4nc(NC(=O)C5CC5)nn4c3)ccc2F)n(C)n1,9.585026652029182
Cc1ccc(Oc2ccc3nc(NC(=O)C4CC4)nn3c2)cc1NC(=O)C1CCC1,8.4089353929735
Cc1cc(C(=O)Nc2cc(Oc3ccc4nc(NC(=O)C5CC5)nn4c3)ccc2F)n(C)n1,8.657577319177793
Cc1ccc(Oc2ccc3nc(NC(=O)C4CC4)nn3c2)cc1NC(=O)C1CCC1,8.522878745280337
Cc1ccc(Oc2ccc3nc(NC(=O)C4CC4)nn3c2)cc1NC(=O)CC(C)C,8.698970004336019
Cc1ccc(Oc2ccc3nc(NC(=O)C4CC4)nn3c2)cc1NC(=O)c1ccnn1C,8.795880017344075
Cc1ccc(Oc2ccc3nc(NC(=O)C4CC4)nn3c2)cc1NC(=O)c1cn(C)nc1C,8.721246399047171
Cc1ccc(Oc2ccc3nc(NC(=O)C4CC4)nn3c2)cc1NC(=O)c1scc(C)c1Cl,9.318758762624412
Cc1nc(C(=O)Nc2cc(Oc3ccc4nc(NC(=O)C5CC5)nn4c3)ccc2C)c(C)s1,8.823908740944319
Cc1cc(C(=O)Nc2ccc(C)c(Oc3ccc4nc(NC(=O)C5CC5)nn4c3)c2)n(C)n1,8.431798275933005
Cc1cc(C(=O)Nc2cc(Oc3ccc4nc(NC(=O)C5CC5)sc4n3)ccc2C)n(C)n1,8.920818753952375
Cc1cc(C(=O)Nc2cccc(Oc3ccc4nc(NC(=O)C5CC5)sc4n3)c2)n(C)n1,8.886056647693163
Cc1cc(C(=O)Nc2cc(Oc3ccc4nc(NC(=O)C5CC5)cn4c3)ccc2C)n(C)n1,8.920818753952375
Cc1cc(C(=O)Nc2cccc(Oc3ccc4nc(NC(=O)C5CC5)cn4c3)c2)n(C)n1,8.958607314841775
Cc1cc(NC(=O)c2cc(C)nn2C)cc(Oc2ccc3nc(NC(=O)C4CC4)nn3c2)c1,8.67778070526608
Cc1cc(C(=O)Nc2cc(Oc3ccc4nc(NC(=O)C5CC5)nn4c3)ccc2C)n(C)n1,8.721246399047171
Cc1cc(C(=O)Nc2cccc(Oc3ccc4nc(NC(=O)C5CC5)nn4c3)c2)n(C)n1,8.958607314841775
Cc1cc(C(=O)Nc2cccc(Oc3ccc4nc(NC(=O)C5CC5)cn4n3)c2)n(C)n1,8.853871964321762
COC(=O)c1ccc2c(c1)NC(=O)/C2=C(\Nc1ccc(N(C)C(=O)CN2CCN(C)CC2)cc1)c1ccccc1,9.0
CCCCCCCCCCCCCCCCN1C(=O)c2cccc3c(NCCNCCN(C)C)ccc(c23)C1=O,4.0
CCCCCCCCCCCCN1C(=O)c2cccc3c(NCCNCCN(C)C)ccc(c23)C1=O,4.558461961297839
CCCCCCCCN1C(=O)c2cccc3c(NCCNCCN(C)C)ccc(c23)C1=O,4.310336034984229
CCCCCCN1C(=O)c2cccc3c(NCCNCCN(C)C)ccc(c23)C1=O,4.0
CCCCN1C(=O)c2cccc3c(NCCNCCN(C)C)ccc(c23)C1=O,4.0
CCN1C(=O)c2cccc3c(NCCNCCN(C)C)ccc(c23)C1=O,4.0
CN(C)CCNCCNc1ccc2c3c(cccc13)C(=O)N(C)C2=O,4.0
COc1ccc2c(c1)/C(=C\c1ccc3c(/C=C/c4ccc(N5CCN(C)CC5)nc4)n[nH]c3c1)C(=O)N2,6.318758762624412
Nc1ncc(-c2cnn([C@H]3CC[C@H](O)CC3)c2)c2c(C(F)F)c(-c3cccc4nnsc34)oc12,4.698970004336019
N#Cc1c(-c2cccc3nnsc23)oc2c(N)ncc(-c3cnn([C@H]4CC[C@H](O)CC4)c3)c12,4.698970004336019
Nc1ncc(-c2cnn([C@H]3CC[C@H](O)CC3)c2)c2c(Cl)c(-c3cccc4nnsc34)oc12,4.698970004336019
COc1nn(C)cc1-c1cnc(N)c2oc(-c3csc4cnccc34)cc12,4.698970004336019
Cc1nn(C)cc1-c1cnc(N)c2oc(-c3csc4cnccc34)cc12,4.698970004336019
Cc1c(-c2cnc(N)c3oc(-c4csc5cnccc45)cc23)cnn1C,4.701146923590294
Nc1ncc(-c2cnn([C@H]3CC[C@H](O)CC3)c2)c2c(CF)c(-c3cccc4nnsc34)oc12,4.73754891026957
Nc1ncc(-c2cnn([C@H]3CC[C@H](O)CC3)c2)c2c(-c3cccnc3)c(-c3cccc4nnsc34)oc12,5.086186147616283
Cn1cc(-c2cnc(N)c3oc(-c4csc5cnccc45)cc23)cn1,5.468521082957745
Nc1ncc(-c2cnn([C@H]3CC[C@H](O)CC3)c2)c2c(-c3cncs3)c(-c3cccc4nnsc34)oc12,6.119186407719209
Nc1ncc(-c2cnn([C@H]3CC[C@H](O)CC3)c2)c2cc(-c3cccc4nnsc34)oc12,6.187086643357144
Cl.c1ccc(-c2cccc(Nc3ncnc4cc5c(cc34)OCO5)c2)cc1,6.071604147743286
Cc1ccc(Nc2nccc(N(C)c3ccc4c(C)n(C)nc4c3)n2)cc1S(N)(=O)=O,8.299988937677888
Clc1ccc(Nc2nnc(Cc3ccncc3)c3ccccc23)cc1,8.0
C#Cc1cccc(Nc2ncnc3cc(OCCOC)c(OCCOC)cc23)c1,7.299988937677887
COc1cc2c(Oc3ccc(NC(=O)N/N=C/c4ccc(F)cc4F)cc3F)ccnc2cc1OCCCN1CCC(C)CC1,6.161150909262744
COc1ccc(NC(=S)NC(=O)c2cn(-c3ccccc3)nc2-c2ccc(OC)cc2)cc1,5.301029995663981
COc1ccc(NC(=S)NC(=O)c2cn(-c3ccccc3)nc2-c2ccc(F)cc2)cc1,5.301029995663981
COc1ccc(NC(=S)NC(=O)c2cn(-c3ccccc3)nc2-c2ccc(Cl)cc2)cc1,5.301029995663981
COc1ccc(NC(=S)NC(=O)c2cn(-c3ccccc3)nc2-c2ccc(C)cc2)cc1,5.301029995663981
COc1ccc(NC(=S)NC(=O)c2cn(-c3ccccc3)nc2-c2ccccc2)cc1,5.301029995663981
CCN(CC)CCNC(=O)c1c(C)[nH]c(/C=C2\C(=O)Nc3ccc(F)cc32)c1C,8.397940008672037
Cc1[nH]c2c(c1C(=O)N1CCC[C@H]1CN1CCCC1)CCC/C2=C1/C(=O)Nc2ccc(F)cc21,7.928117992693875
Cc1[nH]c2c(c1C(=O)N1CCC(N3CCCCC3)CC1)CCC/C2=C1/C(=O)Nc2ccc(F)cc21,8.096910013008056
Cc1[nH]c2c(c1C(=O)N1CCOCC1)CCC/C2=C1/C(=O)Nc2ccc(F)cc21,8.958607314841775
CCN(CC)CC(O)CNC(=O)c1c(C)[nH]c2c1CCC/C2=C1/C(=O)Nc2ccc(F)cc21,8.602059991327963
Cc1[nH]c2c(c1C(=O)NCCCN1CCCC1)CCC/C2=C1/C(=O)Nc2ccc(F)cc21,8.42021640338319
Cc1[nH]c2c(c1C(=O)NCCCN1CCOCC1)CCC/C2=C1/C(=O)Nc2ccc(F)cc21,9.0
CCN(CC)CCCNC(=O)c1c(C)[nH]c2c1CCC/C2=C1/C(=O)Nc2ccc(F)cc21,8.568636235841012
Cc1[nH]c2c(c1C(=O)NCCc1ccccn1)CCC/C2=C1/C(=O)Nc2ccc(F)cc21,7.943095148663527
Cc1[nH]c2c(c1C(=O)NCCO)CCC/C2=C1/C(=O)Nc2ccc(F)cc21,8.958607314841775
Cc1[nH]c2c(c1C(=O)NCCN(C)C)CCC/C2=C1/C(=O)Nc2ccc(F)cc21,8.522878745280337
Cc1[nH]c2c(c1C(=O)NCCN1CCCC1)CCC/C2=C1/C(=O)Nc2ccc(F)cc21,8.013228265733755
Cc1[nH]c2c(c1C(=O)NCCN1CCCCC1)CCC/C2=C1/C(=O)Nc2ccc(F)cc21,8.366531544420413
Cc1[nH]c2c(c1C(=O)NCCN1CCOCC1)CCC/C2=C1/C(=O)Nc2ccc(F)cc21,8.795880017344075
CCN(CC)CCNC(=O)c1c(C)[nH]c2c1CCC/C2=C1/C(=O)Nc2c(F)cccc21,6.949233688766958
CCN(CC)CCNC(=O)c1c(C)[nH]c2c1CCC/C2=C1/C(=O)Nc2cccc(F)c21,7.823908740944319
CCN(CC)CCNC(=O)c1c(C)[nH]c2c1CCC/C2=C1/C(=O)Nc2ccc(S(=O)(=O)N(CC)CC)cc21,6.481091426308586
CCN(CC)CCNC(=O)c1c(C)[nH]c2c1CCC/C2=C1/C(=O)Nc2ccc(C(=O)OC)cc21,6.776763726897002
CCN(CC)CCNC(=O)c1c(C)[nH]c2c1CCC/C2=C1/C(=O)Nc2ccc([N+](=O)[O-])cc21,7.590066876668706
CCN(CC)CCNC(=O)c1c(C)[nH]c2c1CCC/C2=C1/C(=O)Nc2ccc(OC)cc21,7.609064892896621
CCN(CC)CCNC(=O)c1c(C)[nH]c2c1CCC/C2=C1/C(=O)Nc2ccc(C)cc21,8.638272163982407
CCN(CC)CCNC(=O)c1c(C)[nH]c2c1CCC/C2=C1/C(=O)Nc2ccc(Br)cc21,8.4089353929735
CCN(CC)CCNC(=O)c1c(C)[nH]c2c1CCC/C2=C1/C(=O)Nc2ccc(Cl)cc21,8.585026652029182
CCN(CC)CCNC(=O)c1c(C)[nH]c2c1CCC/C2=C1/C(=O)Nc2ccc(F)cc21,8.638272163982407
CCN(CC)CCNC(=O)c1c(C)[nH]c2c1CCC/C2=C1/C(=O)Nc2ccccc21,8.0268721464003
COc1cc2c(Oc3ccc(NC(=O)c4cc(-c5ccc(C)cc5)ccn4)cc3F)ccnc2cc1OCCCN1CCN(C)CC1,6.27417000967942
C[C@@H](Sc1cc(-c2cnn(C3CCNCC3)c2)cnc1N)c1c(Cl)ccc(F)c1Cl,6.0
CN(C)c1ccc(Oc2cc(O)cc(O)c2-c2cc(C(=O)NC3CCN(C4CCC5(CC4)OCCO5)CC3)no2)cc1,8.0
CC(C)Nc1ccc(Oc2cc(O)cc(O)c2-c2cc(C(=O)NC3CCN(C)CC3)no2)cc1,8.0
CN1CCC(NC(=O)c2cc(-c3c(O)cc(O)cc3Oc3ccc(N(C)C)cc3)on2)CC1,8.0
CN1CCC(NC(=O)c2cc(-c3c(O)cc(O)cc3Oc3ccc([N+](=O)[O-])cc3)on2)CC1,8.0
CNS(=O)(=O)Nc1cccc(Cc2c(C)c3cc(Cl)c(OC(=O)N(C)C)cc3oc2=O)c1,4.301029995663981
Cc1ccc(C(=O)Nc2ccc(Oc3ccc4nc(NC(=O)C5CC5)cn4c3)c(F)c2)c(=O)n1-c1ccccc1.Cl,9.267606240177031
O=C(Nc1ccc(Oc2ccc3nc(NC(=O)C4CC4)cn3c2)c(F)c1)c1cccn(-c2ccccc2)c1=O,9.853871964321762
Cc1ccc(C(=O)Nc2ccc(Oc3ccc4nc(NC(=O)C5CC5)cn4n3)c(F)c2)c(=O)n1-c1ccccc1,8.853871964321762
Cc1ccn(-c2ccccc2)c(=O)c1C(=O)Nc1ccc(Oc2ccc3nc(NC(=O)C4CC4)cn3n2)c(F)c1,8.045757490560675
O=C(Nc1ccc(Oc2ccc3nc(NC(=O)C4CC4)cn3n2)c(F)c1)c1cccn(-c2ccccc2)c1=O,9.3767507096021
Cn1cc(C(=O)Nc2ccc(Oc3ccc4nc(NC(=O)C5CC5)cn4n3)c(F)c2)c(=O)n1-c1ccccc1,7.585026652029182
Cn1cc(C(=O)Nc2ccc(Oc3ccc4nc(NC(=O)C5CC5)cn4n3)cc2)c(=O)n1-c1ccccc1,7.698970004336019
Cc1ccc(C(=O)Nc2ccc(Oc3ccc4nc(NC(=O)C5CC5)cn4c3)c(F)c2)c(=O)n1-c1ccccc1.Cl,8.017728766960431
O=C(Nc1ccc(Oc2ccc3nc(NC(=O)C4CC4)cn3c2)c(F)c1)c1cccn(-c2ccccc2)c1=O,8.886056647693163
Cc1ccc(C(=O)Nc2ccc(Oc3ccc4nc(NC(=O)C5CC5)cn4n3)c(F)c2)c(=O)n1-c1ccccc1,8.1249387366083
Cc1ccn(-c2ccccc2)c(=O)c1C(=O)Nc1ccc(Oc2ccc3nc(NC(=O)C4CC4)cn3n2)c(F)c1,8.013228265733755
O=C(Nc1ccc(Oc2ccc3nc(NC(=O)C4CC4)cn3n2)c(F)c1)c1cccn(-c2ccccc2)c1=O,8.2839966563652
Cn1cc(C(=O)Nc2ccc(Oc3ccc4nc(NC(=O)C5CC5)cn4n3)c(F)c2)c(=O)n1-c1ccccc1,7.552841968657781
Cn1cc(C(=O)Nc2ccc(Oc3ccc4nc(NC(=O)C5CC5)cn4n3)cc2)c(=O)n1-c1ccccc1,7.585026652029182
Cc1ccc(C(=O)Nc2ccc(Oc3ccc4nc(NC(=O)C5CC5)cn4c3)c(F)c2)c(=O)n1-c1ccccc1.Cl,8.657577319177793
O=C(Nc1ccc(Oc2ccc3nc(NC(=O)C4CC4)cn3c2)c(F)c1)c1cccn(-c2ccccc2)c1=O,8.67778070526608
Cc1ccc(C(=O)Nc2ccc(Oc3ccc4nc(NC(=O)C5CC5)cn4n3)c(F)c2)c(=O)n1-c1ccccc1,8.468521082957745
Cc1ccn(-c2ccccc2)c(=O)c1C(=O)Nc1ccc(Oc2ccc3nc(NC(=O)C4CC4)cn3n2)c(F)c1,8.55284196865778
O=C(Nc1ccc(Oc2ccc3nc(NC(=O)C4CC4)cn3n2)c(F)c1)c1cccn(-c2ccccc2)c1=O,8.602059991327963
Cn1cc(C(=O)Nc2ccc(Oc3ccc4nc(NC(=O)C5CC5)cn4n3)c(F)c2)c(=O)n1-c1ccccc1,8.2518119729938
Cn1cc(C(=O)Nc2ccc(Oc3ccc4nc(NC(=O)C5CC5)cn4n3)cc2)c(=O)n1-c1ccccc1,8.148741651280925
Cc1cc(C(=O)Nc2ccc(Oc3ccc4nc(NC(=O)C5CC5)cn4n3)cc2)nn1-c1ccccc1,7.050609993355087
Cc1cc(C(=O)Nc2ccc(Oc3ccc4nc(NC(=O)C5CC5)cn4n3)cc2)n(C)n1,7.920818753952375
CCN(CC)CCCNC(=O)Nc1cc2c(Nc3ccc(F)c(Cl)c3)ncnc2cc1O[C@H]1CCOC1,5.0
O=C(NCCN1CCCC1)Nc1cc2c(Nc3ccc(F)c(Cl)c3)ncnc2cc1O[C@H]1CCOC1,5.0
COc1cc(-c2cc(NC(=O)Nc3ccc(OCCCN4CCOCC4)cc3C)cc(OC)c2OC)ccc1/C(C)=N/O,7.090443970758825
COc1cc(-c2cc(NC(=O)Nc3ccc(OCCN4CCOCC4)cc3C)cc(OC)c2OC)ccc1/C(C)=N/O,6.889410289700751
COc1cc(-c2cc(NC(=O)Nc3ccc(OCCN4CCCC4)cc3C)cc(OC)c2OC)ccc1/C(C)=N/O,7.388276691992658
COc1cc(-c2cc(NC(=O)Nc3ccc(OCCCN(C)C)cc3C)cc(OC)c2OC)ccc1/C(C)=N/O,7.844663962534938
CCN(CC)CCOc1ccc(NC(=O)Nc2cc(OC)c(OC)c(-c3ccc(/C(C)=N/O)c(OC)c3)c2)c(C)c1,6.522878745280337
COc1cc2nc(Cl)nc(Nc3ccc(C(=O)O)cc3)c2cc1OC,4.0
COc1cc2nc(Cl)nc(Nc3ccc(S(=O)(=O)O)cc3)c2cc1OC,4.0
CN(C)c1ccc(Nc2nc(Cl)nc3cc4c(cc23)OCO4)cc1,4.0
CS(=O)(=O)c1ccc(Nc2nc(Cl)nc3cc4c(cc23)OCO4)cc1,4.0
COc1cc2nc(Cl)nc(Nc3ccc(S(C)(=O)=O)cc3)c2cc1OC,4.0
CN(C)S(=O)(=O)c1ccc(Nc2nc(Cl)nc3ccccc23)cc1,4.0
O=S(=O)(Nc1nccs1)c1ccc(Nc2nc(Cl)nc3cc4c(cc23)OCO4)cc1,4.0
COc1cc2nc(Cl)nc(Nc3ccc(S(=O)(=O)N(C)C)cc3)c2cc1OC,4.363512103646634
COc1cc2nc(Cl)nc(Nc3ccc(N(C)C)cc3)c2cc1OC,4.405607449624573
NS(=O)(=O)c1ccc(Nc2nc(Cl)nc3cc4c(cc23)OCO4)cc1,4.570247719997592
CN(C)S(=O)(=O)c1ccc(Nc2nc(Cl)nc3cc4c(cc23)OCO4)cc1,4.6307841425898575
COc1cc2nc(Cl)nc(Nc3ccc(S(=O)(=O)Nc4nccs4)cc3)c2cc1OC,5.108462542327436
COc1cc2nc(Cl)nc(Nc3ccc(O)cc3)c2cc1OC,5.6777807052660805
COc1cc2nc(Cl)nc(Nc3ccc(NC(C)=O)cc3)c2cc1OC,5.701146923590294
COc1cc2nc(Cl)nc(Nc3ccc(C(N)=O)cc3)c2cc1OC,5.931814138253839
COc1cc2nc(Cl)nc(Nc3ccc(S(N)(=O)=O)cc3)c2cc1OC,5.991399828238082
CNS(=O)(=O)c1ccc(Nc2nc(Cl)nc3cc(OC)c(OC)cc23)cc1,6.070581074285707
COc1cc(-c2cc(NC(=O)Nc3cc(OCCCN4CCOCC4)ccc3C)cc(OC)c2OC)ccc1C(C)=O,7.47755576649368
COc1cc(-c2cc(NC(=O)Nc3cc(OCCN4CCOCC4)ccc3C)cc(OC)c2OC)ccc1C(C)=O,7.621602099051862
COc1cc(-c2cc(NC(=O)Nc3cc(OCCN4CCCC4)ccc3C)cc(OC)c2OC)ccc1C(C)=O,7.1555228242543185
COc1cc(-c2cc(NC(=O)Nc3cc(OCCN4CCCCC4)ccc3C)cc(OC)c2OC)ccc1C(C)=O,6.522878745280337
COc1cc(-c2cc(NC(=O)Nc3cc(OCCCN(C)C)ccc3C)cc(OC)c2OC)ccc1C(C)=O,7.7544873321858505
CCN(CC)CCOc1ccc(C)c(NC(=O)Nc2cc(OC)c(OC)c(-c3ccc(C(C)=O)c(OC)c3)c2)c1,7.777283528852417
COc1cc(-c2cc(NC(=O)Nc3cc(OCCN(C)C)ccc3C)cc(OC)c2OC)ccc1C(C)=O,7.146301788223826
CNC(=O)c1cc(Oc2ccc(NC(=O)Nc3ccc(Cl)c(C(F)(F)F)c3)cc2)ccn1,8.97469413473523
COc1cc(-c2cc(NC(=O)Nc3ccc(OCCCN4CCOCC4)cc3C)cc(OC)c2OC)ccc1C(C)=O,7.623423042943488
COc1cc(-c2cc(NC(=O)Nc3ccc(OCCN4CCCC4)cc3C)cc(OC)c2OC)ccc1C(C)=O,7.892790030352131
COc1cc(-c2cc(NC(=O)Nc3ccc(OCCN4CCCCC4)cc3C)cc(OC)c2OC)ccc1C(C)=O,8.279014255846262
COc1cc(-c2cc(NC(=O)Nc3ccc(OCCCN(C)C)cc3C)cc(OC)c2OC)ccc1C(C)=O,8.341988603342887
CCN(CC)CCOc1ccc(NC(=O)Nc2cc(OC)c(OC)c(-c3ccc(C(C)=O)c(OC)c3)c2)c(C)c1,6.892790030352131
COc1cc(-c2cc(NC(=O)Nc3ccc(OCCN(C)C)cc3C)cc(OC)c2OC)ccc1C(C)=O,6.522878745280337
COc1cc(-c2cc(NC(=O)Nc3ccc(OCCCN4CCOCC4)cc3)cc(OC)c2OC)ccc1C(C)=O,8.391473966422806
COc1cc(-c2cc(NC(=O)Nc3ccc(OCCN4CCOCC4)cc3)cc(OC)c2OC)ccc1C(C)=O,6.522878745280337
COc1cc(-c2cc(NC(=O)Nc3ccc(OCCN4CCCC4)cc3)cc(OC)c2OC)ccc1C(C)=O,6.747146969020107
COc1cc(-c2cc(NC(=O)Nc3ccc(OCCN4CCCCC4)cc3)cc(OC)c2OC)ccc1C(C)=O,7.892790030352131
COc1cc(-c2cc(NC(=O)Nc3ccc(OCCCN(C)C)cc3)cc(OC)c2OC)ccc1C(C)=O,7.756961951313706
CCN(CC)CCOc1ccc(NC(=O)Nc2cc(OC)c(OC)c(-c3ccc(C(C)=O)c(OC)c3)c2)cc1,6.522878745280337
COc1cc(-c2cc(NC(=O)Nc3ccc(OCCN(C)C)cc3)cc(OC)c2OC)ccc1C(C)=O,6.522878745280337
O=c1c(O)c(-c2ccc(O)c(O)c2)oc2cc(O)cc(O)c12,6.552841968657781
CN[C@@H]1C[C@H]2O[C@@](C)([C@@H]1OC)n1c3ccccc3c3c4c(c5c6ccccc6n2c5c31)C(=O)NC4,8.0
Cc1c(O)c(O)c(O)c(C=O)c1-c1cc2c(C=O)c(C)c(O)c(O)c2o1,6.4089353929735005
Cc1c(O)c(O)c(O)c2c1COC2=O,5.2247537402597635
COCc1c(C)c(O)c(O)c(O)c1C=O,4.522878745280337
COC1OC(=O)c2c(O)c(O)c(O)c(C)c21,4.578396073130169
Cc1c(O)c(O)c2c(c1C=O)[C@@H]1O[C@H](O2)c2c(C)c(O)c(O)c(O)c2C1=O,6.494850021680094
COCCOc1ccn2c(-c3ccc4cccc(O[C@@H]5CCNC[C@H]5F)c4n3)cnc2c1,7.698970004336019
COCCOc1ccn2c(-c3ccc4cccc(O[C@@H]5CCNC[C@@H]5F)c4n3)cnc2c1,7.552841968657781
COCCOc1ccn2c(-c3ccc4cccc(O[C@H]5CCNC[C@@H]5F)c4n3)cnc2c1,7.795880017344075
COCCOc1ccn2c(-c3ccc4cccc(O[C@@H]5CCNC[C@H]5F)c4n3)cnc2c1,7.275724130399211
COCCOc1ccn2c(-c3ccc4cccc(OCCN)c4n3)cnc2c1,6.686132779630847
COCCOc1ccn2c(-c3ccc4cccc(OCc5cnc[nH]5)c4n3)cnc2c1,6.667561540084395
COCCOc1ccn2c(-c3ccc4cccc(O[C@@H]5CN[C@H](C(=O)OC)C5)c4n3)cnc2c1,6.761953896871205
COCCOc1ccn2c(-c3ccc4cccc(O[C@H]5CN[C@H](C(=O)OC)C5)c4n3)cnc2c1,7.113509274827518
COCCOc1ccn2c(-c3ccc4cccc(O[C@@H]5CNC[C@H]5OC)c4n3)cnc2c1,6.323306390375134
COCCOc1ccn2c(-c3ccc4cccc(OCC5CCNC5)c4n3)cnc2c1,7.154901959985743
COCCOc1ccn2c(-c3ccc4cccc(OCC5CNCCO5)c4n3)cnc2c1,6.1438755557577
COCCOc1ccn2c(-c3ccc4cccc(O[C@H]5CC[C@H](N)CC5)c4n3)cnc2c1,6.692503962086787
COCCOc1ccn2c(-c3ccc4cccc(O[C@@H]5CCNC[C@@H]5O)c4n3)cnc2c1,7.173925197299173
COCCOc1ccn2c(-c3ccc4cccc(O[C@@H]5CCCNC5)c4n3)cnc2c1,6.779891911959945
COCCOc1ccn2c(-c3ccc4cccc(O[C@H]5CCCNC5)c4n3)cnc2c1,6.991399828238082
COCCOc1ccn2c(-c3ccc4cccc(OCC5(F)CCNCC5)c4n3)cnc2c1,7.292429823902063
COCCOc1ccn2c(-c3ccc4cccc(OCC5CCNCC5)c4n3)cnc2c1,6.410050398674292
COCCOc1ccn2c(-c3ccc4cccc(OC5CCN(C)CC5)c4n3)cnc2c1,7.376750709602099
COCCOc1ccn2c(-c3ccc4cccc(OC5CCNCC5)c4n3)cnc2c1,7.4089353929735005
COCCOc1ccn2c(-c3ccc4cccc(OCC(C)(C)CN)c4n3)cnc2c1,6.886056647693163
CNC(=O)c1cc(Oc2ccc(NC(=O)Nc3ccc(Cl)c(C(F)(F)F)c3)cc2)ccn1.Cc1ccc(S(=O)(=O)O)cc1,7.903089986991944
CCN(CC)CCNC(=O)c1c(C)[nH]c(/C=C2\C(=O)Nc3ccc(F)cc32)c1C.O=C(O)CC(O)C(=O)O,7.505845405981558
CCS(=O)(=O)c1ccc(OC)c(Nc2ncc(-c3cccc(-c4ccccn4)c3)o2)c1,7.767003889607846
CCS(=O)(=O)c1ccc(OC)c(Nc2ncc(-c3cc(-c4cccnc4)cc(-c4ccccn4)c3)o2)c1,7.29073003902417
CCS(=O)(=O)c1ccc(OC)c(Nc2ncc(-c3cc(-c4cccnc4)cc(-c4cccnc4)c3)o2)c1,6.769551078621726
CCS(=O)(=O)c1ccc(OC)c(Nc2ncc(-c3cc(Br)cc(-c4ccccn4)c3)o2)c1,6.694648630553377
CCS(=O)(=O)c1ccc(OC)c(Nc2ncc(-c3cc(-c4ccccn4)cc(-c4ccccn4)c3)o2)c1,7.82102305270683
COC(=O)c1cc(O)c(O)c(C[C@]2(C)[C@@H](C)CC[C@@]3(C)C(C)=CCC[C@@H]23)c1,5.317854923626168
COc1cc2nc(C)oc2c(C[C@]2(C)[C@@H](C)CC[C@@]3(C)C(C)=CCC[C@@H]23)c1O,5.436518914605589
CC1=CCC[C@H]2[C@](C)(CC3=C(O)C(=O)C=C(NCCC(C)C)C3=O)[C@@H](C)CC[C@@]12C,5.653647025549361
COc1cc2c(Oc3ccc(N/C=C4\C(=O)NC(=O)N(c5ccc(C)cc5)C4=O)cc3F)ccnc2cc1OCCCN1CCCC1,6.415555692834824
Cc1ccc(Nc2nccc(N(C)c3ccc4c(C)n(C)nc4c3)n2)cc1S(N)(=O)=O,7.522878745280337
Cc1cc(C)cc(Nc2nccc(N(C)c3ccc4cn(C)nc4c3)n2)c1,7.552841968657781
CN(c1ccc2cn(C)nc2c1)c1ccnc(Nc2ccc(OC(F)(F)F)cc2)n1,7.920818753952375
COc1cccc(Nc2nccc(N(C)c3ccc4cn(C)nc4c3)n2)c1,6.966576244513051
CN(c1ccc2cn(C)nc2c1)c1ccnc(Nc2cccc(Cl)c2)n1,7.142667503568732
CN(c1ccc2cn(C)nc2c1)c1ccnc(Nc2cccc(F)c2)n1,7.031517051446065
Cc1c2ccc(N(C)c3ccnc(Nc4ccc(OC(F)(F)F)cc4)n3)cc2nn1C,7.142667503568732
CSc1ccc(Nc2nccc(N(C)c3ccc4c(C)n(C)nc4c3)n2)cc1,7.292429823902063
Cc1cc(C)cc(Nc2nccc(N(C)c3ccc4c(C)n(C)nc4c3)n2)c1,7.6777807052660805
Cc1cccc(Nc2nccc(N(C)c3ccc4c(C)n(C)nc4c3)n2)c1,7.376750709602099
COc1cccc(Nc2nccc(N(C)c3ccc4c(C)n(C)nc4c3)n2)c1,7.42021640338319
Cc1c2ccc(N(C)c3ccnc(Nc4cccc(Br)c4)n3)cc2nn1C,7.1938200260161125
Cc1c2ccc(N(C)c3ccnc(Nc4cccc(F)c4)n3)cc2nn1C,7.107905397309519
Cc1c2ccc(N(C)c3ccnc(Nc4cccc(Cl)c4)n3)cc2nn1C,7.6020599913279625
C[C@H](Nc1nc(Nc2cn(C)cn2)c2cc[nH]c2n1)c1ncc(F)cn1,7.657577319177793
C[C@@H](Nc1ncnc2c1cnn2CCc1ccccc1)c1ccccc1,4.279840696594043
O=S(=O)(Cc1ccccc1)Nc1cccc(CNc2ncnc3c2cnn3CCc2ccccc2)c1,5.651695136951839
COc1ccc(S(=O)(=O)Nc2cccc(CNc3ncnc4c3cnn4CCc3ccccc3)c2)cc1OC,5.142064735280571
COc1ccc(S(=O)(=O)Nc2cccc(CNc3ncnc4c3cnn4CCc3ccccc3)c2)cc1,5.412289034981089
O=[N+]([O-])c1ccc(S(=O)(=O)Nc2cccc(CNc3ncnc4c3cnn4CCc3ccccc3)c2)cc1,5.987162775294828
O=S(=O)(Nc1cccc(CNc2ncnc3c2cnn3CCc2ccccc2)c1)c1ccc(F)cc1,5.539102157243452
O=S(=O)(Nc1cccc(CNc2ncnc3c2cnn3CCc2ccccc2)c1)c1ccc(Br)cc1,5.310691140876379
O=S(=O)(Nc1cccc(CNc2ncnc3c2cnn3CCc2ccccc2)c1)c1ccccc1,5.304518323509803
O=C(NCc1ccccc1)Nc1cccc(CNc2ncnc3c2cnn3CCc2ccccc2)c1,5.17134010346468
COc1ccc(NC(=O)Nc2cccc(CNc3ncnc4c3cnn4CCc3ccccc3)c2)cc1OC,5.485452247339714
COc1ccc(NC(=O)Nc2cccc(CNc3ncnc4c3cnn4CCc3ccccc3)c2)cc1,5.962573502059376
O=C(Nc1ccc([N+](=O)[O-])cc1)Nc1cccc(CNc2ncnc3c2cnn3CCc2ccccc2)c1,5.962573502059376
O=C(Nc1ccc(F)cc1)Nc1cccc(CNc2ncnc3c2cnn3CCc2ccccc2)c1,5.498940737782249
O=C(Nc1ccc(Br)cc1)Nc1cccc(CNc2ncnc3c2cnn3CCc2ccccc2)c1,5.468521082957745
O=C(Nc1ccccc1)Nc1cccc(CNc2ncnc3c2cnn3CCc2ccccc2)c1,5.665546248849069
O=C(Cc1ccccc1)Nc1cccc(CNc2ncnc3c2cnn3CCc2ccccc2)c1,5.1904402853647325
COc1ccc(C(=O)Nc2cccc(CNc3ncnc4c3cnn4CCc3ccccc3)c2)cc1OC,5.692503962086787
COc1ccc(C(=O)Nc2cccc(CNc3ncnc4c3cnn4CCc3ccccc3)c2)cc1,5.575118363368933
O=C(Nc1cccc(CNc2ncnc3c2cnn3CCc2ccccc2)c1)c1ccc([N+](=O)[O-])cc1,5.482804102050026
O=C(Nc1cccc(CNc2ncnc3c2cnn3CCc2ccccc2)c1)c1ccc(F)cc1,5.270025714300444
O=C(Nc1cccc(CNc2ncnc3c2cnn3CCc2ccccc2)c1)c1ccc(Br)cc1,5.458420756053419
O=C(Nc1cccc(CNc2ncnc3c2cnn3CCc2ccccc2)c1)c1ccccc1,5.0670191780768015
N#Cc1c(Oc2ccc(F)c(NC(=O)Cc3cccc(C(F)(F)F)c3)c2)ccc2nc(NC(=O)C3CC3)sc12,6.795880017344075
N#Cc1c(Oc2cccc(NC(=O)Cc3ccc(C(F)(F)F)cc3)c2)ccc2nc(NC(=O)C3CC3)sc12,6.721246399047171
N#Cc1c(Oc2cccc(NC(=O)Cc3cccc(C(F)(F)F)c3)c2)ccc2nc(NC(=O)C3CC3)sc12,6.823908740944319
N#Cc1c(Oc2cccc(NC(=O)Cc3ccccc3C(F)(F)F)c2)ccc2nc(NC(=O)C3CC3)sc12,7.0
N#Cc1c(Oc2ccc(F)c(NC(=O)Nc3ccc(C(F)(F)F)cc3)c2)ccc2nc(NC(=O)C3CC3)sc12,6.180456064458132
N#Cc1c(Oc2ccc(F)c(NC(=O)Nc3cccc(C(F)(F)F)c3)c2)ccc2nc(NC(=O)C3CC3)sc12,6.136677139879544
N#Cc1c(Oc2cccc(NC(=O)Nc3ccc(C(F)(F)F)cc3)c2)ccc2nc(NC(=O)C3CC3)sc12,6.481486060122113
N#Cc1c(Oc2cccc(NC(=O)Nc3cccc(C(F)(F)F)c3)c2)ccc2nc(NC(=O)C3CC3)sc12,6.455931955649724
N#Cc1c(Oc2cccc(NC(=O)Nc3ccccc3C(F)(F)F)c2)ccc2nc(NC(=O)C3CC3)sc12,6.920818753952375
CC(C)(C#N)c1cccc(C(=O)Nc2cccc(Oc3ccc4nc(NC(=O)C5CC5)sc4c3CO)c2)c1,8.130768280269024
CC(C)(C#N)c1cccc(C(=O)Nc2cccc(Oc3ccc4nc(NC(=O)C5CC5)sc4c3C(=O)O)c2)c1,7.823908740944319
COC(=O)c1c(Oc2cccc(NC(=O)c3cccc(C(C)(C)C#N)c3)c2)ccc2nc(NC(=O)C3CC3)sc12,7.481486060122112
CC(C)(C#N)c1cccc(C(=O)Nc2cccc(Oc3ccc4nc(NC(=O)C5CC5)sc4c3C#N)c2)c1,7.119186407719209
CC(C)(C#N)c1cccc(C(=O)Nc2cccc(Oc3ccc4nc(NC(=O)C5CC5)sc4c3[N+](=O)[O-])c2)c1,7.154901959985743
N#CC1(c2cccc(C(=O)Nc3cc(Oc4ccc5nc(NC(=O)C6CC6)sc5n4)ccc3F)c2Cl)CC1,8.55284196865778
CNC(=O)c1cc(Oc2ccc(NC(=O)Nc3ccc(Cl)c(C(F)(F)F)c3)cc2)ccn1,7.2839966563652006
CCN(CCO)CCCOc1ccc2c(Nc3cccc(NC(=O)Nc4ccc(F)c(Cl)c4)c3)ncnc2c1,7.022276394711152
CCN(CCO)CCCOc1ccc2c(Nc3cccc(NC(=O)Nc4ccc(Cl)c(C(F)(F)F)c4)c3)ncnc2c1,7.040958607678906
O=C(Nc1cccc(Nc2ncnc3cc(OCCCN4CCN(CCO)CC4)ccc23)c1)Nc1ccc(Cl)c(C(F)(F)F)c1,7.1249387366083
O=C(Nc1cccc(Nc2ncnc3cc(OCCCN4CCOCC4)ccc23)c1)Nc1ccc(F)c(Cl)c1,5.664542099310616
COc1cc2ncnc(Nc3cccc(NC(=O)Nc4cccc(C)c4)c3)c2cc1OCCCN1CCOCC1,5.067120542176201
COc1cc2ncnc(Nc3cccc(NC(=O)Nc4ccc(F)c(Cl)c4)c3)c2cc1OCCCN1CCOCC1,5.0
COc1cc2ncnc(Nc3cccc(NC(=O)Nc4ccc(Cl)c(C(F)(F)F)c4)c3)c2cc1OCCCN1CCOCC1,6.671620396561262
COc1cc2ncnc(Nc3ccc(NC(=O)Nc4ccc(Cl)c(C(F)(F)F)c4)cc3)c2cc1OCCCN1CCOCC1,7.769551078621726
CC1(C)OB(c2ccc3ncnc(Nc4cccc(Cl)c4)c3c2)OC1(C)C,6.0
CC1(C)OB(c2ccc3ncnc(Nc4ccc(F)c(Cl)c4)c3c2)OC1(C)C,6.0
COc1cc2ncnc(Nc3cccc(Cl)c3)c2cc1B1OC(C)(C)C(C)(C)O1,6.0
COc1cc2ncnc(Nc3ccc(F)c(Cl)c3)c2cc1B1OC(C)(C)C(C)(C)O1,6.0
OB(O)c1ccc2ncnc(Nc3cccc(Cl)c3)c2c1,6.0
OB(O)c1ccc2ncnc(Nc3ccc(F)c(Cl)c3)c2c1,6.0
COc1cc2ncnc(Nc3cccc(Cl)c3)c2cc1B(O)O,6.0
COc1cc2ncnc(Nc3ccc(F)c(Cl)c3)c2cc1B(O)O,6.0
COc1cc2ncnc(Nc3cccc(B(O)O)c3)c2cc1OC,6.4089353929735005
COCCOc1cc2ncnc(Nc3cccc(B(O)O)c3)c2cc1OCCOC,6.721246399047171
COCCOc1cc2ncnc(Nc3cccc(B(O)O)c3)c2cc1OC,6.7447274948966935
COc1cc2ncnc(Nc3ccc(B(O)O)cc3)c2cc1OC,7.443697499232712
COCCOc1cc2ncnc(Nc3ccc(B(O)O)cc3)c2cc1OCCOC,7.431798275933005
COCCOc1cc2ncnc(Nc3ccc(B(O)O)cc3)c2cc1OC,6.0655015487564325
C#Cc1cccc(Nc2ncnc3cc(OCCOC)c(OCCOC)cc23)c1,6.0
O=C(Nc1cccc(C(F)(F)F)c1)c1ccccc1NCc1ccncc1,7.853871964321762
COc1cc2ncnc(Nc3cccc(O)c3)c2cc1OC,7.301029995663981
CNC(=O)c1cc(Oc2ccc(NC(=O)Nc3ccc(Cl)c(C(F)(F)F)c3)cc2)ccn1,8.97469413473523
COc1cc(-c2cc(NC(=O)Nc3ccc(OCCCN4CCOCC4)cc3C)cc(OC)c2OC)ccc1/C(C)=N/O,8.512861624522813
COc1cc(-c2cc(NC(=O)Nc3cc(OCCN4CCCC4)ccc3C)cc(OC)c2OC)ccc1/C(C)=N/O,8.050609993355087
COc1cc(-c2cc(NC(=O)Nc3cc(OCCN4CCCCC4)ccc3C)cc(OC)c2OC)ccc1/C(C)=N/O,8.423658649794207
COc1cc(-c2cc(NC(=O)Nc3cc(OCCCN(C)C)ccc3C)cc(OC)c2OC)ccc1/C(C)=N/O,8.005682847330363
CCN(CC)CCOc1ccc(C)c(NC(=O)Nc2cc(OC)c(OC)c(-c3ccc(/C(C)=N/O)c(OC)c3)c2)c1,8.4089353929735
COc1cc(-c2cc(NC(=O)Nc3ccc(OCCCN4CCOCC4)cc3)cc(OC)c2OC)ccc1/C(C)=N/O,8.96657624451305
COc1cc(-c2cc(NC(=O)Nc3ccc(OCCN4CCCC4)cc3)cc(OC)c2OC)ccc1/C(C)=N/O,8.38933983691012
COc1cc(-c2cc(NC(=O)Nc3ccc(OCCN4CCCCC4)cc3)cc(OC)c2OC)ccc1/C(C)=N/O,8.154281982033341
COc1cc(-c2cc(NC(=O)Nc3ccc(OCCCN(C)C)cc3)cc(OC)c2OC)ccc1/C(C)=N/O,6.692503962086787
CCN(CC)CCOc1ccc(NC(=O)Nc2cc(OC)c(OC)c(-c3ccc(/C(C)=N/O)c(OC)c3)c2)cc1,8.892790030352131
COc1cc(-c2cc(NC(=O)Nc3ccc(OCCN(C)C)cc3)cc(OC)c2OC)ccc1/C(C)=N/O,8.238824186844269
COc1cc2/c(=N/c3ccc(Br)cc3F)nc[nH]c2cc1OCC1CCN(C)CC1,7.0
CCOC(=O)Nc1ccc(Nc2ncnc3cc(OCCN4CCOCC4)c(OC)cc23)cc1Cl.Cl,6.522878745280337
CCOC(=O)Nc1ccc(Nc2ncnc3cc(OCCN4CCOCC4)c(OC)cc23)cc1C.Cl,6.3979400086720375
CCOC(=O)Nc1ccc(Nc2ncnc3cc(OC)c(OC)cc23)cc1Cl.Cl,6.301029995663981
CCCOc1cc2ncnc(Nc3ccc(NC(=O)OCC)c(C)c3)c2cc1OC.Cl,6.301029995663981
CCCOc1cc2ncnc(Nc3ccc(NC(=O)OCC)c(Cl)c3)c2cc1OC.Cl,6.301029995663981
CCOC(=O)Nc1ccc(Nc2ncnc3cc(OC)c(OC)cc23)cc1C.Cl,6.187086643357144
CCOC(=O)Nc1ccc(Nc2ncnc3cc(OCCN4CCCCC4)c(OC)cc23)cc1Cl.Cl,6.096910013008056
COC(=O)Nc1ccc(Nc2ncnc3cc(OC)c(OC)cc23)cc1C.Cl,6.070581074285707
CCCOC(=O)Nc1ccc(Nc2ncnc3cc(OC)c(OC)cc23)cc1C.Cl,6.070581074285707
CCOC(=O)Nc1ccc(Nc2ncnc3cc(OCCN4CCCCC4)c(OC)cc23)cc1C.Cl,6.045757490560675
COc1cc2ncnc(Nc3ccc(Br)cc3F)c2cc1OC,5.782516055786093
CCCOC(=O)Nc1ccc(Nc2ncnc3cc(OC)c(OC)cc23)cc1Cl.Cl,5.481486060122113
CCOC(=O)Nc1ccc(Nc2ncnc3cc(OCCN(CC)CC)c(OC)cc23)cc1Cl.Cl,5.481486060122113
CCOC(=O)Nc1ccc(Nc2ncnc3cc(OCCN(CC)CC)c(OC)cc23)cc1C.Cl,5.431798275933005
CCCC(=O)Nc1ccc(Nc2ncnc3cc(OC)c(OC)cc23)cc1C.Cl,5.366531544420414
CCCCOc1cc2c(Nc3ccc(NC(=O)OCC)c(Cl)c3)ncnc2cc1OCCN(CC)CC.Cl,5.318758762624412
CCCCOC(=O)Nc1ccc(Nc2ncnc3cc(OC)c(OC)cc23)cc1Cl.Cl,5.309803919971486
CCCOC(=O)Nc1ccc(Nc2ncnc3cc(OC)c(OC)cc23)cc1.Cl,5.301029995663981
COC(=O)Nc1ccc(Nc2ncnc3cc(OC)c(OC)cc23)cc1Cl.Cl,5.296708621881339
CCCCOC(=O)Nc1ccc(Nc2ncnc3cc(OC)c(OC)cc23)cc1C.Cl,5.2839966563652006
CCNC(=O)Nc1cc(Cl)c(Nc2ncnc3cc(OC)c(OC)cc23)cc1Cl.Cl,5.267606240177032
CCOC(=O)Nc1cc(Nc2ncnc3cc(OC)c(OC)cc23)ccc1Cl.Cl,5.255707016877324
CCOC(=O)Nc1ccc(Nc2ncnc3cc(OC)c(OC)cc23)cc1.Cl,5.251811972993799
CCCCOc1cc2c(Nc3ccc(NC(=O)OCC)c(C)c3)ncnc2cc1OCCN(CC)CC.Cl,5.2441251443275085
COC(=O)Nc1ccc(Nc2ncnc3cc(OC)c(OC)cc23)cc1,5.236572006437063
CCOC(=O)Nc1cc(Nc2ncnc3cc(OC)c(OC)cc23)ccc1C.Cl,5.187086643357144
CCCCOC(=O)Nc1ccc(Nc2ncnc3cc(OC)c(OC)cc23)cc1.Cl,5.167491087293763
CCCCC(=O)Nc1ccc(Nc2ncnc3cc(OC)c(OC)cc23)cc1C.Cl,5.167491087293763
CCOC(=O)Nc1ccc(Nc2ncnc3cc(OC)c(OCCN(CC)CC)cc23)cc1C.Cl,5.142667503568732
COC(=O)Nc1cc(Nc2ncnc3cc(OC)c(OC)cc23)ccc1C.Cl,5.107905397309519
CCCCNC(=O)Nc1cc(Cl)c(Nc2ncnc3cc(OC)c(OC)cc23)cc1Cl.Cl,5.036212172654444
CCOC(=O)Nc1cc(Cl)c(Nc2ncnc3cc(OC)c(OC)cc23)cc1Cl.Cl,5.00436480540245
COc1cc2ncnc(Nc3ccc(F)c(Cl)c3)c2cc1OCCCN1CCOCC1,4.8297382846050425
COc1cc2/c(=N/c3ccc(Br)cc3F)nc[nH]c2cc1OCC1CCN(C)CC1,7.3979400086720375
COC(=O)Nc1cc(Nc2ncnc3cc(OC)c(OC)cc23)ccc1Cl.Cl,5.0
COc1cc2ncnc(Nc3ccc(NC(C)=O)c(C)c3)c2cc1OC.Cl,5.0
CCC(=O)Nc1ccc(Nc2ncnc3cc(OC)c(OC)cc23)cc1C.Cl,5.0
CCN(CCO)CCCOc1ccc2c(Nc3cccc(NC(=O)Nc4ccc(F)c(Cl)c4)c3)ncnc2c1,7.022276394711152
O=C(Nc1cccc(Oc2ccc3nc(NC(=O)C4CCOCC4)cn3n2)c1)c1cccc(C(F)(F)F)c1,8.508638306165727
C=CC(=O)Nc1cc2c(Nc3ccc(F)c(Cl)c3)ncnc2s1,5.0
O=C(/C=C/CN1CC2CCC1C(=O)C2)Nc1cc2c(Nc3ccc(F)c(Cl)c3)ncnc2s1,5.0
O=C1C(=O)c2c(oc3cc(O)c(O)cc23)-c2oc3cc(O)c(O)cc3c21,4.494850021680094
O=C1c2oc3cc(O)c(O)cc3c2C(=O)c2oc3cc(O)c(O)cc3c21,4.154901959985743
CC(=O)CC1(O)C(=O)c2c(oc3cc(O)c(O)cc23)-c2oc3cc(O)c(O)cc3c21,4.2839966563652006
CC(=O)Oc1c2oc3cc(O)c(O)cc3c2c(OC(C)=O)c2oc3cc(O)c(O)cc3c12,4.180456064458132
COc1cc2nccc(Oc3ccc(NC(=O)Nc4ccc(F)cc4F)c(F)c3)c2cc1OC,5.619788758288394
Cc1cccc(-c2[nH]c(CNc3ccccc3F)nc2-c2ccc3ncnn3c2)n1,7.013228265733755
Cc1cccc(-c2[nH]c(C(C)(C)C)nc2-c2ccc3c(c2)OCO3)n1,5.0
Cc1cccc(-c2[nH]c(Cc3cccc(C(N)=O)c3)nc2-c2ccc3nccnc3c2)n1,5.61261017366127
Cc1cccc(-c2nn3c(c2-c2ccnc4ccc(C(N)=O)cc24)CCC3)n1,6.354577730650908
COc1ccc(Oc2cc(C)c(-c3csc(NC(=O)c4ccnc(F)c4)n3)c(C)c2)cc1,5.0
COc1cc2c(Oc3ccc(NC(=O)c4nn(-c5ccccc5C(F)(F)F)c(=O)cc4C)cc3F)ccnc2cc1OCCCN1CCOCC1,6.371182096742968
COc1cc2c(Oc3ccc(NC(=O)C4(C(=O)Nc5ccc(F)cc5)CC4)cc3F)ccnc2cc1OCCCN1CCOCC1,9.096910013008056
COc1cc2nccc(Oc3ccc(NC(=O)C4(C(=O)Nc5ccc(F)cc5)CC4)cc3)c2cc1OC,8.154901959985743
COc1cc2nccc(Oc3ccc(NC(=O)c4c(C)n(C)n(-c5ccccc5)c4=O)cc3F)c2cc1OC,8.10790539730952
COc1ccc(N(C)c2nc(C)nc3cc[nH]c23)cc1.Cl,6.739213331345024
COc1ccc(N(C)c2nc(C)nc3c(Cc4ccccc4)c[nH]c23)cc1.Cl,7.671620396561262
Cc1nc(N(C)c2ccccc2)c2[nH]cc(Cc3ccccc3)c2n1.Cl,7.300162274132754
COc1ccc(Nc2nc(C)nc3c(Cc4ccccc4)c[nH]c23)cc1.Cl,7.391473966422806
COc1ccc(Nc2nc(C)nc3c(Cc4ccccc4)c[nH]c23)c(OC)c1.Cl,7.521433504406157
Cc1cc(C)c(/C=C2\C(=O)Nc3ccccc32)[nH]1,7.889410289700751
CCN(CC)CCNC(=O)c1c(C)[nH]c(/C=C2\C(=O)Nc3ccc(F)cc32)c1C,7.723538195826756
CS(=O)(=O)Cc1cccc(Nc2nccc(Oc3ccc(NC(=O)C4(C(=O)Nc5ccccc5)CC4)cc3)n2)c1,7.795880017344075
CS(=O)(=O)Cc1cccc(Nc2nccc(Oc3ccc(NC(=O)C4(C(=O)Nc5ccc(F)cc5)CC4)cc3)n2)c1,7.853871964321762
CS(=O)(=O)Cc1cccc(Nc2nccc(Oc3ccc(NC(=O)C4(C(=O)Nc5ccc(Cl)cc5)CC4)cc3)n2)c1,7.518557371497695
CS(=O)(=O)Cc1cccc(Nc2nccc(Oc3ccc(NC(=O)C4(C(=O)Nc5ccc(Br)cc5)CC4)cc3)n2)c1,7.211124884224583
Cc1ccc(NC(=O)C2(C(=O)Nc3ccc(Oc4ccnc(Nc5cccc(CS(C)(=O)=O)c5)n4)cc3)CC2)cc1,7.267606240177032
CS(=O)(=O)Cc1cccc(Nc2nccc(Oc3ccc(NC(=O)C4(C(=O)Nc5ccc(C(F)(F)F)cc5)CC4)cc3)n2)c1,6.657774770639209
CS(=O)(=O)Cc1cccc(Nc2nccc(Oc3ccc(NC(=O)C4(C(=O)Nc5ccc(F)cc5)CC4)c(F)c3)n2)c1,8.397940008672037
CS(=O)(=O)Cc1cccc(Nc2nccc(Oc3ccc(NC(=O)C4(C(=O)Nc5ccc(F)cc5)CC4)cc3F)n2)c1,8.221848749616356
CS(=O)(=O)Cc1cccc(Nc2nccc(Oc3ccc(NC(=O)C4(C(=O)Nc5ccc(Br)cc5)CC4)cc3F)n2)c1,7.33161408331
COc1ccc(NC(=O)C2(C(=O)Nc3ccc(Oc4ccnc(Nc5cccc(CS(C)(=O)=O)c5)n4)c(F)c3)CC2)cc1,8.214670164989233
COc1cccc(NC(=O)C2(C(=O)Nc3ccc(Oc4ccnc(Nc5cccc(CS(C)(=O)=O)c5)n4)c(F)c3)CC2)c1,8.2518119729938
CS(=O)(=O)Cc1cccc(Nc2nccc(Oc3ccc(NC(=O)C4(C(=O)Nc5ccccc5)CC4)cc3F)n2)c1,7.896196279044043
CS(=O)(=O)Cc1cccc(Nc2nccc(Oc3ccc(NC(=O)C4(C(=O)Nc5cccc(F)c5)CC4)cc3F)n2)c1,7.366531544420414
CS(=O)(=O)Cc1cccc(Nc2nccc(Oc3ccc(NC(=O)C4(C(=O)Nc5cccc(Cl)c5)CC4)cc3F)n2)c1,8.008773924307505
CS(=O)(=O)Cc1cccc(Nc2nccc(Oc3ccc(NC(=O)C4(C(=O)Nc5cccc(C(F)(F)F)c5)CC4)cc3F)n2)c1,7.318758762624412
CS(=O)(=O)Cc1cccc(Nc2nccc(Oc3ccc(NC(=O)C4(C(=O)Nc5ccc(Cl)c(C(F)(F)F)c5)CC4)cc3F)n2)c1,7.077793722560983
CS(=O)(=O)Cc1cccc(Nc2nccc(Oc3ccc(NC(=O)C4(C(=O)Nc5ccc(C#N)c(C(F)(F)F)c5)CC4)cc3F)n2)c1,7.351639989019068
CS(=O)(=O)Cc1ccc(Nc2nccc(Oc3ccc(NC(=O)C4(C(=O)Nc5ccc(F)cc5)CC4)cc3F)n2)cc1,7.2839966563652006
Cc1ccc(CS(C)(=O)=O)cc1Nc1nccc(Oc2ccc(NC(=O)C3(C(=O)Nc4ccc(F)cc4)CC3)cc2F)n1,7.610833915635467
O=C(Nc1ccc(F)cc1)C1(C(=O)Nc2ccc(Oc3ccnc(Nc4ccccc4)n3)c(F)c2)CC1,6.592439150513638
CC(=O)c1cccc(Nc2nccc(Oc3ccc(NC(=O)C4(C(=O)Nc5ccc(F)cc5)CC4)cc3F)n2)c1,6.7423214251308154
COc1cccc(Nc2nccc(Oc3ccc(NC(=O)C4(C(=O)Nc5ccc(F)cc5)CC4)cc3F)n2)c1,6.638272163982407
COc1ccc(Nc2nccc(Oc3ccc(NC(=O)C4(C(=O)Nc5ccc(F)cc5)CC4)cc3F)n2)cc1,5.357139947415509
O=C(Nc1ccc(F)cc1)C1(C(=O)Nc2ccc(Oc3ccnc(Nc4cccc(C(F)(F)F)c4)n3)c(F)c2)CC1,6.707300996956071
N#Cc1ccc(Nc2nccc(Oc3ccc(NC(=O)C4(C(=O)Nc5ccc(F)cc5)CC4)cc3F)n2)cc1C(F)(F)F,5.566070234391536
CCOCCNc1nccc(Oc2ccc(NC(=O)C3(C(=O)Nc4ccc(F)cc4)CC3)cc2F)n1,5.60756686844445
CS(=O)(=O)Cc1cccc(Nc2cc(Oc3ccc(NC(=O)C4(C(=O)Nc5ccc(F)cc5)CC4)cc3F)ncn2)c1,7.259637310505756
CS(=O)(=O)Cc1cccc(Nc2cc(Oc3ccc(NC(=O)C4(C(=O)Nc5ccc(F)cc5)CC4)cc3F)ccn2)c1,7.795880017344075
Cc1ccc(C(=O)Nc2ccc(CN3CCN(C)CC3)c(C(F)(F)F)c2)cc1C#Cc1cnc2cccnn12,8.366531544420413
Nc1ncnc2scc(-c3ccc4c(C(=O)Nc5ccccc5)cccc4c3)c12,9.045757490560675
Cc1ccc(NC(=O)c2cccc3cc(-c4cccc5[nH]nc(N)c45)ccc23)cc1,8.886056647693163
Nc1n[nH]c2cccc(-c3ccc4c(C(=O)Nc5cc(Cl)cc(Cl)c5)cccc4c3)c12,8.853871964321762
CCc1cccc(NC(=O)c2cccc3cc(-c4cccc5[nH]nc(N)c45)ccc23)c1,8.853871964321762
Nc1ncnc2scc(-c3ccc4c(C(=O)Nc5ccccc5)cccc4c3)c12,8.823908740944319
Nc1n[nH]c2cccc(-c3ccc4c(C(=O)Nc5ccccc5)cccc4c3)c12,8.795880017344075
Nc1n[nH]c2cccc(-c3ccc4c(C(=O)Nc5cc(F)cc(F)c5)cccc4c3)c12,8.795880017344075
Cc1ccc(NC(=O)c2cccc3cc(-c4cccc5[nH]nc(N)c45)ccc23)cc1,8.721246399047171
Cc1cccc(NC(=O)c2cccc3cc(-c4cccc5[nH]nc(N)c45)ccc23)c1,8.67778070526608
Nc1n[nH]c2cccc(-c3ccc4c(C(=O)Nc5cccc(F)c5)cccc4c3)c12,8.638272163982407
Cc1ccc(F)c(NC(=O)Nc2ccc(-c3cccc4[nH]nc(N)c34)cc2)c1,8.638272163982407
Nc1n[nH]c2cccc(-c3ccc4c(C(=O)Nc5cc(Br)cc(Br)c5)cccc4c3)c12,8.602059991327963
Nc1n[nH]c2cccc(-c3ccc4c(C(=O)Nc5ccc(F)cc5F)cccc4c3)c12,8.585026652029182
Nc1n[nH]c2cccc(-c3ccc4c(C(=O)NC5CC5)cccc4c3)c12,8.55284196865778
Nc1n[nH]c2cccc(-c3ccc4c(C(=O)Nc5cccc(Cl)c5)cccc4c3)c12,8.508638306165727
Cc1ccc(NC(=O)c2cccc3cc(-c4cccc5[nH]nc(N)c45)ccc23)c(F)c1,8.481486060122112
Cc1ccc(F)c(NC(=O)c2cccc3cc(-c4cccc5[nH]nc(N)c45)ccc23)c1,8.42021640338319
Nc1n[nH]c2cccc(-c3ccc4c(C(=O)Nc5ccccc5)cccc4c3)c12,8.42021640338319
Nc1n[nH]c2cccc(-c3ccc4c(C(=O)Nc5cccc(Br)c5)cccc4c3)c12,8.4089353929735
Cc1ccc(NC(=O)c2cccc3cc(-c4cccc5[nH]nc(N)c45)ccc23)cc1F,8.346787486224656
Cc1ccc(NC(=O)c2cccc3cc(-c4cccc5[nH]nc(N)c45)ccc23)cc1F,8.346787486224656
Cc1cc(NC(=O)c2cccc3cc(-c4cccc5[nH]nc(N)c45)ccc23)no1,8.244125144327509
Cc1ccc(F)c(NC(=O)c2cccc3cc(-c4cccc5[nH]nc(N)c45)ccc23)c1,8.214670164989233
Nc1n[nH]c2cccc(-c3ccc4c(C(=O)Nc5ccccc5F)cccc4c3)c12,8.214670164989233
Cc1ccc(F)c(NC(=O)Nc2ccc(-c3cccc4[nH]nc(N)c34)cc2)c1,8.207608310501746
Nc1nccc2occ(-c3ccc4c(C(=O)Nc5ccccc5)cccc4c3)c12,8.154901959985743
CCNC(=O)c1cccc2cc(-c3cccc4[nH]nc(N)c34)ccc12,8.154901959985743
Nc1n[nH]c2cccc(-c3ccc4c(C(=O)Nc5cccc(F)c5)cccc4c3)c12,8.148741651280925
Nc1nccc2scc(-c3ccc4c(C(=O)Nc5ccccc5)cccc4c3)c12,8.148741651280925
Cc1cccc(NC(=O)c2cccc3cc(-c4cccc5[nH]nc(N)c45)ccc23)c1,8.136677139879543
Nc1n[nH]c2cccc(-c3ccc4c(C(=O)Nc5cccc(C(F)(F)F)c5)cccc4c3)c12,8.136677139879543
Cc1ccc(NC(=O)c2cccc3cc(-c4cccc5[nH]nc(N)c45)ccc23)c(F)c1,8.119186407719209
Nc1n[nH]c2cccc(-c3ccc4c(C(=O)Nc5ccc(F)cc5)cccc4c3)c12,8.036212172654444
Cc1cc(NC(=O)c2cccc3cc(-c4cccc5[nH]nc(N)c45)ccc23)no1,8.013228265733755
Nc1n[nH]c2cccc(-c3ccc4c(C(=O)Nc5cc(F)cc(F)c5)cccc4c3)c12,7.966576244513051
Nc1n[nH]c2cccc(-c3ccc4c(C(=O)Nc5ccc(F)cc5)cccc4c3)c12,7.769551078621726
CCc1cccc(NC(=O)c2cccc3cc(-c4cccc5[nH]nc(N)c45)ccc23)c1,7.739928612014925
Nc1n[nH]c2cccc(-c3ccc4c(C(=O)Nc5ccccc5F)cccc4c3)c12,7.728158393463501
Nc1n[nH]c2cccc(-c3ccc4c(C(=O)Nc5cccnc5)cccc4c3)c12,7.694648630553377
Nc1nccc2scc(-c3ccc4c(C(=O)Nc5ccccc5)cccc4c3)c12,7.694648630553377
Nc1nccc2occ(-c3ccc4c(C(=O)Nc5ccccc5)cccc4c3)c12,7.688246138944246
Nc1n[nH]c2cccc(-c3ccc4c(C(=O)Nc5cccc(Br)c5)cccc4c3)c12,7.619788758288394
Cc1ccccc1NC(=O)c1cccc2cc(-c3cccc4[nH]nc(N)c34)ccc12,7.573488738635425
Nc1n[nH]c2cccc(-c3ccc4c(C(=O)Nc5cccc(Cl)c5)cccc4c3)c12,7.315154638355588
Cc1ccccc1NC(=O)c1cccc2cc(-c3cccc4[nH]nc(N)c34)ccc12,7.063486257521107
Nc1n[nH]c2cccc(-c3ccc4c(C(=O)Nc5ccc(F)cc5F)cccc4c3)c12,7.0338582672609675
Nc1n[nH]c2cccc(-c3ccc4c(C(=O)NC5CC5)cccc4c3)c12,7.021363051615525
CCNC(=O)c1cccc2cc(-c3cccc4[nH]nc(N)c34)ccc12,6.994390554639719
Nc1n[nH]c2cccc(-c3ccc4c(C(=O)Nc5cccc(C(F)(F)F)c5)cccc4c3)c12,7.0
Nc1n[nH]c2cccc(-c3ccc4c(C(=O)Nc5cc(Cl)cc(Cl)c5)cccc4c3)c12,7.0
Nc1n[nH]c2cccc(-c3ccc4c(C(=O)Nc5cc(Br)cc(Br)c5)cccc4c3)c12,7.0
Nc1n[nH]c2cccc(-c3ccc4c(c3)OCCN4C(=O)Nc3ccccc3)c12,7.38933983691012
Nc1n[nH]c2cccc(-c3ccc4c(c3)OCCN4C(=O)Nc3ccccc3)c12,7.889410289700751
CC(C)(C)CNC(=O)CC1CNC(=O)c2cc(-c3ccsc3)cn21,5.0
CN1CCN(C[C@@H](NC(=O)C[C@H]2CNC(=O)c3cc(-c4cccc(Cl)c4)cn32)C2CCCCC2)CC1,5.0
CCCN(c1ccc(OC)cc1)c1nc(C)nc2oc(C)cc12,8.070581074285707
CCN(c1ccc(OC)cc1)c1nc(C)nc2oc(C)cc12,7.97469413473523
CCN(CC)CCNC(=O)c1c(C)[nH]c(/C=C2\C(=O)Nc3ccc(F)cc32)c1C,7.723538195826756
COc1ccc(N(c2nc(C)nc3oc(C)cc23)C(C)C)cc1,7.806875401645538
COc1ccc(N(C)c2nc(C)nc3oc(C)cc23)cc1,7.718966632752273
COc1ccc(N(C)c2nc(C)nc3oc(C)cc23)cc1.Cl,7.694648630553377
COc1ccc(Nc2nc(C)nc3oc(C)cc23)cc1,7.3655227298392685
Cc1nc(Nc2cccc3ccccc23)c2cc(C)oc2n1,7.492144128304169
CCCCN(c1ccc(OC)cc1)c1nc(C)nc2oc(C)cc12,7.46344155742847
Cc1nc(Nc2ccc(F)c(Cl)c2)c2cc(C)oc2n1,7.235077015350112
Cc1nc(Nc2ccc(Cl)cc2)c2cc(C)oc2n1,7.153662887870195
Cc1nc(Nc2ccc(C(F)(F)F)cc2)c2cc(C)oc2n1,7.1791420105603
C#Cc1cccc(Nc2nc(C)nc3oc(C)cc23)c1,7.117475462045119
Cc1nc(Nc2ccccc2)c2cc(C)oc2n1,7.298432014944073
Cc1nc(Nc2cccc3[nH]ccc23)c2cc(C)oc2n1,6.99097425791309
C#Cc1cccc(Nc2ncnc3cc(OCCOC)c(OCCOC)cc23)c1,6.904133546521457
Cc1cc(C)c(/C=C2\C(=O)Nc3ccccc32)[nH]1,7.889410289700751
Clc1ccc(Nc2nnc(Cc3ccncc3)c3ccccc23)cc1,7.698970004336019
O=C1/C(=C\c2ccc(O)c(O)c2)Oc2ccccc21,5.2247537402597635
Cc1ccc(C(=O)Nc2ccc(CN3CCN(C)CC3)c(C(F)(F)F)c2)cc1C#Cc1cnc2cccnn12,8.769551078621726
CC(C)S(=O)(=O)c1ccccc1Nc1nc(Nc2cccc(NC(=O)CN)c2)ncc1Cl,6.0
Nc1nccc(Oc2ccc(-n3cc(C(=O)NCc4ccc(F)cc4)ccc3=O)cc2F)c1Cl,4.6020599913279625
COc1cc(=O)n(-c2ccc(Oc3ccnc(N)c3Cl)c(F)c2)cc1C(=O)NCc1ccc(F)cc1,4.6020599913279625
COc1cc(=O)n(-c2ccc(Oc3ccnc(N)c3I)c(F)c2)cc1C(=O)NCc1ccc(F)cc1,4.6020599913279625
COc1cc2nccc(Oc3ccc(NC(=O)C4(C(=O)Nc5ccc(F)cc5)CC4)cc3)c2cc1OC,8.154901959985743
O=C(CC(=O)Nc1ccc2c(c1)NC(=O)/C2=C\c1ccc[nH]1)Nc1ccc(F)cc1,5.751658843330804
COc1ccc(NC(=O)CC(=O)Nc2ccc3c(c2)NC(=O)/C3=C\c2[nH]c(C)c(C(=O)NCCN3CCCC3)c2C)cc1,7.684029654543083
Nc1nc2c3c(F)cccc3nc(Cc3ccc4c(c3)OCO4)n2n1,5.0
Nc1ccc2c(c1)nc(Cc1ccc3c(c1)OCO3)n1nc(N)nc21,5.0
OCCCNc1ccc2c(c1)nc(-c1ccc3c(c1)OCO3)n1ncnc21,5.0
Nc1nc2c3ccc(NCCO)cc3nc(Cc3ccc4c(c3)OCO4)n2n1,5.0
CN1CCN(c2cc(F)c3c(c2)nc(Cc2ccc4c(c2)OCO4)n2nc(N)nc32)CC1,5.0
c1ccc(-c2nc3ccc(Nc4ccnc5ccccc45)cc3[nH]2)cc1,5.605548319173784
Cc1ccccc1-c1nc2ccc(Nc3ccnc4ccccc34)cc2[nH]1,5.0
Cc1cccc(-c2nc3ccc(Nc4ccnc5ccccc45)cc3[nH]2)c1,5.167491087293763
Cc1ccc(-c2nc3ccc(Nc4ccnc5ccccc45)cc3[nH]2)cc1,5.3325470471100465
COc1ccccc1-c1nc2ccc(Nc3ccnc4ccccc34)cc2[nH]1,5.0
Oc1ccccc1-c1nc2ccc(Nc3ccnc4ccccc34)cc2[nH]1,5.020907099361674
CCc1ccc(-c2nc3ccc(Nc4ccnc5ccccc45)cc3[nH]2)cc1,5.260427655549908
Fc1ccccc1-c1nc2ccc(Nc3ccnc4ccccc34)cc2[nH]1,5.0
Fc1cccc(-c2nc3ccc(Nc4ccnc5ccccc45)cc3[nH]2)c1,5.453457336521869
Fc1ccc(-c2nc3ccc(Nc4ccnc5ccccc45)cc3[nH]2)cc1,5.866461091629782
Clc1ccccc1-c1nc2ccc(Nc3ccnc4ccccc34)cc2[nH]1,5.0
Clc1cccc(-c2nc3ccc(Nc4ccnc5ccccc45)cc3[nH]2)c1,5.619788758288394
Clc1ccc(-c2nc3ccc(Nc4ccnc5ccccc45)cc3[nH]2)cc1,6.619788758288394
Brc1ccc(-c2nc3ccc(Nc4ccnc5ccccc45)cc3[nH]2)cc1,6.7447274948966935
FC(F)(F)c1ccccc1-c1nc2ccc(Nc3ccnc4ccccc34)cc2[nH]1,5.0
FC(F)(F)c1cccc(-c2nc3ccc(Nc4ccnc5ccccc45)cc3[nH]2)c1,5.0
FC(F)(F)c1ccc(-c2nc3ccc(Nc4ccnc5ccccc45)cc3[nH]2)cc1,5.0
Clc1cccc(Cl)c1-c1nc2ccc(Nc3ccnc4ccccc34)cc2[nH]1,5.078313524516398
Clc1ccc(-c2nc3ccc(Nc4ccnc5ccccc45)cc3[nH]2)cc1Cl,7.522878745280337
Clc1cc(Cl)cc(-c2nc3ccc(Nc4ccnc5ccccc45)cc3[nH]2)c1,7.096910013008056
Fc1ccc(Br)c(-c2nc3ccc(Nc4ccnc5ccccc45)cc3[nH]2)c1,5.106793246940152
CCN(CC)CCNC(=O)c1c(C)[nH]c(/C=C2\C(=O)Nc3ccc(F)cc32)c1C,7.3979400086720375
O=C(Nc1ccc(Nc2ccc([N+](=O)[O-])c3ncnc(O)c23)cc1)Nc1ccc(C(F)(F)F)cc1Cl,7.920818753952375
Cc1ncc([N+](=O)[O-])n1CCOc1ncnc2ccccc12,8.5654310959658
COc1cc2nccc(Oc3ccc(NC(=O)Nc4cc(C)on4)c(Cl)c3)c2cc1OC,6.468521082957745
COc1cc2c(Oc3ccc(NC(=O)c4nn(-c5ccc(F)cc5)c(=O)c5ccccc45)cc3F)ccnc2cc1OCCCN1CCCC1,7.152365655681745
Cc1cccc(-c2nc3ccc(Nc4ncnc5ccccc45)cc3[nH]2)c1,5.182434630440219
Cc1ccccc1-c1nc2ccc(Nc3ncnc4ccccc34)cc2[nH]1,5.029188389127482
c1ccc(-c2nc3ccc(Nc4ncnc5ccccc45)cc3[nH]2)cc1,6.080921907623926
Cc1ccc(-c2nc3ccc(Nc4ncnc5ccccc45)cc3[nH]2)cc1,5.3223930472795065
COc1ccccc1-c1nc2ccc(Nc3ncnc4ccccc34)cc2[nH]1,5.0
Oc1ccccc1-c1nc2ccc(Nc3ncnc4ccccc34)cc2[nH]1,5.0
CCc1ccc(-c2nc3ccc(Nc4ncnc5ccccc45)cc3[nH]2)cc1,5.060980223551334
Fc1ccccc1-c1nc2ccc(Nc3ncnc4ccccc34)cc2[nH]1,5.197226274708024
Fc1cccc(-c2nc3ccc(Nc4ncnc5ccccc45)cc3[nH]2)c1,6.086186147616283
Fc1ccc(-c2nc3ccc(Nc4ncnc5ccccc45)cc3[nH]2)cc1,7.698970004336019
Clc1ccccc1-c1nc2ccc(Nc3ncnc4ccccc34)cc2[nH]1,5.060480747381382
Clc1cccc(-c2nc3ccc(Nc4ncnc5ccccc45)cc3[nH]2)c1,5.801342913045577
Clc1ccc(-c2nc3ccc(Nc4ncnc5ccccc45)cc3[nH]2)cc1,7.045757490560675
Brc1ccc(-c2nc3ccc(Nc4ncnc5ccccc45)cc3[nH]2)cc1,6.42021640338319
FC(F)(F)c1ccccc1-c1nc2ccc(Nc3ncnc4ccccc34)cc2[nH]1,5.0
FC(F)(F)c1cccc(-c2nc3ccc(Nc4ncnc5ccccc45)cc3[nH]2)c1,5.0
FC(F)(F)c1ccc(-c2nc3ccc(Nc4ncnc5ccccc45)cc3[nH]2)cc1,5.053056729302175
Clc1cccc(Cl)c1-c1nc2ccc(Nc3ncnc4ccccc34)cc2[nH]1,5.0
Clc1ccc(-c2nc3ccc(Nc4ncnc5ccccc45)cc3[nH]2)cc1Cl,6.119186407719209
Clc1cc(Cl)cc(-c2nc3ccc(Nc4ncnc5ccccc45)cc3[nH]2)c1,5.735182176990463
Fc1ccc(Br)c(-c2nc3ccc(Nc4ncnc5ccccc45)cc3[nH]2)c1,5.0695604052333
CN1CCN(C2CCN(C(=O)Nc3cc(Oc4ccc(NC(=O)C5(C(=O)Nc6ccc(F)cc6)CC5)c(F)c4)ccn3)CC2)CC1,7.3979400086720375
Clc1ccc(-c2ccc(-c3nccn3-c3ccc(N4CCNCC4)cc3)o2)cc1,4.522878745280337
COc1cc(-c2c[nH]c(=O)c(-c3cc(OC)c(OC)c(OC)c3)n2)ccc1O,6.698970004336019
COc1cc(-c2nc(-c3ccc(O)cc3)c[nH]c2=O)cc(OC)c1OC,5.657577319177793
COc1cc(-c2nc(-c3cccc(Cl)c3)c[nH]c2=O)cc(OC)c1OC,4.251811972993799
COc1cccc(-c2c[nH]c(=O)c(-c3cc(OC)c(OC)c(OC)c3)n2)c1,4.638272163982407
COc1cc(-c2nc(-c3c[nH]c4ccc(O)cc34)c[nH]c2=O)cc(OC)c1OC,6.0
COc1cc(-c2nc(-c3c[nH]c4ccccc34)c[nH]c2=O)cc(OC)c1OC,5.638272163982407
CCNC(=O)Nc1ccc2ncc(-c3ccc(OC)cc3)cc2n1,4.0
CCNC(=O)Nc1ccc2ncc(-c3ccc(OC)c(OC)c3)cc2n1,4.0
COc1ccc(-c2cnc3ccc(NC(=O)NC(C)(C)C)nc3c2)cc1OC,4.0
COc1cc(-c2cnc3ccc(NC(=O)NC(C)(C)C)nc3c2)ccc1O,4.0
Cn1cc(-c2cnc3ccc(NC(=O)NC(C)(C)C)nc3c2)cn1,4.0
Cn1cc(-c2cnc3ccc(NC(=O)Nc4ccccc4)nc3c2)cn1,4.0
Cn1cc(-c2cnc3ccc(NC(=O)NCc4ccccc4)nc3c2)cn1,4.0
Cn1cc(-c2cnc3ccc(NC(=O)NCCc4ccccc4)nc3c2)cn1,4.0
CCN(CC)CCCNc1nc(-c2ccc(NC(=O)Nc3ccc(Cl)cc3)cc2)nc2ccsc12,5.0
CN(C)Cc1ccc(/C=C/c2n[nH]c3cc([C@@H]4C[C@@]45C(=O)Nc4ccccc45)ccc23)cc1,6.958607314841775
COc1ccc2c(c1)[C@]1(C[C@H]1c1ccc3c(/C=C/c4ccc(N5CCN(C)CC5)nc4)n[nH]c3c1)C(=O)N2,5.698970004336019
O=C1Nc2ccccc2[C@]12C[C@H]2c1ccc2c(/C=C/c3ccncc3)n[nH]c2c1,5.886056647693163
O=C1Nc2ccccc2[C@]12C[C@H]2c1ccc2cn[nH]c2c1,5.0
O=C1Nc2ccccc2/C1=C/c1ccc2cn[nH]c2c1,5.6020599913279625
COc1ccc2c(c1)/C(=C\c1ccc3c(/C=C/c4ccc(N5CCN(C)CC5)nc4)n[nH]c3c1)C(=O)N2,6.318758762624412
CN(C)Cc1ccc(/C=C/c2n[nH]c3cc(/C=C4/C(=O)Nc5ccccc54)ccc23)cc1,7.657577319177793
O=C1Nc2ccccc2/C1=C\c1ccc2c(/C=C/c3ccncc3)n[nH]c2c1,7.468521082957745
Cc1ccc(/C=C/c2n[nH]c3cc([C@@H]4C[C@@]45C(=O)Nc4ccccc45)ccc23)c(C)n1,5.6777807052660805
COc1ccc2c(c1)[C@]1(C[C@H]1c1ccc3c(/C=C/c4ccc(CN(C)C)cc4)n[nH]c3c1)C(=O)N2,6.040958607678906
CN(C)Cc1ccc(/C=C/c2n[nH]c3cc([C@@H]4C[C@@]45C(=O)Nc4ccc(OC(F)F)cc45)ccc23)cc1,5.309803919971486
O=C1Nc2ccccc2[C@]12C[C@H]2c1ccc2c(/C=C/c3ccc(CN4CCOCC4)cc3)n[nH]c2c1,5.853871964321762
COc1ccc2c(c1)[C@]1(C[C@H]1c1ccc3c(/C=C/c4ccc(CN5CCOCC5)cc4)n[nH]c3c1)C(=O)N2,4.619788758288394
COc1ccc2c(c1)[C@]1(C[C@H]1c1ccc3c(/C=C/c4cc(F)c(CN5CCOCC5)c(F)c4)n[nH]c3c1)C(=O)N2,5.102372908709558
CN1CCN(Cc2ccc(/C=C/c3n[nH]c4cc([C@@H]5C[C@@]56C(=O)Nc5ccccc56)ccc34)cc2)CC1,6.920818753952375
O=C1Nc2ccccc2[C@]12C[C@H]2c1ccc2c(/C=C/c3ccc(CN4CCCCC4)cc3)n[nH]c2c1,7.920818753952375
COc1cc2c(Oc3ccc(NC(=O)c4nnn(-c5ccc(F)cc5)c4C(F)(F)F)cc3F)ccnc2cc1OCCCN1CCCC1,7.184289460211037
CS(=O)(=O)CCNCc1ccc(-c2ccc3ncnc(Nc4ccc(OCc5cccc(F)c5)c(Cl)c4)c3c2)o1,3.6989700043360187
CN(C)[C@@H](CS(C)(=O)=O)c1ccc(-c2ccc3ncnc(Nc4ccc(OCc5cccc(F)c5)c(Cl)c4)c3c2)o1,3.6989700043360187
CS(=O)(=O)C[C@H](N)c1ccc(-c2ccc3ncnc(Nc4ccc(OCc5cccc(F)c5)c(Cl)c4)c3c2)o1,3.6989700043360187
CCCCCCC(=O)ON[C@H](CS(C)(=O)=O)c1ccc(-c2ccc3ncnc(Nc4ccc(OCc5cccc(F)c5)c(Cl)c4)c3c2)o1,3.6989700043360187
CCCCC(=O)ON[C@H](CS(C)(=O)=O)c1ccc(-c2ccc3ncnc(Nc4ccc(OCc5cccc(F)c5)c(Cl)c4)c3c2)o1,3.6989700043360187
CCC(=O)ON[C@H](CS(C)(=O)=O)c1ccc(-c2ccc3ncnc(Nc4ccc(OCc5cccc(F)c5)c(Cl)c4)c3c2)o1,3.6989700043360187
CN(C)[C@H](CS(C)(=O)=O)c1ccc(-c2ccc3ncnc(Nc4ccc(OCc5cccc(F)c5)c(Cl)c4)c3c2)o1,3.6989700043360187
CS(=O)(=O)C[C@@H](N)c1ccc(-c2ccc3ncnc(Nc4ccc(OCc5cccc(F)c5)c(Cl)c4)c3c2)o1,3.6989700043360187
CS(=O)(=O)CCNC(CS(C)(=O)=O)c1ccc(-c2ccc3ncnc(Nc4ccc(OCc5cccc(F)c5)c(Cl)c4)c3c2)o1,3.6989700043360187
CC(C)NC(CS(C)(=O)=O)c1ccc(-c2ccc3ncnc(Nc4ccc(OCc5cccc(F)c5)c(Cl)c4)c3c2)o1,3.6989700043360187
CS(=O)(=O)CC(NC1CCCCC1)c1ccc(-c2ccc3ncnc(Nc4ccc(OCc5cccc(F)c5)c(Cl)c4)c3c2)o1,3.6989700043360187
CCNC(CS(C)(=O)=O)c1ccc(-c2ccc3ncnc(Nc4ccc(OCc5cccc(F)c5)c(Cl)c4)c3c2)o1,3.6989700043360187
CN(C)C(CS(C)(=O)=O)c1ccc(-c2ccc3ncnc(Nc4ccc(OCc5cccc(F)c5)c(Cl)c4)c3c2)o1,3.6989700043360187
CNC(CS(C)(=O)=O)c1ccc(-c2ccc3ncnc(Nc4ccc(OCc5cccc(F)c5)c(Cl)c4)c3c2)o1,3.6989700043360187
CS(=O)(=O)CC(N)c1ccc(-c2ccc3ncnc(Nc4ccc(OCc5cccc(F)c5)c(Cl)c4)c3c2)o1,3.6989700043360187
COC1CCN(c2nccc(Nc3cc(NC(=O)c4c(Cl)cccc4Cl)ccn3)n2)CC1,5.482804102050026
COC1CCN(c2nccc(Nc3cc4[nH]c(-c5cn[nH]c5)nc4cn3)n2)CC1,5.866461091629782
COC1CCN(c2nccc(Nc3cc4[nH]c(-c5cn[nH]c5)cc4cn3)n2)CC1,6.6595558851598815
COC1CCN(c2nccc(Nc3cc4c(cn3)cc(-c3cn[nH]c3)n4C(C)C)n2)CC1,7.920818753952375
COC1CCN(c2nccc(Nc3cc4c(ccn4C(C)C)cn3)n2)CC1,5.701146923590294
COC1CCN(c2nccc(Nc3cc4c(ccn4C4CCCC4)cn3)n2)CC1,5.6439741428068775
COC1CCN(c2nccc(Nc3cc4c(cn3)ncn4C(C)C)n2)CC1,5.0
COC1CCN(c2nccc(Nc3cc4c(cn3)c(N)nn4C(C)C)n2)CC1,5.779891911959945
COC1CCN(c2nccc(Nc3cc4c(C(C)C)n[nH]c4cn3)n2)CC1,5.649751981665837
Cc1cc(/C=N/NC(=O)Nc2ccc(-c3nc(N4CCOCC4)c4sccc4n3)cc2)cc(C)c1O,5.0
COc1cc2c(Oc3ccc(CC(=O)N/N=C/c4ccc(C(F)(F)F)cc4)cc3F)ccnc2cc1OCCCN1CCCC1,6.251811972993799
COc1cc2c(Oc3ccc(NC(=O)C4(C(=O)Nc5ccc(F)cc5)CC4)cc3F)ccnc2cc1OCCCN1CCOCC1,8.313363730737706
Nc1noc2cccc(-c3ccc(NC(=O)C4(C(=O)Nc5ccc(F)cc5)CC4)cc3)c12,6.0
O=C(Nc1ccc(Cl)c(C(=O)Nc2ccc(-c3ncc[nH]3)nc2)c1)c1ccc(Cl)c(C(F)(F)F)c1,4.730487055782084
O=C(Nc1ccc(Cl)c(C(F)(F)F)c1)c1ccc(Cl)c(C(=O)Nc2ccc(-c3ncc[nH]3)nc2)c1,4.6307841425898575
CNC(=O)c1cc(Oc2ccc(NC(=O)Nc3ccc(Cl)c(C(F)(F)F)c3)cc2)ccn1,7.045757490560675
CN(C)CCCOc1ccc(NC(=O)c2cccc(-c3cccc(O)c3)c2)cc1,6.204356303139081
CCN(CC)CCOc1ccc(NC(=O)c2cccc(-c3cccc(O)c3)c2)cc1,6.444144086986041
O=C(Nc1ccc(OCCN2CCCC2)cc1)c1cccc(-c2cccc(O)c2)c1,7.495121540589784
O=C(Nc1ccc(OCCN2CCCCC2)cc1)c1cccc(-c2cccc(O)c2)c1,6.667824216169577
O=C(Nc1ccc(OCCN2CCOCC2)cc1)c1cccc(-c2cccc(O)c2)c1,7.203981030652851
O=C(Nc1ccc(OCCCN2CCOCC2)cc1)c1cccc(-c2cccc(O)c2)c1,7.265520210574422
CN(C)CCCOc1ccc(NC(=O)c2cccc(-c3cccc(O)c3)c2)cc1F,7.839231438138872
CN(C)CCOc1ccc(NC(=O)c2cccc(-c3cccc(O)c3)c2)cc1F,8.694648630553376
CCN(CC)CCOc1ccc(NC(=O)c2cccc(-c3cccc(O)c3)c2)cc1F,8.058488567365597
O=C(Nc1ccc(OCCN2CCCC2)c(F)c1)c1cccc(-c2cccc(O)c2)c1,8.313363730737706
O=C(Nc1ccc(OCCN2CCCCC2)c(F)c1)c1cccc(-c2cccc(O)c2)c1,7.353400248279627
O=C(Nc1ccc(OCCN2CCOCC2)c(F)c1)c1cccc(-c2cccc(O)c2)c1,6.88856944823402
CN(C)CCCOc1ccc(NC(=O)c2cccc(-c3cccc(O)c3)c2)cc1Cl,7.068949153222609
CN(C)CCOc1ccc(NC(=O)c2cccc(-c3cccc(O)c3)c2)cc1Cl,7.559405738160169
CCN(CC)CCOc1ccc(NC(=O)c2cccc(-c3cccc(O)c3)c2)cc1Cl,6.800080348409432
O=C(Nc1ccc(OCCN2CCCC2)c(Cl)c1)c1cccc(-c2cccc(O)c2)c1,7.748361779551788
O=C(Nc1ccc(OCCN2CCOCC2)c(Cl)c1)c1cccc(-c2cccc(O)c2)c1,7.110978577904775
O=C(Nc1ccc(OCCCN2CCOCC2)c(Cl)c1)c1cccc(-c2cccc(O)c2)c1,6.900250319151013
CNC(=O)c1cc(Oc2ccc(NC(=O)Nc3ccc(Cl)c(C(F)(F)F)c3)cc2)ccn1,9.070581074285707
COc1ccc(C(=O)Nc2ccc(OCCCN(C)C)cc2)c(-c2cccc(O)c2)c1O,7.143331516388465
COc1ccc(C(=O)Nc2ccc(OCCN(C)C)cc2)c(-c2cccc(O)c2)c1O,6.462672124212988
CCN(CC)CCOc1ccc(NC(=O)c2ccc(OC)c(O)c2-c2cccc(O)c2)cc1,7.158640529545145
COc1ccc(C(=O)Nc2ccc(OCCN3CCCC3)cc2)c(-c2cccc(O)c2)c1O,6.737976295393683
COc1ccc(C(=O)Nc2ccc(OCCN3CCCCC3)cc2)c(-c2cccc(O)c2)c1O,8.358525889495901
COc1ccc(C(=O)Nc2ccc(OCCCN3CCOCC3)cc2)c(-c2cccc(O)c2)c1O,7.822752163744377
COc1ccc(C(=O)Nc2ccc(OCCN3CCCC3)c(F)c2)c(-c2cccc(O)c2)c1O,8.026410376572743
COc1ccc(C(=O)Nc2ccc(OCCN(C)C)c(Cl)c2)c(-c2cccc(O)c2)c1O,6.885489095151126
COc1ccc(C(=O)Nc2ccc(OCCN3CCCC3)c(Cl)c2)c(-c2cccc(O)c2)c1O,7.641113795594131
COc1ccc(C(=O)Nc2ccc(OCCN3CCCCC3)c(Cl)c2)c(-c2cccc(O)c2)c1O,7.0236958834479974
COc1ccc(N(C)c2nc(C)nc3oc(C)cc23)cc1,7.718966632752273
Cc1nc(N(C)c2ccc3c(c2)CCO3)c2cc(C)oc2n1,8.173925197299173
Cc1nc(N(C)c2ccc3c(c2)OCO3)c2cc(C)oc2n1,7.701146923590294
COc1cc(N(C)c2nc(C)nc3oc(C)cc23)cc(OC)c1OC,6.522878745280337
COc1ccc(N(C)c2nc(C)nc3oc(C)cc23)cc1OC,7.730487055782084
COc1ccc(N(C)c2nc(C)nc3oc(C)cc23)c(OC)c1,7.490797477668897
Cc1nc(N(C)c2ccc3occc3c2)c2cc(C)oc2n1,8.236572006437063
COc1ccc2c(c1)CCN2c1nc(C)nc2oc(C)cc12,7.679853713888946
COc1ccc2c(ccn2-c2nc(C)nc3oc(C)cc23)c1,6.522878745280337
COc1ccc2c(c1)CCCN2c1nc(C)nc2oc(C)cc12,7.478861916295964
Cc1nc(N(C)c2ccc(OC(C)C)cc2)c2cc(C)oc2n1,7.414539270491499
CCOc1ccc(N(C)c2nc(C)nc3oc(C)cc23)cc1,6.916139199133427
C#Cc1cccc(Nc2ncnc3cc(OCCOC)c(OCCOC)cc23)c1,6.904133546521457
Cc1cc(C)c(/C=C2\C(=O)Nc3ccccc32)[nH]1,7.889410289700751
CCN(CC)CCNC(=O)c1c(C)[nH]c(/C=C2\C(=O)Nc3ccc(F)cc32)c1C,7.723538195826756
CCS(=O)(=O)O.COC(=O)c1ccc2c(c1)NC(=O)/C2=C(\Nc1ccc(N(C)C(=O)CN2CCN(C)CC2)cc1)c1ccccc1,7.6777807052660805
CNC(=O)c1cc(Oc2ccc(NC(=O)Nc3ccc(Cl)c(C(F)(F)F)c3)cc2)ccn1,7.045757490560675
Nc1nccc(Oc2ccc(NC(=O)Nc3ccc(Cl)c(C(F)(F)F)c3)cc2)n1,7.638272163982407
Nc1nccc(Oc2ccc(NC(=O)Nc3nc4ccccc4s3)cc2)n1,6.920818753952375
CNC(=O)c1nccc(Oc2ccc(NC(=O)Nc3nc4ccccc4s3)cc2)n1,7.443697499232712
CNC(=O)c1cc(Oc2ccc(NC(=O)Nc3cc(C(C)(C)C)on3)cc2)ccn1,7.769551078621726
N#Cc1cc(Oc2ccc(NC(=O)Nc3ccc(Cl)c(C(F)(F)F)c3)cc2)ccn1,6.669586226650809
O=C(Nc1ccc(Oc2ccnc3ccccc23)cc1)Nc1ccc(Cl)c(C(F)(F)F)c1,6.924453038607469
O=C(CC1(N2CCOCC2)CCCCC1)Nc1ccc2[nH]nc(-c3ccc(N4CCOCC4)cc3)c2c1,5.920818753952375
O=C(NCC1(N2CCOCC2)CCCCC1)c1ccc2[nH]nc(-c3ccc(N4CCOCC4)cc3)c2c1,5.42021640338319
CN1CCC(Oc2ccc(-c3n[nH]c4ccc(C(=O)NC(c5ccsc5)C5CCCC5)cc34)cc2)CC1,5.5376020021010435
CN1CCC(Oc2ccc(-c3n[nH]c4ccc(NC(=O)C(c5ccccn5)C5CCCC5)cc34)cc2)CC1,5.823908740944319
CN1CCC(Oc2ccc(-c3n[nH]c4ccc(C(=O)NC(c5ccccn5)C5CCCC5)cc34)cc2)CC1,5.214670164989233
[2H]C([2H])([2H])Oc1cc2nccc(Oc3ccc(NC(=O)Nc4cc(C)on4)c(Cl)c3)c2cc1OC([2H])([2H])[2H],8.623423042943488
COc1cc2nccc(Oc3ccc(NC(=O)Nc4cc(C)on4)c(Cl)c3)c2cc1OC,8.669586226650809
Cc1cc2c(F)c(Oc3ncnn4cc(OC[C@@H](C)O)c(C)c34)ccc2[nH]1,7.585026652029182
Cc1cc2c(F)c(Oc3ncnn4cc(OC[C@@H](C)OS(=O)(=O)O)c(C)c34)ccc2[nH]1,7.552841968657781
Cc1cc2c(F)c(Oc3ncnn4cc(OC[C@@H](C)O)c(C)c34)ccc2[nH]1,7.585026652029182
Cc1cc2c(F)c(Oc3ncnn4cc(OC[C@H](C)O)c(C)c34)ccc2[nH]1,7.698970004336019
Cc1c(OC[C@@H](C)O)cn2ncnc(Oc3ccc4[nH]c(CO)cc4c3F)c12,7.107905397309519
Cc1c(OC[C@@H](C)O)cn2ncnc(Oc3ccc4[nH]c(C(=O)O)cc4c3F)c12,4.522878745280337
CNc1ncc2cc(-c3cc(NC(=O)NCCC(C)(C)C)c(F)cc3C)c(C)nc2n1,5.4089353929735005
CNc1ncc2cc(-c3cc(NC(=O)NCCC(C)(C)C)c(F)cc3C)cnc2n1,5.721246399047171
Cc1cc(F)c(NC(=O)NCCC(C)(C)C)cc1-c1cc2cnc(N)nc2nc1C,6.267606240177032
CNc1cc2nc(C)c(-c3cc(NC(=O)NCCC(C)(C)C)c(F)cc3C)cc2cn1,6.769551078621726
CNc1cc2nc(C)c(-c3ccc(F)c(NC(=O)NCCC(C)(C)C)c3)cc2cn1,7.481486060122112
CNc1ncc2cc(-c3ccc(F)c(NC(=O)NCCC(C)(C)C)c3)c(C)nc2n1,6.1249387366083
CNc1cc2nc(C)c(-c3cc(NC(=O)NC[C@@H](O)C(C)(C)C)c(F)cc3C)cc2cn1,6.1249387366083
CCn1c(=O)c(-c2cc(NC(=O)NCCC(C)(C)C)c(F)cc2C)cc2cnc(NC)cc21,7.6020599913279625
CCn1c(=O)c(-c2ccc(F)c(NC(=O)Nc3cc(C(C)(C)C)no3)c2)cc2cnc(NC)cc21,8.721246399047171
CNc1cc2c(cn1)cc(-c1ccc(F)c(NC(=O)Nc3cc(C(C)(C)C)no3)c1)c(=O)n2[C@H]1CCOC1,9.337242168318426
CCCS(=O)(=O)Nc1ccc(F)c(C(=O)c2c[nH]c3ncc(-c4ccc(Cl)cc4)cc23)c1F,6.443697499232712
OC1CCN(c2cc(-c3cnc4ccc(N5CCC[C@@H]5c5cccc(F)c5)nn34)ccn2)CC1,5.301029995663981
O=C(O)CN1CCN(c2cc(-c3cnc4ccc(N5CCC[C@@H]5c5cccc(F)c5)nn34)ccn2)CC1,6.0
Fc1cccc([C@H]2CCCN2c2ccc3ncc(-c4ccccn4)n3n2)c1,5.187086643357144
N#Cc1ccc(-c2cnc3ccc(NCc4ccccc4)nn23)cc1,5.3872161432802645
O=C(Nc1ccc(-c2cccnc2)cc1)Nc1cc(Br)cc(C(F)(F)F)c1,9.443697499232712
O=C(Nc1ccc(-c2cccnc2)cc1)Nc1ccc(Br)cc1OC(F)(F)F,6.698970004336019
O=C(Nc1ccc(-c2cccnc2)cc1)Nc1ccc(OC(F)(F)F)cc1Br,8.337242168318426
O=C(Nc1ccc(-c2cccnc2)cc1)Nc1cc(Br)ccc1OC(F)(F)F,7.200108315343135
O=C(Nc1ccc(-c2cccnc2)cc1)Nc1ccc(Cl)cc1Cl,6.698970004336019
O=C(Nc1ccc(-c2cccnc2)cc1)Nc1ccc(Cl)c(Cl)c1,8.659555885159882
O=C(Nc1ccc(-c2cccnc2)cc1)Nc1cc(C(F)(F)F)cc(C(F)(F)F)c1,9.657577319177793
CNC(=O)c1cc(Oc2ccc(NC(=O)Nc3ccc(Cl)c(C(F)(F)F)c3)cc2)ccn1,9.318758762624412
CC(C)(C)C(=O)Nc1ccc(-c2ccc(NC(=O)Nc3cc(Br)cc(C(F)(F)F)c3)cc2)cn1,6.141234286517746
CC(C)(C)C(=O)Nc1ccc(-c2ccc(NC(=O)Nc3ccc(OC(F)(F)F)cc3Br)cc2)cn1,6.0
CC(C)(C)C(=O)Nc1ccc(-c2ccc(NC(=O)Nc3cc(Br)ccc3OC(F)(F)F)cc2)cn1,6.0
CC(C)(C)C(=O)Nc1ccc(-c2ccc(NC(=O)Nc3ccc(Cl)cc3Cl)cc2)cn1,6.0
CC(C)(C)C(=O)Nc1ccc(-c2ccc(NC(=O)Nc3ccc(Cl)c(Cl)c3)cc2)cn1,7.877456475931246
CC(C)(C)C(=O)Nc1ccc(-c2ccc(NC(=O)Nc3cc(C(F)(F)F)cc(C(F)(F)F)c3)cc2)cn1,6.0
CC(C)(C)C(=O)Nc1ccc(-c2ccc(NC(=O)Nc3ccc(OCCN4CCCCC4)c(F)c3)cc2)cn1,6.0
CNC(=O)c1ccc(-c2ccc(NC(=O)Nc3ccc(Cl)c(C(F)(F)F)c3)cc2)cn1,7.001827878060559
CNC(=O)c1cc(-c2ccc(NC(=O)Nc3ccc(Cl)c(C(F)(F)F)c3)cc2)ccn1,9.823908740944319
CNC(=O)c1ccc(-c2ccc(NC(=O)Nc3cc(Br)cc(C(F)(F)F)c3)cc2)cn1,9.853871964321762
O=C(Nc1ccccc1)Nc1ccc(/N=C2\C(=O)Nc3ccccc32)cc1,5.251037138743839
O=C(Nc1ccc(/N=C2\C(=O)Nc3ccccc32)cc1)Nc1cccc(C(F)(F)F)c1,5.370590400897281
N#Cc1ccc(NC(=O)Nc2ccc(/N=C3\C(=O)Nc4ccccc43)cc2)cc1,5.293282217663241
O=C(Nc1ccc(/N=C2\C(=O)Nc3ccccc32)cc1)Nc1cccc(Cl)c1,5.58838029403677
O=C(Nc1ccc(Cl)cc1)Nc1ccc(/N=C2\C(=O)Nc3ccccc32)cc1,5.600326278518962
O=C(Nc1ccc(/N=C2\C(=O)Nc3ccc(F)cc32)cc1)Nc1cccc(C(F)(F)F)c1,5.673664139071248
O=C(Nc1ccc(/N=C2\C(=O)Nc3ccc(F)cc32)cc1)Nc1cccc(Cl)c1,5.701146923590294
O=C(Nc1ccc(Cl)cc1)Nc1ccc(/N=C2\C(=O)Nc3ccc(F)cc32)cc1,5.714442690992226
COc1ccc(NC(=O)Nc2ccc(/N=C3\C(=O)Nc4ccc(F)cc43)cc2)cc1,5.573488738635425
O=C(Nc1ccc(F)cc1)Nc1ccc(/N=C2\C(=O)Nc3ccc(Cl)cc32)cc1,5.406713932979542
O=C(Nc1ccc(/N=C2\C(=O)Nc3ccc(Cl)cc32)cc1)Nc1cccc(Cl)c1,6.1249387366083
O=C(Nc1ccc(Cl)cc1)Nc1ccc(/N=C2\C(=O)Nc3ccc(Cl)cc32)cc1,6.1487416512809245
NS(=O)(=O)c1ccc(NC(=O)Nc2ccc(/N=C3\C(=O)Nc4ccc(Cl)cc43)cc2)cc1,6.508638306165727
CNC(=O)c1cc(Oc2ccc(NC(=O)Nc3ccc(Cl)c(C(F)(F)F)c3)cc2)ccn1,7.0
CN(C)CC(=O)N1CCC(c2cc(-c3cnc(N)c(-n4nnc5ccccc54)n3)n(C)n2)CC1,7.045757490560675
CN(C)CC(=O)N1CCC(c2cn(C)c(-c3cnc(N)c(-n4nnc5ccccc54)n3)n2)CC1,5.180456064458132
CN(C)CC(=O)N1CCC(c2nc(-c3cnc(N)c(-n4nnc5ccccc54)n3)nn2C)CC1,5.920818753952375
CN(C)CC(=O)N1CCC(c2nc(-c3cnc(N)c(-n4nnc5ccccc54)n3)n(C)n2)CC1,5.045757490560675
CN(C)CC(=O)N1CCC(n2ncc(-c3cnc(N)c(-n4nnc5ccccc54)n3)n2)CC1,6.6777807052660805
CN(C)CC(=O)N1CCC(n2ccc(-c3cnc(N)c(-n4nnc5ccccc54)n3)n2)CC1,6.769551078621726
CN(C)CC(=O)N1CCC(n2cc(-c3cnc(N)c(-n4nnc5ccccc54)n3)cn2)CC1,7.5376020021010435
COc1cc2c(Oc3ccc(NC(=O)C4(C(=O)Nc5ccc(F)cc5)CC4)cc3F)ccnc2cc1OCCCN1CCOCC1,8.313363730737706
COc1cc2c(Oc3ccc(NC(=O)c4[nH]c(=O)n(-c5ccccc5Cl)c4C)cc3F)ccnc2cc1OCCCN1CCN(C)CC1,7.033389013318065
CC(C)(C)c1cc(NC(=O)Nc2ccc(-c3cn4c(n3)sc3cc(OCCN5CCOCC5)ccc34)cc2)no1,6.366531544420414
CNC(=O)c1cc(Oc2ccc(NC(=O)Nc3ccc(Cl)c(C(F)(F)F)c3)cc2)ccn1,7.376750709602099
CO[C@@H]1[C@H](N(C)C(=O)c2ccccc2)C[C@H]2O[C@]1(C)n1c3ccccc3c3c4c(c5c6ccccc6n2c5c31)C(=O)NC4,6.6020599913279625
Cc1cc(NC(=O)Nc2ccc(-c3cnc(NC(=O)c4ccc(OCCN5CCOCC5)cc4)s3)cc2)no1,6.431798275933005
CCN1CCN(c2cc(Nc3ncc(-c4ccc(NC(=O)c5ccccc5)cc4)s3)nc(C)n2)CC1,6.0
CCN1CCN(c2cc(Nc3ncc(-c4ccc(NC(=O)OCc5ccccc5)cc4)s3)nc(C)n2)CC1,6.920818753952375
CCN1CCN(c2cc(Nc3ncc(-c4ccc(NS(=O)(=O)c5ccccc5)cc4)s3)nc(C)n2)CC1,6.769551078621726
CCN1CCN(c2cc(Nc3ncc(-c4ccc(NC(=O)Nc5cc(C6CC6)on5)cc4)s3)nc(C)n2)CC1,7.823908740944319
CCc1cc(NC(=O)Nc2ccc(-c3cnc(Nc4cc(N5CCC(N)C5)nc(C)n4)s3)cc2)no1,8.154901959985743
CCc1cc(NC(=O)Nc2ccc(-c3cnc(Nc4cc(N5CCN(CC)CC5)nc(C)n4)s3)cc2)no1,7.6020599913279625
CCCCc1cc(NC(=O)Nc2ccc(-c3cnc(Nc4cc(N5CCN(C)CC5)nc(C)n4)s3)cc2)no1,7.259637310505756
CCc1cc(NC(=O)Nc2ccc(-c3cnc(Nc4cc(N5CCN(C)CC5)nc(C)n4)s3)cc2)no1,8.0
Cc1nc(Nc2ncc(-c3ccc(NC(=O)Nc4cc(C)on4)cc3)s2)cc(N2CCN(C)CC2)n1,7.823908740944319
Cc1nc(Nc2ncc(-c3ccc(NC(=O)Nc4cccc(Cl)c4)cc3)s2)cc(N2CCNCC2)n1,7.508638306165727
CCN1CCN(c2cc(Nc3ncc(-c4ccc(NC(=O)Nc5ccc(Cl)cc5)cc4)s3)nc(C)n2)CC1,7.366531544420414
Cc1nc(Nc2ncc(-c3ccc(NC(=O)Nc4ccccc4)cc3)s2)cc(N2CCC(N)CC2)n1,7.275724130399211
Cc1nc(Nc2ncc(-c3ccc(NC(=O)Nc4ccccc4)cc3)s2)cc(N2CCN(C)CC2)n1,6.795880017344075
COc1ccc(-c2cncc(Oc3cccc(NC(=O)Nc4cc(C(C)(C)C)on4)c3)n2)cc1,5.698970004336019
CC(C)(C)c1cc(NC(=O)Nc2cccc(Oc3cncc(-c4ccsc4)n3)c2)no1,5.698970004336019
CC(C)(C)c1cc(NC(=O)Nc2cccc(Oc3cncc(-c4ccc(S(C)(=O)=O)cc4)n3)c2)no1,5.318758762624412
Cn1cc(-c2cncc(Oc3cccc(NC(=O)Nc4cc(C(C)(C)C)on4)c3)n2)cn1,5.853871964321762
CC(C)(C)c1cc(NC(=O)Nc2cccc(Oc3cncc(-c4ccc(F)cc4)n3)c2)no1,5.698970004336019
Cn1cc(-c2cncc(-c3ccc(NC(=O)Nc4cc(C(C)(C)C)nn4C)cc3)n2)cn1,6.017728766960431
Cn1cc(-c2cncc(-c3ccc(NC(=O)Nc4cc(C(C)(C)C)no4)cc3)n2)cn1,6.0
C[C@H](CO)Nc1nc(Nc2ccc([S+](N)[O-])cc2)ncc1Br,7.468521082957745
C[C@@H](O)[C@@H](C)Nc1nc(Nc2ccc([S+](N)[O-])cc2)ncc1Br,7.229147988357855
C[C@@H](O)[C@@H](C)Oc1nc(Nc2ccc([S+](N)[O-])cc2)ncc1Br,6.913640169325252
CC[S@@](=N)(=O)c1ccc(Nc2ncc(Br)c(N[C@H](C)[C@@H](C)O)n2)cc1,7.494850021680094
C[C@@H](O)[C@@H](C)Oc1nc(Nc2ccc(S(=N)(=O)C3CC3)cc2)ncc1C(F)(F)F,6.787812395596042
NC(=O)c1cc(F)cc2c1C(=O)N(C1CCN(C3CCC(F)(F)CC3)CC1)C2,5.0
CNC(=O)Cn1cc(-c2cnc(N)c3c(-c4ccc(Oc5ccccc5)cc4)csc23)cn1,6.546681659952962
Cn1cc(-c2cnc(N)c3c(-c4ccc(Oc5ccccc5)cc4)csc23)cn1,6.464705879957229
CN[C@@H]1C[C@H]2O[C@@](C)([C@@H]1OC)n1c3ccccc3c3c4c(c5c6ccccc6n2c5c31)C(=O)NC4,8.455931955649724
O=C(Nc1ccccc1)Nc1ccccc1Sc1ccnc2ccsc12,4.0
COc1ccc(NC(=O)Nc2ccccc2Sc2ccnc3ccsc23)cc1,4.0
N#Cc1ccc(NC(=O)Nc2ccccc2Sc2ccnc3ccsc23)cc1,4.0
O=C(Nc1ccccc1)Nc1cccc(Sc2ccnc3ccsc23)c1,7.026872146400302
COc1ccc(NC(=O)Nc2cccc(Sc3ccnc4ccsc34)c2)cc1,6.97061622231479
N#Cc1ccc(NC(=O)Nc2cccc(Sc3ccnc4ccsc34)c2)cc1,6.686132779630847
O=C(Nc1ccc(F)cc1)Nc1cccc(Sc2ccnc3ccsc23)c1,8.0
O=C(Nc1cccc(F)c1)Nc1cccc(Sc2ccnc3ccsc23)c1,7.552841968657781
Cc1cccc(NC(=O)Nc2cccc(Sc3ccnc4ccsc34)c2)c1,7.958607314841775
O=C(Nc1cccc(Sc2ccnc3ccsc23)c1)Nc1cccc(C(F)(F)F)c1,7.823908740944319
O=C(Nc1cccc(Sc2ccnc3ccsc23)c1)Nc1ccc(Cl)c(C(F)(F)F)c1,7.795880017344075
O=C(Nc1ccccc1)Nc1ccc(Sc2ccnc3ccsc23)cc1,5.935542010773082
COc1ccc(NC(=O)Nc2ccc(Sc3ccnc4ccsc34)cc2)cc1,5.856985199745905
N#Cc1ccc(NC(=O)Nc2ccc(Sc3ccnc4ccsc34)cc2)cc1,5.077793722560983
O=C(Nc1ccc(Sc2ccnc3ccsc23)cc1)Nc1cccc(C(F)(F)F)c1,6.005243055412372
O=C(Nc1ccc(Sc2ccnc3ccsc23)cc1)Nc1ccc(Cl)c(C(F)(F)F)c1,5.710634048479968
CN[C@@H]1C[C@H]2O[C@@](C)([C@@H]1OC)n1c3ccccc3c3c4c(c5c6ccccc6n2c5c31)C(=O)NC4,8.221848749616356
CNC(=O)c1cc(Oc2ccc(NC(=O)Nc3ccc(Cl)c(C(F)(F)F)c3)cc2)ccn1,7.045757490560675
Nc1ncc(-c2cnn(CC(=O)N3CCOCC3)c2)c2scc(-c3ccc(Oc4ccccc4)cc3)c12,6.718966632752273
CN[C@@H]1C[C@H]2O[C@@](C)([C@@H]1OC)n1c3ccccc3c3c4c(c5c6ccccc6n2c5c31)C(=O)NC4,7.97061622231479
O=C1Nc2ccc(O)cc2/C1=C/c1ccc[nH]1,6.392009141452825
Cc1cc(C)c(/C=C2\C(=O)Nc3ccccc32)[nH]1,6.657577319177793
CSCCCNC(=O)c1ccc2c(c1)/C(=C/c1[nH]c(C)cc1C)C(=O)N2,7.42021640338319
O=C(CCCCC(=O)Nc1ccc2c(c1)/C(=C/c1ccc[nH]1)C(=O)N2)NO,6.5376020021010435
O=C(CCCCCCC(=O)Nc1ccc2c(c1)/C(=C/c1ccc[nH]1)C(=O)N2)NO,6.6252516539898965
Cc1nn(-c2ccnc(Nc3ccc4c(c3)c(Cl)c(C)n4C)n2)cc1CN1CC(O)C1,6.716925025264528
Cc1nn(-c2ccnc(Nc3ccc4c(c3)c(C)c(C)n4C)n2)cc1CN1CC(O)C1,6.185086818724926
CN(C)CCCNC(=O)c1csc2nc(-c3ccc(NC(=O)Nc4cc(C(C)(C)C)on4)cc3)cn12,5.609418121449565
COc1cc2ncnc(Nc3cccc(Cl)c3F)c2cc1OC(=O)N1CCN(C)C[C@H]1C,6.806875401645538
COc1ccc2c(c1)SCc1cnc(Nc3ccc(Cl)cc3)nc1-2,4.301029995663981
Clc1ccc(Nc2ncc3c(n2)-c2ccccc2SC3)cc1,4.301029995663981
Cc1cc(C)c(/C=C2\C(=O)Nc3ccccc32)[nH]1,4.889410289700751
COc1ccc(Nc2ncc3c(n2)-c2ccc(Cl)cc2SC3)cc1,4.301029995663981
COc1ccc(Nc2ncc3c(n2)-c2ccc(OC)cc2SC3)cc1,4.756961951313706
COc1ccc(Nc2ncc3c(n2)-c2ccccc2SC3)cc1,5.568636235841013
Clc1ccc2c(c1)SCc1cnc(Nc3ccccc3)nc1-2,4.301029995663981
COc1ccc2c(c1)SCc1cnc(Nc3ccccc3)nc1-2,4.301029995663981
c1ccc(Nc2ncc3c(n2)-c2ccccc2SC3)cc1,5.086186147616283
Clc1ccc(Nc2ncc3c(n2)-c2ccc(Cl)cc2SC3)cc1,5.251811972993799
O=C(Nc1cccc(Br)c1)Nc1ccc(Oc2ncnc3sc4c(c23)CCCC4)cc1Cl,7.823908740944319
Cc1cc(Oc2ncnc3sc4c(c23)CCCC4)ccc1NC(=O)Nc1cccc(Br)c1,7.468521082957745
O=C(Nc1ccc(Oc2ncnc3sc4c(c23)CCCC4)cc1)Nc1cccc(Br)c1,7.958607314841775
O=C(Nc1cccc(Br)c1)Nc1ccc(Oc2ncnc3sccc23)cc1Cl,8.045757490560675
Cc1cc(Oc2ncnc3sccc23)ccc1NC(=O)Nc1cccc(Br)c1,7.795880017344075
O=C(Nc1ccc(Oc2ncnc3sccc23)cc1)Nc1cccc(Br)c1,7.7447274948966935
O=C(Nc1ccc(Oc2ncnc3ccccc23)cc1)Nc1cccc(Br)c1,8.096910013008056
COc1cc2ncnc(Oc3ccc(NC(=O)Nc4cccc(Br)c4)c(Cl)c3)c2cc1OC,8.096910013008056
COc1cc2ncnc(Oc3ccc(NC(=O)Nc4cccc(Br)c4)c(C)c3)c2cc1OC,8.397940008672037
COc1cc2ncnc(Oc3ccc(NC(=O)Nc4cccc(Br)c4)cc3)c2cc1OC,8.221848749616356
CCOC(=O)Nc1ccc(Oc2ncnc3sccc23)cc1C,5.943095148663527
CCOC(=O)Nc1ccc(Oc2ncnc3ccccc23)cc1C,6.1487416512809245
CCOC(=O)Nc1ccc(Oc2ncnc3cc(OC)c(OC)cc23)cc1C,6.221848749616356
Fc1ccc(Oc2ncnc3sc4c(c23)CCCC4)cc1Cl,5.455931955649724
Fc1ccc(Oc2ncnc3sccc23)cc1Cl,5.0
Fc1ccc(Oc2ncnc3ccccc23)cc1Cl,5.0
COc1cc2ncnc(Oc3ccc(F)c(Cl)c3)c2cc1OC,5.022276394711152
O=C(Nc1ccc(Nc2ncnc3sc4c(c23)CCCC4)cc1)Nc1cccc(Br)c1,6.508638306165727
O=C(Nc1ccc(Nc2ncnc3sccc23)cc1)Nc1cccc(Br)c1,5.935542010773082
O=C(Nc1ccc(Nc2ncnc3ccccc23)cc1)Nc1cccc(Br)c1,7.040958607678906
COc1cc2ncnc(Nc3ccc(NC(=O)Nc4cccc(Br)c4)cc3)c2cc1OC,7.920818753952375
CCOC(=O)Nc1ccc(Nc2ncnc3sc4c(c23)CCCC4)cc1C,5.503070351926785
CCOC(=O)Nc1ccc(Nc2ncnc3sccc23)cc1C,5.0
CCOC(=O)Nc1ccc(Nc2ncnc3ccccc23)cc1C,5.4179366370882915
CCOC(=O)Nc1ccc(Nc2ncnc3cc(OC)c(OC)cc23)cc1C,6.301029995663981
Fc1ccc(Nc2ncnc3sc4c(c23)CCCC4)cc1Cl,5.0
Fc1ccc(Nc2ncnc3sccc23)cc1Cl,5.0
Fc1ccc(Nc2ncnc3ccccc23)cc1Cl,5.0
COc1cc2ncnc(Nc3ccc(F)c(Cl)c3)c2cc1OC,5.275724130399211
CN(C)CCOc1ccc(NC(=O)Nc2ccc(-c3cccc4[nH]nc(N)c34)cc2)cc1F,8.459670525209127
Cc1ccnc(NC(=O)Nc2ccc(-c3cccc4[nH]nc(N)c34)cc2)c1,6.301029995663981
Nc1n[nH]c2cccc(-c3ccc(NC(=O)Nc4ccc5c(c4)OCO5)cc3)c12,8.860120913598763
Nc1n[nH]c2cccc(-c3cccc(NC(=O)Nc4nccs4)c3)c12,6.301029995663981
Nc1n[nH]c2cccc(-c3cccc(NC(=O)Nc4ccc(Cl)c(C(F)(F)F)c4)c3)c12,9.102372908709558
Cc1ccc(NC(=O)Nc2cccc(-c3cccc4[nH]nc(N)c34)c2)cc1Cl,7.3788237182249645
Nc1n[nH]c2cccc(-c3cccc(NC(=O)Nc4cc(C(F)(F)F)cc(C(F)(F)F)c4)c3)c12,6.931814138253839
Nc1n[nH]c2cccc(-c3cccc(NC(=O)Nc4ccc(Cl)cc4Cl)c3)c12,6.688246138944246
Nc1n[nH]c2cccc(-c3cccc(NC(=O)Nc4ccc(F)c(F)c4)c3)c12,6.301029995663981
Cc1cccc(C)c1NC(=O)Nc1cccc(-c2cccc3[nH]nc(N)c23)c1,6.301029995663981
COc1cccc(NC(=O)Nc2cccc(-c3cccc4[nH]nc(N)c34)c2)c1,7.6777807052660805
Nc1n[nH]c2cccc(-c3cccc(NC(=O)Nc4cccc(C(F)(F)F)c4)c3)c12,6.480172006224281
CC(C)c1cccc(NC(=O)Nc2cccc(-c3cccc4[nH]nc(N)c34)c2)c1,8.642065152999546
Cc1ccc(NC(=O)Nc2cccc(-c3cccc4[nH]nc(N)c34)c2)cc1,8.627087997029893
Nc1n[nH]c2cccc(-c3cccc(NC(=O)Nc4cccc(Cl)c4)c3)c12,9.301029995663981
Nc1n[nH]c2cccc(-c3cccc(NC(=O)Nc4ccccc4Cl)c3)c12,6.935542010773082
Nc1n[nH]c2cccc(-c3cccc(NC(=O)Nc4ccc(F)cc4)c3)c12,8.667561540084394
Nc1n[nH]c2cccc(-c3cccc(NC(=O)Nc4cccc(F)c4)c3)c12,7.22767829327708
Nc1n[nH]c2cccc(-c3cccc(NC(=O)Nc4ccccc4F)c3)c12,7.27083521030723
CNC(=O)c1cc(Oc2ccc(NC(=O)Nc3ccc(Cl)c(C(F)(F)F)c3)cc2)ccn1,9.318758762624412
COc1ccc(C(=O)OCCN2CCOCC2)cc1NC(=O)Nc1cc(-c2cn[nH]c2)ccc1OC(F)(F)F,4.826813731587726
COc1ccc(C(=O)OCCN2CCOCC2)cc1NC(=O)Nc1cc(-c2cncnc2)ccc1OC(F)(F)F,5.327902142064283
COc1ccc(C(=O)OCCN2CCOCC2)cc1NC(=O)Nc1cc(-c2ccc3[nH]ccc3c2)cc(C(F)(F)F)c1,3.3010299956639813
COc1ccc(C(=O)OCCN2CCOCC2)cc1NC(=O)Nc1cc(-c2cccnc2)cc(C(F)(F)F)c1,3.3010299956639813
COc1ccc(C(=O)OCCN(C(C)C)C(C)C)cc1NC(=O)Nc1cc(-c2cnn(C)c2)ccc1OC(F)(F)F,3.3010299956639813
COc1ccc(C(=O)OCCN(C(C)C)C(C)C)cc1NC(=O)Nc1cc(-c2cn[nH]c2)ccc1OC(F)(F)F,3.3010299956639813
COc1ccc(C(=O)OCCN(C(C)C)C(C)C)cc1NC(=O)Nc1cc(-c2cncnc2)ccc1OC(F)(F)F,3.3010299956639813
COc1ccc(C(=O)OCCN(C(C)C)C(C)C)cc1NC(=O)Nc1cc(-c2ccc3[nH]ccc3c2)ccc1OC(F)(F)F,3.3010299956639813
COc1ccc(C(=O)OCCN(C(C)C)C(C)C)cc1NC(=O)Nc1cc(-c2ccc3[nH]ccc3c2)cc(C(F)(F)F)c1,3.3010299956639813
COc1ccc(C(=O)OCCN(C(C)C)C(C)C)cc1NC(=O)Nc1cc(-c2cccnc2)cc(C(F)(F)F)c1,5.075720713938118
CCN(CC)CCOC(=O)c1ccc(OC)c(NC(=O)Nc2cc(-c3cncnc3)ccc2OC(F)(F)F)c1,3.3010299956639813
CCN(CC)CCOC(=O)c1ccc(OC)c(NC(=O)Nc2cc(-c3ccc(OC)nc3)ccc2OC(F)(F)F)c1,4.423658649794207
COc1ccc(C(=O)OCCN(C)C)cc1NC(=O)Nc1cc(-c2cccnc2)cc(C(F)(F)F)c1,7.552841968657781
COc1ccc(C(=O)OCCN(C)C)cc1NC(=O)Nc1cc(-c2cncnc2)cc(C(F)(F)F)c1,3.3010299956639813
COc1ccc(C(=O)OCCN(C)C)cc1NC(=O)Nc1cc(-c2cccnc2)ccc1OC(F)(F)F,7.2076083105017466
COc1ccc(C(=O)OCCN(C)C)cc1NC(=O)Nc1cc(-c2ccc3[nH]ccc3c2)ccc1OC(F)(F)F,4.275724130399211
COc1ccc(-c2ccc(OC(F)(F)F)c(NC(=O)Nc3cc(C(=O)OCCN(C)C)ccc3OC)c2)cn1,5.267606240177032
COc1ccc(C(=O)OCCN(C)C)cc1NC(=O)Nc1cc(-c2cncnc2)ccc1OC(F)(F)F,4.284832642151542
CCN(CC)CCOC(=O)c1ccc(OC)c(NC(=O)Nc2cc(-c3ccc4[nH]ccc4c3)ccc2OC(F)(F)F)c1,6.795880017344075
CNC(=O)c1cc(Oc2ccc(NC(=O)Nc3cc(C(F)(F)F)ccc3-n3ccnn3)cc2)cc[n+]1[O-],7.309803919971486
CCN(CC)CCNC(=O)c1c(C)[nH]c(/C=C2\C(=O)Nc3ccc(F)cc32)c1C,7.4089353929735005
CCn1cc(CN(Cc2ccc(-c3cc4nccc(Oc5ccc6oc(Nc7ccc(Cl)cc7)nc6c5)c4s3)nc2)C(C)C)nn1,8.096910013008056
Cc1cccc(NC(=O)Nc2ccc(-c3ccc4c(-c5cnn[nH]5)n[nH]c4c3)cc2)c1,7.346787486224656
CCS(=O)(=O)c1ccc(OC)c(Nc2cn(-c3cccc(-c4ccccn4)c3)nn2)c1,4.376750709602099
CCS(=O)(=O)c1ccc(OC)c(Nc2cn(-c3cccc(-c4cccnc4)c3)nn2)c1,4.0
CCS(=O)(=O)c1ccc(OC)c(Nc2cn(-c3ccc(O)c(-c4ccccn4)c3)nn2)c1,5.157390760389438
CCS(=O)(=O)c1ccc(OC)c(Nc2cn(-c3ccc(NC(N)=O)c(-c4cccc5ccccc45)c3)nn2)c1,4.0
CCS(=O)(=O)c1ccc(OC)c(Nc2cn(-c3ccc(O)c(-c4cc[nH]c4)c3)nn2)c1,4.396855627379818
CCS(=O)(=O)c1ccc(OC)c(Nc2ncc(-c3cccc(-c4ccccn4)c3)o2)c1,7.657577319177793
COc1cc2ncnc(Nc3cccc(Cl)c3)c2cc1OCCC(=O)NO,6.3223930472795065
COc1cc2ncnc(Nc3cccc(Cl)c3)c2cc1OCCCC(=O)NO,6.453457336521869
COc1cc2ncnc(Nc3cccc(Cl)c3)c2cc1OCCCCC(=O)NO,6.212539525481585
COc1cc2ncnc(Nc3cccc(Cl)c3)c2cc1OCCCCCC(=O)NO,6.300162274132754
COc1cc2ncnc(Nc3cccc(Br)c3)c2cc1OCCC(=O)NO,6.204119982655925
COc1cc2ncnc(Nc3cccc(Br)c3)c2cc1OCCCC(=O)NO,6.36251027048749
COc1cc2ncnc(Nc3cccc(Br)c3)c2cc1OCCCCC(=O)NO,6.3819519032879075
COc1cc2ncnc(Nc3cccc(Br)c3)c2cc1OCCCCCC(=O)NO,6.335358024443875
COc1cc2ncnc(Nc3ccc(Cl)cc3Cl)c2cc1OCCC(=O)NO,6.431798275933005
COc1cc2ncnc(Nc3ccc(Cl)cc3Cl)c2cc1OCCCC(=O)NO,6.860120913598763
COc1cc2ncnc(Nc3ccc(Cl)cc3Cl)c2cc1OCCCCC(=O)NO,6.939302159646388
COc1cc2ncnc(Nc3ccc(Cl)cc3Cl)c2cc1OCCCCCC(=O)NO,7.075720713938118
COc1cc2ncnc(Nc3cc(Cl)ccc3Cl)c2cc1OCCC(=O)NO,5.8996294548824375
COc1cc2ncnc(Nc3cc(Cl)ccc3Cl)c2cc1OCCCC(=O)NO,5.669586226650809
COc1cc2ncnc(Nc3cc(Cl)ccc3Cl)c2cc1OCCCCC(=O)NO,5.2839966563652006
COc1cc2ncnc(Nc3cc(Cl)ccc3Cl)c2cc1OCCCCCC(=O)NO,5.610833915635467
COc1cc2/c(=N/c3ccc(Br)cc3F)nc[nH]c2cc1OCC1CCN(C)CC1,7.2076083105017466
O=C(CCCCCCC(=O)Nc1ccccc1)NO,5.0
CN[C@H]1CC2OC([C@H]1OC)n1c3ccccc3c3c4c(c5c6ccccc6n2c5c31)C(O)=NC4,7.403512866263456
COc1cc(Nc2ncc(Br)c(N[C@H](C)[C@H](C)O)n2)ccc1S(C)(=N)=O,7.013228265733755
CC(C)n1c(Nc2ccccc2)nc2cnc(Nc3ccc(C(=O)NC4CCN(C)CC4)cc3)nc21,6.0
Cc1ccc(F)c(NC(=O)Nc2ccc(Oc3ccnc(-c4c[nH]c(C(=O)O)c4)c3)cc2)c1,7.552841968657781
CCNC(=O)c1c[nH]c(-c2cc(Oc3ccc(NC(=O)Nc4cccc(C)c4)cc3)ccn2)c1,8.301029995663981
Cc1ccc(F)c(NC(=O)Nc2cccc(-c3ccnc(-c4ccc[nH]4)c3)c2)c1,5.154467882506425
Cc1ccc(F)c(NC(=O)Nc2ccc(Oc3ccnc(-c4cc(C(=O)OCCO)c[nH]4)c3)cc2)c1,7.508638306165727
Cc1ccc(F)c(NC(=O)Nc2ccc(Oc3ccnc(-c4cc(C(=O)NCCCN5CCOCC5)c[nH]4)c3)cc2)c1,8.0
Nc1ncc(-c2cnn(CCO)c2)c2scc(-c3ccc(NC(=O)Nc4cccc(F)c4)cc3)c12,8.576754126063193
CN1CCN(c2ccc(Nc3ncc4nc(Nc5ccccc5)n(C)c4n3)cc2)CC1,6.0
Cc1ccc(F)c(NC(=O)Nc2ccc(-c3ccnc(-c4cc[nH]c4)c3)cc2)c1,5.455311977697322
CC(C)n1c(Nc2ccccc2)nc2cnc(Nc3ccc(C(=O)NN4CCN(C)CC4)cc3F)nc21,6.0
COC(=O)CNC(=O)c1c[nH]c(-c2cc(Oc3cccc(NC(=O)c4occc4C)c3)ccn2)c1,7.5376020021010435
COC(=O)c1c[nH]c(-c2cc(Oc3cccc(NC(=O)c4sccc4C)c3)ccn2)c1,7.180456064458132
Cc1ccc(F)c(NC(=O)c2cccc(Oc3ccnc(-c4cc(C(=O)NO)c[nH]4)c3)c2)c1,7.638272163982407
C[C@H](CO)Nc1nc(Nc2ccc(S(C)(=O)=NS(=O)(=O)CC[Si](C)(C)C)cc2)ncc1Br,7.130768280269024
C[C@@H](Nc1nc(Nc2ccc(S(=N)(=O)C3CC3)cc2)ncc1Br)C(C)(C)O,7.5376020021010435
Cc1cccc(NC(=O)Nc2ccc(Oc3ccnc(-c4cc(C(N)=O)c[nH]4)c3)cc2)c1,8.221848749616356
Nc1ncc(-c2cnn(CCO)c2)c2scc(-c3ccc(NC(=O)Nc4cccc(F)c4)cc3)c12,8.79860287567955
O=C(Nc1ccc(Oc2ccnc(-c3cc(C(=O)OCCO)c[nH]3)c2)cc1)Nc1ccc(Cl)c(C(F)(F)F)c1,7.292429823902063
CCS(=N)(=O)c1ccc(Nc2ncc(Br)c(N[C@H](C)C(C)(C)O)n2)cc1,7.161150909262744
CCOC(=O)N=S(C)(=O)c1ccc(Nc2ncc(Br)c(N[C@H](C)C(C)(C)O)n2)cc1,6.853871964321762
CC(C)n1c(Nc2ccccc2)nc2cnc(Nc3ccc(C(=O)NN4CCN(C)CC4)cc3F)nc21,6.0
CC(C)n1c(Nc2ccc(C(=O)Nc3cccc(F)c3)cc2)nc2cnc(Nc3ccc(N4CCN(C)CC4)cc3)nc21,6.0
NC(=O)c1c(-c2cccc(NO)c2)nsc1N,5.91721462968355
Cc1nn(-c2ccnc(Nc3ccc4c(c3)c(Cl)cn4C)n2)cc1CN1CC(O)C1,6.447331783887806
NC(=O)c1c(-c2ccc(N)cc2)nsc1NC(=O)NCCCN1CCCC1,6.0
Cc1cccc(NC(=O)Nc2ccc(Oc3ccnc(-c4cc(C(=O)NO)c[nH]4)c3)cc2)c1,7.494850021680094
Oc1cccc(Nc2ccnc3cc(-c4cccc(CN5CCOCC5)c4)sc23)c1,8.337242168318426
Cc1cccc(NC(=O)Nc2ccc(Oc3ccnc(-c4cc(C(=O)NCCC(=O)O)c[nH]4)c3)cc2F)c1,7.920818753952375
CCS(=N)(=O)c1ccc(Nc2ncc(Br)c(N[C@@H](C)C(C)(C)O)n2)cc1,7.494850021680094
Cc1ccoc1C(=O)Nc1cccc(Oc2ccnc(-c3cc(C(N)=O)c[nH]3)c2)c1,7.6777807052660805
Cc1ccc(NC(=O)Nc2ccc(-c3nsc(NC(=O)NCCCC(=O)O)c3C(N)=O)cc2)cc1,8.221848749616356
CCOC(=O)N=S(C)(=O)c1ccc(Nc2ncc(Br)c(N[C@H](C)C(C)(C)O)n2)cc1C,7.2441251443275085
Cc1ccc(NC(=O)Nc2ccc(-c3nsc(NC(=O)NCCCN4CCOCC4)c3C(N)=O)cc2)cc1,8.096910013008056
CCOC(=O)N=S(=O)(CC)c1ccc(Nc2ncc(Br)c(O[C@H](C)[C@H](C)O)n2)cc1,6.823908740944319
Cc1ccc(F)c(NC(=O)Nc2ccc(-c3nsc(NC(=O)NCCCN4CCOCC4)c3C(N)=O)cc2)c1,7.853871964321762
COC(=O)c1c[nH]c(-c2cc(Nc3cccc(NC(=O)c4occc4C)c3)ccn2)c1,6.295849483160201
CCC(Sc1nc(Nc2ccc(S(C)(=N)=O)cc2)ncc1Br)C(C)O,6.698970004336019
Cc1cccc(NC(=O)Nc2ccc(-c3csc4c(-c5cn[nH]c5)cnc(N)c34)cc2)c1,8.661543506395395
COc1cc(C2=C(c3cn(CCCOC(=O)C(N)CC(C)C)c4ccccc34)C(=O)NC2=O)cc(OC)c1OC,6.0
COC(=O)CC=S(C)(=O)NC(=O)c1c[nH]c(-c2cc(Oc3ccc(NC(=O)Nc4cccc(C)c4)cc3)ccn2)c1,7.6020599913279625
COCCNC(=O)c1c[nH]c(-c2cc(Oc3ccc(NC(=O)Nc4cc(C)ccc4F)cc3)ccn2)c1,7.657577319177793
COC(=O)c1c[nH]c(-c2cc(Sc3ccc(NC(=O)Nc4cc(C)ccc4F)cc3)ccn2)c1,6.321481620959886
Cc1ccc(F)c(NC(=O)Nc2ccc(Oc3ccnc(-c4cc(C(=O)NCCCC(=O)O)c[nH]4)c3)cc2)c1,7.823908740944319
COC(=O)CC[C@H](NC(=O)c1c[nH]c(-c2cc(Oc3ccc(NC(=O)Nc4cc(C)ccc4F)cc3)ccn2)c1)C(=O)OC,7.4089353929735005
CC(=O)c1c[nH]c2ccc(Nc3nccc(-n4cc(CN5CC(O)C5)c(C)n4)n3)cc12,6.235823867609669
CN1CCN(c2ccc(Nc3ncc4nc(Nc5ccccc5)[nH]c4n3)cc2)CC1,6.0
Cc1nn(-c2ccnc(Nc3ccc4c(c3)c(Cl)c(C)n4C)n2)cc1CN1C[C@H](O)C[C@H]1C(=O)O,5.024200690320592
COc1ccc(NC(=O)Nc2ccc(-c3csc4c(-c5cnn(C[C@H](O)CO)c5)cnc(N)c34)cc2)cc1,8.73754891026957
NC(=O)c1c(-c2ccc(NC(=O)Nc3ccccc3)cc2)nsc1NC(=O)NCCCN1CCOCC1,8.096910013008056
COC(=O)[C@H](CCC(=O)O)NC(=O)c1c[nH]c(-c2cc(Oc3ccc(NC(=O)Nc4cc(C)ccc4F)cc3)ccn2)c1,7.5376020021010435
COC(=O)c1c[nH]c(-c2cc(Oc3ccc(NC(=O)Nc4cccc(C)c4)c(F)c3)ccn2)c1,7.853871964321762
COC[C@@H]1C[C@@H](O)CN1Cc1cn(-c2ccnc(Nc3ccc4c(c3)c(Cl)c(C)n4C)n2)nc1C,5.0771707803333515
COc1cc(C2=C(c3cn(CCCO)c4ccccc34)C(=O)NC2=O)cc(OC)c1OC,6.815308569182402
COC(=O)CNC(=O)c1c[nH]c(-c2cc(Oc3cc(C(=O)Nc4cc(C)ccc4F)ccc3F)ccn2)c1,7.552841968657781
CC(C)n1c(Nc2ccc(F)c(Cl)c2)nc2cnc(Nc3ccc(C(=O)NN4CCN(C)CC4)cc3F)nc21,6.0
O=C(Nc1ccc(Oc2ccnc(-c3cc(C(=O)O)c[nH]3)c2)cc1)Nc1ccc(F)c(C(F)(F)F)c1,7.267606240177032
COCCCNC(=O)Nc1snc(-c2ccc(NC(=O)Nc3cc(C)ccc3F)cc2)c1C(N)=O,7.4089353929735005
CC(C)n1c(Nc2ccc(OCc3cccc(F)c3)c(Cl)c2)nc2cnc(Nc3ccc(N4CCN(C)CC4)cc3)nc21,6.0
Cc1ccc(NC(=O)Nc2ccc(-c3nsc(NC(=O)NCCCO)c3C(N)=O)cc2)cc1,8.154901959985743
Cc1ccc(F)c(NC(=O)Nc2ccc(Oc3ccnc(-c4cc(C(=O)N5CCC5)c[nH]4)c3)cc2)c1,7.638272163982407
COC(=O)CCC=S(C)(=O)NC(=O)c1c[nH]c(-c2cc(Oc3ccc(NC(=O)Nc4cc(C)ccc4F)cc3)ccn2)c1,7.886056647693163
CN=S(C)(=O)c1ccc(Nc2ncc(Br)c(N[C@H](C)[C@H](C)O)n2)cc1OC,7.5376020021010435
CCOc1nc(Nc2ccc(S(=N)(=O)CC)cc2)ncc1Br,7.050609993355087
C#Cc1cccc(Nc2nc3cnc(Nc4ccc(N5CCN(C)CC5)cc4)nc3n2C(C)C)c1,7.301029995663981
Cc1cccc(NC(=O)c2cccc(Oc3ccnc(-c4cc(C(=O)O)c[nH]4)c3)c2)c1,7.5376020021010435
Cc1ccoc1C(=O)Nc1cccc(Oc2ccnc(-c3cc(C(=O)N4CC[C@H](O)C4)c[nH]3)c2)c1,7.5376020021010435
Cc1nn(-c2ccnc(Nc3ccc4oc(C)c(Cl)c4c3)n2)cc1CN1CC(O)C1,5.409492537991417
Cc1ccc(F)c(NC(=O)Nc2ccc(Oc3ccnc(-c4cc(C(=O)N[C@@H](CCC(=O)O)C(=O)O)c[nH]4)c3)cc2)c1,7.522878745280337
Cc1ccc(F)c(NC(=O)Nc2ccc(Oc3ccnc(-c4cc(C(=O)NCCC(=O)O)c[nH]4)c3)cc2F)c1,7.619788758288394
c1cc(-c2cnn3cc(-c4ccc(OCCN5CCCCC5)cc4)cnc23)ccn1,7.599634726650061
Cc1ccc(F)c(NC(=O)Nc2ccc(Oc3ccnc(-c4cc(C(=O)NCCCC(=O)NCC(O)CO)c[nH]4)c3)cc2)c1,7.5376020021010435
Cc1ccc(NC(=O)Nc2ccc(-c3nsc(N)c3C(N)=O)cc2)cc1,6.7544873321858505
Cc1ccc(F)c(NC(=O)Nc2ccc(Oc3ccnc(-c4cc(C(=O)N[C@@H](CCC(=O)OCC(O)CO)C(=O)OCC(O)CO)c[nH]4)c3)cc2)c1,7.443697499232712
NC(=O)c1c(-c2cccc([N+](=O)[O-])c2)nsc1N,5.0
C[C@@H](Nc1nc(Nc2ccc(S(=N)(=O)C3CCCC3)cc2)ncc1Br)C(C)(C)O,7.080921907623926
Cc1cccc(NC(=O)Nc2ccc(-c3nsc(NC(=O)NCCCN4CCOCC4)c3C(N)=O)cc2)c1,8.522878745280337
Cc1ccc(F)c(NC(=O)Nc2ccc(Oc3ccnc(-c4cc(C(=O)N5CCC(C(=O)O)C5)c[nH]4)c3)cc2F)c1,7.823908740944319
Cc1cccc(NC(=O)Nc2ccc(Oc3ccnc(-c4cc(C(=O)N[C@@H](CCC(=O)OC(C)(C)C)C(=O)O)c[nH]4)c3)cc2F)c1,7.769551078621726
Cc1ccoc1C(=O)Nc1ccc(Oc2ccnc(-c3ccc[nH]3)c2)cc1,5.583359492661719
Cc1ccc(F)c(NC(=O)Nc2ccc(Oc3ccnc(-c4cc(C(=O)NCC(O)CO)c[nH]4)c3)cc2)c1,7.6777807052660805
COC(=O)c1cc(-c2cc(Oc3cccc(NC(=O)Nc4cc(C)ccc4F)c3)ccn2)c[nH]1,7.657577319177793
CC(O)C(C)Sc1nc(Nc2ccc(S(C)(=N)=O)cc2)ncc1Br,6.823908740944319
CO[C@@H]1CN(Cc2cn(-c3ccnc(Nc4ccc5c(c4)c(Cl)c(C)n5C)n3)nc2C)C[C@@H]1O,6.13608262304214
COc1ccc(CNc2nsc(-c3ccc(NC(=O)Nc4cc(C)ccc4F)cc3)c2C(N)=O)c(OC)c1,7.008773924307505
Cc1ccc(F)c(NC(=O)Nc2ccc(Oc3ccnc(-c4cc(C(=O)NCCO)c[nH]4)c3)cc2)c1,7.275724130399211
Cc1ccc(F)c(NC(=O)Nc2ccc(Oc3ccnc(-c4cc(C(=O)NO)c[nH]4)c3)cc2)c1,7.853871964321762
Cc1ccc(F)c(NC(=O)Nc2ccc(Oc3ccnc(-c4cc(C(=O)O)c[nH]4)c3)cc2)c1,7.508638306165727
CCNC(=O)c1c[nH]c(-c2cc(Oc3cccc(C(=O)Nc4occc4C)c3)ccn2)c1,7.481486060122112
CCC(CO)Sc1nc(Nc2ccc(S(C)(=N)=O)cc2)ncc1Br,6.769551078621726
COC(=O)[C@H](CCC(=O)OCC(O)CO)NC(=O)c1c[nH]c(-c2cc(Oc3ccc(NC(=O)Nc4cc(C)ccc4F)cc3)ccn2)c1,7.346787486224656
CN1CCN(c2ccc(Nc3ncc4nc(Nc5ccccc5)n(C5CCCC5)c4n3)cc2)CC1,8.154901959985743
Cc1nn(-c2ccnc(Nc3ccc4c(c3)c(Cl)c(C)n4C)n2)cc1CN1CC(O)C1,6.716698771296451
Cc1ccoc1C(=O)Nc1cccc(Nc2ccnc(-c3cc(C(=O)O)c[nH]3)c2)c1,5.5292955702772115
Cc1ccoc1C(=O)Nc1cccc(Oc2ccnc(-c3cc(C(=O)O)c[nH]3)c2)c1,7.337242168318426
Cc1cccc(NC(=O)Nc2ccc(Oc3ccnc(-c4cc(C(=O)N5CC[C@@H](O)C5)c[nH]4)c3)cc2)c1,7.853871964321762
Cc1ccoc1C(=O)Nc1cccc(Oc2ccnc(-c3cc(C(=O)OCCO)c[nH]3)c2)c1,7.6020599913279625
Cc1ccc(F)c(NC(=O)Nc2ccc(Oc3ccnc(-c4cc(C(=O)NCCCC(=O)N5CCCC(O)C5)c[nH]4)c3)cc2)c1,7.552841968657781
Cc1ccc(F)c(NC(=O)c2ccc(F)c(Oc3ccnc(-c4cc(C(=O)NO)c[nH]4)c3)c2)c1,7.468521082957745
Cc1nn(-c2ccnc(Nc3ccc4c(c3)c(S(C)(=O)=O)nn4C)n2)cc1CN1C[C@@H](O)[C@@H](O)C1,6.189095719331299
Cc1nn(-c2ccnc(Nc3ccc4c(c3)c(C(=O)C3CC3)cn4C)n2)cc1CN1CC[C@@H](O)C1,6.316052869248487
Cc1ccoc1C(=O)Nc1cccc(Oc2ccnc(-c3cc(C(=O)NCC(O)CO)c[nH]3)c2)c1,7.585026652029182
CCOC(=O)CCCNC(=O)c1c[nH]c(-c2cc(Oc3ccc(NC(=O)Nc4cc(C)ccc4F)cc3)ccn2)c1,7.42021640338319
Cc1ccc(F)c(NC(=O)Nc2ccc(Oc3ccnc(-c4cc(C(=O)N5CC5)c[nH]4)c3)cc2)c1,7.6777807052660805
CC(C)n1c(Nc2cccc(Br)c2)nc2cnc(Nc3ccc(N4CCN(C)CC4)cc3)nc21,6.853871964321762
Cc1cc(Nc2ncc(Br)c(N[C@H](C)[C@H](C)O)n2)ccc1S(C)(=N)=O,7.4089353929735005
C[C@H](O)[C@@H](C)Oc1nc(Nc2ccc(S(=O)(CCO)=NS(=O)(=O)CC[Si](C)(C)C)cc2)ncc1Br,6.086186147616283
COC(=O)c1c[nH]c(-c2cc(Oc3cccc(NC(=O)c4occc4C)c3)ccn2)c1,7.251811972993799
Cc1ccoc1C(=O)Nc1cccc(Oc2ccnc(-c3cc(C(=O)OCC(O)CO)c[nH]3)c2)c1,7.619788758288394
Cc1ccc(F)c(NC(=O)c2ccc(F)c(Oc3ccnc(-c4cc(C(=O)O)c[nH]4)c3)c2)c1,7.568636235841013
c1ccc(-c2cnn3cc(-c4ccc(N5CCNCC5)cc4)cnc23)cc1,6.668167955563751
COc1cc(C2=C(c3cn(CCCNC(=O)C(N)CC(C)C)c4ccccc34)C(=O)NC2=O)cc(OC)c1OC,6.0
COC(=O)c1c[nH]c(-c2cc(Oc3ccc(NC(=O)Nc4cccc(C)c4)cc3)ccn2)c1,7.769551078621726
CCN(CC)C(=O)c1c[nH]c(-c2cc(Oc3ccc(NC(=O)Nc4cc(C)ccc4F)cc3)ccn2)c1,7.698970004336019
C[C@@H](O)[C@@H](C)Nc1nc(Nc2ccc(S(C)(=N)=O)cc2)ncc1Br,7.318758762624412
Cc1ccc(F)c(NC(=O)Nc2ccc(Oc3ccnc(-c4cc(C(=O)NCC(=O)O)c[nH]4)c3)cc2)c1,7.886056647693163
Cc1ccc(F)c(NC(=O)Nc2ccc(-c3nsc(NC(=O)NCCCN4CCOCC4)c3C(N)=O)c(C)c2)c1,7.568636235841013
CCOC(=O)Nc1snc(-c2ccc(NC(=O)Nc3cc(C)ccc3F)cc2)c1C(N)=O,7.301029995663981
Cc1ccc(F)c(NC(=O)Nc2ccc(Oc3cc(N)nc(-c4ccc[nH]4)c3)cc2)c1,5.567993312730402
C=CC(=O)Nc1cccc(Nc2ncc3nc(Nc4ccccc4)n(C(C)C)c3n2)c1,6.0
CC(C)n1c(Nc2ccc(NC(=O)Nc3ccc(F)c(Cl)c3)cc2)nc2cnc(Nc3ccc(N4CCN(C)CC4)cc3)nc21,6.0
COc1cc(C(=O)NN2CCN(C)CC2)ccc1Nc1ncc2nc(Nc3ccccc3)n(C(C)C)c2n1,6.0
Cc1cccc(NC(=O)Nc2ccc(Oc3ccnc(-c4cc(C(=O)NCC(O)CO)c[nH]4)c3)cc2)c1,8.045757490560675
COC(=O)c1cc(-c2cc(Oc3ccc(NC(=O)Nc4cc(C)ccc4F)cc3)cc(N)n2)cn1C(=O)OC(C)(C)C,5.0
NC(=O)c1c(-c2ccc(NC(=O)Nc3cc(C(F)(F)F)ccc3F)cc2)nsc1NC(=O)NCCCN1CCOCC1,8.221848749616356
Cc1ccc(F)c(NC(=O)c2ccc(F)c(Oc3ccnc(-c4cc(C(=O)NCC(=O)O)c[nH]4)c3)c2)c1,7.552841968657781
Cc1ccc(F)c(NC(=O)c2cccc(Oc3ccnc(-c4cc(C(=O)N5CC[C@H](O)C5)c[nH]4)c3)c2)c1,7.3872161432802645
COc1cc(Nc2ncc(Br)c(N[C@H](C)C(C)(C)O)n2)ccc1S(C)(=N)=O,7.1249387366083
COC[C@H](Nc1nc(Nc2ccc(S(C)(=N)=O)cc2)ncc1Br)[C@H](C)O,6.522878745280337
C[C@H](Nc1nc(Nc2ccc(S(C)(=N)=O)cc2)ncc1Br)C(C)(C)O,7.1938200260161125
COc1ccc(Nc2nc3cnc(Nc4ccc(N5CCN(C)CC5)cc4)nc3n2C(C)C)cc1,7.6777807052660805
Cc1ccc(F)c(NC(=O)Nc2ccc(-c3snc(N)c3C(N)=O)cc2)c1,7.920818753952375
COC(=O)c1cc(-c2cc(Oc3ccc(NC(=O)Nc4cc(C)ccc4F)cc3)ccn2)c[nH]1,7.920818753952375
Cc1nn(-c2ccnc(Nc3ccc4c(c3)c(Cl)c(C)n4C)n2)cc1CCN1CC[C@@H](O)C1,5.6759234202605136
Cc1ccc(F)c(NC(=O)Nc2ccc(Oc3ccnc(-c4cc(C(=O)NCCN5CCCC5)c[nH]4)c3)cc2)c1,7.823908740944319
Cc1ccc(F)c(NC(=O)c2cccc(Oc3ccnc(-c4cc(C(=O)O)c[nH]4)c3)c2)c1,7.431798275933005
CCS(=N)(=O)c1ccc(Nc2ncc(Br)c(N[C@H](COC)[C@H](C)O)n2)cc1,6.568636235841013
COCCCNC(=O)Nc1snc(-c2ccc(N)cc2)c1C(N)=O,5.3448615651886175
Cc1ccoc1C(=O)Nc1cccc(Oc2ccnc(-c3cc(C(=O)N4CC[C@@H](O)C4)c[nH]3)c2)c1,7.508638306165727
Cc1cccc(NC(=O)Nc2ccc(Oc3ccnc(-c4cc(C(=O)NCC(=O)O)c[nH]4)c3)cc2F)c1,7.698970004336019
CCCn1c(C)c(Cl)c2cc(Nc3nccc(-n4cc(CN5CC(O)C5)c(C)n4)n3)ccc21,6.313363730737707
Cc1ccc(F)c(NC(=O)Nc2ccc(Oc3ccnc(-c4cc(C(=O)N5CCN(C)CC5)c[nH]4)c3)cc2)c1,7.568636235841013
NC(=O)c1c(-c2ccc(N)cc2)nsc1NC(=O)NCCCN1CCOCC1,5.484126156288321
Cc1ccc(F)c(NC(=O)Nc2ccc(-c3ccnc(-c4ccc[nH]4)c3)cc2)c1,5.85949195696182
Cc1nn(-c2ccnc(Nc3ccc4c(c3)c(Cl)nn4C)n2)cc1CN1CC(O)C1,5.951946826884391
Cc1nn(-c2ccnc(Nc3ccc4c(cnn4C)c3)n2)cc1CN1CC(O)C1,5.727694155597914
Cc1ccc(F)c(NC(=O)Nc2ccc(Oc3ccnc(-c4cc(C(=O)NCCC(=O)O)c[nH]4)c3)cc2)c1,7.721246399047171
C=S(C)(=O)NC(=O)c1c[nH]c(-c2cc(Oc3ccc(NC(=O)Nc4cc(C)ccc4F)cc3)ccn2)c1,8.096910013008056
COc1cc(C2=C(c3cn(CCCO)c4ccccc34)C(=O)NC2=O)cc(OC)c1OC,6.036212172654444
COc1cc(Nc2ncc(Br)c(O[C@H](C)[C@H](C)O)n2)ccc1S(C)(=N)=O,6.823908740944319
Cc1ccc(F)c(NC(=O)Nc2ccc(Oc3ccnc(-c4cc(C(=O)O)c[nH]4)c3)c(F)c2)c1,7.7447274948966935
C=S(C)(=O)NC(=O)c1cc(-c2cc(Oc3ccc(NC(=O)Nc4cc(C)ccc4F)cc3)ccn2)c[nH]1,7.481486060122112
CC(O)CSc1nc(Nc2ccc(S(C)(=N)=O)cc2)ncc1Br,6.6020599913279625
Cc1ccc(F)c(NC(=O)Nc2ccc(Oc3ccnc(-c4cc(C(=O)OCC(O)CO)c[nH]4)c3)cc2)c1,7.366531544420414
Cc1ccc(F)c(NC(=O)Nc2ccc(Oc3ccnc(-c4cc(C(=O)NCCCO)c[nH]4)c3)cc2)c1,7.42021640338319
Cc1cccc(NC(=O)Nc2ccc(Oc3ccnc(-c4cc(C(=O)O)c[nH]4)c3)cc2)c1,7.823908740944319
CC(C)n1c(Nc2ccc(F)c(Cl)c2)nc2cnc(Nc3ccc(C(=O)NN4CCN(C)CC4)cc3)nc21,6.0
CC(C)n1c(Nc2ccccc2)nc2cnc(Nc3ccc(C(=O)N[N+]4=CCN(C)CC4)cc3)nc21,6.0
Cc1ccc(F)c(NC(=O)Nc2ccc(Oc3ccnc(-c4cc(C(=O)NCCCC(=O)NO)c[nH]4)c3)cc2)c1,7.366531544420414
COC(=O)c1c[nH]c(-c2cc(Oc3ccc(F)c(NC(=O)c4occc4C)c3)ccn2)c1,7.259637310505756
CC(C)n1c(Nc2ccc(Br)cc2)nc2cnc(Nc3ccc(N4CCN(C)CC4)cc3)nc21,8.397940008672037
Cc1ccc(F)c(NC(=O)Nc2ccc(Oc3ccnc(-c4csc(C(=O)NCC(=O)O)c4)c3)cc2)c1,7.958607314841775
CC(C)n1c(Nc2ccc(F)c(Cl)c2)nc2cnc(Nc3ccc(N4CCN(C)CC4)cc3)nc21,6.0
CCOC(=O)N=S(C)(=O)c1ccc(Nc2ncc(Br)c(O[C@H](C)[C@H](C)O)n2)cc1,6.958607314841775
Cc1nn(-c2nc(Nc3ccc4c(c3)c(Cl)c(C)n4C)ncc2F)cc1CN1CC(O)C1,6.0
Cc1ccc(F)c(NC(=O)Nc2ccc(Sc3ccnc(-c4cc(C(=O)O)c[nH]4)c3)cc2)c1,7.161150909262744
COCCOC(=O)c1c[nH]c(-c2cc(Oc3ccc(NC(=O)Nc4cc(C)ccc4F)cc3)ccn2)c1,7.6020599913279625
CCOC(=O)N=S(C)(=O)c1ccc(Nc2ncc(Br)c(N[C@H](C)[C@H](C)O)n2)cc1,7.251811972993799
CCS(=N)(=O)c1ccc(Nc2ncc(Br)c(N[C@H](C)[C@H](C)O)n2)cc1,7.585026652029182
C[C@@H](Nc1nc(Nc2ccc(S(=O)(=NS(=O)(=O)CC[Si](C)(C)C)C3CCCC3)cc2)ncc1Br)C(C)(C)O,6.040958607678906
C[C@@H](Nc1nc(Nc2ccc(S(=O)(CC=O)=NS(=O)(=O)CC[Si](C)(C)C)cc2)ncc1Br)C(C)(C)O,6.795880017344075
Cc1ccoc1C(=O)Nc1cccc(Oc2ccnc(-c3ccc[nH]3)c2)c1,7.154901959985743
Cc1ccc(F)c(NC(=O)Nc2ccc(Oc3ccnc(-c4ccc[nH]4)c3)cc2)c1,7.585026652029182
Cc1cccc(NC(=O)Nc2ccc(Oc3ccnc(-c4cc(C(=O)N5CCCC(O)C5)c[nH]4)c3)cc2F)c1,7.920818753952375
COc1cc(C2=C(c3cn(CCOC(=O)C(N)CC(C)C)c4ccccc34)C(=O)NC2=O)cc(OC)c1OC,6.600326278518962
Cn1c(=O)c(Sc2ccc(F)cc2)cc2cnc(Nc3ccc4[nH]ccc4c3)nc21,5.0
Cc1ccc(NC(=O)Nc2ccc(-c3nsc(NC(=O)NCCCN4CCCC4)c3C(N)=O)cc2)cc1,8.0
Cc1cccc(NC(=O)Nc2ccc(-c3csc4c(-c5cnn(C[C@H](C)O)c5)cnc(N)c34)cc2)c1,8.795880017344075
COC(=O)CNC(=O)c1c[nH]c(-c2cc(Oc3ccc(NC(=O)Nc4cc(C)ccc4F)cc3)ccn2)c1,7.522878745280337
C[C@H](Nc1nc(Nc2ccc(S(=N)(=O)CCO)cc2)ncc1Br)C(C)(C)O,7.229147988357855
Cc1cc(Nc2ncc(Br)c(N[C@H](C)C(C)(C)O)n2)ccc1S(C)(=N)=O,7.346787486224656
COC[C@@H](Nc1nc(Nc2ccc(S(C)(=N)=O)cc2)ncc1Br)[C@@H](C)O,6.468521082957745
CCNC(=O)[C@H](CCC(=O)OC(C)(C)C)NC(=O)c1c[nH]c(-c2cc(Oc3ccc(NC(=O)Nc4cccc(C)c4)c(F)c3)ccn2)c1,7.619788758288394
NC(=O)c1c(-c2ccc(N)cc2)nsc1NC(=O)NCCCO,5.598599459218456
COC(=O)CNC(=O)c1c[nH]c(-c2cc(Oc3ccc(NC(=O)Nc4cccc(C)c4)c(F)c3)ccn2)c1,7.823908740944319
C[C@H](CO)Nc1nc(Nc2ccc(S(=O)(CC3CC3)=NS(=O)(=O)CC[Si](C)(C)C)cc2)ncc1Br,6.619788758288394
Cc1ccsc1C(=O)Nc1cccc(Oc2ccnc(-c3cc(C(=O)OCCO)c[nH]3)c2)c1,7.619788758288394
Cc1ccc(F)c(NC(=O)Nc2ccc(Oc3ccnc(-c4cc(C(=O)NO)c[nH]4)c3)cc2F)c1,7.638272163982407
Cc1nn(-c2ccnc(Nc3ccc4c(c3)c(Cl)nn4C(C)C)n2)cc1CN1CC(O)C1,5.718285029972704
CCOC(=O)N=S(C)(=O)c1ccc(Nc2ncc(Br)c(N[C@H](C)[C@H](C)O)n2)cc1C,7.229147988357855
Cc1ccc(F)c(NC(=O)Nc2ccc(Oc3ccnc(-c4cc(C(=O)NCCOCCOCCOCCO)c[nH]4)c3)cc2)c1,8.0
C=S(C)(=O)NC(=O)c1c[nH]c(-c2cc(Oc3ccc(NC(=O)Nc4cccc(C)c4)cc3)ccn2)c1,7.7447274948966935
O=C(Nc1ccc(Oc2ccnc(-c3cc(C(=O)O)c[nH]3)c2)cc1)Nc1ccc(Cl)c(C(F)(F)F)c1,7.853871964321762
NC(=O)c1c(-c2ccc([N+](=O)[O-])cc2)nsc1NC(=O)N1CCCC1=O,5.0
COC(=O)C1CCCN1CCCNC(=O)c1c[nH]c(-c2cc(Oc3ccc(NC(=O)Nc4cc(C)ccc4F)cc3)ccn2)c1,7.494850021680094
CC(C)n1c(Nc2cccnc2)nc2cnc(Nc3ccc(N4CCN(C)CC4)cc3)nc21,6.0
O=C(Nc1ccccc1)Nc1ccc(-c2ccc(-c3ccc[nH]3)nc2)cc1,5.0
C=S(C)(=O)NC(=O)c1c[nH]c(-c2cc(Oc3ccc(NC(=O)Nc4ccc(Cl)c(C(F)(F)F)c4)cc3)ccn2)c1,7.337242168318426
COC(=O)c1c[nH]c(-c2cc(Oc3cccc(C(=O)Nc4cccc(C)c4)c3)ccn2)c1,7.455931955649724
COC(=O)c1cc(-c2cc(Oc3ccc(NC(=O)Nc4cc(C)ccc4F)cc3)ccn2)cs1,7.221848749616356
Cc1ccc(F)c(NC(=O)Nc2ccc(Oc3ccnc(-c4cc(C(=O)N5CC[C@@H](O)C5)c[nH]4)c3)cc2)c1,7.823908740944319
CC(C)n1c(NC2CCCCC2)nc2cnc(Nc3ccc(N4CCN(C)CC4)cc3)nc21,6.0
CC(=O)Nc1cccc(Nc2nc3cnc(Nc4ccc(C(=O)N[N+]5=CCN(C)CC5)cc4F)nc3n2C(C)C)c1,6.0
Cc1ccc(F)c(NC(=O)Nc2ccc(Oc3ccnc(-c4cc(C(=O)N5CCC(S(=O)(=O)O)CC5)c[nH]4)c3)cc2)c1,7.568636235841013
CC(Sc1nc(Nc2ccc(S(C)(=N)=O)cc2)ncc1Br)C(C)(C)O,6.958607314841775
C=S(N)(=O)c1ccc(Nc2ncc(Br)c(N[C@H](C)CO)n2)cc1,7.3979400086720375
CC(C)Nc1nc(Nc2ccc(S(C)(=N)=O)cc2)ncc1Br,7.154901959985743
COc1cc(Nc2ncc(Br)c(N[C@H](C)[C@H](C)O)n2)ccc1S(C)(=N)=O,7.154901959985743
Cc1cccc(NC(=O)Nc2ccc(Oc3ccnc(-c4cc(C(=O)O)c[nH]4)c3)cc2F)c1,7.853871964321762
Cc1ccc(F)c(NC(=O)Nc2ccc(Oc3ccnc(-c4cc(C(=O)NCC(=O)N5CC[C@H](O)C5)c[nH]4)c3)cc2)c1,7.795880017344075
CCNC(=O)c1c[nH]c(-c2cc(Oc3ccc(NC(=O)Nc4cccc(C)c4)c(F)c3)ccn2)c1,7.698970004336019
Cc1ccc(F)c(NC(=O)Nc2ccc(Oc3ccnc(-c4cc(C(=O)NCC(=O)NCC(O)CO)c[nH]4)c3)cc2)c1,7.698970004336019
Cc1ccc(F)c(NC(=O)Nc2ccc(Oc3ccnc(-c4c[nH]c(C(=O)N(C)C)c4)c3)cc2)c1,7.522878745280337
CCOC(=O)N=S(=O)(CC)c1ccc(Nc2ncc(Br)c(N[C@H](C)[C@H](C)O)n2)cc1,7.036212172654444
CCNC(=O)CCCNC(=O)c1c[nH]c(-c2cc(Oc3ccc(NC(=O)Nc4cc(C)ccc4F)cc3)ccn2)c1,7.638272163982407
COCCOCCOC(=O)c1c[nH]c(-c2cc(Oc3ccc(NC(=O)Nc4cc(C)ccc4F)cc3)ccn2)c1,7.1487416512809245
Cc1ccc(F)c(NC(=O)Nc2ccc(Oc3ccnc(-c4cc(C(=O)NCCCC(=O)N5CC[C@@H](O)C5)c[nH]4)c3)cc2)c1,7.4089353929735005
C[C@@H](Nc1nc(Nc2ccc(S(=N)(=O)CCO)cc2)ncc1Br)C(C)(C)O,7.161150909262744
Cc1ccc(F)c(NC(=O)Nc2ccc(Oc3ccnc(-c4cc(C(N)=O)c[nH]4)c3)cc2)c1,7.6777807052660805
c1ccc(-c2cnn3cc(-c4ccc(OCCN5CCOCC5)cc4)cnc23)cc1,6.629857152948898
COC(=O)c1c[nH]c(-c2cc(Oc3ccc(NC(=O)Nc4ccc(Cl)c(C(F)(F)F)c4)cc3)ccn2)c1,6.886056647693163
Cc1ccc(F)c(C(=O)Nc2ccc(Oc3ccnc(-c4ccc[nH]4)c3)cc2)c1,4.998785674713821
Cc1nn(-c2ccnc(Nc3ccc4c(c3)c(Cl)c(C)n4C)n2)cc1CN1C[C@H](O)C[C@H]1C,5.3693687559795
Cc1ccc(F)c(NC(=O)Nc2ccc(Oc3ccnc(-c4cc(C(=O)NCCCC(N)=O)c[nH]4)c3)cc2)c1,7.638272163982407
CCNC(=O)c1c[nH]c(-c2cc(Oc3ccc(NC(=O)Nc4cc(C)ccc4F)cc3)ccn2)c1,7.7447274948966935
Cc1ccc(F)c(NC(=O)Nc2ccc(Oc3ccnc(-c4cc(C(=O)N5CCC(C(=O)O)C5)c[nH]4)c3)cc2)c1,7.657577319177793
CCOC(=O)N=S(=O)(CC)c1ccc(Nc2ncc(Br)c(N[C@@H](COC)[C@H](C)O)n2)cc1,6.346787486224656
Cc1ccc(F)c(NC(=O)Nc2ccc(Oc3ccnc(-c4cc(C(=O)NCCCC(=O)O)c[nH]4)c3)cc2F)c1,7.769551078621726
COc1cc(Nc2ncc(Br)c(N[C@H](C)[C@@H](C)O)n2)ccc1S(C)(=N)=O,7.508638306165727
C[C@@H](Nc1nc(Nc2ccc(S(C)(=N)=O)cc2)ncc1Br)C(C)(C)O,6.853871964321762
CCOC(=O)N=S(C)(=O)c1ccc(Nc2ncc(Br)c(N[C@@H](COC)[C@H](C)O)n2)cc1,6.275724130399211
Cc1ccc(F)c(NC(=O)Nc2ccc(-c3snc(NCCCN4CCOCC4)c3C(N)=O)cc2)c1,7.568636235841013
Cc1cccc(NC(=O)Nc2ccc(Oc3ccnc(-c4cc(C(=O)N5CCC[C@@H](O)C5)c[nH]4)c3)cc2)c1,7.769551078621726
Cc1nn(-c2ccnc(Nc3ccc4c(c3)c(-c3nccs3)cn4C)n2)cc1CN1CC(O)C1,6.5376020021010435
Cc1ccc(F)c(NC(=O)Nc2ccc(Oc3ccnc(-c4cc(C(=O)N5CCC(CC(=O)O)CC5)c[nH]4)c3)cc2)c1,7.508638306165727
NC(=O)c1c(-c2ccc(NC(=O)c3cccc(C(F)(F)F)c3)cc2)nsc1NC(=O)NCCCN1CCOCC1,5.3448615651886175
CN(C)CCCOc1ccc(-c2cnc3c(-c4ccnc5ccccc45)cnn3c2)cc1,5.685711339052502
NC(=O)c1c(-c2ccc(N)cc2)nsc1N,5.0
Cc1ccc(F)c(NC(=O)Nc2ccc(Oc3ccnc(-c4csc(C(=O)O)c4)c3)cc2)c1,7.619788758288394
c1ccc2c(-c3cnn4cc(-c5ccc(OCCN6CCOCC6)cc5)cnc34)ccnc2c1,5.616543703475247
COC(=O)[C@@H]1CCCN1CCNC(=O)c1c[nH]c(-c2cc(Oc3ccc(NC(=O)Nc4cc(C)ccc4F)cc3)ccn2)c1,7.455931955649724
COC(=O)c1c[nH]c(-c2cc(Oc3ccc(NC(=O)Nc4ccc(F)c(C(F)(F)F)c4)cc3)ccn2)c1,7.008773924307505
Cc1nn(-c2ccnc(Nc3ccc4c(ccn4C)c3)n2)cc1CN1CC(O)C1,5.772627557710364
CCC(C)Sc1nc(Nc2ccc(S(C)(=N)=O)cc2)ncc1Br,6.920818753952375
COC(=O)c1c[nH]c(-c2cc(Oc3cccc(NC(=O)c4occc4C)c3)ccn2)c1,7.5376020021010435
Cc1ccoc1C(=O)Nc1cc(Oc2ccnc(-c3cc(C(=O)O)c[nH]3)c2)ccc1F,7.2839966563652006
CN1CCN(c2ccc(Nc3ncc4nc(Nc5ccccc5)n(C5CC5)c4n3)cc2)CC1,6.0
Cc1ccc(F)c(NC(=O)c2cccc(Oc3ccnc(-c4cc(C(=O)NCC(O)CO)c[nH]4)c3)c2)c1,7.327902142064283
Cc1ccc(F)c(NC(=O)Nc2ccc(Oc3ccnc(-c4cc(C(=O)NCCCC(=O)N(C)CC(O)CO)c[nH]4)c3)cc2)c1,7.6020599913279625
CNC(=O)c1c[nH]c(-c2cc(Oc3ccc(NC(=O)Nc4cccc(C)c4)cc3)ccn2)c1,7.638272163982407
NC(=O)c1c(-c2cccc(N)c2)nsc1N,5.0
CCS(=N)(=O)c1ccc(Nc2ncc(Br)c(N[C@@H](COC)[C@H](C)O)n2)cc1,6.638272163982407
COc1ccc(NC(=O)Nc2ccc(-c3csc4c(-c5cnn(CC(C)(C)O)c5)cnc(N)c34)cc2)cc1,8.300162274132754
CNC(=O)c1cc(-c2cc(Oc3ccc(NC(=O)Nc4cc(C)ccc4F)cc3)ccn2)c[nH]1,7.522878745280337
Cc1ccc(F)c(NC(=O)Nc2ccc(Oc3ccnc(-c4cc(C(=O)N5CCC(O)CC5)c[nH]4)c3)cc2)c1,6.991399828238082
CCS(=N)(=O)c1ccc(Nc2ncc(Br)c(N[C@H](C)C(C)(C)O)n2)cc1,7.102372908709558
CCOC(=O)CCCNC(=O)c1c[nH]c(-c2cc(Oc3ccc(NC(=O)Nc4cc(C)ccc4F)c(F)c3)ccn2)c1,7.508638306165727
Cc1cn(-c2nc(Nc3ccc4c(c3)c(Cl)nn4C)ncc2F)cc1CN1CC(O)C1,6.823908740944319
CCOC(=O)N=S(=O)(CC)c1ccc(Nc2ncc(Br)c(N[C@H](C)C(C)(C)O)n2)cc1,7.026872146400302
C[C@H](O)[C@@H](C)Nc1nc(Nc2ccc(S(=O)(CC=O)=NS(=O)(=O)CC[Si](C)(C)C)cc2)ncc1Br,6.886056647693163
CCC(Sc1nc(Nc2ccc(S(C)(=N)=O)cc2)ncc1Br)C(C)(C)O,6.0
NC(=O)c1c(-c2ccc([NH2+][O-])cc2)nsc1NC(=O)NCCCN1CCOCC1,5.0
COC(=O)c1c[nH]c(-c2cc(Oc3ccc(NC(=O)Nc4cc(C)ccc4F)cc3F)ccn2)c1,7.070581074285707
COC(=O)CNC(=O)c1cc(-c2cc(Oc3ccc(NC(=O)Nc4cc(C)ccc4F)cc3)ccn2)cs1,7.958607314841775
COc1cc(C2=C(c3c[nH]c4ccccc34)C(=O)NC2=O)cc(OC)c1OC,7.045757490560675
Cc1ccc(F)c(NC(=O)Nc2ccc(Oc3ccnc(-c4c[nH]c(C(=O)OCCO)c4)c3)cc2)c1,7.443697499232712
Cc1cc(Nc2ncc(Br)c(N[C@H](C)C(C)(C)O)n2)ccc1S(C)(=N)=O,7.180456064458132
Cc1nn(-c2cccc(Nc3ccc4c(c3)c(C(=O)C(F)(F)F)cn4C)n2)cc1CN1CC[C@@H](O)C1,6.29929628285498
NC(=O)c1c(-c2cccc(NC(=O)c3cccc(C(F)(F)F)c3)c2)nsc1N,5.785156151952302
COC(=O)[C@H](CCC(=O)OC(C)(C)C)NC(=O)c1c[nH]c(-c2cc(Oc3ccc(NC(=O)Nc4cccc(C)c4)c(F)c3)ccn2)c1,7.552841968657781
CN=S(C)(=O)c1ccc(Nc2ncc(Br)c(N[C@H](C)[C@H](C)O)n2)cc1,7.431798275933005
C[C@@H](Nc1nc(Nc2ccc(S(=N)(=O)CC3CC3)cc2)ncc1Br)C(C)(C)O,7.309803919971486
COC(=O)c1c[nH]c(-c2cc(Oc3cccc(C(=O)Nc4cc(C)ccc4F)c3)ccn2)c1,7.552841968657781
Cc1cccc(NC(=O)Nc2ccc(Oc3ccnc(-c4cc(C(=O)NS(C)(=O)=CCC(=O)O)c[nH]4)c3)cc2)c1,7.721246399047171
Cc1cccc(NC(=O)Nc2ccc(Oc3ccnc(-c4cc(C(=O)N[C@@H](CCC(=O)OCCO)C(=O)OCCO)c[nH]4)c3)cc2F)c1,7.769551078621726
Cc1cccc(NC(=O)Nc2ccc(Oc3ccnc(-c4cc(C(=O)N5CC[C@@H](O)C5)c[nH]4)c3)cc2F)c1,7.958607314841775
Cc1ccsc1C(=O)Nc1cccc(Oc2ccnc(-c3cc(C(=O)O)c[nH]3)c2)c1,6.920818753952375
COc1cccc(Nc2nc3cnc(Nc4ccc(N5CCN(C)CC5)cc4)nc3n2C(C)C)c1,6.0
CC(=O)c1cn(C)c2ccc(Nc3nccc(-n4cc(CN5CC(O)C5)c(C)n4)n3)cc12,6.461426266193144
Cc1ccoc1C(=O)Nc1cccc(Oc2ccnc(-c3cc(C(=O)NO)c[nH]3)c2)c1,7.698970004336019
CC(C)n1c(Nc2ccccc2)nc2cnc(Nc3ccc(N4CCN(C)CC4)cc3)nc21,6.0
CC(C)n1c(Nc2cccc(C(F)(F)F)c2)nc2cnc(Nc3ccc(N4CCN(C)CC4)cc3)nc21,6.0
Cc1ccc(F)c(NC(=O)Nc2ccc(-c3nsc(N)c3C(N)=O)cc2)c1,7.619788758288394
Cc1cccc(NC(=O)Nc2ccc(Oc3ccnc(-c4cc(C(=O)N[C@@H](CCC(=O)O)C(=O)O)c[nH]4)c3)cc2F)c1,7.568636235841013
CN=S(C)(=O)c1ccc(Nc2ncc(Br)c(N[C@H](C)[C@@H](C)O)n2)cc1OC,7.795880017344075
Cc1ccc(F)c(NC(=O)Nc2ccc(Oc3ccnc(-c4cc(C(=O)N5CC[C@H](O)C5)c[nH]4)c3)cc2)c1,7.823908740944319
Cc1cc(Nc2ncc(Br)c(N[C@@H](C)C(C)(C)O)n2)ccc1S(C)(=N)=O,7.318758762624412
Cc1cccc(NC(=O)Nc2ccc(Oc3ccnc(-c4cc(C(=O)NCCCC(=O)O)c[nH]4)c3)cc2F)c1,7.795880017344075
NC(=O)c1c(-c2cccc(NC(=O)Nc3ccccc3)c2)nsc1N,5.0
CCNC(=O)[C@H](CCC(=O)O)NC(=O)c1c[nH]c(-c2cc(Oc3ccc(NC(=O)Nc4cccc(C)c4)c(F)c3)ccn2)c1,7.795880017344075
COc1cc(Nc2ncc(Br)c(N[C@H](C)C(C)(C)O)n2)ccc1S(C)(=N)=O,7.119186407719209
C=S(C)(=O)NC(=O)c1c[nH]c(-c2cc(Oc3cccc(NC(=O)c4occc4C)c3)ccn2)c1,7.431798275933005
C[C@H](O)[C@@H](C)Oc1nc(Nc2ccc(S(C)(=N)=O)cc2)ncc1Br,6.468521082957745
CC(C)n1c(Nc2ccc(C(F)(F)F)cc2)nc2cnc(Nc3ccc(N4CCN(C)CC4)cc3)nc21,8.045757490560675
Cc1ccoc1C(=O)Nc1cccc(Oc2ccnc(-c3cc(C(=O)NCC(=O)O)c[nH]3)c2)c1,7.552841968657781
Cc1nn(-c2ccnc(Nc3ccc4c(c3)c(Cl)c(C)n4C)n2)cc1CN1CC[C@@H](O)C1,6.0
Cc1ccc(F)c(NC(=O)c2ccc(F)c(Oc3ccnc(-c4cc(C(=O)N5CCCC(O)C5)c[nH]4)c3)c2)c1,7.552841968657781
CCS(=N)(=O)c1ccc(Nc2ncc(Br)c(N[C@H](COC)[C@@H](C)O)n2)cc1,6.327902142064283
COC(=O)c1c[nH]c(-c2cc(Oc3ccc(NC(=O)Nc4cc(C)ccc4F)cc3)ccn2)c1,7.327902142064283
Cc1ccc(F)c(NC(=O)Nc2ccc(Oc3ccnc(-c4cc(C(=O)O)c[nH]4)c3)cc2F)c1,7.769551078621726
COC(=O)CC1CCN(C(=O)c2c[nH]c(-c3cc(Oc4ccc(NC(=O)Nc5cc(C)ccc5F)cc4)ccn3)c2)CC1,6.935542010773082
CCCS(=O)(=O)Nc1ccc(F)c(C(=O)c2c[nH]c3ncc(-c4cnn(C)c4)nc23)c1F,5.0
O=C(c1c(F)ccc(NS(=O)(=O)c2c(F)cccc2F)c1F)c1c[nH]c2ncncc12,5.0
O=C(c1c(F)ccc(NS(=O)(=O)c2ccc(F)cc2F)c1F)c1c[nH]c2ncncc12,5.0
O=C(c1c(F)ccc(NS(=O)(=O)C2CCC2)c1F)c1c[nH]c2ncncc12,5.0
CCCS(=O)(=O)Nc1cccc(C(=O)c2c[nH]c3ncnc(OC)c23)c1F,5.0
COc1ncnc2[nH]cc(C(=O)c3cccc(NS(=O)(=O)c4ccc(C(F)(F)F)cc4)c3F)c12,5.0
CCCS(=O)(=O)Nc1ccc(F)c(C(=O)c2c[nH]c3ncnc(OC)c23)c1F,5.0
CCCS(=O)(=O)Nc1ccc(F)c(C(=O)c2c[nH]c3ncnc(C)c23)c1F,5.0
CCCC(C)S(=O)(=O)Nc1cccc(C(=O)c2c[nH]c3ncncc23)c1F,5.0
O=C(c1cccc(NS(=O)(=O)C2CCCC2)c1F)c1c[nH]c2ncncc12,5.0
O=C(c1cccc(NS(=O)(=O)c2ccccc2F)c1F)c1c[nH]c2ncncc12,5.0
O=C(c1cccc(NS(=O)(=O)C2CCC2)c1F)c1c[nH]c2ncncc12,5.0
CCC(C)S(=O)(=O)Nc1cccc(C(=O)c2c[nH]c3ncncc23)c1F,5.0
O=C(c1cccc(NS(=O)(=O)c2ccc(F)cc2F)c1F)c1c[nH]c2ncncc12,5.0
O=C(c1cccc(NS(=O)(=O)c2c(F)cccc2F)c1F)c1c[nH]c2ncncc12,5.0
O=C(c1cccc(NS(=O)(=O)c2cc(F)ccc2F)c1F)c1c[nH]c2ncncc12,5.0
CC(C)(C)c1ccc(S(=O)(=O)Nc2ccc(F)c(C(=O)c3c[nH]c4ncncc34)c2F)cc1,5.0
CC(C)c1ccc(S(=O)(=O)Nc2ccc(F)c(C(=O)c3c[nH]c4ncncc34)c2F)cc1,5.0
O=C(c1c(F)ccc(NS(=O)(=O)c2cc(F)ccc2F)c1F)c1c[nH]c2ncncc12,5.0
O=C(c1c(F)ccc(NS(=O)(=O)c2ccccc2F)c1F)c1c[nH]c2ncncc12,5.0
O=C(c1c(F)ccc(NS(=O)(=O)N2CCCC2)c1F)c1c[nH]c2ncncc12,5.0
CN(C)S(=O)(=O)Nc1ccc(F)c(C(=O)c2c[nH]c3ncncc23)c1F,5.0
O=C(c1c(F)ccc(NS(=O)(=O)C2CCCCC2)c1F)c1c[nH]c2ncncc12,5.0
O=C(c1c(F)ccc(NS(=O)(=O)C2CCCC2)c1F)c1c[nH]c2ncncc12,5.0
CCCC(C)S(=O)(=O)Nc1ccc(F)c(C(=O)c2c[nH]c3ncncc23)c1F,5.0
CC(C)S(=O)(=O)Nc1ccc(F)c(C(=O)c2c[nH]c3ncncc23)c1F,5.0
O=C(c1c(F)ccc(NS(=O)(=O)c2ccc(C(F)(F)F)cc2)c1F)c1c[nH]c2ncncc12,5.0
CCCS(=O)(=O)Nc1ccc(Cl)c(C(=O)Nc2ccc(Nc3ncc(C)s3)nc2)c1F,5.0
CN(c1ccc2c(C(=O)Nc3ccccc3)cccc2c1)c1ccnc(Nc2cccc(CS(C)(=O)=O)c2)n1,8.657577319177793
CS(=O)(=O)Cc1cccc(Nc2nccc(Nc3ccc4c(C(=O)Nc5ccccc5)cccc4c3)n2)c1,8.744727494896694
CS(=O)(=O)Cc1cccc(Nc2cc(Oc3ccc4c(C(=O)Nc5ccccc5)cccc4c3)ncn2)c1,8.207608310501746
CS(=O)(=O)Cc1cccc(Nc2nccc(Oc3ccc4c(C(N)=O)cccc4c3)n2)c1,8.67778070526608
CS(=O)(=O)Cc1cccc(Nc2nccc(Oc3ccc4c(C(=O)NC5CCC5)cccc4c3)n2)c1,8.119186407719209
CS(=O)(=O)Cc1cccc(Nc2nccc(Oc3ccc4c(C(=O)NC5CC5)cccc4c3)n2)c1,9.221848749616356
CCNC(=O)c1cccc2cc(Oc3ccnc(Nc4cccc(CS(C)(=O)=O)c4)n3)ccc12,8.142667503568731
CS(=O)(=O)Cc1cccc(Nc2nccc(Oc3ccc4c(C(=O)Nc5ccncc5)cccc4c3)n2)c1,8.769551078621726
CS(=O)(=O)Cc1cccc(Nc2nccc(Oc3ccc4c(C(=O)Nc5cccnc5)cccc4c3)n2)c1,9.301029995663981
Cc1cc(NC(=O)c2cccc3cc(Oc4ccnc(Nc5cccc(CS(C)(=O)=O)c5)n4)ccc23)no1,8.698970004336019
CS(=O)(=O)Cc1cccc(Nc2nccc(Oc3ccc4c(C(=O)Nc5cc(Cl)cc(Cl)c5)cccc4c3)n2)c1,8.522878745280337
CS(=O)(=O)Cc1cccc(Nc2nccc(Oc3ccc4c(C(=O)Nc5cc(F)cc(F)c5)cccc4c3)n2)c1,8.221848749616356
CS(=O)(=O)Cc1cccc(Nc2nccc(Oc3ccc4c(C(=O)Nc5ccc(F)cc5F)cccc4c3)n2)c1,8.537602002101044
CS(=O)(=O)Cc1cccc(Nc2nccc(Oc3ccc4c(C(=O)Nc5cccc(Br)c5)cccc4c3)n2)c1,8.67778070526608
CS(=O)(=O)Cc1cccc(Nc2nccc(Oc3ccc4c(C(=O)Nc5ccc(Cl)cc5)cccc4c3)n2)c1,7.583359492661719
CS(=O)(=O)Cc1cccc(Nc2nccc(Oc3ccc4c(C(=O)Nc5cccc(Cl)c5)cccc4c3)n2)c1,7.703334809738469
CS(=O)(=O)Cc1cccc(Nc2nccc(Oc3ccc4c(C(=O)Nc5ccc(F)cc5)cccc4c3)n2)c1,8.853871964321762
CS(=O)(=O)Cc1cccc(Nc2nccc(Oc3ccc4c(C(=O)Nc5cccc(F)c5)cccc4c3)n2)c1,8.920818753952375
CS(=O)(=O)Cc1cccc(Nc2nccc(Oc3ccc4c(C(=O)Nc5ccccc5F)cccc4c3)n2)c1,8.698970004336019
CS(=O)(=O)Cc1cccc(Nc2nccc(Oc3ccc4c(C(=O)Nc5cccc(C(F)(F)F)c5)cccc4c3)n2)c1,8.431798275933005
Cc1ccc(NC(=O)c2cccc3cc(Oc4ccnc(Nc5cccc(CS(C)(=O)=O)c5)n4)ccc23)cc1,8.522878745280337
Cc1cccc(NC(=O)c2cccc3cc(Oc4ccnc(Nc5cccc(CS(C)(=O)=O)c5)n4)ccc23)c1,8.05551732784983
COc1cc2c(Oc3ccc4[nH]c(C)cc4c3F)ncnc2cc1OCCCN1CCCC1,8.568636235841012
CS(=O)(=O)Cc1ccc(Nc2nccc(Oc3ccc4c(C(=O)Nc5ccccc5)cccc4c3)n2)cc1,8.886056647693163
CS(=O)(=O)c1ccc(Nc2nccc(Oc3ccc4c(C(=O)Nc5ccccc5)cccc4c3)n2)cc1,8.494850021680094
Cc1ccc(S(C)(=O)=O)cc1Nc1nccc(Oc2ccc3c(C(=O)Nc4ccccc4)cccc3c2)n1,8.638272163982407
Cc1ccc(Nc2nccc(Oc3ccc4c(C(=O)Nc5ccccc5)cccc4c3)n2)cc1S(C)(=O)=O,8.657577319177793
CS(=O)(=O)Cc1cccc(Nc2nccc(Oc3ccc4c(C(=O)Nc5ccccc5)cccc4c3)n2)c1,9.301029995663981
CNC(=O)c1cccc(Nc2nccc(Oc3ccc4c(C(=O)Nc5ccccc5)cccc4c3)n2)c1,8.744727494896694
CNS(=O)(=O)c1cccc(Nc2nccc(Oc3ccc4c(C(=O)Nc5ccccc5)cccc4c3)n2)c1,8.387216143280265
CS(=O)(=O)Nc1cccc(Nc2nccc(Oc3ccc4c(C(=O)Nc5ccccc5)cccc4c3)n2)c1,8.886056647693163
CS(=O)(=O)c1cccc(Nc2nccc(Oc3ccc4c(C(=O)Nc5ccccc5)cccc4c3)n2)c1,8.795880017344075
COc1cc(Nc2nccc(Oc3ccc4c(C(=O)Nc5ccccc5)cccc4c3)n2)cc(OC)c1,8.309803919971486
COc1ccc(Nc2nccc(Oc3ccc4c(C(=O)Nc5ccccc5)cccc4c3)n2)cc1OC,9.045757490560675
COc1cc(Nc2nccc(Oc3ccc4c(C(=O)Nc5ccccc5)cccc4c3)n2)cc(OC)c1OC,9.045757490560675
COc1cccc(Nc2nccc(Oc3ccc4c(C(=O)Nc5ccccc5)cccc4c3)n2)c1,8.2839966563652
O=C(Nc1ccccc1)c1cccc2cc(Oc3ccnc(Nc4ccccc4)n3)ccc12,7.716698771296451
CCS(=O)(=O)c1cccc(Nc2nccc(Oc3ccc4c(C(=O)Nc5ccccc5)cccc4c3)n2)c1,8.698970004336019
CS(=O)(=O)Cc1cccc(Nc2nccc(Oc3ccc4c(c3)OCCN4C(=O)Nc3ccccc3)n2)c1,8.42021640338319
CN1CCN(Cc2ccc(NC(=O)Nc3ccc4ncnc(Nc5ccc(OCc6cccc(F)c6)c(Cl)c5)c4c3)cc2)CC1,6.0
O=C(Nc1ccc(CN2CCCC2)cc1)Nc1ccc2ncnc(Nc3cccc(C(F)(F)F)c3)c2c1,6.247951552180561
CNC(=O)c1cc(Oc2ccc(NC(=O)Nc3ccc(Cl)c(C(F)(F)F)c3)cc2)ccn1,8.920818753952375
CC(=O)c1nn(-c2ccccc2)cc1C(=O)c1c(C)[nH]c(-c2ccccc2)c1-c1ccccc1,5.347753658996677
CC(=O)c1nn(-c2ccc(C)cc2)cc1C(=O)c1c(C)[nH]c(-c2ccccc2)c1-c1ccccc1,5.05700040663396
CC(=O)c1nn(-c2ccc(Cl)cc2)cc1C(=O)c1c(C)[nH]c(-c2ccccc2)c1-c1ccccc1,5.36251027048749
CCOC(=O)c1nn(-c2ccccc2)cc1C(=O)c1c(C)[nH]c(-c2ccccc2)c1-c1ccccc1,5.6307841425898575
CCOC(=O)c1nn(-c2ccc(C)cc2)cc1C(=O)c1c(C)[nH]c(-c2ccccc2)c1-c1ccccc1,5.121478204498794
CCOC(=O)c1nn(-c2ccc(Cl)cc2)cc1C(=O)c1c(C)[nH]c(-c2ccccc2)c1-c1ccccc1,5.542118103266008
Cc1[nH]c(-c2ccccc2)c(-c2ccccc2)c1C(=O)c1cn(-c2ccccc2)nc1C(=O)Nc1ccccc1,5.462180904926726
Cc1ccc(-n2cc(C(=O)c3c(C)[nH]c(-c4ccccc4)c3-c3ccccc3)c(C(=O)Nc3ccccc3)n2)cc1,5.363512103646634
Cc1[nH]c(-c2ccccc2)c(-c2ccccc2)c1C(=O)c1cn(-c2ccc(Cl)cc2)nc1C(=O)Nc1ccccc1,5.45717457304082
Cc1[nH]c(-c2ccccc2)c(-c2ccccc2)c1C(=O)c1cn(-c2ccccc2)nc1-c1ccccc1,5.6307841425898575
Cc1[nH]c(-c2ccccc2)c(-c2ccccc2)c1-c1nnc(C)c2nn(-c3ccccc3)cc12,5.462180904926726
Cc1ccc(-n2cc3c(-c4c(C)[nH]c(-c5ccccc5)c4-c4ccccc4)nnc(C)c3n2)cc1,5.360513510731414
Cc1[nH]c(-c2ccccc2)c(-c2ccccc2)c1-c1nnc(C)c2nn(-c3ccc(Cl)cc3)cc12,5.621602099051862
Oc1nnc(-c2c[nH]c(-c3ccccc3)c2-c2ccccc2)c2cn(-c3ccccc3)nc12,5.462180904926726
Cc1ccc(-n2cc3c(-c4c[nH]c(-c5ccccc5)c4-c4ccccc4)nnc(O)c3n2)cc1,5.492144128304169
Oc1nnc(-c2c[nH]c(-c3ccccc3)c2-c2ccccc2)c2cn(-c3ccc(Cl)cc3)nc12,5.462180904926726
Cc1[nH]c(-c2ccccc2)c(-c2ccccc2)c1-c1ccc(NC(=O)c2ccccc2)c(=O)o1,5.610833915635467
Cc1c(C(=O)c2coc3ccc(O)cc23)[nH]c(-c2ccccc2)c1-c1ccccc1,5.462180904926726
Cc1c(C(=O)c2coc3c2cc(O)c2ccccc23)[nH]c(-c2ccccc2)c1-c1ccccc1,5.341035157335565
O=C(O)C1CN(Cc2ccc(OCc3ccc(Cl)c(Cl)c3)cc2)C1,5.0
c1cc(-c2cnn3cc(-c4ccc(OCCN5CCCCC5)cc4)cnc23)ccn1,6.657577319177793
C[C@@H]1C[C@H](N)C[C@H](c2ccncc2NC(=O)c2ccc(F)c(-c3c(F)cccc3F)n2)C1,5.0
C[C@@H]1NCc2ncnc(Oc3ccc4c(ccn4C(=O)Nc4cccc(C(F)(F)F)c4)c3)c21,6.928117992693875
O=C(Nc1cccc(C(F)(F)F)c1)n1ccc2cc(Oc3ncnc4c3CNC4)ccc21,9.397940008672037
CCN1CCc2c(ncnc2Oc2ccc3c(ccn3C(=O)Nc3cccc(C(F)(F)F)c3)c2)C1,8.0
C[C@@H]1Cc2c(ncnc2Oc2ccc3c(ccn3C(=O)Nc3cccc(C(F)(F)F)c3)c2)CN1,6.962573502059376
C[C@H]1Cc2c(ncnc2Oc2ccc3c(ccn3C(=O)Nc3cccc(C(F)(F)F)c3)c2)CN1,7.221848749616356
O=C(Nc1cccc(C(F)(F)F)c1)n1ccc2cc(Oc3ncnc4c3CNCC4)ccc21,7.0915149811213505
O=C(Nc1cccc(C(F)(F)F)c1)n1ccc2cc(Oc3ncnc4c3CCNC4)ccc21,8.0
CNCc1cc(Oc2ccc3c(ccn3C(=O)Nc3ccc(F)c(C(F)(F)F)c3)c2)ncn1,7.180456064458132
CNCc1cc(Oc2ccc3c(ccn3C(=O)Nc3cccc(C(F)(F)F)c3)c2)ncn1,7.958607314841775
O=C(Nc1cccc(C(F)(F)F)c1)n1ccc2cc(Oc3cc(CO)ncn3)ccc21,8.397940008672037
CC1(c2cc(NC(=O)n3ccc4cc(Oc5ncnc6c5CNC6)ccc43)no2)CC1,7.853871964321762
CC(C)c1cc(NC(=O)n2ccc3cc(Oc4ncnc5c4CNC5)ccc32)no1,8.045757490560675
O=C(Nc1cc(C2CC2)on1)n1ccc2cc(Oc3ncnc4c3CNC4)ccc21,7.3872161432802645
C[C@@H]1NCc2ncnc(Oc3ccc4c(ccn4C(=O)Nc4cc(C(C)(C)C)on4)c3)c21,7.657577319177793
CC(C)(C)c1cc(NC(=O)n2ccc3cc(Oc4ncnc5c4CNC5)ccc32)on1,6.943095148663527
CC(C)(C)c1cc(NC(=O)n2ccc3cc(Oc4ncnc5c4CNC5)ccc32)no1,8.045757490560675
C[C@H]1Cc2c(ncnc2Oc2ccc3c(ccn3C(=O)Nc3cc(C(C)(C)C)on3)c2)CN1,7.522878745280337
CC(C)(C)c1cc(NC(=O)n2ccc3cc(Oc4ncnc5c4CCNC5)ccc32)no1,7.522878745280337
C[C@@H]1Cc2c(ncnc2Oc2ccc3c(ccn3C(=O)Nc3cc(C4(C)CC4)[nH]n3)c2)CN1,8.096910013008056
CC1(c2cc(NC(=O)n3ccc4cc(Oc5ncnc6c5CNC6)ccc43)n[nH]2)CC1,8.522878745280337
C[C@H]1Cc2c(ncnc2Oc2ccc3c(ccn3C(=O)Nc3cc(C4(C)CC4)[nH]n3)c2)CN1,8.096910013008056
CC1(c2cc(NC(=O)n3ccc4cc(Oc5ncnc6c5CCNC6)ccc43)n[nH]2)CC1,8.301029995663981
CC(C)(C)c1cc(NC(=O)n2ccc3cc(Oc4ncnc5c4CCNC5)ccc32)n[nH]1,8.096910013008056
CC(C)c1cc(NC(=O)n2ccc3cc(Oc4ncnc5c4CCNC5)ccc32)n[nH]1,8.221848749616356
Cc1cncc(NC(=O)n2ccc3cc(Oc4ncnc5c4CCNC5)ccc32)c1,6.552841968657781
C[C@H]1NCc2ncnc(Oc3ccc4c(ccn4C(=O)Nc4cccc(C(F)(F)F)c4)c3)c21,7.769551078621726
C[C@@H]1NCc2ncnc(Oc3ccc4c(ccn4C(=O)Nc4cccc(C(F)(F)F)c4)c3)c21,7.795880017344075
O=C(Nc1cccc(C(F)(F)F)c1)n1ccc2cc(Oc3ncnc4c3CNC4)ccc21,7.5376020021010435
CCN1CCc2c(ncnc2Oc2ccc3c(ccn3C(=O)Nc3cccc(C(F)(F)F)c3)c2)C1,8.0
CC(=O)N1CCc2c(ncnc2Oc2ccc3c(ccn3C(=O)Nc3cccc(C(F)(F)F)c3)c2)C1,8.154901959985743
C[C@@H]1Cc2c(ncnc2Oc2ccc3c(ccn3C(=O)Nc3cccc(C(F)(F)F)c3)c2)CN1,7.638272163982407
C[C@H]1Cc2c(ncnc2Oc2ccc3c(ccn3C(=O)Nc3cccc(C(F)(F)F)c3)c2)CN1,7.619788758288394
O=C(Nc1cccc(C(F)(F)F)c1)n1ccc2cc(Oc3ncnc4c3CNCC4)ccc21,7.7447274948966935
O=C(Nc1cccc(C(F)(F)F)c1)n1ccc2cc(Oc3ncnc4c3CCNC4)ccc21,7.657577319177793
CNCc1cc(Oc2ccc3c(ccn3C(=O)Nc3ccc(F)c(C(F)(F)F)c3)c2)ncn1,8.301029995663981
CNCc1cc(Oc2ccc3c(ccn3C(=O)Nc3cccc(C(F)(F)F)c3)c2)ncn1,8.096910013008056
O=C(Nc1cccc(C(F)(F)F)c1)n1ccc2cc(Oc3cc(CO)ncn3)ccc21,7.886056647693163
Nc1cc(Oc2ccc3c(ccn3C(=O)Nc3cccc(C(F)(F)F)c3)c2)ncn1,7.769551078621726
CC1(c2cc(NC(=O)n3ccc4cc(Oc5ncnc6c5CNC6)ccc43)no2)CC1,8.221848749616356
CC(C)c1cc(NC(=O)n2ccc3cc(Oc4ncnc5c4CNC5)ccc32)no1,8.698970004336019
O=C(Nc1cc(C2CC2)on1)n1ccc2cc(Oc3ncnc4c3CNC4)ccc21,7.585026652029182
C[C@@H]1NCc2ncnc(Oc3ccc4c(ccn4C(=O)Nc4cc(C(C)(C)C)on4)c3)c21,8.096910013008056
CC(C)(C)c1cc(NC(=O)n2ccc3cc(Oc4ncnc5c4CNC5)ccc32)on1,6.777283528852417
CC(C)(C)c1cc(NC(=O)n2ccc3cc(Oc4ncnc5c4CNC5)ccc32)no1,7.229147988357855
C[C@H]1Cc2c(ncnc2Oc2ccc3c(ccn3C(=O)Nc3cc(C(C)(C)C)on3)c2)CN1,8.397940008672037
CC(C)(C)c1cc(NC(=O)n2ccc3cc(Oc4ncnc5c4CCNC5)ccc32)no1,7.3979400086720375
C[C@@H]1Cc2c(ncnc2Oc2ccc3c(ccn3C(=O)Nc3cc(C4(C)CC4)[nH]n3)c2)CN1,9.045757490560675
CC1(c2cc(NC(=O)n3ccc4cc(Oc5ncnc6c5CNC6)ccc43)n[nH]2)CC1,9.301029995663981
C[C@H]1Cc2c(ncnc2Oc2ccc3c(ccn3C(=O)Nc3cc(C4(C)CC4)[nH]n3)c2)CN1,9.045757490560675
CC1(c2cc(NC(=O)n3ccc4cc(Oc5ncnc6c5CCNC6)ccc43)n[nH]2)CC1,8.522878745280337
CC(C)(C)c1cc(NC(=O)n2ccc3cc(Oc4ncnc5c4CCNC5)ccc32)n[nH]1,9.0
CC(C)c1cc(NC(=O)n2ccc3cc(Oc4ncnc5c4CCNC5)ccc32)n[nH]1,8.522878745280337
Cc1cncc(NC(=O)n2ccc3cc(Oc4ncnc5c4CCNC5)ccc32)c1,5.7162466166674735
Cn1c(=O)c(S(=O)(=O)c2ccc(F)cc2F)cc2cnc(Nc3ccc4[nH]ccc4c3)nc21,5.0
O=C(CN1CCN(c2nnc(-c3ccccc3)c3ccccc23)CC1)c1ccccc1,5.342944147142896
Cc1ccc(C(=O)CN2CCN(c3nnc(-c4ccccc4)c4ccccc34)CC2)cc1,5.370590400897281
O=C(CN1CCN(c2nnc(-c3ccccc3)c3ccccc23)CC1)c1ccc(Cl)cc1,5.367542707815276
COc1cccc(C(=O)CN2CCN(c3nnc(-c4ccccc4)c4ccccc34)CC2)c1,5.465973893943865
COc1ccc(C(=O)CN2CCN(c3nnc(-c4ccccc4)c4ccccc34)CC2)cc1,5.647817481888637
O=C(CN1CCN(c2nnc(-c3ccccc3)c3ccccc23)CC1)Nc1nccs1,5.380906669373258
CC(=O)c1sc(NC(=O)CN2CCN(c3nnc(-c4ccccc4)c4ccccc34)CC2)nc1C,5.454692883534176
CCOC(=O)c1sc(NC(=O)CN2CCN(c3nnc(-c4ccccc4)c4ccccc34)CC2)nc1C,5.494850021680094
Cc1nc(NC(=O)CN2CCN(c3nnc(-c4ccccc4)c4ccccc34)CC2)sc1C(=O)Nc1ccccc1,6.3979400086720375
O=C(CN1CCN(c2nnc(-c3ccccc3)c3ccccc23)CC1)Nc1nc(-c2ccccc2)cs1,5.623423042943488
O=C(CN1CCN(c2nnc(-c3ccccc3)c3ccccc23)CC1)Nc1nc(-c2ccc(Cl)cc2)cs1,5.507239610973162
COc1ccc(-c2csc(NC(=O)CN3CCN(c4nnc(-c5ccccc5)c5ccccc45)CC3)n2)cc1,5.841637507904751
Clc1ccc(Nc2nnc(Cc3ccncc3)c3ccccc23)cc1,7.366531544420414
CNC(=O)c1cc(Oc2ccc(NC(=O)Nc3ccc(Cl)c(C(F)(F)F)c3)cc2)ccn1,7.0
Clc1ccc(Nc2nnc(Cc3ccncc3)c3ccccc23)cc1,6.7447274948966935
COc1cc(NC(=O)Nc2nccs2)cc(-c2cccnc2)c1OC,6.535793715656216
O=C(Nc1cc(-c2cccnc2)cc(C(F)(F)F)c1)Nc1nccs1,7.241390857340257
COc1ccc(-c2cc(NC(=O)Nc3nccs3)cc(C(F)(F)F)c2)cn1,6.301029995663981
O=C(Nc1cc(-c2cncnc2)cc(C(F)(F)F)c1)Nc1nccs1,7.062131203436141
O=C(Nc1nccs1)Nc1cc(-c2cccnc2)ccc1OC(F)(F)F,6.9725688422330965
COc1ccc(-c2ccc(OC(F)(F)F)c(NC(=O)Nc3nccs3)c2)cn1,6.408490191005346
O=C(Nc1nccs1)Nc1cc(-c2cncnc2)ccc1OC(F)(F)F,7.163549286279846
COc1cc(NC(=O)Nc2ccccn2)cc(-c2c[nH]cn2)c1OC,7.478469658721289
Cn1cnc(-c2cc(NC(=O)Nc3ccncc3)cc(C(F)(F)F)c2)c1,6.652494350524098
Cn1cnc(-c2ccc(OC(F)(F)F)c(NC(=O)Nc3ccncc3)c2)c1,6.449588180991926
COc1cc(NC(=O)Nc2nccs2)cc(-c2cn(C)cn2)c1OC,6.37659563212075
Cn1cnc(-c2cc(NC(=O)Nc3nccs3)cc(C(F)(F)F)c2)c1,6.5445612485335865
CNC(=O)c1cc(Oc2ccc(NC(=O)Nc3ccc(Cl)c(C(F)(F)F)c3)cc2)ccn1,8.847711655616944
COc1cc(NC(=O)Nc2ccccn2)cc(-c2cccnc2)c1OC,6.301029995663981
COc1ccc(-c2cc(NC(=O)Nc3ccccn3)cc(OC)c2OC)cn1,7.100179497572904
O=C(Nc1ccccn1)Nc1cc(-c2cccnc2)ccc1OC(F)(F)F,7.061780582187257
COc1ccc(-c2ccc(OC(F)(F)F)c(NC(=O)Nc3ccccn3)c2)cn1,6.301029995663981
O=C(Nc1ccncc1)Nc1cc(-c2cncnc2)ccc1OC(F)(F)F,7.654430243943608
COc1ccc(-c2ccc(OC(F)(F)F)c(NC(=O)Nc3ccncc3)c2)cn1,6.301029995663981
O=C(Nc1ccncc1)Nc1cc(-c2cccnc2)ccc1OC(F)(F)F,6.892281389479737
O=C(Nc1ccncc1)Nc1cc(-c2cncnc2)cc(C(F)(F)F)c1,7.666149854897455
COc1ccc(-c2cc(NC(=O)Nc3ccncc3)cc(C(F)(F)F)c2)cn1,6.438731612125889
O=C(Nc1ccncc1)Nc1cc(-c2cccnc2)cc(C(F)(F)F)c1,7.031423664824502
COc1cc(NC(=O)Nc2ccncc2)cc(-c2cncnc2)c1OC,6.3081231774406685
COc1ccc(-c2cc(NC(=O)Nc3ccncc3)cc(OC)c2OC)cn1,6.301029995663981
COc1cc(NC(=O)Nc2ccncc2)cc(-c2cccnc2)c1OC,6.67064280586845
O=C(Nc1ccccn1)Nc1cc(-c2cncnc2)ccc1OC(F)(F)F,7.282329496997738
COc1cc2ncnc(Sc3nnc(C)s3)c2cc1OC,7.494850021680094
Cc1cc(F)c(Nc2ncnc3cc(OCc4ccccc4)ccc23)cc1O.Cl,8.698970004336019
O=C(Nc1ccc(Oc2ncnc3[nH]ncc23)cc1)Nc1ccc(Cl)c(C(F)(F)F)c1,5.647817481888637
CC(C)n1nc(-c2cc(C3CC3)on2)c2c(N)ncnc21,7.017728766960431
CNC(=O)c1cc(Oc2ccc(NC(=O)Nc3ccc(Cl)c(C(F)(F)F)c3)cc2)ccn1,7.045757490560675
CCN(CC)CCNC(=O)c1c(C)[nH]c(/C=C2\C(=O)Nc3ccc(F)cc32)c1C,7.096910013008056
COc1cc2/c(=N/c3ccc(Br)cc3F)nc[nH]c2cc1OCC1CCN(C)CC1,7.3979400086720375
O=C(CN1CCN(c2nnc(-c3ccccc3)c3ccccc23)CC1)Nc1ccccc1,5.329754146925876
Cc1ccc(NC(=O)CN2CCN(c3nnc(-c4ccccc4)c4ccccc34)CC2)cc1,5.369572124974976
O=C(CN1CCN(c2nnc(-c3ccccc3)c3ccccc23)CC1)Nc1cccc(C(F)(F)F)c1,5.436518914605589
N#Cc1ccc(NC(=O)CN2CCN(c3nnc(-c4ccccc4)c4ccccc34)CC2)cc1,5.361510743045363
O=C(CN1CCN(c2nnc(-c3ccccc3)c3ccccc23)CC1)Nc1ccccc1Cl,5.403402904373539
O=C(CN1CCN(c2nnc(-c3ccccc3)c3ccccc23)CC1)Nc1cccc(Cl)c1,5.39040559077478
O=C(CN1CCN(c2nnc(-c3ccccc3)c3ccccc23)CC1)Nc1ccc(Cl)cc1,5.4156687756324695
O=C(CN1CCN(c2nnc(-c3ccccc3)c3ccccc23)CC1)Nc1c(Cl)cccc1Cl,5.4698003017969175
COc1cccc(NC(=O)CN2CCN(c3nnc(-c4ccccc4)c4ccccc34)CC2)c1,5.806875401645538
COc1ccc(NC(=O)CN2CCN(c3nnc(-c4ccccc4)c4ccccc34)CC2)cc1,5.8696662315049934
CCOC(=O)c1ccc(NC(=O)CN2CCN(c3nnc(-c4ccccc4)c4ccccc34)CC2)cc1,6.455931955649724
O=C(CCCCCCC(=O)Nc1ccccc1)NO,5.0
COc1cc2/c(=N/c3ccc(Br)cc3F)nc[nH]c2cc1OCC1CCN(C)CC1,7.267606240177032
COc1cc2ncnc(Nc3ccc(Br)cc3)c2cc1OCCCCCCC(=O)NO,7.130768280269024
COc1cc2ncnc(Nc3ccc(Br)cc3)c2cc1OCCCCCC(=O)NO,6.815308569182402
COc1cc2ncnc(Nc3ccc(Br)cc3)c2cc1OCCCCC(=O)NO,7.229147988357855
COc1cc2ncnc(Nc3ccc(Br)cc3)c2cc1OCCCC(=O)NO,7.008773924307505
COc1cc2ncnc(Nc3ccccc3Br)c2cc1OCCCCCCC(=O)NO,5.0
COc1cc2ncnc(Nc3ccccc3Br)c2cc1OCCCCCC(=O)NO,5.0
COc1cc2ncnc(Nc3ccccc3Br)c2cc1OCCCCC(=O)NO,5.0
COc1cc2ncnc(Nc3ccccc3Br)c2cc1OCCCC(=O)NO,5.0
COc1cc2ncnc(Nc3ccc(Cl)cc3)c2cc1OCCCCCCC(=O)NO,6.667561540084395
COc1cc2ncnc(Nc3ccc(Cl)cc3)c2cc1OCCCCCC(=O)NO,6.504455662453552
COc1cc2ncnc(Nc3ccc(Cl)cc3)c2cc1OCCCCC(=O)NO,6.657577319177793
COc1cc2ncnc(Nc3ccc(Cl)cc3)c2cc1OCCCC(=O)NO,6.739928612014925
COc1cc2ncnc(Nc3ccccc3Cl)c2cc1OCCCCCCC(=O)NO,6.438898616350944
COc1cc2ncnc(Nc3ccccc3Cl)c2cc1OCCCCCC(=O)NO,6.164309428507575
COc1cc2ncnc(Nc3ccccc3Cl)c2cc1OCCCCC(=O)NO,6.079876673709276
COc1cc2ncnc(Nc3ccccc3Cl)c2cc1OCCCC(=O)NO,6.0670191780768015
COc1cc2ncnc(Nc3ccc(F)cc3)c2cc1OCCCCCCC(=O)NO,6.568636235841013
COc1cc2ncnc(Nc3ccc(F)cc3)c2cc1OCCCCCC(=O)NO,6.280668713016273
COc1cc2ncnc(Nc3ccc(F)cc3)c2cc1OCCCCC(=O)NO,6.341988603342887
COc1cc2ncnc(Nc3ccc(F)cc3)c2cc1OCCCC(=O)NO,6.424812155072339
COc1cc2ncnc(Nc3ccccc3F)c2cc1OCCCCCCC(=O)NO,6.122628654130226
COc1cc2ncnc(Nc3ccccc3F)c2cc1OCCCCCC(=O)NO,6.037157318798758
COc1cc2ncnc(Nc3ccccc3F)c2cc1OCCCCC(=O)NO,6.075720713938118
COc1cc2ncnc(Nc3ccccc3F)c2cc1OCCCC(=O)NO,6.062983892535185
Cn1cc(-c2cnc(Nc3cccc(Cn4nc(-c5cnn(C)c5)ccc4=O)c3)nc2)cn1,6.0
C[C@@H](Oc1cc(-c2cnn(C3CCNCC3)c2)cnc1N)c1c(Cl)ccc(F)c1Cl,6.0
CNC(=O)c1cc(Oc2ccc(NC(=O)Nc3ccc(Cl)c(C(F)(F)F)c3)cc2)ccn1,8.0
COc1cc2c(Nc3ccc(NC(=O)c4cccc(Cl)c4)cc3)ncnc2cc1OCCN1CCCCC1,5.701146923590294
COc1cc2c(Nc3ccc(NC(=O)c4cccc(Cl)c4)cc3)ncnc2cc1OCCCN1CCOCC1,5.52432881167557
COc1cc2c(Nc3ccc(NC(=O)c4ccc(C)cc4)cc3)ncnc2cc1OCCN1CCCCC1,5.605548319173784
COc1cc2c(Nc3ccc(NC(=O)c4ccc(C)cc4)cc3)ncnc2cc1OCCCN1CCOCC1,5.698970004336019
COc1cc2c(Nc3ccc(NC(=O)c4ccc(Cl)cc4)cc3)ncnc2cc1OCCN1CCCCC1,5.377785977033705
COc1cc2c(Nc3ccc(NC(=O)c4ccc(Cl)cc4)cc3)ncnc2cc1OCCCN1CCOCC1,5.581698708680254
COc1cc2c(Nc3ccc(NC(=O)c4ccccc4)cc3)ncnc2cc1OCCN1CCCCC1,5.3260580013659125
COc1ccc(C(=O)Nc2ccc(Nc3ncnc4cc(OCCCN5CCN(C)CC5)c(OC)cc34)cc2)cc1,5.694648630553377
COc1cc2c(Nc3ccc(NC(=O)c4ccc(C)cc4)cc3)ncnc2cc1OCCCN1CCN(C)CC1,6.060480747381382
COc1cc2c(Nc3ccc(NC(=O)c4ccc(Cl)cc4)cc3)ncnc2cc1OCCCN1CCN(C)CC1,5.730487055782084
COc1cc2c(Nc3ccc(NC(=O)c4ccccc4Cl)cc3)ncnc2cc1OCCCN1CCN(C)CC1,5.767003889607846
COc1cc2c(Nc3ccc(NC(=O)c4cccc(Cl)c4)cc3)ncnc2cc1OCCCN1CCN(C)CC1,5.7423214251308154
COc1cc2c(Nc3ccc(NC(=O)c4ccccc4)cc3)ncnc2cc1OCCCN1CCN(C)CC1,6.251811972993799
COc1ccc(C(=O)Nc2ccc(Nc3ncnc4cc(OCc5ccccc5)c(OC)cc34)cc2)cc1,5.0
COc1cc2c(Nc3ccc(NC(=O)c4ccc(C)cc4)cc3)ncnc2cc1OCc1ccccc1,5.0
COc1cc2c(Nc3ccc(NC(=O)c4ccc(Cl)cc4)cc3)ncnc2cc1OCc1ccccc1,5.0
COc1cc2c(Nc3ccc(NC(=O)c4ccccc4Cl)cc3)ncnc2cc1OCc1ccccc1,5.0
COc1cc2c(Nc3ccc(NC(=O)c4cccc(Cl)c4)cc3)ncnc2cc1OCc1ccccc1,5.0
COc1cc2c(Nc3ccc(NC(=O)c4ccccc4)cc3)ncnc2cc1OCc1ccccc1,5.0
COc1cc2nccc(Oc3ccc(NC(=O)C4(C(=O)Nc5ccc(F)cc5)CC4)cc3)c2cc1OC,10.455931955649724
COc1cc2nccc(Oc3ccc(NC(=O)C4(C(=O)Nc5ccc(F)cc5)CC4)cc3)c2cc1OC,5.107905397309519
COc1cc2c(Oc3ccc(NC(=O)C4(C(=O)Nc5ccc(F)cc5)CC4)cc3F)ccnc2cc1OCCCN1CCOCC1,9.045757490560675
CNC(=O)c1cc2c(Oc3ccc(NC(=S)NC(=O)Cc4ccccc4)cc3F)ccnc2cc1OC,7.522878745280337
CCN(CC)CCNC(=O)c1c(C)[nH]c(/C=C2\C(=O)Nc3ccc(F)cc32)c1C,7.7447274948966935
CNC(=O)c1cc(Oc2ccc(NC(=O)Nc3ccc(Cl)c(C(F)(F)F)c3)cc2)ccn1,7.142667503568732
CN1CCN(C2CCN(C(=O)Nc3cc(Oc4ccc(NC(=O)C5(C(=O)Nc6ccc(F)cc6)CC5)c(F)c4)ccn3)CC2)CC1,7.795880017344075
Nc1nccc(Oc2ccc(NC(=O)c3c[nH]cc(-c4ccc(F)cc4)c3=O)cc2F)c1Cl,7.823908740944319
Cn1ccnc1-c1cc2c(Oc3ccc(NC(=S)NC(=O)Cc4ccccc4)cc3F)ccnc2s1,8.522878745280337
CC1=[N+](c2ccccc2)C(=O)C(C(=O)Nc2ccc(Oc3ccc4nc(NC(=O)C5CC5)cn4c3)c(F)c2)C=C1.Cl,8.657577319177793
CC1=[N+](c2ccccc2)C(=O)C(C(=O)Nc2ccc(Oc3ccc4nc(NC(=O)C5CC5)cn4c3)c(F)c2)C=C1.Cl,9.065501548756432
C=CCc1cccc(/C=N/NC(=O)Nc2ccc(Oc3ccnc4cc(OCCCN5CCCCC5)c(OC)cc34)c(F)c2)c1O,6.677367288307777
COc1ccc(/C=C/C(=O)Nc2cc3c(Nc4ccc(F)c(Cl)c4)ncnc3cc2O[C@H]2CCOC2)cc1,6.052566278112949
COc1ccc(/C=C/C(=O)Nc2cc3c(Nc4ccc(F)c(Cl)c4)ncnc3cc2O[C@H]2CCOC2)c(OC)c1OC,6.320572103387881
O=C(Nc1ccc(Oc2ccnc3[nH]ccc23)c(F)c1)c1nnn(-c2ccc(F)cc2)c1C(F)(F)F,7.064240896254688
CCc1c(O)cccc1Nc1ncnc2cc(OC)c(OC)cc12,5.0
COc1cc2ncnc(Nc3cccc(O)c3OC)c2cc1OC,5.0
COc1cc2ncnc(Nc3cccc(O)c3F)c2cc1OC,6.552841968657781
COc1cc2ncnc(Nc3cccc(O)c3C)c2cc1OC,5.0
COc1cc2ncnc(Nc3cccc(O)c3Cl)c2cc1OC,5.6020599913279625
COc1cc2ncnc(Nc3cccc(O)c3Br)c2cc1OC,5.3872161432802645
COc1cc2ncnc(Nc3cccc(O)c3O)c2cc1OC,5.638272163982407
COc1cccc(Nc2ncnc3cc(OC)c(OC)cc23)c1,5.318758762624412
COc1cc2ncnc(Nc3cccc(N)c3)c2cc1OC,5.119186407719209
COc1cc2ncnc(Nc3ccc(O)cc3)c2cc1OC,5.552841968657781
COc1cc2ncnc(Nc3cccc(O)c3)c2cc1OC,7.180456064458132
COc1cc2ncnc(Nc3ccccc3O)c2cc1OC,5.0
COc1cc2ncnc(Nc3ccc(Br)cc3F)c2cc1OC,6.337242168318426
COc1cc2nccc(Oc3ccc(NC(=O)C4(C(=O)Nc5ccc(F)cc5)CC4)cc3)c2cc1OC,7.795880017344075
COc1cc2/c(=N/c3ccc(Br)cc3F)nc[nH]c2cc1OCC1CCN(C)CC1,6.756961951313706
COc1cc2ncnc(Nc3cccc(O)c3C(F)(F)F)c2cc1OC,5.0
COc1cc2ncnc(Nc3cccc(O)c3C#N)c2cc1OC,5.0
COc1cc2ncnc(Nc3ccc(F)c(O)c3)c2cc1OC,7.142667503568732
COc1cc2ncnc(Nc3ccc(C)c(O)c3)c2cc1OC,7.7447274948966935
COc1cc2ncnc(Nc3ccc(Cl)c(O)c3)c2cc1OC,7.236572006437063
COc1ccc(Nc2ncnc3cc(OC)c(OC)cc23)cc1O,7.136677139879544
COc1cc2ncnc(Nc3cc(O)cc(F)c3)c2cc1OC,7.180456064458132
COc1cc2ncnc(Nc3cc(C)cc(O)c3)c2cc1OC,6.455931955649724
COc1cc2ncnc(Nc3cc(O)ccc3F)c2cc1OC,7.698970004336019
COc1cc2ncnc(Nc3cc(O)ccc3Cl)c2cc1OC,7.1487416512809245
COc1cc2ncnc(Nc3cc(O)ccc3C)c2cc1OC,6.795880017344075
COc1cc2ncnc(Nc3cc(O)c(F)cc3F)c2cc1OC,8.022276394711152
COc1cc2ncnc(Nc3cc(O)c(Cl)cc3Cl)c2cc1OC,7.823908740944319
COc1cc2ncnc(Nc3cc(O)c(C)cc3F)c2cc1OC,8.638272163982407
COc1cc2ncnc(Nc3cc(O)c(C)cc3Cl)c2cc1OC,7.769551078621726
COc1cc2ncnc(Nc3ccc(F)c(O)c3F)c2cc1OC,6.638272163982407
COc1cc2ncnc(Nc3c(F)ccc(O)c3F)c2cc1OC,7.161150909262744
COc1cc2ncnc(Nc3c(Cl)ccc(O)c3F)c2cc1OC,6.638272163982407
COc1cc2ncnc(Nc3cc(F)cc(O)c3C)c2cc1OC,5.229147988357856
COc1cc2ncnc(Nc3c(F)ccc(O)c3C)c2cc1OC,5.2441251443275085
COc1cc2ncnc(Nc3c(Cl)ccc(O)c3C)c2cc1OC,5.0
COc1cc2ncnc(Nc3ccc(C)c(O)c3Cl)c2cc1OC,6.443697499232712
COc1cc2ncnc(Nc3c(Cl)ccc(O)c3Cl)c2cc1OC,5.853871964321762
COc1cc2ncnc(Nc3c(F)ccc(O)c3Cl)c2cc1OC,5.958607314841775
COc1cc2ncnc(N(C)c3cccc(O)c3)c2cc1OC,5.376750709602099
COc1cc2ncnc(Oc3cccc(O)c3)c2cc1OC,6.823908740944319
COc1cc2ncnc(Sc3cccc(O)c3)c2cc1OC,6.6777807052660805
COc1cc2ncnc(N3CCc4c(O)cccc43)c2cc1OC,5.022276394711152
COc1cc2ncnc(N3CCCc4c(O)cccc43)c2cc1OC,5.0
COc1cc2/c(=N/c3ccc(Br)cc3F)nc[nH]c2cc1OCC1CCN(C)CC1,6.200659450546418
COc1cc2nccc(Oc3ccc(NC(=O)C4(C(=O)Nc5ccc(F)cc5)CC4)cc3)c2cc1OC,7.853871964321762
COc1cc2ncnc(Nc3ccc(Br)cc3F)c2cc1OC,5.5376020021010435
COc1cc2ncnc(Nc3cccc(O)c3)c2cc1OC,6.050609993355087
COc1cc2ncnc(Nc3cccc(O)c3O)c2cc1OC,5.2441251443275085
COc1cc2ncnc(Nc3cccc(O)c3Br)c2cc1OC,5.0
COc1cc2ncnc(Nc3cccc(O)c3Cl)c2cc1OC,5.0
COc1cc2ncnc(Nc3cccc(O)c3C)c2cc1OC,5.0
COc1cc2ncnc(Nc3cccc(O)c3F)c2cc1OC,5.886056647693163
COc1cc2ncnc(Nc3ccc(F)c(O)c3)c2cc1OC,6.443697499232712
COc1cc2ncnc(Nc3ccc(C)c(O)c3)c2cc1OC,7.055517327849832
COc1cc2ncnc(Nc3ccc(Cl)c(O)c3)c2cc1OC,6.958607314841775
COc1ccc(Nc2ncnc3cc(OC)c(OC)cc23)cc1O,6.508638306165727
COc1cc2ncnc(Nc3cc(O)cc(F)c3)c2cc1OC,6.585026652029182
COc1cc2ncnc(Nc3cc(C)cc(O)c3)c2cc1OC,5.920818753952375
COc1cc2ncnc(Nc3cc(O)ccc3F)c2cc1OC,7.008773924307505
COc1cc2ncnc(Nc3cc(O)ccc3Cl)c2cc1OC,6.619788758288394
COc1cc2ncnc(Nc3cc(O)ccc3C)c2cc1OC,5.853871964321762
COc1cc2ncnc(Nc3cc(O)c(F)cc3F)c2cc1OC,7.180456064458132
COc1cc2ncnc(Nc3cc(O)c(Cl)cc3Cl)c2cc1OC,6.552841968657781
COc1cc2ncnc(Nc3cc(O)c(C)cc3F)c2cc1OC,8.022276394711152
COc1cc2ncnc(Nc3ccc(F)c(O)c3F)c2cc1OC,5.327902142064283
COc1cc2ncnc(Nc3c(F)ccc(O)c3F)c2cc1OC,6.113509274827518
COc1cc2ncnc(Nc3c(Cl)ccc(O)c3F)c2cc1OC,5.721246399047171
COc1cc2ncnc(Nc3cc(F)cc(O)c3C)c2cc1OC,5.0
COc1cc2ncnc(Nc3c(F)ccc(O)c3C)c2cc1OC,5.0
COc1cc2ncnc(Nc3c(Cl)ccc(O)c3C)c2cc1OC,5.0
COc1cc2ncnc(Nc3ccc(C)c(O)c3Cl)c2cc1OC,6.0
COc1cc2ncnc(Nc3c(Cl)ccc(O)c3Cl)c2cc1OC,5.0
COc1cc2ncnc(Nc3c(F)ccc(O)c3Cl)c2cc1OC,5.267606240177032
COc1cc2ncnc(N(C)c3cccc(O)c3)c2cc1OC,5.0
COc1cc2ncnc(Oc3cccc(O)c3)c2cc1OC,6.075720713938118
COc1cc2ncnc(Sc3cccc(O)c3)c2cc1OC,5.823908740944319
COc1cc2ncnc(N3CCc4c(O)cccc43)c2cc1OC,5.0
CS(=O)(=O)O.N#CC1(c2ccc(NC(=O)c3cccnc3NCc3ccncc3)cc2)CCCC1,9.0
COc1cccc(NC(=O)Nc2cncc3nc(-c4ccccc4)cnc23)c1,4.0
COc1ccc(NC(=O)Nc2cncc3nc(-c4ccccc4)cnc23)cc1,4.0
C=CCNC(=O)Nc1cncc2nc(-c3ccccc3)cnc12,4.5003129173815966
Fc1ccc(Nc2cncc3nc(-c4ccccc4)cnc23)cc1Cl,4.0
c1ccc(-c2cnc3c(Nc4ccc(N5CCCCC5)cc4)cncc3n2)cc1,5.686132779630847
c1ccc(Nc2cncc3nc(-c4ccc(N5CCCCC5)cc4)cnc23)cc1,4.0
COc1cccc(Nc2cncc3nc(-c4ccc(N5CCCCC5)cc4)cnc23)c1,4.0
COc1cccc(NC(=O)Nc2nccc3nc(-c4ccccc4)cnc23)c1,4.0
CCNC(=O)Nc1nccc2nc(-c3ccccc3)cnc12,4.0
C#Cc1cccc(Nc2nccc3nc(-c4ccccc4)cnc23)c1,4.0
COc1ccccc1Nc1nccc2nc(-c3ccccc3)cnc12,4.5003129173815966
COc1cccc(Nc2nccc3nc(-c4ccccc4)cnc23)c1,4.0
COc1ccc(Nc2nccc3nc(-c4ccccc4)cnc23)cc1,4.0
c1ccc(-c2cnc3c(Nc4ccc(N5CCCCC5)cc4)nccc3n2)cc1,5.958607314841775
c1ccc(-c2cnc3c(Nc4ccc(N5CCOCC5)cc4)nccc3n2)cc1,4.795880017344075
COc1ccc(-c2cnc3c(Nc4ccc(N5CCCCC5)cc4)nccc3n2)cc1,5.701146923590294
COc1ccc(-c2cnc3c(Nc4ccc(N5CCOCC5)cc4)nccc3n2)cc1,4.920818753952375
COc1cccc(Nc2cc3nc(-c4ccccc4)cnc3cn2)c1,4.0
c1ccc(-c2cnc3cnc(Nc4ccc(N5CCCCC5)cc4)cc3n2)cc1,4.768020973168496
c1ccc(-c2cnc3cnc(Nc4ccc(N5CCOCC5)cc4)cc3n2)cc1,4.0
c1ccc(-c2cnc3cc(Nc4ccc(N5CCCCC5)cc4)ncc3n2)cc1,4.0
c1ccc(-c2cnc3cncc(Nc4ccc(N5CCCCC5)cc4)c3n2)cc1,5.806875401645538
c1ccc(-c2cnc3cncc(Nc4ccc(N5CCOCC5)cc4)c3n2)cc1,5.213248577854439
COc1ccc(-c2cnc3cncc(Nc4cc(OC)ccc4OC)c3n2)cc1,5.795880017344075
COc1ccc(-c2cnc3cncc(Nc4ccc(N5CCCCC5)cc4)c3n2)cc1,5.688246138944246
COc1ccc(-c2cnc3cncc(Nc4ccc(N5CCOCC5)cc4)c3n2)cc1,5.480172006224281
c1ccc(Nc2cncc3ncc(-c4ccc(N5CCCCC5)cc4)nc23)cc1,4.95663772197887
COc1cccc(Nc2cncc3ncc(-c4ccc(N5CCCCC5)cc4)nc23)c1,5.053547734986927
COc1cc2c(Oc3ccc(NC(=O)c4c(Cl)c5ccccc5n(-c5ccc(F)cc5)c4=O)cc3F)ccnc2cc1OCCCN1CCN(C)CC1,6.265520210574422
CNC(=O)c1cc(Oc2ccc(NC(=O)Nc3ccc(Cl)c(C(F)(F)F)c3)cc2)ccn1,7.045757490560675
COc1ccc(Cc2nnc(Nc3ccc(NC(=O)Nc4ccc(OC)cc4)cc3)c3ccccc23)cc1,7.0655015487564325
COc1ccc(Cc2nnc(Nc3ccc(NC(=O)Nc4cccc(OC)c4)cc3)c3ccccc23)cc1,7.080921907623926
COc1ccc(Cc2nnc(Nc3ccc(NC(=O)Nc4ccc(Cl)c(C(F)(F)F)c4)cc3)c3ccccc23)cc1,7.0655015487564325
COc1ccc(Cc2nnc(Nc3ccc(NC(=O)Nc4ccc(Cl)cc4)cc3)c3ccccc23)cc1,6.943095148663527
COc1ccc(Cc2nnc(Nc3ccc(NC(=O)Nc4cccc(Cl)c4)cc3)c3ccccc23)cc1,6.928117992693875
COc1ccc(Cc2nnc(Nc3ccc(NC(=O)Nc4ccccc4Cl)cc3)c3ccccc23)cc1,6.85078088734462
COc1ccc(Cc2nnc(Nc3ccc(NC(=O)Nc4ccc(C#N)cc4)cc3)c3ccccc23)cc1,6.419075024324381
COc1ccc(Cc2nnc(Nc3ccc(NC(=O)Nc4cccc(C(F)(F)F)c4)cc3)c3ccccc23)cc1,6.337242168318426
COc1ccc(Cc2nnc(Nc3ccc(NC(=O)Nc4ccccc4)cc3)c3ccccc23)cc1,6.325138859262188
COc1ccc(Cc2nnc(Nc3ccc(S(N)(=O)=O)cc3)c3ccccc23)cc1,6.196542884351586
COc1ccc(Cc2nnc(Nc3ccc(OC)cc3)c3ccccc23)cc1,5.462180904926726
COc1ccc(Cc2nnc(Nc3cccc(OC)c3)c3ccccc23)cc1,6.122628654130226
COc1ccc(Cc2nnc(Nc3ccc(Cl)c(C(F)(F)F)c3)c3ccccc23)cc1,5.872895201635193
COc1ccc(Cc2nnc(Nc3ccc(Cl)cc3)c3ccccc23)cc1,5.412289034981089
COc1ccc(Cc2nnc(Nc3cccc(Cl)c3)c3ccccc23)cc1,5.330683119433888
COc1ccc(Cc2nnc(Nc3ccccc3Cl)c3ccccc23)cc1,5.434152181326482
COc1ccc(Cc2nnc(Nc3ccc(C#N)cc3)c3ccccc23)cc1,5.29073003902417
COc1ccc(Cc2nnc(Nc3cccc(C(F)(F)F)c3)c3ccccc23)cc1,5.401209493236885
COc1ccc(Cc2nnc(Nc3ccccc3)c3ccccc23)cc1,5.239577516576788
Clc1ccc(Nc2nnc(Cc3ccncc3)c3ccccc23)cc1,7.366531544420414
Nc1ncnc2c1c(-c1cccc(OCc3ccccc3)c1)cn2[C@H]1C[C@@H](CN2CCC2)C1,5.1487416512809245
Nc1ncnc2c1c(-c1cccc(O)c1)cn2[C@H]1C[C@@H](CN2CCC2)C1,6.356547323513812
Nc1ncnc2c1c(-c1cccc(OC[C@@H]3CCCO3)c1)cn2[C@H]1C[C@@H](CN2CCC2)C1,5.180456064458132
CC1(C)CC[C@@H](COc2cccc(-c3cn([C@H]4C[C@@H](CN5CCC5)C4)c4ncnc(N)c34)c2)O1,5.0
Nc1ncnc2c1c(-c1cccc(OCc3ccccc3)c1)cn2[C@H]1C[C@@H](CN2CCC2)C1,5.1487416512809245
Nc1ncnc2c1c(-c1cccc(OC[C@@H]3CCCO3)c1)cn2[C@H]1C[C@@H](CN2CCC2)C1,5.180456064458132
Nc1ncnc2c1c(-c1cccc(O)c1)cn2[C@H]1C[C@@H](CN2CCC2)C1,6.356547323513812
Nc1ncnc2c1c(-c1cccc(OCC34CCC(CC3)O4)c1)cn2[C@H]1C[C@@H](CN2CCC2)C1,5.0
CC(=O)N1CCN([C@H]2C[C@@H](n3cc(-c4cccc(OC[C@@H]5CCCO5)c4F)c4c(N)ncnc43)C2)CC1,5.0
CC(=O)N1CCN([C@H]2C[C@@H](n3cc(-c4cc(OC[C@@H]5CCCO5)ccc4F)c4c(N)ncnc43)C2)CC1,5.0
CC(NC(=O)c1ccc2[nH]nc(-c3ccncc3)c2c1)c1cccc(Cl)c1,6.0
Cc1cc(-c2n[nH]c3ccc(C(=O)NC(C)c4c(Cl)cncc4Cl)cc23)ccn1,6.0
C[C@H](c1ccccc1)N1c2cc(-n3c(=O)[nH]c4ncccc43)ccc2C(=O)NC1(C)C,6.0
COc1cc2ncnc(Nc3c(F)ccc(O)c3C)c2cc1OC,5.0
COc1cc2ncnc(Nc3cccc(NS(C)(=O)=O)c3)c2cc1OC,5.0
COc1cc2ncnc(Nc3cccc(C(F)F)c3)c2cc1OC,5.0
COc1cc2ncnc(Nc3ccc4cc[nH]c4c3)c2cc1OC,5.0
COc1cc2ncnc(Nc3cccc4[nH]ccc34)c2cc1OC,5.0
COc1cc2ncnc(Nc3ccc4[nH]cnc4c3)c2cc1OC,5.0
COc1cc2ncnc(Nc3ccc4cn[nH]c4c3)c2cc1OC,5.2839966563652006
COc1cc2ncnc(Nc3ccc4[nH]ncc4c3)c2cc1OC,5.0
COc1cc2ncnc(Nc3cccc4[nH]ncc34)c2cc1OC,5.0
COc1cc2c(Nc3c(F)ccc(O)c3C)ncnc2cc1OCCN,5.0
COc1cc2c(Nc3c(F)ccc(O)c3C)ncnc2cc1OCCCN,5.0
CNCCOc1cc2ncnc(Nc3c(F)ccc(O)c3C)c2cc1OC,5.0
CNCCCOc1cc2ncnc(Nc3c(F)ccc(O)c3C)c2cc1OC,5.0
COc1cc2c(Nc3c(F)ccc(O)c3C)ncnc2cc1OCCN(C)C,5.0
COc1cc2c(Nc3c(F)ccc(O)c3C)ncnc2cc1OCCCN(C)C,5.0
COc1cc2c(Nc3c(F)ccc(O)c3C)ncnc2cc1OCCN1CCCC1,5.0
COc1cc2c(Nc3c(F)ccc(O)c3C)ncnc2cc1OCCCN1CCCC1,5.0
COc1cc2c(Nc3c(F)ccc(O)c3C)ncnc2cc1OCCN1CCCCC1,5.0
COc1cc2c(Nc3c(F)ccc(O)c3C)ncnc2cc1OCCCN1CCCCC1,5.0
COc1cc2c(Nc3c(F)ccc(O)c3C)ncnc2cc1OCCN1CCNCC1,5.0
COc1cc2c(Nc3c(F)ccc(O)c3C)ncnc2cc1OCCCN1CCNCC1,5.0
COc1cc2c(Nc3c(F)ccc(O)c3C)ncnc2cc1OCCN1CCCNCC1,5.0
COc1cc2c(Nc3c(F)ccc(O)c3C)ncnc2cc1OCCCN1CCCNCC1,5.0
COc1cc2c(Nc3c(F)ccc(O)c3C)ncnc2cc1OCCN1CCN(C)CC1,5.0
COc1cc2c(Nc3c(F)ccc(O)c3C)ncnc2cc1OCCCN1CCN(C)CC1,5.0
COc1cc2c(Nc3c(F)ccc(O)c3C)ncnc2cc1OCCN1CCOCC1,5.0
COc1cc2c(Nc3c(F)ccc(O)c3C)ncnc2cc1OCCCN1CCOCC1,5.0
COc1cc2c(Nc3c(F)ccc(O)c3C)ncnc2cc1OCCN1CCS(=O)(=O)CC1,5.0
COc1cc2c(Nc3c(F)ccc(O)c3C)ncnc2cc1OCCCN1CCS(=O)(=O)CC1,5.0
COc1cc2c(Nc3c(F)ccc(O)c3C)ncnc2cc1OCCN1CCC(F)C1,5.0
COc1cc2c(Nc3c(F)ccc(O)c3C)ncnc2cc1OCCN1CCCC1C(F)(F)F,5.0
COc1cc2c(Nc3c(F)ccc(O)c3C)ncnc2cc1OCCCN1CCCC1C(F)(F)F,5.0
COc1cc2c(Nc3c(F)ccc(O)c3C)ncnc2cc1OCc1cccnc1,5.0
COc1cc2c(Nc3c(F)ccc(O)c3C)ncnc2cc1OCc1nccn1C,5.0
COc1cc2c(Nc3c(F)ccc(O)c3C)ncnc2cc1OCc1noc(C)n1,5.0
COc1cc2c(Nc3c(F)ccc(O)c3C)ncnc2cc1OCC1CCN(C)CC1,5.251811972993799
COc1cc2c(Nc3c(F)ccc(O)c3C)ncnc2cc1OCC1CCCO1,5.0
COCCOc1cc2ncnc(Nc3c(F)ccc(O)c3C)c2cc1OC,5.0
COCCCOc1cc2ncnc(Nc3c(F)ccc(O)c3C)c2cc1OC,5.0
CCN1CCN(c2ccc3c(Nc4cc(CCc5c(Cl)c(OC)cc(OC)c5Cl)[nH]n4)ncnc3c2)CC1,7.756961951313706
CCc1nc(Nc2cc(CCc3cc(OC)cc(OC)c3)[nH]n2)c2ccc(N3CCN(CC)CC3)cc2n1,7.446116973356125
COc1cc(CCc2cc(Nc3ncnc4cc(N5CCN6CCCCC6C5)ccc34)n[nH]2)cc(OC)c1,7.667561540084395
COc1cc(CCc2cc(Nc3ncnc4cc(NCCN5CCOCC5)ccc34)n[nH]2)cc(OC)c1,7.0
COCCOc1ccc2c(Nc3cc(CCc4cc(OC)cc(OC)c4)[nH]n3)ncnc2c1,7.0
COc1cc(CCc2cc(NC(=O)c3ccc(N4C[C@@H](C)N[C@@H](C)C4)cc3)n[nH]2)cc(OC)c1,7.530177984021837
CN1CCN(c2ccc(C(=O)Nc3n[nH]c4ccc(Cc5cc(F)cc(F)c5)cc34)c(NC3CCOCC3)c2)CC1,6.0
CCN1CCN(Cc2ccc(NC(=O)CNc3ccc(-c4ccc(NC(=O)C5CC5)nc4)cc3)cc2C(F)(F)F)CC1,7.619788758288394
CN1CCN(Cc2ccc(NC(=O)CNc3ccc(-c4ccc(NC(=O)C5CC5)nc4)cc3F)cc2C(F)(F)F)CC1,7.6777807052660805
COc1cc2nccc(Oc3ccc(NC(=O)C4(C(=O)Nc5ccc(F)cc5)CC4)cc3F)c2cc1OC,8.721246399047171
COc1cc2nccc(Oc3ccc(NC(=O)C4(C(=O)Nc5ccc(F)cc5)CC4)cc3F)c2cc1OC,10.455931955649724
COCCNCc1ccc(-c2cc3nccc(Oc4ccc(NC(=S)NC(=O)Cc5ccc(F)cc5)cc4F)c3s2)nc1,9.0
COc1cc2c(Oc3ccc(NC(=O)C4(C(=O)Nc5ccc(F)cc5)CC4)cc3F)ccnc2cc1OCCCN1CCOCC1,9.045757490560675
C[C@H]1Cc2c(ncnc2Oc2ccc3c(ccn3C(=O)Nc3cc(C4(C(F)(F)F)CC4)on3)c2)CN1,9.0
C[C@H]1Cc2c(ncnc2Oc2ccc3ccn(C(=O)Nc4cc(C5(C(F)(F)F)CC5)on4)c3c2)CN1,6.872895201635193
CC(C)(C)c1cc(NC(=O)n2ccc3ccc(Oc4ncnc5c4CNC5)cc32)no1,8.522878745280337
CC(C)(C)c1cc(NC(=O)n2ccc3ncc(Oc4ncnc5c4CNC5)cc32)no1,7.259637310505756
CC(C)(C)c1cc(NC(=O)n2ccc3nc(Oc4ncnc5c4CNC5)ccc32)no1,7.481486060122112
CC1(c2cc(NC(=O)c3ccn4cc(Oc5ncnc6c5CNC6)ccc34)n[nH]2)CC1,7.292429823902063
CC(C)(C)c1cc(NC(=O)c2cnc3cc(Oc4ncnc5c4CNC5)ccn23)no1,7.107905397309519
CC(C)(C)c1cc(NC(=O)n2ccc3cc(Oc4ncnc5c4CNC5)cnc32)no1,7.443697499232712
CC(C)(C)c1cc(NC(=O)n2ncc3cc(Oc4ncnc5c4CNC5)ccc32)no1,5.356547323513812
C[C@H]1Cc2c(ncnc2Oc2ccc3c(ccn3C(=O)Nc3cc(C4(C(F)(F)F)CC4)on3)c2)CN1,7.3979400086720375
C[C@H]1Cc2c(ncnc2Oc2ccc3ccn(C(=O)Nc4cc(C5(C(F)(F)F)CC5)on4)c3c2)CN1,6.795880017344075
CC(C)(C)c1cc(NC(=O)n2ccc3ccc(Oc4ncnc5c4CNC5)cc32)no1,7.318758762624412
CC(C)(C)c1cc(NC(=O)n2ccc3ncc(Oc4ncnc5c4CNC5)cc32)no1,6.346787486224656
CC(C)(C)c1cc(NC(=O)n2ccc3nc(Oc4ncnc5c4CNC5)ccc32)no1,6.795880017344075
CC1(c2cc(NC(=O)c3ccn4cc(Oc5ncnc6c5CNC6)ccc34)n[nH]2)CC1,7.259637310505756
CC(C)(C)c1cc(NC(=O)c2cnc3cc(Oc4ncnc5c4CNC5)ccn23)no1,7.045757490560675
CC(C)(C)c1cc(NC(=O)n2ccc3cc(Oc4ncnc5c4CNC5)cnc32)no1,7.113509274827518
CC(C)(C)c1cc(NC(=O)n2ncc3cc(Oc4ncnc5c4CNC5)ccc32)no1,5.638272163982407
Nc1cc(-c2ccc(NC(=O)Nc3cccc(C(F)(F)F)c3)cc2)on1,5.0
CC(C)(C)c1cc(NC(=O)Nc2ccc(-c3cc(N)no3)cc2)no1,5.0
Nc1cc(-c2ccc(NC(=O)Nc3cccc(C(F)(F)F)c3)cc2)no1,5.1487416512809245
CC(C)(C)c1cc(NC(=O)Nc2ccc(-c3cc(N)on3)cc2)no1,5.721246399047171
Nc1cc(-c2ccc(NC(=O)Nc3cccc(C(F)(F)F)c3)cc2)[nH]n1,5.1487416512809245
CC(C)(C)c1cc(NC(=O)Nc2ccc(-c3cc(N)n[nH]3)cc2)no1,6.214670164989233
CC(C)(C)c1cc(NC(=O)Nc2ccc(Cc3cc(N)n[nH]3)cc2)no1,5.180456064458132
CC(C)(C)c1cc(NC(=O)Nc2ccc(-c3cc(NC(=O)C4CC4)on3)cc2)no1,5.275724130399211
CC(C)(C)c1cc(NC(=O)Nc2ccc(-c3cc(NC(=O)C4CC4)n[nH]3)cc2)no1,7.958607314841775
CC(C)(C)C(=O)Nc1cc(-c2ccc(NC(=O)Nc3cc(C(C)(C)C)on3)cc2)[nH]n1,6.508638306165727
CC(=O)Nc1cc(-c2ccc(NC(=O)Nc3cc(C(C)(C)C)on3)cc2)[nH]n1,7.6777807052660805
CC(C)(C)c1cc(NC(=O)n2ccc3cc(Oc4ncnc5c4CNC5)ccc32)no1,8.522878745280337
CC(C)(C)c1cc(NC(=O)n2ccc3cc(Oc4ncnc5c4CNC5)ccc32)n[nH]1,9.0
Nc1cc(-c2ccc(NC(=O)Nc3cccc(C(F)(F)F)c3)cc2)no1,5.0
CC(C)(C)c1cc(NC(=O)Nc2ccc(-c3cc(N)on3)cc2)no1,5.619788758288394
Nc1cc(-c2ccc(NC(=O)Nc3cccc(C(F)(F)F)c3)cc2)[nH]n1,5.0
CC(C)(C)c1cc(NC(=O)Nc2ccc(-c3cc(N)n[nH]3)cc2)no1,5.818156412055227
CC(C)(C)c1cc(NC(=O)Nc2ccc(-c3cc(NC(=O)C4CC4)on3)cc2)no1,5.0
CC(C)(C)c1cc(NC(=O)Nc2ccc(-c3cc(NC(=O)C4CC4)n[nH]3)cc2)no1,7.366531544420414
CC(C)(C)C(=O)Nc1cc(-c2ccc(NC(=O)Nc3cc(C(C)(C)C)on3)cc2)[nH]n1,6.4089353929735005
CC(=O)Nc1cc(-c2ccc(NC(=O)Nc3cc(C(C)(C)C)on3)cc2)[nH]n1,7.619788758288394
CC1(C)CNc2cc(NC(=O)c3cccnc3NCc3ccncc3)ccc21,8.522878745280337
CNc1ncnc(Oc2ccc(NC(=O)C3(C(=O)Nc4ccc(F)cc4)CC3)cc2F)c1/C=N/OC,5.0
Nc1ncnc(Oc2ccc(NC(=O)C3(C(=O)Nc4ccc(F)cc4)CC3)cc2F)c1/C=N/O,6.853871964321762
CO/N=C/c1c(N)ncnc1Oc1ccc(NC(=O)C2(C(=O)Nc3ccc(F)cc3)CC2)cc1F,6.920818753952375
Nc1ncnc(Oc2ccc(NC(=O)C3(C(=O)Nc4ccc(F)cc4)CC3)cc2F)c1/C=N/OCCCO,6.251811972993799
Nc1ncnc(Oc2ccc(NC(=O)C3(C(=O)Nc4ccc(F)cc4)CC3)cc2F)c1/C=N/OCCN1CCCC1,6.6020599913279625
Nc1ncnc(Oc2ccc(NC(=O)C3(C(=O)Nc4ccc(F)cc4)CC3)cc2F)c1/C=N/OCC(O)CN1CCOCC1,6.050609993355087
CN(C)CCCO/N=C/c1c(N)ncnc1Oc1ccc(NC(=O)C2(C(=O)Nc3ccc(F)cc3)CC2)cc1F,6.769551078621726
Nc1ncnc(Oc2ccc(NC(=O)C3(C(=O)Nc4ccc(F)cc4)CC3)cc2F)c1/C=N/OCCCN1CCCC1,6.468521082957745
Nc1ncnc(Oc2ccc(NC(=O)C3(C(=O)Nc4ccc(F)cc4)CC3)cc2F)c1/C=N/OCCCN1CCOCC1,6.657577319177793
COc1cc2nccc(Oc3ccc(NC(=O)C4(C(=O)Nc5ccc(F)cc5)CC4)cc3)c2cc1OC,8.522878745280337
COc1cc2nccc(Oc3ccc(NC(=O)C4(C(=O)Nc5ccc(F)cc5)CC4)cc3)c2cc1OC,10.455931955649724
COc1cc2c(Oc3ccc(NC(=O)C4(C(=O)Nc5ccc(F)cc5)CC4)cc3F)ccnc2cc1OCCCN1CCOCC1,9.045757490560675
CO/N=C/c1c(N)ncnc1Oc1ccc2[nH]ccc2c1,6.835647144215563
CN1C(=O)COc2c1cnc1ccc(Sc3nnc4c(F)cc(-c5cnn(C)c5)cn34)cc21,4.522878745280337
CN[C@@H]1C[C@H]2O[C@@](C)([C@@H]1OC)n1c3ccccc3c3c4c(c5c6ccccc6n2c5c31)C(=O)NC4,8.387216143280265
CONc1ccc(Nc2nccc(Nc3ccc4[nH]ncc4c3)n2)cc1,6.943095148663527
CC(=O)Nc1cc(Nc2nccc(Nc3ccc4[nH]ncc4c3)n2)ccc1C,7.2373214362725635
NS(=O)(=O)c1ccc(Nc2nccc(Nc3ccc4[nH]ncc4c3)n2)cc1,7.610833915635467
COc1cc(Nc2nccc(-n3ncc4cc([N+](=O)[O-])ccc43)n2)cc(OC)c1OC,6.161150909262744
COc1ccc(Nc2nccc(Nc3ccc4[nH]ncc4c3)n2)cc1,6.931814138253839
COc1cccc(Nc2nccc(Nc3ccc4[nH]ncc4c3)n2)c1,7.0915149811213505
Clc1ccc(Nc2nccc(Nc3ccc4[nH]ncc4c3)n2)cc1Cl,6.6252516539898965
Clc1ccc(Nc2nccc(Nc3ccc4[nH]ncc4c3)n2)cc1,6.774690718274137
Fc1ccc(Nc2nccc(Nc3ccc4[nH]ncc4c3)n2)cc1,6.696803942579511
COc1cc(OC)c(NC(=O)Nc2ccc3c(cnn3-c3ccnc(Nc4cc(OC)c(OC)c(OC)c4)n3)c2)cc1Cl,6.838631997765025
Cc1ccc(O)cc1Nc1ccnc2ccc(S(C)(=O)=O)cc12,6.730487055782084
CS(=O)(=O)c1ccc2nccc(Nc3ccc4[nH]nnc4c3)c2c1,5.301029995663981
CS(=O)(=O)c1ccc2nccc(Nc3ccc4scnc4c3)c2c1,5.622511616623867
CS(=O)(=O)c1ccc2nccc(Nc3n[nH]c4ccc(F)cc34)c2c1,5.301029995663981
Cc1ccc(O)cc1Nc1ccnc2ccccc12,5.301029995663981
Cc1ccc(O)cc1Nc1ccnc2ccc(-c3cccnc3)cc12,6.337242168318426
Cc1ccc(O)cc1Nc1ccnc2ccc(C(=O)NCC3CCOCC3)cc12,5.301029995663981
COc1ccc2nccc(Nc3cc(O)ccc3C)c2c1,5.522878745280337
Cc1ccc(O)cc1Nc1ccnc2ccc(C(F)(F)F)cc12,7.0
CC(C)S(=O)(=O)c1ccc2nccc(Nc3n[nH]c4ccc(F)cc34)c2c1,5.301029995663981
CC(C)(C)S(=O)(=O)c1ccc2nccc(Nc3n[nH]c4ccc(F)cc34)c2c1,5.301029995663981
COc1cc2c(Oc3ccc(NC(=O)c4cn(-c5ccccc5Cl)nn4)cc3F)ccnc2cc1OCCCN1CCCCC1,7.014663358264388
COc1ccc2c(c1)C(=O)c1c-2n(-c2ccc(OCCN(C)C)cc2)c(=O)c2cc(OC)ccc12,5.4089353929735005
CCN(CC)CCOc1ccc(-n2c3c(c4ccc(OC)cc4c2=O)C(=O)c2cc(OC)ccc2-3)cc1,5.987162775294828
CN(C)CCOc1ccc(-n2c3c(c4ccc(O)cc4c2=O)C(=O)c2cc(O)ccc2-3)cc1,6.481486060122113
CCN(CC)CCOc1ccc(-n2c3c(c4ccc(O)cc4c2=O)C(=O)c2cc(O)ccc2-3)cc1,6.920818753952375
O=C1c2cc(O)ccc2-c2c1c1ccc(O)cc1c(=O)n2-c1ccc(OCCN2CCCC2)cc1,7.00436480540245
O=C1c2cc(O)ccc2-c2c1c1ccc(O)cc1c(=O)n2-c1ccc(OCCN2CCCCC2)cc1,6.6020599913279625
CCN(CC)CCNC(=O)c1c(C)[nH]c(/C=C2\C(=O)Nc3ccc(F)cc32)c1C,6.853871964321762
Fc1ccc2c(-c3nc4cc(N5CCC(N6CCCCC6)CC5)ccc4[nH]3)[nH]nc2c1,7.785156151952302
C[C@@H](Oc1ccc2[nH]nc(/C=C/c3cnn(CCO)c3)c2c1)c1c(Cl)cncc1Cl,8.236572006437063
COc1cc(CCc2cc(NC(=O)c3ccc(N4C[C@@H](C)N[C@@H](C)C4)cc3)n[nH]2)cc(OC)c1,7.568636235841013
CC(Oc1ccc2[nH]nc(-c3nc4cc(C5CCN(C)CC5)ccc4[nH]3)c2c1)c1c(Cl)cncc1Cl,8.10790539730952
CC(Oc1ccc2[nH]nc(-c3nc4cc(N5C[C@@H](C)N[C@@H](C)C5)ccc4[nH]3)c2c1)c1c(Cl)cncc1Cl,8.045757490560675
CC(Oc1ccc2[nH]nc(-c3nc4cc(N5CCN(C)CC5)ccc4[nH]3)c2c1)c1c(Cl)cncc1Cl,8.096910013008056
CC(Oc1ccc2[nH]nc(-c3nc4cc(N(C)C(=O)CN(C)C)ccc4[nH]3)c2c1)c1c(Cl)cncc1Cl,8.602059991327963
CC(Oc1ccc2[nH]nc(-c3nc4cc(CCO)ccc4[nH]3)c2c1)c1c(Cl)cncc1Cl,7.8996294548824375
C[C@@H](Oc1ccc2[nH]nc(-c3nc4cc(N5CCN(C)CC5)ccc4[nH]3)c2c1)c1c(Cl)cncc1Cl,8.1249387366083
CC1(C)c2cc(C3CCN(CC4CCOCC4)CC3)ccc2C(=O)c2c1[nH]c1cc(C#N)ccc21,6.982966660701219
COc1cc2c(Oc3ccc(NC(=O)C4(C(=O)Nc5ccc(F)cc5)CC4)cc3F)ccnc2cc1OCCCN1CCOCC1,9.065501548756432
CN1CCN(C2CCN(C(=O)Nc3cc(Oc4ccc(NC(=O)C5(C(=O)Nc6ccc(F)cc6)CC5)c(F)c4)ccn3)CC2)CC1,7.795880017344075
COc1cc2nccc(Oc3ccc(NC(=O)C4(C(=O)Nc5ccc(F)cc5)CC4)cc3)c2cc1OC,10.455931955649724
Cc1nc2cc(-n3ncc(C(=O)c4cc5ccc(-c6ccccc6)cc5[nH]4)c3N)ccc2[nH]1,5.468521082957745
Cc1ccc2cc(C(=O)c3cnn(-c4ccc5nc(C)[nH]c5c4)c3N)[nH]c2c1,6.431798275933005
Cc1nc2cc(-n3ncc(C(=O)c4cc5ccc(Br)cc5[nH]4)c3N)ccc2[nH]1,6.5376020021010435
Cc1nc2cc(-n3ncc(C(=O)c4cc5ccc(S(C)(=O)=O)cc5[nH]4)c3N)ccc2[nH]1,6.0
Cc1nc2cc(-n3ncc(C(=O)c4cc5ccc(CN6CCC(F)(F)CC6)cc5[nH]4)c3N)ccc2[nH]1,6.552841968657781
Cc1nc2cc(-n3ncc(C(=O)c4cc5ccc(CN6CCOCC6)cc5[nH]4)c3N)ccc2[nH]1,6.920818753952375
Cc1nc2ccc(-n3ncc(C(=O)c4cc5cc(CN6CCOCC6)ccc5[nH]4)c3N)cc2[nH]1,6.6777807052660805
Nc1c(C(=O)c2cc3ccccc3[nH]2)cnn1-c1ccc2[nH]c(=O)[nH]c2c1,5.568636235841013
Cc1cc2cc(-n3ncc(C(=O)c4cc5ccccc5[nH]4)c3N)ccc2[nH]1,8.187086643357144
Nc1c(C(=O)c2cc3ccccc3[nH]2)cnn1-c1ccc2[nH]ccc2c1,7.2839966563652006
CCc1nc2cc(-n3ncc(C(=O)c4cc5ccccc5[nH]4)c3N)ccc2[nH]1,5.769551078621726
Cc1nc2ccc(-n3ncc(C(=O)c4cc5ccccc5[nH]4)c3N)cc2[nH]1,5.6777807052660805
Nc1c(C(=O)c2cc3ccccc3[nH]2)cnn1-c1ccc2nc[nH]c2c1,6.468521082957745
Nc1c(C(=O)c2cc3cc(CN4CCOCC4)ccc3[nH]2)cnn1-c1cc(O)ccc1Cl,8.619788758288394
Nc1c(C(=O)c2cc3ccccc3[nH]2)cnn1-c1ccccc1Cl,6.3872161432802645
Nc1c(C(=O)c2cc3ccccc3[nH]2)cnn1-c1cc(O)ccc1Cl,7.552841968657781
Nc1c(C(=O)c2ccc3ncccc3c2)cnn1-c1cc(O)ccc1Cl,5.795880017344075
Nc1c(C(=O)c2cc3ccccc3o2)cnn1-c1cc(O)ccc1Cl,6.769551078621726
Cc1cccc(C(=O)c2cnn(-c3cc(O)ccc3Cl)c2N)c1,5.5376020021010435
CNC(=O)c1cc(Oc2ccc(C(=O)/C=C/c3cccc(Br)c3)cc2)ccn1,6.142667503568732
CNC(=O)c1cc(Oc2ccc(C(=O)/C=C/c3cc(OC)c(OC)c(OC)c3)cc2)ccn1,5.494850021680094
CNC(=O)c1cc(Oc2ccc(C(=O)/C=C/c3ccccc3)cc2)ccn1,5.958607314841775
CNC(=O)c1cc(Oc2ccc(/C=C/C(=O)c3ccc(F)cc3)cc2)ccn1,4.301029995663981
CNC(=O)c1cc(Oc2ccc(NC(=O)Nc3ccc(Cl)c(C(F)(F)F)c3)cc2)ccn1,6.769551078621726
CN[C@@H]1C[C@H]2O[C@@](C)([C@@H]1OC)n1c3ccccc3c3c4c(c5c6ccccc6n2c5c31)C(=O)NC4,7.142667503568732
CCc1cc2c(cc1N1CCN(CC3(O)CCOCC3)CC1)C(C)(C)c1[nH]c3cc(C#N)ccc3c1C2=O,6.0
CNC(=O)c1cc(Oc2ccc(NC(=O)Nc3ccc(Cl)c(C(F)(F)F)c3)cc2)ccn1,6.769551078621726
CCc1ccc(-c2cc(C(=O)Nc3ccc(Oc4ccnc(C(=O)NC)c4)cc3)ncn2)cc1,5.443697499232712
CCc1ccc(-c2cc(C(=O)Nc3ccc(Oc4ccnc(C(=O)NC)c4)c(F)c3)ncn2)cc1,5.920818753952375
CN[C@@H]1C[C@H]2O[C@@](C)([C@@H]1OC)n1c3ccccc3c3c4c(c5c6ccccc6n2c5c31)C(=O)NC4,7.142667503568732
Cn1cc(-c2nc(N[C@@H]3CCCC[C@@H]3N)c(F)c3c2C(=O)NC3)cn1,6.8696662315049934
Cn1cc(-c2nc(N[C@@H]3CCCC[C@@H]3N)c(F)c3c2C(=O)NC3)cn1,7.055517327849832
Oc1cc(O)c2cc(O)c(-c3cc(O)c(O)c(O)c3)[o+]c2c1.[Cl-],8.293282217663242
COc1ccc(/C=C/C(=N/Nc2nncc3ccccc23)c2ccc(Cl)cc2)cc1,9.387216143280265
Cc1ccc(C(/C=C/c2ccc(F)cc2)=N\Nc2nncc3ccccc23)cc1,9.154901959985743
Clc1ccc(/C=C/C(=N/Nc2nncc3ccccc23)c2ccccc2)cc1,9.259637310505756
Fc1ccc(/C=C/C(=N/Nc2nncc3ccccc23)c2ccccc2)cc1,9.05551732784983
Clc1ccc(C(/C=C/c2ccccc2)=N\Nc2nncc3ccccc23)cc1,9.161150909262744
C(=C/c1ccccc1)\C(=N\Nc1nncc2ccccc12)c1ccccc1,9.3767507096021
COc1ccc(N2C(=O)CS/C2=N/Nc2nncc3ccccc23)cc1,8.619788758288394
O=C1CS/C(=N/Nc2nncc3ccccc23)N1c1ccc(Cl)cc1,8.568636235841012
O=C1CS/C(=N/Nc2nncc3ccccc23)N1c1ccccc1,8.455931955649724
CCCCN1C(=O)CS/C1=N/Nc1nncc2ccccc12,8.920818753952375
CCN1C(=O)CS/C1=N/Nc1nncc2ccccc12,8.443697499232712
O=C1CS/C(=N/Nc2nncc3ccccc23)N1,8.356547323513812
COc1ccc(NC(=S)NNc2nncc3ccccc23)cc1,8.244125144327509
S=C(NNc1nncc2ccccc12)Nc1ccc(Cl)cc1,8.214670164989233
S=C(NNc1nncc2ccccc12)Nc1ccccc1,8.207608310501746
CCCCNC(=S)NNc1nncc2ccccc12,8.346787486224656
CCN=C(S)NNc1nncc2ccccc12,8.136677139879543
NC(=S)NNc1nncc2ccccc12,8.1249387366083
CCOC(=O)c1ccc(Nc2nncc3ccccc23)cc1,9.267606240177031
O=C(O)c1ccc(Nc2nncc3ccccc23)cc1,9.167491087293763
N#Cc1ccc(Nc2nncc3ccccc23)cc1,9.366531544420413
Fc1ccc(Nc2nncc3ccccc23)cc1,9.173925197299173
Cc1cc(C)nc(NS(=O)(=O)c2ccc(Nc3nncc4ccccc34)cc2)n1,9.113509274827518
O=S(=O)(Nc1ncccn1)c1ccc(Nc2nncc3ccccc23)cc1,8.070581074285707
O=S(=O)(Nc1ccccn1)c1ccc(Nc2nncc3ccccc23)cc1,8.10790539730952
Cc1cc(NS(=O)(=O)c2ccc(Nc3nncc4ccccc34)cc2)no1,8.013228265733755
O=S(=O)(Nc1nccs1)c1ccc(Nc2nncc3ccccc23)cc1,8.065501548756432
NS(=O)(=O)c1ccc(Nc2nncc3ccccc23)cc1,8.008773924307505
COc1cc2c(Oc3ccc(NC(=O)C4(C(=O)Nc5ccc(F)cc5)CC4)cc3F)ccnc2cc1OCCCN1CCOCC1,9.065501548756432
COc1cc2c(Oc3ccc(NC(=O)c4nn(-c5ccccc5F)c(=O)n4C)cc3F)ccnc2cc1OCCCN1CCN(C)CC1,6.318333724002098
CNC(=O)c1ccccc1Sc1ccc2c(CCc3ccccn3)n[nH]c2c1,9.698970004336019
COc1cc2c(Oc3ccc(NC(=O)c4cn(-c5ccccc5OC)cn4)cc3F)ccnc2cc1OCCCN1CCN(C)CC1,6.229884705212898
CC1(C)C(=O)N([C@H]2CCc3c(O)cccc32)c2nc(Nc3ccccc3)ncc21,5.840132152907433
COc1cc2c(Nc3ccc(NC(=O)Nc4ccc(C)cc4)cc3)ncnc2cc1OCc1ccccc1,5.0
COc1cc2c(Nc3ccc(NC(=O)Nc4cccc(Cl)c4)cc3)ncnc2cc1OCc1ccccc1,5.0
COc1cc2c(Nc3ccc(NC(=O)Nc4ccc(Cl)cc4)cc3)ncnc2cc1OCc1ccccc1,5.0
COc1cc2c(Nc3ccc(NC(=O)Nc4ccccc4)cc3)ncnc2cc1OCc1ccccc1,5.0
COc1cc2c(Nc3ccc(NC(=O)Nc4ccccc4C)cc3)ncnc2cc1OCc1ccccc1,5.0
COc1cc2c(Nc3ccc(NC(=O)Nc4ccc(C)c(C)c4)cc3)ncnc2cc1OCc1ccccc1,5.0
COc1cc2c(Nc3ccc(NC(=O)Nc4ccccc4)cc3)ncnc2cc1OCCCN1CCN(C)CC1,6.239577516576788
COc1cc2c(Nc3ccc(NC(=O)Nc4ccc(Cl)cc4)cc3)ncnc2cc1OCCCN1CCN(C)CC1,6.088842391260023
COc1cc2c(Nc3ccc(NC(=O)Nc4cccc(Cl)c4)cc3)ncnc2cc1OCCCN1CCN(C)CC1,6.230622673923862
COc1cc2c(Nc3ccc(NC(=O)Nc4ccccc4C)cc3)ncnc2cc1OCCCN1CCN(C)CC1,5.702020755840637
COc1cc2c(Nc3ccc(NC(=O)Nc4ccc(C)c(C)c4)cc3)ncnc2cc1OCCCN1CCN(C)CC1,6.669586226650809
COc1cc2c(Nc3ccc(NC(=O)Nc4ccccc4)c(Cl)c3)ncnc2cc1OCCCN1CCN(C)CC1,6.583359492661719
COc1cc2c(Nc3ccc(NC(=O)Nc4ccc(Cl)cc4)c(Cl)c3)ncnc2cc1OCCCN1CCN(C)CC1,6.554395796726403
COc1cc2c(Nc3ccc(NC(=O)Nc4ccccc4C)c(Cl)c3)ncnc2cc1OCCCN1CCN(C)CC1,6.749579997691106
COc1cc2c(Nc3ccc(NC(=O)Nc4ccc(C)c(C)c4)c(Cl)c3)ncnc2cc1OCCCN1CCN(C)CC1,7.102372908709558
COc1cc2c(Nc3ccc(NC(=O)Nc4ccc(F)c(Cl)c4)c(Cl)c3)ncnc2cc1OCCCN1CCN(C)CC1,7.853871964321762
COc1cc2c(Nc3ccc(NC(=O)Nc4ccc(Cl)cc4)c(Cl)c3)ncnc2cc1OCCCN1CCOCC1,6.277366077466188
COc1cc2c(Nc3ccc(NC(=O)Nc4ccc(C)c(C)c4)c(Cl)c3)ncnc2cc1OCCCN1CCOCC1,7.853871964321762
COc1cc2c(Nc3ccc(NC(=O)Nc4ccccc4)c(Cl)c3)ncnc2cc1OCCN1CCCCC1,5.727462222624762
COc1cc2c(Nc3ccc(NC(=O)Nc4ccc(Cl)cc4)c(Cl)c3)ncnc2cc1OCCN1CCCCC1,5.0
COc1cc2c(Nc3ccc(NC(=O)Nc4ccc(C)c(C)c4)c(Cl)c3)ncnc2cc1OCCN1CCCCC1,7.7447274948966935
COC(=O)CNC(=O)c1ccc(Nc2ncnc3cc(OCCCN4CCN(C)CC4)c(OC)cc23)cc1,6.560667306169737
COC(=O)CNC(=O)c1ccc(Nc2ncnc3cc(OCCCN4CCOCC4)c(OC)cc23)cc1,6.393618634889395
COC(=O)CNC(=O)c1ccc(Nc2ncnc3cc(OCCN4CCCCC4)c(OC)cc23)cc1,6.015022873584506
COc1cc2/c(=N/c3ccc(Br)cc3F)nc[nH]c2cc1OCC1CCN(C)CC1,7.823908740944319
CCN(c1cc(OC)cc(OC)c1)c1ccc2ncc(-c3cnn(C)c3)nc2c1,5.790000026071145
COc1cc(OC)cc(N(C)c2ccc3ncc(-c4cnn(C)c4)nc3c2)c1,6.060001790087838
COc1cc(OC)cc(N(CC2CC2)c2ccc3ncc(-c4cnn(C)c4)nc3c2)c1,5.079999880484295
COc1cc(OC)cc(N(CC2CC2)c2ccc3ncc(-c4cn[nH]c4)nc3c2)c1,5.0
COc1cc(OC)cc(N(CC2CC2)c2ccc3ncc(-c4cnn(CC(C)C)c4)nc3c2)c1,5.0
COCCN(c1cc(OC)cc(OC)c1)c1ccc2ncc(-c3cnn(C)c3)nc2c1,5.349999603463148
COc1cc(OC)cc(N(Cc2cc(C)no2)c2ccc3ncc(-c4cnn(C)c4)nc3c2)c1,5.5200002474083645
COCCn1cc(-c2cnc3ccc(N(CC4CC4)c4cc(OC)cc(OC)c4)cc3n2)cn1,5.0
COc1cc(OC)cc(N(CC2CC2)c2ccc3ncc(-c4cnn(CCCN)c4)nc3c2)c1,5.0
COc1cc(OC)cc(N(CC2CC2)c2ccc3ncc(-c4cnn(CCO)c4)nc3c2)c1,5.0
COc1cc(OC)cc(N(CC2CCCC2)c2ccc3ncc(-c4cnn(C)c4)nc3c2)c1,5.0
Cn1cc(-c2cnc3ccc(N(CC4CC4)c4cccc(OC(F)F)c4)cc3n2)cn1,5.0
CCOCCN(c1cc(OC)cc(OC)c1)c1ccc2ncc(-c3cnn(C)c3)nc2c1,5.259999900311453
COc1cc(OC)cc(N(CC2CCCO2)c2ccc3ncc(-c4cnn(C)c4)nc3c2)c1,5.259999900311453
COc1cc(OC)cc(N(CCO)c2ccc3ncc(-c4cnn(C)c4)nc3c2)c1,5.59999938302362
COc1cc(OC)cc(N(CC2CC2)c2ccc3ncc(-c4cnn(CC(=O)N(C)C)c4)nc3c2)c1,5.019999811738259
CNC(=O)Cn1cc(-c2cnc3ccc(N(CC4CC4)c4cc(OC)cc(OC)c4)cc3n2)cn1,5.0
COc1cc(OC)cc(N(CC2CC2)c2ccc3ncc(-c4cnn(S(C)(=O)=O)c4)nc3c2)c1,5.0
COc1cc(OC)cc(N(CC2CC2)c2ccc3ncc(-c4cnn(CC(=O)NCCN5CCCC5)c4)nc3c2)c1,5.059999795537068
CC(C)Oc1cccc(N(CC2CC2)c2ccc3ncc(-c4cnn(C)c4)nc3c2)c1,5.0
COc1cc(OC)cc(N(CC2CC2)c2ccc3ncc(-c4cnn(C5CCNCC5)c4)nc3c2)c1,5.269999835325842
COc1cc(OC)cc(N(CCC#N)c2ccc3ncc(-c4cnn(C)c4)nc3c2)c1,5.470000200122707
COc1cc(OC)cc(N(CC2CC2)c2ccc3ncc(-c4cnn(S(=O)(=O)N(C)C)c4)nc3c2)c1,5.0
COc1cc(OC)cc(N(CCCO)c2ccc3ncc(-c4cnn(C)c4)nc3c2)c1,5.90999956608739
COc1cc(OC)cc(N(CC2OCCO2)c2ccc3ncc(-c4cnn(C)c4)nc3c2)c1,5.0
COc1cc(OC)cc(N(CCN2C(=O)c3ccccc3C2=O)c2ccc3ncc(-c4cnn(C)c4)nc3c2)c1,5.0
COCCN(c1cccc(OC)c1)c1ccc2ncc(-c3cnn(C)c3)nc2c1,5.0
COc1cccc(N(CC2CC2)c2ccc3ncc(-c4cnn(C)c4)nc3c2)c1OC,5.0
COCCn1cc(-c2cnc3ccc(N(Cc4cc(C)no4)c4cc(OC)cc(OC)c4)cc3n2)cn1,5.300000202445418
COc1cccc(N(Cc2cc(C)no2)c2ccc3ncc(-c4cnn(C)c4)nc3c2)c1,5.369999510099088
COc1cc(OC)cc(N(CC2CC2)c2ccc3ncc(-c4cnn(CCC5CCNCC5)c4)nc3c2)c1.Cl,5.269999835325842
COc1cc(OC)cc(N(Cc2cc(C)no2)c2ccc3ncc(-c4cnn(CCO)c4)nc3c2)c1,5.280000380871156
CNC(=O)C(C)(C)n1cc(-c2cnc3ccc(N(CC4CC4)c4cc(OC)cc(OC)c4)cc3n2)cn1,5.0
CNCCN(c1cc(OC)cc(OC)c1)c1ccc2ncc(-c3cnn(C)c3)nc2c1,5.0
COc1cc(OC)cc(N(CCN)c2ccc3ncc(-c4cnn(C)c4)nc3c2)c1,5.0
CCOC(=O)CN(c1cc(OC)cc(OC)c1)c1ccc2ncc(-c3cnn(C)c3)nc2c1,5.0
COc1cc(OC)cc(N(CC2CC2)c2ccc3ncc(-c4cnn(CCCN5CCOCC5)c4)nc3c2)c1.Cl,5.0
COc1cc(OC)cc(N(CC2CC2)c2ccc3ncc(-c4cnn(CC5CCNCC5)c4)nc3c2)c1,5.229999745811777
COc1cc(OC)cc(N(CC2CC2)c2ccc3ncc(-c4cnn(CCCNCCS(C)(=O)=O)c4)nc3c2)c1,5.079999880484295
COc1cc(OC)cc(N(CC2CC2)c2ccc3ncc(-c4cnn(C5CCN(S(C)(=O)=O)CC5)c4)nc3c2)c1,5.0
COc1cc(OC)cc(N(CC2CC2)c2ccc3ncc(-c4cnn(CC(C)(C)O)c4)nc3c2)c1,5.0
Cn1cc(-c2cnc3ccc(N(CC4CC4)c4cccc(C#N)c4)cc3n2)cn1,5.0
COc1cc(OC)cc(N(CC(=O)O)c2ccc3ncc(-c4cnn(C)c4)nc3c2)c1.Cl,5.0
COc1cc(OC)cc(N(CCO)c2ccc3ncc(-c4cnn(CCO)c4)nc3c2)c1,5.589999287456538
COc1cc(OC)cc(N(CC2CC2)c2ccc3ncc(-c4cnn(CCN)c4)nc3c2)c1,5.0
COc1cc(OC)cc(N(CC2CC2)c2ccc3ncc(-c4cnn(CCCN5CCN(CCCO)CC5)c4)nc3c2)c1.Cl,5.620000528471499
COc1cc(OC)cc(N(CC2CC2)c2ccc3ncc(-c4cnn(CC5(O)CCNCC5)c4)nc3c2)c1,5.0
COc1cc(OC)cc(N(CC(N)=O)c2ccc3ncc(-c4cnn(C)c4)nc3c2)c1,5.0
COc1cc(Cl)cc(N(CC2CC2)c2ccc3ncc(-c4cnn(C)c4)nc3c2)c1,5.0
COc1cc(OC)cc(N(CCO)c2ccc3ncc(-c4cnn(CCCN)c4)nc3c2)c1.Cl,5.32000008377078
COc1cc(C#N)cc(N(CC2CC2)c2ccc3ncc(-c4cnn(C)c4)nc3c2)c1,5.0
COc1cc(OC)cc(N(CCO)c2ccc3ncc(-c4cn[nH]c4)nc3c2)c1,5.410000161858408
COc1cc(OC)cc(N(CC(C)O)c2ccc3ncc(-c4cnn(C)c4)nc3c2)c1,5.450000476425332
COc1cc(CN)cc(N(CC2CC2)c2ccc3ncc(-c4cnn(C)c4)nc3c2)c1.Cl,5.0
COc1cc(OC)cc(N(CC2CC2)c2ccc3ncc(-c4cnn(CCN5CCNCC5)c4)nc3c2)c1.Cl,5.250000251143582
COc1cc(OC)cc(N(CC2CC2)c2ccc3ncc(-c4cnn(CC5(OC)CCNCC5)c4)nc3c2)c1,5.1399999760652255
COc1cc(OC)cc(N(CCCN2CCCC2)c2ccc3ncc(-c4cnn(C)c4)nc3c2)c1.Cl,6.650004100737144
COc1cc(OC)cc(N(CC2CC2)c2ccc3ncc(-c4cnn(CC(O)CN5CCCCC5)c4)nc3c2)c1,5.2399999527072705
COc1cc(OC)cc(N(CCCC#N)c2ccc3ncc(-c4cnn(C)c4)nc3c2)c1,5.770000934050708
COc1cc(OC)cc(N(CC2CC2)c2ccc3ncc(-c4cnn(CCN5CCN(CCO)CC5)c4)nc3c2)c1.Cl,5.019999811738259
COc1cc(OC)cc(N(CC2CC2)c2ccc3ncc(-c4cnn(CCN5CCCC5)c4)nc3c2)c1.Cl,5.049999969853415
CNC(=O)c1cc(OC)cc(N(CC2CC2)c2ccc3ncc(-c4cnn(CCOC)c4)nc3c2)c1,5.940001369850308
COc1cc(OC)cc(N(CC2CC2)c2ccc3ncc(-c4cnn(C(C)(C)C(=O)NCCO)c4)nc3c2)c1,5.0
COc1cc(OCCO)cc(N(CC2CC2)c2ccc3ncc(-c4cnn(C)c4)nc3c2)c1,5.010000098195094
CNC(=O)c1cc(OC)cc(N(CCO)c2ccc3ncc(-c4cnn(CCOC)c4)nc3c2)c1,5.639999555020352
COCCNC(=O)C(C)(C)n1cc(-c2cnc3ccc(N(CC4CC4)c4cc(OC)cc(OC)c4)cc3n2)cn1,5.0
COc1cc(OC)cc(N(CC2CC2)c2ccc3ncc(-c4cnn(C(C)(C)C(=O)N5CCNCC5)c4)nc3c2)c1,5.119999756699334
CNC(=O)Cn1cc(-c2cnc3ccc(N(CCO)c4cc(OC)cc(OC)c4)cc3n2)cn1,5.559999795538785
COc1cc(OC)cc(N(CC2CC2)c2ccc3ncc(-c4cnn(CC5CCN(C)CC5)c4)nc3c2)c1,5.280000380871156
COc1cc(OC)cc(N(CC2CC2)c2ccc3ncc(-c4cnn(CC(=O)NCCO)c4)nc3c2)c1,5.0
COCCNC(=O)Cn1cc(-c2cnc3ccc(N(CC4CC4)c4cc(OC)cc(OC)c4)cc3n2)cn1,5.0
CNC(=O)CN(c1cc(OC)cc(OC)c1)c1ccc2ncc(-c3cnn(C)c3)nc2c1,5.0
COc1cc(OC)cc(N(CC2CCNCC2)c2ccc3ncc(-c4cnn(C)c4)nc3c2)c1.Cl,5.770000934050708
COc1cc(OC)cc(N(Cc2cc(C)on2)c2ccc3ncc(-c4cnn(C)c4)nc3c2)c1,5.0
COc1cc(OC)cc(N(CCCO)c2ccc3ncc(-c4cn[nH]c4)nc3c2)c1,5.639999555020352
COc1cc(OC)cc(N(Cc2ccc(Cl)s2)c2ccc3ncc(-c4cnn(C)c4)nc3c2)c1,5.0
COc1cc(OC)cc(N(CC(O)CO)c2ccc3ncc(-c4cnn(C)c4)nc3c2)c1,5.499999678657065
CNC(=O)OCCN(c1cc(OC)cc(OC)c1)c1ccc2ncc(-c3cnn(C)c3)nc2c1,5.259999900311453
COc1cc(OC)cc(N(CCC#N)c2ccc3ncc(-c4cnn(CCO)c4)nc3c2)c1,5.450000476425332
COc1cc(OC)cc(N(CCO)c2ccc3ncc(-c4cnn(CCS(C)(=O)=O)c4)nc3c2)c1,5.579999668433626
CNc1cccc(N(CC2CC2)c2ccc3ncc(-c4cnn(C)c4)nc3c2)c1,6.170001911302621
COc1cc(OC)cc(N(CC(C)(C)O)c2ccc3ncc(-c4cnn(C)c4)nc3c2)c1,5.2399999527072705
COc1cc(OC)cc(N(C[C@@H]2CCCN2)c2ccc3ncc(-c4cnn(C)c4)nc3c2)c1,5.0
COc1cc(OC)cc(N(CCNS(C)(=O)=O)c2ccc3ncc(-c4cnn(C)c4)nc3c2)c1,6.749994971513104
COc1cc(OC)cc(N(CCN2CCCC2)c2ccc3ncc(-c4cn[nH]c4)nc3c2)c1.Cl,5.7299993321845495
COc1cc(OC)cc(N(Cc2csc(C)n2)c2ccc3ncc(-c4cnn(C)c4)nc3c2)c1,5.540000226349733
COc1cc(OC)cc(N(CCN2CCCC2)c2ccc3ncc(-c4cnn(C)c4)nc3c2)c1.Cl,6.119998611678231
CNCCN(c1cc(OC)cc(OC)c1)c1ccc2ncc(-c3cnn(CC(=O)NC)c3)nc2c1,5.2399999527072705
CNCCN(c1cc(OC)cc(OC)c1)c1ccc2ncc(-c3cnn(CC(=O)NC)c3)nc2c1.Cl,5.0
COc1cc(OC)cc(N(CC2CO2)c2ccc3ncc(-c4cnn(C)c4)nc3c2)c1,6.0800019690359814
COc1cc(OC)cc(N(CC2CC2)c2ccc3ncc(-c4cnn(CCNS(=O)(=O)N(C)C)c4)nc3c2)c1,5.0
COc1cc(OC)cc(N(CCNS(=O)(=O)N(C)C)c2ccc3ncc(-c4cnn(C)c4)nc3c2)c1,6.69000807121882
COc1cc(OC(C)C)cc(N(CC2CC2)c2ccc3ncc(-c4cnn(C)c4)nc3c2)c1.Cl,5.0
COc1cc(OC)cc(N(CC2CC2)c2ccc3ncc(-c4cnn(CCNS(C)(=O)=O)c4)nc3c2)c1,5.059999795537068
CNCCCN(c1cc(OC)cc(OC)c1)c1ccc2ncc(-c3cnn(C)c3)nc2c1,6.2399999527072705
COc1cc(C(=O)N2CCCC2)cc(N(CCCN2CCCC2)c2ccc3ncc(-c4cnn(C)c4)nc3c2)c1,5.290000325166601
COc1cc(OCC2CC2)cc(N(CC2CC2)c2ccc3ncc(-c4cnn(C)c4)nc3c2)c1.Cl,5.0
C=CCN(c1cc(OC)cc(OC)c1)c1ccc2ncc(-c3cnn(C)c3)nc2c1,5.550000451689026
COc1cc(OC)cc(N(CCNC(C)C)c2ccc3ncc(-c4cnn(C)c4)nc3c2)c1,5.480000159330324
COc1cc(OC)cc(N(CCCO)c2ccc3ncc(-c4cnn(CCS(C)(=O)=O)c4)nc3c2)c1,5.650000220873455
COc1cc(OC)cc(N(CCCO)c2ccc3ncc(-c4cnn(CCO)c4)nc3c2)c1,5.579999668433626
COc1cc(OC)cc(N(CC2CC2)c2ccc3ncc(-c4cnn(CC(O)CO)c4)nc3c2)c1,5.100000128334196
CNCCN(c1cc(OC)cc(OC)c1)c1ccc2ncc(-c3cnn(CCS(C)(=O)=O)c3)nc2c1,5.0
CNCCN(c1cc(OC)cc(OC)c1)c1ccc2ncc(-c3cn[nH]c3)nc2c1,5.0
CCNCCN(c1cc(OC)cc(OC)c1)c1ccc2ncc(-c3cnn(C)c3)nc2c1,5.3400001801593495
COc1cc(OCCO)cc(N(CCCN2CCCC2)c2ccc3ncc(-c4cnn(C)c4)nc3c2)c1,5.940001369850308
COc1cc(C(=O)N2CCCC2)cc(N(CCCO)c2ccc3ncc(-c4cnn(C)c4)nc3c2)c1.Cl,5.180000294489514
CNCC(O)CN(c1cc(OC)cc(OC)c1)c1ccc2ncc(-c3cnn(C)c3)nc2c1.Cl,5.779999190713337
CNCC(O)CN(c1cc(OC)cc(OC)c1)c1ccc2ncc(-c3cnn(C)c3)nc2c1,5.800000874803203
COc1cc(OC)cc(N(CCCN2CCC(F)(F)C2)c2ccc3ncc(-c4cnn(C)c4)nc3c2)c1.Cl,5.280000380871156
COc1cc(OC)cc(N(C/C(C)=N\O)c2ccc3ncc(-c4cnn(C)c4)nc3c2)c1,5.2399999527072705
COc1cc(OC)cc(N(C/C(C)=N/O)c2ccc3ncc(-c4cnn(C)c4)nc3c2)c1,5.309999839831227
COc1cc(OC)cc(N(CCCN2CCCC2)c2ccc3ncc(-c4cn[nH]c4)nc3c2)c1,5.720000163638921
COc1cc(OC)cc(N(CCNC2CCCC2)c2ccc3ncc(-c4cnn(C)c4)nc3c2)c1,5.860001341725206
COc1cc(OC)cc(N(CCNC2CC2)c2ccc3ncc(-c4cnn(C)c4)nc3c2)c1,5.0
CNCCOc1cc(OC)cc(N(CC2CC2)c2ccc3ncc(-c4cnn(C)c4)nc3c2)c1,5.0
CNCCN(c1cc(OC)cc(OCCO)c1)c1ccc2ncc(-c3cnn(C)c3)nc2c1.Cl,5.0
COc1cc(OC)cc(N(CCCN2CCC(O)C2)c2ccc3ncc(-c4cnn(C)c4)nc3c2)c1.Cl,6.650004100737144
COc1cc(F)cc(N(CC2CC2)c2ccc3ncc(-c4cn[nH]c4)nc3c2)c1,5.0
COc1cc(OC)cc(N(CCN)c2ccc3ncc(-c4cn[nH]c4)nc3c2)c1.Cl,5.0
COc1cc(OCCO)cc(N(CC2CC2)c2ccc3ncc(-c4cn[nH]c4)nc3c2)c1,5.0
COc1cc(OC)cc(N(CC2CC2)c2ccc3ncc(-c4cnn(CC(=O)N5CCC(O)C5)c4)nc3c2)c1,5.0
COc1cc(OC)cc(N(CCCN2CCCC2)c2ccc3ncc(-c4cnn(CCS(C)(=O)=O)c4)nc3c2)c1,6.32000008377078
COc1cc(OC)cc(N(CC(O)CN2CCCCC2)c2ccc3ncc(-c4cnn(C)c4)nc3c2)c1,5.95999928552668
Cl.c1ccc(N(CC2CC2)c2ccc3ncc(-c4cn[nH]c4)nc3c2)cc1,5.0
COc1cc(OC)cc(N(CCC(=O)O)c2ccc3ncc(-c4cnn(C)c4)nc3c2)c1.Cl,5.0
COc1cc(OCCO)cc(N(CCCN2CCCC2)c2ccc3ncc(-c4cn[nH]c4)nc3c2)c1,5.210000001311122
COc1cc(OC)cc(N(CCN2CCOCC2)c2ccc3ncc(-c4cnn(C)c4)nc3c2)c1.Cl,5.740000204918113
COc1cc(OC)cc(N(CCCO)c2ccc3ncc(-c4cnn(C5CCCCO5)c4)nc3c2)c1,5.579999668433626
COc1cc(OC)cc(N(CCCN)c2ccc3ncc(-c4cnn(C)c4)nc3c2)c1,5.470000200122707
COc1cc(OC)cc(N(CCCN2CCCC2)c2ccc3ncc(-c4cnn(CCO)c4)nc3c2)c1.Cl,6.639993867770902
COc1cc(OC)cc(N(CCN2CCNCC2)c2ccc3ncc(-c4cnn(C)c4)nc3c2)c1.Cl,6.429994423238211
CNCCN(c1cc(OC)cc(OC)c1)c1ccc2ncc(-c3cnn(CCO)c3)nc2c1,5.0
COc1cc(OC)cc(N(CC2CC2)c2ccc3ncc(-c4cnn(CC5CCOCC5)c4)nc3c2)c1,5.070000019492821
CNCCn1cc(-c2cnc3ccc(N(CC4CC4)c4cc(OC)cc(OC)c4)cc3n2)cn1,5.149999867728904
COCCNC(=O)CN(c1cc(OC)cc(OC)c1)c1ccc2ncc(-c3cnn(C)c3)nc2c1,5.0
COc1cc(OC)cc(N(CC(=O)N2CCCC2)c2ccc3ncc(-c4cnn(C)c4)nc3c2)c1,5.0
COc1cc(OC)cc(N(CCN)c2ccc3ncc(-c4cnn(CCO)c4)nc3c2)c1.Cl,5.0
CNC(=O)c1cc(OC)cc(N(CC2CC2)c2ccc3ncc(-c4cn[nH]c4)nc3c2)c1,5.380000399499541
CNC(=O)c1cc(OC)cc(N(CCCO)c2ccc3ncc(-c4cnn(CCO)c4)nc3c2)c1,5.0
CNC(=O)Cn1cc(-c2cnc3ccc(N(CCCO)c4cc(OC)cc(OC)c4)cc3n2)cn1,5.559999795538785
COc1cc(OC)cc(N(CC(=O)NCCO)c2ccc3ncc(-c4cnn(C)c4)nc3c2)c1,5.0
COc1cc(OCCO)cc(N(CCCO)c2ccc3ncc(-c4cnn(C)c4)nc3c2)c1,5.420000452721523
C#CCN(c1cc(OC)cc(OC)c1)c1ccc2ncc(-c3cnn(C)c3)nc2c1,5.1399999760652255
COc1cc(F)cc(N(CCO)c2ccc3ncc(-c4cnn(CCO)c4)nc3c2)c1,5.3400001801593495
COc1cc(OC)cc(N(CCCNS(C)(=O)=O)c2ccc3ncc(-c4cnn(C)c4)nc3c2)c1,6.450004148469349
COc1cc(OC)cc(N(CCCNS(=O)(=O)N(C)C)c2ccc3ncc(-c4cnn(C)c4)nc3c2)c1,6.350003492533959
COc1cc(OC)cc(N(CCN2CCC(N)C2)c2ccc3ncc(-c4cnn(C)c4)nc3c2)c1.Cl,5.809999051930338
COc1cc(OCCO)cc(N(CC2CC2)c2ccc3ncc(-c4cnn(CCS(C)(=O)=O)c4)nc3c2)c1,5.0
COc1cc(OC)cc(N(Cc2ccc(Cl)s2)c2ccc3ncc(-c4cn[nH]c4)nc3c2)c1,5.0
COc1cc(OC)cc(N(CC2CC2)c2ccc3ncc(-c4cnn(CCF)c4)nc3c2)c1,5.0
COc1cc(OC)cc(N(CCN2CCCCC2)c2ccc3ncc(-c4cnn(C)c4)nc3c2)c1,5.6299997805248845
COc1cc(OC)cc(N(CC(=O)NCCN2CCCC2)c2ccc3ncc(-c4cnn(C)c4)nc3c2)c1,5.0
COc1cc(OC)cc(N(CCc2nnn[nH]2)c2ccc3ncc(-c4cnn(C)c4)nc3c2)c1,5.0
COc1cc(F)cc(N(CCCO)c2ccc3ncc(-c4cnn(CCO)c4)nc3c2)c1,5.119999756699334
COc1cc(OC)cc(N(CCNC(=O)C2CCCN(C)C2)c2ccc3ncc(-c4cnn(C)c4)nc3c2)c1,5.6299997805248845
COc1cc(F)cc(N(CC2CC2)c2ccc3ncc(-c4cnn(CCO)c4)nc3c2)c1,5.0
COc1cc(OC)cc(N(CCCN2CCC(N)C2)c2ccc3ncc(-c4cnn(C)c4)nc3c2)c1,5.760000207113128
CNC1CCN(CCCN(c2cc(OC)cc(OC)c2)c2ccc3ncc(-c4cnn(C)c4)nc3c2)C1.Cl,5.559999795538785
COc1cc(OC)cc(N(CCN2CCC(O)C2)c2ccc3ncc(-c4cnn(C)c4)nc3c2)c1.Cl,6.040000399696793
COc1cc(OC)cc(N(CCN2CCC[C@H]2C(=O)O)c2ccc3ncc(-c4cnn(C)c4)nc3c2)c1.Cl,5.0
COc1ccc(Cl)c(N(CCCN2CCCC2)c2ccc3ncc(-c4cnn(C)c4)nc3c2)c1.Cl,5.0
CCS(=O)(=O)NCCN(c1cc(OC)cc(OC)c1)c1ccc2ncc(-c3cnn(C)c3)nc2c1,6.090000275786018
COc1cc(OC)cc(N(Cc2ccco2)c2ccc3ncc(-c4cnn(C)c4)nc3c2)c1,5.369999510099088
COc1cc(OC)cc(N(CCCN)c2ccc3ncc(-c4cn[nH]c4)nc3c2)c1,5.529999886197673
CNC(=O)c1cc(OC)cc(N(CCCN2CCCC2)c2ccc3ncc(-c4cnn(CCO)c4)nc3c2)c1,5.0
COc1cc(OCCN)cc(N(CC2CC2)c2ccc3ncc(-c4cnn(C)c4)nc3c2)c1,5.0
COc1cc(OCCO)cc(N(CC2CC2)c2ccc3ncc(-c4cnn(CCO)c4)nc3c2)c1.Cl,5.070000019492821
COc1cc(OC)cc(N(Cc2ccc(Cl)s2)c2ccc3ncc(-c4cnn(CCO)c4)nc3c2)c1,5.219999701663429
COc1cc(OC)cc(N(CCN2CCCCC2C)c2ccc3ncc(-c4cnn(C)c4)nc3c2)c1.Cl,5.829999526735649
CCOC(=O)C1CCN(CCN(c2cc(OC)cc(OC)c2)c2ccc3ncc(-c4cnn(C)c4)nc3c2)CC1,5.280000380871156
COc1cc(Cl)cc(N(CCCN2CCCC2)c2ccc3ncc(-c4cnn(C)c4)nc3c2)c1.Cl,5.949999401714238
COc1cc(OC)cc(N(Cc2nnc(N)o2)c2ccc3ncc(-c4cnn(C)c4)nc3c2)c1,5.710001024518514
COc1cc(OC)cc(N(CC2CC2)c2ccc3ncc(-c4cnn(C5CN(CCO)C5)c4)nc3c2)c1,5.010000098195094
COc1cc(OC)cc(N(Cc2ccc(Cl)s2)c2ccc3ncc(-c4cnn(Cc5ccc(Cl)s5)c4)nc3c2)c1,5.0
COc1cc(OC)cc(N(CCCN2CCC[C@H]2C)c2ccc3ncc(-c4cnn(C)c4)nc3c2)c1.Cl,6.090000275786018
COc1cc(OC)cc(N(CCN2C[C@@H](C)O[C@@H](C)C2)c2ccc3ncc(-c4cnn(C)c4)nc3c2)c1.Cl,5.210000001311122
COc1cc(OC)cc(N(CCN2CCC(N(C)C)CC2)c2ccc3ncc(-c4cnn(C)c4)nc3c2)c1,5.380000399499541
COc1cc(OC)cc(N(C[C@@H]2C[C@H]2CO)c2ccc3ncc(-c4cnn(C)c4)nc3c2)c1,5.309999839831227
CNC(=O)Cn1cc(-c2cnc3ccc(N(CCCN4CCCC4)c4cc(OC)cc(OC)c4)cc3n2)cn1,5.889999848866887
COc1cc(OC)cc(N(CCCN2CCC(F)C2)c2ccc3ncc(-c4cnn(C)c4)nc3c2)c1.Cl,6.390000296157769
COc1cc(OC)cc(N(CCn2cccn2)c2ccc3ncc(-c4cnn(C)c4)nc3c2)c1,5.0
COc1cc(OC)cc(N(Cc2cccs2)c2ccc3ncc(-c4cnn(C)c4)nc3c2)c1,5.5200002474083645
COc1cc(OC)cc(N(Cc2ccccc2Cl)c2ccc3ncc(-c4cnn(C)c4)nc3c2)c1,5.0
COc1cc(OC)cc(N(CC2CCOCC2)c2ccc3ncc(-c4cnn(C)c4)nc3c2)c1,5.219999701663429
Cn1cc(-c2cnc3ccc(N(CC4CC4)c4ccccc4)cc3n2)cn1,5.0
CCOC(=O)Cn1cc(CN(c2cc(OC)cc(OC)c2)c2ccc3ncc(-c4cnn(C)c4)nc3c2)nn1,5.0
OCCn1cc(-c2cnc3ccc(N(CC4CC4)c4ccccc4)cc3n2)cn1,5.0
COc1cc(OC)cc(N(CCCN2CCC(OC)CC2)c2ccc3ncc(-c4cnn(C)c4)nc3c2)c1,5.689999562814496
COc1cc(OC)cc(N(Cc2ccc(Cl)cc2)c2ccc3ncc(-c4cnn(C)c4)nc3c2)c1,5.0
COc1cc(OC)cc(N(Cc2cccc(Cl)c2)c2ccc3ncc(-c4cnn(C)c4)nc3c2)c1,5.0
COc1cc(OC)cc(N(Cc2ccccc2)c2ccc3ncc(-c4cnn(C)c4)nc3c2)c1,5.0
COc1ccc(OC)c(N(CCCN2CCCC2)c2ccc3ncc(-c4cnn(C)c4)nc3c2)c1.Cl,5.169999984192581
COc1cc(OC)cc(N(CCN2C(C)CCCC2C)c2ccc3ncc(-c4cnn(C)c4)nc3c2)c1,5.540000226349733
COc1cc(OC)cc(N(CCCN)c2ccc3ncc(-c4cnn(CCS(C)(=O)=O)c4)nc3c2)c1,5.070000019492821
COc1cc(OC)cc(N(CCN2CCCC(N)C2)c2ccc3ncc(-c4cnn(C)c4)nc3c2)c1,5.800000874803203
COc1cc(OC)cc(N(CCCCN)c2ccc3ncc(-c4cnn(C)c4)nc3c2)c1,5.740000204918113
COc1cc(OC)cc(N(CCCN2CCCCC2C)c2ccc3ncc(-c4cnn(C)c4)nc3c2)c1.Cl,5.949999401714238
COc1cc(OC)cc(N(CCCN2CCCCC2)c2ccc3ncc(-c4cnn(C)c4)nc3c2)c1.Cl,6.020001176026261
COc1cc(OC)cc(N(CC#Cc2nccn2C)c2ccc3ncc(-c4cnn(C)c4)nc3c2)c1,5.210000001311122
COc1cc(OC)cc(N(CCN)c2ccc3ncc(-c4cnn(CCS(C)(=O)=O)c4)nc3c2)c1,5.1399999760652255
COc1cc(OC)cc(N(Cc2csc(C)n2)c2ccc3ncc(-c4cn[nH]c4)nc3c2)c1,5.0
COc1cc(OC)cc(N(CCCN2CCC(N3CCCCC3)C2)c2ccc3ncc(-c4cnn(C)c4)nc3c2)c1,5.579999668433626
COc1cc(OC)cc(N(CCCNC(=O)C(F)(F)F)c2ccc3ncc(-c4cnn(C)c4)nc3c2)c1,5.790000026071145
COc1cc(OCCO)cc(N(CCN)c2ccc3ncc(-c4cnn(C)c4)nc3c2)c1.Cl,5.0
COc1cc(OC)cc(N(CC(O)CN2CCC(F)(F)C2)c2ccc3ncc(-c4cnn(C)c4)nc3c2)c1.Cl,5.149999867728904
COc1cc(OC)cc(N(CCNC(=O)C(F)(F)F)c2ccc3ncc(-c4cnn(C)c4)nc3c2)c1,5.300000202445418
COc1cc(OC)cc(N(CCCN2CCC(C3C[C@@H](C)O[C@H](C)C3)C2)c2ccc3ncc(-c4cnn(C)c4)nc3c2)c1.Cl,5.90999956608739
COc1cc(OC)cc(N(CCCN2CC(F)(F)C2)c2ccc3ncc(-c4cnn(C)c4)nc3c2)c1,5.410000161858408
COc1cc(OC)cc(N(CCN2CCC(C(C)(C)O)CC2)c2ccc3ncc(-c4cnn(C)c4)nc3c2)c1,5.430000267796054
COc1cc(OC)cc(N(CCN2CCC(N)CC2)c2ccc3ncc(-c4cnn(C)c4)nc3c2)c1,5.1399999760652255
COc1cc(OC)cc(N(CCCN)c2ccc3ncc(-c4cnn(CCO)c4)nc3c2)c1,5.32000008377078
COc1cc(OC)cc(N(CCCN2CCCC(C#N)C2)c2ccc3ncc(-c4cnn(C)c4)nc3c2)c1,5.589999287456538
COc1cc(OC)cc(N(CCCNC(C)C)c2ccc3ncc(-c4cnn(C)c4)nc3c2)c1,5.559999795538785
COc1cc(OC)cc(N(CCCN2CCCC2=O)c2ccc3ncc(-c4cnn(C)c4)nc3c2)c1,5.40000018605658
COc1cc(OC)cc(N(CCCN2CCC[C@H]2CO)c2ccc3ncc(-c4cnn(C)c4)nc3c2)c1,5.979999397807417
COc1cc(OC)cc(N(CCN2CCC(O)CC2)c2ccc3ncc(-c4cnn(C)c4)nc3c2)c1,5.509999358109048
COc1cc(OC)cc(N(CC2CC2)c2ccc3ncc(-c4cnn(C[Si](C)(C)C)c4)nc3c2)c1,5.0
COc1cc(OC)cc(N(CCN2C[C@H](C)C[C@H](C)C2)c2ccc3ncc(-c4cnn(C)c4)nc3c2)c1,5.229999745811777
COc1cc(OC)cc(N(CCN2C[C@H](C)C[C@@H](C)C2)c2ccc3ncc(-c4cnn(C)c4)nc3c2)c1.Cl,5.190000154058473
COc1cc(OC)cc(N(CCN2CC[C@H](C#N)C2)c2ccc3ncc(-c4cnn(C)c4)nc3c2)c1,5.620000528471499
COc1cc(OC)cc(N(CCNC2CC(C)(C)NC(C)(C)C2)c2ccc3ncc(-c4cnn(C)c4)nc3c2)c1,5.0
COc1cc(OCCO)cc(N(CCO)c2ccc3ncc(-c4cnn(CCO)c4)nc3c2)c1,5.0
COc1cc(OC)cc(N(CC(O)C(C)C)c2ccc3ncc(-c4cnn(C)c4)nc3c2)c1,5.229999745811777
COc1cc(OC)cc(N(CCCN2CC[C@H](C#N)C2)c2ccc3ncc(-c4cnn(C)c4)nc3c2)c1.Cl,5.620000528471499
COc1cc(OC)cc(N(CC2(O)CCNCC2)c2ccc3ncc(-c4cnn(C)c4)nc3c2)c1,5.0
COc1ccc(Cl)c(N(CCO)c2ccc3ncc(-c4cnn(C)c4)nc3c2)c1,5.3400001801593495
COc1cc(OC)cc(N(CCCN2CC(O)C2)c2ccc3ncc(-c4cnn(C)c4)nc3c2)c1,6.749994971513104
COc1cc(OC)cc(N(Cc2cn[nH]n2)c2ccc3ncc(-c4cnn(C)c4)nc3c2)c1,5.309999839831227
COc1cc(OC)c(C)c(N(CCCN2CCCC2)c2ccc3ncc(-c4cnn(C)c4)nc3c2)c1.Cl,6.620005959834258
COCC(O)CN(c1cc(OC)cc(OC)c1)c1ccc2ncc(-c3cnn(C)c3)nc2c1,5.259999900311453
COc1cc(OC)cc(N(CCC2CCNCC2)c2ccc3ncc(-c4cnn(C)c4)nc3c2)c1,5.949999401714238
[2H]C([2H])([2H])Oc1cc(OC)cc(N(CCO)c2ccc3ncc(-c4cnn(C)c4)nc3c2)c1,5.650000220873455
[2H]C([2H])([2H])n1cc(-c2ccc3ncc(N(CCO)c4cc(OC)cc(OC)c4)nc3c2)cn1,5.670000424450806
CCOc1cc(F)cc(N(CCO)c2ccc3ncc(-c4cnn(C)c4)nc3c2)c1,5.330000131185909
COc1ccc(OC)c(N(CCO)c2ccc3ncc(-c4cnn(C)c4)nc3c2)c1.Cl,5.0
C=Cc1cc(OC)cc(N(CC2CC2)c2ccc3ncc(-c4cnn(C)c4)nc3c2)c1.Cl,5.0
COCCc1cc(OC)cc(N(CC2CC2)c2ccc3ncc(-c4cnn(C)c4)nc3c2)c1.Cl,5.0
COc1cc(OC)cc(N(CC(O)CNC(C)C)c2ccc3ncc(-c4cnn(C)c4)nc3c2)c1,5.470000200122707
COc1cc(C2OCCO2)cc(N(CC2CC2)c2ccc3ncc(-c4cnn(C)c4)nc3c2)c1,5.0
COc1cc(OC)cc(N(CC2(OC)CCCNC2)c2ccc3ncc(-c4cnn(C)c4)nc3c2)c1.Cl,5.309999839831227
COc1cc(OC)c(Cl)c(N(CCCN2CCCC2)c2ccc3ncc(-c4cnn(C)c4)nc3c2)c1.Cl,6.399996913372259
COc1ccc(Cl)c(N(CCNC(C)C)c2ccc3ncc(-c4cnn(C)c4)nc3c2)c1.Cl,5.889999848866887
COc1cc(OC)c(C)c(N(CCO)c2ccc3ncc(-c4cnn(C)c4)nc3c2)c1,5.8399999311187
COc1cc(OC)c(Cl)c(N(CCO)c2ccc3ncc(-c4cnn(C)c4)nc3c2)c1,6.069998998990925
COc1ccc(OC)c(N(CCNC(C)C)c2ccc3ncc(-c4cnn(C)c4)nc3c2)c1,5.0
CNC(=O)c1cc(OC)cc(N(CCN)c2ccc3ncc(-c4cnn(C)c4)nc3c2)c1,5.250000251143582
CNC(=O)Cn1cc(-c2ccc3ncc(N(CCN)c4cc(OC)cc(OC)c4)nc3c2)cn1,5.0
COc1cc(OC)cc(N(CCN2CCCC(C#N)C2)c2ccc3ncc(-c4cnn(C)c4)nc3c2)c1,5.250000251143582
COc1cc(OC)cc(N(CC(O)CN)c2ccc3ncc(-c4cnn(C)c4)nc3c2)c1,5.489999539566098
COc1cc(OC)cc(N(CCN2CCC(F)(F)CC2)c2ccc3ncc(-c4cnn(C)c4)nc3c2)c1,5.130000141365475
Cl.[2H]C([2H])([2H])Oc1cc(OC)cc(N(CCNC(C)C)c2ccc3ncc(-c4cn[nH]c4)nc3c2)c1,5.809999051930338
Cn1cc(-c2ccc3ncc(N(CCN)c4cc(F)cc(OCCO)c4)nc3c2)cn1,5.2399999527072705
COc1cc(OC)cc(N(Cc2cn(CCO)nn2)c2ccc3ncc(-c4cnn(C)c4)nc3c2)c1,5.489999539566098
COc1cc(F)cc(N(CCCN2CCCC2)c2ccc3ncc(-c4cn[nH]c4)nc3c2)c1.Cl,5.509999358109048
COc1cc(OC)cc(N(CCCNCC(F)(F)F)c2ccc3ncc(-c4cnn(C)c4)nc3c2)c1,5.0
COc1cc(OC)cc(N(CCN)c2ccc3ncc(-c4cnn(CC5CCOCC5)c4)nc3c2)c1.Cl,5.899998417198648
COc1cc(OC)cc(N(CCCNC(=O)C(C)(O)C(F)(F)F)c2ccc3ncc(-c4cnn(C)c4)nc3c2)c1.Cl,5.9699997184078955
COc1cc(OC)cc(N(CCCNC(=O)C(C)(O)C(F)(F)F)c2ccc3ncc(-c4cnn(C)c4)nc3c2)c1,5.9699997184078955
COc1ccc(OC)c(N(CCNC(C)C)c2ccc3ncc(-c4cn[nH]c4)nc3c2)c1,5.0
COc1ccc(OC)c(N(CCN)c2ccc3ncc(-c4cn[nH]c4)nc3c2)c1.Cl,5.0
COc1ccc(Cl)c(N(CCNC(C)C)c2ccc3ncc(-c4cn[nH]c4)nc3c2)c1.Cl,5.670000424450806
COc1cc(OC)c(Cl)c(N(CCNC(C)C)c2ccc3ncc(-c4cnn(C)c4)nc3c2)c1.Cl,6.959991363986458
CCN(CC)CCN(c1cc(OC)cc(OC)c1)c1ccc2ncc(-c3cnn(C)c3)nc2c1,5.760000207113128
[2H]C([2H])([2H])n1cc(-c2cnc3ccc(N(CCNC(C)C)c4cc(OC)cc(OC)c4)cc3n2)cn1,5.889999848866887
[2H]C([2H])([2H])Oc1cc(OC)cc(N(CCNC(C)C)c2ccc3ncc(-c4cnn(C)c4)nc3c2)c1,5.95999928552668
COc1cc(OC)cc(N(CCNC(=O)C2CC2)c2ccc3ncc(-c4cnn(C)c4)nc3c2)c1,5.4599998126889995
COc1cc(OC)cc(N(CCNC(C)=O)c2ccc3ncc(-c4cnn(C)c4)nc3c2)c1,5.650000220873455
COc1cc(OC)cc(N(CCn2cccn2)c2ccc3ncc(-c4cnn(C)c4)nc3c2)c1.Cl,5.570000775141681
CCn1cc(-c2cnc3ccc(N(CCNC)c4cc(OC)cc(OC)c4)cc3n2)cn1,5.6299997805248845
CNCCN(c1cc(OC)cc(OC)c1)c1ccc2ncc(-c3cnn(C(C)C)c3)nc2c1.Cl,5.59999938302362
COc1cc(OC)c(C)c(N(CCNC(C)C)c2ccc3ncc(-c4cnn(C)c4)nc3c2)c1.Cl,6.399996913372259
COc1ccc(Cl)c(N(CCO)c2ccc3ncc(-c4cn[nH]c4)nc3c2)c1.Cl,5.0
CNC(=O)Cn1cc(-c2cnc3ccc(N(CCNC(C)C)c4cc(OC)cc(OC)c4)cc3n2)cn1.Cl,5.390000296157769
COc1cc(OC)cc(N(CCNC(=O)C(C)(O)C(F)(F)F)c2ccc3ncc(-c4cnn(C)c4)nc3c2)c1,5.829999526735649
COc1cc(OC)cc(N(CCCN2CCC(N3C[C@@H](C)O[C@@H](C)C3)C2)c2ccc3ncc(-c4cnn(C)c4)nc3c2)c1.Cl,5.740000204918113
COc1cc(OC)cc(N(CCN2CCC(N(C)C)C2)c2ccc3ncc(-c4cnn(C)c4)nc3c2)c1,5.689999562814496
COc1cc(OC)cc(N(CC2CCN(C(C)C)CC2)c2ccc3ncc(-c4cnn(C)c4)nc3c2)c1,5.059999795537068
COc1cc(OC)cc(N(Cc2csc(C)n2)c2ccc3ncc(-c4cnn(CCN5CCNCC5)c4)nc3c2)c1,5.4599998126889995
COc1cc(OC)cc(N(CCN2CC[C@H](C#N)C2)c2ccc3ncc(-c4cn[nH]c4)nc3c2)c1,5.280000380871156
COc1cc(OC)cc(N(CCCN2CCC(F)(F)C2)c2ccc3ncc(-c4cn[nH]c4)nc3c2)c1,5.039999923502186
COc1cc(OC)cc(N(CCCN2CCC(F)(F)C2)c2ccc3ncc(-c4cn[nH]c4)nc3c2)c1.Cl,5.039999923502186
COc1cc(OC)cc(N(CCCN2CCC(F)(F)C2)c2ccc3ncc(-c4cnn(CC5CCOCC5)c4)nc3c2)c1.Cl,5.149999867728904
COc1cc(OCCF)cc(N(CCO)c2ccc3ncc(-c4cnn(C)c4)nc3c2)c1,5.529999886197673
COc1cc(OC)cc(N(CCN2CC[C@H](C#N)C2)c2ccc3ncc(-c4cnn(CC5CCOCC5)c4)nc3c2)c1,6.040000399696793
COc1cc(OC)cc(N(CCCN2CCC(C(F)(F)F)CC2)c2ccc3ncc(-c4cnn(C)c4)nc3c2)c1,5.710001024518514
COc1cc(OC)cc(N(CC2CCN(C)CC2)c2ccc3ncc(-c4cnn(C)c4)nc3c2)c1,5.349999603463148
COc1cc(OC)cc(N(CCCN2CCC[C@@H]2CO)c2ccc3ncc(-c4cnn(C)c4)nc3c2)c1,5.770000934050708
COc1cc(OC)cc(N(Cc2nnc(NCCO)o2)c2ccc3ncc(-c4cnn(C)c4)nc3c2)c1,5.039999923502186
COc1cc(OC)cc(N(CCCN2CCC[C@@H]2C)c2ccc3ncc(-c4cnn(C)c4)nc3c2)c1.Cl,5.800000874803203
COc1cc(OC)cc(N(CCN2CCC[C@@H]2CO)c2ccc3ncc(-c4cnn(C)c4)nc3c2)c1,5.380000399499541
COc1cc(OC)cc(N(CCN2CCC[C@H]2CO)c2ccc3ncc(-c4cnn(C)c4)nc3c2)c1,5.570000775141681
COc1cc(OC)cc(N(Cc2ccc(Cl)s2)c2ccc3ncc(-c4cnn(CCN5CCNCC5)c4)nc3c2)c1.Cl,5.620000528471499
CCn1cc(-c2cnc3ccc(N(CCNC(C)C)c4cc(OC)cc(OC)c4)cc3n2)cn1.Cl,5.820000358220839
COc1cc(OC)cc(N(CC(C)(C)O)c2ccc3ncc(-c4cn[nH]c4)nc3c2)c1,5.089999741487069
COc1cc(OC)cc(N(CCCO)c2ccc3ncc(-c4cnn(C(C)C)c4)nc3c2)c1,5.4599998126889995
COc1cc(F)cc(N(CCO)c2ccc3ncc(-c4cn[nH]c4)nc3c2)c1,5.0
CCOc1cc(F)cc(N(CCN)c2ccc3ncc(-c4cnn(C)c4)nc3c2)c1,5.039999923502186
COc1cc(OC)cc(N(CCNC(C)C)c2ccc3ncc(-c4cnn(CC5CCOCC5)c4)nc3c2)c1.Cl,5.879998925531604
COc1cc(OC)cc(N(CCC2CCN(C(C)C)CC2)c2ccc3ncc(-c4cnn(C)c4)nc3c2)c1,5.889999848866887
COc1cc(OC)cc(N(C[C@@H](O)CO)c2ccc3ncc(-c4cnn(C)c4)nc3c2)c1,5.119999756699334
COc1cc(OC)cc(N(C[C@H](O)CO)c2ccc3ncc(-c4cnn(C)c4)nc3c2)c1,5.280000380871156
COc1cc(OC)cc(N(CC(O)C(F)(F)F)c2ccc3ncc(-c4cnn(C)c4)nc3c2)c1,5.269999835325842
CCn1cc(-c2cnc3ccc(N(CCN)c4cc(OC)cc(OC)c4)cc3n2)cn1,5.589999287456538
CCCn1cc(-c2cnc3ccc(N(CCN)c4cc(OC)cc(OC)c4)cc3n2)cn1.Cl,5.679999195735272
CNC(=O)c1cc(OC)cc(N(CCNC(C)C)c2ccc3ncc(-c4cnn(C)c4)nc3c2)c1,5.90999956608739
COc1cc(OC)cc(N(CCCN2C[C@@H](C)O[C@@H](C)C2)c2ccc3ncc(-c4cnn(C)c4)nc3c2)c1,5.169999984192581
COc1cc(OC)cc(N(CCCN2CCNCC2)c2ccc3ncc(-c4cnn(C)c4)nc3c2)c1,5.559999795538785
COc1cc(F)cc(N(CCN)c2ccc3ncc(-c4cnn(C)c4)nc3c2)c1,5.130000141365475
COc1cc(OC)cc(N(CCCN2CCC(S(C)(=O)=O)C2)c2ccc3ncc(-c4cnn(C)c4)nc3c2)c1,6.339998279897117
COc1cc(F)cc(N(CCNC(C)C)c2ccc3ncc(-c4cnn(C)c4)nc3c2)c1,5.790000026071145
COc1cc(OC)cc(N(CCCN)c2ccc3ncc(-c4cnn(C(C)C)c4)nc3c2)c1,6.0
COc1cc(F)cc(N(CCCN2CCC(C#N)C2)c2ccc3ncc(-c4cnn(C)c4)nc3c2)c1,5.470000200122707
COc1cc(OC)cc(N(CCNC(C)C)c2ccc3ncc(-c4cn[nH]c4)nc3c2)c1.Cl,5.879998925531604
COc1cc(OC)cc(N(CC(=O)NCCN)c2ccc3ncc(-c4cnn(C)c4)nc3c2)c1.Cl,5.0
CNC(=O)c1cc(OC)cc(N(CC2CC2)c2ccc3ncc(-c4cnn(C)c4)nc3c2)c1,5.650000220873455
COc1cc(OC)cc(N(Cc2ncc[nH]2)c2ccc3ncc(-c4cnn(C)c4)nc3c2)c1,5.589999287456538
CNC(=O)c1cc(F)cc(N(CC2CC2)c2ccc3ncc(-c4cnn(C)c4)nc3c2)c1,5.809999051930338
COc1cc(OC)cc(N(CCCN2CCCC2)c2ccc3ncc(-c4cnn(C(C)C)c4)nc3c2)c1.Cl,6.090000275786018
CNC(=O)c1cc(F)cc(N(CCO)c2ccc3ncc(-c4cnn(C)c4)nc3c2)c1,6.2900011719748115
CNC[C@@H](O)CN(c1cc(OC)cc(OC)c1)c1ccc2ncc(-c3cnn(C)c3)nc2c1,5.879998925531604
CNC[C@H](O)CN(c1cc(OC)cc(OC)c1)c1ccc2ncc(-c3cnn(C)c3)nc2c1,5.95999928552668
COc1cc(OC)cc(N(CCNS(=O)(=O)C(C)C)c2ccc3ncc(-c4cnn(C)c4)nc3c2)c1,6.32000008377078
COc1cc(OC)cc(N(CC(O)CNCC(F)(F)F)c2ccc3ncc(-c4cnn(C)c4)nc3c2)c1,5.290000325166601
CNC(=O)Cn1cc(-c2cnc3ccc(N(CCCN)c4cc(OC)cc(OC)c4)cc3n2)cn1,5.149999867728904
COc1cc(OC)cc(N(CCNCCC#N)c2ccc3ncc(-c4cnn(C)c4)nc3c2)c1,5.499999678657065
COC/C(CN(c1cc(OC)cc(OC)c1)c1ccc2ncc(-c3cnn(C)c3)nc2c1)=N\O,5.369999510099088
COC/C(CN(c1cc(OC)cc(OC)c1)c1ccc2ncc(-c3cnn(C)c3)nc2c1)=N/O,5.219999701663429
COc1cc(OC)cc(N(CC2(C)COC2)c2ccc3ncc(-c4cnn(C)c4)nc3c2)c1,5.309999839831227
COc1cc(OC)cc(N(CCCN2CCC[C@H]2CNS(=O)(=O)C(F)(F)F)c2ccc3ncc(-c4cnn(C)c4)nc3c2)c1,7.0499760934766735
CNCCN(c1cc(F)cc(OC)c1)c1ccc2ncc(-c3cnn(C)c3)nc2c1,5.529999886197673
COc1cc(OC)cc(N(CCC(C)(C)O)c2ccc3ncc(-c4cnn(C)c4)nc3c2)c1,5.679999195735272
CNC(=O)c1cc(OC)cc(N(CCNC(C)C)c2ccc3ncc(-c4cnn(C(C)C)c4)nc3c2)c1,6.9399824574684
COc1cc(OC)cc(N(CCN2CCC[C@@H]2C)c2ccc3ncc(-c4cnn(C)c4)nc3c2)c1.Cl,5.7299993321845495
COc1cc(OC)cc(N(CCNCC(F)F)c2ccc3ncc(-c4cnn(C)c4)nc3c2)c1,5.679999195735272
COc1cc(OC)cc(N(CCCN2CCOC2=O)c2ccc3ncc(-c4cnn(C)c4)nc3c2)c1,5.940001369850308
COc1cc(OC)cc(N(CCCN2C[C@@H](C)N[C@@H](C)C2)c2ccc3ncc(-c4cnn(C)c4)nc3c2)c1,5.450000476425332
COc1cc(OC)cc(N(CCCN2CCS(=O)(=O)CC2)c2ccc3ncc(-c4cnn(C)c4)nc3c2)c1,5.889999848866887
COc1cc(OCCF)cc(N(CCNC(C)C)c2ccc3ncc(-c4cnn(C)c4)nc3c2)c1.Cl,6.0800019690359814
COc1cc(OC)cc(N(CCN2CCCC(C(N)=O)C2)c2ccc3ncc(-c4cnn(C)c4)nc3c2)c1,5.740000204918113
COc1cc(OC)cc(N(CCN2CC3(COC3)C2)c2ccc3ncc(-c4cnn(C)c4)nc3c2)c1,5.929999096197655
COc1cc(OC)cc(N(CCNC(C)C)c2ccc3ncc(-c4cnn(C(C)C)c4)nc3c2)c1.Cl,6.299997602857746
COc1cc(OC)cc(N(CCN2CCC(CO)CC2)c2ccc3ncc(-c4cnn(C)c4)nc3c2)c1,6.020001176026261
COc1cc(OC)cc(N(C[C@H](O)CNCC(F)(F)F)c2ccc3ncc(-c4cnn(C)c4)nc3c2)c1,5.219999701663429
COc1cc(OC)cc(N(C[C@@H](O)CNCC(F)(F)F)c2ccc3ncc(-c4cnn(C)c4)nc3c2)c1,5.480000159330324
COc1cc(OC)cc(N(CCN)c2ccc3ncc(-c4cnn(C(C)C)c4)nc3c2)c1,5.749999855918706
COc1cc(OC)cc(N(C[C@H](O)CN2CC[C@H](C#N)C2)c2ccc3ncc(-c4cnn(C)c4)nc3c2)c1.Cl,5.540000226349733
COc1cc(OC)cc(N(C[C@@H](O)CN2CC[C@H](C#N)C2)c2ccc3ncc(-c4cnn(C)c4)nc3c2)c1.Cl,5.860001341725206
COc1cc(OC)cc(N(CCCn2ccnc2C)c2ccc3ncc(-c4cnn(C)c4)nc3c2)c1,5.940001369850308
COc1cc(OC)cc(N(CCN2CCN(C(C)=O)CC2)c2ccc3ncc(-c4cnn(C)c4)nc3c2)c1,5.749999855918706
COc1cc(OC)cc(N(CCN2CCN(CCO)CC2)c2ccc3ncc(-c4cnn(C)c4)nc3c2)c1,6.190002844637807
COc1cc(OC)cc(N(CCNCC2CC2)c2ccc3ncc(-c4cnn(C)c4)nc3c2)c1,6.069998998990925
COc1cc(OC)cc(N(CCN2CCN(C)CC2)c2ccc3ncc(-c4cnn(C)c4)nc3c2)c1,6.339998279897117
COc1cc(OC)cc(N(CC2CN(Cc3ccccc3)CCO2)c2ccc3ncc(-c4cnn(C)c4)nc3c2)c1,5.0
COc1cc(OC)cc(N(CCCN2CCOCC2)c2ccc3ncc(-c4cnn(C)c4)nc3c2)c1.Cl,6.2399999527072705
COc1cc(OC)cc(N(c2ccc3ncc(-c4cnn(C)c4)nc3c2)C2COC2)c1,5.5200002474083645
COc1cc(OC)cc(N(CCn2ccnc2C)c2ccc3ncc(-c4cnn(C)c4)nc3c2)c1,5.0
COc1cc(OC)cc(N(CCNCCO)c2ccc3ncc(-c4cnn(C)c4)nc3c2)c1,6.309998953116936
CCN(CCN(c1cc(OC)cc(OC)c1)c1ccc2ncc(-c3cnn(C)c3)nc2c1)C(C)C.Cl,6.160000609491408
COc1cc(OC)cc(N(CCN2CCC[C@H]2C)c2ccc3ncc(-c4cnn(C)c4)nc3c2)c1.Cl,6.350003492533959
COc1cc(OC)cc(N(C/C(=N/O)C(C)C)c2ccc3ncc(-c4cnn(C)c4)nc3c2)c1,5.0
COc1cc(OC)cc(N(C/C(=N\O)C(C)C)c2ccc3ncc(-c4cnn(C)c4)nc3c2)c1,5.330000131185909
C=CCN(c1cc(F)cc(OC)c1)c1ccc2ncc(-c3cnn(C)c3)nc2c1,5.180000294489514
COc1cc(OC)cc(N(CCN2CCNC(=O)C2)c2ccc3ncc(-c4cnn(C)c4)nc3c2)c1,5.3400001801593495
COc1cc(CO)cc(N(CCCN2CCCC2)c2ccc3ncc(-c4cnn(C)c4)nc3c2)c1,5.349999603463148
COc1cc(OC)cc(N(CCN2CCC(C(C)(C)O)CC2)c2ccc3ncc(-c4cnn(C(C)C)c4)nc3c2)c1,5.740000204918113
COc1cc(OC)cc(N(CC(O)CN2CCOCC2)c2ccc3ncc(-c4cnn(C)c4)nc3c2)c1,5.499999678657065
COc1cc(OC)cc(N(CCCN2CCCC(C(N)=O)C2)c2ccc3ncc(-c4cnn(C)c4)nc3c2)c1,6.3799993576999325
COc1cc(OC)cc(N(Cc2ccc(Cl)nc2)c2ccc3ncc(-c4cnn(C)c4)nc3c2)c1,5.110000065251387
COc1cc(OC)cc(N(CCN2CCC(CCO)CC2)c2ccc3ncc(-c4cnn(C)c4)nc3c2)c1,5.679999195735272
COc1cc(OC)cc(N(CCN2CCN(C(=O)C3CC3)CC2)c2ccc3ncc(-c4cnn(C)c4)nc3c2)c1,5.369999510099088
COc1cc(OC)cc(N(CC(F)CN)c2ccc3ncc(-c4cnn(C)c4)nc3c2)c1,5.929999096197655
COc1cc(OC)cc(N(c2ccc3ncc(-c4cnn(C)c4)nc3c2)[C@H]2CC[C@@H](NC(C)C)CC2)c1,6.020001176026261
COc1cc(OC)cc(N(c2ccc3ncc(-c4cnn(C)c4)nc3c2)[C@H]2CC[C@H](NC(C)C)CC2)c1,5.650000220873455
COc1cc(OC)cc(N(CCCN2[C@H](C)CC[C@@H]2C)c2ccc3ncc(-c4cnn(C)c4)nc3c2)c1.Cl,5.559999795538785
COc1cc(OC)cc(N(CCN2CCCC2=O)c2ccc3ncc(-c4cnn(C)c4)nc3c2)c1,5.0
COc1cc(OC)cc(N(CCCN2[C@@H](C)CC[C@@H]2C)c2ccc3ncc(-c4cnn(C)c4)nc3c2)c1.Cl,5.889999848866887
COc1cc(OC)cc(N(CCCN2CCCC2=O)c2ccc3ncc(-c4cnn(C(C)C)c4)nc3c2)c1,5.949999401714238
CNC(=O)c1cc(OC)cc(N(CCCN2CCCC2)c2ccc3ncc(-c4cnn(C)c4)nc3c2)c1,6.0800019690359814
COc1cc(OC)cc(N(CCNCC2CCCO2)c2ccc3ncc(-c4cnn(C)c4)nc3c2)c1.Cl,5.879998925531604
COc1cc(OC)cc(N(CCNC[Si](C)(C)C)c2ccc3ncc(-c4cnn(C)c4)nc3c2)c1.Cl,6.0
[2H]C([2H])([2H])Oc1cc(F)cc(N(CCN)c2ccc3ncc(-c4cnn(C)c4)nc3c2)c1,5.159999981744464
COc1cc(OC)cc(N(Cc2cc(C)n(C)n2)c2ccc3ncc(-c4cnn(C)c4)nc3c2)c1,5.0
COc1cc(F)cc(N(CCCNC(C)C)c2ccc3ncc(-c4cnn(C)c4)nc3c2)c1,5.550000451689026
COc1cc(OC)cc(N(CCCN2CCC[C@@H]2CC#N)c2ccc3ncc(-c4cnn(C)c4)nc3c2)c1.Cl,5.949999401714238
COc1cc(OC)cc(N(C[C@H](O)CNC(C)C)c2ccc3ncc(-c4cnn(C)c4)nc3c2)c1.Cl,5.579999668433626
COc1cc(OC)cc(N(C[C@@H](O)CNC(C)C)c2ccc3ncc(-c4cnn(C)c4)nc3c2)c1.Cl,5.5200002474083645
COc1cc(OC)cc(N(CCN2CCOC2=O)c2ccc3ncc(-c4cnn(C)c4)nc3c2)c1,5.180000294489514
COc1cc(OC)cc(N(CCCN2[C@H](C)CC[C@@H]2C)c2ccc3ncc(-c4cnn(C)c4)nc3c2)c1,5.899998417198648
COc1cc(OC)cc(N(CCCn2c(C)cnc2C)c2ccc3ncc(-c4cnn(C)c4)nc3c2)c1.Cl,5.720000163638921
COc1cc(OC)cc(N(CCNC2CCN(S(N)(=O)=O)CC2)c2ccc3ncc(-c4cnn(C)c4)nc3c2)c1,5.770000934050708
COc1cc(F)cc(N(CCCO)c2ccc3ncc(-c4cnn(C)c4)nc3c2)c1,5.2399999527072705
COc1cc(OC)cc(N(CCn2cc(C)nc2C)c2ccc3ncc(-c4cnn(C)c4)nc3c2)c1.Cl,5.0
COc1cc(OC)cc(N(CCn2c(C)cnc2C)c2ccc3ncc(-c4cnn(C)c4)nc3c2)c1,5.0
COc1cc(OC)cc(N(Cc2cccnc2)c2ccc3ncc(-c4cnn(C)c4)nc3c2)c1,5.5200002474083645
COc1cc(OC)cc(N(Cc2ccncc2)c2ccc3ncc(-c4cnn(C)c4)nc3c2)c1,5.089999741487069
COc1cc(OC)cc(N(Cc2cnccn2)c2ccc3ncc(-c4cnn(C)c4)nc3c2)c1,5.229999745811777
CNCCN(c1cc(OC)cc(OC)c1)c1ccc2ncc(-c3cnn(CC4CCOCC4)c3)nc2c1.Cl,6.090000275786018
COc1cc(OC)cc(N(CCCNC(C)C)c2ccc3ncc(-c4cnn(C)c4)nc3c2)c1.Cl,5.889999848866887
COc1cc(OC)cc(N(CCN2[C@@H](C)CC[C@@H]2C)c2ccc3ncc(-c4cnn(C)c4)nc3c2)c1,6.260000690598032
COc1cc(OC)cc(N(CCCN2CC=CCC2)c2ccc3ncc(-c4cnn(C)c4)nc3c2)c1.Cl,6.509999358109048
COc1cc(OC)cc(N(CCCN2CCCC2(C)C)c2ccc3ncc(-c4cnn(C)c4)nc3c2)c1.Cl,5.820000358220839
COc1cc(F)cc(N(CCCNCC(F)(F)F)c2ccc3ncc(-c4cnn(C)c4)nc3c2)c1,5.0
COc1cc(OC)cc(N(CCN2CCN(C3CCN(C(C)=O)CC3)CC2)c2ccc3ncc(-c4cnn(C)c4)nc3c2)c1,5.820000358220839
COc1cc(OC)cc(N(Cc2cccc(Br)n2)c2ccc3ncc(-c4cnn(C)c4)nc3c2)c1,5.0
COc1cc(OC)cc(N(CCN2CCCNCC2)c2ccc3ncc(-c4cnn(C)c4)nc3c2)c1.O=C(O)C(=O)O,6.050000457140078
COc1cc(OC)cc(N(CCN2CC=CCC2)c2ccc3ncc(-c4cnn(C)c4)nc3c2)c1.Cl,5.689999562814496
COc1cc(OC)cc(N(CCCN2CCC[C@H]2CC#N)c2ccc3ncc(-c4cnn(C)c4)nc3c2)c1.Cl,5.9699997184078955
COc1cc(OC)cc(N(CCCNCC(F)(F)F)c2ccc3ncc(-c4cnn(C(C)C)c4)nc3c2)c1.Cl,5.070000019492821
COc1cc(OC)cc(N(CCNCCF)c2ccc3ncc(-c4cnn(C)c4)nc3c2)c1,5.59999938302362
COc1cc(F)cc(N(CCNC(C)C)c2ccc3ncc(-c4cn[nH]c4)nc3c2)c1.Cl,5.710001024518514
COc1cc(OC)cc(N(CC(O)C(F)(F)F)c2ccc3ncc(-c4cnn(C(C)C)c4)nc3c2)c1,5.489999539566098
COc1cc(OC)cc(N(C[C@@H](O)C(F)(F)F)c2ccc3ncc(-c4cnn(C)c4)nc3c2)c1,5.489999539566098
COc1cc(OC)cc(N(C[C@H](O)C(F)(F)F)c2ccc3ncc(-c4cnn(C)c4)nc3c2)c1,5.119999756699334
COc1cc(OC)cc(N(Cc2nccn2S(=O)(=O)N(C)C)c2ccc3ncc(-c4cnn(C)c4)nc3c2)c1,5.0
COc1cc(OC)cc(N(Cc2nccn2C)c2ccc3ncc(-c4cnn(C)c4)nc3c2)c1,5.010000098195094
COCC(O)CN(c1cc(OC)cc(OC)c1)c1ccc2ncc(-c3cnn(C(C)C)c3)nc2c1,5.369999510099088
COCC(O)CN(c1cc(OC)cc(OC)c1)c1ccc2ncc(-c3cnn(C(C)C)c3)nc2c1.Cl,5.369999510099088
CNC(=O)c1cc(F)cc(N(CC2CC2)c2ccc3ncc(-c4cnn(C(C)C)c4)nc3c2)c1,5.529999886197673
CCn1ccnc1CN(c1cc(OC)cc(OC)c1)c1ccc2ncc(-c3cnn(C)c3)nc2c1,5.0
COc1cc(OC)cc(N(CC2COCC(C)(C)N2)c2ccc3ncc(-c4cnn(C)c4)nc3c2)c1,6.060001790087838
COc1cc(OC)cc(N(C[C@@H](C)N)c2ccc3ncc(-c4cnn(C)c4)nc3c2)c1,5.070000019492821
COc1cc(OC)cc(N(C[C@H](C)N)c2ccc3ncc(-c4cnn(C)c4)nc3c2)c1,5.219999701663429
COc1cc(OC)cc(N(c2ccc3ncc(-c4cnn(C)c4)nc3c2)[C@H](C)CN)c1,5.1399999760652255
COc1cc(OC)cc(N(c2ccc3ncc(-c4cnn(C)c4)nc3c2)[C@@H](C)CN)c1,5.0
COc1cc(OC)cc(N(CC2COCCN2)c2ccc3ncc(-c4cnn(C)c4)nc3c2)c1,5.820000358220839
COc1cc(OC)cc(N(c2ccc3ncc(-c4cnn(C)c4)nc3c2)C(C)CNC(C)C)c1,5.949999401714238
COc1cc(OC)cc(N(CC(C)NC(C)C)c2ccc3ncc(-c4cnn(C)c4)nc3c2)c1.Cl,5.570000775141681
COc1cc(OC)cc(N(CC#Cc2ccncc2)c2ccc3ncc(-c4cnn(C)c4)nc3c2)c1,5.0
COc1cc(O)cc(N(CC2CC2)c2ccc3ncc(-c4cnn(C)c4)nc3c2)c1,5.130000141365475
COc1cc(OC)cc(N(CC2(CNC(C)C)COC2)c2ccc3ncc(-c4cnn(C)c4)nc3c2)c1,5.0
COc1cc(OC)cc(N(CC(C)NCC(F)(F)F)c2ccc3ncc(-c4cnn(C)c4)nc3c2)c1,5.0
COc1cc(OC)cc(N(c2ccc3ncc(-c4cnn(C)c4)nc3c2)C(C)CNCC(F)(F)F)c1,5.119999756699334
COc1cc(O)cc(N(CCNC(C)C)c2ccc3ncc(-c4cnn(C)c4)nc3c2)c1,5.829999526735649
COc1cc(OC)cc(N(CCNCC(F)(F)F)c2ccc3ncc(-c4cnn(C)c4)nc3c2)c1,5.280000380871156
COc1cc(OC)cc(N(CCCNCC(F)(F)F)c2ccc3ncc(-c4cn[nH]c4)nc3c2)c1,5.0
CNC(=O)Cn1cc(-c2cnc3ccc(N(CCCNC(C)C)c4cc(OC)cc(OC)c4)cc3n2)cn1,5.250000251143582
COc1cc(O)cc(N(CCCO)c2ccc3ncc(-c4cn[nH]c4)nc3c2)c1,5.180000294489514
COc1cc(OC)cc(N(CCC(=O)NCC(F)(F)F)c2ccc3ncc(-c4cnn(C)c4)nc3c2)c1,5.639999555020352
COc1cc(O)cc(N(CCCNCC(F)(F)F)c2ccc3ncc(-c4cnn(C)c4)nc3c2)c1,5.269999835325842
COc1cc(O)cc(N(CCO)c2ccc3ncc(-c4cnn(C)c4)nc3c2)c1,5.589999287456538
COc1cc(O)cc(N(CCN)c2ccc3ncc(-c4cnn(C)c4)nc3c2)c1,5.0
COc1cc(O)cc(N(CCNC(C)C)c2ccc3ncc(-c4cn[nH]c4)nc3c2)c1.Cl,5.0
COc1cc(O)cc(N(CCCNCC(F)(F)F)c2ccc3ncc(-c4cn[nH]c4)nc3c2)c1.Cl,4.989999996723885
COc1cc(OC)cc(N(CCCNCC(F)(F)F)c2ccc3ncc(-c4cnn(CCCN)c4)nc3c2)c1.Cl,5.280000380871156
COc1cc(OC)cc(N(CC(=O)NC(C)C)c2ccc3ncc(-c4cnn(C)c4)nc3c2)c1,5.0
[2H]C([2H])([2H])Oc1cc(OC([2H])([2H])[2H])cc(N(CCCO)c2ccc3ncc(-c4cnn(C)c4)nc3c2)c1,5.790000026071145
COc1cccc(N(CCO)c2ccc3ncc(-c4cnn(C)c4)nc3c2)c1,5.2399999527072705
COc1cc(OC)cc(N(CCNC(C)C)c2ccc3ncc(-c4cnn(CCCN)c4)nc3c2)c1.O=C(O)C(F)(F)F,5.589999287456538
[2H]C([2H])([2H])Oc1cc(OC([2H])([2H])[2H])cc(N(CCCNCC(F)(F)F)c2ccc3ncc(-c4cnn(C)c4)nc3c2)c1,5.330000131185909
COc1cc(OC)cc(N(CCN(CCCN)C(C)C)c2ccc3ncc(-c4cnn(C)c4)nc3c2)c1.Cl,5.410000161858408
COc1cc(OC)cc(N(CC#Cc2cccnc2)c2ccc3ncc(-c4cnn(C)c4)nc3c2)c1,5.0
COc1cc(OC)cc(N(CC#Cc2ccccn2)c2ccc3ncc(-c4cnn(C)c4)nc3c2)c1,5.0
COc1cccc(N(CCNC(C)C)c2ccc3ncc(-c4cnn(C)c4)nc3c2)c1.Cl,5.589999287456538
COc1cc(OC)cc(N(CCCNCC(F)F)c2ccc3ncc(-c4cnn(C)c4)nc3c2)c1,5.559999795538785
COc1cc(OC)cc(N(CCNCCC(F)(F)F)c2ccc3ncc(-c4cnn(C)c4)nc3c2)c1,5.0
Cn1cc(-c2cnc3ccc(N(CCCNCC(F)(F)F)c4cc(Cl)cc(Cl)c4)cc3n2)cn1,5.0
CCN(CC)Cc1cc(OC)cc(N(CCCN2CCCC2)c2ccc3ncc(-c4cnn(C)c4)nc3c2)c1,5.0
CC(C)NCCN(c1cc(Cl)cc(Cl)c1)c1ccc2ncc(-c3cnn(C)c3)nc2c1,5.190000154058473
COc1cc(OC)cc(N(CCN(C)C)c2ccc3ncc(-c4cnn(C)c4)nc3c2)c1,5.920001601921648
COc1cc(OC)cc(N(CCN2C[C@@H]3C[C@H]2CN3C(=O)OC(C)(C)C)c2ccc3ncc(-c4cnn(C)c4)nc3c2)c1,5.110000065251387
COc1cc(OC)c(Cl)c(N(CCO)c2ccc3ncc(-c4cnn(C)c4)nc3c2)c1Cl,5.7299993321845495
COc1cc(OC)cc(N(CCNC(C)C)c2ccc3ncc(-c4cnn(C)c4C)nc3c2)c1,5.800000874803203
COc1cc(OC)cc(N(CCCNCC(C)(F)F)c2ccc3ncc(-c4cnn(C)c4)nc3c2)c1,5.529999886197673
COc1cc(OC)cc(N(CCN2C[C@@H]3C[C@H]2CN3)c2ccc3ncc(-c4cnn(C)c4)nc3c2)c1.Cl,5.639999555020352
COc1cc(OC)c(Cl)c(N(CCNC(C)C)c2ccc3ncc(-c4cnn(C)c4)nc3c2)c1Cl,6.329995488683631
COc1cc(OC)cc(N(CCCNC(=O)C(F)(F)F)c2ccc3ncc(-c4cn[nH]c4)nc3c2)c1.O=C(O)C(F)(F)F,6.130000141365475
COc1cc(OC)cc(N(CC#Cc2ncccn2)c2ccc3ncc(-c4cnn(C)c4)nc3c2)c1,5.210000001311122
COc1cc(OC)cc(N(CC#CC(C)(C)O)c2ccc3ncc(-c4cnn(C)c4)nc3c2)c1,5.1399999760652255
COc1cc(OC)cc(N(CCCNC(C)(C)CF)c2ccc3ncc(-c4cnn(C)c4)nc3c2)c1,5.920001601921648
COc1cc(N(CCCNCC(F)(F)F)c2ccc3ncc(-c4cnn(C)c4)nc3c2)cc(F)c1F.Cl,5.0
COc1cc(OC)cc(N(CCF)c2ccc3ncc(-c4cnn(C)c4)nc3c2)c1,5.0
COc1cc(OC)cc(N(CCO)c2ccc3ncc(-c4cnn(C)c4CCO)nc3c2)c1,5.40000018605658
COc1cc(OC)cc(N(CCO)c2ccc3ncc(-c4cnn(C5CCN(C(=O)OC(C)(C)C)CC5)c4)nc3c2)c1,5.0
COc1cc(OC)cc(N(CCO)c2ccc3ncc(-c4cnn(C5CCN(C)CC5)c4)nc3c2)c1,5.710001024518514
COc1cc(OC)cc(N(CC#Cc2ncccc2OC)c2ccc3ncc(-c4cnn(C)c4)nc3c2)c1,5.0
COc1cc(OC)cc(N(CCNC(C)C)c2ccc3ncc(-c4cnn(C5CCN(C(=O)OC(C)(C)C)CC5)c4)nc3c2)c1,6.009998764965339
COc1cc(OC)cc(N(CC#Cc2cc(C#N)ccn2)c2ccc3ncc(-c4cnn(C)c4)nc3c2)c1,5.0
COc1cc(OC)cc(N(CC#Cc2cccc(C#N)n2)c2ccc3ncc(-c4cnn(C)c4)nc3c2)c1,5.0
COc1cc(OC)cc(N(CC#Cc2nccs2)c2ccc3ncc(-c4cnn(C)c4)nc3c2)c1,5.3400001801593495
COc1cc(OC)cc(N(CCNC(C)C)c2ccc3ncc(-c4cnn(C5CCNCC5)c4)nc3c2)c1,5.6099998081597775
[2H]C([2H])([2H])Oc1cc(OC([2H])([2H])[2H])cc(N(c2ccc3ncc(-c4cnn(C)c4)nc3c2)C([2H])([2H])C([2H])([2H])O)c1,5.860001341725206
COc1cccc(C#CCN(c2cc(OC)cc(OC)c2)c2ccc3ncc(-c4cnn(C)c4)nc3c2)c1,5.039999923502186
COc1cc(OC)cc(N(CC#Cc2ccnc(OC)c2)c2ccc3ncc(-c4cnn(C)c4)nc3c2)c1,5.0
[2H]C([2H])([2H])Oc1cc(OC([2H])([2H])[2H])cc(N(c2ccc3ncc(-c4cnn(C)c4)nc3c2)C([2H])([2H])C([2H])([2H])NC(C)C)c1,6.040000399696793
COc1cc(OC)cc(N(CCCc2ccncc2)c2ccc3ncc(-c4cnn(C)c4)nc3c2)c1,5.509999358109048
COc1cc(OC)cc(N(CCNC(C)C)c2ccc3ncc(-c4cnn(C5CCN(C)CC5)c4)nc3c2)c1.Cl,6.0999990348465305
COc1cc(OC)cc(N(CC#Cc2ccccc2)c2ccc3ncc(-c4cnn(C)c4)nc3c2)c1,5.0
COc1cc(OC)cc(N(CCO)c2ccc3ncc(-c4cnn(C)c4CCCO)nc3c2)c1,5.219999701663429
COc1cc(OC)cc(N(CC#Cc2cccc(CO)n2)c2ccc3ncc(-c4cnn(C)c4)nc3c2)c1,5.039999923502186
COc1cc(OC)cc(N(CC#Cc2cccc(N)n2)c2ccc3ncc(-c4cnn(C)c4)nc3c2)c1,5.010000098195094
COc1cc(OC)cc(N(CCCO)c2ccc3ncc(-c4c(C)nn(C)c4C)nc3c2)c1,5.0
COc1cc(OC)cc(N(CCO)c2ccc3ncc(-c4c(C)nn(C)c4C)nc3c2)c1,5.100000128334196
COc1cc(OC)cc(N(CC#Cc2nccc(OC)n2)c2ccc3ncc(-c4cnn(C)c4)nc3c2)c1,5.0
COc1cc(OC)cc(N(CC#Cc2ccnc(N)n2)c2ccc3ncc(-c4cnn(C)c4)nc3c2)c1,5.650000220873455
COc1cc(OC)cc(N(CC#Cc2ccnc(C#N)c2)c2ccc3ncc(-c4cnn(C)c4)nc3c2)c1,5.290000325166601
COc1cc(OC)cc(N(CC#Cc2ccc(C)cn2)c2ccc3ncc(-c4cnn(C)c4)nc3c2)c1,5.0
COc1cc(OC)cc(N(CC#CC2(O)CCNCC2)c2ccc3ncc(-c4cnn(C)c4)nc3c2)c1,5.0
CCc1c(-c2cnc3ccc(N(CCO)c4cc(OC)cc(OC)c4)cc3n2)cnn1C,5.369999510099088
COc1cc(N(CCNC(C)C)c2ccc3ncc(-c4cnn(C)c4)nc3c2)cc2c1OCO2,6.0800019690359814
COc1cc(OC)cc(N(CCN(C)C(C)C)c2ccc3ncc(-c4cnn(C)c4)nc3c2)c1,6.040000399696793
COc1cc(OC)cc(N(CC#CC2(O)CCNC2)c2ccc3ncc(-c4cnn(C)c4)nc3c2)c1,5.130000141365475
[2H]C([2H])([2H])Oc1cc(OC([2H])([2H])[2H])cc(N(CC#Cc2ccncc2)c2ccc3ncc(-c4cnn(C(C)C)c4)nc3c2)c1,5.229999745811777
COc1cc(OC)cc(N(CC#Cc2ccncc2C#N)c2ccc3ncc(-c4cnn(C)c4)nc3c2)c1,5.8399999311187
COc1cc(OC)cc(N(CC#Cc2cc(N)nc(C)n2)c2ccc3ncc(-c4cnn(C)c4)nc3c2)c1,5.760000207113128
COc1cc(OC)cc(N(CCNC(C)C)c2ccc3ncc(-c4c(C)nn(C)c4C)nc3c2)c1.Cl,5.540000226349733
CCc1c(-c2cnc3ccc(N(CCNCC(F)(F)F)c4cc(OC)cc(OC)c4)cc3n2)cnn1C,5.089999741487069
COc1cc(OC)cc(N(CC#Cc2cccc(OC)n2)c2ccc3ncc(-c4cnn(C)c4)nc3c2)c1,5.0
COc1cc(OC)cc(N(CCO)c2ccc3ncc(-c4cnn(C)c4CN(C)C)nc3c2)c1,5.0
CCc1c(-c2cnc3ccc(N(CCNC(C)C)c4cc(OC)cc(OC)c4)cc3n2)cnn1C.Cl,5.749999855918706
COc1cc(OC)cc(N(CC#Cc2ncccc2N)c2ccc3ncc(-c4cnn(C)c4)nc3c2)c1,5.079999880484295
COc1ccc(C#CCN(c2cc(OC)cc(OC)c2)c2ccc3ncc(-c4cnn(C)c4)nc3c2)nc1,5.0
COc1cc(OC)cc(N(CC#Cc2cc(Cl)nc(N)n2)c2ccc3ncc(-c4cnn(C)c4)nc3c2)c1,5.0
COc1cc(OC)cc(N(CCNC(C)C)c2ccc3ncc(-c4cn(C)nc4C(F)(F)F)nc3c2)c1.Cl,5.309999839831227
COc1cc(OC)cc(N(CCNC(C)C)c2ccc3ncc(-c4cnn(C)c4CO)nc3c2)c1,5.650000220873455
COc1cc(OC)cc(N(CCNC(C)C)c2ccc3ncc(-c4cnn(CCCN5CCN(CCO)CC5)c4)nc3c2)c1.Cl,5.620000528471499
COC[C@H](O)CN(c1cc(OC)cc(OC)c1)c1ccc2ncc(-c3cnn(C(C)C)c3)nc2c1.Cl,5.489999539566098
COC[C@@H](O)CN(c1cc(OC)cc(OC)c1)c1ccc2ncc(-c3cnn(C(C)C)c3)nc2c1.Cl,5.489999539566098
COc1cc(OC)cc(N(CCN(Cc2ccc(N)cc2)C(C)C)c2ccc3ncc(-c4cnn(C)c4)nc3c2)c1,5.559999795538785
COc1cc(OC)cc(N(CC#Cc2cc(N)ccn2)c2ccc3ncc(-c4cnn(C)c4)nc3c2)c1,5.679999195735272
COc1cc(OC)cc(N(Cc2cc3ncccc3o2)c2ccc3ncc(-c4cnn(C)c4)nc3c2)c1,5.879998925531604
COc1cc(OC)cc(N(CCNC(C)C)c2ccc3ncc(-c4cnn(C)c4CN(C)C)nc3c2)c1,5.110000065251387
[2H]C([2H])([2H])Oc1cc(OC([2H])([2H])[2H])cc(N(c2ccc3ncc(-c4cnn(C)c4)nc3c2)C([2H])([2H])C([2H])([2H])C([2H])([2H])NCC(F)(F)F)c1,5.369999510099088
COc1cc(OC)cc(N(CC#CC2(O)CNC2)c2ccc3ncc(-c4cnn(C)c4)nc3c2)c1,5.169999984192581
[2H]C([2H])([2H])Oc1cc(OC([2H])([2H])[2H])cc(N(c2ccc3ncc(-c4cnn(C)c4)nc3c2)C([2H])([2H])C([2H])([2H])C([2H])([2H])O)c1,5.740000204918113
COc1cc(OC)cc(N(CC#Cc2ncccc2OC)c2ccc3ncc(-c4cnn(C(C)C)c4)nc3c2)c1,5.0
COc1cc(OC)cc(N(C[C@@H](OC(C)=O)C(F)(F)F)c2ccc3ncc(-c4cnn(C)c4)nc3c2)c1,5.250000251143582
COc1cc(OC)cc(N(C[C@H](OC(C)=O)C(F)(F)F)c2ccc3ncc(-c4cnn(C)c4)nc3c2)c1,5.0
COC[C@H](CN(c1cc(OC)cc(OC)c1)c1ccc2ncc(-c3cnn(C)c3)nc2c1)OC(C)=O,5.159999981744464
COC[C@@H](CN(c1cc(OC)cc(OC)c1)c1ccc2ncc(-c3cnn(C)c3)nc2c1)OC(C)=O,5.079999880484295
COc1cc(OC)cc(N(C[C@@H](O)C(F)(F)F)c2ccc3ncc(-c4cnn(C(C)C)c4)nc3c2)c1,5.369999510099088
COc1cc(OC)cc(N(C[C@H](O)C(F)(F)F)c2ccc3ncc(-c4cnn(C(C)C)c4)nc3c2)c1,5.1399999760652255
COc1cc(OC)cc(N(CCNC(C)C)c2ccc3ncc(-c4cnn(CCCN5CCN(CCCO)CC5)c4)nc3c2)c1.Cl,5.860001341725206
COc1cc(OC)cc(N(CC#Cc2cc(C)ccn2)c2ccc3ncc(-c4cnn(C)c4)nc3c2)c1,5.0
C#CCN(c1ccc2ncc(-c3cnn(C)c3)nc2c1)c1c(Cl)c(OC)cc(OC)c1Cl,5.309999839831227
COc1cc(OC)cc(N(CC#Cc2cnc(N)cn2)c2ccc3ncc(-c4cnn(C)c4)nc3c2)c1,5.0
COc1cccnc1C#CCN(c1ccc2ncc(-c3cnn(C)c3)nc2c1)c1c(Cl)c(OC)cc(OC)c1Cl,5.059999795537068
COc1cc(OC)cc(N(CC#Cc2nccc(C)n2)c2ccc3ncc(-c4cnn(C)c4)nc3c2)c1,5.070000019492821
CCc1ccnc(C#CCN(c2cc(OC)cc(OC)c2)c2ccc3ncc(-c4cnn(C)c4)nc3c2)n1,5.110000065251387
COc1cc(OC)cc(N(CC#Cc2cc(CO)ccn2)c2ccc3ncc(-c4cnn(C)c4)nc3c2)c1,5.049999969853415
COc1cc(OC)cc(N(CC#Cc2cc(C(N)=O)ccn2)c2ccc3ncc(-c4cnn(C)c4)nc3c2)c1,5.0
COc1cc(OC)cc(N(CC#CC2CCN(C(=O)OC(C)(C)C)CC2)c2ccc3ncc(-c4cnn(C)c4)nc3c2)c1,5.0
COc1ccnc(C#CCN(c2ccc3ncc(-c4cnn(C)c4)nc3c2)c2c(Cl)c(OC)cc(OC)c2Cl)n1,5.660000322371772
COc1cc(OC)cc(N(CC#Cc2cnccn2)c2ccc3ncc(-c4cnn(C)c4)nc3c2)c1,5.509999358109048
COc1cc(OC)cc(N(CC#Cc2cc(OC)ncn2)c2ccc3ncc(-c4cnn(C)c4)nc3c2)c1,5.410000161858408
COc1cc(OC)cc(N(CC#CC2CCNCC2)c2ccc3ncc(-c4cnn(C)c4)nc3c2)c1.Cl,5.330000131185909
COc1cc(OC)cc(N(CC#CC2(O)CCOCC2)c2ccc3ncc(-c4cnn(C)c4)nc3c2)c1,5.0
COc1cc(OC)cc(N(CC#Cc2cc(OC)ccn2)c2ccc3ncc(-c4cnn(C)c4)nc3c2)c1,5.300000202445418
COc1cc(OC)cc(N(CC#Cc2nccnc2OC)c2ccc3ncc(-c4cnn(C)c4)nc3c2)c1,5.0
COc1cc(OC)cc(N(CC#CC2(O)CCOC2)c2ccc3ncc(-c4cnn(C)c4)nc3c2)c1,5.0
C#CCN(c1cc(OC)cc(OC)c1)c1ccc2ncc(-c3cnn(CC4CCOCC4)c3)nc2c1,5.149999867728904
COc1cc(OC)cc(N(CCCc2nccc(OC)n2)c2ccc3ncc(-c4cnn(C)c4)nc3c2)c1,5.269999835325842
COc1cc(OC)cc(N(C/C=C/c2nccc(OC)n2)c2ccc3ncc(-c4cnn(C)c4)nc3c2)c1,5.5200002474083645
COc1cc(OC)cc(N(C[C@H](O)C(F)(F)F)c2ccc3ncc(-c4cnn(CCCN)c4)nc3c2)c1,5.0
COc1cc(OC)cc(N(C[C@@H](O)C(F)(F)F)c2ccc3ncc(-c4cnn(CCCN)c4)nc3c2)c1,5.180000294489514
COc1cc(OC)cc(N(CCC(=O)N(C)OC)c2ccc3ncc(-c4cnn(C)c4)nc3c2)c1,5.380000399499541
COc1cc(OC)cc(N(CC#Cc2nccnc2Cl)c2ccc3ncc(-c4cnn(C)c4)nc3c2)c1,5.480000159330324
COc1cc(OC)cc(N(Cc2nc(OC)cc(OC)n2)c2ccc3ncc(-c4cnn(C)c4)nc3c2)c1,5.0
COC[C@H](O)CN(c1cc(OC)cc(OC)c1)c1ccc2ncc(-c3cnn(CCCN)c3)nc2c1.Cl,5.169999984192581
COC[C@@H](O)CN(c1cc(OC)cc(OC)c1)c1ccc2ncc(-c3cnn(CCCN)c3)nc2c1.Cl,5.159999981744464
COc1cc(OC)cc(N(C/C=C\c2cc(C)ccn2)c2ccc3ncc(-c4cnn(C)c4)nc3c2)c1,5.110000065251387
COc1cc(OC)cc(N(C/C=C/c2cc(C)ccn2)c2ccc3ncc(-c4cnn(C)c4)nc3c2)c1,5.0
CCOc1ccnc(C#CCN(c2cc(OC)cc(OC)c2)c2ccc3ncc(-c4cnn(C)c4)nc3c2)n1,5.149999867728904
COC(=O)c1cccnc1C#CCN(c1cc(OC)cc(OC)c1)c1ccc2ncc(-c3cnn(C)c3)nc2c1,5.0
COc1cc(OC)cc(N(c2ccc3ncc(-c4cnn(C)c4)nc3c2)C(C)(C)C#Cc2nccc(OC)n2)c1,5.0
COc1cc(OC)cc(N(C/C=C/c2ncccc2OC)c2ccc3ncc(-c4cnn(C)c4)nc3c2)c1,5.0
COc1cc(OC)cc(N(C/C=C\c2ncccc2OC)c2ccc3ncc(-c4cnn(C)c4)nc3c2)c1,5.219999701663429
CNc1cccnc1C#CCN(c1cc(OC)cc(OC)c1)c1ccc2ncc(-c3cnn(C)c3)nc2c1,5.089999741487069
COc1cc(OC)cc(N(CCCc2ncccn2)c2ccc3ncc(-c4cnn(C)c4)nc3c2)c1,5.710001024518514
COc1cc(OC)cc(N(CCCc2cc(C)ccn2)c2ccc3ncc(-c4cnn(C)c4)nc3c2)c1,5.250000251143582
COc1cc(OC)cc(N(CCCc2ncccc2OC)c2ccc3ncc(-c4cnn(C)c4)nc3c2)c1,5.149999867728904
COc1cc(OC)cc(N(Cc2ncccn2)c2ccc3ncc(-c4cnn(C)c4)nc3c2)c1,5.210000001311122
COc1cc(OC)c(F)c(N(CCO)c2ccc3ncc(-c4cnn(C)c4)nc3c2)c1F,6.869988050328096
COc1cc(OC)cc(N(CC#Cc2ncccc2F)c2ccc3ncc(-c4cnn(C)c4)nc3c2)c1,5.030000139977383
COc1cc(OC)cc(N(Cc2cccc(OC)n2)c2ccc3ncc(-c4cnn(C)c4)nc3c2)c1,5.0
COc1cc(OC)cc(N(CC#Cc2cccnc2Br)c2ccc3ncc(-c4cnn(C)c4)nc3c2)c1,5.0
COc1cc(OC)cc(N(CC#Cc2ncccc2C)c2ccc3ncc(-c4cnn(C)c4)nc3c2)c1,5.0
COc1cc(OC)cc(N(Cc2cc3ncccc3n2C)c2ccc3ncc(-c4cnn(C)c4)nc3c2)c1,5.0
COc1cc(OC)cc(N(C/C=C\c2ncccn2)c2ccc3ncc(-c4cnn(C)c4)nc3c2)c1,5.470000200122707
COc1cc(OC)c(F)c(N(CCNC(C)C)c2ccc3ncc(-c4cnn(C)c4)nc3c2)c1F,7.609948503541013
COc1cc(OC)cc(N(CC#Cc2ncccc2C(F)(F)F)c2ccc3ncc(-c4cnn(C)c4)nc3c2)c1,5.0
COc1cc(OC)cc(N(CC#CCO)c2ccc3ncc(-c4cnn(C)c4)nc3c2)c1,5.689999562814496
COc1cc(OC)c(F)c(N(CCCNCC(F)(F)F)c2ccc3ncc(-c4cnn(C)c4)nc3c2)c1F,6.610001577392667
C#CCN(c1ccc2ncc(-c3cnn(C)c3)nc2c1)c1c(F)c(OC)cc(OC)c1F,6.199998172182031
COc1cc(OC)cc(N(CC(=O)Nc2ncccc2OC)c2ccc3ncc(-c4cnn(C)c4)nc3c2)c1,5.0
COc1cc(OC)cc(N(CC(=O)Nc2cc(C)ccn2)c2ccc3ncc(-c4cnn(C)c4)nc3c2)c1,5.0
COc1cc(OC)cc(N(Cc2cc3ncccc3[nH]2)c2ccc3ncc(-c4cnn(C)c4)nc3c2)c1,5.300000202445418
COc1cccnc1C#CCN(c1ccc2ncc(-c3cnn(C)c3)nc2c1)c1c(F)c(OC)cc(OC)c1F,5.9699997184078955
COc1ccnc(C#CCN(c2ccc3ncc(-c4cnn(C)c4)nc3c2)c2c(F)c(OC)cc(OC)c2F)n1,6.329995488683631
COc1cc(OC)cc(N(CCS(C)(=O)=O)c2ccc3ncc(-c4cnn(C)c4)nc3c2)c1,5.620000528471499
COc1cc(OC)cc(N(CC#Cc2nccc(OC(C)C)n2)c2ccc3ncc(-c4cnn(C)c4)nc3c2)c1,5.110000065251387
COc1cc(OC)cc(N(CC(=O)Nc2cc(O)ccn2)c2ccc3ncc(-c4cnn(C)c4)nc3c2)c1,6.659992382003327
COc1cc(OC)cc(N(c2ccc3ncc(-c4cnn(C)c4)nc3c2)S(=O)(=O)N(C)C)c1,5.0
COC(=O)c1ccnc(C#CCN(c2cc(OC)cc(OC)c2)c2ccc3ncc(-c4cnn(C)c4)nc3c2)n1,5.190000154058473
COc1cc(OC)cc(N(CC#CC2CCCCC2)c2ccc3ncc(-c4cnn(C)c4)nc3c2)c1,5.0
COc1cc(OC)cc(N(CC2CC2c2ccncc2)c2ccc3ncc(-c4cnn(C)c4)nc3c2)c1,5.110000065251387
COc1cc(OC)cc(N(CCC(=O)NC(C)C)c2ccc3ncc(-c4cnn(C)c4)nc3c2)c1,5.110000065251387
COc1cc(OC)cc(N(CCCNCC(N)=O)c2ccc3ncc(-c4cnn(C)c4)nc3c2)c1,6.219999701663429
COc1cc(OC)cc(N(CCNC(C)C)c2ccc3ncc(-c4cnn(CCC#N)c4)nc3c2)c1,6.41999931041096
COc1cc(OC)cc(N(CCNCC(N)=O)c2ccc3ncc(-c4cnn(C)c4)nc3c2)c1,5.979999397807417
COc1cc(OC)cc(N(CC2CCN(c3nccc(OC)n3)CC2)c2ccc3ncc(-c4cnn(C)c4)nc3c2)c1,5.0
COc1cc(OC)cc(N(CCNC(C)C)c2ccc3ncc(-c4cnn(C5CCOCC5)c4)nc3c2)c1,6.570005615848293
Cl.Cn1cc(-c2cnc3ccc(N(CC4CC4)c4cccc(OC(F)(F)F)c4)cc3n2)cn1,5.0
COc1cc(N(CC2CC2)c2ccc3ncc(-c4cnn(C)c4)nc3c2)cc(C(F)(F)F)c1,5.0
CN(C)c1cccc(N(CC2CC2)c2ccc3ncc(-c4cnn(C)c4)nc3c2)c1.Cl,5.0
COc1cc(C(=O)N2CCCC2)cc(N(CC2CC2)c2ccc3ncc(-c4cnn(C)c4)nc3c2)c1,5.0
COc1cc(OC)cc(N(CC2CN(Cc3ccccc3)CCN2Cc2ccccc2)c2ccc3ncc(-c4cnn(C)c4)nc3c2)c1,5.0
COc1cc(OC)cc(N(CCn2cccc2)c2ccc3ncc(-c4cnn(C)c4)nc3c2)c1.Cl,5.0
COc1cc(OC)cc(N(CCn2cnnc2)c2ccc3ncc(-c4cnn(C)c4)nc3c2)c1,5.0
COc1cc(OC)cc(N(CCN2CC(C)(C)N=C2C)c2ccc3ncc(-c4cnn(C)c4)nc3c2)c1,5.0
CNC(=O)c1cc(OC)cc(N(CC(O)CO)c2ccc3ncc(-c4cnn(C)c4)nc3c2)c1,5.0
CCOCc1cc(OC)cc(N(CC2CC2)c2ccc3ncc(-c4cnn(C)c4)nc3c2)c1,5.0
COc1cc(OC)cc(N(CC(NC(C)C)C(C)C)c2ccc3ncc(-c4cnn(C)c4)nc3c2)c1.Cl,5.0
COc1cc(OC)cc(N(CC(OCC(O)C(C)C)C(C)C)c2ccc3ncc(-c4cnn(C)c4)nc3c2)c1.Cl,5.0
COc1cc(CN(C)C)cc(N(CC2CC2)c2ccc3ncc(-c4cnn(C)c4)nc3c2)c1,5.0
COc1cc(OC)cc(N(CCn2nccc2C)c2ccc3ncc(-c4cnn(C)c4)nc3c2)c1,5.0
COc1cc(OC)cc(N(CC(C)N)c2ccc3ncc(-c4cnn(C)c4)nc3c2)c1,5.4599998126889995
COc1cc(OC)cc(N(c2ccc3ncc(-c4cnn(C)c4)nc3c2)C(C)CN)c1,5.589999287456538
COCc1cc(OC)cc(N(CC2CC2)c2ccc3ncc(-c4cnn(C)c4)nc3c2)c1,5.0
COc1cc(OC)cc(N(CC#Cc2cnn(C)c2)c2ccc3ncc(-c4cnn(C)c4)nc3c2)c1,5.0
COc1cc(OC)cc(N(c2ccc3ncc(-c4cnn(C)c4)nc3c2)C(C)C(=O)NC(C)C)c1,5.0
COc1cc(OC)cc(N(c2ccc3ncc(-c4cnn(C)c4)nc3c2)C(C)C(N)=O)c1,5.0
Br.COc1cc(OC)cc(N(CCP(=O)(O)O)c2ccc3ncc(-c4cnn(C)c4)nc3c2)c1,5.0
COc1cc(OC)cc(N(CCn2ncnc2C)c2ccc3ncc(-c4cnn(CC(C)C)c4)nc3c2)c1,5.0
COc1cc(OC)cc(N(CCn2cnc(C)n2)c2ccc3ncc(-c4cnn(C)c4)nc3c2)c1,5.0
CCN(C)Cc1cc(OC)cc(N(CC2CC2)c2ccc3ncc(-c4cnn(C)c4)nc3c2)c1,5.0
COc1cc(N(CCCN)c2ccc3ncc(-c4cnn(C)c4)nc3c2)cc(OC)c1C(O)C(F)(F)F,5.0
COc1cc(OC)cc(N(CC#Cc2ccc(N)cc2)c2ccc3ncc(-c4cnn(C)c4)nc3c2)c1,5.0
COc1cc(OC)cc(N(CC#Cc2cccc(C#N)c2)c2ccc3ncc(-c4cnn(C)c4)nc3c2)c1,5.0
COc1cc(OC)cc(N(CC#Cc2cccc(N)c2)c2ccc3ncc(-c4cnn(C)c4)nc3c2)c1,5.0
COc1cc(OC)cc(N(CC#Cc2ccc(C#N)cc2)c2ccc3ncc(-c4cnn(C)c4)nc3c2)c1,5.0
COc1cc(OC)cc(N(CC#Cc2ccccc2C#N)c2ccc3ncc(-c4cnn(C)c4)nc3c2)c1,5.0
COC1=CC(N(CCO)c2ccc3ncc(-c4cn(C)nc4C(F)(F)F)nc3c2)CC(OC)=C1,5.0
COc1cc(OC)cc(N(CC#Cc2cc(OC)nc(OC)n2)c2ccc3ncc(-c4cnn(C)c4)nc3c2)c1,5.0
COc1cc(OC)cc(N(CC#CC2(O)CCN(C(=O)OC(C)(C)C)CC2)c2ccc3ncc(-c4cnn(C)c4)nc3c2)c1.O=C(O)C(=O)O,5.0
COC1=CC(N(CCO)c2ccc3ncc(-c4c(C(F)(F)F)nn(C)c4C(F)(F)F)nc3c2)CC(OC)=C1,5.0
COC1=CC(N(CCN(Cc2ccccc2N)C(C)C)c2ccc3ncc(-c4cnn(C)c4)nc3c2)CC(OC)=C1,5.259999900311453
COc1cc(OC)cc(N(CC#Cc2cnc3[nH]ccc3n2)c2ccc3ncc(-c4cnn(C)c4)nc3c2)c1,5.0
COc1cc(OC)cc(N(Cc2cccc(N(C)C)n2)c2ccc3ncc(-c4cnn(C)c4)nc3c2)c1,5.0
COc1cc(OC)cc(N(CCC#Cc2ccccc2)c2ccc3ncc(-c4cnn(C)c4)nc3c2)c1,5.0
COc1cc(OC)cc(N(CC2CCN(CC(F)(F)F)CC2)c2ccc3ncc(-c4cnn(C)c4)nc3c2)c1,5.0
COc1cc(OC)cc(N(C[C@@H]2C[C@H]2c2ccccn2)c2ccc3ncc(-c4cnn(C)c4)nc3c2)c1,5.0
COc1cc(OC)cc(N(C[C@H]2C[C@@H]2c2ccccn2)c2ccc3ncc(-c4cnn(C)c4)nc3c2)c1,5.0
COc1cc(OC)cc(N(CCn2cccc2)c2ccc3ncc(-c4cnn(C)c4)nc3c2)c1,5.0
COc1cc(OC)cc(N(CC(NC(C)C)C(C)C)c2ccc3ncc(-c4cnn(C)c4)nc3c2)c1,5.0
COc1cc(OC)cc(N(CC(OCC(O)C(C)C)C(C)C)c2ccc3ncc(-c4cnn(C)c4)nc3c2)c1,5.0
CCN(c1cc(OC)cc(OC)c1)c1ccc2ncc(-c3cnn(C)c3)nc2c1,5.0
COc1cc(OC)cc(N(C)c2ccc3ncc(-c4cnn(C)c4)nc3c2)c1,5.0
COc1cc(OC)cc(N(CC2CC2)c2ccc3ncc(-c4cnn(C)c4)nc3c2)c1,5.0
COc1cc(OC)cc(N(CC2CC2)c2ccc3ncc(-c4cn[nH]c4)nc3c2)c1,5.0
COc1cc(OC)cc(N(CC2CC2)c2ccc3ncc(-c4cnn(CC(C)C)c4)nc3c2)c1,5.0
COCCN(c1cc(OC)cc(OC)c1)c1ccc2ncc(-c3cnn(C)c3)nc2c1,5.0
COc1cc(OC)cc(N(Cc2cc(C)no2)c2ccc3ncc(-c4cnn(C)c4)nc3c2)c1,5.0
COCCn1cc(-c2cnc3ccc(N(CC4CC4)c4cc(OC)cc(OC)c4)cc3n2)cn1,5.0
COc1cc(OC)cc(N(CC2CC2)c2ccc3ncc(-c4cnn(CCCN)c4)nc3c2)c1,5.0
COc1cc(OC)cc(N(CC2CC2)c2ccc3ncc(-c4cnn(CCO)c4)nc3c2)c1,5.0
COc1cc(OC)cc(N(CC2CCCC2)c2ccc3ncc(-c4cnn(C)c4)nc3c2)c1,5.0
Cn1cc(-c2cnc3ccc(N(CC4CC4)c4cccc(OC(F)F)c4)cc3n2)cn1,5.0
CCOCCN(c1cc(OC)cc(OC)c1)c1ccc2ncc(-c3cnn(C)c3)nc2c1,5.0
COc1cc(OC)cc(N(CC2CCCO2)c2ccc3ncc(-c4cnn(C)c4)nc3c2)c1,5.0
COc1cc(OC)cc(N(CCO)c2ccc3ncc(-c4cnn(C)c4)nc3c2)c1,5.0
COc1cc(OC)cc(N(CC2CC2)c2ccc3ncc(-c4cnn(CC(=O)N(C)C)c4)nc3c2)c1,5.0
CNC(=O)Cn1cc(-c2cnc3ccc(N(CC4CC4)c4cc(OC)cc(OC)c4)cc3n2)cn1,5.0
COc1cc(OC)cc(N(CC2CC2)c2ccc3ncc(-c4cnn(S(C)(=O)=O)c4)nc3c2)c1,5.0
COc1cc(OC)cc(N(CC2CC2)c2ccc3ncc(-c4cnn(CC(=O)NCCN5CCCC5)c4)nc3c2)c1,5.089999741487069
CC(C)Oc1cccc(N(CC2CC2)c2ccc3ncc(-c4cnn(C)c4)nc3c2)c1,5.0
COc1cc(OC)cc(N(CC2CC2)c2ccc3ncc(-c4cnn(C5CCNCC5)c4)nc3c2)c1,5.259999900311453
COc1cc(OC)cc(N(CCC#N)c2ccc3ncc(-c4cnn(C)c4)nc3c2)c1,5.0
COc1cc(OC)cc(N(CC2CC2)c2ccc3ncc(-c4cnn(S(=O)(=O)N(C)C)c4)nc3c2)c1,5.0
COc1cc(OC)cc(N(CCCO)c2ccc3ncc(-c4cnn(C)c4)nc3c2)c1,5.0
COc1cc(OC)cc(N(CC2OCCO2)c2ccc3ncc(-c4cnn(C)c4)nc3c2)c1,5.0
COc1cc(OC)cc(N(CCN2C(=O)c3ccccc3C2=O)c2ccc3ncc(-c4cnn(C)c4)nc3c2)c1,5.0
COCCN(c1cccc(OC)c1)c1ccc2ncc(-c3cnn(C)c3)nc2c1,5.0
COc1cccc(N(CC2CC2)c2ccc3ncc(-c4cnn(C)c4)nc3c2)c1OC,5.0
COCCn1cc(-c2cnc3ccc(N(Cc4cc(C)no4)c4cc(OC)cc(OC)c4)cc3n2)cn1,5.0
COc1cccc(N(Cc2cc(C)no2)c2ccc3ncc(-c4cnn(C)c4)nc3c2)c1,5.0
COc1cc(OC)cc(N(CC2CC2)c2ccc3ncc(-c4cnn(CCC5CCNCC5)c4)nc3c2)c1.Cl,5.269999835325842
COc1cc(OC)cc(N(Cc2cc(C)no2)c2ccc3ncc(-c4cnn(CCO)c4)nc3c2)c1,5.0
CNC(=O)C(C)(C)n1cc(-c2cnc3ccc(N(CC4CC4)c4cc(OC)cc(OC)c4)cc3n2)cn1,5.0
CNCCN(c1cc(OC)cc(OC)c1)c1ccc2ncc(-c3cnn(C)c3)nc2c1,5.0
COc1cc(OC)cc(N(CCN)c2ccc3ncc(-c4cnn(C)c4)nc3c2)c1,5.0
CCOC(=O)CN(c1cc(OC)cc(OC)c1)c1ccc2ncc(-c3cnn(C)c3)nc2c1,5.0
COc1cc(OC)cc(N(CC2CC2)c2ccc3ncc(-c4cnn(CCCN5CCOCC5)c4)nc3c2)c1.Cl,5.0
COc1cc(OC)cc(N(CC2CC2)c2ccc3ncc(-c4cnn(CC5CCNCC5)c4)nc3c2)c1,5.2399999527072705
COc1cc(OC)cc(N(CC2CC2)c2ccc3ncc(-c4cnn(CCCNCCS(C)(=O)=O)c4)nc3c2)c1,5.0
COc1cc(OC)cc(N(CC2CC2)c2ccc3ncc(-c4cnn(C5CCN(S(C)(=O)=O)CC5)c4)nc3c2)c1,5.0
COc1cc(OC)cc(N(CC2CC2)c2ccc3ncc(-c4cnn(CC(C)(C)O)c4)nc3c2)c1,5.0
Cn1cc(-c2cnc3ccc(N(CC4CC4)c4cccc(C#N)c4)cc3n2)cn1,5.0
COc1cc(OC)cc(N(CC(=O)O)c2ccc3ncc(-c4cnn(C)c4)nc3c2)c1.Cl,5.0
COc1cc(OC)cc(N(CCO)c2ccc3ncc(-c4cnn(CCO)c4)nc3c2)c1,5.0
COc1cc(OC)cc(N(CC2CC2)c2ccc3ncc(-c4cnn(CCN)c4)nc3c2)c1,5.0
COc1cc(OC)cc(N(CC2CC2)c2ccc3ncc(-c4cnn(CCCN5CCN(CCCO)CC5)c4)nc3c2)c1.Cl,5.300000202445418
COc1cc(OC)cc(N(CC2CC2)c2ccc3ncc(-c4cnn(CC5(O)CCNCC5)c4)nc3c2)c1,5.0
COc1cc(OC)cc(N(CC(N)=O)c2ccc3ncc(-c4cnn(C)c4)nc3c2)c1,5.0
COc1cc(Cl)cc(N(CC2CC2)c2ccc3ncc(-c4cnn(C)c4)nc3c2)c1,5.0
COc1cc(OC)cc(N(CCO)c2ccc3ncc(-c4cnn(CCCN)c4)nc3c2)c1.Cl,5.0
COc1cc(C#N)cc(N(CC2CC2)c2ccc3ncc(-c4cnn(C)c4)nc3c2)c1,5.0
COc1cc(OC)cc(N(CCO)c2ccc3ncc(-c4cn[nH]c4)nc3c2)c1,5.0
COc1cc(OC)cc(N(CC(C)O)c2ccc3ncc(-c4cnn(C)c4)nc3c2)c1,5.0
COc1cc(CN)cc(N(CC2CC2)c2ccc3ncc(-c4cnn(C)c4)nc3c2)c1.Cl,5.0
COc1cc(OC)cc(N(CC2CC2)c2ccc3ncc(-c4cnn(CCN5CCNCC5)c4)nc3c2)c1.Cl,5.210000001311122
COc1cc(OC)cc(N(CC2CC2)c2ccc3ncc(-c4cnn(CC5(OC)CCNCC5)c4)nc3c2)c1,5.259999900311453
COc1cc(OC)cc(N(CCCN2CCCC2)c2ccc3ncc(-c4cnn(C)c4)nc3c2)c1.Cl,5.0
COc1cc(OC)cc(N(CC2CC2)c2ccc3ncc(-c4cnn(CC(O)CN5CCCCC5)c4)nc3c2)c1,5.250000251143582
COc1cc(OC)cc(N(CCCC#N)c2ccc3ncc(-c4cnn(C)c4)nc3c2)c1,5.0
COc1cc(OC)cc(N(CC2CC2)c2ccc3ncc(-c4cnn(CCN5CCN(CCO)CC5)c4)nc3c2)c1.Cl,5.200000237109354
COc1cc(OC)cc(N(CC2CC2)c2ccc3ncc(-c4cnn(CCN5CCCC5)c4)nc3c2)c1.Cl,5.079999880484295
CNC(=O)c1cc(OC)cc(N(CC2CC2)c2ccc3ncc(-c4cnn(CCOC)c4)nc3c2)c1,5.0
COc1cc(OC)cc(N(CC2CC2)c2ccc3ncc(-c4cnn(C(C)(C)C(=O)NCCO)c4)nc3c2)c1,5.0
COc1cc(OCCO)cc(N(CC2CC2)c2ccc3ncc(-c4cnn(C)c4)nc3c2)c1,5.0
CNC(=O)c1cc(OC)cc(N(CCO)c2ccc3ncc(-c4cnn(CCOC)c4)nc3c2)c1,5.0
COCCNC(=O)C(C)(C)n1cc(-c2cnc3ccc(N(CC4CC4)c4cc(OC)cc(OC)c4)cc3n2)cn1,5.0
COc1cc(OC)cc(N(CC2CC2)c2ccc3ncc(-c4cnn(C(C)(C)C(=O)N5CCNCC5)c4)nc3c2)c1,5.229999745811777
CNC(=O)Cn1cc(-c2cnc3ccc(N(CCO)c4cc(OC)cc(OC)c4)cc3n2)cn1,5.0
COc1cc(OC)cc(N(CC2CC2)c2ccc3ncc(-c4cnn(CC5CCN(C)CC5)c4)nc3c2)c1,5.259999900311453
COc1cc(OC)cc(N(CC2CC2)c2ccc3ncc(-c4cnn(CC(=O)NCCO)c4)nc3c2)c1,5.0
COCCNC(=O)Cn1cc(-c2cnc3ccc(N(CC4CC4)c4cc(OC)cc(OC)c4)cc3n2)cn1,5.0
CNC(=O)CN(c1cc(OC)cc(OC)c1)c1ccc2ncc(-c3cnn(C)c3)nc2c1,5.0
COc1cc(OC)cc(N(CC2CCNCC2)c2ccc3ncc(-c4cnn(C)c4)nc3c2)c1.Cl,5.0
COc1cc(OC)cc(N(Cc2cc(C)on2)c2ccc3ncc(-c4cnn(C)c4)nc3c2)c1,5.0
COc1cc(OC)cc(N(CCCO)c2ccc3ncc(-c4cn[nH]c4)nc3c2)c1,5.0
COc1cc(OC)cc(N(Cc2ccc(Cl)s2)c2ccc3ncc(-c4cnn(C)c4)nc3c2)c1,5.0
COc1cc(OC)cc(N(CC(O)CO)c2ccc3ncc(-c4cnn(C)c4)nc3c2)c1,5.0
CNC(=O)OCCN(c1cc(OC)cc(OC)c1)c1ccc2ncc(-c3cnn(C)c3)nc2c1,5.0
COc1cc(OC)cc(N(CCC#N)c2ccc3ncc(-c4cnn(CCO)c4)nc3c2)c1,5.0
COc1cc(OC)cc(N(CCO)c2ccc3ncc(-c4cnn(CCS(C)(=O)=O)c4)nc3c2)c1,5.0
CNc1cccc(N(CC2CC2)c2ccc3ncc(-c4cnn(C)c4)nc3c2)c1,5.0
COc1cc(OC)cc(N(CC(C)(C)O)c2ccc3ncc(-c4cnn(C)c4)nc3c2)c1,5.0
COc1cc(OC)cc(N(C[C@@H]2CCCN2)c2ccc3ncc(-c4cnn(C)c4)nc3c2)c1,5.0
COc1cc(OC)cc(N(CCNS(C)(=O)=O)c2ccc3ncc(-c4cnn(C)c4)nc3c2)c1,5.0
COc1cc(OC)cc(N(CCN2CCCC2)c2ccc3ncc(-c4cn[nH]c4)nc3c2)c1.Cl,5.0
COc1cc(OC)cc(N(Cc2csc(C)n2)c2ccc3ncc(-c4cnn(C)c4)nc3c2)c1,5.0
COc1cc(OC)cc(N(CCN2CCCC2)c2ccc3ncc(-c4cnn(C)c4)nc3c2)c1.Cl,5.0
CNCCN(c1cc(OC)cc(OC)c1)c1ccc2ncc(-c3cnn(CC(=O)NC)c3)nc2c1,5.0
CNCCN(c1cc(OC)cc(OC)c1)c1ccc2ncc(-c3cnn(CC(=O)NC)c3)nc2c1.Cl,5.0
COc1cc(OC)cc(N(CC2CO2)c2ccc3ncc(-c4cnn(C)c4)nc3c2)c1,5.019999811738259
COc1cc(OC)cc(N(CC2CC2)c2ccc3ncc(-c4cnn(CCNS(=O)(=O)N(C)C)c4)nc3c2)c1,5.0
COc1cc(OC)cc(N(CCNS(=O)(=O)N(C)C)c2ccc3ncc(-c4cnn(C)c4)nc3c2)c1,5.0
COc1cc(OC(C)C)cc(N(CC2CC2)c2ccc3ncc(-c4cnn(C)c4)nc3c2)c1.Cl,5.0
COc1cc(OC)cc(N(CC2CC2)c2ccc3ncc(-c4cnn(CCNS(C)(=O)=O)c4)nc3c2)c1,5.0
CNCCCN(c1cc(OC)cc(OC)c1)c1ccc2ncc(-c3cnn(C)c3)nc2c1,5.0
COc1cc(C(=O)N2CCCC2)cc(N(CCCN2CCCC2)c2ccc3ncc(-c4cnn(C)c4)nc3c2)c1,5.0
COc1cc(OCC2CC2)cc(N(CC2CC2)c2ccc3ncc(-c4cnn(C)c4)nc3c2)c1.Cl,5.0
C=CCN(c1cc(OC)cc(OC)c1)c1ccc2ncc(-c3cnn(C)c3)nc2c1,5.0
COc1cc(OC)cc(N(CCNC(C)C)c2ccc3ncc(-c4cnn(C)c4)nc3c2)c1,5.0
COc1cc(OC)cc(N(CCCO)c2ccc3ncc(-c4cnn(CCS(C)(=O)=O)c4)nc3c2)c1,5.0
COc1cc(OC)cc(N(CCCO)c2ccc3ncc(-c4cnn(CCO)c4)nc3c2)c1,5.0
COc1cc(OC)cc(N(CC2CC2)c2ccc3ncc(-c4cnn(CC(O)CO)c4)nc3c2)c1,5.0
CNCCN(c1cc(OC)cc(OC)c1)c1ccc2ncc(-c3cnn(CCS(C)(=O)=O)c3)nc2c1,5.0
CNCCN(c1cc(OC)cc(OC)c1)c1ccc2ncc(-c3cn[nH]c3)nc2c1,5.0
CCNCCN(c1cc(OC)cc(OC)c1)c1ccc2ncc(-c3cnn(C)c3)nc2c1,5.0
COc1cc(OCCO)cc(N(CCCN2CCCC2)c2ccc3ncc(-c4cnn(C)c4)nc3c2)c1,5.0
COc1cc(C(=O)N2CCCC2)cc(N(CCCO)c2ccc3ncc(-c4cnn(C)c4)nc3c2)c1.Cl,5.0
CNCC(O)CN(c1cc(OC)cc(OC)c1)c1ccc2ncc(-c3cnn(C)c3)nc2c1.Cl,5.0
CNCC(O)CN(c1cc(OC)cc(OC)c1)c1ccc2ncc(-c3cnn(C)c3)nc2c1,5.0
COc1cc(OC)cc(N(CCCN2CCC(F)(F)C2)c2ccc3ncc(-c4cnn(C)c4)nc3c2)c1.Cl,5.0
COc1cc(OC)cc(N(C/C(C)=N\O)c2ccc3ncc(-c4cnn(C)c4)nc3c2)c1,5.0
COc1cc(OC)cc(N(C/C(C)=N/O)c2ccc3ncc(-c4cnn(C)c4)nc3c2)c1,5.0
COc1cc(OC)cc(N(CCCN2CCCC2)c2ccc3ncc(-c4cn[nH]c4)nc3c2)c1,5.0
COc1cc(OC)cc(N(CCNC2CCCC2)c2ccc3ncc(-c4cnn(C)c4)nc3c2)c1,5.0
COc1cc(OC)cc(N(CCNC2CC2)c2ccc3ncc(-c4cnn(C)c4)nc3c2)c1,5.0
CNCCOc1cc(OC)cc(N(CC2CC2)c2ccc3ncc(-c4cnn(C)c4)nc3c2)c1,5.0
CNCCN(c1cc(OC)cc(OCCO)c1)c1ccc2ncc(-c3cnn(C)c3)nc2c1.Cl,5.0
COc1cc(OC)cc(N(CCCN2CCC(O)C2)c2ccc3ncc(-c4cnn(C)c4)nc3c2)c1.Cl,5.0
COc1cc(F)cc(N(CC2CC2)c2ccc3ncc(-c4cn[nH]c4)nc3c2)c1,5.0
COc1cc(OC)cc(N(CCN)c2ccc3ncc(-c4cn[nH]c4)nc3c2)c1.Cl,5.0
COc1cc(OCCO)cc(N(CC2CC2)c2ccc3ncc(-c4cn[nH]c4)nc3c2)c1,5.0
COc1cc(OC)cc(N(CC2CC2)c2ccc3ncc(-c4cnn(CC(=O)N5CCC(O)C5)c4)nc3c2)c1,5.0
COc1cc(OC)cc(N(CCCN2CCCC2)c2ccc3ncc(-c4cnn(CCS(C)(=O)=O)c4)nc3c2)c1,5.0
COc1cc(OC)cc(N(CC(O)CN2CCCCC2)c2ccc3ncc(-c4cnn(C)c4)nc3c2)c1,5.0
Cl.c1ccc(N(CC2CC2)c2ccc3ncc(-c4cn[nH]c4)nc3c2)cc1,5.0
COc1cc(OC)cc(N(CCC(=O)O)c2ccc3ncc(-c4cnn(C)c4)nc3c2)c1.Cl,5.0
COc1cc(OCCO)cc(N(CCCN2CCCC2)c2ccc3ncc(-c4cn[nH]c4)nc3c2)c1,5.0
COc1cc(OC)cc(N(CCN2CCOCC2)c2ccc3ncc(-c4cnn(C)c4)nc3c2)c1.Cl,5.0
COc1cc(OC)cc(N(CCCO)c2ccc3ncc(-c4cnn(C5CCCCO5)c4)nc3c2)c1,5.0
COc1cc(OC)cc(N(CCCN)c2ccc3ncc(-c4cnn(C)c4)nc3c2)c1,5.0
COc1cc(OC)cc(N(CCCN2CCCC2)c2ccc3ncc(-c4cnn(CCO)c4)nc3c2)c1.Cl,5.0
COc1cc(OC)cc(N(CCN2CCNCC2)c2ccc3ncc(-c4cnn(C)c4)nc3c2)c1.Cl,5.0
CNCCN(c1cc(OC)cc(OC)c1)c1ccc2ncc(-c3cnn(CCO)c3)nc2c1,5.0
COc1cc(OC)cc(N(CC2CC2)c2ccc3ncc(-c4cnn(CC5CCOCC5)c4)nc3c2)c1,5.0
CNCCn1cc(-c2cnc3ccc(N(CC4CC4)c4cc(OC)cc(OC)c4)cc3n2)cn1,5.250000251143582
COCCNC(=O)CN(c1cc(OC)cc(OC)c1)c1ccc2ncc(-c3cnn(C)c3)nc2c1,5.0
COc1cc(OC)cc(N(CC(=O)N2CCCC2)c2ccc3ncc(-c4cnn(C)c4)nc3c2)c1,5.0
COc1cc(OC)cc(N(CCN)c2ccc3ncc(-c4cnn(CCO)c4)nc3c2)c1.Cl,5.0
CNC(=O)c1cc(OC)cc(N(CC2CC2)c2ccc3ncc(-c4cn[nH]c4)nc3c2)c1,5.0
CNC(=O)c1cc(OC)cc(N(CCCO)c2ccc3ncc(-c4cnn(CCO)c4)nc3c2)c1,5.0
CNC(=O)Cn1cc(-c2cnc3ccc(N(CCCO)c4cc(OC)cc(OC)c4)cc3n2)cn1,5.0
COc1cc(OC)cc(N(CC(=O)NCCO)c2ccc3ncc(-c4cnn(C)c4)nc3c2)c1,5.0
COc1cc(OCCO)cc(N(CCCO)c2ccc3ncc(-c4cnn(C)c4)nc3c2)c1,5.0
C#CCN(c1cc(OC)cc(OC)c1)c1ccc2ncc(-c3cnn(C)c3)nc2c1,5.0
COc1cc(F)cc(N(CCO)c2ccc3ncc(-c4cnn(CCO)c4)nc3c2)c1,5.0
COc1cc(OC)cc(N(CCCNS(C)(=O)=O)c2ccc3ncc(-c4cnn(C)c4)nc3c2)c1,5.0
COc1cc(OC)cc(N(CCCNS(=O)(=O)N(C)C)c2ccc3ncc(-c4cnn(C)c4)nc3c2)c1,5.0
COc1cc(OC)cc(N(CCN2CCC(N)C2)c2ccc3ncc(-c4cnn(C)c4)nc3c2)c1.Cl,5.0
COc1cc(OCCO)cc(N(CC2CC2)c2ccc3ncc(-c4cnn(CCS(C)(=O)=O)c4)nc3c2)c1,5.0
COc1cc(OC)cc(N(Cc2ccc(Cl)s2)c2ccc3ncc(-c4cn[nH]c4)nc3c2)c1,5.0
COc1cc(OC)cc(N(CC2CC2)c2ccc3ncc(-c4cnn(CCF)c4)nc3c2)c1,5.0
COc1cc(OC)cc(N(CCN2CCCCC2)c2ccc3ncc(-c4cnn(C)c4)nc3c2)c1,5.0
COc1cc(OC)cc(N(CC(=O)NCCN2CCCC2)c2ccc3ncc(-c4cnn(C)c4)nc3c2)c1,5.0
COc1cc(OC)cc(N(CCc2nnn[nH]2)c2ccc3ncc(-c4cnn(C)c4)nc3c2)c1,5.0
COc1cc(F)cc(N(CCCO)c2ccc3ncc(-c4cnn(CCO)c4)nc3c2)c1,5.0
COc1cc(OC)cc(N(CCNC(=O)C2CCCN(C)C2)c2ccc3ncc(-c4cnn(C)c4)nc3c2)c1,5.0
COc1cc(F)cc(N(CC2CC2)c2ccc3ncc(-c4cnn(CCO)c4)nc3c2)c1,5.0
COc1cc(OC)cc(N(CCCN2CCC(N)C2)c2ccc3ncc(-c4cnn(C)c4)nc3c2)c1,5.0
CNC1CCN(CCCN(c2cc(OC)cc(OC)c2)c2ccc3ncc(-c4cnn(C)c4)nc3c2)C1.Cl,5.079999880484295
COc1cc(OC)cc(N(CCN2CCC(O)C2)c2ccc3ncc(-c4cnn(C)c4)nc3c2)c1.Cl,5.0
COc1cc(OC)cc(N(CCN2CCC[C@H]2C(=O)O)c2ccc3ncc(-c4cnn(C)c4)nc3c2)c1.Cl,5.0
COc1ccc(Cl)c(N(CCCN2CCCC2)c2ccc3ncc(-c4cnn(C)c4)nc3c2)c1.Cl,5.0
CCS(=O)(=O)NCCN(c1cc(OC)cc(OC)c1)c1ccc2ncc(-c3cnn(C)c3)nc2c1,5.0
COc1cc(OC)cc(N(Cc2ccco2)c2ccc3ncc(-c4cnn(C)c4)nc3c2)c1,5.0
COc1cc(OC)cc(N(CCCN)c2ccc3ncc(-c4cn[nH]c4)nc3c2)c1,5.0
CNC(=O)c1cc(OC)cc(N(CCCN2CCCC2)c2ccc3ncc(-c4cnn(CCO)c4)nc3c2)c1,5.0
COc1cc(OCCN)cc(N(CC2CC2)c2ccc3ncc(-c4cnn(C)c4)nc3c2)c1,5.0
COc1cc(OCCO)cc(N(CC2CC2)c2ccc3ncc(-c4cnn(CCO)c4)nc3c2)c1.Cl,5.0
COc1cc(OC)cc(N(Cc2ccc(Cl)s2)c2ccc3ncc(-c4cnn(CCO)c4)nc3c2)c1,5.0
COc1cc(OC)cc(N(CCN2CCCCC2C)c2ccc3ncc(-c4cnn(C)c4)nc3c2)c1.Cl,5.0
CCOC(=O)C1CCN(CCN(c2cc(OC)cc(OC)c2)c2ccc3ncc(-c4cnn(C)c4)nc3c2)CC1,5.0
COc1cc(Cl)cc(N(CCCN2CCCC2)c2ccc3ncc(-c4cnn(C)c4)nc3c2)c1.Cl,5.0
COc1cc(OC)cc(N(Cc2nnc(N)o2)c2ccc3ncc(-c4cnn(C)c4)nc3c2)c1,5.0
COc1cc(OC)cc(N(CC2CC2)c2ccc3ncc(-c4cnn(C5CN(CCO)C5)c4)nc3c2)c1,5.0
COc1cc(OC)cc(N(Cc2ccc(Cl)s2)c2ccc3ncc(-c4cnn(Cc5ccc(Cl)s5)c4)nc3c2)c1,5.0
COc1cc(OC)cc(N(CCCN2CCC[C@H]2C)c2ccc3ncc(-c4cnn(C)c4)nc3c2)c1.Cl,5.0
COc1cc(OC)cc(N(CCN2C[C@@H](C)O[C@@H](C)C2)c2ccc3ncc(-c4cnn(C)c4)nc3c2)c1.Cl,5.0
COc1cc(OC)cc(N(CCN2CCC(N(C)C)CC2)c2ccc3ncc(-c4cnn(C)c4)nc3c2)c1,5.0
COc1cc(OC)cc(N(C[C@@H]2C[C@H]2CO)c2ccc3ncc(-c4cnn(C)c4)nc3c2)c1,5.0
CNC(=O)Cn1cc(-c2cnc3ccc(N(CCCN4CCCC4)c4cc(OC)cc(OC)c4)cc3n2)cn1,5.0
COc1cc(OC)cc(N(CCCN2CCC(F)C2)c2ccc3ncc(-c4cnn(C)c4)nc3c2)c1.Cl,5.0
COc1cc(OC)cc(N(CCn2cccn2)c2ccc3ncc(-c4cnn(C)c4)nc3c2)c1,5.0
COc1cc(OC)cc(N(Cc2cccs2)c2ccc3ncc(-c4cnn(C)c4)nc3c2)c1,5.5200002474083645
COc1cc(OC)cc(N(Cc2ccccc2Cl)c2ccc3ncc(-c4cnn(C)c4)nc3c2)c1,5.0
COc1cc(OC)cc(N(CC2CCOCC2)c2ccc3ncc(-c4cnn(C)c4)nc3c2)c1,5.0
Cn1cc(-c2cnc3ccc(N(CC4CC4)c4ccccc4)cc3n2)cn1,5.0
CCOC(=O)Cn1cc(CN(c2cc(OC)cc(OC)c2)c2ccc3ncc(-c4cnn(C)c4)nc3c2)nn1,5.0
OCCn1cc(-c2cnc3ccc(N(CC4CC4)c4ccccc4)cc3n2)cn1,5.0
COc1cc(OC)cc(N(CCCN2CCC(OC)CC2)c2ccc3ncc(-c4cnn(C)c4)nc3c2)c1,5.0
COc1cc(OC)cc(N(Cc2ccc(Cl)cc2)c2ccc3ncc(-c4cnn(C)c4)nc3c2)c1,5.0
COc1cc(OC)cc(N(Cc2cccc(Cl)c2)c2ccc3ncc(-c4cnn(C)c4)nc3c2)c1,5.0
COc1cc(OC)cc(N(Cc2ccccc2)c2ccc3ncc(-c4cnn(C)c4)nc3c2)c1,5.0
COc1ccc(OC)c(N(CCCN2CCCC2)c2ccc3ncc(-c4cnn(C)c4)nc3c2)c1.Cl,5.0
COc1cc(OC)cc(N(CCN2C(C)CCCC2C)c2ccc3ncc(-c4cnn(C)c4)nc3c2)c1,5.0
COc1cc(OC)cc(N(CCCN)c2ccc3ncc(-c4cnn(CCS(C)(=O)=O)c4)nc3c2)c1,5.0
COc1cc(OC)cc(N(CCN2CCCC(N)C2)c2ccc3ncc(-c4cnn(C)c4)nc3c2)c1,5.0
COc1cc(OC)cc(N(CCCCN)c2ccc3ncc(-c4cnn(C)c4)nc3c2)c1,5.0
COc1cc(OC)cc(N(CCCN2CCCCC2C)c2ccc3ncc(-c4cnn(C)c4)nc3c2)c1.Cl,5.0
COc1cc(OC)cc(N(CCCN2CCCCC2)c2ccc3ncc(-c4cnn(C)c4)nc3c2)c1.Cl,5.0
COc1cc(OC)cc(N(CC#Cc2nccn2C)c2ccc3ncc(-c4cnn(C)c4)nc3c2)c1,5.0
COc1cc(OC)cc(N(CCN)c2ccc3ncc(-c4cnn(CCS(C)(=O)=O)c4)nc3c2)c1,5.0
COc1cc(OC)cc(N(Cc2csc(C)n2)c2ccc3ncc(-c4cn[nH]c4)nc3c2)c1,5.0
COc1cc(OC)cc(N(CCCN2CCC(N3CCCCC3)C2)c2ccc3ncc(-c4cnn(C)c4)nc3c2)c1,5.130000141365475
COc1cc(OC)cc(N(CCCNC(=O)C(F)(F)F)c2ccc3ncc(-c4cnn(C)c4)nc3c2)c1,5.0
COc1cc(OCCO)cc(N(CCN)c2ccc3ncc(-c4cnn(C)c4)nc3c2)c1.Cl,5.0
COc1cc(OC)cc(N(CC(O)CN2CCC(F)(F)C2)c2ccc3ncc(-c4cnn(C)c4)nc3c2)c1.Cl,5.0
COc1cc(OC)cc(N(CCNC(=O)C(F)(F)F)c2ccc3ncc(-c4cnn(C)c4)nc3c2)c1,5.0
COc1cc(OC)cc(N(CCCN2CCC(C3C[C@@H](C)O[C@H](C)C3)C2)c2ccc3ncc(-c4cnn(C)c4)nc3c2)c1.Cl,5.0
COc1cc(OC)cc(N(CCCN2CC(F)(F)C2)c2ccc3ncc(-c4cnn(C)c4)nc3c2)c1,5.0
COc1cc(OC)cc(N(CCN2CCC(C(C)(C)O)CC2)c2ccc3ncc(-c4cnn(C)c4)nc3c2)c1,5.0
COc1cc(OC)cc(N(CCN2CCC(N)CC2)c2ccc3ncc(-c4cnn(C)c4)nc3c2)c1,5.0
COc1cc(OC)cc(N(CCCN)c2ccc3ncc(-c4cnn(CCO)c4)nc3c2)c1,5.0
COc1cc(OC)cc(N(CCCN2CCCC(C#N)C2)c2ccc3ncc(-c4cnn(C)c4)nc3c2)c1,5.0
COc1cc(OC)cc(N(CCCNC(C)C)c2ccc3ncc(-c4cnn(C)c4)nc3c2)c1,5.0
COc1cc(OC)cc(N(CCCN2CCCC2=O)c2ccc3ncc(-c4cnn(C)c4)nc3c2)c1,5.0
COc1cc(OC)cc(N(CCCN2CCC[C@H]2CO)c2ccc3ncc(-c4cnn(C)c4)nc3c2)c1,5.0
COc1cc(OC)cc(N(CCN2CCC(O)CC2)c2ccc3ncc(-c4cnn(C)c4)nc3c2)c1,5.0
COc1cc(OC)cc(N(CC2CC2)c2ccc3ncc(-c4cnn(C[Si](C)(C)C)c4)nc3c2)c1,5.0
COc1cc(OC)cc(N(CCN2C[C@H](C)C[C@H](C)C2)c2ccc3ncc(-c4cnn(C)c4)nc3c2)c1,5.0
COc1cc(OC)cc(N(CCN2C[C@H](C)C[C@@H](C)C2)c2ccc3ncc(-c4cnn(C)c4)nc3c2)c1.Cl,5.0
COc1cc(OC)cc(N(CCN2CC[C@H](C#N)C2)c2ccc3ncc(-c4cnn(C)c4)nc3c2)c1,5.0
COc1cc(OC)cc(N(CCNC2CC(C)(C)NC(C)(C)C2)c2ccc3ncc(-c4cnn(C)c4)nc3c2)c1,5.049999969853415
COc1cc(OCCO)cc(N(CCO)c2ccc3ncc(-c4cnn(CCO)c4)nc3c2)c1,5.0
COc1cc(OC)cc(N(CC(O)C(C)C)c2ccc3ncc(-c4cnn(C)c4)nc3c2)c1,5.0
COc1cc(OC)cc(N(CCCN2CC[C@H](C#N)C2)c2ccc3ncc(-c4cnn(C)c4)nc3c2)c1.Cl,5.0
COc1cc(OC)cc(N(CC2(O)CCNCC2)c2ccc3ncc(-c4cnn(C)c4)nc3c2)c1,5.0
COc1ccc(Cl)c(N(CCO)c2ccc3ncc(-c4cnn(C)c4)nc3c2)c1,5.0
COc1cc(OC)cc(N(CCCN2CC(O)C2)c2ccc3ncc(-c4cnn(C)c4)nc3c2)c1,5.0
COc1cc(OC)cc(N(Cc2cn[nH]n2)c2ccc3ncc(-c4cnn(C)c4)nc3c2)c1,5.0
COc1cc(OC)c(C)c(N(CCCN2CCCC2)c2ccc3ncc(-c4cnn(C)c4)nc3c2)c1.Cl,5.0
COCC(O)CN(c1cc(OC)cc(OC)c1)c1ccc2ncc(-c3cnn(C)c3)nc2c1,5.0
COc1cc(OC)cc(N(CCC2CCNCC2)c2ccc3ncc(-c4cnn(C)c4)nc3c2)c1,5.0
[2H]C([2H])([2H])Oc1cc(OC)cc(N(CCO)c2ccc3ncc(-c4cnn(C)c4)nc3c2)c1,5.0
[2H]C([2H])([2H])n1cc(-c2ccc3ncc(N(CCO)c4cc(OC)cc(OC)c4)nc3c2)cn1,5.0
CCOc1cc(F)cc(N(CCO)c2ccc3ncc(-c4cnn(C)c4)nc3c2)c1,5.0
COc1ccc(OC)c(N(CCO)c2ccc3ncc(-c4cnn(C)c4)nc3c2)c1.Cl,5.0
C=Cc1cc(OC)cc(N(CC2CC2)c2ccc3ncc(-c4cnn(C)c4)nc3c2)c1.Cl,5.0
COCCc1cc(OC)cc(N(CC2CC2)c2ccc3ncc(-c4cnn(C)c4)nc3c2)c1.Cl,5.0
COc1cc(OC)cc(N(CC(O)CNC(C)C)c2ccc3ncc(-c4cnn(C)c4)nc3c2)c1,5.0
COc1cc(C2OCCO2)cc(N(CC2CC2)c2ccc3ncc(-c4cnn(C)c4)nc3c2)c1,5.0
COc1cc(OC)cc(N(CC2(OC)CCCNC2)c2ccc3ncc(-c4cnn(C)c4)nc3c2)c1.Cl,5.0
COc1cc(OC)c(Cl)c(N(CCCN2CCCC2)c2ccc3ncc(-c4cnn(C)c4)nc3c2)c1.Cl,5.0
COc1ccc(Cl)c(N(CCNC(C)C)c2ccc3ncc(-c4cnn(C)c4)nc3c2)c1.Cl,5.0
COc1cc(OC)c(C)c(N(CCO)c2ccc3ncc(-c4cnn(C)c4)nc3c2)c1,5.0
COc1cc(OC)c(Cl)c(N(CCO)c2ccc3ncc(-c4cnn(C)c4)nc3c2)c1,5.0
COc1ccc(OC)c(N(CCNC(C)C)c2ccc3ncc(-c4cnn(C)c4)nc3c2)c1,5.0
CNC(=O)c1cc(OC)cc(N(CCN)c2ccc3ncc(-c4cnn(C)c4)nc3c2)c1,5.0
CNC(=O)Cn1cc(-c2ccc3ncc(N(CCN)c4cc(OC)cc(OC)c4)nc3c2)cn1,5.0
COc1cc(OC)cc(N(CCN2CCCC(C#N)C2)c2ccc3ncc(-c4cnn(C)c4)nc3c2)c1,5.0
COc1cc(OC)cc(N(CC(O)CN)c2ccc3ncc(-c4cnn(C)c4)nc3c2)c1,5.0
COc1cc(OC)cc(N(CCN2CCC(F)(F)CC2)c2ccc3ncc(-c4cnn(C)c4)nc3c2)c1,5.0
Cl.[2H]C([2H])([2H])Oc1cc(OC)cc(N(CCNC(C)C)c2ccc3ncc(-c4cn[nH]c4)nc3c2)c1,5.0
Cn1cc(-c2ccc3ncc(N(CCN)c4cc(F)cc(OCCO)c4)nc3c2)cn1,5.0
COc1cc(OC)cc(N(Cc2cn(CCO)nn2)c2ccc3ncc(-c4cnn(C)c4)nc3c2)c1,5.0
COc1cc(F)cc(N(CCCN2CCCC2)c2ccc3ncc(-c4cn[nH]c4)nc3c2)c1.Cl,5.0
COc1cc(OC)cc(N(CCCNCC(F)(F)F)c2ccc3ncc(-c4cnn(C)c4)nc3c2)c1,5.0
COc1cc(OC)cc(N(CCN)c2ccc3ncc(-c4cnn(CC5CCOCC5)c4)nc3c2)c1.Cl,5.0
COc1cc(OC)cc(N(CCCNC(=O)C(C)(O)C(F)(F)F)c2ccc3ncc(-c4cnn(C)c4)nc3c2)c1.Cl,5.0
COc1cc(OC)cc(N(CCCNC(=O)C(C)(O)C(F)(F)F)c2ccc3ncc(-c4cnn(C)c4)nc3c2)c1,5.0
COc1ccc(OC)c(N(CCNC(C)C)c2ccc3ncc(-c4cn[nH]c4)nc3c2)c1,5.660000322371772
COc1ccc(OC)c(N(CCN)c2ccc3ncc(-c4cn[nH]c4)nc3c2)c1.Cl,5.0
COc1ccc(Cl)c(N(CCNC(C)C)c2ccc3ncc(-c4cn[nH]c4)nc3c2)c1.Cl,5.0
COc1cc(OC)c(Cl)c(N(CCNC(C)C)c2ccc3ncc(-c4cnn(C)c4)nc3c2)c1.Cl,5.0
CCN(CC)CCN(c1cc(OC)cc(OC)c1)c1ccc2ncc(-c3cnn(C)c3)nc2c1,5.6099998081597775
[2H]C([2H])([2H])n1cc(-c2cnc3ccc(N(CCNC(C)C)c4cc(OC)cc(OC)c4)cc3n2)cn1,5.0
[2H]C([2H])([2H])Oc1cc(OC)cc(N(CCNC(C)C)c2ccc3ncc(-c4cnn(C)c4)nc3c2)c1,5.0
COc1cc(OC)cc(N(CCNC(=O)C2CC2)c2ccc3ncc(-c4cnn(C)c4)nc3c2)c1,5.0
COc1cc(OC)cc(N(CCNC(C)=O)c2ccc3ncc(-c4cnn(C)c4)nc3c2)c1,5.0
COc1cc(OC)cc(N(CCn2cccn2)c2ccc3ncc(-c4cnn(C)c4)nc3c2)c1.Cl,5.0
CCn1cc(-c2cnc3ccc(N(CCNC)c4cc(OC)cc(OC)c4)cc3n2)cn1,5.0
CNCCN(c1cc(OC)cc(OC)c1)c1ccc2ncc(-c3cnn(C(C)C)c3)nc2c1.Cl,5.0
COc1cc(OC)c(C)c(N(CCNC(C)C)c2ccc3ncc(-c4cnn(C)c4)nc3c2)c1.Cl,5.0
COc1ccc(Cl)c(N(CCO)c2ccc3ncc(-c4cn[nH]c4)nc3c2)c1.Cl,5.0
CNC(=O)Cn1cc(-c2cnc3ccc(N(CCNC(C)C)c4cc(OC)cc(OC)c4)cc3n2)cn1.Cl,5.0
COc1cc(OC)cc(N(CCNC(=O)C(C)(O)C(F)(F)F)c2ccc3ncc(-c4cnn(C)c4)nc3c2)c1,5.0
COc1cc(OC)cc(N(CCCN2CCC(N3C[C@@H](C)O[C@@H](C)C3)C2)c2ccc3ncc(-c4cnn(C)c4)nc3c2)c1.Cl,5.0
COc1cc(OC)cc(N(CCN2CCC(N(C)C)C2)c2ccc3ncc(-c4cnn(C)c4)nc3c2)c1,5.0
COc1cc(OC)cc(N(CC2CCN(C(C)C)CC2)c2ccc3ncc(-c4cnn(C)c4)nc3c2)c1,5.0
COc1cc(OC)cc(N(Cc2csc(C)n2)c2ccc3ncc(-c4cnn(CCN5CCNCC5)c4)nc3c2)c1,5.0
COc1cc(OC)cc(N(CCN2CC[C@H](C#N)C2)c2ccc3ncc(-c4cn[nH]c4)nc3c2)c1,5.0
COc1cc(OC)cc(N(CCCN2CCC(F)(F)C2)c2ccc3ncc(-c4cn[nH]c4)nc3c2)c1,5.0
COc1cc(OC)cc(N(CCCN2CCC(F)(F)C2)c2ccc3ncc(-c4cn[nH]c4)nc3c2)c1.Cl,5.0
COc1cc(OC)cc(N(CCCN2CCC(F)(F)C2)c2ccc3ncc(-c4cnn(CC5CCOCC5)c4)nc3c2)c1.Cl,5.0
COc1cc(OCCF)cc(N(CCO)c2ccc3ncc(-c4cnn(C)c4)nc3c2)c1,5.0
COc1cc(OC)cc(N(CCN2CC[C@H](C#N)C2)c2ccc3ncc(-c4cnn(CC5CCOCC5)c4)nc3c2)c1,5.0
COc1cc(OC)cc(N(CCCN2CCC(C(F)(F)F)CC2)c2ccc3ncc(-c4cnn(C)c4)nc3c2)c1,5.0
COc1cc(OC)cc(N(CC2CCN(C)CC2)c2ccc3ncc(-c4cnn(C)c4)nc3c2)c1,5.0
COc1cc(OC)cc(N(CCCN2CCC[C@@H]2CO)c2ccc3ncc(-c4cnn(C)c4)nc3c2)c1,5.0
COc1cc(OC)cc(N(Cc2nnc(NCCO)o2)c2ccc3ncc(-c4cnn(C)c4)nc3c2)c1,5.0
COc1cc(OC)cc(N(CCCN2CCC[C@@H]2C)c2ccc3ncc(-c4cnn(C)c4)nc3c2)c1.Cl,5.0
COc1cc(OC)cc(N(CCN2CCC[C@@H]2CO)c2ccc3ncc(-c4cnn(C)c4)nc3c2)c1,5.0
COc1cc(OC)cc(N(CCN2CCC[C@H]2CO)c2ccc3ncc(-c4cnn(C)c4)nc3c2)c1,5.0
COc1cc(OC)cc(N(Cc2ccc(Cl)s2)c2ccc3ncc(-c4cnn(CCN5CCNCC5)c4)nc3c2)c1.Cl,5.290000325166601
CCn1cc(-c2cnc3ccc(N(CCNC(C)C)c4cc(OC)cc(OC)c4)cc3n2)cn1.Cl,5.0
COc1cc(OC)cc(N(CC(C)(C)O)c2ccc3ncc(-c4cn[nH]c4)nc3c2)c1,5.0
COc1cc(OC)cc(N(CCCO)c2ccc3ncc(-c4cnn(C(C)C)c4)nc3c2)c1,5.0
COc1cc(F)cc(N(CCO)c2ccc3ncc(-c4cn[nH]c4)nc3c2)c1,5.0
CCOc1cc(F)cc(N(CCN)c2ccc3ncc(-c4cnn(C)c4)nc3c2)c1,5.0
COc1cc(OC)cc(N(CCNC(C)C)c2ccc3ncc(-c4cnn(CC5CCOCC5)c4)nc3c2)c1.Cl,5.0
COc1cc(OC)cc(N(CCC2CCN(C(C)C)CC2)c2ccc3ncc(-c4cnn(C)c4)nc3c2)c1,5.100000128334196
COc1cc(OC)cc(N(C[C@@H](O)CO)c2ccc3ncc(-c4cnn(C)c4)nc3c2)c1,5.0
COc1cc(OC)cc(N(C[C@H](O)CO)c2ccc3ncc(-c4cnn(C)c4)nc3c2)c1,5.0
COc1cc(OC)cc(N(CC(O)C(F)(F)F)c2ccc3ncc(-c4cnn(C)c4)nc3c2)c1,5.0
CCn1cc(-c2cnc3ccc(N(CCN)c4cc(OC)cc(OC)c4)cc3n2)cn1,5.0
CCCn1cc(-c2cnc3ccc(N(CCN)c4cc(OC)cc(OC)c4)cc3n2)cn1.Cl,5.0
CNC(=O)c1cc(OC)cc(N(CCNC(C)C)c2ccc3ncc(-c4cnn(C)c4)nc3c2)c1,5.0
COc1cc(OC)cc(N(CCCN2C[C@@H](C)O[C@@H](C)C2)c2ccc3ncc(-c4cnn(C)c4)nc3c2)c1,5.0
COc1cc(OC)cc(N(CCCN2CCNCC2)c2ccc3ncc(-c4cnn(C)c4)nc3c2)c1,5.0
COc1cc(F)cc(N(CCN)c2ccc3ncc(-c4cnn(C)c4)nc3c2)c1,5.0
COc1cc(OC)cc(N(CCCN2CCC(S(C)(=O)=O)C2)c2ccc3ncc(-c4cnn(C)c4)nc3c2)c1,5.0
COc1cc(F)cc(N(CCNC(C)C)c2ccc3ncc(-c4cnn(C)c4)nc3c2)c1,5.0
COc1cc(OC)cc(N(CCCN)c2ccc3ncc(-c4cnn(C(C)C)c4)nc3c2)c1,5.0
COc1cc(F)cc(N(CCCN2CCC(C#N)C2)c2ccc3ncc(-c4cnn(C)c4)nc3c2)c1,5.0
COc1cc(OC)cc(N(CCNC(C)C)c2ccc3ncc(-c4cn[nH]c4)nc3c2)c1.Cl,5.0
COc1cc(OC)cc(N(CC(=O)NCCN)c2ccc3ncc(-c4cnn(C)c4)nc3c2)c1.Cl,5.0
CNC(=O)c1cc(OC)cc(N(CC2CC2)c2ccc3ncc(-c4cnn(C)c4)nc3c2)c1,5.0
COc1cc(OC)cc(N(Cc2ncc[nH]2)c2ccc3ncc(-c4cnn(C)c4)nc3c2)c1,5.0
CNC(=O)c1cc(F)cc(N(CC2CC2)c2ccc3ncc(-c4cnn(C)c4)nc3c2)c1,5.0
COc1cc(OC)cc(N(CCCN2CCCC2)c2ccc3ncc(-c4cnn(C(C)C)c4)nc3c2)c1.Cl,5.0
CNC(=O)c1cc(F)cc(N(CCO)c2ccc3ncc(-c4cnn(C)c4)nc3c2)c1,5.0
CNC[C@@H](O)CN(c1cc(OC)cc(OC)c1)c1ccc2ncc(-c3cnn(C)c3)nc2c1,5.0
CNC[C@H](O)CN(c1cc(OC)cc(OC)c1)c1ccc2ncc(-c3cnn(C)c3)nc2c1,5.0
COc1cc(OC)cc(N(CCNS(=O)(=O)C(C)C)c2ccc3ncc(-c4cnn(C)c4)nc3c2)c1,5.0
COc1cc(OC)cc(N(CC(O)CNCC(F)(F)F)c2ccc3ncc(-c4cnn(C)c4)nc3c2)c1,5.0
CNC(=O)Cn1cc(-c2cnc3ccc(N(CCCN)c4cc(OC)cc(OC)c4)cc3n2)cn1,5.0
COc1cc(OC)cc(N(CCNCCC#N)c2ccc3ncc(-c4cnn(C)c4)nc3c2)c1,5.0
COC/C(CN(c1cc(OC)cc(OC)c1)c1ccc2ncc(-c3cnn(C)c3)nc2c1)=N\O,5.0
COC/C(CN(c1cc(OC)cc(OC)c1)c1ccc2ncc(-c3cnn(C)c3)nc2c1)=N/O,5.0
COc1cc(OC)cc(N(CC2(C)COC2)c2ccc3ncc(-c4cnn(C)c4)nc3c2)c1,5.0
COc1cc(OC)cc(N(CCCN2CCC[C@H]2CNS(=O)(=O)C(F)(F)F)c2ccc3ncc(-c4cnn(C)c4)nc3c2)c1,5.0
CNCCN(c1cc(F)cc(OC)c1)c1ccc2ncc(-c3cnn(C)c3)nc2c1,5.0
COc1cc(OC)cc(N(CCC(C)(C)O)c2ccc3ncc(-c4cnn(C)c4)nc3c2)c1,5.0
CNC(=O)c1cc(OC)cc(N(CCNC(C)C)c2ccc3ncc(-c4cnn(C(C)C)c4)nc3c2)c1,5.0
COc1cc(OC)cc(N(CCN2CCC[C@@H]2C)c2ccc3ncc(-c4cnn(C)c4)nc3c2)c1.Cl,5.0
COc1cc(OC)cc(N(CCNCC(F)F)c2ccc3ncc(-c4cnn(C)c4)nc3c2)c1,5.0
COc1cc(OC)cc(N(CCCN2CCOC2=O)c2ccc3ncc(-c4cnn(C)c4)nc3c2)c1,5.0
COc1cc(OC)cc(N(CCCN2C[C@@H](C)N[C@@H](C)C2)c2ccc3ncc(-c4cnn(C)c4)nc3c2)c1,5.190000154058473
COc1cc(OC)cc(N(CCCN2CCS(=O)(=O)CC2)c2ccc3ncc(-c4cnn(C)c4)nc3c2)c1,5.0
COc1cc(OCCF)cc(N(CCNC(C)C)c2ccc3ncc(-c4cnn(C)c4)nc3c2)c1.Cl,5.0
COc1cc(OC)cc(N(CCN2CCCC(C(N)=O)C2)c2ccc3ncc(-c4cnn(C)c4)nc3c2)c1,5.0
COc1cc(OC)cc(N(CCN2CC3(COC3)C2)c2ccc3ncc(-c4cnn(C)c4)nc3c2)c1,5.0
COc1cc(OC)cc(N(CCNC(C)C)c2ccc3ncc(-c4cnn(C(C)C)c4)nc3c2)c1.Cl,5.0
COc1cc(OC)cc(N(CCN2CCC(CO)CC2)c2ccc3ncc(-c4cnn(C)c4)nc3c2)c1,5.0
COc1cc(OC)cc(N(C[C@H](O)CNCC(F)(F)F)c2ccc3ncc(-c4cnn(C)c4)nc3c2)c1,5.0
COc1cc(OC)cc(N(C[C@@H](O)CNCC(F)(F)F)c2ccc3ncc(-c4cnn(C)c4)nc3c2)c1,5.0
COc1cc(OC)cc(N(CCN)c2ccc3ncc(-c4cnn(C(C)C)c4)nc3c2)c1,5.0
COc1cc(OC)cc(N(C[C@H](O)CN2CC[C@H](C#N)C2)c2ccc3ncc(-c4cnn(C)c4)nc3c2)c1.Cl,5.0
COc1cc(OC)cc(N(C[C@@H](O)CN2CC[C@H](C#N)C2)c2ccc3ncc(-c4cnn(C)c4)nc3c2)c1.Cl,5.0
COc1cc(OC)cc(N(CCCn2ccnc2C)c2ccc3ncc(-c4cnn(C)c4)nc3c2)c1,5.019999811738259
COc1cc(OC)cc(N(CCN2CCN(C(C)=O)CC2)c2ccc3ncc(-c4cnn(C)c4)nc3c2)c1,5.0
COc1cc(OC)cc(N(CCN2CCN(CCO)CC2)c2ccc3ncc(-c4cnn(C)c4)nc3c2)c1,5.0
COc1cc(OC)cc(N(CCNCC2CC2)c2ccc3ncc(-c4cnn(C)c4)nc3c2)c1,5.0
COc1cc(OC)cc(N(CCN2CCN(C)CC2)c2ccc3ncc(-c4cnn(C)c4)nc3c2)c1,5.0
COc1cc(OC)cc(N(CC2CN(Cc3ccccc3)CCO2)c2ccc3ncc(-c4cnn(C)c4)nc3c2)c1,5.0
COc1cc(OC)cc(N(CCCN2CCOCC2)c2ccc3ncc(-c4cnn(C)c4)nc3c2)c1.Cl,5.0
COc1cc(OC)cc(N(c2ccc3ncc(-c4cnn(C)c4)nc3c2)C2COC2)c1,5.0
COc1cc(OC)cc(N(CCn2ccnc2C)c2ccc3ncc(-c4cnn(C)c4)nc3c2)c1,5.0
COc1cc(OC)cc(N(CCNCCO)c2ccc3ncc(-c4cnn(C)c4)nc3c2)c1,5.0
CCN(CCN(c1cc(OC)cc(OC)c1)c1ccc2ncc(-c3cnn(C)c3)nc2c1)C(C)C.Cl,5.0
COc1cc(OC)cc(N(CCN2CCC[C@H]2C)c2ccc3ncc(-c4cnn(C)c4)nc3c2)c1.Cl,5.0
COc1cc(OC)cc(N(C/C(=N/O)C(C)C)c2ccc3ncc(-c4cnn(C)c4)nc3c2)c1,5.0
COc1cc(OC)cc(N(C/C(=N\O)C(C)C)c2ccc3ncc(-c4cnn(C)c4)nc3c2)c1,5.0
C=CCN(c1cc(F)cc(OC)c1)c1ccc2ncc(-c3cnn(C)c3)nc2c1,5.0
COc1cc(OC)cc(N(CCN2CCNC(=O)C2)c2ccc3ncc(-c4cnn(C)c4)nc3c2)c1,5.0
COc1cc(CO)cc(N(CCCN2CCCC2)c2ccc3ncc(-c4cnn(C)c4)nc3c2)c1,5.0
COc1cc(OC)cc(N(CCN2CCC(C(C)(C)O)CC2)c2ccc3ncc(-c4cnn(C(C)C)c4)nc3c2)c1,5.0
COc1cc(OC)cc(N(CC(O)CN2CCOCC2)c2ccc3ncc(-c4cnn(C)c4)nc3c2)c1,5.0
COc1cc(OC)cc(N(CCCN2CCCC(C(N)=O)C2)c2ccc3ncc(-c4cnn(C)c4)nc3c2)c1,5.0
COc1cc(OC)cc(N(Cc2ccc(Cl)nc2)c2ccc3ncc(-c4cnn(C)c4)nc3c2)c1,5.0
COc1cc(OC)cc(N(CCN2CCC(CCO)CC2)c2ccc3ncc(-c4cnn(C)c4)nc3c2)c1,5.0
COc1cc(OC)cc(N(CCN2CCN(C(=O)C3CC3)CC2)c2ccc3ncc(-c4cnn(C)c4)nc3c2)c1,5.0
COc1cc(OC)cc(N(CC(F)CN)c2ccc3ncc(-c4cnn(C)c4)nc3c2)c1,5.0
COc1cc(OC)cc(N(c2ccc3ncc(-c4cnn(C)c4)nc3c2)[C@H]2CC[C@@H](NC(C)C)CC2)c1,5.0
COc1cc(OC)cc(N(c2ccc3ncc(-c4cnn(C)c4)nc3c2)[C@H]2CC[C@H](NC(C)C)CC2)c1,5.300000202445418
COc1cc(OC)cc(N(CCCN2[C@H](C)CC[C@@H]2C)c2ccc3ncc(-c4cnn(C)c4)nc3c2)c1.Cl,5.0
COc1cc(OC)cc(N(CCN2CCCC2=O)c2ccc3ncc(-c4cnn(C)c4)nc3c2)c1,5.0
COc1cc(OC)cc(N(CCCN2[C@@H](C)CC[C@@H]2C)c2ccc3ncc(-c4cnn(C)c4)nc3c2)c1.Cl,5.019999811738259
COc1cc(OC)cc(N(CCCN2CCCC2=O)c2ccc3ncc(-c4cnn(C(C)C)c4)nc3c2)c1,5.0
CNC(=O)c1cc(OC)cc(N(CCCN2CCCC2)c2ccc3ncc(-c4cnn(C)c4)nc3c2)c1,5.0
COc1cc(OC)cc(N(CCNCC2CCCO2)c2ccc3ncc(-c4cnn(C)c4)nc3c2)c1.Cl,5.0
COc1cc(OC)cc(N(CCNC[Si](C)(C)C)c2ccc3ncc(-c4cnn(C)c4)nc3c2)c1.Cl,5.039999923502186
[2H]C([2H])([2H])Oc1cc(F)cc(N(CCN)c2ccc3ncc(-c4cnn(C)c4)nc3c2)c1,5.0
COc1cc(OC)cc(N(Cc2cc(C)n(C)n2)c2ccc3ncc(-c4cnn(C)c4)nc3c2)c1,5.0
COc1cc(F)cc(N(CCCNC(C)C)c2ccc3ncc(-c4cnn(C)c4)nc3c2)c1,5.089999741487069
COc1cc(OC)cc(N(CCCN2CCC[C@@H]2CC#N)c2ccc3ncc(-c4cnn(C)c4)nc3c2)c1.Cl,5.0
COc1cc(OC)cc(N(C[C@H](O)CNC(C)C)c2ccc3ncc(-c4cnn(C)c4)nc3c2)c1.Cl,5.0
COc1cc(OC)cc(N(C[C@@H](O)CNC(C)C)c2ccc3ncc(-c4cnn(C)c4)nc3c2)c1.Cl,5.0
COc1cc(OC)cc(N(CCN2CCOC2=O)c2ccc3ncc(-c4cnn(C)c4)nc3c2)c1,5.0
COc1cc(OC)cc(N(CCCN2[C@H](C)CC[C@@H]2C)c2ccc3ncc(-c4cnn(C)c4)nc3c2)c1,5.0
COc1cc(OC)cc(N(CCCn2c(C)cnc2C)c2ccc3ncc(-c4cnn(C)c4)nc3c2)c1.Cl,5.0
COc1cc(OC)cc(N(CCNC2CCN(S(N)(=O)=O)CC2)c2ccc3ncc(-c4cnn(C)c4)nc3c2)c1,5.0
COc1cc(F)cc(N(CCCO)c2ccc3ncc(-c4cnn(C)c4)nc3c2)c1,5.0
COc1cc(OC)cc(N(CCn2cc(C)nc2C)c2ccc3ncc(-c4cnn(C)c4)nc3c2)c1.Cl,5.0
COc1cc(OC)cc(N(CCn2c(C)cnc2C)c2ccc3ncc(-c4cnn(C)c4)nc3c2)c1,5.0
COc1cc(OC)cc(N(Cc2cccnc2)c2ccc3ncc(-c4cnn(C)c4)nc3c2)c1,5.0
COc1cc(OC)cc(N(Cc2ccncc2)c2ccc3ncc(-c4cnn(C)c4)nc3c2)c1,5.0
COc1cc(OC)cc(N(Cc2cnccn2)c2ccc3ncc(-c4cnn(C)c4)nc3c2)c1,5.0
CNCCN(c1cc(OC)cc(OC)c1)c1ccc2ncc(-c3cnn(CC4CCOCC4)c3)nc2c1.Cl,5.0
COc1cc(OC)cc(N(CCCNC(C)C)c2ccc3ncc(-c4cnn(C)c4)nc3c2)c1.Cl,5.0
COc1cc(OC)cc(N(CCN2[C@@H](C)CC[C@@H]2C)c2ccc3ncc(-c4cnn(C)c4)nc3c2)c1,5.0
COc1cc(OC)cc(N(CCCN2CC=CCC2)c2ccc3ncc(-c4cnn(C)c4)nc3c2)c1.Cl,5.0
COc1cc(OC)cc(N(CCCN2CCCC2(C)C)c2ccc3ncc(-c4cnn(C)c4)nc3c2)c1.Cl,5.0
COc1cc(F)cc(N(CCCNCC(F)(F)F)c2ccc3ncc(-c4cnn(C)c4)nc3c2)c1,5.0
COc1cc(OC)cc(N(CCN2CCN(C3CCN(C(C)=O)CC3)CC2)c2ccc3ncc(-c4cnn(C)c4)nc3c2)c1,5.0
COc1cc(OC)cc(N(Cc2cccc(Br)n2)c2ccc3ncc(-c4cnn(C)c4)nc3c2)c1,5.0
COc1cc(OC)cc(N(CCN2CCCNCC2)c2ccc3ncc(-c4cnn(C)c4)nc3c2)c1.O=C(O)C(=O)O,5.0
COc1cc(OC)cc(N(CCN2CC=CCC2)c2ccc3ncc(-c4cnn(C)c4)nc3c2)c1.Cl,5.0
COc1cc(OC)cc(N(CCCN2CCC[C@H]2CC#N)c2ccc3ncc(-c4cnn(C)c4)nc3c2)c1.Cl,5.0
COc1cc(OC)cc(N(CCCNCC(F)(F)F)c2ccc3ncc(-c4cnn(C(C)C)c4)nc3c2)c1.Cl,5.0
COc1cc(OC)cc(N(CCNCCF)c2ccc3ncc(-c4cnn(C)c4)nc3c2)c1,5.0
COc1cc(F)cc(N(CCNC(C)C)c2ccc3ncc(-c4cn[nH]c4)nc3c2)c1.Cl,5.0
COc1cc(OC)cc(N(CC(O)C(F)(F)F)c2ccc3ncc(-c4cnn(C(C)C)c4)nc3c2)c1,5.0
COc1cc(OC)cc(N(C[C@@H](O)C(F)(F)F)c2ccc3ncc(-c4cnn(C)c4)nc3c2)c1,5.0
COc1cc(OC)cc(N(C[C@H](O)C(F)(F)F)c2ccc3ncc(-c4cnn(C)c4)nc3c2)c1,5.0
COc1cc(OC)cc(N(Cc2nccn2S(=O)(=O)N(C)C)c2ccc3ncc(-c4cnn(C)c4)nc3c2)c1,5.0
COc1cc(OC)cc(N(Cc2nccn2C)c2ccc3ncc(-c4cnn(C)c4)nc3c2)c1,5.0
COCC(O)CN(c1cc(OC)cc(OC)c1)c1ccc2ncc(-c3cnn(C(C)C)c3)nc2c1,5.0
COCC(O)CN(c1cc(OC)cc(OC)c1)c1ccc2ncc(-c3cnn(C(C)C)c3)nc2c1.Cl,5.0
CNC(=O)c1cc(F)cc(N(CC2CC2)c2ccc3ncc(-c4cnn(C(C)C)c4)nc3c2)c1,5.0
CCn1ccnc1CN(c1cc(OC)cc(OC)c1)c1ccc2ncc(-c3cnn(C)c3)nc2c1,5.0
COc1cc(OC)cc(N(CC2COCC(C)(C)N2)c2ccc3ncc(-c4cnn(C)c4)nc3c2)c1,5.0
COc1cc(OC)cc(N(C[C@@H](C)N)c2ccc3ncc(-c4cnn(C)c4)nc3c2)c1,5.0
COc1cc(OC)cc(N(C[C@H](C)N)c2ccc3ncc(-c4cnn(C)c4)nc3c2)c1,5.0
COc1cc(OC)cc(N(c2ccc3ncc(-c4cnn(C)c4)nc3c2)[C@H](C)CN)c1,5.0
COc1cc(OC)cc(N(c2ccc3ncc(-c4cnn(C)c4)nc3c2)[C@@H](C)CN)c1,5.0
COc1cc(OC)cc(N(CC2COCCN2)c2ccc3ncc(-c4cnn(C)c4)nc3c2)c1,5.0
COc1cc(OC)cc(N(c2ccc3ncc(-c4cnn(C)c4)nc3c2)C(C)CNC(C)C)c1,5.0
COc1cc(OC)cc(N(CC(C)NC(C)C)c2ccc3ncc(-c4cnn(C)c4)nc3c2)c1.Cl,5.0
COc1cc(OC)cc(N(CC#Cc2ccncc2)c2ccc3ncc(-c4cnn(C)c4)nc3c2)c1,5.0
COc1cc(O)cc(N(CC2CC2)c2ccc3ncc(-c4cnn(C)c4)nc3c2)c1,5.0
COc1cc(OC)cc(N(CC2(CNC(C)C)COC2)c2ccc3ncc(-c4cnn(C)c4)nc3c2)c1,5.0
COc1cc(OC)cc(N(CC(C)NCC(F)(F)F)c2ccc3ncc(-c4cnn(C)c4)nc3c2)c1,5.0
COc1cc(OC)cc(N(c2ccc3ncc(-c4cnn(C)c4)nc3c2)C(C)CNCC(F)(F)F)c1,5.0
COc1cc(O)cc(N(CCNC(C)C)c2ccc3ncc(-c4cnn(C)c4)nc3c2)c1,5.0
COc1cc(OC)cc(N(CCNCC(F)(F)F)c2ccc3ncc(-c4cnn(C)c4)nc3c2)c1,5.0
COc1cc(OC)cc(N(CCCNCC(F)(F)F)c2ccc3ncc(-c4cn[nH]c4)nc3c2)c1,5.0
CNC(=O)Cn1cc(-c2cnc3ccc(N(CCCNC(C)C)c4cc(OC)cc(OC)c4)cc3n2)cn1,5.0
COc1cc(O)cc(N(CCCO)c2ccc3ncc(-c4cn[nH]c4)nc3c2)c1,5.0
COc1cc(OC)cc(N(CCC(=O)NCC(F)(F)F)c2ccc3ncc(-c4cnn(C)c4)nc3c2)c1,5.0
COc1cc(O)cc(N(CCCNCC(F)(F)F)c2ccc3ncc(-c4cnn(C)c4)nc3c2)c1,5.0
COc1cc(O)cc(N(CCO)c2ccc3ncc(-c4cnn(C)c4)nc3c2)c1,5.0
COc1cc(O)cc(N(CCN)c2ccc3ncc(-c4cnn(C)c4)nc3c2)c1,5.0
COc1cc(O)cc(N(CCNC(C)C)c2ccc3ncc(-c4cn[nH]c4)nc3c2)c1.Cl,5.0
COc1cc(O)cc(N(CCCNCC(F)(F)F)c2ccc3ncc(-c4cn[nH]c4)nc3c2)c1.Cl,5.0
COc1cc(OC)cc(N(CCCNCC(F)(F)F)c2ccc3ncc(-c4cnn(CCCN)c4)nc3c2)c1.Cl,5.0
COc1cc(OC)cc(N(CC(=O)NC(C)C)c2ccc3ncc(-c4cnn(C)c4)nc3c2)c1,5.0
[2H]C([2H])([2H])Oc1cc(OC([2H])([2H])[2H])cc(N(CCCO)c2ccc3ncc(-c4cnn(C)c4)nc3c2)c1,5.0
COc1cccc(N(CCO)c2ccc3ncc(-c4cnn(C)c4)nc3c2)c1,5.0
COc1cc(OC)cc(N(CCNC(C)C)c2ccc3ncc(-c4cnn(CCCN)c4)nc3c2)c1.O=C(O)C(F)(F)F,5.0
[2H]C([2H])([2H])Oc1cc(OC([2H])([2H])[2H])cc(N(CCCNCC(F)(F)F)c2ccc3ncc(-c4cnn(C)c4)nc3c2)c1,5.0
COc1cc(OC)cc(N(CCN(CCCN)C(C)C)c2ccc3ncc(-c4cnn(C)c4)nc3c2)c1.Cl,5.200000237109354
COc1cc(OC)cc(N(CC#Cc2cccnc2)c2ccc3ncc(-c4cnn(C)c4)nc3c2)c1,5.0
COc1cc(OC)cc(N(CC#Cc2ccccn2)c2ccc3ncc(-c4cnn(C)c4)nc3c2)c1,5.0
COc1cccc(N(CCNC(C)C)c2ccc3ncc(-c4cnn(C)c4)nc3c2)c1.Cl,5.0
COc1cc(OC)cc(N(CCCNCC(F)F)c2ccc3ncc(-c4cnn(C)c4)nc3c2)c1,5.0
COc1cc(OC)cc(N(CCNCCC(F)(F)F)c2ccc3ncc(-c4cnn(C)c4)nc3c2)c1,5.0
Cn1cc(-c2cnc3ccc(N(CCCNCC(F)(F)F)c4cc(Cl)cc(Cl)c4)cc3n2)cn1,5.0
CCN(CC)Cc1cc(OC)cc(N(CCCN2CCCC2)c2ccc3ncc(-c4cnn(C)c4)nc3c2)c1,5.0
CC(C)NCCN(c1cc(Cl)cc(Cl)c1)c1ccc2ncc(-c3cnn(C)c3)nc2c1,5.210000001311122
COc1cc(OC)cc(N(CCN(C)C)c2ccc3ncc(-c4cnn(C)c4)nc3c2)c1,5.0
COc1cc(OC)cc(N(CCN2C[C@@H]3C[C@H]2CN3C(=O)OC(C)(C)C)c2ccc3ncc(-c4cnn(C)c4)nc3c2)c1,5.0
COc1cc(OC)c(Cl)c(N(CCO)c2ccc3ncc(-c4cnn(C)c4)nc3c2)c1Cl,5.0
COc1cc(OC)cc(N(CCNC(C)C)c2ccc3ncc(-c4cnn(C)c4C)nc3c2)c1,5.0
COc1cc(OC)cc(N(CCCNCC(C)(F)F)c2ccc3ncc(-c4cnn(C)c4)nc3c2)c1,5.0
COc1cc(OC)cc(N(CCN2C[C@@H]3C[C@H]2CN3)c2ccc3ncc(-c4cnn(C)c4)nc3c2)c1.Cl,5.0
COc1cc(OC)c(Cl)c(N(CCNC(C)C)c2ccc3ncc(-c4cnn(C)c4)nc3c2)c1Cl,5.0
COc1cc(OC)cc(N(CCCNC(=O)C(F)(F)F)c2ccc3ncc(-c4cn[nH]c4)nc3c2)c1.O=C(O)C(F)(F)F,5.0
COc1cc(OC)cc(N(CC#Cc2ncccn2)c2ccc3ncc(-c4cnn(C)c4)nc3c2)c1,5.039999923502186
COc1cc(OC)cc(N(CC#CC(C)(C)O)c2ccc3ncc(-c4cnn(C)c4)nc3c2)c1,5.0
COc1cc(OC)cc(N(CCCNC(C)(C)CF)c2ccc3ncc(-c4cnn(C)c4)nc3c2)c1,5.0
COc1cc(N(CCCNCC(F)(F)F)c2ccc3ncc(-c4cnn(C)c4)nc3c2)cc(F)c1F.Cl,5.0
COc1cc(OC)cc(N(CCF)c2ccc3ncc(-c4cnn(C)c4)nc3c2)c1,5.0
COc1cc(OC)cc(N(CCO)c2ccc3ncc(-c4cnn(C)c4CCO)nc3c2)c1,5.0
COc1cc(OC)cc(N(CCO)c2ccc3ncc(-c4cnn(C5CCN(C(=O)OC(C)(C)C)CC5)c4)nc3c2)c1,5.0
COc1cc(OC)cc(N(CCO)c2ccc3ncc(-c4cnn(C5CCN(C)CC5)c4)nc3c2)c1,5.019999811738259
COc1cc(OC)cc(N(CC#Cc2ncccc2OC)c2ccc3ncc(-c4cnn(C)c4)nc3c2)c1,5.0
COc1cc(OC)cc(N(CCNC(C)C)c2ccc3ncc(-c4cnn(C5CCN(C(=O)OC(C)(C)C)CC5)c4)nc3c2)c1,5.420000452721523
COc1cc(OC)cc(N(CC#Cc2cc(C#N)ccn2)c2ccc3ncc(-c4cnn(C)c4)nc3c2)c1,5.0
COc1cc(OC)cc(N(CC#Cc2cccc(C#N)n2)c2ccc3ncc(-c4cnn(C)c4)nc3c2)c1,5.0
COc1cc(OC)cc(N(CC#Cc2nccs2)c2ccc3ncc(-c4cnn(C)c4)nc3c2)c1,5.130000141365475
COc1cc(OC)cc(N(CCNC(C)C)c2ccc3ncc(-c4cnn(C5CCNCC5)c4)nc3c2)c1,5.749999855918706
[2H]C([2H])([2H])Oc1cc(OC([2H])([2H])[2H])cc(N(c2ccc3ncc(-c4cnn(C)c4)nc3c2)C([2H])([2H])C([2H])([2H])O)c1,5.0
COc1cccc(C#CCN(c2cc(OC)cc(OC)c2)c2ccc3ncc(-c4cnn(C)c4)nc3c2)c1,5.0
COc1cc(OC)cc(N(CC#Cc2ccnc(OC)c2)c2ccc3ncc(-c4cnn(C)c4)nc3c2)c1,5.0
[2H]C([2H])([2H])Oc1cc(OC([2H])([2H])[2H])cc(N(c2ccc3ncc(-c4cnn(C)c4)nc3c2)C([2H])([2H])C([2H])([2H])NC(C)C)c1,5.0
COc1cc(OC)cc(N(CCCc2ccncc2)c2ccc3ncc(-c4cnn(C)c4)nc3c2)c1,5.0
COc1cc(OC)cc(N(CCNC(C)C)c2ccc3ncc(-c4cnn(C5CCN(C)CC5)c4)nc3c2)c1.Cl,5.40000018605658
COc1cc(OC)cc(N(CC#Cc2ccccc2)c2ccc3ncc(-c4cnn(C)c4)nc3c2)c1,5.0
COc1cc(OC)cc(N(CCO)c2ccc3ncc(-c4cnn(C)c4CCCO)nc3c2)c1,5.0
COc1cc(OC)cc(N(CC#Cc2cccc(CO)n2)c2ccc3ncc(-c4cnn(C)c4)nc3c2)c1,5.0
COc1cc(OC)cc(N(CC#Cc2cccc(N)n2)c2ccc3ncc(-c4cnn(C)c4)nc3c2)c1,5.0
COc1cc(OC)cc(N(CCCO)c2ccc3ncc(-c4c(C)nn(C)c4C)nc3c2)c1,5.0
COc1cc(OC)cc(N(CCO)c2ccc3ncc(-c4c(C)nn(C)c4C)nc3c2)c1,5.0
COc1cc(OC)cc(N(CC#Cc2nccc(OC)n2)c2ccc3ncc(-c4cnn(C)c4)nc3c2)c1,5.039999923502186
COc1cc(OC)cc(N(CC#Cc2ccnc(N)n2)c2ccc3ncc(-c4cnn(C)c4)nc3c2)c1,5.6099998081597775
COc1cc(OC)cc(N(CC#Cc2ccnc(C#N)c2)c2ccc3ncc(-c4cnn(C)c4)nc3c2)c1,5.210000001311122
COc1cc(OC)cc(N(CC#Cc2ccc(C)cn2)c2ccc3ncc(-c4cnn(C)c4)nc3c2)c1,5.0
COc1cc(OC)cc(N(CC#CC2(O)CCNCC2)c2ccc3ncc(-c4cnn(C)c4)nc3c2)c1,5.0
CCc1c(-c2cnc3ccc(N(CCO)c4cc(OC)cc(OC)c4)cc3n2)cnn1C,5.0
COc1cc(N(CCNC(C)C)c2ccc3ncc(-c4cnn(C)c4)nc3c2)cc2c1OCO2,5.0
COc1cc(OC)cc(N(CCN(C)C(C)C)c2ccc3ncc(-c4cnn(C)c4)nc3c2)c1,5.0
COc1cc(OC)cc(N(CC#CC2(O)CCNC2)c2ccc3ncc(-c4cnn(C)c4)nc3c2)c1,5.0
[2H]C([2H])([2H])Oc1cc(OC([2H])([2H])[2H])cc(N(CC#Cc2ccncc2)c2ccc3ncc(-c4cnn(C(C)C)c4)nc3c2)c1,5.1399999760652255
COc1cc(OC)cc(N(CC#Cc2ccncc2C#N)c2ccc3ncc(-c4cnn(C)c4)nc3c2)c1,5.809999051930338
COc1cc(OC)cc(N(CC#Cc2cc(N)nc(C)n2)c2ccc3ncc(-c4cnn(C)c4)nc3c2)c1,5.689999562814496
COc1cc(OC)cc(N(CCNC(C)C)c2ccc3ncc(-c4c(C)nn(C)c4C)nc3c2)c1.Cl,5.0
CCc1c(-c2cnc3ccc(N(CCNCC(F)(F)F)c4cc(OC)cc(OC)c4)cc3n2)cnn1C,5.0
COc1cc(OC)cc(N(CC#Cc2cccc(OC)n2)c2ccc3ncc(-c4cnn(C)c4)nc3c2)c1,5.0
COc1cc(OC)cc(N(CCO)c2ccc3ncc(-c4cnn(C)c4CN(C)C)nc3c2)c1,5.0
CCc1c(-c2cnc3ccc(N(CCNC(C)C)c4cc(OC)cc(OC)c4)cc3n2)cnn1C.Cl,5.0
COc1cc(OC)cc(N(CC#Cc2ncccc2N)c2ccc3ncc(-c4cnn(C)c4)nc3c2)c1,5.0
COc1ccc(C#CCN(c2cc(OC)cc(OC)c2)c2ccc3ncc(-c4cnn(C)c4)nc3c2)nc1,5.0
COc1cc(OC)cc(N(CC#Cc2cc(Cl)nc(N)n2)c2ccc3ncc(-c4cnn(C)c4)nc3c2)c1,5.59999938302362
COc1cc(OC)cc(N(CCNC(C)C)c2ccc3ncc(-c4cn(C)nc4C(F)(F)F)nc3c2)c1.Cl,5.0
COc1cc(OC)cc(N(CCNC(C)C)c2ccc3ncc(-c4cnn(C)c4CO)nc3c2)c1,5.0
COc1cc(OC)cc(N(CCNC(C)C)c2ccc3ncc(-c4cnn(CCCN5CCN(CCO)CC5)c4)nc3c2)c1.Cl,5.0
COC[C@H](O)CN(c1cc(OC)cc(OC)c1)c1ccc2ncc(-c3cnn(C(C)C)c3)nc2c1.Cl,5.0
COC[C@@H](O)CN(c1cc(OC)cc(OC)c1)c1ccc2ncc(-c3cnn(C(C)C)c3)nc2c1.Cl,5.0
COc1cc(OC)cc(N(CCN(Cc2ccc(N)cc2)C(C)C)c2ccc3ncc(-c4cnn(C)c4)nc3c2)c1,5.0
COc1cc(OC)cc(N(CC#Cc2cc(N)ccn2)c2ccc3ncc(-c4cnn(C)c4)nc3c2)c1,5.639999555020352
COc1cc(OC)cc(N(Cc2cc3ncccc3o2)c2ccc3ncc(-c4cnn(C)c4)nc3c2)c1,5.359999833093897
COc1cc(OC)cc(N(CCNC(C)C)c2ccc3ncc(-c4cnn(C)c4CN(C)C)nc3c2)c1,5.0
[2H]C([2H])([2H])Oc1cc(OC([2H])([2H])[2H])cc(N(c2ccc3ncc(-c4cnn(C)c4)nc3c2)C([2H])([2H])C([2H])([2H])C([2H])([2H])NCC(F)(F)F)c1,5.0
COc1cc(OC)cc(N(CC#CC2(O)CNC2)c2ccc3ncc(-c4cnn(C)c4)nc3c2)c1,5.0
[2H]C([2H])([2H])Oc1cc(OC([2H])([2H])[2H])cc(N(c2ccc3ncc(-c4cnn(C)c4)nc3c2)C([2H])([2H])C([2H])([2H])C([2H])([2H])O)c1,5.0
COc1cc(OC)cc(N(CC#Cc2ncccc2OC)c2ccc3ncc(-c4cnn(C(C)C)c4)nc3c2)c1,5.0
COc1cc(OC)cc(N(C[C@@H](OC(C)=O)C(F)(F)F)c2ccc3ncc(-c4cnn(C)c4)nc3c2)c1,5.0
COc1cc(OC)cc(N(C[C@H](OC(C)=O)C(F)(F)F)c2ccc3ncc(-c4cnn(C)c4)nc3c2)c1,5.0
COC[C@H](CN(c1cc(OC)cc(OC)c1)c1ccc2ncc(-c3cnn(C)c3)nc2c1)OC(C)=O,5.0
COC[C@@H](CN(c1cc(OC)cc(OC)c1)c1ccc2ncc(-c3cnn(C)c3)nc2c1)OC(C)=O,5.0
COc1cc(OC)cc(N(C[C@@H](O)C(F)(F)F)c2ccc3ncc(-c4cnn(C(C)C)c4)nc3c2)c1,5.0
COc1cc(OC)cc(N(C[C@H](O)C(F)(F)F)c2ccc3ncc(-c4cnn(C(C)C)c4)nc3c2)c1,5.0
COc1cc(OC)cc(N(CCNC(C)C)c2ccc3ncc(-c4cnn(CCCN5CCN(CCCO)CC5)c4)nc3c2)c1.Cl,5.0
COc1cc(OC)cc(N(CC#Cc2cc(C)ccn2)c2ccc3ncc(-c4cnn(C)c4)nc3c2)c1,5.0
C#CCN(c1ccc2ncc(-c3cnn(C)c3)nc2c1)c1c(Cl)c(OC)cc(OC)c1Cl,5.0
COc1cc(OC)cc(N(CC#Cc2cnc(N)cn2)c2ccc3ncc(-c4cnn(C)c4)nc3c2)c1,5.0
COc1cccnc1C#CCN(c1ccc2ncc(-c3cnn(C)c3)nc2c1)c1c(Cl)c(OC)cc(OC)c1Cl,5.0
COc1cc(OC)cc(N(CC#Cc2nccc(C)n2)c2ccc3ncc(-c4cnn(C)c4)nc3c2)c1,5.049999969853415
CCc1ccnc(C#CCN(c2cc(OC)cc(OC)c2)c2ccc3ncc(-c4cnn(C)c4)nc3c2)n1,5.070000019492821
COc1cc(OC)cc(N(CC#Cc2cc(CO)ccn2)c2ccc3ncc(-c4cnn(C)c4)nc3c2)c1,5.0
COc1cc(OC)cc(N(CC#Cc2cc(C(N)=O)ccn2)c2ccc3ncc(-c4cnn(C)c4)nc3c2)c1,5.0
COc1cc(OC)cc(N(CC#CC2CCN(C(=O)OC(C)(C)C)CC2)c2ccc3ncc(-c4cnn(C)c4)nc3c2)c1,5.0
COc1ccnc(C#CCN(c2ccc3ncc(-c4cnn(C)c4)nc3c2)c2c(Cl)c(OC)cc(OC)c2Cl)n1,5.039999923502186
COc1cc(OC)cc(N(CC#Cc2cnccn2)c2ccc3ncc(-c4cnn(C)c4)nc3c2)c1,5.0
COc1cc(OC)cc(N(CC#Cc2cc(OC)ncn2)c2ccc3ncc(-c4cnn(C)c4)nc3c2)c1,5.380000399499541
COc1cc(OC)cc(N(CC#CC2CCNCC2)c2ccc3ncc(-c4cnn(C)c4)nc3c2)c1.Cl,5.100000128334196
COc1cc(OC)cc(N(CC#CC2(O)CCOCC2)c2ccc3ncc(-c4cnn(C)c4)nc3c2)c1,5.0
COc1cc(OC)cc(N(CC#Cc2cc(OC)ccn2)c2ccc3ncc(-c4cnn(C)c4)nc3c2)c1,5.269999835325842
COc1cc(OC)cc(N(CC#Cc2nccnc2OC)c2ccc3ncc(-c4cnn(C)c4)nc3c2)c1,5.0
COc1cc(OC)cc(N(CC#CC2(O)CCOC2)c2ccc3ncc(-c4cnn(C)c4)nc3c2)c1,5.0
C#CCN(c1cc(OC)cc(OC)c1)c1ccc2ncc(-c3cnn(CC4CCOCC4)c3)nc2c1,5.0
COc1cc(OC)cc(N(CCCc2nccc(OC)n2)c2ccc3ncc(-c4cnn(C)c4)nc3c2)c1,5.0
COc1cc(OC)cc(N(C/C=C/c2nccc(OC)n2)c2ccc3ncc(-c4cnn(C)c4)nc3c2)c1,5.0
COc1cc(OC)cc(N(C[C@H](O)C(F)(F)F)c2ccc3ncc(-c4cnn(CCCN)c4)nc3c2)c1,5.0
COc1cc(OC)cc(N(C[C@@H](O)C(F)(F)F)c2ccc3ncc(-c4cnn(CCCN)c4)nc3c2)c1,5.0
COc1cc(OC)cc(N(CCC(=O)N(C)OC)c2ccc3ncc(-c4cnn(C)c4)nc3c2)c1,5.0
COc1cc(OC)cc(N(CC#Cc2nccnc2Cl)c2ccc3ncc(-c4cnn(C)c4)nc3c2)c1,5.499999678657065
COc1cc(OC)cc(N(Cc2nc(OC)cc(OC)n2)c2ccc3ncc(-c4cnn(C)c4)nc3c2)c1,5.0
COC[C@H](O)CN(c1cc(OC)cc(OC)c1)c1ccc2ncc(-c3cnn(CCCN)c3)nc2c1.Cl,5.0
COC[C@@H](O)CN(c1cc(OC)cc(OC)c1)c1ccc2ncc(-c3cnn(CCCN)c3)nc2c1.Cl,5.0
COc1cc(OC)cc(N(C/C=C\c2cc(C)ccn2)c2ccc3ncc(-c4cnn(C)c4)nc3c2)c1,5.0
COc1cc(OC)cc(N(C/C=C/c2cc(C)ccn2)c2ccc3ncc(-c4cnn(C)c4)nc3c2)c1,5.0
CCOc1ccnc(C#CCN(c2cc(OC)cc(OC)c2)c2ccc3ncc(-c4cnn(C)c4)nc3c2)n1,5.089999741487069
COC(=O)c1cccnc1C#CCN(c1cc(OC)cc(OC)c1)c1ccc2ncc(-c3cnn(C)c3)nc2c1,5.0
COc1cc(OC)cc(N(c2ccc3ncc(-c4cnn(C)c4)nc3c2)C(C)(C)C#Cc2nccc(OC)n2)c1,5.0
COc1cc(OC)cc(N(C/C=C/c2ncccc2OC)c2ccc3ncc(-c4cnn(C)c4)nc3c2)c1,5.0
COc1cc(OC)cc(N(C/C=C\c2ncccc2OC)c2ccc3ncc(-c4cnn(C)c4)nc3c2)c1,5.0
CNc1cccnc1C#CCN(c1cc(OC)cc(OC)c1)c1ccc2ncc(-c3cnn(C)c3)nc2c1,5.110000065251387
COc1cc(OC)cc(N(CCCc2ncccn2)c2ccc3ncc(-c4cnn(C)c4)nc3c2)c1,5.0
COc1cc(OC)cc(N(CCCc2cc(C)ccn2)c2ccc3ncc(-c4cnn(C)c4)nc3c2)c1,5.0
COc1cc(OC)cc(N(CCCc2ncccc2OC)c2ccc3ncc(-c4cnn(C)c4)nc3c2)c1,5.0
COc1cc(OC)cc(N(Cc2ncccn2)c2ccc3ncc(-c4cnn(C)c4)nc3c2)c1,5.0
COc1cc(OC)c(F)c(N(CCO)c2ccc3ncc(-c4cnn(C)c4)nc3c2)c1F,5.0
COc1cc(OC)cc(N(CC#Cc2ncccc2F)c2ccc3ncc(-c4cnn(C)c4)nc3c2)c1,5.0
COc1cc(OC)cc(N(Cc2cccc(OC)n2)c2ccc3ncc(-c4cnn(C)c4)nc3c2)c1,5.0
COc1cc(OC)cc(N(CC#Cc2cccnc2Br)c2ccc3ncc(-c4cnn(C)c4)nc3c2)c1,5.0
COc1cc(OC)cc(N(CC#Cc2ncccc2C)c2ccc3ncc(-c4cnn(C)c4)nc3c2)c1,5.0
COc1cc(OC)cc(N(Cc2cc3ncccc3n2C)c2ccc3ncc(-c4cnn(C)c4)nc3c2)c1,5.0
COc1cc(OC)cc(N(C/C=C\c2ncccn2)c2ccc3ncc(-c4cnn(C)c4)nc3c2)c1,5.0
COc1cc(OC)c(F)c(N(CCNC(C)C)c2ccc3ncc(-c4cnn(C)c4)nc3c2)c1F,5.0
COc1cc(OC)cc(N(CC#Cc2ncccc2C(F)(F)F)c2ccc3ncc(-c4cnn(C)c4)nc3c2)c1,5.0
COc1cc(OC)cc(N(CC#CCO)c2ccc3ncc(-c4cnn(C)c4)nc3c2)c1,5.0
COc1cc(OC)c(F)c(N(CCCNCC(F)(F)F)c2ccc3ncc(-c4cnn(C)c4)nc3c2)c1F,5.0
C#CCN(c1ccc2ncc(-c3cnn(C)c3)nc2c1)c1c(F)c(OC)cc(OC)c1F,5.0
COc1cc(OC)cc(N(CC(=O)Nc2ncccc2OC)c2ccc3ncc(-c4cnn(C)c4)nc3c2)c1,5.0
COc1cc(OC)cc(N(CC(=O)Nc2cc(C)ccn2)c2ccc3ncc(-c4cnn(C)c4)nc3c2)c1,5.0
COc1cc(OC)cc(N(Cc2cc3ncccc3[nH]2)c2ccc3ncc(-c4cnn(C)c4)nc3c2)c1,5.0
COc1cccnc1C#CCN(c1ccc2ncc(-c3cnn(C)c3)nc2c1)c1c(F)c(OC)cc(OC)c1F,5.089999741487069
COc1ccnc(C#CCN(c2ccc3ncc(-c4cnn(C)c4)nc3c2)c2c(F)c(OC)cc(OC)c2F)n1,5.300000202445418
COc1cc(OC)cc(N(CCS(C)(=O)=O)c2ccc3ncc(-c4cnn(C)c4)nc3c2)c1,5.0
COc1cc(OC)cc(N(CC#Cc2nccc(OC(C)C)n2)c2ccc3ncc(-c4cnn(C)c4)nc3c2)c1,5.0
COc1cc(OC)cc(N(CC(=O)Nc2cc(O)ccn2)c2ccc3ncc(-c4cnn(C)c4)nc3c2)c1,5.0
COc1cc(OC)cc(N(c2ccc3ncc(-c4cnn(C)c4)nc3c2)S(=O)(=O)N(C)C)c1,5.0
COC(=O)c1ccnc(C#CCN(c2cc(OC)cc(OC)c2)c2ccc3ncc(-c4cnn(C)c4)nc3c2)n1,5.229999745811777
COc1cc(OC)cc(N(CC#CC2CCCCC2)c2ccc3ncc(-c4cnn(C)c4)nc3c2)c1,5.0
COc1cc(OC)cc(N(CC2CC2c2ccncc2)c2ccc3ncc(-c4cnn(C)c4)nc3c2)c1,5.0
COc1cc(OC)cc(N(CCC(=O)NC(C)C)c2ccc3ncc(-c4cnn(C)c4)nc3c2)c1,5.0
COc1cc(OC)cc(N(CCCNCC(N)=O)c2ccc3ncc(-c4cnn(C)c4)nc3c2)c1,5.0
COc1cc(OC)cc(N(CCNC(C)C)c2ccc3ncc(-c4cnn(CCC#N)c4)nc3c2)c1,5.0
COc1cc(OC)cc(N(CCNCC(N)=O)c2ccc3ncc(-c4cnn(C)c4)nc3c2)c1,5.0
COc1cc(OC)cc(N(CC2CCN(c3nccc(OC)n3)CC2)c2ccc3ncc(-c4cnn(C)c4)nc3c2)c1,5.0
COc1cc(OC)cc(N(CCNC(C)C)c2ccc3ncc(-c4cnn(C5CCOCC5)c4)nc3c2)c1,5.0
Cl.Cn1cc(-c2cnc3ccc(N(CC4CC4)c4cccc(OC(F)(F)F)c4)cc3n2)cn1,5.0
COc1cc(N(CC2CC2)c2ccc3ncc(-c4cnn(C)c4)nc3c2)cc(C(F)(F)F)c1,5.0
CN(C)c1cccc(N(CC2CC2)c2ccc3ncc(-c4cnn(C)c4)nc3c2)c1.Cl,5.0
COc1cc(C(=O)N2CCCC2)cc(N(CC2CC2)c2ccc3ncc(-c4cnn(C)c4)nc3c2)c1,5.0
COc1cc(OC)cc(N(CC2CN(Cc3ccccc3)CCN2Cc2ccccc2)c2ccc3ncc(-c4cnn(C)c4)nc3c2)c1,5.0
COc1cc(OC)cc(N(CCn2cccc2)c2ccc3ncc(-c4cnn(C)c4)nc3c2)c1.Cl,5.0
COc1cc(OC)cc(N(CCn2cnnc2)c2ccc3ncc(-c4cnn(C)c4)nc3c2)c1,5.0
COc1cc(OC)cc(N(CCN2CC(C)(C)N=C2C)c2ccc3ncc(-c4cnn(C)c4)nc3c2)c1,5.0
CNC(=O)c1cc(OC)cc(N(CC(O)CO)c2ccc3ncc(-c4cnn(C)c4)nc3c2)c1,5.0
CCOCc1cc(OC)cc(N(CC2CC2)c2ccc3ncc(-c4cnn(C)c4)nc3c2)c1,5.0
COc1cc(OC)cc(N(CC(NC(C)C)C(C)C)c2ccc3ncc(-c4cnn(C)c4)nc3c2)c1.Cl,5.0
COc1cc(OC)cc(N(CC(OCC(O)C(C)C)C(C)C)c2ccc3ncc(-c4cnn(C)c4)nc3c2)c1.Cl,5.0
COc1cc(CN(C)C)cc(N(CC2CC2)c2ccc3ncc(-c4cnn(C)c4)nc3c2)c1,5.0
COc1cc(OC)cc(N(CCn2nccc2C)c2ccc3ncc(-c4cnn(C)c4)nc3c2)c1,5.0
COc1cc(OC)cc(N(CC(C)N)c2ccc3ncc(-c4cnn(C)c4)nc3c2)c1,5.0
COc1cc(OC)cc(N(c2ccc3ncc(-c4cnn(C)c4)nc3c2)C(C)CN)c1,5.0
COCc1cc(OC)cc(N(CC2CC2)c2ccc3ncc(-c4cnn(C)c4)nc3c2)c1,5.0
COc1cc(OC)cc(N(CC#Cc2cnn(C)c2)c2ccc3ncc(-c4cnn(C)c4)nc3c2)c1,5.0
COc1cc(OC)cc(N(c2ccc3ncc(-c4cnn(C)c4)nc3c2)C(C)C(=O)NC(C)C)c1,5.0
COc1cc(OC)cc(N(c2ccc3ncc(-c4cnn(C)c4)nc3c2)C(C)C(N)=O)c1,5.0
Br.COc1cc(OC)cc(N(CCP(=O)(O)O)c2ccc3ncc(-c4cnn(C)c4)nc3c2)c1,5.0
COc1cc(OC)cc(N(CCn2ncnc2C)c2ccc3ncc(-c4cnn(CC(C)C)c4)nc3c2)c1,5.0
COc1cc(OC)cc(N(CCn2cnc(C)n2)c2ccc3ncc(-c4cnn(C)c4)nc3c2)c1,5.0
CCN(C)Cc1cc(OC)cc(N(CC2CC2)c2ccc3ncc(-c4cnn(C)c4)nc3c2)c1,5.0
COc1cc(N(CCCN)c2ccc3ncc(-c4cnn(C)c4)nc3c2)cc(OC)c1C(O)C(F)(F)F,5.0
COc1cc(OC)cc(N(CC#Cc2ccc(N)cc2)c2ccc3ncc(-c4cnn(C)c4)nc3c2)c1,5.0
COc1cc(OC)cc(N(CC#Cc2cccc(C#N)c2)c2ccc3ncc(-c4cnn(C)c4)nc3c2)c1,5.0
COc1cc(OC)cc(N(CC#Cc2cccc(N)c2)c2ccc3ncc(-c4cnn(C)c4)nc3c2)c1,5.0
COc1cc(OC)cc(N(CC#Cc2ccc(C#N)cc2)c2ccc3ncc(-c4cnn(C)c4)nc3c2)c1,5.0
COc1cc(OC)cc(N(CC#Cc2ccccc2C#N)c2ccc3ncc(-c4cnn(C)c4)nc3c2)c1,5.0
COC1=CC(N(CCO)c2ccc3ncc(-c4cn(C)nc4C(F)(F)F)nc3c2)CC(OC)=C1,5.0
COc1cc(OC)cc(N(CC#Cc2cc(OC)nc(OC)n2)c2ccc3ncc(-c4cnn(C)c4)nc3c2)c1,5.0
COc1cc(OC)cc(N(CC#CC2(O)CCN(C(=O)OC(C)(C)C)CC2)c2ccc3ncc(-c4cnn(C)c4)nc3c2)c1.O=C(O)C(=O)O,5.0
COC1=CC(N(CCO)c2ccc3ncc(-c4c(C(F)(F)F)nn(C)c4C(F)(F)F)nc3c2)CC(OC)=C1,5.0
COC1=CC(N(CCN(Cc2ccccc2N)C(C)C)c2ccc3ncc(-c4cnn(C)c4)nc3c2)CC(OC)=C1,5.0
COc1cc(OC)cc(N(CC#Cc2cnc3[nH]ccc3n2)c2ccc3ncc(-c4cnn(C)c4)nc3c2)c1,5.0
COc1cc(OC)cc(N(Cc2cccc(N(C)C)n2)c2ccc3ncc(-c4cnn(C)c4)nc3c2)c1,5.0
COc1cc(OC)cc(N(CCC#Cc2ccccc2)c2ccc3ncc(-c4cnn(C)c4)nc3c2)c1,5.0
COc1cc(OC)cc(N(CC2CCN(CC(F)(F)F)CC2)c2ccc3ncc(-c4cnn(C)c4)nc3c2)c1,5.0
COc1cc(OC)cc(N(C[C@@H]2C[C@H]2c2ccccn2)c2ccc3ncc(-c4cnn(C)c4)nc3c2)c1,5.0
COc1cc(OC)cc(N(C[C@H]2C[C@@H]2c2ccccn2)c2ccc3ncc(-c4cnn(C)c4)nc3c2)c1,5.0
COc1cc(OC)cc(N(CCn2cccc2)c2ccc3ncc(-c4cnn(C)c4)nc3c2)c1,5.0
COc1cc(OC)cc(N(CC(NC(C)C)C(C)C)c2ccc3ncc(-c4cnn(C)c4)nc3c2)c1,5.0
COc1cc(OC)cc(N(CC(OCC(O)C(C)C)C(C)C)c2ccc3ncc(-c4cnn(C)c4)nc3c2)c1,5.0
COc1cc(OC)cc(N(CC2CC2)c2ccc3ncc(-c4cnn(CCN)c4)nc3c2)c1,6.719991046891814
COc1cc(OCCO)cc(N(CC2CC2)c2ccc3ncc(-c4cnn(C)c4)nc3c2)c1,6.770011163455189
COc1cc(OCCO)cc(N(CCCN2CCCC2)c2ccc3ncc(-c4cnn(C)c4)nc3c2)c1,7.309981219211305
COc1cc(OC)cc(N(CCCN2CCCC2)c2ccc3ncc(-c4cn[nH]c4)nc3c2)c1,7.700057099977233
COc1cc(OC)cc(N(CC2CC2)c2ccc3ncc(-c4cnn(CC5CCOCC5)c4)nc3c2)c1,6.299997602857746
CNCCn1cc(-c2cnc3ccc(N(CC4CC4)c4cc(OC)cc(OC)c4)cc3n2)cn1,6.799998134593398
COCCNC(=O)CN(c1cc(OC)cc(OC)c1)c1ccc2ncc(-c3cnn(C)c3)nc2c1,5.820000358220839
COc1cc(OC)cc(N(CC(=O)N2CCCC2)c2ccc3ncc(-c4cnn(C)c4)nc3c2)c1,5.720000163638921
COc1cc(OC)cc(N(CCN)c2ccc3ncc(-c4cnn(CCO)c4)nc3c2)c1.Cl,7.5699249444480605
CNC(=O)c1cc(OC)cc(N(CC2CC2)c2ccc3ncc(-c4cn[nH]c4)nc3c2)c1,6.919987152892072
CNC(=O)c1cc(OC)cc(N(CCCO)c2ccc3ncc(-c4cnn(CCO)c4)nc3c2)c1,7.439973751087107
COc1cc(OC)cc(N(CC(=O)NCCO)c2ccc3ncc(-c4cnn(C)c4)nc3c2)c1,6.309998953116936
COc1cc(OCCO)cc(N(CCCO)c2ccc3ncc(-c4cnn(C)c4)nc3c2)c1,6.890016705180107
COc1cc(F)cc(N(CCO)c2ccc3ncc(-c4cnn(CCO)c4)nc3c2)c1,6.819988880942282
COc1cc(OC)cc(N(CCCNS(C)(=O)=O)c2ccc3ncc(-c4cnn(C)c4)nc3c2)c1,7.92009553233328
COc1cc(OC)cc(N(CCCNS(=O)(=O)N(C)C)c2ccc3ncc(-c4cnn(C)c4)nc3c2)c1,7.79997073344623
COc1cc(OC)cc(N(CCCN2CCC(N)C2)c2ccc3ncc(-c4cnn(C)c4)nc3c2)c1,7.79997073344623
COc1cc(OC)cc(N(CCN2CCC(O)C2)c2ccc3ncc(-c4cnn(C)c4)nc3c2)c1.Cl,7.4800408192479315
COc1cc(OC)cc(N(CCCN2CCC(N3CCCCC3)C2)c2ccc3ncc(-c4cnn(C)c4)nc3c2)c1,7.439973751087107
COc1cc(OC)cc(N(CC(O)CN2CCC(F)(F)C2)c2ccc3ncc(-c4cnn(C)c4)nc3c2)c1.Cl,6.679999195735272
COc1cc(OC)cc(N(CCCN2CC(F)(F)C2)c2ccc3ncc(-c4cnn(C)c4)nc3c2)c1,6.919987152892072
COc1cc(OC)cc(N(CCCN)c2ccc3ncc(-c4cnn(CCO)c4)nc3c2)c1,7.6399749108106025
COc1cc(OC)cc(N(CCCN2CCCC(C#N)C2)c2ccc3ncc(-c4cnn(C)c4)nc3c2)c1,7.169989064063882
COc1cc(OC)cc(N(CCCN2CCC[C@H]2CO)c2ccc3ncc(-c4cnn(C)c4)nc3c2)c1,7.519993057042849
COc1cc(OC)cc(N(CCN2CCC(O)CC2)c2ccc3ncc(-c4cnn(C)c4)nc3c2)c1,7.230032198670558
COc1cc(OC)cc(N(CCN2C[C@H](C)C[C@H](C)C2)c2ccc3ncc(-c4cnn(C)c4)nc3c2)c1,6.819988880942282
COc1cc(OC)cc(N(CCN2C[C@H](C)C[C@@H](C)C2)c2ccc3ncc(-c4cnn(C)c4)nc3c2)c1.Cl,6.369999510099088
COc1cc(OC)cc(N(CCNC2CC(C)(C)NC(C)(C)C2)c2ccc3ncc(-c4cnn(C)c4)nc3c2)c1,6.170001911302621
COc1cc(OC)cc(N(CC(O)C(C)C)c2ccc3ncc(-c4cnn(C)c4)nc3c2)c1,6.719991046891814
COc1cc(OC)cc(N(CCCN2CC[C@H](C#N)C2)c2ccc3ncc(-c4cnn(C)c4)nc3c2)c1.Cl,7.5699249444480605
COc1cc(OC)cc(N(CC2(O)CCNCC2)c2ccc3ncc(-c4cnn(C)c4)nc3c2)c1,7.0
COc1ccc(Cl)c(N(CCO)c2ccc3ncc(-c4cnn(C)c4)nc3c2)c1,7.0400051616715835
COc1ccc(OC)c(N(CCO)c2ccc3ncc(-c4cnn(C)c4)nc3c2)c1.Cl,5.820000358220839
COc1cc(OC)cc(N(CC(O)CNC(C)C)c2ccc3ncc(-c4cnn(C)c4)nc3c2)c1,6.699991797446187
COc1cc(OC)c(Cl)c(N(CCO)c2ccc3ncc(-c4cnn(C)c4)nc3c2)c1,7.680061560019691
COc1ccc(OC)c(N(CCNC(C)C)c2ccc3ncc(-c4cnn(C)c4)nc3c2)c1,5.770000934050708
COc1cc(OC)cc(N(CCN2CC[C@H](C#N)C2)c2ccc3ncc(-c4cnn(CC5CCOCC5)c4)nc3c2)c1,7.470056598341331
COc1cc(OC)cc(N(CCCN2CCC[C@@H]2CO)c2ccc3ncc(-c4cnn(C)c4)nc3c2)c1,7.470056598341331
COc1cc(OC)cc(N(CCN2CCC[C@H]2CO)c2ccc3ncc(-c4cnn(C)c4)nc3c2)c1,7.599980364934842
COc1cc(OC)cc(N(CCCN2CCC[C@H]2CNS(=O)(=O)C(F)(F)F)c2ccc3ncc(-c4cnn(C)c4)nc3c2)c1,8.280006173632396
CCN(c1ccc2ncc(-c3cnn(C)c3)nc2c1)c1cc(OC)cc(OC)c1Cl,7.309981219211305
CCCN(c1cc(OC)cc(OC)c1)c1ccc2ncc(-c3cnn(C)c3)nc2c1,6.659992382003327
COc1cc(OC)cc(N(CC(C)C)c2ccc3ncc(-c4cnn(C)c4)nc3c2)c1,5.95999928552668
COc1cc(F)cc(N(CC2CC2)c2ccc3ncc(-c4cnn(C)c4)nc3c2)c1,5.849999245077862
COc1cc(OCCO)cc(N(CC2CC2)c2ccc3ncc(-c4cnn(C)c4)nc3c2)c1.Cl,6.770011163455189
COc1cc(OC)cc(N(CC2CCNCC2)c2ccc3ncc(-c4cnn(C)c4)nc3c2)c1,7.250031916490597
COc1cc(OCCO)cc(N(CCCN2CCCC2)c2ccc3ncc(-c4cnn(C)c4)nc3c2)c1.Cl,7.309981219211305
COc1cc(OC)cc(N(CCCN2CCCC2)c2ccc3ncc(-c4cn[nH]c4)nc3c2)c1.Cl,7.700057099977233
COc1cc(OC)cc(N(CCCN2CCC(O)C2)c2ccc3ncc(-c4cnn(C)c4)nc3c2)c1,8.049976093476673
COc1cc(OC)cc(N(CCCN2CCC(N)C2)c2ccc3ncc(-c4cnn(C)c4)nc3c2)c1.Cl,7.79997073344623
COc1cc(OC)cc(N(CCN2CCC(O)C2)c2ccc3ncc(-c4cnn(C)c4)nc3c2)c1,7.4800408192479315
COc1cc(OC)cc(N(CCCN2CCC(N3CCCCC3)C2)c2ccc3ncc(-c4cnn(C)c4)nc3c2)c1.Cl,7.439973751087107
COc1cc(OC)cc(N(CCCN2CCC[C@H]2CO)c2ccc3ncc(-c4cnn(C)c4)nc3c2)c1.Cl,7.519993057042849
COc1ccc(Cl)c(N(CCO)c2ccc3ncc(-c4cnn(C)c4)nc3c2)c1.Cl,7.0400051616715835
COc1ccc(OC)c(N(CCO)c2ccc3ncc(-c4cnn(C)c4)nc3c2)c1,5.820000358220839
COc1cc(OC)cc(N(CC(O)CNC(C)C)c2ccc3ncc(-c4cnn(C)c4)nc3c2)c1.Cl,6.699991797446187
COc1cc(OC)c(Cl)c(N(CCO)c2ccc3ncc(-c4cnn(C)c4)nc3c2)c1.Cl,7.680061560019691
COc1ccc(OC)c(N(CCNC(C)C)c2ccc3ncc(-c4cnn(C)c4)nc3c2)c1.Cl,5.770000934050708
COc1cc(OC)cc(N(CCN2CCC[C@@H]2CO)c2ccc3ncc(-c4cnn(C)c4)nc3c2)c1.Cl,7.090016305060156
COc1cc(OC)cc(N(CCN2CCC[C@H]2CO)c2ccc3ncc(-c4cnn(C)c4)nc3c2)c1.Cl,7.599980364934842
CCN(CC)Cc1cc(OC)cc(N(CC2CC2)c2ccc3ncc(-c4cnn(C)c4)nc3c2)c1,5.210000001311122
COc1cc(OC)cc(N(CCN2CCC[C@@H]2CO)c2ccc3ncc(-c4cnn(C)c4)nc3c2)c1,7.090016305060156
COc1cc(OC)cc(N(CCCN2CCC(O)C2)c2ccc3ncc(-c4cnn(C)c4)nc3c2)c1.Cl,8.049976093476673
CCN(c1cc(OC)cc(OC)c1)c1ccc2ncc(-c3cnn(C)c3)nc2c1,7.0499760934766735
COc1cc(OC)cc(N(C)c2ccc3ncc(-c4cnn(C)c4)nc3c2)c1,7.430041181903406
COc1cc(OC)cc(N(CC2CC2)c2ccc3ncc(-c4cnn(C)c4)nc3c2)c1,6.209996479609511
COc1cc(OC)cc(N(CC2CC2)c2ccc3ncc(-c4cn[nH]c4)nc3c2)c1,6.390000296157769
COc1cc(OC)cc(N(CC2CC2)c2ccc3ncc(-c4cnn(CC(C)C)c4)nc3c2)c1,6.170001911302621
COCCN(c1cc(OC)cc(OC)c1)c1ccc2ncc(-c3cnn(C)c3)nc2c1,6.790002703917631
COc1cc(OC)cc(N(Cc2cc(C)no2)c2ccc3ncc(-c4cnn(C)c4)nc3c2)c1,7.070019409484486
COCCn1cc(-c2cnc3ccc(N(CC4CC4)c4cc(OC)cc(OC)c4)cc3n2)cn1,6.669992299127241
COc1cc(OC)cc(N(CC2CC2)c2ccc3ncc(-c4cnn(CCCN)c4)nc3c2)c1,7.179995693191682
COc1cc(OC)cc(N(CC2CC2)c2ccc3ncc(-c4cnn(CCO)c4)nc3c2)c1,6.919987152892072
COc1cc(OC)cc(N(CC2CCCC2)c2ccc3ncc(-c4cnn(C)c4)nc3c2)c1,5.820000358220839
Cn1cc(-c2cnc3ccc(N(CC4CC4)c4cccc(OC(F)F)c4)cc3n2)cn1,6.180002266489224
CCOCCN(c1cc(OC)cc(OC)c1)c1ccc2ncc(-c3cnn(C)c3)nc2c1,6.749994971513104
COc1cc(OC)cc(N(CC2CCCO2)c2ccc3ncc(-c4cnn(C)c4)nc3c2)c1,6.699991797446187
COc1cc(OC)cc(N(CCO)c2ccc3ncc(-c4cnn(C)c4)nc3c2)c1,7.070019409484486
COc1cc(OC)cc(N(CC2CC2)c2ccc3ncc(-c4cnn(CC(=O)N(C)C)c4)nc3c2)c1,6.919987152892072
CNC(=O)Cn1cc(-c2cnc3ccc(N(CC4CC4)c4cc(OC)cc(OC)c4)cc3n2)cn1,6.650004100737144
COc1cc(OC)cc(N(CC2CC2)c2ccc3ncc(-c4cnn(S(C)(=O)=O)c4)nc3c2)c1,5.740000204918113
COc1cc(OC)cc(N(CC2CC2)c2ccc3ncc(-c4cnn(CC(=O)NCCN5CCCC5)c4)nc3c2)c1,6.790002703917631
CC(C)Oc1cccc(N(CC2CC2)c2ccc3ncc(-c4cnn(C)c4)nc3c2)c1,5.920001601921648
COc1cc(OC)cc(N(CC2CC2)c2ccc3ncc(-c4cnn(C5CCNCC5)c4)nc3c2)c1,7.36997914888659
COc1cc(OC)cc(N(CCC#N)c2ccc3ncc(-c4cnn(C)c4)nc3c2)c1,7.119987161633229
COc1cc(OC)cc(N(CC2CC2)c2ccc3ncc(-c4cnn(S(=O)(=O)N(C)C)c4)nc3c2)c1,6.0
COc1cc(OC)cc(N(CCCO)c2ccc3ncc(-c4cnn(C)c4)nc3c2)c1,7.389978975335855
COc1cc(OC)cc(N(CC2OCCO2)c2ccc3ncc(-c4cnn(C)c4)nc3c2)c1,6.620005959834258
COc1cc(OC)cc(N(CCN2C(=O)c3ccccc3C2=O)c2ccc3ncc(-c4cnn(C)c4)nc3c2)c1,6.0
COCCN(c1cccc(OC)c1)c1ccc2ncc(-c3cnn(C)c3)nc2c1,6.480001470881152
COc1cccc(N(CC2CC2)c2ccc3ncc(-c4cnn(C)c4)nc3c2)c1OC,6.970007824622153
COCCn1cc(-c2cnc3ccc(N(Cc4cc(C)no4)c4cc(OC)cc(OC)c4)cc3n2)cn1,6.950007143079858
COc1cccc(N(Cc2cc(C)no2)c2ccc3ncc(-c4cnn(C)c4)nc3c2)c1,7.189969213594161
COc1cc(OC)cc(N(CC2CC2)c2ccc3ncc(-c4cnn(CCC5CCNCC5)c4)nc3c2)c1.Cl,7.550059011226662
COc1cc(OC)cc(N(Cc2cc(C)no2)c2ccc3ncc(-c4cnn(CCO)c4)nc3c2)c1,6.909988975992853
CNC(=O)C(C)(C)n1cc(-c2cnc3ccc(N(CC4CC4)c4cc(OC)cc(OC)c4)cc3n2)cn1,6.459996055149973
CNCCN(c1cc(OC)cc(OC)c1)c1ccc2ncc(-c3cnn(C)c3)nc2c1,7.15002808767115
COc1cc(OC)cc(N(CCN)c2ccc3ncc(-c4cnn(C)c4)nc3c2)c1,7.079981083971085
CCOC(=O)CN(c1cc(OC)cc(OC)c1)c1ccc2ncc(-c3cnn(C)c3)nc2c1,6.459996055149973
COc1cc(OC)cc(N(CC2CC2)c2ccc3ncc(-c4cnn(CCCN5CCOCC5)c4)nc3c2)c1.Cl,6.679999195735272
COc1cc(OC)cc(N(CC2CC2)c2ccc3ncc(-c4cnn(CC5CCNCC5)c4)nc3c2)c1,7.309981219211305
COc1cc(OC)cc(N(CC2CC2)c2ccc3ncc(-c4cnn(CCCNCCS(C)(=O)=O)c4)nc3c2)c1,7.0
COc1cc(OC)cc(N(CC2CC2)c2ccc3ncc(-c4cnn(C5CCN(S(C)(=O)=O)CC5)c4)nc3c2)c1,6.589999287456538
COc1cc(OC)cc(N(CC2CC2)c2ccc3ncc(-c4cnn(CC(C)(C)O)c4)nc3c2)c1,6.909988975992853
Cn1cc(-c2cnc3ccc(N(CC4CC4)c4cccc(C#N)c4)cc3n2)cn1,6.0
COc1cc(OC)cc(N(CC(=O)O)c2ccc3ncc(-c4cnn(C)c4)nc3c2)c1.Cl,6.0
COc1cc(OC)cc(N(CCO)c2ccc3ncc(-c4cnn(CCO)c4)nc3c2)c1,7.270025714300444
COc1cc(OC)cc(N(CC2CC2)c2ccc3ncc(-c4cnn(CCN)c4)nc3c2)c1,6.859995049380551
COc1cc(OC)cc(N(CC2CC2)c2ccc3ncc(-c4cnn(CCCN5CCN(CCCO)CC5)c4)nc3c2)c1.Cl,7.689944262249108
COc1cc(OC)cc(N(CC2CC2)c2ccc3ncc(-c4cnn(CC5(O)CCNCC5)c4)nc3c2)c1,7.26003230324049
COc1cc(OC)cc(N(CC(N)=O)c2ccc3ncc(-c4cnn(C)c4)nc3c2)c1,6.050000457140078
COc1cc(Cl)cc(N(CC2CC2)c2ccc3ncc(-c4cnn(C)c4)nc3c2)c1,6.139997578098902
COc1cc(OC)cc(N(CCO)c2ccc3ncc(-c4cnn(CCCN)c4)nc3c2)c1.Cl,7.540004743952609
COc1cc(C#N)cc(N(CC2CC2)c2ccc3ncc(-c4cnn(C)c4)nc3c2)c1,6.0
COc1cc(OC)cc(N(CCO)c2ccc3ncc(-c4cn[nH]c4)nc3c2)c1,6.859995049380551
COc1cc(OC)cc(N(CC(C)O)c2ccc3ncc(-c4cnn(C)c4)nc3c2)c1,6.69000807121882
COc1cc(CN)cc(N(CC2CC2)c2ccc3ncc(-c4cnn(C)c4)nc3c2)c1.Cl,5.90999956608739
COc1cc(OC)cc(N(CC2CC2)c2ccc3ncc(-c4cnn(CCN5CCNCC5)c4)nc3c2)c1.Cl,7.140021558357979
COc1cc(OC)cc(N(CC2CC2)c2ccc3ncc(-c4cnn(CC5(OC)CCNCC5)c4)nc3c2)c1,7.010016541698601
COc1cc(OC)cc(N(CCCN2CCCC2)c2ccc3ncc(-c4cnn(C)c4)nc3c2)c1.Cl,7.609948503541013
COc1cc(OC)cc(N(CC2CC2)c2ccc3ncc(-c4cnn(CC(O)CN5CCCCC5)c4)nc3c2)c1,7.119987161633229
COc1cc(OC)cc(N(CCCC#N)c2ccc3ncc(-c4cnn(C)c4)nc3c2)c1,7.439973751087107
COc1cc(OC)cc(N(CC2CC2)c2ccc3ncc(-c4cnn(CCN5CCN(CCO)CC5)c4)nc3c2)c1.Cl,7.0400051616715835
COc1cc(OC)cc(N(CC2CC2)c2ccc3ncc(-c4cnn(CCN5CCCC5)c4)nc3c2)c1.Cl,6.760000207113128
CNC(=O)c1cc(OC)cc(N(CC2CC2)c2ccc3ncc(-c4cnn(CCOC)c4)nc3c2)c1,6.869988050328096
COc1cc(OC)cc(N(CC2CC2)c2ccc3ncc(-c4cnn(C(C)(C)C(=O)NCCO)c4)nc3c2)c1,6.470005326930858
COc1cc(OCCO)cc(N(CC2CC2)c2ccc3ncc(-c4cnn(C)c4)nc3c2)c1,6.819988880942282
CNC(=O)c1cc(OC)cc(N(CCO)c2ccc3ncc(-c4cnn(CCOC)c4)nc3c2)c1,7.360015751958412
COCCNC(=O)C(C)(C)n1cc(-c2cnc3ccc(N(CC4CC4)c4cc(OC)cc(OC)c4)cc3n2)cn1,6.490004907986601
COc1cc(OC)cc(N(CC2CC2)c2ccc3ncc(-c4cnn(C(C)(C)C(=O)N5CCNCC5)c4)nc3c2)c1,6.339998279897117
CNC(=O)Cn1cc(-c2cnc3ccc(N(CCO)c4cc(OC)cc(OC)c4)cc3n2)cn1,6.790002703917631
COc1cc(OC)cc(N(CC2CC2)c2ccc3ncc(-c4cnn(CC5CCN(C)CC5)c4)nc3c2)c1,7.219970872662661
COc1cc(OC)cc(N(CC2CC2)c2ccc3ncc(-c4cnn(CC(=O)NCCO)c4)nc3c2)c1,6.779996573843064
COCCNC(=O)Cn1cc(-c2cnc3ccc(N(CC4CC4)c4cc(OC)cc(OC)c4)cc3n2)cn1,6.350003492533959
CNC(=O)CN(c1cc(OC)cc(OC)c1)c1ccc2ncc(-c3cnn(C)c3)nc2c1,6.0
COc1cc(OC)cc(N(CC2CCNCC2)c2ccc3ncc(-c4cnn(C)c4)nc3c2)c1.Cl,7.230032198670558
COc1cc(OC)cc(N(Cc2cc(C)on2)c2ccc3ncc(-c4cnn(C)c4)nc3c2)c1,7.280006173632396
COc1cc(OC)cc(N(CCCO)c2ccc3ncc(-c4cn[nH]c4)nc3c2)c1,7.140021558357979
COc1cc(OC)cc(N(Cc2ccc(Cl)s2)c2ccc3ncc(-c4cnn(C)c4)nc3c2)c1,6.490004907986601
COc1cc(OC)cc(N(CC(O)CO)c2ccc3ncc(-c4cnn(C)c4)nc3c2)c1,6.770011163455189
CNC(=O)OCCN(c1cc(OC)cc(OC)c1)c1ccc2ncc(-c3cnn(C)c3)nc2c1,6.659992382003327
COc1cc(OC)cc(N(CCC#N)c2ccc3ncc(-c4cnn(CCO)c4)nc3c2)c1,7.280006173632396
COc1cc(OC)cc(N(CCO)c2ccc3ncc(-c4cnn(CCS(C)(=O)=O)c4)nc3c2)c1,7.470056598341331
CNc1cccc(N(CC2CC2)c2ccc3ncc(-c4cnn(C)c4)nc3c2)c1,6.399996913372259
COc1cc(OC)cc(N(CC(C)(C)O)c2ccc3ncc(-c4cnn(C)c4)nc3c2)c1,6.679999195735272
COc1cc(OC)cc(N(C[C@@H]2CCCN2)c2ccc3ncc(-c4cnn(C)c4)nc3c2)c1,7.3799681048737025
COc1cc(OC)cc(N(CCNS(C)(=O)=O)c2ccc3ncc(-c4cnn(C)c4)nc3c2)c1,7.860120913598763
COc1cc(OC)cc(N(CCN2CCCC2)c2ccc3ncc(-c4cn[nH]c4)nc3c2)c1.Cl,7.0400051616715835
COc1cc(OC)cc(N(Cc2csc(C)n2)c2ccc3ncc(-c4cnn(C)c4)nc3c2)c1,7.389978975335855
COc1cc(OC)cc(N(CCN2CCCC2)c2ccc3ncc(-c4cnn(C)c4)nc3c2)c1.Cl,7.779891911959945
CNCCN(c1cc(OC)cc(OC)c1)c1ccc2ncc(-c3cnn(CC(=O)NC)c3)nc2c1,7.0499760934766735
CNCCN(c1cc(OC)cc(OC)c1)c1ccc2ncc(-c3cnn(CC(=O)NC)c3)nc2c1.Cl,7.36997914888659
COc1cc(OC)cc(N(CC2CO2)c2ccc3ncc(-c4cnn(C)c4)nc3c2)c1,7.0499760934766735
COc1cc(OC)cc(N(CC2CC2)c2ccc3ncc(-c4cnn(CCNS(=O)(=O)N(C)C)c4)nc3c2)c1,6.199998172182031
COc1cc(OC)cc(N(CCNS(=O)(=O)N(C)C)c2ccc3ncc(-c4cnn(C)c4)nc3c2)c1,7.96018944585165
COc1cc(OC(C)C)cc(N(CC2CC2)c2ccc3ncc(-c4cnn(C)c4)nc3c2)c1.Cl,6.0
COc1cc(OC)cc(N(CC2CC2)c2ccc3ncc(-c4cnn(CCNS(C)(=O)=O)c4)nc3c2)c1,6.749994971513104
CNCCCN(c1cc(OC)cc(OC)c1)c1ccc2ncc(-c3cnn(C)c3)nc2c1,7.599980364934842
COc1cc(C(=O)N2CCCC2)cc(N(CCCN2CCCC2)c2ccc3ncc(-c4cnn(C)c4)nc3c2)c1,6.2900011719748115
COc1cc(OCC2CC2)cc(N(CC2CC2)c2ccc3ncc(-c4cnn(C)c4)nc3c2)c1.Cl,6.0
C=CCN(c1cc(OC)cc(OC)c1)c1ccc2ncc(-c3cnn(C)c3)nc2c1,6.630005338391572
COc1cc(OC)cc(N(CCNC(C)C)c2ccc3ncc(-c4cnn(C)c4)nc3c2)c1,7.320027305722581
COc1cc(OC)cc(N(CCCO)c2ccc3ncc(-c4cnn(CCS(C)(=O)=O)c4)nc3c2)c1,7.230032198670558
COc1cc(OC)cc(N(CCCO)c2ccc3ncc(-c4cnn(CCO)c4)nc3c2)c1,7.349984047528161
COc1cc(OC)cc(N(CC2CC2)c2ccc3ncc(-c4cnn(CC(O)CO)c4)nc3c2)c1,7.140021558357979
CNCCN(c1cc(OC)cc(OC)c1)c1ccc2ncc(-c3cnn(CCS(C)(=O)=O)c3)nc2c1,7.179995693191682
CNCCN(c1cc(OC)cc(OC)c1)c1ccc2ncc(-c3cn[nH]c3)nc2c1,7.160019442321658
CCNCCN(c1cc(OC)cc(OC)c1)c1ccc2ncc(-c3cnn(C)c3)nc2c1,7.309981219211305
COc1cc(OCCO)cc(N(CCCN2CCCC2)c2ccc3ncc(-c4cnn(C)c4)nc3c2)c1,7.140021558357979
COc1cc(C(=O)N2CCCC2)cc(N(CCCO)c2ccc3ncc(-c4cnn(C)c4)nc3c2)c1.Cl,6.309998953116936
CNCC(O)CN(c1cc(OC)cc(OC)c1)c1ccc2ncc(-c3cnn(C)c3)nc2c1.Cl,6.900008766455316
CNCC(O)CN(c1cc(OC)cc(OC)c1)c1ccc2ncc(-c3cnn(C)c3)nc2c1,6.909988975992853
COc1cc(OC)cc(N(CCCN2CCC(F)(F)C2)c2ccc3ncc(-c4cnn(C)c4)nc3c2)c1.Cl,7.0
COc1cc(OC)cc(N(C/C(C)=N\O)c2ccc3ncc(-c4cnn(C)c4)nc3c2)c1,7.019996628416254
COc1cc(OC)cc(N(C/C(C)=N/O)c2ccc3ncc(-c4cnn(C)c4)nc3c2)c1,6.859995049380551
COc1cc(OC)cc(N(CCCN2CCCC2)c2ccc3ncc(-c4cn[nH]c4)nc3c2)c1,7.389978975335855
COc1cc(OC)cc(N(CCNC2CCCC2)c2ccc3ncc(-c4cnn(C)c4)nc3c2)c1,7.680061560019691
COc1cc(OC)cc(N(CCNC2CC2)c2ccc3ncc(-c4cnn(C)c4)nc3c2)c1,7.689944262249108
CNCCOc1cc(OC)cc(N(CC2CC2)c2ccc3ncc(-c4cnn(C)c4)nc3c2)c1,5.95999928552668
CNCCN(c1cc(OC)cc(OCCO)c1)c1ccc2ncc(-c3cnn(C)c3)nc2c1.Cl,6.760000207113128
COc1cc(OC)cc(N(CCCN2CCC(O)C2)c2ccc3ncc(-c4cnn(C)c4)nc3c2)c1.Cl,7.969805214643249
COc1cc(F)cc(N(CC2CC2)c2ccc3ncc(-c4cn[nH]c4)nc3c2)c1,6.23000269597146
COc1cc(OC)cc(N(CCN)c2ccc3ncc(-c4cn[nH]c4)nc3c2)c1.Cl,7.070019409484486
COc1cc(OCCO)cc(N(CC2CC2)c2ccc3ncc(-c4cn[nH]c4)nc3c2)c1,6.530001357781253
COc1cc(OC)cc(N(CC2CC2)c2ccc3ncc(-c4cnn(CC(=O)N5CCC(O)C5)c4)nc3c2)c1,7.160019442321658
COc1cc(OC)cc(N(CCCN2CCCC2)c2ccc3ncc(-c4cnn(CCS(C)(=O)=O)c4)nc3c2)c1,7.599980364934842
COc1cc(OC)cc(N(CC(O)CN2CCCCC2)c2ccc3ncc(-c4cnn(C)c4)nc3c2)c1,6.869988050328096
Cl.c1ccc(N(CC2CC2)c2ccc3ncc(-c4cn[nH]c4)nc3c2)cc1,6.040000399696793
COc1cc(OC)cc(N(CCC(=O)O)c2ccc3ncc(-c4cnn(C)c4)nc3c2)c1.Cl,7.2400301424456925
COc1cc(OCCO)cc(N(CCCN2CCCC2)c2ccc3ncc(-c4cn[nH]c4)nc3c2)c1,6.719991046891814
COc1cc(OC)cc(N(CCN2CCOCC2)c2ccc3ncc(-c4cnn(C)c4)nc3c2)c1.Cl,7.309981219211305
COc1cc(OC)cc(N(CCCO)c2ccc3ncc(-c4cnn(C5CCCCO5)c4)nc3c2)c1,7.5300307905000405
COc1cc(OC)cc(N(CCCN)c2ccc3ncc(-c4cnn(C)c4)nc3c2)c1,7.580044251510242
COc1cc(OC)cc(N(CCCN2CCCC2)c2ccc3ncc(-c4cnn(CCO)c4)nc3c2)c1.Cl,7.590066876668706
COc1cc(OC)cc(N(CCN2CCNCC2)c2ccc3ncc(-c4cnn(C)c4)nc3c2)c1.Cl,7.92009553233328
CNCCN(c1cc(OC)cc(OC)c1)c1ccc2ncc(-c3cnn(CCO)c3)nc2c1,7.130005999878258
CNC(=O)Cn1cc(-c2cnc3ccc(N(CCCO)c4cc(OC)cc(OC)c4)cc3n2)cn1,7.079981083971085
C#CCN(c1cc(OC)cc(OC)c1)c1ccc2ncc(-c3cnn(C)c3)nc2c1,7.059981844992337
COc1cc(OC)cc(N(CCN2CCC(N)C2)c2ccc3ncc(-c4cnn(C)c4)nc3c2)c1.Cl,7.720105019988362
COc1cc(OCCO)cc(N(CC2CC2)c2ccc3ncc(-c4cnn(CCS(C)(=O)=O)c4)nc3c2)c1,6.540004743952609
COc1cc(OC)cc(N(Cc2ccc(Cl)s2)c2ccc3ncc(-c4cn[nH]c4)nc3c2)c1,6.0
COc1cc(OC)cc(N(CC2CC2)c2ccc3ncc(-c4cnn(CCF)c4)nc3c2)c1,6.589999287456538
COc1cc(OC)cc(N(CCN2CCCCC2)c2ccc3ncc(-c4cnn(C)c4)nc3c2)c1,7.0
COc1cc(OC)cc(N(CC(=O)NCCN2CCCC2)c2ccc3ncc(-c4cnn(C)c4)nc3c2)c1,6.119998611678231
COc1cc(OC)cc(N(CCc2nnn[nH]2)c2ccc3ncc(-c4cnn(C)c4)nc3c2)c1,7.100015437450609
COc1cc(F)cc(N(CCCO)c2ccc3ncc(-c4cnn(CCO)c4)nc3c2)c1,6.790002703917631
COc1cc(OC)cc(N(CCNC(=O)C2CCCN(C)C2)c2ccc3ncc(-c4cnn(C)c4)nc3c2)c1,6.980011840408714
COc1cc(F)cc(N(CC2CC2)c2ccc3ncc(-c4cnn(CCO)c4)nc3c2)c1,6.160000609491408
COc1cc(OC)cc(N(CCCN2CCC(N)C2)c2ccc3ncc(-c4cnn(C)c4)nc3c2)c1,7.700057099977233
CNC1CCN(CCCN(c2cc(OC)cc(OC)c2)c2ccc3ncc(-c4cnn(C)c4)nc3c2)C1.Cl,7.470056598341331
COc1cc(OC)cc(N(CCN2CCC(O)C2)c2ccc3ncc(-c4cnn(C)c4)nc3c2)c1.Cl,7.3300326300914955
COc1cc(OC)cc(N(CCN2CCC[C@H]2C(=O)O)c2ccc3ncc(-c4cnn(C)c4)nc3c2)c1.Cl,7.15002808767115
COc1ccc(Cl)c(N(CCCN2CCCC2)c2ccc3ncc(-c4cnn(C)c4)nc3c2)c1.Cl,6.0
CCS(=O)(=O)NCCN(c1cc(OC)cc(OC)c1)c1ccc2ncc(-c3cnn(C)c3)nc2c1,7.669992299127241
COc1cc(OC)cc(N(Cc2ccco2)c2ccc3ncc(-c4cnn(C)c4)nc3c2)c1,6.859995049380551
COc1cc(OC)cc(N(CCCN)c2ccc3ncc(-c4cn[nH]c4)nc3c2)c1,7.430041181903406
CNC(=O)c1cc(OC)cc(N(CCCN2CCCC2)c2ccc3ncc(-c4cnn(CCO)c4)nc3c2)c1,7.169989064063882
COc1cc(OCCN)cc(N(CC2CC2)c2ccc3ncc(-c4cnn(C)c4)nc3c2)c1,6.0
COc1cc(OCCO)cc(N(CC2CC2)c2ccc3ncc(-c4cnn(CCO)c4)nc3c2)c1.Cl,6.710009933945681
COc1cc(OC)cc(N(Cc2ccc(Cl)s2)c2ccc3ncc(-c4cnn(CCO)c4)nc3c2)c1,6.599997654072044
COc1cc(OC)cc(N(CCN2CCCCC2C)c2ccc3ncc(-c4cnn(C)c4)nc3c2)c1.Cl,7.26003230324049
CCOC(=O)C1CCN(CCN(c2cc(OC)cc(OC)c2)c2ccc3ncc(-c4cnn(C)c4)nc3c2)CC1,7.019996628416254
COc1cc(Cl)cc(N(CCCN2CCCC2)c2ccc3ncc(-c4cnn(C)c4)nc3c2)c1.Cl,7.2400301424456925
COc1cc(OC)cc(N(Cc2nnc(N)o2)c2ccc3ncc(-c4cnn(C)c4)nc3c2)c1,7.2400301424456925
COc1cc(OC)cc(N(CC2CC2)c2ccc3ncc(-c4cnn(C5CN(CCO)C5)c4)nc3c2)c1,7.059981844992337
COc1cc(OC)cc(N(Cc2ccc(Cl)s2)c2ccc3ncc(-c4cnn(Cc5ccc(Cl)s5)c4)nc3c2)c1,6.0
COc1cc(OC)cc(N(CCCN2CCC[C@H]2C)c2ccc3ncc(-c4cnn(C)c4)nc3c2)c1.Cl,7.199970640755866
COc1cc(OC)cc(N(CCN2C[C@@H](C)O[C@@H](C)C2)c2ccc3ncc(-c4cnn(C)c4)nc3c2)c1.Cl,6.610001577392667
COc1cc(OC)cc(N(CCN2CCC(N(C)C)CC2)c2ccc3ncc(-c4cnn(C)c4)nc3c2)c1,7.0400051616715835
COc1cc(OC)cc(N(C[C@@H]2C[C@H]2CO)c2ccc3ncc(-c4cnn(C)c4)nc3c2)c1,7.010016541698601
CNC(=O)Cn1cc(-c2cnc3ccc(N(CCCN4CCCC4)c4cc(OC)cc(OC)c4)cc3n2)cn1,7.36997914888659
COc1cc(OC)cc(N(CCCN2CCC(F)C2)c2ccc3ncc(-c4cnn(C)c4)nc3c2)c1.Cl,7.619969752032169
COc1cc(OC)cc(N(CCn2cccn2)c2ccc3ncc(-c4cnn(C)c4)nc3c2)c1,6.329995488683631
COc1cc(OC)cc(N(Cc2cccs2)c2ccc3ncc(-c4cnn(C)c4)nc3c2)c1,6.570005615848293
COc1cc(OC)cc(N(Cc2ccccc2Cl)c2ccc3ncc(-c4cnn(C)c4)nc3c2)c1,6.23000269597146
COc1cc(OC)cc(N(CC2CCOCC2)c2ccc3ncc(-c4cnn(C)c4)nc3c2)c1,6.83000246293343
Cn1cc(-c2cnc3ccc(N(CC4CC4)c4ccccc4)cc3n2)cn1,6.339998279897117
CCOC(=O)Cn1cc(CN(c2cc(OC)cc(OC)c2)c2ccc3ncc(-c4cnn(C)c4)nc3c2)nn1,6.589999287456538
OCCn1cc(-c2cnc3ccc(N(CC4CC4)c4ccccc4)cc3n2)cn1,6.639993867770902
COc1cc(OC)cc(N(CCCN2CCC(OC)CC2)c2ccc3ncc(-c4cnn(C)c4)nc3c2)c1,7.110026361596004
COc1cc(OC)cc(N(Cc2ccc(Cl)cc2)c2ccc3ncc(-c4cnn(C)c4)nc3c2)c1,6.0
COc1cc(OC)cc(N(Cc2cccc(Cl)c2)c2ccc3ncc(-c4cnn(C)c4)nc3c2)c1,6.139997578098902
COc1cc(OC)cc(N(Cc2ccccc2)c2ccc3ncc(-c4cnn(C)c4)nc3c2)c1,6.160000609491408
COc1ccc(OC)c(N(CCCN2CCCC2)c2ccc3ncc(-c4cnn(C)c4)nc3c2)c1.Cl,6.0999990348465305
COc1cc(OC)cc(N(CCN2C(C)CCCC2C)c2ccc3ncc(-c4cnn(C)c4)nc3c2)c1,7.090016305060156
COc1cc(OC)cc(N(CCCN)c2ccc3ncc(-c4cnn(CCS(C)(=O)=O)c4)nc3c2)c1,7.3300326300914955
COc1cc(OC)cc(N(CCN2CCCC(N)C2)c2ccc3ncc(-c4cnn(C)c4)nc3c2)c1,7.689944262249108
COc1cc(OC)cc(N(CCCCN)c2ccc3ncc(-c4cnn(C)c4)nc3c2)c1,7.519993057042849
COc1cc(OC)cc(N(CCCN2CCCCC2C)c2ccc3ncc(-c4cnn(C)c4)nc3c2)c1.Cl,7.309981219211305
COc1cc(OC)cc(N(CCCN2CCCCC2)c2ccc3ncc(-c4cnn(C)c4)nc3c2)c1.Cl,7.470056598341331
COc1cc(OC)cc(N(CC#Cc2nccn2C)c2ccc3ncc(-c4cnn(C)c4)nc3c2)c1,7.010016541698601
COc1cc(OC)cc(N(CCN)c2ccc3ncc(-c4cnn(CCS(C)(=O)=O)c4)nc3c2)c1,7.230032198670558
COc1cc(OC)cc(N(Cc2csc(C)n2)c2ccc3ncc(-c4cn[nH]c4)nc3c2)c1,6.859995049380551
COc1cc(OC)cc(N(CCCN2CCC(N3CCCCC3)C2)c2ccc3ncc(-c4cnn(C)c4)nc3c2)c1,7.2400301424456925
COc1cc(OC)cc(N(CCCNC(=O)C(F)(F)F)c2ccc3ncc(-c4cnn(C)c4)nc3c2)c1,7.6399749108106025
COc1cc(OCCO)cc(N(CCN)c2ccc3ncc(-c4cnn(C)c4)nc3c2)c1.Cl,6.620005959834258
COc1cc(OC)cc(N(CCNC(=O)C(F)(F)F)c2ccc3ncc(-c4cnn(C)c4)nc3c2)c1,6.98999702587294
COc1cc(OC)cc(N(CCN2CCC(C(C)(C)O)CC2)c2ccc3ncc(-c4cnn(C)c4)nc3c2)c1,6.859995049380551
COc1cc(OC)cc(N(CCN2CCC(N)CC2)c2ccc3ncc(-c4cnn(C)c4)nc3c2)c1,7.219970872662661
COc1cc(OC)cc(N(CCCNC(C)C)c2ccc3ncc(-c4cnn(C)c4)nc3c2)c1,6.929999096197655
COc1cc(OC)cc(N(CCCN2CCCC2=O)c2ccc3ncc(-c4cnn(C)c4)nc3c2)c1,7.460046158343603
COc1cc(OC)cc(N(CCCN2CCC[C@H]2CO)c2ccc3ncc(-c4cnn(C)c4)nc3c2)c1,7.50003813440381
COc1cc(OC)cc(N(CCN2CC[C@H](C#N)C2)c2ccc3ncc(-c4cnn(C)c4)nc3c2)c1,7.079981083971085
COc1ccc(Cl)c(N(CCO)c2ccc3ncc(-c4cnn(C)c4)nc3c2)c1,6.900008766455316
COc1cc(OC)cc(N(CCCN2CC(O)C2)c2ccc3ncc(-c4cnn(C)c4)nc3c2)c1,8.079981083971084
COc1cc(OC)cc(N(Cc2cn[nH]n2)c2ccc3ncc(-c4cnn(C)c4)nc3c2)c1,7.070019409484486
COc1cc(OC)c(C)c(N(CCCN2CCCC2)c2ccc3ncc(-c4cnn(C)c4)nc3c2)c1.Cl,7.590066876668706
COCC(O)CN(c1cc(OC)cc(OC)c1)c1ccc2ncc(-c3cnn(C)c3)nc2c1,6.869988050328096
COc1cc(OC)cc(N(CCC2CCNCC2)c2ccc3ncc(-c4cnn(C)c4)nc3c2)c1,7.7500682433658055
[2H]C([2H])([2H])Oc1cc(OC)cc(N(CCO)c2ccc3ncc(-c4cnn(C)c4)nc3c2)c1,7.079981083971085
[2H]C([2H])([2H])n1cc(-c2ccc3ncc(N(CCO)c4cc(OC)cc(OC)c4)nc3c2)cn1,7.140021558357979
CCOc1cc(F)cc(N(CCO)c2ccc3ncc(-c4cnn(C)c4)nc3c2)c1,6.760000207113128
COc1ccc(OC)c(N(CCO)c2ccc3ncc(-c4cnn(C)c4)nc3c2)c1.Cl,6.0
C=Cc1cc(OC)cc(N(CC2CC2)c2ccc3ncc(-c4cnn(C)c4)nc3c2)c1.Cl,6.109998386815364
COCCc1cc(OC)cc(N(CC2CC2)c2ccc3ncc(-c4cnn(C)c4)nc3c2)c1.Cl,6.0
COc1cc(OC)cc(N(CC(O)CNC(C)C)c2ccc3ncc(-c4cnn(C)c4)nc3c2)c1,6.570005615848293
COc1cc(C2OCCO2)cc(N(CC2CC2)c2ccc3ncc(-c4cnn(C)c4)nc3c2)c1,6.130000141365475
COc1cc(OC)cc(N(CC2(OC)CCCNC2)c2ccc3ncc(-c4cnn(C)c4)nc3c2)c1.Cl,6.929999096197655
COc1cc(OC)c(Cl)c(N(CCCN2CCCC2)c2ccc3ncc(-c4cnn(C)c4)nc3c2)c1.Cl,7.7599502278873524
COc1ccc(Cl)c(N(CCNC(C)C)c2ccc3ncc(-c4cnn(C)c4)nc3c2)c1.Cl,7.169989064063882
COc1cc(OC)c(C)c(N(CCO)c2ccc3ncc(-c4cnn(C)c4)nc3c2)c1,7.489991487059766
COc1cc(OC)c(Cl)c(N(CCO)c2ccc3ncc(-c4cnn(C)c4)nc3c2)c1,7.419987887470576
COc1ccc(OC)c(N(CCNC(C)C)c2ccc3ncc(-c4cnn(C)c4)nc3c2)c1,6.0
CNC(=O)c1cc(OC)cc(N(CCN)c2ccc3ncc(-c4cnn(C)c4)nc3c2)c1,7.730020323354676
CNC(=O)Cn1cc(-c2ccc3ncc(N(CCN)c4cc(OC)cc(OC)c4)nc3c2)cn1,7.0400051616715835
COc1cc(OC)cc(N(CCN2CCCC(C#N)C2)c2ccc3ncc(-c4cnn(C)c4)nc3c2)c1,7.26003230324049
COc1cc(OC)cc(N(CC(O)CN)c2ccc3ncc(-c4cnn(C)c4)nc3c2)c1,6.869988050328096
COc1cc(OC)cc(N(CCN2CCC(F)(F)CC2)c2ccc3ncc(-c4cnn(C)c4)nc3c2)c1,6.779996573843064
Cl.[2H]C([2H])([2H])Oc1cc(OC)cc(N(CCNC(C)C)c2ccc3ncc(-c4cn[nH]c4)nc3c2)c1,7.26003230324049
Cn1cc(-c2ccc3ncc(N(CCN)c4cc(F)cc(OCCO)c4)nc3c2)cn1,7.179995693191682
COc1cc(OC)cc(N(Cc2cn(CCO)nn2)c2ccc3ncc(-c4cnn(C)c4)nc3c2)c1,7.070019409484486
COc1cc(F)cc(N(CCCN2CCCC2)c2ccc3ncc(-c4cn[nH]c4)nc3c2)c1.Cl,6.900008766455316
COc1cc(OC)cc(N(CCCNCC(F)(F)F)c2ccc3ncc(-c4cnn(C)c4)nc3c2)c1,6.659992382003327
COc1cc(OC)cc(N(CCN)c2ccc3ncc(-c4cnn(CC5CCOCC5)c4)nc3c2)c1.Cl,7.560036064079095
COc1cc(OC)cc(N(CCCNC(=O)C(C)(O)C(F)(F)F)c2ccc3ncc(-c4cnn(C)c4)nc3c2)c1.Cl,7.680061560019691
COc1cc(OC)cc(N(CCCNC(=O)C(C)(O)C(F)(F)F)c2ccc3ncc(-c4cnn(C)c4)nc3c2)c1,7.680061560019691
COc1ccc(OC)c(N(CCNC(C)C)c2ccc3ncc(-c4cn[nH]c4)nc3c2)c1,6.0
COc1ccc(OC)c(N(CCN)c2ccc3ncc(-c4cn[nH]c4)nc3c2)c1.Cl,6.0
COc1ccc(Cl)c(N(CCNC(C)C)c2ccc3ncc(-c4cn[nH]c4)nc3c2)c1.Cl,7.090016305060156
COc1cc(OC)c(Cl)c(N(CCNC(C)C)c2ccc3ncc(-c4cnn(C)c4)nc3c2)c1.Cl,7.7500682433658055
CCN(CC)CCN(c1cc(OC)cc(OC)c1)c1ccc2ncc(-c3cnn(C)c3)nc2c1,7.059981844992337
[2H]C([2H])([2H])n1cc(-c2cnc3ccc(N(CCNC(C)C)c4cc(OC)cc(OC)c4)cc3n2)cn1,7.3300326300914955
[2H]C([2H])([2H])Oc1cc(OC)cc(N(CCNC(C)C)c2ccc3ncc(-c4cnn(C)c4)nc3c2)c1,7.3300326300914955
COc1cc(OC)cc(N(CCNC(=O)C2CC2)c2ccc3ncc(-c4cnn(C)c4)nc3c2)c1,6.760000207113128
COc1cc(OC)cc(N(CCNC(C)=O)c2ccc3ncc(-c4cnn(C)c4)nc3c2)c1,6.879985747921933
COc1cc(OC)cc(N(CCn2cccn2)c2ccc3ncc(-c4cnn(C)c4)nc3c2)c1.Cl,7.309981219211305
CCn1cc(-c2cnc3ccc(N(CCNC)c4cc(OC)cc(OC)c4)cc3n2)cn1,7.199970640755866
CNCCN(c1cc(OC)cc(OC)c1)c1ccc2ncc(-c3cnn(C(C)C)c3)nc2c1.Cl,7.26003230324049
COc1cc(OC)c(C)c(N(CCNC(C)C)c2ccc3ncc(-c4cnn(C)c4)nc3c2)c1.Cl,7.439973751087107
COc1ccc(Cl)c(N(CCO)c2ccc3ncc(-c4cn[nH]c4)nc3c2)c1.Cl,6.639993867770902
CNC(=O)Cn1cc(-c2cnc3ccc(N(CCNC(C)C)c4cc(OC)cc(OC)c4)cc3n2)cn1.Cl,6.980011840408714
COc1cc(OC)cc(N(CCNC(=O)C(C)(O)C(F)(F)F)c2ccc3ncc(-c4cnn(C)c4)nc3c2)c1,7.349984047528161
COc1cc(OC)cc(N(CCCN2CCC(N3C[C@@H](C)O[C@@H](C)C3)C2)c2ccc3ncc(-c4cnn(C)c4)nc3c2)c1.Cl,7.209996479609511
COc1cc(OC)cc(N(CCN2CCC(N(C)C)C2)c2ccc3ncc(-c4cnn(C)c4)nc3c2)c1,7.130005999878258
COc1cc(OC)cc(N(CC2CCN(C(C)C)CC2)c2ccc3ncc(-c4cnn(C)c4)nc3c2)c1,6.32000008377078
COc1cc(OC)cc(N(Cc2csc(C)n2)c2ccc3ncc(-c4cnn(CCN5CCNCC5)c4)nc3c2)c1,7.299988937677887
COc1cc(OC)cc(N(CCN2CC[C@H](C#N)C2)c2ccc3ncc(-c4cn[nH]c4)nc3c2)c1,6.970007824622153
COc1cc(OC)cc(N(CCCN2CCC(F)(F)C2)c2ccc3ncc(-c4cn[nH]c4)nc3c2)c1,6.509999358109048
COc1cc(OC)cc(N(CCCN2CCC(F)(F)C2)c2ccc3ncc(-c4cn[nH]c4)nc3c2)c1.Cl,6.509999358109048
COc1cc(OC)cc(N(CCCN2CCC(F)(F)C2)c2ccc3ncc(-c4cnn(CC5CCOCC5)c4)nc3c2)c1.Cl,6.760000207113128
COc1cc(OCCF)cc(N(CCO)c2ccc3ncc(-c4cnn(C)c4)nc3c2)c1,7.0499760934766735
COc1cc(OC)cc(N(CCCN2CCC(C(F)(F)F)CC2)c2ccc3ncc(-c4cnn(C)c4)nc3c2)c1,7.880084589742009
COc1cc(OC)cc(N(CC2CCN(C)CC2)c2ccc3ncc(-c4cnn(C)c4)nc3c2)c1,7.059981844992337
COc1cc(OC)cc(N(CCCN2CCC[C@@H]2CO)c2ccc3ncc(-c4cnn(C)c4)nc3c2)c1,7.430041181903406
COc1cc(OC)cc(N(Cc2nnc(NCCO)o2)c2ccc3ncc(-c4cnn(C)c4)nc3c2)c1,6.610001577392667
COc1cc(OC)cc(N(CCCN2CCC[C@@H]2C)c2ccc3ncc(-c4cnn(C)c4)nc3c2)c1.Cl,7.400007822415902
COc1cc(OC)cc(N(CCN2CCC[C@@H]2CO)c2ccc3ncc(-c4cnn(C)c4)nc3c2)c1,7.100015437450609
COc1cc(OC)cc(N(CCN2CCC[C@H]2CO)c2ccc3ncc(-c4cnn(C)c4)nc3c2)c1,7.580044251510242
COc1cc(OC)cc(N(Cc2ccc(Cl)s2)c2ccc3ncc(-c4cnn(CCN5CCNCC5)c4)nc3c2)c1.Cl,7.899974269892137
CCn1cc(-c2cnc3ccc(N(CCNC(C)C)c4cc(OC)cc(OC)c4)cc3n2)cn1.Cl,7.739928612014925
COc1cc(OC)cc(N(CC(C)(C)O)c2ccc3ncc(-c4cn[nH]c4)nc3c2)c1,6.850011543508524
COc1cc(OC)cc(N(CCCO)c2ccc3ncc(-c4cnn(C(C)C)c4)nc3c2)c1,7.5699249444480605
COc1cc(F)cc(N(CCO)c2ccc3ncc(-c4cn[nH]c4)nc3c2)c1,6.740000204918113
CCOc1cc(F)cc(N(CCN)c2ccc3ncc(-c4cnn(C)c4)nc3c2)c1,7.019996628416254
COc1cc(OC)cc(N(CCNC(C)C)c2ccc3ncc(-c4cnn(CC5CCOCC5)c4)nc3c2)c1.Cl,7.630042392653947
COc1cc(OC)cc(N(CCC2CCN(C(C)C)CC2)c2ccc3ncc(-c4cnn(C)c4)nc3c2)c1,7.5699249444480605
COc1cc(OC)cc(N(C[C@@H](O)CO)c2ccc3ncc(-c4cnn(C)c4)nc3c2)c1,6.9399824574684
COc1cc(OC)cc(N(C[C@H](O)CO)c2ccc3ncc(-c4cnn(C)c4)nc3c2)c1,6.790002703917631
COc1cc(OC)cc(N(CC(O)C(F)(F)F)c2ccc3ncc(-c4cnn(C)c4)nc3c2)c1,6.919987152892072
CCn1cc(-c2cnc3ccc(N(CCN)c4cc(OC)cc(OC)c4)cc3n2)cn1,7.590066876668706
CCCn1cc(-c2cnc3ccc(N(CCN)c4cc(OC)cc(OC)c4)cc3n2)cn1.Cl,7.689944262249108
CNC(=O)c1cc(OC)cc(N(CCNC(C)C)c2ccc3ncc(-c4cnn(C)c4)nc3c2)c1,7.7500682433658055
COc1cc(OC)cc(N(CCCN2C[C@@H](C)O[C@@H](C)C2)c2ccc3ncc(-c4cnn(C)c4)nc3c2)c1,7.010016541698601
COc1cc(OC)cc(N(CCCN2CCNCC2)c2ccc3ncc(-c4cnn(C)c4)nc3c2)c1,7.4800408192479315
COc1cc(F)cc(N(CCN)c2ccc3ncc(-c4cnn(C)c4)nc3c2)c1,6.650004100737144
COc1cc(OC)cc(N(CCCN2CCC(S(C)(=O)=O)C2)c2ccc3ncc(-c4cnn(C)c4)nc3c2)c1,7.540004743952609
COc1cc(F)cc(N(CCNC(C)C)c2ccc3ncc(-c4cnn(C)c4)nc3c2)c1,6.98999702587294
COc1cc(OC)cc(N(CCCN)c2ccc3ncc(-c4cnn(C(C)C)c4)nc3c2)c1,7.689944262249108
COc1cc(F)cc(N(CCCN2CCC(C#N)C2)c2ccc3ncc(-c4cnn(C)c4)nc3c2)c1,6.929999096197655
COc1cc(OC)cc(N(CCNC(C)C)c2ccc3ncc(-c4cn[nH]c4)nc3c2)c1.Cl,6.980011840408714
COc1cc(OC)cc(N(CC(=O)NCCN)c2ccc3ncc(-c4cnn(C)c4)nc3c2)c1.Cl,6.130000141365475
CNC(=O)c1cc(OC)cc(N(CC2CC2)c2ccc3ncc(-c4cnn(C)c4)nc3c2)c1,7.0499760934766735
COc1cc(OC)cc(N(Cc2ncc[nH]2)c2ccc3ncc(-c4cnn(C)c4)nc3c2)c1,7.019996628416254
CNC(=O)c1cc(F)cc(N(CC2CC2)c2ccc3ncc(-c4cnn(C)c4)nc3c2)c1,7.160019442321658
COc1cc(OC)cc(N(CCCN2CCCC2)c2ccc3ncc(-c4cnn(C(C)C)c4)nc3c2)c1.Cl,7.50003813440381
CNC(=O)c1cc(F)cc(N(CCO)c2ccc3ncc(-c4cnn(C)c4)nc3c2)c1,7.659952682338607
CNC[C@@H](O)CN(c1cc(OC)cc(OC)c1)c1ccc2ncc(-c3cnn(C)c3)nc2c1,7.119987161633229
CNC[C@H](O)CN(c1cc(OC)cc(OC)c1)c1ccc2ncc(-c3cnn(C)c3)nc2c1,7.199970640755866
COc1cc(OC)cc(N(CCNS(=O)(=O)C(C)C)c2ccc3ncc(-c4cnn(C)c4)nc3c2)c1,7.830031826003108
COc1cc(OC)cc(N(CC(O)CNCC(F)(F)F)c2ccc3ncc(-c4cnn(C)c4)nc3c2)c1,6.859995049380551
CNC(=O)Cn1cc(-c2cnc3ccc(N(CCCN)c4cc(OC)cc(OC)c4)cc3n2)cn1,7.389978975335855
COc1cc(OC)cc(N(CCNCCC#N)c2ccc3ncc(-c4cnn(C)c4)nc3c2)c1,7.119987161633229
COC/C(CN(c1cc(OC)cc(OC)c1)c1ccc2ncc(-c3cnn(C)c3)nc2c1)=N\O,6.699991797446187
COC/C(CN(c1cc(OC)cc(OC)c1)c1ccc2ncc(-c3cnn(C)c3)nc2c1)=N/O,6.659992382003327
COc1cc(OC)cc(N(CC2(C)COC2)c2ccc3ncc(-c4cnn(C)c4)nc3c2)c1,7.070019409484486
CNCCN(c1cc(F)cc(OC)c1)c1ccc2ncc(-c3cnn(C)c3)nc2c1,6.890016705180107
COc1cc(OC)cc(N(CCC(C)(C)O)c2ccc3ncc(-c4cnn(C)c4)nc3c2)c1,7.489991487059766
CNC(=O)c1cc(OC)cc(N(CCNC(C)C)c2ccc3ncc(-c4cnn(C(C)C)c4)nc3c2)c1,7.460046158343603
COc1cc(OC)cc(N(CCN2CCC[C@@H]2C)c2ccc3ncc(-c4cnn(C)c4)nc3c2)c1.Cl,7.130005999878258
COc1cc(OC)cc(N(CCNCC(F)F)c2ccc3ncc(-c4cnn(C)c4)nc3c2)c1,7.270025714300444
COc1cc(OC)cc(N(CCCN2CCOC2=O)c2ccc3ncc(-c4cnn(C)c4)nc3c2)c1,7.510041520575165
COc1cc(OC)cc(N(CCCN2C[C@@H](C)N[C@@H](C)C2)c2ccc3ncc(-c4cnn(C)c4)nc3c2)c1,6.630005338391572
COc1cc(OC)cc(N(CCCN2CCS(=O)(=O)CC2)c2ccc3ncc(-c4cnn(C)c4)nc3c2)c1,7.339988778710669
COc1cc(OCCF)cc(N(CCNC(C)C)c2ccc3ncc(-c4cnn(C)c4)nc3c2)c1.Cl,7.199970640755866
COc1cc(OC)cc(N(CCN2CCCC(C(N)=O)C2)c2ccc3ncc(-c4cnn(C)c4)nc3c2)c1,7.070019409484486
COc1cc(OC)cc(N(CCN2CC3(COC3)C2)c2ccc3ncc(-c4cnn(C)c4)nc3c2)c1,7.2400301424456925
COc1cc(OC)cc(N(CCNC(C)C)c2ccc3ncc(-c4cnn(C(C)C)c4)nc3c2)c1.Cl,7.739928612014925
COc1cc(OC)cc(N(CCN2CCC(CO)CC2)c2ccc3ncc(-c4cnn(C)c4)nc3c2)c1,6.980011840408714
COc1cc(OC)cc(N(C[C@H](O)CNCC(F)(F)F)c2ccc3ncc(-c4cnn(C)c4)nc3c2)c1,6.679999195735272
COc1cc(OC)cc(N(C[C@@H](O)CNCC(F)(F)F)c2ccc3ncc(-c4cnn(C)c4)nc3c2)c1,6.749994971513104
COc1cc(OC)cc(N(CCN)c2ccc3ncc(-c4cnn(C(C)C)c4)nc3c2)c1,7.609948503541013
COc1cc(OC)cc(N(C[C@H](O)CN2CC[C@H](C#N)C2)c2ccc3ncc(-c4cnn(C)c4)nc3c2)c1.Cl,6.639993867770902
COc1cc(OC)cc(N(C[C@@H](O)CN2CC[C@H](C#N)C2)c2ccc3ncc(-c4cnn(C)c4)nc3c2)c1.Cl,7.070019409484486
COc1cc(OC)cc(N(CCCn2ccnc2C)c2ccc3ncc(-c4cnn(C)c4)nc3c2)c1,7.689944262249108
COc1cc(OC)cc(N(CCN2CCN(C(C)=O)CC2)c2ccc3ncc(-c4cnn(C)c4)nc3c2)c1,7.029978734171634
COc1cc(OC)cc(N(CCN2CCN(CCO)CC2)c2ccc3ncc(-c4cnn(C)c4)nc3c2)c1,7.439973751087107
COc1cc(OC)cc(N(CCNCC2CC2)c2ccc3ncc(-c4cnn(C)c4)nc3c2)c1,7.349984047528161
COc1cc(OC)cc(N(CCN2CCN(C)CC2)c2ccc3ncc(-c4cnn(C)c4)nc3c2)c1,7.460046158343603
COc1cc(OC)cc(N(CC2CN(Cc3ccccc3)CCO2)c2ccc3ncc(-c4cnn(C)c4)nc3c2)c1,6.429994423238211
COc1cc(OC)cc(N(CCCN2CCOCC2)c2ccc3ncc(-c4cnn(C)c4)nc3c2)c1.Cl,7.339988778710669
COc1cc(OC)cc(N(c2ccc3ncc(-c4cnn(C)c4)nc3c2)C2COC2)c1,6.840011949618013
COc1cc(OC)cc(N(CCn2ccnc2C)c2ccc3ncc(-c4cnn(C)c4)nc3c2)c1,6.2399999527072705
COc1cc(OC)cc(N(CCNCCO)c2ccc3ncc(-c4cnn(C)c4)nc3c2)c1,7.339988778710669
CCN(CCN(c1cc(OC)cc(OC)c1)c1ccc2ncc(-c3cnn(C)c3)nc2c1)C(C)C.Cl,7.100015437450609
COc1cc(OC)cc(N(CCN2CCC[C@H]2C)c2ccc3ncc(-c4cnn(C)c4)nc3c2)c1.Cl,7.430041181903406
COc1cc(OC)cc(N(C/C(=N/O)C(C)C)c2ccc3ncc(-c4cnn(C)c4)nc3c2)c1,6.0
COc1cc(OC)cc(N(C/C(=N\O)C(C)C)c2ccc3ncc(-c4cnn(C)c4)nc3c2)c1,6.950007143079858
C=CCN(c1cc(F)cc(OC)c1)c1ccc2ncc(-c3cnn(C)c3)nc2c1,6.3799993576999325
COc1cc(OC)cc(N(CCN2CCNC(=O)C2)c2ccc3ncc(-c4cnn(C)c4)nc3c2)c1,7.0
COc1cc(CO)cc(N(CCCN2CCCC2)c2ccc3ncc(-c4cnn(C)c4)nc3c2)c1,6.350003492533959
COc1cc(OC)cc(N(CCN2CCC(C(C)(C)O)CC2)c2ccc3ncc(-c4cnn(C(C)C)c4)nc3c2)c1,7.140021558357979
COc1cc(OC)cc(N(CC(O)CN2CCOCC2)c2ccc3ncc(-c4cnn(C)c4)nc3c2)c1,6.679999195735272
COc1cc(OC)cc(N(CCCN2CCCC(C(N)=O)C2)c2ccc3ncc(-c4cnn(C)c4)nc3c2)c1,7.560036064079095
COc1cc(OC)cc(N(Cc2ccc(Cl)nc2)c2ccc3ncc(-c4cnn(C)c4)nc3c2)c1,7.140021558357979
COc1cc(OC)cc(N(CCN2CCC(CCO)CC2)c2ccc3ncc(-c4cnn(C)c4)nc3c2)c1,7.179995693191682
COc1cc(OC)cc(N(CCN2CCN(C(=O)C3CC3)CC2)c2ccc3ncc(-c4cnn(C)c4)nc3c2)c1,6.710009933945681
COc1cc(OC)cc(N(CC(F)CN)c2ccc3ncc(-c4cnn(C)c4)nc3c2)c1,7.5699249444480605
COc1cc(OC)cc(N(c2ccc3ncc(-c4cnn(C)c4)nc3c2)[C@H]2CC[C@@H](NC(C)C)CC2)c1,7.470056598341331
COc1cc(OC)cc(N(c2ccc3ncc(-c4cnn(C)c4)nc3c2)[C@H]2CC[C@H](NC(C)C)CC2)c1,7.160019442321658
COc1cc(OC)cc(N(CCCN2[C@H](C)CC[C@@H]2C)c2ccc3ncc(-c4cnn(C)c4)nc3c2)c1.Cl,6.900008766455316
COc1cc(OC)cc(N(CCN2CCCC2=O)c2ccc3ncc(-c4cnn(C)c4)nc3c2)c1,6.579994715040948
COc1cc(OC)cc(N(CCCN2[C@@H](C)CC[C@@H]2C)c2ccc3ncc(-c4cnn(C)c4)nc3c2)c1.Cl,7.179995693191682
COc1cc(OC)cc(N(CCCN2CCCC2=O)c2ccc3ncc(-c4cnn(C(C)C)c4)nc3c2)c1,7.630042392653947
CNC(=O)c1cc(OC)cc(N(CCCN2CCCC2)c2ccc3ncc(-c4cnn(C)c4)nc3c2)c1,7.430041181903406
COc1cc(OC)cc(N(CCNCC2CCCO2)c2ccc3ncc(-c4cnn(C)c4)nc3c2)c1.Cl,7.169989064063882
COc1cc(OC)cc(N(CCNC[Si](C)(C)C)c2ccc3ncc(-c4cnn(C)c4)nc3c2)c1.Cl,7.199970640755866
[2H]C([2H])([2H])Oc1cc(F)cc(N(CCN)c2ccc3ncc(-c4cnn(C)c4)nc3c2)c1,6.929999096197655
COc1cc(OC)cc(N(Cc2cc(C)n(C)n2)c2ccc3ncc(-c4cnn(C)c4)nc3c2)c1,6.610001577392667
COc1cc(F)cc(N(CCCNC(C)C)c2ccc3ncc(-c4cnn(C)c4)nc3c2)c1,6.779996573843064
COc1cc(OC)cc(N(CCCN2CCC[C@@H]2CC#N)c2ccc3ncc(-c4cnn(C)c4)nc3c2)c1.Cl,7.470056598341331
COc1cc(OC)cc(N(C[C@H](O)CNC(C)C)c2ccc3ncc(-c4cnn(C)c4)nc3c2)c1.Cl,6.439997673226633
COc1cc(OC)cc(N(C[C@@H](O)CNC(C)C)c2ccc3ncc(-c4cnn(C)c4)nc3c2)c1.Cl,6.699991797446187
COc1cc(OC)cc(N(CCN2CCOC2=O)c2ccc3ncc(-c4cnn(C)c4)nc3c2)c1,6.519993057042849
COc1cc(OC)cc(N(CCCN2[C@H](C)CC[C@@H]2C)c2ccc3ncc(-c4cnn(C)c4)nc3c2)c1,7.389978975335855
COc1cc(OC)cc(N(CCCn2c(C)cnc2C)c2ccc3ncc(-c4cnn(C)c4)nc3c2)c1.Cl,7.969805214643249
COc1cc(OC)cc(N(CCNC2CCN(S(N)(=O)=O)CC2)c2ccc3ncc(-c4cnn(C)c4)nc3c2)c1,7.230032198670558
COc1cc(F)cc(N(CCCO)c2ccc3ncc(-c4cnn(C)c4)nc3c2)c1,6.950007143079858
COc1cc(OC)cc(N(CCn2cc(C)nc2C)c2ccc3ncc(-c4cnn(C)c4)nc3c2)c1.Cl,6.0
COc1cc(OC)cc(N(CCn2c(C)cnc2C)c2ccc3ncc(-c4cnn(C)c4)nc3c2)c1,6.170001911302621
COc1cc(OC)cc(N(Cc2cccnc2)c2ccc3ncc(-c4cnn(C)c4)nc3c2)c1,7.110026361596004
COc1cc(OC)cc(N(Cc2ccncc2)c2ccc3ncc(-c4cnn(C)c4)nc3c2)c1,6.699991797446187
COc1cc(OC)cc(N(Cc2cnccn2)c2ccc3ncc(-c4cnn(C)c4)nc3c2)c1,6.959991363986458
CNCCN(c1cc(OC)cc(OC)c1)c1ccc2ncc(-c3cnn(CC4CCOCC4)c3)nc2c1.Cl,7.389978975335855
COc1cc(OC)cc(N(CCCNC(C)C)c2ccc3ncc(-c4cnn(C)c4)nc3c2)c1.Cl,7.470056598341331
COc1cc(OC)cc(N(CCN2[C@@H](C)CC[C@@H]2C)c2ccc3ncc(-c4cnn(C)c4)nc3c2)c1,7.280006173632396
COc1cc(OC)cc(N(CCCN2CC=CCC2)c2ccc3ncc(-c4cnn(C)c4)nc3c2)c1.Cl,7.5300307905000405
COc1cc(OC)cc(N(CCCN2CCCC2(C)C)c2ccc3ncc(-c4cnn(C)c4)nc3c2)c1.Cl,6.950007143079858
COc1cc(F)cc(N(CCCNCC(F)(F)F)c2ccc3ncc(-c4cnn(C)c4)nc3c2)c1,6.570005615848293
COc1cc(OC)cc(N(Cc2cccc(Br)n2)c2ccc3ncc(-c4cnn(C)c4)nc3c2)c1,6.570005615848293
COc1cc(OC)cc(N(CCN2CCCNCC2)c2ccc3ncc(-c4cnn(C)c4)nc3c2)c1.O=C(O)C(=O)O,7.400007822415902
COc1cc(OC)cc(N(CCN2CC=CCC2)c2ccc3ncc(-c4cnn(C)c4)nc3c2)c1.Cl,7.199970640755866
COc1cc(OC)cc(N(CCCN2CCC[C@H]2CC#N)c2ccc3ncc(-c4cnn(C)c4)nc3c2)c1.Cl,7.519993057042849
COc1cc(OC)cc(N(CCCNCC(F)(F)F)c2ccc3ncc(-c4cnn(C(C)C)c4)nc3c2)c1.Cl,6.900008766455316
CNC(=O)c1cc(F)cc(N(CC(C)(C)O)c2ccc3ncc(-c4cnn(C)c4)nc3c2)c1,7.019996628416254
COc1cc(OC)cc(N(CCNCCF)c2ccc3ncc(-c4cnn(C)c4)nc3c2)c1,7.36997914888659
CNC(=O)c1cc(OC)cc(N(CC(C)(C)O)c2ccc3ncc(-c4cnn(C)c4)nc3c2)c1,6.719991046891814
CNC(=O)c1cc(F)cc(N(CCNC(C)C)c2ccc3ncc(-c4cnn(C)c4)nc3c2)c1,7.96018944585165
COc1cc(F)cc(N(CCNC(C)C)c2ccc3ncc(-c4cn[nH]c4)nc3c2)c1.Cl,6.869988050328096
COc1cc(OC)cc(N(CC(O)C(F)(F)F)c2ccc3ncc(-c4cnn(C(C)C)c4)nc3c2)c1,6.869988050328096
COc1cc(OC)cc(N(C[C@@H](O)C(F)(F)F)c2ccc3ncc(-c4cnn(C)c4)nc3c2)c1,6.859995049380551
COc1cc(OC)cc(N(C[C@H](O)C(F)(F)F)c2ccc3ncc(-c4cnn(C)c4)nc3c2)c1,6.560004526046192
COc1cc(OC)cc(N(Cc2nccn2S(=O)(=O)N(C)C)c2ccc3ncc(-c4cnn(C)c4)nc3c2)c1,6.599997654072044
COc1cc(OC)cc(N(Cc2nccn2C)c2ccc3ncc(-c4cnn(C)c4)nc3c2)c1,6.439997673226633
COCC(O)CN(c1cc(OC)cc(OC)c1)c1ccc2ncc(-c3cnn(C(C)C)c3)nc2c1,7.160019442321658
COCC(O)CN(c1cc(OC)cc(OC)c1)c1ccc2ncc(-c3cnn(C(C)C)c3)nc2c1.Cl,7.160019442321658
CNC(=O)c1cc(F)cc(N(CC2CC2)c2ccc3ncc(-c4cnn(C(C)C)c4)nc3c2)c1,7.4800408192479315
CCn1ccnc1CN(c1cc(OC)cc(OC)c1)c1ccc2ncc(-c3cnn(C)c3)nc2c1,6.519993057042849
COc1cc(OC)cc(N(CC2COCC(C)(C)N2)c2ccc3ncc(-c4cnn(C)c4)nc3c2)c1,7.64994590642097
COc1cc(OC)cc(N(C[C@@H](C)N)c2ccc3ncc(-c4cnn(C)c4)nc3c2)c1,6.98999702587294
COc1cc(OC)cc(N(C[C@H](C)N)c2ccc3ncc(-c4cnn(C)c4)nc3c2)c1,6.909988975992853
COc1cc(OC)cc(N(c2ccc3ncc(-c4cnn(C)c4)nc3c2)[C@H](C)CN)c1,7.250031916490597
COc1cc(OC)cc(N(c2ccc3ncc(-c4cnn(C)c4)nc3c2)[C@@H](C)CN)c1,6.570005615848293
COc1cc(OC)cc(N(CC2COCCN2)c2ccc3ncc(-c4cnn(C)c4)nc3c2)c1,7.26003230324049
COc1cc(OC)cc(N(c2ccc3ncc(-c4cnn(C)c4)nc3c2)C(C)CNC(C)C)c1,7.100015437450609
COc1cc(OC)cc(N(CC(C)NC(C)C)c2ccc3ncc(-c4cnn(C)c4)nc3c2)c1.Cl,7.189969213594161
COc1cc(OC)cc(N(CC#Cc2ccncc2)c2ccc3ncc(-c4cnn(C)c4)nc3c2)c1,6.0
COc1cc(O)cc(N(CC2CC2)c2ccc3ncc(-c4cnn(C)c4)nc3c2)c1,7.079981083971085
COc1cc(OC)cc(N(CC2(CNC(C)C)COC2)c2ccc3ncc(-c4cnn(C)c4)nc3c2)c1,6.23000269597146
COc1cc(OC)cc(N(CC(C)NCC(F)(F)F)c2ccc3ncc(-c4cnn(C)c4)nc3c2)c1,6.959991363986458
COc1cc(OC)cc(N(c2ccc3ncc(-c4cnn(C)c4)nc3c2)C(C)CNCC(F)(F)F)c1,7.070019409484486
COc1cc(O)cc(N(CCNC(C)C)c2ccc3ncc(-c4cnn(C)c4)nc3c2)c1,7.410050398674292
COc1cc(OC)cc(N(CCNCC(F)(F)F)c2ccc3ncc(-c4cnn(C)c4)nc3c2)c1,7.2400301424456925
COc1cc(OC)cc(N(CCCNCC(F)(F)F)c2ccc3ncc(-c4cn[nH]c4)nc3c2)c1,6.869988050328096
CNC(=O)Cn1cc(-c2cnc3ccc(N(CCCNC(C)C)c4cc(OC)cc(OC)c4)cc3n2)cn1,7.0
COc1cc(O)cc(N(CCCO)c2ccc3ncc(-c4cn[nH]c4)nc3c2)c1,7.309981219211305
COc1cc(OC)cc(N(CCC(=O)NCC(F)(F)F)c2ccc3ncc(-c4cnn(C)c4)nc3c2)c1,7.270025714300444
COc1cc(O)cc(N(CCCNCC(F)(F)F)c2ccc3ncc(-c4cnn(C)c4)nc3c2)c1,6.859995049380551
COc1cc(O)cc(N(CCO)c2ccc3ncc(-c4cnn(C)c4)nc3c2)c1,7.320027305722581
COc1cc(O)cc(N(CCN)c2ccc3ncc(-c4cnn(C)c4)nc3c2)c1,7.110026361596004
COc1cc(O)cc(N(CCNC(C)C)c2ccc3ncc(-c4cn[nH]c4)nc3c2)c1.Cl,7.339988778710669
COc1cc(O)cc(N(CCCNCC(F)(F)F)c2ccc3ncc(-c4cn[nH]c4)nc3c2)c1.Cl,6.650004100737144
COc1cc(OC)cc(N(CCCNCC(F)(F)F)c2ccc3ncc(-c4cnn(CCCN)c4)nc3c2)c1.Cl,7.419987887470576
COc1cc(OC)cc(N(CC(=O)NC(C)C)c2ccc3ncc(-c4cnn(C)c4)nc3c2)c1,6.390000296157769
[2H]C([2H])([2H])Oc1cc(OC([2H])([2H])[2H])cc(N(CCCO)c2ccc3ncc(-c4cnn(C)c4)nc3c2)c1,7.410050398674292
COc1cccc(N(CCO)c2ccc3ncc(-c4cnn(C)c4)nc3c2)c1,6.959991363986458
COc1cc(OC)cc(N(CCNC(C)C)c2ccc3ncc(-c4cnn(CCCN)c4)nc3c2)c1.O=C(O)C(F)(F)F,7.389978975335855
[2H]C([2H])([2H])Oc1cc(OC([2H])([2H])[2H])cc(N(CCCNCC(F)(F)F)c2ccc3ncc(-c4cnn(C)c4)nc3c2)c1,7.010016541698601
COc1cc(OC)cc(N(CCN(CCCN)C(C)C)c2ccc3ncc(-c4cnn(C)c4)nc3c2)c1.Cl,7.029978734171634
COc1cc(OC)cc(N(CC#Cc2cccnc2)c2ccc3ncc(-c4cnn(C)c4)nc3c2)c1,6.060001790087838
COc1cc(OC)cc(N(CC#Cc2ccccn2)c2ccc3ncc(-c4cnn(C)c4)nc3c2)c1,6.199998172182031
COc1cccc(N(CCNC(C)C)c2ccc3ncc(-c4cnn(C)c4)nc3c2)c1.Cl,7.010016541698601
COc1cc(OC)cc(N(CCCNCC(F)F)c2ccc3ncc(-c4cnn(C)c4)nc3c2)c1,7.320027305722581
COc1cc(OC)cc(N(CCNCCC(F)(F)F)c2ccc3ncc(-c4cnn(C)c4)nc3c2)c1,6.980011840408714
Cn1cc(-c2cnc3ccc(N(CCCNCC(F)(F)F)c4cc(Cl)cc(Cl)c4)cc3n2)cn1,6.0800019690359814
CCN(CC)Cc1cc(OC)cc(N(CCCN2CCCC2)c2ccc3ncc(-c4cnn(C)c4)nc3c2)c1,6.0
CC(C)NCCN(c1cc(Cl)cc(Cl)c1)c1ccc2ncc(-c3cnn(C)c3)nc2c1,6.719991046891814
COc1cc(OC)cc(N(CCN(C)C)c2ccc3ncc(-c4cnn(C)c4)nc3c2)c1,7.0499760934766735
COc1cc(OC)cc(N(CCN2C[C@@H]3C[C@H]2CN3C(=O)OC(C)(C)C)c2ccc3ncc(-c4cnn(C)c4)nc3c2)c1,7.019996628416254
COc1cc(OC)c(Cl)c(N(CCO)c2ccc3ncc(-c4cnn(C)c4)nc3c2)c1Cl,7.130005999878258
COc1cc(OC)cc(N(CCNC(C)C)c2ccc3ncc(-c4cnn(C)c4C)nc3c2)c1,7.0400051616715835
COc1cc(OC)cc(N(CCCNCC(C)(F)F)c2ccc3ncc(-c4cnn(C)c4)nc3c2)c1,7.219970872662661
COc1cc(OC)cc(N(CCN2C[C@@H]3C[C@H]2CN3)c2ccc3ncc(-c4cnn(C)c4)nc3c2)c1.Cl,7.489991487059766
COc1cc(OC)c(Cl)c(N(CCNC(C)C)c2ccc3ncc(-c4cnn(C)c4)nc3c2)c1Cl,7.50003813440381
COc1cc(OC)cc(N(CCCNC(=O)C(F)(F)F)c2ccc3ncc(-c4cn[nH]c4)nc3c2)c1.O=C(O)C(F)(F)F,7.470056598341331
COc1cc(OC)cc(N(CC#Cc2ncccn2)c2ccc3ncc(-c4cnn(C)c4)nc3c2)c1,6.850011543508524
COc1cc(OC)cc(N(CC#CC(C)(C)O)c2ccc3ncc(-c4cnn(C)c4)nc3c2)c1,6.770011163455189
COc1cc(OC)cc(N(CCCNC(C)(C)CF)c2ccc3ncc(-c4cnn(C)c4)nc3c2)c1,7.179995693191682
COc1cc(N(CCCNCC(F)(F)F)c2ccc3ncc(-c4cnn(C)c4)nc3c2)cc(F)c1F.Cl,6.209996479609511
COc1cc(OC)cc(N(CCO)c2ccc3ncc(-c4cnn(C5CCNCC5)c4)nc3c2)c1,7.400007822415902
COc1cc(OC)cc(N(CCF)c2ccc3ncc(-c4cnn(C)c4)nc3c2)c1,7.230032198670558
COc1cc(OC)cc(N(CCO)c2ccc3ncc(-c4cnn(C)c4CCO)nc3c2)c1,6.779996573843064
COc1cc(OC)cc(N(CCO)c2ccc3ncc(-c4cnn(C5CCN(C(=O)OC(C)(C)C)CC5)c4)nc3c2)c1,7.3300326300914955
COc1cc(OC)cc(N(CCO)c2ccc3ncc(-c4cnn(C5CCN(C)CC5)c4)nc3c2)c1,7.419987887470576
COc1cc(OC)cc(N(CC#Cc2ncccc2OC)c2ccc3ncc(-c4cnn(C)c4)nc3c2)c1,6.0
COc1cc(OC)cc(N(CCNC(C)C)c2ccc3ncc(-c4cnn(C5CCN(C(=O)OC(C)(C)C)CC5)c4)nc3c2)c1,7.950007143079858
COc1cc(OC)cc(N(CC#Cc2cc(C#N)ccn2)c2ccc3ncc(-c4cnn(C)c4)nc3c2)c1,5.779999190713337
COc1cc(OC)cc(N(CC#Cc2cccc(C#N)n2)c2ccc3ncc(-c4cnn(C)c4)nc3c2)c1,6.519993057042849
COc1cc(OC)cc(N(CC#Cc2nccs2)c2ccc3ncc(-c4cnn(C)c4)nc3c2)c1,6.429994423238211
COc1cc(OC)cc(N(CCNC(C)C)c2ccc3ncc(-c4cnn(C5CCNCC5)c4)nc3c2)c1,7.700057099977233
[2H]C([2H])([2H])Oc1cc(OC([2H])([2H])[2H])cc(N(c2ccc3ncc(-c4cnn(C)c4)nc3c2)C([2H])([2H])C([2H])([2H])O)c1,7.110026361596004
COc1cccc(C#CCN(c2cc(OC)cc(OC)c2)c2ccc3ncc(-c4cnn(C)c4)nc3c2)c1,6.0
COc1cc(OC)cc(N(CC#Cc2ccnc(OC)c2)c2ccc3ncc(-c4cnn(C)c4)nc3c2)c1,6.0
[2H]C([2H])([2H])Oc1cc(OC([2H])([2H])[2H])cc(N(c2ccc3ncc(-c4cnn(C)c4)nc3c2)C([2H])([2H])C([2H])([2H])NC(C)C)c1,7.630042392653947
COc1cc(OC)cc(N(CCCc2ccncc2)c2ccc3ncc(-c4cnn(C)c4)nc3c2)c1,7.5699249444480605
COc1cc(OC)cc(N(CCNC(C)C)c2ccc3ncc(-c4cnn(C5CCN(C)CC5)c4)nc3c2)c1.Cl,7.189969213594161
COc1cc(OC)cc(N(CC#Cc2ccccc2)c2ccc3ncc(-c4cnn(C)c4)nc3c2)c1,6.0
COc1cc(OC)cc(N(CCO)c2ccc3ncc(-c4cnn(C)c4CCCO)nc3c2)c1,6.740000204918113
COc1cc(OC)cc(N(CC#Cc2cccc(CO)n2)c2ccc3ncc(-c4cnn(C)c4)nc3c2)c1,6.399996913372259
COc1cc(OC)cc(N(CC#Cc2cccc(N)n2)c2ccc3ncc(-c4cnn(C)c4)nc3c2)c1,6.219999701663429
COc1cc(OC)cc(N(CCCO)c2ccc3ncc(-c4c(C)nn(C)c4C)nc3c2)c1,6.170001911302621
COc1cc(OC)cc(N(CCO)c2ccc3ncc(-c4c(C)nn(C)c4C)nc3c2)c1,6.199998172182031
COc1cc(OC)cc(N(CC#Cc2nccc(OC)n2)c2ccc3ncc(-c4cnn(C)c4)nc3c2)c1,6.219999701663429
COc1cc(OC)cc(N(CC#Cc2ccnc(N)n2)c2ccc3ncc(-c4cnn(C)c4)nc3c2)c1,6.509999358109048
COc1cc(OC)cc(N(CC#Cc2ccnc(C#N)c2)c2ccc3ncc(-c4cnn(C)c4)nc3c2)c1,6.0800019690359814
COc1cc(OC)cc(N(CC#Cc2ccc(C)cn2)c2ccc3ncc(-c4cnn(C)c4)nc3c2)c1,6.0
COc1cc(OC)cc(N(CC#CC2(O)CCNCC2)c2ccc3ncc(-c4cnn(C)c4)nc3c2)c1,7.010016541698601
CCc1c(-c2cnc3ccc(N(CCO)c4cc(OC)cc(OC)c4)cc3n2)cnn1C,6.749994971513104
COc1cc(N(CCNC(C)C)c2ccc3ncc(-c4cnn(C)c4)nc3c2)cc2c1OCO2,7.470056598341331
COc1cc(OC)cc(N(CCN(C)C(C)C)c2ccc3ncc(-c4cnn(C)c4)nc3c2)c1,7.36997914888659
COc1cc(OC)cc(N(CC#CC2(O)CCNC2)c2ccc3ncc(-c4cnn(C)c4)nc3c2)c1,6.679999195735272
[2H]C([2H])([2H])Oc1cc(OC([2H])([2H])[2H])cc(N(CC#Cc2ccncc2)c2ccc3ncc(-c4cnn(C(C)C)c4)nc3c2)c1,6.459996055149973
COc1cc(OC)cc(N(CC#Cc2ccncc2C#N)c2ccc3ncc(-c4cnn(C)c4)nc3c2)c1,7.519993057042849
COc1cc(OC)cc(N(CC#Cc2cc(N)nc(C)n2)c2ccc3ncc(-c4cnn(C)c4)nc3c2)c1,6.549997369826814
COc1cc(OC)cc(N(CCNC(C)C)c2ccc3ncc(-c4c(C)nn(C)c4C)nc3c2)c1.Cl,6.610001577392667
CCc1c(-c2cnc3ccc(N(CCNCC(F)(F)F)c4cc(OC)cc(OC)c4)cc3n2)cnn1C,6.98999702587294
COc1cc(OC)cc(N(CC#Cc2cccc(OC)n2)c2ccc3ncc(-c4cnn(C)c4)nc3c2)c1,6.0
COc1cc(OC)cc(N(CCO)c2ccc3ncc(-c4cnn(C)c4CN(C)C)nc3c2)c1,6.0
CCc1c(-c2cnc3ccc(N(CCNC(C)C)c4cc(OC)cc(OC)c4)cc3n2)cnn1C.Cl,6.0
COc1cc(OC)cc(N(CC#Cc2ncccc2N)c2ccc3ncc(-c4cnn(C)c4)nc3c2)c1,7.410050398674292
COc1ccc(C#CCN(c2cc(OC)cc(OC)c2)c2ccc3ncc(-c4cnn(C)c4)nc3c2)nc1,6.0
COc1cc(OC)cc(N(CC#Cc2cc(Cl)nc(N)n2)c2ccc3ncc(-c4cnn(C)c4)nc3c2)c1,6.699991797446187
COc1cc(OC)cc(N(CCNC(C)C)c2ccc3ncc(-c4cn(C)nc4C(F)(F)F)nc3c2)c1.Cl,6.0
COc1cc(OC)cc(N(CCNC(C)C)c2ccc3ncc(-c4cnn(C)c4CO)nc3c2)c1,7.779891911959945
COc1cc(OC)cc(N(CCNC(C)C)c2ccc3ncc(-c4cnn(CCCN5CCN(CCO)CC5)c4)nc3c2)c1.Cl,6.0
COC[C@H](O)CN(c1cc(OC)cc(OC)c1)c1ccc2ncc(-c3cnn(C(C)C)c3)nc2c1.Cl,6.810004660035681
COC[C@@H](O)CN(c1cc(OC)cc(OC)c1)c1ccc2ncc(-c3cnn(C(C)C)c3)nc2c1.Cl,6.0
COc1cc(OC)cc(N(CCN(Cc2ccc(N)cc2)C(C)C)c2ccc3ncc(-c4cnn(C)c4)nc3c2)c1,6.850011543508524
COc1cc(OC)cc(N(CC#Cc2cc(N)ccn2)c2ccc3ncc(-c4cnn(C)c4)nc3c2)c1,6.630005338391572
COc1cc(OC)cc(N(Cc2cc3ncccc3o2)c2ccc3ncc(-c4cnn(C)c4)nc3c2)c1,6.0
COc1cc(OC)cc(N(CCNC(C)C)c2ccc3ncc(-c4cnn(C)c4CN(C)C)nc3c2)c1,6.900008766455316
[2H]C([2H])([2H])Oc1cc(OC([2H])([2H])[2H])cc(N(c2ccc3ncc(-c4cnn(C)c4)nc3c2)C([2H])([2H])C([2H])([2H])C([2H])([2H])NCC(F)(F)F)c1,7.079981083971085
COc1cc(OC)cc(N(CC#CC2(O)CNC2)c2ccc3ncc(-c4cnn(C)c4)nc3c2)c1,6.859995049380551
[2H]C([2H])([2H])Oc1cc(OC([2H])([2H])[2H])cc(N(c2ccc3ncc(-c4cnn(C)c4)nc3c2)C([2H])([2H])C([2H])([2H])C([2H])([2H])O)c1,7.439973751087107
COc1cc(OC)cc(N(CC#Cc2ncccc2OC)c2ccc3ncc(-c4cnn(C(C)C)c4)nc3c2)c1,6.540004743952609
COc1cc(OC)cc(N(C[C@@H](OC(C)=O)C(F)(F)F)c2ccc3ncc(-c4cnn(C)c4)nc3c2)c1,6.170001911302621
COc1cc(OC)cc(N(C[C@H](OC(C)=O)C(F)(F)F)c2ccc3ncc(-c4cnn(C)c4)nc3c2)c1,6.0
COC[C@H](CN(c1cc(OC)cc(OC)c1)c1ccc2ncc(-c3cnn(C)c3)nc2c1)OC(C)=O,6.69000807121882
COC[C@@H](CN(c1cc(OC)cc(OC)c1)c1ccc2ncc(-c3cnn(C)c3)nc2c1)OC(C)=O,6.639993867770902
COc1cc(OC)cc(N(C[C@@H](O)C(F)(F)F)c2ccc3ncc(-c4cnn(C(C)C)c4)nc3c2)c1,7.0499760934766735
COc1cc(OC)cc(N(C[C@H](O)C(F)(F)F)c2ccc3ncc(-c4cnn(C(C)C)c4)nc3c2)c1,6.859995049380551
COc1cc(OC)cc(N(CCNC(C)C)c2ccc3ncc(-c4cnn(CCCN5CCN(CCCO)CC5)c4)nc3c2)c1.Cl,7.739928612014925
COc1cc(OC)cc(N(CC#Cc2cc(C)ccn2)c2ccc3ncc(-c4cnn(C)c4)nc3c2)c1,6.0
C#CCN(c1ccc2ncc(-c3cnn(C)c3)nc2c1)c1c(Cl)c(OC)cc(OC)c1Cl,6.699991797446187
COc1cc(OC)cc(N(CC#Cc2cnc(N)cn2)c2ccc3ncc(-c4cnn(C)c4)nc3c2)c1,6.41999931041096
COc1cccnc1C#CCN(c1ccc2ncc(-c3cnn(C)c3)nc2c1)c1c(Cl)c(OC)cc(OC)c1Cl,7.110026361596004
COc1cc(OC)cc(N(CC#Cc2nccc(C)n2)c2ccc3ncc(-c4cnn(C)c4)nc3c2)c1,6.32000008377078
CCc1ccnc(C#CCN(c2cc(OC)cc(OC)c2)c2ccc3ncc(-c4cnn(C)c4)nc3c2)n1,6.260000690598032
COc1cc(OC)cc(N(CC#Cc2cc(CO)ccn2)c2ccc3ncc(-c4cnn(C)c4)nc3c2)c1,6.270001452716577
COc1cc(OC)cc(N(CC#Cc2cc(C(N)=O)ccn2)c2ccc3ncc(-c4cnn(C)c4)nc3c2)c1,6.0999990348465305
COc1cc(OC)cc(N(CC#CC2CCN(C(=O)OC(C)(C)C)CC2)c2ccc3ncc(-c4cnn(C)c4)nc3c2)c1,6.0
COc1ccnc(C#CCN(c2ccc3ncc(-c4cnn(C)c4)nc3c2)c2c(Cl)c(OC)cc(OC)c2Cl)n1,6.859995049380551
COc1cc(OC)cc(N(CC#Cc2cnccn2)c2ccc3ncc(-c4cnn(C)c4)nc3c2)c1,6.450004148469349
COc1cc(OC)cc(N(CC#Cc2cc(OC)ncn2)c2ccc3ncc(-c4cnn(C)c4)nc3c2)c1,6.0
COc1cc(OC)cc(N(CC#CC2CCNCC2)c2ccc3ncc(-c4cnn(C)c4)nc3c2)c1.Cl,6.470005326930858
COc1cc(OC)cc(N(CC#CC2(O)CCOCC2)c2ccc3ncc(-c4cnn(C)c4)nc3c2)c1,6.060001790087838
COc1cc(OC)cc(N(CC#Cc2cc(OC)ccn2)c2ccc3ncc(-c4cnn(C)c4)nc3c2)c1,5.710001024518514
COc1cc(OC)cc(N(CC#Cc2nccnc2OC)c2ccc3ncc(-c4cnn(C)c4)nc3c2)c1,6.0999990348465305
COc1cc(OC)cc(N(CC#CC2(O)CCOC2)c2ccc3ncc(-c4cnn(C)c4)nc3c2)c1,6.020001176026261
C#CCN(c1cc(OC)cc(OC)c1)c1ccc2ncc(-c3cnn(CC4CCOCC4)c3)nc2c1,6.749994971513104
COc1cc(OC)cc(N(CCCc2nccc(OC)n2)c2ccc3ncc(-c4cnn(C)c4)nc3c2)c1,7.110026361596004
COc1cc(OC)cc(N(C/C=C/c2nccc(OC)n2)c2ccc3ncc(-c4cnn(C)c4)nc3c2)c1,6.950007143079858
COc1cc(OC)cc(N(C[C@H](O)C(F)(F)F)c2ccc3ncc(-c4cnn(CCCN)c4)nc3c2)c1,7.0499760934766735
COc1cc(OC)cc(N(C[C@@H](O)C(F)(F)F)c2ccc3ncc(-c4cnn(CCCN)c4)nc3c2)c1,7.230032198670558
COc1cc(OC)cc(N(CCC(=O)N(C)OC)c2ccc3ncc(-c4cnn(C)c4)nc3c2)c1,6.810004660035681
COc1cc(OC)cc(N(CC#Cc2nccnc2Cl)c2ccc3ncc(-c4cnn(C)c4)nc3c2)c1,6.439997673226633
COc1cc(OC)cc(N(Cc2nc(OC)cc(OC)n2)c2ccc3ncc(-c4cnn(C)c4)nc3c2)c1,6.490004907986601
COC[C@H](O)CN(c1cc(OC)cc(OC)c1)c1ccc2ncc(-c3cnn(CCCN)c3)nc2c1.Cl,7.250031916490597
COC[C@@H](O)CN(c1cc(OC)cc(OC)c1)c1ccc2ncc(-c3cnn(CCCN)c3)nc2c1.Cl,7.019996628416254
COc1cc(OC)cc(N(C/C=C\c2cc(C)ccn2)c2ccc3ncc(-c4cnn(C)c4)nc3c2)c1,6.009998764965339
COc1cc(OC)cc(N(C/C=C/c2cc(C)ccn2)c2ccc3ncc(-c4cnn(C)c4)nc3c2)c1,6.0
CCOc1ccnc(C#CCN(c2cc(OC)cc(OC)c2)c2ccc3ncc(-c4cnn(C)c4)nc3c2)n1,6.0
COC(=O)c1cccnc1C#CCN(c1cc(OC)cc(OC)c1)c1ccc2ncc(-c3cnn(C)c3)nc2c1,6.0
COc1cc(OC)cc(N(c2ccc3ncc(-c4cnn(C)c4)nc3c2)C(C)(C)C#Cc2nccc(OC)n2)c1,6.0
COc1cc(OC)cc(N(C/C=C/c2ncccc2OC)c2ccc3ncc(-c4cnn(C)c4)nc3c2)c1,6.0
COc1cc(OC)cc(N(C/C=C\c2ncccc2OC)c2ccc3ncc(-c4cnn(C)c4)nc3c2)c1,6.190002844637807
CNc1cccnc1C#CCN(c1cc(OC)cc(OC)c1)c1ccc2ncc(-c3cnn(C)c3)nc2c1,6.020001176026261
COc1cc(OC)cc(N(CCCc2ncccn2)c2ccc3ncc(-c4cnn(C)c4)nc3c2)c1,6.909988975992853
COc1cc(OC)cc(N(CCCc2cc(C)ccn2)c2ccc3ncc(-c4cnn(C)c4)nc3c2)c1,6.749994971513104
COc1cc(OC)cc(N(CCCc2ncccc2OC)c2ccc3ncc(-c4cnn(C)c4)nc3c2)c1,6.779996573843064
COc1cc(OC)cc(N(Cc2ncccn2)c2ccc3ncc(-c4cnn(C)c4)nc3c2)c1,6.719991046891814
COc1cc(OC)c(F)c(N(CCO)c2ccc3ncc(-c4cnn(C)c4)nc3c2)c1F,7.9299621333922445
COc1cc(OC)cc(N(CC#Cc2ncccc2F)c2ccc3ncc(-c4cnn(C)c4)nc3c2)c1,6.0
COc1cc(OC)cc(N(Cc2cccc(OC)n2)c2ccc3ncc(-c4cnn(C)c4)nc3c2)c1,6.369999510099088
COc1cc(OC)cc(N(CC#Cc2cccnc2Br)c2ccc3ncc(-c4cnn(C)c4)nc3c2)c1,6.030002001401658
COc1cc(OC)cc(N(CC#Cc2ncccc2C)c2ccc3ncc(-c4cnn(C)c4)nc3c2)c1,6.2500010234416505
COc1cc(OC)cc(N(Cc2cc3ncccc3n2C)c2ccc3ncc(-c4cnn(C)c4)nc3c2)c1,6.610001577392667
COc1cc(OC)cc(N(C/C=C\c2ncccn2)c2ccc3ncc(-c4cnn(C)c4)nc3c2)c1,7.119987161633229
COc1cc(OC)c(F)c(N(CCNC(C)C)c2ccc3ncc(-c4cnn(C)c4)nc3c2)c1F,7.7599502278873524
COc1cc(OC)cc(N(CC#Cc2ncccc2C(F)(F)F)c2ccc3ncc(-c4cnn(C)c4)nc3c2)c1,6.0
COc1cc(OC)cc(N(CC#CCO)c2ccc3ncc(-c4cnn(C)c4)nc3c2)c1,6.980011840408714
COc1cc(OC)c(F)c(N(CCCNCC(F)(F)F)c2ccc3ncc(-c4cnn(C)c4)nc3c2)c1F,7.849857838151442
C#CCN(c1ccc2ncc(-c3cnn(C)c3)nc2c1)c1c(F)c(OC)cc(OC)c1F,7.64994590642097
COc1cc(OC)cc(N(CC(=O)Nc2ncccc2OC)c2ccc3ncc(-c4cnn(C)c4)nc3c2)c1,6.0
COc1cc(OC)cc(N(CC(=O)Nc2cc(C)ccn2)c2ccc3ncc(-c4cnn(C)c4)nc3c2)c1,6.0
COc1cc(OC)cc(N(Cc2cc3ncccc3[nH]2)c2ccc3ncc(-c4cnn(C)c4)nc3c2)c1,7.0400051616715835
COc1cccnc1C#CCN(c1ccc2ncc(-c3cnn(C)c3)nc2c1)c1c(F)c(OC)cc(OC)c1F,7.6399749108106025
COc1ccnc(C#CCN(c2ccc3ncc(-c4cnn(C)c4)nc3c2)c2c(F)c(OC)cc(OC)c2F)n1,7.580044251510242
COc1cc(OC)cc(N(CCS(C)(=O)=O)c2ccc3ncc(-c4cnn(C)c4)nc3c2)c1,7.070019409484486
COc1cc(OC)cc(N(CC#Cc2nccc(OC(C)C)n2)c2ccc3ncc(-c4cnn(C)c4)nc3c2)c1,6.0
COc1cc(OC)cc(N(CC(=O)Nc2nccc(OC)n2)c2ccc3ncc(-c4cnn(C)c4)nc3c2)c1,6.149997413907539
COc1cc(OC)cc(N(CC(=O)Nc2cc(O)ccn2)c2ccc3ncc(-c4cnn(C)c4)nc3c2)c1,7.389978975335855
COc1cc(OC)cc(N(c2ccc3ncc(-c4cnn(C)c4)nc3c2)S(=O)(=O)N(C)C)c1,6.610001577392667
COC(=O)c1ccnc(C#CCN(c2cc(OC)cc(OC)c2)c2ccc3ncc(-c4cnn(C)c4)nc3c2)n1,6.41999931041096
COc1cc(OC)cc(N(CC#CC2CCCCC2)c2ccc3ncc(-c4cnn(C)c4)nc3c2)c1,6.0
COc1cc(OC)cc(N(CC2CC2c2ccncc2)c2ccc3ncc(-c4cnn(C)c4)nc3c2)c1,6.980011840408714
COc1cc(OC)cc(N(CCC(=O)NC(C)C)c2ccc3ncc(-c4cnn(C)c4)nc3c2)c1,6.710009933945681
COc1cc(OC)cc(N(CCCNCCC#N)c2ccc3ncc(-c4cnn(C)c4)nc3c2)c1,7.680061560019691
COc1cc(OC)cc(N(CCCNCC(N)=O)c2ccc3ncc(-c4cnn(C)c4)nc3c2)c1,7.430041181903406
COc1cc(OC)cc(N(CCNC(C)C)c2ccc3ncc(-c4cnn(CCC#N)c4)nc3c2)c1,7.739928612014925
Cl.Cn1cc(-c2cnc3ccc(N(CC4CC4)c4cccc(OC(F)(F)F)c4)cc3n2)cn1,5.800000874803203
COc1cc(N(CC2CC2)c2ccc3ncc(-c4cnn(C)c4)nc3c2)cc(C(F)(F)F)c1,5.300000202445418
CN(C)c1cccc(N(CC2CC2)c2ccc3ncc(-c4cnn(C)c4)nc3c2)c1.Cl,6.199998172182031
COc1cc(C(=O)N2CCCC2)cc(N(CC2CC2)c2ccc3ncc(-c4cnn(C)c4)nc3c2)c1,6.199998172182031
COc1cc(OC)cc(N(CC2CN(Cc3ccccc3)CCN2Cc2ccccc2)c2ccc3ncc(-c4cnn(C)c4)nc3c2)c1,6.0
COc1cc(OC)cc(N(CCn2cccc2)c2ccc3ncc(-c4cnn(C)c4)nc3c2)c1.Cl,6.309998953116936
COc1cc(OC)cc(N(CCn2cnnc2)c2ccc3ncc(-c4cnn(C)c4)nc3c2)c1,6.2900011719748115
COc1cc(OC)cc(N(CCN2CC(C)(C)N=C2C)c2ccc3ncc(-c4cnn(C)c4)nc3c2)c1,6.0
CNC(=O)c1cc(OC)cc(N(CC(O)CO)c2ccc3ncc(-c4cnn(C)c4)nc3c2)c1,7.26003230324049
CCOCc1cc(OC)cc(N(CC2CC2)c2ccc3ncc(-c4cnn(C)c4)nc3c2)c1,6.209996479609511
COc1cc(OC)cc(N(CC(NC(C)C)C(C)C)c2ccc3ncc(-c4cnn(C)c4)nc3c2)c1.Cl,6.0
COc1cc(OC)cc(N(CC(OCC(O)C(C)C)C(C)C)c2ccc3ncc(-c4cnn(C)c4)nc3c2)c1.Cl,6.0
COc1cc(CN(C)C)cc(N(CC2CC2)c2ccc3ncc(-c4cnn(C)c4)nc3c2)c1,6.090000275786018
COc1cc(OC)cc(N(CCNC(C)C)c2ccc3ncc(-c4cnn(C)c4)nc3c2)c1.Cl,6.0
COc1cc(OC)cc(N(CCn2nccc2C)c2ccc3ncc(-c4cnn(C)c4)nc3c2)c1,6.0
COc1cc(OC)cc(N(CC(C)N)c2ccc3ncc(-c4cnn(C)c4)nc3c2)c1,6.699991797446187
COc1cc(OC)cc(N(c2ccc3ncc(-c4cnn(C)c4)nc3c2)C(C)CN)c1,6.83000246293343
COCc1cc(OC)cc(N(CC2CC2)c2ccc3ncc(-c4cnn(C)c4)nc3c2)c1,6.160000609491408
COc1cc(OC)cc(N(CC#Cc2cnn(C)c2)c2ccc3ncc(-c4cnn(C)c4)nc3c2)c1,6.0
COc1cc(OC)cc(N(c2ccc3ncc(-c4cnn(C)c4)nc3c2)C(C)C(=O)NC(C)C)c1,6.0
COc1cc(OC)cc(N(c2ccc3ncc(-c4cnn(C)c4)nc3c2)C(C)C(N)=O)c1,6.0
Br.COc1cc(OC)cc(N(CCP(=O)(O)O)c2ccc3ncc(-c4cnn(C)c4)nc3c2)c1,7.320027305722581
COc1cc(OC)cc(N(CCn2ncnc2C)c2ccc3ncc(-c4cnn(CC(C)C)c4)nc3c2)c1,6.0
COc1cc(OC)cc(N(CCn2cnc(C)n2)c2ccc3ncc(-c4cnn(C)c4)nc3c2)c1,6.090000275786018
CCN(C)Cc1cc(OC)cc(N(CC2CC2)c2ccc3ncc(-c4cnn(C)c4)nc3c2)c1,6.139997578098902
COc1cc(N(CCCN)c2ccc3ncc(-c4cnn(C)c4)nc3c2)cc(OC)c1C(O)C(F)(F)F,6.2500010234416505
COc1cc(OC)cc(N(CC#Cc2ccc(N)cc2)c2ccc3ncc(-c4cnn(C)c4)nc3c2)c1,6.0
COc1cc(OC)cc(N(CC#Cc2cccc(C#N)c2)c2ccc3ncc(-c4cnn(C)c4)nc3c2)c1,6.0
COc1cc(OC)cc(N(CC#Cc2cccc(N)c2)c2ccc3ncc(-c4cnn(C)c4)nc3c2)c1,6.0
COc1cc(OC)cc(N(CC#Cc2ccc(C#N)cc2)c2ccc3ncc(-c4cnn(C)c4)nc3c2)c1,6.0
COc1cc(OC)cc(N(CC#Cc2ccccc2C#N)c2ccc3ncc(-c4cnn(C)c4)nc3c2)c1,6.0
COC1=CC(N(CCO)c2ccc3ncc(-c4cn(C)nc4C(F)(F)F)nc3c2)CC(OC)=C1,6.260000690598032
COc1cc(OC)cc(N(CC#Cc2cc(OC)nc(OC)n2)c2ccc3ncc(-c4cnn(C)c4)nc3c2)c1,6.0
COc1cc(OC)cc(N(CC#CC2(O)CCN(C(=O)OC(C)(C)C)CC2)c2ccc3ncc(-c4cnn(C)c4)nc3c2)c1.O=C(O)C(=O)O,6.0
COC1=CC(N(CCO)c2ccc3ncc(-c4c(C(F)(F)F)nn(C)c4C(F)(F)F)nc3c2)CC(OC)=C1,6.0
COC1=CC(N(CCN(Cc2ccccc2N)C(C)C)c2ccc3ncc(-c4cnn(C)c4)nc3c2)CC(OC)=C1,6.630005338391572
COc1cc(OC)cc(N(CC#Cc2cnc3[nH]ccc3n2)c2ccc3ncc(-c4cnn(C)c4)nc3c2)c1,6.0
COc1cc(OC)cc(N(Cc2cccc(N(C)C)n2)c2ccc3ncc(-c4cnn(C)c4)nc3c2)c1,6.0800019690359814
COc1cc(OC)cc(N(CCC#Cc2ccccc2)c2ccc3ncc(-c4cnn(C)c4)nc3c2)c1,6.0
COc1cc(OC)cc(N(CC2CCN(CC(F)(F)F)CC2)c2ccc3ncc(-c4cnn(C)c4)nc3c2)c1,6.309998953116936
COc1cc(OC)cc(N(C[C@@H]2C[C@H]2c2ccccn2)c2ccc3ncc(-c4cnn(C)c4)nc3c2)c1,6.470005326930858
COc1cc(OC)cc(N(C[C@H]2C[C@@H]2c2ccccn2)c2ccc3ncc(-c4cnn(C)c4)nc3c2)c1,6.749994971513104
COc1cc(OC)cc(N(CCn2cccc2)c2ccc3ncc(-c4cnn(C)c4)nc3c2)c1,6.309998953116936
COc1cc(OC)cc(N(CC(NC(C)C)C(C)C)c2ccc3ncc(-c4cnn(C)c4)nc3c2)c1,6.0
COc1cc(OC)cc(N(CC(OCC(O)C(C)C)C(C)C)c2ccc3ncc(-c4cnn(C)c4)nc3c2)c1,6.0
COc1cc(OC)cc(N(c2ccc3ncc(-c4cnn(C)c4)nc3c2)C(CNC(C)C)C(C)C)c1,6.0
COc1cc(OC)cc(N(CC#Cc2cncn2C)c2ccc3ncc(-c4cnn(C)c4)nc3c2)c1,7.630042392653947
COc1cc(OC)cc(N(CC#Cc2cncn2C)c2ccc3ncc(-c4cnn(C)c4)nc3c2)c1,5.0
COc1cc(OC)cc(N(CC#Cc2cncn2C)c2ccc3ncc(-c4cnn(C)c4)nc3c2)c1,5.0
CNc1cc(O)c2c(c1)/C=C/C[C@H](O)[C@H](O)C(=O)/C=C\[C@@H](C)[C@H](C)OC2=O,6.301029995663981
COc1cc2ncnc(Nc3ccc(F)c(Cl)c3)c2cc1OCCCCCCC(=O)NO,7.0
COc1cc2ncnc(N[C@H](C)c3ccccc3)c2cc1OCCCCCCC(=O)NO,5.0
COc1cc2ncnc(NCc3ccccc3)c2cc1OCCCCCCC(=O)NO,6.0
Cc1[nH]c(/C=C2\C(=O)Nc3ccc(F)cc32)c(C)c1C(=O)NCCC(=O)NO,7.0
Cc1[nH]c(/C=C2\C(=O)Nc3ccc(F)cc32)c(C)c1C(=O)NCCCC(=O)NO,7.0
Cc1[nH]c(/C=C2\C(=O)Nc3ccc(F)cc32)c(C)c1C(=O)NCCCCCC(=O)NO,7.0
Cc1[nH]c(/C=C2\C(=O)Nc3ccc(F)cc32)c(C)c1C(=O)NCCCCCC(=O)N(C)O,7.0
Cc1[nH]c(/C=C2\C(=O)Nc3ccc(F)cc32)c(C)c1C(=O)NCCOc1ccc(/C=C/C(=O)NO)cc1,7.0
Cc1[nH]c(/C=C2\C(=O)Nc3ccc(F)cc32)c(C)c1C(=O)NCCCCCCC(=O)NO,7.0
Cc1[nH]c(/C=C2\C(=O)Nc3ccc(F)cc32)c(C)c1C(=O)NCCCCCCCC(=O)NO,7.0
C[C@@H](Nc1ncnc2[nH]c(-c3ccc(CNCCC(=O)NO)cc3)cc12)c1ccccc1,7.0
C[C@@H](Nc1ncnc2[nH]c(-c3ccc(CN4CCN(CC(=O)NO)CC4)cc3)cc12)c1ccccc1,7.0
C[C@@H](Nc1ncnc2[nH]c(-c3ccc(CN4CCN(CCC(=O)NO)CC4)cc3)cc12)c1ccccc1,7.0
C[C@@H](Nc1ncnc2[nH]c(-c3ccc(CN4CCN(CCCC(=O)NO)CC4)cc3)cc12)c1ccccc1,7.0
C[C@@H](Nc1ncnc2[nH]c(-c3ccc(CN4CCN(CCCCC(=O)NO)CC4)cc3)cc12)c1ccccc1,7.0
C[C@@H](Nc1ncnc2[nH]c(-c3ccc(CN4CCN(CCCCCC(=O)NO)CC4)cc3)cc12)c1ccccc1,7.0
C[C@@H](Nc1ncnc2[nH]c(-c3ccc(CN4CCN(CCCCCCC(=O)NO)CC4)cc3)cc12)c1ccccc1,7.0
C[C@@H](Nc1ncnc2[nH]c(-c3ccc(OCC(=O)NO)cc3)cc12)c1ccccc1,6.0
C[C@@H](Nc1ncnc2[nH]c(-c3ccc(OCCCC(=O)NO)cc3)cc12)c1ccccc1,7.0
C[C@@H](Nc1ncnc2[nH]c(-c3ccc(OCCCCC(=O)NO)cc3)cc12)c1ccccc1,7.0
C[C@@H](Nc1ncnc2[nH]c(-c3ccc(OCCCCCC(=O)NO)cc3)cc12)c1ccccc1,6.0
C[C@@H](Nc1ncnc2[nH]c(-c3ccc(OCCCCCCC(=O)NO)cc3)cc12)c1ccccc1,7.0
C[C@@H](Nc1ncnc2[nH]c(-c3ccc(NC(=O)CCC(=O)NO)cc3)cc12)c1ccccc1,7.0
C[C@@H](Nc1ncnc2[nH]c(-c3ccc(NC(=O)CCCC(=O)NO)cc3)cc12)c1ccccc1,7.0
C[C@@H](Nc1ncnc2[nH]c(-c3ccc(NC(=O)CCCCC(=O)NO)cc3)cc12)c1ccccc1,7.0
C[C@@H](Nc1ncnc2[nH]c(-c3ccc(NC(=O)CCCCCCC(=O)NO)cc3)cc12)c1ccccc1,7.0
C[C@@H](Nc1ncnc2[nH]c(-c3ccc(NC(=O)CCNCC(=O)NO)cc3)cc12)c1ccccc1,7.0
C[C@@H](Nc1ncnc2[nH]c(-c3ccc(C(=O)NCCNCCC(=O)NO)cc3)cc12)c1ccccc1,7.0
C[C@@H](Nc1ncnc2[nH]c(-c3ccc(C(=O)NCCNCCCCCC(=O)NO)cc3)cc12)c1ccccc1,7.0
C[C@@H](Nc1ncnc2[nH]c(-c3ccc(C(=O)NCCNCCCCCCC(=O)NO)cc3)cc12)c1ccccc1,7.0
C[C@@H](Nc1ncnc2[nH]c(-c3ccc(CNCCCCCC(=O)NO)cc3)cc12)c1ccccc1,7.0
C[C@@H](Nc1ncnc2[nH]c(-c3ccc(CNCCCCCCC(=O)NO)cc3)cc12)c1ccccc1,7.0
C[C@@H](Nc1ncnc2[nH]c(-c3ccc(CNCCCCCCCC(=O)NO)cc3)cc12)c1ccccc1,7.0
O=C(CCCCCN1CCN(Cc2ccc(-c3cc4c(NCc5ccccc5)ncnc4[nH]3)cc2)CC1)NO,7.0
C[C@@H](Nc1ncnc2[nH]c(-c3ccc(OCCCCCCC(=O)NO)cc3)cc12)c1ccc(F)cc1,6.0
O=C(CCCCCCOc1ccc(-c2cc3c(NCc4ccccc4)ncnc3[nH]2)cc1)NO,6.0
C[C@@H](Nc1ncnc2[nH]c(-c3ccc(C(=O)NO)cc3)cc12)c1ccccc1,7.0
O=C(NO)c1ccc(-c2cc3c(NCc4ccccc4)ncnc3[nH]2)cc1,6.0
C[C@@H](Nc1ncnc2[nH]c(-c3ccc(C(=O)NO)cc3)cc12)c1ccc(F)cc1,7.0
C[C@@H](Nc1ncnc2[nH]c(-c3ccc(NCc4ccc(/C=C/C(=O)NO)cc4)cc3)cc12)c1ccccc1,6.0
C[C@@H](Nc1ncnc2[nH]c(-c3ccc(NCc4ccc(C(=O)NO)cc4)cc3)cc12)c1ccccc1,6.0
C[C@@H](Nc1ncnc2[nH]c(-c3ccc(CNCc4ccc(C(=O)NO)cc4)cc3)cc12)c1ccccc1,7.0
C[C@@H](Nc1ncnc2[nH]c(-c3ccc(CNCc4ccc(/C=C/C(=O)NO)cc4)cc3)cc12)c1ccccc1,5.0
C[C@@H](Nc1ncnc2c1cc(-c1ccc(C(=O)NCCNCCCCCCC(=O)NO)cc1)n2C)c1ccccc1,6.0
C[C@@H](Nc1ncnc2[nH]c(-c3ccc(OCCNCCCCCCC(=O)NO)cc3)cc12)c1ccccc1,7.0
C[C@@H](Nc1ncnc2[nH]c(-c3ccc(NCCCCCC(=O)NO)cc3)cc12)c1ccccc1,7.0
C[C@@H](Nc1ncnc2[nH]c(-c3ccc(NCCCCCCC(=O)NO)cc3)cc12)c1ccccc1,7.0
O=C(CCCCCNC(=O)c1cc(Oc2ccc(NC(=O)Nc3ccc(Cl)c(C(F)(F)F)c3)cc2)ccn1)NO,7.0
O=C(CCCCCCCNC(=O)c1cc(Oc2ccc(NC(=O)Nc3ccc(Cl)c(C(F)(F)F)c3)cc2)ccn1)NO,7.0
O=C(CCCC(=O)Nc1cc(Oc2ccc(NC(=O)Nc3ccc(Cl)c(C(F)(F)F)c3)cc2)ccn1)NO,7.0
O=C(CCCCCC(=O)Nc1cc(Oc2ccc(NC(=O)Nc3ccc(Cl)c(C(F)(F)F)c3)cc2)ccn1)NO,7.0
O=C(CCCCCCNCc1cc(Oc2ccc(NC(=O)Nc3ccc(Cl)c(C(F)(F)F)c3)cc2)ccn1)NO,7.0
O=C(CCCCCCCNCc1cc(Oc2ccc(NC(=O)Nc3ccc(Cl)c(C(F)(F)F)c3)cc2)ccn1)NO,7.0
O=C(CCCC(=O)NCc1cc(Oc2ccc(NC(=O)Nc3ccc(Cl)c(C(F)(F)F)c3)cc2)ccn1)NO,7.0
O=C(CCCCC(=O)NCc1cc(Oc2ccc(NC(=O)Nc3ccc(Cl)c(C(F)(F)F)c3)cc2)ccn1)NO,7.0
O=C(CCCCCCC(=O)NCc1cc(Oc2ccc(NC(=O)Nc3ccc(Cl)c(C(F)(F)F)c3)cc2)ccn1)NO,7.0
O=C(CCCCOc1cc(Oc2ccc(NC(=O)Nc3ccc(Cl)c(C(F)(F)F)c3)cc2)ccn1)NO,7.0
O=C(Nc1ccc(Oc2ccnc(C(=O)NO)c2)cc1)Nc1ccc(Cl)c(C(F)(F)F)c1,6.0
COc1cc2ncnc(Nc3ccc4occc4c3)c2cc1OCCCCCCC(=O)NO,6.0
COc1cc2c(Nc3ccc4occc4c3)ncnc2cc1OCCCCCCC(=O)NO,6.0
COc1cc2c(Nc3ccc(Cl)c(Cl)c3)ncnc2cc1OCC1CN(C)CCO1,6.0
COc1cc2c(Nc3ccc(Cl)c(Cl)c3F)ncnc2cc1OC[C@@H]1C[C@@H]2CN(C)C[C@@H]2C1,7.301029995663981
COc1cc2c(Nc3ccc(Br)c(Cl)c3Cl)ncnc2cc1OC[C@H]1CN2CCCC[C@H]2CO1,7.301029995663981
COc1cc2c(Nc3cc(Cl)c(Cl)cc3F)ncnc2cc1OC[C@H]1CN2CCOC[C@H]2CO1,7.301029995663981
COc1cc2c(Nc3cc(Cl)c(Br)cc3F)ncnc2cc1OC[C@H]1CN2CCOC[C@H]2CO1,7.301029995663981
COc1cc2c(Nc3ccc(F)c(Cl)c3F)ncnc2cc1OC[C@H]1CN2CCOC[C@H]2CO1,7.301029995663981
COc1cc2c(Nc3ccc(Cl)c(Cl)c3F)ncnc2cc1OC[C@@H]1CN2CCOC[C@H]2CO1,7.301029995663981
COc1cc2c(Nc3ccc(Br)c(Cl)c3F)ncnc2cc1OC[C@@H]1CN2CCOC[C@H]2CO1,7.301029995663981
COc1cc2c(Nc3ccc(F)c(Cl)c3F)ncnc2cc1OC[C@@H]1CN2CCOC[C@H]2CO1,7.301029995663981
COc1cc2c(Nc3ccc(Cl)c(Cl)c3)ncnc2cc1OCC1CN2CCOCC2CO1,7.301029995663981
COc1cc2c(Nc3cc(Cl)c(Cl)cc3F)ncnc2cc1OC[C@@H]1CN2CCOC[C@H]2CO1,7.301029995663981
COc1cc2c(Nc3ccc(Br)c(Cl)c3Cl)ncnc2cc1OC[C@@H]1CN2CCOC[C@H]2CO1,7.301029995663981
COc1cc2c(Nc3cc(Cl)c(Br)cc3F)ncnc2cc1OC[C@@H]1CN2CCOC[C@H]2CO1,7.301029995663981
COc1cc2c(Nc3ccc(Cl)c(Cl)c3F)ncnc2cc1OC[C@H]1CN2CCOC[C@H]2CO1,7.301029995663981
COc1cc2c(Nc3ccc(Br)c(Cl)c3F)ncnc2cc1OC[C@H]1CN2CCOC[C@H]2CO1,7.301029995663981
COc1cc2c(Nc3ccc(Cl)c(Cl)c3)ncnc2cc1OC[C@H]1CN2CCC[C@@H]2CO1,7.301029995663981
COc1cc2c(Nc3cc(Cl)c(Br)cc3F)ncnc2cc1OC[C@@H]1CN2CCC[C@H]2CO1,7.301029995663981
COc1cc2c(Nc3ccc(Cl)c(Cl)c3)ncnc2cc1OC[C@@H]1CN2CCC[C@@H]2CO1,7.301029995663981
COc1cc2c(Nc3ccc(Cl)c(Cl)c3)ncnc2cc1OC[C@@H]1CN2CCC[C@H]2CO1,7.301029995663981
COc1cc2c(Nc3ccc(Cl)c(Cl)c3)ncnc2cc1OC[C@H]1CN2CCC[C@H]2CO1,7.301029995663981
COc1cc2c(Nc3ccc(Cl)c(Cl)c3F)ncnc2cc1OC[C@@H]1CN2CCC[C@H]2CO1,7.301029995663981
COc1cc2c(Nc3ccc(Br)c(Cl)c3F)ncnc2cc1OC[C@@H]1CN2CCC[C@H]2CO1,7.301029995663981
COc1cc2c(Nc3ccc(F)c(Cl)c3F)ncnc2cc1OC[C@@H]1CN2CCC[C@H]2CO1,7.301029995663981
COc1cc2c(Nc3ccc(Br)c(Cl)c3Cl)ncnc2cc1OC[C@@H]1CN2CCC[C@H]2CO1,7.301029995663981
COc1cc2c(Nc3cc(Cl)c(Cl)cc3F)ncnc2cc1OC[C@@H]1CN2CCC[C@H]2CO1,7.301029995663981
COc1cc2c(Nc3ccc(Cl)c(Cl)c3)ncnc2cc1OC[C@@H]1CO[C@H]2[C@@H]1OC[C@@H]2OC,7.301029995663981
COc1cc2c(Nc3ccc(Br)c(Cl)c3Cl)ncnc2cc1OC[C@@H]1CO[C@H]2[C@@H]1OC[C@@H]2OC,7.301029995663981
COc1cc2c(Nc3cc(Cl)c(Cl)cc3F)ncnc2cc1OC[C@@H]1CO[C@H]2[C@@H]1OC[C@@H]2OC,7.301029995663981
COc1cc2c(Nc3ccc(Cl)c(Cl)c3F)ncnc2cc1OC[C@@H]1CN2CCCC[C@H]2C(=O)N1,7.301029995663981
COc1cc2c(Nc3ccc(Cl)c(Cl)c3F)ncnc2cc1OC[C@@H]1CN2CCCC[C@@H]2C(=O)N1,7.301029995663981
COc1cc2c(Nc3ccc(Cl)c(Cl)c3F)ncnc2cc1OC[C@@H]1CN2CCC[C@H]2C(=O)N1,7.301029995663981
COc1cc2c(Nc3ccc(Cl)c(Cl)c3F)ncnc2cc1OC[C@@H]1CN2CCC[C@@H]2C(=O)N1,7.301029995663981
COc1cc2c(Nc3ccc(Br)c(Cl)c3F)ncnc2cc1OC[C@@H]1CN2CCC[C@H]2C(=O)N1,7.301029995663981
COc1cc2c(Nc3ccc(Cl)c(Cl)c3F)ncnc2cc1OC[C@@H]1CN2CCC[C@H]2C(=O)N1C,7.301029995663981
COc1cc2c(Nc3ccc(Cl)c(Cl)c3)ncnc2cc1OCC1CN2CSC[C@H]2CO1,7.301029995663981
COc1cc2c(Nc3ccc(Cl)c(Cl)c3)ncnc2cc1OC1C[C@@H]2CN(C)C[C@@H]2C1,7.301029995663981
COc1cc2c(Nc3cc(Cl)c(Br)cc3F)ncnc2cc1O[C@@H]1C[C@H]2OC[C@H](OC)[C@H]2O1,6.0
COc1cc2c(Nc3ccc(Cl)c(Cl)c3F)ncnc2cc1O[C@@H]1C[C@H]2OC[C@H](OC)[C@H]2O1,6.0
COc1cc2c(Nc3ccc(Br)c(Cl)c3F)ncnc2cc1O[C@@H]1C[C@H]2OC[C@H](OC)[C@H]2O1,7.301029995663981
COc1cc2c(Nc3ccc(Cl)c(Cl)c3Cl)ncnc2cc1O[C@@H]1C[C@H]2OC[C@H](OC)[C@H]2O1,6.0
COc1cc2c(Nc3ccc(Cl)c(Cl)c3)ncnc2cc1O[C@@H]1C[C@H]2OC[C@H](OC)[C@H]2O1,7.301029995663981
COc1cc2c(Nc3ccc(Br)c(Cl)c3Cl)ncnc2cc1O[C@@H]1C[C@H]2OC[C@H](OC)[C@H]2O1,6.0
COc1cc2c(Nc3ccc(Br)c(Cl)c3)ncnc2cc1O[C@@H]1C[C@H]2OCC3(OCCO3)[C@H]2O1,6.0
COc1cc2c(Nc3ccc(F)c(Cl)c3F)ncnc2cc1O[C@@H]1C[C@H]2OC[C@H](OC)[C@H]2O1,6.0
COc1cc2c(Nc3cc(Cl)c(Cl)cc3F)ncnc2cc1O[C@@H]1C[C@H]2OC[C@H](OC)[C@H]2O1,6.0
COc1cc2c(Nc3ccc(Br)c(Cl)c3)ncnc2cc1O[C@H]1CO[C@H]2[C@@H]1OC[C@@H]2OC(F)F,6.0
COc1cc2c(Nc3cccc(Cl)c3F)ncnc2cc1O[C@H]1CO[C@H]2[C@@H]1OC[C@@H]2OC,6.0
COc1cc2c(Nc3ccc(Cl)c(Cl)c3)ncnc2cc1O[C@H]1CO[C@H]2[C@@H]1OC[C@@H]2OC,6.0
COc1cc2c(Nc3ccc(Br)c(Cl)c3)ncnc2cc1O[C@H]1CO[C@H]2[C@@H]1OC[C@@H]2OC,6.0
CCO[C@H]1CO[C@H]2[C@@H]1OC[C@@H]2Oc1cc2ncnc(Nc3ccc(Br)c(Cl)c3)c2cc1OC,6.0
COc1cc2c(Nc3cccc(Br)c3C)ncnc2cc1O[C@H]1CO[C@H]2[C@@H]1OC[C@@H]2OC,4.698970004336019
COc1cc2c(Nc3cccc(Cl)c3C)ncnc2cc1O[C@H]1CO[C@H]2[C@@H]1OC[C@@H]2OC,4.698970004336019
COc1cc2c(Nc3ccc(Br)c(Cl)c3)ncnc2cc1O[C@H]1CO[C@@H]2CCO[C@H]12,6.0
COc1cc2c(Nc3ccc(Br)c(Cl)c3)ncnc2cc1O[C@H]1CO[C@H]2[C@@H]1OC[C@H]2OC,6.0
COc1cc2c(Nc3ccc(Cl)c(Cl)c3)ncnc2cc1OCc1cscn1,7.301029995663981
COc1cc2c(Nc3ccc(Cl)c(Cl)c3)ncnc2cc1OCc1cccnc1,7.301029995663981
COc1cc2c(Nc3ccc(Cl)c(Cl)c3)ncnc2cc1OCC1CC1,7.301029995663981
COc1cc2c(Nc3ccc(Cl)c(Cl)c3)ncnc2cc1OCC1CCCO1,7.301029995663981
COc1cc2c(Nc3ccc(Cl)c(Cl)c3)ncnc2cc1OC1CCCC1,6.0
COc1cc2c(Nc3ccc(Cl)c(Cl)c3)ncnc2cc1OC[C@@H]1O[C@@H](OC)[C@@H](O)[C@H](O)[C@H]1O,7.301029995663981
COc1cc2c(Nc3ccc(Cl)c(Cl)c3)ncnc2cc1OCC(=O)N1CCOCC1,6.0
COc1cc2c(Nc3ccc(Cl)c(Cl)c3)ncnc2cc1OCc1noc(C2CCCCN2C(=O)OC(C)(C)C)n1,6.0
COc1cc2c(Nc3ccc(Cl)c(Cl)c3)ncnc2cc1OCc1noc(C2CCN(C(=O)OC(C)(C)C)CC2)n1,7.301029995663981
COc1cc2c(Nc3ccc(Cl)c(Cl)c3)ncnc2cc1OCc1nc(-c2ccc(N3CCCC3)cc2)cs1,6.0
CCN(CC)c1ccc(-c2csc(COc3cc4ncnc(Nc5ccc(Cl)c(Cl)c5)c4cc3OC)n2)cc1,6.0
COc1cc2c(Nc3ccc(Cl)c(Cl)c3)ncnc2cc1OCc1nc(-c2ccc(O)c(C(N)=O)c2)cs1,6.0
COc1cc2c(Nc3ccc(Cl)c(Cl)c3)ncnc2cc1OCCC1CCCCC1,6.0
COc1cc2c(Nc3ccc(Cl)c(Cl)c3)ncnc2cc1OCC1CCCCC1,6.0
COc1cc2c(Nc3ccc(Cl)c(Cl)c3)ncnc2cc1OCC1CCC1,6.0
COc1cc2c(Nc3ccc(Cl)c(Cl)c3)ncnc2cc1OCCC1OCCO1,7.301029995663981
COc1cc2c(Nc3ccc(Cl)c(Cl)c3)ncnc2cc1OCCC1OCCCO1,7.301029995663981
COc1cc2c(Nc3ccc(Cl)c(Cl)c3)ncnc2cc1OCCN1CCOCC1,7.301029995663981
COc1cc2c(Nc3ccc(Cl)c(Cl)c3)ncnc2cc1OCCN1CCCC1,7.301029995663981
COc1cc2c(Nc3ccc(Cl)c(Cl)c3)ncnc2cc1OCCN1CCCCC1,7.301029995663981
COc1cc2c(Nc3ccc(Cl)c(Cl)c3)ncnc2cc1OCCN1C(=O)c2ccccc2C1=O,7.301029995663981
COc1cc2c(Nc3ccc(Cl)c(Cl)c3)ncnc2cc1OCc1nc(-c2cccnc2)cs1,6.0
COc1cc2c(Nc3ccc(Cl)c(Cl)c3)ncnc2cc1OCc1nc(-c2ccccn2)cs1,6.0
COc1cc2c(Nc3ccc(Cl)c(Cl)c3)ncnc2cc1OCc1nc(-c2ccncc2)cs1,6.0
COc1cc2c(Nc3ccc(Cl)c(Cl)c3)ncnc2cc1OCc1nc(N2CCOCC2)no1,6.0
COc1cc2c(Nc3ccc(Cl)c(Cl)c3)ncnc2cc1OCc1nc(N(C)C)no1,6.0
COc1cc2c(Nc3ccc(Cl)c(Cl)c3)ncnc2cc1OCc1nc(CN2CCN(C)CC2)cs1,7.301029995663981
COc1cc2c(Nc3ccc(Cl)c(Cl)c3)ncnc2cc1OCc1nc2c(s1)CNCC2,7.301029995663981
COc1cc2c(Nc3ccc(Cl)c(Cl)c3)ncnc2cc1OCc1nc(CN2CCOCC2)cs1,7.301029995663981
COc1cc2c(Nc3ccc(Cl)c(Cl)c3)ncnc2cc1OCc1nc(CN2CCCN(C)CC2)cs1,7.301029995663981
COc1cc2c(Nc3ccc(Cl)c(Cl)c3)ncnc2cc1OCc1nc(COCc2ccccc2)no1,7.301029995663981
CCN1CCOC(COc2cc3ncnc(Nc4ccc(Cl)c(Cl)c4)c3cc2OC)C1,7.301029995663981
COc1cc2c(Nc3ccc(Cl)c(Cl)c3)ncnc2cc1OCc1csc(C2CCNCC2)n1,7.301029995663981
COc1cc2c(Nc3ccc(Cl)c(Cl)c3)ncnc2cc1OCc1csc(C2CCN(C)CC2)n1,7.301029995663981
COc1cc2c(Nc3ccc(Cl)c(Cl)c3)ncnc2cc1OCc1nc(N2CCN(C(=O)OC(C)(C)C)CC2)no1,6.0
COc1cc2c(Nc3ccc(Cl)c(Cl)c3)ncnc2cc1OCc1nc(N2CCNCC2)no1,7.301029995663981
COc1cc2c(Nc3ccc(Cl)c(Cl)c3)ncnc2cc1OCc1nc(N2CCN(C)CC2)no1,7.301029995663981
CCN1CCCCC1c1nc(COc2cc3ncnc(Nc4ccc(Cl)c(Cl)c4)c3cc2OC)no1,7.301029995663981
CCN1CCN(c2noc(COc3cc4ncnc(Nc5ccc(Cl)c(Cl)c5)c4cc3OC)n2)CC1,7.301029995663981
COc1ccc(-c2nc(COc3cc4ncnc(Nc5ccc(Cl)c(Cl)c5)c4cc3OC)no2)cc1,6.0
COc1cc2c(Nc3ccc(Cl)c(Cl)c3)ncnc2cc1OCc1csc(-c2ccc(C(F)(F)F)cc2)n1,6.0
COc1cc2c(Nc3ccc(Cl)c(Cl)c3)ncnc2cc1OCc1csc(-c2ccc(Cl)cc2)n1,6.0
COc1cc2c(Nc3ccc(Cl)c(Cl)c3)ncnc2cc1OCc1noc(-c2c(C)noc2C)n1,6.0
COc1cc2c(Nc3ccc(Cl)c(Cl)c3)ncnc2cc1OCc1csc2ccc(Cl)cc12,6.0
COc1cc2c(Nc3ccc(Cl)c(Cl)c3)ncnc2cc1OCc1nc(-c2ccc(C(C)(C)C)cc2)no1,6.0
COc1cc2c(Nc3ccc(Cl)c(Cl)c3)ncnc2cc1OCc1noc(-c2ccccc2OC)n1,6.0
COc1cc2c(Nc3ccc(Cl)c(Cl)c3)ncnc2cc1OCc1nnc(-c2ccc(C)cc2)o1,6.0
COc1cc2c(Nc3ccc(Cl)c(Cl)c3)ncnc2cc1OCc1nccn1Cc1ccccc1,6.0
COc1cc2c(Nc3ccc(Cl)c(Cl)c3)ncnc2cc1OCc1c(-c2c(Cl)cccc2Cl)noc1C,6.0
COc1cc2c(Nc3ccc(Cl)c(Cl)c3)ncnc2cc1OCc1cc(F)cc2c1OCOC2,6.0
COc1cc2c(Nc3ccc(Cl)c(Cl)c3)ncnc2cc1OCc1cc(Br)cc(Br)c1,6.0
COc1cc2c(Nc3ccc(Cl)c(Cl)c3)ncnc2cc1OCc1cc(F)cc(F)c1,6.0
COc1cc2c(Nc3ccc(Cl)c(Cl)c3)ncnc2cc1OCc1nc(CS(=O)(=O)c2ccccn2)no1,7.301029995663981
COc1cc2c(Nc3ccc(Cl)c(Cl)c3)ncnc2cc1OCc1noc(-c2ccccc2)n1,6.0
COc1cc2c(Nc3ccc(Cl)c(Cl)c3)ncnc2cc1OCc1ccc2nc(C(F)(F)F)cc(Cl)c2c1,6.0
COc1cc2c(Nc3ccc(Cl)c(Cl)c3)ncnc2cc1OCCC1CCCN1C,7.301029995663981
CCN1CCC(c2nc(COc3cc4ncnc(Nc5ccc(Cl)c(Cl)c5)c4cc3OC)no2)CC1,7.301029995663981
CCN1CCCC(c2nc(COc3cc4ncnc(Nc5ccc(Cl)c(Cl)c5)c4cc3OC)no2)C1,7.301029995663981
COc1cc2c(Nc3ccc(Cl)c(Cl)c3)ncnc2cc1OCc1csc(N(C)C)n1,6.0
CCN1CCCOC(COc2cc3ncnc(Nc4ccc(Cl)c(Cl)c4)c3cc2OC)C1,7.301029995663981
CCN1CCC(c2nc(COc3cc4ncnc(Nc5ccc(Cl)c(Cl)c5)c4cc3OC)cs2)CC1,7.301029995663981
COc1cc2c(Nc3ccc(Cl)c(Cl)c3)ncnc2cc1OCc1nc([C@@H]2CCCN2)no1,7.301029995663981
COc1cc2c(Nc3ccc(Cl)c(Cl)c3)ncnc2cc1OCc1csc([C@@H]2CCCN2)n1,7.301029995663981
COc1cc2c(Nc3ccc(Cl)c(Cl)c3)ncnc2cc1OCc1csc(COC(=O)c2ccccc2)n1,6.0
COc1cc2c(Nc3ccc(Cl)c(Cl)c3)ncnc2cc1OCc1csc(CO)n1,7.301029995663981
COc1cc2c(Nc3ccc(Cl)c(Cl)c3)ncnc2cc1OCc1nc2c(s1)CN(C)CC2,7.301029995663981
COc1cc2c(Nc3ccc(Cl)c(Cl)c3)ncnc2cc1OCc1csc([C@@H]2CSCN2)n1,7.301029995663981
COc1cc2c(Nc3ccc(Cl)c(Cl)c3)ncnc2cc1OCc1csc(C2CCCCN2)n1,7.301029995663981
COc1cc2c(Nc3ccc(Cl)c(Cl)c3)ncnc2cc1OCc1csc(C2CCCCN2C)n1,7.301029995663981
COc1cc2c(Nc3ccc(Cl)c(Cl)c3)ncnc2cc1OCc1csc(C2CCCNC2)n1,7.301029995663981
COc1cc2c(Nc3ccc(Cl)c(Cl)c3)ncnc2cc1OCc1csc(C2CCCN(C)C2)n1,7.301029995663981
CCN1CCCCC1c1nc(COc2cc3ncnc(Nc4ccc(Cl)c(Cl)c4)c3cc2OC)cs1,7.301029995663981
CCN1CCCC(c2nc(COc3cc4ncnc(Nc5ccc(Cl)c(Cl)c5)c4cc3OC)cs2)C1,7.301029995663981
CCN1CCC[C@H]1c1noc(COc2cc3ncnc(Nc4ccc(Cl)c(Cl)c4)c3cc2OC)n1,7.301029995663981
CCN1CCC[C@H]1c1nc(COc2cc3ncnc(Nc4ccc(Cl)c(Cl)c4)c3cc2OC)cs1,7.301029995663981
CCN1CCC2N=C(COc3cc4ncnc(Nc5ccc(Cl)c(Cl)c5)c4cc3OC)SC2C1,7.301029995663981
CCCN1CCCOC(COc2cc3ncnc(Nc4ccc(Cl)c(Cl)c4)c3cc2OC)C1,7.301029995663981
COc1cc2c(Nc3ccc(Cl)c(Cl)c3)ncnc2cc1OCC1CN(CC2CC2)CCCO1,7.301029995663981
COCCN1CCCOC(COc2cc3ncnc(Nc4ccc(Cl)c(Cl)c4)c3cc2OC)C1,7.301029995663981
COc1cc2c(Nc3ccc(Cl)c(Cl)c3)ncnc2cc1OCC1CN(C(C)C)CCCO1,7.301029995663981
COc1cc2c(Nc3ccc(Cl)c(Cl)c3)ncnc2cc1OCc1csc(N2CCNCC2)n1,7.301029995663981
COc1cc2c(Nc3ccc(Cl)c(Cl)c3)ncnc2cc1OCc1noc(C2CCCN2)n1,7.301029995663981
CCN1CCCC1c1nc(COc2cc3ncnc(Nc4ccc(Cl)c(Cl)c4)c3cc2OC)no1,7.301029995663981
COc1cc2c(Nc3ccc(Cl)c(Cl)c3)ncnc2cc1OCc1nc([C@@H]2CCCN2C)no1,7.301029995663981
COc1cc2c(Nc3ccc(Cl)c(Cl)c3)ncnc2cc1OCc1csc([C@@H]2CCCN2C)n1,7.301029995663981
CCN1CCN(c2nc(COc3cc4ncnc(Nc5ccc(Cl)c(Cl)c5)c4cc3OC)cs2)CC1,7.301029995663981
COc1cc2c(Nc3ccc(Cl)c(Cl)c3)ncnc2cc1OCC1CN(C)CCN1C,6.0
COc1cc2c(Nc3ccc(Cl)c(Cl)c3)ncnc2cc1OCC1CN(C2CCCC2)CCO1,7.301029995663981
COc1cc2c(Nc3ccc(Cl)c(Cl)c3)ncnc2cc1OCC1CN(C(C)C)CCO1,7.301029995663981
COc1cc2c(Nc3ccc(Cl)c(Cl)c3)ncnc2cc1OCC1CN(CCCc2ccccc2)CCO1,7.301029995663981
COCCN1CCOC(COc2cc3ncnc(Nc4ccc(Cl)c(Cl)c4)c3cc2OC)C1,7.301029995663981
CCOC(=O)C(C)N1CCOC(COc2cc3ncnc(Nc4ccc(Cl)c(Cl)c4)c3cc2OC)C1,7.301029995663981
C=CCCCCN1CCOC(COc2cc3ncnc(Nc4ccc(Cl)c(Cl)c4)c3cc2OC)C1,7.301029995663981
COc1cc2c(Nc3ccc(Cl)c(Cl)c3)ncnc2cc1OCC1CN(CCOCCO)CCO1,7.301029995663981
COC(=O)CCN1CCOC(COc2cc3ncnc(Nc4ccc(Cl)c(Cl)c4)c3cc2OC)C1,7.301029995663981
COc1cc2c(Nc3ccc(Cl)c(Cl)c3)ncnc2cc1OCC1CN(CCCCCC#N)CCO1,7.301029995663981
COc1cc2c(Nc3ccc(Cl)c(Cl)c3)ncnc2cc1OCC1CN(CC2C=CC=CO2)CCO1,7.301029995663981
COc1cc2c(Nc3ccc(Cl)c(Cl)c3)ncnc2cc1OCC1CN(CCCC#N)CCO1,7.301029995663981
COc1cc2c(Nc3ccc(Cl)c(Cl)c3)ncnc2cc1OCC1CN(Cc2ccc(F)cc2)CCO1,7.301029995663981
COC(=O)CCCCN1CCOC(COc2cc3ncnc(Nc4ccc(Cl)c(Cl)c4)c3cc2OC)C1,7.301029995663981
C=CCCCCCCN1CCOC(COc2cc3ncnc(Nc4ccc(Cl)c(Cl)c4)c3cc2OC)C1,7.301029995663981
CCCN1CCOC(COc2cc3ncnc(Nc4ccc(Cl)c(Cl)c4)c3cc2OC)C1,7.301029995663981
COc1cc2c(Nc3ccc(Cl)c(Cl)c3)ncnc2cc1OCC1CN(CCCCCCO)CCO1,7.301029995663981
COc1cc2c(Nc3ccc(Cl)c(Cl)c3)ncnc2cc1OCC1CN(C(C)=O)CCO1,7.301029995663981
COc1cc2c(Nc3ccc(Cl)c(Cl)c3)ncnc2cc1OCC1CN(CC2CC2)CCO1,7.301029995663981
C#CCN1CCOC(COc2cc3ncnc(Nc4ccc(Cl)c(Cl)c4)c3cc2OC)C1,7.301029995663981
COc1cc2c(Nc3ccc(Cl)c(Cl)c3)ncnc2cc1OCC1CN(c2ccncc2)CCO1,7.301029995663981
COc1cc2c(Nc3ccc(Cl)c(Cl)c3)ncnc2cc1OCC1CN(Cc2ccccn2)CCO1,7.301029995663981
CCC#CCN1CCOC(COc2cc3ncnc(Nc4ccc(Cl)c(Cl)c4)c3cc2OC)C1,7.301029995663981
COc1cc2c(Nc3ccc(Cl)c(Cl)c3)ncnc2cc1OCc1csc(N2CCN(C)CC2)n1,7.301029995663981
COc1cc2c(Nc3ccc(Cl)c(Cl)c3)ncnc2cc1OCc1noc(C2CCCN2C)n1,7.301029995663981
COc1cc2c(Nc3ccc(F)c(Cl)c3)ncnc2cc1OCC1CN(C)CCO1,7.301029995663981
CCN1CCN(C(C)=O)CC1COc1cc2ncnc(Nc3ccc(Cl)c(Cl)c3)c2cc1OC,6.0
COc1cc(Nc2ncnc3cc(OCC4CN(C)CCO4)c(OC)cc23)c(OC)cc1Cl,6.0
COc1cc2c(Nc3cccc(Br)c3C)ncnc2cc1OCC1CN(C)CCO1,7.301029995663981
COc1cc2c(Nc3cc(Cl)c(Cl)c(Cl)c3)ncnc2cc1OCC1CN(C)CCO1,7.301029995663981
COc1cc2c(Nc3cccc(Cl)c3C)ncnc2cc1OCC1CN(C)CCO1,7.301029995663981
COc1cc2c(Nc3cccc(Cl)c3Cl)ncnc2cc1OCC1CN(C(C)=N)CCCO1,7.301029995663981
COc1cc2c(Nc3ccc(Br)cc3F)ncnc2cc1OCC1CN(C)CCO1,7.301029995663981
COc1cc2c(Nc3cc(Cl)ccc3F)ncnc2cc1OCC1CN(C)CCO1,7.301029995663981
COc1cc2c(Nc3ccc(Cl)cc3F)ncnc2cc1OCC1CN(C)CCO1,7.301029995663981
COc1cc2c(Nc3ccc(Cl)cc3Cl)ncnc2cc1OCC1CN(C)CCO1,7.301029995663981
COc1cc2c(Nc3ccc(Br)cc3Br)ncnc2cc1OCC1CN(C)CCO1,7.301029995663981
COc1cc2c(Nc3ccc(Cl)c(Cl)c3Cl)ncnc2cc1OCC1CN(C)CCO1,7.301029995663981
CCN1CCN(C)CC1COc1cc2ncnc(Nc3ccc(Cl)c(Cl)c3)c2cc1OC,6.0
COc1cc2c(Nc3ccc(Cl)c(Cl)c3)ncnc2cc1OCC1CN(/C(N)=N/C#N)CCO1,7.301029995663981
COc1cc2c(Nc3ccc(Cl)c(Cl)c3)ncnc2cc1OCc1csc(CN2CCCC2)n1,7.301029995663981
COc1cc2c(Nc3ccc(Cl)c(Cl)c3)ncnc2cc1OCC1CN(C2CCOCC2)CCO1,7.301029995663981
CCC(CC)CN1CCOC(COc2cc3ncnc(Nc4ccc(Cl)c(Cl)c4)c3cc2OC)C1,7.301029995663981
COc1cc2c(Nc3ccc(Cl)c(Cl)c3)ncnc2cc1OCC1CN(CC2CCCCC2)CCO1,7.301029995663981
COc1cc2c(Nc3ccc(Cl)c(Cl)c3)ncnc2cc1OCC1CN(CCO)CCO1,7.301029995663981
CC#CCN1CCOC(COc2cc3ncnc(Nc4ccc(Cl)c(Cl)c4)c3cc2OC)C1,7.301029995663981
COc1cc2c(Nc3ccc(Cl)c(Cl)c3)ncnc2cc1OCC1CN(C2CCC2)CCO1,7.301029995663981
COc1cc2c(Nc3ccc(Cl)c(Cl)c3)ncnc2cc1OCC1CN(CCC2OCCO2)CCO1,7.301029995663981
COc1cc2c(Nc3ccc(Cl)c(Cl)c3)ncnc2cc1OCC1CN(CCC2CCCCC2)CCO1,7.301029995663981
C=CCCCN1CCOC(COc2cc3ncnc(Nc4ccc(Cl)c(Cl)c4)c3cc2OC)C1,7.301029995663981
CC[C@@H](C)CN1CCOC(COc2cc3ncnc(Nc4ccc(Cl)c(Cl)c4)c3cc2OC)C1,7.301029995663981
COc1cc2c(Nc3ccc(Cl)c(Cl)c3)ncnc2cc1OCC1CN(CCCCF)CCO1,7.301029995663981
COc1cc2c(Nc3ccc(Cl)c(Cl)c3)ncnc2cc1OCC1CN(C(C)C(C)=O)CCO1,7.301029995663981
CCC(=O)CN1CCOC(COc2cc3ncnc(Nc4ccc(Cl)c(Cl)c4)c3cc2OC)C1,7.301029995663981
CCCCCN1CCOC(COc2cc3ncnc(Nc4ccc(Cl)c(Cl)c4)c3cc2OC)C1,7.301029995663981
CCCCCCN1CCOC(COc2cc3ncnc(Nc4ccc(Cl)c(Cl)c4)c3cc2OC)C1,7.301029995663981
CCCCCCCN1CCOC(COc2cc3ncnc(Nc4ccc(Cl)c(Cl)c4)c3cc2OC)C1,7.301029995663981
CCCCCCCCN1CCOC(COc2cc3ncnc(Nc4ccc(Cl)c(Cl)c4)c3cc2OC)C1,6.0
COc1cc2c(Nc3ccc(Cl)c(Cl)c3)ncnc2cc1OCC1CN(CCc2ccccc2)CCO1,7.301029995663981
CCCCN1CCOC(COc2cc3ncnc(Nc4ccc(Cl)c(Cl)c4)c3cc2OC)C1,7.301029995663981
C=CCN1CCOC(COc2cc3ncnc(Nc4ccc(Cl)c(Cl)c4)c3cc2OC)C1,7.301029995663981
COc1cc2c(Nc3ccc(Cl)c(Cl)c3)ncnc2cc1OCC1OCCN(CC(=O)c2ccccc2)C1=O,7.301029995663981
COc1cc2c(Nc3ccc(Cl)c(Cl)c3)ncnc2cc1OCC1CN(CCF)CCO1,7.301029995663981
COc1cc2c(Nc3ccc(Cl)c(Cl)c3)ncnc2cc1OCC1CN(CC=C(C)C)CCO1,7.301029995663981
COc1cc2c(Nc3ccc(Cl)c(Cl)c3)ncnc2cc1OCC1CN(C/C=C/Br)CCO1,7.301029995663981
COc1cc2c(Nc3ccc(Cl)c(Cl)c3)ncnc2cc1OCC1CN(CC(N)=O)CCO1,7.301029995663981
COc1cc2c(Nc3ccc(Cl)c(Cl)c3)ncnc2cc1OCC1CN(CCCOC2CCCCO2)CCCO1,7.301029995663981
COc1cc2c(Nc3ccc(Cl)c(Cl)c3)ncnc2cc1OCC1CN(CCC(C)C)CCCO1,7.301029995663981
COc1cc2c(Nc3ccc(Cl)c(Cl)c3)ncnc2cc1OCC1CN(CC2CCCCC2)CCCO1,7.301029995663981
COc1cc2c(Nc3ccc(Cl)c(Cl)c3)ncnc2cc1OCC1CN(CCC2CCCCC2)CCCO1,7.301029995663981
CCC(CC)CN1CCCOC(COc2cc3ncnc(Nc4ccc(Cl)c(Cl)c4)c3cc2OC)C1,7.301029995663981
COc1cc2c(Nc3ccc(Cl)c(Cl)c3)ncnc2cc1OCC1CN(S(C)(=O)=O)CCCO1,7.301029995663981
COc1cc2c(Nc3ccc(Cl)c(Cl)c3)ncnc2cc1OCC1CN(C2CCN(C)CC2)CCO1,7.301029995663981
COc1cc2c(Nc3cccc(Cl)c3F)ncnc2cc1OCC1CN(C)CCO1,7.301029995663981
COc1cc2c(Nc3cccc(Cl)c3F)ncnc2cc1OCC1CN(/C(N)=N/C#N)CCCO1,7.301029995663981
COc1cc2c(Nc3ccc(C)c(Br)c3)ncnc2cc1OCC1CN(C)CCO1,7.301029995663981
CCN1CCN(CC)C(COc2cc3ncnc(Nc4ccc(Cl)c(Cl)c4)c3cc2OC)C1,6.0
COc1cc2c(Nc3ccc(Br)cc3F)ncnc2cc1OCC1CCN(/C(N)=N/C#N)CC1,7.301029995663981
COc1cc2c(Nc3ccc(Cl)c(Cl)c3)ncnc2cc1OCC1CN(S(C)(=O)=O)CCO1,7.301029995663981
COc1cc2c(Nc3ccc(Cl)c(Cl)c3)ncnc2cc1OCC1CN(S(=O)(=O)Cc2ccccc2)CCO1,7.301029995663981
COc1cc2c(Nc3ccc(Cl)c(Cl)c3)ncnc2cc1OCC1CN(S(=O)(=O)c2ccc(F)cc2)CCO1,7.301029995663981
CCS(=O)(=O)N1CCOC(COc2cc3ncnc(Nc4ccc(Cl)c(Cl)c4)c3cc2OC)C1,7.301029995663981
COc1cc2c(Nc3ccc(Cl)c(Cl)c3)ncnc2cc1OCC1CN(S(=O)(=O)c2ccccc2)CCO1,7.301029995663981
COc1cc2c(Nc3ccc(Cl)c(Cl)c3)ncnc2cc1OCC1CN(S(=O)(=O)CCCCl)CCO1,7.301029995663981
CCCCS(=O)(=O)N1CCOC(COc2cc3ncnc(Nc4ccc(Cl)c(Cl)c4)c3cc2OC)C1,7.301029995663981
COc1cc2c(Nc3ccc(Cl)c(Cl)c3)ncnc2cc1OCC1CN(S(=O)(=O)c2ccc(C)cc2)CCO1,7.301029995663981
COc1cc2c(Nc3ccc(Cl)c(Cl)c3)ncnc2cc1OCC1CN(C(=O)c2c(C)noc2C)CCO1,7.301029995663981
COc1cccc(CC(=O)N2CCOC(COc3cc4ncnc(Nc5ccc(Cl)c(Cl)c5)c4cc3OC)C2)c1,7.301029995663981
CCCC(C)C(=O)N1CCOC(COc2cc3ncnc(Nc4ccc(Cl)c(Cl)c4)c3cc2OC)C1,7.301029995663981
CCCCc1ccc(C(=O)N2CCOC(COc3cc4ncnc(Nc5ccc(Cl)c(Cl)c5)c4cc3OC)C2)cc1,6.0
COc1cc2c(Nc3ccc(Cl)c(Cl)c3)ncnc2cc1OCC1CN(C(=O)Cc2ccc(Cl)cc2)CCO1,7.301029995663981
CCCC(CCC)C(=O)N1CCOC(COc2cc3ncnc(Nc4ccc(Cl)c(Cl)c4)c3cc2OC)C1,7.301029995663981
COc1cc2c(Nc3ccc(Cl)c(Cl)c3)ncnc2cc1OCC1CN(C(=O)CCC(C)C)CCO1,7.301029995663981
COc1cc2c(Nc3ccc(Cl)c(Cl)c3)ncnc2cc1OCC1CN(C(=O)c2cc(F)ccc2F)CCO1,7.301029995663981
COc1cc2c(Nc3ccc(Cl)c(Cl)c3)ncnc2cc1OCC1CN(C(=O)C2CCCC2)CCO1,7.301029995663981
CCC(C(=O)N1CCOC(COc2cc3ncnc(Nc4ccc(Cl)c(Cl)c4)c3cc2OC)C1)c1ccccc1,7.301029995663981
COc1cc2c(Nc3ccc(Cl)c(Cl)c3)ncnc2cc1OCC1CN(C(=O)c2c(F)ccc(F)c2F)CCO1,7.301029995663981
COc1cc2c(Nc3ccc(Cl)c(Cl)c3)ncnc2cc1OCC1CN(C(=O)c2ccoc2)CCO1,7.301029995663981
CCC(=O)N1CCOC(COc2cc3ncnc(Nc4ccc(Cl)c(Cl)c4)c3cc2OC)C1,7.301029995663981
CCCCCC(=O)N1CCOC(COc2cc3ncnc(Nc4ccc(Cl)c(Cl)c4)c3cc2OC)C1,7.301029995663981
CCCCC(CC)C(=O)N1CCOC(COc2cc3ncnc(Nc4ccc(Cl)c(Cl)c4)c3cc2OC)C1,7.301029995663981
COc1cc2c(Nc3ccc(Cl)c(Cl)c3)ncnc2cc1OCC1CN(C(=O)CCc2ccccc2)CCO1,7.301029995663981
COc1cc2c(Nc3ccc(Cl)c(Cl)c3)ncnc2cc1OCC1CN(C(=O)C(C)(C)C)CCO1,7.301029995663981
COc1cc2c(Nc3ccc(Cl)c(Cl)c3)ncnc2cc1OCC1CN(C(=O)c2cccc3ccccc23)CCO1,7.301029995663981
COc1cc2c(Nc3ccc(Cl)c(Cl)c3)ncnc2cc1OCC1CN(C(=O)c2cccnc2Cl)CCO1,7.301029995663981
COc1cc2c(Nc3ccc(Cl)c(Cl)c3)ncnc2cc1OCC1CN(C(=O)c2ccc(Cl)nc2)CCO1,7.301029995663981
COc1cc2c(Nc3ccc(Cl)c(Cl)c3)ncnc2cc1OCC1CN(C(=O)c2ccc3c(c2)OCO3)CCO1,7.301029995663981
CC(C)Oc1cc2c(Nc3ccc(Cl)c(Cl)c3)ncnc2cc1OCC1CNCCO1,7.301029995663981
COCCOc1cc2c(Nc3ccc(Cl)c(Cl)c3)ncnc2cc1OCC1CNCCO1,7.301029995663981
CCOc1cc2c(Nc3ccc(Cl)c(Cl)c3)ncnc2cc1OCC1CNCCO1,7.301029995663981
CCOc1cc2c(Nc3ccc(Cl)c(Cl)c3)ncnc2cc1OCC1CN(C)CCO1,7.301029995663981
COc1cc2c(Nc3ccc(Br)cc3C)ncnc2cc1OCC1CN(C)CCO1,7.301029995663981
COc1cc2c(Nc3ccc(Cl)c(C)c3)ncnc2cc1OCC1CN(C)CCO1,7.301029995663981
CN/C(=N\C#N)N1CCOC(COc2cc3ncnc(Nc4ccc(Cl)c(C)c4)c3cc2OC)C1,7.301029995663981
COc1cc2c(Nc3ccc(Br)c(Cl)c3)ncnc2cc1OCC1CN(C)CCO1,7.301029995663981
CC(C)Oc1cc2c(Nc3ccc(Cl)c(Cl)c3)ncnc2cc1OCC1CN(C)CCO1,7.301029995663981
COCCOc1cc2c(Nc3ccc(Cl)c(Cl)c3)ncnc2cc1OCC1CN(C)CCO1,7.301029995663981
COc1cc2c(Nc3ccc(Br)cc3Cl)ncnc2cc1OCC1CN(C)CCO1,7.301029995663981
COc1cc2c(Nc3ccc(Cl)c(Cl)c3)ncnc2cc1OCC1CN(C(C)=O)CCCO1,7.301029995663981
CN1CCOC(COc2cc3ncnc(Nc4ccc(Cl)c(Cl)c4)c3cc2O)C1,7.301029995663981
COc1cc2c(Nc3ccc(Cl)c(Br)c3)ncnc2cc1OCC1CN(C)CCO1,7.301029995663981
COc1cc2c(Nc3ccc(Cl)c(Cl)c3)ncnc2cc1OCC1CN(C(=O)CC(=O)O)CCO1,7.301029995663981
COC(=O)CCC(=O)N1CCOC(COc2cc3ncnc(Nc4ccc(Cl)c(Cl)c4)c3cc2OC)C1,7.301029995663981
COc1cc2c(Nc3cccc(Br)c3Cl)ncnc2cc1OCC1CN(C)CCO1,7.301029995663981
COCCN/C(=N\C#N)N1CCOC(COc2cc3ncnc(Nc4ccc(Cl)c(Cl)c4)c3cc2OC)C1,7.301029995663981
CCN/C(=N\C#N)N1CCOC(COc2cc3ncnc(Nc4ccc(Cl)c(Cl)c4)c3cc2OC)C1,7.301029995663981
COc1cc2c(Nc3ccc(Cl)c(Cl)c3)ncnc2cc1OCC1CN(/C(=N/C#N)N2CCCCC2)CCO1,7.301029995663981
COc1cc2c(Nc3ccc(Cl)c(Cl)c3)ncnc2cc1OCC1CN(/C(=N/C#N)N2CCCC2)CCO1,7.301029995663981
COc1cc2c(Nc3ccc(Cl)c(Cl)c3)ncnc2cc1OCC1CN(/C(=N/C#N)N2CCN(C)CC2)CCO1,7.301029995663981
CCC1(C)CN(C)CC(COc2cc3ncnc(Nc4ccc(Cl)c(Cl)c4)c3cc2OC)O1,7.301029995663981
COc1cc2c(Nc3ccc(Br)c(C)c3)ncnc2cc1OCC1CN(C)CCO1,7.301029995663981
COc1cc2c(Nc3ccc(Cl)c(Cl)c3)ncnc2cc1OCC1CNCC(C)(C)O1,7.301029995663981
COc1cc2c(Nc3ccc(Cl)c(Cl)c3)ncnc2cc1OCC1CN(C)CC(C)(C)O1,7.301029995663981
COc1cc2c(Nc3ccc(Cl)c(Cl)c3)ncnc2cc1OCCC1CNC(C)(C)CO1,7.301029995663981
COc1cc2c(Nc3ccc(Cl)c(Cl)c3)ncnc2cc1OCCC1CN(C)C(C)(C)CO1,7.301029995663981
COc1cc2c(Nc3ccc(Cl)c(Cl)c3)ncnc2cc1OCCC1CN(C(=O)OC(C)(C)C)C(C)(C)CO1,6.0
COc1cc2c(Nc3ccc(Cl)c(Cl)c3)ncnc2cc1OCC1CN(C)C(C)(C)CO1,7.301029995663981
COc1cc2c(Nc3ccc(Br)c(Cl)c3Cl)ncnc2cc1OCC1CN(C)CCO1,7.301029995663981
COc1cc2c(Nc3cc(Cl)c(Cl)cc3F)ncnc2cc1OCC1CN(C)CCO1,7.301029995663981
COc1cc2c(Nc3ccc(Cl)c(Cl)c3)ncnc2cc1OCCC1CN(C)CC(C)(C)O1,7.301029995663981
COc1cc2c(Nc3ccc(Br)c(F)c3F)ncnc2cc1OCC1CN(C)CCO1,7.301029995663981
COc1cc2c(Nc3cc(F)c(Br)cc3F)ncnc2cc1OCC1CN(C)CCO1,7.301029995663981
COc1cc2c(Nc3cc(F)c(Br)c(F)c3)ncnc2cc1OCC1CN(C)CCO1,7.301029995663981
COc1cc2c(Nc3ccc(Cl)c(Cl)c3C)ncnc2cc1OCC1CN(C)CCO1,7.301029995663981
COc1cc2c(Nc3ccc(Br)c(Cl)c3C)ncnc2cc1OCC1CN(C)CCO1,7.301029995663981
COc1cc2c(Nc3cc(Cl)c(Br)cc3F)ncnc2cc1OCC1COCCN1C,7.301029995663981
COc1cc2c(Nc3ccc(Br)c(Cl)c3F)ncnc2cc1OCC1CN(C)CCO1,7.301029995663981
COc1cc2c(Nc3ccc(Cl)c(Cl)c3F)ncnc2cc1OCC1CN(C)CCO1,7.301029995663981
COc1cc2c(Nc3ccc(F)c(Cl)c3F)ncnc2cc1OCC1CN(C)CCO1,7.301029995663981
COc1cc2c(Nc3ccc(C)c(Cl)c3Cl)ncnc2cc1OCC1CN(C)CCO1,7.301029995663981
COc1cc2c(Nc3ccc(Cl)c(Cl)c3)ncnc2cc1OCC1CN(C)C(C)(C)C(=O)O1,7.301029995663981
COc1cc2c(Nc3ccc(Br)c(Cl)c3Cl)ncnc2cc1OCC1CN(C)C(C)(C)CO1,7.301029995663981
COc1cc2c(Nc3cc(Cl)c(Br)cc3F)ncnc2cc1OCC1CN(C)C(C)(C)CO1,7.301029995663981
COc1cc2c(Nc3cc(Cl)c(Cl)cc3F)ncnc2cc1OCC1CN(C)C(C)(C)CO1,7.301029995663981
COc1cc2c(Nc3ccc(Cl)c(Cl)c3F)ncnc2cc1OCC1CN(C)C(C)(C)CO1,7.301029995663981
COc1cc2c(Nc3ccc(Br)c(Cl)c3F)ncnc2cc1OCC1CN(C)C(C)(C)CO1,7.301029995663981
COc1cc2c(Nc3ccc(F)c(Cl)c3F)ncnc2cc1OCC1CN(C)C(C)(C)CO1,7.301029995663981
COc1cc2c(Nc3ccc(Br)c(Cl)c3F)ncnc2cc1OC[C@@H]1CN(C)CC(=O)N1,7.301029995663981
COc1cc2c(Nc3ccc(Cl)c(Cl)c3F)ncnc2cc1OC[C@@H]1CN(C)CC(=O)N1,7.301029995663981
COc1cc2c(Nc3ccc(Br)c(Cl)c3F)ncnc2cc1OC[C@@H]1CN(C)CC(=O)N1C,7.301029995663981
COc1cc2c(Nc3ccc(Cl)c(Cl)c3F)ncnc2cc1OC[C@@H]1CN(C)CC(=O)N1C,7.301029995663981
COc1cc2c(Nc3ccc(Br)c(Cl)c3)ncnc2cc1OC1=CO[C@H]2[C@H]1OC[C@@]21COC(C)(C)O1,6.0
COc1cc2c(Nc3ccc(Br)c(Cl)c3)ncnc2cc1O[C@@H]1CO[C@H]2[C@@H]1OC[C@@H]2OS(C)(=O)=O,6.0
COc1cc2c(Nc3ccc(Br)c(Cl)c3)ncnc2cc1O[C@@H]1CO[C@H]2[C@@H]1OC[C@@H]2O,6.0
COc1cc2c(Nc3ccc(Br)c(Cl)c3)ncnc2cc1O[C@H]1CO[C@H]2[C@@H]1OC[C@@H]2SC,6.0
COc1cc2c(Nc3ccc(Br)c(Cl)c3)ncnc2cc1O[C@H]1CO[C@H]2[C@@H]1OC[C@@H]2N1CCOCC1,6.0
COc1cc2c(Nc3ccc(Br)c(Cl)c3)ncnc2cc1O[C@H]1CO[C@H]2[C@@H]1OC[C@@H]2N1CCN(C)CC1,6.0
COc1cc2c(Nc3ccc(Br)c(Cl)c3)ncnc2cc1O[C@H]1CO[C@H]2[C@@H]1OC[C@@H]2N1CCCC1,6.0
COc1cc2c(Nc3ccc(Br)c(Cl)c3)ncnc2cc1O[C@H]1CO[C@H]2[C@@H]1OC[C@@H]2OC(C)=O,6.0
COc1cc2c(Nc3ccc(Br)c(Cl)c3)ncnc2cc1O[C@H]1CO[C@H]2[C@@H]1OC[C@@H]2O,6.0
COc1cc2c(Nc3ccc(Br)c(Cl)c3)ncnc2cc1O[C@H]1CO[C@H]2[C@@H]1OC[C@@H]2S(C)(=O)=O,6.0
COc1cc2c(Nc3ccc(Br)c(Cl)c3)ncnc2cc1O[C@H]1CO[C@H]2[C@@H]1OC[C@@H]2N,6.0
CN[C@H]1CO[C@H]2[C@@H]1OC[C@@H]2Oc1cc2ncnc(Nc3ccc(Br)c(Cl)c3)c2cc1OC,6.0
CCN(CC)[C@H]1CO[C@H]2[C@@H]1OC[C@@H]2Oc1cc2ncnc(Nc3ccc(Br)c(Cl)c3)c2cc1OC,7.301029995663981
COc1cc2c(Nc3ccc(Br)c(Cl)c3)ncnc2cc1O[C@H]1CO[C@H]2[C@@H]1OC[C@@H]2N1CCCCC1,6.0
COc1cc2c(Nc3ccc(Br)c(Cl)c3)ncnc2cc1O[C@H]1CO[C@H]2[C@@H]1OC[C@@H]2NC(C)=O,6.0
COc1cc2c(Nc3ccc(Br)c(Cl)c3)ncnc2cc1O[C@@H]1CO[C@H]2[C@@H]1OC[C@@H]2NC(F)(F)F,6.0
COc1cc2c(Nc3ccc(Br)c(Cl)c3)ncnc2cc1O[C@@H]1CO[C@H]2[C@@H]1OC[C@@H]2NS(C)(=O)=O,6.0
COc1cc2c(Nc3ccc(Br)c(Cl)c3)ncnc2cc1OC1CCN(C)C1,7.301029995663981
COc1cc2c(Nc3ccc(Br)c(Cl)c3)ncnc2cc1O[C@@H]1CCOC1,7.301029995663981
COc1cc2c(Nc3cccc(Cl)c3F)ncnc2cc1O[C@H]1CO[C@H]2[C@@H]1OC[C@@H]2F,6.0
COc1cc2c(N[C@H]3COC[C@@H]3OC)ncnc2cc1O[C@H]1CO[C@H]2[C@@H]1OC[C@@H]2O,6.0
COc1cc2c(Nc3ccc(N4CCN(C)CC4)cc3)ncnc2cc1O[C@H]1CO[C@H]2[C@@H]1OC[C@@H]2F,6.0
COc1cc2c(Nc3ccc(N4CCN(C)C(F)C4)cc3)ncnc2cc1O[C@H]1CO[C@H]2[C@@H]1OC[C@@H]2F,6.0
COc1cc2c(Nc3ccc(N4CCN(C)CC4)c(Cl)c3Cl)ncnc2cc1O[C@H]1CO[C@H]2[C@@H]1OC[C@@H]2F,6.0
COc1cc2c(Nc3ccc(Cl)c(Cl)c3N3CCN(C)CC3)ncnc2cc1O[C@H]1CO[C@H]2[C@@H]1OC[C@@H]2F,6.0
COc1cc2c(Nc3ccc(Br)c(Cl)c3)ncnc2cc1O[C@@H]1CO[C@H]2[C@@H]1OC[C@@H]2C(F)(F)F,6.0
CS(=N)(=O)c1ccc(Nc2ncc(Br)c(Nc3ccccc3)n2)cc1,7.214670164989233
C[C@@H](O)[C@@H](C)Oc1nc(Nc2ccc(S(=O)(=O)C3CC3)cc2)ncc1C(F)(F)F,7.292429823902063
C[C@@H](O)[C@@H](C)Oc1nc(Nc2ccc(S(C)(=O)=O)cc2)ncc1C(F)(F)F,7.036212172654444
C[C@@H](Oc1nc(Nc2ccc(S(C)(=O)=O)cc2)ncc1C(F)(F)F)C(C)(C)O,6.721246399047171
C=CC(=O)Nc1cc2c(Nc3ccc(Br)cc3F)ncnc2cc1OCCOCCOC(=O)CC(=O)OCC,6.006563769502388
C=CC(=O)Nc1cc2c(Nc3ccc(Br)cc3F)ncnc2cc1OCCOCCOC(=O)CC(=O)O,6.554395796726403
C=CC(=O)Nc1cc2c(Nc3ccc(Br)cc3F)ncnc2cc1OCC(C)NC(=O)CN(C)C,6.363512103646634
C=CC(=O)Nc1cc2c(Nc3ccc(Br)cc3F)ncnc2cc1OCC(NC(=O)CN(C)C)C(C)C,5.0
Cc1ccc(NC(=O)c2ccc(NC(=O)/C=C/CN(C)C)c(C(F)(F)F)c2)cc1Nc1nccc(-c2cccnc2)n1,5.346787486224656
Cc1ccc(Nc2nc(N[C@@H]3CCOC[C@@H]3N)ncc2C(N)=O)cc1,5.102372908709558
C=CC(=O)Nc1ccc(C(=O)Nc2ccc(C)c(Nc3nccc(-c4cccnc4)n3)c2)cc1C(F)(F)F,5.522878745280337
C=CC(=O)NCc1ccc(C(=O)Nc2ccc(C)c(Nc3nccc(-c4cccnc4)n3)c2)cc1,5.0
C=CS(=O)(=O)Nc1ccc(C(=O)Nc2ccc(C)c(Nc3nccc(-c4cccnc4)n3)c2)cc1,5.657577319177793
C=CC(=O)N1CCc2cc(C(=O)Nc3ccc(C)c(Nc4nccc(-c5cccnc5)n4)c3)ccc2C1,5.0
C=CC(=O)Nc1ccc(C(=O)Nc2ccc(C)c(Nc3nc(C)cc(-c4cccnc4)n3)c2)cc1,5.522878745280337
Cc1ccc(C(=O)Nc2ccc(NC(=O)/C=C/CN(C)C)c(C(F)(F)F)c2)cc1Nc1nccc(-c2cccnc2)n1,5.0915149811213505
Cc1ccc(C(=O)Nc2ccc(NC(=O)CCl)c(C(F)(F)F)c2)cc1Nc1nccc(-c2cccnc2)n1,5.6777807052660805
O=C(NCC(F)(F)F)Nc1cccc(-c2cnc3cc(-c4ncccn4)ccn23)c1,6.369572124974976
Nc1ccn2c(-c3cccc(NC(=O)NCC(F)(F)F)c3)cnc2c1,5.073143291050307
O=C(NCC(F)(F)F)Nc1cccc(-c2cnc3cc(-c4nnc(C5CCCO5)s4)ccn23)c1,7.345823458122039
CCOC(=O)C(C)(C)n1cc(-c2ccn3c(-c4cccc(NC(=O)NCC(F)(F)F)c4)cnc3c2)cn1,7.3872161432802645
O=C(NCC(F)(F)F)Nc1cccc(-c2cnc3cc(-c4ccccn4)ccn23)c1,7.431798275933005
O=C(NCC(F)(F)F)Nc1cccc(-c2cnc3cc(-c4cnn(C5CCNCC5)c4)ccn23)c1,7.97469413473523
CC(C)(C(=O)O)n1cc(-c2ccn3c(-c4cccc(NC(=O)NCC(F)(F)F)c4)cnc3c2)cn1,7.174573882232177
CN1CCC(n2cc(-c3ccn4c(-c5cccc(NC(=O)NCC(F)(F)F)c5)cnc4c3)cn2)CC1,7.872895201635193
O=C(NCC(F)(F)F)Nc1cccc(-c2cnc3cc(-c4ccc(N5CCCCC5)nn4)ccn23)c1,7.698970004336019
O=C(NCC(F)(F)F)Nc1cccc(-c2cnc3cc(-c4nc5c(s4)CCC5)ccn23)c1,7.603800652904264
Cc1nccn1-c1ccn2c(-c3cccc(NC(=O)NCC(F)(F)F)c3)cnc2c1,5.872895201635193
N=C(/C=C/CN)c1ccn2c(-c3cccc(NC(=O)NCC(F)(F)F)c3)cnc2c1,7.090443970758825
CC(C)(CO)n1cc(-c2ccn3c(-c4cccc(NC(=O)NCC(F)(F)F)c4)cnc3c2)cn1,7.4089353929735005
O=C(NCC(F)(F)F)Nc1cccc(-c2cnc3cc(C#Cc4cccnc4)ccn23)c1,6.657577319177793
CN1CCN(c2ccc(-c3ccn4c(-c5cccc(NC(=O)NCC(F)(F)F)c5)cnc4c3)nn2)CC1,7.876148359032914
Cn1cncc1C#Cc1ccn2c(-c3cccc(NC(=O)NCC(F)(F)F)c3)cnc2c1,6.94692155651658
CN(C)CC#Cc1ccn2c(-c3cccc(NC(=O)NCC(F)(F)F)c3)cnc2c1,6.709965388637482
N=C(C/C=C(\N)c1ccn2c(-c3cccc(NC(=O)NCC(F)(F)F)c3)cnc2c1)N1CCOCC1,7.939302159646388
O=C(NCC(F)(F)F)Nc1cccc(-c2cnc3cc(C#Cc4ccsc4)ccn23)c1,6.022276394711152
O=C(NCC(F)(F)F)Nc1cccc(-c2cnc3cc(-c4nnc(C(F)(F)F)s4)ccn23)c1,7.187086643357144
CC(O)C#Cc1ccn2c(-c3cccc(NC(=O)NCC(F)(F)F)c3)cnc2c1,6.703334809738469
O=C(NCC(F)(F)F)Nc1cccc(-c2cnc3cc(C#CCCO)ccn23)c1,6.45717457304082
O=C(NCC(F)(F)F)Nc1cncc(-c2cnc3cc(-c4cccnn4)ccn23)c1,6.958607314841775
Cc1ccc(-c2ccn3c(-c4cncc(NC(=O)NCC(F)(F)F)c4)cnc3c2)nn1,7.094743951251549
O=C(NCC(F)(F)F)Nc1cccc(-c2cnc3cc(-c4nnc(CCN5CCCCC5)s4)ccn23)c1,8.105130343254748
N=C(C/C=C(\N)c1ccn2c(-c3cccc(NC(=O)NCC(F)(F)F)c3)cnc2c1)N1CCNCC1,8.024568191490737
O=C(NCC(F)(F)F)Nc1cncc(-c2cnc3cc(-c4nncs4)ccn23)c1,7.049148541111453
O=C(Nc1cccc(-c2cnc3cc(Cl)ccn23)c1)NC1CC1,5.293282217663241
O=C(NCC(F)(F)F)Nc1cccc(-c2cnc3cc(C#CCO)ccn23)c1,6.318758762624412
Cc1cc(=O)n2nc(-c3ccn4c(-c5cccc(NC(=O)NCC(F)(F)F)c5)cnc4c3)sc2n1,6.568636235841013
O=C(Nc1cccc(-c2cnc3cc(-c4ccc(F)cc4)ccn23)c1)NC1CC1,6.856985199745905
O=C(NCC(F)(F)F)Nc1cncc(-c2cnc3cc(C#CC4CC4)ccn23)c1,6.570247719997592
O=C(NCC(F)(F)F)Nc1cccc(-c2cnc3cc(-c4cnccn4)ccn23)c1,6.838631997765025
O=C(NCC(F)(F)F)Nc1cncc(-c2cnc3cc(Cl)ccn23)c1,5.585026652029182
CC(C)N1CC(/N=C/C(C=N)c2ccn3c(-c4cccc(NC(=O)NCC(F)(F)F)c4)cnc3c2)C1,7.950781977329818
O=C(NCC(F)(F)F)Nc1cccc(-c2cnc3cc(-c4ccc(Cl)nn4)ccn23)c1,7.292429823902063
O=C(NCC(F)(F)F)Nc1cccc(-c2cnc3cc(-c4ccncn4)ccn23)c1,7.2225731776106885
O=C(NCC(F)(F)F)Nc1cncc(-c2cnc3cc(-c4ncccn4)ccn23)c1,6.120904120499927
CN(C)C1CCN(c2ccc(-c3ccn4c(-c5cccc(NC(=O)NCC(F)(F)F)c5)cnc4c3)nn2)CC1,8.042871802323187
O=C(NCC(F)(F)F)Nc1cccc(-c2cnc3cc(-c4cnn(C5CNC5)c4)ccn23)c1,7.8996294548824375
CN1CCCC(/N=C/C(C=N)c2ccn3c(-c4cccc(NC(=O)NCC(F)(F)F)c4)cnc3c2)C1,7.886056647693163
CC(C)(C)OC(=O)N1CCCC(n2cc(-c3ccn4c(-c5cccc(NC(=O)NCC(F)(F)F)c5)cnc4c3)cn2)C1,7.323306390375134
O=C(NCC(F)(F)F)Nc1cccc(-c2cnc3cc(-c4cnn(C5CCCNC5)c4)ccn23)c1,7.97469413473523
CN1CC(n2cc(-c3ccn4c(-c5cccc(NC(=O)NCC(F)(F)F)c5)cnc4c3)cn2)C1,7.795880017344075
O=C(NCC(F)(F)F)Nc1cccc(-c2cnc3cc(-c4cncnc4)ccn23)c1,6.226945306635737
NC(=O)c1sccc1-c1ccn2c(-c3cccc(NC(=O)NCC(F)(F)F)c3)cnc2c1,6.54515513999149
CCN1CCC(/N=C/C(C=N)c2ccn3c(-c4cccc(NC(=O)NCC(F)(F)F)c4)cnc3c2)C1,7.958607314841775
O=C(NCC(F)(F)F)Nc1cccc(-c2cnc3cc(-c4cnn(C5CCNC5)c4)ccn23)c1,7.987162775294828
O=C(NCC(F)(F)F)Nc1cccc(-c2cnc3cc(-c4nccc(C(F)(F)F)n4)ccn23)c1,5.920818753952375
O=C(NCC(F)(F)F)Nc1cccc(-c2cnc3cc(-c4cnn(C5CCOC5)c4)ccn23)c1,7.809668301829708
COc1cc(OC)nc(-c2ccn3c(-c4cccc(NC(=O)NCC(F)(F)F)c4)cnc3c2)n1,4.522878745280337
O=C(NCC(F)(F)F)Nc1cccc(-c2cnc3cc(-c4ccc(N5CCCCC5)nc4)ccn23)c1,7.025028005701931
COc1ccc(-c2ccn3c(-c4cccc(NC(=O)NCC(F)(F)F)c4)cnc3c2)nn1,7.501689446210399
O=C(NCC(F)(F)F)Nc1cccc(-c2cnc3cc(-c4ccc(=O)[nH]n4)ccn23)c1,7.431798275933005
O=C(NCC(F)(F)F)Nc1cccc(-c2cnc3cc(-c4nc5c(s4)CNCC5)ccn23)c1,8.105130343254748
CC(C)(C)OC(=O)N1CCc2nc(-c3ccn4c(-c5cccc(NC(=O)NCC(F)(F)F)c5)cnc4c3)sc2C1,7.739928612014925
CC(C)(C)OC(=O)N1CCC(/N=C/C(C=N)c2ccn3c(-c4cncc(NC(=O)NCC(F)(F)F)c4)cnc3c2)CC1,7.7447274948966935
Cn1cc(C#Cc2ccn3c(-c4cccc(NC(=O)NCC(F)(F)F)c4)cnc3c2)cn1,6.638272163982407
C/N=C/C(C(=N)CN)c1ccn2c(-c3cccc(NC(=O)NCC(F)(F)F)c3)cnc2c1,6.454692883534176
Cc1cnc(-c2ccn3c(-c4cccc(NC(=O)NCC(F)(F)F)c4)cnc3c2)nc1,6.376750709602099
Cc1ccnc(-c2ccn3c(-c4cccc(NC(=O)NCC(F)(F)F)c4)cnc3c2)n1,6.2020403562628035
O=C(NCC(F)(F)F)Nc1cccc(-c2cnc3cc(-c4ncc(F)cn4)ccn23)c1,6.455931955649724
Cc1nccc(-c2ccn3c(-c4cccc(NC(=O)NCC(F)(F)F)c4)cnc3c2)n1,7.110698297493689
Cn1nc(-c2ccn3c(-c4cccc(NC(=O)NCC(F)(F)F)c4)cnc3c2)ccc1=O,7.4698003017969175
CC(=O)N1CCC(n2cc(-c3ccn4c(-c5cccc(NC(=O)NCC(F)(F)F)c5)cnc4c3)cn2)CC1,8.096910013008056
Cc1ncc(C#Cc2ccn3c(-c4cccc(NC(=O)NCC(F)(F)F)c4)cnc3c2)n1C,6.903089986991944
CN1CCC(O)(C#Cc2ccn3c(-c4cccc(NC(=O)NCC(F)(F)F)c4)cnc3c2)CC1,6.958607314841775
O=C(NCC(F)(F)F)Nc1cccc(-c2cnc3cc(-c4ccc(NC5CCOCC5)nn4)ccn23)c1,7.886056647693163
O=C(NCC(F)(F)F)Nc1cccc(-c2cnc3cc(-c4ccc(NCCO)nn4)ccn23)c1,7.844663962534938
CCN(CC)CCNC(=O)C(C)(C)/N=C/C(C=N)c1ccn2c(-c3cccc(NC(=O)NCC(F)(F)F)c3)cnc2c1,7.4089353929735005
CNC(=O)C(C)(C)/N=C/C(C=N)c1ccn2c(-c3cccc(NC(=O)NCC(F)(F)F)c3)cnc2c1,7.294136287716081
CN(C)C(=O)C(C)(C)/N=C/C(C=N)c1ccn2c(-c3cccc(NC(=O)NCC(F)(F)F)c3)cnc2c1,7.681936665037238
CC(C)(C(=O)NC1CC1)n1cc(-c2ccn3c(-c4cccc(NC(=O)NCC(F)(F)F)c4)cnc3c2)cn1,7.259637310505756
CC(C)(/N=C/C(C=N)c1ccn2c(-c3cccc(NC(=O)NCC(F)(F)F)c3)cnc2c1)C(N)=O,7.323306390375134
CC(C)(C(=O)N1CCC1)n1cc(-c2ccn3c(-c4cccc(NC(=O)NCC(F)(F)F)c4)cnc3c2)cn1,7.568636235841013
CS(=O)(=O)N1CCC(/N=C/C(C=N)c2ccn3c(-c4cccc(NC(=O)NCC(F)(F)F)c4)cnc3c2)CC1,7.886056647693163
NC1CCN(c2ccc(-c3ccn4c(-c5cccc(NC(=O)NCC(F)(F)F)c5)cnc4c3)nn2)CC1,8.050609993355087
CCNC(=O)Nc1ncc(-c2cnc3cc(Cl)ccn23)s1,5.823908740944319
CN1CCC(Nc2ccc(-c3ccn4c(-c5cccc(NC(=O)NCC(F)(F)F)c5)cnc4c3)nn2)CC1,7.886056647693163
Cc1cc2ncc(-c3cccc(NC(=O)NCC(F)(F)F)c3)n2cc1C,5.568636235841013
O=C(NCC(F)(F)F)Nc1cccc(-c2cnc3cc(-c4cccnc4)ccn23)c1,7.229884705212898
CN1CCN(c2ncc(-c3ccn4c(-c5cccc(NC(=O)NCC(F)(F)F)c5)cnc4c3)cn2)CC1,7.134303940083929
COCCNc1ccc(-c2ccn3c(-c4cccc(NC(=O)NCC(F)(F)F)c4)cnc3c2)nn1,7.752026733638194
CC(C)(CO)Nc1ccc(-c2ccn3c(-c4cccc(NC(=O)NCC(F)(F)F)c4)cnc3c2)nn1,7.826813731587726
O=C(NCC(F)(F)F)Nc1cccc(-c2cnc3cc(-c4ccc(N5CCC5)nn4)ccn23)c1,7.903089986991944
O=C(NCC(F)(F)F)Nc1cccc(-c2cnc3cc(-c4ccncc4)ccn23)c1,7.488116639021126
Nc1nccnc1-c1ccn2c(-c3cccc(NC(=O)NCC(F)(F)F)c3)cnc2c1,5.785156151952302
Nc1cnc(-c2ccn3c(-c4cccc(NC(=O)NCC(F)(F)F)c4)cnc3c2)cn1,6.928117992693875
Cn1ccc(C#Cc2ccn3c(-c4cccc(NC(=O)NCC(F)(F)F)c4)cnc3c2)n1,6.823908740944319
O=C(NCC(F)(F)F)Nc1cccc(-c2cnc3cc(-c4cnc(N5CC(F)(F)C5)nc4)ccn23)c1,6.638272163982407
O=C(NCC(F)(F)F)Nc1cccc(-c2cnc3cc(-c4ccnnc4)ccn23)c1,6.886056647693163
COc1cnc(-c2ccn3c(-c4cccc(NC(=O)NCC(F)(F)F)c4)cnc3c2)cn1,6.721246399047171
COc1cncc(-c2ccn3c(-c4cccc(NC(=O)NCC(F)(F)F)c4)cnc3c2)n1,6.628932137728263
Cc1ccc(-c2ccn3c(-c4cccc(NC(=O)NCC(F)(F)F)c4)cnc3c2)nc1,7.570247719997592
O=C(NCC(F)(F)F)Nc1cccc(-c2cnc3cc(-c4ccc(CO)cn4)ccn23)c1,7.5376020021010435
Cc1cnc(-c2ccn3c(-c4cccc(NC(=O)NCC(F)(F)F)c4)cnc3c2)cn1,6.619788758288394
O=C1CN(c2ncc(-c3ccn4c(-c5cccc(NC(=O)NCC(F)(F)F)c5)cnc4c3)cn2)CCN1,7.078833949362261
O=C1CN(c2ccc(-c3ccn4c(-c5cccc(NC(=O)NCC(F)(F)F)c5)cnc4c3)nn2)CCN1,7.920818753952375
O=C(NCC(F)(F)F)Nc1cccc(-c2cnc3cc(-c4ccc(F)cn4)ccn23)c1,7.297569463554475
Cc1ccnc(-c2ccn3c(-c4cccc(NC(=O)NCC(F)(F)F)c4)cnc3c2)c1,7.060980223551334
Cc1cccc(-c2ccn3c(-c4cccc(NC(=O)NCC(F)(F)F)c4)cnc3c2)n1,7.2343314452409855
CCOc1cccc(-c2ccn3c(-c4cccc(NC(=O)NCC(F)(F)F)c4)cnc3c2)n1,6.7447274948966935
Cc1cncc(-c2ccn3c(-c4cccc(NC(=O)NCC(F)(F)F)c4)cnc3c2)n1,6.482804102050026
COc1cccc(-c2ccn3c(-c4cccc(NC(=O)NCC(F)(F)F)c4)cnc3c2)n1,7.102372908709558
Nc1nc(-c2ccn3c(-c4cccc(NC(=O)NCC(F)(F)F)c4)cnc3c2)ncc1F,6.5718652059712115
O=C(NCC(F)(F)F)Nc1cccc(-c2cnc3cc(-c4cc(F)ccn4)ccn23)c1,6.886056647693163
Cc1cccnc1-c1ccn2c(-c3cccc(NC(=O)NCC(F)(F)F)c3)cnc2c1,6.568636235841013
Cc1nnc(-c2ccn3c(-c4cccc(NC(=O)NCC(F)(F)F)c4)cnc3c2)nc1C,6.481486060122113
O=C(NCC(F)(F)F)Nc1cccc(-c2cnc3cc(-c4c[nH]c(=O)cn4)ccn23)c1,6.7447274948966935
Nc1cccc(-c2ccn3c(-c4cccc(NC(=O)NCC(F)(F)F)c4)cnc3c2)n1,7.669586226650809
O=C(NCC(F)(F)F)Nc1cccc(-c2cnc3cc(-c4cccc(CCO)c4)ccn23)c1,7.489454989793388
Nc1ccnc(-c2ccn3c(-c4cccc(NC(=O)NCC(F)(F)F)c4)cnc3c2)c1,7.309803919971486
O=C(NCC(F)(F)F)Nc1cccc(-c2cnc3cc(-c4nccc(N5CCC(O)CC5)n4)ccn23)c1,6.400116927926312
Nc1ccnc(-c2ccn3c(-c4cccc(NC(=O)NCC(F)(F)F)c4)cnc3c2)n1,6.504455662453552
O=C(NCC(F)(F)F)Nc1cccc(-c2cnc3cc(-c4ccc(CCO)cc4)ccn23)c1,7.501689446210399
CN(C)c1ccc(-c2ccn3c(-c4cccc(NC(=O)NCC(F)(F)F)c4)cnc3c2)nn1,8.108462542327436
NC(=O)Nc1cccc(-c2cnc3cc(Cl)ccn23)c1,5.860120913598763
CN(C)c1ccnc(-c2ccn3c(-c4cccc(NC(=O)NCC(F)(F)F)c4)cnc3c2)n1,6.416801226031377
Cn1cncc1CCc1ccn2c(-c3cccc(NC(=O)NCC(F)(F)F)c3)cnc2c1,6.072116589669293
O=C(NCC(F)(F)F)Nc1cccc(-c2cnc3cc(-c4ccc(CCO)cn4)ccn23)c1,7.732828271596986
O=C(NCC(F)(F)F)Nc1cncc(-c2cnc3cc(-c4cnn(C5CNC5)c4)ccn23)c1,7.872895201635193
Nc1ccc(-c2ccn3c(-c4cccc(NC(=O)NCC(F)(F)F)c4)cnc3c2)nc1,7.718966632752273
Nc1cccnc1-c1ccn2c(-c3cccc(NC(=O)NCC(F)(F)F)c3)cnc2c1,5.995678626217358
Cc1cnnc(-c2ccn3c(-c4cccc(NC(=O)NCC(F)(F)F)c4)cnc3c2)n1,6.341988603342887
O=C(NCC(F)(F)F)Nc1cccc(-c2cnc3cc(-c4ccc(=O)n(CCO)n4)ccn23)c1,7.4156687756324695
O=C(NCC(F)(F)F)Nc1cncc(-c2cnc3cc(-c4cnn(C5CCNCC5)c4)ccn23)c1,7.815308569182402
O=C(NCC(F)(F)F)Nc1cccc(-c2cnc3cc(-c4ccc(OC5CCNCC5)nn4)ccn23)c1,7.404503778174426
COc1ncccc1-c1ccn2c(-c3cccc(NC(=O)NCC(F)(F)F)c3)cnc2c1,6.235823867609669
Cc1cc(Cl)nnc1-c1ccn2c(-c3cccc(NC(=O)NCC(F)(F)F)c3)cnc2c1,6.3325470471100465
Cc1cc(-c2ccn3c(-c4cccc(NC(=O)NCC(F)(F)F)c4)cnc3c2)nnc1Cl,6.723538195826756
COc1cnc(Cl)nc1-c1ccn2c(-c3cccc(NC(=O)NCC(F)(F)F)c3)cnc2c1,6.008773924307505
CC(=O)N1CCN(c2ccc(-c3ccn4c(-c5cccc(NC(=O)NCC(F)(F)F)c5)cnc4c3)cn2)CC1,7.8696662315049934
CN(C)CCCOc1ccc(-c2ccn3c(-c4cccc(NC(=O)NCC(F)(F)F)c4)cnc3c2)cn1,7.452225294612178
O=C(NCC(F)(F)F)Nc1cccc(-c2cnc3cc(-c4ccc(OC5CCCNC5)nn4)ccn23)c1,7.607303046740334
CNc1ccc(-c2ccn3c(-c4cccc(NC(=O)NCC(F)(F)F)c4)cnc3c2)nn1,7.798602875679548
COc1cncnc1-c1ccn2c(-c3cccc(NC(=O)NCC(F)(F)F)c3)cnc2c1,6.341988603342887
O=C(NCC(F)(F)F)Nc1cccc(-c2cnc3cc(-c4ccc(N5CCCC(O)C5)nn4)ccn23)c1,8.011887159731648
Cc1cc(-c2ccn3c(-c4cccc(NC(=O)NCC(F)(F)F)c4)cnc3c2)cnc1N(C)C(=O)OC(C)(C)C,6.804100347590766
O=C(NCC(F)(F)F)Nc1cccc(-c2cnc3cc(-c4nccnn4)ccn23)c1,6.3487219860018556
CNc1ncc(-c2ccn3c(-c4cccc(NC(=O)NCC(F)(F)F)c4)cnc3c2)cc1C,7.011887159731648
CCNC(=O)Nc1cccc(-c2cnc3cc(C#Cc4cncn4C)ccn23)c1,6.496209316942819
COc1ccnc(-c2ccn3c(-c4cccc(NC(=O)NCC(F)(F)F)c4)cnc3c2)n1,6.343901797987168
CCNC(=O)Nc1cccc(-c2cnc3cc(-c4ncccn4)ccn23)c1,5.860120913598763
CCNC(=O)Nc1cccc(-c2cnc3cc(-c4ncc(F)c(N)n4)ccn23)c1,6.167491087293763
O=C(NCC(F)(F)F)Nc1cccc(-c2cnc3cc(-c4ncc(F)c(NCCO)n4)ccn23)c1,6.230622673923862
Cn1cncc1C#Cc1ccn2c(-c3cccc(NC(=O)NC4CC4)c3)cnc2c1,6.525783735923745
Nc1nc(-c2ccn3c(-c4cccc(NC(=O)NC5CC5)c4)cnc3c2)ncc1F,6.241088107602026
NC(=O)Nc1cccc(-c2cnc3cc(-c4ncc(F)c(N)n4)ccn23)c1,6.628932137728263
Cc1cnnc(-c2ccn3c(-c4cccc(NC(=O)NCC(F)(F)F)c4)cnc3c2)c1,6.943095148663527
Nc1nc(-c2ccn3c(-c4cncc(NC(=O)NCC(F)(F)F)c4)cnc3c2)ncc1F,6.478861916295964
Cc1nnc(-c2ccn3c(-c4cccc(NC(N)=O)c4)cnc3c2)o1,6.163675884293248
O=C(Nc1cccc(-c2cnc3cc(-c4ncccn4)ccn23)c1)NC1CC1,5.661543506395395
NC(=O)Nc1cccc(-c2cnc3cc(-c4ncccn4)ccn23)c1,6.151195298948196
NC(=O)Nc1cccc(-c2cnc3cc(-c4nncs4)ccn23)c1,7.130768280269024
COCCc1nnc(-c2ccn3c(-c4cccc(NC(=O)NCC(F)(F)F)c4)cnc3c2)s1,7.621602099051862
Cn1cncc1C#Cc1ccn2c(-c3cncc(NC(=O)NCC(F)(F)F)c3)cnc2c1,4.522878745280337
Cn1cncc1C#Cc1ccn2c(-c3cc(NC(=O)NCC(F)(F)F)ccc3F)cnc2c1,6.701146923590294
CN(C)c1nc(-c2ccn3c(-c4cccc(NC(=O)NCC(F)(F)F)c4)cnc3c2)ncc1F,6.2839966563652006
Nc1cnc(-c2ccn3c(-c4cccc(NC(=O)NCC(F)(F)F)c4)cnc3c2)nc1Cl,5.954677021213342
Cc1cc(C)nc(-c2ccn3c(-c4cccc(NC(=O)NCC(F)(F)F)c4)cnc3c2)c1,6.882728704344236
Cc1cc(N)nc(-c2ccn3c(-c4cccc(NC(=O)NCC(F)(F)F)c4)cnc3c2)n1,6.468521082957745
Cc1nc(-c2ccn3c(-c4cccc(NC(=O)NCC(F)(F)F)c4)cnc3c2)ccc1F,7.200659450546418
COc1cnc(-c2ccn3c(-c4cccc(NC(=O)NCC(F)(F)F)c4)cnc3c2)nc1N,6.450996737974212
Nc1cnc(-c2ccn3c(-c4cccc(NC(=O)NCC(F)(F)F)c4)cnc3c2)nc1,6.347753658996677
COc1cnc(-c2ccn3c(-c4cccc(NC(=O)NCC(F)(F)F)c4)cnc3c2)nc1,6.585026652029182
Cc1cnc(-c2ccn3c(-c4cccc(NC(=O)NCC(F)(F)F)c4)cnc3c2)nc1N,6.377785977033705
Cc1cnc(N)nc1-c1ccn2c(-c3cccc(NC(=O)NCC(F)(F)F)c3)cnc2c1,6.407823242604133
NC(=O)Nc1cccc(-c2cnc3cc(-c4ccc(F)cc4)ccn23)c1,7.3655227298392685
CCNc1nc(-c2ccn3c(-c4cccc(NC(=O)NCC(F)(F)F)c4)cnc3c2)ncc1F,6.0
Cn1cncc1C#Cc1ccn2c(-c3cccc(NC(N)=O)c3)cnc2c1,7.020451625295905
O=C(Nc1cccc(-c2cnc3cc(-c4nncs4)ccn23)c1)NC1CC1,6.761953896871205
Nc1nc(-c2ccn3c(-c4cccc(NC(=O)NCC(F)(F)F)c4)cnc3c2)ncc1C(F)(F)F,6.318758762624412
Nc1ncc(C(F)(F)F)c(-c2ccn3c(-c4cccc(NC(=O)NCC(F)(F)F)c4)cnc3c2)n1,5.0
O=C(NCC(F)(F)F)Nc1cccc(-c2cnc3cc(-c4ncc(F)c(NC5CC5)n4)ccn23)c1,5.920818753952375
COc1nccc(-c2ccn3c(-c4cccc(NC(=O)NCC(F)(F)F)c4)cnc3c2)n1,6.454692883534176
NCCNc1nc(-c2ccn3c(-c4cccc(NC(=O)NCC(F)(F)F)c4)cnc3c2)ncc1F,6.189095719331299
COc1cc(-c2ccn3c(-c4cccc(NC(=O)NCC(F)(F)F)c4)cnc3c2)ncn1,6.823908740944319
O=C(NCC(F)(F)F)Nc1cccc(-c2cnc3cc(-c4cc(=O)[nH]cn4)ccn23)c1,6.619788758288394
O=C(NCC(F)(F)F)Nc1cccc(-c2cnc3cc(-c4nnc(CCO)s4)ccn23)c1,7.721246399047171
Cc1nnc(-c2ccn3c(-c4cccc(NC(=O)NC5CC5)c4)cnc3c2)o1,6.154901959985743
NC(=O)c1ccnc(-c2ccn3c(-c4cccc(NC(=O)NCC(F)(F)F)c4)cnc3c2)n1,6.767003889607846
O=C(NCC(F)(F)F)Nc1cccc(-c2cnc3cc(-c4nccc(N5CCNCC5)n4)ccn23)c1,6.585026652029182
Nc1nc(-c2ccn3c(-c4cc(NC(=O)NCC(F)(F)F)cc(OC5CCCC5)c4)cnc3c2)ncc1F,4.0
O=C(NCC(F)(F)F)Nc1cccc(-c2cnc3cc(/C=C/c4ccccn4)ccn23)c1,7.020451625295905
O=C(NCC(F)(F)F)Nc1cccc(-c2cnc3cc(/C=C/c4ccccn4)ccn23)c1,6.698970004336019
COc1ncc(-c2ccn3c(-c4cccc(NC(=O)NCC(F)(F)F)c4)cnc3c2)cc1C,6.7447274948966935
Cn1ccnc1/C=C/c1ccn2c(-c3cccc(NC(=O)NCC(F)(F)F)c3)cnc2c1,6.585026652029182
O=C(NCC(F)(F)F)Nc1cccc(-c2cnc3cc(-c4nccc(O)n4)ccn23)c1,5.42021640338319
Cn1ccnc1C#Cc1ccn2c(-c3cccc(NC(=O)NCC(F)(F)F)c3)cnc2c1,6.876148359032914
CC(C)n1ccnc1C#Cc1ccn2c(-c3cccc(NC(=O)NCC(F)(F)F)c3)cnc2c1,6.394694953858891
O=C(NCC(F)(F)F)Nc1cccc(-c2cnc3cc(-c4nc(NC5CCC5)ncc4C(F)(F)F)ccn23)c1,4.522878745280337
O=C(NCC(F)(F)F)Nc1cccc(-c2cnc3cc(-c4ncc(C(F)(F)F)c(NC5CCC5)n4)ccn23)c1,5.522878745280337
CC(C)(O)c1cccc(-c2ccn3c(-c4cccc(NC(=O)NCC(F)(F)F)c4)cnc3c2)c1,7.346787486224656
Cc1nc(-c2ccn3c(-c4cccc(NC(=O)NCC(F)(F)F)c4)cnc3c2)cc(N2CCN(CCO)CC2)n1,6.1938200260161125
CNc1cc(-c2ccn3c(-c4cccc(NC(=O)NCC(F)(F)F)c4)cnc3c2)ncn1,7.431798275933005
Cn1ccnc1C#Cc1ccn2c(-c3cccc(NC(=O)NCC(F)(F)F)c3)cnc2c1,6.920818753952375
Cc1ccc(NC(=O)NCC(F)(F)F)cc1-c1cnc2cc(-c3ncc(F)c(N)n3)ccn12,5.0
Cn1cncc1/C=C/c1ccn2c(-c3cccc(NC(=O)NCC(F)(F)F)c3)cnc2c1,7.259637310505756
NC1CN(c2ccnc(-c3ccn4c(-c5cccc(NC(=O)NCC(F)(F)F)c5)cnc4c3)n2)C1,6.619788758288394
Cc1nc(-c2ccn3c(-c4cccc(NC(=O)NCC(F)(F)F)c4)cnc3c2)cc(N(C)C)n1,6.568636235841013
O=C(NCC(F)(F)F)Nc1cccc(-c2cnc3cc(-c4ccnc(C(F)(F)F)n4)ccn23)c1,6.769551078621726
Cc1cnc(-c2ccn3c(-c4cccc(NC(=O)NCC(F)(F)F)c4)cnc3c2)nc1N(C)C,6.2441251443275085
O=C(NCC(F)(F)F)Nc1cccc(-c2cnc3cc(-c4nccc(N5CCC5)n4)ccn23)c1,6.086186147616283
Cn1c(CO)cnc1C#Cc1ccn2c(-c3cccc(NC(=O)NCC(F)(F)F)c3)cnc2c1,6.886056647693163
O=C(NCC(F)(F)F)Nc1cccc(-c2cnc3cc(C#Cc4nccn4CCO)ccn23)c1,6.823908740944319
CC(C)(C)OC(=O)NCC1CCN(c2ccc(-c3ccn4c(-c5cccc(NC(=O)NCC(F)(F)F)c5)cnc4c3)cn2)CC1,6.769551078621726
O=C(NCC(F)(F)F)Nc1cccc(-c2cnc3cc(-c4ccc(O)cn4)ccn23)c1,7.6020599913279625
O=C(NCC(F)(F)F)Nc1cccc(-c2cnc3cc(-c4nccc(N5CC(O)C5)n4)ccn23)c1,6.2839966563652006
N#Cc1ccnc(-c2ccn3c(-c4cccc(NC(=O)NCC(F)(F)F)c4)cnc3c2)n1,6.080921907623926
COc1ccc(-c2ccn3c(-c4cccc(NC(=O)NCC(F)(F)F)c4)cnc3c2)nc1,7.568636235841013
CSc1nc(N)cc(-c2ccn3c(-c4cccc(NC(=O)NCC(F)(F)F)c4)cnc3c2)n1,7.229147988357855
O=C(NCC(F)(F)F)Nc1cccc(-c2cnc3cc(/C=C/CO)ccn23)c1,6.769551078621726
CNc1nc(-c2ccn3c(-c4cccc(NC(=O)NCC(F)(F)F)c4)cnc3c2)ncc1N,6.086186147616283
Nc1cnc(-c2ccn3c(-c4cccc(NC(=O)NCC(F)(F)F)c4)cnc3c2)nc1N,6.468521082957745
N#Cc1ccc(-c2ccn3c(-c4cccc(NC(=O)NCC(F)(F)F)c4)cnc3c2)nn1,7.301029995663981
NC(=O)c1ccc(-c2ccn3c(-c4cccc(NC(=O)NCC(F)(F)F)c4)cnc3c2)nc1,7.494850021680094
Cc1nc(N)cc(-c2ccn3c(-c4cccc(NC(=O)NCC(F)(F)F)c4)cnc3c2)n1,7.376750709602099
NC(=O)c1ccnc(-c2ccn3c(-c4cccc(NC(=O)NCC(F)(F)F)c4)cnc3c2)c1,6.522878745280337
CC(=O)N1CC(n2cc(-c3ccn4c(-c5cccc(NC(=O)NCC(F)(F)F)c5)cnc4c3)cn2)C1,6.522878745280337
O=C(NCC(F)(F)F)Nc1cccc(-c2cnc3cc(-c4nccc(-n5ccnc5)n4)ccn23)c1,7.920818753952375
CN(C)c1cc(-c2ccn3c(-c4cccc(NC(=O)NCC(F)(F)F)c4)cnc3c2)nc(C(F)(F)F)n1,6.552841968657781
O=C(NCC(F)(F)F)Nc1cccc(-c2cnc3cc(-c4ccnc(-n5ccnc5)n4)ccn23)c1,5.0
CCOC(=O)Nc1nc(-c2ccn3c(-c4cccc(NC(=O)NCC(F)(F)F)c4)cnc3c2)ncc1F,6.1938200260161125
CN(C)S(=O)(=O)n1ccnc1-c1ccnc(-c2ccn3c(-c4cccc(NC(=O)NCC(F)(F)F)c4)cnc3c2)n1,7.552841968657781
O=C(NCC(F)(F)F)Nc1cccc(-c2cnc3cc(-c4cnn(C5CN(CCO)C5)c4)ccn23)c1,6.0
CNc1cc(-c2ccn3c(-c4cccc(NC(=O)NCC(F)(F)F)c4)cnc3c2)nc(SC)n1,7.657577319177793
Cc1nc2cc(-c3ccn4c(-c5cccc(NC(=O)NCC(F)(F)F)c5)cnc4c3)ccc2s1,6.958607314841775
NCC1CCN(c2ccc(-c3ccn4c(-c5cccc(NC(=O)NCC(F)(F)F)c5)cnc4c3)cn2)CC1,8.0
CNC(=O)c1ccnc(-c2ccn3c(-c4cccc(NC(=O)NCC(F)(F)F)c4)cnc3c2)n1,6.823908740944319
O=C(NCC(F)(F)F)Nc1cccc(-c2cnc3cc(-c4nccc(N5CCN(CCO)CC5)n4)ccn23)c1,6.173925197299173
Nc1nnc(-c2ccn3c(-c4cccc(NC(=O)NCC(F)(F)F)c4)cnc3c2)s1,7.853871964321762
O=C(NCC(F)(F)F)Nc1cccc(-c2cnc3cc(-c4nccc(C(=O)N5CCOCC5)n4)ccn23)c1,6.508638306165727
CNC(=O)c1cc(C)nc(-c2ccn3c(-c4cccc(NC(=O)NCC(F)(F)F)c4)cnc3c2)n1,6.251811972993799
CNC(=O)c1ccc(-c2ccn3c(-c4cccc(NC(=O)NCC(F)(F)F)c4)cnc3c2)nc1,7.823908740944319
Cc1cn2nc(-c3ccn4c(-c5cccc(NC(=O)NCC(F)(F)F)c5)cnc4c3)sc2n1,7.853871964321762
Cc1cc(-c2ccn3c(-c4cccc(NC(=O)NCC(F)(F)F)c4)cnc3c2)nc(C(C)C)n1,7.080921907623926
Nc1nc(-c2ccn3c(-c4cccc(NC(=O)NCC(F)(F)F)c4)cnc3c2)ncc1OCCO,6.481486060122113
CCNc1nnc(-c2ccn3c(-c4cccc(NC(=O)NCC(F)(F)F)c4)cnc3c2)s1,8.070581074285707
CC(C)(O)c1ccc(-c2ccn3c(-c4cccc(NC(=O)NCC(F)(F)F)c4)cnc3c2)cc1,7.769551078621726
CCOC(=O)c1cnc(-c2ccn3c(-c4cccc(NC(=O)NCC(F)(F)F)c4)cnc3c2)nc1N,6.214670164989233
O=C(NCC(F)(F)F)Nc1cccc(-c2cnc3cc(-c4cc(C(F)(F)F)ncn4)ccn23)c1,6.619788758288394
CCNC(=O)Nc1cccc(-c2cnc3cc(-c4ccc(F)c(C)n4)ccn23)c1,6.958607314841775
CCNC(=O)Nc1cccc(-c2cnc3cc(-c4ncc(OC)cn4)ccn23)c1,6.853871964321762
COCCNc1nnc(-c2ccn3c(-c4cccc(NC(=O)NCC(F)(F)F)c4)cnc3c2)s1,8.031517051446064
Nc1cc(C(F)(F)F)nc(-c2ccn3c(-c4cccc(NC(=O)NCC(F)(F)F)c4)cnc3c2)n1,6.031517051446065
Nc1nc(-c2ccn3c(-c4cccc(NC(=O)NCC(F)(F)F)c4)cnc3c2)ncc1C(=O)O,6.468521082957745
Nc1nc(-c2ccn3c(-c4cccc(NC(=O)NCC(F)(F)F)c4)cnc3c2)ccc1C(F)(F)F,6.102372908709558
O=C(NCC(F)(F)F)Nc1cccc(-c2cnc3cc(-c4cnc(C(F)(F)F)nc4)ccn23)c1,7.200659450546418
CN(C)S(=O)(=O)NCC1CCN(c2ccc(-c3ccn4c(-c5cccc(NC(=O)NCC(F)(F)F)c5)cnc4c3)cn2)CC1,7.455931955649724
NC1CCN(c2ccc(-c3ccn4c(-c5cccc(NC(=O)NCC(F)(F)F)c5)cnc4c3)cn2)CC1,8.301029995663981
Nc1nc(-c2ccn3c(-c4cccc(NC(=O)NCC(F)(F)F)c4)cnc3c2)ncc1CO,6.3979400086720375
Nc1cc(-c2ccn3c(-c4cccc(NC(=O)NCC(F)(F)F)c4)cnc3c2)ncc1C(F)(F)F,7.031517051446065
CCNC(=O)Nc1cccc(-c2cnc3cc(-c4ncc(C(F)(F)F)c(N)n4)ccn23)c1,6.853871964321762
CCNC(=O)Nc1cccc(-c2cnc3cc(-c4nnc(C(F)(F)F)s4)ccn23)c1,5.1938200260161125
Cc1cc(-c2ccn3c(-c4cccc(NC(=O)NCC(F)(F)F)c4)cnc3c2)nc(C(F)(F)F)n1,6.795880017344075
CS(=O)(=O)Nc1nc(-c2ccn3c(-c4cccc(NC(=O)NCC(F)(F)F)c4)cnc3c2)ncc1F,5.6777807052660805
O=C(NCC(F)(F)F)Nc1cccc(-c2cnc3cc(-c4nnc(NC5CC5)s4)ccn23)c1,7.853871964321762
COC(=O)c1cnc(-c2ccn3c(-c4cccc(NC(=O)NCC(F)(F)F)c4)cnc3c2)nc1,6.585026652029182
CCOc1cnc(-c2ccn3c(-c4cccc(NC(=O)NCC(F)(F)F)c4)cnc3c2)nc1,6.468521082957745
O=C(NCC(F)(F)F)Nc1cccc(-c2cnc3cc(-c4nnc(CCN5CCCC5)s4)ccn23)c1,6.657577319177793
CC(C)c1cnc(N)nc1-c1ccn2c(-c3cccc(NC(=O)NCC(F)(F)F)c3)cnc2c1,7.853871964321762
CC(C)c1ccnc(-c2ccn3c(-c4cccc(NC(=O)NCC(F)(F)F)c4)cnc3c2)n1,5.248720896016658
O=C(NCC(F)(F)F)Nc1cccc(-c2cnc3cc(-c4ncc(C(F)(F)F)cn4)ccn23)c1,6.165579296318468
COCc1cc(-c2ccn3c(-c4cccc(NC(=O)NCC(F)(F)F)c4)cnc3c2)nc(N)n1,5.259637310505756
CC(C)c1cc(N)nc(-c2ccn3c(-c4cccc(NC(=O)NCC(F)(F)F)c4)cnc3c2)n1,6.229147988357855
CN(C)Cc1cnc(-c2ccn3c(-c4cccc(NC(=O)NCC(F)(F)F)c4)cnc3c2)nc1N,6.853871964321762
O=C(NCC(F)(F)F)Nc1cccc(-c2cnc3cc(-c4ncc(C(=O)O)cn4)ccn23)c1,6.443697499232712
Cc1cn2nc(-c3ccn4c(-c5cc(NC(=O)NCC(F)(F)F)cc(OC(C)C)c5)cnc4c3)sc2n1,7.920818753952375
COc1cc(NC(=O)NCC(F)(F)F)cc(-c2cnc3cc(-c4ncc(F)c(N)n4)ccn23)c1,6.0
O=C(NCC(F)(F)F)Nc1cccc(-c2cnc3cc(-c4ncc(CO)cn4)ccn23)c1,6.619788758288394
CC(O)c1cnc(-c2ccn3c(-c4cccc(NC(=O)NCC(F)(F)F)c4)cnc3c2)nc1,6.886056647693163
COCc1cc(-c2ccn3c(-c4cccc(NC(=O)NCC(F)(F)F)c4)cnc3c2)nc(N)n1,7.2076083105017466
CC(C)(O)c1cnc(-c2ccn3c(-c4cccc(NC(=O)NCC(F)(F)F)c4)cnc3c2)nc1,7.0
CC(=O)c1cnc(-c2ccn3c(-c4cccc(NC(=O)NCC(F)(F)F)c4)cnc3c2)nc1,6.823908740944319
CC(F)(F)c1cnc(-c2ccn3c(-c4cccc(NC(=O)NCC(F)(F)F)c4)cnc3c2)nc1,6.7447274948966935
Nc1nc(-c2ccn3c(-c4cccc(NC(=O)NCC(F)(F)F)c4)cnc3c2)ncc1CN1CCC1,6.853871964321762
O=C(NCC(F)(F)F)Nc1cc(-c2cnc3cc(-c4ccnc(C(F)(F)F)n4)ccn23)cc(C(F)(F)F)c1,5.886056647693163
O=C(NCC(F)(F)F)Nc1cc(CO)cc(-c2cnc3cc(-c4ccnc(C(F)(F)F)n4)ccn23)c1,6.356547323513812
COc1cc(NC(=O)NCC(F)(F)F)cc(-c2cnc3cc(-c4ccnc(C(F)(F)F)n4)ccn23)c1,6.0195421077238995
O=C(NCC(F)(F)F)Nc1cc(Cl)cc(-c2cnc3cc(-c4ccnc(C(F)(F)F)n4)ccn23)c1,6.568636235841013
N#Cc1cc(NC(=O)NCC(F)(F)F)cc(-c2cnc3cc(-c4ccnc(C(F)(F)F)n4)ccn23)c1,7.036212172654444
COCc1cc(N)nc(-c2ccn3c(-c4cccc(NC(=O)NCC(F)(F)F)c4)cnc3c2)n1,6.468521082957745
Nc1nc(-c2ccn3c(-c4cc(Cl)cc(NC(=O)NCC(F)(F)F)c4)cnc3c2)ncc1F,6.552841968657781
O=C(NCC(F)(F)F)Nc1cc(-c2cnc3cc(-c4ncccn4)ccn23)cc(C(F)(F)F)c1,5.886056647693163
O=C(NCC(F)(F)F)Nc1cc(F)cc(-c2cnc3cc(-c4ccnc(C(F)(F)F)n4)ccn23)c1,6.853871964321762
O=C(NCC(F)(F)F)Nc1cc(F)cc(-c2cnc3cc(-c4ncccn4)ccn23)c1,6.823908740944319
O=C(NCC(F)(F)F)Nc1cc(O)cc(-c2cnc3cc(-c4ccnc(C(F)(F)F)n4)ccn23)c1,6.221848749616356
O=C(NCC(F)(F)F)Nc1cc(Br)cc(-c2cnc3cc(-c4ccnc(C(F)(F)F)n4)ccn23)c1,6.301029995663981
Nc1nc(-c2ccn3c(-c4cc(F)cc(NC(=O)NCC(F)(F)F)c4)cnc3c2)ncc1F,6.769551078621726
CC(=O)c1cnc(-c2ccn3c(-c4cccc(NC(=O)NCC(F)(F)F)c4)cnc3c2)nc1N,6.920818753952375
O=C(NCC(F)(F)F)Nc1cc(Cl)cc(-c2cnc3cc(-c4ncccn4)ccn23)c1,6.6777807052660805
N#CCc1cc(NC(=O)NCC(F)(F)F)cc(-c2cnc3cc(-c4ccnc(C(F)(F)F)n4)ccn23)c1,5.522878745280337
C[C@@H](O)[C@@H](C)Oc1nc(Nc2ccc(S(=O)(=O)C3CC3)cc2)ncc1C(F)(F)F,6.585026652029182
C[C@@H](O)[C@@H](C)Oc1nc(Nc2ccc(S(C)(=O)=O)cc2)ncc1C(F)(F)F,6.318758762624412
C[C@@H](Oc1nc(Nc2ccc(S(C)(=O)=O)cc2)ncc1C(F)(F)F)C(C)(C)O,6.309803919971486
C[C@@H](Oc1nc(Nc2ccc(S(=O)(=O)C3CC3)cc2)ncc1C(F)(F)F)C(C)(C)O,6.7447274948966935
C[C@@H](O)[C@@H](C)Oc1nc(Nc2ccc(S(=O)(=O)c3ccccc3)cc2)ncc1C(F)(F)F,6.455931955649724
C[C@@H](O)[C@@H](C)Oc1nc(Nc2ccc(S(=O)(=O)C(F)F)cc2)ncc1C(F)(F)F,6.366531544420414
C[C@@H](O)[C@@H](C)Oc1nc(Nc2ccc(S(=O)(=O)C3CCCC3)cc2)ncc1C(F)(F)F,6.638272163982407
C=CCS(=O)(=O)c1ccc(Nc2ncc(C(F)(F)F)c(O[C@H](C)C(C)(C)O)n2)cc1,6.337242168318426
CC(C)S(=O)(=O)c1ccc(Nc2ncc(C(F)(F)F)c(O[C@H](C)[C@@H](C)O)n2)cc1,6.769551078621726
C#CCS(=O)(=O)c1ccc(Nc2ncc(C(F)(F)F)c(O[C@H](C)C(C)(C)O)n2)cc1,6.698970004336019
C[C@@H](O)[C@@H](C)Oc1nc(Nc2ccc(S(=O)(=O)CCO)cc2)ncc1C(F)(F)F,6.769551078621726
COC[C@@H](C)Oc1nc(Nc2ccc(S(C)(=O)=O)cc2)ncc1C(F)(F)F,6.3979400086720375
C#CCOc1nc(Nc2ccc(S(C)(=O)=O)cc2)ncc1C(F)(F)F,6.214670164989233
CS(=O)(=O)c1ccc(Nc2ncc(C(F)(F)F)c(OCCC(F)(F)F)n2)cc1,6.0
C=CCOc1nc(Nc2ccc(S(C)(=O)=O)cc2)ncc1C(F)(F)F,6.070581074285707
CS(=O)(=O)c1ccc(Nc2ncc(C(F)(F)F)c(OC3CCCCC3)n2)cc1,6.050609993355087
C=CC(=O)Nc1cc2c(Nc3ccc(Br)cc3F)ncnc2cc1OCC1CCN(C(C)=O)CC1,6.882728704344236
C=CC(=O)Nc1cc2c(Nc3ccc(Br)cc3F)ncnc2cc1OCC1CCN(C(=O)C(F)(F)F)CC1,6.6020599913279625
C=CC(=O)Nc1cc2c(Nc3ccc(Br)cc3F)ncnc2cc1OCC1CCN(C(=O)CS(C)(=O)=O)CC1,6.966576244513051
C=CC(=O)Nc1cc2c(Nc3ccc(Br)cc3F)ncnc2cc1OCC1CCN(C(N)=O)CC1,6.866461091629782
C=CC(=O)Nc1cc2c(Nc3ccc(Br)cc3F)ncnc2cc1OCC1CCN(C(=O)C=C)CC1,6.692503962086787
C=CC(=O)Nc1cc2c(Nc3ccc(Br)cc3F)ncnc2cc1OCc1ccncc1,6.301029995663981
C=CC(=O)Nc1cc2c(Nc3ccc(F)c(F)c3F)ncnc2cc1OCC1CCN(C(C)=O)CC1,6.6020599913279625
C=CC(=O)Nc1cc2c(Nc3c(F)cc(Br)cc3F)ncnc2cc1OCC1CCN(C(C)=O)CC1,6.8297382846050425
C=CC(=O)Nc1cc2c(Nc3ccc(Br)cc3F)ncnc2cc1OCC1CCN(C(=O)NCCC)CC1,7.346787486224656
C=CC(=O)Nc1cc2c(Nc3ccc(Br)cc3F)ncnc2cc1OCC1CCN(C(=O)CN(C)C)CC1,7.259637310505756
C=CC(=O)Nc1cc2c(Nc3ccc(Br)cc3F)ncnc2cc1OCC1CCN(C(=O)NC(C)(C)C)CC1,7.301029995663981
C=CC(=O)Nc1cc2c(Nc3ccc(Br)cc3F)ncnc2cc1OCCCNC(=O)CN(C)C,6.459670525209126
C=CC(=O)Nc1cc2c(Nc3ccc(Br)cc3F)ncnc2cc1OCCCNC(C)=O,6.804100347590766
C=CC(=O)Nc1cc2c(Nc3ccc(Br)cc3F)ncnc2cc1OCCCNC(=O)C(F)(F)F,6.228412519118745
C=CC(=O)Nc1cc2c(Nc3ccc(Br)cc3F)ncnc2cc1OCCCNC(=O)CS(C)(=O)=O,6.481486060122113
C=CC(=O)Nc1cc2c(Nc3ccc(Br)cc3F)ncnc2cc1OCCCNC(=O)NCC,6.681936665037238
C=CC(=O)Nc1cc2c(Nc3ccc(Br)cc3F)ncnc2cc1OCCCNC,6.812479279163537
C=CC(=O)Nc1cc2c(Nc3ccc(Br)cc3F)ncnc2cc1OCCNC(C)=O,7.017728766960431
C=CC(=O)Nc1cc2c(Nc3ccc(Br)cc3F)ncnc2cc1OCCN(C)C,6.346787486224656
C=CC(=O)Nc1cc2c(Nc3ccc(Br)cc3F)ncnc2cc1OCCCCNC(C)=O,6.2636034977233574
C=CC(=O)Nc1cc2c(Nc3ccc(Br)cc3F)ncnc2cc1OCCNC(=O)C1CC1,6.289882634888183
C=CC(=O)Nc1cc2c(Nc3ccc(Br)cc3F)ncnc2cc1OCCNC(=O)C(F)F,6.281498311132726
C=CC(=O)Nc1cc2c(Nc3ccc(Br)cc3F)ncnc2cc1OCCNC(=O)NCC,6.6020599913279625
C=CC(=O)Nc1cc2c(Nc3ccc(Br)cc3F)ncnc2cc1OCCNC(N)=O,6.6020599913279625
C=CC(=O)Nc1cc2c(Nc3ccc(Br)cc3F)ncnc2cc1OCCNC(=O)CN(C)C,6.2335871528876
C=CC(=O)NCCOc1cc2ncnc(Nc3ccc(Br)cc3F)c2cc1NC(=O)C=C,6.6020599913279625
C=CC(=O)Nc1cc2c(Nc3ccc(Br)cc3F)ncnc2cc1OCCNCC(C)=O,6.6020599913279625
C=CC(=O)Nc1cc2c(Nc3ccc(Br)cc3F)ncnc2cc1OCCNC(=O)C(F)(F)F,6.301029995663981
C=CC(=O)Nc1cc2c(Nc3ccc(Br)cc3F)ncnc2cc1OCCN,6.2636034977233574
C=CC(=O)Nc1cc2c(Nc3ccc(Br)cc3F)ncnc2cc1OCCNC,6.289882634888183
C=CCCOc1cc2ncnc(Nc3ccc(Br)cc3F)c2cc1NC(=O)C=C,6.281498311132726
C=CC(=O)Nc1cc2c(Nc3ccc(Br)cc3F)ncnc2cc1OCCOC,6.586700235918748
C=CC(=O)Nc1cc2c(Nc3ccc(Br)cc3F)ncnc2cc1OCCNS(C)(=O)=O,6.432973633840939
C=CC(=O)Nc1cc2c(Nc3ccc(Br)cc3F)ncnc2cc1OCCNC(=O)NCCC,6.33913452199613
C=CC(=O)Nc1cc2c(Nc3ccc(Br)cc3F)ncnc2cc1OCCNC(=S)NC,6.34008379993015
C=CC(=O)Nc1cc2c(Nc3ccc(Br)cc3F)ncnc2cc1OCCNC(=S)NCC,6.450996737974212
C=CC(=O)Nc1cc2c(Nc3ccc(Br)cc3F)ncnc2cc1OCCNC(=O)NC(C)C,6.048176964684088
C=CC(=O)Nc1cc2c(Nc3ccc(Br)cc3F)ncnc2cc1OCCNC(=O)NC(C)CC,6.489454989793388
C=CNC(=O)NCCOc1cc2ncnc(Nc3ccc(Br)cc3F)c2cc1NC(=O)C=C,6.578396073130169
C=CCNC(=O)NCCOc1cc2ncnc(Nc3ccc(Br)cc3F)c2cc1NC(=O)C=C,6.809668301829708
C=CC(=O)Nc1cc2c(Nc3ccc(Br)c(Cl)c3F)ncnc2cc1OCCNC(=O)N1CCOCC1,6.872895201635193
C=CC(=O)Nc1cc2c(Nc3ccc(Br)cc3F)ncnc2cc1OCCN(C)C(C)=O,6.16304326294045
C=CC(=O)Nc1cc2c(Nc3ccc(Br)cc3F)ncnc2cc1SCCNC(C)=O,6.105130343254747
C=CC(=O)Nc1cc2c(Nc3ccc(Br)cc3F)ncnc2cc1OCCNC(=O)COC,6.79317412396815
C=CC(=O)Nc1cc2c(Nc3ccc(Br)cc3F)ncnc2cc1OCCNC(=O)CO,6.488116639021126
C=CC(=O)Nc1cc2c(Nc3ccc(Br)cc3F)ncnc2cc1OCCNC(=O)CSC,6.197226274708024
C=CC(=O)Nc1cc2c(Nc3ccc(Br)cc3F)ncnc2cc1OCCNC(=O)CS(C)(=O)=O,6.679853713888946
C=CC(=O)Nc1cc2c(Nc3ccc(Br)cc3F)ncnc2cc1OCCNC(=O)C(C)C,6.156144577376839
C=CC(=O)Nc1cc2c(Nc3ccc(Br)cc3F)ncnc2cc1OCCNC(=O)C(=C)C,6.068542129310995
C=CC(=O)Nc1cc2c(Nc3ccc(Br)cc3F)ncnc2cc1OCCNC(=O)/C=C/C,7.180456064458132
C=CC(=O)Nc1cc2c(Nc3ccc(Br)cc3F)ncnc2cc1OCCNC(=O)CCC,6.020451625295905
C=CC(=O)Nc1cc2c(Nc3ccc(Br)cc3F)ncnc2cc1OCCNC(=O)/C=C/CC,6.450996737974212
C=CC(=O)Nc1cc2c(Nc3ccc(Br)cc3F)ncnc2cc1OCCNC(=O)/C=C/CN(C)C,6.057991946977687
C=CC(=O)Nc1cc2c(Nc3ccc(Br)c(Cl)c3F)ncnc2cc1OCCNC(=O)NC(C)(C)C,6.373659632624958
C=CC(=O)Nc1cc2c(Nc3ccc(Br)cc3F)ncnc2cc1OCCNC(=O)CC,6.326979092871103
C=CC(=O)Nc1cc2c(Nc3ccc(Br)cc3F)ncnc2cc1OCCNC(=O)CN(C)CC,6.184422251675732
C=CC(=O)Nc1cc2c(Nc3ccc(Br)cc3F)ncnc2cc1OCCNC(=O)CN,6.628932137728263
C=CC(=O)Nc1cc2c(Nc3ccc(Br)cc3F)ncnc2cc1OCCNC(=O)C(C)N(C)C,6.020451625295905
C=CC(=O)Nc1cc2c(Nc3ccc(Br)cc3F)ncnc2cc1OCCNC(=O)CCN(CC)CC,6.703334809738469
C=CC(=O)Nc1cc2c(Nc3ccc(Br)cc3F)ncnc2cc1OCCNC(=O)CNC,6.164309428507575
C=CC(=O)Nc1cc2c(Nc3ccc(Br)cc3F)ncnc2cc1OCCNC(=O)CCN(C)C,6.450996737974212
C=CC(=O)Nc1cc2c(Nc3ccc(Br)cc3F)ncnc2cc1OCCNC(=O)CCN,6.125518182300533
C=CC(=O)Nc1cc2c(Nc3ccc(Br)cc3F)ncnc2cc1OCCNC(=O)OC,7.075720713938118
C=CC(=O)Nc1cc2c(Nc3ccc(Br)cc3F)ncnc2cc1OCCNC(=O)CCOC,6.636388020107856
C=CC(=O)Nc1cc2c(Nc3ccc(Br)cc3F)ncnc2cc1OCC(=O)NCCN(CC)CC,6.020451625295905
C=CC(=O)Nc1cc2c(Nc3ccc(Br)cc3F)ncnc2cc1OCCNC(=O)CCCN(C)C,6.903089986991944
C=CC(=O)Nc1cc2c(Nc3ccc(Br)cc3F)ncnc2cc1OCCNC(=O)CCO,6.667561540084395
C=CC(=O)Nc1cc2c(Nc3ccc(F)cc3F)ncnc2cc1OCCNC(=O)CN(C)C,6.16304326294045
C=CC(=O)Nc1cc2c(Nc3ccc(Br)cc3F)ncnc2cc1OCCNC(=O)C(=O)OCC,6.600326278518962
C=CC(=O)Nc1cc2c(Nc3ccc(Br)cc3F)ncnc2cc1OCCNC(=O)C(=O)O,7.075720713938118
C=CC(=O)Nc1cc2c(Nc3ccc(Br)cc3F)ncnc2cc1OCCNC(=O)/C=N/OC,6.175223537524454
C=CC(=O)Nc1cc2c(Nc3ccc(Br)cc3F)ncnc2cc1OCCNC(=O)C(C)CN(C)C,6.429457060118103
C=CC(=O)Nc1cc2c(Nc3ccc(Br)cc3F)ncnc2cc1OCCNC(=O)CC(C)N(C)C,6.181774106386045
C=C(C)C(=O)Nc1cc2c(Nc3ccc(Br)cc3F)ncnc2cc1OCCNC(C)=O,5.0
CCC(=O)Nc1cc2c(Nc3ccc(Br)cc3F)ncnc2cc1OCCNC(C)=O,6.437707135543525
C=CC(=O)N(C)c1cc2c(Nc3ccc(Br)cc3F)ncnc2cc1OCCNC(C)=O,5.0
C=CC(=O)Nc1cc2c(Nc3ccc(Br)c(F)c3)ncnc2cc1OCCNC(=O)CN(C)C,5.844056982028163
C=CC(=O)Nc1cc2c(Nc3ccc(Br)cc3F)ncnc2cc1OC(C)CNC(C)=O,7.113509274827518
C=CC(=O)Nc1cc2c(Nc3ccc(Br)cc3F)ncnc2cc1OCC(C)NC(C)=O,7.3872161432802645
C=CC(=O)Nc1cc2c(Nc3ccc(Br)cc3F)ncnc2cc1OC[C@@H](C)NC(C)=O,6.801342913045577
C=CC(=O)Nc1cc2c(Nc3ccc(Br)cc3F)ncnc2cc1OC[C@H](C)NC(C)=O,7.1487416512809245
C=CC(=O)Nc1cc2c(Nc3ccc(Br)cc3F)ncnc2cc1OCCCNCC(C)=O,7.026872146400302
C=CC(=O)Nc1cc2c(Nc3ccc(Br)cc3F)ncnc2cc1OCC(C)NC(=O)NCCC,6.105683937315561
C=CC(=O)Nc1cc2c(Nc3ccc(Br)cc3F)ncnc2cc1OCC(CC)NC(C)=O,7.008773924307505
C=CC(=O)Nc1cc2c(Nc3ccc(Br)cc3F)ncnc2cc1OCCCNCCC=O,6.156144577376839
C=CC(=O)Nc1cc2c(Nc3ccc(Br)cc3F)ncnc2cc1OC1CCN(C(C)=O)C1,5.0
C=CC(=O)Nc1cc2c(Nc3ccc(Br)cc3F)ncnc2cc1OC1CCCN(C(C)=O)C1,5.0
C=CC(=O)Nc1cc2c(Nc3ccc(Br)cc3F)ncnc2cc1OCCNc1nccs1,6.321481620959886
C=CC(=O)Nc1cc2c(Nc3ccc(Br)cc3F)ncnc2cc1OCC1CNC(=O)O1,6.231361898752385
C=CC(=O)Nc1cc2c(Nc3ccc(Br)cc3F)ncnc2cc1OCCNC(=O)c1cccs1,6.889410289700751
C=CC(=O)Nc1cc2c(Nc3ccc(Br)cc3F)ncnc2cc1OCCNC(=O)N1CCOCC1,6.705533773838407
C=CC(=O)Nc1cc2c(Nc3ccc(Br)cc3F)ncnc2cc1OCCNC(=O)N1CCNCC1,6.156144577376839
C=CC(=O)Nc1cc2c(Nc3ccc(Br)cc3F)ncnc2cc1OCCNC(=O)N1CCN(C(C)=O)CC1,6.106793246940152
C=CC(=O)Nc1cc2c(Nc3ccc(Br)cc3F)ncnc2cc1OCCNC(=O)N1CCN(C)CC1,6.446116973356125
C=CC(=O)Nc1cc2c(Nc3ccc(Br)cc3F)ncnc2cc1OCCNC(=O)C1CCCN1,6.181774106386045
C=CC(=O)Nc1cc2c(Nc3ccc(Br)cc3F)ncnc2cc1OCCNC(=O)C1CCCN1C,6.015472686656207
C=CC(=O)Nc1cc2c(Nc3ccc(Br)cc3F)ncnc2cc1OCCNC(=O)c1ccc[nH]1,6.001304841688344
C=CC(=O)Nc1cc2c(Nc3ccc(Br)cc3F)ncnc2cc1OCCNC(=O)C1CCCN1C,6.002176919254275
C=CC(=O)Nc1cc2c(Nc3ccc(Br)cc3F)ncnc2cc1OCCNC(=O)CN1CCCCC1,6.0670191780768015
C=CC(=O)Nc1cc2c(Nc3ccc(Br)cc3F)ncnc2cc1OCCNC(=O)CN1CCN(C)CC1,6.184422251675732
C=CC(=O)Nc1cc2c(Nc3ccc(Br)cc3F)ncnc2cc1OCCNC(=O)CN1CCOCC1,6.106793246940152
C=CC(=O)Nc1cc2c(Nc3ccc(Br)cc3F)ncnc2cc1OCCNC(=O)CCN1CCCCC1,6.024568191490737
C=CC(=O)Nc1cc2c(Nc3ccc(Br)cc3F)ncnc2cc1OCCNC(=O)C1CCCN1C(C)=O,6.184422251675732
C=CC(=O)Nc1cc2c(Nc3ccc(Br)cc3F)ncnc2cc1OCCNC(=O)C1CCCN1C(=O)CC,6.069050968832477
C=CC(=O)Nc1cc2c(Nc3ccc(Br)cc3F)ncnc2cc1OCCNC(=O)CN1CCCC1,6.698970004336019
C=CC(=O)Nc1cc2c(Nc3ccc(Br)cc3F)ncnc2cc1OCCNC(=O)CN1CC=CC1,6.313363730737707
C=CC(=O)Nc1cc2c(Nc3ccc(Br)cc3F)ncnc2cc1OCC1=NCCO1,6.320572103387881
C=CC(=O)Nc1cc2c(Nc3ccc(Br)cc3F)ncnc2cc1OCCNC(=O)CN1CCC1,6.021819483062586
C=CC(=O)Nc1cc2c(Nc3ccc(F)c(Cl)c3)ncnc2cc1OCCNC(C)=O,5.0
C=CC(=O)Nc1cc2c(Nc3ccc(Cl)cc3F)ncnc2cc1OCCNC(C)=O,6.943095148663527
C=CC(=O)Nc1cc2c(Nc3ccc(Cl)cc3Cl)ncnc2cc1OCCNC(C)=O,6.5718652059712115
C=CC(=O)Nc1cc2c(Nc3ccc(Br)cc3C(F)(F)F)ncnc2cc1OCCNC(C)=O,5.0
C=CC(=O)Nc1cc2c(Nc3ccc(Br)cc3Cl)ncnc2cc1OCCNC(C)=O,6.068542129310995
C=CC(=O)Nc1cc2c(Nc3ccc(Cl)cc3F)ncnc2cc1OCCNC(=O)CN(C)C,6.120330794367947
C=CC(=O)Nc1cc2c(Nc3cccc(Cl)c3F)ncnc2cc1OCCNC(=O)CN(C)C,6.024568191490737
C=CC(=O)Nc1cc2c(Nc3ccc(F)c(F)c3F)ncnc2cc1OCCNC(C)=O,6.31069114087638
C=CC(=O)Nc1cc2c(Nc3cc(F)c(Br)cc3F)ncnc2cc1OCCNC(C)=O,6.106793246940152
C=CC(=O)Nc1cc2c(Nc3c(F)cc(Br)cc3F)ncnc2cc1OCCNC(C)=O,6.896196279044043
C=CC(=O)Nc1cc2c(Nc3cc(Cl)c(Cl)cc3F)ncnc2cc1OCCNC(C)=O,6.815308569182402
C=CC(=O)Nc1cc2c(Nc3cc(Cl)c(Cl)cc3Cl)ncnc2cc1OCCNC(C)=O,6.102922996790579
C=CC(=O)Nc1cc2c(Nc3c(F)cc(Br)cc3F)ncnc2cc1OCCNC(=O)CN(C)C,6.5718652059712115
C=CC(=O)Nc1cc2c(Nc3ccc(Br)c(F)c3F)ncnc2cc1OCCNC(=O)CN(C)C,6.866461091629782
C=CC(=O)Nc1cc2c(Nc3ccc(Br)c(F)c3F)ncnc2cc1OCCNC(=O)CCN(CC)CC,6.661543506395395
C=CC(=O)Nc1cc2c(Nc3ccc(Br)c(F)c3F)ncnc2cc1OCCNC(=O)CCN1CCCCC1,6.853871964321762
C=CC(=O)Nc1cc2c(Nc3ccc(Br)c(F)c3F)ncnc2cc1OCCNC(=O)CCCN(C)C,6.018634490921456
C=CC(=O)Nc1cc2c(Nc3ccc(Cl)nc3)ncnc2cc1OCCNC(C)=O,6.08460016478773
C=CC(=O)Nc1cc2c(Nc3cc(OC)c(Cl)cc3F)ncnc2cc1OCCNC(C)=O,6.447331783887806
C=CC(=O)Nc1cc2c(Nc3ccc(OCc4cccnc4)c(Cl)c3)ncnc2cc1OCCNC(C)=O,6.069050968832477
C=CC(=O)Nc1cc2c(Nc3cc(C(=O)NOC)c(Br)cc3F)ncnc2cc1OCCNC(C)=O,6.121478204498794
C=CC(=O)Nc1cc2c(Nc3cc(OC)c(Cl)cc3Cl)ncnc2cc1OCCNC(C)=O,5.0
C=CC(=O)Nc1cc2c(Nc3cc(Cl)c(Br)cc3F)ncnc2cc1OCCNC(C)=O,6.377785977033705
C=CC(=O)Nc1cc2c(Nc3cc(Cl)c(Br)cc3F)ncnc2cc1OCCNCC(C)=O,6.764471553092451
C=CC(=O)Nc1cc2c(Nc3cc(Cl)c(Br)cc3F)ncnc2cc1OCCNC(=O)CN(C)C,6.105683937315561
C=CC(=O)Nc1cc2c(Nc3cc(Cl)c(Cl)cc3F)ncnc2cc1OCCN(C)C,6.0675262353228465
C=CC(=O)Nc1cc2c(Nc3cc(Cl)c(Cl)cc3F)ncnc2cc1OCCNCC(C)=O,6.020451625295905
C=CC(=O)Nc1cc2c(Nc3cc(Cl)c(Cl)cc3F)ncnc2cc1OCCNC(=O)COC,6.08460016478773
C=CC(=O)Nc1cc2c(Nc3cc(Cl)c(Cl)cc3F)ncnc2cc1OCCNC(=O)CS(C)(=O)=O,6.182434630440219
C=CC(=O)Nc1cc2c(Nc3cc(Cl)c(Cl)cc3F)ncnc2cc1OCCNC(=O)CN(C)C,6.124360062995832
C=CC(=O)Nc1cc2c(Nc3ccc(Br)c(Cl)c3F)ncnc2cc1OCCNC(C)=O,7.251811972993799
C=CC(=O)Nc1cc2c(Nc3ccc(Br)c(Cl)c3F)ncnc2cc1OCCNCC(C)=O,6.97469413473523
C=CC(=O)Nc1cc2c(Nc3ccc(Br)c(Cl)c3F)ncnc2cc1OCCNC(=O)CN(C)C,7.060480747381382
C=CC(=O)Nc1cc2c(Nc3ccc(Br)c(Cl)c3F)ncnc2cc1OCCNC(=O)CCN(CC)CC,7.267606240177032
C=CC(=O)Nc1cc2c(Nc3ccc(Br)c(Cl)c3F)ncnc2cc1OCCNC(=O)CCO,7.055517327849832
C=CC(=O)Nc1cc2c(Nc3ccc(Br)c(Cl)c3F)ncnc2cc1OCCNC(=O)COC,6.590066876668706
C=CC(=O)Nc1cc2c(Nc3ccc(Br)c(Cl)c3F)ncnc2cc1OCCNC(=O)CCN1CCCCC1,7.102372908709558
C=CC(=O)Nc1cc2c(Nc3ccc(Br)c(Cl)c3F)ncnc2cc1OCCNC(=O)CCCN(C)C,6.686132779630847
C=CC(=O)Nc1cc2c(Nc3ccc(Br)c(Cl)c3F)ncnc2cc1OCCNC(=O)CO,6.8326826652518236
C=CC(=O)Nc1cc2c(Nc3ccc(Br)c(Cl)c3F)ncnc2cc1OCCNC(=O)CCOC,6.555955204081924
C=CC(=O)Nc1cc2c(Nc3ccc(Br)c(Cl)c3F)ncnc2cc1OCCNC(=O)CN(CC)CC,6.510041520575165
C=CC(=O)Nc1cc2c(Nc3ccc(Br)c(Cl)c3)ncnc2cc1OCCNC(=O)CN(C)C,5.0
C=CC(=O)Nc1cc2c(Nc3ccc(Br)cc3F)ncnc2cc1OCC(C)(C)NC(=O)CN(C)C,5.0
C=CC(=O)Nc1cc2c(Nc3ccc(Br)cc3F)ncnc2cc1OCC(C)NC(=O)CCN(CC)CC,6.603800652904264
C=CC(=O)Nc1cc2c(Nc3ccc(Br)c(Cl)c3F)ncnc2cc1OCC(C)NC(=O)CN(C)C,6.16304326294045
C=CC(=O)Nc1cc2c(Nc3ccc(Br)c(Cl)c3F)ncnc2cc1OC[C@H](C)NC(=O)CN(C)C,5.0
C=CC(=O)Nc1cc2c(Nc3ccc(Br)c(Cl)c3F)ncnc2cc1OC[C@@H](C)NC(=O)CN(C)C,6.377785977033705
C=CC(=O)Nc1cc2c(Nc3ccc(Br)cc3F)ncnc2cc1OCC(CC)NC(=O)CN(C)C,6.007004901568658
C=CC(=O)Nc1cc2c(Nc3ccc(Br)cc3F)ncnc2cc1OCCNC(=O)C(COC)N(C)C,5.951946826884391
C=CC(=O)Nc1cc2c(Nc3ccc(Br)cc3F)ncnc2cc1OCCNC(=O)C(CO)N(C)C,6.098541678603888
C=CC(=O)Nc1cc2c(Nc3ccc(Br)c(Cl)c3F)ncnc2cc1OC[C@H](C)NC(=O)CN(C)C,6.141462802430361
C=CC(=O)Nc1cc2c(Nc3ccc(Br)c(Cl)c3F)ncnc2cc1OC[C@@H](C)NC(=O)CN(C)C,6.146910470148135
C=CC(=O)Nc1cc2c(Nc3ccc(Br)c(Cl)c3F)ncnc2cc1OCCNC(=O)OC,7.102372908709558
C=CC(=O)Nc1cc2c(Nc3cc(OC)c(Cl)cc3OC)ncnc2cc1OCCNC(=O)CN(C)C,5.0
C=CC(=O)Nc1cc2c(Nc3ccc(Br)cc3F)ncnc2cc1OCCNC(=O)CN(CC)CC,6.335358024443875
C=CC(=O)Nc1cc2c(Nc3ccc(Br)c(Cl)c3F)ncnc2cc1OCCNC(=O)NCC,7.42021640338319
C=CC(=O)Nc1cc2c(Nc3ccc(Br)c(Cl)c3F)ncnc2cc1OCCNC(=O)NCCC,6.892790030352131
C=CC(=O)Nc1cc2c(Nc3ccc(Br)c(Cl)c3F)ncnc2cc1OCCNC(=S)NCC,6.723538195826756
C=CC(=O)Nc1cc2c(Nc3ccc(Br)cc3F)ncnc2cc1OCC1CCN(C(=O)NCC)CC1,6.866461091629782
C=CC(=O)Nc1cc2c(Nc3cc(OC)c(Cl)cc3OC)ncnc2cc1OCCNC(C)=O,7.045757490560675
C=CC(=O)Nc1cc2c(Nc3ccc(Br)cc3F)ncnc2cc1OCCNC(=O)C(C)N,6.782516055786093
COc1cc(Nc2ncc(F)c(Nc3ccc4c(n3)NC(=O)C(C)(C)O4)n2)cc(OC)c1OC,8.0
Nc1ncc2c(n1)CCN(c1cccc(C(=O)Nc3ccccc3)c1)C2,5.525783735923745
CC(C)c1cccc(NC(=O)c2cccc(N3CCc4nc(N)ncc4C3)c2)c1,7.6777807052660805
Cc1cccc(NC(=O)c2cccc(N3CCc4nc(N)ncc4C3)c2)c1,6.943095148663527
CC(C)(C)c1ccc(NC(=O)c2cccc(N3CCc4nc(N)ncc4C3)c2)cc1,7.3872161432802645
Nc1ncc2c(n1)CCN(c1cccc(C(=O)Nc3cccc(C(F)(F)F)c3)c1)C2,7.721246399047171
Cc1ccc(NC(=O)c2cccc(N3CCc4nc(N)ncc4C3)c2)cc1,6.106238237942057
COc1cccc(NC(=O)c2cccc(N3CCc4nc(N)ncc4C3)c2)c1,6.991399828238082
CCc1ccc(NC(=O)c2cccc(N3CCc4nc(N)ncc4C3)c2)cc1,6.838631997765025
CCc1cccc(NC(=O)c2cccc(N3CCc4nc(N)ncc4C3)c2)c1,7.657577319177793
CCCc1ccc(NC(=O)c2cccc(N3CCc4nc(N)ncc4C3)c2)cc1,7.173925197299173
CN1CCC(Oc2ccc(NC(=O)c3cccc(N4CCc5nc(N)ncc5C4)c3)cc2)CC1,5.928117992693875
CC(C)c1ccc(NC(=O)c2cccc(N3CCc4nc(N)ncc4C3)c2)cc1,7.173925197299173
Nc1ncc2c(n1)CCN(c1ccc(C(=O)Nc3ccccc3)cc1)C2,5.0
Cc1cccc(NC(=O)c2ccc(N3CCc4nc(N)ncc4C3)cc2)c1,5.0
Nc1ncc2c(n1)CCN(c1ccc(C(=O)Nc3cccc(C(F)(F)F)c3)cc1)C2,5.0
CCCCNC(=O)c1cccc(N2CCc3nc(N)ncc3C2)c1,5.392544976785332
CC(C)(C)C1CCC(NC(=O)c2cccc(N3CCc4nc(N)ncc4C3)c2)CC1,6.512861624522813
Nc1ncc2c(n1)CCN(c1cccc(C(=O)NCC3CCCCC3)c1)C2,5.671620396561262
Nc1ncc2c(n1)CCN(c1cccc(C(=O)NC3CCCC3)c1)C2,5.243363891754152
CC(C)(C)CCNC(=O)c1cccc(N2CCc3nc(N)ncc3C2)c1,6.247183568811728
CCN(CC)C(=O)c1cccc(N2CCc3nc(N)ncc3C2)c1,5.903089986991944
Nc1ncc2c(n1)CCN(c1ccnc(C(=O)Nc3ccccc3)c1)C2,5.0
Cc1cccc(NC(=O)c2cc(N3CCc4nc(N)ncc4C3)ccn2)c1,5.0
Nc1ncc2c(n1)CCN(c1ccnc(C(=O)Nc3cccc(C(F)(F)F)c3)c1)C2,5.0
CC(C)c1cccc(NC(=O)c2cc(N3CCc4nc(N)ncc4C3)ccn2)c1,5.0
CC(C)c1ccc(NC(=O)c2cc(N3CCc4nc(N)ncc4C3)ccn2)cc1,5.0
Nc1ncc2c(n1)CCN(c1cccc(C(=O)Nc3ccccc3)n1)C2,5.0
Cc1cccc(NC(=O)c2cccc(N3CCc4nc(N)ncc4C3)n2)c1,5.0
Nc1ncc2c(n1)CCN(c1cccc(C(=O)Nc3cccc(C(F)(F)F)c3)n1)C2,5.0
CC(C)c1cccc(NC(=O)c2cccc(N3CCc4nc(N)ncc4C3)n2)c1,5.0
CC(C)c1ccc(NC(=O)c2cccc(N3CCc4nc(N)ncc4C3)n2)cc1,5.0
Nc1ncc2c(n1)CCN(c1cc(C(=O)Nc3ccccc3)ccn1)C2,5.0
Cc1cccc(NC(=O)c2ccnc(N3CCc4nc(N)ncc4C3)c2)c1,5.0
CC(C)c1cccc(NC(=O)c2ccnc(N3CCc4nc(N)ncc4C3)c2)c1,5.0
CC(C)c1ccc(NC(=O)c2ccnc(N3CCc4nc(N)ncc4C3)c2)cc1,5.0
Nc1ncc2c(n1)CCN(c1cc(C(=O)Nc3cccc(C(F)(F)F)c3)ccn1)C2,5.0
Nc1ncc2c(n1)CN(c1ccnc(C(=O)Nc3ccccc3)c1)C2,5.0
CC(C)c1cccc(NC(=O)c2cc(N3Cc4cnc(N)nc4C3)ccn2)c1,5.0
Nc1ncc2c(n1)CN(c1ccnc(C(=O)Nc3cccc(C(F)(F)F)c3)c1)C2,5.0
CC(C)c1ccc(NC(=O)c2cc(N3Cc4cnc(N)nc4C3)ccn2)cc1,5.0
Nc1ncc2c(n1)CN(c1ccnc(C(=O)Nc3ccc(C(F)(F)F)cc3)c1)C2,5.0
CC(C)c1cccc(NC(=O)c2cccc(N3Cc4cnc(N)nc4C3)c2)c1,5.196542884351586
Nc1ncc2c(n1)CN(c1cccc(C(=O)Nc3cccc(C(F)(F)F)c3)c1)C2,5.671824338561677
CC(C)c1ccc(NC(=O)c2cccc(N3CCc4nc(CS)ncc4C3)n2)cc1,5.0
CC(C)c1cccc(NC(=O)c2cccc(N3CCc4nc(CS)ncc4C3)n2)c1,5.0
O=C(Nc1cccc(C(F)(F)F)c1)c1cccc(N2CCc3nc(CS)ncc3C2)n1,5.0
O=C(Nc1ccccc1)c1cccc(N2CCc3nc(CS)ncc3C2)n1,5.0
Cc1cccc(NC(=O)c2cccc(N3CCc4nc(CS)ncc4C3)n2)c1,5.0
O=C(Nc1ccccc1)c1ccnc(N2CCc3nc(CS)ncc3C2)c1,5.0
O=C(Nc1cccc(C(F)(F)F)c1)c1ccnc(N2CCc3nc(CS)ncc3C2)c1,5.0
CC(C)c1cccc(NC(=O)c2ccnc(N3CCc4nc(CS)ncc4C3)c2)c1,5.0
CC(C)c1ccc(NC(=O)c2ccnc(N3CCc4nc(CS)ncc4C3)c2)cc1,5.0
O=C(Nc1ccc(C(F)(F)F)cc1)c1cc(N2Cc3cnc(CS)nc3C2)ccn1,5.0
CC(C)c1cccc(NC(=O)c2cc(N3Cc4cnc(CS)nc4C3)ccn2)c1,5.0
CC(C)c1ccc(NC(=O)c2cc(N3Cc4cnc(CS)nc4C3)ccn2)cc1,5.0
O=C(Nc1cccc(C(F)(F)F)c1)c1cccc(N2CCc3nc(CS)ncc3C2)c1,6.11690664142431
Cc1ccc(C(=O)Nc2cccc(C(F)(F)F)c2)cc1N1CCc2nc(CS)ncc2C1,7.1487416512809245
Cc1cc(C(=O)Nc2cccc(C(F)(F)F)c2)cc(N2CCc3nc(CS)ncc3C2)c1,6.0
Cc1ccc(C(=O)Nc2cccc(C(C)C)c2)cc1N1CCc2nc(CS)ncc2C1,7.508638306165727
Cc1cc(C(=O)Nc2cccc(C(C)C)c2)cc(N2CCc3nc(CS)ncc3C2)c1,6.0
Cc1ccc(C(=O)Nc2cccc(C(F)(F)F)c2)cc1N1CCc2nc(N)ncc2C1,8.096910013008056
Cc1cc(C(=O)Nc2cccc(C(F)(F)F)c2)cc(N2CCc3nc(N)ncc3C2)c1,7.568636235841013
Cc1ccc(C(=O)Nc2cccc(C(C)C)c2)cc1N1CCc2nc(N)ncc2C1,7.853871964321762
Cc1cc(C(=O)Nc2cccc(C(C)C)c2)cc(N2CCc3nc(N)ncc3C2)c1,7.769551078621726
O=C(Nc1cccc(C(F)(F)F)c1)c1cccc(N2CCc3ncncc3C2)c1,7.721246399047171
Cc1ccc(C(=O)Nc2cccc(C(F)(F)F)c2)cc1N1CCc2ncncc2C1,6.982966660701219
Cc1cc(C(=O)Nc2cccc(C(F)(F)F)c2)cc(N2CCc3ncncc3C2)c1,6.195179321278838
Cc1ccc(C(=O)Nc2cccc(C(C)C)c2)cc1N1CCc2ncncc2C1,7.958607314841775
Cc1cc(C(=O)Nc2cccc(C(C)C)c2)cc(N2CCc3ncncc3C2)c1,6.798602875679548
O=C(Nc1cccc(C(F)(F)F)c1)c1cncc(N2CCc3nc(CS)ncc3C2)c1,5.0
CC(C)c1cccc(NC(=O)c2cncc(N3CCc4nc(CS)ncc4C3)c2)c1,5.0
Nc1ncc2c(n1)CCN(c1cncc(C(=O)Nc3cccc(C(F)(F)F)c3)c1)C2,6.2335871528876
CC(C)c1cccc(NC(=O)c2cncc(N3CCc4nc(N)ncc4C3)c2)c1,6.826813731587726
O=C(Nc1ccc(N2CCc3ccncc3C2)cc1)c1cccc(C(F)(F)F)c1,5.0
Cc1cccc(NC(=O)Nc2ccc(N3CCc4ccncc4C3)cc2)c1,5.657577319177793
O=C(Nc1ccccc1)Nc1ccc(N2CCc3ccncc3C2)cc1,5.0
Cc1ccc(NC(=O)Nc2ccc(N3CCc4ccncc4C3)cc2)cc1,6.0
Cc1cccc(NC(=O)Nc2ccc(N3CCc4ccncc4C3)c(C)c2)c1,6.511449283499556
Cc1cccc(NC(=O)Nc2ccc(N3CCc4ccncc4C3)cc2C)c1,6.342944147142896
CC(C)c1cccc(NC(=O)c2cccc(N3CCc4ccncc4C3)c2)c1,7.4089353929735005
COC(=O)c1cncc2c1CCN(c1cccc(C(=O)Nc3cccc(C(C)C)c3)c1)C2,7.920818753952375
CC(C)c1cccc(NC(=O)c2cccc(N3CCc4c(cncc4C(=O)O)C3)c2)c1,7.267606240177032
COC(=O)c1cncc2c1CCN(c1cccc(C(=O)Nc3cccc(C(F)(F)F)c3)c1)C2,8.096910013008056
CC(C)c1cccc(NC(=O)c2cccc(N3CCc4c(cncc4C(=O)NCCCN4CCOCC4)C3)c2)c1,6.43533393574791
CC(C)c1cccc(NC(=O)c2cccc(N3CCc4c(cncc4C(=O)NCCCO)C3)c2)c1,6.657577319177793
COC(=O)CNC(=O)c1cncc2c1CCN(c1cccc(C(=O)Nc3cccc(C(C)C)c3)c1)C2,7.309803919971486
CC(C)c1cccc(NC(=O)c2cccc(N3CCc4c(cncc4C(=O)NCCCN4CCCC4)C3)c2)c1,6.638272163982407
Nc1ncc2c(n1)CCN(c1cccc(C(=O)Nc3ccc(F)c(C(F)(F)F)c3)c1)C2,7.568636235841013
Nc1nc(N)c2c(n1)[nH]c1cccc(Sc3ccccc3)c12,4.645891560852599
Cc1c(C(=O)Nc2ccc(Oc3ccnc4cc(OCC(C)(C)O)ccc34)c(F)c2)c(=O)n(-c2ccccc2)n1C,7.431798275933005
Cc1c(C(=O)Nc2ccc(Oc3ccnc4cc(OC[C@@H](C)O)ccc34)c(F)c2)c(=O)n(-c2ccccc2)n1C,7.638272163982407
COc1cc2c(Oc3ccc(NC(=O)c4c(C)n(C)n(-c5ccccc5)c4=O)cc3F)ccnc2cc1OCC(C)(C)O,7.3979400086720375
Cn1cc(-c2cc(Oc3ccc(NC(=O)N4CCN(c5ccc(F)cc5)C4=O)nc3)ccn2)cn1,6.00436480540245
Cn1cc(-c2cc(Oc3ccc(NC(=O)N4CCN(C5CCOCC5)C4=O)nc3)ccn2)cn1,5.481486060122113
Cn1cc(-c2cc(Oc3cc(F)c(NC(=O)N4CCN(C5CCOCC5)C4=O)cc3F)ccn2)cn1,5.481486060122113
Cn1cc(-c2cc(Oc3ccc(NC(=O)N4CCN(C5CCCCC5)C4=O)nc3)ccn2)cn1,6.173925197299173
COCCN1CCN(C(=O)Nc2ccc(Oc3ccnc(-c4cnn(C)c4)c3)c(C)n2)C1=O,5.481486060122113
Cc1nc(NC(=O)N2CCN(C3CCCC3)C2=O)ccc1Oc1ccnc(-c2cnn(C)c2)c1,5.481486060122113
CCN1CCN(C(=O)Nc2ccc(Oc3ccnc(-c4cnn(C)c4)c3)c(C)n2)C1=O,5.0
CN(C)C(=O)Nc1cc(Oc2cc(F)c(NC(=O)N3CCN(C4CCOCC4)C3=O)cc2Cl)ccn1,5.481486060122113
CNC(=O)c1cc(Oc2ccc(NC(=O)N3CCN(C(C)(C)C)C3=O)nc2)ccn1,5.481486060122113
NC(=O)c1nnc(N[C@@H]2CCCC[C@@H]2N)nc1Nc1ccc2cn(C(F)F)nc2c1,5.0
NC(=O)c1nnc(N[C@@H]2CCOC[C@@H]2N)nc1Nc1cccc2c1ccn2C1CC1,5.853871964321762
NC(=O)c1nnc(N[C@@H]2CCCC[C@@H]2N)nc1Nc1cc2ccccc2s1,5.698970004336019
Cc1[nH]c(/C=C2\C(=O)Nc3ccc(F)cc32)c(C)c1C(=O)N1CCOCCOCCOCC1,8.602059991327963
CCN(CC)CCNC(=O)c1c(C)[nH]c(/C=C2\C(=O)Nc3ccc(F)cc32)c1C,8.0
COc1cc2c(Oc3ccc(NC(=O)C4(C(=O)Nc5ccc(F)cc5)CC4)cc3F)ccnc2cc1OCCCC(=O)NO,7.920818753952375
Cc1cccc(NC(=O)Nc2ccc(C#Cc3ccc4nc(N)cn4n3)cc2)c1,7.698970004336019
O=C(Nc1ccc(C#Cc2ccc3nccn3n2)cc1)Nc1cccc(C(F)(F)F)c1,7.327902142064283
Cc1cccc(NC(=O)Nc2ccc(C#Cc3ccc4nccn4n3)cc2)c1,7.638272163982407
Nc1cn2nc(C#Cc3ccc(NC(=O)Nc4cc(C(F)(F)F)ccc4F)cc3)ccc2n1,7.136677139879544
O=C(Nc1ccc(C#Cc2ccc3nccn3n2)cc1)Nc1ccc(F)c(Cl)c1,7.017728766960431
Cc1ccc(F)c(NC(=O)Nc2ccc(C#Cc3ccc4nccn4n3)cc2)c1,6.995678626217358
O=C(Nc1ccc(C#Cc2ccc3nccn3n2)cc1)Nc1ccc(Cl)c(C(F)(F)F)c1,6.896196279044043
O=C(Nc1ccccc1)Nc1ccc(C#Cc2ccc3nccn3n2)cc1,6.573488738635425
O=C(Nc1ccc(C#Cc2ccc3nccn3n2)cc1)Nc1cc(C(F)(F)F)ccc1F,6.3487219860018556
O=C(Nc1ccc(C#Cc2ccc3nc(NC(=O)Nc4cc(C(F)(F)F)ccc4F)cn3n2)cc1)Nc1cc(C(F)(F)F)ccc1F,5.843753809602656
CC(=O)Nc1cn2nc(C#Cc3ccc(NC(=O)Nc4cccc(C)c4)cc3)ccc2n1,5.497982785172852
Cc1cccc(NC(=O)Nc2ccc(C#Cc3ccc4nc(NC(=O)C5CC5)cn4n3)cc2)c1,5.883392256011752
Cc1ccc(NC(=O)Nc2ccc(C#Cc3ccc4nccn4n3)cc2)cc1,5.638839004804974
Nc1ccc(C#Cc2ccc3nc(NC(=O)Nc4ccc(F)c(Cl)c4)cn3n2)cc1,5.772627557710364
O=C(Nc1ccc(C#Cc2ccc3nc(NC(=O)Nc4ccc(F)c(Cl)c4)cn3n2)cc1)Nc1ccc(F)c(Cl)c1,5.532539890492736
Nc1cn2nc(C#Cc3ccc(NC(=O)c4ccccc4)cc3)ccc2n1,5.903785414653595
Cc1ccc(F)c(C(=O)Nc2ccc(C#Cc3ccc4nc(N)cn4n3)cc2)c1,5.0
Cc1ccc(F)c(C(=O)Nc2cccc(C#Cc3ccc4nc(N)cn4n3)c2)c1,7.055517327849832
O=C(Nc1cccc(C#Cc2ccc3nccn3n2)c1)c1cccc(C(F)(F)F)c1,6.554395796726403
Cc1cccc(C(=O)Nc2cccc(C#Cc3ccc4nccn4n3)c2)c1,6.530177984021837
O=C(Nc1cccc(C#Cc2ccc3nccn3n2)c1)c1ccc(F)c(Cl)c1,6.333482019445119
O=C(Nc1cccc(C#Cc2ccc3nccn3n2)c1)c1cc2ccccc2o1,5.793984123236656
Cc1ccc(F)c(C(=O)Nc2cccc(C#Cc3ccc4nccn4n3)c2)c1,5.791289980093599
O=C(Nc1cccc(C#Cc2ccc3nccn3n2)c1)c1ccccc1,5.626536278367631
Cc1ccc(C(=O)Nc2cccc(C#Cc3ccc4nccn4n3)c2)cc1,5.4889191544608815
Cc1ccc(F)c(NC(=O)Nc2cccc(C#Cc3ccc4nccn4n3)c2)c1,5.32836440339787
Cc1ccc(F)c(NC(=O)Nc2ccccc2C#Cc2ccc3nccn3n2)c1,5.7435227937583235
Cc1ccc(F)c(NC(=O)Nc2cccc(C#Cc3cccc4[nH]nc(N)c34)c2)c1,7.6777807052660805
Nc1n[nH]c2cccc(C#Cc3cccc(NC(=O)Nc4ccccc4)c3)c12,7.3872161432802645
Cc1ccc(F)c(NC(=O)Nc2ccc(C#Cc3cccc4[nH]nc(N)c34)cc2)c1,7.045757490560675
Cc1cccc(NC(=O)Nc2ccc(C#Cc3ccc4nc(N)cn4n3)cc2)c1,7.292429823902063
O=C(Nc1ccc(C#Cc2ccc3nccn3n2)cc1)Nc1cccc(C(F)(F)F)c1,6.016824927962187
Cc1cccc(NC(=O)Nc2ccc(C#Cc3ccc4nccn4n3)cc2)c1,6.87942606879415
Nc1cn2nc(C#Cc3ccc(NC(=O)Nc4cc(C(F)(F)F)ccc4F)cc3)ccc2n1,6.373659632624958
O=C(Nc1ccc(C#Cc2ccc3nccn3n2)cc1)Nc1ccc(Cl)c(C(F)(F)F)c1,5.689094370623859
O=C(Nc1ccccc1)Nc1ccc(C#Cc2ccc3nccn3n2)cc1,5.265360161012301
O=C(Nc1ccc(C#Cc2ccc3nccn3n2)cc1)Nc1cc(C(F)(F)F)ccc1F,5.074894273190336
O=C(Nc1ccc(C#Cc2ccc3nc(NC(=O)Nc4cc(C(F)(F)F)ccc4F)cn3n2)cc1)Nc1cc(C(F)(F)F)ccc1F,5.0
CC(=O)Nc1cn2nc(C#Cc3ccc(NC(=O)Nc4cccc(C)c4)cc3)ccc2n1,5.0
Cc1cccc(NC(=O)Nc2ccc(C#Cc3ccc4nc(NC(=O)C5CC5)cn4n3)cc2)c1,5.0
Cc1ccc(NC(=O)Nc2ccc(C#Cc3ccc4nccn4n3)cc2)cc1,5.0
Nc1ccc(C#Cc2ccc3nc(NC(=O)Nc4ccc(F)c(Cl)c4)cn3n2)cc1,5.0
O=C(Nc1ccc(C#Cc2ccc3nc(NC(=O)Nc4ccc(F)c(Cl)c4)cn3n2)cc1)Nc1ccc(F)c(Cl)c1,5.0
Nc1cn2nc(C#Cc3ccc(NC(=O)c4ccccc4)cc3)ccc2n1,5.0
Cc1ccc(F)c(C(=O)Nc2ccc(C#Cc3ccc4nc(N)cn4n3)cc2)c1,5.356152689700286
Cc1ccc(F)c(C(=O)Nc2cccc(C#Cc3ccc4nc(N)cn4n3)c2)c1,5.9503943874050265
O=C(Nc1cccc(C#Cc2ccc3nccn3n2)c1)c1cccc(C(F)(F)F)c1,5.892790030352131
Cc1cccc(C(=O)Nc2cccc(C#Cc3ccc4nccn4n3)c2)c1,6.064492734175287
O=C(Nc1cccc(C#Cc2ccc3nccn3n2)c1)c1ccc(F)c(Cl)c1,5.835944708106548
O=C(Nc1cccc(C#Cc2ccc3nccn3n2)c1)c1cc2ccccc2o1,5.0
Cc1ccc(F)c(C(=O)Nc2cccc(C#Cc3ccc4nccn4n3)c2)c1,5.517412230473233
O=C(Nc1cccc(C#Cc2ccc3nccn3n2)c1)c1ccccc1,5.0
Cc1ccc(C(=O)Nc2cccc(C#Cc3ccc4nccn4n3)c2)cc1,5.0
Cc1ccc(F)c(NC(=O)Nc2cccc(C#Cc3cccc4[nH]nc(N)c34)c2)c1,7.795880017344075
Nc1n[nH]c2cccc(C#Cc3cccc(NC(=O)Nc4ccccc4)c3)c12,7.698970004336019
Cc1ccc(F)c(NC(=O)Nc2ccc(C#Cc3cccc4[nH]nc(N)c34)cc2)c1,6.790484985457369
CCC(C(N)=O)c1ccccc1CCc1nc(Nc2ccc(C3CCNCC3)cc2)ncc1C(F)(F)F,5.0
NC(=O)C1(c2ccccc2CCc2nc(Nc3ccc(C4CCNCC4)cc3)ncc2C(F)(F)F)CC1,6.548213564475709
CN1CCC(c2ccc(Nc3ncc(C(F)(F)F)c(CCc4ccccc4C4(C(N)=O)CC4)n3)cc2)CC1,5.747389659432627
NC(=O)C1(c2ccccc2CCc2nc(Nc3ccc(C4CNC4)cc3)ncc2C(F)(F)F)CC1,5.691222226335279
NC(=O)C1(c2ccccc2CCc2nc(Nc3ccc(C4CCNCC4)nc3)ncc2C(F)(F)F)CC1,5.3890206200770026
NC(=O)C1(c2ccccc2CCc2nc(Nc3cccnc3)ncc2Cl)CC1,5.179929965687674
NC(=O)C1(c2ccccc2CCc2nc(Nc3ccc(C4CCNCC4)cc3)ncc2Cl)CC1,6.201349354554731
CN1CCC(c2ccc(Nc3ncc(Cl)c(CCc4ccccc4C4(C(N)=O)CC4)n3)cc2)CC1,6.047207556955908
NC(=O)C1(c2ccccc2CCc2nc(Nc3ccc(C(F)(F)F)nc3)ncc2Cl)CC1,5.0
NC(=O)C1(c2ccccc2CCc2nc(Nc3cncnc3)ncc2Cl)CC1,5.0
Cn1cc(Nc2ncc(Cl)c(CCc3ccccc3C3(C(N)=O)CC3)n2)cn1,6.590066876668706
NC(=O)C1(c2ccccc2CCc2nc(Nc3cnn(C4CNC4)c3)ncc2Cl)CC1,6.447331783887806
NC(=O)C1(c2ccccc2CCc2nc(Nc3ccc(C4CCNCC4)nc3)ncc2Cl)CC1,5.699839463048647
CN1CCC(c2ccc(Nc3ncc(Cl)c(CCc4ccccc4C4(C(N)=O)CC4)n3)cn2)CC1,7.337242168318426
NC(=O)C1(c2ccccc2CCc2nc(Nc3cnn(C4CCNCC4)c3)ncc2Cl)CC1,6.405607449624573
CN1CCC(n2cc(Nc3ncc(Cl)c(CCc4ccccc4C4(C(N)=O)CC4)n3)cn2)CC1,7.6777807052660805
NC(=O)C1(c2ccccc2CCc2nc(Nc3cn[nH]c3)ncc2Cl)CC1,6.605548319173784
NC(=O)C1(c2ccccc2CCc2nc(Nc3cnn(C4CCNC4)c3)ncc2Cl)CC1,5.755722879198157
CN1CCC(n2cc(Nc3ncc(Cl)c(CCc4ccccc4C4(C(N)=O)CC4)n3)cn2)C1,7.136677139879544
CC(N)c1ccc(Nc2ncc(Cl)c(CCc3ccccc3C3(C(N)=O)CC3)n2)cc1,6.679853713888946
CC(C(N)=O)c1ccccc1CCc1nc(Nc2cn[nH]c2)ncc1Cl,5.421819390372222
CC(C(N)=O)c1ccccc1CCc1nc(Nc2cnn(C)c2)ncc1Cl,5.087724789501188
CC(C(N)=O)c1ccccc1CCc1nc(Nc2cnn(C3CCN(C)CC3)c2)ncc1Cl,6.860120913598763
Cn1cc(Nc2ncc(Cl)c(CCc3ccccc3C(C)(C)C(N)=O)n2)cn1,6.431798275933005
CC(C(N)=O)c1ccccc1CCc1nc(Nc2cnn(C3CCNCC3)c2)ncc1C(F)(F)F,5.65286521708998
CC(C(N)=O)c1ccccc1CCc1nc(Nc2cnn(C3CCN(C)CC3)c2)ncc1C(F)(F)F,6.404503778174426
C[C@@H](C(N)=O)c1ccccc1CCc1nc(Nc2cnn(C3CCN(C)CC3)c2)ncc1C(F)(F)F,6.285670240254767
C[C@H](C(N)=O)c1ccccc1CCc1nc(Nc2cnn(C3CCN(C)CC3)c2)ncc1C(F)(F)F,6.4179366370882915
NC(=O)C1(c2ccccc2CCc2nc(Nc3ccc(C4CCNCC4)nc3)ncc2C(F)(F)F)CC1,5.3890206200770026
Cc1cccc(NC(=O)c2cccc(N3CCc4c(cnc5ccccc45)C3)c2)c1,8.154901959985743
CCc1cccc(NC(=O)c2cccc(N3CCc4c(cnc5ccccc45)C3)c2)c1,8.221848749616356
CC(C)c1cccc(NC(=O)c2cccc(N3CCc4c(cnc5ccccc45)C3)c2)c1,8.154901959985743
CC(C)c1ccc(NC(=O)c2cccc(N3CCc4c(cnc5ccccc45)C3)c2)cc1,8.096910013008056
O=C(Nc1cccc(C(F)(F)F)c1)c1cccc(N2CCc3c(cnc4ccccc34)C2)c1,8.0
CC(C)c1cccc(NC(=O)c2cccc(N3CCc4c(cnc5cc(CO)c(CO)cc45)C3)c2)c1,8.154901959985743
CC(C)c1ccc(NC(=O)c2cccc(N3CCc4c(cnc5cc(CO)c(CO)cc45)C3)c2)cc1,8.045757490560675
CCc1cccc(NC(=O)c2cccc(N3CCc4c(cnc5ccsc45)C3)c2)c1,8.301029995663981
Cc1cccc(NC(=O)c2cccc(N3CCc4c(cnc5ccccc45)C3)c2)c1,7.638272163982407
CCc1cccc(NC(=O)c2cccc(N3CCc4c(cnc5ccccc45)C3)c2)c1,7.721246399047171
CC(C)c1cccc(NC(=O)c2cccc(N3CCc4c(cnc5ccccc45)C3)c2)c1,7.522878745280337
CC(C)c1ccc(NC(=O)c2cccc(N3CCc4c(cnc5ccccc45)C3)c2)cc1,7.1487416512809245
O=C(Nc1cccc(C(F)(F)F)c1)c1cccc(N2CCc3c(cnc4ccccc34)C2)c1,7.337242168318426
CC(C)c1ccc(NC(=O)c2cccc(N3CCc4c(cnc5cc(CO)c(CO)cc45)C3)c2)cc1,7.698970004336019
CCc1cccc(NC(=O)c2cccc(N3CCc4c(cnc5ccsc45)C3)c2)c1,7.920818753952375
Cc1ccoc1C(=O)Nc1cccc(C#Cc2cc(C(=O)N=S(C)(C)=O)cnc2N)c1,8.221848749616356
Cc1ccoc1C(=O)Nc1cccc(C#Cc2cncc(C(=O)N=S(C)(C)=O)c2)c1,8.698970004336019
Cc1ccoc1C(=O)Nc1cccc(C#Cc2cncc(C(=O)N=S3(=O)CCCC3)c2)c1,8.698970004336019
Cc1ccoc1C(=O)Nc1cccc(C#Cc2cc(C(=O)N=S3(=O)CCCC3)cnc2N)c1,8.698970004336019
CS(C)(=O)=NC(=O)c1cnc(N)c(C#Cc2cccc(NC(=O)c3ccc(Cl)cc3)c2)c1,8.698970004336019
Cc1ccc(F)c(C(=O)Nc2cccc(C#Cc3cc(C(=O)N=S(C)(C)=O)cnc3N)c2)c1,8.154901959985743
Cn1ccnc1C(=O)Nc1cccc(C#Cc2cc(C(=O)N=S(C)(C)=O)cnc2N)c1,8.221848749616356
Cc1ccc(F)c(NC(=O)Nc2cccc(C#Cc3cncc(C(=O)N=S(C)(C)=O)c3)c2)c1,8.522878745280337
CS(C)(=O)=NC(=O)c1cncc(C#Cc2cccc(NC(=O)Nc3ccccc3F)c2)c1,8.096910013008056
Cc1cccc(NC(=O)Nc2cccc(C#Cc3cncc(C(=O)N=S(C)(C)=O)c3)c2)c1,8.096910013008056
Cc1ccc(NC(=O)Nc2cccc(C#Cc3cncc(C(=O)N=S(C)(C)=O)c3)c2)cc1,8.221848749616356
Cc1ccoc1C(=O)Nc1cccc(C#Cc2cc(C(=O)N=S(C)(=O)CC(=O)N3CC[C@H](O)C3)cnc2N)c1,8.522878745280337
Cc1ccoc1C(=O)Nc1cccc(C#Cc2cncc(C(=O)N=S(C)(=O)CCCN3CCN(CCOCCO)CC3)c2)c1,8.045757490560675
Cc1ccoc1C(=O)Nc1cccc(C#Cc2cncc(C(=O)N=S(=O)(CCCO)CCCO)c2)c1,8.301029995663981
Cc1ccoc1C(=O)Nc1cccc(C#Cc2cc(C(=O)N=S(=O)(CCCO)CCCO)cnc2N)c1,8.522878745280337
O=C(N=S(=O)(CCCO)CCCO)c1cncc(C#Cc2cccc(NC(=O)c3ccc(Cl)c(C(F)(F)F)c3)c2)c1,8.522878745280337
Cc1cccc(C(=O)Nc2cccc(C#Cc3cncc(C(=O)N=S(=O)(CCCO)CCCO)c3)c2)c1,8.522878745280337
O=C(N=S(=O)(CCCO)CCCO)c1cncc(C#Cc2cccc(NC(=O)c3cccc(C(F)(F)F)c3)c2)c1,8.397940008672037
O=C(N=S(=O)(CCCO)CCCO)c1cncc(C#Cc2cccc(NC(=O)c3ccc(F)c(Cl)c3)c2)c1,8.301029995663981
Cc1ccc(F)c(C(=O)Nc2cccc(C#Cc3cncc(C(=O)N=S(=O)(CCCO)CCCO)c3)c2)c1,8.045757490560675
COc1cccc(C(=O)Nc2cccc(C#Cc3cc(C(=O)N=S(=O)(CCCO)CCCO)cnc3N)c2)c1,8.301029995663981
Cc1cccc(NC(=O)c2cccc(C#Cc3cc(C(=O)N=S(=O)(CCCO)CCCO)cnc3N)c2)c1,8.522878745280337
COC(=O)CCCCS(C)(=O)=NC(=O)c1cnc(N)c(C#Cc2cccc(NC(=O)c3occc3C)c2)c1,8.154901959985743
Cc1ccoc1C(=O)Nc1cccc(C#Cc2cc(C(=O)N=S(C)(=O)CCCCC(=O)O)cnc2N)c1,8.301029995663981
COC(=O)CCCCS(C)(=O)=NC(=O)c1cnc(N)c(C#Cc2cccc(NC(=O)c3cc(C)ccc3F)c2)c1,8.096910013008056
COC(=O)CCCCS(C)(=O)=NC(=O)c1cnc(N)c(C#Cc2cccc(NC(=O)c3cccc(C)c3)c2)c1,8.397940008672037
COC(=O)CCCCS(C)(=O)=NC(=O)c1cnc(N)c(C#Cc2cccc(NC(=O)c3cc(C(F)(F)F)ccc3F)c2)c1,8.0
COC(=O)CCCCS(C)(=O)=NC(=O)c1cnc(N)c(C#Cc2cccc(NC(=O)c3cccc(C(F)(F)F)c3)c2)c1,8.397940008672037
COC(=O)CCCCS(C)(=O)=NC(=O)c1cnc(N)c(C#Cc2cccc(NC(=O)c3ccc(Cl)c(C(F)(F)F)c3)c2)c1,8.397940008672037
COC(=O)CCCCS(C)(=O)=NC(=O)c1cnc(N)c(C#Cc2cccc(NC(=O)c3cccc(OC)c3)c2)c1,8.301029995663981
COC(=O)CCCCS(C)(=O)=NC(=O)c1cnc(N)c(C#Cc2cccc(NC(=O)c3ccc(OC)c(OC)c3)c2)c1,7.823908740944319
COC(=O)CCCC[S@](C)(=O)=NC(=O)c1cnc(N)c(C#Cc2cccc(NC(=O)c3occc3C)c2)c1,8.522878745280337
COC(=O)CCCC[S@@](C)(=O)=NC(=O)c1cnc(N)c(C#Cc2cccc(NC(=O)c3occc3C)c2)c1,8.221848749616356
COC(=O)CCCCS(C)(=O)=NC(=O)c1cnc(N)c(C#Cc2cccc(C(=O)Nc3cccc(C)c3)c2)c1,8.154901959985743
COC(=O)CCCCS(C)(=O)=NC(=O)c1cnc(N)c(C#Cc2cccc(C(=O)Nc3cc(C)ccc3F)c2)c1,7.769551078621726
COC(=O)CCCCS(C)(=O)=NC(=O)c1cnc(N)c(C#Cc2cccc(C(=O)Nc3cc(C(C)(C)C)on3)c2)c1,8.0
COC(=O)CCCCS(C)(=O)=NC(=O)c1cnc(N)c(C#Cc2cccc(NC(=O)Nc3cc(C)ccc3F)c2)c1,8.301029995663981
COC(=O)CCCCS(C)(=O)=NC(=O)c1cnc(N)c(C#Cc2cccc(NC(=O)Nc3cccc(C)c3)c2)c1,8.397940008672037
Cc1ccoc1C(=O)Nc1cccc(C#Cc2cncc(C(=O)N=S(C)(=O)CCCO)c2)c1,7.853871964321762
Cc1ccoc1C(=O)Nc1cccc(C#Cc2cc(C(=O)N=S(C)(=O)CCCO)cnc2N)c1,8.522878745280337
Cc1ccoc1C(=O)Nc1cccc(C#Cc2cncc(C(=O)N=[S@@](C)(=O)CCCO)c2)c1,8.522878745280337
Cc1ccoc1C(=O)Nc1cccc(C#Cc2cncc(C(=O)N=[S@](C)(=O)CCCO)c2)c1,8.301029995663981
Cc1ccoc1C(=O)Nc1cccc(C#Cc2cc(C(=O)N=S(C)(C)=O)cnc2N)c1,9.0
Cc1ccoc1C(=O)Nc1cccc(C#Cc2cncc(C(=O)N=S(C)(C)=O)c2)c1,8.221848749616356
Cc1ccoc1C(=O)Nc1cccc(C#Cc2cncc(C(=O)N=S3(=O)CCCC3)c2)c1,8.522878745280337
Cc1ccoc1C(=O)Nc1cccc(C#Cc2cc(C(=O)N=S3(=O)CCCC3)cnc2N)c1,8.698970004336019
CS(C)(=O)=NC(=O)c1cnc(N)c(C#Cc2cccc(NC(=O)c3ccc(Cl)cc3)c2)c1,8.045757490560675
Cc1ccc(F)c(C(=O)Nc2cccc(C#Cc3cc(C(=O)N=S(C)(C)=O)cnc3N)c2)c1,8.301029995663981
Cn1ccnc1C(=O)Nc1cccc(C#Cc2cc(C(=O)N=S(C)(C)=O)cnc2N)c1,7.292429823902063
Cc1ccc(F)c(NC(=O)Nc2cccc(C#Cc3cncc(C(=O)N=S(C)(C)=O)c3)c2)c1,8.0
CS(C)(=O)=NC(=O)c1cncc(C#Cc2cccc(NC(=O)Nc3ccccc3F)c2)c1,7.318758762624412
Cc1cccc(NC(=O)Nc2cccc(C#Cc3cncc(C(=O)N=S(C)(C)=O)c3)c2)c1,7.958607314841775
Cc1ccc(NC(=O)Nc2cccc(C#Cc3cncc(C(=O)N=S(C)(C)=O)c3)c2)cc1,7.823908740944319
Cc1ccoc1C(=O)Nc1cccc(C#Cc2cc(C(=O)N=S(C)(=O)CC(=O)N3CC[C@H](O)C3)cnc2N)c1,8.522878745280337
Cc1ccoc1C(=O)Nc1cccc(C#Cc2cncc(C(=O)N=S(C)(=O)CCCN3CCN(CCOCCO)CC3)c2)c1,8.0
COC(=O)CCCCS(C)(=O)=NC(=O)c1cnc(N)c(C#Cc2cccc(NC(=O)c3occc3C)c2)c1,9.0
Cc1ccoc1C(=O)Nc1cccc(C#Cc2cc(C(=O)N=S(C)(=O)CCCCC(=O)O)cnc2N)c1,7.337242168318426
COC(=O)CCCCS(C)(=O)=NC(=O)c1cnc(N)c(C#Cc2cccc(NC(=O)c3cccc(C)c3)c2)c1,9.0
COC(=O)CCCCS(C)(=O)=NC(=O)c1cnc(N)c(C#Cc2cccc(NC(=O)c3cc(C(F)(F)F)ccc3F)c2)c1,9.0
COC(=O)CCCCS(C)(=O)=NC(=O)c1cnc(N)c(C#Cc2cccc(NC(=O)c3cccc(C(F)(F)F)c3)c2)c1,8.397940008672037
COC(=O)CCCCS(C)(=O)=NC(=O)c1cnc(N)c(C#Cc2cccc(NC(=O)c3ccc(Cl)c(C(F)(F)F)c3)c2)c1,8.221848749616356
COC(=O)CCCCS(C)(=O)=NC(=O)c1cnc(N)c(C#Cc2cccc(NC(=O)c3cccc(OC)c3)c2)c1,9.0
COC(=O)CCCCS(C)(=O)=NC(=O)c1cnc(N)c(C#Cc2cccc(NC(=O)c3ccc(OC)c(OC)c3)c2)c1,8.397940008672037
COC(=O)CCCC[S@](C)(=O)=NC(=O)c1cnc(N)c(C#Cc2cccc(NC(=O)c3occc3C)c2)c1,9.0
COC(=O)CCCC[S@@](C)(=O)=NC(=O)c1cnc(N)c(C#Cc2cccc(NC(=O)c3occc3C)c2)c1,9.0
COC(=O)CCCCS(C)(=O)=NC(=O)c1cnc(N)c(C#Cc2cccc(C(=O)Nc3cccc(C)c3)c2)c1,8.698970004336019
COC(=O)CCCCS(C)(=O)=NC(=O)c1cnc(N)c(C#Cc2cccc(C(=O)Nc3cc(C(C)(C)C)on3)c2)c1,9.0
Cc1ccoc1C(=O)Nc1cccc(C#Cc2cncc(C(=O)N=S(C)(=O)CCCO)c2)c1,9.0
Cc1ccoc1C(=O)Nc1cccc(C#Cc2cc(C(=O)N=S(C)(=O)CCCO)cnc2N)c1,8.698970004336019
COc1cc(Nc2ncc3c(n2)CCN(C(=O)c2ccccc2)C3)cc(OC)c1OC,5.3223930472795065
COc1cc(Nc2ncc3c(n2)CCN(C(=O)c2cccnc2)C3)cc(OC)c1OC,4.0
O=C(Nc1cccnc1)N1CCc2nc(Nc3ccccc3)ncc2C1,5.0
O=C(c1cccnc1)N1CCc2nc(Nc3ccccc3)ncc2C1,4.0
COc1ccc(Nc2ncc3c(n2)CCN(C(=O)c2cccnc2)C3)cc1,8.301029995663981
COc1cccc(Nc2ncc3c(n2)CCN(C(=O)c2cccnc2)C3)c1,6.3535962737769305
COc1ccccc1Nc1ncc2c(n1)CCN(C(=O)c1cccnc1)C2,8.0
Cn1nccc1Nc1ncc2c(n1)CCN(C(=O)c1cccnc1)C2,7.795880017344075
O=C(c1cccnc1)N1CCc2nc(Nc3ccsc3)ncc2C1,7.958607314841775
O=C(c1cccnc1)N1CCc2nc(Nc3cccc(F)c3)ncc2C1,6.562249437179612
COc1cc(Nc2ncc3c(n2)CCN(C(=O)c2occc2C)C3)cc(OC)c1OC,8.221848749616356
COc1cc(Nc2ncc3c(n2)CCN(C(=O)c2cc(C)nn2C)C3)cc(OC)c1OC,8.301029995663981
COc1cc(Nc2ncc3c(n2)CCN(C(=O)c2cccs2)C3)cc(OC)c1OC,8.096910013008056
COc1cc(Nc2ncc3c(n2)CCN(C(=O)c2ccccn2)C3)cc(OC)c1OC,5.732828271596986
NC(=O)/C=C(/c1ccccc1)c1ccc(NC(=O)Nc2cc(C(F)(F)F)ccc2F)cc1,6.20342566678957
COc1cccc(/C(=C/C(N)=O)c2ccc(NC(=O)Nc3cc(C(F)(F)F)ccc3F)cc2)c1,6.024568191490737
COc1ccc(/C(=C/C(N)=O)c2ccc(NC(=O)Nc3cc(C(F)(F)F)ccc3F)cc2)cc1,6.34008379993015
NC(=O)/C=C(/c1ccccc1)c1cccc(NC(=O)Nc2cc(C(F)(F)F)ccc2F)c1,5.0
NC(=O)/C=C/c1cccc(NC(=O)Nc2cc(C(F)(F)F)ccc2F)c1,5.0
NC(=O)/C=C/c1ccc(NC(=O)Nc2cc(C(F)(F)F)ccc2F)cc1,5.0
NC(=O)/C=C\c1ccc(NC(=O)Nc2cc(C(F)(F)F)ccc2F)cc1,5.554395796726403
NC(=O)/C=C/c1cccc(NC(=O)Nc2cc(C(F)(F)F)ccc2F)c1,5.0
CC(C)(C)c1ccc(-n2cccc(N3CCc4nc(N)ncc4C3)c2=O)cc1,6.543633966870957
Cc1cc[nH]c(=O)c1N1CCc2nc(N)ncc2C1,5.0
Cc1ccn(-c2ccc(C(C)(C)C)cc2)c(=O)c1N1CCc2nc(N)ncc2C1,7.0655015487564325
Cc1ccn(-c2cccc(N(C)C)c2)c(=O)c1N1CCc2nc(N)ncc2C1,6.485452247339714
Cc1ccoc1C(=O)Nc1ccc(-n2ccc(C)c(N3CCc4nc(N)ncc4C3)c2=O)cc1,7.5376020021010435
COC(=O)c1cc2nccc(Oc3ccc(NC(=O)Nc4cc(C)ccc4F)cc3)c2s1,8.698970004336019
Cc1ccc(F)c(NC(=O)Nc2ccc(Oc3ccnc4cc(C(=O)O)sc34)cc2)c1,7.5376020021010435
COC(=O)c1cc2nccc(Oc3cccc(NC(=O)Nc4cc(C)ccc4F)c3)c2s1,7.455931955649724
COC(=O)c1cc2nccc(-c3ccc(NC(=O)Nc4cc(C)ccc4F)cc3)c2s1,4.0
Cc1ccc(F)c(NC(=O)Nc2ccc(-c3ccnc4cc(C(=O)O)sc34)cc2)c1,4.0
COC(=O)c1cc2nccc(Oc3ccc(NC(=O)Nc4cc(C)ccc4F)cc3)c2s1,7.7447274948966935
Cc1ccc(F)c(NC(=O)Nc2ccc(Oc3ccnc4cc(C(=O)O)sc34)cc2)c1,7.698970004336019
COC(=O)c1cc2nccc(Oc3cccc(NC(=O)Nc4cc(C)ccc4F)c3)c2s1,7.6777807052660805
COC(=O)c1cc2nccc(-c3ccc(NC(=O)Nc4cc(C)ccc4F)cc3)c2s1,4.0
Cc1ccc(F)c(NC(=O)Nc2ccc(-c3ccnc4cc(C(=O)O)sc34)cc2)c1,4.0
Cc1ccc(F)c(NC(=O)Nc2ccc(Oc3ccnc4cc(C(=O)NCCC(=O)O)sc34)cc2)c1,7.958607314841775
Cc1ccc(F)c(NC(=O)Nc2ccc(Oc3ccnc4cc(C(=O)NCCC(=O)O)sc34)cc2F)c1,8.0
Cc1ccc(F)c(NC(=O)Nc2ccc(Oc3ccnc4cc(C(=O)O)sc34)cc2F)c1,7.958607314841775
Cc1ccc(F)c(NC(=O)Nc2ccc(Oc3ccnc4cc(C(=O)NCCCc5nn[nH]n5)sc34)cc2)c1,6.899629454882437
Cc1ccc(F)c(NC(=O)Nc2ccc(Oc3ccnc4cc(C(=O)NCCc5nn[nH]n5)sc34)cc2)c1,7.013228265733755
CCOC(=O)CN1CCN(CCCNC(=O)c2cc3nccc(Oc4ccc(NC(=O)Nc5cc(C)ccc5F)cc4)c3s2)CC1,7.468521082957745
Cc1ccc(F)c(NC(=O)Nc2ccc(Oc3ccnc4cc(C(=O)NCCCN5CCCC(CO)C5)sc34)cc2)c1,7.4089353929735005
COC(=O)CNCCCNC(=O)c1cc2nccc(Oc3ccc(NC(=O)Nc4cc(C)ccc4F)cc3)c2s1,9.096910013008056
COC(=O)CN(CCCNC(=O)c1cc2nccc(Oc3ccc(NC(=O)Nc4cc(C)ccc4F)cc3)c2s1)CC(=O)OC,9.522878745280337
CCOC(=O)N1CCN(CCNC(=O)c2cc3nccc(Oc4ccc(NC(=O)Nc5cc(C)ccc5F)c(F)c4)c3s2)CC1,8.045757490560675
CCOC(=O)N1CCN(CCCNC(=O)c2cc3nccc(Oc4ccc(NC(=O)Nc5cc(C)ccc5F)c(F)c4)c3s2)CC1,7.853871964321762
Cc1ccc(F)c(NC(=O)Nc2ccc(Oc3ccnc4cc(C(=O)NCCCN5CCOC(CO)C5)sc34)cc2F)c1,9.0
Cc1ccc(F)c(NC(=O)Nc2ccc(Oc3ccnc4cc(C(=O)NCCCN5CCC(O)CC5)sc34)cc2F)c1,7.853871964321762
COC(=O)[C@@H]1C[C@@H](O)CN1CCCNC(=O)c1cc2nccc(Oc3ccc(NC(=O)Nc4cc(C)ccc4F)c(F)c3)c2s1,8.698970004336019
COC(=O)C1CCCN1CCCNC(=O)c1cc2nccc(Oc3ccc(NC(=O)Nc4cc(C)ccc4F)c(F)c3)c2s1,8.397940008672037
Cc1ccc(F)c(NC(=O)Nc2ccc(Oc3ccnc4cc(C(=O)NCCCN5CCCC5)sc34)cc2F)c1,8.221848749616356
Cc1ccc(F)c(NC(=O)Nc2ccc(Oc3ccnc4cc(C(=O)NCCCNC(=O)OC(C)(C)C)sc34)cc2F)c1,7.795880017344075
Cc1ccc(F)c(NC(=O)Nc2ccc(Oc3ccnc4cc(C(=O)NCCCN)sc34)cc2F)c1,8.0
CCNC(=O)[C@H](CCC(=O)O)NC(=O)c1cc2nccc(Oc3ccc(NC(=O)Nc4cc(C)ccc4F)c(F)c3)c2s1,6.484126156288321
Cc1ccc(F)c(NC(=O)Nc2ccc(Oc3ccnc4cc(C(=O)NCCCN5CCC(C(=O)O)C5)sc34)cc2F)c1,7.096910013008056
COC(=O)CC[C@H](NC(=O)c1cc2nccc(Oc3ccc(NC(=O)Nc4cc(C)ccc4F)c(F)c3)c2s1)C(=O)OC,8.397940008672037
Cc1ccc(F)c(NC(=O)Nc2ccc(Oc3ccnc4cc(C(=O)NCCCN5CCOCC5)sc34)cc2F)c1,8.154901959985743
CCOC(=O)CCCNC(=O)c1cc2nccc(Oc3ccc(NC(=O)Nc4cc(C)ccc4F)c(F)c3)c2s1,9.0
Cc1ccc(F)c(NC(=O)Nc2ccc(Oc3ccnc4cc(C(=O)NCCCC(=O)O)sc34)cc2)c1,8.698970004336019
Cc1ccc(F)c(NC(=O)Nc2ccc(Oc3ccnc4cc(C(=O)NCCCN5CCCCC5)sc34)cc2)c1,7.795880017344075
Cc1ccc(F)c(NC(=O)Nc2ccc(Oc3ccnc4cc(C(=O)NCCCN5CCN(C)CC5)sc34)cc2)c1,8.698970004336019
Cc1ccc(F)c(NC(=O)Nc2ccc(Oc3ccnc4cc(C(=O)NCCCN5CCCC5)sc34)cc2)c1,7.698970004336019
CCN(CC)CCNC(=O)c1cc2nccc(Oc3ccc(NC(=O)Nc4cc(C)ccc4F)cc3)c2s1,7.958607314841775
CCN(CC)CCCNC(=O)c1cc2nccc(Oc3ccc(NC(=O)Nc4cc(C)ccc4F)cc3)c2s1,8.045757490560675
Cc1ccoc1C(=O)Nc1cccc(Oc2ccnc3cc(C(=O)O)sc23)c1,6.790484985457369
Cc1ccoc1C(=O)Nc1cccc(Oc2ccnc3cc(C(=O)NO)sc23)c1,7.795880017344075
Cc1ccc(F)c(NC(=O)c2cccc(Oc3ccnc4cc(C(=O)O)sc34)c2)c1,7.060480747381382
CCNC(=O)c1cc2nccc(Oc3cccc(C(=O)Nc4cc(C)ccc4F)c3)c2s1,7.795880017344075
CCN(CC)C(=O)c1cc2nccc(Oc3cccc(C(=O)Nc4cc(C)ccc4F)c3)c2s1,7.1938200260161125
COC(=O)CNCCCNC(=O)c1cc2nccc(Oc3cccc(C(=O)Nc4cc(C)ccc4F)c3)c2s1,8.045757490560675
Cc1ccc(F)c(NC(=O)Nc2ccc(Oc3ccnc4cc(C(=O)NCCCc5nn[nH]n5)sc34)cc2)c1,8.522878745280337
Cc1ccc(F)c(NC(=O)Nc2ccc(Oc3ccnc4cc(C(=O)NCCc5nn[nH]n5)sc34)cc2)c1,8.221848749616356
CCOC(=O)CN1CCN(CCCNC(=O)c2cc3nccc(Oc4ccc(NC(=O)Nc5cc(C)ccc5F)cc4)c3s2)CC1,8.397940008672037
Cc1ccc(F)c(NC(=O)Nc2ccc(Oc3ccnc4cc(C(=O)NCCCN5CCCC(CO)C5)sc34)cc2)c1,8.522878745280337
Cc1ccc(F)c(NC(=O)Nc2ccc(Oc3ccnc4cc(C(=O)NCCCN5CCOC(CO)C5)sc34)cc2)c1,8.154901959985743
COC(=O)[C@@H]1C[C@@H](O)CN1CCCNC(=O)c1cc2nccc(Oc3ccc(NC(=O)Nc4cc(C)ccc4F)cc3)c2s1,8.397940008672037
COC(=O)CNCCCNC(=O)c1cc2nccc(Oc3ccc(NC(=O)Nc4cc(C)ccc4F)cc3)c2s1,8.522878745280337
COC(=O)CN(CCCNC(=O)c1cc2nccc(Oc3ccc(NC(=O)Nc4cc(C)ccc4F)cc3)c2s1)CC(=O)OC,8.397940008672037
CCOC(=O)N1CCN(CCNC(=O)c2cc3nccc(Oc4ccc(NC(=O)Nc5cc(C)ccc5F)c(F)c4)c3s2)CC1,8.154901959985743
CCOC(=O)N1CCN(CCCNC(=O)c2cc3nccc(Oc4ccc(NC(=O)Nc5cc(C)ccc5F)c(F)c4)c3s2)CC1,8.0
COC(=O)CNCCCNC(=O)c1cc2nccc(Oc3ccc(NC(=O)Nc4cc(C)ccc4F)c(F)c3)c2s1,8.301029995663981
COC(=O)CN(CCCNC(=O)c1cc2nccc(Oc3ccc(NC(=O)Nc4cc(C)ccc4F)c(F)c3)c2s1)CC(=O)OC,8.301029995663981
COC(=O)CN(CCNC(=O)c1cc2nccc(Oc3ccc(NC(=O)Nc4cc(C)ccc4F)c(F)c3)c2s1)CC(=O)OC,7.795880017344075
COC(=O)C1CCN(C(=O)c2cc3nccc(Oc4ccc(NC(=O)Nc5cc(C)ccc5F)c(F)c4)c3s2)C1,8.301029995663981
CCOC(=O)CN1CCN(C(=O)CN2CCN(C(=O)c3cc4nccc(Oc5ccc(NC(=O)Nc6cc(C)ccc6F)c(F)c5)c4s3)CC2)CC1,8.301029995663981
CCOC(=O)CN1CCN(C(=O)c2cc3nccc(Oc4ccc(NC(=O)Nc5cc(C)ccc5F)c(F)c4)c3s2)CC1,8.154901959985743
COC(=O)CNCCNC(=O)c1cc2nccc(Oc3ccc(NC(=O)Nc4cc(C)ccc4F)c(F)c3)c2s1,8.045757490560675
Cc1ccc(F)c(NC(=O)Nc2ccc(Oc3ccnc4cc(C(=O)NCCN)sc34)cc2F)c1,8.397940008672037
Cc1ccc(F)c(NC(=O)Nc2ccc(Oc3ccnc4cc(C(=O)NCCNC(=O)OC(C)(C)C)sc34)cc2F)c1,7.619788758288394
Cc1ccc(F)c(NC(=O)Nc2ccc(Oc3ccnc4cc(C(=O)NCCCN5CCN(C)CC5)sc34)cc2F)c1,8.522878745280337
Cc1ccc(F)c(NC(=O)Nc2ccc(Oc3ccnc4cc(C(=O)NCCCN5CCCC(CO)C5)sc34)cc2F)c1,8.154901959985743
Cc1ccc(F)c(NC(=O)Nc2ccc(Oc3ccnc4cc(C(=O)NCCCN5CCOC(CO)C5)sc34)cc2F)c1,8.154901959985743
Cc1ccc(F)c(NC(=O)Nc2ccc(Oc3ccnc4cc(C(=O)NCCCN5CCC(O)CC5)sc34)cc2F)c1,8.154901959985743
COC(=O)[C@@H]1C[C@@H](O)CN1CCCNC(=O)c1cc2nccc(Oc3ccc(NC(=O)Nc4cc(C)ccc4F)c(F)c3)c2s1,8.301029995663981
COC(=O)C1CCCN1CCCNC(=O)c1cc2nccc(Oc3ccc(NC(=O)Nc4cc(C)ccc4F)c(F)c3)c2s1,8.221848749616356
Cc1ccc(F)c(NC(=O)Nc2ccc(Oc3ccnc4cc(C(=O)NCCCN5CCCC5)sc34)cc2F)c1,8.522878745280337
Cc1ccc(F)c(NC(=O)Nc2ccc(Oc3ccnc4cc(C(=O)NCCCNC(=O)OC(C)(C)C)sc34)cc2F)c1,7.958607314841775
Cc1ccc(F)c(NC(=O)Nc2ccc(Oc3ccnc4cc(C(=O)NCCCN)sc34)cc2F)c1,8.154901959985743
CCNC(=O)[C@H](CCC(=O)O)NC(=O)c1cc2nccc(Oc3ccc(NC(=O)Nc4cc(C)ccc4F)c(F)c3)c2s1,7.721246399047171
Cc1ccc(F)c(NC(=O)Nc2ccc(Oc3ccnc4cc(C(=O)N[C@@H](CCC(=O)OC(C)(C)C)C(=O)O)sc34)cc2F)c1,8.154901959985743
Cc1ccc(F)c(NC(=O)Nc2ccc(Oc3ccnc4cc(C(=O)NCCCN5CCC(C(=O)O)C5)sc34)cc2F)c1,7.795880017344075
Cc1ccc(F)c(NC(=O)Nc2ccc(Oc3ccnc4cc(C(=O)NCCCO)sc34)cc2F)c1,7.920818753952375
COC(=O)CC[C@H](NC(=O)c1cc2nccc(Oc3ccc(NC(=O)Nc4cc(C)ccc4F)c(F)c3)c2s1)C(=O)OC,7.468521082957745
Cc1ccc(F)c(NC(=O)Nc2ccc(Oc3ccnc4cc(C(=O)NCCCN5CCOCC5)sc34)cc2F)c1,7.958607314841775
CCOC(=O)CCCNC(=O)c1cc2nccc(Oc3ccc(NC(=O)Nc4cc(C)ccc4F)cc3)c2s1,7.698970004336019
CCOC(=O)CCCNC(=O)c1cc2nccc(Oc3ccc(NC(=O)Nc4cc(C)ccc4F)c(F)c3)c2s1,7.853871964321762
Cc1ccc(F)c(NC(=O)Nc2ccc(Oc3ccnc4cc(C(=O)N=S(C)(C)=O)sc34)cc2F)c1,8.522878745280337
Cc1ccc(F)c(NC(=O)Nc2ccc(Oc3ccnc4cc(C(=O)N=S(C)(C)=O)sc34)cc2)c1,8.698970004336019
Cc1ccc(F)c(NC(=O)Nc2ccc(Oc3ccnc4cc(C(=O)NCCCC(=O)O)sc34)cc2F)c1,7.886056647693163
Cc1ccc(F)c(NC(=O)Nc2ccc(Oc3ccnc4cc(C(=O)NCCCC(=O)O)sc34)cc2)c1,7.920818753952375
Cc1ccc(F)c(NC(=O)Nc2ccc(Oc3ccnc4cc(C(=O)NCCCN5CCCCC5)sc34)cc2)c1,8.397940008672037
Cc1ccc(F)c(NC(=O)Nc2ccc(Oc3ccnc4cc(C(=O)NCCCN5CCN(C)CC5)sc34)cc2)c1,8.698970004336019
Cc1ccc(F)c(NC(=O)Nc2ccc(Oc3ccnc4cc(C(=O)NCCCN5CCCC5)sc34)cc2)c1,8.221848749616356
CCN(CC)CCNC(=O)c1cc2nccc(Oc3ccc(NC(=O)Nc4cc(C)ccc4F)cc3)c2s1,8.397940008672037
CCN(CC)CCCNC(=O)c1cc2nccc(Oc3ccc(NC(=O)Nc4cc(C)ccc4F)cc3)c2s1,8.522878745280337
COC(=O)c1cc2nccc(Oc3cccc(NC(=O)c4occc4C)c3)c2s1,7.619788758288394
Cc1ccoc1C(=O)Nc1cccc(Oc2ccnc3cc(C(=O)O)sc23)c1,7.4089353929735005
CCNC(=O)c1cc2nccc(Oc3cccc(NC(=O)c4occc4C)c3)c2s1,8.045757490560675
CCN(CC)C(=O)c1cc2nccc(Oc3cccc(NC(=O)c4occc4C)c3)c2s1,7.568636235841013
Cc1ccoc1C(=O)Nc1cccc(Oc2ccnc3cc(C(=O)NO)sc23)c1,7.958607314841775
Cc1ccoc1C(=O)Nc1cccc(Oc2ccnc3cc(C(=O)NCCCO)sc23)c1,7.958607314841775
Cc1ccoc1C(=O)Nc1cccc(Oc2ccnc3cc(C(=O)NCCO)sc23)c1,7.769551078621726
Cc1ccoc1C(=O)Nc1cccc(Oc2ccnc3cc(C(=O)NCCc4nn[nH]n4)sc23)c1,7.853871964321762
Cc1ccoc1C(=O)Nc1cccc(Oc2ccnc3cc(C(=O)OCCCO)sc23)c1,8.045757490560675
Cc1ccoc1C(=O)Nc1cccc(Oc2ccnc3cc(C(=O)OCCO)sc23)c1,7.769551078621726
COCCOC(=O)c1cc2nccc(Oc3cccc(NC(=O)c4occc4C)c3)c2s1,7.721246399047171
COC(=O)CNCCCNC(=O)c1cc2nccc(Oc3cccc(NC(=O)c4occc4C)c3)c2s1,7.958607314841775
Cc1ccc(F)c(NC(=O)c2cccc(Oc3ccnc4cc(C(=O)O)sc34)c2)c1,7.698970004336019
CCNC(=O)c1cc2nccc(Oc3cccc(C(=O)Nc4cc(C)ccc4F)c3)c2s1,8.0
CCN(CC)C(=O)c1cc2nccc(Oc3cccc(C(=O)Nc4cc(C)ccc4F)c3)c2s1,8.154901959985743
COC(=O)CNCCCNC(=O)c1cc2nccc(Oc3cccc(C(=O)Nc4cc(C)ccc4F)c3)c2s1,7.795880017344075
CCc1cccc(NC(=O)Nc2ccc(-c3cc4ccccc4n3C(N)=O)cc2)c1,8.522878745280337
COC(=O)c1ccc2cc(-c3ccc(NC(=O)Nc4cccc(C)c4)cc3)n(C(N)=O)c2c1,8.301029995663981
Cc1cccc(NC(=O)Nc2ccc(-c3cc4ccccc4n3C(N)=O)cc2)c1,8.221848749616356
CC(C)c1cccc(NC(=O)Nc2ccc(-c3cc4ccccc4n3C(N)=O)cc2)c1,8.221848749616356
NC(=O)n1c(-c2ccc(NC(=O)Nc3ccc(F)c(Cl)c3)cc2)cc2ccccc21,8.096910013008056
NC(=O)n1c(-c2ccc(NC(=O)Nc3cccc(C(F)(F)F)c3)cc2)cc2ccccc21,8.045757490560675
Cc1ccc(F)c(NC(=O)Nc2ccc(-c3cc4ccccc4n3C(N)=O)cc2)c1,8.045757490560675
COc1cccc(NC(=O)Nc2ccc(-c3cc4ccccc4n3C(N)=O)cc2)c1,7.958607314841775
NC(=O)n1c(-c2ccc(NC(=O)Nc3cc(C(F)(F)F)ccc3F)cc2)cc2ccccc21,7.958607314841775
NC(=O)n1c(-c2ccc(NC(=O)Nc3ccccc3)cc2)cc2ccccc21,7.657577319177793
Cc1ccc(NC(=O)Nc2ccc(-c3cc4ccccc4n3C(N)=O)cc2)cc1,7.638272163982407
Cc1ccccc1NC(=O)Nc1ccc(-c2cc3ccccc3n2C(N)=O)cc1,6.7594507517174005
Cc1cccc(NC(=O)Nc2cccc(-c3cc4ccccc4n3C(N)=O)c2)c1,6.559090917934782
CCc1cccc(NC(=O)Nc2cccc(-c3cc4ccccc4n3C(N)=O)c2)c1,6.619788758288394
NC(=O)n1c(-c2cccc(NC(=O)Nc3cccc(C(F)(F)F)c3)c2)cc2ccccc21,6.5951662833800615
NC(=O)n1c(-c2cccc(NC(=O)Nc3ccc(F)c(Cl)c3)c2)cc2ccccc21,6.603800652904264
Cc1ccc(F)c(NC(=O)Nc2cccc(-c3cc4ccccc4n3C(N)=O)c2)c1,6.476253533188435
Cc1cccc(C(=O)Nc2cccc(-c3cc4ccccc4n3C(N)=O)c2)c1,5.930331903088404
Cc1cccc(NC(=O)Nc2csc(-c3cc4ccccc4n3C(N)=O)c2)c1,7.173925197299173
NC(=O)n1c(-c2cc(NC(=O)Nc3cccc(C(F)(F)F)c3)cs2)cc2ccccc21,7.031517051446065
CCc1cccc(NC(=O)Nc2csc(-c3cc4ccccc4n3C(N)=O)c2)c1,7.221848749616356
Cc1ccc(F)c(NC(=O)Nc2csc(-c3cc4ccccc4n3C(N)=O)c2)c1,7.026872146400302
NC(=O)n1c(-c2cc(NC(=O)Nc3ccc(F)c(Cl)c3)cs2)cc2ccccc21,7.080921907623926
NC(=O)n1c(-c2cc(NC(=O)Nc3ccc(Cl)c(C(F)(F)F)c3)cs2)cc2ccccc21,6.882728704344236
Cc1ccoc1C(=O)Nc1csc(-c2cc3ccccc3n2C(N)=O)c1,5.4968905633286305
Cc1ccc(F)c(C(=O)Nc2csc(-c3cc4ccccc4n3C(N)=O)c2)c1,5.438064236686219
CCc1cccc(NC(=O)Nc2ccc(-c3cc4ccccc4n3C(N)=O)cc2)c1,7.886056647693163
COC(=O)c1ccc2cc(-c3ccc(NC(=O)Nc4cccc(C)c4)cc3)n(C(N)=O)c2c1,7.958607314841775
Cc1cccc(NC(=O)Nc2ccc(-c3cc4ccccc4n3C(N)=O)cc2)c1,7.769551078621726
CC(C)c1cccc(NC(=O)Nc2ccc(-c3cc4ccccc4n3C(N)=O)cc2)c1,7.823908740944319
NC(=O)n1c(-c2ccc(NC(=O)Nc3ccc(F)c(Cl)c3)cc2)cc2ccccc21,7.013228265733755
NC(=O)n1c(-c2ccc(NC(=O)Nc3cccc(C(F)(F)F)c3)cc2)cc2ccccc21,7.236572006437063
Cc1ccc(F)c(NC(=O)Nc2ccc(-c3cc4ccccc4n3C(N)=O)cc2)c1,7.3872161432802645
COc1cccc(NC(=O)Nc2ccc(-c3cc4ccccc4n3C(N)=O)cc2)c1,7.346787486224656
NC(=O)n1c(-c2ccc(NC(=O)Nc3cc(C(F)(F)F)ccc3F)cc2)cc2ccccc21,6.856985199745905
NC(=O)n1c(-c2ccc(NC(=O)Nc3ccccc3)cc2)cc2ccccc21,6.823908740944319
Cc1ccc(NC(=O)Nc2ccc(-c3cc4ccccc4n3C(N)=O)cc2)cc1,5.0
Cc1cccc(NC(=O)Nc2csc(-c3cc4ccccc4n3C(N)=O)c2)c1,6.294136287716081
NC(=O)n1c(-c2cc(NC(=O)Nc3cccc(C(F)(F)F)c3)cs2)cc2ccccc21,5.917573699139228
NC(=O)n1c(-c2cc(NC(=O)Nc3ccc(Cl)c(C(F)(F)F)c3)cs2)cc2ccccc21,5.133712660915805
Cc1cc(Oc2cc(NC(=O)C3CC3)ncn2)ccc1NC(=O)Nc1ccc(Cl)c(C(F)(F)F)c1,7.962573502059376
O=C(Nc1ccc(Cl)c(C(F)(F)F)c1)Nc1cc(Oc2cc(NC(=O)C3CC3)ncn2)ccc1F,8.267606240177031
Cc1cc(Oc2cc(NC(=O)C3CC3)ncn2)c(F)cc1NC(=O)Nc1ccc(Cl)c(C(F)(F)F)c1,7.777283528852417
Cc1cc(NC(=O)Nc2ccc(Cl)c(C(F)(F)F)c2)cc(Oc2cc(NC(=O)C3CC3)ncn2)c1,6.534617148551582
O=C(Nc1cc(F)cc(Oc2cc(NC(=O)C3CC3)ncn2)c1)Nc1ccc(Cl)c(C(F)(F)F)c1,7.568636235841013
N#Cc1cc(NC(=O)Nc2ccc(Cl)c(C(F)(F)F)c2)ccc1Oc1cc(NC(=O)C2CC2)ncn1,7.6020599913279625
O=C(Nc1ccc(Oc2cc(NC(=O)C3CC3)ncn2)cc1)Nc1ccc(Cl)c(C(F)(F)F)c1,8.244125144327509
O=C(Nc1ccc(Oc2cc(NC(=O)C3CC3)ncn2)c(F)c1)Nc1ccc(Cl)c(C(F)(F)F)c1,8.244125144327509
O=C(Nc1ccc(Cl)c(C(F)(F)F)c1)Nc1ccc(Oc2cc(NC(=O)C3CC3)ncn2)cc1F,8.050609993355087
Cc1cc(NC(=O)Nc2ccc(Cl)c(C(F)(F)F)c2)ccc1Oc1cc(NC(=O)C2CC2)ncn1,7.863279432843593
Cc1nc(NC(=O)Nc2ccc(Cl)c(C(F)(F)F)c2)ccc1Oc1cc(NC(=O)C2CC2)ncn1,7.872895201635193
O=C(Nc1cccc(Oc2cc(NC(=O)C3CC3)ncn2)c1)Nc1ccc(Cl)c(C(F)(F)F)c1,8.00436480540245
O=C(Nc1ccc(F)c(Oc2cc(NC(=O)C3CC3)ncn2)c1)Nc1ccc(Cl)c(C(F)(F)F)c1,7.847711655616943
Cc1ccc(Oc2cc(NC(=O)C3CC3)ncn2)cc1NC(=O)Nc1ccc(Cl)c(C(F)(F)F)c1,8.154901959985743
O=C(Nc1ccc(Oc2cc(NC(=O)C3CC3)ncn2)nc1)Nc1ccc(Cl)c(C(F)(F)F)c1,8.3767507096021
Cc1cc(Oc2cc(NC(=O)C3CC3)ncn2)ncc1NC(=O)Nc1ccc(Cl)c(C(F)(F)F)c1,8.0268721464003
Cc1cc(NC(=O)Nc2ccc(Cl)c(C(F)(F)F)c2)cnc1Oc1ccnc(NC(=O)C2CC2)c1,7.534617148551582
Cc1cc(Oc2ccnc(NC(=O)C3CC3)c2)ncc1NC(=O)Nc1ccc(Cl)c(C(F)(F)F)c1,8.0268721464003
O=C(Nc1cnc(Oc2ccnc(NC(=O)C3CC3)c2)c(Cl)c1)Nc1ccc(Cl)c(C(F)(F)F)c1,7.651695136951839
O=C(Nc1ccc(Oc2ccnc(NC(=O)C3CC3)c2)nc1)Nc1ccc(Cl)c(C(F)(F)F)c1,8.236572006437063
O=C(Nc1ccc(Cl)c(C(F)(F)F)c1)Nc1ccc(Oc2ccnc(NC(=O)C3CC3)c2)cn1,8.1249387366083
O=C(Nc1ccc(Oc2ccnc(NC(=O)C3CC3)c2)c(F)c1)Nc1ccc(Cl)c(C(F)(F)F)c1,8.366531544420413
Cc1cc(Oc2ccnc(NC(=O)C3CC3)c2)ccc1NC(=O)Nc1ccc(Cl)c(C(F)(F)F)c1,7.978810700930062
O=C(Nc1cc(F)cc(Oc2ccnc(NC(=O)C3CC3)c2)c1)Nc1ccc(Cl)c(C(F)(F)F)c1,7.471083299722345
O=C(Nc1cnc(Oc2ccnc(NC(=O)C3CC3)c2)c(F)c1)Nc1ccc(Cl)c(C(F)(F)F)c1,7.826813731587726
N#Cc1cc(NC(=O)Nc2ccc(Cl)c(C(F)(F)F)c2)ccc1Oc1ccnc(NC(=O)C2CC2)c1,7.739928612014925
O=C(Nc1ccc(Oc2ccnc(NC(=O)C3CC3)c2)c(F)c1)Nc1ccc(Cl)c(C(F)(F)F)c1,7.939302159646388
CC1(C(=O)Nc2cc(Oc3ccc(NC(=O)Nc4ccc(Cl)c(C(F)(F)F)c4)cc3F)ccn2)CC1,7.896196279044043
O=C(Nc1ccc(Cl)c(C(F)(F)F)c1)Nc1ccc(Oc2ccnc(NC(=O)C3CC3)c2)cc1F,8.4089353929735
Cc1ccc(Oc2ccnc(NC(=O)C3CC3)c2)cc1NC(=O)Nc1ccc(Cl)c(C(F)(F)F)c1,7.906578314837765
Cc1cc(NC(=O)Nc2ccc(Cl)c(C(F)(F)F)c2)ccc1Oc1ccnc(NC(=O)C2CC2)c1,7.838631997765025
Cc1cc(Oc2cc(NC(=O)C3CC3)ncn2)ccc1NC(=O)Nc1cc(NC(C)C)cc(C(F)(F)F)c1,7.585026652029182
CC(F)(F)c1cncc(NC(=O)Nc2ccc(Oc3ccnc(NC(=O)C4CC4)c3)cc2F)c1,8.2518119729938
O=C(Nc1cccc(OC(F)(F)F)c1)Nc1ccc(Oc2ccnc(NC(=O)C3CC3)c2)cc1F,7.991399828238082
CC(F)(F)c1cc(F)cc(NC(=O)Nc2ccc(Oc3ccnc(NC(=O)C4CC4)c3)cc2F)c1,8.10790539730952
CN1CCC(c2ccc(NC(=O)Nc3ccc(Oc4ccnc(NC(=O)C5CC5)c4)c(F)c3)cc2C(F)(F)F)CC1,7.806875401645538
CS(=O)(=O)c1cc(NC(=O)Nc2ccc(Oc3ccnc(NC(=O)C4CC4)c3)c(F)c2)cc(C(F)(F)F)c1,7.8696662315049934
CN1CCC(Oc2cc(NC(=O)Nc3ccc(Oc4ccnc(NC(=O)C5CC5)c4)c(F)c3)cc(C(F)(F)F)c2)C1,8.086186147616283
O=C(Nc1cc(OC2CCOC2)cc(C(F)(F)F)c1)Nc1ccc(Oc2ccnc(NC(=O)C3CC3)c2)c(F)c1,7.847711655616943
CN1CCC(C(=O)c2cc(NC(=O)Nc3ccc(Oc4ccnc(NC(=O)C5CC5)c4)c(F)c3)cc(C(F)(F)F)c2)CC1,7.818156412055227
CC1CN(c2cc(NC(=O)Nc3ccc(Oc4ccnc(NC(=O)C5CC5)c4)c(F)c3)cc(C(F)(F)F)c2)C(=O)O1,8.3767507096021
Nc1nnc(-c2cc(NC(=O)Nc3ccc(Oc4ccnc(NC(=O)C5CC5)c4)c(F)c3)cc(C(F)(F)F)c2)o1,7.939302159646388
COCC(=O)Nc1cc(NC(=O)Nc2ccc(Oc3ccnc(NC(=O)C4CC4)c3)c(F)c2)cc(C(F)(F)F)c1,7.7423214251308154
CC(=O)Nc1cc(NC(=O)Nc2ccc(Oc3ccnc(NC(=O)C4CC4)c3)c(F)c2)cc(C(F)(F)F)c1,7.847711655616943
CC(c1cc(NC(=O)Nc2ccc(Oc3ccnc(NC(=O)C4CC4)c3)c(F)c2)cc(C(F)(F)F)c1)N1CCN(C)CC1,7.8124792791635365
O=C(Nc1cc(N2CCC(F)CC2)cc(C(F)(F)F)c1)Nc1ccc(Oc2ccnc(NC(=O)C3CC3)c2)c(F)c1,7.779891911959945
CC1CN(c2cc(NC(=O)Nc3ccc(Oc4ccnc(NC(=O)C5CC5)c4)c(F)c3)cc(C(F)(F)F)c2)CC(C)O1,8.207608310501746
CN(C)C1CCN(c2cc(NC(=O)Nc3ccc(Oc4ccnc(NC(=O)C5CC5)c4)c(F)c3)cc(C(F)(F)F)c2)C1,8.136677139879543
O=C(Nc1cc(NC2CC2)cc(C(F)(F)F)c1)Nc1ccc(Oc2ccnc(NC(=O)C3CC3)c2)c(F)c1,8.00436480540245
CCOC(=O)C(C)(C)CNc1cc(NC(=O)Nc2ccc(Oc3ccnc(NC(=O)C4CC4)c3)c(F)c2)cc(C(F)(F)F)c1,7.892790030352131
O=C(Nc1cc(N2CCC(O)CC2)cc(C(F)(F)F)c1)Nc1ccc(Oc2ccnc(NC(=O)C3CC3)c2)c(F)c1,8.2839966563652
O=C(Nc1cc(N2CCCC2=O)cc(C(F)(F)F)c1)Nc1ccc(Oc2ccnc(NC(=O)C3CC3)c2)c(F)c1,7.809668301829708
O=C(Nc1cc(N2CCN(CCF)CC2)cc(C(F)(F)F)c1)Nc1ccc(Oc2ccnc(NC(=O)C3CC3)c2)c(F)c1,7.886056647693163
CC(C)N1CCN(c2cc(NC(=O)Nc3ccc(Oc4ccnc(NC(=O)C5CC5)c4)c(F)c3)cc(C(F)(F)F)c2)CC1,7.815308569182402
CCN1CCN(c2cc(NC(=O)Nc3ccc(Oc4ccnc(NC(=O)C5CC5)c4)c(F)c3)cc(C(F)(F)F)c2)CC1,7.838631997765025
CC(F)(F)c1cncc(NC(=O)Nc2ccc(Oc3ccnc(NC(=O)C4CC4)c3)c(F)c2)c1,7.756961951313706
O=C(Nc1cccc(C2CC2)c1)Nc1ccc(Oc2ccnc(NC(=O)C3CC3)c2)c(F)c1,7.920818753952375
O=C(Nc1ccc(Oc2ccnc(NC(=O)C3CC3)c2)c(F)c1)Nc1cc(C2CC2)ccc1F,7.863279432843593
O=C(Nc1ccc(Oc2ccnc(NC(=O)C3CC3)c2)c(F)c1)Nc1ccc2[nH]cc(F)c2c1,8.086186147616283
O=C(Nc1cc(C2CCN(C3CC3)CC2)cc(C(F)(F)F)c1)Nc1ccc(Oc2ccnc(NC(=O)C3CC3)c2)c(F)c1,7.464705879957229
O=C(Nc1cccc(C(F)(F)F)c1)Nc1ccc(Oc2ccnc(NC(=O)C3CC3)c2)c(F)c1,8.428291168191313
N#Cc1ccc(NC(=O)Nc2ccc(Oc3ccnc(NC(=O)C4CC4)c3)c(F)c2)cc1C(F)(F)F,8.143875555757699
O=C(Nc1ccc(Oc2ccnc(NC(=O)C3CC3)c2)c(F)c1)Nc1ccc(Cl)c(OC(F)(F)F)c1,8.259637310505756
CN1CCN(Cc2cc(NC(=O)Nc3ccc(Oc4ccnc(NC(=O)C5CC5)c4)cc3)cc(C(F)(F)F)c2)CC1,7.924453038607469
CC(F)(F)c1cncc(NC(=O)Nc2ccc(Oc3ccnc(NC(=O)C4CC4)c3)cc2)c1,8.187086643357144
CN1C(=O)C2(CC2)c2cc(NC(=O)Nc3ccc(Oc4ccnc(NC(=O)C5CC5)c4)cc3)ccc21,8.096910013008056
CC(c1cc(NC(=O)Nc2ccc(Oc3ccnc(NC(=O)C4CC4)c3)c(F)c2)cc(C(F)(F)F)c1)N1CCNCC1,7.575118363368933
CC(N)c1cc(NC(=O)Nc2ccc(Oc3ccnc(NC(=O)C4CC4)c3)c(F)c2)cc(C(F)(F)F)c1,7.804100347590766
O=C(Nc1cc(NC2CCNCC2)cc(C(F)(F)F)c1)Nc1ccc(Oc2ccnc(NC(=O)C3CC3)c2)c(F)c1,7.767003889607846
Cc1cc(Oc2cc(NC(=O)C3CC3)ncn2)ccc1NC(=O)Nc1ccc(F)c(C(F)(F)F)c1,7.958607314841775
Cc1cc(Oc2cc(NC(=O)C3CC3)ncn2)ccc1NC(=O)Nc1ccc(F)c(C(C)(F)F)c1,7.876148359032914
Cc1cc(Oc2cc(NC(=O)C3CC3)ncn2)ccc1NC(=O)Nc1ccc(C)c(C(F)(F)F)c1,8.050609993355087
Cc1cc(Oc2cc(NC(=O)C3CC3)ncn2)ccc1NC(=O)Nc1cc(C2CCN(C)CC2)cc(C(F)(F)F)c1,7.853871964321762
Cc1cc(Oc2cc(NC(=O)C3CC3)ncn2)ccc1NC(=O)Nc1cccc(C(F)(F)F)c1,7.978810700930062
Cc1cc(Oc2cc(NC(=O)C3CC3)ncn2)ccc1NC(=O)Nc1cc(Cl)cc(C(F)(F)F)c1,7.882728704344236
Cc1cc(Oc2cc(NC(=O)C3CC3)ncn2)ccc1NC(=O)Nc1cc(NC2CCN(C)CC2)cc(C(F)(F)F)c1,7.903089986991944
Cc1cc(Oc2cc(NC(=O)C3CC3)ncn2)ccc1NC(=O)Nc1cc(N2CCCC2)cc(C(F)(F)F)c1,7.844663962534938
Cc1cc(Oc2cc(NC(=O)C3CC3)ncn2)ccc1NC(=O)Nc1ccc(NC2CCN(C)CC2)c(C(F)(F)F)c1,7.876148359032914
Cc1cc(Oc2cc(NC(=O)C3CC3)ncn2)ccc1NC(=O)Nc1cccc(OC(F)(F)F)c1,7.853871964321762
Cc1cc(Oc2cc(NC(=O)C3CC3)ncn2)ccc1NC(=O)Nc1cc(OC(F)(F)F)ccc1F,8.09151498112135
Cc1cc(Oc2cc(NC(=O)C3CC3)ncn2)ccc1NC(=O)Nc1ccc(F)c(OC(F)(F)F)c1,7.876148359032914
Cc1cc(Oc2cc(NC(=O)C3CC3)ncn2)ccc1NC(=O)Nc1ccc(Cl)c(OC(F)(F)F)c1,8.167491087293763
Cc1cc(Oc2cc(NC(=O)C3CC3)ncn2)ccc1NC(=O)Nc1cc(F)cc(C(C)(F)F)c1,7.844663962534938
Cc1cc(Oc2cc(NC(=O)C3CC3)ncn2)ccc1NC(=O)Nc1cccc(C(C)(F)F)c1,7.913640169325252
Cc1cc(Oc2cc(NC(=O)C3CC3)ncn2)ccc1NC(=O)Nc1ccc(Cl)c(C(C)(F)F)c1,7.97061622231479
Cc1cc(Oc2cc(NC(=O)C3CC3)ncn2)ccc1NC(=O)Nc1ccc(C#N)c(Cl)c1,8.080921907623926
Cc1cc(Oc2cc(NC(=O)C3CC3)ncn2)ccc1NC(=O)Nc1cc(N2CCOCC2)cc(C(F)(F)F)c1,7.889410289700751
O=C(Nc1ccc(Oc2cc(NC(=O)C3CC3)ncn2)c(Cl)c1)Nc1ccc(F)c(C(F)(F)F)c1,7.943095148663527
O=C(Nc1ccc(F)c(C(F)(F)F)c1)Nc1ccc(Oc2cc(NC(=O)C3CC3)ncn2)cc1Cl,7.818156412055227
O=C(Nc1cc(F)cc(C(F)(F)F)c1)Nc1ccc(Oc2cc(NC(=O)C3CC3)ncn2)cc1Cl,7.913640169325252
Cc1cc(Oc2cc(NC(=O)C3CC3)ncn2)c(F)cc1NC(=O)Nc1ccc(Cl)c(C(C)(F)F)c1,7.892790030352131
Cc1cc(NC(=O)Nc2ccc(F)c(C(F)(F)F)c2)cc(Oc2cc(NC(=O)C3CC3)ncn2)c1,6.716698771296451
Cc1cc(NC(=O)Nc2cc(F)cc(C(F)(F)F)c2)cc(Oc2cc(NC(=O)C3CC3)ncn2)c1,6.698970004336019
Cc1cc(NC(=O)Nc2cccc(C(F)(F)F)c2)cc(Oc2cc(NC(=O)C3CC3)ncn2)c1,6.698970004336019
Cc1cc(NC(=O)Nc2cccc(OC(F)(F)F)c2)cc(Oc2cc(NC(=O)C3CC3)ncn2)c1,6.36251027048749
Cc1cc(NC(=O)Nc2ccc(Cl)c(C(C)(F)F)c2)cc(Oc2cc(NC(=O)C3CC3)ncn2)c1,6.204815410317576
O=C(Nc1cc(F)cc(Oc2cc(NC(=O)C3CC3)ncn2)c1)Nc1ccc(F)c(C(F)(F)F)c1,7.2020403562628035
O=C(Nc1cc(F)cc(Oc2cc(NC(=O)C3CC3)ncn2)c1)Nc1cc(F)cc(C(F)(F)F)c1,6.978810700930062
CC(F)(F)c1cc(NC(=O)Nc2cc(F)cc(Oc3cc(NC(=O)C4CC4)ncn3)c2)ccc1Cl,7.3872161432802645
O=C(Nc1ccc(Oc2cc(NC(=O)C3CC3)ncn2)cc1)Nc1ccc(F)c(C(F)(F)F)c1,8.045757490560675
O=C(Nc1ccc(Oc2cc(NC(=O)C3CC3)ncn2)cc1)Nc1cc(F)cc(C(F)(F)F)c1,7.903089986991944
O=C(Nc1cccc(C(F)(F)F)c1)Nc1ccc(Oc2cc(NC(=O)C3CC3)ncn2)c(F)c1,7.823908740944319
CC(F)(F)c1cccc(NC(=O)Nc2ccc(Oc3cc(NC(=O)C4CC4)ncn3)c(F)c2)c1,7.906578314837765
CC(F)(F)c1ccc(F)c(NC(=O)Nc2ccc(Oc3cc(NC(=O)C4CC4)ncn3)c(F)c2)c1,7.991399828238082
CC(F)(F)c1cc(NC(=O)Nc2ccc(Oc3cc(NC(=O)C4CC4)ncn3)c(F)c2)ccc1Cl,7.94692155651658
CC(F)(F)c1cc(NC(=O)Nc2ccc(Oc3cc(NC(=O)C4CC4)ncn3)c(F)c2)ccc1F,7.982966660701219
O=C(Nc1ccc(Oc2cc(NC(=O)C3CC3)ncn2)cc1F)Nc1cc(C(F)(F)F)ccc1F,7.872895201635193
O=C(Nc1cccc(C(F)(F)F)c1)Nc1ccc(Oc2cc(NC(=O)C3CC3)ncn2)cc1F,8.065501548756432
CC(F)(F)c1ccc(F)c(NC(=O)Nc2ccc(Oc3cc(NC(=O)C4CC4)ncn3)cc2F)c1,7.962573502059376
CC(F)(F)c1cc(NC(=O)Nc2ccc(Oc3cc(NC(=O)C4CC4)ncn3)cc2F)ccc1Cl,8.136677139879543
Cc1cc(NC(=O)Nc2ccc(F)c(C(F)(F)F)c2)ccc1Oc1cc(NC(=O)C2CC2)ncn1,8.154901959985743
Cc1cc(NC(=O)Nc2cccc(C(F)(F)F)c2)ccc1Oc1cc(NC(=O)C2CC2)ncn1,7.838631997765025
Cc1cc(NC(=O)Nc2cccc(OC(F)(F)F)c2)ccc1Oc1cc(NC(=O)C2CC2)ncn1,8.09151498112135
Cc1cc(NC(=O)Nc2ccc(Cl)c(OC(F)(F)F)c2)ccc1Oc1cc(NC(=O)C2CC2)ncn1,8.008773924307505
Cc1cc(NC(=O)Nc2cc(F)cc(C(C)(F)F)c2)ccc1Oc1cc(NC(=O)C2CC2)ncn1,8.022276394711152
Cc1cc(NC(=O)Nc2cc(C(C)(F)F)ccc2F)ccc1Oc1cc(NC(=O)C2CC2)ncn1,8.102372908709558
Cc1cc(NC(=O)Nc2ccc(Cl)c(C(C)(F)F)c2)ccc1Oc1cc(NC(=O)C2CC2)ncn1,7.920818753952375
Cc1cc(NC(=O)Nc2ccc(F)c(C(C)(F)F)c2)ccc1Oc1cc(NC(=O)C2CC2)ncn1,8.130768280269024
O=C(Nc1cccc(Oc2cc(NC(=O)C3CC3)ncn2)c1)Nc1ccc(F)c(C(F)(F)F)c1,7.826813731587726
O=C(Nc1cccc(Oc2cc(NC(=O)C3CC3)ncn2)c1)Nc1cccc(C(F)(F)F)c1,7.920818753952375
O=C(Nc1cccc(Oc2cc(NC(=O)C3CC3)ncn2)c1)Nc1cccc(OC(F)(F)F)c1,7.939302159646388
CC(F)(F)c1cc(NC(=O)Nc2cccc(Oc3cc(NC(=O)C4CC4)ncn3)c2)ccc1Cl,8.060480747381382
CN(c1ccc(NC(=O)Nc2cccc(C(F)(F)F)c2)c(F)c1)c1cc(NC(=O)C2CC2)ncn1,8.130768280269024
Cc1cc(NC(=O)Nc2cc(C(F)(F)F)ccc2F)cnc1Oc1ccnc(NC(=O)C2CC2)c1,7.860120913598763
COc1ccc(NC(=O)Nc2cnc(Oc3ccnc(NC(=O)C4CC4)c3)c(C)c2)cc1C(F)(F)F,8.060480747381382
Cc1cc(NC(=O)Nc2cc(OC(C)C)cc(C(F)(F)F)c2)cnc1Oc1ccnc(NC(=O)C2CC2)c1,7.519993057042849
Cc1cc(Oc2ccnc(NC(=O)C3CC3)c2)ncc1NC(=O)Nc1cc(C(F)(F)F)ccc1F,7.928117992693875
Cc1cc(Oc2ccnc(NC(=O)C3CC3)c2)ncc1NC(=O)Nc1cc(C(C)(F)F)ccc1F,8.008773924307505
O=C(Nc1ccc(Oc2ccnc(NC(=O)C3CC3)c2)nc1)Nc1cc(N2CCC(F)CC2)cc(C(F)(F)F)c1,7.847711655616943
CS(=O)(=O)c1cc(NC(=O)Nc2ccc(Oc3ccnc(NC(=O)C4CC4)c3)nc2)cc(C(F)(F)F)c1,8.337242168318426
CN1CCC(Nc2cc(NC(=O)Nc3ccc(Oc4ccnc(NC(=O)C5CC5)c4)nc3)cc(C(F)(F)F)c2)CC1,8.214670164989233
O=C(Nc1ccc(Oc2ccnc(NC(=O)C3CC3)c2)nc1)Nc1cc(N2CCS(=O)(=O)CC2)cc(C(F)(F)F)c1,8.0
N#Cc1ccc(NC(=O)Nc2ccc(Oc3ccnc(NC(=O)C4CC4)c3)cn2)cc1C(F)(F)F,8.040958607678906
CN1CCC(c2cc(NC(=O)Nc3ccc(Oc4ccnc(NC(=O)C5CC5)c4)cn3)cc(C(F)(F)F)c2)CC1,8.10790539730952
O=C(Nc1cccc(C(F)(F)F)c1)Nc1ccc(Oc2ccnc(NC(=O)C3CC3)c2)cn1,8.236572006437063
CS(=O)(=O)c1cc(NC(=O)Nc2ccc(Oc3ccnc(NC(=O)C4CC4)c3)cn2)cc(C(F)(F)F)c1,8.18045606445813
O=C(Nc1ccc(Oc2ccnc(NC(=O)C3CC3)c2)cc1)Nc1ccc(Cl)c(C(F)(F)F)c1,7.991399828238082
O=C(Nc1ccc(Oc2ccnc(NC(=O)C3CC3)c2)cc1)Nc1ccc(F)c(C(F)(F)F)c1,7.978810700930062
N#Cc1ccc(NC(=O)Nc2ccc(Oc3ccnc(NC(=O)C4CC4)c3)cc2)cc1C(F)(F)F,8.0
Cc1ccc(NC(=O)Nc2ccc(Oc3ccnc(NC(=O)C4CC4)c3)cc2)cc1C(F)(F)F,8.0
O=C(Nc1ccc(Oc2ccnc(NC(=O)C3CC3)c2)cc1)Nc1cc(F)cc(C(F)(F)F)c1,8.148741651280925
O=C(Nc1ccc(Oc2ccnc(NC(=O)C3CC3)c2)cc1)Nc1cc(C(F)(F)F)ccc1Cl,7.982966660701219
CN1CCC(c2cc(NC(=O)Nc3ccc(Oc4ccnc(NC(=O)C5CC5)c4)cc3)cc(C(F)(F)F)c2)CC1,8.022276394711152
O=C(Nc1ccc(Oc2ccnc(NC(=O)C3CC3)c2)cc1)Nc1cccc(C(F)(F)F)c1,7.943095148663527
CS(=O)(=O)c1cc(NC(=O)Nc2ccc(Oc3ccnc(NC(=O)C4CC4)c3)cc2)cc(C(F)(F)F)c1,8.119186407719209
O=C(Nc1ccc(Oc2ccnc(NC(=O)C3CC3)c2)cc1)Nc1cccc(OC(F)(F)F)c1,8.10790539730952
CC(F)(F)c1ccnc(NC(=O)Nc2ccc(Oc3ccnc(NC(=O)C4CC4)c3)cc2)c1,7.954677021213342
CC(F)(F)c1ccc(F)c(NC(=O)Nc2ccc(Oc3ccnc(NC(=O)C4CC4)c3)cc2)c1,8.207608310501746
CC(F)(F)c1cc(NC(=O)Nc2ccc(Oc3ccnc(NC(=O)C4CC4)c3)cc2)ccc1Cl,7.595166283380062
CC(F)(F)c1cc(NC(=O)Nc2ccc(Oc3ccnc(NC(=O)C4CC4)c3)cc2)ccc1F,7.939302159646388
O=C(Nc1ccc(Oc2ccnc(NC(=O)C3CC3)c2)cc1)Nc1ccc2c(c1)C(F)(F)CCO2,8.346787486224656
N#Cc1cc(NC(=O)Nc2ccc(Oc3ccnc(NC(=O)C4CC4)c3)cc2)cc(C(F)(F)F)c1,8.148741651280925
O=C(Nc1ccc(Oc2ccnc(NC(=O)C3CC3)c2)c(F)c1)Nc1ccc(F)c(C(F)(F)F)c1,7.818156412055227
Cc1ccc(NC(=O)Nc2ccc(Oc3ccnc(NC(=O)C4CC4)c3)c(F)c2)cc1C(F)(F)F,7.94692155651658
O=C(Nc1cc(F)cc(C(F)(F)F)c1)Nc1ccc(Oc2ccnc(NC(=O)C3CC3)c2)c(F)c1,7.91721462968355
O=C(Nc1ccc(Oc2ccnc(NC(=O)C3CC3)c2)c(F)c1)Nc1cc(C(F)(F)F)ccc1F,8.080921907623926
O=C(Nc1ccc(Oc2ccnc(NC(=O)C3CC3)c2)c(F)c1)Nc1cc(C(F)(F)F)ccc1Cl,8.229147988357855
O=C(Nc1ccnc(C(F)(F)F)c1)Nc1ccc(Oc2ccnc(NC(=O)C3CC3)c2)c(F)c1,8.080921907623926
O=C(Nc1cc(-c2ccncc2)cc(C(F)(F)F)c1)Nc1ccc(Oc2ccnc(NC(=O)C3CC3)c2)c(F)c1,8.096910013008056
O=C(Nc1ccc(Oc2ccnc(NC(=O)C3CC3)c2)c(F)c1)Nc1ccc(C(F)(F)F)cc1Cl,8.10790539730952
CN1CCC(Nc2cc(NC(=O)Nc3ccc(Oc4ccnc(NC(=O)C5CC5)c4)c(F)c3)cc(C(F)(F)F)c2)CC1,7.913640169325252
CC1CN(c2cc(NC(=O)Nc3ccc(Oc4ccnc(NC(=O)C5CC5)c4)c(F)c3)cc(C(F)(F)F)c2)CCO1,8.167491087293763
C=CC(=O)Nc1cc(NC(=O)Nc2ccc(Oc3ccnc(NC(=O)C4CC4)c3)c(F)c2)cc(C(F)(F)F)c1,7.935542010773082
CN1CCC(Oc2cc(NC(=O)Nc3ccc(Oc4ccnc(NC(=O)C5CC5)c4)c(F)c3)cc(C(F)(F)F)c2)CC1,7.512861624522813
CS(=O)(=O)Nc1cc(NC(=O)Nc2ccc(Oc3ccnc(NC(=O)C4CC4)c3)c(F)c2)cc(C(F)(F)F)c1,8.259637310505756
O=C(Nc1cc(N2CCS(=O)(=O)CC2)cc(C(F)(F)F)c1)Nc1ccc(Oc2ccnc(NC(=O)C3CC3)c2)c(F)c1,7.939302159646388
CN1CCN(Cc2cc(NC(=O)Nc3ccc(Oc4ccnc(NC(=O)C5CC5)c4)c(F)c3)cc(C(F)(F)F)c2)CC1,7.79317412396815
CN1CCC(Nc2ccc(NC(=O)Nc3ccc(Oc4ccnc(NC(=O)C5CC5)c4)c(F)c3)cc2C(F)(F)F)CC1,7.920818753952375
O=C(Nc1cncc(C(F)(F)F)c1)Nc1ccc(Oc2ccnc(NC(=O)C3CC3)c2)c(F)c1,7.835647144215563
O=C(Nc1ccc(Oc2ccnc(NC(=O)C3CC3)c2)c(F)c1)Nc1cc(C(F)(F)F)ncn1,8.2518119729938
O=C(Nc1cc(N2CCOCC2=O)cc(C(F)(F)F)c1)Nc1ccc(Oc2ccnc(NC(=O)C3CC3)c2)c(F)c1,7.906578314837765
CN1CCN(c2cc(C(F)(F)F)cc(NC(=O)Nc3ccc(Oc4ccnc(NC(=O)C5CC5)c4)c(F)c3)n2)CC1,7.8297382846050425
CN1CCC(Nc2cc(C(F)(F)F)cc(NC(=O)Nc3ccc(Oc4ccnc(NC(=O)C5CC5)c4)c(F)c3)n2)CC1,7.647817481888637
O=C(Nc1ccc(Oc2ccnc(NC(=O)C3CC3)c2)c(F)c1)Nc1cc(C(F)(F)F)cc(N2CCOCC2)n1,8.267606240177031
O=C(Nc1cccc(OC(F)(F)F)c1)Nc1ccc(Oc2ccnc(NC(=O)C3CC3)c2)c(F)c1,8.309803919971486
O=C(Nc1ccc(Oc2ccnc(NC(=O)C3CC3)c2)c(F)c1)Nc1cc(OC(F)(F)F)ccc1F,8.244125144327509
O=C(Nc1ccc(Oc2ccnc(NC(=O)C3CC3)c2)c(F)c1)Nc1ccc(F)c(OC(F)(F)F)c1,8.022276394711152
O=C(Nc1ccc(OC(F)(F)F)cc1)Nc1ccc(Oc2ccnc(NC(=O)C3CC3)c2)c(F)c1,8.275724130399212
CC(F)(F)c1cc(F)cc(NC(=O)Nc2ccc(Oc3ccnc(NC(=O)C4CC4)c3)c(F)c2)c1,7.978810700930062
CC(F)(F)c1cccc(NC(=O)Nc2ccc(Oc3ccnc(NC(=O)C4CC4)c3)c(F)c2)c1,8.008773924307505
CC(F)(F)c1ccc(F)c(NC(=O)Nc2ccc(Oc3ccnc(NC(=O)C4CC4)c3)c(F)c2)c1,8.148741651280925
CC(F)(F)c1cc(NC(=O)Nc2ccc(Oc3ccnc(NC(=O)C4CC4)c3)c(F)c2)ccc1Cl,7.8326826652518236
CC(F)(F)c1cc(NC(=O)Nc2ccc(Oc3ccnc(NC(=O)C4CC4)c3)c(F)c2)ccc1F,7.866461091629782
O=C(Nc1ccc(Oc2ccnc(NC(=O)C3CC3)c2)c(F)c1)Nc1cc(Cl)ccc1F,8.119186407719209
O=C(Nc1ccc(Oc2ccnc(NC(=O)C3CC3)c2)c(F)c1)Nc1ccc(C(F)(F)F)c(Cl)c1,7.910094888560602
O=C(Nc1cc(-c2cccnc2)cc(C(F)(F)F)c1)Nc1ccc(Oc2ccnc(NC(=O)C3CC3)c2)c(F)c1,8.301029995663981
CC(C)Nc1cc(NC(=O)Nc2ccc(Oc3ccnc(NC(=O)C4CC4)c3)c(F)c2)cc(C(F)(F)F)c1,8.167491087293763
CN1CCC(Oc2ccc(NC(=O)Nc3ccc(Oc4ccnc(NC(=O)C5CC5)c4)c(F)c3)cc2C(F)(F)F)CC1,7.764471553092451
O=C(Nc1cc(N2CCOCC2)cc(C(F)(F)F)c1)Nc1ccc(Oc2ccnc(NC(=O)C3CC3)c2)c(F)c1,7.97061622231479
N#Cc1cc(NC(=O)Nc2ccc(Oc3ccnc(NC(=O)C4CC4)c3)c(F)c2)cc(C(F)(F)F)c1,7.924453038607469
Cc1cc(Oc2ccnc(NC(=O)C3CC3)c2)ccc1NC(=O)Nc1ccc(F)c(C(F)(F)F)c1,7.928117992693875
Cc1cc(Oc2ccnc(NC(=O)C3CC3)c2)ccc1NC(=O)Nc1cc(F)cc(C(F)(F)F)c1,7.756961951313706
Cc1cc(Oc2ccnc(NC(=O)C3CC3)c2)ccc1NC(=O)Nc1cccc(C(F)(F)F)c1,7.962573502059376
Cc1cc(Oc2ccnc(NC(=O)C3CC3)c2)ccc1NC(=O)Nc1cccc(OC(F)(F)F)c1,7.978810700930062
Cc1cc(Oc2ccnc(NC(=O)C3CC3)c2)ccc1NC(=O)Nc1cc(OC(F)(F)F)ccc1F,8.214670164989233
Cc1cc(Oc2ccnc(NC(=O)C3CC3)c2)ccc1NC(=O)Nc1ccc(F)c(OC(F)(F)F)c1,7.928117992693875
Cc1cc(Oc2ccnc(NC(=O)C3CC3)c2)ccc1NC(=O)Nc1cc(F)cc(C(C)(F)F)c1,8.244125144327509
Cc1cc(Oc2ccnc(NC(=O)C3CC3)c2)ccc1NC(=O)Nc1cc(C(C)(F)F)ccc1F,8.080921907623926
Cc1cc(Oc2ccnc(NC(=O)C3CC3)c2)ccc1NC(=O)Nc1ccc(Cl)c(C(C)(F)F)c1,7.853871964321762
Cc1cc(Oc2ccnc(NC(=O)C3CC3)c2)ccc1NC(=O)Nc1ccc(F)c(C(C)(F)F)c1,8.0
O=C(Nc1cccc(C(F)(F)F)c1)Nc1cnc(Oc2ccnc(NC(=O)C3CC3)c2)c(F)c1,7.943095148663527
CC(F)(F)c1ccc(F)c(NC(=O)Nc2cnc(Oc3ccnc(NC(=O)C4CC4)c3)c(F)c2)c1,7.896196279044043
CN(c1ccnc(NC(=O)C2CC2)c1)c1ccc(NC(=O)Nc2cccc(C(F)(F)F)c2)c(F)c1,7.790484985457369
O=C(Nc1cccc(C(F)(F)F)c1)Nc1ccc(Nc2ccnc(NC(=O)C3CC3)c2)cc1F,8.031517051446064
O=C(Nc1ccc(F)c(C(F)(F)F)c1)Nc1ccc(Oc2ccnc(NC(=O)C3CC3)c2)cc1F,7.600326278518962
N#Cc1ccc(NC(=O)Nc2ccc(Oc3ccnc(NC(=O)C4CC4)c3)cc2F)cc1C(F)(F)F,7.835647144215563
Cc1ccc(NC(=O)Nc2ccc(Oc3ccnc(NC(=O)C4CC4)c3)cc2F)cc1C(F)(F)F,7.991399828238082
O=C(Nc1cc(F)cc(C(F)(F)F)c1)Nc1ccc(Oc2ccnc(NC(=O)C3CC3)c2)cc1F,7.826813731587726
O=C(Nc1ccc(Oc2ccnc(NC(=O)C3CC3)c2)cc1F)Nc1cc(C(F)(F)F)ccc1F,8.075720713938118
O=C(Nc1ccc(Oc2ccnc(NC(=O)C3CC3)c2)cc1F)Nc1cc(C(F)(F)F)ccc1Cl,7.928117992693875
O=C(Nc1cccc(C(F)(F)F)c1)Nc1ccc(Oc2ccnc(NC(=O)C3CC3)c2)cc1F,8.10790539730952
O=C(Nc1cc(N2CC(F)(F)C2)cc(C(F)(F)F)c1)Nc1ccc(Oc2ccnc(NC(=O)C3CC3)c2)cc1F,8.259637310505756
O=C(Nc1cncc(C(F)(F)F)c1)Nc1ccc(Oc2ccnc(NC(=O)C3CC3)c2)cc1F,7.97061622231479
O=C(Nc1ccc(Oc2ccnc(NC(=O)C3CC3)c2)cc1F)Nc1cc(OC(F)(F)F)ccc1F,8.0268721464003
O=C(Nc1ccc(F)c(OC(F)(F)F)c1)Nc1ccc(Oc2ccnc(NC(=O)C3CC3)c2)cc1F,7.87942606879415
CC(F)(F)c1ccnc(NC(=O)Nc2ccc(Oc3ccnc(NC(=O)C4CC4)c3)cc2F)c1,7.97469413473523
CC(F)(F)c1cccc(NC(=O)Nc2ccc(Oc3ccnc(NC(=O)C4CC4)c3)cc2F)c1,8.00436480540245
CC(F)(F)c1ccc(F)c(NC(=O)Nc2ccc(Oc3ccnc(NC(=O)C4CC4)c3)cc2F)c1,8.040958607678906
CC(F)(F)c1cc(NC(=O)Nc2ccc(Oc3ccnc(NC(=O)C4CC4)c3)cc2F)ccc1Cl,7.958607314841775
CC(F)(F)c1cc(NC(=O)Nc2ccc(Oc3ccnc(NC(=O)C4CC4)c3)cc2F)ccc1F,7.826813731587726
N#Cc1ccc(NC(=O)Nc2ccc(Oc3ccnc(NC(=O)C4CC4)c3)cc2F)cc1Cl,8.173925197299173
O=C(Nc1ccc(F)c(C2CC2)c1)Nc1ccc(Oc2ccnc(NC(=O)C3CC3)c2)cc1F,8.060480747381382
Cc1ccc(Oc2ccnc(NC(=O)C3CC3)c2)cc1NC(=O)Nc1ccc(F)c(C(F)(F)F)c1,8.161150909262744
Cc1ccc(Oc2ccnc(NC(=O)C3CC3)c2)cc1NC(=O)Nc1cc(F)cc(C(F)(F)F)c1,8.022276394711152
Cc1ccc(Oc2ccnc(NC(=O)C3CC3)c2)cc1NC(=O)Nc1cc(C(F)(F)F)ccc1F,7.97061622231479
Cc1ccc(Oc2ccnc(NC(=O)C3CC3)c2)cc1NC(=O)Nc1cccc(C(F)(F)F)c1,8.040958607678906
Cc1ccc(Oc2ccnc(NC(=O)C3CC3)c2)cc1NC(=O)Nc1cc(C(C)(F)F)ccc1F,7.764471553092451
Cc1ccc(Oc2ccnc(NC(=O)C3CC3)c2)cc1NC(=O)Nc1ccc(Cl)c(C(C)(F)F)c1,7.8326826652518236
Cc1ccc(Oc2ccnc(NC(=O)C3CC3)c2)cc1NC(=O)Nc1ccc(F)c(C(C)(F)F)c1,7.872895201635193
Cc1cc(NC(=O)Nc2ccc(F)c(C(F)(F)F)c2)ccc1Oc1ccnc(NC(=O)C2CC2)c1,7.931814138253839
Cc1cc(NC(=O)Nc2cccc(C(F)(F)F)c2)ccc1Oc1ccnc(NC(=O)C2CC2)c1,7.935542010773082
Cc1cc(NC(=O)Nc2cccc(OC(F)(F)F)c2)ccc1Oc1ccnc(NC(=O)C2CC2)c1,7.958607314841775
Cc1cc(NC(=O)Nc2cc(F)cc(C(C)(F)F)c2)ccc1Oc1ccnc(NC(=O)C2CC2)c1,8.09151498112135
Cc1cc(NC(=O)Nc2cc(C(C)(F)F)ccc2F)ccc1Oc1ccnc(NC(=O)C2CC2)c1,8.00436480540245
Cc1cc(NC(=O)Nc2ccc(Cl)c(C(C)(F)F)c2)ccc1Oc1ccnc(NC(=O)C2CC2)c1,7.872895201635193
Cc1cc(NC(=O)Nc2ccc(Cl)c(C(C)(F)F)c2)ccc1Oc1ccnc(NC(=O)C2CC2)c1,8.022276394711152
O=C(Nc1ccc(Oc2ccnc(NC(=O)C3CC3)c2)cc1)Nc1cc(OCC2CNC2)cc(C(F)(F)F)c1,7.856985199745905
O=C(Nc1cc(-c2cn[nH]c2)cc(C(F)(F)F)c1)Nc1ccc(Oc2ccnc(NC(=O)C3CC3)c2)c(F)c1,7.806875401645538
Nc1cc(NC(=O)Nc2ccc(Oc3ccnc(NC(=O)C4CC4)c3)c(F)c2)cc(C(F)(F)F)c1,8.013228265733755
O=C(Nc1cc(NC(=O)[C@@H]2CCCN2)cc(C(F)(F)F)c1)Nc1ccc(Oc2ccnc(NC(=O)C3CC3)c2)c(F)c1,7.718966632752273
CN1CC(Oc2cc(NC(=O)Nc3ccc(Oc4ccnc(NC(=O)C5CC5)c4)cc3)cc(C(F)(F)F)c2)C1,7.747146969020107
CN1CCC(C(=O)Nc2cc(NC(=O)Nc3ccc(Oc4ccnc(NC(=O)C5CC5)c4)c(F)c3)cc(C(F)(F)F)c2)CC1,7.777283528852417
COc1cc(C2=C(c3c[nH]c4ccccc34)C(=O)NC2=O)cc(OC)c1OC,7.045757490560675
COc1cc(C2=C(c3c[nH]c4ncccc34)C(=O)NC2=O)cc(OC)c1OC,7.431798275933005
COc1cc(C2=C(c3c[nH]c4cnccc34)C(=O)NC2=O)cc(OC)c1OC,7.318758762624412
COc1cc(C2=C(c3c[nH]c4ccncc34)C(=O)NC2=O)cc(OC)c1OC,7.638272163982407
COc1cc(C2=C(c3c[nH]c4cccnc34)C(=O)NC2=O)cc(OC)c1OC,6.428291168191312
COc1cc(C2=C(c3cn(CCN)c4ccccc34)C(=O)NC2=O)cc(OC)c1OC,5.724688645458189
COc1cc(C2=C(c3cn(CCCN)c4ccccc34)C(=O)NC2=O)cc(OC)c1OC,5.823908740944319
COc1cc(C2=C(c3cn(CCO)c4ccccc34)C(=O)NC2=O)cc(OC)c1OC,6.815308569182402
COc1cc(C2=C(c3cn(CCCO)c4ccccc34)C(=O)NC2=O)cc(OC)c1OC,6.036212172654444
COc1cc(C2=C(c3cn(CCN(C)C)c4ccccc34)C(=O)NC2=O)cc(OC)c1OC,5.886056647693163
COc1cc(C2=C(c3cn(CCCN(C)C)c4ccccc34)C(=O)NC2=O)cc(OC)c1OC,5.0
COc1cc(C2=C(c3cn(CCN4CCCCC4)c4ccccc34)C(=O)NC2=O)cc(OC)c1OC,5.917573699139228
COc1cc(C2=C(c3cn(CCN4CCOCC4)c4ccccc34)C(=O)NC2=O)cc(OC)c1OC,5.036212172654444
COc1cc(C2=C(c3cn(CCCN4CCN(C)CC4)c4ccccc34)C(=O)NC2=O)cc(OC)c1OC,5.5486741915104805
COc1cc(C2=C(c3c[nH]c4ccc(F)cc34)C(=O)NC2=O)cc(OC)c1OC,6.739928612014925
O=C1Nc2ccccc2C2=NCC(c3ccc(Cl)cc3)CN12,5.0
Nc1cccc(C2CN=C3c4ccccc4NC(=O)N3C2)c1,5.0
O=C(Nc1cccc(C2CN=C3c4ccccc4NC(=O)N3C2)c1)Nc1cc(C(F)(F)F)ccc1F,6.119186407719209
Nc1ccc(C2CN=C3c4ccccc4NC(=O)N3C2)cc1,5.0
O=C(Nc1ccc(C2CN=C3c4ccccc4NC(=O)N3C2)cc1)Nc1cc(C(F)(F)F)ccc1F,6.443697499232712
O=C(Nc1ccccc1)Nc1ccc(C2CN=C3c4ccccc4NC(=O)N3C2)cc1,5.323306390375134
O=C(Nc1ccc(C2CN=C3c4ccccc4NC(=O)N3C2)cc1)Nc1ccc(Cl)c(C(F)(F)F)c1,6.468521082957745
CSc1cccc(NC(=O)Nc2ccc(C3CN=C4c5ccccc5NC(=O)N4C3)cc2)c1,5.7447274948966935
O=C(Nc1ccc(C2CN=C3c4ccccc4NC(=O)N3C2)cc1)Nc1cccc(Br)c1,6.6020599913279625
Cc1cccc(NC(=O)Nc2ccc(C3CN=C4c5ccccc5NC(=O)N4C3)cc2)c1,6.481486060122113
Cc1ccc(NC(=O)Nc2ccc(C3CN=C4c5ccccc5NC(=O)N4C3)cc2)cc1,5.394694953858891
COc1ccc(NC(=O)Nc2ccc(C3CN=C4c5ccccc5NC(=O)N4C3)cc2)cc1,5.0
COc1cccc(NC(=O)Nc2ccc(C3CN=C4c5ccccc5NC(=O)N4C3)cc2)c1,5.8326826652518236
CC(C)NC(=O)Nc1ccc(C2CN=C3c4ccccc4NC(=O)N3C2)cc1,5.0
Cc1ccoc1C(=O)Nc1cccc(C2CN=C3c4ccccc4NC(=O)N3C2)c1,5.195179321278838
Cc1ccoc1C(=O)Nc1ccc(C2CN=C3c4ccccc4NC(=O)N3C2)cc1,5.0
O=C(Nc1ccc(C2CN=C3c4ccccc4NC(=O)N3C2)cc1)c1cccc(C(F)(F)F)c1,5.0
CNc1ccc(C2CN=C3c4ccc(C(=O)OC)cc4NC(=O)N3C2)cc1,5.0
COC(=O)c1ccc2c(c1)NC(=O)N1CC(c3ccc(N(C)C(=O)CN4CCN(C)CC4)cc3)CN=C21,5.0
CN1CCN(CC(=O)Nc2ccc(C3CN=C4c5ccccc5NC(=O)N4C3)cc2)CC1,5.0
COC(=O)c1ccc2c(c1)NC(=O)N1CC(c3ccc(N(C)C(=O)Nc4cc(C(F)(F)F)ccc4F)cc3)CN=C21,5.0
Cc1cc(C2CN=C3c4ccccc4NC(=O)N3C2)ccc1N,5.0
Cc1cc(N)ccc1C1CN=C2c3ccccc3NC(=O)N2C1,5.0
Cc1cccc(NC(=O)Nc2ccc(C3CN=C4c5ccccc5NC(=O)N4C3)c(C)c2)c1,5.823908740944319
Cc1ccc(F)c(NC(=O)Nc2ccc(C3CN=C4c5ccccc5NC(=O)N4C3)c(C)c2)c1,6.4089353929735005
Nc1ccc(-c2ccc3ncc4c(=O)[nH]c(=O)n(-c5cccc(C(F)(F)F)c5)c4c3n2)cn1,5.0
Nc1ncc2c(n1)CCN(c1cccc(C(=O)Nc3ccccc3)c1)C2,5.525783735923745
CC(C)c1cccc(NC(=O)c2cccc(N3CCc4nc(N)ncc4C3)c2)c1,7.920818753952375
Cc1cccc(NC(=O)c2cccc(N3CCc4nc(N)ncc4C3)c2)c1,6.943095148663527
CC(C)(C)c1ccc(NC(=O)c2cccc(N3CCc4nc(N)ncc4C3)c2)cc1,7.3872161432802645
Nc1ncc2c(n1)CCN(c1cccc(C(=O)Nc3cccc(C(F)(F)F)c3)c1)C2,7.920818753952375
Cc1ccc(NC(=O)c2cccc(N3CCc4nc(N)ncc4C3)c2)cc1,6.106238237942057
COc1cccc(NC(=O)c2cccc(N3CCc4nc(N)ncc4C3)c2)c1,6.991399828238082
CCc1ccc(NC(=O)c2cccc(N3CCc4nc(N)ncc4C3)c2)cc1,6.838631997765025
CCc1cccc(NC(=O)c2cccc(N3CCc4nc(N)ncc4C3)c2)c1,7.657577319177793
CCCc1ccc(NC(=O)c2cccc(N3CCc4nc(N)ncc4C3)c2)cc1,7.173925197299173
CN1CCC(Oc2ccc(NC(=O)c3cccc(N4CCc5nc(N)ncc5C4)c3)cc2)CC1,5.928117992693875
CC(C)c1ccc(NC(=O)c2cccc(N3CCc4nc(N)ncc4C3)c2)cc1,7.568636235841013
Nc1ncc2c(n1)CCN(c1ccc(C(=O)Nc3ccccc3)cc1)C2,5.0
Cc1cccc(NC(=O)c2ccc(N3CCc4nc(N)ncc4C3)cc2)c1,5.0
Nc1ncc2c(n1)CCN(c1ccc(C(=O)Nc3cccc(C(F)(F)F)c3)cc1)C2,5.0
CCCCNC(=O)c1cccc(N2CCc3nc(N)ncc3C2)c1,6.0
CC(C)(C)C1CCC(NC(=O)c2cccc(N3CCc4nc(N)ncc4C3)c2)CC1,6.512861624522813
Nc1ncc2c(n1)CCN(c1cccc(C(=O)NCC3CCCCC3)c1)C2,5.671620396561262
Nc1ncc2c(n1)CCN(c1cccc(C(=O)NC3CCCC3)c1)C2,5.0
CC(C)(C)CCNC(=O)c1cccc(N2CCc3nc(N)ncc3C2)c1,6.247183568811728
CCN(CC)C(=O)c1cccc(N2CCc3nc(N)ncc3C2)c1,5.903089986991944
Nc1ncc2c(n1)CCN(c1ccnc(C(=O)Nc3ccccc3)c1)C2,5.0
Cc1cccc(NC(=O)c2cc(N3CCc4nc(N)ncc4C3)ccn2)c1,5.0
Nc1ncc2c(n1)CCN(c1ccnc(C(=O)Nc3cccc(C(F)(F)F)c3)c1)C2,5.0
CC(C)c1cccc(NC(=O)c2cc(N3CCc4nc(N)ncc4C3)ccn2)c1,5.0
CC(C)c1ccc(NC(=O)c2cc(N3CCc4nc(N)ncc4C3)ccn2)cc1,5.0
Nc1ncc2c(n1)CCN(c1cccc(C(=O)Nc3ccccc3)n1)C2,5.0
Cc1cccc(NC(=O)c2cccc(N3CCc4nc(N)ncc4C3)n2)c1,5.0
Nc1ncc2c(n1)CCN(c1cccc(C(=O)Nc3cccc(C(F)(F)F)c3)n1)C2,5.0
CC(C)c1cccc(NC(=O)c2cccc(N3CCc4nc(N)ncc4C3)n2)c1,5.0
CC(C)c1ccc(NC(=O)c2cccc(N3CCc4nc(N)ncc4C3)n2)cc1,5.0
Nc1ncc2c(n1)CCN(c1cc(C(=O)Nc3ccccc3)ccn1)C2,5.0
Cc1cccc(NC(=O)c2ccnc(N3CCc4nc(N)ncc4C3)c2)c1,5.0
CC(C)c1cccc(NC(=O)c2ccnc(N3CCc4nc(N)ncc4C3)c2)c1,5.0
CC(C)c1ccc(NC(=O)c2ccnc(N3CCc4nc(N)ncc4C3)c2)cc1,5.0
Nc1ncc2c(n1)CCN(c1cc(C(=O)Nc3cccc(C(F)(F)F)c3)ccn1)C2,5.0
Nc1ncc2c(n1)CN(c1ccnc(C(=O)Nc3ccccc3)c1)C2,5.0
CC(C)c1cccc(NC(=O)c2cc(N3Cc4cnc(N)nc4C3)ccn2)c1,5.0
Nc1ncc2c(n1)CN(c1ccnc(C(=O)Nc3cccc(C(F)(F)F)c3)c1)C2,5.0
CC(C)c1ccc(NC(=O)c2cc(N3Cc4cnc(N)nc4C3)ccn2)cc1,5.0
Nc1ncc2c(n1)CN(c1ccnc(C(=O)Nc3ccc(C(F)(F)F)cc3)c1)C2,5.0
CC(C)c1cccc(NC(=O)c2cccc(N3Cc4cnc(N)nc4C3)c2)c1,5.196542884351586
Nc1ncc2c(n1)CN(c1cccc(C(=O)Nc3cccc(C(F)(F)F)c3)c1)C2,5.671824338561677
CSc1ncc2c(n1)CCN(c1cccc(C(=O)Nc3ccc(C(C)C)cc3)n1)C2,5.0
CSc1ncc2c(n1)CCN(c1cccc(C(=O)Nc3cccc(C(C)C)c3)n1)C2,5.0
CSc1ncc2c(n1)CCN(c1cccc(C(=O)Nc3cccc(C(F)(F)F)c3)n1)C2,5.0
CSc1ncc2c(n1)CCN(c1cccc(C(=O)Nc3ccccc3)n1)C2,5.0
CSc1ncc2c(n1)CCN(c1cccc(C(=O)Nc3cccc(C)c3)n1)C2,5.0
CSc1ncc2c(n1)CCN(c1cc(C(=O)Nc3ccccc3)ccn1)C2,5.0
CSc1ncc2c(n1)CCN(c1cc(C(=O)Nc3cccc(C(F)(F)F)c3)ccn1)C2,5.0
CSc1ncc2c(n1)CCN(c1cc(C(=O)Nc3cccc(C(C)C)c3)ccn1)C2,5.0
CSc1ncc2c(n1)CCN(c1cc(C(=O)Nc3ccc(C(C)C)cc3)ccn1)C2,5.0
CSc1ncc2c(n1)CN(c1ccnc(C(=O)Nc3ccc(C(F)(F)F)cc3)c1)C2,5.0
CSc1ncc2c(n1)CN(c1ccnc(C(=O)Nc3cccc(C(C)C)c3)c1)C2,5.0
CSc1ncc2c(n1)CN(c1ccnc(C(=O)Nc3ccc(C(C)C)cc3)c1)C2,5.0
CSc1ncc2c(n1)CCN(c1cccc(C(=O)Nc3cccc(C(F)(F)F)c3)c1)C2,6.11690664142431
CSc1ncc2c(n1)CCN(c1cc(C(=O)Nc3cccc(C(F)(F)F)c3)ccc1C)C2,7.1487416512809245
CSc1ncc2c(n1)CCN(c1cc(C)cc(C(=O)Nc3cccc(C(F)(F)F)c3)c1)C2,6.0
CSc1ncc2c(n1)CCN(c1cc(C(=O)Nc3cccc(C(C)C)c3)ccc1C)C2,7.508638306165727
CSc1ncc2c(n1)CCN(c1cc(C)cc(C(=O)Nc3cccc(C(C)C)c3)c1)C2,6.0
CSc1ncc2c(n1)CCN(c1cc(C(=O)Nc3cccc(C(F)(F)F)c3)ccc1C)C2,8.096910013008056
Cc1cc(C(=O)Nc2cccc(C(F)(F)F)c2)cc(N2CCc3nc(N)ncc3C2)c1,7.568636235841013
Cc1ccc(C(=O)Nc2cccc(C(C)C)c2)cc1N1CCc2nc(N)ncc2C1,7.853871964321762
Cc1cc(C(=O)Nc2cccc(C(C)C)c2)cc(N2CCc3nc(N)ncc3C2)c1,7.769551078621726
O=C(Nc1cccc(C(F)(F)F)c1)c1cccc(N2CCc3ncncc3C2)c1,7.721246399047171
Cc1ccc(C(=O)Nc2cccc(C(F)(F)F)c2)cc1N1CCc2ncncc2C1,6.982966660701219
Cc1cc(C(=O)Nc2cccc(C(F)(F)F)c2)cc(N2CCc3ncncc3C2)c1,6.195179321278838
Cc1ccc(C(=O)Nc2cccc(C(C)C)c2)cc1N1CCc2ncncc2C1,7.958607314841775
Cc1cc(C(=O)Nc2cccc(C(C)C)c2)cc(N2CCc3ncncc3C2)c1,6.798602875679548
CSc1ncc2c(n1)CCN(c1cncc(C(=O)Nc3cccc(C(F)(F)F)c3)c1)C2,5.0
CSc1ncc2c(n1)CCN(c1cncc(C(=O)Nc3cccc(C(C)C)c3)c1)C2,5.0
Nc1ncc2c(n1)CCN(c1cncc(C(=O)Nc3cccc(C(F)(F)F)c3)c1)C2,6.2335871528876
CC(C)c1cccc(NC(=O)c2cncc(N3CCc4nc(N)ncc4C3)c2)c1,6.826813731587726
O=C(Nc1ccc(N2CCc3ccncc3C2)cc1)c1cccc(C(F)(F)F)c1,5.0
Cc1cccc(NC(=O)Nc2ccc(N3CCc4ccncc4C3)cc2)c1,5.657577319177793
O=C(Nc1ccccc1)Nc1ccc(N2CCc3ccncc3C2)cc1,5.0
Cc1ccc(NC(=O)Nc2ccc(N3CCc4ccncc4C3)cc2)cc1,6.0
Cc1cccc(NC(=O)Nc2ccc(N3CCc4ccncc4C3)c(C)c2)c1,6.511449283499556
Cc1cccc(NC(=O)Nc2ccc(N3CCc4ccncc4C3)cc2C)c1,6.342944147142896
CC(C)c1cccc(NC(=O)c2cccc(N3CCc4ccncc4C3)c2)c1,7.4089353929735005
COC(=O)c1cncc2c1CCN(c1cccc(C(=O)Nc3cccc(C(C)C)c3)c1)C2,7.920818753952375
CC(C)c1cccc(NC(=O)c2cccc(N3CCc4c(cncc4C(=O)O)C3)c2)c1,7.267606240177032
COC(=O)c1cncc2c1CCN(c1cccc(C(=O)Nc3cccc(C(F)(F)F)c3)c1)C2,8.096910013008056
CC(C)c1cccc(NC(=O)c2cccc(N3CCc4c(cncc4C(=O)NCCCN4CCOCC4)C3)c2)c1,6.43533393574791
CC(C)c1cccc(NC(=O)c2cccc(N3CCc4c(cncc4C(=O)NCCCO)C3)c2)c1,6.657577319177793
COC(=O)CNC(=O)c1cncc2c1CCN(c1cccc(C(=O)Nc3cccc(C(C)C)c3)c1)C2,7.309803919971486
CC(C)c1cccc(NC(=O)c2cccc(N3CCc4c(cncc4C(=O)NCCCN4CCCC4)C3)c2)c1,6.638272163982407
Nc1ncc2c(n1)CCN(c1cccc(C(=O)Nc3ccc(F)c(C(F)(F)F)c3)c1)C2,7.568636235841013
CC(C)c1cccc(NC(=O)c2cccc(N3CCc4c(cnc5ccnn45)C3)c2)c1,8.096910013008056
O=C(Nc1cccc(C(F)(F)F)c1)c1cccc(N2CCc3c(cnc4ccnn34)C2)c1,8.221848749616356
CC(C)c1cccc(NC(=O)c2cccc(N3Cc4cnc5ccnn5c4C3)c2)c1,5.0
CC(C)(C)OC(=O)Nc1cccc(N2CCc3c(cnc4ccnn34)C2)c1,5.0
O=C(Nc1cccc(N2CCc3c(cnc4ccnn34)C2)c1)c1ccccc1,6.995678626217358
O=C(Nc1cccc(N2CCc3c(cnc4ccnn34)C2)c1)c1cccc(C(F)(F)F)c1,8.221848749616356
Cc1cccc(NC(=O)Nc2cccc(N3CCc4c(cnc5ccnn45)C3)c2)c1,7.568636235841013
CC(C)c1cccc(NC(=O)c2cccc(N3CCc4c(cnc5ccnn45)C3)c2)c1,7.585026652029182
O=C(Nc1cccc(C(F)(F)F)c1)c1cccc(N2CCc3c(cnc4ccnn34)C2)c1,7.154901959985743
Cc1ccc(NC(=O)c2cccc(C(F)(F)F)c2)cc1NC(=O)c1cccc2c(N)nccc12,6.583359492661719
Cc1cccc(NC(=O)Nc2ccc(-c3[nH]c4ccccc4c3C(N)=O)cc2)c1,7.886056647693163
NC(=O)c1c(-c2ccc(NC(=O)Nc3cccc(C(F)(F)F)c3)cc2)[nH]c2ccccc12,8.154901959985743
Cc1ccc(F)c(NC(=O)Nc2ccc(-c3[nH]c4ccccc4c3C(N)=O)cc2)c1,7.769551078621726
CCc1cccc(NC(=O)Nc2ccc(-c3[nH]c4ccccc4c3C(N)=O)cc2)c1,8.154901959985743
Cc1ccoc1C(=O)Nc1ccc(-c2[nH]c3ccccc3c2C(N)=O)cc1,5.0
Cc1ccc(F)c(C(=O)Nc2ccc(-c3[nH]c4ccccc4c3C(N)=O)cc2)c1,5.0
Cc1cccc(NC(=O)Nc2cccc(-c3[nH]c4ccccc4c3C(N)=O)c2)c1,5.0
NC(=O)c1c(-c2cccc(NC(=O)Nc3cccc(C(F)(F)F)c3)c2)[nH]c2ccccc12,5.0
Cc1ccoc1C(=O)Nc1cccc(-c2[nH]c3ccccc3c2C(N)=O)c1,5.0
Cc1ccc(F)c(C(=O)Nc2cccc(-c3[nH]c4ccccc4c3C(N)=O)c2)c1,5.0
Nc1c(-c2ccc(F)cc2)c(-c2ccncc2)nn1-c1c(Cl)cc(Cl)cc1Cl,7.5376020021010435
Nc1c(-c2ccc(F)cc2)c(-c2ccncc2)nn1-c1ccccc1,5.619788758288394
Nc1c(-c2ccc(F)cc2)c(-c2ccncc2)nn1-c1ccc(Cl)cc1,5.920818753952375
COc1ccc(-n2nc(-c3ccncc3)c(-c3ccc(F)cc3)c2N)cc1,5.721246399047171
Nc1c(-c2ccc(F)cc2)c(-c2ccncc2)nn1-c1ccc([N+](=O)[O-])cc1,5.853871964321762
Cc1ccc(-n2nc(-c3ccncc3)c(-c3ccc(F)cc3)c2N)cc1,5.585026652029182
N#Cc1ccc(-n2nc(-c3ccncc3)c(-c3ccc(F)cc3)c2N)cc1,5.886056647693163
Nc1c(-c2ccc(F)cc2)c(-c2ccncc2)nn1-c1ccc(C(F)(F)F)cc1,5.619788758288394
NC(=O)c1c(-c2ccncc2)nn(-c2c(Cl)cc(Cl)cc2Cl)c1N,4.508638306165727
CCOC(=O)c1c(-c2ccncc2)nn(-c2c(Cl)cc(Cl)cc2Cl)c1N,4.0
NC(=O)c1c(-c2ccncc2)nn(-c2ccccc2)c1N,4.318758762624412
Nc1c(C(=O)O)c(-c2ccncc2)nn1-c1c(Cl)cc(Cl)cc1Cl,4.366531544420414
Nc1cc(-c2ccncc2)nn1-c1c(Cl)cc(Cl)cc1Cl,4.060480747381382
Clc1cc(Cl)c(N/N=C/c2ccncc2)c(Cl)c1,6.6777807052660805
Fc1ccc(-c2cn(-c3ccc(C(F)(F)F)cc3)nc2-c2ccncc2)cc1,4.568636235841013
Nc1c(-c2ccc(F)cc2)c(-c2ccncc2)nn1-c1c(Cl)cc(Cl)cc1Cl,7.468521082957745
Cc1cc(C)c(/C=C2\C(=O)Nc3ccccc32)[nH]1,4.889410289700751
CC(C)c1ccccc1Nc1nc(N)nc2c1-c1ccccc1C2,3.6989700043360187
CC(C)c1ccc(Nc2nc(N)nc3c2-c2ccccc2C3)cc1,4.958607314841775
Nc1nc2c(c(Nc3cccc(Br)c3)n1)-c1ccccc1C2,3.6989700043360187
Nc1nc2c(c(Nc3ccc(Cl)cc3F)n1)-c1ccccc1C2,3.7053133757205567
Nc1nc2c(c(Nc3ccc(Cl)cc3)n1)-c1ccccc1C2,3.6989700043360187
Nc1nc2c(c(Nc3cccc(Cl)c3)n1)-c1ccccc1C2,3.873219422987991
Cc1cc(C)c(/C=C2\C(=O)Nc3ccccc32)[nH]1,4.97469413473523
Nc1nc2c(c(Nc3ccccc3)n1)-c1ccccc1C2,3.7664962396588657
COc1cccc(Nc2nc(N)nc3c2-c2ccccc2C3)c1,4.366531544420414
Nc1nc2c(c(Nc3cccc(F)c3)n1)-c1ccccc1C2,4.254144804826271
Nc1nc2c(c(Nc3ccc(F)c(Cl)c3)n1)-c1ccccc1C2,4.137272471682025
Nc1nc(Nc2cccc(Br)c2)c2c(n1)-c1ccccc1C2,3.775985188627136
Nc1nc(Nc2ccc(Cl)cc2)c2c(n1)-c1ccccc1C2,3.876475019057268
Nc1nc(Nc2ccc(Br)cc2)c2c(n1)-c1ccccc1C2,3.787546038959724
CC(C)c1ccccc1Nc1nc(N)nc2c1Cc1ccccc1-2,3.702239488900866
Nc1nc(Nc2ccccc2)c2c(n1)-c1ccccc1C2,5.292429823902063
Nc1nc(Nc2cccc(F)c2)c2c(n1)-c1ccccc1C2,4.136677139879544
Nc1nc(Nc2ccc(F)cc2)c2c(n1)-c1ccccc1C2,4.6595558851598815
Cc1cc(C)c(/C=C2\C(=O)Nc3ccccc32)[nH]1,4.889410289700751
NC(=O)c1c(OCc2c(F)cc(Br)cc2F)nsc1NC(=O)NCCCCN1CCCC1,7.976747540366288
NC(=O)c1c(OCc2c(F)cc(Br)cc2F)nsc1NC(=O)NCCCCN1CCCC1,8.896196279044043
Cc1ccc(F)c(NC(=O)Nc2ccc(-c3cncc4[nH]nc(N)c34)c3ccccc23)c1,8.292429823902063
Cc1cccc(NC(=O)Nc2ccc(-c3cncc4[nH]nc(N)c34)c3ccccc23)c1,8.366531544420413
Cc1ccc(F)c(NC(=O)Nc2ccc(-c3ccc(OCCCN4CCCC4)c4[nH]nc(N)c34)c3ccccc23)c1,7.517126416391246
Cc1cccc(NC(=O)Nc2ccc(-c3ccc(OCCCN4CCCC4)c4[nH]nc(N)c34)c3ccccc23)c1,7.320572103387881
Cc1ccc(F)c(NC(=O)Nc2ccc(-c3ccc(OCCC(C)(C)N)c4[nH]nc(N)c34)c3ccccc23)c1,7.316052869248487
Cc1cccc(NC(=O)Nc2ccc(-c3ccc(OCCC(C)(C)N)c4[nH]nc(N)c34)c3ccccc23)c1,7.6777807052660805
CNC(=O)c1cc(Oc2ccc(NC(=O)Nc3ccc(Cl)c(C(F)(F)F)c3)cc2)ccn1,7.954677021213342
Nc1n[nH]c2cccc(-c3ccc(NC(=O)C4(C(=O)Nc5cc(Br)cc(C(F)(F)F)c5)CC4)cc3)c12,7.460046158343603
Nc1n[nH]c2cccc(-c3ccc(NC(=O)C4(C(=O)Nc5ccc(Br)cc5OC(F)(F)F)CC4)cc3)c12,8.25336580106242
Nc1n[nH]c2cccc(-c3ccc(NC(=O)C4(C(=O)Nc5ccc(OC(F)(F)F)cc5Br)CC4)cc3)c12,6.0
Nc1n[nH]c2cccc(-c3ccc(NC(=O)C4(C(=O)Nc5cc(Br)ccc5OC(F)(F)F)CC4)cc3)c12,7.4467239538629
Nc1n[nH]c2cccc(-c3ccc(NC(=O)C4(C(=O)Nc5ccc(Cl)cc5Cl)CC4)cc3)c12,8.10790539730952
Nc1n[nH]c2cccc(-c3ccc(NC(=O)C4(C(=O)Nc5ccc(F)c(F)c5)CC4)cc3)c12,8.853871964321762
Nc1n[nH]c2cccc(-c3ccc(NC(=O)C4(C(=O)Nc5ccc(Cl)c(Cl)c5)CC4)cc3)c12,6.154573261441055
Nc1n[nH]c2cccc(-c3ccc(NC(=O)C4(C(=O)Nc5cc(C(F)(F)F)cc(C(F)(F)F)c5)CC4)cc3)c12,8.869666231504993
Nc1n[nH]c2cccc(-c3ccc(NC(=O)C4(C(=O)Nc5ccc6c(c5)OCO6)CC4)cc3)c12,6.0
Nc1n[nH]c2cccc(-c3cccc(NC(=O)C4(C(=O)Nc5cc(Br)cc(C(F)(F)F)c5)CC4)c3)c12,6.0
Nc1n[nH]c2cccc(-c3cccc(NC(=O)C4(C(=O)Nc5cc(Br)ccc5OC(F)(F)F)CC4)c3)c12,7.489857300597427
Nc1n[nH]c2cccc(-c3cccc(NC(=O)C4(C(=O)Nc5ccc(Cl)cc5Cl)CC4)c3)c12,6.0
CNC(=O)c1cc(Oc2ccc(NC(=O)Nc3ccc(Cl)c(C(F)(F)F)c3)cc2)ccn1,9.346787486224656
Nc1ncc2ccc(-c3ccc(NC(=S)Nc4cc(Br)cc(C(F)(F)F)c4)cc3)cc2n1,8.978810700930062
Nc1ncc2ccc(-c3ccc(NC(=S)Nc4ccc(Br)cc4OC(F)(F)F)cc3)cc2n1,8.847711655616944
Nc1ncc2ccc(-c3ccc(NC(=S)Nc4ccc(OC(F)(F)F)cc4Br)cc3)cc2n1,9.508638306165727
Nc1ncc2ccc(-c3ccc(NC(=S)Nc4cc(Br)ccc4OC(F)(F)F)cc3)cc2n1,7.942714355581785
Nc1ncc2ccc(-c3ccc(NC(=S)Nc4cc(OC(F)(F)F)ccc4Br)cc3)cc2n1,7.4812229310732254
Nc1ncc2ccc(-c3ccc(NC(=S)Nc4ccc(Cl)cc4Cl)cc3)cc2n1,6.0
Nc1ncc2ccc(-c3ccc(NC(=S)Nc4ccc(F)c(F)c4)cc3)cc2n1,6.0
Nc1ncc2ccc(-c3ccc(NC(=S)Nc4ccc(Cl)c(Cl)c4)cc3)cc2n1,6.0
Nc1ncc2ccc(-c3ccc(NC(=S)Nc4cc(C(F)(F)F)cc(C(F)(F)F)c4)cc3)cc2n1,6.0
Nc1ncc2ccc(-c3ccc(NC(=S)Nc4ccc5c(c4)OCO5)cc3)cc2n1,6.0
COC(=O)c1ccc2c(c1)NC(=O)/C2=C(\Nc1ccc(-n2cccc2CN(C)C)cc1)c1ccccc1,7.286509456906058
CCN(CC)Cc1cccn1-c1ccc(N/C(=C2\C(=O)Nc3cc(C(=O)OC)ccc32)c2ccccc2)cc1,6.78351740264754
COC(=O)c1ccc2c(c1)NC(=O)/C2=C(\Nc1ccc(-n2cccc2CN2CCCC2)cc1)c1ccccc1,6.816132522847835
COC(=O)c1ccc2c(c1)NC(=O)/C2=C(\Nc1ccc(-n2cccc2CN2CCCCC2)cc1)c1ccccc1,6.861665717928981
COC(=O)c1ccc2c(c1)NC(=O)/C2=C(\Nc1ccc(-n2cccc2CN2CCN(C)CC2)cc1)c1ccccc1,7.42021640338319
COC(=O)c1ccc2c(c1)NC(=O)/C2=C(\Nc1ccc(Cn2cccc2CN(C)C)cc1)c1ccccc1,6.775959261372305
COC(=O)c1ccc2c(c1)NC(=O)/C2=C(\Nc1ccc(Cn2cccc2CN2CCN(C)CC2)cc1)c1ccccc1,6.783728507029824
COC(=O)c1ccc2c(c1)NC(=O)/C2=C(\Nc1ccc(-n2cccc2CN2CCNCC2)cc1)c1ccccc1,7.016734647433455
COC(=O)c1ccc2c(c1)NC(=O)/C2=C(\Nc1ccc(N(C)C(=O)CN2CCN(C)CC2)cc1)c1ccccc1,8.481486060122112
c1cc(-c2cnc3c(-c4ccncc4)cnn3c2)ccn1,6.649751981665837
COc1ccc(-c2cnn3cc(-c4ccncc4)cnc23)cc1,7.431798275933005
c1cc(-c2cnn3cc(-c4ccsc4)cnc23)ccn1,7.619788758288394
COc1ccc(-c2cnn3cc(-c4ccsc4)cnc23)cc1,7.721246399047171
c1cc(-c2cnn3cc(-c4ccc(OCCN5CCOCC5)cc4)cnc23)cs1,8.397940008672037
c1ccc(-c2cnn3cc(-c4ccc(OCCN5CCOCC5)cc4)cnc23)cc1,8.045757490560675
c1cc(-c2cnn3cc(-c4ccc(OCCN5CCCCC5)cc4)cnc23)cs1,8.522878745280337
c1cc(-c2cnn3cc(-c4ccc(OCCN5CCOCC5)cc4)cnc23)cs1,7.657577319177793
c1ccc(-c2cnn3cc(-c4ccc(OCCN5CCOCC5)cc4)cnc23)cc1,7.494850021680094
c1cc(-c2cnn3cc(-c4ccc(OCCN5CCCCC5)cc4)cnc23)cs1,7.7447274948966935
COc1ccc2c(c1)CCN2c1nc(C)nc2c(Cc3ccccc3)c[nH]c12.Cl,6.698970004336019
COc1ccc2c(c1)CCCN2c1nc(C)nc2c(Cc3ccccc3)c[nH]c12.Cl,7.412289034981089
COc1ccc(Nc2nc(C)nc3c(Cc4ccccc4)cn(C)c23)cc1.Cl,7.573488738635425
COc1ccc(N(C)c2nc(C)nc3c(Cc4ccccc4)cn(C)c23)cc1.Cl,7.481486060122112
COc1ccc2c(c1)CCCN2c1nc(C)nc2c(Cc3ccccc3)cn(C)c12.Cl,7.482804102050026
COc1ccc(N(C)c2nc(N)nc3c(Cc4ccccc4)c[nH]c23)cc1,7.5638373529592435
COc1ccc2c(c1)CCCN2c1nc(N)nc2c(Cc3ccccc3)c[nH]c12,7.074172425375258
Cc1cc(C)c(/C=C2\C(=O)Nc3ccccc32)[nH]1,7.889410289700751
CCN(CC)CCNC(=O)c1c(C)[nH]c(/C=C2\C(=O)Nc3ccc(F)cc32)c1C,7.723538195826756
Cc1nc2ccc(-n3ncc(C(=O)c4cc5ccccc5[nH]4)c3N)cc2[nH]1,5.6777807052660805
CNC(=O)c1cccc2cc(Oc3ccnc4cc(OCC5(N)CC5)c(OC)cc34)ccc12,7.6020599913279625
CN1CCN(c2ccc3nc(-c4c(N)c5c(F)cccc5[nH]c4=O)[nH]c3c2)CC1,7.886056647693163
Cc1ccc(C(=O)Nc2ccc(CN3CCN(C)CC3)c(C(F)(F)F)c2)cc1C#Cc1cnc2cccnn12,8.823908740944319
COc1cc(O)c2c(c1)CCC[C@H](O)[C@H](O)C(=O)CCC[C@H](C)OC2=O,6.788879458741951
COc1cc(O)c2c(c1)CCC[C@H](O)[C@H](O)C(=O)/C=C\C[C@H](C)OC2=O,8.197910742118268
CCN(CC)CCNC(=O)c1c(C)[nH]c(/C=C2\C(=O)Nc3ccc(F)cc32)c1C,7.096910013008056
CCN(CCNC(=O)c1c(C)[nH]c(/C=C2\C(=O)Nc3ccc(F)cc32)c1C)CCOCCOCCNC(=O)c1cc(OCc2cn(CCCCN3C[C@@H]4C[C@H]3C(=O)N[C@@H](CCCNC(=N)N)C(=O)NCC(=O)N[C@@H](CC(=O)O)C(=O)N4)nn2)cc(OCc2cn(CCCCN3C[C@@H]4C[C@H]3C(=O)N[C@@H](CCCNC(=N)N)C(=O)NCC(=O)N[C@@H](CC(=O)O)C(=O)N4)nn2)c1,6.376750709602099
CCN(CC)c1cncc(C#Cc2cc(C(=O)Nc3ccc(CN4CCN(C)CC4)c(C(F)(F)F)c3)ccc2C)c1,6.980883709552927
Cc1ccc(C(=O)Nc2ccc(CN3CCN(C)CC3)c(C(F)(F)F)c2)cc1C#Cc1cncc(NC(C)C)c1,7.2225731776106885
Cc1ccc(C(=O)Nc2ccc(CN3CCN(C)CC3)c(C(F)(F)F)c2)cc1C#Cc1cncc2c1ccn2C,7.197226274708024
CN1CCN(Cc2ccc(NC(=O)c3cncc(C#Cc4cncc5ccccc45)c3)cc2C(F)(F)F)CC1,8.585026652029182
CN1CCN(Cc2ccc(NC(=O)c3ccc(Cl)c(C#Cc4cncc(N5CCOCC5)c4)c3)cc2C(F)(F)F)CC1,7.3124710387853655
COc1cncc(C#Cc2cc(C(=O)Nc3ccc(CN4CCN(C)CC4)c(C(F)(F)F)c3)ccc2C)c1,6.957818405484233
Cc1ccc(C(=O)Nc2ccc(CN3CCN(C)CC3)c(C(F)(F)F)c2)cc1C#Cc1cncc(N2CCN(C)CC2)c1,7.661543506395395
Cc1ccc(C(=O)Nc2ccc(CN3CCN(C)CC3)c(C(F)(F)F)c2)cc1C#Cc1cncc(N2CCOCC2)c1,7.046240308266771
Cc1ccc(C(=O)Nc2ccc(CN3CCN(C)CC3)c(C(F)(F)F)c2)cc1C#Cc1cncc(N2CCCC2)c1,6.96617430604669
Cc1ccc(C(=O)Nc2ccc(CN3CCN(C)CC3)c(C(F)(F)F)c2)cc1C#Cc1cncc2[nH]ccc12,7.0
CN1CCN(Cc2ccc(NC(=O)c3ccnc(C#Cc4cncc5ccccc45)c3)cc2C(F)(F)F)CC1,8.187086643357144
CN1CCN(Cc2ccc(NC(=O)c3ccc(Cl)c(C#Cc4cncc5ccccc45)c3)cc2C(F)(F)F)CC1,7.039053804266168
CN1CCN(Cc2ccc(NC(=O)c3ccc(F)c(C#Cc4cncc5ccccc45)c3)cc2C(F)(F)F)CC1,8.259637310505756
CN1CCN(Cc2ccc(NC(=O)c3cccc(C#Cc4cncc5ccccc45)c3)cc2C(F)(F)F)CC1,8.602059991327963
Cc1ccc(C(=O)Nc2ccc(CN3CCN(C)CC3)c(C(F)(F)F)c2)cc1C#Cc1cncc2ccccc12,7.101823516502323
Cc1ccc(C(=O)Nc2ccc(CN3CCN(C)CC3)c(C(F)(F)F)c2)cc1C#Cc1cnc2cccnn12,8.431798275933005
CCS(=O)(=O)c1ccc(OC)c(Nc2ncc(-c3cccc(-c4ccccn4)c3)o2)c1,7.657577319177793
CCS(=O)(=O)c1ccc(OC)c(Nc2ncc(-c3ccc(CC#N)c(-c4ccccn4)c3)o2)c1,7.638272163982407
COc1cc2ncccc2cc1NC(=O)c1csc2cncnc12,4.301029995663981
Nc1nc(N)c2c(n1)[nH]c1cccc(Sc3ccc4ccccc4c3)c12,3.795066477645855
Nc1nc(N)c2c(n1)[nH]c1cccc(Sc3cccc4ccccc34)c12,3.714217726220605
COc1ccc(OC)c(Sc2cccc3[nH]c4nc(N)nc(N)c4c23)c1,4.991399828238082
COc1ccc(Sc2cccc3[nH]c4nc(N)nc(N)c4c23)cc1,3.7394516273630205
Nc1nc(N)c2c(n1)[nH]c1cccc(Sc3ccc(Cl)cc3)c12,3.3010299956639813
Cc1cc(C)c(/C=C2\C(=O)Nc3ccccc32)[nH]1,4.920818753952375
CCCNC(=O)c1ccc(Nc2nc(NCC(F)(F)F)c3cc[nH]c3n2)cc1,6.052566278112949
FC(F)(F)CNc1nc(Nc2ccc(N3CCOCC3)c(Cl)c2)nc2ccoc12,5.0
FC(F)(F)CNc1nc(Nc2ccc3cn[nH]c3c2)nc2ccoc12,5.0
CC1(C)OCC(=O)Nc2cc(Nc3nc(NCC(F)(F)F)c4occc4n3)ccc21,5.474955192963154
Cc1n[nH]c2cc(Nc3nc(NC4CC4)c4occc4n3)ccc12,5.068542129310995
CC(C)[C@@H](NC(=O)OC(C)(C)C)C(=O)Nc1ccc2ncnc(Nc3cccc(C(F)(F)F)c3)c2c1,4.0
CC(C)(C)OC(=O)NCC(=O)Nc1ccc2ncnc(Nc3cccc(Br)c3)c2c1,4.728158393463501
Cc1n[nH]c2nccc(-c3ccc(NC(=O)Nc4cccnc4)cc3)c12,5.507379277956808
Cc1n[nH]c2nccc(-c3ccc(NC(=O)Nc4cnc5ccccc5c4)cc3)c12,5.734003629504921
Cc1n[nH]c2nccc(-c3ccc(NC(=O)Nc4ccc5ccccc5c4)cc3)c12,4.301029995663981
Cc1n[nH]c2nccc(-c3ccc(NC(=O)Nc4ccn[nH]4)cc3)c12,5.621420423884225
Cc1n[nH]c2nccc(-c3ccc(NC(=O)Nc4ccccn4)cc3)c12,4.301029995663981
Cc1n[nH]c2nccc(-c3ccc(NC(=O)NCc4ccco4)cc3)c12,5.455559862682308
Cc1n[nH]c2nccc(-c3ccc(NC(=O)NCc4cccs4)cc3)c12,5.746904414150968
Cc1n[nH]c2nccc(-c3ccc(NC(=O)NCc4ccccn4)cc3)c12,5.389446294682905
Cc1n[nH]c2nccc(-c3ccc(NC(=O)NC4CCCC4)cc3)c12,5.205581669125859
Cc1n[nH]c2nccc(-c3ccc(NC(=O)NC4CCCCC4)cc3)c12,4.301029995663981
CCCNC(=O)Nc1ccc(-c2ccnc3[nH]nc(C)c23)cc1,4.301029995663981
CCCCNC(=O)Nc1ccc(-c2ccnc3[nH]nc(C)c23)cc1,4.301029995663981
CCCCCNC(=O)Nc1ccc(-c2ccnc3[nH]nc(C)c23)cc1,4.301029995663981
CCN(CC)c1cccc(NC(=O)Nc2ccc(-c3ccnc4[nH]nc(C)c34)cc2)c1,4.377102423705231
CCN(CC)c1ccc(NC(=O)Nc2ccc(-c3ccnc4[nH]nc(C)c34)cc2)cc1,5.271483895240233
Cc1n[nH]c2nccc(-c3ccc(NC(=O)Nc4cccc(N(C)C)c4)cc3)c12,5.1598939055432425
Cc1n[nH]c2nccc(-c3ccc(NC(=O)Nc4ccc(N(C)C)cc4)cc3)c12,5.0435434165901
Cc1n[nH]c2nccc(-c3ccc(NC(=O)Nc4cccc(CN(C)C)c4)cc3)c12,4.797647932190248
CCNC(=O)Nc1ccc(-c2ccnc3[nH]nc(C)c23)cc1,4.301029995663981
Cc1ccccc1NC(=O)Nc1ccc(-c2ccnc3[nH]nc(C)c23)cc1,5.364315237452778
Cc1ccc(NC(=O)Nc2ccc(-c3ccnc4[nH]nc(C)c34)cc2)cc1,5.2508049577803275
Cc1n[nH]c2nccc(-c3ccc(NC(=O)Nc4cccc(F)c4)cc3)c12,5.205651396103917
Cc1n[nH]c2nccc(-c3ccc(NC(=O)Nc4cccc(Cl)c4)cc3)c12,5.392544976785332
Cc1n[nH]c2nccc(-c3ccc(NC(=O)Nc4cccc(C(F)(F)F)c4)cc3)c12,5.716472635138306
Cc1n[nH]c2nccc(-c3ccc(NC(=S)Nc4cccc(Br)c4)cc3)c12,5.2051635421854385
Cc1n[nH]c2nccc(-c3ccc(NC(=S)Nc4cccc(C(F)(F)F)c4)cc3)c12,5.096475935528738
Cc1ccc(F)c(NC(=O)Nc2ccc(-c3cc(O)nc4[nH]nc(C)c34)cc2)c1,5.731422028117157
Cc1cccc(NC(=O)Nc2ccc(-c3cc(O)nc4[nH]nc(C)c34)cc2)c1,5.912218582190458
Cc1n[nH]c2nccc(-c3ccc(NC(=O)Nc4cccc5ccccc45)cc3)c12,4.301029995663981
Cc1n[nH]c2nccc(-c3ccc(NC(=O)NCCCc4ccccc4)cc3)c12,5.413750361133958
Cc1n[nH]c2nccc(-c3ccc(NC(=O)NCCCCc4ccccc4)cc3)c12,4.961896689694102
Cc1n[nH]c2nccc(-c3ccc(NC(=O)NC4Cc5ccccc5C4)cc3)c12,4.301029995663981
Cc1n[nH]c2nccc(-c3ccc(NC(=O)NCc4ccccc4)cc3)c12,4.301029995663981
Cc1n[nH]c2nccc(-c3ccc(NC(=O)NCCc4ccccc4)cc3)c12,5.010550182333308
Cc1n[nH]c2nccc(-c3ccc(NC(=O)NC(C)(C)C)cc3)c12,4.943781418727694
Cc1n[nH]c2nccc(-c3ccc(NC(=O)NC4CC4)cc3)c12,5.344573412254081
Cc1n[nH]c2nccc(-c3ccc(NC(=O)NC4CCC4)cc3)c12,5.300856312605516
CCCCCCNC(=O)Nc1ccc(-c2ccnc3[nH]nc(C)c23)cc1,4.980385284308583
Cc1n[nH]c2nccc(-c3ccc(NC(=O)NCC(C)C)cc3)c12,5.063787955679751
Cc1n[nH]c2nccc(-c3ccc(NC(=O)Nc4ccccc4N4CCN(C)CC4)cc3)c12,5.380489279161502
Cc1ccc(N2CCOCC2)c(NC(=O)Nc2ccc(-c3ccnc4[nH]nc(C)c34)cc2)c1,4.5823124587902475
Cc1n[nH]c2nccc(-c3ccc(NC(=O)Nc4ccccc4N4CCOCC4)cc3)c12,4.433091344773197
Cc1n[nH]c2nccc(-c3ccc(NC(=O)Nc4cccc(C#N)c4)cc3)c12,4.301029995663981
Cc1n[nH]c2nccc(-c3ccc(NC(=O)Nc4cccc(N5CCN(C)CC5)c4)cc3)c12,5.2051635421854385
Cc1ccc(N2CCN(C)CC2)c(NC(=O)Nc2ccc(-c3ccnc4[nH]nc(C)c34)cc2)c1,5.404503778174425
Cc1cc(NC(=O)Nc2ccc(-c3ccnc4[nH]nc(C)c34)cc2)ccc1N1CCN(C)CC1,5.432385557269155
Cc1cc(NC(=O)Nc2ccc(-c3ccnc4[nH]nc(C)c34)cc2)ccc1N1CCOCC1,5.642065152999546
Cc1cc(N2CCN(C)CC2)ccc1NC(=O)Nc1ccc(-c2ccnc3[nH]nc(C)c23)cc1,5.1664704182413566
Cc1cccc(NC(=O)Nc2ccc(-c3ccnc4[nH]nc(CO)c34)cc2)c1,5.308034897232639
CCc1cccc(NC(=O)Nc2ccc(-c3ccnc4[nH]nc(CO)c34)cc2)c1,5.473660722610156
Cc1cccc(NC(=O)Nc2ccc(-c3ccnc4[nH]nc(C(F)(F)F)c34)cc2)c1,4.301029995663981
CCc1cccc(NC(=O)Nc2ccc(-c3ccnc4[nH]nc(C(F)(F)F)c34)cc2)c1,4.301029995663981
CCc1cccc(NC(=O)Nc2ccc(-c3ccnc4[nH]nc(C)c34)cc2)c1,5.9179330657148865
Cc1ccc(F)c(NC(=O)Nc2ccc(-c3ccnc4[nH]nc(C)c34)cc2)c1,5.367239111520561
Cc1cccc(NC(=O)Nc2ccc(-c3ccnc4[nH]nc(C)c34)cc2)c1,5.911863911299449
Cc1n[nH]c2nccc(-c3ccc(NC(=O)Nc4cccc(Br)c4)cc3)c12,5.502379350218712
Cc1ccc(NC(=O)c2ccc(CN3CCN(C)CC3)cc2)cc1Nc1nccc(-c2cccnc2)n1,4.565654687437171
Cc1ccc(F)c(NC(=O)Nc2ccc(-c3cccc4[nH]nc(N)c34)cc2)c1,6.6020599913279625
Cc1ccc(F)c(NC(=O)Nc2ccc(C3CC(O)=Nc4[nH]nc(C)c43)cc2)c1,4.301029995663981
Cc1cccc(NC(=O)Nc2ccc(C3CC(O)=Nc4[nH]nc(C)c43)cc2)c1,4.301029995663981
C=CC(=O)Nc1cccc(CCn2c(=O)c(-c3ccccc3Cl)cc3cnc(NCCCCN(CC)CC)nc32)c1,6.001304841688344
C=CC(=O)Nc1ccc(CCn2c(=O)c(-c3ccccc3Cl)cc3cnc(NCCCCN(CC)CC)nc32)cc1,5.985059650207063
C=CC(=O)N1CCN(CCCn2c(=O)c(-c3c(Cl)c(OC)cc(OC)c3Cl)cc3cnc(NC)nc32)CC1,6.151810883008602
CC[C@@H]1[C@H](F)C(=O)N[C@@H]1COc1nccc2cc(C(N)=O)c(OC)cc12,5.273272790973428
C=CC(=O)Nc1cccc(C)c1Nc1ncc(OCc2c(F)c(OC)cc(OC)c2F)cn1,5.0
C=CC(=O)Nc1cccc(C)c1Nc1ncc2cc(-c3c(Cl)c(OC)cc(OC)c3Cl)ccc2n1,5.0
C=CC(=O)N[C@H]1COC[C@H]1Nc1ncc(OCc2c(F)c(OC)cc(OC)c2F)cn1,5.0
CN[C@@H]1C[C@H]2O[C@@](C)([C@@H]1OC)n1c3ccccc3c3c4c(c5c6ccccc6n2c5c31)C(=O)NC4,4.721246399047171
Cc1n[nH]c2ccc(-c3cc(N[C@@H](CO)c4ccccc4)cnc3-c3cc(Cl)ccc3O)cc12,8.431798275933005
OC[C@H](Nc1cnc(-c2cc(Cl)ccc2O)c(-c2ccc3cnccc3c2)c1)c1ccccc1,9.096910013008056
Cc1n[nH]c2ccc(-c3cc(N[C@@H](CO)c4ccccc4)cnc3-c3cc(F)ccc3O)cc12,8.769551078621726
Cc1n[nH]c2ccc(-c3cc(N[C@@H](CO)c4ccccc4)cnc3-c3ccc(F)cc3O)cc12,8.585026652029182
Cc1n[nH]c2ccc(-c3cc(N[C@@H](CO)c4ccccc4)cnc3-c3cc(F)ccc3O)cc12,8.008773924307505
CC(c1cc2cc(-c3cnn(C)c3)cnc2cc1F)n1nnc2ncc(-c3cnn(CCO)c3)nc21,4.736032715906017
COc1cc2nccc(Oc3ccc(NC(=O)C4(C(=O)Nc5ccc(F)cc5)CC4)cc3)c2cc1OC,10.455931955649724
CN[C@@H]1C[C@H]2O[C@@](C)([C@@H]1OC)n1c3ccccc3c3c4c(c5c6ccccc6n2c5c31)C(=O)NC4,8.318758762624412
COc1cc2nccc(Oc3ccc(NC(=O)C4(C(=O)Nc5ccc(F)cc5)CC4)cc3)c2cc1OC,10.065501548756432
CCOc1ccn(-c2ccc(F)cc2)c(=O)c1C(=O)Nc1ccc(Oc2ccnc(N)c2Cl)c(F)c1,6.7447274948966935
Nc1nccc(Oc2ccc(NC(=O)C3(C(=O)Nc4ccc(F)cc4)CC3)cc2F)c1Cl,7.259637310505756
Nc1nc(NCCNc2ncc(-n3ccnc3)c(-c3ccc(Cl)cc3Cl)n2)ccc1[N+](=O)[O-],5.698970004336019
Nc1nc(NCCNc2ncc(-c3ncc[nH]3)c(-c3ccc(Cl)cc3Cl)n2)ccc1[N+](=O)[O-],5.301029995663981
Cc1cnc(-c2cnc(NCCNc3ccc(C#N)cn3)nc2-c2ccc(Cl)cc2Cl)[nH]1,5.301029995663981
CCCS(=O)(=O)N[C@H]1C[C@@H](N(C)c2ncnc3[nH]ccc23)C1,5.920818753952375
COc1cc2nccc(Oc3ccc(NC(=O)NC4CC4)c(Cl)c3)c2cc1C(N)=O,8.397940008672037
COC(=O)c1ccc2c(c1)NC(=O)/C2=C(\Nc1ccc(N(C)C(=O)CN2CCN(C)CC2)cc1)c1ccccc1,7.6777807052660805
CNC(=O)c1ccccc1Sc1ccc2c(/C=C/c3ccccn3)n[nH]c2c1,9.698970004336019
CCN(CC)CCNC(=O)c1c(C)[nH]c(/C=C2\C(=O)Nc3ccc(F)cc32)c1C,7.096910013008056
CNC(=O)c1cc(Oc2ccc(NC(=O)Nc3ccc(Cl)c(C(F)(F)F)c3)cc2)ccn1,7.045757490560675
COc1cc2/c(=N/c3ccc(Br)cc3F)nc[nH]c2cc1OCC1CCN(C)CC1,7.3979400086720375
CN[C@@H]1C[C@H]2O[C@@](C)([C@@H]1OC)n1c3ccccc3c3c4c(c5c6ccccc6n2c5c31)C(=O)NC4,7.796695083861517
COc1cc2ncnc(Oc3ccc(NC(=O)Nc4ccc(CN5CCOCC5)c(C(F)(F)F)c4)c4ccccc34)c2cc1OC,7.476773958034299
COc1cc2ncnc(Oc3ccc(NC(=O)NC4(C#N)CCCC4)c4ccccc34)c2cc1OC,8.060480747381382
COc1cc2ncnc(Oc3ccc(NC(=O)NC4CC4)c4ccccc34)c2cc1OC,8.72584215073632
COc1cc2ncnc(Oc3ccc(NC(=O)Nc4cc(C)on4)c4ccccc34)c2cc1OC,9.036212172654444
COc1cc2ncnc(Oc3ccc(NC(=O)Nc4cnn(C(C)C)c4)c4ccccc34)c2cc1OC,9.1249387366083
CCCCS(=O)(=O)Nc1ccc(Oc2ncnc3cc(OC)c(OC)cc23)c2ccccc12,5.404834585209771
COc1cc2ncnc(Oc3ccc(NS(=O)(=O)c4ccccc4)c4ccccc34)c2cc1OC,5.0
COc1cc2ncnc(Oc3ccc(NC(=O)Nc4ccc(Cl)c(C(F)(F)F)c4)c4cccnc34)c2cc1OC,7.748361779551788
COc1cc2ncnc(Oc3ccc(NC(=O)Nc4cccc(C(F)(F)F)c4)c4ccccc34)c2cc1OC,7.540758335121918
COc1cc2ncnc(Oc3ccc(NC(=O)Nc4ccc(Cl)c(C(F)(F)F)c4)c4ccccc34)c2cc1OC,7.81559251458768
CNC(=O)c1cc(Oc2ccc(NC(=O)Nc3ccc(Cl)c(C(F)(F)F)c3)cc2)ccn1,7.33338843158097
Cc1cc(=O)n(-c2ccc(F)cc2)nc1C(=O)Nc1ccc(Oc2ccnc3[nH]ccc23)c(F)c1,6.172760000494354
Cc1ccc(C(=O)Nc2ccc(CN3CCN(C)CC3)c(C(F)(F)F)c2)cc1C#Cc1cnc2cccnn12,8.67778070526608
COc1cc2nccc(Oc3ccc(NC(=O)C4(C(=O)Nc5ccc(F)cc5)CC4)cc3)c2cc1OC,10.455931955649724
CN(C)C(=O)c1cc2cnc(Nc3ccc(NC(=O)C4(C(=O)Nc5ccc(F)cc5)CC4)cc3)nc2n1C1CCCC1,5.0
COc1cc2c(Oc3ccc(NC(=O)c4nc5ccccc5n(-c5ccc(F)cc5)c4=O)cc3F)ccnc2cc1OCCCN1CCN(C)CC1,6.819530038340802
COc1cc2c(Oc3ccc(NC(=O)C4(C(=O)Nc5ccc(F)cc5)CC4)cc3F)ccnc2cc1OCCCN1CCOCC1,8.319664486585436
CN1CCN(Cc2ccc(NC(=O)c3n[nH]cc3Nc3ncnc4sccc34)cc2)CC1,7.454692883534176
CC(=O)N1Cc2ncnc(Oc3ccc4c(ccn4C(=O)Nc4cc(C5CC5)on4)c3)c2C[C@@H]1C,8.259637310505756
CC(=O)N1Cc2ncnc(Oc3ccc4c(ccn4C(=O)Nc4cc(C5(C(F)(F)F)CC5)on4)c3)c2C[C@@H]1C,9.154901959985743
CC(=O)N1Cc2ncnc(Oc3ccc4c(ccn4C(=O)Nc4cc(C5CC5)on4)c3)c2C[C@@H]1C,8.886056647693163
CC(=O)N1CCc2c(ncnc2Oc2ccc3c(ccn3C(=O)Nc3cc(C4CC4)on3)c2)C1,8.67778070526608
CC(=O)N1Cc2ncnc(Oc3ccc4c(ccn4C(=O)Nc4cc(C5CC5)on4)c3)c2C1,7.995678626217358
O=C(Nc1cc(C2CC2)on1)n1ccc2cc(Oc3ncnc4c3CSC4)ccc21,8.387216143280265
O=C(Nc1cc(C2CC2)on1)n1ccc2cc(Oc3cc(Cn4ncnn4)ncn3)ccc21,7.892790030352131
O=C(Nc1cc(C2CC2)on1)n1ccc2cc(Oc3cc(CO)ncn3)ccc21,8.05551732784983
CNCc1cc(Oc2ccc3c(ccn3C(=O)Nc3cc(C(F)(F)F)n(C)n3)c2)ncn1,7.7594507517174005
CNCc1cc(Oc2ccc3c(ccn3C(=O)Nc3cc(C(F)(F)F)[nH]n3)c2)ncn1,6.5638373529592435
CNCc1cc(Oc2ccc3c(ccn3C(=O)Nc3cc(C(C)C)[nH]n3)c2)ncn1,8.55284196865778
CNCc1cc(Oc2ccc3c(ccn3C(=O)Nc3cc(C4(C(F)(F)F)CC4)[nH]n3)c2)ncn1,8.602059991327963
CNCc1cc(Oc2ccc3c(ccn3C(=O)Nc3cc(C4(C)CC4)[nH]n3)c2)ncn1,8.698970004336019
CNCc1cc(Oc2ccc3c(ccn3C(=O)Nc3cccc(C(F)(F)F)c3)c2)ncn1,7.950781977329818
CNCc1cc(Oc2ccc3c(ccn3C(=O)Nc3cc(C4(C(F)(F)F)CC4)on3)c2)ncn1,8.236572006437063
CNCc1cc(Oc2ccc3c(ccn3C(=O)Nc3cc(C4(C)CC4)on3)c2)ncn1,8.0268721464003
CNCc1cc(Oc2ccc3c(ccn3C(=O)Nc3cc(C(C)C)on3)c2)ncn1,7.598599459218456
C[C@H]1Cc2c(ncnc2Oc2ccc3c(ccn3C(=O)Nc3cc(C4(C(F)(F)F)CC4)on3)c2)CN1,8.698970004336019
C[C@@H]1Cc2c(ncnc2Oc2ccc3c(ccn3C(=O)Nc3cc(C4CC4)on3)c2)CN1,7.180456064458132
C[C@H]1Cc2c(ncnc2Oc2ccc3c(ccn3C(=O)Nc3cc(C4CC4)on3)c2)CN1,7.050609993355087
CCN1CCc2c(ncnc2Oc2ccc3c(ccn3C(=O)Nc3cc(C4CC4)on3)c2)C1,8.102372908709558
CNCc1cc(Oc2ccc3c(ccn3C(=O)Nc3cc(C4CC4)on3)c2)ncn1,6.610833915635467
O=C(Nc1cc(C2CC2)on1)n1ccc2cc(Oc3ncnc4c3CCNC4)ccc21,6.638272163982407
O=C(Nc1cc(C2(CO)CC2)on1)n1ccc2cc(Oc3ncnc4c3CNC4)ccc21,7.747146969020107
O=C(Nc1cc(C2(C(F)(F)F)CC2)on1)n1ccc2cc(Oc3ncnc4c3CNC4)ccc21,8.301029995663981
CC1(c2cc(NC(=O)n3ccc4cc(Oc5ncnc6c5CNC6)ccc43)no2)CC1,8.207608310501746
CC(C)(CO)c1cc(NC(=O)n2ccc3cc(Oc4ncnc5c4CNC5)ccc32)no1,8.602059991327963
O=C(Nc1cc(C2CCOCC2)on1)n1ccc2cc(Oc3ncnc4c3CNC4)ccc21,7.892790030352131
Cc1cc(NC(=O)n2ccc3cc(Oc4ncnc5c4CNC5)ccc32)no1,5.764471553092451
CC(C)(C)c1cc(NC(=O)n2ccc3cc(Oc4ncnc5c4CNC5)ccc32)no1,7.2262135550188065
CC(C)c1cc(NC(=O)n2ccc3cc(Oc4ncnc5c4CNC5)ccc32)no1,8.387216143280265
O=C(Nc1cc(C2CC2)on1)n1ccc2cc(Oc3ncnc4c3CNC4)ccc21,7.585026652029182
CC1(c2cc(NC(=O)n3ccc4cc(Oc5ncnc6c5CCNC6)ccc43)n[nH]2)CC1,8.638272163982407
C[C@H]1Cc2c(ncnc2Oc2ccc3c(ccn3C(=O)Nc3cc(C4(C)CC4)[nH]n3)c2)CN1,9.045757490560675
Nc1nccc(Oc2ccc3c(C(=O)Nc4cccc(C(F)(F)F)c4)cccc3c2)n1,8.769551078621726
O=C(Nc1cccc(C(F)(F)F)c1)c1cccc2cc(Oc3cc(CO)ncn3)ccc12,8.886056647693163
COc1cc2nccc(Oc3ccc(NC(=O)C4(C(=O)Nc5ccc(F)cc5)CC4)cc3)c2cc1OC,10.455931955649724
COC(=O)c1ccc2c(c1)NC(=O)/C2=C(\Nc1ccc2nc(CN(C)C)oc2c1)c1ccccc1,6.0
COC(=O)c1ccc2c(c1)NC(=O)/C2=C(\Nc1ccc2c(c1)nc(CN(C)C)n2C)c1ccccc1,6.4148778136931845
COC(=O)c1ccc2c(c1)NC(=O)/C2=C(\Nc1ccc2c(c1)nc(CN1CCN(C)CC1)n2C)c1ccccc1,6.5897290357478155
COC(=O)c1ccc2c(c1)NC(=O)/C2=C(\Nc1ccc2[nH]c(CN(C)C)cc2c1)c1ccccc1,6.859177819890689
COC(=O)c1ccc2c(c1)NC(=O)/C2=C(\Nc1ccc2[nH]c(CN3CCN(C)CC3)cc2c1)c1ccccc1,6.974284616098659
COC(=O)c1ccc2c(c1)NC(=O)/C2=C(\Nc1ccc2[nH]c(C(=O)N(C)C)cc2c1)c1ccccc1,6.0
COC(=O)c1ccc2c(c1)NC(=O)/C2=C(\Nc1ccc2[nH]c(C(=O)N3CCN(C)CC3)cc2c1)c1ccccc1,7.1605219526258015
COC(=O)c1ccc2c(c1)NC(=O)/C2=C(\Nc1ccc2c(c1)cc(C(=O)N1CCN(C)CC1)n2C)c1ccccc1,7.089909454405932
CCn1c(C(=O)N2CCN(C)CC2)cc2cc(N/C(=C3\C(=O)Nc4cc(C(=O)OC)ccc43)c3ccccc3)ccc21,6.980468315468745
COC(=O)c1ccc2c(c1)NC(=O)/C2=C(\Nc1ccc2[nH]cc(CN(C)C)c2c1)c1ccccc1,6.0
COC(=O)c1ccc2c(c1)NC(=O)/C2=C(\Nc1ccc2c(c1)c(CN(C)C)cn2C)c1ccccc1,6.09231997575758
CCn1cc(CN(C)C)c2cc(N/C(=C3\C(=O)Nc4cc(C(=O)OC)ccc43)c3ccccc3)ccc21,6.365321247821318
COC(=O)c1ccc2c(c1)NC(=O)/C2=C(\Nc1ccc2c(c1)c(CN(C)C)cn2C(C)C)c1ccccc1,6.189431470783587
COC(=O)c1ccc2c(c1)NC(=O)/C2=C(\Nc1ccc2c(c1)c(CN1CCN(C)CC1)cn2C)c1ccccc1,6.0
COC(=O)c1ccc2c(c1)NC(=O)/C2=C(\Nc1ccc(N(C)C(=O)CN2CCN(C)CC2)cc1)c1ccccc1,8.070581074285707
Nc1ncc2ccc(-c3ccc(NC(=O)C4(C(=O)Nc5cc(Br)cc(C(F)(F)F)c5)CC4)cc3)cc2n1,7.393941250589686
Nc1ncc2ccc(-c3ccc(NC(=O)C4(C(=O)Nc5ccc(Br)cc5OC(F)(F)F)CC4)cc3)cc2n1,6.301029995663981
Nc1ncc2ccc(-c3ccc(NC(=O)C4(C(=O)Nc5ccc(OC(F)(F)F)cc5Br)CC4)cc3)cc2n1,6.301029995663981
Nc1ncc2ccc(-c3ccc(NC(=O)C4(C(=O)Nc5cc(Br)ccc5OC(F)(F)F)CC4)cc3)cc2n1,6.301029995663981
Nc1ncc2ccc(-c3ccc(NC(=O)C4(C(=O)Nc5cc(OC(F)(F)F)ccc5Br)CC4)cc3)cc2n1,6.901979613790332
Nc1ncc2ccc(-c3ccc(NC(=O)C4(C(=O)Nc5ccc(Cl)cc5Cl)CC4)cc3)cc2n1,6.966254663986025
Nc1ncc2ccc(-c3ccc(NC(=O)C4(C(=O)Nc5ccc(F)c(F)c5)CC4)cc3)cc2n1,7.6701954778359305
Nc1ncc2ccc(-c3ccc(NC(=O)C4(C(=O)Nc5ccc(Cl)c(Cl)c5)CC4)cc3)cc2n1,6.301029995663981
Nc1ncc2ccc(-c3ccc(NC(=O)C4(C(=O)Nc5cc(C(F)(F)F)cc(C(F)(F)F)c5)CC4)cc3)cc2n1,6.301029995663981
Nc1ncc2ccc(-c3ccc(NC(=O)C4(C(=O)Nc5ccc(OCCCN6CCOCC6)c(F)c5)CC4)cc3)cc2n1,6.301029995663981
Nc1ncc2ccc(-c3ccc(NC(=O)C4(C(=O)Nc5ccc6c(c5)OCO6)CC4)cc3)cc2n1,6.301029995663981
CNC(=O)c1cc(Oc2ccc(NC(=O)Nc3ccc(Cl)c(C(F)(F)F)c3)cc2)ccn1,9.070581074285707
C=CC(=O)Nc1ccc(-c2ccc(NC(=O)Nc3ccc(C(C)(C)C)cc3)cc2)cn1,6.301029995663981
C=CC(=O)Nc1ccc(-c2ccc(NC(=O)Nc3cccc(C(C)C)c3)cc2)cn1,8.67778070526608
C=CC(=O)Nc1ccc(-c2ccc(NC(=O)Nc3ccc(Cl)c(C(F)(F)F)c3)cc2)cn1,6.301029995663981
C=CC(=O)Nc1ccc(-c2ccc(NC(=O)Nc3ccc(C)c(Cl)c3)cc2)cn1,6.301029995663981
C=CC(=O)Nc1ccc(-c2ccc(NC(=O)Nc3cccc(F)c3)cc2)cn1,6.301029995663981
C=CC(=O)Nc1ccc(-c2ccc(NC(=O)Nc3ccc(F)cc3)cc2)cn1,8.098541678603887
C=CC(=O)Nc1ccc(-c2ccc(NC(=O)Nc3cccc(C(F)(F)F)c3)cc2)cn1,6.487022260656586
C=CC(=O)Nc1ccc(-c2ccc(NC(=O)Nc3ccccc3Cl)cc2)cn1,6.301029995663981
C=CC(=O)Nc1ccc(-c2ccc(NC(=O)Nc3ccc(OC(F)(F)F)cc3)cc2)cn1,6.301029995663981
C=CC(=O)Nc1ccc(-c2ccc(NC(=O)Nc3c(C)cccc3C)cc2)cn1,6.301029995663981
C=CC(=O)Nc1ccc(-c2ccc(NC(=O)Nc3cccc(Cl)c3)cc2)cn1,8.628932137728263
O=C(Nc1cccc(-c2ccc3c(=O)[nH]cnc3c2)c1)Nc1ccc(Cl)c(C(F)(F)F)c1,6.301029995663981
O=C(Nc1cccc(-c2ccc3c(=O)[nH]cnc3c2)c1)Nc1cc(C(F)(F)F)cc(C(F)(F)F)c1,6.301029995663981
O=C(Nc1cccc(-c2ccc3c(=O)[nH]cnc3c2)c1)Nc1cccc(C(F)(F)F)c1,6.301029995663981
O=C(Nc1cccc(-c2ccc3c(=O)[nH]cnc3c2)c1)Nc1ccc(F)c(F)c1,7.538351431936545
O=C(Nc1cccc(Cl)c1)Nc1cccc(-c2ccc3c(=O)[nH]cnc3c2)c1,7.459920911195828
CN1CCN(CC(=O)N(C)c2ccc(N/C(=C3\C(=O)Nc4cc(-n5nccn5)ccc43)c3ccccc3)cc2)CC1,8.721246399047171
CN1CCN(CC(=O)N(C)c2ccc(N/C(=C3\C(=O)Nc4cc(-c5ccco5)ccc43)c3ccccc3)cc2)CC1,8.031517051446064
CN1CCN(CC(=O)N(C)c2ccc(N/C(=C3\C(=O)Nc4cc(-c5cnco5)ccc43)c3ccccc3)cc2)CC1,8.096910013008056
CN1CCN(CC(=O)N(C)c2ccc(N/C(=C3\C(=O)Nc4cc(-c5nnn(C)n5)ccc43)c3ccccc3)cc2)CC1,8.309803919971486
CN1CCN(CC(=O)N(C)c2ccc(N/C(=C3\C(=O)Nc4cc(-c5ncon5)ccc43)c3ccccc3)cc2)CC1,8.337242168318426
CN1CCN(CC(=O)N(C)c2ccc(N/C(=C3\C(=O)Nc4cc(-c5nnco5)ccc43)c3ccccc3)cc2)CC1,8.397940008672037
CN1CCN(CC(=O)N(C)c2ccc(N/C(=C3\C(=O)Nc4cc(OC(F)(F)F)ccc43)c3ccccc3)cc2)CC1,7.468521082957745
COC(=O)c1ccc2c(c1)NC(=O)/C2=C(\Nc1ccc(N2CCC(CN3CCN(C)CC3)C2=O)cc1)c1ccccc1,7.920818753952375
COC(=O)c1ccc2c(c1)NC(=O)/C2=C(\Nc1ccc(N2C(=O)CC[C@@H]2CN(C)C)cc1)c1ccccc1,7.292429823902063
COC(=O)c1ccc2c(c1)NC(=O)/C2=C(\Nc1ccc(N2C(=O)CC[C@@H]2CN2CCN(C)CC2)cc1)c1ccccc1,8.080921907623926
COC(=O)c1ccc2c(c1)NC(=O)/C2=C(\Nc1ccc(N2C(=O)CC[C@H]2CN2CCN(C)CC2)cc1)c1ccccc1,8.795880017344075
COC(=O)c1ccc2c(c1)NC(=O)/C2=C(\Nc1ccc(N(C)C(=O)CN2CCN(C)CC2)cc1)c1ccccc1,8.508638306165727
COC(=O)c1ccc2c(c1)NC(=O)/C2=C(\Nc1ccc2c(c1)N(C(=O)CN1CCOCC1)CC2)c1ccccc1,6.958607314841775
COC(=O)c1ccc2c(c1)NC(=O)/C2=C(\Nc1ccc2c(c1)N(C(=O)Cn1cccn1)CC2)c1ccccc1,6.522878745280337
COC(=O)c1ccc2c(c1)NC(=O)/C2=C(\Nc1ccc2c(c1)N(C(=O)Cn1cncn1)CC2)c1ccccc1,7.0
COC(=O)c1ccc2c(c1)NC(=O)/C2=C(\Nc1ccc2c(c1)N(C(=O)CN1CCCC1=O)CC2)c1ccccc1,6.638272163982407
COC(=O)c1ccc2c(c1)NC(=O)/C2=C(\Nc1ccc2c(c1)N(C(=O)CN1CC(C)OC(C)C1)CC2)c1ccccc1,6.522878745280337
COC(=O)c1ccc2c(c1)NC(=O)/C2=C(\Nc1ccc2c(c1)N(C(=O)CN(C)C)CC2)c1ccccc1,7.187086643357144
CNC(=O)c1cc(Oc2ccc(NC(=O)Nc3ccc(Cl)c(C(F)(F)F)c3)cc2)ccn1.Cc1ccc(S(=O)(=O)O)cc1,8.070581074285707
CCS(=O)(=O)c1ccc(OC)c(Nc2ncc(-c3cc(-c4ccccn4)cc(-c4ccccn4)c3)o2)c1,7.823908740944319
CCS(=O)(=O)c1ccc(OC)c(Nc2ncc(-c3cccc(-c4cc[nH]c4)c3)o2)c1,7.7447274948966935
CCS(=O)(=O)c1ccc(OC)c(Nc2ncc(-c3cccc(-c4ccccn4)c3)o2)c1,7.657577319177793
CCS(=O)(=O)c1ccc(OC)c(Nc2nc(-c3cccc(-c4ccccn4)c3)co2)c1,3.248720896016658
O=C(Cn1c(-c2ccco2)nc2ccccc21)N/N=C/c1ccccc1Cl,6.1938200260161125
Cc1ccc(-c2nc3ccccc3n2CC(=O)N/N=C/c2ccccc2Cl)o1,5.8996294548824375
NNC(=O)CSc1nnc(Cn2c(-c3ccco3)nc3ccccc32)s1,5.85078088734462
CNC(=O)c1cc(Oc2ccc(NC(=O)Nc3ccc(Cl)c(C(F)(F)F)c3)cc2)ccn1,7.0
Nc1n[nH]c2cccc(-c3ccc(NC(=S)Nc4cc(Br)ccc4OC(F)(F)F)cc3)c12,8.462180904926726
Nc1n[nH]c2cccc(-c3ccc(NC(=S)Nc4cc(OC(F)(F)F)ccc4Br)cc3)c12,8.100179497572904
Nc1n[nH]c2cccc(-c3ccc(NC(=S)Nc4ccc(Cl)cc4Cl)cc3)c12,7.613857891069181
Nc1n[nH]c2cccc(-c3ccc(NC(=S)Nc4ccc(F)c(F)c4)cc3)c12,7.699621935129297
Nc1n[nH]c2cccc(-c3ccc(NC(=S)Nc4ccc(Cl)c(Cl)c4)cc3)c12,8.115771230367397
C=CC(=O)Nc1cccc(-c2ccc(NC(=O)Nc3ccc(Cl)c(C(F)(F)F)c3)cc2)n1,8.209714835966759
C=CC(=O)Nc1cccc(-c2ccc(NC(=O)Nc3ccc(C)c(Cl)c3)cc2)n1,8.1518108830086
C=CC(=O)Nc1cccc(-c2ccc(NC(=O)Nc3ccc(F)cc3)cc2)n1,6.301029995663981
C=CC(=O)Nc1cccc(-c2ccc(NC(=O)Nc3ccc(C(C)(C)C)cc3)cc2)n1,7.924453038607469
C=CC(=O)Nc1cccc(-c2ccc(NC(=O)Nc3ccccc3Cl)cc2)n1,6.301029995663981
C=CC(=O)Nc1cccc(-c2ccc(NC(=O)Nc3cccc(C(C)C)c3)cc2)n1,6.301029995663981
C=CC(=O)Nc1cccc(-c2ccc(NC(=O)Nc3cccc(Cl)c3)cc2)n1,6.910766268634601
C=CC(=O)Nc1cccc(-c2ccc(NC(=O)Nc3ccc(OC(F)(F)F)cc3)cc2)n1,6.301029995663981
C=CC(=O)Nc1cccc(-c2ccc(NC(=O)Nc3ccc(Cl)cc3Cl)cc2)n1,6.301029995663981
C=CC(=O)Nc1cccc(-c2ccc(NC(=O)Nc3cccc(C(F)(F)F)c3)cc2)n1,7.716698771296451
C=CC(=O)Nc1cccc(-c2ccc(NC(=O)Nc3ccc(F)cc3F)cc2)n1,6.301029995663981
C=CC(=O)Nc1cccc(-c2ccc(NC(=O)Nc3ccccc3F)cc2)n1,7.95116991347165
C=CC(=O)Nc1cccc(-c2ccc(NC(=O)Nc3cccc(F)c3)cc2)n1,6.301029995663981
C=CC(=O)Nc1cccc(-c2ccc(NC(=O)Nc3c(C)cccc3C)cc2)n1,6.381732195399193
O=C(Nc1ccc(-c2ccc3c(=O)nc[nH]c3c2)cc1)C1(C(=O)Nc2cccc(F)c2)CCC1,6.301029995663981
C#Cc1cccc(NC(=O)C2(C(=O)Nc3ccc(-c4ccc5c(=O)nc[nH]c5c4)cc3)CCC2)c1,6.301029995663981
O=C(Nc1ccc(-c2ccc3c(=O)nc[nH]c3c2)cc1)C1(C(=O)Nc2ccc(Cl)c(C(F)(F)F)c2)CCC1,6.527214306247781
O=C(Nc1ccc(-c2ccc3c(=O)nc[nH]c3c2)cc1)C1(C(=O)Nc2cccc(C(F)(F)F)c2)CCC1,6.5077426224620085
O=C(Nc1ccc(-c2ccc3c(=O)nc[nH]c3c2)cc1)C1(C(=O)Nc2cc(C(F)(F)F)cc(C(F)(F)F)c2)CCC1,6.301029995663981
Cc1ccc(NC(=O)C2(C(=O)Nc3ccc(-c4ccc5c(=O)nc[nH]c5c4)cc3)CCC2)cc1Cl,7.503070351926785
Cc1cc(Br)ccc1NC(=O)C1(C(=O)Nc2ccc(-c3ccc4c(=O)nc[nH]c4c3)cc2)CCC1,6.301029995663981
CNC(=O)c1cc(Oc2ccc(NC(=O)Nc3ccc(Cl)c(C(F)(F)F)c3)cc2)ccn1,8.896196279044043
O=C(Nc1ccc(Oc2ccnc3[nH]ccc23)cc1)c1nn(-c2ccc(Cl)c(C(F)(F)F)c2)ccc1=O,5.619788758288394
COc1ccc(Cc2nnc3sc(-c4cc5ccccc5[nH]4)nn23)cc1,5.47755576649368
CN[C@@H]1C[C@H]2O[C@@](C)([C@@H]1OC)n1c3ccccc3c3c4c(c5c6ccccc6n2c5c31)C(=O)NC4,7.984640244590786
COc1cc2nccc(Oc3ccc(NC(=O)C4(C(=O)Nc5ccc(F)cc5)CC4)cc3)c2cc1OC,9.318758762624412
COc1cc2c(Oc3ccc(NC(=O)NN4C(=O)CSC4c4c(F)cccc4F)c(F)c3)ccnc2cc1OCCCN1CCCC1,7.6777807052660805
Cn1ccc2c(Oc3ccc(NC(=O)Nc4ccc(Cl)c(C(F)(F)F)c4)cc3)ncnc21,6.0
Cc1cccc(Nc2nc3cc(Oc4ncnc5c4cnn5C)ccc3n2C)c1,7.043351420794797
Cn1ncc2c(Oc3ccc4c(c3)nc(Nc3ccc(Cl)cc3)n4C)ncnc21,7.302770657240282
Cn1ncc2c(Oc3ccc4c(c3)nc(Nc3ccc(Cl)c(C(F)(F)F)c3)n4C)ncnc21,6.871277715661573
Cc1ccc(Nc2nc3cc(Oc4ncnc5c4cnn5C)ccc3n2C)cc1,7.767003889607846
Cn1ncc2c(Oc3ccc4c(c3)nc(Nc3ccc(C(C)(C)C)cc3)n4C)ncnc21,6.853871964321762
Cn1ncc2c(Oc3ccc4c(c3)nc(Nc3ccc(Br)cc3)n4C)ncnc21,7.52432881167557
Cn1ncc2c(Oc3ccc4c(c3)nc(Nc3ccc(F)cc3)n4C)ncnc21,7.379863945026242
Cn1ncc2c(Oc3ccc4c(c3)nc(Nc3ccc(Cl)c(Cl)c3)n4C)ncnc21,6.919373513078194
CN(C)c1ccc(Nc2nc3cc(Oc4ncnc5c4cnn5C)ccc3n2C)cc1,6.952725132615821
Cn1ncc2c(Oc3ccc4c(c3)nc(Nc3cccc(C(F)(F)F)c3)n4C)ncnc21,6.823330067331851
Cn1ncc2c(Oc3ccc4c(c3)nc(Nc3ccc(C(F)(F)F)cc3)n4C)ncnc21,7.199282921717615
COc1ccc(Nc2nc3cc(Oc4ncnc5c4cnn5C)ccc3n2C)cc1,7.134303940083929
Cn1ncc2c(Oc3ccc4c(c3)nc(Nc3ccc(OC(F)(F)F)cc3)n4C)ncnc21,7.108462542327436
COc1ccc(CNc2nc3cc(Oc4ncnc5c4cnn5C)ccc3n2C)cc1,6.372634143407267
CNC(=O)c1cc(Oc2ccc(NC(=O)Nc3ccc(Cl)c(C(F)(F)F)c3)cc2)ccn1,7.7544873321858505
CN1CCN(Cc2ccc(NC(=O)c3n[nH]cc3Nc3ncnc4sccc34)cc2)CC1,7.454692883534176
Cc1nc2c(c(Nc3c[nH]nc3C(=O)Nc3ccc(N4CCNCC4)cc3)n1)CCC2,7.0240170562874535
CN[C@@H]1C[C@H]2O[C@@](C)([C@@H]1OC)n1c3ccccc3c3c4c(c5c6ccccc6n2c5c31)C(=O)NC4,8.777283528852417
CNC(=O)c1cc(Oc2ccc(C3=NNC(c4cccc(Br)c4)C3)cc2)ccn1,6.251811972993799
CNC(=O)c1cc(Oc2ccc(C3=NNC(c4ccc(OC)cc4)C3)cc2)ccn1,4.301029995663981
CNC(=O)c1cc(Oc2ccc(C3=NNC(c4ccccc4)C3)cc2)ccn1,5.638272163982407
CNC(=O)c1cc(Oc2ccc(C3CC(c4ccc([N+](=O)[O-])cc4)=NN3)cc2)ccn1,4.301029995663981
CNC(=O)c1cc(Oc2ccc(NC(=O)Nc3ccc(Cl)c(C(F)(F)F)c3)cc2)ccn1,6.769551078621726
CN[C@@H]1C[C@H]2O[C@@](C)([C@@H]1OC)n1c3ccccc3c3c4c(c5c6ccccc6n2c5c31)C(=O)NC4,7.142667503568732
CC(=O)Nc1cn2cc(-c3cc(NC(=O)c4ccccc4)ccc3C)ccc2n1,4.958607314841775
CC(=O)Nc1cn2cc(-c3cc(NC(=O)c4cccc(C(F)(F)F)c4)ccc3C)ccc2n1,6.494850021680094
CC(=O)Nc1cn2cc(-c3cc(NC(=O)c4cccc(Cl)c4)ccc3C)ccc2n1,5.568636235841013
CC(=O)Nc1cn2cc(-c3cc(NC(=O)c4cc(C(F)(F)F)ccn4)ccc3C)ccc2n1,5.698970004336019
CC(=O)Nc1cn2cc(-c3cc(NC(=O)c4cccc(C(C)(C)C)c4)ccc3C)ccc2n1,7.356547323513812
CC(=O)Nc1cn2cc(-c3cc(NC(=O)c4ccc(CN5CCN(C)CC5)c(C(F)(F)F)c4)ccc3C)ccc2n1,6.958607314841775
Cc1c(C(=O)NCCS(C)(=O)=O)sc2ncnc(Oc3ccc(NC(=O)C4(C(=O)Nc5ccc(F)cc5)CC4)cc3F)c12,7.318758762624412
COCCNC(=O)c1sc2ncnc(Oc3ccc(NC(=O)C4(C(=O)Nc5ccc(F)cc5)CC4)cc3F)c2c1C,7.080921907623926
Cc1c(C(=O)NCCN2CCOCC2)sc2ncnc(Oc3ccc(NC(=O)C4(C(=O)Nc5ccc(F)cc5)CC4)cc3F)c12,7.267606240177032
Cc1c(C(=O)NCCCN2CCOCC2)sc2ncnc(Oc3ccc(NC(=O)C4(C(=O)Nc5ccc(F)cc5)CC4)cc3F)c12,7.0915149811213505
Cc1c(C(=O)NCC#N)sc2ncnc(Oc3ccc(NC(=O)C4(C(=O)Nc5ccc(F)cc5)CC4)cc3F)c12,7.130768280269024
COc1cc2nccc(Oc3ccc(NC(=O)C4(C(=O)Nc5ccc(F)cc5)CC4)cc3)c2cc1OC,8.397940008672037
CCCNC(=O)c1cc(Oc2ccc(NC(=O)c3cc4cccnc4n(-c4ccc(F)cc4)c3=O)cc2)ccn1,6.535659515372332
Cc1cc(=O)n(-c2ccc(F)cc2)nc1C(=O)Nc1ccc(Oc2ncnc3ccsc23)c(F)c1,6.346787486224656
CNc1ncc2c(-c3ccc(N4CCN(C(=O)C(C)(C)C)CC4)nc3)nn(CC3CCCC3)c2n1,5.0
CCN1CCN(c2ccc(-c3nn(CC4CCCC4)c4nc(NC)ncc34)cn2)CC1,5.721246399047171
CNc1ncc2c(-c3ccc(N4CCN(C)CC4)nc3)nn(CC3CCCC3)c2n1,6.3979400086720375
CNc1ncc2c(-c3ccc(N4CCN(C)CC4)cc3)nn(CC3CCCC3)c2n1,7.180456064458132
Nc1nc(Nc2ccc3c(c2)CC[C@@H](N2CCCC2)CC3)nn1-c1cc2c(nn1)-c1ccccc1CCC2,8.096910013008056
CNc1ncc2c(-c3ccc(N4CCN(C(=O)C(C)(C)C)CC4)nc3)nn(Cc3cn(Cc4ccccc4)nn3)c2n1,5.0
CCN1CCN(c2ccc(-c3nn(Cc4cn(Cc5ccccc5)nn4)c4nc(NC)ncc34)cn2)CC1,5.113509274827518
CNc1ncc2c(-c3ccc(N4CCN(C)CC4)nc3)nn(Cc3cn(Cc4ccccc4)nn3)c2n1,5.119186407719209
CNc1ncc2c(-c3ccc(N4CCNCC4)cc3)nn(Cc3cn(Cc4ccccc4)nn3)c2n1,5.0
CNc1ncc2c(-c3ccc(N4CCNCC4)nc3)nn(Cc3cn(-c4ccsc4C(=O)OC)nn3)c2n1,5.0
CNc1ncc2c(-c3ccc(N4CCNCC4)nc3)nn(Cc3cn(Cc4ccccc4)nn3)c2n1,5.0
CNc1ncc2c(-c3ccc(OC)cc3)nn(CC3OCCO3)c2n1,5.1249387366083
CNc1ncc2c(-c3ccc(N4CCNCC4)nc3)nn(CC3OCCO3)c2n1,5.346787486224656
CNc1ncc2c(-c3ccc(N4CCNCC4)nc3)nn(CC3CCCC3)c2n1,6.161150909262744
COc1cc2c(cc1OC)Nc1ncnc(Oc3ccc(NC(=O)C4(C(=O)Nc5ccc(F)cc5)CC4)cc3F)c1NC2,7.204119982655925
Cc1c2ccc(N(C)c3ccnc(Nc4ccc(C(=O)NCCCCCCC(=O)NO)cc4)n3)cc2nn1C,7.337242168318426
Cc1c2ccc(N(C)c3ccnc(Nc4ccc(C(=O)Nc5ccccc5N)cc4)n3)cc2nn1C,7.431798275933005
Cc1ccc(Nc2nccc(N(C)c3ccc4c(C)n(C)nc4c3)n2)cc1S(N)(=O)=O,7.468521082957745
Cn1cnc(-c2cnc(O[C@H]3CCN(C(=O)Cc4ccc(OC(F)(F)F)cc4)C[C@H]3F)c(C(N)=O)c2)c1,5.301029995663981
CCN1CCN(Cc2ccc(NC(=O)Nc3ccc(-c4ccnc(NC)c4)cc3)cc2C(F)(F)F)CC1,6.0
CCN1CCN(Cc2ccc(NC(=O)Nc3ccc(-c4ccc(NC)nc4)cc3)cc2C(F)(F)F)CC1,8.229147988357855
CCN1CCN(Cc2ccc(NC(=O)Nc3ccc(-c4ccc(=O)[nH]c4)cc3)cc2C(F)(F)F)CC1,7.020907099361674
CCOc1cc(-c2ccc(NC(=O)Nc3ccc(CN4CCN(CC)CC4)c(C(F)(F)F)c3)c(F)c2)c[nH]c1=O,7.681936665037238
CCOc1cc(=O)[nH]cc1-c1ccc(CC(=O)Nc2cccc(C(F)(F)F)c2)c(F)c1,7.164309428507575
CCOc1cc(=O)[nH]cc1-c1ccc(CC(=O)Nc2ccc(CN(C)C)c(C(F)(F)F)c2)c(F)c1,6.864549300654486
CCOc1cc(=O)[nH]cc1-c1ccc(CC(=O)Nc2ccc(CC(C)(C)N)c(C(F)(F)F)c2)c(F)c1,8.096910013008056
CCOc1cc(=O)[nH]cc1-c1ccc(CC(=O)Nc2cc(C(F)(F)F)cc(CN(C)C)c2F)c(F)c1,5.73747772028795
CCOc1cc(=O)[nH]cc1-c1ccc(CC(=O)Nc2ccc(C(C)C#N)c(C(F)(F)F)c2)c(F)c1,7.037630664329979
CCOc1cc(=O)[nH]cc1-c1ccc(CC(=O)Nc2ccc(CC(C)(C)O)c(C(F)(F)F)c2)c(F)c1,7.991399828238082
CCOc1cc(=O)[nH]cc1-c1ccc(CC(=O)Nc2ccc(CC(C)(C)CO)c(C(F)(F)F)c2)c(F)c1,7.931814138253839
CCOc1cc(=O)[nH]cc1-c1ccc(CC(=O)Nc2ccc(CC(C)(C)CS(C)(=O)=O)c(C(F)(F)F)c2)c(F)c1,7.686132779630847
CCOc1cc(=O)[nH]cc1-c1ccc(CC(=O)Nc2cc(-c3nnc(C)o3)cc(C(F)(F)F)c2)c(F)c1,6.665948559653108
CCOc1cc(=O)[nH]cc1-c1ccc(CC(=O)Nc2cc(C(C)(C)C(F)(F)F)no2)c(F)c1,7.396855627379818
CCOc1cc(=O)[nH]cc1-c1ccc(CC(=O)Nc2cc(C(C)(C)C(F)(F)F)on2)c(F)c1,6.962573502059376
CNC(=O)c1cc(Oc2ccc(NC(=O)Nc3ccc(Cl)c(C(F)(F)F)c3)cc2)ccn1,7.045757490560675
Cc1ccc(F)c(NC(=O)Nc2ccc(-c3cccc4[nH]nc(N)c34)cc2)c1,8.397940008672037
O=C(N/N=C/c1cc(F)c(F)cc1Cl)N1CCc2ncnc(Nc3ccc(F)c(Cl)c3)c2C1,6.769806621130955
O=C(N/N=C/c1cccs1)N1CCc2ncnc(Nc3ccc(F)c(Cl)c3)c2C1,6.624702261782661
O=C(N/N=C/c1ccc(F)cc1Cl)N1CCc2ncnc(Nc3cccc(Br)c3)c2C1,6.875495775165717
Cc1ccc(/C=N/NC(=O)N2CCc3ncnc(Nc4cccc(C(F)(F)F)c4)c3C2)cc1,6.8195873671616765
COc1cc2ncnc(Nc3ccc(F)c(Cl)c3)c2cc1OCCCN1CCOCC1,7.314258261397736
CNC(=O)c1cc(Oc2ccc(NC(=O)Nc3ccc(Cl)c(C(F)(F)F)c3)cc2)ccn1,7.522878745280337
CCOC(=O)N/C=C/C(=O)c1ccc(NC(=S)Nc2ccc(S(=O)(=O)Nc3ccccn3)cc2)cc1,7.481486060122112
COC(=O)/C=C(/C)N/C=C/C(=O)c1ccc(NC(=S)Nc2ccc(S(=O)(=O)Nc3ccccn3)cc2)cc1,7.2441251443275085
Cc1ccc(C(=O)O)c(N/C=C/C(=O)c2ccc(NC(=S)Nc3ccc(S(=O)(=O)Nc4ccccn4)cc3)cc2)c1,6.6777807052660805
O=C(/C=C/Nc1ccccc1Cl)c1ccc(NC(=S)Nc2ccc(S(=O)(=O)Nc3ccccn3)cc2)cc1,7.431798275933005
O=C(/C=C/Nc1ccc(F)cc1)c1ccc(NC(=S)Nc2ccc(S(=O)(=O)Nc3ccccn3)cc2)cc1,7.431798275933005
CCOC(=O)c1ccc(N/C=C/C(=O)c2ccc(NC(=S)Nc3ccc(S(=O)(=O)Nc4ccccn4)cc3)cc2)cc1,6.657577319177793
CNC(=O)c1ccc(Sc2ccc(NC(=O)Nc3ccc(Cl)c(C(F)(F)F)c3)cc2)nc1,7.075720713938118
CNC(=O)c1ccc(Sc2ccc(NC(=O)Nc3cc(C(F)(F)F)cc(C(F)(F)F)c3)cc2)nc1,6.294136287716081
CNC(=O)c1ccc(Sc2ccc(NC(=O)Nc3ccc(F)c(C(F)(F)F)c3)cc2)nc1,6.991399828238082
CNC(=O)c1cc(Oc2ccc(NC(=O)Nc3ccc(Cl)c(C(F)(F)F)c3)cc2)ccn1,7.167491087293763
CNC(=O)c1ccc(Sc2ccc(NC(=S)Nc3ccc(Cl)c(C(F)(F)F)c3)cc2)nc1,7.337242168318426
CNC(=O)c1ccc(Sc2ccc(NC(=S)Nc3cccc(C(F)(F)F)c3)cc2)nc1,5.0
CNC(=O)c1ccc(Sc2ccc(NC(=S)Nc3ccc(OC(F)(F)F)cc3)cc2)nc1,5.0
CNC(=O)c1ccc(Sc2ccc(NC(=S)Nc3cccc(C)c3)cc2)nc1,5.0
CNC(=O)c1ccc(Sc2ccc(NC(=S)Nc3ccc(Cl)cc3)cc2)nc1,5.062331685600995
CNC(=O)c1ccc(Sc2ccc(NC(=S)Nc3ccc(F)c(C(F)(F)F)c3)cc2)nc1,7.130768280269024
CNC(=O)c1ccc(Sc2ccc(NC(=S)Nc3ccc(F)c(F)c3)cc2)nc1,5.0
CNC(=O)c1ccc(Sc2ccc(NC(=S)Nc3cc(C(F)(F)F)cc(C(F)(F)F)c3)cc2)nc1,6.557520230935552
CNC(=O)c1ccc(Sc2cccc(NC(=S)Nc3ccc(F)c(F)c3)c2)nc1,5.4129628822565445
CNC(=O)c1ccc(Sc2cccc(NC(=S)Nc3ccc(Cl)cc3)c2)nc1,5.222863287495827
CNC(=O)c1ccc(Sc2cccc(NC(=S)Nc3ccc(F)c(C(F)(F)F)c3)c2)nc1,7.214670164989233
CNC(=O)c1ccc(Sc2cccc(NC(=S)Nc3ccc(Cl)c(C(F)(F)F)c3)c2)nc1,7.200659450546418
CNC(=O)c1ccc(Sc2cccc(NC(=S)Nc3ccc(Br)c(C(F)(F)F)c3)c2)nc1,6.876148359032914
CNC(=O)c1ccc(Sc2cccc(NC(=S)Nc3ccc(OC(F)(F)F)cc3)c2)nc1,5.0
CNC(=O)c1ccc(Sc2cccc(NC(=S)Nc3ccc(F)c(Cl)c3)c2)nc1,5.3962062958630375
CNC(=O)c1ccc(Sc2cccc(NC(=S)Nc3cccc(C(F)(F)F)c3)c2)nc1,5.160207815554671
CNC(=O)c1ccc(Sc2cccc(NC(=S)Nc3cc(C(F)(F)F)cc(C(F)(F)F)c3)c2)nc1,6.052076380168273
COc1cc(Nc2ncc3c(n2)-c2ccc(Cl)cc2SC3)cc(OC)c1OC,5.795880017344075
COc1ccc(Nc2ncc3c(n2)-c2ccc(Cl)cc2SC3)cc1OC,6.136677139879544
COc1cc(Nc2ncc3c(n2)-c2ccccc2SC3)cc(OC)c1OC,6.568636235841013
COc1ccc(Nc2ncc3c(n2)-c2ccccc2SC3)cc1OC,6.958607314841775
COc1ccc2c(c1)SCc1cnc(Nc3cccc(Br)c3)nc1-2,6.2076083105017466
COc1cccc(Nc2ncc3c(n2)-c2ccccc2SC3)c1,6.013228265733755
Cc1ccc(Cc2cc(-c3ccc(F)cc3)nnc2O)cc1,4.287350298372789
Clc1ccc(SCc2n[nH]c(-c3ccc(Cl)cc3)n2)cc1,5.111820506081675
O=C1Nc2ccccc2/C1=C/c1ccc(-c2cccs2)s1,5.94692155651658
O=C1c2ccccc2O[C@@H](c2ccc(Cl)cc2)[C@@H]1O,4.749579997691106
Cc1ccc(-c2oc3ccccc3c(=O)c2O)cc1,4.665546248849069
O=C1NCCN1CCN(CC(O)c1ccccc1)CC(O)c1ccccc1,4.032920265855503
Nc1ccccc1SCc1nc2ccccc2c(=O)[nH]1,4.173925197299174
CCOc1cc(O)c2c(=O)cc(-c3ccccc3)oc2c1,5.017276612331455
O=c1c(O)c(-c2ccc(O)c(O)c2)oc2cc(O)cc(O)c12,5.779891911959945
CC(C)(CC(=O)O)CC(=O)Nc1cc(-c2ccccc2)[nH]n1,4.327902142064283
CN[C@@H]1C[C@H]2O[C@@](C)([C@@H]1OC)n1c3ccccc3c3c4c(c5c6ccccc6n2c5c31)C(=O)NC4,8.67778070526608
COc1ccc(-c2nc(Cl)cc(Nc3ccc(NC(=O)CN(C)C)cc3)n2)cc1,6.0
CCN(CC)CC(=O)Nc1ccc(Nc2cc(Cl)nc(-c3ccc(OC)cc3)n2)cc1,6.0
COc1ccc(-c2nc(Cl)cc(Nc3ccc(NC(=O)CN4CCCC4)cc3)n2)cc1,6.0
COc1ccc(-c2nc(Cl)cc(Nc3ccc(OCCN(C)C)cc3)n2)cc1,6.0
CCN(CC)CCOc1ccc(Nc2cc(Cl)nc(-c3ccc(OC)cc3)n2)cc1,6.7594507517174005
COc1ccc(-c2nc(Cl)cc(Nc3ccc(OCCN4CCCC4)cc3)n2)cc1,6.0
COc1ccc(-c2nc(Cl)cc(Oc3ccc(OCCN(C)C)cc3)n2)cc1,6.0
CCN(CC)CCOc1ccc(Oc2cc(Cl)nc(-c3ccc(OC)cc3)n2)cc1,6.0
COc1ccc(-c2nc(Cl)cc(Oc3ccc(OCCN4CCCC4)cc3)n2)cc1,6.0
COc1ccc(-c2nc(Cl)c(-c3ccccc3)c(Nc3ccc(NC(=O)CN(C)C)cc3)n2)cc1,6.0
CCN(CC)CC(=O)Nc1ccc(Nc2nc(-c3ccc(OC)cc3)nc(Cl)c2-c2ccccc2)cc1,6.0
COc1ccc(-c2nc(Cl)c(-c3ccccc3)c(Nc3ccc(NC(=O)CN4CCCC4)cc3)n2)cc1,6.692503962086787
COc1ccc(-c2nc(Cl)c(-c3ccccc3)c(Nc3ccc(OCCN(C)C)cc3)n2)cc1,6.0
CCN(CC)CCOc1ccc(Nc2nc(-c3ccc(OC)cc3)nc(Cl)c2-c2ccccc2)cc1,7.173925197299173
COc1ccc(-c2nc(Cl)c(-c3ccccc3)c(Nc3ccc(OCCN4CCCC4)cc3)n2)cc1,6.0
COc1ccc(-c2nc(Cl)c(-c3ccccc3)c(Oc3ccc(OCCN(C)C)cc3)n2)cc1,6.995678626217358
CCN(CC)CCOc1ccc(Oc2nc(-c3ccc(OC)cc3)nc(Cl)c2-c2ccccc2)cc1,6.0
COc1ccc(-c2nc(Cl)c(-c3ccccc3)c(Oc3ccc(OCCN4CCCC4)cc3)n2)cc1,6.0
CN(C)CCOc1ccc(Nc2nc(-c3ccc(O)cc3)nc(Cl)c2-c2ccccc2)cc1,6.0
CCN(CC)CCOc1ccc(Nc2nc(-c3ccc(O)cc3)nc(Cl)c2-c2ccccc2)cc1,6.0
Oc1ccc(-c2nc(Cl)c(-c3ccccc3)c(Oc3ccc(OCCN4CCCC4)cc3)n2)cc1,7.070581074285707
CCN(CC)CCNC(=O)c1c(C)[nH]c(/C=C2\C(=O)Nc3ccc(F)cc32)c1C,7.267606240177032
O=C(Cc1cccc(OCCCN2CCNCC2)c1)Nc1nc(-c2ccncc2)cs1,5.0
O=C(Cc1cccc(OCCCC2CCNCC2)c1)Nc1nc(-c2ccncc2)cs1,5.0
Cc1cc(C)c(/C=C2\C(=O)Nc3ccccc32)[nH]1,7.889410289700751
Cc1coc2ncnc(Nc3ccc(N(C)C)cc3)c12,6.698970004336019
CNc1ccc(Nc2ncnc3occ(C)c23)cc1,6.698970004336019
Cc1coc2ncnc(Nc3ccc([N+](=O)[O-])cc3)c12,6.698970004336019
Cc1coc2ncnc(N(C)c3ccc([N+](=O)[O-])cc3)c12,6.698970004336019
Cc1coc2ncnc(N(C)c3ccc(N(C)C)cc3)c12,7.806875401645538
CNc1ccc(N(C)c2ncnc3occ(C)c23)cc1,7.896196279044043
CSc1ccc(N(C)c2ncnc3occ(C)c23)cc1,7.866461091629782
CCc1ccc(N(C)c2ncnc3occ(C)c23)cc1,8.10790539730952
CCCN(c1ccc(OC)cc1)c1ncnc2occ(C)c12,7.920818753952375
COc1ccc(N(c2ncnc3occ(C)c23)C(C)C)cc1,7.6307841425898575
CCN(c1ccc(OC)cc1)c1ncnc2occ(C)c12,7.171984935776023
COc1ccc(Nc2ncnc3occ(C)c23)cc1,7.419075024324381
C#Cc1cccc(Nc2ncnc3cc(OCCOC)c(OCCOC)cc23)c1,6.904133546521457
CCN(CC)CCNC(=O)c1c(C)[nH]c(/C=C2\C(=O)Nc3ccc(F)cc32)c1C,7.723538195826756
COc1ccc(N(C)c2ncnc3occ(C)c23)cc1,8.031517051446064
Cc1cccc(NC(=O)Nc2ccc(-c3cc(-c4ccccc4)nc4noc(N)c34)cc2)c1,6.886056647693163
Nc1onc2nc(-c3ccccc3)cc(-c3ccc(NC(=O)Nc4ccc(F)cc4)cc3)c12,6.157390760389438
Nc1onc2nc(-c3ccccc3)cc(-c3ccc(NC(=O)Nc4cccc(Cl)c4)cc3)c12,6.586700235918748
Nc1onc2nc(-c3ccccc3)cc(-c3ccc(NC(=O)Nc4ccc(Cl)c(C(F)(F)F)c4)cc3)c12,6.164309428507575
Nc1onc2nc(-c3ccccc3)cc(-c3ccc(NC(=O)Nc4cccc(F)c4)cc3)c12,6.978810700930062
Cc1ccc(F)c(NC(=O)Nc2ccc(-c3cccc4[nH]nc(N)c34)cc2)c1,7.552841968657781
C=C(CN1CCOCC1)C(=O)Nc1ccc(NC(=O)Nc2ccc(-c3cc(C)nc4noc(N)c34)cc2)cc1C,6.777283528852417
Cc1cc(-c2ccc(NC(=O)Nc3ccccc3Cl)cc2)c2c(N)onc2n1,6.221848749616356
Cc1cc(-c2ccc(NC(=O)Nc3cccc(C(F)(F)F)c3)cc2)c2c(N)onc2n1,7.958607314841775
Cc1cc(-c2ccc(NC(=O)Nc3ccc(Cl)c(C(F)(F)F)c3)cc2)c2c(N)onc2n1,6.752026733638194
Cc1cc(-c2ccc(NC(=O)Nc3cccc(Cl)c3)cc2)c2c(N)onc2n1,7.6020599913279625
Cc1cccc(NC(=O)Nc2ccc(-c3cc(C)nc4noc(N)c34)cc2)c1,8.522878745280337
O=C(Nc1ccc(Nc2ncnc3sc4c(c23)CCCC4)cc1)Nc1ccc(Cl)c(C(F)(F)F)c1,6.698970004336019
CNC(=O)c1cc(Oc2ccc(NC(=O)Nc3ccc(Cl)c(C(F)(F)F)c3)cc2)ccn1,6.376750709602099
O=C(Nc1ccc(Oc2ccnc3[nH]ccc23)c(F)c1)c1cc2cccnc2n(-c2ccc(F)cc2)c1=O,6.817300096663957
O=C(N/N=C/c1ccc(Br)cc1)Nc1ccc(Oc2ccnc3[nH]ccc23)c(F)c1,5.050609993355087
O=C(N/N=C/c1cccn1CCCN1CCCC1)Nc1ccc(Oc2ccnc3[nH]ccc23)cc1,4.841637507904751
CNC(=O)c1cc(Oc2ccc(/C=C/c3ccccn3)cc2)ccn1,6.060480747381382
O=C(NC1CCCCC1)c1cc(Oc2ccc(/C=C/c3ccccn3)cc2)ccn1,6.275724130399211
CNC(=O)c1cc(Oc2ccc(/C=C/c3ccncc3)cc2)ccn1,6.5376020021010435
O=C(NC1CCCCC1)c1cc(Oc2ccc(/C=C/c3ccncc3)cc2)ccn1,5.913640169325252
CNC(=O)c1cc(Oc2ccc(NC(=O)Nc3ccc(Cl)c(C(F)(F)F)c3)cc2)ccn1,6.022276394711152
CN1CCN(c2ccc(-c3c(-c4cc(F)c(O)c(F)c4)cnc4[nH]ccc34)cc2)CC1,6.0
Cc1ccc(C2=Nc3c(n[nH]c3C)Nc3nc(NC(C)C)ncc32)cc1,7.518557371497695
Cc1ccc(C2=Nc3c(n[nH]c3C)Nc3nc(N4CCCCC4)ncc32)cc1,7.522878745280337
CNc1ncc2c(n1)Nc1n[nH]c(C)c1N=C2c1ccc(C)cc1,6.702239488900866
CCN(CC)CCNC(=O)c1c(C)[nH]c(/C=C2\C(=O)Nc3ccc(F)cc32)c1C,8.327902142064282
CSc1ncc2c(n1)Nc1n[nH]c(C)c1N=C2c1ccc(C(F)(F)F)cc1,6.679230771661313
CSc1ncc2c(n1)Nc1n[nH]c(C)c1N=C2c1ccccc1C(F)(F)F,6.687822643560222
COc1ccc(C2=Nc3c(n[nH]c3C)Nc3nc(SC)ncc32)cc1,6.366733588844576
COc1ccccc1C1=Nc2c(n[nH]c2C)Nc2nc(SC)ncc21,6.9931062920521
CSc1ncc2c(n1)Nc1n[nH]c(C)c1N=C2c1ccc(C)cc1,6.805208242278075
CSc1ncc2c(n1)Nc1n[nH]c(C)c1N=C2c1ccccc1C,6.9582126810282485
CSc1ncc2c(n1)Nc1n[nH]c(C)c1N=C2c1cccc(F)c1,6.482144581069972
CSc1ncc2c(n1)Nc1n[nH]c(C)c1N=C2c1ccc(Cl)cc1,6.498119506244941
CSc1ncc2c(n1)Nc1n[nH]c(C)c1N=C2c1cccc(Cl)c1,6.851089006890644
CSc1ncc2c(n1)Nc1n[nH]c(C)c1N=C2c1ccccc1Cl,7.07727454200674
CSc1ncc2c(n1)Nc1n[nH]c(C)c1N=C2c1ccccc1,6.156580334795081
Cc1ccc(C2=Nc3c(n[nH]c3C)Nc3nc(NC(C)(C)C)ncc32)cc1,7.073143291050307
CCN(CC)c1ncc2c(n1)Nc1n[nH]c(C)c1N=C2c1ccc(C)cc1,8.080921907623926
Cc1ccc(C2=Nc3c(n[nH]c3C)Nc3nc(N4CCN(C)CC4)ncc32)cc1,7.607303046740334
Cc1ccc(C2=Nc3c(n[nH]c3C)Nc3nc(N4CCOCC4)ncc32)cc1,7.665546248849069
Cc1c(C(=O)NCCCN(C)C)cn2ncnc(Oc3ccc(NC(=O)C4(C(=O)Nc5ccc(F)cc5)CC4)cc3F)c12,8.387216143280265
Cc1c(C(=O)NCCCN2CCOCC2)cn2ncnc(Oc3ccc(NC(=O)C4(C(=O)Nc5ccc(F)cc5)CC4)cc3F)c12,7.906578314837765
Cc1c(OCCCS(C)(=O)=O)cn2ncnc(Oc3ccc(NC(=O)C4(C(=O)Nc5ccc(F)cc5)CC4)cc3F)c12,7.913640169325252
Cc1c(OCCCN2CCOCC2)cn2ncnc(Oc3ccc(NC(=O)C4(C(=O)Nc5ccc(F)cc5)CC4)cc3F)c12,7.920818753952375
Cc1c(OCC(O)CO)cn2ncnc(Oc3ccc(NC(=O)C4(C(=O)Nc5ccc(F)cc5)CC4)cc3F)c12,8.142667503568731
Cc1c(OCC(O)CN2CCN(C)CC2)cn2ncnc(Oc3ccc(NC(=O)C4(C(=O)Nc5ccc(F)cc5)CC4)cc3F)c12,8.301029995663981
Cc1c(OCC(O)CN2CCC(O)CC2)cn2ncnc(Oc3ccc(NC(=O)C4(C(=O)Nc5ccc(F)cc5)CC4)cc3F)c12,8.18045606445813
Cc1c(OCC(O)CN2CCOCC2)cn2ncnc(Oc3ccc(NC(=O)C4(C(=O)Nc5ccc(F)cc5)CC4)cc3F)c12,8.214670164989233
COc1cc2c(Oc3ccc(NC(=O)C4(C(=O)Nc5ccc(F)cc5)CC4)cc3F)ccnc2cc1OCCCN1CCOCC1,8.443697499232712
COc1cc2nccc(Oc3ccc(NC(=O)C4(C(=O)Nc5ccc(F)cc5)CC4)cc3)c2cc1OC,8.481486060122112
COc1cc2nccc(Oc3ccc(NC(=O)C4(C(=O)Nc5ccc(F)cc5)CC4)cc3)c2cc1OC.O=C(O)C[C@H](O)C(=O)O,8.522878745280337
COc1cc2c(Oc3ccc(NC(=O)C4(C(=O)Nc5ccc(F)cc5)CC4)cc3F)ccnc2cc1OCCCN1CCOCC1,9.065501548756432
COc1cc2nccc(Oc3ccc(NC(=O)C4(C(=O)Nc5ccc(F)cc5)CC4)cc3)c2cc1OC,10.455931955649724
Cc1cc(Oc2ccnc(NC(=O)N3CCC(N4CCN(C)CC4)CC3)c2)ccc1NC(=O)C1(C(=O)Nc2ccc(F)cc2)CC1,7.795880017344075
COCCNCc1ccc(-c2cc3nccc(Oc4ccc(NC(=O)C5(C(=O)Nc6ccc(F)cc6)CC5)cc4F)c3s2)nc1,8.301029995663981
O=C(Nc1cc(Oc2cc(F)c(NC(=O)C3(C(=O)Nc4ccc(F)cc4)CC3)cc2F)ccn1)C1CC1,8.036212172654444
COc1cccc(OCc2cc(C)ccn2)c1-c1ccc2c(c1)CCNCC2,4.499999953328896
CNC(=O)c1ccccc1Sc1ccc2c(/C=C/c3ccccn3)n[nH]c2c1,10.0
Cc1ccc(Nc2nccc(N(C)c3ccc4c(C)n(C)nc4c3)n2)cc1S(N)(=O)=O,7.522878745280337
CNC(=O)c1cccc2cc(Oc3ccnc(NC(=O)c4ccc(N5CCN(C)CC5)cc4)c3)ccc12,8.537602002101044
CNC(=O)c1cccc2cc(Oc3ccnc4cc(OCC5(N)CC5)c(OC)cc34)ccc12,7.6020599913279625
CNC(=O)n1ccc2cc(Oc3ccnc(NC(=O)c4ccc(C5CCN(CCO)CC5)cc4)c3)c(OCCO)cc21,7.795880017344075
CCOC(=O)C1=C(CSc2nc3cc([N+](=O)[O-])ccc3[nH]2)N(C)C(=O)NC1c1ccccc1,5.920818753952375
CCOC(=O)C1=C(CSC(=S)N(C2CCCCC2)C2CCCCC2)N(C)C(=O)NC1c1ccccc1,5.705533773838407
CNC(=O)c1cc(Oc2ccc(NC(=O)Nc3ccc(Cl)c(C(F)(F)F)c3)cc2)ccn1,6.494850021680094
Cc1ccc(C(=O)Nc2ccc(CN3CCN(C)CC3)c(C(F)(F)F)c2)cc1C#Cc1cnc2cccnn12,8.769551078621726
Cc1nc2c(F)cc(-c3nc(Nc4ccc5c(n4)CCN(CCN(C)C)C5)ncc3F)cc2n1C(C)C,5.405165644416682
CCN(CC)CCNC(=O)c1c(C)[nH]c(/C=C2\C(=O)Nc3ccc(F)cc32)c1C,7.096910013008056
CNC(=O)c1cc(Oc2ccc(NC(=O)Nc3ccc(Cl)c(C(F)(F)F)c3)c(F)c2)ccn1,8.3767507096021
COc1cc2/c(=N/c3ccc(Br)cc3F)nc[nH]c2cc1OCC1CCN(C)CC1,7.3979400086720375
COc1cc2nccc(Oc3ccc(NC(=O)C4(C(=O)Nc5ccc(F)cc5)CC4)cc3)c2cc1OC,10.455931955649724
COc1cc2nccc(Oc3ccc(NC(=O)NC4CC4)c(Cl)c3)c2cc1C(N)=O,8.397940008672037
Cc1ccc(Nc2nccc(N(C)c3ccc4c(C)n(C)nc4c3)n2)cc1S(N)(=O)=O,7.522878745280337
COC(=O)c1ccc2c(c1)NC(=O)/C2=C(\Nc1ccc(N(C)C(=O)CN2CCN(C)CC2)cc1)c1ccccc1,7.886056647693163
CNC(=O)c1ccccc1Sc1ccc2c(/C=C/c3ccccn3)n[nH]c2c1,9.744727494896694
FC(F)(F)c1ccc(COc2ccc(Nc3ncnc4cc5c(cc34)OCCOCCOCCOCCO5)cc2)cc1,7.333482019445119
CNC(=O)c1cc(Oc2ccc(NC(=O)Nc3ccc(Cl)c(C(F)(F)F)c3)cc2)ccn1,6.852014679316195
COc1cc2/c(=N/c3ccc(Br)cc3F)nc[nH]c2cc1OCC1CCN(C)CC1,7.3979400086720375
C=CC(=O)Nc1ccc(-n2nc3c(=O)[nH]nc(N)c3c2-c2oc3ccc(C)cc3c2C)cc1,6.0
C=CC(=O)NCc1ccc(-n2nc3c(=O)[nH]nc(N)c3c2-c2oc3ccc(C)cc3c2C)cc1,6.0
COc1cc(CCc2cc(NC(=O)c3ccc(N4C[C@@H](C)N[C@@H](C)C4)cc3)n[nH]2)cc(OC)c1,7.2373214362725635
Cc1cc(Nc2cc(N3CCN(C)CC3)nc(/C=C/c3ccccc3)n2)n[nH]1,8.0
CC(C)(C)n1nc(-c2ccc3scnc3c2)c(C(N)=O)c1N,6.6020599913279625
CCn1nc(-c2ccc3scnc3c2)c(C(N)=O)c1N,4.3979400086720375
CCn1nc(-c2ccc3scnc3c2)c(C(N)=O)c1NC,5.600326278518962
NC(=O)c1c(-c2ccc3scnc3c2)nn2c1NCCC2,5.100179497572904
NC(=O)c1c(-c2ccc3scnc3c2)nn2c1NCCCC2,5.600326278518962
NC(=O)c1c(-c2ccc3scnc3c2)nn2c1NCCCCC2,5.494850021680094
NC(=O)c1c(-c2ccc3scnc3c2)nn2c1N[C@@H]1CC[C@@H](C1)C2,5.300162274132754
NC(=O)c1c(-c2ccc3scnc3c2)nn2c1N[C@@H]1C[C@@H](C[C@H]1O)C2,5.0
NC(=O)c1c(-c2ccc3scnc3c2)nn2c1N[C@H]1C[C@H](C[C@@H]1O)C2,5.100179497572904
NC(=O)c1c(-c2ccc3scnc3c2)nn2c1N[C@@H]1C[C@H](C2)[C@@H](O)C1,5.0
NC(=O)c1c(-c2ccc3scnc3c2)nn2c1N[C@H]1C[C@@H](C2)[C@H](O)C1,5.0
C/C=C(\C)C(=O)O[C@@H]1C2=C(C)C(=O)N[C@]2(O)C[C@@]2(C)O[C@@H]2CC[C@@]2(C)O[C@H]12,4.393618634889395
COc1cc2ncnc(Nc3cccc(O)c3)c2cc1OC,7.301029995663981
COc1ccc(-c2cc3ccc(OC)cc3nc2Nc2ccc(NC(=O)CN(C)C)cc2)cc1,6.943095148663527
CCN(CC)CC(=O)Nc1ccc(Nc2nc3cc(OC)ccc3cc2-c2ccc(OC)cc2)cc1,6.995678626217358
COc1ccc(-c2cc3ccc(OC)cc3nc2Nc2ccc(NC(=O)CN3CCCC3)cc2)cc1,6.903089986991944
COc1ccc(-c2cc3ccc(OC)cc3nc2Nc2ccc(NC(=O)CN3CCCCC3)cc2)cc1,7.102372908709558
COc1ccc(-c2cc3ccc(OC)cc3nc2Nc2ccc(NC(=O)CN3CCOCC3)cc2)cc1,6.958607314841775
COc1ccc(-c2cc3ccc(OC)cc3nc2Nc2ccc(NC(=O)CN3CCN(C)CC3)cc2)cc1,6.982966660701219
COc1ccc(-c2cc3cc(OC)ccc3nc2Nc2ccc(NC(=O)CN(C)C)cc2)cc1,6.962573502059376
CCN(CC)CC(=O)Nc1ccc(Nc2nc3ccc(OC)cc3cc2-c2ccc(OC)cc2)cc1,7.0915149811213505
COc1ccc(-c2cc3cc(OC)ccc3nc2Nc2ccc(NC(=O)CN3CCCC3)cc2)cc1,6.882728704344236
COc1ccc(-c2cc3cc(OC)ccc3nc2Nc2ccc(NC(=O)CN3CCCCC3)cc2)cc1,7.096910013008056
COc1ccc(-c2cc3cc(OC)ccc3nc2Nc2ccc(NC(=O)CN3CCOCC3)cc2)cc1,6.931814138253839
COc1ccc(-c2cc3cc(OC)ccc3nc2Nc2ccc(NC(=O)CN3CCN(C)CC3)cc2)cc1,7.0655015487564325
CCN(CC)CCNC(=O)c1c(C)[nH]c(/C=C2\C(=O)Nc3ccc(F)cc32)c1C,7.187086643357144
CN[C@@H]1C[C@H]2O[C@@](C)([C@@H]1OC)n1c3ccccc3c3c4c(c5c6ccccc6n2c5c31)C(=O)NC4,7.931814138253839
COCCNCc1ccc(-c2cc3nccc(Oc4ccc(NC(=O)C5(C(=O)Nc6ccc(F)cc6)CC5)cc4F)c3s2)nc1,8.301029995663981
O=C(Nc1cc(Oc2cc(F)c(NC(=O)C3(C(=O)Nc4ccc(F)cc4)CC3)cc2F)ccn1)C1CC1,8.036212172654444
COc1ccc(-c2ccc(Cn3cc(-c4cccc(Cl)c4)nn3)cc2)cn1,8.787812395596042
COc1ccc(-c2ccc(Cn3cc(-c4ccccc4F)nn3)cc2)cn1,6.0
COc1ccc(-c2ccc(Cn3cc(-c4ccccc4)nn3)cc2)cn1,7.976336081802207
COc1ccc(-c2ccc(Cn3cc(-c4ccc(C)cc4)nn3)cc2)cn1,7.016960383953898
COc1ccc(-c2ccc(Cn3cc(-c4cccc(C)c4)nn3)cc2)cn1,7.955852379121277
COc1ccc(-c2ccc(Cn3cc(-c4ccc(C(F)(F)F)cc4)nn3)cc2)cn1,7.119987161633229
COc1ccc(-c2ccc(Cn3cc(-c4cccc(N)c4)nn3)cc2)cn1,8.732828271596986
COc1ccc(-c2ccc(Cn3cc(-c4ccc(NC(=O)C5CC5)cc4)nn3)cc2)cn1,9.2839966563652
Clc1cccc(-c2cn(Cc3ccc(-c4cccnc4)cc3)nn2)c1,6.1747686768001
Fc1ccccc1-c1cn(Cc2ccc(-c3cccnc3)cc2)nn1,6.522271158217447
c1ccc(-c2cn(Cc3ccc(-c4cccnc4)cc3)nn2)cc1,7.441771578196675
Cc1ccc(-c2cn(Cc3ccc(-c4cccnc4)cc3)nn2)cc1,7.798602875679548
Cc1cccc(-c2cn(Cc3ccc(-c4cccnc4)cc3)nn2)c1,8.876148359032914
FC(F)(F)c1cccc(-c2cn(Cc3ccc(-c4cccnc4)cc3)nn2)c1,6.0
CNC(=O)c1cc(Oc2ccc(NC(=O)Nc3ccc(Cl)c(C(F)(F)F)c3)cc2)ccn1,9.769551078621726
CCN1CCN(CCCOc2cc3nccc(Oc4c(F)cc(NC(=O)NN5C(=O)CSC5c5c(F)cccc5F)cc4F)c3cc2OC)CC1,6.070581074285707
COc1ccc(Nc2nc3ccc(NC(=O)Nc4ccccc4)cc3[nH]c2=O)cc1,4.987162775294828
COc1ccc(NC(=O)Nc2ccc(C(=O)N/N=C3\C(=O)Nc4ccc(Br)cc43)cc2)cc1,5.906578314837765
COc1ccc(NC(=O)Nc2ccc(C(=O)N/N=C3\C(=O)Nc4ccc(OC)cc43)cc2)cc1,6.292429823902063
COc1cccc(NC(=O)Nc2ccc(C(=O)N/N=C3\C(=O)Nc4ccc(Cl)cc43)cc2)c1,6.337242168318426
COc1cccc(NC(=O)Nc2ccc(C(=O)N/N=C3\C(=O)Nc4ccc(Br)cc43)cc2)c1,6.346787486224656
COc1cccc(NC(=O)Nc2ccc(C(=O)N/N=C3\C(=O)Nc4ccc(OC)cc43)cc2)c1,6.568636235841013
O=C(Nc1ccc(C(=O)N/N=C2\C(=O)Nc3ccc(Cl)cc32)cc1)Nc1ccc(Cl)c(C(F)(F)F)c1,5.5638373529592435
O=C(Nc1ccc(C(=O)N/N=C2\C(=O)Nc3ccc(Br)cc32)cc1)Nc1ccc(Cl)c(C(F)(F)F)c1,6.619788758288394
COc1ccc2c(c1)/C(=N/NC(=O)c1ccc(NC(=O)Nc3ccc(Cl)c(C(F)(F)F)c3)cc1)C(=O)N2,6.7447274948966935
O=C1Nc2ccccc2/C1=N/NC(=O)c1ccc(NC(=O)c2ccc(Cl)cc2)cc1,5.327902142064283
O=C1Nc2ccc(F)cc2/C1=N/NC(=O)c1ccc(NC(=O)c2ccc(Cl)cc2)cc1,5.342944147142896
O=C1Nc2ccc(Cl)cc2/C1=N/NC(=O)c1ccc(NC(=O)c2ccc(Cl)cc2)cc1,5.380906669373258
O=C1Nc2ccc(Br)cc2/C1=N/NC(=O)c1ccc(NC(=O)c2ccc(Cl)cc2)cc1,5.440093374963888
COc1ccc2c(c1)/C(=N/NC(=O)c1ccc(NC(=O)c3ccc(Cl)cc3)cc1)C(=O)N2,6.337242168318426
O=C(Nc1ccccc1)Nc1ccc(C(=O)N/N=C2\C(=O)Nc3ccccc32)cc1,5.356547323513812
O=C(Nc1ccccc1)Nc1ccc(C(=O)N/N=C2\C(=O)Nc3ccc(F)cc32)cc1,5.374687549038326
O=C(Nc1ccccc1)Nc1ccc(C(=O)N/N=C2\C(=O)Nc3ccc(Cl)cc32)cc1,5.403402904373539
O=C(Nc1ccccc1)Nc1ccc(C(=O)N/N=C2\C(=O)Nc3ccc(Br)cc32)cc1,5.453457336521869
COc1ccc2c(c1)/C(=N/NC(=O)c1ccc(NC(=O)Nc3ccccc3)cc1)C(=O)N2,6.309803919971486
O=C(Nc1ccc(Cl)cc1)Nc1ccc(C(=O)N/N=C2\C(=O)Nc3ccccc32)cc1,5.3585258894959
O=C(Nc1ccc(Cl)cc1)Nc1ccc(C(=O)N/N=C2\C(=O)Nc3ccc(F)cc32)cc1,5.364516253185088
O=C(Nc1ccc(Cl)cc1)Nc1ccc(C(=O)N/N=C2\C(=O)Nc3ccc(Cl)cc32)cc1,5.400116927926312
O=C(Nc1ccc(Cl)cc1)Nc1ccc(C(=O)N/N=C2\C(=O)Nc3ccc(Br)cc32)cc1,5.42712839779952
COc1ccc2c(c1)/C(=N/NC(=O)c1ccc(NC(=O)Nc3ccc(Cl)cc3)cc1)C(=O)N2,6.251811972993799
COc1ccc(NC(=O)Nc2ccc(C(=O)N/N=C3\C(=O)Nc4ccccc43)cc2)cc1,5.3851027839668655
COc1ccc(NC(=O)Nc2ccc(C(=O)N/N=C3\C(=O)Nc4ccc(F)cc43)cc2)cc1,5.421360790031928
COc1ccc(NC(=O)Nc2ccc(C(=O)N/N=C3\C(=O)Nc4ccc(Cl)cc43)cc2)cc1,5.6020599913279625
COc1ccc(C(=O)Nc2ccc(C(=O)N/N=C3\C(=O)Nc4ccc(OC)cc43)cc2)cc1,6.552841968657781
CNC(=O)c1cc(Oc2ccc(NC(=O)Nc3ccc(Cl)c(C(F)(F)F)c3)cc2)ccn1,6.958607314841775
COc1ccc(C(=O)Nc2ccc(C(=O)N/N=C3\C(=O)Nc4ccccc43)cc2)cc1,5.465973893943865
COc1ccc(C(=O)Nc2ccc(C(=O)N/N=C3\C(=O)Nc4ccc(F)cc43)cc2)cc1,5.525783735923745
COc1ccc(C(=O)Nc2ccc(C(=O)N/N=C3\C(=O)Nc4ccc(Br)cc43)cc2)cc1,6.1487416512809245
COc1ccc(C(=O)Nc2ccc(C(=O)N/N=C3\C(=O)Nc4ccc(Cl)cc43)cc2)cc1,5.73754891026957
CNC(=O)c1cc(Oc2ccc(NC(=O)Nc3ccc(Cl)c(C(F)(F)F)c3)cc2)ccn1,7.045757490560675
CN1CCC(Nc2ccc(C(=O)Nc3cc(-c4cc(C#N)cs4)n[nH]3)cc2)CC1,5.203495048446704
CN1CCC(Nc2ccc(C(=O)Nc3cc(-c4cc(C#N)cs4)n[nH]3)cc2)CC1,5.200000237109354
CNC(=O)c1cc(Oc2ccc(NC(=O)Nc3ccc(Cl)c(C(F)(F)F)c3)cc2)ccn1,7.823908740944319
COc1cc2c(Oc3ccc4[nH]c(C)cc4c3F)ncnc2cc1OCCCN1CCCC1,9.301029995663981
COc1cccc(NC(=O)N2CCCc3cc(Nc4ncnc5cc(OC)c(OC)cc45)ccc32)c1,7.284832642151542
COc1cc2ncnc(Nc3ccc4c(c3)CCCN4C(=O)Nc3cccc(Cl)c3)c2cc1OC,7.515700160653214
COc1cc2ncnc(Nc3ccc4c(c3)CCCN4C(=O)Nc3ccc(C(C)=O)cc3)c2cc1OC,7.521433504406157
Cc1cccc(NC(=O)Nc2ccc(Nc3ccc([N+](=O)[O-])c4ncnc(O)c34)cc2)c1,7.107905397309519
O=C(Nc1ccc(Nc2ccc([N+](=O)[O-])c3ncnc(O)c23)cc1)Nc1cccc(C(F)(F)F)c1,7.346787486224656
O=C(Nc1ccc(Nc2ccc([N+](=O)[O-])c3ncnc(O)c23)cc1)Nc1cc(Cl)ccc1Cl,7.376750709602099
O=C(Nc1ccc(Nc2ccc([N+](=O)[O-])c3ncnc(O)c23)cc1)Nc1cc(C(F)(F)F)ccc1Cl,7.920818753952375
COc1cc(O)c2c(c1)-c1cccc(c1)[C@@H](O)[C@H](O)[C@@H](N)/C=C\C[C@H](C)OC2=O,5.0
COc1cc(O)c2c(c1)-c1cccc(c1)[C@@H](O)[C@H](O)[C@H](O)/C=C\C[C@H](C)OC2=O,5.0
COc1cc(O)c2c(c1)-c1cccc(c1)CCC(=O)/C=C\C[C@H](C)OC2=O,7.173925197299173
COc1cc(O)c2c(c1)-c1cccc(c1)[C@H](O)[C@@H](O)C(=O)CCC[C@H](C)OC2=O,6.026872146400302
COc1cc(O)c2c(c1)-c1cccc(c1)[C@H](O)[C@@H](O)C(=O)/C=C\C[C@H](C)OC2=O,7.0655015487564325
COc1cc(O)c2c(c1)-c1cccc(c1)[C@@H](O)[C@H](O)C(=O)CCC[C@H](C)OC2=O,5.0
C=C1/C=C\C[C@H](C)OC(=O)c2c(O)cc(OC)cc2-c2cccc(c2)[C@@H](O)[C@@H]1O,5.0
COc1cc(O)c2c(c1)-c1cccc(c1)[C@@H](O)[C@H](O)C(=O)C/C=C/[C@H](C)OC2=O,7.853871964321762
COc1cc(O)c2c(c1)-c1cccc(c1)[C@@H](O)[C@H](O)C(=O)/C=C\C[C@H](C)OC2=O,8.448550002027124
COc1cc(O)c2c(c1)-c1cccc(c1)[C@H](O)[C@H](O)C(=O)CCC[C@H](C)OC2=O,5.0
COc1cc(O)c2c(c1)-c1cccc(c1)[C@H](O)[C@H](O)C(=O)/C=C\C[C@H](C)OC2=O,7.267606240177032
COc1cc(O)c2c(c1)CCC[C@H](O)[C@H](O)C(=O)/C=C\C[C@H](C)OC2=O,8.537602002101044
CC(C)(C)c1cc(NC(=O)Nc2ccc(-c3cn4c(n3)sc3cc(OCCN5CCOCC5)ccc34)cc2)no1,5.0
CCn1c(N)c(C(=O)NC)c(=O)c2ccc(C#C[C@@](C)(O)COC)nc21,7.173925197299173
COC[C@@H](C)Nc1cc(NC(=O)N2CCCc3cc(CN4CCCCOC4=O)c(C=O)nc32)ncc1C#N,5.0
Fc1cccc(Nc2ncc3c(n2)-c2cccnc2SC3)c1,7.036212172654444
COc1cccc(Nc2ncc3c(n2)-c2cccnc2SC3)c1,6.7447274948966935
COc1ccc(Nc2ncc3c(n2)-c2cccnc2SC3)cc1,6.2839966563652006
c1ccc(Nc2ncc3c(n2)-c2cccnc2SC3)cc1,6.251811972993799
COc1ccc(Nc2ncc3c(n2)-c2cccnc2SC3)cc1OC,6.721246399047171
COc1cc(Nc2ncc3c(n2)-c2cccnc2SC3)cc(OC)c1OC,7.795880017344075
Cc1cc(C)c(/C=C2\C(=O)Nc3ccccc32)[nH]1,4.889410289700751
CN(CCc1ccc(-c2ccccc2)cc1)Cc1cn(C)c2ccc(C(=O)Nc3ccc(F)cc3)cc12,4.508638306165727
COc1cc2c(Oc3ccc(NC(=O)NS(=O)(=O)Cc4ccc(F)cc4)cc3F)ccnc2cc1OCCCN1CCCC1,7.022276394711152
COc1cc2c(Oc3ccc(NC(=O)C4(C(=O)Nc5ccc(F)cc5)CC4)cc3F)ccnc2cc1OCCCN1CCOCC1,8.823908740944319
O=C(Nc1ccc(Nc2ncnc3sc4c(c23)CCOC4)cc1)Nc1ccc(Cl)c(C(F)(F)F)c1,5.6020599913279625
O=C(Nc1ccc(Nc2ncnc3sc4c(c23)CCNC4)cc1)Nc1ccc(Cl)c(C(F)(F)F)c1,5.261219441515631
COc1ccc(NC(=S)Nc2ccc(Nc3ncnc4sc5c(c34)CCNC5)cc2)cc1,5.6439741428068775
COc1cc2/c(=N/c3ccc(Br)cc3F)nc[nH]c2cc1OCC1CCN(C)CC1,7.301029995663981
COc1cc2ncnc(-n3ncc4cc(NC(=O)Nc5ccc(C)c(Cl)c5)ccc43)c2cc1OC,8.301029995663981
C=CC(=O)Nc1cc2c(Nc3ccc(Br)cc3F)ncnc2cc1OCCCC(=O)CN(C)C,6.987162775294828
CN(C)CCCNc1ccn2ncc(-c3ccc4c(c3)OCO4)c2n1,5.045757490560675
Clc1ccc(Nc2nnc(Cc3ccncc3)c3ccccc23)cc1,7.0
CC(C)(C)c1cc(NC(=O)Cc2ccc(-n3cnc4cc(-c5ccc(S(C)(=O)=O)cc5)ccc43)cc2)no1,8.522878745280337
COc1cc(/C=C/C(=O)Nc2cc3c(Nc4ccc(F)c(Cl)c4)ncnc3cc2O[C@@H]2CCOC2)cc(OC)c1OC,8.443697499232712
COc1ccc(/C=C/C(=O)Nc2cc3c(Nc4ccc(F)c(Cl)c4)ncnc3cc2O[C@@H]2CCOC2)cc1,8.443697499232712
COc1cc2c(Nc3ccc(Br)cc3F)ncnc2cc1OCCNC(=O)Cn1cnc([N+](=O)[O-])n1,7.061280185217617
COc1cc2c(Nc3ccc(F)cc3Cl)ncnc2cc1OCCNC(=O)Cn1cnc([N+](=O)[O-])n1,6.286232336095695
COc1cc2c(Nc3ccc(C)c(Br)c3)ncnc2cc1OCCNC(=O)Cn1cnc([N+](=O)[O-])n1,6.736221950977378
COc1cc2c(Nc3ccc(Br)cc3F)ncnc2cc1OCCOCCNC(=O)Cn1cnc([N+](=O)[O-])n1,7.434388275097941
COc1cc2c(Nc3ccc(F)cc3Cl)ncnc2cc1OCCOCCNC(=O)Cn1cnc([N+](=O)[O-])n1,5.389117424393959
COc1cc2c(Nc3ccc(C)c(Br)c3)ncnc2cc1OCCOCCNC(=O)Cn1cnc([N+](=O)[O-])n1,6.3899043607008625
COc1cc2/c(=N/c3ccc(Br)cc3F)nc[nH]c2cc1OCC1CCN(C)CC1,7.4780777551165
COc1cc2c(Nc3ccc(Br)cc3F)ncnc2cc1OCC1CCN(C(=O)Cn2cncc2[N+](=O)[O-])CC1,7.566550206238404
COc1cc2c(Nc3ccc(F)c(F)c3)ncnc2cc1OCCOCCOCCNC(=O)Cn1cnc([N+](=O)[O-])n1,5.725050516251085
COc1cc2c(Nc3ccc(C)c(Br)c3)ncnc2cc1OCCOCCOCCNC(=O)Cn1cnc([N+](=O)[O-])n1,6.611259555475389
COc1cc2c(Nc3ccc(F)cc3Cl)ncnc2cc1OCCOCCOCCNC(=O)Cn1cnc([N+](=O)[O-])n1,5.542867794452397
COc1cc2c(Nc3ccc(Br)cc3F)ncnc2cc1OCCOCCOCCNC(=O)Cn1cnc([N+](=O)[O-])n1,6.664000822391869
COc1cc2c(Nc3ccc(Cl)c(Cl)c3F)ncnc2cc1OCCOCCNC(=O)Cn1cnc([N+](=O)[O-])n1,7.168514160751343
COc1cc2c(Nc3ccc(F)cc3)ncnc2cc1OCCOCCNC(=O)Cn1cnc([N+](=O)[O-])n1,6.0633957889275285
COc1cc2c(Nc3cccc(F)c3)ncnc2cc1OCCOCCNC(=O)Cn1cnc([N+](=O)[O-])n1,5.922054630913132
COc1cc2c(Nc3ccc(F)c(F)c3)ncnc2cc1OCCOCCNC(=O)Cn1cnc([N+](=O)[O-])n1,5.956944391038503
O=C(Nc1nc2ccc(F)cc2s1)c1cn(-c2ccccc2)nc1-c1ccccc1,6.008773924307505
O=C(Nc1nc2ccc(Cl)cc2s1)c1cn(-c2ccccc2)nc1-c1ccccc1,6.189095719331299
O=C(Nc1nc2ccc(F)cc2s1)c1cn(-c2ccccc2)nc1-c1ccc(F)cc1,6.87942606879415
O=C(Nc1nc2ccc(Cl)cc2s1)c1cn(-c2ccccc2)nc1-c1ccc(F)cc1,7.013228265733755
O=C(Nc1nc2ccc(F)cc2s1)c1cn(-c2ccccc2)nc1-c1ccc(Cl)cc1,6.962573502059376
O=C(Nc1nc2ccc(Cl)cc2s1)c1cn(-c2ccccc2)nc1-c1ccc(Cl)cc1,6.59176003468815
COc1ccc(-c2nn(-c3ccccc3)cc2C(=O)Nc2nc3ccc(F)cc3s2)cc1,6.728158393463501
COc1ccc(-c2nn(-c3ccccc3)cc2C(=O)Nc2nc3ccc(Cl)cc3s2)cc1,6.673664139071248
CNC(=O)c1ccccc1Sc1ccc2c(/C=C/c3ccccn3)n[nH]c2c1,7.4089353929735005
Nc1nccc(Oc2ccc(Nc3nccc4ccn(-c5ccc(F)cc5)c(=O)c34)cc2F)c1Cl,6.552997101533838
Nc1nccc(Oc2ccc(Nc3nccc4ccn(-c5ccc(F)cc5)c(=O)c34)cc2F)c1I,7.199282921717615
Cc1cc2ccnc(Nc3ccc(Oc4ccnc(N)c4Cl)c(F)c3)c2c(=O)n1-c1ccc(F)cc1,6.583193128177055
Cc1cc2ccnc(Nc3ccc(Oc4ccnc(N)c4I)c(F)c3)c2c(=O)n1-c1ccc(F)cc1,6.988852639224202
Cc1cc2ccnc(Nc3ccc(Oc4ccnc(N)c4Cl)c(F)c3)c2c(=O)n1-c1ccccc1,7.636388020107856
Cc1cc2ccnc(Nc3ccc(Oc4ccnc(N)c4Cl)c(F)c3)c2c(=O)n1-c1ccc(F)cc1F,6.830031826003108
Cc1cc2ccnc(Nc3ccc(Oc4ccnc(N)c4Cl)c(F)c3)c2c(=O)n1-c1ccc(Cl)cc1,7.347753658996677
Cc1cc2ccnc(Nc3ccc(Oc4ccnc(N)c4I)c(F)c3)c2c(=O)n1-c1ccccc1,6.346112441929022
Cc1cc2ccnc(Nc3ccc(Oc4ccnc(N)c4I)c(F)c3)c2c(=O)n1-c1ccc(F)cc1F,7.761953896871205
CCOc1ccn(-c2ccc(F)cc2)c(=O)c1C(=O)Nc1ccc(Oc2ccnc(N)c2Cl)c(F)c1,6.857923538926715
Cc1cc2cc(Nc3ncnc4cc(-c5ccccc5)sc34)ccc2[nH]1,6.853871964321762
c1ccc(-c2cc3ncnc(Nc4ccc5[nH]ccc5c4)c3s2)cc1,7.096910013008056
COc1ccc(-c2cc3ncnc(Nc4cc(OC)c(OC)c(OC)c4)c3s2)cc1,6.0
COc1cc(Nc2ncnc3cc(-c4ccc(C)cc4)sc23)cc(OC)c1OC,6.0
COc1cc(Nc2ncnc3cc(-c4ccc(I)cc4)sc23)cc(OC)c1OC,6.0
COc1cc(Nc2ncnc3cc(-c4cccs4)sc23)cc(OC)c1OC,6.0
COc1cc(Nc2ncnc3cc(-c4ccccc4)sc23)cc(OC)c1OC,6.0
Cc1cccc(Cn2nc(C)c3c(NC(=O)c4csc5c(N)ncnc45)cccc32)n1,6.278189384787454
O=C(CCCC(=O)N1C[C@@H](CCl)c2c1cc(O)c1ccccc21)N1C[C@@H](CCl)c2c1cc(O)c1ccccc21,6.275724130399211
C[C@@H]1CN(C(=O)CCCC(=O)N2C[C@@H](C)c3c2cc(O)c2ccccc32)c2cc(O)c3ccccc3c21,6.481486060122113
Nc1ccc2nccnc2c1,3.853871964321762
Cn1cc(-c2cnc3ccc(Cl)cc3n2)cn1,6.337242168318426
COc1ccc(CNc2ccc3ncc(-c4cnn(C)c4)nc3c2)c(OC)c1,5.259637310505756
COc1cc(Nc2ccc3ncc(-c4cnn(C)c4)nc3c2)cc(OC)c1,6.251811972993799
COc1cc(OC)cc(N(CCNC(C)C)c2ccc3ncc(-c4cnn(C)c4)nc3c2)c1,7.431798275933005
Cc1ccc(/N=N/c2sc(N3N=C(c4c(O)c5ccccc5oc4=O)CC3c3ccc(N(C)C)cc3)nc2-c2ccccc2)cc1,7.468521082957745
CN(C)c1ccc(C2CC(c3cc4ccccc4oc3=O)=NN2c2nc(-c3ccccc3)c(/N=N/c3ccc(Cl)cc3)s2)cc1,7.468521082957745
CN(C)c1ccc(C2CC(c3c(O)c4ccccc4oc3=O)=NN2c2nc(-c3ccccc3)c(/N=N/c3ccc(Cl)cc3)s2)cc1,5.266802734893431
CNC(=O)c1cc(Oc2ccc(NC(=O)Nc3ccc(Cl)c(C(F)(F)F)c3)cc2)ccn1,7.721246399047171
CC(C)(O)Cn1cc(-c2ccc(F)cc2)c(=O)c2c(Nc3ccc(Oc4ccnc(NC(=O)C5CC5)c4)c(F)c3)nccc21,5.522878745280337
O=C(Nc1cc(Oc2ccc(Nc3nccc4c3c(=O)c(-c3ccc(F)cc3)cn4CCO)cc2F)ccn1)C1CC1,4.980883709552927
CCn1cc(-c2ccc(F)cc2)c(=O)c2c(Nc3ccc(Oc4ccnc(NC(=O)C5CC5)c4)c(F)c3)nccc21,5.860120913598763
Cn1cc(-c2ccc(F)cc2)c(=O)c2c(Nc3ccc(Oc4ccnc(NC(=O)C5CC5)c4)c(F)c3)nccc21,4.6399749108106025
CC(C)(O)C(=O)Nc1cc(Oc2ccc(Nc3nccc4[nH]cc(-c5ccc(F)cc5)c(=O)c34)cc2F)ccn1,5.522878745280337
CC(O)C(=O)Nc1cc(Oc2ccc(Nc3nccc4[nH]cc(-c5ccc(F)cc5)c(=O)c34)cc2F)ccn1,6.539252458155803
O=C(CO)Nc1cc(Oc2ccc(Nc3nccc4[nH]cc(-c5ccc(F)cc5)c(=O)c34)cc2F)ccn1,7.229884705212898
O=C(Nc1cc(Oc2ccc(Nc3nccc4[nH]cc(-c5ccc(F)cc5)c(=O)c34)cc2F)ccn1)C1CCCCC1,5.522878745280337
O=C(Nc1cc(Oc2ccc(Nc3nccc4[nH]cc(-c5ccc(F)cc5)c(=O)c34)cc2F)ccn1)C1CCC1,7.213248577854439
O=C(Nc1cc(Oc2ccc(Nc3nccc4[nH]cc(-c5ccc(F)cc5)c(=O)c34)cc2F)ccn1)C1CC1,8.05551732784983
CC(C)(C)C(=O)Nc1cc(Oc2ccc(Nc3nccc4[nH]cc(-c5ccc(F)cc5)c(=O)c34)cc2F)ccn1,5.522878745280337
CC(C)C(=O)Nc1cc(Oc2ccc(Nc3nccc4[nH]cc(-c5ccc(F)cc5)c(=O)c34)cc2F)ccn1,6.638083381331357
CCCCC(=O)Nc1cc(Oc2ccc(Nc3nccc4[nH]cc(-c5ccc(F)cc5)c(=O)c34)cc2F)ccn1,7.570247719997592
CCCC(=O)Nc1cc(Oc2ccc(Nc3nccc4[nH]cc(-c5ccc(F)cc5)c(=O)c34)cc2F)ccn1,7.712198270069774
CCC(=O)Nc1cc(Oc2ccc(Nc3nccc4[nH]cc(-c5ccc(F)cc5)c(=O)c34)cc2F)ccn1,7.694648630553377
CC(=O)Nc1cc(Oc2ccc(Nc3nccc4[nH]cc(-c5ccc(F)cc5)c(=O)c34)cc2F)ccn1,7.419075024324381
Nc1nccc(Oc2ccc(Nc3nccc4[nH]cc(-c5ccc(F)cc5)c(=O)c34)cc2F)c1Cl,7.167491087293763
CCOc1ccn(-c2ccc(F)cc2)c(=O)c1C(=O)Nc1ccc(Oc2ccnc(N)c2Cl)c(F)c1,6.857923538926715
CCc1cc2c(cc1N1CCC(N3CCOCC3)CC1)C(C)(C)c1[nH]c3cc(C#N)ccc3c1C2=O,5.853871964321762
CC1(C)c2cc(C3CCN(C4COC4)CC3)ccc2C(=O)c2c1[nH]c1cc(C#N)ccc21,7.0
CCc1cc2c(cc1N1CCN(C3COC3)CC1)C(C)(C)c1[nH]c3cc(C#N)ccc3c1C2=O,5.301029995663981
CN(C)c1ccc(C(=O)Nc2cccc(NC(=O)COc3ccc4c(=O)ccoc4c3)c2)cc1,5.0
C=CC(=O)N1CC[C@H](n2cc(-c3cc4cc(C)cc(OC)c4s3)c3c(N)ncnc32)C1,6.945386945443112
CN1C(=O)/C(=N\c2ccc(NC(=O)Nc3ccc(S(N)(=O)=O)cc3)cc2)c2cc(Cl)ccc21,6.583958933035566
CCCN1C(=O)/C(=N\c2ccc(NC(=O)Nc3ccc(S(N)(=O)=O)cc3)cc2)c2cc(Cl)ccc21,6.416110080103532
Cc1ccc(CN2C(=O)/C(=N\c3ccc(NC(=O)Nc4ccc(S(N)(=O)=O)cc4)cc3)c3ccccc32)cc1,6.335000959357179
N#Cc1ccc(CN2C(=O)/C(=N\c3ccc(NC(=O)Nc4ccc(S(N)(=O)=O)cc4)cc3)c3ccccc32)cc1,6.683945741011394
CNC(=O)c1cc(Oc2ccc(NC(=O)Nc3ccc(Cl)c(C(F)(F)F)c3)cc2)ccn1,6.982924903623941
COc1cc2/c(=N/c3ccc(Br)cc3F)nc[nH]c2cc1OCC1CCN(C)CC1,6.958607314841775
COc1ccc(-n2cc(NC(=O)c3ccc(NS(=O)(=O)c4ccc(Cl)cc4)cc3)cn2)cc1,5.145086977692144
Cc1ccc(-n2cc(NC(=O)c3ccc(NS(=O)(=O)c4ccc(Cl)cc4)cc3)cn2)cc1,5.540607512240769
O=C(Nc1cnn(-c2ccccc2)c1)c1ccc(NS(=O)(=O)c2ccc(Cl)cc2)cc1,5.430626090384954
COc1cccc(-n2cc(NC(=O)c3ccc(NS(=O)(=O)c4ccccc4)cc3)cn2)c1,4.789681480173768
COc1ccc(-n2cc(NC(=O)c3ccc(NS(=O)(=O)c4ccccc4)cc3)cn2)cc1,4.838931614528826
Cc1ccc(-n2cc(NC(=O)c3ccc(NS(=O)(=O)c4ccccc4)cc3)cn2)cc1,5.164309428507575
O=C(Nc1cnn(-c2ccccc2)c1)c1ccc(NS(=O)(=O)c2ccccc2)cc1,4.993962045002683
Cn1cc(NC(=O)c2ccc(NS(=O)(=O)c3ccccc3)cc2)cn1,4.598944274228156
COc1cccc(-n2cc(NC(=O)c3cccc(NS(=O)(=O)c4ccc(Cl)cc4)c3)cn2)c1,5.224025668870631
COc1ccc(-n2cc(NC(=O)c3cccc(NS(=O)(=O)c4ccc(Cl)cc4)c3)cn2)cc1,5.288192770958809
Cc1ccc(-n2cc(NC(=O)c3cccc(NS(=O)(=O)c4ccc(Cl)cc4)c3)cn2)cc1,6.468521082957745
O=C(Nc1cnn(-c2ccccc2)c1)c1cccc(NS(=O)(=O)c2ccc(Cl)cc2)c1,5.621602099051862
Cn1cc(NC(=O)c2cccc(NS(=O)(=O)c3ccc(Cl)cc3)c2)cn1,4.760700520873107
COc1cccc(-n2cc(NC(=O)c3cccc(NS(=O)(=O)c4ccccc4)c3)cn2)c1,5.035269078946371
COc1ccc(-n2cc(NC(=O)c3cccc(NS(=O)(=O)c4ccccc4)c3)cn2)cc1,4.9821322810364945
Cc1ccc(-n2cc(NC(=O)c3cccc(NS(=O)(=O)c4ccccc4)c3)cn2)cc1,6.236572006437063
O=C(Nc1cnn(-c2ccccc2)c1)c1cccc(NS(=O)(=O)c2ccccc2)c1,5.486782399932061
Cn1cc(NC(=O)c2cccc(NS(=O)(=O)c3ccccc3)c2)cn1,4.690156995283929
COc1cc2c(Oc3ccc(C4SCC(=O)N4NC(=O)Nc4ccc(F)cc4F)cc3F)ccnc2cc1OCCCN1CCN(C)CC1,7.728158393463501
COc1cccc(NC(=O)Nc2ccc(Oc3ncnc4cc(OC)c5c(c34)OCCO5)cc2)c1,8.397940008672037
COc1cc(NC(=O)Nc2ccc(Oc3ncnc4cc(OC)c5c(c34)OCCO5)cc2)ccn1,7.508638306165727
COc1cc2ncnc(Oc3ccc(NC(=O)Nc4cc(C(F)(F)F)ccc4F)cc3)c2c2c1OCCO2,8.823908740944319
COc1cc2ncnc(Oc3ccc(NC(=O)Nc4ccc(Cl)c(C(F)(F)F)c4)cc3)c2c2c1OCCO2,8.619788758288394
CC(C)Oc1cc2ncnc(Oc3ccc(NC(=O)Nc4cc(C(F)(F)F)ccc4F)cc3)c2c2c1OCCO2,8.3767507096021
COCCOc1cc2ncnc(Oc3ccc(NC(=O)Nc4cc(C(F)(F)F)ccc4F)cc3)c2c2c1OCCO2,8.769551078621726
O=C(Nc1ccc(Oc2ncnc3cc(OC4CCOCC4)c4c(c23)OCCO4)cc1)Nc1cc(C(F)(F)F)ccc1F,7.950781977329818
O=C(Nc1ccc(Oc2ncnc3cc(OCCN4CCOCC4)c4c(c23)OCCO4)cc1)Nc1cc(C(F)(F)F)ccc1F,5.96617430604669
O=C(Nc1ccc(Oc2ncnc3cc(OCCCN4CCOCC4)c4c(c23)OCCO4)cc1)Nc1cc(C(F)(F)F)ccc1F,8.823908740944319
O=C(Nc1ccc(Oc2ncnc3cc(OCCCN4CCOCC4)c4c(c23)OCCO4)cc1F)Nc1cc(C(F)(F)F)ccc1F,9.0
O=C(Nc1cc(C(F)(F)F)ccc1F)Nc1ccc(Oc2ncnc3cc(OCCCN4CCOCC4)c4c(c23)OCCO4)cc1Cl,8.619788758288394
O=C(Nc1ccc(Oc2ncnc3cc(OCCCN4CCOCC4)c4c(c23)OCCO4)c(F)c1)Nc1cc(C(F)(F)F)ccc1F,8.468521082957745
COc1cc2nccc(Oc3ccc(NC(=O)NC4CC4)c(Cl)c3)c2cc1C(N)=O,9.154901959985743
COc1ccc(CC(=O)Nc2ccc3oc(-c4ccccc4)nc3c2)cc1OC,6.237471477553
COc1cc(CC(=O)Nc2ccc3oc(-c4ccccc4)nc3c2)cc(OC)c1OC,6.4470885497834916
O=C(Nc1ccc2oc(-c3ccc(Cl)cc3)nc2c1)c1ccc(Cl)c(Br)c1,6.4706980022120195
COc1ccc(CC(=O)Nc2ccc3oc(-c4ccc(Cl)cc4)nc3c2)cc1OC,6.4129628822565445
COc1cc(CC(=O)Nc2ccc3oc(-c4ccc(Cl)cc4)nc3c2)cc(OC)c1OC,6.587035728003337
COc1ccc(CC(=O)Nc2ccc3oc(-c4ccc(Cl)cc4)nc3c2)cc1,7.011887159731648
COc1ccc(CC(=O)Nc2ccc3oc(-c4ccccc4F)nc3c2)cc1,6.7801536139756395
Cc1ccc(CC(=O)Nc2ccc3oc(-c4ccccc4F)nc3c2)cc1,6.63339028960757
COc1ccc(CC(=O)Nc2ccc3oc(-c4ccccc4Cl)nc3c2)cc1,6.352812702104011
Cc1ccc(CC(=O)Nc2ccc3oc(-c4ccccc4Cl)nc3c2)cc1,6.3109576609718285
Cc1ccc(CC(=O)Nc2ccc3oc(-c4ccccc4Br)nc3c2)cc1,6.07448164182257
O=C(Nc1ccc2[nH]c(-c3ccc(Cl)cc3)nc2c1)c1ccc(Cl)c(F)c1,6.005374946231395
O=C(Nc1ccc2[nH]c(-c3ccc(Cl)cc3)nc2c1)c1ccc(Cl)c(Br)c1,6.2658404867555335
COc1cc(CC(=O)Nc2ccc3[nH]c(-c4ccc(Cl)cc4)nc3c2)cc(OC)c1OC,6.37809703910877
COc1ccc(CC(=O)Nc2ccc3[nH]c(-c4ccc(Cl)cc4)nc3c2)cc1,7.289036881004725
Cc1ccc(CC(=O)Nc2ccc3[nH]c(-c4ccc(Cl)cc4)nc3c2)cc1,7.132532512140949
CNC(=O)c1cc(Oc2ccc(NC(=O)Nc3ccc(Cl)c(C(F)(F)F)c3)cc2)ccn1,7.422508200162775
CCN(CC)CCNC(=O)c1c(C)[nH]c(/C=C2\C(=O)Nc3ccc(F)cc32)c1C,7.534617148551582
CC(=O)c1ccc(Nc2ccnc(SCC(=O)c3ccc(Br)cc3)n2)cc1,6.022276394711152
CC(=O)c1ccc(Nc2ccnc(SCC(=O)c3ccc(Cl)cc3)n2)cc1,6.657577319177793
CC(=O)c1cccc(Nc2ccnc(SCC(=O)c3ccc(-c4ccccc4)cc3)n2)c1,6.130768280269024
COc1ccc(C(=O)CSc2nccc(Nc3cccc(C(C)=O)c3)n2)cc1,6.376750709602099
CC(=O)c1cccc(Nc2ccnc(SCC(=O)c3ccc(C(F)(F)F)cc3)n2)c1,5.0
CC(=O)c1cccc(Nc2ccnc(SCC(=O)c3ccc(Cl)cc3)n2)c1,6.318758762624412
O=C(O)c1ccc(Nc2ccnc(SCC(=O)c3ccc(Cl)cc3)n2)cc1,6.769551078621726
CC(=O)c1ccc(Nc2ccnc(SCC(=O)c3ccc(-c4ccccc4)cc3)n2)cc1,6.552841968657781
COc1ccc(C(=O)CSc2nccc(Nc3ccc(C(C)=O)cc3)n2)cc1,6.309803919971486
O=C(O)c1ccc(Nc2ccnc(SCC(=O)c3ccc(Br)cc3)n2)cc1,5.0
O=C(O)c1ccc(Nc2ccnc(SCC(=O)c3ccc(C(F)(F)F)cc3)n2)cc1,5.0
N#Cc1ccc(C(=O)CSc2nccc(Nc3ccc(C(=O)O)cc3)n2)cc1,6.920818753952375
O=C(O)c1ccc(Nc2ccnc(SCC(=O)c3ccc([N+](=O)[O-])cc3)n2)cc1,5.0
COc1ccc(C(=O)CSc2nccc(Nc3ccc(C(=O)O)cc3)n2)cc1,5.844663962534939
O=C(O)c1ccc(Nc2ccnc(SCC(=O)c3ccc(-c4ccccc4)cc3)n2)cc1,6.2441251443275085
CCOC(=O)c1ccc(Nc2ccnc(SCC(=O)c3ccc(Cl)cc3)n2)cc1,5.0
CCOC(=O)c1ccc(Nc2ccnc(SCC(=O)c3ccc(C(F)(F)F)cc3)n2)cc1,5.707743928643524
CCOC(=O)c1ccc(Nc2ccnc(SCC(=O)c3ccc(C#N)cc3)n2)cc1,6.769551078621726
CCOC(=O)c1ccc(Nc2ccnc(SCC(=O)c3ccc([N+](=O)[O-])cc3)n2)cc1,6.3872161432802645
CCOC(=O)c1ccc(Nc2ccnc(SCC(=O)c3ccc(OC)cc3)n2)cc1,6.721246399047171
CCOC(=O)c1ccc(Nc2ccnc(SCC(=O)c3ccc(-c4ccccc4)cc3)n2)cc1,6.468521082957745
O=C(CSc1nccc(Nc2ccc(N3CCOCC3)cc2)n1)c1ccc(F)cc1,6.585026652029182
O=C(CSc1nccc(Nc2ccc(N3CCOCC3)cc2)n1)c1ccc(Cl)cc1,5.721246399047171
N#Cc1ccc(C(=O)CSc2nccc(Nc3ccc(N4CCOCC4)cc3)n2)cc1,5.958607314841775
COc1ccc(C(=O)CSc2nccc(Nc3ccc(N4CCOCC4)cc3)n2)cc1,6.5376020021010435
CNC(=O)c1cc(Oc2ccc(NC(=O)Nc3ccc(Cl)c(C(F)(F)F)c3)cc2)ccn1,7.0
CNC(=O)c1cc(Oc2ccc(NC(=O)Nc3ccc(Cl)c(C(F)(F)F)c3)c(F)c2)ccn1,8.301029995663981
COc1cc(OC)cc(N(CCNC(C)C)c2ccc3ncc(-c4cnn(C)c4)nc3c2)c1,7.434152181326482
Cc1ccc(NC(=O)C2(C(=O)Nc3ccc(Nc4ncc(F)c(-c5cc(F)c6nc(C)n(C(C)C)c6c5)n4)cc3)CC2)cc1,7.337242168318426
Fc1ccc(-c2csc(N3N=C(c4ccc(N5CCOCC5)cc4)CC3c3ccc(Cl)cc3)n2)cc1,4.978810700930062
N#Cc1ccc(-c2csc(N3N=C(c4ccc(N5CCOCC5)cc4)CC3c3ccc(Cl)cc3)n2)cc1,4.9677842967020185
N#Cc1ccc(-c2csc(N3N=C(c4ccc(N5CCCCC5)cc4)CC3c3ccc(Cl)cc3)n2)cc1,4.59108197915322
C#Cc1cccc(Nc2ncnc3cc(OCCOC)c(OCCOC)cc23)c1,5.295849483160201
O=C(Nc1ccc(Nc2ccc([N+](=O)[O-])c3ncnc(O)c23)cc1)c1ccccc1,6.133771752620353
O=C(Nc1ccc(Nc2ccc([N+](=O)[O-])c3ncnc(O)c23)cc1)c1ccc(Cl)cc1,6.440452444419566
O=C(Nc1ccc(Nc2ccc([N+](=O)[O-])c3ncnc(O)c23)cc1)c1ccc(F)cc1,7.188424994129407
O=C(Nc1ccc(Nc2ccc([N+](=O)[O-])c3ncnc(O)c23)cc1)Nc1cc(C(F)(F)F)ccc1Cl,7.8124792791635365
CNC(=O)c1cc(Oc2ccc(NC(=O)Nc3ccc(Cl)c(C(F)(F)F)c3)cc2)ccn1,7.590066876668706
Cn1cc(Nc2nccc(N3C[C@H]4CC[C@H](C3)N4C(=O)[C@@H]3CC3(F)F)n2)cn1,5.795880017344075
Cn1cc(Nc2nccc(N3C[C@H]4CC[C@H](C3)N4C(=O)[C@@H]3CC3(F)F)n2)cn1,4.522878745280337
Nc1ncnc2c3c(n(-c4ccc(NC(=O)Cc5cc(C(F)(F)F)ccc5F)cc4)c12)CCC3,6.698970004336019
Nc1ncnc2c3c(n(-c4ccc(NC(=O)Cc5ccccc5)cc4)c12)CCC3,6.698970004336019
COc1cccc(CC(=O)Nc2ccc(-n3c4c(c5ncnc(N)c53)CCC4)cc2)c1,6.698970004336019
COc1ccc(CC(=O)Nc2ccc(-n3c4c(c5ncnc(N)c53)CCC4)cc2)cc1,6.698970004336019
COc1cc(CC(=O)Nc2ccc(-n3c4c(c5ncnc(N)c53)CCC4)cc2)cc(OC)c1,6.698970004336019
Nc1ncnc2c3c(n(-c4ccc(NC(=O)Cc5ccc(Cl)c(Cl)c5)cc4)c12)CCC3,6.698970004336019
Nc1ncnc2c3c(n(-c4ccc(NC(=O)Cc5ccc(OC(F)(F)F)cc5)cc4)c12)CCC3,6.698970004336019
Nc1ncnc2c3c(n(-c4ccc(NC(=O)Cc5ccc(F)cc5)cc4)c12)CCC3,6.698970004336019
Nc1ncnc2c3c(n(-c4ccc(NC(=O)Cc5cccc(Cl)c5)cc4)c12)CCC3,6.698970004336019
Nc1ncnc2c3c(n(-c4ccc(NC(=O)Cc5cccc(OC(F)(F)F)c5)cc4)c12)CCC3,6.698970004336019
COc1ccc(CC(=O)Nc2ccc(-n3c4c(c5ncnc(N)c53)CCC4)cc2)cc1F,6.698970004336019
COc1cc(CC(=O)Nc2ccc(-n3c4c(c5ncnc(N)c53)CCC4)cc2)ccc1F,6.698970004336019
Nc1ncnc2c3c(n(-c4ccc(NC(=O)Cc5ccc(F)cc5Br)cc4)c12)CCC3,6.698970004336019
COc1ccc(CC(=O)Nc2ccc(-n3c4c(c5ncnc(N)c53)CCC4)cc2)c(F)c1,6.698970004336019
Nc1ncnc2c3c(n(-c4ccc(NC(=O)Cc5cccc(O)c5)cc4)c12)CCC3,6.698970004336019
Nc1ncnc2c3c(n(-c4ccc(NC(=O)Cc5cccc(OC(F)F)c5)cc4)c12)CCC3,6.698970004336019
COc1ccc(CC(=O)Nc2ccc(-n3c4c(c5ncnc(N)c53)CCC4)cc2)cn1,6.698970004336019
Nc1ncnc2c3c(n(-c4ccc(NC(=O)Cc5ccnc(C(F)(F)F)c5)cc4)c12)CCC3,6.698970004336019
Nc1ncnc2c3c(n(-c4ccc(NC(=O)Cc5cc(C(F)(F)F)ccn5)cc4)c12)CCC3,6.698970004336019
COc1cc(F)c(CC(=O)Nc2ccc(-n3c4c(c5ncnc(N)c53)CCC4)cc2)c(F)c1,8.0
Nc1ncnc2c3c(n(-c4ccc(NC(=O)Cc5cc(Cl)ccc5F)cc4)c12)CCC3,6.698970004336019
Nc1ncnc2c3c(n(-c4ccc(NC(=O)Cc5ccc(Cl)cc5F)cc4)c12)CCC3,6.698970004336019
Nc1ncnc2c3c(n(-c4ccc(NC(=O)Cc5cccc(Cl)c5F)cc4)c12)CCC3,6.698970004336019
Nc1ncnc2c3c(n(-c4ccc(NC(=O)Cc5ccc(C(F)(F)F)nc5)cc4)c12)CCC3,6.698970004336019
Nc1ncnc2c3c(n(-c4ccc(NC(=O)Cc5ccc(Cl)cc5)cc4)c12)CCC3,6.698970004336019
COc1ccc(CC(=O)Nc2ccc(-n3c4c(c5ncnc(N)c53)CCC4)cc2OC)c(F)c1,6.698970004336019
Nc1ncnc2c3c(n(-c4ccc(NC(=O)Cc5ccc(F)cc5C(F)(F)F)cc4)c12)CCC3,6.698970004336019
COc1ccc(CC(=O)Nc2ccc(-n3c4c(c5ncnc(N)c53)CCC4)cc2)cc1Br,8.0
COc1ccc(CC(=O)Nc2ccc(-n3c4c(c5ncnc(N)c53)CCC4)cc2)nc1,6.698970004336019
COc1cc(-n2c3c(c4ncnc(N)c42)CCC3)ccc1NC(=O)Cc1cc(C)ccc1F,6.698970004336019
Cc1ccc(F)c(CC(=O)Nc2ccc(-n3c4c(c5ncnc(N)c53)CCC4)cc2)c1,6.698970004336019
Nc1ncnc2c3c(n(-c4ccc(CC(=O)Nc5cc(C(F)(F)F)ccc5F)cc4)c12)COC3,6.698970004336019
Cc1ccc(F)c(CC(=O)Nc2ccc(-n3c4c(c5ncnc(N)c53)COC4)cc2)c1,6.698970004336019
COc1ccc(CC(=O)Nc2ccc(-n3c4c(c5ncnc(N)c53)CCC4)cc2)c(OC)c1,6.698970004336019
Nc1ncnc2c3c(n(-c4ccc(NC(=O)Cc5cc(C(F)(F)F)ccc5F)c(F)c4)c12)CCC3,6.698970004336019
Nc1ncnc2c3c(n(-c4ccc(NC(=O)c5c[nH]c6ccccc56)cc4)c12)CCC3,6.698970004336019
COc1ccc(CC(=O)Nc2ccc(-n3c4c(c5ncnc(N)c53)CCC4)cc2F)c(F)c1,6.698970004336019
Nc1ncnc2c3c(n(-c4ccc(NC(=O)Cc5ccccc5)cc4F)c12)CCC3,6.698970004336019
Nc1ncnc2c3c(n(-c4ccc(NC(=O)CC5CCNCC5)cc4)c12)CCC3,6.698970004336019
Cn1ccc2cc(CC(=O)Nc3ccc(-n4c5c(c6ncnc(N)c64)CCC5)cc3)ccc21,6.698970004336019
Cn1ccc2cc(CC(=O)Nc3ccc(-n4c5c(c6ncnc(N)c64)COC5)cc3)ccc21,6.698970004336019
Nc1ncnc2c3c(n(-c4ccc(NC(=O)Cc5ccccc5)c(F)c4)c12)COC3,6.698970004336019
Nc1ncnc2c3c(n(-c4ccc(NC(=O)Cc5cc(C(F)(F)F)ccc5F)c(F)c4)c12)COC3,6.698970004336019
COc1cc(-n2c3c(c4ncnc(N)c42)COC3)ccc1NC(=O)Cc1ccc(OC(F)(F)F)cc1,6.698970004336019
Nc1ncnc2c3c(n(-c4ccc(NC(=O)CCc5c[nH]c6ccccc56)cc4)c12)CCC3,6.698970004336019
COc1cc(-n2c3c(c4ncnc(N)c42)CCC3)ccc1NC(=O)Cc1ccc(OC(F)(F)F)cc1,6.698970004336019
Cc1ccc(CC(=O)Nc2ccc(-n3c4c(c5ncnc(N)c53)CCC4)cc2)c(F)c1,8.0
Cc1ccc(CC(=O)Nc2ccc(-n3c4c(c5ncnc(N)c53)CCC4)cc2)cc1F,6.698970004336019
COc1ccc(CC(=O)Nc2ccc(-n3c4c(c5ncnc(N)c53)CCC4)cc2)cc1C,6.698970004336019
Nc1ncnc2c3c(n(-c4ccc(NC(=O)Cc5ccc6c(c5)CCN6CC(F)(F)F)cc4)c12)CCC3,6.698970004336019
COc1cc(-n2c3c(c4ncnc(N)c42)CCC3)ccc1NC(=O)Cc1ccc2c(c1)CCN2CC(F)(F)F,6.698970004336019
Nc1ncnc2c3c(n(-c4ccc(NC(=O)Cc5ccc(Cl)c(C(F)(F)F)c5)cc4)c12)COC3,6.698970004336019
Nc1ncnc2c3c(n(-c4ccc(NC(=O)Cc5ccc6c(c5)CCC6)cc4)c12)CCC3,6.698970004336019
COc1cc(CC(=O)Nc2ccc(-n3c4c(c5ncnc(N)c53)CCC4)cc2)ccc1C,6.698970004336019
COc1cc(CC(=O)Nc2ccc(-n3c4c(c5ncnc(N)c53)COC4)cc2)ccc1C,6.698970004336019
CC(C)c1cn(C)c2ccc(CC(=O)Nc3ccc(-n4c5c(c6ncnc(N)c64)CCC5)cc3)cc12,6.698970004336019
Nc1ncnc2c3c(n(-c4ccc(NC(=O)Cc5ccc(OC(F)(F)F)cc5)cc4)c12)COC3,6.698970004336019
COc1ccc(CC(=O)Nc2ccc(-n3c4c(c5ncnc(N)c53)COC4)cc2)cc1C,6.698970004336019
Cc1ccc(CC(=O)Nc2ccc(-n3c4c(c5ncnc(N)c53)COC4)cc2)c(F)c1,6.698970004336019
CC(C(=O)Nc1ccc(-n2c3c(c4ncnc(N)c42)CCC3)cc1)c1ccccc1,6.698970004336019
Nc1ncnc2c3c(n(-c4ccc(NC(=O)Cc5nc6ccccc6s5)cc4)c12)CCC3,6.698970004336019
Nc1ncnc2c3c(n(-c4ccc(NC(=O)Cc5ccc(Cl)nn5)cc4)c12)CCC3,6.698970004336019
Cc1cc(CC(=O)Nc2ccc(-n3c4c(c5ncnc(N)c53)CCC4)cc2)on1,6.698970004336019
COc1ccc(CC(=O)Nc2ccc(-n3c4c(c5ncnc(N)c53)CCC4)cc2)cc1N(C)C,6.698970004336019
COc1ccc(CC(=O)Nc2ccc(-n3c4c(c5ncnc(N)c53)CCC4)cc2)cc1C(F)(F)F,6.698970004336019
COc1ccc(CC(=O)Nc2ccc(-n3c4c(c5ncnc(N)c53)COC4)cc2)cc1C(F)(F)F,6.698970004336019
COc1cc(-n2c3c(c4ncnc(N)c42)CCC3)ccc1NC(=O)Cc1ccc(OC)c(C(F)(F)F)c1,6.698970004336019
Nc1ncnc2c3c(n(-c4ccc(NC(=O)Cc5ccc(C(F)(F)F)nn5)cc4)c12)CCC3,6.698970004336019
Nc1ncnc2c3c(n(-c4ccc(CC(=O)Nc5ccccc5)cc4)c12)CCC3,6.698970004336019
Nc1ncnc2c3c(n(-c4ccc(CC(=O)Nc5cc(C(F)(F)F)ccc5F)cc4)c12)CCC3,8.0
Cn1ccc2cc(NC(=O)Cc3ccc(-n4c5c(c6ncnc(N)c64)CCC5)cc3)ccc21,6.698970004336019
Cc1ccc(F)c(NC(=O)Cc2ccc(-n3c4c(c5ncnc(N)c53)CCC4)cc2)c1,8.0
Nc1ncnc2c3c(n(-c4ccc(CC(=O)Nc5ccc(Cl)c(C(F)(F)F)c5)cc4)c12)CCC3,6.698970004336019
COc1ccc(NC(=O)Cc2ccc(-n3c4c(c5ncnc(N)c53)CCC4)cc2)c(F)c1,6.698970004336019
COc1ccc(NC(=O)Cc2ccc(-n3c4c(c5ncnc(N)c53)CCC4)cc2)cn1,6.698970004336019
Nc1ncnc2c3c(n(-c4ccc(CC(=O)Nc5ccc(C(F)(F)F)cn5)cc4)c12)CCC3,6.698970004336019
Nc1ncnc2c3c(n(-c4ccc(CC(=O)Nc5ccc(C(F)(F)F)nc5)cc4)c12)CCC3,6.698970004336019
COc1ccc(NC(=O)Cc2ccc(-n3c4c(c5ncnc(N)c53)CCC4)cc2)cc1C(F)(F)F,8.0
Nc1ncnc2c3c(n(-c4ccc(CC(=O)Nc5ccnc(C(F)(F)F)c5)cc4)c12)CCC3,8.0
Nc1ncnc2c3c(n(-c4ccc(CC(=O)Nc5ccc(OC(F)(F)F)cc5)cc4)c12)CCC3,6.698970004336019
Nc1ncnc2c3c(n(-c4ccc(CC(=O)Nc5ccc(C(F)(F)F)c(Cl)c5)cc4)c12)CCC3,6.698970004336019
Nc1ncnc2c3c(n(-c4ccc(CC(=O)Nc5ccc(Cl)c(Cl)c5)cc4)c12)CCC3,6.698970004336019
Nc1ncnc2c3c(n(-c4ccc(CC(=O)Nc5ccc6c(c5)CCC6)cc4)c12)CCC3,8.0
Nc1ncnc2c3c(n(-c4ccc(CC(=O)Nc5ccc(Cl)c(C(F)(F)F)c5)cc4)c12)COC3,6.698970004336019
Cc1ccc(F)c(NC(=O)Cc2ccc(-n3c4c(c5ncnc(N)c53)COC4)cc2)c1,6.698970004336019
Nc1ncnc2c3c(n(-c4ccc(CC(=O)Nc5ccc(OC(F)(F)F)cc5)cc4)c12)COC3,6.698970004336019
COc1ccc(NC(=O)Cc2ccc(-n3c4c(c5ncnc(N)c53)COC4)cc2)cc1C(F)(F)F,8.0
Nc1ncnc2c3c(n(-c4ccc(CC(=O)NC5CCOCC5)cc4)c12)CCC3,6.698970004336019
Nc1ncnc2c3c(n(-c4ccc(CC(=O)Nc5ccc(C(F)(F)F)nn5)cc4)c12)CCC3,6.698970004336019
COc1ccc(NC(=O)Cc2ccc(-n3c4c(c5ncnc(N)c53)CCC4)cc2)cc1F,6.698970004336019
Nc1ncnc2c3c(n(-c4ccc(CC(=O)N5CCOc6ccccc65)cc4)c12)CCC3,6.698970004336019
CC(C)(C)c1cc(NC(=O)Cc2ccc(-n3c4c(c5ncnc(N)c53)CCC4)cc2)n(-c2ccccc2)n1,8.0
Nc1ncnc2c3c(n(-c4ccc(CC(=O)Nc5ccc(C(F)(F)F)cn5)cc4)c12)COC3,6.698970004336019
Nc1ncnc2c3c(n(-c4ccc(CC(=O)Nc5nc(C(F)(F)F)cs5)cc4)c12)CCC3,6.698970004336019
COc1cc(-n2c3c(c4ncnc(N)c42)CCC3)ccc1CC(=O)Nc1ccc(OC(F)(F)F)cc1,6.698970004336019
COc1ccc(NC(=O)Cc2ccc(-n3c4c(c5ncnc(N)c53)CCC4)cc2OC)cc1F,6.698970004336019
COc1cc(-n2c3c(c4ncnc(N)c42)CCC3)ccc1CC(=O)Nc1ccc(OC)c(C(F)(F)F)c1,6.698970004336019
COc1cc(-n2c3c(c4ncnc(N)c42)CCC3)ccc1CC(=O)Nc1ccc(Cl)c(Cl)c1,6.698970004336019
COc1cc(-n2c3c(c4ncnc(N)c42)CCC3)ccc1CC(=O)Nc1ccnc(C(F)(F)F)c1,6.698970004336019
COc1cc(-n2c3c(c4ncnc(N)c42)CCC3)ccc1CC(=O)Nc1cc(C(F)(F)F)ccc1F,6.698970004336019
COc1cc(-n2c3c(c4ncnc(N)c42)CCC3)ccc1CC(=O)Nc1ccc(Cl)c(C(F)(F)F)c1,6.698970004336019
Nc1ncnc2c3c(n(-c4ccc(CC(=O)Nc5nc(C(F)(F)F)co5)cc4)c12)CCC3,6.698970004336019
Fc1ccccc1-c1cn(Cc2ccc(-c3cncnc3)cc2)nn1,8.11747546204512
c1ccc(-c2cn(Cc3ccc(-c4cncnc4)cc3)nn2)cc1,6.0
Cc1ccc(-c2cn(Cc3ccc(-c4cncnc4)cc3)nn2)cc1,7.956244873031321
Cc1cccc(-c2cn(Cc3ccc(-c4cncnc4)cc3)nn2)c1,8.590066876668706
Nc1cccc(-c2cn(Cc3ccc(-c4cncnc4)cc3)nn2)c1,7.252199909135631
O=C(Nc1cccc(-c2cn(Cc3ccc(-c4cncnc4)cc3)nn2)c1)C1CC1,6.90288157565535
Cc1cccc(-c2cn(Cc3ccc(-c4cn[nH]c4)cc3)nn2)c1,9.275724130399212
FC(F)(F)c1ccc(-c2cn(Cc3ccc(-c4cn[nH]c4)cc3)nn2)cc1,6.0
Nc1cccc(-c2cn(Cc3ccc(-c4cn[nH]c4)cc3)nn2)c1,6.0
Cn1cc(-c2ccc(Cn3cc(-c4ccccc4F)nn3)cc2)cn1,8.498940737782249
Cn1cc(-c2ccc(Cn3cc(-c4ccccc4)nn3)cc2)cn1,6.300786858826078
Cc1ccc(-c2cn(Cc3ccc(-c4cnn(C)c4)cc3)nn2)cc1,9.244125144327509
Cc1cccc(-c2cn(Cc3ccc(-c4cnn(C)c4)cc3)nn2)c1,6.0
Cn1cc(-c2ccc(Cn3cc(-c4ccc(C(F)(F)F)cc4)nn3)cc2)cn1,6.0
Cn1cc(-c2ccc(Cn3cc(-c4cccc(C(F)(F)F)c4)nn3)cc2)cn1,7.235823867609669
Cn1cc(-c2ccc(Cn3cc(-c4cccc(NC(=O)C5CC5)c4)nn3)cc2)cn1,8.381951903287908
CNC(=O)c1cc(Oc2ccc(NC(=O)Nc3ccc(Cl)c(C(F)(F)F)c3)cc2)ccn1,9.769551078621726
COc1cc(C2CN(C(=O)c3cc(COC[C@@H](O)CO)ccn3)C2)ccc1OCc1ccc(C2CC2)cc1,6.0
COc1cc(OC)cc(-c2ccc3c(NC(=O)c4ccc(N5CCN(C)CC5)cc4)n[nH]c3n2)c1,6.260902553882525
COc1cc(OC)c(Cl)c(-c2ccc3c(NC(=O)c4ccc(N5CCN(C)CC5)cc4)n[nH]c3n2)c1Cl,6.436637590513392
COc1cc(CCc2cc(NC(=O)c3ccc(N4C[C@@H](C)N[C@@H](C)C4)cc3)n[nH]2)cc(OC)c1,7.172630726946175
COc1cc(CCc2cc(NC(=O)c3ccc(N4C[C@@H](C)N[C@@H](C)C4)cc3)n[nH]2)cc(OC)c1,7.619788758288394
CCN(CC)CCCCNc1ncc2cc(-c3cc(OC)cc(OC)c3)c(NC(=O)NC(C)(C)C)nc2n1,7.0
Cc1cnc(-c2cc(Cl)ccc2F)cc1-n1c(=O)n(CC(N)=O)c2cnccc21,5.301029995663981
COc1ccc2c(c1)C(=Cc1ccc3c(-c4ccc(N5CCN(C)CC5)nc4)n[nH]c3c1)C(=O)N2,6.200659450546418
COc1ccc2c(c1)[C@]1(C[C@H]1c1ccc3c(-c4ccc(N5CCN(C)CC5)nc4)n[nH]c3c1)C(=O)N2,4.853871964321762
COc1ccc2c(c1)[C@]1(C[C@H]1c1ccc3c(-c4ccc(N5CCN(C)CC5)cc4)n[nH]c3c1)C(=O)N2,5.026872146400302
COc1ccc2c(c1)[C@]1(C[C@H]1c1ccc3c(-c4ccc(N5CCNCC5)cc4)n[nH]c3c1)C(=O)N2,5.251811972993799
COc1ccc2c(c1)[C@]1(C[C@H]1c1ccc3c(-c4ccc(N5C[C@@H](C)N[C@@H](C)C5)cc4)n[nH]c3c1)C(=O)N2,5.301029995663981
COc1ccc2c(c1)[C@@]1(C[C@@H]1c1ccc3c(-c4ccc(N5CCN(C)CC5)nc4)n[nH]c3c1)C(=O)N2,4.301029995663981
CC1(C)O[C@@H]2[C@H](O1)[C@H](CNS(=O)(=O)c1ccccc1)O[C@@H]2CC(=O)N[C@@H](CCCNC(=N)N)C(=O)O,3.3010299956639813
CC1(C)O[C@@H]2[C@H](O1)[C@@H](CNS(=O)(=O)c1ccccc1)O[C@@H]2CC(=O)N[C@@H](CCCNC(=N)N)C(=O)O,3.3010299956639813
CC1(C)O[C@@H]2[C@H](O1)[C@@H](CNS(=O)(=O)c1ccc(CN)cc1)O[C@@H]2CC(=O)N[C@@H](CCCNC(=N)N)C(=O)O,3.3010299956639813
CC1(C)O[C@@H]2[C@H](O1)[C@@H](CNS(=O)(=O)c1ccc(-c3cn(CCO[C@@H]4O[C@H](CF)[C@@H](O)[C@H](O)[C@H]4O)nn3)cc1)O[C@@H]2CC(=O)N[C@@H](CCCNC(=N)N)C(=O)O,3.51427857351842
Cc1ccc(-c2cc3nccnc3c(NCCCCN)n2)cc1,5.800000874803203
CCN(CC)CCNC(=O)c1c(C)[nH]c(/C=C2\C(=O)Nc3ccc(F)cc32)c1C,7.096910013008056
COc1cc2/c(=N/c3ccc(Br)cc3F)nc[nH]c2cc1OCC1CCN(C)CC1,7.3979400086720375
Cc1ccc(Nc2nccc(N(C)c3ccc4c(C)n(C)nc4c3)n2)cc1S(N)(=O)=O,7.522878745280337
CNC(=O)c1cc(Oc2ccc(NC(=O)Nc3ccc(Cl)c(C(F)(F)F)c3)cc2)ccn1,7.045757490560675
CNC(=O)c1cc(Oc2ccc(NC(=O)Nc3ccc(Cl)c(C(F)(F)F)c3)c(F)c2)ccn1,8.3767507096021
CNC(=O)c1cc(Oc2ccc(NC(=O)Nc3ccc(Cl)c(C(F)(F)F)c3)cc2)ccn1,6.7447274948966935
O=C(Nc1ccccc1)Nc1cccc(NC(=O)c2ccccn2)c1,6.123205023799299
O=C(Nc1cccc(Cl)c1)Nc1cccc(NC(=O)c2ccccn2)c1,6.496209316942819
O=C(Nc1ccc(Cl)cc1)Nc1cccc(NC(=O)c2ccccn2)c1,6.939302159646388
O=C(Nc1ccc([N+](=O)[O-])cc1)Nc1cccc(NC(=O)c2ccccn2)c1,6.920818753952375
Cc1ccc(NC(=O)Nc2cccc(NC(=O)c3ccccn3)c2)cc1,6.795880017344075
O=C(Nc1cccc(NC(=O)c2ccccn2)c1)Nc1ccc2ccccc2c1,6.187086643357144
O=C(NCc1ccccc1)Nc1cccc(NC(=O)c2ccccn2)c1,5.761953896871205
O=C(Nc1cccc(NC(=O)c2ccccn2)c1)NC1CCCCC1,7.060480747381382
O=C(Nc1cccc(NC(=S)Nc2ccccc2)c1)c1ccccn1,7.0
O=C(Nc1cccc(NC(=S)Nc2ccc([N+](=O)[O-])cc2)c1)c1ccccn1,6.698970004336019
O=C(CSC(=S)N1CCCCC1)Nc1cccc(NC(=O)c2ccccn2)c1,7.568636235841013
O=C(CSC(=S)N1CCOCC1)Nc1cccc(NC(=O)c2ccccn2)c1,6.655607726314889
CN1CCN(C(=S)SCC(=O)Nc2cccc(NC(=O)c3ccccn3)c2)CC1,6.112382699664264
CCN1CCN(C(=S)SCC(=O)Nc2cccc(NC(=O)c3ccccn3)c2)CC1,5.964970717797632
O=C(CSC(=S)N1CCN(C2CCCCC2)CC1)Nc1cccc(NC(=O)c2ccccn2)c1,6.795880017344075
C=CCN1CCN(C(=S)SCC(=O)Nc2cccc(NC(=O)c3ccccn3)c2)CC1,6.543633966870957
CC(C)(C)OC(=O)N1CCN(C(=S)SCC(=O)Nc2cccc(NC(=O)c3ccccn3)c2)CC1,7.017728766960431
O=C(CSC(=S)N1CCN(c2ccccc2)CC1)Nc1cccc(NC(=O)c2ccccn2)c1,7.017728766960431
O=C(CSC(=S)N1CCN(c2ncccn2)CC1)Nc1cccc(NC(=O)c2ccccn2)c1,6.519993057042849
O=C(CCSC(=S)N1CCCCC1)Nc1cccc(NC(=O)c2ccccn2)c1,6.94692155651658
O=C(CCSC(=S)N1CCOCC1)Nc1cccc(NC(=O)c2ccccn2)c1,6.698970004336019
O=C(CCSC(=S)N1CCN(c2ccccc2)CC1)Nc1cccc(NC(=O)c2ccccn2)c1,7.026872146400302
O=C(CCSC(=S)N1CCN(c2ncccn2)CC1)Nc1cccc(NC(=O)c2ccccn2)c1,6.402304814074488
CCC(CC)CNc1c(C(N)=O)cnc2ccc(C#N)cc12,5.0915149811213505
CCC(CC)CNc1c(C(N)=O)cnc2ccc(-c3ccc(COC)nc3)cc12,4.086186147616283
COCc1ccc(-c2ccc3ncc(C(N)=O)c(N[C@@H](C)C4CCOCC4)c3c2)cn1,4.0
COCc1ccc(-c2cc3c(N[C@@H](C)c4ccn(C)n4)c(C(N)=O)cnc3cc2F)cn1,4.102372908709558
C[C@@H](c1cc2cccnc2cc1F)n1cnc2ncc(-c3cnn(C)c3)nc21,4.685753464711579
O=C(NCC(F)(F)F)c1cc(-c2cnn3cc(-c4ccc(OCCN5CCCCC5)cc4)cnc23)cs1,8.0
Cn1cc(-c2cnc3c(-c4csc(C(=O)NCC(F)(F)F)c4)cnn3c2)cn1,7.823908740944319
Cn1cc(-c2cnc3c(-c4csc(C(=O)N[C@@H]5CCCC[C@@H]5N)c4)cnn3c2)cn1,8.455931955649724
Cc1sc(C(=O)N[C@@H]2[C@H](N)CCCC2(F)F)cc1-c1cnn2cc(Cl)cnc12,4.958607314841775
Cc1ccc(-c2nn(-c3ccccc3)cc2C(=O)NOCc2ccccc2F)cc1,4.6020599913279625
C[C@@H]1C[C@H]1C(=O)N1CCN(c2cnc(C#N)c(-c3cnn(C)c3)n2)C[C@H]1C,4.424696666577601
O=C(Nc1ccc(Oc2ccnc3[nH]ccc23)c(F)c1)c1cn(-c2ccc(F)cc2)c2ccccc2c1=O,5.0
COc1ccc(-c2cnn3c(N)c(-c4ccccc4)c(OC4CCN(C)CC4)nc23)cc1OC,4.958607314841775
COC(=O)Nc1ccc(-c2c(OC3CCN(C)CC3)nc3c(-c4ccc(OC)c(OC)c4)cnn3c2N)cc1,7.585026652029182
COc1ccc(-c2cnn3c(N)c(-c4nccs4)c(OC4CCN(C)CC4)nc23)cc1OC,6.619788758288394
O=S1(=O)NCCCNc2nc(ncc2Br)Nc2cccc1c2,7.3979400086720375
ClC(Cn1ncc2c(NCc3ccccc3)ncnc21)c1ccccc1,6.0
Cc1ccc(C(=O)Nc2ccc(CN3CCN(C(=O)CCCc4cn(CCOCCOCCOCCNc5cccc6c5C(=O)N(C5CCC(=O)NC5=O)C6=O)nn4)CC3)c(C(F)(F)F)c2)cc1C#Cc1cnc2cccnn12,6.355561410532162
Cc1ccc(C(=O)Nc2ccc(CN3CCN(C)CC3)c(C(F)(F)F)c2)cc1C#Cc1cnc2cccnn12,7.585026652029182
C[C@@H]1[C@@H]2CN(c3nc(Nc4cnn(C)c4)ncc3F)C[C@]12NC(=O)[C@@H]1CC1(F)F,6.546681659952962
COC(=O)c1ccc2c(c1)NC(=O)/C2=C(\Nc1ccc(-n2cccc2CN(C)C)cc1)c1ccccc1,7.08460016478773
COC(=O)c1ccc2c(c1)NC(=O)/C2=C(\Nc1ccc(-n2cccc2CN2CCN(C)CC2)cc1)c1ccccc1,7.2343314452409855
COC(=O)c1ccc2c(c1)NC(=O)/C2=C(\Nc1ccc(-n2cccc2CN(C)C)c(C)c1)c1ccccc1,6.308034897232639
COC(=O)c1ccc2c(c1)NC(=O)/C2=C(\Nc1ccc(-n2cccc2CN2CCN(C)CC2)c(C)c1)c1ccccc1,6.605548319173784
COC(=O)c1ccc2c(c1)NC(=O)/C2=C(\Nc1ccc(-n2cccc2CN(C)C)nc1)c1ccccc1,6.3260580013659125
COC(=O)c1ccc2c(c1)NC(=O)/C2=C(\Nc1ccc(-n2cccc2CN2CCN(C)CC2)nc1)c1ccccc1,6.2335871528876
COC(=O)c1ccc2c(c1)NC(=O)/C2=C(\Nc1cnc(-n2cccc2CN(C)C)c(C)c1)c1ccccc1,6.0
COC(=O)c1ccc2c(c1)NC(=O)/C2=C(\Nc1cnc(-n2cccc2CN2CCN(C)CC2)c(C)c1)c1ccccc1,6.0
COC(=O)c1ccc2c(c1)NC(=O)/C2=C(\Nc1ccc(-n2c(C)ccc2CN(C)C)cc1)c1ccccc1,6.830913642512977
COC(=O)c1ccc2c(c1)NC(=O)/C2=C(\Nc1ccc(-n2c(C)ccc2CN2CCN(C)CC2)cc1)c1ccccc1,8.187086643357144
CCN(CC)Cc1ccc(C)n1-c1ccc(N/C(=C2\C(=O)Nc3cc(C(=O)OC)ccc32)c2ccccc2)cc1,6.996539467890494
COC(=O)c1ccc2c(c1)NC(=O)/C2=C(\Nc1ccc(-n2c(C)ccc2CN2CCOCC2)cc1)c1ccccc1,6.642636969384857
COC(=O)c1ccc2c(c1)NC(=O)/C2=C(\Nc1ccc(-n2c(C)ccc2CN(C)C)nc1)c1ccccc1,6.154901959985743
COC(=O)c1ccc2c(c1)NC(=O)/C2=C(\Nc1ccc(-n2c(C)ccc2CN2CCN(C)CC2)nc1)c1ccccc1,6.540607512240769
Cc1ccc(CN2CCN(C)CC2)n1-c1ccc(N/C(=C2\C(=O)Nc3cc(C(=O)O)ccc32)c2ccccc2)cc1,7.853871964321762
CNC(=O)c1ccc2c(c1)NC(=O)/C2=C(\Nc1ccc(-n2c(C)ccc2CN2CCN(C)CC2)cc1)c1ccccc1,6.314258261397736
Cc1ccc(CN2CCN(C)CC2)n1-c1ccc(N/C(=C2\C(=O)Nc3cc(C(=O)N(C)C)ccc32)c2ccccc2)cc1,7.187086643357144
COC(=O)c1ccc2c(c1)NC(=O)/C2=C(\Nc1ccc(N(C)C(=O)CN2CCN(C)CC2)cc1)c1ccccc1,8.327902142064282
Cc1cc(=O)oc2cc(OCC(=O)Nn3c(=O)[nH]c4ccccc4c3=O)ccc12,6.180456064458132
Cc1cc(=O)oc2cc(OCC(=O)NNCc3ccccc3)ccc12,6.443697499232712
CN[C@@H]1C[C@H]2O[C@@](C)([C@@H]1OC)n1c3ccccc3c3c4c(c5c6ccccc6n2c5c31)C(=O)NC4,6.481486060122113
CCNS(=O)(=O)c1ccccc1Nc1ncnc(Nc2ccc(N3CCC(N4CCN(C)CC4)CC3)c(OC)c2)n1,6.575118363368933
CCNS(=O)(=O)c1ccccc1Nc1ncnc(Nc2ccc(N3CCN(C)CC3)c(OC)c2)n1,6.467245621007502
CCNS(=O)(=O)c1ccccc1Nc1ncnc(Nc2ccc(N3CCN(C)CC3)c(OCC(=O)OCC)c2)n1,6.5003129173815966
CCNS(=O)(=O)c1ccccc1Nc1ncnc(Nc2ccc(N3CCN(C)CC3)c(OCC(=O)O)c2)n1,6.920818753952375
CCNS(=O)(=O)c1ccccc1Nc1ncnc(Nc2ccc(N3CCN(C)CC3)c(OCCOC)c2)n1,6.508638306165727
CCNS(=O)(=O)c1ccccc1Nc1ncnc(Nc2ccc(N3CCN(C)CC3)c(OCCOCCOC)c2)n1,6.259637310505756
CCNS(=O)(=O)c1ccccc1Nc1ncnc(Nc2ccc(N3CCN(C)CC3)c(OCCN3CCOCC3)c2)n1,6.2441251443275085
CCNS(=O)(=O)c1ccccc1Nc1ncnc(Nc2ccc(N3CCN(C)CC3)c(OCCN3CCN(C)CC3)c2)n1.Cl.Cl.Cl.Cl,6.467245621007502
CCNS(=O)(=O)c1ccccc1Nc1ncnc(Nc2ccc(N3CCN(C)CC3)c(OCCCN3CCOCC3)c2)n1,6.133122185662502
CCNS(=O)(=O)c1ccccc1Nc1nc(Nc2ccc(N3CCC(N4CCN(C)CC4)CC3)c(OC)c2)ncc1-c1cc(OC)cc(OC)c1,7.42021640338319
CCNS(=O)(=O)c1ccccc1Nc1nc(Nc2ccc(N3CCC(N4CCN(C)CC4)CC3)c(OC)c2)ncc1Cc1cc(OC)cc(OC)c1,6.0
CCNS(=O)(=O)c1ccccc1Nc1nc(Nc2ccc(N3CCC(N4CCN(C)CC4)CC3)c(OC)c2)ncc1CCc1cc(OC)cc(OC)c1,6.534617148551582
CCNS(=O)(=O)c1ccccc1Nc1nc(Nc2ccc(N3CCC(N4CCN(C)CC4)CC3)c(OC)c2)ncc1NC(=O)c1cc(OC)cc(OC)c1,6.0
CCNS(=O)(=O)c1ccccc1Nc1nc(Nc2ccc(N3CCC(N4CCN(C)CC4)CC3)c(OC)c2)ncc1NC(=O)c1cc(OC)ccc1OC,6.361510743045363
CCNS(=O)(=O)c1ccccc1Nc1nc(Nc2ccc(N3CCC(N4CCN(C)CC4)CC3)c(OC)c2)ncc1NC(=O)c1cccc(OC)c1OC,6.336299074610352
CCNS(=O)(=O)c1ccccc1Nc1nc(Nc2ccc(N3CCC(N4CCN(C)CC4)CC3)c(OC)c2)ncc1NC(=O)c1cc(O)cc(O)c1,6.145693958198919
CCNS(=O)(=O)c1ccccc1Nc1nc(Nc2ccc(N3CCC(N4CCN(C)CC4)CC3)c(OC)c2)ncc1NC(=O)c1cc(C)cc(C)c1,6.2564902352715706
CCNS(=O)(=O)c1ccccc1Nc1nc(Nc2ccc(N3CCC(N4CCN(C)CC4)CC3)c(OC)c2)ncc1NC(=O)c1nc(OC)cc(OC)n1,6.882728704344236
CCNS(=O)(=O)c1ccccc1Nc1nc(Nc2ccc(N3CCC(N4CCN(C)CC4)CC3)c(OC)c2)ncc1NC(=O)c1cc(OC)nc(OC)n1,6.6439741428068775
COc1cc(OC)cc(N(CCNC(C)C)c2ccc3ncc(-c4cnn(C)c4)nc3c2)c1,7.434152181326482
CN1CCN(c2ccc3nc(-c4c(N)c5c(F)cccc5[nH]c4=O)[nH]c3c2)CC1,7.886056647693163
Cc1cc(NC2=NC(=O)/C(=C\c3c4ccccc4cc4ccccc34)S2)no1,7.060480747381382
CNC(=O)c1cc(Oc2ccc(NC(=O)Nc3ccc(Cl)c(C(F)(F)F)c3)cc2)ccn1,7.096910013008056
COc1ccc(-n2nc(C)c3c(Nc4ccc(NC(=O)Nc5ccc(Cl)c(C(F)(F)F)c5)cc4)ncnc32)cc1,6.657577319177793
CNC(=O)c1cc(Oc2ccc(NC(=O)Nc3ccc(Cl)c(C(F)(F)F)c3)cc2)ccn1,9.230622673923861
Cc1ccc(-n2c(SCC(=O)Nc3ccc(S(=O)(=O)Nc4nc(C)cc(C)n4)cc3)nc3ccccc3c2=O)cc1,9.381951903287908
CC(=O)NS(=O)(=O)c1ccc(NC(=O)CSc2nc3ccccc3c(=O)n2-c2ccc(C)cc2)cc1,9.423658649794207
Cc1ccc(-n2c(SCC(=O)Nc3ccc(C(=O)NNC(=O)c4ccccc4O)cc3)nc3ccccc3c2=O)cc1,9.208309350979881
Cc1ccc(-n2c(SCC(=O)Nc3ccc(C(=O)NNc4ccccc4)cc3)nc3ccccc3c2=O)cc1,9.188424994129406
Cc1ccc(-n2c(SCC(=O)Nc3ccc(C(=O)Nc4ccc(Cl)cc4)cc3)nc3ccccc3c2=O)cc1,9.42021640338319
Cc1ccc(-n2c(SCC(=O)Nc3ccc(C(=O)Nc4ccccc4)cc3)nc3ccccc3c2=O)cc1,9.146910470148134
Cc1ccc(-n2c(SCC(=O)Nc3ccc(C(=O)NCc4ccccc4)cc3)nc3ccccc3c2=O)cc1,9.124360062995832
C/C(=N\NC(N)=S)c1ccc(NC(=O)CSc2nc3ccccc3c(=O)n2-c2ccc(C)cc2)cc1,9.286509456906057
C/C(=N\NC(=O)c1cc([N+](=O)[O-])ccc1Cl)c1ccc(NC(=O)CSc2nc3ccccc3c(=O)n2-c2ccc(C)cc2)cc1,9.537602002101044
C/C(=N\NC(=O)c1ccccc1O)c1ccc(NC(=O)CSc2nc3ccccc3c(=O)n2-c2ccc(C)cc2)cc1,9.214670164989233
CC(=O)c1ccc(NC(=O)CSc2nc3ccccc3c(=O)n2-c2ccc(C)cc2)cc1,9.102372908709558
COc1cc2c(Oc3ccc(NC(=O)C(C)c4nnc(-c5ccc(F)cc5)o4)cc3F)ccnc2cc1OCCCN1CCC(C)CC1,7.3979400086720375
COc1cc2c(Oc3ccc(NC(=O)C4(c5nnc(-c6ccc(F)cc6)o5)CC4)cc3F)ccnc2cc1OCCCN1CCCCC1,7.0915149811213505
COc1ccc(/C=C/C(=O)c2nnn(-c3ccc(Cl)cc3)c2C)cc1OC,6.411168274405792
CNC(=O)c1cc(Oc2ccc(NC(=O)Nc3ccc(Cl)c(C(F)(F)F)c3)cc2)ccn1,6.978810700930062
CC(C)(O)COc1ccc2c(Oc3ccc(Nc4nccc5[nH]cc(-c6ccccc6)c(=O)c45)cc3F)ccnc2c1,6.703334809738469
COc1cc2nccc(Oc3ccc(NC(=O)C(OC(=O)c4ccc(F)cc4)C(C)(C)C)cc3F)c2cc1OC,6.530177984021837
COc1cc2c(Oc3ccc(NC(=O)C4(C(=O)Nc5ccc(F)cc5)CC4)cc3F)ccnc2cc1OCCCN1CCOCC1,8.304518323509802
C[C@H](CO)Nc1nc(Nc2ccc(S(N)(=O)=O)cc2)ncc1Br.Cl,7.468521082957745
CCS(=N)(=O)c1ccc(Nc2ncc(Br)c(O[C@H](C)[C@@H](C)O)n2)cc1,7.494850021680094
C[C@@H](O)[C@@H](C)Oc1nc(Nc2ccc([S@](=N)(=O)C3CC3)cc2)ncc1C(F)(F)F,6.787812395596042
C[C@@H](O)[C@@H](C)Oc1nc(Nc2ccc(S(C)(=O)=O)cc2)ncc1C(F)(F)F,6.321481620959886
NC(=S)N/N=C1\C(=O)N(Cc2ccccc2)c2ccc(Cl)cc21,6.7594507517174005
NC1=NNC(=O)/C1=C1/C(=O)N(Cc2ccccc2)c2ccc(Cl)cc21,7.075720713938118
Cc1nc(N/N=C2\C(=O)N(Cc3ccccc3)c3ccc(Cl)cc32)sc1/N=N/c1ccccc1,6.580044251510242
COc1ccc(/N=N/c2sc(N/N=C3\C(=O)N(Cc4ccccc4)c4ccc(Cl)cc43)nc2C)cc1,6.756961951313706
Cc1ccc(/N=N/c2sc(N/N=C3\C(=O)N(Cc4ccccc4)c4ccc(Cl)cc43)nc2C)cc1,6.815308569182402
CCOC(=O)/C(=N/Nc1ccc([N+](=O)[O-])cc1)S/C(N)=N\N=C1/C(=O)N(Cc2ccccc2)c2ccc(Cl)cc21,6.991399828238082
CCOC(=O)/C(=N/Nc1ccc(C)cc1)S/C(N)=N\N=C1/C(=O)N(Cc2ccccc2)c2ccc(Cl)cc21,7.173925197299173
CCOC(=O)/C(=N/Nc1ccc(Br)cc1)S/C(N)=N\N=C1/C(=O)N(Cc2ccccc2)c2ccc(Cl)cc21,6.876148359032914
CC(=O)c1s/c(=N\N=C2/C(=O)N(Cc3ccccc3)c3ccc(Cl)cc32)[nH]c1C,7.075720713938118
CCOC(=O)c1s/c(=N\N=C2/C(=O)N(Cc3ccccc3)c3ccc(Cl)cc32)[nH]c1C,7.036212172654444
O=C1CS/C(=N\N=C2/C(=O)N(Cc3ccccc3)c3ccc(Cl)cc32)N1,7.107905397309519
O=C1/C(=N\N=c2\[nH]c(-c3ccc([N+](=O)[O-])cc3)cs2)c2cc(Cl)ccc2N1Cc1ccccc1,7.055517327849832
CCN(CC)CCNC(=O)c1c(C)[nH]c(/C=C2\C(=O)Nc3ccc(F)cc32)c1C,7.1249387366083
O=C1/C(=N\N=c2\[nH]c(-c3ccccc3)cs2)c2cc(Cl)ccc2N1Cc1ccccc1,6.374687549038326
O=C1/C(=N\N=c2\[nH]c(-c3ccc(Cl)cc3)cs2)c2cc(Cl)ccc2N1Cc1ccccc1,6.801342913045577
COc1cc2nccc(Oc3ccc(NC(=O)NC4CC4)c(Cl)c3)c2cc1C(N)=O,8.397940008672037
COc1cc2nccc(Oc3ccc(NC(=O)C4(C(=O)Nc5ccc(F)cc5)CC4)cc3)c2cc1OC,10.455931955649724
COc1ccc(N(C)c2nc(C)nc3ccccc23)cc1,8.075720713938118
CCN(CC)CCNC(=O)c1c(C)[nH]c(/C=C2\C(=O)Nc3ccc(F)cc32)c1C,7.723538195826756
C#Cc1cccc(Nc2ncnc3cc(OCCOC)c(OCCOC)cc23)c1,6.904133546521457
COc1ccc2c(c1)CCCN2c1nc(C)nc2ccccc12,8.031517051446064
CSc1ccc(N(C)c2nc(C)nc3ccccc23)cc1,7.8326826652518236
COc1cccc2cc(N(C)c3nc(C)nc4ccccc34)ccc12,7.774690718274137
COc1ccc2c(c1)CCCN2c1ncnc2ccccc12,6.9542859410591324
COc1ccc(N(C)c2nc(Cl)nc3ccccc23)cc1,7.010995384301463
COc1ccc2c(c1)CCCN2c1nc(Cl)nc2ccccc12,7.2580609222708015
Cc1cc(Nc2nc(Nc3ccccc3S(=O)(=O)C(C)C)c3c(C)[nH]nc3n2)c(OC(C)C)cc1C1CCN(C)CC1,5.130768280269024
CN[C@@H]1C[C@H]2O[C@@](C)([C@@H]1OC)n1c3ccccc3c3c4c(c5c6ccccc6n2c5c31)C(=O)NC4,8.414539270491499
COc1cc(Nc2ncc(CCc3c(F)c(OC)cc(OC)c3F)cn2)ccc1N1CCC(N2CCN(C)CC2)CC1,7.468521082957745
COc1cc2ncnc(Nc3ccc(Br)cc3)c2cc1OCCCCCC(=O)NO,7.130768280269024
Cc1cc(-c2cnc3cc(-c4ccc(N5CCNCC5)cc4)ccn23)c2ccccc2n1,5.226945306635737
Cc1cc(-c2cnc3cc(-c4ccc(N5CCNCC5)cc4)ccn23)c2cc(F)ccc2n1,4.872571222148401
Cc1cc(-c2cnc3cc(-c4ccc(N5CCNCC5)cc4)ccn23)c2cc(F)cc(F)c2n1,4.686976889676762
Cc1cc(-c2cnc3cc(-c4ccc(C5CNCCN5)cc4)ccn23)c2ccccc2n1,5.029188389127482
Cc1cc(-c2cnc3cc(-c4ccc(C5CNCCN5)cc4)ccn23)c2cc(F)cc(F)c2n1,4.432973633840939
CNC(=O)c1cc(-n2ccc3cc(NC(=O)Nc4ccc(N5CCN(C)CC5)c(C(F)(F)F)c4)ccc32)ccn1,6.761953896871205
CNC(=O)c1cc(Oc2ccc(NC(=O)Nc3ccc(Cl)c(C(F)(F)F)c3)cc2)ccn1,7.036212172654444
COc1cc2ncnc(Nc3ccc(NC(=O)c4ccccc4C)cc3)c2cc1OC,6.939302159646388
COc1cc2ncnc(Nc3ccc(NC(=O)c4cccc(C)c4)cc3)c2cc1OC,7.795880017344075
COc1cc2ncnc(Nc3ccc(NC(=O)c4ccc(C)cc4)cc3)c2cc1OC,5.468521082957745
COc1cc2ncnc(Nc3ccc(NC(=O)c4ccccc4OC)cc3)c2cc1OC,5.267606240177032
CCc1ccc(C(=O)Nc2ccc(Nc3ncnc4cc(OC)c(OC)cc34)cc2)cc1,6.42021640338319
COc1cc2ncnc(Nc3ccc(NC(=O)c4ccc(C(C)(C)C)cc4)cc3)c2cc1OC,6.585026652029182
COc1cc2ncnc(Nc3ccc(NC(=O)c4ccccc4F)cc3)c2cc1OC,7.096910013008056
COc1cc2ncnc(Nc3ccc(NC(=O)c4cccc(F)c4)cc3)c2cc1OC,7.327902142064283
COc1cc2ncnc(Nc3ccc(NC(=O)c4ccc(F)cc4)cc3)c2cc1OC,5.0
COc1cc2ncnc(Nc3ccc(NC(=O)c4ccccc4Cl)cc3)c2cc1OC,6.494850021680094
COc1cc2ncnc(Nc3ccc(NC(=O)c4cccc(Cl)c4)cc3)c2cc1OC,7.1249387366083
COc1cc2ncnc(Nc3ccc(NC(=O)c4ccc(Cl)cc4)cc3)c2cc1OC,5.0
COc1cc2ncnc(Nc3ccc(NC(=O)c4ccc(Br)cc4)cc3)c2cc1OC,5.657577319177793
COc1cc2ncnc(Nc3ccc(NC(=O)c4ccccc4I)cc3)c2cc1OC,6.376750709602099
COc1cc2ncnc(Nc3ccc(NC(=O)c4cccc(I)c4)cc3)c2cc1OC,6.6020599913279625
COc1cc2ncnc(Nc3ccc(NC(=O)c4ccc(I)cc4)cc3)c2cc1OC,5.795880017344075
COc1cc2ncnc(Nc3ccc(NC(=O)c4cccc(C(F)(F)F)c4)cc3)c2cc1OC,5.853871964321762
COc1cc2ncnc(Nc3ccc(NC(=O)c4ccc(C(F)(F)F)cc4)cc3)c2cc1OC,5.0655015487564325
COc1cc2ncnc(Nc3ccc(NC(=O)c4c(F)cccc4F)cc3)c2cc1OC,6.236572006437063
COc1cc2ncnc(Nc3ccc(NC(=O)c4ccc(Cl)c(Cl)c4)cc3)c2cc1OC,6.455931955649724
COc1cc2ncnc(Nc3ccc(NC(=O)c4cc(F)ccc4Br)cc3)c2cc1OC,6.443697499232712
COc1cc2ncnc(Nc3cccc(O)c3)c2cc1OC,7.130768280269024
CNC(=O)c1cc(Oc2ccc(NC(=O)c3cccc(C(F)(F)F)c3)cc2)ccn1,6.337242168318426
CNC(=O)c1cc(Oc2ccc(NC(=O)Nc3ccc(Cl)c(C(F)(F)F)c3)cc2)ccn1,7.6777807052660805
Cc1ccc(NC(=O)c2ccc(C)c(C(F)(F)F)c2)cc1C#Cc1nn([C@H]2CC[C@H](O)CC2)c2ncnc(N)c12,7.494850021680094
CC(C)(C)c1cc(NC(=O)Nc2ccc(Nc3ncnc4c3OCCCN4)cc2)no1,6.049635145623877
CCN(CC)CCNC(=O)c1c(C)[nH]c(/C=C2\C(=O)Nc3ccc(F)cc32)c1C,6.336299074610352
Cc1[nH]c(/C=C2\C(=O)Nc3ccc(F)cc32)c(C)c1C(=O)NCCN(C)C,6.30715308072277
CCNCCNC(=O)c1c(C)[nH]c(/C=C2\C(=O)Nc3ccc(F)cc32)c1C,6.296708621881338
CCN(CC)CCCNC(=O)c1c(C)[nH]c(/C=C2\C(=O)Nc3ccc(F)cc32)c1C,6.318758762624412
CCN(CC)CCNC(=O)c1c(C)[nH]c(/C=C2\C(=O)Nc3cc(F)ccc32)c1C,6.723538195826756
CCN(CC)CCNC(=O)c1c(C)[nH]c(/C=C2\C(=O)Nc3cc(Cl)ccc32)c1C,6.686132779630847
CCN(CC)CCNC(=O)c1c(C)[nH]c(/C=C2\C(=O)Nc3ccc(C#N)cc32)c1C,6.407823242604133
CCN(CC)CCNC(=O)c1c(C)[nH]c(/C=C2\C(=O)Nc3ccc(CCO)cc32)c1C,6.071604147743286
CCN(CC)CCNC(=O)c1c(C)[nH]c(/C=C2\C(=O)Nc3ccc(CCC#N)cc32)c1C,5.876801924968001
CCN(CC)CCNC(=O)c1c(C)[nH]c(/C=C2\C(=O)Nc3ccc(CCC(N)=O)cc32)c1C,5.4179366370882915
CCN(CC)CCNC(=O)c1c(C)[nH]c(/C=C2\C(=O)Nc3ccc(CCNC(C)=O)cc32)c1C,5.664742743565468
CCN(CC)CCNC(=O)c1c(C)[nH]c(/C=C2\C(=O)Nc3ccc(CCN=[N+]=[N-])cc32)c1C,5.645891560852599
COc1ccc(NC(=O)Nc2nc(Sc3c[nH]c4ccccc34)cc(N3CCOCC3)n2)cc1,5.716698771296451
O=C(Nc1ccc(Cl)cc1)Nc1nc(Sc2c[nH]c3ccccc23)cc(N2CCOCC2)n1,5.841637507904751
O=C(Nc1ccccc1)Nc1nc(Sc2c[nH]c3ccccc23)cc(N2CCOCC2)n1,5.91721462968355
Cc1cc(Cl)ccc1NC(=O)Nc1nc(Sc2c[nH]c3ccccc23)cc(N2CCOCC2)n1,6.455931955649724
Cc1ccc(C)c(NC(=O)Nc2nc(Sc3c[nH]c4ccccc34)cc(N3CCCCC3)n2)c1,6.508638306165727
O=C(Nc1ccc(Cl)cc1)Nc1nc(Sc2c[nH]c3ccccc23)cc(N2CCCCC2)n1,5.739928612014925
COc1ccc(NC(=O)Nc2nc(Sc3c[nH]c4ccccc34)cc(N3CCCCC3)n2)cc1,5.94692155651658
O=C(Nc1ccccc1)Nc1nc(Sc2c[nH]c3ccccc23)cc(N2CCCCC2)n1,5.341988603342887
O=C(Nc1ccccc1)Nc1nc(Sc2c[nH]c3ccccc23)cc(N2CCCC2)n1,5.490797477668897
COc1ccc(NC(=O)Nc2nc(Sc3c[nH]c4ccccc34)cc(N3CCCC3)n2)cc1,5.583359492661719
O=C(Nc1ccc(Cl)cc1)Nc1nc(Sc2c[nH]c3ccccc23)cc(N2CCCC2)n1,6.481486060122113
Cc1cc(Cl)ccc1NC(=O)Nc1nc(Sc2c[nH]c3ccccc23)cc(N2CCCC2)n1,6.366531544420414
O=C(Nc1ccccc1)Nc1nc(Nc2ccccc2)cc(Sc2c[nH]c3ccccc23)n1,5.562249437179612
O=C(Nc1ccccc1)Nc1nc(Sc2c[nH]c3ccccc23)cc(N2CCN(c3ccccn3)CC2)n1,5.767003889607846
COc1ccc(NC(=O)Nc2nc(Sc3c[nH]c4ccccc34)cc(N3CCN(c4ccccn4)CC3)n2)cc1,5.3819519032879075
Cc1cc(Cl)ccc1NC(=O)Nc1nc(Sc2c[nH]c3ccccc23)cc(N2CCN(c3ccccn3)CC2)n1,6.036212172654444
O=C(Nc1ccccc1)Nc1nc(Sc2c[nH]c3ccccc23)cc(N2CCN(Cc3ccccc3)CC2)n1,6.173925197299173
Cc1ccc(C)c(NC(=O)Nc2nc(Sc3c[nH]c4ccccc34)cc(N3CCN(Cc4ccccc4)CC3)n2)c1,5.669586226650809
Cc1cc(Cl)ccc1NC(=O)Nc1nc(Sc2c[nH]c3ccccc23)cc(N2CCN(Cc3ccccc3)CC2)n1,5.313363730737707
COc1ccc(NC(=O)Nc2nc(Sc3c[nH]c4ccccc34)cc(N3CCN(Cc4ccccc4)CC3)n2)cc1,6.075720713938118
Cc1cc(Cl)ccc1NC(=O)Nc1nc(NC2CC2)cc(Sc2c[nH]c3ccccc23)n1,6.356547323513812
O=C(Nc1ccccc1)Nc1nc(NC2CC2)cc(Sc2c[nH]c3ccccc23)n1,5.282329496997738
Cc1ccc(NC(=O)Nc2nc(Nc3ccccc3)cc(Sc3c[nH]c4ccccc34)n2)cc1,5.876148359032914
Cc1cc(Cl)ccc1NC(=O)Nc1nc(Nc2ccccc2)cc(Sc2c[nH]c3ccccc23)n1,5.549750891680639
COc1cc(NC(=O)Nc2nc(Nc3cc(OC)cc(OC)c3)cc(Sc3c[nH]c4ccccc34)n2)cc(OC)c1,5.454692883534176
COc1ccc(NC(=O)Nc2nc(Nc3cc(OC)cc(OC)c3)cc(Sc3c[nH]c4ccccc34)n2)cc1,5.844663962534939
O=C(Nc1ccccc1)Nc1nc(Nc2ccc(Cl)cc2)cc(Sc2c[nH]c3ccccc23)n1,5.7423214251308154
CNC(=O)c1cc(Oc2ccc(NC(=O)Nc3ccc(Cl)c(C(F)(F)F)c3)cc2)ccn1,5.91721462968355
COCC/C(=N\S(=O)(=O)Cc1ccc(Cl)cc1)Nc1ccc(Oc2ccnc3cc(OCCCN4CCOCC4)c(OC)cc23)c(F)c1,6.171984935776023
COc1cc2c(Oc3ccc(NC(=O)C4(C(=O)Nc5ccc(F)cc5)CC4)cc3F)ccnc2cc1OCCCN1CCOCC1,8.370590400897282
Cc1ncsc1-c1ccc(CNC(=O)[C@@H]2C[C@@H](O)CN2C(=O)[C@@H](NC(=O)CCCCCC(=O)n2nc(N)c3c(-c4cccc(NC(=O)Nc5cccc(C(C)C)c5)c4)cccc32)C(C)(C)C)cc1,6.0
Cc1ccc(F)c(NC(=O)Nc2ccc(-c3cccc4c3c(N)nn4C(=O)CCCCCCCCCCC(=O)N[C@H](C(=O)N3C[C@H](O)C[C@H]3C(=O)NCc3ccc(-c4scnc4C)cc3)C(C)(C)C)cc2)c1,6.680560796953951
Cc1ccc(F)c(NC(=O)Nc2ccc(-c3cccc4c3c(N)nn4C(=O)CCCCCC(=O)N[C@H](C(=O)N3C[C@H](O)C[C@H]3C(=O)NCc3ccc(-c4scnc4C)cc3)C(C)(C)C)cc2)c1,6.0
CC(C)c1cccc(NC(=O)Nc2cccc(-c3cccc4[nH]nc(N)c34)c2)c1,8.163675884293248
Cc1ncsc1-c1ccc(CNC(=O)[C@@H]2C[C@@H](O)CN2C(=O)[C@@H](NC(=O)CCCCCCCCCCCCCCC(=O)n2nc(N)c3c(-c4cccc(NC(=O)Nc5cccc(C(C)C)c5)c4)cccc32)C(C)(C)C)cc1,6.0
Cc1ncsc1-c1ccc(CNC(=O)[C@@H]2C[C@@H](O)CN2C(=O)[C@@H](NC(=O)CCCCCCCCCCC(=O)n2nc(N)c3c(-c4cccc(NC(=O)Nc5cccc(C(C)C)c5)c4)cccc32)C(C)(C)C)cc1,6.681623584777204
Cc1ccc(F)c(NC(=O)Nc2ccc(-c3cccc4[nH]nc(N)c34)cc2)c1,8.075513956266086
Cc1ccc(F)c(NC(=O)Nc2ccc(-c3cccc4c3c(N)nn4C(=O)CCCCCCCCCCCCCCC(=O)N[C@H](C(=O)N3C[C@H](O)C[C@H]3C(=O)NCc3ccc(-c4scnc4C)cc3)C(C)(C)C)cc2)c1,7.094635931233108
COc1cc2ncnc(Oc3ccc(Nc4nccc5[nH]cc(-c6ccc(F)cc6)c(=O)c45)cc3F)c2cc1OCCCN1CCOCC1,6.915781313260761
COCCOc1cc2ncnc(Oc3ccc(Nc4nccc5[nH]cc(-c6ccc(F)cc6)c(=O)c45)cc3F)c2cc1OCCOC,7.101274818410507
COc1cc2c(Oc3ccc(Nc4nccc5[nH]cc(-c6ccc(F)cc6)c(=O)c45)cc3F)ncnc2cc1OCC1CCN(C)CC1,7.481486060122112
O=c1c(-c2ccc(F)cc2)c[nH]c2ccnc(Nc3ccc(Oc4ncnc5cc6c(cc45)OCCOCCOCCO6)c(F)c3)c12,7.3223930472795065
COCCOc1cc2ncnc(Oc3ccc(Nc4nccc5[nH]cc(-c6ccc(F)cc6)c(=O)c45)cc3F)c2cc1OC,6.854182285508172
COc1cc2c(Oc3ccc(Nc4nccc5[nH]cc(-c6ccc(F)cc6)c(=O)c45)cc3F)ncnc2cc1OCCO.Cc1ccc(S(=O)(=O)O)cc1,7.663540266151471
COc1cc2c(Oc3ccc(Nc4nccc5[nH]cc(-c6ccc(F)cc6)c(=O)c45)cc3F)ncnc2cc1OCCCO.Cc1ccc(S(=O)(=O)O)cc1,7.167491087293763
COc1cc2c(Oc3ccc(Nc4nccc5[nH]cc(-c6ccc(F)cc6)c(=O)c45)cc3F)ncnc2cc1OCC(C)(C)O.Cc1ccc(S(=O)(=O)O)cc1,7.027334407733889
COc1cc2c(Oc3ccc(Nc4nccc5[nH]cc(-c6ccc(F)cc6)c(=O)c45)cc3F)ncnc2cc1OCCCN1CCOCC1,6.644548479873483
COc1cc2c(Oc3ccc(Nc4nccc5[nH]cc(-c6ccc(F)cc6)c(=O)c45)cc3F)ncnc2cc1OCCCN1CCCC1,6.893129455521346
COc1cc2ncnc(Oc3ccc(Nc4nccc5[nH]cc(-c6ccc(F)cc6)c(=O)c45)cc3F)c2cc1OC,6.5730010412434625
COCCOc1cc2c(Oc3ccc(Nc4nccc5[nH]cc(-c6ccc(F)cc6)c(=O)c45)cc3F)ncnc2cc1OC,7.011887159731648
COc1cc2ncnc(Oc3ccc(Nc4nccc5[nH]cc(-c6ccc(F)cc6)c(=O)c45)cc3F)c2cc1OCCO.Cc1ccc(S(=O)(=O)O)cc1,7.910094888560602
COc1cc2ncnc(Oc3ccc(Nc4nccc5[nH]cc(-c6ccc(F)cc6)c(=O)c45)cc3F)c2cc1OCC(C)(C)O,7.276544327964814
CCN(CC)CCCOc1cc2c(Oc3ccc(Nc4nccc5[nH]cc(-c6ccc(F)cc6)c(=O)c45)cc3F)ncnc2cc1OC,6.786482243003695
COc1cc2ncnc(Oc3ccc(Nc4nccc5[nH]cc(-c6ccc(F)cc6)c(=O)c45)cc3F)c2cc1OCCCN1CCCC1,6.837435593476981
COc1cc2ncnc(Oc3ccc(Nc4nccc5[nH]cc(-c6ccc(F)cc6)c(=O)c45)cc3F)c2cc1OCCCN1CCCCC1,6.68277265082358
COc1cc2nccc(Oc3ccc(NC(=O)C4(C(=O)Nc5ccc(F)cc5)CC4)cc3)c2cc1OC,8.154901959985743
COc1cc2ncnc(Oc3ccc(Nc4nccc5[nH]cc(-c6ccc(F)cc6)c(=O)c45)cc3)c2cc1OC,6.953504835665291
COc1cc2ncnc(Oc3ccc(Nc4nccc5[nH]c(C)c(-c6ccc(F)cc6)c(=O)c45)cc3F)c2cc1OC,6.342084063170045
COc1cc2ncnc(Oc3ccc(Nc4nccc5c4c(=O)c(-c4ccc(F)cc4)cn5C)cc3F)c2cc1OC,5.522878745280337
CCn1cc(-c2ccc(F)cc2)c(=O)c2c(Nc3ccc(Oc4ncnc5cc(OC)c(OC)cc45)c(F)c3)nccc21,5.522878745280337
COCCn1cc(-c2ccc(F)cc2)c(=O)c2c(Nc3ccc(Oc4ncnc5cc(OC)c(OC)cc45)c(F)c3)nccc21,5.522878745280337
COc1cc2ncnc(Oc3ccc(Nc4nccc5c4c(=O)c(-c4ccc(F)cc4)cn5CC(=O)c4ccccc4)cc3F)c2cc1OC,5.522878745280337
COc1cccc(-c2cc(-c3c(O)c4ccccc4oc3=O)nc(N)c2C#N)c1,7.376750709602099
COc1cc2/c(=N/c3ccc(Br)cc3F)nc[nH]c2cc1OCC1CCN(C)CC1,7.161150909262744
COc1ccc2nc(N3CCC(C(CC#N)n4cc(-c5ncnc6[nH]ccc56)cn4)CC3)sc2c1,5.686554629573586
COc1cc(CCc2cnc3[nH]ccc3c2)cc(OC)c1,5.775466937393914
COc1cc(OC)cc(N2Cc3cnc4[nH]ccc4c3N(C)C2=O)c1,6.3448615651886175
COc1cc(OC)c(Cl)c(N2Cc3cnc4[nH]ccc4c3N(C)C2=O)c1,6.882728704344236
COc1cc(OC)c(Cl)c(N2Cc3cnc4[nH]ccc4c3N(C)C2=O)c1Cl,6.790484985457369
COc1cc(N2Cc3cnc4[nH]ccc4c3N(C)C2=O)c(Cl)c(OC)c1Cl,5.698970004336019
COc1cc(OC)c(F)c(N2Cc3cnc4[nH]ccc4c3N(C)C2=O)c1,7.036212172654444
COc1cc(OC)c(F)c(N2Cc3cnc4[nH]ccc4c3N(C)C2=O)c1F,7.619788758288394
COc1cc(OC)c(Cl)c(N2Cc3cnc4[nH]ccc4c3N(C)C2=O)c1F,7.3979400086720375
CCN1C(=O)N(c2c(F)c(OC)cc(OC)c2F)Cc2cnc3c(c21)CC(=O)N3,6.540607512240769
COc1cc(OC)c(F)c(N2Cc3cnc4[nH]c(-c5cnn(C)c5)cc4c3N(C)C2=O)c1F,8.886056647693163
O=C(CSc1nc2ccccc2n2cnnc12)Nc1ccc(C(=O)Nc2ccccc2)cc1,8.468521082957745
Cc1ccccc1NC(=O)c1ccc(NC(=O)CSc2nc3ccccc3n3cnnc23)cc1,7.735182176990463
Cc1cccc(NC(=O)c2ccc(NC(=O)CSc3nc4ccccc4n4cnnc34)cc2)c1,7.97061622231479
Cc1cccc(C)c1NC(=O)c1ccc(NC(=O)CSc2nc3ccccc3n3cnnc23)cc1,7.573488738635425
O=C(CSc1nc2ccccc2n2cnnc12)Nc1ccc(C(=O)Nc2ccc([N+](=O)[O-])cc2)cc1,7.554395796726403
O=C(CSc1nc2ccccc2n2cnnc12)Nc1ccc(C(=O)Nc2ccccn2)cc1,8.337242168318426
O=C(CSc1nc2ccccc2n2cnnc12)Nc1ccc(C(=O)Nc2ccc(Cl)cn2)cc1,8.4089353929735
O=C(CSc1nc2ccccc2n2cnnc12)Nc1ccc(C(=O)NC2CCCCC2)cc1,7.305394801066432
O=C(CSc1nc2ccccc2n2cnnc12)Nc1ccc(C(=O)NCc2ccccc2)cc1,7.663540266151471
O=C(CSc1nc2ccccc2n2cnnc12)Nc1ccc(C(=O)NNc2ccccc2)cc1,7.860120913598763
O=C(CSc1nc2ccccc2n2cnnc12)Nc1ccc(C(=O)NNC(=O)c2ccccc2)cc1,7.528708288941061
O=C(CSc1nc2ccccc2n2cnnc12)Nc1ccc(C(=O)NNC(=O)c2ccc([N+](=O)[O-])cc2)cc1,7.45717457304082
O=C(Cn1c(=O)c2nncn2c2ccccc21)Nc1ccc(C(=O)Nc2ccccc2)cc1,7.1979107421182675
Cc1cccc(NC(=O)c2ccc(NC(=O)Cn3c(=O)c4nncn4c4ccccc43)cc2)c1,8.4089353929735
Cc1cccc(C)c1NC(=O)c1ccc(NC(=O)Cn2c(=O)c3nncn3c3ccccc32)cc1,8.167491087293763
O=C(Cn1c(=O)c2nncn2c2ccccc21)Nc1ccc(C(=O)Nc2ccc([N+](=O)[O-])cc2)cc1,7.640164517660112
O=C(Cn1c(=O)c2nncn2c2ccccc21)Nc1ccc(C(=O)Nc2ccc(Cl)cn2)cc1,7.305394801066432
O=C(Cn1c(=O)c2nncn2c2ccccc21)Nc1ccc(C(=O)NC2CCCCC2)cc1,7.931814138253839
O=C(Cn1c(=O)c2nncn2c2ccccc21)Nc1ccc(C(=O)NCc2ccccc2)cc1,8.327902142064282
O=C(Cn1c(=O)c2nncn2c2ccccc21)Nc1ccc(C(=O)NNC(=O)c2ccccc2)cc1,8.060480747381382
O=C(Cn1c(=O)c2nncn2c2ccccc21)Nc1ccc(C(=O)NNC(=O)c2ccc([N+](=O)[O-])cc2)cc1,8.008773924307505
CNC(=O)c1cc(Oc2ccc(NC(=O)Nc3ccc(Cl)c(C(F)(F)F)c3)cc2)ccn1,8.505845405981557
O=C1Nc2ccccc2/C1=C/c1ccc(-c2cn(-c3ccccc3)nn2)cc1,4.031003673351687
Cc1ccccc1-n1cc(-c2ccc(/C=C3\C(=O)Nc4ccccc43)cc2)nn1,3.9562448730313204
Cc1cccc(-n2cc(-c3ccc(/C=C4\C(=O)Nc5ccccc54)cc3)nn2)c1,4.349984047528161
Cc1ccc(-n2cc(-c3ccc(/C=C4\C(=O)Nc5ccccc54)cc3)nn2)cc1,4.5787252087896535
O=C1Nc2ccccc2/C1=C/c1ccc(-c2cn(-c3ccccc3F)nn2)cc1,3.937718930027356
O=C1Nc2ccccc2/C1=C/c1ccc(-c2cn(-c3cccc(F)c3)nn2)cc1,3.6989700043360187
O=C1Nc2ccccc2/C1=C/c1ccc(-c2cn(-c3ccc(F)cc3)nn2)cc1,3.7021519824565035
O=C1Nc2ccccc2/C1=C/c1ccc(-c2cn(-c3ccccc3Cl)nn2)cc1,3.6989700043360187
O=C1Nc2ccccc2/C1=C/c1ccc(-c2cn(-c3cccc(Cl)c3)nn2)cc1,3.6989700043360187
O=C1Nc2ccccc2/C1=C/c1ccc(-c2cn(-c3ccc(Cl)cc3)nn2)cc1,3.7883189237008614
N#Cc1ccccc1-n1cc(-c2ccc(/C=C3\C(=O)Nc4ccccc43)cc2)nn1,3.771035322594839
N#Cc1cccc(-n2cc(-c3ccc(/C=C4\C(=O)Nc5ccccc54)cc3)nn2)c1,3.6989700043360187
N#Cc1ccc(-n2cc(-c3ccc(C=C4C(=O)Nc5ccccc54)cc3)nn2)cc1,3.747365384287605
O=C1Nc2ccccc2/C1=C/c1ccc(-c2cn(-c3ccc(Cl)c(C(F)(F)F)c3)nn2)cc1,3.965131003638869
O=C1Nc2ccc(F)cc2C1=Cc1ccc(-c2cn(-c3ccccc3)nn2)cc1,4.001435541739059
Cc1ccccc1-n1cc(-c2ccc(C=C3C(=O)Nc4ccc(F)cc43)cc2)nn1,4.145390361904205
Cc1cccc(-n2cc(-c3ccc(/C=C4\C(=O)Nc5ccc(F)cc54)cc3)nn2)c1,4.0498299401918
Cc1ccc(-n2cc(-c3ccc(/C=C4\C(=O)Nc5ccc(F)cc54)cc3)nn2)cc1,4.432973633840939
O=C1Nc2ccc(F)cc2/C1=C/c1ccc(-c2cn(-c3ccccc3F)nn2)cc1,3.855425792390384
O=C1Nc2ccc(F)cc2/C1=C/c1ccc(-c2cn(-c3cccc(F)c3)nn2)cc1,3.7666992284365284
O=C1Nc2ccc(F)cc2/C1=C/c1ccc(-c2cn(-c3ccc(F)cc3)nn2)cc1,3.715546705989147
O=C1Nc2ccc(F)cc2/C1=C/c1ccc(-c2cn(-c3ccccc3Cl)nn2)cc1,3.9210721663192802
O=C1Nc2ccc(F)cc2/C1=C/c1ccc(-c2cn(-c3cccc(Cl)c3)nn2)cc1,3.729460905739452
O=C1Nc2ccc(F)cc2C1=Cc1ccc(-c2cn(-c3ccc(Cl)cc3)nn2)cc1,3.7690914806792355
N#Cc1ccccc1-n1cc(-c2ccc(C=C3C(=O)Nc4ccc(F)cc43)cc2)nn1,3.7276013675445956
N#Cc1cccc(-n2cc(-c3ccc(/C=C4\C(=O)Nc5ccc(F)cc54)cc3)nn2)c1,3.713521075069232
N#Cc1ccc(-n2cc(-c3ccc(C=C4C(=O)Nc5ccc(F)cc54)cc3)nn2)cc1,3.721086425284038
O=C1Nc2ccc(F)cc2/C1=C/c1ccc(-c2cn(-c3ccc(Cl)c(C(F)(F)F)c3)nn2)cc1,3.772396064303412
CCN(CC)CCNC(=O)c1c(C)[nH]c(/C=C2\C(=O)Nc3ccc(F)cc32)c1C,4.079876673709276
O=C(Cn1cc(-c2ccc3c(Nc4cccnc4)n[nH]c3c2)cn1)Nc1ccc(Cl)c(C(F)(F)F)c1,6.049635145623877
CS(=O)(=O)Cc1cccc(Nc2n[nH]c3cc(-c4cnn(CC(=O)Nc5ccc(Cl)c(C(F)(F)F)c5)c4)ccc23)c1,6.844663962534939
Cn1cc2ccc(Nc3n[nH]c4cc(-c5cnn(CC(=O)Nc6ccc(Cl)c(C(F)(F)F)c6)c5)ccc34)cc2n1,6.603800652904264
Cn1cc(Nc2n[nH]c3cc(-c4cnn(CC(=O)Nc5ccc(Cl)c(C(F)(F)F)c5)c4)ccc23)cn1,6.657577319177793
CNS(=O)(=O)c1cc(Nc2n[nH]c3cc(-c4cnn(CC(=O)Nc5ccc(Cl)c(C(F)(F)F)c5)c4)ccc23)ccc1C,6.39040559077478
Nc1n[nH]c2cc(-c3cnn(CC(=O)Nc4ccc(Cl)c(C(F)(F)F)c4)c3)ccc12,7.920818753952375
Nc1n[nH]c2cc(-c3cnn(CC(=O)Nc4cccc(C(F)(F)F)c4)c3)ccc12,8.130768280269024
Cc1ccc(NC(=O)Cn2cc(-c3ccc4c(N)n[nH]c4c3)cn2)cc1C(F)(F)F,8.568636235841012
Nc1n[nH]c2cc(-c3cnn(CC(=O)Nc4cccc(C(F)(F)F)c4F)c3)ccc12,7.657577319177793
O=C(Cn1cc(-c2ccc3c(NC(=O)C4CC4)n[nH]c3c2)cn1)Nc1ccc(Cl)c(C(F)(F)F)c1,7.853871964321762
Cc1ccc(NC(=O)Cn2cc(-c3ccc4c(NC(=O)C5CC5)n[nH]c4c3)cn2)cc1C(F)(F)F,8.853871964321762
O=C(Cn1cc(-c2ccc3c(NC(=O)C4CC4)n[nH]c3c2)cn1)Nc1cccc(C(F)(F)F)c1F,7.920818753952375
CC(=O)Nc1n[nH]c2cc(-c3cnn(CC(=O)Nc4ccc(C)c(C(F)(F)F)c4)c3)ccc12,8.795880017344075
Cc1ccc(NC(=O)Cn2cc(-c3ccc4c(NC(=O)C(C)C)n[nH]c4c3)cn2)cc1C(F)(F)F,7.552841968657781
Cc1ccc(NC(=O)Cn2cc(-c3ccc4c(NC(=O)C5CCCC5)n[nH]c4c3)cn2)cc1C(F)(F)F,7.823908740944319
Cc1ccc(NC(=O)Cn2cc(-c3ccc4c(NC(=O)C5CCN(C)CC5)n[nH]c4c3)cn2)cc1C(F)(F)F,7.958607314841775
Cc1ccc(NC(=O)Cn2cc(-c3ccc4c(NC(=O)c5cccnc5)n[nH]c4c3)cn2)cc1C(F)(F)F,8.638272163982407
Cc1ccc(NC(=O)Cn2cc(-c3ccc4c(NC(=O)c5cnn(C)c5)n[nH]c4c3)cn2)cc1C(F)(F)F,9.136677139879543
CCNc1n[nH]c2cc(-c3cnn(CC(=O)Nc4ccc(C)c(C(F)(F)F)c4)c3)ccc12,7.42021640338319
Cc1ccc(NC(=O)Cn2cc(-c3ccc4c(NCC5CC5)n[nH]c4c3)cn2)cc1C(F)(F)F,7.221848749616356
CNC(=O)c1cc(Oc2ccc(NC(=O)Nc3ccc(Cl)c(C(F)(F)F)c3)cc2)ccn1,7.552841968657781
Cc1ccc(NC(=O)Cn2cc(-c3ccc4c(NC(=O)C5CC5)n[nH]c4c3)c(C)n2)cc1C(F)(F)F,7.568636235841013
Cc1ccc(NC(=O)Cn2nc(C)c(-c3ccc4c(NC(=O)C5CC5)n[nH]c4c3)c2C)cc1C(F)(F)F,6.512861624522813
Cc1ccc(NC(=O)Cc2ccc(-c3ccc4c(NC(=O)C5CC5)n[nH]c4c3)s2)cc1C(F)(F)F,7.920818753952375
O=c1cc(N2CCNCC2)c2cc(F)ccc2[nH]1,6.550521600812635
O=c1cc(N2CCNCC2)c2ccccc2n1-c1ccccc1,6.95116991347165
O=C(CN1CCN(c2cc(=O)[nH]c3ccc(F)cc23)CC1)Nc1nc(-c2ccccc2)cs1,7.32947584221792
O=C(CN1CCN(c2cc(=O)[nH]c3ccc(F)cc23)CC1)Nc1nc(-c2ccc(Cl)cc2)cs1,6.770318157682325
Cc1ccc(-c2csc(NC(=O)CN3CCN(c4cc(=O)[nH]c5ccc(F)cc45)CC3)n2)cc1,6.529001830339126
COc1ccc(-c2csc(NC(=O)CN3CCN(c4cc(=O)[nH]c5ccc(F)cc45)CC3)n2)cc1,7.291664097317736
O=C(CN1CCN(c2cc(=O)n(-c3ccccc3)c3ccccc23)CC1)Nc1nc(-c2ccccc2)cs1,6.65247484000131
O=C(CN1CCN(c2cc(=O)n(-c3ccccc3)c3ccccc23)CC1)Nc1nc(-c2ccc(Cl)cc2)cs1,7.202732459169283
Cc1ccc(-c2csc(NC(=O)CN3CCN(c4cc(=O)n(-c5ccccc5)c5ccccc45)CC3)n2)cc1,6.776504059037605
COc1ccc(-c2csc(NC(=O)CN3CCN(c4cc(=O)n(-c5ccccc5)c5ccccc45)CC3)n2)cc1,6.758204568704802
CNC(=O)c1cc(Oc2ccc(NC(=O)Nc3ccc(Cl)c(C(F)(F)F)c3)cc2)ccn1,7.2889523961329665
CC(C)n1cc(C(=O)Nc2ccc(Oc3ccnc(NC(=O)C4CC4)c3)c(F)c2)c(=O)n(-c2ccc(F)cc2)c1=O,6.0
Cc1c(NC(=O)CCN2CCCC2)c[nH]c1/C=C1\C(=O)Nc2ccc(F)cc21,6.86359655186601
CCN(CC)CCNC(=O)c1c(C)[nH]c(/C=C2\C(=O)Nc3ccc(F)cc32)c1C,7.11975822410452
CNC(=O)c1ccc(Nc2ncc(C(F)(F)F)c(NCc3ccccc3Cl)n2)cc1,6.833273944419949
CNC(=O)c1ccc(Nc2ncc(C(F)(F)F)c(Nc3ccccc3OC)n2)cc1,6.534914712442567
CNC(=O)c1ccc(Nc2ncc(C(F)(F)F)c(NCc3nccnc3N(C)S(C)(=O)=O)n2)cc1,6.563519304990505
Oc1cc(Nc2ccnc3cc(-c4ccccc4)ccc23)ccc1Cl,9.0
c1ccc(-c2ccc3c(Nc4ccc5scnc5c4)ccnc3c2)cc1,7.795880017344075
c1ccc(COc2cccc(-c3nc4sccn4c3-c3ccncn3)c2)cc1,6.1487416512809245
Nc1ncnc2c1c(-c1cccc(O)c1)cn2[C@H]1C[C@@H](CO)C1,6.823908740944319
Nc1ncnc2c1c(-c1cccc(O)c1)cn2C1CCCC1,7.236572006437063
CC(=O)N1CCN([C@H]2C[C@@H](n3cc(-c4cc(O)ccc4F)c4c(N)ncnc43)C2)CC1,5.107905397309519
CC(=O)N1CCN([C@H]2C[C@@H](n3cc(-c4cc(O)ccc4F)c4c(N)ncnc43)C2)CC1,5.060480747381382
CC(=O)N1CCN([C@H]2C[C@@H](n3cc(-c4cccc(O)c4)c4c(N)ncnc43)C2)CC1,5.0
CC(=O)N1CCN([C@H]2C[C@@H](n3cc(-c4ccccc4O)c4c(N)ncnc43)C2)CC1,5.0
CC(=O)N1CCN([C@H]2C[C@@H](n3cc(-c4ccc(O)cc4)c4c(N)ncnc43)C2)CC1,5.187086643357144
CC(=O)N1CCN([C@H]2C[C@@H](n3cc(-c4ccc(Cl)c(O)c4)c4c(N)ncnc43)C2)CC1,6.119186407719209
COc1cc(-c2cn([C@H]3C[C@@H](N4CCN(C(C)=O)CC4)C3)c3ncnc(N)c23)ccc1Cl,5.0
CC(=O)N1CCN([C@H]2C[C@@H](n3cc(-c4ccc(Cl)c(N)c4)c4c(N)ncnc43)C2)CC1,6.075720713938118
COC(=O)N[C@H]1CC[C@@H](n2cc(-c3ccc(Cl)c(N)c3)c3c(N)ncnc32)CC1,6.180456064458132
COC(=O)NC12CCC(n3cc(-c4ccc(Cl)c(N)c4)c4c(N)ncnc43)(CC1)CC2,6.356547323513812
COC(=O)NC12CCC(n3cc(-c4cc(N)c(Cl)cc4F)c4c(N)ncnc43)(CC1)CC2,6.096910013008056
COc1cc(OC)cc(N(CCNC(C)C)c2ccc3ncc(-c4cnn(C)c4)c(=O)n3c2)c1,7.841637507904751
CC(C)n1cc(C(=O)Nc2cc(F)c(-c3c[nH]c4ncnc(N)c34)cc2F)c(=O)c(-c2ccc(F)cc2)c1,6.0
CN1CCN(c2ccc(-c3cc4c(N5CCN(C(=O)Nc6ccc(Cl)c(C(F)(F)F)c6)CC5)ncnc4s3)cc2)CC1,5.0
CNC(=O)c1cc(Oc2ccc(NC(=O)Nc3ccc(Cl)c(C(F)(F)F)c3)cc2)ccn1,7.045757490560675
CNC(=O)c1cc(COc2nnc(Nc3ccc(Cl)cc3)c3ccoc23)ccn1,8.221848749616356
COc1cc2c(Oc3ccc4[nH]c(C)cc4c3F)ncnc2cc1OCCCN1CCCC1,9.0
Cc1ccc(Nc2nccc(N(C)c3ccc4c(C)n(C)nc4c3)n2)cc1S(N)(=O)=O,7.522878745280337
CNC(=O)c1cccc2cc(Oc3ccnc4cc(OCC5(N)CC5)c(OC)cc34)ccc12,7.6020599913279625
COc1cc2/c(=N/c3ccc(Br)cc3F)nc[nH]c2cc1OCC1CCN(C)CC1,7.3979400086720375
CC1(C)CNc2cc(NC(=O)c3cccnc3NCc3ccncc3)ccc21,8.522878745280337
COc1cc2nccc(Oc3ccc(NC(=O)NC4CC4)c(Cl)c3)c2cc1C(N)=O,8.397940008672037
Cc1n[nH]c2ccc(-c3cc(N[C@@H](CO)c4ccccc4)cnc3Cl)cc12,6.0
CNC(=O)c1cc(Oc2ccc(NC(=O)Nc3cccc(C(F)(F)F)c3)cc2)ccn1,8.397940008672037
O=C(Nc1ccc(Oc2ccncc2)cc1)Nc1cccc(C(F)(F)F)c1,7.698970004336019
O=C(Nc1ccc(Oc2ccncn2)cc1)Nc1cccc(C(F)(F)F)c1,7.301029995663981
O=C(Nc1ccc(Oc2ccnc3ccccc23)cc1)Nc1cccc(C(F)(F)F)c1,8.301029995663981
O=C(Nc1ccc(Oc2ncnc3ccccc23)cc1)Nc1cccc(C(F)(F)F)c1,6.494850021680094
COc1ccc2ncnc(Oc3ccc(NC(=O)Nc4cccc(C(F)(F)F)c4)cc3)c2c1,8.0
COc1cc2ncnc(Oc3ccc(NC(=O)Nc4cccc(C(F)(F)F)c4)cc3)c2cc1OC,8.698970004336019
Cc1cc(Oc2ccc(NC(=O)Nc3cccc(C(F)(F)F)c3)cc2)c2ccccc2n1,5.0
O=C(Nc1ccc(Oc2ccnc3[nH]ccc23)cc1)Nc1cccc(C(F)(F)F)c1,8.494850021680094
O=C(Nc1ccc(Oc2ncnc3[nH]ccc23)cc1)Nc1cccc(C(F)(F)F)c1,8.602059991327963
CNc1nccc(Oc2ccc(NC(=O)Nc3cccc(C(F)(F)F)c3)cc2)n1,7.494850021680094
CNc1cc(Oc2ccc(NC(=O)Nc3cccc(C(F)(F)F)c3)cc2)ncn1,7.6020599913279625
Nc1cc(Oc2ccc(NC(=O)Nc3cccc(C(F)(F)F)c3)cc2)ncn1,8.102372908709558
CN(C)c1cc(Oc2ccc(NC(=O)Nc3cccc(C(F)(F)F)c3)cc2)ncn1,5.6020599913279625
O=C(Nc1ccc(Oc2cc(O)ncn2)cc1)Nc1cccc(C(F)(F)F)c1,5.494850021680094
COc1cc(Oc2ccc(NC(=O)Nc3cccc(C(F)(F)F)c3)cc2)ncn1,6.3979400086720375
Cc1cc(Oc2ccc(NC(=O)Nc3cccc(C(F)(F)F)c3)cc2)ncn1,7.200659450546418
CCNc1cc(Oc2ccc(NC(=O)Nc3cccc(C(F)(F)F)c3)cc2)ncn1,7.795880017344075
CC(C)Nc1cc(Oc2ccc(NC(=O)Nc3cccc(C(F)(F)F)c3)cc2)ncn1,7.301029995663981
CCCNc1cc(Oc2ccc(NC(=O)Nc3cccc(C(F)(F)F)c3)cc2)ncn1,7.721246399047171
CC(C)CNc1cc(Oc2ccc(NC(=O)Nc3cccc(C(F)(F)F)c3)cc2)ncn1,6.494850021680094
O=C(Nc1ccc(Oc2cc(NCCO)ncn2)cc1)Nc1cccc(C(F)(F)F)c1,7.102372908709558
C[C@@H](O)CNc1cc(Oc2ccc(NC(=O)Nc3cccc(C(F)(F)F)c3)cc2)ncn1,6.698970004336019
C[C@H](O)CNc1cc(Oc2ccc(NC(=O)Nc3cccc(C(F)(F)F)c3)cc2)ncn1,6.494850021680094
CC(C)(O)CNc1cc(Oc2ccc(NC(=O)Nc3cccc(C(F)(F)F)c3)cc2)ncn1,6.494850021680094
CC(=O)Nc1cc(Oc2ccc(NC(=O)Nc3cccc(C(F)(F)F)c3)cc2)ncn1,8.886056647693163
O=C(O)Cc1cccc(Nc2cc(Oc3ccc(NC(=O)Nc4cccc(C(F)(F)F)c4)cc3)ncn2)c1,9.397940008672037
O=C(Nc1ccc(Oc2cc(Nc3cccc(CN4CCCC4)c3)ncn2)cc1)Nc1cccc(C(F)(F)F)c1,8.494850021680094
CNc1cc(Oc2ccc(NC(=O)Nc3ccccc3)cc2)ncn1,5.200659450546418
CNc1cc(Oc2ccc(NC(=O)Nc3cccc(C)c3)cc2)ncn1,6.096910013008056
CNc1cc(Oc2ccc(NC(=O)Nc3cccc(CF)c3)cc2)ncn1,6.3979400086720375
CNc1cc(Oc2ccc(NC(=O)Nc3cccc(C(F)F)c3)cc2)ncn1,6.886056647693163
CCc1cccc(NC(=O)Nc2ccc(Oc3cc(NC)ncn3)cc2)c1,6.886056647693163
CNc1cc(Oc2ccc(NC(=O)Nc3cccc(C(C)F)c3)cc2)ncn1,7.102372908709558
CNc1cc(Oc2ccc(NC(=O)Nc3cccc(C(C)(F)F)c3)cc2)ncn1,7.3979400086720375
CNc1cc(Oc2ccc(NC(=O)Nc3cccc(C(C)(C)C)c3)cc2)ncn1,7.6020599913279625
CNc1cc(Oc2ccc(NC(=O)Nc3cccc(C(F)(F)F)c3)cc2F)ncn1,7.795880017344075
CNc1cc(Oc2ccc(NC(=O)Nc3cccc(C(F)(F)F)c3)c(F)c2)ncn1,8.200659450546418
CNc1cc(Oc2ccc(NC(=O)Nc3cccc(C(F)(F)F)c3)c(F)c2F)ncn1,8.602059991327963
CNc1cc(Oc2ccc(NC(=O)Nc3cccc(C(F)(F)F)c3)cc2Cl)ncn1,7.301029995663981
CNc1cc(Oc2ccc(NC(=O)Nc3cccc(C(F)(F)F)c3)c3ccccc23)ncn1,7.886056647693163
CNc1cc(Oc2c(C)cc(NC(=O)Nc3cccc(C(F)(F)F)c3)c3ccccc23)ncn1,6.795880017344075
CNc1cc(Oc2ccc(NC(=O)Nc3cccc(C(F)(F)F)c3)cc2C)ncn1,7.200659450546418
CNc1cc(Oc2c(C)cc(NC(=O)Nc3cccc(C(F)(F)F)c3)cc2C)ncn1,6.0
CNc1cc(Oc2cc(C)c(NC(=O)Nc3cccc(C(F)(F)F)c3)cc2C)ncn1,5.698970004336019
CNc1cc(Oc2c(Cl)cc(NC(=O)Nc3cccc(C(F)(F)F)c3)cc2Cl)ncn1,6.3979400086720375
CNc1cc(Oc2c(F)cc(NC(=O)Nc3cccc(C(F)(F)F)c3)cc2F)ncn1,7.301029995663981
CNc1cc(Oc2c(C)cc(NC(=O)Nc3cccc(C(F)(F)F)c3)cc2Cl)ncn1,6.3979400086720375
CCc1cc(NC(=O)Nc2cccc(C(F)(F)F)c2)cc(Cl)c1Oc1cc(NC)ncn1,5.6020599913279625
CNC(=O)c1cc(Oc2ccc(NC(=O)Nc3ccc(Cl)c(C(F)(F)F)c3)cc2)ccn1,7.045757490560675
CN(C)c1ccc2c(Oc3ccc(NC(=O)NCc4ccc(C(F)(F)F)nc4)cc3)ncnc2c1,5.045757490560675
CN1C(=O)[C@@H](N2CCc3cn(Cc4ccccc4)nc3C2=O)COc2ccccc21,6.0
CN1C(=O)[C@@H](N2CCc3c(nn(Cc4ccccc4)c3Br)C2=O)COc2ccccc21,6.0
CN1C(=O)[C@@H](N2CCc3cn(CC4CCS(=O)(=O)CC4)nc3C2=O)COc2ccccc21,6.0
Cc1ccc(C(=O)Nc2ccc3c(c2)C(F)(F)C[C@@H]3N2CCN(C)CC2)cc1C#Cc1cnc2cccnn12,8.0
COc1cc(-c2ccc(O)cc2)cc2cnc(N)nc12,6.399996913372259
CCc1c(-c2cc(OC)c3nc(N)ncc3c2)ccc(O)c1F,5.59999938302362
CCc1cc(O)c(F)cc1-c1cc(OC)c2nc(N)ncc2c1,5.700000503883016
CCc1cc(O)c(F)cc1-c1cc(NC2CCN(C(C)=O)CC2)c2nc(N)ncc2c1,6.199998172182031
CCc1cc(O)c(F)cc1-c1cc(NCCO)c2nc(N)ncc2c1,5.800000874803203
CCc1cc(O)c(F)cc1-c1cc(N(C)CCO)c2nc(N)ncc2c1,5.899998417198648
CCc1cc(O)c(F)cc1-c1cc(NCCCO)c2nc(N)ncc2c1,6.0
CCc1cc(O)c(F)cc1-c1cc(N[C@@H](C)CO)c2nc(N)ncc2c1,6.199998172182031
CCc1cc(O)c(F)cc1-c1cc(N[C@H](C)CO)c2nc(N)ncc2c1,5.899998417198648
CCc1cc(O)c(F)cc1-c1cc(NC[C@H](C)O)c2nc(N)ncc2c1,6.199998172182031
CCc1cc(O)c(F)cc1-c1cc(NC[C@@H](C)O)c2nc(N)ncc2c1,7.100015437450609
CCc1cc(O)c(F)cc1-c1cc(NC(CO)CO)c2nc(N)ncc2c1,5.899998417198648
CCc1cc(O)c(F)cc1-c1cc(NCCNC)c2nc(N)ncc2c1,5.59999938302362
CCc1cc(O)c(F)cc1-c1cc(NC2CCN(C)CC2)c2nc(N)ncc2c1,6.199998172182031
CCc1cc(O)c(F)cc1-c1cc(NCC2CCN(C)CC2)c2nc(N)ncc2c1,6.199998172182031
CCc1cc(O)c(F)cc1-c1cc(N[C@@H]2CCCN(C)C2)c2nc(N)ncc2c1,6.299997602857746
CCc1cc(O)c(F)cc1-c1cc(N[C@H]2CCCN(C)C2)c2nc(N)ncc2c1,6.699991797446187
CCc1cc(O)c(F)cc1-c1cc(N[C@H]2C[C@H]3CC[C@@H](C2)N3)c2nc(N)ncc2c1,6.900008766455316
CCc1cc(O)c(F)cc1-c1cc(N[C@@H]2C[C@H]3CC[C@@H](C2)N3)c2nc(N)ncc2c1,6.0
CCc1cc(O)c(F)cc1-c1cc(N[C@@H](C)CO)c2nc(NCCCN(C)C)ncc2c1,6.0999990348465305
CCc1cc(O)c(F)cc1-c1cc(N[C@@H](C)CO)c2nc(NCCOCCN(C)C)ncc2c1,6.0
CCc1cc(O)c(F)cc1-c1cc(N[C@@H](C)CO)c2nc(NCCCCCN(C)C)ncc2c1,7.0
CNC(=O)c1cc(Oc2ccc(NC(=O)Nc3ccc(Cl)c(C(F)(F)F)c3)cc2)ccn1,6.94692155651658
O=C(/C=C/c1ccc(NC(=O)Nc2ccc(Cl)c(C(F)(F)F)c2)cc1)NO,4.87942606879415
O=C(Nc1ccc2c(c1)CCCN2c1ccc(C(=O)NO)cc1)Nc1ccc(Cl)c(C(F)(F)F)c1,4.87942606879415
CN[C@@H]1C[C@H]2O[C@@](C)([C@@H]1OC)n1c3ccccc3c3c4c(c5c6ccccc6n2c5c31)C(=O)NC4,7.492144128304169
COc1ccc2[nH]c3c(c2c1)C(=O)NCCC3,5.096910013008056
COc1ccc2[nH]c3c(c2c1)CNCCC3,4.698970004336019
COc1ccc2[nH]c3c(c2c1)CN(C(C)=O)CCC3,5.221848749616356
COc1ccc2[nH]c3c(c2c1)CN(C(=O)Cc1ccccc1)CCC3,4.698970004336019
COc1ccc2[nH]c3c(c2c1)CN(C(=O)CC(C)C)CCC3,4.698970004336019
COc1ccc2[nH]c3c(c2c1)CN(C(=O)CN1CCOCC1)CCC3,4.698970004336019
COc1ccc2[nH]c3c(c2c1)CN(C(=O)Cc1ccncc1)CCC3,4.698970004336019
COc1ccc2[nH]c3c(c2c1)CN(C(=O)CCN1CCOCC1)CCC3,5.096910013008056
COc1ccc2[nH]c3c(c2c1)CN(C(=O)Cc1ccccn1)CCC3,6.154901959985743
CC[C@H]1C[C@H]2C[N@]3CCc4c([nH]c5ccc(OC)cc45)[C@](C(=O)OC)(C2)[C@H]13,5.0
O=C1Nc2cc(Br)ccc2/C1=C\c1cc2c([nH]1)CCCC2,7.3979400086720375
Cc1cn([C@H](C)CC#N)c(=O)c2cc(Cn3nc(C(F)F)cc3Cl)nn12,5.0
COc1cc(CCc2cc(-c3nc4ccc(-c5ccc(N6CCOCC6)cc5)cc4[nH]3)n[nH]2)cc(OC)c1,4.823908740944319
COc1cc(CCc2cc(-c3nc4ccc(-c5cccc(CN6CCOCC6)c5)cc4[nH]3)n[nH]2)cc(OC)c1,6.111483538925055
COc1cc(CCc2cc(-c3nc4ccc(-c5ccc(C(=O)N6CCOCC6)cc5)cc4[nH]3)n[nH]2)cc(OC)c1,6.6399749108106025
COc1cc(CCc2cc(-c3nc4ccc(-c5ccc(N6CCOCC6)nc5)cc4[nH]3)n[nH]2)cc(OC)c1,5.701146923590294
COc1cc(CCc2cc(-c3nc4ccc(-c5cnn(CCN6CCOCC6)c5)cc4[nH]3)n[nH]2)cc(OC)c1,5.328641996556509
COc1cc(CCc2cc(-c3nc4ccc(C(=O)N5CCOCC5)cc4[nH]3)n[nH]2)cc(OC)c1,7.943095148663527
COc1cc(CCc2cc(-c3nc4ccc(C(=O)N5CCN(C)CC5)cc4[nH]3)n[nH]2)cc(OC)c1,7.100891141806601
CCN1CCN(C(=O)c2ccc3nc(-c4cc(CCc5cc(OC)cc(OC)c5)[nH]n4)[nH]c3c2)CC1,7.047691990337875
COc1cc(CCc2cc(-c3nc4ccc(C(=O)NCCN5CCOCC5)cc4[nH]3)n[nH]2)cc(OC)c1,7.081288334617678
COc1cc(CCc2cc(-c3nc4ccc(C(=O)NC5CCOCC5)cc4[nH]3)n[nH]2)cc(OC)c1,7.152674169214577
COc1cc(CCc2cc(-c3nc4ccc(CN5CCOCC5)cc4[nH]3)n[nH]2)cc(OC)c1,7.188090019579901
COc1cc(CCc2cc(-c3nc4ccc(CN5CCN(C)CC5)cc4[nH]3)n[nH]2)cc(OC)c1,7.200039472594017
COc1cc(CCc2cc(-c3nc4ccc(CN5C[C@@H](C)N[C@@H](C)C5)cc4[nH]3)n[nH]2)cc(OC)c1,6.801342913045577
COc1cc(CCc2cc(-c3nc4ccc(CN5CCC(N6CCN(C)CC6)CC5)cc4[nH]3)n[nH]2)cc(OC)c1,7.253132372149571
COc1cc(CCc2cc(-c3nc4ccc(CN5CCC(N6CCNCC6)CC5)cc4[nH]3)n[nH]2)cc(OC)c1,7.220547816595938
COc1cc(CCc2cc(-c3nc4ccc(N5CCOCC5)cc4[nH]3)n[nH]2)cc(OC)c1,7.274741933640039
COc1cc(CCc2cc(-c3nc4ccc(N5CCN(C)CC5)cc4[nH]3)n[nH]2)cc(OC)c1,7.178748568454059
COc1cc(CCc2cc(-c3nc4ccc(N5C[C@@H](C)N[C@@H](C)C5)cc4[nH]3)n[nH]2)cc(OC)c1,6.801342913045577
COc1cc(CCc2cc(-c3nc4ccc(N5C[C@@H](C)O[C@@H](C)C5)cc4[nH]3)n[nH]2)cc(OC)c1,6.837137006678074
COc1cc(CCc2cc(-c3nc4cc(F)c(N5CCOCC5)cc4[nH]3)n[nH]2)cc(OC)c1,6.923723744595782
COc1cc(CCc2cc(-c3nc4cc(F)c(N5C[C@@H](C)O[C@@H](C)C5)cc4[nH]3)n[nH]2)cc(OC)c1,6.5210008683266425
COc1cc(CCc2cc(-c3nc4cc(F)c(N5CCN(C)CC5)cc4[nH]3)n[nH]2)cc(OC)c1,6.390192230671298
COc1cc(OC)c(Cl)c(CCc2cc(-c3nc4ccc(N5CCN(C)CC5)cc4[nH]3)n[nH]2)c1Cl,7.424465781680135
COc1cc(OC)c(Cl)c(CCc2cc(-c3nc4ccc(CN5CCN(C)CC5)cc4[nH]3)n[nH]2)c1Cl,7.364918563989127
COc1cc(CCc2cc(NC(=O)c3ccc(N4C[C@@H](C)N[C@@H](C)C4)cc3)n[nH]2)cc(OC)c1,7.619788758288394
COC(=O)Nc1nc2cc(C(=O)c3ccccc3)ccc2[nH]1,5.366531544420414
COc1cc2nccc(Oc3ccc(NC(=O)C4(C(=O)Nc5ccc(F)cc5)CC4)cc3)c2cc1OC,10.455931955649724
O=C(Nc1ccc(-c2ccc(=O)[nH]n2)cc1)Nc1ccc(Cl)c(C(F)(F)F)c1,8.886056647693163
COc1ccc(Nc2ccc(NC(=O)Nc3ccc(Cl)c(C(F)(F)F)c3)cc2)nn1,8.853871964321762
O=C(Nc1ccc(Oc2ccc(=O)[nH]n2)cc1)Nc1ccc(Cl)c(C(F)(F)F)c1,7.2168113089247425
CNC(=O)c1cc(Oc2ccc(NC(=O)c3nn(-c4ccc(Cl)cc4)cc(C)c3=O)cc2)ccn1,9.920818753952375
CNC(=O)c1cc(Oc2ccc(NC(=O)Nc3ccc(Cl)c(C(F)(F)F)c3)cc2)ccn1,10.221848749616356
O=C(Nc1ccc(Oc2nnc(Cl)c3ccccc23)cc1)Nc1ccc(Cl)c(C(F)(F)F)c1,5.6020599913279625
CN(C)c1ccc(/C=N/NC(=O)Cn2nc(Cc3ccc(Cl)cc3)c3ccccc3c2=O)cc1,10.638272163982407
S=C(NNc1nn2cnnc2c2ccccc12)Nc1ccccc1,6.040958607678906
O=C(NNc1nn2cnnc2c2ccccc12)NC1CCCCC1,6.958607314841775
O=C(NNc1nn2cnnc2c2ccccc12)Nc1ccccc1,6.508638306165727
FC(F)(F)c1ccc(CNc2ccc(Cc3c[nH]c4ncc(Cl)cc34)cn2)cn1,5.823908740944319
Cc1nc(-c2cnc(N(C)C)[nH]c2=O)ccc1Oc1ccnc(-c2cnn(C)c2)c1,5.481486060122113
Cc1nc(-c2cnc(N3CCCC3)[nH]c2=O)ccc1Oc1ccnc(-c2cnn(C)c2)c1,5.823908740944319
Cc1cc(-c2cnc(N3CCCC3)[nH]c2=O)ncc1Oc1ccnc(-c2cnn(C)c2)c1,5.481486060122113
Cc1nc(-c2cnc(N3CCCCC3)[nH]c2=O)ccc1Oc1ccnc(-c2cnn(C)c2)c1,5.481486060122113
Cc1nc(-c2cnc(N3CCOCC3)[nH]c2=O)ccc1Oc1ccnc(-c2cnn(C)c2)c1,5.481486060122113
CNc1ncc(-c2ccc(Oc3ccnc(-c4cnn(C)c4)c3)c(C)n2)c(=O)[nH]1,5.481486060122113
CCNc1ncc(-c2ccc(Oc3ccnc(-c4cnn(C)c4)c3)c(C)n2)c(=O)[nH]1,5.481486060122113
CCNc1ncc(-c2ccc(Oc3ccnc(-c4cnn(C)c4)c3)cn2)c(=O)[nH]1,5.481486060122113
Cc1nc(-c2cnc(NC(C)C)[nH]c2=O)ccc1Oc1ccnc(-c2cnn(C)c2)c1,5.853871964321762
Cc1nc(-c2cnc(NC3CC3)[nH]c2=O)ccc1Oc1ccnc(-c2cnn(C)c2)c1,5.481486060122113
Cc1nc(-c2cnc(NC3CCCC3)[nH]c2=O)ccc1Oc1ccnc(-c2cnn(C)c2)c1,5.481486060122113
Cc1nc(-c2cnc(NC3CCOCC3)[nH]c2=O)ccc1Oc1ccnc(-c2cnn(C)c2)c1,5.481486060122113
CCNc1ncc(-c2ccc(Oc3ccnc(-c4ccc(C)nc4)c3)c(C)n2)c(=O)[nH]1,5.481486060122113
CCNc1ncc(-c2ccc(Oc3ccnc(-n4cnc(C)c4)c3)c(C)n2)c(=O)[nH]1,5.481486060122113
CCn1cc(-c2cc(Oc3ccc(-c4cnc(NC(C)C)[nH]c4=O)nc3C)ccn2)cn1,5.481486060122113
CNC(=O)c1cc(Oc2ccc(-c3cnc(NC(C)C)[nH]c3=O)nc2)ccn1,5.481486060122113
CC(=O)Nc1cc(Oc2ccc(-c3cnc(NC(C)C)[nH]c3=O)nc2C)ccn1,5.481486060122113
Cn1cc(-c2cc(Oc3ccc(NC(=O)NC(=O)Cc4ccc(F)cc4)cc3F)ccn2)cn1,5.481486060122113
Cn1cc(-c2cc(Oc3ccc(NC(=O)NC(=O)Cc4ccc(F)cc4)nc3)ccn2)cn1,5.619788758288394
Cc1nc(NC(=O)NC(=O)Cc2ccc(F)cc2)ccc1Oc1ccnc(-c2cnn(C)c2)c1,5.481486060122113
Cc1cc(NC(=O)NC(=O)Cc2ccc(F)cc2)ncc1Oc1ccnc(-c2cnn(C)c2)c1,5.795880017344075
Cc1nc(NC(=O)NC(=O)CC2CCCCC2)ccc1Oc1ccnc(-c2cnn(C)c2)c1,5.481486060122113
Cc1nc(NC(=O)NC(=O)C2CCCCC2)ccc1Oc1ccnc(-c2cnn(C)c2)c1,5.481486060122113
Cc1nc(NC(=O)NC(=O)C2CCCC2)ccc1Oc1ccnc(-c2cnn(C)c2)c1,5.481486060122113
Cc1nc(NC(=O)NC(=O)C2CCC2)ccc1Oc1ccnc(-c2cnn(C)c2)c1,5.481486060122113
Cc1nc(NC(=O)NC(=O)C2(C)CC2)ccc1Oc1ccnc(-c2cnn(C)c2)c1,5.481486060122113
Cc1nc(NC(=O)NC(=O)C(C)(C)C)ccc1Oc1ccnc(-c2cnn(C)c2)c1,5.481486060122113
Cc1nc(NC(=O)NC(=O)C(C)C)ccc1Oc1ccnc(-c2cnn(C)c2)c1,5.481486060122113
CCC(=O)NC(=O)Nc1ccc(Oc2ccnc(-c3cnn(C)c3)c2)c(C)n1,5.481486060122113
CCc1nc(NC(=O)NC(=O)C(C)(C)C)ccc1Oc1ccnc(-c2cnn(C)c2)c1,5.481486060122113
Cc1nc(NC(=O)NC(=O)CC2CCOCC2)ccc1Oc1ccnc(-c2cnn(C)c2)c1,5.481486060122113
Cc1nc(NC(=O)NC(=O)C2CCOCC2)ccc1Oc1ccnc(-c2cnn(C)c2)c1,5.481486060122113
Cc1nc(NC(=O)NC(=O)C2(C)CCOCC2)ccc1Oc1ccnc(-c2cnn(C)c2)c1,5.481486060122113
Cc1nc(NC(=O)NC(=O)C2CCOC2)ccc1Oc1ccnc(-c2cnn(C)c2)c1,5.481486060122113
COC1(C(=O)NC(=O)Nc2ccc(Oc3ccnc(-c4cnn(C)c4)c3)c(C)n2)CC1,5.481486060122113
COC(C)(C)C(=O)NC(=O)Nc1ccc(Oc2ccnc(-c3cnn(C)c3)c2)c(C)n1,5.481486060122113
COCC(=O)NC(=O)Nc1ccc(Oc2ccnc(-c3cnn(C)c3)c2)c(C)n1,5.481486060122113
COC(C)(C)C(=O)NC(=O)Nc1ccc(Oc2ccnc(-c3ccc(C)nc3)c2)c(C)n1,5.481486060122113
COC(C)(C)C(=O)NC(=O)Nc1ccc(Oc2ccnc(-c3ccnc(C)c3)c2)c(C)n1,5.481486060122113
COC(C)(C)C(=O)NC(=O)Nc1ccc(Oc2ccnc(-c3cnc(C)s3)c2)c(C)n1,5.481486060122113
COC(C)(C)C(=O)NC(=O)Nc1ccc(Oc2ccnc(-c3cc(C)no3)c2)c(C)n1,5.481486060122113
FC(F)(F)c1ccc(CNc2ccc(Cc3c[nH]c4ncc(Cl)cc34)cn2)cn1,5.823908740944319
Cc1ccc(C(=O)Nc2ccc(CN3CCN(C)CC3)c(C(F)(F)F)c2)cc1C#Cc1cnc2cccnn12,8.823908740944319
[Cl-].c1ccc(CCCn2c3ccccc3c3ccn4c[n+](-c5ccccc5)cc4c32)cc1,5.657577319177793
FC(F)(F)c1ccc(-[n+]2cc3c4c(ccn3c2)c2ccccc2n4Cc2ccccc2)cc1.[Cl-],5.886056647693163
Fc1c(F)c(F)c(Cn2c3ccccc3c3ccn4c[n+](-c5ccc(C(F)(F)F)cc5)cc4c32)c(F)c1F.[Cl-],6.045757490560675
FC(F)(F)c1ccc(-[n+]2cc3c4c(ccn3c2)c2ccccc2n4CCCc2ccccc2)cc1.[Cl-],6.096910013008056
CN(C)c1ccc(-[n+]2cc3c4c(ccn3c2)c2ccccc2n4C)cc1.[Cl-],5.853871964321762
Clc1ccc(-[n+]2cc3c4c(ccn3c2)c2ccccc2n4CCCc2ccccc2)c(Cl)c1.[Cl-],5.443697499232712
COc1ccc(-[n+]2cc3c4c(ccn3c2)c2ccccc2n4CCCc2ccccc2)cc1.[Cl-],6.0
CNC(=O)c1cc(Oc2ccc(NC(=O)Nc3ccc(Cl)c(C(F)(F)F)c3)cc2)ccn1,7.045757490560675
CNC(=O)c1cc(Oc2ccc(NC(=O)Nc3ccc(Cl)c(C(F)(F)F)c3)cc2)ccn1,8.494850021680094
COc1ccc(Nc2nc3ccc(NC(=O)Nc4ccccc4)cc3[nH]c2=O)cc1,4.987162775294828
COc1ccc(Nc2nc3ccc(NC(=O)c4ccccc4C(=O)O)cc3[nH]c2=O)cc1,4.209011524911184
O=C(Cn1c(=O)c2nncn2c2ccccc21)Nc1ccc(C(=O)Nc2ccc(Cl)cc2)cc1,8.468521082957745
O=C(Cn1c(=O)c2nncn2c2ccccc21)Nc1ccc(C(=O)Nc2cc(Cl)ccc2Cl)cc1,8.318758762624412
Cc1ccc(O)c(NC(=O)c2ccc(NC(=O)Cn3c(=O)c4nncn4c4ccccc43)cc2)c1,8.4089353929735
COc1cc2c(cc1F)C(c1ccccc1Cl)=Nc1c(n[nH]c1C)N2,8.0
NC(=O)c1ccc(COc2ccc(-n3cc4cccc(C(N)=O)c4n3)cc2)cc1,8.22767829327708
NC(=O)/C=C/c1ccc(COc2ccc(-n3cc4cccc(C(N)=O)c4n3)cc2)cc1,8.468521082957745
CC1(C)c2cc(OCCN3CCOCC3)ccc2C(=O)c2c1oc1cc(C#Cc3cc(OCC4CC4)ccn3)ccc21,6.120904120499927
CC1(COc2ccnc(C#Cc3ccc4c5c(oc4c3)C(C)(C)c3cc(OCCN4CCOCC4)ccc3C5=O)c2)CC1,6.376750709602099
CC1(C)c2cc(OCCN3CCOCC3)ccc2C(=O)c2c1oc1cc(C#Cc3cc(OCC4CCC4)ccn3)ccc21,6.767003889607846
CC1(C)c2cc(OCCN3CCOCC3)ccc2C(=O)c2c1oc1cc(C#Cc3cc(OCCC4CC4)ccn3)ccc21,6.309803919971486
CC1(C)c2cc(OCCN3CCOCC3)ccc2C(=O)c2c1oc1cc(C#Cc3cc(OCC(F)(F)F)ccn3)ccc21,6.0
CC1(C)c2cc(OCCN3CCOCC3)ccc2C(=O)c2c1oc1cc(C#Cc3cc(OCC4(CO)CC4)ccn3)ccc21,6.017728766960431
COCCOc1ccnc(C#Cc2ccc3c4c(oc3c2)C(C)(C)c2cc(OCCN3CCOCC3)ccc2C4=O)c1,6.0
CC1(C)c2cc(OCCN3CCOCC3)ccc2C(=O)c2c1oc1cc(C#Cc3cc(C(=O)NC4CC4)ccn3)ccc21,6.0
CC1(C)c2cc(OCCN3C4CCC3COC4)ccc2C(=O)c2c1oc1cc(C#Cc3cc(OCC4CC4)ccn3)ccc21,6.0
CC1(C)c2cc(OCCN3CCCOCC3)ccc2C(=O)c2c1oc1cc(C#Cc3cc(OCC4CC4)ccn3)ccc21,6.017728766960431
CC1(C)c2cc(OCCN3CC4(COC4)C3)ccc2C(=O)c2c1oc1cc(C#Cc3cc(OCC4CC4)ccn3)ccc21,6.301029995663981
CC1(C)c2cc(OCCN3CCNC(=O)C3)ccc2C(=O)c2c1oc1cc(C#Cc3cc(OCC4CC4)ccn3)ccc21,6.384049948343599
CC1(C)NC(=O)N(CCOc2ccc3c(c2)C(C)(C)c2oc4cc(C#Cc5cc(OCC6CC6)ccn5)ccc4c2C3=O)C1=O,6.0
CC1(C)c2cc(N3CCOCC3)ccc2C(=O)c2c1oc1cc(C#Cc3cc(OCC4CC4)ccn3)ccc21,6.161150909262744
CC1(C)c2cc(N3CC4(COC4)C3)ccc2C(=O)c2c1oc1cc(C#Cc3cc(OCC4CC4)ccn3)ccc21,6.366531544420414
CC1(C)c2cc(N3CCNC(=O)C3)ccc2C(=O)c2c1oc1cc(C#Cc3cc(OCC4CC4)ccn3)ccc21,6.5376020021010435
CC1(C)c2cc(NS(C)(=O)=O)ccc2C(=O)c2c1oc1cc(C#Cc3cc(OCC4CC4)ccn3)ccc21,6.0
CC1(C)c2cc(NS(C)(=O)=O)ccc2C(=O)c2c1oc1cc(C#Cc3cc(OCC(F)(F)F)ccn3)ccc21,6.001304841688344
CC1(C)c2cc(NS(C)(=O)=O)ccc2C(=O)c2c1oc1cc(C#Cc3cc(C(=O)NC4CC4)ccn3)ccc21,6.0
CC(C)(C)NC(=O)c1ccnc(C#Cc2ccc3c4c(oc3c2)C(C)(C)c2cc(NS(C)(=O)=O)ccc2C4=O)c1,6.221848749616356
Cc1cc(C(=O)NC(C)(C)C)cc(C#Cc2ccc3c4c(oc3c2)C(C)(C)c2cc(NS(C)(=O)=O)ccc2C4=O)n1,6.0
Cc1cnc(C#Cc2ccc3c4c(oc3c2)C(C)(C)c2cc(NS(C)(=O)=O)ccc2C4=O)cc1C(=O)NC(C)(C)C,6.0
Cc1c(C(=O)NC(C)(C)C)ccnc1C#Cc1ccc2c3c(oc2c1)C(C)(C)c1cc(NS(C)(=O)=O)ccc1C3=O,6.0
CCc1cc(C(=O)NC(C)(C)C)cc(C#Cc2ccc3c4c(oc3c2)C(C)(C)c2cc(NS(C)(=O)=O)ccc2C4=O)n1,6.0
CCCc1cc(C(=O)NC(C)(C)C)cc(C#Cc2ccc3c4c(oc3c2)C(C)(C)c2cc(NS(C)(=O)=O)ccc2C4=O)n1,6.0
CC(C)(C)NC(=O)c1cc(C#Cc2ccc3c4c(oc3c2)C(C)(C)c2cc(NS(C)(=O)=O)ccc2C4=O)nc(C(F)(F)F)c1,6.0
CC(C)(C)NC(=O)c1cc(Cl)nc(C#Cc2ccc3c4c(oc3c2)C(C)(C)c2cc(NS(C)(=O)=O)ccc2C4=O)c1,6.0
CC(C)(C)NC(=O)c1cc(C#N)nc(C#Cc2ccc3c4c(oc3c2)C(C)(C)c2cc(NS(C)(=O)=O)ccc2C4=O)c1,6.0
O=C1NC(=O)/C(=C\c2ccc(OCC(=O)N3N=C(c4ccc(F)cc4)CC3c3ccco3)cc2)S1,5.301029995663981
CN[C@@H]1C[C@H]2O[C@@](C)([C@@H]1OC)n1c3ccccc3c3c4c(c5c6ccccc6n2c5c31)C(=O)NC4,6.301029995663981
C[C@H](CO)Nc1nc(Nc2ccc(S(N)(=O)=O)cc2)ncc1Br,7.468521082957745
C[C@@H](O)[C@@H](C)Oc1nc(Nc2ccc(S(=N)(=O)C3CC3)cc2)ncc1C(F)(F)F,6.787812395596042
C=CC(=O)Nc1cc2c(cc1OCCNC(=O)CN(C)C)NCN=C2Nc1ccc(Br)cc1F,6.987162775294828
COc1cc2c(cc1OC)C(Oc1cccc(NC(=S)Nc3ccc(Cl)c(C(F)(F)F)c3)c1)=NCN2,7.301029995663981
COc1cc2c(cc1OC)C(Sc1cccc(NC(=S)Nc3ccc(Br)c(C(F)(F)F)c3)c1)=NCN2,7.096910013008056
O=S1(=O)N=C(NCc2ccc(OC(F)(F)F)cc2)Nc2cc(Cl)ccc21,3.8544928285903373
CNC(=O)c1cc(Oc2ccc(NC(=O)Nc3ccc(Cl)c(C(F)(F)F)c3)c(F)c2)ccn1,8.397940008672037
COc1cc(-c2nc3ccccc3s2)ccc1OCC(=O)NNC(O)CN(C)CC(=O)O,6.260427655549908
CC[C@H](C)[C@H](NCC(=O)NNC(=O)COc1ccc(-c2nc3ccccc3s2)cc1OC)C(=O)O,6.394694953858891
CC[C@H](C)[C@@H](NCC(=O)NNC(=O)COc1ccc(-c2nc3ccccc3s2)cc1OC)C(=O)O,6.313363730737707
COc1cc(-c2nc3ccccc3s2)ccc1OCC(=O)NNC(=O)CN[C@@H](CS)C(=O)O,6.153662887870195
COc1cc(-c2nc3ccccc3s2)ccc1OCC(=O)NNC(=O)CN(C(C)=O)[C@@H](CS)C(=O)O,6.416801226031377
COc1cc(-c2nc3ccccc3s2)ccc1OCC(=O)NNC(=O)CN[C@@H](CS(=O)(=O)O)C(=O)O,6.302770657240282
COc1cc(-c2nc3ccccc3s2)ccc1OCC(=O)NNC(=O)CN[C@@H](CCSC)C(=O)O,6.510041520575165
COc1cc(-c2nc3ccccc3s2)ccc1OCC(=O)NNC(=O)CNC(=N)NCCC[C@H](N[N+](=O)[O-])C(=O)O,6.3851027839668655
COc1cc(-c2nc3ccccc3s2)ccc1OCC(=O)NNC(=O)CN1CCC[C@H]1C(=O)O,6.72584215073632
COc1cc(-c2nc3ccccc3s2)ccc1OCC(=O)NNC(=O)CN[C@@H](Cc1c[nH]cn1)C(=O)O,6.767003889607846
COc1cc(-c2nc3ccccc3s2)ccc1OCC(=O)NNC(=O)CN[C@@H](Cc1c[nH]c2ccccc12)C(=O)O,6.790484985457369
CCOC(=O)CN(C)CC(=O)NNC(=O)COc1ccc(-c2nc3ccccc3s2)cc1OC,6.261219441515631
CCOC(=O)[C@@H](NCC(=O)NNC(=O)COc1ccc(-c2nc3ccccc3s2)cc1OC)[C@@H](C)CC,6.623423042943488
CCOC(=O)[C@H](NCC(=O)NNC(=O)COc1ccc(-c2nc3ccccc3s2)cc1OC)[C@@H](C)CC,6.3851027839668655
CCOC(=O)[C@H](CS)NCC(=O)NNC(=O)COc1ccc(-c2nc3ccccc3s2)cc1OC,6.127843727251707
CCOC(=O)[C@H](CS)N(CC(=O)NNC(=O)COc1ccc(-c2nc3ccccc3s2)cc1OC)C(C)=O,6.260427655549908
CCOC(=O)[C@H](CS(=O)(=O)O)NCC(=O)NNC(=O)COc1ccc(-c2nc3ccccc3s2)cc1OC,6.236572006437063
CCOC(=O)[C@H](CCSC)NCC(=O)NNC(=O)COc1ccc(-c2nc3ccccc3s2)cc1OC,6.432973633840939
CCOC(=O)[C@H](CCCNC(=N)NCC(=O)NNC(=O)COc1ccc(-c2nc3ccccc3s2)cc1OC)N[N+](=O)[O-],6.530177984021837
CCOC(=O)[C@@H]1CCCN1CC(=O)NNC(=O)COc1ccc(-c2nc3ccccc3s2)cc1OC,6.787812395596042
CCOC(=O)[C@H](Cc1c[nH]cn1)NCC(=O)NNC(=O)COc1ccc(-c2nc3ccccc3s2)cc1OC,6.818156412055227
CCOC(=O)[C@H](Cc1c[nH]c2ccccc12)NCC(=O)NNC(=O)COc1ccc(-c2nc3ccccc3s2)cc1OC,6.749579997691106
CNC(=O)c1cc(Oc2ccc(NC(=O)Nc3ccc(Cl)c(C(F)(F)F)c3)cc2)ccn1,6.920818753952375
Cc1cc2c(F)c(Oc3ccnc(Nc4cccc(S(N)(=O)=O)c4)n3)ccc2[nH]1,8.045757490560675
Cc1cc2c(F)c(Oc3ccnc(Nc4ccc(S(N)(=O)=O)cc4)n3)ccc2[nH]1,7.508638306165727
Cc1cc2c(F)c(Oc3cc(Nc4ccc(S(N)(=O)=O)cc4)ncn3)ccc2[nH]1,7.393618634889395
Cc1cc2c(F)c(Oc3cc(Nc4cc(CS(C)(=O)=O)ccc4C)ncn3)ccc2[nH]1,7.076755981369724
COc1ccc(S(N)(=O)=O)cc1Nc1cc(Oc2ccc3[nH]c(C)cc3c2F)ncn1,7.987162775294828
Cc1cc2c(F)c(Oc3cc(Nc4cccc(CS(C)(=O)=O)c4)ncn3)ccc2[nH]1,8.42021640338319
Cc1cc2c(F)c(Oc3cc(Nc4ccc(CS(C)(=O)=O)cc4)ncn3)ccc2[nH]1,8.148741651280925
Cc1cc2c(F)c(Oc3cc(Nc4cccc([N+](=O)[O-])c4)ncn3)ccc2[nH]1,7.671620396561262
COc1ccc(Nc2cc(Oc3ccc4[nH]c(C)cc4c3F)ncn2)cc1OC,8.309803919971486
c1ccc2c(-c3cncc(-c4ccsc4)c3)c[nH]c2c1,6.899629454882437
CN1CCN(CCCn2cc(-c3cncc(-c4ccsc4)c3)c3ccccc32)CC1,7.795880017344075
c1ccc2c(c1)c(-c1cncc(-c3ccsc3)c1)cn2CCCN1CCCCC1,7.42021640338319
CN(C)CCCn1cc(-c2cncc(-c3ccsc3)c2)c2ccccc21,7.1938200260161125
c1ccc2c(c1)c(-c1cncc(-c3ccsc3)c1)cn2CCN1CCCCC1,6.954677021213342
CN(C)CCn1cc(-c2cncc(-c3ccsc3)c2)c2ccccc21,6.939302159646388
COc1ccc(/C=N/n2c(SCC(=O)c3ccc(Cl)cc3)nnc2-c2cc3ccccc3[nH]2)cc1,7.1487416512809245
COc1cc2/c(=N/c3ccc(Br)cc3F)nc[nH]c2cc1OCC1CCN(C)CC1,7.3979400086720375
COc1cc2ncc(-c3cccc(NC4CCNC4)n3)n2cc1-c1cnn(C)c1,8.301029995663981
CCN(CC)CCN1Cc2[nH]c(/C=C3\C(=O)Nc4ccc(I)cc43)c(C)c2C1=O,7.454692883534176
CCN(CC)CCN1Cc2[nH]c(/C=C3\C(=O)Nc4ccc(Br)cc43)c(C)c2C1=O,7.607303046740334
COc1ccc2c(c1)/C(=N\Nc1nnc3n1N=C(c1ccccc1)CS3)C(=O)N2,6.361510743045363
CCN(CC)CCN1Cc2[nH]c(/C=C3\C(=O)Nc4ccc(Br)cc43)c(C)c2C1=O,6.747146969020107
O=C1Nc2ccccc2/C1=C1/Nc2ccccc2/C1=N\OCC(O)CO,6.022276394711152
CNC(=O)c1cc(Oc2ccc(NC(=O)Nc3ccc(Cl)c(C(F)(F)F)c3)cc2)ccn1,7.045757490560675
CCN(CC)CCNC(=O)c1c(C)[nH]c(/C=C2\C(=O)Nc3ccc(F)cc32)c1C,9.397940008672037
COc1cc2/c(=N/c3ccc(Br)cc3F)nc[nH]c2cc1OCC1CCN(C)CC1,10.397940008672037
CNC(=O)c1cc(Oc2ccc(NC(=O)Nc3ccc(Cl)c(C(F)(F)F)c3)c(F)c2)ccn1,8.3767507096021
COc1cc2nccc(Oc3ccc(NC(=O)C4(C(=O)NC5CC5)CC4)c(Cl)c3)c2cc1C(N)=O,8.397940008672037
COc1cc2nccc(Oc3ccc(NC(=O)C4(C(=O)Nc5ccc(F)cc5)CC4)cc3)c2cc1OC,10.455931955649724
COC(=O)c1ccc2c(C(Nc3ccc(N(C)C(=O)CN4CCN(C)CC4)cc3)c3ccccc3)c(O)[nH]c2c1,8.522878745280337
COc1cc2ncnc(Oc3cccc(NC(=O)Nc4cc(C(C)(C)C(F)(F)F)on4)c3)c2cc1OC,7.366531544420414
COc1ccc(CN2C3CC2CN(c2ccc(-c4cc(OCC(C)(C)O)cn5ncc(C#N)c45)cn2)C3)cn1,7.0
COC1(C(=O)N[C@@H](C)c2ccc(-n3cc(F)cn3)nc2)CCC(c2nc(C)cc(Nc3cc(C)[nH]n3)n2)CC1,7.455931955649724
COc1cc2ncnc(Oc3cccc(NC(=O)Nc4cc(C(C)(C)C(F)(F)F)on4)c3)c2cc1OC,7.769551078621726
COc1cc2nccc(Oc3ccc(NC(=O)C4(C(=O)Nc5ccc(F)cc5)CC4)cc3)c2cc1OC,10.455931955649724
COc1cc2/c(=N/c3ccc(Br)cc3F)nc[nH]c2cc1OCC1CCN(C)CC1,8.397940008672037
C=CC(=O)Nc1ccc2ncnc(Nc3ccc4[nH]cc(Br)c4c3)c2c1,5.0
O=C(CCCl)Nc1ccc2ncnc(Nc3ccc4[nH]cc(Br)c4c3)c2c1,5.0
CN(C)C/C=C/C(=O)Nc1cc2c(Nc3ccc(F)c(Cl)c3)ncnc2cc1O[C@H]1CCOC1,5.0
Cc1cc(CS(=O)(=O)c2ccccc2)cc(OCc2ccc(CN3CCC[C@@H]3CO)cc2)c1,5.0
Cc1cc(OCc2ccc(CN3CCC[C@@H]3CO)cc2)cc(CS(=O)(=O)c2ccccc2)c1Br,5.0
C[C@@H](Oc1ccc2[nH]nc(/C=C/c3cnn(CCO)c3)c2c1)c1c(Cl)cncc1Cl,8.154901959985743
COc1cc(OC)cc(N(CCNC(C)C)c2ccc3ncc(-c4cnn(C)c4)nc3c2)c1,8.0
CNc1nc(-c2ccc3c(N)n[nH]c3c2)cc(N2C[C@@H](C(=O)NC3CCCCC3)CC[C@H]2C)n1,5.0
COc1ncc(F)cc1CNc1ccc(Cc2c[nH]c3ncc(C)cc23)c(F)n1,5.958607314841775
CN(C)C/C=C/C(=O)Nc1cc2c(Nc3ccc(F)c(Cl)c3)ncnc2cc1O[C@H]1CCOC1.O=C(O)/C=C\C(=O)O.O=C(O)/C=C\C(=O)O,5.0
CCOc1ccn(-c2ccc(F)cc2)c(=O)c1C(=O)Nc1ccc(Oc2ccnc(N)c2Cl)c(F)c1,6.7447274948966935
COc1cc2ncn(-c3cc(OCc4ccccc4C(F)(F)F)c(C(N)=O)s3)c2cc1OC,6.443697499232712
Cn1cc(-c2[nH]c3cc(NC(=O)[C@H](N)C4CCCCC4)cc4c3c2C=NNC4=O)cn1,8.096910013008056
O=C(CCCCCCC(=O)Nc1ccccc1)NO,5.0
COc1cc2ncnc(Nc3ccc(Cl)cc3Cl)c2cc1OCCCCCCC(=O)NO,7.075720713938118
COc1cc2ncnc(Nc3ccc(Br)cc3)c2cc1OCCCCCCC(=O)NO,7.130768280269024
COc1cc2/c(=N/c3ccc(Br)cc3F)nc[nH]c2cc1OCC1CCN(C)CC1,7.267606240177032
COc1cc2ncnc(Oc3cccc(NC(=S)Nc4ccc(Cl)c(C(F)(F)F)c4)c3)c2cc1OC,7.301029995663981
COc1cc2ncnc(Sc3cccc(NC(=S)Nc4ccc(Br)c(C(F)(F)F)c4)c3)c2cc1OC,7.096910013008056
COc1cc2ncnc(-n3ncc4cc(NC(=O)Nc5ccc(C)c(Cl)c5)ccc43)c2cc1OC,7.920818753952375
Cc1ccc(NC(=O)c2cccc(C(F)(F)F)c2)cc1C#Cc1nn(C2CCN(C)CC2)c2ncnc(N)c12,7.920818753952375
COc1ccc(-c2cc(=O)oc3c(O)c(O)ccc23)cc1O,5.259637310505756
COc1ccc(NC(=O)c2c(Nc3ccccc3)sc(C#N)c2NC(=O)CNc2ccc(Cl)cc2)cc1,6.229147988357855
COc1ccc(NC(=O)c2c(Nc3ccccc3)sc(C(=O)N/N=C/c3ccc(O)c(O)c3)c2NC(C)=O)cc1,5.889410289700751
Cc1ccc2c(=O)n(Cc3ccccc3)c(SCc3cn(-c4ccc(C(=O)O)cc4)nn3)nc2c1,6.899629454882437
COc1cccc(-c2nc(SCC(=O)Nc3ccc(/C(C)=N/O)cc3)[nH]c(=O)c2C#N)c1,6.0
CNC(=O)c1cc(Oc2ccc(NC(=O)Nc3ccc(Cl)c(C(F)(F)F)c3)cc2)ccn1,9.769551078621726
NS(=O)(=O)c1ccc(CCn2c(SCC(=O)Nc3ccc(Cl)cc3)nc3ccccc3c2=O)cc1,6.4089353929735005
CNC(=O)c1cc(Oc2ccc(NC(=O)Nc3ccc(Cl)c(C(F)(F)F)c3)cc2)ccn1,6.769551078621726
CNC(=O)c1cc(Oc2ccc(NC(=O)Nc3ccc(Cl)c(C(F)(F)F)c3)cc2)ccn1,5.522878745280337
Cc1cccc(Cl)c1NC(=O)Nc1ccc(-c2nc(NCCN(C)C)c3ccccc3n2)cc1,7.031517051446065
Cc1cccc(NC(=O)Nc2ccc(Nc3ncnc4[nH]c(C)c(C)c34)cc2)c1,7.924453038607469
Cc1cccc(NC(=O)Nc2ccc(Oc3ncnc4[nH]c(C)c(C)c34)cc2)c1,7.866461091629782
Cc1c(C(=O)Nc2ccc(Oc3ccnc(-c4nncn4CCCN4CCN(C)CC4)c3)c(F)c2)c(=O)n(-c2ccccc2)n1C,6.721246399047171
O=C(Nc1cccc(-n2ccc3c(NC(=O)c4ccccc4)nccc32)c1)c1ccc(N2CCOCC2)c(C(F)(F)F)c1,5.975514332300833
O=C(O)c1cc(-c2ccc(/C=N/Nc3nc4nonc4nc3Nc3ccccc3)o2)ccc1Cl,6.0
CNC(=O)c1cc(Oc2ccc(NC(=O)Nc3ccc(Cl)c(C(F)(F)F)c3)cc2)ccn1,7.2441251443275085
O=C(Cc1ccc(-n2cnc3cc(-c4ccsc4)ccc32)cc1)Nc1cccc(C(F)(F)F)c1,9.0
CNC(=O)c1cc(Oc2ccc(NC(=O)Nc3ccc(Cl)c(C(F)(F)F)c3)cc2)ccn1,7.823908740944319
CNC(=O)c1cccc2cc(Oc3ccnc(NC(=O)c4ccc(N5CCN(CCO)CC5)cc4)c3)ccc12,8.920818753952375
Cn1cc(-c2ccc3c(c2)ncn3-c2cc(NS(=O)(=O)C3CC3)cc(-c3ccc(F)cc3F)c2)cn1,8.045757490560675
CN1CCN(c2ccc3nc(-c4c(N)c5c(F)cccc5[nH]c4=O)[nH]c3c2)CC1,8.096910013008056
O=C(O)CCc1c(/C=C2\C(=O)Nc3ccc(F)cc32)[nH]c2c1C(=O)CCC2,7.6020599913279625
CNC(=O)c1cccc2cc(Oc3ccnc4cc(OCC5(N)CC5)c(OC)cc34)ccc12,7.6020599913279625
C#CCO[C@@H]1[C@H](C)[C@@H](COS(=O)(=O)C=C)O[C@H]1n1nc(-c2ccc(C)cc2)c2c(N)ncnc21,7.060480747381382
C#CCO[C@@H]1[C@H](C)[C@@H](COC(=O)c2ccc(S(=O)(=O)F)cc2)O[C@H]1n1nc(-c2ccc(C)cc2)c2c(N)ncnc21,6.323306390375134
Cc1c(C(=O)Nc2ccc(Oc3ccnc(-c4nncn4CN4CCN(C)CC4)c3)c(F)c2)c(=O)n(-c2ccccc2)n1C,6.721246399047171
Cc1ccc(NC(=O)Cn2cc(-c3ccc4c(NC(=O)c5ccc(N)cc5)n[nH]c4c3)cn2)cc1C(F)(F)F,8.568636235841012
Cc1ccc(NC(=O)Cn2cc(-c3ccc4c(NC(=O)c5ccc(N6CCNCC6)cc5)n[nH]c4c3)cn2)cc1C(F)(F)F,9.3767507096021
NC(=O)c1cnc(Nc2cccc(O)n2)cc1Nc1ccccc1Cl,5.6020599913279625
COC(=O)Nc1nccc(Oc2ccc3c(C(=O)Nc4ccc(F)c(C(F)(F)F)c4)cccc3c2)n1,8.397940008672037
CN1CCN(c2ccc(NC(=O)c3cccc4cc(Oc5ccnc(N)n5)ccc34)cc2C(F)(F)F)CC1,7.301029995663981
CCc1cccc(NC(=O)c2cccc3cc(Oc4cc(N)ncn4)ccc23)c1,9.0
Nc1cc(Oc2ccc3c(C(=O)Nc4ccc(F)c(C(F)(F)F)c4)cccc3c2)ncn1,8.522878745280337
Nc1nccc(Oc2ccc3c(C(=O)Nc4ccc(F)c(C(F)(F)F)c4)cccc3c2)n1,8.397940008672037
O=C(Nc1cccc(C(F)(F)F)c1)c1cccc2cc(Oc3cc(CO)ncn3)ccc12,8.337242168318426
CCOC(=O)c1cc(Oc2ccc3c(C(=O)Nc4cccc(C(F)(F)F)c4)cccc3c2)ncn1,5.698970004336019
N#Cc1cc(Oc2ccc3c(C(=O)Nc4cccc(C(F)(F)F)c4)cccc3c2)ncn1,7.6777807052660805
Nc1cc(Oc2ccc3c(C(=O)Nc4cccc(C(F)(F)F)c4)cccc3c2)ncn1,8.698970004336019
Nc1nc(Cl)cc(Oc2ccc3c(C(=O)Nc4cccc(C(F)(F)F)c4)cccc3c2)n1,6.3979400086720375
Nc1nccc(Oc2ccc3c(C(=O)Nc4cccc(C(F)(F)F)c4)cccc3c2)n1,8.3767507096021
CCN1CCN(Cc2ccc(NC(=O)Nc3ccc(Oc4cc(NC)ncn4)cc3)cc2C(F)(F)F)CC1,6.638272163982407
Clc1ccc(Nc2nnc(Cc3ccncc3)c3ccccc23)cc1.O=C(O)CCC(=O)O,7.468521082957745
O=C(Nc1cccc(C(F)(F)F)c1)c1ccccc1NCc1ccncc1,8.920818753952375
COC(=O)Nc1nccc(Oc2ccc3c(C(=O)Nc4ccc(F)c(C(F)(F)F)c4)cccc3c2)n1,7.6020599913279625
CN1CCN(c2ccc(NC(=O)c3cccc4cc(Oc5ccnc(N)n5)ccc34)cc2C(F)(F)F)CC1,8.221848749616356
CCc1cccc(NC(=O)c2cccc3cc(Oc4cc(N)ncn4)ccc23)c1,9.0
Nc1cc(Oc2ccc3c(C(=O)Nc4ccc(F)c(C(F)(F)F)c4)cccc3c2)ncn1,8.221848749616356
Nc1nccc(Oc2ccc3c(C(=O)Nc4ccc(F)c(C(F)(F)F)c4)cccc3c2)n1,8.154901959985743
O=C(Nc1cccc(C(F)(F)F)c1)c1cccc2cc(Oc3cc(CO)ncn3)ccc12,8.568636235841012
CCOC(=O)c1cc(Oc2ccc3c(C(=O)Nc4cccc(C(F)(F)F)c4)cccc3c2)ncn1,6.468521082957745
N#Cc1cc(Oc2ccc3c(C(=O)Nc4cccc(C(F)(F)F)c4)cccc3c2)ncn1,7.431798275933005
Nc1cc(Oc2ccc3c(C(=O)Nc4cccc(C(F)(F)F)c4)cccc3c2)ncn1,8.397940008672037
Nc1nc(Cl)cc(Oc2ccc3c(C(=O)Nc4cccc(C(F)(F)F)c4)cccc3c2)n1,5.928117992693875
Nc1nccc(Oc2ccc3c(C(=O)Nc4cccc(C(F)(F)F)c4)cccc3c2)n1,8.045757490560675
CCN1CCN(Cc2ccc(NC(=O)Nc3ccc(Oc4cc(NC)ncn4)cc3)cc2C(F)(F)F)CC1,8.522878745280337
CCN(CC)CCNC(=O)c1c(C)[nH]c(/C=C2\C(=O)Nc3ccc(F)cc32)c1C,7.991399828238082
CNC(=O)c1cc(Oc2ccc(NC(=O)Nc3ccc(Cl)c(C(F)(F)F)c3)cc2)ccn1,8.10790539730952
O=C(Nc1cccc(C(F)(F)F)c1)c1ccccc1NCc1ccncc1,7.638272163982407
Clc1ccc(Nc2nnc(Cc3ccncc3)c3ccccc23)cc1.O=C(O)CCC(=O)O,7.259637310505756
Nc1nccc(Oc2ccc3c(C(=O)Nc4cccc(C(F)(F)F)c4)cccc3c2)n1,8.537602002101044
Nc1cc(Oc2ccc3c(C(=O)Nc4cccc(C(F)(F)F)c4)cccc3c2)ncn1,8.522878745280337
O=C(Nc1cccc(C(F)(F)F)c1)c1cccc2cc(Oc3cc(CO)ncn3)ccc12,8.522878745280337
Nc1nccc(Oc2ccc3c(C(=O)Nc4ccc(F)c(C(F)(F)F)c4)cccc3c2)n1,8.397940008672037
Nc1cc(Oc2ccc3c(C(=O)Nc4ccc(F)c(C(F)(F)F)c4)cccc3c2)ncn1,8.638272163982407
Clc1ccc(Nc2nnc(Cc3ccncc3)c3ccccc23)cc1.O=C(O)CCC(=O)O,7.769551078621726
O=C(Nc1cccc(C(F)(F)F)c1)c1ccccc1NCc1ccncc1,8.920818753952375
CNC(=O)c1cc(Oc2ccc(NC(=O)Nc3ccc(Cl)c(C(F)(F)F)c3)cc2)ccn1,8.096910013008056
CCN(CC)CCNC(=O)c1c(C)[nH]c(/C=C2\C(=O)Nc3ccc(F)cc32)c1C,8.057991946977687
COc1cc(Nc2nccc(Nc3ccc4c(C)n[nH]c4c3)n2)cc(OC)c1OC,8.200659450546418
C=CC(=O)N1CC[C@@H](n2nc(C#Cc3cc(OC)cc(OC)c3)c3c(N)ncnc32)C1,5.827981190575444
C=CC(=O)NCCn1nc(C#Cc2cc(OC)cc(OC)c2)c2c(N)ncnc21,5.154281982033341
C=CC(=O)N1CC(n2nc(C#Cc3cc(OC)cc(OC)c3)c3c(N)ncnc32)C1,5.518700726667144
C=CC(=O)N1CCC(n2nc(C#Cc3cc(OC)cc(OC)c3)c3c(N)ncnc32)CC1,5.471468939364589
C=CC(=O)N1CC(Cn2nc(C#Cc3cc(OC)cc(OC)c3)c3c(N)ncnc32)C1,5.752026733638194
COc1cc(C#Cc2nn(C3CN(C(=O)/C=C/CN(C)C)C3)c3ncnc(N)c23)cc(OC)c1,5.433444669116945
COc1cc(C#Cc2nn([C@H]3CCN(C(=O)/C=C/CN(C)C)C3)c3ncnc(N)c23)cc(OC)c1,5.9186526921958675
C=CC(=O)N1CC[C@H](n2nc(C#Cc3cc(OC)cc(OC)c3)c3c(N)ncnc32)C1,5.62745619924093
CN1C[C@@H]2CC[C@H](C1=O)N2c1ncc2[nH]nc(-c3cnn(C4CCC4)c3)c2n1,6.735182176990463
Fc1ccc(Nc2ncnn3cccc23)cc1Cl,6.928117992693875
Cc1ccn2ncnc(Nc3ccc(F)c(Cl)c3)c12,7.0
Cc1cc2c(Nc3ccc(F)c(Cl)c3)ncnn2c1,6.82102305270683
Cc1ccc2c(Nc3ccc(F)c(Cl)c3)ncnn12,5.488116639021126
Cc1ccc(Nc2ncnn3cccc23)cc1O,6.292429823902063
Cc1ccc(Nc2ncnn3ccc(C)c23)cc1O,6.460923901207224
Cc1cc2c(Nc3ccc(C)c(O)c3)ncnn2c1,6.184422251675732
Cc1ccc(Nc2ncnn3c(C)ccc23)cc1O,4.531652669587842
Cc1ccc(Nc2ncnn3cc(C)c(C)c23)cc1O,6.698970004336019
CCn1c(=O)c(-c2cc(OC)cc(OC)c2)cc2nnc(Nc3ccncc3)nc21,6.455931955649724
Cc1c(C(=O)Nc2ccc(Oc3ccnc(-c4nncn4CCCN4CCN(C)CC4)c3)c(F)c2)c(=O)n(-c2ccccc2)n1C,6.721246399047171
CC(C)(O)c1ccc(N2Cc3c(ccnc3-c3ccc(F)cc3OCC(F)(F)F)C2=O)cc1,5.0
Cc1c2ccc(N(C)c3ccnc(Nc4ccc(C(=O)Nc5nc6c(C(N)=O)cccc6[nH]5)cc4)n3)cc2nn1C,6.585026652029182
CN(c1ccc(Cl)cc1)c1ccnc(Nc2ccc(C(=O)Nc3nc4c(C(N)=O)cccc4[nH]3)cc2)n1,6.449771646944906
NC(=O)c1cccc2[nH]c(NC(=O)c3ccc(Nc4nccc(N5CCN(C(=O)c6ccccc6)CC5)n4)cc3)nc12,5.0
Cc1c2ccc(N(C)c3ccnc(Nc4ccc(-c5nc6c(C(N)=O)cccc6[nH]5)cc4)n3)cc2nn1C,6.679853713888946
CN(c1ccc(Cl)cc1)c1ccnc(Nc2ccc(-c3nc4c(C(N)=O)cccc4[nH]3)cc2)n1,6.392544976785332
NC(=O)c1cccc2[nH]c(-c3ccc(Nc4nccc(N5CCN(C(=O)c6ccccc6)CC5)n4)cc3)nc12,5.0
NC(=O)c1cccc2[nH]c(-c3ccc(Nc4nccc(N5CCN(c6ccc(C(F)(F)F)cn6)CC5)n4)cc3)nc12,5.0
CS(=O)(=O)N1CCN(c2ccnc(Nc3ccc(-c4nc5c(C(N)=O)cccc5[nH]4)cc3)n2)CC1,5.0
CN1CCN(C2CCN(c3ccnc(Nc4ccc(-c5nc6c(C(N)=O)cccc6[nH]5)cc4)n3)CC2)CC1,5.0
CN(c1ccc(F)cc1)c1ccnc(Nc2ccc(-c3nc4c(C(N)=O)cccc4[nH]3)cc2)n1,5.0
CC(C)c1ccc(N(C)c2ccnc(Nc3ccc(-c4nc5c(C(N)=O)cccc5[nH]4)cc3)n2)cc1,5.0
CN(c1ccc(S(C)(=O)=O)cc1)c1ccnc(Nc2ccc(-c3nc4c(C(N)=O)cccc4[nH]3)cc2)n1,5.0
CN(c1ccc(N2CCOCC2)cc1)c1ccnc(Nc2ccc(-c3nc4c(C(N)=O)cccc4[nH]3)cc2)n1,5.0
CN(c1ccc(NC(=O)OC(C)(C)C)cc1)c1ccnc(Nc2ccc(-c3nc4c(C(N)=O)cccc4[nH]3)cc2)n1,5.0
CN(c1ccc2ncccc2c1)c1ccnc(Nc2ccc(-c3nc4c(C(N)=O)cccc4[nH]3)cc2)n1,6.18111458540599
CN(c1ccnc(Nc2ccc(-c3nc4c(C(N)=O)cccc4[nH]3)cc2)n1)c1cc(C(C)(C)C)n(C)n1,5.0
Cc1ccc(Nc2nccc(N(C)c3ccc4c(C)n(C)nc4c3)n2)cc1S(N)(=O)=O,7.348721986001856
Cc1c2ccc(N(C)c3cc(C(F)(F)F)nc(Nc4ccc(C(=O)Nc5nc6c(C(N)=O)cccc6[nH]5)cc4)n3)cc2nn1C,5.0
Cc1cnc(Nc2ccc(-c3nc4c(C(N)=O)cccc4[nH]3)cc2)nc1N(C)c1ccc2c(C)n(C)nc2c1,5.0
Cc1cc(N(C)c2ccc3c(C)n(C)nc3c2)nc(Nc2ccc(-c3nc4c(C(N)=O)cccc4[nH]3)cc2)n1,5.0
COc1cc(N(C)c2ccc3c(C)n(C)nc3c2)nc(Nc2ccc(-c3nc4c(C(N)=O)cccc4[nH]3)cc2)n1,5.0
Cc1c2ccc(N(C)c3nc(Nc4ccc(-c5nc6c(C(N)=O)cccc6[nH]5)cc4)nc4ccsc34)cc2nn1C,5.0
Cc1c2ccc(N(C)c3ccnc(Nc4ccc(-c5nc6c(C(N)=O)cccc6[nH]5)cc4F)n3)cc2nn1C,6.5951662833800615
Cc1c2ccc(N(C)c3ccnc(Nc4ccc(-c5nc6c(C(N)=O)cccc6[nH]5)c(Cl)c4)n3)cc2nn1C,6.663540266151471
Cc1c2ccc(N(C)c3ccnc(Nc4ccc(-c5nc6c(C(N)=O)cccc6[nH]5)c(C(F)(F)F)c4)n3)cc2nn1C,6.573488738635425
Cc1c2ccc(N(C)c3ccnc(Nc4cc(F)c(-c5nc6c(C(N)=O)cccc6[nH]5)c(F)c4)n3)cc2nn1C,6.474955192963154
COc1cc(Nc2nccc(N(C)c3ccc4c(C)n(C)nc4c3)n2)ccc1-c1nc2c(C(N)=O)cccc2[nH]1,6.772113295386326
Cc1cc(Nc2nccc(N(C)c3ccc4c(C)n(C)nc4c3)n2)cnc1-c1nc2c(C(N)=O)cccc2[nH]1,6.628932137728263
Cc1c2ccc(N(C)c3ccnc(Nc4ccc(-c5ccc(-c6nc7c(C(N)=O)cccc7[nH]6)cc5)cc4)n3)cc2nn1C,6.511449283499556
Cc1c2ccc(N(C)c3ccnc(Nc4cc5cc(-c6nc7c(C(N)=O)cccc7[nH]6)ccc5s4)n3)cc2nn1C,6.441291429466834
Cc1c2ccc(N(C)c3ccnc(Nc4ccc(C(=O)Nc5nc6c(C(N)=O)cccc6[nH]5)cc4F)n3)cc2nn1C,6.369572124974976
Cc1c2ccc(N(C)c3ccnc(Nc4ccc(C(=O)Nc5nc6c(C(N)=O)cccc6[nH]5)c(Cl)c4)n3)cc2nn1C,6.486782399932061
Cc1c2ccc(N(C)c3ccnc(Nc4ccc(C(=O)Nc5nc6c(C(N)=O)cccc6[nH]5)c(C(F)(F)F)c4)n3)cc2nn1C,6.518557371497695
Cc1c2ccc(N(C)c3ccnc(Nc4cc(F)c(C(=O)Nc5nc6c(C(N)=O)cccc6[nH]5)c(F)c4)n3)cc2nn1C,6.440093374963888
Cc1c2ccc(N(C)c3ccnc(Nc4cccc(-c5nc6c(C(N)=O)cccc6[nH]5)c4)n3)cc2nn1C,6.728158393463501
Cc1ccc(Nc2nccc(N(C)c3ccc4c(C)n(C)nc4c3)n2)cc1-c1nc2c(C(N)=O)cccc2[nH]1,6.718966632752273
COc1ccc(-c2nc3c(C(N)=O)cccc3[nH]2)cc1Nc1nccc(N(C)c2ccc3c(C)n(C)nc3c2)n1,6.575118363368933
CN(c1ccnc(Nc2ccc(-c3nc4cc(F)c(F)cc4[nH]3)cc2)n1)c1cc(C(C)(C)C)n(C)n1,5.0
CN(c1ccc(Cl)cc1)c1ccnc(Nc2ccc(-c3nc4cc(F)c(F)cc4[nH]3)cc2)n1,6.369572124974976
CC(C)c1ccc(N(C)c2ccnc(Nc3ccc(-c4nc5cc(F)c(F)cc5[nH]4)cc3)n2)cc1,6.300162274132754
Cc1c2ccc(N(C)c3ccnc(Nc4ccc(-c5nc6cc(F)c(F)cc6[nH]5)c(Cl)c4)n3)cc2nn1C,6.657577319177793
Cc1c2ccc(N(C)c3ccnc(Nc4ccc(-c5nc6cc(F)c(F)cc6[nH]5)c(C(F)(F)F)c4)n3)cc2nn1C,6.698970004336019
COc1cc(Nc2nccc(N(C)c3ccc4c(C)n(C)nc4c3)n2)ccc1-c1nc2cc(F)c(F)cc2[nH]1,6.782516055786093
Cc1c2ccc(N(C)c3ccnc(Nc4cccc(-c5nc6cc(F)c(F)cc6[nH]5)c4)n3)cc2nn1C,6.721246399047171
Cc1ccc(Nc2nccc(N(C)c3ccc4c(C)n(C)nc4c3)n2)cc1-c1nc2cc(F)c(F)cc2[nH]1,6.860120913598763
COc1ccc(-c2nc3cc(F)c(F)cc3[nH]2)cc1Nc1nccc(N(C)c2ccc3c(C)n(C)nc3c2)n1,6.698970004336019
CN(c1ccc(N2CCOCC2)c(F)c1)c1ccnc(Nc2ccc(C(=O)Nc3nc4ccccc4[nH]3)cc2)n1,6.137868620686962
CN(c1ccnc(Nc2ccc(-c3nc4ccccc4[nH]3)cc2)n1)c1cc(C(C)(C)C)n(C)n1,6.024568191490737
Cc1c2ccc(N(C)c3ccnc(Nc4ccc(-c5nc6ccccc6[nH]5)c(Cl)c4)n3)cc2nn1C,6.72584215073632
Cc1c2ccc(N(C)c3ccnc(Nc4ccc(-c5nc6ccccc6[nH]5)c(C(F)(F)F)c4)n3)cc2nn1C,6.671620396561262
Cc1c2ccc(N(C)c3ccnc(Nc4cccc(-c5nc6ccccc6[nH]5)c4)n3)cc2nn1C,6.950781977329818
Cc1ccc(Nc2nccc(N(C)c3ccc4c(C)n(C)nc4c3)n2)cc1-c1nc2ccccc2[nH]1,6.767003889607846
COc1ccc(-c2nc3ccccc3[nH]2)cc1Nc1nccc(N(C)c2ccc3c(C)n(C)nc3c2)n1,6.607303046740334
COc1cc2c(Oc3ccc4[nH]c(C)cc4c3F)ncnc2cc1OCCCN1CCCC1,8.76447155309245
CNC(=O)c1cc(Oc2ccc(NC(=O)Nc3ccc(Cl)c(C(F)(F)F)c3)c(F)c2)ccn1,8.337242168318426
COc1cc2c(Oc3ccc(NC(=O)NC4CC4)c(Cl)c3)ncnc2cc1OCCCN1CCCC1,8.534617148551582
COc1cc2c(Oc3ccc(NC(=O)NC4CCC4)c(Cl)c3)ncnc2cc1OCCCN1CCCC1,8.562249437179611
COc1cc2c(Oc3ccc(NC(=O)NC4CCCC4)c(Cl)c3)ncnc2cc1OCCCN1CCCC1,8.086716098239581
COc1cc2c(Oc3ccc(NC(=O)NC4CCCCC4)c(Cl)c3)ncnc2cc1OCCCN1CCCC1,7.85078088734462
CCCCNC(=O)Nc1ccc(Oc2ncnc3cc(OCCCN4CCCC4)c(OC)cc23)cc1Cl,8.576754126063193
COc1cc2c(Oc3ccc(NC(=O)NC(C)(C)C)c(Cl)c3)ncnc2cc1OCCCN1CCCC1,6.793713955587568
COc1cc2c(Oc3ccc(NC(=O)NCc4ccncc4)c(Cl)c3)ncnc2cc1OCCCN1CCCC1,7.383314479104488
COc1cc2c(Oc3ccc(NC(=O)Nc4ccncc4)c(Cl)c3)ncnc2cc1OCCCN1CCCC1,8.20620961530918
COc1cc2c(Oc3ccc(NC(=O)NCc4ccccc4)c(Cl)c3)ncnc2cc1OCCCN1CCCC1,8.939302159646388
COc1cc2c(Oc3ccc(NC(=O)Nc4ccc(C(F)(F)F)cc4)c(Cl)c3)ncnc2cc1OCCCN1CCCC1,9.958607314841775
COc1cc2c(Oc3ccc(NC(=O)Nc4ccc(C)cc4)c(Cl)c3)ncnc2cc1OCCCN1CCCC1,9.585026652029182
COc1cc2c(Oc3ccc(NC(=O)Nc4ccc(-c5ccccc5)cc4)c(Cl)c3)ncnc2cc1OCCCN1CCCC1,9.443697499232712
COc1ccc(NC(=O)Nc2ccc(Oc3ncnc4cc(OCCCN5CCCC5)c(OC)cc34)cc2Cl)c(OC)c1,9.229147988357855
COc1cc2c(Oc3ccc(NC(=O)NCc4ccc(F)cc4)c(Cl)c3)ncnc2cc1OCCCN1CCCC1,8.823908740944319
COc1cc2c(Oc3ccc(NC(=O)Nc4cccc(F)c4)c(Cl)c3)ncnc2cc1OCCCN1CCCC1,9.259637310505756
COc1cc2c(Oc3ccc(NC(=O)Nc4cc(C)ccc4F)c(Cl)c3)ncnc2cc1OCCCN1CCCC1,9.18045606445813
COc1cc2c(Oc3ccc(NC(=O)Nc4ccc(C)c(F)c4)c(Cl)c3)ncnc2cc1OCCCN1CCCC1,9.721246399047171
COc1cc2c(Oc3ccc(NC(=O)Nc4ccccc4F)c(Cl)c3)ncnc2cc1OCCCN1CCCC1,9.154901959985743
COc1cc2c(Oc3ccc(NC(=O)Nc4ccc(Br)cc4F)c(Cl)c3)ncnc2cc1OCCCN1CCCC1,9.130768280269024
COc1cc2c(Oc3ccc(NC(=O)Nc4ccc(Cl)c(C(F)(F)F)c4)c(Cl)c3)ncnc2cc1OCCCN1CCCC1,8.324221658325914
COc1cc2c(Oc3ccc(NC(=O)NCc4ccc(C#N)cc4)c(Cl)c3)ncnc2cc1OCCCN1CCCC1,7.382999658879101
COc1cc2c(Oc3ccc(NC(=O)Nc4cccc(C(F)(F)F)c4)c(Cl)c3)ncnc2cc1OCCCN1CCCC1,9.148741651280925
COc1cc2c(Oc3ccc(NC(=O)Nc4ccc(OC(F)(F)F)cc4)c(Cl)c3)ncnc2cc1OCCCN1CCCC1,9.292429823902063
COc1cc2c(Oc3ccc(NC(=O)Nc4cccc(OC(F)(F)F)c4)c(Cl)c3)ncnc2cc1OCCCN1CCCC1,8.732828271596986
COc1cc2c(Oc3ccc(NC(=O)Nc4cnn(C(C)C)c4)c(Cl)c3)ncnc2cc1OCCCN1CCCC1,9.119186407719209
COc1cc2c(Oc3ccc(NC(=O)Nc4ccc5c(ccn5C)c4)c(Cl)c3)ncnc2cc1OCCCN1CCCC1,9.173925197299173
COc1cc2c(Oc3ccc(NC(=O)Nc4ccc5occc5c4)c(Cl)c3)ncnc2cc1OCCCN1CCCC1,9.468521082957745
COc1cc2c(Oc3ccc(NC(=O)Nc4cc(C)on4)c(Cl)c3)ncnc2cc1OCCCN1CCCC1,9.292429823902063
COc1cc2c(Oc3ccc(NC(=O)Nc4cccc5c4oc4ccccc45)c(Cl)c3)ncnc2cc1OCCCN1CCCC1,8.94692155651658
COc1cc2c(Oc3ccc(NC(=O)Nc4ccnn4C)c(Cl)c3)ncnc2cc1OCCCN1CCCC1,7.548213564475709
COc1cc2c(Oc3ccc(NC(=O)Nc4cnn(C)c4)c(Cl)c3)ncnc2cc1OCCCN1CCCC1,8.528708288941061
COc1cc2c(Oc3ccc(NC(=O)Nc4ccnn4C4CCCC4)c(Cl)c3)ncnc2cc1OCCCN1CCCC1,9.494850021680094
COc1cc2c(Oc3ccc(NC(=O)Nc4cnn(C5CCCC5)c4)c(Cl)c3)ncnc2cc1OCCCN1CCCC1,9.585026652029182
COc1cc2c(Oc3ccc(NC(=O)Nc4cnn(C(C)C)c4)c(Cl)c3)ncnc2cc1OCCN1CCCC1,9.031517051446064
COc1cc2c(Oc3ccc(NC(=O)Nc4ccc(F)cc4)c(F)c3)ncnc2cc1OCCCN1CCCC1,8.411168274405792
COc1cc2c(Oc3ccc(NC(=O)Nc4ccccc4)c(F)c3)ncnc2cc1OCCCN1CCCC1,8.709965388637482
COc1cc2c(Oc3ccc(NC(=O)Nc4cnn(C(C)C)c4)c(F)c3)ncnc2cc1OCCCN1CCCC1,9.292429823902063
COc1cc2c(Oc3ccc(NC(=O)Nc4ccc(C(F)(F)F)cc4)c(F)c3)ncnc2cc1OCCCN1CCCC1,8.61261017366127
COc1cc2c(Oc3ccc(NC(=O)Nc4cnn(C(C)C)c4)c(F)c3)ncnc2cc1OCc1ccccc1,8.485452247339714
COC(=O)c1ccc2c(c1)NC(=O)/C2=C(\Nc1ccc(N(C)C(=O)CN2CCN(C)CC2)cc1)c1ccccc1,7.886056647693163
Cc1cc(Nc2ncc(C)c(-c3cnn(CCC#N)c3)n2)sn1,7.3872161432802645
Cc1cc(Nc2ncc(C)c(N3CCC(CC#N)CC3)n2)sn1,7.366531544420414
Cc1cc(Nc2ncc(C)c(N3CCN(CC#N)CC3)n2)sn1,7.3872161432802645
Cc1cc(Nc2ncc(C)c(N3CCN(CC#N)C(C)C3)n2)sn1,7.259637310505756
Cc1cc(Nc2ncc(C)c(N3CCN(CC#N)[C@@H](C)C3)n2)sn1,7.522878745280337
Cc1cc(Nc2ncc(C)c(N3CC4CCC(C3)N4CC#N)n2)sn1,6.655607726314889
Cc1cc(Nc2ncc(C)c(N3CC4CCC(C3)N4CCC#N)n2)sn1,7.017728766960431
Cc1cc(Nc2ncc(C)c(N3CC4CCCC(C3)N4CC#N)n2)sn1,5.801617869991706
Cc1cc(Nc2ncc(C)c(N3CC4CCCC(C3)N4CCC#N)n2)sn1,6.962573502059376
Cc1cnc(Nc2cnn(C)c2)nc1N1CC2CCCC(C1)N2CC#N,5.131179293802482
Cc1cnc(Nc2cnn(C)c2)nc1N1CC2CCCC(C1)N2CCC#N,6.028724151261895
Cc1cc(Nc2ncc(C)c(N3CC(CCC#N)C3)n2)sn1,6.924453038607469
Cc1cc(Nc2ncc(C)c(N3CC(CC#N)C3)n2)sn1,6.573488738635425
Cc1cc(Nc2ncc(C)c(N3CC(C4CC4)C3)n2)sn1,7.229147988357855
Cc1cc(Nc2ncc(C)c(N3CC(O)(C4CC4)C3)n2)sn1,7.508638306165727
Cc1cc(Nc2ncc(C)c(N3CC(CC#N)(OC4CC5(CC5)C4)C3)n2)sn1,5.501276029252096
Cc1cc(Nc2ncc(C)c(N3CC(CC#N)(N4CCCC4)C3)n2)sn1,5.911863911299449
Cc1cc(Nc2ncc(C)c(N3CC(CC#N)(N4CCCCC4)C3)n2)sn1,5.431680914904888
Cc1cc(Nc2ncc(C)c(N3CC(CC#N)(N4CCN(C)CC4)C3)n2)sn1,5.823619307756729
Cc1cnc(Nc2cnn(C)c2)nc1N1CC(CC#N)(N2CCN(C)CC2)C1,5.17114684032336
Cc1cnc(Nc2cnn(C)c2)nc1-c1cnn([C@H](CC#N)C2CCCC2)c1,6.501689446210399
CC1=NNC2OC(NS(=O)(=O)c3ccc(C)cc3)=C(C#N)C(c3ccccc3Br)C12,6.657577319177793
CC(C)(C)c1cc(NC(=O)Nc2ccc(-c3cc(-c4ccc(OCCN5CCOCC5)cc4)[nH]n3)cc2)no1,6.4800408192479315
CC(C)(c1cc(NC(=O)Nc2ccc(-c3cc(-c4ccc(OCCN5CCOCC5)cc4)[nH]n3)cc2)no1)C(F)(F)F,6.420788219768501
COc1cc(-c2nc(C(=O)Nc3ccccc3)nn2-c2ccc(F)c(Cl)c2)cc(OC)c1OC,7.702896349850743
NS(=O)(=O)c1ccccc1NC(=O)Nc1nc(-c2ccccc2)n(-c2ccc(Cl)cc2)n1,6.567030709125595
COc1ccc(-n2nc(NC(=O)Nc3cccc(S(N)(=O)=O)c3)nc2-c2ccccc2)cc1,6.73754891026957
Cc1ccc(NC(=O)Nc2nc(-c3ccccc3)n(-c3cccc(Cl)c3)n2)cc1S(N)(=O)=O,7.016824927962187
Cc1ccc(NC(=O)Nc2nc(-c3ccccc3)n(-c3ccc(Cl)cc3)n2)cc1S(N)(=O)=O,6.266802734893431
COc1ccc(-n2nc(NC(=O)Nc3ccc(C)c(S(N)(=O)=O)c3)nc2-c2ccccc2)cc1,6.144480844332199
NS(=O)(=O)c1ccc(NC(=O)Nc2nc(-c3ccccc3)n(-c3ccc(F)cc3)n2)cc1,7.580044251510242
NS(=O)(=O)c1ccc(NC(=O)Nc2nc(-c3ccccc3)n(-c3cccc(Cl)c3)n2)cc1,6.0
NS(=O)(=O)c1ccc(NC(=O)Nc2nc(-c3ccccc3)n(-c3ccc(Cl)cc3)n2)cc1,6.497572880015567
CCN(CC)CCNC(=O)c1c(C)[nH]c(/C=C2\C(=O)Nc3ccc(F)cc32)c1C,7.401209493236885
CCN1CCN(Cc2ccc(NC(=O)CNc3ccc(-c4ccc(NC(=O)C5CC5)nc4)cc3)cc2C(F)(F)F)CC1,7.619788758288394
CN1CCN(Cc2ccc(NC(=O)CNc3ccc(-c4ccc(NC(=O)C5CC5)nc4)cc3F)cc2C(F)(F)F)CC1,7.619788758288394
Cc1ccc(F)c(NC(=O)Nc2ccc(-c3cccc4[nH]nc(N)c34)cc2)c1,7.552841968657781
Cc1nc(Nc2ccc(NC(=O)Nc3cccc(F)c3)cc2)c2nc(-c3ccccc3)sc2n1,4.135726303195621
CNC(=O)c1cc(Oc2ccc(NC(=O)Nc3ccc(Cl)c(C(F)(F)F)c3)cc2)ccn1,4.738975166007602
COC(=O)Nc1nc2cc(Oc3ccc(NC(=O)Nc4cc(F)ccc4C(F)(F)F)cc3)ccc2[nH]1,5.455931955649724
Cc1nc2c(cnn2-c2ccccc2)c(=O)n1-c1ccc(NC(=O)c2ccccc2)cc1,6.749579997691106
Cc1nc2c(cnn2-c2ccccc2)c(=O)n1-c1ccc(NC(=O)c2ccc(F)cc2)cc1,7.200659450546418
Cc1nc2c(cnn2-c2ccccc2)c(=O)n1-c1ccc(NC(=O)c2ccc(Cl)cc2)cc1,6.698970004336019
Cc1ccc(C(=O)Nc2ccc(-n3c(C)nc4c(cnn4-c4ccccc4)c3=O)cc2)cc1,6.583359492661719
CCN(CC)CCNC(=O)c1c(C)[nH]c(/C=C2\C(=O)Nc3ccc(F)cc32)c1C,7.455931955649724
CCN(CC)CCNC(=O)c1c(C)[nH]c(/C=C2\CNc3ccc(F)cc32)c1C,7.0
Cc1nc2c(c(C)c1O)/C(=C/c1ccc3ccccc3n1)C(=O)N2,5.0
Cc1c2cc(cc1C(=O)Nc1cc(CN3CCN(C)CC3)cc(C3CC3)c1)OCCCCCCCNC(=O)c1ccc3ncc(n3n1)C#C2,7.1334173229364515
CNC(=O)c1cc(Oc2ccc(NC(=O)Nc3ccc(Cl)c(C(F)(F)F)c3)c(F)c2)ccn1,8.3767507096021
COc1ccc(/C=C\c2cc(OC)c(OC)c(OC)c2)cc1NC(=O)CCC(=O)N[C@@H](CCCNC(=N)N)C(=O)O,5.0
NC(=O)CCn1cc(-c2ccc3ncnc(Nc4cc(O)c(F)cc4F)c3c2)nn1,8.154901959985743
NC(=O)CCn1cc(-c2ccc3ncnc(Nc4cc(O)ccc4F)c3c2)nn1,7.920818753952375
NC(=O)CCn1cc(-c2ccc3ncnc(Nc4ccc(F)c(O)c4)c3c2)nn1,7.1938200260161125
Cc1ccc(-n2cc(-c3ccc(/C=C4\C(=O)Nc5ccccc54)cc3)nn2)cc1,7.5787252087896535
Cc1cccc(-n2cc(-c3ccc(/C=C4\C(=O)Nc5ccccc54)cc3)nn2)c1,7.349984047528161
Cc1ccc(C)c(NC(=O)CSc2nc3ccccc3c(=O)n2-c2ccc(S(N)(=O)=O)cc2)c1,6.318758762624412
COc1cccc(CNC(=O)CSc2nc3ccccc3c(=O)n2-c2ccc(S(N)(=O)=O)cc2)c1OC,6.619788758288394
CCn1c(SCC(=O)NNC(=O)c2ccccc2)nc2ccc([N+](=O)[O-])cc2c1=O,5.337242168318426
O=C(CSc1nc2ccc([N+](=O)[O-])cc2c(=O)n1-c1ccccc1)NNC(=O)c1ccccc1,5.318758762624412
Cc1nc2ccccc2n(CC(=O)Nc2ccc(C(=O)NC(C)(C)C)cc2)c1=O,8.494850021680094
CNC(=O)c1cc(Oc2ccc(NC(=O)Nc3ccc(Cl)c(C(F)(F)F)c3)cc2)ccn1,8.505845405981557
Cc1nc2ccccc2n(CC(=O)Nc2ccc(C(=O)NCc3ccccc3)cc2)c1=O,5.962573502059376
Cc1nc2ccccc2n(CC(=O)Nc2ccc(C(=O)NNC(=O)c3ccccc3O)cc2)c1=O,5.924453038607469
CNC(=O)c1cc(Oc2ccc(NC(=O)Nc3ccc(Cl)c(C(F)(F)F)c3)cc2)ccn1,5.896196279044043
N#Cc1c(-c2ccc([N+](=O)[O-])cc2)cc(-c2ccc3ccccc3c2)nc1NN,9.468521082957745
N#Cc1c(-c2ccc(Cl)cc2)cc(-c2ccc3ccccc3c2)nc1NN,9.602059991327963
COc1cc(-c2cc(-c3ccc4ccccc4c3)nc(NN)c2C#N)ccc1O,9.721246399047171
Cc1ccc(S(=O)(=O)Nc2ccc(-c3cc(-c4cccc(F)c4)c(C#N)c(N)n3)cc2)cc1,5.441291429466834
CNC(=O)c1cc(Oc2ccc(NC(=O)Nc3ccc(Cl)c(C(F)(F)F)c3)cc2)ccn1,5.314258261397736
CC(=O)c1ccc(NC(=O)CSC2=NC(=O)C(C#N)C(c3ccccc3)N2)cc1,6.4129628822565445
COc1cc(C2NC(SCC(=O)Nc3ccc(C(C)=O)cc3)=NC(=O)C2C#N)cc(OC)c1OC,6.701802132890185
O=C(/C=C/c1cccc(F)c1)c1ccc(N2CCNCC2)cc1,6.096910013008056
COc1cc(/C=C/C(=O)c2ccc(N3CCNCC3)cc2)ccc1F,6.2441251443275085
N#CCc1nnc(NC(=O)c2ccco2)s1,8.130768280269024
N#C/C(=C\c1cccs1)c1nnc(NC(=O)c2ccco2)s1,8.119186407719209
O=C(CN1C(=O)S/C(=C/c2ccccc2)C1=O)Nc1ccc(C(=O)NCc2ccccc2)cc1,6.552841968657781
Cc1ccc(NC(=O)c2ccc(NC(=O)CN3C(=O)S/C(=C/c4ccccc4)C3=O)cc2)cc1,6.6020599913279625
CCc1ccc(NC(=O)c2ccc(NC(=O)CN3C(=O)S/C(=C/c4ccccc4)C3=O)cc2)cc1,6.657577319177793
O=C(CN1C(=O)S/C(=C/c2ccco2)C1=O)Nc1ccc(C(=O)O)cc1,7.096910013008056
O=C(CN1C(=O)S/C(=C/c2cccs2)C1=O)Nc1ccc(C(=O)O)cc1,7.080921907623926
COc1ccc(NC(=O)CN2C(=O)S/C(=C/c3cccs3)C2=O)cc1,7.022276394711152
CN(C)c1ccc(/C=N/NC(=O)c2cc3cc(Br)ccc3[nH]2)cc1,6.991399828238082
O=C(CN1C(=O)S/C(=C2\Nc3ccccc3C2=O)C1=O)Nc1ccccc1,7.1605219526258015
COc1ccc(NC(=O)CN2C(=O)S/C(=C3\Nc4ccccc4C3=O)C2=O)cc1,7.066512712151295
O=C1Nc2ccccc2/C1=N\c1ccc(C(=O)NNC(=S)Nc2ccccc2)cc1,7.107905397309519
COc1cc(/C=C2\CCCn3c2nc2c(cnn2C)c3=O)cc(OC)c1OC,7.880084589742009
COc1cc2ncnc(Oc3ccc(NC(=O)C4(C(=O)Nc5ccc(F)cc5)CC4)cc3F)c2c2c1OCCO2,8.455931955649724
COC(C)Oc1cc2ncnc(Oc3ccc(NC(=O)C4(C(=O)Nc5ccc(F)cc5)CC4)cc3)c2c2c1OCCO2,8.05551732784983
COC(C)Oc1cc2ncnc(Oc3ccc(NC(=O)C4(C(=O)Nc5ccc(F)cc5)CC4)cc3F)c2c2c1OCCO2,8.443697499232712
CCOc1ccc(Nc2nnc3c4c(cccc24)NC(=S)N3Cc2ccccc2)cc1,7.522878745280337
Fc1ccc(Nc2nnc3c4c(cccc24)NC(=S)N3Cc2ccccc2)cc1,6.6777807052660805
COc1ccc(NC(=O)c2ccc(NC(=O)CSc3nnc4c5nncn5c5ccccc5n34)cc2)cc1,5.494850021680094
O=C(CSc1nnc2c3nncn3c3ccccc3n12)Nc1ccc(C(=O)Nc2cncs2)cc1,5.508638306165727
O=C(Cn1c(=O)c2nncn2c2ccccc21)Nc1ccc(C(=O)Nc2ccc(Cl)cc2)cc1,8.468521082957745
Cc1ccc(O)c(NC(=O)c2ccc(NC(=O)Cn3c(=O)c4nncn4c4ccccc43)cc2)c1,8.4089353929735
O=C(Cn1c(=O)c2nncn2c2ccccc21)Nc1ccc(C(=O)Nc2cc(Cl)ccc2Cl)cc1,8.318758762624412
O=[N+]([O-])c1cccc(-c2nn(-c3ccccc3)cc2C2CC(C3CCCO3)=NN2c2ccccc2)c1,6.040958607678906
CC(=O)N1N=C(C2CCCO2)CC1c1cn(-c2ccccc2)nc1-c1cccc([N+](=O)[O-])c1,6.657577319177793
CC1=NN(c2ccc([N+](=O)[O-])cc2[N+](=O)[O-])C(=O)/C1=C\c1cn(-c2ccccc2)nc1-c1cccc([N+](=O)[O-])c1,6.086186147616283
Cc1ccc2[nH]c(=S)n(-c3ccc(S(=O)(=O)Nc4ccc(Cl)nn4)cc3)c(=O)c2c1,6.616184634019569
O=c1c2cc(Cl)cc(Cl)c2[nH]c(=S)n1-c1ccc(S(=O)(=O)Nc2ccc(Cl)nn2)cc1,6.27083521030723
O=C(CSc1nc2ccccc2c(=O)n1-c1ccc(S(=O)(=O)Nc2ccc(Cl)nn2)cc1)NCCc1ccccc1,6.835647144215563
O=C(CSc1nc2ccccc2c(=O)n1-c1ccc(S(=O)(=O)Nc2ccc(Cl)nn2)cc1)Nc1ccccc1,6.3585258894959
CCCCn1c(SCC(=O)Nc2ccc(S(=O)(=O)Nc3ccc(Cl)nn3)cc2)nc2ccccc2c1=O,6.966576244513051
O=C(CSc1nc2ccccc2c(=O)n1CCc1ccccc1)Nc1ccc(S(=O)(=O)Nc2ccc(Cl)nn2)cc1,7.180456064458132
O=C(CSc1nc2ccccc2c(=O)n1-c1ccccc1)Nc1ccc(S(=O)(=O)Nc2ccc(Cl)nn2)cc1,6.341988603342887
CNC(=O)c1cc(Oc2ccc(NC(=O)Nc3ccc(Cl)c(C(F)(F)F)c3)cc2)ccn1,7.229147988357855
COc1cc2/c(=N/c3ccc(Br)cc3F)nc[nH]c2cc1OCC1CCN(C)CC1,7.026872146400302
CN1CCN(Cc2ccc(NC(=O)[C@@H]3CCN(c4ccc5ncc(-c6ccccn6)n5n4)C3)cc2C(F)(F)F)CC1,7.148130399270234
O=C(Nc1cc(C(F)(F)F)ccc1N1CCCCC1)c1ccncc1,6.017728766960431
Cc1cccc(-c2[nH]c(CNc3ccccc3F)nc2-c2ccc3ncnn3c2)n1,7.013228265733755
COCC(=O)NC/C=C/c1ccc2ncnc(Nc3ccc(Oc4ccc(C)nc4)c(C)c3)c2c1,5.0
CCc1cc(Nc2nccc(-c3c(-c4ccc(OC)c(C(=O)Nc5c(F)cccc5F)c4)nc4ccccn34)n2)c(OC)cc1N1CCC(N2CCN(S(C)(=O)=O)CC2)CC1,5.494850021680094
CCc1cccc(CC)c1NC(=O)c1nn(C)c2c1CCc1cnc(Nc3ccc(C(=O)NC4CCN(C)CC4)cc3OC(F)(F)F)nc1-2,5.0
Cc1cc([C@@H](C)Nc2ccccc2C(=O)O)c2nc(N3CCOCC3)cc(=O)n2c1,3.9318141382538383
CC[C@@H]1CN(C(=O)NCC(F)(F)F)C[C@@H]1c1cnc2cnc3[nH]ccc3n12,5.823908740944319
CCN1CCN(c2ccc(Nc3cc(N(C)C(=O)Nc4c(Cl)c(OC)cc(OC)c4Cl)ncn3)cc2)CC1,6.7447274948966935
CCN1CCN(c2ccc(Nc3cc(N(C)C(=O)Nc4c(Cl)c(OC)cc(OC)c4Cl)ncn3)cc2)CC1,5.838931614528826
CCN1CCN(c2ccc(Nc3cc(N(C)C(=O)Nc4c(Cl)c(OC)cc(OC)c4Cl)ncn3)cc2)CC1,6.027797161620936
CCC(=O)N1CC[C@H](Nc2ncnc3c2CN(c2cnc(OC)c(C(F)(F)F)c2)CC3)C1,5.0
CS(=O)(=O)CCNCc1ccc(-c2ccc3ncnc(Nc4ccc(OCc5cccc(F)c5)c(Cl)c4)c3c2)o1,5.0
Cc1ccc(S(=O)(=O)O)cc1.Cn1cc(Nc2nccc(N3CC4CCC(C3)N4C(=O)[C@@H]3CC3(F)F)n2)cn1,5.795880017344075
Cc1ccc(S(=O)(=O)O)cc1.Cn1cc(Nc2nccc(N3CC4CCC(C3)N4C(=O)[C@@H]3CC3(F)F)n2)cn1,4.522878745280337
