smiles,pIC50
S=C(NCN1CCOCC1)Nc1ccc(Br)cn1,5.0
CCc1cc(NCc2ccc3ccccc3c2)c(O)nc1C,6.339998279897117
O=c1[nH]c2c(c(=O)[nH]1)CNc1ccccc1S2,4.0
C=C(C)CN1Cc2cccc3[nH]c(=O)n(c23)C(C)C1,4.493494967595128
C=C(C)CN1Cc2cccc3[nH]c(=O)n(c23)C(C(C)C)C1,4.899629454882437
CCc1cc(NCc2nc3ccccc3s2)c(O)nc1C,6.459996055149973
CC1C(C)n2c(S)nc3cccc(c32)CN1CC1CC1,4.872895201635193
CC1Cn2c(S)nc3cc(Cl)cc(c32)CN1CC1CC1,7.468521082957745
CCCN1Cc2cccc3[nH]c(=S)n(c23)CC1C,5.777283528852417
CCc1cc(NCc2cc3ccccc3s2)c(O)nc1C,6.299997602857746
CCc1cc(NCc2cnc3ccccc3c2)c(O)nc1C,6.470005326930858
CCc1cc(NCc2cccc3ccccc23)c(O)nc1C,5.679999195735272
O=C1Nc2ccc(Cl)cc2[C@@](C#CC2CC2)(C(F)(F)F)O1,9.1249387366083
CC(C)=CCN1Cc2cccc3[nH]c(=S)n(c23)C(C)C1C,5.653647025549361
CC(=O)OCCOCn1c2c(c(=O)n(C)c1=O)CNc1ccccc1S2,4.0
Cc1ccnc2c1NC(=O)c1cccnc1N2C1CC1,4.638272163982407
S=C(NCN1CCCCC1)Nc1ccc(Br)cn1,5.236572006437063
CC(C)=CCN1CCn2c(=S)[nH]c3ccc(Cl)c(c32)C1,7.337242168318426
O=c1[nH]c(=O)n(COCCO)c2c1CNc1ccccc1S2,4.0
CCc1cc(NCc2c[nH]c3ccccc23)c(O)nc1C,4.65000002688118
CCc1cc(NCc2cccnc2)c(O)nc1C,3.5200000029339815
CC(C)Nc1cccnc1N1CCN(C(=O)c2cc3cc(NS(C)(=O)=O)ccc3[nH]2)CC1,7.6777807052660805
CC1Cn2c(S)nc3cccc(c32)CN1CC1CC1,7.221848749616356
Cc1ccnc2c1NC(=O)c1cccnc1N2C1CC1,6.638272163982407
Fc1ccc(CC/N=C(\S)Nc2ccc(Br)cn2)cc1,5.1938200260161125
CC(C)=CCN1Cc2cc(Cl)cc3nc(O)n(c23)CC1C,6.7447274948966935
O=c1[nH]c(=O)n(COCCO)c2c1C(c1ccccc1)Nc1ccccc1S2,4.0
O=c1[nH]c(=O)n(COCCO)c2c1C(c1ccc([N+](=O)[O-])cc1)Nc1ccccc1S2,4.0
CC(C)=CCN1[C@H](C)Cn2c(S)nc3cc(Cl)cc(c32)[C@@H]1C,6.318758762624412
CCc1cc(NCc2cc3ccncc3o2)c(O)nc1C,3.9800000199290153
CCOCn1c(Cc2ccccc2)c(C(C)C)c(=O)[nH]c1=O,6.096910013008056
CCc1cc(NCc2ccoc2)c(O)nc1C,3.839999991210369
Fc1cccc(CC/N=C(\S)Nc2ccc(Br)cn2)c1,6.154901959985743
CC(C)=CCN1CCn2c(=S)[nH]c3ccc(Cl)c(c32)C1C,7.920818753952375
CCc1cc(NCc2nc3ccccc3o2)c(O)nc1C,6.679999195735272
CC(=O)OCCOCn1c2c(c(=O)[nH]c1=O)CNc1ccccc1S2,4.939302159646388
CC(C)=CCN1CCn2c(=O)[nH]c3cc(Cl)cc(c32)C1C,6.795880017344075
CC(C)=CCN1[C@H](C)Cn2c(=S)[nH]c3cccc(c32)[C@H]1C,7.376750709602099
S=C(NCCC1=CCCCC1)Nc1ccc(Cl)cn1,5.431798275933005
CC(C)=CCN1Cc2cc(Cl)cc3nc(S)n(c23)CC1C,7.366531544420414
CC(C)=CCN1Cc2cccc3[nH]c(=S)n(c23)C[C@@H]1C,7.013228265733755
CCc1cc(NCc2ccccc2)c(O)nc1C,5.269999835325842
CC(C)Nc1cccnc1N1CCN(C(=O)c2cc3cc(NS(C)(=O)=O)ccc3[nH]2)CC1,5.823908740944319
CCOCCOCn1c2c(c(=O)[nH]c1=O)CNc1ccccc1S2,6.1938200260161125
CCc1cc(NCc2cc3cnccc3o2)c(O)nc1C,4.489999942195333
CC(C)=CCN1Cc2cccc3nc(O)n(c23)C(C)C1C,4.246416941107094
CC(C)=CCN1[C@H](C)Cn2c(O)nc3cc(Cl)cc(c32)[C@@H]1C,6.638272163982407
CSCSc1cc(Cc2ccccc2)c(C(C)C)c(O)n1,5.251811972993799
CC(C)=CCN1CC(C)n2c(S)nc3cccc(c32)C1C,4.58838029403677
S=C(NCCc1ccccc1Cl)Nc1ccc(Br)cn1,6.154901959985743
CCc1cc(NCc2ccco2)c(O)nc1C,4.539999925177879
COc1ccc(OC)c(CCNC(=S)Nc2ccc(Br)cn2)c1,7.0
Fc1ccccc1CC/N=C(\S)Nc1ccc(Br)cn1,6.221848749616356
CC(C)=CCN1Cc2cccc3nc(O)n(c23)CC1C,5.478861916295964
CCOCn1c2c(c(=O)[nH]c1=O)CNc1ccccc1S2,4.29929628285498
CC(C)=CCN1CCn2c(=O)[nH]c3cccc(c32)C1C,4.91721462968355
CC(C)=CCN1[C@H](C)Cn2c(=S)[nH]c3cccc(c32)[C@@H]1C,5.939302159646388
CCCN1Cc2cccc3[nH]c(=O)n(c23)CC1C,4.224025668870631
CCc1cc(NCc2nc3ccccc3[nH]2)c(O)nc1C,5.119999756699334
CCc1cc(NCc2cc3ccccc3o2)c(O)nc1C,6.480001470881152
CSCSc1cc(Cc2cc(C)cc(C)c2)c(C(C)C)c(O)n1,5.154901959985743
CC(C)=CCN1Cc2c(Cl)ccc3[nH]c(=S)n(c23)C[C@@H]1C,8.301029995663981
CC(=O)OCCOCn1c2c(c(=O)[nH]c1=O)C(=O)Nc1ccccc1S2,4.0
CCc1cc(NCc2cc3ccccc3[nH]2)c(O)nc1C,5.359999833093897
C=C(C)CN1Cc2cc(Cl)cc3[nH]c(=S)n(c23)C(C)C1,6.173925197299173
CC(C)=CCN1CCn2c(=S)[nH]c3cccc(c32)C1C,7.107905397309519
CC(=O)OCCOCn1c2c(c(=O)[nH]c1=O)CN(C)c1ccccc1S2,4.8326826652518236
CCCN1CCn2c(=S)[nH]c3cccc(c32)C1C,5.614393726401688
CCc1cc(NCc2ccccn2)c(O)nc1C,4.820000071285178
CC(C)=CCN1CCn2c(=O)[nH]c3ccc(Cl)c(c32)C1C,6.838631997765025
C=C(C)CN1Cc2cccc3nc(S)n(c23)CC1C,7.585026652029182
S=C(NCCc1ccccn1)Nc1ccc(Br)cn1,6.096910013008056
CC(C)=CCN1CCn2c(=S)[nH]c3cc(Cl)cc(c32)C1,6.795880017344075
CC1CN(CC2CC2)Cc2cc(Cl)cc3[nH]c(=S)n1c23,5.661543506395395
C=C(C)CN1Cc2cccc3[nH]c(=O)n(c23)C(CCC)C1,4.317854923626168
C=C(C)CN1Cc2cccc3[nH]c(=O)n(c23)CC1C,4.459670525209126
CC(C)=CCN1CCn2c(=S)[nH]c3cc(Cl)cc(c32)C1C,7.638272163982407
CCc1cc(NCc2ccc3ccccc3n2)c(O)nc1C,6.279997898282849
CC(=O)OCCOCn1c2c(c(=O)[nH]c1=O)C(c1ccccc1)Nc1ccccc1S2,4.0
CN1N=C(N)c2cn(C3C[C@@H](O)[C@@H](CO)O3)c3ncnc1c23,4.0
CN1N=C(N)c2cn([C@@H]3O[C@H](COP(=O)(O)O)[C@@H](O)[C@H]3O)c3ncnc1c23,7.3979400086720375
CN1N=C(N)c2cn([C@H]3C=C[C@@H](CO)O3)c3ncnc1c23,4.0
CN1N=C(N)c2cn([C@H]3CC[C@@H](CO)O3)c3ncnc1c23,4.6777807052660805
CN1N=C(N)c2cn([C@@H]3O[C@H](CO)C[C@H]3O)c3ncnc1c23,4.0
CN1N=C(N)c2cn([C@@H]3O[C@H](CO)[C@@H](O)[C@H]3O)c3ncnc1c23,7.3979400086720375
CN1N=C(N)c2cn(C3O[C@H](CO)[C@H]4O[C@H]34)c3ncnc1c23,4.0
C[C@H]1OC(n2cc3c4c(ncnc42)N(C)N=C3N)[C@H](O)[C@@H]1O,4.0
Oc1ncccc1C(C#CC1CC1)(OCc1ccccn1)C(F)(F)F,7.585026652029182
CCc1cnc(O)c(CCc2nc3ccccc3o2)c1,6.752026733638194
CCc1cc(NCc2c(C)cccc2OC)c(O)nc1C,5.886056647693163
CCc1cc(NCc2cc(CC)c(C)nc2OC)c(O)nc1C,7.721246399047171
Cc1nnc2n1-c1cccnc1N(C1CC1)c1ncccc1-2,4.939302159646388
Oc1ncccc1C(/C=C/C1CC1)(OCc1ccccc1)C(F)(F)F,7.77780395369828
CCc1cc(C(C#CC2CC2)(OCc2c(F)cccc2F)C(F)(F)F)c(O)nc1C,6.212539525481585
Cc1nc(O)c(CCc2nc3ccccc3o2)cc1CO,5.468521082957745
CCN1c2ncccc2-c2nccn2-c2ccc(N3CC=CCC3)nc21,5.4089353929735005
CCc1cc(CCc2ccc3ccccc3c2)c(O)nc1C,5.075720713938118
CCc1cc(CCc2nc3c(Cl)cccc3o2)c(S)nc1C,7.522878745280337
CCc1cc(NCc2cccc(OC)c2)c(O)nc1C,5.903089986991944
CCc1cc(NCc2cccc(C)c2OC)c(O)nc1C,5.42021640338319
CCc1cc(NCc2cc(C)c(C)nc2OC)c(O)nc1C,8.045757490560675
CCN1c2ncccc2-c2ncc(C)n2-c2ccc(OC)nc21,6.721246399047171
CCc1cc(C(C#CC2CC2)(OCc2ccc(Cl)cc2Cl)C(F)(F)F)c(O)nc1C,5.569280112136718
CCc1cc(CCc2nc3cc(F)ccc3o2)c(O)nc1C,5.769551078621726
CCc1cc(NCc2nc3c(Cl)ccc(Cl)c3o2)c(O)nc1C,7.698970004336019
CC(C)=CCN1Cc2cccc3[nH]c(=S)n(c23)C[C@@H]1C,7.154901959985743
Oc1ncccc1C(C#CC1CC1)(Oc1cccc(Oc2ccccc2)c1)C(F)(F)F,7.6136794261059535
CCc1cc(CCc2nc3ccc(F)cc3o2)c(O)nc1C,6.354577730650908
CCc1cc(CCc2nc3cccc(F)c3o2)c(S)nc1C,7.366531544420414
Cc1nc(O)c(CCc2nc3ccccc3o2)cc1C#N,6.508638306165727
COCc1cc(CCc2nc3ccccc3o2)c(O)nc1C,5.6777807052660805
CCCCOC(C#CC1CC1)(c1cc(CC)c(C)nc1O)C(F)(F)F,6.889410289700751
CCc1cc(NCc2cc3ccccc3nc2OC)c(O)nc1C,7.468521082957745
Cc1ccnc2c1-n1ccnc1-c1cccnc1N2C1CC1,5.688246138944246
Cc1cc(CCc2nc3ccccc3o2)c(O)nc1C,6.769551078621726
CCc1cc(NCc2ccccc2C(F)(F)F)c(O)nc1C,4.903089986991944
CCc1cc(CCc2nc3ccccc3o2)c(O)nc1C,7.698970004336019
CCc1cc(C(C#CC2CC2)(OCc2c(Cl)cccc2Cl)C(F)(F)F)c(O)nc1C,7.386158178123931
CCc1cc(CCc2nc3c(Cl)ccc(Cl)c3o2)c(S)nc1C,7.522878745280337
CCCc1cc(CCc2nc3c(Cl)ccc(Cl)c3o2)c(O)nc1C,7.468521082957745
Cc1ccnc2c1NC(=O)c1cccnc1N2C1CC1,7.136677139879544
CCOC(C#CC1CC1)(c1cc(CC)c(C)nc1O)C(F)(F)F,6.73754891026957
CCc1cc(CCc2ncc(-c3ccccc3)o2)c(O)nc1C,6.414539270491499
CCc1cc(CCc2nc3c(F)ccc(F)c3o2)c(O)nc1C,7.853871964321762
CCc1cc(CCc2cc(CC)c(C)nc2O)c(O)nc1C,6.3979400086720375
CCN1c2ncccc2C(=O)Nc2c(C)ccnc21,4.987162775294828
Fc1cccc(F)c1Cn1c(-c2ccccc2)nc2ccccc21,4.795880017344075
CCc1cc(CCc2cc3ccccc3o2)c(O)nc1C,6.886056647693163
CCc1cc(CCC(=O)Nc2ccccc2O)c(O)nc1C,5.267606240177032
CCc1cc(NCc2ccccc2OC)c(O)nc1C,6.576754126063192
CCN1c2ncccc2-c2ncc(C)n2-c2ccc(N(C)C)nc21,5.619788758288394
CCN1c2ncccc2-c2ncc(C)n2-c2c(C)cc(O)nc21,4.913640169325252
CCc1cc(CCc2ccccc2)c(O)nc1C,4.301029995663981
CCN1c2ncccc2-c2nccn2-c2c(C)ccnc21,5.790484985457369
CCN1c2ncccc2-c2ncc(C)n2-c2ccc(N3CC=CCC3)nc21,5.568636235841013
Fc1cccc(F)c1-c1nc2ccccc2n1Cc1ccccc1,4.730487055782084
CCc1cc(C(C#CC2CC2)(OCC2CC2)C(F)(F)F)c(O)nc1C,6.72584215073632
CCc1cc(CCc2nc3c(Cl)cccc3o2)c(O)nc1C,7.2076083105017466
CCc1cc(CCc2nc3cccc(F)c3o2)c(O)nc1C,7.431798275933005
CCc1cc(S(=O)(=O)Cc2nc3c(Cl)ccc(Cl)c3o2)c(O)nc1C,6.688246138944246
CCc1cc(NCc2ccccc2[N+](=O)[O-])c(O)nc1C,6.275724130399211
CCc1cc(NCc2ccccc2F)c(O)nc1C,5.853871964321762
CCc1cc(NCc2nc3c(cc2OC)CCC3)c(O)nc1C,7.3979400086720375
CCc1cc(NCc2nc3c(cc2OC)CCCC3)c(O)nc1C,7.327902142064283
CCc1nc2n(c1C)-c1cccnc1N(CC)c1ncccc1-2,5.249491605148654
Cc1cccc2c1nc(-c1c(F)cccc1F)n2Cc1c(F)cccc1F,3.6989700043360187
Oc1nc2ccccc2cc1C(C#CC1CC1)(OCc1ccccc1)C(F)(F)F,7.443576878628715
CCc1cc(CCc2nc3cccc(Cl)c3o2)c(O)nc1C,7.4089353929735005
Oc1ncccc1C(C#Cc1ccccc1)(OCc1ccccc1)C(F)(F)F,7.93218548883816
CCc1cc(NCc2cccnc2OC)c(O)nc1C,6.167491087293763
CCc1cc(C(C#CC2CC2)(OC)C(F)(F)F)c(O)nc1C,6.113509274827518
CCc1cc(CCc2nc3ccccc3s2)c(O)nc1C,6.431798275933005
CCc1cc(NCc2ccc(C)cc2OC)c(O)nc1C,7.494850021680094
CCN1c2ncccc2-c2nccn2-c2ccc(OC)nc21,6.221848749616356
CCc1cc(CCc2nc3ccc(C)cc3o2)c(O)nc1C,6.764471553092451
CCc1cc(CCc2nc3ccccc3o2)c(S)nc1C,7.619788758288394
CCN1c2ncccc2-c2nccn2-c2ccc(N(C)C)nc21,5.4089353929735005
O=C1Nc2ccc(Cl)cc2[C@@](C#CC2CC2)(C(F)(F)F)O1,7.327902142064283
CCc1cc(CCc2nc3c(Cl)ccc(Cl)c3o2)c(O)nc1C,7.853871964321762
CCc1cc(CCc2nc3cccc(Cl)c3o2)c(S)nc1C,7.5376020021010435
CCc1cc([S+]([O-])Cc2nc3c(Cl)ccc(Cl)c3o2)c(O)nc1C,5.853871964321762
Cc1cc(CCc2nc3c(Cl)ccc(Cl)c3o2)c(O)nc1C,7.013228265733755
CCc1ccc(OC)c(CNc2cc(CC)c(C)nc2O)c1,7.494850021680094
CCc1cc(CCc2nc3ccccc3o2)c(O)nc1C,7.638272163982407
CCc1cc(SCc2nc3c(Cl)ccc(Cl)c3o2)c(O)nc1C,7.958607314841775
Cc1nc(O)c(CCc2nc3ccccc3o2)cc1-c1ccccc1,5.958607314841775
CCc1cc(NCc2ccccc2N)c(O)nc1C,4.552841968657781
CCc1cc(NCc2ccccc2COC)c(O)nc1C,4.449771646944906
CCc1cc(NCc2ncccc2OC)c(O)nc1C,5.809668301829708
CCN1c2ncccc2-c2nc(C)cn2-c2cccnc21,4.950781977329818
CCc1cc(NCc2nc3c(Cl)ccc(Cl)c3o2)c(O)nc1C,7.721246399047171
CCOCn1c(Sc2ccccc2)c(CC)c(=O)[nH]c1=O,7.494850021680094
CCc1cc(CCc2nc3c(C)ccc(C)c3o2)c(O)nc1C,7.552841968657781
CCc1cc(NCc2ccccc2C#N)c(O)nc1C,6.102372908709558
CCc1cc(NCc2cc(C)ccc2OC)c(O)nc1C,7.638272163982407
CCc1ccc(CNc2cc(CC)c(C)nc2O)c(OC)c1,6.292429823902063
CCc1cc(NCc2nc(C)c(C)cc2OC)c(O)nc1C,7.154901959985743
Cc1ccnc2c1NC(=O)c1cccnc1N2C1CC1,5.1911141326401875
Oc1ncccc1C(C#CC1CC1)(OCc1ccncc1)C(F)(F)F,5.090711475837749
CCc1cc(OCc2nc3ccccc3o2)c(O)nc1C,6.718966632752273
CCc1cc(Cc2nc3ccccc3o2)c(O)nc1C,4.346787486224656
CCCc1cc(CCc2nc3ccccc3o2)c(O)nc1C,7.080921907623926
CCc1cc(NCc2cc(C)c(C)cc2OC)c(O)nc1C,8.096910013008056
CCc1cc(C(C#CC2CC2)(OCc2cc(OC)cc(OC)c2)C(F)(F)F)c(O)nc1C,5.415329615535652
CCc1cc(NCc2nc3ccccc3o2)c(O)nc1C,6.6777807052660805
CCc1cc(NCc2cc3c(nc2OC)CCCC3)c(O)nc1C,7.455931955649724
Cc1cccc2c1nc(-c1c(F)cccc1F)n2Cc1ccccc1,5.795880017344075
CCc1cc(CNc2nc3ccccc3o2)c(O)nc1C,5.903089986991944
Cc1nc(O)c(CCc2nc3ccccc3o2)cc1C(C)C,7.318758762624412
CCc1cc(NCc2ccccc2SC)c(O)nc1C,5.823908740944319
CCc1cc(CNc2cc(CC)c(C)nc2O)c(O)nc1C,7.040958607678906
CCc1cc(C(C#CC2CC2)(OCc2ccccc2)C(F)(F)F)c(O)nc1C,5.870310107800699
CCc1cc(CCc2nc3c(C)ccc(C)c3o2)c(S)nc1C,7.2839966563652006
CCc1cc(CCC(=O)Nc2c(O)cc(Cl)cc2Cl)c(O)nc1C,3.5228787452803374
CCOc1ccccc1CNc1cc(CC)c(C)nc1O,6.455931955649724
CCN1c2ncccc2-c2ncc(C)n2-c2cccnc21,5.913640169325252
Fc1cccc(F)c1C1SCc2nc3ccccc3n21,6.301029995663981
CCc1cc(CCCc2nc3ccccc3o2)c(O)nc1C,4.795880017344075
CCc1cc(NCc2ccncc2OC)c(O)nc1C,3.958607314841775
CCNc1cccnc1N1CCN(C(=O)c2cc3cc(OC)ccc3[nH]2)CC1,5.958607314841775
Oc1ncccc1C(C#CC1CC1)(OCc1ccccc1)C(F)(F)F,7.927382523454764
CCCOC(C#CC1CC1)(c1cc(CC)c(C)nc1O)C(F)(F)F,6.978810700930062
CCc1cc(CCc2ccc3ccccc3n2)c(O)nc1C,5.610833915635467
CCc1cc(CCc2nc3cccc(C)c3o2)c(O)nc1C,7.3979400086720375
CCc1cc(/C=C\c2nc3ccccc3o2)c(O)nc1C,5.522878745280337
CCc1cc(NCc2ccccc2Cl)c(O)nc1C,5.838631997765025
CCc1cc(NCc2ccc(OC)cc2)c(O)nc1C,5.1249387366083
CCc1cc(CCc2cc(CC)c(C)nc2OC)c(O)nc1C,7.187086643357144
CCc1cc(NCc2nc3c(Cl)ccc(Cl)c3o2)c(O)nc1C,7.721246399047171
Fc1cccc(F)c1Cn1c(-c2c(F)cccc2F)nc2ccccc21,3.958607314841775
Oc1ncccc1C(/C=C/c1ccccc1)(OCc1ccccc1)C(F)(F)F,7.357634419155026
Oc1ncccc1C(C#CC1CC1)(OCc1cccnc1)C(F)(F)F,7.592439150513638
CCc1cc(C(C#CC2CC2)(OCc2c(F)cccc2Cl)C(F)(F)F)c(O)nc1C,5.2151688218755305
CCc1cc(CCN2C(=O)c3ccccc3C2=O)c(O)nc1C,5.431798275933005
CCc1cc(CCc2nc3c(F)cccc3o2)c(S)nc1C,7.886056647693163
CCc1cc(/C=C/c2nc3ccccc3o2)c(O)nc1C,5.229147988357856
CCc1cc(NCc2ccccc2O)c(O)nc1C,5.337242168318426
CCc1cc(NCc2nc(CC)c(C)cc2OC)c(O)nc1C,7.154901959985743
CCc1cc(NCc2ccccc2)c(O)nc1C,5.275724130399211
CCc1cc(CCc2nc3c(C)cccc3o2)c(O)nc1C,7.481486060122112
CCc1cc(OCc2nc3c(Cl)ccc(Cl)c3o2)c(O)nc1C,7.055517327849832
CCc1cc(C(C#CC2CC2)(OCC#N)C(F)(F)F)c(O)nc1C,5.73471037413917
CCc1cc(CCc2ccccn2)c(O)nc1C,3.585026652029182
CCc1cc(CCc2cc3cnccc3o2)c(O)nc1C,4.8696662315049934
CCc1cc(CCc2nc3c(F)cccc3o2)c(O)nc1C,7.823908740944319
CCc1cc(CCc2nc3c(F)ccc(F)c3o2)c(S)nc1C,7.823908740944319
CCc1cc(NCc2cccnc2)c(O)nc1C,3.5228787452803374
CCC1=C(C)NC(N)C(CCc2nc3ccccc3o2)=C1,4.0
CCc1cc(NCc2ccccc2C)c(O)nc1C,5.657577319177793
CCc1ccccc1CNc1cc(CC)c(C)nc1O,5.161150909262744
CCc1cc(CNc2cc(CC)c(C)nc2O)c(OC)cc1C,7.481486060122112
CCN1c2ncccc2-c2nc(C)cn2-c2cccnc21,4.950781977329818
CCc1cc(C(C#CC2CC2)(OCc2c(F)cccc2OC)C(F)(F)F)c(O)nc1C,5.709742730605482
Cc1nc(O)c(CCc2nc3ccccc3o2)cc1C(N)=O,4.3819519032879075
Cc1nc(O)c(CCc2nc3ccccc3o2)cc1N(C)C,5.732828271596986
CCc1cc(NCc2cc3c(cc2OC)CCC3)c(O)nc1C,7.3979400086720375
CCc1cc(CCC2=NC3CCCCC3O2)c(O)nc1C,7.236572006437063
CCc1cc(NCC(=O)Nc2c(O)cc(Cl)cc2Cl)c(O)nc1C,3.5228787452803374
CCc1cc(NCc2cnccc2OC)c(O)nc1C,5.0
O=S(=O)(c1ccccc1)c1c(C2=NCCN2)[nH]c2ccc(Cl)cc12,6.446116973356125
O=S(=O)(c1ccccc1)c1c(C2=NCCN2)[nH]c2ccc(Cl)cc12,3.5228787452803374
O=C1CSC(c2c(Cl)cccc2Cl)N1c1ccc(Br)cn1,4.247183568811729
O=[N+]([O-])c1cccc(Cn2c(Br)nc3cc(Cl)c(Cl)cc32)c1,4.494850021680094
O=S(=O)(c1ccccc1)c1c(-c2ncc[nH]2)[nH]c2ccc(Cl)cc12,7.638272163982407
O=S(=O)(c1ccccc1)c1c(-c2ncc[nH]2)[nH]c2ccc(Cl)cc12,5.97061622231479
O=S(=O)(c1ccccc1)c1c(-c2ncc[nH]2)[nH]c2ccc(Cl)cc12,3.5228787452803374
Clc1ccc(Cn2c(Br)nc3cc(Cl)c(Cl)cc32)cc1Cl,4.0
COc1ccc(Cn2c(Br)nc3cc(Cl)c(Cl)cc32)cc1,4.0
CCCc1[nH]c(-c2[nH]c3ccc(Cl)cc3c2S(=O)(=O)c2ccccc2)nc1C,6.6777807052660805
CCCc1[nH]c(-c2[nH]c3ccc(Cl)cc3c2S(=O)(=O)c2ccccc2)nc1C,3.5228787452803374
O=S(=O)(c1ccccc1)c1c(C2=NCCS2)[nH]c2ccc(Cl)cc12,5.903089986991944
O=S(=O)(c1ccccc1)c1c(C2=NCCS2)[nH]c2ccc(Cl)cc12,3.5228787452803374
Cc1ccc(N2C(=O)CSC2c2c(C)cccc2Cl)nc1,4.372634143407267
Cc1ccnc(N2C(=O)CSC2c2c(F)cccc2F)c1,5.546681659952962
Cc1cn([C@H]2CC(F)(F)[C@@H](CO)O2)c(=O)[nH]c1=O,5.055517327849832
O=C1CSC(c2c(F)cccc2F)N1c1ccc(Br)cn1,4.211831628858833
Cc1cccc(N2C(=O)CSC2c2c(Cl)cccc2Cl)n1,5.649751981665837
Cc1ccc(Cn2c(Cl)nc3cc(Cl)c(Cl)cc32)cc1,4.0
Nc1nc2cc(Cl)c(Cl)cc2n1Cc1ccc(C(F)(F)F)cc1,4.698970004336019
c1ccc2[nH]c(-c3cscn3)nc2c1,4.835647144215563
Cc1cccc(N2C(=O)CSC2c2c(F)cccc2F)n1,5.5376020021010435
Cc1cn([C@H]2CC[C@@H](CO)O2)c(=O)[nH]c1=O,7.301029995663981
O=[N+]([O-])c1ccc(Cn2c(Cl)nc3cc(Cl)c(Cl)cc32)cc1,4.0
Cc1nc(-c2[nH]c3ccc(Cl)cc3c2S(=O)(=O)c2ccccc2)[nH]c1C,7.657577319177793
Cc1nc(-c2[nH]c3ccc(Cl)cc3c2S(=O)(=O)c2ccccc2)[nH]c1C,4.522878745280337
Cc1nc(-c2[nH]c3ccc(Cl)cc3c2S(=O)(=O)c2ccccc2)[nH]c1C,3.5228787452803374
Cc1cn([C@H]2C[C@H](F)[C@@H](CO)O2)c(=O)[nH]c1=O,7.301029995663981
Cc1cn([C@H]2C[C@H](N=[N+]=[N-])[C@@H](CO)O2)c(=O)[nH]c1=O,8.508638306165727
Nc1nc2cc(Cl)c(Cl)cc2n1Cc1ccc(Cl)cc1,5.0
Nc1nc(-c2[nH]c3ccc(Cl)cc3c2S(=O)(=O)c2ccccc2)cs1,6.653647025549361
Nc1nc(-c2[nH]c3ccc(Cl)cc3c2S(=O)(=O)c2ccccc2)cs1,3.5228787452803374
Cc1cccc(Cn2c(Br)nc3cc(Cl)c(Cl)cc32)c1,4.180456064458132
Cc1cnc(-c2[nH]c3ccc(Cl)cc3c2S(=O)(=O)c2ccccc2)[nH]1,8.045757490560675
Cc1cnc(-c2[nH]c3ccc(Cl)cc3c2S(=O)(=O)c2ccccc2)[nH]1,3.5228787452803374
Cc1cn([C@H]2C[C@H](N=[N+]=[N-])[C@@H](CO)O2)c(=O)[nH]c1=O,7.3979400086720375
Cc1cccc(N2C(=O)CSC2c2c(C)cccc2F)n1,5.54515513999149
O=C1CSC(c2c(F)cccc2F)N1c1ccc(Cl)cn1,4.173925197299174
Cc1ccnc(N2C(=O)CSC2c2c(F)cccc2Cl)c1,5.3851027839668655
Cc1cc(C)nc(N2C(=O)CSC2c2c(F)cccc2F)c1,5.3851027839668655
FC(F)(F)c1cc(Cn2c(Br)nc3cc(Cl)c(Cl)cc32)cc(C(F)(F)F)c1,4.0
CCCN1C(=O)c2ccccc2Sc2ccccc21,6.3979400086720375
CCN1C(=O)c2cc(N)ccc2Oc2ccccc21,6.838631997765025
Cc1cc2c(cc1C)N(C)C(=O)c1cc(N)cnc1O2,6.492144128304169
CCCN1C(=O)c2cc(N)ccc2Oc2ccc(C)c(C)c21,6.173925197299173
CCN1C(=O)c2cccnc2Oc2cc(C)cc(C)c21,7.5376020021010435
COC(=O)c1cc(C)cc2c1N(C)C(=O)c1cccnc1O2,7.657577319177793
CCN1C(=O)c2cc(N)cnc2Oc2cc(C)c(C)cc21,7.1487416512809245
CCN1C(=S)c2cccnc2Oc2cc(C)cc(C)c21,7.045757490560675
CCCN1C(=O)c2cc(N)ccc2Oc2cc(C)c(C)cc21,6.782516055786093
CCN1C(=O)c2cc(N)ccc2Oc2cc(C)cc(C)c21,7.366531544420414
Cc1ccc2c(c1)Oc1ncc(N)cc1C(=O)N2C,6.6020599913279625
Cc1cc(N)c2c(c1)Oc1ncccc1C(=O)N2C,6.0
Cc1ccc2c(c1)Oc1ccc(O)cc1C(=O)N2C,6.1938200260161125
Cc1cc(C)c2c(c1)Oc1ccccc1C(=O)N2C,7.2441251443275085
Cc1cc(C)c2c(c1)Oc1ccc(O)cc1C(=O)N2C,7.200659450546418
CCCN1C(=O)c2cc(N)ccc2Oc2c(C)cc(C)cc21,6.045757490560675
CCN1C(=O)c2cc(N)ccc2Oc2ccc(C)cc21,6.619788758288394
Cc1ccc2c(c1)Oc1ccc(C#N)cc1C(=O)N2C,6.552841968657781
Cc1cc2c(c([N+](=O)[O-])c1)N(C)C(=O)c1cccnc1O2,7.638272163982407
C=CCN1C(=O)c2ccccc2Oc2ccccc21,6.3325470471100465
CCCN1C(=O)c2cc(N)ccc2Oc2cc(C)ccc21,6.886056647693163
Cc1cc(C)c2c(c1)Oc1ccc(C#N)cc1C(=O)N2C,7.301029995663981
CCN1C(=O)c2cccnc2Oc2cc(C)cc(N)c21,6.87942606879415
CCCN1C(=S)c2ccccc2Oc2ccccc21,5.657577319177793
CCN1C(=O)c2cccnc2Oc2cc(C)cc([N+](=O)[O-])c21,7.508638306165727
Cc1cc(C)c2c(c1)Oc1ccc(N)cc1C(=O)N2C,7.698970004336019
CCCN1C(=O)c2ccccc2Oc2nc(Cl)ccc21,6.6777807052660805
Cc1cc(C)c2c(c1)Oc1ncc(N)cc1C(=O)N2C,7.337242168318426
CCN1C(=O)c2cccnc2Oc2cc(C)cc(C#N)c21,7.721246399047171
Cc1ccc2c(c1)Oc1ccccc1C(=O)N2C,6.221848749616356
CCCN1C(=O)c2cc(N)ccc2Oc2cccc(C)c21,6.585026652029182
CN1C(=O)c2cc(N)ccc2Oc2ccccc21,6.7447274948966935
CCCN1C(=O)c2ccccc2Oc2ccccc21,6.425968732272281
CCN1C(=O)c2ccccc2Oc2ccccc21,6.251811972993799
Cc1cc2c(cc1C)N(C(C)C)C(=O)c1cc(N)cnc1O2,7.346787486224656
CCN1C(=O)c2cc(N)cnc2Oc2cc(C)cc(C)c21,7.568636235841013
CSCCN1C(=O)c2ccccc2Oc2nc(Cl)ccc21,7.142667503568732
Cc1cc(C#N)c2c(c1)Oc1ncccc1C(=O)N2C,7.259637310505756
CC(C)N1C(=O)c2ccccc2Oc2ccccc21,6.468521082957745
Cc1ccc2c(c1)Oc1ccc(N)cc1C(=O)N2C,7.522878745280337
CCN1C(=O)c2cc(N)ccc2Oc2cccc(C)c21,7.221848749616356
CCN1C(=O)c2cccnc2Oc2cccc([N+](=O)[O-])c21,6.464705879957229
C[C@@H](Sc1nc(N)cc(Cl)n1)c1cc2ccoc2cn1,7.070581074285707
C[C@@H](Sc1nc(N)cc(Cl)n1)c1cc2ccoc2cn1,7.6020599913279625
C[C@@H](Sc1nc(N)cc(Cl)n1)c1cc2ccoc2cn1,4.301029995663981
COC(=O)N[C@H](C(=O)N[C@@H](Cc1ccccc1)[C@@H](O)CN(CCC(C)C)NC(=O)[C@@H](NC(=O)OC)C(C)C)C(C)C,7.795880017344075
CC(C)Nc1cccnc1N1CCN(C(=O)c2cc3cc(NS(C)(=O)=O)ccc3[nH]2)CC1,6.585026652029182
CC(C)Nc1cccnc1N1CCN(C(=O)c2cc3cc(NS(C)(=O)=O)ccc3[nH]2)CC1,4.7447274948966935
CC(C)Nc1cccnc1N1CCN(C(=O)c2cc3cc(NS(C)(=O)=O)ccc3[nH]2)CC1,5.080921907623926
COC(=O)N[C@H](C(=O)N[C@@H](Cc1ccccc1)[C@@H](O)CN(Cc1ccc(-c2ccccc2)cc1)NC(=O)[C@@H](NC(=O)OC)C(C)(C)C)C(C)(C)C,7.236572006437063
CCOC(=O)N[C@H](C(=O)NN(Cc1ccc(-c2cncs2)cc1)C[C@H](O)[C@H](Cc1ccccc1)NC(=O)[C@@H](NC(=O)OC)C(C)(C)C)C(C)C,7.657577319177793
COC(=O)N[C@H](C(=O)N[C@@H](Cc1ccccc1)[C@@H](O)CN(Cc1ccc(-c2nnn(C(C)(C)C)n2)cc1)NC(=O)[C@@H](NC(=O)OC)C(C)(C)C)C(C)(C)C,7.142667503568732
CCC(C)[C@H](NC(=O)OC)C(=O)N[C@@H](Cc1ccccc1)[C@@H](O)CN(Cc1ccc(-c2ccccn2)cc1)NC(=O)[C@@H](NC(=O)OC)C(C)C,7.552841968657781
COC(=O)N[C@H](C(=O)N[C@@H](Cc1ccccc1)[C@@H](O)CN(Cc1ccc(-c2nccs2)cc1)NC(=O)[C@@H](NC(=O)OC)C(C)(C)C)C(C)(C)C,7.481486060122112
COC(=O)N[C@H](C(=O)N[C@@H](Cc1ccccc1)[C@@H](O)CN(Cc1ccc(-c2ccccn2)cc1)NC(=O)[C@@H](NC(=O)OC)C(C)(C)C)C(C)C,7.698970004336019
COC(=O)N[C@H](C(=O)N[C@@H](Cc1ccccc1)[C@@H](O)CN(Cc1ccc(-c2nnn(C)n2)cc1)NC(=O)[C@@H](NC(=O)OC)C(C)(C)C)C(C)(C)C,7.568636235841013
CCN(CC)c1ccc(CN(C[C@H](O)[C@H](Cc2ccccc2)NC(=O)[C@@H](NC(=O)OC)C(C)(C)C)NC(=O)[C@@H](NC(=O)OC)C(C)(C)C)cc1,7.3872161432802645
CC(Sc1nc(N)cc(Cl)n1)c1cc2ccoc2cn1,7.619788758288394
CC(Sc1nc(N)cc(Cl)n1)c1cc2ccoc2cn1,7.657577319177793
CC(Sc1nc(N)cc(Cl)n1)c1cc2ccoc2cn1,6.443697499232712
CC(Sc1nc(N)cc(Cl)n1)c1cc2ccoc2cn1,7.356547323513812
CC(Sc1nc(N)cc(Cl)n1)c1cc2ccoc2cn1,7.356547323513812
CC(Sc1nc(N)cc(Cl)n1)c1cc2ccoc2cn1,7.259637310505756
COC(=O)N[C@H](C(=O)NN(Cc1ccc(-c2ccccn2)cc1)C[C@H](O)[C@H](Cc1ccccc1)NC(=O)[C@@H](NC(=O)OC)C(C)(C)C)C(C)C,7.508638306165727
COC(=O)N[C@H](C(=O)N[C@@H](Cc1ccccc1)[C@@H](O)CN(Cc1ccc(-c2ccccn2)cc1)NC(=O)[C@@H](NC(=O)OC)C(C)(C)C)C(C)(C)C,7.585026652029182
COC(=O)N[C@H](C(=O)N[C@@H](Cc1ccccc1)[C@@H](O)CN(Cc1ccc(-c2ccccc2)cc1)NC(=O)[C@@H](NC(=O)OC)C(C)(C)C)C(C)C,7.292429823902063
COC(=O)N[C@H](C(=O)N[C@@H](Cc1ccccc1)[C@@H](O)CN(Cc1ccc(-c2cncs2)cc1)NC(=O)[C@@H](NC(=O)OC)C(C)(C)C)C(C)(C)C,7.3872161432802645
C[C@H](Sc1nc(N)cc(Cl)n1)c1cc2ccoc2cn1,7.698970004336019
C[C@H](Sc1nc(N)cc(Cl)n1)c1cc2ccoc2cn1,7.657577319177793
C[C@H](Sc1nc(N)cc(Cl)n1)c1cc2ccoc2cn1,6.747146969020107
C[C@H](Sc1nc(N)cc(Cl)n1)c1cc2ccoc2cn1,7.769551078621726
C[C@H](Sc1nc(N)cc(Cl)n1)c1cc2ccoc2cn1,7.4089353929735005
C[C@H](Sc1nc(N)cc(Cl)n1)c1cc2ccoc2cn1,7.113509274827518
CCOC(=O)N[C@H](C(=O)NN(Cc1ccc(-c2ccccn2)cc1)C[C@H](O)[C@H](Cc1ccccc1)NC(=O)[C@@H](NC(=O)OC)C(C)C)C(C)C,7.468521082957745
COC(=O)N[C@H](C(=O)NN(Cc1ccc(-c2ccccc2)cc1)C[C@H](O)[C@H](Cc1ccccc1)NC(=O)[C@@H](NC(=O)OC)C(C)(C)C)C(C)C,7.070581074285707
COC(=O)N[C@H](C(=O)N[C@@H](Cc1ccccc1)[C@@H](O)CN(Cc1ccc(-c2ccccn2)cc1)NC(=O)[C@@H](NC(=O)OC)C(C)C)C(C)C,7.5376020021010435
CCOC(=O)N[C@H](C(=O)N[C@@H](Cc1ccccc1)[C@@H](O)CN(CC1CCCCC1)NC(=O)[C@@H](NC(=O)OCC)C(C)C)C(C)C,6.752026733638194
COC(=O)N[C@H](C(=O)N[C@@H](Cc1ccccc1)[C@@H](O)CN(Cc1ccc(-c2ccccc2)cc1)NC(=O)[C@@H](NC(=O)OC)C(C)C)C(C)C,7.455931955649724
COC(=O)N[C@H](C(=O)N[C@@H](Cc1ccccc1)[C@@H](O)CN(Cc1ccc(-c2cncs2)cc1)NC(=O)[C@@H](NC(=O)OC)C(C)C)C(C)C,7.494850021680094
COC(=O)N[C@H](C(=O)NN(Cc1ccc(-c2cncs2)cc1)C[C@H](O)[C@H](Cc1ccccc1)NC(=O)[C@@H](NC(=O)OC)C(C)(C)C)C(C)C,7.853871964321762
COC(=O)N[C@H](C(=O)N[C@@H](Cc1ccccc1)[C@@H](O)CN(Cc1ccc(-c2nccs2)cc1)NC(=O)[C@@H](NC(=O)OC)C(C)(C)C)C(C)C,7.7447274948966935
COC(=O)N[C@H](C(=O)N[C@@H](Cc1ccccc1)[C@@H](O)CN(Cc1ccc(-c2cncs2)cc1)NC(=O)[C@@H](NC(=O)OC)C(C)(C)C)C(C)C,7.886056647693163
CCN(CC)CC.Nc1ccn(C2C=CC(COP(=O)(O)OP(=O)(O)OP(=O)(O)O)C2)c(=O)n1,6.42021640338319
Nc1ccc([C@@H]2CS[C@H](OP(=O)(O)OP(=O)(O)OP(=O)(O)O)O2)c(O)n1,5.443697499232712
CCc1cc(NCc2nc3cccc(C)c3o2)c(O)nc1C,7.259637310505756
CCc1cc(CCc2cc3ccccc3o2)c(O)nc1C,7.113509274827518
CCc1cc(NCc2ccc3ccccc3c2)c(O)nc1C,6.356547323513812
CCc1cc(NCc2nc3ccccc3o2)c(O)nc1C,6.6777807052660805
CCc1cc(NCc2nc3c(C)ccc(C)c3o2)c(O)nc1C,7.698970004336019
CCc1cc(CCc2nc3c(Cl)ccc(Cl)c3o2)c(O)nc1C,8.017728766960431
CCc1cc(NCN2C(=O)c3ccccc3C2=O)c(O)nc1C,7.522878745280337
CCc1cc(CCN2C(=O)c3ccccc3C2=O)c(O)nc1C,5.431798275933005
CCc1cc(NCc2nc3c(Cl)ccc(Cl)c3o2)c(O)nc1C,7.721246399047171
CCc1cc(CCc2nc3ccccc3o2)c(O)nc1C,7.657577319177793
CCN(CC)CC.Nc1nc(=O)n([C@H]2C=C[C@@H](COP(=O)(O)OP(=O)(O)OP(=O)(O)O)C2)cc1F,6.568636235841013
CCN(CC)CC.Nc1nc(=O)n(C2C=CC(COP(=O)(O)OP(=O)(O)OP(=O)(O)O)C2)cc1F,6.3979400086720375
CCc1cc(NCc2cc3ccccc3o2)c(O)nc1C,6.628932137728263
CCc1cc(CCc2nc3c(C)ccc(C)c3o2)c(O)nc1C,7.638272163982407
CCc1cc(NCc2nc3ccccc3s2)c(O)nc1C,6.455931955649724
CCc1cc(NCc2nc3c(C)cccc3o2)c(O)nc1C,6.903089986991944
CCc1cc(NCc2nc3ccccc3[nH]2)c(O)nc1C,5.1938200260161125
CCc1cc(CCc2nc3ccccc3s2)c(O)nc1C,6.431798275933005
COc1c(Cl)ccc2c1C(C#Cc1ccccc1)(C(F)(F)F)NC(=O)N2,6.841637507904751
O=C1Nc2ccc(Cl)c(O)c2C(C#Cc2ccccc2)(C(F)(F)F)N1,6.7594507517174005
O=C1Nc2ccc(Cl)cc2[C@@](C#CC2CC2)(C(F)(F)F)O1,7.327902142064283
COc1c(Cl)ccc2c1C(C#CC1CC1)(C(F)(F)F)NC(=O)N2,7.154901959985743
O=C1Nc2ccc(Cl)c3c2C(C(F)(F)F)(C=C(C2CC2)O3)N1,7.045757490560675
CCN1c2ccncc2N(C)C(=O)c2cccnc21,5.795880017344075
COc1c(Cl)ccc2c1C(C#Cc1cccnc1)(C(F)(F)F)NC(=O)N2,6.856985199745905
O=C1Nc2ccc(Cl)c3c2C(C(F)(F)F)(C=C(c2cccnc2)O3)N1,6.913640169325252
Cc1ccnc2c1NC(=O)c1cccnc1N2C1CC1,7.075720713938118
O=C1Nc2ccc(Cl)cc2[C@@](C#CC2CC2)(C(F)(F)F)N1,7.508638306165727
O=C1Nc2ccc(Cl)c3c2C(C(F)(F)F)(C=C(c2ccccc2)O3)N1,6.61261017366127
O=C1Nc2ccc(Cl)c(O)c2C(C#CC2CC2)(C(F)(F)F)N1,7.267606240177032
CCN1c2cccnc2N(C)C(=O)c2cccnc21,5.886056647693163
O=C(O)C(=O)CC(=O)c1ccccc1,4.267606240177032
CCN1c2ncccc2C(=O)N(C)c2cccnc21,6.903089986991944
CCN1c2cnccc2N(C)C(=O)c2cccnc21,6.455931955649724
CCN1c2cnccc2C(=O)N(C)c2cccnc21,5.1938200260161125
N#Cc1c(Cl)cc(Cl)cc1COc1cccc(/C(O)=C/C(=O)C(=O)O)c1,4.301029995663981
Cc1cc(C)cc(S(=O)(=O)c2c(C(N)=O)[nH]c3ccc(Cl)cc23)c1,7.508638306165727
Cc1cc(C)cc(S(=O)(=O)c2c(C(N)=O)[nH]c3ccc(Cl)cc23)c1,5.301029995663981
O=C(OC1COc2cccc(O)c2C1)c1ccc(O)c(O)c1O,4.341988603342887
Cc1ccc(S(=O)(=O)c2c(C(N)=O)[nH]c3ccc(Cl)cc23)cc1,7.142667503568732
Cc1ccc(S(=O)(=O)c2c(C(N)=O)[nH]c3ccc(Cl)cc23)cc1,5.301029995663981
Nc1nc(O)c2ncn(/C=C3/CC3CO)c2n1,5.958607314841775
Nc1nc(O)c2ncn(/C=C3/CC3CO)c2n1,4.522878745280337
O=C(OC1COc2cc(O)cc(O)c2C1)c1ccc(O)cc1O,4.016373712875465
Nc1nc(Cl)c2c(ncn2/C=C2/CC2CO)n1,4.0
Nc1nc(O)c2ncn(/C=C3\CC3CO)c2n1,5.721246399047171
Nc1nc(O)c2ncn(/C=C3\CC3CO)c2n1,4.522878745280337
O=C([O-])P(=O)([O-])[O-].[Na+].[Na+].[Na+],5.692503962086787
O=C([O-])P(=O)([O-])[O-].[Na+].[Na+].[Na+],4.7544873321858505
O=C(OC1COc2cc(O)cc(O)c2C1)c1ccc(O)c(O)c1O,5.416801226031377
O=C(OC1COc2ccccc2C1)c1ccc(O)c(O)c1O,4.0
O=C(OCCC1COc2cc(O)c(O)cc2C1)c1ccc(O)c(O)c1O,4.968995718636463
Oc1cc(O)c2c(c1)O[C@H](c1ccc(O)c(O)c1)[C@H](O)C2,4.0
O=C(OC1COc2cc(O)cc(O)c2C1)c1ccccc1,4.0
Nc1nc(Cl)c2ncn(/C=C3\CC3CO)c2n1,4.0
Nc1ncnc2c1ncn2/C=C1/CC1CO,6.096910013008056
Nc1ncnc2c1ncn2/C=C1/CC1CO,4.698970004336019
O=C(OC1COc2cc(O)ccc2C1)c1ccc(O)c(O)c1O,4.440213031799444
O=C(O[C@@H]1Cc2c(O)cc(O)cc2O[C@@H]1c1ccc(O)c(O)c1)c1cc(O)c(O)c(O)c1,6.119186407719209
CCCOn1c(Sc2cc(C)cc(C)c2)c(C(C)C)c(=O)[nH]c1=O,4.910094888560602
CCCOn1c(Sc2cc(C)cc(C)c2)c(C(C)C)c(=O)[nH]c1=O,4.0
O=C(OC1COc2cc(O)cc(O)c2C1)c1cccc(O)c1,4.0
O=C(O)c1cc(O)c(O)c(O)c1,4.0
O=C(O[C@@H]1Cc2c(O)cc(O)cc2O[C@@H]1c1cc(O)c(O)c(O)c1)c1cc(O)c(O)c(O)c1,6.136677139879544
Cc1cn([C@H]2C[C@H](N=[N+]=[N-])[C@@H](CO)O2)c(=O)[nH]c1=O,8.522878745280337
Cc1cn([C@H]2C[C@H](N=[N+]=[N-])[C@@H](CO)O2)c(=O)[nH]c1=O,7.769551078621726
Nc1ncnc2c1ncn2/C=C1\CC1CO,4.853871964321762
Nc1ncnc2c1ncn2/C=C1\CC1CO,4.0
O=C(OC1COc2cc(O)cc(O)c2C1)c1cccc(O)c1O,4.428990327690695
NC(=O)c1[nH]c2ccc(Cl)cc2c1S(=O)(=O)c1ccccc1,7.6020599913279625
NC(=O)c1[nH]c2ccc(Cl)cc2c1S(=O)(=O)c1ccccc1,5.301029995663981
CC(C)=CCN1Cc2cc(Cl)cc3[nH]c(=S)n(c23)C[C@@H]1C,11.301029995663981
O=S(=O)(NCCc1ccccc1)Nc1cncc(Cl)c1,5.0
CSc1nc(O)cc(Cc2ccccc2)n1,5.0
Cc1cccc(Cc2cc(O)nc(SCC(C)C)n2)c1,5.075720713938118
O=C1NNC(=O)c2ccccc2SSc2ccccc2C(=O)NNC(=O)c2ccccc2SSc2ccccc21,4.0
O=C1NNC(=O)c2ccccc2SSc2ccccc2C(=O)NNC(=O)c2ccccc2SSc2ccccc21,4.0
Cc1c([Se]c2ccccc2)n(COCCO)c(=O)[nH]c1=O,4.044312249686494
CCCCCCCCCCCCCCCC(=O)Nc1c(O)cc(S(=O)(=O)O)c2ccccc12,4.3223930472795065
Cc1cccc(Cc2cc(O)nc(SC3CCCC3)n2)c1,5.585026652029182
Cc1cccc(Cc2nc(SC(C)C)nc(O)c2C)c1,5.6020599913279625
S=C(NCCc1ccccc1)Nc1ccc(Cl)cn1,8.522878745280337
Cc1cccc(Cc2nc(S)nc(O)c2C)c1,5.0
O=C(NNC(=O)c1ccccc1S)c1ccccc1S,4.0
O=C(NNC(=O)c1ccccc1S)c1ccccc1S,4.0
CCC(C)Sc1nc(O)cc(Cc2ccccc2)n1,5.568636235841013
S=C(Nc1ccc(Br)cn1)N[C@@H]1C[C@@H]1c1ccccc1,8.096910013008056
CCCCCCCCCCCCCCCC(=O)Nc1ccc(S(=O)(=O)O)c2cccc(S(=O)(=O)O)c12,4.560667306169737
Oc1cc(Cc2ccccc2)nc(SC2CCCCC2)n1,5.522878745280337
CCC(C)Sc1nc(O)cc(Cc2cccc(C)c2)n1,5.920818753952375
Cc1c(O)nc(SC2CCCCC2)nc1Cc1ccccc1,5.366531544420414
O=C(CC/N=C(\S)Nc1ccc(Br)cn1)c1ccccc1F,8.397940008672037
O=c1[nH]c(=O)n(COCCO)c([Se]c2ccccc2)c1F,4.0
O=C(CC/N=C(\S)Nc1ccc(Br)cn1)c1ccc(F)cc1,7.327902142064283
O=C(CC/N=C(\S)Nc1ccc(Br)cn1)c1cc(F)ccc1F,7.6020599913279625
Cc1c(O)nc(S)nc1Cc1ccccc1,5.0
Nc1nc(O)c2ncn(C3C=CC(OCP(=O)(O)OP(=O)(O)C(Br)(Br)P(=O)(O)OP(=O)(O)COC4C=CC(n5cnc6c(O)nc(N)nc65)C4)C3)c2n1,3.6020599913279625
O=c1cc([Se]c2ccccc2)n(COCCO)c(=O)[nH]1,3.856985199745905
O=c1[nH]c(=O)n(COCCO)c([Se]c2ccccc2)c1Br,4.0
O=C(CCNC(=S)Nc1ccc(Br)cn1)c1ccccc1,7.568636235841013
Fc1cccc(F)c1CC/N=C(\S)Nc1ccc(Br)cn1,9.0
CC1(C)C(=O)NC(SC2CCCC2)=N/C1=C/c1ccccc1,5.0
Nc1nc(O)c2ncn(C3C=CC(OCP(=O)(O)OP(=O)(O)OP(=O)(O)OP(=O)(O)COC4C=CC(n5cnc6c(O)nc(N)nc65)C4)C3)c2n1,6.154901959985743
COc1ccccc1CCNC(=S)Nc1nccs1,7.3979400086720375
Nc1nc2c(ncn2C2C=CC(OCP(=O)(O)OP(=O)(O)C(F)(F)P(=O)(O)O)C2)c(=O)[nH]1,4.6020599913279625
Cc1cccc(Cc2cc(O)nc(SC3CCCCC3)n2)c1,5.585026652029182
Cc1c(O)nc(SC(C)C)nc1Cc1ccccc1,5.6020599913279625
CCC(C)Sc1nc(O)c(C)c(Cc2ccccc2)n1,5.619788758288394
Nc1nc(O)c2ncn(C3C=CC(OCP(=O)(O)OP(=O)(O)OP(=O)(O)COC4C=CC(n5cnc6c(O)nc(N)nc65)C4)C3)c2n1,5.096910013008056
N=C(Nc1ccc(Br)cn1)N[C@@H]1C[C@@H]1c1ccccc1,6.7447274948966935
Cc1c(O)nc(SCC(C)C)nc1Cc1ccccc1,5.657577319177793
CSC1=N/C(=C/c2ccccc2)C(C)(C)C(=O)N1,5.214670164989233
Nc1nc2c(ncn2C2C=CC(OCP(=O)(O)OP(=O)(O)C(Br)(Br)P(=O)(O)O)C2)c(=O)[nH]1,3.6989700043360187
COc1cccc(C(=O)CC/N=C(\S)Nc2ccc(Br)cn2)c1,7.096910013008056
CCCCCCCCCCCCCCCC(=O)Nc1c(OC(=O)CCCCCCCCCCCCCCC)cc(S(=O)(=O)O)c2ccccc12,4.774690718274137
Nc1ncnc2c1ncn2C1C=CC(OCP(=O)(O)OP(=O)(O)C(Br)(Br)P(=O)(O)OP(=O)(O)COC2C=CC(n3cnc4c(N)ncnc43)C2)C1,3.6989700043360187
COc1ccccc1C(=O)CC/N=C(\S)Nc1ccc(Br)cn1,8.522878745280337
CCC(C)SC1=N/C(=C/c2ccccc2)C(C)(C)C(=O)N1,5.366531544420414
Cc1cn([C@H]2C[C@H](N=[N+]=[N-])[C@@H](CO)O2)c(=O)[nH]c1=O,7.0
CCOc1ccc(F)c(CCNC(=O)Nc2ccc(Br)cn2)c1Cl,8.397940008672037
CC(C)CSC1=N/C(=C/c2ccccc2)C(C)(C)C(=O)N1,5.337242168318426
O=C(NNC(=O)c1ccccc1SSc1ccccc1C(=O)NNC(=O)c1ccccc1S)c1ccccc1S,4.0
O=C(NNC(=O)c1ccccc1SSc1ccccc1C(=O)NNC(=O)c1ccccc1S)c1ccccc1S,4.0
Cc1c(Sc2ccccc2)n(COCCO)c(=O)[nH]c1=O,4.756961951313706
Nc1ncnc2c1ncn2C1C=CC(OCP(=O)(O)OP(=O)(O)C(F)(F)P(=O)(O)O)C1,4.6020599913279625
O=C(NCCC(=O)c1ccccc1F)Nc1ccc(Br)cn1,7.267606240177032
Nc1ncnc2c1ncn2C1C=CC(OCP(=O)(O)OP(=O)(O)OP(=O)(O)COC2C=CC(n3cnc4c(N)ncnc43)C2)C1,5.0
O=C(CCNC(=S)Nc1ccc(Br)cn1)c1ccccc1Cl,8.0
CC(C)CSc1nc(O)cc(Cc2ccccc2)n1,5.026872146400302
O=C(CC/N=C(\S)Nc1ccc(Cl)cn1)c1c(F)cccc1F,8.221848749616356
CSc1nc(O)c(C)c(Cc2cccc(C)c2)n1,5.6020599913279625
CCC(C)Sc1nc(O)c(C)c(Cc2cccc(C)c2)n1,5.568636235841013
Cc1cccc(Cc2cc(O)nc(SC(C)C)n2)c1,5.5376020021010435
Cc1cccc(Cc2nc(SC3CCCC3)nc(O)c2C)c1,5.468521082957745
CCOc1ccc(F)c(CCNC(=S)Nc2ccc(Br)cn2)c1Cl,7.920818753952375
Cc1cccc(Cc2nc(SCC(C)C)nc(O)c2C)c1,5.337242168318426
Oc1cc(Cc2ccccc2)nc(SC2CCCC2)n1,5.552841968657781
Cc1c(O)nc(SC2CCCC2)nc1Cc1ccccc1,5.468521082957745
Nc1nc2c(ncn2C2C=CC(OCP(=O)(O)OP(=O)(O)OP(=O)(O)O)C2)c(=O)[nH]1,6.522878745280337
N#CN/C(=N\c1ccc(Cl)cn1)NCCc1ccccc1,5.0
CC(C)Sc1nc(O)cc(Cc2ccccc2)n1,5.0
CC(C)SC1=N/C(=C/c2ccccc2)C(C)(C)C(=O)N1,5.366531544420414
Cc1cccc(Cc2cc(O)nc(S)n2)c1,5.0
Nc1nc(O)c2ncn(C3C=CC(OCP(=O)(O)OP(=O)(O)C(F)(F)P(=O)(O)OP(=O)(O)COC4C=CC(n5cnc6c(O)nc(N)nc65)C4)C3)c2n1,4.823908740944319
O=S(=O)(O)c1ccc2c(OS(=O)(=O)c3cccc4c(S(=O)(=O)Oc5cc(S(=O)(=O)O)cc6cc(S(=O)(=O)O)ccc56)cccc34)cc(S(=O)(=O)O)cc2c1,3.6675615400843946
CC1(C)C(=O)NC(SC2CCCCC2)=N/C1=C/c1ccccc1,5.0
CSc1nc(O)c(C)c(Cc2ccccc2)n1,5.309803919971486
Nc1ncnc2c1ncn2C1C=CC(OCP(=O)(O)OP(=O)(O)C(Br)(Br)P(=O)(O)O)C1,3.0
O=c1[nH]c(=O)n(COCCO)c([Se]c2ccccc2)c1Cl,4.0
COc1ccccc1CC/N=C(\NC#N)Nc1nccs1,5.0
CCOc1ccc(F)c(CC/N=C(\N)Nc2ccc(Br)cn2)c1Cl,6.3979400086720375
CC(C)CCCC(C)C1CCC2C3CC=C4CC(OC(=O)Nc5cc(S(=O)(=O)O)cc6cc(S(=O)(=O)O)cc(O)c56)CC[C@]4(C)C3CC[C@]12C,4.661543506395395
Cc1cccc(Cc2nc(SC3CCCCC3)nc(O)c2C)c1,5.886056647693163
Nc1ncnc2c1ncn2C1C=CC(OCP(=O)(O)OP(=O)(O)C(F)(F)P(=O)(O)OP(=O)(O)COC2C=CC(n3cnc4c(N)ncnc43)C2)C1,4.698970004336019
Nc1ncnc2c1ncn2C1C=CC(OCP(=O)(O)OP(=O)(O)OP(=O)(O)O)C1,6.698970004336019
O=C(Oc1cc(S(=O)(=O)O)cc2cc(S(=O)(=O)O)ccc12)c1ccc(-c2ccc(C(=O)Oc3cc(S(=O)(=O)O)cc4cc(S(=O)(=O)O)ccc34)cc2)cc1,4.841637507904751
CSc1nc(O)cc(Cc2cccc(C)c2)n1,5.0
O=C(CC/N=C(\S)Nc1ccc(Br)cn1)c1c(F)cccc1F,8.522878745280337
Nc1ncnc2c1ncn2C1C=CC(OCP(=O)(O)OP(=O)(O)OP(=O)(O)OP(=O)(O)COC2C=CC(n3cnc4c(N)ncnc43)C2)C1,5.698970004336019
Cc1c([Se]c2ccccc2)n(COCCO)c(=S)[nH]c1=O,4.0
CCC(=O)c1ccc(F)c(C2CC2NC(=O)Nc2ccc(Br)cn2)c1O,8.42021640338319
CCC(=O)c1ccc(F)c(C2CC2NC(=O)Nc2ccc(Br)cn2)c1O,6.767003889607846
CCC(=O)c1ccc(F)c(C2CC2NC(=O)Nc2ccc(Br)cn2)c1O,7.795880017344075
CCC(=O)c1ccc(F)c(C2CC2NC(=O)Nc2ccc(Br)cn2)c1O,7.080921907623926
COc1c(C(C)=O)ccc(F)c1CCNC(=O)Nc1ccc(Cl)cn1,6.649751981665837
COc1c(C(C)=O)ccc(F)c1CCNC(=O)Nc1ccc(Cl)cn1,4.581698708680254
COc1c(C(C)=O)ccc(F)c1CCNC(=O)Nc1ccc(Cl)cn1,4.896196279044043
COc1c(C(C)=O)ccc(F)c1CCNC(=O)Nc1ccc(Cl)cn1,5.568636235841013
CCOc1ccc(Cl)c(C2CC2NC(=O)Nc2cc(Cl)cnn2)c1F,8.2839966563652
CCOc1ccc(Cl)c(C2CC2NC(=O)Nc2cc(Cl)cnn2)c1F,6.0
CCOc1ccc(Cl)c(C2CC2NC(=O)Nc2cc(Cl)cnn2)c1F,6.0
CCOc1ccc(Cl)c(C2CC2NC(=O)Nc2cc(Cl)cnn2)c1F,5.585026652029182
CCC(C)Sc1nc(O)c(C)c(Cc2cccc3ccccc23)n1,4.647817481888637
CCC(C)Sc1nc(O)c(C)c(Cc2ccc3ccccc3c2)n1,4.527243550682788
O=C(Nc1ccc(Cl)cn1)NC1CC1c1c(F)ccc(O)c1Cl,6.8696662315049934
O=C(Nc1ccc(Cl)cn1)NC1CC1c1c(F)ccc(O)c1Cl,5.3872161432802645
O=C(Nc1ccc(Cl)cn1)NC1CC1c1c(F)ccc(O)c1Cl,5.366531544420414
O=C(Nc1ccc(Cl)cn1)NC1CC1c1c(F)ccc(O)c1Cl,5.568636235841013
CSCO[C@@]1(C)CO[C@@](C)(CC(=O)OC[C@H]2O[C@@H](n3cc(C)c(=O)[nH]c3=O)C[C@@H]2O[Si](C)(C)C(C)(C)C)C1,4.0
CCOc1ccc(F)c(C2CC2NC(=O)Nc2ccc(C#N)cn2)c1Cl,8.366531544420413
CCOc1ccc(F)c(C2CC2NC(=O)Nc2ccc(C#N)cn2)c1Cl,6.698970004336019
CCOc1ccc(F)c(C2CC2NC(=O)Nc2ccc(C#N)cn2)c1Cl,6.886056647693163
CCOc1ccc(F)c(C2CC2NC(=O)Nc2ccc(C#N)cn2)c1Cl,6.73754891026957
CCC(=O)c1ccc(F)c(C2CC2NC(=O)Nc2ccc(Cl)cn2)c1O,8.045757490560675
CCC(=O)c1ccc(F)c(C2CC2NC(=O)Nc2ccc(Cl)cn2)c1O,7.119186407719209
CCC(=O)c1ccc(F)c(C2CC2NC(=O)Nc2ccc(Cl)cn2)c1O,7.292429823902063
CCC(=O)c1ccc(F)c(C2CC2NC(=O)Nc2ccc(Cl)cn2)c1O,7.2441251443275085
CCC(=O)c1ccc(F)c(C2CC2NC(=O)Nc2ccc(Cl)cn2)c1O,8.494850021680094
CCC(=O)c1ccc(F)c(C2CC2NC(=O)Nc2ccc(Cl)cn2)c1O,6.939302159646388
CCC(=O)c1ccc(F)c(C2CC2NC(=O)Nc2ccc(Cl)cn2)c1O,7.721246399047171
CCC(=O)c1ccc(F)c(C2CC2NC(=O)Nc2ccc(Cl)cn2)c1O,7.086186147616283
COc1ccc(C(C)=O)c(F)c1CCNC(=O)Nc1ccc(Cl)cn1,6.962573502059376
COc1ccc(C(C)=O)c(F)c1CCNC(=O)Nc1ccc(Cl)cn1,4.950781977329818
COc1ccc(C(C)=O)c(F)c1CCNC(=O)Nc1ccc(Cl)cn1,4.995678626217358
COc1ccc(C(C)=O)c(F)c1CCNC(=O)Nc1ccc(Cl)cn1,5.568636235841013
Oc1cc(Cc2cccc3ccccc23)nc(SC2CCCC2)n1,4.3124710387853655
Oc1cc(Cc2ccc3ccccc3c2)nc(SC2CCCCC2)n1,4.480172006224281
O=C1Nc2ccc(Cl)cc2[C@@](C#CC2CC2)(C(F)(F)F)O1,8.397940008672037
O=C1Nc2ccc(Cl)cc2[C@@](C#CC2CC2)(C(F)(F)F)O1,7.301029995663981
O=C1Nc2ccc(Cl)cc2[C@@](C#CC2CC2)(C(F)(F)F)O1,8.221848749616356
O=C1Nc2ccc(Cl)cc2[C@@](C#CC2CC2)(C(F)(F)F)O1,7.214670164989233
CC(=O)c1ccc(F)c(C2CC2NC(=O)Nc2ccc(Br)cn2)c1O,8.455931955649724
CC(=O)c1ccc(F)c(C2CC2NC(=O)Nc2ccc(Br)cn2)c1O,7.7447274948966935
CC(=O)c1ccc(F)c(C2CC2NC(=O)Nc2ccc(Br)cn2)c1O,8.096910013008056
CC(=O)c1ccc(F)c(C2CC2NC(=O)Nc2ccc(Br)cn2)c1O,7.154901959985743
Cc1cn([C@H]2C[C@@H](O)[C@@H](OP(=O)(O)NP(=O)(O)OP(=O)(O)O)O2)c(=O)[nH]c1=O,5.0
CSCO[C@@]1(C)CO[C@@](C)(CC(=O)OC[C@H]2O[C@@H](n3cc(C)c(=O)[nH]c3=O)C[C@@H]2O)C1,4.0
CSCOC1(C)COC(C)(CC(=O)OC[C@@H]2C=C(O)[C@H](n3cnc4c(N)ncnc43)O2)C1,4.0
Cc1ccnc2c1NC(=O)c1cccnc1N2C1CC1,8.886056647693163
Cc1ccnc2c1NC(=O)c1cccnc1N2C1CC1,6.886056647693163
Cc1ccnc2c1NC(=O)c1cccnc1N2C1CC1,6.943095148663527
Cc1ccnc2c1NC(=O)c1cccnc1N2C1CC1,6.204119982655925
CSCOC1(C)COC(C)(CC(=O)OC[C@H]2O[C@@H](n3cc(C)c(=O)[nH]c3=O)C[C@@H]2N=[N+]=[N-])C1,4.0
CC(C)Nc1cccnc1N1CCN(C(=O)c2cc3cc(NS(C)(=O)=O)ccc3[nH]2)CC1,8.096910013008056
CC(C)Nc1cccnc1N1CCN(C(=O)c2cc3cc(NS(C)(=O)=O)ccc3[nH]2)CC1,8.045757490560675
CC(C)Nc1cccnc1N1CCN(C(=O)c2cc3cc(NS(C)(=O)=O)ccc3[nH]2)CC1,8.045757490560675
CC(C)Nc1cccnc1N1CCN(C(=O)c2cc3cc(NS(C)(=O)=O)ccc3[nH]2)CC1,7.251811972993799
CSCOC1(C)COC(C)(CC(=O)O)C1,4.0
Cc1c(O)nc(SC2CCCC2)nc1Cc1cccc2ccccc12,4.346787486224656
CCC(C)Sc1nc(O)cc(Cc2ccc3ccccc3c2)n1,5.130768280269024
CCC(=O)c1ccc(F)c(C2CC2NC(=O)Nc2ccc(C#N)cn2)c1O,8.167491087293763
CCC(=O)c1ccc(F)c(C2CC2NC(=O)Nc2ccc(C#N)cn2)c1O,7.494850021680094
CCC(=O)c1ccc(F)c(C2CC2NC(=O)Nc2ccc(C#N)cn2)c1O,7.795880017344075
CCC(=O)c1ccc(F)c(C2CC2NC(=O)Nc2ccc(C#N)cn2)c1O,8.013228265733755
CSCO[C@@]1(C)CO[C@](C)(CC(=O)OC[C@H]2O[C@@H](N3C=C(C)CNC3=O)C[C@@H]2O)C1,4.0
CC(=O)c1ccc(F)c(C2CC2NC(=O)Nc2ccc(C#N)cn2)c1O,8.275724130399212
CC(=O)c1ccc(F)c(C2CC2NC(=O)Nc2ccc(C#N)cn2)c1O,7.886056647693163
CC(=O)c1ccc(F)c(C2CC2NC(=O)Nc2ccc(C#N)cn2)c1O,7.795880017344075
CC(=O)c1ccc(F)c(C2CC2NC(=O)Nc2ccc(C#N)cn2)c1O,7.008773924307505
CCOc1ccc(Cl)c(C2CC2NC(=O)Nc2ccc(Cl)cn2)c1F,8.886056647693163
CCOc1ccc(Cl)c(C2CC2NC(=O)Nc2ccc(Cl)cn2)c1F,7.2839966563652006
CCOc1ccc(Cl)c(C2CC2NC(=O)Nc2ccc(Cl)cn2)c1F,7.6777807052660805
CCOc1ccc(Cl)c(C2CC2NC(=O)Nc2ccc(Cl)cn2)c1F,6.6252516539898965
CCOc1ccc(F)c(C2CC2NC(=O)Nc2cc(Cl)cnn2)c1Cl,7.795880017344075
CCOc1ccc(F)c(C2CC2NC(=O)Nc2cc(Cl)cnn2)c1Cl,6.853871964321762
CCOc1ccc(F)c(C2CC2NC(=O)Nc2cc(Cl)cnn2)c1Cl,6.585026652029182
CCOc1ccc(F)c(C2CC2NC(=O)Nc2cc(Cl)cnn2)c1Cl,5.585026652029182
Cc1ccnc2c1NC(=O)c1cccnc1N2C1CC1,6.568636235841013
CCC(C)Sc1nc(O)c(C)c(COc2ccccc2)n1,4.0
COc1ccc2c(c1)N(C(=O)OC(C)C)C(CSC)C(S)=N2,6.769551078621726
COc1ccc2c(c1)N(C(=O)OC(C)C)C(CSC)C(S)=N2,4.767003889607846
COc1ccc2c(c1)N(C(=O)OC(C)C)C(CSC)C(S)=N2,4.301029995663981
COc1ccc2c(c1)N(C(=O)OC(C)C)C(CSC)C(S)=N2,5.42021640338319
Cc1cn([C@H]2C[C@@H](N=[N+]=[N-])[C@@H](OP(=O)(O)OP(=O)(O)NP(=O)(O)O)O2)c(=O)[nH]c1=O,7.0
CCC(C)Sc1nc(O)cc(Cc2cccc3ccccc23)n1,5.0915149811213505
Cc1cn([C@H]2C[C@H](N=[N+]=[N-])[C@@H](CO)O2)c(=O)[nH]c1=O,4.0
CCOc1ccc(F)c(C2CC2NC(=O)Nc2ccc(Cl)cn2)c1F,8.795880017344075
CCOc1ccc(F)c(C2CC2NC(=O)Nc2ccc(Cl)cn2)c1F,7.0915149811213505
CCOc1ccc(F)c(C2CC2NC(=O)Nc2ccc(Cl)cn2)c1F,7.853871964321762
CCOc1ccc(F)c(C2CC2NC(=O)Nc2ccc(Cl)cn2)c1F,6.325138859262188
COc1ccc(OC)c(CCNC(=O)Nc2ccc(Cl)cn2)c1F,8.522878745280337
COc1ccc(OC)c(CCNC(=O)Nc2ccc(Cl)cn2)c1F,6.853871964321762
COc1ccc(OC)c(CCNC(=O)Nc2ccc(Cl)cn2)c1F,6.853871964321762
COc1ccc(OC)c(CCNC(=O)Nc2ccc(Cl)cn2)c1F,6.649751981665837
Cc1cccc(Cc2nc(SC3CCCCC3)nc(O)c2C)c1,6.045757490560675
CCC(=O)c1ccc(F)c(C2CC2NC(=O)Nc2ccc(Cl)cn2)c1O,8.568636235841012
CCC(=O)c1ccc(F)c(C2CC2NC(=O)Nc2ccc(Cl)cn2)c1O,7.853871964321762
CCC(=O)c1ccc(F)c(C2CC2NC(=O)Nc2ccc(Cl)cn2)c1O,8.397940008672037
CCC(=O)c1ccc(F)c(C2CC2NC(=O)Nc2ccc(Cl)cn2)c1O,7.113509274827518
CCOc1ccc(Cl)c(C2CC2NC(=O)Nc2ccc(C#N)cn2)c1F,8.568636235841012
CCOc1ccc(Cl)c(C2CC2NC(=O)Nc2ccc(C#N)cn2)c1F,7.568636235841013
CCOc1ccc(Cl)c(C2CC2NC(=O)Nc2ccc(C#N)cn2)c1F,7.698970004336019
CCOc1ccc(Cl)c(C2CC2NC(=O)Nc2ccc(C#N)cn2)c1F,6.716698771296451
CCC(=O)c1ccc(F)c(C2CC2NC(=O)Nc2ccc(Br)cn2)c1O,8.318758762624412
CCC(=O)c1ccc(F)c(C2CC2NC(=O)Nc2ccc(Br)cn2)c1O,7.853871964321762
CCC(=O)c1ccc(F)c(C2CC2NC(=O)Nc2ccc(Br)cn2)c1O,8.0
CCC(=O)c1ccc(F)c(C2CC2NC(=O)Nc2ccc(Br)cn2)c1O,7.3872161432802645
CCOc1ccc(F)c(CCNC(=O)Nc2ccc(Br)cn2)c1Cl,8.397940008672037
CCOc1ccc(F)c(CCNC(=O)Nc2ccc(Br)cn2)c1Cl,5.774690718274137
CCOc1ccc(F)c(CCNC(=O)Nc2ccc(Br)cn2)c1Cl,6.619788758288394
CCOc1ccc(F)c(CCNC(=O)Nc2ccc(Br)cn2)c1Cl,5.619788758288394
CN(C)c1ccc(F)c(CCNC(=O)Nc2ccc(Br)cn2)c1F,7.6020599913279625
CN(C)c1ccc(F)c(CCNC(=O)Nc2ccc(Br)cn2)c1F,5.6020599913279625
CN(C)c1ccc(F)c(CCNC(=O)Nc2ccc(Br)cn2)c1F,5.823908740944319
CN(C)c1ccc(F)c(CCNC(=O)Nc2ccc(Br)cn2)c1F,5.6020599913279625
CC1=CN([C@H]2C[C@H](O)[C@@H](CO)O2)C(=O)NC1,4.0
CCN(c1ncccc1NC(C)(C)C)C1CCN(C(=O)c2cc3cc(NS(=O)(=O)N4CCN(C)CC4)ccc3[nH]2)CC1,6.102372908709558
CCN(c1ncccc1NC(C)(C)C)C1CCN(C(=O)c2cc3cc(NS(=O)(=O)N4CCN(C)CC4)ccc3[nH]2)CC1,5.903089986991944
CCN(c1ncccc1NC(C)(C)C)C1CCN(C(=O)c2cc3cc(NS(=O)(=O)N4CCN(C)CC4)ccc3[nH]2)CC1,5.73754891026957
Cc1c(O)nc(SCC(C)C)nc1Cc1c(Cl)cccc1Cl,5.958607314841775
CCN1c2ncc(CSc3[nH]cnc4nncc3-4)cc2C(=O)N(C)c2ccc(Cl)nc21,7.301029995663981
CCN1c2ncc(CSc3[nH]cnc4nncc3-4)cc2C(=O)N(C)c2ccc(Cl)nc21,7.154901959985743
CCN1c2ncc(CSc3[nH]cnc4nncc3-4)cc2C(=O)N(C)c2ccc(Cl)nc21,6.920818753952375
CCCCCC=C(c1cc(Br)c(OC)c(C(=O)OC)c1)c1cc(Br)c(OC)c(C(=O)OC)c1,6.42021640338319
CCC(C)Sc1nc(O)c(C)c(Cc2ccc(Cl)cc2)n1,5.070581074285707
Oc1cc(Cc2c(Cl)cccc2Cl)nc(SC2CCCC2)n1,6.3979400086720375
CCCCSc1nc(O)c(C)c(Cc2c(F)cccc2F)n1,7.045757490560675
C=CCn1cnc2c(ncn2[C@@H]2O[C@H](COC)[C@@H](OP(C)(=O)O)[C@H]2OC)c1=O,4.296708621881338
O=C(O)P(=O)(O)O,4.619788758288394
O=C(O)P(=O)(O)O,4.251811972993799
CCN1c2ncc(COc3ccccc3)cc2C(=O)N(C)c2ccc(Cl)nc21,6.958607314841775
CCN1c2ncc(COc3ccccc3)cc2C(=O)N(C)c2ccc(Cl)nc21,7.221848749616356
CCN1c2ncc(COc3ccccc3)cc2C(=O)N(C)c2ccc(Cl)nc21,6.1938200260161125
CCN1c2ncc(COc3ccccc3)cc2C(=O)N(C)c2ccc(Cl)nc21,7.698970004336019
CCN1c2ncc(COc3ccccc3)cc2C(=O)N(C)c2ccc(Cl)nc21,6.6777807052660805
CCN1c2ncc(COc3ccccc3)cc2C(=O)N(C)c2ccc(Cl)nc21,8.0
CCN1c2ncc(COc3ccccc3)cc2C(=O)N(C)c2ccc(Cl)nc21,7.096910013008056
Cc1ccnc2c1NC(=O)c1cccnc1N2C1CC1,5.508638306165727
Cc1ccnc2c1NC(=O)c1cccnc1N2C1CC1,6.494850021680094
Cc1ccnc2c1NC(=O)c1cccnc1N2C1CC1,4.221848749616356
CCC(C)Sc1nc(O)c(C)c(Cc2c(F)cccc2F)n1,7.301029995663981
CCOC(=O)CCCC=C(c1cc(Br)c(OC)c(C(=O)OC)c1)c1cc(Br)c(OC)c(C(=O)OC)c1,6.444905551421681
CCCOC(=O)CCCC=C(c1cc(Cl)c(OC)c(C(=O)OC)c1)c1cc(Cl)c(OC)c(C(=O)OC)c1,5.080921907623926
Cc1cn([C@@H]2O[C@H](CO[Si](C)(C)C(C)(C)C)[C@@]3(OS(=O)(=O)C=C3N)[C@H]2O[Si](C)(C)C(C)(C)C)c(=O)n(CCCO)c1=O,5.0915149811213505
Cc1cn([C@@H]2O[C@H](CO[Si](C)(C)C(C)(C)C)[C@@]3(OS(=O)(=O)C=C3N)[C@H]2O[Si](C)(C)C(C)(C)C)c(=O)n(CCCO)c1=O,4.0
CCN1c2ncc(COc3cccc(C(=O)O)c3)cc2C(=O)N(C)c2ccc(Cl)nc21,7.045757490560675
CCN1c2ncc(COc3cccc(C(=O)O)c3)cc2C(=O)N(C)c2ccc(Cl)nc21,6.259637310505756
CCN1c2ncc(COc3cccc(C(=O)O)c3)cc2C(=O)N(C)c2ccc(Cl)nc21,6.721246399047171
CCN1c2ncc(COc3cccc(C(=O)O)c3)cc2C(=O)N(C)c2ccc(Cl)nc21,6.795880017344075
CCN1c2ncc(COc3cccc(C(=O)O)c3)cc2C(=O)N(C)c2ccc(Cl)nc21,7.3979400086720375
CCN1c2ncc(COc3cccc(C(=O)O)c3)cc2C(=O)N(C)c2ccc(Cl)nc21,6.853871964321762
CCNc1cccnc1N(CC)C1CCN(C(=O)c2cc3cc(NS(=O)(=O)N4CCN(C)CC4)ccc3[nH]2)CC1,6.619788758288394
CCNc1cccnc1N(CC)C1CCN(C(=O)c2cc3cc(NS(=O)(=O)N4CCN(C)CC4)ccc3[nH]2)CC1,6.356547323513812
CCNc1cccnc1N(CC)C1CCN(C(=O)c2cc3cc(NS(=O)(=O)N4CCN(C)CC4)ccc3[nH]2)CC1,5.954677021213342
CCC(C)Sc1nc(O)c(C)c(Cc2ccc([N+](=O)[O-])cc2)n1,5.7447274948966935
Cc1c(Cc2c(F)cccc2F)nc(SC2CCCC2)[nH]c1=O,7.096910013008056
COC(=O)c1cc(C(=CCCCC(=O)OC(C)C)c2cc(Cl)c(OC)c(C(=O)OC)c2)cc(Cl)c1OC,4.0
COC(=O)c1cc(C(=CCCN2CCOC2=O)c2cc(Cl)c(OC)c(C(=O)OC)c2)cc(Cl)c1OC,5.023650020996727
C#CCn1cnc2c(ncn2[C@@H]2O[C@H](COC)[C@@H](OP(C)(=O)O)[C@H]2O)c1=O,7.651695136951839
COC(=O)P(=O)(OC)OCCCn1c(=O)c(C)cn([C@@H]2O[C@H](CO[Si](C)(C)C(C)(C)C)[C@@]3(OS(=O)(=O)C=C3N)[C@H]2O[Si](C)(C)C(C)(C)C)c1=O,4.958607314841775
COC(=O)P(=O)(OC)OCCCn1c(=O)c(C)cn([C@@H]2O[C@H](CO[Si](C)(C)C(C)(C)C)[C@@]3(OS(=O)(=O)C=C3N)[C@H]2O[Si](C)(C)C(C)(C)C)c1=O,3.3010299956639813
COC(=O)P(=O)([O-])OCCCn1c(=O)c(C)cn([C@@H]2O[C@H](CO[Si](C)(C)C(C)(C)C)[C@@]3(OS(=O)(=O)C=C3N)[C@H]2O[Si](C)(C)C(C)(C)C)c1=O.[Na+],5.327902142064283
COC(=O)P(=O)([O-])OCCCn1c(=O)c(C)cn([C@@H]2O[C@H](CO[Si](C)(C)C(C)(C)C)[C@@]3(OS(=O)(=O)C=C3N)[C@H]2O[Si](C)(C)C(C)(C)C)c1=O.[Na+],3.404503778174426
CCN1c2ncc(CN(C)c3ccccc3)cc2C(=O)N(C)c2ccc(Cl)nc21,6.229147988357855
CCN(c1nc(Cl)ccc1NC(C)(C)C)C1CCN(C(=O)c2cc3cc(NS(C)(=O)=O)ccc3[nH]2)CC1,5.991399828238082
CCN(c1nc(Cl)ccc1NC(C)(C)C)C1CCN(C(=O)c2cc3cc(NS(C)(=O)=O)ccc3[nH]2)CC1,5.818156412055227
CCN(c1nc(Cl)ccc1NC(C)(C)C)C1CCN(C(=O)c2cc3cc(NS(C)(=O)=O)ccc3[nH]2)CC1,5.522878745280337
CCNc1cccnc1N(CC)C1CCN(C(=O)c2cc3cc(NS(=O)(=O)C(C)C)ccc3[nH]2)CC1,6.346787486224656
CCNc1cccnc1N(CC)C1CCN(C(=O)c2cc3cc(NS(=O)(=O)C(C)C)ccc3[nH]2)CC1,6.481486060122113
CCNc1cccnc1N(CC)C1CCN(C(=O)c2cc3cc(NS(=O)(=O)C(C)C)ccc3[nH]2)CC1,6.180456064458132
CCC(C)Sc1nc(O)c(C)c(Cc2ccccc2Cl)n1,6.3979400086720375
Oc1cc(Cc2ccccc2)nc(SC2CCCC2)n1,5.795880017344075
CCNC(=O)NCCC=C(c1cc(Cl)c(OC)c(C(=O)OC)c1)c1cc(Cl)c(OC)c(C(=O)OC)c1,4.0
CCN1c2ncc(COc3ccccc3F)cc2C(=O)N(C)c2ccc(Cl)nc21,6.769551078621726
CCN1c2ncc(COc3ccccc3F)cc2C(=O)N(C)c2ccc(Cl)nc21,6.2441251443275085
CCN1c2ncc(CCc3ccccc3)cc2C(=O)N(C)c2ccc(Cl)nc21,7.301029995663981
CCN1c2ncc(CCc3ccccc3)cc2C(=O)N(C)c2ccc(Cl)nc21,6.823908740944319
CCN1c2ncc(CCc3ccccc3)cc2C(=O)N(C)c2ccc(Cl)nc21,6.017728766960431
CCN1c2ncc(CCc3ccccc3)cc2C(=O)N(C)c2ccc(Cl)nc21,7.301029995663981
CCN1c2ncc(CCc3ccccc3)cc2C(=O)N(C)c2ccc(Cl)nc21,6.075720713938118
CCN1c2ncc(CCc3ccccc3)cc2C(=O)N(C)c2ccc(Cl)nc21,6.920818753952375
CCN1c2ncc(CCc3ccccc3)cc2C(=O)N(C)c2ccc(Cl)nc21,6.1487416512809245
CCCN(c1ncccc1NC(C)C)C1CCN(C(=O)c2cc3cc(NS(C)(=O)=O)ccc3[nH]2)CC1,6.619788758288394
CCCN(c1ncccc1NC(C)C)C1CCN(C(=O)c2cc3cc(NS(C)(=O)=O)ccc3[nH]2)CC1,6.619788758288394
CCCN(c1ncccc1NC(C)C)C1CCN(C(=O)c2cc3cc(NS(C)(=O)=O)ccc3[nH]2)CC1,6.214670164989233
CCc1c(C)nc(O)c(N)c1C(=O)c1cc(C)cc(C)c1,7.0
Cc1ccnc2c1NC(=O)c1cccnc1N2C1CC1,6.698970004336019
Oc1cc(Cc2c(Cl)cccc2Cl)nc(SC2CCCCC2)n1,6.3979400086720375
COC(=O)c1cc(C(=CCCNC(=O)OCC(C)C)c2cc(Cl)c(OC)c(C(=O)OC)c2)cc(Cl)c1OC,4.184422251675732
CCN1c2ncc(CNc3ccccc3)cc2C(=O)N(C)c2ccc(Cl)nc21,7.096910013008056
CCN1c2ncc(CNc3ccccc3)cc2C(=O)N(C)c2ccc(Cl)nc21,6.431798275933005
CCN1c2ncc(CNc3ccccc3)cc2C(=O)N(C)c2ccc(Cl)nc21,7.301029995663981
CCN1c2ncc(CNc3ccccc3)cc2C(=O)N(C)c2ccc(Cl)nc21,6.292429823902063
CCN1c2ncc(CNc3ccccc3)cc2C(=O)N(C)c2ccc(Cl)nc21,6.096910013008056
CCN1c2ncc(CNc3ccccc3)cc2C(=O)N(C)c2ccc(Cl)nc21,6.638272163982407
CCN1c2ncc(COc3cccc(C(N)=O)c3)cc2C(=O)N(C)c2ccc(Cl)nc21,6.886056647693163
CCN1c2ncc(COc3cccc(C(N)=O)c3)cc2C(=O)N(C)c2ccc(Cl)nc21,6.552841968657781
CCN1c2ncc(COc3cccc(C(N)=O)c3)cc2C(=O)N(C)c2ccc(Cl)nc21,6.468521082957745
CCN1c2ncc(C[S+]([O-])c3ccccc3)cc2C(=O)N(C)c2ccc(Cl)nc21,7.154901959985743
CCN1c2ncc(C[S+]([O-])c3ccccc3)cc2C(=O)N(C)c2ccc(Cl)nc21,6.853871964321762
CCN1c2ncc(C[S+]([O-])c3ccccc3)cc2C(=O)N(C)c2ccc(Cl)nc21,5.616184634019569
CCN1c2ncc(CSc3ccncc3)cc2C(=O)N(C)c2ccc(Cl)nc21,7.698970004336019
CCN1c2ncc(CSc3ccncc3)cc2C(=O)N(C)c2ccc(Cl)nc21,7.301029995663981
CCC(C)Sc1nc(O)cc(Cc2ccccc2Cl)n1,5.795880017344075
CCN(c1ncccc1NC(C)C)C1CCN(C(=O)c2cc3cc(NS(=O)(=O)N4CCN(C)CC4)ccc3[nH]2)CC1,6.42021640338319
CCN(c1ncccc1NC(C)C)C1CCN(C(=O)c2cc3cc(NS(=O)(=O)N4CCN(C)CC4)ccc3[nH]2)CC1,6.2441251443275085
CCN(c1ncccc1NC(C)C)C1CCN(C(=O)c2cc3cc(NS(=O)(=O)N4CCN(C)CC4)ccc3[nH]2)CC1,6.113509274827518
CCc1c(C)nc(O)c(N)c1Cc1cc(C)cc(C)c1,7.0
Oc1cc(Cc2c(F)cccc2F)nc(SC2CCCCC2)n1,7.045757490560675
Cc1c(O)nc(SC2CCCCC2)nc1Cc1c(F)cccc1F,7.154901959985743
CCCOC(=O)CCCC=C(c1cc(C)c(OC)c(C(=O)OC)c1)c1cc(C)c(OC)c(C(=O)OC)c1,4.527243550682788
COC(=O)c1cc(C(=CCCCC(=O)N(C)C)c2cc(Cl)c(OC)c(C(=O)OC)c2)cc(Cl)c1OC,6.16304326294045
COC(=O)c1cc(C(=CCCCC(=O)N2CCCCC2)c2cc(Cl)c(OC)c(C(=O)OC)c2)cc(Cl)c1OC,4.0
CCN(c1ncccc1NC(C)C)C1CCN(C(=O)c2cc3cc(NS(C)(=O)=O)ccc3[nH]2)CC1,6.6020599913279625
CCN(c1ncccc1NC(C)C)C1CCN(C(=O)c2cc3cc(NS(C)(=O)=O)ccc3[nH]2)CC1,6.698970004336019
CCN(c1ncccc1NC(C)C)C1CCN(C(=O)c2cc3cc(NS(C)(=O)=O)ccc3[nH]2)CC1,6.3979400086720375
CC(C)Nc1ccnnc1N(C)C1CCN(C(=O)c2cc3cc(NS(C)(=O)=O)ccc3[nH]2)CC1,6.130768280269024
CC(C)Nc1ccnnc1N(C)C1CCN(C(=O)c2cc3cc(NS(C)(=O)=O)ccc3[nH]2)CC1,5.341035157335565
CC(C)Nc1ccnnc1N(C)C1CCN(C(=O)c2cc3cc(NS(C)(=O)=O)ccc3[nH]2)CC1,5.882728704344236
CSc1nc(O)c(C)c(Cc2c(F)cccc2F)n1,6.698970004336019
COC(=O)CCCC=C(c1cc(Cl)c(OC)c(C(=O)OC)c1)c1cc(Cl)c(OC)c(C(=O)OC)c1,6.522878745280337
CCN1c2ncc(COc3ccncc3)cc2C(=O)N(C)c2cccnc21,7.698970004336019
CCN1c2ncc(COc3ccncc3)cc2C(=O)N(C)c2cccnc21,6.853871964321762
CCN1c2ncc(COc3ccncc3)cc2C(=O)N(C)c2cccnc21,5.2580609222708015
CCN1c2ncc(COc3ccncc3)cc2C(=O)N(C)c2cccnc21,7.301029995663981
CCN1c2ncc(COc3ccncc3)cc2C(=O)N(C)c2cccnc21,6.522878745280337
CCN1c2ncc(COc3ccncc3)cc2C(=O)N(C)c2cccnc21,8.0
CCN1c2ncc(COc3ccncc3)cc2C(=O)N(C)c2cccnc21,7.096910013008056
CCN1c2ncc(N(C)C(=O)c3ccccc3)cc2C(=O)N(C)c2ccc(Cl)nc21,6.6777807052660805
CCN1c2ncc(COc3cccc([N+](=O)[O-])c3)cc2C(=O)N(C)c2ccc(Cl)nc21,6.769551078621726
CCN1c2ncc(COc3cccc([N+](=O)[O-])c3)cc2C(=O)N(C)c2ccc(Cl)nc21,6.455931955649724
CSc1nc(O)cc(Cc2c(F)cccc2F)n1,6.096910013008056
CCCCSc1nc(O)cc(Cc2c(F)cccc2F)n1,6.698970004336019
CCCCCC=C(c1ccc(OC)c(C(=O)OC)c1)c1ccc(OC)c(C(=O)OC)c1,5.494850021680094
CCN1c2ncc(COc3cc[n+]([O-])cc3)cc2C(=O)N(C)c2ccc(F)nc21,7.522878745280337
CCN1c2ncc(COc3cc[n+]([O-])cc3)cc2C(=O)N(C)c2ccc(F)nc21,6.522878745280337
COC(=O)c1cc(C(=CCCCC(OC)OC)c2cc(Cl)c(OC)c(C(=O)OC)c2)cc(Cl)c1OC,4.0
Cc1c(Sc2ccccc2)n(COCc2ccccc2)c(=O)[nH]c1=O,6.522878745280337
CCC(C)Sc1nc(O)c(C)c(Cc2ccccc2)n1,6.301029995663981
COC(=O)c1cc(C(=CCCCc2ccccc2)c2cc(Br)c(OC)c(C(=O)OC)c2)cc(Br)c1OC,4.0
CCCNc1cccnc1N(CC)C1CCN(C(=O)c2cc3cc(NS(C)(=O)=O)ccc3[nH]2)CC1,6.886056647693163
CCCNc1cccnc1N(CC)C1CCN(C(=O)c2cc3cc(NS(C)(=O)=O)ccc3[nH]2)CC1,6.552841968657781
CCCNc1cccnc1N(CC)C1CCN(C(=O)c2cc3cc(NS(C)(=O)=O)ccc3[nH]2)CC1,6.346787486224656
CC(C)Nc1cccnc1N1CCN(C(=O)c2cc3cc(NS(C)(=O)=O)ccc3[nH]2)CC1.CS(=O)(=O)O,5.0
CC(C)Nc1cccnc1N1CCN(C(=O)c2cc3cc(NS(C)(=O)=O)ccc3[nH]2)CC1.CS(=O)(=O)O,7.301029995663981
CC(C)Nc1cccnc1N1CCN(C(=O)c2cc3cc(NS(C)(=O)=O)ccc3[nH]2)CC1.CS(=O)(=O)O,5.2839966563652006
Cc1c(O)nc(SC2CCCCC2)nc1Cc1c(Cl)cccc1Cl,5.309803919971486
COC(=O)CCCC=C(c1cc(Br)c(OC)c(C(=O)OC)c1)c1cc(Br)c(OC)c(C(=O)OC)c1,6.522878745280337
COC(=O)c1cc(C(=CCCCC(=O)OC(C)C)c2cc(C)c(OC)c(C(=O)OC)c2)cc(C)c1OC,4.218963061378868
CCN1c2ncc(COc3cccc4[nH]ccc34)cc2C(=O)N(C)c2ccc(Cl)nc21,6.481486060122113
CCN1c2ncc(COc3cccc4[nH]ccc34)cc2C(=O)N(C)c2ccc(Cl)nc21,6.1487416512809245
CCN1c2ncc(COc3cccc4[nH]ccc34)cc2C(=O)N(C)c2ccc(Cl)nc21,5.866461091629782
CCN1c2ncc(COc3cc[n+]([O-])cc3)cc2C(=O)N(C)c2ccc(Cl)nc21,6.638272163982407
CCNc1cccnc1N(C(C)C)C1CCN(C(=O)c2cc3cc(NS(C)(=O)=O)ccc3[nH]2)CC1,6.42021640338319
CCNc1cccnc1N(C(C)C)C1CCN(C(=O)c2cc3cc(NS(C)(=O)=O)ccc3[nH]2)CC1,5.585026652029182
CCNc1cccnc1N(C(C)C)C1CCN(C(=O)c2cc3cc(NS(C)(=O)=O)ccc3[nH]2)CC1,5.443697499232712
CCC(C)Sc1nc(O)c(C)c(Cc2cccc(Cl)c2)n1,6.045757490560675
CCC(C)Sc1nc(O)cc(Cc2c(F)cccc2F)n1,7.301029995663981
Cc1c(O)nc(SCC(C)C)nc1Cc1c(F)cccc1F,7.045757490560675
CCCCCC=C(c1cc(C)c(OC)c(C(=O)OC)c1)c1cc(C)c(OC)c(C(=O)OC)c1,6.0
CCNc1cccnc1N(CC)C1CCN(C(=O)c2cc3cc(NC(=O)N4CCN(C)CC4)ccc3[nH]2)CC1,6.853871964321762
CCNc1cccnc1N(CC)C1CCN(C(=O)c2cc3cc(NC(=O)N4CCN(C)CC4)ccc3[nH]2)CC1,6.619788758288394
CCNc1cccnc1N(CC)C1CCN(C(=O)c2cc3cc(NC(=O)N4CCN(C)CC4)ccc3[nH]2)CC1,5.910094888560602
C=CCCCC=C(c1cc(Br)c(OC)c(C(=O)OC)c1)c1cc(Br)c(OC)c(C(=O)OC)c1,4.00436480540245
CCC(C)Sc1nc(O)cc(Cc2ccc(F)cc2)n1,5.130768280269024
Cc1ccnc2c1NC(=O)c1cccnc1N2C1CC1,6.522878745280337
COC(=O)CCCC=C(c1cc(C)c(OC)c(C(=O)OC)c1)c1cc(C)c(OC)c(C(=O)OC)c1,6.0
COC(=O)NCCC=C(c1cc(C)c(OC)c(C(=O)OC)c1)c1cc(C)c(OC)c(C(=O)OC)c1,5.30715308072277
CCN1c2ncc(COc3ccc(F)cc3)cc2C(=O)N(C)c2ccc(Cl)nc21,6.552841968657781
CCN1c2ncc(COc3ccc(F)cc3)cc2C(=O)N(C)c2ccc(Cl)nc21,5.779891911959945
CCN1c2ncc(COc3cc[n+]([O-])c(C(F)(F)F)c3)cc2C(=O)N(C)c2ccc(Cl)nc21,6.920818753952375
CCN1c2ncc(COc3cc[n+]([O-])c(C(F)(F)F)c3)cc2C(=O)N(C)c2ccc(Cl)nc21,6.568636235841013
CCN1c2ncc(NCc3ccccc3)cc2C(=O)N(C)c2ccc(Cl)nc21,6.585026652029182
CCN1c2ncc(NCc3ccccc3)cc2C(=O)N(C)c2ccc(Cl)nc21,6.4089353929735005
CCCN(c1ncccc1NC(C)(C)C)C1CCN(C(=O)c2cc3cc(NS(C)(=O)=O)ccc3[nH]2)CC1,6.318758762624412
CCCN(c1ncccc1NC(C)(C)C)C1CCN(C(=O)c2cc3cc(NS(C)(=O)=O)ccc3[nH]2)CC1,5.838631997765025
CCCN(c1ncccc1NC(C)(C)C)C1CCN(C(=O)c2cc3cc(NS(C)(=O)=O)ccc3[nH]2)CC1,5.605548319173784
CCN(c1nc(F)ccc1NC(C)C)C1CCN(C(=O)c2cc3cc(NS(C)(=O)=O)ccc3[nH]2)CC1,6.337242168318426
CCN(c1nc(F)ccc1NC(C)C)C1CCN(C(=O)c2cc3cc(NS(C)(=O)=O)ccc3[nH]2)CC1,6.267606240177032
CCN(c1nc(F)ccc1NC(C)C)C1CCN(C(=O)c2cc3cc(NS(C)(=O)=O)ccc3[nH]2)CC1,6.055517327849832
CCC(C)Sc1nc(O)cc(Cc2ccccc2[N+](=O)[O-])n1,6.522878745280337
CCC(C)Sc1nc(O)c(C)c(Cc2cccc([N+](=O)[O-])c2)n1,6.3979400086720375
Cc1c(Cc2c(F)cccc2F)nc(SC(C)C)[nH]c1=O,7.301029995663981
CCN1c2ncc(COc3ccc(C(=O)OC)cc3)cc2C(=O)N(C)c2ccc(Cl)nc21,6.096910013008056
CCN1c2ncc(COc3ccnc(C(F)(F)F)c3)cc2C(=O)N(C)c2ccc(Cl)nc21,7.3979400086720375
CCN1c2ncc(COc3ccnc(C(F)(F)F)c3)cc2C(=O)N(C)c2ccc(Cl)nc21,7.154901959985743
CN(c1ncccc1NCC1CC1)C1CCN(C(=O)c2cc3cc(NS(C)(=O)=O)ccc3[nH]2)CC1,6.2839966563652006
CN(c1ncccc1NCC1CC1)C1CCN(C(=O)c2cc3cc(NS(C)(=O)=O)ccc3[nH]2)CC1,4.835647144215563
CN(c1ncccc1NCC1CC1)C1CCN(C(=O)c2cc3cc(NS(C)(=O)=O)ccc3[nH]2)CC1,5.536107011014093
CCCN(c1ncccc1NCC)C1CCN(C(=O)c2cc3cc(NS(C)(=O)=O)ccc3[nH]2)CC1,6.823908740944319
CCCN(c1ncccc1NCC)C1CCN(C(=O)c2cc3cc(NS(C)(=O)=O)ccc3[nH]2)CC1,6.2839966563652006
CCCN(c1ncccc1NCC)C1CCN(C(=O)c2cc3cc(NS(C)(=O)=O)ccc3[nH]2)CC1,6.022276394711152
CCC(C)Sc1nc(O)c(C)c(Cc2c(Cl)cccc2Cl)n1,7.221848749616356
CCCCCC=C(c1cc(F)c(OC)c(C(=O)OC)c1)c1cc(F)c(OC)c(C(=O)OC)c1,5.0
CCCn1cnc2c(ncn2[C@@H]2O[C@H](COC)[C@@H](OP(C)(=O)O)[C@H]2OC)c1=O,5.173925197299174
Cc1cn([C@@H]2O[C@H](CO[Si](C)(C)C(C)(C)C)[C@@]3(OS(=O)(=O)C=C3N)[C@H]2O[Si](C)(C)C(C)(C)C)c(=O)n(CCCOP(=O)(O)C(=O)OCc2ccccc2)c1=O,5.42021640338319
Cc1cn([C@@H]2O[C@H](CO[Si](C)(C)C(C)(C)C)[C@@]3(OS(=O)(=O)C=C3N)[C@H]2O[Si](C)(C)C(C)(C)C)c(=O)n(CCCOP(=O)(O)C(=O)OCc2ccccc2)c1=O,3.505845405981557
CC(C)Nc1cccnc1N(C)C1CCN(C(=O)c2cc3ccccc3[nH]2)CC1.CS(=O)(=O)O,6.638272163982407
CC(C)Nc1cccnc1N(C)C1CCN(C(=O)c2cc3ccccc3[nH]2)CC1.CS(=O)(=O)O,6.130768280269024
CC(C)Nc1cccnc1N(C)C1CCN(C(=O)c2cc3ccccc3[nH]2)CC1.CS(=O)(=O)O,6.096910013008056
CN(c1nc(F)ccc1NC(C)(C)C)C1CCN(C(=O)c2cc3cc(NS(C)(=O)=O)ccc3[nH]2)CC1,6.275724130399211
CN(c1nc(F)ccc1NC(C)(C)C)C1CCN(C(=O)c2cc3cc(NS(C)(=O)=O)ccc3[nH]2)CC1,5.721246399047171
CN(c1nc(F)ccc1NC(C)(C)C)C1CCN(C(=O)c2cc3cc(NS(C)(=O)=O)ccc3[nH]2)CC1,6.142667503568732
CCC(C)Sc1nc(O)cc(Cc2cccc(F)c2)n1,6.221848749616356
CCC(C)Sc1nc(O)cc(Cc2cccc([N+](=O)[O-])c2)n1,6.522878745280337
CCCCSc1nc(O)c(C)c(Cc2c(Cl)cccc2Cl)n1,5.939302159646388
CCOCn1c(Cc2ccccc2)c(C(C)C)c(=O)[nH]c1=O,7.3979400086720375
COC(=O)c1cc(C(=CCCCc2ccccc2)c2cc(Cl)c(OC)c(C(=O)OC)c2)cc(Cl)c1OC,4.0
CCCn1cnc2c(ncn2[C@@H]2O[C@H](COC)[C@@H](OP(C)(=O)O)[C@H]2OC)c1=S,6.086186147616283
Cc1cn([C@@H]2O[C@H](CO[Si](C)(C)C(C)(C)C)[C@@]3(OS(=O)(=O)C=C3N)[C@H]2O[Si](C)(C)C(C)(C)C)c(=O)n(CCCOP(=O)(O)C(=O)O)c1=O,5.431798275933005
Cc1cn([C@@H]2O[C@H](CO[Si](C)(C)C(C)(C)C)[C@@]3(OS(=O)(=O)C=C3N)[C@H]2O[Si](C)(C)C(C)(C)C)c(=O)n(CCCOP(=O)(O)C(=O)O)c1=O,3.359518563029578
CCN1c2ncc(COc3cccnc3)cc2C(=O)N(C)c2ccc(Cl)nc21,6.721246399047171
CCN1c2ncc(COc3cccnc3)cc2C(=O)N(C)c2ccc(Cl)nc21,6.585026652029182
CCC(C)Sc1nc(O)cc(Cc2ccccc2)n1,6.0
COC(=O)c1cc(C(=CCCN2CCOC2=O)c2cc(Br)c(OC)c(C(=O)OC)c2)cc(Br)c1OC,6.30189945437661
CC(C)Nc1cccnc1N(C1CC1)C1CCN(C(=O)c2cc3cc(NS(C)(=O)=O)ccc3[nH]2)CC1,6.638272163982407
CC(C)Nc1cccnc1N(C1CC1)C1CCN(C(=O)c2cc3cc(NS(C)(=O)=O)ccc3[nH]2)CC1,6.154901959985743
CC(C)Nc1cccnc1N(C1CC1)C1CCN(C(=O)c2cc3cc(NS(C)(=O)=O)ccc3[nH]2)CC1,6.026872146400302
CCc1c(C)[nH]c(=O)c(N(C)C)c1Cc1cc(C)cc(C)c1,7.698970004336019
CCC(C)Sc1nc(O)c(C)c(Cc2cccc(F)c2)n1,5.823908740944319
Cc1c(O)nc(SC2CCCC2)nc1Cc1c(Cl)cccc1Cl,5.769551078621726
CCOC(=O)CCCC=C(c1cc(Cl)c(OC)c(C(=O)OC)c1)c1cc(Cl)c(OC)c(C(=O)OC)c1,6.632644078973981
CCN1c2ncc(COc3ccccc3O)cc2C(=O)N(C)c2ccc(Cl)nc21,7.0
CCN1c2ncc(COc3ccccc3O)cc2C(=O)N(C)c2ccc(Cl)nc21,6.455931955649724
COC(=O)c1cc(C(=CCCNC(C)=O)c2cc(Cl)c(OC)c(C(=O)OC)c2)cc(Cl)c1OC,4.0
CCOC(=O)NCCC=C(c1cc(Cl)c(OC)c(C(=O)OC)c1)c1cc(Cl)c(OC)c(C(=O)OC)c1,5.714442690992226
COC(=O)c1cc(C(=CCCNC(=O)OCC(C)C)c2cc(C)c(OC)c(C(=O)OC)c2)cc(C)c1OC,5.530177984021837
Cc1ccnc2c1NC(=O)c1cccnc1N2C1CC1,5.732828271596986
Cc1ccnc2c1NC(=O)c1cccnc1N2C1CC1,5.8297382846050425
Cc1ccnc2c1NC(=O)c1cccnc1N2C1CC1,5.405607449624573
Cc1ccnc2c1NC(=O)c1cccnc1N2C1CC1,7.096910013008056
COC(=O)c1cc(C(=CCCCC(=O)OCC[Si](C)(C)C)c2cc(C)c(OC)c(C(=O)OC)c2)cc(C)c1OC,4.0
CC(C)CSc1nc(O)cc(Cc2c(Cl)cccc2Cl)n1,6.221848749616356
CCCCCC=C(c1cc(I)c(OC)c(C(=O)OC)c1)c1cc(I)c(OC)c(C(=O)OC)c1,4.958607314841775
COC(=O)NCCC=C(c1cc(Cl)c(OC)c(C(=O)OC)c1)c1cc(Cl)c(OC)c(C(=O)OC)c1,5.3535962737769305
CN/C(S)=N/CCC=C(c1cc(Cl)c(OC)c(C(=O)OC)c1)c1cc(Cl)c(OC)c(C(=O)OC)c1,4.0
CCN1c2ncc(COc3ccnc(C)c3)cc2C(=O)N(C)c2ccc(Cl)nc21,7.522878745280337
CCN1c2ncc(COc3ccnc(C)c3)cc2C(=O)N(C)c2ccc(Cl)nc21,7.522878745280337
CCN1c2ncc(COc3ccnc(C)c3)cc2C(=O)N(C)c2ccc(Cl)nc21,6.638272163982407
CCNc1cccnc1N1CCN(C(=O)c2cc3cc(OC)ccc3[nH]2)CC1.CS(=O)(=O)O,5.638272163982407
CCNc1cccnc1N1CCN(C(=O)c2cc3cc(OC)ccc3[nH]2)CC1.CS(=O)(=O)O,4.221848749616356
CCNc1cccnc1N1CCN(C(=O)c2cc3cc(OC)ccc3[nH]2)CC1.CS(=O)(=O)O,4.221848749616356
Cc1c(O)nc(SC(C)C)nc1Cc1c(Cl)cccc1Cl,5.939302159646388
C#CCn1cnc2c(ncn2[C@@H]2O[C@H](COC)[C@@H](OP(C)(=O)O)[C@H]2OC)c1=O,6.823908740944319
C=CCn1cnc2c(ncn2[C@@H]2O[C@H](COC)[C@@H](OP(C)(O)=S)[C@H]2OC)c1=O,7.4089353929735005
CCOC(=O)P(=O)(O)OCCCn1c(=O)c(C)cn([C@@H]2O[C@H](CO[Si](C)(C)C(C)(C)C)[C@@]3(OS(=O)(=O)C=C3N)[C@H]2O[Si](C)(C)C(C)(C)C)c1=O,5.200659450546418
CCOC(=O)P(=O)(O)OCCCn1c(=O)c(C)cn([C@@H]2O[C@H](CO[Si](C)(C)C(C)(C)C)[C@@]3(OS(=O)(=O)C=C3N)[C@H]2O[Si](C)(C)C(C)(C)C)c1=O,3.5331323796458904
CCN1c2ncc(CNc3cccc(N)c3)cc2C(=O)N(C)c2ccc(Cl)nc21,7.221848749616356
CCN1c2ncc(CNc3cccc(N)c3)cc2C(=O)N(C)c2ccc(Cl)nc21,7.0
CCN1c2ncc(COc3cccc(N)c3)cc2C(=O)N(C)c2ccc(Cl)nc21,7.301029995663981
CCN1c2ncc(COc3cccc(N)c3)cc2C(=O)N(C)c2ccc(Cl)nc21,7.0
CCN1c2ncc(COc3cccc(N)c3)cc2C(=O)N(C)c2ccc(Cl)nc21,6.431798275933005
CCN1c2ncc(CSc3[nH]cnc4ncnc3-4)cc2C(=O)N(C)c2ccc(Cl)nc21,7.154901959985743
CCN1c2ncc(CSc3[nH]cnc4ncnc3-4)cc2C(=O)N(C)c2ccc(Cl)nc21,7.045757490560675
CCN1c2ncc(CSc3[nH]cnc4ncnc3-4)cc2C(=O)N(C)c2ccc(Cl)nc21,6.886056647693163
CCN(c1nc(F)ccc1NC(C)(C)C)C1CCN(C(=O)c2cc3cc(NS(=O)(=O)N4CCN(C)CC4)ccc3[nH]2)CC1,6.080921907623926
CCN(c1nc(F)ccc1NC(C)(C)C)C1CCN(C(=O)c2cc3cc(NS(=O)(=O)N4CCN(C)CC4)ccc3[nH]2)CC1,5.962573502059376
CCN(c1nc(F)ccc1NC(C)(C)C)C1CCN(C(=O)c2cc3cc(NS(=O)(=O)N4CCN(C)CC4)ccc3[nH]2)CC1,5.684029654543083
CCCCSc1nc(O)cc(Cc2c(Cl)cccc2Cl)n1,6.301029995663981
CCN1c2ncc(COc3cccc(O)c3)cc2C(=O)N(C)c2ccc(Cl)nc21,6.886056647693163
CCN1c2ncc(COc3cccc(O)c3)cc2C(=O)N(C)c2ccc(Cl)nc21,6.6020599913279625
CCN1c2ncc(COc3cccc(O)c3)cc2C(=O)N(C)c2ccc(Cl)nc21,6.107905397309519
CCN1c2ncc(COc3ccncc3)cc2C(=O)N(C)c2ccc(F)nc21,7.301029995663981
CCN1c2ncc(COc3ccncc3)cc2C(=O)N(C)c2ccc(F)nc21,6.721246399047171
CCN1c2ncc(COc3ccncc3)cc2C(=O)N(C)c2ccc(F)nc21,7.3979400086720375
CCN1c2ncc(COc3ccncc3)cc2C(=O)N(C)c2ccc(F)nc21,6.886056647693163
CCN1c2ncc(COc3ccncc3)cc2C(=O)N(C)c2ccc(F)nc21,7.301029995663981
CCN1c2ncc(COc3ccncc3)cc2C(=O)N(C)c2ccc(F)nc21,6.958607314841775
CCN1c2ncc(COc3ccncc3)cc2C(=O)N(C)c2ccc(Cl)nc21,7.154901959985743
CCN1c2ncc(COc3ccncc3)cc2C(=O)N(C)c2ccc(Cl)nc21,6.585026652029182
CCN1c2ncc(COc3ccncc3)cc2C(=O)N(C)c2ccc(Cl)nc21,7.154901959985743
CCN1c2ncc(COc3ccncc3)cc2C(=O)N(C)c2ccc(Cl)nc21,6.7447274948966935
CCN1c2ncc(COc3ccncc3)cc2C(=O)N(C)c2ccc(Cl)nc21,6.920818753952375
CCN1c2ncc(COc3ccncc3)cc2C(=O)N(C)c2ccc(Cl)nc21,6.657577319177793
CCCN(c1ncccc1NC(C)C)C1CCN(C(=O)c2cc3cc(NC(=O)N4CCN(C)CC4)ccc3[nH]2)CC1,6.721246399047171
CCCN(c1ncccc1NC(C)C)C1CCN(C(=O)c2cc3cc(NC(=O)N4CCN(C)CC4)ccc3[nH]2)CC1,6.3979400086720375
CCCN(c1ncccc1NC(C)C)C1CCN(C(=O)c2cc3cc(NC(=O)N4CCN(C)CC4)ccc3[nH]2)CC1,6.0655015487564325
CCc1cc(NCc2nc3c(Cl)ccc(Cl)c3o2)c(O)nc1C,6.096910013008056
CCc1cc(NCc2nc3c(Cl)ccc(Cl)c3o2)c(O)nc1C,6.958607314841775
CCc1cc(NCc2nc3c(Cl)ccc(Cl)c3o2)c(O)nc1C,4.221848749616356
C#CCCCC=C(c1cc(Br)c(OC)c(C(=O)OC)c1)c1cc(Br)c(OC)c(C(=O)OC)c1,5.221848749616356
CCC(C)Sc1nc(O)cc(Cc2ccc(Cl)cc2)n1,5.318758762624412
CSc1nc(O)cc(Cc2c(Cl)cccc2Cl)n1,5.522878745280337
O=c1cc(Cc2c(F)cccc2F)nc(SC2CCCC2)[nH]1,7.096910013008056
CCCOC(=O)CCCC=C(c1cc(Br)c(OC)c(C(=O)OC)c1)c1cc(Br)c(OC)c(C(=O)OC)c1,5.0385789059335515
CC(C)Nc1cccnc1N(C)C1CCN(C(=O)c2cc3cc(NS(C)(=O)=O)ccc3[nH]2)CC1,6.301029995663981
CC(C)Nc1cccnc1N(C)C1CCN(C(=O)c2cc3cc(NS(C)(=O)=O)ccc3[nH]2)CC1,5.823908740944319
CC(C)Nc1cccnc1N(C)C1CCN(C(=O)c2cc3cc(NS(C)(=O)=O)ccc3[nH]2)CC1,5.958607314841775
CCNc1cccnc1N(CC)C1CCN(C(=O)c2cc3cc(NS(C)(=O)=O)ccc3[nH]2)CC1,6.337242168318426
CCNc1cccnc1N(CC)C1CCN(C(=O)c2cc3cc(NS(C)(=O)=O)ccc3[nH]2)CC1,6.267606240177032
CCNc1cccnc1N(CC)C1CCN(C(=O)c2cc3cc(NS(C)(=O)=O)ccc3[nH]2)CC1,6.055517327849832
CCN(c1ncccc1NC(C)(C)C)C1CCN(C(=O)c2cc3cc(NC(=O)N4CCN(C)CC4)ccc3[nH]2)CC1,6.657577319177793
CCN(c1ncccc1NC(C)(C)C)C1CCN(C(=O)c2cc3cc(NC(=O)N4CCN(C)CC4)ccc3[nH]2)CC1,6.431798275933005
CCN(c1ncccc1NC(C)(C)C)C1CCN(C(=O)c2cc3cc(NC(=O)N4CCN(C)CC4)ccc3[nH]2)CC1,6.214670164989233
CCC(C)Sc1nc(O)cc(Cc2cccc(Cl)c2)n1,5.721246399047171
CCC(C)Sc1nc(O)cc(Cc2ccccc2F)n1,6.522878745280337
CCC(C)Sc1nc(O)c(C)c(Cc2ccc(F)cc2)n1,4.886056647693163
CCC(C)Sc1nc(O)cc(Cc2c(Cl)cccc2Cl)n1,7.0
CC(C)CSc1nc(O)cc(Cc2c(F)cccc2F)n1,6.698970004336019
COC(=O)c1cc(C(=CCCCC(=O)N2CCCCC2)c2cc(C)c(OC)c(C(=O)OC)c2)cc(C)c1OC,5.147520006363144
CN(c1ncccc1NC1CC1)C1CCN(C(=O)c2cc3cc(NS(C)(=O)=O)ccc3[nH]2)CC1,7.045757490560675
CN(c1ncccc1NC1CC1)C1CCN(C(=O)c2cc3cc(NS(C)(=O)=O)ccc3[nH]2)CC1,6.6777807052660805
CN(c1ncccc1NC1CC1)C1CCN(C(=O)c2cc3cc(NS(C)(=O)=O)ccc3[nH]2)CC1,6.552841968657781
CCN(c1ncccc1NC(C)C)C1CCN(C(=O)c2cc3cc(NC(=O)N4CCN(C)CC4)ccc3[nH]2)CC1,6.853871964321762
CCN(c1ncccc1NC(C)C)C1CCN(C(=O)c2cc3cc(NC(=O)N4CCN(C)CC4)ccc3[nH]2)CC1,6.7447274948966935
CCN(c1ncccc1NC(C)C)C1CCN(C(=O)c2cc3cc(NC(=O)N4CCN(C)CC4)ccc3[nH]2)CC1,6.3872161432802645
CC(C)Nc1ccc(Cl)nc1N(C)C1CCN(C(=O)c2cc3cc(NS(C)(=O)=O)ccc3[nH]2)CC1,6.443697499232712
CC(C)Nc1ccc(Cl)nc1N(C)C1CCN(C(=O)c2cc3cc(NS(C)(=O)=O)ccc3[nH]2)CC1,5.769551078621726
CC(C)Nc1ccc(Cl)nc1N(C)C1CCN(C(=O)c2cc3cc(NS(C)(=O)=O)ccc3[nH]2)CC1,5.671620396561262
CCc1c(C)nc(O)c([N+](=O)[O-])c1Sc1cc(C)cc(C)c1,7.522878745280337
COC(=O)c1cc(C(=CCCCSC)c2cc(Cl)c(OC)c(C(=O)OC)c2)cc(Cl)c1OC,4.0
CC(C)Nc1cccnc1N(C)C1CCN(C(=O)c2cc3ccc(CO)cc3[nH]2)CC1,6.769551078621726
CC(C)Nc1cccnc1N(C)C1CCN(C(=O)c2cc3ccc(CO)cc3[nH]2)CC1,6.431798275933005
CC(C)Nc1cccnc1N(C)C1CCN(C(=O)c2cc3ccc(CO)cc3[nH]2)CC1,6.309803919971486
CC(C)Sc1nc(Cc2c(F)cccc2F)cc(=O)[nH]1,7.301029995663981
C=CCCCC=C(c1cc(Cl)c(OC)c(C(=O)OC)c1)c1cc(Cl)c(OC)c(C(=O)OC)c1,3.58838029403677
COC(=O)CCCC=C(c1cc(C(=O)OC)c(OC)c(C(F)(F)F)c1)c1cc(C(=O)OC)c(OC)c(C(F)(F)F)c1,3.6989700043360187
CCOC(=O)CCCC=C(c1cc(C)c(OC)c(C(=O)OC)c1)c1cc(C)c(OC)c(C(=O)OC)c1,6.7423214251308154
CCN1c2ncc(CS(=O)(=O)c3ccccc3)cc2C(=O)N(C)c2ccc(Cl)nc21,7.0
CCN1c2ncc(CS(=O)(=O)c3ccccc3)cc2C(=O)N(C)c2ccc(Cl)nc21,7.221848749616356
CCN1c2ncc(CS(=O)(=O)c3ccccc3)cc2C(=O)N(C)c2ccc(Cl)nc21,4.958607314841775
CCN1c2ncc(CCc3ccncc3)cc2C(=O)N(C)c2ccc(Cl)nc21,7.096910013008056
CCN1c2ncc(CCc3ccncc3)cc2C(=O)N(C)c2ccc(Cl)nc21,6.920818753952375
CCN1c2ncc(CCc3ccncc3)cc2C(=O)N(C)c2ccc(Cl)nc21,5.732828271596986
CCN1c2ncc(CCc3ccncc3)cc2C(=O)N(C)c2ccc(Cl)nc21,6.920818753952375
CCN1c2ncc(CCc3ccncc3)cc2C(=O)N(C)c2ccc(Cl)nc21,6.259637310505756
CCN1c2ncc(CCc3ccncc3)cc2C(=O)N(C)c2ccc(Cl)nc21,7.522878745280337
CCN1c2ncc(CCc3ccncc3)cc2C(=O)N(C)c2ccc(Cl)nc21,6.958607314841775
CC(C)Nc1cccnc1N(C1CC1)C1CCN(C(=O)c2cc3ccccc3[nH]2)CC1,6.154901959985743
CC(C)Nc1cccnc1N(C1CC1)C1CCN(C(=O)c2cc3ccccc3[nH]2)CC1,6.229147988357855
CC(C)Nc1cccnc1N(C1CC1)C1CCN(C(=O)c2cc3ccccc3[nH]2)CC1,5.636388020107856
CCC(C)Sc1nc(O)c(C)c(Cc2ccccc2F)n1,6.3872161432802645
C=CCn1cnc2c(ncn2[C@@H]2O[C@H](COC)[C@@H](OP(C)(=O)O)[C@H]2O)c1=O,5.017728766960431
Cc1cn([C@@H]2O[C@H](CO[Si](C)(C)C(C)(C)C)[C@@]3(OS(=O)(=O)C=C3N)[C@H]2O[Si](C)(C)C(C)(C)C)c(=O)n(C)c1=O,5.508638306165727
Cc1cn([C@@H]2O[C@H](CO[Si](C)(C)C(C)(C)C)[C@@]3(OS(=O)(=O)C=C3N)[C@H]2O[Si](C)(C)C(C)(C)C)c(=O)n(C)c1=O,4.0
CC(C)Nc1cccnc1N(C)C1CCN(C(=O)c2cc3ccc(OCCOCCOCCO)cc3[nH]2)CC1,6.522878745280337
CC(C)Nc1cccnc1N(C)C1CCN(C(=O)c2cc3ccc(OCCOCCOCCO)cc3[nH]2)CC1,6.3872161432802645
CC(C)Nc1cccnc1N(C)C1CCN(C(=O)c2cc3ccc(OCCOCCOCCO)cc3[nH]2)CC1,6.113509274827518
COC(=O)c1cc(C(=CCCCC(=O)N(C)C)c2cc(C)c(OC)c(C(=O)OC)c2)cc(C)c1OC,5.247951552180561
CCOC(=O)NCCC=C(c1cc(C)c(OC)c(C(=O)OC)c1)c1cc(C)c(OC)c(C(=O)OC)c1,7.795880017344075
CCN1c2ncc(CSc3ncccn3)cc2C(=O)N(C)c2ccc(Cl)nc21,7.522878745280337
CCN1c2ncc(CSc3ncccn3)cc2C(=O)N(C)c2ccc(Cl)nc21,7.221848749616356
CCc1c(C)[nH]c(=O)c(NC=O)c1Cc1cc(C)cc(C)c1,6.698970004336019
CCC(C)Sc1nc(O)cc(Cc2ccc([N+](=O)[O-])cc2)n1,5.920818753952375
CC(C)Sc1nc(O)cc(Cc2c(Cl)cccc2Cl)n1,5.823908740944319
Cc1c(O)nc(SC2CCCC2)nc1Cc1ccccc1,6.301029995663981
COC(=O)NCCC=C(c1cc(Br)c(OC)c(C(=O)OC)c1)c1cc(Br)c(OC)c(C(=O)OC)c1,5.621602099051862
CCN1c2ncc(COc3cccc(C(=O)OC)c3)cc2C(=O)N(C)c2ccc(Cl)nc21,6.154901959985743
CCN1c2ncc(CSc3ccccc3)cc2C(=O)N(C)c2ccc(Cl)nc21,7.698970004336019
CCN1c2ncc(CSc3ccccc3)cc2C(=O)N(C)c2ccc(Cl)nc21,8.0
CCN1c2ncc(CSc3ccccc3)cc2C(=O)N(C)c2ccc(Cl)nc21,7.522878745280337
CCN1c2ncc(CSc3ccccc3)cc2C(=O)N(C)c2ccc(Cl)nc21,7.522878745280337
CCN1c2ncc(CSc3ccccc3)cc2C(=O)N(C)c2ccc(Cl)nc21,7.221848749616356
CCN1c2ncc(CSc3ccccc3)cc2C(=O)N(C)c2ccc(Cl)nc21,7.3979400086720375
CCN1c2ncc(CSc3ccccc3)cc2C(=O)N(C)c2ccc(Cl)nc21,7.301029995663981
CNC(=O)Nc1ccc2[nH]c(C(=O)N3CCC(N(C)c4ncccc4NC(C)C)CC3)cc2c1,6.7447274948966935
CNC(=O)Nc1ccc2[nH]c(C(=O)N3CCC(N(C)c4ncccc4NC(C)C)CC3)cc2c1,5.795880017344075
CCC(C)(C)Nc1cccnc1N(C)C1CCN(C(=O)c2cc3cc(NS(C)(=O)=O)ccc3[nH]2)CC1,6.455931955649724
CCC(C)(C)Nc1cccnc1N(C)C1CCN(C(=O)c2cc3cc(NS(C)(=O)=O)ccc3[nH]2)CC1,5.47755576649368
CCC(C)(C)Nc1cccnc1N(C)C1CCN(C(=O)c2cc3cc(NS(C)(=O)=O)ccc3[nH]2)CC1,6.275724130399211
CN(c1ncccc1NC1(C)CC1)C1CCN(C(=O)c2cc3cc(NS(C)(=O)=O)ccc3[nH]2)CC1,6.795880017344075
CN(c1ncccc1NC1(C)CC1)C1CCN(C(=O)c2cc3cc(NS(C)(=O)=O)ccc3[nH]2)CC1,5.838631997765025
CN(c1ncccc1NC1(C)CC1)C1CCN(C(=O)c2cc3cc(NS(C)(=O)=O)ccc3[nH]2)CC1,6.431798275933005
CCN(c1nc(F)ccc1NC(C)(C)C)C1CCN(C(=O)c2cc3cc(NS(C)(=O)=O)ccc3[nH]2)CC1,6.136677139879544
CCN(c1nc(F)ccc1NC(C)(C)C)C1CCN(C(=O)c2cc3cc(NS(C)(=O)=O)ccc3[nH]2)CC1,5.978810700930062
CCN(c1nc(F)ccc1NC(C)(C)C)C1CCN(C(=O)c2cc3cc(NS(C)(=O)=O)ccc3[nH]2)CC1,5.97469413473523
CC(C)Nc1cccnc1N1CCN(C(=O)c2cc3cc(NS(C)(=O)=O)ccc3[nH]2)CC1.CS(=O)(=O)O,6.585026652029182
CC(C)Nc1cccnc1N1CCN(C(=O)c2cc3cc(NS(C)(=O)=O)ccc3[nH]2)CC1.CS(=O)(=O)O,4.7447274948966935
CC(C)Nc1cccnc1N1CCN(C(=O)c2cc3cc(NS(C)(=O)=O)ccc3[nH]2)CC1.CS(=O)(=O)O,5.079876673709276
COC(=O)c1cc(C(=CCCCC(=O)OC(C)C)c2cc(Br)c(OC)c(C(=O)OC)c2)cc(Br)c1OC,4.149966742310231
CCN1c2ncc(COc3ccc4[nH]ccc4c3)cc2C(=O)N(C)c2ccc(Cl)nc21,6.508638306165727
CCN1c2ncc(COc3ccc4[nH]ccc4c3)cc2C(=O)N(C)c2ccc(Cl)nc21,7.045757490560675
CCNc1cccnc1N(CC)C1CCN(C(=O)c2cc3cc(NS(=O)(=O)CC)ccc3[nH]2)CC1,6.3979400086720375
CCNc1cccnc1N(CC)C1CCN(C(=O)c2cc3cc(NS(=O)(=O)CC)ccc3[nH]2)CC1,6.585026652029182
CCNc1cccnc1N(CC)C1CCN(C(=O)c2cc3cc(NS(=O)(=O)CC)ccc3[nH]2)CC1,6.318758762624412
CCN1c2ncc(COc3ccc(O)cc3)cc2C(=O)N(C)c2ccc(Cl)nc21,6.6777807052660805
CCN1c2ncc(COc3cccc(OC)c3)cc2C(=O)N(C)c2ccc(Cl)nc21,7.0
CCN1c2ncc(COc3cccc(OC)c3)cc2C(=O)N(C)c2ccc(Cl)nc21,6.552841968657781
CCN1c2ncc(COc3cccc(OC)c3)cc2C(=O)N(C)c2ccc(Cl)nc21,6.886056647693163
CCN1c2ncc(COc3cccc(OC)c3)cc2C(=O)N(C)c2ccc(Cl)nc21,6.657577319177793
CCN1c2ncc(COc3cccc(OC)c3)cc2C(=O)N(C)c2ccc(Cl)nc21,6.5376020021010435
CCN1c2ncc(COc3cc[n+]([O-])cc3)cc2C(=O)N(C)c2cccnc21,6.6777807052660805
CCN1c2ncc(COc3cc[n+]([O-])cc3)cc2C(=O)N(C)c2cccnc21,5.872895201635193
CCN1c2ncc(COc3cc[n+]([O-])c(C)c3)cc2C(=O)N(C)c2ccc(Cl)nc21,7.0
CCN1c2ncc(COc3cc[n+]([O-])c(C)c3)cc2C(=O)N(C)c2ccc(Cl)nc21,6.6777807052660805
CCN1c2ncc(COc3cc[n+]([O-])c(C)c3)cc2C(=O)N(C)c2ccc(Cl)nc21,5.3655227298392685
N#Cc1c(N)cccc1Sc1cccc(Br)c1,4.823908740944319
COc1cc(C)cc(Sc2cccc(N)c2C#N)c1,6.853871964321762
Cc1cn([C@@H]2O[C@H](COP(=O)(O)OP(=O)(O)OP(=O)(O)O)[C@@H](O)[C@H]2O)c(=O)[nH]c1=O,3.6989700043360187
Cc1ccc([S+]([O-])c2cccc(N)c2C#N)cc1,4.6777807052660805
N#Cc1c(N)cccc1S(=O)(=O)c1cccc(Cl)c1,6.3979400086720375
N#Cc1c(N)cccc1[S+]([O-])c1cccc(C(F)(F)F)c1,4.657577319177793
N#Cc1c(N)cccc1S(=O)(=O)c1ccc2ccccc2c1,7.522878745280337
COc1ccc(Sc2cccc(N)c2C#N)cc1,4.769551078621726
Cc1cn([C@@H]2C[C@@H](F)[C@H](COP(=O)(O)OP(=O)(O)OP(=O)(O)O)O2)c(=O)nc1N,6.221848749616356
CC(=O)Nc1ccc2c(c1)C(C#CC(C)C)(C(F)(F)F)OC(=O)N2,5.698970004336019
CC(C)C#CC1(C(F)(F)F)OC(=O)Nc2ccc(N)cc21,6.047691990337875
COc1cc([S+]([O-])c2cccc(N)c2C#N)cc(C(F)(F)F)c1,6.045757490560675
CCC#CC1(C(F)(F)F)OC(=O)Nc2cccc(F)c21,6.896196279044043
N#Cc1c(N)cccc1S(=O)(=O)c1cc(Cl)cc(Cl)c1,7.522878745280337
Cc1cc(C)cc(S(=O)(=O)c2cccc(N)c2C#N)c1,8.154901959985743
CCCC#CC1(C(F)(F)F)OC(=O)Nc2cccc(F)c21,6.806875401645538
N#Cc1ccccc1Sc1cccc(N)c1C#N,5.040958607678906
COc1cccc(S(=O)(=O)c2cccc(N)c2C#N)c1,6.221848749616356
O=c1ccn([C@@H]2C[C@@H](F)[C@H](COP(=O)(O)OP(=O)(O)OP(=O)(O)O)O2)c(=O)[nH]1,7.154901959985743
CCCC#CC1(C(F)(F)F)OC(=O)Nc2ccc(N)cc21,5.822175028135319
Nc1ncnc2c1ncn2[C@H]1CC[C@@H](COP(=O)(O)OP(=O)(O)OP(=O)(O)O)O1,9.301029995663981
O=[N+]([O-])c1ccccc1Sc1ccccc1[N+](=O)[O-],4.698970004336019
N#Cc1c(N)cccc1Sc1cc(Cl)cc(Cl)c1,6.920818753952375
Cc1cc(Cl)cc([S+]([O-])c2cccc(N)c2C#N)c1,6.2839966563652006
Nc1ccc2c(c1)C(C#CC1CC1)(C(F)(F)F)OC(=O)N2,6.095825631715837
CNc1ccc2c(c1)C(C#CC1CC1)(C(F)(F)F)OC(=O)N2,6.216096420727265
CC(=O)Nc1ccc2c(c1)C(C#CC1CC1)(C(F)(F)F)OC(=O)N2,5.698970004336019
N#Cc1ccc(Sc2cccc(N)c2C#N)cc1,4.721246399047171
N#Cc1c(N)cccc1Sc1cccc(Cl)c1,4.795880017344075
COc1ccc([S+]([O-])c2cccc(N)c2C#N)cc1,4.698970004336019
CCCCOc1cc(C)cc(S(=O)(=O)c2cccc(N)c2C#N)c1,6.3979400086720375
O=[N+]([O-])c1ccccc1S(=O)(=O)c1ccccc1,4.795880017344075
Nc1ccn([C@@H]2C[C@@H](F)[C@H](COP(=O)(O)OP(=O)(O)OP(=O)(O)O)O2)c(=O)n1,4.0
CCNc1cccnc1N1CCN(C(=O)c2cc3cc(OC)ccc3[nH]2)CC1.CS(=O)(=O)O,5.2839966563652006
N#Cc1c(N)cccc1S(=O)(=O)c1cccc(C(F)(F)F)c1,5.275724130399211
Cc1cc(C)cc([S+]([O-])c2cccc(N)c2C#N)c1,6.301029995663981
COc1cc(Sc2cccc(N)c2C#N)cc(C(F)(F)F)c1,4.886056647693163
Cc1ccc(Sc2cccc(N)c2C#N)cc1,5.2441251443275085
CC(C)C#CC1(C(F)(F)F)OC(=O)Nc2ccc([N+](=O)[O-])cc21,6.701146923590294
N#Cc1c(N)cccc1Sc1ccccc1Br,4.6777807052660805
Cc1ccccc1S(=O)(=O)c1cccc(N)c1C#N,5.346787486224656
N#Cc1c(N)cccc1Sc1cccc(N)c1,4.638272163982407
N#Cc1c(N)cccc1[S+]([O-])c1ccccc1Br,4.721246399047171
N#Cc1ccc(S(=O)(=O)c2cccc(N)c2C#N)cc1,4.7447274948966935
Cc1cn([C@@H]2C[C@@H](F)[C@H](COP(=O)(O)OP(=O)(O)OP(=O)(O)O)O2)c(=O)nc1N,4.0
CC(C)Nc1cccnc1N1CCN(C(=O)c2cc3cc(NS(C)(=O)=O)ccc3[nH]2)CC1.CS(=O)(=O)O,5.958607314841775
O=C1Nc2ccc(Cl)cc2[C@@](C#CC2CC2)(C(F)(F)F)O1,7.318758762624412
CC(C)C#CC1(C(F)(F)F)OC(=O)Nc2cccc(F)c21,6.991399828238082
N#Cc1cccc(Sc2cccc(N)c2C#N)c1,5.958607314841775
N#Cc1cccc([S+]([O-])c2cccc(N)c2C#N)c1,4.823908740944319
N#Cc1c(N)cccc1Sc1cccc(F)c1,4.920818753952375
N#Cc1c(N)cccc1Sc1ccccc1,5.060480747381382
N#Cc1c(N)cccc1S(=O)(=O)c1ccc(Br)cc1,4.853871964321762
N#Cc1c(N)cccc1Sc1ccc(Cl)cc1,4.920818753952375
COc1ccc(S(=O)(=O)c2cccc(N)c2C#N)cc1,4.886056647693163
Cc1cccc(S(=O)(=O)c2cccc(N)c2C#N)c1,6.698970004336019
O=C1Nc2cccc(F)c2C(C#CC2CC2)(C(F)(F)F)O1,7.107905397309519
N#Cc1c(N)cccc1Sc1ccccc1Cl,5.142667503568732
N#Cc1c(N)cccc1S(=O)(=O)c1ccccc1F,5.301029995663981
Cc1cccc(Sc2cccc(N)c2C#N)c1,6.017728766960431
COc1ccccc1Sc1cccc(N)c1C#N,5.568636235841013
N#Cc1c(N)cccc1[S+]([O-])c1cc(Cl)ccc1Cl,5.207608310501746
N#Cc1ccccc1[S+]([O-])c1cccc(N)c1C#N,5.00436480540245
N#Cc1c(N)cccc1S(=O)(=O)c1cc(Cl)ccc1Cl,6.522878745280337
Cc1cn([C@@H]2C[C@@H](F)[C@H](COP(=O)(O)OP(=O)(O)OP(=O)(O)O)O2)c(=O)[nH]c1=O,4.0
Nc1ncnc2c1ncn2C1COC(COP(=O)(O)OP(=O)(O)OP(=O)(O)O)C1,7.455931955649724
Cc1cc(Br)cc(S(=O)(=O)c2cccc(N)c2C#N)c1,8.522878745280337
N#Cc1c(N)cccc1S(=O)(=O)c1cccc2ccccc12,6.0
N#Cc1c(N)cccc1S(=O)(=O)c1cccc(Br)c1,6.698970004336019
N#Cc1c(N)cccc1Sc1cccc(C(F)(F)F)c1,5.1487416512809245
Cc1cc(C)cc(Sc2cccc(N)c2C#N)c1,5.958607314841775
COc1cc(C(F)(F)F)cc(S(=O)(=O)c2cccc(N)c2C#N)c1,7.3979400086720375
N#Cc1c(N)cccc1[S+]([O-])c1ccc(Br)cc1,4.6777807052660805
N#Cc1ccc([S+]([O-])c2cccc(N)c2C#N)cc1,4.638272163982407
N#Cc1c(N)cccc1S(=O)(=O)c1ccccc1Br,4.920818753952375
N#Cc1c(N)cccc1S(=O)(=O)c1ccccc1,5.161150909262744
Cc1ccc(S(=O)(=O)c2cccc(N)c2C#N)cc1,5.136677139879544
Cc1cn([C@@H]2C[C@@H](F)[C@H](COP(=O)(O)OP(=O)(O)OP(=O)(O)O)O2)c(=O)[nH]c1=O,7.301029995663981
O=[N+]([O-])c1ccccc1S(=O)(=O)c1ccccc1[N+](=O)[O-],4.853871964321762
CCC#CC1(C(F)(F)F)OC(=O)Nc2ccc(N)cc21,5.722620025332746
N#Cc1ccccc1S(=O)(=O)c1cccc(N)c1C#N,5.221848749616356
COc1cccc(Sc2cccc(N)c2C#N)c1,5.823908740944319
N#Cc1c(N)cccc1Sc1cc(Cl)ccc1Cl,5.455931955649724
N#Cc1c(N)cccc1S(=O)(=O)c1ccccc1Cl,5.229147988357856
Cc1cc(Cl)cc(S(=O)(=O)c2cccc(N)c2C#N)c1,8.301029995663981
Nc1ccn([C@@H]2C[C@@H](F)[C@H](COP(=O)(O)OP(=O)(O)OP(=O)(O)O)O2)c(=O)n1,6.301029995663981
CNc1ccc2c(c1)C(C#CC(C)C)(C(F)(F)F)OC(=O)N2,6.325138859262188
Cc1ccccc1[S+]([O-])c1cccc(N)c1C#N,4.6777807052660805
Cc1cccc([S+]([O-])c2cccc(N)c2C#N)c1,5.0
O=c1ccn([C@@H]2C[C@@H](F)[C@H](COP(=O)(O)OP(=O)(O)OP(=O)(O)O)O2)c(=O)[nH]1,3.6989700043360187
CCCC#CC1(C(F)(F)F)OC(=O)Nc2ccc([N+](=O)[O-])cc21,6.517126416391246
O=C1Nc2ccc([N+](=O)[O-])cc2C(C#CC2CC2)(C(F)(F)F)O1,6.679853713888946
CCC#CC1(C(F)(F)F)OC(=O)Nc2ccc([N+](=O)[O-])cc21,6.559090917934782
Nc1ncnc2c1nnn2C1COC(COP(=O)(O)OP(=O)(O)OP(=O)(O)O)C1,8.366531544420413
N#Cc1c(N)cccc1[S+]([O-])c1cccc(Br)c1,5.318758762624412
COc1cc(C)cc(S(=O)(=O)c2cccc(N)c2C#N)c1,8.0
N#Cc1cccc(S(=O)(=O)c2cccc(N)c2C#N)c1,5.7447274948966935
Cc1cc(Cl)cc(Sc2cccc(N)c2C#N)c1,5.769551078621726
COc1cccc([S+]([O-])c2cccc(N)c2C#N)c1,4.721246399047171
COc1ccccc1S(=O)(=O)c1cccc(N)c1C#N,5.853871964321762
COc1ccccc1[S+]([O-])c1cccc(N)c1C#N,4.920818753952375
CCN1c2ncccc2-c2nncn2-c2c(C)ccnc21,4.351639989019068
Cc1ccnc2c1NC(=O)c1cccnc1N2C1CC1,5.31443738884177
CCN1c2ncccc2C(=O)N(C)c2ccc(/C=C/C(=O)OC)nc21,6.7447274948966935
CCN1c2ncccc2C(=O)N(C)c2ccc(/C=C/C(=O)OC)nc21,6.173925197299173
CCN1c2ncccc2C(=O)N(C)c2ccc(N3CC=CC3)nc21,7.522878745280337
CCN1c2ncccc2C(=O)N(C)c2ccc(N3CC=CC3)nc21,6.1938200260161125
CCN1c2ncccc2C(=O)N(C)c2ccc(-c3ccc[nH]3)nc21,7.154901959985743
CCN1c2ncccc2C(=O)N(C)c2ccc(-c3ccc[nH]3)nc21,7.154901959985743
O=[PH](O)OCC1O[C@H]2O[C@@H]3C(CO[PH](=O)O)O[C@H](O[C@@H]4C(CO[PH](=O)O)O[C@H](O[C@@H]5C(CO[PH](=O)O)O[C@H](O[C@@H]6C(CO[PH](=O)O)O[C@H](O[C@@H]7C(CO[PH](=O)O)O[C@H](O[C@@H]8C(CO[PH](=O)O)O[C@H](O[C@H]1C(O)C2O)C(O)C8Cl)C(O)C7Cl)C(O)C6O[PH](=O)O)C(O)C5Cl)C(O)C4Cl)C(O)C3Cl,6.698970004336019
CCN1c2ncccc2-c2nccn2-c2ccc(O)nc21,4.621602099051862
CCN1c2ncccc2-c2nccn2-c2ccc(O)nc21,5.156144577376839
CCN1c2ncccc2C(=O)N(C)c2ccc(-c3ccn[nH]3)nc21,6.4089353929735005
CCN1c2ncccc2C(=O)N(C)c2ccc(-c3ccn[nH]3)nc21,6.5376020021010435
CCN1c2ncccc2C(=O)N(C)c2ccc(N3CCCCC3)nc21,6.522878745280337
CCN1c2ncccc2C(=O)N(C)c2ccc(N3CCCCC3)nc21,6.0
CCOC(=O)c1cccn1S(=O)(=O)c1cc(Cl)ccc1N,6.3979400086720375
CCOC(=O)c1cccn1S(=O)(=O)c1cc(Cl)ccc1N,5.1249387366083
CCOC(=O)c1cccn1S(=O)(=O)c1cc(Cl)ccc1N,5.070581074285707
CCOC(=O)c1cccn1S(=O)(=O)c1cc(C)ccc1[N+](=O)[O-],5.301029995663981
CCOC(=O)c1cccn1S(=O)(=O)c1cc(C)ccc1[N+](=O)[O-],4.698970004336019
CCOC(=O)c1cccn1S(=O)(=O)c1cc(C)ccc1[N+](=O)[O-],4.698970004336019
CCN1c2ncccc2C(=O)N(C)c2ccc(-c3cccc(OC)c3)nc21,6.823908740944319
CCN1c2ncccc2C(=O)N(C)c2ccc(-c3cccc(OC)c3)nc21,6.6777807052660805
CCN1c2ncccc2C(=O)N(C)c2ccc(-c3ccccn3)nc21,7.7447274948966935
CCN1c2ncccc2C(=O)N(C)c2ccc(-c3ccccn3)nc21,5.795880017344075
Cc1cc(Cl)nc2c1NC(=O)c1cccnc1N2C1CC1,7.698970004336019
Cc1cc(Cl)nc2c1NC(=O)c1cccnc1N2C1CC1,6.107905397309519
CCN1c2ncccc2-c2nccn2-c2c(C)ccnc21,5.790484985457369
CCN1c2ncccc2-c2nccn2-c2c(C)ccnc21,6.610833915635467
CCc1cnc2n1-c1cccnc1N(CC)c1ncccc1-2,5.249491605148654
CCc1cnc2n1-c1cccnc1N(CC)c1ncccc1-2,5.958607314841775
CCN1c2ncccc2-c2ncc(C)n2-c2ccc(N(C)C)nc21,5.619788758288394
CCN1c2ncccc2-c2ncc(C)n2-c2ccc(N(C)C)nc21,5.958607314841775
CCN1c2ncccc2C(=O)N(C)c2ccc(-c3ccc(N)cc3)nc21,7.3979400086720375
CCN1c2ncccc2C(=O)N(C)c2ccc(-c3ccc(N)cc3)nc21,6.920818753952375
CCN1c2ncccc2C(=O)N(C)c2ccc(-c3ccc(N)cc3)nc21,6.2441251443275085
CCN1c2ncccc2C(=O)N(C)c2ccc(-c3ccc(N)cc3)nc21,6.585026652029182
CCN1c2ncccc2C(=O)N(C)c2ccc(-c3ccc(N)cc3)nc21,6.585026652029182
CCN1c2ncccc2C(=O)N(C)c2ccc(-c3ccc(N)cc3)nc21,7.221848749616356
CCN1c2ncccc2C(=O)N(C)c2ccc(-n3cccn3)nc21,6.508638306165727
CCN1c2ncccc2C(=O)N(C)c2ccc(-n3cccn3)nc21,6.251811972993799
O=C1Nc2ccc(Cl)cc2[C@@](C#CC2CC2)(C(F)(F)F)O1,11.154901959985743
O=C1Nc2ccc(Cl)cc2[C@@](C#CC2CC2)(C(F)(F)F)O1,11.154901959985743
O=C1Nc2ccc(Cl)cc2[C@@](C#CC2CC2)(C(F)(F)F)O1,11.522878745280337
O=S(=O)([O-])OCC1O[C@@H]2O[C@@H]3C(COS(=O)(=O)[O-])O[C@H](O[C@@H]4C(CSCc5ccccc5)O[C@H](O[C@@H]5C(COS(=O)(=O)[O-])O[C@@H](O[C@@H]6C(CSCc7ccccc7)O[C@H](O[C@@H]7C(COS(=O)(=O)[O-])O[C@H](O[C@@H]8C(CSCc9ccccc9)O[C@H](O[C@H]1C(OS(=O)(=O)[O-])C2OS(=O)(=O)[O-])C(OS(=O)(=O)[O-])C8O)C(OS(=O)(=O)[O-])C7OS(=O)(=O)[O-])C(OS(=O)(=O)[O-])C6OS(=O)(=O)[O-])C(OS(=O)(=O)[O-])C5OS(=O)(=O)[O-])C(OS(=O)(=O)[O-])C4OS(=O)(=O)[O-])C(OS(=O)(=O)[O-])C3OS(=O)(=O)[O-].[K+].[K+].[K+].[K+].[K+].[K+].[K+].[K+].[K+].[K+].[K+].[K+].[K+].[K+].[K+].[K+].[K+],6.200659450546418
CCN1c2ncccc2-c2nc(C)cn2-c2cccnc21,4.950781977329818
CCN1c2ncccc2-c2nc(C)cn2-c2cccnc21,5.560667306169737
CCN1c2ncccc2C(=O)N(C)c2ccc(-c3ccccc3)nc21,6.638272163982407
CCN1c2ncccc2C(=O)N(C)c2ccc(-c3ccccc3)nc21,5.853871964321762
CCN1c2ncccc2C(=O)N(C)c2ccc(-c3nccs3)nc21,7.0
CCN1c2ncccc2C(=O)N(C)c2ccc(-c3nccs3)nc21,6.619788758288394
CCN1c2ncccc2C(=O)N(C)c2ccc(-c3cccc(N)c3)nc21,7.154901959985743
CCN1c2ncccc2C(=O)N(C)c2ccc(-c3cccc(N)c3)nc21,6.251811972993799
CCN1c2ncccc2C(=O)N(C)c2ccc(-c3ccc(O)nc3)nc21,5.958607314841775
CCN1c2ncccc2C(=O)N(C)c2ccc(-c3ccc(O)nc3)nc21,6.0
CCN1c2ncccc2C(=O)Nc2c(C)ccnc21,4.987162775294828
CCN1c2ncccc2C(=O)Nc2c(C)ccnc21,5.823908740944319
Cc1nnc2n1-c1cccnc1N(C1CC1)c1ncccc1-2,4.939302159646388
Cc1nnc2n1-c1cccnc1N(C1CC1)c1ncccc1-2,5.106793246940152
CCN1c2ncccc2C(=O)N(C)c2ccc(/C=C/C(N)=O)nc21,6.6020599913279625
CCN1c2ncccc2C(=O)N(C)c2ccc(/C=C/C(N)=O)nc21,5.619788758288394
Cc1cn([C@@H]2O[C@H](CO[Si](C)(C)C(C)(C)C)C3(OS(=O)(=O)C=C3N)[C@H]2O[Si](C)(C)C(C)(C)C)c(=O)[nH]c1=O,8.443697499232712
Cc1cn([C@@H]2O[C@H](CO[Si](C)(C)C(C)(C)C)C3(OS(=O)(=O)C=C3N)[C@H]2O[Si](C)(C)C(C)(C)C)c(=O)[nH]c1=O,6.301029995663981
Cc1cn([C@@H]2O[C@H](CO[Si](C)(C)C(C)(C)C)C3(OS(=O)(=O)C=C3N)[C@H]2O[Si](C)(C)C(C)(C)C)c(=O)[nH]c1=O,9.431798275933005
CCc1nnc2n1-c1cccnc1N(CC)c1ncccc1-2,4.247183568811729
CCc1nnc2n1-c1cccnc1N(CC)c1ncccc1-2,4.694648630553377
CCN1c2ncccc2C(=O)N(C)c2ccc(-c3ccc(N)nc3)nc21,7.301029995663981
CCN1c2ncccc2C(=O)N(C)c2ccc(-c3ccc(N)nc3)nc21,6.585026652029182
CCN1c2ncccc2C(=O)N(C)c2ccc(-c3ccc(N)nc3)nc21,6.619788758288394
CCN1c2ncccc2C(=O)N(C)c2ccc(-c3ccc(N)nc3)nc21,6.3872161432802645
CCN1c2ncccc2C(=O)N(C)c2ccc(-c3ccc(N)nc3)nc21,7.3979400086720375
CCN1c2ncccc2C(=O)N(C)c2ccc(-c3ccc(N)nc3)nc21,7.698970004336019
CCN1c2ncccc2C(=O)N(C)c2ccc(-c3ccoc3)nc21,7.3979400086720375
CCN1c2ncccc2C(=O)N(C)c2ccc(-c3ccoc3)nc21,6.958607314841775
CCN1c2ncccc2-c2nnc(-c3ccccc3)n2-c2cccnc21,4.0
CCN1c2ncccc2C(=O)Nc2c(C)cc(C)nc21,7.698970004336019
CCN1c2ncccc2C(=O)Nc2c(C)cc(C)nc21,6.0
CN1C(=O)c2cccnc2N(C2CC2)c2nc(Cl)ccc21,7.045757490560675
CN1C(=O)c2cccnc2N(C2CC2)c2nc(Cl)ccc21,6.036212172654444
CCN1c2ncccc2-c2nncn2-c2cccnc21,4.137868620686962
CCOC(=O)c1cccn1S(=O)(=O)c1cc(C)ccc1N,5.3979400086720375
CCOC(=O)c1cccn1S(=O)(=O)c1cc(C)ccc1N,4.698970004336019
CCOC(=O)c1cccn1S(=O)(=O)c1cc(C)ccc1N,4.698970004336019
CCN1c2ncccc2-c2nnc(C)n2-c2c(C)ccnc21,3.703334809738469
CCN1c2ncccc2-c2nccn2-c2cccnc21,4.950781977329818
CCN1c2ncccc2-c2nccn2-c2cccnc21,6.110698297493689
COC(=O)c1cccn1S(=O)(=O)c1cc(Cl)ccc1N,6.346787486224656
COC(=O)c1cccn1S(=O)(=O)c1cc(Cl)ccc1N,5.161150909262744
COC(=O)c1cccn1S(=O)(=O)c1cc(Cl)ccc1N,5.130768280269024
CCN1c2ncccc2C(=O)N(C)c2ccc(-c3cc[nH]c3)nc21,7.522878745280337
CCN1c2ncccc2C(=O)N(C)c2ccc(-c3cc[nH]c3)nc21,7.3979400086720375
CCN1c2ncccc2C(=O)N(C)c2ccc(-c3cc[nH]c3)nc21,6.3872161432802645
CCN1c2ncccc2C(=O)N(C)c2ccc(-c3cc[nH]c3)nc21,7.301029995663981
CCN1c2ncccc2C(=O)N(C)c2ccc(-c3cc[nH]c3)nc21,6.886056647693163
CCN1c2ncccc2C(=O)N(C)c2ccc(-c3cc[nH]c3)nc21,7.154901959985743
CCN1c2ncccc2-c2ncc(C)n2-c2cccnc21,5.913640169325252
CCN1c2ncccc2-c2ncc(C)n2-c2cccnc21,6.371611069949688
CCN1c2ncccc2C(=O)N(C)c2ccc(Cl)nc21,7.096910013008056
CCN1c2ncccc2C(=O)N(C)c2ccc(Cl)nc21,6.6777807052660805
CCN1c2ncccc2C(=O)N(C)c2ccc(Cl)nc21,5.958607314841775
CCN1c2ncccc2C(=O)N(C)c2ccc(Cl)nc21,7.698970004336019
CCN1c2ncccc2C(=O)N(C)c2ccc(Cl)nc21,6.920818753952375
CCN1c2ncccc2C(=O)Nc2c(C)cc(SC)nc21,7.698970004336019
CCN1c2ncccc2C(=O)Nc2c(C)cc(SC)nc21,6.0
CC(C)=CCOc1cc(NC(=S)c2ccoc2C)ccc1Cl,11.096910013008056
CC(C)=CCOc1cc(NC(=S)c2ccoc2C)ccc1Cl,10.119186407719209
CC(C)=CCOc1cc(NC(=S)c2ccoc2C)ccc1Cl,11.154901959985743
Cc1ccnc2c1NC(=O)c1cccnc1N2C1CC1,5.1911141326401875
Cc1ccnc2c1NC(=O)c1cccnc1N2C1CC1,5.675717544702307
CC(C)=CCN1Cc2cccc3nc(S)n(c23)C[C@H]1C,6.045757490560675
CC(C)=CCN1Cc2cccc3nc(S)n(c23)C[C@H]1C,5.045757490560675
CC(C)=CCN1Cc2cccc3nc(S)n(c23)C[C@H]1C,4.698970004336019
CCN1c2ncccc2C(=O)N(C)c2ccc(N)nc21,6.0
CCN1c2ncccc2C(=O)N(C)c2ccc(N)nc21,6.0
CCN1c2ncccc2C(=O)N(C)c2ccc(O)nc21,6.327902142064283
CCN1c2ncccc2C(=O)N(C)c2ccc(O)nc21,6.0
CCN1c2ncccc2C(=O)N(C)c2ccc(-c3ccsc3)nc21,7.0
CCN1c2ncccc2C(=O)N(C)c2ccc(-c3ccsc3)nc21,6.522878745280337
CCN1c2ncccc2-c2nnc(C(C)C)n2-c2cccnc21,4.0
CCN1c2ncccc2-c2nnc(C(C)C)n2-c2cccnc21,4.20342566678957
CCN1c2ncccc2C(=O)Nc2c(C)cc(N3CCSCC3)nc21,6.823908740944319
CCN1c2ncccc2C(=O)Nc2c(C)cc(N3CCSCC3)nc21,6.0
CCN1c2ncccc2C(=O)Nc2c(C)cc(C(C)(C)C)nc21,6.0
CCN1c2ncccc2C(=O)Nc2c(C)cc(C(C)(C)C)nc21,6.0
CCN1c2ncccc2-c2ncc(C)n2-c2ccc(N3CCCC3)nc21,5.568636235841013
CCN1c2ncccc2-c2ncc(C)n2-c2ccc(N3CCCC3)nc21,5.752026733638194
CCN1c2ncccc2C(=O)N(C)c2cccnc21,6.886056647693163
CCN1c2ncccc2C(=O)N(C)c2cccnc21,5.657577319177793
Cc1cc(C)c2c(n1)N(C1CC1)c1ncccc1C(=O)N2,7.154901959985743
Cc1cc(C)c2c(n1)N(C1CC1)c1ncccc1C(=O)N2,5.920818753952375
CCN1c2ncccc2-c2nnc(CN(C)C)n2-c2cccnc21,4.0
CCN1c2ncccc2-c2nnc(CN(C)C)n2-c2cccnc21,4.0
CCN1c2ncccc2-c2nccn2-c2ccc(OC)nc21,6.223298816011589
CCN1c2ncccc2-c2nccn2-c2ccc(OC)nc21,6.58838029403677
O=C1Nc2ccc(Cl)cc2[C@@](C#CC2CC2)(C(F)(F)F)O1,7.327902142064283
CCN1c2ncccc2C(=O)N(C)c2ccc(N3CCCC3)nc21,7.698970004336019
CCN1c2ncccc2C(=O)N(C)c2ccc(N3CCCC3)nc21,5.42021640338319
CCOC(=O)c1cccn1S(=O)(=O)c1cc(Cl)ccc1NC(=O)CC,4.698970004336019
CCOC(=O)c1cccn1S(=O)(=O)c1cc(Cl)ccc1NC(=O)CC,4.698970004336019
CCOC(=O)c1cccn1S(=O)(=O)c1cc(Cl)ccc1NC(=O)CC,4.698970004336019
CN1C(=O)c2cccnc2N(C2CC2)c2nc(-c3ccncc3)ccc21,6.823908740944319
CN1C(=O)c2cccnc2N(C2CC2)c2nc(-c3ccncc3)ccc21,6.494850021680094
CCN1c2ncccc2C(=O)N(C)c2ccc(N3CCOCC3)nc21,6.3979400086720375
CCN1c2ncccc2C(=O)N(C)c2ccc(N3CCOCC3)nc21,6.0
C=CCOC(=O)c1cccn1S(=O)(=O)c1cc(Cl)ccc1N,6.045757490560675
C=CCOC(=O)c1cccn1S(=O)(=O)c1cc(Cl)ccc1N,4.853871964321762
C=CCOC(=O)c1cccn1S(=O)(=O)c1cc(Cl)ccc1N,4.698970004336019
CCN1c2ncccc2C(=O)N(C)c2ccc(-c3cn[nH]c3)nc21,7.698970004336019
CCN1c2ncccc2C(=O)N(C)c2ccc(-c3cn[nH]c3)nc21,7.221848749616356
CCN1c2ncccc2C(=O)N(C)c2ccc(-c3cn[nH]c3)nc21,5.6020599913279625
CCN1c2ncccc2C(=O)N(C)c2ccc(-c3cn[nH]c3)nc21,7.096910013008056
CCN1c2ncccc2C(=O)N(C)c2ccc(-c3cn[nH]c3)nc21,6.886056647693163
CCN1c2ncccc2C(=O)N(C)c2ccc(-c3cn[nH]c3)nc21,7.301029995663981
CCN1c2ncccc2C(=O)Nc2c(C)cc(N3CCC(O)C3)nc21,7.3979400086720375
CCN1c2ncccc2C(=O)Nc2c(C)cc(N3CCC(O)C3)nc21,6.0
CC(C)Nc1cccnc1N1CCN(C(=O)c2cc3cc(NS(C)(=O)=O)ccc3[nH]2)CC1.CS(=O)(=O)O,6.374687549038326
CCOC(=O)c1cccn1S(=O)(=O)c1cc(Cl)ccc1NC(C)=O,4.698970004336019
CCOC(=O)c1cccn1S(=O)(=O)c1cc(Cl)ccc1NC(C)=O,4.698970004336019
CCOC(=O)c1cccn1S(=O)(=O)c1cc(Cl)ccc1NC(C)=O,4.698970004336019
CCN1c2ncccc2C(=O)N(C)c2ccc(-c3cnco3)nc21,6.958607314841775
CCN1c2ncccc2C(=O)N(C)c2ccc(-c3cnco3)nc21,6.251811972993799
COc1ccc(NCC2O[C@@H]3O[C@@H]4C(CNc5ccc(OC)cc5)O[C@@H](O[C@@H]5C(CNc6ccc(OC)cc6)O[C@H](O[C@@H]6C(CNc7ccc(OC)cc7)O[C@H](O[C@@H]7C(CNc8ccc(OC)cc8)O[C@H](O[C@@H]8C(CNc9ccc(OC)cc9)O[C@H](O[C@@H]9C(CNc%10ccc(OC)cc%10)O[C@H](O[C@H]2C(O)C3OS(=O)(=O)[O-])C(OS(=O)(=O)[O-])C9OS(=O)(=O)[O-])C(OS(=O)(=O)[O-])C8OS(=O)(=O)[O-])C(OS(=O)(=O)[O-])C7O)C(OS(=O)(=O)[O-])C6OS(=O)(=O)[O-])C(OS(=O)(=O)[O-])C5OS(=O)(=O)[O-])C(OS(=O)(=O)[O-])C4OS(=O)(=O)[O-])cc1.[Na+].[Na+].[Na+].[Na+].[Na+].[Na+].[Na+].[Na+].[Na+].[Na+].[Na+].[Na+],6.151195298948196
CCOC(=O)CC(=O)Nc1ccc(Cl)cc1S(=O)(=O)n1cccc1C(=O)OCC,4.698970004336019
CCOC(=O)CC(=O)Nc1ccc(Cl)cc1S(=O)(=O)n1cccc1C(=O)OCC,4.698970004336019
CCOC(=O)CC(=O)Nc1ccc(Cl)cc1S(=O)(=O)n1cccc1C(=O)OCC,4.698970004336019
CCN1c2ncccc2C(=O)N(C)c2ccc(-c3ncc[nH]3)nc21,6.886056647693163
CCN1c2ncccc2C(=O)N(C)c2ccc(-c3ncc[nH]3)nc21,6.721246399047171
CCN1c2ncccc2C(=O)Nc2c(C)ccnc21,7.3979400086720375
CCN1c2ncccc2C(=O)Nc2c(C)ccnc21,5.7447274948966935
CCN1c2ncccc2C(=O)Nc2c(C)cc(N(C)CCO)nc21,8.0
CCN1c2ncccc2C(=O)Nc2c(C)cc(N(C)CCO)nc21,6.0
CCN1c2ncccc2C(=O)N(C)c2ccc(OC)nc21,7.3979400086720375
CCN1c2ncccc2C(=O)N(C)c2ccc(OC)nc21,6.221848749616356
O=C1Nc2ccc(Cl)cc2[C@@](C#CC2CC2)(C(F)(F)F)N1,7.508638306165727
CCN1c2ncccc2C(=O)N(C)c2ccc(-c3ccc(O)cc3)nc21,7.154901959985743
CCN1c2ncccc2C(=O)N(C)c2ccc(-c3ccc(O)cc3)nc21,6.568636235841013
CCN1c2ncccc2C(=O)N(C)c2ccc(-c3ccc(O)cc3)nc21,6.301029995663981
CCN1c2ncccc2C(=O)N(C)c2ccc(-c3ccc(O)cc3)nc21,8.0
CCN1c2ncccc2C(=O)N(C)c2ccc(-c3ccc(O)cc3)nc21,9.0
CCN1c2ncccc2C(=O)N(C)c2ccc(-c3ccc(O)cc3)nc21,7.221848749616356
CCN1c2ncccc2C(=O)N(C)c2ccc(-c3ccc(OC)nc3)nc21,5.920818753952375
CCN1c2ncccc2C(=O)N(C)c2ccc(-c3ccc(OC)nc3)nc21,5.522878745280337
CCN1c2ncccc2C(=O)N(C)c2ccc(NC)nc21,6.721246399047171
CCN1c2ncccc2C(=O)N(C)c2ccc(NC)nc21,6.1487416512809245
Nc1nc2c(ncn2[C@H]2CC[C@@H](COP(=O)(O)OP(=O)(O)OP(=O)(O)O)O2)c(=O)[nH]1,9.3767507096021
Nc1nc2c(ncn2[C@H]2CC[C@@H](COP(=O)(O)OP(=O)(O)OP(=O)(O)O)O2)c(=O)[nH]1,9.366531544420413
Nc1nc2c(ncn2[C@H]2CC[C@@H](COP(=O)(O)OP(=O)(O)OP(=O)(O)O)O2)c(=O)[nH]1,9.267606240177031
CCN1c2ncccc2-c2nccn2-c2ccc(N(C)C)nc21,5.4089353929735005
CCN1c2ncccc2-c2nccn2-c2ccc(N(C)C)nc21,5.6595558851598815
CCN1c2ncccc2C(=O)N(C)c2ccc(-c3ccccc3OC)nc21,6.086186147616283
CCN1c2ncccc2C(=O)N(C)c2ccc(-c3ccccc3OC)nc21,5.6020599913279625
CCN1c2ncccc2C(=O)N(C)c2ccc(-c3cccc(O)c3)nc21,7.0
CCN1c2ncccc2C(=O)N(C)c2ccc(-c3cccc(O)c3)nc21,6.7447274948966935
CN1C(=O)c2cccnc2N(C2CC2)c2nc(-c3cccnc3)ccc21,6.7447274948966935
CN1C(=O)c2cccnc2N(C2CC2)c2nc(-c3cccnc3)ccc21,6.356547323513812
CN1C(=O)c2cccnc2N(C2CC2)c2nc(Br)ccc21,7.522878745280337
CN1C(=O)c2cccnc2N(C2CC2)c2nc(Br)ccc21,5.6777807052660805
CC(C)Nc1cccnc1N1CCN(C(=O)c2cc3cc(NS(C)(=O)=O)ccc3[nH]2)CC1,9.522878745280337
CC(C)Nc1cccnc1N1CCN(C(=O)c2cc3cc(NS(C)(=O)=O)ccc3[nH]2)CC1,8.707743928643524
CC(C)Nc1cccnc1N1CCN(C(=O)c2cc3cc(NS(C)(=O)=O)ccc3[nH]2)CC1,9.744727494896694
O=S(=O)([O-])OCC1O[C@@H]2O[C@@H]3C(COS(=O)(=O)[O-])O[C@H](O[C@@H]4C(COS(=O)(=O)[O-])O[C@@H](O[C@@H]5C(COS(=O)(=O)[O-])O[C@H](O[C@@H]6C(COS(=O)(=O)[O-])O[C@H](O[C@@H]7C(COS(=O)(=O)[O-])O[C@H](O[C@@H]8C(COS(=O)(=O)[O-])O[C@H](O[C@H]1C(O)C2OS(=O)(=O)[O-])C(OS(=O)(=O)[O-])C8O)C(OS(=O)(=O)[O-])C7O)C(OS(=O)(=O)[O-])C6O)C(OS(=O)(=O)[O-])C5O)C(OS(=O)(=O)[O-])C4O)C(OS(=O)(=O)[O-])C3O.[K+].[K+].[K+].[K+].[K+].[K+].[K+].[K+].[K+].[K+].[K+].[K+].[K+].[K+],6.0
CCN1c2ncccc2-c2ncc(C)n2-c2ccc(O)nc21,4.913640169325252
CCN1c2ncccc2-c2ncc(C)n2-c2ccc(O)nc21,5.494850021680094
CC(C)C#CC1(C(C)C)NS(=O)(=O)Nc2ccc(Cl)cc21,6.863279432843593
CCN1c2ncccc2C(=O)N(C)c2ccc(-c3ncco3)nc21,6.657577319177793
CCN1c2ncccc2C(=O)N(C)c2ccc(-c3ncco3)nc21,6.086186147616283
CCc1cc(C)c2c(n1)N(CC)c1ncccc1C(=O)N2,7.045757490560675
CCc1cc(C)c2c(n1)N(CC)c1ncccc1C(=O)N2,5.769551078621726
CCN1c2ncccc2C(=O)Nc2c(C)cc(NCCCO)nc21,7.045757490560675
CCN1c2ncccc2C(=O)Nc2c(C)cc(NCCCO)nc21,6.0
Cc1cn([C@@H]2O[C@H](CO[Si](C)(C)C(C)(C)C)[C@@]3(OS(=O)(=O)C=C3N)[C@H]2O[Si](C)(C)C(C)(C)C)c(=O)n(C)c1=O,8.55284196865778
Cc1cn([C@@H]2O[C@H](CO[Si](C)(C)C(C)(C)C)[C@@]3(OS(=O)(=O)C=C3N)[C@H]2O[Si](C)(C)C(C)(C)C)c(=O)n(C)c1=O,6.301029995663981
Cc1cn([C@@H]2O[C@H](CO[Si](C)(C)C(C)(C)C)[C@@]3(OS(=O)(=O)C=C3N)[C@H]2O[Si](C)(C)C(C)(C)C)c(=O)n(C)c1=O,9.3767507096021
CCN1c2ncccc2-c2ncc(C)n2-c2ccc(OC)nc21,6.721246399047171
CCN1c2ncccc2-c2ncc(C)n2-c2ccc(OC)nc21,6.806875401645538
CCN1c2ncccc2C(=O)N(C)c2ccc(C)nc21,6.920818753952375
CCN1c2ncccc2C(=O)N(C)c2ccc(C)nc21,5.920818753952375
C#Cc1ccc2c(n1)N(CC)c1ncccc1C(=O)N2C,6.853871964321762
C#Cc1ccc2c(n1)N(CC)c1ncccc1C(=O)N2C,6.376750709602099
O=S1(=O)Nc2ccc(Cl)cc2C(C#CC2CC2)(C2CC2)N1,4.445268623324034
CCCOC(=O)c1cccn1S(=O)(=O)c1cc(Cl)ccc1N,6.3979400086720375
CCCOC(=O)c1cccn1S(=O)(=O)c1cc(Cl)ccc1N,5.301029995663981
CCCOC(=O)c1cccn1S(=O)(=O)c1cc(Cl)ccc1N,5.0
CC(C)OC(=O)c1cccn1S(=O)(=O)c1cc(Cl)ccc1N,6.568636235841013
CC(C)OC(=O)c1cccn1S(=O)(=O)c1cc(Cl)ccc1N,5.096910013008056
CC(C)OC(=O)c1cccn1S(=O)(=O)c1cc(Cl)ccc1N,4.853871964321762
Cc1ccnc2c1NC(=O)c1cccnc1N2C1CC1,6.221848749616356
Cc1ccnc2c1NC(=O)c1cccnc1N2C1CC1,4.698970004336019
Cc1ccnc2c1NC(=O)c1cccnc1N2C1CC1,5.455931955649724
CCN1c2ncccc2C(=O)N(C)c2ccc(-c3ccco3)nc21,6.958607314841775
CCN1c2ncccc2C(=O)N(C)c2ccc(-c3ccco3)nc21,6.795880017344075
CCN1c2ncccc2C(=O)Nc2c(C)cc(Cl)nc21,8.0
CCN1c2ncccc2C(=O)Nc2c(C)cc(Cl)nc21,6.096910013008056
C/C=C/Nc1ccc2c(n1)N(CC)c1ncccc1C(=O)N2C,6.4089353929735005
C/C=C/Nc1ccc2c(n1)N(CC)c1ncccc1C(=O)N2C,6.0
CCN1c2ncccc2C(=O)N(C)c2ccc(-c3cccs3)nc21,6.853871964321762
CCN1c2ncccc2C(=O)N(C)c2ccc(-c3cccs3)nc21,6.376750709602099
CCN1c2ncccc2C(=O)N(C)c2ccc(-c3cncs3)nc21,6.42021640338319
CCN1c2ncccc2C(=O)N(C)c2ccc(-c3cncs3)nc21,5.958607314841775
CCOC(=O)c1cccn1S(=O)(=O)c1cc(Cl)ccc1NC=O,4.698970004336019
CCOC(=O)c1cccn1S(=O)(=O)c1cc(Cl)ccc1NC=O,4.698970004336019
CCOC(=O)c1cccn1S(=O)(=O)c1cc(Cl)ccc1NC=O,4.698970004336019
CCN1c2ncccc2C(=O)Nc2c(C)cc(C(C)C)nc21,6.0
CCN1c2ncccc2C(=O)Nc2c(C)cc(C(C)C)nc21,6.0
CCN1c2ncccc2C(=O)N(C)c2ccc(N(C)C)nc21,7.154901959985743
CCN1c2ncccc2C(=O)N(C)c2ccc(N(C)C)nc21,6.113509274827518
COc1ccc2c(n1)N(C1CC1)c1ncccc1C(=O)N2C,6.920818753952375
COc1ccc2c(n1)N(C1CC1)c1ncccc1C(=O)N2C,5.958607314841775
CCN1c2ncccc2C(=O)N(C)c2ccc(-c3cnc[nH]3)nc21,5.431798275933005
CCN1c2ncccc2C(=O)N(C)c2ccc(-c3cnc[nH]3)nc21,6.130768280269024
CN1C(=O)c2cccnc2N(C2CC2)c2nc(-c3cn[nH]c3)ccc21,7.221848749616356
CN1C(=O)c2cccnc2N(C2CC2)c2nc(-c3cn[nH]c3)ccc21,7.301029995663981
CN1C(=O)c2cccnc2N(C2CC2)c2nc(-c3cn[nH]c3)ccc21,5.823908740944319
CN1C(=O)c2cccnc2N(C2CC2)c2nc(-c3cn[nH]c3)ccc21,6.376750709602099
CN1C(=O)c2cccnc2N(C2CC2)c2nc(-c3cn[nH]c3)ccc21,6.468521082957745
CN1C(=O)c2cccnc2N(C2CC2)c2nc(-c3cn[nH]c3)ccc21,6.337242168318426
CCNc1ccc2c(n1)N(CC)c1ncccc1C(=O)N2C,6.638272163982407
CCNc1ccc2c(n1)N(CC)c1ncccc1C(=O)N2C,5.886056647693163
CCN1c2ncccc2C(=O)Nc2c(C)cc(NCCO)nc21,7.045757490560675
CCN1c2ncccc2C(=O)Nc2c(C)cc(NCCO)nc21,6.0
CN1C(=O)c2cccnc2N(C2CC2)c2nc(-c3cc[nH]c3)ccc21,7.301029995663981
CN1C(=O)c2cccnc2N(C2CC2)c2nc(-c3cc[nH]c3)ccc21,7.221848749616356
Oc1ncc2c(F)c(F)ccc2n1,7.7447274948966935
CCN1c2ncccc2C(=O)Nc2c(C)cc(F)nc21,7.698970004336019
CCN1c2ncccc2C(=O)Nc2c(C)cc(F)nc21,6.070581074285707
Cc1cc(C)c(S(=O)(=O)OCC2O[C@@H]3O[C@@H]4C(COS(=O)(=O)[O-])O[C@H](O[C@@H]5C(COS(=O)(=O)[O-])O[C@H](O[C@@H]6C(COS(=O)(=O)[O-])O[C@H](O[C@@H]7C(COS(=O)(=O)[O-])O[C@@H](O[C@@H]8C(COS(=O)(=O)[O-])O[C@H](O[C@@H]9C(COS(=O)(=O)[O-])O[C@H](O[C@H]2C(O)C3OS(=O)(=O)[O-])C(OS(=O)(=O)[O-])C9O)C(OS(=O)(=O)[O-])C8OS(=O)(=O)[O-])C(OS(=O)(=O)[O-])C7OS(=O)(=O)[O-])C(OS(=O)(=O)[O-])C6O)C(OS(=O)(=O)[O-])C5OS(=O)(=O)[O-])C(OS(=O)(=O)[O-])C4O)c(C)c1.[K+].[K+].[K+].[K+].[K+].[K+].[K+].[K+].[K+].[K+].[K+].[K+].[K+].[K+].[K+].[K+],6.0
CCN1c2ncccc2-c2nnnn2-c2c(C)ccnc21,4.124360062995832
CCN1c2ncccc2-c2nnnn2-c2c(C)ccnc21,5.172630726946175
CCN1c2ncccc2-c2nnc(C)n2-c2cccnc21,4.410050398674292
Cc1ccnc2c1-n1ccnc1-c1cccnc1N2C1CC1,5.688246138944246
Cc1ccnc2c1-n1ccnc1-c1cccnc1N2C1CC1,6.663540266151471
CCN1c2ncccc2-c2nccn2-c2ccc(N3CCCC3)nc21,5.4089353929735005
CCN1c2ncccc2-c2nccn2-c2ccc(N3CCCC3)nc21,5.698970004336019
CC(C)C#CC1(C2CC2)NS(=O)(=O)Nc2ccc(Cl)cc21,5.334700500500103
O=S1(=O)Nc2ccc(F)c(F)c2C(C#CC2CC2)(C(F)(F)F)N1,4.60788366618399
CCN1c2ncccc2C(=O)N(C)c2ccc(-c3ccc(OC)cc3)nc21,5.853871964321762
CCN1c2ncccc2C(=O)N(C)c2ccc(-c3ccc(OC)cc3)nc21,5.494850021680094
Cc1ccnc2c1NC(=O)c1cccnc1N2C1CC1,7.096910013008056
Cc1ccnc2c1NC(=O)c1cccnc1N2C1CC1,5.585026652029182
Cc1ccnc2c1NC(=O)c1cccnc1N2C1CC1,6.886056647693163
Cc1ccnc2c1NC(=O)c1cccnc1N2C1CC1,5.721246399047171
Cc1ccnc2c1NC(=O)c1cccnc1N2C1CC1,7.096910013008056
Cc1ccnc2c1NC(=O)c1cccnc1N2C1CC1,6.958607314841775
CCN1c2ncccc2C(=O)N(C)c2ccc(-n3cccc3)nc21,7.045757490560675
CCN1c2ncccc2C(=O)N(C)c2ccc(-n3cccc3)nc21,6.6777807052660805
CC(C)Oc1cccnc1N(C)C1CCN(C(=O)c2cc3cc(NS(C)(=O)=O)ccc3[nH]2)CC1,5.853871964321762
O=C1Nc2ccc(F)c(Cl)c2[C@@](C#CC2CC2)(C(F)(F)F)N1,7.229147988357855
O=C1Nc2ccccc2C(C#CC2CC2)(C(F)(F)F)O1,6.320572103387881
CCOc1cccnc1N1CCN(C(=O)c2cc3ccccc3[nH]2)CC1,5.6777807052660805
CCC#C[C@]1(C(F)(F)F)NC(=O)Nc2ccc(F)c(F)c21,7.130768280269024
O=C1Nc2ccc(F)c(F)c2[C@@](C#CC2CC2)(C(F)(F)F)N1,7.130768280269024
CCN1c2ncc(/C=C/C(=O)OC)cc2C(=O)N(C)c2cccnc21,6.0
C/C=C/C[C@@H](C)[C@@H](O)[C@H]1C(=O)N[C@@H](CC)C(=O)N(C)[C@H](SCCN2CCOCC2)C(=O)N(C)[C@@H](CC(C)C)C(=O)N[C@@H](C(C)C)C(=O)N(C)[C@@H](CC(C)C)C(=O)N[C@@H](C)C(=O)N[C@H](C)C(=O)N(C)[C@@H](CC(C)C)C(=O)N(C)[C@@H](CC(C)C)C(=O)N(C)[C@@H](C(C)C)C(=O)N1C,6.995678626217358
O=C1Nc2cccc(Cl)c2[C@@](C#CC2CC2)(C(F)(F)F)N1,7.142667503568732
CCN1c2ncc(CCc3ccc4ccccc4c3)cc2C(=O)N(C)c2ccc(F)nc21,7.698970004336019
CCN1c2ncc(CCc3ccc4ccccc4c3)cc2C(=O)N(C)c2ccc(F)nc21,7.522878745280337
CCN1c2ncc(CCc3ccc4ccccc4c3)cc2C(=O)N(C)c2ccc(F)nc21,6.0
CCN1c2ncc(CO)cc2C(=O)N(C)c2cccnc21,7.301029995663981
CCN1c2ncc(CO)cc2C(=O)N(C)c2cccnc21,6.130768280269024
CCN1c2ncc(/C=C/c3ccncc3)cc2C(=O)N(C)c2cccnc21,5.522878745280337
CCN1c2ncc(/C=C/c3ccncc3)cc2C(=O)N(C)c2cccnc21,6.0
Cc1ccnc2c1NC(=O)c1cccnc1N2C1CC1,6.366531544420414
CC(C)C#C[C@]1(C(F)(F)F)NC(=O)Nc2ccc(Cl)cc21,6.55129368009492
CCN1c2ncc(CCC(=O)OC)cc2C(=O)N(C)c2cccnc21,7.045757490560675
CCN1c2ncc(CCC(=O)OC)cc2C(=O)N(C)c2cccnc21,6.853871964321762
CCN1c2ncc(CCCc3ccccc3)cc2C(=O)N(C)c2cccnc21,6.920818753952375
CCN1c2ncc(CCCc3ccccc3)cc2C(=O)N(C)c2cccnc21,5.931814138253839
O=C1Nc2c(cc(F)c(F)c2F)C(C#CC2CC2)(C(F)(F)F)O1,5.698970004336019
O=C1Nc2ccc(Cl)c(F)c2[C@@](C#CC2CC2)(C(F)(F)F)N1,6.991399828238082
O=C1Nc2ccc(F)c(F)c2[C@@](C#Cc2ccccc2)(C(F)(F)F)N1,6.7423214251308154
CCN1c2ncc(CCO)cc2C(=O)N(C)c2cccnc21,6.366531544420414
CCN1c2ncc(CCO)cc2C(=O)N(C)c2cccnc21,5.6020599913279625
C/C=C/C[C@@H](C)[C@@H](O)[C@H]1C(=O)N[C@@H](CC)C(=O)N(C)[C@H](SCCN(C)C(C)(C)C)C(=O)N(C)[C@@H](CC(C)C)C(=O)N[C@@H](C(C)C)C(=O)N(C)[C@@H](CC(C)C)C(=O)N[C@@H](C)C(=O)N[C@H](C)C(=O)N(C)[C@@H](CC(C)C)C(=O)N(C)[C@@H](CC(C)C)C(=O)N(C)[C@@H](C(C)C)C(=O)N1C,7.619788758288394
O=C1c2ccccc2C2(c3ccccc3)SCCN12,6.552841968657781
O=C1c2ccccc2[C@@]23CC=CCC12c1ccccc1C3=O,5.060480747381382
CCNc1cccnc1N(C)C1CCN(C(=O)c2cc3ccccc3[nH]2)CC1,5.657577319177793
CC(C)Nc1cccnc1N(C)C1CCN(C(=O)c2cc3ccccc3[nH]2)CC1,5.698970004336019
CCCc1cccnc1N(CC)C1CCN(C(=O)c2cc3cc(NS(C)(=O)=O)ccc3[nH]2)CC1,6.568636235841013
CCCc1cccnc1N(CC)C1CCN(C(=O)c2cc3cc(NS(C)(=O)=O)ccc3[nH]2)CC1,6.431798275933005
CCCc1cccnc1N(CC)C1CCN(C(=O)c2cc3cc(NS(C)(=O)=O)ccc3[nH]2)CC1,6.346787486224656
CCN1c2ncc(CCc3cccnc3)cc2C(=O)N(C)c2cccnc21,6.886056647693163
CCN1c2ncc(CCc3cccnc3)cc2C(=O)N(C)c2cccnc21,6.494850021680094
CCN1c2ncc(CCc3cccnc3)cc2C(=O)N(C)c2cccnc21,6.0
CCN1c2ncc(CCc3ccccn3)cc2C(=O)N(C)c2cccnc21,6.721246399047171
CCN1c2ncc(CCc3ccccn3)cc2C(=O)N(C)c2cccnc21,6.0
CCN1c2ncc(CCc3ccccn3)cc2C(=O)N(C)c2cccnc21,6.0
O=C1Nc2ccc(Cl)cc2[C@@](C#CC2CC2)(C(F)(F)F)O1,7.318758762624412
C/C=C/C[C@@H](C)[C@@H](O)[C@H]1C(=O)N[C@@H](CC)C(=O)N(C)[C@H](SCCN(C)C)C(=O)N(C)[C@@H](CC(C)C)C(=O)N[C@@H](C(C)C)C(=O)N(C)[C@@H](CC(C)C)C(=O)N[C@@H](C)C(=O)N[C@H](C)C(=O)N(C)[C@@H](CC(C)C)C(=O)N(C)[C@@H](CC(C)C)C(=O)N(C)[C@@H](C(C)C)C(=O)N1C,7.455931955649724
CC(C)Nc1cccnc1N(C)C1CCN(C(=O)c2cc3cc(NS(C)(=O)=O)ccc3[nH]2)CC1,6.301029995663981
CC(C)Nc1cccnc1N(C)C1CCN(C(=O)c2cc3cc(NS(C)(=O)=O)ccc3[nH]2)CC1,5.823908740944319
CC(C)Nc1cccnc1N(C)C1CCN(C(=O)c2cc3cc(NS(C)(=O)=O)ccc3[nH]2)CC1,5.958607314841775
COc1ccc2c(c1)[C@@](C#Cc1ccccc1)(C(F)(F)F)NC(=O)N2,6.6595558851598815
CN(c1ncccc1CO)C1CCN(C(=O)c2cc3cc(NS(C)(=O)=O)ccc3[nH]2)CC1,5.154901959985743
CN(c1ncccc1CO)C1CCN(C(=O)c2cc3cc(NS(C)(=O)=O)ccc3[nH]2)CC1,4.823908740944319
CCN1c2ncc(CCc3ccc(N)cc3)cc2C(=O)N(C)c2ccc(Cl)nc21,6.795880017344075
CCN1c2ncc(CCc3ccc(N)cc3)cc2C(=O)N(C)c2ccc(Cl)nc21,6.443697499232712
CCN1c2ncc(CCc3ccc(N)cc3)cc2C(=O)N(C)c2ccc(Cl)nc21,6.0
O=C1Nc2ccc(F)cc2[C@@](C#Cc2ccccn2)(C(F)(F)F)N1,6.899629454882437
CCC#C[C@]1(C(F)(F)F)NC(=O)Nc2ccc(Cl)cc21,6.958607314841775
O=C1Nc2ccc(Cl)cc2[C@@](C#Cc2ccccc2)(C(F)(F)F)N1,6.557520230935552
CC(C)Nc1cccnc1N1CCN(C(=O)c2cc3cc(NS(C)(=O)=O)ccc3[nH]2)CC1,6.374687549038326
CCN1c2ncc(CCc3ccnc(C(=O)O)c3)cc2C(=O)N(C)c2ccc(Cl)nc21,5.823908740944319
CCN1c2ncc(CCc3ccnc(C(=O)O)c3)cc2C(=O)N(C)c2ccc(Cl)nc21,5.42021640338319
CCN1c2ncc(CCc3ccnc(C(=O)O)c3)cc2C(=O)N(C)c2ccc(Cl)nc21,6.0
C/C=C/C[C@@H](C)[C@@H](O)[C@H]1C(=O)N[C@@H](CC)C(=O)N(C)[C@H](SCCN(C)C(C)C)C(=O)N(C)[C@@H](CC(C)C)C(=O)N[C@@H](C(C)C)C(=O)N(C)[C@@H](CC(C)C)C(=O)N[C@@H](C)C(=O)N[C@H](C)C(=O)N(C)[C@@H](CC(C)C)C(=O)N(C)[C@@H](CC(C)C)C(=O)N(C)[C@@H](C(C)C)C(=O)N1C,7.709965388637482
CC(C)c1c(Cc2ccccc2)n(COCc2ccccc2)c(=O)[nH]c1=O,8.221848749616356
CC(C)(C)Nc1cccnc1N1CCN(C(=O)c2cc3cc(NS(C)(=O)=O)ccc3[nH]2)CC1,5.318758762624412
Cc1ccnc2c1NC(=O)c1cccnc1N2C1CC1,5.31443738884177
COc1ccc2c(c1)[C@@](C#Cc1ccccn1)(C(F)(F)F)NC(=O)N2,6.6252516539898965
COc1ccc2c(c1)C(C#CC1CC1)(C(F)(F)F)OC(=O)N2,6.882728704344236
CCCN(c1ncccc1CC)C1CCN(C(=O)c2cc3cc(NS(C)(=O)=O)ccc3[nH]2)CC1,6.886056647693163
CCCN(c1ncccc1CC)C1CCN(C(=O)c2cc3cc(NS(C)(=O)=O)ccc3[nH]2)CC1,6.267606240177032
CCCN(c1ncccc1CC)C1CCN(C(=O)c2cc3cc(NS(C)(=O)=O)ccc3[nH]2)CC1,6.040958607678906
CC(C)C#C[C@]1(C(F)(F)F)NC(=O)Nc2ccc(F)c(F)c21,7.040958607678906
CCN1c2ncc(CCc3cccc(N=[N+]=[N-])c3)cc2C(=O)N(C)c2ccc(Cl)nc21,7.096910013008056
CCN1c2ncc(CCc3cccc(N=[N+]=[N-])c3)cc2C(=O)N(C)c2ccc(Cl)nc21,6.795880017344075
CCN1c2ncc(CCc3cccc(N=[N+]=[N-])c3)cc2C(=O)N(C)c2ccc(Cl)nc21,6.0
CCN1c2ncc(C(=O)O)cc2C(=O)N(C)c2cccnc21,6.0
COc1cc(Cl)cc2c1NC(=O)OC2(C#CC1CC1)C(F)(F)F,6.913640169325252
Cc1ccc2c(c1)C(C#CC1CC1)(C(F)(F)F)OC(=O)N2,6.876148359032914
C/C=C/C[C@@H](C)[C@@H](O)C1C(=O)N[C@@H](CC)C(=O)N(C)CC(=O)N(C)[C@@H](CC(C)(C)O)C(=O)N[C@@H](C(C)C)C(=O)N(C)[C@@H](CC(C)C)C(=O)N[C@@H](C)C(=O)N[C@H](C)C(=O)N(C)[C@@H](CC(C)C)C(=O)N(C)[C@@H](CC(C)C)C(=O)N(C)[C@@H](C(C)C)C(=O)N1C,6.861697301833718
O=C1c2ccccc2C2(c3cccc4ccccc34)SCCN12,6.823908740944319
CC(C)Nc1cccnc1N1CCN(C(=O)c2cc3cc(NS(C)(=O)=O)ccc3[nH]2)CC1,6.585026652029182
CC(C)Nc1cccnc1N1CCN(C(=O)c2cc3cc(NS(C)(=O)=O)ccc3[nH]2)CC1,4.7447274948966935
CC(C)Nc1cccnc1N1CCN(C(=O)c2cc3cc(NS(C)(=O)=O)ccc3[nH]2)CC1,5.079876673709276
CCc1cccnc1N(C)C1CCN(C(=O)c2cc3cc(NS(C)(=O)=O)ccc3[nH]2)CC1,7.214670164989233
CCc1cccnc1N(C)C1CCN(C(=O)c2cc3cc(NS(C)(=O)=O)ccc3[nH]2)CC1,5.958607314841775
CCc1cccnc1N(C)C1CCN(C(=O)c2cc3cc(NS(C)(=O)=O)ccc3[nH]2)CC1,5.698970004336019
CCN1c2ncc(CCc3ccnc(C(=O)OC)c3)cc2C(=O)N(C)c2ccc(Cl)nc21,6.823908740944319
CCN1c2ncc(CCc3ccnc(C(=O)OC)c3)cc2C(=O)N(C)c2ccc(Cl)nc21,6.318758762624412
CCN1c2ncc(CCc3ccnc(C(=O)OC)c3)cc2C(=O)N(C)c2ccc(Cl)nc21,5.221848749616356
CCN1c2ncc(CCc3ccncc3)cc2C(=O)N(C)c2ccc(C#N)nc21,6.337242168318426
CCN1c2ncc(CCc3ccncc3)cc2C(=O)N(C)c2ccc(C#N)nc21,6.5376020021010435
CCN1c2ncc(CCc3ccncc3)cc2C(=O)N(C)c2ccc(C#N)nc21,6.0
CCN1c2ncc(CCc3ccncc3)cc2C(=O)N(C)c2ccc(Cl)nc21,7.096910013008056
CCN1c2ncc(CCc3ccncc3)cc2C(=O)N(C)c2ccc(Cl)nc21,6.920818753952375
CCN1c2ncc(CCc3ccncc3)cc2C(=O)N(C)c2ccc(Cl)nc21,5.732828271596986
CCN1c2ncc(CCc3ccncc3)cc2C(=O)N(C)c2ccc(Cl)nc21,6.920818753952375
CCN1c2ncc(CCc3ccncc3)cc2C(=O)N(C)c2ccc(Cl)nc21,6.259637310505756
CCN1c2ncc(CCc3ccncc3)cc2C(=O)N(C)c2ccc(Cl)nc21,7.522878745280337
CCN1c2ncc(CCc3ccncc3)cc2C(=O)N(C)c2ccc(Cl)nc21,6.958607314841775
COc1ccc2c(c1)[C@@](C#CC1CC1)(C(F)(F)F)NC(=O)N2,6.906578314837765
O=C1Nc2ccc(Cl)c(Cl)c2[C@@](C#CC2CC2)(C(F)(F)F)N1,6.779891911959945
CC(C)Cc1cccnc1N(C)C1CCN(C(=O)c2cc3cc(NS(C)(=O)=O)ccc3[nH]2)CC1,6.292429823902063
CC(C)Cc1cccnc1N(C)C1CCN(C(=O)c2cc3cc(NS(C)(=O)=O)ccc3[nH]2)CC1,5.958607314841775
CC(C)Cc1cccnc1N(C)C1CCN(C(=O)c2cc3cc(NS(C)(=O)=O)ccc3[nH]2)CC1,5.585026652029182
CCN1c2ncc(Cl)cc2C(=O)N(C)c2cccnc21,6.267606240177032
CCN1c2ncc(Cl)cc2C(=O)N(C)c2cccnc21,6.0
CC(C)c1ccc2c(c1)C(C#CC1CC1)(C(F)(F)F)OC(=O)N2,5.708187312532881
C/C=C/C[C@@H](C)[C@@H](O)[C@H]1C(=O)N[C@@H](CC)C(=O)N(C)[C@H](SC)C(=O)N(C)[C@@H](CC(C)(C)O)C(=O)N[C@@H](C(C)C)C(=O)N(C)[C@@H](CC(C)C)C(=O)N[C@@H](C)C(=O)N[C@H](C)C(=O)N(C)[C@@H](CC(C)C)C(=O)N(C)[C@@H](CC(C)C)C(=O)N(C)[C@@H](C(C)C)C(=O)N1C,7.075720713938118
C/C=C/C[C@@H](C)[C@@H](O)[C@H]1C(=O)N[C@@H](CC)C(=O)N(C)[C@H](SCCN2CCCCC2)C(=O)N(C)[C@@H](CC(C)(C)O)C(=O)N[C@@H](C(C)C)C(=O)N(C)[C@@H](CC(C)C)C(=O)N[C@@H](C)C(=O)N[C@H](C)C(=O)N(C)[C@@H](CC(C)C)C(=O)N(C)[C@@H](CC(C)C)C(=O)N(C)[C@@H](C(C)C)C(=O)N1C,7.709965388637482
CC(C)Oc1cccnc1N(C)C1CCN(C(=O)c2cc3ccccc3[nH]2)CC1,5.698970004336019
O=C1Nc2ccc(F)c(F)c2[C@@](C#Cc2ccccn2)(C(F)(F)F)N1,7.167491087293763
O=C1Nc2ccc(Cl)cc2[C@@](C#CC2CC2)(C(F)(F)F)O1,7.327902142064283
COc1ccc2c(c1)[C@@](C#CC(C)C)(C(F)(F)F)NC(=O)N2,6.396855627379818
CCN1c2ncc(CCc3cccc(NC(N)=O)c3)cc2C(=O)N(C)c2ccc(Cl)nc21,7.221848749616356
CCN1c2ncc(CCc3cccc(NC(N)=O)c3)cc2C(=O)N(C)c2ccc(Cl)nc21,7.096910013008056
CCN1c2ncc(CCc3cccc(NC(N)=O)c3)cc2C(=O)N(C)c2ccc(Cl)nc21,6.638272163982407
C/C=C/C[C@@H](C)[C@@H](O)[C@H]1C(=O)N[C@@H](CC)C(=O)N(C)[C@H](SCCO)C(=O)N(C)[C@@H](CC(C)(C)O)C(=O)N[C@@H](C(C)C)C(=O)N(C)[C@@H](CC(C)C)C(=O)N[C@@H](C)C(=O)N[C@H](C)C(=O)N(C)[C@@H](CC(C)C)C(=O)N(C)[C@@H](CC(C)C)C(=O)N(C)[C@@H](C(C)C)C(=O)N1C,7.096910013008056
CC(C)C#C[C@]1(C(F)(F)F)NC(=O)Nc2ccc(F)cc21,7.4089353929735005
CCN(c1ncccc1CC(C)C)C1CCN(C(=O)c2cc3cc(NS(C)(=O)=O)ccc3[nH]2)CC1,6.3872161432802645
CCN(c1ncccc1CC(C)C)C1CCN(C(=O)c2cc3cc(NS(C)(=O)=O)ccc3[nH]2)CC1,6.366531544420414
CCN(c1ncccc1CC(C)C)C1CCN(C(=O)c2cc3cc(NS(C)(=O)=O)ccc3[nH]2)CC1,6.055517327849832
CCN1c2ncc(CCc3cccc(NS(C)(=O)=O)c3)cc2C(=O)N(C)c2ccc(Cl)nc21,6.853871964321762
CCN1c2ncc(CCc3cccc(NS(C)(=O)=O)c3)cc2C(=O)N(C)c2ccc(Cl)nc21,6.853871964321762
CCN1c2ncc(CCc3cccc(NS(C)(=O)=O)c3)cc2C(=O)N(C)c2ccc(Cl)nc21,6.0
CCN1c2ncc(CCc3ccc4ccccc4c3)cc2C(=O)N(C)c2cccnc21,7.096910013008056
CCN1c2ncc(CCc3ccc4ccccc4c3)cc2C(=O)N(C)c2cccnc21,6.823908740944319
CCN1c2ncc(CCc3ccc4ccccc4c3)cc2C(=O)N(C)c2cccnc21,6.0
CCN1c2ncc(CCc3ccc4ccccc4c3)cc2C(=O)N(C)c2ccc(Cl)nc21,5.991399828238082
CCN1c2ncc(CCc3ccc4ccccc4c3)cc2C(=O)N(C)c2ccc(Cl)nc21,5.540607512240769
CCN1c2ncc(CCc3ccc4ccccc4c3)cc2C(=O)N(C)c2ccc(Cl)nc21,6.0
O=C1Nc2cc(F)c(F)c(F)c2C(C#CC2CC2)(C(F)(F)F)O1,6.354577730650908
O=C1Nc2ccc(F)cc2[C@@](C#Cc2ccccc2)(C(F)(F)F)N1,6.844663962534939
CCN1c2ncc(CCc3ccnc(N)c3)cc2C(=O)N(C)c2ccc(Cl)nc21,7.698970004336019
CCN1c2ncc(CCc3ccnc(N)c3)cc2C(=O)N(C)c2ccc(Cl)nc21,7.154901959985743
CCN1c2ncc(CCc3ccnc(N)c3)cc2C(=O)N(C)c2ccc(Cl)nc21,6.795880017344075
CCN1c2ncc(CCc3ccnc(N)c3)cc2C(=O)N(C)c2ccc(Cl)nc21,8.0
CCN1c2ncc(CCc3ccnc(N)c3)cc2C(=O)N(C)c2ccc(Cl)nc21,6.721246399047171
CCN1c2ncc(CCc3ccnc(N)c3)cc2C(=O)N(C)c2ccc(Cl)nc21,7.522878745280337
CCN1c2ncc(CCc3ccnc(N)c3)cc2C(=O)N(C)c2ccc(Cl)nc21,7.0
CCN1c2ncc(CCC(N)=O)cc2C(=O)N(C)c2cccnc21,6.2076083105017466
CCN1c2ncc(CCC(N)=O)cc2C(=O)N(C)c2cccnc21,5.214670164989233
O=C1Nc2ccc(F)c(F)c2C(C#CC2CC2)(C(F)(F)F)O1,7.075720713938118
C/C=C/C[C@@H](C)[C@@H](O)[C@H]1C(=O)N[C@@H](CC)C(=O)N(C)[C@H](SC)C(=O)N(C)[C@@H](CC(C)C)C(=O)N[C@@H](C(C)C)C(=O)N(C)[C@@H](CC(C)C)C(=O)N[C@@H](C)C(=O)N[C@H](C)C(=O)N(C)[C@@H](CC(C)C)C(=O)N(C)[C@@H](CC(C)C)C(=O)N(C)[C@@H](C(C)C)C(=O)N1C,7.183758700008217
C/C=C/C[C@@H](C)[C@@H](O)[C@H]1C(=O)N[C@@H](CC)C(=O)N(C)[C@H](SCCN(CC)CC)C(=O)N(C)[C@@H](CC(C)C)C(=O)N[C@@H](C(C)C)C(=O)N(C)[C@@H](CC(C)C)C(=O)N[C@@H](C)C(=O)N[C@H](C)C(=O)N(C)[C@@H](CC(C)C)C(=O)N(C)[C@@H](CC(C)C)C(=O)N(C)[C@@H](C(C)C)C(=O)N1C,8.602059991327963
O=C1Nc2ccc(Cl)cc2[C@@](C#CC2CC2)(C(F)(F)F)N1,6.954677021213342
CCN1c2ncc(CCc3cccc(N)c3)cc2C(=O)N(C)c2ccc(Cl)nc21,6.920818753952375
CCN1c2ncc(CCc3cccc(N)c3)cc2C(=O)N(C)c2ccc(Cl)nc21,6.638272163982407
CCN1c2ncc(CCc3cccc(N)c3)cc2C(=O)N(C)c2ccc(Cl)nc21,6.6020599913279625
CCN1c2ncc(CCc3cccc(N)c3)cc2C(=O)N(C)c2ccc(Cl)nc21,8.0
CCN1c2ncc(CCc3cccc(N)c3)cc2C(=O)N(C)c2ccc(Cl)nc21,7.045757490560675
CCN1c2ncc(CCc3cccc(N)c3)cc2C(=O)N(C)c2ccc(Cl)nc21,8.0
CCN1c2ncc(CCc3cccc(N)c3)cc2C(=O)N(C)c2ccc(Cl)nc21,7.3979400086720375
CCN1c2ncc(CCC#N)cc2C(=O)N(C)c2cccnc21,6.6777807052660805
CCN1c2ncc(CCC#N)cc2C(=O)N(C)c2cccnc21,5.665546248849069
CCN1c2ncc(CCc3ccc(C)cc3)cc2C(=O)N(C)c2ccc(Cl)nc21,6.638272163982407
CCN1c2ncc(CCc3ccc(C)cc3)cc2C(=O)N(C)c2ccc(Cl)nc21,5.928117992693875
CCN1c2ncc(CCc3ccc(C)cc3)cc2C(=O)N(C)c2ccc(Cl)nc21,6.0
CCN1c2ncc(CCc3ccncc3)cc2C(=O)N(C)c2ccc(I)nc21,7.045757490560675
CCN1c2ncc(CCc3ccncc3)cc2C(=O)N(C)c2ccc(I)nc21,6.7447274948966935
CCN1c2ncc(CCc3ccncc3)cc2C(=O)N(C)c2ccc(I)nc21,6.366531544420414
C/C=C/C[C@@H](C)[C@@H](O)C1C(=O)N[C@@H](CC)C(=O)N(C)[C@H](CO)C(=O)N(C)[C@@H](CC(C)(C)O)C(=O)N[C@@H](C(C)C)C(=O)N(C)[C@@H](CC(C)C)C(=O)N[C@@H](C)C(=O)N[C@H](C)C(=O)N(C)[C@@H](CC(C)C)C(=O)N(C)[C@@H](CC(C)C)C(=O)N(C)[C@@H](C(C)C)C(=O)N1C,7.022276394711152
CCNc1cccnc1N1CCN(C(=O)c2cc3cc(NS(C)(=O)=O)ccc3[nH]2)CC1,5.568636235841013
O=C1Nc2ccc(Cl)cc2[C@@](C#Cc2ccccn2)(C(F)(F)F)N1,6.889410289700751
CCN1c2ncc(CCc3ccnc(CO)c3)cc2C(=O)N(C)c2ccc(Cl)nc21,6.795880017344075
CCN1c2ncc(CCc3ccnc(CO)c3)cc2C(=O)N(C)c2ccc(Cl)nc21,6.552841968657781
CCN1c2ncc(CCc3ccnc(CO)c3)cc2C(=O)N(C)c2ccc(Cl)nc21,6.0
CCN1c2ncc(CCc3ccc(N)cc3)cc2C(=O)N(C)c2cccnc21,7.221848749616356
CCN1c2ncc(CCc3ccc(N)cc3)cc2C(=O)N(C)c2cccnc21,6.698970004336019
CCN1c2ncc(CCc3ccc(N)cc3)cc2C(=O)N(C)c2cccnc21,6.0
CCN1c2ncc(CCc3ccccc3N)cc2C(=O)N(C)c2cccnc21,7.096910013008056
CCN1c2ncc(CCc3ccccc3N)cc2C(=O)N(C)c2cccnc21,5.769551078621726
CCN1c2ncc(CCc3ccccc3N)cc2C(=O)N(C)c2cccnc21,6.0
O=C1Nc2c(F)cc(F)c(F)c2C(C#CC2CC2)(C(F)(F)F)O1,6.096910013008056
C/C=C/C[C@@H](C)[C@@H](O)[C@H]1C(=O)N[C@@H](CC)C(=O)N(C)CC(=O)N(C)[C@@H](CC(C)C)C(=O)N[C@@H](C(C)C)C(=O)N(C)[C@@H](CC(C)C)C(=O)N[C@@H](C)C(=O)N[C@H](C)C(=O)N(C)[C@@H](CC(C)C)C(=O)N(C)[C@@H](CC(C)C)C(=O)N(C)[C@@H](C(C)C)C(=O)N1C,6.341988603342887
Cc1cn([C@H]2CC(N=[N+]=[N-])C(COP(=S)(S)OP(=O)(O)OP(=O)(O)O)O2)c(=O)[nH]c1=O,6.026872146400302
CCN1c2ncc(CCc3ccc(NS(C)(=O)=O)cc3)cc2C(=O)N(C)c2ccc(Cl)nc21,6.481486060122113
CCN1c2ncc(CCc3ccc(NS(C)(=O)=O)cc3)cc2C(=O)N(C)c2ccc(Cl)nc21,6.251811972993799
CCN1c2ncc(CCc3ccc(NS(C)(=O)=O)cc3)cc2C(=O)N(C)c2ccc(Cl)nc21,6.0
O=C1Nc2c(Cl)cc(Cl)cc2C(C#CC2CC2)(C(F)(F)F)O1,5.698970004336019
CCN1c2ncc(CCc3ccnc(C)c3)cc2C(=O)N(C)c2ccc(Cl)nc21,7.221848749616356
CCN1c2ncc(CCc3ccnc(C)c3)cc2C(=O)N(C)c2ccc(Cl)nc21,6.853871964321762
CCN1c2ncc(CCc3ccnc(C)c3)cc2C(=O)N(C)c2ccc(Cl)nc21,6.0
C/C=C/C[C@@H](C)[C@@H](O)[C@H]1C(=O)N[C@@H](CC)C(=O)N(C)[C@H](SCCN(C)C(C)(C)C)C(=O)N(C)[C@@H](CC(C)(C)O)C(=O)N[C@@H](C(C)C)C(=O)N(C)[C@@H](CC(C)C)C(=O)N[C@@H](C)C(=O)N[C@H](C)C(=O)N(C)[C@@H](CC(C)C)C(=O)N(C)[C@@H](CC(C)C)C(=O)N(C)[C@@H](C(C)C)C(=O)N1C,7.366531544420414
CC(C)Nc1cccnc1N(C)C1CCN(C(=O)c2cc3cc(NS(C)(=O)=O)ccc3[nH]2)CC1,5.657577319177793
CC(C)Nc1cccnc1N1CCN(C(=O)c2cc3cc(NS(C)(=O)=O)ccc3[nH]2)CC1,5.958607314841775
COCc1cccnc1N(C)C1CCN(C(=O)c2cc3cc(NS(C)(=O)=O)ccc3[nH]2)CC1,6.853871964321762
COCc1cccnc1N(C)C1CCN(C(=O)c2cc3cc(NS(C)(=O)=O)ccc3[nH]2)CC1,5.167491087293763
COCc1cccnc1N(C)C1CCN(C(=O)c2cc3cc(NS(C)(=O)=O)ccc3[nH]2)CC1,4.958607314841775
Cc1ccnc2c1NC(=O)c1cccnc1N2C1CC1,5.721246399047171
Cc1ccnc2c1NC(=O)c1cccnc1N2C1CC1,7.096910013008056
CCN1c2ncc(CCc3ccccc3)cc2C(=O)N(C)c2cccnc21,7.301029995663981
CCN1c2ncc(CCc3ccccc3)cc2C(=O)N(C)c2cccnc21,6.886056647693163
C/C=C/C[C@@H](C)[C@@H](O)[C@H]1C(=O)N[C@@H](CC)C(=O)N(C)CC(=O)N(C)[C@@H](C[C@@H](C)CC)C(=O)N[C@@H](C(C)C)C(=O)N(C)[C@@H](CC(C)C)C(=O)N[C@@H](C)C(=O)N[C@H](C)C(=O)N(C)[C@@H](CC(C)C)C(=O)N(C)[C@@H](CC(C)C)C(=O)N(C)[C@@H](C(C)C)C(=O)N1C,6.533132379645891
Cc1c(Sc2ccccc2)n(COCCO)c(=O)[nH]c1=O,4.769551078621726
CCOc1cccnc1N(C)C1CCN(C(=O)c2cc3ccccc3[nH]2)CC1,5.494850021680094
CCNc1cccnc1N1CCN(C(=O)c2cc3cc(OC)ccc3[nH]2)CC1,5.2839966563652006
CCN1c2ncc(N)cc2C(=O)N(C)c2cccnc21,7.0
CCN1c2ncc(CCc3ccncc3)cc2C(=O)N(C)c2cccnc21,7.522878745280337
CCN1c2ncc(CCc3ccncc3)cc2C(=O)N(C)c2cccnc21,6.958607314841775
CCN1c2ncc(CCc3ccncc3)cc2C(=O)N(C)c2cccnc21,6.0
O=C1Nc2c(F)ccc(F)c2C(C#CC2CC2)(C(F)(F)F)O1,6.099086932262331
CCN1c2ncc(CCc3cccc(C)c3)cc2C(=O)N(C)c2ccc(Cl)nc21,6.958607314841775
CCN1c2ncc(CCc3cccc(C)c3)cc2C(=O)N(C)c2ccc(Cl)nc21,6.337242168318426
CCN1c2ncc(CCc3cccc(C)c3)cc2C(=O)N(C)c2ccc(Cl)nc21,6.0
Cc1cccc(C23SCCN2C(=O)c2ccccc23)c1,7.522878745280337
CN(c1ncccc1NC(C)(C)C)C1CCN(C(=O)c2cc3cc(NS(C)(=O)=O)ccc3[nH]2)CC1,5.508638306165727
CCc1cccnc1N(CC)C1CCN(C(=O)c2cc3cc(NS(C)(=O)=O)ccc3[nH]2)CC1,7.008773924307505
CCc1cccnc1N(CC)C1CCN(C(=O)c2cc3cc(NS(C)(=O)=O)ccc3[nH]2)CC1,6.6777807052660805
CCc1cccnc1N(CC)C1CCN(C(=O)c2cc3cc(NS(C)(=O)=O)ccc3[nH]2)CC1,6.366531544420414
CCN1c2ncc(CCc3ccnc(C(N)=O)c3)cc2C(=O)N(C)c2ccc(Cl)nc21,7.301029995663981
CCN1c2ncc(CCc3ccnc(C(N)=O)c3)cc2C(=O)N(C)c2ccc(Cl)nc21,6.6020599913279625
CCN1c2ncc(CCc3ccnc(C(N)=O)c3)cc2C(=O)N(C)c2ccc(Cl)nc21,5.3979400086720375
CCN1c2ncc(C)cc2C(=O)N(C)c2cccnc21,6.1249387366083
CCN1c2ncc(C)cc2C(=O)N(C)c2cccnc21,6.0
CCN1c2ncc(CCc3cncnc3)cc2C(=O)N(C)c2cccnc21,6.267606240177032
CCN1c2ncc(CCc3cncnc3)cc2C(=O)N(C)c2cccnc21,6.0
CCN1c2ncc(CCc3cncnc3)cc2C(=O)N(C)c2cccnc21,6.0
CCN1c2ncc(CCc3cccc(F)c3)cc2C(=O)N(C)c2cccnc21,6.920818753952375
CCN1c2ncc(CCc3cccc(F)c3)cc2C(=O)N(C)c2cccnc21,6.431798275933005
CCN1c2ncc(CCc3cccc(F)c3)cc2C(=O)N(C)c2cccnc21,6.0
C/C=C/C[C@@H](C)[C@@H](O)[C@H]1C(=O)N[C@@H](CC)C(=O)N(C)[C@H](SCCN2CCCCC2)C(=O)N(C)[C@@H](CC(C)C)C(=O)N[C@@H](C(C)C)C(=O)N(C)[C@@H](CC(C)C)C(=O)N[C@@H](C)C(=O)N[C@H](C)C(=O)N(C)[C@@H](CC(C)C)C(=O)N(C)[C@@H](CC(C)C)C(=O)N(C)[C@@H](C(C)C)C(=O)N1C,7.142667503568732
CCN(c1ncccc1NC(C)C)C1CCN(C(=O)c2cc3cc(NS(C)(=O)=O)ccc3[nH]2)CC1,6.6020599913279625
CCN(c1ncccc1NC(C)C)C1CCN(C(=O)c2cc3cc(NS(C)(=O)=O)ccc3[nH]2)CC1,6.769551078621726
CCN(c1ncccc1NC(C)C)C1CCN(C(=O)c2cc3cc(NS(C)(=O)=O)ccc3[nH]2)CC1,6.3979400086720375
CCN1c2ncc(Cc3ccccc3)cc2C(=O)N(C)c2cccnc21,6.920818753952375
CCN1c2ncc(Cc3ccccc3)cc2C(=O)N(C)c2cccnc21,5.920818753952375
CCN1c2ncc(CCc3ccc(C)cc3)cc2C(=O)N(C)c2cccnc21,7.0
CCN1c2ncc(CCc3ccc(C)cc3)cc2C(=O)N(C)c2cccnc21,6.6020599913279625
CCN1c2ncc(CCc3ccc(C)cc3)cc2C(=O)N(C)c2cccnc21,6.0
O=C1Nc2ccc(-c3ccccc3)cc2C(C#CC2CC2)(C(F)(F)F)O1,5.698970004336019
Cc1cn([C@H]2C[C@H](N=[N+]=[N-])[C@@H](COP(=O)(O)OP(=O)(O)OP(=O)(O)O)O2)c(=O)[nH]c1=O,8.522878745280337
O=C1Nc2cccc(F)c2[C@@](C#CC2CC2)(C(F)(F)F)N1,7.2076083105017466
CCC#C[C@]1(C(F)(F)F)NC(=O)Nc2ccc(F)cc21,7.267606240177032
CCN1c2ncccc2C(=O)N(C)c2cccnc21,7.045757490560675
C/C=C/C[C@@H](C)[C@@H](O)[C@H]1C(=O)N[C@@H](CC)C(=O)N(C)[C@H](SCCN(C)C)C(=O)N(C)[C@@H](CC(C)(C)O)C(=O)N[C@@H](C(C)C)C(=O)N(C)[C@@H](CC(C)C)C(=O)N[C@@H](C)C(=O)N[C@H](C)C(=O)N(C)[C@@H](CC(C)C)C(=O)N(C)[C@@H](CC(C)C)C(=O)N(C)[C@@H](C(C)C)C(=O)N1C,7.346787486224656
C/C=C/C[C@@H](C)[C@@H](O)[C@H]1C(=O)N[C@@H](CC)C(=O)N(C)[C@H](SCCN(CC)CC)C(=O)N(C)[C@@H](CC(C)(C)O)C(=O)N[C@@H](C(C)C)C(=O)N(C)[C@@H](CC(C)C)C(=O)N[C@@H](C)C(=O)N[C@H](C)C(=O)N(C)[C@@H](CC(C)C)C(=O)N(C)[C@@H](CC(C)C)C(=O)N(C)[C@@H](C(C)C)C(=O)N1C,7.327902142064283
CCN1c2ncc(-c3cccc(OC)c3)cc2C(=O)N(C)c2cccnc21,6.0
CCN1c2ncc(-c3cccc(OC)c3)cc2C(=O)N(C)c2cccnc21,6.0
CCN1c2ncc(CCc3ccccc3)cc2C(=O)N(C)c2ccc(C3=CCC=N3)nc21,6.229147988357855
CCN1c2ncc(CCc3ccccc3)cc2C(=O)N(C)c2ccc(C3=CCC=N3)nc21,6.2839966563652006
CCN1c2ncc(CCc3ccccc3)cc2C(=O)N(C)c2ccc(C3=CCC=N3)nc21,5.892790030352131
CN(C)c1ccc2c(c1)C(C#CC1CC1)(C(F)(F)F)OC(=O)N2,6.088309841246139
O=C1Nc2cc3ccccc3cc2C(C#CC2CC2)(C(F)(F)F)O1,5.719194071606333
CC(C)=CCN1Cc2cccc3[nH]c(=S)n(c23)C[C@@H]1C,6.795880017344075
CCOc1cccnc1N1CCN(C(=O)c2cc3cc(NS(C)(=O)=O)ccc3[nH]2)CC1,5.721246399047171
CC(C)C#C[C@]1(C(F)(F)F)NC(=O)Nc2ccc(F)c(Cl)c21,7.107905397309519
CCN(c1ncccc1COC)C1CCN(C(=O)c2cc3cc(NS(C)(=O)=O)ccc3[nH]2)CC1,6.853871964321762
CCN(c1ncccc1COC)C1CCN(C(=O)c2cc3cc(NS(C)(=O)=O)ccc3[nH]2)CC1,6.522878745280337
CCN(c1ncccc1COC)C1CCN(C(=O)c2cc3cc(NS(C)(=O)=O)ccc3[nH]2)CC1,6.075720713938118
CCN1c2ncc(CCc3ccncc3)cc2C(=O)N(C)c2ccc(F)nc21,7.301029995663981
CCN1c2ncc(CCc3ccncc3)cc2C(=O)N(C)c2ccc(F)nc21,7.096910013008056
CCN1c2ncc(CCc3ccncc3)cc2C(=O)N(C)c2ccc(F)nc21,6.6020599913279625
CCN1c2ncc(CCc3ccncc3)cc2C(=O)N(C)c2ccc(F)nc21,7.698970004336019
CCN1c2ncc(CCc3ccncc3)cc2C(=O)N(C)c2ccc(F)nc21,6.6020599913279625
CCN1c2ncc(CCc3ccncc3)cc2C(=O)N(C)c2ccc(F)nc21,7.221848749616356
CCN1c2ncc(CCc3ccncc3)cc2C(=O)N(C)c2ccc(F)nc21,7.301029995663981
CCN1c2ncc(CCc3ccccc3)cc2C(=O)N(C)c2ccc(Cl)nc21,7.301029995663981
CCN1c2ncc(CCc3ccccc3)cc2C(=O)N(C)c2ccc(Cl)nc21,6.823908740944319
CCN1c2ncc(CCc3ccccc3)cc2C(=O)N(C)c2ccc(Cl)nc21,6.017728766960431
CCN1c2ncc(CCc3ccccc3)cc2C(=O)N(C)c2ccc(Cl)nc21,7.301029995663981
CCN1c2ncc(CCc3ccccc3)cc2C(=O)N(C)c2ccc(Cl)nc21,6.075720713938118
CCN1c2ncc(CCc3ccccc3)cc2C(=O)N(C)c2ccc(Cl)nc21,6.920818753952375
CCN1c2ncc(CCc3ccccc3)cc2C(=O)N(C)c2ccc(Cl)nc21,6.1487416512809245
O=C1Nc2ccc(OC(F)(F)F)cc2C(C#CC2CC2)(C(F)(F)F)O1,5.903437561625864
C/C=C/C[C@@H](C)[C@@H](O)[C@H]1C(=O)N[C@@H](CC)C(=O)N(C)[C@H](SCCO)C(=O)N(C)[C@@H](CC(C)C)C(=O)N[C@@H](C(C)C)C(=O)N(C)[C@@H](CC(C)C)C(=O)N[C@@H](C)C(=O)N[C@H](C)C(=O)N(C)[C@@H](CC(C)C)C(=O)N(C)[C@@H](CC(C)C)C(=O)N(C)[C@@H](C(C)C)C(=O)N1C,7.154901959985743
CCNc1cccnc1N(CC)C1CCN(C(=O)c2cc3cc(NS(C)(=O)=O)ccc3[nH]2)CC1,6.366531544420414
CCNc1cccnc1N(CC)C1CCN(C(=O)c2cc3cc(NS(C)(=O)=O)ccc3[nH]2)CC1,6.443697499232712
CCNc1cccnc1N(CC)C1CCN(C(=O)c2cc3cc(NS(C)(=O)=O)ccc3[nH]2)CC1,6.4089353929735005
CCN1c2ncc(/C=C\c3ccccc3)cc2C(=O)N(C)c2cccnc21,6.6020599913279625
CCN1c2ncc(/C=C\c3ccccc3)cc2C(=O)N(C)c2cccnc21,6.236572006437063
CCN1c2ncc(CCc3nccs3)cc2C(=O)N(C)c2cccnc21,7.3979400086720375
CCN1c2ncc(CCc3nccs3)cc2C(=O)N(C)c2cccnc21,6.356547323513812
CCN1c2ncc(CCc3nccs3)cc2C(=O)N(C)c2cccnc21,6.0
CCN1c2ncc(CCc3cccc(C)c3)cc2C(=O)N(C)c2cccnc21,6.958607314841775
CCN1c2ncc(CCc3cccc(C)c3)cc2C(=O)N(C)c2cccnc21,6.552841968657781
CCN1c2ncc(CCc3cccc(C)c3)cc2C(=O)N(C)c2cccnc21,6.0
CCN1c2ncc(CCc3ccccc3C)cc2C(=O)N(C)c2cccnc21,6.698970004336019
CCN1c2ncc(CCc3ccccc3C)cc2C(=O)N(C)c2cccnc21,5.795880017344075
CCN1c2ncc(CCc3ccccc3C)cc2C(=O)N(C)c2cccnc21,6.0
C/C=C/C[C@@H](C)[C@@H](O)[C@H]1C(=O)N[C@@H](CC)C(=O)N(C)[C@H](SCCn2ccnc2)C(=O)N(C)[C@@H](CC(C)C)C(=O)N[C@@H](C(C)C)C(=O)N(C)[C@@H](CC(C)C)C(=O)N[C@@H](C)C(=O)N[C@H](C)C(=O)N(C)[C@@H](CC(C)C)C(=O)N(C)[C@@H](CC(C)C)C(=O)N(C)[C@@H](C(C)C)C(=O)N1C,7.094204119632131
CC(C)Oc1cccnc1N1CCN(C(=O)c2cc3ccccc3[nH]2)CC1,5.7447274948966935
CCOc1cccnc1N(C)C1CCN(C(=O)c2cc3cc(NS(C)(=O)=O)ccc3[nH]2)CC1,5.468521082957745
CCN1c2ncc(CCc3ccccc3C)cc2C(=O)N(C)c2ccc(Cl)nc21,6.0
CCN1c2ncc(CCc3ccccc3C)cc2C(=O)N(C)c2ccc(Cl)nc21,6.0
CCN1c2ncc(CCc3ccccc3C)cc2C(=O)N(C)c2ccc(Cl)nc21,6.0
CCN1c2ncc(CCCO)cc2C(=O)N(C)c2cccnc21,6.522878745280337
CCN1c2ncc(CCCO)cc2C(=O)N(C)c2cccnc21,5.5376020021010435
CCN1c2ncc(CCc3ccnc(C)c3)cc2C(=O)N(C)c2cccnc21,7.522878745280337
CCN1c2ncc(CCc3ccnc(C)c3)cc2C(=O)N(C)c2cccnc21,7.045757490560675
CCN1c2ncc(CCc3ccnc(C)c3)cc2C(=O)N(C)c2cccnc21,6.0
O=C1Nc2ccc(F)cc2C(C#CC2CC2)(C(F)(F)F)O1,6.721246399047171
O=C1Nc2ccc(F)cc2[C@@](C#CC2CC2)(C(F)(F)F)N1,7.301029995663981
O=C1Nc2ccc(F)c(Cl)c2[C@@](C#Cc2ccccn2)(C(F)(F)F)N1,7.096910013008056
CCN1c2ncc(NC(N)=O)cc2C(=O)N(C)c2cccnc21,5.958607314841775
O=C1c2ccccc2[C@H]2SCCN1c1ccccc12,6.080921907623926
CCOCn1c(Cc2ccccc2)c(C(C)C)c(=O)[nH]c1=O,8.096910013008056
CC(C)Oc1cccnc1N1CCN(C(=O)c2cc3cc(NS(C)(=O)=O)ccc3[nH]2)CC1,5.958607314841775
COC(=O)c1cccnc1N(C)C1CCN(C(=O)c2cc3cc(NS(C)(=O)=O)ccc3[nH]2)CC1,6.6020599913279625
COC(=O)c1cccnc1N(C)C1CCN(C(=O)c2cc3cc(NS(C)(=O)=O)ccc3[nH]2)CC1,4.886056647693163
COC(=O)c1cccnc1N(C)C1CCN(C(=O)c2cc3cc(NS(C)(=O)=O)ccc3[nH]2)CC1,4.6777807052660805
CCN1c2ncc(CCc3cccc(N)c3)cc2C(=O)N(C)c2cccnc21,7.3979400086720375
CCN1c2ncc(CCc3cccc(N)c3)cc2C(=O)N(C)c2cccnc21,7.154901959985743
CCN1c2ncc(CCc3cccc(N)c3)cc2C(=O)N(C)c2cccnc21,6.0
Cc1ccnc2c1NC(=O)c1cccnc1N2C1CC1,6.522878745280337
CC(c1cc(O)nc(SC2CCCC2)n1)c1cccc2ccccc12,6.3979400086720375
O=S(=O)(c1ccccc1)n1ccc(C(O)c2ccccc2Cl)c1,4.530177984021837
Cc1c(C(C)c2c(F)cccc2F)nc(SC2CCCC2)[nH]c1=O,8.096910013008056
Cc1ccc(S(=O)(=O)n2ccc(C(O)c3ccc(Cl)cc3Cl)c2)cc1,4.7447274948966935
CC(C)Sc1nc(O)cc(C(C)c2cccc3ccccc23)n1,5.236572006437063
CCC(c1ccccc1)c1cc(O)nc(SC2CCCC2)n1,5.0
CCC(c1cc(O)nc(SC2CCCCC2)n1)c1cccc2ccccc12,5.853871964321762
O=S(=O)(c1ccccc1)n1ccc(C(O)c2ccc(Cl)cc2Cl)c1,4.522878745280337
CC(c1cc(O)nc(SC2CCCCC2)n1)c1cccc2ccccc12,5.585026652029182
O=C1Nc2c(OS(=O)(=O)O)cc(Cl)cc2[C@@](C#CC2CC2)(C(F)(F)F)O1.c1ccncc1,4.903089986991944
Cc1c(Cc2c(F)cccc2F)nc(SC(C)C)[nH]c1=O,7.301029995663981
CSc1nc(O)cc(C(C)c2c(F)cccc2F)n1,6.698970004336019
CCC(c1cc(O)nc(SC(C)C)n1)c1cccc2ccccc12,6.096910013008056
Cc1c(O)nc(SC(C)C)nc1C(C)c1c(F)cccc1F,7.721246399047171
CCC(C)Sc1nc(O)c(C)c(Cc2c(F)cccc2F)n1,7.301029995663981
O=C1Nc2c(O)cc(Cl)cc2[C@@](C#CC2CC2)(C(F)(F)F)O1,5.630598586303376
CCC(C)Sc1nc(O)c(C)c(C(C)c2c(F)cccc2F)n1,7.698970004336019
CCC(c1ccccc1)c1cc(O)nc(SC2CCCCC2)n1,5.431798275933005
Nc1ccc(Cl)cc1S(=O)(=O)n1ccc(C(O)c2ccccc2)c1,4.522878745280337
O=C1Nc2c(O[C@@H]3O[C@H](C(=O)O)[C@@H](O)[C@H](O)[C@H]3O)cc(Cl)cc2[C@@](C#CC2CC2)(C(F)(F)F)O1,5.0227795533646145
CC(C)Sc1nc(Cc2c(F)cccc2F)cc(=O)[nH]1,7.301029995663981
CCc1ccc(S(=O)(=O)n2ccc(C(O)c3ccc(Cl)cc3Cl)c2)cc1,4.657577319177793
O=c1cc(Cc2c(F)cccc2F)nc(SC2CCCC2)[nH]1,7.096910013008056
Cc1ccc(S(=O)(=O)n2ccc(C(O)c3ccc(Cl)cc3Cl)c2)c(C)c1,5.958607314841775
O=C1Nc2ccc(Cl)cc2[C@@](C#CC2CC2)(C(F)(F)F)O1,7.327902142064283
CCC(c1ccccc1)c1cc(O)nc(SC(C)C)n1,5.638272163982407
CC(C)Sc1nc(O)cc(C(C)c2ccccc2)n1,5.638272163982407
CCC(C)Sc1nc(O)cc(Cc2c(F)cccc2F)n1,7.301029995663981
O=S(=O)(c1ccc(Cl)cc1)n1ccc(C(O)c2ccc(Cl)cc2Cl)c1,4.769551078621726
Cc1ccccc1S(=O)(=O)n1ccc(C(O)c2ccc(Cl)cc2Cl)c1,4.568636235841013
O=C1Nc2ccc(Cl)cc2C(C#CC2(O)CC2)(C(F)(F)F)O1,5.702677285794698
CC(C)c1ccc(S(=O)(=O)n2ccc(C(O)c3ccc(Cl)cc3Cl)c2)cc1,5.6020599913279625
Cc1c(C(C)c2c(F)cccc2F)nc(SC2CCCC2)[nH]c1=O,6.0
CC(c1ccccc1)c1cc(O)nc(SC2CCCC2)n1,5.6777807052660805
O=C1Nc2c(O)cc(Cl)cc2[C@](C#CC2CC2)(C(F)(F)F)O1,4.903089986991944
Cc1c(C(C)c2c(F)cccc2F)nc(SC2CCCC2)[nH]c1=O,8.301029995663981
O=C1Nc2cc(O)c(Cl)cc2C(C#CC2CC2)(C(F)(F)F)O1,5.610833915635467
CCOCn1c(Cc2ccccc2)c(C(C)C)c(=O)[nH]c1=O,7.3979400086720375
Cc1ccc(C(O)c2ccn(S(=O)(=O)c3ccc(C)cc3)c2)cc1,5.327902142064283
CC(C)(C)c1ccc(S(=O)(=O)n2ccc(C(O)c3ccc(Cl)cc3Cl)c2)cc1,5.1938200260161125
Cc1c(Cc2c(F)cccc2F)nc(SC2CCCC2)[nH]c1=O,7.096910013008056
Cc1ccnc2c1NC(=O)c1cccnc1N2C1CC1,6.6020599913279625
CC(c1cc(=O)[nH]c(SC2CCCC2)n1)c1c(F)cccc1F,7.301029995663981
CSc1nc(O)c(C)c(C(C)c2c(F)cccc2F)n1,7.698970004336019
Nc1ccn([C@H]2CS[C@@H](CO)C2)c(=O)n1,6.449771646944906
CCN1c2ncccc2C(=O)N(C)c2ccc(-c3c[nH]c4ccc(F)cc34)nc21,6.151195298948196
CCN1c2ncccc2C(=O)N(C)c2ccc(-c3c[nH]c4ccc(F)cc34)nc21,6.255707016877324
Nc1nc(=O)n([C@H]2CS[C@@H](CO)C2)cc1F,6.698970004336019
CCN1c2ncccc2C(=O)N(C)c2ccc(-c3c[nH]c4ccccc34)nc21,7.552841968657781
CCN1c2ncccc2C(=O)N(C)c2ccc(-c3c[nH]c4ccccc34)nc21,7.552841968657781
CCN1c2ncccc2C(=O)N(C)c2ccc(-c3c[nH]c4ccccc34)nc21,7.045757490560675
CCN1c2ncccc2C(=O)N(C)c2ccc(-c3c[nH]c4ccccc34)nc21,7.013228265733755
CCN1c2ncccc2C(=O)N(C)c2ccc(-c3c[nH]c4ccccc34)nc21,7.309803919971486
CCN1c2ncccc2C(=O)N(C)c2ccc(-c3c[nH]c4ccccc34)nc21,7.920818753952375
CCN1c2ncccc2C(=O)N(C)c2ccc(-c3c[nH]c4ccccc34)nc21,7.102372908709558
CCN1c2ncccc2C(=O)N(C)c2ccc(-c3c[nH]c4ccc(OC)cc34)nc21,6.698970004336019
CCN1c2ncccc2C(=O)N(C)c2ccc(-c3c[nH]c4ccc(OC)cc34)nc21,6.638272163982407
CCN1c2ncccc2C(=O)N(C)c2ccc(-c3c[nH]c4ccc(OC)cc34)nc21,6.136677139879544
CCN1c2ncccc2C(=O)N(C)c2ccc(-c3c[nH]c4ccc(OC)cc34)nc21,6.029188389127482
CCN1c2ncccc2C(=O)N(C)c2ccc(-c3c[nH]c4ccc(OC)cc34)nc21,5.510041520575165
CCN1c2ncccc2C(=O)N(C)c2ccc(-c3c[nH]c4ccc(OC)cc34)nc21,6.221848749616356
CCN1c2ncccc2C(=O)N(C)c2ccc(-c3c[nH]c4ccc(OC)cc34)nc21,6.393618634889395
CCN1c2ncccc2C(=O)N(C)c2ccc(-c3c[nH]c4ncccc34)nc21,6.6777807052660805
CCN1c2ncccc2C(=O)N(C)c2ccc(-c3c[nH]c4ncccc34)nc21,6.698970004336019
CCN1c2ncccc2C(=O)N(C)c2ccc(-c3c[nH]c4ncccc34)nc21,5.886056647693163
Cc1cn([C@H]2C[C@H](N=[N+]=[N-])[C@@H](CO)O2)c(=O)[nH]c1=O,7.522878745280337
Nc1nc(=O)n([C@@H]2CC[C@H](CO)S2)cc1F,6.6020599913279625
CCN1c2ncccc2C(=O)N(C)c2ccc(-c3c[nH]c4cnccc34)nc21,7.356547323513812
CCN1c2ncccc2C(=O)N(C)c2ccc(-c3c[nH]c4cnccc34)nc21,7.008773924307505
CCN1c2ncccc2C(=O)N(C)c2ccc(-c3c[nH]c4cnccc34)nc21,6.4156687756324695
CCN1c2ncccc2C(=O)N(C)c2ccc(-c3c[nH]c4cnccc34)nc21,7.494850021680094
CCN1c2ncccc2C(=O)N(C)c2ccc(-c3c[nH]c4cnccc34)nc21,6.642065152999546
CCN1c2ncccc2C(=O)N(C)c2ccc(-c3c[nH]c4cnccc34)nc21,7.721246399047171
CCN1c2ncccc2C(=O)N(C)c2ccc(-c3c[nH]c4cnccc34)nc21,9.0
CCN1c2ncccc2C(=O)N(C)c2ccc(-c3c[nH]c4ccncc34)nc21,6.886056647693163
CCN1c2ncccc2C(=O)N(C)c2ccc(-c3c[nH]c4ccncc34)nc21,6.653647025549361
Nc1ccn([C@@H]2CC[C@H](CO)S2)c(=O)n1,6.542118103266008
CCN1c2ncccc2C(=O)N(C)c2ccc(-c3cc[nH]c3)nc21,7.481486060122112
CCN1c2ncccc2C(=O)N(C)c2ccc(-c3cc[nH]c3)nc21,7.301029995663981
CCN1c2ncccc2C(=O)N(C)c2ccc(-c3cc[nH]c3)nc21,7.0
CCN1c2ncccc2C(=O)N(C)c2ccc(-c3cc[nH]c3)nc21,7.301029995663981
CCN1c2ncccc2C(=O)N(C)c2ccc(-c3cc[nH]c3)nc21,6.0
CCN1c2ncccc2C(=O)N(C)c2ccc(-c3cc[nH]c3)nc21,6.494850021680094
CCN1c2ncccc2C(=O)N(C)c2ccc(-c3cc[nH]c3)nc21,6.886056647693163
Cc1c(Sc2ccccc2)n(COCCO)c(=O)[nH]c1=O,4.769551078621726
C=CCOC(=O)CC(O)(CC(=O)NCC1C=CC(n2cc(C)c(=O)[nH]c2=O)O1)C(=O)OCC=C,4.0
Cc1c(C(C)c2c(F)cccc2F)nc(NC2CCCC2)[nH]c1=O,7.455931955649724
Cc1c(C(C)c2c(F)cccc2F)nc(SC2CCCC2)[nH]c1=O,8.301029995663981
CCOCn1c(Cc2ccccc2)c(C(C)C)c(=O)[nH]c1=O,7.3979400086720375
COC(=O)CC(O)(CC(=O)NCC1C=CC(n2cc(C)c(=O)[nH]c2=O)O1)C(=O)OC,4.0
CC1=CN([C@H]2C[C@H](O)[C@@H](CO)O2)C(=O)NC1,4.0
Cc1cn(C2C=CC(CNC(=O)CC(O)(CC(=O)O)C(=O)O)O2)c(=O)[nH]c1=O,4.0
CC(c1cc(=O)[nH]c(SC2CCCC2)n1)c1c(F)cccc1F,7.522878745280337
Cc1cn(C2C=CC(COC(=O)CC3(CC(=O)O)OCOC3=O)O2)c(=O)[nH]c1=O,4.0
Cc1c(Cc2c(F)cccc2F)nc(SC2CCCC2)[nH]c1=O,7.096910013008056
O=c1cc(Cc2c(F)cccc2F)nc(NC2CCCC2)[nH]1,7.154901959985743
Cc1cn(C2C=CC(COC(=O)CC(O)(CC(=O)O)C(=O)O)O2)c(=O)[nH]c1=O,4.0
CCCCCC=C(c1cc(Br)c(OC)c(C(=O)OC)c1)c1cc(Br)c(OC)c(C(=O)OC)c1,6.42021640338319
CC(c1cc(=O)[nH]c(NC2CCCC2)n1)c1c(F)cccc1F,7.3979400086720375
Cc1cn([C@H]2C[C@H](N=[N+]=[N-])[C@@H](CO)O2)c(=O)[nH]c1=O,4.0
C=CCOC(=O)CC(O)(CC(=O)OCC1C=CC(n2cc(C)c(=O)[nH]c2=O)O1)C(=O)OCC=C,4.0
COC(=O)CC1(CC(=O)OCC2C=CC(n3cc(C)c(=O)[nH]c3=O)O2)OCOC1=O,4.0
C=CCOC(=O)CC1(CC(=O)OCC2C=CC(n3cc(C)c(=O)[nH]c3=O)O2)OCOC1=O,4.0
Cc1cn(C2C=CC(COC(=O)CC(O)(CC(=O)OCc3ccccc3)C(=O)OCc3ccccc3)O2)c(=O)[nH]c1=O,4.0
Cc1c(Cc2c(F)cccc2F)nc(NC2CCCC2)[nH]c1=O,7.522878745280337
O=c1cc(Cc2c(F)cccc2F)nc(SC2CCCC2)[nH]1,7.096910013008056
N#Cc1csc(NC(=S)NCCc2ccccc2)n1,6.698970004336019
Nc1cc(S(=O)(=O)O)cc2cc(S(=O)(=O)[O-])cc(O)c12.[Na+],3.0
Nc1cc(S(=O)(=O)O)cc2cc(S(=O)(=O)[O-])cc(O)c12.[Na+],3.0
S=C(NCCc1ccccc1)Nc1ccc(Br)cn1,7.823908740944319
Fc1cccc(F)c1CC/N=C(\S)Nc1ccc(Br)cn1,9.0
S=C(NCCCc1ccccc1)Nc1nccs1,5.346787486224656
Cc1ccc(NC(=S)NCCc2ccccn2)nc1,7.301029995663981
O=S(=O)([O-])c1cc(S(=O)(=O)[O-])c2cc(NS(=O)(=O)c3ccc(-c4ccc(S(=O)(=O)Nc5ccc6cc(S(=O)(=O)[O-])cc(S(=O)(=O)[O-])c6c5)cc4)cc3)ccc2c1.[Na+].[Na+].[Na+].[Na+],3.9030899869919438
O=S(=O)([O-])c1cc(S(=O)(=O)[O-])c2cc(NS(=O)(=O)c3ccc(-c4ccc(S(=O)(=O)Nc5ccc6cc(S(=O)(=O)[O-])cc(S(=O)(=O)[O-])c6c5)cc4)cc3)ccc2c1.[Na+].[Na+].[Na+].[Na+],3.4271283977995197
Cc1ccnc2c1NC(=O)c1cccnc1N2C1CC1,6.698970004336019
Cc1ccccc1CCNC(=S)Nc1nccs1,7.096910013008056
S=C(NCCc1ccncc1)Nc1nccs1,5.0
CC(Cc1ccccc1)/N=C(\S)Nc1nccs1,5.0
Cc1ccc(NC(=S)NCCc2ccccc2)nc1,7.522878745280337
O=[N+]([O-])c1ccccc1CCNC(=S)Nc1nccs1,6.823908740944319
COc1cccc(F)c1CCNC(=S)Nc1nccs1,8.0
S=C(NCc1ccccc1)Nc1nccs1,5.920818753952375
S=C(NCCc1ccccc1)Nc1ccccn1,7.698970004336019
O=S(=O)([O-])c1cc(NS(=O)(=O)c2ccc(-c3ccc(S(=O)(=O)Nc4cc(S(=O)(=O)[O-])cc5cc(S(=O)(=O)[O-])cc(S(=O)(=O)[O-])c45)cc3)cc2)c2c(S(=O)(=O)[O-])cc(S(=O)(=O)[O-])cc2c1.[Na+].[Na+].[Na+].[Na+].[Na+].[Na+],3.071092309756047
O=S(=O)([O-])c1cc(NS(=O)(=O)c2ccc(-c3ccc(S(=O)(=O)Nc4cc(S(=O)(=O)[O-])cc5cc(S(=O)(=O)[O-])cc(S(=O)(=O)[O-])c45)cc3)cc2)c2c(S(=O)(=O)[O-])cc(S(=O)(=O)[O-])cc2c1.[Na+].[Na+].[Na+].[Na+].[Na+].[Na+],3.071092309756047
COc1cccc(CCNC(=S)Nc2nccs2)c1,6.823908740944319
CC(C/N=C(\S)Nc1nccs1)c1ccccc1,6.346787486224656
CC(C)=CCN1Cc2cc(Cl)cc3[nH]c(=S)n(c23)C[C@@H]1C,6.698970004336019
S=C(NCCc1ccccc1)Nc1nccs1,6.045757490560675
COc1cc(S(=O)(=O)[O-])cc2cc(S(=O)(=O)[O-])cc([N+](C)(C)C)c12.[Na+],3.0
COc1cc(S(=O)(=O)[O-])cc2cc(S(=O)(=O)[O-])cc([N+](C)(C)C)c12.[Na+],3.0
Cc1ccc(C(=O)Nc2ccc(S(=O)(=O)O)c3cc(S(=O)(=O)O)cc(S(=O)(=O)O)c23)cc1NC(=O)c1cccc(NC(=O)Nc2cccc(C(=O)Nc3cc(C(=O)Nc4ccc(S(=O)(=O)O)c5cc(S(=O)(=O)O)cc(S(=O)(=O)O)c45)ccc3C)c2)c1,5.026872146400302
Cc1ccc(C(=O)Nc2ccc(S(=O)(=O)O)c3cc(S(=O)(=O)O)cc(S(=O)(=O)O)c23)cc1NC(=O)c1cccc(NC(=O)Nc2cccc(C(=O)Nc3cc(C(=O)Nc4ccc(S(=O)(=O)O)c5cc(S(=O)(=O)O)cc(S(=O)(=O)O)c45)ccc3C)c2)c1,4.823908740944319
CCCCCCOc1cccc(CC/N=C(\S)Nc2nccs2)c1,5.0
O=S(=O)([O-])c1cc(O)c2c(O)cc(S(=O)(=O)[O-])cc2c1.[Na+].[Na+],3.9030899869919438
O=S(=O)([O-])c1cc(O)c2c(O)cc(S(=O)(=O)[O-])cc2c1.[Na+].[Na+],3.696803942579511
O=C(Nc1cc(S(=O)(=O)[O-])cc2cc(S(=O)(=O)[O-])cc(O)c12)c1ccccc1.[Na+].[Na+],3.3334820194451193
O=C(Nc1cc(S(=O)(=O)[O-])cc2cc(S(=O)(=O)[O-])cc(O)c12)c1ccccc1.[Na+].[Na+],3.142064735280571
Cc1csc(NC(=S)NCCc2ccccc2)n1,7.0
Nc1c(S(=O)(=O)O)cc2cc(S(=O)(=O)[O-])cc(O)c2c1O.[Na+],3.7904849854573692
Nc1c(S(=O)(=O)O)cc2cc(S(=O)(=O)[O-])cc(O)c2c1O.[Na+],3.344861565188618
S=C(NCCc1ccccc1)Nc1ncccc1Br,5.0
CCc1csc(NC(=S)NCCc2c(F)cccc2F)n1,8.301029995663981
N#Cc1cn([C@H]2O[C@H](CO)[C@@H](O)[C@@H]2F)c2ncnc(N)c12,4.0
S=C(NCCc1cccnc1)Nc1nccs1,5.0
S=C(NCCc1ccccc1)Nc1cnccn1,5.4089353929735005
N#Cc1csc(NC(=S)NCCc2c(F)cccc2F)n1,8.221848749616356
Fc1ccccc1CCNC(=S)Nc1nccs1,7.221848749616356
Fc1cccc(CCNC(=S)Nc2nccs2)c1,6.823908740944319
COc1ccc(CCNC(=S)Nc2nccs2)cc1,6.455931955649724
CCOc1cccc(F)c1CCNC(=S)Nc1ccc(C)cn1,8.346787486224656
S=C(NCCc1ccccn1)Nc1ccc(Br)cn1,7.823908740944319
COc1ccc(OC)c(CCNC(=S)Nc2nccs2)c1,6.698970004336019
O=C(O)c1csc(/N=C(\S)NCCc2ccccc2)n1,5.0
CCOC(=O)c1csc(NC(=S)NCCc2ccccc2)n1,6.698970004336019
S=C(NCCc1ccccc1)Nc1cc[nH]n1,5.0
CCc1cc(NCc2nc3c(Cl)ccc(Cl)c3o2)c(O)nc1C,7.0
CC(=O)Nc1cc(S(=O)(=O)O)cc2cc(S(=O)(=O)[O-])cc(O)c12.[Na+],3.614393726401688
CC(=O)Nc1cc(S(=O)(=O)O)cc2cc(S(=O)(=O)[O-])cc(O)c12.[Na+],3.2335871528876003
S=C(NCCc1ccccc1Cl)Nc1nccs1,6.221848749616356
Nc1ccc2cc(S(=O)(=O)[O-])cc(S(=O)(=O)[O-])c2c1.[Na+].[Na+],3.0
Nc1ccc2cc(S(=O)(=O)[O-])cc(S(=O)(=O)[O-])c2c1.[Na+].[Na+],3.0
CCOc1cccc(CCNC(=S)Nc2nccs2)c1,7.221848749616356
COc1cccc(OC)c1CCNC(=S)Nc1nccs1,7.045757490560675
S=C(NCCc1ccco1)Nc1nccs1,6.187086643357144
Nc1ccc2c(S(=O)(=O)O)cc(S(=O)(=O)O)c(N)c2c1O,4.346787486224656
Nc1ccc2c(S(=O)(=O)O)cc(S(=O)(=O)O)c(N)c2c1O,4.318758762624412
O=C(O)CCCC(=O)Nc1cc(S(=O)(=O)[O-])cc2cc(S(=O)(=O)[O-])cc(O)c12.[Na+].[Na+],3.0
O=C(O)CCCC(=O)Nc1cc(S(=O)(=O)[O-])cc2cc(S(=O)(=O)[O-])cc(O)c12.[Na+].[Na+],3.0
O=S(=O)([O-])c1ccc(-c2ccc(S(=O)(=O)Nc3cc(S(=O)(=O)[O-])cc4cc(S(=O)(=O)[O-])cc(S(=O)(=O)[O-])c34)cc2)cc1.[Na+].[Na+].[Na+].[Na+],3.0
O=S(=O)([O-])c1ccc(-c2ccc(S(=O)(=O)Nc3cc(S(=O)(=O)[O-])cc4cc(S(=O)(=O)[O-])cc(S(=O)(=O)[O-])c34)cc2)cc1.[Na+].[Na+].[Na+].[Na+],3.0
CCOc1cccc(F)c1CCNC(=S)Nc1nccs1,8.0
N#Cc1c(Br)n([C@@H]2O[C@H](CO)[C@@H](O)[C@@H]2F)c2ncnc(N)c12,4.920818753952375
CCCCc1csc(NC(=S)NCCc2ccccc2)n1,5.6020599913279625
S=C(NCCc1ccccc1)Nc1nncs1,5.721246399047171
CCCCCCCCCCCCCCCC(=O)Oc1cc(S(=O)(=O)[O-])cc2cc(S(=O)(=O)[O-])cc(OC(=O)CCCCCCCCCCCCCCC)c12.[Na+].[Na+],5.619788758288394
CCCCCCCCCCCCCCCC(=O)Oc1cc(S(=O)(=O)[O-])cc2cc(S(=O)(=O)[O-])cc(OC(=O)CCCCCCCCCCCCCCC)c12.[Na+].[Na+],6.0655015487564325
NC(=O)c1cn([C@@H]2O[C@H](CO)[C@@H](O)[C@@H]2F)c2ncnc(N)c12,7.698970004336019
[N-]=[N+]=Nc1ccccc1CC/N=C(\S)Nc1nccs1,7.522878745280337
CC(C)Oc1cccc(CCNC(=S)Nc2nccs2)c1,6.3979400086720375
COc1ccc(Br)cc1CCNC(=S)Nc1nccs1,7.522878745280337
CC(=O)Oc1cc(S(=O)(=O)[O-])cc2cc(S(=O)(=O)[O-])cc(OC(C)=O)c12.[Na+].[Na+],3.0
CC(=O)Oc1cc(S(=O)(=O)[O-])cc2cc(S(=O)(=O)[O-])cc(OC(C)=O)c12.[Na+].[Na+],3.0
O=C([O-])CCCCCCCCC(=O)Nc1cc(S(=O)(=O)[O-])cc2cc(S(=O)(=O)[O-])cc(O)c12.[Na+].[Na+].[Na+],3.869666231504994
O=C([O-])CCCCCCCCC(=O)Nc1cc(S(=O)(=O)[O-])cc2cc(S(=O)(=O)[O-])cc(O)c12.[Na+].[Na+].[Na+],3.769551078621726
S=C(NCCc1ccccc1)Nc1ncc(Cl)s1,5.619788758288394
CCOc1cccc(F)c1CCNC(=S)Nc1ccc(Br)cn1,8.221848749616356
Cc1cn(C2C=CC(CNC(=O)CC3(C)CC(O)CN3C(=O)OC(C)(C)C)O2)c(=O)[nH]c1=O,3.3010299956639813
Oc1ccccc1CCNC(=S)Nc1nccs1,5.958607314841775
O=C(CCCCCCCCC(=O)Nc1cc(S(=O)(=O)[O-])cc2cc(S(=O)(=O)[O-])cc(O)c12)Nc1cc(S(=O)(=O)[O-])cc2cc(S(=O)(=O)[O-])cc(O)c12.[Na+].[Na+].[Na+].[Na+],4.2839966563652006
O=C(CCCCCCCCC(=O)Nc1cc(S(=O)(=O)[O-])cc2cc(S(=O)(=O)[O-])cc(O)c12)Nc1cc(S(=O)(=O)[O-])cc2cc(S(=O)(=O)[O-])cc(O)c12.[Na+].[Na+].[Na+].[Na+],3.9136401693252516
Cc1cn(C2C=CC(CNC(=O)CC3(C)CC(O[Si](c4ccccc4)(c4ccccc4)C(C)(C)C)CN3C(=O)OC(C)(C)C)O2)c(=O)[nH]c1=O,3.3010299956639813
COc1cc(S(=O)(=O)[O-])cc2cc(S(=O)(=O)[O-])cc(N(C)C)c12.[Na+].[Na+],3.0
COc1cc(S(=O)(=O)[O-])cc2cc(S(=O)(=O)[O-])cc(N(C)C)c12.[Na+].[Na+],3.0
Cc1cn([C@H]2C[C@H](N=[N+]=[N-])[C@@H](CO)O2)c(=O)[nH]c1=O,7.958607314841775
Fc1ccc(CCNC(=S)Nc2nccs2)cc1,6.0
N#Cc1c(Br)n([C@H]2O[C@H](CO)[C@@H](O)[C@@H]2F)c2ncnc(N)c12,4.494850021680094
CCc1csc(NC(=S)NCCc2ccccc2)n1,6.221848749616356
S=C(NCCc1ccccc1)Nc1nc2ccccc2s1,6.698970004336019
Cc1ccc(NC(=S)NCCc2c(F)cccc2F)nc1,8.522878745280337
Cc1cn(C2CC(O[Si](C)(C)C(C)(C)C)C(CNC(=O)CC3(C)CC(O[Si](c4ccccc4)(c4ccccc4)C(C)(C)C)CN3C(=O)OC(C)(C)C)O2)c(=O)[nH]c1=O,3.3010299956639813
Fc1cccc(F)c1CCNC(=S)Nc1nccs1,8.0
Fc1cccc(Cl)c1CCNC(=S)Nc1nccs1,8.221848749616356
S=C(NCCc1ccccn1)Nc1nccs1,6.698970004336019
CCCc1csc(NC(=S)NCCc2ccccc2)n1,6.455931955649724
FC(F)(F)c1csc(NC(=S)NCCc2ccccc2)n1,6.259637310505756
CCCCCCCCCCCCCCCC(=O)Nc1cc(S(=O)(=O)[O-])cc2cc(S(=O)(=O)[O-])cc(S(=O)(=O)[O-])c12.[Na+].[Na+].[Na+],4.259637310505756
CCCCCCCCCCCCCCCC(=O)Nc1cc(S(=O)(=O)[O-])cc2cc(S(=O)(=O)[O-])cc(S(=O)(=O)[O-])c12.[Na+].[Na+].[Na+],4.259637310505756
O=C(CCCCCCCCCCC(=O)Nc1cc(S(=O)(=O)[O-])cc2cc(S(=O)(=O)[O-])cc(S(=O)(=O)[O-])c12)Nc1cc(S(=O)(=O)[O-])cc2cc(S(=O)(=O)[O-])cc(S(=O)(=O)[O-])c12.[Na+].[Na+].[Na+].[Na+].[Na+].[Na+],3.8664610916297826
O=C(CCCCCCCCCCC(=O)Nc1cc(S(=O)(=O)[O-])cc2cc(S(=O)(=O)[O-])cc(S(=O)(=O)[O-])c12)Nc1cc(S(=O)(=O)[O-])cc2cc(S(=O)(=O)[O-])cc(S(=O)(=O)[O-])c12.[Na+].[Na+].[Na+].[Na+].[Na+].[Na+],3.669586226650809
CC(C)c1csc(NC(=S)NCCc2ccccc2)n1,6.698970004336019
Cc1cn(C2C=CC(CNC(=O)CC3(C)CC(O)CN3)O2)c(=O)[nH]c1=O,3.3010299956639813
COc1ccccc1CCNC(=S)Nc1nccs1,7.3979400086720375
Cn1cccc1CC/N=C(\S)Nc1nccs1,5.721246399047171
CC(=O)Nc1cc(S(=O)(=O)[O-])cc2cc(S(=O)(=O)[O-])cc(S(=O)(=O)[O-])c12.[Na+].[Na+].[Na+],3.0
CC(=O)Nc1cc(S(=O)(=O)[O-])cc2cc(S(=O)(=O)[O-])cc(S(=O)(=O)[O-])c12.[Na+].[Na+].[Na+],3.0
CCCOc1cccc(CCNC(=S)Nc2nccs2)c1,6.698970004336019
S=C(NCCc1cccc(Oc2ccccc2)c1)Nc1nccs1,5.958607314841775
CN(CCc1ccccc1)/C(S)=N\c1nccs1,5.0
CC(=O)Nc1cc(S(=O)(=O)[O-])cc2cc(S(=O)(=O)[O-])cc(OC(C)=O)c12.[Na+].[Na+],3.0
CC(=O)Nc1cc(S(=O)(=O)[O-])cc2cc(S(=O)(=O)[O-])cc(OC(C)=O)c12.[Na+].[Na+],3.0
NC(=S)c1cn([C@@H]2O[C@H](CO)[C@@H](O)[C@@H]2F)c2ncnc(N)c12,7.154901959985743
O=C([O-])c1cc(NS(=O)(=O)c2ccc(-c3ccc(S(=O)(=O)Nc4cc(C(=O)[O-])c(O)c(S(=O)(=O)[O-])c4)cc3)cc2)cc(S(=O)(=O)[O-])c1O.[Na+].[Na+].[Na+].[Na+],3.369572124974976
O=C([O-])c1cc(NS(=O)(=O)c2ccc(-c3ccc(S(=O)(=O)Nc4cc(C(=O)[O-])c(O)c(S(=O)(=O)[O-])c4)cc3)cc2)cc(S(=O)(=O)[O-])c1O.[Na+].[Na+].[Na+].[Na+],3.3205721033878812
Cc1cn(C2CC(O)C(CNC(=O)CC3(C)CC(O)CN3)O2)c(=O)[nH]c1=O,3.3010299956639813
O=C(NCCc1ccccc1)Nc1nccs1,5.0
CN(/C(S)=N/CCc1ccccc1)c1nccs1,5.823908740944319
CCCCCCCCCCCCCCCC(=O)Nc1cc(S(=O)(=O)O)cc2cc(S(=O)(=O)[O-])cc(O)c12.[Na+],5.318758762624412
CCCCCCCCCCCCCCCC(=O)Nc1cc(S(=O)(=O)O)cc2cc(S(=O)(=O)[O-])cc(O)c12.[Na+],5.431798275933005
Nc1cc(S(=O)(=O)[O-])cc2cc(S(=O)(=O)[O-])cc(S(=O)(=O)[O-])c12.[Na+].[Na+].[Na+],3.0
Nc1cc(S(=O)(=O)[O-])cc2cc(S(=O)(=O)[O-])cc(S(=O)(=O)[O-])c12.[Na+].[Na+].[Na+],3.0
N#Cc1cn([C@@H]2O[C@H](CO)[C@@H](O)[C@@H]2F)c2ncnc(N)c12,4.920818753952375
CC(=O)Oc1cc(S(=O)(=O)[O-])cc2cc(S(=O)(=O)O)c(N=Nc3ccccc3)c(OC(C)=O)c12.[Na+],3.0
CC(=O)Oc1cc(S(=O)(=O)[O-])cc2cc(S(=O)(=O)O)c(N=Nc3ccccc3)c(OC(C)=O)c12.[Na+],3.0
Nc1cc(S(=O)(=O)O)c2ccccc2c1N,4.301029995663981
Nc1cc(S(=O)(=O)O)c2ccccc2c1N,4.552841968657781
CN(C)CCCOc1ccc(NC(=O)COc2ccc(Cl)cc2C(=O)c2ccccc2)cc1,10.013228265733755
O=C(COc1ccc(-n2ccnc2)cc1C(=O)c1ccccc1)Nc1ccccc1,8.0
O=C1c2ccccc2C(=O)N1CCOC(=S)N(C(=O)c1ccnc(Cl)c1)c1ccc(Cl)cc1,5.698970004336019
C[C@H](/N=C(\S)Nc1ccc(Cl)cn1)C1CCCCC1,4.0
Cc1cc(OCCCN(C)C)cc(C)c1NC(=O)Cc1ccc(Cl)cc1C(=O)c1ccccc1,7.301029995663981
C[C@@H](/N=C(\S)Nc1ccc(Cl)cn1)c1ccccc1,5.920818753952375
Fc1cccc(CC/N=C(\S)Nc2ccc(Br)cn2)c1,6.154901959985743
O=C(COc1cc(Cl)c(Cl)cc1C(=O)c1ccccc1)Nc1ccccc1,10.853871964321762
COc1ccc(OC)c(CCNC(=S)Nc2ccc(Br)cn2)c1,7.0
O=C(COc1ccc(Cl)cc1C(=O)c1cccnc1)Nc1ccccc1,9.795880017344075
O=C(COc1ccc(Cl)cc1C(=O)c1ccccc1)NC1CCCCC1,7.838631997765025
C[C@@H](/N=C(\S)Nc1ccc(Br)cn1)c1ccccc1,5.795880017344075
Cc1cn([C@H]2C[C@H](N=[N+]=[N-])[C@@H](CO)O2)c(=O)[nH]c1=O,4.0
O=C(COc1ccc(Cl)cc1C(=O)c1ccccc1)Cc1ccccc1,7.920818753952375
O=C1c2ccccc2C(=O)N1CCOC(=S)N(C(=O)c1cccs1)c1ccc(Cl)cc1,5.6020599913279625
C[C@@H](/N=C(\S)Nc1nccs1)C1CCCCC1,4.886056647693163
O=C(COc1ccc(Cl)c(Cl)c1C(=O)c1ccccc1)Nc1ccccc1,7.0
Cc1cc(OCCCN(C)C)ccc1NC(=O)Cc1ccc(Cl)cc1C(=O)c1ccccc1,9.455931955649724
CCc1cc(OCCCN(C)C)ccc1NC(=O)Cc1ccc(Cl)cc1C(=O)c1ccccc1,8.602059991327963
Cc1ccnc2c1NC(=O)c1cccnc1N2C1CC1,4.638272163982407
S=C(NCCc1ccccn1)Nc1ccc(Br)cn1,5.376750709602099
O=C(COc1ccc(F)cc1C(=O)c1ccccc1)Nc1ccccc1,11.522878745280337
CN(C)CCCOc1ccc(NC(=O)Cc2ccc(Cl)cc2C(=O)c2ccccc2)cc1,9.698970004336019
O=C(c1ccccc1)c1cc(Cl)ccc1OCc1nc2ccccc2[nH]1,9.292429823902063
Cc1c(Sc2ccccc2)n(COCCO)c(=O)[nH]c1=O,3.3010299956639813
Cc1c(Sc2ccccc2)n(COCCO)c(=O)[nH]c1=O,3.8239087409443187
COc1cccc(CC/N=C(\S)Nc2ccc(Br)cn2)c1,6.3979400086720375
CCN(CC)CCOc1ccc(NC(=O)COc2ccccc2C(=O)c2ccc(F)cc2)cc1,8.0
CCN(CC)CCOc1ccc(NC(=O)COc2cc(OC)ccc2C(=O)c2ccccc2)cc1,8.200659450546418
CS/C(=N\CCc1ccccc1Cl)Nc1ccc(Br)cn1,4.0
CCN(CC)CCOc1ccc(NC(=O)COc2ccccc2C(=O)c2ccc(OC)cc2)cc1,8.167491087293763
C[C@H](/N=C(\S)Nc1ccc(Cl)cn1)c1ccccc1,4.0
Fc1ccc(CC/N=C(\S)Nc2ccc(Br)cn2)cc1,5.1938200260161125
O=C(c1ccccc1)c1cc(Cl)ccc1OC/C=C/c1ccccc1,7.0
Cc1ccccc1CNC(=O)COc1ccc(Cl)cc1C(=O)c1ccccc1,8.602059991327963
O=C(c1ccccc1)c1cc(Cl)ccc1OCC(=O)N1CCc2ccccc2C1,11.221848749616356
O=C1c2ccccc2C(=O)N1CCOC(=S)N(C(=O)c1ccco1)c1ccc(Cl)cc1,5.638272163982407
C[C@@H](/N=C(\S)Nc1ccccn1)C1CCCCC1,4.0
S=C(NCCc1ccccc1Cl)Nc1ccc(Br)cn1,6.154901959985743
C[C@H](/N=C(\S)Nc1nccs1)C1CCCCC1,4.0
Fc1ccccc1CC/N=C(/Nc1ccc(Br)cn1)SCc1ccccc1,4.0
CCN(CC)CCOc1ccc(NC(=O)COc2ccccc2C(=O)c2ccccc2)cc1,8.638272163982407
O=C(COc1ccc(Cl)cc1C(=O)C1CCCC1)Nc1ccccc1,8.744727494896694
O=C(COc1c(Cl)cc(Cl)cc1C(=O)c1ccccc1)Nc1ccccc1,7.0
Cc1ccnc2c1NC(=O)c1cccnc1N2C1CC1,5.221848749616356
C[C@H](/N=C(\S)Nc1ccc(Br)cn1)C1CCCCC1,4.0
S=C(NCCc1ccccn1)Nc1ccc(Br)cn1,6.096910013008056
S=C(NCCc1ccccc1)Nc1ccc(Br)cn1,5.886056647693163
C[C@H](/N=C(\S)Nc1ccc(Br)cn1)c1ccccc1,4.0
O=C(COc1ccc(Cl)cc1C(O)c1ccccc1)Nc1ccccc1,7.0
Cc1cc(OCCCN(C)C)ccc1NC(=O)c1ccc(Cl)cc1C(=O)c1ccccc1,7.0
C[C@@H](/N=C(\S)Nc1ccc(Cl)cn1)C1CCCCC1,5.853871964321762
O=C(COc1ccc(Cl)cc1C(=O)c1ccccc1)c1cc2ccccc2[nH]1,10.200659450546418
Fc1ccccc1CC/N=C(\S)Nc1ccc(Br)cn1,6.221848749616356
COc1ccc(OC)c(CC/N=C(/Nc2ccc(Br)cn2)SCc2ccccc2)c1,4.0
O=C(c1ccccc1)c1cc(Cl)ccc1OCCNc1ccccc1,7.0
C[C@@H](/N=C(\S)Nc1ccc(Br)cn1)C1CCCCC1,5.920818753952375
CC(C)Nc1cccnc1N1CCN(C(=O)c2cc3cc(NS(C)(=O)=O)ccc3[nH]2)CC1,5.823908740944319
Clc1ccccc1CC/N=C(/Nc1ccc(Br)cn1)SCc1ccccc1,4.0
O=C(COc1ccc(Cl)cc1C(=O)c1ccccc1)Nc1ccccc1,11.0
C[C@H](/N=C(\S)Nc1ccccn1)C1CCCCC1,4.0
COc1ccccc1CC/N=C(\S)Nc1ccc(Br)cn1,6.0
COc1ccc(CC/N=C(\S)Nc2ccc(Br)cn2)cc1,6.045757490560675
Fc1ccccc1CC/N=C(\S)Nc1ccc(Br)cn1,6.221848749616356
Cc1c(Sc2ccccc2)n(COCCOP(=O)(O)P(=O)(O)P(=O)(O)O)c(=O)[nH]c1=O,3.5528419686577806
Cc1c(Sc2ccccc2)n(COCCOP(=O)(O)P(=O)(O)P(=O)(O)O)c(=O)[nH]c1=O,3.3010299956639813
Cc1cn(C2CC(N=[N+]=[N-])C(COP(=O)(O)P(=O)(O)P(=O)(O)O)O2)c(=O)[nH]c1=O,7.468521082957745
CCN(CC)CCOc1ccc(NC(=O)COc2ccc(Cl)cc2C(=O)c2ccccc2)cc1,9.346787486224656
Cc1ccc(C23SCCN2C(=O)c2ccccc23)cc1C,6.4089353929735005
O=C1c2cccc(Cl)c2C2(c3ccccc3)SCCN12,6.5376020021010435
O=C1c2ccc3ccccc3c2C2(c3ccccc3)SCCN12,4.585026652029182
C[C@H]1COC2(c3ccccc3)c3ccccc3C(=O)N12,4.136677139879544
COC(=O)[C@H]1CSC2(c3ccccc3)c3ccccc3C(=O)N12,6.657577319177793
O=C1c2ccccc2C2(c3c4ccccc4cc4ccccc34)SCCN12,6.045757490560675
COc1ccc2c(c1)C1(c3ccccc3)SCCN1C2=O,5.443697499232712
O=C1c2ccccc2C2(c3cccs3)SCCN12,5.576754126063192
O=C1c2ccccc2C2(c3ccccc3)SCCCN12,5.657577319177793
O=C1c2ccccc2C2(c3cccc(C(F)(F)F)c3)SCCN12,5.978810700930062
O=C1c2ccccc2C2(c3cccc([N+](=O)[O-])c3)SCCN12,6.0655015487564325
Cc1ccnc(C23SCCN2C(=O)c2ccccc23)c1,6.0
C[C@H]1CN2C(=O)c3ccccc3C2(c2ccccc2)O1,4.0
C[C@@H]1COC2(c3ccccc3)c3ccccc3C(=O)N12,4.3979400086720375
Cc1ccc2c(c1)C(=O)N1CCSC21c1ccccc1,5.0
O=C1c2cnccc2C2(c3ccccc3)SCCN12,4.0
O=C1c2ncccc2C2(c3ccccc3)SCCN12,4.0
Cc1cccc(C23SCCN2C(=O)c2cccnc23)n1,5.180456064458132
Nc1ccc2c(c1)C1(c3ccccc3)SCCN1C2=O,5.346787486224656
Cc1ccnc2c1NC(=O)c1cccnc1N2C1CC1,6.366531544420414
N#Cc1cccc(C23SCCN2C(=O)c2ccccc23)c1,5.7423214251308154
O=C1c2ccccc2C2(c3ccncc3)SCCN12,4.522878745280337
CCc1c(Sc2ccccc2)n(COCCOCc2ccccc2)c(=O)[nH]c1=O,8.522878745280337
O=C1c2ccccc2[C@]2(c3ccccc3)SCCN12,4.402304814074488
O=C1c2ccccc2C2(c3ccccc3)N1CCS2(=O)=O,5.0
Cc1cccc(C23SCCN2C(=O)c2ccccc23)c1,7.455931955649724
O=C1c2ccccc2C2(c3ccccc3)N1CC[S+]2[O-],5.838631997765025
C[C@@H]1CN2C(=O)c3ccccc3C2(c2ccccc2)O1,4.424812155072339
CC(C)=CCN1Cc2cccc3[nH]c(=S)n(c23)C[C@@H]1C,6.795880017344075
O=C1c2ccccc2C2(c3ccccc3)SCCN12,6.154901959985743
O=C1c2ccccc2C2(c3cccnc3)SCCN12,4.552841968657781
Nc1cccc(C23SCCN2C(=O)c2ccccc23)c1,5.337242168318426
COc1cccc(C23SCCN2C(=O)c2ccccc23)c1,6.013228265733755
S=C1c2ccccc2C2(c3ccccc3)SCCN12,5.455931955649724
CCc1cccc(C23SCCN2C(=O)c2ccccc23)c1,5.958607314841775
O=C1c2ccccc2C2(c3ccccc3)CCCN12,4.823908740944319
O=C1c2ccccc2C2(c3ccccc3)OCCN12,5.214670164989233
COc1ccc2c(c1)C(=O)N1CCSC21c1ccccc1,5.3979400086720375
Cc1ccnc(C23SCCN2C(=O)c2cccnc23)c1,5.337242168318426
CCc1cc(NCc2nc3c(Cl)ccc(Cl)c3o2)c(O)nc1C,9.0
Cc1cccc(C23SCCN2C(=O)c2ccccc23)c1C,5.782516055786093
Cc1ccc2c(c1)C1(c3ccccc3)SCCN1C2=O,6.142667503568732
O=C1c2ccc(Cl)cc2C2(c3ccccc3)SCCN12,6.721246399047171
O=C1c2ccccc2C2(c3cccc(O)c3)SCCN12,4.896196279044043
O=C1c2ccccc2C2(c3ccccc3)NCCN12,4.0
O=C1c2ccncc2C2(c3ccccc3)SCCN12,4.769551078621726
O=C1c2ccccc2C2(c3cc(Cl)cc(Cl)c3)SCCN12,6.229147988357855
Cc1ccc(C23SCCN2C(=O)c2ccccc23)cc1,6.113509274827518
O=C1c2ccccc2C2(c3ccco3)SCCN12,5.8696662315049934
Cc1ccccc1C12SCCN1C(=O)c1ccccc12,5.200659450546418
O=C1c2ccccc2C2(c3cccc4c3CCC4)SCCN12,6.045757490560675
O=C1c2ccccc2C2(c3ccccc3)OCCCN12,4.292429823902063
O=C1c2ccccc2C2(c3ccccc3)NCCCN12,5.0
O=C(O)[C@H]1CSC2(c3ccccc3)c3ccccc3C(=O)N12,4.0
O=C1c2ccccc2C2(c3ccc[nH]3)SCCN12,4.0
O=C1c2ccccc2C2(c3ccccc3)CCCCN12,4.1220530483708115
O=C1c2ccc(Cl)cc2[C@@]2(c3ccccc3)SCCN12,7.045757490560675
Cc1cc(C)cc([C@]23SCCN2C(=O)c2ccccc23)c1,7.795880017344075
O=C1c2cc(Cl)c(Cl)cc2C2(c3ccccc3)SCCN12,5.3487219860018556
NC(=O)[C@H]1CSC2(c3ccccc3)c3ccccc3C(=O)N12,4.229147988357856
Cc1cccc(C23SCCN2C(=O)c2ccccc23)n1,5.3872161432802645
O=C1c2ccccc2C2(c3ccccc3)Sc3ccccc3CN12,4.3979400086720375
Cc1cccc([C@]23SCCN2C(=O)c2ccccc23)c1,7.455931955649724
CCNc1cccnc1N1CCN(C(=O)c2cc3cc(OC)ccc3[nH]2)CC1,6.853871964321762
O=C1c2c(ccc3ccccc23)C2(c3ccccc3)SCCN12,4.0
O=C1c2ccccc2[C@@]2(c3ccccc3)SCCN12,6.552841968657781
O=C1c2ccccc2C2(c3cccc4ccccc34)SCCN12,6.886056647693163
O=C1c2ccccc2C2(c3ccc(Cl)cc3)SCCN12,5.3979400086720375
CC(C)c1ccc(C23SCCN2C(=O)c2ccccc23)cc1,5.0
O=C1c2ccccc2C2(c3cccc(Cl)c3)SCCN12,6.853871964321762
Cc1ccc(C)c(C23SCCN2C(=O)c2ccccc23)c1,6.013228265733755
Cc1cc(C)cc(C23SCCN2C(=O)c2ccccc23)c1,7.075720713938118
O=C1c2ccccc2C2(c3ccc(Cl)c(Cl)c3)SCCN12,5.3979400086720375
Cc1cccc2c1C(=O)N1CCSC21c1ccccc1,5.096910013008056
O=C1c2cc3ccccc3cc2C2(c3ccccc3)SCCN12,5.0
O=C1c2ccccc2[C@@]2(c3cccc4ccccc34)SCCN12,6.823908740944319
CC(C)c1cccc(C23SCCN2C(=O)c2ccccc23)c1,5.6777807052660805
O=C1c2ccc([N+](=O)[O-])cc2C2(c3ccccc3)SCCN12,5.0
COc1ccc(C23SCCN2C(=O)c2ccccc23)cc1,4.522878745280337
O=C1c2cc(Cl)ccc2C2(c3ccccc3)SCCN12,4.619788758288394
O=C1c2ccc(C(F)(F)F)cc2C2(c3ccccc3)SCCN12,4.752026733638194
O=C1c2cccnc2C2(c3ccccc3)SCCN12,5.462180904926726
O=C1c2ccccc2C2(c3ccccn3)SCCN12,5.232844133917819
O=C1c2cccnc2C2(c3ccccn3)SCCN12,4.638272163982407
O=C1Nc2ccc(Cl)cc2[C@@](C#CC2CC2)(C(F)(F)F)[C@H]1O,5.698970004336019
C=CCN1c2ccccc2NC(=O)C1(C#CC1CC1)C(F)(F)F,6.221125527997261
CCCCOC(=O)N1c2ccccc2NC(=O)C1(C#CC1CC1)C(F)(F)F,6.172630726946175
O=C1Nc2c(CO)ccnc2N(C2CC2)c2ncccc21,5.522878745280337
COC(=O)N[C@H]1C(=O)Nc2ccc(Cl)cc2[C@@]1(C#CC1CC1)C(F)(F)F,5.698970004336019
CCOC(=O)N1c2cc(F)ccc2NC(=O)C1(C#CC1CC1)C(F)(F)F,6.91721462968355
O=C1Nc2ccc(Cl)cc2[C@@](C#CC2CC2)(C(F)(F)F)O1,7.318758762624412
O=C1Nc2ccc(Cl)cc2[C@@](C#CC2CC2)(C(F)(F)F)[C@H]1OCc1cccc(F)c1,5.750557038557417
CC(=O)N[C@H]1C(=O)Nc2ccc(Cl)cc2[C@@]1(C#CC1CC1)C(F)(F)F,5.698970004336019
CCCO[C@H]1C(=O)Nc2ccc(Cl)cc2[C@@]1(C#CC1CC1)C(F)(F)F,5.978397283971757
CC(C)CN1c2cc(Cl)ccc2NC(=O)C1(C#CC1CC1)C(F)(F)F,6.393618634889395
CC(C)S(=O)(=O)N1c2ccccc2NC(=O)C1(C#CC1CC1)C(F)(F)F,5.301029995663981
CCN1c2ncccc2C(=O)N(C)c2ccc(C)nc21,6.769551078621726
CC(=O)N1c2ncccc2C(=O)N(C)c2cccnc21,4.815308569182401
Nc1ccccc1CO[C@H]1C(=O)Nc2ccc(Cl)cc2[C@@]1(C#CC1CC1)C(F)(F)F,5.991825815993574
O=C1Nc2ccc(Cl)cc2[C@@](C#CC2CC2)(C(F)(F)F)O1,7.318758762624412
C=C(C)OC(=O)N1c2ccccc2NC(=O)C1(C#CC1CC1)C(F)(F)F,6.772113295386326
CCCS(=O)(=O)N1c2ccccc2NC(=O)C1(C#CC1CC1)C(F)(F)F,5.301029995663981
CCc1cc(NCc2nc3c(Cl)ccc(Cl)c3o2)c(O)nc1C,6.096910013008056
CCc1cc(NCc2nc3c(Cl)ccc(Cl)c3o2)c(O)nc1C,6.958607314841775
O=C1Nc2ccccc2N(CC2CC2)C1(C#CC1CC1)C(F)(F)F,6.5968794788241825
O=C1Nc2ccc(Cl)cc2[C@@](C#CC2CC2)(C(F)(F)F)[C@H]1OCc1ccccn1,5.8035474582966105
CC[C@H]1C(=O)Nc2ccc(F)cc2N1C(=O)OC(C)C,6.747146969020107
O=C1Nc2ccc(Cl)cc2[C@@](C#CC2CC2)(C(F)(F)F)[C@H]1OCc1cccnc1,6.3585258894959
COc1ccc2c(c1)N(CC1CC1)C(C#CC1CC1)(C(F)(F)F)C(=O)N2,6.962573502059376
O=C1Nc2ccccc2N(Cc2ccccc2)C1(C#CC1CC1)C(F)(F)F,5.740406121114051
O=C1Nc2ccccc2N(CCC2CC2)C1(C#CC1CC1)C(F)(F)F,6.468521082957745
O=C1Nc2ccc(F)cc2N(CC2CC2)C1(C#CC1CC1)C(F)(F)F,6.580044251510242
Nc1ccc(CO[C@H]2C(=O)Nc3ccc(Cl)cc3[C@@]2(C#CC2CC2)C(F)(F)F)cc1,6.3851027839668655
CCOC(=O)N1c2ccccc2NC(=O)C1(C#CC1CC1)C(F)(F)F,6.928117992693875
COC(=O)N1c2ccccc2NC(=O)C1(C#CC1CC1)C(F)(F)F,6.297569463554475
C=C(C)OC(=O)N1c2cc(F)ccc2NC(=O)C1(C#CC1CC1)C(F)(F)F,6.73754891026957
O=C1Nc2ccccc2N(CC2CC2)C1(C#CC1CC1)C(F)(F)F,6.896196279044043
O=C(c1ccccc1)N1c2ccccc2NC(=O)C1(C#CC1CC1)C(F)(F)F,5.301029995663981
CCS(=O)(=O)N1c2ccccc2NC(=O)C1(C#CC1CC1)C(F)(F)F,5.301029995663981
O=C1Nc2ccc(Cl)cc2[C@@](C#CC2CC2)(C(F)(F)F)[C@H]1NCc1ccccc1,5.698970004336019
CC(C)Nc1cccnc1N1CCN(C(=O)c2cc3cc(NS(C)(=O)=O)ccc3[nH]2)CC1.CS(=O)(=O)O,6.585026652029182
CC(C)Nc1cccnc1N1CCN(C(=O)c2cc3cc(NS(C)(=O)=O)ccc3[nH]2)CC1.CS(=O)(=O)O,4.7447274948966935
C=CCN1c2cc(Cl)ccc2NC(=O)C1(C#CC1CC1)C(F)(F)F,6.187086643357144
C=CCOC(=O)N1c2ccccc2NC(=O)C1(C#CC1CC1)C(F)(F)F,6.8326826652518236
Cc1ccnc2c1NC(=O)c1cccnc1N2C1CC1,7.075720713938118
C=CCN1c2cc(F)ccc2NC(=O)C1(C#CC1CC1)C(F)(F)F,6.906578314837765
C=CCN1c2cc(OC)ccc2NC(=O)C1(C#CC1CC1)C(F)(F)F,6.910094888560602
CCN1c2ncccc2NC(=O)c2cccnc21,6.356547323513812
O=C1Nc2cccnc2N(C2CC2)c2ncccc21,6.346787486224656
CCN1c2ncccc2C(=O)N(C)c2cccnc21,6.903089986991944
CN1C(=O)c2cccnc2N(C(C)(C)C)c2ncccc21,4.958607314841775
Cc1ccnc2c1NC(=O)c1cccnc1N2C1CC1,5.508638306165727
Cc1ccnc2c1NC(=O)c1cccnc1N2C1CC1,6.494850021680094
Nc1ccc(CO[C@H]2C(=O)Nc3ccc(Cl)cc3[C@@]2(C#CC2CC2)C(F)(F)F)cc1F,6.617982957425132
CCN1c2ncccc2C(=O)N(C)c2cc(C)cnc21,6.119186407719209
CC(C)OC(=O)N1c2ccccc2NC(=O)C1(C#CC1CC1)C(F)(F)F,6.966576244513051
CC(C)OC(=O)N1c2cc(Cl)ccc2NC(=O)C1(C#CC1CC1)C(F)(F)F,6.795880017344075
CCN1c2ncccc2C(=O)Nc2c(C)ccnc21,7.455931955649724
O=C1C[C@](C#CC2CC2)(C(F)(F)F)c2cc(Cl)ccc2N1,6.886056647693163
CC#Cc1c(C)nn(-c2ccccc2)c1-c1ccccc1,4.872895201635193
CC#Cc1c(C)nn(-c2ccccc2)c1-c1ccccc1,5.812479279163537
C=C(C)OC(=O)N1c2cc(Cl)ccc2NC(=O)C1(C#CC1CC1)C(F)(F)F,6.501689446210399
CC(C)OC(=O)N1c2cc(F)ccc2NC(=O)C1(C#CC1CC1)C(F)(F)F,6.886056647693163
O=C1Nc2ccc(Cl)cc2N(CC2CC2)C1(C#CC1CC1)C(F)(F)F,6.482804102050026
CCOC(=O)N1c2cc(Cl)ccc2NC(=O)C1(C#CC1CC1)C(F)(F)F,6.896196279044043
CCN1c2ncccc2C(=O)Nc2c(Cl)ccnc21,7.022276394711152
CCN1c2ncccc2C(=O)N(C)c2ccc(Cl)nc21,6.823908740944319
CCCN1c2ncccc2C(=O)N(C)c2cccnc21,6.346787486224656
N#Cc1ccnc2c1NC(=O)c1cccnc1N2C1CC1,5.903089986991944
CCc1c(C)nn(-c2ccccc2)c1-c1ccccc1,4.838631997765025
CCc1c(C)nn(-c2ccccc2)c1-c1ccccc1,6.2839966563652006
CCc1c(CCO)nn(-c2ccccc2)c1-c1ccccc1,4.301029995663981
CCc1c(CCO)nn(-c2ccccc2)c1-c1ccccc1,6.187086643357144
O=C1Nc2ccc(Cl)cc2[C@@](C#CC2CC2)(C(F)(F)F)[C@H]1OCc1ccncc1,6.889410289700751
Nc1cccc(CO[C@H]2C(=O)Nc3ccc(Cl)cc3[C@@]2(C#CC2CC2)C(F)(F)F)c1,5.837137006678074
C#CCN1c2ccccc2NC(=O)C1(C#CC1CC1)C(F)(F)F,5.743041847439068
CCN1c2ncccc2C(=O)N(C)c2cc(Cl)cnc21,6.0
CCN1c2ncccc2C(=O)N(C)c2c(C)ccnc21,5.721246399047171
CCc1ccnc2c1N(C)C(=O)c1cccnc1N2CC,6.958607314841775
Cc1nn(-c2ccccc2)c(-c2ccccc2)c1CC#N,5.636388020107856
Cc1nn(-c2ccccc2)c(-c2ccccc2)c1CC#N,5.943095148663527
CC(C)=CCO[C@H]1C(=O)Nc2ccc(Cl)cc2[C@@]1(C#CC1CC1)C(F)(F)F,5.698970004336019
O=C1Nc2ccc(Cl)cc2[C@@](C#CC2CC2)(C(F)(F)F)[C@H]1OCC1CC1,5.843450848668219
Cc1ccnc2c1N(C)C(=O)c1cccnc1N2C1CC1,6.0
O=C1Nc2ccc(Cl)cc2[C@@](C#CC2CC2)(C(F)(F)F)[C@H]1OCc1ccccc1F,5.8873949984654255
CSCN1c2ncccc2C(=O)N(C)c2cccnc21,6.070581074285707
CN1C(=O)c2cccnc2N(CCF)c2ncccc21,5.5376020021010435
O=C1Nc2ccc(Cl)cc2[C@@](C#CC2CC2)(C(F)(F)F)[C@H]1OCc1ccc(F)cc1,6.046240308266771
CC(C)C(I)N1c2ccccc2NC(=O)C1(C#CC1CC1)C(F)(F)F,6.795880017344075
CCOC(=O)N1c2ccccc2NC(=O)C1(C#CC1CC1)C(F)(F)F,7.346787486224656
O=C1Nc2ccc(Cl)cc2[C@@](C#CC2CC2)(C(F)(F)F)[C@H]1OCc1ccccc1,6.356547323513812
CC(C)COC(=O)N1c2ccccc2NC(=O)C1(C#CC1CC1)C(F)(F)F,5.942333896090171
C#Cc1ccc2nc(O)n3c2c1CN(CC=C(C)C)[C@@H](C)C3,3.3594191935103472
CN1C(=O)c2cccnc2N(C2CC2)c2ccc(Cl)nc21,6.0
CCN1c2ncccc2C(=O)N(C)c2ccc(-c3cccc(N)c3)nc21,7.154901959985743
Nc1cc(C(F)(F)F)nc(SCc2ccc3ccccc3c2)n1,6.552841968657781
Nc1cc(C(F)(F)F)nc(SCc2ccc3ccccc3c2)n1,6.366531544420414
Nc1cc(Cl)nc(SCc2cccc(Br)c2)n1,6.119186407719209
Nc1cc(Cl)nc(SCc2cccc(Br)c2)n1,6.853871964321762
CCN1c2cc(C)c(C)nc2N(C)C(=O)c2cc(N)cnc21,6.823908740944319
Nc1cc(Cl)nc(SCc2ccc3ccccc3c2)n1,6.337242168318426
Nc1cc(Cl)nc(SCc2ccc3ccccc3c2)n1,6.823908740944319
CCN1c2nc(C)ccc2C(=O)N(C)c2cccnc21,6.0
CC(C)=CCN1Cc2c(C)ccc3nc(O)n(c23)C[C@@H]1C,3.0048037084028207
Nc1cc(Cl)nc(SCc2ccccc2)n1,5.176525770829699
Nc1cc(Cl)nc(SCc2ccccc2)n1,5.8326826652518236
CC(C)=CCN1Cc2c(Cl)ccc3[nH]c(=S)n(c23)C[C@@H]1C,5.366531544420414
CC(C)=CCN1Cc2c(C)ccc3nc(S)n(c23)C[C@@H]1C,4.866461091629782
CCN1c2ncccc2C(=O)N(C)c2cc(C)cnc21,6.119186407719209
CCN1c2ncc(N)cc2C(=O)N(C)c2cccnc21,6.886056647693163
CC(C)=CCN1Cc2cccc3nc(O)n(c23)C[C@@H]1C,2.501000636419847
CCN1c2ncc(Br)cc2C(=O)N(C)c2cccnc21,5.886056647693163
Cc1ccnc2c1NC(=O)c1cccnc1N2C1CC1,7.075720713938118
CCN1c2ncccc2C(=O)N(C)c2cc(C)c(C)nc21,6.619788758288394
CCN1c2cc(Br)cnc2N(C)C(=O)c2cccnc21,6.259637310505756
CCN1c2cccnc2N(C)C(=O)c2cc(N)cnc21,6.552841968657781
COC(=O)c1cccc(CSc2nc(N)cc(Cl)n2)c1,6.481486060122113
COC(=O)c1cccc(CSc2nc(N)cc(Cl)n2)c1,6.638272163982407
CCN1c2ncccc2C(=O)N(C)c2cccnc21,6.886056647693163
C#Cc1ccc2nc(S)n3c2c1CN(CC=C(C)C)[C@@H](C)C3,4.530177984021837
CC(C)Nc1cccnc1N1CCN(C(=O)c2cc3cc(NS(C)(=O)=O)ccc3[nH]2)CC1,6.769551078621726
CC(C)Nc1cccnc1N1CCN(C(=O)c2cc3cc(NS(C)(=O)=O)ccc3[nH]2)CC1,5.176525770829699
CN(C)C(=O)/C=C/CSc1nc(N)cc(Cl)n1,6.698970004336019
CN(C)C(=O)/C=C/CSc1nc(N)cc(Cl)n1,7.154901959985743
CCN1c2cc(C)c(C)nc2N(C)C(=O)c2cccnc21,6.721246399047171
CN1C(=O)c2cccnc2N(C2CC2)c2cc(Cl)cnc21,6.119186407719209
Nc1cc(Cl)nc(SCc2cc3c(cc2Cl)OCO3)n1,7.070581074285707
Nc1cc(Cl)nc(SCc2cc3c(cc2Cl)OCO3)n1,7.795880017344075
CC(C)=CCN1Cc2c(C#N)ccc3nc(O)n(c23)C[C@@H]1C,2.9430951486635273
Nc1cc(Cl)nc(SC/C=C/c2ccccc2)n1,6.721246399047171
Nc1cc(Cl)nc(SC/C=C/c2ccccc2)n1,7.154901959985743
CC(C)=CCN1Cc2c(F)ccc3nc(S)n(c23)C[C@@H]1C,5.236572006437063
CC(C)=CCN1Cc2c(C#N)ccc3nc(S)n(c23)C[C@@H]1C,4.249491605148654
CCN1c2cccnc2N(C)C(=O)c2cccnc21,5.886056647693163
Nc1cc(Cl)nc(SCC2=CCCc3ccccc32)n1,4.795880017344075
Nc1cc(Cl)nc(SCC2=CCCc3ccccc32)n1,6.221848749616356
COc1ccc2[nH]c(=S)n3c2c1CN(CC=C(C)C)[C@@H](C)C3,4.4698003017969175
COC(=O)/C=C/CSc1nc(N)cc(Cl)n1,5.279840696594043
COC(=O)/C=C/CSc1nc(N)cc(Cl)n1,6.031517051446065
CC(C)=CCN1Cc2cc(Cl)cc3[nH]c(=S)n(c23)C[C@@H]1C,4.468521082957745
COc1cccc(CSc2nc(N)cc(Cl)n2)c1,6.008773924307505
COc1cccc(CSc2nc(N)cc(Cl)n2)c1,6.795880017344075
CCN(CC)C(=O)/C=C/CSc1nc(N)cc(Cl)n1,7.221848749616356
CCN(CC)C(=O)/C=C/CSc1nc(N)cc(Cl)n1,7.301029995663981
CCN1c2ccc(C)nc2N(C)C(=O)c2cccnc21,5.7544873321858505
Nc1cc(Cl)nc(SCc2ccc(Cl)c(Cl)c2)n1,6.309803919971486
Nc1cc(Cl)nc(SCc2ccc(Cl)c(Cl)c2)n1,7.2076083105017466
CN1C(=O)c2cccnc2N(C2CC2)c2nc(Cl)ccc21,7.045757490560675
CN1C(=O)c2cccnc2N(C2CC2)c2ncc(Cl)cc21,6.5376020021010435
Cc1cccc(CSc2nc(N)cc(Cl)n2)c1,6.552841968657781
Cc1cccc(CSc2nc(N)cc(Cl)n2)c1,7.301029995663981
CC(C)=CCN1Cc2cccc3[nH]c(=S)n(c23)C[C@@H]1C,4.356547323513812
Cc1cccc(Sc2c(C)cnc(O)c2N)c1,5.3979400086720375
CCC(=O)Nc1c(O)ncc(C)c1Sc1cc(C)cc(C)c1,5.3979400086720375
CCc1c(Sc2cc(C)cc(C)c2)cc(O)nc1C,6.3979400086720375
CNC(=O)c1ccc(F)c(CC/N=C(\S)Nc2ccc(Br)cn2)c1F,7.638272163982407
CNC(=O)c1ccc(F)c(CC/N=C(\S)Nc2ccc(Br)cn2)c1F,5.698970004336019
CNC(=O)c1ccc(F)c(CC/N=C(\S)Nc2ccc(Br)cn2)c1F,5.698970004336019
CCOc1c(Cl)cc(F)c(CCNC(=S)Nc2ccc(Br)cn2)c1Cl,7.6777807052660805
CCOc1c(Cl)cc(F)c(CCNC(=S)Nc2ccc(Br)cn2)c1Cl,6.619788758288394
CCOc1c(Cl)cc(F)c(CCNC(=S)Nc2ccc(Br)cn2)c1Cl,6.180456064458132
CCOc1ccc(Cl)c(CC/N=C(\S)Nc2ccc(Br)cn2)c1F,8.698970004336019
CCOc1ccc(Cl)c(CC/N=C(\S)Nc2ccc(Br)cn2)c1F,7.045757490560675
CCOc1ccc(Cl)c(CC/N=C(\S)Nc2ccc(Br)cn2)c1F,8.045757490560675
CCc1cc(NCc2nc3c(O)cccc3o2)c(O)nc1C,6.356547323513812
CCOc1ccc(F)c(CC/N=C(\S)Nc2ccc(Br)cn2)c1C#N,8.698970004336019
CCOc1ccc(F)c(CC/N=C(\S)Nc2ccc(Br)cn2)c1C#N,6.853871964321762
CCOc1ccc(F)c(CC/N=C(\S)Nc2ccc(Br)cn2)c1C#N,6.6777807052660805
CCc1cc(NCc2ccccc2)c(O)nc1C,5.273272790973428
CCc1cc(NCc2c[nH]c3ccccc23)c(O)nc1C,4.647817481888637
CCc1cc(NCc2nc3c(Cl)ccc(Cl)c3o2)c(S)nc1C,7.376750709602099
CCSc1cc(NCc2nc3ccccc3o2)c(O)nc1C,6.366531544420414
Cc1nc(O)c(NCc2nc3ccccc3o2)cc1[S+](C)[O-],4.501689446210399
CCc1c(C)nc(O)c([N+](=O)[O-])c1Sc1cc(C)cc(C)c1,7.522878745280337
S=C(NCCC1=NC2C=CC=CC2N1)Nc1ccc(Br)cn1,7.6777807052660805
S=C(NCCC1=NC2C=CC=CC2N1)Nc1ccc(Br)cn1,5.6020599913279625
S=C(NCCC1=NC2C=CC=CC2N1)Nc1ccc(Br)cn1,5.730487055782084
Cn1cccc1CC/N=C(\S)Nc1ccc(C#N)cn1,7.154901959985743
Cn1cccc1CC/N=C(\S)Nc1ccc(C#N)cn1,5.455931955649724
Cn1cccc1CC/N=C(\S)Nc1ccc(C#N)cn1,5.958607314841775
CCc1cc(NCc2ccoc2)c(O)nc1C,3.838631997765025
COc1ccc(F)c(CCNC(=S)Nc2ccc(Br)cn2)c1F,8.221848749616356
COc1ccc(F)c(CCNC(=S)Nc2ccc(Br)cn2)c1F,6.060480747381382
COc1ccc(F)c(CCNC(=S)Nc2ccc(Br)cn2)c1F,7.221848749616356
Fc1cccc(F)c1CC/N=C(\S)Nc1ccc(Br)cn1,9.0
Fc1cccc(F)c1CC/N=C(\S)Nc1ccc(Br)cn1,7.301029995663981
Fc1cccc(F)c1CC/N=C(\S)Nc1ccc(Br)cn1,7.522878745280337
O=C1c2ccccc2C(=O)N1CCNC(=S)Nc1ccc(Cl)cn1,9.0
O=C1c2ccccc2C(=O)N1CCNC(=S)Nc1ccc(Cl)cn1,6.552841968657781
O=C1c2ccccc2C(=O)N1CCNC(=S)Nc1ccc(Cl)cn1,6.886056647693163
CN(C)c1cc(F)c(CC/N=C(\S)Nc2ccc(Cl)cn2)c(F)c1,7.698970004336019
CN(C)c1cc(F)c(CC/N=C(\S)Nc2ccc(Cl)cn2)c(F)c1,6.568636235841013
CN(C)c1cc(F)c(CC/N=C(\S)Nc2ccc(Cl)cn2)c(F)c1,6.886056647693163
CCOc1cccc(F)c1CCNC(=S)Nc1ccc(Br)cn1,8.221848749616356
CCOc1cccc(F)c1CCNC(=S)Nc1ccc(Br)cn1,7.301029995663981
CCOc1cccc(F)c1CCNC(=S)Nc1ccc(Br)cn1,7.6020599913279625
CCc1cc(NCc2nc3ncccc3o2)c(O)nc1C,5.721246399047171
CCc1cc(NCc2ccccn2)c(O)nc1C,4.823908740944319
CCc1cc(NCc2nc3c(Cl)cccc3o2)c(O)nc1C,6.823908740944319
CCc1cc(NCc2nc3c(N)cccc3o2)c(O)nc1C,4.173925197299174
CC(=O)NCc1ccc(F)c(CCNC(=S)Nc2ccc(Br)cn2)c1F,7.346787486224656
CC(=O)NCc1ccc(F)c(CCNC(=S)Nc2ccc(Br)cn2)c1F,5.698970004336019
CC(=O)NCc1ccc(F)c(CCNC(=S)Nc2ccc(Br)cn2)c1F,5.698970004336019
CN(C)c1ccc(F)c(CCNC(=S)Nc2ccc(Cl)cn2)c1F,8.096910013008056
CN(C)c1ccc(F)c(CCNC(=S)Nc2ccc(Cl)cn2)c1F,5.721246399047171
CN(C)c1ccc(F)c(CCNC(=S)Nc2ccc(Cl)cn2)c1F,6.721246399047171
O=C1c2c(Cl)ccc(Cl)c2C(=O)N1CCNC(=S)Nc1ccc(Cl)cn1,8.698970004336019
O=C1c2c(Cl)ccc(Cl)c2C(=O)N1CCNC(=S)Nc1ccc(Cl)cn1,6.638272163982407
O=C1c2c(Cl)ccc(Cl)c2C(=O)N1CCNC(=S)Nc1ccc(Cl)cn1,8.0
Cc1cc(C)cc(Sc2c(C)cnc(O)c2N)c1,7.0
CCOC(=O)c1c(O)nc(C)c(CC)c1Sc1cc(C)cc(C)c1,6.221848749616356
CCOc1ccc(OCC)c(CCNC(=S)Nc2ccc(Br)cn2)c1,6.7447274948966935
CCOc1ccc(OCC)c(CCNC(=S)Nc2ccc(Br)cn2)c1,5.782516055786093
CCOc1ccc(OCC)c(CCNC(=S)Nc2ccc(Br)cn2)c1,6.150580586203101
CCOc1ccc(F)c(CC/N=C(\S)N[n+]2ccc(Cl)cn2)c1Cl,8.301029995663981
CCOc1ccc(F)c(CC/N=C(\S)N[n+]2ccc(Cl)cn2)c1Cl,6.113509274827518
CCOc1ccc(F)c(CC/N=C(\S)N[n+]2ccc(Cl)cn2)c1Cl,6.585026652029182
Cc1ccnc2c1NC(=O)c1cccnc1N2C1CC1,6.698970004336019
Cc1ccnc2c1NC(=O)c1cccnc1N2C1CC1,4.928117992693875
Cc1ccnc2c1NC(=O)c1cccnc1N2C1CC1,3.696803942579511
CCc1cc(NCc2nc3c(o2)CCCC3)c(O)nc1C,6.552841968657781
CCc1cc(NCc2cnc3ccccc3c2)c(O)nc1C,6.474955192963154
CCc1cc(NCc2nc3ccccc3s2)c(O)nc1C,6.455931955649724
CCc1cc(NCc2cccnc2)c(O)nc1C,3.5228787452803374
CCc1cc(NCc2nc3c(Cl)ccc(Cl)c3o2)c(O)nc1C,7.0
CCc1cc(NCc2nc3c(Cl)ccc(Cl)c3o2)c(O)nc1C,6.070581074285707
CCc1cc(NCc2nc3c(Cl)ccc(Cl)c3o2)c(O)nc1C,5.113509274827518
CCc1cc(NCc2nc3c(OC)cccc3o2)c(O)nc1C,6.7447274948966935
CCOc1ccc(F)c(CCNC(=S)Nc2ccc(Cl)cn2)c1Cl,8.221848749616356
CCOc1ccc(F)c(CCNC(=S)Nc2ccc(Cl)cn2)c1Cl,6.886056647693163
CCOc1ccc(F)c(CCNC(=S)Nc2ccc(Cl)cn2)c1Cl,7.522878745280337
C=Cc1cc(NCc2nc3c(Cl)ccc(Cl)c3o2)c(O)nc1C,7.638272163982407
Cc1nc(O)c(NCc2nc3ccccc3o2)cc1S(C)(=O)=O,5.939302159646388
CCc1cc(NCc2ccc3ccccc3c2)c(=O)n(C)c1C,4.958607314841775
CCOc1ccc(F)c(CCNC(=S)Nc2ccc(Br)cn2)c1Cl,7.920818753952375
CCOc1ccc(F)c(CCNC(=S)Nc2ccc(Br)cn2)c1Cl,6.721246399047171
CCOc1ccc(F)c(CCNC(=S)Nc2ccc(Br)cn2)c1Cl,7.301029995663981
CCc1cc(NCc2nc3cc4ccccc4cc3o2)c(O)nc1C,5.0
CCc1cc(NC(C)c2cc3ccccc3o2)c(O)nc1C,6.013228265733755
S=C(NCCc1c[nH]c2ccccc12)Nc1ccc(Br)cn1,7.522878745280337
S=C(NCCc1c[nH]c2ccccc12)Nc1ccc(Br)cn1,5.6020599913279625
S=C(NCCc1c[nH]c2ccccc12)Nc1ccc(Br)cn1,6.494850021680094
S=C(NCCn1nc2ccccc2n1)Nc1ccc(Br)cn1,8.522878745280337
S=C(NCCn1nc2ccccc2n1)Nc1ccc(Br)cn1,5.698970004336019
S=C(NCCn1nc2ccccc2n1)Nc1ccc(Br)cn1,7.0
Cc1cc2nn(CC/N=C(\S)Nc3ccc(Br)cn3)nc2cc1C,6.823908740944319
Cc1cc2nn(CC/N=C(\S)Nc3ccc(Br)cn3)nc2cc1C,5.6020599913279625
Cc1cc2nn(CC/N=C(\S)Nc3ccc(Br)cn3)nc2cc1C,7.0
CCc1cc(NCc2cccc3ccccc23)c(O)nc1C,5.6777807052660805
CCc1cc(N(CC)Cc2nc3c(Cl)ccc(Cl)c3o2)c(O)nc1C,6.184422251675732
Cc1c(Sc2ccccc2)n(COCc2ccccc2)c(=O)[nH]c1=O,6.3979400086720375
CCc1cc(NCC2CCCc3ccccc32)c(O)nc1C,5.022276394711152
CCc1cc(NCc2nc3c(C)cccc3o2)c(O)nc1C,6.920818753952375
Cc1nc(O)c(NCc2nc3c(Cl)ccc(Cl)c3o2)c2c1C2,6.94692155651658
CCc1cc(NCc2ccc3ccccc3c2)c(O)nc1C,6.337242168318426
CCOc1ccc(F)c(CCNC(=S)Nc2ccc(Br)cn2)c1F,8.397940008672037
CCOc1ccc(F)c(CCNC(=S)Nc2ccc(Br)cn2)c1F,6.769551078621726
CCOc1ccc(F)c(CCNC(=S)Nc2ccc(Br)cn2)c1F,7.698970004336019
COCc1ccc(F)c(CCNC(=S)Nc2ccc(Br)cn2)c1F,8.397940008672037
COCc1ccc(F)c(CCNC(=S)Nc2ccc(Br)cn2)c1F,6.142667503568732
COCc1ccc(F)c(CCNC(=S)Nc2ccc(Br)cn2)c1F,7.0
CCOc1ccc(F)c(CC/N=C(\S)Nc2nc(C(F)(F)F)cs2)c1Cl,7.327902142064283
CCOc1ccc(F)c(CC/N=C(\S)Nc2nc(C(F)(F)F)cs2)c1Cl,5.154901959985743
CCOc1ccc(F)c(CC/N=C(\S)Nc2nc(C(F)(F)F)cs2)c1Cl,5.154901959985743
Fc1ccoc1CC/N=C(\S)Nc1ccc(Cl)cn1,8.397940008672037
Fc1ccoc1CC/N=C(\S)Nc1ccc(Cl)cn1,6.638272163982407
Fc1ccoc1CC/N=C(\S)Nc1ccc(Cl)cn1,6.853871964321762
COc1ccc2[nH]cc(CC/N=C(\S)Nc3ccc(Br)cn3)c2c1,6.494850021680094
COc1ccc2[nH]cc(CC/N=C(\S)Nc3ccc(Br)cn3)c2c1,5.6020599913279625
COc1ccc2[nH]cc(CC/N=C(\S)Nc3ccc(Br)cn3)c2c1,5.6020599913279625
CC(=O)Nc1c(O)ncc(C)c1Sc1cc(C)cc(C)c1,5.3979400086720375
COc1ccc(F)c(CC/N=C(\S)Nc2ccc(Br)cn2)c1OC,8.154901959985743
COc1ccc(F)c(CC/N=C(\S)Nc2ccc(Br)cn2)c1OC,6.366531544420414
COc1ccc(F)c(CC/N=C(\S)Nc2ccc(Br)cn2)c1OC,7.070581074285707
C#C[C@]1(O)CC[C@H]2[C@H]3[C@H](CC[C@@]21C)C1=C(CC(=O)CC1)C[C@]3(C)Cl,6.698970004336019
C#C[C@]1(O)CC[C@H]2[C@H]3[C@H](CC[C@@]21C)C1=C(CC(=O)CC1)C[C@]3(C)Cl,4.492144128304169
C#C[C@]1(O)CC[C@H]2[C@H]3[C@H](CC[C@@]21C)C1=C(CC(=O)CC1)C[C@]3(C)Cl,4.886056647693163
CCc1cc(NCc2nc3c(C)ccc(C)c3o2)c(O)nc1C,7.698970004336019
CCOc1ccc(OC)c(CCNC(=S)Nc2ccc(Cl)cn2)c1F,8.301029995663981
CCOc1ccc(OC)c(CCNC(=S)Nc2ccc(Cl)cn2)c1F,6.795880017344075
CCOc1ccc(OC)c(CCNC(=S)Nc2ccc(Cl)cn2)c1F,7.468521082957745
CCc1cc(NCc2nc3ccccc3o2)c(O)nc1C,6.6777807052660805
CCc1cc(NCc2nc(O)c3ccccc3n2)c(O)nc1C,5.6020599913279625
CCc1cc(NCc2nc3ccc(F)cc3o2)c(O)nc1C,5.903089986991944
CCc1cc(NCc2nc3c(F)ccc(Cl)c3o2)c(O)nc1C,6.978810700930062
CCc1cc(NCc2cc3c(Cl)ccc(Cl)c3o2)c(O)nc1C,7.2441251443275085
COc1cc(NCc2nc3c(Cl)ccc(Cl)c3o2)c(O)nc1C,6.939302159646388
CN(C)c1ccc(CC/N=C(\S)Nc2ccc(Br)cn2)c(F)c1C#N,8.096910013008056
CN(C)c1ccc(CC/N=C(\S)Nc2ccc(Br)cn2)c(F)c1C#N,6.6777807052660805
CN(C)c1ccc(CC/N=C(\S)Nc2ccc(Br)cn2)c(F)c1C#N,6.958607314841775
Cn1cccc1CC/N=C(\S)Nc1ccc(Cl)cn1,7.045757490560675
Cn1cccc1CC/N=C(\S)Nc1ccc(Cl)cn1,5.568636235841013
Cn1cccc1CC/N=C(\S)Nc1ccc(Cl)cn1,5.853871964321762
CCc1cc(NCc2nc3cccc(CC)c3o2)c(O)nc1C,6.585026652029182
CCc1cc(NCc2nc3c(F)ccc(F)c3o2)c(O)nc1C,7.154901959985743
CCc1cc(NCc2cc3cccc(Cl)c3o2)c(O)nc1C,6.474955192963154
CCOc1ccc(F)c(CCNC(=S)Nc2ccc(C#N)cn2)c1Cl,8.301029995663981
CCOc1ccc(F)c(CCNC(=S)Nc2ccc(C#N)cn2)c1Cl,6.958607314841775
CCOc1ccc(F)c(CCNC(=S)Nc2ccc(C#N)cn2)c1Cl,7.522878745280337
Cc1c(Sc2ccccc2)n(COCCO)c(=O)[nH]c1=O,5.221848749616356
COc1ccc(OC)c(CCNC(=S)Nc2ccc(Cl)cn2)c1,8.301029995663981
COc1ccc(OC)c(CCNC(=S)Nc2ccc(Cl)cn2)c1,6.7447274948966935
COc1ccc(OC)c(CCNC(=S)Nc2ccc(Cl)cn2)c1,7.200659450546418
CCc1cc(NCc2nc3ccccc3[nH]2)c(O)nc1C,5.120330794367947
CCc1cc(NCc2cc3cnccc3o2)c(O)nc1C,4.490797477668897
CCc1cc(NCc2nc3ccc(C)cc3o2)c(O)nc1C,5.782516055786093
CCc1cc(NCc2nc3cccc(C)c3o2)c(O)nc1C,7.259637310505756
CSc1cc(NCc2nc3ccccc3o2)c(O)nc1C,6.721246399047171
CCc1cc(NCN2C(=O)c3ccccc3C2=O)c(O)nc1C,7.522878745280337
N#Cc1ccoc1CCNC(=S)Nc1ccc(Cl)cn1,7.221848749616356
N#Cc1ccoc1CCNC(=S)Nc1ccc(Cl)cn1,5.585026652029182
N#Cc1ccoc1CCNC(=S)Nc1ccc(Cl)cn1,5.585026652029182
Cc1cccc(Sc2c(C)cnc(O)c2[N+](=O)[O-])c1,5.0
COc1ccc(F)c(CC/N=C(\S)Nc2ccc(Cl)cn2)c1C#N,8.301029995663981
COc1ccc(F)c(CC/N=C(\S)Nc2ccc(Cl)cn2)c1C#N,5.958607314841775
COc1ccc(F)c(CC/N=C(\S)Nc2ccc(Cl)cn2)c1C#N,5.958607314841775
COc1ccc(F)c(F)c1CC/N=C(\S)Nc1ccc(Br)cn1,8.522878745280337
COc1ccc(F)c(F)c1CC/N=C(\S)Nc1ccc(Br)cn1,7.301029995663981
COc1ccc(F)c(F)c1CC/N=C(\S)Nc1ccc(Br)cn1,8.397940008672037
CCc1cc(NCc2nc3cc(C)ccc3o2)c(O)nc1C,5.903089986991944
CCc1cc(NCc2nc3c(F)cccc3o2)c(O)nc1C,6.958607314841775
CCc1cc(NCc2nc3c([N+](=O)[O-])cccc3o2)c(O)nc1C,4.610833915635467
Cc1cc(C)c(NCc2nc3c(Cl)ccc(Cl)c3o2)c(O)n1,5.54515513999149
S=C(NCCc1ccccn1)Nc1ccc(Br)cn1,7.823908740944319
S=C(NCCc1ccccn1)Nc1ccc(Br)cn1,6.366531544420414
S=C(NCCc1ccccn1)Nc1ccc(Br)cn1,5.6020599913279625
COc1ccc(F)c(CC/N=C(\S)Nc2ccc(C#N)cn2)c1C#N,8.522878745280337
COc1ccc(F)c(CC/N=C(\S)Nc2ccc(C#N)cn2)c1C#N,7.221848749616356
COc1ccc(F)c(CC/N=C(\S)Nc2ccc(C#N)cn2)c1C#N,7.301029995663981
CCc1cc(NCc2nc3c(ccc4ccccc43)o2)c(O)nc1C,5.568636235841013
CCc1cc(NCc2cc3ccccc3[nH]2)c(O)nc1C,5.356547323513812
CCc1cc(N(C)Cc2nc3c(Cl)ccc(Cl)c3o2)c(O)nc1C,7.236572006437063
Oc1nc2ccccc2cc1NCc1ccc2ccccc2c1,3.5228787452803374
CCc1cc(NCc2coc3ccccc3c2=O)c(O)nc1C,5.958607314841775
Cc1nc(O)c(NCc2nc3c(Cl)ccc(Cl)c3o2)cc1C(C)O,5.978810700930062
CCOC(=O)c1cc(NCc2nc3ccccc3o2)c(O)nc1C,5.756961951313706
N#Cc1ccc(F)c(CC/N=C(\S)Nc2ccc(Cl)cn2)c1F,8.045757490560675
N#Cc1ccc(F)c(CC/N=C(\S)Nc2ccc(Cl)cn2)c1F,6.3979400086720375
N#Cc1ccc(F)c(CC/N=C(\S)Nc2ccc(Cl)cn2)c1F,7.045757490560675
CCc1c(C)nc(O)c(N)c1Sc1cc(C)cc(C)c1,7.823908740944319
CCc1cc(NCc2cc3ccccc3s2)c(O)nc1C,6.301029995663981
CCc1cc(NCc2cc3ccncc3o2)c(O)nc1C,3.9788107009300617
CCc1cc(NCc2nc3cccc(Cl)c3o2)c(O)nc1C,7.187086643357144
CCc1cc(N(C)Cc2nc3c(C)ccc(C)c3o2)c(O)nc1C,6.987162775294828
CCc1cc(NCc2ccc3ccccc3c2)c(S)nc1C,6.522878745280337
CN(C)c1ccc(F)c(CCNC(=S)Nc2ccc(Br)cn2)c1F,8.154901959985743
CN(C)c1ccc(F)c(CCNC(=S)Nc2ccc(Br)cn2)c1F,5.721246399047171
CN(C)c1ccc(F)c(CCNC(=S)Nc2ccc(Br)cn2)c1F,6.769551078621726
CCc1cc(NCc2ccc3ccccc3n2)c(O)nc1C,6.275724130399211
CCc1cc(N(C)Cc2cc3c(Cl)ccc(Cl)c3o2)c(O)nc1C,5.978810700930062
CSc1cc(NCc2nc3c(Cl)ccc(Cl)c3o2)c(O)nc1C,7.366531544420414
CCOc1ccc(F)c(CCNC(=S)Nc2ccc(I)cn2)c1Cl,8.096910013008056
CCOc1ccc(F)c(CCNC(=S)Nc2ccc(I)cn2)c1Cl,6.376750709602099
CCOc1ccc(F)c(CCNC(=S)Nc2ccc(I)cn2)c1Cl,6.886056647693163
Cc1cc(C)cc(Sc2c(C)cnc(O)c2[N+](=O)[O-])c1,5.0
CCc1cc(NCc2ncc(-c3ccccc3)o2)c(O)nc1C,5.628932137728264
CCc1cc(NCc2ccco2)c(O)nc1C,4.5376020021010435
CCc1cc(NC(C)c2ccc3ccccc3c2)c(O)nc1C,5.94692155651658
CC(=O)c1cc(NCc2nc3c(Cl)ccc(Cl)c3o2)c(O)nc1C,6.522878745280337
Fc1cc(F)c(CC/N=C(\S)Nc2ccc(Cl)cn2)c(F)c1,8.698970004336019
Fc1cc(F)c(CC/N=C(\S)Nc2ccc(Cl)cn2)c(F)c1,6.0915149811213505
Fc1cc(F)c(CC/N=C(\S)Nc2ccc(Cl)cn2)c(F)c1,6.5376020021010435
CCc1cc(NCc2oc3ccccc3c2C)c(O)nc1C,5.709965388637482
CCOc1ccc(F)c(F)c1CCNC(=S)Nc1ccc(Br)cn1,8.301029995663981
CCOc1ccc(F)c(F)c1CCNC(=S)Nc1ccc(Br)cn1,7.698970004336019
CCOc1ccc(F)c(F)c1CCNC(=S)Nc1ccc(Br)cn1,8.0
CCc1cc(NCc2nc3cc(F)ccc3o2)c(O)nc1C,6.327902142064283
CCc1c(C)nc(O)c(NCc2nc3ccccc3o2)c1C,6.221848749616356
CCc1cc(NCc2cc3ccccc3o2)c(O)nc1C,6.481486060122113
CCc1cc(NCc2nc3c(Cl)ccc(Cl)c3o2)c(O)nc1C,7.721246399047171
COc1ccc(OC)c(CCNC(=S)Nc2ccc(Cl)cn2)c1F,9.0
COc1ccc(OC)c(CCNC(=S)Nc2ccc(Cl)cn2)c1F,7.096910013008056
COc1ccc(OC)c(CCNC(=S)Nc2ccc(Cl)cn2)c1F,7.267606240177032
COc1ccc(F)c(CC/N=C(\S)Nc2ccc(Br)cn2)c1C#N,9.0
COc1ccc(F)c(CC/N=C(\S)Nc2ccc(Br)cn2)c1C#N,7.301029995663981
COc1ccc(F)c(CC/N=C(\S)Nc2ccc(Br)cn2)c1C#N,7.301029995663981
CCc1cc(NCc2nc3cccc(F)c3o2)c(O)nc1C,7.036212172654444
CCCc1cc(NCN2C(=O)c3ccccc3C2=O)c(O)nc1C,7.236572006437063
CCC(/N=C(\S)Nc1nccs1)c1ccccc1,5.6777807052660805
CCC(/N=C(\S)Nc1nccs1)c1ccccc1,5.823908740944319
CCC1=C(C)NC(OC)C(CCCN2C(=O)c3ccccc3C2=O)=C1,3.5228787452803374
Cc1ccc(C(OCCn2c([N+](=O)[O-])cnc2C)c2ccccc2)cc1,5.6777807052660805
CC(C)Nc1cccnc1N1CCN(C(=O)c2cc3cc(NS(C)(=O)=O)ccc3[nH]2)CC1.CS(=O)(=O)O,4.301029995663981
CC(C)Nc1cccnc1N1CCN(C(=O)c2cc3cc(NS(C)(=O)=O)ccc3[nH]2)CC1.CS(=O)(=O)O,4.0
O=C1c2ccccc2C(=O)N1CCc1cccnc1O,3.5228787452803374
S=C(NCCCn1ccnc1)Nc1nccs1,4.0
S=C(NCCCn1ccnc1)Nc1nccs1,4.0
S=C(NCCc1cccs1)Nc1ccc(Br)cn1,7.318758762624412
S=C(NCCc1cccs1)Nc1ccc(Br)cn1,5.481486060122113
CCc1cc(NCCN2C(=O)c3ccccc3C2=O)c(O)nc1C,4.346787486224656
CCc1cc(NCCCN2C(=O)c3ccccc3C2=O)c(O)nc1C,3.721246399047171
Cc1ccc(NCN2C(=O)c3ccccc3C2=O)c(O)n1,5.0915149811213505
CC1CN([C@H]2C[C@H](N=[N+]=[N-])[C@@H](COCP(=O)(O)OP(=O)(O)OP(=O)([O-])O)O2)C(=O)NC1=O.[Na+],3.492144128304169
CCC1=C(C)NC(OC)C(C(=O)CN2C(=O)c3ccccc3C2=O)=C1,3.5228787452803374
CCc1cc(C(=O)CN2C(=O)c3ccccc3C2=O)c(O)nc1C,3.5228787452803374
CCc1cc(/C=C/N2C(=O)c3ccccc3C2=O)c(O)nc1C,4.267606240177032
CCC1=C(C)NC(OC)C(CCN2C(=O)c3ccccc3C2=O)=C1,5.207608310501746
S=C(NCCOc1ccccc1)Nc1nccs1,5.356547323513812
S=C(NCCOc1ccccc1)Nc1nccs1,4.0
O=C1c2ccccc2C(=O)N1CNc1cccnc1O,5.779891911959945
CCc1cc(CCN2C(=O)c3ccccc3C2=O)c(O)nc1C,5.431798275933005
CCc1cc(C(O)CN2C(=O)c3ccccc3C2=O)c(O)nc1C,3.5228787452803374
S=C(NCCc1cccs1)Nc1nccs1,4.0
Oc1ccc(CC/N=C(\S)Nc2ccc(Br)cn2)cc1,7.154901959985743
Oc1ccc(CC/N=C(\S)Nc2ccc(Br)cn2)cc1,4.0
CCc1cc(CCCN2C(=O)c3ccccc3C2=O)c(O)nc1C,3.677780705266081
Cc1ncc([N+](=O)[O-])n1CCOC(c1ccccc1)c1ccc(C(C)(C)C)cc1,5.823908740944319
Cc1ncc([N+](=O)[O-])n1CCOC(c1ccccc1)c1ccccc1,7.301029995663981
C=C1C(=O)NC(=O)N([C@H]2C[C@H](N=[N+]=[N-])[C@@H](COCP(=O)(O)OP(=O)(O)OP(=O)(O)O)O2)C1C,5.102372908709558
CCc1cc(NCN2C(=O)c3ccccc3C2=O)c(O)nc1C,7.522878745280337
CCc1cc(CN2C(=O)c3ccccc3C2=O)c(O)nc1C,4.576754126063192
CCC1=C(C)NC(OC)C(C(O)CN2C(=O)c3ccccc3C2=O)=C1,3.5228787452803374
S=C(NCCC1=CCCCC1)Nc1nccs1,6.045757490560675
S=C(NCCC1=CCCCC1)Nc1nccs1,4.0
Cc1ncc([N+](=O)[O-])n1CCOC(c1ccccc1)c1ccc(Cl)cc1Cl,5.853871964321762
CCCCc1cc(NCN2C(=O)c3ccccc3C2=O)c(O)nc1C,6.892790030352131
C=C1C(C)C(=O)NC(=O)N1[C@H]1C[C@H](N=[N+]=[N-])[C@@H](COCP(=O)(O)OP(=O)(O)OP(=O)(O)O)O1,5.337242168318426
Cc1cc(NCN2C(=O)c3ccccc3C2=O)c(O)nc1C,6.661543506395395
O=C1c2ccccc2C(=O)N1CNc1cc2c(nc1O)CCCC2,5.431798275933005
S=C(NCc1ccco1)Nc1nccs1,5.698970004336019
S=C(NCc1ccco1)Nc1nccs1,6.221848749616356
S=C(NCCc1c[nH]c2ccccc12)Nc1nccs1,5.657577319177793
S=C(NCCc1c[nH]c2ccccc12)Nc1nccs1,5.431798275933005
Cc1ccnc2c1NC(=O)c1cccnc1N2C1CC1,4.0
Cc1ccnc2c1NC(=O)c1cccnc1N2C1CC1,4.0
CCc1nc(O)c(NCN2C(=O)c3ccccc3C2=O)cc1C,6.052076380168273
CCC1=C(C)NC(OC)C(CN2C(=O)c3ccccc3C2=O)=C1,4.795880017344075
Cc1ncc([N+](=O)[O-])n1CCOC(c1ccccc1)c1ccc(F)cc1,5.638272163982407
Cc1ccc(CC/N=C(\S)Nc2nccs2)cc1,5.4089353929735005
Cc1ccc(CC/N=C(\S)Nc2nccs2)cc1,4.0
S=C(NCC12CC3CC(CC(C3)C1)C2)Nc1nccs1,6.221848749616356
S=C(NCC12CC3CC(CC(C3)C1)C2)Nc1nccs1,5.886056647693163
COC(=O)CCCC=C(c1cc(Cl)c(OC)c(C(=O)OC)c1)c1cc(Cl)c(OC)c(C(=O)OC)c1,6.522878745280337
CCC1(c2ccc3ccccc3c2)Oc2ccccc2-n2cccc2C1=O,6.301029995663981
COC(=O)CCCC=C(c1cc(Cl)c(OC)c(C(=O)OC)c1)c1cc(Cl)c(OC)c(C(=O)OC)c1,6.522878745280337
COC(=O)CCCC=C(c1cc(Cl)c(OC)c(C(=O)OC)c1)c1cc(Cl)c(OC)c(C(=O)OC)c1,5.721246399047171
CCC1(c2ccccc2)Sc2c(Cl)cccc2-n2cccc2C1=O,3.3010299956639813
COC(=O)c1cc(C(=CCCCCBr)c2cc(Cl)c(OC)c(C(=O)OC)c2)cc(Cl)c1OC,4.958607314841775
COC(=O)c1cc(C(=CCCCCBr)c2cc(Cl)c(OC)c(C(=O)OC)c2)cc(Cl)c1OC,5.721246399047171
CCC1(c2ccccc2)C(=O)c2cccn2-c2ccccc2[S+]1[O-],3.3010299956639813
COC(=O)c1cc(C(=CCC2OCCO2)c2cc(Cl)c(OC)c(C(=O)OC)c2)cc(Cl)c1OC,5.494850021680094
COC(=O)c1cc(C(=CCC2OCCO2)c2cc(Cl)c(OC)c(C(=O)OC)c2)cc(Cl)c1OC,4.688246138944246
CCC1(c2ccccc2)Oc2cc3ccccc3cc2-n2cccc2C1=O,3.8239087409443187
COC(=O)c1cc(C(=CCCCC=O)c2cc(Cl)c(OC)c(C(=O)OC)c2)cc(Cl)c1OC,5.309803919971486
COC(=O)c1cc(C(=CCCCC=O)c2cc(Cl)c(OC)c(C(=O)OC)c2)cc(Cl)c1OC,5.376750709602099
CCC1(c2ccccc2)Sc2ccc(C)cc2-n2cccc2C1=O,3.221848749616356
CCCC1(CC)Oc2ccccc2-n2cccc2C1=O,5.0
CCC1(c2ccccc2)Oc2ccccc2-n2cccc2C1=O,6.6020599913279625
CC(C)Nc1cccnc1N1CCN(C(=O)c2cc3cc(NS(C)(=O)=O)ccc3[nH]2)CC1,5.823908740944319
O=C1c2cccn2-c2ccccc2OC1c1ccc2ccccc2c1,3.5228787452803374
COC(=O)CC=C(c1cc(Cl)c(OC)c(C(=O)OC)c1)c1cc(Cl)c(OC)c(C(=O)OC)c1,5.657577319177793
COC(=O)CC=C(c1cc(Cl)c(OC)c(C(=O)OC)c1)c1cc(Cl)c(OC)c(C(=O)OC)c1,4.0
CC1(C)C2CC(C/N=C(\S)Nc3ccc(Br)cn3)CC1C2,4.0
CCCC1(c2ccccc2)Oc2ccccc2-n2cccc2C1=O,3.3010299956639813
C=CCC1(CC)Oc2ccccc2-n2cccc2C1=O,5.301029995663981
O=C1c2cccn2-c2ccccc2OC1(CC1CC1)c1ccccc1,3.3010299956639813
Cc1cn([C@H]2C[C@H](N=[N+]=[N-])[C@@H](COP(=O)(O)OP(=O)(O)OP(=O)(O)O)O2)c(=O)[nH]c1=O,7.657577319177793
O=C1c2cccn2-c2cc3ccccc3cc2OC1c1ccccc1,3.5228787452803374
CCC(=O)CCCC=C(c1cc(Cl)c(OC)c(C(=O)OC)c1)c1cc(Cl)c(OC)c(C(=O)OC)c1,6.0
COC(=O)CCCC=C(c1cc(Br)c(OC)c(C(=O)OC)c1)c1cc(Br)c(OC)c(C(=O)OC)c1,6.522878745280337
COC(=O)CCCC=C(c1cc(Br)c(OC)c(C(=O)OC)c1)c1cc(Br)c(OC)c(C(=O)OC)c1,6.0
Cc1cn([C@H]2C[C@H](N=[N+]=[N-])[C@@H](COP(=O)(O)OP(=O)(O)OP(=O)(O)O)O2)c(=O)[nH]c1=O,7.366531544420414
CCNC(=O)OCCCCC=C(c1cc(Cl)c(OC)c(C(=O)OC)c1)c1cc(Cl)c(OC)c(C(=O)OC)c1,5.494850021680094
CCNC(=O)OCCCCC=C(c1cc(Cl)c(OC)c(C(=O)OC)c1)c1cc(Cl)c(OC)c(C(=O)OC)c1,5.920818753952375
S=C(NCCc1ccccn1)Nc1ccc(Br)cn1,6.096910013008056
CCC1(c2ccccc2)C(=O)c2cccn2-c2ccccc2S1(=O)=O,3.5228787452803374
O=C1c2cccn2-c2ccccc2OC1c1ccccc1,3.5228787452803374
CCC1(CCC/C=C(\c2cc(Cl)c(OC)c(C=O)c2)c2cc(Cl)c(OC)c(CO)c2)OCCO1,4.5003129173815966
S=C(NCCC1=CCCCC1)Nc1ccc(Br)cn1,6.3979400086720375
S=C(NCC12CC3CC(CC(C3)C1)C2)Nc1ccc(Br)cn1,4.0
Cc1ccnc2c1NC(=O)c1cccnc1N2C1CC1,4.638272163982407
Cc1cn(C2CC(N=[N+]=[N-])C(COP(=O)(O)CCCP(=O)(O)O)O2)c(=O)[nH]c1=O,4.4089353929735005
CC(C)=CCC1(c2ccccc2)Oc2ccccc2-n2cccc2C1=O,3.3010299956639813
COC(=O)CCCCC(c1cc(Cl)c(OC)c(C(=O)OC)c1)c1cc(Cl)c(OC)c(C(=O)OC)c1,4.0
C=CCC1(c2ccccc2)Oc2ccccc2-n2cccc2C1=O,4.6020599913279625
COC(=O)CCCCC=C(c1cc(Cl)c(OC)c(C(=O)OC)c1)c1cc(Cl)c(OC)c(C(=O)OC)c1,6.327902142064283
COC(=O)CCCCC=C(c1cc(Cl)c(OC)c(C(=O)OC)c1)c1cc(Cl)c(OC)c(C(=O)OC)c1,5.474955192963154
Cc1cn(C2CC(N=[N+]=[N-])C(COP(=O)(O)OP(=O)(O)CP(=O)(O)O)O2)c(=O)[nH]c1=O,5.158015195409886
CCC1(c2ccccc2)Sc2cccc(Cl)c2-n2cccc2C1=O,3.221848749616356
CC1(c2ccccc2)Oc2ccccc2-n2cccc2C1=O,5.0
COC(=O)c1cc(C(=CCCCCCl)c2cc(Cl)c(OC)c(C(=O)OC)c2)cc(Cl)c1OC,4.154901959985743
COC(=O)CCC=C(c1cc(Cl)c(OC)c(C(=O)OC)c1)c1cc(Cl)c(OC)c(C(=O)OC)c1,5.142667503568732
COC(=O)CCC=C(c1cc(Cl)c(OC)c(C(=O)OC)c1)c1cc(Cl)c(OC)c(C(=O)OC)c1,4.0
CCC1(CCCC=C(c2cc(Cl)c(OC)c(CO)c2)c2cc(Cl)c(OC)c(CO)c2)OCCO1,5.494850021680094
CCC1(CCCC=C(c2cc(Cl)c(OC)c(CO)c2)c2cc(Cl)c(OC)c(CO)c2)OCCO1,4.5003129173815966
CCCCCC=C(c1cc(F)c(OC)c(C(=O)OC)c1)c1cc(F)c(OC)c(C(=O)OC)c1,5.0
Cc1cn(C2CC(N=[N+]=[N-])C(COP(=O)(O)CP(=O)(O)CP(=O)(O)O)O2)c(=O)[nH]c1=O,4.318758762624412
FC(F)(F)c1ccc(/N=C(\S)NCCC2=CCCCC2)nc1,5.3979400086720375
S=C(NCCC1=CCCCC1)Nc1ccc(Cl)cn1,6.301029995663981
CCOCn1c(Cc2ccccc2)c(C(C)C)c(=O)[nH]c1=O,6.096910013008056
CC1(c2ccccc2)Sc2ccccc2-n2cccc2C1=O,5.301029995663981
CCC1(c2ccccc2)Sc2ccccc2-n2cccc2C1=O,4.823908740944319
Cc1cn([C@H]2C=C[C@@H](COP(=O)([O-])OP(=O)([O-])OP(=O)([O-])[O-])O2)c(=O)[nH]c1=O.[Na+].[Na+].[Na+].[Na+],7.096910013008056
O=C1c2cccn2-c2ccccc2SC1c1ccccc1,4.0
CCc1cc(NCc2nc3c(Cl)ccc(Cl)c3o2)c(O)nc1C,6.823908740944319
Cc1ccnc2c1NC(=O)c1cccnc1N2C1CC1,6.301029995663981
Cc1cn([C@H]2C=C[C@]3(COP(=O)([O-])OP(=O)([O-])OP(=O)([O-])[O-])C[C@H]23)c(=O)[nH]c1=O.[Na+].[Na+].[Na+].[Na+],6.187086643357144
CCC1Oc2ccccc2-n2cccc2C1=O,4.0
Cc1cn(C2CC(N=[N+]=[N-])C(COP(=O)(O)OP(=O)(O)C(F)(F)P(=O)(O)O)O2)c(=O)[nH]c1=O,6.2076083105017466
COC(=O)c1cc(C(=CCCCCN=[N+]=[N-])c2cc(Cl)c(OC)c(C(=O)OC)c2)cc(Cl)c1OC,5.886056647693163
COC(=O)c1cc(C(=CCCCCN=[N+]=[N-])c2cc(Cl)c(OC)c(C(=O)OC)c2)cc(Cl)c1OC,6.096910013008056
CCCCCCC(=O)NC1=NN(C)c2ncnc3c2c1cn3C1O[C@H](CO)[C@@H](O)[C@H]1O,7.455931955649724
O=C(CCCCC(=O)Nc1ccc(Cl)cc1C(=O)O)Nc1ccc(Cl)cc1C(=O)O,5.060480747381382
O=C(CCCCC(=O)Nc1ccc(Cl)cc1C(=O)O)Nc1ccc(Cl)cc1C(=O)O,5.7447274948966935
O=C(CCCCC(=O)Nc1ccc(C(F)(F)F)cc1C(=O)O)Nc1ccc(C(F)(F)F)cc1C(=O)O,4.920818753952375
O=C(CCCCC(=O)Nc1ccc(C(F)(F)F)cc1C(=O)O)Nc1ccc(C(F)(F)F)cc1C(=O)O,5.080921907623926
Cc1ccc(NC(=O)CCCCC(=O)Nc2ccc(C)cc2C(=O)O)c(C(=O)O)c1,4.853871964321762
Cc1ccc(NC(=O)CCCCC(=O)Nc2ccc(C)cc2C(=O)O)c(C(=O)O)c1,5.036212172654444
CC(C)C(=O)NC1=NN(C)c2ncnc3c2c1cn3C1O[C@H](CO)[C@@H](O)[C@H]1O,5.096910013008056
Cc1cn([C@@H]2O[C@H](CO[Si](C)(C)C(C)(C)C)[C@@H](O)[C@H]2O[Si](C)(C)C(C)(C)C)c(=O)n(CC(=O)O)c1=O,3.8601209135987635
Cc1cn([C@@H]2O[C@H](CO[Si](C)(C)C(C)(C)C)[C@@H](O)[C@H]2O[Si](C)(C)C(C)(C)C)c(=O)n(CC(=O)O)c1=O,3.8013429130455774
CN1N=C(NC(=O)c2ccccc2)c2cn(C3O[C@H](CO)[C@@H](O)[C@H]3O)c3ncnc1c23,4.0
CCCCC(=O)NC1=NN(C)c2ncnc3c2c1cn3C1O[C@H](CO)[C@@H](O)[C@H]1O,6.096910013008056
CCCCCC(=O)NC1=NN(C)c2ncnc3c2c1cn3C1O[C@H](CO)[C@@H](O)[C@H]1O,6.455931955649724
CN1N=C(NC(=O)C(C)(C)C)c2cn(C3O[C@H](CO)[C@@H](O)[C@H]3O)c3ncnc1c23,4.0
CN1N=C(N)c2cn([C@@H]3O[C@H](COP(=O)(O)O)[C@@H](O)[C@H]3O)c3ncnc1c23,7.3979400086720375
O=C(CCCC(=O)Nc1ccc(Cl)cc1C(=O)O)Nc1ccc(Cl)cc1C(=O)O,5.060480747381382
O=C(CCCC(=O)Nc1ccc(Cl)cc1C(=O)O)Nc1ccc(Cl)cc1C(=O)O,5.017728766960431
O=C(Nc1ccc(Br)cc1C(=O)O)c1cccc(C(=O)Nc2ccc(Br)cc2C(=O)O)c1,4.721246399047171
O=C(Nc1ccc(Br)cc1C(=O)O)c1cccc(C(=O)Nc2ccc(Br)cc2C(=O)O)c1,4.853871964321762
O=C(Nc1ccc(Br)cc1C(=O)O)c1ccnc(C(=O)Nc2ccc(Br)cc2C(=O)O)c1,4.180456064458132
O=C(Nc1ccc(Br)cc1C(=O)O)c1ccnc(C(=O)Nc2ccc(Br)cc2C(=O)O)c1,4.769551078621726
O=C(CCCCCC(=O)Nc1ccc(Cl)cc1C(=O)O)Nc1ccc(Cl)cc1C(=O)O,5.045757490560675
O=C(CCCCCC(=O)Nc1ccc(Cl)cc1C(=O)O)Nc1ccc(Cl)cc1C(=O)O,5.585026652029182
CSc1ccc(NC(=O)CCCCC(=O)Nc2ccc(SC)cc2C(=O)O)c(C(=O)O)c1,4.721246399047171
CSc1ccc(NC(=O)CCCCC(=O)Nc2ccc(SC)cc2C(=O)O)c(C(=O)O)c1,5.161150909262744
CCCCCCCC(=O)NC1=NN(C)c2ncnc3c2c1cn3C1O[C@H](CO)[C@@H](O)[C@H]1O,7.0
CC(=O)Nc1ccc(NC(=O)CCCCC(=O)Nc2ccc(NC(C)=O)cc2C(=O)O)c(C(=O)O)c1,4.0
CC(=O)Nc1ccc(NC(=O)CCCCC(=O)Nc2ccc(NC(C)=O)cc2C(=O)O)c(C(=O)O)c1,4.0
CCC(=O)NC1=NN(C)c2ncnc3c2c1cn3C1O[C@H](CO)[C@@H](O)[C@H]1O,5.075720713938118
O=C(CCCCC(=O)Nc1ccccc1C(=O)O)Nc1ccccc1C(=O)O,4.6777807052660805
O=C(CCCCC(=O)Nc1ccccc1C(=O)O)Nc1ccccc1C(=O)O,5.045757490560675
Cc1cn(C2OC(CO[Si](C)(C)C(C)(C)C)CC2O[Si](C)(C)C(C)(C)C)c(=O)n(CC(=O)O)c1=O,4.471083299722345
Cc1cn(C2OC(CO[Si](C)(C)C(C)(C)C)CC2O[Si](C)(C)C(C)(C)C)c(=O)n(CC(=O)O)c1=O,4.324221658325915
CN1N=C(N)c2cn([C@@H]3O[C@H](CO)[C@@H](O)[C@H]3O)c3ncnc1c23,7.3979400086720375
CCCC(=O)NC1=NN(C)c2ncnc3c2c1cn3C1O[C@H](CO)[C@@H](O)[C@H]1O,6.301029995663981
O=C(CCCCC(=O)Nc1ccc(Br)cc1C(=O)O)Nc1ccc(Br)cc1C(=O)O,5.508638306165727
O=C(CCCCC(=O)Nc1ccc(Br)cc1C(=O)O)Nc1ccc(Br)cc1C(=O)O,5.769551078621726
O=C(CCCCC(=O)Nc1ccc(F)cc1C(=O)O)Nc1ccc(F)cc1C(=O)O,3.9208187539523753
O=C(CCCCC(=O)Nc1ccc(F)cc1C(=O)O)Nc1ccc(F)cc1C(=O)O,3.9208187539523753
O=C(Nc1ccc(Br)cc1C(=O)O)c1ccc(C(=O)Nc2ccc(Br)cc2C(=O)O)nc1,4.455931955649724
O=C(Nc1ccc(Br)cc1C(=O)O)c1ccc(C(=O)Nc2ccc(Br)cc2C(=O)O)nc1,5.259637310505756
CCCCCCCCC(=O)NC1=NN(C)c2ncnc3c2c1cn3C1O[C@H](CO)[C@@H](O)[C@H]1O,6.096910013008056
CCCCCCCCCC(=O)NC1=NN(C)c2ncnc3c2c1cn3C1O[C@H](CO)[C@@H](O)[C@H]1O,6.6020599913279625
N#Cc1ccc(NC(=O)CCCCC(=O)Nc2ccc(C#N)cc2C(=O)O)c(C(=O)O)c1,4.0
N#Cc1ccc(NC(=O)CCCCC(=O)Nc2ccc(C#N)cc2C(=O)O)c(C(=O)O)c1,4.0
CCCCCCCCCCCC(=O)NC1=NN(C)c2ncnc3c2c1cn3C1O[C@H](CO)[C@@H](O)[C@H]1O,6.0
COc1ccc(NC(=O)CCCCC(=O)Nc2ccc(OC)cc2C(=O)O)c(C(=O)O)c1,4.97469413473523
COc1ccc(NC(=O)CCCCC(=O)Nc2ccc(OC)cc2C(=O)O)c(C(=O)O)c1,5.366531544420414
O=C(CCCCC(=O)Nc1ccc(O)cc1C(=O)O)Nc1ccc(O)cc1C(=O)O,3.9208187539523753
O=C(CCCCC(=O)Nc1ccc(O)cc1C(=O)O)Nc1ccc(O)cc1C(=O)O,5.173925197299174
O=C(CCCCCCC(=O)Nc1ccc(Br)cc1C(=O)O)Nc1ccc(Br)cc1C(=O)O,4.7447274948966935
O=C(CCCCCCC(=O)Nc1ccc(Br)cc1C(=O)O)Nc1ccc(Br)cc1C(=O)O,5.130768280269024
CC(=O)NC1=NN(C)c2ncnc3c2c1cn3C1O[C@H](CO)[C@@H](O)[C@H]1O,5.167491087293763
O=C(CCCCC(=O)Nc1ccc(Br)cc1C(=O)O)Nc1ccc(Br)cc1,4.823908740944319
O=C(CCCCC(=O)Nc1ccc(Br)cc1C(=O)O)Nc1ccc(Br)cc1,4.494850021680094
Cc1cn([C@@H]2O[C@H](CO[Si](C)(C)C(C)(C)C)[C@@H](O[Si](C)(C)C(C)(C)C)[C@H]2O)c(=O)n(CC(=O)O)c1=O,3.684029654543082
Cc1cn([C@@H]2O[C@H](CO[Si](C)(C)C(C)(C)C)[C@@H](O[Si](C)(C)C(C)(C)C)[C@H]2O)c(=O)n(CC(=O)O)c1=O,3.474955192963155
O=C(Cc1cccc(C(=O)Nc2ccc(Br)cc2C(=O)O)c1)Nc1ccc(Br)cc1C(=O)O,4.823908740944319
O=C(Cc1cccc(C(=O)Nc2ccc(Br)cc2C(=O)O)c1)Nc1ccc(Br)cc1C(=O)O,4.6777807052660805
Cc1cn([C@@H]2O[C@H](CO[Si](C)(C)C(C)(C)C)C3(OS(=O)(=O)C=C3N)[C@H]2O[Si](C)(C)C(C)(C)C)c(=O)[nH]c1=O,5.443697499232712
Cc1cn([C@@H]2O[C@H](CO[Si](C)(C)C(C)(C)C)C3(OS(=O)(=O)C=C3N)[C@H]2O[Si](C)(C)C(C)(C)C)c(=O)[nH]c1=O,3.3010299956639813
O=C(CCCC(=O)Nc1ccc(Br)cc1C(=O)O)Nc1ccc(Br)cc1C(=O)O,5.136677139879544
O=C(CCCC(=O)Nc1ccc(Br)cc1C(=O)O)Nc1ccc(Br)cc1C(=O)O,5.0
O=C(CCCCCC(=O)Nc1ccc(Br)cc1C(=O)O)Nc1ccc(Br)cc1C(=O)O,5.327902142064283
O=C(CCCCCC(=O)Nc1ccc(Br)cc1C(=O)O)Nc1ccc(Br)cc1C(=O)O,5.42021640338319
O=C(CCCCC(=O)Nc1ccc(I)cc1C(=O)O)Nc1ccc(I)cc1C(=O)O,5.070581074285707
O=C(CCCCC(=O)Nc1ccc(I)cc1C(=O)O)Nc1ccc(I)cc1C(=O)O,5.3872161432802645
COc1ccc2cc(C(=O)N3CCN(c4ncccc4NC(C)C)CC3)[nH]c2c1,5.886056647693163
O=C1Nc2ccc(Cl)cc2C(C#Cc2ccccc2[N+](=O)[O-])(C2CC2)N1,7.892790030352131
N#Cc1ccccc1C#CC1(C2CC2)NC(=O)Nc2ccc(Cl)cc21,7.966576244513051
CCc1cc(NCc2nc3c(Cl)ccc(Cl)c3o2)c(O)nc1C,7.721246399047171
CC(C)Nc1cccnc1N1CCN(C(=O)c2cc3ccc(F)cc3[nH]2)CC1,5.356547323513812
O=C1Nc2ccc(Cl)cc2C(C#Cc2nccs2)(C2CC2)N1,7.962573502059376
Cc1ccc(C(=O)CSc2nc(O)c(C(C)C)c(Cc3cccc4ccccc34)n2)c(C)c1,6.619788758288394
Cc1ccc(C(=O)CSc2nc(O)c(C(C)C)c(Cc3cccc4ccccc34)n2)c(C)c1,5.573488738635425
Cc1c(O)nc(SCC(=O)c2ccc(F)cc2)nc1Cc1cccc2ccccc12,6.7447274948966935
Cc1c(O)nc(SCC(=O)c2ccc(F)cc2)nc1Cc1cccc2ccccc12,3.560667306169737
CCN1c2ncc(CSc3cc(C)nc(C)c3)cc2C(=O)Nc2c(C)ccnc21,8.3767507096021
CC(C)Nc1cccnc1N1CCN(C(=O)c2cc3cc(NS(C)(=O)=O)ccc3[nH]2)CC1,5.958607314841775
CC(C)Nc1cccnc1N1CCN(C(=O)c2cc3cc(N(C)S(C)(=O)=O)ccc3[nH]2)CC1,5.251811972993799
CC(C)=CCN1Cc2cccc3nc(S)n(c23)C[C@H]1C,7.154901959985743
CC(C)c1c(O)nc(SCC(=O)c2ccc(F)cc2)nc1Cc1cccc2ccccc12,7.107905397309519
CC(C)c1c(O)nc(SCC(=O)c2ccc(F)cc2)nc1Cc1cccc2ccccc12,3.72584215073632
CCOC(=O)CSc1nc(O)c(C)c(Cc2cccc3ccccc23)n1,5.154901959985743
CCOC(=O)CSc1nc(O)c(C)c(Cc2cccc3ccccc23)n1,3.4989407377822483
O=C1Nc2ccc(Cl)cc2C(C#Cc2cnccn2)(C2CC2)N1,6.568636235841013
CC(C)Nc1cccnc1N1CCN(C(=O)c2cc3cc(OS(C)(=O)=O)ccc3[nH]2)CC1,5.259637310505756
O=C1Nc2ccc(Cl)cc2C(C#Cc2ccco2)(C2CC2)N1,8.036212172654444
CCc1c(O)nc(SCC(=O)c2ccc(Cl)cc2)nc1Cc1cccc2ccccc12,6.585026652029182
CCc1c(O)nc(SCC(=O)c2ccc(Cl)cc2)nc1Cc1cccc2ccccc12,4.251811972993799
COc1ccc(C(=O)CSc2nc(Cc3cccc4ccccc34)c(C(C)C)c(=O)[nH]2)cc1,7.522878745280337
COc1ccc(C(=O)CSc2nc(Cc3cccc4ccccc34)c(C(C)C)c(=O)[nH]2)cc1,5.235077015350112
CCN1c2ncc(CSc3cc(C)nc(C)c3)cc2C(=O)Nc2c(C)cc(Cl)nc21,8.154901959985743
CC(C)Nc1cccnc1N1CCN(C(=O)c2cc3ccc(OS(C)(=O)=O)cc3[nH]2)CC1,5.657577319177793
CC(C)Nc1cccnc1N1CCN(C(=O)c2cc3ccc(C=O)cc3[nH]2)CC1,5.853871964321762
O=C1Nc2ccc(Cl)cc2C(C#Cc2cncnc2)(C2CC2)N1,5.823908740944319
O=C1Nc2ccc(Cl)cc2C(C#Cc2cccnc2)(C2CC2)N1,7.1904402853647325
CCN1c2ncc(CSc3cc(C)nc(C)c3)cc2C(=O)Nc2c(C)cc(F)nc21,8.161150909262744
CC(=O)Nc1ccc2[nH]c(C(=O)N3CCN(c4ncccc4NC(C)C)CC3)cc2c1,5.7447274948966935
Cc1cc(SCc2cnc3c(c2)C(=O)Nc2c(C)cc(Cl)nc2N3C2CC2)cc(C)n1,7.920818753952375
CC(C)Nc1cccnc1N1CCN(C(=O)c2cc3cc(NC(=O)C(F)(F)F)ccc3[nH]2)CC1,4.568636235841013
Cc1ccnc2c1NC(=O)c1cccnc1N2C1CC1,6.6020599913279625
CC(C)Nc1cccnc1N1CCN(C(=O)c2cc3ccc(NS(C)(=O)=O)cc3[nH]2)CC1,6.301029995663981
O=C1Nc2ccc(Cl)cc2C(C#Cc2ccccc2)(C2CC2)N1,7.752026733638194
CCc1c(O)nc(SCC(=O)c2ccc(F)cc2)nc1Cc1cccc2ccccc12,7.107905397309519
CCc1c(O)nc(SCC(=O)c2ccc(F)cc2)nc1Cc1cccc2ccccc12,4.616184634019569
O=c1[nH]cnc2c1ncn2[C@H]1CC[C@@H](CO)O1,5.270025714300444
O=c1[nH]cnc2c1ncn2[C@H]1CC[C@@H](CO)O1,5.145693958198919
O=C1Nc2ccc(Cl)cc2[C@@](C#CC2CC2)(C(F)(F)F)O1,8.397940008672037
Cc1c(O)nc(SCC(=O)c2ccc(Cl)cc2)nc1Cc1cccc2ccccc12,6.259637310505756
Cc1c(O)nc(SCC(=O)c2ccc(Cl)cc2)nc1Cc1cccc2ccccc12,3.703334809738469
Cc1c(Sc2ccccc2)n(COCCO)c(=O)[nH]c1=O,5.295849483160201
Cc1c(Sc2ccccc2)n(COCCO)c(=O)[nH]c1=O,3.3925449767853313
CC(C)c1c(O)nc(SCC(=O)c2ccccc2)nc1Cc1cccc2ccccc12,7.337242168318426
CC(C)c1c(O)nc(SCC(=O)c2ccccc2)nc1Cc1cccc2ccccc12,4.707743928643524
COc1ccc(C(=O)CSc2nc(O)c(C)c(Cc3cccc4ccccc34)n2)cc1,6.431798275933005
COc1ccc(C(=O)CSc2nc(O)c(C)c(Cc3cccc4ccccc34)n2)cc1,3.537602002101044
CC(C)Nc1cccnc1N1CCN(C(=O)c2cc3cc(O)ccc3[nH]2)CC1,5.886056647693163
CCNc1cccnc1N1CCN(C(=O)c2cc3cc(O)ccc3[nH]2)CC1,5.698970004336019
CC(C)Nc1cccnc1N1CCN(C(=O)c2cc3ccc(C#N)cc3[nH]2)CC1,5.4089353929735005
O=C1Nc2ccc(Cl)cc2C(C#Cc2cc([N+](=O)[O-])ccn2)(C2CC2)N1,5.0
CCN1c2ncc(CSc3ccncc3)cc2C(=O)Nc2c(C)cc(Cl)nc21,8.657577319177793
Cc1ccnc2c1NC(=O)c1cccnc1N2C1CC1,7.136677139879544
CC(C)Nc1cccnc1N1CCN(C(=O)c2cc3ccc(OCc4ccccc4)cc3[nH]2)CC1,4.431798275933005
CC(C)Nc1cccnc1N1CCN(C(=O)c2cc3ccc(O)cc3[nH]2)CC1,5.920818753952375
CC(=O)CSc1nc(O)c(C)c(Cc2cccc3ccccc23)n1,5.950781977329818
CC(=O)CSc1nc(O)c(C)c(Cc2cccc3ccccc23)n1,4.235077015350112
O=C1Nc2ccc(Cl)cc2C(C#Cc2ccncc2)(C2CC2)N1,6.346787486224656
O=C1Nc2ccc(Cl)cc2[C@@](C#Cc2ccccn2)(C2CC2)N1,7.920818753952375
CCc1c(O)nc(SCC(=O)OC)nc1Cc1cccc2ccccc12,5.3260580013659125
CCc1c(O)nc(SCC(=O)OC)nc1Cc1cccc2ccccc12,3.707743928643524
Cc1ccc2[nH]c(C(=O)N3CCN(c4ncccc4NC(C)C)CC3)cc2c1,4.468521082957745
CC(C)Nc1cccnc1N1CCN(C(=O)c2cc3cc(NS(=O)(=O)C(F)(F)F)ccc3[nH]2)CC1,5.080921907623926
O=C1Nc2ccc(Cl)cc2[C@](C#Cc2ccccn2)(C2CC2)N1,5.031517051446065
Cc1ccc(C(=O)CSc2nc(O)c(C(C)C)c(Cc3cccc4ccccc34)n2)cc1,6.619788758288394
Cc1ccc(C(=O)CSc2nc(O)c(C(C)C)c(Cc3cccc4ccccc34)n2)cc1,3.6478174818886373
CCN1c2ncc(CSc3cncnc3)cc2C(=O)Nc2c(C)cc(Cl)nc21,7.585026652029182
CCNc1cccnc1N1CCN(C(=O)c2cc3ccccc3[nH]2)CC1,5.3979400086720375
CC(=O)CSc1nc(O)c(C(C)C)c(Cc2cccc3ccccc23)n1,6.3872161432802645
CC(=O)CSc1nc(O)c(C(C)C)c(Cc2cccc3ccccc23)n1,4.3655227298392685
CCOC(=O)CSc1nc(O)c(C(C)C)c(Cc2cccc3ccccc23)n1,5.85078088734462
CCOC(=O)CSc1nc(O)c(C(C)C)c(Cc2cccc3ccccc23)n1,3.7569619513137056
CCN1c2ncc(CSc3ccncc3)cc2C(=O)N(C)c2ccc(Cl)nc21,8.522878745280337
CC(C)Nc1cccnc1N1CCN(C(=O)c2cc3cc(N)ccc3[nH]2)CC1,6.0
CCc1c(O)nc(SCC(=O)c2ccc(C)cc2)nc1Cc1cccc2ccccc12,6.494850021680094
CCc1c(O)nc(SCC(=O)c2ccc(C)cc2)nc1Cc1cccc2ccccc12,5.250263684430939
CCN1c2ncc(CSc3ccnc(C)c3)cc2C(=O)Nc2c(C)cc(Cl)nc21,7.568636235841013
O=C1Nc2ccc(Cl)cc2C(C#Cc2ccccn2)(C2CC2)N1,7.634512015109101
CCc1c(O)nc(SCC(=O)c2ccc(OC)cc2)nc1Cc1cccc2ccccc12,7.346787486224656
CCc1c(O)nc(SCC(=O)c2ccc(OC)cc2)nc1Cc1cccc2ccccc12,3.749579997691106
CN1C(=O)Nc2ccc(Cl)cc2C1(C#Cc1ccccn1)C1CC1,7.707743928643524
COC(=O)CSc1nc(O)c(C(C)C)c(Cc2cccc3ccccc23)n1,5.347753658996677
COC(=O)CSc1nc(O)c(C(C)C)c(Cc2cccc3ccccc23)n1,3.7471469690201067
CC(C)Nc1cccnc1N1CCN(C(=O)c2cc3ccccc3[nH]2)CC1,5.920818753952375
CC(C)Nc1cccnc1N1CCN(C(=O)c2cc3cc(OCc4ccccc4)ccc3[nH]2)CC1,5.366531544420414
CCNc1cccnc1N1CCN(C(=O)c2cc3cc(OC)ccc3[nH]2)CC1,5.2839966563652006
CCN1c2ncc(CSc3ccncc3C)cc2C(=O)Nc2c(C)cc(Cl)nc21,7.958607314841775
CCN1c2ncc(CSc3nc(C)cc(C)n3)cc2C(=O)Nc2c(C)cc(Cl)nc21,8.221848749616356
CCc1cc(NCc2nc3c(Cl)ccc(Cl)c3o2)c(O)nc1C,5.568636235841013
COC(=O)Nc1ccc2[nH]c(C(=O)N3CCN(c4ncccc4NC(C)C)CC3)cc2c1,5.6020599913279625
CC(C)Nc1cccnc1N1CCN(C(=O)c2cc3ccc(CO)cc3[nH]2)CC1,6.119186407719209
CC(C)c1c(O)nc(SCC(=O)c2ccc(Cl)cc2)nc1Cc1cccc2ccccc12,6.494850021680094
CC(C)c1c(O)nc(SCC(=O)c2ccc(Cl)cc2)nc1Cc1cccc2ccccc12,3.5686362358410126
CCN1c2ncc(CSc3nc4ccccc4o3)cc2C(=O)Nc2c(C)cc(Cl)nc21,8.096910013008056
Cc1ccnc2c1NC(=O)c1cccnc1N2C1CC1,5.259637310505756
O=C1Nc2ccc(Cl)cc2C(C#Cc2ncccn2)(C2CC2)N1,6.886056647693163
Cc1ccc(C(=O)CSc2nc(O)c(C)c(Cc3cccc4ccccc34)n2)cc1,6.173925197299173
COC(=O)CSc1nc(O)c(C)c(Cc2cccc3ccccc23)n1,5.1555228242543185
COC(=O)CSc1nc(O)c(C)c(Cc2cccc3ccccc23)n1,3.5287082889410613
O=C(OC1COc2cc(O)cc(O)c2C1)c1cc(O)cc(O)c1,4.016373712875465
O=C1Nc2c(COCCc3ccccc3)ccnc2N(C2CC2)c2ncccc21,6.376750709602099
CCN1c2ncccc2C(=O)Nc2c(CO)cc(O)nc21,6.376750709602099
CC(C)N1c2ccccc2N(C)C(=O)c2cccnc21,6.698970004336019
CCOC(=O)CN1c2ccccc2N(C)C(=O)c2cccnc21,4.795880017344075
CCN1c2cccc(C)c2NC(=O)c2cccnc21,7.42021640338319
O=C(OCCc1ccc(O)c(O)c1)c1cc(O)c(O)c(O)c1,4.97061622231479
O=C(OCCc1ccc(O)c(O)c1)c1cc(O)c(O)c(O)c1,5.200659450546418
O=C(OCCc1ccc(O)c(O)c1)c1cc(O)c(O)c(O)c1,6.221848749616356
O=C(OCCc1ccc(O)c(O)c1)c1cc(O)c(O)c(O)c1,4.978810700930062
CCOCc1ccnc2c1NC(=O)c1cccnc1N2C1CC1,5.886056647693163
CCN1c2ncccc2C(=O)Nc2c(CO)cc(OC)nc21,7.301029995663981
CN1C(=O)c2cccnc2N(CC(=O)OC(C)(C)C)c2ccccc21,6.0
CCN1c2ccc(C(=O)OC)cc2N(C)C(=O)c2cccnc21,5.958607314841775
CCN1c2cc(N=[N+]=[N-])ccc2N(C)C(=O)c2cccnc21,6.853871964321762
CN1C(=O)c2cccnc2N(C2CCCCC2)c2ncccc21,6.0
CCN1c2ncccc2C(=O)N(C)c2cc(C)cnc21,6.119186407719209
CCN1c2nc(C)c(C)cc2NC(=O)c2cccnc21,6.3872161432802645
CCN1c2ncccc2C(=O)Nc2c(COc3ccccc3)cc(OC)nc21,5.3979400086720375
CCN1c2ncccc2C(=O)Nc2c(Cc3ccccc3)cc(O)nc21,6.468521082957745
CCN1c2ncccc2C(=O)Nc2c(Cc3ccccc3)cc(O)nc21,5.886056647693163
CCN1c2ncccc2C(=O)Nc2c(C=O)cc(-c3cccc(OC)c3)nc21,6.481486060122113
CCN1c2ncccc2C(=O)Nc2c(C=O)cc(-c3cccc(OC)c3)nc21,6.376750709602099
CCN(CC)C(=O)c1ccc2c(c1)N(C)C(=O)c1cccnc1N2CC,6.0
CC(=O)N1c2cc(C)c(C)cc2N(C)C(=O)c2cccnc21,6.376750709602099
CSCN1c2ncccc2C(=O)N(C)c2cccnc21,6.070581074285707
CCN1c2ncccc2C(=O)N(C)c2cc(Cl)cnc21,6.0
CCc1ccnc2c1NC(=O)c1cccnc1N2CC,6.958607314841775
CCN1c2ncc(Cl)cc2C(=O)N(C)c2cccnc21,5.455931955649724
C/C=C(\C)C(=O)c1c(O)c(/C(=C/C(=O)O)c2ccccc2)c2c(c1OC)C=CC(C)(C)O2,4.0
O=C1Nc2c(COc3ccccc3Cl)ccnc2N(C2CC2)c2ncccc21,5.515700160653214
CCOC(=O)N1c2ccccc2N(C)C(=O)c2cccnc21,6.0
CCN1c2ncccc2C(=O)N(C)c2cccnc21,6.903089986991944
C[C@H]1[C@@H](C)Oc2c3c(c4c(-c5ccccc5)cc(=O)oc4c2[C@@H]1O)OC(C)(C)C=C3,4.958607314841775
O=C1Nc2c(Cc3ccccc3O)ccnc2N(C2CC2)c2ncccc21,6.721246399047171
O=C1Nc2c(Cc3ccccc3O)ccnc2N(C2CC2)c2ncccc21,5.950781977329818
C=Cc1ccnc2c1NC(=O)c1cccnc1N2C1CC1,6.958607314841775
CCN1C(=O)c2ccccc2N(C)c2nc(Cl)ccc21,5.481486060122113
CC(=O)N1c2ccccc2N(C)C(=O)c2cccnc21,6.0
CCN1c2ccc(OC)cc2N(C)C(=O)c2cccnc21,5.6777807052660805
CCN1c2cc([N+](=O)[O-])ccc2N(C)C(=O)c2cccnc21,6.3979400086720375
O=C(OC1COc2cc(O)cc(O)c2C1)c1cc(O)c(O)c(O)c1,5.42021640338319
O=C(OC1COc2cc(O)cc(O)c2C1)c1cc(O)c(O)c(O)c1,5.619788758288394
O=C(OC1COc2cc(O)cc(O)c2C1)c1cc(O)c(O)c(O)c1,5.207608310501746
O=C(OC1COc2cc(O)cc(O)c2C1)c1cc(O)c(O)c(O)c1,5.259637310505756
O=C(OC1COc2cc(O)ccc2C1)c1cc(O)c(O)c(O)c1,4.440093374963888
O=C(OC1COc2cc(O)ccc2C1)c1cc(O)c(O)c(O)c1,4.511449283499556
O=C(OC1COc2cc(O)ccc2C1)c1cc(O)c(O)c(O)c1,5.119186407719209
CCN1c2ccc(C)c(C)c2N(C)C(=O)c2cccnc21,7.443697499232712
CCN1c2cc([N+](=O)[O-])ccc2N(C)C(=O)c2cc(Br)cnc21,6.050609993355087
CCN1c2ncccc2NC(=O)c2cccnc21,6.356547323513812
CC(=O)N1c2ncccc2C(=O)N(C)c2cccnc21,4.815308569182401
O=C(OC1COc2cccc(O)c2C1)c1cc(O)c(O)c(O)c1,4.341988603342887
O=C(OC1COc2cccc(O)c2C1)c1cc(O)c(O)c(O)c1,4.189095719331299
O=C(OC1COc2cccc(O)c2C1)c1cc(O)c(O)c(O)c1,5.060480747381382
CCN1c2cccc(C)c2N(Cc2ccccc2)C(=O)c2cccnc21,6.0
CCN1c2ncccc2C(=O)N(C)c2ccc(C)nc21,6.769551078621726
C[C@@H]1C(=O)c2c(O)c(/C(=C\C(=O)O)c3ccccc3)c3c(c2O[C@@H]1C)C=CC(C)(C)O3,4.0
CC(C)(C)OC(=O)CN1C(=O)c2cccnc2Nc2ccccc21,6.0
CCN1c2cc(C(F)(F)F)cc(Cl)c2N(C)C(=O)c2cccnc21,6.5376020021010435
CCN1c2cc(C(F)(F)F)cc(Br)c2N(C)C(=O)c2cccnc21,6.0
Cc1ccc2c(c1)N(C)C(=O)c1c(C)cc(C)nc1N2C,6.0
CCN1c2ccccc2N(C)C(=O)c2cc(C(F)(F)C(F)(F)F)cnc21,6.0
CN1C(=O)c2cccnc2N(S(C)(=O)=O)c2ncccc21,6.0
N#Cc1ccnc2c1NC(=O)c1cccnc1N2C1CC1,5.903089986991944
COc1ccc(OCc2ccnc3c2NC(=O)c2cccnc2N3C2CC2)cc1,5.982966660701219
O=C1Nc2c(COCc3ccccc3)ccnc2N(C2CC2)c2ncccc21,6.568636235841013
CCN1c2ncccc2C(=O)Nc2c(COCc3ccccc3)cc(OC)nc21,6.036212172654444
CCN1c2ncccc2C(=O)Nc2c(COCc3ccccc3)cc(O)nc21,6.958607314841775
CCN1c2ncccc2C(=O)Nc2c(COCc3ccccc3)cc(O)nc21,5.97061622231479
CCN1c2ncccc2C(=O)N(C)c2cc(Cl)c([N+](=O)[O-])nc21,6.0
CCN1c2cc(NC(C)=O)ccc2N(C)C(=O)c2cccnc21,6.0
O=C1Nc2c(CO)ccnc2N(C2CC2)c2ncccc21,5.522878745280337
C[C@H]1Oc2c3c(c4c(-c5ccccc5)cc(=O)oc4c2C(=O)[C@@H]1C)OC(C)(C)C=C3,5.0
N#Cc1ccc(OCc2ccnc3c2NC(=O)c2cccnc2N3C2CC2)cc1,6.3872161432802645
O=C1Nc2c(CN3CCOCC3)ccnc2N(C2CC2)c2ncccc21,5.987162775294828
O=C1c2cccnc2Nc2ccccc2N1CCO,6.0
CN1C(=O)c2cccnc2N(CCF)c2ccccc21,6.0
CC[C@@H](C)N1c2ncccc2NC(=O)c2cccnc21,6.0
O=C1Nc2cccnc2N(c2ccccc2)c2ncccc21,6.0
Cc1ccnc2c1N(C)C(=O)c1cccnc1N2C1CC1,6.0
CCN1c2ncccc2C(=O)Nc2c(Cl)ccnc21,7.022276394711152
CC[C@H](C)N1c2ncccc2NC(=O)c2cccnc21,6.0
C[C@H]1Oc2c3c(c(/C(=C\C(=O)O)c4ccccc4)c(O)c2C(=O)[C@@H]1C)OC(C)(C)C=C3,4.0
C[C@@H]1[C@H](O)c2c(c3c(c4c(-c5ccccc5)cc(=O)oc24)O[C@H]2[C@@H]3C2(C)C)O[C@@H]1C,4.154901959985743
Cc1cccc2c1NC(=O)c1cccnc1N2,6.0
Cc1cc2c(cc1C)N(CCN(C)C)c1ncccc1C(=O)N2C,6.0
CCN1c2ccc(CNC(=O)C(C)(C)C)cc2N(C)C(=O)c2cccnc21,6.0
CCN1c2ccc(Cl)cc2N(C)C(=O)c2cccnc21,6.769551078621726
CCN1c2ncccc2C(=O)N(C(C)=O)c2cccnc21,6.443697499232712
O=C1Nc2c(Cc3ccccc3)ccnc2N(C2CC2)c2ncccc21,6.853871964321762
O=C1Nc2c(CNc3ccccc3)ccnc2N(C2CC2)c2ncccc21,7.221848749616356
O=C1Nc2c(CNc3ccccc3)ccnc2N(C2CC2)c2ncccc21,5.863279432843593
CCN1c2ccccc2N(C)C(=O)c2cccnc21,6.455931955649724
CSCN1c2ccccc2N(C)C(=O)c2cccnc21,5.180456064458132
CN1C(=O)c2cccnc2N(CCO)c2ccccc21,6.0
CCN1c2cc(C(F)(F)F)ccc2N(C)C(=O)c2cccnc21,6.638272163982407
CCCN1c2ncccc2C(=O)N(C)c2cccnc21,6.346787486224656
CCN1c2ncccc2C(=O)N(C)c2cc(N)cnc21,6.0
Cc1ccnc2c1NC(=O)c1c(O)ccnc1N2C1CC1,6.0
CN1C(=O)c2ccccc2N(C)c2ncccc21,6.0
CCN1C(=O)c2cccc(C)c2N(CC)c2ncccc21,6.187086643357144
Cc1ccc(OCc2ccnc3c2NC(=O)c2cccnc2N3C2CC2)cc1,6.236572006437063
CCN1c2cccc(C)c2N(C)C(=O)c2cccnc21,6.619788758288394
CCN1c2ccccc2N(C)C(=O)c2cc(Cl)cnc21,5.119186407719209
CCN1c2ncccc2C(=O)N(C)c2cc(Cl)c(N)nc21,6.070581074285707
CCN1c2ncccc2NC(=O)c2c(C)ccnc21,6.0
CCN1c2ccc(C)cc2C(=O)N(C)c2cccnc21,6.236572006437063
COc1cc(OC)c2c(c1)OCC(OC(=O)c1cc(O)c(O)c(O)c1)C2,4.137868620686962
COc1cc(OC)c2c(c1)OCC(OC(=O)c1cc(O)c(O)c(O)c1)C2,4.0
COc1cc(OC)c2c(c1)OCC(OC(=O)c1cc(O)c(O)c(O)c1)C2,6.045757490560675
COc1cc(OC)c2c(c1)OCC(OC(=O)c1cc(O)c(O)c(O)c1)C2,5.161150909262744
O=C(OC1COc2cc(O)cc(O)c2C1)c1ccccc1,4.0
O=C(OC1COc2cc(O)cc(O)c2C1)c1ccccc1,4.0
O=C(OC1COc2cc(O)cc(O)c2C1)c1ccccc1,4.0
O=C(OC1COc2cc(O)cc(O)c2C1)c1ccccc1,4.0
CCNc1ccc(OCc2ccnc3c2NC(=O)c2cccnc2N3C2CC2)cc1,7.096910013008056
CCNc1ccc(OCc2ccnc3c2NC(=O)c2cccnc2N3C2CC2)cc1,6.366531544420414
O=C1Nc2ccccc2Nc2ncccc21,6.0
CCCN1c2ccccc2N(C)C(=O)c2cccnc21,6.638272163982407
C#CN1c2ccccc2N(C)C(=O)c2cccnc21,6.187086643357144
CCN1c2ccc(CO)cc2N(C)C(=O)c2cccnc21,6.0
CCN1c2cc(C(=O)c3ccccc3)ccc2N(C)C(=O)c2cccnc21,6.0
CCN1c2ncccc2C(=O)Nc2c(O)ccnc21,6.0
CCN1c2nc(C)ccc2C(=O)N(C)c2cccnc21,6.0
O=C1Nc2cccnc2N(C2CC2)c2ncccc21,6.346787486224656
C[C@@H]1[C@H](O)c2c(c3c(c4c(-c5ccccc5)cc(=O)oc24)OC(C)(C)C=C3)O[C@@H]1C,4.522878745280337
C[C@@H]1[C@H](C(=O)c2ccc(Br)cc2)c2c(c3c(c4c(-c5ccccc5)cc(=O)oc24)OC(C)(C)C=C3)O[C@@H]1C,4.337242168318426
CCN1c2ncccc2C(=O)Nc2c(C=O)cc(OC)nc21,6.619788758288394
CN1C(=O)c2cccnc2N(CC(=O)O)c2ccccc21,6.0
CCN1c2ccc(C)cc2N(C)C(=O)c2cccnc21,6.721246399047171
CCN1c2cc(N)ccc2N(C)C(=O)c2cccnc21,5.346787486224656
O=C(OC1COc2ccccc2C1)c1cc(O)c(O)c(O)c1,4.0
O=C(OC1COc2ccccc2C1)c1cc(O)c(O)c(O)c1,4.0
O=C(OC1COc2ccccc2C1)c1cc(O)c(O)c(O)c1,5.214670164989233
O=C(OC1COc2ccccc2C1)c1cc(O)c(O)c(O)c1,5.585026652029182
O=C1Nc2c(COc3ccccc3)ccnc2N(C2CC2)c2ncccc21,6.920818753952375
O=C1Nc2c(COc3ccccc3)ccnc2N(C2CC2)c2ncccc21,5.58838029403677
COCCN1C(=O)c2cccnc2Nc2ccccc21,6.0
CCN1C(=O)c2cccnc2N(C)c2ccccc21,6.0
CN1C(=O)c2cccnc2N(CCF)c2ncccc21,5.5376020021010435
CCN1c2ncccc2C(=O)Nc2c(COc3ccccc3)cc(-c3cccc(OC)c3)nc21,6.309803919971486
C=CCN1C(=O)c2cccnc2Nc2ccccc21,5.853871964321762
C=CCN1c2ncccc2C(=O)N(C)c2cccnc21,6.070581074285707
CCN1c2ncccc2C(=O)N(C)c2cc(C)c(C)nc21,6.619788758288394
C[C@@H]1C(=O)c2c(c3c(c4c(-c5ccccc5)cc(=O)oc24)OC(C)(C)C=C3)O[C@@H]1C,4.0
C=CCOCc1ccnc2c1NC(=O)c1cccnc1N2C1CC1,5.85078088734462
O=C1Nc2c(CC3=CCNC3)ccnc2N(C2CC2)c2ncccc21,6.1938200260161125
CN1C(=O)c2cccnc2Nc2ccccc21,6.0
C=CCN1C(=O)c2cccnc2Nc2ccc(Cl)cc21,6.0
Cc1ccnc2c1NC(=O)c1cccnc1N2C1CC1,7.075720713938118
COc1ccc(O)c(Cc2ccnc3c2NC(=O)c2cccnc2N3C2CC2)c1,6.070581074285707
CN1C(=O)c2cccnc2N(C)c2ccccc21,6.0
CCN1C(=O)c2cccnc2N(CC)c2ccccc21,6.42021640338319
O=C1Nc2cccnc2N(C2CCCC2)c2ncccc21,6.0
CC(C)N1c2ncccc2NC(=O)c2cccnc21,6.229147988357855
CCN1c2ncccc2C(=O)Nc2c(C)ccnc21,7.455931955649724
CCN1c2ncccc2C(=O)Nc2c(OC)ccnc21,6.0
Cc1ccccc1OCc1ccnc2c1NC(=O)c1cccnc1N2C1CC1,6.5376020021010435
CN(C)C(=O)CN1C(=O)c2cccnc2Nc2ccccc21,6.0
O=C1Nc2c(COc3ccccc3O)ccnc2N(C2CC2)c2ncccc21,6.337242168318426
CCN1c2ccc(O)cc2N(C)C(=O)c2cccnc21,6.0
CCN1c2ccccc2N(C)C(=O)c2ccc(F)nc21,5.5376020021010435
O=C(OC1COc2cc(O)cc(O)c2C1)c1ccc(O)c(O)c1,4.429457060118103
O=C(OC1COc2cc(O)cc(O)c2C1)c1ccc(O)c(O)c1,4.0
O=C(OC1COc2cc(O)cc(O)c2C1)c1ccc(O)c(O)c1,4.0
O=C(OC1COc2cc(O)cc(O)c2C1)c1ccc(O)c(O)c1,4.0
O=C(OCCc1ccc(O)cc1)c1cc(O)c(O)c(O)c1,5.102372908709558
O=C(OCCc1ccc(O)cc1)c1cc(O)c(O)c(O)c1,5.346787486224656
CC(=O)O[C@H]1c2c(c3c(c4c(-c5ccccc5)cc(=O)oc24)OC(C)(C)C=C3)O[C@H](C)[C@H]1C,4.0
Nc1ccc(OCc2ccnc3c2NC(=O)c2cccnc2N3C2CC2)cc1,7.0
Nc1ccc(OCc2ccnc3c2NC(=O)c2cccnc2N3C2CC2)cc1,5.995678626217358
CCN1c2cc(C)c(C)cc2N(C)C(=O)c2cccnc21,7.3979400086720375
CCN1c2cc(Cl)c(Cl)cc2N(C)C(=O)c2cccnc21,7.2076083105017466
C=CCN1C(=O)c2cccnc2N(C(=O)CC)c2ccccc21,6.0
CCN1c2cc(Cl)ccc2N(C)C(=O)c2cccnc21,6.769551078621726
O=C1Nc2cccnc2N(C2CCC2)c2ncccc21,6.366531544420414
C[C@H]1[C@H](O)c2c(c3c(c4c(-c5ccccc5)cc(=O)oc24)OC(C)(C)C=C3)O[C@@H]1C,7.42021640338319
C[C@H]1[C@H](O)c2c(c3c(c4c(-c5ccccc5)cc(=O)oc24)OC(C)(C)C=C3)O[C@@H]1C,6.795880017344075
C[C@H]1[C@H](O)c2c(c3c(c4c(-c5ccccc5)cc(=O)oc24)OC(C)(C)C=C3)O[C@@H]1C,6.3872161432802645
CC1=Cc2c(c3c(c4c(-c5ccccc5)cc(=O)oc24)OC(C)(C)C=C3)O[C@@H]1C,5.045757490560675
O=C1Nc2c(COc3ccc([N+](=O)[O-])cc3)ccnc2N(C2CC2)c2ncccc21,5.94692155651658
O=C1Nc2c(CN3CCCC3)ccnc2N(C2CC2)c2ncccc21,6.154901959985743
CCN1C(=O)c2cccnc2N(CC)c2cccc(C)c21,5.096910013008056
Cc1cc(C)c2c(n1)Nc1ccccc1C(=O)N2,6.0
C[C@@H]1[C@@H](C)Oc2c3c(c4c(-c5ccccc5)cc(=O)oc4c2[C@@H]1O)OC(C)(C)C=C3,6.886056647693163
C[C@@H]1[C@H](O)c2c(c3c(c4c(-c5ccccc5)cc(=O)oc24)O[C@@H]2[C@H]3C2(C)C)O[C@@H]1C,4.0
CCCCN1c2ccccc2N(C)C(=O)c2cccnc21,6.0
CCN1c2ccccc2N(CF)C(=O)c2cccnc21,6.0
C=CCN1C(=O)c2cccnc2N(C(C)=O)c2ccccc21,6.0
C#CCN1c2ncccc2C(=O)N(C)c2cccnc21,6.0
CCN1c2ncccc2C(=O)N(C)c2c(C)ccnc21,5.721246399047171
CN(C)CCN1C(=O)c2cccnc2N(C2CC2)c2ncccc21,6.0
CCN1c2ccccc2C(=O)N(C)c2ccccc21,6.0
O=C1Nc2c(CSc3ccccc3)ccnc2N(C2CC2)c2ncccc21,5.987162775294828
O=C1Nc2c(Cn3cccn3)ccnc2N(C2CC2)c2ncccc21,5.657577319177793
CCN1c2ncccc2C(=O)Nc2c(C3OCCCO3)cc(OC)nc21,6.096910013008056
CCN1C(=O)c2cccnc2Nc2ccccc21,6.0
O=C1Nc2cccnc2Nc2ccccc21,6.0
Cc1ccc2c(n1)Nc1ccccc1C(=O)N2,6.0
CN1C(=O)c2ccccc2N(C)c2ccccc21,6.0
CC(=O)O[C@@H]1c2c(c3c(c4c(-c5ccccc5)cc(=O)oc24)OC(C)(C)C=C3)O[C@H](C)[C@H]1C,6.142667503568732
CCN1c2ccc(C(=O)O)cc2N(C)C(=O)c2cccnc21,6.0
CCN1c2ccccc2C(=O)N(C)c2cccnc21,6.301029995663981
Cc1cn([C@H]2C[C@H](N=[N+]=[N-])[C@@H](CO)O2)c(=O)[nH]c1=O,8.221848749616356
O=C1Nc2c(CO)ccnc2N(C2CC2)c2ncccc21,5.522878745280337
CN1c2ccccc2NC(=O)c2cccnc21,6.0
CN1C(=O)c2cccnc2N(Cc2ccccc2)c2ccccc21,5.045757490560675
CCN1c2ccc(CN)cc2N(C)C(=O)c2cccnc21,6.0
CCN1c2ccc([N+](=O)[O-])cc2N(C)C(=O)c2cc(Br)cnc21,6.0
CN1C(=O)c2cccnc2N(C(C)(C)C)c2ncccc21,4.958607314841775
CCN1c2ncccc2NC(=O)c2cc(C)cnc21,6.0
CCN1C(=O)c2ccccc2N(CC)c2ncccc21,6.161150909262744
Cc1ccnc2c1NC(=O)c1cccnc1N2C1CC1,7.096910013008056
Cc1ccnc2c1NC(=O)c1cccnc1N2C1CC1,5.585026652029182
CCN1c2ccc([N+](=O)[O-])cc2N(C)C(=O)c2cccnc21,6.0
O=C(OCCc1ccccc1)c1cc(O)c(O)c(O)c1,4.137272471682025
O=C(OCCc1ccccc1)c1cc(O)c(O)c(O)c1,5.161150909262744
Cc1ccc(Cc2ccnc3c2NC(=O)c2cccnc2N3C2CC2)c(O)c1,6.698970004336019
Cc1cccc(OCc2ccnc3c2NC(=O)c2cccnc2N3C2CC2)c1,5.614393726401688
CCN1c2ccccc2NC(=O)c2cccnc21,6.42021640338319
CCN1c2ncccc2C(=O)N(C)c2cc([N+](=O)[O-])cnc21,6.0
CC(C)=CCN1Cc2cc(Cl)cc3[nH]c(=S)n(c23)C[C@@H]1C,6.154901959985743
CCN1c2ncccc2C(=O)N(C)c2ccc(Cl)nc21,6.823908740944319
CCN1c2ccc(C(N)=O)cc2N(C)C(=O)c2cccnc21,4.568636235841013
S=C(NCCc1c[nH]cn1)Nc1ccc(Br)cn1,4.0
CCC1OC(/C=C/C2CC2)(C(F)(F)F)c2cc(Cl)ccc2NC1=O,6.732828271596986
CC(C)Nc1cccnc1N1CCN(C(=O)c2cc3cc(NS(C)(=O)=O)ccc3[nH]2)CC1,5.823908740944319
O=C1COC(C#Cc2ccoc2)(C(F)(F)F)c2cc(Cl)ccc2N1,5.600326278518962
CC1OC(C#CC2CC2)(C(F)(F)F)c2c(ccc(F)c2F)NC1=O,6.714442690992226
CCC1OC(/C=C/C2CC2)(C(F)(F)F)c2cc(F)ccc2NC1=O,6.82102305270683
Cc1ccnc2c1NC(=O)c1cccnc1N2C1CC1,4.638272163982407
CC(C)C#CC1(C(F)(F)F)OCC(=O)Nc2ccc(Cl)cc21,6.373659632624958
CC[C@@H]1O[C@](C#CC2CC2)(C(F)(F)F)c2cc(F)ccc2NC1=O,6.767003889607846
COC(=O)[C@H](Cc1ccccc1)NP(=O)(O)OCC1OC(n2cc(C)c(=O)[nH]c2=O)CC1N=[N+]=[N-],4.0
C[C@H]1O[C@](C#CC2CC2)(C(F)(F)F)c2cc(F)ccc2NC1=O,5.7121982700697735
CCCC1OC(C#CC2CC2)(C(F)(F)F)c2cc(Cl)ccc2NC1=O,6.097453220686009
S=C(NCCN1CCOCC1)Nc1ccc(Br)cn1,4.0
CN1CCCC1CC/N=C(\S)Nc1ccc(Br)cn1,4.0
O=C1COC(/C=C/C2CC2)(C(F)(F)F)c2cc(Cl)ccc2N1,6.966576244513051
CC1OC(/C=C/C2CC2)(C(F)(F)F)c2cc(Cl)ccc2NC1=O,7.337242168318426
S=C(NCCc1cccs1)Nc1ccc(Br)cn1,6.096910013008056
S=C(NCCc1c[nH]c2ccccc12)Nc1ccc(Br)cn1,6.045757490560675
C[C@@H]1O[C@](C#CC2CC2)(C(F)(F)F)c2cc(Cl)ccc2NC1=O,7.086186147616283
CC1OC(/C=C/C2CC2)(C(F)(F)F)c2cc(F)ccc2NC1=O,6.889410289700751
S=C(NCCc1ccccn1)Nc1ccc(Br)cn1,6.221848749616356
S=C(NCCc1ccco1)Nc1ccc(Br)cn1,5.920818753952375
CCC1OC(C#CC2CC2)(C(F)(F)F)c2cc(Cl)ccc2NC1=O,6.407823242604133
Fc1ccccc1CC/N=C(\S)Nc1ccc(Br)cn1,6.221848749616356
O=C1Nc2ccc(Cl)cc2C(C#CC2CC2)(C(F)(F)F)OC1CC(F)(F)F,6.628932137728263
Cc1cn([C@H]2C[C@H](N=[N+]=[N-])[C@@H](CO)O2)c(=O)[nH]c1=O,4.0
S=C(NCCN1CCCCC1)Nc1ccc(Br)cn1,6.221848749616356
C[C@H]1O[C@](C#CC2CC2)(C(F)(F)F)c2cc(Cl)ccc2NC1=O,6.603800652904264
S=C(NCCc1ccc2c(c1)OCO2)Nc1ccc(Br)cn1,6.154901959985743
COC(=O)[C@H](Cc1c[nH]c2ccccc12)NP(=O)(OCCC#N)OCC1OC(n2cc(C)c(=O)[nH]c2=O)CC1N=[N+]=[N-],4.0
C[C@@H]1O[C@](C#CC2CC2)(C(F)(F)F)c2cc(F)ccc2NC1=O,7.022276394711152
COC(=O)[C@H](Cc1c[nH]c2ccccc12)NP(=O)(O)OC[C@H]1O[C@@H](n2cc(C)c(=O)[nH]c2=O)C[C@@H]1N=[N+]=[N-],4.0
Cc1cn([C@H]2C[C@H](N=[N+]=[N-])[C@@H](CO)O2)c(=O)[nH]c1=O,8.0
CCOCn1c(Cc2ccccc2)c(C(C)C)c(=O)[nH]c1=O,6.096910013008056
COC(=O)[C@H](Cc1ccccc1)NP(=O)(OCCC#N)OCC1OC(n2cc(C)c(=O)[nH]c2=O)CC1N=[N+]=[N-],4.0
O=C1COC(C#Cc2ccccc2)(C(F)(F)F)c2cc(Cl)ccc2N1,5.481486060122113
CC[C@H]1O[C@](C#CC2CC2)(C(F)(F)F)c2cc(F)ccc2NC1=O,5.943095148663527
S=C(NCCN1CCCC1)Nc1ccc(Br)cn1,5.309803919971486
O=C1Nc2ccc(Cl)cc2[C@@](/C=C/C2CC2)(C(F)(F)F)N1,7.638272163982407
CC(C)C1OC(C#CC2CC2)(C(F)(F)F)c2cc(Cl)ccc2NC1=O,6.224025668870631
O=C1Nc2ccc(Cl)cc2[C@@](C#CC2CC2)(C(F)(F)F)O1,7.42021640338319
CCC#CC1(C(F)(F)F)OCC(=O)Nc2ccc(Cl)cc21,6.015922966097169
O=C1COC(C#CC2CC2)(C(F)(F)F)c2cc(Cl)ccc2N1,6.364516253185088
CC1OC(/C=C/C2CC2)(C(F)(F)F)c2c(ccc(F)c2F)NC1=O,6.761953896871205
O=C1Nc2ccc(Cl)cc2[C@@](C#CC2CC2)(C(F)(F)F)N1,7.494850021680094
Cc1ncc([N+](=O)[O-])n1CCOC(c1ccccc1)c1ccccc1Cl,6.221848749616356
Cc1ccnc2c1NC(=O)c1cccnc1N2C1CC1,7.221848749616356
Cc1ccnc2c1NC(=O)c1cccnc1N2C1CC1,5.494850021680094
Cc1ccnc2c1NC(=O)c1cccnc1N2C1CC1,6.7447274948966935
Cc1ccnc2c1NC(=O)c1cccnc1N2C1CC1,5.886056647693163
Cc1ccnc2c1NC(=O)c1cccnc1N2C1CC1,6.769551078621726
CN(C)c1ccc(F)c(CCNC(=O)Nc2ccc(Br)cn2)c1F,7.6020599913279625
CN(C)c1ccc(F)c(CCNC(=O)Nc2ccc(Br)cn2)c1F,5.6020599913279625
CN(C)c1ccc(F)c(CCNC(=O)Nc2ccc(Br)cn2)c1F,5.823908740944319
CC(C)=CCN1Cc2cccc3nc(S)n(c23)C(Cl)[C@@H]1C,6.698970004336019
CC(C)=CCN1Cc2cccc3nc(S)n(c23)C(Cl)[C@@H]1C,4.508638306165727
CC(C)=CCN1Cc2cccc3nc(S)n(c23)C(Cl)[C@@H]1C,4.920818753952375
Cc1cn(C2CC(N=[N+]=[N-])C(COP(=O)(O)C(F)(F)F)O2)c(=O)[nH]c1=O,7.920818753952375
CCOc1ccc(OC)c(CCNC(=O)Nc2ccc(Cl)cn2)c1F,8.096910013008056
CCOc1ccc(OC)c(CCNC(=O)Nc2ccc(Cl)cn2)c1F,5.6020599913279625
CCOc1ccc(OC)c(CCNC(=O)Nc2ccc(Cl)cn2)c1F,6.301029995663981
O=c1[nH]c(=O)n([C@H]2C[C@H](O)[C@@H](COP(=O)(O)C(F)(F)F)O2)cc1F,7.7447274948966935
CCCCOC(=O)c1cc2c([nH]c3ccccc32)c(-c2ccc3c(n2)C(=O)C(NC(=O)CCC)=CC3=O)n1,5.236572006437063
O=C(Nc1ccc(Cl)cn1)N[C@@H]1C[C@@H]1c1c(F)cccc1F,8.698970004336019
O=C(Nc1ccc(Cl)cn1)N[C@@H]1C[C@@H]1c1c(F)cccc1F,7.522878745280337
O=C(Nc1ccc(Cl)cn1)N[C@@H]1C[C@@H]1c1c(F)cccc1F,6.920818753952375
CCOc1ccc(F)c([C@H]2C[C@H]2NC(=O)Nc2ccc(Cl)cn2)c1Cl,8.096910013008056
CCOc1ccc(F)c([C@H]2C[C@H]2NC(=O)Nc2ccc(Cl)cn2)c1Cl,7.096910013008056
CCOc1ccc(F)c([C@H]2C[C@H]2NC(=O)Nc2ccc(Cl)cn2)c1Cl,7.301029995663981
Cc1ncc([N+](=O)[O-])n1CCOC(c1ccccc1)c1cccc(F)c1,6.301029995663981
Cc1cn([C@H]2C[C@H](N=[N+]=[N-])[C@@H](COP(=O)(O)OP(=O)(O)OP(=O)(O)O)O2)c(=O)[nH]c1=O,9.920818753952375
Cc1cn([C@H]2C[C@H](N=[N+]=[N-])[C@@H](COP(=O)(O)O)O2)c(=O)[nH]c1=O,6.0
CSCSc1nc(O)c(C(C)C)c(Cc2ccccc2)n1,5.214670164989233
CCCCCCCCOC(=O)c1cc2c([nH]c3ccccc32)c(-c2ccc3c(n2)C(=O)C(NC=O)=CC3=O)n1,5.1487416512809245
CCN1c2ncccc2C=Cc2cccnc21,7.3979400086720375
CCN1c2ncccc2C=Cc2cccnc21,5.6020599913279625
CCN1c2ncccc2C=Cc2cccnc21,8.0
CCN1c2ncccc2C=Cc2cccnc21,5.823908740944319
CCN1c2ncccc2C=Cc2cccnc21,6.638272163982407
C1=Cc2cccnc2N(C2CC2)c2ncccc21,7.698970004336019
C1=Cc2cccnc2N(C2CC2)c2ncccc21,6.017728766960431
C1=Cc2cccnc2N(C2CC2)c2ncccc21,8.0
C1=Cc2cccnc2N(C2CC2)c2ncccc21,6.200659450546418
C1=Cc2cccnc2N(C2CC2)c2ncccc21,6.823908740944319
Cc1cn(C2CC(N=[N+]=[N-])C(COP(=O)(O)CF)O2)c(=O)[nH]c1=O,7.3979400086720375
NC(=O)c1cc2c([nH]c3ccccc32)c(-c2ccc3c(n2)C(=O)C(NC=O)=CC3=O)n1,4.688246138944246
O=C(NCCc1c(F)cccc1F)Nc1ccc(Cl)cn1,8.522878745280337
O=C(NCCc1c(F)cccc1F)Nc1ccc(Cl)cn1,6.376750709602099
O=C(NCCc1c(F)cccc1F)Nc1ccc(Cl)cn1,6.318758762624412
CC(=O)NC1=CC(=O)c2ccc(-c3[nH]c(C(=O)O)cc4c5ccccc5nc3-4)nc2C1=O,4.876148359032914
Cc1ncc([N+](=O)[O-])n1CCOC(c1ccccc1)c1cccc(Cl)c1,6.301029995663981
CC(C)Nc1cccnc1N1CCN(C(=O)c2cc3cc(NS(C)(=O)=O)ccc3[nH]2)CC1,5.958607314841775
Cc1ccnc2c1NC(=O)c1cccnc1N2C1CC1,6.698970004336019
Cc1ccnc2c1NC(=O)c1cccnc1N2C1CC1,4.886056647693163
Cc1ccnc2c1NC(=O)c1cccnc1N2C1CC1,3.795880017344075
Cc1ncc([N+](=O)[O-])n1CCOC(c1ccccc1)c1ccccc1,7.301029995663981
Cc1cn([C@H]2C[C@H](N=[N+]=[N-])[C@@H](CO)O2)c(=O)[nH]c1=O,6.096910013008056
CCOc1ccc(OC)c([C@H]2C[C@H]2NC(=O)Nc2ccc(Br)cn2)c1F,8.154901959985743
CCOc1ccc(OC)c([C@H]2C[C@H]2NC(=O)Nc2ccc(Br)cn2)c1F,6.619788758288394
CCOc1ccc(OC)c([C@H]2C[C@H]2NC(=O)Nc2ccc(Br)cn2)c1F,7.045757490560675
COC(=O)c1[nH]c(-c2ccc3c(n2)C(=O)C(NC(C)=O)=CC3=O)c2nc3ccccc3c-2c1C,4.82102305270683
CCc1c(O)nc(SCSC)nc1Cc1ccccc1,5.013228265733755
COc1ccc(OC)c(CCNC(=O)Nc2ccc(Cl)cn2)c1F,8.522878745280337
COc1ccc(OC)c(CCNC(=O)Nc2ccc(Cl)cn2)c1F,6.853871964321762
COc1ccc(OC)c(CCNC(=O)Nc2ccc(Cl)cn2)c1F,6.853871964321762
S=C(NCCc1ccccc1)Nc1nccs1,6.045757490560675
Cc1cn(C2CC(N=[N+]=[N-])C(COP(=O)(O)C(F)F)O2)c(=O)[nH]c1=O,7.6777807052660805
Cc1cccc(C(OCCn2c([N+](=O)[O-])cnc2C)c2ccccc2)c1,6.522878745280337
CCOc1ccc(Cl)c([C@H]2C[C@H]2NC(=O)Nc2ccc(Cl)cn2)c1F,8.823908740944319
CCOc1ccc(Cl)c([C@H]2C[C@H]2NC(=O)Nc2ccc(Cl)cn2)c1F,7.301029995663981
CCOc1ccc(Cl)c([C@H]2C[C@H]2NC(=O)Nc2ccc(Cl)cn2)c1F,7.698970004336019
CCOc1ccc(F)c([C@H]2C[C@H]2NC(=O)Nc2ccc(Cl)cn2)c1F,8.823908740944319
CCOc1ccc(F)c([C@H]2C[C@H]2NC(=O)Nc2ccc(Cl)cn2)c1F,7.096910013008056
CCOc1ccc(F)c([C@H]2C[C@H]2NC(=O)Nc2ccc(Cl)cn2)c1F,7.823908740944319
COc1ccc(OC)c([C@H]2C[C@H]2NC(=O)Nc2ccc(Cl)cn2)c1F,8.698970004336019
COc1ccc(OC)c([C@H]2C[C@H]2NC(=O)Nc2ccc(Cl)cn2)c1F,6.568636235841013
COc1ccc(OC)c([C@H]2C[C@H]2NC(=O)Nc2ccc(Cl)cn2)c1F,6.568636235841013
Cc1ncc([N+](=O)[O-])n1CCOC(c1ccccc1)c1cccc([N+](=O)[O-])c1,6.522878745280337
CCOc1ccc(F)c([C@H]2C[C@H]2NC(=O)Nc2ccc(C#N)cn2)c1Cl,8.397940008672037
CCOc1ccc(F)c([C@H]2C[C@H]2NC(=O)Nc2ccc(C#N)cn2)c1Cl,7.096910013008056
CCOc1ccc(F)c([C@H]2C[C@H]2NC(=O)Nc2ccc(C#N)cn2)c1Cl,7.154901959985743
CC(=O)NC1=CC(=O)c2ccc(-c3[nH]c(C(=O)OCCOP(=O)(O)O)cc4c5ccccc5nc3-4)nc2C1=O,5.522878745280337
S=C(NCCc1ccccn1)Nc1ccc(Br)cn1,7.823908740944319
S=C(NCCc1ccccn1)Nc1ccc(Br)cn1,6.154901959985743
S=C(NCCc1ccccn1)Nc1ccc(Br)cn1,5.494850021680094
CC(=O)NC1=CC(=O)c2ccc(-c3[nH]c(C(N)=O)cc4c5ccccc5nc3-4)nc2C1=O,4.896196279044043
COc1ccc(C(C)=O)c(F)c1CCNC(=O)Nc1ccc(Cl)cn1,7.0
COc1ccc(C(C)=O)c(F)c1CCNC(=O)Nc1ccc(Cl)cn1,5.958607314841775
COc1ccc(C(C)=O)c(F)c1CCNC(=O)Nc1ccc(Cl)cn1,5.0
CSCSc1nc(O)c(C)c(Cc2ccccc2)n1,4.72584215073632
Cc1ccccc1C(OCCn1c([N+](=O)[O-])cnc1C)c1ccccc1,6.698970004336019
Cc1ncc([N+](=O)[O-])n1CCOC(c1ccccc1)c1ccccc1F,6.3979400086720375
CCOc1ccc(F)c(CCNC(=O)Nc2ccc(Br)cn2)c1Cl,8.397940008672037
CCOc1ccc(F)c(CCNC(=O)Nc2ccc(Br)cn2)c1Cl,5.769551078621726
CCOc1ccc(F)c(CCNC(=O)Nc2ccc(Br)cn2)c1Cl,6.619788758288394
Cc1cn([C@H]2C[C@H](N=[N+]=[N-])[C@@H](CO)O2)c(=O)[nH]c1=O,4.0
CSCSc1nc(O)c(C(C)C)c(Cc2cc(C)cc(C)c2)n1,5.318758762624412
CCc1cc(NCc2nc3c(Cl)ccc(Cl)c3o2)c(O)nc1C,7.0
CCc1cc(NCc2nc3c(Cl)ccc(Cl)c3o2)c(O)nc1C,5.795880017344075
CCc1cc(NCc2nc3c(Cl)ccc(Cl)c3o2)c(O)nc1C,4.823908740944319
CSc1ccc2c(C)nc(CCCCCCC(=O)c3ccccc3)n2n1.Cl,7.096910013008056
CC=C(c1cc(Br)c(OC)c(C(=O)OC)c1)c1cc(Br)c(OC)c(C(=O)OC)c1,4.585026652029182
COc1c(Cl)cc(C(=CCC(=O)O)c2cc(Cl)c(OC)c(C(=O)O)c2)cc1C(=O)O,4.0
Cc1nc(CCCCCOC(=O)C2CCCC2)n2nc(Cl)ccc12,4.657577319177793
CCc1cc(NCc2nc3c(Cl)ccc(Cl)c3o2)c(O)nc1C,6.070581074285707
COC(=O)c1cc(C(=CCCO)c2cc(Cl)c(OC)c(C(=O)OC)c2)cc(Cl)c1OC,4.0
COC(=O)CCCC=C(c1cc(Cl)c(OC)c(C(=O)OC)c1)c1cc(Cl)c(OC)c(C(=O)OC)c1,6.522878745280337
COC(=O)CCCC=C(c1cc(Cl)c(OC)c(C(=O)OC)c1)c1cc(Cl)c(OC)c(C(=O)OC)c1,5.721246399047171
O=C(CCCCCCc1ncc2ccc(Cl)nn12)c1ccccc1,6.468521082957745
Cc1nc(CCCCCOC(=O)c2ccccc2)n2nc(Cl)ccc12,5.872895201635193
Cc1nc(CCCCCCC(=O)c2ccccc2)n2nc(-n3cncn3)ccc12,7.0
Cc1nc(CCCCCCC(=O)c2ccccc2)n2nc(Cl)ccc12,6.075720713938118
Cc1nc(CCCCCCC(O)c2ccccc2)n2nc(Cl)ccc12,6.42021640338319
CC1(C)OC(=O)c2cc(C(=CCCBr)c3cc(Cl)c4c(c3)C(=O)OC(C)(C)O4)cc(Cl)c2O1,4.0
CCCCCC1OC1(c1cc(Br)c(OC)c(C(=O)OC)c1)c1cc(Br)c(OC)c(C(=O)OC)c1,5.251811972993799
Cc1ccnc2c1NC(=O)c1cccnc1N2C1CC1,6.552841968657781
Cc1nc(CCCCCCC(=O)c2ccccc2)n2nc(-n3ccnc3)ccc12,9.221848749616356
Cc1nc(CCCCCC(=O)c2ccccc2)n2nc(Cl)ccc12,5.318758762624412
Cc1nc(CCCCCCC(=O)c2ccccc2)n2ncccc12,6.251811972993799
Cc1nc(CCCCCCC(=O)c2ccccc2)n2nc(N3CCCC3)ccc12,7.301029995663981
COC(=O)c1cc(C(=CC(=O)O)c2cc(Cl)c(OC)c(C(=O)OC)c2)cc(Cl)c1OC,4.0
CCCCCC=C(c1cc(Br)c(OC)c(C(=O)OC)c1)c1cc(Br)c(OC)c(C(=O)OC)c1,6.42021640338319
Cc1nc(CCCCCCC(=O)c2ccccc2)n2nc(-n3cnnc3)ccc12,5.585026652029182
Cc1nc(CCCCCCC(=O)c2ccccc2)n2nc(-n3ccnc3C)ccc12,5.6020599913279625
Cc1nc(CCCCCOC(=O)c2ccccc2)n2nc(Cl)ccc12,5.886056647693163
Cc1nc(CCCCCCC(=O)c2ccccc2)n2nc(N)ccc12,5.522878745280337
Cc1cn(-c2ccc3c(C)nc(CCCCCCC(=O)c4ccccc4)n3n2)cn1,6.259637310505756
COC(=O)c1cc(C(=CCCCCO)c2cc(Cl)c(OC)c(C(=O)OC)c2)cc(Cl)c1OC,5.443697499232712
COC=C(c1cc(Br)c(OC)c(C(=O)OC)c1)c1cc(Br)c(OC)c(C(=O)OC)c1,4.0
COC(=O)c1cc(C(=CCCOS(C)(=O)=O)c2cc(Cl)c(OC)c(C(=O)OC)c2)cc(Cl)c1OC,4.017728766960432
CC1(C)OC(=O)c2cc(C(=CCCO)c3cc(Cl)c4c(c3)C(=O)OC(C)(C)O4)cc(Cl)c2O1,4.0
CC(=O)OCCCCCc1nc(C)c2ccc(Cl)nn12,3.958607314841775
Cc1nc(CCCCCCCC(=O)c2ccccc2)n2nc(Cl)ccc12,5.522878745280337
CCCCCC=C(c1ccc(OC)c(C(=O)OC)c1)c1ccc(OC)c(C(=O)OC)c1,5.494850021680094
Cc1nc(CCCCCCC(O)c2ccccc2)n2nc(-n3ccnc3)ccc12,6.638272163982407
Cc1nc(CCCCCCC(=O)c2ccccc2)n2nc(N3CCCCC3)ccc12,5.173925197299174
COC(=O)c1cc(C(=CC(=O)OC(C)(C)C)c2cc(Cl)c(OC)c(C(=O)OC)c2)cc(Cl)c1OC,4.0
COC(=O)c1cc(C(=CCCN=[N+]=[N-])c2cc(Cl)c(OC)c(C(=O)OC)c2)cc(Cl)c1OC,5.698970004336019
COC(=O)c1cc(C(=CCCN=[N+]=[N-])c2cc(Cl)c(OC)c(C(=O)OC)c2)cc(Cl)c1OC,5.00436480540245
CC(C)c1nc(CCCCCCC(=O)c2ccccc2)n2nc(Cl)ccc12,3.958607314841775
Cc1nc(CCCCCCC(=O)c2ccccc2)n2nc(-n3cncc3C)ccc12,7.0
Cc1nc(CCCCCCC(=O)c2ccccc2)n2nc(-n3cccc3)ccc12,7.096910013008056
Cc1nc(CCCCCCC(=O)c2ccccc2)n2nc(-n3ccnn3)ccc12,6.1938200260161125
COC(=O)c1cc(C(=CCCN)c2cc(Cl)c(OC)c(C(=O)OC)c2)cc(Cl)c1OC,4.200659450546418
CCc1nc(CCCCCCC(=O)c2ccccc2)n2nc(Cl)ccc12,5.698970004336019
COC(=O)c1cc(C(=CCCCC(=O)O)c2cc(Cl)c(OC)c(C(=O)OC)c2)cc(Cl)c1OC,4.0
Cc1nc(CCCCCCCc2ccccc2)n2nc(Cl)ccc12,4.853871964321762
COc1c(Cl)cc(C(=CCCCC(=O)O)c2cc(Cl)c(OC)c(C(=O)O)c2)cc1C(=O)O,4.0
Cc1nc(CCCCCC(=O)Cc2ccccc2)n2nc(Cl)ccc12,5.4089353929735005
Cc1nc(CCCCCCC(=O)c2ccccc2)n2nc(N(C)C)ccc12,6.568636235841013
COC(=O)c1cc(C(=CCCO)c2cc(Br)c(OC)c(C(=O)OC)c2)cc(Br)c1OC,4.5003129173815966
CCCCCC=C(c1cc(I)c(OC)c(C(=O)OC)c1)c1cc(I)c(OC)c(C(=O)OC)c1,4.958607314841775
COc1ccc2c(C)nc(CCCCCCC(=O)c3ccccc3)n2n1.Cl,6.1938200260161125
CNc1ccc2c(C)nc(CCCCCCC(=O)c3ccccc3)n2n1,5.468521082957745
C=C(c1cc(Br)c(OC)c(C(=O)OC)c1)c1cc(Br)c(OC)c(C(=O)OC)c1,4.0
Cc1nc(CCCCCCC(=O)c2ccccc2)n2nc(-n3cccn3)ccc12,5.468521082957745
COC(=O)C=C(c1cc(Cl)c(OC)c(C(=O)OC)c1)c1cc(Cl)c(OC)c(C(=O)OC)c1,4.795880017344075
Cc1nc(CCCCCOCc2ccccc2)n2nc(Cl)ccc12,5.638272163982407
COC(=O)c1cc(C(=CCCN=[N+]=[N-])c2cc(Br)c(OC)c(C(=O)OC)c2)cc(Br)c1OC,4.026872146400302
Cc1nc(CCCCCO)n2nc(Cl)ccc12,4.0
Cc1nc(CCCCCCC(=O)c2ccccc2)n2nc(-n3nccn3)ccc12,5.886056647693163
CCOc1ccc(/C=C2\SC(=S)N(CCC(=O)Nc3ccc(O)c(C(=O)O)c3)C2=O)cc1,4.769551078621726
CCOc1ccc(/C=C2\SC(=S)N(CCC(=O)Nc3ccc(O)c(C(=O)O)c3)C2=O)cc1,4.958607314841775
O=C(CCN1C(=O)/C(=C/c2ccc3c(c2)OCO3)SC1=S)Nc1ccc(O)c(C(=O)O)c1,4.823908740944319
O=C(CCN1C(=O)/C(=C/c2ccc3c(c2)OCO3)SC1=S)Nc1ccc(O)c(C(=O)O)c1,4.769551078621726
O=C(CCCN1C(=O)/C(=C\c2cccs2)SC1=S)Nc1ccc(O)c(C(=O)O)c1,4.356547323513812
O=C(CCCN1C(=O)/C(=C\c2cccs2)SC1=S)Nc1ccc(O)c(C(=O)O)c1,4.455931955649724
CCc1ccc(/C=C2\SC(=S)N(CCC(=O)Nc3ccc(O)c(C(=O)O)c3)C2=O)cc1,4.823908740944319
CCc1ccc(/C=C2\SC(=S)N(CCC(=O)Nc3ccc(O)c(C(=O)O)c3)C2=O)cc1,4.958607314841775
O=C(CCN1C(=O)/C(=C/c2cccs2)SC1=S)Nc1ccc(O)c(C(=O)O)c1,4.42021640338319
O=C(CCN1C(=O)/C(=C/c2cccs2)SC1=S)Nc1ccc(O)c(C(=O)O)c1,4.42021640338319
CC(/C=C1\SC(=S)N(CCC(=O)Nc2ccc(O)c(C(=O)O)c2)C1=O)=C\c1ccccc1,4.443697499232712
CC(/C=C1\SC(=S)N(CCC(=O)Nc2ccc(O)c(C(=O)O)c2)C1=O)=C\c1ccccc1,4.638272163982407
O=C(CCCN1C(=O)/C(=C/c2cccs2)SC1=S)Nc1ccc(C(=O)O)c(O)c1,4.494850021680094
O=C(CCCN1C(=O)/C(=C/c2cccs2)SC1=S)Nc1ccc(C(=O)O)c(O)c1,4.6020599913279625
O=C(CCN1C(=O)/C(=C/c2ccc3c(c2)OCO3)SC1=S)Nc1ccc(C(=O)O)c(O)c1,4.481486060122113
O=C(CCN1C(=O)/C(=C/c2ccc3c(c2)OCO3)SC1=S)Nc1ccc(C(=O)O)c(O)c1,4.638272163982407
COc1ccc(/C=C2/SC(=S)N(CCC(=O)Nc3ccc(C(=O)O)c(O)c3)C2=O)cc1OC,4.214670164989233
COc1ccc(/C=C2/SC(=S)N(CCC(=O)Nc3ccc(C(=O)O)c(O)c3)C2=O)cc1OC,4.769551078621726
CCOc1ccc(/C=C2\SC(=S)N(CCC(=O)Nc3cccc(C(=O)O)c3)C2=O)cc1,4.031517051446065
CCOc1ccc(/C=C2\SC(=S)N(CCC(=O)Nc3cccc(C(=O)O)c3)C2=O)cc1,4.0
Cc1ccc(/C=C2\SC(=S)N(CCC(=O)Nc3cccc(C(=O)O)c3)C2=O)cc1,4.0
Cc1ccc(/C=C2\SC(=S)N(CCC(=O)Nc3cccc(C(=O)O)c3)C2=O)cc1,4.0
COc1ccc(/C=C2\SC(=S)N(CCC(=O)Nc3cccc(C(=O)O)c3)C2=O)cc1,4.0
COc1ccc(/C=C2\SC(=S)N(CCC(=O)Nc3cccc(C(=O)O)c3)C2=O)cc1,4.0
COc1cc(/C=C2/SC(=S)N(CCC(=O)Nc3ccc(C(=O)O)cc3)C2=O)cc(OC)c1OC,4.013228265733755
COc1cc(/C=C2/SC(=S)N(CCC(=O)Nc3ccc(C(=O)O)cc3)C2=O)cc(OC)c1OC,4.070581074285707
O=C(CCN1C(=O)/C(=C\c2cccs2)SC1=S)Nc1ccc(C(=O)O)cc1,4.0655015487564325
O=C(CCN1C(=O)/C(=C\c2cccs2)SC1=S)Nc1ccc(C(=O)O)cc1,4.0655015487564325
O=C(CCN1C(=O)/C(=C/c2cccs2)SC1=S)Nc1cccc(C(=O)O)c1,4.0
O=C(CCN1C(=O)/C(=C/c2cccs2)SC1=S)Nc1cccc(C(=O)O)c1,4.0
CCc1ccc(/C=C2/SC(=S)N(CC(=O)Nc3cccc(C(=O)O)c3)C2=O)cc1,4.0
CCc1ccc(/C=C2/SC(=S)N(CC(=O)Nc3cccc(C(=O)O)c3)C2=O)cc1,4.0
COc1cccc(/C=C2/SC(=S)N(CC(=O)Nc3cccc(C(=O)O)c3)C2=O)c1,4.0
COc1cccc(/C=C2/SC(=S)N(CC(=O)Nc3cccc(C(=O)O)c3)C2=O)c1,4.0
O=C(CN1C(=O)/C(=C/c2ccccc2Cl)SC1=S)Nc1cccc(C(=O)O)c1,4.0
O=C(CN1C(=O)/C(=C/c2ccccc2Cl)SC1=S)Nc1cccc(C(=O)O)c1,4.0
Cc1ccc(/C=C2/SC(=S)N(CC(=O)Nc3cccc(C(=O)O)c3)C2=O)cc1,4.008773924307505
Cc1ccc(/C=C2/SC(=S)N(CC(=O)Nc3cccc(C(=O)O)c3)C2=O)cc1,4.0
COc1ccccc1/C=C1/SC(=S)N(CCC(=O)Nc2ccc(O)cc2)C1=O,4.00436480540245
COc1ccccc1/C=C1/SC(=S)N(CCC(=O)Nc2ccc(O)cc2)C1=O,4.0
O=C(CCN1C(=O)/C(=C/c2cccs2)SC1=S)Nc1cccc(O)c1,4.0
O=C(CCN1C(=O)/C(=C/c2cccs2)SC1=S)Nc1cccc(O)c1,4.0
COc1ccc(/C=C2\SC(=S)N(CCC(=O)Nc3cccc(O)c3)C2=O)cc1OC,4.0
COc1ccc(/C=C2\SC(=S)N(CCC(=O)Nc3cccc(O)c3)C2=O)cc1OC,4.045757490560675
COc1cccc(/C=C2/SC(=S)N(CC(=O)Nc3ccc([N+](=O)[O-])cc3O)C2=O)c1,4.0
COc1cccc(/C=C2/SC(=S)N(CC(=O)Nc3ccc([N+](=O)[O-])cc3O)C2=O)c1,4.0
Cc1ccc(/C=C2\SC(=S)N(CC(=O)Nc3cc([N+](=O)[O-])ccc3O)C2=O)cc1,4.075720713938118
Cc1ccc(/C=C2\SC(=S)N(CC(=O)Nc3cc([N+](=O)[O-])ccc3O)C2=O)cc1,4.096910013008056
O=C(CN1C(=O)/C(=C/c2ccccc2Cl)SC1=S)Nc1ccc([N+](=O)[O-])cc1O,4.0
O=C(CN1C(=O)/C(=C/c2ccccc2Cl)SC1=S)Nc1ccc([N+](=O)[O-])cc1O,4.0
O=C(CN1C(=O)/C(=C/c2ccccc2Cl)SC1=S)Nc1cc([N+](=O)[O-])ccc1O,4.698970004336019
O=C(CN1C(=O)/C(=C/c2ccccc2Cl)SC1=S)Nc1cc([N+](=O)[O-])ccc1O,4.7447274948966935
COc1cc(/C=C2\SC(=S)N(CC(=O)Nc3cc(Cl)ccc3O)C2=O)cc(OC)c1OC,4.494850021680094
COc1cc(/C=C2\SC(=S)N(CC(=O)Nc3cc(Cl)ccc3O)C2=O)cc(OC)c1OC,4.769551078621726
Cc1ccc(/C=C2\SC(=S)N(CC(=O)Nc3ccc([N+](=O)[O-])cc3O)C2=O)cc1,4.0
Cc1ccc(/C=C2\SC(=S)N(CC(=O)Nc3ccc([N+](=O)[O-])cc3O)C2=O)cc1,4.0
O=C(CN1C(=O)/C(=C2\SC(=S)N(CC(=O)Nc3ccc(C(=O)O)cc3)C2=O)SC1=S)Nc1ccc(C(=O)O)cc1,4.229147988357856
O=C(CN1C(=O)/C(=C2\SC(=S)N(CC(=O)Nc3ccc(C(=O)O)cc3)C2=O)SC1=S)Nc1ccc(C(=O)O)cc1,4.1249387366083
O=C(CN1C(=O)/C(=C2\SC(=S)N(CC(=O)Nc3ccc(O)cc3)C2=O)SC1=S)Nc1ccc(O)cc1,4.229147988357856
O=C(CN1C(=O)/C(=C2\SC(=S)N(CC(=O)Nc3ccc(O)cc3)C2=O)SC1=S)Nc1ccc(O)cc1,4.161150909262744
O=C(CCN1C(=O)/C(=C/c2ccccc2Cl)SC1=S)Nc1ccc([N+](=O)[O-])cc1,4.0
O=C(CCN1C(=O)/C(=C/c2ccccc2Cl)SC1=S)Nc1ccc([N+](=O)[O-])cc1,4.0
Cc1ccc(/C=C2\SC(=S)N(CCC(=O)Nc3ccc(S(=O)(=O)Nc4nccs4)cc3)C2=O)cc1,4.080921907623926
Cc1ccc(/C=C2\SC(=S)N(CCC(=O)Nc3ccc(S(=O)(=O)Nc4nccs4)cc3)C2=O)cc1,4.356547323513812
O=C(CCN1C(=O)/C(=C/c2cccs2)SC1=S)Nc1ccc2ccccc2c1,4.0
O=C(CCN1C(=O)/C(=C/c2cccs2)SC1=S)Nc1ccc2ccccc2c1,4.0
O=C(CCCC1C(=O)/C(=C/c2cccs2)SC1=S)Nc1nc2ccccc2s1,4.008773924307505
O=C(CCCC1C(=O)/C(=C/c2cccs2)SC1=S)Nc1nc2ccccc2s1,4.0
O=C(CCN1C(=O)/C(=C/c2ccc3c(c2)OCO3)SC1=S)Nc1ccc2c(c1)OCO2,4.013228265733755
O=C(CCN1C(=O)/C(=C/c2ccc3c(c2)OCO3)SC1=S)Nc1ccc2c(c1)OCO2,4.031517051446065
NS(=O)(=O)c1ccc(NC(=O)CCN2C(=O)/C(=C/c3ccc(F)cc3)SC2=S)cc1,4.055517327849831
NS(=O)(=O)c1ccc(NC(=O)CCN2C(=O)/C(=C/c3ccc(F)cc3)SC2=S)cc1,4.075720713938118
CCOC(=O)N1CCN(C(=O)CCN2C(=O)/C(=C/c3ccc(OC)c(OC)c3)SC2=S)CC1,4.0
CCOC(=O)N1CCN(C(=O)CCN2C(=O)/C(=C/c3ccc(OC)c(OC)c3)SC2=S)CC1,4.0
O=C(NN1C(=O)/C(=C/c2ccc(Br)cc2)SC1=S)c1ccccc1O,4.2839966563652006
O=C(NN1C(=O)/C(=C/c2ccc(Br)cc2)SC1=S)c1ccccc1O,4.568636235841013
O=C1/C(=C/c2ccc(O)cc2O)SC(=S)N1c1ccccc1,4.0
O=C1/C(=C/c2ccc(O)cc2O)SC(=S)N1c1ccccc1,4.0
CCOc1cc(/C=C2\SC(=S)N(NC(=O)c3ccccc3O)C2=O)ccc1O,4.154901959985743
CCOc1cc(/C=C2\SC(=S)N(NC(=O)c3ccccc3O)C2=O)ccc1O,4.42021640338319
O=C1/C(=C/c2c(NCCO)nc3ccccn3c2=O)SC(=S)N1Cc1ccco1,4.0
O=C1/C(=C/c2c(NCCO)nc3ccccn3c2=O)SC(=S)N1Cc1ccco1,4.0
Cc1ccc(C(=O)Nc2ccc(O)c(C(=O)O)c2)o1,4.0
Cc1ccc(C(=O)Nc2ccc(O)c(C(=O)O)c2)o1,4.0
Cc1onc(-c2ccccc2Cl)c1C(=O)c1ccc(O)c(C(=O)O)c1,4.0
Cc1onc(-c2ccccc2Cl)c1C(=O)c1ccc(O)c(C(=O)O)c1,4.0
COc1cc(C(=O)Nc2ccc(O)c(C(=O)O)c2)cc(OC)c1OC,4.0
COc1cc(C(=O)Nc2ccc(O)c(C(=O)O)c2)cc(OC)c1OC,4.0
O=C(O)c1cc(-c2ccc(C=C3C(=O)c4ccccc4C3=O)o2)ccc1O,4.3979400086720375
O=C(O)c1cc(-c2ccc(C=C3C(=O)c4ccccc4C3=O)o2)ccc1O,4.366531544420414
O=C(O)c1cc(NCc2cccc(C#Cc3ccccc3)c2)ccc1O,4.214670164989233
O=C(O)c1cc(NCc2cccc(C#Cc3ccccc3)c2)ccc1O,4.494850021680094
O=C(O)c1cc(N2C(=O)c3ccc(Oc4ccc5c(c4)C(=O)N(c4ccc(O)c(C(=O)O)c4)C5=O)cc3C2=O)ccc1O,4.886056647693163
O=C(O)c1cc(N2C(=O)c3ccc(Oc4ccc5c(c4)C(=O)N(c4ccc(O)c(C(=O)O)c4)C5=O)cc3C2=O)ccc1O,4.920818753952375
O=C(O)c1ccc(S(=O)(=O)c2ccc3c(c2)C(=O)N(c2ccc(O)c(C(=O)O)c2)C3=O)cc1,4.180456064458132
O=C(O)c1ccc(S(=O)(=O)c2ccc3c(c2)C(=O)N(c2ccc(O)c(C(=O)O)c2)C3=O)cc1,4.356547323513812
Cc1ccc2[nH]c(/C(C#N)=C/c3ccc(-c4ccc(O)c(C(=O)O)c4)o3)nc2c1,4.795880017344075
Cc1ccc2[nH]c(/C(C#N)=C/c3ccc(-c4ccc(O)c(C(=O)O)c4)o3)nc2c1,5.096910013008056
Cc1nc(=O)c(-c2ccccc2)c(C)n1-c1ccc(O)c(C(=O)O)c1,4.017728766960432
Cc1nc(=O)c(-c2ccccc2)c(C)n1-c1ccc(O)c(C(=O)O)c1,4.136677139879544
O=C(NC(=S)Nc1ccc(O)c(C(=O)O)c1)c1ccccc1,4.0
O=C(NC(=S)Nc1ccc(O)c(C(=O)O)c1)c1ccccc1,4.0
COc1cc(S(=O)(=O)Nc2ccc(C(=O)O)c(O)c2)cc(/C=C/C(=O)O)c1OC,4.107905397309519
COc1cc(S(=O)(=O)Nc2ccc(C(=O)O)c(O)c2)cc(/C=C/C(=O)O)c1OC,4.1249387366083
O=C(/C=C(\O)c1ccc(Cc2ccc(F)cc2)o1)c1nc[nH]n1,7.698970004336019
O=C(/C=C(\O)c1c[nH]c2ccc(Cl)cc12)c1nn[nH]n1,5.638272163982407
O=C(/C=C(\O)c1ccc(Cc2ccc(F)cc2)[nH]1)c1nc[nH]n1,6.0
O=C(/C=C(\O)c1ccc(Cc2ccc(F)cc2)o1)c1cc[nH]c1,6.0
Cc1cn([C@H]2C[C@H](N=[N+]=[N-])[C@@H](COP(=O)(O)OP(=O)(O)OP(=O)(O)O)O2)c(=O)[nH]c1=O,5.6777807052660805
C#C[C@]1(COP(=O)(O)OP(=O)(O)OP(=O)(O)O)O[C@@H](n2cc(C)c(=O)[nH]c2=O)C[C@@H]1O,5.484126156288321
O=C(O)C1(C(=O)O)[C@]23c4c5c6c7c8c9c%10c%11c%12c%13c%14c%15c%16c%17c%18c%19c%20c(c2c2c4c4c6c6c8c%10c8c%12c%10c%14c(c%15%19)c%12c%20c2c2c4c6c8c%10c%122)[C@@H]%18[C@H]2c4c6c8c%10c(c4-%17)[C@@H]%16[C@H]%13[C@@]%114C(C(=O)O)(C(=O)O)[C@]%104C=9[C@H]8[C@@H]7C5=C6[C@@]213,5.920818753952375
C[N+]1(C)C[C@@]23C4=C5C6=C7c8c9c%10c%11c%12c%13c%14c%15c%16c%17c%18c%19c%20c%21c%22c%23c%24c%25c%26c%27c(c(c8c8c%10c%13c(c%278)c8c%14c%17c(c%24c%22%18)c%268)[C@@]72C1)[C@H]%25[C@@H]3C=%23[C@@H]4[C@H]%21c1c5c2c3c(c1-%20)[C@H]([C@H]%19%16)[C@@]1(C[N+](C)(C)C[C@]%12%151)C3=C%11[C@H]9[C@H]62.[I-].[I-],5.795880017344075
C[N+]1(C)C[C@]23c4c5c6c7c8c9c%10c%11c%12c%13c%14c%15c%16c%17c%18c%19c%20c(c2c2c4c4c6c6c8c%10c8c%12c%10c%14c(c%15%19)c%12c%20c2c2c4c6c8c%10c%122)[C@@H]%18[C@H]2c4c6c8c%10c(c4-%17)[C@@H]%16[C@H]%13[C@@]%114C[N+](C)(C)C[C@]%104C=9[C@H]8[C@@H]7C5=C6[C@]23C1.[I-].[I-],5.853871964321762
C[N+]1(C)C[C@]23c4c5c6c7c8c9c%10c%11c%12c%13c%14c%15c%16c%17c%18c%19c%20c%21c(c2c2c4c4c6c9c6c4c4c2c%21c2c(c%16%20)c%15c9c%13c%10c6c9c24)[C@@H]%19[C@H]2c4c6c9c%10c(c4-%18)[C@@H]%17[C@@H]%14C%12=C%10[C@]4(C[N+](C)(C)C[C@@]8%114)[C@H]9[C@@H]7C5=C6[C@]23C1.[I-].[I-],5.769551078621726
CCCCCCCCCC[N@+]1(C)C[C@@]23c4c5c6c7c8c9c%10c%11c%12c%13c%14c%15c%16c%17c%18c%19c%20c%21c(c2c2c4c4c6c9c6c4c4c2c%21c2c%19c(c%18%14)c9c%13c%10c6c9c24)C2=C4c6c(c-%16c9c%10c6[C@H]([C@@H]5C7=C%10[C@]5(C[N+](C)(C)C[C@]8%115)[C@H]9[C@H]%15%12)[C@@]43C1)[C@@H]%17[C@H]2%20.[I-].[I-],5.886056647693163
C=C(O)C[C@@H]1[C@@H](C(=O)O)[C@]23c4c5c6c7c8c9c%10c%11c%12c%13c%14c%15c%16c%17c%18c%19c%20c(c2c2c4c4c6c6c8c%10c8c%12c%10c%14c(c%15%19)c%12c%20c2c2c4c6c8c%10c%122)[C@@H]%18[C@H]2c4c6c8c%10c(c4-%17)[C@H]%16[C@@H]%13[C@@H]%11[C@H]%10C=9[C@H]8[C@@H]7C5=C6[C@]23[C@@H]1C(=O)O,7.5376020021010435
O=C(O)CN1C[C@@]23C4=C5c6c7c8c9c(c%10c%11c%12c%13c%14c%15c%16c%17c%18c%19c%20c%21c%22c%23c(c6c6c8c8c%24c9c%11c9c(c%16%12)c%17c%11c%19c%12c%21c%23c6c8c%12c%11c9%24)[C@@H]5[C@@H]5C=%22[C@H]6c8c(c-%14c(c4c85)[C@@H]2[C@H]%13%10)[C@H]%15[C@@H]%18[C@@H]%206)[C@]73[C@@H]1C(=O)O,6.0
Cc1ccnc2c1NC(=O)c1cccnc1N2C1CC1,5.522878745280337
Nc1ncnc2c1ncn2[C@@H]1CO[C@H](COP(=O)(O)O[C@H]2C[C@H](n3cnc4c(N)ncnc43)O[C@@H]2COP(=O)(O)O)[C@H]1O,3.0
Nc1ncnc2c1ncn2[C@@H]1CO[C@H](COP(=O)(O)O[C@H]2C[C@H](n3cnc4c(N)ncnc43)O[C@@H]2COP(=O)(O)O)[C@H]1O,4.3872161432802645
Nc1ncnc2c1ncn2[C@@H]1CO[C@H](COP(=O)(O)O[C@H]2C[C@H](n3cnc4c(N)ncnc43)O[C@@H]2COP(=O)(O)O)C1,3.0
Nc1ncnc2c1ncn2[C@@H]1CO[C@H](COP(=O)(O)O[C@H]2C[C@H](n3cnc4c(N)ncnc43)O[C@@H]2COP(=O)(O)O)C1,3.9430951486635273
Nc1ccn([C@H]2C[C@H](O)[C@@H](COP(=O)(O)O[C@H]3C[C@H](n4cnc5c(N)ncnc54)O[C@@H]3COP(=O)(O)O)O2)c(=O)n1,4.721246399047171
Nc1ccn([C@H]2C[C@H](O)[C@@H](COP(=O)(O)O[C@H]3C[C@H](n4cnc5c(N)ncnc54)O[C@@H]3COP(=O)(O)O)O2)c(=O)n1,4.6020599913279625
Nc1ccn([C@@H]2CO[C@H](COP(=O)(O)O[C@H]3C[C@H](n4cnc5c(N)ncnc54)O[C@@H]3COP(=O)(O)O)[C@H]2O)c(=O)n1,3.0
Nc1ccn([C@@H]2CO[C@H](COP(=O)(O)O[C@H]3C[C@H](n4cnc5c(N)ncnc54)O[C@@H]3COP(=O)(O)O)[C@H]2O)c(=O)n1,4.187086643357144
O=C1Nc2cccc(F)c2C(C#CC2CC2)(C(F)(F)F)O1,7.107905397309519
CCC#CC1(C(F)(F)F)OC(=O)Nc2cccc(F)c21,6.896196279044043
CCCC#CC1(C(F)(F)F)OC(=O)Nc2cccc(F)c21,6.806875401645538
CC(C)C#CC1(C(F)(F)F)OC(=O)Nc2cccc(F)c21,6.991399828238082
O=C1Nc2ccc([N+](=O)[O-])cc2C(C#CC2CC2)(C(F)(F)F)O1,6.679853713888946
CCC#CC1(C(F)(F)F)OC(=O)Nc2ccc([N+](=O)[O-])cc21,6.559090917934782
CCCC#CC1(C(F)(F)F)OC(=O)Nc2ccc([N+](=O)[O-])cc21,6.517126416391246
CC(C)C#CC1(C(F)(F)F)OC(=O)Nc2ccc([N+](=O)[O-])cc21,6.701146923590294
Nc1ccc2c(c1)C(C#CC1CC1)(C(F)(F)F)OC(=O)N2,6.095825631715837
CCC#CC1(C(F)(F)F)OC(=O)Nc2ccc(N)cc21,5.722620025332746
CCCC#CC1(C(F)(F)F)OC(=O)Nc2ccc(N)cc21,5.822175028135319
CC(C)C#CC1(C(F)(F)F)OC(=O)Nc2ccc(N)cc21,6.047691990337875
CNc1ccc2c(c1)C(C#CC1CC1)(C(F)(F)F)OC(=O)N2,6.216096420727265
CNc1ccc2c(c1)C(C#CC(C)C)(C(F)(F)F)OC(=O)N2,6.325138859262188
CC(=O)Nc1ccc2c(c1)C(C#CC1CC1)(C(F)(F)F)OC(=O)N2,5.698970004336019
CC(=O)Nc1ccc2c(c1)C(C#CC(C)C)(C(F)(F)F)OC(=O)N2,5.698970004336019
O=C(O)C(=O)/C=C(\O)c1ccccc1,4.6020599913279625
O=C(O)c1nc(-c2ccccc2)nc(O)c1O,4.0
O=C(O)c1nc(-c2ccc(Cl)cc2)nc(O)c1O,4.638272163982407
O=C(O)c1nc(-c2cccc(OCc3ccccc3)c2)nc(O)c1O,4.0
O=C(O)c1nc(-c2cccc(O)c2)nc(O)c1O,4.0
O=C(c1ccc([N+](=O)[O-])cc1)c1ccc2ccc(/C=C/c3ccc(O)c(O)c3)nc2c1O,4.0
O=C(c1ccc([N+](=O)[O-])cc1)c1ccc2ccc(/C=C/c3ccc(O)c(O)c3)nc2c1O,4.0
O=C(c1cccnc1)c1ccc2ccc(/C=C/c3ccc(O)c(O)c3)nc2c1O,4.0
O=C(c1cccnc1)c1ccc2ccc(/C=C/c3ccc(O)c(O)c3)nc2c1O,4.0
O=C(O)c1ccc2ccc(/C=C/c3ccc(O)c(O)c3)nc2c1O,5.698970004336019
O=C(O)c1ccc2ccc(/C=C/c3ccc(O)c(O)c3)nc2c1O,6.0
O=C(c1ccc(F)c(F)c1)c1ccc2ccc(/C=C/c3ccc(O)c(O)c3)nc2c1O,4.0
O=C(c1ccc(F)c(F)c1)c1ccc2ccc(/C=C/c3ccc(O)c(O)c3)nc2c1O,4.0
O=C(c1ccc(O)cc1)c1ccc2ccc(/C=C/c3ccc(O)c(O)c3)nc2c1O,4.0
O=C(c1ccc(O)cc1)c1ccc2ccc(/C=C/c3ccc(O)c(O)c3)nc2c1O,4.0
O=C(c1ccccc1[N+](=O)[O-])c1ccc2ccc(/C=C/c3ccc(O)c(O)c3)nc2c1O,4.0
O=C(c1ccccc1[N+](=O)[O-])c1ccc2ccc(/C=C/c3ccc(O)c(O)c3)nc2c1O,4.154901959985743
CCCc1c(OC2CCCCC2)c2cc(Cl)ccc2[nH]c1=O,6.1487416512809245
CCCc1c(OC2CCCCC2)c2cc(Cl)ccc2[nH]c1=O,5.94692155651658
CCCc1c(OC2CCCCC2)c2cc(Cl)ccc2[nH]c1=O,8.823908740944319
CCCc1c(OC2CCCCC2)c2cc(Cl)ccc2[nH]c1=O,5.866461091629782
CCCc1c(OC2CCCCC2)c2cc(Cl)ccc2[nH]c1=O,5.721246399047171
CC(C)c1c(OC2CCCCC2)c2cc(Cl)ccc2[nH]c1=O,6.200659450546418
CC(C)c1c(OC2CCCCC2)c2cc(Cl)ccc2[nH]c1=O,5.6020599913279625
CC(C)c1c(OC2CCCCC2)c2cc(Cl)ccc2[nH]c1=O,5.707743928643524
CC(C)c1c(OC2CCCCC2)c2cc(Cl)ccc2[nH]c1=O,5.508638306165727
CCCc1c(SC2CCCCC2)c2cc(Cl)ccc2[nH]c1=O,6.619788758288394
CCCc1c(SC2CCCCC2)c2cc(Cl)ccc2[nH]c1=O,6.0655015487564325
CCCc1c(SC2CCCCC2)c2cc(Cl)ccc2[nH]c1=O,5.79317412396815
CCCc1c(SC2CCCCC2)c2cc(Cl)ccc2[nH]c1=O,5.173925197299174
CCCc1c(O)nc2ccc(Cl)cc2c1[S+]([O-])C1CCCCC1,6.42021640338319
CCCc1c(O)nc2ccc(Cl)cc2c1[S+]([O-])C1CCCCC1,5.8996294548824375
CCCc1c(O)nc2ccc(Cl)cc2c1[S+]([O-])C1CCCCC1,5.623423042943488
CCCc1c(O)nc2ccc(Cl)cc2c1[S+]([O-])C1CCCCC1,5.207608310501746
Cc1ccnc2c1NC(=O)c1cccnc1N2C1CC1,6.522878745280337
Cc1ccnc2c1NC(=O)c1cccnc1N2C1CC1,4.0
Cc1ccnc2c1NC(=O)c1cccnc1N2C1CC1,4.0
Cc1ccnc2c1NC(=O)c1cccnc1N2C1CC1,4.0
CCN1c2ncc(CCOc3ccc(C(=O)O)c4ccccc34)cc2C(=O)N(C)c2cccnc21,7.568636235841013
CCN1c2ncc(CCOc3ccc(C(=O)O)c4ccccc34)cc2C(=O)N(C)c2cccnc21,6.7121982700697735
CCN1c2ncc(CCOc3cccc4c(C(=O)O)cccc34)cc2C(=O)N(C)c2cccnc21,7.221848749616356
CCN1c2ncc(CCOc3cccc4c(C(=O)O)cccc34)cc2C(=O)N(C)c2cccnc21,6.259637310505756
CCN1c2ncc(CCOc3ccc4c(C(=O)O)cccc4c3)cc2C(=O)N(C)c2cccnc21,7.200659450546418
CCN1c2ncc(CCOc3ccc4c(C(=O)O)cccc4c3)cc2C(=O)N(C)c2cccnc21,5.3979400086720375
CCN1c2ncc(CCOc3ccc4cc(C(=O)O)ccc4c3)cc2C(=O)N(C)c2cccnc21,7.853871964321762
CCN1c2ncc(CCOc3ccc4cc(C(=O)O)ccc4c3)cc2C(=O)N(C)c2cccnc21,5.958607314841775
CCN1c2ncc(CCOc3ccc(C(=O)O)cc3)cc2C(=O)N(C)c2cccnc21,7.022276394711152
CCN1c2ncc(CCOc3ccc(C(=O)O)cc3)cc2C(=O)N(C)c2cccnc21,5.3487219860018556
CCN1c2ncc(CCOc3ccc(C(=O)O)cc3C)cc2C(=O)N(C)c2cccnc21,7.769551078621726
CCN1c2ncc(CCOc3ccc(C(=O)O)cc3C)cc2C(=O)N(C)c2cccnc21,6.655607726314889
CCc1cc(C(=O)O)ccc1OCCc1cnc2c(c1)C(=O)N(C)c1cccnc1N2CC,7.721246399047171
CCc1cc(C(=O)O)ccc1OCCc1cnc2c(c1)C(=O)N(C)c1cccnc1N2CC,6.366531544420414
CCN1c2ncc(CCOc3ccc(C(=O)O)cc3Br)cc2C(=O)N(C)c2cccnc21,7.7447274948966935
CCN1c2ncc(CCOc3ccc(C(=O)O)cc3Br)cc2C(=O)N(C)c2cccnc21,6.522878745280337
CCN1c2ncc(CCOc3ccc(CC(=O)O)cc3C)cc2C(=O)N(C)c2cccnc21,7.638272163982407
CCN1c2ncc(CCOc3ccc(CC(=O)O)cc3C)cc2C(=O)N(C)c2cccnc21,6.431798275933005
CCN1c2ncc(CCOc3ccc(CCC(=O)O)cc3C)cc2C(=O)N(C)c2cccnc21,7.657577319177793
CCN1c2ncc(CCOc3ccc(CCC(=O)O)cc3C)cc2C(=O)N(C)c2cccnc21,6.698970004336019
CCN1c2ncc(CCOc3ccc(C(=O)O)cc3C)cc2C(=O)N(C)c2ccc(F)nc21,7.823908740944319
CCN1c2ncc(CCOc3ccc(C(=O)O)cc3C)cc2C(=O)N(C)c2ccc(F)nc21,6.823908740944319
CCN1c2ncc(CCOc3ccc(C(=O)O)cc3C)cc2C(=O)N(C)c2ccc(OC)nc21,7.823908740944319
CCN1c2ncc(CCOc3ccc(C(=O)O)cc3C)cc2C(=O)N(C)c2ccc(OC)nc21,6.522878745280337
CCN1c2ncc(CCOc3ccc(C(=O)O)cc3C)cc2C(=O)N(C)c2ccc(Cl)nc21,8.0
CCN1c2ncc(CCOc3ccc(C(=O)O)cc3C)cc2C(=O)N(C)c2ccc(Cl)nc21,7.1938200260161125
CCN1c2ncc(CCOc3ccc(C(=O)O)cc3C)cc2C(=O)N(C)c2ccc(C)nc21,7.721246399047171
CCN1c2ncc(CCOc3ccc(C(=O)O)cc3C)cc2C(=O)N(C)c2ccc(C)nc21,6.552841968657781
O=c1[nH]c2ccc(Cl)cc2n1Cc1c(F)cccc1F,5.543633966870957
Oc1nc2cc(Cl)ccc2n1Cc1c(F)cccc1F,4.221848749616356
O=c1oc2ccc(Cl)cc2n1Cc1c(F)cccc1F,4.698970004336019
Oc1nc2ccc(Cl)cc2n1Cc1c(Cl)cccc1Cl,5.1249387366083
CC(C)c1ccc(Cn2c(O)nc3ccc(Cl)cc32)cc1,4.790484985457369
Oc1nc2ccc(Cl)cc2n1Cc1cccc2ccccc12,4.896196279044043
Oc1nc2ccc(Cl)cc2n1Cc1ccc2ccccc2c1,5.2839966563652006
Oc1nc2ccc(Cl)cc2n1CC1CCCCC1,4.301029995663981
Fc1cccc(F)c1C1SCc2nc3ccccc3n21,4.609594843519919
O=C1c2ccccc2C(=O)N1CCOC(=S)Nc1ccccc1,6.221848749616356
O=C1c2ccccc2C(=O)N1CCOC(=S)Nc1ccc(I)cc1,7.045757490560675
O=C1c2ccccc2C(=O)N1CCOC(=S)Nc1ccc(I)cc1,5.638272163982407
O=C1c2ccccc2C(=O)N1CCOC(=S)Nc1ccc(I)cc1,4.698970004336019
O=C1c2ccccc2C(=O)N1CCOC(=S)Nc1ccc(I)cc1,4.698970004336019
N#Cc1c(N)cccc1Sc1ccccc1,5.059999795537068
COc1ccccc1Sc1cccc(N)c1C#N,5.570000775141681
COc1cccc(Sc2cccc(N)c2C#N)c1,5.820000358220839
Cc1cccc(Sc2cccc(N)c2C#N)c1,6.020001176026261
Cc1ccc(Sc2cccc(N)c2C#N)cc1,5.2399999527072705
N#Cc1c(N)cccc1Sc1ccccc1Cl,5.1399999760652255
N#Cc1c(N)cccc1Sc1cccc(Cl)c1,4.800000052738446
N#Cc1c(N)cccc1Sc1ccc(Cl)cc1,4.920000156997057
N#Cc1c(N)cccc1Sc1cccc(Br)c1,4.820000071285178
N#Cc1c(N)cccc1Sc1cccc(F)c1,4.920000156997057
N#Cc1ccccc1Sc1cccc(N)c1C#N,5.039999923502186
N#Cc1cccc(Sc2cccc(N)c2C#N)c1,5.95999928552668
N#Cc1c(N)cccc1Sc1cccc(C(F)(F)F)c1,5.149999867728904
N#Cc1c(N)cccc1Sc1cc(Cl)ccc1Cl,5.4599998126889995
Cc1cc(C)cc(Sc2cccc(N)c2C#N)c1,5.95999928552668
N#Cc1c(N)cccc1Sc1cc(Cl)cc(Cl)c1,6.919987152892072
Cc1cc(Cl)cc(Sc2cccc(N)c2C#N)c1,5.770000934050708
COc1cc(C)cc(Sc2cccc(N)c2C#N)c1,6.850011543508524
COc1cc(Sc2cccc(N)c2C#N)cc(C(F)(F)F)c1,4.889999848866887
COc1ccccc1[S+]([O-])c1cccc(N)c1C#N,4.920000156997057
COc1cccc([S+]([O-])c2cccc(N)c2C#N)c1,4.719999935717911
Cc1cccc([S+]([O-])c2cccc(N)c2C#N)c1,5.0
N#Cc1c(N)cccc1[S+]([O-])c1cccc(Br)c1,5.32000008377078
N#Cc1ccccc1[S+]([O-])c1cccc(N)c1C#N,5.010000098195094
Cc1cc(C)cc([S+]([O-])c2cccc(N)c2C#N)c1,6.299997602857746
N#Cc1c(N)cccc1[S+]([O-])c1cc(Cl)ccc1Cl,5.210000001311122
Cc1cc(Cl)cc([S+]([O-])c2cccc(N)c2C#N)c1,6.279997898282849
COc1cc([S+]([O-])c2cccc(N)c2C#N)cc(C(F)(F)F)c1,6.050000457140078
N#Cc1c(N)cccc1S(=O)(=O)c1ccccc1,5.159999981744464
COc1ccccc1S(=O)(=O)c1cccc(N)c1C#N,5.849999245077862
COc1cccc(S(=O)(=O)c2cccc(N)c2C#N)c1,6.219999701663429
COc1ccc(S(=O)(=O)c2cccc(N)c2C#N)cc1,4.889999848866887
CCCCOc1cc(C)cc(S(=O)(=O)c2cccc(N)c2C#N)c1,6.399996913372259
Cc1ccccc1S(=O)(=O)c1cccc(N)c1C#N,5.349999603463148
N#Cc1c(N)cccc1S(=O)(=O)c1cccc2ccccc12,6.0
Cc1cccc(S(=O)(=O)c2cccc(N)c2C#N)c1,6.699991797446187
N#Cc1c(N)cccc1S(=O)(=O)c1ccc2ccccc2c1,7.5300307905000405
Cc1ccc(S(=O)(=O)c2cccc(N)c2C#N)cc1,5.1399999760652255
N#Cc1c(N)cccc1S(=O)(=O)c1ccccc1Cl,5.229999745811777
N#Cc1c(N)cccc1S(=O)(=O)c1cccc(Cl)c1,6.399996913372259
N#Cc1c(N)cccc1S(=O)(=O)c1ccccc1Br,4.920000156997057
N#Cc1c(N)cccc1S(=O)(=O)c1cccc(Br)c1,6.699991797446187
N#Cc1c(N)cccc1S(=O)(=O)c1ccccc1F,5.300000202445418
N#Cc1ccccc1S(=O)(=O)c1cccc(N)c1C#N,5.219999701663429
N#Cc1cccc(S(=O)(=O)c2cccc(N)c2C#N)c1,5.740000204918113
N#Cc1c(N)cccc1S(=O)(=O)c1cccc(C(F)(F)F)c1,5.280000380871156
N#Cc1c(N)cccc1S(=O)(=O)c1cc(Cl)ccc1Cl,6.519993057042849
N#Cc1c(N)cccc1S(=O)(=O)c1cc(Cl)cc(Cl)c1,7.519993057042849
Cc1cc(C)cc(S(=O)(=O)c2cccc(N)c2C#N)c1,8.15002808767115
Cc1cc(Br)cc(S(=O)(=O)c2cccc(N)c2C#N)c1,8.51999305704285
Cc1cc(Cl)cc(S(=O)(=O)c2cccc(N)c2C#N)c1,8.299988937677888
COc1cc(C)cc(S(=O)(=O)c2cccc(N)c2C#N)c1,8.0
COc1cc(C(F)(F)F)cc(S(=O)(=O)c2cccc(N)c2C#N)c1,7.400007822415902
O=[N+]([O-])c1ccccc1S(=O)(=O)c1ccccc1,4.800000052738446
O=[N+]([O-])c1ccccc1S(=O)(=O)c1ccccc1[N+](=O)[O-],4.849999859991125
CN1N=C(N)c2cn([C@@H]3O[C@H](CO)[C@@H](O)[C@H]3O)c3nnnc1c23,5.657577319177793
CN1N=C(N)c2cn([C@@H]3O[C@H](CO)[C@@H](O)[C@H]3O)c3ncnc1c23,7.3979400086720375
CN1N=C(N)c2cn([C@@H]3O[C@H](CO)[C@@H](O)[C@H]3O)c3ncnc1c23,7.698970004336019
O=C(O)c1ccccc1C(=O)NCCO/C(S)=N\c1ccc(I)cc1,5.769551078621726
O=C(O)c1ccccc1C(=O)NCCO/C(S)=N\c1ccc(I)cc1,4.698970004336019
O=C(O)c1ccccc1C(=O)NCCO/C(S)=N\c1ccc(I)cc1,5.318758762624412
O=C(O)c1ccccc1C(=O)NCCO/C(S)=N\c1ccc(I)cc1,4.698970004336019
Cl.S=C(NCCc1ccccn1)Nc1ccc(Br)cn1,5.987162775294828
Cl.S=C(NCCc1ccccn1)Nc1ccc(Br)cn1,4.698970004336019
Cl.S=C(NCCc1ccccn1)Nc1ccc(Br)cn1,4.823908740944319
Cl.S=C(NCCc1ccccn1)Nc1ccc(Br)cn1,4.698970004336019
O=C1Nc2ccc(Cl)cc2[C@@](C#CC2CC2)(C(F)(F)F)O1,7.853871964321762
O=C1Nc2ccc(Cl)cc2[C@@](C#CC2CC2)(C(F)(F)F)O1,5.6777807052660805
O=C1Nc2ccc(Cl)cc2[C@@](C#CC2CC2)(C(F)(F)F)O1,7.698970004336019
O=C1Nc2ccc(Cl)cc2[C@@](C#CC2CC2)(C(F)(F)F)O1,6.301029995663981
COC(=O)Cn1c(=O)c(C)cn([C@@H]2O[C@H](CO[Si](C)(C)C(C)(C)C)[C@@]3(OS(=O)(=O)C=C3N)[C@H]2O[Si](C)(C)C(C)(C)C)c1=O,5.522878745280337
Cc1cn([C@@H]2O[C@H](CO[Si](C)(C)C(C)(C)C)[C@@]3(OS(=O)(=O)C=C3N)[C@H]2O[Si](C)(C)C(C)(C)C)c(=O)n(CC(=O)OCc2ccccc2)c1=O,3.6020599913279625
Cc1cn([C@@H]2O[C@H](CO[Si](C)(C)C(C)(C)C)[C@@]3(OS(=O)(=O)C=C3N)[C@H]2O[Si](C)(C)C(C)(C)C)c(=O)n(CC(N)=O)c1=O,3.6020599913279625
Cc1cn([C@@H]2O[C@H](CO[Si](C)(C)C(C)(C)C)[C@@]3(OS(=O)(=O)C=C3N)[C@H]2O[Si](C)(C)C(C)(C)C)c(=O)n(CC2CC2)c1=O,3.3010299956639813
Cc1cn([C@@H]2O[C@H](CO[Si](C)(C)C(C)(C)C)[C@@]3(OS(=O)(=O)C=C3N)[C@H]2O[Si](C)(C)C(C)(C)C)c(=O)n(Cc2ccccc2)c1=O,3.3010299956639813
Cc1cn([C@@H]2O[C@H](CO[Si](C)(C)C(C)(C)C)[C@@]3(OS(=O)(=O)C=C3N)[C@H]2O[Si](C)(C)C(C)(C)C)c(=O)n(CC(=O)O)c1=O,4.823908740944319
Cc1cn([C@@H]2O[C@H](CO[Si](C)(C)C(C)(C)C)[C@@]3(OS(=O)(=O)C=C3N)[C@H]2O[Si](C)(C)C(C)(C)C)c(=O)n(CCBr)c1=O,3.3010299956639813
Cc1cn([C@@H]2O[C@H](CO[Si](C)(C)C(C)(C)C)[C@@]3(OS(=O)(=O)C=C3N)[C@H]2O[Si](C)(C)C(C)(C)C)c(=O)n(CCO)c1=O,5.508638306165727
COCCn1c(=O)c(C)cn([C@@H]2O[C@H](CO[Si](C)(C)C(C)(C)C)[C@@]3(OS(=O)(=O)C=C3N)[C@H]2O[Si](C)(C)C(C)(C)C)c1=O,5.5376020021010435
Cc1cn([C@@H]2O[C@H](CO[Si](C)(C)C(C)(C)C)[C@@]3(OS(=O)(=O)C=C3N)[C@H]2O[Si](C)(C)C(C)(C)C)c(=O)n(CCc2ccccc2)c1=O,3.3010299956639813
Cc1cn([C@@H]2O[C@H](CO[Si](C)(C)C(C)(C)C)[C@@]3(OS(=O)(=O)C=C3N)[C@H]2O[Si](C)(C)C(C)(C)C)c(=O)n(CCCN(CC(=O)O)CC(=O)O)c1=O,3.3010299956639813
Cc1cn([C@@H]2O[C@H](CO[Si](C)(C)C(C)(C)C)[C@@]3(OS(=O)(=O)C=C3N)[C@H]2O[Si](C)(C)C(C)(C)C)c(=O)n(CCCN(C)C)c1=O,5.180456064458132
Cc1cn([C@@H]2O[C@H](CO[Si](C)(C)C(C)(C)C)[C@@]3(OS(=O)(=O)C=C3N)[C@H]2O[Si](C)(C)C(C)(C)C)c(=O)n(CCC[N+](C)(C)C)c1=O.[I-],4.958607314841775
COC(=O)c1cc(C(=CCCN2CCOC2=O)c2cc(Br)c(OC)c(C(=O)OC)c2)cc(Br)c1OC,6.30189945437661
COC(=O)CCC/C=C(/c1ccc(OC)c(OC)c1)c1cc(C)c(OC)c(C(=O)OC)c1,7.130768280269024
COC(=O)c1cc(/C(=C\CCN2CCOC2=O)c2ccc(OC)c(OC)c2)cc(C)c1OC,6.0
COC(=O)c1cc(/C(=C/CCN2CCOC2=O)c2ccc(OC)c(OC)c2)cc(C)c1OC,4.0
COC(=O)c1cc(/C(=C\CCN2CCOC2=O)c2cc(F)cc(C(F)(F)F)c2)cc(C)c1OC,4.804100347590766
COc1ccc(/C(=C\CCN2CCOC2=O)c2cc(F)cc(C(F)(F)F)c2)cc1OC,4.009661145212399
COc1ccc(/C(=C\CCN2CCOC2=O)c2cc(F)ccc2C(F)(F)F)cc1OC,4.0
COC(=O)CCC/C=C(/c1cc(Cl)c(OC)c(C(=O)OC)c1)c1cc(Cl)ccc1OC,4.0
COC(=O)CCC/C=C(/c1cc(C)c(OC)c(C(=O)OC)c1)c1cc(Cl)ccc1OC,4.0
COC(=O)CCC/C=C(\c1cc(F)cc(C(F)(F)F)c1)c1cc(C)c(OC)c(C(=O)OC)c1,4.0
COC(=O)CCC/C=C(\c1cc(F)cc(C(F)(F)F)c1)c1cc(Cl)c(OC)c(C(=O)OC)c1,4.0
COC(=O)CCC/C=C(\c1cc(C)c(OC)c(C(=O)OC)c1)c1cc(Cl)ccc1OC,4.0
COC(=O)CCC/C=C(/c1cc(F)cc(C(F)(F)F)c1)c1cc(C)c(OC)c(C(=O)OC)c1,4.257274868695302
COC(=O)CCC/C=C(\c1cccc(C#N)c1)c1cc(C)c(OC)c(C(=O)OC)c1,6.075720713938118
COC(=O)CCC/C=C(\c1cccc(C#N)c1)c1cc(Cl)c(OC)c(C(=O)OC)c1,6.1249387366083
COC(=O)CCC/C=C(\c1cccc(C#N)c1)c1cc(Cl)ccc1OC,5.120330794367947
COC(=O)CCC/C=C(\c1cc(F)cc(C(F)(F)F)c1)c1cc(C)c2onc(OC)c2c1,6.045757490560675
COC(=O)CCC/C=C(\c1cccc(C#N)c1)c1cc(C)c2onc(OC)c2c1,5.2441251443275085
COC(=O)CCC/C=C(/c1cc(C)c2on(C)c(=O)c2c1)c1cc(Cl)ccc1OC,5.086186147616283
COC(=O)CCC/C=C(\c1cc(F)cc(C(F)(F)F)c1)c1cc(C)c2on(C)c(=O)c2c1,4.0
Cc1cn([C@@H]2O[C@H](CO[Si](C)(C)C(C)(C)C)[C@@]3(OS(=O)(=O)C=C3N)[C@H]2O[Si](C)(C)C(C)(C)C)c(=O)n(CCc2cccc3cc[nH]c23)c1=O,3.3010299956639813
CNC(=O)Cn1c(=O)c(C)cn([C@@H]2O[C@H](CO[Si](C)(C)C(C)(C)C)[C@@]3(OS(=O)(=O)C=C3N)[C@H]2O[Si](C)(C)C(C)(C)C)c1=O,5.508638306165727
Cc1cn([C@@H]2O[C@H](CO[Si](C)(C)C(C)(C)C)[C@@]3(OS(=O)(=O)C=C3N)[C@H]2O[Si](C)(C)C(C)(C)C)c(=O)n(CC(=O)N(C)C)c1=O,5.455931955649724
Cc1cn([C@@H]2O[C@H](CO[Si](C)(C)C(C)(C)C)[C@@]3(OS(=O)(=O)C=C3N)[C@H]2O[Si](C)(C)C(C)(C)C)c(=O)n(CCCO)c1=O,5.522878745280337
COC(=O)CCCCn1c(=O)c(C)cn([C@@H]2O[C@H](CO[Si](C)(C)C(C)(C)C)[C@@]3(OS(=O)(=O)C=C3N)[C@H]2O[Si](C)(C)C(C)(C)C)c1=O,3.485452247339714
CCOC(=O)CCCCCn1c(=O)c(C)cn([C@@H]2O[C@H](CO[Si](C)(C)C(C)(C)C)[C@@]3(OS(=O)(=O)C=C3N)[C@H]2O[Si](C)(C)C(C)(C)C)c1=O,3.3010299956639813
CNC(=O)CCCCn1c(=O)c(C)cn([C@@H]2O[C@H](CO[Si](C)(C)C(C)(C)C)[C@@]3(OS(=O)(=O)C=C3N)[C@H]2O[Si](C)(C)C(C)(C)C)c1=O,6.251811972993799
CNC(=O)CCCCCn1c(=O)c(C)cn([C@@H]2O[C@H](CO[Si](C)(C)C(C)(C)C)[C@@]3(OS(=O)(=O)C=C3N)[C@H]2O[Si](C)(C)C(C)(C)C)c1=O,5.619788758288394
COC(=O)/C=C/Cn1c(=O)c(C)cn([C@@H]2O[C@H](CO[Si](C)(C)C(C)(C)C)[C@@]3(OS(=O)(=O)C=C3N)[C@H]2O[Si](C)(C)C(C)(C)C)c1=O,4.522878745280337
Cc1cn([C@@H]2O[C@H](CO[Si](C)(C)C(C)(C)C)[C@@]3(OS(=O)(=O)C=C3N)[C@H]2O[Si](C)(C)C(C)(C)C)c(=O)n(C/C=C/CO)c1=O,5.346787486224656
Cc1cn([C@@H]2O[C@H](CO[Si](C)(C)C(C)(C)C)[C@@]3(OS(=O)(=O)C=C3N)[C@H]2O[Si](C)(C)C(C)(C)C)c(=O)n(CCCCO)c1=O,4.886056647693163
Cc1cn([C@@H]2O[C@H](CO[Si](C)(C)C(C)(C)C)[C@@]3(OS(=O)(=O)C=C3N)[C@H]2O[Si](C)(C)C(C)(C)C)c(=O)n(CCCN2C(=O)c3ccccc3C2=O)c1=O,3.3010299956639813
Cc1cn([C@@H]2O[C@H](CO[Si](C)(C)C(C)(C)C)[C@@]3(OS(=O)(=O)C=C3N)[C@H]2O[Si](C)(C)C(C)(C)C)c(=O)n(CCCNC(=O)OCc2ccccc2)c1=O,3.3010299956639813
Cc1cn([C@@H]2O[C@H](CO[Si](C)(C)C(C)(C)C)[C@@]3(OS(=O)(=O)C=C3N)[C@H]2O[Si](C)(C)C(C)(C)C)c(=O)n(CCCN)c1=O,5.0915149811213505
CCCCOC(=O)CN(CCCn1c(=O)c(C)cn([C@@H]2O[C@H](CO[Si](C)(C)C(C)(C)C)[C@@]3(OS(=O)(=O)C=C3N)[C@H]2O[Si](C)(C)C(C)(C)C)c1=O)CC(=O)OCCCC,3.3010299956639813
CC(C)=CCc1c(O)cc(O)c2c(-c3ccccc3)cc(=O)oc12,4.950781977329818
CC(C)CC(=O)c1c(O)cc(O)c2c(-c3ccccc3)cc(=O)oc12,5.161150909262744
CC(C)=CCc1c(O)c(C(=O)C(C)C)c2oc(=O)cc(-c3ccccc3)c2c1O,4.496209316942819
COc1c(C(=O)CC(C)C)c(O)c(CC=C(C)C)c2oc(=O)cc(-c3ccccc3)c12,4.653647025549361
CC(C)=C(O)Cc1c(O)c(C(=O)CC(C)C)c(O)c2c(-c3ccccc3)cc(=O)oc12,6.301029995663981
CC(C)CC(=O)c1c2c(c3oc(=O)cc(-c4ccccc4)c3c1O)C=CC(C)(C)O2,3.9072793553159006
CC(C)C(=O)c1c2c(c3oc(=O)cc(-c4ccccc4)c3c1O)C=CC(C)(C)O2,4.493494967595128
CC1CN(C2CC(N=[N+]=[N-])[C@@H](CO)C2)C(=O)NC1=O,8.0
CC(C)=CCc1c(O)c(C(=O)C(C)C)c(O)c2c(-c3ccccc3)cc(=O)oc12,5.6020599913279625
CCC[C@]1(CC(=O)O)OCCc2c1sc1c(C)cc(F)c(C#N)c21,4.0
Cc1cc(C)c(-n2nnnc2SCC(=O)Nc2ccccc2Cl)c(C)c1,8.301029995663981
NS(=O)(=O)c1ccc(NC(=O)CSc2nnnn2-c2cc(Cl)ccc2Cl)c(Cl)c1,8.522878745280337
NS(=O)(=O)c1ccc(NC(=O)CSc2nnnn2-c2cccc(Cl)c2Cl)c(Cl)c1,8.045757490560675
O=C(CSc1nnnn1-c1c(Cl)cccc1Cl)Nc1ccccc1[N+](=O)[O-],8.397940008672037
Cc1c(Cl)cccc1-n1nnnc1SCC(=O)Nc1ccccc1[N+](=O)[O-],8.522878745280337
Cc1cccc(-n2nnnc2SCC(=O)Nc2ccccc2[N+](=O)[O-])c1C,7.7447274948966935
O=C(CSc1nnnn1-c1cccc(Cl)c1Cl)Nc1ccccc1[N+](=O)[O-],7.920818753952375
Cc1ccc(-n2nnnc2SCC(=O)Nc2ccccc2[N+](=O)[O-])c(Br)c1,8.522878745280337
O=C(CSc1nnnn1-c1ccc(Cl)c(Cl)c1)Nc1ccccc1[N+](=O)[O-],6.638272163982407
O=C(CSc1nnnn1-c1cc(F)ccc1Cl)Nc1ccccc1[N+](=O)[O-],8.0
Cc1ccc(Cl)cc1-n1nnnc1SCC(=O)Nc1ccccc1[N+](=O)[O-],7.638272163982407
O=C(CSc1nnnn1-c1cc(Cl)ccc1Cl)Nc1ccccc1[N+](=O)[O-],8.397940008672037
Cc1cc(C)c(-n2nnnc2SCC(=O)Nc2ccc(OCCCN(C)C)cc2Cl)c(C)c1,7.886056647693163
Cc1cc(C)c(-n2nnnc2SCC(=O)Nc2ccc(C(=O)NCCCN(C)C)cc2Cl)c(C)c1,8.301029995663981
Cc1cc(C)c(-n2nnnc2SCC(=O)Nc2ccc(C(N)=O)cc2Cl)c(C)c1,8.522878745280337
Cc1cc(C)c(-n2nnnc2SCC(=O)Nc2ccc(C(N)=O)cc2C)c(C)c1,7.259637310505756
Cc1cc(C)c(-n2nnnc2SCC(=O)Nc2ccc(S(N)(=O)=O)cc2Cl)c(C)c1,8.397940008672037
Cc1cc(C)c(-n2nnnc2SCC(=O)Nc2ccc(S(N)(=O)=O)cc2C)c(C)c1,7.267606240177032
Cc1cc(C)c(-n2nnnc2SCC(=O)Nc2ccc(S(N)(=O)=O)cc2)c(C)c1,5.902395671125589
Cc1cc(C)c(-n2nnnc2SCC(=O)Nc2ccc([N+](=O)[O-])cc2C)c(C)c1,6.782516055786093
Cc1cc(C)c(-n2nnnc2SCC(=O)Nc2ccc([N+](=O)[O-])cc2Cl)c(C)c1,7.657577319177793
Cc1cc(C)c(-n2nnnc2SCC(=O)Nc2ccc(Cl)cc2[N+](=O)[O-])c(C)c1,8.397940008672037
Cc1cc(C)c(-n2nnnc2SCC(=O)Nc2c(Cl)cccc2Cl)c(C)c1,5.301029995663981
Cc1cc(C)c(-n2nnnc2SCC(=O)Nc2ccc([N+](=O)[O-])cc2)c(C)c1,5.301029995663981
Cc1cc(C)c(-n2nnnc2SCC(=O)Nc2cccc([N+](=O)[O-])c2)c(C)c1,6.698970004336019
Cc1cc(C)c(-n2nnnc2SCC(=O)Nc2ccccc2I)c(C)c1,7.508638306165727
Cc1cc(C)c(-n2nnnc2SCC(=O)Nc2ccccc2Br)c(C)c1,8.154901959985743
Cc1cc(C)c(-n2nnnc2SCC(=O)Nc2ccccc2[N+](=O)[O-])c(C)c1,8.522878745280337
O=C(CSc1nnnn1-c1cccc2ccccc12)Nc1ccccc1[N+](=O)[O-],8.301029995663981
Cc1cc(S(=O)(=O)N2CCC[C@H]2C(=O)O)c(N)cc1Cl,4.0
COC(=O)C1=C(N2CCCC2)C2c3ccccc3SC12C(=O)OC,5.920818753952375
COC(=O)C1=C(N(C)C)C2c3ccccc3SC12C(=O)OC,4.301029995663981
COC(=O)C1=C(N2CC=CC2)C2c3ccccc3SC12C(=O)OC,5.292429823902063
COC(=O)C1=C(N2CCC2)C2c3ccccc3SC12C(=O)OC,5.0
COC(=O)C1=C(N2CCCCC2)[C@@H]2c3ccccc3S[C@]12C(=O)OC,4.3979400086720375
COC(=O)C1=C(N2CCCCC2)[C@H]2c3ccccc3S[C@@]12C(=O)OC,5.113509274827518
COC(=O)C1=C(N2CCCCC2)C2c3ccccc3SC12C(=O)OC,5.050609993355087
COC[C@H]1CCCN1C1=C(C(=O)OC)[C@@]2(C(=O)OC)Sc3ccccc3[C@@H]12,4.301029995663981
COC[C@H]1CCCN1C1=C(C(=O)OC)[C@]2(C(=O)OC)Sc3ccccc3[C@H]12,4.42021640338319
COC[C@H]1CCCN1C1=C(C(=O)OC)C2(C(=O)OC)Sc3ccccc3C12,4.318758762624412
COC(=O)C1=C(N2CCC[C@@H]2C)[C@@H]2c3ccccc3S[C@]12C(=O)OC,4.6020599913279625
COC(=O)C1=C(N2CCC[C@@H]2C)[C@H]2c3ccccc3S[C@@]12C(=O)OC,5.638272163982407
COC(=O)C1=C(N2CCC[C@H]2C)[C@@H]2c3ccccc3S[C@]12C(=O)OC,4.958607314841775
COC(=O)C1=C(N2CCC[C@H]2C)[C@H]2c3ccccc3S[C@@]12C(=O)OC,6.301029995663981
CC(C)(C)OC(=O)C1=C(N2CCCC2)C2c3ccccc3SC12C(=O)OC(C)(C)C,4.698970004336019
CCOC(=O)C1=C(N2CCCC2)[C@@H]2c3ccccc3S[C@]12C(=O)OCC,4.698970004336019
CCOC(=O)C1=C(N2CCCC2)[C@H]2c3ccccc3S[C@@]12C(=O)OCC,4.698970004336019
CCOC(=O)C1=C(N2CCCC2)C2c3ccccc3SC12C(=O)OCC,4.698970004336019
COC(=O)C1=C(N2CCCC2)[C@@H]2c3ccccc3S[C@]12C(=O)OC,4.698970004336019
O=C1Nc2ccc(Cl)cc2[C@@](C#CC2CC2)(C(F)(F)F)O1,9.096910013008056
Cc1ccnc2c1NC(=O)c1cccnc1N2C1CC1,7.221848749616356
COC(=O)C1=C(N2CCCC2)[C@H]2c3ccccc3S[C@@]12C(=O)OC,6.096910013008056
COC(=O)C1=C(N2CCCC2)C2c3ccccc3SC12C(=O)OC,4.522878745280337
COC(=O)C1=C(N2CCCC2)C2c3ccccc3SC12C(=O)OC,4.522878745280337
COC(=O)C1=C(N2CCCC2)C2c3ccccc3SC12C(=O)OC,4.522878745280337
Cc1ccnc2c1NC(=O)c1cccnc1N2C1CC1,5.2403321553103694
O=C1Nc2ccc(Cl)cc2[C@@](C#CC2CC2)(C(F)(F)F)O1,7.267606240177032
Cc1ccnc2c1NC(=O)c1cccnc1N2C1CC1,5.1771783546968955
O=C1Nc2ccc(Cl)cc2[C@@](C#CC2CC2)(C(F)(F)F)O1,8.221848749616356
Cc1ccnc2c1NC(=O)c1cccnc1N2C1CC1,6.0655015487564325
O=C1Nc2ccc(Cl)cc2[C@@](C#CC2CC2)(C(F)(F)F)O1,8.022276394711152
O=C(O)c1ccc2c(c1)nc(-c1ccc(OCc3cc(N4CCCC4=O)ccc3-c3ccc(Cl)cc3)cc1F)n2C1CCCCC1,5.0
O=C1Nc2ccc(Cl)cc2[C@@](C#CC2CC2)(C(F)(F)F)O1,6.096910013008056
COc1ccc([C@H]2CC(=O)N(c3cccc(N)c3)C2)cc1OC1CCCC1,5.698970004336019
Cc1cn([C@@H]2O[C@H](CO[Si](C)(C)C(C)(C)C)[C@@]3(OS(=O)(=O)C=C3N)[C@H]2O[Si](C)(C)C(C)(C)C)c(=O)n(CCCN)c1=O,5.0915149811213505
Cc1cn(C2OC(CO[Si](C)(C)C(C)(C)C)C3(OS(=O)(=O)C=C3N)C2O[Si](C)(C)C(C)(C)C)c(=O)n(CCCNC(=O)[C@@H]2CCCN2C(=O)[C@@H](N)C(C)C)c1=O,5.180456064458132
Cc1cn(C2OC(CO[Si](C)(C)C(C)(C)C)C3(OS(=O)(=O)C=C3N)C2O[Si](C)(C)C(C)(C)C)c(=O)n(CCCNC(=O)[C@@H]2CCCN2C(=O)[C@@H](N)Cc2ccc(O)cc2)c1=O,5.0915149811213505
Cc1cn(C2OC(CO[Si](C)(C)C(C)(C)C)C3(OS(=O)(=O)C=C3N)C2O[Si](C)(C)C(C)(C)C)c(=O)n(CCCNC(=O)[C@@H]2CCCN2C(=O)[C@@H](N)CCCCN)c1=O,5.327902142064283
Cc1cn(C2OC(CO[Si](C)(C)C(C)(C)C)C3(OS(=O)(=O)C=C3N)C2O[Si](C)(C)C(C)(C)C)c(=O)n(CCCNC(=O)[C@@H]2CCCN2C(=O)CN)c1=O,4.886056647693163
Cc1cn(C2OC(CO[Si](C)(C)C(C)(C)C)C3(OS(=O)(=O)C=C3N)C2O[Si](C)(C)C(C)(C)C)c(=O)n(CCCNC(=O)[C@@H]2CCCN2C(=O)[C@@H](N)CC(N)=O)c1=O,5.3979400086720375
Cc1cn(C2OC(CO[Si](C)(C)C(C)(C)C)C3(OS(=O)(=O)C=C3N)C2O[Si](C)(C)C(C)(C)C)c(=O)n(CCCNC(=O)[C@@H]2CCCN2C(=O)[C@@H](N)CC(=O)O)c1=O,5.142667503568732
Cc1cn(C2OC(CO[Si](C)(C)C(C)(C)C)C3(OS(=O)(=O)C=C3N)C2O[Si](C)(C)C(C)(C)C)c(=O)n(CCCNC(=O)[C@H](C)NC(=O)[C@@H](N)C(C)C)c1=O,5.267606240177032
Cc1cn(C2OC(CO[Si](C)(C)C(C)(C)C)C3(OS(=O)(=O)C=C3N)C2O[Si](C)(C)C(C)(C)C)c(=O)n(CCCNC(=O)CNC(=O)[C@@H](N)C(C)C)c1=O,5.42021640338319
Cc1cn(C2OC(CO[Si](C)(C)C(C)(C)C)C3(OS(=O)(=O)C=C3N)C2O[Si](C)(C)C(C)(C)C)c(=O)n(CCCNC(=O)[C@H](CC(C)C)NC(=O)[C@@H](N)C(C)C)c1=O,5.337242168318426
Cc1cn(C2OC(CO[Si](C)(C)C(C)(C)C)C3(OS(=O)(=O)C=C3N)C2O[Si](C)(C)C(C)(C)C)c(=O)n(CCCNC(=O)[C@H](Cc2ccccc2)NC(=O)[C@@H](N)C(C)C)c1=O,5.167491087293763
Cc1cn(C2OC(CO[Si](C)(C)C(C)(C)C)C3(OS(=O)(=O)C=C3N)C2O[Si](C)(C)C(C)(C)C)c(=O)n(CCCNC(=O)[C@H]2CCCN2C(=O)[C@@H](N)C(C)C)c1=O,4.657577319177793
Cc1cn(C2OC(CO[Si](C)(C)C(C)(C)C)C3(OS(=O)(=O)C=C3N)C2O[Si](C)(C)C(C)(C)C)c(=O)n(CCCNC(=O)[C@@H]2C[C@@H](OCc3ccccc3)CN2C(=O)[C@@H](N)C(C)C)c1=O,4.552841968657781
Cc1cn(C2OC(CO[Si](C)(C)C(C)(C)C)C3(OS(=O)(=O)C=C3N)C2O[Si](C)(C)C(C)(C)C)c(=O)n(CCCNC(=O)[C@@H]2C[C@@H](O)CN2C(=O)[C@@H](N)C(C)C)c1=O,4.795880017344075
Cc1cn(C2OC(CO[Si](C)(C)C(C)(C)C)C3(OS(=O)(=O)C=C3N)C2O[Si](C)(C)C(C)(C)C)c(=O)n(CCCNC(=O)[C@@H]2[C@@H](O)[C@@H](O)CN2C(=O)[C@@H](N)C(C)C)c1=O,5.318758762624412
Cc1cn(C2OC(CO[Si](C)(C)C(C)(C)C)C3(OS(=O)(=O)C=C3N)C2O[Si](C)(C)C(C)(C)C)c(=O)n(CCCNC(=O)[C@@H](N)C(C)C)c1=O,5.173925197299174
Cc1cn(C2OC(CO[Si](C)(C)C(C)(C)C)C3(OS(=O)(=O)C=C3N)C2O[Si](C)(C)C(C)(C)C)c(=O)n(CCCNC(=O)[C@@H](NC(=O)[C@@H]2CCCN2C(=O)[C@@H](N)C(C)C)C(C)C)c1=O,5.356547323513812
COC(=O)CCC/C=C(/c1cc(C)c(OC)c(C(=O)OC)c1)c1cc(C)c2oc(=O)n(C)c2c1,7.698970004336019
COC(=O)CCC/C=C(/c1cccc(C#N)c1)c1cc(C)c2oc(=O)n(C)c2c1,5.552841968657781
COC(=O)CCC/C=C(\c1cccc(C#N)c1)c1cc(C)c(OC)c(C(=O)OC)c1,6.267606240177032
COC(=O)CCC/C=C(/c1ccc(C#N)cc1)c1cc(C)c2onc(OC)c2c1,6.154901959985743
COC(=O)CCC/C=C(/c1ccc(C#N)cc1)c1cc(C)c2oc(=O)n(C)c2c1,5.920818753952375
COC(=O)CCC/C=C(/c1cc(C)c2on(C)c(=O)c2c1)c1cc(C)c2oc(=O)n(C)c2c1,4.308034897232639
COC(=O)CCC/C=C(\c1cc(C)c(OC)c(C(=O)OC)c1)c1cc(C)c2on(C)c(=O)c2c1,5.698970004336019
COC(=O)CCC/C=C(/c1cccc(C#N)c1)c1cc(C)c2on(C)c(=O)c2c1,4.304518323509803
COC(=O)c1cc(/C(=C\CCN2CCOC2=O)c2cc(C)c3on(C)c(=O)c3c2)cc(C)c1OC,5.006123085058789
COc1noc2c(C)cc(/C(=C\CCN3CCOC3=O)c3cc(C)c4on(C)c(=O)c4c3)cc12,5.119186407719209
COC(=O)CCC/C=C(\c1cccc(C#N)c1)c1cc(C)c2oc(=O)n(C)c2c1,4.578396073130169
Cc1cn([C@@H]2O[C@H](CO[Si](C)(C)C(C)(C)C)[C@@]3(OS(=O)(=O)C=C3N)[C@H]2O[Si](C)(C)C(C)(C)C)c(=O)n(CCCO)c1=O,6.154901959985743
Cc1cn([C@@H]2O[C@H](CO[Si](C)(C)C(C)(C)C)[C@@]3(OS(=O)(=O)C=C3N)[C@H]2O[Si](C)(C)C(C)(C)C)c(=O)n(CCc2ccccc2)c1=O,6.096910013008056
CC(C)(C)[Si](C)(C)OC[C@H]1O[C@@H](n2nncc2C(N)=O)[C@H](O[Si](C)(C)C(C)(C)C)[C@]12OS(=O)(=O)C=C2N,4.995678626217358
Cc1cn([C@@H]2O[C@H](CO[Si](C)(C)C(C)(C)C)[C@@]3(OS(=O)(=O)C=C3N)[C@H]2O[Si](C)(C)C(C)(C)C)c(=O)n(/C=C/CO)c1=O,6.301029995663981
CCCn1c(=O)c(C)cn([C@@H]2O[C@H](CO[Si](C)(C)C(C)(C)C)[C@@]3(OS(=O)(=O)C=C3N)[C@H]2O[Si](C)(C)C(C)(C)C)c1=O,6.301029995663981
Cc1cn([C@@H]2O[C@H](CO[Si](C)(C)C(C)(C)C)[C@@]3(OS(=O)(=O)C=C3N)[C@H]2O[Si](C)(C)C(C)(C)C)c(=O)n(/C=C\CO)c1=O,5.795880017344075
Cc1cn([C@@H]2O[C@H](CO[Si](C)(C)C(C)(C)C)[C@@]3(OS(=O)(=O)C(I)=C3N)[C@H]2O[Si](C)(C)C(C)(C)C)c(=O)[nH]c1=O,5.096910013008056
Cc1cn([C@@H]2O[C@H](CO[Si](C)(C)C(C)(C)C)[C@@]3(OS(=O)(=O)C=C3N)[C@H]2O[Si](C)(C)C(C)(C)C)c(=O)n(C)c1=O,5.886056647693163
Cc1cn(C2OC(CO[Si](C)(C)C(C)(C)C)CC2O[Si](C)(C)C(C)(C)C)c(=O)n(CC(=O)O)c1=O,5.2441251443275085
Cc1cn([C@@H]2O[C@H](CO[Si](C)(C)C(C)(C)C)[C@@]3(OS(=O)(=O)C=C3N)[C@H]2O[Si](C)(C)C(C)(C)C)c(=O)n(CCCN)c1=O,5.356547323513812
Cc1cn([C@@H]2O[C@H](CO[Si](C)(C)C(C)(C)C)[C@@]3(OS(=O)(=O)C=C3N)[C@H]2O[Si](C)(C)C(C)(C)C)c(=O)n(CCCN(CC(=O)O)CC(=O)O)c1=O,4.97469413473523
Cc1cn([C@@H]2O[C@H](CO[Si](C)(C)C(C)(C)C)[C@@]3(OS(=O)(=O)C=C3N)[C@H]2O[Si](C)(C)C(C)(C)C)c(=O)n(CC(=O)O)c1=O,5.494850021680094
CNC(=O)CCCCn1c(=O)c(C)cn([C@@H]2O[C@H](CO[Si](C)(C)C(C)(C)C)[C@@]3(OS(=O)(=O)C=C3N)[C@H]2O[Si](C)(C)C(C)(C)C)c1=O,5.494850021680094
Cc1cn([C@@H]2O[C@H](CO[Si](C)(C)C(C)(C)C)[C@@]3(OS(=O)(=O)C=C3N)[C@H]2O[Si](C)(C)C(C)(C)C)c(=O)n(CC(N)=O)c1=O,5.769551078621726
COC(=O)C(=O)NC1=CS(=O)(=O)O[C@@]12[C@@H](COCc1ccccc1)O[C@@H](n1cc(C)c(=O)n(C)c1=O)[C@@H]2O[Si](C)(C)C(C)(C)C,5.267606240177032
Cc1cn([C@@H]2O[C@H](CO[Si](C)(C)C(C)(C)C)[C@@]3(OS(=O)(=O)C=C3N)[C@H]2O[Si](C)(C)C(C)(C)C)c(=O)n(CC2CO2)c1=O,5.619788758288394
Cc1cn([C@@H]2O[C@H](CO[Si](C)(C)C(C)(C)C)[C@@H](O)[C@H]2O[Si](C)(C)C(C)(C)C)c(=O)n(CC(=O)O)c1=O,5.180456064458132
Cc1cn([C@@H]2O[C@H](CO[Si](C)(C)C(C)(C)C)[C@@]3(OS(=O)(=O)C=C3N)[C@H]2O[Si](C)(C)C(C)(C)C)c(=O)n(CC(=O)N[C@@H](CC(=O)O)C(=O)O)c1=O,5.040958607678906
Cc1cn([C@@H]2O[C@H](CO[Si](C)(C)C(C)(C)C)[C@@]3(OS(=O)(=O)C=C3N)[C@H]2O[Si](C)(C)C(C)(C)C)c(=O)n(CC(=O)N[C@@H](C)C(=O)O)c1=O,5.508638306165727
CCc1cn([C@@H]2O[C@H](CO[Si](C)(C)C(C)(C)C)[C@@]3(OS(=O)(=O)C=C3N)[C@H]2O[Si](C)(C)C(C)(C)C)c(=O)[nH]c1=O,5.468521082957745
CC(C)(C)[Si](C)(C)OC[C@H]1O[C@@H](n2nncc2C(N)=O)[C@H](O[Si](C)(C)C(C)(C)C)[C@]12OS(=O)(=O)C=C2N,5.075720713938118
CN(C)C(=O)c1cnnn1[C@@H]1O[C@H](CO[Si](C)(C)C(C)(C)C)[C@@]2(OS(=O)(=O)C=C2N)[C@H]1O[Si](C)(C)C(C)(C)C,5.1938200260161125
Cc1cn([C@@H]2O[C@H](CO[Si](C)(C)C(C)(C)C)[C@@]3(OS(=O)(=O)C(/C=C/CO)=C3N)[C@H]2O[Si](C)(C)C(C)(C)C)c(=O)[nH]c1=O,5.318758762624412
Cc1cn([C@@H]2O[C@H](CO[Si](C)(C)C(C)(C)C)[C@@]3(OS(=O)(=O)C=C3N=C(N)N)[C@H]2O[Si](C)(C)C(C)(C)C)c(=O)[nH]c1=O,5.42021640338319
Cc1cn([C@@H]2O[C@H](CO[Si](C)(C)C(C)(C)C)[C@@]3(OS(=O)(=O)C=C3N)[C@H]2O[Si](C)(C)C(C)(C)C)c(=O)[nH]c1=O,6.0
Cc1cn([C@@H]2O[C@H](CO[Si](C)(C)C(C)(C)C)[C@@]3(OS(=O)(=O)C=C3N)[C@H]2O[Si](C)(C)C(C)(C)C)c(=O)n(CCCO)c1=O,5.795880017344075
Cc1cn([C@@H]2O[C@H](CO[Si](C)(C)C(C)(C)C)[C@@]3(OS(=O)(=O)C=C3N)[C@H]2O[Si](C)(C)C(C)(C)C)c(=O)n(CCc2ccccc2)c1=O,5.522878745280337
Cc1cn([C@@H]2O[C@H](CO[Si](C)(C)C(C)(C)C)[C@@]3(OS(=O)(=O)C=C3N)[C@H]2O[Si](C)(C)C(C)(C)C)c(=O)n(/C=C/CO)c1=O,5.721246399047171
CCCn1c(=O)c(C)cn([C@@H]2O[C@H](CO[Si](C)(C)C(C)(C)C)[C@@]3(OS(=O)(=O)C=C3N)[C@H]2O[Si](C)(C)C(C)(C)C)c1=O,5.366531544420414
Cc1cn([C@@H]2O[C@H](CO[Si](C)(C)C(C)(C)C)[C@@]3(OS(=O)(=O)C=C3N)[C@H]2O[Si](C)(C)C(C)(C)C)c(=O)n(/C=C\CO)c1=O,5.508638306165727
Cc1cn([C@@H]2O[C@H](CO[Si](C)(C)C(C)(C)C)[C@@]3(OS(=O)(=O)C(I)=C3N)[C@H]2O[Si](C)(C)C(C)(C)C)c(=O)[nH]c1=O,5.455931955649724
CNC(=O)CCCCn1c(=O)c(C)cn([C@@H]2O[C@H](CO[Si](C)(C)C(C)(C)C)[C@@]3(OS(=O)(=O)C=C3N)[C@H]2O[Si](C)(C)C(C)(C)C)c1=O,5.167491087293763
Cc1cn([C@@H]2O[C@H](CO[Si](C)(C)C(C)(C)C)[C@@]3(OS(=O)(=O)C=C3N)[C@H]2O[Si](C)(C)C(C)(C)C)c(=O)n(CCCN(CC(=O)O)CC(=O)O)c1=O,5.2839966563652006
Cc1cn([C@@H]2O[C@H](CO[Si](C)(C)C(C)(C)C)[C@@]3(OS(=O)(=O)C=C3N)[C@H]2O[Si](C)(C)C(C)(C)C)c(=O)n(CCCN)c1=O,5.142667503568732
Cc1cn([C@@H]2O[C@H](CO[Si](C)(C)C(C)(C)C)[C@@]3(OS(=O)(=O)C=C3N)[C@H]2O[Si](C)(C)C(C)(C)C)c(=O)n(C)c1=O,5.2441251443275085
Cc1cn([C@@H]2O[C@H](CO[Si](C)(C)C(C)(C)C)[C@@]3(OS(=O)(=O)C=C3N)[C@H]2O[Si](C)(C)C(C)(C)C)c(=O)n(CC(=O)O)c1=O,5.259637310505756
COC(=O)C(=O)NC1=CS(=O)(=O)O[C@@]12[C@@H](COCc1ccccc1)O[C@@H](n1cc(C)c(=O)n(C)c1=O)[C@@H]2O[Si](C)(C)C(C)(C)C,5.142667503568732
Cc1cn([C@@H]2O[C@H](CO[Si](C)(C)C(C)(C)C)[C@@]3(OS(=O)(=O)C(/C=C/CO)=C3N)[C@H]2O[Si](C)(C)C(C)(C)C)c(=O)[nH]c1=O,4.795880017344075
Cc1cn([C@@H]2O[C@H](CO[Si](C)(C)C(C)(C)C)[C@@]3(OS(=O)(=O)C=C3N=C(N)N)[C@H]2O[Si](C)(C)C(C)(C)C)c(=O)[nH]c1=O,4.853871964321762
Cc1cn([C@@H]2O[C@H](CO[Si](C)(C)C(C)(C)C)[C@@]3(OS(=O)(=O)C=C3N)[C@H]2O[Si](C)(C)C(C)(C)C)c(=O)[nH]c1=O,5.173925197299174
Cc1cn(C2OC(CO[Si](C)(C)C(C)(C)C)CC2O[Si](C)(C)C(C)(C)C)c(=O)n(CC(=O)O)c1=O,5.958607314841775
Cc1cn([C@@H]2O[C@H](CO[Si](C)(C)C(C)(C)C)[C@@]3(OS(=O)(=O)C=C3N)[C@H]2O[Si](C)(C)C(C)(C)C)c(=O)n(CC(N)=O)c1=O,5.154901959985743
Cc1cn([C@@H]2O[C@H](CO[Si](C)(C)C(C)(C)C)[C@@H](O)[C@H]2O[Si](C)(C)C(C)(C)C)c(=O)n(CC(=O)O)c1=O,5.180456064458132
Cc1cn([C@@H]2O[C@H](CO[Si](C)(C)C(C)(C)C)[C@@]3(OS(=O)(=O)C=C3N)[C@H]2O[Si](C)(C)C(C)(C)C)c(=O)n(CC(=O)N[C@@H](CC(=O)O)C(=O)O)c1=O,4.924453038607469
Cc1cn([C@@H]2O[C@H](CO[Si](C)(C)C(C)(C)C)[C@@]3(OS(=O)(=O)C=C3N)[C@H]2O[Si](C)(C)C(C)(C)C)c(=O)n(CC(=O)N[C@@H](C)C(=O)O)c1=O,4.920818753952375
CCc1cn([C@@H]2O[C@H](CO[Si](C)(C)C(C)(C)C)[C@@]3(OS(=O)(=O)C=C3N)[C@H]2O[Si](C)(C)C(C)(C)C)c(=O)[nH]c1=O,5.070581074285707
CN(C)C(=O)c1cnnn1[C@@H]1O[C@H](CO[Si](C)(C)C(C)(C)C)[C@@]2(OS(=O)(=O)C=C2N)[C@H]1O[Si](C)(C)C(C)(C)C,4.931814138253839
Cc1cn([C@@H]2O[C@H](CO[Si](C)(C)C(C)(C)C)[C@@]3(OS(=O)(=O)C=C3N)[C@H]2O[Si](C)(C)C(C)(C)C)c(=O)n(CC2CO2)c1=O,5.301029995663981
CN(C)C(C)(C)c1nc(O)c(O)c(C(=O)NCc2ccc(F)cc2)n1,5.0
CN1CCOCC1c1nc(C(=O)NCc2ccc(F)cc2)c(O)c(=O)n1C,5.0
NS(=O)(=O)c1ccc(NC(=O)CSc2nnc(Br)n2-c2ccc(C3CC3)c3ccccc23)c(Cl)c1,8.397940008672037
Cc1ccnc2c1NC(=O)c1cccnc1N2C1CC1,7.301029995663981
O=C1Nc2ccc(Cl)cc2[C@@](C#CC2CC2)(C(F)(F)F)O1,8.0
Cc1ccnc2c1NC(=O)c1cccnc1N2C1CC1,4.920818753952375
Cc1ccnc2c1NC(=O)c1cccnc1N2C1CC1,5.698970004336019
O=C1Nc2ccc(Cl)cc2[C@@](C#CC2CC2)(C(F)(F)F)O1,7.221848749616356
O=C1Nc2ccc(Cl)cc2[C@@](C#CC2CC2)(C(F)(F)F)O1,7.376750709602099
CCC1(c2ccc(C)cc2)Oc2ccccc2-n2cccc2C1=O,6.1249387366083
CCC1(c2ccc(C)cc2)Oc2ccccc2-n2cccc2C1=O,5.113509274827518
CCC1(c2ccc(C)cc2)Oc2ccccc2-n2cccc2C1=O,5.4089353929735005
CCC1(c2ccc(C)cc2)Oc2ccccc2-n2cccc2C1=O,5.0
CCC1(c2ccc(C)cc2)Oc2ccccc2-n2cccc2C1=O,5.0
Cc1ccnc2c1NC(=O)c1cccnc1N2C1CC1,5.045757490560675
O=C1Nc2ccc(Cl)cc2[C@@](C#CC2CC2)(C(F)(F)F)O1,6.920818753952375
CCC1(c2cccc(Cl)c2)Cc2ccccc2-n2cccc2C1=O,5.0
CCC1(c2ccc(COc3cccnc3)cc2)Oc2ccccc2-n2cccc2C1=O,6.522878745280337
CCC1(c2ccc(CNc3cccc(F)c3)cc2)Oc2ccccc2-n2cccc2C1=O,5.6020599913279625
CCC1(c2ccc(COc3ccccc3C(C)=O)cc2)Oc2ccccc2-n2cccc2C1=O,5.698970004336019
CCC1(c2ccc(COc3cccc(Cl)c3)cc2)Oc2ccccc2-n2cccc2C1=O,6.6020599913279625
CCC1(c2ccc(COc3ccccc3Cl)cc2)Oc2ccccc2-n2cccc2C1=O,5.853871964321762
CCC1(c2ccc(COc3ccccc3)cc2)Oc2ccccc2-n2cccc2C1=O,6.698970004336019
CCC1(c2cccc(COc3ccccc3)c2)Oc2ccccc2-n2cccc2C1=O,5.823908740944319
CCC1(c2ccc(I)cc2)Oc2ccccc2-n2cccc2C1=O,5.7447274948966935
CCOc1cccc(C2(CC)Oc3ccccc3-n3cccc3C2=O)c1,6.698970004336019
CCC1(c2cccc(I)c2)Oc2ccccc2-n2cccc2C1=O,5.0
CCC1(c2cccc(Cl)c2)Oc2ccccc2-n2cccc2C1=O,6.221848749616356
CCC1(c2cccc(OC)c2)Oc2ccccc2-n2cccc2C1=O,7.958607314841775
CCC1(c2cccc(C)c2)Oc2ccccc2-n2cccc2C1=O,7.0
Cc1ccnc2c1NC(=O)c1cccnc1N2C1CC1,5.154901959985743
O=C1Nc2ccc(Cl)cc2[C@@](C#CC2CC2)(C(F)(F)F)O1,6.795880017344075
CCC1(c2cccc(Cl)c2)Cc2ccccc2-n2cccc2C1=O,5.0
CCC1(c2ccc(CCc3ccccc3)cc2)Oc2ccccc2-n2cccc2C1=O,5.0
CCC1(c2ccc(Cn3ccsc3=N)cc2)Oc2ccccc2-n2cccc2C1=O,5.301029995663981
CCC1(c2ccc(COc3cccnc3)cc2)Oc2ccccc2-n2cccc2C1=O,5.698970004336019
CCC1(c2ccc(CNc3cccc(F)c3)cc2)Oc2ccccc2-n2cccc2C1=O,5.638272163982407
CCC1(c2ccc(COc3ccccc3C(C)=O)cc2)Oc2ccccc2-n2cccc2C1=O,5.301029995663981
CCC1(c2ccc(COc3cccc(Cl)c3)cc2)Oc2ccccc2-n2cccc2C1=O,6.522878745280337
CCC1(c2ccc(COc3ccccc3Cl)cc2)Oc2ccccc2-n2cccc2C1=O,5.301029995663981
CCC1(c2ccc(CNc3ccccc3)cc2)Oc2ccccc2-n2cccc2C1=O,5.6020599913279625
CCC1(c2ccc(COc3ccccc3)cc2)Oc2ccccc2-n2cccc2C1=O,6.3979400086720375
C=C(C)CCOCc1ccc(C2(CC)Oc3ccccc3-n3cccc3C2=O)cc1,5.0
CCC1(c2cccc(COc3ccccc3)c2)Oc2ccccc2-n2cccc2C1=O,5.309803919971486
CCC1(c2cccc(N)c2)Oc2ccccc2-n2cccc2C1=O,5.698970004336019
CCOc1cccc(C2(CC)Oc3ccccc3-n3cccc3C2=O)c1,5.455931955649724
CCC1(c2cccc(I)c2)Oc2ccccc2-n2cccc2C1=O,5.0
CCC1(c2cccc(OC)c2)Oc2ccccc2-n2cccc2C1=O,7.657577319177793
CCC1(c2cccc(C)c2)Oc2ccccc2-n2cccc2C1=O,5.958607314841775
Cc1ccnc2c1NC(=O)c1cccnc1N2C1CC1,5.0
O=C1Nc2ccc(Cl)cc2[C@@](C#CC2CC2)(C(F)(F)F)O1,7.3979400086720375
CCC1(c2cccc(Cl)c2)Cc2ccccc2-n2cccc2C1=O,5.0
CCC1(c2ccc(CCc3ccccc3)cc2)Oc2ccccc2-n2cccc2C1=O,5.0
CCC1(c2ccc(Cn3ccsc3=N)cc2)Oc2ccccc2-n2cccc2C1=O,5.0
CCC1(c2ccc(COc3cccnc3)cc2)Oc2ccccc2-n2cccc2C1=O,5.6020599913279625
CCC1(c2ccc(CNc3cccc(F)c3)cc2)Oc2ccccc2-n2cccc2C1=O,5.823908740944319
CCC1(c2ccc(COc3ccccc3C(C)=O)cc2)Oc2ccccc2-n2cccc2C1=O,5.259637310505756
CCC1(c2ccc(COc3ccccc3Cl)cc2)Oc2ccccc2-n2cccc2C1=O,5.301029995663981
CCC1(c2ccc(CNc3ccccc3)cc2)Oc2ccccc2-n2cccc2C1=O,5.920818753952375
CCC1(c2ccc(COc3ccccc3)cc2)Oc2ccccc2-n2cccc2C1=O,6.096910013008056
C=C(C)CCOCc1ccc(C2(CC)Oc3ccccc3-n3cccc3C2=O)cc1,5.443697499232712
CCC1(c2cccc(COc3ccccc3)c2)Oc2ccccc2-n2cccc2C1=O,5.080921907623926
CCC1(c2ccc(I)cc2)Oc2ccccc2-n2cccc2C1=O,4.761953896871205
CCC1(c2cccc(N)c2)Oc2ccccc2-n2cccc2C1=O,5.795880017344075
CCOc1cccc(C2(CC)Oc3ccccc3-n3cccc3C2=O)c1,5.318758762624412
CCC1(c2cccc(I)c2)Oc2ccccc2-n2cccc2C1=O,6.886056647693163
CCC1(c2cccc(Cl)c2)Oc2ccccc2-n2cccc2C1=O,6.698970004336019
CCC1(c2cccc(OC)c2)Oc2ccccc2-n2cccc2C1=O,8.0
CCC1(c2cccc(C)c2)Oc2ccccc2-n2cccc2C1=O,6.6020599913279625
Cc1ccnc2c1NC(=O)c1cccnc1N2C1CC1,4.443697499232712
O=C1Nc2ccc(Cl)cc2[C@@](C#CC2CC2)(C(F)(F)F)O1,6.823908740944319
CCC1(c2cccc(Cl)c2)Cc2ccccc2-n2cccc2C1=O,5.0
CCC1(c2ccc(CCc3ccccc3)cc2)Oc2ccccc2-n2cccc2C1=O,5.0
CCC1(c2ccc(Cn3ccsc3=N)cc2)Oc2ccccc2-n2cccc2C1=O,5.0
CCC1(c2ccc(COc3cccnc3)cc2)Oc2ccccc2-n2cccc2C1=O,4.3979400086720375
CCC1(c2ccc(CNc3cccc(F)c3)cc2)Oc2ccccc2-n2cccc2C1=O,5.0
CCC1(c2ccc(COc3ccccc3C(C)=O)cc2)Oc2ccccc2-n2cccc2C1=O,4.7447274948966935
CCC1(c2ccc(COc3cccc(Cl)c3)cc2)Oc2ccccc2-n2cccc2C1=O,5.0
CCC1(c2ccc(COc3ccccc3Cl)cc2)Oc2ccccc2-n2cccc2C1=O,5.0
CCC1(c2ccc(CNc3ccccc3)cc2)Oc2ccccc2-n2cccc2C1=O,5.0
CCC1(c2ccc(COc3ccccc3)cc2)Oc2ccccc2-n2cccc2C1=O,6.154901959985743
C=C(C)CCOCc1ccc(C2(CC)Oc3ccccc3-n3cccc3C2=O)cc1,5.0
CCC1(c2cccc(N)c2)Oc2ccccc2-n2cccc2C1=O,5.0
CCOc1cccc(C2(CC)Oc3ccccc3-n3cccc3C2=O)c1,5.6777807052660805
CCC1(c2cccc(I)c2)Oc2ccccc2-n2cccc2C1=O,5.0
CCC1(c2cccc(Cl)c2)Oc2ccccc2-n2cccc2C1=O,6.096910013008056
CCC1(c2cccc(OC)c2)Oc2ccccc2-n2cccc2C1=O,5.0
CCC1(c2cccc(C)c2)Oc2ccccc2-n2cccc2C1=O,5.3979400086720375
Cc1ccnc2c1NC(=O)c1cccnc1N2C1CC1,4.7447274948966935
O=C1Nc2ccc(Cl)cc2[C@@](C#CC2CC2)(C(F)(F)F)O1,6.42021640338319
CCC1(c2cccc(Cl)c2)Cc2ccccc2-n2cccc2C1=O,5.0
CCC1(c2ccc(CCc3ccccc3)cc2)Oc2ccccc2-n2cccc2C1=O,5.0
CCC1(c2ccc(Cn3ccsc3=N)cc2)Oc2ccccc2-n2cccc2C1=O,5.0
CCC1(c2ccc(COc3cccnc3)cc2)Oc2ccccc2-n2cccc2C1=O,4.4089353929735005
CCC1(c2ccc(CNc3cccc(F)c3)cc2)Oc2ccccc2-n2cccc2C1=O,5.0
CCC1(c2ccc(COc3ccccc3C(C)=O)cc2)Oc2ccccc2-n2cccc2C1=O,5.0
CCC1(c2ccc(COc3cccc(Cl)c3)cc2)Oc2ccccc2-n2cccc2C1=O,5.0
CCC1(c2ccc(COc3ccccc3Cl)cc2)Oc2ccccc2-n2cccc2C1=O,5.0
CCC1(c2ccc(CNc3ccccc3)cc2)Oc2ccccc2-n2cccc2C1=O,5.0
CCC1(c2ccc(COc3ccccc3)cc2)Oc2ccccc2-n2cccc2C1=O,5.638272163982407
C=C(C)CCOCc1ccc(C2(CC)Oc3ccccc3-n3cccc3C2=O)cc1,5.0
CCC1(c2cccc(COc3ccccc3)c2)Oc2ccccc2-n2cccc2C1=O,5.0
CCC1(c2ccc(I)cc2)Oc2ccccc2-n2cccc2C1=O,4.568636235841013
CCC1(c2cccc(N)c2)Oc2ccccc2-n2cccc2C1=O,5.0
CCOc1cccc(C2(CC)Oc3ccccc3-n3cccc3C2=O)c1,6.119186407719209
CCC1(c2cccc(I)c2)Oc2ccccc2-n2cccc2C1=O,5.0
CCC1(c2cccc(Cl)c2)Oc2ccccc2-n2cccc2C1=O,6.301029995663981
CCC1(c2cccc(OC)c2)Oc2ccccc2-n2cccc2C1=O,5.0
CCC1(c2cccc(C)c2)Oc2ccccc2-n2cccc2C1=O,5.721246399047171
N#CCC(=O)c1cccc(I)c1,3.505845405981557
Cc1ccnc2c1NC(=O)c1cccnc1N2C1CC1,5.769551078621726
NC(=O)c1scnc1-c1ccccc1,3.5476001540885584
NC(=O)c1scnc1-c1cccc(C(=O)c2ccccc2)c1,4.787812395596042
NC(=O)c1scnc1-c1ccc(Cl)c(Br)c1,4.057991946977687
NC(=O)c1scnc1-c1cccc(I)c1,3.505845405981557
Br.NC(=O)c1sc(N)nc1-c1ccccc1,4.09312646527793
Br.NC(=O)c1sc(N)nc1-c1cccc(-c2ccccc2)c1,4.22767829327708
Br.NC(=O)c1sc(N)nc1-c1cccc(C(=O)c2ccccc2)c1,4.355561410532162
Br.NC(=O)c1sc(N)nc1-c1ccc(Cl)c(Br)c1,3.9273825234547632
Br.NC(=O)c1sc(N)nc1-c1cccc(Cl)c1,4.2644011003018205
Br.NC(=O)c1sc(N)nc1-c1cccc(I)c1,3.9017024635053024
NC(=O)c1[nH]cnc1-c1ccccc1,3.5228787452803374
NC(=O)c1[nH]cnc1-c1cccc(-c2ccccc2)c1,3.505845405981557
NC(=O)c1[nH]cnc1-c1cccc(C(=O)c2ccccc2)c1,3.505845405981557
NC(=O)c1[nH]cnc1-c1ccc(Cl)c(Br)c1,5.00436480540245
NC(=O)c1[nH]cnc1-c1cccc(Cl)c1,4.09799710864927
NC(=O)CC(=O)c1cccc(-c2ccccc2)c1,3.505845405981557
NC(=O)CC(=O)c1cccc(C(=O)c2ccccc2)c1,3.505845405981557
NC(=O)CC(=O)c1cccc(Cl)c1,3.505845405981557
NC(=O)CC(=O)c1cccc(I)c1,4.528708288941061
CCOP(=O)(OCC)Oc1cccc(C(=O)CC#N)c1,4.191789027075778
N#CCC(=O)Cc1cccc(I)c1,5.455931955649724
N#CCC(=O)c1cccc(-c2ccccc2)c1,4.476253533188435
N#CCC(=O)c1cccc(C(=O)c2ccccc2)c1,5.008773924307505
N#CCC(=O)c1ccc(Cl)c(Br)c1,3.505845405981557
N#CCC(=O)c1cccc(Cl)c1,5.3872161432802645
NC(=O)c1scnc1-c1cccc(-c2ccccc2)c1,3.505845405981557
NC(=O)c1[nH]cnc1-c1ccc(Cl)c(Br)c1,5.00436480540245
N#CCC(=O)Cc1cccc(I)c1,5.455931955649724
Cc1ccnc2c1NC(=O)c1cccnc1N2C1CC1,5.769551078621726
C[C@H](Cn1cnc2c(N)ncnc21)OCP(=O)(O)O,6.42021640338319
Cc1cn([C@H]2C=C[C@@H](COP(=O)(O)OP(=O)(O)OP(=O)(O)O)O2)c(=O)[nH]c1=O,6.4089353929735005
Cc1cn([C@H]2CC[C@@H](OCP(=O)(O)O)O2)c(=O)[nH]c1=O.O=P(O)(O)OP(=O)(O)O,5.267606240177032
Cc1cn([C@H]2C=C[C@@H](OCP(=O)(O)O)O2)c(=O)[nH]c1=O,6.4089353929735005
Cc1cn([C@H]2CC[C@@H](OCP(=O)(O)O)O2)c(=O)[nH]c1=O,5.267606240177032
Cc1cn([C@H]2C=C[C@@H](CO)O2)c(=O)[nH]c1=O,7.221848749616356
Cc1cn([C@H]2CC[C@@H](CO)O2)c(=O)[nH]c1=O,6.920818753952375
Cc1cn([C@H]2C[C@H](N=[N+]=[N-])[C@@H](CO)O2)c(=O)[nH]c1=O,7.301029995663981
O=C(CSc1nnnn1-c1cccc2ccccc12)Nc1ccccc1[N+](=O)[O-],6.071092309756048
CCN(C(=O)SCC(=O)Nc1ccc(-c2ccc(CC(=O)O)cc2)cc1Cl)c1ccc(C(C)(C)C)cc1Cl,7.455931955649724
CCN(C(=O)NCC(=O)Nc1ccc(-c2ccc(CC(=O)O)cc2)cc1Cl)c1ccc(C(C)(C)C)cc1Cl,6.382999658879101
CCN(C(=O)OCC(=O)Nc1ccc(-c2ccc(CC(=O)O)cc2)cc1Cl)c1ccc(C(C)(C)C)cc1Cl,7.008773924307505
CCN(C(=O)CCC(=O)Nc1ccc(-c2ccc(CC(=O)O)cc2)cc1Cl)c1ccc(C(C)(C)C)cc1Cl,6.515700160653214
CC(C)(C)c1ccc(N(CC(F)(F)F)C(=O)CCC(=O)Nc2ccc(-c3ccc(OCC(=O)O)cc3)cc2Cl)c(Cl)c1,6.1438755557577
CC(C)(C)c1ccc(N(C(=O)CCC(=O)Nc2ccc(-c3ccc(OCC(=O)O)cc3)cc2Cl)C2CC2)c(Cl)c1,6.295849483160201
C=CCN(C(=O)CCC(=O)Nc1ccc(-c2ccc(OCC(=O)O)cc2)cc1Cl)c1ccc(C(C)(C)C)cc1Cl,6.6252516539898965
CCN(C(=O)CCC(=O)Nc1ccc(-c2ccc(OCC(=O)O)cc2)cc1Cl)c1ccc(C(C)(C)C)cc1Cl,6.684029654543083
CN(C(=O)CCC(=O)Nc1ccc(-c2ccc(OCC(=O)O)cc2)cc1Cl)c1ccc(C(C)(C)C)cc1Cl,6.484126156288321
CC(C)(C)c1ccc(NC(=O)CCC(=O)Nc2ccc(-c3ccc(OCC(=O)O)cc3)cc2Cl)c(Cl)c1,5.335358024443875
CC(C)(C)c1ccc(-n2nnnc2CCC(=O)Nc2ccc(-c3ccc(OCC(=O)O)cc3)cc2Cl)c(Cl)c1,5.750312572194699
CC(C)(C)c1ccc(-n2nnnc2SCC(=O)Nc2ccc(-c3ccc(CC(=O)O)cc3)cc2Cl)c(Cl)c1,7.5376020021010435
CC(C)(C)c1ccc(-n2nnnc2SCC(=O)Nc2ccc(-c3ccc(OCC(=O)O)cc3)cc2Cl)c(Cl)c1,7.638272163982407
CC(C)(C)c1ccc(-n2nnnc2SCC(=O)Nc2ccc(S(N)(=O)=O)cc2Cl)c(Cl)c1,7.443697499232712
CC(C)(C)c1ccc(-n2nnnc2SCC(=O)Nc2ccc(S(C)(=O)=O)cc2Cl)c(Cl)c1,7.568636235841013
CC(C)(C)c1ccc(-n2nnnc2SCC(=O)Nc2ccccc2Cl)c(Cl)c1,7.026872146400302
O=C(CSc1nnnn1-c1ccc(C2CC2)cc1Cl)Nc1ccccc1Cl,6.987162775294828
Cc1ccc(-n2nnnc2SCC(=O)Nc2ccccc2Cl)c(Cl)c1,6.092051478387727
O=C(CSc1nnnn1-c1ccccc1Cl)Nc1ccccc1[N+](=O)[O-],5.700057099977233
O=C(CSc1nnnn1-c1cccc2ccccc12)Nc1ccccc1Cl,5.735654492949908
O=C(CCc1nnnn1-c1cccc2ccccc12)Nc1ccccc1[N+](=O)[O-],5.0
O=C(COc1nnnn1-c1cccc2ccccc12)Nc1ccccc1[N+](=O)[O-],4.9299621333922445
COC(=O)CCCC=C(c1cc(C)c(OC)c(C(=O)OC)c1)c1cc(C)c(OC)c(C(=O)OC)c1,6.0
CO/N=C(\Cl)CCC/C=C(\c1cc(C)c(OC)c(C(=O)NOC)c1)c1cc(C)c2oc(=O)n(C)c2c1,4.0
CONC(=O)c1cc(/C(=C\CCCC(=O)OC(C)(C)C)c2cc(C)c3oc(=O)n(C)c3c2)cc(C)c1OC,4.0
CO/N=C(\F)c1cc(/C(=C\CCCC(=O)OC)c2cc(C)c3oc(=O)n(C)c3c2)cc(C)c1OC,6.259637310505756
CO/N=C(\F)c1cc(/C(=C\CCCc2nc(C)no2)c2cc(C)c3oc(=O)n(C)c3c2)cc(C)c1OC,6.173925197299173
CO/N=C(\Br)CCC/C=C(\c1cc(C)c(OC)c(/C(Br)=N/OC)c1)c1cc(C)c2oc(=O)n(C)c2c1,6.070581074285707
CO/N=C(\Cl)CCC/C=C(\c1cc(C)c(OC)c(/C(Cl)=N/OC)c1)c1cc(C)c2oc(=O)n(C)c2c1,6.221848749616356
COC(=O)CCC/C=C(\c1cc(C)c(OC)c(C(=O)OC)c1)c1cc(C)c2oc(=O)n(C)c2c1,7.698970004336019
CCc1c(Cc2ccccc2)n(COCc2ccc(C(=O)/C=C(\O)C(=O)O)cc2)c(=O)[nH]c1=O,6.629486910401408
O=C(Nc1ccc2c(O)c(/N=N/c3ccc(C(=O)O)cc3)c(S(=O)(=O)O)cc2c1)Nc1ccc2c(O)c(/N=N/c3ccc(C(=O)O)cc3)c(S(=O)(=O)O)cc2c1,6.4089353929735005
O=Cc1ccc(-c2cc(-c3cccc(C=O)c3)c(O)c(O)c(=O)c2O)cc1,5.920818753952375
O=[N+]([O-])c1ccc(C2c3c(O)nc(S)nc3Oc3nc(S)nc(O)c32)cc1,5.318758762624412
O=C(O)/C(O)=C/C(=O)c1cccc(Cc2ccccc2)c1,4.0
CC(C)c1c(Cc2ccccc2)n(COCc2ccccc2)c(=O)[nH]c1=O,7.795880017344075
Cc1cc(C)cc(Cc2c(C(C)C)c(=O)[nH]c(=O)n2COCc2ccc(C(=O)/C=C(\O)C(=O)O)cc2)c1,8.036212172654444
CC(C)c1c(Cc2ccccc2)n(COCc2ccc(C(=O)/C=C(\O)C(=O)O)cc2)c(=O)[nH]c1=O,7.244277555096542
CCc1c(Cc2cc(C)cc(C)c2)n(COCc2ccc(C(=O)/C=C(\O)C(=O)O)cc2)c(=O)[nH]c1=O,7.61636413163812
Cc1cccc2c1nc(-c1c(F)cccc1F)n2Cc1c(F)cccc1F,6.698970004336019
Fc1cccc(F)c1Cn1c(-c2c(F)cccc2F)nc2ccccc21,6.958607314841775
CN(C)c1cccc2c1nc(-c1c(F)cccc1F)n2Cc1c(F)cccc1F,4.3979400086720375
CNc1cccc2c1nc(-c1c(F)cccc1F)n2Cc1c(F)cccc1F,5.306273051076353
CC(=O)Nc1cccc2c1nc(-c1c(F)cccc1F)n2Cc1c(F)cccc1F,4.262012673666569
Nc1cccc2c1nc(-c1c(F)cccc1F)n2Cc1c(F)cccc1F,6.552841968657781
COC(=O)c1cccc2c1nc(-c1c(F)cccc1F)n2Cc1c(F)cccc1F,3.8018930011265986
CCc1cccc2c1nc(-c1c(F)cccc1F)n2Cc1c(F)cccc1F,4.756961951313706
CC(=O)N(C)c1cccc2c1nc(-c1c(F)cccc1F)n2Cc1c(F)cccc1F,6.494850021680094
COc1cccc2c1nc(-c1c(F)cccc1F)n2Cc1c(F)cccc1F,8.136677139879543
O=[N+]([O-])c1cccc2c1nc(-c1c(F)cccc1F)n2Cc1c(F)cccc1F,5.72584215073632
Fc1cccc(F)c1Cn1c(-c2c(F)cccc2F)nc2c(Cl)cccc21,5.580044251510242
Fc1cccc(F)c1Cn1c(-c2c(F)cccc2F)nc2c(Br)cccc21,5.79317412396815
COC(=O)CCCC=C(c1cc(Br)c(OC)c(C(=O)OC)c1)c1cc(Br)c(OC)c(C(=O)OC)c1,6.522878745280337
COc1c(C)cc(/C(=C/CCCc2nnc(C)o2)c2ccc(C#N)cc2)cc1C(=O)SC,6.346787486224656
COc1c(C)cc(/C(=C/CCCc2nnc(C)o2)c2cccc(C#N)c2)cc1C(=O)SC,5.113509274827518
COc1c(C)cc(/C(=C/CCCc2nnc(C)o2)c2cc(C)c3on(C)c(=O)c3c2)cc1C(=O)SC,4.0
COc1c(C)cc(/C(=C/CCCc2nnc(C)o2)c2cc(C)c3onc(OC)c3c2)cc1C(=O)SC,5.2839966563652006
COc1c(C)cc(/C(=C/CCCc2nnc(C)o2)c2cc(C)c3oc(=O)n(C)c3c2)cc1C(=O)SC,4.443697499232712
COc1c(C)cc(/C(=C\CCCc2nnc(C)o2)c2ccc(C#N)cc2)cc1C(=O)SC,5.494850021680094
COc1c(C)cc(/C(=C\CCCc2nnc(C)o2)c2cccc(C#N)c2)cc1C(=O)SC,6.2839966563652006
COc1c(C)cc(/C(=C\CCCc2nnc(C)o2)c2cc(C)c3on(C)c(=O)c3c2)cc1C(=O)SC,4.0
COc1c(C)cc(/C(=C\CCCc2nnc(C)o2)c2cc(C)c3onc(OC)c3c2)cc1C(=O)SC,6.327902142064283
COc1c(C)cc(C(=CCCCc2nnc(C)o2)c2cc(C)c(OC)c(C(=O)SC)c2)cc1C(=O)SC,5.173925197299174
COc1c(C)cc(/C(=C/CCc2nnc(C)o2)c2ccc(C#N)cc2)cc1C(=O)SC,4.318758762624412
COc1c(C)cc(/C(=C/CCc2nnc(C)o2)c2cccc(C#N)c2)cc1C(=O)SC,4.259637310505756
COc1c(C)cc(/C(=C/CCc2nnc(C)o2)c2cc(C)c3on(C)c(=O)c3c2)cc1C(=O)SC,4.0
COc1c(C)cc(/C(=C/CCc2nnc(C)o2)c2cc(C)c3onc(OC)c3c2)cc1C(=O)SC,4.481486060122113
COc1c(C)cc(/C(=C/CCc2nnc(C)o2)c2cc(C)c3oc(=O)n(C)c3c2)cc1C(=O)SC,4.045757490560675
COc1c(C)cc(/C(=C\CCc2nnc(C)o2)c2ccc3oncc3c2)cc1C(=O)SC,5.113509274827518
COc1c(C)cc(/C(=C\CCc2nnc(C)o2)c2ccc(C#N)cc2)cc1C(=O)SC,5.200659450546418
COc1c(C)cc(/C(=C\CCc2nnc(C)o2)c2cccc(C#N)c2)cc1C(=O)SC,5.031517051446065
COc1c(C)cc(/C(=C/CCc2nnc(C)o2)c2ccc3oc(=O)n(C)c3c2)cc1C(=O)SC,5.585026652029182
COc1c(C)cc(/C(=C\CCc2nnc(C)o2)c2cc(C)c3on(C)c(=O)c3c2)cc1C(=O)SC,5.036212172654444
COc1c(C)cc(/C(=C\CCc2nnc(C)o2)c2cc(C)c3onc(OC)c3c2)cc1C(=O)SC,6.045757490560675
COc1c(C)cc(C(=CCCc2nnc(C)o2)c2cc(C)c(OC)c(C(=O)SC)c2)cc1C(=O)SC,4.0
COC(=O)c1cc(/C(=C/CCc2nnc(C)o2)c2cc(C)c3oc(=O)n(C)c3c2)cc(C)c1OC,6.0
COC(=O)c1cc(/C(=C\CCc2nnc(C)o2)c2cc(C)c3onc(OC)c3c2)cc(C)c1OC,6.4089353929735005
COC(=O)c1cc(/C(=C\CCc2nnc(C)o2)c2cc(C)c3on(C)c(=O)c3c2)cc(C)c1OC,5.130768280269024
COC(=O)c1cc(/C(=C\CCc2nnc(C)o2)c2ccc(C#N)cc2)cc(C)c1OC,4.619788758288394
COC(=O)c1cc(/C(=C\CCc2nnc(C)o2)c2cccc(C#N)c2)cc(C)c1OC,4.5376020021010435
COC(=O)c1cc(/C(=C\CCc2nnc(C)o2)c2cc(C)c(OC)c(C(=O)SC)c2)cc(C)c1OC,4.494850021680094
COC(=O)c1cc(C(=CCCc2nnc(C)o2)c2cc(C)c(OC)c(C(=O)OC)c2)cc(C)c1OC,4.1487416512809245
COC(=O)c1cc(/C(=C\CCc2nnn(C)n2)c2cccc(C#N)c2)cc(C)c1OC,5.113509274827518
COC(=O)c1cc(/C(=C\CCc2nnn(C)n2)c2cc(C)c(OC)c(C(=O)SC)c2)cc(C)c1OC,4.022276394711152
COc1c(C)cc(C(=CCCc2nnn(C)n2)c2cc(C)c(OC)c(C(=O)SC)c2)cc1C(=O)SC,4.173925197299174
COC(=O)c1cc(C(=CCCc2nnn(C)n2)c2cc(C)c(OC)c(C(=O)OC)c2)cc(C)c1OC,4.275724130399211
COC(=O)CCC/C=C(\c1cc(C)c(OC)c(C(=O)OC)c1)c1cc(C)c2onc(OC)c2c1,6.040958607678906
COC(=O)CCC/C=C(\c1cc(C)c(OC)c(C(=O)OC)c1)c1cc(C)c2oc(=O)n(C)c2c1,7.698970004336019
COC(=O)CCCC=C(c1cc(Cl)c(OC)c(C(=O)OC)c1)c1cc(Cl)c(OC)c(C(=O)OC)c1,6.522878745280337
CN(C)CCN1C(=O)CSC1C12CC3CC(CC(C3)C1)C2,3.1884249941294067
Cc1ccnc2c1NC(=O)c1cccnc1N2C1CC1,5.6020599913279625
Cc1cc(C)nc(N2C(=O)CS[C@H]2C23CC4CC(CC(C4)C2)C3)c1,3.2335871528876003
Cc1cc(C)nc(N2C(=O)CS[C@@H]2C23CC4CC(CC(C4)C2)C3)c1,4.721246399047171
Cc1cc(C)nc(N2C(=O)CSC2C)c1,3.0457574905606752
Cc1cc(C)nc(N2C(=O)CSC2C23CC4CC(CC(C4)C2)C3)c1,4.5376020021010435
Cc1cccc(N2C(=O)CSC2C23CC4CC(CC(C4)C2)C3)n1,4.3979400086720375
Cc1ccnc(N2C(=O)CSC2C23CC4CC(CC(C4)C2)C3)c1,4.3979400086720375
O=C1CSC(C23CC4CC(CC(C4)C2)C3)N1c1cccnc1,3.196542884351586
CCN(CC)CCCN1C(=O)CSC1C12CC3CC(CC(C3)C1)C2,3.243363891754152
CN(C)CCCN1C(=O)CSC1C12CC3CC(CC(C3)C1)C2,3.207608310501746
CCN(CC)CCN1C(=O)CSC1C12CC3CC(CC(C3)C1)C2,3.323306390375133
CN(C)CCN1C(=O)CSC1C12CC3CC(CC(C3)C1)C2,3.1884249941294067
Cc1ccnc2c1NC(=O)c1cccnc1N2C1CC1,4.638272163982407
Cc1cc(C)nc(N2C(=O)CS[C@H]2C23CC4CC(CC(C4)C2)C3)c1,3.2335871528876003
Cc1cc(C)nc(N2C(=O)CS[C@@H]2C23CC4CC(CC(C4)C2)C3)c1,4.698970004336019
Cc1cc(C)nc(N2C(=O)CSC2C)c1,3.0457574905606752
Cc1cc(C)nc(N2C(=O)CSC2C23CC4CC(CC(C4)C2)C3)c1,4.42021640338319
Cc1cccc(N2C(=O)CSC2C23CC4CC(CC(C4)C2)C3)n1,4.366531544420414
Cc1ccnc(N2C(=O)CSC2C23CC4CC(CC(C4)C2)C3)c1,4.055517327849831
O=C1CSC(C23CC4CC(CC(C4)C2)C3)N1c1cccnc1,3.196542884351586
CCN(CC)CCCN1C(=O)CSC1C12CC3CC(CC(C3)C1)C2,3.243363891754152
CN(C)CCCN1C(=O)CSC1C12CC3CC(CC(C3)C1)C2,3.207608310501746
CCN(CC)CCN1C(=O)CSC1C12CC3CC(CC(C3)C1)C2,3.317854923626168
CCN(CC)CC.CCN(CC)CC.CCN(CC)CC.CCN(CC)CC.Nc1nc(=O)n([C@H]2C[C@@H](COP(=O)(O)OP(=O)(O)OP(=O)(O)O)C2)cc1F,5.214670164989233
Nc1ccn([C@@H]2CS[C@H](COP(=O)(O)OP(=O)(O)OP(=O)(O)O)O2)c(=O)n1,5.0
O=c1[nH]c2ccc(Cl)cc2n1Cc1c(F)cccc1F,6.154901959985743
O=C1Nc2ccc(Cl)cc2[C@@](C#CC2CC2)(C(F)(F)F)O1,8.397940008672037
Cc1ccnc2c1NC(=O)c1cccnc1N2C1CC1,6.7447274948966935
Cc1cc(C)cc(S(=O)(=O)n2c(=O)[nH]c3ccc(Cl)cc32)c1,8.301029995663981
Cc1cc(C)cc(Cn2c(=O)[nH]c3ccc(Cl)cc32)c1,6.823908740944319
O=C(CSc1nnnn1-c1cccc2ccccc12)Nc1ccccc1[N+](=O)[O-],6.115771230367396
O=C(CSc1nnnn1-c1cccc2ccccc12)Nc1ccccc1[N+](=O)[O-],8.022276394711152
O=C(CSc1nnnn1-c1ccc(C2CC2)cc1Cl)Nc1ccc(C#CCCO)cc1Cl,8.698970004336019
CC(C)(C)c1ccc(-n2nnnc2SCC(=O)Nc2ccc(C#CCCO)cc2Cl)c(Cl)c1,8.259637310505756
CC(C)(C)c1ccc(-n2nnnc2SCC(=O)Nc2ccc(C#CC(=O)O)cc2Cl)c(Cl)c1,8.537602002101044
CC(C)(C)c1ccc(-n2nnnc2SCC(=O)Nc2ccc(CCC(=O)O)cc2Cl)c(Cl)c1,8.0
CC(C)(C)c1ccc(-n2nnnc2SCC(=O)Nc2ccc(-c3ccc(C(C)(C)C(=O)O)cc3)cc2Cl)c(Cl)c1,8.0
CC(C)(C)c1ccc(-n2nnnc2SCC(=O)Nc2ccc(S(C)(=O)=O)cc2Cl)c(Cl)c1,8.508638306165727
NS(=O)(=O)c1ccc(NC(=O)CSc2nnnn2-c2ccc(C3CC3)cc2Cl)c(Cl)c1,8.301029995663981
CC(C)(C)c1ccc(-n2nnnc2SCC(=O)Nc2ccc(S(N)(=O)=O)cc2Cl)c(Cl)c1,8.236572006437063
O=C(CSc1nnnn1-c1ccc(C2CC2)cc1Cl)Nc1ccc(C(=O)O)cc1Cl,7.795880017344075
CC(C)(C)c1ccc(-n2nnnc2SCC(=O)Nc2ccc(C(=O)O)cc2Cl)c(Cl)c1,8.301029995663981
CC(C)(C)c1ccc(-n2nnnc2SCC(=O)Nc2ccccc2Cl)c(Cl)c1,8.10790539730952
O=C(CSc1nnnn1-c1ccc(C2CC2)cc1Cl)Nc1ccc(C#CCCO)cc1Cl,8.050609993355087
CC(C)(C)c1ccc(-n2nnnc2SCC(=O)Nc2ccc(C#CCCO)cc2Cl)c(Cl)c1,7.920818753952375
CC(C)(C)c1ccc(-n2nnnc2SCC(=O)Nc2ccc(C#CC(=O)O)cc2Cl)c(Cl)c1,7.42021640338319
CC(C)(C)c1ccc(-n2nnnc2SCC(=O)Nc2ccc(CCC(=O)O)cc2Cl)c(Cl)c1,6.823908740944319
CC(C)(C)c1ccc(-n2nnnc2SCC(=O)Nc2ccc(-c3ccc(C(C)(C)C(=O)O)cc3)cc2Cl)c(Cl)c1,7.481486060122112
CC(C)(C)c1ccc(-n2nnnc2SCC(=O)Nc2ccc(S(C)(=O)=O)cc2Cl)c(Cl)c1,7.585026652029182
NS(=O)(=O)c1ccc(NC(=O)CSc2nnnn2-c2ccc(C3CC3)cc2Cl)c(Cl)c1,7.346787486224656
CC(C)(C)c1ccc(-n2nnnc2SCC(=O)Nc2ccc(S(N)(=O)=O)cc2Cl)c(Cl)c1,7.443697499232712
O=C(CSc1nnnn1-c1ccc(C2CC2)cc1Cl)Nc1ccc(C(=O)O)cc1Cl,6.82102305270683
CC(C)(C)c1ccc(-n2nnnc2SCC(=O)Nc2ccc(C(=O)O)cc2Cl)c(Cl)c1,7.180456064458132
CC(C)(C)c1ccc(-n2nnnc2SCC(=O)Nc2ccccc2Cl)c(Cl)c1,7.026872146400302
C#Cc1ccc(NC(=O)CSc2nnnn2-c2ccc(C3CC3)cc2Cl)c(Cl)c1,7.356547323513812
CC(C)(C#Cc1ccc(NC(=O)CSc2nnnn2-c2ccc(C3CC3)cc2Cl)c(Cl)c1)CC(=O)O,7.585026652029182
O=C(CSc1nnnn1-c1ccc(C2CC2)cc1Cl)Nc1ccc(C#CC2(C(=O)O)CC2)cc1Cl,7.366531544420414
CC(C)(C#Cc1ccc(NC(=O)CSc2nnnn2-c2ccc(C3CC3)cc2Cl)c(Cl)c1)C(=O)NS(C)(=O)=O,7.721246399047171
CC(C)(C#Cc1ccc(NC(=O)CSc2nnnn2-c2ccc(C3CC3)cc2Cl)c(Cl)c1)C(=O)O,7.552841968657781
CC(C)(C#Cc1ccc(NC(=O)CSc2nnnn2-c2ccc(C3CC3)cc2Cl)c(Cl)c1)CNCC(=O)O,7.638272163982407
O=C(O)CC#Cc1ccc(NC(=O)CSc2nnnn2-c2ccc(C3CC3)cc2Cl)c(Cl)c1,7.494850021680094
CC(C)(C#Cc1ccc(NC(=O)CSc2nnnn2-c2ccc(C3CC3)cc2Cl)c(Cl)c1)CO,7.769551078621726
CC(C)(C#Cc1ccc(NC(=O)CSc2nnnn2-c2ccc(C3CC3)cc2Cl)c(Cl)c1)NC(=O)CN,8.102372908709558
CC(C)(C#Cc1ccc(NC(=O)CSc2nnnn2-c2ccc(C3CC3)cc2Cl)c(Cl)c1)NCC(=O)O,7.522878745280337
CC(C)(N)C#Cc1ccc(NC(=O)CSc2nnnn2-c2ccc(C3CC3)cc2Cl)c(Cl)c1,7.42021640338319
CC(C)(C#Cc1ccc(NC(=O)CSc2nnnn2-c2ccc(C3CC3)cc2Cl)c(Cl)c1)OCC(=O)O,7.638272163982407
CC(C)(C#Cc1ccc(NC(=O)CSc2nnnn2-c2ccc(C3CC3)cc2Cl)c(Cl)c1)OCCN1CCCC1,7.096910013008056
CC(C)(O)C#Cc1ccc(NC(=O)CSc2nnnn2-c2ccc(C3CC3)cc2Cl)c(Cl)c1,7.769551078621726
O=C(O)C#Cc1ccc(NC(=O)CSc2nnnn2-c2ccc(C3CC3)cc2Cl)c(Cl)c1,7.327902142064283
O=C(CSc1nnnn1-c1ccc(C2CC2)cc1Cl)Nc1ccc(C#CCO)cc1Cl,7.698970004336019
CCOCn1c(C)c(CNc2cc(Cl)c(Cl)cc2Cl)c(=O)[nH]c1=O,6.086186147616283
Cc1c(CNC2CCCCC2)c(=O)[nH]c(=O)n1COCc1ccccc1,5.293282217663241
Cc1c(CNc2cc(Cl)c(Cl)cc2Cl)c(=O)[nH]c(=O)n1COCc1ccccc1,4.0
Cc1ccc(NCc2c(C)n(COCc3ccccc3)c(=O)[nH]c2=O)cc1,4.860120913598763
Cc1c(CN(C)c2ccccc2)c(=O)[nH]c(=O)n1COCc1ccccc1,5.45717457304082
CCOCn1c(C)c(CNc2ccccn2)c(=O)[nH]c1=O,4.262012673666569
CCOCn1c(C)c(CNc2cc(C)ccc2C)c(=O)[nH]c1=O,4.581698708680254
CCOCn1c(C)c(CNc2ccccc2[N+](=O)[O-])c(=O)[nH]c1=O,4.0
Cc1ccnc2c1NC(=O)c1cccnc1N2C1CC1,4.97469413473523
NC(=O)c1[nH]c2ccc(Cl)cc2c1S(=O)(=O)c1ccccc1,6.935542010773082
Cc1cnc(-c2[nH]c3ccc(Cl)cc3c2S(=O)(=O)c2ccccc2)[nH]1,8.045757490560675
O=S(=O)(c1c(-c2nc3cccnc3[nH]2)[nH]c2ccc(Br)cc12)N1CCCC1,6.431798275933005
O=S(=O)(c1c(-c2nc3ccc(F)cc3[nH]2)[nH]c2ccc(Br)cc12)N1CCCC1,6.657577319177793
COc1ccc2nc(-c3[nH]c4ccc(Br)cc4c3S(=O)(=O)N3CCCC3)[nH]c2c1,6.823908740944319
O=S(=O)(c1c(-c2nc3ccccc3[nH]2)[nH]c2ccc(Br)cc12)N1CCCC1,6.552841968657781
O=S(=O)(c1c(-c2nc3cccc(O)c3[nH]2)[nH]c2ccc(Br)cc12)N1CCCC1,7.318758762624412
O=S(=O)(c1c(-c2ncc(-c3ccccc3)[nH]2)[nH]c2ccc(Br)cc12)N1CCCC1,6.823908740944319
CCC(OC)c1cnc(-c2[nH]c3ccc(Br)cc3c2S(=O)(=O)N2CCCC2)[nH]1,6.958607314841775
CCC(O)c1cnc(-c2[nH]c3ccc(Br)cc3c2S(=O)(=O)N2CCCC2)[nH]1,7.2076083105017466
Cc1cnc(-c2[nH]c3ccc(Br)cc3c2S(=O)(=O)N2CCCC2)[nH]1,7.376750709602099
O=C(NCc1ccnc2ccccc12)c1[nH]c2ccc(Br)cc2c1S(=O)(=O)N1CCCC1,7.6020599913279625
O=C(NCc1cncs1)c1[nH]c2ccc(Br)cc2c1S(=O)(=O)N1CCCC1,7.031517051446065
O=C(NCc1nccs1)c1[nH]c2ccc(Br)cc2c1S(=O)(=O)N1CCCC1,6.552841968657781
O=C(NCc1ccn[nH]1)c1[nH]c2ccc(Br)cc2c1S(=O)(=O)N1CCCC1,6.585026652029182
O=C(NCc1ccncc1)c1[nH]c2ccc(Br)cc2c1S(=O)(=O)N1CCCC1,6.769551078621726
O=C(NCc1ccccc1O)c1[nH]c2ccc(Br)cc2c1S(=O)(=O)N1CCCC1,7.508638306165727
O=C(NCc1c(F)cccc1Cl)c1[nH]c2ccc(Br)cc2c1S(=O)(=O)N1CCCC1,7.698970004336019
O=C(NCCO)c1[nH]c2ccc(Br)cc2c1S(=O)(=O)N1CCCC1,5.552841968657781
NC(=O)c1[nH]c2ccc(Cc3ccc(Cl)cn3)cc2c1S(=O)(=O)N1CCCC1,5.086186147616283
N#Cc1ccc2[nH]c(C(N)=O)c(S(=O)(=O)N3CCCC3)c2c1,5.638272163982407
NC(=O)c1[nH]c2ccc(Cl)cc2c1S(=O)(=O)N1CCCC1,5.707079700399993
NC(=O)c1[nH]c2ccc(Br)cc2c1S(=O)(=O)N1CCCC1,5.0
NC(=O)c1[nH]c2ccc(Cl)cc2c1S(=O)(=O)c1ccccc1,7.1487416512809245
O=S(=O)(c1c(-c2nc3cccnc3[nH]2)[nH]c2ccc(Br)cc12)N1CCCC1,5.301029995663981
O=S(=O)(c1c(-c2nc3ccc(F)cc3[nH]2)[nH]c2ccc(Br)cc12)N1CCCC1,5.275724130399211
COc1ccc2nc(-c3[nH]c4ccc(Br)cc4c3S(=O)(=O)N3CCCC3)[nH]c2c1,5.292429823902063
O=S(=O)(c1c(-c2nc3ccccc3[nH]2)[nH]c2ccc(Br)cc12)N1CCCC1,7.42021640338319
O=S(=O)(c1c(-c2nc3cccc(O)c3[nH]2)[nH]c2ccc(Br)cc12)N1CCCC1,6.0915149811213505
O=S(=O)(c1c(-c2ncc(-c3ccccc3)[nH]2)[nH]c2ccc(Br)cc12)N1CCCC1,5.040958607678906
CCC(OC)c1cnc(-c2[nH]c3ccc(Br)cc3c2S(=O)(=O)N2CCCC2)[nH]1,6.619788758288394
CCC(O)c1cnc(-c2[nH]c3ccc(Br)cc3c2S(=O)(=O)N2CCCC2)[nH]1,5.585026652029182
Cc1cnc(-c2[nH]c3ccc(Br)cc3c2S(=O)(=O)N2CCCC2)[nH]1,7.6020599913279625
O=C(NCc1ccnc2ccccc12)c1[nH]c2ccc(Br)cc2c1S(=O)(=O)N1CCCC1,7.200659450546418
O=C(NCc1cncs1)c1[nH]c2ccc(Br)cc2c1S(=O)(=O)N1CCCC1,8.221848749616356
O=C(NCc1nccs1)c1[nH]c2ccc(Br)cc2c1S(=O)(=O)N1CCCC1,6.698970004336019
O=C(NCc1ccn[nH]1)c1[nH]c2ccc(Br)cc2c1S(=O)(=O)N1CCCC1,6.081445469449727
O=C(NCc1ccncc1)c1[nH]c2ccc(Br)cc2c1S(=O)(=O)N1CCCC1,8.200659450546418
O=C(NCc1ccccc1O)c1[nH]c2ccc(Br)cc2c1S(=O)(=O)N1CCCC1,8.0268721464003
O=C(NCc1c(F)cccc1Cl)c1[nH]c2ccc(Br)cc2c1S(=O)(=O)N1CCCC1,7.795880017344075
O=C(NCCO)c1[nH]c2ccc(Br)cc2c1S(=O)(=O)N1CCCC1,8.161150909262744
NC(=O)c1[nH]c2ccc(Cc3ccc(Cl)cn3)cc2c1S(=O)(=O)N1CCCC1,5.0
N#Cc1ccc2[nH]c(C(N)=O)c(S(=O)(=O)N3CCCC3)c2c1,5.0
NC(=O)c1[nH]c2ccc(Cl)cc2c1S(=O)(=O)N1CCCC1,7.318758762624412
NC(=O)c1[nH]c2ccc(Br)cc2c1S(=O)(=O)N1CCCC1,6.920818753952375
COC(=O)c1cc(C(=CCCc2nnc(C)o2)c2cc(C)c(OC)c(C(=O)OC)c2)cc(C)c1OC,4.1487416512809245
Cc1ccnc2c1NC(=O)c1cccnc1N2C1CC1,7.075720713938118
CO/N=C(\Cl)CCC/C=C(\c1cc(C)c(OC)c(/C(Cl)=N/OC)c1)c1cc(C)c2oc(=O)n(C)c2c1,6.221848749616356
COc1noc2c(C)cc(/C(=C\CCc3nnc(C)o3)c3ccc(C#N)cc3)cc12,4.0
COc1noc2c(C)cc(/C(=C\CCc3nnc(C)o3)c3cccc(C#N)c3)cc12,4.031517051446065
COc1noc2c(C)cc(/C(=C/CCc3nnc(C)o3)c3cccc(C#N)c3)cc12,4.136677139879544
COc1c(C)cc(/C(=C/CCCc2nnc(C)o2)c2cc(C)c3onc(OC)c3c2)cc1C(=O)SC,5.2839966563652006
COc1c(C)cc(/C(=C/CCc2nnc(C)o2)c2cc(C)c3onc(OC)c3c2)cc1C(=O)SC,4.481486060122113
Cc1nnc(CC/C=C(/c2cccc(C#N)c2)c2cc(C)c3on(C)c(=O)c3c2)o1,4.3979400086720375
COc1c(C)cc(C(=CCCc2nnn(C)n2)c2cc(C)c(OC)c(C(=O)SC)c2)cc1C(=O)SC,4.173925197299174
COC(=O)c1cc(C(=CCCCSC)c2cc(Cl)c(OC)c(C(=O)OC)c2)cc(Cl)c1OC,4.0
C=CCCCC=C(c1cc(Br)c(OC)c(C(=O)OC)c1)c1cc(Br)c(OC)c(C(=O)OC)c1,4.00436480540245
COC(=O)c1cc(C(=CCCCc2ccccc2)c2cc(Br)c(OC)c(C(=O)OC)c2)cc(Br)c1OC,4.0
COC(=O)CCCC=C(c1cc(Cl)c(OC)c(C(=O)OC)c1)c1cc(Cl)c(OC)c(C(=O)OC)c1,6.522878745280337
Cc1ccccc1NC(=O)COc1ccc(Cl)cc1C(=O)c1cc(F)cc(F)c1,7.419987887470576
C=Cc1s/c(=N\S(=O)(=O)c2cccc([N+](=O)[O-])c2)n(C)c1C,5.210000001311122
CC(C)c1s/c(=N\S(=O)(=O)c2cccc([N+](=O)[O-])c2)n(C)c1Cl,5.159999981744464
CC(C)c1s/c(=N\S(=O)(=O)c2cccc([N+](=O)[O-])c2)n(C)c1C(F)(F)F,4.379999982779397
Cc1c(C(C)C)s/c(=N\S(=O)(=O)c2cccc([N+](=O)[O-])c2)n1C,4.70000006855703
CCc1s/c(=N\S(=O)(=O)c2cccc([N+](=O)[O-])c2)n(C)c1C,5.200000237109354
Cc1c(C(C)(C)C)s/c(=N\S(=O)(=O)c2cccc([N+](=O)[O-])c2)n1C,4.889999848866887
Cc1[nH]/c(=N/S(=O)(=O)c2cccc([N+](=O)[O-])c2)sc1C(C)(C)C,4.489999942195333
CC(C)c1s/c(=N\S(=O)(=O)c2cccc([N+](=O)[O-])c2)n(C)c1Cl,5.159999981744464
CC(C)c1s/c(=N\S(=O)(=O)c2cc(C#N)ccc2C#N)n(C)c1Cl,5.5200002474083645
CC(C)c1s/c(=N\S(=O)(=O)c2cc(Cl)ccc2C#N)n(C)c1Cl,5.40000018605658
Cc1c(C(C)C)s/c(=N\S(=O)(=O)c2cc(C#N)ccc2C#N)n1C,5.40000018605658
CC(C)c1s/c(=N\S(=O)(=O)c2cc(Br)ccc2O)n(C)c1Cl,7.400007822415902
CC(C)c1s/c(=N\S(=O)(=O)c2cc(Cl)ccc2O)n(C)c1Cl,6.799998134593398
Cc1c(C(C)C)s/c(=N\S(=O)(=O)c2cc(Br)ccc2C#N)n1C,5.40000018605658
Cc1c(C(C)C)s/c(=N\S(=O)(=O)c2cc(Cl)ccc2C#N)n1C,5.200000237109354
Cc1c(C(C)(C)C)s/c(=N\S(=O)(=O)c2cc(Cl)ccc2N)n1C,4.800000052738446
Cc1c(C(C)(C)C)s/c(=N\S(=O)(=O)c2cc(Cl)ccc2O)n1C,6.0
Cc1c(C(C)(C)C)s/c(=N\S(=O)(=O)c2ccccc2O)n1C,4.499999953328896
Cc1c(C(C)(C)C)s/c(=N\S(=O)(=O)c2cccc(Cl)c2)n1C,5.0
Cc1c(C(C)(C)C)s/c(=N\S(=O)(=O)c2cccc([N+](=O)[O-])c2)n1C,4.889999848866887
Cc1cc(S(N)(=O)=O)ccc1NC(=O)COc1ccc(Cl)cc1C(=O)c1cc(C#N)cc(C(F)(F)F)c1,8.96018944585165
Cc1cc(S(N)(=O)=O)ccc1NC(=O)COc1ccc(Cl)cc1C(=O)c1cc(Cl)cc(C#N)c1,9.0
Cc1cc(C#N)cc(C(=O)c2cc(Cl)ccc2OCC(=O)Nc2ccc(S(N)(=O)=O)cc2C)c1,9.049976093476673
Cc1cc(S(N)(=O)=O)ccc1NC(=O)COc1ccc(Cl)cc1C(=O)c1cncc(C#N)c1,6.850011543508524
Cc1cc(Cl)cc(C(=O)c2cc(Cl)ccc2OCC(=O)Nc2ccc(S(N)(=O)=O)cc2C)c1,8.439973751087107
Cc1cc(S(N)(=O)=O)ccc1NC(=O)COc1ccc(Cl)cc1C(=O)c1cc(Cl)cc(Br)c1,8.20999647960951
Cc1cc(S(N)(=O)=O)ccc1NC(=O)COc1ccc(Cl)cc1C(=O)c1cc(Br)cc(C(F)(F)F)c1,7.029978734171634
Cc1cc(C)cc(C(=O)c2cc(Cl)ccc2OCC(=O)Nc2ccc(S(N)(=O)=O)cc2C)c1,8.480040819247932
COc1cc(OC)cc(C(=O)c2cc(Cl)ccc2OCC(=O)Nc2ccc(S(N)(=O)=O)cc2C)c1,6.429994423238211
Cc1cc(S(N)(=O)=O)ccc1NC(=O)COc1ccc(Cl)cc1C(=O)c1cccc(C#N)c1,8.819874124835946
Cc1cc(N2CC[S+]([O-])CC2)ccc1NC(=O)COc1ccc(Cl)cc1C(=O)c1ccc(C#N)cc1,7.360015751958412
Cc1cc(N2CC[S+]([O-])CC2)ccc1NC(=O)COc1ccc(Cl)cc1C(=O)c1cccc(C#N)c1,8.299988937677888
Cc1cc(N2CC[S+]([O-])CC2)ccc1NC(=O)COc1ccc(Cl)cc1C(=O)c1ccccc1C#N,6.810004660035681
Cc1cc(N2CC[S+]([O-])CC2)ccc1NC(=O)COc1ccc(Cl)cc1C(=O)c1ccccc1,7.0
Cc1cc(C#N)cc(C(=O)c2cc(Cl)ccc2OCC(=O)Nc2ncc(S(N)(=O)=O)cc2C)c1,7.029978734171634
Cc1cc(S(N)(=O)=O)ncc1NC(=O)COc1ccc(Cl)cc1C(=O)c1cc(Cl)cc(C#N)c1,8.299988937677888
Cc1cc(C#N)cc(C(=O)c2cc(Cl)ccc2OCC(=O)Nc2cnc(S(N)(=O)=O)cc2C)c1,8.15002808767115
Cc1nc(S(N)(=O)=O)ccc1NC(=O)COc1ccc(Cl)cc1C(=O)c1cc(Cl)cc(C#N)c1,8.51999305704285
Cc1cc(C#N)cc(C(=O)c2cc(Cl)ccc2OCC(=O)Nc2ccc(S(N)(=O)=O)nc2C)c1,8.219970872662662
COc1ccc(NC(=O)COc2ccc(Cl)cc2C(=O)c2cc(F)cc(F)c2)cn1,7.140021558357979
O=C(COc1ccc(Cl)cc1C(=O)c1cc(F)cc(F)c1)Nc1ccc(Cl)nc1,7.169989064063882
Cc1cc(S(=O)(=O)N(C)C)ccc1NC(=O)COc1ccc(Cl)cc1C(=O)c1cc(F)cc(C(F)(F)F)c1,8.219970872662662
CNS(=O)(=O)c1ccc(NC(=O)COc2ccc(Cl)cc2C(=O)c2cc(F)cc(C(F)(F)F)c2)c(C)c1,8.700057099977233
Cc1cc(S(N)(=O)=O)ccc1NC(=O)COc1ccc(Cl)cc1C(=O)c1cc(F)cc(C(F)(F)F)c1,8.700057099977233
COCCOCCOc1ccc(NC(=O)COc2ccc(Cl)cc2C(=O)c2cc(F)cc(C(F)(F)F)c2)c(C)c1,7.79997073344623
Cc1cc(OCCCNC(N)=O)ccc1NC(=O)COc1ccc(Cl)cc1C(=O)c1cc(F)cc(C(F)(F)F)c1,8.400007822415901
Cc1cc(OCCCS(N)(=O)=O)ccc1NC(=O)COc1ccc(Cl)cc1C(=O)c1cc(F)cc(C(F)(F)F)c1,8.400007822415901
Cc1cc(NC(=O)CCN2CCOCC2)ccc1NC(=O)COc1ccc(Cl)cc1C(=O)c1cc(F)cc(F)c1,8.049976093476673
CCN(CC)CCCNc1ccc(NC(=O)COc2ccc(Cl)cc2C(=O)c2cc(F)cc(F)c2)c(C)c1,7.019996628416254
Cc1cc(NCCCN2CCCC2)ccc1NC(=O)COc1ccc(Cl)cc1C(=O)c1cc(F)cc(F)c1,6.959991363986458
Cc1cc(NCCCn2ccnc2)ccc1NC(=O)COc1ccc(Cl)cc1C(=O)c1cc(F)cc(F)c1,6.799998134593398
C[C@H](Cn1cnc2c(N)ncnc21)OCP(=O)(O)O,6.42021640338319
Cc1cn([C@H]2C[C@H](N=[N+]=[N-])[C@@H](CO)O2)c(=O)[nH]c1=O,7.301029995663981
CO[C@@H]1C=C(F)[C@H](n2cnc3c(N)ncnc32)O1,6.3979400086720375
Nc1ncnc2c1ncn2[C@@H]1O[C@H](OCP(=O)(O)O)C=C1F,5.721246399047171
Nc1ncnc2c1ncn2[C@H]1C=C[C@@H](OCP(=O)(O)O)O1,6.221848749616356
COC(=O)CCCC=C(c1cc(Br)c(OC)c(C(=O)OC)c1)c1cc(Br)c(OC)c(C(=O)OC)c1,6.522878745280337
Cc1ccnc2c1NC(=O)c1cccnc1N2C1CC1,7.075720713938118
COC(=O)CCCC=C(c1cc(C)c2oc(=O)n(C)c2c1)c1cc(C)c2oc(=O)n(C)c2c1,6.301029995663981
COC(=O)CCC/C=C(\c1cc(C)c(OC)c(C(=O)OC)c1)c1cc(C)c2oc(=O)n(C)c2c1,7.698970004336019
COC(=O)c1cc(C(=CCCCSC)c2cc(Cl)c(OC)c(C(=O)OC)c2)cc(Cl)c1OC,4.0
COC(=O)c1cc(C(=CCCCc2ccccc2)c2cc(Br)c(OC)c(C(=O)OC)c2)cc(Br)c1OC,4.0
Cc1cn([C@H]2CO[C@@H](COP(=O)(O)OP(=O)(O)OP(=O)(O)O)O2)c(=O)[nH]c1=O,6.721246399047171
Cc1cn([C@H]2CO[C@@H](COP(=O)(O)OP(=O)(O)OP(=O)(O)O)O2)c(=O)[nH]c1=O,6.522878745280337
Cc1cn([C@H]2CO[C@@H](COP(=O)(O)OP(=O)(O)OP(=O)(O)O)O2)c(=O)[nH]c1=O,6.958607314841775
Cc1cn([C@H]2CO[C@@H](COP(=O)(O)OP(=O)(O)OP(=O)(O)O)O2)c(=O)[nH]c1=O,7.0
Cc1cn([C@H]2C[C@H](N=[N+]=[N-])[C@@H](COP(=O)(O)OP(=O)(O)OP(=O)(O)O)O2)c(=O)[nH]c1=O,6.522878745280337
Cc1cn([C@H]2C[C@H](N=[N+]=[N-])[C@@H](COP(=O)(O)OP(=O)(O)OP(=O)(O)O)O2)c(=O)[nH]c1=O,6.376750709602099
Cc1cn([C@H]2C[C@H](N=[N+]=[N-])[C@@H](COP(=O)(O)OP(=O)(O)OP(=O)(O)O)O2)c(=O)[nH]c1=O,7.096910013008056
Cc1cn([C@H]2C[C@H](N=[N+]=[N-])[C@@H](COP(=O)(O)OP(=O)(O)OP(=O)(O)O)O2)c(=O)[nH]c1=O,6.886056647693163
Nc1nc2c(ncn2[C@H]2CO[C@@H](COP(=O)(O)OP(=O)(O)OP(=O)(O)O)O2)c(=O)[nH]1,6.698970004336019
Nc1nc2c(ncn2[C@H]2CO[C@@H](COP(=O)(O)OP(=O)(O)OP(=O)(O)O)O2)c(=O)[nH]1,6.7447274948966935
Nc1nc(=O)c2ncn([C@H]3C=C[C@@H](COP(=O)(O)OP(=O)(O)OP(=O)(O)O)C3)c2[nH]1,6.045757490560675
Nc1nc(=O)c2ncn([C@H]3C=C[C@@H](COP(=O)(O)OP(=O)(O)OP(=O)(O)O)C3)c2[nH]1,5.7447274948966935
Nc1nc(=O)c2ncn([C@H]3C=C[C@@H](COP(=O)(O)OP(=O)(O)OP(=O)(O)O)C3)c2[nH]1,6.167491087293763
Nc1nc(=O)c2ncn([C@H]3C=C[C@@H](COP(=O)(O)OP(=O)(O)OP(=O)(O)O)C3)c2[nH]1,5.920818753952375
C[C@H](Cn1cnc2c(N)ncnc21)OCP(=O)(O)OP(=O)(O)OP(=O)(O)O,5.886056647693163
C[C@H](Cn1cnc2c(N)ncnc21)OCP(=O)(O)OP(=O)(O)OP(=O)(O)O,5.3979400086720375
C[C@H](Cn1cnc2c(N)ncnc21)OCP(=O)(O)OP(=O)(O)OP(=O)(O)O,6.259637310505756
C[C@H](Cn1cnc2c(N)ncnc21)OCP(=O)(O)OP(=O)(O)OP(=O)(O)O,5.920818753952375
O=C(/C=C/c1ccc(O)c(O)c1)O[C@H](Cc1ccc(O)c(O)c1)C(=O)O,4.0
Cc1cc(C)c(-n2nnnc2SCC(=O)Nc2ccc(S(N)(=O)=O)cc2Cl)c(C)c1,8.39254497678533
N#Cc1cc(Cl)cc(Oc2cc(OCc3n[nH]c4ccccc34)ccc2Cl)c1,8.869666231504993
N#Cc1cc(Cl)cc(Oc2cc(OCc3nc4cccc(Cl)c4[nH]3)ccc2Cl)c1,8.494850021680094
N#Cc1cc(Cl)cc(Oc2cc(OCc3nc4cccc(Cl)c4o3)ccc2Cl)c1,9.229147988357855
N#Cc1cc(Cl)cc(Oc2cc(OCc3nc4cccc(Cl)c4s3)ccc2Cl)c1,8.51427857351842
N#Cc1cc(Cl)cc(Oc2cc(OCc3nc4ccccc4s3)ccc2Cl)c1,7.7146677723561154
CS(=O)(=O)c1ccc2c(c1)CCN2C(=O)COc1ccc(Cl)c(Oc2cc(Cl)cc(C#N)c2)c1,9.065501548756432
CS(=O)(=O)c1ccc(NC(=O)COc2ccc(Cl)c(Oc3cc(Cl)cc(C#N)c3)c2)c(Cl)c1,9.00436480540245
N#Cc1cc(Cl)cc(Oc2cc(OCC(=O)Nc3ccc(S(N)(=O)=O)cc3Cl)ccc2Cl)c1,9.853871964321762
N#Cc1cc(Cl)cc(Oc2cc(Cl)cc(OCC(=O)Nc3ccc(S(N)(=O)=O)cc3Cl)c2)c1,8.675717544702307
N#Cc1cccc(Oc2cc(Cl)cc(OCC(=O)Nc3ccc(S(N)(=O)=O)cc3Cl)c2)c1,9.017728766960431
NS(=O)(=O)c1ccc(NC(=O)COc2cc(Cl)cc(Oc3ccccc3)c2)c(Cl)c1,7.978810700930062
NS(=O)(=O)c1ccc(NC(=O)COc2cccc(Oc3ccccc3)c2)c(Cl)c1,7.286509456906058
Cc1cc(S(N)(=O)=O)ccc1NC(=O)COc1ccc(Cl)cc1C(=O)c1cc(Cl)cc(C#N)c1,8.665546248849068
Cc1cc(C)c(-n2nnnc2SCC(=O)Nc2ccc(S(N)(=O)=O)cc2Cl)c(C)c1,7.984221243610959
N#Cc1cc(Cl)cc(Oc2cc(OCc3n[nH]c4ccccc34)ccc2Cl)c1,8.950781977329818
N#Cc1cc(Cl)cc(Oc2cc(OCc3nc4cccc(Cl)c4[nH]3)ccc2Cl)c1,8.136677139879543
N#Cc1cc(Cl)cc(Oc2cc(OCc3nc4cccc(Cl)c4o3)ccc2Cl)c1,8.85078088734462
N#Cc1cc(Cl)cc(Oc2cc(OCc3nc4cccc(Cl)c4s3)ccc2Cl)c1,8.223298816011589
N#Cc1cc(Cl)cc(Oc2cc(OCc3nc4ccccc4s3)ccc2Cl)c1,7.101055533133491
CS(=O)(=O)c1ccc2c(c1)CCN2C(=O)COc1ccc(Cl)c(Oc2cc(Cl)cc(C#N)c2)c1,9.481486060122112
CS(=O)(=O)c1ccc(NC(=O)COc2ccc(Cl)c(Oc3cc(Cl)cc(C#N)c3)c2)c(Cl)c1,8.876148359032914
N#Cc1cc(Cl)cc(Oc2cc(OCC(=O)Nc3ccc(S(N)(=O)=O)cc3Cl)ccc2Cl)c1,9.67778070526608
N#Cc1cc(Cl)cc(Oc2cc(Cl)cc(OCC(=O)Nc3ccc(S(N)(=O)=O)cc3Cl)c2)c1,8.45842075605342
N#Cc1cccc(Oc2cc(Cl)cc(OCC(=O)Nc3ccc(S(N)(=O)=O)cc3Cl)c2)c1,7.841637507904751
NS(=O)(=O)c1ccc(NC(=O)COc2cc(Cl)cc(Oc3ccccc3)c2)c(Cl)c1,6.661543506395395
NS(=O)(=O)c1ccc(NC(=O)COc2cccc(Oc3ccccc3)c2)c(Cl)c1,6.715794932298206
Cc1cc(S(N)(=O)=O)ccc1NC(=O)COc1ccc(Cl)cc1C(=O)c1cc(Cl)cc(C#N)c1,8.500312917381596
Cc1cc(C)c(-n2nnnc2SCC(=O)Nc2ccc(S(N)(=O)=O)cc2Cl)c(C)c1,7.461929212956828
N#Cc1cc(Cl)cc(Oc2cc(OCc3n[nH]c4ccccc34)ccc2Cl)c1,8.581698708680255
N#Cc1cc(Cl)cc(Oc2cc(OCc3nc4cccc(Cl)c4[nH]3)ccc2Cl)c1,7.301029995663981
N#Cc1cc(Cl)cc(Oc2cc(OCc3nc4cccc(Cl)c4o3)ccc2Cl)c1,8.195179321278838
N#Cc1cc(Cl)cc(Oc2cc(OCc3nc4cccc(Cl)c4s3)ccc2Cl)c1,8.288192770958808
N#Cc1cc(Cl)cc(Oc2cc(OCc3nc4ccccc4s3)ccc2Cl)c1,7.260269471435283
CS(=O)(=O)c1ccc2c(c1)CCN2C(=O)COc1ccc(Cl)c(Oc2cc(Cl)cc(C#N)c2)c1,8.769551078621726
CS(=O)(=O)c1ccc(NC(=O)COc2ccc(Cl)c(Oc3cc(Cl)cc(C#N)c3)c2)c(Cl)c1,9.040958607678906
N#Cc1cc(Cl)cc(Oc2cc(OCC(=O)Nc3ccc(S(N)(=O)=O)cc3Cl)ccc2Cl)c1,9.55284196865778
N#Cc1cc(Cl)cc(Oc2cc(Cl)cc(OCC(=O)Nc3ccc(S(N)(=O)=O)cc3Cl)c2)c1,8.575118363368933
N#Cc1cccc(Oc2cc(Cl)cc(OCC(=O)Nc3ccc(S(N)(=O)=O)cc3Cl)c2)c1,8.920818753952375
NS(=O)(=O)c1ccc(NC(=O)COc2cc(Cl)cc(Oc3ccccc3)c2)c(Cl)c1,7.6020599913279625
NS(=O)(=O)c1ccc(NC(=O)COc2cccc(Oc3ccccc3)c2)c(Cl)c1,6.141462802430361
Cc1cc(S(N)(=O)=O)ccc1NC(=O)COc1ccc(Cl)cc1C(=O)c1cc(Cl)cc(C#N)c1,8.605548319173783
S=C(NCCc1ccccn1)Nc1ccc(Br)cn1,5.987162775294828
O=C1Nc2ccc(Cl)cc2[C@@](C#CC2CC2)(C(F)(F)F)O1,7.853871964321762
Cc1ccc(NC(=S)OC(C)COc2ccccc2)cc1,5.853871964321762
CC(COc1ccccc1)OC(=S)Nc1ccccc1,6.0
Cc1ccnc2c1NC(=O)c1cccnc1N2C1CC1,5.301029995663981
CCc1cc(NCc2nc3c(Cl)ccc(Cl)c3o2)c(O)nc1C,5.8523236757589014
CCc1cc(NCc2nc3c(Cl)ccc(Cl)c3o2)c(O)nc1C,7.455931955649724
CCc1cc(NCc2nc3c(Cl)ccc(Cl)c3o2)c(O)nc1C,6.823908740944319
CCc1cc(NCc2nc3c(Cl)ccc(Cl)c3o2)c(O)nc1C,6.823908740944319
CCc1cc(NCc2nc3c(Cl)ccc(Cl)c3o2)c(O)nc1C,6.638272163982407
CCc1cc(NCc2nc3c(Cl)ccc(Cl)c3o2)c(O)nc1C,6.366531544420414
Cc1ccnc2c1NC(=O)c1cccnc1N2C1CC1,6.346787486224656
Cc1cn([C@H]2C[C@H](N=[N+]=[N-])[C@@H](COP(=O)(O)OP(=O)(O)OP(=O)(O)O)O2)c(=O)[nH]c1=O,6.443697499232712
O=C(O)P(=O)(O)O,5.301029995663981
Cc1cn([C@H]2C[C@H](N=[N+]=[N-])[C@@H](COP(=O)(O)OP(=O)(O)OP(=O)(O)O)O2)c(=O)[nH]c1=O,6.494850021680094
O=C(O)P(=O)(O)O,5.301029995663981
O=C1Nc2ccc(Cl)cc2[C@@](C#CC2CC2)(C(F)(F)F)O1,7.769551078621726
Cc1ccnc2c1NC(=O)c1cccnc1N2C1CC1,6.045757490560675
CCc1cc(NCc2nc3c(Cl)ccc(Cl)c3o2)c(O)nc1C,5.0
CCc1cc(NCc2nc3c(Cl)ccc(Cl)c3o2)c(O)nc1C,5.301029995663981
CCc1cc(NCc2nc3c(Cl)ccc(Cl)c3o2)c(O)nc1C,5.301029995663981
CCc1cc(NCc2nc3c(Cl)ccc(Cl)c3o2)c(O)nc1C,5.301029995663981
CCc1cc(NCc2nc3c(Cl)ccc(Cl)c3o2)c(O)nc1C,5.301029995663981
Cc1ccnc2c1NC(=O)c1cccnc1N2C1CC1,5.301029995663981
Cc1ccnc2c1NC(=O)c1cccnc1N2C1CC1,5.301029995663981
Cc1ccnc2c1NC(=O)c1cccnc1N2C1CC1,5.301029995663981
Cc1ccnc2c1NC(=O)c1cccnc1N2C1CC1,5.301029995663981
Cc1ccnc2c1NC(=O)c1cccnc1N2C1CC1,5.301029995663981
CCc1cc(NCc2nc3c(Cl)ccc(Cl)c3o2)c(O)nc1C,5.301029995663981
CCc1cc(NCc2nc3c(Cl)ccc(Cl)c3o2)c(O)nc1C,5.301029995663981
CCc1cc(NCc2nc3c(Cl)ccc(Cl)c3o2)c(O)nc1C,6.5376020021010435
CCc1cc(NCc2nc3c(Cl)ccc(Cl)c3o2)c(O)nc1C,6.552841968657781
CCc1cc(NCc2nc3c(Cl)ccc(Cl)c3o2)c(O)nc1C,6.657577319177793
CCc1cc(NCc2nc3c(Cl)ccc(Cl)c3o2)c(O)nc1C,6.552841968657781
CCc1cc(NCc2nc3c(Cl)ccc(Cl)c3o2)c(O)nc1C,6.568636235841013
CCc1cc(NCc2nc3c(Cl)ccc(Cl)c3o2)c(O)nc1C,6.494850021680094
CCc1cc(NCc2nc3c(Cl)ccc(Cl)c3o2)c(O)nc1C,6.886056647693163
CCc1c(C)[nH]c(=O)c(NC=O)c1Cc1cc(C)cc(C)c1,7.102372908709558
CCc1c(C)[nH]c(=O)c(N(C)CCOC)c1Cc1cccc(/C=C/C#N)c1,9.0
CCc1c(C)[nH]c(=O)c(N(C)CC)c1Cc1cccc(/C=C/C#N)c1,9.0
CCc1c(C)[nH]c(=O)c(NC(N)=S)c1Cc1cccc(C)c1,6.5003129173815966
CCc1c(C)[nH]c(=O)c(NC(=S)Nc2ccccc2)c1Cc1cccc(C)c1,5.50003813440381
CCNC(=S)Nc1c(Cc2cccc(C)c2)c(CC)c(C)[nH]c1=O,4.599997654072044
CCc1c(C)[nH]c(=O)c(N(C)CCCC#N)c1Cc1cccc(C)c1,8.301029995663981
CCc1c(C)[nH]c(=O)c(N(C)CCC#N)c1Cc1cccc(C)c1,7.795880017344075
CCc1c(C)[nH]c(=O)c(N(C)CC#N)c1Cc1cccc(C)c1,8.397940008672037
CCOCCN(C)c1c(Cc2cccc(C)c2)c(CC)c(C)[nH]c1=O,7.886056647693163
CCc1c(C)[nH]c(=O)c(N(C)CCOC)c1Cc1cccc(C)c1,9.0
CCc1c(C)[nH]c(=O)c(N(C)CCCCCO)c1Cc1cccc(C)c1,8.0
CCc1c(C)[nH]c(=O)c(N(C)CCCO)c1Cc1cccc(C)c1,8.522878745280337
CCc1c(C)[nH]c(=O)c(N(C)CCO)c1Cc1cccc(C)c1,8.301029995663981
CCc1c(C)[nH]c(=O)c(-n2cccc2)c1Cc1cc(C)cc(C)c1,7.8996294548824375
CCc1c(C)[nH]c(=O)c(N2CCCCC2)c1Cc1cc(C)cc(C)c1,6.199970640755866
CCc1c(C)[nH]c(=O)c(N2CCOCC2)c1Cc1cc(C)cc(C)c1,6.801342913045577
CCc1c(C)[nH]c(=O)c(N(Cc2ccccc2)Cc2ccccc2)c1Cc1cc(C)cc(C)c1,4.0
CCc1c(C)[nH]c(=O)c(NCc2ccccc2)c1Cc1cc(C)cc(C)c1,6.600326278518962
CCCCN(CCCC)c1c(Cc2cc(C)cc(C)c2)c(CC)c(C)[nH]c1=O,4.299997602857746
CCc1c(C)[nH]c(=O)c(N(CC)CC)c1Cc1cc(C)cc(C)c1,7.795880017344075
CCCCNc1c(Cc2cc(C)cc(C)c2)c(CC)c(C)[nH]c1=O,6.899629454882437
CCCNc1c(Cc2cc(C)cc(C)c2)c(CC)c(C)[nH]c1=O,7.698970004336019
CCNc1c(Cc2cc(C)cc(C)c2)c(CC)c(C)[nH]c1=O,7.795880017344075
CCCC(=O)Nc1c(Cc2cc(C)cc(C)c2)c(CC)c(C)[nH]c1=O,4.0
CCC(=O)Nc1c(Cc2cc(C)cc(C)c2)c(CC)c(C)[nH]c1=O,5.400007822415902
CCc1c(C)[nH]c(=O)c(NC(C)=O)c1Cc1cc(C)cc(C)c1,6.400116927926312
CCc1c(C)[nH]c(=O)c(N(C)CCCCCO)c1Cc1cc(C)cc(C)c1,8.397940008672037
CCc1c(C)[nH]c(=O)c(N(C)CCOC)c1Cc1cc(C)cc(C)c1,8.698970004336019
CCc1c(C)[nH]c(=O)c(N(C)CCCSC)c1Cc1cc(C)cc(C)c1,7.6020599913279625
CCc1c(C)[nH]c(=O)c(N(C)C(C)COC)c1Cc1cc(C)cc(C)c1,8.221848749616356
CCCN(C)c1c(Cc2cc(C)cc(C)c2)c(CC)c(C)[nH]c1=O,7.795880017344075
CCc1c(C)[nH]c(=O)c(N(C)CC)c1Cc1cc(C)cc(C)c1,8.096910013008056
CCc1c(C)[nH]c(=O)c(NC)c1Cc1cc(C)cc(C)c1,8.0
CCc1c(C)[nH]c(=O)c(N(C)C)c1Cc1cc(C)cc(C)c1,8.096910013008056
CCc1c(C)[nH]c(=O)c(N(C)CCOC)c1Cc1cccc(/C=C/C#N)c1,9.0
CCc1c(C)[nH]c(=O)c(N(C)CC)c1Cc1cccc(/C=C/C#N)c1,9.0
CCc1c(C)[nH]c(=O)c(NNC(N)=S)c1Cc1cccc(C)c1,6.5003129173815966
CCc1c(C)[nH]c(=O)c(NNC(=S)Nc2ccccc2)c1Cc1cccc(C)c1,5.50003813440381
CCNC(=S)NNc1c(Cc2cccc(C)c2)c(CC)c(C)[nH]c1=O,4.599997654072044
CCc1c(C)[nH]c(=O)c(N(C)CCCC#N)c1Cc1cccc(C)c1,8.301029995663981
CCc1c(C)[nH]c(=O)c(N(C)CCC#N)c1Cc1cccc(C)c1,7.795880017344075
CCc1c(C)[nH]c(=O)c(N(C)CC#N)c1Cc1cccc(C)c1,8.397940008672037
CCOCCN(C)c1c(Cc2cccc(C)c2)c(CC)c(C)[nH]c1=O,7.886056647693163
CCc1c(C)[nH]c(=O)c(N(C)CCOC)c1Cc1cccc(C)c1,9.0
CCc1c(C)[nH]c(=O)c(N(C)CCCCCO)c1Cc1cccc(C)c1,8.0
CCc1c(C)[nH]c(=O)c(N(C)CCCO)c1Cc1cccc(C)c1,8.522878745280337
CCC1C(Cc2cccc(C)c2)=C(N(C)CCO)C(=O)NC1C,8.301029995663981
CCc1c(C)[nH]c(=O)c(-n2cccc2)c1Cc1cc(C)cc(C)c1,7.8996294548824375
CCc1c(C)[nH]c(=O)c(N2CCCCC2)c1Cc1cc(C)cc(C)c1,6.199970640755866
CCc1c(C)[nH]c(=O)c(N2CCOCC2)c1Cc1cc(C)cc(C)c1,6.801342913045577
CCc1c(C)[nH]c(=O)c(N(Cc2ccccc2)Cc2ccccc2)c1Cc1cc(C)cc(C)c1,4.0
CCc1c(C)[nH]c(=O)c(NCc2ccccc2)c1Cc1cc(C)cc(C)c1,6.600326278518962
CCCCN(CCCC)c1c(Cc2cc(C)cc(C)c2)c(CC)c(C)[nH]c1=O,4.299997602857746
CCc1c(C)[nH]c(=O)c(N(CC)CC)c1Cc1cc(C)cc(C)c1,7.795880017344075
CCCCNc1c(Cc2cc(C)cc(C)c2)c(CC)c(C)[nH]c1=O,6.899629454882437
CCCNc1c(Cc2cc(C)cc(C)c2)c(CC)c(C)[nH]c1=O,7.698970004336019
CCNc1c(Cc2cc(C)cc(C)c2)c(CC)c(C)[nH]c1=O,7.795880017344075
CCCC(=O)Nc1c(Cc2cc(C)cc(C)c2)c(CC)c(C)[nH]c1=O,4.0
CCC(=O)Nc1c(Cc2cc(C)cc(C)c2)c(CC)c(C)[nH]c1=O,5.400007822415902
CCc1c(C)[nH]c(=O)c(NC(C)=O)c1Cc1cc(C)cc(C)c1,6.400116927926312
CCc1c(C)[nH]c(=O)c(N(C)CCCCCO)c1Cc1cc(C)cc(C)c1,8.397940008672037
CCc1c(C)[nH]c(=O)c(N(C)CCOC)c1Cc1cc(C)cc(C)c1,8.698970004336019
CCc1c(C)[nH]c(=O)c(N(C)CCCSC)c1Cc1cc(C)cc(C)c1,7.6020599913279625
CCc1c(C)[nH]c(=O)c(N(C)C(C)COC)c1Cc1cc(C)cc(C)c1,8.221848749616356
CCCN(C)c1c(Cc2cc(C)cc(C)c2)c(CC)c(C)[nH]c1=O,7.795880017344075
CCc1c(C)[nH]c(=O)c(N(C)CC)c1Cc1cc(C)cc(C)c1,8.096910013008056
CCc1c(C)[nH]c(=O)c(NC)c1Cc1cc(C)cc(C)c1,8.0
CCc1c(C)[nH]c(=O)c(NC=O)c1Cc1cc(C)cc(C)c1,7.102372908709558
Cc1cc(C)cc(Cc2c3c([nH]c(=O)c2N(C)C)CCCC3)c1,8.0
Cc1cc(C)cc(Cc2cc(C)[nH]c(=O)c2N(C)C)c1,6.400116927926312
Cc1cc(C)cc(Cc2cc[nH]c(=O)c2N(C)C)c1,5.100015437450609
CCCc1c(C)[nH]c(=O)c(N(C)C)c1Cc1cc(C)cc(C)c1,7.301029995663981
Cc1cc(C)cc(Cc2c(C)c(C(C)C)[nH]c(=O)c2N(C)C)c1,6.100179497572904
Cc1cc(C)cc(Cc2c(CC(C)C)c(C)[nH]c(=O)c2N(C)C)c1,7.301029995663981
CCc1[nH]c(=O)c(N(C)C)c(Cc2cc(C)cc(C)c2)c1C,8.0
Cc1cc(C)cc(Cc2c(C)c(C)[nH]c(=O)c2N(C)C)c1,8.301029995663981
Cc1cc(C)nc(N2C(=O)CS[C@@H]2C23CC4CC(CC(C4)C2)C3)c1,4.872895201635193
O=C1CSC(c2c(F)cccc2F)N1CCC12CC3CC(CC(C3)C1)C2,4.498940737782249
O=C1CSC(c2c(F)cccc2F)N1CC12CC3CC(CC(C3)C1)C2,3.305394801066431
O=C1CSC(c2c(Cl)cccc2Cl)N1CCC12CC3CC(CC(C3)C1)C2,3.6458915608525992
O=C1CSC(c2c(Cl)cccc2Cl)N1CC12CC3CC(CC(C3)C1)C2,4.367542707815276
CO[C@@H]1O[C@H](COC(=O)c2nnn(Cc3ccccc3)c2C)[C@H]2OC(C)(C)O[C@@H]12,5.657577319177793
Cc1c(C(=O)O[C@@H]2[C@H]3OC(C)(C)O[C@H]3O[C@@H]2[C@H]2COC(C)(C)O2)nnn1Cc1ccccc1,5.301029995663981
Cc1c(C(=O)OC[C@H]2O[C@@H]3OC(C)(C)O[C@@H]3[C@H]2OCc2ccccc2)nnn1Cc1ccccc1,5.703334809738469
Cc1cc(Cl)cc(S(=O)(=O)c2cccc(N)c2C#N)c1,5.300999596114219
Cc1cc(Br)cc(S(=O)(=O)c2cccc(N)c2C#N)c1,5.523000364762793
Cc1cc(C)cc(S(=O)(=O)c2cccc(N)c2C#N)c1,5.154999997519168
N#Cc1c(N)cccc1S(=O)(=O)c1cc(Cl)ccc1Cl,3.5230000027495114
N#Cc1c(N)cccc1S(=O)(=O)c1cccc(C(F)(F)F)c1,2.2759999999111655
N#Cc1ccccc1S(=O)(=O)c1cccc(N)c1C#N,2.2220000001850084
N#Cc1c(N)cccc1S(=O)(=O)c1ccccc1F,2.300999999980005
N#Cc1c(N)cccc1S(=O)(=O)c1cccc(Br)c1,3.6989999934053786
N#Cc1c(N)cccc1S(=O)(=O)c1ccccc1Br,1.9210000000540846
N#Cc1c(N)cccc1S(=O)(=O)c1cccc(Cl)c1,3.397999999740579
N#Cc1c(N)cccc1S(=O)(=O)c1ccccc1Cl,2.22900000012645
Cc1ccc(S(=O)(=O)c2cccc(N)c2C#N)cc1,2.137000000151562
Cc1cccc(S(=O)(=O)c2cccc(N)c2C#N)c1,3.6989999934053786
Cc1ccccc1S(=O)(=O)c1cccc(N)c1C#N,2.346999999896962
COc1ccc(S(=O)(=O)c2cccc(N)c2C#N)cc1,1.88600000001112
COc1cccc(S(=O)(=O)c2cccc(N)c2C#N)c1,3.221999997288703
COc1ccccc1S(=O)(=O)c1cccc(N)c1C#N,2.854000000798288
N#Cc1c(N)cccc1S(=O)(=O)c1ccccc1,2.1609999998994813
COc1cc([S+]([O-])c2cccc(N)c2C#N)cc(C(F)(F)F)c1,3.04600000073873
Cc1cc(Cl)cc([S+]([O-])c2cccc(N)c2C#N)c1,3.283999997104834
N#Cc1c(N)cccc1[S+]([O-])c1cc(Cl)ccc1Cl,2.208000000053832
Cc1cc(C)cc([S+]([O-])c2cccc(N)c2C#N)c1,3.30100000432265
N#Cc1ccccc1[S+]([O-])c1cccc(N)c1C#N,2.0039999999529985
N#Cc1c(N)cccc1[S+]([O-])c1cccc(Br)c1,2.318999999671101
Cc1cccc([S+]([O-])c2cccc(N)c2C#N)c1,2.0
COc1cccc([S+]([O-])c2cccc(N)c2C#N)c1,1.720999999982478
COc1ccccc1[S+]([O-])c1cccc(N)c1C#N,1.9210000000540846
COc1cc(Sc2cccc(N)c2C#N)cc(C(F)(F)F)c1,1.88600000001112
COc1cc(C)cc(Sc2cccc(N)c2C#N)c1,3.8540000070043243
Cc1cc(Cl)cc(Sc2cccc(N)c2C#N)c1,2.7700000006295458
N#Cc1c(N)cccc1Sc1cc(Cl)cc(Cl)c1,3.921000001140274
Cc1cc(C)cc(Sc2cccc(N)c2C#N)c1,2.9589999997757492
N#Cc1c(N)cccc1Sc1cc(Cl)ccc1Cl,2.4560000000351923
N#Cc1c(N)cccc1Sc1cccc(C(F)(F)F)c1,2.148999999977592
N#Cc1cccc(Sc2cccc(N)c2C#N)c1,2.9589999997757492
N#Cc1ccccc1Sc1cccc(N)c1C#N,2.0409999998244763
N#Cc1c(N)cccc1Sc1cccc(F)c1,1.9210000000540846
N#Cc1c(N)cccc1Sc1cccc(Br)c1,1.823999999855892
N#Cc1cccc(S(=O)(=O)c2cccc(N)c2C#N)c1,2.744999998823962
N#Cc1c(N)cccc1Sc1cccc(Cl)c1,1.795999999895379
N#Cc1c(N)cccc1Sc1ccccc1Cl,2.143000000002233
Cc1ccc(Sc2cccc(N)c2C#N)cc1,2.2440000002138456
Cc1cccc(Sc2cccc(N)c2C#N)c1,3.0180000006862215
COc1cccc(Sc2cccc(N)c2C#N)c1,2.82399999869753
COc1ccccc1Sc1cccc(N)c1C#N,2.5690000003935944
N#Cc1c(N)cccc1Sc1ccccc1,2.06100000014309
N#Cc1c(N)cccc1Sc1ccc(Cl)cc1,1.9210000000540846
COc1cc(C)cc(S(=O)(=O)c2cccc(N)c2C#N)c1,5.0
COc1cc(C(F)(F)F)cc(S(=O)(=O)c2cccc(N)c2C#N)c1,4.398000054034892
CCCCOc1cc(C)cc(S(=O)(=O)c2cccc(N)c2C#N)c1,3.397999999740579
N#Cc1c(N)cccc1S(=O)(=O)c1cc(Cl)cc(Cl)c1,5.154999997519168
O=C1c2ccccc2C(=O)N1CCOC(=S)N(C(=O)c1cccnc1Cl)c1ccc(Br)cc1,6.154901959985743
O=C1Nc2ccc(Cl)cc2[C@@](C#CC2CC2)(C(F)(F)F)O1,8.886056647693163
Cc1ccc2c(c1)C(=O)N(CCOC(=S)N(C(=O)c1ccc(Cl)cc1)c1ccc([N+](=O)[O-])cc1)C2=O,6.522878745280337
Cc1nc(N2C(=O)CSC2c2c(F)cccc2Cl)nc(C)c1Br,5.818156412055227
Cc1nc(N2C(=O)CSC2c2c(F)cccc2Cl)nc(C)c1CCC#N,5.696803942579511
C=CCc1c(C)nc(N2C(=O)CSC2c2c(F)cccc2Cl)nc1C,5.534617148551582
CCCCCc1c(C)nc(N2C(=O)CSC2c2c(F)cccc2Cl)nc1C,4.791827473332878
CCCCc1c(C)nc(N2C(=O)CSC2c2c(F)cccc2Cl)nc1C,4.796967112985289
CCCc1c(C)nc(N2C(=O)CSC2c2c(F)cccc2Cl)nc1C,6.070581074285707
CCc1c(C)nc(N2C(=O)CSC2c2c(F)cccc2Cl)nc1C,6.638272163982407
Cc1nc(N2C(=O)CSC2c2c(F)cccc2Cl)nc(C)c1C,6.42021640338319
Cc1nc(N2C(=O)CSC2c2c(Cl)cccc2Cl)nc(C)c1Br,5.00788851221305
Cc1nc(N2C(=O)CSC2c2c(Cl)cccc2Cl)nc(C)c1CCC#N,5.991399828238082
C=CCc1c(C)nc(N2C(=O)CSC2c2c(Cl)cccc2Cl)nc1C,5.913640169325252
CCCCCc1c(C)nc(N2C(=O)CSC2c2c(Cl)cccc2Cl)nc1C,4.128485441291618
CCCCc1c(C)nc(N2C(=O)CSC2c2c(Cl)cccc2Cl)nc1C,5.367542707815276
CCCc1c(C)nc(N2C(=O)CSC2c2c(Cl)cccc2Cl)nc1C,6.113509274827518
CCc1c(C)nc(N2C(=O)CSC2c2c(Cl)cccc2Cl)nc1C,6.585026652029182
Cc1nc(N2C(=O)CSC2c2c(Cl)cccc2Cl)nc(C)c1C,6.080921907623926
COc1cc2c(c3c1c(=O)c1ccccc1n3C)C=CC(C)(C)O2,6.698970004336019
COc1cc2c(c3c1/c(=N\N=c1/c4ccccc4n(C)c4c5c(cc(OC)c14)OC(C)(C)C=C5)c1ccccc1n3C)C=CC(C)(C)O2,6.698970004336019
COc1cc2c(c3c1c(=O)c1ccccc1n3C)CCC(C)(C)O2,6.698970004336019
COc1c([N+](=O)[O-])c2c(c3c1c(=O)c1ccccc1n3C)C=CC(C)(C)O2,6.698970004336019
COc1cc2c(c3c1c(=S)c1ccccc1n3C)C=CC(C)(C)O2,6.698970004336019
COc1cc2c(c(OC)c1OC)-c1ccc(OC)c(=O)cc1[C@@H](NC(C)=O)CC2,6.698970004336019
CN[C@@H](C)[C@H](O)c1ccccc1.CN[C@@H](C)[C@H](O)c1ccccc1.O=S(=O)(O)O,6.698970004336019
CNC[C@H](O)c1cccc(O)c1,6.698970004336019
COc1cc2cc(c1Cl)N(C)C(=O)C[C@H](OC(=O)[C@H](C)N(C)C(C)=O)[C@]1(C)O[C@H]1[C@H](C)[C@@H]1C[C@@](O)(NC(=O)O1)[C@H](OC)/C=C/C=C(\C)C2,6.698970004336019
COc1cccc2c1C(=O)c1c(O)c3c(c(O)c1C2=O)C[C@@](O)(C(C)=O)C[C@@H]3O[C@H]1C[C@H](N)[C@H](O)[C@H](C)O1,6.903089986991944
COc1cc2c(cc1O)C[C@H]1c3c(cc(O)c(OC)c3-2)CCN1C,6.698970004336019
COc1ccc2c(c1O)-c1c(O)c(OC)cc3c1[C@H](C2)[N+](C)(C)CC3.[Cl-],6.698970004336019
COc1c(O)c2c3c(nccc3c1OC)C(C)(C)c1cc(O)ccc1-2,6.698970004336019
COc1ccc2c(c[n+](C)c3c4cc5c(cc4ccc23)OCO5)c1OC.[Cl-],6.698970004336019
CN1Cc2c(ccc3c2OCO3)[C@@H]2[C@H]1c1cc3c(cc1C[C@@H]2O)OCO3,6.698970004336019
COc1cc2c(ccc3c4cc(OC)c(OC)cc4cnc23)cc1O,6.698970004336019
COc1cc2c(ccc3c4cc(OC)c(OC)cc4c[n+](C)c23)cc1O.[Cl-],7.7447274948966935
COc1cc2c[n+](C)c3c4cc5c(cc4ccc3c2cc1OC)OCO5.[Cl-],7.301029995663981
C[n+]1cc2c3c(ccc2c2ccc4cc5c(cc4c21)OCO5)OCO3.O=[N+]([O-])[O-],6.823908740944319
C[C@@H]1O[C@@H](O[C@H]2C[C@@H](O)[C@]3(CO)[C@H]4[C@H](O)C[C@]5(C)[C@@H](C6=CC(=O)OC6)CC[C@]5(O)[C@@H]4CC[C@]3(O)C2)[C@H](O)[C@H](O)[C@H]1O,6.698970004336019
COC(=O)C[C@](O)(CCC(C)(C)O)C(=O)O[C@@H]1C(OC)=C[C@]23CCCN2CCc2cc4c(cc2[C@H]13)OCO4,6.698970004336019
COC(=O)C[C@](O)(CCCC(C)(C)O)C(=O)O[C@@H]1C(OC)=C[C@]23CCCN2CCc2cc4c(cc2[C@H]13)OCO4,6.698970004336019
COc1c2occc2c(OC)c2c(=O)cc(C)oc12,6.698970004336019
O=c1ccc2cc(O[C@@H]3O[C@H](CO)[C@@H](O)[C@H](O)[C@H]3O)c(O)cc2o1,6.698970004336019
C=C(C)C(O)C(O)c1cc2ccc(=O)oc2cc1OC,6.698970004336019
C[C@H]1/C(=C/C(=O)OCCN(C)C)CC[C@H]2[C@H]1C(=O)C[C@H]1C(C)(C)[C@@H](OS(=O)(=O)O)CC[C@]21C,6.698970004336019
CC(=O)O[C@H]1C(=O)[C@@]2(C)[C@H]([C@H](OC(=O)c3ccccc3)[C@]3(O)C[C@H](OC(=O)[C@H](O)[C@@H](NC(=O)c4ccccc4)c4ccccc4)C(C)=C1C3(C)C)[C@]1(OC(C)=O)CO[C@@H]1C[C@@H]2O,6.698970004336019
C=C1C[C@@]23CC[C@H]4[C@@](C)(CCC[C@@]4(C)C(=O)O)[C@@H]2CC[C@]1(O)C3,6.698970004336019
C=C1C[C@@]23CC[C@H]4[C@@](C)(CCC[C@@]4(C)C(=O)O[C@@H]4O[C@H](CO)[C@@H](O)[C@H](O)[C@H]4O)[C@@H]2CC[C@]1(O[C@@H]1O[C@H](CO)[C@@H](O)[C@H](O)[C@H]1O[C@@H]1O[C@H](CO)[C@@H](O)[C@H](O)[C@H]1O)C3,6.698970004336019
COC1CCCc2c1oc(-c1ccccc1)c(O)c2=O,6.698970004336019
COc1cc(O)c2c(=O)cc(-c3ccc(O)cc3)oc2c1,6.698970004336019
O=c1c(O)c(-c2ccc(O)cc2)oc2cc(O)cc(O)c12,6.823908740944319
O=c1c(O)c(-c2ccc(O)c(O)c2)oc2cc(O)cc(O)c12,6.698970004336019
O=C(/C=C/c1ccc(O)cc1)OC[C@H]1O[C@@H](Oc2c(-c3ccc(O)cc3)oc3cc(O)cc(O)c3c2=O)[C@H](O)[C@@H](O)[C@@H]1O,6.698970004336019
COc1cc(O)c2c(=O)cc(-c3ccc(O)c(OC)c3)oc2c1,6.698970004336019
COc1c2occc2c(CC(O)C(C)(C)O)c2ccc(=O)oc12,6.698970004336019
COc1c2ccoc2nc2c(OC(C)=O)cccc12,6.698970004336019
COc1c2ccoc2nc2c(OC)c(O)ccc12,6.698970004336019
Cn1cncc1C[C@H]1COC(=O)[C@@H]1[C@@H](O)c1ccccc1,6.698970004336019
CC[C@H]1[C@@H]2C[C@H]3[C@@H]4N(C)c5ccccc5[C@]45C[C@@H]([C@@H]2[C@H]5O)N3[C@@H]1O,6.698970004336019
COC(=O)C1=CO[C@@H](C)[C@@H]2Cn3ccc4c5ccccc5nc-4c3C[C@H]12.Cl,6.823908740944319
CC[C@@]12CCCN3CC[C@]4(c5cccc(OC)c5N(C(C)=O)[C@@H]4CC1)[C@H]32,6.698970004336019
COC(=O)C1=CO[C@@H](C)[C@@H]2CN3CCc4c([nH]c5ccc(OC)cc45)[C@@H]3C[C@H]12,6.698970004336019
COc1cc2c(cc1OC)[C@@]13CCN4CC5=CCO[C@H]6CC(=O)N2[C@H]1[C@H]6[C@H]5C[C@H]43,6.698970004336019
CC[C@@]1(O)C(=O)OCc2c1cc1n(c2=O)Cc2cc3ccccc3nc2-1,6.698970004336019
CCC1=C[C@@H]2CN3CCc4c([nH]c5ccccc45)[C@](C(=O)OC)(C2)[C@@H]13.Cl,6.698970004336019
CC[C@]12CCc3[nH]c4ccccc4c3CCN(C[C@H]3O[C@H]31)C2,6.698970004336019
CC[C@H]1C[C@@H]2CN3CCc4c([nH]c5cc(OC)c(OC)cc45)[C@](C(=O)OC)(C2)[C@H]13,6.698970004336019
CC[C@@H]1CN2CCc3c([nH]c4ccccc34)[C@@H]2C[C@@H]1/C(=C\OC)C(=O)OC,6.698970004336019
COC(=O)[C@H]1[C@H]2C[C@H]3c4[nH]c5ccccc5c4CCN3C[C@@H]2CC[C@@H]1O,6.698970004336019
CC[C@@]12CCCN3CC[C@@]4(C(=Nc5c(OC)cccc54)CC1)[C@H]32,6.698970004336019
COC(=O)[C@@H]1[C@@H](OC)[C@H](OC(=O)c2cc(OC)c(OC)c(OC)c2)C=C2CN3CCc4c([nH]c5ccccc45)[C@@H]3C[C@@H]21.Cl,6.698970004336019
COC(=O)[C@H]1[C@H]2C[C@@H]3c4[nH]c5ccccc5c4CCN3C[C@H]2C[C@@H](OC(=O)c2cc(OC)c(OC)c(OC)c2)[C@@H]1OC,6.698970004336019
C/C=C1/C[N+]2(C)CC[C@@]34c5ccccc5N[C@]32CCC1C4(CO)C(=O)OC.[Cl-],6.698970004336019
Cc1c2ccncc2c(C)c2c1[nH]c1ccccc12,6.823908740944319
COc1cc2c(cc1OC)N1C(=O)C[C@]34C=CCN5CC[C@@H]2[C@@H](CC3)C514,6.698970004336019
COC(=O)[C@H]1[C@H]2C[C@@H]3c4[nH]c5ccccc5c4CCN3C[C@H]2C[C@@H](O)[C@@H]1OC(=O)c1cc(OC)c(OC)c(OC)c1,6.698970004336019
CC[C@]12CN3CCc4c([nH]c5ccccc45)[C@@](C(=O)OC)(c4cc5c(cc4OC)N(C)[C@H]4[C@@](O)(C(=O)OC)[C@H](OC(C)=O)[C@]6(CC)C=CCN7CC[C@]54[C@@H]76)C[C@@H](C3)[C@H]1O2.CC[C@]12CN3CCc4c([nH]c5ccccc45)[C@@](C(=O)OC)(c4cc5c(cc4OC)N(C)[C@H]4[C@@](O)(C(=O)OC)[C@H](OC(C)=O)[C@]6(CC)C=CCN7CC[C@]54[C@@H]76)C[C@@H](C3)[C@H]1O2.O=S(=O)(O)O,6.698970004336019
C/C=C1/CN2[C@H]3C[C@@H]1[C@@H](CO)[C@@H]2Cc1c3[nH]c2ccc(OC)cc12,6.698970004336019
C/C=C1/CN(C(C)=O)[C@H]2Cc3c([nH]c4ccccc34)C(=O)C[C@@H]1[C@@H]2C(=O)OC,6.698970004336019
COc1ccc(C(=O)Cc2c(CCN(C)C)cc3c(c2OC)OCO3)c(C(=O)O)c1OC,6.698970004336019
COc1ccc2[nH]c3c(C)c4ccncc4c(C)c3c2c1,6.823908740944319
CC(=O)O[C@@H]1[C@H]2[C@H]3C[C@H]4C5=Nc6ccccc6[C@]51C[C@@H]2N4[C@H](C)C3C=O,6.698970004336019
C=C1c2cc3[nH]ccc3cc2CN2CC[C@@H]1/C(=C\C)C2,6.698970004336019
C/C=C1/C=[N+]2[C@H]3C[C@H]1[C@H](C(=O)OC)[C@@H]2Cc1c3[nH]c2ccc(O)cc12,6.698970004336019
C/C=C1/CN(C=O)[C@H]2Cc3c([nH]c4ccccc34)C(=O)C[C@@H]1[C@@H]2C(=O)OC,6.698970004336019
C/C=C1/CN[C@H]2Cc3c([nH]c4ccccc34)C(=O)C[C@@H]1[C@@H]2C(=O)OC,6.698970004336019
COC(=O)C1=CO[C@H](C)[C@@H]2CN3CCc4c([nH]c5ccccc45)[C@@H]3C[C@H]12,6.698970004336019
COC(=O)C1=CO[C@H](C)[C@@H]2CN3CCc4c([nH]c5cc(OC)ccc45)[C@@H]3C[C@H]12,6.698970004336019
C/C=C1/CN2[C@H]3C[C@H]1[C@@H](CO)[C@@H]2Cc1c3[nH]c2ccc(O)cc12,6.698970004336019
O=C1C[C@]23C=CCN4CC[C@H]5c6cc7c(cc6N1[C@@]5(CC2)[C@@H]43)OCO7,6.698970004336019
COC(=O)C1=CO[C@@H](C)[C@@H]2CN3CCc4c([nH]c5ccccc45)[C@@H]3C[C@H]12,6.698970004336019
CC[C@H]1CN2CCc3cc(OC)c(OC)cc3[C@@H]2C[C@@H]1C[C@H]1NCCc2c1[nH]c1ccc(O)cc21,6.698970004336019
CC[C@]1(O)C[C@@H]2CN(CCc3c([nH]c4ccccc34)[C@@](C(=O)OC)(c3cc4c(cc3OC)N(C)[C@H]3[C@@](O)(C(=O)OC)[C@H](OC(C)=O)[C@]5(CC)C=CCN6CC[C@]43[C@@H]65)C2)C1,6.698970004336019
C/C=C1\CN2[C@H]3C[C@@]45c6ccccc6N(C)[C@@H]4[C@@H]2C[C@@H]1[C@@]3(C(=O)OC)C5O,6.698970004336019
CC[C@]1(O)C[C@H]2CN(CCc3c([nH]c4ccccc34)[C@@](C(=O)OC)(c3cc4c(cc3OC)N(C=O)[C@H]3[C@@](O)(C(=O)OC)[C@H](OC(C)=O)[C@]5(CC)C=CCN6CC[C@]43[C@@H]65)C2)C1,6.698970004336019
O[C@H]1[C@H]2[C@H](O)CCCN2C[C@H]1O,6.698970004336019
COC(=O)C1=CO[C@@H](O[C@@H]2O[C@H](CO)[C@@H](O)[C@H](O)[C@H]2O)[C@H]2[C@@H]1C=C[C@@]21C=C([C@H](C)OC(=O)/C=C/c2ccc(O)cc2)C(=O)O1,6.698970004336019
C[C@H](O)C1=C[C@@]2(C=C[C@@H]3C(C(=O)O)=CO[C@@H](O[C@@H]4O[C@H](CO)[C@@H](O)[C@H](O)[C@H]4O)[C@@H]32)OC1=O,6.698970004336019
C/C=C/C=C1\C=Cc2c(C(=O)OC)coc(=O)c21,7.346787486224656
C/C=C1/C(=O)O[C@]23C=C[C@@H]4C(C(=O)OC)=CO[C@H](O[C@@H]12)[C@@H]43,6.698970004336019
COC(=O)C1=CO[C@@H](O[C@@H]2O[C@H](CO)[C@@H](O)[C@H](O)[C@H]2O)[C@H]2[C@@H]1C=C[C@@]21C=C([C@H](C)O)C(=O)O1,6.698970004336019
CC[C@H]1CN2CCc3cc(OC)c(OC)cc3[C@@H]2C[C@@H]1C[C@H]1NCCc2cc(O)c(OC)cc21.Cl.Cl,6.698970004336019
CC[C@H]1CN2CCc3cc(OC)c(OC)cc3[C@@H]2C[C@@H]1C[C@H]1NCCc2cc(OC)c(OC)cc21.Cl,6.698970004336019
COc1ccc2cc1Oc1ccc(cc1)C[C@H]1c3cc(c(OC)cc3CCN1C)Oc1c(OC)c(OC)c(OC)c3c1[C@H](C2)N(C)CC3,6.698970004336019
COc1ccc2c(c1OC)C(=O)O[C@@H]2[C@H]1c2cc3c(cc2CCN1C)OCO3,6.698970004336019
CC[C@H]1CN2CCc3cc(OC)c(OC)cc3[C@@H]2C[C@@H]1CC1=NCCc2cc(OC)c(OC)cc21.O=S(=O)(O)O,8.0
COc1ccc(Cc2nccc3cc(OC)c(OC)cc23)cc1OC,6.698970004336019
CC[C@H]1CN2CCc3cc(OC)c(OC)cc3[C@@H]2C[C@@H]1CC1=NCCc2cc(O)c(OC)cc21,6.698970004336019
COc1cc(C[C@H]2c3cc(OC)c(OC)cc3CCN2C)c(Oc2cc3c(cc2OC)-c2c(OC)c(OC)cc4c2[C@H](C3)N(C)CC4)cc1OC,6.698970004336019
COc1cc2c3cc1Oc1cc(ccc1O)C[C@@H]1c4c(cc(OC)c(O)c4Oc4ccc(cc4)C[C@@H]3N(C)CC2)CC[N+]1(C)C.[Cl-],6.698970004336019
COc1cc([C@H]2OC[C@H]3[C@@H]2CO[C@@H]3c2cc(OC)c(O[C@@H]3O[C@H](CO)[C@@H](O)[C@H](O)[C@H]3O)c(OC)c2)cc(OC)c1O[C@@H]1O[C@H](CO)[C@@H](O)[C@H](O)[C@H]1O,6.698970004336019
CC1(C)O[C@H]2CC(=O)OC[C@]23[C@H]2CC[C@@]4(C)[C@H](c5ccoc5)OC(=O)[C@H]5O[C@]54[C@]2(C)C(=O)C[C@@H]13,6.698970004336019
CC(=O)O[C@H]1CC(=O)OC(C)(C)[C@@H]2CC(=O)[C@]3(C)[C@H](CC[C@@]4(C)[C@@H](c5ccoc5)OC(=O)[C@H]5O[C@]543)[C@@]12C,6.698970004336019
CC[C@H](C)[C@H]1NC(=O)[C@@H](NC(=O)[C@@H](CC(C)C)N(C)C(=O)[C@@H]2CCCN2C(=O)C(C)O)[C@@H](C)OC(=O)[C@H](Cc2ccc(OC)cc2)N(C)C(=O)[C@@H]2CCCN2C(=O)[C@H](CC(C)C)NC(=O)[C@@H](C)C(=O)[C@H](C(C)C)OC(=O)C[C@@H]1O,6.698970004336019
Br.COC(=O)C1=CCCN(C)C1,6.698970004336019
C[n+]1cccc(C(=O)[O-])c1.Cl,6.698970004336019
O=c1oc2c(O)c(O)cc3c(=O)oc4c(O)c(O)cc1c4c23,6.823908740944319
O=C(OC[C@H]1O[C@@H](OC(=O)c2cc(O)c(O)c(OC(=O)c3cc(O)c(O)c(O)c3)c2)[C@H](OC(=O)c2cc(O)c(O)c(OC(=O)c3cc(O)c(O)c(O)c3)c2)[C@@H](OC(=O)c2cc(O)c(O)c(OC(=O)c3cc(O)c(O)c(O)c3)c2)[C@@H]1OC(=O)c1cc(O)c(O)c(OC(=O)c2cc(O)c(O)c(O)c2)c1)c1cc(O)c(O)c(OC(=O)c2cc(O)c(O)c(O)c2)c1,7.301029995663981
COc1ccc2cc3[n+](cc2c1OC)CCc1cc2c(cc1-3)OCO2.[Cl-],7.0
COc1ccc2c(c1OC)C[N+]1(C)CCc3cc4c(cc3C1C2)OCO4.[Cl-],6.698970004336019
COc1cc2c(cc1O)-c1cc3ccc(OC)c(OC)c3c[n+]1CC2.[I-],7.236572006437063
[Cl-].c1c2c(cc3c1OCO3)-c1cc3ccc4c(c3c[n+]1CC2)OCO4,6.823908740944319
COc1ccc2c(c1OC)CN1CCc3cc4c(cc3C1=C2)OCO4,6.698970004336019
COc1cc2c(cc1O)CC[n+]1cc3c(OC)c(OC)ccc3cc1-2.[Cl-],7.1487416512809245
COc1ccc2c(c1OC)CN1CCc3cc4c(cc3C1C2)OCO4,6.698970004336019
COc1cc2c(cc1OC)[C@@H]1Cc3ccc(OC)c(OC)c3CN1CC2,6.698970004336019
COc1cc2c(cc1OC)[C@@H]1Cc3ccc(OC)c(O)c3CN1CC2,6.698970004336019
COc1coc(CO)cc1=O,6.698970004336019
CC(C)[C@](O)(C(=O)OCC1=CC[N+]2([O-])CC[C@@H](O)[C@@H]12)[C@H](C)O,6.698970004336019
C/C=C(/C)C(=O)O[C@H]1CCN2CC=C(COC(=O)[C@](O)([C@H](C)OC)C(C)(C)O)[C@H]12,6.698970004336019
C[C@H]1C(=O)O[C@@H]2CCN3CC=C(COC(=O)[C@](C)(O)[C@]1(C)O)[C@H]23,6.698970004336019
C/C=C1\C[C@@H](C)[C@](O)(CO)C(=O)OCC2=CCN3CC[C@@H](OC1=O)[C@@H]23,6.698970004336019
C/C=C1/C[C@@H](C)[C@@](C)(O)C(=O)OCC2=CCN3CC[C@@H](OC1=O)[C@@H]23,6.698970004336019
C=C1C/C(=C/C)C(=O)O[C@@H]2CCN3CC=C(COC(=O)[C@]1(C)O)[C@H]23,6.698970004336019
C=C[C@H]1CN2CC[C@H]1C[C@@H]2[C@@H](O)c1ccnc2ccccc12,6.698970004336019
C=C[C@H]1CN2CC[C@H]1C[C@@H]2[C@@H](O)c1ccnc2ccc(OC)cc12.C=C[C@H]1CN2CC[C@H]1C[C@@H]2[C@@H](O)c1ccnc2ccc(OC)cc12.O.O.O=S(=O)(O)O,6.698970004336019
COC(=O)[C@@]12OC[C@]34[C@H]([C@@H](O)[C@@H]1O)[C@@]1(C)CC(=O)C(O)=C(C)[C@@H]1C[C@H]3OC(=O)[C@H](OC(=O)/C=C(\C)C(C)C)[C@@H]24,6.698970004336019
COc1ccc2c(c1OC)-c1cc(ccc1O)/C=C\C(=O)O[C@H]1C[C@@H]3CCCCC3[C@H]2C1,6.698970004336019
C1CN[C@@H]2[C@@H](C1)[C@@H]1CC2([C@H]2CCC[C@H](C3CC[C@@H]4N[C@H]3N3CCC[C@H]5C[C@@H]6C[C@]4(CN4CCCC[C@H]64)[C@@H]53)N2)CN2CCCC[C@H]12,6.698970004336019
C1CCN2C[C@]34C[C@H](C[C@@H]5CCCN([C@@H]6CCC[C@@H]3N6)[C@H]54)[C@H]2C1,6.698970004336019
C1CCN2C[C@]34C[C@H](C[C@@H]5CCCN([C@@H]6CCC[C@@H]3N6)[C@H]54)[C@H]2C1.[O-][Cl+3]([O-])([O-])O.[O-][Cl+3]([O-])([O-])O,6.698970004336019
C1CCN2C[C@@H]3C[C@@H](CN4CCCC[C@@H]34)[C@H]2C1,6.698970004336019
C1CCN2C[C@@H]3C[C@@H](CN4CCCC[C@@H]34)[C@H]2C1.O.O.O.O.O.O=S(=O)(O)O,6.698970004336019
O=C1CCC[C@H]2[C@@H]3CCCN4CCC[C@H](CN12)[C@@H]34,6.698970004336019
CC1=CC(=O)C(C)=CC1=O,6.698970004336019
COC(=O)CC1(O)C=CC(=O)C=C1,6.698970004336019
COc1c2c(c(O)c3ccoc13)C(=O)[C@H]1c3cc4c(cc3OC[C@H]1O2)OCO4,6.698970004336019
C=C(C)[C@H]1Cc2c(ccc3c2O[C@@H]2COc4cc(OC)c(OC)cc4[C@]2(O)C3=O)O1,6.698970004336019
C=C(C)[C@H]1Cc2c(ccc3c2O[C@@H]2COc4cc(OC)c(OC)cc4[C@@H]2C3=O)O1,6.698970004336019
CC(=O)Oc1c(OC(C)=O)c(C=O)c2c(OC(C)=O)c(-c3c(C)cc4c(C(C)C)c(OC(C)=O)c(OC(C)=O)c(C=O)c4c3OC(C)=O)c(C)cc2c1C(C)C,6.823908740944319
C=C(C)[C@@H]1[C@H]2OC(=O)[C@@H]1[C@]1(O)C[C@H]3OC34C(=O)O[C@H]2[C@@]41C.CC(C)(O)[C@@H]1[C@H]2OC(=O)[C@@H]1[C@]1(O)C[C@H]3OC34C(=O)O[C@H]2[C@@]41C,6.698970004336019
CC(=O)O[C@@H]1[C@@H](O)[C@H](O[C@H]2[C@H](OC(=O)[C@H]3CC[C@@H]4[C@H](C3)O[C@@]3(C[C@H](OC(=O)/C=C/c5ccccc5)[C@H](C)CO3)[C@]43CO3)O[C@H](C)[C@@H](O)[C@@H]2OC(C)=O)O[C@H](C)[C@H]1O,6.698970004336019
C[C@]12CCC(=O)C=C1CC[C@@H]1[C@@H]2CC[C@]2(C)C(=O)CC[C@@H]12,6.698970004336019
CC1=C(C)C(=O)O[C@@H]([C@](C)(O)[C@]2(O)CC[C@@]3(O)[C@@H]4C[C@H]5O[C@]56[C@@H](O)C=CC(=O)[C@]6(C)[C@H]4CC[C@]23C)C1,6.698970004336019
CC(C)(O)CC[C@@H](O)[C@](C)(O)[C@H]1CC[C@@]2(O)C3=CC(=O)[C@]4(O)C[C@@H](O)[C@@H](O)C[C@]4(C)[C@H]3CC[C@]12C,6.698970004336019
C[C@H]1CC[C@]2(NC1)O[C@H]1C[C@H]3[C@@H]4CC[C@H]5C[C@@H](O[C@@H]6O[C@H](CO)[C@H](O[C@@H]7O[C@H](CO)[C@@H](O)[C@H](O[C@@H]8OC[C@@H](O)[C@H](O)[C@H]8O)[C@H]7O[C@@H]7O[C@H](CO)[C@@H](O)[C@H](O)[C@H]7O)[C@H](O)[C@H]6O)CC[C@]5(C)[C@H]4CC[C@]3(C)[C@H]1[C@@H]2C,6.698970004336019
C/C=C(/C)C(=O)O[C@H]1CC[C@@]2(C)[C@@H]3CC[C@H]4[C@]5(O)C[C@H](O)[C@@]6(O)[C@@H](CN7C[C@@H](C)CC[C@H]7[C@@]6(C)O)[C@]5(O)C[C@]42O[C@]13O,6.698970004336019
CC[C@H](/C=C/[C@@H](C)[C@H]1CC[C@H]2[C@@H]3CC=C4C[C@@H](O)CC[C@]4(C)[C@H]3CC[C@]12C)C(C)C,6.698970004336019
CC(=O)N[C@H]1[C@@H](O[C@H]2[C@H](O)[C@@H](O)[C@H](O[C@H]3[C@H](CS(=O)(=O)O)[C@@H](OS(=O)(=O)O)[C@@H](O[C@H]4[C@H](O)[C@@H](OS(=O)(=O)O)C(O)O[C@H]4C(=O)O)O[C@@H]3O)O[C@@H]2C(=O)O)O[C@H](COS(=O)(=O)O)[C@@H](O)[C@@H]1O,6.698970004336019
CC1(C)CC[C@]2(C)CC[C@]3(C)C(=CC[C@@H]4[C@@]5(C)CC[C@H](O)C(C)(C)[C@@H]5CC[C@]43C)[C@@H]2C1,6.698970004336019
CC(=O)N[C@H]1[C@H](O[C@H]2CC[C@]3(C)[C@H]4CC=C5[C@H]6CC(C)(C)CC[C@]6(C(=O)O)CC[C@@]5(C)[C@]4(C)CC[C@H]3C2(C)C)O[C@H](CO)[C@@H](O)[C@@H]1O,6.698970004336019
C=C(C)[C@@H]1CC[C@]2(CO)CC[C@]3(C)[C@H](CC[C@@H]4[C@@]5(C)CC[C@H](O)C(C)(C)[C@@H]5CC[C@]43C)[C@@H]12,6.698970004336019
CC1=C(O)C(=O)C=C2C1=CC=C1[C@@]2(C)CC[C@@]2(C)[C@@H]3C[C@@H](C)C(=O)[C@@H](O)[C@]3(C)CC[C@]12C,6.698970004336019
CC1(C)CC[C@]2(CO)[C@H](O)C[C@]3(C)C(=CC[C@@H]4[C@@]5(C)CC[C@H](O)C(C)(C)[C@@H]5CC[C@]43C)[C@@H]2C1,6.698970004336019
CC(C)=CCC[C@](C)(O[C@@H]1O[C@H](CO[C@@H]2O[C@H](CO)[C@@H](O)[C@H](O)[C@H]2O)[C@@H](O)[C@H](O)[C@H]1O)[C@H]1CC[C@]2(C)[C@@H]1[C@H](O)C[C@@H]1[C@@]3(C)CC[C@H](O[C@@H]4O[C@H](CO)[C@@H](O)[C@H](O)[C@H]4O[C@@H]4O[C@H](CO)[C@@H](O)[C@H](O)[C@H]4O)C(C)(C)[C@@H]3CC[C@]12C,6.698970004336019
CC(C)=CCC[C@](C)(O[C@@H]1O[C@H](CO)[C@@H](O)[C@H](O)[C@H]1O)[C@H]1CC[C@]2(C)[C@@H]1[C@H](O)C[C@@H]1[C@@]3(C)CC[C@H](O)C(C)(C)[C@@H]3[C@@H](O[C@@H]3O[C@H](CO)[C@@H](O)[C@H](O)[C@H]3O[C@@H]3O[C@@H](C)[C@H](O)[C@@H](O)[C@H]3O)C[C@]12C,6.698970004336019
Br.CN1[C@@H]2C[C@@H](OC(=O)[C@H](CO)c3ccccc3)C[C@H]1[C@@H]1O[C@@H]12.O.O.O,6.698970004336019
Br.CN1[C@@H]2C[C@@H](OC(=O)[C@H](CO)c3ccccc3)C[C@H]1[C@@H]1O[C@@H]12.O.O.O,6.698970004336019
O=C(/C=C/C1=CCCC=C1)C1=CC=CCC1,6.698970004336019
O=[N+]([O-])c1cc([N+](=O)[O-])c([O-])c([N+](=O)[O-])c1.c1c2c(cc3c1OCO3)-c1cc3ccc4c(c3c[n+]1CC2)OCO4,7.251811972993799
COc1cc2c(ccc3c4cc(OC)c(OC)cc4c[n+](C)c23)cc1O.[Cl-],8.0
COc1cc2c[n+](C)c3c4cc5c(cc4ccc3c2cc1OC)OCO5.[Cl-],7.309803919971486
Cc1ccc(C(=O)Nc2ccc(S(=O)(=O)O)c3cc(S(=O)(=O)O)cc(S(=O)(=O)O)c23)cc1NC(=O)c1cccc(NC(=O)Nc2cccc(C(=O)Nc3cc(C(=O)Nc4ccc(S(=O)(=O)O)c5cc(S(=O)(=O)O)cc(S(=O)(=O)O)c45)ccc3C)c2)c1,7.7447274948966935
O=C(O[C@@H]1C[C@](OC(=O)c2cc(O)c(O)c(O)c2)(C(=O)O)C[C@@H](OC(=O)c2cc(O)c(O)c(O)c2)[C@H]1OC(=O)c1cc(O)c(O)c(O)c1)c1cc(O)c(O)c(O)c1,6.096910013008056
C=CC(C)(C)C1(CC=C(C)C)C(=O)Nc2ccccc2C1=O,5.0
CC(C)=CCOc1c(CC=C(C)C)c(O)nc2ccccc12,5.096910013008056
CC(C)=CN1CCn2c(=S)[nH]c3ccc(Cl)c(c32)C1,7.339988778710669
CC(C)=CN1CCn2c(=S)[nH]c3cc(Cl)cc(c32)C1,6.790002703917631
C=C(C)N1Cc2cccc3[nH]c(=O)n(c23)CC1CC,4.300000029139088
C=C(C)N1Cc2cccc3[nH]c(=O)n(c23)CC1C(C)C,5.0
CC(C)=CN1Cc2cccc3[nH]c(=O)n(c23)CC1C(C)C,5.0
C=C(C)N1Cc2cccc3[nH]c(=O)n(c23)CC1(C)C,4.639999934172963
C=C(C)N1Cc2cccc3[nH]c(=O)n(c23)C(C)C1,4.489999942195333
C=C(C)N1Cc2cc(Cl)cc3[nH]c(=S)n(c23)C(C)C1,6.170001911302621
CC1CN(CC2CC2)Cc2cc(Cl)cc3[nH]c(=S)n1c23,5.660000322371772
CCCN1Cc2cccc3[nH]c(=O)n(c23)C(C(C)C)C1,4.130000024196025
C=C(C)N1Cc2cccc3[nH]c(=O)n(c23)C(C(C)C)C1,4.900000142057633
CCCC1CN(CCC)Cc2cccc3[nH]c(=O)n1c23,3.739999990121752
C=C(C)N1Cc2cccc3[nH]c(=O)n(c23)C(CCC)C1,4.319999993033794
CCCN1CCn2c(=O)[nH]c3cccc(c32)C1C,4.079999984911641
CC(C)=CN1CCn2c(=O)[nH]c3cccc(c32)C1C,4.920000156997057
CC(C)=CN1CCn2c(=O)[nH]c3ccc(Cl)c(c32)C1C,6.840011949618013
CC(C)=CN1CCn2c(=O)[nH]c3cc(Cl)cc(c32)C1C,6.790002703917631
CCCN1CCn2c(=S)[nH]c3cccc(c32)C1C,5.6099998081597775
CC(C)=CN1CCn2c(=S)[nH]c3cccc(c32)C1C,7.110026361596004
CC(C)=CN1CCn2c(=S)[nH]c3ccc(Cl)c(c32)C1C,7.92009553233328
CC(C)=CN1CCn2c(=S)[nH]c3cc(Cl)cc(c32)C1C,7.6399749108106025
CC(C)=CN1Cc2cccc3[nH]c(=O)n(c23)[C@@H](C)[C@H]1C,4.25000001945443
CC(C)=CN1Cc2cccc3[nH]c(=S)n(c23)[C@@H](C)[C@H]1C,5.650000220873455
C[C@H]1[C@H](C)n2c(=S)[nH]c3cccc(c32)CN1CC1CC1,4.869999962200743
CC(C)=CN1Cc2cccc3[nH]c(=S)n(c23)[C@@H](C)[C@@H]1C,4.8399999311187
CCCN1Cc2cc(Cl)cc3[nH]c(=S)n(c23)C(=O)C1C,4.300000029139088
S=c1[nH]c2cccc3c2n1C(Cc1ccccc1)C(Cc1ccccc1)N(CC1CC1)C3,5.0
CC(C)=CN1[C@@H](C)Cn2c(=S)[nH]c3cccc(c32)[C@@H]1C,7.3799681048737025
CC(C)=CN1[C@H](C)c2cccc3[nH]c(=S)n(c23)C[C@@H]1C,5.940001369850308
CC(C)=CN1[C@H](C)Cn2c(=O)[nH]c3cc(Cl)cc(c32)[C@H]1C,6.639993867770902
CC(C)=CN1[C@H](C)Cn2c(=S)[nH]c3cc(Cl)cc(c32)[C@H]1C,6.32000008377078
CC(C)=CN1[C@@H](C)Cn2c(=O)[nH]c3cc(Cl)cc(c32)[C@@H]1C,5.300000202445418
CC(C)=CN1C[C@H](C)n2c(=S)[nH]c3cccc(c32)[C@H]1C,4.589999963296594
C/C=C1/C[C@H]2Cn3c(=S)[nH]c4cc(Cl)cc(c43)CN2C1,5.420000452721523
S=c1[nH]c2cc(Cl)cc3c2n1CCN1CCCCC31,5.700000503883016
CC(C)=CN1Cc2c(Cl)ccc3[nH]c(=S)n(c23)C[C@@H]1C,8.299988937677888
CC(C)=CN1Cc2cc(Cl)cc3[nH]c(=O)n(c23)C[C@@H]1C,6.740000204918113
CC(C)=CN1Cc2cc(Cl)cc3[nH]c(=S)n(c23)C[C@@H]1C,7.36997914888659
C[C@H]1Cn2c(=S)[nH]c3cc(Cl)cc(c32)CN1CC1CC1,7.470056598341331
C[C@H]1Cn2c(=S)[nH]c3cccc(c32)CN1CC1CC1,7.219970872662661
CCCN1Cc2cccc3[nH]c(=O)n(c23)CC1C,4.219999989963101
CCCN1Cc2cccc3[nH]c(=S)n(c23)CC1C,5.779999190713337
C=C(C)N1Cc2cccc3[nH]c(=O)n(c23)CC1C,4.459999937940861
CC(C)=CN1Cc2cccc3[nH]c(=S)n(c23)CC1C,7.010016541698601
CC(C)=CN1Cc2cccc3[nH]c(=O)n(c23)C[C@@H]1C,5.480000159330324
C=C(C)N1Cc2cccc3[nH]c(=S)n(c23)C[C@@H]1C,7.580044251510242
CC(C)=CN1CCn2c(=O)[nH]c3cccc(c32)C1,4.900000142057633
C=C(C)N1CCn2c(=O)[nH]c3cccc(c32)C1,4.330000038335378
CCCN1CCn2c(=O)[nH]c3cccc(c32)C1,4.050000018582057
C=C(CC)N1CCn2c(=O)[nH]c3cccc(c32)C1,4.430000034012231
CC(C)=CN1Cc2cccc3[nH]c(=S)n(c23)C[C@@H]1C,7.354970935278858
C=CCN1Cc2cccc3[nH]c(=O)n(c23)C[C@@H]1C,4.153999999021751
CCCCN1Cc2cccc3[nH]c(=O)n(c23)C[C@@H]1C,3.999000016498988
CC(C)=CN1Cc2c(F)ccc3[nH]c(=S)n(c23)C[C@@H]1C,8.23500240071512
CC(C)=CN1Cc2c(Br)ccc3[nH]c(=O)n(c23)C[C@@H]1C,7.324038450357831
CC(C)=CN1Cc2c(Br)ccc3[nH]c(=S)n(c23)C[C@@H]1C,8.521000868326643
CC(C)=CN1Cc2c(C)ccc3[nH]c(=S)n(c23)C[C@@H]1C,7.864867348623225
COc1ccc2[nH]c(=S)n3c2c1CN(C=C(C)C)[C@@H](C)C3,7.4680104485874494
CC(C)=CN1Cc2cc(Cl)c(Cl)c3[nH]c(=S)n(c23)C[C@@H]1C,7.591929714112815
CC(C)=CN1Cc2c(C#N)ccc3[nH]c(=O)n(c23)C[C@@H]1C,5.940001369850308
CC(C)=CN1Cc2c(C#N)ccc3[nH]c(=S)n(c23)C[C@@H]1C,7.250031916490597
CC(C)=CN1Cc2c(C)ccc3[nH]c(=O)n(c23)C[C@@H]1C,6.0
COc1ccc2c3c1[nH]c(=S)n3C[C@H](C)N(C=C(C)C)C2,5.330000131185909
COc1ccc2c3c1[nH]c(=O)n3C[C@H](C)N(C=C(C)C)C2,5.180000294489514
CC(C)=CN1Cc2ccc(Br)c3[nH]c(=S)n(c23)C[C@@H]1C,5.9699997184078955
CC(C)=CN1Cc2c(C=O)ccc3[nH]c(=S)n(c23)C[C@@H]1C,6.72999699989494
CC(C)=CN1Cc2c(I)ccc3[nH]c(=O)n(c23)C[C@@H]1C,7.059981844992337
CC(C)=CN1Cc2c(I)ccc3[nH]c(=S)n(c23)C[C@@H]1C,7.320027305722581
C#Cc1ccc2[nH]c(=O)n3c2c1CN(C=C(C)C)[C@@H](C)C3,6.359995853468939
C#Cc1ccc2[nH]c(=S)n3c2c1CN(C=C(C)C)[C@@H](C)C3,7.5300307905000405
CSc1ccc2[nH]c(=S)n3c2c1CN(C=C(C)C)[C@@H](C)C3,8.301029995663981
CCOc1ccc2[nH]c(=S)n3c2c1CN(C=C(C)C)[C@@H](C)C3,7.018000285870122
CC(C)=CN1Cc2c(C(N)=O)ccc3[nH]c(=O)n(c23)C[C@@H]1C,5.196999953415758
C[C@H]1Cn2c(=O)[nH]c3cc([N+](=O)[O-])cc(c32)CN1CC1CC1,4.4760000520149
C[C@H]1Cn2c(=O)[nH]c3ccc(N)c(c32)CN1CC1CC1,3.070999997461433
C[C@H]1Cn2c(=O)[nH]c3ccc(N(C)C)c(c32)CN1CC1CC1,5.177000101969487
C[C@H]1Cn2c(=O)[nH]c3cc(N)cc(c32)CN1CC1CC1,4.217999981887501
C[C@H]1Cn2c(=O)[nH]c3cc(N(C)C)cc(c32)CN1CC1CC1,5.177000101969487
C[C@H]1Cn2c(=S)[nH]c3cc([N+](=O)[O-])cc(c32)CN1CC1CC1,5.611000574879485
CC(C)=CN1Cc2cc(F)cc3[nH]c(=S)n(c23)C[C@@H]1C,7.6020599913279625
C=C(C)[C@@H]1CC[C@@H]2[C@]3(CC[C@]4(C)[C@@H]([C@H](C)CC/C=C(/C)C(=O)O)CC[C@@]24C)C[C@]13CCC(=O)O,3.7975116829399065
CCCCCCCC/C=C\CCCCCCCC(=O)OC[C@H](CO[C@H]1O[C@H](CS(=O)(=O)[O-])[C@@H](O)[C@H](O)[C@H]1O)OC(=O)CCCCCCCCCCCCCCC.[Na+],7.619788758288394
CCCCC/C=C\C/C=C\CCCCCCCC(=O)OC[C@H](CO[C@H]1O[C@H](CS(=O)(=O)[O-])[C@@H](O)[C@H](O)[C@H]1O)OC(=O)CCCCCCCCCCCCCCC.[Na+],7.113509274827518
CCCCCCCCCCCCCCCC(=O)OC[C@H](CO[C@H]1O[C@H](CS(=O)(=O)[O-])[C@@H](O)[C@H](O)[C@H]1O)OC(=O)CCCCCCCCCCCCCCC.[Na+],6.950781977329818
CCCCC/C=C\C/C=C\CCCCCCCC(=O)OC[C@H](CO[C@H]1O[C@H](CS(=O)(=O)[O-])[C@@H](O)[C@H](OC(=O)CCCCCCCCCCCCCCC)[C@H]1OC(=O)CCCCCCCCCCCCCCC)OC(=O)CCCCCCCCCCCCCCC.[Na+],5.530177984021837
CCCCC/C=C\C/C=C\CCCCCCCC(=O)OC[C@H](CO[C@@H]1O[C@H](CO)[C@H](O)[C@H](O)[C@H]1O)OC(=O)CCCCCCCCCCCCCCC,4.42021640338319
CCCCCCCC/C=C\CCCCCCCC(=O)OC[C@H](CO[C@@H]1O[C@H](CO)[C@H](O)[C@H](O)[C@H]1O)OC(=O)CCCCCCCCCCCCCCC,4.187086643357144
CCCCC/C=C\C/C=C\CCCCCCCC(=O)OC[C@H](CO[C@@H]1O[C@H](CO[C@H]2O[C@H](CO)[C@H](O)[C@H](OC(=O)CCCCCCCCCCCCCCC)[C@H]2O)[C@H](O)[C@H](O)[C@H]1O)OC(=O)CCCCCCCCCCCCCCC,4.002613615602686
CCCCCCCCCCCCCCCC(=O)OC[C@H](CO[C@@H]1O[C@H](CO)[C@H](O)[C@H](O)[C@H]1O)OC(=O)CCCCCCCCCCCCCCC,4.0
O=S(=O)([O-])C[C@H]1O[C@H](OC[C@H](O)CO)[C@H](O)[C@@H](O)[C@@H]1O.[Na+],4.1249387366083
OC[C@@H](O)CO[C@@H]1O[C@H](CO)[C@H](O)[C@H](O)[C@H]1O,4.0
OC[C@@H](O)CO[C@@H]1O[C@H](CO[C@H]2O[C@H](CO)[C@H](O)[C@H](O)[C@H]2O)[C@H](O)[C@H](O)[C@H]1O,4.0
OC[C@@H](O)CO[C@H]1O[C@H](CO)[C@@H](O)[C@H](O)[C@H]1O,4.0
C=CC(C)(C)C1(CC=C(C)C)C(=O)Nc2ccccc2C1=O,4.920818753952375
CC(C)=CCOc1c(CC=C(C)C)c(O)nc2ccccc12,5.096910013008056
COc1cc2cc3c(c(-c4ccc5c(c4)OCO5)c2cc1OC)COC3=O,5.259637310505756
COCc1cc2cc(OC)c(OC)cc2c(-c2ccc3c(c2)OCO3)c1C=O,5.455931955649724
C[C@H]1[C@H](C)Oc2c3c(c4c(-c5ccccc5)cc(=O)oc4c2[C@H]1O)OC(C)(C)C=C3,6.136677139879544
C[C@H]1[C@H](C)Oc2c3c(c4c(-c5ccccc5)cc(=O)oc4c2[C@H]1O)OC(C)(C)C=C3,6.468521082957745
CCCc1cc(=O)oc2c3c(c4c(c12)OC(C)(C)C=C4)O[C@@H](C)[C@H](C)[C@@H]3O,5.853871964321762
CCCc1cc(=O)oc2c3c(c4c(c12)OC(C)(C)C=C4)O[C@@H](C)[C@H](C)[C@@H]3O,6.5376020021010435
Cc1cn([C@H]2C[C@H](N=[N+]=[N-])[C@@H](COP(=O)(O)OP(=O)(O)OP(=O)(O)O)O2)c(=O)[nH]c1=O,7.292429823902063
COc1cc2c(ccc3c4cc(OC)c(OC)cc4c[n+](C)c23)cc1O.[Cl-],4.886056647693163
CCCc1cc(=O)oc2c3c(c4c(c12)OC(C)(C)C=C4)O[C@H](C)[C@@H](C)[C@@H]3O,6.494850021680094
O=C1Nc2ccc(Cl)cc2[C@@](C#CC2CC2)(C(F)(F)F)O1,7.698970004336019
S=C(NCCc1ccccn1)Nc1ccc(Br)cn1,5.97469413473523
O=C1c2ccccc2C(=O)N1CCO/C(=N\c1ccc(Br)cc1)SS/C(=N/c1ccc(Br)cc1)OCCN1C(=O)c2ccccc2C1=O,6.130768280269024
Cc1cn([C@H]2C[C@H](N=[N+]=[N-])[C@@H](COP(=O)(O)OP(=O)(O)OP(=O)(O)O)O2)c(=O)[nH]c1=O,7.267606240177032
Cc1cn([C@H]2C=C[C@@H](COP(=O)(O)OP(=O)(O)OP(=O)(O)O)O2)c(=O)[nH]c1=O,7.443697499232712
CCCOCCCNC(=S)Nc1cc(OC)c(Cl)cc1OC,6.292429823902063
CCCOCCCNC(=S)Nc1cc(OC)c(Cl)cc1OC,6.026872146400302
O=S(=O)(Nc1n[nH]cc1Br)c1cccc2nsnc12,5.552841968657781
O=S(=O)(Nc1n[nH]cc1Br)c1cccc2nsnc12,5.481486060122113
Cc1ccnc2c1NC(=O)c1cccnc1N2C1CC1,5.769551078621726
Cc1ccnc2c1NC(=O)c1cccnc1N2C1CC1,6.200659450546418
CCCOCCCNC(=S)Nc1cc(OC)c(Cl)cc1OC,4.154901959985743
Cc1ccnc2c1NC(=O)c1cccnc1N2C1CC1,4.0
O=S(=O)(Nc1n[nH]cc1Br)c1cccc2nsnc12,4.698970004336019
O=C1Nc2ccc(Cl)cc2[C@@](C#CC2CC2)(C(F)(F)F)O1,9.0
O=C1Nc2ccc(Cl)cc2[C@@](C#CC2CC2)(C(F)(F)F)O1,7.723538195826756
O=C1Nc2ccc(Cl)cc2[C@@](C#CC2CC2)(C(F)(F)F)O1,8.142667503568731
N#Cc1cc(Cl)cc(Oc2cc(OCc3n[nH]c4nc(N)ccc34)ccc2Cl)c1,9.698970004336019
N#Cc1cc(Cl)cc(Oc2cc(OCc3n[nH]c4ncccc34)ccc2Cl)c1,9.397940008672037
N#Cc1cc(Cl)cc(Oc2cc(OCc3n[nH]c4cnccc34)ccc2Cl)c1,9.096910013008056
N#Cc1cc(Cl)cc(Oc2cc(OCc3n[nH]c4ccncc34)ccc2Cl)c1,8.920818753952375
N#Cc1cc(Cl)cc(Oc2cc(OCc3n[nH]c4cccnc34)ccc2Cl)c1,8.443697499232712
N#Cc1cc(Cl)cc(Oc2cc(OCc3n[nH]c4ccccc34)ccc2Cl)c1,8.853871964321762
N#Cc1cc(Cl)cc(Oc2cc(OCc3n[nH]c4nc(N)ccc34)ccc2Cl)c1,9.301029995663981
N#Cc1cc(Cl)cc(Oc2cc(OCc3n[nH]c4ncccc34)ccc2Cl)c1,9.301029995663981
N#Cc1cc(Cl)cc(Oc2cc(OCc3n[nH]c4cnccc34)ccc2Cl)c1,8.886056647693163
N#Cc1cc(Cl)cc(Oc2cc(OCc3n[nH]c4ccncc34)ccc2Cl)c1,8.42021640338319
N#Cc1cc(Cl)cc(Oc2cc(OCc3n[nH]c4cccnc34)ccc2Cl)c1,7.3979400086720375
N#Cc1cc(Cl)cc(Oc2cc(OCc3n[nH]c4ccccc34)ccc2Cl)c1,8.958607314841775
N#Cc1cc(Cl)cc(Oc2cc(OCc3n[nH]c4nc(N)ccc34)ccc2Cl)c1,9.397940008672037
N#Cc1cc(Cl)cc(Oc2cc(OCc3n[nH]c4ncccc34)ccc2Cl)c1,9.698970004336019
N#Cc1cc(Cl)cc(Oc2cc(OCc3n[nH]c4cnccc34)ccc2Cl)c1,8.4089353929735
N#Cc1cc(Cl)cc(Oc2cc(OCc3n[nH]c4ccncc34)ccc2Cl)c1,8.207608310501746
N#Cc1cc(Cl)cc(Oc2cc(OCc3n[nH]c4cccnc34)ccc2Cl)c1,6.130768280269024
N#Cc1cc(Cl)cc(Oc2cc(OCc3n[nH]c4ccccc34)ccc2Cl)c1,8.585026652029182
N#Cc1cc(Cl)cc(Oc2c(Br)ccc(Cc3n[nH]c4c(C#N)cccc34)c2F)c1,7.619788758288394
N#Cc1cc(Cl)cc(Oc2c(Br)ccc(Cc3n[nH]c4c(N)cccc34)c2F)c1,7.619788758288394
Cn1ccc2c(Cc3ccc(Br)c(Oc4cc(Cl)cc(C#N)c4)c3F)n[nH]c2c1=O,8.096910013008056
N#Cc1cc(Cl)cc(Oc2c(Br)ccc(Cc3n[nH]c4ncccc34)c2F)c1,8.096910013008056
N#Cc1cc(Cl)cc(Oc2c(Br)ccc(Cc3n[nH]c4cnccc34)c2F)c1,8.301029995663981
N#Cc1cc(Cl)cc(Oc2c(Br)ccc(Cc3n[nH]c4nnccc34)c2F)c1,8.522878745280337
N#Cc1cc(Cl)cc(Oc2c(Br)ccc(Cc3n[nH]c4nccnc34)c2F)c1,8.522878745280337
Cc1cc(C#N)cc(Oc2ccc(Cc3n[nH]c4nnccc34)cc2Br)c1,7.522878745280337
N#Cc1cc(Cl)cc(Oc2c(Br)ccc(Cc3n[nH]c4c(C#N)cccc34)c2F)c1,7.823908740944319
N#Cc1cc(Cl)cc(Oc2c(Br)ccc(Cc3n[nH]c4c(N)cccc34)c2F)c1,7.657577319177793
Cn1ccc2c(Cc3ccc(Br)c(Oc4cc(Cl)cc(C#N)c4)c3F)n[nH]c2c1=O,7.920818753952375
N#Cc1cc(Cl)cc(Oc2c(Br)ccc(Cc3n[nH]c4cnccc34)c2F)c1,8.045757490560675
N#Cc1cc(Cl)cc(Oc2c(Br)ccc(Cc3n[nH]c4nnccc34)c2F)c1,8.522878745280337
N#Cc1cc(Cl)cc(Oc2c(Br)ccc(Cc3n[nH]c4nccnc34)c2F)c1,7.853871964321762
Cc1cc(C#N)cc(Oc2ccc(Cc3n[nH]c4nnccc34)cc2Br)c1,6.920818753952375
Cc1n[nH]c2cccc(Oc3cc(C#N)cc(C#N)c3)c12,6.478861916295964
CCc1n[nH]c2cccc(Oc3cc(C#N)cc(C#N)c3)c12,6.950781977329818
CNCc1n[nH]c2cccc(Oc3cc(C#N)cc(C#N)c3)c12,4.522878745280337
COCc1n[nH]c2cccc(Oc3cc(C#N)cc(C#N)c3)c12,5.777283528852417
Cc1n[nH]c2ccc(Cl)c(Oc3cc(C#N)cc(C#N)c3)c12,6.399027104313252
Cc1n[nH]c2ccc(F)c(Oc3cc(C#N)cc(C#N)c3)c12,7.301029995663981
CCc1n[nH]c2ccc(F)c(Oc3cc(C#N)cc(C#N)c3)c12,7.6020599913279625
Cc1n[nH]c2c(CO)ccc(Oc3cc(C#N)cc(C#N)c3)c12,7.1487416512809245
CC(C)c1nc(COC(N)=O)n(Cc2ccncc2)c1Sc1cc(Cl)cc(Cl)c1,7.327902142064283
O=C1Nc2ccc(Cl)cc2[C@@](C#CC2CC2)(C(F)(F)F)O1,7.853871964321762
Cc1n[nH]c2ccc(F)c(Oc3cc(C#N)cc(C#N)c3)c12,6.4156687756324695
CCc1n[nH]c2ccc(F)c(Oc3cc(C#N)cc(C#N)c3)c12,6.73754891026957
Cc1n[nH]c2c(CO)ccc(Oc3cc(C#N)cc(C#N)c3)c12,5.896880746454286
CC(C)c1nc(COC(N)=O)n(Cc2ccncc2)c1Sc1cc(Cl)cc(Cl)c1,7.167491087293763
O=C1Nc2ccc(Cl)cc2[C@@](C#CC2CC2)(C(F)(F)F)O1,6.438898616350944
Cc1n[nH]c2ccc(F)c(Oc3cc(C#N)cc(C#N)c3)c12,6.838631997765025
CCc1n[nH]c2ccc(F)c(Oc3cc(C#N)cc(C#N)c3)c12,7.494850021680094
CC(C)c1nc(COC(N)=O)n(Cc2ccncc2)c1Sc1cc(Cl)cc(Cl)c1,7.214670164989233
O=C1Nc2ccc(Cl)cc2[C@@](C#CC2CC2)(C(F)(F)F)O1,7.3979400086720375
O=C(OCC(=O)N(CC1CCCO1)c1nc(-c2ccc(Br)cc2)cs1)c1ccc([N+](=O)[O-])o1,4.573488738635425
O=C(COC(=O)c1ccc([N+](=O)[O-])o1)NC12CC3CC(CC(C3)C1)C2,4.528708288941061
O=C(COC(=O)c1ccc([N+](=O)[O-])o1)NC12CC3CC(CC(C3)C1)C2,4.576754126063192
O=C(OCC(=O)N(CC1CCCO1)c1nc(-c2ccc(Br)cc2)cs1)c1ccc([N+](=O)[O-])o1,4.492144128304169
O=C(COC(=O)c1ccc([N+](=O)[O-])o1)NC12CC3CC(CC(C3)C1)C2,5.42021640338319
O=C(OCC(=O)N(CC1CCCO1)c1nc(-c2ccc(Br)cc2)cs1)c1ccc([N+](=O)[O-])o1,5.585026652029182
Cc1cc(C)cc(S(=O)(=O)c2c(C(=O)NCC(N)=O)[nH]c3ccc(Cl)cc23)c1,7.585026652029182
Cc1cc(C)cc(S(=O)(=O)c2c(C(=O)NCC(N)=O)[nH]c3ccc(Br)cc23)c1,7.585026652029182
Cc1cc(C)cc(S(=O)(=O)c2c(C(=O)NCC(N)=O)[nH]c3ccc([N+](=O)[O-])cc23)c1,7.468521082957745
Cc1cc(C)cc(S(=O)(=O)c2c(C(=O)NCC(N)=O)[nH]c3ccc(Cl)c(F)c23)c1,7.6020599913279625
Cc1cc(C)cc(S(=O)(=O)c2c(C(=O)NC(C)C(N)=O)[nH]c3ccc(Cl)cc23)c1,7.698970004336019
Cc1cc(C)cc(S(=O)(=O)c2c(C(=O)NC(C)C(N)=O)[nH]c3ccc(Br)cc23)c1,7.795880017344075
Cc1cc(C)cc(S(=O)(=O)c2c(C(=O)NC(C)C(N)=O)[nH]c3ccc([N+](=O)[O-])cc23)c1,7.657577319177793
Cc1cc(C)cc(S(=O)(=O)c2c(C(=O)NC(C)C(N)=O)[nH]c3ccc(Cl)c(F)c23)c1,7.2076083105017466
Cc1cc(C)cc(S(=O)(=O)c2c(C(=O)NCCC(N)=O)[nH]c3ccc(Cl)cc23)c1,7.568636235841013
Cc1cc(C)cc(S(=O)(=O)c2c(C(=O)NCCC(N)=O)[nH]c3ccc(Br)cc23)c1,7.0655015487564325
Cc1cc(C)cc(S(=O)(=O)c2c(C(=O)NCCC(N)=O)[nH]c3ccc([N+](=O)[O-])cc23)c1,7.568636235841013
Cc1cc(C)cc(S(=O)(=O)c2c(C(=O)NCCC(N)=O)[nH]c3ccc(Cl)c(F)c23)c1,7.468521082957745
Cc1cc(C)cc(S(=O)(=O)c2c(C(=O)NC(C)CC(N)=O)[nH]c3ccc(Cl)cc23)c1,6.920818753952375
Cc1cc(C)cc(S(=O)(=O)c2c(C(=O)NC(C)CC(N)=O)[nH]c3ccc(Br)cc23)c1,7.0915149811213505
Cc1cc(C)cc(S(=O)(=O)c2c(C(=O)NC(C)CC(N)=O)[nH]c3ccc([N+](=O)[O-])cc23)c1,7.481486060122112
Cc1cc(C)cc(S(=O)(=O)c2c(C(=O)NC(C)CC(N)=O)[nH]c3ccc(Cl)c(F)c23)c1,6.444905551421681
Cc1cc(C)cc(S(=O)(=O)c2c(C(=O)NCCS(N)(=O)=O)[nH]c3ccc(Cl)cc23)c1,9.397940008672037
Cc1cc(C)cc(S(=O)(=O)c2c(C(=O)NCCS(N)(=O)=O)[nH]c3ccc(Br)cc23)c1,8.698970004336019
Cc1cc(C)cc(S(=O)(=O)c2c(C(=O)NCCS(N)(=O)=O)[nH]c3ccc([N+](=O)[O-])cc23)c1,7.214670164989233
Cc1cc(C)cc(S(=O)(=O)c2c(C(=O)NC(C)CS(N)(=O)=O)[nH]c3ccc(Cl)cc23)c1,9.397940008672037
Cc1cc(C)cc(S(=O)(=O)c2c(C(=O)NC(C)CS(N)(=O)=O)[nH]c3ccc(Br)cc23)c1,8.522878745280337
Cc1cc(C)cc(S(=O)(=O)c2c(C(=O)NC(C)CS(N)(=O)=O)[nH]c3ccc([N+](=O)[O-])cc23)c1,7.552841968657781
Cc1cc(C)cc(S(=O)(=O)c2c(C(=O)NC(C)CS(N)(=O)=O)[nH]c3ccc(Cl)c(F)c23)c1,7.443697499232712
Cc1cc(C)cc(S(=O)(=O)c2c(C(N)=O)[nH]c3ccc(Cl)cc23)c1,9.522878745280337
Cc1cc(C)cc(S(=O)(=O)c2c(C(=O)NNC(C)C)[nH]c3ccc(Cl)cc23)c1,8.0
Cc1cc(C)cc(S(=O)(=O)c2c(C(N)=O)[nH]c3ccc(Cl)c(F)c23)c1,8.522878745280337
Cc1cc(C)cc(S(=O)(=O)c2c(C(=O)N[C@@H](C)C(N)=O)[nH]c3ccc(Cl)cc23)c1,7.585026652029182
Cc1cc(C)cc(S(=O)(=O)c2c(C(=O)N[C@H](C)C(N)=O)[nH]c3ccc(Cl)cc23)c1,7.769551078621726
Cc1cc(C)cc(S(=O)(=O)c2c(C(=O)N[C@@H](C)C(N)=O)[nH]c3ccc(Br)cc23)c1,7.886056647693163
Cc1cc(C)cc(S(=O)(=O)c2c(C(=O)N[C@H](C)C(N)=O)[nH]c3ccc(Br)cc23)c1,7.795880017344075
Cc1cc(C)cc(S(=O)(=O)c2c(C(=O)N[C@@H](C)CC(N)=O)[nH]c3ccc(Cl)cc23)c1,6.501689446210399
Cc1cc(C)cc(S(=O)(=O)c2c(C(=O)N[C@H](C)CC(N)=O)[nH]c3ccc(Cl)cc23)c1,6.8326826652518236
Cc1cc(C)cc(S(=O)(=O)c2c(C(=O)NCC(N)=O)[nH]c3ccc(Cl)cc23)c1,6.79317412396815
Cc1cc(C)cc(S(=O)(=O)c2c(C(=O)NCC(N)=O)[nH]c3ccc(Br)cc23)c1,6.701146923590294
Cc1cc(C)cc(S(=O)(=O)c2c(C(=O)NCC(N)=O)[nH]c3ccc([N+](=O)[O-])cc23)c1,6.686132779630847
Cc1cc(C)cc(S(=O)(=O)c2c(C(=O)NCC(N)=O)[nH]c3ccc(Cl)c(F)c23)c1,6.496209316942819
Cc1cc(C)cc(S(=O)(=O)c2c(C(=O)NC(C)C(N)=O)[nH]c3ccc(Cl)cc23)c1,6.950781977329818
Cc1cc(C)cc(S(=O)(=O)c2c(C(=O)NC(C)C(N)=O)[nH]c3ccc(Br)cc23)c1,7.3872161432802645
Cc1cc(C)cc(S(=O)(=O)c2c(C(=O)NC(C)C(N)=O)[nH]c3ccc([N+](=O)[O-])cc23)c1,6.679853713888946
Cc1cc(C)cc(S(=O)(=O)c2c(C(=O)NC(C)C(N)=O)[nH]c3ccc(Cl)c(F)c23)c1,6.568636235841013
Cc1cc(C)cc(S(=O)(=O)c2c(C(=O)NCCC(N)=O)[nH]c3ccc(Cl)cc23)c1,6.844663962534939
Cc1cc(C)cc(S(=O)(=O)c2c(C(=O)NCCC(N)=O)[nH]c3ccc(Br)cc23)c1,6.772113295386326
Cc1cc(C)cc(S(=O)(=O)c2c(C(=O)NCCC(N)=O)[nH]c3ccc([N+](=O)[O-])cc23)c1,6.690369832574102
Cc1cc(C)cc(S(=O)(=O)c2c(C(=O)NCCC(N)=O)[nH]c3ccc(Cl)c(F)c23)c1,6.886056647693163
Cc1cc(C)cc(S(=O)(=O)c2c(C(=O)NC(C)CC(N)=O)[nH]c3ccc(Cl)cc23)c1,6.598599459218456
Cc1cc(C)cc(S(=O)(=O)c2c(C(=O)NC(C)CC(N)=O)[nH]c3ccc(Br)cc23)c1,6.528708288941061
Cc1cc(C)cc(S(=O)(=O)c2c(C(=O)NC(C)CC(N)=O)[nH]c3ccc([N+](=O)[O-])cc23)c1,6.718966632752273
Cc1cc(C)cc(S(=O)(=O)c2c(C(=O)NC(C)CC(N)=O)[nH]c3ccc(Cl)c(F)c23)c1,6.4089353929735005
Cc1cc(C)cc(S(=O)(=O)c2c(C(=O)NCCS(N)(=O)=O)[nH]c3ccc(Cl)cc23)c1,7.6020599913279625
Cc1cc(C)cc(S(=O)(=O)c2c(C(=O)NCCS(N)(=O)=O)[nH]c3ccc(Br)cc23)c1,7.886056647693163
Cc1cc(C)cc(S(=O)(=O)c2c(C(=O)NCCS(N)(=O)=O)[nH]c3ccc([N+](=O)[O-])cc23)c1,6.411168274405792
Cc1cc(C)cc(S(=O)(=O)c2c(C(=O)NC(C)CS(N)(=O)=O)[nH]c3ccc(Cl)cc23)c1,8.397940008672037
Cc1cc(C)cc(S(=O)(=O)c2c(C(=O)NC(C)CS(N)(=O)=O)[nH]c3ccc(Br)cc23)c1,6.903089986991944
Cc1cc(C)cc(S(=O)(=O)c2c(C(=O)NC(C)CS(N)(=O)=O)[nH]c3ccc([N+](=O)[O-])cc23)c1,6.438898616350944
Cc1cc(C)cc(S(=O)(=O)c2c(C(=O)NC(C)CS(N)(=O)=O)[nH]c3ccc(Cl)c(F)c23)c1,6.573488738635425
Cc1cc(C)cc(S(=O)(=O)c2c(C(N)=O)[nH]c3ccc(Cl)cc23)c1,7.221848749616356
Cc1cc(C)cc(S(=O)(=O)c2c(C(N)=O)[nH]c3ccc(Cl)c(F)c23)c1,8.698970004336019
Cc1cc(C)cc(S(=O)(=O)c2c(C(=O)NCC(N)=O)[nH]c3ccc(Cl)cc23)c1,6.552841968657781
Cc1cc(C)cc(S(=O)(=O)c2c(C(=O)NCC(N)=O)[nH]c3ccc(Br)cc23)c1,6.106793246940152
Cc1cc(C)cc(S(=O)(=O)c2c(C(=O)NCC(N)=O)[nH]c3ccc([N+](=O)[O-])cc23)c1,6.379863945026242
Cc1cc(C)cc(S(=O)(=O)c2c(C(=O)NCC(N)=O)[nH]c3ccc(Cl)c(F)c23)c1,5.9821322810364945
Cc1cc(C)cc(S(=O)(=O)c2c(C(=O)NC(C)C(N)=O)[nH]c3ccc(Cl)cc23)c1,6.721246399047171
Cc1cc(C)cc(S(=O)(=O)c2c(C(=O)NC(C)C(N)=O)[nH]c3ccc(Br)cc23)c1,6.293282217663241
Cc1cc(C)cc(S(=O)(=O)c2c(C(=O)NC(C)C(N)=O)[nH]c3ccc([N+](=O)[O-])cc23)c1,6.441291429466834
Cc1cc(C)cc(S(=O)(=O)c2c(C(=O)NC(C)C(N)=O)[nH]c3ccc(Cl)c(F)c23)c1,5.817585347565446
Cc1cc(C)cc(S(=O)(=O)c2c(C(=O)NCCC(N)=O)[nH]c3ccc(Cl)cc23)c1,6.454692883534176
Cc1cc(C)cc(S(=O)(=O)c2c(C(=O)NCCC(N)=O)[nH]c3ccc(Br)cc23)c1,6.376750709602099
Cc1cc(C)cc(S(=O)(=O)c2c(C(=O)NCCC(N)=O)[nH]c3ccc([N+](=O)[O-])cc23)c1,6.324221658325915
Cc1cc(C)cc(S(=O)(=O)c2c(C(=O)NCCC(N)=O)[nH]c3ccc(Cl)c(F)c23)c1,6.106238237942057
Cc1cc(C)cc(S(=O)(=O)c2c(C(=O)NC(C)CC(N)=O)[nH]c3ccc(Cl)cc23)c1,6.540607512240769
Cc1cc(C)cc(S(=O)(=O)c2c(C(=O)NC(C)CC(N)=O)[nH]c3ccc(Br)cc23)c1,6.493494967595128
Cc1cc(C)cc(S(=O)(=O)c2c(C(=O)NC(C)CC(N)=O)[nH]c3ccc([N+](=O)[O-])cc23)c1,5.963371104637839
Cc1cc(C)cc(S(=O)(=O)c2c(C(=O)NC(C)CC(N)=O)[nH]c3ccc(Cl)c(F)c23)c1,5.4701848033553695
Cc1cc(C)cc(S(=O)(=O)c2c(C(=O)NCCS(N)(=O)=O)[nH]c3ccc(Cl)cc23)c1,6.2335871528876
Cc1cc(C)cc(S(=O)(=O)c2c(C(=O)NCCS(N)(=O)=O)[nH]c3ccc(Br)cc23)c1,6.276544327964814
Cc1cc(C)cc(S(=O)(=O)c2c(C(=O)NCCS(N)(=O)=O)[nH]c3ccc([N+](=O)[O-])cc23)c1,6.104025267640935
Cc1cc(C)cc(S(=O)(=O)c2c(C(=O)NC(C)CS(N)(=O)=O)[nH]c3ccc(Cl)cc23)c1,6.632644078973981
Cc1cc(C)cc(S(=O)(=O)c2c(C(=O)NC(C)CS(N)(=O)=O)[nH]c3ccc(Br)cc23)c1,5.876801924968001
Cc1cc(C)cc(S(=O)(=O)c2c(C(=O)NC(C)CS(N)(=O)=O)[nH]c3ccc([N+](=O)[O-])cc23)c1,5.484523558617624
Cc1cc(C)cc(S(=O)(=O)c2c(C(=O)NC(C)CS(N)(=O)=O)[nH]c3ccc(Cl)c(F)c23)c1,8.522878745280337
Cc1cc(C)cc(S(=O)(=O)c2c(C(N)=O)[nH]c3ccc(Cl)cc23)c1,8.522878745280337
Cc1cc(C)cc(S(=O)(=O)c2c(C(=O)NNC(C)C)[nH]c3ccc(Cl)cc23)c1,6.096910013008056
Cc1cc(C)cc(S(=O)(=O)c2c(C(N)=O)[nH]c3ccc(Cl)c(F)c23)c1,8.221848749616356
Cc1cc(C)cc(S(=O)(=O)c2c(C(=O)N[C@@H](C)C(N)=O)[nH]c3ccc(Cl)cc23)c1,5.997833938243493
Cc1cc(C)cc(S(=O)(=O)c2c(C(=O)N[C@H](C)C(N)=O)[nH]c3ccc(Cl)cc23)c1,6.5968794788241825
Cc1cc(C)cc(S(=O)(=O)c2c(C(=O)N[C@@H](C)C(N)=O)[nH]c3ccc(Br)cc23)c1,5.822752163744377
Cc1cc(C)cc(S(=O)(=O)c2c(C(=O)N[C@H](C)C(N)=O)[nH]c3ccc(Br)cc23)c1,6.489454989793388
Cc1cc(C)cc(S(=O)(=O)c2c(C(=O)N[C@@H](C)CC(N)=O)[nH]c3ccc(Cl)cc23)c1,5.872895201635193
Cc1cc(C)cc(S(=O)(=O)c2c(C(=O)N[C@H](C)CC(N)=O)[nH]c3ccc(Cl)cc23)c1,5.848630149752539
Cc1cc(C)cc(S(=O)(=O)c2c(C(=O)NCC(N)=O)[nH]c3ccc(Cl)cc23)c1,5.783834097714007
Cc1cc(C)cc(S(=O)(=O)c2c(C(=O)NCC(N)=O)[nH]c3ccc(Br)cc23)c1,5.655411257421286
Cc1cc(C)cc(S(=O)(=O)c2c(C(=O)NCC(N)=O)[nH]c3ccc([N+](=O)[O-])cc23)c1,5.536256278752941
Cc1cc(C)cc(S(=O)(=O)c2c(C(=O)NCC(N)=O)[nH]c3ccc(Cl)c(F)c23)c1,5.609241471261283
Cc1cc(C)cc(S(=O)(=O)c2c(C(=O)NC(C)C(N)=O)[nH]c3ccc(Cl)cc23)c1,5.603277721496227
Cc1cc(C)cc(S(=O)(=O)c2c(C(=O)NC(C)C(N)=O)[nH]c3ccc(Br)cc23)c1,5.7423214251308154
Cc1cc(C)cc(S(=O)(=O)c2c(C(=O)NC(C)C(N)=O)[nH]c3ccc([N+](=O)[O-])cc23)c1,5.375614758579735
Cc1cc(C)cc(S(=O)(=O)c2c(C(=O)NC(C)C(N)=O)[nH]c3ccc(Cl)c(F)c23)c1,5.2022478713492895
Cc1cc(C)cc(S(=O)(=O)c2c(C(=O)NCCC(N)=O)[nH]c3ccc(Cl)cc23)c1,5.29627884007298
Cc1cc(C)cc(S(=O)(=O)c2c(C(=O)NCCC(N)=O)[nH]c3ccc(Br)cc23)c1,5.06722192993945
Cc1cc(C)cc(S(=O)(=O)c2c(C(=O)NCCC(N)=O)[nH]c3ccc([N+](=O)[O-])cc23)c1,5.256960845195067
Cc1cc(C)cc(S(=O)(=O)c2c(C(=O)NCCC(N)=O)[nH]c3ccc(Cl)c(F)c23)c1,5.144783805266637
Cc1cc(C)cc(S(=O)(=O)c2c(C(=O)NC(C)CC(N)=O)[nH]c3ccc(Cl)cc23)c1,5.383314479104488
Cc1cc(C)cc(S(=O)(=O)c2c(C(=O)NC(C)CC(N)=O)[nH]c3ccc(Br)cc23)c1,4.800519085137644
Cc1cc(C)cc(S(=O)(=O)c2c(C(=O)NC(C)CC(N)=O)[nH]c3ccc([N+](=O)[O-])cc23)c1,4.923723744595782
Cc1cc(C)cc(S(=O)(=O)c2c(C(=O)NC(C)CC(N)=O)[nH]c3ccc(Cl)c(F)c23)c1,4.3979400086720375
Cc1cc(C)cc(S(=O)(=O)c2c(C(=O)NCCS(N)(=O)=O)[nH]c3ccc(Cl)cc23)c1,4.3979400086720375
Cc1cc(C)cc(S(=O)(=O)c2c(C(=O)NCCS(N)(=O)=O)[nH]c3ccc(Br)cc23)c1,4.3979400086720375
Cc1cc(C)cc(S(=O)(=O)c2c(C(=O)NCCS(N)(=O)=O)[nH]c3ccc([N+](=O)[O-])cc23)c1,4.3979400086720375
Cc1cc(C)cc(S(=O)(=O)c2c(C(=O)NC(C)CS(N)(=O)=O)[nH]c3ccc(Cl)cc23)c1,5.711303739409744
Cc1cc(C)cc(S(=O)(=O)c2c(C(=O)NC(C)CS(N)(=O)=O)[nH]c3ccc(Br)cc23)c1,5.068033885271827
Cc1cc(C)cc(S(=O)(=O)c2c(C(=O)NC(C)CS(N)(=O)=O)[nH]c3ccc([N+](=O)[O-])cc23)c1,4.581367312645934
Cc1cc(C)cc(S(=O)(=O)c2c(C(=O)NC(C)CS(N)(=O)=O)[nH]c3ccc(Cl)c(F)c23)c1,4.3979400086720375
Cc1cc(C)cc(S(=O)(=O)c2c(C(N)=O)[nH]c3ccc(Cl)cc23)c1,6.853871964321762
Cc1cc(C)cc(S(=O)(=O)c2c(C(N)=O)[nH]c3ccc(Cl)c(F)c23)c1,7.5376020021010435
COc1cc(O)c2c(=O)c3c(O)c(-c4c(O)c([C@@H]5O[C@H](CO)[C@@H](O)[C@H](O)[C@H]5O)c(O)c5c(=O)cc(-c6ccc(O)c(O)c6)oc45)cc(O)c3oc2c1,4.367542707815276
Cc1cn([C@H]2C[C@H](N=[N+]=[N-])[C@@H](CO)O2)c(=O)[nH]c1=O,7.301029995663981
C=C1C(=O)O[C@@H](CCCCCCCCCCCCC)[C@@H]1C(=O)O,4.614393726401688
CC1(C)CC[C@]2(C(=O)O)CC=C3[C@]4(C)CC[C@H]5C(C)(C)[C@@H](OC(=O)c6ccc(O)cc6)C[C@@H](O)[C@]5(C)[C@H]4CC[C@@]3(C)[C@H]2C1,5.431798275933005
COc1cc2c(ccc3c4cc(OC)c(OC)cc4c[n+](C)c23)cc1O.[Cl-],4.886056647693163
CC[C@H]1CN2CCc3cc(OC)c(OC)cc3[C@@H]2C[C@@H]1CC1=NCCc2cc(OC)c(OC)cc21.O.O=S(=O)(O)O,4.853871964321762
CCCc1cc(=O)oc2c3c(c4c(c12)OC(C)(C)C=C4)O[C@H](C)[C@@H](C)[C@@H]3O,6.0
CC1=C(C#C/C(C)=C/C=C/C(C)=C/C=C/C=C(C)/C=C/C=C(\C)C(=O)C[C@@]23O[C@]2(C)C[C@@H](O)CC3(C)C)C(C)(C)C[C@H](O)C1,5.142667503568732
CC1(C)CC[C@]2(C(=O)O)CC=C3[C@]4(C)CC[C@H]5C(C)(C)[C@@H](OC(=O)c6ccc(O)cc6)C[C@@H](O)[C@]5(C)[C@H]4CC[C@@]3(C)[C@H]2C1,4.0
CC1(C)CC[C@]2(C(=O)O)CC=C3[C@]4(C)CC[C@H]5C(C)(C)[C@@H](OC(=O)c6ccc(O)cc6)C[C@@H](O)[C@]5(C)[C@H]4CC[C@@]3(C)[C@H]2C1,5.431798275933005
CC1(C)CC[C@]2(C(=O)O)CC=C3[C@]4(C)CC[C@H]5C(C)(C)C[C@H](O)[C@@H](O)[C@]5(C)[C@H]4CC[C@@]3(C)[C@H]2C1,4.0
CC1(C)CC[C@]2(C(=O)O)CC=C3[C@]4(C)CC[C@H]5C(C)(C)[C@H](O)[C@@H](OC(=O)c6ccc(O)cc6)C[C@]5(C)[C@H]4CC[C@@]3(C)[C@H]2C1,4.3979400086720375
CC1(C)CC[C@]2(C(=O)O)CC=C3[C@]4(C)CC[C@H]5C(C)(C)[C@@H](OC(=O)/C=C/c6ccc(O)cc6)CC[C@]5(C)[C@H]4CC[C@@]3(C)[C@H]2C1,4.221848749616356
CC1(C)CC[C@]2(C(=O)O)CC=C3[C@]4(C)CC[C@H]5C(C)(C)[C@@H](OC(=O)c6ccc(O)cc6)[C@H](OC(=O)c6ccc(O)cc6)C[C@]5(C)[C@H]4CC[C@@]3(C)[C@H]2C1,4.221848749616356
CC1(C)CC[C@]2(C(=O)O)CC=C3[C@]4(C)CC[C@H]5C(C)(C)[C@@H](O)[C@H](OC(=O)c6ccc(O)cc6)C[C@]5(C)[C@H]4CC[C@@]3(C)[C@H]2C1,3.6989700043360187
CC1(C)CC[C@]2(C(=O)O)CC=C3[C@]4(C)CC[C@H]5C(C)(C)[C@@H](OC(=O)c6ccc(O)cc6)[C@H](O)C[C@]5(C)[C@H]4CC[C@@]3(C)[C@H]2C1,3.6989700043360187
CC1(C)CC[C@]2(C(=O)O)CC=C3[C@]4(C)CC[C@H]5C(C)(C)[C@@H](OC(=O)c6ccc(O)cc6)CC[C@]5(C)[C@H]4CC[C@@]3(C)[C@H]2C1,3.6989700043360187
CC1(C)CC[C@]2(C(=O)O)CC=C3[C@]4(C)CC[C@H]5C(C)(C)C[C@H](O)[C@@H](O)[C@]5(C)[C@H]4CC[C@@]3(C)[C@H]2C1,5.468521082957745
CC1(C)CC[C@]2(C(=O)O)CC=C3[C@]4(C)CC[C@H]5C(C)(C)[C@@H](O)C[C@@H](O)[C@]5(C)[C@H]4CC[C@@]3(C)[C@H]2C1,5.309803919971486
CC1(C)CC[C@]2(C(=O)O)CC=C3[C@]4(C)CC[C@H]5C(C)(C)[C@H](O)[C@@H](OC(=O)c6ccc(O)cc6)C[C@]5(C)[C@H]4CC[C@@]3(C)[C@H]2C1,4.823908740944319
CC1(C)CC[C@]2(C(=O)O)CC=C3[C@]4(C)CC[C@H]5C(C)(C)[C@@H](OC(=O)/C=C/c6ccc(O)cc6)CC[C@]5(C)[C@H]4CC[C@@]3(C)[C@H]2C1,4.939302159646388
CC1(C)CC[C@]2(C(=O)O)CC=C3[C@]4(C)CC[C@H]5C(C)(C)[C@@H](OC(=O)c6ccc(O)cc6)[C@H](OC(=O)c6ccc(O)cc6)C[C@]5(C)[C@H]4CC[C@@]3(C)[C@H]2C1,5.102372908709558
CC1(C)CC[C@]2(C(=O)O)CC=C3[C@]4(C)CC[C@H]5C(C)(C)[C@@H](O)[C@H](OC(=O)c6ccc(O)cc6)C[C@]5(C)[C@H]4CC[C@@]3(C)[C@H]2C1,4.2839966563652006
CC1(C)CC[C@]2(C(=O)O)CC=C3[C@]4(C)CC[C@H]5C(C)(C)[C@@H](OC(=O)c6ccc(O)cc6)[C@H](O)C[C@]5(C)[C@H]4CC[C@@]3(C)[C@H]2C1,4.841637507904751
CC1(C)CC[C@]2(C(=O)O)CC=C3[C@]4(C)CC[C@H]5C(C)(C)[C@@H](OC(=O)c6ccc(O)cc6)CC[C@]5(C)[C@H]4CC[C@@]3(C)[C@H]2C1,4.97469413473523
C[C@@H]1CC=C2[C@@H](CCC[C@@]2(C)CC[C@@]2(C)C3=CCCC(C)(C)[C@H]3CC[C@@H]2C)[C@]1(C)Cc1cc(O)ccc1O,5.552841968657781
CC(=O)CC[C@@H]1[C@](C)(CC[C@@]2(O)[C@H](C)CC[C@@H]3OC(C)(C)CCC[C@@]32C)CCC[C@@]1(C)C(=O)Cc1cc(OS(=O)(=O)[O-])ccc1OS(=O)(=O)[O-].[Na+].[Na+],5.070581074285707
C[C@@H]1CC=C2[C@@H](CCC[C@@]2(C)CC[C@@]2(C)C3=CCCC(C)(C)[C@H]3CC[C@@H]2C)[C@]1(C)Cc1cc(OS(=O)(=O)[O-])ccc1OS(=O)(=O)[O-].[Na+].[Na+],5.823908740944319
CC1=C(Cc2cc(O)ccc2O)[C@]2(C)CCC[C@@](C)(CC[C@@]3(O)[C@H](C)CC[C@@H]4OC(C)(C)CCC[C@@]43C)[C@H]2CC1,5.853871964321762
C[C@@H]1CC=C2[C@@H](CCC[C@@]2(C)CC[C@@]2(C)C3=CCCC(C)(C)[C@H]3CC[C@@H]2C)[C@]1(C)Cc1cc(O)ccc1O,5.376750709602099
CC1=C(Cc2cc(OS(=O)(=O)[O-])ccc2OS(=O)(=O)[O-])[C@]2(C)CCC[C@@](C)(CC[C@@]3(O)[C@H](C)CC[C@@H]4OC(C)(C)CCC[C@@]43C)[C@H]2CC1.[Na+].[Na+],5.481486060122113
CC1=C(Cc2cc(O)ccc2O)[C@]2(C)CCC[C@@](C)(CC[C@@]3(O)[C@H](C)CC[C@@H]4OC(C)(C)CCC[C@@]43C)[C@H]2CC1,5.6020599913279625
CC1(C)CCC[C@]2(C)OC3CC[C@](C)(C4CC[C@]5(C)C4CC[C@]4(C)c6c(OS(=O)(=O)[O-])ccc(OS(=O)(=O)[O-])c6CC54)[C@]3(C)CCC12.[Na+].[Na+],5.508638306165727
CC1(C)CCC[C@]2(C)OC3CC[C@](C)(C4CC[C@]5(C)C4CC[C@]4(C)c6c(O)ccc(O)c6CC54)[C@]3(C)CCC12,5.431798275933005
CC(=O)CC[C@@H]1[C@](C)(CC[C@@]2(O)[C@H](C)CC[C@@H]3OC(C)(C)CCC[C@@]32C)CCC[C@@]1(C)C(=O)Cc1cc(OS(=O)(=O)[O-])ccc1OS(=O)(=O)[O-].[Na+].[Na+],5.173925197299174
CC1(C)CCC[C@]2(C)OC3CC[C@](C)(C4CC[C@]5(C)C4CC[C@]4(C)c6c(O)ccc(O)c6CC54)[C@]3(C)CCC12,5.086186147616283
CC1(C)CCC[C@]2(C)OC3CC[C@](C)(C4CC[C@]5(C)C4CC[C@]4(C)C6=C(CC54)C(=O)C=CC6=O)[C@]3(C)CCC12,5.346787486224656
C[C@@H]1CC=C2[C@@H](CCC[C@@]2(C)CC[C@@]2(C)C3=CCCC(C)(C)[C@H]3CC[C@@H]2C)[C@]1(C)Cc1cc(OS(=O)(=O)[O-])ccc1OS(=O)(=O)[O-].[Na+].[Na+],5.180456064458132
CC1=C(Cc2cc(OS(=O)(=O)[O-])ccc2OS(=O)(=O)[O-])[C@]2(C)CCC[C@@](C)(CC[C@@]3(O)[C@H](C)CC[C@@H]4OC(C)(C)CCC[C@@]43C)[C@H]2CC1.[Na+].[Na+],6.096910013008056
CC1(C)CCC[C@]2(C)OC3CC[C@](C)(C4CC[C@]5(C)C4CC[C@]4(C)c6c(OS(=O)(=O)[O-])ccc(OS(=O)(=O)[O-])c6CC54)[C@]3(C)CCC12.[Na+].[Na+],5.568636235841013
CC1(C)CCC[C@]2(C)OC3CC[C@](C)(C4CC[C@]5(C)C4CC[C@]4(C)C6=C(CC54)C(=O)C=CC6=O)[C@]3(C)CCC12,4.87942606879415
C[C@@H]1CC=C2[C@@H](CCC[C@@]2(C)CC[C@@]2(C)C3=CCCC(C)(C)[C@H]3CC[C@@H]2C)[C@]1(C)Cc1cc(OS(=O)(=O)[O-])ccc1OS(=O)(=O)[O-].[Na+].[Na+],3.6020599913279625
C[C@@H]1CC=C2[C@@H](CCC[C@@]2(C)CC[C@@]2(C)C3=CCCC(C)(C)[C@H]3CC[C@@H]2C)[C@]1(C)Cc1cc(O)ccc1O,3.6020599913279625
CC(=O)CC[C@@H]1[C@](C)(CC[C@@]2(O)[C@H](C)CC[C@@H]3OC(C)(C)CCC[C@@]32C)CCC[C@@]1(C)C(=O)Cc1cc(OS(=O)(=O)[O-])ccc1OS(=O)(=O)[O-].[Na+].[Na+],3.6020599913279625
CC1=C(Cc2cc(OS(=O)(=O)[O-])ccc2OS(=O)(=O)[O-])[C@]2(C)CCC[C@@](C)(CC[C@@]3(O)[C@H](C)CC[C@@H]4OC(C)(C)CCC[C@@]43C)[C@H]2CC1.[Na+].[Na+],3.6020599913279625
CC1=C(Cc2cc(O)ccc2O)[C@]2(C)CCC[C@@](C)(CC[C@@]3(O)[C@H](C)CC[C@@H]4OC(C)(C)CCC[C@@]43C)[C@H]2CC1,3.6020599913279625
CC1(C)CCC[C@]2(C)OC3CC[C@](C)(C4CC[C@]5(C)C4CC[C@]4(C)c6c(OS(=O)(=O)[O-])ccc(OS(=O)(=O)[O-])c6CC54)[C@]3(C)CCC12.[Na+].[Na+],3.6020599913279625
CC1(C)CCC[C@]2(C)OC3CC[C@](C)(C4CC[C@]5(C)C4CC[C@]4(C)c6c(O)ccc(O)c6CC54)[C@]3(C)CCC12,3.6020599913279625
CC1(C)CCC[C@]2(C)OC3CC[C@](C)(C4CC[C@]5(C)C4CC[C@]4(C)C6=C(CC54)C(=O)C=CC6=O)[C@]3(C)CCC12,3.6020599913279625
C=C(Cc1ccc2c(c1)OCO2)C(=C)Cc1ccc(O)cc1O,7.218963061378868
C=C(Cc1ccc(O)cc1)C(=C)Cc1ccc(O)cc1,5.969805214643249
C=C(Cc1ccc2c(c1)OCO2)C(=C)Cc1ccc(O)cc1O,6.97469413473523
O=c1cc(-c2ccc(O)c(-c3c(O)cc(O)c4c(=O)cc(-c5ccc(O)cc5)oc34)c2)oc2cc(O)cc(O)c12,3.9244530386074694
O=c1cc(-c2ccc(O)cc2)oc2cc(O)c(-c3c(O)cc(O)c4c(=O)cc(-c5ccc(O)cc5)oc34)c(O)c12,4.0
O=c1cc(-c2ccc(O)c(-c3c(O)cc4oc(-c5ccc(O)cc5)cc(=O)c4c3O)c2)oc2cc(O)cc(O)c12,4.187086643357144
O=c1cc(-c2ccc(Oc3c(O)cc4oc(-c5ccc(O)cc5)cc(=O)c4c3O)cc2)oc2cc(O)cc(O)c12,4.207608310501746
O=C1c2c(O)cc(O)cc2O[C@H](c2ccc(O)cc2)[C@H]1c1c(O)cc(O)c2c(=O)cc(-c3ccc(O)c(O)c3)oc12,3.9355420107730814
O=C1C[C@@H](c2ccc(O)cc2)Oc2c1c(O)cc(O)c2[C@H]1C(=O)c2c(O)cc(O)cc2O[C@@H]1c1ccc(O)cc1,3.6270879970298933
O=C1C[C@@H](c2ccc(O)c(O)c2)Oc2c1c(O)cc(O)c2[C@H]1C(=O)c2c(O)cc(O)cc2O[C@@H]1c1ccc(O)cc1,3.769551078621726
O=c1cc(-c2ccc(O)cc2)oc2cc(O)cc(O)c12,3.3535962737769305
Cc1ccc(C(=O)Nc2ccc(S(=O)(=O)O)c3cc(S(=O)(=O)O)cc(S(=O)(=O)O)c23)cc1NC(=O)c1cccc(NC(=O)Nc2cccc(C(=O)Nc3cc(C(=O)Nc4ccc(S(=O)(=O)O)c5cc(S(=O)(=O)O)cc(S(=O)(=O)O)c45)ccc3C)c2)c1,7.7447274948966935
COc1cccc2c1C(=O)c1c(O)c3c(c(O)c1C2=O)C[C@@](O)(C(C)=O)C[C@@H]3O[C@H]1C[C@H](N)[C@H](O)[C@H](C)O1,6.903089986991944
CC1(C)CC[C@]2(C(=O)O)CC=C3[C@]4(C)CC[C@H]5C(C)(C)[C@@H](O)CC[C@]5(C)[C@H]4CC[C@@]3(C)[C@@H]2C1,4.603800652904264
CC(=O)O[C@H]1CC[C@]2(C)[C@H]3CC[C@]4(C)C(=CC[C@@]5(C(=O)O)CCC(C)(C)C[C@H]54)[C@]3(C)CC[C@H]2C1(C)C,3.8664610916297826
CC1(C)CC[C@]2(C(=O)O)CC=C3[C@]4(C)CC[C@H]5C(C)(C)[C@@H](OC(=O)c6ccc(O)cc6)C[C@@H](O)[C@]5(C)[C@H]4CC[C@@]3(C)[C@@H]2C1,5.431798275933005
CC1(C)CC[C@]2(C(=O)O)CC=C3[C@]4(C)CC[C@H]5C(C)(C)[C@@H](OC(=O)c6ccc(O)cc6)[C@H](OC(=O)c6ccc(O)cc6)C[C@]5(C)[C@H]4CC[C@@]3(C)[C@@H]2C1,5.431798275933005
CC1(C)CC[C@]2(C(=O)O)CC=C3[C@]4(C)CC[C@H]5C(C)(C)[C@@H](O)C[C@@H](O)[C@]5(C)[C@H]4CC[C@@]3(C)[C@@H]2C1,5.309803919971486
CC1(C)CC[C@]2(C(=O)O)CC=C3[C@]4(C)CC[C@H]5C(C)(C)[C@@H](O)[C@H](O)C[C@]5(C)[C@H]4CC[C@@]3(C)[C@@H]2C1,5.468521082957745
COc1cc2c(ccc3c4cc(OC)c(OC)cc4c[n+](C)c23)cc1O.[Cl-],4.886056647693163
CC[C@H]1CN2CCc3cc(OC)c(OC)cc3[C@@H]2C[C@@H]1CC1=NCCc2cc(OC)c(OC)cc21,4.853871964321762
Cc1cc(C)c(-n2nnnc2SCC(=O)Nc2ccccc2Cl)c(C)c1,8.301029995663981
Nc1ncnc2c1ncn2CCOCP(=O)(O)OP(=O)(O)OP(=O)(O)O,5.080921907623926
Nc1ncnc2c1ncn2CCOCP(=O)(O)OP(=O)(O)OP(=O)(O)O,4.2839966563652006
BP(=O)(CO[C@H](C)Cn1cnc2c(N)ncnc21)OP(=O)(O)OP(=O)(O)O,4.838631997765025
C[C@H](Cn1cnc2c(N)ncnc21)OCP(=O)(O)OP(=O)(O)OP(=O)(O)O,4.657577319177793
BP(=O)(COCCn1cnc2c(N)ncnc21)OP(=O)(O)OP(=O)(O)O,4.769551078621726
BP(=O)(CO[C@H](C)Cn1cnc2c(N)ncnc21)OP(=O)(O)OP(=O)(O)O,4.7447274948966935
C[C@H](Cn1cnc2c(N)ncnc21)OCP(=O)(O)OP(=O)(O)OP(=O)(O)O,3.769551078621726
BP(=O)(COCCn1cnc2c(N)ncnc21)OP(=O)(O)OP(=O)(O)O,4.920818753952375
COC(=O)CCC/C=C(/c1cc(C)c2onc(OC)c2c1)c1cc(C)c2oc(=O)n(C)c2c1,6.6020599913279625
COC(=O)c1cc(/C(=C\CCN2CCOC2=O)c2cc(C)c3onc(OC)c3c2)cc(C)c1OC,6.200659450546418
COC(=O)CCC/C=C(\c1cc(F)cc(C(F)(F)F)c1)c1cc(C)c2onc(OC)c2c1,6.045757490560675
COC(=O)CCC/C=C(\c1cc(C)c(OC)c(C(=O)OC)c1)c1cc(C)c2onc(OC)c2c1,6.040958607678906
COc1noc2c(C)cc(C(=CCCN3CCOC3=O)c3cc(C)c4onc(OC)c4c3)cc12,6.031517051446065
COc1noc2c(C)cc(/C(=C\CCN3CCOC3=O)c3cc(C)c4oc(=O)n(C)c4c3)cc12,5.443697499232712
COC(=O)c1cc(/C(=C/CCN2CCOC2=O)c2cc(C)c3onc(OC)c3c2)cc(Cl)c1OC,5.230622673923861
COC(=O)c1cc(/C(=C/CCN2CCOC2=O)c2cc(C)c3onc(OC)c3c2)cc(C)c1OC,4.739928612014925
COc1noc2c(C)cc(/C(=C\CCN3CCOC3=O)c3cccc(C#N)c3)cc12,4.406713932979542
CCC[C@@H](OC(C)=O)C1=C(Br)C(=C(Br)Br)OC1=O,3.154901959985743
CCC[C@@H](O)C1=C(Br)C(=C(Br)Br)OC1=O,3.154901959985743
CCC[C@@H](O)C1=C(Br)/C(=C/Cl)OC1=O,3.154901959985743
CCC[C@@H](OC(C)=O)C1=C(Br)/C(=C/I)OC1=O,3.154901959985743
CCC[C@@H](O)C1=C(Br)/C(=C/I)OC1=O,3.154901959985743
Cc1cc(Cc2ccc(Cl)c(Oc3cccc(Br)c3)c2)n[nH]c1=O,6.886056647693163
Cn1c(Cc2cccc(Oc3ccccc3)c2)n[nH]c1=O,4.7447274948966935
COc1c(Br)ccc(Cc2n[nH]c(=O)n2C)c1F,4.468521082957745
Cn1c(Cc2ccc(Br)cc2F)n[nH]c1=O,5.0
Cn1c(Cc2ccc(Br)cc2)n[nH]c1=O,4.0
Cn1c(Cc2ccccc2)n[nH]c1=O,4.0
Cc1n[nH]c(=O)n1C,4.0
Cn1c(Cc2ccc(Br)c(Oc3cc(Cl)cc(C#N)c3)c2F)n[nH]c1=O,8.301029995663981
C[C@H]1NC(Cc2ccc(Cl)c(Oc3cc(Cl)cc(C#N)c3)c2F)=NNC1=O,7.958607314841775
C[C@H]1CC(Cc2ccc(Cl)c(Oc3cc(Cl)cc(C#N)c3)c2F)=NNC1=O,7.769551078621726
Cn1c(Cc2ccc(Cl)c(Oc3cc(Cl)cc(C#N)c3)c2F)n[nH]c1=O,7.958607314841775
CC1OC(Cc2ccc(Cl)c(Oc3cc(Cl)cc(C#N)c3)c2F)=NNC1=O,7.886056647693163
O=c1[nH]nc(Cc2ccc(Cl)c(Oc3cccc(Br)c3)c2)o1,5.236572006437063
O=c1[nH]nc(Cc2ccc(Cl)c(Oc3cccc(Br)c3)c2)s1,6.275724130399211
Cn1c(Cc2ccc(Cl)c(Oc3cccc(Br)c3)c2)n[nH]c1=O,6.161150909262744
CN1CC(Cc2ccc(Cl)c(Oc3cccc(Br)c3)c2)=NNC1=O,6.823908740944319
CC1OC(Cc2ccc(Cl)c(Oc3cccc(Br)c3)c2)=NNC1=O,7.301029995663981
Cc1nc(Cc2ccc(Cl)c(Oc3cccc(Br)c3)c2)n[nH]c1=O,6.481486060122113
CN(C)c1cc(Cc2ccc(Cl)c(Oc3cccc(Br)c3)c2)n[nH]c1=O,6.638272163982407
O=C(c1ccc(Cl)cc1)c1cc(Cc2ccc(=O)[nH]n2)cc2ccoc12,6.3979400086720375
O=C(c1ccc(Cl)cc1)c1cc(Cc2ccc(=O)[nH]n2)cc2ccoc12,6.585026652029182
O=C(c1ccc(Cl)cc1)c1cc(Cc2ccc(=O)[nH]n2)cc2ccoc12,6.443697499232712
O=C(c1cccc(Cl)c1)c1cc(Cc2ccc(=O)[nH]n2)cc2ccoc12,5.086186147616283
O=c1ccc(Cc2cc(Oc3cccc(Cl)c3)c3occc3c2)n[nH]1,6.0
O=c1ccc(Cc2cc(Cc3cccc(Cl)c3)c3occc3c2)n[nH]1,5.4089353929735005
O=c1ccc(Cc2ccc(Cl)c(Oc3cccc(Cl)c3)c2)n[nH]1,7.0
Cc1ccc(Cc2ccc(=O)[nH]n2)cc1Oc1cccc(Cl)c1,6.1938200260161125
Cc1cc(Cl)cc(Oc2cccc(Cc3ccc(=O)[nH]n3)c2)c1,4.853871964321762
O=c1ccc(Cc2cccc(Oc3cccc(Cl)c3)c2)n[nH]1,4.6777807052660805
Cc1cc(Cc2ccc(Cl)c(Oc3ccccc3)c2F)n[nH]c1=O,7.698970004336019
O=c1ccc(Cc2ccc(Cl)c(Oc3ccccc3)c2F)n[nH]1,7.0
Cc1cc(Cc2ccc(Cl)c(Oc3ccccc3)c2)n[nH]c1=O,6.443697499232712
O=c1ccc(Cc2ccc(Cl)c(Oc3ccccc3)c2)n[nH]1,6.2839966563652006
Cc1cc(Cc2ccc(Cl)c(Oc3ccccc3)c2F)n[nH]c1=O,7.301029995663981
O=c1ccc(Cc2ccc(Cl)c(Oc3ccccc3)c2F)n[nH]1,6.366531544420414
Cc1cc(Cc2ccc(Cl)c(Oc3ccccc3)c2)n[nH]c1=O,6.036212172654444
O=c1ccc(Cc2ccc(Cl)c(Oc3ccccc3)c2)n[nH]1,5.474955192963154
Cc1cc(Cc2ccc(Cl)c(Oc3ccccc3)c2F)n[nH]c1=O,6.6777807052660805
O=c1ccc(Cc2ccc(Cl)c(Oc3ccccc3)c2F)n[nH]1,6.301029995663981
Cc1cc(Cc2ccc(Cl)c(Oc3ccccc3)c2)n[nH]c1=O,5.671620396561262
O=c1ccc(Cc2ccc(Cl)c(Oc3ccccc3)c2)n[nH]1,5.260427655549908
O=c1[nH]c2ccc(Cl)cc2n1Cc1c(F)cccc1F,6.154901959985743
O=c1[nH]c2ccc(C(F)(F)F)cc2n1Cc1c(F)cccc1F,7.769551078621726
Cc1cc(C)cc(Cn2c(=O)[nH]c3ccc(C(F)(F)F)cc32)c1,6.552841968657781
O=c1[nH]c2cc(F)c(Cl)cc2n1Cc1c(F)cccc1F,6.853871964321762
O=c1[nH]c2cc(F)c(Cl)cc2n1Cc1cc(F)cc(F)c1,8.522878745280337
Cc1cc(C)cc(S(=O)(=O)n2c(=O)[nH]c3cc(F)c(Cl)cc32)c1,6.801342913045577
Cc1cc(C)cc(Cn2c(=O)[nH]c3cc(F)c(Cl)cc32)c1,4.0
Cc1ccc2[nH]c(=O)n(S(=O)(=O)c3cc(F)cc(F)c3)c2c1,6.698970004336019
Cc1ccc2[nH]c(=O)n(Cc3cc(F)cc(F)c3)c2c1,3.3979400086720375
Cc1cc(C)cc(S(=O)(=O)n2c(=O)[nH]c3ccc(C)cc32)c1,7.0
Cc1cc(C)cc(Cn2c(=O)[nH]c3ccc(C)cc32)c1,4.113960724433558
Cc1ccc2[nH]c(=O)n(S(=O)(=O)c3c(F)cccc3F)c2c1,5.886056647693163
Cc1ccc2[nH]c(=O)n(Cc3c(F)cccc3F)c2c1,4.0
CC(=O)n1c(=O)n(Cc2cc(F)cc(F)c2)c2cc(Cl)ccc21,4.414539270491499
Fc1cc(F)cc(Cn2c(=S)[nH]c3ccc(Cl)cc32)c1,6.795880017344075
O=c1[nH]c2ccc(Cl)cc2n1S(=O)(=O)c1cc(F)cc(F)c1,7.0
O=c1[nH]c2ccc(Cl)cc2n1Cc1cc(F)cc(F)c1,7.0
CC(=O)n1c(=O)n(Cc2cc(C)cc(C)c2)c2cc(Cl)ccc21,4.0
Cc1cc(C)cc(Cn2c(=S)[nH]c3ccc(Cl)cc32)c1,7.337242168318426
Cc1cc(C)cc(S(=O)(=O)n2c(=O)[nH]c3ccc(Cl)cc32)c1,8.301029995663981
Cc1cc(C)cc(Cn2c(=O)[nH]c3ccc(Cl)cc32)c1,6.823908740944319
CC(=O)n1c(=O)n(Cc2c(F)cccc2F)c2cc(Cl)ccc21,4.0
O=c1[nH]c2ccc(Cl)cc2n1S(=O)(=O)c1c(F)cccc1F,4.522878745280337
O=C1Nc2ccc(Cl)cc2[C@@](C#CC2CC2)(C(F)(F)F)O1,8.397940008672037
Cc1ccnc2c1NC(=O)c1cccnc1N2C1CC1,6.7447274948966935
COc1ccc(OC)c(CCNC(=S)Nc2ccc(Br)cn2)c1,7.552841968657781
COc1ccc(OCCCO)c(CCNC(=S)Nc2ccc(Br)cn2)c1,7.619788758288394
COc1ccc(OCCO)c(CCNC(=S)Nc2ccc(Br)cn2)c1,7.721246399047171
COC(=O)COc1ccc(OC)cc1CCNC(=S)Nc1ccc(Br)cn1,7.0
C#CCOCCOc1ccc(OC)cc1CCNC(=S)Nc1ccc(Br)cn1,7.3872161432802645
C#CCCCOc1ccc(OC)cc1CCNC(=S)Nc1ccc(Br)cn1,7.568636235841013
C#CCCOc1ccc(OC)cc1CCNC(=S)Nc1ccc(Br)cn1,8.42021640338319
O=C1Cc2ccccc2C(=O)N1O,4.3979400086720375
O=C(CSc1nnnn1-c1cccc2ccccc12)Nc1ccccc1[N+](=O)[O-],8.022276394711152
CC(C)(C#Cc1ccc(NC(=O)CSc2nnnn2-c2ccc(C3CC3)cc2Cl)c(Cl)c1)C(=O)O,8.431798275933005
Cc1ccc(-n2nnnc2SCC(=O)Nc2ccc(-c3ccc(OCC(=O)O)cc3)cc2Cl)c(Cl)c1,8.721246399047171
C/C(=C/CCC(=O)Nc1ccc(-c2ccc(CC(=O)O)cc2)cc1Cl)c1ccc(C)cc1Cl,8.619788758288394
C/C(=C/CCC(=O)Nc1ccc(-c2ccc(OCC(=O)O)cc2)cc1Cl)c1ccc(C)cc1Cl,7.823908740944319
C/C(=C\CCC(=O)Nc1ccc(-c2ccc(OCC(=O)O)cc2)cc1Cl)c1ccc(C)cc1Cl,6.565431095965801
Cc1ccc(-c2ccccc2SCC(=O)Nc2ccc(-c3ccc(CC(=O)O)cc3)cc2Cl)c(Cl)c1,7.7447274948966935
Cc1ccc(-c2ccccc2OCC(=O)Nc2ccc(-c3ccc(CC(=O)O)cc3)cc2Cl)c(Cl)c1,6.752026733638194
Cc1ccc(-n2nnnc2SCC(=O)Nc2ccccc2Cl)c(Cl)c1,8.05551732784983
CC(C)(C)c1ccc(-n2nnnc2SCC(=O)Nc2ccc(-c3ccc(CC(=O)O)cc3)cc2Cl)c(Cl)c1,8.113509274827518
Cc1ccc(-n2nncc2SCC(=O)Nc2ccc(-c3ccc(CC(=O)O)cc3)cc2Cl)c(Cl)c1,8.619788758288394
Cc1ccc(-n2nccc2SCC(=O)Nc2ccc(-c3ccc(CC(=O)O)cc3)cc2Cl)c(Cl)c1,8.102372908709558
Cc1ccc(-n2ncc(C)c2SCC(=O)Nc2ccc(-c3ccc(CC(=O)O)cc3)cc2Cl)c(Cl)c1,5.0
Cc1ccc(-n2nccc2OCC(=O)Nc2ccc(-c3ccc(CC(=O)O)cc3)cc2Cl)c(Cl)c1,7.7447274948966935
Cc1ccc(-c2c(SCC(=O)Nc3ccc(-c4ccc(CC(=O)O)cc4)cc3Cl)cnn2C)c(Cl)c1,8.721246399047171
Cc1ccc(-c2c(SCC(=O)Nc3ccc(-c4ccc(OCC(=O)O)cc4)cc3Cl)ccn2C)c(Cl)c1,6.0
Cc1ccc(-n2c(C)cnc2SCC(=O)Nc2ccc(-c3ccc(CC(=O)O)cc3)cc2Cl)c(Cl)c1,8.022276394711152
Cc1ccc(-n2cc(C)nc2SCC(=O)Nc2ccccc2Cl)c(Cl)c1,6.0
Cc1ccc(-c2nnsc2SCC(=O)Nc2ccc(-c3ccc(CC(=O)O)cc3)cc2Cl)c(Cl)c1,8.698970004336019
Cc1ccc(-c2ncsc2SCC(=O)Nc2ccc(-c3ccc(CC(=O)O)cc3)cc2Cl)c(Cl)c1,6.698970004336019
Cc1ccc(-c2ncoc2SCC(=O)Nc2ccc(-c3ccc(CC(=O)O)cc3)cc2Cl)c(Cl)c1,6.437707135543525
Cc1[nH]nc(OCC(=O)Nc2ccc(-c3ccc(CC(=O)O)cc3)cc2Cl)c1-c1ccc(C(C)(C)C)cc1Cl,5.680061560019691
CC(C)(C)c1ccc(-c2c[nH]nc2OCC(=O)Nc2ccc(-c3ccc(CC(=O)O)cc3)cc2Cl)c(Cl)c1,5.481486060122113
Cc1[nH]nc(OCC(=O)Nc2ccc(C#CC(C)(C)CO)cc2Cl)c1-c1ccc(C(C)(C)C)cc1Cl,5.47755576649368
Cc1[nH]nc(OCC(=O)Nc2ccc(C#CC(C)(C)C(=O)O)cc2Cl)c1-c1ccc(C(C)(C)C)cc1Cl,5.6192462291961
O=C(CSc1nnnn1-c1cccc2ccccc12)Nc1ccccc1[N+](=O)[O-],6.115771230367396
CC(C)(C#Cc1ccc(NC(=O)CSc2nnnn2-c2ccc(C3CC3)cc2Cl)c(Cl)c1)C(=O)O,7.552841968657781
Cc1ccc(-n2nnnc2SCC(=O)Nc2ccc(-c3ccc(OCC(=O)O)cc3)cc2Cl)c(Cl)c1,7.657577319177793
C/C(=C/CCC(=O)Nc1ccc(-c2ccc(CC(=O)O)cc2)cc1Cl)c1ccc(C)cc1Cl,7.318758762624412
C/C(=C/CCC(=O)Nc1ccc(-c2ccc(OCC(=O)O)cc2)cc1Cl)c1ccc(C)cc1Cl,6.105130343254747
C/C(=C\CCC(=O)Nc1ccc(-c2ccc(OCC(=O)O)cc2)cc1Cl)c1ccc(C)cc1Cl,5.485186705000714
Cc1ccc(-c2ccccc2SCC(=O)Nc2ccc(-c3ccc(CC(=O)O)cc3)cc2Cl)c(Cl)c1,6.22767829327708
Cc1ccc(-c2ccccc2OCC(=O)Nc2ccc(-c3ccc(CC(=O)O)cc3)cc2Cl)c(Cl)c1,5.856985199745905
Cc1ccc(-n2nnnc2SCC(=O)Nc2ccccc2Cl)c(Cl)c1,6.092051478387727
CC(C)(C)c1ccc(-n2nnnc2SCC(=O)Nc2ccc(-c3ccc(CC(=O)O)cc3)cc2Cl)c(Cl)c1,7.552841968657781
Cc1ccc(-n2nncc2SCC(=O)Nc2ccc(-c3ccc(CC(=O)O)cc3)cc2Cl)c(Cl)c1,6.136677139879544
Cc1ccc(-n2nccc2SCC(=O)Nc2ccc(-c3ccc(CC(=O)O)cc3)cc2Cl)c(Cl)c1,6.376750709602099
Cc1ccc(-n2ncc(C)c2SCC(=O)Nc2ccc(-c3ccc(CC(=O)O)cc3)cc2Cl)c(Cl)c1,5.0
Cc1ccc(-n2nccc2OCC(=O)Nc2ccc(-c3ccc(CC(=O)O)cc3)cc2Cl)c(Cl)c1,6.113509274827518
Cc1ccc(-c2c(SCC(=O)Nc3ccc(-c4ccc(CC(=O)O)cc4)cc3Cl)cnn2C)c(Cl)c1,6.749579997691106
Cc1ccc(-c2nn(C)cc2SCC(=O)Nc2ccc(-c3ccc(CC(=O)O)cc3)cc2Cl)c(Cl)c1,5.188424994129407
Cc1ccc(-c2c(SCC(=O)Nc3ccc(-c4ccc(OCC(=O)O)cc4)cc3Cl)ccn2C)c(Cl)c1,5.5720272863917915
Cc1ccc(-n2c(C)cnc2SCC(=O)Nc2ccc(-c3ccc(CC(=O)O)cc3)cc2Cl)c(Cl)c1,6.260427655549908
Cc1ccc(-n2cc(C)nc2SCC(=O)Nc2ccccc2Cl)c(Cl)c1,5.0
Cc1ccc(-c2nnsc2SCC(=O)Nc2ccc(-c3ccc(CC(=O)O)cc3)cc2Cl)c(Cl)c1,6.97061622231479
Cc1ccc(-c2ncsc2SCC(=O)Nc2ccc(-c3ccc(CC(=O)O)cc3)cc2Cl)c(Cl)c1,6.099086932262331
Cc1ccc(-c2ncoc2SCC(=O)Nc2ccc(-c3ccc(CC(=O)O)cc3)cc2Cl)c(Cl)c1,5.836242476018044
Cc1[nH]nc(OCC(=O)Nc2ccc(-c3ccc(CC(=O)O)cc3)cc2Cl)c1-c1ccc(C(C)(C)C)cc1Cl,7.657577319177793
CC(C)(C)c1ccc(-c2c[nH]nc2OCC(=O)Nc2ccc(-c3ccc(CC(=O)O)cc3)cc2Cl)c(Cl)c1,6.913640169325252
Cc1[nH]nc(OCC(=O)Nc2ccc(C#CC(C)(C)CO)cc2Cl)c1-c1ccc(C(C)(C)C)cc1Cl,7.619788758288394
Cc1[nH]nc(OCC(=O)Nc2ccc(C#CC(C)(C)C(=O)O)cc2Cl)c1-c1ccc(C(C)(C)C)cc1Cl,7.42021640338319
Cc1cn([C@H]2C[C@H](N=[N+]=[N-])[C@@H](CO)O2)c(=O)[nH]c1=O,7.301029995663981
C=C[C@@]1(OCP(=O)(O)OP(=O)(O)OP(=O)(O)O)C=C[C@H](n2cnc3c(N)ncnc32)C1,6.2076083105017466
C#C[C@@]1(OCP(=O)(O)O)C=C[C@H](n2cnc3c(N)ncnc32)C1,6.886056647693163
Nc1nc(NC2CC2)c2ncn([C@H]3C=C[C@@H](CO)C3)c2n1,6.886056647693163
Nc1ncnc2c1ncn2[C@H]1C=C[C@@H](OCP(=O)(O)O)O1,6.221848749616356
Nc1ncnc2c1ncn2[C@@H]1O[C@H](OCP(=O)(O)O)C=C1F,5.721246399047171
C[C@H](Cn1cnc2c(N)ncnc21)OCP(=O)(O)O,6.42021640338319
COc1c2occc2c(OC)c2c(=O)c(C=O)coc12,4.756218083906205
Cl.Cl.NCc1nc2ccccc2[nH]1,5.292429823902063
COc1c(C(=O)C2=CN3C(=CN=C2)Nc2ccccc23)c(O)c(OC)c2occc12,5.025028005701931
COc1c(C(=O)C2=CN3C(=CN=C2)Nc2ccccc23)c(O)cc2occc12,4.322849478726567
COc1c(C(=O)c2cnc3nc4ccccc4n3c2)c(O)c(OC)c2occc12,4.59074334796109
COc1c(C(=O)C2=CN3C=CC=CC3N=C2)c(O)c(OC)c2occc12,4.787812395596042
COc1c(C(=O)C2=CN3C=CNC=C3N=C2)c(O)c(OC)c2occc12,4.835647144215563
COc1c(C(=O)C2=CN3C=CSC3N=C2)c(O)c(OC)c2occc12,4.816445466381138
COc1c(C(=O)C2=CN3OC(C)=NC3N=C2)c(O)c(OC)c2occc12,5.522878745280337
COc1c(C(=O)/C=C/Nc2ccncc2)c(O)c(OC)c2occc12,5.318758762624412
CCNc1cccnc1N1CCN(C(=O)c2cc3cc(OC)ccc3[nH]2)CC1,5.0
CCc1c(Sc2cc(C)cc(C)c2)n(CC2CC2)c(=O)[nH]c1=O,7.7447274948966935
Cc1cc(C)cc(Sc2c(C(C)C)c(=O)[nH]c(=O)n2CC2CC2)c1,8.522878745280337
CCc1c(Oc2cc(C)cc(C)c2)n(CC2CC2)c(=O)[nH]c1=O,7.795880017344075
Cc1cc(C)cc(Oc2c(C(C)C)c(=O)[nH]c(=O)n2CC2CC2)c1,7.920818753952375
CCc1c(C(=O)c2cc(C)cc(C)c2)n(CC2CC2)c(=O)[nH]c1=O,6.749579997691106
Cc1cc(C)cc(C(=O)c2c(C(C)C)c(=O)[nH]c(=O)n2CC2CC2)c1,5.706195640080663
CCc1c(Sc2cc(C)cc(C)c2)n(CC2CCC2)c(=O)[nH]c1=O,7.698970004336019
Cc1cc(C)cc(Sc2c(C(C)C)c(=O)[nH]c(=O)n2CC2CCC2)c1,7.698970004336019
CCc1c(Oc2cc(C)cc(C)c2)n(CC2CCC2)c(=O)[nH]c1=O,6.628932137728263
Cc1cc(C)cc(Oc2c(C(C)C)c(=O)[nH]c(=O)n2CC2CCC2)c1,6.920818753952375
CCc1c(C(=O)c2cc(C)cc(C)c2)n(CC2CCC2)c(=O)[nH]c1=O,5.619426996933113
Cc1cc(C)cc(C(=O)c2c(C(C)C)c(=O)[nH]c(=O)n2CC2CCC2)c1,7.167491087293763
CCc1c(Sc2cc(C)cc(C)c2)n(CC2CCCC2)c(=O)[nH]c1=O,6.899629454882437
Cc1cc(C)cc(Sc2c(C(C)C)c(=O)[nH]c(=O)n2CC2CCCC2)c1,6.889410289700751
CCc1c(Oc2cc(C)cc(C)c2)n(CC2CCCC2)c(=O)[nH]c1=O,6.863279432843593
Cc1cc(C)cc(Oc2c(C(C)C)c(=O)[nH]c(=O)n2CC2CCCC2)c1,6.804100347590766
CCc1c(C(=O)c2cc(C)cc(C)c2)n(CC2CCCC2)c(=O)[nH]c1=O,6.772113295386326
Cc1cc(C)cc(C(=O)c2c(C(C)C)c(=O)[nH]c(=O)n2CC2CCCC2)c1,6.8326826652518236
CCc1c(Sc2cc(C)cc(C)c2)n(CC2CCCCC2)c(=O)[nH]c1=O,6.818156412055227
Cc1cc(C)cc(Sc2c(C(C)C)c(=O)[nH]c(=O)n2CC2CCCCC2)c1,6.785156151952302
CCc1c(Oc2cc(C)cc(C)c2)n(CC2CCCCC2)c(=O)[nH]c1=O,6.87942606879415
Cc1cc(C)cc(Oc2c(C(C)C)c(=O)[nH]c(=O)n2CC2CCCCC2)c1,6.844663962534939
CCc1c(C(=O)c2cc(C)cc(C)c2)n(CC2CCCCC2)c(=O)[nH]c1=O,6.761953896871205
Cc1cc(C)cc(C(=O)c2c(C(C)C)c(=O)[nH]c(=O)n2CC2CCCCC2)c1,8.096910013008056
CCc1c(Sc2cc(C)cc(C)c2)n(Cc2ccccc2)c(=O)[nH]c1=O,4.806875401645539
Cc1cc(C)cc(Sc2c(C(C)C)c(=O)[nH]c(=O)n2Cc2ccccc2)c1,6.863279432843593
CCc1c(Oc2cc(C)cc(C)c2)n(Cc2ccccc2)c(=O)[nH]c1=O,7.022276394711152
Cc1cc(C)cc(Oc2c(C(C)C)c(=O)[nH]c(=O)n2Cc2ccccc2)c1,6.943095148663527
CCc1c(C(=O)c2cc(C)cc(C)c2)n(Cc2ccccc2)c(=O)[nH]c1=O,7.6020599913279625
Cc1cc(C)cc(C(=O)c2c(C(C)C)c(=O)[nH]c(=O)n2Cc2ccccc2)c1,7.958607314841775
CCc1c(Sc2cc(C)cc(C)c2)n(CC2=CCCC2)c(=O)[nH]c1=O,6.860120913598763
Cc1cc(C)cc(Sc2c(C(C)C)c(=O)[nH]c(=O)n2CC2=CCCC2)c1,7.102372908709558
CCc1c(Oc2cc(C)cc(C)c2)n(CC2=CCCC2)c(=O)[nH]c1=O,6.913640169325252
Cc1cc(C)cc(Oc2c(C(C)C)c(=O)[nH]c(=O)n2CC2=CCCC2)c1,7.494850021680094
CCc1c(C(=O)c2cc(C)cc(C)c2)n(CC2=CCCC2)c(=O)[nH]c1=O,7.055517327849832
Cc1cc(C)cc(C(=O)c2c(C(C)C)c(=O)[nH]c(=O)n2CC2=CCCC2)c1,7.698970004336019
CCc1c(Sc2ccccc2)n(CC2CC=CC2)c(=O)[nH]c1=O,6.436518914605589
CC(C)c1c(Sc2ccccc2)n(CC2CC=CC2)c(=O)[nH]c1=O,6.61261017366127
CCc1c(Sc2cc(C)cc(C)c2)n(CC2CC=CC2)c(=O)[nH]c1=O,6.6777807052660805
Cc1cc(C)cc(Sc2c(C(C)C)c(=O)[nH]c(=O)n2CC2CC=CC2)c1,6.617982957425132
CCc1c(Oc2ccccc2)n(CC2CC=CC2)c(=O)[nH]c1=O,5.581698708680254
CC(C)c1c(Oc2ccccc2)n(CC2CC=CC2)c(=O)[nH]c1=O,5.308918507877031
CCc1c(Oc2cc(C)cc(C)c2)n(CC2CC=CC2)c(=O)[nH]c1=O,6.42021640338319
Cc1cc(C)cc(Oc2c(C(C)C)c(=O)[nH]c(=O)n2CC2CC=CC2)c1,6.59176003468815
Cc1cc(C)cc(C(=O)c2cc(=O)[nH]c(=O)n2CC2CC=CC2)c1,3.923723744595782
Cc1cc(C)cc(C(=O)c2c(C)c(=O)[nH]c(=O)n2CC2CC=CC2)c1,4.896880746454286
CCc1c(C(=O)c2ccccc2)n(CC2CC=CC2)c(=O)[nH]c1=O,6.59176003468815
CC(C)c1c(C(=O)c2ccccc2)n(CC2CC=CC2)c(=O)[nH]c1=O,6.7447274948966935
CCc1c(C(=O)c2cc(C)cc(C)c2)n(CC2CC=CC2)c(=O)[nH]c1=O,6.747146969020107
Cc1cc(C)cc(C(=O)c2c(C(C)C)c(=O)[nH]c(=O)n2CC2CC=CC2)c1,6.186419011431808
CCc1c(Sc2cc(C)cc(C)c2)n(CCC2CCCC2)c(=O)[nH]c1=O,5.6595558851598815
Cc1cc(C)cc(Sc2c(C(C)C)c(=O)[nH]c(=O)n2CCC2CCCC2)c1,6.632644078973981
CCc1c(Oc2cc(C)cc(C)c2)n(CCC2CCCC2)c(=O)[nH]c1=O,6.260427655549908
Cc1cc(C)cc(Oc2c(C(C)C)c(=O)[nH]c(=O)n2CCC2CCCC2)c1,6.6307841425898575
CCc1c(C(=O)c2cc(C)cc(C)c2)n(CCC2CCCC2)c(=O)[nH]c1=O,6.924453038607469
Cc1cc(C)cc(C(=O)c2c(C(C)C)c(=O)[nH]c(=O)n2CCC2CCCC2)c1,7.187086643357144
CCc1c(Sc2cc(C)cc(C)c2)n(CCC2=CCCC2)c(=O)[nH]c1=O,5.665546248849069
Cc1cc(C)cc(Sc2c(C(C)C)c(=O)[nH]c(=O)n2CCC2=CCCC2)c1,5.627087997029894
CCc1c(Oc2cc(C)cc(C)c2)n(CCC2=CCCC2)c(=O)[nH]c1=O,4.986320302708807
Cc1cc(C)cc(Oc2c(C(C)C)c(=O)[nH]c(=O)n2CCC2=CCCC2)c1,5.812479279163537
CCc1c(C(=O)c2cc(C)cc(C)c2)n(CCC2=CCCC2)c(=O)[nH]c1=O,5.698970004336019
Cc1cc(C)cc(C(=O)c2c(C(C)C)c(=O)[nH]c(=O)n2CCC2=CCCC2)c1,6.651695136951839
CCc1c(Sc2cc(C)cc(C)c2)n(CCC2C=CCC2)c(=O)[nH]c1=O,6.892790030352131
Cc1cc(C)cc(Sc2c(C(C)C)c(=O)[nH]c(=O)n2CCC2C=CCC2)c1,6.609064892896621
CCc1c(Oc2cc(C)cc(C)c2)n(CCC2C=CCC2)c(=O)[nH]c1=O,6.6777807052660805
Cc1cc(C)cc(Oc2c(C(C)C)c(=O)[nH]c(=O)n2CCC2C=CCC2)c1,7.568636235841013
CCc1c(C(=O)c2cc(C)cc(C)c2)n(CCC2C=CCC2)c(=O)[nH]c1=O,7.1249387366083
Cc1cc(C)cc(C(=O)c2c(C(C)C)c(=O)[nH]c(=O)n2CCC2C=CCC2)c1,7.638272163982407
CCc1c(Sc2cc(C)cc(C)c2)n(CCC2CC=CC2)c(=O)[nH]c1=O,6.747146969020107
Cc1cc(C)cc(Sc2c(C(C)C)c(=O)[nH]c(=O)n2CCC2CC=CC2)c1,6.5951662833800615
CCc1c(Oc2cc(C)cc(C)c2)n(CCC2CC=CC2)c(=O)[nH]c1=O,5.943095148663527
Cc1cc(C)cc(Oc2c(C(C)C)c(=O)[nH]c(=O)n2CCC2CC=CC2)c1,6.7544873321858505
CCc1c(C(=O)c2cc(C)cc(C)c2)n(CCC2CC=CC2)c(=O)[nH]c1=O,7.7447274948966935
Cc1cc(C)cc(C(=O)c2c(C(C)C)c(=O)[nH]c(=O)n2CCC2CC=CC2)c1,7.958607314841775
CCc1c(Sc2cc(C)cc(C)c2)n(CC2CC2)c(=O)[nH]c1=O,6.590066876668706
Cc1cc(C)cc(Sc2c(C(C)C)c(=O)[nH]c(=O)n2CC2CC2)c1,5.8326826652518236
CCc1c(Oc2cc(C)cc(C)c2)n(CC2CC2)c(=O)[nH]c1=O,6.6777807052660805
Cc1cc(C)cc(Oc2c(C(C)C)c(=O)[nH]c(=O)n2CC2CC2)c1,7.173925197299173
CCc1c(C(=O)c2cc(C)cc(C)c2)n(CC2CC2)c(=O)[nH]c1=O,5.750801642608887
Cc1cc(C)cc(C(=O)c2c(C(C)C)c(=O)[nH]c(=O)n2CC2CC2)c1,5.568636235841013
CCc1c(Sc2cc(C)cc(C)c2)n(CC2CCC2)c(=O)[nH]c1=O,3.537602002101044
Cc1cc(C)cc(Sc2c(C(C)C)c(=O)[nH]c(=O)n2CC2CCC2)c1,3.7408841558149337
CCc1c(Oc2cc(C)cc(C)c2)n(CC2CCC2)c(=O)[nH]c1=O,6.539102157243452
Cc1cc(C)cc(Oc2c(C(C)C)c(=O)[nH]c(=O)n2CC2CCC2)c1,6.671620396561262
CCc1c(C(=O)c2cc(C)cc(C)c2)n(CC2CCC2)c(=O)[nH]c1=O,5.3585258894959
Cc1cc(C)cc(C(=O)c2c(C(C)C)c(=O)[nH]c(=O)n2CC2CCC2)c1,5.7423214251308154
CCc1c(Sc2cc(C)cc(C)c2)n(CC2CCCC2)c(=O)[nH]c1=O,4.978810700930062
Cc1cc(C)cc(Sc2c(C(C)C)c(=O)[nH]c(=O)n2CC2CCCC2)c1,3.571865205971211
CCc1c(Oc2cc(C)cc(C)c2)n(CC2CCCC2)c(=O)[nH]c1=O,6.565431095965801
Cc1cc(C)cc(Oc2c(C(C)C)c(=O)[nH]c(=O)n2CC2CCCC2)c1,5.943095148663527
CCc1c(C(=O)c2cc(C)cc(C)c2)n(CC2CCCC2)c(=O)[nH]c1=O,5.161150909262744
Cc1cc(C)cc(C(=O)c2c(C(C)C)c(=O)[nH]c(=O)n2CC2CCCC2)c1,4.815308569182401
CCc1c(Sc2cc(C)cc(C)c2)n(CC2CCCCC2)c(=O)[nH]c1=O,3.571865205971211
Cc1cc(C)cc(Sc2c(C(C)C)c(=O)[nH]c(=O)n2CC2CCCCC2)c1,3.58838029403677
CCc1c(Oc2cc(C)cc(C)c2)n(CC2CCCCC2)c(=O)[nH]c1=O,5.721246399047171
Cc1cc(C)cc(Oc2c(C(C)C)c(=O)[nH]c(=O)n2CC2CCCCC2)c1,4.925915310971757
CCc1c(C(=O)c2cc(C)cc(C)c2)n(CC2CCCCC2)c(=O)[nH]c1=O,3.567030709125594
Cc1cc(C)cc(C(=O)c2c(C(C)C)c(=O)[nH]c(=O)n2CC2CCCCC2)c1,4.782516055786093
CCc1c(Sc2cc(C)cc(C)c2)n(Cc2ccccc2)c(=O)[nH]c1=O,5.392223396258307
Cc1cc(C)cc(Sc2c(C(C)C)c(=O)[nH]c(=O)n2Cc2ccccc2)c1,5.779891911959945
CCc1c(Oc2cc(C)cc(C)c2)n(Cc2ccccc2)c(=O)[nH]c1=O,6.705533773838407
Cc1cc(C)cc(Oc2c(C(C)C)c(=O)[nH]c(=O)n2Cc2ccccc2)c1,6.010995384301463
CCc1c(C(=O)c2cc(C)cc(C)c2)n(Cc2ccccc2)c(=O)[nH]c1=O,5.638272163982407
Cc1cc(C)cc(C(=O)c2c(C(C)C)c(=O)[nH]c(=O)n2Cc2ccccc2)c1,5.853871964321762
CCc1c(Sc2cc(C)cc(C)c2)n(CC2=CCCC2)c(=O)[nH]c1=O,4.175223537524454
Cc1cc(C)cc(Sc2c(C(C)C)c(=O)[nH]c(=O)n2CC2=CCCC2)c1,3.5686362358410126
CCc1c(Oc2cc(C)cc(C)c2)n(CC2=CCCC2)c(=O)[nH]c1=O,6.657577319177793
Cc1cc(C)cc(Oc2c(C(C)C)c(=O)[nH]c(=O)n2CC2=CCCC2)c1,5.657577319177793
CCc1c(C(=O)c2cc(C)cc(C)c2)n(CC2=CCCC2)c(=O)[nH]c1=O,5.714217726220605
Cc1cc(C)cc(C(=O)c2c(C(C)C)c(=O)[nH]c(=O)n2CC2=CCCC2)c1,5.795880017344075
CCc1c(Sc2ccccc2)n(CC2CC=CC2)c(=O)[nH]c1=O,4.767003889607846
CC(C)c1c(Sc2ccccc2)n(CC2CC=CC2)c(=O)[nH]c1=O,3.5346171485515816
CCc1c(Sc2cc(C)cc(C)c2)n(CC2CC=CC2)c(=O)[nH]c1=O,5.619788758288394
Cc1cc(C)cc(Sc2c(C(C)C)c(=O)[nH]c(=O)n2CC2CC=CC2)c1,3.5686362358410126
CCc1c(Oc2ccccc2)n(CC2CC=CC2)c(=O)[nH]c1=O,4.316052869248487
CC(C)c1c(Oc2ccccc2)n(CC2CC=CC2)c(=O)[nH]c1=O,3.51427857351842
CCc1c(Oc2cc(C)cc(C)c2)n(CC2CC=CC2)c(=O)[nH]c1=O,5.292429823902063
Cc1cc(C)cc(Oc2c(C(C)C)c(=O)[nH]c(=O)n2CC2CC=CC2)c1,5.721246399047171
Cc1cc(C)cc(C(=O)c2cc(=O)[nH]c(=O)n2CC2CC=CC2)c1,3.5114492834995557
Cc1cc(C)cc(C(=O)c2c(C)c(=O)[nH]c(=O)n2CC2CC=CC2)c1,3.530177984021837
CCc1c(C(=O)c2ccccc2)n(CC2CC=CC2)c(=O)[nH]c1=O,3.8722474841670267
CC(C)c1c(C(=O)c2ccccc2)n(CC2CC=CC2)c(=O)[nH]c1=O,3.530177984021837
CCc1c(C(=O)c2cc(C)cc(C)c2)n(CC2CC=CC2)c(=O)[nH]c1=O,5.585026652029182
Cc1cc(C)cc(C(=O)c2c(C(C)C)c(=O)[nH]c(=O)n2CC2CC=CC2)c1,4.638272163982407
CCc1c(Sc2cc(C)cc(C)c2)n(CCC2CCCC2)c(=O)[nH]c1=O,4.434152181326482
Cc1cc(C)cc(Sc2c(C(C)C)c(=O)[nH]c(=O)n2CCC2CCCC2)c1,3.687611050629408
CCc1c(Oc2cc(C)cc(C)c2)n(CCC2CCCC2)c(=O)[nH]c1=O,5.1938200260161125
Cc1cc(C)cc(Oc2c(C(C)C)c(=O)[nH]c(=O)n2CCC2CCCC2)c1,4.791558643561433
CCc1c(C(=O)c2cc(C)cc(C)c2)n(CCC2CCCC2)c(=O)[nH]c1=O,3.567030709125594
Cc1cc(C)cc(C(=O)c2c(C(C)C)c(=O)[nH]c(=O)n2CCC2CCCC2)c1,5.585026652029182
CCc1c(Sc2cc(C)cc(C)c2)n(CCC2=CCCC2)c(=O)[nH]c1=O,4.73754891026957
Cc1cc(C)cc(Sc2c(C(C)C)c(=O)[nH]c(=O)n2CCC2=CCCC2)c1,3.585026652029182
CCc1c(Oc2cc(C)cc(C)c2)n(CCC2=CCCC2)c(=O)[nH]c1=O,3.6064247967304124
Cc1cc(C)cc(Oc2c(C(C)C)c(=O)[nH]c(=O)n2CCC2=CCCC2)c1,3.75448733218585
CCc1c(C(=O)c2cc(C)cc(C)c2)n(CCC2=CCCC2)c(=O)[nH]c1=O,3.563837352959244
Cc1cc(C)cc(C(=O)c2c(C(C)C)c(=O)[nH]c(=O)n2CCC2=CCCC2)c1,3.639028116274064
CCc1c(Sc2cc(C)cc(C)c2)n(CCC2C=CCC2)c(=O)[nH]c1=O,3.5686362358410126
Cc1cc(C)cc(Sc2c(C(C)C)c(=O)[nH]c(=O)n2CCC2C=CCC2)c1,3.585026652029182
CCc1c(Oc2cc(C)cc(C)c2)n(CCC2C=CCC2)c(=O)[nH]c1=O,5.706637445288554
Cc1cc(C)cc(Oc2c(C(C)C)c(=O)[nH]c(=O)n2CCC2C=CCC2)c1,5.823908740944319
CCc1c(C(=O)c2cc(C)cc(C)c2)n(CCC2C=CCC2)c(=O)[nH]c1=O,5.726767165956955
Cc1cc(C)cc(C(=O)c2c(C(C)C)c(=O)[nH]c(=O)n2CCC2C=CCC2)c1,5.259637310505756
CCc1c(Sc2cc(C)cc(C)c2)n(CCC2CC=CC2)c(=O)[nH]c1=O,3.85078088734462
Cc1cc(C)cc(Sc2c(C(C)C)c(=O)[nH]c(=O)n2CCC2CC=CC2)c1,3.8265223565470055
CCc1c(Oc2cc(C)cc(C)c2)n(CCC2CC=CC2)c(=O)[nH]c1=O,5.008773924307505
Cc1cc(C)cc(Oc2c(C(C)C)c(=O)[nH]c(=O)n2CCC2CC=CC2)c1,5.638272163982407
CCc1c(C(=O)c2cc(C)cc(C)c2)n(CCC2CC=CC2)c(=O)[nH]c1=O,5.721246399047171
Cc1cc(C)cc(C(=O)c2c(C(C)C)c(=O)[nH]c(=O)n2CCC2CC=CC2)c1,5.769551078621726
O=C(O)c1nc(-c2ccccc2)nc(O)c1O,4.0
O=C(O)c1nc(Cc2ccccc2)nc(O)c1O,4.0
O=C(O)c1nc(CCc2ccccc2)nc(O)c1O,4.0
O=C(O)c1nc(Cc2ccc(Cl)c(Cl)c2)nc(O)c1O,4.0
COc1ccc(Cc2nc(O)c(O)c(C(=O)O)n2)cc1Br,4.154901959985743
O=C(O)c1nc(Cc2c(Br)sc3ccc(Cl)cc23)nc(O)c1O,4.318758762624412
O=C(CCl)Nc1ccc(Cl)cc1NS(=O)(=O)c1c(F)cccc1F,4.517698232776557
O=C1CN(S(=O)(=O)c2c(F)cccc2F)c2cc(Cl)ccc2N1,4.3979400086720375
O=C(CCl)Nc1ccc(Cl)cc1NS(=O)(=O)c1cc(F)cc(F)c1,4.555486793665957
O=C1CN(S(=O)(=O)c2cc(F)cc(F)c2)c2cc(Cl)ccc2N1,4.3979400086720375
O=c1[nH]c2ccc(Cl)cc2n1S(=O)(=O)c1c(Cl)cccc1Cl,4.0
O=C(CCl)Nc1ccc(Cl)cc1NS(=O)(=O)c1c(Cl)cccc1Cl,4.485452247339714
O=C1CN(S(=O)(=O)c2c(Cl)cccc2Cl)c2cc(Cl)ccc2N1,5.777283528852417
O=c1[nH]c2ccc(Cl)cc2n1S(=O)(=O)c1cc(Cl)cc(Cl)c1,8.522878745280337
O=C(CCl)Nc1ccc(Cl)cc1NS(=O)(=O)c1cc(Cl)cc(Cl)c1,4.799149501908922
O=C1CN(S(=O)(=O)c2cc(Cl)cc(Cl)c2)c2cc(Cl)ccc2N1,4.3979400086720375
Cc1cc(C)cc(S(=O)(=O)Nc2cc(Cl)ccc2NC(=O)CCl)c1,5.473660722610156
Cc1cc(C)cc(S(=O)(=O)N2CC(=O)Nc3ccc(Cl)cc32)c1,4.3979400086720375
O=c1[nH]c2ccc(Cl)cc2n1S(=O)(=O)c1ccccc1F,6.070581074285707
O=C1CN(S(=O)(=O)c2ccccc2F)c2cc(Cl)ccc2N1,4.3979400086720375
O=c1[nH]c2ccc(Cl)cc2n1S(=O)(=O)c1cccc(F)c1,6.87942606879415
O=C1CN(S(=O)(=O)c2cccc(F)c2)c2cc(Cl)ccc2N1,4.3979400086720375
O=c1[nH]c2ccc(Cl)cc2n1S(=O)(=O)c1ccc(F)cc1,4.3979400086720375
O=C1CN(S(=O)(=O)c2ccc(F)cc2)c2cc(Cl)ccc2N1,4.3979400086720375
N#Cc1cccc(S(=O)(=O)n2c(=O)[nH]c3ccc(Cl)cc32)c1,6.443697499232712
N#Cc1cccc(S(=O)(=O)Nc2cc(Cl)ccc2NC(=O)CCl)c1,3.5471712817431573
N#Cc1cccc(S(=O)(=O)N2CC(=O)Nc3ccc(Cl)cc32)c1,4.3979400086720375
Cc1ccnc2c1NC(=O)c1cccnc1N2C1CC1,6.7447274948966935
O=C1Nc2ccc(Cl)cc2[C@@](C#CC2CC2)(C(F)(F)F)O1,8.397940008672037
COC(=O)CCCC=C(c1cc(Br)c(OC)c(C(=O)OC)c1)c1cc(Br)c(OC)c(C(=O)OC)c1,6.522878745280337
COC(=O)CCC/C=C(\c1cc(C)c(OC)c(C(=O)OC)c1)c1cc(C)c2oc(=O)n(C)c2c1,7.698970004336019
COC(=O)CCCC=C(c1cc(C#N)c(OC)c(C(=O)OC)c1)c1cc(C#N)c(OC)c(C(=O)OC)c1,6.42021640338319
COc1c(C)cc(/C(=C\CCCc2nnc(C)o2)c2cc(C)c3oc(=O)n(C)c3c2)cc1C(=O)SC,9.0
Cc1cn([C@@H]2C[C@H](CO)[C@@H](O)C2)c(=O)[nH]c1=O,5.494850021680094
Cc1cn([C@H]2C[C@H](N=[N+]=[N-])[C@@H](CO)O2)c(=O)[nH]c1=O,5.853871964321762
Cc1cn([C@@H]2C[C@H](CO)[C@@H](O)C2)c(=O)[nH]c1=O,6.080921907623926
Cc1cn([C@@H]2C[C@H](CO)[C@@H](O)C2)c(=O)[nH]c1=O,5.7447274948966935
Cc1cn([C@H]2C[C@H](N=[N+]=[N-])[C@@H](CO)O2)c(=O)[nH]c1=O,5.443697499232712
Cc1cn([C@@H]2C[C@H](CO)[C@@H](O)C2)c(=O)[nH]c1=O,6.721246399047171
Cc1cccc2c1OP(=O)(OC[C@H]1C[C@@H](n3cc(C)c(=O)[nH]c3=O)C[C@@H]1O)OC2,6.42021640338319
Cc1cccc2c1OP(=O)(OC[C@H]1C[C@@H](n3cc(C)c(=O)[nH]c3=O)C[C@@H]1O)OC2,6.920818753952375
CCN(CC)CCOc1ccc(NC(=O)COc2ccccc2C(=O)c2ccc(OC)cc2)cc1,8.0
Cc1cc(S(N)(=O)=O)ccc1NC(=O)COc1ccc(Cl)cc1C(=O)c1cc(F)cc(C(F)(F)F)c1,8.698970004336019
Cc1cc(S(N)(=O)=O)ccc1NC(=O)COc1ccc(Cl)cc1C(=O)c1cc(F)cc(C(F)(F)F)c1,8.0
Cc1cc(S(N)(=O)=O)ccc1NC(=O)COc1ccc(Cl)cc1C(=O)c1cc(F)cc(C(F)(F)F)c1,8.0
Cc1cc(C)c(S(=O)(=O)n2c(=O)[nH]c3ccc(Cl)cc32)c(C)c1,8.920818753952375
Cc1ccc(S(=O)(=O)n2c(=O)[nH]c3ccc(Cl)cc32)cc1C,8.397940008672037
O=C1Nc2ccc(Cl)cc2[C@@](C#CC2CC2)(C(F)(F)F)O1,8.397940008672037
Cc1cc(C)cc(S(=O)(=O)n2c(=O)[nH]c3ccc(Cl)cc32)c1,8.301029995663981
Cc1ccc(S(=O)(=O)n2c(=S)[nH]c3ccc(Cl)cc32)cc1C,8.221848749616356
Cc1cc(C)cc(S(=O)(=O)n2c(=O)[nH]c3ccc(Cl)nc32)c1,7.698970004336019
Cc1cccc(S(=O)(=O)n2c(=O)[nH]c3ccc(Cl)cc32)c1,7.6777807052660805
Cc1cc(C)c(C)c(S(=O)(=O)n2c(=O)[nH]c3ccc(Cl)cc32)c1C,7.3979400086720375
Cc1c(C)c(C)c(S(=O)(=O)n2c(=O)[nH]c3ccc(Cl)cc32)c(C)c1C,7.327902142064283
Cc1ccc(C)c(S(=O)(=O)n2c(=O)[nH]c3ccc(Cl)cc32)c1,7.309803919971486
COc1cccc(S(=O)(=O)n2c(=O)[nH]c3ccc(Cl)cc32)c1,7.2839966563652006
Cc1ccc(S(=O)(=O)n2c(=O)[nH]c3ccc(Cl)cc32)cc1,6.826813731587726
Cc1ccnc2c1NC(=O)c1cccnc1N2C1CC1,6.7447274948966935
Cc1ccccc1S(=O)(=O)n1c(=O)[nH]c2ccc(Cl)cc21,6.570247719997592
O=c1[nH]c2ccc(Cl)cc2n1S(=O)(=O)c1cccc(OC(F)(F)F)c1,6.515700160653214
O=c1[nH]c2ccc(Cl)cc2n1S(=O)(=O)c1cc(C(F)(F)F)cc(C(F)(F)F)c1,6.508638306165727
Cc1ccc(S(=O)(=O)n2c(=O)[nH]c3ccc(Cl)cc32)c(C)c1,6.200659450546418
O=c1[nH]c2ccc(Cl)cc2n1S(=O)(=O)c1cccc(C(F)(F)F)c1,5.764471553092451
Cc1cc(C)cc(S(=O)(=O)n2c(=O)[nH]c3ccc(Cl)cc32)c1,8.045757490560675
Cc1cc(C)cc(S(=O)(=O)n2c(=O)[nH]c3ccc(Cl)nc32)c1,7.154901959985743
Cc1ccc(S(=O)(=O)n2c(=S)[nH]c3ccc(Cl)cc32)cc1C,7.301029995663981
Cc1cccc(S(=O)(=O)n2c(=O)[nH]c3ccc(Cl)cc32)c1,7.154901959985743
Cc1ccc(C)c(S(=O)(=O)n2c(=O)[nH]c3ccc(Cl)cc32)c1,6.42021640338319
Cc1ccc(S(=O)(=O)n2c(=O)[nH]c3ccc(Cl)cc32)cc1C,7.522878745280337
Cc1cc(C)c(S(=O)(=O)n2c(=O)[nH]c3ccc(Cl)cc32)c(C)c1,8.0
Cc1cc(C)c(C)c(S(=O)(=O)n2c(=O)[nH]c3ccc(Cl)cc32)c1C,6.7447274948966935
Cc1c(C)c(C)c(S(=O)(=O)n2c(=O)[nH]c3ccc(Cl)cc32)c(C)c1C,7.096910013008056
COc1cccc(S(=O)(=O)n2c(=O)[nH]c3ccc(Cl)cc32)c1,6.481486060122113
Cc1ccnc2c1NC(=O)c1cccnc1N2C1CC1,5.154901959985743
O=C1Nc2ccc(Cl)cc2[C@@](C#CC2CC2)(C(F)(F)F)O1,7.301029995663981
Cc1cc(C)cc(S(=O)(=O)n2c(=O)[nH]c3ccc(Cl)cc32)c1,4.3979400086720375
Cc1cc(C)cc(S(=O)(=O)n2c(=O)[nH]c3ccc(Cl)nc32)c1,4.568636235841013
Cc1ccc(S(=O)(=O)n2c(=S)[nH]c3ccc(Cl)cc32)cc1C,4.7447274948966935
Cc1cccc(S(=O)(=O)n2c(=O)[nH]c3ccc(Cl)cc32)c1,4.3979400086720375
Cc1ccc(C)c(S(=O)(=O)n2c(=O)[nH]c3ccc(Cl)cc32)c1,4.3979400086720375
Cc1ccc(S(=O)(=O)n2c(=O)[nH]c3ccc(Cl)cc32)cc1C,4.3979400086720375
Cc1cc(C)c(S(=O)(=O)n2c(=O)[nH]c3ccc(Cl)cc32)c(C)c1,4.3979400086720375
Cc1cc(C)c(C)c(S(=O)(=O)n2c(=O)[nH]c3ccc(Cl)cc32)c1C,4.3979400086720375
Cc1c(C)c(C)c(S(=O)(=O)n2c(=O)[nH]c3ccc(Cl)cc32)c(C)c1C,4.3979400086720375
COc1cccc(S(=O)(=O)n2c(=O)[nH]c3ccc(Cl)cc32)c1,4.3979400086720375
Cc1ccnc2c1NC(=O)c1cccnc1N2C1CC1,4.522878745280337
O=C1Nc2ccc(Cl)cc2[C@@](C#CC2CC2)(C(F)(F)F)O1,6.301029995663981
Cc1cc(C)cc(S(=O)(=O)n2c(=O)[nH]c3ccc(Cl)cc32)c1,6.3979400086720375
Cc1cc(C)cc(S(=O)(=O)n2c(=O)[nH]c3ccc(Cl)nc32)c1,5.552841968657781
Cc1ccc(S(=O)(=O)n2c(=S)[nH]c3ccc(Cl)cc32)cc1C,6.045757490560675
Cc1cccc(S(=O)(=O)n2c(=O)[nH]c3ccc(Cl)cc32)c1,5.0
Cc1ccc(C)c(S(=O)(=O)n2c(=O)[nH]c3ccc(Cl)cc32)c1,4.3979400086720375
Cc1ccc(S(=O)(=O)n2c(=O)[nH]c3ccc(Cl)cc32)cc1C,5.583359492661719
Cc1cc(C)c(S(=O)(=O)n2c(=O)[nH]c3ccc(Cl)cc32)c(C)c1,4.3979400086720375
Cc1cc(C)c(C)c(S(=O)(=O)n2c(=O)[nH]c3ccc(Cl)cc32)c1C,4.3979400086720375
Cc1c(C)c(C)c(S(=O)(=O)n2c(=O)[nH]c3ccc(Cl)cc32)c(C)c1C,5.173925197299174
COc1cccc(S(=O)(=O)n2c(=O)[nH]c3ccc(Cl)cc32)c1,4.961777361631282
Cc1ccnc2c1NC(=O)c1cccnc1N2C1CC1,5.3979400086720375
O=C1Nc2ccc(Cl)cc2[C@@](C#CC2CC2)(C(F)(F)F)O1,6.698970004336019
NS(=O)(=O)c1ccc(NC(=O)CNC(=O)N2CCCc3cc(Cl)cc(Cl)c32)c(Cl)c1,6.4736607226101555
NS(=O)(=O)c1ccc(NC(=O)C2CC2C(=O)N2CCCc3cc(Cl)cc(Cl)c32)c(Cl)c1,6.6777807052660805
NS(=O)(=O)c1ccc(NC(=O)CCC(=O)N2CCCc3cc(Cl)cc(Cl)c32)c(Cl)c1,6.7121982700697735
O=C(CSC(=O)N1CCCc2cc(Cl)cc(Cl)c21)Nc1ccccc1Cl,6.756961951313706
NS(=O)(=O)c1ccc(NC(=O)COC(=O)N2CCCc3cc(Cl)cc(Cl)c32)c(Cl)c1,6.935542010773082
NS(=O)(=O)c1ccc(NC(=O)C2CC2C(=O)N2CCCc3cc(Cl)cc(Cl)c32)c(Cl)c1,7.00436480540245
N#Cc1ccc(NC(=O)CSC(=O)N2CCCc3cc(Cl)cc(Cl)c32)c(Cl)c1,7.022276394711152
Cc1cc(C)c(N(C)C(=O)SCC(=O)Nc2ccc(S(N)(=O)=O)cc2Cl)c(C)c1,7.096910013008056
Cc1cccc2c1N(C(=O)SCC(=O)Nc1ccc(S(N)(=O)=O)cc1Cl)CCC2,7.214670164989233
NS(=O)(=O)c1ccc(NC(=O)CSC(=O)N2CCCc3cccc(Cl)c32)c(Cl)c1,7.508638306165727
NS(=O)(=O)c1ccc(NC(=O)COC(=O)N2CCCc3cc(Cl)cc(Cl)c32)c(Cl)c1,7.721246399047171
NS(=O)(=O)c1ccc(NC(=O)C2CC2C(=O)N2CCCc3cc(Cl)cc(Cl)c32)c(Cl)c1,7.7447274948966935
CS(=O)(=O)c1ccc(NC(=O)CSC(=O)N2CCCc3cc(Cl)cc(Cl)c32)c(Cl)c1,7.958607314841775
Cc1cc(C)c(N(C)C(=O)SCC(=O)Nc2ccc(S(N)(=O)=O)cc2Cl)c(C)c1,8.096910013008056
NS(=O)(=O)c1ccc(NC(=O)CSC(=O)N2CCCc3cc(Cl)ccc32)c(Cl)c1,8.096910013008056
N#Cc1ccc(NC(=O)CSC(=O)N2CCCc3cc(Cl)cc(Cl)c32)c(Cl)c1,8.154901959985743
NCCCNC(=O)c1ccc(NC(=O)CSC(=O)N2CCCc3cc(Cl)cc(Cl)c32)c(Cl)c1,8.154901959985743
Cc1cccc2c1N(C(=O)SCC(=O)Nc1ccc(S(N)(=O)=O)cc1Cl)CCC2,8.221848749616356
NS(=O)(=O)c1ccc(NC(=O)CSC(=O)N2CCCc3cc(Cl)cc(Cl)c32)c(Cl)c1,8.397940008672037
O=C(CSC(=O)N1CCCc2cc(Cl)cc(Cl)c21)Nc1ccccc1Cl,8.397940008672037
O=C(CSC(=O)N1CCCc2cc(Cl)cc(Cl)c21)Nc1ccc(C(=O)NCc2ccccc2)cc1Cl,8.397940008672037
CS(=O)(=O)c1ccc(NC(=O)CSC(=O)N2CCCc3cc(Cl)cc(Cl)c32)c(Cl)c1,8.397940008672037
Cc1ccc2c(c1)CCCN2C(=O)SCC(=O)Nc1ccc(S(N)(=O)=O)cc1Cl,8.522878745280337
NS(=O)(=O)c1ccc(NC(=O)CSC(=O)N2CCCc3cccc(Cl)c32)c(Cl)c1,8.698970004336019
O=C(CSC(=O)N1CCCc2cc(Cl)cc(Cl)c21)Nc1ccc(C(=O)NCc2ccccc2)cc1Cl,8.698970004336019
NCCCNC(=O)c1ccc(NC(=O)CSC(=O)N2CCCc3cc(Cl)cc(Cl)c32)c(Cl)c1,8.698970004336019
NS(=O)(=O)c1ccc(NC(=O)CSC(=O)N2CCCc3cc(Cl)cc(Cl)c32)c(Cl)c1,9.0
Cc1ccc2c(c1)CCCN2C(=O)SCC(=O)Nc1ccc(S(N)(=O)=O)cc1Cl,5.886056647693163
NS(=O)(=O)c1ccc(NC(=O)C2CC2C(=O)N2CCCc3cc(Cl)cc(Cl)c32)c(Cl)c1,5.221848749616356
Clc1cc(Cc2ccccc2)nc(SCc2ccccc2)n1,4.0
Nc1cc(Cc2ccccc2)nc(SCc2ccccc2)n1,4.0
O=c1cc(Cc2ccccc2)nc(SCCc2ccccc2)[nH]1,4.758204568704802
O=c1cc(Cc2ccccc2)nc(SCCCc2ccccc2)[nH]1,5.087777943467585
Cc1ccccc1CSc1nc(Cc2ccccc2)cc(=O)[nH]1,4.321299565001696
Cc1ccccc1CSc1nc(N)cc(Cc2ccccc2)n1,4.524474084960719
Cc1cccc(CSc2nc(Cc3ccccc3)cc(=O)[nH]2)c1,4.04029097575357
Cc1cccc(CSc2nc(Cl)cc(Cc3ccccc3)n2)c1,4.042057664554595
Cc1cccc(CSc2nc(N)cc(Cc3ccccc3)n2)c1,4.744004273277598
COc1cccc(CSc2nc(Cc3ccccc3)cc(=O)[nH]2)c1,4.041675068355947
COc1cccc(CSc2nc(N)cc(Cc3ccccc3)n2)c1,4.0
Nc1cc(Cc2ccccc2)nc(SCc2ccc3ccccc3c2)n1,4.76598918241282
CC(Sc1nc(Cc2ccccc2)cc(=O)[nH]1)c1ccccc1,4.0
CC(Sc1nc(N)cc(Cc2ccccc2)n1)c1ccccc1,4.1944991418416
Cc1ccnc2c1NC(=O)c1cccnc1N2C1CC1,5.3851027839668655
CCOCn1c(Cc2ccccc2)c(C(C)C)c(=O)[nH]c1=O,6.823908740944319
Cc1ccnc2c1NC(=O)c1cccnc1N2C1CC1,5.3851027839668655
O=c1cc(Cc2ccccc2)nc(SCCc2ccccc2)[nH]1,4.758204568704802
O=c1cc(Cc2ccccc2)nc(SCCCc2ccccc2)[nH]1,5.087777943467585
Cc1ccccc1CSc1nc(Cc2ccccc2)cc(=O)[nH]1,4.321299565001696
Cc1cccc(CSc2nc(Cc3ccccc3)cc(=O)[nH]2)c1,4.04029097575357
COc1cccc(CSc2nc(Cc3ccccc3)cc(=O)[nH]2)c1,4.041675068355947
CC(Sc1nc(Cc2ccccc2)cc(=O)[nH]1)c1ccccc1,4.0
CCOCSc1nc(Cc2ccccc2)cc(=O)[nH]1,4.0
O=c1cc(Cc2ccccc2)nc(SCOCc2ccccc2)[nH]1,4.916497380169733
C=CCSc1nc(Cc2ccccc2)cc(=O)[nH]1,4.0
Cc1c(Cc2ccccc2)nc(SCCc2ccccc2)[nH]c1=O,4.224680878170522
Cc1c(Cc2ccccc2)nc(SCCCc2ccccc2)[nH]c1=O,5.533132379645891
Cc1ccccc1CSc1nc(Cc2ccccc2)c(C)c(=O)[nH]1,4.0
COc1cccc(CSc2nc(Cc3ccccc3)c(C)c(=O)[nH]2)c1,4.3121144751512945
Cc1c(Cc2ccccc2)nc(SC(C)c2ccccc2)[nH]c1=O,4.0
CCOCSc1nc(Cc2ccccc2)c(C)c(=O)[nH]1,4.286845598162701
Cc1c(Cc2ccccc2)nc(SCOCc2ccccc2)[nH]c1=O,4.721017883134556
O=c1[nH]c(SCc2ccccc2)nc(Cc2ccccc2)c1I,4.99481948749622
O=c1[nH]c(SCCc2ccccc2)nc(Cc2ccccc2)c1I,5.619788758288394
O=c1[nH]c(SCCCc2ccccc2)nc(Cc2ccccc2)c1I,6.7447274948966935
Cc1ccccc1CSc1nc(Cc2ccccc2)c(I)c(=O)[nH]1,5.380906669373258
Cc1cccc(CSc2nc(Cc3ccccc3)c(I)c(=O)[nH]2)c1,5.518557371497695
COc1cccc(CSc2nc(Cc3ccccc3)c(I)c(=O)[nH]2)c1,5.081445469449727
CC(C)(C)c1ccc(CSc2nc(Cc3ccccc3)c(I)c(=O)[nH]2)cc1,5.250263684430939
O=c1[nH]c(SCc2ccc3ccccc3c2)nc(Cc2ccccc2)c1I,5.690369832574102
O=c1[nH]c(SCCc2ccccc2)nc(Cc2ccccc2)c1Br,4.855425792390384
Cc1ccccc1CSc1nc(Cc2ccccc2)c(Br)c(=O)[nH]1,4.603103550857476
Cc1cccc(CSc2nc(Cc3ccccc3)c(Br)c(=O)[nH]2)c1,4.574302786637409
O=c1[nH]c(SCc2ccc3ccccc3c2)nc(Cc2ccccc2)c1Br,4.911509529817604
Nc1ncnc2c1ncn2[C@@H]1O[C@H](OCP(=O)(O)OP(=O)(O)OP(=O)(O)O)C=C1F,5.721246399047171
CC[C@H](C)[C@H](NC(=O)[C@H](CCCNC(=N)N)NC(=O)[C@H](Cc1ccccc1)NC(=O)[C@H](Cc1cnc[nH]1)NC(=O)[C@@H](NC(=O)[C@H](Cc1ccccc1)NC(=O)[C@H](CC(C)C)NC(=O)[C@H](CC(C)C)NC(=O)[C@H](CCC(N)=O)NC(=O)[C@H](CCC(N)=O)NC(=O)[C@H](CC(C)C)NC(C)=O)[C@@H](C)CC)C(=O)NCC(=O)N[C@@H](CCCNC(=N)N)C(=O)N[C@@H](CCCNC(=N)N)C(=O)N[C@@H](CCCNC(=N)N)C(=O)N[C@@H](CCCNC(=N)N)C(=O)N[C@@H](CCCNC(=N)N)C(=O)N[C@@H](CCCNC(=N)N)C(=O)N[C@@H](CCCNC(=N)N)C(=O)N[C@@H](CCCNC(=N)N)C(N)=O,6.301029995663981
CC[C@H](C)[C@H](NC(=O)[C@H](C)NC(=O)[C@H](CCC(=O)O)NC(C)=O)C(=O)N[C@H](C(=O)N[C@@H](CCCNC(=N)N)C(=O)N[C@H](C(=O)N[C@@H](CC(C)C)C(=O)N[C@@H](CCC(N)=O)C(=O)N[C@@H](CCC(N)=O)C(=O)N[C@@H](CC(C)C)C(=O)N[C@@H](CC(C)C)C(=O)N[C@@H](Cc1ccccc1)C(=O)N[C@H](C(=O)N[C@@H](Cc1cnc[nH]1)C(=O)N[C@@H](Cc1ccccc1)C(=O)N[C@@H](CCCNC(=N)N)C(=O)N[C@H](C(=O)NCC(=O)N[C@@H](CCCNC(=N)N)C(=O)N[C@@H](CCCNC(=N)N)C(=O)N[C@@H](CCCNC(=N)N)C(=O)N[C@@H](CCCNC(=N)N)C(=O)N[C@@H](CCCNC(=N)N)C(=O)N[C@@H](CCCNC(=N)N)C(=O)N[C@@H](CCCNC(=N)N)C(=O)N[C@@H](CCCNC(=N)N)C(N)=O)[C@@H](C)CC)[C@@H](C)CC)[C@@H](C)CC)[C@@H](C)CC,6.301029995663981
CCc1c(Cc2cc(C)cc(C)c2)n(COCc2ccc(Cc3cccc(C(=O)/C=C(\O)C(=O)O)c3)cc2)c(=O)[nH]c1=O,7.552841968657781
CCc1c(Cc2ccccc2)n(COCc2ccc(Cc3cccc(C(=O)/C=C(\O)C(=O)O)c3)cc2)c(=O)[nH]c1=O,6.1487416512809245
Cc1cc(C)cc(Cc2c(C(C)C)c(=O)[nH]c(=O)n2COCc2ccc(Cc3cccc(C(=O)/C=C(\O)C(=O)O)c3)cc2)c1,7.0
CC(C)c1c(Cc2ccccc2)n(COCc2ccc(Cc3cccc(C(=O)/C=C(\O)C(=O)O)c3)cc2)c(=O)[nH]c1=O,6.795880017344075
Cc1cc(C#N)cc(C)c1Oc1nc(NC2CCN(Cc3ccc(C(=O)O)cc3Cl)CC2)ncc1Br,7.0655015487564325
Cc1cc(C#N)cc(C)c1Oc1nc(NC2CCN(Cc3ccc(C(N)=O)cc3Cl)CC2)ncc1Br,6.284832642151542
Cc1cc(C#N)cc(C)c1Oc1nc(NC2CCN(Cc3ccc(S(N)(=O)=O)cc3Cl)CC2)ncc1Br,6.681936665037238
Cc1cc(C#N)cc(C)c1Oc1ccnc(NC2CCN(Cc3ccc(S(N)(=O)=O)cc3Cl)CC2)n1,6.978810700930062
Cc1cc(C#N)cc(C)c1Oc1nc(NC2CCN(Cc3ccc(S(C)(=O)=O)cc3Cl)CC2)ncc1Br,6.665546248849069
Cc1cc(C#N)cc(C)c1Oc1ccnc(NC2CCN(Cc3ccc(S(C)(=O)=O)cc3Cl)CC2)n1,6.580044251510242
Cc1cc(C#N)cc(C)c1Oc1nc(NC2CCN(Cc3ccc(S(C)(=O)=O)cc3)CC2)ncc1Br,7.552841968657781
Cc1cc(C#N)cc(C)c1Oc1ccnc(NC2CCN(Cc3ccc(S(C)(=O)=O)cc3)CC2)n1,7.142667503568732
Cc1cc(C#N)cc(C)c1Oc1nc(NC2CCN(Cc3ccc(C#N)cc3)CC2)ncc1Br,7.3872161432802645
Cc1cc(C#N)cc(C)c1Oc1nc(NC2CCN(Cc3cccc(C#N)c3)CC2)ncc1Br,7.431798275933005
Cc1cc(C#N)cc(C)c1Oc1nc(NC2CCN(Cc3ccccc3C#N)CC2)ncc1Br,7.366531544420414
Cc1cc(C#N)cc(C)c1Oc1nc(NC2CCN(Cc3ccc(Cl)cc3)CC2)ncc1Br,6.100726812682396
Cc1cc(C#N)cc(C)c1Oc1nc(NC2CCN(c3ccccc3)C2)ncc1Br,6.1438755557577
Cc1cc(C#N)cc(C)c1Oc1nc(NC2CCN(c3ccccc3)CC2)ncc1Br,6.476253533188435
Cc1cc(C#N)cc(C)c1Oc1nc(NC2CCN(Cc3ccccc3)CC2)ncc1Br,7.154901959985743
Cc1cc(C#N)cc(C)c1Oc1ccnc(NC2CCN(Cc3ccccc3)CC2)n1,6.429457060118103
Cc1cc(C#N)cc(C)c1Oc1ccnc(NCCC(=O)Nc2ccc(S(N)(=O)=O)cc2Cl)n1,5.0
Cc1cc(C#N)cc(C)c1Oc1nc(NC2CCN(Cc3ccc(C(=O)O)cc3Cl)CC2)ncc1Br,7.552841968657781
Cc1cc(C#N)cc(C)c1Oc1nc(NC2CCN(Cc3ccc(C(N)=O)cc3Cl)CC2)ncc1Br,7.161150909262744
Cc1cc(C#N)cc(C)c1Oc1nc(NC2CCN(Cc3ccc(C#N)cc3Cl)CC2)ncc1Br,6.798602875679548
Cc1cc(C#N)cc(C)c1Oc1nc(NC2CCN(Cc3ccc(S(N)(=O)=O)cc3Cl)CC2)ncc1Br,7.6777807052660805
Cc1cc(C#N)cc(C)c1Oc1ccnc(NC2CCN(Cc3ccc(S(N)(=O)=O)cc3Cl)CC2)n1,7.6020599913279625
Cc1cc(C#N)cc(C)c1Oc1nc(NC2CCN(Cc3ccc(S(C)(=O)=O)cc3Cl)CC2)ncc1Br,7.552841968657781
Cc1cc(C#N)cc(C)c1Oc1ccnc(NC2CCN(Cc3ccc(S(C)(=O)=O)cc3Cl)CC2)n1,7.522878745280337
Cc1cc(C#N)cc(C)c1Oc1nc(NC2CCN(Cc3ccc(S(C)(=O)=O)cc3)CC2)ncc1Br,7.853871964321762
Cc1cc(C#N)cc(C)c1Oc1ccnc(NC2CCN(Cc3ccc(S(C)(=O)=O)cc3)CC2)n1,7.301029995663981
Cc1cc(C#N)cc(C)c1Oc1nc(NC2CCN(Cc3ccc(C#N)cc3)CC2)ncc1Br,7.7447274948966935
Cc1cc(C#N)cc(C)c1Oc1nc(NC2CCN(Cc3cccc(C#N)c3)CC2)ncc1Br,7.568636235841013
Cc1cc(C#N)cc(C)c1Oc1nc(NC2CCN(Cc3ccccc3C#N)CC2)ncc1Br,7.2076083105017466
Cc1cc(C#N)cc(C)c1Oc1nc(NC2CCN(Cc3ccc(Cl)cc3)CC2)ncc1Br,6.889410289700751
Cc1cc(C#N)cc(C)c1Oc1nc(NC2CCN(Cc3cccc(Cl)c3)CC2)ncc1Br,6.640164517660112
Cc1cc(C#N)cc(C)c1Oc1nc(NC2CCN(c3ccccc3)C2)ncc1Br,6.0
Cc1cc(C#N)cc(C)c1Oc1nc(NC2CCN(c3ccccc3)CC2)ncc1Br,6.950781977329818
Cc1cc(C#N)cc(C)c1Oc1nc(NC2CCN(Cc3ccccc3)CC2)ncc1Br,7.823908740944319
Cc1cc(C#N)cc(C)c1Oc1ccnc(NC2CCN(Cc3ccccc3)CC2)n1,6.665546248849069
Cc1cc(C#N)cc(C)c1Oc1ccnc(NCCC(=O)Nc2ccc(S(N)(=O)=O)cc2Cl)n1,6.0
Cc1cc(C#N)cc(C)c1Oc1nc(NC2CCN(Cc3ccc(C(=O)O)cc3Cl)CC2)ncc1Br,7.494850021680094
Cc1cc(C#N)cc(C)c1Oc1nc(NC2CCN(Cc3ccc(C(N)=O)cc3Cl)CC2)ncc1Br,6.882728704344236
Cc1cc(C#N)cc(C)c1Oc1nc(NC2CCN(Cc3ccc(C#N)cc3Cl)CC2)ncc1Br,6.835647144215563
Cc1cc(C#N)cc(C)c1Oc1nc(NC2CCN(Cc3ccc(S(N)(=O)=O)cc3Cl)CC2)ncc1Br,7.045757490560675
Cc1cc(C#N)cc(C)c1Oc1ccnc(NC2CCN(Cc3ccc(S(N)(=O)=O)cc3Cl)CC2)n1,7.075720713938118
Cc1cc(C#N)cc(C)c1Oc1nc(NC2CCN(Cc3ccc(S(C)(=O)=O)cc3Cl)CC2)ncc1Br,7.346787486224656
Cc1cc(C#N)cc(C)c1Oc1ccnc(NC2CCN(Cc3ccc(S(C)(=O)=O)cc3Cl)CC2)n1,7.657577319177793
Cc1cc(C#N)cc(C)c1Oc1nc(NC2CCN(Cc3ccc(S(C)(=O)=O)cc3)CC2)ncc1Br,7.552841968657781
Cc1cc(C#N)cc(C)c1Oc1ccnc(NC2CCN(Cc3ccc(S(C)(=O)=O)cc3)CC2)n1,7.468521082957745
Cc1cc(C#N)cc(C)c1Oc1nc(NC2CCN(Cc3ccc(C#N)cc3)CC2)ncc1Br,7.6777807052660805
Cc1cc(C#N)cc(C)c1Oc1nc(NC2CCN(Cc3cccc(C#N)c3)CC2)ncc1Br,7.638272163982407
Cc1cc(C#N)cc(C)c1Oc1nc(NC2CCN(Cc3ccccc3C#N)CC2)ncc1Br,7.5376020021010435
Cc1cc(C#N)cc(C)c1Oc1nc(NC2CCN(Cc3ccc(Cl)cc3)CC2)ncc1Br,6.818156412055227
Cc1cc(C#N)cc(C)c1Oc1nc(NC2CCN(Cc3cccc(Cl)c3)CC2)ncc1Br,6.617982957425132
Cc1cc(C#N)cc(C)c1Oc1nc(NC2CCN(c3ccccc3)C2)ncc1Br,7.173925197299173
Cc1cc(C#N)cc(C)c1Oc1nc(NC2CCN(c3ccccc3)CC2)ncc1Br,6.716698771296451
Cc1cc(C#N)cc(C)c1Oc1nc(NC2CCN(Cc3ccccc3)CC2)ncc1Br,7.721246399047171
Cc1cc(C#N)cc(C)c1Oc1ccnc(NC2CCN(Cc3ccccc3)CC2)n1,7.060480747381382
Cc1cc(C#N)cc(C)c1Oc1ccnc(NCCC(=O)Nc2ccc(S(N)(=O)=O)cc2Cl)n1,6.045757490560675
COc1c(Oc2ccnc(Nc3ccc(C#N)cc3)n2)ccc2cc(C#N)ccc12,9.045757490560675
COc1cc2cc(C#N)ccc2cc1Oc1ccnc(Nc2ccc(C#N)cc2)n1,9.2839966563652
COc1cc2cc(C#N)ccc2c(OC)c1Oc1ccnc(Nc2ccc(C#N)cc2)n1,10.397940008672037
N#Cc1ccc(Nc2nccc(Oc3ccc4cc(C#N)ccc4c3)n2)cc1,8.498940737782249
N#Cc1ccc(Nc2nccc(Oc3ccc4cc(C#N)ccc4c3Br)n2)cc1,8.876148359032914
N#Cc1ccc(Nc2nccc(Oc3cc4ccc(C#N)cc4cc3Br)n2)cc1,9.301029995663981
Cc1ccnc2c1NC(=O)c1cccnc1N2C1CC1,9.431798275933005
COc1ccc(OC)c(CCNC(=S)Nc2ccc(Br)cn2)c1,7.42021640338319
Cc1cn([C@H]2C=C[C@@H](CO)O2)c(=O)[nH]c1=O,5.017728766960431
COc1ccc(OCCC#Cc2cn([C@H]3C=C[C@@H](CO)O3)c(=O)[nH]c2=O)c(CCNC(=S)Nc2ccc(Br)cn2)c1,7.214670164989233
COc1ccc(OCCOCC#Cc2cn([C@H]3C=C[C@@H](CO)O3)c(=O)[nH]c2=O)c(CCNC(=S)Nc2ccc(Br)cn2)c1,6.2403321553103694
COc1ccc(OCCOCCOCC#Cc2cn([C@H]3C=C[C@@H](CO)O3)c(=O)[nH]c2=O)c(CCNC(=S)Nc2ccc(Br)cn2)c1,6.070581074285707
COc1ccc(OCCOCCOCCOCCOCC#Cc2cn([C@H]3C=C[C@@H](CO)O3)c(=O)[nH]c2=O)c(CCNC(=S)Nc2ccc(Br)cn2)c1,5.853871964321762
COC(=O)[C@H](C)NP(=O)(OC[C@@H]1C=C[C@H](n2cc(C#CCOCCOCCOCCOCCOc3ccc(OC)cc3CCNC(=S)Nc3ccc(Br)cn3)c(=O)[nH]c2=O)O1)Oc1ccc(C)cc1,5.638272163982407
O=C(NN1C(=O)[C@@H]2C3C=CC(C4CC43)[C@@H]2C1=O)c1ccc(Cn2cnc3ccccc32)cc1,3.3400837999301496
Cc1ccnc2c1NC(=O)c1cccnc1N2C1CC1,4.87942606879415
Cc1cc(/C=C/C#N)cc(C)c1Nc1ccnc(Nc2ccc(C#N)cc2)n1,7.376750709602099
Cc1cc(=O)oc2c3c(ccc12)O[C@@H](C)[C@H](OC(=O)[C@]12CC[C@](C)(C(=O)O1)C2(C)C)[C@@H]3OC(=O)[C@]12CC[C@](C)(C(=O)O1)C2(C)C,5.173925197299174
Cc1cc(=O)oc2c3c(ccc12)OC(C)(C)[C@H](OC(=O)[C@]12CC[C@](C)(C(=O)O1)C2(C)C)[C@@H]3OC(=O)[C@]12CC[C@](C)(C(=O)O1)C2(C)C,4.982966660701219
Cc1cc(C#N)cc(C)c1Oc1nc(NC2CCN(c3ccccc3)CC2)ncc1Br,6.716698771296451
Cc1cc(C#N)cc(C)c1Oc1ccnc(NC2CCN(c3ccc(S(N)(=O)=O)cc3)CC2)n1,7.619788758288394
Cc1cc(C#N)cc(C)c1Oc1nc(NC2CCN(c3cccc(S(N)(=O)=O)c3)CC2)ncc1Br,7.721246399047171
Cc1cc(C#N)cc(C)c1Oc1ccnc(NC2CCN(c3cccc(S(N)(=O)=O)c3)CC2)n1,7.823908740944319
Cc1cc(C#N)cc(C)c1Oc1nc(NC2CCN(c3ccccc3C(N)=O)CC2)ncc1Br,7.494850021680094
Cc1cc(C#N)cc(C)c1Oc1nc(NC2CCN(c3cccc(C(N)=O)c3)CC2)ncc1Br,7.721246399047171
Cc1cc(C#N)cc(C)c1Oc1ccnc(NC2CCN(c3cccc(C(N)=O)c3)CC2)n1,8.154901959985743
Cc1cc(C#N)cc(C)c1Oc1nc(NC2CCN(c3ccc(C(N)=O)cc3)CC2)ncc1Br,7.619788758288394
Cc1cc(C#N)cc(C)c1Oc1nc(NC2CCN(c3cccc(S(C)(=O)=O)c3)CC2)ncc1Br,7.376750709602099
Cc1cc(C#N)cc(C)c1Oc1ccnc(NC2CCN(c3cccc(S(C)(=O)=O)c3)CC2)n1,7.958607314841775
Cc1cc(C#N)cc(C)c1Oc1nc(NC2CCN(c3cccc(C#N)c3)CC2)ncc1Br,6.987162775294828
Cc1cc(C#N)cc(C)c1Oc1ccnc(NC2CCN(c3cccc(C#N)c3)CC2)n1,7.292429823902063
Cc1cc(C#N)cc(C)c1Oc1nc(NC2CCN(c3cccc(C(=O)O)c3)CC2)ncc1Br,7.795880017344075
Cc1cc(C#N)cc(C)c1Oc1ccnc(NC2CCN(c3ccc(Cl)c(C(N)=O)c3)CC2)n1,8.045757490560675
Cc1cc(C#N)cc(C)c1Oc1ccnc(NC2CCN(c3cc(Cl)cc(C(N)=O)c3)CC2)n1,7.552841968657781
Cc1cc(C#N)cc(C)c1Oc1nc(NC2CCN(c3cc(C(N)=O)ccc3Cl)CC2)ncc1Br,7.119186407719209
Cc1cc(C#N)cc(C)c1Oc1nc(Nc2ccc(C#N)cc2)nc(N)c1Br,7.585026652029182
Cc1cc(C#N)cc(C)c1Oc1nc(NC2CCN(c3cccc(C(N)=O)c3)CC2)ncc1Cl,7.619788758288394
Cc1cc(C#N)cc(C)c1Oc1nc(NC2CCN(c3cccc(C(N)=O)c3)CC2)ncc1F,7.853871964321762
Cc1cnc(NC2CCN(c3cccc(C(N)=O)c3)CC2)nc1Oc1c(C)cc(C#N)cc1C,7.920818753952375
Cc1cc(C#N)cc(C)c1Oc1nc(NC2CCN(c3cccc(C(N)=O)c3)CC2)ncc1C(F)(F)F,7.0655015487564325
Cc1cc(C#N)cc(C)c1Oc1nc(NC2CCN(c3cccc(C(N)=O)c3)CC2)ncc1N,7.721246399047171
Cc1cc(C#N)cc(C)c1Oc1nc(NC2CCN(c3cccc(C(N)=O)c3)CC2)ncc1[N+](=O)[O-],6.962573502059376
Cc1cc(C#N)cc(Cl)c1Oc1ccnc(NC2CCN(c3cccc(C(N)=O)c3)CC2)n1,8.096910013008056
Cc1cc(C#N)cc(Cl)c1Oc1nc(NC2CCN(c3cccc(C(N)=O)c3)CC2)ncc1Br,7.552841968657781
Cc1cc(C#N)cc(Cl)c1Oc1nc(NC2CCN(c3cccc(C(N)=O)c3)CC2)ncc1Cl,7.698970004336019
Cc1cnc(NC2CCN(c3cccc(C(N)=O)c3)CC2)nc1Oc1c(C)cc(C#N)cc1Cl,8.221848749616356
COc1cc(C#N)cc(C)c1Oc1ccnc(NC2CCN(c3cccc(C(N)=O)c3)CC2)n1,7.7447274948966935
COc1cc(C#N)cc(C)c1Oc1nc(NC2CCN(c3cccc(C(N)=O)c3)CC2)ncc1Br,7.251811972993799
COc1cc(C#N)cc(C)c1Oc1nc(NC2CCN(c3cccc(C(N)=O)c3)CC2)ncc1Cl,7.721246399047171
COc1cc(C#N)cc(C)c1Oc1nc(NC2CCN(c3cccc(C(N)=O)c3)CC2)ncc1C,7.6777807052660805
Cc1cc(C#N)cc(F)c1Oc1nc(NC2CCN(c3cccc(C(N)=O)c3)CC2)ncc1Br,8.221848749616356
Cc1cc(C#N)cc(C)c1Nc1ccnc(NC2CCN(c3cccc(C(N)=O)c3)CC2)n1,7.638272163982407
Cc1cc(C#N)cc(C)c1Nc1nc(NC2CCN(c3cccc(C(N)=O)c3)CC2)ncc1Br,7.721246399047171
Cc1cc(C#N)cc(Cl)c1Nc1ccnc(NC2CCN(c3cccc(C(N)=O)c3)CC2)n1,7.443697499232712
Cc1cc(C#N)cc(Cl)c1Nc1nc(NC2CCN(c3cccc(C(N)=O)c3)CC2)ncc1Br,7.823908740944319
Cc1cc(C#N)cc(C)c1Oc1nc(NC2CCN(c3ccccc3)CC2)ncc1Br,6.950781977329818
Cc1cc(C#N)cc(C)c1Oc1ccnc(NC2CCN(c3ccc(S(N)(=O)=O)cc3)CC2)n1,6.0
Cc1cc(C#N)cc(C)c1Oc1nc(NC2CCN(c3cccc(S(N)(=O)=O)c3)CC2)ncc1Br,7.142667503568732
Cc1cc(C#N)cc(C)c1Oc1ccnc(NC2CCN(c3cccc(S(N)(=O)=O)c3)CC2)n1,6.206209615309182
Cc1cc(C#N)cc(C)c1Oc1nc(NC2CCN(c3ccccc3C(N)=O)CC2)ncc1Br,6.014573525916998
Cc1cc(C#N)cc(C)c1Oc1nc(NC2CCN(c3cccc(C(N)=O)c3)CC2)ncc1Br,7.522878745280337
Cc1cc(C#N)cc(C)c1Oc1ccnc(NC2CCN(c3cccc(C(N)=O)c3)CC2)n1,7.795880017344075
Cc1cc(C#N)cc(C)c1Oc1nc(NC2CCN(c3ccc(C(N)=O)cc3)CC2)ncc1Br,6.0
Cc1cc(C#N)cc(C)c1Oc1nc(NC2CCN(c3cccc(S(C)(=O)=O)c3)CC2)ncc1Br,7.0
Cc1cc(C#N)cc(C)c1Oc1ccnc(NC2CCN(c3cccc(S(C)(=O)=O)c3)CC2)n1,6.623423042943488
Cc1cc(C#N)cc(C)c1Oc1nc(NC2CCN(c3cccc(C#N)c3)CC2)ncc1Br,6.453457336521869
Cc1cc(C#N)cc(C)c1Oc1ccnc(NC2CCN(c3cccc(C#N)c3)CC2)n1,6.112382699664264
Cc1cc(C#N)cc(C)c1Oc1nc(NC2CCN(c3cccc(C(=O)O)c3)CC2)ncc1Br,6.0
Cc1cc(C#N)cc(C)c1Oc1ccnc(NC2CCN(c3ccc(Cl)c(C(N)=O)c3)CC2)n1,6.716698771296451
Cc1cc(C#N)cc(C)c1Oc1ccnc(NC2CCN(c3cc(Cl)cc(C(N)=O)c3)CC2)n1,6.576754126063192
Cc1cc(C#N)cc(C)c1Oc1nc(NC2CCN(c3cc(C(N)=O)ccc3Cl)CC2)ncc1Br,6.0
Cc1cc(C#N)cc(C)c1Oc1nc(Nc2ccc(C#N)cc2)nc(N)c1Br,7.721246399047171
Cc1cc(C#N)cc(C)c1Oc1nc(NC2CCN(c3cccc(C(N)=O)c3)CC2)ncc1Cl,7.886056647693163
Cc1cc(C#N)cc(C)c1Oc1nc(NC2CCN(c3cccc(C(N)=O)c3)CC2)ncc1F,7.853871964321762
Cc1cnc(NC2CCN(c3cccc(C(N)=O)c3)CC2)nc1Oc1c(C)cc(C#N)cc1C,7.823908740944319
Cc1cc(C#N)cc(C)c1Oc1nc(NC2CCN(c3cccc(C(N)=O)c3)CC2)ncc1C(F)(F)F,7.3872161432802645
Cc1cc(C#N)cc(C)c1Oc1nc(NC2CCN(c3cccc(C(N)=O)c3)CC2)ncc1N,7.769551078621726
Cc1cc(C#N)cc(C)c1Oc1nc(NC2CCN(c3cccc(C(N)=O)c3)CC2)ncc1[N+](=O)[O-],7.1938200260161125
Cc1cc(C#N)cc(Cl)c1Oc1ccnc(NC2CCN(c3cccc(C(N)=O)c3)CC2)n1,8.096910013008056
Cc1cc(C#N)cc(Cl)c1Oc1nc(NC2CCN(c3cccc(C(N)=O)c3)CC2)ncc1Br,7.552841968657781
Cc1cc(C#N)cc(Cl)c1Oc1nc(NC2CCN(c3cccc(C(N)=O)c3)CC2)ncc1Cl,7.698970004336019
Cc1cnc(NC2CCN(c3cccc(C(N)=O)c3)CC2)nc1Oc1c(C)cc(C#N)cc1Cl,8.221848749616356
COc1cc(C#N)cc(C)c1Oc1ccnc(NC2CCN(c3cccc(C(N)=O)c3)CC2)n1,7.7447274948966935
COc1cc(C#N)cc(C)c1Oc1nc(NC2CCN(c3cccc(C(N)=O)c3)CC2)ncc1Br,7.251811972993799
COc1cc(C#N)cc(C)c1Oc1nc(NC2CCN(c3cccc(C(N)=O)c3)CC2)ncc1Cl,7.721246399047171
COc1cc(C#N)cc(C)c1Oc1nc(NC2CCN(c3cccc(C(N)=O)c3)CC2)ncc1C,7.6777807052660805
Cc1cc(C#N)cc(F)c1Oc1nc(NC2CCN(c3cccc(C(N)=O)c3)CC2)ncc1Br,8.221848749616356
Cc1cc(C#N)cc(C)c1Nc1ccnc(NC2CCN(c3cccc(C(N)=O)c3)CC2)n1,7.638272163982407
Cc1cc(C#N)cc(C)c1Nc1nc(NC2CCN(c3cccc(C(N)=O)c3)CC2)ncc1Br,7.721246399047171
Cc1cc(C#N)cc(Cl)c1Nc1ccnc(NC2CCN(c3cccc(C(N)=O)c3)CC2)n1,7.443697499232712
Cc1cc(C#N)cc(Cl)c1Nc1nc(NC2CCN(c3cccc(C(N)=O)c3)CC2)ncc1Br,7.823908740944319
Cc1cc(C#N)cc(C)c1Oc1nc(NC2CCN(c3ccccc3)CC2)ncc1Br,6.476253533188435
Cc1cc(C#N)cc(C)c1Oc1ccnc(NC2CCN(c3ccc(S(N)(=O)=O)cc3)CC2)n1,6.0
Cc1cc(C#N)cc(C)c1Oc1nc(NC2CCN(c3cccc(S(N)(=O)=O)c3)CC2)ncc1Br,6.978810700930062
Cc1cc(C#N)cc(C)c1Oc1ccnc(NC2CCN(c3cccc(S(N)(=O)=O)c3)CC2)n1,6.7121982700697735
Cc1cc(C#N)cc(C)c1Oc1nc(NC2CCN(c3cccc(C(N)=O)c3)CC2)ncc1Br,7.154901959985743
Cc1cc(C#N)cc(C)c1Oc1ccnc(NC2CCN(c3cccc(C(N)=O)c3)CC2)n1,7.468521082957745
Cc1cc(C#N)cc(C)c1Oc1nc(NC2CCN(c3cccc(S(C)(=O)=O)c3)CC2)ncc1Br,6.080398976215889
Cc1cc(C#N)cc(C)c1Oc1nc(NC2CCN(c3cc(C(N)=O)ccc3Cl)CC2)ncc1Br,6.058488567365597
Cc1cc(C#N)cc(C)c1Oc1nc(Nc2ccc(C#N)cc2)nc(N)c1Br,6.966576244513051
Cc1cc(C#N)cc(C)c1Oc1nc(NC2CCN(c3cccc(C(N)=O)c3)CC2)ncc1Cl,6.692503962086787
Cc1cc(C#N)cc(C)c1Oc1nc(NC2CCN(c3cccc(C(N)=O)c3)CC2)ncc1F,7.455931955649724
Cc1cc(C#N)cc(C)c1Oc1nc(NC2CCN(c3cccc(C(N)=O)c3)CC2)ncc1N,6.928117992693875
Cc1cc(C#N)cc(Cl)c1Oc1nc(NC2CCN(c3cccc(C(N)=O)c3)CC2)ncc1Br,6.384049948343599
Cc1cc(C#N)cc(Cl)c1Oc1nc(NC2CCN(c3cccc(C(N)=O)c3)CC2)ncc1Cl,7.318758762624412
COc1cc(C#N)cc(C)c1Oc1ccnc(NC2CCN(c3cccc(C(N)=O)c3)CC2)n1,7.1938200260161125
COc1cc(C#N)cc(C)c1Oc1nc(NC2CCN(c3cccc(C(N)=O)c3)CC2)ncc1Cl,6.995678626217358
COc1cc(C#N)cc(C)c1Oc1nc(NC2CCN(c3cccc(C(N)=O)c3)CC2)ncc1C,7.180456064458132
Cc1cc(C#N)cc(F)c1Oc1nc(NC2CCN(c3cccc(C(N)=O)c3)CC2)ncc1Br,7.5376020021010435
Cc1cc(C#N)cc(C)c1Nc1nc(NC2CCN(c3cccc(C(N)=O)c3)CC2)ncc1Br,7.1249387366083
Cc1cc(C#N)cc(Cl)c1Nc1nc(NC2CCN(c3cccc(C(N)=O)c3)CC2)ncc1Br,7.376750709602099
Cc1ccnc2c1NC(=O)c1cccnc1N2C1CC1,3.8068754016455384
O=C1Nc2ccc(Cl)cc2[C@@](C#CC2CC2)(C(F)(F)F)O1,6.040958607678906
Cc1cc(C)c(Nc2ccnc(Nc3ccc(C#N)cc3)n2)c(C)c1,5.889410289700751
Cc1cc(C#N)cc(C)c1Oc1nc(Nc2ccc(C#N)cc2)nc(N)c1Br,5.87942606879415
Cc1ccnc2c1NC(=O)c1cccnc1N2C1CC1,5.494850021680094
O=C1Nc2ccc(Cl)cc2[C@@](C#CC2CC2)(C(F)(F)F)O1,7.2441251443275085
Cc1cc(C)c(Nc2ccnc(Nc3ccc(C#N)cc3)n2)c(C)c1,6.882728704344236
Cc1cc(C#N)cc(C)c1Oc1nc(Nc2ccc(C#N)cc2)nc(N)c1Br,6.899629454882437
Cc1ccnc2c1NC(=O)c1cccnc1N2C1CC1,3.7328282715969863
O=C1Nc2ccc(Cl)cc2[C@@](C#CC2CC2)(C(F)(F)F)O1,6.130768280269024
Cc1cc(C)c(Nc2ccnc(Nc3ccc(C#N)cc3)n2)c(C)c1,6.764471553092451
Cc1cc(C#N)cc(C)c1Oc1nc(Nc2ccc(C#N)cc2)nc(N)c1Br,6.157390760389438
Cc1ccnc2c1NC(=O)c1cccnc1N2C1CC1,5.3872161432802645
O=C1Nc2ccc(Cl)cc2[C@@](C#CC2CC2)(C(F)(F)F)O1,7.522878745280337
Cc1cc(C)c(Nc2ccnc(Nc3ccc(C#N)cc3)n2)c(C)c1,7.721246399047171
Cc1cc(C#N)cc(C)c1Oc1nc(Nc2ccc(C#N)cc2)nc(N)c1Br,7.167491087293763
Cc1cccc(-c2ccccc2)c1Nc1nc(O)nc(N(C)Cc2ccc3c(c2)CCO3)n1,5.022276394711152
Cc1cccc(-c2ccccc2)c1Nc1nc(O)nc(N(C)Cc2ccc3c(c2)CCO3)n1,4.43533393574791
Cc1cccc(-c2ccccc2)c1Nc1nc(O)nc(N(C)Cc2ccc3c(c2)CCO3)n1,7.154901959985743
CN(Cc1ccc2occc2c1)c1nc(O)nc(Nc2c(F)cccc2-c2ccccc2)n1,5.214670164989233
CN(Cc1ccc2occc2c1)c1nc(O)nc(Nc2c(F)cccc2-c2ccccc2)n1,5.040958607678906
CN(Cc1ccc2occc2c1)c1nc(O)nc(Nc2c(F)cccc2-c2ccccc2)n1,7.327902142064283
COc1nc(NCc2ccc3occc3c2)nc(Nc2c(C)cccc2-c2ccccc2)n1,5.590066876668706
Fc1cccc(-c2ccccc2)c1Nc1nc(Cl)nc(NCc2ccc3occc3c2)n1,4.0
Cc1cccc(-c2ccccc2)c1Oc1nc(N)nc(NCc2ccc3occc3c2)n1,4.0
Cc1cccc(-c2ccccc2)c1Nc1nc(O)nc(OCc2ccc3occc3c2)n1,4.627087997029894
Cc1cccc(-c2ccccc2)c1Oc1nc(O)nc(NCc2ccc3occc3c2)n1,5.013228265733755
Cc1cccc(-c2ccccc2)c1Nc1nc(O)nc(N(C)Cc2ccc3c(c2)OCO3)n1,7.045757490560675
Cc1cccc(-c2ccccc2)c1Nc1nc(O)nc(N(C)Cc2ccc3c(c2)CCO3)n1,7.259637310505756
Cc1cccc(-c2ccoc2)c1Nc1nc(O)nc(N(C)Cc2ccc3occc3c2)n1,7.096910013008056
CN(Cc1ccc2occc2c1)c1nc(O)nc(Nc2c(F)cc(F)cc2-c2ccccc2)n1,7.154901959985743
CN(Cc1ccc2occc2c1)c1nc(O)nc(Nc2c(F)cccc2-c2ccccc2)n1,8.096910013008056
Cc1cccc(-c2ccccc2)c1Nc1nc(O)nc(N(C)Cc2ccc3occc3c2)n1,7.080921907623926
CCN(Cc1ccc2occc2c1)c1nc(O)nc(Nc2c(F)cccc2-c2ccccc2)n1,4.0
CN(Cc1ccc2occc2c1)c1nc(O)nc(Nc2ccccc2N2CCOCC2)n1,5.3872161432802645
Cc1cccc(-c2ccccc2)c1N(C)c1nc(O)nc(NCc2ccc3occc3c2)n1,5.292429823902063
Oc1nc(NCc2ccc3occc3c2)nc(Nc2c(F)cccc2-c2ccccc2)n1,7.045757490560675
Cc1cccc(-c2ccccc2)c1Nc1nc(O)nc(NCc2ccc3occc3c2)n1,7.154901959985743
Cc1cccc(-c2ccccc2)c1Nc1nc(O)nc(NCc2ccc3c(c2)OCCCO3)n1,5.356547323513812
Cc1cccc(-c2ccccc2)c1Nc1nc(O)nc(NCc2ccc3c(ccn3S(C)(=O)=O)c2)n1,4.0
CC(C)(Nc1nc(O)nc(Nc2c(F)cccc2-c2ccccc2)n1)c1ccc2c(c1)OCO2,4.0
Cc1cccc(-c2ccccc2)c1Nc1nc(O)nc(NCc2ccc3cc[nH]c3c2)n1,6.301029995663981
Oc1nc(NCc2ccc3cc[nH]c3c2)nc(Nc2cccc(Oc3ccccc3)c2)n1,4.0
Oc1nc(NCc2ccc3cc[nH]c3c2)nc(Nc2cccc(Br)c2)n1,4.3979400086720375
Oc1nc(NCc2ccc3cc[nH]c3c2)nc(Nc2ccccc2-c2ccccc2)n1,5.455931955649724
CCOC(=O)c1c(O)c2cccnc2n(O)c1=O,6.958607314841775
NCc1ccc(-c2ccc(Cc3cc(=O)n(O)c4ncccc34)cc2)cc1,7.346787486224656
NCc1ccc(-c2cccc(Cc3cc(=O)n(O)c4ncccc34)c2)cc1,7.0
NCc1ccc(-c2cccc(-c3cc(=O)n(O)c4ncccc34)c2)cc1,6.886056647693163
NCc1cccc(-c2cccc(-c3cc(=O)n(O)c4ncccc34)c2)c1,6.823908740944319
NCc1ccccc1-c1cccc(-c2cc(=O)n(O)c3ncccc23)c1,6.173925197299173
O=c1cc(-c2cccc(-c3ccccc3)c2)c2cccnc2n1O,6.1938200260161125
O=c1ccc2cccnc2n1O,5.853871964321762
O=C1Cc2ccccc2C(=O)N1O,6.0655015487564325
CC(C)OC(=O)COC(=O)c1ccc([N+](=O)[O-])o1,4.87942606879415
CC(C)(C)NC(=O)COC(=O)c1ccc([N+](=O)[O-])o1,4.7447274948966935
CCC(C)(C)NC(=O)COC(=O)c1ccc([N+](=O)[O-])o1,5.236572006437063
CC(C)(NC(=O)COC(=O)c1ccc([N+](=O)[O-])o1)c1ccccc1,5.086186147616283
CC(C)(Cc1ccccc1)NC(=O)COC(=O)c1ccc([N+](=O)[O-])o1,5.366531544420414
O=C(COC(=O)c1ccc([N+](=O)[O-])o1)NCC1CCCO1,5.376750709602099
O=C(COC(=O)c1ccc([N+](=O)[O-])o1)NC1Cc2ccccc2C1,5.259637310505756
O=C(COC(=O)c1ccc([N+](=O)[O-])o1)NC1CCc2ccccc21,5.214670164989233
O=C(COC(=O)c1ccc([N+](=O)[O-])o1)NC1CCCc2ccccc21,5.366531544420414
CC(C)(C)N(Cc1ccccc1)C(=O)COC(=O)c1ccc([N+](=O)[O-])o1,6.045757490560675
CC(C)(C)N(CCc1ccccc1)C(=O)COC(=O)c1ccc([N+](=O)[O-])o1,4.847711655616943
CC(C)(C)N(CCCc1ccccc1)C(=O)COC(=O)c1ccc([N+](=O)[O-])o1,4.301029995663981
CC(C)(C)N(CCC(=O)c1ccccc1)C(=O)COC(=O)c1ccc([N+](=O)[O-])o1,4.301029995663981
CC(C)(C)N(Cc1ccc([N+](=O)[O-])cc1)C(=O)COC(=O)c1ccc([N+](=O)[O-])o1,5.161150909262744
CC(C)(C)N(Cc1cccc([N+](=O)[O-])c1)C(=O)COC(=O)c1ccc([N+](=O)[O-])o1,5.008773924307505
CC(=O)Oc1ccc(CN(C(=O)COC(=O)c2ccc([N+](=O)[O-])o2)C(C)(C)C)cc1,5.060480747381382
CC(=O)Oc1ccccc1CN(C(=O)COC(=O)c1ccc([N+](=O)[O-])o1)C(C)(C)C,4.892790030352131
COc1ccc(CN(C(=O)COC(=O)c2ccc([N+](=O)[O-])o2)C(C)(C)C)cc1,5.1249387366083
CC(C)(C)N(Cc1ccc(OCc2ccccc2)cc1)C(=O)COC(=O)c1ccc([N+](=O)[O-])o1,4.301029995663981
CC(C)(C)N(Cc1ccc(F)cc1)C(=O)COC(=O)c1ccc([N+](=O)[O-])o1,5.070581074285707
CC(C)(C)N(Cc1ccc(C(F)(F)F)cc1)C(=O)COC(=O)c1ccc([N+](=O)[O-])o1,5.096910013008056
CC(C)(C)N(Cc1cccc(C(F)(F)F)c1)C(=O)COC(=O)c1ccc([N+](=O)[O-])o1,5.070581074285707
CC(C)(C)N(Cc1ccccc1C(F)(F)F)C(=O)COC(=O)c1ccc([N+](=O)[O-])o1,5.045757490560675
CC(C)(C)N(Cc1c(F)c(F)c(F)c(F)c1F)C(=O)COC(=O)c1ccc([N+](=O)[O-])o1,5.167491087293763
O=C(OCC(=O)N(Cc1ccccc1)CC1CCCO1)c1ccc([N+](=O)[O-])o1,5.113509274827518
O=C(OCC(=O)N(Cc1ccc(O)cc1)CC1CCCO1)c1ccc([N+](=O)[O-])o1,5.301029995663981
CC(=O)COC(=O)c1ccc([N+](=O)[O-])o1,5.1487416512809245
CC(C)(C)C(=O)COC(=O)c1ccc([N+](=O)[O-])o1,4.6595558851598815
CC(C)(C)NC(=O)COC(=O)c1ccccc1[N+](=O)[O-],4.301029995663981
CC(C)(C)NC(=O)COC(=O)c1cccc([N+](=O)[O-])c1,4.301029995663981
CC(C)(C)NC(=O)COC(=O)c1ccc([N+](=O)[O-])cc1,4.301029995663981
CC(C)(C)N(Cc1ccccc1)C(=O)COC(=O)c1cc([N+](=O)[O-])cc([N+](=O)[O-])c1,4.301029995663981
CC(C)(C)N(Cc1ccccc1)C(=O)COC(=O)c1ccco1,4.301029995663981
CC(C)(C)NC(=O)COC(=O)c1ccc(Br)o1,4.301029995663981
CC(C)(C)NC(=O)COC(=O)c1ccc(C(=O)c2ccccc2)o1,4.301029995663981
CC(C)(C)NC(=O)COC(=O)c1ccno1,4.301029995663981
CC(C)(C)NC(=O)COC(=O)c1ccc(-c2ccccc2[N+](=O)[O-])o1,4.301029995663981
CC(C)(C)NC(=O)COC(=O)c1ccc(-c2cccc([N+](=O)[O-])c2)o1,4.301029995663981
CC(C)(C)NC(=O)COC(=O)c1ccc(-c2ccc([N+](=O)[O-])cc2)o1,4.301029995663981
CC(C)(C)NC(=O)COC(=O)c1ccc([N+](=O)[O-])s1,5.552841968657781
CCC(C)(C)NC(=O)COC(=O)c1ccc([N+](=O)[O-])s1,5.236572006437063
CCC(C)(C)N(Cc1ccc([N+](=O)[O-])cc1)C(=O)COC(=O)c1ccc([N+](=O)[O-])s1,4.474955192963154
CCC(C)(C)N(Cc1cccc([N+](=O)[O-])c1)C(=O)COC(=O)c1ccc([N+](=O)[O-])s1,4.58838029403677
CC(=O)COC(=O)c1ccc([N+](=O)[O-])s1,5.022276394711152
CC(C)(C)C(=O)COC(=O)c1ccc([N+](=O)[O-])s1,5.2441251443275085
COC(=O)CNC(=O)c1ccc([N+](=O)[O-])o1,4.301029995663981
CCOC(=O)[C@H](C)NC(=O)c1ccc([N+](=O)[O-])o1,4.301029995663981
CCOC(=O)[C@H](CC(C)C)NC(=O)c1ccc([N+](=O)[O-])o1,4.301029995663981
CCOC(=O)[C@H](Cc1ccccc1)NC(=O)c1ccc([N+](=O)[O-])o1,4.301029995663981
CCOC(=O)[C@H](Cc1ccc(O)cc1)NC(=O)c1ccc([N+](=O)[O-])o1,4.301029995663981
CCOC(=O)[C@@H](NC(=O)c1ccc([N+](=O)[O-])o1)c1ccccc1,4.301029995663981
O=C(OCCc1ccc([N+](=O)[O-])cc1)c1ccc([N+](=O)[O-])o1,5.6777807052660805
CN(OC(=O)c1ccc([N+](=O)[O-])o1)C(=O)c1ccc([N+](=O)[O-])o1,5.568636235841013
O=c1ccn([C@@H]2O[C@H](CNCc3ccc(Cl)cc3)[C@@H](O)[C@H]2O)c(=O)[nH]1,5.549750891680639
O=c1ccn([C@@H]2O[C@H](CNCc3c(F)cccc3Cl)[C@@H](O)[C@H]2O)c(=O)[nH]1,5.30189945437661
O=c1ccn([C@@H]2O[C@H](CNCc3c(Cl)cccc3Cl)[C@@H](O)[C@H]2O)c(=O)[nH]1,5.3260580013659125
O=c1ccn([C@@H]2O[C@H](CNCc3ccccc3Cl)[C@@H](O)[C@H]2O)c(=O)[nH]1,5.212539525481585
Cc1cn([C@H]2C[C@H](N=[N+]=[N-])[C@@H](CO)O2)c(=O)[nH]c1=O,4.668977828958171
O=c1[nH]c(=O)n([C@@H]2O[C@H](CNCc3ccc(Cl)cc3)[C@@H](O)[C@H]2O)cc1F,5.425968732272281
O=c1[nH]c(=O)n([C@@H]2O[C@H](CNCc3c(F)cccc3Cl)[C@@H](O)[C@H]2O)cc1F,5.4089353929735005
O=c1[nH]c(=O)n([C@@H]2O[C@H](CNCc3c(Cl)cccc3Cl)[C@@H](O)[C@H]2O)cc1F,5.315154638355588
O=c1[nH]c(=O)n([C@@H]2O[C@H](CNCc3ccccc3Cl)[C@@H](O)[C@H]2O)cc1F,5.452225294612178
CC(C)c1c(Cc2ccccc2)n(COCc2ccccc2)c(=O)n(O)c1=O,5.207608310501746
CC(C)c1c(Cc2ccc(F)cc2)n(COCc2ccccc2)c(=O)n(O)c1=O,4.0
CC(C)c1c(Cc2ccccc2)n(COCc2ccc(F)cc2)c(=O)n(O)c1=O,6.769551078621726
CC(C)c1c(Cc2ccc(F)cc2)n(COCc2ccc(F)cc2)c(=O)n(O)c1=O,4.0
CCc1c(Cc2ccccc2)n(COCc2ccccc2)c(=O)n(O)c1=O,5.026872146400302
CC(C)c1c(Cc2ccccc2)n(COCc2ccccc2)c(=O)n(N)c1=O,5.823908740944319
CCOCn1c(Cc2ccccc2)c(C(C)C)c(=O)n(O)c1=O,4.886056647693163
CCOCn1c(Cc2ccc(F)cc2)c(C(C)C)c(=O)n(O)c1=O,4.0
CC(C)c1c(Cc2ccccc2)n(COCc2ccccc2)c(=O)[nH]c1=O,7.3979400086720375
N#Cc1cc(Cl)cc(Oc2cc(OCc3n[nH]c4nc(N)ccc34)ccc2Cl)c1,9.638272163982407
O=C1Nc2ccc(Cl)cc2[C@@](C#CC2CC2)(C(F)(F)F)O1,9.508638306165727
N#Cc1cc(Cl)cc(Oc2cc(OCc3n[nH]c4nc(N)ccc34)ccc2Cl)c1,9.4089353929735
N#Cc1cc(Cl)cc(Oc2cc(OCc3n[nH]c4nc(N)ccc34)ccc2Cl)c1,9.397940008672037
O=C1Nc2ccc(Cl)cc2[C@@](C#CC2CC2)(C(F)(F)F)O1,9.3767507096021
Cc1cc(C#N)cc(C)c1Oc1nc(Nc2ccc(C#N)cc2)nc(N)c1Br,9.221848749616356
Cc1cc(C#N)cc(C)c1Oc1nc(Nc2ccc(C#N)cc2)nc(N)c1Br,8.886056647693163
Cc1cc(C#N)cc(C)c1Oc1nc(Nc2ccc(C#N)cc2)nc(N)c1Br,8.707743928643524
O=C1Nc2ccc(Cl)cc2[C@@](C#CC2CC2)(C(F)(F)F)O1,7.991399828238082
Cc1ccnc2c1NC(=O)c1cccnc1N2C1CC1,6.863279432843593
Cc1ccnc2c1NC(=O)c1cccnc1N2C1CC1,5.050609993355087
Cc1ccnc2c1NC(=O)c1cccnc1N2C1CC1,5.031517051446065
CONC(=S)N/N=C1\C(=O)N(CN2CCN(c3ccc(Cl)cc3)CC2)c2ccc(Cl)cc21,6.6020599913279625
CONC(=S)N/N=C1\C(=O)N(CN2CCN(c3ccc(Cl)cc3)CC2)c2ccc(F)cc21,4.777283528852417
Cc1ccc2c(c1)/C(=N/NC(=S)NO)C(=O)N2CN1CCN(c2ccc(Cl)cc2)CC1,4.6307841425898575
CONC(=S)N/N=C1\C(=O)N(CN2CCN(c3ccc(Cl)cc3)CC2)c2ccc(C)cc21,4.939302159646388
Cc1ccnc2c1NC(=O)c1cccnc1N2C1CC1,6.6020599913279625
CC1C(=O)N(O)C(=O)c2ccccc21,4.411168274405793
CCC1C(=O)N(O)C(=O)c2ccccc21,4.154901959985743
CCCC1C(=O)N(O)C(=O)c2ccccc21,4.329754146925876
CC(C)C1C(=O)N(O)C(=O)c2ccccc21,4.732828271596986
CCCCC1C(=O)N(O)C(=O)c2ccccc21,4.87942606879415
CCCCCC1C(=O)N(O)C(=O)c2ccccc21,4.473660722610156
CCCCCCC1C(=O)N(O)C(=O)c2ccccc21,4.42021640338319
CCCCCCc1c(O)n(O)c(=O)c2ccccc12,5.107905397309519
CCCCCCCc1c(O)n(O)c(=O)c2ccccc12,4.346787486224656
O=c1c2ccccc2c(Cc2ccccc2)c(O)n1O,4.826813731587726
Cc1ccc(CC2C(=O)N(O)C(=O)c3ccccc32)cc1,4.096910013008056
O=C1c2ccccc2C(Cc2ccc(C(F)(F)F)cc2)C(=O)N1O,4.369572124974976
O=C1c2ccccc2C(CCCc2ccccc2)C(=O)N1O,4.175223537524454
O=C1CCc2c(Br)cccc21,4.795880017344075
O=C1CCc2c(Br)cccc21,4.795880017344075
O=C1CCc2c(Br)cccc21,4.6020599913279625
NS(=O)(=O)c1ccc(NC(=O)CSc2nnc(Br)n2-c2ccc(C3CC3)c3ccccc23)c(Cl)c1,8.397940008672037
S=C(NCCc1ccccc1)Nc1ccc(Br)cn1,7.823908740944319
Cc1cc(S(N)(=O)=O)ccc1NC(=O)COc1ccc(Cl)cc1C(=O)c1cc(F)cc(C(F)(F)F)c1,8.853871964321762
Cc1sc(NC(=O)c2ccco2)c(C(N)=O)c1C,5.468521082957745
NC(=O)c1ccsc1N,3.3010299956639813
Cc1sc(N)c(C(N)=O)c1C,3.3010299956639813
NC(=O)c1c(N)sc2c1CCC2,3.3010299956639813
NC(=O)c1c(N)sc2c1CCCC2,4.853871964321762
NC(=O)c1c(N)sc2c1CCCCCC2,3.3010299956639813
NC(=O)c1c(NC(=O)COc2ccccc2)sc2c1CCCCC2,5.161150909262744
CCOc1ccc(NC(=O)c2c(NC(=O)c3ccco3)sc3c2CCCCC3)cc1,5.376750709602099
CCOc1ccc(NC(=O)c2c(NC(=O)c3ccccc3)sc3c2CCCCC3)cc1,3.3010299956639813
COc1ccccc1NC(=O)c1c(NC(=O)Cc2ccccc2)sc2c1CCCCC2,3.3010299956639813
O=C(Nc1sc2c(c1C(=O)Nc1cccc3ccccc13)CCCCC2)c1ccccc1F,3.3010299956639813
Cc1ccc(NC(=O)c2c(NC(=O)c3ccccc3F)sc3c2CCCCC3)cc1,3.3010299956639813
Cc1sc(NC(=O)c2cccc([N+](=O)[O-])c2)c(C(N)=O)c1C,5.886056647693163
Cc1sc(NC(=O)c2ccc(Br)o2)c(C(N)=O)c1C,5.769551078621726
Cc1sc2nc(-c3ccc([N+](=O)[O-])cc3)[nH]c(=O)c2c1C,6.070581074285707
Cc1sc(NC(=O)c2ccc3c(c2)OCO3)c(C(N)=O)c1C,5.292429823902063
Cc1onc(-c2ccccc2)c1C(=O)Nc1sc(C)c(C)c1C(N)=O,5.5376020021010435
Cc1ccc(C(=O)Nc2sc(C)c(C)c2C(N)=O)cc1,5.552841968657781
Cc1sc(NC(=O)C2CC3CCC2C3)c(C(N)=O)c1C,4.6595558851598815
Cc1sc(NC(=O)C2CCCO2)c(C(N)=O)c1C,4.5638373529592435
Cc1cc(Cl)ccc1CCC(=O)Nc1sc(C)c(C)c1C(N)=O,3.3010299956639813
Cc1sc2nc(-c3ccccc3)[nH]c(=O)c2c1C,4.0
COc1ccc(-c2nc3sc(C)c(C)c3c(=O)[nH]2)cc1,4.0
CC(C)c1ccc(O)c(=O)c(O)c1,6.6020599913279625
Cc1cc(C#N)cc(C)c1Oc1nc(Nc2ccc(C#N)cc2)nc(N)c1Br,6.756961951313706
Cc1cc(C#N)cc(C)c1Oc1nc(Nc2ccc(C#N)cc2)nc(N)c1Br,6.718966632752273
Cc1cc(C#N)cc(C)c1Oc1nc(Nc2ccc(C#N)cc2)nc(N)c1Br,6.590066876668706
Cc1cc(C#N)cc(C)c1Oc1nc(Nc2ccc(C#N)cc2)nc(N)c1Br,7.013228265733755
Cc1cc(C#N)cc(C)c1Oc1nc(Nc2ccc(C#N)cc2)nc(N)c1Br,6.889410289700751
Cc1cc(C#N)cc(C)c1Oc1nc(Nc2ccc(C#N)cc2)nc(N)c1Br,6.97061622231479
Cc1cc(C)c(Nc2ccnc(Nc3ccc(C#N)cc3)n2)c(C)c1,6.431798275933005
Cc1cc(C)c(Nc2ccnc(Nc3ccc(C#N)cc3)n2)c(C)c1,6.286509456906058
Cc1cc(C)c(Nc2ccnc(Nc3ccc(C#N)cc3)n2)c(C)c1,6.2441251443275085
Cc1cc(C)c(Nc2ccnc(Nc3ccc(C#N)cc3)n2)c(C)c1,6.492144128304169
Cc1cc(C)c(Nc2ccnc(Nc3ccc(C#N)cc3)n2)c(C)c1,6.5003129173815966
Cc1cc(C)c(Nc2ccnc(Nc3ccc(C#N)cc3)n2)c(C)c1,6.366531544420414
O=C1Nc2ccc(Cl)cc2[C@@](C#CC2CC2)(C(F)(F)F)O1,7.031517051446065
O=C1Nc2ccc(Cl)cc2[C@@](C#CC2CC2)(C(F)(F)F)O1,6.950781977329818
O=C1Nc2ccc(Cl)cc2[C@@](C#CC2CC2)(C(F)(F)F)O1,6.899629454882437
O=C1Nc2ccc(Cl)cc2[C@@](C#CC2CC2)(C(F)(F)F)O1,7.7447274948966935
O=C1Nc2ccc(Cl)cc2[C@@](C#CC2CC2)(C(F)(F)F)O1,6.665546248849069
O=C1Nc2ccc(Cl)cc2[C@@](C#CC2CC2)(C(F)(F)F)O1,7.443697499232712
Cc1ccnc2c1NC(=O)c1cccnc1N2C1CC1,4.958607314841775
Cc1ccnc2c1NC(=O)c1cccnc1N2C1CC1,3.0
Cc1ccnc2c1NC(=O)c1cccnc1N2C1CC1,3.0
Cc1ccnc2c1NC(=O)c1cccnc1N2C1CC1,6.154901959985743
Cc1ccnc2c1NC(=O)c1cccnc1N2C1CC1,4.173925197299174
Cc1ccnc2c1NC(=O)c1cccnc1N2C1CC1,4.173925197299174
CC(=O)N1c2ccccc2NC2=C(C(=O)CC(C)(C)C2)C1c1ccc(Cl)cc1Cl,4.494850021680094
COc1ccc(C2C3=C(CC(C)(C)CC3=O)Nc3ccccc3N2C(C)=O)cc1OCc1ccccc1,4.494850021680094
O=C1Nc2ccc(Cl)cc2[C@@](C#CC2CC2)(C(F)(F)F)O1,6.382999658879101
CCc1nn(CCO)c(CC)c1Oc1cc(C#N)cc(C#N)c1,6.667561540084395
O=C1Nc2ccc(Cl)cc2[C@@](C#CC2CC2)(C(F)(F)F)O1,8.142667503568731
CCc1nn(CCO)c(CC)c1Oc1cc(C#N)cc(C#N)c1,6.928117992693875
Cc1ccnc2c1NC(=O)c1cccnc1N2C1CC1,13.045757490560675
CC(=O)O[C@H]1CC(=O)OC(C)(C)[C@@H]2CC(=O)[C@]3(C)[C@H](CC[C@@]4(C)[C@@H](c5ccoc5)OC(=O)[C@H]5O[C@]543)[C@@]12C,11.465973893943865
CC1(C)O[C@H]2CC(=O)OC[C@]23[C@H]2CC[C@@]4(C)[C@H](c5ccoc5)OC(=O)[C@H]5O[C@]54[C@]2(C)C(=O)C[C@@H]13,11.373659632624957
Cc1ccnc2c1NC(=O)c1cccnc1N2C1CC1,12.958607314841775
CC(=O)O[C@H]1CC(=O)OC(C)(C)[C@@H]2CC(=O)[C@]3(C)[C@H](CC[C@@]4(C)[C@@H](c5ccoc5)OC(=O)[C@H]5O[C@]543)[C@@]12C,11.448550002027124
CC1(C)O[C@H]2CC(=O)OC[C@]23[C@H]2CC[C@@]4(C)[C@H](c5ccoc5)OC(=O)[C@H]5O[C@]54[C@]2(C)C(=O)C[C@@H]13,11.675717544702307
CC1=C(Sc2cccc(C(F)(F)F)c2)C(COCCO)C(=O)NC1=O,9.2839966563652
CC1=C(Sc2cccc(F)c2)C(COCCO)C(=O)NC1=O,8.769551078621726
CC1=C(Sc2cccc(Cl)c2)C(COCCO)C(=O)NC1=O,8.657577319177793
CC1=C(Sc2cccc(Br)c2)C(COCCO)C(=O)NC1=O,8.508638306165727
CC1=C(Sc2cccc(I)c2)C(COCCO)C(=O)NC1=O,8.397940008672037
CC1=C(Sc2cccc([N+](=O)[O-])c2)C(COCCO)C(=O)NC1=O,8.267606240177031
CC1=C(Sc2cccc(O)c2)C(COCCO)C(=O)NC1=O,8.161150909262744
COc1cccc(SC2=C(C)C(=O)NC(=O)C2COCCO)c1,7.698970004336019
CC1=C(Sc2cc(C)cc(C)c2)C(COCCO)C(=O)NC1=O,7.619788758288394
CC1=C(Sc2cc(Cl)cc(Cl)c2)C(COCCO)C(=O)NC1=O,7.568636235841013
CC(C)C1=C(Sc2ccccc2)C(COCCO)C(=O)NC1=O,7.508638306165727
CCC1=C(Sc2cc(C)cc(C)c2)C(COCCO)C(=O)NC1=O,7.096910013008056
Cc1cc(C)cc(SC2=C(C(C)C)C(=O)NC(=O)C2COCCO)c1,7.267606240177032
CC1=C(Sc2ccccc2)C(COCc2ccccc2)C(=O)NC1=O,6.954677021213342
CCOCC1C(=O)NC(=O)C(CC)=C1Sc1ccccc1,7.0
CCOCC1C(=S)NC(=O)C(CC)=C1Sc1ccccc1,6.863279432843593
CCOCC1C(=O)NC(=O)C(CC)=C1Sc1cc(C)cc(C)c1,6.6777807052660805
CCOCC1C(=S)NC(=O)C(CC)=C1Sc1cc(C)cc(C)c1,6.522878745280337
CCC1=C(Sc2ccccc2)C(COC2CCCCC2)C(=S)NC1=O,6.619788758288394
CCC1=C(Sc2ccccc2)C(COCC2CCCCC2)C(=S)NC1=O,6.425968732272281
CCC1=C(Sc2ccccc2)C(COCc2ccc(C)cc2)C(=S)NC1=O,6.374687549038326
CCC1=C(Sc2ccccc2)C(COCc2ccc(Cl)cc2)C(=S)NC1=O,6.393618634889395
CCC1=C(Sc2ccccc2)C(COCCc2ccccc2)C(=S)NC1=O,6.325138859262188
CCOCC1C(=O)NC(=O)C(CC)=C1Sc1cc(Cl)cc(Cl)c1,6.224025668870631
CCc1c(C(=O)c2ccccc2)n(COCc2ccccc2)c(=O)n(O)c1=O,4.853871964321762
CCc1c(C(=O)c2ccccc2)n(COCc2ccc(F)cc2)c(=O)n(O)c1=O,4.638272163982407
CCc1c(C(=O)c2cc(C)cc(C)c2)n(COCc2ccc(F)cc2)c(=O)n(O)c1=O,5.119186407719209
CCc1c(C(=O)c2cc(C)cc(C)c2)n(COCc2ccccc2)c(=O)n(O)c1=O,6.0
CCc1c(C(=O)c2cc(C)cc(C)c2)n(COCCc2ccc(F)cc2)c(=O)n(O)c1=O,5.0
CCOCn1c(C(=O)c2ccccc2)c(CC)c(=O)n(O)c1=O,4.366531544420414
CCOCn1c(C(=O)c2cc(C)cc(C)c2)c(CC)c(=O)n(O)c1=O,6.301029995663981
COc1ccc2cc3[n+](cc2c1OC)CCc1cc2c(cc1-3)OCO2.[Cl-],7.0
COc1cc2c(cc1O)-c1cc3ccc(OC)c(OC)c3c[n+]1CC2.[I-],7.236572006437063
O=[N+]([O-])c1cc([N+](=O)[O-])c([O-])c([N+](=O)[O-])c1.c1c2c(cc3c1OCO3)-c1cc3ccc4c(c3c[n+]1CC2)OCO4,7.251811972993799
COc1cc2c(cc1O)CC[n+]1cc3c(OC)c(OC)ccc3cc1-2.[Cl-],7.1487416512809245
Cc1cc(C)cc(S(=O)(=O)c2c(C(=O)NCCOc3ccccc3)[nH]c3ccc(Cl)cc23)c1,4.3979400086720375
Cc1cc(C)cc(S(=O)(=O)c2c(C(=O)NCCOc3ccccc3)[nH]c3ccc(Br)cc23)c1,4.3979400086720375
Cc1cc(C)cc(S(=O)(=O)c2c(C(=O)NCCOc3ccccc3)[nH]c3ccc([N+](=O)[O-])cc23)c1,4.3979400086720375
Cc1cc(C)cc(S(=O)(=O)c2c(C(=O)NCc3ccccc3)[nH]c3ccc(Cl)cc23)c1,4.3979400086720375
Cc1cc(C)cc(S(=O)(=O)c2c(C(=O)NCCN3CCOCC3)[nH]c3ccc([N+](=O)[O-])cc23)c1,4.3979400086720375
Cc1cc(C)cc(S(=O)(=O)c2c(C(=O)NCCc3ccccc3)[nH]c3ccc([N+](=O)[O-])cc23)c1,4.3979400086720375
Cc1cc(C)cc(S(=O)(=O)c2c(C(=O)NCCOc3ccccc3)[nH]c3ccc(Cl)cc23)c1,4.3979400086720375
Cc1cc(C)cc(S(=O)(=O)c2c(C(=O)NCCOc3ccccc3)[nH]c3ccc(Br)cc23)c1,4.3979400086720375
Cc1cc(C)cc(S(=O)(=O)c2c(C(=O)NCCOc3ccccc3)[nH]c3ccc([N+](=O)[O-])cc23)c1,4.3979400086720375
Cc1cn([C@@H]2O[C@H](CO[Si](C)(C)C(C)(C)C)[C@@]3(OS(=O)(=O)C=C3N)[C@H]2O[Si](C)(C)C(C)(C)C)c(=O)[nH]c1=O,5.920818753952375
Cc1cn([C@@H]2O[C@H](CO[Si](C)(C)C(C)(C)C)[C@@]3(OS(=O)(=O)C=C3N)[C@H]2O[Si](C)(C)C(C)(C)C)c(=O)n(C)c1=O,5.619788758288394
Cc1cn([C@@H]2O[C@H](CO[Si](C)(C)C(C)(C)C)[C@]3(C=CS(=O)(=O)O3)[C@H]2O[Si](C)(C)C(C)(C)C)c(=O)n(C)c1=O,5.481486060122113
Cc1cn([C@@H]2O[C@H](CO[Si](C)(C)C(C)(C)C)[C@@]3(OS(=O)(=O)C=C3N)[C@H]2O[Si](C)(C)C(C)(C)C)c(=O)[nH]c1=O,7.0
Cc1cn([C@@H]2O[C@H](CO[Si](C)(C)C(C)(C)C)[C@@]3(OS(=O)(=O)C=C3N)[C@H]2O[Si](C)(C)C(C)(C)C)c(=O)n(C)c1=O,7.0
Cc1cn([C@@H]2O[C@H](CO[Si](C)(C)C(C)(C)C)[C@@]3(OS(=O)(=O)C=C3N)[C@H]2O[Si](C)(C)C(C)(C)C)c(=O)[nH]c1=O,7.0
Cc1cn([C@@H]2O[C@H](CO[Si](C)(C)C(C)(C)C)[C@@]3(OS(=O)(=O)C=C3N)[C@H]2O[Si](C)(C)C(C)(C)C)c(=O)n(C)c1=O,7.0
CNC(=O)CCCCn1c(=O)c(C)cn([C@@H]2O[C@H](CO[Si](C)(C)C(C)(C)C)[C@@]3(OS(=O)(=O)C=C3N)[C@H]2O[Si](C)(C)C(C)(C)C)c1=O,6.251811972993799
Cc1cc(C)cc(S(=O)(=O)c2c(C(=O)NCc3ccccc3)[nH]c3ccc(Cl)cc23)c1,4.3979400086720375
Cc1cc(C)cc(S(=O)(=O)c2c(C(=O)NCc3ccccc3)[nH]c3ccc(Br)cc23)c1,4.3979400086720375
Cc1cc(C)cc(S(=O)(=O)c2c(C(=O)NCc3ccccc3)[nH]c3ccc([N+](=O)[O-])cc23)c1,4.3979400086720375
Cc1cc(C)cc(S(=O)(=O)c2c(C(=O)NCc3ccccc3)[nH]c3ccc(Cl)c(F)c23)c1,4.3979400086720375
Cc1cc(C)cc(S(=O)(=O)c2c(C(=O)NCCN3CCCC3)[nH]c3ccc(Cl)cc23)c1,4.3979400086720375
Cc1cc(C)cc(S(=O)(=O)c2c(C(=O)NCCN3CCCC3)[nH]c3ccc(Br)cc23)c1,4.3979400086720375
Cc1cc(C)cc(S(=O)(=O)c2c(C(=O)NCCN3CCCC3)[nH]c3ccc([N+](=O)[O-])cc23)c1,4.3979400086720375
Cc1cc(C)cc(S(=O)(=O)c2c(C(=O)NCCN3CCCC3)[nH]c3ccc(Cl)c(F)c23)c1,4.3979400086720375
Cc1cc(C)cc(S(=O)(=O)c2c(C(=O)NCCN3CCOCC3)[nH]c3ccc(Cl)cc23)c1,4.3979400086720375
Cc1cc(C)cc(S(=O)(=O)c2c(C(=O)NCCN3CCOCC3)[nH]c3ccc(Br)cc23)c1,4.3979400086720375
Cc1cc(C)cc(S(=O)(=O)c2c(C(=O)NCCN3CCOCC3)[nH]c3ccc([N+](=O)[O-])cc23)c1,4.3979400086720375
Cc1cc(C)cc(S(=O)(=O)c2c(C(=O)NCCN3CCOCC3)[nH]c3ccc(Cl)c(F)c23)c1,4.3979400086720375
Cc1cc(C)cc(S(=O)(=O)c2c(C(=O)NCCc3ccccc3)[nH]c3ccc(Cl)cc23)c1,4.3979400086720375
Cc1cc(C)cc(S(=O)(=O)c2c(C(=O)NCCc3ccccc3)[nH]c3ccc(Br)cc23)c1,4.3979400086720375
Cc1cc(C)cc(S(=O)(=O)c2c(C(=O)NCCc3ccccc3)[nH]c3ccc([N+](=O)[O-])cc23)c1,4.3979400086720375
Cc1cc(C)cc(S(=O)(=O)c2c(C(=O)NCCn3cccc3)[nH]c3ccc(Cl)cc23)c1,4.3979400086720375
Cc1cc(C)cc(S(=O)(=O)c2c(C(=O)NCCn3cccc3)[nH]c3ccc([N+](=O)[O-])cc23)c1,4.3979400086720375
Cc1cc(C)cc(S(=O)(=O)c2c(C(=O)NCCOc3ccccc3)[nH]c3ccc(Cl)cc23)c1,4.3979400086720375
Cc1cc(C)cc(S(=O)(=O)c2c(C(=O)NCCOc3ccccc3)[nH]c3ccc(Br)cc23)c1,4.3979400086720375
Cc1cc(C)cc(S(=O)(=O)c2c(C(=O)NCCOc3ccccc3)[nH]c3ccc([N+](=O)[O-])cc23)c1,4.3979400086720375
Cc1cc(C)cc(S(=O)(=O)c2c(C(=O)NCCOc3ccccc3)[nH]c3ccc(Cl)c(F)c23)c1,4.3979400086720375
Cc1cc(C)cc(S(=O)(=O)c2c(C(=O)NCN3CCCC3)[nH]c3ccc(Br)cc23)c1,8.096910013008056
Cc1cc(C)cc(S(=O)(=O)c2c(C(=O)NCN3CCCCC3)[nH]c3ccc(Cl)cc23)c1,8.096910013008056
Cc1cc(C)cc(S(=O)(=O)c2c(C(=O)NCN3CCCCC3)[nH]c3ccc([N+](=O)[O-])cc23)c1,8.0
Cc1cc(C)cc(S(=O)(=O)c2c(C(=O)NCN3CCCC3)[nH]c3ccc(Cl)cc23)c1,7.920818753952375
Cc1cc(C)cc(S(=O)(=O)c2c(C(=O)NCN3CCCCC3)[nH]c3ccc([N+](=O)[O-])cc23)c1,7.886056647693163
Cc1cc(C)cc(S(=O)(=O)c2c(C(=O)NCCn3cccc3)[nH]c3ccc(Cl)cc23)c1,7.853871964321762
Cc1cc(C)cc(S(=O)(=O)c2c(C(=O)NCN3CCCC3)[nH]c3ccc(Br)cc23)c1,7.853871964321762
Cc1cc(C)cc(S(=O)(=O)c2c(C(=O)NCc3ccccc3)[nH]c3ccc([N+](=O)[O-])cc23)c1,7.853871964321762
Cc1cc(C)cc(S(=O)(=O)c2c(C(=O)NCc3ccccc3)[nH]c3ccc(Cl)cc23)c1,7.823908740944319
Cc1cc(C)cc(S(=O)(=O)c2c(C(=O)NCc3ccccc3)[nH]c3ccc([N+](=O)[O-])cc23)c1,7.769551078621726
Cc1cc(C)cc(S(=O)(=O)c2c(C(=O)NCCn3cccc3)[nH]c3ccc(Cl)c(F)c23)c1,7.7447274948966935
Cc1cc(C)cc(S(=O)(=O)c2c(C(=O)NCN3CCCCC3)[nH]c3ccc(Br)cc23)c1,7.721246399047171
Cc1cc(C)cc(S(=O)(=O)c2c(C(=O)NCc3ccccc3)[nH]c3ccc(Cl)cc23)c1,7.6777807052660805
Cc1cc(C)cc(S(=O)(=O)c2c(C(=O)NCCc3ccccc3)[nH]c3ccc(Br)cc23)c1,7.638272163982407
Cc1cc(C)cc(S(=O)(=O)c2c(C(=O)NCCn3cccc3)[nH]c3ccc([N+](=O)[O-])cc23)c1,7.638272163982407
Cc1cc(C)cc(S(=O)(=O)c2c(C(=O)NCN3CCCC3)[nH]c3ccc(Cl)cc23)c1,7.585026652029182
Cc1cc(C)cc(S(=O)(=O)c2c(C(=O)NCCc3ccccc3)[nH]c3ccc(Cl)cc23)c1,7.568636235841013
Cc1cc(C)cc(S(=O)(=O)c2c(C(=O)NCN3CCCCC3)[nH]c3ccc(Br)cc23)c1,7.522878745280337
Cc1cc(C)cc(S(=O)(=O)c2c(C(=O)NCCn3cccc3)[nH]c3ccc(Cl)c(F)c23)c1,7.522878745280337
Cc1cc(C)cc(S(=O)(=O)c2c(C(=O)NCN3CCCC3)[nH]c3ccc([N+](=O)[O-])cc23)c1,7.468521082957745
Cc1cc(C)cc(S(=O)(=O)c2c(C(=O)NCCn3cccc3)[nH]c3ccc([N+](=O)[O-])cc23)c1,7.468521082957745
Cc1cc(C)cc(S(=O)(=O)c2c(C(=O)NCCn3cccc3)[nH]c3ccc(Cl)cc23)c1,7.468521082957745
Cc1cc(C)cc(S(=O)(=O)c2c(C(=O)NCN3CCCCC3)[nH]c3ccc(Cl)cc23)c1,7.431798275933005
Cc1cc(C)cc(S(=O)(=O)c2c(C(=O)NCc3ccccc3)[nH]c3ccc(Cl)c(F)c23)c1,7.3979400086720375
Cc1cc(C)cc(S(=O)(=O)c2c(C(=O)NCc3ccccc3)[nH]c3ccc(Cl)c(F)c23)c1,7.3979400086720375
Cc1cc(C)cc(S(=O)(=O)c2c(C(=O)NCCc3ccccc3)[nH]c3ccc([N+](=O)[O-])cc23)c1,7.3979400086720375
Cc1cc(C)cc(S(=O)(=O)c2c(C(=O)NCN3CCOCC3)[nH]c3ccc(Cl)cc23)c1,7.267606240177032
Cc1cc(C)cc(S(=O)(=O)c2c(C(=O)NCN3CCCC3)[nH]c3ccc([N+](=O)[O-])cc23)c1,7.267606240177032
Cc1cc(C)cc(S(=O)(=O)c2c(C(=O)NCCN3CCOCC3)[nH]c3ccc([N+](=O)[O-])cc23)c1,7.259637310505756
Cc1cc(C)cc(S(=O)(=O)c2c(C(=O)NCCc3ccccc3)[nH]c3ccc([N+](=O)[O-])cc23)c1,7.221848749616356
Cc1cc(C)cc(S(=O)(=O)c2c(C(=O)NCCN3CCOCC3)[nH]c3ccc(Br)cc23)c1,7.200659450546418
Cc1cc(C)cc(S(=O)(=O)c2c(C(=O)NCCN3CCCC3)[nH]c3ccc(Br)cc23)c1,7.187086643357144
Cc1cc(C)cc(S(=O)(=O)c2c(C(=O)NCCOc3ccccc3)[nH]c3ccc(Cl)c(F)c23)c1,7.180456064458132
Cc1cc(C)cc(S(=O)(=O)c2c(C(=O)NCN3CCCC3)[nH]c3ccc(Br)cc23)c1,7.173925197299173
Cc1cc(C)cc(S(=O)(=O)c2c(C(=O)NCCOc3ccccc3)[nH]c3ccc(Cl)c(F)c23)c1,7.167491087293763
Cc1cc(C)cc(S(=O)(=O)c2c(C(=O)NCCc3ccccc3)[nH]c3ccc(Cl)cc23)c1,7.113509274827518
Cc1cc(C)cc(S(=O)(=O)c2c(C(=O)NCN3CCOCC3)[nH]c3ccc(Cl)c(F)c23)c1,7.096910013008056
Cc1cc(C)cc(S(=O)(=O)c2c(C(=O)NCCN3CCCC3)[nH]c3ccc(Cl)cc23)c1,7.096910013008056
Cc1cc(C)cc(S(=O)(=O)c2c(C(=O)NCCn3cccc3)[nH]c3ccc(Cl)cc23)c1,7.070581074285707
Cc1cc(C)cc(S(=O)(=O)c2c(C(=O)NCN3CCCC3)[nH]c3ccc(Cl)cc23)c1,7.017728766960431
Cc1cc(C)cc(S(=O)(=O)c2c(C(=O)NCCN3CCOCC3)[nH]c3ccc(Cl)cc23)c1,7.00436480540245
Cc1cc(C)cc(S(=O)(=O)c2c(C(=O)NCN3CCOCC3)[nH]c3ccc([N+](=O)[O-])cc23)c1,7.00436480540245
Cc1cc(C)cc(S(=O)(=O)c2c(C(=O)NCN3CCOCC3)[nH]c3ccc(Br)cc23)c1,7.0
Cc1cc(C)cc(S(=O)(=O)c2c(C(=O)NCCN3CCOCC3)[nH]c3ccc(Br)cc23)c1,6.966576244513051
Cc1cc(C)cc(S(=O)(=O)c2c(C(=O)NCN3CCOCC3)[nH]c3ccc(Cl)cc23)c1,6.931814138253839
Cc1cc(C)cc(S(=O)(=O)c2c(C(=O)NCN3CCCCC3)[nH]c3ccc(Cl)cc23)c1,6.920818753952375
Cc1cc(C)cc(S(=O)(=O)c2c(C(=O)NCN3CCCCC3)[nH]c3ccc(Br)cc23)c1,6.903089986991944
Cc1cc(C)cc(S(=O)(=O)c2c(C(=O)NCCc3ccccc3)[nH]c3ccc(Br)cc23)c1,6.892790030352131
Cc1cc(C)cc(S(=O)(=O)c2c(C(=O)NCc3ccccc3)[nH]c3ccc(Cl)c(F)c23)c1,6.841637507904751
Cc1cc(C)cc(S(=O)(=O)c2c(C(=O)NCN3CCOCC3)[nH]c3ccc([N+](=O)[O-])cc23)c1,6.823908740944319
Cc1cc(C)cc(S(=O)(=O)c2c(C(=O)NCCN3CCCC3)[nH]c3ccc(Cl)c(F)c23)c1,6.801342913045577
Cc1cc(C)cc(S(=O)(=O)c2c(C(=O)NCN3CCOCC3)[nH]c3ccc(Br)cc23)c1,6.774690718274137
Cc1cc(C)cc(S(=O)(=O)c2c(C(=O)NCCn3cccc3)[nH]c3ccc(Cl)c(F)c23)c1,6.769551078621726
Cc1cc(C)cc(S(=O)(=O)c2c(C(=O)NCCN3CCOCC3)[nH]c3ccc(Cl)cc23)c1,6.647817481888637
Cc1cc(C)cc(S(=O)(=O)c2c(C(=O)NCN3CCOCC3)[nH]c3ccc(Cl)c(F)c23)c1,6.617982957425132
Cc1cc(C)cc(S(=O)(=O)c2c(C(=O)NCCN3CCCC3)[nH]c3ccc(Cl)cc23)c1,6.605548319173784
Cc1cc(C)cc(S(=O)(=O)c2c(C(=O)NCCn3cccc3)[nH]c3ccc([N+](=O)[O-])cc23)c1,6.565431095965801
Cc1cc(C)cc(S(=O)(=O)c2c(C(=O)NCc3ccccc3)[nH]c3ccc(Br)cc23)c1,6.5638373529592435
Cc1cc(C)cc(S(=O)(=O)c2c(C(=O)NCCN3CCCC3)[nH]c3ccc([N+](=O)[O-])cc23)c1,6.552841968657781
Cc1cc(C)cc(S(=O)(=O)c2c(C(=O)NCN3CCCC3)[nH]c3ccc([N+](=O)[O-])cc23)c1,6.542118103266008
Cc1cc(C)cc(S(=O)(=O)c2c(C(=O)NCN3CCCCC3)[nH]c3ccc([N+](=O)[O-])cc23)c1,6.512861624522813
Cc1cc(C)cc(S(=O)(=O)c2c(C(=O)NCCN3CCCC3)[nH]c3ccc(Br)cc23)c1,6.501689446210399
Cc1cc(C)cc(S(=O)(=O)c2c(C(=O)NCN3CCCC3)[nH]c3ccc(Br)cc23)c1,6.3788237182249645
Cc1cc(C)cc(S(=O)(=O)c2c(C(=O)NCCN3CCOCC3)[nH]c3ccc([N+](=O)[O-])cc23)c1,6.375717904164332
Cc1cc(C)cc(S(=O)(=O)c2c(C(=O)NCN3CCCC3)[nH]c3ccc(Cl)cc23)c1,6.354577730650908
Cc1cc(C)cc(S(=O)(=O)c2c(C(=O)NCc3ccccc3)[nH]c3ccc([N+](=O)[O-])cc23)c1,6.338187314462739
Cc1cc(C)cc(S(=O)(=O)c2c(C(=O)NCN3CCCCC3)[nH]c3ccc(Br)cc23)c1,6.303643611266668
Cc1cc(C)cc(S(=O)(=O)c2c(C(=O)NCN3CCOCC3)[nH]c3ccc(Cl)cc23)c1,6.29073003902417
Cc1cc(C)cc(S(=O)(=O)c2c(C(=O)NCN3CCCCC3)[nH]c3ccc(Cl)cc23)c1,6.235823867609669
Cc1cc(C)cc(S(=O)(=O)c2c(C(=O)NCCN3CCCC3)[nH]c3ccc([N+](=O)[O-])cc23)c1,6.2262135550188065
Cc1cc(C)cc(S(=O)(=O)c2c(C(=O)NCCN3CCCC3)[nH]c3ccc(Cl)cc23)c1,6.180456064458132
Cc1cc(C)cc(S(=O)(=O)c2c(C(=O)NCCN3CCCC3)[nH]c3ccc(Br)cc23)c1,6.15676722190199
Cc1cc(C)cc(S(=O)(=O)c2c(C(=O)NCCN3CCOCC3)[nH]c3ccc(Cl)c(F)c23)c1,6.148130399270234
Cc1cc(C)cc(S(=O)(=O)c2c(C(=O)NCCN3CCOCC3)[nH]c3ccc(Cl)c(F)c23)c1,6.126679398184601
Cc1cc(C)cc(S(=O)(=O)c2c(C(=O)NCN3CCOCC3)[nH]c3ccc(Br)cc23)c1,6.06398920428479
Cc1cc(C)cc(S(=O)(=O)c2c(C(=O)NCN3CCOCC3)[nH]c3ccc([N+](=O)[O-])cc23)c1,6.063486257521107
Cc1cc(C)cc(S(=O)(=O)c2c(C(=O)NCCOc3ccccc3)[nH]c3ccc([N+](=O)[O-])cc23)c1,6.022276394711152
Cc1cc(C)cc(S(=O)(=O)c2c(C(=O)NCN3CCCCC3)[nH]c3ccc([N+](=O)[O-])cc23)c1,6.000434511774017
Cc1cc(C)cc(S(=O)(=O)c2c(C(=O)NCN3CCCC3)[nH]c3ccc([N+](=O)[O-])cc23)c1,5.99012436628784
Cc1cc(C)cc(S(=O)(=O)c2c(C(=O)NCc3ccccc3)[nH]c3ccc(Br)cc23)c1,5.977159389123472
Cc1cc(C)cc(S(=O)(=O)c2c(C(=O)NCN3CCOCC3)[nH]c3ccc(Cl)c(F)c23)c1,5.931072388317928
Cc1cc(C)cc(S(=O)(=O)c2c(C(=O)NCCN3CCCC3)[nH]c3ccc([N+](=O)[O-])cc23)c1,5.870632404277014
Cc1cc(C)cc(S(=O)(=O)c2c(C(=O)NCCN3CCOCC3)[nH]c3ccc(Br)cc23)c1,5.864867348623225
Cc1cc(C)cc(S(=O)(=O)c2c(C(=O)NCCN3CCCC3)[nH]c3ccc(Cl)c(F)c23)c1,5.810509686300632
Cc1cc(C)cc(S(=O)(=O)c2c(C(=O)NCN3CCOCC3)[nH]c3ccc([N+](=O)[O-])cc23)c1,5.795337488251781
Cc1cc(C)cc(S(=O)(=O)c2c(C(=O)NCCc3ccccc3)[nH]c3ccc(Br)cc23)c1,5.773657912836369
Cc1cc(C)cc(S(=O)(=O)c2c(C(=O)NCc3ccccc3)[nH]c3ccc(Br)cc23)c1,5.732359017654084
Cc1cc(C)cc(S(=O)(=O)c2c(C(=O)NCCOc3ccccc3)[nH]c3ccc(Cl)cc23)c1,5.620694482249418
Cc1cc(C)cc(S(=O)(=O)c2c(C(=O)NCCN3CCCC3)[nH]c3ccc(Cl)c(F)c23)c1,5.618884919290149
Cc1cc(C)cc(S(=O)(=O)c2c(C(=O)NCCn3cccc3)[nH]c3ccc(Cl)c(F)c23)c1,5.431798275933005
Cc1cc(C)cc(S(=O)(=O)c2c(C(=O)NCN3CCOCC3)[nH]c3ccc(Br)cc23)c1,5.366228653917444
Cc1cc(C)cc(S(=O)(=O)c2c(C(=O)NCCOc3ccccc3)[nH]c3ccc(Br)cc23)c1,5.326150022657051
Cc1cc(C)cc(S(=O)(=O)c2c(C(=O)NCN3CCOCC3)[nH]c3ccc(Cl)cc23)c1,5.2611401979278
Cc1cc(C)cc(S(=O)(=O)c2c(C(=O)NCCN3CCOCC3)[nH]c3ccc(Cl)c(F)c23)c1,5.195792394917959
Cc1cc(C)cc(S(=O)(=O)c2c(C(=O)NCCN3CCOCC3)[nH]c3ccc(Cl)cc23)c1,5.175093528697888
Cc1cc(C)cc(S(=O)(=O)c2c(C(=O)NCN3CCOCC3)[nH]c3ccc(Cl)c(F)c23)c1,4.99097425791309
Cc1cc(C)cc(S(=O)(=O)c2c(C(=O)NCCc3ccccc3)[nH]c3ccc(Cl)cc23)c1,4.983384452442823
Cc1cc(C)cc(S(=O)(=O)c2c(C(=O)NCCOc3ccccc3)[nH]c3ccc(Cl)c(F)c23)c1,4.732828271596986
Nc1nc2c(ncn2[C@H]2CC[C@@H](COP(=O)(O)OP(=O)(O)OP(=O)(O)O)O2)c(=O)[nH]1,9.958607314841775
Nc1nc2c(ncn2[C@H]2CC[C@@H](COP(=O)(O)OP(=O)(O)OP(=O)(O)O)O2)c(=O)[nH]1,9.920818753952375
Nc1nc2c(ncn2[C@H]2CC[C@@H](COP(=O)(O)OP(=O)(O)OP(=O)(O)O)O2)c(=O)[nH]1,9.958607314841775
COc1cc(/C=C/C(=O)O[C@H]2CC[C@]34C[C@]35CC[C@]3(C)[C@@H]([C@H](C)CCC=C(C)C)CC[C@@]3(C)[C@@H]5CC[C@H]4C2(C)C)ccc1O,8.657577319177793
C=C(CC[C@@H](C)[C@H]1CC[C@@]2(C)[C@@H]3CC[C@H]4C(C)(C)[C@@H](OC(=O)/C=C/c5ccc(O)c(OC)c5)CC[C@@]45C[C@@]35CC[C@]12C)C(C)C,8.721246399047171
C=C(C)[C@@H]1CC[C@]2(C)CC[C@]3(C)[C@H](CC[C@@H]4[C@@]5(C)CCC(=O)C(C)(C)[C@@H]5CC[C@]43C)[C@@H]12,8.67778070526608
C=C(C)[C@@H]1CC[C@]2(COC(C)=O)CC[C@]3(C)[C@H](CC[C@@H]4[C@@]5(C)CC[C@H](OC(C)=O)C(C)(C)[C@@H]5CC[C@]43C)[C@@H]12,8.853871964321762
CC1(C)[C@H](O)CC[C@]2(C)C3=CC[C@@]4(C)[C@@H]5C[C@](C)(COC(=O)c6ccccc6)CC[C@]5(C)CC[C@]4(C)C3=CC[C@@H]12,8.657577319177793
CCC1(c2ccc(CSc3c(Cl)cccc3Cl)cc2)Oc2ccccc2-n2cccc2C1=O,4.3979400086720375
CCC1(c2ccc(CSc3ccc(F)cc3Cl)cc2)Oc2ccccc2-n2cccc2C1=O,4.3979400086720375
CCC1(c2ccc(CSc3ccc(Br)cc3)cc2)Oc2ccccc2-n2cccc2C1=O,6.5376020021010435
CCC1(c2ccc(CSc3ccc(F)cc3)cc2)Oc2ccccc2-n2cccc2C1=O,4.3979400086720375
CCC1(c2ccc(CSc3ccccc3)cc2)Oc2ccccc2-n2cccc2C1=O,6.823908740944319
CCC1(c2ccc(COc3cccc(Cl)c3)cc2)Oc2ccccc2-n2cccc2C1=O,6.522878745280337
Cc1ccnc2c1NC(=O)c1cccnc1N2C1CC1,5.698970004336019
CCC1(c2ccc(CSc3c(Cl)cccc3Cl)cc2)Oc2ccccc2-n2cccc2C1=O,3.3979400086720375
CCC1(c2ccc(CSc3ccc(F)cc3Cl)cc2)Oc2ccccc2-n2cccc2C1=O,3.3979400086720375
CCC1(c2ccc(CSc3ccc(Br)cc3)cc2)Oc2ccccc2-n2cccc2C1=O,3.3979400086720375
CCC1(c2ccc(CSc3ccc(F)cc3)cc2)Oc2ccccc2-n2cccc2C1=O,3.3979400086720375
CCC1(c2ccc(CSc3ccccc3)cc2)Oc2ccccc2-n2cccc2C1=O,6.00436480540245
CCC1(c2ccc(COc3cccc(Cl)c3)cc2)Oc2ccccc2-n2cccc2C1=O,6.6020599913279625
CCC1(c2ccc(COc3ccccc3)cc2)Oc2ccccc2-n2cccc2C1=O,6.698970004336019
Cc1ccnc2c1NC(=O)c1cccnc1N2C1CC1,5.045757490560675
CCC1(c2ccc(CSc3c(Cl)cccc3Cl)cc2)Oc2ccccc2-n2cccc2C1=O,3.3979400086720375
CCC1(c2ccc(CSc3ccc(F)cc3Cl)cc2)Oc2ccccc2-n2cccc2C1=O,4.688034339631634
CCC1(c2ccc(CSc3ccc(Br)cc3)cc2)Oc2ccccc2-n2cccc2C1=O,5.935542010773082
CCC1(c2ccc(CSc3ccc(F)cc3)cc2)Oc2ccccc2-n2cccc2C1=O,5.474955192963154
CCC1(c2ccc(CSc3ccccc3)cc2)Oc2ccccc2-n2cccc2C1=O,6.6020599913279625
CCC1(c2ccc(COc3cccc(Cl)c3)cc2)Oc2ccccc2-n2cccc2C1=O,6.522878745280337
CCC1(c2ccc(COc3ccccc3)cc2)Oc2ccccc2-n2cccc2C1=O,6.3979400086720375
Cc1ccnc2c1NC(=O)c1cccnc1N2C1CC1,5.154901959985743
CCC1(c2ccc(CSc3c(Cl)cccc3Cl)cc2)Oc2ccccc2-n2cccc2C1=O,5.133122185662501
CCC1(c2ccc(CSc3ccc(F)cc3Cl)cc2)Oc2ccccc2-n2cccc2C1=O,6.214670164989233
CCC1(c2ccc(CSc3ccc(Br)cc3)cc2)Oc2ccccc2-n2cccc2C1=O,7.221848749616356
CCC1(c2ccc(CSc3ccc(F)cc3)cc2)Oc2ccccc2-n2cccc2C1=O,6.6020599913279625
CCC1(c2ccc(CSc3ccccc3)cc2)Oc2ccccc2-n2cccc2C1=O,7.221848749616356
CCC1(c2ccc(COc3cccc(Cl)c3)cc2)Oc2ccccc2-n2cccc2C1=O,7.0
CCC1(c2ccc(COc3ccccc3)cc2)Oc2ccccc2-n2cccc2C1=O,6.823908740944319
Cc1ccnc2c1NC(=O)c1cccnc1N2C1CC1,6.3979400086720375
CC(C)c1ccc(O)c(=O)c(O)c1,6.6777807052660805
CCS(=O)(=O)CC(C)(O)[C@H]1CCc2c(c(C)cc(O)c(=O)c2O)C1,6.619788758288394
CCSCC(C)(O)[C@H]1CCc2c(c(C)cc(O)c(=O)c2O)C1,6.42021640338319
CCN(CC)CC(C)(O)[C@H]1CCc2c(c(C)cc(O)c(=O)c2O)C1,6.301029995663981
Cc1cc(O)c(=O)c(O)c2c1C[C@@H](C(C)(O)CS(=O)(=O)c1ccccc1)CC2,6.292429823902063
C=C(C)[C@H]1CCc2c(c(C)cc(O)c(=O)c2O)C1,6.221848749616356
Cc1cc(O)c(=O)c(O)c2c1C[C@@H](C(C)O)CC2,6.167491087293763
Cc1cc(O)c(=O)c(O)c2c1C[C@@H](C(C)(O)CN1CCCCC1)CC2,6.086186147616283
Cc1cc(O)c(=O)c(O)c2c1C[C@@H](C(C)(O)CSc1ccccc1)CC2,6.031517051446065
Cc1cc(O)c(=O)c(O)c2c1C[C@@H](C(C)NCc1ccccc1)CC2,6.017728766960431
Cc1cc(O)c(=O)c(O)c2c1C[C@@H](C(C)(O)CNCc1ccccc1F)CC2,5.920818753952375
Cc1cc(O)c(=O)c(O)c2c1C[C@@H](C(C)(O)CNc1ccccc1)CC2,5.920818753952375
Cc1cc(O)c(=O)c(O)c2c1C[C@@H](C(C)(O)CSCc1ccccc1)CC2,5.886056647693163
Cc1cc(O)c(=O)c(O)c2c1C[C@@H](C(C)(O)C[S+]([O-])c1ccccc1)CC2,5.886056647693163
Cc1cc(O)c(=O)c(O)c2c1C[C@@H](C(C)(O)Cn1ccnc1)CC2,5.721246399047171
CC(=O)Oc1cc(C)c2c(c(OC(C)=O)c1=O)CC[C@H](C(C)(O)CO)C2,5.721246399047171
CCc1c(CN2CCCc3ccccc32)nc(SCC(=O)c2ccccc2)[nH]c1=O,4.513144644723057
Cc1ccnc2c1NC(=O)c1cccnc1N2C1CC1,5.356547323513812
Cc1ccnc2c1NC(=O)c1cccnc1N2C1CC1,6.173925197299173
Clc1ccccc1-c1nc2ccc3ccccc3n2c1NC1CCCCC1,5.123782159408358
Cc1c(Br)ccc2nc(-c3ccccc3Cl)c(NC3CCCCC3)n12,4.7237680420781665
Clc1ccccc1-c1nc2cccc(Br)n2c1NC1CCCCC1,5.335358024443875
Clc1ccccc1-c1nc2ccc(Br)cn2c1NC1CCCCC1,4.913640169325252
Clc1ccccc1-c1nc2cccc(Cl)n2c1NC1CCCCC1,5.42712839779952
Clc1ccc2nc(-c3ccccc3Cl)c(NC3CCCCC3)n2c1,4.8395314688809625
Fc1ccc2nc(-c3ccccc3Cl)c(NC3CCCCC3)n2c1,4.947690900352677
N#Cc1cccc2nc(-c3ccccc3Cl)c(NC3CCCCC3)n12,5.459670525209126
N#Cc1ccc2nc(-c3ccccc3Cl)c(NC3CCCCC3)n2c1,5.180456064458132
Cc1cccc2nc(-c3ccccc3Cl)c(NC3CCCCC3)n12,5.809668301829708
Cc1ccc2nc(-c3ccccc3Cl)c(NC3CCCCC3)n2c1,5.268411234813262
Cc1cccn2c(NC3CCCCC3)c(-c3ccccc3Cl)nc12,5.1438755557577
Clc1ccccc1-c1nc2ccccn2c1NC1CCCCC1,5.356547323513812
Cc1cc(C)c(Nc2ccc(=O)n(Nc3ccc(C#N)cc3)c2)c(C)c1,3.1191864077192086
Cc1cc(C)c(Nc2ccc(=O)n(Nc3ccc(C#N)cc3)n2)c(C)c1,3.262012673666569
Cc1cc(C)c(Oc2ccc(=O)n(Nc3ccc(C#N)cc3)n2)c(C)c1,4.0
Cc1cc(C)c(Oc2nn(Nc3ccc(C#N)cc3)c(=O)c3ccccc23)c(C)c1,3.032452023781138
O=C1Nc2ccc(Cl)cc2[C@@](C#CC2CC2)(C(F)(F)F)O1,5.818156412055227
Cc1cc(C)c(Nc2ccnc(Nc3ccc(C#N)cc3)n2)c(C)c1,5.6020599913279625
O=C(CSc1ncnn1-c1ccc(Cl)cc1Cl)Nc1ccccc1[N+](=O)[O-],3.3266012090438646
COC(=O)c1ccc(NC(=O)CSc2ncnn2-c2ccc(Cl)cc2Cl)c(Br)c1,3.4141784483858726
CCOC(=O)c1ccc(NC(=O)CSc2ncnn2-c2ccc(Cl)cc2Cl)c(Br)c1,3.5266298307112054
Cc1ccnc2c1NC(=O)c1cccnc1N2C1CC1,5.357535479757878
C[C@H](Cn1cnc2c(N)ncnc21)OCP(=O)([O-])OP(=O)([O-])OP(=O)([O-])[O-].[Na+].[Na+].[Na+].[Na+],4.94692155651658
Nc1ncnc2c1ncn2CCOCP(=O)([O-])OP(=O)([O-])OP(=O)([O-])[O-].[Na+].[Na+].[Na+].[Na+],5.154901959985743
C[C@H](Cn1cnc2c(N)ncnc21)OCP(=O)([S-])OP(=O)([O-])OP(=O)([O-])[O-].[Na+].[Na+].[Na+].[Na+],4.856985199745905
Nc1ncnc2c1ncn2CCOCP(=O)([S-])OP(=O)([O-])OP(=O)([O-])[O-].[Na+].[Na+].[Na+].[Na+],5.167491087293763
CCCCCCCCCCCC(=O)Oc1cccc2c1C(=O)C=CC2=O,4.0
CCCCCCCC/C=C\CCCCCCCC(=O)Oc1cccc2c1C(=O)C=CC2=O,4.0
O=C1C=Cc2ccccc2/C1=C/NNS(=O)(=O)c1cc(Cl)c(Cl)cc1Cl,5.0
O=[N+]([O-])c1ccc(O)c(/C=N/NS(=O)(=O)c2cc(Cl)c(Cl)cc2Cl)c1,4.795880017344075
Oc1ccc(-c2csc(Nc3ccccn3)n2)cc1O,4.7447274948966935
O=C(N/N=C/c1cccc([N+](=O)[O-])c1)c1ccc(O)cc1,4.6777807052660805
COc1ccccc1C(=O)N/N=C/c1c(O)ccc2ccccc12,4.6777807052660805
O=C(N/N=C/c1ccc(O)c(O)c1)c1ccccc1,4.301029995663981
Cc1ccc(S(=O)(=O)N/N=C/c2c(O)ccc3ccccc23)cc1,4.236572006437063
Oc1ccc2ccccc2c1/C=N/NC(=S)N[C@@H]1CN2CCC1CC2,4.214670164989233
CC(=O)Nc1ccc(S(=O)(=O)N/N=C/c2c(O)ccc3ccccc23)cc1,4.1938200260161125
Nc1ccc(C(=O)Nc2ccc3c(O)cc(S(=O)(=O)O)cc3c2)cc1,4.008773924307505
COc1cc(/C=N/NS(=O)(=O)c2ccc(N)cc2)ccc1O,4.0
Cc1ccc(C(=O)N/N=C/c2c(O)ccc3ccccc23)cc1,4.0
COc1ccccc1/C=N/NC(=O)c1ccc(O)cc1,4.0
CCCCCc1cc(C(=O)N/N=C(\C)c2ccc(O)c(OC)c2)c2ccccc2n1,4.0
OC[C@@H]1O[C@H](n2cnc3c(NCCc4ccc(O)c(O)c4)ncnc32)[C@@H](O)[C@@H]1O,4.0
Nc1ccc(S(=O)(=O)N/N=C/c2ccccc2[N+](=O)[O-])cc1,4.0
Cc1ccc(C(=O)N/N=C/c2ccccc2O)cc1,4.0
O=[N+]([O-])c1ccc(S(=O)(=O)N/N=C/c2cccc3ccccc23)cc1,4.0
CCn1c2ccccc2c2cc(NC(=O)c3c(C)[nH]c(=O)[nH]c3=S)ccc21,4.0
O=C(N/N=C/c1ccc2c(c1)OCO2)c1ccc2c(c1)OCO2,4.0
O=C1CN(c2cccc(C(F)(F)F)c2)C(=O)CN1/N=C/c1ccc(O)c(O)c1,4.0
Nc1cccc(C(=O)N/N=C/c2ccc([N+](=O)[O-])o2)c1,4.0
COc1ccc(C(=O)N/N=C/c2cc(OC)ccc2O)cc1,4.0
O=C(N/N=C/c1c(O)ccc2ccccc12)c1ccncc1,4.0
COc1cccc(C[C@H](C)NC[C@@H](O)c2ccc(O)c(O)c2)c1,4.0
Nc1ccc(S(=O)(=O)N/N=C/c2ccc3c(c2)OCO3)cc1,4.0
COc1cc(C(=O)N/N=C/c2cccc3ccccc23)ccc1O,4.0
O=C(N/N=C/c1ccc(O)cc1O)c1ccc(O)cc1,4.0
O=C(N/N=C/c1cc(Cl)ccc1O)c1ccncc1,4.0
O=C(N/N=C/c1c(O)ccc2ccccc12)c1ccccc1,4.0
O=C1Nc2ccccc2/C1=N/NC(=S)Nc1ccc(O)cc1,4.0
COc1ccccc1C(=O)N/N=C/c1c[nH]c2ccccc12,5.0
COc1ccc(/C=N/NC(=O)c2ccc(O)c(CN(C)C)c2)cc1,4.0
COc1ccc(CCNC(=O)C(=O)c2c[nH]c3ccccc23)cc1OC,4.0
COc1ccc2ccccc2c1/C=N\NC(=O)c1ccc(C(C)(C)C)cc1,5.080921907623926
O=S(=O)(N/N=C/c1cc(Cl)ccc1O)c1cc(Cl)c(Cl)cc1Cl,4.823908740944319
COc1ccccc1Nc1nc(-c2ccc(O)c(O)c2)cs1,4.6777807052660805
COc1ccc(C(=O)N/N=C/c2cccc([N+](=O)[O-])c2)cc1,4.657577319177793
CNc1ccccc1C(=O)N/N=C/c1cccc([N+](=O)[O-])c1,4.292429823902063
O=C(N/N=C/c1ccc([N+](=O)[O-])s1)c1ccccc1O,4.259637310505756
O=[N+]([O-])c1cc(I)c(O)c(/C=N/NS(=O)(=O)c2ccc(Cl)cc2)c1,4.207608310501746
O=[N+]([O-])c1cc(I)cc(/C=N/NS(=O)(=O)c2ccc(Cl)cc2)c1O,4.200659450546418
COc1ccc(S(=O)(=O)N/N=C/c2cc([N+](=O)[O-])ccc2O)cc1,4.045757490560675
CNc1ccccc1C(=O)N/N=C/c1c(O)ccc2ccccc12,4.0
O=[N+]([O-])c1ccc(S(=O)(=O)N/N=C/c2cc([N+](=O)[O-])ccc2O)cc1,4.0
COc1ccccc1C(=O)N/N=C/c1cccc([N+](=O)[O-])c1,4.0
O=C1Nc2ccccc2/C1=N/Nc1nc(-c2ccc(O)c(O)c2)cs1,5.698970004336019
O=[N+]([O-])c1cccc(/C=N/NS(=O)(=O)c2ccc(Cl)cc2)c1O,4.017728766960432
Cc1ccc(S(=O)(=O)N/N=C/c2ccc(O)c(S(=O)(=O)O)c2)cc1,4.0
COc1cc(/C=N/NC(=O)c2ccccc2OC)ccc1O,4.0
COc1ccc(S(=O)(=O)N/N=C/c2cccc([N+](=O)[O-])c2O)cc1,4.0
COc1ccc(S(=O)(=O)N/N=C/c2cccc[n+]2[O-])cc1OC,4.0
O=[N+]([O-])c1ccc(-c2csc(Nc3ccccc3O)n2)o1,4.0
O=C1OC(c2ccc(Cl)cc2)=N/C1=C/c1c(O)ccc2ccccc12,4.0
Oc1ccc(Cl)cc1/C=N/NC(=S)Nc1ccc(F)cc1,4.0
Cc1ccc(S(=O)(=O)N/N=C/c2cc(Cl)ccc2O)cc1,4.0
Cc1ccc(S(=O)(=O)NNC(=O)c2nc3ccccc3c(=O)[nH]2)cc1,4.119186407719209
CCOc1ccc(/C=N/NC(=O)c2ccc(O)c(OC)c2)cc1OC,4.0
COc1cc(/C=N/NS(=O)(=O)c2ccc(C)cc2)cc([N+](=O)[O-])c1O,4.0
O=[N+]([O-])c1ccc(-c2nc(CN3CCOCC3)cs2)s1,4.0
COc1ccc(S(=O)(=O)N/N=C/c2cc(=O)[nH]c(=O)[nH]2)cc1,4.0
C/C(=N\NS(=O)(=O)c1ccc(C)cc1)c1c(O)cc(C)oc1=O,4.0
Cc1ccc(S(=O)(=O)N/N=C2\C(=O)Nc3cc(O)c(C(=O)O)cc32)cc1,4.0
Cc1ccc(S(=O)(=O)N/N=C/c2cccc[n+]2[O-])cc1,4.0
CC1=CC(=O)/C(=C/Nc2nc(-c3cccc([N+](=O)[O-])c3)cs2)C(=O)O1,4.7447274948966935
O=C1/C(=C\c2cccc(O)c2O)SC(=S)N1Cc1ccco1,4.0
CCCCC(=O)N/N=C/c1cc(Cl)ccc1[N+](=O)[O-],4.0
Cc1ccc([N+](=O)[O-])cc1NS(=O)(=O)c1cc(Cl)c(Cl)cc1Cl,4.0
Cc1ccc(S(=O)(=O)NCN2C(=O)c3ccccc3C2=O)cc1,4.0
Cc1ccc(S(=O)(=O)N/N=C2/C(=O)Nc3c(Cl)cc(Cl)cc32)cc1,4.0
O=C1C=Cc2ccccc2/C1=C/NNS(=O)(=O)c1cc(Cl)c(Cl)cc1Cl,5.0
O=[N+]([O-])c1ccc(O)c(/C=N/NS(=O)(=O)c2cc(Cl)c(Cl)cc2Cl)c1,4.657577319177793
Oc1ccc(-c2csc(Nc3ccccn3)n2)cc1O,4.0
O=C(N/N=C/c1cccc([N+](=O)[O-])c1)c1ccc(O)cc1,4.0
COc1ccccc1C(=O)N/N=C/c1c(O)ccc2ccccc12,4.0
O=C(N/N=C/c1ccc(O)c(O)c1)c1ccccc1,5.045757490560675
Cc1ccc(S(=O)(=O)N/N=C/c2c(O)ccc3ccccc23)cc1,4.0
Oc1ccc2ccccc2c1/C=N/NC(=S)N[C@@H]1CN2CCC1CC2,4.0
CC(=O)Nc1ccc(S(=O)(=O)N/N=C/c2c(O)ccc3ccccc23)cc1,4.0
Nc1ccc(C(=O)Nc2ccc3c(O)cc(S(=O)(=O)O)cc3c2)cc1,4.795880017344075
COc1ccc2ccccc2c1/C=N\NC(=O)c1ccc(C(C)(C)C)cc1,4.950781977329818
O=S(=O)(N/N=C/c1cc(Cl)ccc1O)c1cc(Cl)c(Cl)cc1Cl,4.6020599913279625
COc1ccccc1Nc1nc(-c2ccc(O)c(O)c2)cs1,4.552841968657781
COc1ccc(C(=O)N/N=C/c2cccc([N+](=O)[O-])c2)cc1,4.154901959985743
CNc1ccccc1C(=O)N/N=C/c1cccc([N+](=O)[O-])c1,4.721246399047171
O=C(N/N=C/c1ccc([N+](=O)[O-])s1)c1ccccc1O,4.075720713938118
O=[N+]([O-])c1cc(I)c(O)c(/C=N/NS(=O)(=O)c2ccc(Cl)cc2)c1,4.173925197299174
O=[N+]([O-])c1cc(I)cc(/C=N/NS(=O)(=O)c2ccc(Cl)cc2)c1O,4.356547323513812
COc1ccc(S(=O)(=O)N/N=C/c2cc([N+](=O)[O-])ccc2O)cc1,4.0
CNc1ccccc1C(=O)N/N=C/c1c(O)ccc2ccccc12,4.0
O=[N+]([O-])c1ccc(S(=O)(=O)N/N=C/c2cc([N+](=O)[O-])ccc2O)cc1,4.107905397309519
COc1ccccc1C(=O)N/N=C/c1cccc([N+](=O)[O-])c1,4.0
O=C1Nc2ccccc2/C1=N/Nc1nc(-c2ccc(O)c(O)c2)cs1,5.853871964321762
O=[N+]([O-])c1cccc(/C=N/NS(=O)(=O)c2ccc(Cl)cc2)c1O,4.229147988357856
Cc1ccc(S(=O)(=O)N/N=C/c2ccc(O)c(S(=O)(=O)O)c2)cc1,4.0
COc1cc(/C=N/NC(=O)c2ccccc2OC)ccc1O,4.0
COc1ccc(S(=O)(=O)N/N=C/c2cccc([N+](=O)[O-])c2O)cc1,4.0
COc1ccc(S(=O)(=O)N/N=C/c2cccc[n+]2[O-])cc1OC,4.0
O=[N+]([O-])c1ccc(-c2csc(Nc3ccccc3O)n2)o1,4.180456064458132
O=C1OC(c2ccc(Cl)cc2)=N/C1=C/c1c(O)ccc2ccccc12,4.431798275933005
Oc1ccc(Cl)cc1/C=N/NC(=S)Nc1ccc(F)cc1,4.0
Cc1ccc(S(=O)(=O)N/N=C/c2cc(Cl)ccc2O)cc1,4.0
Cc1ccc(S(=O)(=O)NNC(=O)c2nc3ccccc3c(=O)[nH]2)cc1,4.136677139879544
CCOc1ccc(/C=N/NC(=O)c2ccc(O)c(OC)c2)cc1OC,4.0
COc1cc(/C=N/NS(=O)(=O)c2ccc(C)cc2)cc([N+](=O)[O-])c1O,4.0
O=[N+]([O-])c1ccc(-c2nc(CN3CCOCC3)cs2)s1,4.0
COc1ccc(S(=O)(=O)N/N=C/c2cc(=O)[nH]c(=O)[nH]2)cc1,4.0
C/C(=N\NS(=O)(=O)c1ccc(C)cc1)c1c(O)cc(C)oc1=O,4.0
Cc1ccc(S(=O)(=O)N/N=C2\C(=O)Nc3cc(O)c(C(=O)O)cc32)cc1,4.0
Cc1ccc(S(=O)(=O)N/N=C/c2cccc[n+]2[O-])cc1,4.0
CC1=CC(=O)/C(=C/Nc2nc(-c3cccc([N+](=O)[O-])c3)cs2)C(=O)O1,4.5376020021010435
O=C1/C(=C\c2cccc(O)c2O)SC(=S)N1Cc1ccco1,6.0
CCCCC(=O)N/N=C/c1cc(Cl)ccc1[N+](=O)[O-],4.070581074285707
Cc1ccc([N+](=O)[O-])cc1NS(=O)(=O)c1cc(Cl)c(Cl)cc1Cl,4.0
Cc1ccc(S(=O)(=O)NCN2C(=O)c3ccccc3C2=O)cc1,4.0
Cc1ccc(S(=O)(=O)N/N=C2/C(=O)Nc3c(Cl)cc(Cl)cc32)cc1,4.292429823902063
O=C1Nc2ccccc2/C1=N/Nc1nc(-c2ccc(O)c(O)c2)cs1,6.0
O=C1Nc2ccc(Cl)cc2[C@@](C#CC2CC2)(C(F)(F)F)O1,8.522878745280337
O=C1Nc2ccccc2/C1=N/Nc1nc(-c2ccc(O)c(O)c2)cs1,5.468521082957745
O=C1Nc2ccc(Cl)cc2[C@@](C#CC2CC2)(C(F)(F)F)O1,6.167491087293763
O=C1Nc2ccccc2/C1=N/Nc1nc(-c2ccc(O)c(O)c2)cs1,5.443697499232712
O=C1Nc2ccc(Cl)cc2[C@@](C#CC2CC2)(C(F)(F)F)O1,4.0
O=C1Nc2ccccc2/C1=N/Nc1nc(-c2ccc(O)c(O)c2)cs1,5.045757490560675
CNc1nc(Nc2c(C)cc(C)cc2C)nc(NC2CCN(Cc3ccccc3)CC2)n1,5.609064892896621
CNc1nc(Nc2c(C)cc(C)cc2C)nc(NC2CCN(Cc3cccc(C#N)c3)CC2)n1,5.705533773838407
COc1nc(Nc2c(C)cc(C)cc2C)nc(NC2CCN(Cc3ccc(C#N)cc3)CC2)n1,5.752026733638194
Cc1ccnc2c1NC(=O)c1cccnc1N2C1CC1,5.562249437179612
Cc1cc(C#N)cc(C)c1Oc1nc(Nc2ccc(C#N)cc2)nc(N)c1Br,6.259637310505756
C/C=C/C1=CC2=CC(=O)[C@@](C)(OC(=O)c3c(C)cc(O)cc3O)[C@@H](O)[C@@H]2CO1,3.6989700043360187
Cc1cc(O)cc(O)c1C(=O)O[C@H]1[C@@H]2COC(/C=C/CO)=CC2=CC(=O)[C@@]1(C)O,3.6989700043360187
C/C=C/C1=CC2=CC(=O)[C@@](C)(O)[C@@H](OC(=O)c3c(C)cc(O)cc3O)[C@@H]2CO1,3.6989700043360187
CC1=N/C(=C/c2ccc(Cl)cc2)C(=O)N1Cc1ccncc1,5.4089353929735005
CC1=N/C(=C/c2ccccc2O)C(=O)N1Cc1ccncc1,5.455931955649724
CC1=N/C(=C/c2ccco2)C(=O)N1Cc1ccncc1,5.6020599913279625
O=C1/C(=C\c2ccc(Cl)cc2Cl)N=C(c2ccccc2)N1Cc1ccncc1,5.42021640338319
O=c1[nH]c2ccccc2cc1O,4.0
O=C(O)c1c(O)c(O)nc2ccccc12,4.229147988357856
O=C(O)c1c(O)c(=O)[nH]c2ccc([N+](=O)[O-])cc12,4.013228265733755
O=C(O)c1c(O)c(=O)[nH]c2ccc(Cl)cc12,4.0
O=C(O)c1c(O)c(=O)[nH]c2ccc(F)cc12,4.0
O=C(O)c1c(O)c(=O)[nH]c2c(F)cccc12,4.0
CCOC(=O)c1c(O)c(O)nc2ccccc12,4.795880017344075
CCOC(=O)c1c(O)c(=O)[nH]c2ccc([N+](=O)[O-])cc12,4.1938200260161125
CCOC(=O)c1c(O)c(=O)[nH]c2ccc(Cl)cc12,4.0
CCOC(=O)c1c(O)c(=O)[nH]c2ccc(F)cc12,4.0
CCOC(=O)c1c(O)c(=O)[nH]c2c(F)cccc12,4.0
CCOC(=O)c1c(O)c(=O)[nH]c2ccc(N)cc12,4.0
O=C(NCc1ccc(F)cc1)c1c(O)c(=O)[nH]c2ccccc12,4.721246399047171
O=C(NCc1ccc(F)cc1)c1c(O)c(=O)[nH]c2ccc(Cl)cc12,4.7447274948966935
O=C(NCc1ccc(F)cc1)c1c(O)c(=O)[nH]c2ccc(F)cc12,4.657577319177793
O=C(NCc1ccc(F)cc1)c1c(O)c(=O)[nH]c2c(F)cccc12,4.1249387366083
COc1ccc(CNC(=O)c2c(O)c(=O)[nH]c3ccc(F)cc23)cc1,4.721246399047171
COc1ccc(CNC(=O)c2c(O)c(=O)[nH]c3c(F)cccc23)cc1,4.130768280269024
CCCCCCNC(=O)c1c(O)c(=O)[nH]c2c(F)cccc12,4.309803919971486
CCOC(=O)C(=O)CC(=O)/C=C/c1cccn1Cc1ccc(F)cc1,4.886056647693163
O=C(NCc1ccc(F)cc1)c1c(O)c(=O)[nH]c2ccccc12,3.6020599913279625
O=C(NCc1ccc(F)cc1)c1c(O)c(=O)[nH]c2ccc(Cl)cc12,3.6020599913279625
O=C(NCc1ccc(F)cc1)c1c(O)c(=O)[nH]c2ccc(F)cc12,3.6020599913279625
COc1ccc(CNC(=O)c2c(O)c(=O)[nH]c3ccc(F)cc23)cc1,3.6020599913279625
N#Cc1ccc(Nc2nccc(C(O)c3ccccc3Cl)n2)cc1,6.346787486224656
Cc1cc(C#N)cc(C)c1Oc1nc(Nc2ccc(C#N)cc2)nc(N)c1Br,6.008773924307505
CCOCn1c(Cc2ccccc2)c(I)c(=O)[nH]c1=O,6.943095148663527
CCOCn1c(Cc2cc(C)cc(C)c2)c(I)c(=O)[nH]c1=O,6.958607314841775
CCOCn1c(Cc2cc(F)cc(F)c2)c(I)c(=O)[nH]c1=O,4.926281649653878
O=c1[nH]c(=O)n(COCc2ccccc2)c(Cc2ccccc2)c1I,8.0
Cc1cc(C)cc(Cc2c(I)c(=O)[nH]c(=O)n2COCc2ccccc2)c1,8.522878745280337
O=c1[nH]c(=O)n(COCc2ccccc2)c(Cc2cc(F)cc(F)c2)c1I,7.823908740944319
CCOCn1c(Cc2ccccc2)c(Br)c(=O)[nH]c1=O,5.738737131207507
CCOCn1c(Cc2cc(C)cc(C)c2)c(Br)c(=O)[nH]c1=O,6.6777807052660805
O=c1[nH]c(=O)n(COCc2ccccc2)c(Cc2ccccc2)c1Br,5.817870785947002
Cc1cc(C)cc(Cc2c(Br)c(=O)[nH]c(=O)n2COCc2ccccc2)c1,7.366531544420414
CCOCn1c(Cc2ccccc2)c(N(C)C)c(=O)[nH]c1=O,6.790484985457369
CCOCn1c(Cc2cc(C)cc(C)c2)c(N(C)C)c(=O)[nH]c1=O,7.4089353929735005
CN(C)c1c(Cc2ccccc2)n(COCc2ccccc2)c(=O)[nH]c1=O,7.920818753952375
Cc1cc(C)cc(Cc2c(N(C)C)c(=O)[nH]c(=O)n2COCc2ccccc2)c1,7.6777807052660805
CCOCn1c(Cc2ccccc2)c(I)c(N)nc1=O,4.0
CCOCn1c(Cc2cc(C)cc(C)c2)c(I)c(N)nc1=O,4.0
Nc1nc(=O)n(COCc2ccccc2)c(Cc2ccccc2)c1I,4.0
Cc1cc(C)cc(Cc2c(I)c(N)nc(=O)n2COCc2ccccc2)c1,5.141643294702226
CCOCn1c(Cc2ccccc2)c(Br)c(N)nc1=O,4.0
CCOCn1c(Cc2cc(C)cc(C)c2)c(Br)c(N)nc1=O,4.0
Nc1nc(=O)n(COCc2ccccc2)c(Cc2ccccc2)c1Br,4.0
Cc1cc(C)cc(Cc2c(Br)c(N)nc(=O)n2COCc2ccccc2)c1,4.786801108276392
Cc1ccnc2c1NC(=O)c1cccnc1N2C1CC1,5.3851027839668655
CCOCn1c(Cc2ccccc2)c(C(C)C)c(=O)[nH]c1=O,6.823908740944319
CC(C)c1c(Cc2ccccc2)n(COCc2ccccc2)c(=O)[nH]c1=O,7.698970004336019
Cc1cc(C)c(-n2c(SCC(=O)Nc3ccc(S(N)(=O)=O)cc3Br)nc3cnccc32)c(C)c1,5.356547323513812
Cc1cc(C#N)ccc1-c1ccnc(NCc2n[nH]c3ncccc23)c1,8.920818753952375
Cc1cc(C#N)ccc1-c1ccnc(NCc2n[nH]c3nc(F)ccc23)c1,8.721246399047171
Cc1cc(C#N)ccc1-c1ccnc(NCc2n[nH]c3nc(N)ccc23)c1,8.229147988357855
Cc1cc(C#N)ccc1-c1ccnc(NCc2n[nH]c(-c3ccccc3)c2Cl)c1,8.292429823902063
Cc1cc(C#N)ccc1-c1ccnc(NCc2cc(-c3ccccn3)[nH]n2)c1,8.0
Cc1cc(C#N)ccc1-c1ccnc(NCc2n[nH]c(-c3ccccn3)c2Cl)c1,8.522878745280337
N#Cc1cc(Cl)cc(Oc2cc(OCc3n[nH]c4nc(N)ccc34)ccc2Cl)c1,8.522878745280337
Cc1cc(C#N)ccc1-c1ccnc(NCc2n[nH]c3ncccc23)c1,8.0
Cc1cc(C#N)ccc1-c1ccnc(NCc2n[nH]c3nc(F)ccc23)c1,8.0
Cc1cc(C#N)ccc1-c1ccnc(NCc2n[nH]c3nc(N)ccc23)c1,7.443697499232712
Cc1cc(C#N)ccc1-c1ccnc(NCc2n[nH]c(-c3ccccc3)c2Cl)c1,7.958607314841775
Cc1cc(C#N)ccc1-c1ccnc(NCc2cc(-c3ccccn3)[nH]n2)c1,6.872895201635193
Cc1cc(C#N)ccc1-c1ccnc(NCc2n[nH]c(-c3ccccn3)c2Cl)c1,7.795880017344075
N#Cc1cc(Cl)cc(Oc2cc(OCc3n[nH]c4nc(N)ccc34)ccc2Cl)c1,7.494850021680094
Cc1cc(C#N)ccc1-c1ccnc(NCc2n[nH]c3ncccc23)c1,8.2518119729938
Cc1cc(C#N)ccc1-c1ccnc(NCc2n[nH]c3nc(F)ccc23)c1,8.113509274827518
Cc1cc(C#N)ccc1-c1ccnc(NCc2n[nH]c3nc(N)ccc23)c1,7.795880017344075
Cc1cc(C#N)ccc1-c1ccnc(NCc2n[nH]c(-c3ccccc3)c2Cl)c1,8.200659450546418
Cc1cc(C#N)ccc1-c1ccnc(NCc2cc(-c3ccccn3)[nH]n2)c1,7.075720713938118
Cc1cc(C#N)ccc1-c1ccnc(NCc2n[nH]c(-c3ccccn3)c2Cl)c1,8.102372908709558
N#Cc1cc(Cl)cc(Oc2cc(OCc3n[nH]c4nc(N)ccc34)ccc2Cl)c1,8.022276394711152
Cc1ccc(C(=O)Nc2cc(Cl)ccc2OCC(=O)Nc2ccc(S(N)(=O)=O)cc2C)cc1C,8.943095148663527
Cc1cc(S(N)(=O)=O)ccc1NC(=O)COc1ccc(Cl)cc1C(=O)c1cc(Cl)cc(C#N)c1,8.570247719997592
Cc1cc(S(N)(=O)=O)ccc1NC(=O)COc1ccc(Cl)cc1NC(=O)c1cc(Cl)cc(C#N)c1,8.688246138944246
CC[n+]1c(-c2ccccc2)c2cc(N)ccc2c2ccc(N)cc21.[Br-],5.698970004336019
CC[N+](C)(CC)CCC[n+]1c(-c2ccccc2)c2cc(N)ccc2c2ccc(N)cc21.[I-].[I-],5.522878745280337
CC(O)C(=O)O.CCOc1ccc2nc3cc(N)ccc3c(N)c2c1,4.698970004336019
Cc1cc2cc3cc(C)c(N)cc3nc2cc1N.Cl,4.494850021680094
COc1cccc2c1C(=O)c1c(O)c3c(c(O)c1C2=O)C[C@@](O)(C(=O)CO)C[C@@H]3O[C@H]1C[C@H](N)[C@H](O)[C@H](C)O1,4.2839966563652006
Cc1c2oc3c(C)c(N)cc(C(=O)N[C@@H]4C(=O)N[C@H](C(C)C)C(=O)N5CCC[C@H]5C(=O)N(C)CC(=O)N(C)[C@@H](C(C)C)C(=O)O[C@@H]4C)c3nc-2c(C(=O)N[C@@H]2C(=O)N[C@H](C(C)C)C(=O)N3CCC[C@H]3C(=O)N(C)CC(=O)N(C)[C@@H](C(C)C)C(=O)O[C@@H]2C)c(N)c1=O,4.031517051446065
COc1cccc2c1C(=O)c1c(O)c3c(c(O)c1C2=O)C[C@@](O)(C(C)=O)C[C@@H]3O[C@H]1C[C@H](N)[C@H](O)[C@H](C)O1,3.856985199745905
Cc1c2ccncc2c(C)c2c1[nH]c1ccccc12,3.7399286120149253
CN(C)c1ccc2cc3ccc(N(C)C)cc3nc2c1,3.6989700043360187
Cc1c2oc3c(C)ccc(C(=O)N[C@@H]4C(=O)N[C@H](C(C)C)C(=O)N5CCC[C@H]5C(=O)N(C)CC(=O)N(C)[C@@H](C(C)C)C(=O)O[C@@H]4C)c3nc-2c(C(=O)N[C@@H]2C(=O)N[C@H](C(C)C)C(=O)N3CCC[C@H]3C(=O)N(C)CC(=O)N(C)[C@@H](C(C)C)C(=O)O[C@@H]2C)c(N)c1=O,3.5686362358410126
Nc1ccc2c(c1)c(-c1ccccc1)[n+](CCCNCCNCCC[n+]1c(-c3ccccc3)c3cc(N)ccc3c3ccc(N)cc31)c1cc(N)ccc21.[Cl-].[Cl-],5.638272163982407
Nc1ccc2c(c1)c(-c1ccccc1)[n+](CCCNCCNCCC[n+]1c(-c3ccccc3)c3cc(N)ccc3c3ccc(N)cc31)c1cc(N)ccc21.[Cl-].[Cl-],7.966576244513051
CC[n+]1c(-c2ccccc2)c2cc(N)ccc2c2ccc(N)cc21,5.657577319177793
CC[n+]1c(-c2ccccc2)c2cc(N)ccc2c2ccc(N)cc21,5.6777807052660805
CC[n+]1c(-c2ccccc2)c2cc(N)ccc2c2ccc(N)cc21,5.7447274948966935
COc1ccc2nc3cc(Cl)ccc3c(NCCCNCCCCNCCCNc3c4ccc(Cl)cc4nc4ccc(OC)cc34)c2c1,6.3979400086720375
COc1ccc2nc3cc(Cl)ccc3c(NCCCNCCCCNCCCNc3c4ccc(Cl)cc4nc4ccc(OC)cc34)c2c1,4.889410289700751
COc1ccc2nc3cc(Cl)ccc3c(NCCCNCCCCNCCCNc3c4ccc(Cl)cc4nc4ccc(OC)cc34)c2c1,6.657577319177793
NC(=O)[C@H](CCCNC(=O)c1ccc(C[n+]2c(-c3ccccc3)c3cc(N)ccc3c3ccc(N)cc32)cc1)NC(=O)CCCCCNC(=O)[C@@H](N)CCCNC(=O)c1ccc(C[n+]2c(-c3ccccc3)c3cc(N)ccc3c3ccc(N)cc32)cc1,8.309803919971486
NC(=O)[C@H](CCCNC(=O)c1ccc(C[n+]2c(-c3ccccc3)c3cc(N)ccc3c3ccc(N)cc32)cc1)NC(=O)CCNC(=O)C(N)CNC(=O)c1ccc(C[n+]2c(-c3ccccc3)c3cc(N)ccc3c3ccc(N)cc32)cc1,8.036212172654444
NC(=O)[C@H](CCCCNC(=O)c1ccc(C[n+]2c(-c3ccccc3)c3cc(N)ccc3c3ccc(N)cc32)cc1)NC(=O)CCCNC(=O)[C@@H](N)CCCCNC(=O)c1ccc(C[n+]2c(-c3ccccc3)c3cc(N)ccc3c3ccc(N)cc32)cc1,7.978810700930062
NC(=O)C(CNC(=O)c1ccc(C[n+]2c(-c3ccccc3)c3cc(N)ccc3c3ccc(N)cc32)cc1)NC(=O)[C@@H](N)CCCNC(=O)c1ccc(C[n+]2c(-c3ccccc3)c3cc(N)ccc3c3ccc(N)cc32)cc1,7.651695136951839
NC(=O)C(CNC(=O)c1ccc(C[n+]2c(-c3ccccc3)c3cc(N)ccc3c3ccc(N)cc32)cc1)NC(=O)CCCCCNC(=O)[C@@H](N)CCCCNC(=O)c1ccc(C[n+]2c(-c3ccccc3)c3cc(N)ccc3c3ccc(N)cc32)cc1,7.512861624522813
Nc1ccc2c(c1)c(-c1ccccc1)[n+](CCCNCCNCCC[n+]1c(-c3ccccc3)c3cc(N)ccc3c3ccc(N)cc31)c1cc(N)ccc21.[Cl-].[Cl-],5.070581074285707
Cc1cc(C#N)cc(C)c1Oc1nc(Nc2ccc(C#N)cc2)nc(N)c1Br,8.0
Cc1cc(C#N)cc(C)c1Oc1nc(Nc2ccc(C#N)cc2)nc(N)c1Br,7.698970004336019
Cc1cc(C#N)cc(C)c1Oc1nc(Nc2ccc(C#N)cc2)nc(N)c1Br,8.0
Cc1ccnc2c1NC(=O)c1cccnc1N2C1CC1,5.045757490560675
Cc1cc(C)cc(S(=O)(=O)c2c(C(=O)Nc3cccc(C#N)c3)[nH]c3ccc(Cl)cc23)c1,6.295849483160201
Cc1ccnc2c1NC(=O)c1cccnc1N2C1CC1,5.154901959985743
Cc1cc(C)cc(S(=O)(=O)c2c(C(=O)Nc3cccc(C#N)c3)[nH]c3ccc(Cl)cc23)c1,6.542118103266008
Cc1cc(C)cc(S(=O)(=O)c2c(C(=O)NCCc3cccnc3)[nH]c3ccc(Cl)cc23)c1,6.790484985457369
Cc1ccnc2c1NC(=O)c1cccnc1N2C1CC1,6.3979400086720375
Cc1cc(C)cc(S(=O)(=O)c2c(C(=O)NCc3ccncc3)[nH]c3ccc(Cl)cc23)c1,7.346787486224656
Cc1cc(C)cc(S(=O)(=O)c2c(C(=O)NCCc3cccnc3)[nH]c3ccc(Cl)cc23)c1,7.3979400086720375
Cc1cc(C)cc(S(=O)(=O)c2c(C(=O)NCc3cccnc3)[nH]c3ccc(Cl)cc23)c1,7.494850021680094
Cc1cc(C)cc(S(=O)(=O)c2c(C(=O)NCCc3cccnc3)[nH]c3ccc(Cl)cc23)c1,7.619788758288394
Cc1cc(C)cc(S(=O)(=O)c2c(C(=O)NCc3ccncc3)[nH]c3ccc(Cl)cc23)c1,7.6777807052660805
O=C1Nc2ccc(Cl)cc2[C@@](C#CC2CC2)(C(F)(F)F)O1,6.3979400086720375
Cc1cc(C)cc(S(=O)(=O)c2c(C(=O)NCc3cccnc3)[nH]c3ccc(Cl)cc23)c1,7.698970004336019
Cc1cc(C)cc(S(=O)(=O)c2c(C(=O)NCc3ccncc3)[nH]c3ccc(Cl)cc23)c1,7.958607314841775
O=C1Nc2ccc(Cl)cc2[C@@](C#CC2CC2)(C(F)(F)F)O1,7.096910013008056
Cc1cc(C)cc(S(=O)(=O)c2c(C(=O)NCc3cccnc3)[nH]c3ccc(Cl)cc23)c1,8.096910013008056
Cc1cc(C)cc(S(=O)(=O)c2c(C(=O)Nc3cccc(C#N)c3)[nH]c3ccc(Cl)cc23)c1,7.3979400086720375
Cc1cc(C)cc(S(=O)(=O)c2c(C(=O)NCc3ccc(C#N)cc3)[nH]c3ccc(Cl)cc23)c1,8.397940008672037
Cc1cc(C)cc(S(=O)(=O)c2c(C(=O)NCc3ccc(C#N)cc3)[nH]c3ccc(Cl)cc23)c1,8.0
Cc1cc(C)cc(S(=O)(=O)c2c(C(=O)NCc3ccc(C#N)cc3)[nH]c3ccc(Cl)cc23)c1,8.0
Cc1ccnc2c1NC(=O)c1cccnc1N2C1CC1,5.568636235841013
O=C(CSc1nncnc1-c1ccccc1Cl)Nc1ccccc1[N+](=O)[O-],5.187086643357144
Cc1ccc(NC(=O)CSc2nncnc2-c2ccccc2Cl)c([N+](=O)[O-])c1,4.7447274948966935
Cc1cn([C@H]2C[C@H](N=[N+]=[N-])[C@@H](CO)O2)c(=O)[nH]c1=O,4.687822643560222
O=C1C[S+]([O-])[C@@H]2[C@H](O)[C@H](O)[C@H](O)CN12,5.610833915635467
O=C1S[C@@H]2[C@H](O)[C@H](O)[C@H](O)CN2C1=O,5.2839966563652006
O=C1CS[C@@H]2[C@H](O)[C@H](O)[C@H](O)CN12,4.721475035262983
O=C1C(O)S[C@H]2[C@H](O)[C@H](O)[C@H](O)CN12,5.7594507517174005
O=C1C[S+]([O-])[C@H]2[C@H](O)[C@H](O)[C@H](O)CN12,4.991825815993574
O=C1S[C@H]2[C@H](O)[C@H](O)[C@H](O)CN2C1=O,5.374687549038326
O=C1CS[C@H]2[C@H](O)[C@H](O)[C@H](O)CN12,4.885722703438414
Cc1ccnc2c1NC(=O)c1cccnc1N2C1CC1,5.568636235841013
O=C(CSc1nccnc1-c1ccccc1Cl)Nc1ccccc1[N+](=O)[O-],4.301029995663981
O=C1Nc2ccc(Cl)cc2[C@@](C#CC2CC2)(C(F)(F)F)O1,8.886056647693163
O=C(OCCN1C(=O)c2ccccc2C1=O)c1ccc(Cl)c([N+](=O)[O-])c1,8.958607314841775
O=C(OCCN1C(=O)c2ccccc2C1=O)c1ccc(Cl)c(Cl)c1,8.698970004336019
O=C(OCCN1C(=O)c2ccccc2C1=O)c1cc(F)ccc1F,8.301029995663981
COc1cc(Cc2cnc(/N=C3\C(=O)N(CN4CCN(c5cc6c(cc5F)c(=O)c(C(=O)O)cn6C5CC5)CC4)c4ccc(Cl)cc43)nc2N)cc(OC)c1OC,4.735182176990463
O=C1Nc2ccc(Cl)cc2[C@@](C#CC2CC2)(C(F)(F)F)O1,7.3979400086720375
Cc1ccnc2c1NC(=O)c1cccnc1N2C1CC1,6.301029995663981
CC(=O)N1C(=O)C(O)(C(F)(F)F)c2cc(C)ccc21,5.07727454200674
CC(=O)N1C(=O)C(O)(C(F)(F)F)c2cc(Cl)ccc21,5.467245621007502
CN1C(=O)C(O)(C(F)(F)F)c2cc(Br)ccc21,5.442492798094342
O=C1Nc2ccc(Cl)cc2C1(O)C(F)(F)F,5.1487416512809245
O=C1Nc2ccccc2C1(O)C(F)(F)F,5.2168113089247425
CN(CC(=O)N1CCCc2ccccc21)Cc1nc(=O)c2ccccc2[nH]1,3.8239087409443187
CN1CCN(c2ccc(C(=O)O)cc2)CC1,3.6989700043360187
Oc1ccc(OC(F)(F)F)cc1,3.221848749616356
CCOC(=O)c1cnn2ccccc12,3.4559319556497243
CC(C)c1c(O[C@H]2CCCC[C@@H]2C)cc(CCc2ccccc2)[nH]c1=O,8.522878745280337
CC(C)c1c(O[C@H]2CCCC[C@H]2C)cc(CCc2ccccc2)[nH]c1=O,5.882728704344236
CC(C)c1c(OC2CCCCC2C)cc(CCc2ccccc2)[nH]c1=O,8.0
CC1CCCCC1Oc1cc(CCc2ccccc2)[nH]c(=O)c1I,6.823908740944319
CC1CCCCC1Oc1cc(CCc2ccccc2)[nH]c(=O)c1Br,6.187086643357144
CCOC(=O)c1c(OC2CCCCC2C)cc(CCc2ccccc2)[nH]c1=O,4.0
Cc1ccc(Cc2cc(OC3CCCCC3C)c(C(C)C)c(=O)[nH]2)cc1,7.229147988357855
COc1ccc(Cc2cc(OC3CCCCC3C)c(C(C)C)c(=O)[nH]2)cc1,7.481486060122112
CC(C)c1c(OC2CCCCC2C)cc(Cc2ccc(Cl)cc2)[nH]c1=O,6.795880017344075
CC(C)c1c(OC2CCCCC2C)cc(Cc2ccc(F)cc2)[nH]c1=O,6.886056647693163
CC(C)c1c(OC2CCCCC2C)cc(Cc2ccccc2)[nH]c1=O,6.3872161432802645
CC1CCCCC1Oc1cc(Cc2ccccc2)[nH]c(=O)c1I,6.229147988357855
CC1CCCCC1Oc1cc(Cc2ccccc2)[nH]c(=O)c1Br,5.91721462968355
CC1CCCCC1Oc1cc(Cc2ccccc2)[nH]c(=O)c1,4.226945306635737
CC(C)c1c(Cc2ccccc2)n(COCc2ccccc2)c(=O)[nH]c1=O,7.055517327849832
Cc1ccnc2c1NC(=O)c1cccnc1N2C1CC1,5.351639989019068
CCOC(=O)c1c(OC2CC(C)CC(C)(C)C2)cc(Cc2ccccc2)[nH]c1=O,4.0
CCOC(=O)c1c(OC2CC(C)CC(C)C2)cc(Cc2ccccc2)[nH]c1=O,4.133476374467157
CCOC(=O)c1c(OC2C(C)CCCC2C)cc(Cc2ccccc2)[nH]c1=O,4.430977413970436
CCOC(=O)c1c(OC2CCC(C)CC2)cc(Cc2ccccc2)[nH]c1=O,4.483068191131987
CCOC(=O)c1c(OC2CCCC(C)C2)cc(Cc2ccccc2)[nH]c1=O,4.703115524461453
CCOC(=O)c1c(OC2CCCCC2C)cc(Cc2ccccc2)[nH]c1=O,5.276544327964814
CCOC(=O)c1c(OC2CCCCC2Cl)cc(Cc2ccccc2)[nH]c1=O,4.0
CCOC(=O)c1c(OC2CCCCCC2)cc(Cc2ccccc2)[nH]c1=O,4.0
CCOC(=O)c1c(OC2CCCCC2)cc(Cc2ccccc2)[nH]c1=O,4.091568601033994
CCOC(=O)c1c(OC2CCCC2)cc(Cc2ccccc2)[nH]c1=O,4.0
Cc1ccnc2c1NC(=O)c1cccnc1N2C1CC1,5.1249387366083
COc1cc2c(ccc3c4cc(OC)c(OC)cc4c[n+](C)c23)cc1O.[Cl-],4.576754126063192
C=C(C(=O)O)[C@@H]1CC[C@@H]2[C@]3(CC[C@]4(C)[C@@H]([C@H](C)CC(=O)C=C(C)C)CC[C@@]24C)C[C@]13CCC(=O)O,4.16304326294045
C=C1C(=O)O[C@@H]2C[C@@H]3[C@]4(CC[C@]5(C)[C@@H]([C@H](C)CC(=O)C=C(C)C)CC[C@@]35C)C[C@]4(CCC(=O)O)[C@H]12,4.0670191780768015
Cc1cn([C@H]2C[C@H](N=[N+]=[N-])[C@@H](CO)O2)c(=O)[nH]c1=O,5.342944147142896
Cc1cn([C@H]2C[C@H](n3cc(CNCC(=O)N(Cc4ccccc4)Cc4cc5cc(Cl)ccc5oc4=O)nn3)[C@@H](CO)O2)c(=O)[nH]c1=O,5.432973633840939
CCOc1cccc2cc(CN(Cc3ccccc3)C(=O)CNCc3cn([C@H]4C[C@H](n5cc(C)c(=O)[nH]c5=O)O[C@@H]4CO)nn3)c(=O)oc12,5.543633966870957
COc1cccc2cc(CN(Cc3ccccc3)C(=O)CNCc3cn([C@H]4C[C@H](n5cc(C)c(=O)[nH]c5=O)O[C@@H]4CO)nn3)c(=O)oc12,5.540607512240769
Cc1cn([C@H]2C[C@H](n3cc(CNCC(=O)N(Cc4ccccc4)Cc4cc5cc(Br)ccc5oc4=O)nn3)[C@@H](CO)O2)c(=O)[nH]c1=O,5.372634143407267
Cc1cn([C@H]2C[C@H](n3cc(CNCC(=O)N(Cc4ccccc4)Cc4cc5ccccc5oc4=O)nn3)[C@@H](CO)O2)c(=O)[nH]c1=O,5.468521082957745
Cc1cn([C@H]2C[C@H](n3cc(CNCc4cc5cc(Cl)ccc5oc4=O)nn3)[C@@H](CO)O2)c(=O)[nH]c1=O,3.9931062920520994
CCOc1cccc2cc(CNCc3cn([C@H]4C[C@H](n5cc(C)c(=O)[nH]c5=O)O[C@@H]4CO)nn3)c(=O)oc12,3.9430951486635273
COc1cccc2cc(CNCc3cn([C@H]4C[C@H](n5cc(C)c(=O)[nH]c5=O)O[C@@H]4CO)nn3)c(=O)oc12,3.9730583720409705
Cc1cn([C@H]2C[C@H](n3cc(CNCc4cc5cc(Br)ccc5oc4=O)nn3)[C@@H](CO)O2)c(=O)[nH]c1=O,5.214670164989233
Cc1cn([C@H]2C[C@H](n3cc(CNCc4cc5ccccc5oc4=O)nn3)[C@@H](CO)O2)c(=O)[nH]c1=O,5.252588192113577
Cc1cc(C#N)cc(C)c1Oc1nc(Nc2ccc(C#N)cc2)nc(N)c1Br,6.259637310505756
Cc1ccnc2c1NC(=O)c1cccnc1N2C1CC1,5.920818753952375
Cc1cc(Br)c(Oc2cc(Nc3ccc(C#N)cc3)nnc2Cl)c(Br)c1,5.497572880015567
C#CCOCCOCCOCCOCCOCC#Cc1cc(C)c(Oc2ccnc(Nc3ccc(C#N)cc3)n2)c(C)c1,7.1938200260161125
Cc1cc(C#CCOCCOCCOCCOCCOCC#Cc2cn([C@H]3C=C[C@@H](COP(=O)(O)OP(=O)(O)OP(=O)(O)O)O3)c(=O)[nH]c2=O)cc(C)c1Oc1ccnc(Nc2ccc(C#N)cc2)n1,7.376750709602099
Cc1cc(C#N)cc(C)c1Oc1ccnc(Nc2ccc(C#N)cc2)n1,8.045757490560675
C#CCOCCOCCOCCOCCOCC#Cc1cc(C)c(Oc2ccnc(Nc3ccc(C#N)cc3)n2)c(C)c1,6.913640169325252
Cc1cc(C#CCOCCOCCOCCOCCOCC#Cc2cn([C@H]3C=C[C@@H](COP(=O)(O)OP(=O)(O)OP(=O)(O)O)O3)c(=O)[nH]c2=O)cc(C)c1Oc1ccnc(Nc2ccc(C#N)cc2)n1,8.522878745280337
Cc1cc(C#N)cc(C)c1Oc1ccnc(Nc2ccc(C#N)cc2)n1,7.886056647693163
Cc1cn([C@H]2C=C[C@@H](COP(=O)(O)OP(=O)(O)OP(=O)(O)O)O2)c(=O)[nH]c1=O,4.886056647693163
CNc1ccc(-c2nc(=O)n(CCC3CCCO3)c3c2oc2ncc(-c4cnn(C)c4)cc23)cn1,8.301029995663981
CNc1cc(C)c(-c2nc(=O)n(CCC3CCCO3)c3c2oc2ncc(-c4cnn(C)c4)cc23)cn1,6.3872161432802645
Cn1cc(-c2cnc3oc4c(-c5cn(C)nn5)nc(=O)n(CCC5CCCO5)c4c3c2)cn1,5.6020599913279625
CNc1ccc(-c2nc(=O)n(CCC3CCCO3)c3c2oc2ncc(-c4cnn(C)c4)cc23)c(C)n1,6.142667503568732
Cn1cc(-c2cnc3oc4c(-c5ccn(C)n5)nc(=O)n(CCC5CCCO5)c4c3c2)cn1,6.886056647693163
COc1cncc(-c2nc(=O)n(CCC3CCCO3)c3c2oc2ncc(-c4cnn(C)c4)cc23)c1,6.920818753952375
CNc1ccc(-c2nc(=O)n(C(C)CC3CCCO3)c3c2oc2ncc(-c4cnn(C)c4)cc23)cn1,7.0655015487564325
Cn1cc(-c2cnc3oc4c(-c5ccc(=O)[nH]c5)nc(=O)n(CCC5CCCO5)c4c3c2)cn1,7.3872161432802645
CC[C@H]1C[C@@H](n2c(=O)nc(-c3cnn(C)c3)c3oc4ccc(-c5cncn5C)cc4c32)CCO1,7.619788758288394
CNc1cc(-c2nc(=O)n(CCC3CCCO3)c3c2oc2ncc(-c4cnn(C)c4)cc23)ccn1,7.6777807052660805
CNc1cnc(-c2nc(=O)n(CCC3CCCO3)c3c2oc2ncc(-c4cnn(C)c4)cc23)cn1,7.886056647693163
COc1ccc(-c2nc(=O)n(CCC3CCCO3)c3c2oc2ncc(-c4cnn(C)c4)cc23)nc1,7.886056647693163
CC[C@H]1C[C@H](n2c(=O)nc(-c3ccc(NC)nc3)c3oc4ncc(-c5cnn(C)c5)cc4c32)CCO1,7.886056647693163
Cn1cc(-c2cnc3oc4c(-c5cccnc5)nc(=O)n(CCC5CCCO5)c4c3c2)cn1,7.920818753952375
CCn1cc(-c2nc(=O)n(CCC3CCCO3)c3c2oc2ncc(-c4cnn(C)c4)cc23)cn1,7.958607314841775
CCc1ccc(-c2nc(=O)n(CCC3CCCO3)c3c2oc2ncc(-c4cnn(C)c4)cc23)cn1,7.958607314841775
Cn1cc(-c2cnc3oc4c(-c5ccncc5)nc(=O)n(CCC5CCCO5)c4c3c2)cn1,8.0
Cn1cc(-c2cnc3oc4c(-c5cscn5)nc(=O)n(CCC5CCCO5)c4c3c2)cn1,8.00436480540245
CN(C)c1cnc(-c2nc(=O)n(CCC3CCCO3)c3c2oc2ncc(-c4cnn(C)c4)cc23)cn1,8.0268721464003
COc1ccc(-c2nc(=O)n(CCC3CCCO3)c3c2oc2ncc(-c4cnn(C)c4)cc23)cn1,8.0268721464003
COc1cc(-c2nc(=O)n(CCC3CCCO3)c3c2oc2ncc(-c4cnn(C)c4)cc23)ccn1,8.060480747381382
CC[C@H]1C[C@@H](n2c(=O)nc(-c3cnn(C)c3)c3oc4ccc(-c5cn(C)cn5)cc4c32)CCO1,8.086186147616283
CNc1ccc(-c2nc(=O)n(CCC3CC(C)(C)CO3)c3c2oc2ncc(-c4cnn(C)c4)cc23)cn1,8.086186147616283
CC[C@H]1C[C@@H](n2c(=O)nc(-c3cnn(C)c3)c3oc4cnc(-c5cnn(C)c5)cc4c32)CCO1,8.113509274827518
CC[C@H]1C[C@@H](n2c(=O)nc(-c3cnn(C)c3)c3oc4ncc(-c5cn(C)cn5)cc4c32)CCO1,8.154901959985743
CC[C@H]1C[C@@H](n2c(=O)nc(-c3cnn(C)c3)c3oc4cc(C#N)c(-c5cnn(C)c5)cc4c32)CCO1,8.154901959985743
CN(C)c1ncc(-c2nc(=O)n(CCC3CCCO3)c3c2oc2ncc(-c4cnn(C)c4)cc23)cn1,8.193820026016112
CC[C@H]1C[C@@H](n2c(=O)nc(-c3cnn(C)c3)c3oc4cc(C#N)c(-c5cnn(C)c5)nc4c32)CCO1,8.214670164989233
CC[C@H]1C[C@@H](n2c(=O)nc(-c3cnn(C)c3)c3oc4cnc(-c5cn(C)cn5)cc4c32)CCO1,8.229147988357855
CNc1ccc(-c2nc(=O)n(CCC3CCCO3)c3c2oc2ncc(-c4cnn(C)c4)cc23)nc1,8.229147988357855
CC[C@H]1C[C@@H](n2c(=O)nc(-c3cnn(C)c3)c3oc4ccc(-c5cn(C)cn5)nc4c32)CCO1,8.236572006437063
CCC1(OC)CC(n2c(=O)nc(-c3ccc(NC)nc3)c3oc4ncc(-c5cnn(C)c5)cc4c32)C1,8.259637310505756
COc1ccc(-c2nc(=O)n(CCC3CCCO3)c3c2oc2ncc(-c4cnn(C)c4)cc23)cc1,8.2839966563652
CNc1ccc(-c2nc(=O)n(CCC3(C)CCCO3)c3c2oc2ncc(-c4cnn(C)c4)cc23)cn1,8.301029995663981
CNc1ccc(-c2nc(=O)n(CCC3CCC(C)O3)c3c2oc2ncc(-c4cnn(C)c4)cc23)cn1,8.318758762624412
Cc1nc2cc(-c3nc(=O)n(CCC4CCCO4)c4c3oc3ncc(-c5cnn(C)c5)cc34)ccc2n1C,8.327902142064282
CNc1ccc(-c2nc(=O)n(CCC3CCOCC3)c3c2oc2ncc(-c4cnn(C)c4)cc23)cn1,8.4089353929735
CC[C@H]1C[C@@H](n2c(=O)nc(-c3ccc(NC)nc3)c3oc4ncc(-c5cnn(C)c5)cc4c32)CCO1,8.455931955649724
CC[C@H]1C[C@@H](n2c(=O)nc(-c3cnn(C)c3)c3oc4ccc(-c5cnn(C)c5)nc4c32)CCO1,8.494850021680094
CNc1ccc(-c2nc(=O)n(CCC3CCCCO3)c3c2oc2ncc(-c4cnn(C)c4)cc23)cn1,8.508638306165727
CN(C)c1ccc(-c2nc(=O)n(CCC3CCCO3)c3c2oc2ncc(-c4cnn(C)c4)cc23)cn1,8.522878745280337
Cn1cc(-c2cnc3oc4c(-c5cnn(C)c5)nc(=O)n(CCC5CCCO5)c4c3c2)cn1,8.537602002101044
CC[C@H]1C[C@@H](n2c(=O)nc(-c3cnn(C)c3)c3oc4ccc(-c5cnn(C)c5)cc4c32)CCO1,8.585026652029182
Cc1sc2nc(-c3cc(O)c(O)cc3O)[nH]c(=O)c2c1C,5.795880017344075
Cc1sc2nc(-c3cc(O)c(O)c(O)c3)[nH]c(=O)c2c1C,6.161150909262744
O=c1[nH]c(-c2cc(O)cc(O)c2)nc2sc3c(c12)CCCCC3,5.585026652029182
Cc1sc2nc(-c3cc(O)cc(O)c3)[nH]c(=O)c2c1C,5.2839966563652006
O=c1[nH]c(-c2cc(O)ccc2O)nc2sc3c(c12)CCCCC3,5.769551078621726
Cc1sc2nc(-c3cc(O)ccc3O)[nH]c(=O)c2c1C,5.031517051446065
O=c1[nH]c(-c2ccc(O)cc2O)nc2sc3c(c12)CCCCC3,5.031517051446065
O=c1[nH]c(-c2cccc(O)c2O)nc2sc3c(c12)CCCCC3,5.7447274948966935
CCCc1c(C)sc2nc(-c3cccc(O)c3O)[nH]c(=O)c12,5.769551078621726
O=c1[nH]c(-c2ccc(O)c(O)c2)nc2sc3c(c12)CCCCCC3,6.585026652029182
O=c1[nH]c(-c2ccc(O)c(O)c2)nc2sc3c(c12)CCCCC3,6.5376020021010435
O=c1[nH]c(-c2ccc(O)c(O)c2)nc2sc3c(c12)CCCC3,6.431798275933005
O=c1[nH]c(-c2ccc(O)c(O)c2)nc2sc3c(c12)CCC3,6.494850021680094
CCCc1c(CC)sc2nc(-c3ccc(O)c(O)c3)[nH]c(=O)c12,6.229147988357855
CCCCc1c(C)sc2nc(-c3ccc(O)c(O)c3)[nH]c(=O)c12,6.376750709602099
CCCc1c(C)sc2nc(-c3ccc(O)c(O)c3)[nH]c(=O)c12,6.309803919971486
O=c1[nH]c(-c2ccc(O)cc2)nc2sc3c(c12)CCCCC3,5.494850021680094
O=c1[nH]c(-c2ccc(C(F)(F)F)cc2)nc2sc3c(c12)CCCCC3,5.508638306165727
O=C(O)c1ccc(-c2nc3sc4c(c3c(=O)[nH]2)CCCCC4)cc1,5.721246399047171
O=c1[nH]c(-c2ccccc2)nc2sc3c(c12)CCCCC3,5.3872161432802645
Cc1sc2nc(-c3ccc([N+](=O)[O-])o3)[nH]c(=O)c2c1C,4.772113295386326
Cc1sc2nc(-c3cc4ccccc4[nH]3)[nH]c(=O)c2c1C,6.318758762624412
Cc1sc2nc(-c3ccccn3)[nH]c(=O)c2c1C,5.376750709602099
Cc1sc2nc(-c3cccnc3)[nH]c(=O)c2c1C,5.080921907623926
COc1cc(-c2nc3sc(C)c(C)c3c(=O)[nH]2)ccc1O,4.301029995663981
COc1ccc(-c2nc3sc(C)c(C)c3c(=O)[nH]2)cc1OC,4.899629454882437
Cc1sc2nc(-c3ccc(O)c(F)c3)[nH]c(=O)c2c1C,4.301029995663981
Cc1sc2nc(-c3cc(C(F)(F)F)cc(C(F)(F)F)c3)[nH]c(=O)c2c1C,4.301029995663981
Cc1sc2nc(-c3ccc(F)c(F)c3)[nH]c(=O)c2c1C,4.301029995663981
Cc1sc2nc(-c3ccc(Cl)c([N+](=O)[O-])c3)[nH]c(=O)c2c1C,4.920818753952375
Cc1sc2nc(-c3ccc(O)c(O)c3)[nH]c(=O)c2c1C,6.585026652029182
Cc1sc2nc(-c3cccc(C(F)(F)F)c3)[nH]c(=O)c2c1C,4.301029995663981
Cc1sc2nc(-c3cccc(O)c3)[nH]c(=O)c2c1C,4.301029995663981
Cc1sc2nc(-c3cccc([N+](=O)[O-])c3)[nH]c(=O)c2c1C,5.823908740944319
COc1ccc(-c2nc3sc(C)c(C)c3c(=O)[nH]2)cc1,5.040958607678906
Cc1sc2nc(-c3ccc(C(=O)O)cc3)[nH]c(=O)c2c1C,5.795880017344075
Cc1sc2nc(-c3ccc(C(F)(F)F)cc3)[nH]c(=O)c2c1C,5.886056647693163
Cc1sc2nc(-c3ccc(O)cc3)[nH]c(=O)c2c1C,6.102372908709558
Cc1sc2nc(-c3ccccc3)[nH]c(=O)c2c1C,4.94692155651658
CNc1ccc(-c2nc(=O)n(CC[C@@H]3CCCO3)c3c2oc2ncc(-c4cnn(C)c4)cc23)cn1,8.585026652029182
N#Cc1ccc(Nc2nccc(Oc3ccc(OCc4ccccc4)cc3)n2)cc1,4.509199047989145
Cc1cc(Oc2ccc(OCc3ccccc3)cc2)nc(Nc2ccc(C#N)cc2)n1,4.758702612890007
Cc1cc(Oc2ccc(C(=O)c3ccc(O)cc3)cc2)nc(Nc2ccc(C#N)cc2)n1,4.772113295386326
COCCc1ccc(Oc2cc(C)nc(Nc3ccc(C#N)cc3)n2)cc1,4.934047019686131
N#Cc1ccc(Nc2nccc(Oc3ccc(C(=O)c4ccc(O)cc4)cc3)n2)cc1,5.146910470148135
Cc1ccccc1C(=O)c1cc(Cl)ccc1Oc1nc(Nc2ccc(C#N)cc2)ncc1C,5.281498311132726
Cc1cnc(Nc2ccc(C#N)cc2)nc1Oc1ccc(C(=O)c2ccc(O)cc2)cc1,5.283162276700476
Cc1ccccc1C(=O)c1cc(Cl)ccc1Oc1ccnc(Nc2ccc(C#N)cc2)n1,5.462180904926726
Cc1cc(C)cc(C(=O)c2cc(Cl)ccc2Oc2ccnc(Nc3ccc(C#N)cc3)n2)c1,5.492144128304169
Cc1cc(C)cc(C(=O)c2cc(Cl)ccc2Oc2nc(Nc3ccc(C#N)cc3)ncc2C)c1,5.51427857351842
Cc1ccnc2c1NC(=O)c1cccnc1N2C1CC1,5.562249437179612
COCCc1ccc(Oc2ccnc(Nc3ccc(C#N)cc3)n2)cc1,5.570247719997592
COCCc1ccc(Oc2nc(Nc3ccc(C#N)cc3)ncc2C)cc1,5.896196279044043
O=C1Nc2ccc(Cl)cc2[C@@](C#CC2CC2)(C(F)(F)F)O1,7.318758762624412
O=C(NCCc1ccc(O)c(O)c1)C1C(=O)N(O)C(=O)c2ccccc21,6.886056647693163
COc1ccc(CCNC(=O)C2C(=O)N(O)C(=O)c3ccccc32)cc1OC,5.414539270491499
O=C(NCc1ccc(F)cc1)C1C(=O)N(O)C(=O)c2ccccc21,6.443697499232712
O=C(NCc1ccc(O)c(O)c1)C1C(=O)N(O)C(=O)c2ccccc21,6.045757490560675
O=C(NCc1ccc(O)cc1O)C1C(=O)N(O)C(=O)c2ccccc21,6.2839966563652006
COc1ccc(CNC(=O)C2C(=O)N(O)C(=O)c3ccccc32)c(OC)c1,6.200659450546418
Cc1ccc(CNC(=O)C2C(=O)N(O)C(=O)c3ccccc32)cc1,4.853871964321762
O=C(Nc1cccc(F)c1)C1C(=O)N(O)C(=O)c2ccccc21,5.13608262304214
COc1ccc(NC(=O)C2C(=O)N(O)C(=O)c3ccccc32)cc1Cl,4.779891911959945
N#Cc1c(N)cccc1Sc1ccccc1,5.059999795537068
COc1ccccc1Sc1cccc(N)c1C#N,5.570000775141681
COc1cccc(Sc2cccc(N)c2C#N)c1,5.820000358220839
Cc1cccc(Sc2cccc(N)c2C#N)c1,6.020001176026261
Cc1ccc(Sc2cccc(N)c2C#N)cc1,5.2399999527072705
N#Cc1c(N)cccc1Sc1ccccc1Cl,5.1399999760652255
N#Cc1c(N)cccc1Sc1cccc(Cl)c1,4.800000052738446
N#Cc1c(N)cccc1Sc1ccc(Cl)cc1,4.920000156997057
N#Cc1c(N)cccc1Sc1cccc(Br)c1,4.820000071285178
N#Cc1c(N)cccc1Sc1cccc(F)c1,4.920000156997057
N#Cc1ccccc1Sc1cccc(N)c1C#N,5.039999923502186
N#Cc1cccc(Sc2cccc(N)c2C#N)c1,5.95999928552668
N#Cc1c(N)cccc1Sc1cccc(C(F)(F)F)c1,5.149999867728904
N#Cc1c(N)cccc1Sc1cc(Cl)ccc1Cl,5.4599998126889995
Cc1cc(C)cc(Sc2cccc(N)c2C#N)c1,5.95999928552668
N#Cc1c(N)cccc1Sc1cc(Cl)cc(Cl)c1,6.919987152892072
Cc1cc(Cl)cc(Sc2cccc(N)c2C#N)c1,5.770000934050708
COc1cc(C)cc(Sc2cccc(N)c2C#N)c1,6.850011543508524
COc1cc(Sc2cccc(N)c2C#N)cc(C(F)(F)F)c1,4.889999848866887
COc1ccccc1[S+]([O-])c1cccc(N)c1C#N,4.920000156997057
COc1cccc([S+]([O-])c2cccc(N)c2C#N)c1,4.719999935717911
Cc1cccc([S+]([O-])c2cccc(N)c2C#N)c1,5.0
N#Cc1c(N)cccc1[S+]([O-])c1cccc(Br)c1,5.32000008377078
N#Cc1ccccc1[S+]([O-])c1cccc(N)c1C#N,5.0
Cc1cc(C)cc([S+]([O-])c2cccc(N)c2C#N)c1,6.299997602857746
N#Cc1c(N)cccc1[S+]([O-])c1cc(Cl)ccc1Cl,5.200000237109354
Cc1cc(Cl)cc([S+]([O-])c2cccc(N)c2C#N)c1,6.279997898282849
COc1cc([S+]([O-])c2cccc(N)c2C#N)cc(C(F)(F)F)c1,6.040000399696793
N#Cc1c(N)cccc1S(=O)(=O)c1ccccc1,5.159999981744464
COc1ccccc1S(=O)(=O)c1cccc(N)c1C#N,5.849999245077862
COc1cccc(S(=O)(=O)c2cccc(N)c2C#N)c1,6.219999701663429
COc1ccc(S(=O)(=O)c2cccc(N)c2C#N)cc1,4.879999913868448
Cc1ccccc1S(=O)(=O)c1cccc(N)c1C#N,5.349999603463148
Cc1cccc(S(=O)(=O)c2cccc(N)c2C#N)c1,6.699991797446187
Cc1ccc(S(=O)(=O)c2cccc(N)c2C#N)cc1,5.1399999760652255
N#Cc1c(N)cccc1S(=O)(=O)c1ccccc1Cl,5.229999745811777
N#Cc1c(N)cccc1S(=O)(=O)c1cccc(Cl)c1,6.399996913372259
N#Cc1c(N)cccc1S(=O)(=O)c1ccccc1Br,4.920000156997057
N#Cc1c(N)cccc1S(=O)(=O)c1cccc(Br)c1,6.699991797446187
N#Cc1c(N)cccc1S(=O)(=O)c1ccccc1F,5.300000202445418
N#Cc1ccccc1S(=O)(=O)c1cccc(N)c1C#N,5.219999701663429
N#Cc1cccc(S(=O)(=O)c2cccc(N)c2C#N)c1,5.740000204918113
N#Cc1c(N)cccc1S(=O)(=O)c1cccc(C(F)(F)F)c1,5.280000380871156
N#Cc1c(N)cccc1S(=O)(=O)c1cc(Cl)ccc1Cl,6.519993057042849
N#Cc1c(N)cccc1S(=O)(=O)c1cc(Cl)cc(Cl)c1,7.519993057042849
Cc1cc(C)cc(S(=O)(=O)c2cccc(N)c2C#N)c1,8.15002808767115
Cc1cc(Br)cc(S(=O)(=O)c2cccc(N)c2C#N)c1,8.51999305704285
Cc1cc(Cl)cc(S(=O)(=O)c2cccc(N)c2C#N)c1,8.299988937677888
COc1cc(C)cc(S(=O)(=O)c2cccc(N)c2C#N)c1,8.0
COc1cc(C(F)(F)F)cc(S(=O)(=O)c2cccc(N)c2C#N)c1,7.400007822415902
CCCCOc1cc(C)cc(S(=O)(=O)c2cccc(N)c2C#N)c1,6.399996913372259
Cc1ccnc2c1NC(=O)c1cccnc1N2C1CC1,5.207608310501746
N#Cc1ccccc1CN1C(=O)N(Cc2cccc(F)c2)S(=O)(=O)n2cccc21,4.2343314452409855
N#Cc1ccccc1CN1C(=O)N(Cc2ccccc2)S(=O)(=O)n2cccc21,4.244887733604929
O=C1Nc2ccc(Cl)cc2[C@@](C#CC2CC2)(C(F)(F)F)O1,7.431798275933005
Cc1ccnc2c1NC(=O)c1cccnc1N2C1CC1,5.749579997691106
CCc1c(C(=O)c2cc(F)cc(F)c2)nc(SCc2ccc(OC)cc2)[nH]c1=O,6.795880017344075
COc1ccc(CSc2nc(C(=O)c3cccc(F)c3)c(C(C)C)c(=O)[nH]2)cc1,7.3979400086720375
COc1ccc(CSc2nc(C(=O)c3ccccc3F)c(C(C)C)c(=O)[nH]2)cc1,7.142667503568732
CCc1c(C(=O)c2cccc(F)c2)nc(SCc2ccc(OC)cc2)[nH]c1=O,6.721246399047171
COc1ccc(CSc2nc(C(=O)c3ccccc3F)c(C)c(=O)[nH]2)cc1,5.617982957425132
Cc1cc(C#N)cc(C)c1Oc1nc(Nc2ccc(C#N)cc2)nc(N)c1Br,7.769551078621726
O=C(O)C(=O)CC(=O)c1ccc(NC(=O)c2ccccc2)s1,5.494850021680094
O=C(/C=C/c1cccn1Cc1cc(Cl)cc(Cl)c1)CC(=O)C(=O)O,4.522878745280337
O=C(/C=C/c1cccn1Cc1c(Cl)cccc1Cl)CC(=O)C(=O)O,4.552841968657781
O=C(/C=C/c1cccn1Cc1ccc(Cl)cc1Cl)CC(=O)C(=O)O,5.154901959985743
O=C(/C=C/c1cccn1Cc1cc(F)cc(F)c1)CC(=O)C(=O)O,4.853871964321762
O=C(/C=C/c1cccn1Cc1ccc(F)c(F)c1)CC(=O)C(=O)O,4.0655015487564325
O=C(/C=C/c1cccn1Cc1c(F)cccc1F)CC(=O)C(=O)O,4.301029995663981
O=C(/C=C/c1cccn1Cc1cc(F)ccc1F)CC(=O)C(=O)O,5.301029995663981
O=C(/C=C/c1cccn1Cc1ccc(F)cc1F)CC(=O)C(=O)O,5.0
O=C(/C=C/c1cccn1Cc1cccc(F)c1F)CC(=O)C(=O)O,5.221848749616356
Cc1cc(C)cc(Cn2cccc2/C=C/C(=O)CC(=O)C(=O)O)c1,4.795880017344075
CCOc1ccccc1Cn1cccc1/C=C/C(=O)CC(=O)C(=O)O,4.1938200260161125
COc1ccc(Cn2cccc2/C=C/C(=O)CC(=O)C(=O)O)cc1,5.522878745280337
COc1ccccc1Cn1cccc1/C=C/C(=O)CC(=O)C(=O)O,4.795880017344075
N#Cc1ccc(Cn2cccc2/C=C/C(=O)CC(=O)C(=O)O)cc1,5.221848749616356
N#Cc1cccc(Cn2cccc2/C=C/C(=O)CC(=O)C(=O)O)c1,5.301029995663981
N#Cc1ccccc1Cn1cccc1/C=C/C(=O)CC(=O)C(=O)O,5.221848749616356
O=C(/C=C/c1cccn1Cc1ccc(Cl)cc1)CC(=O)C(=O)O,5.301029995663981
O=C(/C=C/c1cccn1Cc1cccc(Cl)c1)CC(=O)C(=O)O,5.045757490560675
O=C(/C=C/c1cccn1Cc1ccc(F)cc1)CC(=O)C(=O)O,5.6020599913279625
O=C(/C=C/c1cccn1Cc1cccc(F)c1)CC(=O)C(=O)O,4.853871964321762
O=C(/C=C/c1cccn1Cc1ccccc1F)CC(=O)C(=O)O,5.1938200260161125
Cc1ccc(Cn2cccc2/C=C/C(=O)CC(=O)C(=O)O)cc1,4.769551078621726
Cc1cccc(Cn2cccc2/C=C/C(=O)CC(=O)C(=O)O)c1,5.337242168318426
Cc1ccccc1Cn1cccc1/C=C/C(=O)CC(=O)C(=O)O,4.585026652029182
O=C(/C=C/c1cccn1Cc1ccccc1)CC(=O)C(=O)O,4.823908740944319
CCOC(=O)C(=O)CC(=O)/C=C/c1cccn1Cc1c(Cl)cccc1Cl,4.657577319177793
CCOC(=O)C(=O)CC(=O)/C=C/c1cccn1Cc1ccc(Cl)cc1Cl,5.045757490560675
CCOC(=O)C(=O)CC(=O)/C=C/c1cccn1Cc1cc(F)cc(F)c1,5.301029995663981
CCOC(=O)C(=O)CC(=O)/C=C/c1cccn1Cc1ccc(F)c(F)c1,5.522878745280337
CCOC(=O)C(=O)CC(=O)/C=C/c1cccn1Cc1c(F)cccc1F,4.721246399047171
CCOC(=O)C(=O)CC(=O)/C=C/c1cccn1Cc1cc(F)ccc1F,5.045757490560675
CCOC(=O)C(=O)CC(=O)/C=C/c1cccn1Cc1ccc(F)cc1F,4.721246399047171
CCOC(=O)C(=O)CC(=O)/C=C/c1cccn1Cc1cccc(F)c1F,5.096910013008056
CCOC(=O)C(=O)CC(=O)/C=C/c1cccn1Cc1cc(C)cc(C)c1,5.221848749616356
CCOC(=O)C(=O)CC(=O)/C=C/c1cccn1Cc1ccccc1OCC,4.0
CCOC(=O)C(=O)CC(=O)/C=C/c1cccn1Cc1ccc(OC)cc1,5.173925197299174
CCOC(=O)C(=O)CC(=O)/C=C/c1cccn1Cc1ccccc1OC,4.0
CCOC(=O)C(=O)CC(=O)/C=C/c1cccn1Cc1ccc(C#N)cc1,5.096910013008056
CCOC(=O)C(=O)CC(=O)/C=C/c1cccn1Cc1cccc(C#N)c1,5.301029995663981
CCOC(=O)C(=O)CC(=O)/C=C/c1cccn1Cc1ccccc1C#N,4.494850021680094
CCOC(=O)C(=O)CC(=O)/C=C/c1cccn1Cc1ccc(Cl)cc1,5.096910013008056
CCOC(=O)C(=O)CC(=O)/C=C/c1cccn1Cc1cccc(Cl)c1,4.721246399047171
CCOC(=O)C(=O)CC(=O)/C=C/c1cccn1Cc1ccc(F)cc1,5.096910013008056
CCOC(=O)C(=O)CC(=O)/C=C/c1cccn1Cc1cccc(F)c1,5.045757490560675
CCOC(=O)C(=O)CC(=O)/C=C/c1cccn1Cc1ccccc1F,5.200659450546418
CCOC(=O)C(=O)CC(=O)/C=C/c1cccn1Cc1ccc(C)cc1,5.136677139879544
CCOC(=O)C(=O)CC(=O)/C=C/c1cccn1Cc1cccc(C)c1,5.017728766960431
CCOC(=O)C(=O)CC(=O)/C=C/c1cccn1Cc1ccccc1C,5.522878745280337
Cc1cn([C@H]2C[C@H](n3nncc3-c3cc4ccccc4c4ccccc34)[C@@H](COP(=O)([O-])OP(=O)([O-])OP(=O)([O-])[O-])O2)c(=O)[nH]c1=O.[Na+].[Na+].[Na+].[Na+],4.928117992693875
Cc1cn([C@H]2C[C@H](n3nncc3-c3cccc4ccccc34)[C@@H](COP(=O)([O-])OP(=O)([O-])OP(=O)([O-])[O-])O2)c(=O)[nH]c1=O.[Na+].[Na+].[Na+].[Na+],5.431798275933005
Cc1cc(C#N)cc(C)c1Oc1cc(NC2CCN(Cc3ccncc3)CC2)nc(Nc2ccc(C#N)cc2)n1,4.481486060122113
Cc1ccnc2c1NC(=O)c1cccnc1N2C1CC1,6.292429823902063
O=C1Nc2ccc(Cl)cc2[C@@](C#CC2CC2)(C(F)(F)F)O1,6.920818753952375
Cc1ccnc2c1NC(=O)c1cccnc1N2C1CC1,5.769551078621726
COc1ccnc(Nc2ccc(Cl)c(OCc3cccc(F)c3)c2)n1,5.823908740944319
Cc1cc(C#CCCCCCCCC(=O)NCc2cn([C@H]3C[C@H](O)[C@@H](COP(=O)(O)OP(=O)(O)OP(=O)(O)O)O3)c(=O)[nH]c2=O)cc(C)c1Oc1ccnc(Nc2ccc(C#N)cc2)n1,8.221848749616356
Cc1cc(C#CCCCCCCCC(=O)NCc2cn([C@H]3C[C@H](O)[C@@H](CO[PH](=O)O)O3)c(=O)[nH]c2=O)cc(C)c1Oc1ccnc(Nc2ccc(C#N)cc2)n1,8.366531544420413
Cc1ccnc2c1NC(=O)c1cccnc1N2C1CC1,6.173925197299173
Cc1cc(C#N)cc(C)c1Oc1nc(Nc2ccc(C#N)cc2)nc(N)c1Br,7.1487416512809245
Cc1cc(C#N)cc(C)c1Oc1ccc([N+](=O)[O-])c(NC2CCN(Cc3ccc(S(C)(=O)=O)cc3)CC2)c1,6.443697499232712
O=C1Nc2ccc(Cl)cc2[C@@](C#CC2CC2)(C(F)(F)F)O1,7.494850021680094
Cc1ccnc2c1NC(=O)c1cccnc1N2C1CC1,5.5934598195660445
Cc1cc(C)cc(S(=O)(=O)n2c(SCC(=O)Nc3ccc(S(N)(=O)=O)cc3Cl)nc3ccc(Cl)cc32)c1,5.517126416391246
Cc1cc(C)cc(S(=O)(=O)n2c(SCC(=O)Nc3ccc(S(N)(=O)=O)cc3Cl)nc3ccccc32)c1,4.732593581247096
Cc1cc(C)cc(Cn2c(SCC(=O)Nc3ccc(S(N)(=O)=O)cc3Cl)nc3ccc(Cl)cc32)c1,4.062281556382736
Cc1cc(C)cc(Cn2c(SCC(=O)Nc3ccc(S(N)(=O)=O)cc3Cl)nc3ccccc32)c1,5.991399828238082
Cc1cc(C)cc(S(=O)(=O)n2c(SCC(=O)Nc3ccc(S(C)(=O)=O)cc3Cl)nc3ccc(Cl)cc32)c1,5.583359492661719
Cc1cc(C)cc(S(=O)(=O)n2c(SCC(=O)Nc3ccc(S(C)(=O)=O)cc3Cl)nc3ccccc32)c1,6.920818753952375
Cc1cc(C)cc(Cn2c(SCC(=O)Nc3ccc(S(C)(=O)=O)cc3Cl)nc3ccc(Cl)cc32)c1,4.151502981909633
Cc1cc(C)cc(Cn2c(SCC(=O)Nc3ccc(S(C)(=O)=O)cc3Cl)nc3ccccc32)c1,5.714442690992226
COC(=O)c1ccc(NC(=O)CSc2nc3ccc(Cl)cc3n2S(=O)(=O)c2cc(C)cc(C)c2)c(Cl)c1,4.425274416405927
COC(=O)c1ccc(NC(=O)CSc2nc3ccccc3n2S(=O)(=O)c2cc(C)cc(C)c2)c(Cl)c1,3.7900294832906565
COC(=O)c1ccc(NC(=O)CSc2nc3ccc(Cl)cc3n2Cc2cc(C)cc(C)c2)c(Cl)c1,3.6438402400431005
COC(=O)c1ccc(NC(=O)CSc2nc3ccccc3n2Cc2cc(C)cc(C)c2)c(Cl)c1,4.394694953858891
Cc1cc(C)cc(S(=O)(=O)n2c(SCC(=O)Nc3ccc(C)cc3Cl)nc3ccc(Cl)cc32)c1,4.33338843158097
Cc1cc(C)cc(S(=O)(=O)n2c(SCC(=O)Nc3ccc(C)cc3Cl)nc3ccccc32)c1,6.259637310505756
Cc1cc(C)cc(Cn2c(SCC(=O)Nc3ccc(C)cc3Cl)nc3ccc(Cl)cc32)c1,3.606073993414163
Cc1cc(C)cc(Cn2c(SCC(=O)Nc3ccc(C)cc3Cl)nc3ccccc32)c1,3.7473168380678024
Cc1cc(C)cc(S(=O)(=O)n2c(SCC(=O)Nc3ccccc3[N+](=O)[O-])nc3ccc(Cl)cc32)c1,4.431329021990103
Cc1cc(C)cc(S(=O)(=O)n2c(SCC(=O)Nc3ccccc3[N+](=O)[O-])nc3ccccc32)c1,4.0
Cc1cc(C)cc(Cn2c(SCC(=O)Nc3ccccc3[N+](=O)[O-])nc3ccc(Cl)cc32)c1,3.602946856981891
Cc1cc(C)cc(Cn2c(SCC(=O)Nc3ccccc3[N+](=O)[O-])nc3ccccc32)c1,5.407823242604133
Cc1cc(C)cc(S(=O)(=O)n2c(SCC(=O)Nc3ccccc3Br)nc3ccc(Cl)cc32)c1,4.197226274708024
Cc1cc(C)cc(S(=O)(=O)n2c(SCC(=O)Nc3ccccc3Br)nc3ccccc32)c1,6.7447274948966935
Cc1cc(C)cc(Cn2c(SCC(=O)Nc3ccccc3Br)nc3ccc(Cl)cc32)c1,3.632644078973981
Cc1cc(C)cc(Cn2c(SCC(=O)Nc3ccccc3Br)nc3ccccc32)c1,4.823330067331851
Cc1cc(C)cc(S(=O)(=O)n2c(SCC(=O)Nc3ccccc3Cl)nc3ccc(Cl)cc32)c1,4.729554091982037
Cc1cc(C)cc(S(=O)(=O)n2c(SCC(=O)Nc3ccccc3Cl)nc3ccccc32)c1,4.284581677404944
Cc1cc(C)cc(Cn2c(SCC(=O)Nc3ccccc3Cl)nc3ccc(Cl)cc32)c1,3.593459819566045
Cc1cc(C)cc(Cn2c(SCC(=O)Nc3ccccc3Cl)nc3ccccc32)c1,4.375408540873152
Cc1cc(C)cc(S(=O)(=O)n2c(=S)[nH]c3ccc(Cl)cc32)c1,5.7544873321858505
Cc1cc(C)cc(S(=O)(=O)n2c(=S)[nH]c3ccccc32)c1,5.8696662315049934
Cc1cc(C)cc(Cn2c(=S)[nH]c3ccc(Cl)cc32)c1,7.337242168318426
Cc1cc(C)cc(Cn2c(=S)[nH]c3ccccc32)c1,4.564792896759252
Cc1cc(C#N)cc(C)c1Oc1nc(Nc2ccc(C#N)cc2)nc(N)c1Br,6.7447274948966935
Cc1ccnc2c1NC(=O)c1cccnc1N2C1CC1,5.6020599913279625
Cc1cc(C#N)cc(C)c1Oc1cc(Nc2ccc(C#N)cc2)[nH]c(=O)c1,5.2839966563652006
Cc1cc(C)c(Oc2cc(Nc3ccc(C#N)cc3)[nH]c(=O)c2)c(C)c1,4.4089353929735005
Cc1cc(C#N)cc(C)c1Oc1nc(Nc2ccc(C#N)cc2)nc(N)c1Br,5.187086643357144
Cc1cc(Br)c(Oc2cc(Nc3ccc(C#N)cc3)ncc2[N+](=O)[O-])c(Br)c1,4.982966660701219
Cc1cc(C#N)cc(C)c1Oc1cc(Nc2ccc(C#N)cc2)ncc1[N+](=O)[O-],5.070581074285707
Cc1cc(C)c(Oc2cc(Nc3ccc(C#N)cc3)ncc2[N+](=O)[O-])c(C)c1,5.161150909262744
CC(/C=C/CCC(=O)N1CCCC1=O)=C\C1CCCCO1,3.6989700043360187
CCCCC(=O)/C=C(C)/C=C/CCC(=O)N1CCCC1=O,3.6989700043360187
CCCC[C@@H](O)/C=C(C)/C=C/C=C\C(=O)N1CCCC1=O,3.6989700043360187
CCCC[C@@H](O)/C=C(C)/C=C/C=C/C(=O)N1CCCC1=O,3.6989700043360187
Cc1cc(C#N)cc(C)c1Oc1nc(Nc2ccc(C#N)cc2)nc(N)c1Br,7.769551078621726
O=C1Nc2ccc(Cl)cc2[C@@](C#CC2CC2)(C(F)(F)F)O1,7.431798275933005
Cc1ccnc2c1NC(=O)c1cccnc1N2C1CC1,5.749579997691106
COc1ccc(CSc2nc(C(C#N)c3c(F)cccc3Cl)c(C)c(=O)[nH]2)cc1,6.769551078621726
COc1ccc(CSc2nc(C(C#N)c3c(Cl)cccc3Cl)c(C)c(=O)[nH]2)cc1,6.638272163982407
COc1ccc(CSc2nc(C(C#N)c3ccccc3Br)c(C)c(=O)[nH]2)cc1,5.809668301829708
COc1ccc(CSc2nc(C(C#N)c3ccccc3Cl)c(C)c(=O)[nH]2)cc1,6.292429823902063
Cc1ccnc2c1NC(=O)c1cccnc1N2C1CC1,5.562249437179612
O=C(CSc1nnccc1-c1cccc2ccccc12)Nc1ccccc1[N+](=O)[O-],5.391473966422806
O=C1Nc2ccc(Cl)cc2[C@@](C#CC2CC2)(C(F)(F)F)O1,8.0
O=C1Nc2ccc(Cl)cc2[C@@](C#CC2CC2)(C(F)(F)F)O1,6.853871964321762
Cc1ccnc2c1NC(=O)c1cccnc1N2C1CC1,2.6989700043360187
Cc1cc(C)cc(Cn2c(=O)ccn(C3C=CC(OC(=O)c4ccccc4)C3)c2=O)c1,4.301029995663981
Cc1ccc(Cn2c(=O)ccn(C3C=CC(OC(=O)c4ccccc4)C3)c2=O)cc1,4.301029995663981
O=C(OC1C=CC(n2ccc(=O)n(Cc3ccccc3)c2=O)C1)c1ccccc1,4.301029995663981
O=C1Nc2ccc(Cl)cc2[C@@](C#CC2CC2)(C(F)(F)F)O1,7.221848749616356
Cc1ccnc2c1NC(=O)c1cccnc1N2C1CC1,2.6989700043360187
Cc1cc(C)cc(Cn2c(=O)ccn(C3C=CC(OC(=O)c4ccccc4)C3)c2=O)c1,4.301029995663981
Cc1ccc(Cn2c(=O)ccn(C3C=CC(OC(=O)c4ccccc4)C3)c2=O)cc1,4.301029995663981
O=C(OC1C=CC(n2ccc(=O)n(Cc3ccccc3)c2=O)C1)c1ccccc1,4.301029995663981
O=C1Nc2ccc(Cl)cc2[C@@](C#CC2CC2)(C(F)(F)F)O1,7.522878745280337
Cc1ccnc2c1NC(=O)c1cccnc1N2C1CC1,2.6989700043360187
Cc1cc(C)cc(Cn2c(=O)ccn(C3C=CC(OC(=O)c4ccccc4)C3)c2=O)c1,4.301029995663981
Cc1ccc(Cn2c(=O)ccn(C3C=CC(OC(=O)c4ccccc4)C3)c2=O)cc1,4.301029995663981
O=C(OC1C=CC(n2ccc(=O)n(Cc3ccccc3)c2=O)C1)c1ccccc1,4.301029995663981
O=C1Nc2ccc(Cl)cc2[C@@](C#CC2CC2)(C(F)(F)F)O1,7.301029995663981
Cc1ccnc2c1NC(=O)c1cccnc1N2C1CC1,2.6989700043360187
Cc1cc(C)cc(Cn2c(=O)ccn(C3C=CC(OC(=O)c4ccccc4)C3)c2=O)c1,4.301029995663981
Cc1ccc(Cn2c(=O)ccn(C3C=CC(OC(=O)c4ccccc4)C3)c2=O)cc1,4.301029995663981
O=C(OC1C=CC(n2ccc(=O)n(Cc3ccccc3)c2=O)C1)c1ccccc1,4.301029995663981
O=C1Nc2ccc(Cl)cc2[C@@](C#CC2CC2)(C(F)(F)F)O1,6.236572006437063
Cc1ccnc2c1NC(=O)c1cccnc1N2C1CC1,2.6989700043360187
Cc1cc(C)cc(Cn2c(=O)ccn(C3C=CC(OC(=O)c4ccccc4)C3)c2=O)c1,4.301029995663981
Cc1ccc(Cn2c(=O)ccn(C3C=CC(OC(=O)c4ccccc4)C3)c2=O)cc1,4.2564902352715706
O=C(OC1C=CC(n2ccc(=O)n(Cc3ccccc3)c2=O)C1)c1ccccc1,4.473660722610156
O=C1Nc2ccc(Cl)cc2[C@@](C#CC2CC2)(C(F)(F)F)O1,7.096910013008056
Cc1ccnc2c1NC(=O)c1cccnc1N2C1CC1,3.563837352959244
Cc1cc(C)cc(Cn2c(=O)ccn(C3C=CC(OC(=O)c4ccccc4)C3)c2=O)c1,4.954677021213342
Cc1ccc(Cn2c(=O)ccn(C3C=CC(OC(=O)c4ccccc4)C3)c2=O)cc1,5.619788758288394
O=C(OC1C=CC(n2ccc(=O)n(Cc3ccccc3)c2=O)C1)c1ccccc1,5.920818753952375
CC(C)Nc1cccnc1N1CCN(C(=O)c2cc3cc(NS(C)(=O)=O)ccc3[nH]2)CC1,5.920818753952375
Cc1ccnc2c1NC(=O)c1cccnc1N2C1CC1,5.142667503568732
O=c1ccn(C2C=CC(O)C2)c(=O)n1Cc1ccccc1,4.0
Cc1cc(=O)[nH]c(=O)n1C1C=CC(OC(=O)c2ccccc2)C1,4.0
O=C(OC1C=CC(n2ccc(=O)[nH]c2=O)C1)c1ccccc1,4.0
Cc1cc(C)cc(Cn2c(=O)cc(C)n(C3C=CC(OC(=O)c4ccccc4)C3)c2=O)c1,4.301029995663981
Cc1ccc(Cn2c(=O)cc(C)n(C3C=CC(OC(=O)c4ccccc4)C3)c2=O)cc1,4.301029995663981
Cc1cc(=O)n(Cc2ccccc2)c(=O)n1C1C=CC(OC(=O)c2ccccc2)C1,4.301029995663981
O=C(OC1C=CC(n2ccc(=O)n(Cc3cc(F)cc(F)c3)c2=O)C1)c1ccccc1,4.301029995663981
Cc1cc(C)cc(Cn2c(=O)ccn(C3C=CC(OC(=O)c4ccccc4)C3)c2=O)c1,4.301029995663981
Cc1ccc(Cn2c(=O)ccn(C3C=CC(OC(=O)c4ccccc4)C3)c2=O)c(C)c1,4.301029995663981
Cc1ccc(Cn2c(=O)ccn(C3C=CC(OC(=O)c4ccccc4)C3)c2=O)cc1,4.728158393463501
O=C(OC1C=CC(n2ccc(=O)n(Cc3ccccc3)c2=O)C1)c1ccccc1,4.872895201635193
Cc1cc(=O)n(C(=O)c2ccccc2)c(=O)n1C1C=CC(OC(=O)c2ccccc2)C1,4.0
O=C(OC1C=CC(n2ccc(=O)n(C(=O)c3ccccc3)c2=O)C1)c1ccccc1,4.0
O=C1Nc2ccc(Cl)cc2[C@@](C#CC2CC2)(C(F)(F)F)O1,6.853871964321762
O=C1Nc2ccc(Cl)cc2[C@@](C#CC2CC2)(C(F)(F)F)O1,7.522878745280337
O=C1Nc2ccc(Cl)cc2[C@@](C#CC2CC2)(C(F)(F)F)O1,7.301029995663981
O=C1Nc2ccc(Cl)cc2[C@@](C#CC2CC2)(C(F)(F)F)O1,6.236572006437063
O=C1Nc2ccc(Cl)cc2[C@@](C#CC2CC2)(C(F)(F)F)O1,7.096910013008056
O=C1Nc2ccc(Cl)cc2[C@@](C#CC2CC2)(C(F)(F)F)O1,8.0
O=C(OC1C=CC(n2ccc(=O)n(Cc3ccccc3)c2=O)C1)c1ccccc1,4.301029995663981
O=C(OC1C=CC(n2ccc(=O)n(Cc3ccccc3)c2=O)C1)c1ccccc1,4.301029995663981
O=C(OC1C=CC(n2ccc(=O)n(Cc3ccccc3)c2=O)C1)c1ccccc1,4.301029995663981
Cc1ccnc2c1NC(=O)c1cccnc1N2C1CC1,2.6989700043360187
Cc1ccnc2c1NC(=O)c1cccnc1N2C1CC1,2.6989700043360187
Cc1ccnc2c1NC(=O)c1cccnc1N2C1CC1,2.6989700043360187
Cc1ccnc2c1NC(=O)c1cccnc1N2C1CC1,2.6989700043360187
Cc1cc(C)cc(C(=O)OC2C=CC(n3ccc(=O)n(Cc4ccccc4)c3=O)C2)c1,4.698970004336019
Cc1cc(C)cc(C(=O)OC2C=CC(n3ccc(=O)n(Cc4ccccc4)c3=O)C2)c1,4.698970004336019
Cc1cc(C)cc(C(=O)OC2C=CC(n3ccc(=O)n(Cc4ccccc4)c3=O)C2)c1,4.698970004336019
O=C(Oc1ccc(Cn2ccc(=O)n(Cc3ccccc3)c2=O)cc1)c1ccccc1,4.0
O=C(Oc1ccccc1Cn1ccc(=O)n(Cc2ccccc2)c1=O)c1ccccc1,4.0
O=C(Oc1ccc(Cn2ccc(=O)[nH]c2=O)cc1)c1ccccc1,4.0
O=C(Oc1cccc(Cn2ccc(=O)[nH]c2=O)c1)c1ccccc1,4.0
O=C(Oc1ccccc1Cn1ccc(=O)[nH]c1=O)c1ccccc1,4.0
O=C(OC1C=CC(n2ccc(=O)n(C(=O)c3cc(Cl)cc(Cl)c3)c2=O)C1)c1cc(Cl)cc(Cl)c1,4.0
Cc1cc(C)cc(C(=O)OC2C=CC(n3ccc(=O)n(C(=O)c4cc(C)cc(C)c4)c3=O)C2)c1,4.0
O=C(CCc1ccccc1)OC1C=CC(n2ccc(=O)n(Cc3cc(F)cc(F)c3)c2=O)C1,4.0
O=C(Cc1ccccc1)OC1C=CC(n2ccc(=O)n(Cc3cc(F)cc(F)c3)c2=O)C1,4.0
N#Cc1cccc(C(=O)OC2C=CC(n3ccc(=O)n(Cc4ccccc4)c3=O)C2)c1,4.0
O=C(CCc1ccccc1)OC1C=CC(n2ccc(=O)n(Cc3ccccc3)c2=O)C1,4.0
O=C(OC1C=CC(n2ccc(=O)[nH]c2=O)C1)c1cc(Cl)cc(Cl)c1,4.0
Cc1cc(C)cc(C(=O)OC2C=CC(n3ccc(=O)[nH]c3=O)C2)c1,4.0
N#Cc1cccc(C(=O)OC2C=CC(n3ccc(=O)[nH]c3=O)C2)c1,4.0
O=C(OC1C=CC(n2ccc(=O)n(Cc3ccccc3)c2=O)C1)c1cc(Cl)cc(Cl)c1,5.0
O=C(OC1C=CC(n2ccc(=O)n(Cc3ccccc3)c2=O)C1)c1cc(Cl)cc(Cl)c1,5.0
O=C(OC1C=CC(n2ccc(=O)n(Cc3ccccc3)c2=O)C1)c1cc(Cl)cc(Cl)c1,5.0
Cc1ccnc2c1NC(=O)c1cccnc1N2C1CC1,3.563837352959244
O=C(Cc1ccccc1)OC1C=CC(n2ccc(=O)n(Cc3ccccc3)c2=O)C1,4.2839966563652006
O=C(Oc1cccc(Cn2ccc(=O)[nH]c2=O)c1)c1cc(Cl)cc(Cl)c1,4.376750709602099
O=C(OC1C=CC(n2ccc(=O)n(Cc3ccccc3)c2=O)C1)c1ccccc1,4.473660722610156
O=C(Oc1cccc(Cn2ccc(=O)n(Cc3ccccc3)c2=O)c1)c1ccccc1,4.490797477668897
Cc1cc(C)cc(C(=O)OC2C=CC(n3ccc(=O)n(Cc4ccccc4)c3=O)C2)c1,4.761953896871205
O=C(OC1C=CC(n2ccc(=O)n(Cc3ccccc3)c2=O)C1)c1ccccc1,4.872895201635193
O=C(OC1C=CC(n2ccc(=O)n(Cc3ccccc3)c2=O)C1)c1cc(Cl)cc(Cl)c1,5.055517327849832
Cc1cc(C)cc(C(=O)OC2C=CC(n3ccc(=O)n(Cc4ccccc4)c3=O)C2)c1,5.086186147616283
Cc1ccnc2c1NC(=O)c1cccnc1N2C1CC1,5.142667503568732
O=C(OC1C=CC(n2ccc(=O)n(Cc3ccccc3)c2=O)C1)c1cc(Cl)cc(Cl)c1,5.292429823902063
Cc1cc(C)cc(C(=O)OC2C=CC(n3ccc(=O)n(Cc4ccccc4)c3=O)C2)c1,5.6777807052660805
O=C(OC1C=CC(n2ccc(=O)n(Cc3ccccc3)c2=O)C1)c1cc(Cl)cc(Cl)c1,5.889410289700751
O=C(OC1C=CC(n2ccc(=O)n(Cc3ccccc3)c2=O)C1)c1ccccc1,5.920818753952375
CCOC(=O)/C(O)=C/C(=O)c1cn(Cc2ccc(F)cc2)c2cc(N3CCN(C)CC3)ccc2c1=O,4.732828271596986
CCOC(=O)/C(O)=C/C(=O)c1cn(Cc2ccc(F)cc2)c2cc(N3CCN(CC)CC3)ccc2c1=O,4.581698708680254
O=C(O)/C(O)=C/C(=O)c1cn(Cc2ccc(F)cc2)c2cc(N3CCNCC3)ccc2c1=O,4.542118103266008
CC(=O)N1CCN(c2ccc3c(=O)c(C(=O)/C=C(\O)C(=O)O)cn(Cc4ccc(F)cc4)c3c2)CC1,5.481486060122113
O=C(O)/C(O)=C/C(=O)c1cn(Cc2ccc(F)cc2)c2cc(N3CCOCC3)ccc2c1=O,5.167491087293763
CN(C)c1ccc2c(=O)c(C(=O)/C=C(\O)C(=O)O)cn(Cc3ccc(F)cc3)c2c1,5.180456064458132
O=C(O)/C(O)=C/C(=O)c1cn(Cc2ccc(F)cc2)c2cc(N3CCN(CCCCl)CC3)ccc2c1=O,5.2441251443275085
O=C(O)/C(O)=C/C(=O)c1cn(Cc2ccc(F)cc2)c2cc(N3CCCC3)ccc2c1=O,5.292429823902063
COc1cc2c(cc1Cc1cccc(Cl)c1F)c(=O)c(C(=O)O)cn2[C@H](CO)C(C)C,4.040958607678906
Cc1nnc(C(=O)NC(C)(C)c2nc(C(=O)NCc3ccc(F)cc3)c(O)c(=O)n2C)o1,4.0
Cc1cc(C)c(Oc2cc(Nc3ccc(C#N)cc3)nc3ccnn23)c(C)c1,5.645891560852599
Cc1ccnc2c1NC(=O)c1cccnc1N2C1CC1,6.259637310505756
Cc1cc(C#N)cc(C)c1Oc1nc(Nc2ccc(C#N)cc2)nc(N)c1Br,7.080921907623926
Cc1cc(C#N)cc(C)c1Oc1nc(Nc2ccc(C#N)cc2)nc(N)c1Br,7.795880017344075
O=C1Nc2ccc(Cl)cc2[C@@](C#CC2CC2)(C(F)(F)F)O1,7.42021640338319
Cc1ccc(C(C)(O)c2ccnc(Nc3ccc(C#N)cc3)n2)cc1,6.795880017344075
CC(O)(c1cccc(Br)c1)c1ccnc(Nc2ccc(C#N)cc2)n1,6.4089353929735005
CC(O)(c1cccc(F)c1)c1ccnc(Nc2ccc(C#N)cc2)n1,6.200659450546418
Cc1ccnc2c1NC(=O)c1cccnc1N2C1CC1,5.749579997691106
CC(O)(c1ccccc1)c1ccnc(Nc2ccc(C#N)cc2)n1,5.698970004336019
Cc1ccc(CNC(=O)c2[nH]c3ccc(Cl)cc3c2S(=O)(=O)c2cc(C)cc(C)c2)cc1,7.301029995663981
COc1ccc(CNC(=O)c2[nH]c3ccc(Cl)cc3c2S(=O)(=O)c2cc(C)cc(C)c2)cc1,8.431798275933005
Cc1cc(C)cc(S(=O)(=O)c2c(C(=O)NCc3ccc(Cl)cc3)[nH]c3ccc(Cl)cc23)c1,7.2441251443275085
Cc1cc(C)cc(S(=O)(=O)c2c(C(=O)NCc3ccccc3F)[nH]c3ccc(Cl)cc23)c1,6.7447274948966935
Cc1cc(C)cc(S(=O)(=O)c2c(C(=O)NCc3cccc(F)c3)[nH]c3ccc(Cl)cc23)c1,7.154901959985743
Cc1cc(C)cc(S(=O)(=O)c2c(C(=O)NCc3ccc(F)cc3)[nH]c3ccc(Cl)cc23)c1,7.585026652029182
Cc1cc(C)cc(S(=O)(=O)c2c(C(=O)NCc3ccccc3[N+](=O)[O-])[nH]c3ccc(Cl)cc23)c1,7.638272163982407
Cc1cc(C)cc(S(=O)(=O)c2c(C(=O)NCc3ccc([N+](=O)[O-])cc3)[nH]c3ccc(Cl)cc23)c1,7.301029995663981
Cc1cc(C)cc(S(=O)(=O)c2c(C(=O)NCc3ccc(N)cc3)[nH]c3ccc(Cl)cc23)c1,8.113509274827518
Cc1cc(C)cc(S(=O)(=O)c2c(C(=O)NC(C)c3ccccc3)[nH]c3ccc(Cl)cc23)c1,7.3979400086720375
Cc1cc(C)cc(CNC(=O)c2[nH]c3ccc(Cl)cc3c2S(=O)(=O)c2cc(C)cc(C)c2)c1,5.154901959985743
Cc1cc(C)cc(S(=O)(=O)c2c(C(=O)NCCc3ccccc3Cl)[nH]c3ccc(Cl)cc23)c1,6.882728704344236
Cc1cc(C)cc(S(=O)(=O)c2c(C(=O)NCCc3cccc(Cl)c3)[nH]c3ccc(Cl)cc23)c1,7.080921907623926
Cc1cc(C)cc(S(=O)(=O)c2c(C(=O)NCCc3ccc(Cl)cc3)[nH]c3ccc(Cl)cc23)c1,7.050609993355087
Cc1cc(C)cc(S(=O)(=O)c2c(C(=O)NCCc3ccccc3C)[nH]c3ccc(Cl)cc23)c1,6.540607512240769
Cc1cccc(CCNC(=O)c2[nH]c3ccc(Cl)cc3c2S(=O)(=O)c2cc(C)cc(C)c2)c1,6.721246399047171
Cc1ccc(CCNC(=O)c2[nH]c3ccc(Cl)cc3c2S(=O)(=O)c2cc(C)cc(C)c2)cc1,5.698970004336019
Cc1ccnc2c1NC(=O)c1cccnc1N2C1CC1,6.3979400086720375
O=C1Nc2ccc(Cl)cc2[C@@](C#CC2CC2)(C(F)(F)F)O1,7.096910013008056
Cc1cc(C#N)cc(C)c1Oc1nc(Nc2ccc(C#N)cc2)nc(N)c1Br,8.0
Cc1cc(C)cc(S(=O)(=O)c2c(C(=O)N[C@H](C)c3ccccc3)[nH]c3ccc(Cl)cc23)c1,7.4089353929735005
Cc1cc(C)cc(S(=O)(=O)c2c(C(=O)N[C@@H](C)c3ccccc3)[nH]c3ccc(Cl)cc23)c1,7.301029995663981
Cc1ccc(CNC(=O)c2[nH]c3ccc(Cl)cc3c2S(=O)(=O)c2cc(C)cc(C)c2)cc1,4.698970004336019
COc1ccc(CNC(=O)c2[nH]c3ccc(Cl)cc3c2S(=O)(=O)c2cc(C)cc(C)c2)cc1,4.698970004336019
Cc1cc(C)cc(S(=O)(=O)c2c(C(=O)NCc3ccc(Cl)cc3)[nH]c3ccc(Cl)cc23)c1,5.1249387366083
Cc1cc(C)cc(S(=O)(=O)c2c(C(=O)NCc3ccccc3F)[nH]c3ccc(Cl)cc23)c1,7.0
Cc1cc(C)cc(S(=O)(=O)c2c(C(=O)NCc3cccc(F)c3)[nH]c3ccc(Cl)cc23)c1,6.795880017344075
Cc1cc(C)cc(S(=O)(=O)c2c(C(=O)NCc3ccc(F)cc3)[nH]c3ccc(Cl)cc23)c1,7.619788758288394
Cc1cc(C)cc(S(=O)(=O)c2c(C(=O)NCc3ccccc3[N+](=O)[O-])[nH]c3ccc(Cl)cc23)c1,7.638272163982407
Cc1cc(C)cc(S(=O)(=O)c2c(C(=O)NCc3ccc([N+](=O)[O-])cc3)[nH]c3ccc(Cl)cc23)c1,6.661543506395395
Cc1cc(C)cc(S(=O)(=O)c2c(C(=O)NCc3ccc(N)cc3)[nH]c3ccc(Cl)cc23)c1,7.468521082957745
Cc1cc(C)cc(S(=O)(=O)c2c(C(=O)NC(C)c3ccccc3)[nH]c3ccc(Cl)cc23)c1,6.267606240177032
Cc1cc(C)cc(CNC(=O)c2[nH]c3ccc(Cl)cc3c2S(=O)(=O)c2cc(C)cc(C)c2)c1,4.698970004336019
Cc1cc(C)cc(S(=O)(=O)c2c(C(=O)NCCc3ccccc3Cl)[nH]c3ccc(Cl)cc23)c1,5.503070351926785
Cc1cc(C)cc(S(=O)(=O)c2c(C(=O)NCCc3cccc(Cl)c3)[nH]c3ccc(Cl)cc23)c1,5.2262135550188065
Cc1cc(C)cc(S(=O)(=O)c2c(C(=O)NCCc3ccc(Cl)cc3)[nH]c3ccc(Cl)cc23)c1,7.221848749616356
Cc1cc(C)cc(S(=O)(=O)c2c(C(=O)NCCc3ccccc3C)[nH]c3ccc(Cl)cc23)c1,4.906578314837765
Cc1cccc(CCNC(=O)c2[nH]c3ccc(Cl)cc3c2S(=O)(=O)c2cc(C)cc(C)c2)c1,4.698970004336019
Cc1ccc(CCNC(=O)c2[nH]c3ccc(Cl)cc3c2S(=O)(=O)c2cc(C)cc(C)c2)cc1,4.698970004336019
Cc1ccnc2c1NC(=O)c1cccnc1N2C1CC1,5.154901959985743
O=C1Nc2ccc(Cl)cc2[C@@](C#CC2CC2)(C(F)(F)F)O1,4.698970004336019
Cc1cc(C#N)cc(C)c1Oc1nc(Nc2ccc(C#N)cc2)nc(N)c1Br,7.920818753952375
Cc1cc(C)cc(S(=O)(=O)c2c(C(=O)N[C@H](C)c3ccccc3)[nH]c3ccc(Cl)cc23)c1,7.045757490560675
Cc1cc(C)cc(S(=O)(=O)c2c(C(=O)N[C@@H](C)c3ccccc3)[nH]c3ccc(Cl)cc23)c1,5.026872146400302
Cc1ccc(CNC(=O)c2[nH]c3ccc(Cl)cc3c2S(=O)(=O)c2cc(C)cc(C)c2)cc1,4.698970004336019
COc1ccc(CNC(=O)c2[nH]c3ccc(Cl)cc3c2S(=O)(=O)c2cc(C)cc(C)c2)cc1,4.698970004336019
Cc1cc(C)cc(S(=O)(=O)c2c(C(=O)NCc3ccc(Cl)cc3)[nH]c3ccc(Cl)cc23)c1,4.698970004336019
Cc1cc(C)cc(S(=O)(=O)c2c(C(=O)NCc3ccccc3F)[nH]c3ccc(Cl)cc23)c1,4.698970004336019
Cc1cc(C)cc(S(=O)(=O)c2c(C(=O)NCc3cccc(F)c3)[nH]c3ccc(Cl)cc23)c1,4.698970004336019
Cc1cc(C)cc(S(=O)(=O)c2c(C(=O)NCc3ccc(F)cc3)[nH]c3ccc(Cl)cc23)c1,4.698970004336019
Cc1cc(C)cc(S(=O)(=O)c2c(C(=O)NCc3ccccc3[N+](=O)[O-])[nH]c3ccc(Cl)cc23)c1,4.698970004336019
Cc1cc(C)cc(S(=O)(=O)c2c(C(=O)NCc3ccc([N+](=O)[O-])cc3)[nH]c3ccc(Cl)cc23)c1,4.698970004336019
Cc1cc(C)cc(S(=O)(=O)c2c(C(=O)NCc3ccc(N)cc3)[nH]c3ccc(Cl)cc23)c1,6.696803942579511
Cc1cc(C)cc(S(=O)(=O)c2c(C(=O)NC(C)c3ccccc3)[nH]c3ccc(Cl)cc23)c1,4.698970004336019
Cc1cc(C)cc(CNC(=O)c2[nH]c3ccc(Cl)cc3c2S(=O)(=O)c2cc(C)cc(C)c2)c1,4.698970004336019
Cc1cc(C)cc(S(=O)(=O)c2c(C(=O)NCCc3ccccc3Cl)[nH]c3ccc(Cl)cc23)c1,4.698970004336019
Cc1cc(C)cc(S(=O)(=O)c2c(C(=O)NCCc3cccc(Cl)c3)[nH]c3ccc(Cl)cc23)c1,4.698970004336019
Cc1cc(C)cc(S(=O)(=O)c2c(C(=O)NCCc3ccc(Cl)cc3)[nH]c3ccc(Cl)cc23)c1,4.698970004336019
Cc1cc(C)cc(S(=O)(=O)c2c(C(=O)NCCc3ccccc3C)[nH]c3ccc(Cl)cc23)c1,4.698970004336019
Cc1cccc(CCNC(=O)c2[nH]c3ccc(Cl)cc3c2S(=O)(=O)c2cc(C)cc(C)c2)c1,4.698970004336019
Cc1ccc(CCNC(=O)c2[nH]c3ccc(Cl)cc3c2S(=O)(=O)c2cc(C)cc(C)c2)cc1,4.698970004336019
Cc1ccnc2c1NC(=O)c1cccnc1N2C1CC1,4.698970004336019
O=C1Nc2ccc(Cl)cc2[C@@](C#CC2CC2)(C(F)(F)F)O1,6.3979400086720375
Cc1cc(C#N)cc(C)c1Oc1nc(Nc2ccc(C#N)cc2)nc(N)c1Br,7.698970004336019
Cc1cc(C)cc(S(=O)(=O)c2c(C(=O)N[C@H](C)c3ccccc3)[nH]c3ccc(Cl)cc23)c1,5.596707854841746
Cc1cc(C)cc(S(=O)(=O)c2c(C(=O)N[C@@H](C)c3ccccc3)[nH]c3ccc(Cl)cc23)c1,4.698970004336019
Cc1cc(C)cc(S(=O)(=O)c2c(C(=O)NCc3ccccc3F)[nH]c3ccc(Cl)cc23)c1,7.154901959985743
Cc1cc(C)cc(S(=O)(=O)c2c(C(=O)NCc3cccc(F)c3)[nH]c3ccc(Cl)cc23)c1,7.3979400086720375
Cc1cc(C)cc(S(=O)(=O)c2c(C(=O)NCc3ccc(F)cc3)[nH]c3ccc(Cl)cc23)c1,7.522878745280337
Cc1cc(C)cc(S(=O)(=O)c2c(C(=O)NC(C)c3ccccc3)[nH]c3ccc(Cl)cc23)c1,7.045757490560675
Cc1cc(C)cc(CNC(=O)c2[nH]c3ccc(Cl)cc3c2S(=O)(=O)c2cc(C)cc(C)c2)c1,5.229147988357856
Cc1cc(C)cc(S(=O)(=O)c2c(C(=O)NCCc3ccccc3Cl)[nH]c3ccc(Cl)cc23)c1,6.568636235841013
Cc1cc(C)cc(S(=O)(=O)c2c(C(=O)NCCc3cccc(Cl)c3)[nH]c3ccc(Cl)cc23)c1,8.0
Cc1cc(C)cc(S(=O)(=O)c2c(C(=O)NCCc3ccc(Cl)cc3)[nH]c3ccc(Cl)cc23)c1,6.017728766960431
Cc1cc(C)cc(S(=O)(=O)c2c(C(=O)NCCc3ccccc3C)[nH]c3ccc(Cl)cc23)c1,6.698970004336019
Cc1cccc(CCNC(=O)c2[nH]c3ccc(Cl)cc3c2S(=O)(=O)c2cc(C)cc(C)c2)c1,5.886056647693163
Cc1ccc(CCNC(=O)c2[nH]c3ccc(Cl)cc3c2S(=O)(=O)c2cc(C)cc(C)c2)cc1,4.789146634685107
Cc1ccnc2c1NC(=O)c1cccnc1N2C1CC1,5.045757490560675
Cc1cc(C#N)cc(C)c1Oc1nc(Nc2ccc(C#N)cc2)nc(N)c1Br,6.785156151952302
Cc1cc(C)cc(S(=O)(=O)c2c(C(=O)N[C@H](C)c3ccccc3)[nH]c3ccc(Cl)cc23)c1,7.301029995663981
Cc1cc(C)cc(S(=O)(=O)c2c(C(=O)N[C@@H](C)c3ccccc3)[nH]c3ccc(Cl)cc23)c1,7.096910013008056
Cc1cc(C)cc(S(=O)(=O)c2c(C(=O)NC(C)c3ccccc3)[nH]c3ccc(Cl)cc23)c1,7.301029995663981
Cc1cc(C#N)cc(C)c1Oc1nc(Nc2ccc(C#N)cc2)nc(N)c1Br,8.0
Cc1cc(C)cc(S(=O)(=O)c2c(C(=O)N[C@H](C)c3ccccc3)[nH]c3ccc(Cl)cc23)c1,7.187086643357144
Cc1cc(C)cc(S(=O)(=O)c2c(C(=O)N[C@@H](C)c3ccccc3)[nH]c3ccc(Cl)cc23)c1,7.552841968657781
O=C(NCc1ccc(F)cc1)c1nc(N2CCCCS2(=O)=O)c2cccnc2c1O,8.301029995663981
O=C(NCc1ccc(Cl)cc1)c1ncc2cccnc2c1O,6.8696662315049934
O=C(O)c1ncc2cccnc2c1O,4.958607314841775
O=C1Cc2ccccc2C(=O)N1O,6.301029995663981
O=c1nc(NCc2ccc(F)cc2)c2cccnc2n1O,6.801342913045577
O=c1nc(N2CCC(F)(F)CC2)c2cccnc2n1O,6.300162274132754
O=c1nc(NCC2CC2)c2cccnc2n1O,6.400116927926312
O=c1nc(Nc2ccc(-c3ccccc3)cc2)c2cccnc2n1O,7.494850021680094
O=c1nc(NCc2ccc(-c3ccccc3)cc2)c2cccnc2n1O,8.0
O=c1nc(Nc2ccc(-c3ccncc3)cc2)c2cccnc2n1O,7.102372908709558
O=c1nc(NCc2ccc(-c3ccncc3)cc2)c2cccnc2n1O,7.795880017344075
O=c1nc(Nc2ccc(N3CCOCC3)cc2)c2cccnc2n1O,7.301029995663981
O=c1nc(NCc2ccc(N3CCOCC3)cc2)c2cccnc2n1O,7.0
O=c1nc(Nc2ccc(CN3CCOCC3)cc2)c2cccnc2n1O,6.698970004336019
O=c1nc(NCc2cccc(N3CCOCC3)c2)c2cccnc2n1O,6.698970004336019
O=c1nc(NCc2cccc(CN3CCOCC3)c2)c2cccnc2n1O,6.400116927926312
COc1ccc2c(C(=O)NCc3ccc(F)cc3)c(O)n(O)c(=O)c2c1,5.318758762624412
Cc1[nH]c(=O)c(Cl)c(Oc2cc(Cl)cc(C#N)c2)c1CCCc1ccncc1,8.522878745280337
Cc1[nH]c(=O)c(Cl)c(Oc2cc(Cl)cc(C#N)c2)c1CCOc1ccccc1,8.221848749616356
Cc1[nH]c(=O)c(Br)c(Oc2cc(Cl)cc(C#N)c2)c1Cc1ccccc1,8.096910013008056
N#Cc1cc(Cl)cc(Oc2c(COCc3ccncc3)c[nH]c(=O)c2Br)c1,7.958607314841775
N#Cc1cc(Cl)cc(Oc2c(CCOc3ccncc3)c[nH]c(=O)c2Br)c1,8.096910013008056
N#Cc1cc(Cl)cc(Oc2c(CCOc3cccnc3)c[nH]c(=O)c2Br)c1,8.096910013008056
N#Cc1cc(Cl)cc(Oc2c(Cc3ccccc3)c[nH]c(=O)c2Br)c1,7.3872161432802645
N#Cc1cc(Cl)cc(Oc2c(F)c(CCc3ccncc3)[nH]c(=O)c2Br)c1,9.0
N#Cc1cc(Cl)cc(Oc2c(F)c(CCc3cccc(Cl)c3)[nH]c(=O)c2Br)c1,8.096910013008056
N#Cc1cc(Cl)cc(Oc2cc(CCc3cccc(Cl)c3)[nH]c(=O)c2Cl)c1,8.154901959985743
N#Cc1cc(Cl)cc(Oc2cc(CCc3ccncc3)[nH]c(=O)c2Cl)c1,7.6777807052660805
N#Cc1cc(Cl)cc(Oc2cc(CCc3cccnc3)[nH]c(=O)c2Cl)c1,7.657577319177793
N#Cc1cc(Cl)cc(Oc2cc(CCc3ccccn3)[nH]c(=O)c2Cl)c1,7.481486060122112
N#Cc1cc(Cl)cc(Oc2cc(CCc3nc4ccccc4o3)[nH]c(=O)c2Cl)c1,8.397940008672037
Cc1[nH]c(=O)c(Cl)c(Oc2cc(Cl)cc(C#N)c2)c1CCCc1ccncc1,8.698970004336019
Cc1[nH]c(=O)c(Cl)c(Oc2cc(Cl)cc(C#N)c2)c1CCOc1ccccc1,8.301029995663981
Cc1[nH]c(=O)c(Br)c(Oc2cc(Cl)cc(C#N)c2)c1Cc1ccccc1,8.154901959985743
N#Cc1cc(Cl)cc(Oc2c(COCc3ccncc3)c[nH]c(=O)c2Br)c1,7.886056647693163
N#Cc1cc(Cl)cc(Oc2c(CCOc3ccncc3)c[nH]c(=O)c2Br)c1,7.853871964321762
N#Cc1cc(Cl)cc(Oc2c(CCOc3cccnc3)c[nH]c(=O)c2Br)c1,7.795880017344075
N#Cc1cc(Cl)cc(Oc2c(Cc3ccccc3)c[nH]c(=O)c2Br)c1,7.1487416512809245
N#Cc1cc(Cl)cc(Oc2c(F)c(CCc3ccncc3)[nH]c(=O)c2Br)c1,9.0
N#Cc1cc(Cl)cc(Oc2c(F)c(CCc3cccc(Cl)c3)[nH]c(=O)c2Br)c1,8.096910013008056
N#Cc1cc(Cl)cc(Oc2cc(CCc3cccc(Cl)c3)[nH]c(=O)c2Cl)c1,8.221848749616356
N#Cc1cc(Cl)cc(Oc2cc(CCc3ccncc3)[nH]c(=O)c2Cl)c1,7.853871964321762
N#Cc1cc(Cl)cc(Oc2cc(CCc3cccnc3)[nH]c(=O)c2Cl)c1,7.795880017344075
N#Cc1cc(Cl)cc(Oc2cc(CCc3ccccn3)[nH]c(=O)c2Cl)c1,7.107905397309519
N#Cc1cc(Cl)cc(Oc2cc(CCc3nc4ccccc4o3)[nH]c(=O)c2Cl)c1,7.795880017344075
CN(C)c1c(Oc2cc(Cl)cc(C#N)c2)cc(CC(=O)N2CCc3ccccc3C2)[nH]c1=O,6.657577319177793
N#Cc1cc(Cl)cc(Oc2cc(CC(=O)N3CCc4ccccc4C3)[nH]c(=O)c2Cl)c1,7.522878745280337
N#Cc1cc(Cl)cc(Oc2c(F)c(CC(=O)N3CCc4ccccc4C3)[nH]c(=O)c2Br)c1,7.920818753952375
Cc1[nH]c(=O)c(Cl)c(Oc2cc(Cl)cc(C#N)c2)c1CCCc1ccncc1,8.397940008672037
Cc1[nH]c(=O)c(Cl)c(Oc2cc(Cl)cc(C#N)c2)c1CCOc1ccccc1,8.221848749616356
Cc1[nH]c(=O)c(Br)c(Oc2cc(Cl)cc(C#N)c2)c1Cc1ccccc1,8.0
N#Cc1cc(Cl)cc(Oc2c(COCc3ccncc3)c[nH]c(=O)c2Br)c1,7.6777807052660805
N#Cc1cc(Cl)cc(Oc2c(CCOc3ccncc3)c[nH]c(=O)c2Br)c1,8.0
N#Cc1cc(Cl)cc(Oc2c(CCOc3cccnc3)c[nH]c(=O)c2Br)c1,7.958607314841775
N#Cc1cc(Cl)cc(Oc2c(Cc3ccccc3)c[nH]c(=O)c2Br)c1,7.468521082957745
N#Cc1cc(Cl)cc(Oc2c(F)c(CCc3ccncc3)[nH]c(=O)c2Br)c1,8.698970004336019
N#Cc1cc(Cl)cc(Oc2c(F)c(CCc3cccc(Cl)c3)[nH]c(=O)c2Br)c1,7.769551078621726
N#Cc1cc(Cl)cc(Oc2c(F)c(CCc3ccccc3)[nH]c(=O)c2Cl)c1,8.154901959985743
N#Cc1cc(Cl)cc(Oc2cc(CCc3cccc(Cl)c3)[nH]c(=O)c2Cl)c1,7.920818753952375
N#Cc1cc(Cl)cc(Oc2cc(CCc3ccncc3)[nH]c(=O)c2Cl)c1,7.721246399047171
N#Cc1cc(Cl)cc(Oc2cc(CCc3cccnc3)[nH]c(=O)c2Cl)c1,7.657577319177793
N#Cc1cc(Cl)cc(Oc2cc(CCc3ccccn3)[nH]c(=O)c2Cl)c1,7.6777807052660805
N#Cc1cc(Cl)cc(Oc2cc(CCc3nc4ccccc4o3)[nH]c(=O)c2Cl)c1,8.221848749616356
N#Cc1cc(Cl)cc(Oc2cc(CCc3ccccc3)[nH]c(=O)c2Cl)c1,8.096910013008056
Cc1ccc(Sc2cc(CCc3ccccc3)[nH]c(=O)c2I)cc1,4.919734372660155
O=c1[nH]c(CCc2ccccc2)cc(NC2CCCCC2)c1I,4.817585347565446
CC1CCCCC1Nc1cc(CCc2ccccc2)[nH]c(=O)c1I,6.376750709602099
O=c1[nH]c(CCc2ccccc2)cc(NC2CCCC2)c1I,4.619607839942972
O=c1[nH]c(CCc2ccccc2)cc(Nc2ccccc2)c1I,5.089375595110798
O=c1[nH]c(CCc2ccccc2)cc(Sc2ccccc2)c1I,4.692717952966654
O=c1[nH]c(CCc2ccccc2)cc(Oc2ccccc2)c1I,6.5376020021010435
CC(C)c1c(Oc2ccccc2)cc(CCc2ccccc2)[nH]c1=O,7.050609993355087
Cc1ccnc2c1NC(=O)c1cccnc1N2C1CC1,5.3325470471100465
Cc1ccc(Sc2cc(CCc3ccccc3)[nH]c(=O)c2Br)cc1,4.772370350428991
O=c1[nH]c(CCc2ccccc2)cc(NC2CCCCC2)c1Br,4.3951262294473645
CC1CCCCC1Nc1cc(CCc2ccccc2)[nH]c(=O)c1Br,6.167491087293763
O=c1[nH]c(CCc2ccccc2)cc(NC2CCCC2)c1Br,4.363111093016201
O=c1[nH]c(CCc2ccccc2)cc(Nc2ccccc2)c1Br,4.945004138470859
O=c1[nH]c(CCc2ccccc2)cc(Sc2ccccc2)c1Br,4.243059763953275
CN(C)c1c(Sc2ccccc2)cc(CCc2ccccc2)[nH]c1=O,4.817870785947002
CC(C)c1c(Sc2ccccc2)cc(CCc2ccccc2)[nH]c1=O,7.031517051446065
Cc1cc(C#N)cc(C)c1Oc1cc(Nc2ccc(C#N)cc2)nc2ncnn12,6.4089353929735005
O=C1c2ccccc2S[C@H]2[C@@H](O)[C@@H](O)[C@H](O)CN12,5.801342913045577
O=C1CCS[C@H]2[C@@H](O)[C@@H](O)[C@H](O)[C@H](CO)N12,4.890084136976206
O=C1c2ccccc2S[C@H]2[C@@H](O)[C@@H](O)[C@H](O)[C@H](CO)N12,6.309803919971486
O=C1c2cccnc2S[C@H]2[C@@H](O)[C@@H](O)[C@H](O)[C@H](CO)N12,4.503485481302255
O=C1CCS[C@@H]2[C@@H](O)[C@@H](O)[C@H](O)[C@@H](CO)N12,5.85078088734462
O=C1c2cccnc2S[C@@H]2[C@@H](O)[C@@H](O)[C@H](O)[C@@H](CO)N12,4.269056306572264
O=C1c2ccccc2S[C@@H]2[C@@H](O)[C@@H](O)[C@H](O)CN12,5.416801226031377
O=C1CCS[C@@H]2[C@@H](O)[C@@H](O)[C@H](O)[C@H](CO)N12,5.220403508742176
O=C1c2ccccc2S[C@@H]2[C@@H](O)[C@@H](O)[C@H](O)[C@H](CO)N12,5.87942606879415
O=C1c2cccnc2S[C@@H]2[C@@H](O)[C@@H](O)[C@H](O)[C@H](CO)N12,4.5715412264844195
O=C1c2ccccc2S[C@@H]2[C@@H](O)[C@@H](O)[C@H](O)[C@@H](CO)N12,4.705093089394808
Cc1cn([C@H]2C[C@H](N=[N+]=[N-])[C@@H](CO)O2)c(=O)[nH]c1=O,4.739451627363021
Cn1cc(C(=O)O)c(=O)c2cc(N)c(N3CCN(c4ccccn4)CC3)cc21,3.0969100130080562
Cc1ccnc2c1NC(=O)c1cccnc1N2C1CC1,5.8696662315049934
CCN1c2ncccc2NC(=O)c2cc(NCCNc3cc4c(cc3N)c(=O)c(C(=O)O)cn4C)cnc21,4.134303940083929
CCN1c2ncccc2NC(=O)c2cc(N3CCN(c4cc5c(cc4N)c(=O)c(C(=O)O)cn5C)CC3)cnc21,4.8297382846050425
CCN1c2ncccc2NC(=O)c2ccc(N3CCN(c4cc5c(cc4N)c(=O)c(C(=O)O)cn5C)CC3)nc21,5.075720713938118
CCN1c2ncc(CCOc3cc[n+]([O-])c4ccccc34)cc2C(=O)N(C)c2cccnc21,7.769551078621726
Cc1cc(C#N)cc(C)c1Oc1cc(Nc2ccc(C#N)cc2)ncc1C(=O)NCCN(C)C,4.588885581449095
CCCNC(=O)c1cnc(Nc2ccc(C#N)cc2)cc1Oc1c(C)cc(C#N)cc1C,5.382999658879101
COCCNC(=O)c1cnc(Nc2ccc(C#N)cc2)cc1Oc1c(C)cc(C#N)cc1C,4.948076083953893
Cc1cc(C#N)cc(C)c1Oc1cc(Nc2ccc(C#N)cc2)ncc1C(=O)NCC1CC1,5.371611069949688
C#CCNC(=O)c1cnc(Nc2ccc(C#N)cc2)cc1Oc1c(C)cc(C#N)cc1C,5.889410289700751
COC(CNC(=O)c1cnc(Nc2ccc(C#N)cc2)cc1Oc1c(C)cc(C#N)cc1C)OC,4.944239535312265
Cc1cc(C#N)cc(C)c1Oc1cc(Nc2ccc(C#N)cc2)ncc1C(=O)NC1CC1,5.4723700991286615
Cc1cc(C#N)cc(C)c1Oc1cc(Nc2ccc(C#N)cc2)ncc1C(=O)NCC1CCCO1,4.961777361631282
C=CCNC(=O)c1cnc(Nc2ccc(C#N)cc2)cc1Oc1c(C)cc(C#N)cc1C,5.54515513999149
Cc1cc(C#N)cc(C)c1Oc1cc(Nc2ccc(C#N)cc2)ncc1C(=O)NCCC#N,5.404503778174425
Cc1cc(C#N)cc(C)c1Oc1cc(Nc2ccc(C#N)cc2)ncc1C(N)=O,7.096910013008056
Cc1cc(C)c(Oc2cc(Nc3ccc(C#N)cc3)ncc2C(=O)NCCN(C)C)c(C)c1,5.462180904926726
CCCNC(=O)c1cnc(Nc2ccc(C#N)cc2)cc1Oc1c(C)cc(C)cc1C,6.494850021680094
COCCNC(=O)c1cnc(Nc2ccc(C#N)cc2)cc1Oc1c(C)cc(C)cc1C,6.2839966563652006
Cc1cc(C)c(Oc2cc(Nc3ccc(C#N)cc3)ncc2C(=O)NCC2CC2)c(C)c1,6.167491087293763
C#CCNC(=O)c1cnc(Nc2ccc(C#N)cc2)cc1Oc1c(C)cc(C)cc1C,7.154901959985743
COC(CNC(=O)c1cnc(Nc2ccc(C#N)cc2)cc1Oc1c(C)cc(C)cc1C)OC,5.723538195826756
Cc1cc(C)c(Oc2cc(Nc3ccc(C#N)cc3)ncc2C(=O)NC2CC2)c(C)c1,6.638272163982407
Cc1cc(C)c(Oc2cc(Nc3ccc(C#N)cc3)ncc2C(=O)NCC2CCCO2)c(C)c1,5.920818753952375
C=CCNC(=O)c1cnc(Nc2ccc(C#N)cc2)cc1Oc1c(C)cc(C)cc1C,6.769551078621726
Cc1cc(C)c(Oc2cc(Nc3ccc(C#N)cc3)ncc2C(=O)NCCC#N)c(C)c1,6.721246399047171
Cc1cc(C)c(Oc2cc(Nc3ccc(C#N)cc3)ncc2C(N)=O)c(C)c1,7.698970004336019
Cc1ccnc2c1NC(=O)c1cccnc1N2C1CC1,6.2076083105017466
O=C1Nc2ccc(Cl)cc2[C@@](C#CC2CC2)(C(F)(F)F)O1,7.698970004336019
CSc1nc2ncnc(NCC(P(=O)(O)O)P(=O)(O)O)c2cc1-c1ccc(OC(C)C)cc1,5.1487416512809245
COc1cccc(-c2cc3c(NCC(P(=O)(O)O)P(=O)(O)O)ncnc3nc2SC)c1,5.619788758288394
CSc1nc2ncnc(NCC(P(=O)(O)O)P(=O)(O)O)c2cc1-c1ccccc1,5.958607314841775
COc1cccc(-c2cnc3ncnc(NCC(P(=O)(O)O)P(=O)(O)O)c3c2)c1,4.698970004336019
O=P(O)(O)C(CNc1ncnc2ncc(-c3ccsc3)cc12)P(=O)(O)O,5.045757490560675
O=P(O)(O)C(CNc1ncnc2ncccc12)P(=O)(O)O,4.301029995663981
CSc1nc2ncnc(NC(P(=O)(O)O)P(=O)(O)O)c2cc1-c1ccc(OC(C)C)cc1,5.7447274948966935
CC(C)Oc1ccc(-c2cnc3ncnc(NC(P(=O)(O)O)P(=O)(O)O)c3c2)cc1,5.0
O=P(O)(O)C(Nc1ncnc2nc(-c3cccs3)ccc12)P(=O)(O)O,4.982966660701219
CSc1ccc2c(NC(P(=O)(O)O)P(=O)(O)O)ncnc2n1,4.301029995663981
O=P(O)(O)C(Nc1ncnc2ncccc12)P(=O)(O)O,4.301029995663981
O=C(O)C(=NNc1ccc(Cl)cc1)C(=O)O,5.823908740944319
O=C(O)P(=O)(O)O,5.6020599913279625
CSc1nc2ncnc(NCC(P(=O)(O)O)P(=O)(O)O)c2cc1-c1ccsc1,5.080921907623926
CSc1nc2ncnc(NC(P(=O)(O)O)P(=O)(O)O)c2cc1-c1ccc(OC(C)C)cc1,5.7447274948966935
CSc1nc2ncnc(NCC(P(=O)(O)O)P(=O)(O)O)c2cc1-c1ccccc1,5.2839966563652006
COc1cccc(-c2cc3c(NCC(P(=O)(O)O)P(=O)(O)O)ncnc3nc2SC)c1,5.481486060122113
CSc1nc2ncnc(NC(P(=O)(O)O)P(=O)(O)O)c2cc1-c1ccc(OC(C)C)cc1,6.096910013008056
CSc1nc2ncnc(NCC(P(=O)(O)O)P(=O)(O)O)c2cc1-c1ccccc1,6.0
COc1cccc(-c2cc3c(NCC(P(=O)(O)O)P(=O)(O)O)ncnc3nc2SC)c1,5.6777807052660805
CSc1nc2ncnc(NC(P(=O)(O)O)P(=O)(O)O)c2cc1-c1ccc(OC(C)C)cc1,5.853871964321762
CSc1nc2ncnc(NCC(P(=O)(O)O)P(=O)(O)O)c2cc1-c1ccccc1,6.221848749616356
COc1cccc(-c2cc3c(NCC(P(=O)(O)O)P(=O)(O)O)ncnc3nc2SC)c1,5.376750709602099
O=C(O)P(=O)(O)O,5.552841968657781
O=C(O)P(=O)(O)O,5.2839966563652006
O=C(O)P(=O)(O)O,6.096910013008056
CCOC(=O)CNC(=O)c1ccc(NC(=O)CSc2ncncc2-c2cccc3ccccc23)c(Cl)c1,5.882728704344236
Cc1ccnc2c1NC(=O)c1cccnc1N2C1CC1,6.045757490560675
Cc1cc(C)cc(S(=O)(=O)c2c(C(=O)NC(C)c3ccncc3)[nH]c3ccc(Cl)cc23)c1,7.3979400086720375
Cc1cc(C)cc(S(=O)(=O)c2c(C(=O)N[C@@H](C)c3ccncc3)[nH]c3ccc(Cl)cc23)c1,7.3979400086720375
Cc1cc(C)cc(S(=O)(=O)c2c(C(=O)N[C@H](C)c3ccncc3)[nH]c3ccc(Cl)cc23)c1,7.7447274948966935
Cc1ccnc2c1NC(=O)c1cccnc1N2C1CC1,6.3979400086720375
O=C1Nc2ccc(Cl)cc2[C@@](C#CC2CC2)(C(F)(F)F)O1,7.096910013008056
Cc1cc(C#N)cc(C)c1Oc1nc(Nc2ccc(C#N)cc2)nc(N)c1Br,8.0
Cc1cc(C)cc(S(=O)(=O)c2c(C(=O)NC(C)c3ccncc3)[nH]c3ccc(Cl)cc23)c1,6.657577319177793
Cc1cc(C)cc(S(=O)(=O)c2c(C(=O)N[C@@H](C)c3ccncc3)[nH]c3ccc(Cl)cc23)c1,6.154901959985743
Cc1cc(C)cc(S(=O)(=O)c2c(C(=O)N[C@H](C)c3ccncc3)[nH]c3ccc(Cl)cc23)c1,7.301029995663981
Cc1ccnc2c1NC(=O)c1cccnc1N2C1CC1,5.154901959985743
O=C1Nc2ccc(Cl)cc2[C@@](C#CC2CC2)(C(F)(F)F)O1,4.698970004336019
Cc1cc(C#N)cc(C)c1Oc1nc(Nc2ccc(C#N)cc2)nc(N)c1Br,7.698970004336019
Cc1cc(C)cc(S(=O)(=O)c2c(C(=O)NC(C)c3ccncc3)[nH]c3ccc(Cl)cc23)c1,5.455931955649724
Cc1cc(C)cc(S(=O)(=O)c2c(C(=O)N[C@@H](C)c3ccncc3)[nH]c3ccc(Cl)cc23)c1,3.958607314841775
Cc1cc(C)cc(S(=O)(=O)c2c(C(=O)N[C@H](C)c3ccncc3)[nH]c3ccc(Cl)cc23)c1,5.651695136951839
Cc1ccnc2c1NC(=O)c1cccnc1N2C1CC1,4.698970004336019
O=C1Nc2ccc(Cl)cc2[C@@](C#CC2CC2)(C(F)(F)F)O1,6.3979400086720375
Cc1cc(C#N)cc(C)c1Oc1nc(Nc2ccc(C#N)cc2)nc(N)c1Br,6.785156151952302
Cc1cc(C)cc(S(=O)(=O)c2c(C(=O)NC(C)c3ccncc3)[nH]c3ccc(Cl)cc23)c1,7.522878745280337
Cc1cc(C)cc(S(=O)(=O)c2c(C(=O)N[C@@H](C)c3ccncc3)[nH]c3ccc(Cl)cc23)c1,7.698970004336019
Cc1cc(C)cc(S(=O)(=O)c2c(C(=O)N[C@H](C)c3ccncc3)[nH]c3ccc(Cl)cc23)c1,8.522878745280337
Cc1ccnc2c1NC(=O)c1cccnc1N2C1CC1,5.045757490560675
O=C1Nc2ccc(Cl)cc2[C@@](C#CC2CC2)(C(F)(F)F)O1,6.920818753952375
Cc1cc(C#N)cc(C)c1Oc1nc(Nc2ccc(C#N)cc2)nc(N)c1Br,7.920818753952375
Cc1cc(C)cc(S(=O)(=O)c2c(C(=O)NC(C)c3ccncc3)[nH]c3ccc(Cl)cc23)c1,7.3979400086720375
Cc1cc(C)cc(S(=O)(=O)c2c(C(=O)N[C@@H](C)c3ccncc3)[nH]c3ccc(Cl)cc23)c1,7.259637310505756
Cc1cc(C)cc(S(=O)(=O)c2c(C(=O)N[C@H](C)c3ccncc3)[nH]c3ccc(Cl)cc23)c1,7.585026652029182
Cc1cc(C#N)cc(C)c1Oc1nc(Nc2ccc(C#N)cc2)nc(N)c1Br,8.0
Cc1cc(C)cc(S(=O)(=O)c2c(C(=O)Nc3cccc(N)c3)[nH]c3ccc(Cl)cc23)c1,7.721246399047171
Cc1cc(C)cc(S(=O)(=O)c2c(C(=O)NCc3ccncn3)[nH]c3ccc(Cl)cc23)c1,7.376750709602099
Cc1cc(C)cc(S(=O)(=O)c2c(C(=O)NC(C)c3ccccn3)[nH]c3ccc(Cl)cc23)c1,7.1938200260161125
Cc1cc(C)cc(S(=O)(=O)c2c(C(=O)NC(C)c3cccnc3)[nH]c3ccc(Cl)cc23)c1,7.0
Cc1cc(C)cc(S(=O)(=O)c2c(C(=O)NNc3ccncc3)[nH]c3ccc(Cl)cc23)c1,4.698970004336019
Cc1cc(C)cc(S(=O)(=O)c2c(C(=O)NN(C)c3ccccc3)[nH]c3ccc(Cl)cc23)c1,7.795880017344075
Cc1cc(C)cc(S(=O)(=O)c2c(C(=O)NCc3ccco3)[nH]c3ccc(Cl)cc23)c1,8.522878745280337
Cc1cc(C)cc(S(=O)(=O)c2c(C(=O)NCc3cccs3)[nH]c3ccc(Cl)cc23)c1,7.522878745280337
Cc1cc(C)cc(S(=O)(=O)c2c(C(=O)NC(C)c3cccs3)[nH]c3ccc(Cl)cc23)c1,7.568636235841013
Cc1cc(C)cc(S(=O)(=O)c2c(C(=O)NCCc3cccs3)[nH]c3ccc(Cl)cc23)c1,7.154901959985743
Cc1cc(C)cc(S(=O)(=O)c2c(C(=O)NCCn3c([N+](=O)[O-])cnc3C)[nH]c3ccc(Cl)cc23)c1,7.356547323513812
Cc1cc(C)cc(S(=O)(=O)c2c(C(=O)NCc3ccccc3)[nH]c3ccc(Cl)cc23)c1,7.6777807052660805
Cc1cc(C)cc(S(=O)(=O)c2c(C(=O)NCCc3ccccc3)[nH]c3ccc(Cl)cc23)c1,7.113509274827518
Cc1cc(C)cc(S(=O)(=O)c2c(C(=O)NC(C)c3ccccc3)[nH]c3ccc(Cl)cc23)c1,7.3979400086720375
Cc1cc(C)cc(S(=O)(=O)c2c(C(=O)Nc3cccc(N)c3)[nH]c3ccc(Cl)cc23)c1,6.508638306165727
Cc1cc(C)cc(S(=O)(=O)c2c(C(=O)NCc3ccncn3)[nH]c3ccc(Cl)cc23)c1,7.017728766960431
Cc1cc(C)cc(S(=O)(=O)c2c(C(=O)NC(C)c3ccccn3)[nH]c3ccc(Cl)cc23)c1,7.0
Cc1cc(C)cc(S(=O)(=O)c2c(C(=O)NC(C)c3cccnc3)[nH]c3ccc(Cl)cc23)c1,6.920818753952375
Cc1cc(C)cc(S(=O)(=O)c2c(C(=O)NNc3ccncc3)[nH]c3ccc(Cl)cc23)c1,4.698970004336019
Cc1cc(C)cc(S(=O)(=O)c2c(C(=O)NN(C)c3ccccc3)[nH]c3ccc(Cl)cc23)c1,6.6307841425898575
Cc1cc(C)cc(S(=O)(=O)c2c(C(=O)NCc3ccco3)[nH]c3ccc(Cl)cc23)c1,8.045757490560675
Cc1cc(C)cc(S(=O)(=O)c2c(C(=O)NCc3cccs3)[nH]c3ccc(Cl)cc23)c1,4.698970004336019
Cc1cc(C)cc(S(=O)(=O)c2c(C(=O)NC(C)c3cccs3)[nH]c3ccc(Cl)cc23)c1,7.102372908709558
Cc1cc(C)cc(S(=O)(=O)c2c(C(=O)NCCc3cccs3)[nH]c3ccc(Cl)cc23)c1,7.376750709602099
Cc1cc(C)cc(S(=O)(=O)c2c(C(=O)NCCn3c([N+](=O)[O-])cnc3C)[nH]c3ccc(Cl)cc23)c1,6.1938200260161125
Cc1cc(C)cc(S(=O)(=O)c2c(C(=O)NCc3ccccc3)[nH]c3ccc(Cl)cc23)c1,4.698970004336019
Cc1cc(C)cc(S(=O)(=O)c2c(C(=O)NCCc3ccccc3)[nH]c3ccc(Cl)cc23)c1,4.983384452442823
Cc1cc(C)cc(S(=O)(=O)c2c(C(=O)NC(C)c3ccccc3)[nH]c3ccc(Cl)cc23)c1,6.267606240177032
Cc1cc(C)cc(S(=O)(=O)c2c(C(=O)NC(C)c3ccccn3)[nH]c3ccc(Cl)cc23)c1,7.522878745280337
Cc1cc(C)cc(S(=O)(=O)c2c(C(=O)NC(C)c3cccnc3)[nH]c3ccc(Cl)cc23)c1,7.698970004336019
Cc1cc(C)cc(S(=O)(=O)c2c(C(=O)NNc3ccncc3)[nH]c3ccc(Cl)cc23)c1,5.026872146400302
Cc1cc(C)cc(S(=O)(=O)c2c(C(=O)NCc3cccs3)[nH]c3ccc(Cl)cc23)c1,7.0
Cc1cc(C)cc(S(=O)(=O)c2c(C(=O)NCCc3cccs3)[nH]c3ccc(Cl)cc23)c1,9.0
Cc1cc(C)cc(S(=O)(=O)c2c(C(=O)NCCn3c([N+](=O)[O-])cnc3C)[nH]c3ccc(Cl)cc23)c1,6.795880017344075
Cc1cc(C)cc(S(=O)(=O)c2c(C(=O)NCc3ccccc3)[nH]c3ccc(Cl)cc23)c1,7.823908740944319
Cc1cc(C)cc(S(=O)(=O)c2c(C(=O)NCCc3ccccc3)[nH]c3ccc(Cl)cc23)c1,7.568636235841013
Cc1cc(C)cc(S(=O)(=O)c2c(C(=O)NC(C)c3ccccc3)[nH]c3ccc(Cl)cc23)c1,7.154901959985743
Cc1cc(C)cc(S(=O)(=O)c2c(C(=O)Nc3cccc(N)c3)[nH]c3ccc(Cl)cc23)c1,6.645891560852599
Cc1cc(C)cc(S(=O)(=O)c2c(C(=O)NCc3ccncn3)[nH]c3ccc(Cl)cc23)c1,8.3767507096021
Cc1cc(C)cc(S(=O)(=O)c2c(C(=O)NC(C)c3ccncc3)[nH]c3ccc(Cl)cc23)c1,5.449771646944906
Cc1cc(C)cc(S(=O)(=O)c2c(C(=O)NC(C)c3ccccn3)[nH]c3ccc(Cl)cc23)c1,4.954677021213342
Cc1cc(C)cc(S(=O)(=O)c2c(C(=O)NC(C)c3cccnc3)[nH]c3ccc(Cl)cc23)c1,4.698970004336019
Cc1cc(C)cc(S(=O)(=O)c2c(C(=O)NNc3ccncc3)[nH]c3ccc(Cl)cc23)c1,4.698970004336019
Cc1cc(C)cc(S(=O)(=O)c2c(C(=O)NN(C)c3ccccc3)[nH]c3ccc(Cl)cc23)c1,4.698970004336019
Cc1cc(C)cc(S(=O)(=O)c2c(C(=O)NCc3ccco3)[nH]c3ccc(Cl)cc23)c1,6.6307841425898575
Cc1cc(C)cc(S(=O)(=O)c2c(C(=O)NCc3cccs3)[nH]c3ccc(Cl)cc23)c1,4.698970004336019
Cc1cc(C)cc(S(=O)(=O)c2c(C(=O)NCCc3cccs3)[nH]c3ccc(Cl)cc23)c1,4.698970004336019
Cc1cc(C)cc(S(=O)(=O)c2c(C(=O)NCCn3c([N+](=O)[O-])cnc3C)[nH]c3ccc(Cl)cc23)c1,6.882728704344236
Cc1cc(C)cc(S(=O)(=O)c2c(C(=O)NCc3ccccc3)[nH]c3ccc(Cl)cc23)c1,4.698970004336019
Cc1cc(C)cc(S(=O)(=O)c2c(C(=O)NCCc3ccccc3)[nH]c3ccc(Cl)cc23)c1,4.698970004336019
Cc1cc(C)cc(S(=O)(=O)c2c(C(=O)NC(C)c3ccccc3)[nH]c3ccc(Cl)cc23)c1,5.0847057169773135
Cc1ccnc2c1NC(=O)c1cccnc1N2C1CC1,4.698970004336019
O=C1Nc2ccc(Cl)cc2[C@@](C#CC2CC2)(C(F)(F)F)O1,6.3979400086720375
Cc1cc(C#N)cc(C)c1Oc1nc(Nc2ccc(C#N)cc2)nc(N)c1Br,6.785156151952302
N#Cc1ccc(Nc2nccc(OCC(=O)Nc3ccc(Cl)cc3)n2)cc1,4.570570735618213
N#Cc1ccc(Nc2nccc(OCC(=O)Nc3cccc(Cl)c3)n2)cc1,6.920818753952375
N#Cc1ccc(NC(=O)COc2ccnc(Nc3ccc(C#N)cc3)n2)cc1,4.6219656775426685
COc1ccc(NC(=O)COc2ccnc(Nc3ccc(C#N)cc3)n2)cc1,4.608535588160897
Cc1cc(OCC(=O)Nc2cccc(Cl)c2)nc(Nc2ccc(C#N)cc2)n1,6.267606240177032
Cc1cnc(Nc2ccc(C#N)cc2)nc1OCC(=O)Nc1ccc(F)cc1,4.723078867934226
Cc1cnc(Nc2ccc(C#N)cc2)nc1OCC(=O)Nc1ccccc1F,7.080921907623926
Cc1cnc(Nc2ccc(C#N)cc2)nc1OCC(=O)Nc1cccc(Cl)c1,6.795880017344075
Cc1cnc(Nc2ccc(C#N)cc2)nc1OCC(=O)Nc1ccccc1Cl,7.337242168318426
Cc1cnc(Nc2ccc(C#N)cc2)nc1OCC(=O)Nc1ccc(C#N)cc1,4.754981129262247
Cc1cnc(Nc2ccc(C#N)cc2)nc1OCC(=O)Nc1ccc(C#N)cc1F,4.919373513078194
Cc1ccnc2c1NC(=O)c1cccnc1N2C1CC1,6.0
O=C1Nc2ccc(Cl)cc2[C@@](C#CC2CC2)(C(F)(F)F)O1,7.619788758288394
Cc1cc(C)cc(Cn2c(=O)ccn(CC(=O)Nc3ccccc3)c2=O)c1,4.100836358522781
Cc1cc(C)cc(Cn2c(=O)ccn(CC(=O)Nc3ccccc3C)c2=O)c1,4.162600975657978
Cc1cc(C)cc(Cn2c(=O)ccn(CC(=O)Nc3ccccc3Cl)c2=O)c1,4.80465394165158
COc1ccccc1NC(=O)Cn1ccc(=O)n(Cc2cc(C)cc(C)c2)c1=O,3.675799883214622
Cc1cc(C)cc(Cn2c(=O)ccn(CC(=O)Nc3cccc(Cl)c3)c2=O)c1,3.942524084173746
Cc1cc(C)cc(Cn2c(=O)ccn(CC(=O)Nc3ccc(Cl)cc3)c2=O)c1,4.201349354554731
Cc1cc(C)cc(Cn2c(=O)ccn(CC(=O)Nc3cccc(C)c3C)c2=O)c1,3.5228787452803374
Cc1cc(C)cc(Cn2c(=O)ccn(CC(=O)NCc3ccccc3)c2=O)c1,3.7124893896962545
O=C(Cn1ccc(=O)n(Cc2cc(Cl)cc(Cl)c2)c1=O)Nc1ccccc1Cl,4.8972233851165585
Cc1cc(Br)cc(Cn2c(=O)ccn(CC(=O)Nc3ccccc3)c2=O)c1,4.9179330657148865
O=C(Cn1ccc(=O)n(Cc2cccc3ccccc23)c1=O)Nc1ccccc1Cl,4.35124978730198
Cc1ccnc2c1NC(=O)c1cccnc1N2C1CC1,5.939302159646388
O=C1Nc2ccc(Cl)cc2[C@@](C#CC2CC2)(C(F)(F)F)O1,7.657577319177793
O=C(Cn1ccc(=O)n(Cc2cc(Cl)cc(Cl)c2)c1=O)Nc1ccccc1Cl,3.82623117686335
Cc1cc(C)c(Oc2cc(NC3CCN(Cc4ccc(S(C)(=O)=O)cc4)CC3)nc3ncnn23)c(C)c1,6.301029995663981
Cc1ccnc2c1NC(=O)c1cccnc1N2C1CC1,6.236572006437063
Cc1cc(C#N)cc(C)c1Oc1nc(Nc2ccc(C#N)cc2)nc(N)c1Br,7.050609993355087
O=C1Nc2ccccc2/C1=N/Nc1nc(-c2ccc(O)c(O)c2)cs1,5.494850021680094
O=C1Nc2ccccc2/C1=N/Nc1nc(-c2ccc(Cl)cc2)cs1,4.97469413473523
O=C1Nc2ccccc2/C1=N/Nc1nc(-c2ccc(F)cc2)cs1,5.1938200260161125
O=C1Nc2ccccc2/C1=N/Nc1nc(-c2ccc(Br)cc2)cs1,4.826813731587726
O=C1Nc2ccccc2/C1=N/Nc1nc(-c2ccc([N+](=O)[O-])cc2)cs1,5.5376020021010435
O=C1Nc2ccccc2/C1=N/Nc1nc(-c2ccc(-c3ccccc3)cc2)cs1,5.6020599913279625
O=C1Nc2ccccc2/C1=N/Nc1nc(-c2ccc(F)cc2F)cs1,5.585026652029182
O=C1Nc2ccccc2/C1=N/Nc1nc(-c2cccc([N+](=O)[O-])c2)cs1,5.552841968657781
Cc1ccc(-c2csc(N/N=C3\C(=O)Nc4ccccc43)n2)cc1,5.045757490560675
COc1ccc(-c2csc(N/N=C3\C(=O)Nc4ccccc43)n2)cc1,5.327902142064283
O=C1Nc2ccccc2/C1=N/Nc1nc(-c2ccccc2)cs1,4.0
O=C1Nc2ccccc2/C1=N/Nc1nc(-c2ccc(Cl)cc2Cl)cs1,5.4089353929735005
CCOC(=O)C(=O)CC(=O)/C=C/c1cccn1Cc1ccc(F)cc1,4.995678626217358
O=C1Nc2ccccc2/C1=N/Nc1nc(-c2ccc(O)c(O)c2)cs1,6.045757490560675
O=C1Nc2ccccc2/C1=N/Nc1nc(-c2ccc(Cl)cc2)cs1,4.698970004336019
O=C1Nc2ccccc2/C1=N/Nc1nc(-c2ccc(F)cc2)cs1,4.621602099051862
O=C1Nc2ccccc2/C1=N/Nc1nc(-c2ccc(Br)cc2)cs1,4.0915149811213505
O=C1Nc2ccccc2/C1=N/Nc1nc(-c2ccc([N+](=O)[O-])cc2)cs1,4.468521082957745
O=C1Nc2ccccc2/C1=N/Nc1nc(-c2ccc(-c3ccccc3)cc2)cs1,4.657577319177793
O=C1Nc2ccccc2/C1=N/Nc1nc(-c2ccc(F)cc2F)cs1,4.732828271596986
O=C1Nc2ccccc2/C1=N/Nc1nc(-c2cccc([N+](=O)[O-])c2)cs1,4.886056647693163
Cc1ccc(-c2csc(N/N=C3\C(=O)Nc4ccccc43)n2)cc1,4.346787486224656
COc1ccc(-c2csc(N/N=C3\C(=O)Nc4ccccc43)n2)cc1,4.585026652029182
O=C1Nc2ccccc2/C1=N/Nc1nc(-c2ccccc2)cs1,4.145086977692144
O=C1Nc2ccccc2/C1=N/Nc1nc(-c2ccc(Cl)cc2Cl)cs1,4.709965388637482
O=C1Nc2ccc(Cl)cc2[C@@](C#CC2CC2)(C(F)(F)F)O1,7.920818753952375
O=C1Nc2ccccc2/C1=N/Nc1nc(-c2ccc(-c3ccccc3)cc2)cs1,5.568636235841013
CCOC(=O)C(=O)CC(=O)/C=C/c1cccn1Cc1ccc(F)cc1,5.017728766960431
O=C1Nc2ccccc2/C1=N/Nc1nc(-c2ccc(-c3ccccc3)cc2)cs1,4.8124792791635365
O=C1Nc2ccc(Cl)cc2[C@@](C#CC2CC2)(C(F)(F)F)O1,6.167491087293763
O=C1Nc2ccccc2/C1=N/Nc1nc(-c2ccc(-c3ccccc3)cc2)cs1,5.465973893943865
CCOC(=O)C(=O)CC(=O)/C=C/c1cccn1Cc1ccc(F)cc1,5.036212172654444
O=C1Nc2ccccc2/C1=N/Nc1nc(-c2ccc(-c3ccccc3)cc2)cs1,4.72584215073632
O=C1Nc2ccc(Cl)cc2[C@@](C#CC2CC2)(C(F)(F)F)O1,6.552841968657781
Cc1cccc(C)c1Oc1nc(Nc2ccc(C#N)cc2)cn2ccnc12,6.086186147616283
Cc1cccc(C)c1Oc1nc(Nc2ccc([N+](=O)[O-])cc2)cn2ccnc12,3.4762535331884354
Cc1cccc(C)c1Oc1nc(Nc2ccc(CC#N)cc2)cn2ccnc12,5.2441251443275085
Cc1cccc(C)c1Oc1nc(Nc2ccc(Cl)cc2)cn2ccnc12,4.823908740944319
Cc1cc(C)c(Oc2nc(Nc3ccc(C#N)cc3)cn3ccnc23)c(C)c1,6.3979400086720375
Cc1cc(C)c(Oc2nc(Nc3ccc([N+](=O)[O-])cc3)cn3ccnc23)c(C)c1,5.327902142064283
Cc1cc(C)c(Oc2nc(Nc3ccc(CC#N)cc3)cn3ccnc23)c(C)c1,6.443697499232712
Cc1cc(C)c(Oc2nc(Nc3ccc(Cl)cc3)cn3ccnc23)c(C)c1,5.229147988357856
Cc1cc(C#N)cc(C)c1Oc1nc(Nc2ccc(C#N)cc2)cn2ccnc12,6.585026652029182
Cc1cc(C#N)cc(C)c1Oc1nc(Nc2ccc([N+](=O)[O-])cc2)cn2ccnc12,4.853871964321762
Cc1cc(C#N)cc(C)c1Oc1nc(Nc2ccc(CC#N)cc2)cn2ccnc12,6.769551078621726
Cc1cc(C#N)cc(C)c1Oc1nc(Nc2ccc(Cl)cc2)cn2ccnc12,5.259637310505756
N#Cc1ccc(Nc2cn3ccnc3c(Oc3c(F)cc(F)cc3F)n2)cc1,6.327902142064283
O=[N+]([O-])c1ccc(Nc2cn3ccnc3c(Oc3c(F)cc(F)cc3F)n2)cc1,4.958607314841775
Cc1cc(Br)cc(C)c1Oc1nc(Nc2ccc(C#N)cc2)cn2ccnc12,6.3872161432802645
Cc1cc(Br)cc(C)c1Oc1nc(Nc2ccc([N+](=O)[O-])cc2)cn2ccnc12,5.3872161432802645
Cc1cc(Cl)cc(C)c1Oc1nc(Nc2ccc(C#N)cc2)cn2ccnc12,5.958607314841775
Cc1cc(Cl)cc(C)c1Oc1nc(Nc2ccc([N+](=O)[O-])cc2)cn2ccnc12,5.886056647693163
Cc1ccnc2c1NC(=O)c1cccnc1N2C1CC1,5.619788758288394
Cc1cc(C#N)cc(C)c1Oc1nc(Nc2ccc(C#N)cc2)nc(N)c1Br,6.886056647693163
O=C1Cc2cc(Cc3ccc(-c4ccc(C(F)(F)F)cc4C(F)(F)F)cc3)ccc2C(=O)N1O,5.060480747381382
O=C1Cc2cc(Cc3ccc(-c4ccc(F)cc4F)cc3)ccc2C(=O)N1O,6.045757490560675
NC(=O)c1ccc(-c2ccc(Cc3ccc4c(c3)CC(=O)N(O)C4=O)cc2)cc1,5.6777807052660805
NS(=O)(=O)c1ccc(-c2ccc(Cc3ccc4c(c3)CC(=O)N(O)C4=O)cc2)cc1,6.301029995663981
CS(=O)(=O)c1ccc(-c2ccc(Cc3ccc4c(c3)CC(=O)N(O)C4=O)cc2)cc1,5.886056647693163
COc1ccc(-c2ccc(Cc3ccc4c(c3)CC(=O)N(O)C4=O)cc2)cc1,5.508638306165727
N#Cc1ccc(-c2ccc(Cc3ccc4c(c3)CC(=O)N(O)C4=O)cc2)cc1,6.045757490560675
O=C1Cc2cc(Cc3ccc(-c4ccc(F)cc4)cc3)ccc2C(=O)N1O,5.309803919971486
O=C1Cc2cc(Cc3ccc(-c4cccs4)cc3)ccc2C(=O)N1O,5.698970004336019
O=C1Cc2cc(Cc3ccc(-c4ccccc4)cc3)ccc2C(=O)N1O,6.221848749616356
O=C1Cc2cc(Cc3ccc(C4CC4)cc3)ccc2C(=O)N1O,6.096910013008056
O=C1Cc2cc(Cc3ccc(F)cc3F)ccc2C(=O)N1O,5.823908740944319
O=C1Cc2cc(Cc3ccc(C(F)(F)F)cc3)ccc2C(=O)N1O,5.958607314841775
O=C1Cc2cc(Cc3ccc(Br)cc3)ccc2C(=O)N1O,5.886056647693163
O=C1Cc2cc(Cc3ccc(Cl)cc3)ccc2C(=O)N1O,5.431798275933005
O=C1Cc2cc(Cc3ccc(F)cc3)ccc2C(=O)N1O,6.096910013008056
Cc1ccc(Cc2ccc3c(c2)CC(=O)N(O)C3=O)cc1,5.886056647693163
O=C1Cc2cc(Cc3ccccc3)ccc2C(=O)N1O,5.853871964321762
O=C1Cc2ccccc2C(=O)N1O,5.920818753952375
Cc1ccc(S(=O)(=O)O)cc1.O=C1Cc2cc(Cc3ccc(-c4ccncc4)cc3)ccc2C(=O)N1O,6.301029995663981
COc1ccc(-c2ccc(Cc3ccc4c(c3)CC(=O)N(O)C4=O)cc2)cc1F,5.657577319177793
O=C1Cc2cc(Cc3ccc(-c4ccc(C(F)(F)F)cc4C(F)(F)F)cc3)ccc2C(=O)N1O,5.292429823902063
O=C1Cc2cc(Cc3ccc(-c4ccc(F)cc4F)cc3)ccc2C(=O)N1O,5.823908740944319
NC(=O)c1ccc(-c2ccc(Cc3ccc4c(c3)CC(=O)N(O)C4=O)cc2)cc1,5.619788758288394
NS(=O)(=O)c1ccc(-c2ccc(Cc3ccc4c(c3)CC(=O)N(O)C4=O)cc2)cc1,6.3979400086720375
CS(=O)(=O)c1ccc(-c2ccc(Cc3ccc4c(c3)CC(=O)N(O)C4=O)cc2)cc1,5.920818753952375
COc1ccc(-c2ccc(Cc3ccc4c(c3)CC(=O)N(O)C4=O)cc2)cc1,5.522878745280337
N#Cc1ccc(-c2ccc(Cc3ccc4c(c3)CC(=O)N(O)C4=O)cc2)cc1,6.045757490560675
O=C1Cc2cc(Cc3ccc(-c4ccc(F)cc4)cc3)ccc2C(=O)N1O,5.267606240177032
O=C1Cc2cc(Cc3ccc(-c4cccs4)cc3)ccc2C(=O)N1O,5.568636235841013
O=C1Cc2cc(Cc3ccc(-c4ccccc4)cc3)ccc2C(=O)N1O,6.096910013008056
O=C1Cc2cc(Cc3ccc(C4CC4)cc3)ccc2C(=O)N1O,6.221848749616356
O=C1Cc2cc(Cc3ccc(F)cc3F)ccc2C(=O)N1O,5.795880017344075
O=C1Cc2cc(Cc3ccc(C(F)(F)F)cc3)ccc2C(=O)N1O,5.823908740944319
O=C1Cc2cc(Cc3ccc(Br)cc3)ccc2C(=O)N1O,5.853871964321762
O=C1Cc2cc(Cc3ccc(Cl)cc3)ccc2C(=O)N1O,5.4089353929735005
O=C1Cc2cc(Cc3ccc(F)cc3)ccc2C(=O)N1O,5.886056647693163
Cc1ccc(Cc2ccc3c(c2)CC(=O)N(O)C3=O)cc1,5.920818753952375
O=C1Cc2cc(Cc3ccccc3)ccc2C(=O)N1O,5.886056647693163
O=C1Cc2ccccc2C(=O)N1O,6.221848749616356
Cc1ccc(S(=O)(=O)O)cc1.O=C1Cc2cc(Cc3ccc(-c4ccncc4)cc3)ccc2C(=O)N1O,6.0
COc1ccc(-c2ccc(Cc3ccc4c(c3)CC(=O)N(O)C4=O)cc2)cc1F,5.920818753952375
O=C1Cc2cc(Cc3ccc(-c4ccc(C(F)(F)F)cc4C(F)(F)F)cc3)ccc2C(=O)N1O,5.251811972993799
O=C1Cc2cc(Cc3ccc(-c4ccc(F)cc4F)cc3)ccc2C(=O)N1O,5.853871964321762
NC(=O)c1ccc(-c2ccc(Cc3ccc4c(c3)CC(=O)N(O)C4=O)cc2)cc1,5.5376020021010435
NS(=O)(=O)c1ccc(-c2ccc(Cc3ccc4c(c3)CC(=O)N(O)C4=O)cc2)cc1,6.301029995663981
CS(=O)(=O)c1ccc(-c2ccc(Cc3ccc4c(c3)CC(=O)N(O)C4=O)cc2)cc1,5.853871964321762
COc1ccc(-c2ccc(Cc3ccc4c(c3)CC(=O)N(O)C4=O)cc2)cc1,5.698970004336019
N#Cc1ccc(-c2ccc(Cc3ccc4c(c3)CC(=O)N(O)C4=O)cc2)cc1,6.045757490560675
O=C1Cc2cc(Cc3ccc(-c4ccc(F)cc4)cc3)ccc2C(=O)N1O,5.301029995663981
O=C1Cc2cc(Cc3ccc(-c4cccs4)cc3)ccc2C(=O)N1O,5.568636235841013
O=C1Cc2cc(Cc3ccc(-c4ccccc4)cc3)ccc2C(=O)N1O,6.045757490560675
O=C1Cc2cc(Cc3ccc(C4CC4)cc3)ccc2C(=O)N1O,6.045757490560675
O=C1Cc2cc(Cc3ccc(F)cc3F)ccc2C(=O)N1O,6.0
O=C1Cc2cc(Cc3ccc(C(F)(F)F)cc3)ccc2C(=O)N1O,5.698970004336019
O=C1Cc2cc(Cc3ccc(Br)cc3)ccc2C(=O)N1O,5.958607314841775
O=C1Cc2cc(Cc3ccc(Cl)cc3)ccc2C(=O)N1O,5.3979400086720375
O=C1Cc2cc(Cc3ccc(F)cc3)ccc2C(=O)N1O,5.920818753952375
Cc1ccc(Cc2ccc3c(c2)CC(=O)N(O)C3=O)cc1,5.958607314841775
O=C1Cc2cc(Cc3ccccc3)ccc2C(=O)N1O,5.958607314841775
O=C1Cc2ccccc2C(=O)N1O,6.0
Cc1ccc(S(=O)(=O)O)cc1.O=C1Cc2cc(Cc3ccc(-c4ccncc4)cc3)ccc2C(=O)N1O,5.886056647693163
COc1ccc(-c2ccc(Cc3ccc4c(c3)CC(=O)N(O)C4=O)cc2)cc1F,5.7447274948966935
O=C1Cc2cc(Cc3ccccc3)ccc2C(=O)N1O,5.958607314841775
Cc1ccc(Cc2ccc3c(c2)CC(=O)N(O)C3=O)cc1,6.045757490560675
O=C1Cc2cc(Cc3ccc(F)cc3)ccc2C(=O)N1O,6.301029995663981
O=C1Cc2cc(Cc3ccc(Cl)cc3)ccc2C(=O)N1O,5.5376020021010435
O=C1Cc2cc(Cc3ccc(Br)cc3)ccc2C(=O)N1O,6.0
O=C1Cc2cc(Cc3ccc(C(F)(F)F)cc3)ccc2C(=O)N1O,5.920818753952375
O=C1Cc2cc(Cc3ccc(F)cc3F)ccc2C(=O)N1O,5.920818753952375
O=C1Cc2cc(Cc3ccc(C4CC4)cc3)ccc2C(=O)N1O,6.045757490560675
O=C1Cc2cc(Cc3ccc(-c4ccccc4)cc3)ccc2C(=O)N1O,6.301029995663981
O=C1Cc2cc(Cc3ccc(-c4cccs4)cc3)ccc2C(=O)N1O,6.154901959985743
O=C1Cc2cc(Cc3ccc(-c4ccc(F)cc4)cc3)ccc2C(=O)N1O,5.552841968657781
N#Cc1ccc(-c2ccc(Cc3ccc4c(c3)CC(=O)N(O)C4=O)cc2)cc1,6.301029995663981
COc1ccc(-c2ccc(Cc3ccc4c(c3)CC(=O)N(O)C4=O)cc2)cc1,6.0
CS(=O)(=O)c1ccc(-c2ccc(Cc3ccc4c(c3)CC(=O)N(O)C4=O)cc2)cc1,5.920818753952375
NS(=O)(=O)c1ccc(-c2ccc(Cc3ccc4c(c3)CC(=O)N(O)C4=O)cc2)cc1,6.3979400086720375
NC(=O)c1ccc(-c2ccc(Cc3ccc4c(c3)CC(=O)N(O)C4=O)cc2)cc1,5.823908740944319
O=C1Cc2cc(Cc3ccc(-c4ccc(F)cc4F)cc3)ccc2C(=O)N1O,6.154901959985743
O=C1Cc2cc(Cc3ccc(-c4ccc(C(F)(F)F)cc4C(F)(F)F)cc3)ccc2C(=O)N1O,5.6020599913279625
COc1ccc(-c2ccc(Cc3ccc4c(c3)CC(=O)N(O)C4=O)cc2)cc1F,6.154901959985743
Cc1ccc(S(=O)(=O)O)cc1.O=C1Cc2cc(Cc3ccc(-c4ccncc4)cc3)ccc2C(=O)N1O,6.096910013008056
O=C1Cc2ccccc2C(=O)N1O,6.301029995663981
O=C1Cc2cc(Cc3ccccc3)ccc2C(=O)N1O,5.769551078621726
Cc1ccc(Cc2ccc3c(c2)CC(=O)N(O)C3=O)cc1,5.698970004336019
O=C1Cc2cc(Cc3ccc(F)cc3)ccc2C(=O)N1O,5.638272163982407
O=C1Cc2cc(Cc3ccc(Cl)cc3)ccc2C(=O)N1O,5.42021640338319
O=C1Cc2cc(Cc3ccc(Br)cc3)ccc2C(=O)N1O,5.823908740944319
O=C1Cc2cc(Cc3ccc(C(F)(F)F)cc3)ccc2C(=O)N1O,5.481486060122113
O=C1Cc2cc(Cc3ccc(F)cc3F)ccc2C(=O)N1O,5.638272163982407
O=C1Cc2cc(Cc3ccc(C4CC4)cc3)ccc2C(=O)N1O,5.886056647693163
O=C1Cc2cc(Cc3ccc(-c4ccccc4)cc3)ccc2C(=O)N1O,5.795880017344075
O=C1Cc2cc(Cc3ccc(-c4cccs4)cc3)ccc2C(=O)N1O,5.823908740944319
O=C1Cc2cc(Cc3ccc(-c4ccc(F)cc4)cc3)ccc2C(=O)N1O,5.431798275933005
N#Cc1ccc(-c2ccc(Cc3ccc4c(c3)CC(=O)N(O)C4=O)cc2)cc1,6.1249387366083
COc1ccc(-c2ccc(Cc3ccc4c(c3)CC(=O)N(O)C4=O)cc2)cc1,5.6020599913279625
CS(=O)(=O)c1ccc(-c2ccc(Cc3ccc4c(c3)CC(=O)N(O)C4=O)cc2)cc1,5.7447274948966935
NS(=O)(=O)c1ccc(-c2ccc(Cc3ccc4c(c3)CC(=O)N(O)C4=O)cc2)cc1,6.301029995663981
NC(=O)c1ccc(-c2ccc(Cc3ccc4c(c3)CC(=O)N(O)C4=O)cc2)cc1,5.585026652029182
O=C1Cc2cc(Cc3ccc(-c4ccc(F)cc4F)cc3)ccc2C(=O)N1O,5.698970004336019
O=C1Cc2cc(Cc3ccc(-c4ccc(C(F)(F)F)cc4C(F)(F)F)cc3)ccc2C(=O)N1O,5.187086643357144
COc1ccc(-c2ccc(Cc3ccc4c(c3)CC(=O)N(O)C4=O)cc2)cc1F,5.721246399047171
Cc1ccc(S(=O)(=O)O)cc1.O=C1Cc2cc(Cc3ccc(-c4ccncc4)cc3)ccc2C(=O)N1O,6.045757490560675
O=C1Cc2ccccc2C(=O)N1O,4.6020599913279625
O=C1Cc2cc(Cc3ccc(Cl)cc3)ccc2C(=O)N1O,5.154901959985743
O=C1Cc2cc(Cc3ccc(-c4ccccc4)cc3)ccc2C(=O)N1O,6.045757490560675
O=C1Cc2cc(Cc3ccc(-c4ccc(F)cc4)cc3)ccc2C(=O)N1O,5.327902142064283
N#Cc1ccc(-c2ccc(Cc3ccc4c(c3)CC(=O)N(O)C4=O)cc2)cc1,5.886056647693163
COc1ccc(-c2ccc(Cc3ccc4c(c3)CC(=O)N(O)C4=O)cc2)cc1,5.42021640338319
CS(=O)(=O)c1ccc(-c2ccc(Cc3ccc4c(c3)CC(=O)N(O)C4=O)cc2)cc1,6.096910013008056
NS(=O)(=O)c1ccc(-c2ccc(Cc3ccc4c(c3)CC(=O)N(O)C4=O)cc2)cc1,6.698970004336019
O=C1Cc2cc(Cc3ccc(Cl)cc3)ccc2C(=O)N1O,5.045757490560675
O=C1Cc2cc(Cc3ccc(-c4ccccc4)cc3)ccc2C(=O)N1O,5.958607314841775
O=C1Cc2cc(Cc3ccc(-c4ccc(F)cc4)cc3)ccc2C(=O)N1O,5.142667503568732
N#Cc1ccc(-c2ccc(Cc3ccc4c(c3)CC(=O)N(O)C4=O)cc2)cc1,5.7447274948966935
COc1ccc(-c2ccc(Cc3ccc4c(c3)CC(=O)N(O)C4=O)cc2)cc1,5.4089353929735005
CS(=O)(=O)c1ccc(-c2ccc(Cc3ccc4c(c3)CC(=O)N(O)C4=O)cc2)cc1,5.853871964321762
NS(=O)(=O)c1ccc(-c2ccc(Cc3ccc4c(c3)CC(=O)N(O)C4=O)cc2)cc1,6.522878745280337
O=C1Cc2cc(Cc3ccc(Cl)cc3)ccc2C(=O)N1O,5.275724130399211
O=C1Cc2cc(Cc3ccc(-c4ccccc4)cc3)ccc2C(=O)N1O,6.154901959985743
O=C1Cc2cc(Cc3ccc(-c4ccc(F)cc4)cc3)ccc2C(=O)N1O,5.769551078621726
N#Cc1ccc(-c2ccc(Cc3ccc4c(c3)CC(=O)N(O)C4=O)cc2)cc1,6.096910013008056
COc1ccc(-c2ccc(Cc3ccc4c(c3)CC(=O)N(O)C4=O)cc2)cc1,5.769551078621726
CS(=O)(=O)c1ccc(-c2ccc(Cc3ccc4c(c3)CC(=O)N(O)C4=O)cc2)cc1,6.154901959985743
NS(=O)(=O)c1ccc(-c2ccc(Cc3ccc4c(c3)CC(=O)N(O)C4=O)cc2)cc1,6.522878745280337
O=C1Cc2cc(Cc3ccc(Cl)cc3)ccc2C(=O)N1O,5.086186147616283
O=C1Cc2cc(Cc3ccc(-c4ccccc4)cc3)ccc2C(=O)N1O,6.154901959985743
O=C1Cc2cc(Cc3ccc(-c4ccc(F)cc4)cc3)ccc2C(=O)N1O,5.6020599913279625
N#Cc1ccc(-c2ccc(Cc3ccc4c(c3)CC(=O)N(O)C4=O)cc2)cc1,6.045757490560675
COc1ccc(-c2ccc(Cc3ccc4c(c3)CC(=O)N(O)C4=O)cc2)cc1,5.886056647693163
CS(=O)(=O)c1ccc(-c2ccc(Cc3ccc4c(c3)CC(=O)N(O)C4=O)cc2)cc1,5.920818753952375
NS(=O)(=O)c1ccc(-c2ccc(Cc3ccc4c(c3)CC(=O)N(O)C4=O)cc2)cc1,6.3979400086720375
O=C1Cc2cc(Cc3ccc(Cl)cc3)ccc2C(=O)N1O,5.060480747381382
O=C1Cc2cc(Cc3ccc(-c4ccccc4)cc3)ccc2C(=O)N1O,6.0
O=C1Cc2cc(Cc3ccc(-c4ccc(F)cc4)cc3)ccc2C(=O)N1O,5.6020599913279625
N#Cc1ccc(-c2ccc(Cc3ccc4c(c3)CC(=O)N(O)C4=O)cc2)cc1,6.096910013008056
COc1ccc(-c2ccc(Cc3ccc4c(c3)CC(=O)N(O)C4=O)cc2)cc1,5.721246399047171
CS(=O)(=O)c1ccc(-c2ccc(Cc3ccc4c(c3)CC(=O)N(O)C4=O)cc2)cc1,5.853871964321762
NS(=O)(=O)c1ccc(-c2ccc(Cc3ccc4c(c3)CC(=O)N(O)C4=O)cc2)cc1,6.522878745280337
O=C1Cc2cc(Cc3ccc(Cl)cc3)ccc2C(=O)N1O,5.292429823902063
O=C1Cc2cc(Cc3ccc(-c4ccccc4)cc3)ccc2C(=O)N1O,6.301029995663981
O=C1Cc2cc(Cc3ccc(-c4ccc(F)cc4)cc3)ccc2C(=O)N1O,5.823908740944319
N#Cc1ccc(-c2ccc(Cc3ccc4c(c3)CC(=O)N(O)C4=O)cc2)cc1,6.522878745280337
COc1ccc(-c2ccc(Cc3ccc4c(c3)CC(=O)N(O)C4=O)cc2)cc1,6.0
CS(=O)(=O)c1ccc(-c2ccc(Cc3ccc4c(c3)CC(=O)N(O)C4=O)cc2)cc1,6.301029995663981
NS(=O)(=O)c1ccc(-c2ccc(Cc3ccc4c(c3)CC(=O)N(O)C4=O)cc2)cc1,6.698970004336019
CCOC(=O)/C(O)=C/C(=O)c1cn(Cc2ccc(F)cc2)c2cc(N3CCN(CC)CC3)ccc2c1=O,4.581698708680254
CCOC(=O)/C(O)=C/C(=O)/C=C/c1cccn1Cc1ccc(F)c(F)c1,5.522878745280337
CCOC(=O)/C(O)=C/C(=O)/C=C/c1cccn1Cc1ccc(F)cc1,5.096910013008056
O=C(O)C(=O)CC(=O)c1ccc(NC(=O)c2ccccc2)s1,5.494850021680094
O=C(/C=C(\O)c1nc[nH]n1)c1cccn1Cc1ccc(F)cc1,4.585026652029182
O=C(O)/C(O)=C/C(=O)c1cc(-c2ccccc2)cn1Cc1ccc(F)cc1,4.853871964321762
O=C(O)/C(O)=C/C(=O)c1cccn1Cc1ccc(F)cc1,4.267606240177032
O=C(/C=C(\O)C(=O)O)/C=C/c1cn(Cc2ccc(F)cc2)cc1-c1ccccc1,5.154901959985743
O=C(/C=C(\O)C(=O)O)/C=C/c1ccn(Cc2ccc(F)cc2)c1,4.161150909262744
O=C(/C=C(\O)C(=O)O)/C=C/c1cc(-c2ccccc2)cn1Cc1ccc(F)cc1,4.638272163982407
Cn1cc(C(=O)c2ccc(F)cc2)cc1/C=C/C(=O)/C=C(\O)C(=O)O,4.698970004336019
O=C(/C=C(\O)C(=O)O)/C=C/c1cc(C(=O)c2ccc(F)cc2)cn1-c1ccccc1,4.0
O=C(/C=C(\O)C(=O)O)/C=C/c1cc(C(=O)c2ccc(F)cc2)cn1Cc1ccccc1,5.1249387366083
N/C(=C\C(=O)c1cn(Cc2ccc(F)cc2)cc1-c1ccccc1)C(=O)O,5.698970004336019
O=C(O)/C(O)=C/C(=O)c1ccn(Cc2ccc(F)cc2)c1,4.3872161432802645
C/C(C(=O)c1cn(Cc2ccc(F)cc2)cc1-c1ccccc1)=C(/O)C(=O)O,4.1938200260161125
O=C(O)/C(O)=C/C(=O)c1cn(Cc2ccc(F)cc2)cc1-c1ccccc1,5.1249387366083
CCOC(=O)/C(O)=C/C(=O)c1cc(-c2ccccc2)cn1Cc1ccc(F)cc1,5.221848749616356
CCOC(=O)/C(O)=C/C(=O)c1cccn1Cc1ccc(F)cc1,4.6777807052660805
CCOC(=O)/C(O)=C/C(=O)/C=C/c1cn(Cc2ccc(F)cc2)cc1-c1ccccc1,5.522878745280337
CCOC(=O)/C(O)=C/C(=O)/C=C/c1ccn(Cc2ccc(F)cc2)c1,4.259637310505756
CCOC(=O)/C(O)=C/C(=O)/C=C/c1cc(-c2ccccc2)cn1Cc1ccc(F)cc1,4.872895201635193
CCOC(=O)/C(O)=C/C(=O)/C=C/c1cc(C(=O)c2ccc(F)cc2)cn1C,4.552841968657781
CCOC(=O)/C(O)=C/C(=O)/C=C/c1cc(C(=O)c2ccc(F)cc2)cn1-c1ccccc1,5.7447274948966935
CCOC(=O)/C(O)=C/C(=O)/C=C/c1cc(C(=O)c2ccc(F)cc2)cn1Cc1ccccc1,4.0
CCOC(=O)/C(N)=C/C(=O)c1cn(Cc2ccc(F)cc2)cc1-c1ccccc1,4.142667503568732
CCOC(=O)/C(O)=C/C(=O)c1ccn(Cc2ccc(F)cc2)c1,4.0
CCOC(=O)/C(O)=C/C(=O)c1cn(Cc2ccc(F)cc2)cc1-c1ccccc1,5.0
CC(C)c1ccc(O)c(=O)c(O)c1,6.585026652029182
Cc1cc(=O)c(O[C@@H]2O[C@H](COC(=O)CC(C)(O)CC(=O)O)[C@@H](O)[C@H](O)[C@H]2O)cc2c1C[C@H](C(C)(C)O)CC2,4.301029995663981
C=C(C)[C@@H]1CCc2cc(O[C@@H]3O[C@H](COC(=O)CC(C)(O)CC(=O)O)[C@@H](O)[C@H](O)[C@H]3O)c(=O)cc(C)c2C1,4.468521082957745
Cc1cc(C#N)cc(C)c1Oc1ccnc(NC2CCN(CC(=O)Nc3ccccc3)CC2)n1,6.701146923590294
Cc1ccc(NC(=O)CN2CCC(Nc3nccc(Oc4c(C)cc(C#N)cc4C)n3)CC2)cc1,6.7423214251308154
Cc1cc(C#N)cc(C)c1Oc1ccnc(NC2CCN(CC(=O)Nc3ccccc3F)CC2)n1,6.684029654543083
Cc1cc(C#N)cc(C)c1Oc1ccnc(NC2CCN(CC(=O)Nc3ccc(F)cc3)CC2)n1,6.690369832574102
Cc1cc(C#N)cc(C)c1Oc1ccnc(NC2CCN(CC(=O)Nc3ccc(C#N)cc3F)CC2)n1,6.7594507517174005
Cc1cc(C#N)cc(C)c1Oc1ccnc(NC2CCN(CC(=O)Nc3ccccc3[N+](=O)[O-])CC2)n1,6.714442690992226
Cc1cc(C#N)cc(C)c1Oc1ccnc(NC2CCN(CC(=O)Nc3cccc([N+](=O)[O-])c3)CC2)n1,6.806875401645538
Cc1cc(C#N)cc(C)c1Oc1ccnc(NC2CCN(CC(=O)Nc3ccc([N+](=O)[O-])cc3)CC2)n1,6.866461091629782
Cc1cc(C#N)cc(C)c1Oc1ccnc(NC2CCN(CC(=O)Nc3ccc(O)cc3)CC2)n1,6.991399828238082
Cc1cc(C#N)cc(C)c1Oc1ccnc(NC2CCN(CC(=O)Nc3ccc(S(N)(=O)=O)cc3)CC2)n1,6.935542010773082
Cc1cc(S(N)(=O)=O)ccc1NC(=O)CN1CCC(Nc2nccc(Oc3c(C)cc(C#N)cc3C)n2)CC1,6.779891911959945
O=C1Nc2ccc(Cl)cc2[C@@](C#CC2CC2)(C(F)(F)F)O1,7.356547323513812
Cc1ccnc2c1NC(=O)c1cccnc1N2C1CC1,5.745935547085662
CC(=O)N1CCN(c2ccc3c(=O)c(C(=O)/C=C(\O)C(=O)O)cn(Cc4ccc(F)cc4)c3c2)CC1,5.481486060122113
CCOC(=O)/C(O)=C/C(=O)c1cn(Cc2ccc(Cl)cc2Cl)c2ccccc2c1=O,4.301029995663981
CCOC(=O)/C(O)=C/C(=O)c1cn(Cc2c(Cl)cccc2Cl)c2ccccc2c1=O,4.301029995663981
CCOC(=O)/C(O)=C/C(=O)c1cn(Cc2ccc(C)cc2C)c2ccccc2c1=O,4.301029995663981
O=C(O)/C(O)=C/C(=O)c1cn(Cc2ccccc2F)c2ccccc2c1=O,4.301029995663981
COc1ccccc1Cn1cc(C(=O)/C=C(\O)C(=O)O)c(=O)c2ccccc21,4.787812395596042
O=C(O)/C(O)=C/C(=O)c1cn(Cc2ccc(Cl)cc2)c2ccccc2c1=O,4.301029995663981
O=C(O)/C(O)=C/C(=O)c1cn(Cc2ccc(O)cc2)c2ccccc2c1=O,5.022276394711152
COc1ccc(Cn2cc(C(=O)/C=C(\O)C(=O)O)c(=O)c3ccccc32)cc1,4.301029995663981
O=C(O)/C(O)=C/C(=O)c1cn(Cc2ccc([N+](=O)[O-])cc2)c2ccccc2c1=O,4.327902142064283
O=C(O)/C(O)=C/C(=O)c1cn(Cc2ccc(F)cc2F)c2ccccc2c1=O,4.444905551421681
O=C(O)/C(O)=C/C(=O)c1cn(Cc2cc(F)ccc2F)c2ccccc2c1=O,4.301029995663981
O=C(O)/C(O)=C/C(=O)c1cn(Cc2c(F)cccc2F)c2ccccc2c1=O,4.966576244513051
O=C(O)/C(O)=C/C(=O)c1cn(Cc2ccc(F)c(F)c2)c2ccccc2c1=O,4.301029995663981
O=C(O)/C(O)=C/C(=O)c1cn(Cc2cc(F)cc(F)c2)c2ccccc2c1=O,4.301029995663981
O=C(O)/C(O)=C/C(=O)c1cn(Cc2ccc(Cl)cc2Cl)c2ccccc2c1=O,4.349692476868063
O=C(O)/C(O)=C/C(=O)c1cn(Cc2c(Cl)cccc2Cl)c2ccccc2c1=O,5.0
Cc1ccc(Cn2cc(C(=O)/C=C(\O)C(=O)O)c(=O)c3ccccc32)c(C)c1,4.707743928643524
Cc1cc(C)cc(Cn2cc(C(=O)/C=C(\O)C(=O)O)c(=O)c3ccccc32)c1,4.422508200162775
O=C(O)/C(O)=C/C(=O)c1cn(Cc2ccccc2F)c2c(Cl)cccc2c1=O,4.301029995663981
O=C(O)/C(O)=C/C(=O)c1cn(Cc2ccccc2F)c2cc(Cl)ccc2c1=O,4.645891560852599
Cc1nnc(C(=O)NC(C)(C)c2nc(C(=O)NCc3ccc(F)cc3)c(O)c(=O)n2C)o1,4.0
COc1cc2c(cc1Cc1cccc(Cl)c1F)c(=O)c(C(=O)O)cn2[C@H](CO)C(C)C,4.040958607678906
CCn1cc(C(=O)O)c(=O)c2ccc(Oc3ccnc(Nc4ccc(C#N)cc4)n3)cc21,5.145693958198919
CCCn1cc(C(=O)O)c(=O)c2ccc(Oc3ccnc(Nc4ccc(C#N)cc4)n3)cc21,5.0400051616715835
CCCCn1cc(C(=O)O)c(=O)c2ccc(Oc3ccnc(Nc4ccc(C#N)cc4)n3)cc21,5.45717457304082
CC(C)Cn1cc(C(=O)O)c(=O)c2ccc(Oc3ccnc(Nc4ccc(C#N)cc4)n3)cc21,4.854492828590337
N#Cc1ccc(Nc2nccc(Oc3ccc4c(=O)c(C(=O)O)cn(C5CCCC5)c4c3)n2)cc1,5.216096420727265
CCn1cc(C(=O)O)c(=O)c2ccc(Nc3ccnc(Nc4ccc(C#N)cc4)n3)cc21,5.150580586203101
Cc1ccnc2c1NC(=O)c1cccnc1N2C1CC1,6.2076083105017466
O=C1Nc2ccc(Cl)cc2[C@@](C#CC2CC2)(C(F)(F)F)O1,7.657577319177793
Cc1cc(C#N)cc(C)c1Oc1nc(Nc2ccc(C#N)cc2)nc(N)c1Br,7.958607314841775
Cc1cc(C#N)cc(C)c1Oc1ccnc(SCC(=O)Nc2ccccc2Cl)n1,6.325138859262188
Cc1cc(C#N)cc(C)c1Oc1ccnc(SCC(=O)Nc2ccccc2[N+](=O)[O-])n1,5.93218548883816
Cc1cc(S(N)(=O)=O)ccc1NC(=O)CSc1nccc(Oc2c(C)cc(C#N)cc2C)n1,5.556737012541305
Cc1ccnc2c1NC(=O)c1cccnc1N2C1CC1,6.09312646527793
O=C1Nc2ccc(Cl)cc2[C@@](C#CC2CC2)(C(F)(F)F)O1,7.657577319177793
O=C1Nc2ccccc2S(=O)(=O)n2cccc21,5.3979400086720375
CN1C(=O)c2cccn2S(=O)(=O)c2ccccc21,5.3979400086720375
CCN1C(=O)c2cccn2S(=O)(=O)c2ccccc21,5.3979400086720375
CC(C)N1C(=O)c2cccn2S(=O)(=O)c2ccccc21,5.3979400086720375
C=CCN1C(=O)c2cccn2S(=O)(=O)c2ccccc21,5.3979400086720375
CCN1C(=O)c2cccn2S(=O)(=O)c2ccc(Cl)cc21,5.3979400086720375
CCN1C(=O)c2cccn2S(=O)(=O)c2cc(Cl)ccc21,5.568636235841013
C=CCN1C(=O)c2cccn2S(=O)(=O)c2cc(Cl)ccc21,5.5376020021010435
C/C=C/CN1C(=O)c2cccn2S(=O)(=O)c2cc(Cl)ccc21,5.508638306165727
O=C1Nc2ccc(Cl)cc2S(=O)(=O)n2cccc21,6.154901959985743
CN1C(=O)c2cccn2S(=O)(=O)c2cc(Cl)ccc21,6.301029995663981
CCC1(CC=C(C)C)Sc2ccccc2-n2cccc2C1=O,5.8696662315049934
CC1(c2ccccc2)Sc2ccccc2-n2cccc2C1=O,6.455931955649724
CCC1(c2ccccc2)Sc2ccccc2-n2cccc2C1=O,6.327902142064283
C=CCC1(c2ccccc2)Sc2ccccc2-n2cccc2C1=O,6.1487416512809245
CCC1(c2ccc3ccccc3c2)Sc2ccccc2-n2cccc2C1=O,6.070581074285707
O=C(NNc1nc2ccccc2n2cccc12)c1cnccn1,4.721246399047171
N#Cc1ccccc1CN1C(=O)N(Cc2ccccc2)S(=O)(=O)n2cccc21,4.244887733604929
N#Cc1ccccc1CN1C(=O)N(Cc2cccc(F)c2)S(=O)(=O)n2cccc21,4.2343314452409855
N#Cc1ccc(Nc2nccc(NCc3ccccc3)n2)cc1,7.698970004336019
N#Cc1ccc(Nc2nccc(NCc3ccccc3Cl)n2)cc1,7.619788758288394
N#Cc1ccc(Nc2nccc(NCc3cccc(Cl)c3)n2)cc1,7.7447274948966935
N#Cc1ccc(Nc2nccc(NCc3ccc(Cl)cc3)n2)cc1,7.318758762624412
N#Cc1ccc(Nc2nccc(NCc3ccccc3Br)n2)cc1,7.1487416512809245
N#Cc1ccc(Nc2nccc(NCc3cccc(Br)c3)n2)cc1,7.619788758288394
N#Cc1ccc(Nc2nccc(NCc3ccc(Br)cc3)n2)cc1,7.5376020021010435
N#Cc1ccc(Nc2nccc(NCc3ccccc3F)n2)cc1,7.795880017344075
N#Cc1ccc(Nc2nccc(NCc3cccc(F)c3)n2)cc1,7.795880017344075
N#Cc1ccc(Nc2nccc(NCc3ccc(F)cc3)n2)cc1,6.4179366370882915
Cc1ccc(CNc2ccnc(Nc3ccc(C#N)cc3)n2)cc1,7.886056647693163
COc1ccccc1CNc1ccnc(Nc2ccc(C#N)cc2)n1,6.028724151261895
COc1cccc(CNc2ccnc(Nc3ccc(C#N)cc3)n2)c1,7.7447274948966935
COc1ccc(CNc2ccnc(Nc3ccc(C#N)cc3)n2)cc1,7.070581074285707
N#Cc1ccc(Nc2nccc(NCc3ccccc3C(F)(F)F)n2)cc1,5.812197361281581
N#Cc1ccc(Nc2nccc(NCc3cccc(C(F)(F)F)c3)n2)cc1,6.913640169325252
N#Cc1ccc(Nc2nccc(NCc3ccc(C(F)(F)F)cc3)n2)cc1,7.154901959985743
Cc1ccc(CNc2ccnc(Nc3ccc(C#N)cc3)n2)cc1C,8.045757490560675
N#Cc1ccc(Nc2nccc(NCc3ccc(F)cc3F)n2)cc1,7.251811972993799
Cc1ccnc2c1NC(=O)c1cccnc1N2C1CC1,5.815876645760329
O=C1Nc2ccc(Cl)cc2[C@@](C#CC2CC2)(C(F)(F)F)O1,7.657577319177793
Cc1cc(C#N)cc(C)c1Oc1nc(Nc2ccc(C#N)cc2)nc(N)c1Br,7.958607314841775
NC(=S)N1Nc2onc(-c3ccccc3)c2C1c1ccc(Cl)cc1,10.431798275933005
Cc1nc(N2Nc3onc(-c4ccccc4)c3C2c2ccc(Cl)cc2)sc1/N=N/c1ccccc1,10.721246399047171
Cc1ccc(/N=N/c2sc(N3Nc4onc(-c5ccccc5)c4C3c3ccc(Cl)cc3)nc2C)cc1,10.568636235841012
Cc1nc(N2Nc3onc(-c4ccccc4)c3C2c2ccc(Cl)cc2)sc1/N=N/c1ccc(Cl)cc1,10.455931955649724
Cc1nc(N2Nc3onc(-c4ccccc4)c3C2c2ccc(Cl)cc2)sc1/N=N/c1ccc(Br)cc1,10.795880017344075
COc1ccc(/N=N/c2sc(N3Nc4onc(-c5ccccc5)c4C3c3ccc(Cl)cc3)nc2C)cc1,10.443697499232712
Cc1nc(N2Nc3onc(-c4ccccc4)c3C2c2ccc(Cl)cc2)sc1/N=N/c1ccc([N+](=O)[O-])cc1,10.568636235841012
Cc1csc(N2Nc3onc(-c4ccccc4)c3C2c2ccc(Cl)cc2)n1,10.337242168318426
N/N=C(\N)N1Nc2onc(-c3ccccc3)c2C1c1ccc(Cl)cc1,10.744727494896694
CC1=C(/N=N/c2ccccc2)N=C(N2Nc3onc(-c4ccccc4)c3C2c2ccc(Cl)cc2)NN1,10.346787486224656
CC1=C(/N=N/c2ccc(C)cc2)N=C(N2Nc3onc(-c4ccccc4)c3C2c2ccc(Cl)cc2)NN1,10.721246399047171
CC1=C(/N=N/c2ccc(Cl)cc2)N=C(N2Nc3onc(-c4ccccc4)c3C2c2ccc(Cl)cc2)NN1,10.55284196865778
O=C1Nc2ccc(Cl)cc2[C@@](C#CC2CC2)(C(F)(F)F)O1,9.779891911959945
Cc1cc(C#N)cc(C)c1Oc1ccnc(S(=O)(=O)CC(=O)Nc2ccccc2)n1,4.804100347590766
Cc1cccc(NC(=O)CS(=O)(=O)c2nccc(Oc3c(C)cc(C#N)cc3C)n2)c1,3.876148359032914
Cc1ccc(NC(=O)CS(=O)(=O)c2nccc(Oc3c(C)cc(C#N)cc3C)n2)cc1,6.115771230367396
Cc1ccc(NC(=O)CS(=O)(=O)c2nccc(Oc3c(C)cc(C#N)cc3C)n2)cc1C,4.5638373529592435
COc1ccc(NC(=O)CS(=O)(=O)c2nccc(Oc3c(C)cc(C#N)cc3C)n2)cc1,5.33161408331
Cc1cc(C#N)cc(C)c1Oc1ccnc(S(=O)(=O)CC(=O)Nc2ccccc2F)n1,4.614393726401688
Cc1cc(C#N)cc(C)c1Oc1ccnc(S(=O)(=O)CC(=O)Nc2cccc(F)c2)n1,6.657577319177793
Cc1cc(C#N)cc(C)c1Oc1ccnc(S(=O)(=O)CC(=O)Nc2ccc(F)cc2)n1,5.735182176990463
Cc1cc(C#N)cc(C)c1Oc1ccnc(S(=O)(=O)CC(=O)Nc2ccccc2Cl)n1,3.844663962534938
Cc1cc(C#N)cc(C)c1Oc1ccnc(S(=O)(=O)CC(=O)Nc2cccc(Cl)c2)n1,6.009661145212399
Cc1cc(C#N)cc(C)c1Oc1ccnc(S(=O)(=O)CC(=O)Nc2ccc(Cl)cc2)n1,6.142667503568732
Cc1cc(C#N)cc(C)c1Oc1ccnc(S(=O)(=O)CC(=O)Nc2ccc(Cl)cc2Cl)n1,4.815308569182401
Cc1cc(C#N)cc(C)c1Oc1ccnc(S(=O)(=O)CC(=O)Nc2ccc(Cl)c(Cl)c2)n1,6.752026733638194
Cc1cc(C#N)cc(C)c1Oc1ccnc(S(=O)(=O)CC(=O)Nc2cc(Cl)cc(Cl)c2)n1,6.037157318798758
Cc1cc(C#N)cc(C)c1Oc1ccnc(S(=O)(=O)CC(=O)Nc2ccc(Br)cc2)n1,6.137868620686962
Cc1cc(C#N)cc(C)c1Oc1ccnc(S(=O)(=O)CC(=O)Nc2ccc(C#N)cc2)n1,7.187086643357144
Cc1cc(C#N)cc(C)c1Oc1ccnc(S(=O)(=O)CC(=O)Nc2ccc(C#N)cc2F)n1,6.528708288941061
Cc1cc(C#N)cc(C)c1Oc1ccnc(S(=O)(=O)CC(=O)Nc2cccc([N+](=O)[O-])c2)n1,5.85078088734462
Cc1cc(C#N)cc(C)c1Oc1ccnc(S(=O)(=O)CC(=O)Nc2ccc([N+](=O)[O-])cc2)n1,7.275724130399211
Cc1ccnc2c1NC(=O)c1cccnc1N2C1CC1,5.782516055786093
O=C1Nc2ccc(Cl)cc2[C@@](C#CC2CC2)(C(F)(F)F)O1,7.455931955649724
N#Cc1cc2c(Oc3ccccc3OCCn3ccc(=O)[nH]c3=O)cccn2c1,8.721246399047171
N#C/C=C/c1cc(Cl)cc(Oc2ccccc2OCCn2ccc(=O)[nH]c2=O)c1,8.67778070526608
N#C/C=C/c1cc(F)cc(Oc2ccc(F)cc2OCCn2ccc(=O)[nH]c2=O)c1,8.657577319177793
Cc1cc(/C=C/C#N)cc(C)c1Nc1ccnc(Nc2ccc(C#N)cc2)n1,6.0
N#Cc1cc2c(Oc3ccccc3OCCn3ccc(=O)[nH]c3=O)cccn2c1,8.97469413473523
N#C/C=C/c1cc(Cl)cc(Oc2ccccc2OCCn2ccc(=O)[nH]c2=O)c1,8.481486060122112
N#C/C=C/c1cc(F)cc(Oc2ccc(F)cc2OCCn2ccc(=O)[nH]c2=O)c1,8.568636235841012
Cc1cc(/C=C/C#N)cc(C)c1Nc1ccnc(Nc2ccc(C#N)cc2)n1,7.823908740944319
O=C1Nc2ccc(Cl)cc2[C@@](C#CC2CC2)(C(F)(F)F)O1,7.42021640338319
O=C1Nc2ccccc2C1(O)C(F)(F)F,5.2168113089247425
O=C1Nc2ccc(Cl)cc2C1(O)C(F)(F)F,5.1487416512809245
CN1C(=O)C(O)(C(F)(F)F)c2cc(Br)ccc21,5.442492798094342
CC(=O)N1C(=O)C(O)(C(F)(F)F)c2cc(C)ccc21,5.07727454200674
CC(=O)N1C(=O)C(O)(C(F)(F)F)c2cc(Cl)ccc21,5.467245621007502
Cc1n[nH]c2ccc(F)c(Oc3cc(C#N)cc(C#N)c3)c12,7.301029995663981
CCc1n[nH]c2ccc(F)c(Oc3cc(C#N)cc(C#N)c3)c12,7.6020599913279625
CC[C@H]1C(=O)Nc2ccc(F)cc2N1C(=O)OC(C)C,7.346787486224656
COc1ccc2c(c1)N(C(=O)OC(C)C)[C@@H](CSC)C(=O)N2,8.698970004336019
CCCCC[C@]12C[C@@]1(C(=O)OCC)C(=O)Nc1ccc(Br)cc12,9.0
C=CCC[C@]12C[C@@]1(C(=O)OCC)C(=O)Nc1ccc(Br)cc12,9.0
CCOC(=O)[C@@H]1C[C@@]12C(=O)Nc1ccc(Cl)cc12,7.229147988357855
CC(C)=CCN1C(C)C(=O)Nc2ccc(Cl)cc2S1(=O)=O,6.096910013008056
C[C@@H]1O[C@](/C=C/C2CC2)(C(F)(F)F)c2cc(Cl)ccc2NC1=O,7.337242168318426
C[C@@H]1O[C@](C#CC2CC2)(C(F)(F)F)c2cc(Cl)ccc2NC1=O,7.086186147616283
O=C1Nc2ccc(Cl)cc2[C@@](/C=C/C2CC2)(C(F)(F)F)N1,7.638272163982407
O=C1Nc2ccc(Cl)cc2[C@@](C#CC2CC2)(C(F)(F)F)N1,7.494850021680094
O=C1Nc2ccc(Cl)cc2[C@@](C#Cc2ccccn2)(C2CC2)N1,7.920818753952375
C#CC1(C2CC2)c2cc(Cl)ccc2NC(=O)N1C,8.221848749616356
CCOC1(c2ccccc2)c2cc(Cl)ccc2NC(=O)N1C,7.251811972993799
O=S1(c2ccccc2)=NC(=S)Nc2ccccc21,6.022276394711152
Cc1cc(C#N)cc(C)c1Oc1cc(NCCN(C)C)nc(Nc2ccc(C#N)cc2)c1,5.468521082957745
Cc1ccnc2c1NC(=O)c1cccnc1N2C1CC1,5.055517327849832
Cc1cc(C#N)cc(C)c1Oc1nc(Nc2ccc(C#N)cc2)nc(N)c1Br,5.508638306165727
S=C(NCCc1ccccc1)Nc1nccs1,6.045757490560675
CCOC(=O)c1c2cccccc-2c(C(=O)OCC)c1O,3.982132281036494
Cc1cn([C@H]2C[C@H](N=[N+]=[N-])[C@@H](CO)O2)c(=O)[nH]c1=O,4.695940533782401
C[C@H]1C(=O)N2C[C@@H](O)[C@@H](O)[C@@H]2[C@H]2Sc3ccccc3C(=O)N21,5.375717904164332
O=C1CN2C(=O)c3ccccc3S[C@@H]2[C@H]2[C@H](O)[C@H](O)CN12,6.086186147616283
C[C@@H]1C(=O)N2C[C@@H](O)[C@@H](O)[C@@H]2[C@@H]2Sc3ccccc3C(=O)N12,5.696803942579511
C[C@H]1C(=O)N2C[C@@H](O)[C@@H](O)[C@@H]2[C@@H]2Sc3ccccc3C(=O)N12,5.015472686656207
O=C1CN2C(=O)c3ccccc3S[C@H]2[C@H]2[C@H](O)[C@H](O)CN12,5.085656842880559
Cc1c(Cc2c(Cl)cccc2Cl)nc(N(C)Cc2ccc(N3CCOCC3)cc2)[nH]c1=O,7.045757490560675
COc1ccc(CN(C)c2nc(Cc3c(Cl)cccc3Cl)c(C)c(=O)[nH]2)cc1,8.301029995663981
Cc1c(Cc2c(Cl)cccc2Cl)nc(N(C)Cc2ccc([N+](=O)[O-])cc2)[nH]c1=O,8.105130343254748
COc1ccc(CN(C)c2nc(C(C)c3c(Cl)cccc3Cl)c(C)c(=O)[nH]2)cc1,7.769551078621726
Cc1ccnc2c1NC(=O)c1cccnc1N2C1CC1,6.903089986991944
Cc1cc(C#N)cc(C)c1Oc1cc(Nc2ccc(C#N)cc2)nc(Nc2ccc(C#N)cc2)n1,7.138465589140962
Cc1ccnc2c1NC(=O)c1cccnc1N2C1CC1,5.055517327849832
Cc1cc(C#N)cc(C)c1Oc1nc(Nc2ccc(C#N)cc2)nc(N)c1Br,5.508638306165727
Nc1c(NCCO)cc(Nc2ccccc2)c2c1C(=O)c1ccccc1C2=O,3.6989700043360187
Cc1ccc(Nc2nc(N)nc(COC(=O)c3cnc4ccccc4n3)n2)cc1,3.6989700043360187
c1coc(CNc2nc(NCc3ccco3)c3nc(NCc4ccco4)[nH]c3n2)c1,3.6989700043360187
Cc1ccc(Nc2nc(COc3ccc(Cl)cc3)nc(=N)[nH]2)cc1,3.6989700043360187
Cc1ccccc1Nc1nc(Cn2ccc(C(F)(F)F)cc2=O)nc(=N)[nH]1,3.6989700043360187
Nc1nc(COC(=O)c2c[nH]c3ccccc23)nc(Cc2ccc(F)cc2)n1,3.6989700043360187
CCCn1c(NCCN(CC)CC)nc2c1c(=O)[nH]c(=O)n2C,3.6989700043360187
Cc1c(CCC(=O)NCC(=O)NCC(=O)O)c(=O)oc2c(C)c(O)ccc12,3.6989700043360187
Cc1ccc2[nH]c(=O)c(CN(CCCO)C(=S)NC[C@@H]3CCCO3)cc2c1,3.6989700043360187
COc1ccc(Nc2nc(Nc3ccc(OC)cc3)nc(NC3CCCC3)n2)cc1,3.6989700043360187
CCOC(=O)c1[nH]c2ccc(F)cc2c1NC(=O)NC1CCCCC1,4.301029995663981
O=C1NC(=S)N(CCC2=CCCCC2)C(=O)/C1=C\NCCO,3.6989700043360187
CNc1nc(Nc2ccc(C)cc2)nc(Nc2ccc(C)cc2)n1,3.6989700043360187
CNc1nc(Nc2ccc(C)cc2)nc(Nc2ccc(C)cc2)n1,3.6989700043360187
Cc1ccccc1Nc1nc(N)nc(CN(C)Cc2ccc(F)cc2)n1,3.6989700043360187
Cc1ccnc2c1NC(=O)c1cccnc1N2C1CC1,6.036212172654444
Cc1ccc(Nc2nc(NCC3CCCO3)nc(Nc3ccc(C)cc3)n2)cc1,3.975925012692574
Cc1ccc(Nc2nc(N)nc(Nc3ccc(C)cc3)n2)cc1,3.9355420107730814
Cc1ccc(Nc2nc(O)nc(Nc3ccc(C)cc3)n2)cc1,4.258848401148215
CC(C)CCOCn1c(COCc2ccccc2)cc(=O)[nH]c1=O,4.522878745280337
O=c1cc(COCc2ccccc2)n(COCc2ccccc2)c(=O)[nH]1,6.130768280269024
Cc1ccc(COCc2cc(=O)[nH]c(=O)n2COCc2ccccc2)cc1,6.086186147616283
O=c1cc(COCc2ccc(Cl)cc2)n(COCc2ccccc2)c(=O)[nH]1,5.920818753952375
O=c1[nH]c(=O)n(COCc2ccccc2)c(COCc2ccccc2)c1Cl,5.013228265733755
O=c1[nH]c(=O)n(COCc2ccccc2)c(COCc2ccccc2)c1Br,5.102372908709558
O=c1[nH]c(=O)n(COCc2ccccc2)c(COCc2ccc(Cl)cc2)c1Br,5.017728766960431
Cc1ccc(COCc2c(Br)c(=O)[nH]c(=O)n2COCc2ccccc2)cc1,4.886056647693163
O=c1[nH]c(=O)n(COCc2ccccc2)c(COCc2ccccc2)c1I,5.431798275933005
Cc1cc(C)cc(COCn2c(COCc3ccccc3)cc(=O)[nH]c2=O)c1,6.086186147616283
O=c1cc(COCc2ccccc2)n(COCc2cc(Cl)cc(Cl)c2)c(=O)[nH]1,6.3872161432802645
N#Cc1ccc(COCn2c(COCc3ccccc3)cc(=O)[nH]c2=O)cc1,5.705533773838407
CC(OCn1c(COCc2ccccc2)cc(=O)[nH]c1=O)c1ccccc1,3.7351821769904636
O=C1Nc2ccc(Cl)cc2[C@@](C#CC2CC2)(C(F)(F)F)O1,8.0
Cc1ccnc2c1NC(=O)c1cccnc1N2C1CC1,6.040958607678906
Cc1cc(C#N)cc(C)c1Oc1nc(Nc2ccc(C#N)cc2)nc(N)c1Br,8.0
O=c1cc(COCc2ccccc2)n(COCc2ccccc2)c(=O)[nH]1,3.4685210829577446
Cc1ccc(COCc2cc(=O)[nH]c(=O)n2COCc2ccccc2)cc1,3.7471469690201067
O=c1cc(COCc2ccc(Cl)cc2)n(COCc2ccccc2)c(=O)[nH]1,3.661543506395395
Cc1cc(C)cc(COCn2c(COCc3ccccc3)cc(=O)[nH]c2=O)c1,3.570247719997592
O=c1cc(COCc2ccccc2)n(COCc2cc(Cl)cc(Cl)c2)c(=O)[nH]1,3.701146923590293
N#Cc1ccc(COCn2c(COCc3ccccc3)cc(=O)[nH]c2=O)cc1,4.167491087293763
O=C1Nc2ccc(Cl)cc2[C@@](C#CC2CC2)(C(F)(F)F)O1,6.6020599913279625
Cc1ccnc2c1NC(=O)c1cccnc1N2C1CC1,4.853871964321762
Cc1cc(C#N)cc(C)c1Oc1nc(Nc2ccc(C#N)cc2)nc(N)c1Br,8.0
O=c1cc(COCc2ccccc2)n(COCc2ccccc2)c(=O)[nH]1,4.619788758288394
Cc1ccc(COCc2cc(=O)[nH]c(=O)n2COCc2ccccc2)cc1,4.346787486224656
O=c1cc(COCc2ccc(Cl)cc2)n(COCc2ccccc2)c(=O)[nH]1,4.2839966563652006
Cc1cc(C)cc(COCn2c(COCc3ccccc3)cc(=O)[nH]c2=O)c1,3.896196279044043
O=c1cc(COCc2ccccc2)n(COCc2cc(Cl)cc(Cl)c2)c(=O)[nH]1,4.568636235841013
N#Cc1ccc(COCn2c(COCc3ccccc3)cc(=O)[nH]c2=O)cc1,4.6020599913279625
O=C1Nc2ccc(Cl)cc2[C@@](C#CC2CC2)(C(F)(F)F)O1,6.136677139879544
Cc1ccnc2c1NC(=O)c1cccnc1N2C1CC1,3.619788758288394
Cc1cc(C#N)cc(C)c1Oc1nc(Nc2ccc(C#N)cc2)nc(N)c1Br,8.0
O=c1cc(COCc2ccccc2)n(COCc2ccccc2)c(=O)[nH]1,3.7351821769904636
Cc1ccc(COCc2cc(=O)[nH]c(=O)n2COCc2ccccc2)cc1,3.767003889607846
O=c1cc(COCc2ccc(Cl)cc2)n(COCc2ccccc2)c(=O)[nH]1,3.6020599913279625
Cc1cc(C)cc(COCn2c(COCc3ccccc3)cc(=O)[nH]c2=O)c1,3.7619538968712045
O=c1cc(COCc2ccccc2)n(COCc2cc(Cl)cc(Cl)c2)c(=O)[nH]1,4.4089353929735005
N#Cc1ccc(COCn2c(COCc3ccccc3)cc(=O)[nH]c2=O)cc1,3.696803942579511
O=C1Nc2ccc(Cl)cc2[C@@](C#CC2CC2)(C(F)(F)F)O1,7.301029995663981
Cc1ccnc2c1NC(=O)c1cccnc1N2C1CC1,3.425968732272281
Cc1cc(C#N)cc(C)c1Oc1nc(Nc2ccc(C#N)cc2)nc(N)c1Br,7.522878745280337
O=c1cc(COCc2ccccc2)n(COCc2ccccc2)c(=O)[nH]1,4.376750709602099
Cc1ccc(COCc2cc(=O)[nH]c(=O)n2COCc2ccccc2)cc1,5.3872161432802645
O=c1cc(COCc2ccc(Cl)cc2)n(COCc2ccccc2)c(=O)[nH]1,5.494850021680094
Cc1cc(C)cc(COCn2c(COCc3ccccc3)cc(=O)[nH]c2=O)c1,3.869666231504994
O=c1cc(COCc2ccccc2)n(COCc2cc(Cl)cc(Cl)c2)c(=O)[nH]1,4.42021640338319
N#Cc1ccc(COCn2c(COCc3ccccc3)cc(=O)[nH]c2=O)cc1,5.455931955649724
O=C1Nc2ccc(Cl)cc2[C@@](C#CC2CC2)(C(F)(F)F)O1,7.154901959985743
Cc1ccnc2c1NC(=O)c1cccnc1N2C1CC1,3.425968732272281
Cc1cc(C#N)cc(C)c1Oc1nc(Nc2ccc(C#N)cc2)nc(N)c1Br,7.522878745280337
O=c1cc(COCc2ccccc2)n(COCc2ccccc2)c(=O)[nH]1,3.4685210829577446
Cc1ccc(COCc2cc(=O)[nH]c(=O)n2COCc2ccccc2)cc1,4.0655015487564325
O=c1cc(COCc2ccc(Cl)cc2)n(COCc2ccccc2)c(=O)[nH]1,4.221848749616356
Cc1cc(C)cc(COCn2c(COCc3ccccc3)cc(=O)[nH]c2=O)c1,3.5016894462103996
O=c1cc(COCc2ccccc2)n(COCc2cc(Cl)cc(Cl)c2)c(=O)[nH]1,3.54515513999149
N#Cc1ccc(COCn2c(COCc3ccccc3)cc(=O)[nH]c2=O)cc1,4.5376020021010435
O=C1Nc2ccc(Cl)cc2[C@@](C#CC2CC2)(C(F)(F)F)O1,5.920818753952375
Cc1ccnc2c1NC(=O)c1cccnc1N2C1CC1,3.425968732272281
Cc1cc(C#N)cc(C)c1Oc1nc(Nc2ccc(C#N)cc2)nc(N)c1Br,7.301029995663981
CO/N=C(\F)c1cc(/C(=C\CCCc2nnc(C)o2)c2cc(C)c3oc(=O)n(C)c3c2)cc(C)c1OC,4.845576026885353
CO/N=C(\Cl)c1cc(/C(=C\CCCc2nnc(C)o2)c2cc(C)c3oc(=O)n(C)c3c2)cc(C)c1OC,4.674895017028592
O=C1Nc2ccc(Cl)cc2[C@@](C#CC2CC2)(C(F)(F)F)O1,6.130768280269024
Cc1ccnc2c1NC(=O)c1cccnc1N2C1CC1,3.568797115443483
COc1c(C)cc(/C(=C\CCCc2nnc(C)o2)c2cc(C)c3oc(=O)n(C)c3c2)cc1C(=O)SC,6.040958607678906
Cc1cc(C#N)cc(C)c1Oc1nc(Nc2ccc(C#N)cc2)nc(N)c1Br,7.7447274948966935
O=C(O)c1c[nH]cc(O)c1=O,4.6020599913279625
O=C(O)c1cn(-c2ccccc2)cc(O)c1=O,4.6020599913279625
O=C(O)c1cn(Cc2ccccc2)cc(O)c1=O,4.6020599913279625
O=C(O)c1cn(Cc2ccc(F)cc2)cc(O)c1=O,4.6020599913279625
CC(c1ccc(F)cc1)n1cc(O)c(=O)c(C(=O)O)c1,4.6020599913279625
Cc1cc(Cn2cc(O)c(=O)c(C(=O)O)c2)ccc1F,4.6020599913279625
O=C(O)c1cn(Cc2ccc(F)cc2F)cc(O)c1=O,4.6020599913279625
O=C(O)c1cn(Cc2ccc(Cl)cc2)cc(O)c1=O,4.6020599913279625
O=C(O)c1cn(Cc2ccc(Cl)c(Cl)c2)cc(O)c1=O,4.6020599913279625
O=C(O)c1cn(Cc2ccc(Cl)cc2Cl)cc(O)c1=O,4.6020599913279625
O=C(O)c1cn(Cc2ccc(F)c(Cl)c2)cc(O)c1=O,4.6020599913279625
O=C(O)c1cn(Cc2ccc(Br)cc2)cc(O)c1=O,4.6020599913279625
O=C(O)c1cn(Cc2cccc(C(F)(F)F)c2)cc(O)c1=O,4.6020599913279625
O=C(O)c1cn(Cc2ccncc2)cc(O)c1=O,4.6020599913279625
CS(=O)(=O)c1ccc(Cn2cc(O)c(=O)c(C(=O)O)c2)cc1,4.6020599913279625
O=C(O)c1ccc(Cn2cc(O)c(=O)c(C(=O)O)c2)cc1,4.6020599913279625
COc1ccc(Cn2cc(O)c(=O)c(C(=O)O)c2)cc1,4.6020599913279625
O=C(O)c1cn(Cc2cccc3ccccc23)cc(O)c1=O,5.070581074285707
CC(c1cccc2ccccc12)n1cc(O)c(=O)c(C(=O)O)c1,4.721246399047171
O=C(O)c1cn(CC2(c3ccccc3)CCCC2)cc(O)c1=O,5.7447274948966935
O=C(O)c1cn(Cc2ccccc2-c2ccccc2)cc(O)c1=O,4.6020599913279625
O=C(O)c1cn(Cc2ccc(-c3ccccc3)cc2)cc(O)c1=O,5.657577319177793
NCc1ccc(-c2ccc(Cn3cc(O)c(=O)c(C(=O)O)c3)cc2)cc1,5.494850021680094
O=C(O)c1cn(Cc2ccc(-c3cnc4ccccc4c3)cc2)cc(O)c1=O,5.958607314841775
NS(=O)(=O)c1ccc(-c2ccc(Cn3cc(O)c(=O)c(C(=O)O)c3)cc2)cc1,5.920818753952375
O=C(O)c1cn(Cc2ccc(-c3cccnc3)cc2)cc(O)c1=O,4.6020599913279625
CCOC(=O)c1cn(Cc2ccc(F)cc2)cc(O)c1=O,4.6020599913279625
NC(=O)c1cn(Cc2ccc(F)cc2)cc(O)c1=O,4.6020599913279625
O=C(NCc1ccc(F)cc1F)c1cn(Cc2ccc(F)cc2)cc(O)c1=O,5.619788758288394
Cc1cc(C#N)cc(C)c1Oc1nc(NC2CCN(Cc3ccc(S(C)(=O)=O)cc3)CC2)nc2ccsc12,5.548213564475709
Cc1cc(C#N)cc(C)c1Oc1nc(NC2CCN(Cc3ccc(S(N)(=O)=O)cc3)CC2)nc2ccsc12,6.443697499232712
Cc1cc(C#N)cc(C)c1Oc1nc(NC2CCN(Cc3ccc(F)cc3)CC2)nc2ccsc12,5.590066876668706
Cc1cc(C#N)cc(C)c1Oc1nc(NC2CCN(Cc3ccncc3)CC2)nc2ccsc12,5.42712839779952
Cc1cc(C)c(Oc2nc(NC3CCN(Cc4ccc(S(C)(=O)=O)cc4)CC3)nc3ccsc23)c(C)c1,5.6020599913279625
COC(=O)c1ccc(CN2CCC(Nc3nc(Oc4c(C)cc(C)cc4C)c4sccc4n3)CC2)cc1,4.910094888560602
Cc1cc(C)c(Oc2nc(NC3CCN(Cc4ccc(F)cc4)CC3)nc3ccsc23)c(C)c1,5.182434630440219
Cc1cc(C)c(Oc2nc(NC3CCN(Cc4cccc(F)c4)CC3)nc3ccsc23)c(C)c1,4.393618634889395
Cc1cc(C)c(Oc2nc(NC3CCN(Cc4cccc(C#N)c4)CC3)nc3ccsc23)c(C)c1,5.254144804826271
Cc1cc(C)c(Oc2nc(NC3CCN(Cc4ccncc4)CC3)nc3ccsc23)c(C)c1,5.8996294548824375
Cc1cc(C)c(Oc2nc(NC3CCN(Cc4ccc(F)cc4F)CC3)nc3ccsc23)c(C)c1,4.333762904104195
O=C1Nc2ccc(Cl)cc2[C@@](C#CC2CC2)(C(F)(F)F)O1,5.847711655616943
Cc1cc(C#N)cc(C)c1Oc1nc(Nc2ccc(C#N)cc2)nc(N)c1Br,7.045757490560675
Cc1cc(C)c(Oc2cc(Cl)nc(NC3CCN(Cc4ccccc4)CC3)c2)c(C)c1,6.542118103266008
Cc1cc(C)c(Oc2cc(Cl)nc(NC3CCN(Cc4ccncc4)CC3)c2)c(C)c1,7.086186147616283
Cc1cc(C)c(Oc2cc(Cl)nc(NC3CCN(Cc4ccc(S(N)(=O)=O)cc4)CC3)c2)c(C)c1,6.798602875679548
Cc1cc(C)c(Oc2cc(Cl)nc(NC3CCN(Cc4ccc(S(C)(=O)=O)cc4)CC3)c2)c(C)c1,6.795880017344075
Cc1cc(C)c(Oc2cc(Cl)nc(NC3CCN(Cc4ccc(C(N)=O)cc4)CC3)c2)c(C)c1,7.008773924307505
Cc1cc(C#N)cc(C)c1Oc1cc(Cl)nc(NC2CCN(Cc3ccccc3)CC2)c1,6.774690718274137
Cc1cc(C#N)cc(C)c1Oc1cc(Cl)nc(NC2CCN(Cc3ccncc3)CC2)c1,7.3979400086720375
Cc1cc(C#N)cc(C)c1Oc1cc(Cl)nc(NC2CCN(Cc3ccc(S(N)(=O)=O)cc3)CC2)c1,7.2441251443275085
Cc1cc(C#N)cc(C)c1Oc1cc(Cl)nc(NC2CCN(Cc3ccc(S(C)(=O)=O)cc3)CC2)c1,7.096910013008056
Cc1cc(C#N)cc(C)c1Oc1cc(Cl)nc(NC2CCN(Cc3ccc(C(N)=O)cc3)CC2)c1,7.045757490560675
COc1cc(Oc2c(C)cc(C#N)cc2C)cc(NC2CCN(Cc3ccccc3)CC2)n1,6.578396073130169
COc1cc(Oc2c(C)cc(C#N)cc2C)cc(NC2CCN(Cc3ccncc3)CC2)n1,7.0915149811213505
COc1cc(Oc2c(C)cc(C#N)cc2C)cc(NC2CCN(Cc3ccc(S(N)(=O)=O)cc3)CC2)n1,6.87942606879415
COc1cc(Oc2c(C)cc(C#N)cc2C)cc(NC2CCN(Cc3ccc(S(C)(=O)=O)cc3)CC2)n1,6.756961951313706
COc1cc(Oc2c(C)cc(C#N)cc2C)cc(NC2CCN(Cc3ccc(C(N)=O)cc3)CC2)n1,6.94692155651658
Cc1cc(C)c(Oc2cc(Cl)nc(Nc3ccc(CN4CCOCC4)cc3)c2)c(C)c1,5.581698708680254
Cc1cc(C#N)cc(C)c1Oc1cc(Cl)nc(Nc2ccc(CN3CCOCC3)cc2)c1,5.87942606879415
Cc1cc(C)c(Oc2cc(Nc3ccc(C#N)cc3)nc(OCCCN3CCOCC3)c2)c(C)c1,5.391473966422806
Cc1cc(C)c(Oc2cc(Cl)nc(Nc3ccc(C#N)cc3)c2)c(C)c1,6.605548319173784
Cc1cc(C#N)cc(C)c1Oc1cc(Cl)nc(Nc2ccc(C#N)cc2)c1,6.111820506081675
Cc1ccnc2c1NC(=O)c1cccnc1N2C1CC1,5.8696662315049934
O=C1Nc2ccc(Cl)cc2[C@@](C#CC2CC2)(C(F)(F)F)O1,7.42021640338319
Cc1cc(C#N)cc(C)c1Oc1nc(Nc2ccc(C#N)cc2)nc(N)c1Br,7.958607314841775
Clc1ccccc1-c1nc2ccccn2c1NC1CCCCC1,5.357535479757878
Clc1ccccc1-c1nc2cccc(Br)n2c1NC1CCCCC1,5.335358024443875
Brc1ccccc1-c1nc2ccccn2c1NC1CCCCC1,5.0
Clc1ccccc1-c1nc2cccc(Cl)n2c1NC1CCCC1,5.289036881004725
Cc1ccc(Cl)c(-c2nc3ccccn3c2NC2CCCCC2)c1F,4.045757490560675
Clc1ccc(-c2nc3ccccn3c2NC2CCCCC2)c(Cl)c1,4.662341108973858
Clc1ccccc1-c1nc2ccc3ccccc3n2c1NC1CCCCC1,5.123782159408358
Clc1ccccc1-c1nc2cccc(Cl)n2c1NC1CCCCC1,5.42712839779952
N#Cc1cccc2nc(-c3ccccc3Cl)c(NC3CCCCC3)n12,5.459670525209126
Cc1ccc2nc(-c3ccccc3Cl)c(NC3CCCCC3)n2c1,5.268411234813262
Cc1cccn2c(NC3CCCCC3)c(-c3ccccc3Cl)nc12,5.1438755557577
Cc1cccc2nc(-c3ccccc3Cl)c(NC3CCCCC3)n12,5.809668301829708
Cc1cccn2c(NC3CCCC3)c(-c3ccccc3Cl)nc12,4.798876102792621
Cc1cccc2nc(-c3ccccc3Cl)c(NC3CCCC3)n12,5.844663962534939
N#Cc1ccc2nc(-c3ccccc3Cl)c(NC3CCCCC3)n2c1,5.180456064458132
Clc1ccc2nc(-c3ccccc3Cl)c(NC3CCCCC3)n2c1,4.8395314688809625
Fc1ccc2nc(-c3ccccc3Cl)c(NC3CCCCC3)n2c1,4.947690900352677
Clc1ccccc1-c1nc2ccc(Br)cn2c1NC1CCCCC1,4.913640169325252
CCOC(=O)C(=O)CC(=O)c1ccc(Oc2ccnc(Nc3ccc(C#N)cc3)n2)cc1,5.231806038366928
CCOC(=O)C(=O)CC(=O)c1cccc(Oc2ccnc(Nc3ccc(C#N)cc3)n2)c1,5.21759904750347
N#Cc1ccc(Nc2nccc(Oc3ccc(C(=O)CC(=O)C(=O)O)cc3)n2)cc1,4.5984616098340565
N#Cc1ccc(Nc2nccc(Oc3cccc(C(=O)CC(=O)C(=O)O)c3)n2)cc1,5.226945306635737
O=C(O)/C(O)=C/C(=O)c1cccc(Cc2ccccc2)c1,4.0
Cc1cc(C)cc(S(=O)(=O)c2c(C(=O)Nc3ccnc(C#N)c3)[nH]c3ccc(Cl)cc23)c1,7.638272163982407
Cc1cc(C)cc(S(=O)(=O)c2c(C(=O)NCc3cccc(N)c3)[nH]c3ccc(Cl)cc23)c1,7.3872161432802645
Cc1cc(C)cc(S(=O)(=O)c2c(C(=O)NCc3ccc4nc(N)[nH]c4c3)[nH]c3ccc(Cl)cc23)c1,6.555955204081924
Cc1cc(C)cc(S(=O)(=O)c2c(C(=O)NCC(=O)NCc3ccncn3)[nH]c3ccc(Cl)cc23)c1,6.694648630553377
Cc1cc(C)cc(S(=O)(=O)c2c(C(=O)NCC(=O)NCc3ccco3)[nH]c3ccc(Cl)cc23)c1,6.838631997765025
Cc1ccnc2c1NC(=O)c1cccnc1N2C1CC1,6.3979400086720375
O=C1Nc2ccc(Cl)cc2[C@@](C#CC2CC2)(C(F)(F)F)O1,7.096910013008056
Cc1cc(C#N)cc(C)c1Oc1nc(Nc2ccc(C#N)cc2)nc(N)c1Br,8.0
Cc1cc(C)cc(S(=O)(=O)c2c(C(=O)N[C@H](C)c3ccccc3F)[nH]c3ccc(Cl)cc23)c1,7.060480747381382
Cc1cc(C)cc(S(=O)(=O)c2c(C(=O)N[C@@H](C)c3ccccc3F)[nH]c3ccc(Cl)cc23)c1,6.756961951313706
Cc1cc(C)cc(S(=O)(=O)c2c(C(=O)N[C@H](C)C(=O)NCc3ccncc3)[nH]c3ccc(Cl)cc23)c1,4.885722703438414
Cc1cc(C)cc(S(=O)(=O)c2c(C(=O)N[C@@H](C)C(=O)NCc3ccncc3)[nH]c3ccc(Cl)cc23)c1,6.295849483160201
Cc1cc(C)cc(S(=O)(=O)c2c(C(=O)N[C@H](C)C(=O)N[C@@H](C)c3ccncc3)[nH]c3ccc(Cl)cc23)c1,5.924453038607469
Cc1cc(C)cc(S(=O)(=O)c2c(C(=O)N[C@@H](C)C(=O)N[C@H](C)c3ccncc3)[nH]c3ccc(Cl)cc23)c1,6.214670164989233
Cc1cc(C)cc(S(=O)(=O)c2c(C(=O)N[C@@H](C)C(=O)N[C@@H](C)c3ccncc3)[nH]c3ccc(Cl)cc23)c1,6.366531544420414
Cc1cc(C)cc(S(=O)(=O)c2c(C(=O)N[C@H](C)C(=O)N[C@H](C)c3ccncc3)[nH]c3ccc(Cl)cc23)c1,6.3872161432802645
Cc1cc(C)cc(S(=O)(=O)c2c(C(=O)N[C@H](C)C(=O)NCc3ccncn3)[nH]c3ccc(Cl)cc23)c1,5.7447274948966935
Cc1cc(C)cc(S(=O)(=O)c2c(C(=O)N[C@@H](C)C(=O)NCc3ccncn3)[nH]c3ccc(Cl)cc23)c1,6.327902142064283
Cc1cc(C)cc(S(=O)(=O)c2c(C(=O)N[C@H](C)C(=O)NCc3ccco3)[nH]c3ccc(Cl)cc23)c1,6.838631997765025
Cc1cc(C)cc(S(=O)(=O)c2c(C(=O)N[C@@H](C)C(=O)NCc3ccco3)[nH]c3ccc(Cl)cc23)c1,6.94692155651658
Cc1cc(C)cc(S(=O)(=O)c2c(C(=O)Nc3ccnc(C#N)c3)[nH]c3ccc(Cl)cc23)c1,7.142667503568732
Cc1cc(C)cc(S(=O)(=O)c2c(C(=O)NCc3cccc(N)c3)[nH]c3ccc(Cl)cc23)c1,7.180456064458132
Cc1cc(C)cc(S(=O)(=O)c2c(C(=O)NCc3ccc4nc(N)[nH]c4c3)[nH]c3ccc(Cl)cc23)c1,6.73754891026957
Cc1cc(C)cc(S(=O)(=O)c2c(C(=O)NCC(=O)NCc3ccncn3)[nH]c3ccc(Cl)cc23)c1,6.261219441515631
Cc1cc(C)cc(S(=O)(=O)c2c(C(=O)NCC(=O)NCc3ccco3)[nH]c3ccc(Cl)cc23)c1,6.269217724333611
Cc1ccnc2c1NC(=O)c1cccnc1N2C1CC1,5.154901959985743
O=C1Nc2ccc(Cl)cc2[C@@](C#CC2CC2)(C(F)(F)F)O1,4.698970004336019
Cc1cc(C#N)cc(C)c1Oc1nc(Nc2ccc(C#N)cc2)nc(N)c1Br,7.698970004336019
Cc1cc(C)cc(S(=O)(=O)c2c(C(=O)N[C@H](C)c3ccccc3F)[nH]c3ccc(Cl)cc23)c1,6.642065152999546
Cc1cc(C)cc(S(=O)(=O)c2c(C(=O)N[C@H](C)C(=O)NCc3ccncc3)[nH]c3ccc(Cl)cc23)c1,4.301029995663981
Cc1cc(C)cc(S(=O)(=O)c2c(C(=O)N[C@@H](C)C(=O)NCc3ccncc3)[nH]c3ccc(Cl)cc23)c1,6.379863945026242
Cc1cc(C)cc(S(=O)(=O)c2c(C(=O)N[C@H](C)C(=O)N[C@@H](C)c3ccncc3)[nH]c3ccc(Cl)cc23)c1,5.449771646944906
Cc1cc(C)cc(S(=O)(=O)c2c(C(=O)N[C@@H](C)C(=O)N[C@H](C)c3ccncc3)[nH]c3ccc(Cl)cc23)c1,6.522878745280337
Cc1cc(C)cc(S(=O)(=O)c2c(C(=O)N[C@@H](C)C(=O)N[C@@H](C)c3ccncc3)[nH]c3ccc(Cl)cc23)c1,5.586700235918748
Cc1cc(C)cc(S(=O)(=O)c2c(C(=O)N[C@H](C)C(=O)N[C@H](C)c3ccncc3)[nH]c3ccc(Cl)cc23)c1,4.6252516539898965
Cc1cc(C)cc(S(=O)(=O)c2c(C(=O)N[C@H](C)C(=O)NCc3ccncn3)[nH]c3ccc(Cl)cc23)c1,4.70092873997259
Cc1cc(C)cc(S(=O)(=O)c2c(C(=O)N[C@@H](C)C(=O)NCc3ccncn3)[nH]c3ccc(Cl)cc23)c1,5.543633966870957
Cc1cc(C)cc(S(=O)(=O)c2c(C(=O)N[C@H](C)C(=O)NCc3ccco3)[nH]c3ccc(Cl)cc23)c1,7.154901959985743
Cc1cc(C)cc(S(=O)(=O)c2c(C(=O)N[C@@H](C)C(=O)NCc3ccco3)[nH]c3ccc(Cl)cc23)c1,5.950781977329818
Cc1cc(C)cc(S(=O)(=O)c2c(C(=O)Nc3ccnc(C#N)c3)[nH]c3ccc(Cl)cc23)c1,6.51427857351842
Cc1cc(C)cc(S(=O)(=O)c2c(C(=O)NCc3cccc(N)c3)[nH]c3ccc(Cl)cc23)c1,7.1938200260161125
Cc1cc(C)cc(S(=O)(=O)c2c(C(=O)NCc3ccc4nc(N)[nH]c4c3)[nH]c3ccc(Cl)cc23)c1,6.546681659952962
Cc1cc(C)cc(S(=O)(=O)c2c(C(=O)NCC(=O)NCc3ccncn3)[nH]c3ccc(Cl)cc23)c1,6.276544327964814
Cc1cc(C)cc(S(=O)(=O)c2c(C(=O)NCC(=O)NCc3ccco3)[nH]c3ccc(Cl)cc23)c1,6.336299074610352
Cc1ccnc2c1NC(=O)c1cccnc1N2C1CC1,4.698970004336019
O=C1Nc2ccc(Cl)cc2[C@@](C#CC2CC2)(C(F)(F)F)O1,6.3979400086720375
Cc1cc(C#N)cc(C)c1Oc1nc(Nc2ccc(C#N)cc2)nc(N)c1Br,6.785156151952302
Cc1cc(C)cc(S(=O)(=O)c2c(C(=O)N[C@H](C)c3ccccc3F)[nH]c3ccc(Cl)cc23)c1,6.341035157335565
Cc1cc(C)cc(S(=O)(=O)c2c(C(=O)N[C@@H](C)c3ccccc3F)[nH]c3ccc(Cl)cc23)c1,4.763966852882364
Cc1cc(C)cc(S(=O)(=O)c2c(C(=O)N[C@H](C)C(=O)NCc3ccncc3)[nH]c3ccc(Cl)cc23)c1,4.214812579970638
Cc1cc(C)cc(S(=O)(=O)c2c(C(=O)N[C@@H](C)C(=O)NCc3ccncc3)[nH]c3ccc(Cl)cc23)c1,6.060480747381382
Cc1cc(C)cc(S(=O)(=O)c2c(C(=O)N[C@H](C)C(=O)N[C@@H](C)c3ccncc3)[nH]c3ccc(Cl)cc23)c1,5.021819483062586
Cc1cc(C)cc(S(=O)(=O)c2c(C(=O)N[C@@H](C)C(=O)N[C@H](C)c3ccncc3)[nH]c3ccc(Cl)cc23)c1,5.769551078621726
Cc1cc(C)cc(S(=O)(=O)c2c(C(=O)N[C@@H](C)C(=O)N[C@@H](C)c3ccncc3)[nH]c3ccc(Cl)cc23)c1,6.356547323513812
Cc1cc(C)cc(S(=O)(=O)c2c(C(=O)N[C@H](C)C(=O)N[C@H](C)c3ccncc3)[nH]c3ccc(Cl)cc23)c1,5.2373214362725635
Cc1cc(C)cc(S(=O)(=O)c2c(C(=O)N[C@H](C)C(=O)NCc3ccncn3)[nH]c3ccc(Cl)cc23)c1,5.474955192963154
Cc1cc(C)cc(S(=O)(=O)c2c(C(=O)N[C@@H](C)C(=O)NCc3ccncn3)[nH]c3ccc(Cl)cc23)c1,5.503070351926785
Cc1cc(C)cc(S(=O)(=O)c2c(C(=O)N[C@H](C)C(=O)NCc3ccco3)[nH]c3ccc(Cl)cc23)c1,6.559090917934782
Cc1cc(C)cc(S(=O)(=O)c2c(C(=O)N[C@@H](C)C(=O)NCc3ccco3)[nH]c3ccc(Cl)cc23)c1,4.8474059220725305
Cc1cc(C)cc(S(=O)(=O)c2c(C(=O)N[C@H](C)c3ccccc3F)[nH]c3ccc(Cl)cc23)c1,6.341035157335565
Cc1cc(C)cc(S(=O)(=O)c2c(C(=O)N[C@@H](C)c3ccccc3F)[nH]c3ccc(Cl)cc23)c1,4.763966852882364
Cc1cc(C)cc(S(=O)(=O)c2c(C(=O)N[C@H](C)C(=O)NCc3ccncc3)[nH]c3ccc(Cl)cc23)c1,4.214812579970638
Cc1cc(C)cc(S(=O)(=O)c2c(C(=O)N[C@@H](C)C(=O)NCc3ccncc3)[nH]c3ccc(Cl)cc23)c1,6.060480747381382
Cc1ccnc2c1NC(=O)c1cccnc1N2C1CC1,5.809668301829708
Cc1ccc(CCS(=O)(=O)n2c(=O)[nH]c3ccc(Cl)cc32)cc1,3.661543506395395
Cc1cccc(CCS(=O)(=O)n2c(=O)[nH]c3ccc(Cl)cc32)c1,4.4089353929735005
Cc1ccccc1CCS(=O)(=O)n1c(=O)[nH]c2ccc(Cl)cc21,4.5376020021010435
O=c1[nH]c2ccc(Cl)cc2n1S(=O)(=O)CCc1ccc(Cl)cc1,4.022276394711152
O=c1[nH]c2ccc(Cl)cc2n1S(=O)(=O)CCc1cccc(Cl)c1,3.8827287043442356
O=c1[nH]c2ccc(Cl)cc2n1S(=O)(=O)CCc1ccccc1Cl,3.9355420107730814
O=c1[nH]c2ccc(Cl)cc2n1S(=O)(=O)CCc1ccccc1,4.119186407719209
O=C1Nc2ccc(Cl)cc2[C@@](C#CC2CC2)(C(F)(F)F)O1,7.721246399047171
Cc1ccc(CS(=O)(=O)n2c(=O)[nH]c3ccc(Cl)cc32)cc1,5.647817481888637
Cc1cccc(CS(=O)(=O)n2c(=O)[nH]c3ccc(Cl)cc32)c1,6.102372908709558
Cc1ccccc1CS(=O)(=O)n1c(=O)[nH]c2ccc(Cl)cc21,4.6777807052660805
O=c1[nH]c2ccc(Cl)cc2n1S(=O)(=O)Cc1ccc(Cl)cc1,4.7447274948966935
O=c1[nH]c2ccc(Cl)cc2n1S(=O)(=O)Cc1cccc(Cl)c1,5.221848749616356
O=c1[nH]c2ccc(Cl)cc2n1S(=O)(=O)Cc1ccccc1Cl,5.886056647693163
O=c1[nH]c2ccc(Cl)cc2n1S(=O)(=O)Cc1ccccc1,4.769551078621726
O=c1[nH]c2ccc(Cl)cc2n1S(=O)(=O)Cc1ccccc1,4.045757490560675
O=c1[nH]c2ccc(Cl)cc2n1S(=O)(=O)Cc1ccccc1Cl,5.146910470148135
O=c1[nH]c2ccc(Cl)cc2n1S(=O)(=O)Cc1cccc(Cl)c1,4.5376020021010435
O=c1[nH]c2ccc(Cl)cc2n1S(=O)(=O)Cc1ccc(Cl)cc1,4.036212172654444
Cc1ccccc1CS(=O)(=O)n1c(=O)[nH]c2ccc(Cl)cc21,4.1938200260161125
Cc1cccc(CS(=O)(=O)n2c(=O)[nH]c3ccc(Cl)cc32)c1,5.522878745280337
Cc1ccc(CS(=O)(=O)n2c(=O)[nH]c3ccc(Cl)cc32)cc1,4.259637310505756
O=C1Nc2ccc(Cl)cc2[C@@](C#CC2CC2)(C(F)(F)F)O1,6.568636235841013
O=c1[nH]c2ccc(Cl)cc2n1S(=O)(=O)CCc1ccccc1,3.4485500020271247
O=c1[nH]c2ccc(Cl)cc2n1S(=O)(=O)CCc1ccccc1Cl,3.669586226650809
O=c1[nH]c2ccc(Cl)cc2n1S(=O)(=O)CCc1cccc(Cl)c1,3.54515513999149
O=c1[nH]c2ccc(Cl)cc2n1S(=O)(=O)CCc1ccc(Cl)cc1,3.744727494896694
Cc1ccccc1CCS(=O)(=O)n1c(=O)[nH]c2ccc(Cl)cc21,4.229147988357856
Cc1cccc(CCS(=O)(=O)n2c(=O)[nH]c3ccc(Cl)cc32)c1,4.187086643357144
Cc1ccc(CCS(=O)(=O)n2c(=O)[nH]c3ccc(Cl)cc32)cc1,3.5072396109731625
Cc1ccnc2c1NC(=O)c1cccnc1N2C1CC1,4.853871964321762
O=c1[nH]c2ccc(Cl)cc2n1S(=O)(=O)Cc1ccccc1,3.430626090384954
O=c1[nH]c2ccc(Cl)cc2n1S(=O)(=O)Cc1ccccc1Cl,3.474955192963155
O=c1[nH]c2ccc(Cl)cc2n1S(=O)(=O)Cc1cccc(Cl)c1,3.474955192963155
O=c1[nH]c2ccc(Cl)cc2n1S(=O)(=O)Cc1ccc(Cl)cc1,3.474955192963155
Cc1ccccc1CS(=O)(=O)n1c(=O)[nH]c2ccc(Cl)cc21,3.4485500020271247
Cc1cccc(CS(=O)(=O)n2c(=O)[nH]c3ccc(Cl)cc32)c1,3.9788107009300617
Cc1ccc(CS(=O)(=O)n2c(=O)[nH]c3ccc(Cl)cc32)cc1,3.5528419686577806
O=C1Nc2ccc(Cl)cc2[C@@](C#CC2CC2)(C(F)(F)F)O1,6.200659450546418
O=c1[nH]c2ccc(Cl)cc2n1S(=O)(=O)CCc1ccccc1,3.4485500020271247
O=c1[nH]c2ccc(Cl)cc2n1S(=O)(=O)CCc1ccccc1Cl,3.490797477668897
O=c1[nH]c2ccc(Cl)cc2n1S(=O)(=O)CCc1cccc(Cl)c1,3.490797477668897
O=c1[nH]c2ccc(Cl)cc2n1S(=O)(=O)CCc1ccc(Cl)cc1,3.6363880201078556
Cc1ccccc1CCS(=O)(=O)n1c(=O)[nH]c2ccc(Cl)cc21,4.050609993355087
Cc1cccc(CCS(=O)(=O)n2c(=O)[nH]c3ccc(Cl)cc32)c1,3.9244530386074694
Cc1ccc(CCS(=O)(=O)n2c(=O)[nH]c3ccc(Cl)cc32)cc1,3.465973893943865
Cc1ccnc2c1NC(=O)c1cccnc1N2C1CC1,3.72584215073632
O=c1[nH]c2ccc(Cl)cc2n1S(=O)(=O)Cc1ccccc1,5.027797161620936
O=c1[nH]c2ccc(Cl)cc2n1S(=O)(=O)Cc1ccccc1Cl,5.7447274948966935
O=c1[nH]c2ccc(Cl)cc2n1S(=O)(=O)Cc1cccc(Cl)c1,5.180456064458132
O=c1[nH]c2ccc(Cl)cc2n1S(=O)(=O)Cc1ccc(Cl)cc1,4.823908740944319
Cc1ccccc1CS(=O)(=O)n1c(=O)[nH]c2ccc(Cl)cc21,3.4485500020271247
Cc1cccc(CS(=O)(=O)n2c(=O)[nH]c3ccc(Cl)cc32)c1,6.045757490560675
Cc1ccc(CS(=O)(=O)n2c(=O)[nH]c3ccc(Cl)cc32)cc1,5.180456064458132
O=C1Nc2ccc(Cl)cc2[C@@](C#CC2CC2)(C(F)(F)F)O1,7.0
O=c1[nH]c2ccc(Cl)cc2n1S(=O)(=O)CCc1ccccc1,3.4485500020271247
O=c1[nH]c2ccc(Cl)cc2n1S(=O)(=O)CCc1ccccc1Cl,3.8632794328435933
O=c1[nH]c2ccc(Cl)cc2n1S(=O)(=O)CCc1cccc(Cl)c1,4.346787486224656
O=c1[nH]c2ccc(Cl)cc2n1S(=O)(=O)CCc1ccc(Cl)cc1,4.161150909262744
Cc1ccccc1CCS(=O)(=O)n1c(=O)[nH]c2ccc(Cl)cc21,4.356547323513812
Cc1cccc(CCS(=O)(=O)n2c(=O)[nH]c3ccc(Cl)cc32)c1,4.130768280269024
Cc1ccc(CCS(=O)(=O)n2c(=O)[nH]c3ccc(Cl)cc32)cc1,4.022276394711152
Cc1ccnc2c1NC(=O)c1cccnc1N2C1CC1,3.425968732272281
O=c1[nH]c2ccc(Cl)cc2n1S(=O)(=O)Cc1ccccc1,4.008773924307505
O=c1[nH]c2ccc(Cl)cc2n1S(=O)(=O)Cc1ccccc1Cl,4.920818753952375
O=c1[nH]c2ccc(Cl)cc2n1S(=O)(=O)Cc1cccc(Cl)c1,4.1938200260161125
O=c1[nH]c2ccc(Cl)cc2n1S(=O)(=O)Cc1ccc(Cl)cc1,3.54515513999149
Cc1ccccc1CS(=O)(=O)n1c(=O)[nH]c2ccc(Cl)cc21,3.4485500020271247
Cc1cccc(CS(=O)(=O)n2c(=O)[nH]c3ccc(Cl)cc32)c1,5.119186407719209
Cc1ccc(CS(=O)(=O)n2c(=O)[nH]c3ccc(Cl)cc32)cc1,4.200659450546418
O=C1Nc2ccc(Cl)cc2[C@@](C#CC2CC2)(C(F)(F)F)O1,7.522878745280337
O=c1[nH]c2ccc(Cl)cc2n1S(=O)(=O)CCc1ccccc1,3.4485500020271247
O=c1[nH]c2ccc(Cl)cc2n1S(=O)(=O)CCc1ccccc1Cl,3.490797477668897
O=c1[nH]c2ccc(Cl)cc2n1S(=O)(=O)CCc1cccc(Cl)c1,3.490797477668897
O=c1[nH]c2ccc(Cl)cc2n1S(=O)(=O)CCc1ccc(Cl)cc1,3.96657624451305
Cc1ccccc1CCS(=O)(=O)n1c(=O)[nH]c2ccc(Cl)cc21,4.309803919971486
Cc1cccc(CCS(=O)(=O)n2c(=O)[nH]c3ccc(Cl)cc32)c1,4.055517327849831
Cc1ccc(CCS(=O)(=O)n2c(=O)[nH]c3ccc(Cl)cc32)cc1,3.795880017344075
Cc1ccnc2c1NC(=O)c1cccnc1N2C1CC1,5.94692155651658
O=c1[nH]c2ccc(Cl)cc2n1S(=O)(=O)Cc1ccccc1,3.563837352959244
O=c1[nH]c2ccc(Cl)cc2n1S(=O)(=O)Cc1ccccc1Cl,3.474955192963155
O=c1[nH]c2ccc(Cl)cc2n1S(=O)(=O)Cc1cccc(Cl)c1,3.474955192963155
O=c1[nH]c2ccc(Cl)cc2n1S(=O)(=O)Cc1ccc(Cl)cc1,3.474955192963155
Cc1ccccc1CS(=O)(=O)n1c(=O)[nH]c2ccc(Cl)cc21,3.4485500020271247
Cc1cccc(CS(=O)(=O)n2c(=O)[nH]c3ccc(Cl)cc32)c1,4.008773924307505
Cc1ccc(CS(=O)(=O)n2c(=O)[nH]c3ccc(Cl)cc32)cc1,3.7375489102695707
O=C1Nc2ccc(Cl)cc2[C@@](C#CC2CC2)(C(F)(F)F)O1,7.522878745280337
O=c1[nH]c2ccc(Cl)cc2n1S(=O)(=O)CCc1ccccc1,3.4485500020271247
O=c1[nH]c2ccc(Cl)cc2n1S(=O)(=O)CCc1ccccc1Cl,3.75448733218585
O=c1[nH]c2ccc(Cl)cc2n1S(=O)(=O)CCc1cccc(Cl)c1,4.130768280269024
O=c1[nH]c2ccc(Cl)cc2n1S(=O)(=O)CCc1ccc(Cl)cc1,3.9706162223147903
Cc1ccccc1CCS(=O)(=O)n1c(=O)[nH]c2ccc(Cl)cc21,4.494850021680094
Cc1cccc(CCS(=O)(=O)n2c(=O)[nH]c3ccc(Cl)cc32)c1,4.096910013008056
Cc1ccc(CCS(=O)(=O)n2c(=O)[nH]c3ccc(Cl)cc32)cc1,3.7471469690201067
Cc1ccnc2c1NC(=O)c1cccnc1N2C1CC1,3.425968732272281
O=c1[nH]c2ccc(Cl)cc2n1S(=O)(=O)Cc1ccccc1,3.430626090384954
O=c1[nH]c2ccc(Cl)cc2n1S(=O)(=O)Cc1ccccc1Cl,3.474955192963155
O=c1[nH]c2ccc(Cl)cc2n1S(=O)(=O)Cc1cccc(Cl)c1,3.474955192963155
O=c1[nH]c2ccc(Cl)cc2n1S(=O)(=O)Cc1ccc(Cl)cc1,3.474955192963155
Cc1ccccc1CS(=O)(=O)n1c(=O)[nH]c2ccc(Cl)cc21,3.4485500020271247
Cc1cccc(CS(=O)(=O)n2c(=O)[nH]c3ccc(Cl)cc32)c1,3.4485500020271247
Cc1ccc(CS(=O)(=O)n2c(=O)[nH]c3ccc(Cl)cc32)cc1,3.5528419686577806
O=C1Nc2ccc(Cl)cc2[C@@](C#CC2CC2)(C(F)(F)F)O1,5.920818753952375
O=c1[nH]c2ccc(Cl)cc2n1S(=O)(=O)CCc1ccccc1,3.4485500020271247
O=c1[nH]c2ccc(Cl)cc2n1S(=O)(=O)CCc1ccccc1Cl,3.490797477668897
O=c1[nH]c2ccc(Cl)cc2n1S(=O)(=O)CCc1cccc(Cl)c1,3.490797477668897
O=c1[nH]c2ccc(Cl)cc2n1S(=O)(=O)CCc1ccc(Cl)cc1,3.643974142806877
Cc1ccccc1CCS(=O)(=O)n1c(=O)[nH]c2ccc(Cl)cc21,3.7825160557860937
Cc1cccc(CCS(=O)(=O)n2c(=O)[nH]c3ccc(Cl)cc32)c1,3.6595558851598815
Cc1ccc(CCS(=O)(=O)n2c(=O)[nH]c3ccc(Cl)cc32)cc1,3.6038006529042637
Cc1ccnc2c1NC(=O)c1cccnc1N2C1CC1,3.425968732272281
O=c1[nH]c2ccc(Cl)cc2n1S(=O)(=O)Cc1ccccc1,3.6020599913279625
O=c1[nH]c2ccc(Cl)cc2n1S(=O)(=O)Cc1ccccc1Cl,3.623423042943488
O=c1[nH]c2ccc(Cl)cc2n1S(=O)(=O)Cc1cccc(Cl)c1,3.585026652029182
O=c1[nH]c2ccc(Cl)cc2n1S(=O)(=O)Cc1ccc(Cl)cc1,3.474955192963155
Cc1ccccc1CS(=O)(=O)n1c(=O)[nH]c2ccc(Cl)cc21,3.4485500020271247
Cc1cccc(CS(=O)(=O)n2c(=O)[nH]c3ccc(Cl)cc32)c1,3.87942606879415
Cc1ccc(CS(=O)(=O)n2c(=O)[nH]c3ccc(Cl)cc32)cc1,3.5086383061657274
O=C1Nc2ccc(Cl)cc2[C@@](C#CC2CC2)(C(F)(F)F)O1,7.2441251443275085
O=c1[nH]c2ccc(Cl)cc2n1S(=O)(=O)CCc1ccccc1,3.4485500020271247
O=c1[nH]c2ccc(Cl)cc2n1S(=O)(=O)CCc1ccccc1Cl,3.5528419686577806
O=c1[nH]c2ccc(Cl)cc2n1S(=O)(=O)CCc1cccc(Cl)c1,3.58838029403677
O=c1[nH]c2ccc(Cl)cc2n1S(=O)(=O)CCc1ccc(Cl)cc1,4.161150909262744
Cc1ccccc1CCS(=O)(=O)n1c(=O)[nH]c2ccc(Cl)cc21,4.267606240177032
Cc1cccc(CCS(=O)(=O)n2c(=O)[nH]c3ccc(Cl)cc32)c1,4.045757490560675
Cc1ccc(CCS(=O)(=O)n2c(=O)[nH]c3ccc(Cl)cc32)cc1,4.050609993355087
Cc1ccnc2c1NC(=O)c1cccnc1N2C1CC1,3.425968732272281
Cc1nnc(C(=O)NC(C)(C)c2nc(C(=O)NCc3ccc(F)cc3)c(O)c(=O)n2C)o1,5.0
Cl.O=c1[nH]c2c(c(=O)n1O)C1CCN(Cc3ccccc3)CC1S2,7.0
Br.O=c1[nH]c2c(c(=O)n1O)C1CCNCC1S2,6.522878745280337
CCN1CCC2c3c([nH]c(=O)n(O)c3=O)SC2C1.Cl,6.698970004336019
O=c1[nH]c2c(c(=O)n1O)C1CCCCC1S2,7.0
O=c1[nH]c2c(c(=O)n1O)C1CCCC1S2,7.0
Cc1c(C(=O)O)sc2[nH]c(=O)n(O)c(=O)c12,7.0
Cc1sc2[nH]c(=O)n(O)c(=O)c2c1C,7.0
Cc1csc2[nH]c(=O)n(O)c(=O)c12,7.0
O=c1[nH]c2sccc2c(=O)n1O,6.698970004336019
O=c1[nH]c2scc(-c3ccc(Cl)cc3)c2c(=O)n1O,7.3979400086720375
O=c1[nH]c2scc(-c3ccccc3)c2c(=O)n1O,7.0
O=c1[nH]c2sc(Cc3ccccc3)cc2c(=O)n1O,7.366531544420414
O=c1[nH]c2sc(-c3ccccc3)cc2c(=O)n1O,7.075720713938118
O=c1[nH]c2cc(-c3ccc(Cl)cc3)sc2c(=O)n1O,7.154901959985743
O=c1[nH]c2cc(-c3ccc(F)cc3)sc2c(=O)n1O,6.698970004336019
O=c1[nH]c2cc(-c3ccccc3)sc2c(=O)n1O,7.0
Cl.O=C1NC2CN(Cc3ccccc3)CCC2C(=O)N1O,6.481486060122113
O=c1[nH]c2cc(-c3ccc(Cl)cc3)ccc2c(=O)n1O,6.698970004336019
O=c1[nH]c2cc(-c3ccccc3)ccc2c(=O)n1O,6.698970004336019
O=C1Cc2cc(-c3ccccc3)ccc2C(=O)N1O,5.886056647693163
Cc1ccnc2c1NC(=O)c1cccnc1N2C1CC1,5.856985199745905
Cc1cc(C#N)cc(C)c1Oc1nc(Nc2ccc(C#N)cc2)nc(N)c1Br,6.0
Cc1cc(C#N)cc(C)c1Oc1nc(NC2CCC(NS(=O)(=O)c3ccc(C#N)cc3)CC2)nc2ccsc12,5.943857737940948
CC(=O)Nc1ccc(S(=O)(=O)NC2CCC(Nc3nc(Oc4c(C)cc(C#N)cc4C)c4sccc4n3)CC2)cc1,5.982549270489463
Cc1cc(-c2ccccc2)cc(C)c1Nc1ccnc(Nc2ccc(C#N)cc2)n1,7.795880017344075
Cc1cc(-c2ccc(C#N)cc2)cc(C)c1Nc1ccnc(Nc2ccc(C#N)cc2)n1,7.853871964321762
Cc1cc(-c2cccc(C#N)c2)cc(C)c1Nc1ccnc(Nc2ccc(C#N)cc2)n1,7.958607314841775
Cc1cc(-c2ccc(Cl)cc2)cc(C)c1Nc1ccnc(Nc2ccc(C#N)cc2)n1,7.585026652029182
Cc1cc(-c2cccc(Cl)c2)cc(C)c1Nc1ccnc(Nc2ccc(C#N)cc2)n1,7.698970004336019
Cc1cc(-c2ccccc2Cl)cc(C)c1Nc1ccnc(Nc2ccc(C#N)cc2)n1,7.698970004336019
Cc1cc(-c2ccc(F)cc2)cc(C)c1Nc1ccnc(Nc2ccc(C#N)cc2)n1,7.769551078621726
Cc1cc(-c2cccc(F)c2)cc(C)c1Nc1ccnc(Nc2ccc(C#N)cc2)n1,7.920818753952375
Cc1cc(-c2ccccc2F)cc(C)c1Nc1ccnc(Nc2ccc(C#N)cc2)n1,8.045757490560675
Cc1ccc(-c2cc(C)c(Nc3ccnc(Nc4ccc(C#N)cc4)n3)c(C)c2)cc1,7.721246399047171
Cc1cccc(-c2cc(C)c(Nc3ccnc(Nc4ccc(C#N)cc4)n3)c(C)c2)c1,7.522878745280337
Cc1ccccc1-c1cc(C)c(Nc2ccnc(Nc3ccc(C#N)cc3)n2)c(C)c1,7.7447274948966935
COc1ccc(-c2cc(C)c(Nc3ccnc(Nc4ccc(C#N)cc4)n3)c(C)c2)cc1,7.568636235841013
COc1cccc(-c2cc(C)c(Nc3ccnc(Nc4ccc(C#N)cc4)n3)c(C)c2)c1,7.568636235841013
COc1ccccc1-c1cc(C)c(Nc2ccnc(Nc3ccc(C#N)cc3)n2)c(C)c1,7.6777807052660805
Cc1cc(-c2ccc(C(F)(F)F)cc2)cc(C)c1Nc1ccnc(Nc2ccc(C#N)cc2)n1,7.173925197299173
Cc1cc(-c2cccc(C(F)(F)F)c2)cc(C)c1Nc1ccnc(Nc2ccc(C#N)cc2)n1,7.236572006437063
Cc1cc(-c2ccccc2C(F)(F)F)cc(C)c1Nc1ccnc(Nc2ccc(C#N)cc2)n1,7.337242168318426
Cc1cc(-c2c(C)cccc2C)cc(C)c1Nc1ccnc(Nc2ccc(C#N)cc2)n1,7.431798275933005
Cc1cc(C)cc(-c2cc(C)c(Nc3ccnc(Nc4ccc(C#N)cc4)n3)c(C)c2)c1,6.935542010773082
Cc1cc(-c2cc(Cl)cc(Cl)c2)cc(C)c1Nc1ccnc(Nc2ccc(C#N)cc2)n1,7.337242168318426
Cc1cc(-c2cc(F)cc(F)c2)cc(C)c1Nc1ccnc(Nc2ccc(C#N)cc2)n1,7.2839966563652006
Cc1ccnc2c1NC(=O)c1cccnc1N2C1CC1,6.7544873321858505
O=C1Nc2ccc(Cl)cc2[C@@](C#CC2CC2)(C(F)(F)F)O1,8.698970004336019
Cc1cc(C#N)cc(C)c1Oc1nc(Nc2ccc(C#N)cc2)nc(N)c1Br,6.1249387366083
Cc1cc(C)c(Oc2cc(Nc3ccc(C#N)cc3)ncc2C(=O)NCc2cn(CC(=O)N3CCOCC3)nn2)c(C)c1,5.804100347590766
Cc1cc(C)c(Oc2cc(Nc3ccc(C#N)cc3)ncc2C(=O)NCc2cn(CC(=O)N3CCCC3)nn2)c(C)c1,5.568636235841013
CC(C)c1ccc(O)c(=O)c(O)c1,5.6020599913279625
COC(=O)c1c(Nc2ccc(-c3ccccc3)cc2)c2nccnc2n(O)c1=O,5.279840696594043
COC(=O)c1c(Nc2ccc3ccccc3c2)c2nccnc2n(O)c1=O,5.291579099865287
COC(=O)c1c(Nc2cccc3ccccc23)c2nccnc2n(O)c1=O,5.366531544420414
COC(=O)c1c(Nc2cccc(-c3ccc(OC)c(OC)c3)c2)c2nccnc2n(O)c1=O,5.3260580013659125
COC(=O)c1c(Nc2ccc(-c3ccc(OC)c(OC)c3)cc2)c2nccnc2n(O)c1=O,5.229147988357856
COC(=O)c1c(Nc2cccc(-c3cncnc3)c2)c2nccnc2n(O)c1=O,5.732828271596986
COC(=O)c1c(Nc2ccc(-c3cncnc3)cc2)c2nccnc2n(O)c1=O,5.489454989793388
COC(=O)c1c(Nc2cccc(-c3cccc(C#N)c3)c2)c2nccnc2n(O)c1=O,5.39577394691553
COC(=O)c1c(Nc2ccc(-c3cccc(C#N)c3)cc2)c2nccnc2n(O)c1=O,4.875495775165717
COC(=O)c1c(Nc2cccc(-c3ccc(C#N)cc3)c2)c2nccnc2n(O)c1=O,5.2549252084179425
COC(=O)c1c(Nc2ccc(-c3ccc(C#N)cc3)cc2)c2nccnc2n(O)c1=O,5.752026733638194
Cc1cc(C)cc(S(=O)(=O)n2c(SCC(=O)Nc3ccc(S(C)(=O)=O)cc3Cl)nc3ccccc32)c1,6.920818753952375
Cc1cc(C)cc(S(=O)(=O)n2c(SCC(=O)Nc3ccccc3C)nc3ccccc32)c1,6.653647025549361
Cc1cc(C)cc(S(=O)(=O)n2c(SCC(=O)Nc3ccccc3C(=O)O)nc3ccccc32)c1,4.670805584911549
COC(=O)c1ccccc1NC(=O)CSc1nc2ccccc2n1S(=O)(=O)c1cc(C)cc(C)c1,4.80493100353141
Cc1cc(C)cc(S(=O)(=O)n2c(SCC(=O)Nc3ccccc3S(C)(=O)=O)nc3ccccc32)c1,4.21745571598999
Cc1cc(C)cc(S(=O)(=O)n2c(SCC(=O)Nc3ccccc3S(N)(=O)=O)nc3ccccc32)c1,5.114638779968488
Cc1ccc(NC(=O)CSc2nc3ccccc3n2S(=O)(=O)c2cc(C)cc(C)c2)cc1,7.040958607678906
Cc1cc(C)cc(S(=O)(=O)n2c(SCC(=O)Nc3ccc(C(=O)O)cc3)nc3ccccc32)c1,6.886056647693163
COC(=O)c1ccc(NC(=O)CSc2nc3ccccc3n2S(=O)(=O)c2cc(C)cc(C)c2)cc1,7.055517327849832
Cc1cc(C)cc(S(=O)(=O)n2c(SCC(=O)Nc3ccc(S(C)(=O)=O)cc3)nc3ccccc32)c1,7.327902142064283
Cc1cc(C)cc(S(=O)(=O)n2c(SCC(=O)Nc3ccc(S(N)(=O)=O)cc3)nc3ccccc32)c1,7.301029995663981
Cc1ccnc2c1NC(=O)c1cccnc1N2C1CC1,5.809668301829708
O=C1Nc2ccc(Cl)cc2[C@@](C#CC2CC2)(C(F)(F)F)O1,7.721246399047171
Cc1cc(C)cc(S(=O)(=O)n2c(OCC(=O)Nc3ccccc3Br)nc3ccccc32)c1,4.802995271976954
Cc1cc(C)cc(S(=O)(=O)n2c(SCC(=O)Nc3ccccc3Br)nc3ccccc32)c1,6.7447274948966935
Cc1cc(C)cc(S(=O)(=O)n2c(OCC(=O)Nc3ccccc3Cl)nc3ccccc32)c1,4.325138859262188
Cc1cc(C)cc(S(=O)(=O)n2c(SCC(=O)Nc3ccccc3Cl)nc3ccccc32)c1,4.284581677404944
COC(=O)c1ccc(NC(=O)COc2nc3ccccc3n2S(=O)(=O)c2cc(C)cc(C)c2)c(Cl)c1,5.2636034977233574
COC(=O)c1ccc(NC(=O)CSc2nc3ccccc3n2S(=O)(=O)c2cc(C)cc(C)c2)c(Cl)c1,3.7900294832906565
Cc1cc(C)cc(S(=O)(=O)n2c(OCC(=O)Nc3ccc(S(C)(=O)=O)cc3Cl)nc3ccccc32)c1,6.119186407719209
Cc1cc(C)cc(S(=O)(=O)n2c(OCC(=O)Nc3ccc(S(N)(=O)=O)cc3Cl)nc3ccccc32)c1,5.2335871528876
Cc1cc(C)cc(S(=O)(=O)n2c(SCC(=O)Nc3ccc(S(N)(=O)=O)cc3Cl)nc3ccccc32)c1,4.732593581247096
Cc1cc(Br)c(Oc2cnc([N+](=O)[O-])c(Nc3ccc(C#N)cc3)c2)c(Br)c1,6.552841968657781
Cc1cc(C)c(Nc2cnc([N+](=O)[O-])c(Nc3ccc(C#N)cc3)c2)c(C)c1,6.187086643357144
Cc1cc(C#N)cc(C)c1Oc1cnc(N)c(Nc2ccc(C#N)cc2)c1,6.769551078621726
Cc1cc(C)c(Oc2cnc(N)c(Nc3ccc(C#N)cc3)c2)c(C)c1,7.045757490560675
Cc1cc(Br)c(Oc2cnc(N)c(Nc3ccc(C#N)cc3)c2)c(Br)c1,7.301029995663981
Cc1cccc(C)c1Oc1cnc(N)c(Nc2ccc(C#N)cc2)c1,6.040958607678906
COc1cccc(OC)c1Oc1cnc(N)c(Nc2ccc(C#N)cc2)c1,3.8359447081065485
Cc1cc(Cl)cc(C)c1Oc1cnc(N)c(Nc2ccc(C#N)cc2)c1,6.508638306165727
Cc1cc(Br)cc(C)c1Oc1cnc(N)c(Nc2ccc(C#N)cc2)c1,6.585026652029182
N#Cc1ccc(Nc2cc(Oc3c(Cl)cc(Cl)cc3Cl)cnc2N)cc1,6.795880017344075
N#Cc1ccc(Nc2cc(Oc3c(Br)cc(Br)cc3Br)cnc2N)cc1,6.769551078621726
Cc1ccnc2c1NC(=O)c1cccnc1N2C1CC1,5.634512015109101
O=C1Nc2ccc(Cl)cc2[C@@](C#CC2CC2)(C(F)(F)F)O1,7.3979400086720375
Cc1cc(C#N)cc(C)c1Oc1nc(Nc2ccc(C#N)cc2)nc(N)c1Br,8.0
O=C1c2ccccc2C(=O)c2c1ccc(O)c2O,4.0
O=C(Oc1ccc2c(c1OC(=O)c1ccccc1)C(=O)c1ccccc1C2=O)c1ccccc1,4.886056647693163
COc1ccc2ccccc2c1/C=N/NC(=O)c1ccc(O)c(O)c1,4.6020599913279625
COc1ccc2ccccc2c1/C=N/NC(=O)c1ccc(Oc2ccccc2)cc1,6.3979400086720375
COc1ccc2ccccc2c1/C=N/NC(=O)c1ccc(-c2ccccc2)cc1,6.301029995663981
COc1ccc2ccccc2c1/C=N/NC(=O)c1ccc(O)c(O)c1,6.301029995663981
COc1ccc2ccccc2c1/C=N/NC(=O)c1ccc(Oc2ccccc2)cc1,5.154901959985743
COc1ccc2ccccc2c1/C=N/NC(=O)c1ccc(-c2ccccc2)cc1,5.301029995663981
Cc1cn([C@@H]2O[C@H](CO[Si](C)(C)C(C)(C)C)[C@@]3(OS(=O)(=O)C=C3N)[C@H]2O[Si](C)(C)C(C)(C)C)c(=O)n(CCCOP(=O)(O)C(=O)OCc2ccccc2)c1=O,3.5331323796458904
CCOC(=O)P(=O)(O)OCCCn1c(=O)c(C)cn([C@@H]2O[C@H](CO[Si](C)(C)C(C)(C)C)[C@@]3(OS(=O)(=O)C=C3N)[C@H]2O[Si](C)(C)C(C)(C)C)c1=O,3.5331323796458904
COC(=O)P(=O)([O-])OCCCn1c(=O)c(C)cn([C@@H]2O[C@H](CO[Si](C)(C)C(C)(C)C)[C@@]3(OS(=O)(=O)C=C3N)[C@H]2O[Si](C)(C)C(C)(C)C)c1=O.[Na+],3.5331323796458904
Cc1cn([C@@H]2O[C@H](CO[Si](C)(C)C(C)(C)C)[C@@]3(OS(=O)(=O)C=C3N)[C@H]2O[Si](C)(C)C(C)(C)C)c(=O)n(CCCOP(=O)(O)C(=O)O)c1=O,3.5331323796458904
Cc1cn([C@@H]2O[C@H](CO[Si](C)(C)C(C)(C)C)[C@@]3(OS(=O)(=O)C=C3N)[C@H]2O[Si](C)(C)C(C)(C)C)c(=O)n(CCCOP(=O)(O)C(=O)OCc2ccccc2)c1=O,5.431798275933005
CCOC(=O)P(=O)(O)OCCCn1c(=O)c(C)cn([C@@H]2O[C@H](CO[Si](C)(C)C(C)(C)C)[C@@]3(OS(=O)(=O)C=C3N)[C@H]2O[Si](C)(C)C(C)(C)C)c1=O,5.431798275933005
COC(=O)P(=O)([O-])OCCCn1c(=O)c(C)cn([C@@H]2O[C@H](CO[Si](C)(C)C(C)(C)C)[C@@]3(OS(=O)(=O)C=C3N)[C@H]2O[Si](C)(C)C(C)(C)C)c1=O.[Na+],5.431798275933005
Cc1cn([C@@H]2O[C@H](CO[Si](C)(C)C(C)(C)C)[C@@]3(OS(=O)(=O)C=C3N)[C@H]2O[Si](C)(C)C(C)(C)C)c(=O)n(CCCOP(=O)(O)C(=O)O)c1=O,5.431798275933005
C#CC1(COP(=O)(O)OP(=O)(O)OP(=O)(O)O)CC(n2cc(C)c(=O)[nH]c2=O)CC1O,6.943095148663527
C#CC1(COP(=O)(O)OP(=O)(O)OP(=O)(O)O)CC(n2cnc3c(N)nc(F)nc32)CC1O,5.460923901207224
C#CC1(COP(=O)(O)OP(=O)(O)OP(=O)(O)O)CC(n2cnc3c(N)nc(Cl)nc32)CC1O,4.694648630553377
C#CC1(COP(=O)(O)OP(=O)(O)OP(=O)(O)O)CC(n2cnc3c(=O)[nH]c(N)nc32)CC1O,6.489454989793388
Cc1cn(C2CC(O)C(C#N)(COP(=O)(O)OP(=O)(O)OP(=O)(O)O)C2)c(=O)[nH]c1=O,6.281498311132726
N#CC1(COP(=O)(O)OP(=O)(O)OP(=O)(O)O)CC(n2cnc3c(=O)[nH]c(N)nc32)CC1O,6.35261702988538
C#C[C@]1(COP(=O)(O)OP(=O)(O)OP(=O)(O)O)O[C@@H](n2cnc3c(N)nc(F)nc32)C[C@@H]1O,6.580044251510242
Nc1ccn([C@@H]2CS[C@H](COP(=O)(O)OP(=O)(O)OP(=O)(O)O)O2)c(=O)n1,7.823908740944319
O=C(O)c1nc(-c2ccc(Cl)cc2)nc(O)c1O,4.638272163982407
O=C(O)P(=O)(O)O,6.096910013008056
O=C(O)C(=NNc1ccc(Cl)cc1)C(=O)O,5.823908740944319
O=C(O)c1nc(-c2cccs2)nc(O)c1O,4.337242168318426
O=C(O)c1nc(-c2ccccc2)nc(O)c1O,4.0
O=C(O)c1nc(-c2ccc(Cl)cc2)nc(O)c1O,5.346787486224656
O=C(O)c1nc(Cc2ccc(Cl)cc2)nc(O)c1O,4.013228265733755
O=C(O)c1nc(-c2ccc(Br)cc2)nc(O)c1O,5.552841968657781
Cc1ccc(-c2nc(O)c(O)c(C(=O)O)n2)cc1,5.200659450546418
CC(C)c1ccc(-c2nc(O)c(O)c(C(=O)O)n2)cc1,4.657577319177793
O=C(O)c1nc(-c2cccc(Cl)c2)nc(O)c1O,4.7447274948966935
O=C(O)c1nc(-c2cccc(Br)c2)nc(O)c1O,4.853871964321762
Cc1cccc(-c2nc(O)c(O)c(C(=O)O)n2)c1,4.309803919971486
Cc1ccc(-c2nc(O)c(O)c(C(=O)O)n2)cc1Cl,5.795880017344075
Cc1ccc(-c2nc(O)c(O)c(C(=O)O)n2)cc1Br,5.853871964321762
Cc1noc(C)c1-c1ccc(-c2nc(O)c(O)c(C(=O)O)n2)cc1,4.0
O=C(O)c1nc(-c2cccc(-c3ccc(F)c(F)c3)c2)nc(O)c1O,4.0
O=C(O)c1nc(-c2cc(C(F)(F)F)cc(C(F)(F)F)c2)nc(O)c1O,4.698970004336019
Nc1ncnc2c1ncn2Cc1nc(O)c(O)c(C(=O)O)n1,4.0
Nc1ncnc2c1ncn2CCc1nc(O)c(O)c(C(=O)O)n1,4.3872161432802645
O=C(O)c1nc(CNc2ncnc3ncccc23)nc(O)c1O,4.187086643357144
O=C(O)c1nc(CNc2ncnc3ncc(Br)cc23)nc(O)c1O,4.309803919971486
CSc1nc2ncnc(NCc3nc(O)c(O)c(C(=O)O)n3)c2cc1Br,4.0
COc1ccc(-c2cnc3ncnc(NCc4nc(O)c(O)c(C(=O)O)n4)c3c2)cc1,4.6020599913279625
COc1ccc(-c2cc3c(NCc4nc(O)c(O)c(C(=O)O)n4)ncnc3nc2SC)cc1,4.207608310501746
COC(=O)c1nc(-c2ccc(C)c(Br)c2)nc(O)c1O,4.0
CNC(=O)c1nc(-c2ccc(C)c(Br)c2)nc(O)c1O,4.0
O=C(Nc1ccc(-c2cccc(NC(P(=O)(O)O)P(=O)(O)O)c2)cc1)C1CC1,4.301029995663981
Cc1ccc(-c2nc(O)c(O)c(C(=O)O)n2)cc1Cl,4.6020599913279625
Cc1ccc(-c2nc(O)c(O)c(C(=O)O)n2)cc1Br,4.638272163982407
COc1ccc(-c2cnc3ncnc(NCc4nc(O)c(O)c(C(=O)O)n4)c3c2)cc1,5.823908740944319
COc1ccc(-c2cc3c(NCc4nc(O)c(O)c(C(=O)O)n4)ncnc3nc2SC)cc1,5.698970004336019
O=C(Nc1ccc(-c2cccc(NC(P(=O)(O)O)P(=O)(O)O)c2)cc1)C1CC1,6.096910013008056
Cc1ccc(-c2nc(O)c(O)c(C(=O)O)n2)cc1Br,5.94692155651658
Cc1ccc(-c2nc(O)c(O)c(C(=O)O)n2)cc1Br,5.334419008982047
Cc1ccc(-c2nc(O)c(O)c(C(=O)O)n2)cc1Br,5.554395796726403
Cc1cc(C#N)cc(C)c1Oc1nc(Nc2ccc(C#N)cc2)nc2[nH]ccc12,7.795880017344075
Cc1cc(C#N)cc(C)c1Oc1nc(Nc2ccc(C#N)cc2)nc2c1ccn2COC(=O)OC(C)C,6.578396073130169
C=CCNc1cc(Oc2c(C)cc(/C=C/C#N)cc2C)cc(Nc2ccc(C#N)cc2)n1,6.568636235841013
COCCNc1cc(Oc2c(C)cc(/C=C/C#N)cc2C)cc(Nc2ccc(C#N)cc2)n1,6.036212172654444
Cc1cc(/C=C/C#N)cc(C)c1Oc1cc(NCCN(C)C)nc(Nc2ccc(C#N)cc2)c1,6.080921907623926
Cc1cc(/C=C/C#N)cc(C)c1Oc1cc(Nc2ccc(C#N)cc2)nc(NC2CC2)c1,6.455931955649724
Cc1cc(/C=C/C#N)cc(C)c1Oc1cc(NCC2CCCO2)nc(Nc2ccc(C#N)cc2)c1,6.200659450546418
Cc1cc(/C=C/C#N)cc(C)c1Oc1cc(NCCN2CCN(C)CC2)nc(Nc2ccc(C#N)cc2)c1,5.6595558851598815
Cc1cc(/C=C/C#N)cc(C)c1Oc1cc(NCCN2CCOCC2)nc(Nc2ccc(C#N)cc2)c1,6.130768280269024
Cc1cc(/C=C/C#N)cc(C)c1Oc1cc(NCCCN2CCOCC2)nc(Nc2ccc(C#N)cc2)c1,6.013228265733755
C=CCNc1cc(Oc2c(C)cc(/C=C/C#N)cc2C)nc(Nc2ccc(C#N)cc2)n1,7.522878745280337
COCCNc1cc(Oc2c(C)cc(/C=C/C#N)cc2C)nc(Nc2ccc(C#N)cc2)n1,7.3979400086720375
Cc1cc(/C=C/C#N)cc(C)c1Oc1cc(NCCC#N)nc(Nc2ccc(C#N)cc2)n1,7.698970004336019
Cc1cc(/C=C/C#N)cc(C)c1Oc1cc(NCCN(C)C)nc(Nc2ccc(C#N)cc2)n1,8.0
COC(Nc1cc(Oc2c(C)cc(/C=C/C#N)cc2C)nc(Nc2ccc(C#N)cc2)n1)OC,6.769551078621726
Cc1cc(/C=C/C#N)cc(C)c1Oc1cc(NC2CC2)nc(Nc2ccc(C#N)cc2)n1,7.301029995663981
Cc1cc(/C=C/C#N)cc(C)c1Oc1cc(NCC2CCCO2)nc(Nc2ccc(C#N)cc2)n1,6.356547323513812
Cc1cc(/C=C/C#N)cc(C)c1Oc1cc(NCCN2CCNCC2)nc(Nc2ccc(C#N)cc2)n1,6.356547323513812
Cc1cc(/C=C/C#N)cc(C)c1Oc1cc(NCCN2CCOCC2)nc(Nc2ccc(C#N)cc2)n1,6.853871964321762
Cc1cc(/C=C/C#N)cc(C)c1Oc1cc(Cl)nc(Nc2ccc(C#N)cc2)c1,6.7447274948966935
Cc1cc(/C=C/C#N)cc(C)c1Oc1cc(Cl)nc(Nc2ccc(C#N)cc2)n1,7.698970004336019
Cc1ccnc2c1NC(=O)c1cccnc1N2C1CC1,6.045757490560675
O=C1Nc2ccc(Cl)cc2[C@@](C#CC2CC2)(C(F)(F)F)O1,7.698970004336019
C=CCNc1cc(Oc2c(C)cc(/C=C/C#N)cc2C)cc(Nc2ccc(C#N)cc2)n1,4.504316932383085
COCCNc1cc(Oc2c(C)cc(/C=C/C#N)cc2C)cc(Nc2ccc(C#N)cc2)n1,4.741123370627869
Cc1cc(/C=C/C#N)cc(C)c1Oc1cc(NCCN(C)C)nc(Nc2ccc(C#N)cc2)c1,5.607303046740334
Cc1cc(/C=C/C#N)cc(C)c1Oc1cc(Nc2ccc(C#N)cc2)nc(NC2CC2)c1,5.268411234813262
Cc1cc(/C=C/C#N)cc(C)c1Oc1cc(NCC2CCCO2)nc(Nc2ccc(C#N)cc2)c1,4.3851027839668655
Cc1cc(/C=C/C#N)cc(C)c1Oc1cc(NCCN2CCN(C)CC2)nc(Nc2ccc(C#N)cc2)c1,5.204815410317576
Cc1cc(/C=C/C#N)cc(C)c1Oc1cc(NCCN2CCOCC2)nc(Nc2ccc(C#N)cc2)c1,5.202732459169283
Cc1cc(/C=C/C#N)cc(C)c1Oc1cc(NCCCN2CCOCC2)nc(Nc2ccc(C#N)cc2)c1,5.107905397309519
C=CCNc1cc(Oc2c(C)cc(/C=C/C#N)cc2C)nc(Nc2ccc(C#N)cc2)n1,6.721246399047171
COCCNc1cc(Oc2c(C)cc(/C=C/C#N)cc2C)nc(Nc2ccc(C#N)cc2)n1,6.638272163982407
Cc1cc(/C=C/C#N)cc(C)c1Oc1cc(NCCC#N)nc(Nc2ccc(C#N)cc2)n1,7.0
Cc1cc(/C=C/C#N)cc(C)c1Oc1cc(NCCN(C)C)nc(Nc2ccc(C#N)cc2)n1,7.698970004336019
COC(Nc1cc(Oc2c(C)cc(/C=C/C#N)cc2C)nc(Nc2ccc(C#N)cc2)n1)OC,6.301029995663981
Cc1cc(/C=C/C#N)cc(C)c1Oc1cc(NC2CC2)nc(Nc2ccc(C#N)cc2)n1,6.619788758288394
Cc1cc(/C=C/C#N)cc(C)c1Oc1cc(NCC2CCCO2)nc(Nc2ccc(C#N)cc2)n1,4.060830320374823
Cc1cc(/C=C/C#N)cc(C)c1Oc1cc(NCCN2CCNCC2)nc(Nc2ccc(C#N)cc2)n1,5.950781977329818
Cc1cc(/C=C/C#N)cc(C)c1Oc1cc(NCCN2CCOCC2)nc(Nc2ccc(C#N)cc2)n1,6.468521082957745
Cc1cc(/C=C/C#N)cc(C)c1Oc1cc(Cl)nc(Nc2ccc(C#N)cc2)n1,7.096910013008056
O=C1Nc2ccc(Cl)cc2[C@@](C#CC2CC2)(C(F)(F)F)O1,6.443697499232712
Cc1cc(C#N)cc(C)c1Oc1nc(Nc2ccc(C#N)cc2)nc(N)c1Br,7.698970004336019
Cc1ccnc2c1NC(=O)c1cccnc1N2C1CC1,5.634512015109101
O=C1Nc2ccc(Cl)cc2[C@@](C#CC2CC2)(C(F)(F)F)O1,7.522878745280337
Cc1cc(C#N)cc(C)c1Oc1nc(Nc2ccc(C#N)cc2)nc(N)c1Br,7.958607314841775
COC(=O)CSc1cnc(Nc2ccc(C#N)cc2)nc1Oc1c(C)cc(C#N)cc1C,7.886056647693163
COC(=O)CCSc1cnc(Nc2ccc(C#N)cc2)nc1Oc1c(C)cc(C#N)cc1C,7.886056647693163
COC(=O)CS(=O)(=O)c1cnc(Nc2ccc(C#N)cc2)nc1Oc1c(C)cc(C#N)cc1C,7.886056647693163
COC(=O)CCS(=O)(=O)c1cnc(Nc2ccc(C#N)cc2)nc1Oc1c(C)cc(C#N)cc1C,7.886056647693163
Cc1cc(C#N)cc(C)c1Oc1nc(Nc2ccc(C#N)cc2)ncc1SCC(=O)C(=O)O,7.886056647693163
Cc1cc(C#N)cc(C)c1Oc1nc(Nc2ccc(C#N)cc2)ncc1SCC(=O)NCCN1CCOCC1,7.886056647693163
Cc1cc(C#N)cc(C)c1Oc1nc(Nc2ccc(C#N)cc2)ncc1SCC(=O)NCCCN1CCOCC1,7.075720713938118
Cc1cc(C#N)cc(C)c1Oc1nc(Nc2ccc(C#N)cc2)ncc1SCC(=O)NCCN1CCN(C(=O)OC(C)(C)C)CC1,7.886056647693163
Cc1cc(C#N)cc(C)c1Oc1nc(Nc2ccc(C#N)cc2)ncc1SCC(=O)N1CCN(C(=O)OC(C)(C)C)CC1,7.886056647693163
Cc1cc(C#N)cc(C)c1Oc1nc(Nc2ccc(C#N)cc2)ncc1SCC(=O)N1CC[C@H](NC(=O)OC(C)(C)C)C1,7.886056647693163
Cc1cc(C#N)cc(C)c1Oc1nc(Nc2ccc(C#N)cc2)ncc1SCC(=O)N1CCSCC1,7.886056647693163
Cc1cc(C#N)cc(C)c1Oc1nc(Nc2ccc(C#N)cc2)ncc1SCC(=O)Nc1ccc(S(C)(=O)=O)cc1,7.886056647693163
Cc1cc(C#N)cc(C)c1Oc1nc(Nc2ccc(C#N)cc2)ncc1SCC(=O)NC1CCN(C(=O)OC(C)(C)C)CC1,7.886056647693163
Cc1cc(C#N)cc(C)c1Oc1nc(Nc2ccc(C#N)cc2)ncc1SCC(=O)NC1CC1,7.6777807052660805
Cc1cc(C#N)cc(C)c1Oc1nc(Nc2ccc(C#N)cc2)ncc1SCC(N)=O,7.886056647693163
Cc1cc(C#N)cc(C)c1Oc1nc(Nc2ccc(C#N)cc2)ncc1SCC(=O)NCc1ccc(O)cc1,7.886056647693163
Cc1cc(C#N)cc(C)c1Oc1nc(Nc2ccc(C#N)cc2)ncc1SCC(=O)NCC1CCCO1,7.886056647693163
Cc1cc(C#N)cc(C)c1Oc1nc(Nc2ccc(C#N)cc2)ncc1SCC(=O)NCC1CC1,7.886056647693163
C=CCNC(=O)CSc1cnc(Nc2ccc(C#N)cc2)nc1Oc1c(C)cc(C#N)cc1C,7.886056647693163
C#CCNC(=O)CSc1cnc(Nc2ccc(C#N)cc2)nc1Oc1c(C)cc(C#N)cc1C,7.638272163982407
COCCNC(=O)CSc1cnc(Nc2ccc(C#N)cc2)nc1Oc1c(C)cc(C#N)cc1C,7.585026652029182
Cc1cc(C#N)cc(C)c1Oc1nc(NC2CCN(Cc3n[nH]c(=O)n3C)CC2)nc2ccsc12,7.259637310505756
Cc1cc(C#N)cc(C)c1Oc1nc(NC2CCN(Cc3ccco3)CC2)nc2ccsc12,7.086186147616283
Cc1cc(C#N)cc(C)c1Oc1nc(NC2CCN(Cc3c[nH]cn3)CC2)nc2ccsc12,7.2839966563652006
Cc1cc(C#N)cc(C)c1Oc1nc(NC2CCN(Cc3cn(S(C)(=O)=O)cn3)CC2)nc2ccsc12,7.275724130399211
Cc1cc(C#N)cc(C)c1Oc1nc(NC2CCN(Cc3cc(=O)[nH]c(=O)[nH]3)CC2)nc2ccsc12,7.657577319177793
Cc1cc(C#N)cc(C)c1Oc1nc(NC2CCN(Cc3ccc(N4CCCC4)cc3)CC2)nc2ccsc12,6.655607726314889
O=C1Nc2ccc(Cl)cc2[C@@](C#CC2CC2)(C(F)(F)F)O1,8.221848749616356
Cc1ccnc2c1NC(=O)c1cccnc1N2C1CC1,6.229147988357855
Cc1cc(/C=C/C#N)cc(C)c1Nc1nc(NC2CCN(Cc3ccc(S(N)(=O)=O)cc3)CC2)nc2ccsc12,6.795880017344075
Cc1cc(C#Cc2ccncc2)cc(C)c1Oc1nc(NC2CCN(Cc3ccc(S(N)(=O)=O)cc3)CC2)nc2ccsc12,6.0655015487564325
Cc1cc(C#Cc2cccnc2)cc(C)c1Oc1nc(NC2CCN(Cc3ccc(S(N)(=O)=O)cc3)CC2)nc2ccsc12,6.552841968657781
Cc1cc(C#Cc2ccccn2)cc(C)c1Oc1nc(NC2CCN(Cc3ccc(S(N)(=O)=O)cc3)CC2)nc2ccsc12,6.5376020021010435
Cc1cc(C#N)cc(C)c1Oc1nc(NC2CCN(Cc3ccc(S(N)(=O)=O)cc3)CC2)nc2ccn(S(=O)(=O)c3ccccc3)c12,6.714442690992226
Cc1cc(C#N)cc(C)c1Oc1nc(NC2CCN(Cc3ccc(S(C)(=O)=O)cc3)CC2)nc2ccn(S(=O)(=O)c3ccccc3)c12,6.42021640338319
Cc1cc(C#N)cc(C)c1Oc1nc(NC2CCN(Cc3ccc(C(N)=O)cc3)CC2)nc2ccn(S(=O)(=O)c3ccccc3)c12,6.709965388637482
Cc1cc(C#N)cc(C)c1Oc1nc(NC2CCN(Cc3ccc(S(N)(=O)=O)cc3)CC2)nc2cc[nH]c12,7.1249387366083
Cc1cc(C#N)cc(C)c1Oc1nc(NC2CCN(Cc3ccc(S(C)(=O)=O)cc3)CC2)nc2cc[nH]c12,7.008773924307505
Cc1cc(C#N)cc(C)c1Oc1nc(NC2CCN(Cc3ccc(C(N)=O)cc3)CC2)nc2cc[nH]c12,6.966576244513051
Cc1cc(C#N)cc(C)c1Oc1nc(NC2CCN(Cc3ccc(S(N)(=O)=O)cc3)CC2)nc2ccn(COCc3ccccc3)c12,6.787812395596042
Cc1cc(C#N)cc(C)c1Oc1nc(NC2CCN(Cc3ccc(S(C)(=O)=O)cc3)CC2)nc2ccn(COCc3ccccc3)c12,6.723538195826756
Cc1cc(C#N)cc(C)c1Oc1nc(NC2CCN(Cc3ccc(C(N)=O)cc3)CC2)nc2ccn(COCc3ccccc3)c12,6.801342913045577
COC(=O)c1c(-c2cccs2)csc1NC(=O)C1CC=CCC1C(=O)O,4.0
Cc1nc(N)sc1C(=O)N/N=C\c1ccc(O)c([N+](=O)[O-])c1,4.0
O=C1Nc2ccccc2/C1=N\NC(=O)c1ccc(O)cc1O,4.438540828758084
CC(=O)c1cc2c(cc1NC(=O)CCC(=O)O)OCO2,4.0
O=C1NC(=O)/C(=C/c2ccc(Cl)c(Cl)c2)S1,4.0
CCOc1cc(/C=C2\NC(=O)NC2=O)c(Cl)cc1OC,4.0
O=C(O)COc1ccc(/C=C2\NC(=O)NC2=O)cc1I,4.0
CCOc1cccc(/C=C2\SC(=O)NC2=O)c1O,4.0
CCN1C(=O)/C(=C/c2ccc(O)c([N+](=O)[O-])c2)SC1=S,4.0
CCCc1cc2c(cc1/C=C1\NC(=O)NC1=O)OCO2,4.038246785813217
CCOc1ccc(/C=C2\NC(=O)NC2=O)c(Cl)c1OC,4.0746879085003505
CCC(C)Oc1ccc(/C=C2\NC(=O)NC2=O)cc1,4.277366077466188
COc1cccc(/C=C2\NC(=O)NC2=O)c1-c1ccc(OC(=O)Nc2ccccc2)cc1,4.551139154392559
Cc1cccc(Cn2c(C)c(/C=C3\SC(=N)NC3=O)c3ccccc32)c1,4.714217726220605
Cc1cc(/C=C2\NC(=O)NC2=O)cc(C)c1OCc1cccc([N+](=O)[O-])c1,4.7500682433658055
Cc1cc(/C=C2\SC(=N)NC2=O)c(C)n1-c1ccc(Cl)cc1,4.7942544590573375
Cc1cc(/C=C2\SC(N)=NC2=O)c(C)n1-c1ccc(F)cc1,4.910094888560602
Cc1cc(/C=C2\NC(=O)NC2=O)c(C)n1-c1ccc(OCc2ccc(Cl)cc2Cl)cc1,5.0589857562944305
CCOc1cc(/C=C2\SC(=S)N(c3ccccc3)C2=O)cc([N+](=O)[O-])c1O,4.892111974817201
CCOc1ccc(/C=C2\SC(=O)NC2=O)cc1OCc1ccc(Cl)c(Cl)c1,5.286509456906058
CSCCC(NS(=O)(=O)c1ccc2c(c1)NC(=O)C(C)O2)C(=O)O,4.0
CC(Oc1ccc(C(C)(C)C)cc1)C(=O)NN,4.0
NNC(=O)c1cccc(Cn2cc(Br)c([N+](=O)[O-])n2)c1,4.0
Cc1cccc(OCC(=O)NC(Cc2ccccc2)C(=O)O)c1,4.0
COc1cc(/C=N/NC(=O)COc2cccc(C)c2)c(O)c([N+](=O)[O-])c1,4.0
O=C(O)C1Sc2[nH]c(=O)sc2C2c3ccccc3OC(=O)C12,4.0
CCOC(=O)C12CC(OC3CCCCC3)C1(c1ccccc1)NC(=O)C2=O,4.0
CC1=C(C(=O)O)N2C(=O)C(NC(=O)c3ccn(C)n3)C2SC1,4.0
C[S+]([O-])CCC(NS(=O)(=O)c1ccccc1)C(=O)O,4.0
COc1ccccc1/C=C/CN1CCNC(=O)C1CC(=O)O,4.0
COc1cc(NC(=O)C2CC(=O)N=C(N)S2)cc(OC)c1,4.0
O=C(O)CC1CSc2ccccc2NC1=O,4.0
Cc1ccc(C2CC2C(=O)NN)cc1,4.0
CCCCC(CC)CN1C(=O)C(O)=C(C(C)=O)C1c1ccco1,4.0
Cc1ccc(C2NC(=O)C(O)=C2C(=O)c2cccs2)cc1,4.0
CCc1nnc(NC(=O)C(=O)NCCOC(=O)c2ccccc2)s1,4.0
O=C(OCCOCn1cc(Br)c(=O)[nH]c1=O)c1ccccc1,4.0
CCCOC(=O)CNc1n[nH]c(=O)[nH]c1=O,4.0
O=C(CSc1nc2ccccc2o1)Nc1ncn[nH]1,4.0
NC(=O)N(CCC(=O)O)c1ccc(Br)cc1,4.0
O=C(O)CCCC(=O)NC1CCCCCCC1,4.0
NNC(=O)C12CC3CC(C1)CC(n1cnc(Cl)n1)(C3)C2,4.0
COc1ccccc1NC(=O)C1CCCCC1(C)C(=O)O,4.21289390696343
O=C(N/N=C\c1cc([N+](=O)[O-])c(O)cc1O)c1ccccc1O,4.30189945437661
COc1cc(N2CCCC2)c(OC)cc1/C=C1/NC(=O)NC1=O,5.029188389127482
COc1cc(N2CCCC2)c(OC)cc1/C=C1/NC(=O)NC1=O,4.4878494630779695
CCOc1ccc(/C=C2\SC(=O)NC2=O)cc1OCc1ccc(Cl)c(Cl)c1,4.573163546196492
CCOc1cc(/C=C2\SC(=S)N(c3ccccc3)C2=O)cc([N+](=O)[O-])c1O,4.579219380451435
CC(C)c1ccc(O)c(=O)c(O)c1,6.769551078621726
COc1cc(N2CCCC2)c(OC)cc1/C=C1/NC(=O)NC1=O,4.687399560738741
CCOc1ccc(/C=C2\SC(=O)NC2=O)cc1OCc1ccc(Cl)c(Cl)c1,4.90204892900585
CCOc1cc(/C=C2\SC(=S)N(c3ccccc3)C2=O)cc([N+](=O)[O-])c1O,4.730253626869233
CC(C)c1ccc(O)c(=O)c(O)c1,6.6777807052660805
COc1cc(N2CCCC2)c(OC)cc1/C=C1/NC(=O)NC1=O,4.96018944585165
CCOc1ccc(/C=C2\SC(=O)NC2=O)cc1OCc1ccc(Cl)c(Cl)c1,5.154281982033341
CCOc1cc(/C=C2\SC(=S)N(c3ccccc3)C2=O)cc([N+](=O)[O-])c1O,4.947690900352677
CC(C)c1ccc(O)c(=O)c(O)c1,6.853871964321762
COc1cc(N2CCCC2)c(OC)cc1/C=C1/NC(=O)NC1=O,3.5228787452803374
CCOc1ccc(/C=C2\SC(=O)NC2=O)cc1OCc1ccc(Cl)c(Cl)c1,3.5228787452803374
CCOc1cc(/C=C2\SC(=S)N(c3ccccc3)C2=O)cc([N+](=O)[O-])c1O,3.835647144215563
CC(C)c1ccc(O)c(=O)c(O)c1,7.0
CCOC(=O)c1cnc(N2CCN(Cc3ccc(F)cc3)CC2)nc1Oc1c(C)cc(-c2ccc(C#N)cc2)cc1C,3.9208187539523753
CCOC(=O)c1cnc(N2CCN(Cc3cccc([N+](=O)[O-])c3)CC2)nc1Oc1c(C)cc(-c2ccc(C#N)cc2)cc1C,3.944250994420748
CCOC(=O)c1cnc(N2CCN(Cc3ccc(C(N)=O)cc3)CC2)nc1Oc1c(C)cc(-c2ccc(C#N)cc2)cc1C,3.947702450891432
CCOC(=O)c1cnc(N2CCN(Cc3cccc(C(N)=O)c3)CC2)nc1Oc1c(C)cc(-c2ccc(C#N)cc2)cc1C,4.031180953545707
CCOC(=O)c1cnc(N2CCN(Cc3ccc(S(N)(=O)=O)cc3)CC2)nc1Oc1c(C)cc(-c2ccc(C#N)cc2)cc1C,4.19708951058096
Cc1ccnc2c1NC(=O)c1cccnc1N2C1CC1,6.490797477668897
O=C1Nc2ccc(Cl)cc2[C@@](C#CC2CC2)(C(F)(F)F)O1,8.397940008672037
Cc1cc(C#N)cc(C)c1Oc1nc(Nc2ccc(C#N)cc2)nc(N)c1Br,7.958607314841775
N#Cc1ccc(Nc2nc(N)nc(Cc3c(Cl)cccc3Cl)n2)cc1,6.400116927926312
N#Cc1ccc(Nc2nc(N)cc(Cc3c(Cl)cccc3Cl)n2)cc1,6.52432881167557
N#Cc1ccc(Nc2cc(Cc3c(Cl)cccc3Cl)nc(N)n2)cc1,4.015022873584507
N#Cc1ccc(Nc2cc(N)nc(Cc3c(Cl)cccc3Cl)n2)cc1,4.0
Cc1cc(C#N)cc(C)c1Nc1nc(Nc2ccc(C#N)cc2)ncc1Cl,8.2839966563652
Cc1cc(C#N)cc(C)c1Nc1nc(Nc2ccc(C#N)cc2)ncc1Br,8.154901959985743
C#Cc1cnc(Nc2ccc(C#N)cc2)nc1Nc1c(C)cc(C)cc1C,7.552841968657781
C=Cc1cnc(Nc2ccc(C#N)cc2)nc1Nc1c(C)cc(C)cc1C,7.455931955649724
Cc1cc(C#N)cc(C)c1Nc1nc(Nc2ccc(C#N)cc2)ncc1C#N,7.040958607678906
Cc1cnc(Nc2ccc(C#N)cc2)nc1Nc1c(C)cc(C#N)cc1C,7.795880017344075
Cc1cc(C#N)cc(C)c1Oc1nc(Nc2ccc(C#N)cc2)ncc1[N+](=O)[O-],6.91721462968355
Cc1cc(C#N)cc(C)c1Oc1nc(Nc2ccc(C#N)cc2)ncc1N,7.795880017344075
CC(=O)Nc1cnc(Nc2ccc(C#N)cc2)nc1Oc1c(C)cc(C#N)cc1C,7.508638306165727
Cc1cc(C#N)cc(C)c1Oc1nc(Nc2ccc(C#N)cc2)nc(N)c1Br,8.481486060122112
Cc1cc(C#N)cc(C)c1Oc1ccnc(Nc2ccc(C#N)cc2)n1,7.136677139879544
Cc1cc(C#N)cc(C)c1Nc1ccnc(Nc2ccc(C#N)cc2)n1,7.468521082957745
Cc1cc(Br)cc(C)c1Sc1ccnc(Nc2ccc(C#N)cc2)n1,6.7594507517174005
N#Cc1ccc(Nc2nc(N)nc(Cc3c(Cl)cccc3Cl)n2)cc1,7.3979400086720375
N#Cc1ccc(Nc2nc(N)cc(Cc3c(Cl)cccc3Cl)n2)cc1,7.920818753952375
N#Cc1ccc(Nc2cc(Cc3c(Cl)cccc3Cl)nc(N)n2)cc1,4.47755576649368
N#Cc1ccc(Nc2cc(N)nc(Cc3c(Cl)cccc3Cl)n2)cc1,4.0
Cc1cc(C#N)cc(C)c1Nc1nc(Nc2ccc(C#N)cc2)ncc1Cl,9.045757490560675
Cc1cc(C#N)cc(C)c1Nc1nc(Nc2ccc(C#N)cc2)ncc1Br,9.397940008672037
C#Cc1cnc(Nc2ccc(C#N)cc2)nc1Nc1c(C)cc(C)cc1C,8.207608310501746
C=Cc1cnc(Nc2ccc(C#N)cc2)nc1Nc1c(C)cc(C)cc1C,8.236572006437063
Cc1cc(C#N)cc(C)c1Nc1nc(Nc2ccc(C#N)cc2)ncc1C#N,8.585026652029182
Cc1cnc(Nc2ccc(C#N)cc2)nc1Nc1c(C)cc(C#N)cc1C,8.769551078621726
Cc1cc(C#N)cc(C)c1Oc1nc(Nc2ccc(C#N)cc2)ncc1[N+](=O)[O-],8.0
Cc1cc(C#N)cc(C)c1Oc1nc(Nc2ccc(C#N)cc2)ncc1N,8.886056647693163
CC(=O)Nc1cnc(Nc2ccc(C#N)cc2)nc1Oc1c(C)cc(C#N)cc1C,8.481486060122112
Cc1cc(C#N)cc(C)c1Oc1nc(Nc2ccc(C#N)cc2)nc(N)c1Br,8.920818753952375
Cc1cc(C#N)cc(C)c1Oc1ccnc(Nc2ccc(C#N)cc2)n1,8.568636235841012
Cc1cc(C#N)cc(C)c1Nc1ccnc(Nc2ccc(C#N)cc2)n1,8.721246399047171
Cc1cc(Br)cc(C)c1Sc1ccnc(Nc2ccc(C#N)cc2)n1,7.4089353929735005
N#Cc1ccc(Nc2nc(N)nc(Cc3c(Cl)cccc3Cl)n2)cc1,6.698970004336019
N#Cc1ccc(Nc2nc(N)cc(Cc3c(Cl)cccc3Cl)n2)cc1,6.756961951313706
N#Cc1ccc(Nc2cc(Cc3c(Cl)cccc3Cl)nc(N)n2)cc1,4.0
N#Cc1ccc(Nc2cc(N)nc(Cc3c(Cl)cccc3Cl)n2)cc1,4.0
Cc1cc(C#N)cc(C)c1Nc1nc(Nc2ccc(C#N)cc2)ncc1Cl,7.853871964321762
Cc1cc(C#N)cc(C)c1Nc1nc(Nc2ccc(C#N)cc2)ncc1Br,8.017728766960431
C#Cc1cnc(Nc2ccc(C#N)cc2)nc1Nc1c(C)cc(C)cc1C,7.366531544420414
C=Cc1cnc(Nc2ccc(C#N)cc2)nc1Nc1c(C)cc(C)cc1C,7.443697499232712
Cc1cc(C#N)cc(C)c1Nc1nc(Nc2ccc(C#N)cc2)ncc1C#N,7.119186407719209
Cc1cnc(Nc2ccc(C#N)cc2)nc1Nc1c(C)cc(C#N)cc1C,7.920818753952375
Cc1cc(C#N)cc(C)c1Oc1nc(Nc2ccc(C#N)cc2)ncc1[N+](=O)[O-],6.517126416391246
Cc1cc(C#N)cc(C)c1Oc1nc(Nc2ccc(C#N)cc2)ncc1N,8.031517051446064
CC(=O)Nc1cnc(Nc2ccc(C#N)cc2)nc1Oc1c(C)cc(C#N)cc1C,7.522878745280337
Cc1cc(C#N)cc(C)c1Oc1nc(Nc2ccc(C#N)cc2)nc(N)c1Br,8.154901959985743
Cc1cc(C#N)cc(C)c1Oc1ccnc(Nc2ccc(C#N)cc2)n1,7.431798275933005
Cc1cc(C#N)cc(C)c1Nc1ccnc(Nc2ccc(C#N)cc2)n1,8.148741651280925
Cc1cc(Br)cc(C)c1Sc1ccnc(Nc2ccc(C#N)cc2)n1,7.167491087293763
N#Cc1ccc(Nc2nc(N)nc(Cc3c(Cl)cccc3Cl)n2)cc1,6.5003129173815966
N#Cc1ccc(Nc2nc(N)cc(Cc3c(Cl)cccc3Cl)n2)cc1,7.1487416512809245
N#Cc1ccc(Nc2cc(Cc3c(Cl)cccc3Cl)nc(N)n2)cc1,4.0
N#Cc1ccc(Nc2cc(N)nc(Cc3c(Cl)cccc3Cl)n2)cc1,4.0
Cc1cc(C#N)cc(C)c1Nc1nc(Nc2ccc(C#N)cc2)ncc1Cl,8.327902142064282
Cc1cc(C#N)cc(C)c1Nc1nc(Nc2ccc(C#N)cc2)ncc1Br,8.481486060122112
C#Cc1cnc(Nc2ccc(C#N)cc2)nc1Nc1c(C)cc(C)cc1C,7.376750709602099
C=Cc1cnc(Nc2ccc(C#N)cc2)nc1Nc1c(C)cc(C)cc1C,7.5376020021010435
Cc1cc(C#N)cc(C)c1Nc1nc(Nc2ccc(C#N)cc2)ncc1C#N,8.065501548756432
Cc1cnc(Nc2ccc(C#N)cc2)nc1Nc1c(C)cc(C#N)cc1C,7.795880017344075
Cc1cc(C#N)cc(C)c1Oc1nc(Nc2ccc(C#N)cc2)ncc1[N+](=O)[O-],6.106793246940152
Cc1cc(C#N)cc(C)c1Oc1nc(Nc2ccc(C#N)cc2)ncc1N,8.244125144327509
CC(=O)Nc1cnc(Nc2ccc(C#N)cc2)nc1Oc1c(C)cc(C#N)cc1C,8.075720713938118
Cc1cc(C#N)cc(C)c1Oc1nc(Nc2ccc(C#N)cc2)nc(N)c1Br,8.337242168318426
Cc1cc(C#N)cc(C)c1Oc1ccnc(Nc2ccc(C#N)cc2)n1,7.721246399047171
Cc1cc(C#N)cc(C)c1Nc1ccnc(Nc2ccc(C#N)cc2)n1,8.10790539730952
Cc1cc(Br)cc(C)c1Sc1ccnc(Nc2ccc(C#N)cc2)n1,7.356547323513812
Cc1cc(C)c(Nc2ccnc(Nc3ccc(C#N)cc3)n2)c(C)c1,9.0
Cc1cc(C)c(Nc2ccnc(Nc3ccc(Cl)cc3)n2)c(C)c1,8.500038134403809
Cc1cc(C)c(Nc2ccnc(Nc3ccc(C(N)=O)cc3)n2)c(C)c1,7.199970640755866
Cc1cc(C)c(Nc2ccnc(Nc3ccc(C#N)cc3)n2)c(C)c1,7.79997073344623
Cc1cc(C)c(Nc2ccnc(Nc3ccc(Cl)cc3)n2)c(C)c1,6.699991797446187
Cc1cc(C)c(Nc2ccnc(Nc3ccc(C(N)=O)cc3)n2)c(C)c1,5.0
Cc1cc(C)c(Nc2ccnc(Nc3ccc(C#N)cc3)n2)c(C)c1,8.400007822415901
Cc1cc(C)c(Nc2ccnc(Nc3ccc(Cl)cc3)n2)c(C)c1,7.599980364934842
Cc1cc(C)c(Nc2ccnc(Nc3ccc(C(N)=O)cc3)n2)c(C)c1,5.0
Cc1cc(C)c(Nc2ccnc(Nc3ccc(C#N)cc3)n2)c(C)c1,8.100015437450608
Cc1cc(C)c(Nc2ccnc(Nc3ccc(Cl)cc3)n2)c(C)c1,7.100015437450609
Cc1cc(C)c(Nc2ccnc(Nc3ccc(C(N)=O)cc3)n2)c(C)c1,5.0
Cc1cc(C)c(Nc2ccnc(Nc3ccc(C#N)cc3)n2)c(C)c1,7.400007822415902
Cc1cc(C)c(Nc2ccnc(Nc3ccc(Cl)cc3)n2)c(C)c1,5.59999938302362
Cc1cc(C)c(Nc2ccnc(Nc3ccc(C(N)=O)cc3)n2)c(C)c1,5.0
Cc1cc(C)c(Nc2ccnc(Nc3ccc(C#N)cc3)n2)c(C)c1,5.0
Cc1cc(C)c(Nc2ccnc(Nc3ccc(Cl)cc3)n2)c(C)c1,5.0
Cc1cc(C)c(Nc2ccnc(Nc3ccc(C#N)cc3)n2)c(C)c1,7.400007822415902
Cc1cc(C#N)cc(C)c1Nc1nc(Nc2ccc(C#N)cc2)ncc1Cl,6.841637507904751
Cc1cc(C#N)cc(C)c1Nc1nc(Nc2ccc(C#N)cc2)ncc1Br,7.431798275933005
C#Cc1cnc(Nc2ccc(C#N)cc2)nc1Nc1c(C)cc(C)cc1C,7.1487416512809245
C=Cc1cnc(Nc2ccc(C#N)cc2)nc1Nc1c(C)cc(C)cc1C,4.0
Cc1cc(C#N)cc(C)c1Nc1nc(Nc2ccc(C#N)cc2)ncc1C#N,6.505845405981558
Cc1cnc(Nc2ccc(C#N)cc2)nc1Nc1c(C)cc(C#N)cc1C,5.0
Cc1cc(C#N)cc(C)c1Oc1nc(Nc2ccc(C#N)cc2)ncc1[N+](=O)[O-],5.0
Cc1cc(C#N)cc(C)c1Oc1nc(Nc2ccc(C#N)cc2)ncc1N,6.549750891680639
CC(=O)Nc1cnc(Nc2ccc(C#N)cc2)nc1Oc1c(C)cc(C#N)cc1C,6.688246138944246
Cc1cc(C#N)cc(C)c1Oc1nc(Nc2ccc(C#N)cc2)nc(N)c1Br,7.721246399047171
Cc1cc(C#N)cc(C)c1Oc1ccnc(Nc2ccc(C#N)cc2)n1,6.09799710864927
Cc1cc(C#N)cc(C)c1Nc1ccnc(Nc2ccc(C#N)cc2)n1,5.964170174747172
Cc1cc(Br)cc(C)c1Sc1ccnc(Nc2ccc(C#N)cc2)n1,5.410050398674292
Cc1cc(C#N)cc(C)c1Nc1nc(Nc2ccc(C#N)cc2)ncc1Cl,7.161150909262744
Cc1cc(C#N)cc(C)c1Nc1nc(Nc2ccc(C#N)cc2)ncc1Br,7.494850021680094
C#Cc1cnc(Nc2ccc(C#N)cc2)nc1Nc1c(C)cc(C)cc1C,7.376750709602099
C=Cc1cnc(Nc2ccc(C#N)cc2)nc1Nc1c(C)cc(C)cc1C,6.97469413473523
Cc1cc(C#N)cc(C)c1Nc1nc(Nc2ccc(C#N)cc2)ncc1C#N,6.7423214251308154
Cc1cnc(Nc2ccc(C#N)cc2)nc1Nc1c(C)cc(C#N)cc1C,6.790484985457369
Cc1cc(C#N)cc(C)c1Oc1nc(Nc2ccc(C#N)cc2)ncc1[N+](=O)[O-],6.7121982700697735
Cc1cc(C#N)cc(C)c1Oc1nc(Nc2ccc(C#N)cc2)ncc1N,7.853871964321762
CC(=O)Nc1cnc(Nc2ccc(C#N)cc2)nc1Oc1c(C)cc(C#N)cc1C,7.522878745280337
Cc1cc(C#N)cc(C)c1Oc1nc(Nc2ccc(C#N)cc2)nc(N)c1Br,8.366531544420413
Cc1cc(C#N)cc(C)c1Oc1ccnc(Nc2ccc(C#N)cc2)n1,7.026872146400302
Cc1cc(C#N)cc(C)c1Nc1ccnc(Nc2ccc(C#N)cc2)n1,7.431798275933005
Cc1cc(Br)cc(C)c1Sc1ccnc(Nc2ccc(C#N)cc2)n1,6.450996737974212
Cc1cc(C)c(Nc2nc(Cl)nc(Nc3ccc(C#N)nc3)n2)c(C)c1.Cl,13.301029995663981
Cc1cc(C)c(Nc2nc(N)nc(Nc3ccc(C#N)nc3)n2)c(C)c1.Cl,13.301029995663981
Cc1cc(C)c(Nc2nc(Cl)nc(Nc3ccc(C#N)nc3)n2)c(C)c1.Cl,12.346787486224656
Cc1cc(C)c(Nc2nc(N)nc(Nc3ccc(C#N)nc3)n2)c(C)c1.Cl,12.522878745280337
Cc1cc(C)c(Nc2nc(Cl)nc(Nc3ccc(C#N)nc3)n2)c(C)c1.Cl,12.958607314841775
Cc1cc(C)c(Nc2nc(N)nc(Nc3ccc(C#N)nc3)n2)c(C)c1.Cl,13.154901959985743
Cc1cc(C)c(Nc2nc(Cl)nc(Nc3ccc(C#N)nc3)n2)c(C)c1.Cl,12.698970004336019
Cc1cc(C)c(Nc2nc(N)nc(Nc3ccc(C#N)nc3)n2)c(C)c1.Cl,13.154901959985743
Cc1cc(C#N)cc(C)c1Oc1nc(Nc2ccc(C#N)cc2)ncc1N,9.0
CC(=O)Nc1cnc(Nc2ccc(C#N)cc2)nc1Oc1c(C)cc(C#N)cc1C,8.721246399047171
Cc1cc(C#N)cc(C)c1Oc1nc(Nc2ccc(C#N)cc2)nc(N)c1Br,8.853871964321762
Cc1cc(C#N)cc(C)c1Oc1ccnc(Nc2ccc(C#N)cc2)n1,8.958607314841775
Cc1cc(C#N)cc(C)c1Nc1ccnc(Nc2ccc(C#N)cc2)n1,9.397940008672037
Cc1cc(Br)cc(C)c1Sc1ccnc(Nc2ccc(C#N)cc2)n1,8.244125144327509
Cc1cc(C#N)cc(C)c1Oc1nc(Nc2ccc(C#N)cc2)ncc1[N+](=O)[O-],7.7447274948966935
Cc1cnc(Nc2ccc(C#N)cc2)nc1Nc1c(C)cc(C#N)cc1C,9.096910013008056
Cc1cc(C#N)cc(C)c1Nc1nc(Nc2ccc(C#N)cc2)ncc1C#N,9.301029995663981
Cc1cc(C)c(Nc2nc(Nc3ccc(C#N)cc3)ncc2-c2ccccc2)c(C)c1,7.619788758288394
C=Cc1cnc(Nc2ccc(C#N)cc2)nc1Nc1c(C)cc(C)cc1C,8.602059991327963
C#Cc1cnc(Nc2ccc(C#N)cc2)nc1Nc1c(C)cc(C)cc1C,8.3767507096021
Cc1cc(C#N)cc(C)c1Nc1nc(Nc2ccc(C#N)cc2)ncc1Br,9.397940008672037
Cc1cc(C#N)cc(C)c1Nc1nc(Nc2ccc(C#N)cc2)ncc1Cl,8.920818753952375
N#Cc1ccc(Nc2cc(N)nc(Cc3c(Cl)cccc3Cl)n2)cc1,6.3448615651886175
N#Cc1ccc(Nc2cc(Cc3c(Cl)cccc3Cl)nc(N)n2)cc1,8.0
N#Cc1ccc(Nc2nc(N)cc(Cc3c(Cl)cccc3Cl)n2)cc1,9.0
N#Cc1ccc(Nc2nc(N)nc(Cc3c(Cl)cccc3Cl)n2)cc1,8.221848749616356
O=c1cc(Sc2ccccc2)[nH]c(=O)n1O,7.795880017344075
Cc1ccc(Sc2cc(=O)n(O)c(=O)[nH]2)cc1,7.481486060122112
CCc1ccc(Sc2cc(=O)n(O)c(=O)[nH]2)cc1,8.0
CCc1ccccc1Sc1cc(=O)n(O)c(=O)[nH]1,8.0
O=c1cc(Sc2ccc(C(F)(F)F)cc2)[nH]c(=O)n1O,7.508638306165727
O=c1cc(Sc2cccc(C(F)(F)F)c2)[nH]c(=O)n1O,7.886056647693163
O=c1cc(Sc2ccccc2C(F)(F)F)[nH]c(=O)n1O,7.920818753952375
O=c1cc(Sc2ccc(F)cc2)[nH]c(=O)n1O,7.431798275933005
O=c1cc(Sc2cccc(F)c2)[nH]c(=O)n1O,7.853871964321762
O=c1cc(Sc2ccccc2F)[nH]c(=O)n1O,7.823908740944319
O=c1cc(Sc2ccc(Cl)cc2)[nH]c(=O)n1O,7.920818753952375
O=c1cc(Sc2cccc(Cl)c2)[nH]c(=O)n1O,7.958607314841775
O=c1cc(Sc2ccc(Br)cc2)[nH]c(=O)n1O,8.0
O=c1cc(Sc2cccc(Br)c2)[nH]c(=O)n1O,7.958607314841775
O=c1cc(Sc2ccccc2Br)[nH]c(=O)n1O,8.096910013008056
O=c1cc(Sc2ccc([N+](=O)[O-])cc2)[nH]c(=O)n1O,7.920818753952375
O=c1cc(Sc2ccc(O)cc2)[nH]c(=O)n1O,7.958607314841775
COc1ccc(Sc2cc(=O)n(O)c(=O)[nH]2)cc1,7.920818753952375
COc1cccc(Sc2cc(=O)n(O)c(=O)[nH]2)c1,7.886056647693163
COc1ccccc1Sc1cc(=O)n(O)c(=O)[nH]1,7.769551078621726
O=c1cc(Sc2cccc3ccccc23)[nH]c(=O)n1O,8.154901959985743
O=c1cc(Sc2ccc(-c3ccccc3)cc2)[nH]c(=O)n1O,7.045757490560675
Cc1ccc(-c2ccc(Sc3cc(=O)n(O)c(=O)[nH]3)cc2)cc1,8.221848749616356
O=c1cc(Sc2ccc(-c3ccc(C(F)(F)F)cc3)cc2)[nH]c(=O)n1O,7.4089353929735005
O=c1cc(Sc2ccc(-c3cccc(C(F)(F)F)c3)cc2)[nH]c(=O)n1O,8.096910013008056
O=c1cc(Sc2ccc(-c3ccc(F)cc3)cc2)[nH]c(=O)n1O,8.221848749616356
O=c1cc(Sc2ccc(-c3cccc(F)c3)cc2)[nH]c(=O)n1O,8.301029995663981
O=c1cc(Sc2ccc(-c3ccc(Cl)cc3)cc2)[nH]c(=O)n1O,8.154901959985743
O=c1cc(Sc2ccc(-c3ccc(O)cc3)cc2)[nH]c(=O)n1O,8.397940008672037
COc1ccc(-c2ccc(Sc3cc(=O)n(O)c(=O)[nH]3)cc2)cc1,8.221848749616356
COc1cccc(-c2ccc(Sc3cc(=O)n(O)c(=O)[nH]3)cc2)c1,8.301029995663981
COc1ccc(-c2ccc(Sc3cc(=O)n(O)c(=O)[nH]3)cc2)cc1OC,8.397940008672037
COc1cc(OC)cc(-c2ccc(Sc3cc(=O)n(O)c(=O)[nH]3)cc2)c1,8.221848749616356
Cc1cc(-c2ccc(Sc3cc(=O)n(O)c(=O)[nH]3)cc2)ccc1F,8.301029995663981
COc1ccc(-c2ccc(Sc3cc(=O)n(O)c(=O)[nH]3)cc2)cc1F,8.397940008672037
O=c1cc(Sc2cccc(-c3ccc(C(F)(F)F)cc3)c2)[nH]c(=O)n1O,8.154901959985743
O=c1cc(Sc2cccc(-c3cccc(C(F)(F)F)c3)c2)[nH]c(=O)n1O,8.154901959985743
O=c1cc(Sc2cccc(-c3ccc(F)cc3)c2)[nH]c(=O)n1O,8.301029995663981
O=c1cc(Sc2cccc(-c3cccc(F)c3)c2)[nH]c(=O)n1O,8.221848749616356
O=c1cc(Sc2cccc(-c3ccc(Cl)cc3)c2)[nH]c(=O)n1O,8.301029995663981
O=c1cc(Sc2cccc(-c3ccc(F)c(Cl)c3)c2)[nH]c(=O)n1O,8.301029995663981
O=c1cc(Sc2ccccc2-c2ccc(C(F)(F)F)cc2)[nH]c(=O)n1O,7.886056647693163
O=c1cc(Sc2ccccc2-c2ccc(F)cc2)[nH]c(=O)n1O,7.920818753952375
O=c1[nH]c(Sc2ccc(Br)cc2)c(Br)c(=O)n1O,7.154901959985743
O=c1[nH]c(Sc2ccc(Br)cc2)c(I)c(=O)n1O,6.920818753952375
COc1cccc(-c2ccc(Nc3cc(=O)n(O)c(=O)[nH]3)cc2)c1,6.823908740944319
O=c1nc(Nc2ccc(-c3cnc4ccccc4c3)cc2)c2cccnc2n1O,6.154901959985743
Cc1nnc(C(=O)NC(C)(C)c2nc(C(=O)NCc3ccc(F)cc3)c(O)c(=O)n2C)o1,5.0
C[C@@H]1CCO[C@H]2Cn3cc(C(=O)NCc4ccc(F)cc4F)c(=O)c(O)c3C(=O)N12,5.0
CC(C)c1c(Cc2ccccc2)n(COCc2ccc(F)cc2F)c(=O)n(O)c1=O,5.7447274948966935
CC(C)c1c(Cc2ccccc2)n(COCc2cccc(Cl)c2F)c(=O)n(O)c1=O,6.045757490560675
CC(C)c1c(Cc2ccccc2)n(COCCCCc2ccc(F)cc2)c(=O)n(O)c1=O,5.7447274948966935
CC(C)c1c(Cc2ccccc2)n(COCCc2ccc(F)cc2)c(=O)n(O)c1=O,5.552841968657781
CC(C)c1c(Cc2ccc(F)cc2)n(COCc2ccc(F)cc2)c(=O)n(O)c1=O,5.207608310501746
CC(C)c1c(Cc2ccccc2)n(COCc2ccc(F)cc2)c(=O)n(O)c1=O,5.6777807052660805
CC(C)c1c(Cc2ccccc2)n(COCc2ccccc2)c(=O)n(O)c1=O,5.6020599913279625
CCOCn1c(Cc2ccc(F)cc2)c(C(C)C)c(=O)n(O)c1=O,4.6020599913279625
CCOCn1c(Cc2ccccc2)c(C(C)C)c(=O)n(O)c1=O,5.167491087293763
O=c1cc(Nc2cccc(-c3ccc(Cl)cc3)c2)[nH]c(=O)n1O,6.657577319177793
O=c1cc(Nc2ccc(-c3ccccc3)cc2)[nH]c(=O)n1O,6.6020599913279625
O=c1cc(Cc2cccc(Br)c2)[nH]c(=O)n1O,7.886056647693163
O=c1cc(Cc2ccc(Br)cc2)[nH]c(=O)n1O,7.958607314841775
Cc1cc(-c2cccc(Cc3cc(=O)n(O)c(=O)[nH]3)c2)ccc1F,8.05551732784983
COc1ccc(-c2cccc(Cc3cc(=O)n(O)c(=O)[nH]3)c2)cc1F,8.113509274827518
O=c1cc(Cc2cccc(-c3cc(Cl)cc(C(F)(F)F)c3)c2)[nH]c(=O)n1O,7.42021640338319
O=c1cc(Cc2cccc(-c3cccc(Cl)c3)c2)[nH]c(=O)n1O,7.698970004336019
O=c1cc(Cc2cccc(-c3ccc(Cl)cc3)c2)[nH]c(=O)n1O,7.920818753952375
O=c1cc(Cc2cccc(-c3cccc(F)c3)c2)[nH]c(=O)n1O,7.7447274948966935
O=c1cc(Cc2cccc(-c3cccc(C(F)(F)F)c3)c2)[nH]c(=O)n1O,7.431798275933005
O=c1cc(Cc2cccc(-c3ccccc3)c2)[nH]c(=O)n1O,7.795880017344075
Cc1cc(-c2ccc(Cc3cc(=O)n(O)c(=O)[nH]3)cc2)ccc1F,7.958607314841775
COc1ccc(-c2ccc(Cc3cc(=O)n(O)c(=O)[nH]3)cc2)cc1F,8.119186407719209
O=c1cc(Cc2ccc(-c3cc(Cl)cc(C(F)(F)F)c3)cc2)[nH]c(=O)n1O,7.823908740944319
O=c1cc(Cc2ccc(-c3ccc(Cl)c(F)c3)cc2)[nH]c(=O)n1O,8.0268721464003
O=c1cc(Cc2ccc(-c3ccc(Cl)cc3Cl)cc2)[nH]c(=O)n1O,8.036212172654444
O=c1cc(Cc2ccc(-c3ccc(F)cc3F)cc2)[nH]c(=O)n1O,7.823908740944319
O=c1cc(Cc2ccc(-c3ccc(C(F)(F)F)cc3C(F)(F)F)cc2)[nH]c(=O)n1O,7.070581074285707
O=c1cc(Cc2ccc(-c3cccc(Cl)c3)cc2)[nH]c(=O)n1O,7.795880017344075
O=c1cc(Cc2ccc(-c3cccc(F)c3)cc2)[nH]c(=O)n1O,7.552841968657781
O=c1cc(Cc2ccc(-c3cccc(C(F)(F)F)c3)cc2)[nH]c(=O)n1O,7.6020599913279625
O=c1cc(Cc2ccc(-c3ccc(C(F)(F)F)cc3)cc2)[nH]c(=O)n1O,7.327902142064283
O=c1cc(Cc2ccc(-c3ccccc3)cc2)[nH]c(=O)n1O,7.795880017344075
CCOCn1c(Cc2ccc(-c3ccc(Cl)c(F)c3)cc2)cc(=O)n(O)c1=O,6.366531544420414
CCOCn1c(Cc2ccc(-c3ccc(C(F)(F)F)cc3)cc2)cc(=O)n(O)c1=O,5.6777807052660805
CCOCn1c(Cc2ccc(-c3ccccc3)cc2)cc(=O)n(O)c1=O,5.301029995663981
CCOCn1c(Cc2ccc(-c3ccc(C#N)cc3)cc2)c(C)c(=O)n(O)c1=O,5.2839966563652006
CCOCn1c(Cc2ccc(-c3cc(OC)cc(OC)c3)cc2)c(C)c(=O)n(O)c1=O,5.173925197299174
CC(C)c1c(Cc2ccc(F)cc2)n(Cc2ccccc2)c(=O)n(O)c1=O,5.0
CC(C)c1c(Cc2ccccc2)n(Cc2ccccc2)c(=O)n(O)c1=O,4.823908740944319
CC(C)c1c(Cc2ccc(F)cc2)n(Cc2ccc(F)cc2)c(=O)n(O)c1=O,4.886056647693163
CC(C)c1c(Cc2ccccc2)n(CCc2ccc(F)cc2)c(=O)n(O)c1=O,5.180456064458132
CC(C)c1c(Cc2ccccc2)n(CCCc2ccc(F)cc2)c(=O)n(O)c1=O,5.42021640338319
CC(C)c1c(Cc2ccccc2)n(CCCCc2ccc(F)cc2)c(=O)n(O)c1=O,6.045757490560675
CC(C)c1c(Cc2ccccc2)n(COCc2ccc(F)cc2)c(=O)n(C)c1=O,5.154901959985743
COn1c(=O)c(C(C)C)c(Cc2ccccc2)n(COCc2ccc(F)cc2)c1=O,4.958607314841775
CCc1c(Cc2ccccc2)c(=O)n(O)c(=O)n1COCc1ccc(F)cc1,4.823908740944319
CCc1c(-c2ccc(F)cc2)n(COCc2ccc(F)cc2)c(=O)n(O)c1=O,4.769551078621726
CCOCn1c(Cc2ccc(-c3ccccc3)cc2)c(C)c(=O)n(O)c1=O,5.207608310501746
COc1cc2nc(Nc3ccc(C#N)cc3)nc(Nc3c(C)cc(/C=C/C#N)cc3C)c2cc1OC,6.259637310505756
COc1cc2nc(Nc3ccc(C#N)cc3)nc(Nc3c(Cl)cc(/C=C/C#N)cc3Cl)c2cc1OC,7.337242168318426
COc1cc2nc(SCC(=O)Nc3ccc(C#N)cc3)nc(Nc3c(C)cc(/C=C/C#N)cc3C)c2cc1OC,5.440093374963888
COc1cc2nc(SCC(=O)Nc3ccc([N+](=O)[O-])cc3)nc(Nc3c(C)cc(/C=C/C#N)cc3C)c2cc1OC,5.3979400086720375
Cc1ccnc2c1NC(=O)c1cccnc1N2C1CC1,6.494850021680094
O=C1Nc2ccc(Cl)cc2[C@@](C#CC2CC2)(C(F)(F)F)O1,6.585026652029182
Cc1cc(C#N)cc(C)c1Oc1nc(Nc2ccc(C#N)cc2)nc(N)c1Br,6.1249387366083
COc1cc2nc([S+]([O-])CC(=O)Nc3ccc(C#N)cc3)nc(Nc3c(C)cc(/C=C/C#N)cc3C)c2cc1OC,8.244125144327509
COc1cc2nc([S+]([O-])CC(=O)Nc3ccc([N+](=O)[O-])cc3)nc(Nc3c(C)cc(/C=C/C#N)cc3C)c2cc1OC,7.958607314841775
CS(=O)(=O)c1ccc(NC(=O)Cn2ccc(C(F)(F)F)c(Oc3cc(Cl)cc(C#N)c3)c2=O)cc1,6.0
N#Cc1cc(Cl)cc(Oc2c(C(F)(F)F)ccn(CC(=O)Nc3ccc(Br)cc3)c2=O)c1,4.0338582672609675
N#Cc1cc(Cl)cc(Oc2c(C(F)(F)F)ccn(CC(=O)Nc3ccc(F)cc3)c2=O)c1,4.142667503568732
N#Cc1cc(Cl)cc(Oc2c(C(F)(F)F)ccn(CC(=O)Nc3ccc(C(F)(F)F)cc3)c2=O)c1,4.521433504406157
N#Cc1cc(Cl)cc(Oc2c(C(F)(F)F)ccn(CC(=O)Nc3ccc([N+](=O)[O-])cc3)c2=O)c1,5.896196279044043
N#Cc1cc(Cl)cc(Oc2c(C(F)(F)F)ccn(CC(=O)Nc3cnccn3)c2=O)c1,4.1979107421182675
N#Cc1cc(Cl)cc(Oc2c(C(F)(F)F)ccn(CC(=O)Nc3cccnc3)c2=O)c1,3.876148359032914
N#Cc1cc(Cl)cc(Oc2c(C(F)(F)F)ccn(CC(=O)Nc3ccncc3)c2=O)c1,4.488116639021126
N#Cc1cc(Cl)cc(Oc2c(C(F)(F)F)ccn(CC(=O)Nc3cn[nH]c3)c2=O)c1,5.903089986991944
N#Cc1cc(Cl)cc(Oc2c(C(F)(F)F)ccn(CC(=O)Nc3ccn[nH]3)c2=O)c1,4.7121982700697735
N#Cc1cc(Cl)cc(Oc2c(C(F)(F)F)ccn(CC(=O)Nc3ncn[nH]3)c2=O)c1,6.282329496997738
CC(C)OC(=O)OCn1nc(Cn2ccc(C(F)(F)F)c(Oc3cc(Cl)cc(C#N)c3)c2=O)n(C)c1=O,5.675717544702307
Cn1c(Cn2ccc(C(F)(F)F)c(Oc3cc(Cl)cc(C#N)c3)c2=O)nn(COP(=O)(O)O)c1=O,6.031517051446065
Cn1c(Cn2ccc(C(F)(F)F)c(Oc3cc(Cl)cc(C#N)c3)c2=O)n[nH]c1=O,7.721246399047171
Cc1ccnc2c1NC(=O)c1cccnc1N2C1CC1,6.22548303427145
O=C1Nc2ccc(Cl)cc2[C@@](C#CC2CC2)(C(F)(F)F)O1,8.154901959985743
Cn1c(=O)[nH]c2cccc(Oc3cc(Cl)cc(C#N)c3)c21,7.5376020021010435
CCn1c(=O)[nH]c2cccc(Oc3cc(Cl)cc(C#N)c3)c21,7.2839966563652006
CCn1c(=O)[nH]c2cccc(Oc3cc(Cl)cc(C#N)c3)c21,6.3819519032879075
CCn1c(=O)[nH]c2cccc(Oc3cc(Cl)cc(C#N)c3)c21,8.154901959985743
CCn1c(=O)[nH]c2cccc(Oc3cc(Cl)cc(C#N)c3)c21,6.899629454882437
CCn1c(=O)[nH]c2cccc(Oc3cc(Cl)cc(C#N)c3)c21,6.533132379645891
CCn1c(=O)[nH]c2cccc(Oc3cc(Cl)cc(C#N)c3)c21,7.7447274948966935
CCn1c(=O)[nH]c2cccc(Oc3cc(Cl)cc(C#N)c3)c21,6.954677021213342
CCn1c(=O)[nH]c2cccc(Oc3cc(Cl)cc(C#N)c3)c21,7.585026652029182
CCn1c(=O)[nH]c2cccc(Oc3cc(C)cc(C)c3)c21,6.518557371497695
CCn1c(=O)[nH]c2cccc(Oc3ccccc3)c21,5.411168274405793
CCC(c1ccccc1)n1c(=O)[nH]c2ccc(Cl)cc21,6.698970004336019
CCC(c1ccccc1)n1c(=O)[nH]c2ccc(Cl)cc21,6.698970004336019
CCC(c1ccccc1)n1c(=O)[nH]c2ccc(Cl)cc21,7.443697499232712
CCOC(=O)c1[nH]c2ccc(Cl)cc2c1C(SC)c1cc(C)cc(C)c1,7.221848749616356
CCOC(=O)c1[nH]c2ccc(Cl)cc2c1C(SC)c1ccccc1,7.4089353929735005
CCOC(=O)c1[nH]c2ccc(Cl)cc2c1C(OC)c1cc(C)cc(C)c1,7.468521082957745
CCOC(=O)c1[nH]c2ccc(Cl)cc2c1C(OC)c1ccccc1,7.795880017344075
Cn1c(=O)[nH]c2cccc(Oc3cc(Cl)cc(C#N)c3)c21,6.899629454882437
Cn1c(=O)[nH]c2cccc(Oc3cc(Cl)cc(C#N)c3)c21,7.259637310505756
Cn1c(=O)[nH]c2cccc(Oc3cc(Cl)cc(C#N)c3)c21,6.306273051076353
Cn1c(=O)[nH]c2cccc(Oc3cc(Cl)cc(C#N)c3)c21,6.97061622231479
Cn1c(=O)[nH]c2cccc(Oc3cc(Cl)cc(C#N)c3)c21,6.627087997029894
Cn1c(=O)[nH]c2cccc(Oc3cc(Cl)cc(C#N)c3)c21,7.130768280269024
CCCn1c(=O)[nH]c2cccc(Oc3cc(Cl)cc(C#N)c3)c21,7.301029995663981
CCn1c(=O)[nH]c2cccc(Oc3cc(C#N)cc(C#N)c3)c21,7.200659450546418
CCn1c(=O)[nH]c2cccc(Oc3cccc4ccccc34)c21,5.6439741428068775
CCn1c(=O)[nH]c2cccc(Oc3ccnc(Cl)c3)c21,4.355561410532162
CCn1c(=O)[nH]c2cccc(Oc3ccnc(C#N)c3)c21,4.876148359032914
CCn1c(=O)[nH]c2cccc(Oc3cc(C#N)ccn3)c21,5.866461091629782
Cc1ccnc2c1NC(=O)c1cccnc1N2C1CC1,6.978810700930062
CCn1c(=O)[nH]c2cccc(Oc3cc(C#N)cc(/C=C/C#N)c3)c21,7.309803919971486
CCn1c(=O)[nH]c2cccc(Oc3cc(C#N)cc(/C=C/C#N)c3)c21,6.779891911959945
CCn1c(=O)[nH]c2cccc(Oc3cc(C#N)cc(/C=C/C#N)c3)c21,7.136677139879544
CCn1c(=O)[nH]c2cccc(Oc3cc(C#N)cc(/C=C/C#N)c3)c21,6.033389013318065
CCn1c(=O)[nH]c2cccc(Oc3cc(C#N)cc(/C=C/C#N)c3)c21,6.423658649794207
CCn1c(=O)[nH]c2cccc(Oc3cc(C#N)cc(/C=C/C#N)c3)c21,7.853871964321762
CCn1c(=O)[nH]c2cccc(Oc3cc(C#N)cc(/C=C/C#N)c3)c21,6.329754146925876
CCn1c(=O)[nH]c2cccc(Oc3cc(C#N)cc(/C=C/C#N)c3)c21,7.292429823902063
CC1(C)OC(=O)Nc2cccc(Oc3cc(Cl)cc(C#N)c3)c21,7.6777807052660805
CC1(C)OC(=O)Nc2cccc(Oc3cc(Cl)cc(C#N)c3)c21,6.09799710864927
CC1(C)OC(=O)Nc2cccc(Oc3cc(Cl)cc(C#N)c3)c21,7.552841968657781
CC1(C)OC(=O)Nc2cccc(Oc3cc(Cl)cc(C#N)c3)c21,6.200659450546418
CC1(C)OC(=O)Nc2cccc(Oc3cc(Cl)cc(C#N)c3)c21,5.559248299520815
CC1(C)OC(=O)Nc2cccc(Oc3cc(Cl)cc(C#N)c3)c21,8.154901959985743
CC1(C)OC(=O)Nc2cccc(Oc3cc(Cl)cc(C#N)c3)c21,5.939302159646388
CC1(C)OC(=O)Nc2cccc(Oc3cc(Cl)cc(C#N)c3)c21,6.048662481204082
CC(C)Oc1ccc2cccnc2c1-c1cccc2ccccc12,4.0
CC(C)Oc1ccc2cccnc2c1-c1cccc2cccnc12,4.0
Cc1cc(/C=C/C#N)cc(C)c1Nc1ccnc(Nc2ccc(C#N)cc2)n1,9.0
CC(C)Oc1ccc2cccnc2c1-c1cccc2ccccc12,4.329754146925876
CC(C)Oc1ccc2cccnc2c1-c1cccc2cccnc12,4.0
NC(=O)c1c(N)sc2c1CCCCC2,4.55129368009492
Cc1cc(/C=C/C#N)cc(C)c1Nc1ccnc(Nc2ccc(C#N)cc2)n1,5.0
Cc1cc(-c2ccc(C#N)cc2)ccc1Oc1ccnc(Nc2ccc(C#N)cc2)n1,8.259637310505756
COc1cc(-c2ccc(C#N)cc2)ccc1Oc1ccnc(Nc2ccc(C#N)cc2)n1,8.031517051446064
N#Cc1ccc(Nc2nccc(Oc3ccc(-c4ccc(C#N)cc4)cc3F)n2)cc1,8.431798275933005
N#Cc1ccc(Nc2nccc(Oc3ccc(-c4ccc(C#N)cc4)cc3Cl)n2)cc1,8.080921907623926
Cc1cc(-c2ccc(C#N)cc2)ccc1Nc1ccnc(Nc2ccc(C#N)cc2)n1,8.207608310501746
COc1cc(-c2ccc(C#N)cc2)ccc1Nc1ccnc(Nc2ccc(C#N)cc2)n1,8.221848749616356
Cc1cc(-c2ccc(C#N)cc2)cc(Cl)c1Oc1ccnc(Nc2ccc(C#N)cc2)n1,7.966576244513051
Cc1cc(-c2ccc(C#N)cc2)c(Cl)cc1Oc1ccnc(Nc2ccc(C#N)cc2)n1,7.72584215073632
N#Cc1ccc(Nc2nccc(Oc3c(F)cc(-c4ccc(C#N)cc4)cc3F)n2)cc1,7.87942606879415
Cc1cc(-c2ccc(C#N)cc2F)ccc1Oc1ccnc(Nc2ccc(C#N)cc2)n1,8.060480747381382
N#Cc1ccc(Nc2nccc(Nc3c(F)cc(-c4ccc(C#N)cc4)cc3F)n2)cc1,8.327902142064282
Cc1ccnc2c1NC(=O)c1cccnc1N2C1CC1,6.393618634889395
O=C1Nc2ccc(Cl)cc2[C@@](C#CC2CC2)(C(F)(F)F)O1,7.522878745280337
Cc1cc(C#N)cc(C)c1Oc1nc(Nc2ccc(C#N)cc2)nc(N)c1Br,7.958607314841775
Cc1cc(/C=C/C#N)cc(C)c1Oc1nc(NC2CCN(Cc3ccc(S(N)(=O)=O)cc3)CC2)nc2sccc12,6.943095148663527
Cc1cc(/C=C/C#N)cc(C)c1Oc1nc(NC2CCN(Cc3ccc(S(N)(=O)=O)cc3)CC2)nc2ccsc12,6.995678626217358
Cc1cc(C#N)cc(C)c1Oc1nc(Nc2ccc(C#N)cc2)nc(N)c1Br,7.920818753952375
Cc1cc(/C=C/C#N)cc(C)c1Nc1ccnc(Nc2ccc(C#N)cc2)n1,7.823908740944319
Cc1cc(C#N)cc(C)c1Oc1nc(NC2CCN(Cc3ccc(S(N)(=O)=O)cc3)CC2)nc2ccsc12,7.119186407719209
Cc1cc(/C=C/C#N)cc(C)c1Oc1nc(NC2CCN(Cc3ccc(S(N)(=O)=O)cc3)CC2)nc2sccc12,6.642065152999546
Cc1cc(/C=C/C#N)cc(C)c1Oc1nc(NC2CCN(Cc3ccc(S(N)(=O)=O)cc3)CC2)nc2ccsc12,7.00436480540245
Cc1cc(C#N)cc(C)c1Oc1nc(Nc2ccc(C#N)cc2)nc(N)c1Br,7.886056647693163
Cc1cc(/C=C/C#N)cc(C)c1Nc1ccnc(Nc2ccc(C#N)cc2)n1,7.619788758288394
Cc1cc(C#N)cc(C)c1Oc1nc(NC2CCN(Cc3ccc(S(N)(=O)=O)cc3)CC2)nc2ccsc12,7.036212172654444
Cc1cc(/C=C/C#N)cc(C)c1Oc1nc(NC2CCN(Cc3ccc(S(N)(=O)=O)cc3)CC2)nc2sccc12,6.653647025549361
Cc1cc(/C=C/C#N)cc(C)c1Oc1nc(NC2CCN(Cc3ccc(S(N)(=O)=O)cc3)CC2)nc2ccsc12,6.718966632752273
Cc1cc(C#N)cc(C)c1Oc1nc(Nc2ccc(C#N)cc2)nc(N)c1Br,7.6020599913279625
Cc1cc(/C=C/C#N)cc(C)c1Nc1ccnc(Nc2ccc(C#N)cc2)n1,7.568636235841013
Cc1cc(C#N)cc(C)c1Oc1nc(NC2CCN(Cc3ccc(S(N)(=O)=O)cc3)CC2)nc2ccsc12,6.790484985457369
Cc1cc(/C=C/C#N)cc(C)c1Oc1nc(NC2CCN(Cc3ccc(S(N)(=O)=O)cc3)CC2)nc2sccc12,6.85078088734462
Cc1cc(/C=C/C#N)cc(C)c1Oc1nc(NC2CCN(Cc3ccc(S(N)(=O)=O)cc3)CC2)nc2ccsc12,6.826813731587726
Cc1cc(C#N)cc(C)c1Oc1nc(Nc2ccc(C#N)cc2)nc(N)c1Br,7.769551078621726
Cc1cc(/C=C/C#N)cc(C)c1Nc1ccnc(Nc2ccc(C#N)cc2)n1,7.6777807052660805
Cc1cc(C#N)cc(C)c1Oc1nc(NC2CCN(Cc3ccc(S(N)(=O)=O)cc3)CC2)nc2ccsc12,6.899629454882437
Cc1cc(/C=C/C#N)cc(C)c1Oc1nc(NC2CCN(Cc3ccc(S(N)(=O)=O)cc3)CC2)nc2sccc12,6.3448615651886175
Cc1cc(/C=C/C#N)cc(C)c1Oc1nc(NC2CCN(Cc3ccc(S(N)(=O)=O)cc3)CC2)nc2ccsc12,6.521433504406157
Cc1cc(C#N)cc(C)c1Oc1nc(Nc2ccc(C#N)cc2)nc(N)c1Br,7.337242168318426
Cc1cc(/C=C/C#N)cc(C)c1Nc1ccnc(Nc2ccc(C#N)cc2)n1,7.075720713938118
Cc1cc(C#N)cc(C)c1Oc1nc(NC2CCN(Cc3ccc(S(N)(=O)=O)cc3)CC2)nc2ccsc12,6.667561540084395
Cc1cc(/C=C/C#N)cc(C)c1Oc1nc(NC2CCN(Cc3ccc(S(N)(=O)=O)cc3)CC2)nc2sccc12,6.42712839779952
Cc1cc(/C=C/C#N)cc(C)c1Oc1nc(NC2CCN(Cc3ccc(S(N)(=O)=O)cc3)CC2)nc2ccsc12,6.455931955649724
Cc1cc(C#N)cc(C)c1Oc1nc(Nc2ccc(C#N)cc2)nc(N)c1Br,7.494850021680094
Cc1cc(/C=C/C#N)cc(C)c1Nc1ccnc(Nc2ccc(C#N)cc2)n1,7.3872161432802645
Cc1cc(C#N)cc(C)c1Oc1nc(NC2CCN(Cc3ccc(S(N)(=O)=O)cc3)CC2)nc2ccsc12,6.698970004336019
Cc1cc(/C=C/C#N)cc(C)c1Oc1nc(NC2CCN(Cc3ccc(S(N)(=O)=O)cc3)CC2)nc2sccc12,6.886056647693163
Cc1cc(/C=C/C#N)cc(C)c1Oc1nc(NC2CCN(Cc3ccc(S(N)(=O)=O)cc3)CC2)nc2ccsc12,6.97469413473523
Cc1cc(C#N)cc(C)c1Oc1nc(Nc2ccc(C#N)cc2)nc(N)c1Br,8.096910013008056
Cc1cc(/C=C/C#N)cc(C)c1Nc1ccnc(Nc2ccc(C#N)cc2)n1,7.823908740944319
Cc1cc(C#N)cc(C)c1Oc1nc(NC2CCN(Cc3ccc(S(N)(=O)=O)cc3)CC2)nc2ccsc12,6.653647025549361
Cc1cc(/C=C/C#N)cc(C)c1Oc1nc(NC2CCN(Cc3ccc(S(N)(=O)=O)cc3)CC2)nc2sccc12,6.920818753952375
Cc1cc(/C=C/C#N)cc(C)c1Oc1nc(NC2CCN(Cc3ccc(S(N)(=O)=O)cc3)CC2)nc2ccsc12,6.97061622231479
Cc1cc(C#N)cc(C)c1Oc1nc(Nc2ccc(C#N)cc2)nc(N)c1Br,7.721246399047171
Cc1cc(/C=C/C#N)cc(C)c1Nc1ccnc(Nc2ccc(C#N)cc2)n1,7.638272163982407
Cc1cc(C#N)cc(C)c1Oc1nc(NC2CCN(Cc3ccc(S(N)(=O)=O)cc3)CC2)nc2ccsc12,7.1487416512809245
Cc1cc(C)cc(S(=O)(=O)c2c(C(=O)N[C@@H]3CCN(CC(N)=O)C3)[nH]c3ccc(Cl)cc23)c1,5.826813731587726
Cc1cc(C)cc(S(=O)(=O)c2c(C(=O)N[C@H]3CCN(S(C)(=O)=O)C3)[nH]c3ccc(Cl)cc23)c1,6.214670164989233
Cc1cc(C)cc(S(=O)(=O)c2c(C(N)=O)[nH]c3ccc(Cl)cc23)c1,6.251811972993799
Cc1ccnc2c1NC(=O)c1cccnc1N2C1CC1,6.229147988357855
O=C1Nc2ccc(Cl)cc2[C@@](C#CC2CC2)(C(F)(F)F)O1,7.853871964321762
Cc1ccc2oc(=O)c3c(O)cc(=O)oc3c2c1,4.782516055786093
Cc1ccc2c(c1)oc(=O)c1c(O)cc(=O)oc12,4.0
Cc1cccc2c1oc(=O)c1c(O)cc(=O)oc12,4.525783735923745
O=c1cc(O)c2c(=O)oc3ccc4ccccc4c3c2o1,4.212539525481585
O=c1cc(O)c2c(=O)oc3c4ccccc4ccc3c2o1,4.607303046740334
CC(=O)c1c(O)c2c(=O)oc3ccccc3c2oc1=O,4.579879151914297
CC(=O)c1c(O)c2c(=O)oc3ccc(C)cc3c2oc1=O,5.170696227168975
CC(=O)c1c(O)c2c(=O)oc3cc(C)ccc3c2oc1=O,4.0
CC(=O)c1c(O)c2c(=O)oc3c(C)cccc3c2oc1=O,4.5934598195660445
CC(=O)CC(=O)c1c(O)c2c(=O)oc3ccccc3c2oc1=O,4.066512712151295
CC(=O)CC(=O)c1c(O)c2c(=O)oc3ccc4ccccc4c3c2oc1=O,4.860120913598763
CC(=O)CC(=O)c1c(O)c2c(=O)oc3c4ccccc4ccc3c2oc1=O,4.29073003902417
Cc1cc(=O)c2c(=O)oc3c4ccccc4oc(=O)c3c2o1,4.774690718274137
O=C(c1ccccc1)c1ccc2c(c1)N=CCC(c1c(O)c3c(=O)oc4ccccc4c3oc1=O)=N2,4.4156687756324695
Cc1ccc2oc(=O)c3cc(C4=Nc5ccc(C(=O)c6ccccc6)cc5N=CC4)c(=O)oc3c2c1,4.367542707815276
Cc1cc(-c2c(O)c3c(=O)oc4ccccc4c3oc2=O)nn1-c1ccccc1,4.285670240254767
CCOC(=O)C(=O)CC(=O)/C=C/c1cccn1Cc1ccc(F)cc1,4.950781977329818
COP(=O)(c1cc(C)cc(/C=C/C#N)c1)c1c(C(N)=O)[nH]c2ccc(Cl)cc12,4.958607314841775
CCCCC(O)(c1c(NC(=O)OCC)[nH]c2ccc(Br)cc12)C(F)(F)F,5.713992877920526
Cc1cc(C#N)cc(C)c1Oc1nc(NC2CCN(Cc3ccc(S(N)(=O)=O)cc3)CC2)nc2c1SCC2,7.130768280269024
Cc1cc(C#N)cc(C)c1Oc1nc(NC2CCN(Cc3ccc(C(N)=O)cc3)CC2)nc2c1SCC2,7.180456064458132
Cc1cc(C#N)cc(C)c1Oc1nc(NC2CCN(Cc3ccc(S(C)(=O)=O)cc3)CC2)nc2c1SCC2,6.886056647693163
Cc1cc(C#N)cc(C)c1Oc1nc(NC2CCN(Cc3ccncc3)CC2)nc2c1SCC2,6.950781977329818
Cc1cc(C#N)cc(C)c1Oc1nc(NC2CCN(Cc3ccc([N+](=O)[O-])cc3)CC2)nc2c1SCC2,6.756961951313706
Cc1cc(C#N)cc(C)c1Oc1nc(NC2CCN(Cc3cccc(C(N)=O)c3)CC2)nc2c1SCC2,7.026872146400302
Cc1cc(C#N)cc(C)c1Oc1nc(NC2CCN(Cc3ccc(S(N)(=O)=O)cc3)CC2)nc2c1CSC2,6.3872161432802645
Cc1cc(C#N)cc(C)c1Oc1nc(NC2CCN(Cc3ccc(S(C)(=O)=O)cc3)CC2)nc2c1CSC2,7.040958607678906
Cc1cc(C#N)cc(C)c1Oc1nc(NC2CCN(Cc3ccc([N+](=O)[O-])cc3)CC2)nc2c1CSC2,6.889410289700751
Cc1cc(C#N)cc(C)c1Oc1nc(NC2CCN(Cc3ccc(N)cc3)CC2)nc2c1CSC2,6.939302159646388
Cc1cc(C#N)cc(C)c1Oc1nc(NC2CCN(Cc3ccc(NS(C)(=O)=O)cc3)CC2)nc2c1CSC2,6.853871964321762
Cc1cc(C#N)cc(C)c1Oc1nc(NC2CCN(Cc3ccc(S(N)(=O)=O)cc3)CC2)nc2c1COC2,6.962573502059376
Cc1cc(C#N)cc(C)c1Oc1nc(NC2CCN(Cc3ccc(C(N)=O)cc3)CC2)nc2c1COC2,7.292429823902063
Cc1cc(C#N)cc(C)c1Oc1nc(NC2CCN(Cc3ccc(S(C)(=O)=O)cc3)CC2)nc2c1COC2,7.113509274827518
Cc1cc(C#N)cc(C)c1Oc1nc(NC2CCN(Cc3ccncc3)CC2)nc2c1COC2,7.251811972993799
Cc1cc(C#N)cc(C)c1Oc1nc(NC2CCN(Cc3ccc([N+](=O)[O-])cc3)CC2)nc2c1COC2,7.036212172654444
Cc1cc(C#N)cc(C)c1Oc1nc(NC2CCN(Cc3cccc(C(N)=O)c3)CC2)nc2c1COC2,7.040958607678906
Cc1cc(C#N)cc(C)c1Oc1nc(NC2CCN(Cc3ccc(S(N)(=O)=O)cc3)CC2)nc2c1CCC2,7.040958607678906
Cc1cc(C#N)cc(C)c1Oc1nc(NC2CCN(Cc3ccc(C(N)=O)cc3)CC2)nc2c1CCC2,7.136677139879544
Cc1cc(C#N)cc(C)c1Oc1nc(NC2CCN(Cc3ccc(S(C)(=O)=O)cc3)CC2)nc2c1CCC2,6.804100347590766
Cc1cc(C#N)cc(C)c1Oc1nc(NC2CCN(Cc3ccncc3)CC2)nc2c1CCC2,7.136677139879544
Cc1cc(C#N)cc(C)c1Oc1nc(NC2CCN(Cc3ccc([N+](=O)[O-])cc3)CC2)nc2c1CCC2,6.617982957425132
Cc1cc(C#N)cc(C)c1Oc1nc(NC2CCN(Cc3cccc(C(N)=O)c3)CC2)nc2c1CCC2,6.617982957425132
Cc1cc(C#N)cc(C)c1Oc1nc(NC2CCN(Cc3ccc(S(N)(=O)=O)cc3)CC2)nc2c1CCCC2,7.075720713938118
Cc1cc(C#N)cc(C)c1Oc1nc(NC2CCN(Cc3ccc(C(N)=O)cc3)CC2)nc2c1CCCC2,7.292429823902063
Cc1cc(C#N)cc(C)c1Oc1nc(NC2CCN(Cc3ccc(S(C)(=O)=O)cc3)CC2)nc2c1CCCC2,7.050609993355087
Cc1cc(C#N)cc(C)c1Oc1nc(NC2CCN(Cc3ccncc3)CC2)nc2c1CCCC2,7.142667503568732
Cc1cc(C#N)cc(C)c1Oc1nc(NC2CCN(Cc3ccc([N+](=O)[O-])cc3)CC2)nc2c1CCCC2,7.026872146400302
Cc1cc(C#N)cc(C)c1Oc1nc(NC2CCN(Cc3cccc(C(N)=O)c3)CC2)nc2c1CCCC2,6.995678626217358
Cc1cc(C#N)cc(C)c1Oc1nc(Nc2ccc(C#N)cc2)nc(N)c1Br,7.958607314841775
Cc1cc(C#N)cc(C)c1Oc1ccnc(Nc2ccc(CN3CCC(NC(=O)OC(C)(C)C)CC3)cc2)n1,6.384049948343599
Cc1cc(C#N)cc(C)c1Oc1ccnc(Nc2ccc(CNC3CCN(C(=O)OC(C)(C)C)CC3)cc2)n1,6.557520230935552
Cc1cc(C#N)cc(C)c1Oc1ccnc(Nc2ccc(CN3CCOCC3)cc2)n1,7.376750709602099
Cc1cc(C#N)cc(C)c1Oc1ccnc(Nc2ccc(CN3CCN(S(C)(=O)=O)CC3)cc2)n1,7.309803919971486
Cc1cc(C#N)cc(C)c1Oc1ccnc(Nc2ccc(CN3CCC(NS(C)(=O)=O)CC3)cc2)n1,7.102372908709558
Cc1cc(C#N)cc(C)c1Oc1ccnc(Nc2ccc(CN3CCC(NS(N)(=O)=O)CC3)cc2)n1,6.818156412055227
Cc1cc(/C=C/C#N)cc(C)c1Oc1ccnc(Nc2ccc(CN3CCN(C(=O)OC(C)(C)C)CC3)cc2)n1,6.527243550682788
Cc1cc(/C=C/C#N)cc(C)c1Oc1ccnc(Nc2ccc(CN3CCC(NC(=O)OC(C)(C)C)CC3)cc2)n1,6.30189945437661
Cc1cc(/C=C/C#N)cc(C)c1Oc1ccnc(Nc2ccc(CN3CCN(S(C)(=O)=O)CC3)cc2)n1,7.173925197299173
Cc1cc(/C=C/C#N)cc(C)c1Oc1ccnc(Nc2ccc(CN3CCC(NS(C)(=O)=O)CC3)cc2)n1,7.119186407719209
Cc1cc(C)c(Oc2nc(N)nc(Nc3ccc(CN4CCOCC4)cc3)n2)c(C)c1,6.354577730650908
Cc1ccnc2c1NC(=O)c1cccnc1N2C1CC1,6.22548303427145
O=C1Nc2ccc(Cl)cc2[C@@](C#CC2CC2)(C(F)(F)F)O1,8.154901959985743
Cc1cc(C#N)cc(C)c1Oc1nc(Nc2ccc(C#N)cc2)nc(N)c1Br,7.958607314841775
Cc1cc(/C=C/C#N)cc(C)c1Nc1ccnc(Nc2ccc(C#N)cc2)n1,7.657577319177793
Cc1cc(C#N)cc(C)c1Oc1ccnc(Nc2ccc(CN3CCC(NC(=O)OC(C)(C)C)CC3)cc2)n1,6.3799993576999325
Cc1cc(C#N)cc(C)c1Oc1ccnc(Nc2ccc(CNC3CCN(C(=O)OC(C)(C)C)CC3)cc2)n1,6.560004526046192
Cc1cc(C#N)cc(C)c1Oc1ccnc(Nc2ccc(CN3CCOCC3)cc2)n1,7.3799681048737025
Cc1cc(C#N)cc(C)c1Oc1ccnc(Nc2ccc(CN3CCN(S(C)(=O)=O)CC3)cc2)n1,7.309981219211305
Cc1cc(C#N)cc(C)c1Oc1ccnc(Nc2ccc(CN3CCC(NS(C)(=O)=O)CC3)cc2)n1,7.100015437450609
Cc1cc(C#N)cc(C)c1Oc1ccnc(Nc2ccc(CN3CCC(NS(N)(=O)=O)CC3)cc2)n1,6.819988880942282
Cc1cc(/C=C/C#N)cc(C)c1Oc1ccnc(Nc2ccc(CN3CCN(C(=O)OC(C)(C)C)CC3)cc2)n1,6.530001357781253
Cc1cc(/C=C/C#N)cc(C)c1Oc1ccnc(Nc2ccc(CN3CCC(NC(=O)OC(C)(C)C)CC3)cc2)n1,6.299997602857746
Cc1cc(/C=C/C#N)cc(C)c1Oc1ccnc(Nc2ccc(CN3CCN(S(C)(=O)=O)CC3)cc2)n1,7.169989064063882
Cc1cc(/C=C/C#N)cc(C)c1Oc1ccnc(Nc2ccc(CN3CCC(NS(C)(=O)=O)CC3)cc2)n1,7.119987161633229
Cc1cc(C)c(Oc2nc(N)nc(Nc3ccc(CN4CCOCC4)cc3)n2)c(C)c1,6.350003492533959
Cc1ccnc2c1NC(=O)c1cccnc1N2C1CC1,6.23000269597146
O=C1Nc2ccc(Cl)cc2[C@@](C#CC2CC2)(C(F)(F)F)O1,8.15002808767115
Cc1cc(C#N)cc(C)c1Oc1nc(Nc2ccc(C#N)cc2)nc(N)c1Br,7.96018944585165
Cc1cc(/C=C/C#N)cc(C)c1Nc1ccnc(Nc2ccc(C#N)cc2)n1,7.659952682338607
NC(=O)[C@@H](Cc1c[nH]c2ccccc12)NC(=O)[C@H](N)Cc1c[nH]c2ccccc12,4.370590400897281
NC(=O)[C@@H](Cc1c[nH]c2ccccc12)NC(=O)CNC(=O)[C@H](N)Cc1c[nH]c2ccccc12,5.214670164989233
NC(=O)C[C@@H](NC(=O)[C@@H](N)Cc1c[nH]c2ccccc12)C(=O)N[C@H](Cc1c[nH]c2ccccc12)C(N)=O,5.4179366370882915
NC(=O)[C@H](Cc1c[nH]c2ccccc12)NC(=O)CCNC(=O)[C@H](N)Cc1c[nH]c2ccccc12,3.72584215073632
NC(=O)[C@H](Cc1c[nH]c2ccccc12)NC(=O)CCCCCNC(=O)[C@H](N)Cc1c[nH]c2ccccc12,3.9355420107730814
NC(=O)[C@H](Cc1c[nH]c2ccccc12)NC(=O)CCNC(=O)[C@@H](N)Cc1c[nH]c2ccccc12,3.643974142806877
NC(=O)[C@H](Cc1c[nH]c2ccccc12)NC(=O)CCCCCNC(=O)[C@@H](N)Cc1c[nH]c2ccccc12,3.8068754016455384
NC(=O)[C@@H](N)Cc1c[nH]c2ccccc12,2.00436480540245
COc1cc(NC(C)CCCN)c2ncccc2c1.O=P(O)(O)O.O=P(O)(O)O,4.0
COc1ccc2cc([C@H](C)C(=O)[O-])ccc2c1.[Na+],2.1739251972991736
O=C(O)c1cnc2ccccc2c1,2.619788758288394
O=C(O)c1ccnc2ccccc12,2.0177287669604316
O=C(O)c1cnc2ccccc2n1,3.494850021680094
NCC1NC(=O)C[C@@H](C(N)=O)NC(=O)C(CNC(=O)c2cnc3ccccc3n2)NC(=O)CNC(=O)CNC(=O)CNC(=O)C(CNC(=O)c2cnc3ccccc3n2)NC1=O,5.187086643357144
NC(=O)[C@@H](Cc1c[nH]c2ccccc12)NC(=O)CNC(=O)[C@H](N)Cc1c[nH]c2ccccc12,5.301029995663981
NC(=O)C[C@@H](NC(=O)[C@@H](N)Cc1c[nH]c2ccccc12)C(=O)N[C@H](Cc1c[nH]c2ccccc12)C(N)=O,5.542118103266008
NC(=O)[C@H](Cc1c[nH]c2ccccc12)NC(=O)CCCCCNC(=O)[C@@H](N)Cc1c[nH]c2ccccc12,3.6270879970298933
NC(=O)[C@@H](N)Cc1c[nH]c2ccccc12,1.8041003475907662
NCC1NC(=O)C[C@@H](C(N)=O)NC(=O)C(CNC(=O)c2cnc3ccccc3n2)NC(=O)CNC(=O)CNC(=O)CNC(=O)C(CNC(=O)c2cnc3ccccc3n2)NC1=O,5.154901959985743
NCC1NC(=O)C[C@@H](C(N)=O)NC(=O)C(CNC(=O)c2cnc3ccccc3n2)NC(=O)CNC(=O)CNC(=O)CNC(=O)C(CNC(=O)c2cnc3ccccc3n2)NC1=O,4.661543506395395
Oc1ccc(/C=C/c2cc(O)c3c(-c4cc(O)cc(O)c4)c(-c4ccc(O)cc4)oc3c2)cc1,5.096910013008056
Cc1cc(/C=C/C#N)cc(C)c1Oc1nc(Nc2ccc(C#N)c(F)c2)nc2ccsc12,7.441291429466834
Cc1cc(/C=C/C#N)cc(C)c1Oc1nc(Nc2ccc(C#N)c(F)c2)nc2sccc12,7.247183568811729
Cc1ccnc2c1NC(=O)c1cccnc1N2C1CC1,6.7423214251308154
O=C(Nc1ccc2c(=O)n(O)c(=O)[nH]c2c1)c1ccccc1,5.598599459218456
O=C(Nc1ccc2c(=O)n(O)c(=O)[nH]c2c1)c1ccc(F)cc1,5.428291168191312
Cc1ccc(C(=O)Nc2ccc3c(=O)n(O)c(=O)[nH]c3c2)cc1,5.562249437179612
O=C(Nc1ccc2c(=O)n(O)c(=O)[nH]c2c1)c1ccc(C(F)(F)F)cc1,5.215382707367125
O=C(Nc1ccc2c(=O)n(O)c(=O)[nH]c2c1)c1cccc(F)c1,5.428291168191312
O=c1[nH]c2cc(NS(=O)(=O)c3cccc(C(F)(F)F)c3)ccc2c(=O)n1O,5.273272790973428
O=c1[nH]c2cc(NS(=O)(=O)c3ccc4ccccc4c3)ccc2c(=O)n1O,4.696803942579511
Cc1cc(C)c(S(=O)(=O)Nc2ccc3c(=O)n(O)c(=O)[nH]c3c2)c(C)c1,5.489454989793388
CC(C)(C)c1ccc(S(=O)(=O)Nc2ccc3c(=O)n(O)c(=O)[nH]c3c2)cc1,5.230622673923861
O=c1[nH]c2cc(NS(=O)(=O)c3ccc(F)cc3)ccc2c(=O)n1O,5.245651664288981
O=c1[nH]c2cc(NS(=O)(=O)c3ccc(-c4ccccc4)cc3)ccc2c(=O)n1O,4.931814138253839
Cc1cccc(S(=O)(=O)Nc2ccc3c(=O)n(O)c(=O)[nH]c3c2)c1,5.3872161432802645
O=C(Nc1ccc2[nH]c(=O)n(O)c(=O)c2c1)c1ccccc1F,5.367542707815276
O=c1[nH]c2ccc(NS(=O)(=O)c3ccccc3)cc2c(=O)n1O,5.924453038607469
O=c1[nH]c2ccc(NS(=O)(=O)c3ccc(F)cc3)cc2c(=O)n1O,5.647817481888637
O=c1[nH]c2ccc(NS(=O)(=O)c3ccc4ccccc4c3)cc2c(=O)n1O,6.3872161432802645
O=c1[nH]c2ccc(NS(=O)(=O)c3cccc(C(F)(F)F)c3)cc2c(=O)n1O,5.698970004336019
CC(C)c1ccc(O)c(=O)c(O)c1,5.703334809738469
N#Cc1cc2c(Oc3ccc(F)cc3OCCn3ccc(=O)[nH]c3=O)cc(F)cn2c1,8.346787486224656
N#Cc1cc2c(Oc3ccc(F)cc3OCCn3ccc(=O)[nH]c3=O)cc(F)cn2c1,8.259637310505756
Cc1cc(/C=C/C#N)cc(C)c1Nc1ccnc(Nc2ccc(C#N)cc2)n1,9.167491087293763
CC(C)=CCN1C(C)C(=O)Nc2ccc(Cl)cc2S1(=O)=O,6.096910013008056
CC1O[C@](/C=C/C2CC2)(C(F)(F)F)c2cc(Cl)ccc2NC1=O,7.337242168318426
CC1O[C@](C#CC2CC2)(C(F)(F)F)c2cc(Cl)ccc2NC1=O,7.086186147616283
O=C1Nc2ccc(Cl)cc2[C@@](C#Cc2ccccn2)(C2CC2)N1,7.920818753952375
O=C1Nc2ccc(Cl)cc2[C@](C#Cc2ccccn2)(C2CC2)N1,5.031517051446065
O=C1Nc2ccc(Cl)cc2C(C#Cc2ccccn2)(C2CC2)N1,7.634512015109101
CCOC1(c2ccccc2)c2cc(Cl)ccc2NC(=S)N1C,7.251811972993799
O=S1(c2ccccc2)=NC(=S)Nc2ccccc21,6.022276394711152
O=C1Nc2ccc(Cl)cc2[C@@](C#CC2CC2)(C(F)(F)F)O1,7.42021640338319
CC(C)Nc1cccnc1N1CCN(C(=O)c2cc3cc(NS(C)(=O)=O)ccc3[nH]2)CC1,5.080921907623926
CCNc1cccnc1N1CCN(Cc2cc(C)c(OC)c(C)c2)CC1,4.698970004336019
CC(C)Nc1cccnc1N1CCN(C(=O)c2cc3cc(NS(C)(=O)=O)ccc3[nH]2)CC1,6.585026652029182
CCNc1cccnc1N1CCN(C(=O)c2cc3cc(OC)ccc3[nH]2)CC1.CS(=O)(=O)O,5.638272163982407
CCN1c2ncccc2C(=O)Nc2c(C)ccnc21,7.455931955649724
CCN1c2ncccc2C(=O)N(C)c2cccnc21,6.903089986991944
CCN1c2ccccc2N(C)C(=O)c2cccnc21,6.455931955649724
O=C1Nc2cccnc2Nc2ccccc21,5.221848749616356
Cc1ccnc2c1NC(=O)c1cccnc1N2C1CC1,7.075720713938118
C#CC1(C2CC2)c2cc(Cl)ccc2NC(=O)N1C,8.221848749616356
N#Cc1ccc(NC2=Nc3ccc(Cl)cc3C(C#CC3CC3)(C(F)(F)F)N2)cc1,8.0
FC(F)(F)c1cccc(NC2=Nc3ccc(Cl)cc3C(C#CC3CC3)(C(F)(F)F)N2)c1,8.346787486224656
FC(F)(F)C1(C#CC2CC2)NC(Nc2ccccc2Br)=Nc2ccc(Cl)cc21,8.468521082957745
COc1cccc(NC2=Nc3ccc(Cl)cc3C(C#CC3CC3)(C(F)(F)F)N2)c1,8.958607314841775
FC(F)(F)C1(C#CC2CC2)NC(Nc2ccc(Cl)c(Cl)c2)=Nc2ccc(Cl)cc21,8.431798275933005
O=C1Nc2ccc(Cl)cc2[C@@](C#CC2CC2)(C(F)(F)F)O1,8.221848749616356
Cc1ccnc2c1NC(=O)c1cccnc1N2C1CC1,8.721246399047171
COC(=O)c1ccc(C(=O)c2cc(=O)n(O)c(=O)[nH]2)cc1,5.0
O=C(c1ccc(F)cc1)c1cc(=O)n(O)c(=O)[nH]1,5.0
O=C(c1ccc(C(F)(F)F)cc1)c1cc(=O)n(O)c(=O)[nH]1,5.0
Cc1ccc(C(=O)c2cc(=O)n(O)c(=O)[nH]2)cc1,5.0
C[C@@H]1CCO[C@H]2Cn3cc(C(=O)NCc4ccc(F)cc4F)c(=O)c(O)c3C(=O)N12,5.0
Cc1nnc(C(=O)NC(C)(C)c2nc(C(=O)NCc3ccc(F)cc3)c(O)c(=O)n2C)o1,5.0
O=c1nc(Nc2ccc(-c3cnc4ccccc4c3)cc2)c2cccnc2n1O,6.154901959985743
CCOCn1c(C(C#N)c2ccc(-c3ccccc3)cc2)cc(=O)n(O)c1=O,6.119186407719209
CCOCn1c(C(C#N)c2cc(C)cc(C)c2)cc(=O)n(O)c1=O,5.431798275933005
CCOCn1c(C(=O)c2cccc(-c3ccccc3)c2)cc(=O)n(O)c1=O,5.958607314841775
CCOCn1c(C(=O)c2ccc(-c3ccccc3)cc2)cc(=O)n(O)c1=O,6.376750709602099
O=C(c1ccc(-c2ccc(Cl)c(F)c2)cc1)c1cc(=O)n(O)c(=O)[nH]1,7.638272163982407
Cc1cc(-c2ccc(C(=O)c3cc(=O)n(O)c(=O)[nH]3)cc2)ccc1F,7.721246399047171
COc1ccc(-c2ccc(C(=O)c3cc(=O)n(O)c(=O)[nH]3)cc2)cc1OC,7.130768280269024
N#Cc1ccc(-c2ccc(C(=O)c3cc(=O)n(O)c(=O)[nH]3)cc2)cc1,7.619788758288394
COc1ccc(-c2ccc(C(=O)c3cc(=O)n(O)c(=O)[nH]3)cc2)cc1,6.275724130399211
O=C(c1cccc(-c2ccccc2)c1)c1cc(=O)n(O)c(=O)[nH]1,7.769551078621726
O=C(c1ccc(-c2ccccc2)cc1)c1cc(=O)n(O)c(=O)[nH]1,7.657577319177793
Cc1cc(C)cc(-c2ccc(C(=O)c3cc(=O)n(O)c(=O)[nH]3)cc2)c1,7.200659450546418
COC(=O)c1ccc(-c2ccc(C(=O)c3cc(=O)n(O)c(=O)[nH]3)cc2)cc1,7.823908740944319
O=C(c1ccc(-c2ccc(F)cc2)cc1)c1cc(=O)n(O)c(=O)[nH]1,7.568636235841013
O=C(c1ccc(-c2ccc(C(F)(F)F)cc2)cc1)c1cc(=O)n(O)c(=O)[nH]1,7.585026652029182
Cc1ccc(-c2ccc(C(=O)c3cc(=O)n(O)c(=O)[nH]3)cc2)cc1,7.6777807052660805
Cc1cc(C)cc(C(=O)c2cc(=O)n(O)c(=O)[nH]2)c1,7.045757490560675
COC(=O)c1ccc(C(=O)c2cc(=O)n(O)c(=O)[nH]2)cc1,7.508638306165727
O=C(c1ccc(F)cc1)c1cc(=O)n(O)c(=O)[nH]1,7.070581074285707
O=C(c1ccc(C(F)(F)F)cc1)c1cc(=O)n(O)c(=O)[nH]1,7.0915149811213505
Cc1ccc(C(=O)c2cc(=O)n(O)c(=O)[nH]2)cc1,7.031517051446065
Cc1cc(C)cc(C(=O)c2cc(=O)n(O)c(=O)[nH]2)c1,5.0
Cc1ccc(-c2ccc(C(=O)c3cc(=O)n(O)c(=O)[nH]3)cc2)cc1,5.0
O=C(c1ccc(-c2ccc(C(F)(F)F)cc2)cc1)c1cc(=O)n(O)c(=O)[nH]1,5.0
O=C(c1ccc(-c2ccc(F)cc2)cc1)c1cc(=O)n(O)c(=O)[nH]1,5.0
COC(=O)c1ccc(-c2ccc(C(=O)c3cc(=O)n(O)c(=O)[nH]3)cc2)cc1,5.0
Cc1cc(C)cc(-c2ccc(C(=O)c3cc(=O)n(O)c(=O)[nH]3)cc2)c1,5.0
O=C(c1ccc(-c2ccccc2)cc1)c1cc(=O)n(O)c(=O)[nH]1,5.0
O=C(c1cccc(-c2ccccc2)c1)c1cc(=O)n(O)c(=O)[nH]1,5.0
COc1ccc(-c2ccc(C(=O)c3cc(=O)n(O)c(=O)[nH]3)cc2)cc1,5.229147988357856
N#Cc1ccc(-c2ccc(C(=O)c3cc(=O)n(O)c(=O)[nH]3)cc2)cc1,5.113509274827518
COc1ccc(-c2ccc(C(=O)c3cc(=O)n(O)c(=O)[nH]3)cc2)cc1OC,5.017728766960431
Cc1cc(-c2ccc(C(=O)c3cc(=O)n(O)c(=O)[nH]3)cc2)ccc1F,5.080921907623926
O=C(c1ccc(-c2ccc(Cl)c(F)c2)cc1)c1cc(=O)n(O)c(=O)[nH]1,5.0
CCOCn1c(C(=O)c2ccc(-c3ccccc3)cc2)cc(=O)n(O)c1=O,5.0
CCOCn1c(C(=O)c2cccc(-c3ccccc3)c2)cc(=O)n(O)c1=O,5.0
CCOCn1c(C(C#N)c2cc(C)cc(C)c2)cc(=O)n(O)c1=O,5.0
CCOCn1c(C(C#N)c2ccc(-c3ccccc3)cc2)cc(=O)n(O)c1=O,5.0
O=c1nc(Nc2ccc(-c3cnc4ccccc4c3)cc2)c2cccnc2n1O,6.070581074285707
COc1ccc2c(c1)CCCN2CCC(=O)N1CCN(c2ccccc2)CC1,8.036212172654444
COc1ccc2c(c1)CCCN2CCC(=O)N1CCN(c2ccccc2C)CC1,8.308918507877031
COc1ccc2c(c1)CCCN2CCC(=O)N1CCN(c2cccc(Cl)c2)CC1,8.114638779968487
Cc1cn([C@H]2C[C@H](N=[N+]=[N-])[C@@H](CO)O2)c(=O)[nH]c1=O,11.468521082957745
COc1ccccc1C(=O)CC1(O)C(=O)Nc2ccc(Cl)cc21,6.568636235841013
N#Cc1ccc(Nc2nc(Oc3ccc(-c4ccc(C#N)cc4F)cc3)c3sccc3n2)cc1,7.187086643357144
Cc1cc(-c2ccc(C#N)cc2F)ccc1Oc1nc(Nc2ccc(C#N)cc2)nc2ccsc12,7.2076083105017466
N#Cc1ccc(Nc2nc(Oc3ccc(-c4ccc(C#N)c(Cl)c4)cc3Cl)c3sccc3n2)cc1,7.508638306165727
Cc1cc(C#N)ccc1-c1ccc(Oc2nc(Nc3ccc(C#N)cc3)nc3ccsc23)cc1C,7.568636235841013
Cc1cc(-c2ccc(Oc3nc(Nc4ccc(C#N)cc4)nc4ccsc34)cc2C)ccc1C#N,7.376750709602099
Cc1ccnc2c1NC(=O)c1cccnc1N2C1CC1,6.393618634889395
O=C1Nc2ccc(Cl)cc2[C@@](C#CC2CC2)(C(F)(F)F)O1,7.522878745280337
Cc1cc(C#N)cc(C)c1Oc1nc(Nc2ccc(C#N)cc2)nc(N)c1Br,7.958607314841775
C=CCn1cc(C#N)c2cc(C#N)cnc21,4.0
CC(C)(C)n1cc(C#N)c2cc(C=O)cnc21,4.853871964321762
N#Cc1cn(Cc2ccccc2)c2ncc(Br)cc12,4.0
CCCc1c2c(nc3c1c(C#N)cn3C1CCCCC1)CCC2=O,4.0
Cc1ccc(-c2cnc3c(c2)c(C#N)cn3Cc2ccccc2)cc1,4.0
CC1(C)CC(=O)c2cc3c(C#N)cn(Cc4ccccc4)c3nc2C1,4.920818753952375
CC(=O)c1cc2c(-c3ccc(N(C)C)cc3)c3c(nc2[nH]1)-c1ccccc1C3=O,4.823908740944319
CC1(C)CC(=O)c2c(nc3c(c(C#N)cn3Cc3ccccc3)c2-c2ccccc2)C1,6.136677139879544
CC(=O)c1c(C)nc2c(c(C#N)cn2Cc2ccccc2)c1-c1ccc([N+](=O)[O-])cc1,5.200659450546418
CCCCn1cc(C#N)c2c(-c3ccc(C(F)(F)F)cc3F)c3c(nc21)-c1ccccc1C3=O,6.236572006437063
Cc1ccnc2c1NC(=O)c1cccnc1N2C1CC1,6.795880017344075
O=C1Nc2ccc(Cl)cc2[C@@](C#CC2CC2)(C(F)(F)F)O1,8.0
CC1(C)CC(=O)c2c(nc3c(c(C#N)cn3Cc3ccccc3)c2-c2ccc(F)cc2)C1,5.5376020021010435
CC1(C)CC(=O)c2c(nc3c(c(C#N)cn3Cc3ccccc3)c2-c2ccc([N+](=O)[O-])cc2)C1,5.853871964321762
Cc1cccc(C)c1-c1c2c(nc3c1c(C#N)cn3Cc1ccccc1)CC(C)(C)CC2=O,4.585026652029182
CC1(C)CC(=O)c2c(nc3c(c(C#N)cn3Cc3ccccc3)c2-c2c(F)cccc2F)C1,6.443697499232712
CC1(C)CC(=O)c2c(nc3c(c(C#N)cn3Cc3ccccc3)c2-c2cccc(Cl)c2)C1,4.236572006437063
CC1(C)CC(=O)c2c(nc3c(c(C#N)cn3Cc3ccccc3)c2-c2ccccc2)C1,6.136677139879544
CC1(C)CC(=O)c2c(nc3c(c(C#N)cn3Cc3ccccc3)c2-c2ccccc2)C1,6.017728766960431
CC1(C)CC(=O)c2c(nc3c(c(C#N)cn3Cc3ccccc3)c2-c2ccccc2)C1,5.050609993355087
CC1(C)CC(=O)c2c(nc3c(c(C#N)cn3Cc3ccccc3)c2-c2ccccc2)C1,5.0
CC1(C)CC(=O)c2c(nc3c(c(C#N)cn3Cc3ccccc3)c2-c2ccccc2)C1,5.036212172654444
CC(=O)c1c(C)nc2c(c(C#N)cn2Cc2ccccc2)c1-c1ccc([N+](=O)[O-])cc1,4.823908740944319
CCCCn1cc(C#N)c2c(-c3ccc(C(F)(F)F)cc3F)c3c(nc21)-c1ccccc1C3=O,4.552841968657781
CC1(C)CC(=O)c2c(nc3c(c(C#N)cn3Cc3ccccc3)c2-c2ccccc2)C1,4.0
CC(=O)c1c(C)nc2c(c(C#N)cn2Cc2ccccc2)c1-c1ccc([N+](=O)[O-])cc1,4.0
CCCCn1cc(C#N)c2c(-c3ccc(C(F)(F)F)cc3F)c3c(nc21)-c1ccccc1C3=O,4.0
CC1(C)CC(=O)c2c(nc3c(c(C#N)cn3Cc3ccccc3)c2-c2ccccc2)C1,4.161150909262744
CC(=O)c1c(C)nc2c(c(C#N)cn2Cc2ccccc2)c1-c1ccc([N+](=O)[O-])cc1,4.229147988357856
CCCCn1cc(C#N)c2c(-c3ccc(C(F)(F)F)cc3F)c3c(nc21)-c1ccccc1C3=O,4.0
CC1(C)CC(=O)c2c(nc3c(c(C#N)cn3Cc3ccccc3)c2-c2ccccc2)C1,5.443697499232712
CC(=O)c1c(C)nc2c(c(C#N)cn2Cc2ccccc2)c1-c1ccc([N+](=O)[O-])cc1,4.107905397309519
CCCCn1cc(C#N)c2c(-c3ccc(C(F)(F)F)cc3F)c3c(nc21)-c1ccccc1C3=O,4.0
CC1(C)CC(=O)c2c(nc3c(c(C#N)cn3Cc3ccccc3)c2-c2c(F)cccc2F)C1,5.174573882232177
COc1cccc(-c2cccc(Nc3cc(=O)n(O)c(=O)n3C)c2)c1,5.455931955649724
COc1ccc(-c2cccc(Nc3cc(=O)n(O)c(=O)n3C)c2)cc1,5.585026652029182
COc1ccccc1-c1ccc(Nc2cc(=O)n(O)c(=O)n2C)cc1,5.031517051446065
COc1cccc(-c2ccc(Nc3cc(=O)n(O)c(=O)n3C)cc2)c1,5.455931955649724
COc1ccc(-c2ccc(Nc3cc(=O)n(O)c(=O)n3C)cc2)cc1,5.180456064458132
Cn1c(Nc2cccc(-c3ccc(O)cc3)c2)cc(=O)n(O)c1=O,5.42021640338319
Cn1c(Nc2ccc(-c3ccc(C(F)(F)F)cc3)cc2)cc(=O)n(O)c1=O,5.050609993355087
Cc1ccc(-c2cccc(Nc3cc(=O)n(O)c(=O)n3C)c2)cc1,5.142667503568732
Cc1ccc(-c2ccc(Nc3cc(=O)n(O)c(=O)n3C)cc2)cc1,5.187086643357144
Cn1c(Nc2cccc(-c3ccccc3)c2)cc(=O)n(O)c1=O,5.455931955649724
Cn1c(Nc2ccc(-c3ccccc3)cc2)cc(=O)n(O)c1=O,5.455931955649724
O=c1cc(Nc2cccc(-c3ccc(Cl)cc3)c2)[nH]c(=O)n1O,6.657577319177793
O=c1cc(Nc2ccc(-c3ccc(Cl)cc3)cc2)[nH]c(=O)n1O,6.327902142064283
O=c1cc(Nc2cccc(-c3ccc(F)cc3)c2)[nH]c(=O)n1O,6.698970004336019
COc1cccc(OC)c1-c1cccc(Nc2cc(=O)n(O)c(=O)[nH]2)c1,6.292429823902063
COc1ccc(-c2cccc(Nc3cc(=O)n(O)c(=O)[nH]3)c2)c(OC)c1,6.508638306165727
COc1cc(OC)cc(-c2ccc(Nc3cc(=O)n(O)c(=O)[nH]3)cc2)c1,6.721246399047171
COc1ccc(-c2cccc(Nc3cc(=O)n(O)c(=O)[nH]3)c2)cc1,6.698970004336019
COc1cccc(-c2ccc(Nc3cc(=O)n(O)c(=O)[nH]3)cc2)c1,6.823908740944319
O=c1cc(Nc2ccc(-c3ccccc3O)cc2)[nH]c(=O)n1O,6.619788758288394
O=c1cc(Nc2ccc(-c3cccc(O)c3)cc2)[nH]c(=O)n1O,6.657577319177793
O=c1cc(Nc2ccc(-c3ccc(O)cc3)cc2)[nH]c(=O)n1O,6.7447274948966935
Cc1ccc(-c2cccc(Nc3cc(=O)n(O)c(=O)[nH]3)c2)cc1,6.42021640338319
Cc1ccc(-c2ccc(Nc3cc(=O)n(O)c(=O)[nH]3)cc2)cc1,6.3979400086720375
O=c1cc(Nc2ccc(-c3ccccc3)cc2)[nH]c(=O)n1O,6.6020599913279625
Cn1c(Oc2ccc(-c3ccncc3)cc2)cc(=O)n(O)c1=O,5.431798275933005
Cn1c(Oc2ccccc2-c2ccc(Cl)cc2)cc(=O)n(O)c1=O,5.481486060122113
Cn1c(Oc2ccc(-c3ccc(Cl)cc3)cc2)cc(=O)n(O)c1=O,5.619788758288394
Cn1c(Oc2cccc(-c3cccc(C#N)c3)c2)cc(=O)n(O)c1=O,6.045757490560675
Cn1c(Oc2cccc(-c3ccc(C#N)cc3)c2)cc(=O)n(O)c1=O,5.920818753952375
Cn1c(Oc2ccc(-c3cccc(C#N)c3)cc2)cc(=O)n(O)c1=O,5.721246399047171
Cn1c(Oc2ccc(-c3ccc(C#N)cc3)cc2)cc(=O)n(O)c1=O,5.6020599913279625
COc1ccccc1-c1ccccc1Oc1cc(=O)n(O)c(=O)n1C,5.0915149811213505
COc1cccc(-c2ccccc2Oc2cc(=O)n(O)c(=O)n2C)c1,5.2441251443275085
COc1ccc(-c2ccccc2Oc2cc(=O)n(O)c(=O)n2C)cc1,5.638272163982407
COc1ccccc1-c1cccc(Oc2cc(=O)n(O)c(=O)n2C)c1,5.6020599913279625
COc1cccc(-c2cccc(Oc3cc(=O)n(O)c(=O)n3C)c2)c1,6.0
COc1ccc(-c2cccc(Oc3cc(=O)n(O)c(=O)n3C)c2)cc1,6.3979400086720375
COc1ccccc1-c1ccc(Oc2cc(=O)n(O)c(=O)n2C)cc1,5.552841968657781
COc1cccc(-c2ccc(Oc3cc(=O)n(O)c(=O)n3C)cc2)c1,5.698970004336019
COc1ccc(-c2ccc(Oc3cc(=O)n(O)c(=O)n3C)cc2)cc1,5.795880017344075
Cn1c(Oc2ccccc2-c2ccccc2O)cc(=O)n(O)c1=O,4.958607314841775
Cn1c(Oc2cccc(-c3cccc(O)c3)c2)cc(=O)n(O)c1=O,6.045757490560675
Cn1c(Oc2ccc(-c3ccc(O)cc3)cc2)cc(=O)n(O)c1=O,5.657577319177793
Cn1c(Oc2ccccc2-c2ccc(C(F)(F)F)cc2)cc(=O)n(O)c1=O,5.4089353929735005
Cn1c(Oc2cccc(-c3ccc(C(F)(F)F)cc3)c2)cc(=O)n(O)c1=O,5.022276394711152
Cn1c(Oc2ccc(-c3ccc(C(F)(F)F)cc3)cc2)cc(=O)n(O)c1=O,5.207608310501746
Cn1c(Oc2ccccc2-c2ccccc2)cc(=O)n(O)c1=O,4.327902142064283
Cn1c(Oc2cccc(-c3ccccc3)c2)cc(=O)n(O)c1=O,6.0
Cn1c(Oc2ccc(-c3ccccc3)cc2)cc(=O)n(O)c1=O,5.721246399047171
O=c1nc(Nc2ccc(-c3cnc4ccccc4c3)cc2)c2cccnc2n1O,6.154901959985743
Cn1c(Nc2cccc(-c3cncnc3)c2)cc(=O)n(O)c1=O,5.853871964321762
Cc1noc(C)c1-c1ccccc1Nc1cc(=O)n(O)c(=O)n1C,5.180456064458132
Cc1noc(C)c1-c1ccc(Nc2cc(=O)n(O)c(=O)n2C)cc1,5.795880017344075
Cn1c(Nc2cccc(-c3cccc(C#N)c3)c2)cc(=O)n(O)c1=O,5.958607314841775
Cn1c(Nc2cccc(-c3ccc(C#N)cc3)c2)cc(=O)n(O)c1=O,6.154901959985743
Cn1c(Nc2ccc(-c3cccc(C#N)c3)cc2)cc(=O)n(O)c1=O,5.920818753952375
Cn1c(Nc2ccc(-c3ccc(C#N)cc3)cc2)cc(=O)n(O)c1=O,5.958607314841775
COc1cc(OC)cc(-c2cccc(Nc3cc(=O)n(O)c(=O)n3C)c2)c1,6.221848749616356
COc1ccc(-c2cccc(Nc3cc(=O)n(O)c(=O)n3C)c2)c(OC)c1,6.0
COc1ccc(-c2cccc(Nc3cc(=O)n(O)c(=O)n3C)c2)cc1OC,6.301029995663981
COc1cccc(OC)c1-c1cccc(Nc2cc(=O)n(O)c(=O)n2C)c1,5.721246399047171
COc1cc(OC)cc(-c2ccc(Nc3cc(=O)n(O)c(=O)n3C)cc2)c1,5.795880017344075
COc1ccc(-c2ccc(Nc3cc(=O)n(O)c(=O)n3C)cc2)c(OC)c1,5.823908740944319
COc1ccccc1-c1cccc(Nc2cc(=O)n(O)c(=O)n2C)c1,5.920818753952375
COc1cccc(-c2cccc(Nc3cc(=O)n(O)c(=O)n3C)c2)c1,6.221848749616356
COc1ccc(-c2cccc(Nc3cc(=O)n(O)c(=O)n3C)c2)cc1,6.301029995663981
COc1ccccc1-c1ccc(Nc2cc(=O)n(O)c(=O)n2C)cc1,5.552841968657781
COc1cccc(-c2ccc(Nc3cc(=O)n(O)c(=O)n3C)cc2)c1,6.096910013008056
COc1ccc(-c2ccc(Nc3cc(=O)n(O)c(=O)n3C)cc2)cc1,6.1249387366083
Cn1c(Nc2cccc(-c3ccc(O)cc3)c2)cc(=O)n(O)c1=O,6.1249387366083
Cn1c(Nc2ccc(-c3ccc(C(F)(F)F)cc3)cc2)cc(=O)n(O)c1=O,5.443697499232712
Cc1ccc(-c2cccc(Nc3cc(=O)n(O)c(=O)n3C)c2)cc1,5.769551078621726
Cc1ccc(-c2ccc(Nc3cc(=O)n(O)c(=O)n3C)cc2)cc1,5.568636235841013
Cn1c(Nc2cccc(-c3ccccc3)c2)cc(=O)n(O)c1=O,6.070581074285707
Cn1c(Nc2ccc(-c3ccccc3)cc2)cc(=O)n(O)c1=O,6.096910013008056
COc1ccccc1-c1cccc(Nc2cc(=O)n(O)c(=O)n2C)c1,5.6777807052660805
COc1ccc(-c2ccc(Nc3cc(=O)n(O)c(=O)n3C)cc2)c(OC)c1,5.366531544420414
COc1cc(OC)cc(-c2ccc(Nc3cc(=O)n(O)c(=O)n3C)cc2)c1,5.142667503568732
COc1cccc(OC)c1-c1cccc(Nc2cc(=O)n(O)c(=O)n2C)c1,5.161150909262744
COc1ccc(-c2cccc(Nc3cc(=O)n(O)c(=O)n3C)c2)cc1OC,5.657577319177793
COc1ccc(-c2cccc(Nc3cc(=O)n(O)c(=O)n3C)c2)c(OC)c1,5.6777807052660805
COc1cc(OC)cc(-c2cccc(Nc3cc(=O)n(O)c(=O)n3C)c2)c1,5.552841968657781
Cn1c(Nc2ccc(-c3ccc(C#N)cc3)cc2)cc(=O)n(O)c1=O,5.585026652029182
Cn1c(Nc2ccc(-c3cccc(C#N)c3)cc2)cc(=O)n(O)c1=O,5.431798275933005
Cn1c(Nc2cccc(-c3ccc(C#N)cc3)c2)cc(=O)n(O)c1=O,5.638272163982407
Cn1c(Nc2cccc(-c3cccc(C#N)c3)c2)cc(=O)n(O)c1=O,5.494850021680094
Cc1noc(C)c1-c1ccc(Nc2cc(=O)n(O)c(=O)n2C)cc1,5.356547323513812
Cn1c(Nc2cccc(-c3cncnc3)c2)cc(=O)n(O)c1=O,5.3872161432802645
Cn1c(Oc2ccc(-c3ccccc3)cc2)cc(=O)n(O)c1=O,5.275724130399211
Cn1c(Oc2ccc(-c3ccc(O)cc3)cc2)cc(=O)n(O)c1=O,4.823908740944319
Cn1c(Oc2cccc(-c3cccc(O)c3)c2)cc(=O)n(O)c1=O,4.920818753952375
COc1ccc(-c2ccc(Oc3cc(=O)n(O)c(=O)n3C)cc2)cc1,4.958607314841775
COc1cccc(-c2ccc(Oc3cc(=O)n(O)c(=O)n3C)cc2)c1,4.795880017344075
COc1ccc(-c2cccc(Oc3cc(=O)n(O)c(=O)n3C)c2)cc1,5.3979400086720375
COc1cccc(-c2cccc(Oc3cc(=O)n(O)c(=O)n3C)c2)c1,4.769551078621726
Cn1c(Oc2ccc(-c3ccc(C#N)cc3)cc2)cc(=O)n(O)c1=O,4.958607314841775
Cn1c(Oc2ccc(-c3cccc(C#N)c3)cc2)cc(=O)n(O)c1=O,4.886056647693163
Cn1c(Oc2cccc(-c3ccc(C#N)cc3)c2)cc(=O)n(O)c1=O,5.161150909262744
Cn1c(Oc2cccc(-c3cccc(C#N)c3)c2)cc(=O)n(O)c1=O,5.173925197299174
O=c1cc(Nc2ccc(-c3ccccc3)cc2)[nH]c(=O)n1O,6.522878745280337
Cc1ccc(-c2ccc(Nc3cc(=O)n(O)c(=O)[nH]3)cc2)cc1,6.154901959985743
Cc1ccc(-c2cccc(Nc3cc(=O)n(O)c(=O)[nH]3)c2)cc1,6.346787486224656
O=c1cc(Nc2ccc(-c3ccc(O)cc3)cc2)[nH]c(=O)n1O,6.346787486224656
O=c1cc(Nc2ccc(-c3cccc(O)c3)cc2)[nH]c(=O)n1O,6.366531544420414
O=c1cc(Nc2ccc(-c3ccccc3O)cc2)[nH]c(=O)n1O,6.309803919971486
COc1cccc(-c2ccc(Nc3cc(=O)n(O)c(=O)[nH]3)cc2)c1,6.6020599913279625
COc1ccc(-c2cccc(Nc3cc(=O)n(O)c(=O)[nH]3)c2)cc1,6.522878745280337
COc1cc(OC)cc(-c2ccc(Nc3cc(=O)n(O)c(=O)[nH]3)cc2)c1,6.494850021680094
COc1ccc(-c2cccc(Nc3cc(=O)n(O)c(=O)[nH]3)c2)c(OC)c1,6.267606240177032
COc1cccc(OC)c1-c1cccc(Nc2cc(=O)n(O)c(=O)[nH]2)c1,6.154901959985743
O=c1cc(Nc2cccc(-c3ccc(F)cc3)c2)[nH]c(=O)n1O,6.522878745280337
O=c1cc(Nc2ccc(-c3ccc(Cl)cc3)cc2)[nH]c(=O)n1O,6.180456064458132
O=c1cc(Nc2cccc(-c3ccc(Cl)cc3)c2)[nH]c(=O)n1O,6.346787486224656
Cn1c(Nc2ccc(-c3ccccc3)cc2)cc(=O)n(O)c1=O,5.292429823902063
Cn1c(Nc2cccc(-c3ccccc3)c2)cc(=O)n(O)c1=O,5.468521082957745
Cc1ccc(-c2ccc(Nc3cc(=O)n(O)c(=O)n3C)cc2)cc1,5.180456064458132
Cc1ccc(-c2cccc(Nc3cc(=O)n(O)c(=O)n3C)c2)cc1,5.207608310501746
Cn1c(Nc2ccc(-c3ccc(C(F)(F)F)cc3)cc2)cc(=O)n(O)c1=O,5.180456064458132
Cn1c(Nc2cccc(-c3ccc(O)cc3)c2)cc(=O)n(O)c1=O,5.568636235841013
COc1ccc(-c2ccc(Nc3cc(=O)n(O)c(=O)n3C)cc2)cc1,5.301029995663981
COc1cccc(-c2ccc(Nc3cc(=O)n(O)c(=O)n3C)cc2)c1,5.292429823902063
COc1ccccc1-c1ccc(Nc2cc(=O)n(O)c(=O)n2C)cc1,5.050609993355087
COc1ccc(-c2cccc(Nc3cc(=O)n(O)c(=O)n3C)c2)cc1,5.508638306165727
COc1cccc(-c2cccc(Nc3cc(=O)n(O)c(=O)n3C)c2)c1,5.366531544420414
COc1ccccc1-c1cccc(Nc2cc(=O)n(O)c(=O)n2C)c1,5.42021640338319
COc1ccc(-c2ccc(Nc3cc(=O)n(O)c(=O)n3C)cc2)c(OC)c1,5.275724130399211
COc1cc(OC)cc(-c2ccc(Nc3cc(=O)n(O)c(=O)n3C)cc2)c1,5.036212172654444
COc1cccc(OC)c1-c1cccc(Nc2cc(=O)n(O)c(=O)n2C)c1,5.346787486224656
COc1ccc(-c2cccc(Nc3cc(=O)n(O)c(=O)n3C)c2)cc1OC,5.522878745280337
COc1ccc(-c2cccc(Nc3cc(=O)n(O)c(=O)n3C)c2)c(OC)c1,5.376750709602099
COc1cc(OC)cc(-c2cccc(Nc3cc(=O)n(O)c(=O)n3C)c2)c1,5.3979400086720375
Cn1c(Nc2ccc(-c3ccc(C#N)cc3)cc2)cc(=O)n(O)c1=O,5.431798275933005
Cn1c(Nc2ccc(-c3cccc(C#N)c3)cc2)cc(=O)n(O)c1=O,5.481486060122113
Cn1c(Nc2cccc(-c3ccc(C#N)cc3)c2)cc(=O)n(O)c1=O,5.468521082957745
Cn1c(Nc2cccc(-c3cccc(C#N)c3)c2)cc(=O)n(O)c1=O,5.3872161432802645
Cc1noc(C)c1-c1ccc(Nc2cc(=O)n(O)c(=O)n2C)cc1,5.42021640338319
Cn1c(Nc2cccc(-c3cncnc3)c2)cc(=O)n(O)c1=O,5.4089353929735005
Cn1c(Oc2ccc(-c3ccccc3)cc2)cc(=O)n(O)c1=O,5.221848749616356
Cn1c(Oc2cccc(-c3ccccc3)c2)cc(=O)n(O)c1=O,4.823908740944319
Cn1c(Oc2ccccc2-c2ccc(C(F)(F)F)cc2)cc(=O)n(O)c1=O,4.6777807052660805
Cn1c(Oc2ccc(-c3ccc(O)cc3)cc2)cc(=O)n(O)c1=O,4.958607314841775
Cn1c(Oc2cccc(-c3cccc(O)c3)c2)cc(=O)n(O)c1=O,5.366531544420414
COc1ccc(-c2ccc(Oc3cc(=O)n(O)c(=O)n3C)cc2)cc1,4.920818753952375
COc1cccc(-c2ccc(Oc3cc(=O)n(O)c(=O)n3C)cc2)c1,4.795880017344075
COc1ccccc1-c1ccc(Oc2cc(=O)n(O)c(=O)n2C)cc1,4.657577319177793
COc1ccc(-c2cccc(Oc3cc(=O)n(O)c(=O)n3C)c2)cc1,5.327902142064283
COc1cccc(-c2cccc(Oc3cc(=O)n(O)c(=O)n3C)c2)c1,5.026872146400302
COc1ccccc1-c1cccc(Oc2cc(=O)n(O)c(=O)n2C)c1,4.886056647693163
COc1ccc(-c2ccccc2Oc2cc(=O)n(O)c(=O)n2C)cc1,4.657577319177793
Cn1c(Oc2ccc(-c3ccc(C#N)cc3)cc2)cc(=O)n(O)c1=O,5.327902142064283
Cn1c(Oc2ccc(-c3cccc(C#N)c3)cc2)cc(=O)n(O)c1=O,4.958607314841775
Cn1c(Oc2cccc(-c3ccc(C#N)cc3)c2)cc(=O)n(O)c1=O,5.4089353929735005
Cn1c(Oc2cccc(-c3cccc(C#N)c3)c2)cc(=O)n(O)c1=O,5.337242168318426
Cn1c(Oc2ccc(-c3ccc(Cl)cc3)cc2)cc(=O)n(O)c1=O,4.958607314841775
Cn1c(Oc2ccccc2-c2ccc(Cl)cc2)cc(=O)n(O)c1=O,4.886056647693163
Cn1c(Oc2ccc(-c3ccncc3)cc2)cc(=O)n(O)c1=O,5.0
O=c1cc(Nc2ccc(-c3ccccc3)cc2)[nH]c(=O)n1O,6.522878745280337
Cc1ccc(-c2ccc(Nc3cc(=O)n(O)c(=O)[nH]3)cc2)cc1,6.301029995663981
Cc1ccc(-c2cccc(Nc3cc(=O)n(O)c(=O)[nH]3)c2)cc1,6.356547323513812
O=c1cc(Nc2ccc(-c3ccc(O)cc3)cc2)[nH]c(=O)n1O,6.431798275933005
O=c1cc(Nc2ccc(-c3cccc(O)c3)cc2)[nH]c(=O)n1O,6.3979400086720375
O=c1cc(Nc2ccc(-c3ccccc3O)cc2)[nH]c(=O)n1O,6.337242168318426
COc1cccc(-c2ccc(Nc3cc(=O)n(O)c(=O)[nH]3)cc2)c1,6.6020599913279625
COc1ccc(-c2cccc(Nc3cc(=O)n(O)c(=O)[nH]3)c2)cc1,6.3979400086720375
COc1cc(OC)cc(-c2ccc(Nc3cc(=O)n(O)c(=O)[nH]3)cc2)c1,6.6020599913279625
COc1ccc(-c2cccc(Nc3cc(=O)n(O)c(=O)[nH]3)c2)c(OC)c1,5.619788758288394
COc1cccc(OC)c1-c1cccc(Nc2cc(=O)n(O)c(=O)[nH]2)c1,6.327902142064283
O=c1cc(Nc2cccc(-c3ccc(F)cc3)c2)[nH]c(=O)n1O,6.522878745280337
O=c1cc(Nc2ccc(-c3ccc(Cl)cc3)cc2)[nH]c(=O)n1O,6.221848749616356
O=c1cc(Nc2cccc(-c3ccc(Cl)cc3)c2)[nH]c(=O)n1O,6.431798275933005
Cn1c(Nc2ccc(-c3ccccc3)cc2)cc(=O)n(O)c1=O,5.769551078621726
Cc1ccc(-c2ccc(Nc3cc(=O)n(O)c(=O)n3C)cc2)cc1,5.721246399047171
Cn1c(Nc2ccc(-c3ccc(C(F)(F)F)cc3)cc2)cc(=O)n(O)c1=O,5.657577319177793
COc1ccc(-c2ccc(Nc3cc(=O)n(O)c(=O)n3C)cc2)cc1,6.045757490560675
COc1cccc(-c2ccc(Nc3cc(=O)n(O)c(=O)n3C)cc2)c1,5.769551078621726
COc1ccc(-c2cccc(Nc3cc(=O)n(O)c(=O)n3C)c2)cc1,5.958607314841775
COc1cccc(-c2cccc(Nc3cc(=O)n(O)c(=O)n3C)c2)c1,5.769551078621726
COc1ccccc1-c1cccc(Nc2cc(=O)n(O)c(=O)n2C)c1,6.0
COc1cc(OC)cc(-c2ccc(Nc3cc(=O)n(O)c(=O)n3C)cc2)c1,5.7447274948966935
COc1cccc(OC)c1-c1cccc(Nc2cc(=O)n(O)c(=O)n2C)c1,5.920818753952375
COc1ccc(-c2cccc(Nc3cc(=O)n(O)c(=O)n3C)c2)cc1OC,6.045757490560675
COc1ccc(-c2cccc(Nc3cc(=O)n(O)c(=O)n3C)c2)c(OC)c1,5.958607314841775
COc1cc(OC)cc(-c2cccc(Nc3cc(=O)n(O)c(=O)n3C)c2)c1,5.853871964321762
Cn1c(Nc2ccc(-c3ccc(C#N)cc3)cc2)cc(=O)n(O)c1=O,6.0
Cn1c(Nc2ccc(-c3cccc(C#N)c3)cc2)cc(=O)n(O)c1=O,6.045757490560675
Cn1c(Nc2cccc(-c3ccc(C#N)cc3)c2)cc(=O)n(O)c1=O,6.0
Cn1c(Nc2cccc(-c3cccc(C#N)c3)c2)cc(=O)n(O)c1=O,6.0
Cn1c(Nc2cccc(-c3cncnc3)c2)cc(=O)n(O)c1=O,6.045757490560675
Cn1c(Oc2ccc(-c3ccccc3)cc2)cc(=O)n(O)c1=O,5.6777807052660805
Cn1c(Oc2cccc(-c3ccccc3)c2)cc(=O)n(O)c1=O,5.4089353929735005
Cn1c(Oc2ccccc2-c2ccc(C(F)(F)F)cc2)cc(=O)n(O)c1=O,5.292429823902063
COc1ccc(-c2ccc(Oc3cc(=O)n(O)c(=O)n3C)cc2)cc1,5.327902142064283
COc1cccc(-c2ccc(Oc3cc(=O)n(O)c(=O)n3C)cc2)c1,5.292429823902063
COc1ccccc1-c1ccc(Oc2cc(=O)n(O)c(=O)n2C)cc1,5.207608310501746
COc1ccc(-c2cccc(Oc3cc(=O)n(O)c(=O)n3C)c2)cc1,5.7447274948966935
COc1cccc(-c2cccc(Oc3cc(=O)n(O)c(=O)n3C)c2)c1,5.443697499232712
COc1ccccc1-c1cccc(Oc2cc(=O)n(O)c(=O)n2C)c1,5.356547323513812
COc1ccc(-c2ccccc2Oc2cc(=O)n(O)c(=O)n2C)cc1,5.1938200260161125
COc1cccc(-c2ccccc2Oc2cc(=O)n(O)c(=O)n2C)c1,4.920818753952375
COc1ccccc1-c1ccccc1Oc1cc(=O)n(O)c(=O)n1C,4.886056647693163
O=c1cc(Nc2ccc(-c3ccccc3)cc2)[nH]c(=O)n1O,6.823908740944319
Cc1ccc(-c2ccc(Nc3cc(=O)n(O)c(=O)[nH]3)cc2)cc1,6.3979400086720375
COc1cccc(-c2ccc(Nc3cc(=O)n(O)c(=O)[nH]3)cc2)c1,6.698970004336019
COc1ccc(-c2cccc(Nc3cc(=O)n(O)c(=O)[nH]3)c2)cc1,7.0
O=c1cc(Nc2cccc(-c3ccc(F)cc3)c2)[nH]c(=O)n1O,6.823908740944319
Cc1ccc(-c2cccc(Nc3cc(=O)n(O)c(=O)n3C)c2)cc1,4.769551078621726
Cn1c(Nc2cccc(-c3ccc(O)cc3)c2)cc(=O)n(O)c1=O,4.920818753952375
COc1ccc(-c2cccc(Nc3cc(=O)n(O)c(=O)n3C)c2)cc1,5.443697499232712
COc1ccccc1-c1cccc(Nc2cc(=O)n(O)c(=O)n2C)c1,5.180456064458132
COc1cc(OC)cc(-c2ccc(Nc3cc(=O)n(O)c(=O)n3C)cc2)c1,5.187086643357144
COc1ccc(-c2cccc(Nc3cc(=O)n(O)c(=O)n3C)c2)cc1OC,5.236572006437063
COc1ccc(-c2cccc(Nc3cc(=O)n(O)c(=O)n3C)c2)c(OC)c1,5.200659450546418
Cn1c(Nc2ccc(-c3ccc(C#N)cc3)cc2)cc(=O)n(O)c1=O,5.481486060122113
Cn1c(Nc2cccc(-c3ccc(C#N)cc3)c2)cc(=O)n(O)c1=O,5.301029995663981
Cn1c(Nc2cccc(-c3cccc(C#N)c3)c2)cc(=O)n(O)c1=O,5.301029995663981
O=c1nc(Nc2ccc(-c3cnc4ccccc4c3)cc2)c2cccnc2n1O,6.070581074285707
Cn1c(Oc2ccccc2-c2ccc(Cl)cc2)cc(=O)n(O)c1=O,4.853871964321762
O=c1cc(Nc2ccc(-c3ccccc3)cc2)[nH]c(=O)n1O,5.698970004336019
Cc1ccc(-c2ccc(Nc3cc(=O)n(O)c(=O)[nH]3)cc2)cc1,5.2441251443275085
Cc1ccc(-c2cccc(Nc3cc(=O)n(O)c(=O)[nH]3)c2)cc1,5.508638306165727
O=c1cc(Nc2ccc(-c3ccc(O)cc3)cc2)[nH]c(=O)n1O,6.086186147616283
O=c1cc(Nc2ccc(-c3cccc(O)c3)cc2)[nH]c(=O)n1O,6.102372908709558
O=c1cc(Nc2ccc(-c3ccccc3O)cc2)[nH]c(=O)n1O,6.080921907623926
COc1cccc(-c2ccc(Nc3cc(=O)n(O)c(=O)[nH]3)cc2)c1,5.136677139879544
COc1ccc(-c2cccc(Nc3cc(=O)n(O)c(=O)[nH]3)c2)cc1,5.200659450546418
COc1cc(OC)cc(-c2ccc(Nc3cc(=O)n(O)c(=O)[nH]3)cc2)c1,6.468521082957745
COc1ccc(-c2cccc(Nc3cc(=O)n(O)c(=O)[nH]3)c2)c(OC)c1,5.494850021680094
COc1cccc(OC)c1-c1cccc(Nc2cc(=O)n(O)c(=O)[nH]2)c1,5.769551078621726
O=c1cc(Nc2cccc(-c3ccc(F)cc3)c2)[nH]c(=O)n1O,5.180456064458132
O=c1cc(Nc2ccc(-c3ccc(Cl)cc3)cc2)[nH]c(=O)n1O,6.00436480540245
O=c1cc(Nc2cccc(-c3ccc(Cl)cc3)c2)[nH]c(=O)n1O,6.0655015487564325
CC(C)Nc1cccnc1N1CCN(C(=O)c2cc3cc(NS(C)(=O)=O)ccc3[nH]2)CC1,7.443697499232712
O=C(c1ccccc1)c1nc(SCc2ccccc2)[nH]c(=O)c1O,4.021865152601711
O=C(c1ccc(Cl)cc1)c1nc(SCc2ccccc2)[nH]c(=O)c1O,3.946537395074545
O=C(c1ccc(Br)cc1)c1nc(SCc2ccccc2)[nH]c(=O)c1O,3.6989700043360187
O=c1[nH]c(SCc2ccccc2)nc(C(O)c2ccccc2)c1O,3.6989700043360187
CNc1[nH]c(=O)n(O)c(=O)c1C(=O)NCc1ccccc1,7.214670164989233
CCNc1[nH]c(=O)n(O)c(=O)c1C(=O)NCc1ccccc1,7.376750709602099
C[C@@H]1CCO[C@H]2Cn3cc(C(=O)NCc4ccc(F)cc4F)c(=O)c(O)c3C(=O)N12,5.0
Cc1nnc(C(=O)NC(C)(C)c2nc(C(=O)NCc3ccc(F)cc3)c(O)c(=O)n2C)o1,5.0
CCNc1[nH]c(=O)n(O)c(=O)c1C(=O)NCc1ccc(F)cc1,7.958607314841775
CCNc1[nH]c(=O)n(O)c(=O)c1C(=O)NCc1ccc(F)cc1F,8.0
CCNc1[nH]c(=O)n(O)c(=O)c1C(=O)NCc1ccc(F)c(F)c1,7.585026652029182
CCNc1[nH]c(=O)n(O)c(=O)c1C(=O)NCc1ccc(Cl)c(F)c1,7.657577319177793
CCNc1[nH]c(=O)n(O)c(=O)c1C(=O)NCc1cccc(Cl)c1F,7.5376020021010435
CCNc1[nH]c(=O)n(O)c(=O)c1C(=O)NCc1ccc(C)c(F)c1,7.698970004336019
Cc1cn([C@H]2C[C@H](N=[N+]=[N-])[C@@H](COP(=O)(O)OP(=O)(O)OP(=O)(O)O)O2)c(=O)[nH]c1=O,5.154901959985743
Cc1ccnc2c1NC(=O)c1cccnc1N2C1CC1,7.0
CN(C)S(=O)(=O)Nc1ccc(NC(=O)Nc2sc(-c3ccc(Cl)c(Cl)c3)cc2C(=O)O)cc1,6.221848749616356
O=C(Nc1ccc(NS(=O)(=O)c2ccccc2)cc1)Nc1sc(-c2ccc(Cl)c(Cl)c2)cc1C(=O)O,6.045757490560675
CS(=O)(=O)Nc1ccc(NC(=O)Nc2sc(-c3ccc(Cl)c(Cl)c3)cc2C(=O)O)cc1,7.0
COC(=O)Nc1ccc(NC(=O)Nc2sc(-c3ccc(Cl)c(Cl)c3)cc2C(=O)O)cc1,6.522878745280337
O=C(Cn1cncn1)Nc1ccc(NC(=O)Nc2sc(-c3ccc(Cl)c(Cl)c3)cc2C(=O)O)cc1,6.096910013008056
CC(=O)Nc1ccc(NC(=O)Nc2sc(-c3ccc(Cl)c(Cl)c3)cc2C(=O)O)cc1,6.221848749616356
COc1ccc(NC(=O)Nc2sc(-c3ccc(Cl)c(Cl)c3)cc2C(=O)O)cc1,6.096910013008056
O=C(Nc1ccc(F)cc1)Nc1sc(-c2ccc(Cl)c(Cl)c2)cc1C(=O)O,6.154901959985743
O=C(Nc1ccccc1)Nc1sc(-c2ccc(Cl)c(Cl)c2)cc1C(=O)O,5.920818753952375
CCN(Cc1ccccc1)C(=O)Nc1sc(-c2ccc(Cl)c(Cl)c2)cc1C(=O)O,6.045757490560675
Cc1cc(C#N)cc(C)c1Oc1nc(Nc2ccc(C#N)cc2)nc(N)c1Br,5.508638306165727
CC(Sc1nc2cnc(Cl)nc2n1-c1cccc2ccccc12)C(=O)Nc1ccc(S(N)(=O)=O)cc1Br,5.192464971931146
Cc1ccnc2c1NC(=O)c1cccnc1N2C1CC1,5.056505484093897
CCOC(=O)c1cc(-c2cn(Cc3ccc(F)cc3)cc2-c2ccccc2)n[nH]1,4.844663962534939
CCOC(=O)c1cc(-c2cc[nH]c2)n[nH]1,4.0
CCOC(=O)c1cc(-c2ccn(Cc3ccc(F)cc3)c2)n[nH]1,4.0
CCOC(=O)c1cc(-c2c[nH]cc2-c2ccccc2)n[nH]1,4.0
CCOC(=O)c1cc(-c2cn(C)cc2-c2ccccc2)n[nH]1,4.0
CCOC(=O)c1cc(-c2cn(Cc3cccc4ccccc34)cc2-c2ccccc2)n[nH]1,5.026872146400302
CCOC(=O)c1cc(-c2cn(CCCCc3ccccc3)cc2-c2ccccc2)n[nH]1,4.013228265733755
CCOC(=O)c1cc(-c2cn(Cc3ccc(F)cc3)cc2-c2ccc3ccccc3c2)n[nH]1,5.026872146400302
O=C(O)c1cc(-c2cn(Cc3ccc(F)cc3)cc2-c2ccccc2)n[nH]1,4.1249387366083
O=C(O)c1cc(-c2cc[nH]c2)n[nH]1,4.0
O=C(O)c1cc(-c2ccn(Cc3ccc(F)cc3)c2)n[nH]1,4.0
O=C(O)c1cc(-c2c[nH]cc2-c2ccccc2)n[nH]1,4.0
Cn1cc(-c2ccccc2)c(-c2cc(C(=O)O)[nH]n2)c1,4.0
O=C(O)c1cc(-c2cn(Cc3cccc4ccccc34)cc2-c2ccccc2)n[nH]1,4.5968794788241825
O=C(O)c1cc(-c2cn(CCCCc3ccccc3)cc2-c2ccccc2)n[nH]1,4.200659450546418
O=C(O)c1cc(-c2cn(Cc3ccc(F)cc3)cc2-c2ccc3ccccc3c2)n[nH]1,4.863279432843593
CCOC(=O)c1cc(C)n[nH]1,4.0
CCOC(=O)c1cc(-c2ccccc2)[nH]n1,4.0
CCOC(=O)c1cc(-c2ccccc2-c2ccccc2)n[nH]1,4.0
Cc1cc(C(=O)O)n[nH]1,4.0
O=C(O)c1cc(-c2ccccc2)n[nH]1,4.0
O=C(O)c1cc(-c2ccccc2-c2ccccc2)n[nH]1,4.0
CCOC(=O)c1cc(-c2cn(Cc3ccc(F)cc3)cc2-c2ccc(OCc3ccccc3)cc2)n[nH]1,5.267606240177032
CCOC(=O)c1cc(-c2cn(Cc3ccc(F)cc3)cc2-c2ccc(OCCCCc3ccccc3)cc2)n[nH]1,4.749579997691106
CCOC(=O)c1cc(-c2cn(Cc3cccc4ccccc34)cc2-c2ccc(OCCCCc3ccccc3)cc2)n[nH]1,5.070581074285707
CCOC(=O)c1cc(-c2cn(Cc3ccc(F)cc3)cc2-c2ccc(OCc3cccc4ccccc34)cc2)n[nH]1,5.259637310505756
CCOC(=O)c1cc(-c2cn(Cc3cccc4ccccc34)cc2-c2ccc(OCc3cccc4ccccc34)cc2)n[nH]1,5.3819519032879075
CCOC(=O)c1cc(-c2cn(Cc3ccc(F)cc3)cc2-c2ccc(OCC(=O)Nc3ccc(C(=O)O)cc3)cc2)n[nH]1,5.0915149811213505
CCOC(=O)c1cc(-c2cn(Cc3ccc(F)cc3)cc2-c2ccc(OCC(=O)Nc3ccccc3)cc2)n[nH]1,5.167491087293763
CCOC(=O)c1cc(-c2cn(Cc3cccc4ccccc34)cc2-c2ccc(OCC(=O)Nc3ccccc3)cc2)n[nH]1,5.102372908709558
CCOC(=O)c1cc(-c2cn(Cc3ccc(F)cc3)cc2-c2ccc(OCCCCCc3ccccc3)cc2)n[nH]1,4.58838029403677
O=C(O)c1cc(-c2cn(Cc3ccc(F)cc3)cc2-c2ccc(OCc3ccccc3)cc2)n[nH]1,5.493494967595128
O=C(O)c1cc(-c2cn(Cc3ccc(F)cc3)cc2-c2ccc(OCCCCc3ccccc3)cc2)n[nH]1,6.568636235841013
O=C(O)c1cc(-c2cn(Cc3cccc4ccccc34)cc2-c2ccc(OCCCCc3ccccc3)cc2)n[nH]1,5.623423042943488
O=C(O)c1cc(-c2cn(Cc3ccc(F)cc3)cc2-c2ccc(OCc3cccc4ccccc34)cc2)n[nH]1,5.346787486224656
O=C(O)c1cc(-c2cn(Cc3cccc4ccccc34)cc2-c2ccc(OCc3cccc4ccccc34)cc2)n[nH]1,5.761953896871205
O=C(COc1ccc(-c2cn(Cc3ccc(F)cc3)cc2-c2cc(C(=O)O)[nH]n2)cc1)Nc1ccc(C(=O)O)cc1,4.154901959985743
O=C(COc1ccc(-c2cn(Cc3ccc(F)cc3)cc2-c2cc(C(=O)O)[nH]n2)cc1)Nc1ccccc1,4.638272163982407
O=C(COc1ccc(-c2cn(Cc3cccc4ccccc34)cc2-c2cc(C(=O)O)[nH]n2)cc1)Nc1ccccc1,5.236572006437063
O=C(O)c1cc(-c2cn(Cc3ccc(F)cc3)cc2-c2ccc(OCCCCCc3ccccc3)cc2)n[nH]1,5.036212172654444
CCOC(=O)/C(O)=C/C(=O)c1cn(Cc2ccc(F)cc2)cc1-c1ccccc1,5.0
CCOC(=O)/C(O)=C/C(=O)/C=C/c1cccn1Cc1ccccc1Cl,5.136677139879544
CC[C@H](C)[C@H](N)C(=O)N1CCC[C@H]1C(=O)N[C@@H](CO)C(=O)N[C@H](C(=O)N[C@@H](CC(N)=O)C(=O)N[C@@H](CC(N)=O)C(=O)N[C@@H](CCC(=O)O)C(=O)N[C@H](C(=O)N1CCC[C@H]1C(=O)NCC(=O)N[C@H](C(=O)O)[C@@H](C)CC)[C@@H](C)O)[C@@H](C)CC,3.8239087409443187
CC[C@H](C)[C@@H]1NC(=O)CNC(=O)[C@@H]2CCCN2C(=O)[C@H]([C@@H](C)O)NC(=O)C(CCC(=O)O)NC(=O)[C@H](CC(N)=O)NC(=O)C(CC(N)=O)NC(=O)[C@@H]([C@@H](C)CC)NC(=O)[C@H](CO)NC(=O)[C@@H]2CCCN2C(=O)[C@H]([C@@H](C)CC)NC(=O)[C@@H](N)CSSC[C@@H](C(=O)O)NC1=O,3.8632794328435933
CC[C@H](C)[C@@H]1NC(=O)[C@H](CO)NC(=O)[C@H](N)CSSC[C@@H](C(=O)O)NC(=O)[C@@H]2CCCN2C(=O)[C@H]([C@@H](C)O)NC(=O)[C@H](CCC(=O)O)NC(=O)[C@H](CC(N)=O)NC(=O)[C@H](CC(N)=O)NC1=O,4.214670164989233
CC[C@H](C)[C@@H]1NC(=O)[C@@H](N)CSSC[C@@H](C(=O)O)NC(=O)[C@H](CCC(=O)O)NC(=O)[C@H](CC(N)=O)NC(=O)[C@H](CC(N)=O)NC1=O,4.431798275933005
CC[C@H](C)[C@H](NC(=O)CNC(=O)[C@@H]1CCCN1C(=O)[C@@H](NC(=O)[C@H](CCC(=O)O)NC(=O)[C@H](CC(N)=O)NC(=O)[C@H](CC(N)=O)NC(=O)[C@@H](NC(=O)[C@H](CO)NC(=O)[C@@H]1CCCN1C(=O)[C@@H](NC(=O)[C@@H](NC(=O)[C@@H](N)Cc1ccccc1)[C@@H](C)O)[C@@H](C)CC)[C@@H](C)CC)[C@@H](C)O)C(=O)N[C@@H](CCCNC(=N)N)C(=O)N[C@@H](Cc1ccc(O)cc1)C(=O)O,3.838631997765025
CC[C@H](C)[C@@H]1NC(=O)[C@H](CCCNC(=N)N)NC(=O)[C@H](Cc2ccc(O)cc2)NC(=O)[C@H]2CCCN2C(=O)[C@@H]2CCCN2C(=O)[C@H](Cc2ccccc2)NC(=O)[C@H]([C@H](C)O)NC(=O)[C@H]([C@@H](C)CC)NC(=O)[C@@H]2CCCN2C(=O)[C@H](CC(N)=O)NC(=O)[C@H]([C@@H](C)CC)NC(=O)[C@@H](CO)NC(=O)[C@H](CC(N)=O)NC(=O)[C@@H](CCC(=O)O)NC(=O)[C@H]([C@H](C)O)NC(=O)[C@@H]2CCCN2C(=O)CNC1=O,3.838631997765025
CC[C@H](C)[C@H](N)C(=O)N1CCC[C@H]1C(=O)N[C@@H](CO)C(=O)N[C@H](C(=O)N[C@@H](CC(N)=O)C(=O)N[C@@H](CC(N)=O)C(=O)N[C@@H](CCC(=O)O)C(=O)N[C@H](C(=O)N1CCC[C@H]1C(=O)NCC(=O)N[C@H](C(=O)O)[C@@H](C)CC)[C@@H](C)O)[C@@H](C)CC,3.838631997765025
CC[C@H](C)[C@@H]1NC(=O)CNC(=O)[C@@H]2CCCN2C(=O)[C@H]([C@@H](C)O)NC(=O)C(CCC(=O)O)NC(=O)[C@H](CC(N)=O)NC(=O)C(CC(N)=O)NC(=O)[C@@H]([C@@H](C)CC)NC(=O)[C@H](CO)NC(=O)[C@@H]2CCCN2C(=O)[C@H]([C@@H](C)CC)NC(=O)[C@@H](N)CSSC[C@@H](C(=O)O)NC1=O,3.838631997765025
CC[C@H](C)[C@@H]1NC(=O)[C@H](CO)NC(=O)[C@H](N)CSSC[C@@H](C(=O)O)NC(=O)[C@@H]2CCCN2C(=O)[C@H]([C@@H](C)O)NC(=O)[C@H](CCC(=O)O)NC(=O)[C@H](CC(N)=O)NC(=O)[C@H](CC(N)=O)NC1=O,3.838631997765025
CC[C@H](C)[C@@H]1NC(=O)[C@@H](N)CSSC[C@@H](C(=O)O)NC(=O)[C@H](CCC(=O)O)NC(=O)[C@H](CC(N)=O)NC(=O)[C@H](CC(N)=O)NC1=O,3.960982678002588
Cc1ccnc2c1NC(=O)c1cccnc1N2C1CC1,6.2441251443275085
CC[C@H](C)[C@@H]1NC(=O)CNC(=O)[C@@H]2CCCN2C(=O)[C@H]([C@@H](C)O)NC(=O)C(CCC(=O)O)NC(=O)[C@H](CC(N)=O)NC(=O)C(CC(N)=O)NC(=O)[C@@H]([C@@H](C)CC)NC(=O)[C@H](CO)NC(=O)[C@@H]2CCCN2C(=O)[C@H]([C@@H](C)CC)NC(=O)[C@@H](N)CSSC[C@@H](C(=O)O)NC1=O,3.6020599913279625
CC[C@H](C)[C@@H]1NC(=O)[C@H](CO)NC(=O)[C@H](N)CSSC[C@@H](C(=O)O)NC(=O)[C@@H]2CCCN2C(=O)[C@H]([C@@H](C)O)NC(=O)[C@H](CCC(=O)O)NC(=O)[C@H](CC(N)=O)NC(=O)[C@H](CC(N)=O)NC1=O,3.6020599913279625
CC[C@H](C)[C@@H]1NC(=O)[C@@H](N)CSSC[C@@H](C(=O)O)NC(=O)[C@H](CCC(=O)O)NC(=O)[C@H](CC(N)=O)NC(=O)[C@H](CC(N)=O)NC1=O,3.692503962086787
O=C1CSC(c2ccccc2)N1c1nnc(S)s1,4.0
O=C1CSC(c2ccccc2Cl)N1c1nnc(S)s1,4.0
O=C1CSC(c2cccc(Cl)c2)N1c1nnc(S)s1,4.0
O=C1CSC(c2ccc(Cl)cc2)N1c1n[nH]c(=S)s1,3.4400933749638876
NS(=O)(=O)c1ccc(NC(=O)CSc2nnc(N3C(=O)CSC3c3ccccc3)s2)cc1,4.514846650096348
NS(=O)(=O)c1ccc(NC(=O)CSc2nnc(N3C(=O)CSC3c3ccccc3Cl)s2)cc1,4.660747365967301
NS(=O)(=O)c1ccc(NC(=O)CSc2nnc(N3C(=O)CSC3c3cccc(Cl)c3)s2)cc1,4.717377887121938
NS(=O)(=O)c1ccc(NC(=O)CSc2nnc(N3C(=O)CSC3c3ccc(Cl)cc3)s2)cc1,4.142969201727376
CS(=O)(=O)c1ccc(NC(=O)CSc2nnc(N3C(=O)CSC3c3ccccc3)s2)cc1,4.391046300724137
CS(=O)(=O)c1ccc(NC(=O)CSc2nnc(N3C(=O)CSC3c3ccccc3Cl)s2)cc1,4.927015255372069
CS(=O)(=O)c1ccc(NC(=O)CSc2nnc(N3C(=O)CSC3c3cccc(Cl)c3)s2)cc1,4.80271944187438
CS(=O)(=O)c1ccc(NC(=O)CSc2nnc(N3C(=O)CSC3c3ccc(Cl)cc3)s2)cc1,4.404173222926777
Cc1ccnc2c1NC(=O)c1cccnc1N2C1CC1,5.809668301829708
N#Cc1cc(Cl)cc(Oc2ccc(OS(=O)(=O)F)cc2Cl)c1,5.309803919971486
N#Cc1cc(Cl)cc(Oc2cc(OS(=O)(=O)F)ccc2Cl)c1,6.079354998593212
N#Cc1cc(Cl)cc(Oc2ccc(OS(=O)(=O)F)cc2OCCn2ccc(=O)[nH]c2=O)c1,6.987162775294828
Cn1c(=O)ccn(CCOc2cc(OS(=O)(=O)F)ccc2Oc2cc(Cl)cc(C#N)c2)c1=O,6.609064892896621
N#Cc1ccc2c(Oc3ccc(OS(=O)(=O)F)cc3OCCn3ccc(=O)[nH]c3=O)cccc2c1,7.08460016478773
N#Cc1ccc2c(Oc3ccc(OS(=O)(=O)F)cc3OCCn3ccc(=O)[nH]c3=O)cc(Cl)cc2c1,7.8326826652518236
Cn1c(=O)ccn(CCOc2cc(OS(=O)(=O)F)ccc2Oc2cccn3cc(C#N)cc23)c1=O,6.785156151952302
N#Cc1cc2c(Oc3ccc(OS(=O)(=O)F)cc3OCCn3ccc(=O)[nH]c3=O)cc(F)cn2c1,7.1938200260161125
N#Cc1cc2c(Oc3ccc(OS(=O)(=O)F)cc3OCCn3ccc(=O)[nH]c3=O)cc(Cl)cn2c1,7.372634143407267
N#C/C=C/c1cc(F)cc(Oc2ccc(OS(=O)(=O)F)cc2OCCn2ccc(=O)[nH]c2=O)c1,6.823908740944319
N#C/C=C/c1cc(Cl)cc(Oc2ccc(OS(=O)(=O)F)cc2OCCn2ccc(=O)[nH]c2=O)c1,6.924453038607469
N#Cc1cc(Cl)cc(Oc2ccc(S(=O)(=O)F)cc2OCCn2ccc(=O)[nH]c2=O)c1,5.301029995663981
Cn1c(=O)ccn(CCOc2cc(S(=O)(=O)F)ccc2Oc2cc(Cl)cc(C#N)c2)c1=O,6.425968732272281
Cc1ccnc2c1NC(=O)c1cccnc1N2C1CC1,5.97469413473523
Cc1cc(/C=C/C#N)cc(C)c1Nc1ccnc(Nc2ccc(C#N)cc2)n1,7.42021640338319
N#Cc1cc(Cl)cc(Oc2ccc(OS(=O)(=O)F)cc2OCCn2ccc(=O)[nH]c2=O)c1,6.787812395596042
Cn1c(=O)ccn(CCOc2cc(OS(=O)(=O)F)ccc2Oc2cccn3cc(C#N)cc23)c1=O,5.952725132615821
N#Cc1cc2c(Oc3ccc(OS(=O)(=O)F)cc3OCCn3ccc(=O)[nH]c3=O)cc(F)cn2c1,6.367542707815276
N#C/C=C/c1cc(Cl)cc(Oc2ccc(Cl)cc2OCCn2ccc(=O)[nH]c2=O)c1,8.522878745280337
O=C1Nc2ccc(Cl)cc2[C@@](C#CC2CC2)(C(F)(F)F)O1,10.040958607678906
CC(C)CN(C[C@@H](O)[C@H](Cc1ccccc1)NC(=O)Cc1cc2ccc(O)cc2oc1=O)S(=O)(=O)c1ccc(N)cc1,6.3460160926259315
CC(C)CN(C[C@@H](O)[C@H](Cc1ccccc1)NC(=O)Cc1cc2ccc(O)cc2oc1=O)S(=O)(=O)c1ccc([N+](=O)[O-])cc1,6.425505731714672
CC(C)CN(C[C@@H](O)[C@H](Cc1ccccc1)NC(=O)Cc1cc(=O)oc2cc(N(C)C)ccc12)S(=O)(=O)c1ccc(N)cc1,6.242452146530756
COc1ccc(S(=O)(=O)N(CC(C)C)C[C@@H](O)[C@H](Cc2ccccc2)NC(=O)Cc2cc(=O)oc3cc(N(C)C)ccc23)cc1,6.449649327698385
COc1ccc2c(CC(=O)N[C@@H](Cc3ccccc3)[C@H](O)CN(CC(C)C)S(=O)(=O)c3ccc(N)cc3)cc(=O)oc2c1,6.3865810549654265
COc1ccc2c(CC(=O)N[C@@H](Cc3ccccc3)[C@H](O)CN(CC(C)C)S(=O)(=O)c3ccc([N+](=O)[O-])cc3)cc(=O)oc2c1,6.428524096318056
COc1ccc(S(=O)(=O)N(CC(C)C)C[C@@H](O)[C@H](Cc2ccccc2)NC(=O)Cc2cc(=O)oc3cc(OC)ccc23)cc1,6.616543703475247
CC(C)CN(C[C@@H](O)[C@H](Cc1ccccc1)NC(=O)Cc1cc(=O)oc2cc(O)ccc12)S(=O)(=O)c1ccc([N+](=O)[O-])cc1,6.43533393574791
COc1ccc(S(=O)(=O)N(CC(C)C)C[C@@H](O)[C@H](Cc2ccccc2)NC(=O)Cc2cc(=O)oc3cc(O)ccc23)cc1,6.33856594960608
COc1ccc2cc(C(=O)N[C@@H](Cc3ccccc3)[C@H](O)CN(CC(C)C)S(=O)(=O)c3ccc(N)cc3)c(=O)oc2c1,6.151379882565866
COc1ccc(S(=O)(=O)N(CC(C)C)C[C@@H](O)[C@H](Cc2ccccc2)NC(=O)c2cc3ccc(OC)cc3oc2=O)cc1,6.431329021990103
CC(C)CN(C[C@@H](O)[C@H](Cc1ccccc1)NC(=O)c1cc2ccc(O)cc2oc1=O)S(=O)(=O)c1ccc(N)cc1,6.25617677839625
CC(C)CN(C[C@@H](O)[C@H](Cc1ccccc1)NC(=O)c1cc2ccc(O)cc2oc1=O)S(=O)(=O)c1ccc([N+](=O)[O-])cc1,6.724228099835068
COc1ccc(S(=O)(=O)N(CC(C)C)C[C@@H](O)[C@H](Cc2ccccc2)NC(=O)c2cc3ccc(O)cc3oc2=O)cc1,6.376027487983004
CC(C)CN(C[C@@H](O)[C@H](Cc1ccccc1)NC(=O)c1cc2ccccc2oc1=O)S(=O)(=O)c1ccc(N)cc1,7.123205023799299
COc1ccc(S(=O)(=O)N(CC(C)C)C[C@@H](O)[C@H](Cc2ccccc2)NC(=O)c2cc3ccccc3oc2=O)cc1,6.324404943613254
CC(C)CN(C[C@@H](O)[C@H](Cc1ccccc1)NC(=O)c1ccc2oc(=O)ccc2c1)S(=O)(=O)c1ccc(N)cc1,6.400116927926312
COc1ccc(S(=O)(=O)N(CC(C)C)C[C@@H](O)[C@H](Cc2ccccc2)NC(=O)c2ccc3oc(=O)ccc3c2)cc1,6.22373478173189
CC(C)CN(C[C@@H](O)[C@H](Cc1ccccc1)NC(=O)c1ccc2oc(=O)ccc2c1)S(=O)(=O)c1ccc([N+](=O)[O-])cc1,3.0
CC(C)CN(C[C@@H](O)[C@H](Cc1ccccc1)NC(=O)Cc1cc2ccc(N)cc2oc1=O)S(=O)(=O)c1ccc(N)cc1,3.0
CC(C)CN(C[C@@H](O)[C@H](Cc1ccccc1)NC(=O)Cc1cc2ccc(N)cc2oc1=O)S(=O)(=O)c1ccc([N+](=O)[O-])cc1,3.0
COc1ccc(S(=O)(=O)N(CC(C)C)C[C@@H](O)[C@H](Cc2ccccc2)NC(=O)Cc2cc3ccc(N)cc3oc2=O)cc1,3.0
CC(C)CN(C[C@@H](O)[C@H](Cc1ccccc1)NC(=O)Cc1cc(=O)oc2cc(N(C)C)ccc12)S(=O)(=O)c1ccc([N+](=O)[O-])cc1,3.0
CC(C)CN(C[C@@H](O)[C@H](Cc1ccccc1)NC(=O)Cc1cc(=O)oc2cc(O)ccc12)S(=O)(=O)c1ccc(N)cc1,3.0
COc1ccc2cc(C(=O)N[C@@H](Cc3ccccc3)[C@H](O)CN(CC(C)C)S(=O)(=O)c3ccc([N+](=O)[O-])cc3)c(=O)oc2c1,3.0
CC(C)CN(C[C@@H](O)[C@H](Cc1ccccc1)NC(=O)c1cc2ccccc2oc1=O)S(=O)(=O)c1ccc([N+](=O)[O-])cc1,3.0
CC(C)CN(C[C@@H](O)[C@H](Cc1ccccc1)NC(=O)Oc1c2occc2cc2ccc(=O)oc12)S(=O)(=O)c1ccc([N+](=O)[O-])cc1,3.0
COc1ccc(S(=O)(=O)N(CC(C)C)C[C@@H](O)[C@H](Cc2ccccc2)NC(=O)Oc2c3occc3cc3ccc(=O)oc23)cc1,3.0
Cc1cc(=O)oc2cc(OC(=O)N[C@@H](Cc3ccccc3)[C@H](O)CN(CC(C)C)S(=O)(=O)c3ccc([N+](=O)[O-])cc3)ccc12,3.0
COc1ccc(S(=O)(=O)N(CC(C)C)C[C@@H](O)[C@H](Cc2ccccc2)NC(=O)Oc2ccc3c(C)cc(=O)oc3c2)cc1,3.0
O=C1Nc2ccc(Cl)cc2[C@@](C#CC2CC2)(C(F)(F)F)O1,6.7447274948966935
NC(=O)c1[nH]c2ccc(Br)cc2c1S(=O)(=O)N1CCCC1,6.318758762624412
C=CS(=O)(=O)N1CCC[C@@H](NS(=O)(=O)c2c(C(N)=O)[nH]c3ccc(Br)cc23)C1,4.0
C=CS(=O)(=O)N1CC[C@H](NS(=O)(=O)c2c(C(N)=O)[nH]c3ccc(Br)cc23)C1,4.0
COC(=O)c1c(N)c(C#N)nn1-c1ccccc1OCc1ccccc1,3.0
Cc1cc(C)cc(S(=O)(=O)c2c(C(=O)Nc3ccc(O)cc3)[nH]c3ccc(Cl)cc23)c1,7.161150909262744
Cc1cc(C)cc(S(=O)(=O)c2c(C(=O)NCc3ccccc3O)[nH]c3ccc(Cl)cc23)c1,7.080921907623926
Cc1cc(C)cc(S(=O)(=O)c2c(C(=O)NCc3ccccc3N)[nH]c3ccc(Cl)cc23)c1,7.721246399047171
Cc1cc(C)cc(S(=O)(=O)c2c(C(=O)NCc3cccc(O)c3)[nH]c3ccc(Cl)cc23)c1,7.167491087293763
Cc1cc(C)cc(S(=O)(=O)c2c(C(=O)NCc3ccc(O)cc3)[nH]c3ccc(Cl)cc23)c1,7.214670164989233
Cc1cc(C)cc(S(=O)(=O)c2c(C(=O)NCc3ccc(CO)cc3)[nH]c3ccc(Cl)cc23)c1,7.42021640338319
Cc1cc(C)cc(S(=O)(=O)c2c(C(=O)NC(C)C(=O)NCc3cccc(O)c3)[nH]c3ccc(Cl)cc23)c1,6.681936665037238
Cc1ccnc2c1NC(=O)c1cccnc1N2C1CC1,6.3979400086720375
O=C1Nc2ccc(Cl)cc2[C@@](C#CC2CC2)(C(F)(F)F)O1,7.096910013008056
Cc1cc(C#N)cc(C)c1Oc1nc(Nc2ccc(C#N)cc2)nc(N)c1Br,8.0
Cc1cc(C)cc(S(=O)(=O)c2c(C(=O)Nc3ccc(O)cc3)[nH]c3ccc(Cl)cc23)c1,6.97469413473523
Cc1cc(C)cc(S(=O)(=O)c2c(C(=O)NCc3ccccc3O)[nH]c3ccc(Cl)cc23)c1,7.136677139879544
Cc1cc(C)cc(S(=O)(=O)c2c(C(=O)NCc3ccccc3N)[nH]c3ccc(Cl)cc23)c1,8.154901959985743
Cc1cc(C)cc(S(=O)(=O)c2c(C(=O)NCc3cccc(O)c3)[nH]c3ccc(Cl)cc23)c1,8.698970004336019
Cc1cc(C)cc(S(=O)(=O)c2c(C(=O)NCc3ccc(O)cc3)[nH]c3ccc(Cl)cc23)c1,7.346787486224656
Cc1cc(C)cc(S(=O)(=O)c2c(C(=O)NCc3ccc(CO)cc3)[nH]c3ccc(Cl)cc23)c1,7.102372908709558
Cc1cc(C)cc(S(=O)(=O)c2c(C(=O)NC(C)C(=O)NCc3cccc(O)c3)[nH]c3ccc(Cl)cc23)c1,7.920818753952375
Cc1ccnc2c1NC(=O)c1cccnc1N2C1CC1,5.154901959985743
O=C1Nc2ccc(Cl)cc2[C@@](C#CC2CC2)(C(F)(F)F)O1,4.698970004336019
Cc1cc(C#N)cc(C)c1Oc1nc(Nc2ccc(C#N)cc2)nc(N)c1Br,7.698970004336019
Cc1cc(C#N)cc(C)c1Oc1ccnc(Nc2ccc(CN3CCS(=O)(=O)CC3)cc2)n1,7.107905397309519
Cc1cc(C#N)cc(C)c1Oc1ccnc(Nc2ccc(CN3CCCN(S(=O)(=O)C4CC4)CC3)cc2)n1,6.698970004336019
Cc1cc(C#N)cc(C)c1Oc1ccnc(Nc2ccc(CN3CCN(S(=O)(=O)C(C)C)CC3)cc2)n1,7.136677139879544
C=CC(=O)N1CCN(Cc2ccc(Nc3nccc(Oc4c(C)cc(C#N)cc4C)n3)cc2)CC1,6.795880017344075
Cc1cc(/C=C/C#N)cc(C)c1Oc1ccnc(Nc2ccc(CN3CCSCC3)cc2)n1,7.2076083105017466
Cc1cc(/C=C/C#N)cc(C)c1Oc1ccnc(Nc2ccc(CN3CC[S+]([O-])CC3)cc2)n1,7.292429823902063
Cc1cc(/C=C/C#N)cc(C)c1Oc1ccnc(Nc2ccc(CN3CCS(=O)(=O)CC3)cc2)n1,7.468521082957745
Cc1cc(/C=C/C#N)cc(C)c1Oc1ccnc(Nc2ccc(CN3CCCN(S(=O)(=O)N(C)C)CC3)cc2)n1,7.026872146400302
CCS(=O)(=O)N1CCN(Cc2ccc(Nc3nccc(Oc4c(C)cc(/C=C/C#N)cc4C)n3)cc2)CC1,7.2839966563652006
C=CC(=O)N1CCN(Cc2ccc(Nc3nccc(Oc4c(C)cc(/C=C/C#N)cc4C)n3)cc2)CC1,7.1487416512809245
Cc1ccnc2c1NC(=O)c1cccnc1N2C1CC1,6.1938200260161125
O=C1Nc2ccc(Cl)cc2[C@@](C#CC2CC2)(C(F)(F)F)O1,8.09151498112135
Cc1cc(C#N)cc(C)c1Oc1nc(Nc2ccc(C#N)cc2)nc(N)c1Br,7.958607314841775
Cc1cc(C#N)cc(C)c1Oc1ccnc(Nc2ccc(CN3CCS(=O)(=O)CC3)cc2)n1,7.110026361596004
Cc1cc(C#N)cc(C)c1Oc1ccnc(Nc2ccc(CN3CCCN(S(=O)(=O)C4CC4)CC3)cc2)n1,6.699991797446187
Cc1cc(C#N)cc(C)c1Oc1ccnc(Nc2ccc(CN3CCN(S(=O)(=O)C(C)C)CC3)cc2)n1,7.140021558357979
C=CC(=O)N1CCN(Cc2ccc(Nc3nccc(Oc4c(C)cc(C#N)cc4C)n3)cc2)CC1,6.799998134593398
Cc1cc(/C=C/C#N)cc(C)c1Oc1ccnc(Nc2ccc(CN3CCSCC3)cc2)n1,7.209996479609511
Cc1cc(/C=C/C#N)cc(C)c1Oc1ccnc(Nc2ccc(CN3CC[S+]([O-])CC3)cc2)n1,7.289967300934246
Cc1cc(/C=C/C#N)cc(C)c1Oc1ccnc(Nc2ccc(CN3CCS(=O)(=O)CC3)cc2)n1,7.470056598341331
Cc1cc(/C=C/C#N)cc(C)c1Oc1ccnc(Nc2ccc(CN3CCCN(S(=O)(=O)N(C)C)CC3)cc2)n1,7.029978734171634
CCS(=O)(=O)N1CCN(Cc2ccc(Nc3nccc(Oc4c(C)cc(/C=C/C#N)cc4C)n3)cc2)CC1,7.280006173632396
C=CC(=O)N1CCN(Cc2ccc(Nc3nccc(Oc4c(C)cc(/C=C/C#N)cc4C)n3)cc2)CC1,7.15002808767115
Cc1ccnc2c1NC(=O)c1cccnc1N2C1CC1,6.190002844637807
O=C1Nc2ccc(Cl)cc2[C@@](C#CC2CC2)(C(F)(F)F)O1,8.090016305060155
Cc1cc(C#N)cc(C)c1Oc1nc(Nc2ccc(C#N)cc2)nc(N)c1Br,7.96018944585165
Cc1cc(/C=C/C#N)cc(C)c1Oc1nc(Nc2ccc(CN3CCNCC3)cc2)nc2ccsc12,6.150580586203101
Cc1cc(/C=C/C#N)cc(C)c1Oc1nc(Nc2ccc(CN3CCNCC3)cc2)nc2sccc12,6.82102305270683
Cc1cc(/C=C/C#N)cc(C)c1Oc1nc(Nc2ccc(CN3CCN(S(N)(=O)=O)CC3)cc2)nc2ccsc12,6.017276612331455
Cc1cc(/C=C/C#N)cc(C)c1Oc1nc(Nc2ccc(CN3CCN(S(C)(=O)=O)CC3)cc2)nc2ccsc12,6.856985199745905
Cc1cc(/C=C/C#N)cc(C)c1Oc1nc(Nc2ccc(CN3CCN(S(N)(=O)=O)CC3)cc2)nc2sccc12,6.52432881167557
Cc1cc(/C=C/C#N)cc(C)c1Oc1nc(Nc2ccc(CN3CCN(S(C)(=O)=O)CC3)cc2)nc2sccc12,6.987162775294828
Cc1cc(/C=C/C#N)cc(C)c1Oc1nc(Nc2ccc(N3CCNCC3)cc2)nc2ccsc12,6.024568191490737
Cc1cc(/C=C/C#N)cc(C)c1Oc1nc(Nc2ccc(N3CCNCC3)cc2)nc2sccc12,6.071092309756048
Cc1cc(/C=C/C#N)cc(C)c1Oc1nc(Nc2ccc(N3CCN(S(N)(=O)=O)CC3)cc2)nc2ccsc12,6.669586226650809
Cc1cc(/C=C/C#N)cc(C)c1Oc1nc(Nc2ccc(N3CCN(S(C)(=O)=O)CC3)cc2)nc2ccsc12,6.675717544702307
Cc1cc(/C=C/C#N)cc(C)c1Oc1nc(Nc2ccc(N3CCN(S(N)(=O)=O)CC3)cc2)nc2sccc12,6.146910470148135
Cc1cc(/C=C/C#N)cc(C)c1Oc1nc(Nc2ccc(N3CCN(S(C)(=O)=O)CC3)cc2)nc2sccc12,6.621602099051862
Cc1cc(/C=C/C#N)cc(C)c1Oc1nc(Nc2ccc(N3CCCC(N)C3)cc2)nc2ccsc12,5.800793520838342
Cc1cc(/C=C/C#N)cc(C)c1Oc1nc(Nc2ccc(N3CCCC(N)C3)cc2)nc2sccc12,6.0195421077238995
Cc1cc(/C=C/C#N)cc(C)c1Oc1nc(Nc2ccc(N3CCCC(NS(N)(=O)=O)C3)cc2)nc2ccsc12,5.617802789622546
Cc1cc(/C=C/C#N)cc(C)c1Oc1nc(Nc2ccc(N3CCCC(NS(C)(=O)=O)C3)cc2)nc2ccsc12,6.110698297493689
Cc1cc(/C=C/C#N)cc(C)c1Oc1nc(Nc2ccc(N3CCCC(NS(N)(=O)=O)C3)cc2)nc2sccc12,5.319664486585437
Cc1cc(/C=C/C#N)cc(C)c1Oc1nc(Nc2ccc(N3CCCC(NS(C)(=O)=O)C3)cc2)nc2sccc12,5.993533957750769
Cc1ccnc2c1NC(=O)c1cccnc1N2C1CC1,6.2403321553103694
O=C1Nc2ccc(Cl)cc2[C@@](C#CC2CC2)(C(F)(F)F)O1,8.096910013008056
CN(c1ccnc(Nc2ccc(C#N)cc2)n1)c1c(F)cc(-c2ccc(C#N)cc2)cc1F,7.823908740944319
CCN(c1ccnc(Nc2ccc(C#N)cc2)n1)c1c(F)cc(-c2ccc(C#N)cc2)cc1F,7.522878745280337
CCCN(c1ccnc(Nc2ccc(C#N)cc2)n1)c1c(F)cc(-c2ccc(C#N)cc2)cc1F,7.3872161432802645
N#Cc1ccc(Nc2nccc(N(CCO)c3c(F)cc(-c4ccc(C#N)cc4)cc3F)n2)cc1,7.823908740944319
N#Cc1ccc(Nc2nccc(N(CCCO)c3c(F)cc(-c4ccc(C#N)cc4)cc3F)n2)cc1,7.522878745280337
N#Cc1ccc(Nc2nccc(N(CCF)c3c(F)cc(-c4ccc(C#N)cc4)cc3F)n2)cc1,7.5376020021010435
N#CCN(c1ccnc(Nc2ccc(C#N)cc2)n1)c1c(F)cc(-c2ccc(C#N)cc2)cc1F,7.6777807052660805
C=CCN(c1ccnc(Nc2ccc(C#N)cc2)n1)c1c(F)cc(-c2ccc(C#N)cc2)cc1F,7.1938200260161125
COCN(c1ccnc(Nc2ccc(C#N)cc2)n1)c1c(F)cc(-c2ccc(C#N)cc2)cc1F,7.6020599913279625
CC(=O)N(c1ccnc(Nc2ccc(C#N)cc2)n1)c1c(F)cc(-c2ccc(C#N)cc2)cc1F,7.3979400086720375
CCS(=O)(=O)N(c1ccnc(Nc2ccc(C#N)cc2)n1)c1c(F)cc(-c2ccc(C#N)cc2)cc1F,6.698970004336019
Cc1cnc(Nc2ccc(C#N)cc2)nc1Nc1c(F)cc(-c2ccc(C#N)cc2)cc1F,7.886056647693163
Cc1ccnc2c1NC(=O)c1cccnc1N2C1CC1,6.236572006437063
O=C1Nc2ccc(Cl)cc2[C@@](C#CC2CC2)(C(F)(F)F)O1,8.0
Cc1cc(C#N)cc(C)c1Oc1nc(Nc2ccc(C#N)cc2)nc(N)c1Br,7.958607314841775
Cc1cc(C#CC=C2CCNCC2)cc(C)c1Oc1ccnc(Nc2ccc(C#N)cc2)n1,6.886056647693163
Cc1cc(C#CC=C2CCN(S(C)(=O)=O)CC2)cc(C)c1Oc1ccnc(Nc2ccc(C#N)cc2)n1,5.703334809738469
CCC(=O)N1CCC(=CC#Cc2cc(C)c(Oc3ccnc(Nc4ccc(C#N)cc4)n3)c(C)c2)CC1,5.525783735923745
Cc1cc(C#N)cc(C)c1Oc1nc(Nc2ccc(C#N)cc2)nc(N)c1Br,7.318758762624412
Cc1cc(/C=C/C#N)cc(C)c1Nc1cc(N)nc(Nc2ccc(C#N)cc2)n1,6.638272163982407
C#CCNC(=O)/C=C/c1cnc(Nc2ccc(C#N)cc2)nc1Oc1c(C)cc(C#N)cc1C,7.229147988357855
Cc1cc(C#N)cc(C)c1Oc1nc(Nc2ccc(C#N)cc2)ncc1SCC(=O)NCCCN1CCOCC1,7.455931955649724
Cc1cc(C#N)cc(C)c1Oc1nc(Nc2ccc(C#N)cc2)nc(N)c1Br,6.455931955649724
Cc1cc(C#N)cc(C)c1Oc1nc(Nc2ccc(C#N)cc2)ncc1-c1ccncc1,6.2441251443275085
Cc1cc(C#N)cc(C)c1Oc1nc(Nc2ccc(C#N)cc2)nc(N)c1Br,7.229147988357855
COc1ccc(S(=O)(=O)N(CC(C)C)C[C@@H](O)[C@H](Cc2ccccc2)NC(=O)/C=C/c2ccc(O)c(O)c2)cc1,7.38933983691012
CC(C)CN(C[C@@H](O)[C@H](Cc1ccccc1)NC(=O)/C=C/c1ccc(O)c(O)c1)S(=O)(=O)c1ccc(N)cc1,8.1249387366083
CSc1ccc(S(=O)(=O)N(CC(C)C)C[C@@H](O)[C@H](Cc2ccccc2)NC(=O)/C=C/c2ccc(O)c(O)c2)cc1,7.667561540084395
COc1ccc(S(=O)(=O)N(CC(C)C)C[C@@H](O)[C@H](Cc2ccccc2)NC(=O)/C=C/c2ccc(O)c(O)c2)cn1,7.449771646944906
CCCN(C[C@@H](O)[C@H](Cc1ccccc1)NC(=O)/C=C/c1ccc(O)c(O)c1)S(=O)(=O)c1ccc(OC)cc1,7.2716462179787715
COc1ccc(S(=O)(=O)N(C[C@@H](O)[C@H](Cc2ccccc2)NC(=O)/C=C/c2ccc(O)c(O)c2)C2CC2)cc1,7.501689446210399
COc1ccc(S(=O)(=O)N(C[C@@H](O)[C@H](Cc2ccccc2)NC(=O)/C=C/c2ccc(O)c(O)c2)C(C)C)cc1,7.2716462179787715
COc1ccc(S(=O)(=O)N(CC(C)C)C[C@@H](O)[C@H](Cc2ccccc2)NC(=O)/C=C/c2ccc(O)c(OC)c2)cc1,6.835647144215563
COc1cc(/C=C/C(=O)N[C@@H](Cc2ccccc2)[C@H](O)CN(CC(C)C)S(=O)(=O)c2ccc(N)cc2)ccc1O,7.361510743045363
COc1cc(/C=C/C(=O)N[C@@H](Cc2ccccc2)[C@H](O)CN(CC(C)C)S(=O)(=O)c2ccc(SC)cc2)ccc1O,7.002176919254275
COc1ccc(S(=O)(=O)N(CC(C)C)C[C@@H](O)[C@H](Cc2ccccc2)NC(=O)/C=C/c2ccc(O)c(OC)c2)cn1,6.906578314837765
CCCN(C[C@@H](O)[C@H](Cc1ccccc1)NC(=O)/C=C/c1ccc(O)c(OC)c1)S(=O)(=O)c1ccc(OC)cc1,6.97469413473523
COc1ccc(S(=O)(=O)N(C[C@@H](O)[C@H](Cc2ccccc2)NC(=O)/C=C/c2ccc(O)c(OC)c2)C2CC2)cc1,7.361510743045363
COc1ccc(S(=O)(=O)N(C[C@@H](O)[C@H](Cc2ccccc2)NC(=O)/C=C/c2ccc(O)c(OC)c2)C(C)C)cc1,7.057991946977687
COc1ccc(S(=O)(=O)N(CC(C)C)C[C@@H](O)[C@H](Cc2ccccc2)NC(=O)/C=C/c2cc(OC)c(O)c(OC)c2)cc1,6.903089986991944
COc1cc(/C=C/C(=O)N[C@@H](Cc2ccccc2)[C@H](O)CN(CC(C)C)S(=O)(=O)c2ccc(N)cc2)cc(OC)c1O,8.823908740944319
COc1cc(/C=C/C(=O)N[C@@H](Cc2ccccc2)[C@H](O)CN(CC(C)C)S(=O)(=O)c2ccc(SC)cc2)cc(OC)c1O,7.288192770958809
COc1ccc(S(=O)(=O)N(CC(C)C)C[C@@H](O)[C@H](Cc2ccccc2)NC(=O)/C=C/c2cc(OC)c(O)c(OC)c2)cn1,7.939302159646388
CCCN(C[C@@H](O)[C@H](Cc1ccccc1)NC(=O)/C=C/c1cc(OC)c(O)c(OC)c1)S(=O)(=O)c1ccc(OC)cc1,7.043351420794797
COc1ccc(S(=O)(=O)N(C[C@@H](O)[C@H](Cc2ccccc2)NC(=O)/C=C/c2cc(OC)c(O)c(OC)c2)C2CC2)cc1,7.474955192963154
COc1ccc(S(=O)(=O)N(C[C@@H](O)[C@H](Cc2ccccc2)NC(=O)/C=C/c2cc(OC)c(O)c(OC)c2)C(C)C)cc1,6.701146923590294
O=C1Nc2ccc(Cl)cc2[C@@](C#CC2CC2)(C(F)(F)F)O1,10.040958607678906
COc1ccc(S(=O)(=O)N(CC(C)C)C[C@@H](O)[C@H](Cc2ccccc2)NC(=O)CCc2ccc(O)c(O)c2)cc1,8.455931955649724
CC(C)CN(C[C@@H](O)[C@H](Cc1ccccc1)NC(=O)CCc1ccc(O)c(O)c1)S(=O)(=O)c1ccc(N)cc1,8.022276394711152
CSc1ccc(S(=O)(=O)N(CC(C)C)C[C@@H](O)[C@H](Cc2ccccc2)NC(=O)CCc2ccc(O)c(O)c2)cc1,9.366531544420413
COc1ccc(S(=O)(=O)N(CC(C)C)C[C@@H](O)[C@H](Cc2ccccc2)NC(=O)CCc2ccc(O)c(O)c2)cn1,8.602059991327963
CCCN(C[C@@H](O)[C@H](Cc1ccccc1)NC(=O)CCc1ccc(O)c(O)c1)S(=O)(=O)c1ccc(OC)cc1,8.1249387366083
COc1ccc(S(=O)(=O)N(C[C@@H](O)[C@H](Cc2ccccc2)NC(=O)CCc2ccc(O)c(O)c2)C2CC2)cc1,7.341988603342887
COc1ccc(S(=O)(=O)N(C[C@@H](O)[C@H](Cc2ccccc2)NC(=O)CCc2ccc(O)c(O)c2)C(C)C)cc1,7.688246138944246
COc1ccc(S(=O)(=O)N(CC(C)C)C[C@@H](O)[C@H](Cc2ccccc2)NC(=O)CCc2ccc(O)c(OC)c2)cc1,6.686132779630847
COc1cc(CCC(=O)N[C@@H](Cc2ccccc2)[C@H](O)CN(CC(C)C)S(=O)(=O)c2ccc(N)cc2)ccc1O,7.501689446210399
COc1cc(CCC(=O)N[C@@H](Cc2ccccc2)[C@H](O)CN(CC(C)C)S(=O)(=O)c2ccc(SC)cc2)ccc1O,8.455931955649724
COc1ccc(S(=O)(=O)N(CC(C)C)C[C@@H](O)[C@H](Cc2ccccc2)NC(=O)CCc2ccc(O)c(OC)c2)cn1,6.617982957425132
CCCN(C[C@@H](O)[C@H](Cc1ccccc1)NC(=O)CCc1ccc(O)c(OC)c1)S(=O)(=O)c1ccc(OC)cc1,6.6307841425898575
COc1ccc(S(=O)(=O)N(C[C@@H](O)[C@H](Cc2ccccc2)NC(=O)CCc2ccc(O)c(OC)c2)C2CC2)cc1,6.54515513999149
COc1ccc(S(=O)(=O)N(C[C@@H](O)[C@H](Cc2ccccc2)NC(=O)CCc2ccc(O)c(OC)c2)C(C)C)cc1,7.392544976785332
COc1ccc(S(=O)(=O)N(CC(C)C)C[C@@H](O)[C@H](Cc2ccccc2)NC(=O)CCc2cc(OC)c(O)cc2OC)cc1,7.136677139879544
COc1cc(CCC(=O)N[C@@H](Cc2ccccc2)[C@H](O)CN(CC(C)C)S(=O)(=O)c2ccc(N)cc2)c(OC)cc1O,6.94692155651658
COc1cc(CCC(=O)N[C@@H](Cc2ccccc2)[C@H](O)CN(CC(C)C)S(=O)(=O)c2ccc(SC)cc2)c(OC)cc1O,7.2168113089247425
COc1ccc(S(=O)(=O)N(CC(C)C)C[C@@H](O)[C@H](Cc2ccccc2)NC(=O)CCc2cc(OC)c(O)cc2OC)cn1,8.527243550682787
CCCN(C[C@@H](O)[C@H](Cc1ccccc1)NC(=O)CCc1cc(OC)c(O)cc1OC)S(=O)(=O)c1ccc(OC)cc1,8.187086643357144
COc1ccc(S(=O)(=O)N(C[C@@H](O)[C@H](Cc2ccccc2)NC(=O)CCc2cc(OC)c(O)cc2OC)C2CC2)cc1,8.045757490560675
COc1ccc(S(=O)(=O)N(C[C@@H](O)[C@H](Cc2ccccc2)NC(=O)CCc2cc(OC)c(O)cc2OC)C(C)C)cc1,6.52432881167557
NC[C@@H](NC(=O)c1cc2ccc(Cl)cc2[nH]1)c1ncc(CO)s1,3.54515513999149
NC[C@H](NC(=O)c1cc2ccc(Cl)cc2[nH]1)c1ncc(CO)s1,3.6108339156354674
NC[C@@H](NC(=O)c1ccc(-c2ccc(Cl)cc2)[nH]1)c1nccs1,4.508638306165727
NC[C@H](NC(=O)c1ccc(-c2ccc(Cl)cc2)[nH]1)c1nccs1,4.723538195826756
O=C(NC1(c2nc(CO)cs2)CCNCC1)c1ccc(-c2ccc(C(F)(F)F)cc2)[nH]1,5.769551078621726
CC1(C)CC(NC(=O)C(=O)Nc2ccc(Cl)cc2)CC(C)(C)N1,3.5228787452803374
Cc1ccnc2c1NC(=O)c1cccnc1N2C1CC1,6.301029995663981
Cc1cc(C#N)cc(C)c1Oc1nc(NC2CCN(Cc3ccc(S(N)(=O)=O)cc3)CC2)nc2c1CSCC2,6.82102305270683
Cc1cc(C#N)cc(C)c1Oc1nc(NC2CCN(Cc3ccc(S(C)(=O)=O)cc3)CC2)nc2c1CSCC2,6.872895201635193
Cc1cc(C#N)cc(C)c1Oc1nc(NC2CCN(Cc3ccc(C(N)=O)cc3)CC2)nc2c1CSCC2,6.844663962534939
Cc1cc(C#N)cc(C)c1Oc1nc(NC2CCN(Cc3cccc(C(N)=O)c3)CC2)nc2c1CSCC2,6.841637507904751
Cc1cc(C#N)cc(C)c1Oc1nc(NC2CCN(Cc3cc(=O)[nH]c(=O)[nH]3)CC2)nc2c1CSCC2,7.050609993355087
Cc1cc(C#N)cc(C)c1Oc1nc(NC2CCN(Cc3ccc([N+](=O)[O-])cc3)CC2)nc2c1CSCC2,6.638272163982407
Cc1cc(/C=C/C#N)cc(C)c1Oc1nc(NC2CCN(Cc3ccc(S(N)(=O)=O)cc3)CC2)nc2c1CSCC2,6.692503962086787
Cc1cc(/C=C/C#N)cc(C)c1Oc1nc(NC2CCN(Cc3ccc(S(C)(=O)=O)cc3)CC2)nc2c1CSCC2,3.4400933749638876
Cc1cc(/C=C/C#N)cc(C)c1Oc1nc(NC2CCN(Cc3ccc(C(N)=O)cc3)CC2)nc2c1CSCC2,6.747146969020107
Cc1cc(/C=C/C#N)cc(C)c1Oc1nc(NC2CCN(Cc3cccc(C(N)=O)c3)CC2)nc2c1CSCC2,6.735182176990463
Cc1cc(/C=C/C#N)cc(C)c1Oc1nc(NC2CCN(Cc3cc(=O)[nH]c(=O)[nH]3)CC2)nc2c1CSCC2,6.767003889607846
Cc1cc(/C=C/C#N)cc(C)c1Oc1nc(NC2CCN(Cc3ccc([N+](=O)[O-])cc3)CC2)nc2c1CSCC2,6.634512015109101
Cc1ccnc2c1NC(=O)c1cccnc1N2C1CC1,6.1090204030103115
Cc1cc(C#N)cc(C)c1Oc1nc(Nc2ccc(C#N)cc2)nc(N)c1Br,7.920818753952375
Cc1cc(/C=C/C#N)cc(C)c1Nc1ccnc(Nc2ccc(C#N)cc2)n1,7.823908740944319
Cc1cc(C#N)cc(C)c1Oc1nc(Nc2ccc(C#N)cc2)nc2c1CSCC2,7.3872161432802645
Cc1cc(C#N)cc(C)c1Oc1nc(Nc2ccc(C#N)c(F)c2)nc2c1CSCC2,7.275724130399211
Cc1cc(C#N)cc(C)c1Oc1nc(Nc2ccc(C#N)cc2F)nc2c1CSCC2,7.187086643357144
Cc1cc(/C=C/C#N)cc(C)c1Oc1nc(Nc2ccc(C#N)cc2)nc2c1CSCC2,7.0915149811213505
Cc1cc(/C=C/C#N)cc(C)c1Oc1nc(Nc2ccc(C#N)c(F)c2)nc2c1CSCC2,8.096910013008056
Cc1cc(/C=C/C#N)cc(C)c1Oc1nc(Nc2ccc(C#N)cc2F)nc2c1CSCC2,7.292429823902063
Cc1cc(C#N)cc(C)c1Oc1nc(Nc2ccc(C#N)nc2)nc2c1CSCC2,7.366531544420414
Cc1cc(C#N)cc(C)c1Oc1nc(Nc2ccc(C#N)cn2)nc2c1CSCC2,7.275724130399211
Cc1cc(/C=C/C#N)cc(C)c1Oc1nc(Nc2ccc(C#N)nc2)nc2c1CSCC2,7.494850021680094
Cc1cc(/C=C/C#N)cc(C)c1Oc1nc(Nc2ccc(C#N)cn2)nc2c1CSCC2,7.229147988357855
Cc1cc(C#N)cc(C)c1Oc1nc(NC2CCN(Cc3ccc(S(N)(=O)=O)cc3)CC2)nc2ccsc12,7.119186407719209
Cc1cc(/C=C/C#N)cc(C)c1Oc1nc(NC2CCN(Cc3ccc(S(N)(=O)=O)cc3)CC2)nc2ccsc12,6.995678626217358
Cc1ccnc2c1NC(=O)c1cccnc1N2C1CC1,6.1090204030103115
Cc1cc(C)c(Oc2nc(Nc3ccc(C#N)cc3)nc3c2CCCC3)c(C)c1,6.617982957425132
Cc1cc(C#N)cc(C)c1Oc1nc(Nc2ccc(C#N)cc2)nc2c1CCCC2,7.2839966563652006
Cc1cc(C=O)cc(C)c1Oc1nc(Nc2ccc(C#N)cc2)nc2c1CCCC2,7.259637310505756
Cc1cc(C#N)cc(C)c1Oc1nc(Nc2ccc(C#N)nc2)nc2c1CCCC2,7.301029995663981
Cc1cc(C=O)cc(C)c1Oc1nc(Nc2ccc(C#N)nc2)nc2c1CCCC2,7.366531544420414
Cc1cc(C=O)cc(C)c1Oc1nc(Nc2ccc(C#N)cn2)nc2c1CCCC2,7.236572006437063
Cc1cc(C#N)cc(C)c1Oc1nc(Nc2ccc(CC#N)cc2)nc2c1CCCC2,7.275724130399211
Cc1cc(C#N)cc(C)c1Oc1nc(Nc2ccc(OC(F)(F)F)cc2)nc2c1CCCC2,4.214670164989233
Cc1cc(C#N)cc(C)c1Oc1nc(Nc2ccc(S(C)(=O)=O)cc2)nc2c1CCCC2,7.161150909262744
Cc1cc(/C=C/C#N)cc(C)c1Oc1nc(Nc2ccc(C#N)cc2)nc2c1CCCC2,6.924453038607469
Cc1cc(/C=C/C#N)cc(C)c1Oc1nc(Nc2ccc(C#N)nc2)nc2c1CCCC2,6.8326826652518236
Cc1cc(/C=C/C#N)cc(C)c1Oc1nc(Nc2ccc(CC#N)cc2)nc2c1CCCC2,7.309803919971486
Cc1cc(/C=C/C(N)=O)cc(C)c1Oc1nc(Nc2ccc(C#N)cc2)nn2cccc12,7.275724130399211
Cc1cc(C#N)cc(C)c1Oc1nc(Nc2ccc(C#N)nc2)nn2cccc12,7.853871964321762
Cc1cc(/C=C/C#N)cc(C)c1Oc1nc(Nc2ccc(C#N)cc2)nn2cccc12,7.366531544420414
Cc1cc(C#N)cc(C)c1Oc1nc(Nc2ccc(C#N)cc2)nc2c1ccn2COCC[Si](C)(C)C,6.767003889607846
Cc1cc(C#N)cc(C)c1Oc1nc(Nc2ccc(C#N)nc2)nc2c1ccn2COCC[Si](C)(C)C,5.130768280269024
Cc1cc(C#N)cc(C)c1Oc1nc(Nc2ccc(C#N)cn2)nc2c1ccn2COCC[Si](C)(C)C,4.508638306165727
Cc1cc(C#N)cc(C)c1Oc1nc(Nc2ccc(C#N)cc2)nc2c1ccn2CO,7.3979400086720375
Cc1cc(C#N)cc(C)c1Oc1nc(Nc2ccc(C#N)cn2)nc2c1ccn2CO,7.443697499232712
Cc1cc(C#N)cc(C)c1Oc1nc(Nc2ccc(C#N)nc2)nc2c1ccn2CO,7.327902142064283
Cc1cc(C#N)cc(C)c1Oc1nc(Nc2ccc(C#N)cc2)nc2c1ccn2CC(=O)N1CCOCC1,6.809668301829708
Cc1cc(C#N)cc(C)c1Oc1nc(Nc2ccc(C#N)cc2)nc(N)c1Br,7.958607314841775
Cc1cc(/C=C/C#N)cc(C)c1Nc1ccnc(Nc2ccc(C#N)cc2)n1,7.657577319177793
Cc1cc(C#N)cc(C)c1Oc1nc(NC2CCN(Cc3ccc(S(N)(=O)=O)cc3)CC2)ncc1-c1ccoc1,7.036212172654444
Cc1cc(C#N)cc(C)c1Oc1nc(NC2CCN(Cc3ccc(C(N)=O)cc3)CC2)ncc1-c1ccncc1,6.94692155651658
Cc1cc(C#N)cc(C)c1Oc1nc(Nc2ccc(C#N)cc2)nc(N)c1Br,7.958607314841775
Cc1cc(/C=C/C#N)cc(C)c1Oc1nc(NC2CCN(Cc3ccc(S(N)(=O)=O)cc3)CC2)ncc1-c1ccncc1,6.844663962534939
Cc1cc(/C=C/C#N)cc(C)c1Oc1nc(NC2CCN(Cc3ccc(C(N)=O)cc3)CC2)ncc1-c1ccncc1,6.991399828238082
Cc1ccnc2c1NC(=O)c1cccnc1N2C1CC1,6.292429823902063
O=C(NC1CCN(Cc2cccc(F)c2)CC1)c1cc2cc([N+](=O)[O-])c(O)c(O)c2oc1=O,4.301029995663981
O=C(NC1CCN(Cc2cccc(Cl)c2)CC1)c1cc2cc([N+](=O)[O-])c(O)c(O)c2oc1=O,4.301029995663981
O=C(NC1CCN(Cc2cccc(Br)c2)CC1)c1cc2cc([N+](=O)[O-])c(O)c(O)c2oc1=O,4.301029995663981
O=C(O)c1cc(NC(=O)c2cc3cc([N+](=O)[O-])c(O)c(O)c3oc2=O)ccc1O,4.681936665037238
CCC1CCN(C2CCN(C(=O)c3cc4cc([N+](=O)[O-])c(O)c(O)c4oc3=O)CC2)CC1,3.6020599913279625
CCCN(C(=O)c1cc2cc([N+](=O)[O-])c(O)c(O)c2oc1=O)[C@@H]1CCc2nc(N)sc2C1,4.345823458122039
O=C(c1cc2cc([N+](=O)[O-])c(O)c(O)c2oc1=O)N1CCCN(S(=O)(=O)c2ccc3ccncc3c2)CC1,4.164309428507575
O=C(NC1CCN(Cc2ccc(Br)cc2)CC1)c1cc2cc([N+](=O)[O-])c(O)c(O)c2oc1=O,4.0
O=C(Nc1ccc(F)cc1)c1cc2cc([N+](=O)[O-])c(O)c(O)c2oc1=O,4.301029995663981
O=C(Nc1ccc(F)cc1F)c1cc2cc([N+](=O)[O-])c(O)c(O)c2oc1=O,4.301029995663981
O=C(NCc1ccc(F)cc1)c1cc2cc([N+](=O)[O-])c(O)c(O)c2oc1=O,4.0
O=C(NCc1ccc(F)cc1Cl)c1cc2cc([N+](=O)[O-])c(O)c(O)c2oc1=O,4.301029995663981
O=C(NC1CCN(Cc2ccc(Cl)cc2)CC1)c1cc2cc([N+](=O)[O-])c(O)c(O)c2oc1=O,5.075720713938118
Cc1c(O)c([N+](=O)[O-])cc2cc(C(=O)NC3CCN(Cc4cccc(Br)c4)CC3)c(=O)oc12,4.301029995663981
Cc1c(O)c([N+](=O)[O-])cc2cc(C(=O)Nc3ccc(O)c(C(=O)O)c3)c(=O)oc12,5.00436480540245
COC(=O)c1cc(NC(=O)c2cc3cc([N+](=O)[O-])c(O)c(O)c3oc2=O)ccc1O,4.910094888560602
Cc1c(O)c([N+](=O)[O-])cc2cc(C(=O)NC3CCN(Cc4ccc(Cl)cc4)CC3)c(=O)oc12,4.0
Cc1c(O)c([N+](=O)[O-])cc2cc(C(=O)NC3CCN(Cc4ccc(C(N)=O)cc4)CC3)c(=O)oc12,4.301029995663981
Cc1cccc(CN2CCC(NC(=O)c3cc4cc([N+](=O)[O-])c(O)c(C)c4oc3=O)CC2)c1,4.301029995663981
Cc1c(O)c([N+](=O)[O-])cc2cc(C(=O)NC3CCN(Cc4cccc(F)c4)CC3)c(=O)oc12,4.3448615651886175
Cc1c(O)c([N+](=O)[O-])cc2cc(C(=O)Nc3cccc(F)c3)c(=O)oc12,4.0
Cc1c(O)c([N+](=O)[O-])cc2cc(C(=O)NCc3ccccc3F)c(=O)oc12,4.0
COc1cc(-c2cc(F)c(Nc3ccnc(Nc4ccc(C#N)cc4)n3)c(F)c2)ccn1,7.522878745280337
Cc1cc(-c2cc(F)c(Nc3ccnc(Nc4ccc(C#N)cc4)n3)c(F)c2)ccn1,7.5376020021010435
Cc1cc(C#N)cc(C)c1Oc1nc(Nc2ccc(C#N)cc2)nc(N)c1Br,7.958607314841775
Cc1ccnc2c1NC(=O)c1cccnc1N2C1CC1,6.236572006437063
N#Cc1ccc(Nc2nccc(Nc3c(F)cc(-c4csc5ccccc45)cc3F)n2)cc1,7.229147988357855
N#Cc1ccc(Nc2nccc(Nc3c(F)cc(-c4coc5ccccc45)cc3F)n2)cc1,7.552841968657781
N#Cc1ccc(Nc2nccc(Nc3c(F)cc(-c4ccco4)cc3F)n2)cc1,8.0
N#Cc1ccc(Nc2nccc(Nc3c(F)cc(-c4ccoc4)cc3F)n2)cc1,8.0
N#Cc1ccc(Nc2nccc(Nc3c(F)cc(-c4cccs4)cc3F)n2)cc1,8.229147988357855
N#Cc1ccc(Nc2nccc(Nc3c(F)cc(-c4ccsc4)cc3F)n2)cc1,7.958607314841775
N#Cc1ccc(Nc2nccc(Nc3c(F)cc(-c4cn[nH]c4)cc3F)n2)cc1,7.366531544420414
N#Cc1ccc(Nc2nccc(Nc3c(F)cc(-c4cncnc4)cc3F)n2)cc1,7.060480747381382
N#Cc1ccc(Nc2nccc(Nc3c(F)cc(-c4ccncc4)cc3F)n2)cc1,8.130768280269024
N#Cc1ccc(Nc2nccc(Nc3c(F)cc(-c4cccnc4)cc3F)n2)cc1,7.236572006437063
N#Cc1ccc(Nc2nccc(Nc3c(F)cc(-c4ccc(N)cc4)cc3F)n2)cc1,7.431798275933005
N#Cc1ccc(Nc2nccc(Nc3c(F)cc(-c4ccnc(Cl)c4)cc3F)n2)cc1,7.853871964321762
N#Cc1ccc(Nc2nccc(Nc3c(F)cc(-c4ccnc(F)c4)cc3F)n2)cc1,7.958607314841775
N#Cc1ccc(Nc2nccc(Nc3c(F)cc(-c4ccncc4F)cc3F)n2)cc1,8.040958607678906
N#Cc1ccc(Nc2nccc(Nc3c(F)cc(-c4cc(Cl)nc(Cl)c4)cc3F)n2)cc1,7.017728766960431
Cc1cc(-c2cc(F)c(Nc3ccnc(Nc4ccc(C#N)cc4)n3)c(F)c2)cc(C)n1,6.4736607226101555
N#Cc1ccc(Nc2nccc(Nc3c(F)cc(-c4cc(F)nc(F)c4)cc3F)n2)cc1,7.886056647693163
N#Cc1ccc(Nc2nccc(Nc3c(F)cc(-c4ccnc(Cl)c4Cl)cc3F)n2)cc1,7.795880017344075
N#Cc1ccc(Nc2nccc(Nc3c(F)cc(-c4ccnc(F)c4F)cc3F)n2)cc1,8.080921907623926
N#Cc1ccc(Nc2nccc(Nc3c(F)cc(-c4ccnc(C#N)c4F)cc3F)n2)cc1,7.958607314841775
N#Cc1ccc(Nc2nccc(Nc3c(F)cc(-c4ccnc(-c5ccnc(Cl)c5)c4)cc3F)n2)cc1,6.958607314841775
O=C1Nc2ccc(Cl)cc2[C@@](C#CC2CC2)(C(F)(F)F)O1,8.0
COc1cc2cc(C#N)ccc2c(OC)c1Oc1cc(N)nc(Nc2ccc(C#N)cc2)n1,7.221848749616356
CCNc1cc(Oc2c(OC)cc3cc(C#N)ccc3c2OC)nc(Nc2ccc(C#N)cc2)n1,6.366531544420414
COc1cc2cc(C#N)ccc2c(OC)c1Oc1cc(N2CCC(O)C2)nc(Nc2ccc(C#N)cc2)n1,6.346787486224656
Cc1ccnc2c1NC(=O)c1cccnc1N2C1CC1,3.447331783887807
Cc1cc(C#N)cc(C)c1Oc1nc(Nc2ccc(C#N)cc2)nc(N)c1Br,8.0
O=C1Nc2ccc(Cl)cc2[C@@](C#CC2CC2)(C(F)(F)F)O1,6.920818753952375
COc1cc2cc(C#N)ccc2c(OC)c1Oc1cc(N)nc(Nc2ccc(C#N)cc2)n1,7.698970004336019
CNc1cc(Oc2c(OC)cc3cc(C#N)ccc3c2OC)nc(Nc2ccc(C#N)cc2)n1,6.619788758288394
CCNc1cc(Oc2c(OC)cc3cc(C#N)ccc3c2OC)nc(Nc2ccc(C#N)cc2)n1,7.221848749616356
CCCNc1cc(Oc2c(OC)cc3cc(C#N)ccc3c2OC)nc(Nc2ccc(C#N)cc2)n1,6.958607314841775
CCCCNc1cc(Oc2c(OC)cc3cc(C#N)ccc3c2OC)nc(Nc2ccc(C#N)cc2)n1,6.769551078621726
CCCCCNc1cc(Oc2c(OC)cc3cc(C#N)ccc3c2OC)nc(Nc2ccc(C#N)cc2)n1,7.698970004336019
COc1cc2cc(C#N)ccc2c(OC)c1Oc1cc(NC(C)C)nc(Nc2ccc(C#N)cc2)n1,6.853871964321762
COc1cc2cc(C#N)ccc2c(OC)c1Oc1cc(NCC(C)C)nc(Nc2ccc(C#N)cc2)n1,6.6020599913279625
COc1cc2cc(C#N)ccc2c(OC)c1Oc1cc(NC(C)(C)C)nc(Nc2ccc(C#N)cc2)n1,6.508638306165727
CCC(C)Nc1cc(Oc2c(OC)cc3cc(C#N)ccc3c2OC)nc(Nc2ccc(C#N)cc2)n1,6.585026652029182
CCC(CC)Nc1cc(Oc2c(OC)cc3cc(C#N)ccc3c2OC)nc(Nc2ccc(C#N)cc2)n1,6.221848749616356
CCCC(C)Nc1cc(Oc2c(OC)cc3cc(C#N)ccc3c2OC)nc(Nc2ccc(C#N)cc2)n1,6.3979400086720375
COc1cc2cc(C#N)ccc2c(OC)c1Oc1cc(NCC(C)(C)C)nc(Nc2ccc(C#N)cc2)n1,6.292429823902063
CCC(C)CNc1cc(Oc2c(OC)cc3cc(C#N)ccc3c2OC)nc(Nc2ccc(C#N)cc2)n1,6.568636235841013
CCCCCC(C)Nc1cc(Oc2c(OC)cc3cc(C#N)ccc3c2OC)nc(Nc2ccc(C#N)cc2)n1,5.920818753952375
CCCC(CCC)Nc1cc(Oc2c(OC)cc3cc(C#N)ccc3c2OC)nc(Nc2ccc(C#N)cc2)n1,6.214670164989233
COc1cc2cc(C#N)ccc2c(OC)c1Oc1cc(NCCCOC(C)C)nc(Nc2ccc(C#N)cc2)n1,6.494850021680094
COc1cc2cc(C#N)ccc2c(OC)c1Oc1cc(N2CCOCC2)nc(Nc2ccc(C#N)cc2)n1,6.6020599913279625
COc1cc2cc(C#N)ccc2c(OC)c1Oc1cc(NCC(F)(F)F)nc(Nc2ccc(C#N)cc2)n1,6.853871964321762
COc1cc2cc(C#N)ccc2c(OC)c1Oc1cc(NC2CC2)nc(Nc2ccc(C#N)cc2)n1,7.096910013008056
COc1cc2cc(C#N)ccc2c(OC)c1Oc1cc(NCC2CC2)nc(Nc2ccc(C#N)cc2)n1,7.045757490560675
COc1cc2cc(C#N)ccc2c(OC)c1Oc1cc(NC2CCC2)nc(Nc2ccc(C#N)cc2)n1,6.958607314841775
COc1cc2cc(C#N)ccc2c(OC)c1Oc1cc(NC2CCCC2)nc(Nc2ccc(C#N)cc2)n1,6.6777807052660805
COc1cc2cc(C#N)ccc2c(OC)c1Oc1cc(NC2CCCCC2)nc(Nc2ccc(C#N)cc2)n1,6.356547323513812
COc1cc2cc(C#N)ccc2c(OC)c1Oc1cc(NCCC2=CCCCC2)nc(Nc2ccc(C#N)cc2)n1,6.552841968657781
COc1cc2cc(C#N)ccc2c(OC)c1Oc1cc(NC2CCOCC2)nc(Nc2ccc(C#N)cc2)n1,6.522878745280337
COc1cc2cc(C#N)ccc2c(OC)c1Oc1cc(NCC2CCOCC2)nc(Nc2ccc(C#N)cc2)n1,6.698970004336019
COc1cc2cc(C#N)ccc2c(OC)c1Oc1cc(NC2CCOC2)nc(Nc2ccc(C#N)cc2)n1,6.7447274948966935
COc1cc2cc(C#N)ccc2c(OC)c1Oc1cc(NCC2CCOC2)nc(Nc2ccc(C#N)cc2)n1,7.221848749616356
COc1cc2cc(C#N)ccc2c(OC)c1Oc1cc(NCCCO)nc(Nc2ccc(C#N)cc2)n1,6.721246399047171
COc1cc2cc(C#N)ccc2c(OC)c1Oc1cc(NCC(O)CO)nc(Nc2ccc(C#N)cc2)n1,7.096910013008056
COc1cc2cc(C#N)ccc2c(OC)c1Oc1cc(NCCCCO)nc(Nc2ccc(C#N)cc2)n1,7.096910013008056
COc1cc2cc(C#N)ccc2c(OC)c1Oc1cc(N2CCC(O)C2)nc(Nc2ccc(C#N)cc2)n1,7.0
Cc1ccnc2c1NC(=O)c1cccnc1N2C1CC1,6.318758762624412
O=C1Nc2ccc(Cl)cc2[C@@](C#CC2CC2)(C(F)(F)F)O1,8.0
COc1cc2cc(C#N)ccc2c(OC)c1Oc1cc(N)nc(Nc2ccc(C#N)cc2)n1,7.154901959985743
CCNc1cc(Oc2c(OC)cc3cc(C#N)ccc3c2OC)nc(Nc2ccc(C#N)cc2)n1,5.882728704344236
COc1cc2cc(C#N)ccc2c(OC)c1Oc1cc(N2CCC(O)C2)nc(Nc2ccc(C#N)cc2)n1,6.309803919971486
Cc1ccnc2c1NC(=O)c1cccnc1N2C1CC1,5.146910470148135
Cc1cc(C#N)cc(C)c1Oc1nc(Nc2ccc(C#N)cc2)nc(N)c1Br,8.0
O=C1Nc2ccc(Cl)cc2[C@@](C#CC2CC2)(C(F)(F)F)O1,7.698970004336019
COc1cc2cc(C#N)ccc2c(OC)c1Oc1cc(N)nc(Nc2ccc(C#N)cc2)n1,7.3979400086720375
CCNc1cc(Oc2c(OC)cc3cc(C#N)ccc3c2OC)nc(Nc2ccc(C#N)cc2)n1,6.920818753952375
COc1cc2cc(C#N)ccc2c(OC)c1Oc1cc(N2CCC(O)C2)nc(Nc2ccc(C#N)cc2)n1,6.619788758288394
Cc1ccnc2c1NC(=O)c1cccnc1N2C1CC1,4.170053304058364
Cc1cc(C#N)cc(C)c1Oc1nc(Nc2ccc(C#N)cc2)nc(N)c1Br,7.698970004336019
O=C1Nc2ccc(Cl)cc2[C@@](C#CC2CC2)(C(F)(F)F)O1,6.769551078621726
COc1cc2cc(C#N)ccc2c(OC)c1Oc1cc(N)nc(Nc2ccc(C#N)cc2)n1,7.3979400086720375
CCNc1cc(Oc2c(OC)cc3cc(C#N)ccc3c2OC)nc(Nc2ccc(C#N)cc2)n1,6.795880017344075
COc1cc2cc(C#N)ccc2c(OC)c1Oc1cc(N2CCC(O)C2)nc(Nc2ccc(C#N)cc2)n1,6.7447274948966935
Cc1ccnc2c1NC(=O)c1cccnc1N2C1CC1,3.612432220582811
Cc1cc(C#N)cc(C)c1Oc1nc(Nc2ccc(C#N)cc2)nc(N)c1Br,7.698970004336019
O=C1Nc2ccc(Cl)cc2[C@@](C#CC2CC2)(C(F)(F)F)O1,8.0
COc1cc2cc(C#N)ccc2c(OC)c1Oc1cc(N)nc(Nc2ccc(C#N)cc2)n1,6.823908740944319
CCNc1cc(Oc2c(OC)cc3cc(C#N)ccc3c2OC)nc(Nc2ccc(C#N)cc2)n1,5.634512015109101
COc1cc2cc(C#N)ccc2c(OC)c1Oc1cc(N2CCC(O)C2)nc(Nc2ccc(C#N)cc2)n1,5.97469413473523
Cc1ccnc2c1NC(=O)c1cccnc1N2C1CC1,3.447331783887807
Cc1cc(C#N)cc(C)c1Oc1nc(Nc2ccc(C#N)cc2)nc(N)c1Br,7.3979400086720375
O=C1Nc2ccc(Cl)cc2[C@@](C#CC2CC2)(C(F)(F)F)O1,7.0
COc1cc2cc(C#N)ccc2c(OC)c1Oc1cc(N)nc(Nc2ccc(C#N)cc2)n1,7.698970004336019
CCNc1cc(Oc2c(OC)cc3cc(C#N)ccc3c2OC)nc(Nc2ccc(C#N)cc2)n1,7.045757490560675
COc1cc2cc(C#N)ccc2c(OC)c1Oc1cc(N2CCC(O)C2)nc(Nc2ccc(C#N)cc2)n1,6.823908740944319
Cc1ccnc2c1NC(=O)c1cccnc1N2C1CC1,6.0655015487564325
Cc1cc(C#N)cc(C)c1Oc1nc(Nc2ccc(C#N)cc2)nc(N)c1Br,7.698970004336019
O=C1Nc2ccc(Cl)cc2[C@@](C#CC2CC2)(C(F)(F)F)O1,8.0
COc1cc2cc(C#N)ccc2c(OC)c1Oc1cc(N)nc(Nc2ccc(C#N)cc2)n1,6.920818753952375
CCNc1cc(Oc2c(OC)cc3cc(C#N)ccc3c2OC)nc(Nc2ccc(C#N)cc2)n1,5.935542010773082
COc1cc2cc(C#N)ccc2c(OC)c1Oc1cc(N2CCC(O)C2)nc(Nc2ccc(C#N)cc2)n1,6.055517327849832
Cc1ccnc2c1NC(=O)c1cccnc1N2C1CC1,3.447331783887807
Cc1cc(C#N)cc(C)c1Oc1nc(Nc2ccc(C#N)cc2)nc(N)c1Br,8.0
O=C1Nc2ccc(Cl)cc2[C@@](C#CC2CC2)(C(F)(F)F)O1,7.698970004336019
Cc1cc(/C=C/C#N)cc(C)c1Oc1nc(Nc2ccc(N3CCC(NS(C)(=O)=O)C3)cc2)nc2c1COC2,6.7447274948966935
Cc1cc(/C=C/C#N)cc(C)c1Oc1nc(Nc2ccc(N3CCC(NS(N)(=O)=O)C3)cc2)nc2c1COC2,5.97469413473523
Cc1cc(/C=C/C#N)cc(C)c1Oc1nc(Nc2ccc(N3CCCC(NS(C)(=O)=O)C3)cc2)nc2c1COC2,5.906578314837765
Cc1cc(/C=C/C#N)cc(C)c1Oc1nc(Nc2ccc(N3CCCC(NS(N)(=O)=O)C3)cc2)nc2c1COC2,6.107905397309519
Cc1cc(/C=C/C#N)cc(C)c1Oc1nc(Nc2ccc(N3CCC(NS(C)(=O)=O)CC3)cc2)nc2c1COC2,6.337242168318426
Cc1cc(/C=C/C#N)cc(C)c1Oc1nc(Nc2ccc(N3CCC(NS(N)(=O)=O)CC3)cc2)nc2c1COC2,5.87942606879415
Cc1cc(/C=C/C#N)cc(C)c1Oc1nc(Nc2ccc(N3CCN(S(C)(=O)=O)CC3)cc2)nc2c1COC2,6.7447274948966935
Cc1cc(/C=C/C#N)cc(C)c1Oc1nc(Nc2ccc(N3CCN(S(N)(=O)=O)CC3)cc2)nc2c1COC2,6.1487416512809245
Cc1cc(/C=C/C#N)cc(C)c1Oc1nc(Nc2ccc(C3CCCN(S(C)(=O)=O)CC3)cc2)nc2c1COC2,6.638272163982407
Cc1cc(/C=C/C#N)cc(C)c1Oc1nc(Nc2ccc(C3CCCN(S(N)(=O)=O)CC3)cc2)nc2c1COC2,7.045757490560675
Cc1cc(/C=C/C#N)cc(C)c1Oc1nc(Nc2ccc(C#N)cc2)nc2c1COC2,7.221848749616356
Cc1cc(/C=C/C#N)cc(C)c1Oc1nc(NC2CCN(c3ccc(S(N)(=O)=O)cc3)CC2)nc2c1COC2,7.221848749616356
Cc1cc(/C=C/C#N)cc(C)c1Oc1nc(NC2CCN(c3ccc(S(C)(=O)=O)cc3)CC2)nc2c1COC2,7.154901959985743
Cc1cc(/C=C/C#N)cc(C)c1Oc1nc(NC2CCN(c3ccc(C(N)=O)cc3)CC2)nc2c1COC2,7.221848749616356
Cc1cc(/C=C/C#N)cc(C)c1Oc1nc(NC2CCN(c3ccc(N)cc3)CC2)nc2c1COC2,6.7447274948966935
Cc1cc(/C=C/C#N)cc(C)c1Oc1nc(NC2CCN(c3ccc(NS(C)(=O)=O)cc3)CC2)nc2c1COC2,6.823908740944319
Cc1cc(/C=C/C#N)cc(C)c1Oc1nc(NC2CCN(c3ccc(NS(N)(=O)=O)cc3)CC2)nc2c1COC2,6.920818753952375
Cc1cc(/C=C/C#N)cc(C)c1Oc1nc(NC2CCN(Cc3ccc(S(N)(=O)=O)cc3)CC2)nc2c1COC2,6.853871964321762
Cc1cc(/C=C/C#N)cc(C)c1Oc1nc(NC2CCN(Cc3ccc(S(C)(=O)=O)cc3)CC2)nc2c1COC2,6.823908740944319
Cc1cc(/C=C/C#N)cc(C)c1Oc1nc(NC2CCN(Cc3ccc(C(N)=O)cc3)CC2)nc2c1COC2,6.853871964321762
Cc1cc(/C=C/C#N)cc(C)c1Oc1nc(NC2CCN(Cc3ccc([N+](=O)[O-])cc3)CC2)nc2c1COC2,6.7447274948966935
Cc1cc(/C=C/C#N)cc(C)c1Oc1nc(NC2CCN(Cc3ccc(N)cc3)CC2)nc2c1COC2,6.721246399047171
Cc1cc(/C=C/C#N)cc(C)c1Oc1nc(NC2CCN(Cc3ccc(C(F)(F)F)cc3)CC2)nc2c1COC2,6.443697499232712
Cc1cc(/C=C/C#N)cc(C)c1Oc1nc(Nc2ccc(CN3CCN(S(N)(=O)=O)CC3)cc2)nc2c1COC2,6.552841968657781
Cc1cc(/C=C/C#N)cc(C)c1Oc1nc(Nc2ccc(CN3CCN(S(C)(=O)=O)CC3)cc2)nc2c1COC2,6.823908740944319
Cc1ccnc2c1NC(=O)c1cccnc1N2C1CC1,4.508638306165727
Cc1cnc(Nc2ccc(C#N)cc2)nc1Nc1c(F)cc(-c2ccncc2)cc1F,7.920818753952375
Cc1cnc(Nc2ccc(C#N)cc2)nc1Nc1c(F)cc(-c2cccnc2)cc1F,6.705533773838407
Cc1cnc(Nc2ccc(C#N)cc2)nc1Nc1c(F)cc(-c2cncnc2)cc1F,6.552841968657781
Cc1cnc(Nc2ccc(C#N)cc2)nc1Nc1c(F)cc(-c2ccco2)cc1F,7.920818753952375
Cc1cnc(Nc2ccc(C#N)cc2)nc1Nc1c(F)cc(-c2ccoc2)cc1F,8.075720713938118
Cc1cnc(Nc2ccc(C#N)cc2)nc1Nc1c(F)cc(-c2cccs2)cc1F,7.920818753952375
Cc1cnc(Nc2ccc(C#N)cc2)nc1Nc1c(F)cc(-c2ccsc2)cc1F,7.920818753952375
Cc1cnc(Nc2ccc(C#N)cc2)nc1Nc1c(F)cc(-c2ccnc(F)c2)cc1F,7.443697499232712
Cc1cnc(Nc2ccc(C#N)cc2)nc1Nc1c(F)cc(-c2cc(F)nc(F)c2)cc1F,7.259637310505756
Cc1cnc(Nc2ccc(C#N)cc2)nc1Nc1c(F)cc(-c2cncc(C(F)(F)F)c2)cc1F,6.0670191780768015
Cc1cnc(Nc2ccc(C#N)cc2)nc1Nc1c(F)cc(-c2cncc(C#N)c2)cc1F,6.567030709125595
Cc1cnc(Nc2ccc(C#N)cc2)nc1Nc1c(F)cc(-c2ccc(C#N)nc2)cc1F,7.657577319177793
Cc1ccnc2c1NC(=O)c1cccnc1N2C1CC1,6.236572006437063
Cc1cc(C#N)cc(C)c1Oc1nc(Nc2ccc(C#N)cc2)nc(N)c1Br,7.958607314841775
O=C1Nc2ccc(Cl)cc2[C@@](C#CC2CC2)(C(F)(F)F)O1,8.0
Cc1cc(/C=C/C#N)cc(C)c1Nc1ccnc(Nc2ccc(C#N)cc2)n1,7.823908740944319
Cc1cc(-c2ccco2)cc(C)c1Nc1ccnc(Nc2ccc(C#N)cc2)n1,7.419075024324381
Cc1cc(-c2cccs2)cc(C)c1Nc1ccnc(Nc2ccc(C#N)cc2)n1,7.5376020021010435
Cc1cc(-c2cncnc2)cc(C)c1Nc1ccnc(Nc2ccc(C#N)cc2)n1,6.464705879957229
Cc1cc(-c2ccncc2)cc(C)c1Nc1ccnc(Nc2ccc(C#N)cc2)n1,7.51427857351842
Cc1cc(-c2cc3ccccc3s2)cc(C)c1Nc1ccnc(Nc2ccc(C#N)cc2)n1,7.211124884224583
Cc1cc(-c2ccnc3ccccc23)cc(C)c1Nc1ccnc(Nc2ccc(C#N)cc2)n1,7.39040559077478
Cc1cc(-c2cccc3cc[nH]c23)cc(C)c1Nc1ccnc(Nc2ccc(C#N)cc2)n1,7.218244625347531
Cc1cc(-c2ccc3cc[nH]c3c2)cc(C)c1Nc1ccnc(Nc2ccc(C#N)cc2)n1,7.272458742971444
Cc1csc(-c2cc(C)c(Nc3ccnc(Nc4ccc(C#N)cc4)n3)c(C)c2)c1,7.251811972993799
Cc1ccc(-c2cc(C)c(Nc3ccnc(Nc4ccc(C#N)cc4)n3)c(C)c2)s1,7.3585258894959
Cc1cc(-c2cc(C)c(Nc3ccnc(Nc4ccc(C#N)cc4)n3)c(C)c2)ccn1,7.447331783887806
Cc1cc(-c2ccnc(F)c2)cc(C)c1Nc1ccnc(Nc2ccc(C#N)cc2)n1,7.482804102050026
Cc1cc(-c2ccnc(C(F)(F)F)c2)cc(C)c1Nc1ccnc(Nc2ccc(C#N)cc2)n1,7.164309428507575
Cc1cc(-c2cc(C)c(Nc3ccnc(Nc4ccc(C#N)cc4)n3)c(C)c2)cc(C)n1,7.175874166083451
Cc1cc(-c2cc(F)nc(F)c2)cc(C)c1Nc1ccnc(Nc2ccc(C#N)cc2)n1,7.341035157335565
Cc1ncc(-c2cc(C)c(Nc3ccnc(Nc4ccc(C#N)cc4)n3)c(C)c2)cn1,7.330683119433888
COc1ncc(-c2cc(C)c(Nc3ccnc(Nc4ccc(C#N)cc4)n3)c(C)c2)cn1,7.422508200162775
Cc1cc(-c2cnc(C#N)nc2)cc(C)c1Nc1ccnc(Nc2ccc(C#N)cc2)n1,7.403402904373539
Cc1cc(-c2cnc(C(F)(F)F)nc2)cc(C)c1Nc1ccnc(Nc2ccc(C#N)cc2)n1,7.1938200260161125
O=C(O)c1cn(Cc2ccc(F)cc2)c2ccccc2c1=O,4.0
N#Cc1ccc2c(c1)c(=O)c(C(=O)O)cn2Cc1ccc(F)cc1,4.0
O=C(O)c1cn(Cc2ccc(F)cc2)c2ccc(C(F)(F)F)cc2c1=O,4.0
CC(=O)c1ccc2c(c1)c(=O)c(C(=O)O)cn2Cc1ccc(F)cc1,4.787812395596042
O=C(O)c1cn(Cc2ccc(F)cc2)c2ccc([N+](=O)[O-])cc2c1=O,4.251811972993799
CS(=O)(=O)c1ccc2c(c1)c(=O)c(C(=O)O)cn2Cc1ccc(F)cc1,4.0
O=C(O)c1cn(Cc2ccc(F)cc2)c2ccc(O)cc2c1=O,4.130768280269024
COc1ccc2c(c1)c(=O)c(C(=O)O)cn2Cc1ccc(F)cc1,4.0
O=C(O)c1cn(Cc2ccc(F)cc2)c2ccc(Oc3ccccc3)cc2c1=O,4.494850021680094
CN(C)CCCOc1ccc2c(c1)c(=O)c(C(=O)O)cn2Cc1ccc(F)cc1,4.8124792791635365
O=C(/C=C/c1ccc2c(c1)c(=O)c(C(=O)O)cn2Cc1ccc(F)cc1)c1ccccc1,5.229147988357856
O=C(O)c1cn(Cc2ccc(F)cc2)c2ccc(OCc3ccccc3)cc2c1=O,4.468521082957745
O=C(O)c1cn(Cc2ccc(F)cc2)c2ccc(OCc3cccc(Cl)c3Cl)cc2c1=O,5.086716098239582
O=C(O)c1cn(Cc2ccc(F)cc2)c2ccc(OCc3ccc(Cl)c(Cl)c3)cc2c1=O,4.530177984021837
O=C(O)c1cn(Cc2ccc(F)cc2)c2ccc(OCc3cccc4ccccc34)cc2c1=O,5.82102305270683
O=C(O)c1cn(Cc2ccc(F)cc2)c2ccc(OCc3ccc4ccccc4c3)cc2c1=O,4.518557371497695
O=C(O)c1cn(Cc2ccc(F)cc2)c2ccc(OCc3ccc4c(c3)OCO4)cc2c1=O,4.8696662315049934
O=C(O)c1cn(Cc2ccc(F)cc2)c2ccc(OCCCCc3ccccc3)cc2c1=O,5.082494490447453
O=C(O)c1cn(Cc2ccc(F)cc2)c2ccc(OCc3ccc(-c4ccccc4)cc3)cc2c1=O,5.126679398184601
O=C(O)c1cn(Cc2ccc(F)cc2)c2ccc(OCc3ccc(Oc4ccccc4)cc3)cc2c1=O,5.126098402135539
CCOC(=O)c1cn(Cc2ccc(F)cc2)c2ccc(C#N)cc2c1=O,4.0
CCOC(=O)c1cn(Cc2ccc(F)cc2)c2ccc(C(F)(F)F)cc2c1=O,4.229147988357856
CCOC(=O)c1cn(Cc2ccc(F)cc2)c2ccc(C(C)=O)cc2c1=O,4.958607314841775
CCOC(=O)c1cn(Cc2ccc(F)cc2)c2ccc([N+](=O)[O-])cc2c1=O,4.320572103387881
CCOC(=O)c1cn(Cc2ccc(F)cc2)c2ccc(S(C)(=O)=O)cc2c1=O,4.0
CCOC(=O)c1cn(Cc2ccc(F)cc2)c2ccc(O)cc2c1=O,4.0
CCOC(=O)c1cn(Cc2ccc(F)cc2)c2ccc(OC)cc2c1=O,4.0
CCOC(=O)c1cn(Cc2ccc(F)cc2)c2ccc(Oc3ccccc3)cc2c1=O,4.341988603342887
CC(C)c1ccc(O)c(=O)c(O)c1,6.721246399047171
CCOC(=O)c1cn(Cc2ccc(F)cc2)c2ccc(OCc3ccc(Oc4ccccc4)cc3)cc2c1=O,4.0
CCOC(=O)c1cn(Cc2ccc(F)cc2)c2ccc(OCc3ccc(-c4ccccc4)cc3)cc2c1=O,4.0
CCOC(=O)c1cn(Cc2ccc(F)cc2)c2ccc(OCCCCc3ccccc3)cc2c1=O,4.546681659952962
CCOC(=O)c1cn(Cc2ccc(F)cc2)c2ccc(OCc3ccc4c(c3)OCO4)cc2c1=O,4.257274868695302
CCOC(=O)c1cn(Cc2ccc(F)cc2)c2ccc(OCc3ccc4ccccc4c3)cc2c1=O,4.707743928643524
CCOC(=O)c1cn(Cc2ccc(F)cc2)c2ccc(OCc3cccc4ccccc34)cc2c1=O,5.826813731587726
CCOC(=O)c1cn(Cc2ccc(F)cc2)c2ccc(OCc3ccc(Cl)c(Cl)c3)cc2c1=O,4.429457060118103
CCOC(=O)c1cn(Cc2ccc(F)cc2)c2ccc(OCc3cccc(Cl)c3Cl)cc2c1=O,4.619788758288394
CCOC(=O)c1cn(Cc2ccc(F)cc2)c2ccc(OCc3ccccc3)cc2c1=O,5.096910013008056
CCOC(=O)c1cn(Cc2ccc(F)cc2)c2ccc(/C=C/C(=O)c3ccccc3)cc2c1=O,4.815308569182401
CCOC(=O)c1cn(Cc2ccc(F)cc2)c2ccc(OCCCN(C)C)cc2c1=O,4.0
O=C(/C=C/c1ccc2c(c1)c(=O)c(C(=O)O)cn2Cc1ccc(F)cc1)c1ccccc1,4.0
O=C(O)c1cn(Cc2ccc(F)cc2)c2ccc(OCc3ccccc3)cc2c1=O,4.414539270491499
O=C(O)c1cn(Cc2ccc(F)cc2)c2ccc(OCc3cccc(Cl)c3Cl)cc2c1=O,5.251811972993799
O=C(O)c1cn(Cc2ccc(F)cc2)c2ccc(OCc3ccc(Cl)c(Cl)c3)cc2c1=O,5.698970004336019
O=C(O)c1cn(Cc2ccc(F)cc2)c2ccc(OCc3cccc4ccccc34)cc2c1=O,4.943095148663527
O=C(O)c1cn(Cc2ccc(F)cc2)c2ccc(OCc3ccc4c(c3)OCO4)cc2c1=O,5.292429823902063
O=C(O)c1cn(Cc2ccc(F)cc2)c2ccc(OCc3ccc(-c4ccccc4)cc3)cc2c1=O,4.935542010773082
O=C(O)c1cn(Cc2ccc(F)cc2)c2ccc(OCc3ccc(Oc4ccccc4)cc3)cc2c1=O,5.657577319177793
CCOC(=O)c1cn(Cc2ccc(F)cc2)c2ccc(OCc3cccc(Cl)c3Cl)cc2c1=O,5.72584215073632
CCOC(=O)c1cn(Cc2ccc(F)cc2)c2ccc(OCc3ccc(Cl)c(Cl)c3)cc2c1=O,4.617982957425132
O=C1Nc2ccc(Cl)cc2[C@@](C#CC2CC2)(C(F)(F)F)O1,7.455931955649724
C=CC(=O)N(C)c1cc(Oc2ccccc2OCCn2ccc(=O)[nH]c2=O)c(C)c2cc(C#N)ccc12,6.3979400086720375
Cc1c(Oc2ccccc2OCCn2ccc(=O)[nH]c2=O)cc(N(C)C(=O)CCl)c2ccc(C#N)cc12,6.318758762624412
CCOC(=O)N1c2ccccc2NC(=O)C1(C#CC1CC1)C(F)(F)F,6.928117992693875
CC(C)OC(=O)N1c2ccccc2NC(=O)C1(C#CC1CC1)C(F)(F)F,6.966576244513051
C=C(C)OC(=O)N1c2ccccc2NC(=O)C1(C#CC1CC1)C(F)(F)F,6.772113295386326
CCOC(=O)N1c2cc(Cl)ccc2NC(=O)C1(C#CC1CC1)C(F)(F)F,6.896196279044043
CC(C)OC(=O)N1c2cc(Cl)ccc2NC(=O)C1(C#CC1CC1)C(F)(F)F,6.795880017344075
C=C(C)OC(=O)N1c2cc(Cl)ccc2NC(=O)C1(C#CC1CC1)C(F)(F)F,6.501689446210399
CCOC(=O)N1c2cc(F)ccc2NC(=O)C1(C#CC1CC1)C(F)(F)F,6.91721462968355
CC(C)OC(=O)N1c2cc(F)ccc2NC(=O)C1(C#CC1CC1)C(F)(F)F,6.886056647693163
C=C(C)OC(=O)N1c2cc(F)ccc2NC(=O)C1(C#CC1CC1)C(F)(F)F,6.73754891026957
CCOC(=O)N1c2ccccc2NC(=O)[C@]1(C#CC1CC1)C(F)(F)F,7.346787486224656
O=C1CN(S(=O)(=O)c2c(Cl)cccc2Cl)c2cc(Cl)ccc2N1,5.777283528852417
COC(=O)c1sccc1S(=O)(=O)N1c2cc(F)ccc2NC(=O)C1C,6.698970004336019
COC(=O)c1sccc1S(=O)(=O)N1c2cc(Cl)ccc2NC(=O)C1C,6.698970004336019
COC(=O)c1sc(Cl)cc1S(=O)(=O)N1c2cc(Cl)ccc2NC(=O)C1C,7.154901959985743
COC(=O)c1sc(I)cc1S(=O)(=O)N1c2cc(Cl)ccc2NC(=O)C1C,7.1249387366083
CCC(=O)N1CC(=O)Nc2ccccc21,6.200659450546418
CC(C)COC(=O)N1c2ccccc2NC(=O)[C@H]1C,4.1938200260161125
CC(C)COC(=O)N1c2ccccc2NC(=O)[C@H]1CC(C)C,4.173925197299174
CC(C)Cc1nc2ccccc2[nH]c1=O,4.638272163982407
O=C(O)[C@]1(O)C[C@H](O)[C@@H](O)[C@@H](O)C1,7.269217724333611
COc1cccc2c1C(=O)c1c(O)c3c(c(O)c1C2=O)C[C@@](O)(C(=O)CO)C[C@@H]3O[C@H]1C[C@H](N)[C@H](O)[C@H](C)O1,7.3945872018469485
N#Cc1ccc2c(Oc3ccccc3OCCn3ccc(=O)[nH]c3=O)cc(F)cc2c1,8.318758762624412
COC(=O)/C=C/c1c(-c2cccs2)[nH]c2ccccc12,6.142667503568732
COC(=O)/C=C\c1c(-c2cccs2)[nH]c2ccccc12,8.027797161620935
O=C1CSC(c2ccc(O)cc2)N1c1nc2ccc(Cl)cc2s1,6.522878745280337
O=C1CSC(c2ccc(F)cc2)N1c1nc2c(Cl)cccc2s1,9.0
C=CCOCc1cn(C2CCON2C(=O)OCc2ccccc2)c(=O)[nH]c1=O,8.0
C#CCOCc1cn(C2CCON2C(=O)OCc2ccccc2)c(=O)[nH]c1=O,7.301029995663981
O=C(OCc1ccccc1)N1OCCC1n1cc(COCc2ccccc2)c(=O)[nH]c1=O,6.0
Nc1ccc(S(=O)(=O)N2CCN(C(=O)c3cc(O)c(O)c(O)c3)C(C(=O)Nc3ccccc3)C2)cc1,6.481486060122113
CN(C(=O)C1CN(S(=O)(=O)c2ccc(N)cc2)CCN1C(=O)c1cc(O)c(O)c(O)c1)c1ccccc1,6.00436480540245
N#Cc1ccc(S(=O)(=O)N2CCN(C(=O)c3cc(O)c(O)c(O)c3)C(C(=O)Nc3ccccc3)C2)cc1,4.698970004336019
CN(C(=O)C1CN(S(=O)(=O)c2ccc(C#N)cc2)CCN1C(=O)c1cc(O)c(O)c(O)c1)c1ccccc1,6.508638306165727
COc1ccc(CNC(=O)C2CN(S(=O)(=O)c3ccc(N)cc3)CCN2C(=O)c2cc(O)c(O)c(O)c2)cc1,6.568636235841013
Nc1ccc(S(=O)(=O)N2CCN(C(=O)c3cc(O)c(O)c(O)c3)C(C(=O)NCc3ccco3)C2)cc1,7.173925197299173
COc1ccc(CNC(=O)C2CN(S(=O)(=O)c3ccc(C#N)cc3)CCN2C(=O)c2cc(O)c(O)c(O)c2)cc1,5.0
Nc1ccc(S(=O)(=O)N2CCN(C(=O)c3cc(O)c(O)c(O)c3)C(C(=O)NCc3cccs3)C2)cc1,4.0
Nc1ccc(S(=O)(=O)N2CCN(C(=O)c3cc(O)c(O)c(O)c3)C(C(=O)NCc3ccc(-c4ccccc4)cc3)C2)cc1,4.0
N#Cc1ccc(S(=O)(=O)N2CCN(C(=O)c3cc(O)c(O)c(O)c3)C(C(=O)NCc3ccc(-c4ccccc4)cc3)C2)cc1,6.3872161432802645
N#Cc1ccc(S(=O)(=O)N2CCN(C(=O)c3cc(O)c(O)c(O)c3)C(C(=O)NCc3ccco3)C2)cc1,4.698970004336019
N#Cc1ccc(S(=O)(=O)N2CCN(C(=O)c3cc(O)c(O)c(O)c3)C(C(=O)NCc3ccc4ccccc4c3)C2)cc1,4.698970004336019
Nc1ccc(S(=O)(=O)N2CCN(C(=O)c3cc(O)c(O)c(O)c3)CC2C(=O)Nc2ccccc2)cc1,6.251811972993799
CN(C(=O)C1CN(C(=O)c2cc(O)c(O)c(O)c2)CCN1S(=O)(=O)c1ccc(N)cc1)c1ccccc1,5.749579997691106
COc1ccc(CNC(=O)C2CN(C(=O)c3cc(O)c(O)c(O)c3)CCN2S(=O)(=O)c2ccc(N)cc2)cc1,6.853871964321762
Nc1ccc(S(=O)(=O)N2CCN(C(=O)c3cc(O)c(O)c(O)c3)CC2C(=O)NCc2ccco2)cc1,6.886056647693163
Nc1ccc(S(=O)(=O)N2CCN(C(=O)c3cc(O)c(O)c(O)c3)CC2C(=O)NCc2cccc3ccccc23)cc1,6.657577319177793
Nc1ccc(S(=O)(=O)N2CCN(C(=O)c3cc(O)c(O)c(O)c3)CC2C(=O)NCc2cccs2)cc1,4.0
Nc1ccc(S(=O)(=O)N2CCN(C(=O)c3cc(O)c(O)c(O)c3)CC2C(=O)NCc2ccc(-c3ccccc3)cc2)cc1,6.468521082957745
CC(C)(C)OC(=O)N1CCC2(CCN(C(=O)C3CN(C(=O)c4cc(O)c(O)c(O)c4)CCN3S(=O)(=O)c3ccc(N)cc3)C2)C1,6.7447274948966935
Nc1ccc(S(=O)(=O)N2CCN(C(=O)c3cc(O)c(O)c(O)c3)CC2)cc1,6.142667503568732
CC(C)c1ccc(O)c(=O)c(O)c1,5.703334809738469
Cn1c(Cn2ccc(C(F)(F)F)c(Oc3ccc(-c4cccc(C#N)c4)cc3)c2=O)n[nH]c1=O,4.842845560093719
Cn1c(Cn2ccc(C(F)(F)F)c(Oc3ccc(-c4cc(F)cc(C#N)c4)cc3)c2=O)n[nH]c1=O,5.0915149811213505
Cn1c(Cn2ccc(C(F)(F)F)c(Oc3ccc(-c4ccc(C#N)cc4)cc3)c2=O)n[nH]c1=O,4.79805693659835
Cn1c(Cn2ccc(C(F)(F)F)c(Oc3ccc(-c4cccc(C#N)c4)c(F)c3)c2=O)n[nH]c1=O,6.346787486224656
Cn1c(Cn2ccc(C(F)(F)F)c(Oc3ccc(-c4cccc(F)c4)c(F)c3)c2=O)n[nH]c1=O,5.632644078973981
Cc1cccc(-c2ccc(Oc3c(C(F)(F)F)ccn(Cc4n[nH]c(=O)n4C)c3=O)cc2F)c1,4.748118545447472
Cn1c(Cn2ccc(C(F)(F)F)c(Oc3ccc(-c4ccc(F)c(C#N)c4)c(F)c3)c2=O)n[nH]c1=O,5.950781977329818
Cn1c(Cn2ccc(C(F)(F)F)c(Oc3ccc(-c4cc(F)cc(C#N)c4)c(F)c3)c2=O)n[nH]c1=O,5.991399828238082
Cn1c(Cn2ccc(C(F)(F)F)c(Oc3ccc(-c4ccc(C#N)cc4)c(F)c3)c2=O)n[nH]c1=O,5.818156412055227
Cc1ccccc1-c1ccc(Oc2c(C(F)(F)F)ccn(Cc3n[nH]c(=O)n3C)c2=O)cc1F,5.493494967595128
Cn1c(Cn2ccc(C(F)(F)F)c(Oc3ccc(-c4cccc(C#N)c4)c(F)c3F)c2=O)n[nH]c1=O,5.882728704344236
Cc1cc(Oc2c(C(F)(F)F)ccn(Cc3n[nH]c(=O)n3C)c2=O)ccc1-c1cccc(C#N)c1,5.815308569182402
Cc1cc(Oc2c(C(F)(F)F)ccn(Cc3n[nH]c(=O)n3C)c2=O)ccc1-c1cccc(F)c1,5.326979092871103
Cc1cccc(-c2ccc(Oc3c(C(F)(F)F)ccn(Cc4n[nH]c(=O)n4C)c3=O)cc2C)c1,5.184422251675732
Cc1cc(Oc2c(C(F)(F)F)ccn(Cc3n[nH]c(=O)n3C)c2=O)ccc1-c1ccc(F)c(C#N)c1,5.835647144215563
Cc1cc(Oc2c(C(F)(F)F)ccn(Cc3n[nH]c(=O)n3C)c2=O)ccc1-c1cc(F)cc(C#N)c1,5.43533393574791
Cc1cc(Oc2c(C(F)(F)F)ccn(Cc3n[nH]c(=O)n3C)c2=O)ccc1-c1ccc(C#N)cc1,5.376750709602099
Cn1c(Cn2ccc(C(F)(F)F)c(Oc3ccc(-c4cccc(C#N)c4)cc3F)c2=O)n[nH]c1=O,5.301029995663981
Cn1c(Cn2ccc(C(F)(F)F)c(Oc3ccc(-c4ccc(F)c(C#N)c4)cc3F)c2=O)n[nH]c1=O,5.154901959985743
Cn1c(Cn2ccc(C(F)(F)F)c(Oc3ccc(-c4cc(F)cc(C#N)c4)cc3F)c2=O)n[nH]c1=O,5.223298816011589
Cn1c(Cn2ccc(C(F)(F)F)c(Oc3ccc(-c4ccc(C#N)cc4)cc3F)c2=O)n[nH]c1=O,5.197226274708024
Cn1c(Cn2ccc(C(F)(F)F)c(Oc3ccc(-c4cccc(C#N)c4)cc3Cl)c2=O)n[nH]c1=O,5.142064735280571
Cn1c(Cn2ccc(C(F)(F)F)c(Oc3ccc(-c4ccc(F)c(C#N)c4)cc3Cl)c2=O)n[nH]c1=O,4.988852639224203
Cc1cc(-c2cccc(C#N)c2)ccc1Oc1c(C(F)(F)F)ccn(Cc2n[nH]c(=O)n2C)c1=O,5.325138859262188
Cc1cc(-c2cccc(F)c2)ccc1Oc1c(C(F)(F)F)ccn(Cc2n[nH]c(=O)n2C)c1=O,5.26440110030182
Cc1cc(-c2ccc(F)c(C#N)c2)ccc1Oc1c(C(F)(F)F)ccn(Cc2n[nH]c(=O)n2C)c1=O,5.260427655549908
Cc1cc(-c2cc(F)cc(C#N)c2)ccc1Oc1c(C(F)(F)F)ccn(Cc2n[nH]c(=O)n2C)c1=O,5.272458742971444
Cc1cc(-c2ccc(C#N)cc2)ccc1Oc1c(C(F)(F)F)ccn(Cc2n[nH]c(=O)n2C)c1=O,5.318758762624412
Cc1cc(-c2ccc(F)cc2)ccc1Oc1c(C(F)(F)F)ccn(Cc2n[nH]c(=O)n2C)c1=O,5.267606240177032
COc1cc(-c2cccc(C#N)c2)ccc1Oc1c(C(F)(F)F)ccn(Cc2n[nH]c(=O)n2C)c1=O,4.543178651978401
COc1cc(-c2ccc(F)c(C#N)c2)ccc1Oc1c(C(F)(F)F)ccn(Cc2n[nH]c(=O)n2C)c1=O,4.37191773900932
COc1cc(-c2cc(F)cc(C#N)c2)ccc1Oc1c(C(F)(F)F)ccn(Cc2n[nH]c(=O)n2C)c1=O,4.555955204081924
COc1cc(-c2ccc(C#N)cc2)ccc1Oc1c(C(F)(F)F)ccn(Cc2n[nH]c(=O)n2C)c1=O,4.609594843519919
Cn1c(Cn2ccc(C(F)(F)F)c(Oc3c(F)cc(-c4cccc(C#N)c4)cc3F)c2=O)n[nH]c1=O,5.590066876668706
Cn1c(Cn2ccc(C(F)(F)F)c(Oc3c(F)cc(-c4cccc(F)c4)cc3F)c2=O)n[nH]c1=O,4.580374639112256
Cn1c(Cn2ccc(C(F)(F)F)c(Oc3c(F)cc(-c4ccc(F)c(C#N)c4)cc3F)c2=O)n[nH]c1=O,5.782516055786093
Cn1c(Cn2ccc(C(F)(F)F)c(Oc3c(F)cc(-c4cc(F)cc(C#N)c4)cc3F)c2=O)n[nH]c1=O,5.488116639021126
Cn1c(Cn2ccc(C(F)(F)F)c(Oc3c(F)cc(-c4ccc(C#N)cc4)cc3F)c2=O)n[nH]c1=O,5.504455662453552
Cn1c(Cn2ccc(C(F)(F)F)c(Oc3cc(C#N)cc(-c4cccc(C#N)c4)c3)c2=O)n[nH]c1=O,6.6777807052660805
Cn1c(Cn2ccc(C(F)(F)F)c(Oc3cc(C#N)cc(-c4cccc(F)c4)c3)c2=O)n[nH]c1=O,7.251811972993799
Cc1cccc(-c2cc(C#N)cc(Oc3c(C(F)(F)F)ccn(Cc4n[nH]c(=O)n4C)c3=O)c2)c1,7.3872161432802645
Cn1c(Cn2ccc(C(F)(F)F)c(Oc3cc(C#N)cc(-c4ccc(F)c(C#N)c4)c3)c2=O)n[nH]c1=O,6.5376020021010435
Cn1c(Cn2ccc(C(F)(F)F)c(Oc3cc(C#N)cc(-c4cc(F)cc(C#N)c4)c3)c2=O)n[nH]c1=O,6.769551078621726
Cn1c(Cn2ccc(C(F)(F)F)c(Oc3cc(C#N)cc(-c4ccc(C#N)cc4)c3)c2=O)n[nH]c1=O,6.2839966563652006
Cn1c(Cn2ccc(C(F)(F)F)c(Oc3cc(C#N)cc(-c4ccc(F)cc4)c3)c2=O)n[nH]c1=O,6.958607314841775
Cc1ccc(-c2cc(C#N)cc(Oc3c(C(F)(F)F)ccn(Cc4n[nH]c(=O)n4C)c3=O)c2)cc1,5.815308569182402
Cn1c(Cn2ccc(C(F)(F)F)c(Oc3cc(Cl)cc(C#N)c3)c2=O)n[nH]c1=O,7.356547323513812
Cn1c(Cn2ccc(C(F)(F)F)c(Oc3ccc(-c4cc(F)cc(C#N)c4)cc3Cl)c2=O)n[nH]c1=O,5.359518563029578
Cn1c(Cn2ccc(C(F)(F)F)c(Oc3ccc(-c4ccc(C#N)cc4)cc3Cl)c2=O)n[nH]c1=O,5.171984935776023
CCc1cc(NCN2C(=O)c3ccccc3C2=O)c(O)nc1C,7.522878745280337
CCc1cc(NCc2nc3ccccc3o2)c(O)nc1C,9.67778070526608
CCc1cc(NCc2cc3ccccc3o2)c(O)nc1C,9.481486060122112
Cc1nc([C@H](CNC2CCC2)NC(=O)c2ccc(-c3ccc(Cl)cc3)[nH]2)sc1CO,4.362110183419209
NC[C@@H](NC(=O)c1ccc(-c2ccc(Cl)c(F)c2)[nH]1)c1ncc(CO)s1,4.863279432843593
Cc1ccc(-c2ccc(C(=O)N[C@H](CN)c3ncc(CO)s3)[nH]2)cc1F,5.142667503568732
Cc1nc([C@@H](CN)NC(=O)c2ccc(-c3ccc(F)c(F)c3)[nH]2)sc1CO,4.338187314462739
Cc1nc([C@H](CN)NC(=O)c2ccc(-c3ccc(Cl)c(F)c3)[nH]2)sc1CO,5.080921907623926
NC[C@H](NC(=O)c1ccc(-c2cc(F)c(Cl)c(F)c2)[nH]1)c1ncc(CO)s1,5.075720713938118
NC[C@H](NC(=O)c1ccc(-c2ccc(C(F)(F)F)cc2)[nH]1)c1nc(CO)cs1,5.823908740944319
Cc1cc(-c2ccc(C(F)(F)F)cn2)[nH]c1C(=O)N[C@@H](CN)c1ncc(CO)s1,5.638272163982407
NC[C@H](NC(=O)c1ccc(-c2ccc(C(F)(F)F)cn2)[nH]1)c1nc(CO)cs1,5.552841968657781
Cc1cc(-c2ccc(C(F)(F)F)cn2)[nH]c1C(=O)N[C@H](CN)c1nc(CO)cs1,5.301029995663981
Cc1sc(C(CO)NC(=O)c2[nH]c(-c3ccc4c(c3)OCO4)cc2CN)nc1S,4.51427857351842
NCc1cc(-c2ccc3c(c2)OCO3)[nH]c1C(=O)NC(CO)c1nc(S)cs1,4.403402904373539
CNCc1cc(-c2ccc3c(c2)OCO3)[nH]c1C(=O)NCc1nc(S)c(CO)s1,4.55129368009492
CC1(C)CC(NC(=O)C(=O)Nc2ccc(Cl)cc2)CC(C)(C)N1,3.6989700043360187
Cc1ccnc2c1NC(=O)c1cccnc1N2C1CC1,6.698970004336019
Cc1cc(-c2ccccc2)cc(C)c1Oc1cc(N)nc(Nc2ccc(C#N)cc2)n1,7.346787486224656
Cc1cc(-c2ccccc2F)cc(C)c1Oc1cc(N)nc(Nc2ccc(C#N)cc2)n1,7.337242168318426
Cc1cc(-c2cccc(F)c2)cc(C)c1Oc1cc(N)nc(Nc2ccc(C#N)cc2)n1,7.2839966563652006
Cc1cc(-c2ccc(F)cc2)cc(C)c1Oc1cc(N)nc(Nc2ccc(C#N)cc2)n1,7.214670164989233
Cc1cc(-c2ccccc2Cl)cc(C)c1Oc1cc(N)nc(Nc2ccc(C#N)cc2)n1,7.0
Cc1cc(-c2cccc(Cl)c2)cc(C)c1Oc1cc(N)nc(Nc2ccc(C#N)cc2)n1,7.070581074285707
Cc1cc(-c2ccc(Cl)cc2)cc(C)c1Oc1cc(N)nc(Nc2ccc(C#N)cc2)n1,6.991399828238082
Cc1ccccc1-c1cc(C)c(Oc2cc(N)nc(Nc3ccc(C#N)cc3)n2)c(C)c1,6.91721462968355
Cc1cccc(-c2cc(C)c(Oc3cc(N)nc(Nc4ccc(C#N)cc4)n3)c(C)c2)c1,6.818156412055227
Cc1ccc(-c2cc(C)c(Oc3cc(N)nc(Nc4ccc(C#N)cc4)n3)c(C)c2)cc1,7.161150909262744
COc1ccccc1-c1cc(C)c(Oc2cc(N)nc(Nc3ccc(C#N)cc3)n2)c(C)c1,6.913640169325252
COc1cccc(-c2cc(C)c(Oc3cc(N)nc(Nc4ccc(C#N)cc4)n3)c(C)c2)c1,7.136677139879544
COc1ccc(-c2cc(C)c(Oc3cc(N)nc(Nc4ccc(C#N)cc4)n3)c(C)c2)cc1,7.267606240177032
Cc1cc(-c2ccccc2C#N)cc(C)c1Oc1cc(N)nc(Nc2ccc(C#N)cc2)n1,7.3979400086720375
Cc1cc(-c2cccc(C#N)c2)cc(C)c1Oc1cc(N)nc(Nc2ccc(C#N)cc2)n1,7.376750709602099
Cc1cc(-c2ccc(C#N)cc2)cc(C)c1Oc1cc(N)nc(Nc2ccc(C#N)cc2)n1,7.431798275933005
Cc1cc(-c2ccc(C#N)c(F)c2)cc(C)c1Oc1cc(N)nc(Nc2ccc(C#N)cc2)n1,7.301029995663981
Cc1cc(-c2ccc(C#N)c(C#N)c2)cc(C)c1Oc1cc(N)nc(Nc2ccc(C#N)cc2)n1,7.3979400086720375
Cc1cc(-c2ccccc2)ccc1Oc1cc(N)nc(Nc2ccc(C#N)cc2)n1,7.4089353929735005
Cc1cc(-c2ccccc2F)ccc1Oc1cc(N)nc(Nc2ccc(C#N)cc2)n1,7.346787486224656
Cc1cc(-c2cccc(F)c2)ccc1Oc1cc(N)nc(Nc2ccc(C#N)cc2)n1,6.995678626217358
Cc1cc(-c2ccc(F)cc2)ccc1Oc1cc(N)nc(Nc2ccc(C#N)cc2)n1,7.301029995663981
Cc1cc(-c2ccccc2C#N)ccc1Oc1cc(N)nc(Nc2ccc(C#N)cc2)n1,7.301029995663981
Cc1cc(-c2cccc(C#N)c2)ccc1Oc1cc(N)nc(Nc2ccc(C#N)cc2)n1,7.3872161432802645
Cc1cc(-c2ccc(C#N)cc2)ccc1Oc1cc(N)nc(Nc2ccc(C#N)cc2)n1,7.5376020021010435
Cc1cc(-c2ccc(C#N)c(F)c2)ccc1Oc1cc(N)nc(Nc2ccc(C#N)cc2)n1,7.4089353929735005
Cc1cc(-c2ccc(C#N)c(C#N)c2)ccc1Oc1cc(N)nc(Nc2ccc(C#N)cc2)n1,7.045757490560675
COc1cc(-c2ccc(C#N)cc2)ccc1Oc1cc(N)nc(Nc2ccc(C#N)cc2)n1,7.443697499232712
COc1cc(Oc2cc(N)nc(Nc3ccc(C#N)cc3)n2)ccc1-c1ccc(C#N)cc1,7.522878745280337
Cc1cc(Oc2cc(N)nc(Nc3ccc(C#N)cc3)n2)ccc1-c1ccc(C#N)cc1,7.585026652029182
COc1cc2cc(C#N)ccc2c(OC)c1Oc1cc(N)nc(Nc2ccc(C#N)cc2)n1,7.698970004336019
Cc1ccnc2c1NC(=O)c1cccnc1N2C1CC1,6.2580609222708015
Cc1cc(C#N)cc(C)c1Oc1nc(Nc2ccc(C#N)cc2)nc(N)c1Br,7.886056647693163
O=C1Nc2ccc(Cl)cc2[C@@](C#CC2CC2)(C(F)(F)F)O1,7.958607314841775
Cc1cc(C)cc(S(=O)(=O)c2c(C(=O)NC3CC4(C3)CN(S(C)(=O)=O)C4)[nH]c3ccc(Cl)cc23)c1,6.920818753952375
Cc1cc(C)cc(S(=O)(=O)c2c(C(=O)NC3CC4(CCN(CC(N)=O)C4)C3)[nH]c3ccc(Cl)cc23)c1,6.886056647693163
Cc1cc(C)cc(S(=O)(=O)c2c(C(=O)NC3CC4(C3)CN(Cc3n[nH]c(=O)n3C)C4)[nH]c3ccc(Cl)cc23)c1,6.769551078621726
Cc1cc(C)cc(S(=O)(=O)c2c(C(N)=O)[nH]c3ccc(Cl)cc23)c1,7.823908740944319
O=C1Nc2ccc(Cl)cc2[C@@](C#CC2CC2)(C(F)(F)F)O1,6.318758762624412
Cc1c(C(C#N)c2ccccc2)nc(SC(C)C)[nH]c1=O,5.8201610719768135
Cc1c(C(C#N)c2ccccc2Cl)nc(SC(C)C)[nH]c1=O,7.102372908709558
Cc1c(C(C#N)c2cccc(Cl)c2)nc(SC(C)C)[nH]c1=O,6.146910470148135
Cc1c(C(C#N)c2ccc(Cl)cc2)nc(SC(C)C)[nH]c1=O,5.472885888360195
Cc1c(C(C#N)c2ccccc2Br)nc(SC(C)C)[nH]c1=O,6.703334809738469
Cc1c(C(C#N)c2cccc(Br)c2)nc(SC(C)C)[nH]c1=O,6.2441251443275085
Cc1c(C(C#N)c2ccc(Br)cc2)nc(SC(C)C)[nH]c1=O,5.749824051916075
Cc1c(C(C#N)c2ccccc2F)nc(SC(C)C)[nH]c1=O,7.00436480540245
Cc1c(C(C#N)c2cccc(F)c2)nc(SC(C)C)[nH]c1=O,6.081445469449727
Cc1c(C(C#N)c2ccc(F)cc2)nc(SC(C)C)[nH]c1=O,4.845697780315335
Cc1c(C(C#N)c2ccccc2C(F)(F)F)nc(SC(C)C)[nH]c1=O,5.22242819530859
Cc1c(C(C#N)c2cccc(C(F)(F)F)c2)nc(SC(C)C)[nH]c1=O,5.567832730557412
Cc1c(C(C#N)c2ccc(C(F)(F)F)cc2)nc(SC(C)C)[nH]c1=O,4.877260007037642
COc1ccccc1C(C#N)c1nc(SC(C)C)[nH]c(=O)c1C,6.801342913045577
COc1cccc(C(C#N)c2nc(SC(C)C)[nH]c(=O)c2C)c1,5.976336081802207
COc1ccc(C(C#N)c2nc(SC(C)C)[nH]c(=O)c2C)cc1,4.68468053474125
Cc1ccccc1C(C#N)c1nc(SC(C)C)[nH]c(=O)c1C,6.167491087293763
Cc1cccc(C(C#N)c2nc(SC(C)C)[nH]c(=O)c2C)c1,6.567030709125595
Cc1ccc(C(C#N)c2nc(SC(C)C)[nH]c(=O)c2C)cc1,6.175874166083451
Cc1c(C(C#N)c2ccc(C(C)C)cc2)nc(SC(C)C)[nH]c1=O,5.667763584508557
Cc1c(C(C#N)c2cccc3c2OCO3)nc(SC(C)C)[nH]c1=O,5.8683813356508745
Cc1c(C(C#N)c2c(F)cccc2F)nc(SC(C)C)[nH]c1=O,7.102372908709558
Cc1c(C(C#N)c2cc(F)cc(F)c2)nc(SC(C)C)[nH]c1=O,5.890084136976207
Cc1c(C(C#N)c2c(Cl)cccc2Cl)nc(SC(C)C)[nH]c1=O,6.33161408331
Cc1c(C(C#N)c2cc(Cl)cc(Cl)c2)nc(SC(C)C)[nH]c1=O,6.319664486585437
Cc1cccc(C)c1C(C#N)c1nc(SC(C)C)[nH]c(=O)c1C,5.181312336558486
Cc1cc(C)cc(C(C#N)c2nc(SC(C)C)[nH]c(=O)c2C)c1,6.645891560852599
Cc1c(C(C#N)c2c(F)cccc2Cl)nc(SC(C)C)[nH]c1=O,7.130768280269024
Cc1c(C(C#N)c2cc(F)cc(Cl)c2)nc(SC(C)C)[nH]c1=O,6.145086977692144
COc1cc(OC)cc(C(C#N)c2nc(SC(C)C)[nH]c(=O)c2C)c1,5.587539452570039
Cc1c(C(C#N)c2cc(Cl)cc(C(F)(F)F)c2)nc(SC(C)C)[nH]c1=O,5.4535807331648085
Cc1c(C(C#N)c2cc(C(F)(F)F)cc(C(F)(F)F)c2)nc(SC(C)C)[nH]c1=O,4.258675033241104
COc1cc(F)cc(C(C#N)c2nc(SC(C)C)[nH]c(=O)c2C)c1,6.627087997029894
Cc1c(C(C#N)c2ccc(F)c(C#N)c2)nc(SC(C)C)[nH]c1=O,4.076652343502174
Cc1c(C(C#N)c2ccccn2)nc(SC(C)C)[nH]c1=O,5.027010773144651
Cc1c(C(C#N)c2cccnc2)nc(SC(C)C)[nH]c1=O,3.4979486116289937
Cc1c(C(C#N)c2cccnc2Cl)nc(SC(C)C)[nH]c1=O,4.8834586669732545
Cc1c(C(C#N)c2ccc(Cl)nc2)nc(SC(C)C)[nH]c1=O,3.691734466790067
Cc1ccnc2c1NC(=O)c1cccnc1N2C1CC1,6.151810883008602
O=C1Nc2ccc(Cl)cc2[C@@](C#CC2CC2)(C(F)(F)F)O1,7.958607314841775
Cc1cc(C)cc(S(=O)(=O)c2c(C(N)=O)[nH]c3ccc(Cl)cc23)c1,8.318758762624412
Cc1cc(C)cc(S(=O)(=O)c2c(C(=O)NCc3cccc(B(O)O)c3)[nH]c3ccc(Cl)cc23)c1,6.9083330424043154
Cc1cc(C)cc(S(=O)(=O)c2c(C(=O)NCc3ccc(B4OC(C)(C)C(C)(C)O4)cc3)[nH]c3ccc(Cl)cc23)c1,6.924088238517222
Cc1cc(C#N)cc(C)c1Oc1nc(Nc2ccc(C#N)cc2)nc(N)c1Br,6.158140190224939
O=C(O)c1nc(Cc2ccccc2)nc(O)c1O,5.6020599913279625
Cc1cc(/C=C/C#N)cc(C)c1Oc1nc(Nc2ccc(C#N)nc2)nc2c1COC2,7.3979400086720375
Cc1cc(C#N)cc(C)c1Oc1nc(Nc2ccc(C#N)cc2)nc(N)c1Br,8.0
N#C/C=C/c1cc(F)c(Oc2nc(Nc3ccc(C#N)nc3)nc3ccsc23)c(F)c1,7.3979400086720375
Cc1cc(/C=C/C#N)cc(C)c1Oc1nc(Nc2ccc(C#N)c(F)c2)nc2c1COC2,7.301029995663981
N#C/C=C/c1cc(F)c(Oc2nc(Nc3ccc(C#N)c(F)c3)nc3c2COC3)c(F)c1,7.522878745280337
CC(C)[C@H]1C(=O)OC[C@@H](NC(=O)c2nc3ccccc3cc2O)C(=O)N2CCCC[C@H]2C(=O)NCC(=O)N(C)CC(=O)N(C)[C@@H](C(C)C)C(=O)OC[C@@H](NC(=O)c2nc3ccccc3cc2O)C(=O)N2CCCC[C@H]2C(=O)NCC(=O)N(C)CC(=O)N1C,9.886056647693163
N#Cc1ccc(Nc2ncc(Cc3c(F)cc(-c4ccc(OS(=O)(=O)F)cc4)cc3F)o2)cc1Cl,5.522878745280337
N#Cc1ccc(Nc2ncc(Cc3c(F)cc(-c4ccc(C5CO5)cc4)cc3F)o2)cc1Cl,6.356547323513812
N#Cc1ccc(Nc2ncc(Cc3ccc(-c4ccccc4)cc3)o2)cc1,4.0
COc1ccc(-c2ccc(Cc3cnc(Nc4ccc(C#N)cc4)o3)cc2)cc1,5.0
N#Cc1ccc(Nc2ncc(Cc3c(F)cc(-c4ccccc4)cc3F)o2)cc1,7.698970004336019
N#Cc1ccc(Nc2ncc(Cc3c(F)cc(-c4ccc(C#N)cc4)cc3F)o2)cc1,7.958607314841775
N#Cc1ccc(-c2cc(F)c(Cc3cnc(Nc4ccc(C#N)c(Cl)c4)o3)c(F)c2)cc1,8.0
C=Cc1ccc(-c2cc(F)c(Cc3cnc(Nc4ccc(C#N)c(Cl)c4)o3)c(F)c2)cc1,7.769551078621726
N#Cc1ccc(Nc2ncc(Cc3c(F)cc(-c4ccc(O)cc4)cc3F)o2)cc1,6.0
N#Cc1ccc(Nc2ncc(Cc3c(F)cc(-c4ccc(O)cc4)cc3F)o2)cc1Cl,6.552841968657781
N#Cc1ccc(Nc2ncc(Cc3c(F)cc(-c4ccc(OS(=O)(=O)F)cc4)cc3F)o2)cc1,4.698970004336019
Cc1cc(=O)oc2c3c(c4c(c12)OC(C)(C)C=C4)O[C@H](C)[C@@H](C)[C@@H]3O,4.910094888560602
CCCc1cc(=O)oc2c3c(c4c(c12)OC(C)(C)C=C4)O[C@H](C)[C@H](C)[C@@H]3O,4.522878745280337
CCCc1cc(=O)oc2c3c(c4c(c12)OC(C)(C)C=C4)O[C@H](C)[C@@H](C)[C@H]3O,4.823908740944319
CCCc1cc(=O)oc2c3c(c4c(c12)OC(C)(C)C=C4)O[C@H](C)[C@@H](C)C3=O,4.721246399047171
C[C@@H]1[C@H](O)c2c(c3c(c4c(-c5ccccc5)cc(=O)oc24)OC(C)(C)C=C3)O[C@@H]1C,4.522878745280337
C[C@H]1[C@H](O)c2c(c3c(c4c(-c5ccccc5)cc(=O)oc24)OC(C)(C)C=C3)O[C@@H]1C,7.42021640338319
C[C@@H]1[C@@H](C)Oc2c3c(c4c(-c5ccccc5)cc(=O)oc4c2[C@@H]1O)OC(C)(C)C=C3,6.886056647693163
Cc1cc(=O)oc2c3c(c4c(c12)OC(C)(C)C=C4)O[C@H](C)[C@@H](C)[C@H]3O,4.721246399047171
CCCc1cc(=O)oc2c3c(c4c(c12)OC(C)(C)C=C4)O[C@H](C)[C@@H](C)[C@@H]3O,4.698970004336019
Cc1ccc(C)c(/C=C2\SC(=O)N(CCC(=O)Nc3ccccc3O)C2=O)c1,5.882728704344236
Cc1cc(/C=C/C#N)cc(C)c1Oc1nc(NC2CCN(Cc3ccc(S(N)(=O)=O)cc3)CC2)ncc1-c1ccccc1F,6.886056647693163
Cc1cc(/C=C/C#N)cc(C)c1Oc1nc(NC2CCN(Cc3ccc(C(N)=O)cc3)CC2)ncc1-c1ccccc1F,6.812479279163537
Cc1cc(/C=C/C#N)cc(C)c1Oc1nc(NC2CCN(Cc3ccc(S(C)(=O)=O)cc3)CC2)ncc1-c1ccccc1F,6.79317412396815
Cc1cc(/C=C/C#N)cc(C)c1Oc1nc(NC2CCN(Cc3ccc(S(N)(=O)=O)cc3)CC2)ncc1-c1cccc(F)c1,6.7121982700697735
Cc1cc(/C=C/C#N)cc(C)c1Oc1nc(NC2CCN(Cc3ccc(C(N)=O)cc3)CC2)ncc1-c1cccc(F)c1,6.787812395596042
Cc1cc(/C=C/C#N)cc(C)c1Oc1nc(NC2CCN(Cc3ccc(S(C)(=O)=O)cc3)CC2)ncc1-c1cccc(F)c1,6.642065152999546
Cc1cc(/C=C/C#N)cc(C)c1Oc1nc(NC2CCN(Cc3ccc(S(N)(=O)=O)cc3)CC2)ncc1-c1ccc(F)cc1,6.863279432843593
Cc1cc(/C=C/C#N)cc(C)c1Oc1nc(NC2CCN(Cc3ccc(C(N)=O)cc3)CC2)ncc1-c1ccc(F)cc1,6.886056647693163
Cc1cc(/C=C/C#N)cc(C)c1Oc1nc(NC2CCN(Cc3ccc(S(C)(=O)=O)cc3)CC2)ncc1-c1ccc(F)cc1,6.838631997765025
Cc1cc(/C=C/C#N)cc(C)c1Oc1nc(NC2CCN(Cc3ccc(S(N)(=O)=O)cc3)CC2)ncc1-c1ccccc1O,6.688246138944246
Cc1cc(/C=C/C#N)cc(C)c1Oc1nc(NC2CCN(Cc3ccc(C(N)=O)cc3)CC2)ncc1-c1ccccc1O,6.749579997691106
Cc1cc(/C=C/C#N)cc(C)c1Oc1nc(NC2CCN(Cc3ccc(S(C)(=O)=O)cc3)CC2)ncc1-c1ccccc1O,6.484126156288321
Cc1cc(/C=C/C#N)cc(C)c1Oc1nc(NC2CCN(Cc3ccc(S(N)(=O)=O)cc3)CC2)ncc1-c1cccc(O)c1,6.939302159646388
Cc1cc(/C=C/C#N)cc(C)c1Oc1nc(NC2CCN(Cc3ccc(C(N)=O)cc3)CC2)ncc1-c1cccc(O)c1,7.055517327849832
Cc1cc(/C=C/C#N)cc(C)c1Oc1nc(NC2CCN(Cc3ccc(S(C)(=O)=O)cc3)CC2)ncc1-c1cccc(O)c1,6.785156151952302
Cc1cc(/C=C/C#N)cc(C)c1Oc1nc(NC2CCN(Cc3ccc(S(N)(=O)=O)cc3)CC2)ncc1-c1ccc(O)cc1,7.040958607678906
Cc1cc(/C=C/C#N)cc(C)c1Oc1nc(NC2CCN(Cc3ccc(C(N)=O)cc3)CC2)ncc1-c1ccc(O)cc1,6.767003889607846
Cc1cc(/C=C/C#N)cc(C)c1Oc1nc(NC2CCN(Cc3ccc(S(C)(=O)=O)cc3)CC2)ncc1-c1ccc(O)cc1,7.013228265733755
Cc1cc(/C=C/C#N)cc(C)c1Oc1nc(NC2CCN(Cc3ccc(S(N)(=O)=O)cc3)CC2)ncc1-c1ccccc1N,6.798602875679548
Cc1cc(/C=C/C#N)cc(C)c1Oc1nc(NC2CCN(Cc3ccc(C(N)=O)cc3)CC2)ncc1-c1ccccc1N,6.913640169325252
Cc1cc(/C=C/C#N)cc(C)c1Oc1nc(NC2CCN(Cc3ccc(S(C)(=O)=O)cc3)CC2)ncc1-c1ccccc1N,6.749579997691106
Cc1cc(/C=C/C#N)cc(C)c1Oc1nc(NC2CCN(Cc3ccc(S(N)(=O)=O)cc3)CC2)ncc1-c1cccc(N)c1,6.872895201635193
Cc1cc(/C=C/C#N)cc(C)c1Oc1nc(NC2CCN(Cc3ccc(C(N)=O)cc3)CC2)ncc1-c1cccc(N)c1,6.860120913598763
Cc1cc(/C=C/C#N)cc(C)c1Oc1nc(NC2CCN(Cc3ccc(S(C)(=O)=O)cc3)CC2)ncc1-c1cccc(N)c1,6.866461091629782
Cc1cc(/C=C/C#N)cc(C)c1Oc1nc(NC2CCN(Cc3ccc(S(N)(=O)=O)cc3)CC2)ncc1-c1ccc(N)cc1,7.013228265733755
Cc1cc(/C=C/C#N)cc(C)c1Oc1nc(NC2CCN(Cc3ccc(C(N)=O)cc3)CC2)ncc1-c1ccc(N)cc1,6.966576244513051
Cc1cc(/C=C/C#N)cc(C)c1Oc1nc(NC2CCN(Cc3ccc(S(C)(=O)=O)cc3)CC2)ncc1-c1ccc(N)cc1,6.798602875679548
CC(=O)c1ccc(-c2cnc(NC3CCN(Cc4ccc(S(N)(=O)=O)cc4)CC3)nc2Oc2c(C)cc(/C=C/C#N)cc2C)cc1,6.886056647693163
CC(=O)c1ccc(-c2cnc(NC3CCN(Cc4ccc(C(N)=O)cc4)CC3)nc2Oc2c(C)cc(/C=C/C#N)cc2C)cc1,6.756961951313706
CC(=O)c1ccc(-c2cnc(NC3CCN(Cc4ccc(S(C)(=O)=O)cc4)CC3)nc2Oc2c(C)cc(/C=C/C#N)cc2C)cc1,6.701146923590294
Cc1cc(/C=C/C#N)cc(C)c1Oc1nc(NC2CCN(Cc3ccc(S(N)(=O)=O)cc3)CC2)ncc1-c1ccc2c(c1)OCO2,6.913640169325252
Cc1cc(/C=C/C#N)cc(C)c1Oc1nc(NC2CCN(Cc3ccc(C(N)=O)cc3)CC2)ncc1-c1ccc2c(c1)OCO2,6.958607314841775
Cc1cc(/C=C/C#N)cc(C)c1Oc1nc(NC2CCN(Cc3ccc(S(C)(=O)=O)cc3)CC2)ncc1-c1ccc2c(c1)OCO2,6.79317412396815
Cc1cc(C#N)cc(C)c1Oc1nc(Nc2ccc(C#N)cc2)nc(N)c1Br,7.769551078621726
Cc1cc(/C=C/C#N)cc(C)c1Cc1nc(NC2CCN(Cc3ccc(S(N)(=O)=O)cc3)CC2)ncc1-c1cncnc1,6.931814138253839
Cc1cc(/C=C/C#N)cc(C)c1Cc1nc(NC2CCN(Cc3ccc(C(N)=O)cc3)CC2)ncc1-c1cncnc1,6.91721462968355
Cc1cc(/C=C/C#N)cc(C)c1Cc1nc(NC2CCN(Cc3ccc(S(C)(=O)=O)cc3)CC2)ncc1-c1cncnc1,6.982966660701219
Cc1cc(/C=C/C#N)cc(C)c1Cc1nc(NC2CCN(Cc3ccc(S(N)(=O)=O)cc3)CC2)ncc1-c1cnc(N)nc1,7.070581074285707
Cc1cc(/C=C/C#N)cc(C)c1Cc1nc(NC2CCN(Cc3ccc(C(N)=O)cc3)CC2)ncc1-c1cnc(N)nc1,6.804100347590766
Cc1cc(/C=C/C#N)cc(C)c1Cc1nc(NC2CCN(Cc3ccc(S(C)(=O)=O)cc3)CC2)ncc1-c1cnc(N)nc1,6.966576244513051
Cc1cc(C#N)cc(C)c1Oc1ccnc(NC2CCN(C(=O)c3cc4cc(NS(C)(=O)=O)ccc4[nH]3)CC2)n1,6.886056647693163
Cc1cc(Oc2ccnc(NC3CCN(C(=O)c4cc5cc(NS(C)(=O)=O)ccc5[nH]4)CC3)n2)cc(C)c1Cl,5.522878745280337
Cc1cccc(C)c1Oc1ccnc(NC2CCN(C(=O)c3cc4cc(NS(C)(=O)=O)ccc4[nH]3)CC2)n1,4.920818753952375
Cc1cc(C)c(Oc2ccnc(NC3CCN(C(=O)c4cc5cc(NS(C)(=O)=O)ccc5[nH]4)CC3)n2)c(C)c1,6.958607314841775
CS(=O)(=O)Nc1ccc2[nH]c(C(=O)N3CCC(Nc4nccc(Oc5ccc(Br)cc5F)n4)CC3)cc2c1,6.958607314841775
Cc1ccccc1Oc1ccnc(NC2CCN(C(=O)c3cc4cc(NS(C)(=O)=O)ccc4[nH]3)CC2)n1,5.0655015487564325
Cc1cccc(Oc2ccnc(NC3CCN(C(=O)c4cc5cc(NS(C)(=O)=O)ccc5[nH]4)CC3)n2)c1,5.920818753952375
CS(=O)(=O)Nc1ccc2[nH]c(C(=O)N3CCC(Nc4nccc(Oc5cccc(C#N)c5)n4)CC3)cc2c1,6.221848749616356
CS(=O)(=O)Nc1ccc2[nH]c(C(=O)N3CCC(Nc4nccc(Oc5ccc(C#N)cc5)n4)CC3)cc2c1,5.958607314841775
CS(=O)(=O)Nc1ccc2[nH]c(C(=O)N3CCC(Nc4nccc(Oc5ccccc5Cl)n4)CC3)cc2c1,5.795880017344075
CS(=O)(=O)Nc1ccc2[nH]c(C(=O)N3CCC(Nc4nccc(Oc5cccc(Cl)c5)n4)CC3)cc2c1,6.468521082957745
CS(=O)(=O)Nc1ccc2[nH]c(C(=O)N3CCC(Nc4nccc(Oc5ccc(Cl)cc5)n4)CC3)cc2c1,5.958607314841775
CS(=O)(=O)Nc1ccc2[nH]c(C(=O)N3CCC(Nc4nccc(Oc5ccccc5Br)n4)CC3)cc2c1,5.853871964321762
CS(=O)(=O)Nc1ccc2[nH]c(C(=O)N3CCC(Nc4nccc(Oc5cccc(Br)c5)n4)CC3)cc2c1,5.468521082957745
CS(=O)(=O)Nc1ccc2[nH]c(C(=O)N3CCC(Nc4nccc(Oc5ccc(Br)cc5)n4)CC3)cc2c1,5.657577319177793
CS(=O)(=O)Nc1ccc2[nH]c(C(=O)N3CCC(Nc4nccc(Oc5cccc(F)c5)n4)CC3)cc2c1,5.376750709602099
CS(=O)(=O)Nc1ccc2[nH]c(C(=O)N3CCC(Nc4nccc(Oc5cccc(C(F)(F)F)c5)n4)CC3)cc2c1,5.7447274948966935
CS(=O)(=O)Nc1ccc2[nH]c(C(=O)N3CCC(Nc4nccc(Oc5ccc(C(F)(F)F)cc5)n4)CC3)cc2c1,5.886056647693163
Cc1ccnc2c1NC(=O)c1cccnc1N2C1CC1,6.309803919971486
O=C1Nc2ccc(Cl)cc2[C@@](C#CC2CC2)(C(F)(F)F)O1,8.0
O=C1C2=C(Nc3[nH]c(=O)[nH]c(=O)c3C2c2ccc(O)c(O)c2)c2ccccc21,4.950781977329818
COc1cc(C2C3=C(Nc4[nH]c(=O)[nH]c(=O)c42)c2ccccc2C3=O)cc(OC)c1O,4.767512133647013
COc1cc(C2C3=C(Nc4[nH]c(=O)[nH]c(=O)c42)c2ccccc2C3=O)ccc1O,4.0
COc1ccc(C2C3=C(Nc4[nH]c(=O)[nH]c(=O)c42)c2ccccc2C3=O)cc1O,4.0
COc1ccc(C2C3=C(Nc4[nH]c(=O)[nH]c(=O)c42)c2ccccc2C3=O)cc1OC,4.693146251306992
O=C1C2=C(Nc3[nH]c(=O)[nH]c(=O)c3C2c2cccc(O)c2)c2ccccc21,4.0295136511523495
O=C1C2=C(Nc3[nH]c(=O)[nH]c(=O)c3C2c2ccc(O)cc2)c2ccccc21,4.0
COc1cc(C2C3=C(Nc4[nH]c(=O)[nH]c(=O)c42)c2ccccc2C3=O)cc(OC)c1OC,4.667561540084395
CCOC(=O)C(=O)CC(=O)/C=C/c1cccn1Cc1ccccc1Cl,5.060480747381382
Cc1cc(C#N)cc(C)c1Oc1nc(Nc2ccc(-c3cn(Cc4ccc(Cl)cc4)nn3)cc2)nc2ccsc12,6.494850021680094
Cc1cc(C#N)cc(C)c1Oc1nc(Nc2ccc(-c3cn(Cc4ccc(S(N)(=O)=O)cc4)nn3)cc2)nc2ccsc12,6.721246399047171
Cc1cc(C#N)cc(C)c1Oc1nc(Nc2ccc(-c3cn(Cc4ccc(C(N)=O)cc4)nn3)cc2)nc2ccsc12,6.6020599913279625
Cc1cc(C#N)cc(C)c1Oc1nc(Nc2ccc(-c3cn(CCN4C(=O)c5ccccc5C4=O)nn3)cc2)nc2ccsc12,5.473660722610156
Cc1cc(C#N)cc(C)c1Oc1nc(Nc2ccc(-c3cn(CC(=O)Nc4ccc(C(F)(F)F)cc4)nn3)cc2)nc2ccsc12,5.5638373529592435
Cc1cc(C#N)cc(C)c1Oc1nc(Nc2ccc(-c3cn(-c4ccc5c(c4)OCO5)nn3)cc2)nc2ccsc12,5.978810700930062
COC(=O)c1cccc(-n2cc(-c3ccc(Nc4nc(Oc5c(C)cc(C#N)cc5C)c5sccc5n4)cc3)nn2)c1,6.187086643357144
Cc1cc(C#N)cc(C)c1Oc1nc(Nc2ccc(-c3cn(-c4ccc(C(N)=O)cc4)nn3)cc2)nc2ccsc12,6.096910013008056
Cc1cc(C#N)cc(C)c1Oc1nc(Nc2ccc(-c3cn(Cc4ccc(B(O)O)cc4)nn3)cc2)nc2ccsc12,6.376750709602099
Cc1cc(C#N)cc(C)c1Oc1nc(Nc2ccc(-c3cn(Cc4ccc(S(C)(=O)=O)cc4)nn3)cc2)nc2ccsc12,6.3872161432802645
Cc1cc(C#N)cc(C)c1Oc1nc(Nc2ccc(-c3cn(Cc4ccc(C(F)(F)F)cc4)nn3)cc2)nc2ccsc12,6.346787486224656
Cc1cc(C#N)cc(C)c1Oc1nc(Nc2ccc(-c3cn(Cc4ccc(C(F)(F)F)cc4F)nn3)cc2)nc2ccsc12,5.962573502059376
CCOC(=O)c1ccc(Cn2cc(-c3ccc(Nc4nc(Oc5c(C)cc(C#N)cc5C)c5sccc5n4)cc3)nn2)cc1,6.366531544420414
Cc1cc(C#N)cc(C)c1Oc1nc(Nc2ccc(-c3cn(S(=O)(=O)n4ccnc4)nn3)cc2)nc2ccsc12,7.522878745280337
Cc1cc(C#N)cc(C)c1Oc1nc(Nc2ccc(C#N)cc2)nc(N)c1Br,8.0
CC1=C[C@H](c2c(O)ccc([C@@H]3CC(=O)c4c(O)cc(O)cc4O3)c2O)[C@@H](C(=O)c2ccc(O)cc2O)[C@H](c2ccc(O)cc2O)C1,6.2441251443275085
CC1=C[C@H](c2c(O)ccc([C@@H]3CC(=O)c4c(O)cc(O)cc4O3)c2O)[C@@H](C(=O)c2ccc(O)cc2O)[C@H](c2ccc(O)cc2O)C1,6.00436480540245
CC(C)c1ccc(O)c(=O)c(O)c1,6.6777807052660805
C=C(C)[C@@H]1CCc2c(c(C)cc(O)c(=O)c2O)C1,6.221848749616356
COC(=O)c1c(C)cc(O)c(=O)c(O)c1Br,6.886056647693163
Cn1cc(-c2ccc(-c3ccccc3)cc2)s/c1=N/N=C1\C(=O)Nc2ccc(Cl)cc21,5.0
O=C(O)Cc1cc(=O)oc2c(O)c(O)ccc12,5.318758762624412
O=C(O)Cc1cc(=O)oc2c(O)c(O)ccc12,5.958607314841775
Nc1ccc(S(=O)(=O)N2CCN(C(=O)c3cc(O)c(O)c(O)c3)CC2)cc1,6.142667503568732
CCOC(=O)C(=O)CC(=O)/C=C/c1cccn1Cc1ccc(F)cc1,4.886056647693163
O=C(N/N=C/c1ccc(O)cc1O)c1cc(O)c(O)c(O)c1,5.769551078621726
N#Cc1ccc(-c2c[nH]/c(=N\N=C3/C(=O)Nc4ccccc43)s2)cc1,5.886056647693163
Cn1cc(-c2ccc(-c3ccccc3)cc2)s/c1=N/N=C1\C(=O)Nc2ccc(Cl)cc21,5.022276394711152
Nc1nn(C(=O)c2ccccc2)c(N)c1C(=S)Nc1ccc(Cl)cc1,5.154901959985743
COc1cc(OC)cc(OC(=O)c2ccc(C(F)(F)F)nc2Nc2cc(Cl)ccc2C)c1,4.853871964321762
O=C1Cc2ccc(-c3ccco3)cc2C(=O)N1O,6.187086643357144
O=C1Cc2ccc(-c3ccco3)cc2C(=O)N1O,5.585026652029182
O=c1[nH]c(=O)n(COCc2ccccc2)c(Sc2ccccc2F)c1C1CC1,7.221848749616356
O=c1[nH]c(=O)n(COCc2ccccc2)c(Sc2cccc(F)c2)c1C1CC1,7.3979400086720375
O=c1[nH]c(=O)n(COCc2ccccc2)c(Sc2cccc(F)c2F)c1C1CC1,6.619788758288394
O=c1[nH]c(=O)n(COCc2ccccc2)c(Sc2ccc(F)cc2F)c1C1CC1,5.7447274948966935
O=c1[nH]c(=O)n(COCc2ccccc2)c(Sc2cc(F)ccc2F)c1C1CC1,7.522878745280337
O=c1[nH]c(=O)n(COCc2ccccc2)c(Sc2c(F)cccc2F)c1C1CC1,6.142667503568732
O=c1[nH]c(=O)n(COCc2ccccc2)c(Sc2cc(F)cc(F)c2)c1C1CC1,7.0
O=c1[nH]c(=O)n(COCc2ccccc2)c(Sc2ccccc2Cl)c1C1CC1,7.045757490560675
O=c1[nH]c(=O)n(COCc2ccccc2)c(Sc2cccc(Cl)c2)c1C1CC1,7.221848749616356
O=c1[nH]c(=O)n(COCc2ccccc2)c(Sc2ccc(Cl)cc2)c1C1CC1,5.2380721615794705
O=c1[nH]c(=O)n(COCc2ccccc2)c(Sc2cccc(Cl)c2Cl)c1C1CC1,5.913640169325252
O=c1[nH]c(=O)n(COCc2ccccc2)c(Sc2ccc(Cl)cc2Cl)c1C1CC1,5.2549252084179425
O=c1[nH]c(=O)n(COCc2ccccc2)c(Sc2cc(Cl)ccc2Cl)c1C1CC1,7.522878745280337
O=c1[nH]c(=O)n(COCc2ccccc2)c(Sc2c(Cl)cccc2Cl)c1C1CC1,5.373659632624958
O=c1[nH]c(=O)n(COCc2ccccc2)c(Sc2cc(Cl)cc(Cl)c2)c1C1CC1,6.958607314841775
O=c1[nH]c(=O)n(COCc2ccccc2)c(Sc2ccccc2Br)c1C1CC1,6.795880017344075
O=c1[nH]c(=O)n(COCc2ccccc2)c(Sc2cccc(Br)c2)c1C1CC1,7.154901959985743
O=c1[nH]c(=O)n(COCc2ccccc2)c(Sc2ccc(Br)cc2)c1C1CC1,5.406713932979542
Cc1ccccc1Sc1c(C2CC2)c(=O)[nH]c(=O)n1COCc1ccccc1,6.522878745280337
Cc1ccc(Sc2c(C3CC3)c(=O)[nH]c(=O)n2COCc2ccccc2)cc1,5.42021640338319
Cc1ccc(Sc2c(C3CC3)c(=O)[nH]c(=O)n2COCc2ccccc2)c(C)c1,5.268411234813262
Cc1ccc(C)c(Sc2c(C3CC3)c(=O)[nH]c(=O)n2COCc2ccccc2)c1,7.096910013008056
Cc1cccc(C)c1Sc1c(C2CC2)c(=O)[nH]c(=O)n1COCc1ccccc1,5.213248577854439
Cc1cc(C)cc(Sc2c(C3CC3)c(=O)[nH]c(=O)n2COCc2ccccc2)c1,7.096910013008056
COc1ccccc1Sc1c(C2CC2)c(=O)[nH]c(=O)n1COCc1ccccc1,6.251811972993799
COc1cccc(Sc2c(C3CC3)c(=O)[nH]c(=O)n2COCc2ccccc2)c1,6.7447274948966935
O=c1[nH]c(=O)n(COCc2ccccc2)c(Sc2ccccn2)c1C1CC1,6.958607314841775
O=c1[nH]c(=O)n(COCc2ccccc2)c(Sc2ccncc2)c1C1CC1,6.200659450546418
Cc1cn([C@H]2C[C@H](N=[N+]=[N-])[C@@H](CO)O2)c(=O)[nH]c1=O,5.657577319177793
Cc1ccnc2c1NC(=O)c1cccnc1N2C1CC1,6.42021640338319
Cc1cc(C#N)cc(C)c1Oc1nc(Nc2ccc(C#N)cc2)ncc1C(N)=O,6.707743928643524
Cc1cc(C#N)cc(C)c1Oc1nc(Nc2ccc(C#N)c(F)c2)ncc1C(N)=O,6.769551078621726
Cc1cc(C#N)cc(C)c1Oc1nc(NC2CCN(Cc3ccc(C(N)=O)cc3)CC2)ncc1C(N)=O,6.801342913045577
Cc1cc(C#N)cc(C)c1Oc1nc(NC2CCN(Cc3ccc(S(C)(=O)=O)cc3)CC2)ncc1C(N)=O,6.913640169325252
Cc1cc(C#N)cc(C)c1Oc1nc(NC2CCN(Cc3ccc(S(N)(=O)=O)cc3)CC2)ncc1C(N)=O,6.787812395596042
Cc1cc(C#N)cc(C)c1Oc1nc(NC2CCN(Cc3ccc(B(O)O)cc3)CC2)ncc1C(N)=O,5.982966660701219
Cc1cc(C#N)cc(C)c1Oc1nc(NC2CCN(c3ccc(N)cc3)CC2)ncc1C(N)=O,6.616184634019569
Cc1cc(C#N)cc(C)c1Oc1nc(NC2CCN(c3ccc(NS(C)(=O)=O)cc3)CC2)ncc1C(N)=O,6.698970004336019
Cc1cc(C#N)cc(C)c1Oc1nc(NC2CCN(c3ccc(NS(N)(=O)=O)cc3)CC2)ncc1C(N)=O,6.026410376572743
Cc1cc(C#N)cc(C)c1Oc1nc(NC2CCN(c3ccc(NS(=O)(=O)C4CC4)cc3)CC2)ncc1C(N)=O,7.42021640338319
Cc1cc(C#N)cc(C)c1Oc1nc(NC2CCN(c3ccc(NS(=O)(=O)N(C)C)cc3)CC2)ncc1C(N)=O,7.2839966563652006
Cc1ccnc2c1NC(=O)c1cccnc1N2C1CC1,6.195179321278838
Cc1cc(C#N)cc(C)c1Oc1nc(Nc2ccc(C#N)cc2)nc(N)c1Br,8.096910013008056
O=C1Nc2ccc(Cl)cc2[C@@](C#CC2CC2)(C(F)(F)F)O1,7.958607314841775
Cc1cc(C#N)cc(C)c1Oc1nc(Nc2ccc(C#N)cc2)ncc1SCC(=O)NCCCN1CCOCC1,6.94692155651658
CCOC(=O)C#Cc1cnc(Nc2ccc(C#N)cc2)nc1Oc1c(C)cc(C#N)cc1C,6.991399828238082
Cc1cc(C#N)cc(C)c1Oc1nc(Nc2ccc(C#N)cc2)ncc1C#CC(=O)NC1CC1,7.2839966563652006
COCCNC(=O)C#Cc1cnc(Nc2ccc(C#N)cc2)nc1Oc1c(C)cc(C#N)cc1C,7.721246399047171
COC(=O)C1CCC(NC(=O)C#Cc2cnc(Nc3ccc(C#N)cc3)nc2Oc2c(C)cc(C#N)cc2C)CC1,6.732828271596986
Cc1cc(C#N)cc(C)c1Oc1nc(Nc2ccc(C#N)cc2)nc(N)c1Br,7.958607314841775
O=C1Nc2ccc(Cl)cc2[C@@](C#CC2CC2)(C(F)(F)F)O1,7.886056647693163
Cc1cc(C#N)cc(C)c1Oc1nc(Nc2ccc(C#N)cc2)nc2c1CNCC2,7.2441251443275085
Cc1cc(C#N)cc(C)c1Oc1nc(Nc2ccc(C#N)cc2)nc2c1CN(Cc1ccccc1)CC2,6.647817481888637
Cc1cc(C#N)cc(C)c1Oc1nc(Nc2ccc(C#N)cc2)nc2c1CN(Cc1ccc(S(N)(=O)=O)cc1)CC2,6.899629454882437
Cc1cc(C#N)cc(C)c1Oc1nc(Nc2ccc(C#N)cc2)nc2c1CN(Cc1ccc(C(N)=O)cc1)CC2,6.910094888560602
Cc1cc(C#N)cc(C)c1Oc1nc(Nc2ccc(C#N)cc2)nc2c1CN(Cc1ccc(S(C)(=O)=O)cc1)CC2,6.6307841425898575
Cc1cc(C#N)cc(C)c1Oc1nc(Nc2ccc(C#N)cc2)nc2c1CN(Cc1ccc(B(O)O)cc1)CC2,6.7447274948966935
Cc1ccc(C(=O)N2CCc3nc(Nc4ccc(C#N)cc4)nc(Oc4c(C)cc(C#N)cc4C)c3C2)cc1,6.627087997029894
Cc1cc(C#N)cc(C)c1Oc1nc(Nc2ccc(C#N)cc2)nc2c1CN(C(=O)c1ccc(F)cc1)CC2,6.812479279163537
Cc1cc(C#N)cc(C)c1Oc1nc(Nc2ccc(C#N)cc2)nc2c1CN(C(=O)c1cccc(F)c1)CC2,6.684029654543083
Cc1cc(C#N)cc(C)c1Oc1nc(Nc2ccc(C#N)cc2)nc2c1CN(C(=O)c1ccc(C(F)(F)F)cc1)CC2,6.527243550682788
Cc1cc(C#N)cc(C)c1Oc1nc(Nc2ccc(C#N)cc2)nc2c1CN(C(=O)c1cccc(C(F)(F)F)c1)CC2,6.504455662453552
Cc1cc(C#N)cc(C)c1Oc1nc(Nc2ccc(C#N)cc2)nc2c1CN(C(=O)c1ccc([N+](=O)[O-])cc1)CC2,6.835647144215563
Cc1cc(C#N)cc(C)c1Oc1nc(Nc2ccc(C#N)cc2)nc2c1CN(C(=O)c1cccc([N+](=O)[O-])c1)CC2,6.772113295386326
COc1ccc(C(=O)N2CCc3nc(Nc4ccc(C#N)cc4)nc(Oc4c(C)cc(C#N)cc4C)c3C2)cc1,6.675717544702307
COc1cccc(C(=O)N2CCc3nc(Nc4ccc(C#N)cc4)nc(Oc4c(C)cc(C#N)cc4C)c3C2)c1,6.7447274948966935
Cc1cc(C#N)cc(C)c1Oc1nc(Nc2ccc(C#N)cc2)nc2c1CN(C(=O)c1ccc(C#N)cc1)CC2,6.812479279163537
Cc1cc(C#N)cc(C)c1Oc1nc(Nc2ccc(C#N)cc2)nc2c1CN(C(=O)c1cccc(C#N)c1)CC2,6.79317412396815
COC(=O)c1ccc(C(=O)N2CCc3nc(Nc4ccc(C#N)cc4)nc(Oc4c(C)cc(C#N)cc4C)c3C2)cc1,6.6252516539898965
Cc1cc(C#N)cc(C)c1Oc1nc(Nc2ccc(C#N)cc2)nc2c1CN(S(=O)(=O)N(C)C)CC2,7.075720713938118
C=CC(=O)N1CCc2nc(Nc3ccc(C#N)cc3)nc(Oc3c(C)cc(C#N)cc3C)c2C1,7.1487416512809245
CCC(=O)N1CCc2nc(Nc3ccc(C#N)cc3)nc(Oc3c(C)cc(C#N)cc3C)c2C1,7.154901959985743
Cc1ccnc2c1NC(=O)c1cccnc1N2C1CC1,6.501689446210399
O=C1Nc2ccc(Cl)cc2[C@@](C#CC2CC2)(C(F)(F)F)O1,8.0
Cc1cc(C#N)cc(C)c1Oc1nc(Nc2ccc(C#N)cc2)nc(N)c1Br,7.958607314841775
C[C@@]1(O)[C@H](O)[C@@H](CO)O[C@H]1n1ccc(N)nc1=O,5.978810700930062
N#C/C=C/c1ccc2c(S(=O)(=O)n3nc(Nc4ccc(C#N)c(Cl)c4)nc3N)cccc2c1,6.455931955649724
O=C1Nc2ccc(Cl)cc2[C@@](C#CC2CC2)(C(F)(F)F)O1,7.522878745280337
Cc1cc(/C=C/C#N)cc(C)c1Nc1ccnc(Nc2ccc(C#N)cc2)n1,6.795880017344075
Cc1ccnc2c1NC(=O)c1cccnc1N2C1CC1,6.3979400086720375
Nc1nc(Nc2ccc(Cl)cc2)nn1S(=O)(=O)c1ccc2ccccc2c1,6.552841968657781
N#Cc1ccc(Nc2nc(N)n(S(=O)(=O)c3cccc4cc(C#N)ccc34)n2)cc1,6.154901959985743
N#Cc1ccc2c(S(=O)(=O)n3nc(Nc4ccc(C#N)c(C#N)c4)nc3N)cccc2c1,6.455931955649724
NS(=O)(=O)c1ccc(NC(=O)CSc2nnc(Br)n2-c2ccc(C3CC3)c3ccccc23)c(Cl)c1,8.397940008672037
COc1ccc(S(=O)(=O)N(CC(C)C)C[C@@H](O)[C@H](Cc2ccccc2)NC(=O)c2cc3ccccc3o2)cc1,4.183758700008217
COc1ccc(S(=O)(=O)N(CC(C)C)C[C@@H](O)[C@H](Cc2ccccc2)NC(=O)c2cc3cc(O)c(O)cc3o2)cc1,5.628932137728264
COc1ccc(S(=O)(=O)N(CC(C)C)C[C@@H](O)[C@H](Cc2ccccc2)NC(=O)c2cc3ccc(O)cc3o2)cn1,3.651305809734459
COc1ccc(S(=O)(=O)N(CC(C)C)C[C@@H](O)[C@H](Cc2ccccc2)NC(=O)c2cc3cc(O)ccc3o2)cn1,3.9281179926938745
COc1ccc(S(=O)(=O)N(CC(C)C)C[C@@H](O)[C@H](Cc2ccccc2)NC(=O)c2cc3cc(O)c(O)cc3o2)cn1,5.235077015350112
O=C1Nc2ccc(Cl)cc2[C@@](C#CC2CC2)(C(F)(F)F)O1,6.958607314841775
COc1ccc(S(=O)(=O)N(CC(C)C)C[C@@H](O)[C@H](Cc2ccccc2)NC(=O)c2coc3cc(O)ccc23)cc1,4.219682687859849
COc1ccc(S(=O)(=O)N(CC(C)C)C[C@@H](O)[C@H](Cc2ccccc2)NC(=O)c2coc3ccc(O)cc23)cc1,4.082494490447453
COc1ccc(S(=O)(=O)N(CC(C)C)C[C@@H](O)[C@H](Cc2ccccc2)NC(=O)c2coc3cc(O)c(O)cc23)cn1,5.1249387366083
COc1ccc(S(=O)(=O)N(CC(C)C)C[C@@H](O)[C@H](Cc2ccccc2)NC(=O)c2cc3ccc(O)cc3[nH]2)cc1,3.7864822430036953
COc1ccc(S(=O)(=O)N(CC(C)C)C[C@@H](O)[C@H](Cc2ccccc2)NC(=O)c2cc3cc(O)c(O)cc3[nH]2)cc1,4.015472686656207
COc1ccc(S(=O)(=O)N(CC(C)C)C[C@@H](O)[C@H](Cc2ccccc2)NC(=O)c2cc3cc(O)c(O)cc3[nH]2)cn1,5.818156412055227
CC(C)CN(C[C@@H](O)[C@H](Cc1ccccc1)NC(=O)c1cc2ccc(O)cc2[nH]1)S(=O)(=O)c1ccc(N)cc1,3.7488486568246455
CC(C)CN(C[C@@H](O)[C@H](Cc1ccccc1)NC(=O)c1cc2cc(O)ccc2[nH]1)S(=O)(=O)c1ccc(N)cc1,3.989276134608227
Cc1cc(C)cc(C(N=[N+]=[N-])c2nc(SC(C)C)[nH]c(=O)c2C)c1,7.096910013008056
CCc1c(C(N=[N+]=[N-])c2ccc(C)cc2)nc(SC(C)C)[nH]c1=O,6.769551078621726
CCc1c(C(N=[N+]=[N-])c2cc(C)cc(C)c2)nc(SC(C)C)[nH]c1=O,7.0
Cc1c(C(C#N)c2ccccc2)nc(SC(C)C)[nH]c1=O,5.82102305270683
Cc1ccnc2c1NC(=O)c1cccnc1N2C1CC1,6.050609993355087
O=C1Nc2ccc(Cl)cc2[C@@](C#CC2CC2)(C(F)(F)F)O1,7.795880017344075
Cc1cc(-c2ccc(C#N)cc2)cc(C)c1Oc1nc(Nc2ccc(C#N)cc2)ncc1C(N)=O,7.585026652029182
N#Cc1ccc(Nc2ncc(C(N)=O)c(Oc3c(F)cc(-c4ccc(C#N)cc4)cc3F)n2)cc1,7.6777807052660805
Cc1cc(-c2ccc(C#N)cc2)cc(Cl)c1Oc1nc(Nc2ccc(C#N)cc2)ncc1C(N)=O,7.180456064458132
Cc1cc(-c2ccc(C#N)cc2)ccc1Oc1nc(Nc2ccc(C#N)cc2)ncc1C(N)=O,7.721246399047171
COc1cc(-c2ccc(C#N)cc2)ccc1Oc1nc(Nc2ccc(C#N)cc2)ncc1C(N)=O,7.552841968657781
N#Cc1ccc(Nc2ncc(C(N)=O)c(Oc3ccc(-c4ccc(C#N)cc4)cc3F)n2)cc1,7.6020599913279625
N#Cc1ccc(Nc2ncc(C(N)=O)c(Oc3ccc(-c4ccc(C#N)cc4)cc3Cl)n2)cc1,7.552841968657781
CNC(=O)c1cnc(Nc2ccc(C#N)cc2)nc1Oc1c(C)cc(-c2ccc(C#N)cc2)cc1C,7.251811972993799
CCNC(=O)c1cnc(Nc2ccc(C#N)cc2)nc1Oc1c(C)cc(-c2ccc(C#N)cc2)cc1C,6.8696662315049934
CCCNC(=O)c1cnc(Nc2ccc(C#N)cc2)nc1Oc1c(C)cc(-c2ccc(C#N)cc2)cc1C,6.718966632752273
Cc1cc(-c2ccc(C#N)cc2)cc(C)c1Oc1nc(Nc2ccc(C#N)cc2)ncc1C(=O)NC(C)C,6.701146923590294
Cc1cc(-c2ccc(C#N)cc2)cc(C)c1Oc1nc(Nc2ccc(C#N)cc2)ncc1C(=O)NC1CC1,6.954677021213342
Cc1cc(-c2ccc(C#N)cc2)cc(C)c1Oc1nc(Nc2ccc(C#N)cc2)ncc1C(=O)NCC1CC1,6.531652669587842
Cc1cc(-c2ccc(C#N)cc2)cc(C)c1Oc1nc(Nc2ccc(C#N)cc2)ncc1C(=O)NC1CCC1,6.485452247339714
Cc1cc(-c2ccc(C#N)cc2)cc(C)c1Oc1nc(Nc2ccc(C#N)cc2)ncc1C(=O)NC1CCCC1,6.482804102050026
Cc1cc(-c2ccc(C#N)cc2)cc(C)c1Oc1nc(Nc2ccc(C#N)cc2)ncc1C(=O)NC1CCCCC1,6.482804102050026
C#CCNC(=O)c1cnc(Nc2ccc(C#N)cc2)nc1Oc1c(C)cc(-c2ccc(C#N)cc2)cc1C,7.142667503568732
CONC(=O)c1cnc(Nc2ccc(C#N)cc2)nc1Oc1c(C)cc(-c2ccc(C#N)cc2)cc1C,7.327902142064283
CCONC(=O)c1cnc(Nc2ccc(C#N)cc2)nc1Oc1c(C)cc(-c2ccc(C#N)cc2)cc1C,7.026872146400302
Cc1cc(-c2ccc(C#N)cc2)cc(C)c1Oc1nc(Nc2ccc(C#N)cc2)ncc1C(=O)NCCO,7.259637310505756
Cc1cc(-c2ccc(C#N)cc2)cc(C)c1Oc1nc(Nc2ccc(C#N)cc2)ncc1C(=O)NCCCO,7.1487416512809245
COCCNC(=O)c1cnc(Nc2ccc(C#N)cc2)nc1Oc1c(C)cc(-c2ccc(C#N)cc2)cc1C,6.892790030352131
Cc1ccnc2c1NC(=O)c1cccnc1N2C1CC1,6.393618634889395
O=C1Nc2ccc(Cl)cc2[C@@](C#CC2CC2)(C(F)(F)F)O1,7.522878745280337
Cc1cc(C#N)cc(C)c1Oc1nc(Nc2ccc(C#N)cc2)nc(N)c1Br,7.958607314841775
O=C(O)c1cc2cc(F)ccc2[nH]1,2.537602002101044
Nc1ccncc1Br,2.6777807052660805
NCCc1c(F)cccc1Cl,2.6777807052660805
CC(C)c1cn(COCc2ccccc2)c(=O)[nH]c1=O,7.3979400086720375
CC(C)c1cn(COCc2ccccc2)c(=O)n(O)c1=O,5.267606240177032
CC(C)c1cn(COCc2ccccc2)c(=O)n(O)c1=O,5.6020599913279625
O=C(O)c1nc(Cc2ccccc2)nc(O)c1O,5.6020599913279625
CC(=O)NCCc1ccc(O)c(-c2c(O)c(O)c3c(c2O)C(=O)c2c(cc(O)c(C(=O)O)c2C(=O)O)C3=O)c1,4.1938200260161125
N[C@@H](Cc1ccc(O)c(-c2c(O)c(O)c3c(c2O)C(=O)c2c(cc(O)c(C(=O)O)c2C(=O)O)C3=O)c1)C(=O)O,5.0915149811213505
NCCc1ccc(O)c(-c2c(O)c(O)c3c(c2O)C(=O)c2c(cc(O)c(C(=O)O)c2C(=O)O)C3=O)c1,4.356547323513812
O=C(O)c1cc(O)c2c(c1)[C@@H]([C@@H]1c3cc(C(=O)O)cc(O)c3C(=O)c3c(O[C@@H]4O[C@H](CO)[C@@H](O)[C@H](O)[C@H]4O)cccc31)c1cccc(O[C@H]3O[C@@H](CO)[C@H](O)[C@@H](O)[C@@H]3O)c1C2=O,5.698970004336019
O=C(O)c1cc(O)c2c(c1)[C@@H]([C@H]1c3cc(C(=O)O)cc(O)c3C(=O)c3c(O[C@H]4O[C@@H](CO)[C@H](O)[C@@H](O)[C@@H]4O)cccc31)c1cccc(O[C@@H]3O[C@H](CO)[C@@H](O)[C@H](O)[C@H]3O)c1C2=O,5.698970004336019
CC(C)(C)c1ccc(C(=O)N/N=C/c2c(O)ccc3ccccc23)cc1,6.096910013008056
O=C1Nc2ccccc2/C1=N/Nc1nc(-c2ccc(-c3ccccc3)cc2)cs1,4.657577319177793
N#Cc1ccc(-c2csc(N/N=C3\C(=O)Nc4ccccc43)n2)cc1,5.022276394711152
Cn1c(-c2ccc(-c3ccccc3)cc2)cs/c1=N/N=C1\C(=O)Nc2ccc(Cl)cc21,5.008773924307505
CC(C)(C)c1ccc(C(=O)N/N=C/c2c(O)ccc3ccccc23)cc1,5.455931955649724
CC1=CC(c2ccccc2)n2nc(NC(=O)CCCc3ccc(C)cc3)nc2N1,4.882728704344236
O=C(Nc1nc2n(n1)C(c1ccccc1)C=C(c1ccccc1)N2)c1ccc(O)c(O)c1,5.730487055782084
O=C1c2ccccc2C(=O)c2c1ccc(O)c2O,4.0
O=C(Oc1ccc2c(c1OC(=O)c1ccccc1)C(=O)c1ccccc1C2=O)c1ccccc1,4.886056647693163
NC(=O)c1c(N)sc2c1CCCCC2,5.698970004336019
O=c1[nH]c(-c2ccc(O)c(O)c2)nc2sc3c(c12)CCCCC3,6.5376020021010435
O=C(Nc1sc2c(c1C(=O)Nc1ccccn1)CCCCC2)c1ccc(O)c(O)c1,6.075720713938118
O=c1oc(-c2ccc(O)c(O)c2)nc2sc3ccccc3c12,6.275724130399211
O=C1Nc2ccccc2/C1=N/Nc1nc(-c2ccc(O)c(O)c2)cs1,5.698970004336019
COc1c(/C=C/C(=O)c2ccc(-c3ccccc3)cc2)ccc2ccccc12,5.221848749616356
O=C1Nc2ccccc2/C1=N/Nc1nc(-c2ccc(-c3ccccc3)cc2)cs1,5.6020599913279625
N#Cc1ccc(-c2csc(N/N=C3\C(=O)Nc4ccccc43)n2)cc1,5.886056647693163
Cn1c(-c2ccc(-c3ccccc3)cc2)cs/c1=N/N=C1\C(=O)Nc2ccc(Cl)cc21,5.0
O=C1Cc2ccc(C3CCCO3)cc2C(=O)N1O,6.187086643357144
COc1ccc(-c2cccc(C(N)=O)c2)cc1/C=N/Nc1nc(-c2ccc([N+](=O)[O-])cc2)cs1,5.346787486224656
COc1ccc2ccccc2c1/C=N/NC(=O)c1ccc(O)c(O)c1,4.823908740944319
COc1ccc2ccccc2c1/C=N/NC(=O)c1ccc(C(C)(C)C)cc1,5.522878745280337
COC(=O)c1c(C)cc(O)c(=O)c(O)c1Br,6.886056647693163
COC(=O)c1c(C)cc(O)c(=O)c(O)c1O,5.823908740944319
COC(=O)c1c(C)cc(OC)c(=O)c(O)c1OC,4.8696662315049934
COc1ccccc1C(=O)N1CCC(NC(=O)c2cc(O)c(O)c(O)c2)CC1,4.882728704344236
Nc1ccc(S(=O)(=O)N2CCN(C(=O)c3cc(O)c(O)c(O)c3)CC2)cc1,6.142667503568732
Nc1nn(C(=O)c2ccc(Cl)cc2)c(N)c1C(=S)Nc1ccccc1,5.154901959985743
COc1ccccc1C(=O)N1CCC(NC(=O)c2cc(O)c(O)c(O)c2)CC1,4.399027104313252
Nc1ccc(S(=O)(=O)N2CCN(C(=O)c3cc(O)c(O)c(O)c3)CC2)cc1,4.301029995663981
Nc1nn(C(=O)c2ccc(Cl)cc2)c(N)c1C(=S)Nc1ccccc1,4.769551078621726
COc1cc(OC)cc(OC(=O)c2ccc(C(F)(F)F)cc2Nc2cc(Cl)ccc2C)c1,4.79317412396815
CC1=CC(c2ccccc2)n2nc(NC(=O)CCCc3ccc(C)cc3)nc2N1,4.0
O=C(Nc1nc2n(n1)C(c1ccccc1)C=C(c1ccccc1)N2)c1ccc(O)c(O)c1,4.688246138944246
COc1cc(C)c(Cc2cc3c([nH]c4ccccc43)c3c2OC(C)(C)C=C3)c2c1[nH]c1ccccc12,7.730954290342377
C=C1[C@H]2O[C@@H](OC)[C@H]3[C@@H]1[C@@H]1O[C@@H]1[C@@]3(CO)O2,5.140861702705469
COc1ccc(C[C@@H](CO)[C@H](COC(C)=O)Cc2ccc(OC)c(OC)c2)cc1OC,8.278189384787453
Cn1c(Cn2ccc(C(F)(F)F)c(Oc3cc(Cl)cc(Br)c3)c2=O)n[nH]c1=O,7.522878745280337
Cn1c(Cn2ccc(C(F)(F)F)c(Oc3cc(Cl)cc(-c4ccncc4)c3)c2=O)n[nH]c1=O,7.096910013008056
Cn1c(Cn2ccc(C(F)(F)F)c(Oc3cc(Cl)cc(-c4cncnc4)c3)c2=O)n[nH]c1=O,7.3979400086720375
Cn1c(Cn2ccc(C(F)(F)F)c(Oc3cc(Cl)cc(-c4cc5ccccc5s4)c3)c2=O)n[nH]c1=O,7.3979400086720375
Cc1ccc(-c2cc(Cl)cc(Oc3c(C(F)(F)F)ccn(Cc4n[nH]c(=O)n4C)c3=O)c2)cc1,7.522878745280337
Cn1c(Cn2ccc(C(F)(F)F)c(Oc3cc(Cl)cc(-c4ccc(Cl)cc4)c3)c2=O)n[nH]c1=O,7.698970004336019
Cn1c(Cn2ccc(C(F)(F)F)c(Oc3cc(Cl)cc(-c4ccc(Br)cc4)c3)c2=O)n[nH]c1=O,7.3979400086720375
COC(=O)c1ccc(-c2cc(Cl)cc(Oc3c(C(F)(F)F)ccn(Cc4n[nH]c(=O)n4C)c3=O)c2)cc1,7.522878745280337
C[C@H](Cn1cnc2c(N)ncnc21)OCP(=O)(O)O,5.795880017344075
CCCCCCCCCCCCCCCCSCCCOP(=O)(O)CO[C@H](C)Cn1cnc2c(N)ncnc21,8.0
CCCCCCCCCCCCCCCCCCCCOP(=O)(O)CO[C@H](C)Cn1cnc2c(N)ncnc21,6.896196279044043
CCCCCCCCOCCCCCOCCCCCOP(=O)(O)CO[C@H](C)Cn1cnc2c(N)ncnc21,5.3979400086720375
CCCCOCCCCCOCCCCCOCCCOP(=O)(O)CO[C@H](C)Cn1cnc2c(N)ncnc21,4.494850021680094
CCCCCCCCCCCCCCCCCCOCCOP(=O)(O)CO[C@H](C)Cn1cnc2c(N)ncnc21,8.522878745280337
CCCCCCCCCCCCCCCCCOCCOP(=O)(O)CO[C@H](C)Cn1cnc2c(N)ncnc21,8.522878745280337
CCCCCCCCCCCCCCCOCCCCOP(=O)(O)CO[C@H](C)Cn1cnc2c(N)ncnc21,7.522878745280337
CCCCCCCCCCCCCCOCCCCCOP(=O)(O)CO[C@H](C)Cn1cnc2c(N)ncnc21,7.2839966563652006
C[C@H](Cn1cnc2c(N)ncnc21)OCP(=O)(O)OCCOCCCCCCCCCCCCCC#CC(F)(F)F,7.795880017344075
C[C@H](Cn1cnc2c(N)ncnc21)OCP(=O)(O)OCCOCCCCCCCCCCCCCCCC(F)(F)F,8.096910013008056
C[C@H](Cn1cnc2c(N)ncnc21)OCP(=O)(O)OCCOCCCCCCCCCCCCCCC#CC(F)(F)F,8.0
C[C@H](Cn1cnc2c(N)ncnc21)OCP(=O)(O)OCCOCCCCCCCCCCCCCCCCC(F)(F)F,8.0
C[C@H](Cn1cnc2c(N)ncnc21)OCP(=O)(O)OCCOCCCCCCCCCCC#Cc1ccc(S(F)(F)(F)(F)F)cc1,8.0
C[C@H](Cn1cnc2c(N)ncnc21)OCP(=O)(O)OCCOCCCCCCCCCCCCc1ccc(S(F)(F)(F)(F)F)cc1,7.698970004336019
CCOC(=O)c1cnc(NC2CCN(Cc3ccc(F)cc3)CC2)nc1Oc1c(C)cc(-c2ccc(C#N)cc2)cc1C,6.235077015350112
CCOC(=O)c1cnc(NC2CCN(Cc3ccccc3F)CC2)nc1Oc1c(C)cc(-c2ccc(C#N)cc2)cc1C,6.114073660198569
CCOC(=O)c1cnc(NC2CCN(Cc3ccc(F)cc3F)CC2)nc1Oc1c(C)cc(-c2ccc(C#N)cc2)cc1C,6.1979107421182675
CCOC(=O)c1cnc(NC2CCN(Cc3ccc(F)c(F)c3)CC2)nc1Oc1c(C)cc(-c2ccc(C#N)cc2)cc1C,6.282329496997738
CCOC(=O)c1cnc(NC2CCN(Cc3ccc(Cl)cc3)CC2)nc1Oc1c(C)cc(-c2ccc(C#N)cc2)cc1C,6.503070351926785
CCOC(=O)c1cnc(NC2CCN(Cc3ccc(C#N)cc3)CC2)nc1Oc1c(C)cc(-c2ccc(C#N)cc2)cc1C,6.106793246940152
CCOC(=O)c1cnc(NC2CCN(Cc3cccc(C#N)c3)CC2)nc1Oc1c(C)cc(-c2ccc(C#N)cc2)cc1C,6.275724130399211
CCOC(=O)c1cnc(NC2CCN(Cc3ccccc3C#N)CC2)nc1Oc1c(C)cc(-c2ccc(C#N)cc2)cc1C,6.485452247339714
CCOC(=O)c1cnc(NC2CCN(Cc3ccc(C(F)(F)F)cc3)CC2)nc1Oc1c(C)cc(-c2ccc(C#N)cc2)cc1C,6.00436480540245
CCOC(=O)c1cnc(NC2CCN(Cc3ccc(OC(F)(F)F)cc3)CC2)nc1Oc1c(C)cc(-c2ccc(C#N)cc2)cc1C,5.689944262249108
CCOC(=O)c1cnc(NC2CCN(Cc3ccc([N+](=O)[O-])cc3)CC2)nc1Oc1c(C)cc(-c2ccc(C#N)cc2)cc1C,6.3872161432802645
CCOC(=O)c1cnc(NC2CCN(Cc3ccc(C)cc3)CC2)nc1Oc1c(C)cc(-c2ccc(C#N)cc2)cc1C,6.050609993355087
CCOC(=O)c1cnc(NC2CCN(Cc3ccc(CO)cc3)CC2)nc1Oc1c(C)cc(-c2ccc(C#N)cc2)cc1C,6.289036881004725
CCOC(=O)c1cnc(NC2CCN(Cc3ccc(OC)cc3)CC2)nc1Oc1c(C)cc(-c2ccc(C#N)cc2)cc1C,6.206209615309182
CCOC(=O)c1cnc(NC2CCN(Cc3ccc(C(N)=O)cc3)CC2)nc1Oc1c(C)cc(-c2ccc(C#N)cc2)cc1C,6.2247537402597635
CCOC(=O)c1cnc(NC2CCN(Cc3ccc(C(=O)NC)cc3)CC2)nc1Oc1c(C)cc(-c2ccc(C#N)cc2)cc1C,6.146910470148135
CCOC(=O)c1cnc(NC2CCN(Cc3cccc(C(N)=O)c3)CC2)nc1Oc1c(C)cc(-c2ccc(C#N)cc2)cc1C,6.174573882232177
CCOC(=O)c1cnc(NC2CCN(Cc3cccc(C(=O)NC)c3)CC2)nc1Oc1c(C)cc(-c2ccc(C#N)cc2)cc1C,6.163675884293248
CCOC(=O)c1cnc(NC2CCN(Cc3ccc(S(N)(=O)=O)cc3)CC2)nc1Oc1c(C)cc(-c2ccc(C#N)cc2)cc1C,6.133122185662502
CCOC(=O)c1cnc(NC2CCN(Cc3ccc(S(=O)(=O)NC)cc3)CC2)nc1Oc1c(C)cc(-c2ccc(C#N)cc2)cc1C,6.128427064454121
CCOC(=O)c1cnc(NC2CCN(Cc3ccc(S(C)(=O)=O)cc3)CC2)nc1Oc1c(C)cc(-c2ccc(C#N)cc2)cc1C,6.223298816011589
CCOC(=O)c1cnc(NC2CCN(Cc3ccc(B(O)O)cc3)CC2)nc1Oc1c(C)cc(-c2ccc(C#N)cc2)cc1C,5.887730231582729
CCOC(=O)c1cnc(NC2CCN(Cc3ccc(/C=C/C(=O)OC)cc3)CC2)nc1Oc1c(C)cc(-c2ccc(C#N)cc2)cc1C,6.2716462179787715
CCOC(=O)c1cnc(NC2CCN(Cc3ccccn3)CC2)nc1Oc1c(C)cc(-c2ccc(C#N)cc2)cc1C,6.170053304058364
CCOC(=O)c1cnc(NC2CCN(Cc3cccnc3)CC2)nc1Oc1c(C)cc(-c2ccc(C#N)cc2)cc1C,6.1438755557577
CCOC(=O)c1cnc(NC2CCN(Cc3ccncc3)CC2)nc1Oc1c(C)cc(-c2ccc(C#N)cc2)cc1C,6.278189384787454
Cc1ccnc2c1NC(=O)c1cccnc1N2C1CC1,5.968591535748375
O=C1Nc2ccc(Cl)cc2[C@@](C#CC2CC2)(C(F)(F)F)O1,7.886056647693163
Cc1cc(C#N)cc(C)c1Oc1nc(Nc2ccc(C#N)cc2)nc(N)c1Br,7.5376020021010435
Cc1cc(/C=C/C#N)cc(C)c1Nc1ccnc(Nc2ccc(C#N)cc2)n1,7.455931955649724
Cc1cc(C#N)cc(C)c1Oc1cc(-c2cccs2)nc(NC2CCN(Cc3ccc(C(N)=O)cc3)CC2)n1,6.52432881167557
Cc1cc(C#N)cc(C)c1Oc1cc(-c2ccncc2)nc(NC2CCN(Cc3ccc(S(N)(=O)=O)cc3)CC2)n1,6.2949920406666635
Cc1cc(C#N)cc(C)c1Oc1cc(-c2cccnc2)nc(NC2CCN(Cc3ccc(S(N)(=O)=O)cc3)CC2)n1,6.336299074610352
Cc1cc(C#N)cc(C)c1Oc1cc(-c2cncnc2)nc(NC2CCN(Cc3ccc(S(N)(=O)=O)cc3)CC2)n1,6.134896025358872
Cc1cc(C#N)cc(C)c1Oc1nc(Nc2ccc(C#N)cc2)nc(N)c1Br,7.5376020021010435
Cc1cc(C#N)cc(C)c1Oc1cc(-c2ccsc2)nc(NC2CCN(Cc3ccc(S(N)(=O)=O)cc3)CC2)n1,6.627087997029894
Cc1cc(C#N)cc(C)c1Oc1cc(-c2ccncc2)nc(NC2CCN(Cc3ccc(S(C)(=O)=O)cc3)CC2)n1,6.2839966563652006
Cc1cc(C#N)cc(C)c1Oc1cc(-c2cccnc2)nc(NC2CCN(Cc3ccc(S(C)(=O)=O)cc3)CC2)n1,6.2168113089247425
Cc1cc(C#N)cc(C)c1Oc1cc(-c2ccccc2)nc(NC2CCN(Cc3ccc(S(C)(=O)=O)cc3)CC2)n1,6.636388020107856
Cc1cc(C#N)cc(C)c1Oc1cc(-c2cccnc2)nc(NC2CCN(Cc3ccc(C(N)=O)cc3)CC2)n1,6.368556230986828
Cc1cc(C#N)cc(C)c1Oc1cc(-c2cncnc2)nc(NC2CCN(Cc3ccc(C(N)=O)cc3)CC2)n1,6.221125527997261
O=C1Nc2ccc(Cl)cc2[C@@](C#CC2CC2)(C(F)(F)F)O1,7.698970004336019
Cc1cc(C#N)cc(C)c1Oc1ccnc(NC2CCN(Cc3cn(Cc4ccc(C(N)=O)cc4)nn3)CC2)n1,7.259637310505756
Cc1cc(C#N)cc(C)c1Oc1ccnc(NC2CCN(Cc3cn(CC(=O)NC4CC4)nn3)CC2)n1,7.2076083105017466
COC(=O)CCCn1cc(CN2CCC(Nc3nccc(Oc4c(C)cc(C#N)cc4C)n3)CC2)nn1,7.251811972993799
Cc1cc(/C=C/C#N)cc(C)c1Oc1ccnc(NC2CCN(Cc3cn(CC(=O)N4CCOCC4)nn3)CC2)n1,7.229147988357855
Cc1cc(/C=C/C#N)cc(C)c1Oc1ccnc(NC2CCN(Cc3cn(CC(=O)NC4CC4)nn3)CC2)n1,7.3979400086720375
CCOC(=O)Cn1cc(CN2CCC(Nc3nccc(Oc4c(C)cc(/C=C/C#N)cc4C)n3)CC2)nn1,7.267606240177032
COC(=O)Cn1cc(CN2CCC(Nc3nccc(Oc4c(C)cc(/C=C/C#N)cc4C)n3)CC2)nn1,7.2839966563652006
COC(=O)CCCn1cc(CN2CCC(Nc3nccc(Oc4c(C)cc(/C=C/C#N)cc4C)n3)CC2)nn1,7.136677139879544
Cc1cc(/C=C/C#N)cc(C)c1Oc1ccnc(NC2CCN(Cc3cn(Cc4ccc(B(O)O)cc4)nn3)CC2)n1,7.017728766960431
Cc1ccnc2c1NC(=O)c1cccnc1N2C1CC1,6.195179321278838
Cc1cc(/C=C/C#N)cc(C)c1Oc1nc(NC2CCN(Cc3cn(CC(N)=O)nn3)CC2)nc2sccc12,6.928117992693875
CNC(=O)Cn1cc(CN2CCC(Nc3nc(Oc4c(C)cc(/C=C/C#N)cc4C)c4ccsc4n3)CC2)nn1,6.872895201635193
CCNC(=O)Cn1cc(CN2CCC(Nc3nc(Oc4c(C)cc(/C=C/C#N)cc4C)c4ccsc4n3)CC2)nn1,6.6777807052660805
Cc1cc(/C=C/C#N)cc(C)c1Oc1nc(NC2CCN(Cc3cn(CC(=O)NC4CC4)nn3)CC2)nc2sccc12,6.669586226650809
Cc1cc(/C=C/C#N)cc(C)c1Oc1nc(NC2CCN(Cc3cn(CC(=O)NC4CCOCC4)nn3)CC2)nc2sccc12,6.657577319177793
Cc1cc(/C=C/C#N)cc(C)c1Oc1ccnc(Nc2ccc(N3CCN(S(C)(=O)=O)CC3)cc2)n1,7.187086643357144
Cc1cc(/C=C/C#N)cc(C)c1Oc1ccnc(Nc2ccc(N3CCN(S(=O)(=O)N(C)C)CC3)cc2)n1,6.853871964321762
CCS(=O)(=O)N1CCC(c2ccc(Nc3nccc(Oc4c(C)cc(/C=C/C#N)cc4C)n3)cc2)CC1,7.1487416512809245
Cc1cc(/C=C/C#N)cc(C)c1Oc1ccnc(Nc2ccc(C3CCN(S(=O)(=O)C4CC4)CC3)cc2)n1,7.102372908709558
Cc1cc(C#N)cc(C)c1Oc1ccnc(Nc2ccc(N3CCN(S(=O)(=O)C(C)C)CC3)c(F)c2)n1,6.853871964321762
Cc1cc(/C=C/C#N)cc(C)c1Oc1ccnc(Nc2ccc(N3CCN(S(C)(=O)=O)CC3)c(F)c2)n1,7.3979400086720375
Cc1cc(/C=C/C#N)cc(C)c1Oc1ccnc(Nc2ccc(N3CCN(S(=O)(=O)N(C)C)CC3)c(F)c2)n1,7.107905397309519
Cc1cc(/C=C/C#N)cc(C)c1Oc1ccnc(Nc2ccc(N3CC[S+]([O-])CC3)c(F)c2)n1,7.568636235841013
Cc1cc(/C=C/C#N)cc(C)c1Nc1ccnc(Nc2ccc(C#N)cc2)n1,6.366531544420414
CCS(=O)(=O)N1CCN(c2ccc(Nc3nccc(Oc4c(C)cc(/C=C/C#N)cc4C)n3)cc2)CC1,7.0
Cc1cc(/C=C/C#N)cc(C)c1Oc1ccnc(Nc2ccc(N3CCN(S(=O)(=O)C4CC4)CC3)cc2)n1,7.080921907623926
Cc1cc(/C=C/C#N)cc(C)c1Oc1ccnc(Nc2ccc(C3CCN(S(=O)(=O)C(C)C)CC3)cc2)n1,6.886056647693163
Cc1cc(C#N)cc(C)c1Oc1ccnc(Nc2ccc(N3CCN(S(C)(=O)=O)CC3)c(F)c2)n1,7.366531544420414
Cc1cc(C#N)cc(C)c1Oc1ccnc(Nc2ccc(N3CCN(S(=O)(=O)N(C)C)CC3)c(F)c2)n1,6.823908740944319
CCS(=O)(=O)N1CCN(c2ccc(Nc3nccc(Oc4c(C)cc(/C=C/C#N)cc4C)n3)cc2F)CC1,7.267606240177032
Cc1cc(/C=C/C#N)cc(C)c1Oc1ccnc(Nc2ccc(N3CCN(S(=O)(=O)C4CC4)CC3)c(F)c2)n1,7.0
Cc1cc(/C=C/C#N)cc(C)c1Oc1ccnc(Nc2ccc(N3CCS(=O)(=O)CC3)c(F)c2)n1,7.638272163982407
O=C1Nc2ccc(Cl)cc2[C@@](C#CC2CC2)(C(F)(F)F)O1,7.958607314841775
Cc1cc(/C=C/C#N)cc(C)c1Oc1ccnc(Nc2ccc(N3CCN(S(=O)(=O)C(C)C)CC3)cc2)n1,6.886056647693163
Cc1cc(/C=C/C#N)cc(C)c1Oc1ccnc(Nc2ccc(C3CCN(S(C)(=O)=O)CC3)cc2)n1,7.356547323513812
Cc1cc(/C=C/C#N)cc(C)c1Oc1ccnc(Nc2ccc(C3CCN(S(=O)(=O)N(C)C)CC3)cc2)n1,7.0
CCS(=O)(=O)N1CCN(c2ccc(Nc3nccc(Oc4c(C)cc(C#N)cc4C)n3)cc2F)CC1,7.236572006437063
Cc1cc(C#N)cc(C)c1Oc1ccnc(Nc2ccc(N3CCN(S(=O)(=O)C4CC4)CC3)c(F)c2)n1,7.113509274827518
Cc1cc(/C=C/C#N)cc(C)c1Oc1ccnc(Nc2ccc(N3CCN(S(=O)(=O)C(C)C)CC3)c(F)c2)n1,7.013228265733755
Cc1cc(/C=C/C#N)cc(C)c1Oc1ccnc(Nc2ccc(N3CCOCC3)c(F)c2)n1,7.337242168318426
Cc1cc(/C=C/C#N)cc(C)c1Oc1ccnc(Nc2ccc(CN3CCN(S(C)(=O)=O)CC3)cc2)n1,7.481486060122112
Cc1cc(C#N)cc(C)c1Oc1nc(Nc2ccc(C#N)cc2)nc(N)c1Br,7.920818753952375
Cc1cc(C#N)cc(C)c1Oc1nc(Nc2ccc(C#N)c(F)c2)c(C#N)cc1F,6.844663962534939
Cc1cc(C#N)cc(C)c1Oc1nc(Nc2ccc(C#N)cc2)c(C#N)cc1F,6.950781977329818
Cc1cc(C#N)cc(C)c1Oc1nc(Nc2ccc(C#N)c(C#N)c2)c(C#N)cc1F,6.638272163982407
Cc1cc(C#N)cc(C)c1Oc1nc(NC2CCN(Cc3ccc(S(N)(=O)=O)cc3)CC2)c(C#N)cc1F,6.534617148551582
Cc1cc(C#N)cc(C)c1Oc1nc(NC2CCN(Cc3ccc(S(C)(=O)=O)cc3)CC2)c(C#N)cc1F,6.467245621007502
Cc1cc(C#N)cc(C)c1Oc1nc(NC2CCN(Cc3ccc(C(N)=O)cc3)CC2)c(C#N)cc1F,6.518557371497695
Cc1cc(C#N)cc(C)c1Oc1nc(Nc2ccc(CN3CCN(S(C)(=O)=O)CC3)cc2)c(C#N)cc1F,6.531652669587842
Cc1cc(C#N)cc(C)c1Oc1nc(Nc2ccc(CN3CCN(S(=O)(=O)N(C)C)CC3)cc2)c(C#N)cc1F,5.585026652029182
Cc1cc(C#N)cc(C)c1Oc1ccc(C#N)c(Nc2ccc(C#N)c(F)c2)n1,4.920818753952375
Cc1cc(C#N)cc(C)c1Oc1ccc(C#N)c(Nc2ccc(C#N)cc2)n1,7.026872146400302
Cc1cc(C#N)cc(C)c1Oc1ccc(C#N)c(Nc2ccc(C#N)c(C#N)c2)n1,6.15676722190199
Cc1cc(C#N)cc(C)c1Oc1ccc(C#N)c(NC2CCN(Cc3ccc(S(N)(=O)=O)cc3)CC2)n1,6.688246138944246
Cc1cc(C#N)cc(C)c1Oc1ccc(C#N)c(NC2CCN(Cc3ccc(S(C)(=O)=O)cc3)CC2)n1,6.367542707815276
Cc1cc(C#N)cc(C)c1Oc1ccc(C#N)c(NC2CCN(Cc3ccc(C(N)=O)cc3)CC2)n1,6.59176003468815
Cc1cc(C#N)cc(C)c1Oc1ccc(C#N)c(Nc2ccc(CN3CCN(S(C)(=O)=O)CC3)cc2)n1,6.557520230935552
Cc1cc(C#N)cc(C)c1Oc1ccc(C#N)c(Nc2ccc(CN3CCN(S(=O)(=O)N(C)C)CC3)cc2)n1,5.809668301829708
Cc1cc(C#N)cc(C)c1Oc1nc(Nc2ccc(C#N)c(F)c2)c(C#N)cc1Cl,7.008773924307505
Cc1cc(C#N)cc(C)c1Oc1nc(Nc2ccc(C#N)cc2)c(C#N)cc1Cl,6.815308569182402
Cc1cc(C#N)cc(C)c1Oc1nc(Nc2ccc(C#N)c(C#N)c2)c(C#N)cc1Cl,6.841637507904751
Cc1cc(C#N)cc(C)c1Oc1nc(NC2CCN(Cc3ccc(S(N)(=O)=O)cc3)CC2)c(C#N)cc1Cl,6.33161408331
Cc1cc(C#N)cc(C)c1Oc1nc(NC2CCN(Cc3ccc(S(C)(=O)=O)cc3)CC2)c(C#N)cc1Cl,6.347753658996677
Cc1cc(C#N)cc(C)c1Oc1nc(NC2CCN(Cc3ccc(C(N)=O)cc3)CC2)c(C#N)cc1Cl,6.39577394691553
Cc1cc(C#N)cc(C)c1Oc1nc(Nc2ccc(CN3CCN(S(C)(=O)=O)CC3)cc2)c(C#N)cc1Cl,6.406713932979542
Cc1cc(C#N)cc(C)c1Oc1nc(Nc2ccc(CN3CCN(S(=O)(=O)N(C)C)CC3)cc2)c(C#N)cc1Cl,6.163675884293248
Cc1ccnc2c1NC(=O)c1cccnc1N2C1CC1,5.7121982700697735
O=C1Nc2ccc(Cl)cc2[C@@](C#CC2CC2)(C(F)(F)F)O1,7.6020599913279625
Cc1cc(C#N)cc(C)c1Oc1nc(Nc2ccc(C#N)cc2)nc(N)c1Br,7.958607314841775
N#Cc1cc(Cl)cc(Oc2ccc(Cl)cc2OCc2ccccc2)c1,5.886056647693163
C=CC(=O)Nc1cccc(COc2cc(Cl)ccc2Oc2cc(Cl)cc(C#N)c2)c1,6.045757490560675
N#Cc1cc(Cl)cc(Oc2ccc(Cl)cc2OCCc2ccccc2)c1,7.221848749616356
C=CC(=O)Nc1cccc(CCOc2cc(Cl)ccc2Oc2cc(Cl)cc(C#N)c2)c1,7.221848749616356
N#Cc1cc(Cl)cc(Oc2ccc(Cl)cc2OCCc2cccc(S(=O)(=O)F)c2)c1,6.823908740944319
C=CS(=O)(=O)c1cccc(CCOc2cc(Cl)ccc2Oc2cc(Cl)cc(C#N)c2)c1,5.045757490560675
C=CC(=O)NCCOc1cc(Cl)ccc1Oc1cc(Cl)cc(C#N)c1,4.221848749616356
C=CC(=O)N(C)CCOc1cc(Cl)ccc1Oc1cc(Cl)cc(C#N)c1,7.221848749616356
C=CC(=O)n1c(=O)n(CCOc2cc(Cl)ccc2Oc2cc(Cl)cc(C#N)c2)c2ccccc21,6.823908740944319
C=CC(=O)N(C)CCOc1cc(Cl)ccc1Oc1cccc2cc(C#N)ccc12,7.6020599913279625
C=CC(=O)N(C)CCOc1ccccc1Oc1cccc2cc(C#N)ccc12,8.0
C=CC(=O)n1c(=O)n(CCOc2ccccc2Oc2cccc3cc(C#N)ccc23)c2ccccc21,8.301029995663981
C=CC(=O)N(C)CCOc1cc(Cl)ccc1Oc1cccn2cc(C#N)cc12,7.585026652029182
C=CC(=O)N(C)CCOc1ccccc1Oc1cc(Cl)cn2cc(C#N)cc12,7.698970004336019
C=CC(=O)N(C)CCOc1ccccc1Oc1cccn2cc(C#N)cc12,8.0
C=CS(=O)(=O)CCc1ccc(Cl)c(Oc2cc(Cl)cc(C#N)c2)c1,4.0
C=CC(=O)NCCc1ccc(Cl)c(Oc2cc(Cl)cc(C#N)c2)c1,6.3979400086720375
N#Cc1cc(Cl)cc(Oc2cc(CCNC(=O)CCl)ccc2Cl)c1,6.1249387366083
C=CC(=O)N(C)CCc1ccc(Cl)c(Oc2cc(Cl)cc(C#N)c2)c1,6.301029995663981
CN(CCc1ccc(Cl)c(Oc2cc(Cl)cc(C#N)c2)c1)C(=O)CCl,5.356547323513812
C=CS(=O)(=O)CCOc1ccc(Cl)c(Oc2cc(Cl)cc(C#N)c2)c1,5.096910013008056
C=CC(=O)NCCOc1ccc(Cl)c(Oc2cc(Cl)cc(C#N)c2)c1,5.958607314841775
N#Cc1cc(Cl)cc(Oc2cc(OCCNC(=O)CCl)ccc2Cl)c1,5.560667306169737
C=CC(=O)N(C)CCOc1ccc(Cl)c(Oc2cc(Cl)cc(C#N)c2)c1,6.1249387366083
CN(CCOc1ccc(Cl)c(Oc2cc(Cl)cc(C#N)c2)c1)C(=O)CCl,5.920818753952375
C=CC(=O)N(C)CCOc1ccc(Cl)c(Oc2cccc3cc(C#N)ccc23)c1,8.0
C=CC(=O)N(C)CCOc1ccc(Cl)c(Oc2cccn3cc(C#N)cc23)c1,7.154901959985743
CN(C)C(=O)CCOc1ccccc1Oc1cccc2cc(C#N)ccc12,7.698970004336019
N#Cc1ccc2c(Oc3ccccc3OCCC(=O)N3CCCC3)cccc2c1,7.698970004336019
CN(C)C(=O)CCOc1ccccc1Oc1cccn2cc(C#N)cc12,7.698970004336019
N#Cc1cc2c(Oc3ccccc3OCCC(=O)N3CCCC3)cccn2c1,7.698970004336019
N#Cc1cc2c(Oc3ccccc3OCCC(=O)NCC(F)F)cccn2c1,5.886056647693163
N#Cc1cc2c(Oc3ccccc3OCCC(=O)N3CCOCC3)cccn2c1,7.221848749616356
