smiles,pIC50
CC(C)CCN(C[C@@H](O)[C@H](Cc1ccccc1)NC(=O)OCc1ccccc1)S(C)(=O)=O,5.494850021680094
COC(=O)N[C@H](C(=O)N[C@@H](Cc1ccccc1)[C@H](O)CN(CC1CCCCC1)NC(=O)[C@@H](NC(=O)OC)C(C)C)C(C)C,5.97469413473523
CC(C)(C)NC(=O)[C@@H]1C[C@@H]2CCCC[C@@H]2CN1C[C@@H](O)[C@H](Cc1ccccc1)NC(=O)C1=CCCSC1,6.776244546342759
COc1ccc(S(=O)(=O)N(CC(C)C)C[C@@H](O)[C@H](Cc2ccccc2)NC(=O)c2cccc(N)c2C)cc1,8.221848749616356
CCCC1(CCc2ccccc2)CC(=O)C(C(CC)c2cccc(NS(=O)(=O)c3ccccc3)c2)=C(O)O1,5.795880017344075
CC(C)(C)n1c(SC2=C(O)OC(CCc3ccccc3)(c3ccccc3)CC2=O)nc2ccccc21,6.296708621881338
CC(C)(C)OC(=O)N[C@@H](Cc1ccc(OCc2ccccc2)cc1)C(=O)N1CCC(=O)[C@@H]1Sc1ccccc1,7.698970004336019
CC(C)(C)OC(=O)N[C@@H](Cc1ccccc1)[C@@H](O)C[C@@H](Cc1ccncc1)C(=O)N[C@H]1c2ccccc2C[C@H]1O,9.275724130399212
CC[C@H](C)[C@H](NC(=O)[C@@H](N)CO)C(=O)N[C@@H](C)C(=O)N[C@@H](CCC(=O)O)C(=O)Nc1cccc(O)c1,5.0
CC(C)(C)OC(=O)N[C@H](CCNC[C@@H](O)[C@H](Cc1ccccc1)NC(=O)OC(C)(C)C)Cc1ccccc1.O,5.537602002101044
CC(C)(C)NC(=O)c1c(OC[C@@H](O)[C@H](Cc2ccccc2)NC(=O)[C@H](CC(N)=O)NC(=O)c2ccc3c(c2)S(=O)(=O)c2ccccc2C3=O)ccc2ccccc12,7.221848749616356
CC(C)C[C@H](NC(=O)[C@H](C)C[C@H](O)[C@H](Cc1ccccc1)NC(=O)OC(C)(C)C)C(=O)N[C@@H](Cc1ccccc1)C(N)=O,8.221848749616356
Cc1cccc(C)c1OC(C)C(=O)N[C@@H](Cc1ccccc1)[C@H](O)CN1CC[C@@H](OCc2ccncc2)C[C@H]1C(=O)NC(C)(C)C,7.698970004336019
O=C1CC(CC2CCCCC2)(c2ccccc2)OC(O)=C1SCc1ccccc1,6.863279432843593
CSc1ccc(S(=O)(=O)N(CC(C)C)C[C@@H](O)[C@H](Cc2ccccc2)NC(=O)Cc2ccc(O)cc2)cc1,8.3767507096021
CC(C)[C@H](NC(=O)OCCN1CCOCC1)C(=O)N[C@@H](Cc1ccccc1)[C@@H](O)[C@H](Cc1ccccc1)NC(=O)[C@H](NC(=O)OCc1ccccc1)C(C)C,8.045757490560675
CC(C)(C)OC(=O)N[C@@H](Cc1ccccc1)[C@H](O)CNC(C(=O)N[C@H]1c2ccccc2C[C@H]1O)C(O)c1ccccc1,5.070581074285707
CC[C@H](C)[C@H](NC(=O)[C@H](C(C)C)[C@@H](O)[C@H](O)[C@H](CC1CCCCC1)NC(=O)[C@H](Cc1c[nH]cn1)NC(=O)COc1cccc2ccccc12)C(=O)NCc1ccccn1,6.1249387366083
CC(C)CN(C[C@@H](O)[C@H](Cc1ccccc1)NC(=O)[C@@H]1COCCN1)S(=O)(=O)c1ccc(O)cc1,10.045757490560677
CC(C)(C)NC(=O)[C@@H]1C[C@@H]2CCCC[C@@H]2CN1C[C@@H](O)[C@H](Cc1ccccc1)NC(=O)O[C@H]1CCS(=O)(=O)C1,7.119186407719209
CCCN(C[C@@H](O)[C@H](Cc1ccccc1)NC(=O)CCc1cc(OC)c(O)cc1OC)S(=O)(=O)c1ccc(OC)cc1,7.063285241788797
CC(C)(C)OC(=O)N[C@@H](Cc1ccccc1)[C@@H](O)C[C@@H](Cc1ccccc1)C(=O)N[C@H]1c2ccccc2C[C@@H]1O,6.640164517660112
O=C(NNC(=O)c1ccccc1SSc1ccccc1C(=O)NNC(=O)c1ccccc1S)c1ccccc1S,4.0
Cc1cc(SC2=C(O)OC(C)(CCc3ccc(O)cc3)CC2=O)c(C(C)(C)C)cc1OS(N)(=O)=O,8.744727494896694
CC(C)(C)NC(=O)[C@@H]1CC2CCCCC2CN1C[C@@H](O)[C@@H]1Cc2ccc(cc2)OCCOc2cc3ccccc3cc2C(=O)N[C@@H](CC(N)=O)C(=O)N1,7.886056647693163
COC(=O)N[C@H](C(=O)N[C@@H](Cc1ccccc1)C(O)CN(Cc1ccc(O)cc1)NC(=O)[C@@H](NC(=O)OC)C(C)C)C(C)C,7.744727494896693
O=C(CN[C@@H](Cc1ccccc1)[C@H](O)CN(C1CC1)S(=O)(=O)c1ccc([N+](=O)[O-])cc1)N1CCOCC1,5.0
CSc1nccc(-c2ccc(S(=O)(=O)N3CCN(C[C@H](O)C[C@@H](Cc4ccccc4)C(=O)NCc4c(C)cc(O)cc4C)[C@@H](C(=O)NC(C)(C)C)C3)s2)n1,9.69897000433602
CC(C)(C)OC(=O)N[C@@H](Cc1ccccc1)[C@@H](O)C[C@@H](Cc1ccccc1)C(=O)N[C@H](CO)Cc1ccccc1,6.160000609491408
CC(C)(C)N(C[C@@H](O)[C@H](Cc1ccccc1)NC(=O)[C@H](CC(N)=O)NC(=O)c1ccc2ccccc2n1)C(=O)NCc1ccncc1,7.721017883134556
CC(C)[C@H](NC(=O)OCCN1CCOCC1)C(=O)N[C@@H](Cc1ccccc1)C(O)[C@H](Cc1ccccc1)NC(=O)[C@H](NC(=O)OCCN1CCOCC1)C(C)C,6.7447274948966935
CC(C)(C)OC(=O)N[C@@H](Cc1ccccc1)[C@@H](O)C[C@@H](Cc1ccccc1)C(=O)N[C@H]1c2ccccc2C[C@H]1O,9.522878745280336
CC(C)(C)NC(=O)[C@@H]1C[C@@H]2CCCC[C@@H]2CN1C[C@@H](O)[C@H](Cc1ccccc1)NC(=O)[C@@H](NC(=O)c1ccc2ccccc2n1)C1CCOC1,10.267606240177033
CC(C)(C)OC(=O)[C@@H]1CCCN1C[C@H](O)[C@H](Cc1ccccc1)NC(=O)[C@H](CC(N)=O)NC(=O)OCc1ccccc1,6.853871964321762
Nc1ccc(S(=O)(=O)N(C[C@@H](O)[C@H](Cc2ccccc2)NC(=O)O[C@H]2CO[C@H]3OCC[C@H]32)OC2CCCC2)cc1,6.673664139071248
CC(C)c1cc(CN2CCN(C[C@@H](O)[C@H](Cc3ccccc3)NC(=O)O[C@@H]3CCS(=O)(=O)[C@@H]3C(C)C)[C@H](C(=O)NC(C)(C)C)C2)cc(C(C)C)n1,8.638272163982407
CC(C)(C)OC(=O)N[C@@H](CC(N)=O)C(=O)N[C@@H](Cc1ccccc1)C(O)C[C@@H](Cc1ccccc1)C(=O)N[C@H]1c2ccccc2C[C@H]1O,6.530001357781253
CC(C)(C)NC(=O)c1ccccc1C[C@@H](O)[C@H](Cc1ccccc1)NC(=O)[C@H](CC(=O)OCc1ccccc1)NC(N)=O,7.292429823902063
Nc1ccc(S(=O)(=O)N(C[C@@H](O)[C@H](Cc2ccccc2)NCC(=O)N2CCOCC2)C2CC2)cc1,5.939302159646388
CCCC1(CCC)CC(=O)C(C(c2cccc(NS(=O)(=O)c3cn(C)cn3)c2)C(C)(C)C)=C(O)O1,6.221848749616356
CC(C)CCN(C[C@@H](O)[C@H](Cc1ccccc1)NC(=O)OCc1ccccc1)S(=O)(=O)c1ccc(Cl)cc1,8.0
CC(C)(c1cc2cnccc2o1)N1CCN(C[C@@H](O)C[C@@H](Cc2ccccc2)C(=O)N[C@H]2c3ccccc3OC[C@H]2O)[C@H](C(=O)NCC(F)(F)F)C1,10.154901959985745
Cc1cc(SC2=C(O)OC(CCc3ccc(O)cc3)(C(C)C)CC2=O)c(C(C)(C)C)cc1NS(=O)(=O)c1ccc(F)cc1,8.387216143280265
Cc1ccc(S(=O)(=O)c2c(C(N)=O)[nH]c3ccc(Cl)cc23)cc1,6.958607314841775
CC(C)(C)NC(=O)[C@@H]1CN(Cc2cc(Br)cs2)CCN1C[C@@H](O)C[C@@H](Cc1ccncc1)C(=O)N[C@H]1c2ccccc2C[C@H]1O,9.958607314841776
CC(C)C[C@@H]1NC(=O)[C@H](C(C)C)NC(=O)[C@@H]2CCCN2C(=O)[C@H](C(C)C)NC(=O)[C@H](Cc2ccccc2)NC(=O)CSCCNC(=O)[C@H](Cc2ccccc2)N(C)C(=O)[C@H](CC(C)C)NC(=O)[C@H](Cc2cccc3ccccc23)NC1=O,9.167491087293763
CC(C)[C@H](NC(=O)[C@H](Cc1ccccc1)C[C@H](O)[C@H](Cc1ccccc1)NC(=O)OC(C)(C)C)C(=O)NCC(O)CO,10.30102999566398
CC(C)(C)NC(=O)[C@@H]1CN(Cc2cccc(C(C)(C)NC(=O)OC(C)(C)C)c2)CCN1C[C@@H](O)C[C@@H](Cc1ccccc1)C(=O)NC1c2ccccc2C[C@H]1O,7.552841968657781
CC(C)(C)OC(=O)N[C@@H](Cc1ccccc1)[C@@H](O)C[C@@H](Cc1ccccc1)C(=O)NC1CCc2ccccc21,7.470056598341331
CC(C)(c1ncc(-c2ccc(Cl)cc2)o1)N1CCN(C[C@@H](O)C[C@@H](Cc2nnc(-c3ccccc3)o2)C(=O)N[C@H]2CCOC[C@H]2O)[C@H](C(=O)NCC(F)(F)F)C1,11.0
CN(C)c1ccc(CNC(=O)[C@@H](NC(=O)c2ccccc2-c2ccccc2)[C@@H]2N[C@@H](C(=O)NCCNC(=O)[C@@H]3N[C@@H]([C@H](NC(=O)c4ccccc4-c4ccccc4)C(=O)NCc4ccc(N(C)C)cc4)SC3(C)C)C(C)(C)S2)cc1,9.638272163982409
CC(C)[C@H](NC(=O)OCc1ccccc1)C(=O)N[C@@H](Cc1ccccc1)[C@@H](O)CN(Cc1ccc(F)cc1)NC(=O)[C@@H](NC(=O)OCc1ccccc1)C(C)C,7.657577319177793
Cc1cc(SC2=C(O)OC(CCc3ccc(O)cc3)(C(C)C)CC2=O)c(C(C)(C)C)cc1NS(=O)(=O)c1cccnc1,8.585026652029182
CCNC(=O)Nc1cccc(C(c2c(O)c3c(oc2=O)CCCCCC3)C2CC2)c1,4.221848749616356
CC1(C)S[C@H]([C@H](NC(=O)Cc2ccccc2)C(=O)NCc2ccccc2)N[C@H]1C(=O)N[C@H](Cc1ccccc1)[C@H](O)CC(=O)NCCO,5.958607314841775
CC1(C)CC2(CC(C)(C)c3ccc(O)c([N+](=O)[O-])c32)c2cc(O)c([N+](=O)[O-])cc21,4.327902142064283
CC(C)[C@H](NC(=O)N(C)Cc1ccccn1)C(=O)N[C@@H](Cc1ccccc1)[C@H](O)[C@H](O)[C@H](Cc1ccccc1)NC(=O)[C@H](NC(=O)N(C)Cc1ccccn1)C(C)C,9.0
COC(=O)[C@@H](NC(=O)[C@H](CC(C)C)NC(=O)[C@@H]1CCCN1C[C@@H](O)[C@H](Cc1ccccc1)NC(=O)[C@H](CC(N)=O)NC(=O)[C@H](CC(C)C)NC(=O)[C@H](CO)NC(C)=O)C(C)C,8.469032318428084
O=C(N[C@H](Cc1cccc(Br)c1)[C@@H](O)C[C@@H](CCc1ccc(Cl)cc1Cl)S(=O)(=O)c1ccc(F)cc1)[C@H]1CCCO1,4.3979400086720375
CC(C)CN(C[C@@H](O)[C@H](Cc1ccccc1)NC(=O)[C@@H](CS(=O)(=O)c1ccc(F)cc1)NS(C)(=O)=O)C(=O)NC(C)(C)C,8.0
CC(C)(C)NC(=O)c1ccccc1C[C@@H](O)[C@H](Cc1ccccc1)NC(=O)[C@H](CS(=O)(=O)c1cccc2ccccc12)NS(C)(=O)=O,9.356547323513812
CC(C)(C)OC(=O)[C@@H]1CCCN1C[C@@H](O)[C@H](Cc1ccccc1)NC(=O)[C@H](CC(N)=O)NC(=O)OCc1ccccc1,6.853871964321762
Cc1cc(SC2=C(O)OC(C)(CCc3ccc(O)cc3)CC2=O)c(C(C)(C)C)cc1NS(=O)(=O)c1ccc(C(F)(F)F)cc1,7.910094888560602
CC(=O)N[C@@H](CS(=O)(=O)c1ccccc1)C(=O)N[C@@H](Cc1ccccc1)[C@H](O)Cc1ccccc1C(=O)NC(C)(C)C,7.698970004336019
Cc1cccc(C)c1OCC(=O)N[C@@H](Cc1ccccc1)[C@H](O)CN1C[C@H]2CCCC[C@H]2C[C@H]1C(=O)NC(C)(C)C,8.075720713938118
CCOC(=O)NC(C(=O)N[C@@H](Cc1ccccc1)[C@H](O)CN(CC1CCCCC1)NC(=O)C(NC(=O)OCCOC)C(C)C)C(C)C,6.823908740944319
CC(C)(C)NC(=O)C1(CCc2ccccc2)OC(O)=C(CCc2ccccc2)C1=O,5.522878745280337
C[C@H]1[C@@H](OC(=O)N[C@@H](Cc2ccccc2)[C@H](O)CN2C[C@H]3CCC[C@H]3C[C@H]2C(=O)NC(C)(C)C)CCS1(=O)=O,7.899629454882437
COc1cc(/C=C/C(=O)N[C@@H](Cc2ccccc2)[C@H](O)CN(CC(C)C)S(=O)(=O)c2ccc(SC)cc2)ccc1O,7.800519085137644
CC1(C)CC2(CC(C)(C)c3c(Br)c(O)c(O)c(Br)c32)c2c(Br)c(O)c(O)c(Br)c21,5.749579997691106
O=C(N[C@H]1CCOC[C@H]1O)[C@H](Cc1nnco1)C[C@H](O)CN1CCN(Cc2ccc(-c3ccc(Cl)cc3)o2)C[C@H]1C(=O)NCC(F)(F)F,11.0
CC(C)(C)NC(=O)[C@@H]1CCCN1C(=O)[C@@H](O)[C@H](Cc1ccccc1)NC(=O)[C@H](CC(N)=O)NC(=O)OCc1ccccc1,7.050609993355087
CC(C)(C)OC(=O)N[C@@H](Cc1ccccc1)[C@@H](O)C[C@@]1(Cc2ccccc2)CCN([C@H]2c3ccccc3C[C@H]2O)C1=O,7.431798275933005
Cc1cc(SC2=C(O)OC(CCc3ccccc3)(C(C)C)CC2=O)c(C(C)(C)C)cc1OS(=O)(=O)c1ccccn1,8.173925197299173
COc1cc(CC(=O)N[C@@H](Cc2ccccc2)[C@H](O)CN(CC(C)C)S(=O)(=O)c2ccc(N)cc2)ccc1O,6.420902673447356
CN(C(=O)[C@H](Cc1ccccc1)C[C@H](O)[C@H](Cc1ccccc1)NC(=O)OC(C)(C)C)[C@H]1c2ccccc2C[C@H]1O,6.730487055782084
C[C@H](O)CN(C[C@@H](O)[C@H](Cc1ccccc1)NC(=O)c1cc(O)cc(O)c1)S(=O)(=O)c1ccc(C(F)(F)F)cc1,7.565431095965801
CC(C)(C)NC(=O)[C@@H]1C[C@@H]2CCCC[C@@H]2CN1C[C@@H](O)[C@H](Cc1ccccc1)NC(=O)[C@@H](NC(=O)c1ccc2ccccc2n1)C1CCCC1,8.585026652029182
CC1=C(C(COC(=O)c2ccccc2)OC(=O)c2ccccc2)c2cc3nc(cc4[nH]c(cc5[nH]c(cc1n2)c(C)c5CCC(=O)O)c(CCC(=O)O)c4C)C(C(COC(=O)c1ccccc1)OC(=O)c1ccccc1)=C3C,4.0
CC(C)(C)OC(=O)N[C@@H](Cc1ccccc1)[C@@H](O)C[C@@H](Cc1ccc(OCc2ccccc2)cc1)C(=O)NC1c2ccccc2C[C@H]1O,9.744727494896694
CC(=O)N[C@@H](Cc1ccccc1)C(O)[C@H](Cc1ccccc1)NC(C)=O,5.0
O=S1(=O)N(Cc2ccccc2)[C@H](CCc2ccccc2)[C@H](O)[C@@H](O)[C@@H](CCc2ccccc2)N1Cc1ccccc1,6.698970004336019
CC(C)(C)OC(=O)N[C@@H](Cc1ccccc1)[C@@H](O)C[C@@H](Cc1ccc(O)cc1)C(=O)NC1c2ccccc2C[C@@H]1O,9.79997073344623
CCOC(=O)NC(C(=O)NN(CC1CCCCC1)C[C@@H](O)[C@H](Cc1ccccc1)NC(=O)C(NC(=O)OC)C(C)C)C(C)C,7.251811972993799
O=C(N[C@@H](Cc1ccccc1)[C@@H](O)C[C@@H](Cc1ccccc1)C(=O)N[C@H]1c2ccccc2C[C@H]1O)OC1CCCC1,9.481486060122112
C=CCN(C(=O)[C@H](Cc1ccccc1)NC(=O)OC(C)(C)C)[C@@H](C)C(=O)N[C@H](C(=O)N[C@H](C(=O)OC)C(C)C)[C@@H](C)CC,8.0
CC(C)[C@H](NS(=O)(=O)CCc1ccncc1)C(=O)N[C@@H](Cc1ccccc1)[C@@H](O)[C@H](O)[C@H](Cc1ccccc1)NC(=O)[C@H](NS(=O)(=O)CCc1ccncc1)C(C)C,7.619788758288394
COc1cc(C(=O)N[C@@H](Cc2ccccc2)[C@H](O)CN(C[C@H](C)O)S(=O)(=O)c2ccc(C(F)(F)F)cc2)cc(OC)c1O,7.855425792390384
O=C1CC(CCc2ccccc2)(c2ccccc2)OC(O)=C1SCCc1ccccc1,7.292429823902063
C[C@H](C1=C(O)[C@@](CCc2ccccc2)(C(=O)NCc2ccc(C(C)(C)C)cc2)OC1=O)c1ccccc1,4.075720713938118
CC(C)=CCCC(C)C1=C(O)C(C)(C(=O)NC(C)(C)C)OC1=O,3.821023052706831
C[C@H](O)CN(C[C@@H](O)[C@H](Cc1ccccc1)NC(=O)c1ccc(O)cc1O)S(=O)(=O)c1ccc([N+](=O)[O-])cc1,7.327163545828603
COc1cccc(CC(=O)N[C@@H](Cc2ccccc2)[C@H](O)CN(CC(C)C)S(=O)(=O)c2ccc(SC)cc2)c1,7.517412230473233
O=c1c(CCCOc2cccc(CO)c2)c(O)oc2ccccc12,5.638272163982407
CC(C)(C)NC(=O)[C@@H]1CN(Cc2ccc(O)cc2)CCN1C[C@@H](O)[C@H](Cc1ccccc1)NC(=O)O[C@H]1CCOC1,6.815308569182402
CC(C)(C)OC(=O)N[C@@H](Cc1ccccc1)[C@H](O)CNC[C@@H](O)[C@H](Cc1ccc(OCC(O)c2ccccn2)cc1)NC(=O)OC(C)(C)C,6.958607314841775
CC(C)CN(C[C@@H](O)[C@H](Cc1ccccc1)NC(=O)OCc1ccccc1)S(=O)(=O)c1ccccc1,8.221848749616356
COC(=O)N[C@H](C(=O)N[C@@H](Cc1ccccc1)C(O)CN(Cc1cccs1)NC(=O)[C@@H](NC(=O)OC)C(C)C)C(C)C,7.769551078621726
CC1=C(C(O)CO)c2cc3nc(cc4[nH]c(cc5[nH]c(cc1n2)c(C)c5CCC(=O)O)c(CCC(=O)O)c4C)C(C(O)CO)=C3C,3.6989700043360183
CCCS(=O)(=O)Nc1cccc(C(c2c(O)cc(C(CC)Cc3ccccc3)oc2=O)C2CC2)c1,5.455931955649724
CC(=O)CC(c1ccccc1)c1c(O)c2ccccc2oc1=O,4.522878745280337
CC(=O)N[C@@H](CSc1ccccc1)C(=O)N[C@@H](Cc1ccccc1)[C@H](O)Cc1ccccc1C(=O)NC(C)(C)C,6.657577319177793
CC(C)(C)NC(=O)c1ccccc1OC[C@@H](O)[C@H](Cc1ccccc1)NC(=O)[C@H](CC(N)=O)NC(=O)c1ccc2c(c1)C(=O)c1ccccc1C2=O,7.387216143280264
CC(C)(C)NC(=O)[C@@H]1CN(Cc2cccnc2)CCN1C[C@@H](O)C[C@@H](Cc1ccccc1)C(=O)N[C@H]1c2ccccc2C[C@H]1O.O,8.795880017344075
O=C(N[C@H]1c2ccccc2OC[C@H]1O)[C@H](Cc1cccnc1)C[C@H](O)CN1CCN(Cc2ccn(-c3ccc(F)cc3)c2)C[C@H]1C(=O)NCC(F)(F)F,10.30102999566398
CC(C)CN(C[C@@H](O)[C@H](Cc1ccccc1)NC(=O)c1cc(O)cc(O)c1)S(=O)(=O)c1ccc(C(F)(F)F)cc1,10.10790539730952
CSc1ccc(C[C@H](C[C@H](O)[C@H](Cc2ccccc2)NC(=O)OC(C)(C)C)C(=O)N[C@H]2c3ccccc3C[C@H]2O)cc1,9.657577319177792
CC(C)CN(C[C@@H](O)[C@H](Cc1ccccc1)NC(=O)[C@H](CC(N)=O)NC(=O)OCc1ccccc1)C(=O)NC(C)(C)C,7.455931955649724
C[C@H](NC(=O)N(C[C@@H](O)[C@H](Cc1ccccc1)NC(=O)[C@H](CC(N)=O)NC(=O)OCc1ccccc1)C(C)(C)C)c1ccccc1,5.29299989005351
CC(C)(C)OC(=O)N[C@@H](Cc1ccccc1)[C@H](O)CNC[C@@H](O)[C@H](Cc1ccccc1)NC(=O)C1(O)COCC1(C)C,6.657577319177793
CC(C)(C)NC(=O)[C@@H]1CCCN1C(=O)[C@H](O)[C@H](Cc1ccccc1)NC(=O)[C@H](CC(N)=O)NC(=O)OCc1ccccc1,5.508638306165727
CC(C)c1ccccc1Sc1c(O)cc(-c2cccc(-c3ccccc3)c2)oc1=O,7.42021640338319
COC(=O)c1ccccc1CSc1c(O)cc(-c2ccccc2)oc1=O,6.0
CC[C@H](C)[C@H](NC(=O)[C@@H]1C[C@@H]2CCCC[C@@H]2CN1C[C@@H](O)[C@H](Cc1ccccc1)NC(=O)[C@H](CC(N)=O)NC(=O)OCc1ccccc1)C(=O)N[C@H](C(=O)OC)C(C)C,6.499996931948306
CCCCN(C[C@@H](O)[C@H](Cc1ccccc1)NC(=O)[C@H](CC(N)=O)NC(=O)OCc1ccccc1)C(=O)NCC(C)C,6.025999813961353
CCCc1cc(=O)oc2c3c(c4c(c12)OC(C)(C)C=C4)O[C@H](C)[C@@H](C)[C@@H]3O,6.494850021680094
CC[C@H](C)[C@H](NC(=O)[C@H](C(C)C)[C@@H](O)[C@H](O)[C@H](CC1CCCCC1)NC(=O)c1ncccc1OCSc1ccccc1)C(=O)NCc1nc2ccccc2[nH]1,6.5020066659422975
CC(C)(C)NC(=O)[C@@H]1C[C@@H](OC(C)(C)C)CN1CC(O)CNC(=O)[C@@H]1N[C@@H](C(NC(=O)Cc2ccccc2)C(=O)NCc2ccccc2)SC1(C)C,5.795880017344075
Cc1cc(C)cc(CN2CCN(C[C@@H](O)[C@H](Cc3ccccc3)NC(=O)O[C@@H]3CCS(=O)(=O)[C@@H]3C(C)C)[C@H](C(=O)NC(C)(C)C)C2)c1,7.107905397309519
COc1ccc(CCCCc2c(O)oc3ccccc3c2=O)cc1,4.0
NC1C(OCc2ccccc2)OC(CO)C(OCc2ccccc2)C1N,3.688246138944246
CC(C)[C@H](NC(=O)CC1NC(=O)NC1=O)C(=O)N[C@@H](Cc1ccccc1)C[C@H](O)[C@H](Cc1ccccc1)NC(=O)[C@@H](NC(=O)CC1NC(=O)NC1=O)C(C)C,9.0
O=C(N[C@@H](Cc1ccccc1)[C@@H](O)C[C@]1(Cc2ccccc2)N=CC(C2c3ccccc3C[C@H]2O)=C1O)O[C@H]1CCOC1,8.698970004336019
O=S(=O)(c1ccccc1)c1c(C2=NCCN2)[nH]c2ccc(Cl)cc12,8.187086643357144
C[C@@H]1OCC[C@@H]1OC(=O)N[C@@H](Cc1ccccc1)[C@H](O)CN1C[C@H]2CCCC[C@H]2C[C@H]1C(=O)NC(C)(C)C,7.280668713016273
COc1ccc(S(=O)(=O)N(CC(C)C)C[C@@H](O)[C@H](Cc2ccccc2)NC(=O)c2cc3cc(O)ccc3[nH]2)cn1,6.130768280269024
CC(C)CN(C[C@@H](O)[C@H](Cc1ccccc1)NC(=O)Cc1cc(=O)oc2cc(O)ccc12)S(=O)(=O)c1ccc(N)cc1,7.421360790031928
CC(C)(C)NC(=O)[C@@H]1C[C@@H]2CCCC[C@@H]2CN1C[C@@H](O)[C@H](Cc1ccccc1)NC(=O)O[C@H]1CCS(=O)(=O)C1,7.119186407719209
CC(C)C[C@H](NC(=O)[C@@H](NC(=O)CCCCCCCCCCCCCCC(=O)N[C@@H](CC(N)=O)C(=O)N[C@@H](Cc1ccccc1)C(=O)O)[C@@H](C)O)C(=O)NCCc1ccc(N)cc1,6.187086643357144
Cc1cc(SC2=C(O)OC(CCc3ccccc3)(C(C)C)CC2=O)c(C(C)(C)C)cc1OS(=O)(=O)N1CCN(C)CC1,8.4089353929735
CC(C)(C)OC(=O)N[C@@H](Cc1ccccc1)[C@@H](O)C[C@@H](Cc1ccc(CCCN2CCOCC2)cc1)C(=O)N[C@H]1c2ccccc2C[C@H]1O,9.366531544420411
O=S(=O)(c1ccccc1)c1c(C2=N[C@H]3CCCC[C@@H]3N2)[nH]c2ccc(Cl)cc12,7.5376020021010435
COCCOCO[C@H](NC(=O)C(F)(F)C(=O)C(Cc1ccc(OCc2ccccc2)cc1)NC(=O)[C@@H](NC(=O)OCc1ccccc1)C(C)C)C(C)C,8.0
CC(C)[C@H](NC(=O)OCc1cccnc1)C(=O)N[C@@H](Cc1ccccc1)C(O)[C@H](Cc1ccccc1)NC(=O)[C@H](NC(=O)OCc1cccnc1)C(C)C,8.167491087293763
CC(C)(C)NC(=O)c1c(OC[C@@H](O)[C@H](Cc2ccccc2)NC(=O)[C@H](CC(N)=O)NC(=O)c2ccc3c(c2)C(=O)c2ccccc2C3=O)ccc2ccccc12,7.207608310501746
Cc1cc(SC2=C(O)OC(CCc3ccccc3)(c3ccc(OCCO)cc3)CC2=O)c(C(C)(C)C)cc1CO,8.853871964321762
CC(C)C[C@@H]1NC(=O)[C@H](C(C)C)NC(=O)[C@]2(C)CCCN2C(=O)[C@H](C(C)C)NC(=O)[C@H](Cc2ccccc2)NC(=O)CSCCNC(=O)[C@H](Cc2ccccc2)N(C)C(=O)[C@H](CC(C)C)NC(=O)[C@H](CCC2=CCC(F)(F)CC2)NC1=O,9.67778070526608
CCC(Cc1ccccc1)c1cc(O)c(C(c2cccc(NS(=O)(=O)c3cn(C)cn3)c2)C2CC2)c(=O)o1,5.795880017344075
C[C@@H]1OCC[C@@H]1OC(=O)N[C@@H](Cc1ccccc1)[C@H](O)CN1C[C@H]2CCCC[C@H]2C[C@H]1C(=O)NC(C)(C)C,7.280668713016273
O=c1oc2ccccc2c(O)c1C(c1ccc(C(c2c(O)c3ccccc3oc2=O)c2c(O)c3ccccc3oc2=O)cc1)c1c(O)c2ccccc2oc1=O,4.939302159646388
O=C(CN1CCOCC1)N[C@@H](Cc1ccccc1)[C@H](O)CN(C1CC1)S(=O)(=O)c1ccc([N+](=O)[O-])cc1,5.265200170411153
CCCC1(CCc2ccccc2)CC(=O)C(C(c2cccc(NS(=O)(=O)c3ccc(C#N)cc3)c2)C(C)(C)C)=C(O)O1,5.920818753952375
CC(C)(C)NC(=O)[C@@H]1C[C@@H]2CCCC[C@@H]2CN1C[C@@H](O)[C@H](Cc1ccccc1)NC(=O)C1CO[C@@H]2CCS(=O)(=O)[C@@H]2C1,7.522878745280337
COc1ccc([C@H]2[C@@]3(CO)C4N(Cc5ccccc5)C5[C@]2(CO)C2N(Cc6ccccc6)C3[C@]4(CO)[C@H](c3ccc(OC)cc3)[C@@]52CO)cc1,4.481486060122113
CC(C)[C@H](NC(=O)N(C)Cc1ccccn1)C(=O)N[C@@H](Cc1ccccc1)[C@H](O)[C@@H](O)[C@H](Cc1ccccc1)NC(=O)[C@H](NC(=O)N(C)Cc1cccnc1)C(C)C,9.0
CC(C)(C)NC(=O)[C@@H]1CCCN1C[C@@H](O)[C@H](Cc1ccccc1)NC(=O)[C@H](CC(N)=O)NC(=O)OCc1ccccc1,6.6777807052660805
CC(C)CCN(C[C@@H](O)[C@@H]1Cc2ccc(cc2)OCCCCCC(=O)N[C@@H](C(C)C)C(=O)N1)S(=O)(=O)c1ccc(N)cc1,6.366531544420414
CC1(C)SCN(C(=O)[C@@H](O)C[C@@H](Cc2ccccc2)C(=O)N[C@H]2c3ccccc3OC[C@H]2O)[C@@H]1C(=O)NCc1c(F)cccc1F,8.698970004336019
O=C1C(=O)c2ccccc2C(O)=C1CCCC1CCC2CCCCC2C1,5.070581074285707
OC(C(COCc1ccc(F)cc1)OCc1ccccc1)C(O)C(COCc1ccc(F)cc1)OCc1ccccc1,5.6020599913279625
CC(C)[C@H](NC(=O)COc1cccc2ccccc12)C(=O)N[C@@H](Cc1ccccc1)[C@H](O)C(=O)N1CCC[C@H]1C(=O)NC(C)(C)C,8.721246399047171
C=CCN(C(=O)[C@H](Cc1ccccc1)NC(=O)[C@H](C)NC(=O)OC(C)(C)C)[C@@H](C)C(=O)N[C@H](C(=O)N[C@H](C(=O)OC)C(C)C)[C@@H](C)CC,6.698970004336019
CC(C)(C)OC(=O)[C@@H]1CCCN1C[C@H](O)[C@H](Cc1ccccc1)NC(=O)[C@H](CC(N)=O)NC(=O)OCc1ccccc1,6.522878745280337
CCCC1(CCc2ccc(O)cc2)CC(=O)C(Sc2cc(C)c(OS(=O)(=O)Cn3ccnc3)cc2C(C)(C)C)=C(O)O1,8.657577319177793
C=CCC1OC[C@H](Cc2ccccc2)N(C[C@H](O)CN(CC2CCCC2)S(=O)(=O)c2ccc(OC)cc2)C1=O,8.698970004336019
C=CC[C@H](C[C@H](O)[C@H](Cc1ccccc1)NC(=O)OC(C)(C)C)C(=O)N[C@H]1c2ccccc2C[C@H]1O,7.560036064079095
CC(C)(C)OC(=O)[C@@H]1CCCN1C[C@@H](O)[C@H](Cc1ccccc1)NC(=O)[C@H](CC(N)=O)NC(=O)OCc1ccccc1,6.522994572586506
CC(C)(C)OC(=O)N[C@@H](Cc1ccccc1)[C@@H](O)C[C@@]1(Cc2ccccc2)CCN([C@H]2c3ccccc3C[C@H]2O)C1=O,7.0655015487564325
CC(C)(C)NC(=O)[C@@H]1C[C@@H]2CCCC[C@@H]2CN1CC(O)C[C@@H](Cc1ccccc1)C(=O)N[C@H]1CCCC[C@@H]1NC(=O)c1ccc2ccccc2n1,7.154901959985743
CC1(C)S[C@H]([C@H](NC(=O)Cc2ccccc2)C(=O)NCc2ccccc2)N[C@H]1C(=O)N[C@H](Cc1ccccc1)[C@H](O)CC(=O)NCC(O)CO,7.022276394711152
CC(C)[C@@H]1[C@H](OC(=O)N[C@@H](Cc2ccccc2)[C@H](O)CN2CCN(Cc3cccs3)C[C@H]2C(=O)NC(C)(C)C)CCS1(=O)=O,9.221848749616356
COC(=O)[C@H](O)[C@H](Cc1ccccc1)NC(=O)[C@@H](NC(=O)[C@H](Cc1ccc(O)cc1)NC(C)=O)C(C)C,4.1487416512809245
CC(C)(C)NC(=O)[C@@H]1CCCN1C(=O)[C@@H](O)[C@H](Cc1ccccc1)NC(=O)[C@H](CC(N)=O)NC(=O)OCc1ccccc1,8.130768280269024
CC1(C)CC2(CC(C)(C)c3c(Br)c(O)c(O)c(Br)c32)c2c(Br)c(O)c(O)c(Br)c21,5.503070351926785
COC(=O)[C@@H](NC(=O)Cc1ccccc1)[C@@H]1N[C@@H](C(=O)NCCNC(=O)[C@@H]2N[C@@H]([C@H](NC(=O)Cc3ccccc3)C(=O)OC)SC2(C)C)C(C)(C)S1,7.221848749616356
Cc1nsc(C)c1CNC(=O)[C@H]1N(C(=O)[C@@H](O)C[C@@H](Cc2ccccc2)C(=O)N[C@H]2c3ccccc3OC[C@H]2O)CSC1(C)C,9.958607314841776
COc1ccc(S(=O)(=O)N(CC(C)C)C[C@@H](O)[C@H](Cc2ccccc2)n2cc(CNC(=O)c3ccc(CNC(=O)OC(C)(C)C)cc3)nn2)cc1,7.886056647693163
C[C@@H](O)CN(C[C@@H](O)[C@H](Cc1ccccc1)NC(=O)c1ccccc1O)S(=O)(=O)c1ccc(C(F)(F)F)cc1,7.493494967595128
Cc1cc(SC2=C(O)OC(CCc3ccc(O)cc3)(C(C)C)CC2=O)c(C(C)(C)C)cc1OS(=O)(=O)N(C)C,8.468521082957745
COc1cc(C(=O)N[C@@H](Cc2ccccc2)[C@H](O)CN(CC(C)C)S(=O)(=O)c2ccc([N+](=O)[O-])cc2)cc(OC)c1O,9.102372908709558
CC(C)CN(C[C@@H](O)[C@H](Cc1ccccc1)NC(=O)c1cc(O)cc(O)c1)S(=O)(=O)c1ccc(F)cc1,10.67778070526608
CCc1nc(-c2[nH]c3ccc(Cl)cc3c2S(=O)(=O)c2ccccc2)[nH]c1CC,8.0
CC(C)(C)NC(=O)[C@@H]1CN(Cc2cccnc2)CCN1C[C@@H](O)C[C@@H](Cc1ccccc1)C(=O)N[C@H]1c2ccccc2C[C@H]1O.O,7.213248577854439
CC(C)(C)NC(=O)[C@@H]1C[C@@H]2CCCC[C@@H]2CN1C[C@@H](O)[C@H](Cc1ccccc1)NC(=O)O[C@H]1CCOC1,6.87942606879415
CC(C)(C)NC(=O)[C@@H]1C[C@@H]2CCCC[C@@H]2CN1C[C@@H](O)[C@H](Cc1ccccc1)NC(=O)O[C@H]1CCCOC1,6.406713932979542
CC(C)[C@H](NC(=O)[C@H](Cc1ccccc1)C[C@H](O)[C@H](Cc1ccccc1)NC(=O)OC(C)(C)C)C(N)=O,8.958607314841775
COc1ccc(O[C@@H]2C(CNC(C)=O)O[C@@H](OC)[C@H](O)C2OCc2ccccc2)cc1,5.111259039317107
N#Cc1ccc(COCC(OCc2ccc(C#N)cc2)C(O)C(O)C(COCc2ccc(C#N)cc2)OCc2ccc(C#N)cc2)cc1,5.508638306165727
CC(C)(C)NC(=O)[C@@H]1CCCN1CC(O)CNC(=O)[C@@H]1N[C@@H](C(NC(=O)Cc2ccccc2)C(=O)NCc2ccccc2)SC1(C)C,5.823908740944319
Cc1cc(SC2=C(O)OC(CCc3ccc(O)cc3)(C(C)C)CC2=O)c(C(C)(C)C)cc1NS(=O)(=O)N(C)C,8.443697499232712
COc1ccc(S(=O)(=O)N(CC(C)C)C[C@@H](O)[C@H](Cc2ccccc2)NC(=O)c2cc(N)ccc2C)cc1,8.0
CC(C)(C)NC(=O)[C@@H]1C[C@@H]2CCCC[C@@H]2CN1C[C@H](O)CNC(=O)[C@@H]1N[C@@H](C(NC(=O)Cc2ccccc2)C(=O)NCC2CCCCC2)SC1(C)C,6.522878745280337
CCC(CC)NC(=O)C[C@@H](C(=O)NC[C@@H](O)[C@H](Cc1ccccc1)NC(=O)OCc1ccccc1)C(C)(C)C,7.823908740944319
C[C@@H](NC(=O)[C@H](Cc1ccccc1)C[C@H](O)[C@H](Cc1ccccc1)NC(=O)OC(C)(C)C)c1ccccc1,6.840011949618013
CCCC1(CCC)CC(=O)C(C(CC)c2cccc(NS(=O)(=O)c3cn(C)cn3)c2)=C(O)O1,6.096910013008056
CC(C1=C(O)C(C)(C(=O)NC(C)(C)C)OC1=O)c1ccccc1,3.9788107009300617
Cc1cc(SC2=C(O)OC(CCc3ccccc3)(C(C)C)CC2=O)c(C(C)(C)C)cc1NS(=O)(=O)c1ccc(C#N)cc1,8.040958607678906
COC(=O)N[C@H](C(=O)N[C@@H](Cc1ccccc1)C(O)CN(Cc1ccc(OC)c(OC)c1OC)NC(=O)[C@@H](NC(=O)OC)C(C)C)C(C)C,7.468521082957745
CCCCCC1(c2ccccc2)CC(=O)C(SCc2ccccc2)=C(O)O1,6.906578314837765
CC(C)CCN(C[C@@H](O)[C@H](Cc1ccccc1)NC(=O)OCc1ccccc1)S(=O)(=O)Cc1ccccc1,5.0
CC(C)(C)NC(=O)[C@@H]1CN(Cc2cccnc2)CCN1C[C@@H](O)C[C@@H](Cc1ccccc1)C(=O)N[C@H]1c2ccccc2C[C@H]1O.O,7.213248577854439
CC(C)(C)NC(=O)[C@@H]1C[C@@H]2CCCC[C@@H]2CN1C[C@@H](O)[C@H](Cc1ccccc1)NC(=O)[C@H](CC(N)=O)NC(=O)c1ccc2ccccc2n1,7.958607314841775
O=C(Nc1cccc(C(c2c(O)oc3c(c2=O)CCCCCC3)C2CC2)c1)c1ccccc1,4.628932137728263
O=C(NC(C(=O)NC(Cc1ccc(OCc2ccccc2)cc1)C(=O)C(F)(F)C(=O)NCc1ccccc1)C1CCCC1)OCc1ccccc1,8.221848749616356
Cc1ccc(CSc2c(O)cc(-c3ccccc3)oc2=O)cc1,5.33913452199613
CC(=O)N[C@H](CS(=O)(=O)c1cccc2cccnc12)C(=O)N[C@@H](Cc1ccccc1)[C@H](O)CN1C[C@H]2CCCC[C@H]2C[C@H]1C(=O)NC(C)(C)C,8.769551078621726
CC(C)(C)OC(=O)N[C@@H](Cc1ccccc1)[C@@H](O)C[C@@H](CCCc1ccccc1)C(=O)N[C@H]1c2ccccc2[C@@H](O)[C@H]1O,9.721246399047171
O=C(/C=C(/CN1CCC(O)(c2ccc(Cl)cc2)CC1)SCCO)c1ccccc1,3.853871964321762
CCC(C)[C@@H](NC(=O)C(NC(=O)CCCCCCCCCCCCCCC(=O)N[C@H](CC(=O)N[C@@H](Cc1ccccc1)C(=O)O)C(N)=O)c1ccccc1)C(=O)N[C@@H](Cc1ccccc1)C(N)=O,5.6777807052660805
O=C(NNC(=O)c1ccccc1S)c1ccccc1S,4.0
CC1(C)S[C@H]([C@H](NC(=O)Cc2ccccc2)C(=O)NCc2ccccc2)N[C@H]1C(=O)NCCCNC(=O)[C@@H]1N[C@@H]([C@H](NC(=O)Cc2ccccc2)C(=O)NCc2ccccc2)SC1(C)C,6.267606240177032
CC(C)CN([C@H](CO)CCCCNC(=O)[C@@H](NC(=O)C1CCCCC1)C(c1ccccc1)c1ccccc1)S(=O)(=O)c1ccc(N)cc1,8.42021640338319
CC(C)(C)NC(=O)[C@@H]1CN(Cc2cc3ccccc3o2)CCN1C[C@@H](O)C[C@@H](Cc1ccccc1)C(=O)NC1c2ccccc2C[C@H]1O,9.309803919971486
O=C(O)c1cccc(CSc2c(O)cc(-c3ccccc3)oc2=O)c1,5.211124884224583
Cc1cc(SC2=C(O)OC(CCc3csc(C(C)C)n3)(C(C)C)CC2=O)c(C(C)(C)C)cc1CO,8.795880017344075
CC(=O)N[C@H](C(=O)N[C@H](C(=O)N[C@@H](Cc1ccccc1)C(O)[C@H](Cc1ccccc1)NC(=O)[C@H](NC(=O)[C@H](NC(C)=O)C(C)C)C(C)C)C(C)C)C(C)C,8.0
CC(C)(C)NC(=O)[C@@H]1C[C@@H]2CCCC[C@@H]2CN1CC(O)CN1C[C@H]2CCCC[C@H]2C[C@H]1C(=O)NC(C)(C)C,5.169999984192581
C=CC[C@H](C[C@H](O)[C@H](Cc1ccccc1)NC(=O)OC(C)(C)C)C(=O)NC1c2ccccc2C[C@@H]1O,7.560036064079095
CC(C)(C)c1c(SC2=C(O)OC(CCc3ccccc3)(c3ccccc3)CC2=O)sc2ccccc12,8.154901959985743
O=C1NNC(=O)c2ccccc2SSc2ccccc2C(=O)NNC(=O)c2ccccc2SSc2ccccc21,4.045757490560675
CCC(C)[C@@H](NC(=O)[C@@H](NC(=O)CCCCCCCCCCCCCCC(=O)N[C@H](CC(=O)N[C@@H](Cc1ccccc1)C(=O)O)C(N)=O)C(C)O)C(=O)N[C@@H](Cc1ccccc1)C(N)=O,8.958607314841775
COc1cc(/C=C/C(=O)N[C@@H](Cc2ccccc2)[C@H](O)CN(CC(C)C)S(=O)(=O)c2ccc(N)cc2)cc(OC)c1O,6.84043280676638
CC(C)CN(C[C@@H](O)[C@H](Cc1ccccc1)NC(=O)c1cc2cc(O)ccc2[nH]1)S(=O)(=O)c1ccc(N)cc1,6.0655015487564325
CC(C)(C)NC(=O)[C@@H]1CN(Cc2ccccc2S)CCN1C[C@@H](O)C[C@@H](Cc1ccccc1)C(=O)NC1c2ccccc2C[C@H]1O,9.267606240177033
Cc1cc(SC2=C(O)OC(CCc3ccc(O)cc3)(C(C)C)CC2=O)c(C(C)(C)C)cc1NS(=O)(=O)c1ccc(C(F)(F)F)cc1,7.73754891026957
NC1C(OCc2ccccc2)OC(COC(=O)Nc2ccccc2)C(OCc2ccccc2)C1N,4.552841968657781
CCCC1(CCc2ccccc2)OC(=O)C(C(CC)c2cccc(NS(=O)(=O)c3ccc(C#N)cc3)c2)=C(O)O1,7.823908740944319
N#Cc1ccc(S(=O)(=O)Nc2cccc(C(c3c(O)oc(C(CC4CC4)CC4CC4)cc3=O)C3CC3)c2)cc1,5.657577319177793
CC(C)[C@H](NC(=O)OCc1ccccc1)C(=O)N[C@@H](Cc1ccccc1)[C@@H](O)[C@H](O)[C@H](Cc1ccccc1)NC(=O)[C@H](NC(=O)OCc1ccccc1)C(C)C,9.0
CCC(Cc1ccccc1)c1cc(O)c(C(c2cccc(NS(=O)(=O)c3cn(C)cn3)c2)C2CC2)c(=O)o1,5.657577319177793
CC(C)(C)NC(=O)[C@@H]1CCCN1C(=O)[C@@H](O)[C@H](Cc1ccccc1)NC(=O)[C@H](CC(N)=O)NC(=O)COc1cccc2ccccc12,9.237021509132257
CC1(C)S[C@H]([C@H](NC(=O)Cc2ccccc2)C(=O)NCc2ccccc2)N[C@H]1C(=O)N[C@H](Cc1ccccc1)[C@H](O)CC(=O)NCCc1ncc[nH]1,6.522878745280337
CC(C)(C)OC(=O)N[C@@H](Cc1ccccc1)[C@@H](O)C[C@@H](Cc1cccc(O)c1)C(=O)N[C@H]1c2ccccc2C[C@H]1O,9.67778070526608
Cc1nc(C)c(C(=O)N[C@H](C(=O)N[C@@H](Cc2ccccc2)C[C@H](O)[C@H](Cc2ccccc2)NC(=O)[C@@H](NC(=O)c2sc(C)nc2C)C(C)C)C(C)C)s1,7.886056647693163
CC(C)c1ccccc1SC1=C(O)OC(CCCCC(=O)N2CCOCC2)(c2ccccc2)CC1=O,6.709965388637482
CC(C)CN(CC(O)[C@H](Cc1ccccc1)NC(=O)[C@H](CC(N)=O)NC(=O)c1ccc2ccccc2n1)C(=O)NC(C)(C)C,8.220981028085129
CC(C)(C)NC(=O)[C@@H]1CN(Cc2cnc3ccoc3c2)CCN1C[C@@H](O)C[C@@H](Cc1ccccc1)C(=O)NC1c2ccccc2C[C@H]1O,9.769551078621726
CC(C)[C@H](NC(=O)N(C)Cc1ccccn1)C(=O)N[C@@H](Cc1ccccc1)[C@H](O)[C@@H](O)[C@H](Cc1ccccc1)NC(=O)[C@H](NC(=O)N(C)Cc1cscn1)C(C)C,9.0
COc1cc(C(=O)N[C@@H](Cc2ccccc2)[C@H](O)CN(CC(C)C)S(=O)(=O)c2ccc(F)cc2)cc(OC)c1O,9.494850021680094
CC(C)(C)OC(=O)NCC(=O)Nc1cccc(C(c2c(O)c3c(oc2=O)CCCCCC3)C2CC2)c1,4.525783735923745
CC(C)CN(C[C@H](O)[C@H](Cc1ccccc1)NC(=O)[C@H](CC(N)=O)NC(=O)c1ccc2ccccc2n1)C(=O)NC(C)(C)C,5.0
CC(C)CN(C[C@@H](O)[C@H](Cc1ccccc1)NC(=O)[C@@H]1COCCN1)S(=O)(=O)c1ccc(S(C)(=O)=O)cc1,6.342848498099033
O=C(N[C@@H](Cc1ccccc1)[C@H](O)CN(OC1CCCCC1)S(=O)(=O)c1ccc(O)cc1)O[C@H]1CO[C@H]2OCC[C@H]21,8.301029995663981
Cc1noc(C)c1CNC(=O)[C@H]1N(C(=O)[C@@H](O)C[C@@H](Cc2ccccc2)C(=O)N[C@H]2c3ccccc3OC[C@H]2O)CSC1(C)C,9.045757490560677
O=c1oc2ccccc2c(O)c1CCCCc1ccccc1,3.958607314841775
CC(C)(C)OC(=O)N[C@@H](Cc1ccccc1)[C@@H](O)/C=C(/Cc1ccccc1)C(=O)N[C@H]1c2ccccc2C[C@H]1O,8.890084136976206
CC(C)(C)OC(=O)N[C@@H](Cc1ccccc1)[C@@H](O)C[C@@H](Cc1ccccc1)C(=O)N[C@@H]1C=CC[C@H]1O,8.02099825152528
CC1(C)CC2(CC(C)(C)c3cc([N+](=O)[O-])c(O)c([N+](=O)[O-])c32)c2cc(O)c([N+](=O)[O-])cc21,4.356547323513812
Cn1nc(C(F)(F)F)cc1-c1ccc(CN2CCN(C[C@@H](O)C[C@@H](Cc3ccccc3)C(=O)N[C@H]3c4ccccc4C[C@H]3O)[C@H](C(=O)NC(C)(C)C)C2)s1,10.0
CC(C)CCCC(C)C1CCC2C3CC=C4CC(OC(=O)Nc5cc(S(=O)(=O)O)cc6cc(S(=O)(=O)O)cc(O)c56)CC[C@]4(C)C3CC[C@]12C,7.221848749616356
CC(=O)N[C@@H](Cc1c[nH]c2ccccc12)C(=O)N[C@H](C(=O)N[C@@H](Cc1ccccc1)[C@@H](O)C(=O)N[C@H]1Cc2ccc(cc2)OCCCNC(=O)[C@H](C(C)C)NC1=O)C(C)C,7.309803919971486
CC(C)CCN(CC(O)[C@H](Cc1ccccc1)NC(=O)[C@H](CC(N)=O)NC(=O)c1ccc2ccccc2n1)C(=O)NC(C)(C)C,8.523023534240473
CC(C)[C@H](NC(=O)OCc1ccccc1)C(=O)N[C@@H](Cc1ccccc1)[C@H](O)[C@H](O)[C@H](Cc1ccccc1)NC(=O)[C@H](NC(=O)OCc1ccccc1)C(C)C,9.0
Cn1cnc(S(=O)(=O)Nc2cccc(C(c3c(O)cc(C(CC4CC4)CC4CC4)oc3=O)C3CC3)c2)c1,5.920818753952375
CC(C)c1ccccc1Sc1c(O)cc(-c2ccccc2)oc1=O,7.431798275933005
Cn1nnnc1SC[C@H](NS(C)(=O)=O)C(=O)N[C@@H](Cc1ccccc1)[C@H](O)Cc1ccccc1C(=O)NC(C)(C)C,7.756961951313706
CC(C)(C)NC(=O)C(Cc1ccccc1)NCC(O)[C@H](Cc1ccccc1)NC(=O)OC(C)(C)C,4.0
CC(C)(C)N(C[C@@H](O)[C@H](Cc1ccccc1)NC(=O)[C@H](CC(N)=O)NC(=O)OCc1ccccc1)C(=O)NCc1ccccc1,7.721017883134556
CN(Cc1ccccc1)C(=O)[C@@H](NC(=O)Cc1ccccc1)[C@@H]1N[C@@H](C(=O)NCCNC(=O)[C@@H]2N[C@@H]([C@H](NC(=O)Cc3ccccc3)C(=O)N(C)Cc3ccccc3)SC2(C)C)C(C)(C)S1,6.086186147616283
CCNS(=O)(=O)Oc1cc(C(C)(C)C)c(SC2=C(O)OC(CCc3ccc(O)cc3)(c3ccccc3)CC2=O)cc1C,7.585026652029182
CC(C)(C)NC(=O)[C@@H]1CN(Cc2cc3ccccc3o2)CCN1C[C@@H](O)C[C@@H](Cc1ccccc1)C(=O)NC1c2ccccc2C[C@H]1O,7.619788758288394
CCCC1(CCc2ccccc2)CC(=O)C(C(c2cccc(NS(=O)(=O)c3cn(C)cn3)c2)C2CC2)=C(O)O1,6.0
C=C(C)[C@@H]1CC[C@]2(C(=O)O)CC[C@]3(C)[C@H](CC[C@@H]4[C@@]5(C)CC[C@H](O)C(C)(C)[C@@H]5CC[C@]43C)[C@@H]12,3.6595558851598815
O=C(N[C@@H](Cc1ccccc1)[C@@H](O)C[C@@H](Cc1ccccc1)C(=O)N[C@H]1c2ccccc2C[C@H]1O)OC1CCOC1,10.522878745280336
O=C(O)CCC1(c2ccccc2)CC(=O)C(SCCc2ccccc2)=C(O)O1,5.920818753952375
CC(C)(C)NC(=O)[C@@H]1C[C@@H]2CCCC[C@@H]2CN1C[C@@H](O)[C@H](Cc1ccccc1)NC(=O)[C@@H](NC(=O)c1ccc2ccccc2n1)[C@@H]1CCSC1,8.481486060122112
CC(C)[C@H](NC(=O)/C=C/c1cccnc1)C(=O)N[C@@H](Cc1ccccc1)C(O)[C@H](Cc1ccccc1)NC(=O)[C@H](NC(=O)/C=C/c1cccnc1)C(C)C,8.657577319177793
CCC[C@@]1(CCc2ccccc2)CC(=O)C([C@H](CC)c2cccc(NS(=O)(=O)c3cn(C)cn3)c2)=C(O)O1,6.886056647693163
CC(C)(C)OC(=O)N[C@@H](Cc1ccccc1)C[C@H](O)[C@H](Cc1ccccc1)NC(=O)c1c(Cl)ccc(N)c1Cl,7.508638306165727
CN(C(=O)OC(C)(C)C)C1=C(O)C(CCc2ccccc2)(C(=O)NC(C)(C)C)OC1=O,4.327902142064283
CC(C)(C)NC(=O)[C@@H]1C[C@@H]2CCCC[C@@H]2CN1C[C@@H](O)[C@H](Cc1ccccc1)NC(=O)OCc1ccccc1,6.896196279044043
CC(C)(C)NC(=O)[C@@H]1C[C@@H]2CCCC[C@@H]2CN1C[C@@H](O)[C@H](Cc1ccccc1)NC(=O)[C@H](CC(N)=O)NC(=O)c1ccc2ccccc2n1,9.638272163982409
O[C@@H](C[C@@H](COCc1ccccc1)OCc1ccccc1)[C@@H](COCc1ccccc1)OCc1ccccc1,4.301029995663981
CC(C)(C)NC(=O)[C@@H]1CN(CCCc2ccccc2)CCN1C[C@@H](O)[C@H](Cc1ccccc1)NC(=O)O[C@H]1CCOC1,6.756961951313706
CC(C)C[C@H](NC(=O)[C@H](Cc1ccccc1)C[C@H](O)[C@H](Cc1ccccc1)NC(=O)OC(C)(C)C)C(=O)N[C@@H](Cc1ccccc1)C(N)=O,9.221848749616356
Cc1nc(C)c(C(=O)N[C@H](C(=O)N[C@@H](Cc2ccccc2)[C@@H](O)[C@H](O)[C@H](Cc2ccccc2)NC(=O)[C@@H](NC(=O)c2sc(C)nc2C)C(C)C)C(C)C)s1,6.0655015487564325
CCNC(=O)[C@@H](NC(=O)c1ccccc1Oc1ccccc1)[C@@H]1N[C@@H](C(=O)NCCNC(=O)[C@@H]2N[C@@H]([C@H](NC(=O)c3ccccc3Oc3ccccc3)C(=O)NCC)SC2(C)C)C(C)(C)S1,6.795880017344075
NC(=O)c1[nH]c2ccc(Cl)cc2c1[S+]([O-])c1ccccc1,5.856985199745905
CC(C)[C@H](NC(=O)CCc1cccnc1)C(=O)N[C@@H](Cc1ccccc1)[C@@H](O)[C@@H](O)[C@H](Cc1ccccc1)NC(=O)[C@H](NC(=O)CCc1cccnc1)C(C)C,8.823908740944319
CC1=C(CCC(=O)O)c2cc3[nH]c(cc4[nH]c(cc5nc(cc1n2)C(C)=C5C(COC(=O)C1=CC1)OC(=O)C1=CC1)c(C)c4C(COC(=O)C1=CC1)OC(=O)C1=CC1)c(C)c3CCC(=O)O,7.301029995663981
CC(C)[C@H](NC(=O)[C@H](Cc1ccccc1)C[C@H](O)[C@H](Cc1ccccc1)NC(=O)OC(C)(C)C)C(=O)NCc1ccccc1,9.619788758288394
CC(C)(C)OC(=O)[C@@H]1CCCN1C[C@H](O)[C@H](Cc1ccccc1)NC(=O)[C@H](CC(N)=O)NC(=O)OCc1ccccc1,6.853871964321762
COC(=O)N[C@H](C(=O)N[C@@H](Cc1ccccc1)C(O)CN(Cc1ccc(OC)cc1)NC(=O)[C@@H](NC(=O)OC)C(C)C)C(C)C,7.795880017344075
COc1ccc2c(CC(=O)N[C@@H](Cc3ccccc3)[C@H](O)CN(CC(C)C)S(=O)(=O)c3ccc(N)cc3)cc(=O)oc2c1,7.772113295386326
O=C(N[C@@H](Cc1ccccc1)[C@H](O)CN(C1CC1)S(=O)(=O)c1ccc(C(F)(F)F)cc1)N1CCOCC1,7.327902142064283
CC(C)(C)NC(=O)[C@@H]1C[C@@H]2CCCC[C@@H]2CN1CC(O)[C@H](Cc1ccccc1)NC(=O)OC(C)(C)C,5.5200002474083645
C=CCN(CC(=O)N[C@H](C(=O)N[C@H](C(=O)OC)C(C)C)[C@@H](C)CC)C(=O)[C@H](Cc1ccccc1)NC(=O)[C@H](C)N,7.0
C[C@@H](O)CN(C[C@@H](O)[C@H](Cc1ccccc1)NC(=O)c1ccc(O)c(O)c1)S(=O)(=O)c1ccc([N+](=O)[O-])cc1,7.985899678480379
CCNC(=O)[C@@H](NC(=O)Cc1ccccc1)[C@@H]1N[C@@H](C(=O)NCCNC(=O)[C@@H]2NCSC2(C)C)C(C)(C)S1,5.055517327849832
C[C@@H](NC(=O)[C@H](Cc1ccccc1)C[C@H](O)[C@H](Cc1ccccc1)NC(=O)OC(C)(C)C)c1ccccc1,6.836004245358256
CC(C)(C)NC(=O)[C@@H]1CCCC[C@H]1C[C@@H](O)[C@H](Cc1ccccc1)NC(=O)[C@H](CC(N)=O)NC(=O)OCc1ccccc1,8.698970004336019
CC(C)(C)NC(=O)[C@@H]1C[C@@H]2CCCC[C@@H]2CN1C[C@@H](O)[C@H](Cc1ccccc1)NC(=O)[C@H](CC(N)=O)NC(=O)c1ccc2ccccc2n1,6.568636235841013
CC1(C)S[C@H]([C@H](NC(=O)Cc2ccccc2)C(=O)NCC(F)(F)F)NC1C(=O)NCCNC(=O)[C@@H]1N[C@@H]([C@H](NC(=O)Cc2ccccc2)C(=O)NCC(F)(F)F)SC1(C)C,8.356547323513812
CC(C)[C@H](NC(=O)N(C)CCc1ccccn1)C(=O)N[C@@H](Cc1ccccc1)[C@@H](O)[C@@H](O)[C@H](Cc1ccccc1)NC(=O)[C@H](NC(=O)N(C)CCc1ccccn1)C(C)C,7.657577319177793
CC(C)[C@H](NC(=O)COc1cccc2ccccc12)C(=O)N[C@@H](Cc1ccccc1)[C@H](O)C(=O)N1CCC[C@H]1C(=O)NC(C)(C)C,8.721017883134557
CCNC(=O)[C@@H](NC(=O)Cc1ccccc1)[C@@H]1N[C@@H](C(=O)NCCNC(=O)[C@@H]2N[C@@H]([C@H](NC(=O)Cc3ccccc3)C(=O)NCC)SC2(C)C)C(C)(C)S1.O,5.886056647693163
CC(C)CN(C[C@@H](O)[C@H](Cc1ccccc1)NC(=O)O[C@H]1CCOC1)S(=O)(=O)c1ccc(N)cc1,9.0
CC(C)(C)OC(=O)N[C@@H](Cc1ccccc1)[C@H](O)CNC[C@@H](O)[C@H](Cc1ccccc1)NC(=O)C(O)C(F)(F)F,7.397940008672037
O=C(N[C@@H](Cc1ccccc1)[C@@H](O)C[C@@H](Cc1ccccc1)C(=O)N[C@H]1c2ccccc2C[C@H]1O)O[C@H]1CCOC1,10.219970872662662
CC(C)(C)OC(=O)N[C@@H](Cc1ccccc1)[C@@H](O)CNC[C@H](O)[C@H](Cc1ccccc1)NC(=O)OC(C)(C)C,5.0
Cc1ccc(COCC(OCc2ccc(C)cc2)C(O)C(O)C(COCc2ccc(C)cc2)OCc2ccc(C)cc2)cc1,5.154901959985743
CC(C)(C)NC(=O)[C@@H]1CN(C(C)(C)c2cc3cnccc3o2)CCN1C[C@@H](O)C[C@@H](Cc1ccccc1)C(=O)N[C@H]1c2ccccc2OC[C@H]1O,10.1249387366083
CC(C)[C@H](NC(=O)OCC1CCCCN1C)C(=O)N[C@@H](Cc1ccccc1)[C@@H](O)[C@H](Cc1ccccc1)NC(=O)[C@H](NC(=O)OCc1ccccc1)C(C)C,7.200659450546418
Cc1cc(SC2=C(O)OC(CCc3ccc(N)cc3)(C(C)C)CC2=O)c(C(C)(C)C)cc1OS(=O)(=O)c1cccs1,7.732828271596986
CC(C)[C@@H]1[C@H](OC(=O)N[C@@H](Cc2ccccc2)[C@H](O)CN2C[C@H]3CCCC[C@H]3C[C@H]2C(=O)NC(C)(C)C)CCS1(=O)=O,8.455931955649724
CC(C)CN(C[C@@H](O)[C@H](Cc1ccccc1)NC(=O)O[C@H]1CCOC1)S(=O)(=O)c1ccc(N)cc1,6.356547323513812
CC(C)(C)NC(=O)[C@@H]1CN(Cc2noc3ccccc23)CCN1C[C@@H](O)C[C@@H](Cc1ccccc1)C(=O)NC1c2ccccc2C[C@H]1O,8.931814138253838
CC(C)[C@@H]1[C@H](OC(=O)N[C@@H](Cc2ccccc2)[C@H](O)CN2CCN(Cc3cc4sccc4s3)C[C@H]2C(=O)NC(C)(C)C)CCS1(=O)=O,9.494850021680094
Cc1cc2oc(CN3CCN(C[C@@H](O)C[C@@H](Cc4ccccc4)C(=O)NC4c5ccccc5C[C@H]4O)[C@H](C(=O)NC(C)(C)C)C3)cc2cn1,9.721246399047171
CC(C)[C@H]1[C@@H](OC(=O)N[C@@H](Cc2ccccc2)[C@H](O)CN2C[C@H]3CCCC[C@H]3C[C@H]2C(=O)NC(C)(C)C)CCS1(=O)=O,7.958607314841775
CCC(C1=C(O)OC(Cc2ccccc2)(Cc2ccccc2)CC1=O)c1ccccc1,5.0
O=C1NC(Cc2ccccc2)P(=O)(O)C(Cc2ccccc2)N1,4.0
CC[C@@H](C)[C@H](NC(=O)[C@@H](NC(=O)[C@H](CC(C)C)NC(=O)[C@@H](N)Cc1c[nH]c2ccccc12)[C@H](C)O)C(=O)NCCc1cccc2c1oc1c(CCC(=O)N[C@H](C(=O)N[C@@H](Cc3ccc(O)cc3)C(=O)N[C@@H](CC(N)=O)C(=O)N[C@@H](Cc3ccccc3)C(=O)O)[C@H](C)O)cccc12,4.920818753952375
CC(C)(C)NC(=O)[C@@H]1C[C@@H]2CCCC[C@@H]2CN1C[C@@H](O)[C@H](Cc1ccccc1)NC(=O)O[C@H]1CCCS(=O)(=O)C1,5.758204568704802
CC(C)(C)NC(=O)c1ccccc1OC[C@H](O)[C@H](Cc1ccccc1)NC(=O)[C@H](CC(N)=O)NC(=O)c1cc(O)c2ccccc2n1,6.3872161432802645
CC(C)(C)NC(=O)c1ccccc1OC[C@@H](O)[C@H](Cc1ccccc1)NC(=O)[C@H](CC(N)=O)NC(=O)c1ccc2c(c1)S(=O)(=O)c1ccccc1C2=O,7.356547323513812
COc1ccc(CC(=O)N[C@@H](Cc2ccccc2)[C@H](O)CN(CC(C)C)S(=O)(=O)c2ccc(SC)cc2)cc1,7.066613958096945
O=C(N[C@@H](Cc1ccccc1)[C@@H](O)C[C@@H](Cc1ccccc1)C(=O)NC1c2ccccc2C[C@@H]1O)OC1CCOC1,10.219970872662662
CC(C)(C)NC(=O)[C@@H]1C[C@@H]2CCCC[C@@H]2CN1C[C@@H](O)[C@H](Cc1ccccc1)NC(=O)OC(C)(C)C,5.522878745280337
CC(C)(C)OC(=O)N[C@@H](Cc1ccccc1)[C@H](O)CNC[C@@H](O)[C@H](Cc1ccccc1)NC(=O)C1(O)CCCC1(C)C,7.823908740944319
Cc1ccc(O)c(C)c1C(=O)N[C@@H](Cc1ccc2ccccc2c1)[C@H](O)C(=O)N1C[C@@H](Cl)C[C@H]1C(=O)NC(C)(C)C,8.55284196865778
COc1ccc(S(=O)(=O)N(CC(C)C)C[C@@H](O)[C@H](Cc2ccccc2)NC(=O)c2coc3cc(O)c(O)cc23)cn1,5.866461091629782
C=CC1=C(C)c2cc3[nH]c(cc4nc(cc5[nH]c(cc1n2)c(C)c5CCC(=O)O)C(CCC(=O)O)=C4C)c(C)c3C=C,3.5228787452803374
COc1cccc(-c2cc(O)c(SCc3ccccc3)c(=O)o2)c1,6.00436480540245
CC1(C)CC2(CC(C)(C)c3ccc(OS(=O)(=O)[O-])cc32)c2cc(OS(=O)(=O)[O-])ccc21.[K+].[K+],4.494850021680094
O=c1oc2cc(O)ccc2c(O)c1C(c1ccc(/C=C\c2ccccc2)cc1)c1c(O)c2ccc(O)cc2oc1=O,5.154901959985743
CC(C)[C@H](NS(=O)(=O)CCc1ccncc1)C(=O)N[C@@H](Cc1ccccc1)[C@H](O)[C@H](O)[C@H](Cc1ccccc1)NC(=O)[C@H](NS(=O)(=O)CCc1ccncc1)C(C)C,7.886056647693163
CC(C)CCN(C[C@@H](O)[C@H](Cc1ccccc1)NC(=O)OCc1ccccc1)S(=O)(=O)c1ccccc1,7.795880017344075
CCCCCCc1cc2c(cc1O)OC(=O)C(C(c1ccccc1)c1c(O)oc3cc(O)c(CCCCCC)cc3c1=O)C2O,6.494850021680094
CC(=O)N[C@@H](CO)C(=O)N[C@@H](CC(C)C)C(=O)N[C@@H](CC(N)=O)C(=O)N[C@@H](Cc1ccccc1)[C@H](O)CN1CCC[C@H]1C(=O)OC(C)(C)C,7.853871964321762
CC(C)c1ccccc1SC1=C(O)OC(CCCC(=O)N2CCOCC2)(c2ccccc2)CC1=O,6.730487055782084
CC(C)C[C@H](NC(=O)[C@H](Cc1ccccc1)C[C@H](O)[C@@H](CC(=O)OC(C)(C)C)Cc1ccccc1)C(=O)N[C@@H](Cc1ccccc1)C(N)=O,9.221848749616356
CC1(C)S[C@H]([C@H](NC(=O)Cc2ccccn2)C(=O)NCc2ccc(Cl)cc2)N[C@H]1C(=O)NCCNC(=O)[C@@H]1N[C@@H]([C@H](NC(=O)Cc2ccccn2)C(=O)NCc2ccc(Cl)cc2)SC1(C)C,8.1249387366083
CC(C)(C)OC(=O)N[C@@H](Cc1ccccc1)[C@@H](O)C[C@@H](Cc1ccccc1)C(=O)N[C@H]1c2ccccc2OC[C@H]1O,9.750068243365805
CC(C)(C)OC(=O)N[C@@H](Cc1ccccc1)[C@@H](O)C[C@@H](Cc1c(F)c(F)c(F)c(F)c1F)C(=O)N[C@H]1c2ccccc2C[C@H]1O,9.219970872662662
CC(C)(C)OC(=O)[C@@H]1CCCN1C[C@@H](O)[C@H](Cc1ccccc1)NC(=O)[C@H](CC(N)=O)NC(=O)OCc1ccccc1,6.346787486224656
O=C(N[C@@H](Cc1ccccc1)[C@@H](O)C[C@@H](Cc1ccccc1)C(=O)N[C@H]1c2ccccc2C[C@H]1O)OC1CCOC1,10.522878745280336
COC(=O)N[C@H](C(=O)N[C@@H](Cc1ccccc1)C(O)CN(CC(C)C)NC(=O)[C@@H](NC(=O)OC)C(C)C)C(C)C,7.387216143280264
COC(=O)[C@@H](NC(=O)[C@H](CC(C)C)NC(=O)[C@@H]1CCCN1C[C@H](O)[C@H](Cc1ccccc1)NC(=O)[C@H](CC(N)=O)NC(=O)[C@H](CC(C)C)NC(=O)[C@H](CO)NC(C)=O)C(C)C,7.18701983396052
CCNS(=O)(=O)Oc1cc(C(C)(C)C)c(SC2=C(O)OC(CCc3ccc(N)cc3)(C(C)C)CC2=O)cc1C,8.366531544420413
CC(C)CN([C@H](CO)CCCCNC(=O)[C@@H](NC(=O)c1ncccc1O)C(c1ccccc1)c1ccccc1)S(=O)(=O)c1ccc(N)cc1,9.045757490560677
CC(C)(C)OC(=O)N[C@@H](Cc1ccccc1)[C@@H](O)C[C@@H](Cc1ccc(O)cc1)C(=O)N[C@H]1c2ccccc2C[C@H]1O,9.795880017344077
COC(=O)[C@@H](NC(=O)[C@H](CC(C)C)NC(=O)[C@@H](NC(=O)CCCOc1ccc2ccc(OCCCC(=O)N[C@@H](Cc3ccc(O)cc3)C(=O)N[C@@H](CCC(=O)OC(C)(C)C)C(=O)N[C@@H](CC(C)C)C(N)=O)nc2c1)C(C)C)C(C)C,6.0
CCNC(=O)[C@@H](NC(=O)Cc1ccc(O)cc1)[C@@H]1N[C@@H](C(=O)NCCNC(=O)[C@@H]2N[C@@H]([C@H](NC(=O)Cc3ccc(O)cc3)C(=O)NCC)SC2(C)C)C(C)(C)S1,4.920818753952375
CC(C)CN(C[C@@H](O)[C@H](Cc1ccccc1)NC(=O)c1ccccc1O)S(=O)(=O)c1ccc(C(F)(F)F)cc1,7.637517525248826
NC(=O)c1[nH]c2ccc(Cl)cc2c1Sc1ccccc1,5.835647144215563
CC1(C)S[C@H]([C@H](NC(=O)Cc2ccccc2)C(=O)NCc2ccccc2)N[C@H]1C(=O)N[C@H](Cc1ccccc1)[C@H](O)CC(=O)N[C@H](CO)Cc1ccccc1,6.657577319177793
CC(C)[C@H](NC(=O)OCc1ccccc1)C(=O)N[C@@H](Cc1ccccc1)[C@@H](O)CNC(=O)[C@H](CC(=O)NC(C)(C)C)C(C)(C)C,7.301029995663981
O=C1CC(CC2CCCC2)(c2ccccc2)OC(O)=C1SCCc1ccccc1,6.292429823902063
CC1=C(CCOC(=O)C2=CC2)c2cc3[nH]c(cc4[nH]c(cc5nc(cc1n2)C(C)=C5CCC(=O)O)c(CCC(=O)O)c4C)c(CCOC(=O)C1=CC1)c3C,4.301029995663981
CCCC1(CCC)CC(=O)C(C(c2cccc(NS(=O)(=O)c3cn(C)cn3)c2)C2CC2)=C(O)O1,6.0
Cc1cc(=O)oc2cc(OC(=O)N[C@@H](Cc3ccccc3)[C@H](O)CN(CC(C)C)S(=O)(=O)c3ccc([N+](=O)[O-])cc3)ccc12,8.991399828238082
CC(C)[C@H](NC(=O)OCc1ccccc1)C(=O)N[C@@H](Cc1ccccc1)[C@H](O)CNC(=O)C[C@@H](C(=O)NC(C)(C)C)C(C)(C)C,6.903089986991944
NC(=O)OC[C@@H]1CCCOC1,6.158640529545145
CC(C)(C)NC(=O)[C@@H]1CN(Cc2cccnc2)CCN1C[C@@H](O)C[C@@H](Cc1ccccc1)C(=O)N[C@H]1c2ccccc2C[C@H]1O.O,7.2839966563652
COc1ccc2c(O)c(S(=O)(=O)c3ccc(C)cc3)c(=O)oc2c1,4.0
CC(C)(C)NC(=O)[C@@H]1C[C@@H]2CCCC[C@@H]2CN1C[C@@H](O)[C@H](Cc1ccccc1)NC(=O)[C@H](CC(N)=O)NC(=O)c1ccc2ccccc2n1.CS(=O)(=O)O,9.0
CC(C)[C@H](NC(=O)N(C)Cc1ccccn1)C(=O)N[C@@H](Cc1ccccc1)[C@H](O)[C@@H](O)[C@H](Cc1ccccc1)NC(=O)[C@H](NC(=O)N(C)Cc1csc(N)n1)C(C)C,9.0
CC(C)(C)NC(=O)c1ccccc1C[C@@H](O)[C@H](CSc1ccc2ccccc2c1)NC(=O)[C@H](CC(N)=O)NC(=O)c1ccc2ccccc2n1,9.602059991327964
CC[C@H](C)[C@H](NC(=O)OCc1ccccc1)C(=O)N[C@@H](Cc1ccccc1)C(O)[C@H](Cc1ccccc1)NC(=O)[C@H](NC(=O)OCc1ccccc1)[C@@H](C)CC,8.309803919971486
CC(C)[C@H](NC(=O)C1Cc2ccccc2CN1)C(=O)N[C@@H](Cc1ccccc1)C(O)[C@H](Cc1ccccc1)NC(=O)[C@H](NC(=O)C1Cc2ccccc2CN1)C(C)C,8.148741651280925
CC(C)(C)OC(=O)N[C@@H](Cc1ccccc1)[C@@H](O)C[C@@H](Cc1ccccc1)C(=O)N[C@H]1c2ccccc2CC[C@H]1O,9.154901959985745
O=C(N[C@@H](Cc1ccccc1)[C@H](O)CN(OC1CCCC1)S(=O)(=O)c1ccc(O)cc1)O[C@H]1CO[C@H]2OCC[C@H]21,7.920818753952375
CCC(C)[C@H](NC(=O)[C@H](Cc1ccccc1)C[C@H](O)[C@H](Cc1ccccc1)NC(=O)OC(C)(C)C)C(=O)NCCCN(C)C,8.102372908709558
CC(C)(C)OC(=O)N[C@@H](Cc1ccccc1)[C@@H](O)C[C@@H](Cc1ccccc1)C(=O)N[C@@H]1CCCC[C@H]1O,6.909988975992853
COc1ccc(S(=O)(=O)N(CC(C)C)C[C@@H](O)[C@H](Cc2ccccc2)NC(=O)OCc2ccccc2)cc1,8.522878745280337
CC(C)(C)NC(=O)[C@@H]1CN(Cc2nc3ccccc3s2)CCN1C[C@@H](O)C[C@@H](Cc1ccccc1)C(=O)NC1c2ccccc2C[C@H]1O,8.920818753952375
Cc1ccc(C(C)(C)C)c(SC2=C(O)OC(CCc3ccc(O)cc3)(c3ccccc3)CC2=O)c1,7.958607314841775
COc1ccc2c(O)c(C(c3cccc(NS(=O)(=O)c4ccc(C#N)cc4)c3)C3CC3)c(=O)oc2c1,5.0
O=C(N[C@H]1c2ccccc2OC[C@H]1O)[C@H](Cc1ccccc1)C[C@H](O)CN1CCN(Cc2ccc(-c3ccncc3)o2)C[C@H]1C(=O)NCC(F)(F)F,8.886056647693163
CC(C)(C)OC(=O)N[C@@H](Cc1ccccc1)C[C@H](O)[C@H](Cc1ccccc1)NC(=O)c1ccc(N)c(O)c1,7.958607314841775
CCCC1(CCc2ccccc2)CC(=O)C(C(c2cccc(NS(=O)(=O)c3ccc(N)cn3)c2)C(C)(C)C)=C(O)O1,6.638272163982407
CC(C)[C@H](NC(=O)OCc1ccccn1)C(=O)N[C@@H](Cc1ccccc1)C(O)[C@H](Cc1ccccc1)NC(=O)[C@H](NC(=O)OCc1ccccn1)C(C)C,8.318758762624412
COc1cc(CN2C(=O)N(Cc3ccc(O)c(OC)c3)N(C(=O)CCc3ccncc3)C[C@@H](O)[C@H]2Cc2ccccc2)ccc1O,8.920818753952375
CC(C)(C)CC(SC1CCCCC1)c1c(O)cc(-c2ccccc2)oc1=O,6.522878745280337
O=C(Oc1cc(S(=O)(=O)O)cc2cc(S(=O)(=O)O)ccc12)c1ccc(-c2ccc(C(=O)Oc3cc(S(=O)(=O)O)cc4cc(S(=O)(=O)O)ccc34)cc2)cc1,5.161150909262744
Nc1ccc(S(=O)(=O)N(C[C@@H](O)[C@H](Cc2ccccc2)NC(=O)OCCN2CCOCC2)C2CC2)cc1,7.214670164989233
CCC(Cc1ccccc1)c1cc(O)c(C(c2cccc(NS(=O)(=O)c3ccc(C#N)cc3)c2)C2CC2)c(=O)o1,5.795880017344075
Cc1cc(SC2=C(O)OC(CCc3ccc(O)cc3)(C3CCCCC3)CC2=O)c(C(C)(C)C)cc1CO,8.387216143280265
CC(C)CN(C[C@@H](O)[C@H](Cc1ccccc1)NC(=O)c1ccc(Cl)cc1O)S(=O)(=O)c1ccc(C(F)(F)F)cc1,8.20551195334083
CC(C)(C)NC(=O)[C@@H]1C[C@@H]2CCCC[C@@H]2CN1C[C@@H](O)[C@H](Cc1ccccc1)NC(=O)O[C@@H]1CCCOC1,6.511449283499556
CC(CCC=C(c1cc(Cl)c(O)c(C(=O)O)c1)c1cc(Cl)c(O)c(C(=O)O)c1)[C@H]1CC[C@H]2[C@@H]3CC[C@@H]4CC(F)(F)CC[C@]4(C)[C@H]3CC[C@]12C,6.4089353929735005
O=C(N[C@H]1c2ccccc2OC[C@H]1O)[C@H](Cc1ccccc1)C[C@H](O)CN1CCN(Cc2ccc(-c3cccnc3)o2)C[C@H]1C(=O)NCC(F)(F)F,9.154901959985745
CC(C)(C)NC(=O)N(Cc1ccncc1)C[C@@H](O)[C@H](Cc1ccccc1)NC(=O)[C@H](CC(N)=O)NC(=O)c1ccc2ccccc2n1,7.721246399047171
CC(C)[C@@H]1NC(=O)[C@@H](NC(=O)[C@@H](O)[C@H](Cc2ccccc2)NC(=O)OC(C)(C)C)Cc2ccc(cc2)OCCCNC1=O,7.0
CC1(C)S[C@H]([C@H](NC(=O)Cc2ccccc2)C(=O)NCc2ccccc2)N[C@H]1C(=O)NCCNC(=O)[C@@H]1N[C@@H]([C@H](NC(=O)Cc2ccccc2)C(=O)NCc2ccccc2)SC1(C)C,9.045757490560677
CC(C)[C@H]1[C@@H](OC(=O)N[C@@H](Cc2ccccc2)[C@H](O)CN2C[C@H]3CCCC[C@H]3C[C@H]2C(=O)NC(C)(C)C)CCS1(=O)=O,8.09151498112135
COc1ccc(CC(=O)N[C@@H](Cc2ccccc2)[C@H](O)CN(CC(C)C)S(=O)(=O)c2ccc(SC)cc2)cc1O,8.032452023781138
Cc1ccccc1CNC(=O)[C@H]1N(C[C@@H](O)C[C@@H](Cc2ccccc2)C(=O)N[C@H]2c3ccccc3OC[C@H]2O)CSC1(C)C,8.05551732784983
O=c1cc(-c2ccccc2)oc(O)c1C(SC1CCCCC1)c1ccccc1,6.318758762624412
CC(C)CN(C[C@@H](O)[C@H](Cc1ccccc1)NC(=O)[C@@H]1COCCN1)S(=O)(=O)c1ccc(NO)cc1,8.52432881167557
CC[C@H](C)[C@H](NC(=O)[C@@H](C(C)C)C(O)C(O)[C@H](CC(C)C)NC(=O)[C@H](Cc1c[nH]cn1)NC(=O)COc1cccc2ccccc12)C(=O)NCc1ccccn1,7.950007143079858
CC(C)(c1cc2cnccc2o1)N1CCN(C[C@@H](O)C[C@@H](Cc2ccccc2)C(=O)N[C@H]2c3ccccc3OC[C@H]2O)[C@H](C(=O)NCC(F)(F)F)C1,8.795880017344075
CC(C)(C)OC(=O)N[C@@H](Cc1ccccc1)[C@@H](O)C[C@@H](Cc1ccccc1)C(=O)N[C@H]1c2ccccc2C[C@H]1O,9.602059991327964
CC(C)CN(C[C@@H](O)[C@H](Cc1ccccc1)NC(=O)N[C@@H]1CCNC1)S(=O)(=O)c1ccc(O)cc1,5.224025668870631
CN(C)c1ccc2cc(S(=O)(=O)N3CCN(C[C@@H](O)C[C@@H](Cc4ccccc4)C(=O)N[C@H]4c5ccccc5C[C@H]4O)[C@H](C(=O)NC(C)(C)C)C3)ccc2n1.Cl,10.0
O=C(N[C@@H](Cc1ccccc1)C[C@H](O)[C@H](Cc1ccccc1)NC(=O)OCc1ccccc1)OCc1ccccc1,8.2518119729938
Cn1cnc(S(=O)(=O)Nc2cccc(C(c3c(O)cc(C(CC4CC4)CC4CC4)oc3=O)C3CC3)c2)c1,5.886056647693163
CC(C)(C)OC(=O)N[C@@H](Cc1ccccc1)[C@@H](O)CCC(=O)N[C@H]1c2ccccc2C[C@H]1O,5.532539890492736
COC(=O)[C@@H](NC(=O)Cc1ccccc1)[C@@H]1N[C@@H](C(=O)NCCNC(C)=O)C(C)(C)S1,4.259637310505756
O=C(N[C@@H](Cc1cccc(Br)c1)[C@H](O)C[C@H](CCc1ccc(Cl)cc1Cl)S(=O)(=O)c1ccc(F)cc1)[C@H]1CCCO1,5.251811972993799
CC(C)(C)NC(=O)c1ccccc1CCC(O)CN1CCCCC1C(=O)NC(C)(C)C,4.0
CC(C)[C@@H](CO)N1CC[C@@](Cc2ccccc2)(C[C@H](O)[C@H](Cc2ccccc2)NC(=O)OC(C)(C)C)C1=O,7.455931955649724
Cc1cc(SC2=C(O)O[C@](CCc3ccc(N)cc3)(C(C)C)CC2=O)c(C(C)(C)C)cc1CO,9.0
CC1(C)SCN(C(=O)[C@@H](O)C[C@@H](Cc2ccccc2)C(=O)N[C@H]2c3ccccc3OC[C@H]2O)[C@@H]1C(=O)NCc1c(Cl)cccc1Cl,9.920818753952377
CC(C)(c1ccc(-c2ccncc2)o1)N1CCN(C[C@@H](O)C[C@@H](Cc2ccccc2)C(=O)N[C@H]2c3ccccc3OC[C@H]2O)[C@H](C(=O)NCC(F)(F)F)C1,10.0
CC(C)(C)OC(=O)[C@@H]1CCCN1C[C@H](O)[C@H](Cc1ccccc1)NC(=O)[C@H](CC(N)=O)NC(=O)OCc1ccccc1,6.886056647693163
O=C(N[C@H]1c2ccccc2OC[C@H]1O)[C@H](Cc1cccnc1)C[C@H](O)CN1CCN(CC2=CC3C=CSC3S2)C[C@H]1C(=O)NCC(F)(F)F,10.522878745280336
CC(C)(C)NC(=O)N(CC(O)[C@H](Cc1ccccc1)NC(=O)[C@H](CC(N)=O)NC(=O)c1ccc2ccccc2n1)C1CCCCC1,8.301029995663981
CC(C)c1ccccc1SC1=C(O)OC(CCCCC(=O)O)(c2ccccc2)CC1=O,8.744727494896694
CC[C@H]1[C@@H](OC(=O)N[C@@H](Cc2ccccc2)[C@H](O)CN2C[C@H]3CCCC[C@H]3C[C@H]2C(=O)NC(C)(C)C)CCS1(=O)=O,8.267606240177031
CCCC[C@H](CC(O)C[C@@H](CCCC)C(=O)N[C@@H](CC(C)C)C(=O)N[C@@H](Cc1ccccc1)C(=O)OC)C(=O)N[C@@H](CC(C)C)C(=O)N[C@@H](Cc1ccccc1)C(=O)OC,7.045757490560675
CC(C)(C)NC(=O)[C@@H]1CN(Cc2cccnc2)CCN1C[C@@H](O)C[C@@H](Cc1ccccc1)C(=O)N[C@H]1c2ccccc2C[C@H]1O.O,7.213248577854439
CC(C)(C)NC(=O)[C@@H]1CCCCN1C[C@@H](O)C[C@@H](Cc1ccccc1)C(=O)N[C@H]1c2ccccc2C[C@H]1O,7.096910013008056
Cc1cnc(-c2[nH]c3ccc(Cl)cc3c2S(=O)(=O)c2ccccc2)[nH]1,8.327902142064282
CCC(Cc1ccccc1)c1cc(O)c(C(CC)c2ccccc2)c(=O)o1,5.522878745280337
CCOC(=O)c1cc(-c2cc(O)c(Sc3ccccc3C(C)C)c(=O)o2)ccc1O,6.8297382846050425
CC(C)(C)OC(=O)N[C@@H](Cc1ccccc1)[C@@H](O)C[C@@H](Cc1ccccc1)C(=O)N[C@@H]1c2ccccc2OC[C@H]1O,9.744968836654447
C=CCN(CC(=O)N[C@H](C(=O)N[C@H](C(=O)OC)C(C)C)[C@@H](C)CC)C(=O)[C@H](Cc1ccccc1)NC(=O)OC(C)(C)C,7.0
CC(C)(C)NC(=O)[C@@H]1C[C@@H]2CCCC[C@@H]2CN1C[C@@H](O)[C@H](Cc1ccccc1)NC(=O)[C@@H](NC(=O)c1ccc2ccccc2n1)[C@@H]1CCOC1,8.270025714300445
CC(C)(C)NC(=O)[C@H]1C[C@@H]2CCCC[C@@H]2CN1C[C@@H](O)[C@H](Cc1ccccc1)NC(=O)[C@H](CC(N)=O)NC(=O)c1ccc2ccccc2n1,9.397940008672036
CC(C)[C@H](NC(=O)[C@H](Cc1ccccc1)C[C@H](O)[C@H](Cc1ccccc1)NC(=O)OC(C)(C)C)C(=O)O,6.790002703917631
CC(C)(C)NC(=O)[C@@H]1C[C@@H]2CCCC[C@@H]2CN1C[C@@H](O)[C@H](Cc1ccccc1)NC(=O)O[C@@H]1CCS(=O)(=O)C1,6.853871964321762
CCCC[C@@H]1[C@H](OC(=O)N[C@@H](Cc2ccccc2)[C@H](O)CN2C[C@H]3CCCC[C@H]3C[C@H]2C(=O)NC(C)(C)C)CCS1(=O)=O,7.339134521996131
CC[C@H](C)[C@H](NC(=O)[C@H](CCC(N)=O)NC(=O)[C@@H]1CCCN1C(=O)CCCCCC/C=C/CCCCCCC(=O)N[C@H](CO)C(=O)N[C@@H](C(=O)N[C@H](CC(C)C)C(=O)N[C@H](CC(N)=O)C(=O)N[C@H](Cc1ccccc1)C(=O)O)[C@H](C)O)C(=O)N[C@H](C(=O)N[C@@H](CC(C)C)C(=O)N[C@@H](Cc1c[nH]c2ccccc12)C(=O)O)[C@@H](C)O,4.756961951313706
CC(C)[C@@H]1[C@H](OC(=O)N[C@@H](Cc2ccccc2)[C@H](O)CN2CCN(Cc3cc(Cl)cc(Cl)c3)C[C@H]2C(=O)NC(C)(C)C)CCS1(=O)=O,7.161150909262744
CC(C)[C@H](NC(=O)[C@H](C)NC(=O)OCc1ccccc1)C(=O)N[C@@H](Cc1ccccc1)[C@@H](O)[C@H](O)[C@H](Cc1ccccc1)NC(=O)[C@H](N[C@@H](C)C(=O)OCc1ccccc1)C(C)C,8.397940008672037
CC(=O)N[C@@H](Cc1ccc(O)cc1)C(=O)N[C@H](C(=O)N[C@@H](Cc1ccccc1)[C@@H](O)C(=O)N[C@H]1Cc2ccc(cc2)OCCCNC(=O)[C@H](C(C)C)NC1=O)C(C)C,8.221848749616356
CC1(C)CC2(CC(C)(C)c3cc(N)c(O)cc32)c2cc(O)c(N)cc21.Cl.Cl,4.481486060122113
CC(C)CN([C@H](CO)CCCCNC(=O)[C@@H](NC(=O)N(C)C)C(c1ccccc1)c1ccccc1)S(=O)(=O)c1ccc(N)cc1,9.356547323513812
CC(C)[C@H](NC(=O)OCc1ccccn1)C(=O)N[C@@H](Cc1ccccc1)[C@@H](O)[C@H](Cc1ccccc1)NC(=O)[C@H](NC(=O)OCc1ccccc1)C(C)C,8.522878745280337
O=c1oc2cccc(O)c2c(O)c1Cc1ccccc1,4.0
CC(C)(C)NC(=O)[C@@H]1C[C@@H]2CCCC[C@@H]2CN1C[C@@H](O)[C@H](Cc1ccccc1)NC(=O)[C@@H](C[S+]([O-])c1ccc2ccccc2c1)NS(C)(=O)=O,9.397940008672036
COc1ccc2cc(C(=O)N[C@@H](Cc3ccccc3)[C@H](O)CN(CC(C)C)S(=O)(=O)c3ccc(N)cc3)c(=O)oc2c1,6.99097425791309
CCCCCCC1(c2ccccc2)CC(=O)C(SCc2ccccc2)=C(O)O1,6.7447274948966935
CC(C)(C)OC(=O)N[C@@H](Cc1ccccc1)[C@@H](O)C[C@@H](Cc1ccccc1)C(=O)NCc1ccccc1,6.943018963331887
CNc1ccc(S(=O)(=O)N(CC(C)C)C[C@@H](O)[C@H](Cc2ccccc2)NC(=O)[C@H]2CNCCO2)cc1,7.0448897690294485
N[S+]([O-])(CCc1ccccc1)=NCC(=O)OCc1ccccc1,2.3010299956639813
CC(C)[C@H](NC(=O)OCCN1CCCC1)C(=O)N[C@@H](Cc1ccccc1)[C@@H](O)[C@H](Cc1ccccc1)NC(=O)[C@H](NC(=O)OCc1ccccc1)C(C)C,7.853871964321762
Nc1cccc(OCCCc2c(O)oc3ccccc3c2=O)c1,5.1938200260161125
COc1ccc(S(=O)(=O)N(CC(C)C)C[C@@H](O)[C@H](Cc2ccccc2)NC(=O)Cc2ccc(OC)c(OC)c2)cn1,6.7544873321858505
COCc1cc(C(C)(C)C)c(SC2=C(O)OC(CCc3ccccc3)(c3ccc(OCCO)cc3)CC2=O)cc1C,8.346787486224656
C[C@@H]1[C@@H](OC(=O)N[C@@H](CSc2ccccc2)[C@H](O)CN2C[C@H]3CCS[C@H]3C[C@H]2C(=O)NC(C)(C)C)CCS1(=O)=O,8.2839966563652
CC[C@H](C)[C@@H](NC(=O)[C@H]([C@H](C)O)N(C)C(=O)CCCCCCCCCCCCCCC(=O)NC(Cc1ccc(O)cc1)C(=O)N[C@@H](Cc1ccccc1)C(=O)O)C(=O)NC(CO)C(N)=O,6.111259039317107
Cc1ccc(C(C)(C)C)c(SC2=C(O)OC(c3ccccc3)(c3ccccc3)CC2=O)c1,7.920818753952375
CC(C)c1ccc(C(C)C)c(SC2=C(O)OC(c3ccccc3)(c3ccccc3)CC2=O)c1,6.924453038607469
CC(C)(C)NC(=O)[C@@H]1C[C@@H]2CCCC[C@@H]2CN1C[C@@H](O)[C@H](Cc1ccccc1)NC(=O)O[C@@H]1CCS(=O)(=O)C1,6.853871964321762
COc1ccc(C(=O)N[C@@H](Cc2ccccc2)[C@H](O)CN(C[C@@H](C)O)S(=O)(=O)c2ccc(C(F)(F)F)cc2)c(O)c1,6.369877357140688
CC(C)(C)OC(=O)N[C@@H](Cc1ccccc1)[C@@H](O)C[C@@H](Cc1ccc(CCCO)cc1)C(=O)N[C@H]1c2ccccc2C[C@H]1O,10.0
CC(C)(C)NC(=O)C1(CCc2ccccc2)OC(O)=C(Cc2ccccc2)C1=O,4.958607314841775
CC(C)(C)NC(=O)[C@@H]1C[C@H](Cl)CN1C(=O)[C@@H](O)[C@H](Cc1ccccc1)NC(=O)c1ccccc1O,6.0
CC(C)CCN(C[C@@H](O)[C@H](Cc1ccccc1)NC(=O)OCc1ccccc1)S(=O)(=O)c1cccc(Cl)c1,7.036212172654444
CC(C)CC(SCC1CCCCC1)c1c(O)cc(-c2ccccc2)oc1=O,6.071604147743286
C[C@@H](NC(=O)N(C[C@@H](O)[C@H](Cc1ccccc1)NC(=O)[C@H](CC(N)=O)NC(=O)OCc1ccccc1)C(C)(C)C)c1ccccc1,5.186999793145495
O=C1Oc2ccccc2C(O)C1Cc1c(O)oc2ccccc2c1=O,4.0
CC(C)[C@H](N)C(=O)N[C@@H](Cc1ccccc1)C(O)[C@H](Cc1ccccc1)NC(=O)[C@@H](N)C(C)C,6.229147988357855
CC(C)CN(C[C@@H](O)[C@H](Cc1ccccc1)NC(=O)O[C@H]1CO[C@H]2OCC[C@H]21)S(=O)(=O)c1ccc(N)cc1,9.292429823902063
CC(C)=CCCC(C)C1=C(O)C(CCc2ccccc2)(C(=O)NC(C)(C)C)OC1=O,5.886056647693163
C[C@H]1[C@@H](OC(=O)N[C@@H](Cc2ccccc2)[C@H](O)CN2C[C@H]3CCCC[C@H]3C[C@H]2C(=O)NC(C)(C)C)CCS1(=O)=O,7.943095148663527
CSc1ccccc1C[C@@H](O)C[C@@H](Cc1ccccc1)C(=O)N[C@H]1c2ccccc2C[C@H]1O,7.022276394711152
CC(C)[C@H](NC(=O)[C@H](Cc1cccc2ccccc12)CS(=O)(=O)C(C)(C)C)C(=O)NCP(N)(=O)CNC(=O)[C@@H](NC(=O)[C@H](Cc1cccc2ccccc12)CS(=O)(=O)C(C)(C)C)C(C)C,8.259637310505756
CCC(C)[C@H](NC(=O)[C@@H]1CCCN1[P@@](=O)(OC)[C@@H](Cc1ccccc1)NC(=O)[C@H](CC(N)=O)NC(=O)OC(C)(C)C)C(=O)NCC(C)C,7.522878745280337
Cc1ccc(C(=O)N[C@@H](Cc2cccc(C(F)(F)F)c2)[C@H](O)C(=O)N2C[C@@H](Cl)C[C@H]2C(=O)NC(C)(C)C)c(C)c1O,8.455931955649724
O=c1cc(-c2cc(C(F)(F)F)cc(C(F)(F)F)c2)oc(O)c1SCc1ccccc1,6.200659450546418
C[C@H](CCC(=O)N[C@H](CC(=O)OCc1ccccc1)C(=O)O)[C@H]1CC[C@H]2[C@@H]3[C@H](O)C[C@@H]4C[C@H](O)CC[C@]4(C)[C@H]3C[C@H](O)[C@]12C,3.903089986991944
NC(=O)C(F)(F)C(=O)C(Cc1ccccc1)NC(=O)OCc1ccccc1,3.5228787452803374
O=C(N[C@H]1c2ccccc2OC[C@H]1O)[C@H](Cc1cccnc1)C[C@H](O)CN1CCN(Cc2cc3ccccc3o2)C[C@H]1C(=O)NCC(F)(F)F,8.431798275933005
CC(C)[C@H](NC(=O)C(O)(c1ccccc1)c1ccccc1)C(=O)N[C@@H](Cc1ccccc1)[C@@H](O)[C@H](O)[C@H](Cc1ccccc1)NC(=O)[C@@H](NC(=O)C(O)(c1ccccc1)c1ccccc1)C(C)C,5.1938200260161125
CCC[C@]1(CCc2ccccc2)CC(=O)C([C@@H](CC)c2cccc(NS(=O)(=O)c3ccc(C#N)cn3)c2)=C(O)O1,6.0
CC(C)[C@@H]1NC(=O)[C@@H](NC(=O)[C@H](O)[C@H](Cc2ccccc2)NC(=O)[C@@H](N[C@H](C)NC(=O)OCc2ccccc2)C(C)C)Cc2ccc(cc2)OCCCNC1=O,8.0
CC[C@H](C)[C@H](NC(=O)[C@@H](Cc1ccccc1)[C@@H](O)[C@H](O)[C@H](Cc1ccccc1)NC(=O)[C@H](Cc1c[nH]cn1)NC(=O)COc1cccc2ccccc12)C(=O)NCc1ccccn1,7.568958054664114
CC(C)(C)NC(=O)c1ccccc1C[C@@H](O)[C@H](Cc1ccccc1)NC(=O)[C@H](CSc1ccc(F)cc1)NS(C)(=O)=O,8.356547323513812
CC(C)[C@H](NC(=O)[C@H](Cc1ccccc1)C[C@H](O)[C@H](Cc1ccccc1)NC(=O)OC(C)(C)C)C(=O)O,6.793012305243591
CC(C)CN(C[C@@H](O)[C@H](Cc1ccccc1)NC(=O)O[C@H]1CO[C@H]2OCC[C@H]21)S(=O)(=O)c1ccc(N)cc1,9.060480747381382
CCC[C@@]1(CCc2ccccc2)CC(=O)C([C@@H](CC)c2cccc(NS(=O)(=O)c3ccc(C(F)(F)F)cn3)c2)=C(O)O1,5.769551078621726
CC(C)(C)NC(=O)N(Cc1ccncc1)CC(O)[C@H](Cc1ccccc1)NC(=O)[C@H](CC(N)=O)NC(=O)c1ccc2ccccc2n1,7.721017883134556
Cc1cc(S[C@@H]2CCN(C[C@@H](O)[C@H](Cc3ccccc3)NC(=O)COc3c(C)cccc3C)[C@H](C(=O)NC(C)(C)C)C2)nc(C)n1,8.823908740944319
O=c1cc(-c2ccccc2)oc(O)c1C(CC1CCCC1)SC1CCCCC1,6.266802734893431
CC(C)(C)OC(=O)N[C@@H](Cc1ccccc1)[C@@H](O)C[C@@H](Cc1ccc(OCC(=O)N2CCOCC2)cc1)C(=O)NC1c2ccccc2C[C@H]1O,9.69897000433602
CC(C)[C@H](NC(=O)N(C)CCc1ccccn1)C(=O)N[C@@H](Cc1ccccc1)[C@H](O)[C@H](O)[C@H](Cc1ccccc1)NC(=O)[C@H](NC(=O)N(C)CCc1ccccn1)C(C)C,7.508638306165727
CC(C)CN([C@H](CO)CCCCNC(=O)[C@@H](NC(=O)N1CCOCC1)C(c1ccccc1)c1ccccc1)S(=O)(=O)c1ccc(N)cc1,9.292429823902063
CC(C1=C(O)[C@@](CCc2ccccc2)(C(=O)NCc2ccc(C(C)(C)C)cc2)OC1=O)c1ccccc1,5.301029995663981
CC1(C)CC2(CC(C)(C)c3cc(OS(=O)(=O)[O-])c(OS(=O)(=O)[O-])cc32)c2cc(OS(=O)(=O)[O-])c(OS(=O)(=O)[O-])cc21.[K+].[K+].[K+].[K+],5.552841968657781
N#Cc1cccc(OCCCc2c(O)c3ccccc3oc2=O)c1,6.173925197299173
O=C(OC1COc2ccccc2C1)c1ccc(O)c(O)c1O,4.0
CCNS(=O)(=O)Oc1cc(C(C)(C)C)c(SC2=C(O)OC(C)(CCc3ccc(O)cc3)CC2=O)cc1C,8.638272163982407
O=C(N[C@@H](Cc1ccccc1)[C@@H](O)C[C@]1(Cc2ccccc2)N=CC([C@@H]2CNC(=O)c3ccccc32)=C1O)O[C@H]1CCOC1,8.244125144327509
CC[C@H](C)[C@H](NC(=O)[C@H](C(C)C)[C@@H](O)[C@H](O)[C@H](CC1CCCCC1)NC(=O)c1cccc(C)c1OCOc1ccccc1)C(=O)NCc1nc2ccccc2[nH]1,6.967018806902632
CC(C)[C@H](NC(=O)OCc1cccnc1)C(=O)N[C@@H](Cc1ccccc1)[C@H](O)[C@H](O)[C@H](Cc1ccccc1)NC(=O)[C@H](NC(=O)OCc1cccnc1)C(C)C,9.0
CC(C)C[C@@H]1NC(=O)[C@H](C(C)C)NC(=O)[C@]2(C)CCCN2C(=O)[C@H](C(C)C)NC(=O)[C@H](Cc2ccccc2)NC(=O)CSCCNC(=O)[C@H](Cc2ccccc2)N(C)C(=O)[C@H](CC(C)C)NC(=O)[C@H](CCc2ccccc2)NC1=O,9.346787486224656
COc1ccc2c(O)c(C(c3cccc(NS(=O)(=O)c4cccc5cccnc45)c3)C3CC3)c(=O)oc2c1,5.0
N#Cc1ccc(S(=O)(=O)Nc2cccc(C(c3c(O)c4c(oc3=O)CCCCCC4)C3CC3)c2)cc1,5.698970004336019
CC(C)=CCCC(C)C1=C(O)C(CCc2ccccc2)(C(=O)NC(C)(C)C)OC1=O,5.886056647693163
CC(C)C[C@H](NC(=O)[C@H](Cc1ccccc1)C[C@H](O)[C@H](Cc1ccccc1)NC(=O)OC(C)(C)C)C(=O)N[C@@H](Cc1ccccc1)C(N)=O,9.221848749616356
COc1ccc(S(=O)(=O)N(CC(C)C)C[C@@H](O)[C@H](Cc2ccccc2)NC(=O)O[C@H]2CO[C@H]3O[C@@H]4OCC[C@@H]4[C@H]32)cc1,8.744727494896694
CN(C(=O)OC(C)(C)C)C1=C(O)C(CCc2ccccc2)(C(=O)NCC2CCCO2)OC1=O,3.714442690992226
CC(C)[C@H](COCc1ccccc1)NC(=O)C(F)(F)[C@@H](O)C(Cc1ccc(OCc2ccccc2)cc1)NC(=O)[C@@H](NC(=O)OCc1ccccc1)C(C)C,8.18045606445813
Cc1cc(SC2=C(O)OC(C)(CCc3ccc(O)cc3)CC2=O)c(C(C)(C)C)cc1O,8.187086643357144
CC1=C(C(COC(=O)c2ccc3ccccc3c2)OC(=O)c2ccc3ccccc3c2)c2cc3nc(cc4[nH]c(cc5[nH]c(cc1n2)c(C)c5CCC(=O)O)c(CCC(=O)O)c4C)C(C(COC(=O)c1ccc2ccccc2c1)OC(=O)c1ccc2ccccc2c1)=C3C,3.823908740944319
CC[C@H](C)[C@H](NC(=O)[C@H](Cc1ccccc1)CC(O)CN1CCC[C@@H]1C(=O)NC(C)(C)C)C(=O)NCc1nc2ccccc2[nH]1,7.096910013008056
Cc1ccc(C(=O)N[C@@H](Cc2ccccc2)[C@H](O)Cc2ccccc2C(=O)NC(C)(C)C)cc1C(=O)N1CCc2ccccc2C1,6.173925197299173
CC(C)(C)OC(=O)N[C@@H](Cc1ccccc1)[C@@H](O)C[C@@H](Cc1ccccc1)C(=O)NC1C=CC[C@H]1O,8.019996628416253
Cc1cc(SC2=C(O)OC(CCc3ccc(O)cc3)(c3ccccc3)CC2=O)c(C(C)(C)C)cc1CO,8.769551078621726
CCCNS(=O)(=O)Oc1cc(C(C)(C)C)c(SC2=C(O)OC(C)(CCc3ccc(O)cc3)CC2=O)cc1C,8.207608310501746
Cc1ccc(C[C@@H](O)C[C@@H](Cc2ccccc2)C(=O)N[C@H]2c3ccccc3C[C@H]2O)c(C(=O)NC(C)(C)C)c1,8.769551078621726
COC(=O)[C@@H](NC(=O)Cc1ccccc1)[C@@H]1N[C@@H](C(=O)NCCNC(=O)[C@@H]2N[C@@H]([C@H](NC(=O)Cc3ccccc3)C(=O)OC)SC2(C)C)C(C)(C)S1,7.221848749616356
Cc1cccc(Cl)c1CNC(=O)[C@H]1N(C(=O)[C@@H](O)C[C@@H](Cc2ccccc2)C(=O)N[C@H]2c3ccccc3OC[C@H]2O)CSC1(C)C,10.096910013008056
Cc1cc(SC2=C(O)OC(CCc3cc[nH]n3)(C(C)C)CC2=O)c(C(C)(C)C)cc1CO,9.55284196865778
Cc1cn([C@H]2C[C@H](N=[N+]=[N-])[C@@H](CO)O2)c(=O)[nH]c1=O,4.301029995663981
CC(C)CN([C@H](CO)CCCCNC(=O)[C@@H](NC(=O)c1cnccc1N)C(c1ccccc1)c1ccccc1)S(=O)(=O)c1ccc(N)cc1,9.397940008672036
CC(C)[C@H](NC(=O)[C@H](Cc1cccc2ccccc12)CS(=O)(=O)C(C)(C)C)C(=O)N[C@H](Cc1ccccc1)P(N)(=O)[C@@H](Cc1ccccc1)NC(=O)[C@@H](NC(=O)[C@H](Cc1cccc2ccccc12)CS(=O)(=O)C(C)(C)C)C(C)C,9.0
CC(C)CN([C@H](CO)CCCCNC(=O)[C@@H](NC(=O)c1ccccc1O)C(c1ccccc1)c1ccccc1)S(=O)(=O)c1ccc(N)cc1,9.200659450546418
CC(C)(C)NC(=O)[C@@H]1C[C@@H]2CCCC[C@@H]2CN1C[C@@H](O)[C@H](Cc1ccccc1)NC(=O)[C@@H](NC(=O)c1ccc2ccccc2n1)[C@H]1CCSC1,9.221848749616356
CCCCCCCCCCCCCCCC(=O)Nc1c(OC(=O)CCCCCCCCCCCCCCC)cc(S(=O)(=O)O)c2ccccc12,5.180456064458132
CC(C)(C)c1ccccc1Sc1c(O)cc(-c2ccccc2)oc1=O,7.769551078621726
CCCC[C@H](CN[C@H](CCCC)C(=O)N[C@@H](CCC(N)=O)C(=O)N[C@@H](CCCN=C(N)N)C(N)=O)NC(=O)[C@@H](NC(=O)[C@@H](NC(C)=O)[C@@H](C)O)[C@@H](C)CC,9.10790539730952
O=C(/C=C/CN1CCC(O)(c2ccc(Cl)cc2)CC1)c1ccc(F)cc1,4.096910013008056
[O-][S+](Cc1[nH]c2ccccc2c1Sc1ccccc1)c1ccccc1,5.590066876668706
CC(C)(C)NC(=O)c1ccccc1C[C@@H](O)[C@H](Cc1ccccc1)NC(=O)[C@H](C[S+]([O-])c1ccc2ccccc2c1)NS(C)(=O)=O,8.455931955649724
CC[C@H](C)[C@H](NC(=O)[C@@H](C(C)C)C(O)C(O)[C@H](CC(C)C)NC(=O)[C@H](Cc1c[nH]cn1)NC(=O)[C@H](Cc1ccccc1)NC(=O)OC(C)(C)C)C(=O)NCc1ccccn1,7.201004265556119
CC[C@@H](C)[C@H](NC(=O)[C@@H](CC(C)C)C(O)C(O)[C@H](CC(C)C)NC(=O)C(Cc1c[nH]cn1)NC(=O)COc1cccc2ccccc12)C(=O)NCc1ccccn1,6.305000167252905
CC(C)CN(C[C@@H](O)[C@H](Cc1ccccc1)NC(=O)[C@H]1CNCCO1)S(=O)(=O)c1ccc(N)cc1,7.265120197207373
CC(C)C[C@H](NC(=O)[C@@H](NC(=O)CCCCCCCCCCCCCCC(=O)N[C@@H](CC(N)=O)C(=O)N[C@@H](Cc1ccccc1)C(=O)O)[C@H](C)O)C(=O)N[C@@H](Cc1ccccc1)C(N)=O,5.267606240177032
Cn1cnc(Cn2c(=O)[nH]/c(=N\c3cc4cn(C)nc4cc3Cl)n(Cc3cc(F)c(F)cc3F)c2=O)n1,4.0
O=C(N[C@@H](Cc1ccccc1)[C@@H](O)C[C@]1(Cc2ccccc2)N=CC(C2c3ccccc3C[C@H]2O)=C1O)O[C@H]1CCOC1,6.889410289700751
CC(C)CN(C[C@@H](O)[C@H](Cc1ccccc1)NC(=O)O[C@H]1CCNC1)S(=O)(=O)c1ccc(N)cc1,5.295849483160201
CCOC(=O)c1cccc(OCCCc2c(O)oc3ccccc3c2=O)c1,5.853871964321762
O=C1C(=O)c2ccccc2C(O)=C1Sc1ccccc1,4.0
CC(C)[C@H](NC(=O)c1ccc2ccccc2c1)C(=O)N[C@@H](Cc1ccccc1)[C@H](O)CN1CC2CCCCC2C[C@H]1C(=O)NC(C)(C)C,9.045757490560677
CSc1ccc(S(=O)(=O)N(CC(C)C)C[C@@H](O)[C@H](Cc2ccccc2)NC(=O)Cc2ccc(O)c(O)c2)cc1,8.640164517660113
CC(C)CC(Sc1ccccc1)c1c(O)cc(-c2ccccc2)oc1=O,6.3872161432802645
CC(=O)N[C@@H](CSc1ccc2ccccc2c1)C(=O)N[C@@H](Cc1ccccc1)[C@H](O)Cc1ccccc1C(=O)NC(C)(C)C,7.376750709602099
CC(C)CCN(C[C@@H](O)[C@H](Cc1ccccc1)NC(=O)[C@H](CC(N)=O)NC(=O)OCc1ccccc1)S(C)(=O)=O,7.0
Cc1ccc(S(=O)(=O)N/N=C(/CCN2CCCC2)CC(c2ccccc2)c2c(O)oc3ccccc3c2=O)cc1,4.0
CC(C)(C)NC(=O)[C@@H]1CN(Cc2cccnc2)CCN1C[C@@H](O)C[C@@H](Cc1ccccc1)C(=O)N[C@H]1c2ccccc2C[C@H]1O.O,9.229147988357855
CC(C)(C)OC(=O)N[C@@H](Cc1ccccc1)[C@@H](O)/C=C(/Cc1ccccc1)C(=O)NC1c2ccccc2C[C@@H]1O,8.890084136976206
CCC(Cc1ccccc1)c1cc(O)c(C(c2cccc(NS(=O)(=O)c3cccc4cccnc34)c2)C2CC2)c(=O)o1,5.638272163982407
COP(=O)(C(Cc1ccccc1)NC(=O)C(F)(F)F)N1CCC[C@H]1C(N)=O,3.9884295564027217
O=C(N[C@H]1c2ccccc2OC[C@H]1O)[C@H](Cc1cccnc1)C[C@H](O)CN1CCN(Cc2ccn(-c3cccc(Cl)c3)c2)C[C@H]1C(=O)NCC(F)(F)F,10.30102999566398
CC[C@@H](C)[C@@H]1NC(=O)[C@@H](NC[C@@H](O)[C@H](Cc2ccccc2)NC(=O)[C@@H](NC(=O)c2ccc3ccccc3n2)C(C)C)Cc2ccc(cc2)OCCCNC1=O,7.022276394711152
COc1ccc(S(=O)(=O)N(CC(C)C)C[C@@H](O)[C@H](Cc2ccccc2)NC(=O)c2cc3ccc(OC)cc3oc2=O)cc1,7.330683119433888
CCCCCC/C=C\CCCCCCCc1cc(O)cc(O)c1,5.585026652029182
O=C(/C=C/c1ccccc1)Nc1cccc(C(c2c(O)oc3c(c2=O)CCCCCC3)C2CC2)c1,4.767003889607846
CC(C)[C@@H]1NC(=O)/C=C\CCCCCOc2ccc(cc2)C[C@@H]([C@H](O)CN2CC3CCCCC3C[C@H]2C(=O)NC(C)(C)C)NC1=O,7.602059991327962
CC[C@H](C)[C@H](NC(=O)[C@H](Cc1ccccc1)CC(O)CN1CCC[C@@H]1C(=O)N[C@H](C(=O)OC(C)(C)C)[C@@H](C)CC)C(=O)NCc1nc2ccccc2[nH]1,5.853871964321762
CC(C)(C)OC(=O)N[C@@H](Cc1ccccc1)[C@@H](O)C[C@@H](Cc1ccccc1)C(=O)N[C@@H]1CCCC[C@H]1O,6.913996294381618
CC(C)(C)OC(=O)N[C@@H](Cc1ccccc1)[C@@H](O)C[C@@H](Cc1ccccc1)C(=O)N[C@H]1C=CC[C@H]1O,8.020907099361674
Cc1cc(CN2CCN(C[C@@H](O)[C@H](Cc3ccccc3)NC(=O)O[C@@H]3CCS(=O)(=O)[C@@H]3C(C)C)[C@H](C(=O)NC(C)(C)C)C2)ccn1,8.853871964321762
COc1ccc(CN2C[C@H](O)[C@@](CCC(C)C)(c3ccc(S(C)(=O)=O)cc3O[C@@H](C)CO)C2=O)cc1,8.148741651280925
Cc1cccc(C[C@H](NC(=O)c2c(C)ccc(O)c2C)[C@H](O)C(=O)N2C[C@@H](Cl)C[C@H]2C(=O)NC(C)(C)C)c1,8.468521082957745
CC1(C)SCN(C(=O)[C@@H](O)C[C@@H](Cc2ccccc2)C(=O)N[C@H]2c3ccccc3OC[C@H]2O)[C@@H]1C(=O)NCc1c(F)cccc1F,9.619788758288394
CC(C)(C)c1ccccc1SC1=C(O)OC(c2ccccc2)(c2ccccc2)CC1=O,7.309803919971486
CC(C)(C)NC(=O)[C@@H]1C[C@@H]2CCCC[C@@H]2CN1C[C@@H](O)[C@H](Cc1ccccc1)NC(=O)C1=CCCS(=O)(=O)C1,7.262012673666569
CC1(C)CC2(CC(C)(C)c3cc(O)c(O)cc32)c2cc(O)c(O)cc21,5.301029995663981
CCC(C)[C@@H]1NC(=O)[C@@H](NC[C@@H](O)C[C@@H](Cc2ccccc2)C(=O)N[C@H]2c3ccccc3C[C@H]2O)Cc2ccc(cc2)OCCCCCNC1=O,7.0
CC(C)(C)OC(=O)N[C@@H](Cc1ccccc1)[C@@H](O)C[C@@H](Cc1ccccc1)C(=O)N[C@H]1c2ccccc2C[C@H]1O,9.522878745280336
CCC[C@]1(CCc2ccccc2)CC(=O)C([C@H](CC)c2cccc(NS(=O)(=O)c3ccc(C(F)(F)F)cn3)c2)=C(O)O1,6.853871964321762
CCC(C)C(CO)NC(=O)[C@@H]1N[C@@H]([C@H](NC(=O)Cc2ccccc2)C(=O)NCc2ccccc2)SC1(C)C.CO,6.267606240177032
CC[C@H](C)[C@H](NC(=O)[C@@H]1CCCN1C[C@H](O)[C@H](Cc1ccccc1)NC(=O)[C@H](CC(N)=O)NC(=O)OCc1ccccc1)C(=O)N[C@H](C(=O)OC)C(C)C,7.886056647693163
CC(C)c1ccccc1Sc1c(O)cc(-c2ccccc2)oc1=O,6.154901959985743
Cc1ccc(C(C)(C)C)c(SC2=C(O)OC(CCc3ccccc3)(c3ccccc3)CC2=O)c1,8.0
Cc1cc(SC2=C(O)OC(C)(CCc3ccc(O)cc3)CC2=O)c(C(C)(C)C)cc1N,7.886056647693163
C[C@H](C[C@H](O)[C@H](Cc1ccccc1)NC(=O)OC(C)(C)C)C(=O)N[C@H]1c2ccccc2C[C@H]1O,7.202732459169283
CC(C)(C)OC(=O)N[C@@H](Cc1ccccc1)[C@@H](O)C[C@@H](Cc1ccccc1)C(=O)NCc1ccccc1,6.954677021213342
O=C(N[C@H]1c2ccccc2OC[C@H]1O)[C@H](Cc1ccccc1)C[C@H](O)CN1CCN(Cc2ncc(-c3ccncc3)o2)C[C@H]1C(=O)NCC(F)(F)F,10.0
CC(C)[C@H](NC(=O)N(C)Cc1cscn1)C(=O)N[C@@H](Cc1ccccc1)[C@@H](O)[C@H](O)[C@H](Cc1ccccc1)NC(=O)[C@H](NC(=O)N(C)Cc1cscn1)C(C)C,9.0
CC(C)C[C@H](NC(=O)[C@@H](NC(=O)CCCCCCCCCCCCCCC(=O)N[C@@H](CC(N)=O)C(=O)N[C@@H](Cc1ccccc1)C(=O)O)[C@@H](C)O)C(=O)NCCc1ccc(Oc2ccc(O)cc2)cc1,7.017728766960431
CC[C@H](C)[C@H](NC(=O)C[C@H](O)[C@H](CC1CCCCC1)NC(=O)CC1C=CCN2C(=O)CCC(CNCc3ccccc3)C(=O)N12)C(=O)N[C@@H](Cc1ccccc1)C(=O)O,3.4436974992327127
CCC[C@]1(CCc2ccccc2)CC(=O)C([C@@H](CC)c2cccc(NS(=O)(=O)c3cn(C)cn3)c2)=C(O)O1,6.886056647693163
CC(C)(C)OC(=O)NC(CC(N)=O)C(=O)N[C@@H](Cc1ccccc1)C(O)CN[C@@H](Cc1ccccc1)C(=O)NC1c2ccccc2C[C@H]1O,6.530177984021837
Cn1cnc(S(=O)(=O)Nc2cccc(C(c3c(O)cc(C(CC4CC4)CC4CC4)oc3=O)C3CC3)c2)c1,5.920818753952375
O=C(N[C@@H](Cc1ccccc1)[C@H](O)CNC[C@@H](O)[C@H](Cc1ccccc1)NC(=O)OCc1ccccc1)OCc1ccccc1,5.468521082957745
CC(C)(C)OC(=O)N[C@@H](Cc1ccccc1)[C@@H](O)C[C@@H](Cc1ccc(I)cc1)C(=O)N[C@H]1c2ccccc2C[C@H]1O,9.142667503568733
CC(C)[C@H](NC(=O)[C@H](Cc1ccccc1)C[C@H](O)[C@H](Cc1ccccc1)NC(=O)OC(C)(C)C)C(=O)NCCCN1CCOCC1,8.537602002101044
CC(C)(C)NC(=O)[C@@H]1C[C@@H]2CCCC[C@@H]2CN1C[C@@H](O)[C@@H](NC(=O)[C@H](CC(N)=O)NC(=O)c1ccc2ccccc2n1)c1cccs1,5.301029995663981
CCC[C@@]1(CCc2ccccc2)CC(=O)C([C@@H](CC)c2cccc(NS(=O)(=O)c3cn(C)cn3)c2)=C(O)O1,6.0
CCC(C)c1cc(CN2CCN(C[C@@H](O)[C@H](Cc3ccccc3)NC(=O)O[C@@H]3CCS(=O)(=O)[C@@H]3C(C)C)[C@H](C(=O)NC(C)(C)C)C2)ccn1,8.920818753952375
CC1(C)S[C@H]([C@H](NC(=O)Cc2ccccc2)C(=O)OCc2ccccc2)N[C@H]1C(=O)NCCNC(=O)[C@@H]1N[C@@H]([C@H](NC(=O)Cc2ccccc2)C(=O)OCc2ccccc2)SC1(C)C,7.1249387366083
O=c1cc(-c2ccccc2)oc(O)c1Sc1ccccc1,5.522878745280337
CC(C)CC(NC(=O)[C@H](Cc1ccccc1)C[C@H](O)[C@H](Cc1ccccc1)NC(=O)OC(C)(C)C)C(=O)NCc1ccccc1,8.853871964321762
CC(C)CCN(C[C@@H](O)[C@H](Cc1ccccc1)NC(=O)[C@H](CC(N)=O)NC(=O)c1ccc2ccccc2n1)S(=O)(=O)c1ccccc1,8.823908740944319
CCc1ccc(CCN2CCN(C[C@@H](O)[C@H](Cc3ccccc3)NC(=O)O[C@@H]3CCS(=O)(=O)[C@@H]3C(C)C)[C@H](C(=O)NC(C)(C)C)C2)s1,9.119186407719209
CC(C)C[C@H](NC(=O)[C@H](Cc1ccccc1)CP(=O)(O)[C@H](Cc1ccccc1)NC(=O)OC(C)(C)C)C(=O)N[C@@H](Cc1ccccc1)C(N)=O,8.045757490560675
CC(C)[C@H](NC(=O)OCc1ccccc1)C(=O)N[C@@H](Cc1ccccc1)C(O)[C@H](Cc1ccccc1)NC(=O)[C@@H](NC(=O)OCc1ccccc1)C(C)C,8.522878745280337
Cc1ccnc2c1NC(=O)c1cccnc1N2C1CC1,4.94692155651658
CC1=C(C(COC(=O)c2ccc(N(C)C)cc2)OC(=O)c2ccc(N(C)C)cc2)c2cc3nc(cc4[nH]c(cc5[nH]c(cc1n2)c(C)c5CCC(=O)O)c(CCC(=O)O)c4C)C(C(COC(=O)c1ccc(N(C)C)cc1)OC(=O)c1ccc(N(C)C)cc1)=C3C,4.1249387366083
Nc1ccc(S(=O)(=O)N(C[C@@H](O)[C@H](Cc2ccccc2)NC(=O)O[C@H]2CO[C@H]3OCC[C@H]32)OC2CCCC2)cc1,6.619788758288394
CC(C)[C@H]1SCC[C@H]1OC(=O)N[C@@H](Cc1ccccc1)[C@H](O)CN1C[C@H]2CCS[C@H]2C[C@H]1C(=O)NC(C)(C)C,9.585026652029182
CCCCNC(=O)C1(C)OC(O)=C(CCc2ccccc2)C1=O,4.0
CC(C)CCN(C[C@@H](O)[C@@H]1Cc2ccc(cc2)OCCCCCC(=O)N[C@@H](C(C)C)C(=O)N1)S(=O)(=O)c1ccc(N)cc1,7.045757490560675
CC(C)CN(C[C@H](O)[C@H](Cc1ccccc1)NC(=O)[C@H](CC(N)=O)NC(=O)c1ccc2ccccc2n1)NC(=O)C(NC(=O)OCc1ccccc1)C(C)C,7.431798275933005
CC(C)(C)OC(=O)N[C@@H](Cc1ccccc1)[C@@H](O)C[C@@H](Cc1ccc(O)cc1)C(=O)N[C@H]1c2ccccc2C[C@H]1O,9.795880017344077
CC(C)(C)OC(=O)N[C@@H](Cc1ccccc1)[C@@H](O)CN[C@H](Cc1ccccc1)C(=O)N[C@H]1c2ccccc2C[C@H]1O,4.6307841425898575
CC1(C)S[C@@H]2[C@H](NC(=O)Cc3ccccc3)C(=O)N2[C@H]1C(=O)NCCNC(=O)[C@@H]1N2C(=O)[C@@H](NC(=O)Cc3ccccc3)[C@H]2SC1(C)C,4.154901959985743
OC(C(COCc1ccccc1)OCc1ccc(F)cc1)C(O)C(COCc1ccccc1)OCc1ccc(F)cc1,6.154901959985743
Cc1cc(SC2=C(O)OC(CCc3csc(N)n3)(C(C)C)CC2=O)c(C(C)(C)C)cc1CO,9.022276394711152
CC(C)(C)NC(=O)[C@@H]1CN(Cc2cccc(O)c2)CCN1C[C@@H](O)[C@H](Cc1ccccc1)NC(=O)O[C@H]1CCOC1,6.31695296176115
CC(C)(C)NC(=O)[C@@H]1CC2CCCCC2CN1C[C@H](O)[C@H](Cc1ccccc1)NC(=O)[C@H](CC(N)=O)NC(=O)c1ccc2ccccc2n1,7.0
CCCN(CCc1csc(C(C)C)n1)C(=O)NC(C)C(=O)N[C@@H](Cc1ccccc1)C[C@H](O)[C@H](Cc1ccccc1)NC(=O)OCc1cncs1,8.387216143280265
CSc1ccc(S(=O)(=O)N(CC(C)C)C[C@@H](O)[C@H](Cc2ccccc2)NC(=O)Cc2cccc(O)c2)cc1,8.661543506395395
COc1ccc(S(=O)(=O)N(C[C@@H](O)[C@H](Cc2ccccc2)NC(=O)/C=C/c2ccc(O)c(O)c2)C(C)C)cc1,7.267928059000133
CC(C)(C)OC(=O)N[C@@H](Cc1ccccc1)[C@@H](O)CC(Cc1ccc(OCC(=O)O)cc1)C(=O)NC1c2ccccc2C[C@H]1O,10.397940008672036
Cc1c(O)cccc1C(=O)N[C@@H](Cc1ccccc1)[C@H](O)CN1C[C@H]2CCS[C@H]2C[C@H]1C(=O)NC(C)(C)C,9.30102999566398
CCCC1(CCc2ccccc2)CC(=O)C(C(CC)c2cccc(NS(=O)(=O)c3cn(C)cn3)c2)=C(O)O1,6.301029995663981
C[C@H](NC(=O)[C@H](Cc1ccccc1)C[C@H](O)[C@H](Cc1ccccc1)NC(=O)OC(C)(C)C)C(N)=O,8.154901959985743
CCOC(=O)C(c1c(O)c2ccccc2oc1=O)c1c(O)c2ccccc2oc1=O,4.0
COc1ccc(S(=O)(=O)N(C[C@@H](O)[C@H](Cc2ccccc2)NC(=O)CCc2ccc(O)c(O)c2)C(C)C)cc1,8.832682665251824
CC(C)(C)NC(=O)[C@@H]1C[C@@H]2CCCC[C@@H]2CN1C[C@@H](O)[C@H](Cc1ccccc1)NC(=O)C1CO[C@H]2CCS(=O)(=O)[C@H]2C1,7.920818753952375
COc1cncc(-c2cnc(C(C)(C)N3CCN(C[C@@H](O)C[C@@H](Cc4nnc(-c5ccccc5)o4)C(=O)N[C@H]4CCOC[C@H]4O)[C@H](C(=O)NCC(F)(F)F)C3)o2)c1,9.318758762624412
COc1ccc(S(=O)(=O)N(CC(C)C)C[C@@H](O)[C@H](Cc2ccccc2)NCc2cc(=O)oc3cc(O)ccc23)cc1,10.275724130399212
CC(C)(C)NC(=O)[C@@H]1C[C@@H]2CCCC[C@@H]2CN1C[C@@H](O)[C@H](CSc1ccc2ccccc2c1)NC(=O)[C@H](CC(N)=O)NC(=O)c1ccc2ccccc2n1,9.602059991327964
CC(C)(C)NC(=O)[C@@H]1C[C@@H]2CCCC[C@@H]2CN1C[C@@H](O)[C@H](Cc1ccccc1)NC(=O)[C@H](CC(N)=O)NC(=O)c1ccc2ccccc2n1,9.638272163982409
Nc1ccc(S(=O)(=O)N(C[C@@H](O)[C@H](Cc2ccccc2)NC(=O)O[C@H]2CO[C@H]3OCC[C@H]32)OC2CCCCC2)cc1,8.096910013008056
CC1(C)S[C@H]([C@H](NC(=O)Cc2ccccc2)C(=O)NCc2ccccc2)NC1C(=O)NCC(O)CNC(=O)[C@@H]1N[C@@H]([C@H](NC(=O)Cc2ccccc2)C(=O)NCc2ccccc2)SC1(C)C,8.301029995663981
Cc1cc(SC2=C(O)OC(CCc3ccncc3)(C(C)C)CC2=O)c(C(C)(C)C)cc1CO,8.823908740944319
CC1(C(=O)NC2CC2)OC(O)=C(CCc2ccccc2)C1=O,3.5316526695878427
CC(C)c1ccccc1SC1=C(O)OC(CCCCC(=O)NCc2ccccc2)(c2ccccc2)CC1=O,7.585026652029182
CC(C)[C@H](NC(=O)/C=C/c1ccccn1)C(=O)N[C@@H](Cc1ccccc1)[C@@H](O)[C@@H](O)[C@H](Cc1ccccc1)NC(=O)[C@H](NC(=O)/C=C/c1ccccn1)C(C)C,9.0
CCC(CC)NC(=O)C[C@@H](C(=O)NC[C@@H](O)[C@H](Cc1ccccc1)NC(=O)[C@H](CC(N)=O)NC(=O)OCc1ccccc1)C(C)(C)C,8.42021640338319
CCC[C@]1(CCc2ccccc2)OC(=O)C([C@H](CC)c2cccc(NS(=O)(=O)c3ccc(C(F)(F)F)cn3)c2)=C(O)O1,7.301029995663981
CC(C)(C)NC(=O)C1N(C[C@@H](O)CNC(=O)[C@@H]2N[C@@H](C(NC(=O)Cc3ccccc3)C(=O)NCc3ccccc3)SC2(C)C)C(C)(C)SC1(C)C,6.721246399047171
COc1ccc2c(O)c(C(c3cccc(NS(=O)(=O)c4ccc(F)cc4)c3)C3CC3)c(=O)oc2c1,5.0
CCN1CCN(C[C@@H](O)C[C@@H](Cc2ccccc2)C(=O)NC2c3ccccc3C[C@H]2O)[C@H](C(=O)NC(C)(C)C)C1,8.214670164989233
C=CCN(CC(=O)N[C@H](C(=O)N[C@H](C(=O)OC)C(C)C)[C@@H](C)CC)C(=O)[C@@H](N)Cc1ccccc1,7.0
CCNC(=O)C(NC(=O)Cc1ccccc1)[C@@H]1N[C@@H](C(=O)NCC(O)CN[C@@H](CC2CCCCC2)C(=O)NC(C)(C)C)C(C)(C)S1,6.0
COc1ccc(S(=O)(=O)N(CC(C)C)C[C@@H](O)[C@H](Cc2ccccc2)NC(=O)[C@@H]2COCCN2)cc1,9.4089353929735
CC(C)CCN(CC(O)[C@H](Cc1ccccc1)NC(=O)[C@H](CC(N)=O)NC(=O)OCc1ccccc1)C(=O)NC(C)(C)C,7.886056647693163
CC(=O)N[C@@H](CSCc1ccccc1)C(=O)N[C@@H](Cc1ccccc1)[C@H](O)Cc1ccccc1C(=O)NC(C)(C)C,7.346787486224656
CC(C)c1ccccc1Sc1c(O)cc(-c2ccc([N+](=O)[O-])cc2)oc1=O,6.718966632752273
COC(=O)N[C@H](C(=O)NCCCC[C@H](CO)N(CC(C)C)S(=O)(=O)c1ccc(N)cc1)C(c1ccccc1)c1ccccc1,7.602059991327962
CC(C)[C@H](NC(=O)N1CCN(Cc2ccccc2)CC1)C(=O)N[C@@H](Cc1ccccc1)[C@H](O)[C@H](O)[C@H](Cc1ccccc1)NC(=O)[C@H](NC(=O)N1CCN(Cc2ccccc2)CC1)C(C)C,8.045757490560675
CC(C)(C)c1ccccc1Sc1c(O)cc(-c2ccccc2)oc1=O,7.769551078621726
Cc1cc(SC2=C(O)OC(CCc3ccc(O)cc3)(C(C)C)CC2=O)c(C(C)(C)C)cc1OS(=O)(=O)c1ccccc1,7.982966660701219
CC[C@H](C)[C@H](NC(=O)[C@@H]1CCCN1C[C@H](O)[C@H](Cc1ccccc1)NC(=O)[C@H](CC(N)=O)NC(=O)OCc1ccccc1)C(=O)N[C@H](C(=O)OC)C(C)C,7.886056647693163
CC(C)CN(C[C@@H](O)[C@H](Cc1ccccc1)NC(=O)Cc1cc(=O)oc2cc(N(C)C)ccc12)S(=O)(=O)c1ccc(N)cc1,7.124360062995832
CC(C)(C)OC(=O)N[C@H]1CCCC[C@@H]1NC(=O)[C@H](Cc1ccccc1)CC(O)C[C@@H](Cc1ccccc1)C(=O)N[C@H]1CCCC[C@@H]1NC(=O)OC(C)(C)C,5.0
Cc1nc(S(=O)(=O)N2CCN(C[C@@H](O)C[C@@H](Cc3ccccc3)C(=O)NC3c4ccccc4C[C@H]3O)[C@H](C(=O)NC(C)(C)C)C2)c(C)s1,9.795880017344077
CC(C)(C)OC(=O)[C@@H]1CCCN1C[C@H](O)[C@H](Cc1ccccc1)NC(=O)[C@H](CC(N)=O)NC(=O)OCc1ccccc1,7.292429823902063
CC(C)(C)NC(=O)[C@@H]1C[C@@H]2CCCC[C@@H]2CN1C[C@@H](O)[C@H](Cc1ccccc1)NC(=O)[C@H](CC(N)=O)NC(=O)c1ccc2ccccc2n1,9.69897000433602
CC(C)(C)OC(=O)N[C@@H](Cc1ccccc1)[C@H](O)[C@H](O)[C@H](Cc1ccccc1)NC(=O)OC(C)(C)C,7.920818753952375
O=c1cc(-c2ccccc2)oc(O)c1Sc1ccccc1,5.508638306165727
CC(C)(C)NC(=O)[C@@H]1CN(Cc2cc3cc(F)ccc3o2)CCN1C[C@@H](O)C[C@@H](Cc1ccccc1)C(=O)NC1c2ccccc2C[C@H]1O,7.337242168318426
CC(C)CN(C[C@@H](O)[C@H](Cc1ccccc1)NC(=O)[C@H]1CCNC1)S(=O)(=O)c1ccc(O)cc1,6.292429823902063
CC(C)(C)NC(=O)[C@@H]1C[C@H](Cl)CN1C(=O)[C@@H](O)[C@H](Cc1ccccc1)NC(=O)c1ccccc1Br,7.920818753952375
Cc1ccc(C)c(N2CCN(Cc3cn([C@@H](Cc4ccccc4)[C@H](Cc4ccccc4)NC(=O)OC4CCCC4)nn3)CC2)c1,4.6020599913279625
CC(C)(C)OC(=O)N[C@@H](Cc1ccccc1)[C@@H](O)C[C@@H](Cc1ccccc1)C(=O)NC1c2ccccc2C(O)[C@@H]1O,10.0
CC[C@H](C)[C@H](NC(=O)[C@@H]1CCCN1C[C@H](O)[C@H](Cc1ccccc1)NC(=O)[C@H](CC(N)=O)NC(=O)OCc1ccccc1)C(=O)N[C@H](C(=O)OC)C(C)C,7.886056647693163
CCNC(=O)[C@@H](NC(=O)c1c(-c2ccccc2)noc1C)[C@@H]1N[C@@H](C(=O)NCCNC(=O)[C@@H]2N[C@@H]([C@H](NC(=O)c3c(-c4ccccc4)noc3C)C(=O)NCC)SC2(C)C)C(C)(C)S1,8.267606240177031
CC(C)(C)NC(=O)[C@@H]1C[C@@H]2CCCC[C@@H]2CN1C[C@@H](O)[C@H](Cc1ccccc1)NC(=O)[C@H](CC(N)=O)NC(=O)c1ccc2ccccc2n1,9.397940008672036
CC(C)(C)NC(=O)[C@@H]1CCCCN1C[C@@H](O)[C@H](Cc1ccccc1)NC(=O)[C@H](CC(N)=O)NC(=O)c1ccc2ccccc2n1,6.328003797349959
Cc1cc(SC2=C(O)OC(CCc3ccc(N)cc3)(C(C)C)CC2=O)c(C(C)(C)C)cc1OS(=O)(=O)c1cccnc1,8.387216143280265
Cc1cc(SC2=C(O)OC(CCc3ccc(N)cc3)(C(C)C)CC2=O)c(C(C)(C)C)cc1OS(=O)(=O)c1ccc(C#N)cc1,8.886056647693163
O=C(N[C@H]1c2ccccc2C[C@H]1O)[C@H](Cc1ccccc1)C[C@H](O)Cc1ccccc1,5.920818753952375
CC(C)[C@H](NC(=O)OCc1ccccc1)C(=O)N[C@@H](Cc1ccccc1)[C@H](O)C(=O)N1CCC[C@H]1C(=O)NC(C)(C)C,8.366531544420413
O=C(OC1COc2cc(O)ccc2C1)c1ccc(O)c(O)c1O,4.510885630621081
COc1ccc(S(=O)(=O)N(CC(C)C)C[C@@H](O)[C@H](Cc2ccccc2)NC(=O)c2cc(O)ccc2C)cc1,7.397940008672037
Cc1cc(SC2=C(O)OC(C)(CCc3ccc(O)cc3)CC2=O)c(C(C)(C)C)cc1OS(=O)(=O)N(C)C,8.795880017344075
CC(C)(C)NC(=O)[C@@H]1CN(Cc2cccnc2)CCN1C[C@@H](O)C[C@@H](Cc1ccccc1)C(=O)N[C@H]1c2ccccc2C[C@H]1O.O,7.213248577854439
CC(C)(C)NC(=O)[C@@H]1CN(Cc2cccnc2)CCN1C[C@@H](O)C[C@@H](Cc1ccccc1)C(=O)N[C@H]1c2ccccc2C[C@H]1O.O,6.431798275933005
C=CC(C1=C(O)OC2(CCCCC2Cc2ccccc2)CC1=O)c1ccccc1,6.0
CC(C)[C@H](NC(=O)OCc1ccccc1)C(=O)N[C@@H](Cc1ccccc1)[C@H](O)[C@@H](O)[C@H](Cc1ccccc1)NC(=O)[C@H](NC(=O)OCc1ccccc1)C(C)C,9.42021640338319
CC(C)(C)OC(=O)N[C@@H](Cc1ccccc1)[C@@H](O)C[C@@H](CC(=O)c1ccccc1)C(=O)N[C@H]1c2ccccc2C[C@H]1O,8.270025714300445
CC(C)(C)OC(=O)N[C@@H](Cc1ccccc1)[C@@H](O)C[C@@H](Cc1ccc(C(F)(F)F)cc1)C(=O)N[C@H]1c2ccccc2C[C@H]1O,9.585026652029182
Cc1noc(C)c1CNC(=O)[C@H]1N(C(=O)[C@@H](O)C[C@@H](Cc2ccccc2)C(=O)N[C@H]2c3ccccc3OC[C@H]2O)CSC1(C)C,10.154901959985745
CC(C)C[C@@H]1NC(=O)[C@H](C(C)C)NC(=O)[C@@H]2CCCN2C(=O)[C@H](C(C)C)NC(=O)[C@H](Cc2ccccc2)NC(=O)CSCCNC(=O)[C@H](Cc2ccccc2)N(C)C(=O)[C@H](CC(C)C)NC(=O)[C@H](Cc2cn(C)c3ccccc23)NC1=O,8.104577453960593
CC(C)(C)NC(=O)[C@@H]1C[C@@H]2SCC[C@@H]2CN1C[C@@H](O)[C@H](CSc1ccccc1)NC(=O)O[C@H]1CCS(=O)(=O)C1,8.769551078621726
CC(C)(C)[C@H](NC(=O)OCc1ccccc1)C(=O)NC(Cc1ccccc1)C(=O)C(F)(F)C(=O)NCc1ccccc1,7.568636235841013
CC(C)(C)OC(=O)[C@@H]1CCCN1C[C@@H](O)[C@H](Cc1ccccc1)NC(=O)OCc1ccccc1,5.187086643357144
CC(C)(C)NC(=O)[C@@H]1CN(Cc2cccnc2)CCN1C[C@@H](O)C[C@@H](Cc1ccccc1)C(=O)N[C@H]1c2ccccc2C[C@H]1O.O,9.2518119729938
CC(=O)N[C@@H](Cc1ccccc1)C(=O)N[C@H](C(=O)N[C@@H](Cc1ccccc1)[C@@H](O)C(=O)N[C@H]1Cc2ccc(cc2)OCCCNC(=O)[C@H](C(C)C)NC1=O)C(C)C,7.102372908709558
Cc1ccc(O)c(C)c1C(=O)N[C@@H](Cc1cccc(C(F)(F)F)c1)[C@H](O)C(=O)N1C[C@@H](Cl)C[C@H]1C(=O)NC(C)(C)C,8.337242168318426
CC(C)(C)c1oc2ccccc2c1SC1=C(O)OC(CCc2ccccc2)(c2ccccc2)CC1=O,7.744727494896693
CC(C)(C)OC(=O)N[C@@H](Cc1ccccc1)[C@@H](O)C[C@@H](CCCc1ccccc1)C(=O)NC1c2ccccc2C(O)[C@@H]1O,9.72010501998836
Cc1cc(SC2=C(O)OC(CCc3ccccc3)(C(C)C)CC2=O)c(C(C)(C)C)cc1N,8.443697499232712
CC1(C)S[C@H]([C@H](NC(=O)Cc2ccccc2)C(=O)NCc2ccccc2)N[C@H]1C(=O)NC[C@H](O)[C@@H](O)CNC(=O)[C@@H]1N[C@@H]([C@H](NC(=O)Cc2ccccc2)C(=O)NCc2ccccc2)SC1(C)C,7.443697499232712
CC(C)(C)NC(=O)C1CC2CCCCC2CN1C[C@H](O)[C@H](Cc1ccccc1)NC(=O)[C@H](CC(N)=O)NC(=O)OCc1ccccc1,7.0
CC(C)(C)OC(=O)N[C@@H](Cc1ccccc1)[C@@H](O)C[C@@H](Cc1ccc(F)cc1)C(=O)N[C@H]1c2ccccc2C[C@H]1O,9.356547323513812
CC(C)(C)[C@@H](CC(=O)Nc1ccccc1)C(=O)NC[C@@H](O)[C@H](Cc1ccccc1)NC(=O)OCc1ccccc1,7.853871964321762
Cc1cccc(C)c1CNC(=O)[C@H]1N(C(=O)[C@@H](O)C[C@@H](Cc2ccccc2)C(=O)N[C@H]2c3ccccc3C[C@H]2O)CSC1(C)C,10.397940008672036
O=C(N[C@H]1c2ccccc2OC[C@H]1O)[C@H](Cc1ccccc1)C[C@H](O)CN1CCN(Cc2ccc(-c3ccncc3)o2)C[C@H]1C(=O)NCC(F)(F)F,10.096910013008056
CC(C)(C)NC(=O)[C@@H]1CN(Cc2ccccc2)CCN1C[C@@H](O)C[C@@H](Cc1ccccc1)C(=O)NC1c2ccccc2C[C@H]1O,9.522878745280336
CC(C)[C@H](NC(=O)OCc1ccccc1)C(=O)N[C@@H](Cc1ccccc1)[C@@H](O)[C@H](O)[C@H](Cc1ccccc1)NC(=O)[C@H](NC(=O)OCc1ccccc1)C(C)C,9.0
OC1=C(C(c2ccccc2)C2CC2)COC2=C1CCCCCCC2,4.24184537803261
OC1(c2ccc(Cl)cc2)CCN(CC#CC2(c3ccccc3)CO2)CC1,3.823908740944319
CC(C)(C)NC(=O)c1ccccc1OC[C@H](O)[C@H](Cc1ccccc1)NC(=O)[C@H](CC(N)=O)NC(=O)c1cnc2ccccc2n1,7.0
COC(=O)[C@H](CC(C)C)NC(=O)[C@H](CC(C)C)NC(=O)CNC(=O)CCCOc1cccc(OCCCC(=O)NCC(=O)N[C@@H](CC(C)C)C(=O)N[C@@H](CC(C)C)C(=O)OC)n1,4.795880017344075
Cc1ccc(S(=O)(=O)[C@H](C)NC(=O)N[C@H](C(=O)N[C@@H](Cc2ccccc2)[C@@H](O)C(=O)N[C@H]2Cc3ccc(cc3)OCCCNC(=O)[C@H](C(C)C)NC2=O)C(C)C)cc1,7.886056647693163
Cc1ccc(C(=O)N[C@@H](Cc2ccc3ccccc3c2)[C@H](O)C(=O)N2C[C@@H](Cl)C[C@H]2C(=O)NC(C)(C)C)c(C)c1O,8.494850021680094
COc1ccc(S(=O)(=O)N(CC(C)C)C[C@@H](O)[C@H](Cc2ccccc2)NC(=O)Cc2cc(=O)oc3cc(OC)ccc23)cc1,7.809668301829708
CC(C)(C)OC(=O)N[C@@H](Cc1ccccc1)[C@H](O)CN[C@@H](Cc1ccccc1)C(=O)N[C@H]1c2ccccc2C[C@H]1O,6.639993867770902
CC(C)(C)OC(=O)N[C@@H](Cc1ccccc1)[C@@H](O)CC(=O)N[C@H]1c2ccccc2C[C@H]1O,6.2500010234416505
CCC(CC)NC(=O)C[C@@H](C(=O)NC[C@@H](O)[C@H](Cc1ccccc1)NC(=O)[C@@H](NC(=O)OCc1ccccc1)[C@H](C)O)C(C)(C)C,8.086186147616283
CC(C)(C)NC(=O)[C@@H]1CCCCN1C[C@@H](O)C[C@@H](Cc1ccccc1)C(=O)NC1c2ccccc2C[C@H]1O,7.096910013008056
CC(C)[C@H](NC(=O)[C@H](C)NC(=O)OCc1ccccc1)C(=O)N[C@@H](Cc1ccccc1)[C@@H](O)[C@H](O)[C@H](Cc1ccccc1)NC(=O)[C@H](N[C@@H](C)C(=O)OCc1ccccc1)C(C)C,7.795880017344075
CC(C)CNC(=O)C[C@H](O)[C@@H](Cc1ccccc1)NC(=O)[C@@H]1N[C@@H]([C@H](NC(=O)Cc2ccccc2)C(=O)NCc2ccccc2)SC1(C)C,5.552841968657781
CC1(C)S[C@H]([C@H](NC(=O)Cc2ccccc2)C(=O)NCc2ccccc2)N[C@H]1C(=O)N[C@H](Cc1ccccc1)[C@H](O)CC(=O)N[C@H](CO)c1ccccc1,6.769551078621726
COC(=O)c1c(Br)c(OC)c2c(c1-c1c3c(c(OC)c(Br)c1C(=O)OC)OCO3)OCO2,4.958607314841775
CC(C)(C)NC(=O)[C@@H]1CN(C(=O)c2ccncc2)CCN1C[C@@H](O)[C@H](Cc1ccccc1)NC(=O)O[C@H]1CCOC1,6.87942606879415
CCC(C)[C@@H]1NC(=O)[C@@H](NC[C@@H](O)C[C@@H](Cc2ccccc2)C(=O)N[C@H]2c3ccccc3C[C@H]2O)Cc2ccc(cc2)OCCCCCNC1=O,7.221848749616356
CC(C)(C)NC(=O)[C@@H]1CN(Cc2cccnc2)CCN1C[C@@H](O)C[C@@H](Cc1ccccc1)C(=O)N[C@H]1c2ccccc2C[C@H]1O.O,9.221848749616356
C[C@H]1C[C@@H](OC(=O)N[C@@H](Cc2ccccc2)[C@H](O)CN2C[C@H]3CCCC[C@H]3C[C@H]2C(=O)NC(C)(C)C)CS1(=O)=O,5.795880017344075
CC[C@H](C)[C@H](NC(=O)[C@@H](N)CO)C(=O)N[C@@H](C)C(=O)N[C@@H](CCC(=O)O)C(=O)NC12NC(=O)C3(O)C4C5CC(C6C5C3C61)C42,7.107905397309519
CC(C)(C)NC(=O)[C@@H]1C[C@@H]2CCCC[C@@H]2CN1C[C@@H](O)[C@H](Cc1ccccc1)NC(=O)[C@@H](CSc1ccc2ccccc2c1)NS(C)(=O)=O,8.292429823902063
CC(C)[C@@H]1[C@H](OC(=O)N[C@@H](Cc2ccccc2)[C@H](O)CN2CCN(CCc3ccsc3)C[C@H]2C(=O)NC(C)(C)C)CCS1(=O)=O,8.795880017344075
COc1cc(CN2C(=O)N(Cc3ccc(O)c(OC)c3)N(C(=O)CN3CCNCC3)C[C@@H](O)[C@H]2Cc2ccccc2)ccc1O,8.214670164989233
CC(C)(C)OC(=O)N[C@@H](Cc1ccccc1)[C@H](O)CNC[C@@H](O)[C@H](Cc1ccccc1)NC(=O)[C@](C)(O)c1ccccc1,5.187086643357144
CC(C)C[C@@H]1NC(=O)[C@](C)(C(C)C)NC(=O)[C@@H]2CCCN2C(=O)[C@H](C(C)C)NC(=O)[C@H](Cc2ccccc2)NC(=O)CSCCNC(=O)[C@H](Cc2ccccc2)N(C)C(=O)[C@H](CC(C)C)NC(=O)[C@H](Cc2cccc3ccccc23)NC1=O,9.356547323513812
CC(C)(C)NC(=O)c1ccccc1C[C@@H](O)[C@H](Cc1ccccc1)NC(=O)[C@H](CS(=O)(=O)c1ccc(Cl)cc1)NS(C)(=O)=O,9.468521082957745
O=C(CN1CCOCC1)N[C@@H](Cc1ccccc1)[C@H](O)CN(C1CC1)S(=O)(=O)c1ccc(C(F)(F)F)cc1,6.3979400086720375
CO[C@@H]1OC(CNC(=O)OCc2ccccc2)[C@@H](O)C(OCc2ccccc2)[C@H]1O,5.33161408331
O=S1(=O)N(Cc2ccccc2)[C@H](COc2ccccc2)[C@H](O)[C@@H](O)[C@@H](COc2ccccc2)N1Cc1ccccc1,6.698970004336019
COC(=O)[C@H](Cc1ccccc1)NC(=O)[C@@H](NC(=O)[C@H](Cc1ccccc1)CC(O)C[C@@H](Cc1ccccc1)C(=O)N[C@H](C(=O)N[C@@H](Cc1ccccc1)C(=O)OC)C(C)C)C(C)C,8.0
COC(=O)N[C@H](CCc1ccccc1)C(=O)NCCCC[C@@H](CO)N(CC(C)C)S(=O)(=O)c1ccc(N)cc1,7.397940008672037
CC(C)(C)NC(=O)[C@@H]1C[C@@H]2CCCC[C@@H]2CN1C[C@@H](O)[C@H](Cc1ccccc1)NC(=O)OC(C)(C)C,5.522878745280337
CC(C)CCCC1(c2ccccc2)CC(=O)C(SCCc2ccccc2)=C(O)O1,6.809668301829708
O=C(N[C@H]1c2ccccc2OC[C@H]1O)[C@H](Cc1ccncc1)C[C@H](O)CN1CCN(CC2=CC3C=CSC3S2)C[C@H]1C(=O)NCC(F)(F)F,7.698970004336019
Cc1ccccc1-c1cc(O)c(Sc2ccccc2C(C)C)c(=O)o1,5.871277715661574
CC(C)(C)NC(=O)[C@H](CC1CCCCC1)N1CCC(O)([C@H](Cc2ccccc2)NC(=O)OC(C)(C)C)CC1,4.0
CC(C)(C)NC(=O)C1(C)OC(O)=C(CCc2ccccc2)C1=O,4.154901959985743
CC(C)[C@H](NC(=O)OCc1ccccc1)C(=O)N[C@@H](Cc1ccccc1)[C@@H](O)CN(Cc1ccc(C#N)cc1)NC(=O)[C@@H](NC(=O)OCc1ccccc1)C(C)C,7.619788758288394
CC1(C)S[C@H]([C@H](NC(=O)Cc2ccccc2)C(=O)NCc2ccccc2)N[C@H]1C(=O)N[C@H](CO)Cc1ccccc1,3.769551078621726
CC(C)CN(C[C@@H](O)[C@H](Cc1ccccc1)NC(=O)CN1CCS(=O)(=O)CC1)S(=O)(=O)c1ccc(NO)cc1,7.324038450357831
CCC(C1=C(O)OC(Cc2ccccc2)(c2ccccc2)CC1=O)c1ccccc1,5.0
CC(C)(C)NC(=O)[C@@H]1C[C@@H]2CCCC[C@@H]2CN1C[C@@H](O)[C@H](Cc1ccccc1)NC(=O)O[C@H]1CCOC1,6.795880017344075
CC(C)[C@H](NC(=O)CN1CCOCC1)C(=O)N[C@@H](Cc1ccccc1)[C@@H](O)[C@@H](O)[C@H](Cc1ccccc1)NC(=O)[C@H](NC(=O)CN1CCOCC1)C(C)C,8.1249387366083
CC(C)(C)NC(=O)[C@@H]1CCCC[C@@H]1C[C@@H](O)[C@H](Cc1ccccc1)NC(=O)[C@H](CC(N)=O)NC(=O)OCc1ccccc1,7.244125144327507
CC(C)(C)NC(=O)[C@@H]1C[C@@H]2CCCC[C@@H]2CN1C[C@@H](O)[C@H](Cc1ccccc1)NC(=O)O[C@H]1CCOC1,6.795880017344075
O=[N+]([O-])c1ccc(S(=O)(=O)N(C[C@@H](O)[C@H](Cc2ccccc2)NCCN2CCOCC2)C2CC2)cc1,6.214670164989233
CC(C)(C)OC(=O)N[C@@H](Cc1ccccc1)[C@@H](O)C[C@@H](Cc1ccccc1)C(=O)N[C@H](CO)c1ccccc1,7.413412695328245
COC(=O)N[C@@H](C(=O)NCCCC[C@H](CO)N(CC(C)C)S(=O)(=O)c1ccc(N)cc1)C(c1ccccc1)c1ccccc1,6.522878745280337
CC(C)(C)NC(=O)[C@@H]1C[C@@H]2SCC[C@@H]2CN1C[C@@H](O)[C@H](CSc1ccccc1)NC(=O)O[C@@H]1CCS(=O)(=O)C1,8.698970004336019
CC(C)(C)NC(=O)[C@@H]1C[C@@H]2CCCC[C@@H]2CN1C[C@@H](O)[C@H](Cc1ccccc1)NC(=O)O[C@H]1C=CCOC1,6.503070351926785
C[C@H](O)CN(C[C@@H](O)[C@H](Cc1ccccc1)NC(=O)c1ccc(O)c(O)c1)S(=O)(=O)c1ccc([N+](=O)[O-])cc1,8.18309616062434
CC(C)(C)NC(=O)[C@@H]1C[C@@H]2CCCC[C@@H]2CN1C[C@@H](O)[C@H](Cc1ccccc1)NC(=O)[C@@H](NC(=O)c1cc(=O)c2ccccc2o1)[C@H]1CCOC1,9.958607314841776
COc1ccc(S(=O)(=O)N(CC(C)C)C[C@@H](O)[C@H](Cc2ccccc2)NC(=O)c2cccc(C)c2)cc1,7.568636235841013
O=C(O)c1cc(/C=C/c2ccc3ccc(C(=O)O)c(O)c3n2)ccc1O,5.568636235841013
CC(C)(C)OC(=O)N[C@@H](Cc1ccccc1)[C@@H](O)C[C@@H](Cc1ccc(O)cc1)C(=O)N[C@H]1c2ccccc2C[C@H]1O,9.795880017344077
COC(=O)[C@H](Cc1ccccc1)NC(=O)[C@H](CC(C)C)NC(=O)[C@H](Cc1ccccc1)CC(O)C[C@@H](Cc1ccccc1)C(=O)N[C@@H](CC(C)C)C(=O)N[C@@H](Cc1ccccc1)C(=O)OC,7.522878745280337
COC(=O)[C@H](Cc1ccccc1)NC(=O)[C@H](CC(N)=O)NC(=O)[C@H](CC(C)C)NC(=O)[C@@H](NC(=O)CCCOc1ccc2ccc(OCCCC(=O)N[C@H](C(=O)N[C@@H](CC(C)C)C(=O)N[C@@H](CC(N)=O)C(=O)N[C@@H](Cc3ccccc3)C(=O)OC)C(C)O)cc2c1)C(C)O,5.356547323513812
CCc1cc(CN2CCN(C[C@@H](O)[C@H](Cc3ccccc3)NC(=O)O[C@@H]3CCS(=O)(=O)[C@@H]3C(C)C)[C@H](C(=O)NC(C)(C)C)C2)cc(CC)n1,8.744727494896694
Cc1cccc(C[C@@H](O)[C@H](Cc2ccccc2)NC(=O)[C@H](CC(N)=O)NC(=O)c2ccc3ccccc3n2)c1C(=O)NC(C)(C)C,7.552841968657781
CC(C)(C)NC(=O)[C@@H]1C[C@@H]2CCCC[C@@H]2CN1C[C@@H](O)[C@H](Cc1ccccc1)NC(=O)[C@@H](NC(=O)c1ccc2ccccc2n1)C1CCOC1,10.267606240177033
Cc1c(O)cc(F)cc1C(=O)N[C@@H](Cc1ccccc1)[C@H](O)C(=O)N1C[C@@H](Cl)C[C@H]1C(=O)NC(C)(C)C,8.769551078621726
CC(C)c1ccccc1SC1=C(O)OC(c2ccccc2)(c2ccccc2)CC1=O,7.638272163982407
CC[C@@H]1[C@H](OC(=O)N[C@@H](Cc2ccccc2)[C@H](O)CN2C[C@H]3CCCC[C@H]3C[C@H]2C(=O)NC(C)(C)C)CCS1(=O)=O,7.882728704344236
Cc1ccc(C(C)(C)C)c(SC2=C(O)OC(CCc3ccccc3)(c3ccc(O)cc3)CC2=O)c1,7.397940008672037
Cc1cc(SC2=C(O)OC(CCc3ccc(O)cc3)(C3CCCC3)CC2=O)c(C(C)(C)C)cc1N,8.221848749616356
CC(C)(c1ccc(-c2ccncc2)o1)N1CCN(C[C@@H](O)C[C@@H](Cc2ccccc2)C(=O)N[C@H]2c3ccccc3OC[C@H]2O)[C@H](C(=O)NCC(F)(F)F)C1,8.920818753952375
CC(C)[C@H]1SCC[C@H]1OC(=O)N[C@@H](Cc1ccccc1)[C@H](O)CN1C[C@H]2CCCC[C@H]2C[C@H]1C(=O)NC(C)(C)C,8.045757490560675
O=C(N[C@H]1c2ccccc2OC[C@H]1O)[C@H](Cc1cc2cnccc2s1)C[C@H](O)CN1CCN(Cc2ccc(-c3ccc(Cl)cc3)o2)C[C@H]1C(=O)NCC(F)(F)F,10.522878745280336
CC(C)(C)NC(=O)[C@@H]1CN(Cc2cc3ccccc3o2)CCN1C[C@@H](O)C[C@@H](Cc1ccccc1)C(=O)N[C@H]1c2ccccc2C[C@H]1O,9.744727494896694
COc1ccccc1CCCCc1c(O)oc2cc(OCc3ccccc3)ccc2c1=O,4.0
COC(=O)NC(C(=O)NN(CC1CCCCC1)C[C@H](O)[C@H](Cc1ccccc1)NC(=O)[C@H](CC(N)=O)NC(=O)c1ccc2ccccc2n1)C(C)C,7.568636235841013
CC(C)(C)NC(=O)[C@@H]1C[C@@H]2CCCC[C@@H]2CN1C[C@@H](O)[C@H](Cc1ccccc1)NC(=O)O[C@@H]1CCCS(=O)(=O)C1,5.684449465578095
CC(C)[C@H](NC(=O)OCc1ccccc1)C(=O)N[C@@H](Cc1ccccc1)[C@H](O)CN1CCCC[C@H]1C(=O)NC(C)(C)C,7.207608310501746
CC1(C)S[C@H]([C@H](NC(=O)Cc2ccccc2)C(=O)NCc2ccccc2)N[C@H]1C(=O)NCCCCNC(=O)[C@@H]1N[C@@H]([C@H](NC(=O)Cc2ccccc2)C(=O)NCc2ccccc2)SC1(C)C,6.275724130399211
Nc1ccc(C(=O)N[C@@H](Cc2ccccc2)C[C@H](O)[C@H](Cc2ccccc2)NC(=O)OCc2ccccc2)cc1O,7.657577319177793
COc1ccc(S(=O)(=O)N(CC(C)C)C[C@@H](O)[C@H](Cc2ccccc2)NC(=O)[C@H]2CCNC2)cc1,6.221848749616356
CCNC(=O)[C@@H](NC(=O)Cc1cccs1)[C@@H]1N[C@@H](C(=O)NCCNC(=O)[C@@H]2N[C@@H]([C@H](NC(=O)Cc3cccs3)C(=O)NCC)SC2(C)C)C(C)(C)S1,7.823908740944319
O=C(OC1COc2cc(O)cc(O)c2C1)c1cccc(O)c1O,4.0
CC(C)[C@@H]1NC(=O)c2cc3ccccc3cc2OCCCOc2ccc(cc2)C[C@@H]([C@H](O)CN2CC3CCCCC3C[C@H]2C(=O)NC(C)(C)C)NC1=O,8.259637310505756
CC(C)(C)OC(=O)N[C@@H](Cc1ccccc1)[C@H](O)CNC[C@@H](O)[C@H](Cc1ccccc1)NC(=O)OC(C)(C)C,6.903089986991944
CC(C)c1ccccc1Sc1c(O)cc(-c2cccc(Cl)c2)oc1=O,7.638272163982407
CCCCC(NC(=O)CCCCCCCCCCCCCCC(=O)N[C@H](CC(=O)N[C@@H](Cc1ccccc1)C(=O)O)C(N)=O)C(=O)N[C@@H](C(=O)N[C@@H](Cc1ccccc1)C(N)=O)C(C)CC,5.795880017344075
CCCc1cc(=O)oc2c3c(c4c(c12)OC(C)(C)C=C4)O[C@@H](C)[C@H](C)[C@@H]3O,3.80771138743188
CC(C)c1ccccc1Sc1c(O)cc(-c2ccc(O)cc2)oc1=O,7.267606240177032
CC(=O)N[C@H](CS(=O)(=O)c1ccc2ccccc2c1)C(=O)N[C@@H](Cc1ccccc1)[C@H](O)Cc1ccccc1C(=O)NC(C)(C)C,9.522878745280336
CC(C)[C@H](NC(=O)OCc1ccncc1)C(=O)N[C@@H](Cc1ccccc1)C(O)[C@H](Cc1ccccc1)NC(=O)[C@H](NC(=O)OCc1ccncc1)C(C)C,7.585026652029182
CC(C)(C)NC(=O)[C@@H]1C[C@@H]2CCCC[C@@H]2CN1C[C@@H](O)[C@H](Cc1ccccc1)NC(=O)[C@H](CC(N)=O)NC(=O)c1ccc2ccccc2n1,9.468521082957745
CC(C)[C@H](NC(=O)[C@H](C)NC(=O)OCc1ccccc1)C(=O)N[C@@H](Cc1ccccc1)[C@@H](O)[C@H](O)[C@H](Cc1ccccc1)NC(=O)[C@H](N[C@@H](C)C(=O)OCc1ccccc1)C(C)C,6.841637507904751
Cc1cc(SC2=C(O)OC(CCc3ccccc3)(C(C)C)CC2=O)c(C(C)(C)C)cc1N,8.481486060122112
O=C(N[C@H]1c2ccccc2OC[C@H]1O)[C@H](Cc1cccnc1)C[C@H](O)CN1CCN(Cc2ccn(-c3ccccc3Cl)c2)C[C@H]1C(=O)NCC(F)(F)F,9.744727494896694
COc1cc(O)c(C(=O)N[C@@H](Cc2ccccc2)[C@H](O)CN(CC(C)C)S(=O)(=O)c2ccc([N+](=O)[O-])cc2)cc1OC,7.864231485432177
CC(C)(C)NC(=O)[C@@H]1CN(Cc2ccccc2O)CCN1C[C@@H](O)[C@H](Cc1ccccc1)NC(=O)O[C@H]1CCOC1,6.991399828238082
COC(=O)C1Cc2ccccc2C1NC(=O)[C@H](Cc1ccccc1)C[C@H](O)[C@H](Cc1ccccc1)NC(=O)OC(C)(C)C,7.179995693191682
CC(C)(C)OC(=O)N[C@@H](Cc1ccc(O)cc1)C(=O)N1CCC(=O)[C@@H]1Sc1ccccc1,7.602059991327962
OC(C(COCc1ccccc1)OCc1ccc(Cl)cc1)C(O)C(COCc1ccccc1)OCc1ccc(Cl)cc1,5.698970004336019
CCC(C)(C)C(=O)C(=O)N1CCCCC1C(=O)OC(CCc1ccc(OC)c(OC)c1)c1cccc(NC(=O)CCC(=O)N[C@@H](Cc2ccccc2)[C@H](O)CN(CC(C)C)S(=O)(=O)c2ccc(OC)cc2)c1,8.008773924307505
CC(C)CNC(=O)N(C)C[C@@H](O)[C@H](Cc1ccccc1)NC(=O)[C@H](CC(N)=O)NC(=O)OCc1ccccc1,5.824001400317809
CC1=CSC2C(CN3CCN(C[C@@H](O)C[C@@H](Cc4ccccc4)C(=O)NC4c5ccccc5C[C@H]4O)[C@H](C(=O)NC(C)(C)C)C3)N=CN12,6.422508200162775
Cc1cc(SC2=C(O)OC(CCc3nccs3)(C(C)C)CC2=O)c(C(C)(C)C)cc1CO,9.244125144327509
CC(C)[C@H](NC(=O)N(C)Cc1cscn1)C(=O)N[C@@H](Cc1ccccc1)[C@@H](O)[C@@H](O)[C@H](Cc1ccccc1)NC(=O)[C@H](NC(=O)N(C)Cc1cscn1)C(C)C,9.0
Cc1cccnc1CNC(=O)[C@H]1N(C(=O)[C@@H](O)C[C@@H](Cc2ccccc2)C(=O)N[C@H]2c3ccccc3OC[C@H]2O)CSC1(C)C,9.221848749616356
CC[C@H](C)[C@H](NC(=O)[C@H](CCC(N)=O)NC(=O)[C@@H]1CCCN1C(=O)CCCCC/C=C/CCCCCC(=O)N[C@H](CO)C(=O)N[C@@H](C(=O)N[C@H](CC(C)C)C(=O)N[C@H](CC(N)=O)C(=O)N[C@H](Cc1ccccc1)C(=O)O)[C@H](C)O)C(=O)N[C@H](C(=O)N[C@@H](CC(C)C)C(=O)N[C@@H](Cc1c[nH]c2ccccc12)C(=O)O)[C@@H](C)O,4.288192770958809
CCCCC(CO)NC(=O)[C@@H]1N[C@@H]([C@H](NC(=O)Cc2ccccc2)C(=O)NCc2ccccc2)SC1(C)C,6.6020599913279625
CC(C)(C)NC(=O)[C@@H]1CN(Cc2cccnc2)CCN1C[C@@H](O)C[C@@H](Cc1ccccc1)C(=O)N[C@H]1c2ccccc2C[C@H]1O.O,7.360513510731414
CC(C)(C)OC(=O)N[C@@H](Cc1ccccc1)[C@@H](O)C[C@@H](Cc1ccccc1)C(=O)N[C@H](CO)Cc1ccccc1,6.160999876577549
CC(C)CN(C[C@@H](O)[C@H](Cc1ccccc1)NC(=O)OCc1ccccc1)S(=O)(=O)c1ccccc1,8.221848749616356
CC(C)(C)COC(=O)N[C@@H](Cc1ccccc1)[C@H](O)CNC[C@@H](O)[C@H](Cc1ccccc1)NC(=O)OCC(C)(C)C,5.221848749616356
CC(C)CCN(C[C@@H](O)[C@@H]1Cc2ccc(cc2)OCCCCCC(=O)N[C@@H](C(C)C)C(=O)N1)S(=O)(=O)c1ccc(N)cc1,6.301029995663981
CCC(C)[C@@H]1NC(=O)[C@@H](NC[C@@H](O)C[C@@H](Cc2ccccc2)C(=O)N[C@H]2c3ccccc3C[C@H]2O)Cc2ccc(cc2)OCCCCCNC1=O,6.958607314841775
Cc1cc(CN2CCN(C[C@@H](O)[C@H](Cc3ccccc3)NC(=O)O[C@@H]3CCS(=O)(=O)[C@@H]3C(C)C)[C@H](C(=O)NC(C)(C)C)C2)cc(Cl)n1,7.267606240177032
Cc1cc(C)cc(S(=O)(=O)c2c(C(N)=O)[nH]c3ccc(Cl)cc23)c1,6.886056647693163
CC(C)(C)NC(=O)[C@@H]1C[C@@H]2CCCC[C@@H]2CN1C[C@@H](O)[C@H](Cc1ccccc1)NC(=O)[C@H](CC(N)=O)NC(=O)c1ccc2ccccc2n1,9.639974910810604
COc1ccc(C(=O)N[C@@H](Cc2ccccc2)[C@H](O)CN(C[C@H](C)O)S(=O)(=O)c2ccc([N+](=O)[O-])cc2)c(O)c1,6.296794629304514
NC(=O)O[C@@H]1Cc2ccccc2[C@@H]1C1=C(O)[C@](Cc2ccccc2)(C[C@H](O)[C@H](Cc2ccccc2)NC(=O)O[C@H]2CCOC2)N=C1,8.698970004336019
CC(C)(C)OC(=O)N[C@@H](Cc1ccccc1)[C@@H](O)C[C@@H](Cc1ccc(OCCN2CCCCC2)cc1)C(=O)NC1c2ccccc2C[C@H]1O,8.795880017344075
CCCC1(CCc2ccccc2)OC(=O)C(C(CC)c2cccc(NS(=O)(=O)c3ccc([N+](=O)[O-])cn3)c2)=C(O)O1,7.187086643357144
COC(=O)c1ccc(COC(COCc2ccccc2)C(O)C(O)C(COCc2ccccc2)OCc2ccc(C(=O)OC)cc2)cc1,5.075720713938118
O=C(N[C@H]1c2ccccc2OC[C@H]1O)[C@H](Cc1ccccc1)C[C@H](O)CN1CCN(Cc2ncc(-c3ccccn3)o2)C[C@H]1C(=O)NCC(F)(F)F,9.886056647693165
Cc1cc(SC2=C(O)OC(CCc3cncnc3)(C(C)C)CC2=O)c(C(C)(C)C)cc1CO,7.769551078621726
CC(C)[C@H](NC(=O)N(C)Cc1ccccn1)C(=O)N[C@@H](Cc1ccccc1)[C@@H](O)[C@H](O)[C@H](Cc1ccccc1)NC(=O)[C@H](NC(=O)N(C)Cc1ccccn1)C(C)C,9.0
O=C(N[C@@H](Cc1ccccc1)[C@@H](O)C[C@@H](Cc1ccccc1)C(=O)N[C@H]1c2ccccc2C[C@H]1O)O[C@@H]1CCOC1,10.522878745280336
CC(C)(C)OC(=O)N[C@@H](Cc1c[nH]cn1)C(=O)Nc1cccc(C(c2c(O)c3c(oc2=O)CCCCCC3)C2CC2)c1,4.343901797987168
O=c1oc2ccccc2c(O)c1CCCN(c1ccccc1)c1ccc(F)cc1,5.259637310505756
CC(C)(C)NC(=O)[C@@H]1CN(C(C)(C)c2cc3cnccc3o2)CCN1C[C@@H](O)C[C@@H](Cc1ccccc1)C(=O)N[C@H]1c2ccccc2C[C@H]1O,9.82390874094432
CC(C)[C@H](NC(=O)[C@H](Cc1ccccc1)C[C@H](O)[C@H](Cc1ccccc1)NC(=O)OC(C)(C)C)C(=O)O,6.790002703917631
CC(C)(C)OC(=O)N[C@@H](Cc1ccccc1)[C@@H](O)C[C@@H](Cc1ccccc1)C(=O)N[C@@H]1c2ccccc2[C@@H](O)[C@H]1O,10.0
CNc1ccc(S(=O)(=O)N(CC(C)C)C[C@@H](O)[C@H](Cc2ccccc2)NC(=O)[C@@H]2COCCN2)cc1,7.018725167293411
COc1cc(C(=O)N[C@@H](Cc2ccccc2)[C@H](O)CN(CC(C)C)S(=O)(=O)c2ccc(C(F)(F)F)cc2)cc(OC)c1O,8.082494490447454
COc1ccc(CN(C[C@H](O)[C@H](Cc2ccccc2)NC(=O)[C@H](CC(N)=O)NC(=O)c2ccc3ccccc3n2)NC(=O)C(NC(=O)OCc2ccccc2)C(C)C)cc1,7.309803919971486
CC(C)[C@@H]1CC[C@]2(C(=O)O)CC[C@]3(C)[C@H](CC[C@@H]4[C@@]5(C)CC[C@H](OC(=O)COCC(=O)O)C(C)(C)[C@@H]5CC[C@]43C)[C@@H]12,3.7594507517174
COc1ccc(S(=O)(=O)N(CC(C)C)C[C@@H](O)[C@H](Cc2ccccc2)NC(=O)c2cc3ccc(O)cc3o2)cn1,5.546681659952962
Cc1ccc(C(C)C)c(SC2=C(O)OC(CCc3ccccc3)(c3ccccc3)CC2=O)c1,8.154901959985743
CC(C)C[C@H](NC(=O)[C@@H](NC(=O)CCCCCCCCCCCCCCC(=O)N[C@@H](CC(N)=O)C(=O)N[C@@H](Cc1ccccc1)C(=O)O)[C@@H](C)O)C(=O)NCCc1ccccc1,5.236572006437063
CCC(C)[C@H](NC(=O)[C@H](Cc1ccccc1)C[C@H](O)[C@H](Cc1ccccc1)NC(=O)OC(C)(C)C)C(N)=O,8.568636235841012
CN(C)c1ccc2ccc(S(=O)(=O)N3CCN(C[C@@H](O)C[C@@H](Cc4ccccc4)C(=O)NC4c5ccccc5C[C@H]4O)[C@H](C(=O)NC(C)(C)C)C3)cc2n1,9.657577319177792
CC1=C(CCC(=O)O)c2cc3[nH]c(cc4[nH]c(cc5nc(cc1n2)C(C)=C5C(COC(=O)C1=CC1)OC(=O)C1=CC1)c(C)c4C(COC(=O)C1=CC1)OC(=O)C1=CC1)c(C)c3CCC(=O)O,3.823908740944319
COC(=O)[C@@H](NC(=O)[C@H](CC(C)C)NC(=O)[C@@H]1CCCN1C[C@@H](O)[C@H](Cc1ccccc1)NC(=O)[C@H](CC(N)=O)NC(=O)OC(C)(C)C)C(C)C,7.795880017344075
C=CCN(CC(=O)N[C@H](C(=O)N[C@H](C(=O)OC)C(C)C)[C@@H](C)CC)C(=O)[C@H](Cc1ccccc1)NC(=O)[C@H](C)NC(=O)[C@H](C)NC(=O)[C@H](CO)NC(=O)OC(C)(C)C,7.698970004336019
Nc1ccc(S(=O)(=O)N(C[C@@H](O)[C@H](Cc2ccccc2)NC(=O)N2CCOCC2)C2CC2)cc1,6.1938200260161125
CCNC(=O)[C@@H](NC(=O)c1ccccc1Cc1ccccc1)[C@@H]1N[C@@H](C(=O)NCCNC(=O)[C@@H]2N[C@@H]([C@H](NC(=O)c3ccccc3Cc3ccccc3)C(=O)NCC)SC2(C)C)C(C)(C)S1,7.142667503568732
C[C@@H](O)CN(C[C@@H](O)[C@H](Cc1ccccc1)NC(=O)c1cc(O)cc(O)c1)S(=O)(=O)c1ccc(C(F)(F)F)cc1,8.63264407897398
Cc1cc(O)c(C)c(C(=O)N[C@@H](Cc2ccccc2)[C@H](O)C(=O)N2C[C@@H](Cl)C[C@H]2C(=O)NC(C)(C)C)c1,8.886056647693163
CC(C)=CCN1Cc2cc(Cl)cc3[nH]c(=S)n(c23)C[C@@H]1C,6.507239610973162
CC(C)[C@H](NC(=O)[C@H](Cc1ccccc1)C[C@H](O)[C@H](Cc1ccccc1)NC(=O)OC(C)(C)C)C(=O)NCC(O)CN1CCOCC1,9.05551732784983
Cc1cc(SC2=C(O)OC(C)(CCc3ccc(O)cc3)CC2=O)c(C(C)(C)C)cc1NS(C)(=O)=O,8.013228265733755
CC(C)CN(C[C@@H](O)[C@H](Cc1ccccc1)NC(=O)C[C@H]1CCNC1)S(=O)(=O)c1ccc(O)cc1,5.844663962534939
Cc1ccccc1CSc1c(O)cc(-c2ccccc2)oc1=O,5.270025714300444
COc1ccc(CN2C[C@H](O)[C@@](CCC(C)C)(c3ccc(S(C)(=O)=O)cc3OC(C)C)C2=O)cc1,7.086186147616283
O=C(CCc1ccccc1)NCC(=O)OCc1ccccc1,2.5228787452803374
CC(C)[C@H](NC(=O)N(C)Cc1cccnc1)C(=O)N[C@@H](Cc1ccccc1)[C@@H](O)[C@@H](O)[C@H](Cc1ccccc1)NC(=O)[C@H](NC(=O)N(C)Cc1cccnc1)C(C)C,8.795880017344075
CCN(CCc1csc(C(C)C)n1)C(=O)NC(C)C(=O)N[C@@H](Cc1ccccc1)C[C@H](O)[C@H](Cc1ccccc1)NC(=O)OCc1cncs1,8.638272163982407
CC(C)(C)NC(=O)c1ccccc1C[C@@H](O)[C@H](Cc1ccccc1)NC(=O)[C@H](CSc1ccccn1)NS(C)(=O)=O,6.040958607678906
O=C(N[C@H]1c2ccccc2OC[C@H]1O)[C@H](Cc1cccnc1)C[C@H](O)CN1CCN(Cc2ccn(-c3ccccc3)c2)C[C@H]1C(=O)NCC(F)(F)F,8.568636235841012
CC(C)(C)OC(=O)N[C@@H](Cc1ccccc1)[C@@H](O)C[C@]1(Cc2ccccc2)N=CC(C2c3ccccc3C[C@H]2O)=C1O,7.924453038607469
Nc1nc(-c2[nH]c3ccc(Cl)cc3c2S(=O)(=O)c2ccccc2)cs1,7.698970004336019
OC(C(COCc1ccccc1)OCc1c(F)cccc1F)C(O)C(COCc1ccccc1)OCc1c(F)cccc1F,5.1938200260161125
C=C(C)[C@@H]1CC[C@@]2(C)[C@@H]1C1CC[C@@H]3[C@@](C)(CC(=O)O)[C@H](C(C)(C)C(=O)O)CC[C@@]3(C)[C@]1(C)C[C@@H]2O,8.060480747381382
CC(C)C(C=O)NC(=O)C(F)(F)C(=O)C(Cc1ccc(OCc2ccccc2)cc1)NC(=O)[C@@H](NC(=O)OCc1ccccc1)C(C)C,8.397940008672037
Cc1cc(SC2=C(O)OC(CCc3ccc(O)cc3)(C(C)C)CC2=O)c(C(C)(C)C)cc1NC(=O)c1ccncc1,8.29413628771608
COC(=O)c1cc(OC)c2c(c1-c1c3c(c(OC)c(Br)c1C(=O)OC)OCO3)OCO2,5.657577319177793
CCNC(=O)[C@@H](NC(=O)c1ccccc1-c1ccccc1)[C@@H]1N[C@@H](C(=O)NCCNC(=O)[C@@H]2N[C@@H]([C@H](NC(=O)c3ccccc3-c3ccccc3)C(=O)NCC)SC2(C)C)C(C)(C)S1,8.00436480540245
CC(C)(C)NC(=O)c1ccccc1NC[C@@H](O)[C@H](Cc1ccccc1)NC(=O)[C@H](CC(N)=O)NC(=O)c1ccc2ccccc2n1,7.026872146400302
Cn1nc(C(F)(F)F)cc1-c1ccc(CN2CCN(C[C@@H](O)C[C@@H](Cc3ccccc3)C(=O)NC3c4ccccc4C[C@H]3O)[C@H](C(=O)NC(C)(C)C)C2)s1,9.886056647693165
O=C(O)CCCCC1(c2ccccc2)CC(O)=C(SCCc2ccccc2)C(=O)O1,5.301029995663981
O=c1cc(-c2ccc3c(c2)OCCO3)oc(O)c1SCc1ccccc1,6.102372908709558
CNC(=O)c1[nH]c2ccccc2c1Sc1ccccc1,6.127261172527331
O=C1N(Cc2ccc(CBr)cc2)C(Cc2ccccc2)P(=O)(O)C(Cc2ccccc2)N1Cc1ccc(CBr)cc1,6.154901959985743
Cc1cc(C(=O)N[C@@H](Cc2ccccc2)[C@H](O)Cc2ccccc2C(=O)NC(C)(C)C)cc(C(=O)N2CCc3ccccc3C2)c1,6.301029995663981
CC(C)[C@H](NC(=O)OCc1ccccc1)C(=O)N[C@@H](Cc1ccccc1)[C@@H](O)[C@@H](O)[C@H](Cc1ccccc1)NC(=O)[C@H](NC(=O)OCc1ccccc1)C(C)C,9.657577319177792
CC(C)(C)OC(=O)NC(CC1CCCCC1)[C@H](O)CNC[C@@H](O)C(CC1CCCCC1)NC(=O)OC(C)(C)C,6.096910013008056
CC(C)CNC(=O)N(C[C@@H](O)[C@H](Cc1ccccc1)NC(=O)[C@H](CC(N)=O)NC(=O)OCc1ccccc1)C(C)(C)C,7.456056057517093
CC(C)(C)NC(=O)[C@@H]1CN(Cc2ccccc2)CCN1C[C@@H](O)[C@H](Cc1ccccc1)NC(=O)O[C@H]1CCOC1,6.991399828238082
O=C(N[C@H]1c2ccccc2OC[C@H]1O)[C@H](Cc1ccccc1)C[C@H](O)CN1CCN(Cc2ccc(-c3cccnc3)o2)C[C@H]1C(=O)NCC(F)(F)F,9.522878745280336
COC(=O)[C@@H](/N=C(\S)[C@@H](NC(=O)[C@H](Cc1ccccc1)NC(=O)[C@H](Cc1ccccc1)NC(=O)[C@H](C)NC(=O)[C@H](C)NC(=O)OC(C)(C)C)C(C)C)C(C)C,5.346787486224656
Cc1nnc(C[C@H](C[C@H](O)CN2CCN(C(C)(C)c3ncc(-c4ccc(F)cc4)o3)C[C@H]2C(=O)NCC(F)(F)F)C(=O)N[C@H]2CCOC[C@H]2O)o1,10.69897000433602
CC(C)(C)OC(=O)N[C@@H](Cc1ccccc1)[C@H](O)CNC[C@@H](O)[C@H](Cc1ccccc1)NC(=O)[C@H](O)C(C)(C)C,7.301029995663981
CC(C)(C)OC(=O)N1CCC[C@H]1C(=O)Nc1cccc(C(c2c(O)c3c(oc2=O)CCCCCC3)C2CC2)c1,4.534617148551582
CC(C)[C@H](NC(=O)N(C)Cc1ccccn1)C(=O)N[C@@H](Cc1ccccc1)C(O)[C@H](Cc1ccccc1)NC(=O)[C@H](NC(=O)N(C)Cc1ccccn1)C(C)C,7.366531544420414
CC(C)CC(NC(=O)[C@H](Cc1ccccc1)C[C@H](O)[C@H](Cc1ccccc1)NC(=O)OC(C)(C)C)C(N)=O,7.920818753952375
CC(=O)N[C@H](C(=O)N[C@@H](Cc1ccccc1)[C@H](O)CN1CC2CCCCC2C[C@H]1C(=O)NC(C)(C)C)C(C)C,8.522878745280337
CC(C)(C)OC(=O)N[C@@H](Cc1ccccc1)[C@H](O)COC[C@@H](O)[C@H](Cc1ccccc1)NC(=O)OC(C)(C)C,5.0
COc1ccc(C(=O)N[C@@H](Cc2ccccc2)[C@H](O)CN(CC(C)C)S(=O)(=O)c2ccc(F)cc2)c(O)c1,8.078833949362261
CC(C)(C)NC(=O)[C@@H]1CN(Cc2cccnc2)CCN1C[C@@H](O)C[C@@H](Cc1ccccc1)C(=O)N[C@H]1c2ccccc2C[C@H]1O.O=S(=O)(O)O,9.387216143280265
CC(C)(C)N(C[C@@H](O)[C@H](Cc1ccccc1)NC(=O)[C@H](CC(N)=O)NC(=O)OCc1ccccc1)C(=O)NCc1ccncc1,6.97798426018228
COc1ccc(S(=O)(=O)N(CC(C)C)C[C@@H](O)[C@H](Cc2ccccc2)NC(=O)[C@@H]2CCNC2)cn1,6.080921907623926
COc1ccc(S(=O)(=O)N(CC(C)C)C[C@@H](O)[C@H](Cc2ccccc2)NC(=O)Oc2c3occc3cc3ccc(=O)oc23)cc1,9.920818753952377
CC(C)(C)NC(=O)[C@@H]1CN(Cc2cccnc2)CCN1C[C@@H](O)C[C@@H](Cc1ccccc1)C(=O)N[C@H]1c2ccccc2C[C@H]1O.O,7.360513510731414
CC(C)[C@@H]1[C@H](OC(=O)N[C@@H](Cc2ccccc2)[C@H](O)CN2CCN(Cc3ccc(Br)s3)C[C@H]2C(=O)NC(C)(C)C)CCS1(=O)=O,9.602059991327964
CC(C)(C)NC(=O)[C@@H]1CN(C(=O)c2cc3ccccc3oc2=O)CCN1C[C@@H](O)C[C@@H](Cc1ccccc1)C(=O)NC1c2ccccc2C[C@H]1O,9.886056647693165
CC(C)(C)OC(=O)N[C@@H](Cc1ccccc1)C[C@H](O)[C@H](Cc1ccccc1)NC(=O)c1cc(N)cc(N)c1,6.6020599913279625
COC(=O)[C@@H](NC(=O)[C@H](CC(C)C)NC(=O)[C@@H](NC(=O)CCCOc1ccc2ccc(OCCCC(=O)N[C@H](C(=O)N[C@@H](CC(C)C)C(=O)N[C@H](C(=O)OC)C(C)C)C(C)C)nc2c1)C(C)C)C(C)C,5.853871964321762
CC(C)[C@@H]1[C@H](OC(=O)N[C@@H](Cc2ccccc2)[C@H](O)CN2CCN(C(C)C)C[C@H]2C(=O)NC(C)(C)C)CCS1(=O)=O,7.244125144327507
CC1(C)CC2(CC(C)(C)c3cc(Br)c(O)cc32)c2cc(O)c(Br)cc21,5.0
Cc1ccc(C(C)(C)C)c(SC2=C(O)OC(CCc3ccccc3)(c3ccccc3)CC2=O)c1,7.455931955649724
COc1ccc(S(=O)(=O)N(CC(C)C)C[C@@H](O)[C@H](Cc2ccccc2)NC(=O)Cc2ccc(O)cc2)cc1,8.653647025549361
Cc1ccccc1-n1ccc(CN2CCN(C[C@@H](O)C[C@@H](Cc3cccnc3)C(=O)N[C@H]3c4ccccc4OC[C@H]3O)[C@H](C(=O)NCC(F)(F)F)C2)c1,9.795880017344077
COc1ccc(CC(=O)N[C@@H](Cc2ccccc2)[C@H](O)CN(CC(C)C)S(=O)(=O)c2ccc(SC)cc2)cc1OC,6.767003889607846
CC(C)C[C@@H](C(=O)NC(C)(C)C)N1CCC(O)([C@H](Cc2ccccc2)NC(=O)[C@@H](NC(=O)OCc2ccccc2)C(C)C)CC1,4.573488738635425
CC(C)C[C@@H](NC(=O)[C@H](Cc1ccccc1)C[C@H](O)[C@H](Cc1ccccc1)NC(=O)OC(C)(C)C)C(N)=O,5.508638306165727
Cc1cc(O)cc(C)c1CNC(=O)[C@H](Cc1ccccc1)C[C@@H](O)CN1CCN(S(=O)(=O)c2cccs2)C[C@@H]1C(=O)NC(C)(C)C,9.327902142064282
CC(=O)N[C@@H](Cc1c[nH]c2ccccc12)C(=O)N[C@H](C(=O)N[C@@H](Cc1ccccc1)[C@@H](O)C(=O)N[C@H]1Cc2ccc(cc2)OCCCNC(=O)[C@H](C(C)C)NC1=O)C(C)C,7.1487416512809245
O=C(O)CCCC1(c2ccccc2)CC(=O)C(SCCc2ccccc2)=C(O)O1,6.568636235841013
O=C(N[C@@H](Cc1ccccc1)[C@@H](O)C[C@]1(Cc2ccccc2)CCN([C@@H]2CS(=O)(=O)Cc3ccccc32)C1=O)O[C@H]1CCOC1,8.744727494896694
CC(C)(C)OC(=O)N[C@@H](Cc1ccccc1)[C@@H](O)C[C@@H](C/C=C/c1ccccc1)C(=O)N[C@H]1c2ccccc2C[C@H]1O,9.638272163982409
CC(C)(C)OC(=O)N[C@@H](Cc1ccccc1)[C@@H](O)C[C@@H](Cc1ccccc1)C(=O)N[C@@]1(C)c2ccccc2C[C@H]1O,6.669992299127241
CC(C)(C)NC(=O)[C@@H]1CCCCN1C[C@@H](O)[C@H](Cc1ccccc1)NC(=O)[C@H](CC(N)=O)NC(=O)OCc1ccccc1,7.744727494896693
CC(C)(C)NC(=O)[C@@H]1CSCN1C(=O)[C@@H](O)[C@H](Cc1ccccc1)NC(=O)[C@H](CC(N)=O)NC(=O)COc1cccc2ccccc12,8.05551732784983
CC(=O)N[C@@H](C[S+]([O-])c1ccc2ccccc2n1)C(=O)N[C@@H](Cc1ccccc1)[C@H](O)Cc1ccccc1C(=O)NC(C)(C)C,9.602059991327964
CC(C)(C)NC(=O)C1CC2CCCCC2CN1C[C@@H](O)[C@H](Cc1ccccc1)NC(=O)[C@H](CC(N)=O)NC(=O)OCc1ccccc1,8.568636235841012
CC(C)(C)OC(=O)N[C@@H](Cc1ccccc1)[C@H](O)CNC[C@@H](O)[C@H](Cc1ccc(OCc2nc3ccccc3o2)cc1)NC(=O)OC(C)(C)C,6.494850021680094
CC(C)[C@H](NC(=O)CCc1cccnc1)C(=O)N[C@@H](Cc1ccccc1)C(O)[C@H](Cc1ccccc1)NC(=O)[C@H](NC(=O)CCc1cccnc1)C(C)C,7.657577319177793
CC1(C)SCN(C(=O)[C@@H](O)C[C@@H](Cc2ccccc2)C(=O)N[C@H]2c3ccccc3OC[C@H]2O)[C@@H]1C(=O)NCc1c(Cl)cccc1Cl,9.638272163982409
CC(C)[C@H](NC(=O)OCc1ccccc1)C(=O)N[C@@H](Cc1ccccc1)C(O)[C@H](Cc1ccccc1)NC(=O)[C@@H](NC(=O)OCc1ccccc1)C(C)C,8.522878745280337
CC(C)(C)OC(=O)N[C@@H](Cc1ccc(O)cc1)[C@@H](O)[C@@H]1CCC[C@H]1C(=O)NCc1ccccc1,6.229899452304766
O=c1cc(-c2ccc(O)cc2)oc(O)c1SCc1ccccc1,6.161150909262744
COc1cccc(CC(=O)N[C@@H](Cc2ccccc2)[C@H](O)CN(CC(C)C)S(=O)(=O)c2ccc(OC)nc2)c1,7.901702463505302
Cc1cc(SC2=C(O)OC(CCc3ccc(O)cc3)(C(C)C)CC2=O)c(C(C)(C)C)cc1OS(=O)(=O)c1ccc(C#N)cc1,8.346787486224656
CC(C)(C)OC(=O)N[C@@H](Cc1ccccc1)[C@@H](O)C[C@@H](Cc1ccccc1)C(=O)NC1Cc2ccccc2C1,6.886056647693163
CC(=O)N[C@H](C(=O)N[C@@H](Cc1ccccc1)[C@@H](O)CN(Cc1ccccc1)NC(=O)[C@H](NC(C)=O)C(C)C)C(C)C,7.522878745280337
CC(C)(C)OC(=O)N[C@@H](Cc1ccccc1)[C@H](O)CNC[C@@H](O)[C@@H](Cc1ccccc1)NC(=O)OC(C)(C)C,5.0
CC(C)[C@H](NC(=O)[C@H](Cc1cccc2ccccc12)CS(=O)(=O)C(C)(C)C)C(=O)N[C@H](Cc1ccccc1)P(=O)(O)[C@@H](Cc1ccccc1)NC(=O)[C@@H](NC(=O)[C@H](Cc1cccc2ccccc12)CS(=O)(=O)C(C)(C)C)C(C)C,9.30102999566398
CC(C)CN([C@H](CO)CCCCNC(=O)[C@@H](NC(=O)OC(C)(C)C)C(c1ccccc1)c1ccccc1)S(=O)(=O)c1ccc(N)cc1,9.397940008672036
CC(C)(C)OC(=O)N[C@@H](Cc1ccccc1)[C@H](O)CNC[C@@H](O)[C@H](Cc1ccccc1)NC(=O)C(C)(O)C(C)(C)CO,6.886056647693163
CC(C)C[C@H](NC(=O)[C@H](C/C=C/c1ccccc1)C[C@H](O)[C@H](Cc1ccccc1)NC(=O)OC(C)(C)C)C(=O)N[C@@H](Cc1ccccc1)C(N)=O,9.82390874094432
C[C@H](O)CN(C[C@@H](O)[C@H](Cc1ccccc1)NC(=O)c1cc(O)cc(O)c1)S(=O)(=O)c1ccc([N+](=O)[O-])cc1,7.427012291801795
CC(C)(C)NC(=O)C1CC2CCCCC2CN1C[C@@H](O)[C@H](Cc1ccccc1)NC(=O)[C@H](CC(N)=O)NC(=O)OCc1ccccc1,8.568636235841012
O=C1CC(CC2CCCC2)(c2ccccc2)OC(O)=C1SCc1ccccc1,7.055517327849832
O=C(N[C@H]1c2ccccc2OC[C@H]1O)[C@H](Cc1cccnc1)C[C@H](O)CN1CCN(Cc2ccn(-c3ccccc3)c2)C[C@H]1C(=O)NCC(F)(F)F,8.603800652904264
CC(C)(C)NC(=O)[C@@H]1CC2CCCCC2CN1C[C@@H](O)[C@@H]1Cc2ccc(cc2)OCCCOc2cc3ccccc3cc2C(=O)N[C@@H](CC(N)=O)C(=O)N1,8.0
CC(C)(C)NC(=O)N(Cc1ccncc1)CC(O)[C@H](Cc1ccccc1)NC(=O)[C@H](CC(N)=O)NC(=O)OCc1ccccc1,6.97798426018228
CC(C)(C)OC(=O)N[C@@H](Cc1ccccc1)[C@H](O)CNC[C@@H](O)[C@H](Cc1cccc(OCc2ccccc2)c1)NC(=O)OC(C)(C)C,6.853871964321762
CC(C)c1ccccc1SC1=C(O)OC(CCCCC(=O)N2CCN(C(=O)OC(C)(C)C)CC2)(c2ccccc2)CC1=O,6.896196279044043
O=C(Nc1cccc(C(c2c(O)oc3c(c2=O)CCCCCC3)C2CC2)c1)c1ccc(F)cc1,4.6595558851598815
CC(C)(C)OC(=O)N[C@@H](Cc1ccccc1)[C@H](O)CNC[C@@H](O)[C@H](Cc1ccc(O)cc1)NC(=O)OC(C)(C)C,7.0
CC(C)C[C@@H]1NC(=O)[C@H](C(C)C)NC(=O)[C@]2(C)CCCN2C(=O)[C@H](C(C)C)NC(=O)[C@H](Cc2ccccc2)NC(=O)CSCCNC(=O)[C@H](Cc2ccccc2)N(C)C(=O)[C@H](CC(C)C)NC(=O)[C@H](CCC2CCCCC2)NC1=O,9.537602002101044
CCC[C@@]1(CCc2ccccc2)CC(=O)C([C@@H](CC)c2cccc(NS(=O)(=O)c3ccc(C(F)(F)F)cn3)c2)=C(O)O1,6.3872161432802645
NC(=O)c1[nH]c2ccc(Cl)cc2c1S(=O)(=O)c1ccccc1,8.522878745280337
O=C(CCc1c(O)c2ccccc2oc1=O)c1ccccc1,4.045757490560675
CC(C)(C)NC(=O)c1ccccc1OC[C@@H](O)[C@H](Cc1ccccc1)NC(=O)[C@H](CC(N)=O)NC(=O)c1cnnc2ccccc12,6.886056647693163
CCCCCC1(CCCCC)CC(=O)C(C(CC)c2cccc(NS(=O)(=O)c3cn(C)cn3)c2)=C(O)O1,6.0
CC(C)(C)OC(=O)N[C@@H](Cc1ccccc1)[C@@H](O)CCC(=O)N[C@H]1c2ccccc2C[C@H]1O,5.529999886197673
C=C(C)[C@H]1CC[C@]2(C)[C@H]3CC[C@@H]4[C@@]5(C)C[C@H](OC(C)=O)C[C@](C)(C(=O)O)[C@@H]5CC[C@@]4(C)[C@]3(C)CC[C@@H]12,5.769551078621726
Cc1cccc(C)c1COC(=O)N[C@@H](Cc1ccccc1)[C@H](O)CN1CC[C@@H](OCc2ccncc2)C[C@H]1C(=O)NC(C)(C)C,6.376750709602099
NC(=O)CC(NC(=O)c1ccc2ccccc2n1)C(=O)N[C@@H](Cc1ccccc1)[C@H](O)CN[C@@H](Cc1ccccc1)C(=O)NC1c2ccccc2C[C@H]1O,8.267606240177031
COc1ccc(S(=O)(=O)N(CC(C)C)C[C@@H](O)[C@H](Cc2ccccc2)NC(=O)c2ccc3oc(=O)ccc3c2)cc1,8.735182176990463
Cc1ccc(-c2cc(O)c(SCc3ccccc3)c(=O)o2)cc1,4.911509529817604
Cc1cc(SC2=C(O)OC(CCc3ccc(O)cc3)(C(C)C)CC2=O)c(C(C)(C)C)cc1NC(=O)c1ccccn1,8.214670164989233
CC(C)[C@@H]1[C@H](OC(=O)N[C@@H](Cc2ccccc2)[C@H](O)CN2CCN(C3CCCC3)C[C@H]2C(=O)NC(C)(C)C)CCS1(=O)=O,7.732828271596986
COC(=O)[C@H](Cc1ccccc1)NC(=O)[C@H](CC(N)=O)NC(=O)[C@H](CC(C)C)NC(=O)[C@@H](NC(=O)CCCOc1cccc(OCCCC(=O)N[C@H](C(=O)N[C@@H](CC(C)C)C(=O)N[C@@H](CC(N)=O)C(=O)N[C@@H](Cc2ccccc2)C(=O)OC)C(C)O)n1)C(C)O,5.0
COC(=O)N(C)[C@H](Cc1ccccc1)C(=O)NCCCC[C@@H](CO)N(CC(C)C)S(=O)(=O)c1ccc(N)cc1,8.187086643357144
COc1ccc(S(=O)(=O)N(CC(C)C)C[C@@H](O)[C@H](Cc2ccccc2)NC(=O)/C=C/c2ccc(O)c(OC)c2)cc1,8.53313237964589
Cn1cc(CN2CCN(C[C@@H](O)C[C@@H](Cc3ccccc3)C(=O)NC3c4ccccc4C[C@H]3O)[C@H](C(=O)NC(C)(C)C)C2)c2ccccc21,8.173925197299173
Cc1c(O)cc(F)cc1C(=O)N[C@@H](Cc1cccc(C(F)(F)F)c1)[C@H](O)C(=O)N1C[C@@H](Cl)C[C@H]1C(=O)NC(C)(C)C,8.67778070526608
CCC(CC)c1cc(O)c(C(c2cccc(NS(=O)(=O)c3cn(C)cn3)c2)C2CC2)c(=O)o1,5.522878745280337
CCCC1(CCc2ccccc2)CC(=O)C(C(CC)c2cccc(NS(=O)(=O)c3cccc4cccnc34)c2)=C(O)O1,6.0
CC[C@H](C)[C@H](NC(=O)[C@H](C(C)C)[C@@H](O)[C@H](O)[C@H](CC1CCCCC1)NC(=O)C1CCCCC1)C(=O)NCc1ccccn1,7.3049563411787055
O=C1C(O)=C(C(C2=C(O)C(=O)c3ccccc3C2=O)c2ccc(Cl)cc2Cl)C(=O)c2ccccc21,4.619788758288394
CC(C)C[C@@H]1NC(=O)[C@H](C(C)C)NC(=O)[C@]2(C)CCCN2C(=O)[C@H](C(C)C)NC(=O)[C@H](Cc2ccccc2)NC(=O)CSCCNC(=O)[C@H](C)NC(=O)[C@H](Cc2ccccc2)N(C)C(=O)[C@H](CC(C)C)NC(=O)[C@H](CCC2CCCCC2)NC1=O,9.55284196865778
CCCN(C[C@@H](O)[C@H](Cc1ccccc1)NC(=O)/C=C/c1ccc(O)c(OC)c1)S(=O)(=O)c1ccc(OC)cc1,7.617802789622546
CC(=O)N[C@H](CS(=O)(=O)c1ccc(F)cc1)C(=O)N[C@@H](Cc1ccccc1)[C@H](O)CN1C[C@H]2CCS[C@H]2C[C@H]1C(=O)NC(C)(C)C,8.920818753952375
CC(C)(C)c1cc2c(cc1SC1=C(O)OC(CCc3ccccc3)(c3ccccc3)CC1=O)CCC2,8.045757490560675
CC1(C)CC2(CC(C)(C)c3ccc(O)cc32)c2cc(O)ccc21,3.636388020107856
Cc1ccc(C(=O)N2CCc3ccccc3C2)cc1C(=O)N[C@@H](Cc1ccccc1)[C@H](O)Cc1ccccc1C(=O)NC(C)(C)C,8.214670164989233
CC(C)(C)NC(=O)[C@@H]1C[C@@H]2CCCC[C@@H]2CN1C[C@@H](O)[C@H](Cc1ccccc1)NC(=O)[C@@H]1CCS(=O)(=O)C1,6.698970004336019
C=CCN(C(=O)[C@H](Cc1ccccc1)NC(=O)[C@H](C)NC(=O)[C@H](C)NC(=O)[C@H](CO)NC(=O)OC(C)(C)C)[C@@H](C)C(=O)N[C@H](C(=O)N[C@H](C(=O)OC)C(C)C)[C@@H](C)CC,7.0
CC(C)(C)NC(=O)[C@@H]1CN(Cc2cccnc2)CCN1C[C@@H](O)C[C@@H](Cc1ccccc1)C(=O)N[C@H]1c2ccccc2C[C@H]1O.O,9.221848749616356
CC(C)(C)OC(=O)N[C@@H](Cc1ccccc1)[C@@H](O)C[C@]1(Cc2ccccc2)CCN([C@@H]2CS(=O)(=O)Cc3ccccc32)C1=O,7.769551078621726
CC1(C)S[C@H]([C@H](NC(=O)Cc2ccccc2)C(=O)NCc2ccccc2)N[C@H]1C(=O)NC[C@@H](O)[C@H](O)CNC(=O)[C@@H]1N[C@@H]([C@H](NC(=O)Cc2ccccc2)C(=O)NCc2ccccc2)SC1(C)C,7.823908740944319
CC(C)(C)NC(=O)[C@@H]1C[C@@H]2CCCC[C@@H]2CN1C[C@@H](O)[C@H](Cc1ccccc1)NC(=O)[C@H]1CCS(=O)(=O)C1,6.714442690992226
CC(C)(C)OC(=O)N[C@@H](Cc1ccccc1)[C@@H](O)C[C@@H](Cc1ccccc1)C(=O)N[C@@]1(C)c2ccccc2C[C@H]1O,6.672804595496767
CC(C)[C@H](NC(=O)OCc1ccncc1)C(=O)N[C@@H](Cc1ccccc1)[C@H](O)[C@H](O)[C@H](Cc1ccccc1)NC(=O)[C@H](NC(=O)OCc1ccncc1)C(C)C,8.638272163982407
O=c1oc2ccccc2c(O)c1CCCSc1ccccc1,4.585026652029182
CC(C)(C)CC(=O)N[C@@H](Cc1ccccc1)[C@@H](O)C[C@]1(Cc2ccccc2)N=CC(C2c3ccccc3[C@H]3NC(=O)OC23)=C1O,7.017728766960431
Cc1cccc(C)c1CNC(=O)[C@H]1N(C(=O)[C@@H](O)C[C@@H](Cc2ccccc2)C(=O)N[C@H]2c3ccccc3C[C@H]2O)CSC1(C)C,10.207608310501746
CC(C)[C@H]1[C@@H](OC(=O)N[C@@H](Cc2ccccc2)[C@H](O)CN2C[C@H]3CCS[C@H]3C[C@H]2C(=O)NC(C)(C)C)CCS1(=O)=O,8.585026652029182
COc1ccc(S(=O)(=O)N(CC(C)C)C[C@@H](O)[C@H](Cc2ccccc2)NC(=O)c2ccc(O)cc2C)cc1,8.301029995663981
CC(NC(=O)N(Cc1csc(C(C)C)n1)C1CC1)C(=O)N[C@@H](Cc1ccccc1)[C@@H](O)C[C@H](Cc1ccccc1)NC(=O)OCc1cncs1,8.0268721464003
CC(C)(C)OC(=O)N[C@@H](Cc1ccc(OCCN2CCOCC2)cc1)[C@@H](O)C[C@@H](Cc1ccc(OCCN2CCOCC2)cc1)C(=O)NC1c2ccccc2C[C@H]1O,8.721246399047171
CC[C@H](C)[C@H](NC(=O)CN(CC(Br)CBr)C(=O)[C@H](Cc1ccccc1)NC(=O)OC(C)(C)C)C(=O)N[C@H](C(=O)OC)C(C)C,7.371508895032877
CC[C@H](C)[C@H](NC(=O)[C@H](CCC(N)=O)NC(=O)[C@@H]1CCCN1C(=O)CCCCCC#CCCCCCC(=O)N[C@H](CO)C(=O)N[C@@H](C(=O)N[C@H](CC(C)C)C(=O)N[C@H](CC(N)=O)C(=O)N[C@H](Cc1ccccc1)C(=O)O)[C@H](C)O)C(=O)N[C@H](C(=O)N[C@@H](CC(C)C)C(=O)N[C@@H](Cc1c[nH]c2ccccc12)C(=O)O)[C@@H](C)O,4.6777807052660805
C[C@@H](c1ccccc1)N(C[C@@H](O)[C@H](Cc1ccccc1)NC(=O)[C@H](CC(N)=O)NC(=O)OCc1ccccc1)C(=O)NC(C)(C)C,5.292429823902063
COc1cc(C(=O)N[C@@H](Cc2ccccc2)[C@H](O)CN(C[C@H](C)O)S(=O)(=O)c2ccc([N+](=O)[O-])cc2)cc(OC)c1O,7.120158944013437
Cc1cccc(C)c1CNC(=O)[C@H]1N(C(=O)[C@H](O)C[C@@H](Cc2ccccc2)C(=O)N[C@H]2c3ccccc3OC[C@H]2O)CSC1(C)C,10.522878745280336
COc1ccc(S(=O)(=O)N(C[C@@H](O)[C@H](Cc2ccccc2)NC(=O)CN2CCO[C@H](C)C2)C2CC2)cc1,6.721246399047171
CC(C)[C@@H]1[C@H](OC(=O)N[C@@H](Cc2ccccc2)[C@H](O)CN2CCN(C3CCCCC3)C[C@H]2C(=O)NC(C)(C)C)CCS1(=O)=O,7.123205023799299
CC(C)(C)OC(=O)NCCCC(=O)Nc1cccc(C(c2c(O)c3c(oc2=O)CCCCCC3)C2CC2)c1,4.305394801066432
CC(C)CC(SC1CCCCC1)c1c(O)cc(-c2ccccc2)oc1=O,6.494850021680094
CC(C)[C@H](NC(=O)N(C)Cc1cscn1)C(=O)N[C@@H](Cc1ccccc1)[C@H](O)[C@@H](O)[C@H](Cc1ccccc1)NC(=O)[C@H](NC(=O)N(C)Cc1csc(N)n1)C(C)C,9.0
COc1cc(C(=O)N[C@@H](Cc2ccccc2)[C@@H](O)C[C@H](Cc2ccccc2)NC(=O)OC(C)(C)C)ccc1O,8.481486060122112
CCCC1(CCc2ccccc2)OC(=O)C(C(CC)c2cccc(NS(=O)(=O)c3ccccn3)c2)=C(O)O1,7.886056647693163
CC(C)(C)OC(=O)N[C@@H](Cc1ccccc1)[C@@H](O)[C@H](O)[C@H](Cc1ccccc1)NC(=O)OC(C)(C)C,7.397940008672037
CC(C)(C)OC(=O)N[C@@H](Cc1ccccc1)[C@@H](O)C[C@@H](Cc1ccccc1)C(=O)NC1c2ccccc2C[C@@H]1O,9.599980364934842
CC(C)(C)OC(=O)N[C@@H](Cc1ccccc1)[C@@H](O)C[C@@H](Cc1ccc(OCCO)cc1)C(=O)NC1c2ccccc2C[C@H]1O,10.045757490560677
CC(C)(C)OC(=O)N[C@@H](Cc1ccccc1)[C@@H](O)C[C@@H](Cc1ccc(C(C)(C)C)cc1)C(=O)N[C@@H]1c2ccccc2C[C@H]1O,9.770062314092064
CC(C)C[C@@H]1NC(=O)[C@H](C(C)C)NC(=O)[C@@H]2CCCN2C(=O)[C@H](C(C)C)NC(=O)[C@H](Cc2ccccc2)NC(=O)CSCCNC(=O)CNC(=O)[C@H](Cc2ccccc2)N(C)C(=O)[C@H](CC(C)C)NC(=O)[C@H](Cc2c[nH]c3ccccc23)NC1=O,9.00436480540245
CCC(CC)NC(=O)C[C@@H](C(=O)NC[C@@H](O)[C@H](Cc1ccccc1)NC(=O)[C@@H](NC(=O)c1ccc2ccccc2n1)[C@H](C)O)C(C)(C)C,8.443697499232712
CC(C)(C)OC(=O)N[C@@H](Cc1ccccc1)[C@@H](O)C[C@@H](Cc1ccccc1)C(=O)N[C@@H]1c2ccccc2CC[C@H]1O,9.160019442321657
COc1ccc2c(O)c(C(c3cccc(NS(=O)(=O)c4cn(C)cn4)c3)C3CC3)c(=O)oc2c1,5.0
CC(=O)N[C@@H](Cc1c[nH]c2ccccc12)C(=O)N[C@H](C(=O)N[C@@H](Cc1ccccc1)[C@@H](O)C(=O)N[C@H]1Cc2ccc(cc2)OCCCNC(=O)[C@H](C(C)C)NC1=O)C(C)C,7.309803919971486
CC(C)CN(C[C@@H](O)[C@H](Cc1ccccc1)NC(=O)[C@@H]1CCCN1)S(=O)(=O)c1ccc(O)cc1,6.013228265733755
CC(C)[C@H](NC(=O)OCc1ccccc1)C(=O)N[C@@H](Cc1ccccc1)[C@H](O)[C@H](O)[C@H](Cc1ccccc1)NC(=O)[C@@H](NC(=O)OCc1ccccc1)C(C)C,9.69897000433602
CCC(C)[C@H](NC(=O)CCCCCCCCCCCNC(=O)CNC(=O)[C@@H](CC(N)=O)NC(=O)[C@H](Cc1ccccc1)NC(=O)/C=C/C(=O)O)C(=O)N[C@@H](Cc1ccccc1)C(N)=O,4.774690718274137
CC[C@H](C)[C@H](NC(=O)[C@@H](C(C)C)C(O)C(O)[C@H](Cc1c[nH]cn1)NC(=O)COc1ccccc1)C(=O)NCc1ccccn1,7.950007143079858
Cc1cc(SC2=C(O)OC(CCc3ccc(O)cc3)(c3ccc(O)cc3)CC2=O)c(C(C)(C)C)cc1CO,6.920818753952375
CC(C)(C)OC(=O)N[C@@H](Cc1ccccc1)C[C@H](O)[C@H](Cc1ccccc1)NC(=O)c1c(Cl)cccc1Cl,7.173925197299173
Cc1cc(SC2=C(O)OC(CCc3ccc(O)cc3)(C(C)C)CC2=O)c(C(C)(C)C)cc1N,8.568636235841012
O=C(N[C@H]1c2ccccc2OC[C@H]1O)[C@H](Cc1cccnc1)C[C@H](O)CN1CCN(Cc2ccn(-c3ccccc3F)c2)C[C@H]1C(=O)NCC(F)(F)F,9.795880017344077
COC(=O)C(NC(=O)Cc1ccccc1)[C@@H]1N[C@@H](C(=O)NC[C@H](O)CN2C[C@H]3CCCC[C@H]3C[C@H]2C(=O)NC(C)(C)C)C(C)(C)S1,7.267606240177032
CC1(C)CC2(CC(C)(C)c3cc(OS(=O)(=O)[O-])c(OS(=O)(=O)[O-])cc32)c2cc(OS(=O)(=O)[O-])c(OS(=O)(=O)[O-])cc21.[K+].[K+].[K+].[K+],5.698970004336019
COc1ccc(S(=O)(=O)N(CC(C)C)C[C@@H](O)[C@H](Cc2ccccc2)NC(=O)/C=C/c2ccc(O)c(O)c2)cc1,9.795880017344077
CC1=C(C(COC(=O)C23C[C@H]4C[C@@H](C2)C[C@@H](C3)C4)OC(=O)C23C[C@H]4C[C@@H](C2)C[C@@H](C3)C4)c2cc3nc(cc4[nH]c(cc5[nH]c(cc1n2)c(C)c5CCC(=O)O)c(CCC(=O)O)c4C)C(C(COC(=O)C12C[C@H]4C[C@@H](C1)C[C@@H](C2)C4)OC(=O)C12C[C@H]4C[C@@H](C1)C[C@@H](C2)C4)=C3C,5.301029995663981
COC(=O)NC(C(=O)NN(Cc1ccc(OC)cc1)C[C@H](O)[C@H](Cc1ccccc1)NC(=O)[C@H](CC(N)=O)NC(=O)c1ccc2ccccc2n1)C(C)C,7.508638306165727
O=C(CCCN1CCC(O)(c2ccc(Cl)cc2)CC1)c1ccc(F)cc1,3.903089986991944
CC(C)(C)NC(=O)c1ccccc1C[C@@H](O)[C@H](CSc1ccc2ccccc2c1)NC(=O)[C@H](CC(N)=O)NC(=O)OCc1ccccc1,8.823908740944319
COc1ccccc1CCCCc1c(O)c2ccc(O)cc2oc1=O,6.2839966563652006
CC(=O)N[C@@H](CC(=O)OCc1ccccc1)C(=O)N[C@@H](Cc1ccccc1)[C@H](O)Cc1ccccc1C(=O)NC(C)(C)C,7.070581074285707
CC(C)C[C@@]1(C2=C(O)[C@](Cc3ccccc3)(C[C@H](O)[C@@H](CC(=O)OC3CCOC3)Cc3ccccc3)N=C2)N=CC([C@@H](Cc2ccccc2)C(N)=O)=C1O,8.886056647693163
CC(C)(C)NC(=O)[C@@H]1CN(C(=O)c2cnc3occc3c2)CCN1C[C@@H](O)C[C@@H](Cc1ccccc1)C(=O)NC1c2ccccc2C[C@H]1O,8.769551078621726
CC(C)(C)c1ccccc1SC1=C(O)OC(CCc2ccccc2)(c2ccccc2)CC1=O,6.982966660701219
CC(C)CN(C[C@@H](O)[C@H](Cc1ccccc1)NC(=O)O[C@H]1CO[C@H]2OCC[C@H]21)S(=O)(=O)c1ccc(N)cc1,8.818156412055227
CC(C)CCCC1(c2ccccc2)CC(=O)C(SCc2ccccc2)=C(O)O1,6.73754891026957
CC(C)CN(C[C@@H](O)[C@H](Cc1ccccc1)NC(=O)CCc1ccc(O)c(O)c1)S(=O)(=O)c1ccc(N)cc1,9.2518119729938
CC(C)CCNC(=O)[C@H](Cc1ccccc1)C[C@H](O)[C@H](Cc1ccccc1)NC(=O)OC(C)(C)C,6.327902142064283
Cc1cc(SC2=C(O)OC(CCc3ccc(O)cc3)(C3CCCC3)CC2=O)c(C(C)(C)C)cc1NS(=O)(=O)c1ccccc1,8.065501548756432
CN1CCN(CCOc2ccc(C[C@H](NC(=O)OC(C)(C)C)[C@H](O)CNC[C@@H](O)[C@H](Cc3ccccc3)NC(=O)OC(C)(C)C)cc2)C1=O,7.221848749616356
CC(C)(C)OC(=O)N[C@@H](Cc1ccccc1)[C@@H](O)C[C@@](C)(Cc1ccccc1)C(=O)N[C@@H]1c2ccccc2C[C@H]1O,8.113001954328901
CC(C)CN(C[C@H](O)[C@H](NC(=O)O[C@@H]1CCOC1)Sc1ccccc1)S(=O)(=O)c1ccc(N)cc1,4.935542010773082
CC1(C)S[C@H]([C@H](NC(=O)Cc2ccccc2)C(=O)NCC(=O)O)N[C@H]1C(=O)NCCNC(=O)[C@@H]1N[C@@H]([C@H](NC(=O)Cc2ccccc2)C(=O)NCC(=O)O)SC1(C)C,7.4089353929735005
