error,execution_time
Model file not found at modeling/models/chembl243_svr_model.joblib. Please check the path or train a new model.,0.000514984130859375
Model file not found at modeling/models/chembl243_svr_model.joblib. Please check the path or train a new model.,0.0005452632904052734
Model file not found at modeling/models/chembl243_svr_model.joblib. Please check the path or train a new model.,0.0
Model file not found at modeling/models/chembl243_svr_model.joblib. Please check the path or train a new model.,0.0
Model file not found at modeling/models/chembl243_svr_model.joblib. Please check the path or train a new model.,0.0005247592926025391
Model file not found at modeling/models/chembl243_svr_model.joblib. Please check the path or train a new model.,0.0005137920379638672
Model file not found at modeling/models/chembl243_svr_model.joblib. Please check the path or train a new model.,0.0
Model file not found at modeling/models/chembl243_svr_model.joblib. Please check the path or train a new model.,0.0005192756652832031
Model file not found at modeling/models/chembl243_svr_model.joblib. Please check the path or train a new model.,0.0005202293395996094
Model file not found at modeling/models/chembl243_svr_model.joblib. Please check the path or train a new model.,0.0
Model file not found at modeling/models/chembl243_svr_model.joblib. Please check the path or train a new model.,0.0
Model file not found at modeling/models/chembl243_svr_model.joblib. Please check the path or train a new model.,0.0
Model file not found at modeling/models/chembl243_svr_model.joblib. Please check the path or train a new model.,0.0
Model file not found at modeling/models/chembl243_svr_model.joblib. Please check the path or train a new model.,0.0015106201171875
Model file not found at modeling/models/chembl243_svr_model.joblib. Please check the path or train a new model.,0.0
Model file not found at modeling/models/chembl243_svr_model.joblib. Please check the path or train a new model.,0.0
Model file not found at modeling/models/chembl243_svr_model.joblib. Please check the path or train a new model.,0.0010046958923339844
Model file not found at modeling/models/chembl243_svr_model.joblib. Please check the path or train a new model.,0.0005037784576416016
Model file not found at modeling/models/chembl243_svr_model.joblib. Please check the path or train a new model.,0.0
Model file not found at modeling/models/chembl243_svr_model.joblib. Please check the path or train a new model.,0.0
Model file not found at modeling/models/chembl243_svr_model.joblib. Please check the path or train a new model.,0.0
Model file not found at modeling/models/chembl243_svr_model.joblib. Please check the path or train a new model.,0.001001119613647461
Model file not found at modeling/models/chembl243_svr_model.joblib. Please check the path or train a new model.,0.0
Model file not found at modeling/models/chembl243_svr_model.joblib. Please check the path or train a new model.,0.0
Model file not found at modeling/models/chembl243_svr_model.joblib. Please check the path or train a new model.,0.0015053749084472656
Model file not found at modeling/models/chembl243_svr_model.joblib. Please check the path or train a new model.,0.0
Model file not found at modeling/models/chembl243_svr_model.joblib. Please check the path or train a new model.,0.0010063648223876953
Model file not found at modeling/models/chembl243_svr_model.joblib. Please check the path or train a new model.,0.0
Model file not found at modeling/models/chembl243_svr_model.joblib. Please check the path or train a new model.,0.0
Model file not found at modeling/models/chembl243_svr_model.joblib. Please check the path or train a new model.,0.0009989738464355469
Model file not found at modeling/models/chembl243_svr_model.joblib. Please check the path or train a new model.,0.0
Model file not found at modeling/models/chembl243_svr_model.joblib. Please check the path or train a new model.,0.0
Model file not found at modeling/models/chembl243_svr_model.joblib. Please check the path or train a new model.,0.0
Model file not found at modeling/models/chembl243_svr_model.joblib. Please check the path or train a new model.,0.0
Model file not found at modeling/models/chembl243_svr_model.joblib. Please check the path or train a new model.,0.0
Model file not found at modeling/models/chembl243_svr_model.joblib. Please check the path or train a new model.,0.0
Model file not found at modeling/models/chembl243_svr_model.joblib. Please check the path or train a new model.,0.0
Model file not found at modeling/models/chembl243_svr_model.joblib. Please check the path or train a new model.,0.0
Model file not found at modeling/models/chembl243_svr_model.joblib. Please check the path or train a new model.,0.0
Model file not found at modeling/models/chembl243_svr_model.joblib. Please check the path or train a new model.,0.0
Model file not found at modeling/models/chembl243_svr_model.joblib. Please check the path or train a new model.,0.0020418167114257812
Model file not found at modeling/models/chembl243_svr_model.joblib. Please check the path or train a new model.,0.0005991458892822266
Model file not found at modeling/models/chembl243_svr_model.joblib. Please check the path or train a new model.,0.0
Model file not found at modeling/models/chembl243_svr_model.joblib. Please check the path or train a new model.,0.0
Model file not found at modeling/models/chembl243_svr_model.joblib. Please check the path or train a new model.,0.0
Model file not found at modeling/models/chembl243_svr_model.joblib. Please check the path or train a new model.,0.0
Model file not found at modeling/models/chembl243_svr_model.joblib. Please check the path or train a new model.,0.0
Model file not found at modeling/models/chembl243_svr_model.joblib. Please check the path or train a new model.,0.0
Model file not found at modeling/models/chembl243_svr_model.joblib. Please check the path or train a new model.,0.0
Model file not found at modeling/models/chembl243_svr_model.joblib. Please check the path or train a new model.,0.0
Model file not found at modeling/models/chembl243_svr_model.joblib. Please check the path or train a new model.,0.0
Model file not found at modeling/models/chembl243_svr_model.joblib. Please check the path or train a new model.,0.0015609264373779297
Model file not found at modeling/models/chembl243_svr_model.joblib. Please check the path or train a new model.,0.0
Model file not found at modeling/models/chembl243_svr_model.joblib. Please check the path or train a new model.,0.0
Model file not found at modeling/models/chembl243_svr_model.joblib. Please check the path or train a new model.,0.0
Model file not found at modeling/models/chembl243_svr_model.joblib. Please check the path or train a new model.,0.0
Model file not found at modeling/models/chembl243_svr_model.joblib. Please check the path or train a new model.,0.001856088638305664
Model file not found at modeling/models/chembl243_svr_model.joblib. Please check the path or train a new model.,0.0
Model file not found at modeling/models/chembl243_svr_model.joblib. Please check the path or train a new model.,0.0
Model file not found at modeling/models/chembl243_svr_model.joblib. Please check the path or train a new model.,0.0
Model file not found at modeling/models/chembl243_svr_model.joblib. Please check the path or train a new model.,0.0
Model file not found at modeling/models/chembl243_svr_model.joblib. Please check the path or train a new model.,0.0015115737915039062
Model file not found at modeling/models/chembl243_svr_model.joblib. Please check the path or train a new model.,0.0005137920379638672
Model file not found at modeling/models/chembl243_svr_model.joblib. Please check the path or train a new model.,0.0
Model file not found at modeling/models/chembl243_svr_model.joblib. Please check the path or train a new model.,0.0010101795196533203
Model file not found at modeling/models/chembl243_svr_model.joblib. Please check the path or train a new model.,0.0
Model file not found at modeling/models/chembl243_svr_model.joblib. Please check the path or train a new model.,0.0
Model file not found at modeling/models/chembl243_svr_model.joblib. Please check the path or train a new model.,0.0015079975128173828
Model file not found at modeling/models/chembl243_svr_model.joblib. Please check the path or train a new model.,0.0
Model file not found at modeling/models/chembl243_svr_model.joblib. Please check the path or train a new model.,0.0010061264038085938
Model file not found at modeling/models/chembl243_svr_model.joblib. Please check the path or train a new model.,0.0
Model file not found at modeling/models/chembl243_svr_model.joblib. Please check the path or train a new model.,0.0
Model file not found at modeling/models/chembl243_svr_model.joblib. Please check the path or train a new model.,0.0009996891021728516
Model file not found at modeling/models/chembl243_svr_model.joblib. Please check the path or train a new model.,0.0005042552947998047
Model file not found at modeling/models/chembl243_svr_model.joblib. Please check the path or train a new model.,0.0
Model file not found at modeling/models/chembl243_svr_model.joblib. Please check the path or train a new model.,0.0
Model file not found at modeling/models/chembl243_svr_model.joblib. Please check the path or train a new model.,0.0
Model file not found at modeling/models/chembl243_svr_model.joblib. Please check the path or train a new model.,0.0015137195587158203
Model file not found at modeling/models/chembl243_svr_model.joblib. Please check the path or train a new model.,0.0
Model file not found at modeling/models/chembl243_svr_model.joblib. Please check the path or train a new model.,0.0
Model file not found at modeling/models/chembl243_svr_model.joblib. Please check the path or train a new model.,0.0
Model file not found at modeling/models/chembl243_svr_model.joblib. Please check the path or train a new model.,0.0005414485931396484
Model file not found at modeling/models/chembl243_svr_model.joblib. Please check the path or train a new model.,0.0005137920379638672
Model file not found at modeling/models/chembl243_svr_model.joblib. Please check the path or train a new model.,0.0
Model file not found at modeling/models/chembl243_svr_model.joblib. Please check the path or train a new model.,0.0
Model file not found at modeling/models/chembl243_svr_model.joblib. Please check the path or train a new model.,0.0006155967712402344
Model file not found at modeling/models/chembl243_svr_model.joblib. Please check the path or train a new model.,0.0
Model file not found at modeling/models/chembl243_svr_model.joblib. Please check the path or train a new model.,0.0005137920379638672
Model file not found at modeling/models/chembl243_svr_model.joblib. Please check the path or train a new model.,0.0005230903625488281
Model file not found at modeling/models/chembl243_svr_model.joblib. Please check the path or train a new model.,0.0
Model file not found at modeling/models/chembl243_svr_model.joblib. Please check the path or train a new model.,0.00051116943359375
Model file not found at modeling/models/chembl243_svr_model.joblib. Please check the path or train a new model.,0.0
Model file not found at modeling/models/chembl243_svr_model.joblib. Please check the path or train a new model.,0.0
Model file not found at modeling/models/chembl243_svr_model.joblib. Please check the path or train a new model.,0.0
Model file not found at modeling/models/chembl243_svr_model.joblib. Please check the path or train a new model.,0.0015118122100830078
Model file not found at modeling/models/chembl243_svr_model.joblib. Please check the path or train a new model.,0.0
Model file not found at modeling/models/chembl243_svr_model.joblib. Please check the path or train a new model.,0.0006625652313232422
Model file not found at modeling/models/chembl243_svr_model.joblib. Please check the path or train a new model.,0.0
Model file not found at modeling/models/chembl243_svr_model.joblib. Please check the path or train a new model.,0.0
Model file not found at modeling/models/chembl243_svr_model.joblib. Please check the path or train a new model.,0.0010046958923339844
Model file not found at modeling/models/chembl243_svr_model.joblib. Please check the path or train a new model.,0.0
Model file not found at modeling/models/chembl243_svr_model.joblib. Please check the path or train a new model.,0.0
Model file not found at modeling/models/chembl243_svr_model.joblib. Please check the path or train a new model.,0.0010285377502441406
Model file not found at modeling/models/chembl243_svr_model.joblib. Please check the path or train a new model.,0.0
Model file not found at modeling/models/chembl243_svr_model.joblib. Please check the path or train a new model.,0.0
Model file not found at modeling/models/chembl243_svr_model.joblib. Please check the path or train a new model.,0.0
Model file not found at modeling/models/chembl243_svr_model.joblib. Please check the path or train a new model.,0.0005164146423339844
Model file not found at modeling/models/chembl243_svr_model.joblib. Please check the path or train a new model.,0.0005319118499755859
Model file not found at modeling/models/chembl243_svr_model.joblib. Please check the path or train a new model.,0.0005214214324951172
Model file not found at modeling/models/chembl243_svr_model.joblib. Please check the path or train a new model.,0.0005259513854980469
Model file not found at modeling/models/chembl243_svr_model.joblib. Please check the path or train a new model.,0.0005240440368652344
Model file not found at modeling/models/chembl243_svr_model.joblib. Please check the path or train a new model.,0.0005192756652832031
Model file not found at modeling/models/chembl243_svr_model.joblib. Please check the path or train a new model.,0.0
Model file not found at modeling/models/chembl243_svr_model.joblib. Please check the path or train a new model.,0.0005197525024414062
Model file not found at modeling/models/chembl243_svr_model.joblib. Please check the path or train a new model.,0.0005211830139160156
Model file not found at modeling/models/chembl243_svr_model.joblib. Please check the path or train a new model.,0.0005195140838623047
Model file not found at modeling/models/chembl243_svr_model.joblib. Please check the path or train a new model.,0.0
Model file not found at modeling/models/chembl243_svr_model.joblib. Please check the path or train a new model.,0.0005223751068115234
Model file not found at modeling/models/chembl243_svr_model.joblib. Please check the path or train a new model.,0.0005609989166259766
Model file not found at modeling/models/chembl243_svr_model.joblib. Please check the path or train a new model.,0.0005152225494384766
Model file not found at modeling/models/chembl243_svr_model.joblib. Please check the path or train a new model.,0.0
Model file not found at modeling/models/chembl243_svr_model.joblib. Please check the path or train a new model.,0.0006957054138183594
Model file not found at modeling/models/chembl243_svr_model.joblib. Please check the path or train a new model.,0.0
Model file not found at modeling/models/chembl243_svr_model.joblib. Please check the path or train a new model.,0.0
Model file not found at modeling/models/chembl243_svr_model.joblib. Please check the path or train a new model.,0.0005211830139160156
Model file not found at modeling/models/chembl243_svr_model.joblib. Please check the path or train a new model.,0.0
Model file not found at modeling/models/chembl243_svr_model.joblib. Please check the path or train a new model.,0.0005350112915039062
Model file not found at modeling/models/chembl243_svr_model.joblib. Please check the path or train a new model.,0.0005214214324951172
Model file not found at modeling/models/chembl243_svr_model.joblib. Please check the path or train a new model.,0.0
Model file not found at modeling/models/chembl243_svr_model.joblib. Please check the path or train a new model.,0.0
Model file not found at modeling/models/chembl243_svr_model.joblib. Please check the path or train a new model.,0.0005114078521728516
Model file not found at modeling/models/chembl243_svr_model.joblib. Please check the path or train a new model.,0.0005290508270263672
Model file not found at modeling/models/chembl243_svr_model.joblib. Please check the path or train a new model.,0.0
Model file not found at modeling/models/chembl243_svr_model.joblib. Please check the path or train a new model.,0.0
Model file not found at modeling/models/chembl243_svr_model.joblib. Please check the path or train a new model.,0.0
Model file not found at modeling/models/chembl243_svr_model.joblib. Please check the path or train a new model.,0.0010068416595458984
Model file not found at modeling/models/chembl243_svr_model.joblib. Please check the path or train a new model.,0.0
Model file not found at modeling/models/chembl243_svr_model.joblib. Please check the path or train a new model.,0.0
Model file not found at modeling/models/chembl243_svr_model.joblib. Please check the path or train a new model.,0.0009982585906982422
Model file not found at modeling/models/chembl243_svr_model.joblib. Please check the path or train a new model.,0.0
Model file not found at modeling/models/chembl243_svr_model.joblib. Please check the path or train a new model.,0.0
Model file not found at modeling/models/chembl243_svr_model.joblib. Please check the path or train a new model.,0.0010004043579101562
Model file not found at modeling/models/chembl243_svr_model.joblib. Please check the path or train a new model.,0.0
Model file not found at modeling/models/chembl243_svr_model.joblib. Please check the path or train a new model.,0.0
Model file not found at modeling/models/chembl243_svr_model.joblib. Please check the path or train a new model.,0.0005130767822265625
Model file not found at modeling/models/chembl243_svr_model.joblib. Please check the path or train a new model.,0.0
Model file not found at modeling/models/chembl243_svr_model.joblib. Please check the path or train a new model.,0.0
Model file not found at modeling/models/chembl243_svr_model.joblib. Please check the path or train a new model.,0.0
Model file not found at modeling/models/chembl243_svr_model.joblib. Please check the path or train a new model.,0.0
Model file not found at modeling/models/chembl243_svr_model.joblib. Please check the path or train a new model.,0.0
Model file not found at modeling/models/chembl243_svr_model.joblib. Please check the path or train a new model.,0.0
Model file not found at modeling/models/chembl243_svr_model.joblib. Please check the path or train a new model.,0.0
Model file not found at modeling/models/chembl243_svr_model.joblib. Please check the path or train a new model.,0.0
Model file not found at modeling/models/chembl243_svr_model.joblib. Please check the path or train a new model.,0.0009958744049072266
Model file not found at modeling/models/chembl243_svr_model.joblib. Please check the path or train a new model.,0.0
Model file not found at modeling/models/chembl243_svr_model.joblib. Please check the path or train a new model.,0.0009949207305908203
Model file not found at modeling/models/chembl243_svr_model.joblib. Please check the path or train a new model.,0.0
Model file not found at modeling/models/chembl243_svr_model.joblib. Please check the path or train a new model.,0.0
Model file not found at modeling/models/chembl243_svr_model.joblib. Please check the path or train a new model.,0.0005273818969726562
Model file not found at modeling/models/chembl243_svr_model.joblib. Please check the path or train a new model.,0.0
Model file not found at modeling/models/chembl243_svr_model.joblib. Please check the path or train a new model.,0.0
Model file not found at modeling/models/chembl243_svr_model.joblib. Please check the path or train a new model.,0.0
Model file not found at modeling/models/chembl243_svr_model.joblib. Please check the path or train a new model.,0.0010061264038085938
Model file not found at modeling/models/chembl243_svr_model.joblib. Please check the path or train a new model.,0.0
Model file not found at modeling/models/chembl243_svr_model.joblib. Please check the path or train a new model.,0.0
Model file not found at modeling/models/chembl243_svr_model.joblib. Please check the path or train a new model.,0.0009984970092773438
Model file not found at modeling/models/chembl243_svr_model.joblib. Please check the path or train a new model.,0.0
Model file not found at modeling/models/chembl243_svr_model.joblib. Please check the path or train a new model.,0.0
Model file not found at modeling/models/chembl243_svr_model.joblib. Please check the path or train a new model.,0.0010578632354736328
Model file not found at modeling/models/chembl243_svr_model.joblib. Please check the path or train a new model.,0.0
Model file not found at modeling/models/chembl243_svr_model.joblib. Please check the path or train a new model.,0.0
Model file not found at modeling/models/chembl243_svr_model.joblib. Please check the path or train a new model.,0.00099945068359375
Model file not found at modeling/models/chembl243_svr_model.joblib. Please check the path or train a new model.,0.0
Model file not found at modeling/models/chembl243_svr_model.joblib. Please check the path or train a new model.,0.0
Model file not found at modeling/models/chembl243_svr_model.joblib. Please check the path or train a new model.,0.0
Model file not found at modeling/models/chembl243_svr_model.joblib. Please check the path or train a new model.,0.0
Model file not found at modeling/models/chembl243_svr_model.joblib. Please check the path or train a new model.,0.001676797866821289
Model file not found at modeling/models/chembl243_svr_model.joblib. Please check the path or train a new model.,0.0
Model file not found at modeling/models/chembl243_svr_model.joblib. Please check the path or train a new model.,0.0
Model file not found at modeling/models/chembl243_svr_model.joblib. Please check the path or train a new model.,0.001004934310913086
Model file not found at modeling/models/chembl243_svr_model.joblib. Please check the path or train a new model.,0.0
Model file not found at modeling/models/chembl243_svr_model.joblib. Please check the path or train a new model.,0.0
Model file not found at modeling/models/chembl243_svr_model.joblib. Please check the path or train a new model.,0.0009999275207519531
Model file not found at modeling/models/chembl243_svr_model.joblib. Please check the path or train a new model.,0.0
Model file not found at modeling/models/chembl243_svr_model.joblib. Please check the path or train a new model.,0.0
Model file not found at modeling/models/chembl243_svr_model.joblib. Please check the path or train a new model.,0.0009996891021728516
Model file not found at modeling/models/chembl243_svr_model.joblib. Please check the path or train a new model.,0.0
Model file not found at modeling/models/chembl243_svr_model.joblib. Please check the path or train a new model.,0.0
Model file not found at modeling/models/chembl243_svr_model.joblib. Please check the path or train a new model.,0.0010662078857421875
Model file not found at modeling/models/chembl243_svr_model.joblib. Please check the path or train a new model.,0.0
Model file not found at modeling/models/chembl243_svr_model.joblib. Please check the path or train a new model.,0.0
Model file not found at modeling/models/chembl243_svr_model.joblib. Please check the path or train a new model.,0.0010008811950683594
Model file not found at modeling/models/chembl243_svr_model.joblib. Please check the path or train a new model.,0.0
Model file not found at modeling/models/chembl243_svr_model.joblib. Please check the path or train a new model.,0.0011196136474609375
Model file not found at modeling/models/chembl243_svr_model.joblib. Please check the path or train a new model.,0.0
Model file not found at modeling/models/chembl243_svr_model.joblib. Please check the path or train a new model.,0.0
Model file not found at modeling/models/chembl243_svr_model.joblib. Please check the path or train a new model.,0.0015065670013427734
Model file not found at modeling/models/chembl243_svr_model.joblib. Please check the path or train a new model.,0.0
Model file not found at modeling/models/chembl243_svr_model.joblib. Please check the path or train a new model.,0.0
Model file not found at modeling/models/chembl243_svr_model.joblib. Please check the path or train a new model.,0.0
Model file not found at modeling/models/chembl243_svr_model.joblib. Please check the path or train a new model.,0.0005385875701904297
Model file not found at modeling/models/chembl243_svr_model.joblib. Please check the path or train a new model.,0.0005145072937011719
Model file not found at modeling/models/chembl243_svr_model.joblib. Please check the path or train a new model.,0.0
Model file not found at modeling/models/chembl243_svr_model.joblib. Please check the path or train a new model.,0.0
Model file not found at modeling/models/chembl243_svr_model.joblib. Please check the path or train a new model.,0.0
Model file not found at modeling/models/chembl243_svr_model.joblib. Please check the path or train a new model.,0.0
Model file not found at modeling/models/chembl243_svr_model.joblib. Please check the path or train a new model.,0.001512765884399414
Model file not found at modeling/models/chembl243_svr_model.joblib. Please check the path or train a new model.,0.0
Model file not found at modeling/models/chembl243_svr_model.joblib. Please check the path or train a new model.,0.0
Model file not found at modeling/models/chembl243_svr_model.joblib. Please check the path or train a new model.,0.0005137920379638672
Model file not found at modeling/models/chembl243_svr_model.joblib. Please check the path or train a new model.,0.0
Model file not found at modeling/models/chembl243_svr_model.joblib. Please check the path or train a new model.,0.0
Model file not found at modeling/models/chembl243_svr_model.joblib. Please check the path or train a new model.,0.0005125999450683594
Model file not found at modeling/models/chembl243_svr_model.joblib. Please check the path or train a new model.,0.0
Model file not found at modeling/models/chembl243_svr_model.joblib. Please check the path or train a new model.,0.0
Model file not found at modeling/models/chembl243_svr_model.joblib. Please check the path or train a new model.,0.0010046958923339844
Model file not found at modeling/models/chembl243_svr_model.joblib. Please check the path or train a new model.,0.0
Model file not found at modeling/models/chembl243_svr_model.joblib. Please check the path or train a new model.,0.0
Model file not found at modeling/models/chembl243_svr_model.joblib. Please check the path or train a new model.,0.0
Model file not found at modeling/models/chembl243_svr_model.joblib. Please check the path or train a new model.,0.0
Model file not found at modeling/models/chembl243_svr_model.joblib. Please check the path or train a new model.,0.0
Model file not found at modeling/models/chembl243_svr_model.joblib. Please check the path or train a new model.,0.0
Model file not found at modeling/models/chembl243_svr_model.joblib. Please check the path or train a new model.,0.0010046958923339844
Model file not found at modeling/models/chembl243_svr_model.joblib. Please check the path or train a new model.,0.0
Model file not found at modeling/models/chembl243_svr_model.joblib. Please check the path or train a new model.,0.0
Model file not found at modeling/models/chembl243_svr_model.joblib. Please check the path or train a new model.,0.0010020732879638672
Model file not found at modeling/models/chembl243_svr_model.joblib. Please check the path or train a new model.,0.0
Model file not found at modeling/models/chembl243_svr_model.joblib. Please check the path or train a new model.,0.0
Model file not found at modeling/models/chembl243_svr_model.joblib. Please check the path or train a new model.,0.0
Model file not found at modeling/models/chembl243_svr_model.joblib. Please check the path or train a new model.,0.0
Model file not found at modeling/models/chembl243_svr_model.joblib. Please check the path or train a new model.,0.0
Model file not found at modeling/models/chembl243_svr_model.joblib. Please check the path or train a new model.,0.0
Model file not found at modeling/models/chembl243_svr_model.joblib. Please check the path or train a new model.,0.0010068416595458984
Model file not found at modeling/models/chembl243_svr_model.joblib. Please check the path or train a new model.,0.0
Model file not found at modeling/models/chembl243_svr_model.joblib. Please check the path or train a new model.,0.0009989738464355469
Model file not found at modeling/models/chembl243_svr_model.joblib. Please check the path or train a new model.,0.0
Model file not found at modeling/models/chembl243_svr_model.joblib. Please check the path or train a new model.,0.0
Model file not found at modeling/models/chembl243_svr_model.joblib. Please check the path or train a new model.,0.0
Model file not found at modeling/models/chembl243_svr_model.joblib. Please check the path or train a new model.,0.0
Model file not found at modeling/models/chembl243_svr_model.joblib. Please check the path or train a new model.,0.0
Model file not found at modeling/models/chembl243_svr_model.joblib. Please check the path or train a new model.,0.0
Model file not found at modeling/models/chembl243_svr_model.joblib. Please check the path or train a new model.,0.0
Model file not found at modeling/models/chembl243_svr_model.joblib. Please check the path or train a new model.,0.0
Model file not found at modeling/models/chembl243_svr_model.joblib. Please check the path or train a new model.,0.0
Model file not found at modeling/models/chembl243_svr_model.joblib. Please check the path or train a new model.,0.0009982585906982422
Model file not found at modeling/models/chembl243_svr_model.joblib. Please check the path or train a new model.,0.0
Model file not found at modeling/models/chembl243_svr_model.joblib. Please check the path or train a new model.,0.0
Model file not found at modeling/models/chembl243_svr_model.joblib. Please check the path or train a new model.,0.0
Model file not found at modeling/models/chembl243_svr_model.joblib. Please check the path or train a new model.,0.0
Model file not found at modeling/models/chembl243_svr_model.joblib. Please check the path or train a new model.,0.0012116432189941406
Model file not found at modeling/models/chembl243_svr_model.joblib. Please check the path or train a new model.,0.0005047321319580078
Model file not found at modeling/models/chembl243_svr_model.joblib. Please check the path or train a new model.,0.0
Model file not found at modeling/models/chembl243_svr_model.joblib. Please check the path or train a new model.,0.0
Model file not found at modeling/models/chembl243_svr_model.joblib. Please check the path or train a new model.,0.0
Model file not found at modeling/models/chembl243_svr_model.joblib. Please check the path or train a new model.,0.0015139579772949219
Model file not found at modeling/models/chembl243_svr_model.joblib. Please check the path or train a new model.,0.0
Model file not found at modeling/models/chembl243_svr_model.joblib. Please check the path or train a new model.,0.0
Model file not found at modeling/models/chembl243_svr_model.joblib. Please check the path or train a new model.,0.0
Model file not found at modeling/models/chembl243_svr_model.joblib. Please check the path or train a new model.,0.0
Model file not found at modeling/models/chembl243_svr_model.joblib. Please check the path or train a new model.,0.0
Model file not found at modeling/models/chembl243_svr_model.joblib. Please check the path or train a new model.,0.0
Model file not found at modeling/models/chembl243_svr_model.joblib. Please check the path or train a new model.,0.0015625953674316406
Model file not found at modeling/models/chembl243_svr_model.joblib. Please check the path or train a new model.,0.0005152225494384766
Model file not found at modeling/models/chembl243_svr_model.joblib. Please check the path or train a new model.,0.0
Model file not found at modeling/models/chembl243_svr_model.joblib. Please check the path or train a new model.,0.0005702972412109375
Model file not found at modeling/models/chembl243_svr_model.joblib. Please check the path or train a new model.,0.0
Model file not found at modeling/models/chembl243_svr_model.joblib. Please check the path or train a new model.,0.0
Model file not found at modeling/models/chembl243_svr_model.joblib. Please check the path or train a new model.,0.0
Model file not found at modeling/models/chembl243_svr_model.joblib. Please check the path or train a new model.,0.0
Model file not found at modeling/models/chembl243_svr_model.joblib. Please check the path or train a new model.,0.0
Model file not found at modeling/models/chembl243_svr_model.joblib. Please check the path or train a new model.,0.0
Model file not found at modeling/models/chembl243_svr_model.joblib. Please check the path or train a new model.,0.0010056495666503906
Model file not found at modeling/models/chembl243_svr_model.joblib. Please check the path or train a new model.,0.0
Model file not found at modeling/models/chembl243_svr_model.joblib. Please check the path or train a new model.,0.0
Model file not found at modeling/models/chembl243_svr_model.joblib. Please check the path or train a new model.,0.0
Model file not found at modeling/models/chembl243_svr_model.joblib. Please check the path or train a new model.,0.0010094642639160156
Model file not found at modeling/models/chembl243_svr_model.joblib. Please check the path or train a new model.,0.0
Model file not found at modeling/models/chembl243_svr_model.joblib. Please check the path or train a new model.,0.0010008811950683594
Model file not found at modeling/models/chembl243_svr_model.joblib. Please check the path or train a new model.,0.0005450248718261719
Model file not found at modeling/models/chembl243_svr_model.joblib. Please check the path or train a new model.,0.0
Model file not found at modeling/models/chembl243_svr_model.joblib. Please check the path or train a new model.,0.001009225845336914
Model file not found at modeling/models/chembl243_svr_model.joblib. Please check the path or train a new model.,0.0
Model file not found at modeling/models/chembl243_svr_model.joblib. Please check the path or train a new model.,0.0009961128234863281
Model file not found at modeling/models/chembl243_svr_model.joblib. Please check the path or train a new model.,0.0
Model file not found at modeling/models/chembl243_svr_model.joblib. Please check the path or train a new model.,0.0
Model file not found at modeling/models/chembl243_svr_model.joblib. Please check the path or train a new model.,0.001003265380859375
Model file not found at modeling/models/chembl243_svr_model.joblib. Please check the path or train a new model.,0.0
Model file not found at modeling/models/chembl243_svr_model.joblib. Please check the path or train a new model.,0.0
Model file not found at modeling/models/chembl243_svr_model.joblib. Please check the path or train a new model.,0.0
Model file not found at modeling/models/chembl243_svr_model.joblib. Please check the path or train a new model.,0.0
Model file not found at modeling/models/chembl243_svr_model.joblib. Please check the path or train a new model.,0.0010066032409667969
Model file not found at modeling/models/chembl243_svr_model.joblib. Please check the path or train a new model.,0.0
Model file not found at modeling/models/chembl243_svr_model.joblib. Please check the path or train a new model.,0.0
Model file not found at modeling/models/chembl243_svr_model.joblib. Please check the path or train a new model.,0.0009982585906982422
Model file not found at modeling/models/chembl243_svr_model.joblib. Please check the path or train a new model.,0.0
Model file not found at modeling/models/chembl243_svr_model.joblib. Please check the path or train a new model.,0.0
Model file not found at modeling/models/chembl243_svr_model.joblib. Please check the path or train a new model.,0.0
Model file not found at modeling/models/chembl243_svr_model.joblib. Please check the path or train a new model.,0.0013685226440429688
Model file not found at modeling/models/chembl243_svr_model.joblib. Please check the path or train a new model.,0.0
Model file not found at modeling/models/chembl243_svr_model.joblib. Please check the path or train a new model.,0.0
Model file not found at modeling/models/chembl243_svr_model.joblib. Please check the path or train a new model.,0.0010001659393310547
Model file not found at modeling/models/chembl243_svr_model.joblib. Please check the path or train a new model.,0.0
Model file not found at modeling/models/chembl243_svr_model.joblib. Please check the path or train a new model.,0.0
Model file not found at modeling/models/chembl243_svr_model.joblib. Please check the path or train a new model.,0.0
Model file not found at modeling/models/chembl243_svr_model.joblib. Please check the path or train a new model.,0.0005047321319580078
Model file not found at modeling/models/chembl243_svr_model.joblib. Please check the path or train a new model.,0.0
Model file not found at modeling/models/chembl243_svr_model.joblib. Please check the path or train a new model.,0.0010068416595458984
Model file not found at modeling/models/chembl243_svr_model.joblib. Please check the path or train a new model.,0.0
Model file not found at modeling/models/chembl243_svr_model.joblib. Please check the path or train a new model.,0.0
Model file not found at modeling/models/chembl243_svr_model.joblib. Please check the path or train a new model.,0.0
Model file not found at modeling/models/chembl243_svr_model.joblib. Please check the path or train a new model.,0.0015048980712890625
Model file not found at modeling/models/chembl243_svr_model.joblib. Please check the path or train a new model.,0.0
Model file not found at modeling/models/chembl243_svr_model.joblib. Please check the path or train a new model.,0.0005660057067871094
Model file not found at modeling/models/chembl243_svr_model.joblib. Please check the path or train a new model.,0.0
Model file not found at modeling/models/chembl243_svr_model.joblib. Please check the path or train a new model.,0.0
Model file not found at modeling/models/chembl243_svr_model.joblib. Please check the path or train a new model.,0.0
Model file not found at modeling/models/chembl243_svr_model.joblib. Please check the path or train a new model.,0.0015113353729248047
Model file not found at modeling/models/chembl243_svr_model.joblib. Please check the path or train a new model.,0.0005137920379638672
Model file not found at modeling/models/chembl243_svr_model.joblib. Please check the path or train a new model.,0.0006344318389892578
Model file not found at modeling/models/chembl243_svr_model.joblib. Please check the path or train a new model.,0.0
Model file not found at modeling/models/chembl243_svr_model.joblib. Please check the path or train a new model.,0.0010063648223876953
Model file not found at modeling/models/chembl243_svr_model.joblib. Please check the path or train a new model.,0.0
Model file not found at modeling/models/chembl243_svr_model.joblib. Please check the path or train a new model.,0.0010001659393310547
Model file not found at modeling/models/chembl243_svr_model.joblib. Please check the path or train a new model.,0.0
Model file not found at modeling/models/chembl243_svr_model.joblib. Please check the path or train a new model.,0.0
Model file not found at modeling/models/chembl243_svr_model.joblib. Please check the path or train a new model.,0.001051187515258789
Model file not found at modeling/models/chembl243_svr_model.joblib. Please check the path or train a new model.,0.0
Model file not found at modeling/models/chembl243_svr_model.joblib. Please check the path or train a new model.,0.0009963512420654297
Model file not found at modeling/models/chembl243_svr_model.joblib. Please check the path or train a new model.,0.0
Model file not found at modeling/models/chembl243_svr_model.joblib. Please check the path or train a new model.,0.0005042552947998047
Model file not found at modeling/models/chembl243_svr_model.joblib. Please check the path or train a new model.,0.0
Model file not found at modeling/models/chembl243_svr_model.joblib. Please check the path or train a new model.,0.0
Model file not found at modeling/models/chembl243_svr_model.joblib. Please check the path or train a new model.,0.0
Model file not found at modeling/models/chembl243_svr_model.joblib. Please check the path or train a new model.,0.0015482902526855469
Model file not found at modeling/models/chembl243_svr_model.joblib. Please check the path or train a new model.,0.0005142688751220703
Model file not found at modeling/models/chembl243_svr_model.joblib. Please check the path or train a new model.,0.0005168914794921875
Model file not found at modeling/models/chembl243_svr_model.joblib. Please check the path or train a new model.,0.0005474090576171875
Model file not found at modeling/models/chembl243_svr_model.joblib. Please check the path or train a new model.,0.0
Model file not found at modeling/models/chembl243_svr_model.joblib. Please check the path or train a new model.,0.0
Model file not found at modeling/models/chembl243_svr_model.joblib. Please check the path or train a new model.,0.0
Model file not found at modeling/models/chembl243_svr_model.joblib. Please check the path or train a new model.,0.0
Model file not found at modeling/models/chembl243_svr_model.joblib. Please check the path or train a new model.,0.0005171298980712891
Model file not found at modeling/models/chembl243_svr_model.joblib. Please check the path or train a new model.,0.0005195140838623047
Model file not found at modeling/models/chembl243_svr_model.joblib. Please check the path or train a new model.,0.0
Model file not found at modeling/models/chembl243_svr_model.joblib. Please check the path or train a new model.,0.001007080078125
Model file not found at modeling/models/chembl243_svr_model.joblib. Please check the path or train a new model.,0.0
Model file not found at modeling/models/chembl243_svr_model.joblib. Please check the path or train a new model.,0.0
Model file not found at modeling/models/chembl243_svr_model.joblib. Please check the path or train a new model.,0.0
Model file not found at modeling/models/chembl243_svr_model.joblib. Please check the path or train a new model.,0.0
Model file not found at modeling/models/chembl243_svr_model.joblib. Please check the path or train a new model.,0.0
Model file not found at modeling/models/chembl243_svr_model.joblib. Please check the path or train a new model.,0.0011925697326660156
Model file not found at modeling/models/chembl243_svr_model.joblib. Please check the path or train a new model.,0.0
Model file not found at modeling/models/chembl243_svr_model.joblib. Please check the path or train a new model.,0.0
Model file not found at modeling/models/chembl243_svr_model.joblib. Please check the path or train a new model.,0.001005411148071289
Model file not found at modeling/models/chembl243_svr_model.joblib. Please check the path or train a new model.,0.0005321502685546875
Model file not found at modeling/models/chembl243_svr_model.joblib. Please check the path or train a new model.,0.0010123252868652344
Model file not found at modeling/models/chembl243_svr_model.joblib. Please check the path or train a new model.,0.0
Model file not found at modeling/models/chembl243_svr_model.joblib. Please check the path or train a new model.,0.000995635986328125
Model file not found at modeling/models/chembl243_svr_model.joblib. Please check the path or train a new model.,0.0
Model file not found at modeling/models/chembl243_svr_model.joblib. Please check the path or train a new model.,0.0010004043579101562
Model file not found at modeling/models/chembl243_svr_model.joblib. Please check the path or train a new model.,0.0
Model file not found at modeling/models/chembl243_svr_model.joblib. Please check the path or train a new model.,0.0009987354278564453
Model file not found at modeling/models/chembl243_svr_model.joblib. Please check the path or train a new model.,0.0
Model file not found at modeling/models/chembl243_svr_model.joblib. Please check the path or train a new model.,0.0010683536529541016
Model file not found at modeling/models/chembl243_svr_model.joblib. Please check the path or train a new model.,0.0
Model file not found at modeling/models/chembl243_svr_model.joblib. Please check the path or train a new model.,0.0
Model file not found at modeling/models/chembl243_svr_model.joblib. Please check the path or train a new model.,0.0
Model file not found at modeling/models/chembl243_svr_model.joblib. Please check the path or train a new model.,0.0015039443969726562
Model file not found at modeling/models/chembl243_svr_model.joblib. Please check the path or train a new model.,0.0
Model file not found at modeling/models/chembl243_svr_model.joblib. Please check the path or train a new model.,0.0
Model file not found at modeling/models/chembl243_svr_model.joblib. Please check the path or train a new model.,0.0012052059173583984
Model file not found at modeling/models/chembl243_svr_model.joblib. Please check the path or train a new model.,0.0
Model file not found at modeling/models/chembl243_svr_model.joblib. Please check the path or train a new model.,0.0010018348693847656
Model file not found at modeling/models/chembl243_svr_model.joblib. Please check the path or train a new model.,0.0
Model file not found at modeling/models/chembl243_svr_model.joblib. Please check the path or train a new model.,0.0
Model file not found at modeling/models/chembl243_svr_model.joblib. Please check the path or train a new model.,0.000997781753540039
Model file not found at modeling/models/chembl243_svr_model.joblib. Please check the path or train a new model.,0.0
Model file not found at modeling/models/chembl243_svr_model.joblib. Please check the path or train a new model.,0.0
Model file not found at modeling/models/chembl243_svr_model.joblib. Please check the path or train a new model.,0.0010309219360351562
Model file not found at modeling/models/chembl243_svr_model.joblib. Please check the path or train a new model.,0.0
Model file not found at modeling/models/chembl243_svr_model.joblib. Please check the path or train a new model.,0.0
Model file not found at modeling/models/chembl243_svr_model.joblib. Please check the path or train a new model.,0.0010063648223876953
Model file not found at modeling/models/chembl243_svr_model.joblib. Please check the path or train a new model.,0.0
Model file not found at modeling/models/chembl243_svr_model.joblib. Please check the path or train a new model.,0.0
Model file not found at modeling/models/chembl243_svr_model.joblib. Please check the path or train a new model.,0.0010631084442138672
Model file not found at modeling/models/chembl243_svr_model.joblib. Please check the path or train a new model.,0.0
Model file not found at modeling/models/chembl243_svr_model.joblib. Please check the path or train a new model.,0.0
Model file not found at modeling/models/chembl243_svr_model.joblib. Please check the path or train a new model.,0.0
Model file not found at modeling/models/chembl243_svr_model.joblib. Please check the path or train a new model.,0.0
Model file not found at modeling/models/chembl243_svr_model.joblib. Please check the path or train a new model.,0.0015032291412353516
Model file not found at modeling/models/chembl243_svr_model.joblib. Please check the path or train a new model.,0.0005116462707519531
Model file not found at modeling/models/chembl243_svr_model.joblib. Please check the path or train a new model.,0.0
Model file not found at modeling/models/chembl243_svr_model.joblib. Please check the path or train a new model.,0.0
Model file not found at modeling/models/chembl243_svr_model.joblib. Please check the path or train a new model.,0.0005145072937011719
Model file not found at modeling/models/chembl243_svr_model.joblib. Please check the path or train a new model.,0.0005261898040771484
Model file not found at modeling/models/chembl243_svr_model.joblib. Please check the path or train a new model.,0.0006759166717529297
Model file not found at modeling/models/chembl243_svr_model.joblib. Please check the path or train a new model.,0.0005152225494384766
Model file not found at modeling/models/chembl243_svr_model.joblib. Please check the path or train a new model.,0.0005142688751220703
Model file not found at modeling/models/chembl243_svr_model.joblib. Please check the path or train a new model.,0.0010077953338623047
Model file not found at modeling/models/chembl243_svr_model.joblib. Please check the path or train a new model.,0.0
Model file not found at modeling/models/chembl243_svr_model.joblib. Please check the path or train a new model.,0.00099945068359375
Model file not found at modeling/models/chembl243_svr_model.joblib. Please check the path or train a new model.,0.0
Model file not found at modeling/models/chembl243_svr_model.joblib. Please check the path or train a new model.,0.0010006427764892578
Model file not found at modeling/models/chembl243_svr_model.joblib. Please check the path or train a new model.,0.0
Model file not found at modeling/models/chembl243_svr_model.joblib. Please check the path or train a new model.,0.0
Model file not found at modeling/models/chembl243_svr_model.joblib. Please check the path or train a new model.,0.001003265380859375
Model file not found at modeling/models/chembl243_svr_model.joblib. Please check the path or train a new model.,0.0
Model file not found at modeling/models/chembl243_svr_model.joblib. Please check the path or train a new model.,0.0
Model file not found at modeling/models/chembl243_svr_model.joblib. Please check the path or train a new model.,0.0015180110931396484
Model file not found at modeling/models/chembl243_svr_model.joblib. Please check the path or train a new model.,0.0
Model file not found at modeling/models/chembl243_svr_model.joblib. Please check the path or train a new model.,0.0010089874267578125
Model file not found at modeling/models/chembl243_svr_model.joblib. Please check the path or train a new model.,0.0
Model file not found at modeling/models/chembl243_svr_model.joblib. Please check the path or train a new model.,0.003025531768798828
Model file not found at modeling/models/chembl243_svr_model.joblib. Please check the path or train a new model.,0.0015060901641845703
Model file not found at modeling/models/chembl243_svr_model.joblib. Please check the path or train a new model.,0.0023775100708007812
Model file not found at modeling/models/chembl243_svr_model.joblib. Please check the path or train a new model.,0.001172780990600586
Model file not found at modeling/models/chembl243_svr_model.joblib. Please check the path or train a new model.,0.0
Model file not found at modeling/models/chembl243_svr_model.joblib. Please check the path or train a new model.,0.0010063648223876953
Model file not found at modeling/models/chembl243_svr_model.joblib. Please check the path or train a new model.,0.0010080337524414062
Model file not found at modeling/models/chembl243_svr_model.joblib. Please check the path or train a new model.,0.0
Model file not found at modeling/models/chembl243_svr_model.joblib. Please check the path or train a new model.,0.0
Model file not found at modeling/models/chembl243_svr_model.joblib. Please check the path or train a new model.,0.0015070438385009766
Model file not found at modeling/models/chembl243_svr_model.joblib. Please check the path or train a new model.,0.0010075569152832031
Model file not found at modeling/models/chembl243_svr_model.joblib. Please check the path or train a new model.,0.0005056858062744141
Model file not found at modeling/models/chembl243_svr_model.joblib. Please check the path or train a new model.,0.0
Model file not found at modeling/models/chembl243_svr_model.joblib. Please check the path or train a new model.,0.0
Model file not found at modeling/models/chembl243_svr_model.joblib. Please check the path or train a new model.,0.0
Model file not found at modeling/models/chembl243_svr_model.joblib. Please check the path or train a new model.,0.0
Model file not found at modeling/models/chembl243_svr_model.joblib. Please check the path or train a new model.,0.0005068778991699219
Model file not found at modeling/models/chembl243_svr_model.joblib. Please check the path or train a new model.,0.0
Model file not found at modeling/models/chembl243_svr_model.joblib. Please check the path or train a new model.,0.0010063648223876953
Model file not found at modeling/models/chembl243_svr_model.joblib. Please check the path or train a new model.,0.0016436576843261719
Model file not found at modeling/models/chembl243_svr_model.joblib. Please check the path or train a new model.,0.0010952949523925781
Model file not found at modeling/models/chembl243_svr_model.joblib. Please check the path or train a new model.,0.0005161762237548828
Model file not found at modeling/models/chembl243_svr_model.joblib. Please check the path or train a new model.,0.0
Model file not found at modeling/models/chembl243_svr_model.joblib. Please check the path or train a new model.,0.0
Model file not found at modeling/models/chembl243_svr_model.joblib. Please check the path or train a new model.,0.0
Model file not found at modeling/models/chembl243_svr_model.joblib. Please check the path or train a new model.,0.0
Model file not found at modeling/models/chembl243_svr_model.joblib. Please check the path or train a new model.,0.0010018348693847656
Model file not found at modeling/models/chembl243_svr_model.joblib. Please check the path or train a new model.,0.0
Model file not found at modeling/models/chembl243_svr_model.joblib. Please check the path or train a new model.,0.0010006427764892578
Model file not found at modeling/models/chembl243_svr_model.joblib. Please check the path or train a new model.,0.0
Model file not found at modeling/models/chembl243_svr_model.joblib. Please check the path or train a new model.,0.0
Model file not found at modeling/models/chembl243_svr_model.joblib. Please check the path or train a new model.,0.0010714530944824219
Model file not found at modeling/models/chembl243_svr_model.joblib. Please check the path or train a new model.,0.0
Model file not found at modeling/models/chembl243_svr_model.joblib. Please check the path or train a new model.,0.0
Model file not found at modeling/models/chembl243_svr_model.joblib. Please check the path or train a new model.,0.001005411148071289
Model file not found at modeling/models/chembl243_svr_model.joblib. Please check the path or train a new model.,0.0
Model file not found at modeling/models/chembl243_svr_model.joblib. Please check the path or train a new model.,0.0
Model file not found at modeling/models/chembl243_svr_model.joblib. Please check the path or train a new model.,0.0012021064758300781
Model file not found at modeling/models/chembl243_svr_model.joblib. Please check the path or train a new model.,0.0
Model file not found at modeling/models/chembl243_svr_model.joblib. Please check the path or train a new model.,0.0
Model file not found at modeling/models/chembl243_svr_model.joblib. Please check the path or train a new model.,0.0
Model file not found at modeling/models/chembl243_svr_model.joblib. Please check the path or train a new model.,0.0015065670013427734
Model file not found at modeling/models/chembl243_svr_model.joblib. Please check the path or train a new model.,0.0
Model file not found at modeling/models/chembl243_svr_model.joblib. Please check the path or train a new model.,0.0010061264038085938
Model file not found at modeling/models/chembl243_svr_model.joblib. Please check the path or train a new model.,0.0005059242248535156
Model file not found at modeling/models/chembl243_svr_model.joblib. Please check the path or train a new model.,0.0025207996368408203
Model file not found at modeling/models/chembl243_svr_model.joblib. Please check the path or train a new model.,0.0013887882232666016
Model file not found at modeling/models/chembl243_svr_model.joblib. Please check the path or train a new model.,0.0
Model file not found at modeling/models/chembl243_svr_model.joblib. Please check the path or train a new model.,0.0010080337524414062
Model file not found at modeling/models/chembl243_svr_model.joblib. Please check the path or train a new model.,0.0005054473876953125
Model file not found at modeling/models/chembl243_svr_model.joblib. Please check the path or train a new model.,0.0
Model file not found at modeling/models/chembl243_svr_model.joblib. Please check the path or train a new model.,0.0
Model file not found at modeling/models/chembl243_svr_model.joblib. Please check the path or train a new model.,0.0
Model file not found at modeling/models/chembl243_svr_model.joblib. Please check the path or train a new model.,0.0
Model file not found at modeling/models/chembl243_svr_model.joblib. Please check the path or train a new model.,0.0
Model file not found at modeling/models/chembl243_svr_model.joblib. Please check the path or train a new model.,0.0
Model file not found at modeling/models/chembl243_svr_model.joblib. Please check the path or train a new model.,0.0015141963958740234
Model file not found at modeling/models/chembl243_svr_model.joblib. Please check the path or train a new model.,0.0
Model file not found at modeling/models/chembl243_svr_model.joblib. Please check the path or train a new model.,0.0
Model file not found at modeling/models/chembl243_svr_model.joblib. Please check the path or train a new model.,0.0010097026824951172
Model file not found at modeling/models/chembl243_svr_model.joblib. Please check the path or train a new model.,0.0
Model file not found at modeling/models/chembl243_svr_model.joblib. Please check the path or train a new model.,0.0
Model file not found at modeling/models/chembl243_svr_model.joblib. Please check the path or train a new model.,0.0
Model file not found at modeling/models/chembl243_svr_model.joblib. Please check the path or train a new model.,0.0015039443969726562
Model file not found at modeling/models/chembl243_svr_model.joblib. Please check the path or train a new model.,0.0
Model file not found at modeling/models/chembl243_svr_model.joblib. Please check the path or train a new model.,0.0
Model file not found at modeling/models/chembl243_svr_model.joblib. Please check the path or train a new model.,0.0011601448059082031
Model file not found at modeling/models/chembl243_svr_model.joblib. Please check the path or train a new model.,0.0
Model file not found at modeling/models/chembl243_svr_model.joblib. Please check the path or train a new model.,0.0005140304565429688
Model file not found at modeling/models/chembl243_svr_model.joblib. Please check the path or train a new model.,0.0
Model file not found at modeling/models/chembl243_svr_model.joblib. Please check the path or train a new model.,0.0
Model file not found at modeling/models/chembl243_svr_model.joblib. Please check the path or train a new model.,0.0
Model file not found at modeling/models/chembl243_svr_model.joblib. Please check the path or train a new model.,0.0
Model file not found at modeling/models/chembl243_svr_model.joblib. Please check the path or train a new model.,0.0
Model file not found at modeling/models/chembl243_svr_model.joblib. Please check the path or train a new model.,0.0
Model file not found at modeling/models/chembl243_svr_model.joblib. Please check the path or train a new model.,0.0005548000335693359
Model file not found at modeling/models/chembl243_svr_model.joblib. Please check the path or train a new model.,0.0
Model file not found at modeling/models/chembl243_svr_model.joblib. Please check the path or train a new model.,0.0
Model file not found at modeling/models/chembl243_svr_model.joblib. Please check the path or train a new model.,0.001004934310913086
Model file not found at modeling/models/chembl243_svr_model.joblib. Please check the path or train a new model.,0.0
Model file not found at modeling/models/chembl243_svr_model.joblib. Please check the path or train a new model.,0.0
Model file not found at modeling/models/chembl243_svr_model.joblib. Please check the path or train a new model.,0.0015072822570800781
Model file not found at modeling/models/chembl243_svr_model.joblib. Please check the path or train a new model.,0.0
Model file not found at modeling/models/chembl243_svr_model.joblib. Please check the path or train a new model.,0.001008749008178711
Model file not found at modeling/models/chembl243_svr_model.joblib. Please check the path or train a new model.,0.0
Model file not found at modeling/models/chembl243_svr_model.joblib. Please check the path or train a new model.,0.0009999275207519531
Model file not found at modeling/models/chembl243_svr_model.joblib. Please check the path or train a new model.,0.0
Model file not found at modeling/models/chembl243_svr_model.joblib. Please check the path or train a new model.,0.0
Model file not found at modeling/models/chembl243_svr_model.joblib. Please check the path or train a new model.,0.0
Model file not found at modeling/models/chembl243_svr_model.joblib. Please check the path or train a new model.,0.0016160011291503906
Model file not found at modeling/models/chembl243_svr_model.joblib. Please check the path or train a new model.,0.0
Model file not found at modeling/models/chembl243_svr_model.joblib. Please check the path or train a new model.,0.0006864070892333984
Model file not found at modeling/models/chembl243_svr_model.joblib. Please check the path or train a new model.,0.0
Model file not found at modeling/models/chembl243_svr_model.joblib. Please check the path or train a new model.,0.001005411148071289
Model file not found at modeling/models/chembl243_svr_model.joblib. Please check the path or train a new model.,0.0
Model file not found at modeling/models/chembl243_svr_model.joblib. Please check the path or train a new model.,0.0
Model file not found at modeling/models/chembl243_svr_model.joblib. Please check the path or train a new model.,0.0
Model file not found at modeling/models/chembl243_svr_model.joblib. Please check the path or train a new model.,0.0005042552947998047
Model file not found at modeling/models/chembl243_svr_model.joblib. Please check the path or train a new model.,0.0
Model file not found at modeling/models/chembl243_svr_model.joblib. Please check the path or train a new model.,0.0
Model file not found at modeling/models/chembl243_svr_model.joblib. Please check the path or train a new model.,0.0
Model file not found at modeling/models/chembl243_svr_model.joblib. Please check the path or train a new model.,0.0010066032409667969
Model file not found at modeling/models/chembl243_svr_model.joblib. Please check the path or train a new model.,0.0
Model file not found at modeling/models/chembl243_svr_model.joblib. Please check the path or train a new model.,0.0
Model file not found at modeling/models/chembl243_svr_model.joblib. Please check the path or train a new model.,0.0
Model file not found at modeling/models/chembl243_svr_model.joblib. Please check the path or train a new model.,0.0
Model file not found at modeling/models/chembl243_svr_model.joblib. Please check the path or train a new model.,0.0015649795532226562
Model file not found at modeling/models/chembl243_svr_model.joblib. Please check the path or train a new model.,0.0
Model file not found at modeling/models/chembl243_svr_model.joblib. Please check the path or train a new model.,0.00051116943359375
Model file not found at modeling/models/chembl243_svr_model.joblib. Please check the path or train a new model.,0.0
Model file not found at modeling/models/chembl243_svr_model.joblib. Please check the path or train a new model.,0.0
Model file not found at modeling/models/chembl243_svr_model.joblib. Please check the path or train a new model.,0.0
Model file not found at modeling/models/chembl243_svr_model.joblib. Please check the path or train a new model.,0.0
Model file not found at modeling/models/chembl243_svr_model.joblib. Please check the path or train a new model.,0.0
Model file not found at modeling/models/chembl243_svr_model.joblib. Please check the path or train a new model.,0.0
Model file not found at modeling/models/chembl243_svr_model.joblib. Please check the path or train a new model.,0.001504659652709961
Model file not found at modeling/models/chembl243_svr_model.joblib. Please check the path or train a new model.,0.0
Model file not found at modeling/models/chembl243_svr_model.joblib. Please check the path or train a new model.,0.0
Model file not found at modeling/models/chembl243_svr_model.joblib. Please check the path or train a new model.,0.0010044574737548828
Model file not found at modeling/models/chembl243_svr_model.joblib. Please check the path or train a new model.,0.0
Model file not found at modeling/models/chembl243_svr_model.joblib. Please check the path or train a new model.,0.0
Model file not found at modeling/models/chembl243_svr_model.joblib. Please check the path or train a new model.,0.0010540485382080078
Model file not found at modeling/models/chembl243_svr_model.joblib. Please check the path or train a new model.,0.0
Model file not found at modeling/models/chembl243_svr_model.joblib. Please check the path or train a new model.,0.0
Model file not found at modeling/models/chembl243_svr_model.joblib. Please check the path or train a new model.,0.0010068416595458984
Model file not found at modeling/models/chembl243_svr_model.joblib. Please check the path or train a new model.,0.0
Model file not found at modeling/models/chembl243_svr_model.joblib. Please check the path or train a new model.,0.0010027885437011719
Model file not found at modeling/models/chembl243_svr_model.joblib. Please check the path or train a new model.,0.0
Model file not found at modeling/models/chembl243_svr_model.joblib. Please check the path or train a new model.,0.0
Model file not found at modeling/models/chembl243_svr_model.joblib. Please check the path or train a new model.,0.0
Model file not found at modeling/models/chembl243_svr_model.joblib. Please check the path or train a new model.,0.0
Model file not found at modeling/models/chembl243_svr_model.joblib. Please check the path or train a new model.,0.000995635986328125
Model file not found at modeling/models/chembl243_svr_model.joblib. Please check the path or train a new model.,0.0
Model file not found at modeling/models/chembl243_svr_model.joblib. Please check the path or train a new model.,0.0
Model file not found at modeling/models/chembl243_svr_model.joblib. Please check the path or train a new model.,0.0
Model file not found at modeling/models/chembl243_svr_model.joblib. Please check the path or train a new model.,0.0
Model file not found at modeling/models/chembl243_svr_model.joblib. Please check the path or train a new model.,0.0
Model file not found at modeling/models/chembl243_svr_model.joblib. Please check the path or train a new model.,0.0
Model file not found at modeling/models/chembl243_svr_model.joblib. Please check the path or train a new model.,0.0
Model file not found at modeling/models/chembl243_svr_model.joblib. Please check the path or train a new model.,0.0
Model file not found at modeling/models/chembl243_svr_model.joblib. Please check the path or train a new model.,0.0
Model file not found at modeling/models/chembl243_svr_model.joblib. Please check the path or train a new model.,0.0
Model file not found at modeling/models/chembl243_svr_model.joblib. Please check the path or train a new model.,0.0
Model file not found at modeling/models/chembl243_svr_model.joblib. Please check the path or train a new model.,0.0
Model file not found at modeling/models/chembl243_svr_model.joblib. Please check the path or train a new model.,0.0
Model file not found at modeling/models/chembl243_svr_model.joblib. Please check the path or train a new model.,0.0
Model file not found at modeling/models/chembl243_svr_model.joblib. Please check the path or train a new model.,0.0
Model file not found at modeling/models/chembl243_svr_model.joblib. Please check the path or train a new model.,0.0
Model file not found at modeling/models/chembl243_svr_model.joblib. Please check the path or train a new model.,0.0
Model file not found at modeling/models/chembl243_svr_model.joblib. Please check the path or train a new model.,0.0010051727294921875
Model file not found at modeling/models/chembl243_svr_model.joblib. Please check the path or train a new model.,0.0
Model file not found at modeling/models/chembl243_svr_model.joblib. Please check the path or train a new model.,0.0
Model file not found at modeling/models/chembl243_svr_model.joblib. Please check the path or train a new model.,0.0
Model file not found at modeling/models/chembl243_svr_model.joblib. Please check the path or train a new model.,0.0
Model file not found at modeling/models/chembl243_svr_model.joblib. Please check the path or train a new model.,0.0
Model file not found at modeling/models/chembl243_svr_model.joblib. Please check the path or train a new model.,0.0
Model file not found at modeling/models/chembl243_svr_model.joblib. Please check the path or train a new model.,0.0
Model file not found at modeling/models/chembl243_svr_model.joblib. Please check the path or train a new model.,0.0
Model file not found at modeling/models/chembl243_svr_model.joblib. Please check the path or train a new model.,0.0
Model file not found at modeling/models/chembl243_svr_model.joblib. Please check the path or train a new model.,0.0
Model file not found at modeling/models/chembl243_svr_model.joblib. Please check the path or train a new model.,0.0
Model file not found at modeling/models/chembl243_svr_model.joblib. Please check the path or train a new model.,0.0015037059783935547
Model file not found at modeling/models/chembl243_svr_model.joblib. Please check the path or train a new model.,0.0
Model file not found at modeling/models/chembl243_svr_model.joblib. Please check the path or train a new model.,0.0
Model file not found at modeling/models/chembl243_svr_model.joblib. Please check the path or train a new model.,0.0005161762237548828
Model file not found at modeling/models/chembl243_svr_model.joblib. Please check the path or train a new model.,0.0005397796630859375
Model file not found at modeling/models/chembl243_svr_model.joblib. Please check the path or train a new model.,0.0
Model file not found at modeling/models/chembl243_svr_model.joblib. Please check the path or train a new model.,0.0
Model file not found at modeling/models/chembl243_svr_model.joblib. Please check the path or train a new model.,0.0
Model file not found at modeling/models/chembl243_svr_model.joblib. Please check the path or train a new model.,0.0
Model file not found at modeling/models/chembl243_svr_model.joblib. Please check the path or train a new model.,0.0
Model file not found at modeling/models/chembl243_svr_model.joblib. Please check the path or train a new model.,0.0
Model file not found at modeling/models/chembl243_svr_model.joblib. Please check the path or train a new model.,0.0
Model file not found at modeling/models/chembl243_svr_model.joblib. Please check the path or train a new model.,0.001010894775390625
Model file not found at modeling/models/chembl243_svr_model.joblib. Please check the path or train a new model.,0.0
Model file not found at modeling/models/chembl243_svr_model.joblib. Please check the path or train a new model.,0.0009963512420654297
Model file not found at modeling/models/chembl243_svr_model.joblib. Please check the path or train a new model.,0.0
Model file not found at modeling/models/chembl243_svr_model.joblib. Please check the path or train a new model.,0.0
Model file not found at modeling/models/chembl243_svr_model.joblib. Please check the path or train a new model.,0.0
Model file not found at modeling/models/chembl243_svr_model.joblib. Please check the path or train a new model.,0.0
Model file not found at modeling/models/chembl243_svr_model.joblib. Please check the path or train a new model.,0.0010271072387695312
Model file not found at modeling/models/chembl243_svr_model.joblib. Please check the path or train a new model.,0.0
Model file not found at modeling/models/chembl243_svr_model.joblib. Please check the path or train a new model.,0.0
Model file not found at modeling/models/chembl243_svr_model.joblib. Please check the path or train a new model.,0.0
Model file not found at modeling/models/chembl243_svr_model.joblib. Please check the path or train a new model.,0.02810502052307129
Model file not found at modeling/models/chembl243_svr_model.joblib. Please check the path or train a new model.,0.0011665821075439453
Model file not found at modeling/models/chembl243_svr_model.joblib. Please check the path or train a new model.,0.0005333423614501953
Model file not found at modeling/models/chembl243_svr_model.joblib. Please check the path or train a new model.,0.0005257129669189453
Model file not found at modeling/models/chembl243_svr_model.joblib. Please check the path or train a new model.,0.0005147457122802734
Model file not found at modeling/models/chembl243_svr_model.joblib. Please check the path or train a new model.,0.0005550384521484375
Model file not found at modeling/models/chembl243_svr_model.joblib. Please check the path or train a new model.,0.0
Model file not found at modeling/models/chembl243_svr_model.joblib. Please check the path or train a new model.,0.0005218982696533203
Model file not found at modeling/models/chembl243_svr_model.joblib. Please check the path or train a new model.,0.0005137920379638672
Model file not found at modeling/models/chembl243_svr_model.joblib. Please check the path or train a new model.,0.0005252361297607422
Model file not found at modeling/models/chembl243_svr_model.joblib. Please check the path or train a new model.,0.0010395050048828125
Model file not found at modeling/models/chembl243_svr_model.joblib. Please check the path or train a new model.,0.0
Model file not found at modeling/models/chembl243_svr_model.joblib. Please check the path or train a new model.,0.0
Model file not found at modeling/models/chembl243_svr_model.joblib. Please check the path or train a new model.,0.0005552768707275391
Model file not found at modeling/models/chembl243_svr_model.joblib. Please check the path or train a new model.,0.0005147457122802734
Model file not found at modeling/models/chembl243_svr_model.joblib. Please check the path or train a new model.,0.0005207061767578125
Model file not found at modeling/models/chembl243_svr_model.joblib. Please check the path or train a new model.,0.0005235671997070312
Model file not found at modeling/models/chembl243_svr_model.joblib. Please check the path or train a new model.,0.0005278587341308594
Model file not found at modeling/models/chembl243_svr_model.joblib. Please check the path or train a new model.,0.0005240440368652344
Model file not found at modeling/models/chembl243_svr_model.joblib. Please check the path or train a new model.,0.0
Model file not found at modeling/models/chembl243_svr_model.joblib. Please check the path or train a new model.,0.0010073184967041016
Model file not found at modeling/models/chembl243_svr_model.joblib. Please check the path or train a new model.,0.0005054473876953125
Model file not found at modeling/models/chembl243_svr_model.joblib. Please check the path or train a new model.,0.0005056858062744141
Model file not found at modeling/models/chembl243_svr_model.joblib. Please check the path or train a new model.,0.0023193359375
Model file not found at modeling/models/chembl243_svr_model.joblib. Please check the path or train a new model.,0.0017178058624267578
Model file not found at modeling/models/chembl243_svr_model.joblib. Please check the path or train a new model.,0.0
Model file not found at modeling/models/chembl243_svr_model.joblib. Please check the path or train a new model.,0.0
Model file not found at modeling/models/chembl243_svr_model.joblib. Please check the path or train a new model.,0.0
Model file not found at modeling/models/chembl243_svr_model.joblib. Please check the path or train a new model.,0.001005411148071289
Model file not found at modeling/models/chembl243_svr_model.joblib. Please check the path or train a new model.,0.0
Model file not found at modeling/models/chembl243_svr_model.joblib. Please check the path or train a new model.,0.0010006427764892578
Model file not found at modeling/models/chembl243_svr_model.joblib. Please check the path or train a new model.,0.0
Model file not found at modeling/models/chembl243_svr_model.joblib. Please check the path or train a new model.,0.0
Model file not found at modeling/models/chembl243_svr_model.joblib. Please check the path or train a new model.,0.0015065670013427734
Model file not found at modeling/models/chembl243_svr_model.joblib. Please check the path or train a new model.,0.0015170574188232422
Model file not found at modeling/models/chembl243_svr_model.joblib. Please check the path or train a new model.,0.0
Model file not found at modeling/models/chembl243_svr_model.joblib. Please check the path or train a new model.,0.0
Model file not found at modeling/models/chembl243_svr_model.joblib. Please check the path or train a new model.,0.0
Model file not found at modeling/models/chembl243_svr_model.joblib. Please check the path or train a new model.,0.0
Model file not found at modeling/models/chembl243_svr_model.joblib. Please check the path or train a new model.,0.0005152225494384766
Model file not found at modeling/models/chembl243_svr_model.joblib. Please check the path or train a new model.,0.0
Model file not found at modeling/models/chembl243_svr_model.joblib. Please check the path or train a new model.,0.0010061264038085938
Model file not found at modeling/models/chembl243_svr_model.joblib. Please check the path or train a new model.,0.0
Model file not found at modeling/models/chembl243_svr_model.joblib. Please check the path or train a new model.,0.0
Model file not found at modeling/models/chembl243_svr_model.joblib. Please check the path or train a new model.,0.0
Model file not found at modeling/models/chembl243_svr_model.joblib. Please check the path or train a new model.,0.0
Model file not found at modeling/models/chembl243_svr_model.joblib. Please check the path or train a new model.,0.0
Model file not found at modeling/models/chembl243_svr_model.joblib. Please check the path or train a new model.,0.0
Model file not found at modeling/models/chembl243_svr_model.joblib. Please check the path or train a new model.,0.0
Model file not found at modeling/models/chembl243_svr_model.joblib. Please check the path or train a new model.,0.002517223358154297
Model file not found at modeling/models/chembl243_svr_model.joblib. Please check the path or train a new model.,0.0005159378051757812
Model file not found at modeling/models/chembl243_svr_model.joblib. Please check the path or train a new model.,0.0
Model file not found at modeling/models/chembl243_svr_model.joblib. Please check the path or train a new model.,0.001007080078125
Model file not found at modeling/models/chembl243_svr_model.joblib. Please check the path or train a new model.,0.0
Model file not found at modeling/models/chembl243_svr_model.joblib. Please check the path or train a new model.,0.0010695457458496094
Model file not found at modeling/models/chembl243_svr_model.joblib. Please check the path or train a new model.,0.0010073184967041016
Model file not found at modeling/models/chembl243_svr_model.joblib. Please check the path or train a new model.,0.0009992122650146484
Model file not found at modeling/models/chembl243_svr_model.joblib. Please check the path or train a new model.,0.0
Model file not found at modeling/models/chembl243_svr_model.joblib. Please check the path or train a new model.,0.0009992122650146484
Model file not found at modeling/models/chembl243_svr_model.joblib. Please check the path or train a new model.,0.0005068778991699219
Model file not found at modeling/models/chembl243_svr_model.joblib. Please check the path or train a new model.,0.0
Model file not found at modeling/models/chembl243_svr_model.joblib. Please check the path or train a new model.,0.0010061264038085938
Model file not found at modeling/models/chembl243_svr_model.joblib. Please check the path or train a new model.,0.0
Model file not found at modeling/models/chembl243_svr_model.joblib. Please check the path or train a new model.,0.0013012886047363281
Model file not found at modeling/models/chembl243_svr_model.joblib. Please check the path or train a new model.,0.0
Model file not found at modeling/models/chembl243_svr_model.joblib. Please check the path or train a new model.,0.0
Model file not found at modeling/models/chembl243_svr_model.joblib. Please check the path or train a new model.,0.0
Model file not found at modeling/models/chembl243_svr_model.joblib. Please check the path or train a new model.,0.0
Model file not found at modeling/models/chembl243_svr_model.joblib. Please check the path or train a new model.,0.0010075569152832031
Model file not found at modeling/models/chembl243_svr_model.joblib. Please check the path or train a new model.,0.0009996891021728516
Model file not found at modeling/models/chembl243_svr_model.joblib. Please check the path or train a new model.,0.0
Model file not found at modeling/models/chembl243_svr_model.joblib. Please check the path or train a new model.,0.0005116462707519531
Model file not found at modeling/models/chembl243_svr_model.joblib. Please check the path or train a new model.,0.001001119613647461
Model file not found at modeling/models/chembl243_svr_model.joblib. Please check the path or train a new model.,0.0
Model file not found at modeling/models/chembl243_svr_model.joblib. Please check the path or train a new model.,0.0009992122650146484
Model file not found at modeling/models/chembl243_svr_model.joblib. Please check the path or train a new model.,0.0
Model file not found at modeling/models/chembl243_svr_model.joblib. Please check the path or train a new model.,0.0
Model file not found at modeling/models/chembl243_svr_model.joblib. Please check the path or train a new model.,0.0
Model file not found at modeling/models/chembl243_svr_model.joblib. Please check the path or train a new model.,0.0
Model file not found at modeling/models/chembl243_svr_model.joblib. Please check the path or train a new model.,0.0005178451538085938
Model file not found at modeling/models/chembl243_svr_model.joblib. Please check the path or train a new model.,0.0
Model file not found at modeling/models/chembl243_svr_model.joblib. Please check the path or train a new model.,0.0010063648223876953
Model file not found at modeling/models/chembl243_svr_model.joblib. Please check the path or train a new model.,0.0
Model file not found at modeling/models/chembl243_svr_model.joblib. Please check the path or train a new model.,0.0
Model file not found at modeling/models/chembl243_svr_model.joblib. Please check the path or train a new model.,0.0
Model file not found at modeling/models/chembl243_svr_model.joblib. Please check the path or train a new model.,0.0010063648223876953
Model file not found at modeling/models/chembl243_svr_model.joblib. Please check the path or train a new model.,0.0
Model file not found at modeling/models/chembl243_svr_model.joblib. Please check the path or train a new model.,0.0
Model file not found at modeling/models/chembl243_svr_model.joblib. Please check the path or train a new model.,0.0
Model file not found at modeling/models/chembl243_svr_model.joblib. Please check the path or train a new model.,0.0015041828155517578
Model file not found at modeling/models/chembl243_svr_model.joblib. Please check the path or train a new model.,0.0
Model file not found at modeling/models/chembl243_svr_model.joblib. Please check the path or train a new model.,0.0
Model file not found at modeling/models/chembl243_svr_model.joblib. Please check the path or train a new model.,0.0010063648223876953
Model file not found at modeling/models/chembl243_svr_model.joblib. Please check the path or train a new model.,0.0005664825439453125
Model file not found at modeling/models/chembl243_svr_model.joblib. Please check the path or train a new model.,0.0
Model file not found at modeling/models/chembl243_svr_model.joblib. Please check the path or train a new model.,0.0015251636505126953
Model file not found at modeling/models/chembl243_svr_model.joblib. Please check the path or train a new model.,0.0005095005035400391
Model file not found at modeling/models/chembl243_svr_model.joblib. Please check the path or train a new model.,0.0
Model file not found at modeling/models/chembl243_svr_model.joblib. Please check the path or train a new model.,0.0010063648223876953
Model file not found at modeling/models/chembl243_svr_model.joblib. Please check the path or train a new model.,0.0
Model file not found at modeling/models/chembl243_svr_model.joblib. Please check the path or train a new model.,0.001001119613647461
Model file not found at modeling/models/chembl243_svr_model.joblib. Please check the path or train a new model.,0.0
Model file not found at modeling/models/chembl243_svr_model.joblib. Please check the path or train a new model.,0.0
Model file not found at modeling/models/chembl243_svr_model.joblib. Please check the path or train a new model.,0.0
Model file not found at modeling/models/chembl243_svr_model.joblib. Please check the path or train a new model.,0.0
Model file not found at modeling/models/chembl243_svr_model.joblib. Please check the path or train a new model.,0.0005166530609130859
Model file not found at modeling/models/chembl243_svr_model.joblib. Please check the path or train a new model.,0.0
Model file not found at modeling/models/chembl243_svr_model.joblib. Please check the path or train a new model.,0.0
Model file not found at modeling/models/chembl243_svr_model.joblib. Please check the path or train a new model.,0.0
Model file not found at modeling/models/chembl243_svr_model.joblib. Please check the path or train a new model.,0.0
Model file not found at modeling/models/chembl243_svr_model.joblib. Please check the path or train a new model.,0.0
Model file not found at modeling/models/chembl243_svr_model.joblib. Please check the path or train a new model.,0.0015079975128173828
Model file not found at modeling/models/chembl243_svr_model.joblib. Please check the path or train a new model.,0.0
Model file not found at modeling/models/chembl243_svr_model.joblib. Please check the path or train a new model.,0.0010116100311279297
Model file not found at modeling/models/chembl243_svr_model.joblib. Please check the path or train a new model.,0.0
Model file not found at modeling/models/chembl243_svr_model.joblib. Please check the path or train a new model.,0.0
Model file not found at modeling/models/chembl243_svr_model.joblib. Please check the path or train a new model.,0.0
Model file not found at modeling/models/chembl243_svr_model.joblib. Please check the path or train a new model.,0.0
Model file not found at modeling/models/chembl243_svr_model.joblib. Please check the path or train a new model.,0.0
Model file not found at modeling/models/chembl243_svr_model.joblib. Please check the path or train a new model.,0.0
Model file not found at modeling/models/chembl243_svr_model.joblib. Please check the path or train a new model.,0.0
Model file not found at modeling/models/chembl243_svr_model.joblib. Please check the path or train a new model.,0.0
Model file not found at modeling/models/chembl243_svr_model.joblib. Please check the path or train a new model.,0.0
Model file not found at modeling/models/chembl243_svr_model.joblib. Please check the path or train a new model.,0.0009989738464355469
Model file not found at modeling/models/chembl243_svr_model.joblib. Please check the path or train a new model.,0.0
Model file not found at modeling/models/chembl243_svr_model.joblib. Please check the path or train a new model.,0.0011563301086425781
Model file not found at modeling/models/chembl243_svr_model.joblib. Please check the path or train a new model.,0.0005166530609130859
Model file not found at modeling/models/chembl243_svr_model.joblib. Please check the path or train a new model.,0.0
Model file not found at modeling/models/chembl243_svr_model.joblib. Please check the path or train a new model.,0.0
Model file not found at modeling/models/chembl243_svr_model.joblib. Please check the path or train a new model.,0.003988027572631836
Model file not found at modeling/models/chembl243_svr_model.joblib. Please check the path or train a new model.,0.0005233287811279297
Model file not found at modeling/models/chembl243_svr_model.joblib. Please check the path or train a new model.,0.0010061264038085938
Model file not found at modeling/models/chembl243_svr_model.joblib. Please check the path or train a new model.,0.0
Model file not found at modeling/models/chembl243_svr_model.joblib. Please check the path or train a new model.,0.0010013580322265625
Model file not found at modeling/models/chembl243_svr_model.joblib. Please check the path or train a new model.,0.0005049705505371094
Model file not found at modeling/models/chembl243_svr_model.joblib. Please check the path or train a new model.,0.0
Model file not found at modeling/models/chembl243_svr_model.joblib. Please check the path or train a new model.,0.0010080337524414062
Model file not found at modeling/models/chembl243_svr_model.joblib. Please check the path or train a new model.,0.0005054473876953125
Model file not found at modeling/models/chembl243_svr_model.joblib. Please check the path or train a new model.,0.0
Model file not found at modeling/models/chembl243_svr_model.joblib. Please check the path or train a new model.,0.0
Model file not found at modeling/models/chembl243_svr_model.joblib. Please check the path or train a new model.,0.0005145072937011719
Model file not found at modeling/models/chembl243_svr_model.joblib. Please check the path or train a new model.,0.0005135536193847656
Model file not found at modeling/models/chembl243_svr_model.joblib. Please check the path or train a new model.,0.0005176067352294922
Model file not found at modeling/models/chembl243_svr_model.joblib. Please check the path or train a new model.,0.0
Model file not found at modeling/models/chembl243_svr_model.joblib. Please check the path or train a new model.,0.0010085105895996094
Model file not found at modeling/models/chembl243_svr_model.joblib. Please check the path or train a new model.,0.0
Model file not found at modeling/models/chembl243_svr_model.joblib. Please check the path or train a new model.,0.0
Model file not found at modeling/models/chembl243_svr_model.joblib. Please check the path or train a new model.,0.0
Model file not found at modeling/models/chembl243_svr_model.joblib. Please check the path or train a new model.,0.0015065670013427734
Model file not found at modeling/models/chembl243_svr_model.joblib. Please check the path or train a new model.,0.0005207061767578125
Model file not found at modeling/models/chembl243_svr_model.joblib. Please check the path or train a new model.,0.0
Model file not found at modeling/models/chembl243_svr_model.joblib. Please check the path or train a new model.,0.0
Model file not found at modeling/models/chembl243_svr_model.joblib. Please check the path or train a new model.,0.0
Model file not found at modeling/models/chembl243_svr_model.joblib. Please check the path or train a new model.,0.0
Model file not found at modeling/models/chembl243_svr_model.joblib. Please check the path or train a new model.,0.0
Model file not found at modeling/models/chembl243_svr_model.joblib. Please check the path or train a new model.,0.0
Model file not found at modeling/models/chembl243_svr_model.joblib. Please check the path or train a new model.,0.0010056495666503906
Model file not found at modeling/models/chembl243_svr_model.joblib. Please check the path or train a new model.,0.0
Model file not found at modeling/models/chembl243_svr_model.joblib. Please check the path or train a new model.,0.0
Model file not found at modeling/models/chembl243_svr_model.joblib. Please check the path or train a new model.,0.0010712146759033203
Model file not found at modeling/models/chembl243_svr_model.joblib. Please check the path or train a new model.,0.0005462169647216797
Model file not found at modeling/models/chembl243_svr_model.joblib. Please check the path or train a new model.,0.0
Model file not found at modeling/models/chembl243_svr_model.joblib. Please check the path or train a new model.,0.0010094642639160156
Model file not found at modeling/models/chembl243_svr_model.joblib. Please check the path or train a new model.,0.0
Model file not found at modeling/models/chembl243_svr_model.joblib. Please check the path or train a new model.,0.0
Model file not found at modeling/models/chembl243_svr_model.joblib. Please check the path or train a new model.,0.001508474349975586
Model file not found at modeling/models/chembl243_svr_model.joblib. Please check the path or train a new model.,0.0
Model file not found at modeling/models/chembl243_svr_model.joblib. Please check the path or train a new model.,0.001008749008178711
Model file not found at modeling/models/chembl243_svr_model.joblib. Please check the path or train a new model.,0.0
Model file not found at modeling/models/chembl243_svr_model.joblib. Please check the path or train a new model.,0.0009989738464355469
Model file not found at modeling/models/chembl243_svr_model.joblib. Please check the path or train a new model.,0.0
Model file not found at modeling/models/chembl243_svr_model.joblib. Please check the path or train a new model.,0.0
Model file not found at modeling/models/chembl243_svr_model.joblib. Please check the path or train a new model.,0.0009989738464355469
Model file not found at modeling/models/chembl243_svr_model.joblib. Please check the path or train a new model.,0.0
Model file not found at modeling/models/chembl243_svr_model.joblib. Please check the path or train a new model.,0.0
Model file not found at modeling/models/chembl243_svr_model.joblib. Please check the path or train a new model.,0.0
Model file not found at modeling/models/chembl243_svr_model.joblib. Please check the path or train a new model.,0.0
Model file not found at modeling/models/chembl243_svr_model.joblib. Please check the path or train a new model.,0.0010557174682617188
Model file not found at modeling/models/chembl243_svr_model.joblib. Please check the path or train a new model.,0.0
Model file not found at modeling/models/chembl243_svr_model.joblib. Please check the path or train a new model.,0.0
Model file not found at modeling/models/chembl243_svr_model.joblib. Please check the path or train a new model.,0.0010018348693847656
Model file not found at modeling/models/chembl243_svr_model.joblib. Please check the path or train a new model.,0.0
Model file not found at modeling/models/chembl243_svr_model.joblib. Please check the path or train a new model.,0.0
Model file not found at modeling/models/chembl243_svr_model.joblib. Please check the path or train a new model.,0.0
Model file not found at modeling/models/chembl243_svr_model.joblib. Please check the path or train a new model.,0.0
Model file not found at modeling/models/chembl243_svr_model.joblib. Please check the path or train a new model.,0.0
Model file not found at modeling/models/chembl243_svr_model.joblib. Please check the path or train a new model.,0.0
Model file not found at modeling/models/chembl243_svr_model.joblib. Please check the path or train a new model.,0.001653909683227539
Model file not found at modeling/models/chembl243_svr_model.joblib. Please check the path or train a new model.,0.0
Model file not found at modeling/models/chembl243_svr_model.joblib. Please check the path or train a new model.,0.0
Model file not found at modeling/models/chembl243_svr_model.joblib. Please check the path or train a new model.,0.0010058879852294922
Model file not found at modeling/models/chembl243_svr_model.joblib. Please check the path or train a new model.,0.0005047321319580078
Model file not found at modeling/models/chembl243_svr_model.joblib. Please check the path or train a new model.,0.0
Model file not found at modeling/models/chembl243_svr_model.joblib. Please check the path or train a new model.,0.0
Model file not found at modeling/models/chembl243_svr_model.joblib. Please check the path or train a new model.,0.0010056495666503906
Model file not found at modeling/models/chembl243_svr_model.joblib. Please check the path or train a new model.,0.0
Model file not found at modeling/models/chembl243_svr_model.joblib. Please check the path or train a new model.,0.0
Model file not found at modeling/models/chembl243_svr_model.joblib. Please check the path or train a new model.,0.0009992122650146484
Model file not found at modeling/models/chembl243_svr_model.joblib. Please check the path or train a new model.,0.0005042552947998047
Model file not found at modeling/models/chembl243_svr_model.joblib. Please check the path or train a new model.,0.0
Model file not found at modeling/models/chembl243_svr_model.joblib. Please check the path or train a new model.,0.0005125999450683594
Model file not found at modeling/models/chembl243_svr_model.joblib. Please check the path or train a new model.,0.0005125999450683594
Model file not found at modeling/models/chembl243_svr_model.joblib. Please check the path or train a new model.,0.0
Model file not found at modeling/models/chembl243_svr_model.joblib. Please check the path or train a new model.,0.0
Model file not found at modeling/models/chembl243_svr_model.joblib. Please check the path or train a new model.,0.0010051727294921875
Model file not found at modeling/models/chembl243_svr_model.joblib. Please check the path or train a new model.,0.0
Model file not found at modeling/models/chembl243_svr_model.joblib. Please check the path or train a new model.,0.0
Model file not found at modeling/models/chembl243_svr_model.joblib. Please check the path or train a new model.,0.0
Model file not found at modeling/models/chembl243_svr_model.joblib. Please check the path or train a new model.,0.001001596450805664
Model file not found at modeling/models/chembl243_svr_model.joblib. Please check the path or train a new model.,0.0
Model file not found at modeling/models/chembl243_svr_model.joblib. Please check the path or train a new model.,0.000997781753540039
Model file not found at modeling/models/chembl243_svr_model.joblib. Please check the path or train a new model.,0.0
Model file not found at modeling/models/chembl243_svr_model.joblib. Please check the path or train a new model.,0.0
Model file not found at modeling/models/chembl243_svr_model.joblib. Please check the path or train a new model.,0.0
Model file not found at modeling/models/chembl243_svr_model.joblib. Please check the path or train a new model.,0.0
Model file not found at modeling/models/chembl243_svr_model.joblib. Please check the path or train a new model.,0.0
Model file not found at modeling/models/chembl243_svr_model.joblib. Please check the path or train a new model.,0.0010082721710205078
Model file not found at modeling/models/chembl243_svr_model.joblib. Please check the path or train a new model.,0.0
Model file not found at modeling/models/chembl243_svr_model.joblib. Please check the path or train a new model.,0.0
Model file not found at modeling/models/chembl243_svr_model.joblib. Please check the path or train a new model.,0.0
Model file not found at modeling/models/chembl243_svr_model.joblib. Please check the path or train a new model.,0.0
Model file not found at modeling/models/chembl243_svr_model.joblib. Please check the path or train a new model.,0.0
Model file not found at modeling/models/chembl243_svr_model.joblib. Please check the path or train a new model.,0.001504659652709961
Model file not found at modeling/models/chembl243_svr_model.joblib. Please check the path or train a new model.,0.0
Model file not found at modeling/models/chembl243_svr_model.joblib. Please check the path or train a new model.,0.0
Model file not found at modeling/models/chembl243_svr_model.joblib. Please check the path or train a new model.,0.0005688667297363281
Model file not found at modeling/models/chembl243_svr_model.joblib. Please check the path or train a new model.,0.0
Model file not found at modeling/models/chembl243_svr_model.joblib. Please check the path or train a new model.,0.0010082721710205078
Model file not found at modeling/models/chembl243_svr_model.joblib. Please check the path or train a new model.,0.0
Model file not found at modeling/models/chembl243_svr_model.joblib. Please check the path or train a new model.,0.0
Model file not found at modeling/models/chembl243_svr_model.joblib. Please check the path or train a new model.,0.0015063285827636719
Model file not found at modeling/models/chembl243_svr_model.joblib. Please check the path or train a new model.,0.0007441043853759766
Model file not found at modeling/models/chembl243_svr_model.joblib. Please check the path or train a new model.,0.0
Model file not found at modeling/models/chembl243_svr_model.joblib. Please check the path or train a new model.,0.0
Model file not found at modeling/models/chembl243_svr_model.joblib. Please check the path or train a new model.,0.0010051727294921875
Model file not found at modeling/models/chembl243_svr_model.joblib. Please check the path or train a new model.,0.0
Model file not found at modeling/models/chembl243_svr_model.joblib. Please check the path or train a new model.,0.0
Model file not found at modeling/models/chembl243_svr_model.joblib. Please check the path or train a new model.,0.0
Model file not found at modeling/models/chembl243_svr_model.joblib. Please check the path or train a new model.,0.0
Model file not found at modeling/models/chembl243_svr_model.joblib. Please check the path or train a new model.,0.0
Model file not found at modeling/models/chembl243_svr_model.joblib. Please check the path or train a new model.,0.0
Model file not found at modeling/models/chembl243_svr_model.joblib. Please check the path or train a new model.,0.0
Model file not found at modeling/models/chembl243_svr_model.joblib. Please check the path or train a new model.,0.0015153884887695312
Model file not found at modeling/models/chembl243_svr_model.joblib. Please check the path or train a new model.,0.0005145072937011719
Model file not found at modeling/models/chembl243_svr_model.joblib. Please check the path or train a new model.,0.0
Model file not found at modeling/models/chembl243_svr_model.joblib. Please check the path or train a new model.,0.001008749008178711
Model file not found at modeling/models/chembl243_svr_model.joblib. Please check the path or train a new model.,0.0
Model file not found at modeling/models/chembl243_svr_model.joblib. Please check the path or train a new model.,0.0
Model file not found at modeling/models/chembl243_svr_model.joblib. Please check the path or train a new model.,0.0015065670013427734
Model file not found at modeling/models/chembl243_svr_model.joblib. Please check the path or train a new model.,0.0
Model file not found at modeling/models/chembl243_svr_model.joblib. Please check the path or train a new model.,0.0010066032409667969
Model file not found at modeling/models/chembl243_svr_model.joblib. Please check the path or train a new model.,0.0005042552947998047
Model file not found at modeling/models/chembl243_svr_model.joblib. Please check the path or train a new model.,0.0
Model file not found at modeling/models/chembl243_svr_model.joblib. Please check the path or train a new model.,0.0
Model file not found at modeling/models/chembl243_svr_model.joblib. Please check the path or train a new model.,0.0010063648223876953
Model file not found at modeling/models/chembl243_svr_model.joblib. Please check the path or train a new model.,0.0
Model file not found at modeling/models/chembl243_svr_model.joblib. Please check the path or train a new model.,0.0
Model file not found at modeling/models/chembl243_svr_model.joblib. Please check the path or train a new model.,0.0
Model file not found at modeling/models/chembl243_svr_model.joblib. Please check the path or train a new model.,0.0016286373138427734
Model file not found at modeling/models/chembl243_svr_model.joblib. Please check the path or train a new model.,0.0
Model file not found at modeling/models/chembl243_svr_model.joblib. Please check the path or train a new model.,0.0
Model file not found at modeling/models/chembl243_svr_model.joblib. Please check the path or train a new model.,0.0005135536193847656
Model file not found at modeling/models/chembl243_svr_model.joblib. Please check the path or train a new model.,0.0
Model file not found at modeling/models/chembl243_svr_model.joblib. Please check the path or train a new model.,0.0
Model file not found at modeling/models/chembl243_svr_model.joblib. Please check the path or train a new model.,0.001007080078125
Model file not found at modeling/models/chembl243_svr_model.joblib. Please check the path or train a new model.,0.0
Model file not found at modeling/models/chembl243_svr_model.joblib. Please check the path or train a new model.,0.0
Model file not found at modeling/models/chembl243_svr_model.joblib. Please check the path or train a new model.,0.0011060237884521484
Model file not found at modeling/models/chembl243_svr_model.joblib. Please check the path or train a new model.,0.0
Model file not found at modeling/models/chembl243_svr_model.joblib. Please check the path or train a new model.,0.0
Model file not found at modeling/models/chembl243_svr_model.joblib. Please check the path or train a new model.,0.0
Model file not found at modeling/models/chembl243_svr_model.joblib. Please check the path or train a new model.,0.001512765884399414
Model file not found at modeling/models/chembl243_svr_model.joblib. Please check the path or train a new model.,0.0
Model file not found at modeling/models/chembl243_svr_model.joblib. Please check the path or train a new model.,0.0007243156433105469
Model file not found at modeling/models/chembl243_svr_model.joblib. Please check the path or train a new model.,0.0005710124969482422
Model file not found at modeling/models/chembl243_svr_model.joblib. Please check the path or train a new model.,0.0005314350128173828
Model file not found at modeling/models/chembl243_svr_model.joblib. Please check the path or train a new model.,0.0
Model file not found at modeling/models/chembl243_svr_model.joblib. Please check the path or train a new model.,0.0
Model file not found at modeling/models/chembl243_svr_model.joblib. Please check the path or train a new model.,0.0005309581756591797
Model file not found at modeling/models/chembl243_svr_model.joblib. Please check the path or train a new model.,0.000514984130859375
Model file not found at modeling/models/chembl243_svr_model.joblib. Please check the path or train a new model.,0.0005288124084472656
Model file not found at modeling/models/chembl243_svr_model.joblib. Please check the path or train a new model.,0.0
Model file not found at modeling/models/chembl243_svr_model.joblib. Please check the path or train a new model.,0.0005202293395996094
Model file not found at modeling/models/chembl243_svr_model.joblib. Please check the path or train a new model.,0.0005223751068115234
Model file not found at modeling/models/chembl243_svr_model.joblib. Please check the path or train a new model.,0.0005214214324951172
Model file not found at modeling/models/chembl243_svr_model.joblib. Please check the path or train a new model.,0.0005292892456054688
Model file not found at modeling/models/chembl243_svr_model.joblib. Please check the path or train a new model.,0.0005335807800292969
Model file not found at modeling/models/chembl243_svr_model.joblib. Please check the path or train a new model.,0.0005323886871337891
Model file not found at modeling/models/chembl243_svr_model.joblib. Please check the path or train a new model.,0.0005316734313964844
Model file not found at modeling/models/chembl243_svr_model.joblib. Please check the path or train a new model.,0.0005326271057128906
Model file not found at modeling/models/chembl243_svr_model.joblib. Please check the path or train a new model.,0.000518798828125
Model file not found at modeling/models/chembl243_svr_model.joblib. Please check the path or train a new model.,0.0005457401275634766
Model file not found at modeling/models/chembl243_svr_model.joblib. Please check the path or train a new model.,0.0005271434783935547
Model file not found at modeling/models/chembl243_svr_model.joblib. Please check the path or train a new model.,0.0005435943603515625
Model file not found at modeling/models/chembl243_svr_model.joblib. Please check the path or train a new model.,0.0
Model file not found at modeling/models/chembl243_svr_model.joblib. Please check the path or train a new model.,0.0
Model file not found at modeling/models/chembl243_svr_model.joblib. Please check the path or train a new model.,0.0005128383636474609
Model file not found at modeling/models/chembl243_svr_model.joblib. Please check the path or train a new model.,0.0005276203155517578
Model file not found at modeling/models/chembl243_svr_model.joblib. Please check the path or train a new model.,0.0
Model file not found at modeling/models/chembl243_svr_model.joblib. Please check the path or train a new model.,0.0
Model file not found at modeling/models/chembl243_svr_model.joblib. Please check the path or train a new model.,0.0
Model file not found at modeling/models/chembl243_svr_model.joblib. Please check the path or train a new model.,0.0005240440368652344
Model file not found at modeling/models/chembl243_svr_model.joblib. Please check the path or train a new model.,0.0
Model file not found at modeling/models/chembl243_svr_model.joblib. Please check the path or train a new model.,0.0
Model file not found at modeling/models/chembl243_svr_model.joblib. Please check the path or train a new model.,0.0005314350128173828
Model file not found at modeling/models/chembl243_svr_model.joblib. Please check the path or train a new model.,0.0005223751068115234
Model file not found at modeling/models/chembl243_svr_model.joblib. Please check the path or train a new model.,0.0
Model file not found at modeling/models/chembl243_svr_model.joblib. Please check the path or train a new model.,0.0005233287811279297
Model file not found at modeling/models/chembl243_svr_model.joblib. Please check the path or train a new model.,0.0005133152008056641
Model file not found at modeling/models/chembl243_svr_model.joblib. Please check the path or train a new model.,0.0
Model file not found at modeling/models/chembl243_svr_model.joblib. Please check the path or train a new model.,0.0
Model file not found at modeling/models/chembl243_svr_model.joblib. Please check the path or train a new model.,0.0005125999450683594
Model file not found at modeling/models/chembl243_svr_model.joblib. Please check the path or train a new model.,0.0
Model file not found at modeling/models/chembl243_svr_model.joblib. Please check the path or train a new model.,0.0
Model file not found at modeling/models/chembl243_svr_model.joblib. Please check the path or train a new model.,0.0005211830139160156
Model file not found at modeling/models/chembl243_svr_model.joblib. Please check the path or train a new model.,0.0005211830139160156
Model file not found at modeling/models/chembl243_svr_model.joblib. Please check the path or train a new model.,0.0
Model file not found at modeling/models/chembl243_svr_model.joblib. Please check the path or train a new model.,0.0005102157592773438
Model file not found at modeling/models/chembl243_svr_model.joblib. Please check the path or train a new model.,0.0
Model file not found at modeling/models/chembl243_svr_model.joblib. Please check the path or train a new model.,0.0
Model file not found at modeling/models/chembl243_svr_model.joblib. Please check the path or train a new model.,0.0005197525024414062
Model file not found at modeling/models/chembl243_svr_model.joblib. Please check the path or train a new model.,0.0
Model file not found at modeling/models/chembl243_svr_model.joblib. Please check the path or train a new model.,0.0
Model file not found at modeling/models/chembl243_svr_model.joblib. Please check the path or train a new model.,0.0005242824554443359
Model file not found at modeling/models/chembl243_svr_model.joblib. Please check the path or train a new model.,0.0
Model file not found at modeling/models/chembl243_svr_model.joblib. Please check the path or train a new model.,0.0010058879852294922
Model file not found at modeling/models/chembl243_svr_model.joblib. Please check the path or train a new model.,0.0
Model file not found at modeling/models/chembl243_svr_model.joblib. Please check the path or train a new model.,0.0010004043579101562
Model file not found at modeling/models/chembl243_svr_model.joblib. Please check the path or train a new model.,0.0
Model file not found at modeling/models/chembl243_svr_model.joblib. Please check the path or train a new model.,0.0009996891021728516
Model file not found at modeling/models/chembl243_svr_model.joblib. Please check the path or train a new model.,0.0
Model file not found at modeling/models/chembl243_svr_model.joblib. Please check the path or train a new model.,0.0
Model file not found at modeling/models/chembl243_svr_model.joblib. Please check the path or train a new model.,0.0009992122650146484
Model file not found at modeling/models/chembl243_svr_model.joblib. Please check the path or train a new model.,0.0
Model file not found at modeling/models/chembl243_svr_model.joblib. Please check the path or train a new model.,0.00099945068359375
Model file not found at modeling/models/chembl243_svr_model.joblib. Please check the path or train a new model.,0.0
Model file not found at modeling/models/chembl243_svr_model.joblib. Please check the path or train a new model.,0.0
Model file not found at modeling/models/chembl243_svr_model.joblib. Please check the path or train a new model.,0.0
Model file not found at modeling/models/chembl243_svr_model.joblib. Please check the path or train a new model.,0.001005411148071289
Model file not found at modeling/models/chembl243_svr_model.joblib. Please check the path or train a new model.,0.0
Model file not found at modeling/models/chembl243_svr_model.joblib. Please check the path or train a new model.,0.0
Model file not found at modeling/models/chembl243_svr_model.joblib. Please check the path or train a new model.,0.0
Model file not found at modeling/models/chembl243_svr_model.joblib. Please check the path or train a new model.,0.0015063285827636719
Model file not found at modeling/models/chembl243_svr_model.joblib. Please check the path or train a new model.,0.0
Model file not found at modeling/models/chembl243_svr_model.joblib. Please check the path or train a new model.,0.0
Model file not found at modeling/models/chembl243_svr_model.joblib. Please check the path or train a new model.,0.0
Model file not found at modeling/models/chembl243_svr_model.joblib. Please check the path or train a new model.,0.0
Model file not found at modeling/models/chembl243_svr_model.joblib. Please check the path or train a new model.,0.0
Model file not found at modeling/models/chembl243_svr_model.joblib. Please check the path or train a new model.,0.0
Model file not found at modeling/models/chembl243_svr_model.joblib. Please check the path or train a new model.,0.0
Model file not found at modeling/models/chembl243_svr_model.joblib. Please check the path or train a new model.,0.0
Model file not found at modeling/models/chembl243_svr_model.joblib. Please check the path or train a new model.,0.0
Model file not found at modeling/models/chembl243_svr_model.joblib. Please check the path or train a new model.,0.0
Model file not found at modeling/models/chembl243_svr_model.joblib. Please check the path or train a new model.,0.0
Model file not found at modeling/models/chembl243_svr_model.joblib. Please check the path or train a new model.,0.0
Model file not found at modeling/models/chembl243_svr_model.joblib. Please check the path or train a new model.,0.0
Model file not found at modeling/models/chembl243_svr_model.joblib. Please check the path or train a new model.,0.0
Model file not found at modeling/models/chembl243_svr_model.joblib. Please check the path or train a new model.,0.0005037784576416016
Model file not found at modeling/models/chembl243_svr_model.joblib. Please check the path or train a new model.,0.000545501708984375
Model file not found at modeling/models/chembl243_svr_model.joblib. Please check the path or train a new model.,0.0
Model file not found at modeling/models/chembl243_svr_model.joblib. Please check the path or train a new model.,0.0
Model file not found at modeling/models/chembl243_svr_model.joblib. Please check the path or train a new model.,0.0005109310150146484
Model file not found at modeling/models/chembl243_svr_model.joblib. Please check the path or train a new model.,0.0
Model file not found at modeling/models/chembl243_svr_model.joblib. Please check the path or train a new model.,0.0005230903625488281
Model file not found at modeling/models/chembl243_svr_model.joblib. Please check the path or train a new model.,0.0005321502685546875
Model file not found at modeling/models/chembl243_svr_model.joblib. Please check the path or train a new model.,0.0005202293395996094
Model file not found at modeling/models/chembl243_svr_model.joblib. Please check the path or train a new model.,0.0
Model file not found at modeling/models/chembl243_svr_model.joblib. Please check the path or train a new model.,0.0
Model file not found at modeling/models/chembl243_svr_model.joblib. Please check the path or train a new model.,0.0
Model file not found at modeling/models/chembl243_svr_model.joblib. Please check the path or train a new model.,0.0
Model file not found at modeling/models/chembl243_svr_model.joblib. Please check the path or train a new model.,0.0
Model file not found at modeling/models/chembl243_svr_model.joblib. Please check the path or train a new model.,0.0
Model file not found at modeling/models/chembl243_svr_model.joblib. Please check the path or train a new model.,0.0005152225494384766
Model file not found at modeling/models/chembl243_svr_model.joblib. Please check the path or train a new model.,0.0005333423614501953
Model file not found at modeling/models/chembl243_svr_model.joblib. Please check the path or train a new model.,0.0
Model file not found at modeling/models/chembl243_svr_model.joblib. Please check the path or train a new model.,0.0005278587341308594
Model file not found at modeling/models/chembl243_svr_model.joblib. Please check the path or train a new model.,0.0005350112915039062
Model file not found at modeling/models/chembl243_svr_model.joblib. Please check the path or train a new model.,0.0
Model file not found at modeling/models/chembl243_svr_model.joblib. Please check the path or train a new model.,0.0
Model file not found at modeling/models/chembl243_svr_model.joblib. Please check the path or train a new model.,0.0005195140838623047
Model file not found at modeling/models/chembl243_svr_model.joblib. Please check the path or train a new model.,0.0005335807800292969
Model file not found at modeling/models/chembl243_svr_model.joblib. Please check the path or train a new model.,0.0
Model file not found at modeling/models/chembl243_svr_model.joblib. Please check the path or train a new model.,0.0005321502685546875
Model file not found at modeling/models/chembl243_svr_model.joblib. Please check the path or train a new model.,0.0005147457122802734
Model file not found at modeling/models/chembl243_svr_model.joblib. Please check the path or train a new model.,0.0
Model file not found at modeling/models/chembl243_svr_model.joblib. Please check the path or train a new model.,0.0005168914794921875
Model file not found at modeling/models/chembl243_svr_model.joblib. Please check the path or train a new model.,0.0005183219909667969
Model file not found at modeling/models/chembl243_svr_model.joblib. Please check the path or train a new model.,0.0005769729614257812
Model file not found at modeling/models/chembl243_svr_model.joblib. Please check the path or train a new model.,0.0005364418029785156
Model file not found at modeling/models/chembl243_svr_model.joblib. Please check the path or train a new model.,0.0
Model file not found at modeling/models/chembl243_svr_model.joblib. Please check the path or train a new model.,0.0
Model file not found at modeling/models/chembl243_svr_model.joblib. Please check the path or train a new model.,0.0
Model file not found at modeling/models/chembl243_svr_model.joblib. Please check the path or train a new model.,0.0
Model file not found at modeling/models/chembl243_svr_model.joblib. Please check the path or train a new model.,0.0
Model file not found at modeling/models/chembl243_svr_model.joblib. Please check the path or train a new model.,0.0
Model file not found at modeling/models/chembl243_svr_model.joblib. Please check the path or train a new model.,0.0
Model file not found at modeling/models/chembl243_svr_model.joblib. Please check the path or train a new model.,0.0010056495666503906
Model file not found at modeling/models/chembl243_svr_model.joblib. Please check the path or train a new model.,0.0
Model file not found at modeling/models/chembl243_svr_model.joblib. Please check the path or train a new model.,0.0005033016204833984
Model file not found at modeling/models/chembl243_svr_model.joblib. Please check the path or train a new model.,0.0
Model file not found at modeling/models/chembl243_svr_model.joblib. Please check the path or train a new model.,0.0
Model file not found at modeling/models/chembl243_svr_model.joblib. Please check the path or train a new model.,0.0
Model file not found at modeling/models/chembl243_svr_model.joblib. Please check the path or train a new model.,0.0010061264038085938
Model file not found at modeling/models/chembl243_svr_model.joblib. Please check the path or train a new model.,0.0
Model file not found at modeling/models/chembl243_svr_model.joblib. Please check the path or train a new model.,0.0
Model file not found at modeling/models/chembl243_svr_model.joblib. Please check the path or train a new model.,0.0
Model file not found at modeling/models/chembl243_svr_model.joblib. Please check the path or train a new model.,0.0
Model file not found at modeling/models/chembl243_svr_model.joblib. Please check the path or train a new model.,0.0
Model file not found at modeling/models/chembl243_svr_model.joblib. Please check the path or train a new model.,0.00099945068359375
Model file not found at modeling/models/chembl243_svr_model.joblib. Please check the path or train a new model.,0.0
Model file not found at modeling/models/chembl243_svr_model.joblib. Please check the path or train a new model.,0.0010066032409667969
Model file not found at modeling/models/chembl243_svr_model.joblib. Please check the path or train a new model.,0.0
Model file not found at modeling/models/chembl243_svr_model.joblib. Please check the path or train a new model.,0.0
Model file not found at modeling/models/chembl243_svr_model.joblib. Please check the path or train a new model.,0.0009968280792236328
Model file not found at modeling/models/chembl243_svr_model.joblib. Please check the path or train a new model.,0.0
Model file not found at modeling/models/chembl243_svr_model.joblib. Please check the path or train a new model.,0.0
Model file not found at modeling/models/chembl243_svr_model.joblib. Please check the path or train a new model.,0.0
Model file not found at modeling/models/chembl243_svr_model.joblib. Please check the path or train a new model.,0.0
Model file not found at modeling/models/chembl243_svr_model.joblib. Please check the path or train a new model.,0.0
Model file not found at modeling/models/chembl243_svr_model.joblib. Please check the path or train a new model.,0.0
Model file not found at modeling/models/chembl243_svr_model.joblib. Please check the path or train a new model.,0.0
Model file not found at modeling/models/chembl243_svr_model.joblib. Please check the path or train a new model.,0.0
Model file not found at modeling/models/chembl243_svr_model.joblib. Please check the path or train a new model.,0.0
Model file not found at modeling/models/chembl243_svr_model.joblib. Please check the path or train a new model.,0.0
Model file not found at modeling/models/chembl243_svr_model.joblib. Please check the path or train a new model.,0.0
Model file not found at modeling/models/chembl243_svr_model.joblib. Please check the path or train a new model.,0.0
Model file not found at modeling/models/chembl243_svr_model.joblib. Please check the path or train a new model.,0.0
Model file not found at modeling/models/chembl243_svr_model.joblib. Please check the path or train a new model.,0.0
Model file not found at modeling/models/chembl243_svr_model.joblib. Please check the path or train a new model.,0.0005517005920410156
Model file not found at modeling/models/chembl243_svr_model.joblib. Please check the path or train a new model.,0.0
Model file not found at modeling/models/chembl243_svr_model.joblib. Please check the path or train a new model.,0.0
Model file not found at modeling/models/chembl243_svr_model.joblib. Please check the path or train a new model.,0.0
Model file not found at modeling/models/chembl243_svr_model.joblib. Please check the path or train a new model.,0.0015137195587158203
Model file not found at modeling/models/chembl243_svr_model.joblib. Please check the path or train a new model.,0.0
Model file not found at modeling/models/chembl243_svr_model.joblib. Please check the path or train a new model.,0.0
Model file not found at modeling/models/chembl243_svr_model.joblib. Please check the path or train a new model.,0.0010039806365966797
Model file not found at modeling/models/chembl243_svr_model.joblib. Please check the path or train a new model.,0.0
Model file not found at modeling/models/chembl243_svr_model.joblib. Please check the path or train a new model.,0.0
Model file not found at modeling/models/chembl243_svr_model.joblib. Please check the path or train a new model.,0.0010654926300048828
Model file not found at modeling/models/chembl243_svr_model.joblib. Please check the path or train a new model.,0.0
Model file not found at modeling/models/chembl243_svr_model.joblib. Please check the path or train a new model.,0.0
Model file not found at modeling/models/chembl243_svr_model.joblib. Please check the path or train a new model.,0.0010075569152832031
Model file not found at modeling/models/chembl243_svr_model.joblib. Please check the path or train a new model.,0.0
Model file not found at modeling/models/chembl243_svr_model.joblib. Please check the path or train a new model.,0.0
Model file not found at modeling/models/chembl243_svr_model.joblib. Please check the path or train a new model.,0.0009970664978027344
Model file not found at modeling/models/chembl243_svr_model.joblib. Please check the path or train a new model.,0.0
Model file not found at modeling/models/chembl243_svr_model.joblib. Please check the path or train a new model.,0.0
Model file not found at modeling/models/chembl243_svr_model.joblib. Please check the path or train a new model.,0.001001596450805664
Model file not found at modeling/models/chembl243_svr_model.joblib. Please check the path or train a new model.,0.0
Model file not found at modeling/models/chembl243_svr_model.joblib. Please check the path or train a new model.,0.0
Model file not found at modeling/models/chembl243_svr_model.joblib. Please check the path or train a new model.,0.0005140304565429688
Model file not found at modeling/models/chembl243_svr_model.joblib. Please check the path or train a new model.,0.0
Model file not found at modeling/models/chembl243_svr_model.joblib. Please check the path or train a new model.,0.0
Model file not found at modeling/models/chembl243_svr_model.joblib. Please check the path or train a new model.,0.0
Model file not found at modeling/models/chembl243_svr_model.joblib. Please check the path or train a new model.,0.0
Model file not found at modeling/models/chembl243_svr_model.joblib. Please check the path or train a new model.,0.0017380714416503906
Model file not found at modeling/models/chembl243_svr_model.joblib. Please check the path or train a new model.,0.0
Model file not found at modeling/models/chembl243_svr_model.joblib. Please check the path or train a new model.,0.0
Model file not found at modeling/models/chembl243_svr_model.joblib. Please check the path or train a new model.,0.0
Model file not found at modeling/models/chembl243_svr_model.joblib. Please check the path or train a new model.,0.0
Model file not found at modeling/models/chembl243_svr_model.joblib. Please check the path or train a new model.,0.0009963512420654297
Model file not found at modeling/models/chembl243_svr_model.joblib. Please check the path or train a new model.,0.0
Model file not found at modeling/models/chembl243_svr_model.joblib. Please check the path or train a new model.,0.0
Model file not found at modeling/models/chembl243_svr_model.joblib. Please check the path or train a new model.,0.0
Model file not found at modeling/models/chembl243_svr_model.joblib. Please check the path or train a new model.,0.0015039443969726562
Model file not found at modeling/models/chembl243_svr_model.joblib. Please check the path or train a new model.,0.0
Model file not found at modeling/models/chembl243_svr_model.joblib. Please check the path or train a new model.,0.0010051727294921875
Model file not found at modeling/models/chembl243_svr_model.joblib. Please check the path or train a new model.,0.0
Model file not found at modeling/models/chembl243_svr_model.joblib. Please check the path or train a new model.,0.0
Model file not found at modeling/models/chembl243_svr_model.joblib. Please check the path or train a new model.,0.0010006427764892578
Model file not found at modeling/models/chembl243_svr_model.joblib. Please check the path or train a new model.,0.0005707740783691406
Model file not found at modeling/models/chembl243_svr_model.joblib. Please check the path or train a new model.,0.0
Model file not found at modeling/models/chembl243_svr_model.joblib. Please check the path or train a new model.,0.0
Model file not found at modeling/models/chembl243_svr_model.joblib. Please check the path or train a new model.,0.0
Model file not found at modeling/models/chembl243_svr_model.joblib. Please check the path or train a new model.,0.0005037784576416016
Model file not found at modeling/models/chembl243_svr_model.joblib. Please check the path or train a new model.,0.0
Model file not found at modeling/models/chembl243_svr_model.joblib. Please check the path or train a new model.,0.0
Model file not found at modeling/models/chembl243_svr_model.joblib. Please check the path or train a new model.,0.0010046958923339844
Model file not found at modeling/models/chembl243_svr_model.joblib. Please check the path or train a new model.,0.0
Model file not found at modeling/models/chembl243_svr_model.joblib. Please check the path or train a new model.,0.0
Model file not found at modeling/models/chembl243_svr_model.joblib. Please check the path or train a new model.,0.0
Model file not found at modeling/models/chembl243_svr_model.joblib. Please check the path or train a new model.,0.0
Model file not found at modeling/models/chembl243_svr_model.joblib. Please check the path or train a new model.,0.0
Model file not found at modeling/models/chembl243_svr_model.joblib. Please check the path or train a new model.,0.0
Model file not found at modeling/models/chembl243_svr_model.joblib. Please check the path or train a new model.,0.0010058879852294922
Model file not found at modeling/models/chembl243_svr_model.joblib. Please check the path or train a new model.,0.0
Model file not found at modeling/models/chembl243_svr_model.joblib. Please check the path or train a new model.,0.0
Model file not found at modeling/models/chembl243_svr_model.joblib. Please check the path or train a new model.,0.0009987354278564453
Model file not found at modeling/models/chembl243_svr_model.joblib. Please check the path or train a new model.,0.0
Model file not found at modeling/models/chembl243_svr_model.joblib. Please check the path or train a new model.,0.0
Model file not found at modeling/models/chembl243_svr_model.joblib. Please check the path or train a new model.,0.001001119613647461
Model file not found at modeling/models/chembl243_svr_model.joblib. Please check the path or train a new model.,0.0
Model file not found at modeling/models/chembl243_svr_model.joblib. Please check the path or train a new model.,0.0
Model file not found at modeling/models/chembl243_svr_model.joblib. Please check the path or train a new model.,0.0010275840759277344
Model file not found at modeling/models/chembl243_svr_model.joblib. Please check the path or train a new model.,0.0
Model file not found at modeling/models/chembl243_svr_model.joblib. Please check the path or train a new model.,0.0
Model file not found at modeling/models/chembl243_svr_model.joblib. Please check the path or train a new model.,0.0010006427764892578
Model file not found at modeling/models/chembl243_svr_model.joblib. Please check the path or train a new model.,0.0
Model file not found at modeling/models/chembl243_svr_model.joblib. Please check the path or train a new model.,0.0014176368713378906
Model file not found at modeling/models/chembl243_svr_model.joblib. Please check the path or train a new model.,0.0
Model file not found at modeling/models/chembl243_svr_model.joblib. Please check the path or train a new model.,0.0009968280792236328
Model file not found at modeling/models/chembl243_svr_model.joblib. Please check the path or train a new model.,0.0
Model file not found at modeling/models/chembl243_svr_model.joblib. Please check the path or train a new model.,0.0
Model file not found at modeling/models/chembl243_svr_model.joblib. Please check the path or train a new model.,0.0
Model file not found at modeling/models/chembl243_svr_model.joblib. Please check the path or train a new model.,0.0
Model file not found at modeling/models/chembl243_svr_model.joblib. Please check the path or train a new model.,0.0009987354278564453
Model file not found at modeling/models/chembl243_svr_model.joblib. Please check the path or train a new model.,0.0005044937133789062
Model file not found at modeling/models/chembl243_svr_model.joblib. Please check the path or train a new model.,0.0
Model file not found at modeling/models/chembl243_svr_model.joblib. Please check the path or train a new model.,0.0
Model file not found at modeling/models/chembl243_svr_model.joblib. Please check the path or train a new model.,0.0
Model file not found at modeling/models/chembl243_svr_model.joblib. Please check the path or train a new model.,0.0
Model file not found at modeling/models/chembl243_svr_model.joblib. Please check the path or train a new model.,0.0015151500701904297
Model file not found at modeling/models/chembl243_svr_model.joblib. Please check the path or train a new model.,0.0
Model file not found at modeling/models/chembl243_svr_model.joblib. Please check the path or train a new model.,0.0005156993865966797
Model file not found at modeling/models/chembl243_svr_model.joblib. Please check the path or train a new model.,0.0005106925964355469
Model file not found at modeling/models/chembl243_svr_model.joblib. Please check the path or train a new model.,0.0
Model file not found at modeling/models/chembl243_svr_model.joblib. Please check the path or train a new model.,0.0
Model file not found at modeling/models/chembl243_svr_model.joblib. Please check the path or train a new model.,0.0
Model file not found at modeling/models/chembl243_svr_model.joblib. Please check the path or train a new model.,0.0
Model file not found at modeling/models/chembl243_svr_model.joblib. Please check the path or train a new model.,0.0
Model file not found at modeling/models/chembl243_svr_model.joblib. Please check the path or train a new model.,0.0
Model file not found at modeling/models/chembl243_svr_model.joblib. Please check the path or train a new model.,0.0
Model file not found at modeling/models/chembl243_svr_model.joblib. Please check the path or train a new model.,0.0
Model file not found at modeling/models/chembl243_svr_model.joblib. Please check the path or train a new model.,0.0015041828155517578
Model file not found at modeling/models/chembl243_svr_model.joblib. Please check the path or train a new model.,0.0
Model file not found at modeling/models/chembl243_svr_model.joblib. Please check the path or train a new model.,0.0
Model file not found at modeling/models/chembl243_svr_model.joblib. Please check the path or train a new model.,0.0
Model file not found at modeling/models/chembl243_svr_model.joblib. Please check the path or train a new model.,0.0
Model file not found at modeling/models/chembl243_svr_model.joblib. Please check the path or train a new model.,0.0
Model file not found at modeling/models/chembl243_svr_model.joblib. Please check the path or train a new model.,0.0
Model file not found at modeling/models/chembl243_svr_model.joblib. Please check the path or train a new model.,0.0
Model file not found at modeling/models/chembl243_svr_model.joblib. Please check the path or train a new model.,0.0012192726135253906
Model file not found at modeling/models/chembl243_svr_model.joblib. Please check the path or train a new model.,0.0005142688751220703
Model file not found at modeling/models/chembl243_svr_model.joblib. Please check the path or train a new model.,0.0
Model file not found at modeling/models/chembl243_svr_model.joblib. Please check the path or train a new model.,0.0
Model file not found at modeling/models/chembl243_svr_model.joblib. Please check the path or train a new model.,0.0010061264038085938
Model file not found at modeling/models/chembl243_svr_model.joblib. Please check the path or train a new model.,0.0
Model file not found at modeling/models/chembl243_svr_model.joblib. Please check the path or train a new model.,0.0
Model file not found at modeling/models/chembl243_svr_model.joblib. Please check the path or train a new model.,0.0011208057403564453
Model file not found at modeling/models/chembl243_svr_model.joblib. Please check the path or train a new model.,0.0
Model file not found at modeling/models/chembl243_svr_model.joblib. Please check the path or train a new model.,0.0010056495666503906
Model file not found at modeling/models/chembl243_svr_model.joblib. Please check the path or train a new model.,0.0
Model file not found at modeling/models/chembl243_svr_model.joblib. Please check the path or train a new model.,0.0009963512420654297
Model file not found at modeling/models/chembl243_svr_model.joblib. Please check the path or train a new model.,0.0
Model file not found at modeling/models/chembl243_svr_model.joblib. Please check the path or train a new model.,0.0
Model file not found at modeling/models/chembl243_svr_model.joblib. Please check the path or train a new model.,0.0
Model file not found at modeling/models/chembl243_svr_model.joblib. Please check the path or train a new model.,0.0
Model file not found at modeling/models/chembl243_svr_model.joblib. Please check the path or train a new model.,0.0009975433349609375
Model file not found at modeling/models/chembl243_svr_model.joblib. Please check the path or train a new model.,0.0
Model file not found at modeling/models/chembl243_svr_model.joblib. Please check the path or train a new model.,0.0
Model file not found at modeling/models/chembl243_svr_model.joblib. Please check the path or train a new model.,0.0
Model file not found at modeling/models/chembl243_svr_model.joblib. Please check the path or train a new model.,0.0
Model file not found at modeling/models/chembl243_svr_model.joblib. Please check the path or train a new model.,0.0
Model file not found at modeling/models/chembl243_svr_model.joblib. Please check the path or train a new model.,0.0
Model file not found at modeling/models/chembl243_svr_model.joblib. Please check the path or train a new model.,0.0008175373077392578
Model file not found at modeling/models/chembl243_svr_model.joblib. Please check the path or train a new model.,0.0
Model file not found at modeling/models/chembl243_svr_model.joblib. Please check the path or train a new model.,0.0
Model file not found at modeling/models/chembl243_svr_model.joblib. Please check the path or train a new model.,0.0010027885437011719
Model file not found at modeling/models/chembl243_svr_model.joblib. Please check the path or train a new model.,0.0
Model file not found at modeling/models/chembl243_svr_model.joblib. Please check the path or train a new model.,0.0
Model file not found at modeling/models/chembl243_svr_model.joblib. Please check the path or train a new model.,0.0
Model file not found at modeling/models/chembl243_svr_model.joblib. Please check the path or train a new model.,0.0015041828155517578
Model file not found at modeling/models/chembl243_svr_model.joblib. Please check the path or train a new model.,0.0
Model file not found at modeling/models/chembl243_svr_model.joblib. Please check the path or train a new model.,0.0
Model file not found at modeling/models/chembl243_svr_model.joblib. Please check the path or train a new model.,0.001005411148071289
Model file not found at modeling/models/chembl243_svr_model.joblib. Please check the path or train a new model.,0.0
Model file not found at modeling/models/chembl243_svr_model.joblib. Please check the path or train a new model.,0.0
Model file not found at modeling/models/chembl243_svr_model.joblib. Please check the path or train a new model.,0.0
Model file not found at modeling/models/chembl243_svr_model.joblib. Please check the path or train a new model.,0.0
Model file not found at modeling/models/chembl243_svr_model.joblib. Please check the path or train a new model.,0.0
Model file not found at modeling/models/chembl243_svr_model.joblib. Please check the path or train a new model.,0.0
Model file not found at modeling/models/chembl243_svr_model.joblib. Please check the path or train a new model.,0.001004934310913086
Model file not found at modeling/models/chembl243_svr_model.joblib. Please check the path or train a new model.,0.0
Model file not found at modeling/models/chembl243_svr_model.joblib. Please check the path or train a new model.,0.0
Model file not found at modeling/models/chembl243_svr_model.joblib. Please check the path or train a new model.,0.0
Model file not found at modeling/models/chembl243_svr_model.joblib. Please check the path or train a new model.,0.0
Model file not found at modeling/models/chembl243_svr_model.joblib. Please check the path or train a new model.,0.0015044212341308594
Model file not found at modeling/models/chembl243_svr_model.joblib. Please check the path or train a new model.,0.0
Model file not found at modeling/models/chembl243_svr_model.joblib. Please check the path or train a new model.,0.0
Model file not found at modeling/models/chembl243_svr_model.joblib. Please check the path or train a new model.,0.0010066032409667969
Model file not found at modeling/models/chembl243_svr_model.joblib. Please check the path or train a new model.,0.0005035400390625
Model file not found at modeling/models/chembl243_svr_model.joblib. Please check the path or train a new model.,0.0
Model file not found at modeling/models/chembl243_svr_model.joblib. Please check the path or train a new model.,0.0
Model file not found at modeling/models/chembl243_svr_model.joblib. Please check the path or train a new model.,0.0
Model file not found at modeling/models/chembl243_svr_model.joblib. Please check the path or train a new model.,0.0
Model file not found at modeling/models/chembl243_svr_model.joblib. Please check the path or train a new model.,0.0
Model file not found at modeling/models/chembl243_svr_model.joblib. Please check the path or train a new model.,0.0
Model file not found at modeling/models/chembl243_svr_model.joblib. Please check the path or train a new model.,0.0
Model file not found at modeling/models/chembl243_svr_model.joblib. Please check the path or train a new model.,0.0015053749084472656
Model file not found at modeling/models/chembl243_svr_model.joblib. Please check the path or train a new model.,0.0005686283111572266
Model file not found at modeling/models/chembl243_svr_model.joblib. Please check the path or train a new model.,0.0
Model file not found at modeling/models/chembl243_svr_model.joblib. Please check the path or train a new model.,0.0
Model file not found at modeling/models/chembl243_svr_model.joblib. Please check the path or train a new model.,0.0
Model file not found at modeling/models/chembl243_svr_model.joblib. Please check the path or train a new model.,0.0
Model file not found at modeling/models/chembl243_svr_model.joblib. Please check the path or train a new model.,0.0
Model file not found at modeling/models/chembl243_svr_model.joblib. Please check the path or train a new model.,0.0
Model file not found at modeling/models/chembl243_svr_model.joblib. Please check the path or train a new model.,0.0
Model file not found at modeling/models/chembl243_svr_model.joblib. Please check the path or train a new model.,0.0009992122650146484
Model file not found at modeling/models/chembl243_svr_model.joblib. Please check the path or train a new model.,0.0
Model file not found at modeling/models/chembl243_svr_model.joblib. Please check the path or train a new model.,0.0
Model file not found at modeling/models/chembl243_svr_model.joblib. Please check the path or train a new model.,0.0
Model file not found at modeling/models/chembl243_svr_model.joblib. Please check the path or train a new model.,0.0
Model file not found at modeling/models/chembl243_svr_model.joblib. Please check the path or train a new model.,0.0
Model file not found at modeling/models/chembl243_svr_model.joblib. Please check the path or train a new model.,0.0010902881622314453
Model file not found at modeling/models/chembl243_svr_model.joblib. Please check the path or train a new model.,0.0
Model file not found at modeling/models/chembl243_svr_model.joblib. Please check the path or train a new model.,0.0
Model file not found at modeling/models/chembl243_svr_model.joblib. Please check the path or train a new model.,0.0010006427764892578
Model file not found at modeling/models/chembl243_svr_model.joblib. Please check the path or train a new model.,0.0
Model file not found at modeling/models/chembl243_svr_model.joblib. Please check the path or train a new model.,0.0
Model file not found at modeling/models/chembl243_svr_model.joblib. Please check the path or train a new model.,0.0
Model file not found at modeling/models/chembl243_svr_model.joblib. Please check the path or train a new model.,0.0005035400390625
Model file not found at modeling/models/chembl243_svr_model.joblib. Please check the path or train a new model.,0.0
Model file not found at modeling/models/chembl243_svr_model.joblib. Please check the path or train a new model.,0.0
Model file not found at modeling/models/chembl243_svr_model.joblib. Please check the path or train a new model.,0.0010051727294921875
Model file not found at modeling/models/chembl243_svr_model.joblib. Please check the path or train a new model.,0.0
Model file not found at modeling/models/chembl243_svr_model.joblib. Please check the path or train a new model.,0.0
Model file not found at modeling/models/chembl243_svr_model.joblib. Please check the path or train a new model.,0.0009999275207519531
Model file not found at modeling/models/chembl243_svr_model.joblib. Please check the path or train a new model.,0.0
Model file not found at modeling/models/chembl243_svr_model.joblib. Please check the path or train a new model.,0.0
Model file not found at modeling/models/chembl243_svr_model.joblib. Please check the path or train a new model.,0.0005114078521728516
Model file not found at modeling/models/chembl243_svr_model.joblib. Please check the path or train a new model.,0.0
Model file not found at modeling/models/chembl243_svr_model.joblib. Please check the path or train a new model.,0.0
Model file not found at modeling/models/chembl243_svr_model.joblib. Please check the path or train a new model.,0.0010044574737548828
Model file not found at modeling/models/chembl243_svr_model.joblib. Please check the path or train a new model.,0.0
Model file not found at modeling/models/chembl243_svr_model.joblib. Please check the path or train a new model.,0.0
Model file not found at modeling/models/chembl243_svr_model.joblib. Please check the path or train a new model.,0.0
Model file not found at modeling/models/chembl243_svr_model.joblib. Please check the path or train a new model.,0.0
Model file not found at modeling/models/chembl243_svr_model.joblib. Please check the path or train a new model.,0.0
Model file not found at modeling/models/chembl243_svr_model.joblib. Please check the path or train a new model.,0.0
Model file not found at modeling/models/chembl243_svr_model.joblib. Please check the path or train a new model.,0.0
Model file not found at modeling/models/chembl243_svr_model.joblib. Please check the path or train a new model.,0.0
Model file not found at modeling/models/chembl243_svr_model.joblib. Please check the path or train a new model.,0.001508474349975586
Model file not found at modeling/models/chembl243_svr_model.joblib. Please check the path or train a new model.,0.0
Model file not found at modeling/models/chembl243_svr_model.joblib. Please check the path or train a new model.,0.0
Model file not found at modeling/models/chembl243_svr_model.joblib. Please check the path or train a new model.,0.0
Model file not found at modeling/models/chembl243_svr_model.joblib. Please check the path or train a new model.,0.0015308856964111328
Model file not found at modeling/models/chembl243_svr_model.joblib. Please check the path or train a new model.,0.0
Model file not found at modeling/models/chembl243_svr_model.joblib. Please check the path or train a new model.,0.0005142688751220703
Model file not found at modeling/models/chembl243_svr_model.joblib. Please check the path or train a new model.,0.0
Model file not found at modeling/models/chembl243_svr_model.joblib. Please check the path or train a new model.,0.0010068416595458984
Model file not found at modeling/models/chembl243_svr_model.joblib. Please check the path or train a new model.,0.0
Model file not found at modeling/models/chembl243_svr_model.joblib. Please check the path or train a new model.,0.0
Model file not found at modeling/models/chembl243_svr_model.joblib. Please check the path or train a new model.,0.0
Model file not found at modeling/models/chembl243_svr_model.joblib. Please check the path or train a new model.,0.0005033016204833984
Model file not found at modeling/models/chembl243_svr_model.joblib. Please check the path or train a new model.,0.0
Model file not found at modeling/models/chembl243_svr_model.joblib. Please check the path or train a new model.,0.0
Model file not found at modeling/models/chembl243_svr_model.joblib. Please check the path or train a new model.,0.0
Model file not found at modeling/models/chembl243_svr_model.joblib. Please check the path or train a new model.,0.0
Model file not found at modeling/models/chembl243_svr_model.joblib. Please check the path or train a new model.,0.0
Model file not found at modeling/models/chembl243_svr_model.joblib. Please check the path or train a new model.,0.0
Model file not found at modeling/models/chembl243_svr_model.joblib. Please check the path or train a new model.,0.0
Model file not found at modeling/models/chembl243_svr_model.joblib. Please check the path or train a new model.,0.0
Model file not found at modeling/models/chembl243_svr_model.joblib. Please check the path or train a new model.,0.0
Model file not found at modeling/models/chembl243_svr_model.joblib. Please check the path or train a new model.,0.0015037059783935547
Model file not found at modeling/models/chembl243_svr_model.joblib. Please check the path or train a new model.,0.0
Model file not found at modeling/models/chembl243_svr_model.joblib. Please check the path or train a new model.,0.0
Model file not found at modeling/models/chembl243_svr_model.joblib. Please check the path or train a new model.,0.0010073184967041016
Model file not found at modeling/models/chembl243_svr_model.joblib. Please check the path or train a new model.,0.0
Model file not found at modeling/models/chembl243_svr_model.joblib. Please check the path or train a new model.,0.0
Model file not found at modeling/models/chembl243_svr_model.joblib. Please check the path or train a new model.,0.0009984970092773438
Model file not found at modeling/models/chembl243_svr_model.joblib. Please check the path or train a new model.,0.0
Model file not found at modeling/models/chembl243_svr_model.joblib. Please check the path or train a new model.,0.0007481575012207031
Model file not found at modeling/models/chembl243_svr_model.joblib. Please check the path or train a new model.,0.0005121231079101562
Model file not found at modeling/models/chembl243_svr_model.joblib. Please check the path or train a new model.,0.0
Model file not found at modeling/models/chembl243_svr_model.joblib. Please check the path or train a new model.,0.0005118846893310547
Model file not found at modeling/models/chembl243_svr_model.joblib. Please check the path or train a new model.,0.0
Model file not found at modeling/models/chembl243_svr_model.joblib. Please check the path or train a new model.,0.0
Model file not found at modeling/models/chembl243_svr_model.joblib. Please check the path or train a new model.,0.0010058879852294922
Model file not found at modeling/models/chembl243_svr_model.joblib. Please check the path or train a new model.,0.0
Model file not found at modeling/models/chembl243_svr_model.joblib. Please check the path or train a new model.,0.0010082721710205078
Model file not found at modeling/models/chembl243_svr_model.joblib. Please check the path or train a new model.,0.0
Model file not found at modeling/models/chembl243_svr_model.joblib. Please check the path or train a new model.,0.0009968280792236328
Model file not found at modeling/models/chembl243_svr_model.joblib. Please check the path or train a new model.,0.0
Model file not found at modeling/models/chembl243_svr_model.joblib. Please check the path or train a new model.,0.0
Model file not found at modeling/models/chembl243_svr_model.joblib. Please check the path or train a new model.,0.0
Model file not found at modeling/models/chembl243_svr_model.joblib. Please check the path or train a new model.,0.0010061264038085938
Model file not found at modeling/models/chembl243_svr_model.joblib. Please check the path or train a new model.,0.0
Model file not found at modeling/models/chembl243_svr_model.joblib. Please check the path or train a new model.,0.00099945068359375
Model file not found at modeling/models/chembl243_svr_model.joblib. Please check the path or train a new model.,0.0
Model file not found at modeling/models/chembl243_svr_model.joblib. Please check the path or train a new model.,0.0
Model file not found at modeling/models/chembl243_svr_model.joblib. Please check the path or train a new model.,0.0010001659393310547
Model file not found at modeling/models/chembl243_svr_model.joblib. Please check the path or train a new model.,0.0
Model file not found at modeling/models/chembl243_svr_model.joblib. Please check the path or train a new model.,0.0
Model file not found at modeling/models/chembl243_svr_model.joblib. Please check the path or train a new model.,0.0003116130828857422
Model file not found at modeling/models/chembl243_svr_model.joblib. Please check the path or train a new model.,0.0
Model file not found at modeling/models/chembl243_svr_model.joblib. Please check the path or train a new model.,0.0
Model file not found at modeling/models/chembl243_svr_model.joblib. Please check the path or train a new model.,0.0
Model file not found at modeling/models/chembl243_svr_model.joblib. Please check the path or train a new model.,0.0
Model file not found at modeling/models/chembl243_svr_model.joblib. Please check the path or train a new model.,0.0
Model file not found at modeling/models/chembl243_svr_model.joblib. Please check the path or train a new model.,0.0
Model file not found at modeling/models/chembl243_svr_model.joblib. Please check the path or train a new model.,0.0
Model file not found at modeling/models/chembl243_svr_model.joblib. Please check the path or train a new model.,0.0005128383636474609
Model file not found at modeling/models/chembl243_svr_model.joblib. Please check the path or train a new model.,0.0
Model file not found at modeling/models/chembl243_svr_model.joblib. Please check the path or train a new model.,0.0
Model file not found at modeling/models/chembl243_svr_model.joblib. Please check the path or train a new model.,0.0010075569152832031
Model file not found at modeling/models/chembl243_svr_model.joblib. Please check the path or train a new model.,0.0
Model file not found at modeling/models/chembl243_svr_model.joblib. Please check the path or train a new model.,0.0
Model file not found at modeling/models/chembl243_svr_model.joblib. Please check the path or train a new model.,0.0
Model file not found at modeling/models/chembl243_svr_model.joblib. Please check the path or train a new model.,0.0
Model file not found at modeling/models/chembl243_svr_model.joblib. Please check the path or train a new model.,0.0015478134155273438
Model file not found at modeling/models/chembl243_svr_model.joblib. Please check the path or train a new model.,0.0
Model file not found at modeling/models/chembl243_svr_model.joblib. Please check the path or train a new model.,0.0
Model file not found at modeling/models/chembl243_svr_model.joblib. Please check the path or train a new model.,0.001004934310913086
Model file not found at modeling/models/chembl243_svr_model.joblib. Please check the path or train a new model.,0.0
Model file not found at modeling/models/chembl243_svr_model.joblib. Please check the path or train a new model.,0.0
Model file not found at modeling/models/chembl243_svr_model.joblib. Please check the path or train a new model.,0.0
Model file not found at modeling/models/chembl243_svr_model.joblib. Please check the path or train a new model.,0.0015037059783935547
Model file not found at modeling/models/chembl243_svr_model.joblib. Please check the path or train a new model.,0.0
Model file not found at modeling/models/chembl243_svr_model.joblib. Please check the path or train a new model.,0.0
Model file not found at modeling/models/chembl243_svr_model.joblib. Please check the path or train a new model.,0.0010066032409667969
Model file not found at modeling/models/chembl243_svr_model.joblib. Please check the path or train a new model.,0.0
Model file not found at modeling/models/chembl243_svr_model.joblib. Please check the path or train a new model.,0.0005037784576416016
Model file not found at modeling/models/chembl243_svr_model.joblib. Please check the path or train a new model.,0.0
Model file not found at modeling/models/chembl243_svr_model.joblib. Please check the path or train a new model.,0.0013988018035888672
Model file not found at modeling/models/chembl243_svr_model.joblib. Please check the path or train a new model.,0.0
Model file not found at modeling/models/chembl243_svr_model.joblib. Please check the path or train a new model.,0.0
Model file not found at modeling/models/chembl243_svr_model.joblib. Please check the path or train a new model.,0.0
Model file not found at modeling/models/chembl243_svr_model.joblib. Please check the path or train a new model.,0.0005059242248535156
Model file not found at modeling/models/chembl243_svr_model.joblib. Please check the path or train a new model.,0.0
Model file not found at modeling/models/chembl243_svr_model.joblib. Please check the path or train a new model.,0.0010068416595458984
Model file not found at modeling/models/chembl243_svr_model.joblib. Please check the path or train a new model.,0.0
Model file not found at modeling/models/chembl243_svr_model.joblib. Please check the path or train a new model.,0.0
Model file not found at modeling/models/chembl243_svr_model.joblib. Please check the path or train a new model.,0.0
Model file not found at modeling/models/chembl243_svr_model.joblib. Please check the path or train a new model.,0.0015039443969726562
Model file not found at modeling/models/chembl243_svr_model.joblib. Please check the path or train a new model.,0.0
Model file not found at modeling/models/chembl243_svr_model.joblib. Please check the path or train a new model.,0.0
Model file not found at modeling/models/chembl243_svr_model.joblib. Please check the path or train a new model.,0.0
Model file not found at modeling/models/chembl243_svr_model.joblib. Please check the path or train a new model.,0.001005411148071289
Model file not found at modeling/models/chembl243_svr_model.joblib. Please check the path or train a new model.,0.0
Model file not found at modeling/models/chembl243_svr_model.joblib. Please check the path or train a new model.,0.0
Model file not found at modeling/models/chembl243_svr_model.joblib. Please check the path or train a new model.,0.0
Model file not found at modeling/models/chembl243_svr_model.joblib. Please check the path or train a new model.,0.001505136489868164
Model file not found at modeling/models/chembl243_svr_model.joblib. Please check the path or train a new model.,0.0
Model file not found at modeling/models/chembl243_svr_model.joblib. Please check the path or train a new model.,0.0
Model file not found at modeling/models/chembl243_svr_model.joblib. Please check the path or train a new model.,0.0
Model file not found at modeling/models/chembl243_svr_model.joblib. Please check the path or train a new model.,0.0
Model file not found at modeling/models/chembl243_svr_model.joblib. Please check the path or train a new model.,0.000997781753540039
Model file not found at modeling/models/chembl243_svr_model.joblib. Please check the path or train a new model.,0.0
Model file not found at modeling/models/chembl243_svr_model.joblib. Please check the path or train a new model.,0.0
Model file not found at modeling/models/chembl243_svr_model.joblib. Please check the path or train a new model.,0.0
Model file not found at modeling/models/chembl243_svr_model.joblib. Please check the path or train a new model.,0.0
Model file not found at modeling/models/chembl243_svr_model.joblib. Please check the path or train a new model.,0.0005130767822265625
Model file not found at modeling/models/chembl243_svr_model.joblib. Please check the path or train a new model.,0.0
Model file not found at modeling/models/chembl243_svr_model.joblib. Please check the path or train a new model.,0.0
Model file not found at modeling/models/chembl243_svr_model.joblib. Please check the path or train a new model.,0.001004934310913086
Model file not found at modeling/models/chembl243_svr_model.joblib. Please check the path or train a new model.,0.0
Model file not found at modeling/models/chembl243_svr_model.joblib. Please check the path or train a new model.,0.0
Model file not found at modeling/models/chembl243_svr_model.joblib. Please check the path or train a new model.,0.0010294914245605469
Model file not found at modeling/models/chembl243_svr_model.joblib. Please check the path or train a new model.,0.0
Model file not found at modeling/models/chembl243_svr_model.joblib. Please check the path or train a new model.,0.0
Model file not found at modeling/models/chembl243_svr_model.joblib. Please check the path or train a new model.,0.0010020732879638672
Model file not found at modeling/models/chembl243_svr_model.joblib. Please check the path or train a new model.,0.0
Model file not found at modeling/models/chembl243_svr_model.joblib. Please check the path or train a new model.,0.0
Model file not found at modeling/models/chembl243_svr_model.joblib. Please check the path or train a new model.,0.0011022090911865234
Model file not found at modeling/models/chembl243_svr_model.joblib. Please check the path or train a new model.,0.000579833984375
Model file not found at modeling/models/chembl243_svr_model.joblib. Please check the path or train a new model.,0.0005152225494384766
Model file not found at modeling/models/chembl243_svr_model.joblib. Please check the path or train a new model.,0.0
Model file not found at modeling/models/chembl243_svr_model.joblib. Please check the path or train a new model.,0.0010104179382324219
Model file not found at modeling/models/chembl243_svr_model.joblib. Please check the path or train a new model.,0.0
Model file not found at modeling/models/chembl243_svr_model.joblib. Please check the path or train a new model.,0.0
Model file not found at modeling/models/chembl243_svr_model.joblib. Please check the path or train a new model.,0.0015091896057128906
Model file not found at modeling/models/chembl243_svr_model.joblib. Please check the path or train a new model.,0.0
Model file not found at modeling/models/chembl243_svr_model.joblib. Please check the path or train a new model.,0.0
Model file not found at modeling/models/chembl243_svr_model.joblib. Please check the path or train a new model.,0.0012831687927246094
Model file not found at modeling/models/chembl243_svr_model.joblib. Please check the path or train a new model.,0.0
Model file not found at modeling/models/chembl243_svr_model.joblib. Please check the path or train a new model.,0.0
Model file not found at modeling/models/chembl243_svr_model.joblib. Please check the path or train a new model.,0.0
Model file not found at modeling/models/chembl243_svr_model.joblib. Please check the path or train a new model.,0.0005104541778564453
Model file not found at modeling/models/chembl243_svr_model.joblib. Please check the path or train a new model.,0.0005047321319580078
Model file not found at modeling/models/chembl243_svr_model.joblib. Please check the path or train a new model.,0.0
Model file not found at modeling/models/chembl243_svr_model.joblib. Please check the path or train a new model.,0.0
Model file not found at modeling/models/chembl243_svr_model.joblib. Please check the path or train a new model.,0.001004934310913086
Model file not found at modeling/models/chembl243_svr_model.joblib. Please check the path or train a new model.,0.0005042552947998047
Model file not found at modeling/models/chembl243_svr_model.joblib. Please check the path or train a new model.,0.0005154609680175781
Model file not found at modeling/models/chembl243_svr_model.joblib. Please check the path or train a new model.,0.0
Model file not found at modeling/models/chembl243_svr_model.joblib. Please check the path or train a new model.,0.0
Model file not found at modeling/models/chembl243_svr_model.joblib. Please check the path or train a new model.,0.001050710678100586
Model file not found at modeling/models/chembl243_svr_model.joblib. Please check the path or train a new model.,0.0005125999450683594
Model file not found at modeling/models/chembl243_svr_model.joblib. Please check the path or train a new model.,0.0
Model file not found at modeling/models/chembl243_svr_model.joblib. Please check the path or train a new model.,0.0
Model file not found at modeling/models/chembl243_svr_model.joblib. Please check the path or train a new model.,0.0010044574737548828
Model file not found at modeling/models/chembl243_svr_model.joblib. Please check the path or train a new model.,0.0
Model file not found at modeling/models/chembl243_svr_model.joblib. Please check the path or train a new model.,0.0
Model file not found at modeling/models/chembl243_svr_model.joblib. Please check the path or train a new model.,0.0010013580322265625
Model file not found at modeling/models/chembl243_svr_model.joblib. Please check the path or train a new model.,0.0
Model file not found at modeling/models/chembl243_svr_model.joblib. Please check the path or train a new model.,0.0
Model file not found at modeling/models/chembl243_svr_model.joblib. Please check the path or train a new model.,0.0
Model file not found at modeling/models/chembl243_svr_model.joblib. Please check the path or train a new model.,0.0
Model file not found at modeling/models/chembl243_svr_model.joblib. Please check the path or train a new model.,0.0
Model file not found at modeling/models/chembl243_svr_model.joblib. Please check the path or train a new model.,0.0010020732879638672
Model file not found at modeling/models/chembl243_svr_model.joblib. Please check the path or train a new model.,0.0
Model file not found at modeling/models/chembl243_svr_model.joblib. Please check the path or train a new model.,0.0
Model file not found at modeling/models/chembl243_svr_model.joblib. Please check the path or train a new model.,0.0
Model file not found at modeling/models/chembl243_svr_model.joblib. Please check the path or train a new model.,0.0012781620025634766
Model file not found at modeling/models/chembl243_svr_model.joblib. Please check the path or train a new model.,0.0005881786346435547
Model file not found at modeling/models/chembl243_svr_model.joblib. Please check the path or train a new model.,0.0
Model file not found at modeling/models/chembl243_svr_model.joblib. Please check the path or train a new model.,0.0
Model file not found at modeling/models/chembl243_svr_model.joblib. Please check the path or train a new model.,0.0010058879852294922
Model file not found at modeling/models/chembl243_svr_model.joblib. Please check the path or train a new model.,0.0
Model file not found at modeling/models/chembl243_svr_model.joblib. Please check the path or train a new model.,0.0
Model file not found at modeling/models/chembl243_svr_model.joblib. Please check the path or train a new model.,0.0012776851654052734
Model file not found at modeling/models/chembl243_svr_model.joblib. Please check the path or train a new model.,0.0
Model file not found at modeling/models/chembl243_svr_model.joblib. Please check the path or train a new model.,0.0009992122650146484
Model file not found at modeling/models/chembl243_svr_model.joblib. Please check the path or train a new model.,0.0
Model file not found at modeling/models/chembl243_svr_model.joblib. Please check the path or train a new model.,0.00099945068359375
Model file not found at modeling/models/chembl243_svr_model.joblib. Please check the path or train a new model.,0.0
Model file not found at modeling/models/chembl243_svr_model.joblib. Please check the path or train a new model.,0.0
Model file not found at modeling/models/chembl243_svr_model.joblib. Please check the path or train a new model.,0.0
Model file not found at modeling/models/chembl243_svr_model.joblib. Please check the path or train a new model.,0.0
Model file not found at modeling/models/chembl243_svr_model.joblib. Please check the path or train a new model.,0.0009996891021728516
Model file not found at modeling/models/chembl243_svr_model.joblib. Please check the path or train a new model.,0.0
Model file not found at modeling/models/chembl243_svr_model.joblib. Please check the path or train a new model.,0.0
Model file not found at modeling/models/chembl243_svr_model.joblib. Please check the path or train a new model.,0.0010004043579101562
Model file not found at modeling/models/chembl243_svr_model.joblib. Please check the path or train a new model.,0.0
Model file not found at modeling/models/chembl243_svr_model.joblib. Please check the path or train a new model.,0.0
Model file not found at modeling/models/chembl243_svr_model.joblib. Please check the path or train a new model.,0.0012078285217285156
Model file not found at modeling/models/chembl243_svr_model.joblib. Please check the path or train a new model.,0.0
Model file not found at modeling/models/chembl243_svr_model.joblib. Please check the path or train a new model.,0.0
Model file not found at modeling/models/chembl243_svr_model.joblib. Please check the path or train a new model.,0.0
Model file not found at modeling/models/chembl243_svr_model.joblib. Please check the path or train a new model.,0.0
Model file not found at modeling/models/chembl243_svr_model.joblib. Please check the path or train a new model.,0.0
Model file not found at modeling/models/chembl243_svr_model.joblib. Please check the path or train a new model.,0.0
Model file not found at modeling/models/chembl243_svr_model.joblib. Please check the path or train a new model.,0.0005123615264892578
Model file not found at modeling/models/chembl243_svr_model.joblib. Please check the path or train a new model.,0.0
Model file not found at modeling/models/chembl243_svr_model.joblib. Please check the path or train a new model.,0.0
Model file not found at modeling/models/chembl243_svr_model.joblib. Please check the path or train a new model.,0.0
Model file not found at modeling/models/chembl243_svr_model.joblib. Please check the path or train a new model.,0.0
Model file not found at modeling/models/chembl243_svr_model.joblib. Please check the path or train a new model.,0.0
Model file not found at modeling/models/chembl243_svr_model.joblib. Please check the path or train a new model.,0.001512765884399414
Model file not found at modeling/models/chembl243_svr_model.joblib. Please check the path or train a new model.,0.0
Model file not found at modeling/models/chembl243_svr_model.joblib. Please check the path or train a new model.,0.0010066032409667969
Model file not found at modeling/models/chembl243_svr_model.joblib. Please check the path or train a new model.,0.0
Model file not found at modeling/models/chembl243_svr_model.joblib. Please check the path or train a new model.,0.0
Model file not found at modeling/models/chembl243_svr_model.joblib. Please check the path or train a new model.,0.0
Model file not found at modeling/models/chembl243_svr_model.joblib. Please check the path or train a new model.,0.0
Model file not found at modeling/models/chembl243_svr_model.joblib. Please check the path or train a new model.,0.0015044212341308594
Model file not found at modeling/models/chembl243_svr_model.joblib. Please check the path or train a new model.,0.0005602836608886719
Model file not found at modeling/models/chembl243_svr_model.joblib. Please check the path or train a new model.,0.0
Model file not found at modeling/models/chembl243_svr_model.joblib. Please check the path or train a new model.,0.0
Model file not found at modeling/models/chembl243_svr_model.joblib. Please check the path or train a new model.,0.0005445480346679688
Model file not found at modeling/models/chembl243_svr_model.joblib. Please check the path or train a new model.,0.0
Model file not found at modeling/models/chembl243_svr_model.joblib. Please check the path or train a new model.,0.0010051727294921875
Model file not found at modeling/models/chembl243_svr_model.joblib. Please check the path or train a new model.,0.0
Model file not found at modeling/models/chembl243_svr_model.joblib. Please check the path or train a new model.,0.0
Model file not found at modeling/models/chembl243_svr_model.joblib. Please check the path or train a new model.,0.0
Model file not found at modeling/models/chembl243_svr_model.joblib. Please check the path or train a new model.,0.0
Model file not found at modeling/models/chembl243_svr_model.joblib. Please check the path or train a new model.,0.0
Model file not found at modeling/models/chembl243_svr_model.joblib. Please check the path or train a new model.,0.0
Model file not found at modeling/models/chembl243_svr_model.joblib. Please check the path or train a new model.,0.0
Model file not found at modeling/models/chembl243_svr_model.joblib. Please check the path or train a new model.,0.0
Model file not found at modeling/models/chembl243_svr_model.joblib. Please check the path or train a new model.,0.0
Model file not found at modeling/models/chembl243_svr_model.joblib. Please check the path or train a new model.,0.0015451908111572266
Model file not found at modeling/models/chembl243_svr_model.joblib. Please check the path or train a new model.,0.0
Model file not found at modeling/models/chembl243_svr_model.joblib. Please check the path or train a new model.,0.0010061264038085938
Model file not found at modeling/models/chembl243_svr_model.joblib. Please check the path or train a new model.,0.0
Model file not found at modeling/models/chembl243_svr_model.joblib. Please check the path or train a new model.,0.0
Model file not found at modeling/models/chembl243_svr_model.joblib. Please check the path or train a new model.,0.0009999275207519531
Model file not found at modeling/models/chembl243_svr_model.joblib. Please check the path or train a new model.,0.0
Model file not found at modeling/models/chembl243_svr_model.joblib. Please check the path or train a new model.,0.0
Model file not found at modeling/models/chembl243_svr_model.joblib. Please check the path or train a new model.,0.0
Model file not found at modeling/models/chembl243_svr_model.joblib. Please check the path or train a new model.,0.0
Model file not found at modeling/models/chembl243_svr_model.joblib. Please check the path or train a new model.,0.0010492801666259766
Model file not found at modeling/models/chembl243_svr_model.joblib. Please check the path or train a new model.,0.0
Model file not found at modeling/models/chembl243_svr_model.joblib. Please check the path or train a new model.,0.0
Model file not found at modeling/models/chembl243_svr_model.joblib. Please check the path or train a new model.,0.0009996891021728516
Model file not found at modeling/models/chembl243_svr_model.joblib. Please check the path or train a new model.,0.0
Model file not found at modeling/models/chembl243_svr_model.joblib. Please check the path or train a new model.,0.0
Model file not found at modeling/models/chembl243_svr_model.joblib. Please check the path or train a new model.,0.0
Model file not found at modeling/models/chembl243_svr_model.joblib. Please check the path or train a new model.,0.0
Model file not found at modeling/models/chembl243_svr_model.joblib. Please check the path or train a new model.,0.0
Model file not found at modeling/models/chembl243_svr_model.joblib. Please check the path or train a new model.,0.0
Model file not found at modeling/models/chembl243_svr_model.joblib. Please check the path or train a new model.,0.0
Model file not found at modeling/models/chembl243_svr_model.joblib. Please check the path or train a new model.,0.0
Model file not found at modeling/models/chembl243_svr_model.joblib. Please check the path or train a new model.,0.0005650520324707031
Model file not found at modeling/models/chembl243_svr_model.joblib. Please check the path or train a new model.,0.0005114078521728516
Model file not found at modeling/models/chembl243_svr_model.joblib. Please check the path or train a new model.,0.0
Model file not found at modeling/models/chembl243_svr_model.joblib. Please check the path or train a new model.,0.0006196498870849609
Model file not found at modeling/models/chembl243_svr_model.joblib. Please check the path or train a new model.,0.0005118846893310547
Model file not found at modeling/models/chembl243_svr_model.joblib. Please check the path or train a new model.,0.0
Model file not found at modeling/models/chembl243_svr_model.joblib. Please check the path or train a new model.,0.0
Model file not found at modeling/models/chembl243_svr_model.joblib. Please check the path or train a new model.,0.0010085105895996094
Model file not found at modeling/models/chembl243_svr_model.joblib. Please check the path or train a new model.,0.0
Model file not found at modeling/models/chembl243_svr_model.joblib. Please check the path or train a new model.,0.0
Model file not found at modeling/models/chembl243_svr_model.joblib. Please check the path or train a new model.,0.0015065670013427734
Model file not found at modeling/models/chembl243_svr_model.joblib. Please check the path or train a new model.,0.0
Model file not found at modeling/models/chembl243_svr_model.joblib. Please check the path or train a new model.,0.0010097026824951172
Model file not found at modeling/models/chembl243_svr_model.joblib. Please check the path or train a new model.,0.0
Model file not found at modeling/models/chembl243_svr_model.joblib. Please check the path or train a new model.,0.000997304916381836
Model file not found at modeling/models/chembl243_svr_model.joblib. Please check the path or train a new model.,0.0
Model file not found at modeling/models/chembl243_svr_model.joblib. Please check the path or train a new model.,0.0010967254638671875
Model file not found at modeling/models/chembl243_svr_model.joblib. Please check the path or train a new model.,0.0
Model file not found at modeling/models/chembl243_svr_model.joblib. Please check the path or train a new model.,0.0005660057067871094
Model file not found at modeling/models/chembl243_svr_model.joblib. Please check the path or train a new model.,0.0005133152008056641
Model file not found at modeling/models/chembl243_svr_model.joblib. Please check the path or train a new model.,0.0
Model file not found at modeling/models/chembl243_svr_model.joblib. Please check the path or train a new model.,0.0
Model file not found at modeling/models/chembl243_svr_model.joblib. Please check the path or train a new model.,0.0
Model file not found at modeling/models/chembl243_svr_model.joblib. Please check the path or train a new model.,0.0010066032409667969
Model file not found at modeling/models/chembl243_svr_model.joblib. Please check the path or train a new model.,0.0005064010620117188
Model file not found at modeling/models/chembl243_svr_model.joblib. Please check the path or train a new model.,0.0
Model file not found at modeling/models/chembl243_svr_model.joblib. Please check the path or train a new model.,0.0005145072937011719
Model file not found at modeling/models/chembl243_svr_model.joblib. Please check the path or train a new model.,0.0005152225494384766
Model file not found at modeling/models/chembl243_svr_model.joblib. Please check the path or train a new model.,0.0
Model file not found at modeling/models/chembl243_svr_model.joblib. Please check the path or train a new model.,0.0
Model file not found at modeling/models/chembl243_svr_model.joblib. Please check the path or train a new model.,0.001005411148071289
Model file not found at modeling/models/chembl243_svr_model.joblib. Please check the path or train a new model.,0.0
Model file not found at modeling/models/chembl243_svr_model.joblib. Please check the path or train a new model.,0.0
Model file not found at modeling/models/chembl243_svr_model.joblib. Please check the path or train a new model.,0.0011143684387207031
Model file not found at modeling/models/chembl243_svr_model.joblib. Please check the path or train a new model.,0.0
Model file not found at modeling/models/chembl243_svr_model.joblib. Please check the path or train a new model.,0.0
Model file not found at modeling/models/chembl243_svr_model.joblib. Please check the path or train a new model.,0.0
Model file not found at modeling/models/chembl243_svr_model.joblib. Please check the path or train a new model.,0.0
Model file not found at modeling/models/chembl243_svr_model.joblib. Please check the path or train a new model.,0.0015032291412353516
Model file not found at modeling/models/chembl243_svr_model.joblib. Please check the path or train a new model.,0.0005543231964111328
Model file not found at modeling/models/chembl243_svr_model.joblib. Please check the path or train a new model.,0.0
Model file not found at modeling/models/chembl243_svr_model.joblib. Please check the path or train a new model.,0.0
Model file not found at modeling/models/chembl243_svr_model.joblib. Please check the path or train a new model.,0.0
Model file not found at modeling/models/chembl243_svr_model.joblib. Please check the path or train a new model.,0.0
Model file not found at modeling/models/chembl243_svr_model.joblib. Please check the path or train a new model.,0.0015158653259277344
Model file not found at modeling/models/chembl243_svr_model.joblib. Please check the path or train a new model.,0.0
Model file not found at modeling/models/chembl243_svr_model.joblib. Please check the path or train a new model.,0.0010051727294921875
Model file not found at modeling/models/chembl243_svr_model.joblib. Please check the path or train a new model.,0.0
Model file not found at modeling/models/chembl243_svr_model.joblib. Please check the path or train a new model.,0.0
Model file not found at modeling/models/chembl243_svr_model.joblib. Please check the path or train a new model.,0.0010445117950439453
Model file not found at modeling/models/chembl243_svr_model.joblib. Please check the path or train a new model.,0.0
Model file not found at modeling/models/chembl243_svr_model.joblib. Please check the path or train a new model.,0.0
Model file not found at modeling/models/chembl243_svr_model.joblib. Please check the path or train a new model.,0.0010001659393310547
Model file not found at modeling/models/chembl243_svr_model.joblib. Please check the path or train a new model.,0.0
Model file not found at modeling/models/chembl243_svr_model.joblib. Please check the path or train a new model.,0.0010020732879638672
Model file not found at modeling/models/chembl243_svr_model.joblib. Please check the path or train a new model.,0.0
Model file not found at modeling/models/chembl243_svr_model.joblib. Please check the path or train a new model.,0.0
Model file not found at modeling/models/chembl243_svr_model.joblib. Please check the path or train a new model.,0.0
Model file not found at modeling/models/chembl243_svr_model.joblib. Please check the path or train a new model.,0.0010082721710205078
Model file not found at modeling/models/chembl243_svr_model.joblib. Please check the path or train a new model.,0.0
Model file not found at modeling/models/chembl243_svr_model.joblib. Please check the path or train a new model.,0.00099945068359375
Model file not found at modeling/models/chembl243_svr_model.joblib. Please check the path or train a new model.,0.0
Model file not found at modeling/models/chembl243_svr_model.joblib. Please check the path or train a new model.,0.0
Model file not found at modeling/models/chembl243_svr_model.joblib. Please check the path or train a new model.,0.0
Model file not found at modeling/models/chembl243_svr_model.joblib. Please check the path or train a new model.,0.0015037059783935547
Model file not found at modeling/models/chembl243_svr_model.joblib. Please check the path or train a new model.,0.0
Model file not found at modeling/models/chembl243_svr_model.joblib. Please check the path or train a new model.,0.0
Model file not found at modeling/models/chembl243_svr_model.joblib. Please check the path or train a new model.,0.0010082721710205078
Model file not found at modeling/models/chembl243_svr_model.joblib. Please check the path or train a new model.,0.0
Model file not found at modeling/models/chembl243_svr_model.joblib. Please check the path or train a new model.,0.0
Model file not found at modeling/models/chembl243_svr_model.joblib. Please check the path or train a new model.,0.0
Model file not found at modeling/models/chembl243_svr_model.joblib. Please check the path or train a new model.,0.0
Model file not found at modeling/models/chembl243_svr_model.joblib. Please check the path or train a new model.,0.0
Model file not found at modeling/models/chembl243_svr_model.joblib. Please check the path or train a new model.,0.00099945068359375
Model file not found at modeling/models/chembl243_svr_model.joblib. Please check the path or train a new model.,0.0
Model file not found at modeling/models/chembl243_svr_model.joblib. Please check the path or train a new model.,0.0
Model file not found at modeling/models/chembl243_svr_model.joblib. Please check the path or train a new model.,0.0010008811950683594
Model file not found at modeling/models/chembl243_svr_model.joblib. Please check the path or train a new model.,0.0
Model file not found at modeling/models/chembl243_svr_model.joblib. Please check the path or train a new model.,0.0
Model file not found at modeling/models/chembl243_svr_model.joblib. Please check the path or train a new model.,0.0
Model file not found at modeling/models/chembl243_svr_model.joblib. Please check the path or train a new model.,0.0
Model file not found at modeling/models/chembl243_svr_model.joblib. Please check the path or train a new model.,0.0
Model file not found at modeling/models/chembl243_svr_model.joblib. Please check the path or train a new model.,0.0005745887756347656
Model file not found at modeling/models/chembl243_svr_model.joblib. Please check the path or train a new model.,0.0
Model file not found at modeling/models/chembl243_svr_model.joblib. Please check the path or train a new model.,0.0
Model file not found at modeling/models/chembl243_svr_model.joblib. Please check the path or train a new model.,0.0
Model file not found at modeling/models/chembl243_svr_model.joblib. Please check the path or train a new model.,0.0010056495666503906
Model file not found at modeling/models/chembl243_svr_model.joblib. Please check the path or train a new model.,0.0
Model file not found at modeling/models/chembl243_svr_model.joblib. Please check the path or train a new model.,0.0
Model file not found at modeling/models/chembl243_svr_model.joblib. Please check the path or train a new model.,0.0
Model file not found at modeling/models/chembl243_svr_model.joblib. Please check the path or train a new model.,0.0015063285827636719
Model file not found at modeling/models/chembl243_svr_model.joblib. Please check the path or train a new model.,0.0
Model file not found at modeling/models/chembl243_svr_model.joblib. Please check the path or train a new model.,0.0
Model file not found at modeling/models/chembl243_svr_model.joblib. Please check the path or train a new model.,0.0010068416595458984
Model file not found at modeling/models/chembl243_svr_model.joblib. Please check the path or train a new model.,0.0
Model file not found at modeling/models/chembl243_svr_model.joblib. Please check the path or train a new model.,0.0005035400390625
Model file not found at modeling/models/chembl243_svr_model.joblib. Please check the path or train a new model.,0.0
Model file not found at modeling/models/chembl243_svr_model.joblib. Please check the path or train a new model.,0.0010066032409667969
Model file not found at modeling/models/chembl243_svr_model.joblib. Please check the path or train a new model.,0.0
Model file not found at modeling/models/chembl243_svr_model.joblib. Please check the path or train a new model.,0.0011508464813232422
Model file not found at modeling/models/chembl243_svr_model.joblib. Please check the path or train a new model.,0.0
Model file not found at modeling/models/chembl243_svr_model.joblib. Please check the path or train a new model.,0.0010027885437011719
Model file not found at modeling/models/chembl243_svr_model.joblib. Please check the path or train a new model.,0.0
Model file not found at modeling/models/chembl243_svr_model.joblib. Please check the path or train a new model.,0.0
Model file not found at modeling/models/chembl243_svr_model.joblib. Please check the path or train a new model.,0.0
Model file not found at modeling/models/chembl243_svr_model.joblib. Please check the path or train a new model.,0.0
Model file not found at modeling/models/chembl243_svr_model.joblib. Please check the path or train a new model.,0.0009984970092773438
Model file not found at modeling/models/chembl243_svr_model.joblib. Please check the path or train a new model.,0.0
Model file not found at modeling/models/chembl243_svr_model.joblib. Please check the path or train a new model.,0.0
Model file not found at modeling/models/chembl243_svr_model.joblib. Please check the path or train a new model.,0.0
Model file not found at modeling/models/chembl243_svr_model.joblib. Please check the path or train a new model.,0.0010063648223876953
Model file not found at modeling/models/chembl243_svr_model.joblib. Please check the path or train a new model.,0.0
Model file not found at modeling/models/chembl243_svr_model.joblib. Please check the path or train a new model.,0.0009989738464355469
Model file not found at modeling/models/chembl243_svr_model.joblib. Please check the path or train a new model.,0.0
Model file not found at modeling/models/chembl243_svr_model.joblib. Please check the path or train a new model.,0.0
Model file not found at modeling/models/chembl243_svr_model.joblib. Please check the path or train a new model.,0.0010013580322265625
Model file not found at modeling/models/chembl243_svr_model.joblib. Please check the path or train a new model.,0.0
Model file not found at modeling/models/chembl243_svr_model.joblib. Please check the path or train a new model.,0.0010235309600830078
Model file not found at modeling/models/chembl243_svr_model.joblib. Please check the path or train a new model.,0.0
Model file not found at modeling/models/chembl243_svr_model.joblib. Please check the path or train a new model.,0.0
Model file not found at modeling/models/chembl243_svr_model.joblib. Please check the path or train a new model.,0.0
Model file not found at modeling/models/chembl243_svr_model.joblib. Please check the path or train a new model.,0.0
Model file not found at modeling/models/chembl243_svr_model.joblib. Please check the path or train a new model.,0.0
Model file not found at modeling/models/chembl243_svr_model.joblib. Please check the path or train a new model.,0.0
Model file not found at modeling/models/chembl243_svr_model.joblib. Please check the path or train a new model.,0.0009999275207519531
Model file not found at modeling/models/chembl243_svr_model.joblib. Please check the path or train a new model.,0.0
Model file not found at modeling/models/chembl243_svr_model.joblib. Please check the path or train a new model.,0.0
Model file not found at modeling/models/chembl243_svr_model.joblib. Please check the path or train a new model.,0.0
Model file not found at modeling/models/chembl243_svr_model.joblib. Please check the path or train a new model.,0.0012636184692382812
Model file not found at modeling/models/chembl243_svr_model.joblib. Please check the path or train a new model.,0.0
Model file not found at modeling/models/chembl243_svr_model.joblib. Please check the path or train a new model.,0.0
Model file not found at modeling/models/chembl243_svr_model.joblib. Please check the path or train a new model.,0.0
Model file not found at modeling/models/chembl243_svr_model.joblib. Please check the path or train a new model.,0.0
Model file not found at modeling/models/chembl243_svr_model.joblib. Please check the path or train a new model.,0.0
Model file not found at modeling/models/chembl243_svr_model.joblib. Please check the path or train a new model.,0.0005738735198974609
Model file not found at modeling/models/chembl243_svr_model.joblib. Please check the path or train a new model.,0.0
Model file not found at modeling/models/chembl243_svr_model.joblib. Please check the path or train a new model.,0.0
Model file not found at modeling/models/chembl243_svr_model.joblib. Please check the path or train a new model.,0.0
Model file not found at modeling/models/chembl243_svr_model.joblib. Please check the path or train a new model.,0.0
Model file not found at modeling/models/chembl243_svr_model.joblib. Please check the path or train a new model.,0.0010521411895751953
Model file not found at modeling/models/chembl243_svr_model.joblib. Please check the path or train a new model.,0.0
Model file not found at modeling/models/chembl243_svr_model.joblib. Please check the path or train a new model.,0.0010075569152832031
Model file not found at modeling/models/chembl243_svr_model.joblib. Please check the path or train a new model.,0.0
Model file not found at modeling/models/chembl243_svr_model.joblib. Please check the path or train a new model.,0.0010030269622802734
Model file not found at modeling/models/chembl243_svr_model.joblib. Please check the path or train a new model.,0.0
Model file not found at modeling/models/chembl243_svr_model.joblib. Please check the path or train a new model.,0.0011107921600341797
Model file not found at modeling/models/chembl243_svr_model.joblib. Please check the path or train a new model.,0.0
Model file not found at modeling/models/chembl243_svr_model.joblib. Please check the path or train a new model.,0.0
Model file not found at modeling/models/chembl243_svr_model.joblib. Please check the path or train a new model.,0.0
Model file not found at modeling/models/chembl243_svr_model.joblib. Please check the path or train a new model.,0.0005183219909667969
Model file not found at modeling/models/chembl243_svr_model.joblib. Please check the path or train a new model.,0.0005359649658203125
Model file not found at modeling/models/chembl243_svr_model.joblib. Please check the path or train a new model.,0.0005288124084472656
Model file not found at modeling/models/chembl243_svr_model.joblib. Please check the path or train a new model.,0.0005340576171875
Model file not found at modeling/models/chembl243_svr_model.joblib. Please check the path or train a new model.,0.0005173683166503906
Model file not found at modeling/models/chembl243_svr_model.joblib. Please check the path or train a new model.,0.0005629062652587891
Model file not found at modeling/models/chembl243_svr_model.joblib. Please check the path or train a new model.,0.0
Model file not found at modeling/models/chembl243_svr_model.joblib. Please check the path or train a new model.,0.0
Model file not found at modeling/models/chembl243_svr_model.joblib. Please check the path or train a new model.,0.0
Model file not found at modeling/models/chembl243_svr_model.joblib. Please check the path or train a new model.,0.0005295276641845703
Model file not found at modeling/models/chembl243_svr_model.joblib. Please check the path or train a new model.,0.0005218982696533203
Model file not found at modeling/models/chembl243_svr_model.joblib. Please check the path or train a new model.,0.0005407333374023438
Model file not found at modeling/models/chembl243_svr_model.joblib. Please check the path or train a new model.,0.0005123615264892578
Model file not found at modeling/models/chembl243_svr_model.joblib. Please check the path or train a new model.,0.0
Model file not found at modeling/models/chembl243_svr_model.joblib. Please check the path or train a new model.,0.0005128383636474609
Model file not found at modeling/models/chembl243_svr_model.joblib. Please check the path or train a new model.,0.0005233287811279297
Model file not found at modeling/models/chembl243_svr_model.joblib. Please check the path or train a new model.,0.0
Model file not found at modeling/models/chembl243_svr_model.joblib. Please check the path or train a new model.,0.0005207061767578125
Model file not found at modeling/models/chembl243_svr_model.joblib. Please check the path or train a new model.,0.0005192756652832031
Model file not found at modeling/models/chembl243_svr_model.joblib. Please check the path or train a new model.,0.0
Model file not found at modeling/models/chembl243_svr_model.joblib. Please check the path or train a new model.,0.0005347728729248047
Model file not found at modeling/models/chembl243_svr_model.joblib. Please check the path or train a new model.,0.0005328655242919922
Model file not found at modeling/models/chembl243_svr_model.joblib. Please check the path or train a new model.,0.0005140304565429688
Model file not found at modeling/models/chembl243_svr_model.joblib. Please check the path or train a new model.,0.0
Model file not found at modeling/models/chembl243_svr_model.joblib. Please check the path or train a new model.,0.0
Model file not found at modeling/models/chembl243_svr_model.joblib. Please check the path or train a new model.,0.0005195140838623047
Model file not found at modeling/models/chembl243_svr_model.joblib. Please check the path or train a new model.,0.0
Model file not found at modeling/models/chembl243_svr_model.joblib. Please check the path or train a new model.,0.0005216598510742188
Model file not found at modeling/models/chembl243_svr_model.joblib. Please check the path or train a new model.,0.0005328655242919922
Model file not found at modeling/models/chembl243_svr_model.joblib. Please check the path or train a new model.,0.0005128383636474609
Model file not found at modeling/models/chembl243_svr_model.joblib. Please check the path or train a new model.,0.0005338191986083984
Model file not found at modeling/models/chembl243_svr_model.joblib. Please check the path or train a new model.,0.0
Model file not found at modeling/models/chembl243_svr_model.joblib. Please check the path or train a new model.,0.0
Model file not found at modeling/models/chembl243_svr_model.joblib. Please check the path or train a new model.,0.0005130767822265625
Model file not found at modeling/models/chembl243_svr_model.joblib. Please check the path or train a new model.,0.000530242919921875
Model file not found at modeling/models/chembl243_svr_model.joblib. Please check the path or train a new model.,0.0
Model file not found at modeling/models/chembl243_svr_model.joblib. Please check the path or train a new model.,0.0010077953338623047
Model file not found at modeling/models/chembl243_svr_model.joblib. Please check the path or train a new model.,0.0
Model file not found at modeling/models/chembl243_svr_model.joblib. Please check the path or train a new model.,0.0
Model file not found at modeling/models/chembl243_svr_model.joblib. Please check the path or train a new model.,0.0
Model file not found at modeling/models/chembl243_svr_model.joblib. Please check the path or train a new model.,0.0006744861602783203
Model file not found at modeling/models/chembl243_svr_model.joblib. Please check the path or train a new model.,0.0005452632904052734
Model file not found at modeling/models/chembl243_svr_model.joblib. Please check the path or train a new model.,0.0007162094116210938
Model file not found at modeling/models/chembl243_svr_model.joblib. Please check the path or train a new model.,0.0005307197570800781
Model file not found at modeling/models/chembl243_svr_model.joblib. Please check the path or train a new model.,0.0005228519439697266
Model file not found at modeling/models/chembl243_svr_model.joblib. Please check the path or train a new model.,0.0005216598510742188
Model file not found at modeling/models/chembl243_svr_model.joblib. Please check the path or train a new model.,0.0
Model file not found at modeling/models/chembl243_svr_model.joblib. Please check the path or train a new model.,0.0
Model file not found at modeling/models/chembl243_svr_model.joblib. Please check the path or train a new model.,0.0005300045013427734
Model file not found at modeling/models/chembl243_svr_model.joblib. Please check the path or train a new model.,0.0005249977111816406
Model file not found at modeling/models/chembl243_svr_model.joblib. Please check the path or train a new model.,0.0
Model file not found at modeling/models/chembl243_svr_model.joblib. Please check the path or train a new model.,0.0
Model file not found at modeling/models/chembl243_svr_model.joblib. Please check the path or train a new model.,0.0005271434783935547
Model file not found at modeling/models/chembl243_svr_model.joblib. Please check the path or train a new model.,0.0005137920379638672
Model file not found at modeling/models/chembl243_svr_model.joblib. Please check the path or train a new model.,0.0
Model file not found at modeling/models/chembl243_svr_model.joblib. Please check the path or train a new model.,0.0
Model file not found at modeling/models/chembl243_svr_model.joblib. Please check the path or train a new model.,0.000522613525390625
Model file not found at modeling/models/chembl243_svr_model.joblib. Please check the path or train a new model.,0.0
Model file not found at modeling/models/chembl243_svr_model.joblib. Please check the path or train a new model.,0.0
Model file not found at modeling/models/chembl243_svr_model.joblib. Please check the path or train a new model.,0.0005319118499755859
Model file not found at modeling/models/chembl243_svr_model.joblib. Please check the path or train a new model.,0.0
Model file not found at modeling/models/chembl243_svr_model.joblib. Please check the path or train a new model.,0.0
Model file not found at modeling/models/chembl243_svr_model.joblib. Please check the path or train a new model.,0.0005199909210205078
Model file not found at modeling/models/chembl243_svr_model.joblib. Please check the path or train a new model.,0.0
Model file not found at modeling/models/chembl243_svr_model.joblib. Please check the path or train a new model.,0.0
Model file not found at modeling/models/chembl243_svr_model.joblib. Please check the path or train a new model.,0.0005114078521728516
Model file not found at modeling/models/chembl243_svr_model.joblib. Please check the path or train a new model.,0.000522613525390625
Model file not found at modeling/models/chembl243_svr_model.joblib. Please check the path or train a new model.,0.0007307529449462891
Model file not found at modeling/models/chembl243_svr_model.joblib. Please check the path or train a new model.,0.0005486011505126953
Model file not found at modeling/models/chembl243_svr_model.joblib. Please check the path or train a new model.,0.0005278587341308594
Model file not found at modeling/models/chembl243_svr_model.joblib. Please check the path or train a new model.,0.0
Model file not found at modeling/models/chembl243_svr_model.joblib. Please check the path or train a new model.,0.0005245208740234375
Model file not found at modeling/models/chembl243_svr_model.joblib. Please check the path or train a new model.,0.0005235671997070312
Model file not found at modeling/models/chembl243_svr_model.joblib. Please check the path or train a new model.,0.0005211830139160156
Model file not found at modeling/models/chembl243_svr_model.joblib. Please check the path or train a new model.,0.0005311965942382812
Model file not found at modeling/models/chembl243_svr_model.joblib. Please check the path or train a new model.,0.0
Model file not found at modeling/models/chembl243_svr_model.joblib. Please check the path or train a new model.,0.0
Model file not found at modeling/models/chembl243_svr_model.joblib. Please check the path or train a new model.,0.0005106925964355469
Model file not found at modeling/models/chembl243_svr_model.joblib. Please check the path or train a new model.,0.0005700588226318359
Model file not found at modeling/models/chembl243_svr_model.joblib. Please check the path or train a new model.,0.0
Model file not found at modeling/models/chembl243_svr_model.joblib. Please check the path or train a new model.,0.0
Model file not found at modeling/models/chembl243_svr_model.joblib. Please check the path or train a new model.,0.0
Model file not found at modeling/models/chembl243_svr_model.joblib. Please check the path or train a new model.,0.0
Model file not found at modeling/models/chembl243_svr_model.joblib. Please check the path or train a new model.,0.0
Model file not found at modeling/models/chembl243_svr_model.joblib. Please check the path or train a new model.,0.0
Model file not found at modeling/models/chembl243_svr_model.joblib. Please check the path or train a new model.,0.0
Model file not found at modeling/models/chembl243_svr_model.joblib. Please check the path or train a new model.,0.0
Model file not found at modeling/models/chembl243_svr_model.joblib. Please check the path or train a new model.,0.0015172958374023438
Model file not found at modeling/models/chembl243_svr_model.joblib. Please check the path or train a new model.,0.0
Model file not found at modeling/models/chembl243_svr_model.joblib. Please check the path or train a new model.,0.0010051727294921875
Model file not found at modeling/models/chembl243_svr_model.joblib. Please check the path or train a new model.,0.0
Model file not found at modeling/models/chembl243_svr_model.joblib. Please check the path or train a new model.,0.0
Model file not found at modeling/models/chembl243_svr_model.joblib. Please check the path or train a new model.,0.0011653900146484375
Model file not found at modeling/models/chembl243_svr_model.joblib. Please check the path or train a new model.,0.0
Model file not found at modeling/models/chembl243_svr_model.joblib. Please check the path or train a new model.,0.0
Model file not found at modeling/models/chembl243_svr_model.joblib. Please check the path or train a new model.,0.0009970664978027344
Model file not found at modeling/models/chembl243_svr_model.joblib. Please check the path or train a new model.,0.0
Model file not found at modeling/models/chembl243_svr_model.joblib. Please check the path or train a new model.,0.0
Model file not found at modeling/models/chembl243_svr_model.joblib. Please check the path or train a new model.,0.001043081283569336
Model file not found at modeling/models/chembl243_svr_model.joblib. Please check the path or train a new model.,0.0
Model file not found at modeling/models/chembl243_svr_model.joblib. Please check the path or train a new model.,0.0
Model file not found at modeling/models/chembl243_svr_model.joblib. Please check the path or train a new model.,0.0010004043579101562
Model file not found at modeling/models/chembl243_svr_model.joblib. Please check the path or train a new model.,0.0
Model file not found at modeling/models/chembl243_svr_model.joblib. Please check the path or train a new model.,0.0
Model file not found at modeling/models/chembl243_svr_model.joblib. Please check the path or train a new model.,0.0010004043579101562
Model file not found at modeling/models/chembl243_svr_model.joblib. Please check the path or train a new model.,0.0
Model file not found at modeling/models/chembl243_svr_model.joblib. Please check the path or train a new model.,0.0
Model file not found at modeling/models/chembl243_svr_model.joblib. Please check the path or train a new model.,0.001024484634399414
Model file not found at modeling/models/chembl243_svr_model.joblib. Please check the path or train a new model.,0.0
Model file not found at modeling/models/chembl243_svr_model.joblib. Please check the path or train a new model.,0.0
Model file not found at modeling/models/chembl243_svr_model.joblib. Please check the path or train a new model.,0.0010006427764892578
Model file not found at modeling/models/chembl243_svr_model.joblib. Please check the path or train a new model.,0.0
Model file not found at modeling/models/chembl243_svr_model.joblib. Please check the path or train a new model.,0.0
Model file not found at modeling/models/chembl243_svr_model.joblib. Please check the path or train a new model.,0.0
Model file not found at modeling/models/chembl243_svr_model.joblib. Please check the path or train a new model.,0.0
Model file not found at modeling/models/chembl243_svr_model.joblib. Please check the path or train a new model.,0.0009992122650146484
Model file not found at modeling/models/chembl243_svr_model.joblib. Please check the path or train a new model.,0.0
Model file not found at modeling/models/chembl243_svr_model.joblib. Please check the path or train a new model.,0.0010688304901123047
Model file not found at modeling/models/chembl243_svr_model.joblib. Please check the path or train a new model.,0.0
Model file not found at modeling/models/chembl243_svr_model.joblib. Please check the path or train a new model.,0.0
Model file not found at modeling/models/chembl243_svr_model.joblib. Please check the path or train a new model.,0.0005142688751220703
Model file not found at modeling/models/chembl243_svr_model.joblib. Please check the path or train a new model.,0.0005135536193847656
Model file not found at modeling/models/chembl243_svr_model.joblib. Please check the path or train a new model.,0.0
Model file not found at modeling/models/chembl243_svr_model.joblib. Please check the path or train a new model.,0.0
Model file not found at modeling/models/chembl243_svr_model.joblib. Please check the path or train a new model.,0.0010061264038085938
Model file not found at modeling/models/chembl243_svr_model.joblib. Please check the path or train a new model.,0.0
Model file not found at modeling/models/chembl243_svr_model.joblib. Please check the path or train a new model.,0.0010013580322265625
Model file not found at modeling/models/chembl243_svr_model.joblib. Please check the path or train a new model.,0.0
Model file not found at modeling/models/chembl243_svr_model.joblib. Please check the path or train a new model.,0.0005033016204833984
Model file not found at modeling/models/chembl243_svr_model.joblib. Please check the path or train a new model.,0.0
Model file not found at modeling/models/chembl243_svr_model.joblib. Please check the path or train a new model.,0.0
Model file not found at modeling/models/chembl243_svr_model.joblib. Please check the path or train a new model.,0.0
Model file not found at modeling/models/chembl243_svr_model.joblib. Please check the path or train a new model.,0.0
Model file not found at modeling/models/chembl243_svr_model.joblib. Please check the path or train a new model.,0.0
Model file not found at modeling/models/chembl243_svr_model.joblib. Please check the path or train a new model.,0.0
Model file not found at modeling/models/chembl243_svr_model.joblib. Please check the path or train a new model.,0.0
Model file not found at modeling/models/chembl243_svr_model.joblib. Please check the path or train a new model.,0.0
Model file not found at modeling/models/chembl243_svr_model.joblib. Please check the path or train a new model.,0.0
Model file not found at modeling/models/chembl243_svr_model.joblib. Please check the path or train a new model.,0.0005033016204833984
Model file not found at modeling/models/chembl243_svr_model.joblib. Please check the path or train a new model.,0.0
Model file not found at modeling/models/chembl243_svr_model.joblib. Please check the path or train a new model.,0.0
Model file not found at modeling/models/chembl243_svr_model.joblib. Please check the path or train a new model.,0.0
Model file not found at modeling/models/chembl243_svr_model.joblib. Please check the path or train a new model.,0.0
Model file not found at modeling/models/chembl243_svr_model.joblib. Please check the path or train a new model.,0.0015125274658203125
Model file not found at modeling/models/chembl243_svr_model.joblib. Please check the path or train a new model.,0.0005140304565429688
Model file not found at modeling/models/chembl243_svr_model.joblib. Please check the path or train a new model.,0.0005128383636474609
Model file not found at modeling/models/chembl243_svr_model.joblib. Please check the path or train a new model.,0.0
Model file not found at modeling/models/chembl243_svr_model.joblib. Please check the path or train a new model.,0.0
Model file not found at modeling/models/chembl243_svr_model.joblib. Please check the path or train a new model.,0.0
Model file not found at modeling/models/chembl243_svr_model.joblib. Please check the path or train a new model.,0.0005359649658203125
Model file not found at modeling/models/chembl243_svr_model.joblib. Please check the path or train a new model.,0.0005323886871337891
Model file not found at modeling/models/chembl243_svr_model.joblib. Please check the path or train a new model.,0.0010759830474853516
Model file not found at modeling/models/chembl243_svr_model.joblib. Please check the path or train a new model.,0.0005567073822021484
Model file not found at modeling/models/chembl243_svr_model.joblib. Please check the path or train a new model.,0.0005676746368408203
Model file not found at modeling/models/chembl243_svr_model.joblib. Please check the path or train a new model.,0.0005285739898681641
Model file not found at modeling/models/chembl243_svr_model.joblib. Please check the path or train a new model.,0.0005266666412353516
Model file not found at modeling/models/chembl243_svr_model.joblib. Please check the path or train a new model.,0.0005276203155517578
Model file not found at modeling/models/chembl243_svr_model.joblib. Please check the path or train a new model.,0.004529476165771484
Model file not found at modeling/models/chembl243_svr_model.joblib. Please check the path or train a new model.,0.0012028217315673828
Model file not found at modeling/models/chembl243_svr_model.joblib. Please check the path or train a new model.,0.0005323886871337891
Model file not found at modeling/models/chembl243_svr_model.joblib. Please check the path or train a new model.,0.0005285739898681641
Model file not found at modeling/models/chembl243_svr_model.joblib. Please check the path or train a new model.,0.0005197525024414062
Model file not found at modeling/models/chembl243_svr_model.joblib. Please check the path or train a new model.,0.0005261898040771484
Model file not found at modeling/models/chembl243_svr_model.joblib. Please check the path or train a new model.,0.0005292892456054688
Model file not found at modeling/models/chembl243_svr_model.joblib. Please check the path or train a new model.,0.0005550384521484375
Model file not found at modeling/models/chembl243_svr_model.joblib. Please check the path or train a new model.,0.0005159378051757812
Model file not found at modeling/models/chembl243_svr_model.joblib. Please check the path or train a new model.,0.0005190372467041016
Model file not found at modeling/models/chembl243_svr_model.joblib. Please check the path or train a new model.,0.0005216598510742188
Model file not found at modeling/models/chembl243_svr_model.joblib. Please check the path or train a new model.,0.001079559326171875
Model file not found at modeling/models/chembl243_svr_model.joblib. Please check the path or train a new model.,0.0005087852478027344
Model file not found at modeling/models/chembl243_svr_model.joblib. Please check the path or train a new model.,0.0005364418029785156
Model file not found at modeling/models/chembl243_svr_model.joblib. Please check the path or train a new model.,0.0
Model file not found at modeling/models/chembl243_svr_model.joblib. Please check the path or train a new model.,0.0005323886871337891
Model file not found at modeling/models/chembl243_svr_model.joblib. Please check the path or train a new model.,0.0
Model file not found at modeling/models/chembl243_svr_model.joblib. Please check the path or train a new model.,0.0
Model file not found at modeling/models/chembl243_svr_model.joblib. Please check the path or train a new model.,0.0
Model file not found at modeling/models/chembl243_svr_model.joblib. Please check the path or train a new model.,0.0
Model file not found at modeling/models/chembl243_svr_model.joblib. Please check the path or train a new model.,0.0005321502685546875
Model file not found at modeling/models/chembl243_svr_model.joblib. Please check the path or train a new model.,0.0005328655242919922
Model file not found at modeling/models/chembl243_svr_model.joblib. Please check the path or train a new model.,0.0005326271057128906
Model file not found at modeling/models/chembl243_svr_model.joblib. Please check the path or train a new model.,0.0005509853363037109
Model file not found at modeling/models/chembl243_svr_model.joblib. Please check the path or train a new model.,0.0
Model file not found at modeling/models/chembl243_svr_model.joblib. Please check the path or train a new model.,0.0
Model file not found at modeling/models/chembl243_svr_model.joblib. Please check the path or train a new model.,0.0
Model file not found at modeling/models/chembl243_svr_model.joblib. Please check the path or train a new model.,0.0
Model file not found at modeling/models/chembl243_svr_model.joblib. Please check the path or train a new model.,0.0
Model file not found at modeling/models/chembl243_svr_model.joblib. Please check the path or train a new model.,0.0
Model file not found at modeling/models/chembl243_svr_model.joblib. Please check the path or train a new model.,0.0007150173187255859
Model file not found at modeling/models/chembl243_svr_model.joblib. Please check the path or train a new model.,0.0005207061767578125
Model file not found at modeling/models/chembl243_svr_model.joblib. Please check the path or train a new model.,0.0
Model file not found at modeling/models/chembl243_svr_model.joblib. Please check the path or train a new model.,0.0
Model file not found at modeling/models/chembl243_svr_model.joblib. Please check the path or train a new model.,0.0005276203155517578
Model file not found at modeling/models/chembl243_svr_model.joblib. Please check the path or train a new model.,0.0
Model file not found at modeling/models/chembl243_svr_model.joblib. Please check the path or train a new model.,0.0
Model file not found at modeling/models/chembl243_svr_model.joblib. Please check the path or train a new model.,0.0015110969543457031
Model file not found at modeling/models/chembl243_svr_model.joblib. Please check the path or train a new model.,0.0
Model file not found at modeling/models/chembl243_svr_model.joblib. Please check the path or train a new model.,0.0005626678466796875
Model file not found at modeling/models/chembl243_svr_model.joblib. Please check the path or train a new model.,0.0
Model file not found at modeling/models/chembl243_svr_model.joblib. Please check the path or train a new model.,0.0
Model file not found at modeling/models/chembl243_svr_model.joblib. Please check the path or train a new model.,0.0
Model file not found at modeling/models/chembl243_svr_model.joblib. Please check the path or train a new model.,0.0
Model file not found at modeling/models/chembl243_svr_model.joblib. Please check the path or train a new model.,0.0015094280242919922
Model file not found at modeling/models/chembl243_svr_model.joblib. Please check the path or train a new model.,0.0
Model file not found at modeling/models/chembl243_svr_model.joblib. Please check the path or train a new model.,0.0010094642639160156
Model file not found at modeling/models/chembl243_svr_model.joblib. Please check the path or train a new model.,0.0
Model file not found at modeling/models/chembl243_svr_model.joblib. Please check the path or train a new model.,0.00099945068359375
Model file not found at modeling/models/chembl243_svr_model.joblib. Please check the path or train a new model.,0.0
Model file not found at modeling/models/chembl243_svr_model.joblib. Please check the path or train a new model.,0.0010797977447509766
Model file not found at modeling/models/chembl243_svr_model.joblib. Please check the path or train a new model.,0.0
Model file not found at modeling/models/chembl243_svr_model.joblib. Please check the path or train a new model.,0.0
Model file not found at modeling/models/chembl243_svr_model.joblib. Please check the path or train a new model.,0.0
Model file not found at modeling/models/chembl243_svr_model.joblib. Please check the path or train a new model.,0.0005056858062744141
Model file not found at modeling/models/chembl243_svr_model.joblib. Please check the path or train a new model.,0.0
Model file not found at modeling/models/chembl243_svr_model.joblib. Please check the path or train a new model.,0.0
Model file not found at modeling/models/chembl243_svr_model.joblib. Please check the path or train a new model.,0.0
Model file not found at modeling/models/chembl243_svr_model.joblib. Please check the path or train a new model.,0.0
Model file not found at modeling/models/chembl243_svr_model.joblib. Please check the path or train a new model.,0.0005202293395996094
Model file not found at modeling/models/chembl243_svr_model.joblib. Please check the path or train a new model.,0.0005159378051757812
Model file not found at modeling/models/chembl243_svr_model.joblib. Please check the path or train a new model.,0.0
Model file not found at modeling/models/chembl243_svr_model.joblib. Please check the path or train a new model.,0.0
Model file not found at modeling/models/chembl243_svr_model.joblib. Please check the path or train a new model.,0.001004934310913086
Model file not found at modeling/models/chembl243_svr_model.joblib. Please check the path or train a new model.,0.0
Model file not found at modeling/models/chembl243_svr_model.joblib. Please check the path or train a new model.,0.0
Model file not found at modeling/models/chembl243_svr_model.joblib. Please check the path or train a new model.,0.0
Model file not found at modeling/models/chembl243_svr_model.joblib. Please check the path or train a new model.,0.0
Model file not found at modeling/models/chembl243_svr_model.joblib. Please check the path or train a new model.,0.0
Model file not found at modeling/models/chembl243_svr_model.joblib. Please check the path or train a new model.,0.0006265640258789062
Model file not found at modeling/models/chembl243_svr_model.joblib. Please check the path or train a new model.,0.0
Model file not found at modeling/models/chembl243_svr_model.joblib. Please check the path or train a new model.,0.0
Model file not found at modeling/models/chembl243_svr_model.joblib. Please check the path or train a new model.,0.0010061264038085938
Model file not found at modeling/models/chembl243_svr_model.joblib. Please check the path or train a new model.,0.0
Model file not found at modeling/models/chembl243_svr_model.joblib. Please check the path or train a new model.,0.0
Model file not found at modeling/models/chembl243_svr_model.joblib. Please check the path or train a new model.,0.00099945068359375
Model file not found at modeling/models/chembl243_svr_model.joblib. Please check the path or train a new model.,0.0
Model file not found at modeling/models/chembl243_svr_model.joblib. Please check the path or train a new model.,0.0
Model file not found at modeling/models/chembl243_svr_model.joblib. Please check the path or train a new model.,0.0005125999450683594
Model file not found at modeling/models/chembl243_svr_model.joblib. Please check the path or train a new model.,0.0
Model file not found at modeling/models/chembl243_svr_model.joblib. Please check the path or train a new model.,0.0
Model file not found at modeling/models/chembl243_svr_model.joblib. Please check the path or train a new model.,0.001004934310913086
Model file not found at modeling/models/chembl243_svr_model.joblib. Please check the path or train a new model.,0.0
Model file not found at modeling/models/chembl243_svr_model.joblib. Please check the path or train a new model.,0.0
Model file not found at modeling/models/chembl243_svr_model.joblib. Please check the path or train a new model.,0.0006170272827148438
Model file not found at modeling/models/chembl243_svr_model.joblib. Please check the path or train a new model.,0.0010120868682861328
Model file not found at modeling/models/chembl243_svr_model.joblib. Please check the path or train a new model.,0.0
Model file not found at modeling/models/chembl243_svr_model.joblib. Please check the path or train a new model.,0.0009984970092773438
Model file not found at modeling/models/chembl243_svr_model.joblib. Please check the path or train a new model.,0.0
Model file not found at modeling/models/chembl243_svr_model.joblib. Please check the path or train a new model.,0.0009970664978027344
Model file not found at modeling/models/chembl243_svr_model.joblib. Please check the path or train a new model.,0.0
Model file not found at modeling/models/chembl243_svr_model.joblib. Please check the path or train a new model.,0.001001119613647461
Model file not found at modeling/models/chembl243_svr_model.joblib. Please check the path or train a new model.,0.0
Model file not found at modeling/models/chembl243_svr_model.joblib. Please check the path or train a new model.,0.0
Model file not found at modeling/models/chembl243_svr_model.joblib. Please check the path or train a new model.,0.0
Model file not found at modeling/models/chembl243_svr_model.joblib. Please check the path or train a new model.,0.0015072822570800781
