molecule_id,smiles,target_id,predicted_pIC50,ai_status,docking_score,binding_affinity,docking_status,consensus_score,molecular_weight,logp,hbd,hba,psa,rotatable_bonds,lipinski_violations,drug_likeness_score,drug_likeness_status
"5alpha,8alpha-epidioxy-ergost-6,22-dien-3beta-ol",O[C@H]1CC[C@]2([C@@]3(C1)OO[C@@]1([C@@H]2CC[C@]2([C@H]1CC[C@@H]2[C@@H](/C=C/[C@@H](C(C)C)C)C)C)C=C3)C,default,5.9139,success,-6.25,,success,0.367825,428.66,6.47,1,3,38.69,4,1,-8.35,success
"ergosta-5,22-dien-3beta-ol",O[C@H]1CC[C@]2(C(=CC[C@@H]3[C@@H]2CC[C@]2([C@H]3CC[C@@H]2[C@@H](/C=C/[C@@H](C(C)C)C)C)C)C1)C,default,5.5239,success,-4.86,,success,0.2889916666666667,398.68,7.41,1,1,20.23,4,1,-8.56,success
ergosterol,O[C@H]1CC[C@]2(C(=CC=C3[C@@H]2CC[C@]2([C@H]3CC[C@@H]2[C@@H](/C=C/[C@@H](C(C)C)C)C)C)C1)C,default,5.6445,success,-5.17,,success,0.30937499999999996,396.66,7.33,1,1,20.23,4,1,-8.5,success
"ergosta-7,22-dien-3beta-ol",OC1CC[C@]2(C(C1)CC=C1[C@@H]2CC[C@]2([C@H]1CC[C@@H]2[C@@H](/C=C/[C@@H](C(C)C)C)C)C)C,default,5.6128,success,-5.18,,success,0.30706666666666665,398.68,7.41,1,1,20.23,4,1,-8.49,success
ergosta-7-en-3beta-ol,O[C@H]1CC[C@]2(C(C1)CC=C1[C@@H]2CC[C@]2([C@H]1CC[C@@H]2[C@@H](CC[C@@H](C(C)C)C)C)C)C,default,5.3924,success,-5.11,,success,0.2863666666666667,400.69,7.63,1,1,20.23,5,1,-8.37,success
lanneaflavonol,COc1c(O)cc(cc1O)c1oc2cc3OC(C)(C)C=Cc3c(c2c(=O)c1O)O,default,5.8418,success,-9.92,,success,0.48414999999999997,398.37,3.48,4,8,129.59,2,0,-9.21,success
dihydrolanneaflavonol,COc1c(O)cc(cc1O)[C@H]1Oc2cc3OC(C)(C)C=Cc3c(c2C(=O)[C@@H]1O)O,default,5.9765,success,-9.72,,success,0.4887083333333333,400.38,2.67,4,8,125.68,2,0,-9.53,success
myricetin-3-O-alpha-rhamnopyranoside,Oc1cc(O)c2c(c1)oc(c(c2=O)O[C@@H]1O[C@@H](C)[C@@H]([C@H]([C@H]1O)O)O)c1cc(O)c(c(c1)O)O,default,6.1076,success,-4.97,,success,0.34129999999999994,464.38,0.19,8,12,210.51,3,2,-7.57,success
myricetin-3-O-alpha-arabinofuranoside,OC[C@@H]1O[C@H]([C@@H]([C@H]1O)O)Oc1c(oc2c(c1=O)c(O)cc(c2)O)c1cc(O)c(c(c1)O)O,default,6.0359,success,-5.35,,success,0.34799166666666664,450.35,-0.19,8,12,210.51,4,2,-7.45,success
lupeol,CC(=C)[C@@H]1CC[C@]2([C@H]1[C@H]1CC[C@H]3[C@@]([C@]1(C)CC2)(C)CC[C@@H]1[C@]3(C)CC[C@@H](C1(C)C)O)C,default,4.7865,success,-5.47,,success,0.247875,426.73,8.02,1,1,20.23,1,1,-8.56,success
sitosterol,CC[C@H](C(C)C)CC[C@H]([C@H]1CC[C@@H]2[C@]1(C)CC[C@H]1[C@H]2CC=C2[C@]1(C)CC[C@@H](C2)O)C,default,5.3255,success,-4.96,,success,0.27579166666666666,414.72,8.02,1,1,20.23,6,1,-8.24,success
"3-(1-(2,4-dihydroxyphenyl)-3,3-bis(4-hydroxyphenyl)-1-oxopropan-2- yl)-7-methoxy-4H-chromone-4-one",COc1ccc2c(c1)c(=O)c(co2)C(C(=O)c1ccc(cc1O)O)C(c1ccc(cc1)O)c1ccc(cc1)O,default,5.3799,success,-4.29,,success,0.2579916666666667,524.53,5.42,4,8,137.43,7,2,-6.77,success
"2',4'-dihydroxychalcone-(4-O-5''')-4'',2''',4'''-trihydroxychalcone",Oc1ccc(cc1)/C=C/C(=O)c1cc(Oc2ccc(cc2)/C=C/C(=O)c2ccc(cc2O)O)c(cc1O)O,default,5.7867,success,-4.41,,success,0.29589166666666666,510.5,5.8,5,8,144.52,8,2,-6.28,success
"3-((Z)-heptadec-13- enyl) benzene-1,2-diol",CCC/C=C\CCCCCCCCCCCCc1cccc(c1O)O,default,4.8854,success,-6.64,,success,0.29511666666666664,346.55,7.29,2,2,40.46,15,1,-7.85,success
6-pentadecylsalicylic acid,CCCCCCCCCCCCCCCc1cccc(c1C(=O)O)O,default,4.6509,success,-7.37,,success,0.29990833333333333,348.53,6.72,2,2,57.53,15,1,-8.09,success
ancistrocladidine,COc1cc2C[C@H](C)N=C(c2c(c1c1c(C)cc2c(c1O)c(OC)ccc2)OC)C,default,5.831,success,-6.95,,success,0.38425000000000004,405.49,5.3,1,5,60.28,4,1,-9.0,success
ancistrotectorine,COc1cc2C[C@H](C)N([C@@H](c2c(c1c1c(C)cc2c(c1O)c(OC)ccc2)OC)C)C,default,5.832,success,-7.12,,success,0.39,421.54,5.48,1,5,51.16,4,1,-8.99,success
"(-)-(R)-dihydro-2',3'-epoxyasteranthine",CC1(C)C=Cc2c(O1)c1[nH]cc(c1cc2)C[C@H]1OC1(C)C,default,5.5401,success,-9.14,,success,0.43300833333333333,283.37,4.07,1,2,37.55,2,0,-10.26,success
ancistrotanzanine C,COc1c2c(C[C@@H](N([C@@H]2C)C)C)cc(c1c1c(C)cc2c(c1O)c(OC)ccc2)O,default,5.9959,success,-6.56,,success,0.3849916666666666,407.51,5.18,2,5,62.16,3,1,-9.07,success
6-O-methylancistrocladinine,COc1cc(OC)c2c(c1c1c(C)cc(c3c1cccc3OC)OC)C[C@@H](N=C2C)C,default,5.8532,success,-5.95,,success,0.3527666666666667,419.52,5.6,0,5,49.28,5,1,-8.79,success
"O,N-dimethylancistrocladine",COc1cc(OC)c2c(c1c1c(C)cc(c3c1cccc3OC)OC)C[C@@H](N([C@H]2C)C)C,default,5.8559,success,-5.54,,success,0.339325,435.56,5.79,0,5,40.16,5,1,-8.68,success
droserone,CC1=C(O)c2cccc(c2C(=O)C1=O)O,default,4.979,success,-8.88,,success,0.3775833333333334,204.18,1.45,2,4,74.6,0,0,-9.94,success
ancistrobertsonine A,COc1cc(O)c(c2c1[C@H](C)N(C)[C@H](C2)C)c1ccc(c2c1cc(C)cc2OC)OC,default,5.9248,success,-6.75,,success,0.3854,421.54,5.48,1,5,51.16,4,1,-8.99,success
ancistrocladine,COc1cc(O)c(c2c1[C@H](C)N[C@H](C2)C)c1c(C)cc(c2c1cccc2OC)OC,default,5.9048,success,-7.39,,success,0.40506666666666663,407.51,5.14,2,5,59.95,4,1,-9.02,success
ancistrobrevine B,COc1cc(O)c(c2c1[C@H](C)N[C@H](C2)C)c1ccc(c2c1cc(C)cc2OC)OC,default,5.8275,success,-6.51,,success,0.36929166666666663,407.51,5.14,2,5,59.95,4,1,-9.04,success
ancistrobertsonine B,COc1cc(OC)c2c(c1c1c(C)cc(c3c1cccc3OC)OC)C[C@@H](N([C@@H]2C)C)C,default,5.8559,success,-6.42,,success,0.3686583333333333,435.56,5.79,0,5,40.16,5,1,-8.68,success
ancistrobertsonine C,COc1cc(OC)c2c(c1c1ccc(c3c1cc(C)cc3OC)OC)C[C@@H](N([C@@H]2C)C)C,default,5.754,success,-5.65,,success,0.3345,435.56,5.79,0,5,40.16,5,1,-8.7,success
"1,2-didehydroancistrobertsonine D",COC1=C(C(=O)C=C2C1=C(C)N[C@H](C2)C)c1c(C)cc(c2c1cccc2OC)OC,default,5.7887,success,-8.75,,success,0.44072500000000003,405.49,4.69,1,5,56.79,4,0,-9.63,success
ancistrobertsonine D,COc1c2[C@@H](C)N[C@H](Cc2cc(c1c1c(C)cc(c2c1cccc2OC)OC)O)C,default,5.8709,success,-7.48,,success,0.40524166666666667,407.51,5.14,2,5,59.95,4,1,-9.05,success
ancistrocladisine,COc1cc2C[C@@H](C)N=C(c2c(c1c1c(C)cc(c2c1cccc2OC)OC)OC)C,default,5.9172,success,-6.2,,success,0.3664333333333334,419.52,5.6,0,5,49.28,5,1,-8.74,success
"trans-1,2-dihydroancistrocladisine",COc1cc2C[C@@H](C)N[C@@H](c2c(c1c1c(C)cc(c2c1cccc2OC)OC)OC)C,default,5.7011,success,-6.83,,success,0.369425,421.54,5.44,1,5,48.95,5,1,-8.86,success
"cis-1,2-dihydroancistrocladisine",COc1cc2C[C@@H](C)N[C@H](c2c(c1c1c(C)cc(c2c1cccc2OC)OC)OC)C,default,5.7011,success,-6.72,,success,0.36575833333333335,421.54,5.44,1,5,48.95,5,1,-8.86,success
methylancistrobertsonine D,COc1c2[C@H](C)N[C@@H](Cc2cc(c1c1c(C)cc(c2c1cccc2OC)OC)O)C,default,5.8709,success,-6.68,,success,0.378575,407.51,5.14,2,5,59.95,4,1,-9.05,success
ancistrotanzanine A,COc1cc(OC)c2c(c1c1c(C)cc3c(c1O)c(OC)ccc3)C[C@@H](N=C2C)C,default,5.7563,success,-7.26,,success,0.38835833333333336,405.49,5.3,1,5,60.28,4,1,-9.06,success
ancistrotanzanine B,COc1cc(OC)c2c(c1c1ccc(c3c1cc(C)cc3OC)OC)C[C@@H](N=C2C)C,default,5.7474,success,-6.34,,success,0.35695,419.52,5.6,0,5,49.28,5,1,-8.72,success
ancistrotectoriline A,COc1cc(OC)c2c(c1c1ccc(c3c1cc(C)cc3OC)OC)C[C@@H](N[C@H]2C)C,default,5.6736,success,-7.01,,success,0.3731333333333334,421.54,5.44,1,5,48.95,5,1,-8.83,success
lettowianthine,O=C1C(=O)c2c3N1CCc1c3c(c3c2cccc3)c2c(c1)OCO2,default,6.0177,success,-9.96,,success,0.5001416666666667,317.3,2.81,0,4,55.84,0,0,-10.08,success
11-methyoxylettowianthine,COc1cccc2c1c1c3OCOc3cc3c1c1c2c(=O)c(=O)n1cc3,default,5.789,success,-10.06,,success,0.4844166666666667,345.31,2.71,0,6,66.76,1,0,-9.78,success
"11-hydroxyguaia-4,6-diene",CC1=C2C=C(CCC[C@@H]2CC1)C(O)(C)C,default,4.9683,success,-6.74,,success,0.30535833333333334,206.33,3.59,1,1,20.23,1,0,-10.07,success
liriodenine,O=C1c2ccccc2c2c3c1nccc3cc1c2OCO1,default,5.9659,success,-9.9,,success,0.49382500000000007,275.26,3.17,0,4,48.42,0,0,-9.96,success
(Z)-7-octadecen-9-ynoic acid,CCCCCCCCC#C/C=C\CCCCCC(=O)O,default,4.8304,success,-6.26,,success,0.27786666666666665,278.44,5.33,1,1,37.3,12,1,-8.18,success
"methyl (2E,6E,10R)-10,11-epoxy-3,7,11-trimethyl-2,6-dodecadienoate",COC(=O)/C=C(/CC/C=C(/CC[C@H]1OC1(C)C)\C)\C,default,4.8378,success,-8.18,,success,0.3424833333333333,266.38,3.79,0,3,38.83,7,0,-9.0,success
"methyl (2E,6E,10R)-10,11-dihydroxy-3,7,11-trimethyl-2,6-dodecadienoate",COC(=O)/C=C(/CC/C=C(/CC[C@H](C(O)(C)C)O)\C)\C,default,5.1669,success,-8.95,,success,0.39557499999999995,284.4,2.74,2,4,66.76,8,0,-9.19,success
"3,4,5-trimethoxyphenol",COc1c(OC)cc(cc1OC)O,default,4.0854,success,-8.38,,success,0.28645000000000004,184.19,1.42,1,4,47.92,3,0,-10.04,success
"(S)-MTPA-ester or methyl (2E,6E,10R )-10,11-dihydroxy-7,9,11- trimethyl-2,6-dodecadienoate",COC(=O)/C=C/CC/C=C(/CC([C@@H](C(O)(C)C)O)C)\C,default,5.4457,success,-8.95,,success,0.41880833333333334,284.4,2.6,2,4,66.76,8,0,-9.08,success
"(R)-MTPA-ester or methyl (2E,6E,10R )-10,11-dihydroxy-7,9,11- trimethyl-2,6-dodecadienoate",COC(=O)/C=C/CC/C=C(/CC([C@H](C(O)(C)C)O)C)\C,default,5.4457,success,-8.93,,success,0.4181416666666667,284.4,2.6,2,4,66.76,8,0,-9.08,success
caulindole A,CC1=C[C@H]([C@](CC1)(C)/C=C/c1ccc2c(c1)cc[nH]2)c1ccc2c(c1)cc[nH]2,default,5.6657,success,-6.47,,success,0.354475,366.51,7.19,2,0,31.58,3,1,-8.37,success
caulindole B,CC1=C[C@H]([C@@](CC1)(C)/C=C/c1ccc2c(c1)cc[nH]2)c1ccc2c(c1)cc[nH]2,default,5.6657,success,-5.77,,success,0.33114166666666667,366.51,7.19,2,0,31.58,3,1,-8.37,success
caulindole C,C=CC(c1c[nH]c2c1cc(cc2)/C=C/[C@]1(C)CCC(=C[C@H]1c1ccc2c(c1)c(c[nH]2)C(C=C)(C)C)C)(C)C,default,5.9271,success,-4.53,,success,0.3115916666666667,502.75,10.12,2,0,31.58,7,2,-7.01,success
caulindole D,C=CC(c1c[nH]c2c1cc(cc2)/C=C/[C@@]1(C)CCC(=C[C@H]1c1ccc2c(c1)c(c[nH]2)C(C=C)(C)C)C)(C)C,default,5.9271,success,-4.79,,success,0.32025833333333337,502.75,10.12,2,0,31.58,7,2,-7.01,success
5-(3-methylbut-2-enyl)-1H-indole,CC(=CCc1ccc2c(c1)cc[nH]2)C,default,4.9351,success,-6.04,,success,0.2792583333333334,185.27,3.68,1,0,15.79,2,0,-10.18,success
"(E)-5-(3-methylbuta-1,3-dienyl)-1H-indole",CC(=C)/C=C/c1ccc2c(c1)cc[nH]2,default,5.0855,success,-6.7,,success,0.31379166666666664,183.25,3.76,1,0,15.79,2,0,-10.12,success
(+/-)-schefflerin,COc1cc(O)c(c(c1OC)O)C(=O)[C@H]1[C@H](CC=C(C)C)C(=CC[C@@H]1c1ccccc1)C,default,5.5841,success,-6.62,,success,0.35267500000000007,436.55,6.02,2,5,75.99,7,1,-8.04,success
(+/-)-isoschefflerin,COc1cc(O)c(c(c1OC)O)C(=O)[C@@H]1CC=C([C@@H]([C@H]1c1ccccc1)CC=C(C)C)C,default,5.5651,success,-6.54,,success,0.348425,436.55,6.02,2,5,75.99,7,1,-8.05,success
(+/-)-schefflone,COC1=C(C(C)C)C2(C(C3(C1=O)CCc1c(O3)c(OC)c(c(c1)OC)C(C)C)Cc1c(O2)c(OC)c(c(c1)OC)C(C)C)OC,default,5.9468,success,-0.52,,success,0.17956666666666665,624.77,6.76,0,9,90.91,9,2,-6.65,success
espintanol,COc1cc(C)c(c(c1C(C)C)OC)O,default,5.1132,success,-7.72,,success,0.35009999999999997,210.27,2.84,1,3,38.69,3,0,-10.37,success
"3-isopropyl-2,4-dimethoxy-6-methylene-cyclohexa-2,4-dienone",COC1=CC(=C)C(=O)C(=C1C(C)C)OC,default,4.9062,success,-6.49,,success,0.29185000000000005,208.26,2.21,0,3,35.53,3,0,-9.91,success
(+/-)-5-methoxy-7-phenyl-[4-methoxy-2-pyronyl]- 1-(E)-styryl-2-oxabicyclo-[4.2.0]-octa-4-en-3-one,COc1cc(=O)oc(c1)[C@@H]1[C@@H](c2ccccc2)[C@@H]2C1(/C=C/c1ccccc1)OC(=O)C=C2OC,default,6.0503,success,-7.87,,success,0.4331916666666667,456.49,4.68,0,6,74.97,6,0,-8.69,success
"(+)-6-styryl-7,8-epoxy-4-methoxypyran-2-one",COc1cc(oc(=O)c1)[C@H]1O[C@@H]1c1ccccc1,default,5.2272,success,-7.75,,success,0.36060000000000003,244.25,2.46,0,4,51.97,3,0,-10.29,success
"(+)-6-styryl-7,8-dihydroxy-4- methoxypyran-2-one",COc1cc(oc(=O)c1)[C@@H]([C@@H](c1ccccc1)O)O,default,5.1628,success,-10.91,,success,0.4605666666666667,262.26,1.42,2,5,79.9,4,0,-9.9,success
"(-)-6-styryl-7,8-dihydroxy-4- methoxypyran-2-one",COc1cc(oc(=O)c1)[C@H]([C@H](c1ccccc1)O)O,default,5.1628,success,-11.43,,success,0.4779,262.26,1.42,2,5,79.9,4,0,-9.9,success
"5-(2'',3''-epoxy-3''-methylbutyl)-3-(3'-hydroxy-3'-methyl-1'-acetyloxy-but-2'-yl)indole",CC(=O)OCC(C(O)(C)C)c1c[nH]c2c1cc(cc2)CC1OC1(C)C,default,5.6723,success,-10.17,,success,0.47835833333333333,345.44,3.31,2,4,74.85,6,0,-9.74,success
"3-(2',3'-dihydroxy-3'-methylbutyl)-5-(3''-methylcrotonoyl) indole",CC(=CC(=O)c1ccc2c(c1)c(c[nH]2)CC(C(O)(C)C)O)C,default,5.3699,success,-10.13,,success,0.45182500000000003,301.39,2.99,3,3,73.32,5,0,-9.78,success
"3,5-hexalobine C",CC1(C)O[C@H]1Cc1ccc2c(c1)c(c[nH]2)C[C@H]1OC1(C)C,default,5.3042,success,-11.39,,success,0.48835,285.39,3.61,1,2,40.85,4,0,-10.23,success
"3,5-hexalobine D",CC(=CC(=O)c1ccc2c(c1)c(c[nH]2)C[C@H]1OC1(C)C)C,default,5.3342,success,-8.68,,success,0.4005166666666667,283.37,4.04,1,2,45.39,4,0,-9.64,success
"6-(3-methyl-but-enyl)-1,3-dihydroindol-2-one",O=C1Cc2c(N1)cc(cc2)/C=C/C(C)C,default,5.2207,success,-7.69,,success,0.35805833333333337,201.27,2.85,1,1,29.1,2,0,-10.42,success
3-[6-(3-methyl-but-2-enyl)-1H-indolyl]-6-(3-methyl-but-2-enyl)-1H-indole,CC(=CCc1ccc2c(c1)[nH]cc2n1ccc2c1cc(CC=C(C)C)cc2)C,default,5.5622,success,-5.71,,success,0.32051666666666667,368.52,7.13,1,1,20.72,5,1,-8.27,success
1H-indole-5-carbaldehyde,O=Cc1ccc2c(c1)cc[nH]2,default,4.8783,success,-6.69,,success,0.2961916666666667,145.16,1.98,1,1,32.86,1,0,-10.08,success
6-(3-methyl-2-butenyl)-1H-indole,CC(=CCc1ccc2c(c1)[nH]cc2)C,default,4.7631,success,-6.2,,success,0.2702583333333333,185.27,3.68,1,0,15.79,2,0,-10.16,success
"6-(3-methylbuta-1,3-dienyl)-1H-indole",CC(=C)/C=C/c1ccc2c(c1)[nH]cc2,default,4.8754,success,-6.19,,success,0.27928333333333333,183.25,3.76,1,0,15.79,2,0,-10.1,success
6-(4-oxo-but-2-enyl)-1H-indole,O=C/C=C/Cc1ccc2c(c1)[nH]cc2,default,5.2101,success,-7.1,,success,0.3375083333333333,185.23,2.47,1,1,32.86,3,0,-10.09,success
3-geranylindole,C/C(=C\Cc1c[nH]c2c1cccc2)/CCC=C(C)C,default,4.9271,success,-5.98,,success,0.2765916666666667,253.39,5.4,1,0,15.79,5,1,-9.38,success
"3-(1,1-dimethyl-but-2-enyl)-5-(3-methyl-but-2-enyl)-1H-indole",C/C=C/C(c1c[nH]c2c1cc(CC=C(C)C)cc2)(C)C,default,5.5175,success,-5.44,,success,0.3077916666666667,267.42,5.53,1,0,15.79,4,1,-9.45,success
"4-[3-(1,1-dimethyl-but-2-enyl)-1H-indol-5-yl]-but-3-en-2-one",C/C=C/C(c1c[nH]c2c1cc(/C=C/C(=O)C)cc2)(C)C,default,5.3541,success,-7.75,,success,0.37117500000000003,267.37,4.62,1,1,32.86,4,0,-9.7,success
"7-(3,7-dimethylocta-2,6-dienyl)-5-hydroxy-3H-benzofuran-2-one",O=C1Cc2c(O1)c(C/C=C(/CCC=C(C)C)\C)cc(c2)O,default,5.6464,success,-8.35,,success,0.4155333333333333,286.37,4.09,1,3,46.53,5,0,-9.61,success
"dimethyl 2,3-bis-[5-(3,7-dimethylocta-2,6-dienyl)-3,6-dioxocyclohexa-1,4-dienyl]-succinate",COC(=O)C(C1=CC(=O)C=C(C1=O)C/C=C(/CCC=C(C)C)\C)C(C1=CC(=O)C=C(C1=O)C/C=C(/CCC=C(C)C)\C)C(=O)OC,default,4.9339,success,-0.77,,success,0.1034916666666667,630.78,6.74,0,8,120.88,15,2,-5.52,success
"2-(3,7-dimethylocta-2,6-dienyl)-6-[7-(3,7-dimethylocta-2,6-dienyl)-5-hydroxybenzofuran-2-yl]-[1,4]benzoquinone",C/C(=C\CC1=CC(=O)C=C(C1=O)c1oc2c(c1)cc(cc2C/C=C(/CCC=C(C)C)\C)O)/CCC=C(C)C,default,6.1486,success,-7.26,,success,0.42105000000000004,512.69,8.92,1,4,67.51,11,2,-6.62,success
"methyl [3-(3,7-dimethylocta-2,6-dienyl)-6-methyl-5-(3-methylbut-2-enyl)-1,4-dioxo-1,5, 8,8a-tetrahydro-4H-nathphalen-4a-yl)]-acetate",COC(=O)C[C@]12C(=O)C(=CC(=O)[C@H]1CC=C(C2CC=C(C)C)C)C/C=C(/CCC=C(C)C)\C,default,5.8224,success,-4.7,,success,0.3085333333333333,452.64,6.64,0,4,60.44,9,1,-7.33,success
methyl [6-hydroxy-2-methyl-2-(4-methylpent-3-enyl)-2H-chromen-8-yl]-acetate,COC(=O)Cc1cc(O)cc2c1OC(C)(CCC=C(C)C)C=C2,default,5.6938,success,-8.14,,success,0.4124833333333334,316.4,4.02,1,4,55.76,5,0,-9.74,success
"3',5'-diformyl-2',4',6'-trihydroxychalcone",O=Cc1c(O)c(C(=O)/C=C/c2ccccc2)c(c(c1O)C=O)O,default,4.8276,success,-11.15,,success,0.4406333333333334,312.28,2.32,3,6,111.9,5,0,-9.33,success
N-formyl-7-hydroxyglaucine,COc1cc2c(cc1OC)c(O)c1c3c2c(OC)c(OC)cc3ccn1C=O,default,5.8028,success,-10.04,,success,0.4849,381.38,3.68,1,6,77.46,5,0,-9.31,success
"3',5'-dimethyl-2',4',6'-trihydroxychalcone",O=C(c1c(O)c(C)c(c(c1O)C)O)/C=C/c1ccccc1,default,4.7216,success,-10.69,,success,0.41646666666666665,284.31,3.32,3,4,77.76,3,0,-9.75,success
(-)-crotepoxide,CC(=O)O[C@H]1[C@H](OC(=O)C)[C@H]2O[C@H]2[C@@H]2[C@@]1(COC(=O)c1ccccc1)O2,default,5.5151,success,-7.63,,success,0.3805916666666667,362.33,0.63,0,8,103.96,5,0,-9.05,success
demethoxymatteucinol,Cc1c2O[C@@H](CC(=O)c2c(c(c1O)C)O)c1ccccc1,default,5.6041,success,-10.72,,success,0.4910083333333333,284.31,3.42,2,4,66.76,1,0,-10.35,success
lawinal,O=Cc1c2O[C@@H](CC(=O)c2c(c(c1O)C)O)c1ccccc1,default,5.9948,success,-10.73,,success,0.5239,298.29,2.93,2,5,83.83,2,0,-10.25,success
benzyl benzoate,O=C(c1ccccc1)OCc1ccccc1,default,4.0459,success,-7.88,,success,0.2664916666666666,212.25,3.04,0,2,26.3,3,0,-10.24,success
"17,18-dihydroxyoctadeca-9,11,13,15-tetraynoic acid",OC[C@@H](C#CC#CC#CC#CCCCCCCCC(=O)O)O,default,4.8385,success,-9.24,,success,0.37787499999999996,300.35,1.17,3,3,77.76,8,0,-8.85,success
"18-hydroxyoctadeca-9,11,13,15-tetraynoic acid",OCCC#CC#CC#CC#CCCCCCCCC(=O)O,default,4.4897,success,-9.15,,success,0.34580833333333333,284.35,2.2,2,2,57.53,8,0,-9.31,success
"5,7,3',4'-tetrahydroxyflavanol",Oc1cc2OC(O)(CCc2c(c1)O)c1ccc(c(c1)O)O,default,5.2532,success,-10.23,,success,0.44543333333333335,290.27,1.68,5,6,110.38,1,0,-9.64,success
"3,4-dihydroxybenzoic acid",OC(=O)c1ccc(c(c1)O)O,default,4.6718,success,-6.67,,success,0.27831666666666666,154.12,0.8,3,3,77.76,1,0,-9.5,success
stearic acid,CCCCCCCCCCCCCCCCCC(=O)O,default,3.939,success,-5.95,,success,0.19833333333333333,284.48,6.33,1,1,37.3,16,1,-7.94,success
oleic acid,CCCCCCCC/C=C\CCCCCCCC(=O)O,default,4.2168,success,-5.64,,success,0.20606666666666668,282.47,6.11,1,1,37.3,15,1,-7.89,success
"6-isopropenyl-2-isopropyl-5-methyl- 5-vinyl-cyclohexa-1,3-diene",C=CC1(C)C=CC(=CC1C(=C)C)C(C)C,default,5.1929,success,-2.42,,success,0.18007499999999999,202.34,4.52,0,0,0.0,3,0,-9.65,success
caryophyllene,C/C/1=C/CCC(=C)C2C(CC1)C(C2)(C)C,default,5.1153,success,-2.16,,success,0.1649416666666667,204.36,4.73,0,0,0.0,0,0,-9.86,success
isocaryophyllene,C/C/1=C/CCC(=C)[C@@H]2[C@@H](CC1)C(C2)(C)C,default,5.1153,success,-2.07,,success,0.1619416666666667,204.36,4.73,0,0,0.0,0,0,-9.86,success
aromadendrene,C[C@@H]1CC[C@@H]2[C@@H]1[C@H]1[C@H](C1(C)C)CCC2=C,default,4.9086,success,-2.91,,success,0.17271666666666666,204.36,4.27,0,0,0.0,0,0,-9.91,success
gurjunene,C[C@H]1CC[C@H]2[C@@H](C3=C(CC[C@@H]13)C)C2(C)C,default,4.9129,success,-2.21,,success,0.14974166666666663,204.36,4.42,0,0,0.0,0,0,-9.87,success
cadalene,Cc1ccc2c(c1)c(ccc2C)C(C)C,default,5.3723,success,-3.92,,success,0.245025,198.31,4.58,0,0,0.0,1,0,-10.11,success
2-benzyloctanal,CCCCCCC(Cc1ccccc1)C=O,default,5.1788,success,-2.55,,success,0.1832333333333333,218.34,4.01,0,1,17.07,8,0,-9.4,success
"octahydro-3,8,8-trimethyl-6-methylene-1H-3a,7-methanoazulen-5-ol",OC1CC23CC(C1=C)C(C2CCC3C)(C)C,default,4.7481,success,-6.78,,success,0.28834166666666666,220.36,3.39,1,1,20.23,0,0,-10.15,success
caryophyllene oxide,C=C1CC[C@H]2O[C@@]2(CC[C@@H]2[C@@H]1CC2(C)C)C,default,5.133,success,-4.64,,success,0.24908333333333332,220.36,3.94,0,1,12.53,0,0,-9.92,success
spathulenol,C=C1CC[C@@H]2[C@H]([C@H]3[C@H]1CC[C@]3(C)O)C2(C)C,default,4.4918,success,-6.31,,success,0.25131666666666663,220.36,3.39,1,1,20.23,0,0,-10.21,success
intermedeol,CC(=C)[C@@H]1CC[C@]2([C@H](C1)[C@@](C)(O)CCC2)C,default,4.8201,success,-6.86,,success,0.2970083333333334,222.37,3.92,1,1,20.23,1,0,-10.05,success
santalol,OC/C(=C\CCC1(C)C2CC3C1(C)C3C2)/C,default,5.0143,success,-6.3,,success,0.29452500000000004,220.36,3.39,1,1,20.23,4,0,-9.86,success
3-vinyl-3-methyl-2-isopropenyl-6-isopropyl-cyclohexanone,C=CC1(C)CCC(C(=O)C1C(=C)C)C(C)C,default,4.893,success,-2.95,,success,0.17275,220.36,4.01,0,1,17.07,3,0,-9.78,success
methyl phenylheptanoate,COC(=O)CCCCCCc1ccccc1,default,4.0012,success,-7.38,,success,0.24609999999999999,220.31,3.35,0,2,26.3,7,0,-9.66,success
benzyl octanoate,CCCCCCCC(=O)OCc1ccccc1,default,4.5382,success,-4.91,,success,0.20851666666666666,234.34,4.09,0,2,26.3,8,0,-9.38,success
2-(o-methylphenyl)-6-methyl-5-hepten-2-ol,CC(=CCCC(c1ccccc1C)(O)C)C,default,4.9657,success,-6.63,,success,0.301475,218.34,3.95,1,1,20.23,4,0,-10.07,success
"platambin-1,6-dione",CC(C1CCC2(C(C1=O)C(=C)CCC2=O)C)C,default,5.1007,success,-6.0,,success,0.291725,234.34,3.16,0,2,34.14,1,0,-10.13,success
hexadecanoic acid,CCCCCCCCCCCCCCCC(=O)O,default,3.939,success,-5.91,,success,0.197,256.43,5.55,1,1,37.3,14,1,-8.14,success
eicosane,CCCCCCCCCCCCCCCCCCCC,default,3.9322,success,-3.35,,success,0.11166666666666666,282.56,8.05,0,0,0.0,17,1,-7.87,success
toussaintine A,O=C1C=C[C@]2([C@H](C1)N(C(=O)/C=C/c1ccccc1)C(=O)C2)O,default,5.3089,success,-11.44,,success,0.49040833333333333,297.31,1.09,1,4,74.68,2,0,-10.11,success
toussaintine B,O[C@H]1C=C[C@]2([C@H](C1)N(C(=O)/C=C/c1ccccc1)C(=O)C2)O,default,5.4561,success,-8.93,,success,0.4190083333333333,299.33,0.88,2,4,77.84,2,0,-9.84,success
toussaintine C,O=C1C=C[C@]2([C@@H](C1)N(CC2)C(=O)/C=C/c1ccccc1)O,default,5.2875,success,-10.74,,success,0.4652916666666666,283.33,1.56,1,3,57.61,2,0,-10.34,success
toussaintine D,O=C(N[C@@H]1O[C@@H]2[C@](C1)(O)C=CC(=O)C2)/C=C/c1ccccc1,default,5.2973,success,-10.86,,success,0.4701083333333333,299.33,1.19,2,4,75.63,3,0,-10.01,success
toussaintine E,COC(=O)C[C@@]1(O)C=CC(=O)C[C@@H]1NC(=O)/C=C/c1ccccc1,default,4.8516,success,-10.79,,success,0.4306333333333333,329.35,1.01,2,5,92.7,5,0,-9.47,success
"2,7-dihydroxy-1,8-dimethoxypyrene",COc1c(O)cc2c3c1ccc1c3c(cc2)cc(c1OC)O,default,4.5636,success,-7.7,,success,0.3036333333333333,294.31,4.01,2,4,58.92,2,0,-9.38,success
"2-hydroxy-1,7,8-trimethoxypyrene",COc1c(OC)cc2c3c1ccc1c3c(cc2)cc(c1OC)O,default,4.8103,success,-7.52,,success,0.31819166666666665,308.33,4.32,1,4,47.92,3,0,-9.31,success
chamanetin,Oc1cc(O)c2c(c1Cc1ccccc1O)O[C@@H](CC2=O)c1ccccc1,default,5.9281,success,-9.42,,success,0.47467499999999996,362.38,4.1,3,5,86.99,3,0,-9.61,success
isochamanetin,O=C1C[C@H](Oc2c1c(O)c(c(c2)O)Cc1ccccc1O)c1ccccc1,default,5.9226,success,-9.07,,success,0.46255,362.38,4.1,3,5,86.99,3,0,-9.54,success
dichamanetin,Oc1ccccc1Cc1c(O)c(Cc2ccccc2O)c(c2c1O[C@@H](CC2=O)c1ccccc1)O,default,5.5856,success,-5.64,,success,0.3201333333333334,468.51,5.4,4,6,107.22,5,1,-7.66,success
uvarinol,COc1c(Cc2cc(ccc2O)Cc2ccccc2O)c(O)c2c(c1Cc1cc(ccc1O)Cc1ccccc1O)O[C@@H](CC2=O)c1ccccc1,default,6.1576,success,0.47,,success,0.17980000000000004,694.78,8.29,5,8,136.68,10,2,-5.23,success
isouvarinol,Oc1ccc(cc1Cc1c(O)c(Cc2ccccc2O)c(c2c1O[C@@H](CC2=O)c1ccccc1)O)Cc1ccccc1O,default,6.1643,success,-2.9,,success,0.27702499999999997,574.63,6.69,5,7,127.45,7,2,-6.26,success
lutein,C/C(=C\C=C\C=C(\C=C\C=C(\C=C\C1=C(C)C[C@H](CC1(C)C)O)/C)/C)/C=C/C=C(/C=C/[C@H]1C(=C[C@@H](CC1(C)C)O)C)\C,default,5.973,success,-3.55,,success,0.28275,568.89,10.4,2,2,40.46,10,2,-6.45,success
isoangoletin,Oc1ccc(cc1)[C@H]1Oc2cc(O)cc(c2C(=O)[C@H]1O[C@@H]1O[C@@H](C)[C@@H]([C@H]([C@H]1O)O)O)O,default,6.3765,success,-5.22,,success,0.37204166666666666,434.4,0.33,6,10,166.14,3,1,-8.19,success
puguenolide,COc1ccc2c3c1oc(=O)c1c3c(cc2)ccc1O,default,4.8519,success,-10.98,,success,0.4369916666666666,266.25,3.25,1,4,59.67,1,0,-9.3,success
uvaretin,COc1cc(O)c(c(c1C(=O)CCc1ccccc1)O)Cc1ccccc1O,default,4.9064,success,-7.68,,success,0.3315333333333333,378.42,4.22,3,5,86.99,7,0,-8.98,success
diuvaretin,COc1c(C(=O)CCc2ccccc2)c(O)c(c(c1Cc1ccccc1O)O)Cc1ccccc1O,default,4.7659,success,-4.66,,success,0.21915833333333337,484.55,5.51,4,6,107.22,9,1,-7.05,success
chamuvaritin,O=C(c1c(O)c(Cc2ccccc2O)c2c(c1O)Cc1c(O2)cccc1)CCc1ccccc1,default,5.0551,success,-6.3,,success,0.297925,452.51,5.91,3,5,86.99,6,1,-7.61,success
triuvaretin,COc1c(Cc2cc(ccc2O)Cc2ccccc2O)c(O)c(c(c1C(=O)CCc1ccccc1)O)Cc1ccccc1O,default,5.3883,success,-2.31,,success,0.19269166666666668,590.67,6.81,5,7,127.45,11,2,-5.59,success
isotriuvaretin,COc1c(Cc2ccccc2O)c(O)c(c(c1C(=O)CCc1ccccc1)O)Cc1cc(ccc1O)Cc1ccccc1O,default,5.3883,success,-2.69,,success,0.20535833333333334,590.67,6.81,5,7,127.45,11,2,-5.59,success
ophrypetalin,CCCCCC[C@@H](CCC[C@@H]([C@H]1CC[C@@H](O1)[C@H]1CC[C@@H](O1)[C@@H](CCCCCCCCCCCCC1=C[C@@H](OC1=O)C)O)O)O,default,6.0511,success,-2.27,,success,0.24659166666666665,622.93,7.86,3,7,105.45,25,2,-5.63,success
desacetyluvaricin,CCCCCCCCCC[C@@H]([C@H]1CC[C@@H](O1)[C@H]1CC[C@@H](O1)[C@@H](CCCCCCCCCCCCC1=C[C@@H](OC1=O)C)O)O,default,5.8548,success,-2.04,,success,0.22256666666666666,606.93,8.89,2,6,85.22,25,2,-5.86,success
rolliniastatin-1,CCCCCCCCCC[C@@H](C1CC[C@H](O1)[C@@H]1CC[C@@H](O1)[C@@H](CCCCCCCCCCC(CC1=CC(OC1=O)C)O)O)O,default,5.8843,success,-1.66,,success,0.21235833333333332,622.93,7.86,3,7,105.45,25,2,-5.58,success
dieporeticenin,CCCCCCCCCC/C=C/CCC1OC1CCC1OC1CCCCCCCCCCCCC1=CC(OC1=O)C,default,5.9025,success,-2.53,,success,0.242875,572.92,10.72,0,4,51.36,28,2,-6.12,success
dieporeticanin-1,CCCCCCCCCCCCC1OC1CCC1OC1CCCCCCCCCCCCCC1=CC(OC1=O)C,default,5.6156,success,-2.36,,success,0.21329999999999996,560.9,10.56,0,4,51.36,28,2,-6.23,success
dieporeticanin-2,CCCCCCCCCCC1OC1CCC1OC1CCCCCCCCCCCCCCCCC1=CC(OC1=O)C,default,5.6156,success,-2.78,,success,0.22729999999999995,574.93,10.95,0,4,51.36,29,2,-6.17,success
diepoxyrollin,CCCCCCCCCCCCCCC1OC1CCC1OC1CCCCCCCCCCCC1=CC(OC1=O)C,default,5.6156,success,-2.37,,success,0.2136333333333333,560.9,10.56,0,4,51.36,28,2,-6.23,success
"5-methoxy-6,8,8-trimethyl-2-phenylchromene-4,7-dione",COC1=C(C)C(=O)C(c2c1c(=O)cc(o2)c1ccccc1)(C)C,default,5.3967,success,-10.22,,success,0.45705833333333334,310.35,3.54,0,4,56.51,2,0,-10.24,success
acuminavone,C=C1CCCC2C1CC1C(C2)(C)C(C2(C1(O)c1c(=O)cc(oc1C(C2=O)(C)C)c1ccccc1)C)(C)C,default,6.4567,success,-7.67,,success,0.46039166666666664,500.68,6.79,1,4,67.51,1,2,-8.16,success
desmosdomutin,COC1=C(C)C(=C(C(=O)C1(C)C)C(=O)/C=C/c1ccccc1)O,default,5.1489,success,-10.5,,success,0.44574166666666665,312.37,3.61,1,4,63.6,4,0,-9.93,success
"5-hydroxy-6,8,8-trimethyl-2-phenylchromene-4,7-dione",CC1=C(O)c2c(=O)cc(oc2C(C1=O)(C)C)c1ccccc1,default,5.496,success,-10.6,,success,0.47800000000000004,296.32,3.46,1,4,67.51,1,0,-10.24,success
"1-((2E,6E,10E)-3,7,11,15-tetramethylhexadeca-2,6,10,14-tetraenyl)-2-azabicyclo[2.2.1]hept-5-en-3-one",C/C(=C\CC/C(=C/CC12C=CC(C1)C(=O)N2)/C)/CC/C=C(/CCC=C(C)C)\C,default,5.1763,success,-5.45,,success,0.27969166666666667,381.6,6.97,1,1,29.1,11,1,-7.72,success
"diphenylpentanoid (E)-1,5-bis(4-hydroxyphenyl)-pent-1-en-3-one",O=C(/C=C/c1ccc(cc1)O)CCc1ccc(cc1)O,default,4.9146,success,-10.83,,success,0.43721666666666664,268.31,3.31,2,3,57.53,5,0,-9.97,success
karatavin,CC(C1CCC(C2C(C1)C(=CC2)C)(C)O)C,default,4.9286,success,-6.9,,success,0.30738333333333334,222.37,3.78,1,1,20.23,1,0,-10.04,success
catechin,Oc1cc2O[C@H](c3ccc(c(c3)O)O)[C@H](Cc2c(c1)O)O,default,5.6667,success,-9.79,,success,0.46522499999999994,290.27,1.55,5,6,110.38,1,0,-9.62,success
laudanine,COc1ccc(cc1O)CC1N(C)CCc2c1cc(OC)c(c2)OC,default,5.5362,success,-10.15,,success,0.46635,343.42,3.19,1,5,51.16,5,0,-10.3,success
quebrachitol,COC1[C@H](O)[C@@H](O)C([C@@H]([C@H]1O)O)O,default,4.2243,success,-4.33,,success,0.16302500000000003,194.18,-3.18,5,6,110.38,1,0,-8.09,success
"cyclohexane-1,2,4,5-tetrol",OC1CC(O)C(CC1O)O,default,4.218,success,-4.46,,success,0.16683333333333333,148.16,-1.78,4,4,80.92,0,0,-8.46,success
polycarpol,CC(=CCC[C@H]([C@H]1C[C@@H]([C@@]2([C@]1(C)CC=C1C2=CC[C@@H]2[C@]1(C)CC[C@@H](C2(C)C)O)C)O)C)C,default,5.5666,success,-6.21,,success,0.33755,440.71,7.23,2,2,40.46,4,1,-8.08,success
"24-methylenelanosta-7,9(11)-dien- 3beta-ol",CC(C(=C)CC[C@H]([C@H]1CC[C@@]2([C@]1(C)CC=C1C2=CCC2[C@]1(C)CC[C@@H](C2(C)C)O)C)C)C,default,5.4911,success,-5.24,,success,0.298925,438.74,8.5,1,1,20.23,5,1,-8.14,success
stigmasterol,CC[C@H](C(C)C)/C=C/[C@H]([C@H]1CC[C@@H]2[C@]1(C)CC[C@H]1[C@H]2CC=C2[C@]1(C)CC[C@@H](C2)O)C,default,5.6831,success,-4.63,,success,0.2945916666666666,412.7,7.8,1,1,20.23,5,1,-8.34,success
artapetalin B,OCC/C=C\C/C=C\C/C=C\CCCCCCC1=C(OC)C(=C)OC1=O,default,5.2649,success,-6.02,,success,0.306075,360.49,5.13,1,4,55.76,14,1,-8.01,success
artabotriol,OCC(=C)[C@@H](CO)O,default,4.3025,success,-5.1,,success,0.19520833333333334,118.13,-1.11,3,3,60.69,3,0,-8.49,success
N-methoxy-5-oxoaporphinoid,COC1C(=O)Cc2c3C1Cc1ccccc1c3c1c(c2)OCO1,default,5.3791,success,-10.27,,success,0.4572583333333333,308.33,2.86,0,4,44.76,1,0,-10.6,success
"2',3'-epoxyasteranthine",CC1(C)C=Cc2c(O1)c1[nH]cc(c1cc2)CC1OC1(C)C,default,5.5401,success,-9.47,,success,0.44400833333333334,283.37,4.07,1,2,37.55,2,0,-10.26,success
"2',3'-dihydroxyasteranthine",OC(C(O)(C)C)Cc1c[nH]c2c1ccc1c2OC(C=C1)(C)C,default,5.5895,success,-10.51,,success,0.4827916666666667,301.39,3.03,3,3,65.48,3,0,-10.19,success
"(+)-(S)-dihydro-2',3'-epoxyasteranthine",CC1(C)C=Cc2c(O1)c1[nH]cc(c1cc2)C[C@@H]1OC1(C)C,default,5.5401,success,-9.01,,success,0.42867500000000003,283.37,4.07,1,2,37.55,2,0,-10.26,success
cleistodiendiol,CC(=O)O[C@H]1C=C[C@H]([C@@H](/C/1=C/OC(=O)c1ccccc1)O)O,default,5.3279,success,-9.49,,success,0.42699166666666666,304.3,0.95,2,6,93.06,3,0,-9.47,success
cleistodienol A,CC(=O)O[C@@H]1C=C[C@@H]([C@H](/C/1=C/OC(=O)c1ccccc1)OC(=O)C)O,default,5.489,success,-10.81,,success,0.48441666666666666,346.34,1.52,1,7,99.13,4,0,-9.45,success
cleistodienol B,O[C@H]1C=CC=C([C@@H]1OC(=O)C)C(OC(=O)C)OC(=O)c1ccccc1,default,5.0965,success,-10.83,,success,0.45237499999999997,346.34,1.52,1,7,99.13,5,0,-9.68,success
cleistenechlorohydrin A,CC(=O)O[C@@H]1C=C[C@H]([C@]([C@H]1O)(O)COC(=O)c1ccccc1)Cl,default,5.0126,success,-11.49,,success,0.4673833333333333,340.76,1.04,2,6,93.06,4,0,-9.57,success
cleistenechlorohydrin B,CC(=O)O[C@@H]1C=C[C@H]([C@@]([C@H]1O)(O)COC(=O)c1ccccc1)Cl,default,5.0126,success,-10.57,,success,0.43671666666666664,340.76,1.04,2,6,93.06,4,0,-9.57,success
cleistenediol A,CO[C@@H]1C=C[C@H]([C@H]([C@]1(O)COC(=O)c1ccccc1)O)OC(=O)C,default,4.682,success,-8.35,,success,0.33516666666666667,336.34,0.45,2,7,102.29,5,0,-9.3,success
cleistenediol B,CO[C@H]1C=C[C@H]([C@@H]([C@@]1(O)COC(=O)c1ccccc1)OC(=O)C)O,default,4.8319,success,-8.74,,success,0.36065833333333336,336.34,0.45,2,7,102.29,5,0,-9.39,success
cleistenediol C,CO[C@H]1C=C[C@@H]([C@@H]([C@@]1(O)COC(=O)c1ccccc1)OC(=O)C)OC(=O)C,default,4.7539,success,-10.02,,success,0.39682499999999993,378.38,1.02,1,8,108.36,6,0,-9.04,success
cleistenediol D,CC(=O)O[C@H]1C=C[C@@H]([C@H]([C@@]1(O)COC(=O)c1ccccc1)O)OC(=O)C,default,4.7282,success,-8.86,,success,0.3560166666666667,364.35,0.37,2,8,119.36,5,0,-9.01,success
cleistenediol E,CC(=O)O[C@@H]1C=C[C@@H]([C@@]([C@H]1O)(O)COC(=O)c1ccccc1)OC(=O)c1ccccc1,default,4.8886,success,-10.88,,success,0.4367166666666667,426.42,1.66,2,8,119.36,6,0,-8.77,success
cleistenediol F,CC(=O)O[C@@H]1C=C[C@@H]([C@@]([C@H]1OC(=O)C)(O)COC(=O)c1ccccc1)OC(=O)c1ccccc1,default,4.9571,success,-9.97,,success,0.4120916666666667,468.46,2.23,1,9,125.43,7,0,-8.59,success
cleistenonal,O=Cc1ccc2c(c1)[C@]1(C=C[C@@H]2[C@@H]([C@H]1OC(=O)C)O)C(OC(=O)c1ccccc1)OC(=O)C,default,6.197,success,-10.63,,success,0.5374166666666667,450.44,2.44,1,8,116.2,6,0,-8.73,success
cleistanolate,CO[C@@H]1CC(=O)O[C@@H]1[C@@H](C(OC(=O)C)COC(=O)c1ccccc1)OC(=O)C,default,5.3634,success,-7.61,,success,0.36728333333333335,394.38,1.04,0,9,114.43,8,0,-8.79,success
"2,5-dihydroxybenzyl benzoate",Oc1ccc(c(c1)COC(=O)c1ccccc1)O,default,4.8008,success,-8.56,,success,0.35206666666666664,244.25,2.45,2,4,66.76,3,0,-10.09,success
sootepenol B,O[C@H]1[C@@H](C=CC([C@@]1(O)COC(=O)C)OC(=O)c1ccccc1)OC(=O)C,default,4.7909,success,-8.01,,success,0.3329083333333333,364.35,0.37,2,8,119.36,5,0,-8.96,success
ent-subglain C,CC(=O)O[C@@H]1[C@H](C=C[C@@H]([C@@]1(O)COC(=O)c1ccccc1)O)OC(=O)C,default,4.8072,success,-8.97,,success,0.3662666666666667,364.35,0.37,2,8,119.36,5,0,-8.95,success
"(1S,4S,5S,6R)-5-[(benzyloxy)- methyl]-5,6-dihydroxycyclohex-2-ene-1,4-diyl diacetate",CC(=O)O[C@H]1C=C[C@@H]([C@H]([C@]1(O)COC(=O)c1ccccc1)O)OC(=O)C,default,4.7282,success,-8.02,,success,0.3280166666666667,364.35,0.37,2,8,119.36,5,0,-9.01,success
epimonanthadiepoxide,O=C(c1ccccc1)OC[C@]12OC1C1C([C@@H]([C@H]2O)OC(=O)c2ccccc2)O1,default,5.402,success,-11.39,,success,0.49650000000000005,382.37,1.35,1,7,97.89,5,0,-9.34,success
epimonanthadiepoxide chlorhydrin,O=C(c1ccccc1)OC[C@@]12O[C@@H]1[C@H]([C@@H]([C@@H]([C@H]2O)OC(=O)c1ccccc1)O)Cl,default,5.6376,success,-10.6,,success,0.4898,418.83,1.55,2,7,105.59,5,0,-9.04,success
Z-melodorinol,O[C@@H](/C=C\1/C=CC(=O)O1)COC(=O)c1ccccc1,default,4.678,success,-10.68,,success,0.4125,260.24,1.2,1,5,72.83,4,0,-9.9,success
Z-acetylmelodorinol,O=C(c1ccccc1)OC[C@H](/C=C\1/C=CC(=O)O1)OC(=O)C,default,4.9572,success,-10.16,,success,0.4184333333333334,302.28,1.77,0,6,78.9,5,0,-9.73,success
Z-toussaintine E,COC(=O)C[C@]1(O)C=CC(=O)CC1NC(=O)/C=C\c1ccccc1,default,4.8516,success,-11.06,,success,0.4396333333333334,329.35,1.01,2,5,92.7,5,0,-9.47,success
toussaintine F,CO[C@@H]1CC(=O)CC([C@]1(O)CC(=O)OC)NC(=O)/C=C/c1ccccc1,default,4.986,success,-8.5,,success,0.3655,361.39,0.86,2,6,101.93,6,0,-9.29,success
(+)-pipoxide-2-methyl ether,CO[C@H]1[C@@H](C=CC2[C@@]1(COC(=O)c1ccccc1)O2)OC(=O)c1ccccc1,default,4.9507,success,-9.78,,success,0.405225,380.4,2.79,0,6,74.36,6,0,-9.49,success
(+)-pipoxide,O=C(c1ccccc1)OC[C@@]12OC1C=C[C@H]([C@@H]2O)OC(=O)c1ccccc1,default,5.0094,success,-11.29,,success,0.46044999999999997,366.37,2.14,1,6,85.36,5,0,-9.54,success
"1alpha-benzoyloxymethyl-3alpha-benzoyloxycyclohex-5-en-1beta,2beta,4beta-triol",O=C(c1ccccc1)OC[C@@]1(O)C=C[C@@H]([C@H]([C@@H]1O)OC(=O)c1ccccc1)O,default,4.7496,success,-10.87,,success,0.42479999999999996,384.38,1.09,3,7,113.29,5,0,-9.09,success
tetramethylscutellarein,COc1ccc(cc1)c1cc(=O)c2c(o1)cc(c(c2OC)OC)OC,default,5.2468,success,-9.22,,success,0.4112333333333334,342.35,3.49,0,6,67.13,5,0,-9.76,success
toussaintine G,CO[C@H]1CC(=O)CC([C@]1(O)CC(=O)OC)NC(=O)/C=C/c1ccccc1,default,4.986,success,-8.36,,success,0.36083333333333334,361.39,0.86,2,6,101.93,6,0,-9.29,success
monathadiepoxide methyl ether,CO[C@H]1[C@H](OC(=O)c2ccccc2)C2OC2C2[C@@]1(COC(=O)c1ccccc1)O2,default,5.282,success,-9.61,,success,0.42716666666666664,396.4,2.0,0,7,86.89,6,0,-9.32,success
3-hydroxybenzaldehyde,O=Cc1cccc(c1)O,default,4.5129,success,-8.47,,success,0.32507500000000006,122.12,1.2,1,2,37.3,1,0,-9.88,success
tetrahydrojusticidin B,COc1cc2CC3COC(=O)[C@@H]3[C@@H](c2cc1OC)c1ccc2c(c1)OCO2,default,5.6713,success,-9.88,,success,0.4686083333333333,368.39,2.91,0,6,63.22,3,0,-10.17,success
6-methoxydiphyllin,COc1cc2[C@@H](c3ccc4c(c3)OCO4)[C@H]3C(=O)OCC3C(c2c(c1OC)OC)O,default,6.0805,success,-11.37,,success,0.552375,414.41,2.41,1,8,92.68,4,0,-9.79,success
diphyllin,COc1cc2c(c3ccc4c(c3)OCO4)c3C(=O)OCc3c(c2cc1OC)O,default,5.6917,success,-10.53,,success,0.49197499999999994,380.35,3.63,1,7,83.45,3,0,-9.67,success
6-hydroxyjusticidin A,COC1C2COC(=O)[C@@H]2[C@@H](c2c1c(O)c(c(c2)OC)OC)c1ccc2c(c1)OCO2,default,5.9599,success,-11.03,,success,0.5309916666666666,414.41,2.76,1,8,92.68,4,0,-9.71,success
phyllamyricin C,COc1cc2[C@@H](c3ccc4c(c3)OCO4)[C@H]3C(=O)OCC3Cc2c(c1OC)OC,default,5.9202,success,-9.99,,success,0.4930166666666667,398.41,2.92,0,7,72.45,4,0,-9.88,success
macarangin,C/C(=C\Cc1c(O)cc2c(c1O)c(=O)c(c(o2)c1ccc(cc1)O)O)/CCC=C(C)C,default,6.1722,success,-6.24,,success,0.3890166666666667,422.48,5.52,4,6,111.13,6,1,-8.08,success
schweinfurthin A,C/C(=C\Cc1c(O)cc(cc1O)/C=C/c1cc(O)c2c(c1)C[C@H]1[C@@](O2)(C)C[C@H]([C@H](C1(C)C)O)O)/CCC=C(C)C,default,6.458,success,-5.67,,success,0.39383333333333337,548.72,6.67,5,6,110.38,7,2,-6.83,success
schweinfurthin B,COc1cc(/C=C/c2cc(O)c(c(c2)O)C/C=C(/CCC=C(C)C)\C)cc2c1O[C@]1(C)C[C@@H](O)[C@H](C([C@H]1C2)(C)C)O,default,6.4109,success,-3.14,,success,0.305575,562.75,6.97,4,6,99.38,8,2,-6.68,success
ancistroquinone C,COc1c(OC)ccc2c1C(=O)C(=O)C(=C2O)C,default,4.8637,success,-8.15,,success,0.3436416666666666,248.23,1.76,1,5,72.83,2,0,-10.08,success
"8-hydroxyheptadeca-4,6-diyn-3-yl ethanoate",CCCCCCCCCC(C#CC#CC(OC(=O)C)CC)O,default,5.0612,success,-8.66,,success,0.37710000000000005,306.45,3.84,1,3,46.53,10,0,-8.83,success
"8-hydroxyheptadeca-1-ene-4,6-diyn-3-yl ethanoate",CCCCCCCCCC(C#CC#CC(OC(=O)C)C=C)O,default,5.2142,success,-8.61,,success,0.3881833333333333,304.43,3.61,1,3,46.53,10,0,-8.83,success
"16-acetoxy-11-hydroxyoctadeca-17-ene-12,14-diynyl ethanoate",C=CC(OC(=O)C)C#CC#CC(CCCCCCCCCCOC(=O)C)O,default,5.1899,success,-8.85,,success,0.3941583333333333,376.49,3.55,1,5,72.83,13,0,-8.36,success
"11,16-diacetoxyoctadeca-17-ene-12,14-diynyl ethanoate",C=CC(OC(=O)C)C#CC#CC(OC(=O)C)CCCCCCCCCCOC(=O)C,default,5.1775,success,-6.43,,success,0.31245833333333334,418.53,4.12,0,6,78.9,14,0,-7.84,success
hederagenin,OC[C@]1(C)[C@@H](O)CC[C@]2([C@H]1CC[C@@]1([C@@H]2CC=C2[C@@]1(C)CC[C@@]1([C@H]2CC(CC1)(C)C)C(=O)O)C)C,default,4.9874,success,-6.22,,success,0.28961666666666663,472.71,6.21,3,3,77.76,2,1,-8.12,success
2-hydroxy-4-methoxybenzaldehyde,COc1ccc(c(c1)O)C=O,default,4.5812,success,-8.46,,success,0.33043333333333336,152.15,1.21,1,3,46.53,2,0,-9.9,success
3-hydroxy-4-methoxybenzaldehyde,O=Cc1ccc(c(c1)O)OC,default,4.6602,success,-8.16,,success,0.3270166666666667,152.15,1.21,1,3,46.53,2,0,-9.9,success
"6-hydroxy-3,5-dimethoxy-2-methyl-1,4-naphthoquinone",COC1=C(C)C(=O)c2c(C1=O)c(OC)c(cc2)O,default,5.0677,success,-8.18,,success,0.3616416666666667,248.23,1.7,1,5,72.83,2,0,-10.21,success
"5,8-dihydroxy-3-methoxy-2-methylnaphthalene-1,4-dione",COC1=C(C)C(=O)c2c(C1=O)c(O)ccc2O,default,4.8532,success,-8.79,,success,0.3641,234.21,1.4,2,5,83.83,1,0,-9.95,success
malvone A,COc1c(O)c2C(=O)C(=O)C=Cc2c(c1C)O,default,4.7103,success,-8.96,,success,0.3578583333333334,234.21,1.19,2,5,83.83,1,0,-9.71,success
droserone-5-methyl ether,COc1cccc2c1C(=O)C(=C(C2=O)C)O,default,4.4764,success,-8.79,,success,0.3327,218.21,1.91,1,4,63.6,1,0,-10.21,success
hydroxydroserone,O=C1C=CC(=O)c2c1c(O)c(c(c2O)C)O,default,4.6988,success,-8.8,,success,0.3515666666666667,220.18,1.05,3,5,94.83,0,0,-9.5,success
chrysophanol,Cc1cc(O)c2c(c1)C(=O)c1c(C2=O)c(O)ccc1,default,5.4726,success,-11.39,,success,0.5023833333333334,254.24,2.18,2,4,74.6,0,0,-10.12,success
helminthosporin,Cc1cc(O)c2c(c1)C(=O)c1c(C2=O)c(O)ccc1O,default,5.6181,success,-11.02,,success,0.502175,270.24,1.89,3,5,94.83,0,0,-9.8,success
aloesaponarin I,COC(=O)c1c(O)cc2c(c1C)C(=O)c1c(C2=O)cccc1O,default,5.465,success,-10.66,,success,0.47741666666666666,312.28,1.97,2,6,100.9,1,0,-9.98,success
aloesaponarin II,Oc1cc(C)c2c(c1)C(=O)c1c(C2=O)c(O)ccc1,default,5.5682,success,-10.99,,success,0.49701666666666666,254.24,2.18,2,4,74.6,0,0,-10.1,success
laccaic acid D-methyl ester,COC(=O)c1c(O)cc2c(c1C)C(=O)c1c(C2=O)cc(cc1O)O,default,5.5987,success,-10.88,,success,0.49589166666666673,328.28,1.67,3,7,121.13,1,0,-9.68,success
deoxyerythrolaccin,Oc1cc(C)c2c(c1)C(=O)c1c(C2=O)c(O)cc(c1)O,default,5.5186,success,-11.14,,success,0.49788333333333334,270.24,1.89,3,5,94.83,0,0,-9.86,success
1-hydroxy-8-methoxy-3-methylanthraquinone,COc1cccc2c1C(=O)c1c(C2=O)cc(cc1O)C,default,5.2715,success,-11.4,,success,0.4859583333333333,268.27,2.48,1,4,63.6,1,0,-10.33,success
aloesaponol I,COC(=O)c1c(O)cc2c(c1C)c(O)c1c(c2)CC(CC1=O)O,default,5.5556,success,-10.69,,success,0.48596666666666666,316.31,1.84,3,6,104.06,1,0,-9.93,success
aloesaponol II-6-methyl ether,COc1cc2cc3CC(O)CC(=O)c3c(c2c(c1)C)O,default,5.5675,success,-11.15,,success,0.5022916666666667,272.3,2.35,2,4,66.76,1,0,-10.43,success
8-hydroxy-6-methylxanthone-1-carboxylic acid,Cc1cc(O)c2c(c1)oc1c(c2=O)c(ccc1)C(=O)O,default,4.9185,success,-11.1,,success,0.44654166666666667,270.24,2.66,2,4,87.74,1,0,-9.93,success
"6',8-O-dimethylknipholone",COc1cc(OC)c(c(c1c1c(C)cc(c2c1C(=O)c1cccc(c1C2=O)OC)O)O)C(=O)C,default,5.4067,success,-7.62,,success,0.37122499999999997,462.45,4.08,2,8,119.36,5,0,-8.6,success
knipholone,COc1cc(O)c(c(c1C(=O)C)O)c1c(C)cc(c2c1C(=O)c1cccc(c1C2=O)O)O,default,5.5699,success,-8.82,,success,0.42482499999999995,434.4,3.47,4,8,141.36,3,0,-8.58,success
knipholone mannich base,CCN(Cc1c(O)c(c(c(c1OC)C(=O)C)O)c1c(C)cc(c2c1C(=O)c1cccc(c1C2=O)O)O)CC,default,5.9794,success,-4.51,,success,0.31528333333333336,519.55,4.31,4,9,144.6,7,1,-7.34,success
"knipholone-1,3-oxazine",COc1c2CN(COc2c(c(c1C(=O)C)O)c1c(C)cc(c2c1C(=O)c1cccc(c1C2=O)O)O)c1ccccc1,default,6.533,success,-2.11,,success,0.2814166666666667,551.55,5.12,3,9,133.6,4,2,-7.08,success
seco-anthraquinone,Cc1cc(O)c2c(c1)oc(=O)c1c(c2=O)c(O)ccc1,default,5.1181,success,-11.07,,success,0.462175,270.24,2.03,2,5,87.74,0,0,-9.87,success
janthinone,COc1cccc2c1c(=O)c1c(O)cc(cc1oc2=O)C,default,5.0782,success,-10.52,,success,0.4405166666666666,284.27,2.33,1,5,76.74,1,0,-10.12,success
wentiquinone A,COc1cc(O)c2c(c1)c(=O)oc1c(c2=O)c(O)cc(c1)C,default,5.155,success,-11.43,,success,0.47725,300.27,2.03,2,6,96.97,1,0,-9.92,success
wentiquinone B,COc1cc(OC)cc2c1c(=O)c1c(O)cc(cc1oc2=O)C,default,5.1717,success,-11.17,,success,0.46997500000000003,314.29,2.34,1,6,85.97,2,0,-10.07,success
"1,8-dihydroxy-10-methoxy-3-methyldibenzo[b,e]oxepine-6,11-dione",COc1cc(O)cc2c1c(=O)c1c(O)cc(cc1oc2=O)C,default,5.2407,success,-11.19,,success,0.4763916666666667,300.27,2.03,2,6,96.97,1,0,-9.89,success
wentiquinone C,OCc1cc(O)c2c(c1)oc(=O)c1c(c2=O)c(O)cc(c1)OC,default,5.2013,success,-10.95,,success,0.4651083333333333,316.27,1.22,3,7,117.2,2,0,-9.52,success
leptosphaerin D,Oc1c(C)cc(c2c1COc1c(C2=O)c(O)ccc1)O,default,5.7342,success,-10.82,,success,0.5051833333333334,272.26,2.24,3,5,86.99,0,0,-10.07,success
arugosin F,Cc1cc2C(O)Oc3c(C(=O)c2c(c1)O)c(O)ccc3,default,6.2737,success,-11.38,,success,0.5688083333333334,272.26,2.02,3,5,86.99,0,0,-10.14,success
aloe-emodin,OCc1cc(O)c2c(c1)C(=O)c1c(C2=O)c(O)ccc1,default,5.6349,success,-10.98,,success,0.5022416666666667,270.24,1.37,3,5,94.83,1,0,-9.74,success
chryslandicin,Cc1cc(O)c2c(c1)C(O)(c1cc(O)c3c(c1)C(=O)c1c(C3=O)c(O)cc(c1O)C)c1c(C2=O)c(O)ccc1,default,6.2159,success,-6.17,,success,0.39032500000000003,524.48,3.44,6,9,172.59,1,2,-7.53,success
10-hydroxy-10-(chrysophanol-7'-yl)chrysophanol anthrone,Cc1cc(O)c2c(c1)C(=O)c1c(C2=O)c(O)cc(c1)C1(O)c2cccc(c2C(=O)c2c1cc(C)cc2O)O,default,5.8461,success,-8.27,,success,0.4295083333333333,508.48,3.73,5,8,152.36,1,1,-7.79,success
10-methoxy-10-(chrysophanol-7'-yl)chrysophanol anthrone,COC1(c2cc(O)c3c(c2)C(=O)c2c(C3=O)c(O)cc(c2)C)c2cccc(c2C(=O)c2c1cc(C)cc2O)O,default,5.8768,success,-5.36,,success,0.3350666666666667,522.51,4.38,4,8,141.36,2,1,-7.47,success
asphodelin,Cc1cc(O)c2c(c1)C(=O)c1c(C2=O)c(O)c(cc1)c1c(C)cc(c2c1C(=O)c1cccc(c1C2=O)O)O,default,6.0471,success,-6.14,,success,0.37525833333333336,506.47,4.34,4,8,149.2,1,1,-7.7,success
isoknipholone,COc1c(c(O)cc(c1C(=O)C)O)c1c(C)cc(c2c1C(=O)c1cccc(c1C2=O)O)O,default,5.7467,success,-8.22,,success,0.41955833333333337,434.4,3.47,4,8,141.36,3,0,-8.55,success
knipholone anthrone,COc1cc(O)c(c(c1C(=O)C)O)c1c(C)cc(c2c1Cc1cccc(c1C2=O)O)O,default,5.5548,success,-9.86,,success,0.4582333333333334,420.42,3.83,4,7,124.29,3,0,-8.85,success
10-acetonylknipholone cyclooxanthrone,COc1cc2OC3(CC(=O)C)c4c(c2c(c1C(=O)C)O)c(C)cc(c4C(=O)c1c3cccc1O)O,default,5.902,success,-6.72,,success,0.3825,474.47,4.15,3,8,130.36,4,0,-8.54,success
knipholone cyclooxanthrone,COc1cc2OC3c4c(c2c(c1C(=O)C)O)c(C)cc(c4C(=O)c1c3cccc1O)O,default,6.256,success,-8.87,,success,0.4836666666666667,418.4,4.02,3,7,113.29,2,0,-9.2,success
joziknipholone A,COc1cc(O)c(c(c1C(=O)C)O)c1c(C)cc(c2c1C(=O)c1ccc(c(c1C2=O)O)[C@H]1c2cccc(c2C(=O)c2c1c(c(cc2O)C)c1c(O)cc(c(c1O)C(=O)C)OC)O)O,default,6.296,success,1.06,,success,0.19133333333333336,852.8,7.2,8,15,265.65,7,4,-4.94,success
dianellin,OC1C(COC2CC(C)C(C(C2O)O)O)OC(C(C1O)O)Oc1cccc2c1c(O)c(c(c2)C)C(=O)C,default,6.3577,success,-5.44,,success,0.3778083333333334,522.55,-0.25,7,11,186.37,6,3,-6.78,success
2-acetyl-1-hydroxy-8-methoxy-3-methylnaphthalene,COc1cccc2c1c(O)c(c(c2)C)C(=O)C,default,4.9183,success,-8.54,,success,0.36119166666666663,230.26,3.07,1,3,46.53,2,0,-10.31,success
aloin A,OCc1cc(O)c2c(c1)[C@@H]([C@@H]1O[C@H](CO)[C@H]([C@@H]([C@H]1O)O)O)c1c(C2=O)c(O)ccc1,default,6.6351,success,-5.83,,success,0.41392500000000004,418.4,-0.89,7,9,167.91,3,1,-7.84,success
aloin B,OCc1cc(O)c2c(c1)[C@H]([C@@H]1O[C@H](CO)[C@H]([C@@H]([C@H]1O)O)O)c1c(C2=O)c(O)ccc1,default,6.6351,success,-5.26,,success,0.394925,418.4,-0.89,7,9,167.91,3,1,-7.84,success
microdontin A,OCc1cc(O)c2c(c1)[C@@H]([C@@H]1O[C@H](COC(=O)/C=C/c3ccc(cc3)O)[C@H]([C@@H]([C@H]1O)O)O)c1c(C2=O)c(O)ccc1,default,7.0506,success,-4.52,,success,0.4048833333333334,564.54,1.08,7,11,194.21,6,3,-6.91,success
microdontin B,OCc1cc(O)c2c(c1)[C@H]([C@@H]1O[C@H](COC/C=C/c3ccc(cc3)O)[C@H]([C@@H]([C@H]1O)O)O)c1c(C2=O)c(O)ccc1,default,7.2659,success,-4.91,,success,0.435825,550.56,1.55,7,10,177.14,7,2,-7.17,success
"5-hydroxy-3,6-dimethoxy-2-methylnaphthalene-1,4-dione",COC1=C(C)C(=O)c2c(C1=O)c(O)c(cc2)OC,default,4.6757,success,-8.7,,success,0.34630833333333333,248.23,1.7,1,5,72.83,2,0,-10.14,success
isoxanthorin,COc1cc(O)c2c(c1O)C(=O)c1c(C2=O)cc(cc1O)C,default,5.4697,success,-11.34,,success,0.500475,300.27,1.9,3,6,104.06,1,0,-9.82,success
aloesaponol II,OC1CC(=O)c2c(C1)cc1c(c2O)c(C)cc(c1)O,default,5.7333,success,-11.07,,success,0.5134416666666667,258.27,2.05,3,4,77.76,0,0,-10.18,success
"10-methoxy-10,7'-(chrysophanol anthrone)-chrysophanol",COC1(c2ccc3c(c2O)C(=O)c2c(C3=O)cc(cc2O)C)c2cccc(c2C(=O)c2c1cc(C)cc2O)O,default,6.0227,success,-5.66,,success,0.357225,522.51,4.38,4,8,141.36,2,1,-7.51,success
"(P)-8,9,1',8'-tetrahydroxy-3,3'-dimethyl[10,7'-bianthracene]-1,4,9',10'-tetraone",Cc1cc(O)c2c(c1)C(=O)c1c(C2=O)c(O)c(cc1)c1c2C(=O)C(=CC(=O)c2c(c2c1cccc2O)O)C,default,6.3646,success,-6.44,,success,0.41171666666666673,506.47,4.74,4,8,149.2,1,1,-7.54,success
"(10R)-1,4,8,1',8'-pentahydroxy-3,3'-dimethyl-[10,7'-bianthracene]-9,9',10'(10H)-trione",Cc1cc(O)c2c(c1)C(=O)c1c(C2=O)c(O)c(cc1)[C@H]1c2cccc(c2C(=O)c2c1c(O)c(C)cc2O)O,default,6.6237,success,-5.99,,success,0.4183083333333334,508.48,4.33,5,8,152.36,1,1,-7.55,success
"(10R)-3',4'-dihydro-1,4,8,3',8',9'-hexahydroxy-3,3'-dimethyl-[10,7'-bianthracene]-9,1'(10H,2'H)-dione",O=C1CC(C)(O)Cc2c1cc1c(c2)ccc(c1O)[C@H]1c2cccc(c2C(=O)c2c1c(O)c(C)cc2O)O,default,6.7064,success,-5.99,,success,0.4252,496.52,4.58,5,7,135.29,1,0,-8.05,success
islandicin,Oc1c(C)cc(c2c1C(=O)c1cccc(c1C2=O)O)O,default,5.6023,success,-10.8,,success,0.493525,270.24,1.89,3,5,94.83,0,0,-9.79,success
isoknipholone anthrone,COc1c(c(O)cc(c1C(=O)C)O)c1c(C)cc(c2c1Cc1cccc(c1C2=O)O)O,default,5.7011,success,-9.03,,success,0.44275833333333336,420.42,3.83,4,7,124.29,3,0,-8.82,success
foliosone,COc1cc(O)c(c(c1C(=O)C)O)C1(O)c2cccc(c2C(=O)c2c1cc(C)cc2O)O,default,5.6068,success,-8.1,,success,0.4038999999999999,436.42,2.86,5,8,144.52,3,0,-8.78,success
isofoliosone,COc1c(C(=O)C)c(O)cc(c1C1(O)c2cccc(c2C(=O)c2c1cc(C)cc2O)O)O,default,5.751,success,-8.3,,success,0.42258333333333337,436.42,2.86,5,8,144.52,3,0,-8.76,success
"4,6-dihydroxy-2-methoxyacetophenone",COc1cc(O)cc(c1C(=O)C)O,default,4.3737,success,-8.72,,success,0.32180833333333336,182.17,1.31,2,4,66.76,2,0,-9.84,success
aloesaponol III,Cc1cc2cc3[C@@H](O)CCC(=O)c3c(c2c(c1)O)O,default,5.7496,success,-11.31,,success,0.5228,258.27,2.57,3,4,77.76,0,0,-10.25,success
aloesaponol III-8-methyl ether,COc1cc(C)cc2c1c(O)c1c(c2)C(O)CCC1=O,default,5.5322,success,-10.98,,success,0.49368333333333325,272.3,2.87,2,4,66.76,1,0,-10.43,success
aloinoside,OC[C@H]1O[C@H]([C@@H]([C@H]([C@@H]1O)O)O)[C@@H]1c2cc(COC3OC(C)C(C(C3O)O)O)cc(c2C(=O)c2c1cccc2O)O,default,6.7791,success,-2.68,,success,0.32092499999999996,564.54,-2.04,9,13,226.83,5,3,-6.26,success
aloin,OCc1cc(O)c2c(c1)C([C@@H]1O[C@H](CO)[C@H]([C@@H]([C@H]1O)O)O)c1c(C2=O)c(O)ccc1,default,6.6351,success,-5.51,,success,0.4032583333333334,418.4,-0.89,7,9,167.91,3,1,-7.84,success
4-O-methyl eleutherol,COc1c2c(OC)cccc2cc2c1C(C)(C)OC2=O,default,5.0072,success,-10.12,,success,0.4212666666666667,272.3,3.26,0,4,44.76,2,0,-10.24,success
4'-O-demethylknipholone,Oc1ccc2c(c1)C(=O)c1c(C2=O)c(c(cc1O)C)c1c(O)cc(c(c1O)C(=O)C)O,default,5.8601,success,-8.43,,success,0.43600833333333333,420.37,3.17,5,8,152.36,2,0,-8.68,success
gaboroquinone A,OCc1cc(O)c2c(c1c1c(O)cc(c(c1OC)C(=O)C)O)C(=O)c1c(C2=O)c(O)ccc1,default,5.688,success,-7.44,,success,0.38866666666666666,450.4,2.65,5,9,161.59,4,0,-8.55,success
gaboroquinone B,OCc1cc(O)c2c(c1c1c(O)cc(c(c1O)C(=O)C)OC)C(=O)c1c(C2=O)c(O)ccc1,default,5.5038,success,-6.57,,success,0.34431666666666666,450.4,2.65,5,9,161.59,4,0,-8.58,success
4'-O-demethylknipholone-4'-beta-D-glucopyranoside,OC[C@@H]1OC(Oc2cc(O)c(c(c2C(=O)C)O)c2c(C)cc(c3c2C(=O)c2ccc(cc2C3=O)O)O)[C@H]([C@@H]([C@H]1O)O)O,default,6.5731,success,-2.87,,success,0.31009166666666665,582.51,0.64,8,13,231.51,5,3,-6.86,success
p-coumaric acid,OC(=O)/C=C/c1ccc(cc1)O,default,4.4741,success,-8.9,,success,0.336175,164.16,1.49,2,2,57.53,2,0,-9.85,success
dihydro-p-coumaric acid,OC(=O)/C=C/C1CC=C(C=C1)O,default,4.7154,success,-7.71,,success,0.31661666666666666,166.18,1.65,2,2,57.53,2,0,-9.55,success
vanillic acid,COc1cc(ccc1O)C(=O)O,default,4.5298,success,-8.65,,success,0.3324833333333333,168.15,1.1,2,3,66.76,2,0,-9.74,success
"5,8-dihydroxy-1-methylnaphtho[2,3c]furan-4,9-dione",Oc1ccc(c2c1C(=O)c1c(C)occ1C2=O)O,default,5.4386,success,-8.29,,success,0.39621666666666666,244.2,1.77,2,5,87.74,0,0,-9.91,success
aloechrysone,COc1cccc2c1c(O)c1c(c2)C[C@@](CC1=O)(C)O,default,5.1105,success,-11.16,,success,0.4645416666666667,272.3,2.43,2,4,66.76,1,0,-10.48,success
aloinoside,OC[C@H]1O[C@H]([C@@H]([C@H]([C@@H]1O)O)O)[C@@H]1c2cc(CO[C@@H]3O[C@@H](C)[C@@H]([C@H]([C@H]3O)O)O)cc(c2C(=O)c2c1cccc2O)O,default,6.7791,success,-2.94,,success,0.3295916666666666,564.54,-2.04,9,13,226.83,5,3,-6.26,success
nataloin,OC[C@H]1O[C@H]([C@@H]([C@H]([C@@H]1O)O)O)[C@@H]1c2cc(C)cc(c2C(=O)c2c1ccc(c2O)O)O,default,6.6537,success,-5.81,,success,0.41480833333333333,418.4,-0.37,7,9,167.91,2,1,-8.02,success
7-hydroxybarbaloin,OC[C@H]1O[C@H]([C@@H]([C@H]([C@@H]1O)O)O)[C@@H]1c2cc(CO)cc(c2C(=O)c2c1ccc(c2O)O)O,default,6.7092,success,-4.84,,success,0.3871,434.4,-1.19,8,10,188.14,3,1,-7.57,success
chrysalodin,OCc1cc(O)c2c(c1)C(O)(c1ccc3c(c1O)C(=O)c1c(C3=O)cc(cc1O)C)c1c(C2=O)c(O)ccc1,default,6.4702,success,-6.83,,success,0.43351666666666666,524.48,2.91,6,9,172.59,2,2,-7.54,success
chryslandicin,Cc1cc(O)c2c(c1)C(O)(c1ccc3c(c1O)C(=O)c1c(C3=O)c(O)c(cc1O)C)c1c(C2=O)c(O)ccc1,default,6.193,success,-6.31,,success,0.3930833333333333,524.48,3.44,6,9,172.59,1,2,-7.48,success
aloesin,OC[C@H]1O[C@H]([C@@H]([C@H]([C@@H]1O)O)O)c1c(O)cc(c2c1oc(CC(=O)C)cc2=O)C,default,6.318,success,-5.48,,success,0.3758333333333333,394.38,-0.55,5,9,157.66,4,0,-8.24,success
barbaloin B,OCc1cc(O)c2c(c1)[C@@H](C1O[C@H](CO)[C@H]([C@@H]([C@H]1O)O)O)c1c(C2=O)c(O)ccc1,default,6.6351,success,-5.14,,success,0.390925,418.4,-0.89,7,9,167.91,3,1,-7.84,success
barbaloin A,OCc1cc(O)c2c(c1)[C@H](C1O[C@H](CO)[C@H]([C@@H]([C@H]1O)O)O)c1c(C2=O)c(O)ccc1,default,6.6351,success,-5.66,,success,0.4082583333333334,418.4,-0.89,7,9,167.91,3,1,-7.84,success
10C-rhamnosyl aloe emodin anthrone,OCc1cc(O)c2c(c1)C(C1O[C@H](C)[C@H]([C@@H]([C@@H]1O)O)O)c1c(C2=O)c(O)ccc1,default,6.8962,success,-6.91,,success,0.47168333333333334,402.4,0.14,6,8,147.68,2,1,-8.35,success
gamma-coniceine,CCCC1=NCCCC1,default,4.7205,success,-4.04,,success,0.19470833333333334,125.22,2.41,0,1,12.36,2,0,-9.89,success
coniine,CCC[C@H]1CCCCN1,default,4.4124,success,-5.71,,success,0.22469999999999998,127.23,1.93,1,1,12.03,2,0,-9.9,success
N-methyltyramine,CNCCc1ccc(cc1)O,default,4.3064,success,-8.85,,success,0.32053333333333334,151.21,1.15,2,2,32.26,3,0,-9.93,success
"O,N-dimethyltyramine",CNCCc1ccc(cc1)OC,default,4.022,success,-8.11,,success,0.27216666666666667,165.24,1.46,1,2,21.26,4,0,-10.05,success
aloe-emodin 11-O-rhamnoside,C[C@H]1OC(OCc2cc(O)c3c(c2)C(=O)c2c(C3=O)c(O)ccc2)[C@H]([C@H]([C@@H]1O)O)O,default,6.2686,success,-5.08,,success,0.3583833333333334,416.38,0.22,5,9,153.75,3,0,-8.37,success
"1,5-dihroxy-3-hydroxymethylanthraquinone",OCc1cc(O)c2c(c1)C(=O)c1c(C2=O)cccc1O,default,5.5332,success,-10.67,,success,0.4834333333333334,270.24,1.37,3,5,94.83,1,0,-9.74,success
7-hydroxyaloe-emodin,OCc1cc(O)c2c(c1)C(=O)c1c(C2=O)c(O)c(cc1)O,default,6.0123,success,-9.79,,success,0.49402499999999994,286.24,1.07,4,6,115.06,1,0,-9.34,success
nataloe-emodin,Cc1cc(O)c2c(c1)C(=O)c1c(C2=O)c(O)c(cc1)O,default,5.8385,success,-11.35,,success,0.5315416666666666,270.24,1.89,3,5,94.83,0,0,-9.85,success
nataloe-emodin-2-O-glucoside,OC[C@H]1OC(Oc2ccc3c(c2C)C(=O)c2c(C3=O)cc(cc2O)C)[C@@H]([C@H]([C@@H]1O)O)O,default,6.6164,success,-5.28,,success,0.39403333333333335,430.41,-0.04,5,9,153.75,3,0,-8.23,success
nataloe-emodin-8-methyl ester,COc1c(O)ccc2c1C(=O)c1c(C2=O)cc(cc1O)C,default,5.6643,success,-11.37,,success,0.5176916666666667,284.27,2.19,2,5,83.83,1,0,-10.14,success
aloesaponol IV,COC1CC(O)c2c(C1=O)c(O)c1c(c2)cc(cc1O)C,default,5.6875,success,-11.26,,success,0.5159583333333333,288.3,2.19,3,5,86.99,1,0,-10.18,success
aloesaponol I-6-O-glucoside,OC[C@H]1OC(Oc2cc3cc4CC(O)CC(=O)c4c(c3c(c2C(=O)OC)C)O)[C@@H]([C@H]([C@@H]1O)O)O,default,6.2449,success,-4.98,,success,0.353075,478.45,-0.69,6,11,183.21,4,2,-7.33,success
aloesaponol II-6-O-glucoside,OC[C@H]1OC(Oc2cc(C)c3c(c2)cc2c(c3O)C(=O)CC(C2)O)[C@@H]([C@H]([C@@H]1O)O)O,default,6.47,success,-5.06,,success,0.37449999999999994,420.41,-0.48,6,9,156.91,3,1,-7.95,success
aloesaponol III-8-O-glucoside,OC[C@H]1OC(Oc2cc(C)cc3c2c(O)c2c(c3)C(O)CCC2=O)[C@@H]([C@H]([C@@H]1O)O)O,default,6.4014,success,-5.48,,success,0.3827833333333333,420.41,0.04,6,9,156.91,3,1,-8.14,success
aloesaponol IV-8-O-glucoside,OC[C@H]1OC(Oc2cc(C)cc3c2c(O)c2c(c3)C(O)CC(C2=O)OC)[C@@H]([C@H]([C@@H]1O)O)O,default,6.3685,success,-5.04,,success,0.365375,450.44,-0.33,6,10,166.14,4,1,-7.76,success
prechrysophanol,O=C1C[C@](C)(O)Cc2c1c(O)c1c(c2)cccc1O,default,5.3349,success,-10.58,,success,0.46390833333333337,258.27,2.13,3,4,77.76,0,0,-10.15,success
bianthracene II,Cc1cc(O)c2c(c1)C(=O)c1c(C2=O)c(O)c(cc1)C1(O)c2cccc(c2C(=O)c2c1cc(C)cc2O)O,default,5.9682,success,-7.9,,success,0.42735000000000006,508.48,3.73,5,8,152.36,1,1,-7.74,success
bianthracene III,Cc1cc2Cc3cc(c(cc3C(=O)c2c(c1)O)O)c1c(C)cc(c2c1C(=O)c1cccc(c1C2=O)O)O,default,5.774,success,-5.69,,success,0.3375,492.48,4.7,4,7,132.13,1,0,-8.13,success
bianthracene IV,Cc1cc(O)c2c(c1)Cc1c(C2=O)c(O)c(cc1)C1(O)c2cccc(c2C(=O)c2c1cc(C)cc2O)O,default,5.6146,success,-6.04,,success,0.33588333333333337,494.5,4.09,5,7,135.29,1,0,-8.16,success
elgonicardine,OCc1cc(O)c2c(c1)C(OC1O[C@H](CO)[C@H]([C@@H]([C@H]1O)O)O)(c1ccc3c(c1O)C(=O)c1c(C3=O)cc(cc1O)CO)c1c(C2=O)c(O)ccc1,default,6.7022,success,0.04,,success,0.22518333333333337,702.62,-0.08,10,15,271.97,6,3,-5.76,success
aloe-emodinanthrone,OCc1cc2Cc3cccc(c3C(=O)c2c(c1)O)O,default,5.4138,success,-10.65,,success,0.4728166666666667,256.26,1.73,3,4,77.76,1,0,-9.89,success
chrysophanolanthrone,Cc1cc2Cc3cccc(c3C(=O)c2c(c1)O)O,default,5.2851,success,-8.03,,success,0.3747583333333333,240.26,2.54,2,3,57.53,0,0,-10.33,success
6'-O-cinnamoyl-8-O-methyl-7-hydroxyaloin,OCc1cc(O)c2c(c1)C(C1OC(COC(=O)/C=C/c3ccccc3)C(C(C1O)O)O)c1c(C2=O)c(OC)c(cc1)O,default,6.951,success,-4.07,,success,0.38158333333333333,578.57,1.38,6,11,183.21,7,3,-6.86,success
6'-O-p-coumaroyl-7-hydroxyaloin,OCc1cc(O)c2c(c1)C(C1OC(COC(=O)/C=C/c3ccc(cc3)O)C(C(C1O)O)O)c1c(C2=O)c(O)c(cc1)O,default,7.1159,success,-2.43,,success,0.34065833333333334,580.54,0.78,8,12,214.44,6,3,-6.69,success
deacetyllittoraloin,OC[C@H]1O[C@H]([C@@H]([C@H]([C@@H]1O)O)O)[C@@]1(O)c2cc(COC(=O)[C@@H]([C@@H](O)C)C)cc(c2C(=O)c2c1cccc2O)O,default,6.4486,success,-5.01,,success,0.37105,534.51,-1.22,8,12,214.44,6,3,-6.46,success
homonataloin,OC[C@H]1O[C@H]([C@@H]([C@H]([C@@H]1O)O)O)C1c2cc(C)cc(c2C(=O)c2c1ccc(c2OC)O)O,default,6.5174,success,-5.44,,success,0.39111666666666667,432.43,-0.07,6,9,156.91,3,1,-8.06,success
10-hydroxyaloin A,OCc1cc(O)c2c(c1)[C@@](O)([C@@H]1O[C@H](CO)[C@H]([C@@H]([C@H]1O)O)O)c1c(C2=O)c(O)ccc1,default,6.3343,success,-4.82,,success,0.3551916666666667,434.4,-1.79,8,10,188.14,3,1,-7.49,success
10-hydroxyaloin B,OCc1cc(O)c2c(c1)[C@](O)([C@@H]1O[C@H](CO)[C@H]([C@@H]([C@H]1O)O)O)c1c(C2=O)c(O)ccc1,default,6.3343,success,-5.36,,success,0.37319166666666664,434.4,-1.79,8,10,188.14,3,1,-7.49,success
5-hydroxyaloin A,OCc1cc(O)c2c(c1)[C@@H]([C@@H]1O[C@H](CO)[C@H]([C@@H]([C@H]1O)O)O)c1c(C2=O)c(O)ccc1O,default,6.7924,success,-4.75,,success,0.39103333333333334,434.4,-1.19,8,10,188.14,3,1,-7.65,success
7-hydroxyaloin,OCC1OC(C(C(C1O)O)O)C1c2cc(CO)cc(c2C(=O)c2c1ccc(c2O)O)O,default,6.7092,success,-4.68,,success,0.3817666666666667,434.4,-1.19,8,10,188.14,3,1,-7.57,success
7-hydroxyaloin-6'-O-monoacetate,OCc1cc(O)c2c(c1)C(C1OC(COC(=O)C)C(C(C1O)O)O)c1c(C2=O)c(O)c(cc1)O,default,6.7337,success,-4.6,,success,0.3811416666666666,476.43,-0.61,7,11,194.21,4,2,-7.27,success
"7-hydroxyaloin-4',6'-O-diacetate",OCc1cc(O)c2c(c1)C(C1OC(COC(=O)C)C(C(C1O)O)OC(=O)C)c1c(C2=O)c(O)c(cc1)O,default,6.9303,success,-5.35,,success,0.422525,518.47,-0.04,6,12,200.28,5,3,-6.96,success
littoraloin,CC(=O)OC[C@H]1O[C@H]([C@@H]([C@H]([C@@H]1O)O)O)[C@@]1(O)c2cc(COC(=O)[C@@H]([C@@H](O)C)C)cc(c2C(=O)c2c1cccc2O)O,default,6.5577,success,-2.59,,success,0.299475,576.55,-0.65,7,13,220.51,7,3,-6.43,success
8-O-methyl-7-hydroxyaloin,OCC1OC(C(C(C1O)O)O)C1c2cc(CO)cc(c2C(=O)c2c1ccc(c2OC)O)O,default,6.5837,success,-5.16,,success,0.38730833333333337,448.42,-0.88,7,10,177.14,4,1,-7.59,success
microstigmin A,OCc1cc(O)c2c(c1)[C@@H]([C@@H]1O[C@H](COC(=O)/C=C/c3ccc(c(c3)O)O)[C@H]([C@@H]([C@H]1O)O)O)c1c(C2=O)c(O)ccc1O,default,7.2478,success,-2.67,,success,0.35965,596.54,0.49,9,13,234.67,6,3,-6.57,success
nataloin,OCC1OC(C(C(C1O)O)O)C1c2cc(C)cc(c2C(=O)c2c1ccc(c2O)O)O,default,6.6537,success,-5.31,,success,0.3981416666666666,418.4,-0.37,7,9,167.91,2,1,-8.02,success
"CA-12 (1,1-diphenylethane derivative)",Oc1ccc(cc1)C(c1c(C)cc(cc1O)O)C,default,5.6716,success,-8.61,,success,0.42629999999999996,244.29,3.26,3,3,60.69,2,0,-10.18,success
methyl-p-coumarate,COC(=O)/C=C/c1ccc(cc1)O,default,4.3277,success,-8.91,,success,0.3243083333333333,178.19,1.58,1,3,46.53,2,0,-9.85,success
pluridone,CSC(=O)/C=C/OCC(=O)c1ccccc1,default,4.3019,success,-7.52,,success,0.275825,236.29,2.29,0,4,43.37,5,0,-9.82,success
feroxidin,O[C@@H]1C[C@@H](C)c2c(C1)cc(cc2O)O,default,5.1893,success,-8.19,,success,0.3721083333333333,194.23,1.51,3,3,60.69,0,0,-10.04,success
feroxin A,OC[C@H]1OC(OC2CC(C)c3c(C2)cc(cc3O)O)[C@@H]([C@H]([C@@H]1O)O)O,default,6.0629,success,-6.61,,success,0.3922416666666667,356.37,-0.67,6,8,139.84,3,1,-8.58,success
feroxin B,O=C(OC[C@H]1OC(OC2CC(C)c3c(C2)cc(cc3O)O)[C@@H]([C@H]([C@@H]1OC(=O)/C=C/c1ccc(cc1)O)O)O)/C=C/c1ccc(cc1)O,default,6.6666,success,-3.5,,success,0.3388833333333333,648.66,3.27,6,12,192.44,9,3,-6.46,success
isoeleutherol,COc1cccc2c1c(O)c1c(c2)C(=O)O[C@H]1C,default,5.0663,success,-8.48,,success,0.371525,244.25,2.79,1,4,55.76,1,0,-10.35,success
isoeleutherol-5-O-glucoside,OC[C@H]1OC(Oc2cccc3c2c(O)c2c(c3)C(=O)O[C@@H]2C)[C@@H]([C@H]([C@@H]1O)O)O,default,5.9332,success,-5.02,,success,0.32843333333333335,392.36,-0.04,5,9,145.91,3,0,-8.46,success
5-OH-3-methylnaphtho[2-3-c]furan-4(9H)-one,OC1=CC=CC2C1C(=O)c1c(C2)coc1C,default,5.5775,success,-8.34,,success,0.40945833333333326,216.24,2.57,1,3,50.44,0,0,-10.5,success
"5-OH-3-methylnaphtho[2-3-c]furan-4,9-dione",OC1=CC=CC2C1C(=O)c1c(C2=O)coc1C,default,5.5416,success,-8.18,,success,0.40113333333333334,230.22,2.21,1,4,67.51,0,0,-10.31,success
5-OH-3-methylnaphtho[2-3-c]furan-4(1H)-one,OC1=CC=CC2C1C(=O)C1=C(C)OCC1C2,default,5.7051,success,-7.39,,success,0.38842499999999996,218.25,2.12,1,3,46.53,0,0,-10.14,success
plicataloside,OC[C@H]1O[C@@H](Oc2c(C)cc3c(c2O)c(ccc3)O[C@@H]2O[C@H](CO)[C@H]([C@@H]([C@H]2O)O)O)[C@@H]([C@H]([C@@H]1O)O)O,default,5.976,success,-5.29,,success,0.34099999999999997,514.48,-2.79,9,13,218.99,6,3,-6.21,success
aloeresin A,OC[C@H]1O[C@H]([C@@H]([C@H]([C@@H]1O)O)OC(=O)/C=C/c1ccc(cc1)O)c1c(O)cc(c2c1oc(CC(=O)C)cc2=O)C,default,6.8183,success,-7.18,,success,0.4741916666666666,540.52,1.42,5,11,183.96,7,2,-7.2,success
2'-O-p-coumaroylaloesin,OC[C@H]1O[C@H]([C@@H]([C@@H]([C@@H]1O)O)OC(=O)c1ccc(=O)oc1)c1c(O)cc(c2c1oc(CC(=O)C)cc2=O)C,default,6.7652,success,-5.05,,success,0.3987666666666667,516.46,0.27,4,12,193.94,6,2,-7.23,success
aloeresin C,OC[C@@H]1O[C@@H]([C@H]([C@@H]([C@H]1O)O)OC(=O)/C=C/c1ccc(cc1)O)c1c(OC2O[C@H](CO)[C@H]([C@@H]([C@H]2O)O)O)cc(c2c1oc(CC(=O)C)cc2=O)C,default,6.9679,success,-0.77,,success,0.2729916666666667,702.66,-1.1,8,16,263.11,10,3,-5.45,success
aloeresin D,OC[C@H]1O[C@H]([C@@H]([C@H]([C@@H]1O)O)OC(=O)/C=C/c1ccc(cc1)O)c1c(OC)cc(c2c1oc(C[C@H](O)C)cc2=O)C,default,6.9457,success,-4.96,,success,0.41080833333333333,556.56,1.52,5,11,176.12,8,2,-7.11,success
aloeresin E,OC[C@@H]1O[C@@H]([C@H]([C@@H]([C@H]1O)O)OC(=O)/C=C/c1ccccc1)c1c(OC2O[C@H](CO)[C@H]([C@@H]([C@H]2O)O)O)cc(c2c1oc(CC(=O)C)cc2=O)C,default,6.8332,success,-1.03,,success,0.2704333333333333,686.66,-0.81,7,15,242.88,10,3,-5.58,success
aloeresin F,OC[C@@H]1O[C@@H]([C@H]([C@@H]([C@H]1O)O)OC(=O)/C=C/c1ccccc1)c1c(O)cc(c2c1oc(CC(=O)C)cc2=O)C,default,6.7205,success,-7.04,,success,0.46137500000000004,524.52,1.72,4,10,163.73,7,1,-7.59,success
aloeresin B,OC[C@H]1OC([C@@H]([C@H]([C@@H]1O)O)O)c1c(O)cc(c2c1oc(CC(=O)C)cc2=O)C,default,6.318,success,-5.17,,success,0.36549999999999994,394.38,-0.55,5,9,157.66,4,0,-8.24,success
aloesol,CC(Cc1cc(=O)c2c(o1)cc(cc2C)O)O,default,5.9319,success,-8.85,,success,0.45599166666666663,234.25,1.73,2,4,70.67,2,0,-10.13,success
aloesone,CC(=O)Cc1cc(=O)c2c(o1)cc(cc2C)O,default,5.5317,success,-8.88,,success,0.4236416666666667,232.23,1.94,1,4,67.51,2,0,-10.2,success
"2-(carboxyethenyl)-5,7-dihydroxychromone",OC(=O)/C=C/c1cc(=O)c2c(o1)cc(cc2O)O,default,5.0223,success,-8.65,,success,0.37352500000000005,248.19,1.3,3,5,107.97,2,0,-9.53,success
2'-O-formoylaloesin,O=CO[C@H]1[C@H](O)[C@@H](O)[C@@H](OC1c1c(O)cc(c2c1oc(CC(=O)C)cc2=O)O)CO,default,6.2851,success,-5.37,,success,0.369425,424.36,-0.97,5,11,183.96,6,1,-7.55,success
furoaloesone,CC(=O)Cc1cc(=O)c2c(o1)c1ccoc1cc2C,default,5.5736,success,-9.59,,success,0.4508,256.26,2.98,0,4,60.42,2,0,-10.03,success
"7-hydroxy-2,5-dimethylchromone",Oc1cc(C)c2c(c1)oc(cc2=O)C,default,5.322,success,-8.62,,success,0.3975,190.2,2.12,1,3,50.44,0,0,-10.2,success
iso-aloeresin A,OC[C@@H]1OC([C@H]([C@@H]([C@H]1O)O)OC(=O)/C=C\c1ccc(cc1)O)c1c(O)cc(c2c1oc(CC(=O)C)cc2=O)O,default,6.5429,success,-6.8,,success,0.43857500000000005,542.49,0.82,6,12,204.19,7,3,-6.8,success
7-O-methylaloesin,OC[C@H]1O[C@H]([C@@H]([C@H]([C@@H]1O)O)O)c1c(OC)cc(c2c1oc(CC(=O)C)cc2=O)C,default,6.1964,success,-5.09,,success,0.35269999999999996,408.4,-0.24,4,9,146.66,5,0,-8.28,success
2'-p-O-methylcoumaroylaloesin,OC[C@@H]1OC([C@H]([C@@H]([C@H]1O)O)OC(=O)/C=C\c1ccc(cc1)C)c1c(O)cc(c2c1oc(CC(=O)C)cc2=O)O,default,6.6443,success,-7.14,,success,0.4583583333333333,540.52,1.42,5,11,183.96,7,2,-7.19,success
rabaichromone,OC[C@@H]1O[C@@H]([C@H]([C@@H]([C@H]1O)O)OC(=O)/C=C/c1ccc(c(c1)O)O)c1c(OC)cc(c2c1oc(C[C@@H](O)C)cc2=O)C,default,7.197,success,-4.21,,success,0.40675000000000006,572.56,1.22,6,12,196.35,8,3,-6.68,success
2'-O-tigloylaloesin,OC[C@@H]1OC([C@H]([C@@H]([C@H]1O)O)OC(=O)/C(=C/C)/C)c1c(O)cc(c2c1oc(CC(=O)C)cc2=O)O,default,6.2521,success,-4.59,,success,0.34067500000000006,478.45,0.37,5,11,183.96,6,1,-7.54,success
dihydroisocoumarin glucoside,OC[C@H]1OC(Oc2cc(O)cc(c2C(=O)C)CC2OC(=O)c3c(C2)cc(cc3O)O)[C@@H]([C@H]([C@@H]1O)O)O,default,6.548,success,-5.48,,success,0.395,506.46,-0.49,7,12,203.44,6,3,-6.72,success
feralolide,Oc1cc(C[C@H]2OC(=O)c3c(C2)cc(cc3O)O)c(c(c1)O)C(=O)C,default,5.8652,success,-9.98,,success,0.4881,344.32,2.04,4,7,124.29,3,0,-9.49,success
aloenin,OC[C@H]1O[C@@H](Oc2cc(O)cc(c2c2cc(OC)cc(=O)o2)C)[C@@H]([C@H]([C@@H]1O)O)O,default,6.4738,success,-5.02,,success,0.3734833333333333,410.38,-0.49,5,10,159.05,5,0,-8.12,success
aloenin acetal,COc1cc(=O)oc(c1)c1c(OC2OC3COC(OC3C(C2O)O)C)cc(cc1C)O,default,6.7804,success,-6.02,,success,0.4323666666666667,436.41,0.92,3,10,137.05,4,0,-8.83,success
aloenin aglycone,COc1cc(=O)oc(c1)c1c(C)cc(cc1O)O,default,5.6978,success,-8.89,,success,0.43781666666666663,248.23,2.04,2,5,79.9,2,0,-10.19,success
aloenin B,OC[C@H]1O[C@@H](Oc2cc(O[C@@H]3O[C@H](CO)[C@H]([C@@H]([C@H]3O)O)O)cc(c2c2cc(OC)cc(=O)o2)C)[C@@H]([C@H]([C@@H]1O)O)OC(=O)/C=C/c1ccc(cc1)O,default,6.9745,success,-0.72,,success,0.271875,718.66,-1.05,8,17,264.5,11,3,-5.2,success
aloenin-2''-p-coumaroyl ester,OC[C@H]1O[C@@H](Oc2cc(O)cc(c2c2cc(OC)cc(=O)o2)C)[C@@H]([C@H]([C@@H]1O)O)OC(=O)/C=C/c1ccc(cc1)O,default,6.8168,success,-4.88,,success,0.3974,556.52,1.48,5,12,185.35,8,2,-7.04,success
campesterol,O[C@H]1CC[C@]2(C(=CC[C@@H]3[C@@H]2CC[C@]2([C@H]3CC[C@@H]2[C@@H](CC[C@H](C(C)C)C)C)C)C1)C,default,5.2764,success,-4.94,,success,0.27103333333333335,400.69,7.63,1,1,20.23,5,1,-8.44,success
cholesterol,CC(CCC[C@H]([C@H]1CC[C@@H]2[C@]1(C)CC[C@H]1[C@H]2CC=C2[C@]1(C)CC[C@@H](C2)O)C)C,default,5.0499,success,-4.82,,success,0.24815833333333337,386.66,7.39,1,1,20.23,5,1,-8.55,success
galacturonic acid,OC1O[C@H](C(=O)O)[C@@H]([C@@H]([C@H]1O)O)O,default,4.7018,success,-4.51,,success,0.20881666666666668,194.14,-3.13,5,6,127.45,1,0,-7.97,success
ursolic acid,C[C@@H]1CC[C@]2([C@@H]([C@H]1C)C1=CC[C@H]3[C@@]([C@@]1(CC2)C)(C)CC[C@@H]1[C@]3(C)CC[C@@H](C1(C)C)O)C(=O)O,default,4.9706,success,-6.05,,success,0.28255,456.71,7.09,2,2,57.53,1,1,-8.23,success
heptanal,CCCCCCC=O,default,4.5216,success,-4.86,,success,0.2054666666666667,114.19,2.16,0,1,17.07,5,0,-9.41,success
(E)-2-heptenal,CCCC/C=C/C=O,default,4.6688,success,-4.93,,success,0.22006666666666666,112.17,1.93,0,1,17.07,4,0,-9.31,success
octanal,CCCCCCCC=O,default,4.5216,success,-4.33,,success,0.18780000000000002,128.22,2.55,0,1,17.07,6,0,-9.43,success
nonanal,CCCCCCCCC=O,default,4.5216,success,-4.45,,success,0.19180000000000003,142.24,2.94,0,1,17.07,7,0,-9.27,success
decanal,CCCCCCCCCC=O,default,4.5216,success,-3.52,,success,0.16080000000000003,156.27,3.33,0,1,17.07,8,0,-9.12,success
(E)-2-undecenal,CCCCCCCC/C=C/C=O,default,4.7731,success,-3.73,,success,0.18875833333333336,168.28,3.49,0,1,17.07,8,0,-8.98,success
dodecanal,CCCCCCCCCCCC=O,default,4.5216,success,-1.77,,success,0.10246666666666669,184.32,4.11,0,1,17.07,10,0,-8.8,success
tridecanal,CCCCCCCCCCCCC=O,default,4.5216,success,-1.29,,success,0.08646666666666669,198.35,4.5,0,1,17.07,11,0,-8.53,success
tetradecanal,CCCCCCCCCCCCCC=O,default,4.5216,success,-1.87,,success,0.10580000000000003,212.38,4.89,0,1,17.07,12,0,-8.45,success
pentadecanal,CCCCCCCCCCCCCCC=O,default,4.5216,success,-0.16,,success,0.048800000000000024,226.4,5.28,0,1,17.07,13,1,-8.17,success
hexadecanal,CCCCCCCCCCCCCCCC=O,default,4.5216,success,-0.13,,success,0.04780000000000002,240.43,5.67,0,1,17.07,14,1,-8.09,success
4-methylphenol,Cc1ccc(cc1)O,default,4.3905,success,-7.28,,success,0.2752083333333334,108.14,1.7,1,1,20.23,0,0,-10.12,success
2-methoxyphenol,COc1ccccc1O,default,3.8159,success,-8.32,,success,0.2773333333333333,124.14,1.4,1,2,29.46,1,0,-10.07,success
3-n-propylphenol,CCCc1cccc(c1)O,default,4.9174,success,-7.15,,success,0.3147833333333333,136.19,2.34,1,1,20.23,2,0,-10.31,success
dimethyl sulfone,CS(=O)(=O)C,default,4.2225,success,-4.12,,success,0.155875,94.14,-0.34,0,2,34.14,0,0,-9.11,success
3-ethyl-2-methyl-1-heptene,CCCCC(C(=C)C)CC,default,5.0195,success,-4.14,,success,0.22295833333333331,140.27,3.78,0,0,0.0,5,0,-9.46,success
hexanal,CCCCCC=O,default,4.4733,success,-4.98,,success,0.2054416666666667,100.16,1.77,0,1,17.07,4,0,-9.36,success
(E)-2-nonenal,CCCCCC/C=C/C=O,default,4.7731,success,-4.82,,success,0.2250916666666667,140.23,2.71,0,1,17.07,6,0,-9.28,success
6-methyl-5-hepten-2-one,CC(=O)CCC=C(C)C,default,4.0395,success,-4.23,,success,0.1442916666666667,126.2,2.32,0,1,17.07,3,0,-9.77,success
2-octanone,CCCCCCC(=O)C,default,3.9894,success,-4.05,,success,0.13499999999999998,128.21,2.55,0,1,17.07,5,0,-9.65,success
2-nonanone,CCCCCCCC(=O)C,default,3.9894,success,-4.6,,success,0.15333333333333332,142.24,2.94,0,1,17.07,6,0,-9.5,success
2-decanone,CCCCCCCCC(=O)C,default,3.9894,success,-4.32,,success,0.14400000000000002,156.27,3.33,0,1,17.07,7,0,-9.35,success
2-undecanone,CCCCCCCCCC(=O)C,default,3.9894,success,-3.53,,success,0.11766666666666666,170.3,3.72,0,1,17.07,8,0,-9.19,success
2-dodecanone,CCCCCCCCCCC(=O)C,default,3.9894,success,-1.17,,success,0.039,184.32,4.11,0,1,17.07,9,0,-9.02,success
"(E)-6,10-dimethyl-5,9-undecadien-2-one",C/C(=C\CCC(=O)C)/CCC=C(C)C,default,4.3248,success,-1.96,,success,0.09239999999999997,194.32,4.05,0,1,17.07,6,0,-9.35,success
delta-octalactone,CCCC1CCCC(=O)O1,default,5.046,success,-6.37,,success,0.29950000000000004,142.2,1.88,0,2,26.3,2,0,-9.78,success
3-isopropyl-6-methylphenol,CC(c1ccc(c(c1)O)C)C,default,5.2743,success,-7.51,,success,0.35652500000000004,150.22,2.82,1,1,20.23,1,0,-10.34,success
pentanoic acid,CCCCC(=O)O,default,3.7166,success,-7.85,,success,0.26166666666666666,102.13,1.26,1,1,37.3,3,0,-9.41,success
hexanoic acid,CCCCCC(=O)O,default,3.8827,success,-7.61,,success,0.25366666666666665,116.16,1.65,1,1,37.3,4,0,-9.42,success
heptanoic acid,CCCCCCC(=O)O,default,3.939,success,-7.96,,success,0.2653333333333333,130.19,2.04,1,1,37.3,5,0,-9.47,success
octanoic acid,CCCCCCCC(=O)O,default,3.939,success,-7.29,,success,0.243,144.21,2.43,1,1,37.3,6,0,-9.51,success
nonanoic acid,CCCCCCCCC(=O)O,default,3.939,success,-7.85,,success,0.26166666666666666,158.24,2.82,1,1,37.3,7,0,-9.39,success
decanoic acid,CCCCCCCCCC(=O)O,default,3.939,success,-7.34,,success,0.24466666666666667,172.27,3.21,1,1,37.3,8,0,-9.24,success
toluene,Cc1ccccc1,default,4.1437,success,-4.84,,success,0.17330833333333331,92.14,2.0,0,0,0.0,0,0,-10.23,success
1-octene,CCCCCCC=C,default,4.3836,success,-4.86,,success,0.1939666666666667,112.22,3.14,0,0,0.0,5,0,-9.43,success
(E)-4-octene,CCC/C=C/CCC,default,4.267,success,-4.15,,success,0.16058333333333336,112.22,3.14,0,0,0.0,4,0,-9.66,success
mansumbinone,O=C1CC[C@]2([C@H](C1(C)C)CCC1([C@@H]2CC[C@H]2C1(C)CC=C2)C)C,default,4.9579,success,-3.64,,success,0.20115833333333338,314.51,5.79,0,1,17.07,0,1,-9.47,success
mansumbinol,O[C@H]1CC[C@]2([C@H](C1(C)C)CC[C@@]1([C@@H]2CC[C@H]2[C@@]1(C)CC=C2)C)C,default,4.5733,success,-6.18,,success,0.253775,316.53,5.58,1,1,20.23,0,1,-9.61,success
"(16S,20R)-dihydroxydammar-24-en-3-one",CC(=CCC[C@]([C@@H]1CC[C@@]2(C1CC[C@@H]1[C@]2(C)CCC2[C@@]1(C)CCC(=O)C2(C)C)O)(O)C)C,default,5.5815,success,-5.92,,success,0.329125,444.7,6.46,2,3,57.53,4,1,-8.25,success
15alpha-hydroxymansumbinone,O=C1CC[C@]2([C@H](C1(C)C)CC[C@@]1([C@@H]2CC[C@H]2[C@@]1(C)[C@@H](O)C=C2)C)C,default,5.1574,success,-8.17,,success,0.3687833333333333,330.51,4.76,1,2,37.3,0,0,-9.95,success
28-acetoxy-15alpha-hydroxymansumbinone,CC(=O)OC[C@]1(C)C(=O)CC[C@]2([C@H]1CC[C@@]1([C@@H]2CC[C@H]2[C@@]1(C)[C@@H](O)C=C2)C)C,default,5.1724,success,-7.86,,success,0.35969999999999996,388.55,4.3,1,4,63.6,2,0,-9.45,success
T-cadinol,CC1=C[C@@H]2[C@@H](CC1)[C@@](C)(O)CC[C@H]2C(C)C,default,4.7408,success,-6.86,,success,0.29040000000000005,222.37,3.78,1,1,20.23,1,0,-10.05,success
4-carene,CC1C=CC2C(C1)C2(C)C,default,4.4774,success,-4.81,,success,0.2001166666666667,136.24,2.85,0,0,0.0,0,0,-10.01,success
gamma-terpinene,CC1=CCC(=CC1)C(C)C,default,4.8679,success,-4.44,,success,0.220325,136.24,3.31,0,0,0.0,1,0,-9.91,success
phenylacetaldehyde,O=CCc1ccccc1,default,4.3572,success,-5.18,,success,0.2024333333333333,120.15,1.43,0,1,17.07,2,0,-9.89,success
2-nonen-4-one,CCCCCC(=O)/C=C/C,default,4.4517,success,-4.49,,success,0.18730833333333333,140.23,2.71,0,1,17.07,5,0,-9.47,success
"cyclopropane-1,2-dimetbyl-1-pentyl",CCCCCC1(C)CC1C,default,4.5662,success,-4.04,,success,0.18185,140.27,3.61,0,0,0.0,4,0,-9.6,success
germacrene B,C/C/1=C\CC/C(=C/CC(=C(C)C)CC1)/C,default,5.0056,success,-1.79,,success,0.1434666666666667,204.36,5.18,0,0,0.0,0,1,-9.49,success
"cyclopropane-1,1,2-trimethyl",CC1CC1(C)C,default,4.0506,success,-4.34,,success,0.14888333333333334,84.16,2.05,0,0,0.0,0,0,-9.9,success
linalol,C=CC(CCC=C(C)C)(O)C,default,4.8329,success,-6.12,,success,0.27340833333333336,154.25,2.67,1,1,20.23,4,0,-9.89,success
4-terpinenyl,CC1=CCC(CC1)(O)C(C)C,default,4.7705,success,-6.46,,success,0.2795416666666667,154.25,2.5,1,1,20.23,1,0,-10.15,success
linalyl-propanoate,CCC(=O)OC(CCC=C(C)C)(C=C)C,default,4.8037,success,-6.21,,success,0.27397499999999997,210.32,3.63,0,2,26.3,6,0,-9.37,success
"7-octen-1-ol,2-methyl-6-methylene",OCC(CCCC(=C)C=C)C,default,4.8183,success,-6.38,,success,0.2808583333333333,154.25,2.53,1,1,20.23,6,0,-9.62,success
"trans-1(2H)-naphthalenone-3,4,4a,5,8,8a-hexahydro-8-methyl",O=C1CCCC2C1C(C)C=CC2,default,5.0122,success,-3.53,,success,0.20201666666666665,164.25,2.57,0,1,17.07,0,0,-10.17,success
4-hydroxy-2-methylacetophenone,Oc1ccc(c(c1)C)C(=O)C,default,4.8162,success,-8.81,,success,0.36168333333333336,150.18,1.9,1,2,37.3,1,0,-10.14,success
cedr-8-ene,CC1=CCC23CC1C(C)(C)[C@@H]2CC[C@H]3C,default,4.9592,success,-2.22,,success,0.15393333333333337,204.36,4.42,0,0,0.0,0,0,-9.91,success
alloaramadendrene,C[C@@H]1CC[C@H]2[C@@H]1[C@H]1[C@H](C1(C)C)CCC2=C,default,4.9086,success,-2.58,,success,0.16171666666666668,204.36,4.27,0,0,0.0,0,0,-9.91,success
delta-cadinene,CC1=C[C@@H]2C(=C(C)CC[C@H]2C(C)C)CC1,default,5.1852,success,-2.75,,success,0.19043333333333334,204.36,4.73,0,0,0.0,1,0,-9.75,success
"(3S,6Z)-3,7,11-trimethyl-1,6,10-dodecatrien-3-ol",C=C[C@](CC/C=C(\CCC=C(C)C)/C)(O)C,default,5.0699,success,-3.69,,success,0.21215833333333328,222.37,4.4,1,1,20.23,7,0,-9.34,success
(-)-spathulenol,C=C1CCC2C(C3C1CCC3(C)O)C2(C)C,default,4.4918,success,-6.57,,success,0.2599833333333333,220.36,3.39,1,1,20.23,0,0,-10.21,success
alpha-farnesene,C=C/C(=C/C/C=C(/CCC=C(C)C)\C)/C,default,4.7224,success,-1.34,,success,0.10486666666666669,204.36,5.2,0,0,0.0,6,1,-8.79,success
alpha-Guainene,CC(=C)[C@@H]1CC[C@@H](C2=C(C1)[C@@H](C)CC2)C,default,4.6316,success,-2.92,,success,0.14996666666666664,204.36,4.73,0,0,0.0,1,0,-9.72,success
(E)-isoeugenol,C/C=C/c1ccc(c(c1)OC)O,default,4.9977,success,-8.62,,success,0.370475,164.2,2.43,1,2,29.46,2,0,-10.39,success
alpha-pinene,CC1=CCC2CC1C2(C)C,default,4.7469,success,-4.08,,success,0.19824166666666668,136.24,3.0,0,0,0.0,0,0,-10.04,success
camphene,C=C1C2CCC(C1(C)C)C2,default,4.7423,success,-4.13,,success,0.199525,136.24,3.0,0,0,0.0,0,0,-9.98,success
beta-pinene,C=C1CCC2CC1C2(C)C,default,4.6443,success,-4.76,,success,0.21235833333333334,136.24,3.0,0,0,0.0,0,0,-9.99,success
o-xylene,Cc1ccccc1C,default,4.0012,success,-6.0,,success,0.2001,106.17,2.3,0,0,0.0,0,0,-10.33,success
m-xylene,Cc1cccc(c1)C,default,4.4679,success,-5.45,,success,0.22065833333333335,106.17,2.3,0,0,0.0,0,0,-10.33,success
p-xylene,Cc1ccc(cc1)C,default,4.0138,success,-5.09,,success,0.17081666666666664,106.17,2.3,0,0,0.0,0,0,-10.35,success
isopropylbenzene,CC(c1ccccc1)C,default,4.3278,success,-5.96,,success,0.2259833333333333,120.19,2.81,0,0,0.0,1,0,-10.3,success
beta-myrcene,C=CC(=C)CCC=C(C)C,default,4.4284,success,-4.77,,success,0.19469999999999996,136.24,3.48,0,0,0.0,4,0,-9.46,success
4-terpinenyl acetate,CC(=O)OC1(CCC(=CC1)C)C(C)C,default,4.9452,success,-6.47,,success,0.2944333333333333,196.29,3.07,0,2,26.3,2,0,-9.85,success
limonene,CC1=CC[C@@H](CC1)C(=C)C,default,4.8068,success,-4.16,,success,0.20589999999999997,136.24,3.31,0,0,0.0,1,0,-9.9,success
n-propylbenzene,CCCc1ccccc1,default,4.1444,success,-5.99,,success,0.21170000000000003,120.19,2.64,0,0,0.0,2,0,-10.28,success
alpha-phellandrene,CC1=CC[C@H](C=C1)C(C)C,default,5.1609,success,-4.58,,success,0.24940833333333334,136.24,3.16,0,0,0.0,1,0,-9.98,success
undecane,CCCCCCCCCCC,default,3.9322,success,-2.26,,success,0.07533333333333332,156.31,4.54,0,0,0.0,8,0,-9.06,success
"(E,E)2,4-nonadienal",CCCC/C=C/C=C/C=O,default,4.7394,success,-4.08,,success,0.19761666666666666,138.21,2.49,0,1,17.07,5,0,-9.32,success
beta-ocimene,C=C/C(=C/CC=C(C)C)/C,default,4.32,success,-4.46,,success,0.17533333333333337,136.24,3.48,0,0,0.0,3,0,-9.57,success
styrene,C=Cc1ccccc1,default,4.1817,success,-5.03,,success,0.18280833333333338,104.15,2.33,0,0,0.0,1,0,-10.27,success
alpha-ocimene,C=C/C(=C/CCC(=C)C)/C,default,4.5192,success,-4.8,,success,0.20326666666666665,136.24,3.48,0,0,0.0,4,0,-9.46,success
4-methylstyrene,C=Cc1ccc(cc1)C,default,4.6697,success,-5.03,,success,0.223475,118.18,2.64,0,0,0.0,1,0,-10.31,success
p-cymene,Cc1ccc(cc1)C(C)C,default,4.8126,success,-5.06,,success,0.2363833333333333,134.22,3.12,0,0,0.0,1,0,-10.26,success
alpha-terpinolene,CC1=CCC(=C(C)C)CC1,default,4.8519,success,-4.61,,success,0.2246583333333333,136.24,3.45,0,0,0.0,0,0,-9.92,success
2-octen-4-one,CCCCC(=O)/C=C/C,default,4.3082,success,-4.61,,success,0.17935000000000004,126.2,2.32,0,1,17.07,4,0,-9.67,success
3-phenylpropyl acetate,CC(=O)OCCCc1ccccc1,default,3.9138,success,-7.68,,success,0.256,178.23,2.18,0,2,26.3,4,0,-9.99,success
alpha-methylstyrene,CC(=C)c1ccccc1,default,3.9364,success,-5.2,,success,0.17333333333333334,118.18,2.72,0,0,0.0,1,0,-10.36,success
4-nonanone,CCCCCC(=O)CCC,default,4.0056,success,-4.37,,success,0.14613333333333337,142.24,2.94,0,1,17.07,6,0,-9.5,success
"3,4-dimethyl-octane",CCCCC(C(CC)C)C,default,4.724,success,-3.64,,success,0.1816666666666667,142.29,3.86,0,0,0.0,5,0,-9.54,success
1-hexanol,CCCCCCO,default,4.1977,success,-6.22,,success,0.22380833333333333,102.18,1.56,1,1,20.23,4,0,-9.49,success
citronellyl formate,O=COCCC(CCC=C(C)C)C,default,5.0429,success,-5.78,,success,0.279575,184.28,2.93,0,2,26.3,7,0,-9.26,success
"AR,alpha-dimethylstyrene",Cc1cccc(c1)C(=C)C,default,4.6938,success,-5.23,,success,0.23215000000000005,132.21,3.03,0,0,0.0,1,0,-10.28,success
linalool oxide,C=C[C@@]1(C)CC[C@@H](O1)C(O)(C)C,default,4.7185,success,-7.66,,success,0.3152083333333333,170.25,1.88,1,2,29.46,2,0,-9.9,success
1-methyl-4-methylene-cycloheptane,CC1CCCC(=C)CC1,default,4.4855,success,-3.6,,success,0.16045833333333334,124.23,3.14,0,0,0.0,0,0,-9.83,success
1-heptanol,CCCCCCCO,default,4.1977,success,-6.84,,success,0.24447500000000003,116.2,1.95,1,1,20.23,5,0,-9.54,success
1-heptyl-2-methyl-cyclopropane,CCCCCCCC1CC1C,default,4.6478,success,-2.91,,success,0.15098333333333336,154.3,4.0,0,0,0.0,6,0,-9.37,success
(E)-solanone,CC(=O)CC[C@H](C(C)C)/C=C/C(=C)C,default,4.9217,success,-3.88,,success,0.2061416666666667,194.32,3.76,0,1,17.07,6,0,-9.47,success
alpha-cubebene,CC([C@@H]1CC[C@H]([C@]23[C@H]1[C@H]2C(=CC3)C)C)C,default,5.1791,success,-2.59,,success,0.18459166666666665,204.36,4.27,0,0,0.0,1,0,-9.86,success
copeane,CC([C@@H]1CC[C@@]2([C@@H]3[C@H]1[C@H]2C(=CC3)C)C)C,default,4.7871,success,-2.51,,success,0.1492583333333333,204.36,4.27,0,0,0.0,1,0,-9.89,success
beta-bourbonene,CC([C@@H]1CC[C@@]2([C@H]1[C@H]1C(=C)CC[C@@H]21)C)C,default,4.9126,success,-2.47,,success,0.15838333333333338,204.36,4.27,0,0,0.0,1,0,-9.85,success
(Z)-beta-farnesene,C=CC(=C)CC/C=C(\CCC=C(C)C)/C,default,4.6913,success,-0.52,,success,0.07494166666666667,204.36,5.2,0,0,0.0,7,1,-8.69,success
ledol,C[C@H]1CC[C@@H]2[C@H]1[C@@H]1[C@@H](C1(C)C)CC[C@]2(C)O,default,4.4463,success,-6.62,,success,0.25785833333333336,222.37,3.47,1,1,20.23,0,0,-10.18,success
linalyl acetate,C=CC(OC(=O)C)(CCC=C(C)C)C,default,4.7703,success,-5.63,,success,0.2518583333333333,196.29,3.24,0,2,26.3,5,0,-9.55,success
(E)-2-nonenal,CCCCCC/C=C\C=O,default,4.7731,success,-4.06,,success,0.19975833333333337,140.23,2.71,0,1,17.07,6,0,-9.28,success
beta-cubebene,CC([C@@H]1CC[C@H]([C@]23[C@H]1[C@H]2C(=C)CC3)C)C,default,4.8757,success,-2.74,,success,0.16430833333333333,204.36,4.27,0,0,0.0,1,0,-9.91,success
cis-sabinenehydrate,CC(C12CCC(C1C2)(C)O)C,default,4.8824,success,-6.36,,success,0.2855333333333333,154.25,2.19,1,1,20.23,1,0,-10.09,success
Umbellulone,CC1=CC(=O)C2(C1C2)C(C)C,default,5.0448,success,-4.19,,success,0.2267333333333334,150.22,2.18,0,1,17.07,1,0,-9.92,success
alpha-humulene,C/C/1=C\CC(C)(C)/C=C/C/C(=C/CC1)/C,default,4.6519,success,-1.9,,success,0.11765833333333336,204.36,5.04,0,0,0.0,0,1,-9.55,success
(E)-beta-farnesene,C=CC(=C)CC/C=C(/CCC=C(C)C)\C,default,4.6913,success,-0.93,,success,0.08860833333333334,204.36,5.2,0,0,0.0,7,1,-8.69,success
1-alpha-terpineol,CC1=CCC(CC1)C(O)(C)C,default,4.6109,success,-6.04,,success,0.2522416666666667,154.25,2.5,1,1,20.23,1,0,-10.06,success
ledene,C[C@@H]1CCC2=C(C)CC[C@@H]3[C@H]([C@H]12)C3(C)C,default,4.9599,success,-2.25,,success,0.1549916666666667,204.36,4.42,0,0,0.0,0,0,-9.88,success
gamma-cadinene,CC1=C[C@H]2[C@H](CC1)C(=C)CC[C@@H]2C(C)C,default,5.141,success,-2.06,,success,0.16375,204.36,4.58,0,0,0.0,1,0,-9.86,success
cadinene,CC1=C[C@@H]2[C@@H](CC1)C(=CC[C@H]2C(C)C)C,default,5.3459,success,-2.48,,success,0.19482500000000003,204.36,4.58,0,0,0.0,1,0,-9.76,success
myrtenol,OCC1=CCC2CC1C2(C)C,default,4.653,success,-6.67,,success,0.27674999999999994,152.24,1.97,1,1,20.23,1,0,-9.92,success
(-)-alpha-muurolene,CC1=C[C@@H]2[C@H](CC1)C(=CC[C@H]2C(C)C)C,default,5.3459,success,-2.47,,success,0.1944916666666667,204.36,4.58,0,0,0.0,1,0,-9.76,success
"p-mentha-1(7),8(10)-dien-9-ol",OCC(=C)C1CCC(=C)CC1,default,4.6753,success,-6.95,,success,0.28794166666666665,152.24,2.28,1,1,20.23,2,0,-10.01,success
p-cymen-8-ol,Cc1ccc(cc1)C(O)(C)C,default,4.6121,success,-7.37,,success,0.296675,150.22,2.22,1,1,20.23,1,0,-10.39,success
"trans-trans-octa-2,4-dienyl acetate",C/C(=C\COC(=O)C)/CCC=C(C)C,default,4.4885,success,-5.69,,success,0.23037500000000002,196.29,3.24,0,2,26.3,5,0,-9.54,success
germacrene D,C/C/1=C/CCC(=C)/C=C\C(CC1)C(C)C,default,5.5168,success,-2.97,,success,0.2254,204.36,4.89,0,0,0.0,1,0,-9.72,success
palustrol,C[C@@H]1CC[C@]2([C@@H]1[C@H]1[C@H](C1(C)C)CC[C@@H]2C)O,default,4.4094,success,-6.8,,success,0.2607833333333333,222.37,3.47,1,1,20.23,0,0,-10.26,success
patchoulane,CC1CCC23C1CC(C2(C)C)CCC3C,default,4.837,success,-2.55,,success,0.15474999999999997,206.37,4.49,0,0,0.0,0,0,-9.9,success
(-)-globulol,C[C@@H]1CC[C@@H]2[C@@H]1[C@H]1[C@H](C1(C)C)CC[C@@]2(C)O,default,4.4463,success,-6.46,,success,0.252525,222.37,3.47,1,1,20.23,0,0,-10.18,success
beta-cedrene,C=C1CC[C@@]23C[C@@H]1C(C)(C)[C@@H]2CC[C@H]3C,default,4.8655,success,-2.36,,success,0.15079166666666666,204.36,4.42,0,0,0.0,0,0,-9.86,success
"1,2,3,4,4a,7-hexahydro-1,6-dimethyl-4-(1-methylethyl)naphthalene",CC1=CC2C(=CC1)C(C)CCC2C(C)C,default,5.3733,success,-2.17,,success,0.18677500000000002,204.36,4.58,0,0,0.0,1,0,-9.82,success
delta-cadinol,CC1=CC2C(CC1)[C@@](C)(O)CC[C@H]2C(C)C,default,4.7408,success,-6.27,,success,0.2707333333333333,222.37,3.78,1,1,20.23,1,0,-10.05,success
terreyol,CC1=CC2C(CC1)[C@](C)(O)CC[C@H]2C(C)C,default,4.7408,success,-6.17,,success,0.2674,222.37,3.78,1,1,20.23,1,0,-10.05,success
"2,4-diphenyl-4-methyl-2-(Z)-pentene",C/C(=C/C(c1ccccc1)(C)C)/c1ccccc1,default,4.551,success,-2.34,,success,0.12391666666666667,236.36,5.07,0,0,0.0,3,1,-9.72,success
nonadecane,CCCCCCCCCCCCCCCCCCC,default,3.9322,success,-3.4,,success,0.11333333333333333,268.53,7.66,0,0,0.0,16,1,-7.85,success
2-methyl-2-phenyl pentadecane,CCCCCCCCCCCCCC(c1ccccc1)(C)C,default,4.3238,success,-4.24,,success,0.1683166666666667,302.55,7.67,0,0,0.0,13,1,-8.15,success
calemenene,CC([C@H]1CC[C@H](c2c1cc(C)cc2)C)C,default,5.3355,success,-3.55,,success,0.22962499999999997,202.34,4.63,0,0,0.0,1,0,-10.13,success
"2,4-diphenyl-4-methyl-2-(E) pentene",C/C(=C\C(c1ccccc1)(C)C)/c1ccccc1,default,4.551,success,-2.74,,success,0.13725,236.36,5.07,0,0,0.0,3,1,-9.72,success
4 t-butyl-2-(dimethyl benzyl) phenol,Oc1ccc(cc1C(c1ccccc1)(C)C)C(C)(C)C,default,5.5112,success,-7.29,,success,0.36893333333333334,268.4,5.02,1,1,20.23,2,1,-9.96,success
9-octylheptadecane,CCCCCCCCC(CCCCCCCC)CCCCCCCC,default,4.5255,success,-2.86,,success,0.139125,352.69,9.85,0,0,0.0,21,1,-7.98,success
alpha-thujene,CC1=CC[C@@]2([C@H]1C2)C(C)C,default,5.066,success,-4.37,,success,0.2345,136.24,3.0,0,0,0.0,1,0,-9.96,success
canaric acid,OC(=O)CC[C@@]1(C)[C@@H](CC[C@@]2([C@@H]1CC[C@H]1[C@@]2(C)CC[C@@]2([C@@H]1[C@@H](CC2)C(=C)C)C)C)C(=C)C,default,4.9869,success,-5.56,,success,0.267575,440.71,8.28,1,1,37.3,5,1,-8.02,success
alpha-amyrin,C[C@@H]1CC[C@]2([C@@H]([C@H]1C)C1=CC[C@H]3[C@@]([C@@]1(CC2)C)(C)CC[C@@H]1[C@]3(C)CC[C@@H](C1(C)C)O)C,default,5.1908,success,-5.72,,success,0.2899,426.73,8.02,1,1,20.23,0,1,-8.64,success
alpha-amyrone,CC1CCC2(C(C1C)C1=CCC3C(C1(CC2)C)(C)CCC1C3(C)CCC(=O)C1(C)C)C,default,5.5448,success,-4.44,,success,0.2767333333333334,424.71,8.23,0,1,17.07,0,1,-8.61,success
epi-alpha-amyrin,CC1CCC2(C(C1C)C1=CCC3C(C1(CC2)C)(C)CCC1C3(C)CCC(C1(C)C)O)C,default,5.1908,success,-5.24,,success,0.27390000000000003,426.73,8.02,1,1,20.23,0,1,-8.64,success
"6-hydroxy-2-methyl-5-(5'-hydroxy-1'(R),5'-dimethylhex-3'-enyl)-phenol",C[C@@H](c1ccc(c(c1O)O)C)C/C=C/C(O)(C)C,default,5.3775,success,-10.1,,success,0.45145833333333335,250.34,3.23,3,3,60.69,4,0,-9.79,success
"3beta,16beta,20(S),25-tetrahydroxydammar-23-ene",O[C@H]1C[C@@]2(C(C1[C@@](C/C=C/C(O)(C)C)(O)C)CC[C@H]1[C@H]2CCC2[C@]1(C)CC[C@@H](C2(C)C)O)C,default,5.8071,success,-4.84,,success,0.311925,462.72,5.08,4,4,80.92,4,1,-8.35,success
"3beta-acetoxy-16beta,20(S),25-trihydroxydammar-23-ene",CC(=O)O[C@H]1CC[C@]2(C(C1(C)C)CC[C@@H]1[C@@H]2CCC2[C@@]1(C)C[C@@H](C2[C@@](C/C=C/C(O)(C)C)(O)C)O)C,default,5.7233,success,-5.67,,success,0.33260833333333334,504.75,5.65,3,5,86.99,5,2,-7.54,success
"2-methyl-5-(4'(S)-hydroxy-1'(R),5'-dimethylhex-5'-enyl)-phenol",CC(=C)[C@H](CC[C@H](c1ccc(c(c1)O)C)C)O,default,6.0457,success,-7.53,,success,0.42147500000000004,234.34,3.52,2,2,40.46,5,0,-10.02,success
2-acetoxyfuranodienone,CC(=O)Oc1oc2c(c1C)C/C=C(\C)/CC/C=C(/C2)\C,default,5.2425,success,-7.76,,success,0.3622083333333333,274.36,4.28,0,3,39.44,1,0,-9.98,success
2-methoxyfuranodienone,COC1C/C(=C/Cc2c(C/C(=C/1)/C)occ2C)/C,default,5.3271,success,-7.82,,success,0.3712583333333333,246.35,3.98,0,2,22.37,1,0,-10.31,success
"3beta,16beta,20(R)-trihydroxydammar-24-ene",CC(=CCC[C@]([C@H]1[C@@H](O)C[C@]2(C1CC[C@H]1[C@H]2CCC2[C@]1(C)CC[C@@H](C2(C)C)O)C)(O)C)C,default,5.5565,success,-5.89,,success,0.3260416666666667,446.72,6.11,3,3,60.69,4,1,-8.27,success
"3beta,16beta,20(R)-trihydroxydammar-24-ene acetate",CC(=CCC[C@]([C@H]1[C@@H](O)C[C@@]2(C1CC[C@H]1[C@@]2(C)CCC2[C@]1(C)CC[C@@H](C2(C)C)OC(=O)C)C)(O)C)C,default,5.2653,success,-5.77,,success,0.297775,502.78,7.07,2,4,66.76,5,2,-7.23,success
"3beta-acetoxy-16beta,20(R)-dihydroxydammar-24-ene",CC(=CCC[C@]([C@H]1[C@@H](O)C[C@]2(C1CC[C@H]1[C@H]2CCC2[C@]1(C)CC[C@@H](C2(C)C)OC(=O)C)C)(O)C)C,default,5.4271,success,-5.87,,success,0.3145916666666667,488.75,6.68,2,4,66.76,5,1,-7.63,success
beta-amyrin,O[C@H]1CC[C@]2([C@H](C1(C)C)CC[C@@]1([C@@H]2CC=C2[C@@]1(C)CC[C@@]1([C@H]2CC(C)(C)CC1)C)C)C,default,5.2022,success,-5.33,,success,0.27785000000000004,426.73,8.17,1,1,20.23,0,1,-8.63,success
beta-amyrin acetate,CC(=O)OC1CCC2(C(C1(C)C)CCC1(C2CC=C2C1(C)CCC1(C2CC(C)(C)CC1)C)C)C,default,5.0697,success,-5.94,,success,0.2871416666666667,468.77,8.74,0,2,26.3,1,1,-8.15,success
"(20S)-3beta-acetoxy-12beta,16beta-trihydroxydammar-24-ene",CC(=CCC[C@@H]([C@H]1[C@@H](O)C[C@]2([C@@H]1[C@H](O)C[C@H]1[C@H]2CCC2[C@]1(C)CC[C@](C2(C)C)(O)OC(=O)C)C)C)C,default,5.7493,success,-5.55,,success,0.330775,504.75,5.86,3,5,86.99,5,2,-7.36,success
"(20S)-12beta,16beta-trihydroxydammar-24-ene-3beta-O-beta-glucopyranoside",OC[C@H]1OC(O[C@H]2CC[C@]3(C(C2(C)C)CC[C@@H]2[C@@H]3C[C@@H](O)[C@H]3[C@@]2(C)C[C@@H](C3[C@@](CCC=C(C)C)(O)C)O)C)[C@@H]([C@H]([C@@H]1O)O)O,default,6.4714,success,-1.9,,success,0.2692833333333333,624.86,2.91,7,9,160.07,7,2,-6.77,success
"(20S)-3beta-acetoxy-12beta,16beta,25-tetrahydroxydammar-23-ene",CC(=O)O[C@@]1(O)CC[C@]2(C(C1(C)C)CC[C@@H]1[C@@H]2C[C@@H](O)C2[C@]1(C)C[C@@H]([C@@H]2[C@H](C/C=C/C(O)(C)C)C)O)C,default,6.1454,success,-5.51,,success,0.36245000000000005,520.75,4.83,4,6,107.22,5,1,-7.55,success
"(20S)-3beta,12beta,16beta,25-pentahydroxydammar-23-ene",O[C@@H]1C[C@H]2[C@H]([C@@]3(C1[C@@H]([C@H](C/C=C/C(O)(C)C)C)[C@H](C3)O)C)CCC1[C@]2(C)CCC(C1(C)C)(O)O,default,6.089,success,-6.25,,success,0.38241666666666674,478.71,4.26,5,5,101.15,4,0,-8.37,success
(20R)-3beta-acetoxy-16beta-dihydroxydammar-24-ene,CC(=CCC[C@H]([C@H]1[C@@H](O)C[C@]2(C1CC[C@H]1[C@H]2CCC2[C@]1(C)CC[C@](C2(C)C)(O)OC(=O)C)C)C)C,default,5.6264,success,-6.02,,success,0.33620000000000005,488.75,6.89,2,4,66.76,5,1,-7.55,success
"(20R)-3beta,16beta-trihydroxydammar-24-ene",CC(=CCC[C@H]([C@H]1[C@@H](O)C[C@]2(C1CC[C@H]1[C@H]2CCC2[C@]1(C)CCC(C2(C)C)(O)O)C)C)C,default,5.6173,success,-6.41,,success,0.34844166666666665,446.72,6.32,3,3,60.69,4,1,-8.12,success
3beta-acetoxy-16beta-hydroxydammar-24-ene,CC(=CCC[C@H]([C@H]1[C@@H](O)C[C@]2(C1CC[C@H]1[C@H]2CCC2[C@]1(C)CC[C@@H](C2(C)C)OC(=O)C)C)C)C,default,5.5077,success,-6.11,,success,0.3293083333333333,472.75,7.57,1,3,46.53,5,1,-7.72,success
3beta-hydroxydammar-24-ene,CC(=CCC[C@H]([C@H]1CC[C@]2(C1CC[C@H]1[C@H]2CCC2[C@]1(C)CC[C@@H](C2(C)C)O)C)C)C,default,5.0854,success,-4.88,,success,0.25311666666666666,414.72,8.02,1,1,20.23,4,1,-8.46,success
3beta-acetoxydammar-24-ene,CC(=CCC[C@H]([C@H]1CC[C@]2(C1CC[C@H]1[C@H]2CCC2[C@]1(C)CC[C@@H](C2(C)C)OC(=O)C)C)C)C,default,4.9755,success,-5.3,,success,0.25795833333333335,456.76,8.6,0,2,26.3,5,1,-7.92,success
"(3R,20S)-3,20-dihydroxydammar-24-ene",CC(=CCC[C@@]([C@H]1CC[C@]2(C1CC[C@H]1[C@H]2CCC2[C@]1(C)CC[C@H](C2(C)C)O)C)(O)C)C,default,5.2451,success,-6.2,,success,0.310425,430.72,7.14,2,2,40.46,4,1,-8.29,success
"(3R,20S)-3-acetoxy-20-hydroxydammar-24-ene",CC(=CCC[C@@]([C@H]1CC[C@]2(C1CC[C@H]1[C@H]2CCC2[C@]1(C)CC[C@H](C2(C)C)OC(=O)C)C)(O)C)C,default,5.123,success,-6.13,,success,0.2979166666666667,472.75,7.71,1,3,46.53,5,1,-7.69,success
cabraleadiol 3-acetate,CC(=O)O[C@@H]1CC[C@]2([C@H](C1(C)C)CC[C@@]1([C@@H]2CC[C@H]2[C@@]1(C)CC[C@@H]2[C@]1(C)CC[C@H](O1)C(O)(C)C)C)C,default,4.7951,success,-5.61,,success,0.2532583333333333,502.78,7.31,1,4,55.76,3,2,-7.65,success
"2-methoxy-8,12-epoxygermacra-1(10),7,11-trien-6-one",CO[C@@H]1C[C@@H](C)CC(=O)c2c(C/C(=C\1)/C)occ2C,default,5.7501,success,-9.9,,success,0.47584166666666666,262.35,3.7,0,3,39.44,1,0,-10.35,success
furanodienone,C/C/1=C\C(=O)c2c(C/C(=C/CC1)/C)occ2C,default,5.3888,success,-7.51,,success,0.36606666666666665,230.31,4.0,0,2,30.21,0,0,-10.24,success
"verticilla-4(20),7,11-triene",C=C1CC/C=C(/C)\CCC2=C(CC[C@@H](CC1)C2(C)C)C,default,5.2287,success,-4.33,,success,0.246725,272.48,6.6,0,0,0.0,0,1,-9.25,success
epi-lupeol,CC(=C)[C@@H]1CC[C@]2([C@H]1[C@H]1CC[C@H]3[C@@]([C@]1(C)CC2)(C)CC[C@@H]1[C@]3(C)CC[C@H](C1(C)C)O)C,default,4.7865,success,-5.19,,success,0.2385416666666667,426.73,8.02,1,1,20.23,1,1,-8.56,success
"3beta,20(S)-dihydroxydammar-24-ene",CC(=CCC[C@@]([C@H]1CC[C@]2(C1CC[C@H]1[C@H]2CCC2[C@]1(C)CC[C@@H](C2(C)C)O)C)(O)C)C,default,5.2451,success,-5.83,,success,0.29809166666666664,430.72,7.14,2,2,40.46,4,1,-8.29,success
3beta-acetoxy-20(S)-dihydroxydammar-24-ene,CC(=CCC[C@@]([C@H]1CC[C@]2(C1CC[C@H]1[C@H]2CCC2[C@]1(C)CC[C@](C2(C)C)(O)OC(=O)C)C)(O)C)C,default,5.3082,success,-5.5,,success,0.29235,488.75,7.03,2,4,66.76,5,1,-7.48,success
20(S)-protopanxadiol,CC(=CCC[C@@]([C@H]1CC[C@@]2([C@@H]1[C@H](O)C[C@H]1[C@@]2(C)CC[C@@H]2[C@]1(C)CC[C@@H](C2(C)C)O)C)(O)C)C,default,5.3313,success,-6.25,,success,0.319275,460.74,6.5,3,3,60.69,4,1,-8.07,success
beta-boswellic acid,C[C@@H]1CC[C@]2([C@@H]([C@H]1C)C1=CC[C@H]3[C@@]([C@@]1(CC2)C)(C)CC[C@@H]1[C@]3(C)CC[C@H]([C@]1(C)C(=O)O)O)C,default,5.2343,success,-6.2,,success,0.309525,456.71,7.09,2,2,57.53,1,1,-8.22,success
actyl-beta-boswellic acid,CC(=O)O[C@@H]1CC[C@]2([C@H]([C@@]1(C)C(=O)O)CC[C@@]1([C@@H]2CC=C2[C@@]1(C)CC[C@@]1([C@H]2[C@@H](C)[C@H](C)CC1)C)C)C,default,5.3713,success,-6.99,,success,0.347275,498.75,7.66,1,3,63.6,2,1,-7.63,success
incensole,C/C/1=C/CC2(CC[C@](O2)(C)[C@@H](CC/C(=C/CC1)/C)O)C(C)C,default,5.5096,success,-7.16,,success,0.36446666666666666,306.49,5.17,1,2,29.46,1,1,-9.7,success
incensole oxide,C/C/1=C/CCC2(C)OC2CC2(OC(C(CC1)O)(C)CC2)C(C)C,default,5.6684,success,-8.42,,success,0.4197,322.49,4.38,1,3,41.99,1,0,-9.88,success
isoincensole oxide,C/C/1=C\C[C@]2(CC[C@](O2)([C@@H]2O[C@]([C@@H](CC1)O)(C)CC2)C)C(C)C,default,5.803,success,-8.14,,success,0.42158333333333337,322.49,4.38,1,3,38.69,1,0,-10.09,success
actyl-11-keto-beta-boswellic acid,CC(=O)O[C@@H]1CC[C@]2(C([C@@]1(C)C(=O)O)CC[C@@]1([C@@H]2C(=O)C=C2[C@@]1(C)CC[C@@]1([C@H]2[C@@H](C)[C@H](C)CC1)C)C)C,default,5.5632,success,-6.67,,success,0.3526,512.73,6.84,1,4,80.67,2,2,-7.56,success
11-keto-beta-boswellic acid,CC(=O)O[C@@H]1CC[C@]2([C@H]([C@@]1(C)C(=O)O)CC[C@@]1([C@@H]2C(=O)C=C2[C@@]1(C)CC[C@@]1([C@H]2[C@@H](C)[C@H](C)CC1)C)C)C,default,5.5632,success,-6.98,,success,0.36293333333333333,512.73,6.84,1,4,80.67,2,2,-7.56,success
"3-ketotirucall-8,24-dien-21-oic acid",CC(=CCC([C@@H]1CCC2(C1CCC1=C2CCC2[C@]1(C)CCC(=O)C2(C)C)C)C(=O)O)C,default,5.6001,success,-6.16,,success,0.33867500000000006,426.64,6.97,1,2,54.37,4,1,-8.22,success
"3-alpha-hydroxytirucall-8,24-dien- 21-oic acid",CC(=CCC([C@@H]1CCC2(C1CCC1=C2CCC2[C@]1(C)CC[C@@H](C2(C)C)O)C)C(=O)O)C,default,5.2621,success,-5.8,,success,0.2985083333333334,428.66,6.76,2,2,57.53,4,1,-8.26,success
"3-beta-hydroxytirucall-8,24-dien-21-oic acid",CC(=CCC([C@@H]1CCC2(C1CCC1=C2CCC2[C@]1(C)CC[C@H](C2(C)C)O)C)C(=O)O)C,default,5.2621,success,-5.81,,success,0.29884166666666667,428.66,6.76,2,2,57.53,4,1,-8.26,success
ugandensidial,CC(=O)O[C@@H]1[C@@H](O)C2=C([C@@]3([C@@H]1C(C)(C)CCC3)C)C(=O)OC2,default,5.2175,success,-10.38,,success,0.4474583333333334,308.37,1.98,1,5,72.83,1,0,-10.12,success
limonene,CC1=CCC(CC1)C(=C)C,default,4.8068,success,-4.52,,success,0.21789999999999998,136.24,3.31,0,0,0.0,1,0,-9.9,success
n-octylacetate,CCCCCCCCOC(=O)C,default,4.0753,success,-6.21,,success,0.21327500000000002,172.27,2.91,0,2,26.3,7,0,-9.3,success
n-octanol,CCCCCCCCO,default,4.1977,success,-6.95,,success,0.24814166666666668,130.23,2.34,1,1,20.23,6,0,-9.58,success
sabinene,C=C1CCC2(C1C2)C(C)C,default,4.7362,success,-4.4,,success,0.20801666666666668,136.24,3.0,0,0,0.0,1,0,-9.99,success
trans-verbenol,CC1=C[C@H](O)[C@@H]2C[C@H]1C2(C)C,default,4.6867,success,-6.5,,success,0.2738916666666667,152.24,1.97,1,1,20.23,0,0,-10.0,success
"duva-3,6,8,13-tetraen-5alpha-ol-1-acetate",CC(=O)O[C@@]1(C)C/C=C/[C@@](C)(O)/C=C/C=C\CCC(/C=C/1)C(C)C,default,5.2376,success,-8.3,,success,0.37979999999999997,332.48,4.74,1,3,46.53,2,0,-9.69,success
o-methyl anisole,COc1ccccc1C,default,4.0727,success,-5.39,,success,0.18572500000000003,122.17,2.0,0,1,9.23,1,0,-10.25,success
"naphthalene decahydro-1,1,4a-trimethyl-6-methylene-5-(3-methyl-2-pentenyl)",C=C/C(=C\CC1C(=C)CCC2[C@]1(C)CCCC2(C)C)/C,default,5.2503,success,-3.62,,success,0.22485833333333335,272.48,6.31,0,0,0.0,3,1,-9.02,success
thunbergol,C/C/1=C/CC/C(=C/CCC(/C=C/C(CC1)C(C)C)(C)O)/C,default,5.3209,success,-5.6,,success,0.2967416666666666,290.49,5.81,1,1,20.23,1,1,-9.51,success
"phenanthrene-7-ethenyl-1,2,3,4,4a,5,6,7,8,9,10,10a-dodecahydro-1,1,4a,7-tetramethyl",C=C[C@]1(C)CCC2C(C1)CCC1[C@]2(C)CCCC1(C)C,default,5.3439,success,-4.08,,success,0.24799166666666667,274.49,6.22,0,0,0.0,1,1,-9.36,success
sclarene,C=CC(=C)CC[C@H]1C(=C)CC[C@@H]2[C@]1(C)CCCC2(C)C,default,5.1079,success,-4.24,,success,0.23365833333333333,272.48,6.31,0,0,0.0,4,1,-8.88,success
9-cis-retinal,O=C/C=C(/C=C/C=C(\C=C\C1=C(C)CCCC1(C)C)/C)\C,default,5.6001,success,-3.8,,success,0.26000833333333334,284.44,5.72,0,1,17.07,5,1,-8.71,success
octyl formate,CCCCCCCCOC=O,default,4.4817,success,-6.73,,success,0.264475,158.24,2.52,0,2,26.3,8,0,-9.24,success
verticiol,C/C/1=C\CC2CCC(C(C2(C)C)CC/C(=C\CC1)/C)(C)O,default,5.0487,success,-6.42,,success,0.30139166666666667,290.49,5.65,1,1,20.23,0,1,-9.53,success
decyl acetate,CCCCCCCCCCOC(=O)C,default,4.0753,success,-5.91,,success,0.20327500000000004,200.32,3.69,0,2,26.3,9,0,-8.98,success
"3-alpha-acetoxytirucall-8,24-dien-21-oic acid",CC(=CCCC([C@H]1CC[C@@]2([C@@]1(C)CCC1=C2CC[C@@H]2[C@]1(C)CCC(C2(C)C)OC(=O)C)C)C(=O)O)C,default,5.7265,success,-5.58,,success,0.329875,498.75,8.11,1,3,63.6,6,1,-7.2,success
tessmannic acid,OC(=O)CC[C@@H]1C(=C(C)C)CC[C@H]([C@]1(C)CCc1cocc1)C,default,5.5037,success,-7.24,,success,0.3666416666666667,318.46,5.47,1,2,50.44,6,1,-9.32,success
methyltessmannoate,COC(=O)CC[C@@H]1C(=C(C)C)CC[C@H]([C@]1(C)CCc1cocc1)C,default,5.2705,success,-5.71,,success,0.29620833333333335,332.48,5.55,0,3,39.44,6,1,-9.15,success
2-methylpropyltessmannoate,CC(OC(=O)CC[C@@H]1C(=C(C)C)CC[C@H]([C@]1(C)CCc1cocc1)C)C,default,5.6857,success,-5.85,,success,0.33547499999999997,360.54,6.33,0,3,39.44,7,1,-8.74,success
1-methylbutyltessmannoate,CCCC(OC(=O)CC[C@@H]1C(=C(C)C)CC[C@H]([C@]1(C)CCc1cocc1)C)C,default,5.9036,success,-6.1,,success,0.36196666666666666,388.59,7.11,0,3,39.44,9,1,-8.22,success
8-hydroxy-6-methoxy-3-pentylisocoumarin,CCCCCc1cc2cc(OC)cc(c2c(=O)o1)O,default,5.348,success,-11.2,,success,0.48566666666666664,262.3,3.24,1,4,59.67,5,0,-10.01,success
7-chloro-8-hydroxy-6-methoxy-3-pentylisocoumarin,CCCCCc1cc2cc(OC)c(c(c2c(=O)o1)O)Cl,default,5.5043,success,-9.43,,success,0.4396916666666666,296.75,3.89,1,4,59.67,5,0,-9.94,success
5-pentyl-3-methoxy-N-butylaniline,CCCCCc1cc(NCCCC)cc(c1)OC,default,4.649,success,-5.14,,success,0.22541666666666665,249.4,4.64,1,2,21.26,9,0,-9.49,success
norcaesalpin D,CC(=O)O[C@H]1[C@@H](OC(=O)C)CC([C@]2([C@@]1(C)[C@H]1C=C3OC(=O)C=C3[C@H]([C@@H]1CC2)C)O)(C)C,default,5.4086,success,-9.93,,success,0.44838333333333336,432.51,3.06,1,7,99.13,2,0,-9.17,success
"4(13),7-coloratadiene-12,11-olide",C=C1[C@@H](C)CC[C@]2([C@H]1CC=C1[C@@H]2COC1=O)C,default,5.4158,success,-6.78,,success,0.3439833333333333,232.32,3.1,0,2,26.3,0,0,-10.01,success
muzigadiolide,C=C1[C@@H](C)CC[C@]2([C@H]1CC=C1[C@]2(O)COC1=O)C,default,5.2191,success,-7.5,,success,0.3515916666666667,248.32,2.21,1,3,46.53,0,0,-10.02,success
11alpha-hydroxymuzigadiolide,C=C1[C@@H](C)CC[C@]2([C@H]1CC=C1[C@]2(O)[C@H](O)OC1=O)C,default,5.5729,success,-9.82,,success,0.4584083333333333,264.32,1.53,2,4,66.76,0,0,-9.71,success
muzigadial,O=CC1=CC[C@@H]2[C@]([C@@]1(O)C=O)(C)CC[C@@H](C2=C)C,default,5.0074,success,-7.12,,success,0.3212833333333333,248.32,2.05,1,3,54.37,2,0,-9.82,success
"6alpha,9alpha-dihydroxy-4(13),7-coloratadiene- 11,12-dial",O=CC1=C[C@H](O)[C@@H]2[C@]([C@@]1(O)C=O)(C)CC[C@@H](C2=C)C,default,5.1822,success,-9.71,,success,0.42218333333333335,264.32,1.02,2,4,74.6,2,0,-9.45,success
cinnamolide,O=C1OC[C@H]2C1=CC[C@@H]1[C@]2(C)CCCC1(C)C,default,5.2795,success,-6.71,,success,0.33029166666666665,234.34,3.32,0,2,26.3,0,0,-10.17,success
cinnamolide-3beta-acetate,CC(=O)O[C@H]1CC[C@]2([C@H](C1(C)C)CC=C1[C@@H]2COC1=O)C,default,4.8721,success,-9.42,,success,0.386675,292.38,2.86,0,4,52.6,1,0,-10.16,success
mukaadial,O=CC1=C[C@H](O)[C@@H]2[C@]([C@@]1(O)C=O)(C)CCCC2(C)C,default,5.1043,success,-9.96,,success,0.42402500000000004,266.34,1.25,2,4,74.6,2,0,-9.7,success
ugandensidial,COC(=O)C1C=C(C=O)[C@](C2(C1C(C)(C)CCC2)C)(O)C=O,default,4.668,success,-10.27,,success,0.398,308.37,1.68,1,5,80.67,3,0,-9.66,success
"7alpha-hydroxy-8- drimen-11,12-olide",O=C1OCC2=C1[C@@]1(C)CCCC([C@@H]1C[C@H]2O)(C)C,default,5.1778,success,-9.67,,success,0.4204833333333333,250.34,2.44,1,3,46.53,0,0,-10.3,success
"7beta-hydroxy-4(13),7-coloratadiene-11,12-olide",C=C1[C@@H](C)CC[C@]2([C@H]1C[C@](C)(O)C1=C2C(=O)OC1)C,default,4.9117,success,-10.14,,success,0.413975,262.35,2.6,1,3,46.53,0,0,-10.15,success
warburganal,O=CC1=CC[C@@H]2[C@]([C@@]1(O)C=O)(C)CCCC2(C)C,default,4.7785,success,-10.17,,success,0.40387500000000004,250.34,2.28,1,3,54.37,2,0,-10.15,success
polygodial,O=C[C@H]1C(=CC[C@@H]2[C@]1(C)CCCC2(C)C)C=O,default,5.0908,success,-6.13,,success,0.29523333333333335,234.34,3.16,0,2,34.14,2,0,-10.08,success
azadirachtin,C/C=C(/C(=O)O[C@H]1C[C@@H](OC(=O)C)[C@@]2(C3C41CO[C@]([C@H]4[C@@](C)([C@@H]([C@@H]3OC2)O)C12O[C@@]1(C)[C@H]1C[C@@H]2OC2[C@]1(O)C=CO2)(O)C(=O)OC)C(=O)OC)\C,default,6.6575,success,-1.44,,success,0.2694583333333333,720.72,-0.2,3,16,215.34,6,2,-5.99,success
7alpha-acetoxyugandensolide,CC(=O)O[C@H]1C2=C(C(=O)OC2)[C@@]2([C@@H]([C@@H]1OC(=O)C)C(C)(C)CCC2)C,default,5.0351,success,-9.19,,success,0.3925916666666666,350.41,2.55,0,6,78.9,2,0,-9.97,success
bemadienolide,O=C1OCC2=C1C=C[C@@H]1[C@]2(C)CCCC1(C)C,default,5.2446,success,-6.51,,success,0.32071666666666665,232.32,3.24,0,2,26.3,0,0,-10.08,success
drimenin,O=C1OCC2=CC[C@@H]3[C@]([C@@H]12)(C)CCCC3(C)C,default,5.1843,success,-6.9,,success,0.3286916666666667,234.34,3.32,0,2,26.3,0,0,-10.0,success
friedelin acetate,CC(=O)OC1CC[C@@H]2[C@]([C@H]1C)(C)CC[C@H]1[C@@]2(C)CC[C@@]2([C@]1(C)CC[C@@]1([C@H]2CC(C)(C)CC1)C)C,default,5.0841,success,-5.12,,success,0.26100833333333334,470.78,8.82,0,2,26.3,1,1,-8.22,success
6alpha-hydroxymuzigadial,O=CC1=CC[C@@H]2[C@]([C@@]1(O)C=O)(C)CC[C@@H](C2=C)O,default,4.9012,success,-8.16,,success,0.3471,250.29,0.78,2,4,74.6,2,0,-9.41,success
9-deoxymuzigadial,O=C[C@H]1C(=CC[C@@H]2[C@]1(C)CC[C@@H](C2=C)C)C=O,default,5.2764,success,-6.32,,success,0.31703333333333333,232.32,2.94,0,2,34.14,2,0,-9.9,success
deacetoxyugandensolide,O[C@H]1C2=C(C(=O)OC2)[C@@]2([C@@H]([C@@H]1O)C(C)(C)CCC2)C,default,5.1756,success,-10.17,,success,0.4369666666666667,266.34,1.41,2,4,66.76,0,0,-9.91,success
"7beta-hydroxy-4(13),8-coloratadien-11,12-olide",C=C1[C@@H](C)CC[C@]2([C@H]1C[C@H](O)C1=C2C(=O)OC1)C,default,5.1813,success,-7.71,,success,0.3554416666666667,248.32,2.21,1,3,46.53,0,0,-10.0,success
linoleic acid,CCCCC/C=C\C/C=C\CCCCCCCC(=O)O,default,4.2923,success,-5.7,,success,0.21435833333333335,280.45,5.88,1,1,37.3,14,1,-7.93,success
kaempferide 3-O-beta-xylosyl (1â†’2)-beta-glucoside,OC[C@H]1O[C@@H](Oc2c(oc3c(c2=O)c(O)cc(c3)O)c2ccc(cc2)OC)[C@@H]([C@H]([C@@H]1O)O)O[C@@H]1OC[C@H]([C@@H]([C@H]1O)O)O,default,6.5761,success,-2.91,,success,0.31167500000000004,594.52,-1.48,8,15,238.2,7,3,-6.11,success
"kaempferol 3-O-alpha-rhamnoside-7,4'-di-O-beta-galactoside",OC[C@H]1OC(Oc2ccc(cc2)c2oc3cc(OC4O[C@H](CO)[C@@H]([C@@H]([C@H]4O)O)O)cc(c3c(=O)c2OC2O[C@H](C)[C@H]([C@@H]([C@@H]2O)O)O)O)[C@@H]([C@H]([C@H]1O)O)O,default,6.3915,success,-1.4,,success,0.2459583333333333,756.66,-4.27,12,20,328.35,9,3,-5.16,success
"kaempferol 3,7,4'-tri-O-beta-glucoside",OC[C@H]1OC(Oc2c(oc3c(c2=O)c(O)cc(c3)OC2O[C@H](CO)[C@H]([C@@H]([C@H]2O)O)O)c2ccc(cc2)OC2O[C@H](CO)[C@H]([C@@H]([C@H]2O)O)O)[C@@H]([C@H]([C@@H]1O)O)O,default,6.1175,success,-0.53,,success,0.19412499999999996,772.66,-5.3,13,21,348.58,10,3,-5.06,success
quercetin 3-O-[alpha-rhamnosyl (1â†’6)] [beta-glucosyl (1â†’2)]-beta-glucoside-7-O-alpha-rhamnoside,OC[C@H]1OC(O[C@@H]2[C@@H](O)C(O[C@@H]([C@H]2O)COC2O[C@H](C)[C@H]([C@@H]([C@@H]2O)O)O)Oc2c(oc3c(c2=O)c(O)cc(c3)OC2O[C@H](C)[C@H]([C@@H]([C@@H]2O)O)O)c2ccc(c(c2)O)O)[C@@H]([C@H]([C@@H]1O)O)O,default,6.8818,success,-1.08,,success,0.27615,918.8,-5.36,15,25,407.5,11,3,-4.88,success
kaempferol,Oc1ccc(cc1)c1oc2cc(O)cc(c2c(=O)c1O)O,default,5.4304,success,-10.12,,success,0.4565333333333333,286.24,2.28,4,6,111.13,1,0,-9.73,success
kaempferol 3-rhamnoside,Oc1ccc(cc1)c1oc2cc(O)cc(c2c(=O)c1O[C@H]1O[C@@H](C)[C@@H]([C@H]([C@H]1O)O)O)[O-],default,6.2156,success,-5.69,,success,0.3743,431.37,0.15,5,10,172.88,3,0,-8.28,success
kaempferol 3-rutinoside,Oc1ccc(cc1)c1oc2cc(O)cc(c2c(=O)c1O[C@@H]1O[C@H](CO[C@@H]2O[C@@H](C)[C@@H]([C@H]([C@H]2O)O)O)[C@H]([C@@H]([C@H]1O)O)O)O,default,6.4348,success,-2.89,,success,0.29923333333333335,594.52,-1.39,9,15,249.2,6,3,-6.16,success
myricetin,Oc1cc(O)c2c(c1)oc(c(c2=O)O)c1cc(O)c(c(c1)O)O,default,5.4064,success,-9.18,,success,0.42319999999999997,318.24,1.69,6,8,151.59,1,1,-8.78,success
quercetin 3-rhamnoside,Oc1cc(O)c2c(c1)oc(c(c2=O)O[C@@H]1O[C@@H](C)[C@@H]([C@H]([C@H]1O)O)O)c1ccc(c(c1)O)O,default,6.281,success,-4.68,,success,0.3460833333333333,448.38,0.49,7,11,190.28,3,2,-7.74,success
kaempferol 3-arabinoside,Oc1ccc(cc1)c1oc2cc(O)cc(c2c(=O)c1O[C@@H]1OC[C@@H]([C@@H]([C@H]1O)O)O)O,default,6.1695,success,-5.41,,success,0.36112500000000003,418.35,0.39,6,10,170.05,3,1,-8.18,success
quercetin 3-glucoside,OC[C@H]1O[C@@H](Oc2c(oc3c(c2=O)c(O)cc(c3)O)c2ccc(c(c2)O)O)C(C([C@@H]1O)O)O,default,6.2557,success,-5.42,,success,0.36864166666666665,464.38,-0.54,8,12,210.51,4,2,-7.28,success
quercetin,Oc1cc(O)c2c(c1)oc(c(c2=O)O)c1ccc(c(c1)O)O,default,5.5899,success,-9.79,,success,0.458825,302.24,1.99,5,7,131.36,1,0,-9.36,success
kaempferol 3-rhamnoside-4'-galactoside,OC[C@H]1OC(Oc2ccc(cc2)c2oc3cc(O)cc(c3c(=O)c2OC2O[C@H](C)[C@H]([C@@H]([C@@H]2O)O)O)O)[C@@H]([C@H]([C@H]1O)O)O,default,6.4313,success,-2.76,,success,0.29460833333333336,594.52,-1.74,9,15,249.2,6,3,-6.09,success
myricetin 3-galactoside,OC[C@H]1O[C@@H](Oc2c(oc3c(c2=O)c(O)cc(c3)O)c2cc(O)c(c(c2)O)O)[C@@H]([C@H]([C@H]1O)O)O,default,6.0855,success,-5.38,,success,0.35312499999999997,480.38,-0.83,9,13,230.74,4,2,-7.13,success
kaempferol 3-glucoside,OC[C@H]1O[C@@H](Oc2c(oc3c(c2=O)c(O)cc(c3)O)c2ccc(cc2)O)[C@@H]([C@H]([C@@H]1O)O)O,default,6.1288,success,-4.55,,success,0.3290666666666667,448.38,-0.24,7,11,190.28,4,2,-7.5,success
rhamnocitrin 3-O-beta-neohesperidoside,OC[C@H]1O[C@@H](Oc2c(oc3c(c2=O)c(O)cc(c3)OC)c2ccc(cc2)O)[C@@H]([C@H]([C@@H]1O)O)O[C@@H]1O[C@@H](C)[C@@H]([C@H]([C@H]1O)O)O,default,6.5285,success,-0.57,,success,0.22970833333333335,608.55,-1.09,8,15,238.2,7,3,-6.15,success
rhamnetin 3-O-beta-neohesperidoside,OC[C@H]1O[C@@H](Oc2c(oc3c(c2=O)c(O)cc(c3)OC)c2ccc(c(c2)O)O)[C@@H]([C@H]([C@@H]1O)O)O[C@@H]1O[C@@H](C)[C@@H]([C@H]([C@H]1O)O)O,default,6.6476,success,-1.11,,success,0.2576333333333333,624.55,-1.38,9,16,258.43,7,3,-5.97,success
rhamnocitrin 3-O-beta-glucopyranoside,OC[C@H]1O[C@@H](Oc2c(oc3c(c2=O)c(O)cc(c3)OC)c2ccc(cc2)O)[C@@H]([C@H]([C@@H]1O)O)O,default,6.0525,success,-5.3,,success,0.34770833333333334,462.41,0.06,6,11,179.28,5,2,-7.44,success
rhamnetin 3-O-beta-glucopyranoside,OC[C@H]1O[C@@H](Oc2c(oc3c(c2=O)c(O)cc(c3)OC)c2ccc(c(c2)O)O)[C@@H]([C@H]([C@@H]1O)O)O,default,6.1982,success,-5.29,,success,0.3595166666666667,478.41,-0.24,7,12,199.51,5,2,-7.31,success
methyl isothiocyanate,CN=C=S,default,4.0538,success,-2.67,,success,0.09348333333333332,73.12,0.72,0,2,12.36,0,0,-9.34,success
trans-2-methyl cyclopentanol,O[C@@H]1CCC[C@H]1C,default,4.3712,success,-6.17,,success,0.2366,100.16,1.17,1,1,20.23,0,0,-9.65,success
cis-3-hexen-1-ol,OCC/C=C\CC,default,4.549,success,-6.76,,success,0.27108333333333334,100.16,1.33,1,1,20.23,3,0,-9.49,success
trans-2-hexen-1-ol,CCC/C=C/CO,default,4.5954,success,-6.06,,success,0.2516166666666666,100.16,1.33,1,1,20.23,3,0,-9.49,success
heptan-2-one,CCCCCC(=O)C,default,3.9317,success,-4.51,,success,0.15033333333333332,114.19,2.16,0,1,17.07,4,0,-9.63,success
anisole,COc1ccccc1,default,3.6009,success,-5.67,,success,0.189,108.14,1.7,0,1,9.23,1,0,-10.1,success
benzaldehyde,O=Cc1ccccc1,default,4.0963,success,-4.81,,success,0.16835833333333336,106.12,1.5,0,1,17.07,1,0,-9.94,success
"2,4,5-trimethyl-thiazole",Cc1sc(c(n1)C)C,default,4.9653,success,-6.41,,success,0.29410833333333336,127.21,2.07,0,2,12.89,0,0,-10.28,success
m-cymene,Cc1cccc(c1)C(C)C,default,4.9491,success,-5.71,,success,0.26942499999999997,134.22,3.12,0,0,0.0,1,0,-10.33,success
phenylacetonitrile,N#CCc1ccccc1,default,4.2161,success,-6.04,,success,0.21934166666666666,117.15,1.75,0,1,23.79,1,0,-10.0,success
methyl salicylate,COC(=O)c1ccccc1O,default,3.8687,success,-8.58,,success,0.286,152.15,1.18,1,3,46.53,1,0,-9.91,success
beta-cyclocitral,O=CC1=C(C)CCCC1(C)C,default,4.7407,success,-4.99,,success,0.22805833333333336,152.24,2.71,0,1,17.07,1,0,-10.03,success
nerol,OC/C=C(\CCC=C(C)C)/C,default,4.4544,success,-6.08,,success,0.2405333333333333,154.25,2.67,1,1,20.23,4,0,-9.81,success
trans-geraniol,OC/C=C(/CCC=C(C)C)\C,default,4.4544,success,-6.57,,success,0.25686666666666663,154.25,2.67,1,1,20.23,4,0,-9.81,success
alpha-ionone,CC(=O)/C=C/C1C(=CCCC1(C)C)C,default,4.5348,success,-4.38,,success,0.19056666666666663,192.3,3.51,0,1,17.07,2,0,-9.74,success
beta-caryophyllene,C/C/1=C\CCC(=C)[C@@H]2[C@@H](CC1)C(C2)(C)C,default,5.1153,success,-2.49,,success,0.17594166666666672,204.36,4.73,0,0,0.0,0,0,-9.86,success
beta-ionone,CC(=O)/C=C/C1=C(C)CCCC1(C)C,default,4.7096,success,-4.05,,success,0.19413333333333332,192.3,3.66,0,1,17.07,2,0,-9.83,success
nerolidol,C=CC(CC/C=C(/CCC=C(C)C)\C)(O)C,default,5.0699,success,-3.11,,success,0.19282499999999997,222.37,4.4,1,1,20.23,7,0,-9.34,success
trans-phytol,OC/C=C(/CCC[C@@H](CCC[C@@H](CCCC(C)C)C)C)\C,default,4.8302,success,-4.71,,success,0.2261833333333333,296.54,6.36,1,1,20.23,13,1,-8.09,success
cedrene,CC1=CC[C@@]23C[C@H]1C(C)(C)[C@@H]2CC[C@H]3C,default,4.9592,success,,,failed,0.15986666666666668,204.36,4.42,0,0,0.0,0,0,-9.91,success
voucapane,C[C@@H]1[C@@H]2CC[C@@H]3[C@]([C@H]2Cc2c1cco2)(C)CCCC3(C)C,default,5.3003,success,-5.42,,success,0.289025,286.46,5.8,0,1,13.14,0,1,-9.85,success
"voucapane-6alpha,7alpha-diol",O[C@@H]1[C@H](O)[C@H]2C(C)(C)CCC[C@@]2([C@@H]2[C@@H]1[C@@H](C)c1ccoc1C2)C,default,5.6072,success,-11.27,,success,0.5095999999999999,318.46,3.74,2,3,53.6,0,0,-10.47,success
resveratrol-3-beta-rutinoside glycoside,Oc1cc(cc(c1)/C=C/c1ccc(cc1)O)O[C@@H]1O[C@H](COC2O[C@@H](C)[C@@H]([C@H]([C@H]2O)O)O)[C@H]([C@@H]([C@H]1O)O)O,default,6.3991,success,-5.0,,success,0.36659166666666665,536.53,-0.7,8,12,198.76,7,3,-6.51,success
"voucapane-18,19-diol",OCC1(CO)CCC[C@]2([C@H]1CC[C@@H]1[C@@H]2Cc2c([C@@H]1C)cco2)C,default,5.3807,success,-10.61,,success,0.46872499999999995,318.46,3.74,2,3,53.6,2,0,-10.46,success
18-hydroxyvoucapan-19-al,O=CC[C@@]1(CO)CCC[C@]2([C@H]1CC[C@@H]1[C@@H]2Cc2c([C@@H]1C)cco2)C,default,5.891,success,-8.59,,success,0.4439166666666666,330.47,4.34,1,3,50.44,3,0,-10.19,success
"voucapane-18,19-di-(4-methyl)-benzenesulphonate",Cc1ccc(cc1)S(=O)(=O)OCC1(CCC[C@]2([C@H]1CC[C@@H]1[C@@H]2Cc2c([C@@H]1C)cco2)C)COS(=O)(=O)c1ccc(cc1)C,default,6.024,success,-2.42,,success,0.24933333333333332,626.84,7.19,0,7,99.88,8,2,-6.45,success
"18,19-dibenzoyloxyvoucapane",O=C(c1ccccc1)OC1(CCC[C@]2([C@H]1CC[C@@H]1[C@@H]2Cc2c([C@@H]1C)cco2)C)OC(=O)c1ccccc1,default,5.4441,success,-7.38,,success,0.3663416666666666,498.62,7.18,0,5,65.74,4,1,-7.78,success
"18,19-di-acetoxyvoucapane",CC(=O)OCC1(CCC[C@]2([C@H]1CC[C@@H]1[C@@H]2Cc2c([C@@H]1C)cco2)C)COC(=O)C,default,5.2662,success,-7.95,,success,0.3705166666666667,402.53,4.88,0,5,65.74,4,0,-9.5,success
isoiguesterin,C=C1CC[C@]2([C@@H](C1)[C@]1(C)CC[C@@]3(C(=CC=C4C3=CC(=O)C(=C4C)O)[C@]1(CC2)C)C)C,default,5.7807,success,-7.25,,success,0.3900583333333334,404.59,7.16,1,2,37.3,0,1,-8.56,success
20-epi-isoiguesterinol,OC[C@H]1CC[C@]2([C@@H](C1)[C@]1(C)CC[C@@]3(C(=CC=C4C3=CC(=O)C(=C4C)O)[C@]1(CC2)C)C)C,default,5.9608,success,-6.61,,success,0.38373333333333337,422.61,6.22,2,3,57.53,1,1,-8.6,success
dihydro-20-epi-isoiguesterinol triacetate,CC(=O)OC[C@@H]1CC[C@]2(C(C1)[C@]1(C)CC[C@@]3(C(=CCc4c3cc(OC(=O)C)c(c4C)OC(=O)C)[C@]1(CC2)C)C)C,default,6.0463,success,-3.85,,success,0.2988583333333333,550.74,7.17,0,6,78.9,4,2,-7.21,success
isoiguesterinol,OC[C@@H]1CC[C@]2([C@@H](C1)[C@]1(C)CC[C@@]3(C(=CC=C4C3=CC(=O)C(=C4C)O)[C@]1(CC2)C)C)C,default,5.9608,success,-6.61,,success,0.38373333333333337,422.61,6.22,2,3,57.53,1,1,-8.6,success
6-oxoisoiguesterin,C=C1CC[C@]2([C@@H](C1)[C@]1(C)CC[C@@]3(C(=CC(=O)c4c3cc(O)c(c4C)O)[C@]1(CC2)C)C)C,default,5.9213,success,-7.63,,success,0.41444166666666665,420.59,6.75,2,3,57.53,0,1,-8.69,success
tingenin B,C[C@@H]1C[C@@H]2[C@@]([C@@H](C1=O)O)(C)CC[C@]1([C@@]2(C)CC[C@@]2(C1=CC=C1C2=CC(=O)C(=C1C)O)C)C,default,6.0471,success,-7.23,,success,0.4115916666666667,436.59,5.39,2,4,74.6,0,1,-8.72,success
"3beta,29-dihydroxyglutin-5-ene",OC[C@]1(C)CC[C@]2(C(C1)[C@]1(C)CC[C@@]3(C([C@]1(CC2)C)CC=C1C3CC[C@@H](C1(C)C)O)C)C,default,5.0082,success,-6.84,,success,0.3120166666666667,442.73,7.14,2,2,40.46,1,1,-8.4,success
cangoronine methyl ester,COC(=O)[C@]1(C)CC[C@]2(C(C1)[C@]1(C)CC[C@@]3(C([C@]1(CC2)C)CC[C@]1(C3CC(=O)C(=C1C)O)C=O)C)C,default,5.3308,success,-6.66,,success,0.3329,498.7,6.59,1,5,80.67,2,1,-7.76,success
4'-O-methylepigallocatechin,COc1c(O)cc(cc1O)[C@H]1Oc2cc(O)cc(c2C[C@H]1O)O,default,5.3427,success,-9.55,,success,0.430225,320.3,1.55,5,7,119.61,2,0,-9.59,success
4'-O-methylgallocatechin,COc1c(O)cc(cc1O)[C@H]1Oc2cc(O)cc(c2C[C@@H]1O)O,default,5.3427,success,-10.4,,success,0.45855833333333335,320.3,1.55,5,7,119.61,2,0,-9.59,success
"4',4'''-di-O-methyl-prodelphinidin B4",COc1c(O)cc(cc1O)[C@H]1Oc2c(C[C@H]1O)c(O)cc(c2[C@@H]1c2c(O)cc(cc2O[C@@H]([C@H]1O)c1cc(O)c(c(c1)O)OC)O)O,default,6.1476,success,-1.94,,success,0.2436333333333333,638.58,3.01,10,14,239.22,5,3,-6.58,success
"1,4,6-trihydroxy-3-methoxy-2-(3-methyl-2-butenyl)-5-(1,1-dimethyl-prop-2-enyl)xanthone",C=CC(c1c(O)ccc2c1oc1c(O)c(OC)c(c(c1c2=O)O)CC=C(C)C)(C)C,default,5.891,success,-7.27,,success,0.39991666666666664,410.47,5.04,3,6,100.13,5,1,-8.28,success
forbexanthone,COc1cc(O)c2c(c1)oc1c(c2=O)cc2c(c1O)OC(C=C2)(C)C,default,5.4745,success,-11.41,,success,0.5032083333333334,340.33,3.55,2,6,89.13,1,0,-9.89,success
friedelin,O=C1CC[C@@H]2[C@]([C@H]1C)(C)CC[C@H]1[C@@]2(C)CC[C@@]2([C@]1(C)CC[C@@]1([C@H]2CC(C)(C)CC1)C)C,default,5.0924,success,-3.94,,success,0.22236666666666663,426.73,8.46,0,1,17.07,0,1,-8.6,success
lupeol acetate,CC(=O)O[C@H]1CC[C@]2([C@H](C1(C)C)CC[C@@]1([C@@H]2CC[C@H]2[C@@]1(C)CC[C@@]1([C@@H]2[C@@H](CC1)C(=C)C)C)C)C,default,4.4667,success,-5.79,,success,0.2318916666666667,468.77,8.6,0,2,26.3,2,1,-8.06,success
"5,5-dimethyl-6-geranyl-3-hydroxy-2-(13,14-dihydroxybenzoyl)-4-(3,7-dimethyloct-2,7-dienyl)-8-(3-methylbut-2-enyl)-bicyclo[3.3.1]nonan-2-en-1,9-dione",CC(=CC[C@@]12C[C@H](C/C=C(/CCC=C(C)C)\C)C([C@@](C1=O)(C(=C(C2=O)C(=O)c1ccc(c(c1)O)O)O)C/C=C(/CCCC(=C)C)\C)(C)C)C,default,6.3885,success,-3.47,,success,0.3147083333333333,670.93,10.79,3,6,111.9,15,2,-5.53,success
"4,4-di(3-methylbut-2-enyl)-6-geranyl-1-hydroxy-2-(10-hydroxybenzoyl)-6-[2-(1-methylethenyl)-5-methylhex-5-enyl]-cyclohex-1-en-3,5-dione",C/C(=C\C[C@@]1(CC(C(=C)C)CCC(=C)C)C(=C(C(=O)c2cccc(c2)O)C(=O)C(C1=O)(CC=C(C)C)CC=C(C)C)O)/CCC=C(C)C,default,6.3477,success,-2.93,,success,0.2933083333333333,654.93,11.25,2,5,91.67,17,2,-5.8,success
"4,4-di(3-methylbut-2-enyl)-6-geranyl-1-hydroxy-2-(10,11-dihydroxybenzoyl)-6-[2-(1-methylethenyl)-5-methylhex-5-enyl]-cyclohex-1-en-3,5-dione",C/C(=C\C[C@@]1(CC(C(=C)C)CCC(=C)C)C(=C(C(=O)c2ccc(c(c2)O)O)C(=O)C(C1=O)(CC=C(C)C)CC=C(C)C)O)/CCC=C(C)C,default,6.551,success,-2.92,,success,0.3099166666666667,670.93,10.95,3,6,111.9,17,2,-5.55,success
achilleol A,C/C(=C\CC/C=C(/CC[C@@H]1C(=C)CC[C@@H](C1(C)C)O)\C)/CC/C=C(/CCC=C(C)C)\C,default,5.1586,success,-4.99,,success,0.2628833333333333,426.73,9.27,1,1,20.23,12,1,-7.3,success
"3beta,24-O-ethylidenyl-2alpha,19alpha-dihydroxyolean-12-en-28-oic acid",CC1OC[C@]2(C(O1)[C@H](O)C[C@]1(C2CC[C@@]2([C@@H]1CC=C1[C@@]2(C)CC[C@@]2([C@H]1C(C)C(CC2)(C)C)C(=O)O)C)C)C,default,5.7334,success,-6.51,,success,0.36144999999999994,528.77,6.83,2,4,75.99,1,2,-7.56,success
arjunic acid,O[C@@H]1C[C@@]2(C)[C@H](C([C@H]1O)(C)C)CC[C@@]1([C@@H]2CC=C2[C@@]1(C)CC[C@@]1([C@H]2[C@H](O)C(C)(C)CC1)C(=O)O)C,default,5.0899,success,-5.46,,success,0.272825,488.71,5.18,4,4,97.99,1,1,-8.21,success
sericic acid,OC[C@@]1(C)[C@@H](O)[C@H](O)C[C@]2([C@H]1CC[C@@]1([C@@H]2CC=C2[C@@]1(C)CC[C@@]1([C@H]2[C@H](O)C(CC1)(C)C)C(=O)O)C)C,default,5.3053,success,-6.22,,success,0.3161083333333333,504.71,4.15,5,5,118.22,2,1,-8.12,success
23-galloylarjunic acid,O=C(c1cc(O)c(c(c1)O)O)OC[C@]1(C)[C@@H](O)[C@H](O)C[C@]2([C@H]1CC[C@@]1([C@@H]2CC=C2[C@@]1(C)CC[C@@]1([C@H]2CC(CC1)(C)C)C(=O)O)C)C,default,6.0065,success,0.2,,success,0.16720833333333332,640.81,6.16,6,8,164.75,4,3,-6.21,success
3-O-methylellagic acid,COc1c(O)cc2c3c1oc(=O)c1c3c(oc2=O)c(c(c1)O)O,default,4.8726,success,-10.84,,success,0.43405000000000005,316.22,1.62,3,8,130.34,1,0,-8.77,success
"4-O-(3'',4''-di-O-galloyl-alpha-L-rhamnopyranosyl)ellagic acid",CC1OC(Oc2c(O)c(O)c3c4c2c(=O)oc2c4c(c(=O)o3)cc(c2O)O)C(C(C1OC(=O)c1cc(O)c(c(c1)O)O)OC(=O)c1cc(O)c(c(c1)O)O)O,default,6.1977,success,-1.82,,success,0.24380833333333335,768.55,1.48,11,21,354.01,6,3,-6.09,success
diellagic lactone,Oc1c(O)c2oc(=O)c3c4c2c(c1c1c(O)c(O)c2c5c1c(=O)oc1c5c(c(=O)o2)cc(c1O)O)c(=O)oc4c(c(c3)O)O,default,5.3005,success,-2.48,,success,0.19104166666666672,602.37,2.61,8,16,282.68,1,3,-7.12,success
tomentosic acid,OC[C@]1(C)[C@@H](O)[C@H](O)C[C@]2([C@H]1CC[C@@]1([C@@H]2CC=C2[C@@]1(C)CC[C@@]1([C@H]2[C@@H](O)C(CC1)(C)C)C(=O)O)C)C,default,5.3053,success,-5.74,,success,0.3001083333333333,504.71,4.15,5,5,118.22,2,1,-8.12,success
arjungenin,OC[C@]1(C)[C@@H](O)[C@H](O)C[C@]2([C@H]1CC[C@@]1([C@@H]2CC=C2[C@@]1(C)CC[C@@]1([C@H]2[C@H](O)C(CC1)(C)C)C(=O)O)C)C,default,5.3053,success,-6.22,,success,0.3161083333333333,504.71,4.15,5,5,118.22,2,1,-8.12,success
sericoside,OC[C@H]1O[C@@H](OC(=O)[C@]23CCC([C@H]([C@H]2C2=CC[C@H]4[C@@]([C@@]2(CC3)C)(C)CC[C@@H]2[C@]4(C)C[C@H]([C@@H]([C@]2(C)CO)O)O)O)(C)C)[C@@H]([C@H]([C@@H]1O)O)O,default,6.0512,success,-2.0,,success,0.23759999999999998,666.85,1.41,8,11,197.37,4,3,-6.49,success
arjunglucoside I,OC[C@H]1O[C@@H](OC(=O)[C@]23CCC([C@H]([C@H]2C2=CC[C@H]4[C@@]([C@@]2(CC3)C)(C)CC[C@@H]2[C@]4(C)C[C@H]([C@@H]([C@@]2(C)CO)O)O)O)(C)C)[C@@H]([C@H]([C@@H]1O)O)O,default,6.0512,success,-1.53,,success,0.22193333333333332,666.85,1.41,8,11,197.37,4,3,-6.49,success
3-O-beta-D-glucopyranosyl-beta-sitosterol,CC[C@@H](C(C)C)CC[C@H]([C@H]1CC[C@@H]2[C@]1(C)CC[C@H]1[C@H]2CC=C2[C@]1(C)CC[C@@H](C2)O[C@@H]1OC(CO)[C@H](C(C1O)O)O)C,default,6.0683,success,-2.66,,success,0.26102499999999995,576.86,5.85,4,6,99.38,9,2,-6.66,success
"3,3'-di-O-methylellagic acid",COc1c(O)cc2c3c1oc(=O)c1c3c(oc2=O)c(c(c1)O)OC,default,4.7298,success,-10.72,,success,0.41815,330.25,1.92,2,8,119.34,2,0,-9.05,success
"3,3',4-tri-O-methylellagic acid",COc1cc2c(=O)oc3c4c2c(c1OC)oc(=O)c4cc(c3O)OC,default,4.8151,success,-11.41,,success,0.44825833333333337,344.28,2.22,1,8,108.34,3,0,-9.24,success
4-(alpha-L-rhamnopyranosyl)ellagic acid,O[C@H]1[C@@H](O[C@H]([C@@H]([C@H]1O)O)C)Oc1cc2c(=O)oc3c4c2c(c1O)oc(=O)c4cc(c3O)O,default,5.9234,success,-5.39,,success,0.33995,448.34,-0.19,6,12,200.26,2,2,-7.23,success
3-O-methyl-4-(alpha-L-rhamnopyranosyl)ellagic acid,COc1c(O[C@@H]2O[C@@H](C)[C@@H]([C@H]([C@H]2O)O)O)cc2c3c1oc(=O)c1c3c(oc2=O)c(c(c1)O)O,default,5.9553,success,-5.67,,success,0.3519416666666667,462.36,0.12,5,12,189.26,3,1,-7.35,success
ellagitannin,CC(=O)C[C@]1(O)C(=O)C=C2[C@@H]3[C@@]1(O)Oc1c3c(cc(c1O)O)C(=O)O[C@H]1[C@H]3[C@@H](OC2=O)[C@@H](O[C@@H]1COC(=O)c1c(c2c(C(=O)O3)cc(O)c(c2O)O)c(O)c(c(c1)O)O)OC(=O)c1cc(O)c(c(c1)O)O,default,6.7629,success,-0.02,,success,0.23090833333333335,992.71,-0.07,13,27,447.09,4,3,-5.87,success
punicalagin,OC1O[C@@H]2COC(=O)c3cc(O)c(c(c3c3c(O)c(O)c4c5c3c(=O)oc3c(c(c(c6c(C(=O)O[C@H]2[C@H]2[C@H]1OC(=O)c1cc(O)c(c(c1c1c(C(=O)O2)cc(c(c1O)O)O)O)O)cc(O)c(c6O)O)c(c(=O)o4)c53)O)O)O)O,default,6.2948,success,-1.59,,success,0.24423333333333336,1084.72,1.96,17,30,518.76,0,3,-6.72,success
3'5'-dihydroxy-4-(2-hydroxy-ethoxy) resveratrol-3-O-Î²-rutinoside,OCCOc1ccc(cc1)/C=C/c1cc(O[C@@H]2O[C@H](COC3O[C@@H](C)[C@@H]([C@H]([C@H]3O)O)O)[C@H]([C@@H]([C@H]2O)O)O)cc(c1)O,default,6.8327,success,-3.0,,success,0.33605833333333335,580.58,-1.04,8,13,207.99,10,3,-5.93,success
"3',4,5'-trihydroxystilbene",Oc1ccc(cc1)/C=C/c1cc(O)cc(c1)O,default,4.7948,success,-8.95,,success,0.36456666666666665,228.25,2.97,3,3,60.69,2,0,-10.06,success
punicalagin,O[C@@H]1O[C@@H]2COC(=O)c3cc(O)c(c(c3c3c(O)c(O)c4c5c3c(=O)oc3c(c(c(c6c(C(=O)O[C@H]2[C@H]2[C@H]1OC(=O)c1cc(O)c(c(c1c1c(C(=O)O2)cc(c(c1O)O)O)O)O)cc(O)c(c6O)O)c(c(=O)o4)c53)O)O)O)O,default,6.2948,success,-1.73,,success,0.24890000000000004,1084.72,1.96,17,30,518.76,0,3,-6.72,success
artemisinin,O=C1O[C@@H]2O[C@@]3(C)CC[C@@H]4[C@]2([C@H]([C@H]1C)CC[C@H]4C)OO3,default,5.4058,success,-8.77,,success,0.40948333333333337,282.34,2.39,0,5,53.99,0,0,-10.11,success
"5,7,4'-trihydroxy-3,8,3',5'-tetramethoxyflavone",COc1cc(cc(c1O)OC)c1oc2c(OC)c(O)cc(c2c(=O)c1OC)O,default,5.258,success,-9.04,,success,0.4061666666666666,390.34,2.61,3,9,127.82,5,0,-9.28,success
"5,7,3'-trihydroxy-3,8,4',5'-tetramethoxyflavone",COc1cc(cc(c1OC)O)c1oc2c(OC)c(O)cc(c2c(=O)c1OC)O,default,5.374,success,-9.16,,success,0.41983333333333334,390.34,2.61,3,9,127.82,5,0,-9.27,success
8-acetoxyisochiliolide lactone,CC(=O)O[C@@]1(C)CC[C@]2([C@]3([C@]41CC(OC4=O)c1ccoc1)CC[C@]2(C(=O)O3)C)C,default,5.6688,success,-9.77,,success,0.46473333333333333,402.44,3.47,0,7,92.04,2,0,-9.55,success
"5,7,4'-trihydroxy-3,8,3'-trimethoxyflavone",COc1cc(ccc1O)c1oc2c(OC)c(O)cc(c2c(=O)c1OC)O,default,5.4765,success,-10.15,,success,0.461375,360.32,2.6,3,8,118.59,4,0,-9.62,success
"5,3',4'-trihydroxy-3,7,8-trimethoxyflavone",COc1cc(O)c2c(c1OC)oc(c(c2=O)OC)c1ccc(c(c1)O)O,default,5.4626,success,-10.09,,success,0.45821666666666666,360.32,2.6,3,8,118.59,4,0,-9.56,success
"5,3',4'-trihydroxy-7-methoxyflavanone",COc1cc2OC(CC(=O)c2c(c1)O)c1ccc(c(c1)O)O,default,5.9419,success,-11.37,,success,0.540825,302.28,2.52,3,6,96.22,2,0,-10.09,success
"7,8-epoxyisocholiolide lactone",O=C1OC(C[C@@]21[C@@]1(C)O[C@H]1C[C@]1([C@]32CC[C@]1(C(=O)O3)C)C)c1cocc1,default,5.8271,success,-10.22,,success,0.49292499999999995,358.39,2.92,0,6,78.27,1,0,-10.12,success
"5-hydroxy-3,7,4'-trimethoxyflavone",COc1ccc(cc1)c1oc2cc(OC)cc(c2c(=O)c1OC)O,default,5.1231,success,-11.06,,success,0.4622583333333334,328.32,3.19,1,6,78.13,4,0,-9.96,success
"3,5- dihydroxy-7,4'-dimethoxyflavone",COc1ccc(cc1)c1oc2cc(OC)cc(c2c(=O)c1O)O,default,5.2504,success,-10.75,,success,0.46253333333333335,314.29,2.89,2,6,89.13,3,0,-9.96,success
"5,4'-dihydroxy-3,7,3'-trimethoxyflavone",COc1cc(O)c2c(c1)oc(c(c2=O)OC)c1ccc(c(c1)OC)O,default,5.3655,success,-10.74,,success,0.47179166666666666,344.32,2.9,2,7,98.36,4,0,-9.8,success
"3,5-dihydroxy-3',4',7-trimethoxyflavone",COc1cc(O)c2c(c1)oc(c(c2=O)O)c1ccc(c(c1)OC)OC,default,5.2431,success,-10.23,,success,0.4445916666666667,344.32,2.9,2,7,98.36,4,0,-9.85,success
rhamnazin,COc1cc(O)c2c(c1)oc(c(c2=O)O)c1ccc(c(c1)OC)O,default,5.4864,success,-11.06,,success,0.4925333333333333,330.29,2.59,3,7,109.36,3,0,-9.83,success
rhamnocitrin,COc1cc(O)c2c(c1)oc(c(c2=O)O)c1ccc(cc1)O,default,5.3375,success,-10.51,,success,0.4617916666666667,300.27,2.59,3,6,100.13,2,0,-9.9,success
"5,4'-dihydroxy-7-dimethoxyflavanone",COC1(CC(=O)c2c(O1)cc(cc2O)OC)c1ccc(cc1)O,default,5.842,success,-11.07,,success,0.5225,316.31,2.57,2,6,85.22,3,0,-10.33,success
"5-hydroxy-3,6,7,4'-tetramethoxyflavone",COc1ccc(cc1)c1oc2cc(OC)c(c(c2c(=O)c1OC)O)OC,default,4.9132,success,-10.82,,success,0.4367666666666667,358.35,3.2,1,7,87.36,5,0,-9.78,success
retusin,COc1cc(O)c2c(c1)oc(c(c2=O)OC)c1ccc(c(c1)OC)OC,default,5.1248,success,-10.86,,success,0.45573333333333327,358.35,3.2,1,7,87.36,5,0,-9.69,success
isokaempferide,COc1c(oc2c(c1=O)c(O)cc(c2)O)c1ccc(cc1)O,default,5.1877,success,-10.65,,success,0.4539750000000001,300.27,2.59,3,6,100.13,2,0,-9.95,success
"5,7- dihydroxy-3,4'-dimethoxyflavone",COc1ccc(cc1)c1oc2cc(O)cc(c2c(=O)c1OC)O,default,5.1447,success,-11.22,,success,0.4693916666666667,314.29,2.89,2,6,89.13,3,0,-10.01,success
"quercetin-3,4'-dimethyl ether",COc1ccc(cc1O)c1oc2cc(O)cc(c2c(=O)c1OC)O,default,5.1481,success,-11.15,,success,0.4673416666666667,330.29,2.59,3,7,109.36,3,0,-9.79,success
4-hydroxymethylbenzoate,COC(=O)c1ccc(cc1)O,default,3.7947,success,-8.97,,success,0.29900000000000004,152.15,1.18,1,3,46.53,1,0,-9.88,success
3-acetoxy-7-hydroxy-5-tigloyloxycarvotacetone,C/C=C(/C(=O)O[C@H]1C(C(C)C)[C@H](OC(=O)C)C=C(C1=O)CO)\C,default,5.8812,success,-8.87,,success,0.45243333333333324,324.37,1.57,1,6,89.9,5,0,-9.38,success
"3,7-dihydroxy-5-tigloyloxycarvotacetone",C/C=C(/C(=O)O[C@H]1C(C(C)C)[C@H](O)C=C(C1=O)CO)\C,default,5.853,success,-7.47,,success,0.40341666666666665,282.34,1.0,2,5,83.83,4,0,-9.35,success
"3-acetoxy-5,7-dihydroxycarvotacetone",OCC1=C[C@@H](OC(=O)C)C([C@@H](C1=O)O)C(C)C,default,5.5809,success,-5.98,,success,0.331075,242.27,0.05,2,5,83.83,3,0,-9.2,success
"3,5,7-trihydroxy-carvotacetone",OCC1=C[C@@H](O)C([C@@H](C1=O)O)C(C)C,default,5.6055,success,-5.24,,success,0.30845833333333333,200.23,-0.52,3,4,77.76,2,0,-8.93,success
coniferaldehyde,O=C/C=C/c1ccc(c(c1)OC)O,default,5.2206,success,-8.79,,success,0.39471666666666666,178.19,1.61,1,3,46.53,3,0,-9.79,success
caffeic acid,OC(=O)/C=C/c1ccc(c(c1)O)O,default,5.1021,success,-8.84,,success,0.38650833333333334,180.16,1.2,3,3,77.76,2,0,-9.48,success
5-O-beta-glucopyranosylcarvotacetone,OC[C@H]1OC(O[C@H]2C(CC=C(C2=O)CO)C(C)C)[C@@H]([C@H]([C@@H]1O)O)O,default,6.0606,success,-4.87,,success,0.33404999999999996,346.38,-1.66,5,8,136.68,5,0,-8.17,success
thymol 3-O-beta-glucopyranoside,OC[C@H]1O[C@@H](Oc2cc(C)ccc2C(C)C)[C@@H]([C@H]([C@@H]1O)O)O,default,5.8858,success,-7.0,,success,0.3904833333333333,312.36,0.3,4,6,99.38,4,0,-9.47,success
zataroside B,OC[C@H]1O[C@@H](Oc2cc(C(C)C)c(cc2C)O)[C@@H]([C@H]([C@@H]1O)O)O,default,6.3109,success,-6.89,,success,0.4222416666666667,328.36,0.0,5,7,119.61,4,0,-9.14,success
zataroside A,OC[C@H]1O[C@@H](Oc2cc(C)c(cc2C(C)C)O)[C@@H]([C@H]([C@@H]1O)O)O,default,6.3471,success,-6.7,,success,0.418925,328.36,0.0,5,7,119.61,4,0,-9.13,success
"5-(penta-1,3-diynyl)-2-(but-3-en-1-ynyl)-thiophene",CC#CC#Cc1ccc(s1)C#CC=C,default,5.2216,success,-4.98,,success,0.2678,196.27,2.66,0,1,0.0,0,0,-10.56,success
"5-(penta-1,3-diynyl)-2-(4-acetoxy-but-1-ynyl)-thiophene",CC#CC#Cc1ccc(s1)C#CCCOC(=O)C,default,5.1847,success,-9.77,,success,0.42439166666666667,256.33,2.43,0,3,26.3,2,0,-10.18,success
"5-(penta-1,3-diynyl)-2-(3-hydroxy-4-acetoxy-but-1-ynyl)-thiophene",CC#CC#Cc1ccc(s1)C#CC(COC(=O)C)O,default,5.0934,success,-11.41,,success,0.47145000000000004,272.32,1.4,1,4,46.53,2,0,-10.1,success
"5-(penta-1,3-diynyl)-2-(3,4-diacetoxy-but-1-ynyl)-thiophene",CC#CC#Cc1ccc(s1)C#CC(OC(=O)C)COC(=O)C,default,5.2528,success,-10.39,,success,0.4507333333333333,314.36,1.97,0,5,52.6,3,0,-10.17,success
"5-(penta-1,3-diynyl)-2-(3-chloro-4-acetoxy-but-1-ynyl)-thiophene",CC#CC#Cc1ccc(s1)C#CC(COC(=O)C)Cl,default,5.3446,success,-10.32,,success,0.45605,290.77,2.64,0,3,26.3,2,0,-10.3,success
"5-(penta-1,3-diynyl)-2-(3,4-epoxy-but-1-ynyl)-thiophene",CC#CC#Cc1ccc(s1)C#CC1CO1,default,5.3336,success,-6.4,,success,0.3244666666666667,212.27,1.87,0,2,12.53,0,0,-10.31,success
5-[(5-acetoxymethyl-2-thienyl)-2-(but-3-en-1-ynyl)]-thiophene,C=CC#Cc1ccc(s1)c1ccc(s1)COC(=O)C,default,5.5368,success,-7.63,,success,0.3824000000000001,288.39,4.08,0,4,26.3,3,0,-10.02,success
myristic acid,CCCCCCCCCCCCCC(=O)O,default,3.939,success,-4.64,,success,0.15466666666666665,228.38,4.77,1,1,37.3,12,0,-8.53,success
pentadecanoic acid,CCCCCCCCCCCCCCC(=O)O,default,3.939,success,-3.94,,success,0.13133333333333333,242.4,5.16,1,1,37.3,13,1,-8.24,success
myristic acid methyl ester,CCCCCCCCCCCCCC(=O)OC,default,3.9823,success,-3.0,,success,0.1,242.4,4.86,0,2,26.3,12,0,-8.45,success
palmitic acid methyl ester,CCCCCCCCCCCCCCCC(=O)OC,default,3.9823,success,-4.82,,success,0.16066666666666668,270.46,5.64,0,2,26.3,14,1,-8.08,success
linoleic acid methyl ester,CCCCC/C=C\C/C=C\CCCCCCCC(=O)OC,default,4.3375,success,-4.66,,success,0.1834583333333334,294.48,5.97,0,2,26.3,14,1,-8.0,success
oleic acid methyl ester,CCCCCCCC/C=C\CCCCCCCC(=O)OC,default,4.2689,success,-5.16,,success,0.19440833333333338,296.49,6.2,0,2,26.3,15,1,-7.86,success
stearic acid methyl ester,CCCCCCCCCCCCCCCCCC(=O)OC,default,3.9823,success,-5.12,,success,0.17066666666666666,298.51,6.42,0,2,26.3,16,1,-7.9,success
11-eicosanoic acid methyl ester,CCCCCCCC/C=C/CCCCCCCCCC(=O)OC,default,4.2689,success,-5.02,,success,0.18974166666666667,324.55,6.98,0,2,26.3,17,1,-7.7,success
arachidic acid methyl ester,CCCCCCCCCCCCCCCCCCCC(=O)OC,default,3.9823,success,-5.01,,success,0.16699999999999998,326.56,7.2,0,2,26.3,18,1,-7.74,success
"cis-2,3-dihydro-2,3,9-trimethyl-3-(2-keto-3,4-epoxy-4-methylpentyl)-4H-furo[3,2-c][1]benzopyran-4-one",O=C([C@@H]1OC1(C)C)C[C@]1(C)[C@H](C)Oc2c1c(=O)oc1c2c(C)ccc1,default,5.2056,success,-9.59,,success,0.4201333333333333,342.39,3.28,0,5,69.04,3,0,-9.92,success
"trans-2,3-dihydro-2,3,9-trimethyl-3-(2-keto-3,4-epoxy-4-methylpentyl)-4H-furo[3,2-c][1]benzopyran-4-one",O=C([C@@H]1OC1(C)C)C[C@]1(C)[C@@H](C)Oc2c1c(=O)oc1c2c(C)ccc1,default,5.2056,success,-10.28,,success,0.44313333333333327,342.39,3.28,0,5,69.04,3,0,-9.92,success
"5,7-dihydroxy-2',3',4',5'-tetramethoxyflavone",COc1cc(c2cc(=O)c3c(o2)cc(cc3O)O)c(c(c1OC)OC)OC,default,5.1401,success,-10.12,,success,0.4323416666666667,374.35,2.91,2,8,107.59,5,0,-9.53,success
"5,4'-dihydroxy-7,2',3',5'-tetramethoxyflavone",COc1cc(O)c2c(c1)oc(cc2=O)c1cc(OC)c(c(c1OC)OC)O,default,5.0815,success,-9.89,,success,0.4197916666666667,374.35,2.91,2,8,107.59,5,0,-9.52,success
"5,7,4'-trihydroxy-2',3',5'-trimethoxyflavone",COc1cc(c2cc(=O)c3c(o2)cc(cc3O)O)c(c(c1O)OC)OC,default,5.0283,success,-10.72,,success,0.443025,360.32,2.6,3,8,118.59,4,0,-9.61,success
"5-hydroxy-7,2',3',4',5'-pentamethoxyflavone",COc1cc(O)c2c(c1)oc(cc2=O)c1cc(OC)c(c(c1OC)OC)OC,default,5.1622,success,-9.58,,success,0.4161833333333334,388.37,3.21,1,8,96.59,6,0,-9.36,success
"5,7,3'-trihydroxy-2',4',5'-trimethoxyflavone",COc1c(cc(c(c1O)OC)OC)c1cc(=O)c2c(o1)cc(cc2O)O,default,5.0554,success,-10.19,,success,0.42761666666666664,360.32,2.6,3,8,118.59,4,0,-9.62,success
Z-docosyl-p-coumarate,CCCCCCCCCCCCCCCCCCCCCCOC(=O)/C=C\c1ccc(cc1)O,default,4.7763,success,-7.09,,success,0.301025,472.75,9.77,1,3,46.53,23,1,-7.17,success
E-docosyl-p-coumarate,CCCCCCCCCCCCCCCCCCCCCCOC(=O)/C=C/c1ccc(cc1)O,default,4.7763,success,-6.58,,success,0.28402499999999997,472.75,9.77,1,3,46.53,23,1,-7.17,success
7-O-tigloylplatynecine,OC[C@H]1CCN2C1[C@@H](CC2)OC(=O)/C(=C/C)/C,default,5.0883,success,-5.31,,success,0.26769166666666666,239.31,0.95,1,4,49.77,3,0,-9.57,success
7-O-senecioylplatynecine,OC[C@H]1CCN2[C@H]1[C@@H](CC2)OC(=O)C=C(C)C,default,5.1648,success,-5.95,,success,0.2954,239.31,0.95,1,4,49.77,3,0,-9.5,success
retroisosenine,O=C1O[C@@H]2CCN3[C@@H]2C(=CC3)COC(=O)[C@]2(O[C@](C1)(C)C[C@H]2C)C,default,6.0133,success,-8.63,,success,0.4554416666666667,335.4,1.43,0,6,65.07,0,0,-9.89,success
senecionine,C/C=C\1/C[C@@H](C)[C@@](C)(O)C(=O)OCC2=CCN3[C@H]2[C@H](OC1=O)CC3,default,5.5429,success,-9.78,,success,0.45457499999999995,335.4,1.19,1,6,76.07,0,0,-9.61,success
seneciphylline,C/C=C\1/CC(=C)[C@@](C)(O)C(=O)OCC2=CCN3[C@H]2[C@H](OC1=O)CC3,default,5.4716,success,-9.76,,success,0.4479666666666666,333.38,1.11,1,6,76.07,0,0,-9.63,success
bulgarsenine,O=C1/C=C(/C)\C[C@H](C)[C@@](C)(O)C(=O)OC[C@H]2C3[C@@H](O1)CCN3CC2,default,5.5282,success,-9.98,,success,0.46001666666666663,337.42,1.27,1,6,76.07,0,0,-10.04,success
integerrimine,C/C=C/1\C[C@@H](C)[C@@](C)(O)C(=O)OCC2=CCN3[C@H]2[C@H](OC1=O)CC3,default,5.5429,success,-10.13,,success,0.46624166666666667,335.4,1.19,1,6,76.07,0,0,-9.61,success
neoplatyphylline,C/C=C/1\C[C@@H](C)[C@@](C)(O)C(=O)OC[C@@H]2[C@@H]3[C@H](OC1=O)CCN3CC2,default,5.6679,success,-9.53,,success,0.4566583333333334,337.42,1.27,1,6,76.07,0,0,-9.83,success
jacobine,O=C1OCC2=CCN3[C@H]2[C@@H](CC3)OC(=O)[C@@]2(C[C@H]([C@@]1(C)O)C)O[C@H]2C,default,5.6317,success,-8.1,,success,0.405975,351.4,0.4,1,7,88.6,0,0,-9.36,success
erucifoline (Z),C/C=C\1/CC2(CO)OC2(C)C(=O)OCC2=CCN3[C@H]2[C@H](OC1=O)CC3,default,5.9314,success,-8.19,,success,0.43394999999999995,349.38,0.33,1,7,88.6,1,0,-9.15,success
retrosine,C/C=C\1/CC(C)C(O)(CO)C(=O)OCC2=CCN3C2C(OC1=O)CC3,default,5.611,success,-8.36,,success,0.41291666666666665,351.4,0.17,2,7,96.3,1,0,-9.21,success
jaconine,CC([C@@]1(O)C[C@@H](C)[C@@](C)(O)C(=O)OCC2=CCN3[C@H]2[C@H](OC1=O)CC3)Cl,default,5.7812,success,-7.9,,success,0.4117666666666667,387.86,0.6,2,7,96.3,1,0,-9.15,success
eruciflorine (E),OC/C=C/1\C[C@H](C)[C@](C)(O)C(=O)OCC2=CCN3[C@@H]2C(OC1=O)CC3,default,5.6454,success,-7.59,,success,0.39011666666666667,351.4,0.17,2,7,96.3,1,0,-9.14,success
"6alpha,17,19-ent-trachylobantriol",OC[C@]12C[C@]34C[C@H]1[C@@H]2C[C@H]3[C@]1([C@H]([C@@H](C4)O)[C@](C)(CO)CCC1)C,default,5.8649,success,,,failed,0.3108166666666666,320.47,2.58,3,3,60.69,2,0,-10.24,success
"2alpha,18,19-ent-trachylobantriol",OCC1(CO)C[C@@H](O)C[C@@]2([C@@H]1CC[C@]13[C@H]2C[C@H]2[C@H](C1)[C@@]2(C3)C)C,default,5.4822,success,,,failed,0.2470333333333333,320.47,2.58,3,3,60.69,2,0,-10.26,success
"2beta,6alpha,18,19-ent-trachylobantetraol",OCC1(CO)C[C@@H](O)C[C@@]2([C@H]1[C@H](O)C[C@]13[C@@H]2C[C@H]2[C@H](C1)[C@@]2(C3)C)C,default,5.8177,success,,,failed,0.30295000000000005,336.47,1.55,4,4,80.92,2,0,-9.79,success
"(1S,5R)-(-)-2,4,4-trimethylbicyclo[3.1.1]hept-2-en-6-one",CC1=CC(C)(C)[C@H]2C[C@@H]1C2=O,default,4.9609,success,-4.67,,success,0.23574166666666663,150.22,2.18,0,1,17.07,0,0,-9.99,success
"(1S,5R)-(+)-chrysanthenone",CC1=CCC2C(=O)C1C2(C)C,default,4.7527,success,-4.45,,success,0.21105833333333335,150.22,2.18,0,1,17.07,0,0,-9.97,success
thymoquinol dimethyl ether,COc1cc(C(C)C)c(cc1C)OC,default,5.1826,success,-6.22,,success,0.3058833333333333,194.27,3.14,0,2,18.46,3,0,-10.38,success
"(2E,4E)-3,7-dimethylocta-2,4,6-trienal",O=C/C=C(/C=C/C=C(C)C)\C,default,4.9509,success,-4.53,,success,0.23024166666666665,150.22,2.65,0,1,17.07,3,0,-9.56,success
"(2Z,4E)-3,7-dimethylocta-2,4,6-trienal",O=C/C=C(\C=C\C=C(C)C)/C,default,4.9509,success,-4.08,,success,0.21524166666666666,150.22,2.65,0,1,17.07,3,0,-9.56,success
filifolone,CC1=CCC2C1C(=O)C2(C)C,default,4.6578,success,-4.64,,success,0.2094833333333333,150.22,2.18,0,1,17.07,0,0,-9.98,success
3-(3'-acetoxy-2'-hydroxy-2'-methyl butyryl)-cuauhtemone,CC(=O)OC(C(C(=O)OC1CCC2(C(C1(C)O)CC(=C(C)C)C(=O)C2)C)(OC(=O)C)C)C,default,5.5289,success,-8.81,,success,0.42107500000000003,452.54,3.04,1,8,116.2,5,0,-8.55,success
"3',5,6-trihydroxy-3,6-dimethoxyflavone",COc1ccc(cc1O)c1oc2cc(OC)c(c(c2c(=O)c1OC)O)O,default,5.134,success,-10.97,,success,0.4601666666666667,360.32,2.6,3,8,118.59,4,0,-9.61,success
rutin,Oc1cc(O)c2c(c1)oc(c(c2=O)O[C@@H]1O[C@H](CO[C@@H]2O[C@@H](C)[C@@H]([C@H]([C@H]2O)O)O)[C@H]([C@@H]([C@H]1O)O)O)c1ccc(c(c1)O)O,default,6.5443,success,-1.14,,success,0.250025,610.52,-1.69,10,16,269.43,6,3,-6.08,success
antheindurolide A,C/C(=C\CC1COC(=O)C1=C)/CC1CC(C(=O)O1)C,default,5.4615,success,-8.52,,success,0.40579166666666666,264.32,2.39,0,4,52.6,4,0,-9.63,success
dihydro-5-(4-(tetrahydro-3- methylene-2-oxofuran-4-yl)-2-hydroxy-2-methylbut-3-enyl)-3-methylfuran-2(3H)-one,CC1CC(OC1=O)CC(/C=C/C1COC(=O)C1=C)(O)C,default,6.1272,success,-10.34,,success,0.5219333333333334,280.32,1.36,1,5,72.83,4,0,-9.36,success
"8-(tetrahydro-3'-methylene-2'-oxofuran-4'-yl)-2,6-dimethylocta-2,6-dienal",O=C/C(=C/CC/C(=C/CC1COC(=O)C1=C)/C)/C,default,5.3993,success,-6.44,,success,0.33127500000000004,248.32,2.98,0,3,43.37,6,0,-9.24,success
borneol,O[C@H]1C[C@@H]2C([C@@]1(C)CC2)(C)C,default,4.3386,success,-6.92,,success,0.2588833333333333,154.25,2.19,1,1,20.23,0,0,-10.07,success
bornyl acetate,CC(=O)O[C@@H]1C[C@H]2C([C@]1(C)CC2)(C)C,default,4.419,success,-6.15,,success,0.23991666666666664,196.29,2.76,0,2,26.3,1,0,-10.16,success
3-carene,CC1=CCC2C(C1)C2(C)C,default,4.5803,success,-4.7,,success,0.20502500000000004,136.24,3.0,0,0,0.0,0,0,-9.98,success
"1,8-cineol",CC12CCC(CC1)C(O2)(C)C,default,4.6494,success,-4.51,,success,0.20445,154.25,2.74,0,1,9.23,0,0,-10.2,success
cubenol,CC1=C[C@@H]2[C@](CC1)(O)[C@H](C)CC[C@H]2C(C)C,default,5.0845,success,-6.88,,success,0.31970833333333337,222.37,3.78,1,1,20.23,1,0,-10.12,success
3-O-(3'-acetoxy-2'-hydroxy-2'-methylbutyryl)cuauthemone,CC(=O)OC(C(C(=O)O[C@@H]1CC[C@]2([C@@]([C@]1(C)O)(C)CC(=C(C)C)C(=O)C2)C)(O)C)C,default,5.3765,success,-8.74,,success,0.4060416666666667,424.53,2.86,2,7,110.13,4,0,-9.09,success
4-O-acetylcuauthemone-3-O-angelate,C/C=C(\C(=O)O[C@@H]1CC[C@]2([C@@]([C@]1(C)OC(=O)C)(C)CC(=C(C)C)C(=O)C2)C)/C,default,5.4506,success,-5.89,,success,0.31721666666666665,390.52,4.69,0,5,69.67,3,0,-9.17,success
4-O-acetylcuauthemone 3-O-(2'-hydroxy-2'-methyl-3'-acetoxybutyrate),CC(=O)OC(C(C(=O)O[C@@H]1CC[C@]2([C@@]([C@]1(C)OC(=O)C)(C)CC(=C(C)C)C(=O)C2)C)(O)C)C,default,5.5981,success,-8.87,,success,0.42884166666666657,466.57,3.43,1,8,116.2,5,0,-8.46,success
"3',4',5,7-tetrahydroxy-3,6-dimethoxyflavone",COc1c(O)cc2c(c1O)c(=O)c(c(o2)c1ccc(c(c1)O)O)OC,default,5.2684,success,-9.69,,success,0.42869999999999997,346.29,2.3,4,8,129.59,3,0,-9.55,success
5-O-methylhoslundin,COc1cc2oc(cc(=O)c2c(c1c1coc(c(c1=O)OC)C)OC)c1ccccc1,default,5.6951,success,-7.95,,success,0.4062583333333334,420.42,4.41,0,7,88.11,5,0,-8.54,success
hoslundin,COc1cc2oc(cc(=O)c2c(c1c1coc(c(c1=O)OC)C)O)c1ccccc1,default,5.6718,success,-10.6,,success,0.49265000000000003,406.39,4.11,1,7,99.11,4,0,-8.79,success
caffeine,Cn1cnc2c1c(=O)n(C)c(=O)n2C,default,4.9233,success,-5.57,,success,0.26260833333333333,194.19,-1.03,0,6,61.82,0,0,-9.19,success
vernolide,CC(=C)C(=O)O[C@H]1C[C@@]23O[C@@H]2CC/C(=C/[C@@H]2[C@@H]1C(=C)C(=O)O2)/CO[C@H]3O,default,6.3754,success,-9.53,,success,0.5156166666666666,362.38,1.17,1,7,94.59,2,0,-9.2,success
vernodalol,COC(=O)C(=C)[C@@H]1[C@@H](OC(=O)C(=C)CO)C[C@]2([C@@H]([C@H]1O)C(=C)C(=O)OC2)C=C,default,6.0015,success,-7.15,,success,0.405125,392.4,0.46,2,8,119.36,6,0,-8.31,success
4-O-acetylcuauthemone 3-O-angelate,C/C=C(\C(=O)OC1CCC2(C(C1(C)OC(=O)C)CC(=C(C)C)C(=O)C2)C)/C,default,5.2938,success,-6.17,,success,0.31348333333333334,376.49,4.3,0,5,69.67,3,0,-9.3,success
4-O-acetylcuauthemone3-O-(2'-methyl-2'-hydroxy-3-acetoxy butyrate),CC(=O)OC(C(C(=O)OC1CCC2(C(C1(C)OC(=O)C)CC(=C(C)C)C(=O)C2)C)(O)C)C,default,5.4567,success,-8.7,,success,0.4113916666666666,452.54,3.04,1,8,116.2,5,0,-8.58,success
3-(3'-acetoxy-2'-hydroxy-2'-methyl butyryl)-cuauhtemone,CC(=O)OC(C(C(=O)OC1CCC2(C(C1(C)O)CC(=C(C)C)C(=O)C2)C)(O)C)C,default,5.3001,success,-9.36,,success,0.4203416666666666,410.51,2.47,2,7,110.13,4,0,-9.28,success
"4',5,7-trihydroxy-3',3,6-trimethoxyflavone",COc1cc(ccc1O)c1oc2cc(O)c(c(c2c(=O)c1OC)O)OC,default,5.257,success,-10.32,,success,0.44875,360.32,2.6,3,8,118.59,4,0,-9.66,success
trivernolin,CCCCC[C@H]1O[C@H]1C/C=C\CCCCCCCC(=O)OC(COC(=O)CCCCCCC/C=C\C[C@@H]1O[C@@H]1CCCCC)COC(=O)CCCCCCC/C=C\C[C@@H]1O[C@@H]1CCCCC,default,5.7435,success,,,failed,0.29058333333333336,927.4,15.06,0,9,116.49,47,2,-5.02,success
vernolic acid,CCCCC[C@H]1O[C@H]1C/C=C\CCCCCCCC(=O)O,default,5.229,success,-5.99,,success,0.30208333333333337,296.45,5.1,1,2,49.83,14,1,-8.04,success
arachidic acid,CCCCCCCCCCCCCCCCCCCC(=O)O,default,3.939,success,-5.79,,success,0.193,312.54,7.11,1,1,37.3,18,1,-7.76,success
"labda-8(17),13-diene-15,19-dioic acid butenolide",O=C1OCC(=C1)CCC1C(=C)CCC2C1(C)CCCC2(C)C(=O)O,default,5.6342,success,-7.52,,success,0.38684999999999997,332.44,4.11,1,3,63.6,4,0,-9.56,success
"16-methoxylabda-8(17),13-diene15,19-dioic acid butenolide",COC1OC(=O)C=C1CCC1C(=C)CCC2C1(C)CCCC2(C)C(=O)O,default,5.518,success,-8.4,,success,0.4065,362.47,4.09,1,4,72.83,5,0,-9.34,success
conyzanol A,CO[C@H]1OC(C(C1(O)CCC1C(=C)CCC2C1(C)CCCC2(C)C(=O)O)O)OC,default,5.7842,success,-9.48,,success,0.46468333333333334,412.52,2.7,3,6,105.45,6,0,-9.19,success
conyzanol B,CO[C@@H]1OC(C(C1(O)CCC1C(=C)CCC2C1(C)CCCC2(C)C(=O)O)O)OC,default,5.7842,success,-8.62,,success,0.4360166666666667,412.52,2.7,3,6,105.45,6,0,-9.19,success
16-hydroxybutenolide,O=C1C=C(C(O1)O)CCC1C(=C)CCC2C1(C)CCCC2(C)C(=O)O,default,5.7876,success,-9.72,,success,0.4729666666666667,348.44,3.43,2,4,83.83,4,0,-9.52,success
famesylic acid,C/C(=C\CC/C(=C/C(=O)O)/C)/CCC=C(C)C,default,4.5738,success,-4.68,,success,0.2038166666666667,236.35,4.49,1,1,37.3,7,0,-9.08,success
"1beta,10alpha,2alpha,3alpha-bisepoxy-5beta-hydroxy-8alpha-methacryloyloxy-germacra- 4(15),11(13)-dien-12,6alpha-olide",C=C1[C@H](O)[C@H]2OC(=O)C(=C)[C@@H]2[C@@H](OC(=O)C(=C)C)C[C@@]2([C@@H]([C@@H]3[C@H]1O3)O2)C,default,6.1044,success,-7.51,,success,0.4257,362.38,0.82,1,7,97.89,2,0,-9.04,success
"8alpha-angeloyloxy-1beta,10alpha,4alpha,5beta-bisepoxy-3beta-hydroxygermacr-11(13)-en-12,6alpha-olide",C/C=C(\C(=O)O[C@H]1C[C@@]2(C)O[C@@H]2[C@H]2O[C@H]2C(=C)[C@@H]([C@@H]2[C@@H]1C(=C)C(=O)O2)O)/C,default,6.0466,success,-9.77,,success,0.49621666666666664,376.41,1.21,1,7,97.89,2,0,-9.04,success
"8alpha-angeloyloxy-1beta,10alpha-epoxy-2alpha,15-dihydroxygermacra-4Z,11(13)-dien-12,6alpha-olide",C/C=C(\C(=O)O[C@H]1C[C@@]2(C)O[C@@H]2[C@@H](O)C/C(=C/[C@@H]2[C@@H]1C(=C)C(=O)O2)/CO)/C,default,6.3212,success,-10.16,,success,0.5321,378.42,1.19,2,7,105.59,3,0,-8.97,success
"8alpha-angeloyloxy-1beta,10alpha-epoxy-2alpha,15-dihydroxy-11betaH-germacr-4Z-en-12,6alpha-olide",C/C=C(\C(=O)O[C@H]1C[C@@]2(C)O[C@@H]2[C@@H](O)C/C(=C/[C@@H]2[C@@H]1C(C)C(=O)O2)/CO)/C,default,6.187,success,-9.06,,success,0.48425,380.44,1.27,2,7,105.59,3,0,-8.97,success
"8alpha-angeloyloxy-1beta,10alpha-epoxy-2alpha-hydroxy-l5-oxo-germacr-11(13)-en-12,6alpha-olide",O=CC1C[C@H]2OC(=O)C(=C)[C@@H]2[C@@H](OC(=O)/C(=C\C)/C)C[C@@]2([C@@H]([C@H](C1)O)O2)C,default,6.333,success,-10.28,,success,0.5370833333333334,378.42,1.48,1,7,102.43,3,0,-9.05,success
isoline,CC[C@@]1(O)C[C@@H](C)[C@](C)(OC(=O)C)C(=O)OCC2=CCN3[C@H]2[C@H](OC1=O)CC3,default,5.515,success,-7.87,,success,0.38858333333333334,395.45,0.96,1,8,102.37,2,0,-9.08,success
7beta-hydroxy-1-methylene-8alpha-pyrrolizidine N-oxide,O[C@@H]1CCN2[C@H]1C(=C)CC2,default,4.7412,success,-5.17,,success,0.2341,139.2,0.38,1,2,23.47,0,0,-9.49,success
7beta-hydroxy-1-methylene-8alpha-pyrrolizidine,O[C@@H]1CCN2[C@@H]1C(=C)CC2,default,4.7412,success,-5.09,,success,0.23143333333333332,139.2,0.38,1,2,23.47,0,0,-9.49,success
"4alpha-acetoxy-3alpha-(2',3'-epoxy-2'-methylbutyrate)-11-hydroxy-6,7-dehydro-eudesman-8-one",CC(=O)OC1(C)C(CCC2(C1C=C(C(=O)C2)C(C)(C)C)C)OC(=O)C1(C)OC1C,default,5.5667,success,-8.7,,success,0.4205583333333333,406.52,3.76,0,6,82.2,3,0,-9.23,success
farnesylamine,NC/C=C(/CC/C=C(/CCC=C(C)C)\C)\C,default,4.5837,success,-3.98,,success,0.18130833333333335,221.39,4.36,1,1,26.02,7,0,-9.25,success
oleanolic acid,O[C@H]1CC[C@]2([C@H](C1(C)C)CC[C@@]1([C@@H]2CC=C2[C@@]1(C)CC[C@@]1([C@H]2CC(C)(C)CC1)C(=O)O)C)C,default,4.8652,success,-6.15,,success,0.2771,456.71,7.23,2,2,57.53,1,1,-8.19,success
urticifolene,CCCCCCCCCCCCCCCOC(=O)CC(/C=C/C=C/C=C/C=C/C=C/C(CC)O)O,default,4.8294,success,-6.32,,success,0.27978333333333333,488.75,7.92,2,4,66.76,23,1,-6.69,success
nystatin,OC1CCC(O)C(O)C[C@]2(O)CC(O)C(C(O2)CC(/C=C/C=C/C=C/C=C/CC/C=C/C=C/[C@@H]([C@H]([C@H]([C@@H](OC(=O)CC(CC(C1)O)O)C)C)O)C)O[C@H]1O[C@H](C)[C@H]([C@@H]([C@@H]1O)N)O)C(=O)O,default,6.6832,success,-0.06,,success,0.22560000000000002,926.11,0.94,12,17,319.61,3,3,-6.38,success
amphotericin B,O[C@@H]1CC[C@@H](O)[C@H](O)C[C@H](O)C[C@]2(O)C[C@H](O)[C@H]([C@@H](O2)C[C@H](/C=C/C=C/C=C/C=C/C=C/C=C/C=C/[C@@H]([C@H]([C@H]([C@@H](OC(=O)C[C@@H](C1)O)C)C)O)C)O[C@@H]1O[C@H](C)[C@H]([C@@H]([C@@H]1O)N)O)C(=O)O,default,6.6845,success,0.24,,success,0.22370833333333331,924.09,0.71,12,17,319.61,3,3,-6.33,success
perillaldehyde,O=CC1=CCC(CC1)C(=C)C,default,4.8891,success,-4.77,,success,0.23309166666666664,150.22,2.49,0,1,17.07,2,0,-9.8,success
perillyl alcohol,OCC1=CCC(CC1)C(=C)C,default,4.747,success,-6.56,,success,0.28091666666666665,152.24,2.28,1,1,20.23,2,0,-9.95,success
alpha-fenchyl alcohol,OC1C2(C)CCC(C1(C)C)C2,default,4.4292,success,-6.05,,success,0.2374333333333333,154.25,2.19,1,1,20.23,0,0,-10.09,success
eucleanal,COc1cc(O)c2c(c1)cccc2C=O,default,5.0423,success,-8.05,,success,0.3551916666666667,202.21,2.37,1,3,46.53,2,0,-10.3,success
eucleanal A,O=Cc1cc(OC)cc2c1c(O)ccc2,default,5.0753,success,-8.39,,success,0.369275,202.21,2.37,1,3,46.53,2,0,-10.31,success
eucleanal B,COc1cc(C=O)c2c(c1O)cccc2OC,default,4.706,success,-8.2,,success,0.33216666666666667,232.23,2.38,1,4,55.76,3,0,-10.29,success
neomacrolactone,CC(=O)O[C@H]1C[C@@]2([C@]([C@H]1[C@@H]([C@H](C(=O)C(=C)C(C)C)O)C)(C)CC[C@]13C2CCC2[C@]1(C3)C=CC(=O)O[C@H]2C)C,default,6.3233,success,-6.39,,success,0.4066083333333333,526.71,5.43,1,6,89.9,6,2,-7.35,success
22alpha-acetoxyneomacrolactone,CC(=O)O[C@H]1C[C@@]2([C@]([C@H]1[C@@H]([C@H](C(=O)C(=C)C(C)C)OC(=O)C)C)(C)CC[C@]13C2CCC2[C@]1(C3)C=CC(=O)O[C@H]2C)C,default,6.2483,success,-2.64,,success,0.27535833333333337,568.75,6.0,0,7,95.97,7,2,-6.69,success
6-hydroxyneomacolactone,CC(=O)O[C@H]1C[C@@]2([C@]([C@H]1[C@@H]([C@H](C(=O)C(=C)C(C)C)O)C)(C)CC[C@]13C2C[C@@H](O)C2[C@]1(C3)C=CC(=O)O[C@H]2C)C,default,6.6114,success,-7.3,,success,0.46094999999999997,542.71,4.4,2,7,110.13,6,1,-7.57,success
22alpha-acetoxy-6-hydroxyneomacrolactone,CC(=O)O[C@H]1C[C@@]2([C@]([C@H]1[C@@H]([C@H](C(=O)C(=C)C(C)C)OC(=O)C)C)(C)CC[C@]13C2C[C@@H](O)C2[C@]1(C3)C=CC(=O)O[C@H]2C)C,default,6.5291,success,-4.55,,success,0.362425,584.75,4.97,1,8,116.2,7,1,-7.05,success
"6,7-epoxyneomacrolactone",CC(=O)O[C@H]1C[C@@]2([C@]([C@H]1[C@@H]([C@H](C(=O)C(=C)C(C)C)O)C)(C)CC[C@]13C2[C@H]2O[C@H]2C2[C@]1(C3)C=CC(=O)O[C@H]2C)C,default,6.6096,success,-7.14,,success,0.4554666666666667,540.7,4.41,1,7,102.43,6,1,-7.58,success
"22alpha-acetoxy-6,7-epoxyneomacrolactone",CC(=O)O[C@H]1C[C@@]2([C@]([C@H]1[C@@H]([C@H](C(=O)C(=C)C(C)C)OC(=O)C)C)(C)CC[C@]13C2[C@H]2O[C@H]2C2[C@]1(C3)C=CC(=O)O[C@H]2C)C,default,6.5314,success,-3.81,,success,0.33795,582.73,4.98,0,8,108.5,7,1,-6.97,success
4-methylen-neomacrolactone,CC(=O)O[C@H]1C[C@@]2([C@]([C@H]1[C@@H]([C@H](C(=O)C(=C)C(C)C)O)C)(C)CC[C@]13C2CCC2[C@]1(C3)C=CC(=O)OC2=C)C,default,6.3166,success,-5.79,,success,0.38605,524.7,5.55,1,6,89.9,6,2,-7.35,success
neomacroin,Cn1cncc1c1ccc2c(n1)cccc2,default,5.4403,success,-7.22,,success,0.36069166666666663,209.25,2.64,0,3,30.71,1,0,-10.25,success
neomacrotriol,C=C(C(C)C)CC[C@H]([C@H]1CC[C@@]2([C@]1(C)CC[C@]13C2CCC2[C@]1(C3)[C@@H](O)[C@@H](O)[C@@H](C2(C)C)O)C)C,default,5.5211,success,-6.08,,success,0.32942499999999997,472.75,6.36,3,3,60.69,5,1,-7.95,success
neonthrene,COc1c(O)cc2c(c1C)CCc1c2cc(O)c(c1)C,default,5.2613,success,-11.4,,success,0.48510833333333336,270.33,3.49,2,3,49.69,1,0,-10.39,success
22-de-O-acetyl-26-deoxyneoboutomellerone,CC(=O)O[C@H]1C[C@@]2([C@]([C@H]1[C@@H]([C@H](C(=O)C(=C)C(C)C)O)C)(C)CC[C@]13[C@H]2C[C@@H](O)[C@@H]2[C@]1(C3)C=CC(=O)[C@H]2C)C,default,6.5753,success,-6.59,,success,0.434275,526.71,4.67,2,6,100.9,6,1,-7.66,success
mellerin B,CCCCCCCC12O[C@H]3[C@@](O1)(C[C@H](C1(O2)[C@H]3[C@@H]2O[C@@]2([C@H]([C@]2([C@H]1C=C(C2=O)C)O)O)CO)C)C(=C)C,default,6.5544,success,-9.11,,success,0.5165333333333333,504.62,2.54,3,8,117.98,8,1,-7.84,success
6-hydroxystigmast-4-en-3-one,CC[C@@H](C(C)C)CC[C@H]([C@H]1CC[C@@H]2[C@]1(C)CC[C@H]1[C@H]2CC(C2=CC(=O)CC[C@]12C)O)C,default,5.5191,success,-6.04,,success,0.327925,428.7,7.2,1,2,37.3,6,1,-8.14,success
"(3R,4R,5S)-4-hydroxy-5-methyl-3-tetradecanyl gamma-lactone",CCCCCCCCCCCCCC[C@@H]1C(=O)O[C@@H]([C@H]1O)C,default,5.2204,success,-5.54,,success,0.28636666666666666,312.49,5.0,1,3,46.53,13,1,-8.31,success
epifriedelanol,O[C@H]1CC[C@@H]2[C@]([C@H]1C)(C)CC[C@H]1[C@@]2(C)CC[C@@]2([C@]1(C)CC[C@@]1([C@H]2CC(C)(C)CC1)C)C,default,5.0699,success,-5.37,,success,0.2681583333333333,428.75,8.25,1,1,20.23,0,1,-8.64,success
friedelanol methyl ether,CO[C@]1(C)CCC2[C@]([C@H]1C)(C)CC(=C)C1[C@@]2(C)CC[C@@]2([C@]1(C)CC[C@@]1(C2CC(C)(C)CC1)C)C,default,5.2524,success,-3.34,,success,0.21569999999999998,468.81,9.46,0,1,9.23,1,1,-8.37,success
"5beta,24-cyclofriedelan-3-one",O=C1CCC2[C@@]3([C@@]1(C)C3)CCC1[C@@]2(C)CC[C@@]2([C@]1(C)CC[C@@]1(C2CC(C)(C)CC1)C)C,default,5.2958,success,-4.21,,success,0.24831666666666666,424.71,8.21,0,1,17.07,0,1,-8.61,success
3-epimoretenol,CC(=C)[C@@H]1CC[C@]2([C@H]1CC[C@@]1([C@@H]2CC[C@H]2[C@@]1(C)CC[C@@H]1[C@]2(C)CC[C@H](C1(C)C)O)C)C,default,4.8443,success,-5.67,,success,0.2593583333333333,426.73,8.02,1,1,20.23,1,1,-8.56,success
resinone,CC(=C)[C@@H]1CC[C@]2([C@H]1[C@H]1CC[C@H]3[C@@]([C@]1(C)C[C@@H]2O)(C)CC[C@@H]1[C@]3(C)CCC(=O)C1(C)C)C,default,5.4851,success,-6.27,,success,0.3327583333333333,440.71,7.2,1,2,37.3,1,1,-8.44,success
beta-sitosterol glucopyranoside,CC[C@@H](C(C)C)CC[C@H]([C@H]1CC[C@@H]2[C@]1(C)CC[C@H]1[C@H]2CC=C2[C@]1(C)CC[C@@H](C2)O[C@H]1O[C@H](CO)[C@H]([C@@H]([C@H]1O)O)O)C,default,6.0683,success,-2.07,,success,0.24135833333333329,576.86,5.85,4,6,99.38,9,2,-6.66,success
amentoflavone,Oc1ccc(cc1)c1cc(=O)c2c(o1)c(c(cc2O)O)c1cc(ccc1O)c1cc(=O)c2c(o1)cc(cc2O)O,default,6.2398,success,-4.76,,success,0.3453166666666666,538.46,5.13,6,10,181.8,3,3,-6.72,success
"friedelane-3,7-dione",O=C1C[C@]2(C)[C@@H](C)C(=O)CCC2[C@]2(C1[C@@]1(C)CC[C@@]3(C([C@@]1(CC2)C)CC(CC3)(C)C)C)C,default,5.3921,success,-6.48,,success,0.33200833333333335,440.71,7.64,0,2,34.14,0,1,-8.39,success
megalocarpoidolide A,COC(=O)C1=CCC[C@H]2[C@@]1(C)CC[C@H]([C@]2(CCc1cocc1)C(=O)O)C,default,5.1785,success,-8.52,,success,0.38220833333333326,360.45,4.23,1,4,76.74,5,0,-9.8,success
megalocarpoidolide B,COC(=O)C1=CCC[C@H]2[C@]31CC[C@H]([C@]2(C(=O)OC3)CCc1cocc1)C,default,5.3265,success,-9.98,,success,0.44320833333333337,358.43,3.68,0,5,65.74,4,0,-10.03,success
megalocarpoidolide C,COC(=O)C1=CC=C[C@H]2[C@]31CC[C@H]([C@]2(C(=O)OC3)CCc1cocc1)C,default,5.4952,success,-9.62,,success,0.44526666666666664,356.42,3.46,0,5,65.74,4,0,-10.09,success
crotocorylifuran,COC(=O)[C@@]12CC[C@H]([C@@]3([C@H]1CCC=C2C(=O)OC)C[C@@H](OC3=O)c1cocc1)C,default,5.5565,success,-9.52,,success,0.4470416666666666,402.44,3.35,0,7,92.04,3,0,-9.54,success
12-epi-crotocorylifuran,COC(=O)[C@@]12CC[C@H]([C@@]3([C@H]1CCC=C2C(=O)OC)C[C@H](OC3=O)c1cocc1)C,default,5.5565,success,-10.22,,success,0.470375,402.44,3.35,0,7,92.04,3,0,-9.54,success
8beta-hydroxycrotocorylifuran,COC(=O)[C@@]12CC[C@]([C@@]3([C@H]1CCC=C2C(=O)OC)C[C@H](OC3=O)c1cocc1)(C)O,default,5.4836,success,-10.82,,success,0.4843,418.44,2.47,1,8,112.27,3,0,-9.53,success
crotocorylifuran-2-one,COC(=O)[C@@]12CC[C@H]([C@@]3([C@H]1CC(=O)C=C2C(=O)OC)C[C@H](OC3=O)c1cocc1)C,default,5.7042,success,-10.4,,success,0.48868333333333336,416.43,2.53,0,8,109.11,3,0,-9.54,success
megalocarpoidolide D,COC(=O)[C@@]12CC[C@H]([C@@]3(C1=CC(=O)C=C2C(=O)OC)C[C@H](OC3=O)c1cocc1)C,default,5.7311,success,-10.14,,success,0.48225833333333334,414.41,2.45,0,8,109.11,3,0,-9.5,success
"7,8-dehydrocrotocorylifuran",COC(=O)[C@@]12CC=C([C@@]3([C@H]1CCC=C2C(=O)OC)C[C@H](OC3=O)c1cocc1)C,default,6.0222,success,-10.01,,success,0.5021833333333333,400.43,3.27,0,7,92.04,3,0,-9.41,success
megalocarpoidolide E,COC(=O)[C@@]12CC=C([C@@]3([C@H]1CCC(=O)[C@H]2C(=O)OC)C[C@H](OC3=O)c1cocc1)C,default,5.9496,success,-10.34,,success,0.5071333333333333,416.43,2.53,0,8,109.11,3,0,-9.26,success
megalocarpoidolide F,COC(=O)[C@@]12CC=C([C@@]3([C@H]1CCC(=O)[C@H]2C(=O)OC)C[C@@H](OC3=O)c1cocc1)C,default,5.9496,success,-10.44,,success,0.5104666666666666,416.43,2.53,0,8,109.11,3,0,-9.26,success
megalocarpoidolide G,COC(=O)[C@@]12CC=C([C@@]3([C@H]1CCC(=O)[C@@]2(O)C(=O)OC)C[C@H](OC3=O)c1cocc1)C,default,5.7742,success,-9.71,,success,0.47151666666666675,432.43,1.65,1,9,129.34,3,0,-8.82,success
megalocarpoidolide H,COC(=O)[C@@]12CC=C([C@@]3([C@H]1CCC(=O)[C@@]2(O)C(=O)OC)C[C@@H](OC3=O)c1cocc1)C,default,5.7742,success,-9.89,,success,0.4775166666666667,432.43,1.65,1,9,129.34,3,0,-8.82,success
isolophanthin E,O[C@@H]1C[C@]2(C)c3ccc(cc3CC[C@H]2C([C@H]1O)(C)C)C(O)(C)C,default,5.3718,success,-10.3,,success,0.45765000000000006,318.46,2.89,3,3,60.69,1,0,-10.52,success
isolophanthin A,O[C@H]1CC[C@]2([C@H](C1(C)C)CCc1c2ccc(c1)C(O)(C)C)C,default,5.1326,success,-10.57,,success,0.44671666666666665,302.46,3.92,2,2,40.46,1,0,-10.45,success
abietic acid,CC(C1=CC2=CC[C@@H]3[C@]([C@H]2CC1)(C)CCC[C@@]3(C)C(=O)O)C,default,5.2346,success,-7.43,,success,0.35055000000000003,302.46,5.21,1,1,37.3,2,1,-9.57,success
"3alpha,18-dihydroxytrachylobane",OC[C@@]1(C)[C@H](O)CC[C@@]2([C@@H]1CC[C@]13[C@H]2C[C@@H]2[C@@H](C1)[C@]2(C3)C)C,default,5.0763,success,,,failed,0.1793833333333333,304.47,3.61,2,2,40.46,1,0,-10.25,success
ent-trachyloban-18-ol,OC[C@@]1(C)CCC[C@@]2([C@@H]1CC[C@]13[C@H]2C[C@@H]2[C@@H](C1)[C@]2(C3)C)C,default,5.3366,success,,,failed,0.22276666666666664,288.48,4.64,1,1,20.23,1,0,-10.02,success
ent-trachyloban-18- oic acid,OC(=O)[C@]1(C)CCC[C@]2([C@H]1CC[C@@]13[C@H]2C[C@H]2[C@@H](C1)[C@]2(C3)C)C,default,5.2941,success,-7.57,,success,0.360175,302.46,4.73,1,1,37.3,1,0,-9.93,success
ent-3alpha-hydroxytrachyloban-18-al,O=C[C@@]1(C)[C@H](O)CC[C@@]2([C@@H]1CC[C@]13[C@H]2C[C@@H]2[C@@H](C1)[C@]2(C3)C)C,default,5.0984,success,,,failed,0.18306666666666663,302.46,3.82,1,2,37.3,1,0,-10.12,success
acetyl aleurotolic acid,CC(=O)O[C@H]1CC[C@]2([C@H](C1(C)C)CC[C@@]1([C@@H]2CC[C@@]2(C1=CC[C@@]1([C@H]2CC(C)(C)CC1)C(=O)O)C)C)C,default,4.8386,success,-6.27,,success,0.27888333333333326,498.75,7.8,1,3,63.6,2,1,-7.67,success
alienusolin,CCCCCCCCCC(=O)OCC1=C[C@H]2[C@H]3[C@@](C3(C)C)(OC(=O)C)[C@@H]([C@H]([C@@]2([C@H]2[C@@H](C1)C(=O)C(=C2)C)O)C)OC(=O)CCCCCCCCC,default,6.3008,success,-2.15,,success,0.26339999999999997,698.98,8.77,1,8,116.2,20,2,-5.1,success
crotonimide C,O=C(c1ccccc1)N[C@H]1CCC(=O)N(C1=O)CCc1ccccc1,default,4.9457,success,-11.31,,success,0.45580833333333337,336.39,2.18,1,3,66.48,5,0,-10.26,success
julocrotine,CCC(C(=O)NC1CCC(=O)N(C1=O)CCc1ccccc1)C,default,5.4841,success,-10.54,,success,0.4750083333333333,316.4,1.91,1,3,66.48,6,0,-10.09,success
monodeacetyl crotepoxide,CCC(C(C)C)/C=C/[C@H]([C@H]1CC[C@@H]2[C@]1(C)CC[C@H]1[C@H]2CCC2=CC(=O)CC[C@]12C)C,default,5.7674,success,-3.03,,success,0.24828333333333336,410.69,8.01,0,1,17.07,5,1,-8.31,success
dideacetylcrotepoxide,O[C@@H]1[C@H]2O[C@H]2[C@@H]2[C@@]([C@H]1O)(COC(=O)c1ccccc1)O2,default,5.4423,success,-8.53,,success,0.404525,278.26,-0.52,2,6,91.82,3,0,-9.22,success
beta-senepoxide,CC(=O)O[C@H]1[C@@H](C=C[C@@H]2[C@@]1(COC(=O)c1ccccc1)O2)OC(=O)C,default,5.327,success,-9.6,,success,0.4305833333333333,346.34,1.41,0,7,91.43,5,0,-9.35,success
alpha-senepoxide,CC(=O)O[C@H]1[C@@H](C=C[C@H]2[C@]1(COC(=O)c1ccccc1)O2)OC(=O)C,default,5.327,success,-10.01,,success,0.44425,346.34,1.41,0,7,91.43,5,0,-9.35,success
"(+)-(2S,3R)-diacetoxy-1-benzoyloxymethylenecyclohex-4,6-diene",O=C(c1ccccc1)OCC1=CC=C[C@H]([C@@H]1OC(=O)C)OC(=O)C,default,5.1273,success,-10.07,,success,0.4296083333333333,330.34,2.2,0,6,78.9,5,0,-9.86,success
"ent-3,13E-clerodadiene-15-formate",O=COC/C=C(/CC[C@@]1(C)[C@H](CO)CC[C@@]2([C@@H]1CCC=C2C)C)\C,default,5.5406,success,-7.08,,success,0.3643833333333334,334.5,4.66,1,3,46.53,7,0,-9.0,success
"15-acetoxy-ent-3,13E-clerodadiene",OC[C@@H]1CC[C@@]2([C@@H]([C@@]1(C)CC/C(=C/COC(=O)C)/C)CCC=C2C)C,default,5.203,success,-6.29,,success,0.3099166666666667,348.53,5.05,1,3,46.53,6,1,-9.05,success
"ent-3,13E-clerodadien-15-ol",OC/C=C(/CC[C@@]1(C)[C@H](CO)CC[C@@]2([C@@H]1CCC=C2C)C)\C,default,5.1775,success,-7.33,,success,0.34245833333333336,306.49,4.48,2,2,40.46,5,0,-9.63,success
hardwickiic acid,OC(=O)C1=CCC[C@@H]2[C@]1(C)CC[C@@H]([C@@]2(C)CCc1ccoc1)C,default,5.2034,success,-8.13,,success,0.37128333333333335,316.44,5.08,1,2,50.44,4,1,-9.75,success
penduliflaworosin,COC(=O)[C@]1(C)CCCC2=C1CC[C@H]([C@@]12C[C@H](OC1=O)c1cocc1)C,default,5.4863,success,-8.21,,success,0.397525,358.43,4.34,0,5,65.74,2,0,-9.85,success
crotohalimaneic acid,C[C@@H]1CCC2C([C@@]1(C)CCc1ccoc1)CCC[C@@]2(C)C(=O)O,default,5.2885,success,-7.88,,success,0.37004166666666666,318.46,5.16,1,2,50.44,4,1,-9.71,success
"labda-13E-ene-8a,15-diol",OC/C=C(/CC[C@H]1[C@](C)(O)CC[C@@H]2[C@]1(C)CCCC2(C)C)\C,default,4.8411,success,-6.87,,success,0.29909166666666664,308.51,4.7,2,2,40.46,4,0,-9.72,success
neoboutomacroin,O=C1C=C2C(=CC(=O)c3c2cc(O)c(c3)C)C1(C)C,default,5.2754,success,-10.61,,success,0.45994999999999997,254.28,2.82,1,3,54.37,0,0,-10.5,success
"3,6-dihyroxy-1,7-dimethyl-9-methoxyphenanthrene",COc1cc2c(C)cc(cc2c2c1cc(C)c(c2)O)O,default,5.2596,success,-9.02,,success,0.4056333333333333,268.31,4.03,2,3,49.69,1,0,-9.96,success
simplexin,CCCCCCCCC[C@@]12O[C@H]3[C@@](O1)(C[C@H]([C@@]1(O2)[C@H]3[C@@H]2O[C@@]2([C@H]([C@]2([C@H]1C=C(C2=O)C)O)O)CO)C)C(=C)C,default,6.5544,success,-9.14,,success,0.5175333333333334,532.67,3.32,3,8,117.98,10,1,-7.32,success
montanin,CCCCCCCCCCCC12O[C@H]3[C@@](O1)(C[C@H]([C@@]1(O2)[C@H]3[C@@H]2O[C@@]2([C@H]([C@]2([C@H]1C=C(C2=O)C)O)O)CO)C)C(=C)C,default,6.5544,success,-4.27,,success,0.35519999999999996,560.73,4.1,3,8,117.98,12,1,-6.79,success
labdane,CC[C@H](CC[C@H]1[C@@H](C)CC[C@@H]2[C@]1(C)CCCC2(C)C)C,default,5.3709,success,-3.37,,success,0.22657499999999997,278.52,6.69,0,0,0.0,4,1,-9.01,success
clerodane,C[C@@H]1CC[C@@]2([C@]([C@@]1(C)CCc1cocc1)(C)CCC=C2C)C,default,5.4499,success,-4.94,,success,0.2854916666666667,300.49,6.4,0,1,13.14,3,1,-9.39,success
kaurane,C[C@@H]1C[C@@]23C[C@@H]1CC[C@@H]2[C@@]1([C@@H](CC3)C(C)(C)CCC1)C,default,5.2415,success,-3.73,,success,0.2277916666666667,274.49,6.06,0,0,0.0,0,1,-9.42,success
trachylobane,CC12CC34CC1C2CC3C1(C(CC4)C(C)(C)CCC1)C,default,5.1222,success,-3.72,,success,0.2175166666666667,272.48,5.67,0,0,0.0,0,1,-9.57,success
pimarane,CC[C@]1(C)CC[C@H]2[C@H](C1)CC[C@@H]1[C@]2(C)CCCC1(C)C,default,5.1287,success,-3.84,,success,0.22205833333333336,276.51,6.45,0,0,0.0,1,1,-9.29,success
crotomacrine,COC(=O)C1=CC=C[C@H]2[C@@H]1CC(=C1[C@]2(C)C[C@@H](OC1=O)c1cocc1)O,default,5.5482,success,-11.03,,success,0.49668333333333325,356.37,3.39,1,6,85.97,2,0,-10.15,success
3beta-acetoxy tetraxer-14-en-28-oic acid,CC(=O)O[C@H]1CC[C@]2(C(C1(C)C)CC[C@@]1(C2CC[C@@]2(C1=CC[C@@]1(C2CC(C)(C)CC1)C(=O)O)C)C)C,default,4.8386,success,-6.37,,success,0.28221666666666667,498.75,7.8,1,3,63.6,2,1,-7.67,success
trachyloban-19-oic acid,OC(=O)[C@@]1(C)CCC[C@@]2([C@@H]1CC[C@]13[C@H]2C[C@@H]2[C@H](C1)[C@@]2(C3)C)C,default,5.2941,success,-8.25,,success,0.3828416666666667,302.46,4.73,1,1,37.3,1,0,-9.93,success
"neoclerodan-5,10-en-19,6beta,20,12-diolide",C[C@@H]1CC[C@]2([C@H]([C@@]1(C)C(=O)O)CC[C@]13[C@H]2C[C@H]2[C@@H](C1)[C@]2(C3)C)C,default,5.1547,success,,,failed,0.19245,316.49,4.98,1,1,37.3,1,0,-9.88,success
"3alpha,19-dihydroxy trachylobane",OC[C@]1(C)[C@H](O)CC[C@]2([C@H]1CC[C@]13[C@H]2C[C@H]2[C@@H](C1)[C@]2(C3)C)C,default,5.0763,success,,,failed,0.1793833333333333,304.47,3.61,2,2,40.46,1,0,-10.25,success
"3alpha,18,19-trihydroxy trachylobane",OCC1(CO)[C@H](O)CC[C@]2([C@H]1CC[C@]13[C@H]2C[C@H]2[C@@H](C1)[C@]2(C3)C)C,default,5.0579,success,,,failed,0.17631666666666668,320.47,2.58,3,3,60.69,2,0,-10.25,success
"5,7,2',4'-tetrahydroxy-6-(3-methylbut-2-enyl)isoflavanone",CC(=CCc1c(O)cc2c(c1O)C(=O)C(CO2)c1ccc(cc1O)O)C,default,5.8943,success,-9.24,,success,0.4658583333333334,356.37,3.38,4,6,107.22,3,0,-9.69,success
"4'',5''-dihydro-5,2',4'-trihydroxy-5''-isopropenylfurano-(2'',3'';7,6)-isoflavanone",CC(=C)C1Oc2c(C1)c(O)c1c(c2)OCC(C1=O)c1ccc(cc1O)O,default,5.9579,success,-10.84,,success,0.5244916666666667,354.36,3.04,3,6,96.22,2,0,-10.04,success
"4'',5''-dihydro-2'-methoxy-5,4'-dihydroxy-5''-isopropenylfurano-(2'',3'';7,6)-isoflavanone",COc1cc(O)ccc1C1COc2c(C1=O)c(O)c1c(c2)OC(C1)C(=C)C,default,5.7944,success,-10.96,,success,0.5148666666666667,368.39,3.34,2,6,85.22,3,0,-9.99,success
"isoflavone 5,7,4'-trihydroxyisoflavone",Oc1ccc(cc1)c1coc2c(c1=O)c(O)cc(c2)O,default,5.4802,success,-11.27,,success,0.49901666666666666,270.24,2.58,3,5,90.9,1,0,-9.92,success
laxitextine A,CC(C1=C2[C@H]3CC[C@H]4[C@@H]5[C@@H]([C@]3(C)CC[C@]2(CC1)C)O[C@H]1[C@]5(O)[C@](OC4)(O)[C@@H](CO1)O)C,default,6.186,success,-9.87,,success,0.5111666666666667,434.57,2.75,3,6,88.38,1,0,-9.52,success
laxitextine B,CC(C1=C2[C@H]3CC[C@H]4[C@@H]5[C@@H]([C@]3(C)CC[C@]2(CC1)C)O[C@H]1[C@]5(O)[C@]2(O[C@@H]4O[C@]2(CO1)O)O)C,default,6.1791,success,-10.38,,success,0.5275916666666667,448.56,2.43,3,7,97.61,1,0,-9.38,success
striatal D,O=CC1=CC[C@H]2[C@@]([C@@H]3[C@@H]1[C@]1(O)[C@H](O3)OC[C@H](C1=O)O)(C)CC[C@@]1(C2=C(CC1)C(C)C)C,default,6.5393,success,-9.85,,success,0.5399416666666667,430.54,2.72,2,6,93.06,2,0,-9.33,success
striatoid A,CO[C@@H]1O[C@@]2(O)[C@@H](CO[C@@H]3C2([C@@H]2C1=CC[C@H]1[C@@]([C@H]2O3)(C)CC[C@@]2(C1=C(CC2)C(C)C)C)O)OC(=O)C,default,6.2522,success,-9.38,,success,0.5003500000000001,504.62,3.21,2,8,103.68,3,1,-8.38,success
striatoid B,O=CC1=C[C@H](O)[C@H]2[C@@]([C@@H]3[C@@H]1[C@]1(O)[C@H](O3)OC[C@H](C1=O)OC(=O)C)(C)CC[C@@]1(C2=C(CC1)C(C)C)C,default,6.4376,success,-9.76,,success,0.5284666666666666,488.58,2.26,2,8,119.36,3,0,-8.58,success
ajugarin-1,CC(=O)OC[C@@]12[C@@H](OC(=O)C)C[C@H]([C@]([C@H]1CCC[C@@]12CO1)(C)CCC1=CC(=O)OC1)C,default,5.9126,success,-8.61,,success,0.44638333333333335,434.53,3.35,0,7,91.43,6,0,-8.65,success
8-O-acetylharpagide,OC[C@H]1O[C@@H](O[C@@H]2OC=C[C@@]3([C@H]2[C@@](C)(OC(=O)C)C[C@H]3O)O)[C@@H]([C@H]([C@@H]1O)O)O,default,5.6399,success,-4.13,,success,0.274325,406.38,-2.89,6,11,175.37,4,2,-7.02,success
"ergosterol-5,8-endoperoxide",CC(C/C=C/C[C@H]1CC[C@@H]2[C@]1(C)CCC1[C@]32OO[C@]2([C@]1(C)CCC(C2)O)C=C3)C,default,6.0352,success,-6.01,,success,0.36993333333333334,400.6,5.98,1,3,38.69,4,1,-8.67,success
camphor,O=C1CC2C(C1(C)CC2)(C)C,default,4.3638,success,-4.85,,success,0.19198333333333334,152.24,2.4,0,1,17.07,0,0,-10.06,success
endo-borneol,OC1CC2C(C1(C)CC2)(C)C,default,4.3386,success,-6.11,,success,0.23188333333333333,154.25,2.19,1,1,20.23,0,0,-10.07,success
ethyl isovalerate,CCOC(=O)CC(C)C,default,4.3609,success,-6.93,,success,0.261075,130.19,1.6,0,2,26.3,3,0,-9.56,success
methyl chavicol,COc1ccc(cc1)CC=C,default,4.422,success,-5.59,,success,0.22149999999999997,148.2,2.42,0,1,9.23,3,0,-10.25,success
beta-selinene,C=C1CCC[C@]2([C@H]1C[C@@H](CC2)C(=C)C)C,default,5.0444,success,-2.4,,success,0.16703333333333337,204.36,4.73,0,0,0.0,1,0,-9.76,success
alpha-terpinene,CC1=CC=C(CC1)C(C)C,default,4.7807,success,-4.29,,success,0.20805833333333335,136.24,3.31,0,0,0.0,1,0,-9.94,success
cis-carveol,CC(=C)[C@@H]1CC=C([C@@H](C1)O)C,default,4.9742,success,-6.63,,success,0.3021833333333333,152.24,2.28,1,1,20.23,1,0,-10.04,success
carvone,CC(=C)C1CC=C(C(=O)C1)C,default,5.0963,success,-4.98,,success,0.25735833333333336,150.22,2.49,0,1,17.07,1,0,-10.03,success
fenchone,O=C1C2(C)CCC(C1(C)C)C2,default,4.5492,success,-4.85,,success,0.2074333333333333,152.24,2.4,0,1,17.07,0,0,-10.08,success
eugenol,C=CCc1ccc(c(c1)OC)O,default,5.0936,success,-8.27,,success,0.3668,164.2,2.13,1,2,29.46,3,0,-10.19,success
4-isopropylbenzaldehyde,O=Cc1ccc(cc1)C(C)C,default,4.8299,success,-5.22,,success,0.24315833333333337,148.2,2.62,0,1,17.07,2,0,-10.3,success
alpha-fenchyl alcohol,O[C@@H]1[C@]2(C)CC[C@H](C1(C)C)C2,default,4.4292,success,-6.96,,success,0.26776666666666665,154.25,2.19,1,1,20.23,0,0,-10.09,success
cis-verbenol,CC1=C[C@@H](O)[C@@H]2C[C@H]1C2(C)C,default,4.6867,success,-6.81,,success,0.284225,152.24,1.97,1,1,20.23,0,0,-10.0,success
thujone,O=C1C[C@]2([C@@H]([C@H]1C)C2)C(C)C,default,5.1786,success,-4.82,,success,0.25888333333333335,152.24,2.26,0,1,17.07,1,0,-10.07,success
otostegindiol,C[C@@H]1CC[C@@H]2[C@@]([C@@]1(O)CCc1cocc1)(C)CC[C@H](C2(C)C)O,default,5.1934,success,-8.7,,success,0.38944999999999996,320.47,4.18,2,3,53.6,3,0,-10.27,success
triacontane,CCCCCCCCCCCCCCCCCCCCCCCCCCCCCC,default,3.9322,success,-3.28,,success,0.10933333333333332,422.83,11.95,0,0,0.0,27,1,-7.64,success
tetracosane,CCCCCCCCCCCCCCCCCCCCCCCC,default,3.9322,success,-3.22,,success,0.10733333333333334,338.66,9.61,0,0,0.0,21,1,-7.97,success
leucolactone,O=C1OC23C4C1(CC[C@@]2(C)[C@]1(C(CC3)[C@@]2(C)CC[C@](C(C2CC1)(C)C)(C)O)C)[C@@](C)(O)CC(C4)(C)C,default,5.5799,success,-6.43,,success,0.3459916666666667,500.76,6.66,2,4,66.76,0,2,-7.86,success
acyl leucolactone,CC(=O)O[C@@]1(C)CC[C@]2(C(C1(C)C)CC[C@@]1(C2CCC23[C@@]1(C)CCC1(C2CC(C)(C)C[C@]1(C)OC(=O)C)C(=O)O3)C)C,default,5.5968,success,-2.45,,success,0.21473333333333333,584.84,7.8,0,6,78.9,2,2,-6.9,success
diketo leucolactone,O=C1CC[C@]2(C(C1(C)C)CC[C@@]1(C2CCC23[C@@]1(C)CCC1(C2CC(C)(C)CC1=O)C(=O)O3)C)C,default,5.7339,success,-5.71,,success,0.33482500000000004,468.68,6.3,0,4,60.44,0,1,-8.23,success
3beta-acetyloleanan-28-13beta-olide,CC(=O)O[C@@]1(C)CC[C@]2(C(C1(C)C)CC[C@@]1(C2CCC23[C@@]1(C)CCC1(C2CC(C)(C)CC1=O)C(=O)O3)C)C,default,5.566,success,-5.35,,success,0.3088333333333333,526.76,7.05,0,5,69.67,1,2,-7.44,success
1-dotriacontanol,CCCCCCCCCCCCCCCCCCCCCCCCCCCCCCCCO,default,4.1977,success,-5.31,,success,0.193475,466.88,11.7,1,1,20.23,30,1,-7.3,success
1-hydroxytetratriacontan-4-one,CCCCCCCCCCCCCCCCCCCCCCCCCCCCCCC(=O)CCCO,default,4.2879,success,-5.72,,success,0.21465833333333328,508.92,11.66,1,2,37.3,32,2,-6.71,success
32- methyltetratriacontan-8-ol,CCCCCCCC(CCCCCCCCCCCCCCCCCCCCCCCC(CC)C)O,default,5.0407,success,-5.42,,success,0.2673916666666667,508.96,12.73,1,1,20.23,31,2,-6.84,success
28-hydroxypentatriacontan-7-one,CCCCCCCC(CCCCCCCCCCCCCCCCCCCCC(=O)CCCCCC)O,default,4.642,success,-6.19,,success,0.25983333333333336,522.94,12.05,1,2,37.3,32,2,-6.63,success
7-hydroxydotriacontan-2-one,CCCCCCCCCCCCCCCCCCCCCCCCCC(CCCCC(=O)C)O,default,4.7237,success,-6.2,,success,0.266975,480.86,10.88,1,2,37.3,29,1,-7.03,success
linifolioside,OCC1OC(OC2CC[C@]3([C@H](C2(C)C)CC(=O)C2=C[C@@](CC[C@H]32)(C)C=C)C)C(C(C1O)O)OC1OC(C)C(C(C1O)O)O,default,6.2912,success,0.19,,success,0.19093333333333332,610.74,0.97,6,11,175.37,6,3,-6.41,success
linifolioside acetate,C=C[C@@]1(C)CC[C@H]2C(=C1)C(=O)C[C@@H]1[C@]2(C)CCC(C1(C)C)OC1OC(COC(=O)C)C(C(C1OC1OC(C)C(C(C1OC(=O)C)OC(=O)C)OC(=O)C)O)OC(=O)C,default,6.393,success,-2.52,,success,0.28341666666666665,820.93,3.82,1,16,205.72,11,2,-5.75,success
permethylate,COCC1OC(OC2CC[C@]3([C@H](C2(C)C)CC(=O)C2=C[C@@](CC[C@H]32)(C)C=C)C)C(C(C1OC)O)OC1OC(C)C(C(C1OC)OC)OC,default,6.2678,success,-2.16,,success,0.26098333333333334,680.88,4.24,1,11,120.37,11,2,-6.13,success
linifoliol,C=C[C@@]1(C)CC[C@H]2C(=C1)C(=O)C[C@@H]1[C@]2(C)CC[C@@H](C1(C)C)O,default,4.9857,success,-7.55,,success,0.33380833333333326,302.46,4.29,1,2,37.3,1,0,-10.03,success
linifoliol acetate,C=C[C@@]1(C)CC[C@H]2C(=C1)C(=O)C[C@@H]1[C@]2(C)CC[C@@H](C1(C)C)OC(=O)C,default,4.8561,success,-7.24,,success,0.312675,344.5,4.86,0,3,43.37,2,0,-9.6,success
diketolinifoliol,C=C[C@@]1(C)CC[C@H]2C(=C1)C(=O)C[C@@H]1[C@]2(C)CCC(=O)C1(C)C,default,5.2133,success,-7.14,,success,0.33910833333333334,300.44,4.5,0,2,34.14,1,0,-9.83,success
siderin,COc1cc(C)c2c(c1)oc(=O)cc2OC,default,5.0114,success,-7.42,,success,0.33161666666666667,220.22,2.12,0,4,48.67,2,0,-10.21,success
coumarsabin,COc1cc(C)c2c(c1)oc(=O)c(c2OC)C,default,5.0967,success,-7.82,,success,0.35205833333333336,234.25,2.43,0,4,48.67,2,0,-10.3,success
8-methoxycoumarsabin,COc1cc(C)c2c(c1OC)oc(=O)c(c2OC)C,default,5.3456,success,-10.19,,success,0.45180000000000003,264.28,2.44,0,5,57.9,3,0,-10.3,success
coumarleucasin,COc1cc(C=O)c2c(c1OC)oc(=O)c(c2OC)C,default,5.3478,success,-10.29,,success,0.45531666666666665,278.26,1.94,0,6,74.97,4,0,-9.72,success
leucason,CC(=Cc1ccc2c(c1C)oc(cc2=O)C)C,default,5.5371,success,-7.7,,success,0.3847583333333333,228.29,3.83,0,2,30.21,1,0,-10.19,success
chromon,CCc1coc2c(c1=O)c(O)cc(c2)O,default,5.0316,success,-8.04,,success,0.35396666666666665,206.2,1.77,2,4,70.67,1,0,-10.05,success
leucasin,OC[C@H]1O[C@@H](OC2C(O)C[C@]3([C@H](C2(C)C)CC[C@@]2(C3CC[C@H]3[C@@]2(C)CC[C@@]2([C@@H]3[C@@H](CC2)C(=C)C)C)C)C)[C@@H]([C@H]([C@@H]1O)O)O[C@@H]1O[C@H](CO)[C@H]([C@@H]([C@H]1O)O)O,default,6.1746,success,-2.17,,success,0.25355,767.01,2.64,8,12,198.76,7,3,-6.24,success
prosapgenin,OCC1OC(OC(=O)C23CCC4(C(=CCC5C4(C)CCC4C5(C)CC(C(C4(C)C(=O)OC4OC(CO)C(C(C4O)O)O)O)O)C2CC(CC3)(C)C)CO)C(C(C1O)O)O,default,6.1294,success,0.31,,success,0.17745000000000002,842.97,-1.24,11,17,293.59,7,3,-5.36,success
glycone,CC(=C)[C@H]1CC[C@@]2([C@@H]1[C@@H]1CC[C@@H]3[C@]([C@@]1(C)CC2)(C)CC[C@H]1[C@@]3(C)CC[C@H](C1(C)C)O)C,default,4.7865,success,-5.28,,success,0.2415416666666667,426.73,8.02,1,1,20.23,1,1,-8.56,success
lupeol palmitate,CCCCCCCCCCCCCCCC(=O)O[C@@H]1CC[C@@]2([C@@H](C1(C)C)CC[C@]1([C@H]2CC[C@@H]2[C@]1(C)CC[C@]1([C@H]2[C@H](CC1)C(=C)C)C)C)C,default,4.7698,success,-0.94,,success,0.09548333333333334,665.14,14.06,0,2,26.3,16,2,-5.87,success
peregrinone,O=C1CC[C@]2([C@@H]3[C@@]1(C)C(=O)O[C@@H]3C[C@H]([C@]2(O)CCc1ccoc1)C)C,default,5.8972,success,-11.17,,success,0.5304333333333333,346.42,2.9,1,5,76.74,3,0,-10.21,success
"9alpha,13alpha,15,16-bisepoxy-3-oxolabdan-6beta,19-olide",C[C@@H]1OC[C@]2(C1)CC[C@@]1(O2)[C@H](C)C[C@@H]2[C@@H]3[C@]1(C)CCC(=O)[C@]3(C)C(=O)O2,default,5.9338,success,-8.51,,success,0.44481666666666664,362.47,3.04,0,5,61.83,0,0,-9.97,success
1-hepten-3-ol,CCCCC(C=C)O,default,4.4461,success,-6.27,,success,0.24617500000000003,114.19,1.72,1,1,20.23,4,0,-9.54,success
germacrene,CC1C/C=C\C(C)CCC(CC1)C(C)C,default,5.0418,success,-1.74,,success,0.1448166666666667,208.39,5.05,0,0,0.0,1,1,-9.51,success
ferruginol,CC(c1cc2CC[C@@H]3[C@](c2cc1O)(C)CCCC3(C)C)C,default,5.6792,success,-6.8,,success,0.3666,286.46,5.55,1,1,20.23,1,1,-9.88,success
"7,3'-dimethoxy-4',5'-methylenedioxyisoflavone",COc1ccc2c(c1)OCC(C2=O)c1cc(OC)c2c(c1)OCO2,default,5.4987,success,-9.62,,success,0.44555833333333333,328.32,2.79,0,6,63.22,3,0,-10.39,success
isoerythrinin A 4'-(3-methylbut-2-enyl) ether,CC(=CCOc1ccc(cc1)c1coc2c(c1=O)ccc1c2C=CC(O1)(C)C)C,default,6.2145,success,-6.62,,success,0.4052083333333334,388.46,5.99,0,4,48.67,4,1,-8.85,success
isojamaicin,COc1cc(cc2c1OCO2)c1coc2c(c1=O)ccc1c2C=CC(O1)(C)C,default,6.1451,success,-7.97,,success,0.444425,378.38,4.38,0,6,67.13,2,0,-9.7,success
nordurlettone,CC(=CCOc1ccc(cc1)c1coc2c(c1=O)ccc(c2)O)C,default,5.9152,success,-9.06,,success,0.46159999999999995,322.36,4.51,1,4,59.67,4,0,-9.62,success
"3-(3,4-dimethoxyphenyl)-6-methoxy-8,8-dimethyl-4H,8H-benzo[1,2-b:3,4-b']dipyran-4-one",COc1cc2c(=O)c(coc2c2c1OC(C)(C)C=C2)c1ccc(c(c1)OC)OC,default,5.8436,success,-7.87,,success,0.4159666666666667,394.42,4.67,0,6,67.13,4,0,-9.4,success
6-demethyldurallone,COc1cc(ccc1OC)c1coc2c(c1=O)cc(c1c2C=CC(O1)(C)C)O,default,5.8501,success,-8.88,,success,0.4501750000000001,380.4,4.37,1,6,78.13,3,0,-9.58,success
"3-(3,4-dimethoxyphenyl)-8-(3-methylbut-2-enyl)-6-methoxy-7-hydroxybenzopyran-4-one",COc1cc2c(=O)c(coc2c(c1O)CC=C(C)C)c1ccc(c(c1)OC)OC,default,5.6746,success,-8.4,,success,0.41955,396.44,4.7,1,6,78.13,6,0,-8.99,success
"1beta,5alpha-dihydroxyvoucapane",OC1CCC([C@@]2([C@]1(C)[C@@H]1Cc3occc3[C@H]([C@H]1CC2)C)O)(C)C,default,5.0228,success,-10.89,,success,0.4482333333333334,318.46,3.88,2,3,53.6,0,0,-10.46,success
"1beta,6beta-dihydroxyvoucapane 19beta-methyl ester",COC(=O)C1(C)CCC([C@@]2([C@@H]1C(O)C[C@H]1[C@H]2Cc2c([C@H]1C)cco2)C)O,default,5.3099,success,-11.34,,success,0.4871583333333333,362.47,2.89,2,5,79.9,1,0,-10.43,success
voucapan-5-ol,C[C@@H]1[C@@H]2CC[C@@]3([C@]([C@H]2Cc2c1cco2)(C)CCCC3(C)C)O,default,4.9505,success,-9.41,,success,0.392875,302.46,4.91,1,2,33.37,0,0,-10.33,success
deoxycaesaldekarin C,COC(=O)C1(C)CCCC2(C1CCC1C2Cc2c(C1C)cco2)C,default,5.2274,success,-7.88,,success,0.36495,330.47,4.95,0,3,39.44,1,0,-10.15,success
caesaldekarin C,COC(=O)[C@@]1(C)CCC[C@]2([C@@]1(O)CC[C@@H]1[C@@H]2Cc2c([C@@H]1C)cco2)C,default,4.8984,success,-9.01,,success,0.3752,346.47,4.07,1,4,59.67,1,0,-10.34,success
5-hydroxyvinhaticoic acid,OC(=O)C1(C)CCC[C@@]2([C@]1(O)CC[C@H]1[C@H]2Cc2c([C@H]1C)cco2)C,default,5.0087,success,-10.55,,success,0.43572500000000003,332.44,3.98,2,3,70.67,1,0,-10.33,success
triacontanyl-(E)-ferulate,CCCOC(=O)/C=C/c1ccc(c(c1)OC)O,default,5.1382,success,-8.86,,success,0.3901833333333334,236.27,2.37,1,4,55.76,5,0,-9.96,success
triacontanyl-(E)-caffaete,CCCOC(=O)/C=C/c1ccc(c(c1)O)O,default,5.3532,success,-8.81,,success,0.40643333333333337,222.24,2.06,2,4,66.76,4,0,-9.63,success
30'-hydroxytriacontanyl-(E)-ferulate,OCCCOC(=O)/C=C/c1ccc(c(c1)OC)O,default,5.1261,success,-10.61,,success,0.4475083333333333,252.27,1.34,2,5,75.99,6,0,-9.31,success
"(6aR,12aS)-2,3-methylenedioxy-9-methoxy-8-(3,3-dimethylallyl)-12a-hydroxyrotenoid",COc1ccc2c(c1CC=C(C)C)O[C@H]1[C@@](C2=O)(O)c2cc3OCOc3cc2OC1,default,5.8102,success,-10.73,,success,0.5085166666666667,410.42,3.16,1,7,83.45,3,0,-9.79,success
usararotenoid A,O=C1c2ccc3c(c2O[C@H]2[C@@]1(O)c1cc4OCOc4cc1OC2)OCO3,default,5.5913,success,-10.85,,success,0.494275,356.29,1.37,1,8,92.68,0,0,-10.1,success
12a-epimillettosin,O=C1c2ccc3c(c2O[C@H]2[C@@]1(O)c1cc4OCOc4cc1OC2)C=CC(O3)(C)C,default,6.0488,success,-10.83,,success,0.5317333333333333,394.38,2.82,1,7,83.45,0,0,-10.22,success
"6a,12a-dehydromillettone",O=c1c2c(COc3c2cc2OCOc2c3)oc2c1ccc1c2C=CC(O1)(C)C,default,5.7844,success,-10.3,,success,0.4920333333333333,376.36,4.27,0,6,67.13,0,0,-9.85,success
barbigerone,COc1cc(OC)c(cc1c1coc2c(c1=O)ccc1c2C=CC(O1)(C)C)OC,default,5.3422,success,-7.14,,success,0.34985,394.42,4.67,0,6,67.13,4,0,-9.33,success
4'-O-geranylisoliquiritigenin,C/C(=C\COc1ccc(c(c1)O)C(=O)/C=C/c1ccc(cc1)O)/CCC=C(C)C,default,5.9117,success,-6.56,,success,0.37797499999999995,392.5,6.07,2,4,66.76,9,1,-8.03,success
(+)-12-dihydrousararotenoid-A,O[C@@H]1c2ccc3c(c2O[C@H]2[C@@]1(O)c1cc4OCOc4cc1OC2)OCO3,default,5.6064,success,-10.75,,success,0.49219999999999997,358.3,1.22,2,8,95.84,0,0,-9.98,success
(+)-usararotenoid-B,COc1c(OC)ccc2c1O[C@@H]1COc3c([C@]1(C2=O)O)cc1c(c3)OCO1,default,5.5729,success,-10.66,,success,0.48640833333333333,372.33,1.66,1,8,92.68,2,0,-10.06,success
"alpha,4,2'-trihydroxy-4'-O-geranyldihydrochalcone",C/C(=C\COc1ccc(c(c1)O)C(=O)C(Cc1ccc(cc1)O)O)/CC=C(C)C,default,6.3917,success,-7.6,,success,0.4526416666666666,396.48,4.57,3,5,86.99,9,0,-8.54,success
norisojamicin,Oc1cc(cc2c1OCO2)c1coc2c(c1=O)ccc1c2C=CC(O1)(C)C,default,6.2759,success,-11.47,,success,0.5719916666666667,364.35,4.08,1,6,78.13,1,0,-9.91,success
4-O-geranylcinnamyl acetate,C/C(=C\COc1ccc(cc1)/C=C/COC(=O)C)/CC=C(C)C,default,5.5408,success,-7.07,,success,0.36406666666666665,314.43,4.94,0,3,35.53,8,0,-9.31,success
"5,7-dihydroxy-4'-methoxy-3â€²,5â€²-di-(3-methylbut-2-enyl)flavanone",COc1c(CC=C(C)C)cc(cc1CC=C(C)C)[C@@H]1CC(=O)c2c(O1)cc(cc2O)O,default,5.8472,success,-6.76,,success,0.37926666666666664,422.52,5.83,2,5,75.99,6,1,-8.44,success
"5,7-dihydroxy-4'-methoxy-3â€²-(3-hydroxy-3-methylbut-1-enyl)-5â€²-(3-methylbut-2-enyl)flavanone",CC(=CCc1cc(cc(c1O)CC=C(C)C)[C@@H]1CC(=O)c2c(O1)cc(cc2O)O)C,default,5.9568,success,-7.04,,success,0.3977333333333334,408.49,5.53,3,5,86.99,5,1,-8.59,success
burttinone,COc1c(CC=C(C)C)cc(cc1/C=C/C(O)(C)C)[C@@H]1CC(=O)c2c(O1)cc(cc2O)O,default,6.368,success,-7.03,,success,0.4316666666666667,438.52,5.11,3,6,96.22,6,1,-8.37,success
calopocarpin,CC(=CCc1cc2c(cc1O)OC[C@@H]1[C@H]2Oc2c1ccc(c2)O)C,default,5.9449,success,-8.57,,success,0.44774166666666665,324.38,4.22,2,4,58.92,2,0,-10.05,success
neorautenol,Oc1ccc2c(c1)O[C@@H]1[C@H]2COc2c1cc1C=CC(Oc1c2)(C)C,default,6.0035,success,-9.28,,success,0.4762916666666666,322.36,4.19,1,4,47.92,0,0,-10.27,success
sigmoidin B-4'-methyl ether,COc1c(O)cc(cc1CC=C(C)C)[C@@H]1CC(=O)c2c(O1)cc(cc2O)O,default,5.9213,success,-8.4,,success,0.4401083333333333,370.4,4.03,3,6,96.22,4,0,-9.54,success
bidwillon A,CC(=CCc1cc2C(=O)C(COc2c(c1O)CC=C(C)C)c1ccc(cc1O)O)C,default,5.753,success,-6.92,,success,0.37675000000000003,408.49,5.18,3,5,86.99,5,1,-8.72,success
isobavachalcone,CC(=CCc1c(O)ccc(c1O)C(=O)/C=C/c1ccc(cc1)O)C,default,5.3733,success,-8.64,,success,0.40244166666666675,324.38,4.21,3,4,77.76,5,0,-9.28,success
erythrinasinate,CCCCCCCCCCCCCCCCCCCCCCCCCCCCOC(=O)/C=C/c1ccc(c(c1)OC)O,default,5.1354,success,-4.15,,success,0.23295,586.94,12.12,1,4,55.76,30,2,-6.34,success
"7,4'-dihydroxy-2'-methoxy-6-(1"",1""-dimethylallyl)isoflav-3-ene",C=CC(c1cc2C=C(COc2cc1O)c1ccc(cc1OC)O)(C)C,default,5.5908,success,-8.71,,success,0.42290000000000005,338.4,4.5,2,4,58.92,4,0,-9.84,success
"4'-hydroxy-2'-methoxy-2"",2""-dimethylpyrano[5"",6"":8,7]isoflav-3-ene",COc1cc(O)ccc1C1=CCOc2c1ccc1c2C=CC(O1)(C)C,default,5.8288,success,-8.52,,success,0.4364,336.39,4.41,1,4,47.92,2,0,-10.19,success
"7,4'-dihydroxy-2'-methoxy-8-(3"",3""-dimethylallyl)isoflav-3-ene",COc1cc(O)ccc1C1=Cc2c(OC1)c(CC=C(C)C)c(cc2)O,default,5.8092,success,-8.4,,success,0.43076666666666663,338.4,4.55,2,4,58.92,4,0,-9.81,success
"2-arylbenzofuran, 6,4'-dihydroxy-2'-methoxy-5-(1"",1""-dimethylallyl)-2-arylbenzofuran",COc1cc(O)ccc1c1oc2c(c1)cc(c(c2)O)C(C=C)(C)C,default,5.2539,success,-8.7,,success,0.39449166666666663,324.38,4.98,2,4,62.83,4,0,-9.43,success
bidwillol A,COc1c(ccc(c1CC=C(C)C)O)C1=Cc2c(OC1)cc(cc2)O,default,5.6791,success,-8.15,,success,0.4115916666666667,338.4,4.55,2,4,58.92,4,0,-9.81,success
erybraedin A,CC(=CCc1c(O)ccc2c1OCC1C2Oc2c1ccc(c2CC=C(C)C)O)C,default,5.7305,success,-7.22,,success,0.384875,392.5,5.72,2,4,58.92,4,1,-8.97,success
erythrabyssin II,CC(=CCc1cc2c(cc1O)OC[C@@H]1[C@H]2Oc2c1ccc(c2CC=C(C)C)O)C,default,6.0562,success,-7.2,,success,0.41135,392.5,5.72,2,4,58.92,4,1,-8.98,success
phaseollidin,CC(=CCc1c(O)ccc2c1O[C@@H]1[C@H]2COc2c1ccc(c2)O)C,default,6.0155,success,-9.12,,success,0.47195833333333337,324.38,4.22,2,4,58.92,2,0,-10.12,success
phaseollin,Oc1ccc2c(c1)OC[C@@H]1[C@H]2Oc2c1ccc1c2C=CC(O1)(C)C,default,5.9881,success,-8.8,,success,0.45900833333333335,322.36,4.19,1,4,47.92,0,0,-10.33,success
"5,2',4'-trihydroxy-7-methoxy-6-(3-methylbut-2-enyl)isoflavone",COc1cc2occ(c(=O)c2c(c1CC=C(C)C)O)c1ccc(cc1O)O,default,5.3513,success,-10.91,,success,0.47627500000000006,368.39,4.09,3,6,100.13,4,0,-9.36,success
"5,7-dihydroxy-4'-methoxy-3'-(3-methylbutadienyl)-5'-(3-methylbut-2-enyl)flavanone",COc1c(CC=C(C)C)cc(cc1/C=C/C(=C)C)[C@@H]1CC(=O)c2c(O1)cc(cc2O)O,default,6.3501,success,-7.35,,success,0.4408416666666667,420.51,5.91,2,5,75.99,6,1,-8.27,success
8-prenylluteone,CC(=CCc1c(O)c(CC=C(C)C)c2c(c1O)c(=O)c(co2)c1ccc(cc1O)O)C,default,5.7217,success,-6.39,,success,0.356475,422.48,5.3,4,6,111.13,5,1,-8.28,success
3-O-methylcalopocarpin,COc1cc2OC[C@@H]3[C@H](c2cc1CC=C(C)C)Oc1c3ccc(c1)O,default,5.8477,success,-8.74,,success,0.4453083333333333,338.4,4.52,1,4,47.92,3,0,-10.12,success
sigmoidin B 4'-methylether diacetate,COc1c(CC=C(C)C)cc(cc1OC(=O)C)C1CC(=O)c2c(O1)cc(cc2O)OC(=O)C,default,6.1194,success,-7.93,,success,0.44094999999999995,454.48,4.47,1,8,108.36,6,0,-8.45,success
calopocarpin diacetate,CC(=CCc1cc2c(cc1OC(=O)C)OCC1C2Oc2c1ccc(c2)OC(=O)C)C,default,5.9544,success,-8.29,,success,0.4391999999999999,408.45,4.66,0,6,71.06,4,0,-9.03,success
"(R)-5,7-dihydroxy-2',4',5'-trimethoxyisoflavanone",COc1cc(OC)c(cc1[C@@H]1COc2c(C1=O)c(O)cc(c2)O)OC,default,5.3605,success,-10.45,,success,0.46170833333333333,346.34,2.48,2,7,94.45,4,0,-10.18,success
"(R)-5-hydroxy-2',4',5'-trimethoxy-2"",2""-dimethylpyrano[5"",6"":6,7]isoflavanone",COc1cc(OC)c(cc1[C@@H]1COc2c(C1=O)c(O)c1c(c2)OC(C=C1)(C)C)OC,default,5.6913,success,-10.68,,success,0.4969416666666666,412.44,3.96,1,7,83.45,4,0,-9.59,success
shinpterocarpin,Oc1ccc2c(c1)O[C@@H]1[C@H]2COc2c1ccc1c2C=CC(O1)(C)C,default,6.0332,success,-8.8,,success,0.46276666666666666,322.36,4.19,1,4,47.92,0,0,-10.33,success
"2,3-dehydrokievitone",CC(=CCc1c(O)cc(c2c1occ(c2=O)c1ccc(cc1O)O)O)C,default,5.7214,success,-9.39,,success,0.45645,354.36,3.79,4,6,111.13,3,0,-9.38,success
"5,7-dihydroxy-2',4',5'-trimethoxyisoflavone",COc1cc(OC)c(cc1c1coc2c(c1=O)c(O)cc(c2)O)OC,default,4.873,success,-10.87,,success,0.4350833333333333,344.32,2.9,2,7,98.36,4,0,-9.88,success
"5,7-dihydroxy-4'-methoxy3â€²-(3-methylbut-2-enyl)isoflavone",COc1ccc(cc1CC=C(C)C)C1COc2c(C1=O)c(O)cc(c2)O,default,5.865,success,-10.36,,success,0.50075,354.4,3.97,2,5,75.99,4,0,-9.89,success
"5,7,3'-trihydroxy-4'-methoxy-5'-(3-methylbut-2-enyl)isoflavone",COc1c(O)cc(cc1CC=C(C)C)C1COc2c(C1=O)c(O)cc(c2)O,default,5.6897,success,-10.03,,success,0.4751416666666667,370.4,3.68,3,6,96.22,4,0,-9.64,success
"5,7,3'-trihydroxy-4'-methoxy-5'-formylisoflavone",COc1c(O)cc(cc1C=O)C1COc2c(C1=O)c(O)cc(c2)O,default,5.6556,success,-11.4,,success,0.5179666666666667,330.29,1.98,3,7,113.29,3,0,-9.81,success
presengulone,COC1=CC(=O)c2c(C1=O)c(c1c(OC)cc3c(c1O)c(O)c1c(c3)CC(CC1=O)(C)O)c1c(c2O)c(O)cc(c1)C,default,6.0831,success,-1.61,,success,0.22725833333333334,570.55,4.59,5,10,170.82,3,1,-7.19,success
physcion,COc1cc(O)c2c(c1)C(=O)c1c(C2=O)c(O)cc(c1)C,default,5.4788,success,-10.91,,success,0.4869,284.27,2.19,2,5,83.83,1,0,-10.11,success
physcion bianthrone,COc1cc(O)c2c(c1)C(c1c(C2=O)c(O)cc(c1)C)C1c2cc(C)cc(c2C(=O)c2c1cc(OC)cc2O)O,default,5.6178,success,-4.48,,success,0.28415,538.55,5.2,4,8,133.52,3,2,-7.25,success
xanthorin,COc1cc(O)c2c(c1O)C(=O)c1c(C2=O)c(O)cc(c1)C,default,5.4697,success,-11.02,,success,0.4898083333333333,300.27,1.9,3,6,104.06,1,0,-9.82,success
floribundone-1,COc1cc2C(=O)c3cc(C)cc(c3C(=O)c2c(c1c1c(OC)cc(c2c1C(=O)c1cc(C)cc(c1C2=O)O)O)O)O,default,5.6443,success,-1.09,,success,0.17335833333333336,566.52,4.36,4,10,167.66,3,1,-7.25,success
isosengulone,COc1cc(O)c2c(c1)c(c1c(OC)cc3c(c1O)C(=O)c1c(C3=O)cc(cc1O)C)c1c(c2O)C(=O)C=C(C1=O)C,default,6.1662,success,-1.15,,success,0.21885,566.52,4.76,4,10,167.66,3,1,-7.14,success
sengulone,COC1=CC(=O)c2c(C1=O)c(c1c(OC)cc3c(c1O)C(=O)c1c(C3=O)cc(cc1O)C)c1c(c2O)c(O)cc(c1)C,default,5.9631,success,-1.57,,success,0.215925,566.52,4.64,4,10,167.66,3,1,-7.13,success
"anhydrophlegmacin-9,10-quinones A2",COc1cc(O)c2c(c1)c(c1c(OC)cc3c(c1O)C(=O)c1c(C3=O)cc(cc1O)C)c1c(c2O)C(=O)[C@](CC1)(C)O,default,5.9981,success,-1.98,,success,0.23250833333333334,570.55,4.31,5,10,170.82,3,1,-7.22,success
"anhydrophlegmacin-9,10-quinones B2",COc1cc(O)c2c(c1)c(c1c(OC)cc3c(c1O)C(=O)c1c(C3=O)cc(cc1O)C)c1c(c2O)C(=O)[C@@](CC1)(C)O,default,5.9981,success,-1.33,,success,0.21084166666666668,570.55,4.31,5,10,170.82,3,1,-7.22,success
"N1,N8-dibenzoylspermidine",O=C(c1ccccc1)NCCCCNCCCNC(=O)c1ccccc1,default,4.0473,success,-9.79,,success,0.330275,353.47,2.61,3,3,70.23,11,0,-9.35,success
"5,7'-physcion-physcionanthrone",COc1cc2c(c(c1c1c(OC)cc(c3c1Cc1cc(C)cc(c1C3=O)O)O)O)C(=O)c1c(C2=O)cc(cc1O)C,default,5.7864,success,-1.15,,success,0.18720000000000003,552.54,4.72,4,9,150.59,3,1,-7.16,success
emodin,Cc1cc(O)c2c(c1)C(=O)c1c(C2=O)c(O)cc(c1)O,default,5.6218,success,-10.76,,success,0.4938166666666667,270.24,1.89,3,5,94.83,0,0,-9.96,success
10-hydroxy-10-(physcion-7'-yl)-chrysophanol anthrone,COc1cc2C(=O)c3cc(C)cc(c3C(=O)c2c(c1C1(O)c2c(O)cc(cc2C(=O)c2c1c(O)c(c(c2)OC)C)C)O)O,default,5.9705,success,-1.46,,success,0.21287500000000004,582.56,4.06,5,10,170.82,3,1,-7.27,success
"5,10-dihydroxy-2-methyl-9-(physcion-7'-yl)-1,4-anthraquinone",COc1cc2c(c(c1c1c3C(=O)C(=CC(=O)c3c(c3c1cccc3O)O)C)O)C(=O)c1c(C2=O)cc(cc1O)C,default,6.1647,success,-4.54,,success,0.331725,536.49,4.75,4,9,158.43,2,1,-7.37,success
torosachrysone,COc1cc2cc3CC(C)(O)CC(=O)c3c(c2c(c1)O)O,default,5.2239,success,-11.14,,success,0.47332500000000005,288.3,2.14,3,5,86.99,1,0,-10.2,success
anhydrophlegmacin,COc1cc(O)c2c(c1)c(c1c(OC)cc3c(c1O)C(=O)c1c(C3)cc(cc1O)C)c1c(c2O)C(=O)CC(C1)(C)O,default,6.1774,success,-1.79,,success,0.24111666666666665,556.57,4.67,5,9,153.75,3,1,-7.22,success
"5,7'-physcion-fallacinol",OCc1cc(O)c2c(c1)C(=O)c1c(C2=O)c(O)c(c(c1)OC)c1c(OC)cc(c2c1C(=O)c1cc(C)cc(c1C2=O)O)O,default,6.235,success,-3.01,,success,0.28658333333333336,582.52,3.54,5,11,187.89,4,2,-7.01,success
physcion-8-O-galactoside,OC[C@H]1O[C@@H](Oc2cc(C)cc3c2C(=O)c2c(C3=O)cc(cc2O)OC)[C@@H]([C@H]([C@H]1O)O)O,default,6.3797,success,-5.31,,success,0.3753083333333333,446.41,-0.34,5,10,162.98,4,0,-7.94,success
rhein,Oc1cc(cc2c1C(=O)c1c(C2=O)cccc1O)C(=O)O,default,5.1557,success,-11.29,,success,0.4726416666666667,284.22,1.57,3,5,111.9,1,0,-9.64,success
"torosanin-9',10'-quinone",COc1cc2c(c(c1c1c(OC)cc(c3c1cc1C[C@](C)(O)CC(=O)c1c3O)O)O)C(=O)c1c(C2=O)cc(cc1O)C,default,6.1763,success,-1.37,,success,0.22702500000000003,570.55,4.31,5,10,170.82,3,1,-7.21,success
"anhydrophlegmacin-9',10'-quinone",COc1cc(O)c2c(c1)c(c1c(OC)cc3c(c1O)C(=O)c1c(C3=O)cc(cc1O)C)c1c(c2O)C(=O)CC(C1)(C)O,default,6.317,success,-1.01,,success,0.22675,570.55,4.31,5,10,170.82,3,1,-7.22,success
deguelin,COc1cc2c(cc1OC)OC[C@@H]1[C@H]2C(=O)c2c(O1)c1C=CC(Oc1cc2)(C)C,default,5.8363,success,-7.96,,success,0.4183583333333333,394.42,4.01,0,6,63.22,2,0,-9.93,success
tephrosin,COc1cc2c(cc1OC)OC[C@@H]1[C@@]2(O)C(=O)c2c(O1)c1C=CC(Oc1cc2)(C)C,default,5.746,success,-10.95,,success,0.5105000000000001,410.42,3.11,1,7,83.45,2,0,-10.01,success
millettone,O=C1c2ccc3c(c2O[C@H]2[C@@H]1c1cc4OCOc4cc1OC2)C=CC(O3)(C)C,default,6.1902,success,-10.08,,success,0.5185166666666667,378.38,3.72,0,6,63.22,0,0,-10.14,success
millettosine,O=C1c2ccc3c(c2OC2C1(O)c1cc4OCOc4cc1OC2)C=CC(O3)(C)C,default,6.0488,success,-11.05,,success,0.5390666666666667,394.38,2.82,1,7,83.45,0,0,-10.22,success
7a-O-methyldeguelol,COc1cc2c(cc1OC)OCCC2C(=O)c1ccc2c(c1O)C=CC(O2)(C)C,default,5.4814,success,-8.73,,success,0.41445000000000004,396.44,4.34,1,6,74.22,4,0,-9.51,success
alpha-toxicarol,COc1cc2OC[C@@H]3[C@H](c2cc1OC)C(=O)c1c(O3)c2C=CC(Oc2cc1O)(C)C,default,6.0435,success,-11.0,,success,0.5369583333333333,410.42,3.71,1,7,83.45,2,0,-9.83,success
7a-O-methyl-12a-hydroxydeguelol,COc1c(ccc2c1C=CC(O2)(C)C)C(=O)C1(O)CCOc2c1cc(OC)c(c2)OC,default,5.3526,success,-10.17,,success,0.45171666666666666,426.47,3.75,1,7,83.45,5,0,-9.39,success
spiro-13-homo-13-oxaelliptone,COc1cc2OC3(CCOc2cc1OC)Oc1c(C3=O)ccc2c1cco2,default,5.369,success,-10.12,,success,0.45141666666666663,368.34,3.58,0,7,76.36,2,0,-9.94,success
"6,7-dimethoxy-4-chromanone",COc1cc2C(=O)CCOc2cc1OC,default,4.7623,success,-7.84,,success,0.3248583333333333,208.21,1.67,0,4,44.76,2,0,-10.17,success
rotenone,COc1cc2c(cc1OC)OC[C@@H]1[C@H]2C(=O)c2c(O1)c1C[C@@H](Oc1cc2)C(=C)C,default,5.8067,success,-10.18,,success,0.48989166666666667,394.42,3.7,0,6,63.22,3,0,-9.8,success
dehydrodeguelin,COc1cc2c(cc1OC)OCc1c2c(=O)c2c(o1)c1C=CC(Oc1cc2)(C)C,default,5.4224,success,-8.3,,success,0.3952,392.41,4.55,0,6,67.13,2,0,-9.62,success
5-prenylbutein,CC(=CCc1cc(/C=C/C(=O)c2ccc(cc2O)O)cc(c1O)O)C,default,5.614,success,-8.66,,success,0.4231666666666667,340.38,3.91,4,5,97.99,5,0,-9.01,success
homobutein,COc1cc(/C=C/C(=O)c2ccc(cc2O)O)ccc1O,default,5.2799,success,-11.31,,success,0.4836583333333333,286.28,2.71,3,5,86.99,4,0,-9.73,success
licoagrochalcone A,CC(=CCc1cc(/C=C/C(=O)c2ccc(cc2O)O)ccc1O)C,default,5.5342,success,-8.38,,success,0.4071833333333334,324.38,4.21,3,4,77.76,5,0,-9.21,success
5-deoxyabyssinin II,COc1cc(cc(c1O)CC=C(C)C)[C@@H]1CC(=O)c2c(O1)cc(cc2)O,default,5.6573,success,-8.14,,success,0.4094416666666667,354.4,4.32,2,5,75.99,4,0,-9.82,success
abyssinin III,CC(=CCc1c(cc(c(c1CC=C(C)C)O)O)[C@@H]1CC(=O)c2c(O1)cc(cc2O)O)C,default,6.2196,success,-6.05,,success,0.3866333333333333,424.49,5.23,4,6,107.22,5,1,-8.26,success
abyssinone IV,CC(=CCc1cc(cc(c1O)CC=C(C)C)C1CC(=O)c2c(O1)cc(cc2)O)C,default,5.6361,success,-6.88,,success,0.365675,392.5,5.82,2,4,66.76,5,1,-8.84,success
sigmoidin A,CC(=CCc1c(cc(c(c1O)O)CC=C(C)C)[C@@H]1CC(=O)c2c(O1)cc(cc2O)O)C,default,6.22,success,-6.47,,success,0.4006666666666666,424.49,5.23,4,6,107.22,5,1,-8.25,success
sigmoidin B,CC(=CCc1cc(cc(c1O)O)[C@@H]1CC(=O)c2c(O1)cc(cc2O)O)C,default,6.0552,success,-9.94,,success,0.5025999999999999,356.37,3.72,4,6,107.22,3,0,-9.46,success
sigmoidin C,Oc1cc2O[C@@H](CC(=O)c2c(c1)O)c1cc(O)c2c(c1)C=CC(O2)(C)C,default,6.2053,success,-10.59,,success,0.536775,354.36,3.69,3,6,96.22,1,0,-9.96,success
sigmoidin E,CC(=CCc1cc(cc2c1OC(C)(C)C=C2)[C@@H]1CC(=O)c2c(O1)cc(cc2O)O)C,default,6.3959,success,-7.87,,success,0.4619916666666667,406.48,5.5,2,5,75.99,3,1,-9.0,success
3-hydroxy-9-methoxy-10-prenylpterocarpene,COc1ccc2c(c1OC=C(C)C)oc1c2COc2c1ccc(c2)O,default,5.7038,success,-8.38,,success,0.42131666666666673,338.36,5.01,1,5,61.06,3,1,-9.4,success
"7,4'-dihydroxy-2',5'-dimethoxyisoflav-3-ene",COc1cc(O)c(cc1C1=Cc2c(OC1)cc(cc2)O)OC,default,5.057,success,-11.22,,success,0.46208333333333335,300.31,3.05,2,5,68.15,3,0,-10.34,success
abyssinoflavone V,Oc1cc2O[C@@H](CC(=O)c2c(c1)O)c1ccc2c(c1)C=CC(O2)(C)C,default,6.2738,success,-11.07,,success,0.5584833333333333,338.36,3.99,2,5,75.99,1,0,-10.14,success
abyssinoflavone VI,CC(=CCc1cc(cc(c1O)CC(C(=C)C)O)[C@@H]1CC(=O)c2c(O1)cc(cc2O)O)C,default,6.6301,success,-6.98,,success,0.4518416666666667,424.49,4.5,4,6,107.22,6,0,-8.68,success
sigmoidin F,CC(=CCc1c(cc2c(c1O)OC(C=C2)(C)C)[C@H]1CC(=O)c2c(O1)cc(cc2O)O)C,default,6.526,success,-7.79,,success,0.4701666666666666,422.48,5.2,3,6,96.22,3,1,-8.82,success
abyssinin II,COc1cc(cc(c1O)CC=C(C)C)[C@@H]1CC(=O)c2c(O1)cc(cc2O)O,default,5.9481,success,-8.9,,success,0.45900833333333335,370.4,4.03,3,6,96.22,4,0,-9.53,success
3'-prenylnaringenin,CC(=CCc1cc(ccc1O)c1cc(=O)c2c(o1)cc(cc2O)O)C,default,5.9486,success,-11.45,,success,0.5440499999999999,338.36,4.09,3,5,90.9,3,0,-9.52,success
abyssinin I,COc1cc(cc2c1OC(C)(C)C=C2)C1CC(=O)c2c(O1)cc(cc2O)O,default,6.1028,success,-11.05,,success,0.5435666666666668,368.39,4.0,2,6,85.22,2,0,-9.91,success
abyssinone-VI,CC(=CCc1cc(/C=C/C(=O)c2ccc(cc2O)O)cc(c1O)CC=C(C)C)C,default,5.4273,success,-6.71,,success,0.3426083333333333,392.5,5.72,3,4,77.76,7,1,-8.25,success
8-methoxyneorautenol,COc1cc2c(cc1O)OC1C2COc2c1cc1c(c2)OC(C=C1)(C)C,default,5.9595,success,-8.74,,success,0.45462500000000006,352.39,4.19,1,5,57.15,1,0,-10.24,success
eryvarin L,COc1cc(O)c(cc1c1oc2c(c1)ccc(c2)O)OC,default,4.8561,success,-10.74,,success,0.4293416666666666,286.28,3.53,2,5,72.06,3,0,-9.91,success
erycristagallin,CC(=CCc1cc2c(cc1O)OCc1c2oc2c1ccc(c2CC=C(C)C)O)C,default,5.7905,success,-7.19,,success,0.38887499999999997,390.48,6.42,2,4,62.83,4,1,-8.6,success
4'-O-methylsigmoidin B,COc1c(O)cc(cc1CC=C(C)C)C1CC(=O)c2c(O1)cc(cc2O)O,default,5.9213,success,-8.67,,success,0.4491083333333333,370.4,4.03,3,6,96.22,4,0,-9.54,success
6alpha-hydroxy-alpha-toxicarol,COc1cc2O[C@@H](O)[C@@H]3[C@H](c2cc1OC)C(=O)c1c(O3)c2C=CC(Oc2cc1O)(C)C,default,6.1753,success,-11.08,,success,0.5506083333333334,426.42,3.03,2,8,103.68,2,0,-9.77,success
sumatrol,COc1cc2OC[C@@H]3[C@H](c2cc1OC)C(=O)c1c(O3)c2C[C@@H](Oc2cc1O)C(=C)C,default,6.0315,success,-11.42,,success,0.5499583333333333,410.42,3.41,1,7,83.45,3,0,-9.71,success
12a-hydroxy-alpha-toxicarol,COc1cc2OC[C@@H]3[C@@](c2cc1OC)(O)C(=O)c1c(O3)c2C=CC(Oc2cc1O)(C)C,default,6.0292,success,-10.84,,success,0.5304333333333333,426.42,2.82,2,8,103.68,2,0,-9.8,success
villosinol,COc1cc2OCC3C(c2cc1OC)(O)C(=O)c1c(O3)c2CC(Oc2cc1O)C(=C)C,default,5.9967,success,-11.35,,success,0.5447249999999999,426.42,2.51,2,8,103.68,3,0,-9.67,success
(+)-tephrodin,COc1cc2OC[C@@H]3[C@@](c2c2c1c(=O)cc(o2)c1ccccc1)(OC(=O)C)C(=O)C(O3)(C)C,default,5.9586,success,-10.37,,success,0.5088833333333332,450.44,3.37,0,8,101.27,3,0,-9.26,success
tachrosin,COc1cc(OC)c2c(c1C1=COC(C1=O)(C)C)oc(cc2=O)c1ccccc1,default,5.5333,success,-7.65,,success,0.382775,392.41,4.2,0,6,74.97,4,0,-9.49,success
obovatin methyl ether,COc1cc2OC(C)(C)C=Cc2c2c1C(=O)CC(O2)c1ccccc1,default,5.7143,success,-8.29,,success,0.41919166666666663,336.39,4.59,0,4,44.76,2,0,-10.15,success
derrone,Oc1ccc(cc1)c1coc2c(c1=O)c(O)cc1c2C=CC(O1)(C)C,default,6.2492,success,-10.93,,success,0.5517666666666667,336.34,4.06,2,5,79.9,1,0,-9.91,success
terpurinflavone,CC(=O)Oc1ccc2c(c1[C@H]1COC([C@H]1OC(=O)C)(C)C)OC(CC2=O)c1ccccc1,default,5.9035,success,-7.87,,success,0.4209583333333334,438.48,4.14,0,7,88.13,4,0,-9.08,success
lanceolatin A,COc1ccc2c(c1/C=C/C(O)(C)C)oc(cc2=O)c1ccccc1,default,5.7907,success,-9.16,,success,0.4545583333333334,336.39,4.25,1,4,59.67,4,0,-9.78,success
(-)-semiglabrin,CC(=O)O[C@H]1[C@H]2[C@@H](OC1(C)C)Oc1c2c2oc(cc(=O)c2cc1)c1ccccc1,default,6.151,success,-10.34,,success,0.5239166666666667,392.41,4.0,0,6,74.97,2,0,-9.61,success
lanceolatin B,O=c1cc(oc2c1ccc1c2cco1)c1ccccc1,default,5.4782,success,-7.25,,success,0.36485,262.26,4.21,0,3,43.35,1,0,-9.35,success
pterocarpan,c1ccc2c(c1)C1Oc3c(C1CO2)cccc3,default,5.1738,success,-6.24,,success,0.3058166666666667,224.26,3.3,0,2,18.46,0,0,-10.48,success
3'-(2-hydroxy-3-methylbuten-3-yl)-biochanin A,COc1ccc(cc1CC(C(=C)C)O)c1coc2c(c1=O)c(O)cc(c2)O,default,6.22,success,-10.66,,success,0.5403333333333333,368.39,3.36,3,6,100.13,5,0,-9.37,success
"5,7-dihydroxy-3-[3-hydroxy-4-methoxy-5[(E)-3-methylbuta-1,3-dienyl]phenyl-1- benzopyran-4-one",COc1c(O)cc(cc1/C=C/C(=C)C)c1coc2c(c1=O)c(O)cc(c2)O,default,5.7624,success,-8.68,,success,0.43620000000000003,366.37,4.17,3,6,100.13,4,0,-9.35,success
"5,7,3'-trihydroxy-4'-methoxy-5'-(3-hydroxy-3-methylbuten-1-yl]isoflavanone",COc1c(O)cc(cc1/C=C/C(O)(C)C)c1coc2c(c1=O)c(O)cc(c2)O,default,5.8024,success,-9.23,,success,0.45786666666666664,384.38,3.37,4,7,120.36,4,0,-9.27,success
"5,7-dihydroxy-4'-methoxy-3'-(2,3-dihydroxy-3-methylbutyl)isoflavone",COc1ccc(cc1CC(C(O)(C)C)O)c1coc2c(c1=O)c(O)cc(c2)O,default,6.0847,success,-8.92,,success,0.47105833333333336,386.4,2.55,4,7,120.36,5,0,-9.27,success
4'-O-methylabyssinone V,Cn1nncc1CNCCn1nncc1,default,5.4749,success,-6.13,,success,0.32724166666666665,207.24,-0.8,1,7,73.45,5,0,-9.04,success
5'-methoxy-3'-(3-methylbut-2-enyl)biochanin A,COc1c(CC=C(C)C)cc(cc1OC)c1coc2c(c1=O)c(O)cc(c2)O,default,5.7243,success,-8.17,,success,0.416025,382.41,4.4,2,6,89.13,5,0,-9.25,success
3'-(3-methylbut-2-enyl)biochanin A,COc1ccc(cc1CC=C(C)C)c1coc2c(c1=O)c(O)cc(c2)O,default,5.8459,success,-8.61,,success,0.440825,352.39,4.39,2,5,79.9,4,0,-9.49,success
"5,7-dihydroxy-3',4',5'-trimethoxyisoflavone",COc1cc(cc(c1OC)OC)c1coc2c(c1=O)c(O)cc(c2)O,default,5.2936,success,-10.48,,success,0.4571333333333333,344.32,2.9,2,7,98.36,4,0,-9.88,success
"7,2'-dimethoxy-4',5'-methylenedioxyisoflavone",COc1cc2OCOc2cc1c1coc2c(c1=O)ccc(c2)OC,default,4.867,success,-9.57,,success,0.39125,326.3,3.21,0,6,67.13,3,0,-9.97,success
3'-O-methylpratensein,COc1cc(ccc1OC)c1coc2c(c1=O)c(O)cc(c2)O,default,5.2811,success,-11.22,,success,0.48075833333333334,314.29,2.89,2,6,89.13,3,0,-9.92,success
parvisoflavone B,Oc1ccc(c(c1)O)c1coc2c(c1=O)c(O)c1c(c2)OC(C=C1)(C)C,default,5.6941,success,-11.22,,success,0.5151749999999999,352.34,3.76,3,6,100.13,1,0,-9.71,success
"6-hydroxy-5,7,4'-trimethoxyflavanone",COc1ccc(cc1)C1CC(=O)c2c(O1)cc(c(c2OC)O)OC,default,5.5226,success,-10.92,,success,0.49088333333333334,330.34,3.12,1,6,74.22,4,0,-10.26,success
6-methoxyhamiltone A,COc1ccc(cc1)C1CC(=O)c2c(O1)cc(c(c2OC)OC)OC,default,5.6243,success,-9.91,,success,0.4656916666666666,344.36,3.43,0,6,63.22,5,0,-10.06,success
"5,6,7,4'-tetramethoxyflavone",COc1ccc(cc1)c1cc(=O)c2c(o1)c(OC)c(cc2OC)OC,default,5.4856,success,-9.02,,success,0.4244666666666666,342.35,3.49,0,6,67.13,5,0,-9.79,success
"3',4',5,6,7-pentamethoxyflavone",COc1ccc(cc1OC)c1cc(=O)c2c(o1)cc(c(c2OC)OC)OC,default,5.2774,success,-8.76,,success,0.39844999999999997,372.37,3.5,0,7,76.36,6,0,-9.5,success
"6'-hydroxy-2',3',4,4'-tetra-methoxychalcone",COc1ccc(cc1)/C=C/C(=O)c1c(O)cc(c(c1OC)OC)OC,default,5.0606,success,-9.68,,success,0.41104999999999997,344.36,3.32,1,6,74.22,7,0,-9.59,success
sarcolobine,COc1cc2c(cc1OC)OC[C@@H]1[C@@]2(O)C(=O)c2c(O1)c1c(cc2)OC2C1C2(C)C,default,5.5556,success,-10.82,,success,0.49030000000000007,410.42,2.81,1,7,83.45,2,0,-10.06,success
isorhamnetin 3-O-galactoside,OCC1OC(Oc2c(oc3c(c2=O)c(O)cc(c3)O)c2ccc(c(c2)OC)O)C(C(C1O)O)O,default,6.1862,success,-4.91,,success,0.34585000000000005,478.41,-0.24,7,12,199.51,5,2,-7.32,success
isorhamnetin 3-O-glucoside,OC[C@H]1O[C@@H](Oc2c(oc3c(c2=O)c(O)cc(c3)O)c2ccc(c(c2)OC)O)[C@@H]([C@H]([C@@H]1O)O)O,default,6.1862,success,-4.71,,success,0.3391833333333334,478.41,-0.24,7,12,199.51,5,2,-7.32,success
"(2S)-5,7-dimethoxy-8-(3-hydroxy-3-methylbut-1Z-enyl)flavanone",COc1cc(OC)c2c(c1/C=C/C(O)(C)C)OC(CC2=O)c1ccccc1,default,5.8579,success,-8.21,,success,0.42849166666666666,368.43,4.19,1,5,64.99,5,0,-9.8,success
"(2S)-5,7-dimethoxy-8-(3-methylbut-1,3-dienyl)flavanone",COc1cc(O)c2c(c1/C=C/C(=C)C)O[C@@H](CC2=O)c1ccccc1,default,6.0257,success,-8.87,,success,0.46447499999999997,336.39,4.7,1,4,55.76,4,0,-9.84,success
"(2S)-4'-hydroxy-5-methoxy-6'',6''-dimethylpyrano[2'',3'':7,8]flavanone",COc1cc2OC(C)(C)C=Cc2c2c1C(=O)C[C@H](O2)c1ccc(cc1)O,default,5.9453,success,-8.73,,success,0.45310833333333334,352.39,4.29,1,5,64.99,2,0,-10.17,success
"(2S)-5-methoxy-6'',6''-dimethyl-4'',5''-dihydrocyclopropa[4'',5'']furano[2'',3'':7,8]flavanone",COc1cc2OC3C(c2c2c1C(=O)C[C@H](O2)c1ccccc1)C3(C)C,default,5.5326,success,-8.37,,success,0.40671666666666667,336.39,4.29,0,4,44.76,2,0,-10.2,success
quercetin 3-O-robinobioside,Oc1cc(O)c2c(c1)oc(c(c2=O)O[C@@H]1OC(CO[C@@H]2OC(C)[C@@H]([C@@H](C2O)O)O)[C@@H](C(C1O)O)O)c1ccc(c(c1)O)O,default,6.5443,success,-1.43,,success,0.25969166666666665,610.52,-1.69,10,16,269.43,6,3,-6.08,success
quercetin 3-O-rutinoside,Oc1cc(O)c2c(c1)oc(c(c2=O)OC1OC(COC2OC(C)C(C(C2O)O)O)C(C(C1O)O)O)c1ccc(c(c1)O)O,default,6.5443,success,-0.89,,success,0.24169166666666667,610.52,-1.69,10,16,269.43,6,3,-6.08,success
quercetin 3-O-galactoside,Oc1cc(O)c2c(c1)oc(c(c2=O)O[C@@H]1O[C@@H](C)[C@H]([C@H]([C@@H]1O)O)O)c1ccc(c(c1)O)O,default,6.281,success,-5.09,,success,0.35974999999999996,448.38,0.49,7,11,190.28,3,2,-7.74,success
quercetin 3-O-glucoside,OCC1O[C@@H](Oc2c(oc3c(c2=O)c(O)cc(c3)O)c2ccc(c(c2)O)O)C([C@H]([C@@H]1O)O)O,default,6.2557,success,-4.9,,success,0.35130833333333333,464.38,-0.54,8,12,210.51,4,2,-7.28,success
quercetin 3-O-pentoside,OC[C@]1(O)CO[C@H](C1O)Oc1c(oc2c(c1=O)c(O)cc(c2)O)c1ccc(c(c1)O)O,default,5.8803,success,-5.35,,success,0.335025,434.35,0.1,7,11,190.28,4,2,-7.62,success
(2S)-7-hydroxy-5-methoxy-8-prenylflavanone,COc1cc(O)c(c2c1C(=O)C[C@H](O2)c1ccccc1)CC=C(C)C,default,5.8652,success,-8.92,,success,0.45276666666666665,338.4,4.62,1,4,55.76,4,0,-9.86,success
"(2R,3R)-3-hydroxy-5-methoxy-6'',6''-dimethylpyrano[2'',3'':7,8]flavanone",COc1cc2OC(C)(C)C=Cc2c2c1C(=O)[C@H](O)[C@H](O2)c1ccccc1,default,5.5252,success,-10.63,,success,0.4814333333333333,352.39,3.56,1,5,64.99,2,0,-10.34,success
"5,7-dimethoxy-8-(3-hydroxy-3-methylbut-1Z-enyl)flavone",COc1cc(OC)c2c(c1/C=C\C(O)(C)C)oc(cc2=O)c1ccccc1,default,5.8498,success,-8.33,,success,0.4318166666666667,366.41,4.26,1,5,68.9,5,0,-9.52,success
3-O-alpha-rhamnopyranosyl(1â†’6)-beta-galactopyranoside-7-O-alpha-rhamnopyranoside 6-hydroxykaempferol 6-methyl ether,COc1c(OC2O[C@H](C)[C@H]([C@@H]([C@@H]2O)O)O)cc2c(c1O)c(=O)c(c(o2)c1ccc(cc1)O)OC1O[C@H](COC2O[C@H](C)[C@H]([C@@H]([C@@H]2O)O)O)[C@@H]([C@@H]([C@H]1O)O)O,default,6.3589,success,-0.58,,success,0.21590833333333337,770.69,-2.88,11,20,317.35,9,3,-5.18,success
3-O-alpha-rhamnopyranosyl(1â†’2)[alpha-rhamnopyranosyl(1â†’6)]-beta-galactopyranoside 6-hydroxykaempferol 6-methyl ether,COc1c(O)cc2c(c1O)c(=O)c(c(o2)c1ccc(cc1)O)OC1O[C@H](COC2O[C@H](C)[C@H]([C@@H]([C@@H]2O)O)O)[C@@H]([C@@H]([C@H]1OC1O[C@H](C)[C@H]([C@@H]([C@@H]1O)O)O)O)O,default,6.5679,success,-1.12,,success,0.251325,770.69,-2.53,11,20,317.35,9,3,-5.21,success
3-O-alpha-rhamnopyranosyl(1â†’2)[alpha-rhamnopyranosyl(1â†’6)]-beta-galactopyranoside-7-O-alpha-rhamnopyranoside 6-hydroxykaempferol 6-methyl ether,COc1c(OC2O[C@H](C)[C@H]([C@@H]([C@@H]2O)O)O)cc2c(c1O)c(=O)c(c(o2)c1ccc(cc1)O)OC1O[C@H](COC2O[C@H](C)[C@H]([C@@H]([C@@H]2O)O)O)[C@@H]([C@@H]([C@H]1OC1O[C@H](C)[C@H]([C@@H]([C@@H]1O)O)O)O)O,default,6.5832,success,-1.38,,success,0.26126666666666665,916.83,-4.03,13,24,376.27,11,3,-4.94,success
3-O-alpha-rhamnopyranosyl(1â†’2)[(3-O-E-feruloyl)-alpha-rhamnopyranosyl(1â†’6)]-beta-galactopyranoside 6-hydroxykaempferol 6-methyl ether,COc1c(OC2O[C@H](C)[C@H]([C@@H]([C@@H]2O)O)O)cc2c(c1O)c(=O)c(c(o2)c1ccc(cc1)O)OC1O[C@H](COC2O[C@H](C)[C@H]([C@@H]([C@@H]2O)O)OC(=O)/C=C/c2ccc(c(c2)OC)O)[C@@H]([C@@H]([C@H]1OC1O[C@H](C)[C@H]([C@@H]([C@@H]1O)O)O)O)O,default,7.1068,success,-1.46,,success,0.30756666666666665,1093.0,-2.05,13,27,411.8,15,3,-4.68,success
"(S)-5,7-dihydroxy-2',4'-dimethoxy-3'-(3''-methylbut-2''-enyl)-isoflavanone",COc1ccc(c(c1CC=C(C)C)OC)[C@H]1COc2c(C1=O)c(O)cc(c2)O,default,5.7215,success,-9.94,,success,0.4747916666666666,384.43,3.98,2,6,85.22,5,0,-9.53,success
"(Â±)-5,7,2'-trihydroxy-4'-methoxy-3'-(3''-methylbut-2''-enyl)-isoflavanone",COc1ccc(c(c1CC=C(C)C)O)[C@H]1COc2c(C1=O)c(O)cc(c2)O,default,5.6924,success,-10.38,,success,0.4870333333333334,370.4,3.68,3,6,96.22,4,0,-9.65,success
rinderine,O[C@H]1CCN2[C@@H]1C(=CC2)COC(=O)[C@@]([C@H](O)C)(C(C)C)O,default,5.5364,success,-6.66,,success,0.35003333333333336,299.37,-0.33,3,6,90.23,5,0,-8.82,success
"5,7-dihydroxy-4'-methoxy-2''-(2'''-hydroxyisopropyl)-dihydrofurano-[4'',5'':3',2']-isoflavanone",COc1ccc(c2c1CC(O2)C(O)(C)C)[C@H]1COc2c(C1=O)c(O)cc(c2)O,default,5.8654,success,-10.24,,success,0.49678333333333335,386.4,2.54,3,7,105.45,3,0,-9.86,success
"5,7,2',3''-tetrahydroxy-2'',2''-dimethyldihydropyrano-[5'',6'':3',4']-isoflavanone",Oc1cc(O)c2c(c1)OC[C@@H](C2=O)c1ccc2c(c1O)CC(C(O2)(C)C)O,default,5.7781,success,-9.85,,success,0.4765083333333333,372.37,2.24,4,7,116.45,1,0,-9.87,success
sophoraisoflavanone A,COc1c(ccc(c1CC=C(C)C)O)C1COc2c(C1=O)c(O)cc(c2)O,default,5.875,success,-10.07,,success,0.49191666666666667,370.4,3.68,3,6,96.22,4,0,-9.64,success
glyasperin F,Oc1cc(O)c2c(c1)OCC(C2=O)c1ccc(c2c1OC(C)(C)C=C2)O,default,5.977,success,-10.53,,success,0.51575,354.36,3.35,3,6,96.22,1,0,-10.03,success
formononetin,COc1ccc(cc1)c1coc2c(c1=O)ccc(c2)O,default,5.1895,success,-11.44,,success,0.48045833333333327,268.27,3.17,1,4,59.67,2,0,-10.15,success
kumatakenin,COc1c(oc2c(c1=O)c(O)cc(c2)OC)c1ccc(cc1)O,default,5.206,success,-11.35,,success,0.47883333333333333,314.29,2.89,2,6,89.13,3,0,-10.0,success
betulin,OC[C@]12CC[C@H]([C@@H]1[C@@H]1[C@](CC2)(C)[C@]2(C)CC[C@@H]3[C@]([C@H]2CC1)(C)CC[C@@H](C3(C)C)O)C(=C)C,default,4.8848,success,-6.77,,success,0.2994,442.73,7.0,2,2,40.46,2,1,-8.41,success
(S)-elatadihydrochalcone,COc1cc2OC(C)(C)C=Cc2c(c1C(=O)C[C@@H](c1ccccc1)O)O,default,4.9539,success,-10.4,,success,0.42615833333333336,354.4,3.89,2,5,75.99,5,0,-9.8,success
obovatachalcone,COc1cc2OC(C)(C)C=Cc2c(c1C(=O)/C=C/c1ccccc1)O,default,5.3676,success,-9.26,,success,0.42263333333333336,336.39,4.48,1,4,55.76,4,0,-9.66,success
obovatin,O=C1CC(Oc2c1c(O)cc1c2C=CC(O1)(C)C)c1ccccc1,default,6.03,success,-9.01,,success,0.46950000000000003,322.36,4.28,1,4,55.76,1,0,-10.26,success
"5,6-dehydrolupanine",O=C1CCC=C2N1C[C@@H]1C[C@H]2CN2[C@H]1CCCC2,default,5.5,success,-6.04,,success,0.32633333333333336,246.35,2.0,0,2,23.55,0,0,-10.33,success
anagyrine,O=c1cccc2n1C[C@H]1C[C@@H]2CN2[C@@H]1CCCC2,default,5.3306,success,-6.21,,success,0.3178833333333333,244.34,1.82,0,3,25.24,0,0,-10.55,success
cytisine,O=c1cccc2n1C[C@@H]1CNC[C@H]2C1,default,5.0234,success,-5.37,,success,0.2642833333333333,190.25,0.55,1,3,34.03,0,0,-9.99,success
baptifoline,O[C@H]1CCN2[C@H](C1)[C@@H]1C[C@@H](C2)c2n(C1)c(=O)ccc2,default,5.4264,success,-7.47,,success,0.3678666666666667,260.34,0.79,1,4,45.47,0,0,-10.22,success
N-methylcytisine,O=CN1CC2CC(C1)c1n(C2)c(=O)ccc1,default,5.5261,success,-4.12,,success,0.2645083333333333,218.26,0.42,0,3,42.31,1,0,-9.87,success
lupanine,O=C1CCC[C@H]2N1C[C@@H]1C[C@H]2CN2[C@H]1CCCC2,default,5.357,success,-6.0,,success,0.3130833333333334,248.37,1.87,0,2,23.55,0,0,-10.3,success
ammodendrine,CC(=O)N1CCCC(=C1)[C@H]1CCCCN1,default,4.6513,success,-7.38,,success,0.300275,208.3,1.65,1,2,32.34,1,0,-10.15,success
N-acetylcytisine,CC(=O)N1CC2CC(C1)c1n(C2)c(=O)ccc1,default,5.35,success,-4.39,,success,0.2588333333333333,232.28,0.81,0,3,42.31,0,0,-10.09,success
sparteine,C1CC[C@@H]2N(C1)C[C@@H]1C[C@H]2CN2[C@@H]1CCCC2,default,4.6847,success,-4.65,,success,0.21205833333333335,234.39,2.35,0,2,6.48,0,0,-10.53,success
rhombifoline,C=CCCN1C[C@@H]2C[C@@H](C1)c1n(C2)c(=O)ccc1,default,5.4319,success,-6.54,,success,0.337325,244.34,1.84,0,3,25.24,3,0,-10.36,success
6beta-hydroxylupanine,O=C1CCC[C@H]2N1C(O)[C@@H]1C[C@@H]2CN2[C@H]1CCCC2,default,5.5434,success,-9.53,,success,0.44628333333333337,264.37,1.19,1,3,43.78,0,0,-10.09,success
"3-(4-methoxyphenyl)-6-methoxy-8,8-dimethyl-4H,8H-benzo[1,2-b:3,4-b']dipyran-4-one",COc1cc2c(=O)c(coc2c2c1OC(C)(C)C=C2)c1ccc(cc1)OC,default,5.8848,success,-7.62,,success,0.4110666666666667,364.4,4.66,0,5,57.9,3,0,-9.64,success
ferrugone,COc1c2OCOc2c(cc1c1coc2c(c1=O)ccc1c2C=CC(O1)(C)C)OC,default,5.7049,success,-7.51,,success,0.39240833333333336,408.41,4.39,0,7,76.36,3,0,-9.41,success
jamaicin,COc1cc2OCOc2cc1c1coc2c(c1=O)ccc1c2C=CC(O1)(C)C,default,5.6115,success,-8.12,,success,0.40495833333333336,378.38,4.38,0,6,67.13,2,0,-9.74,success
7-hydroxy-4'-methoxy-3'-prenylisoflavone,COc1ccc(cc1CC=C(C)C)c1coc2c(c1=O)ccc(c2)O,default,5.7829,success,-8.77,,success,0.44090833333333335,336.39,4.68,1,4,59.67,4,0,-9.62,success
corylin,Oc1ccc2c(c1)occ(c2=O)c1ccc2c(c1)C=CC(O2)(C)C,default,5.8917,success,-8.56,,success,0.442975,320.34,4.35,1,4,59.67,1,0,-9.88,success
erysubin F,CC(=CCc1cc(ccc1O)c1coc2c(c1=O)ccc(c2CC=C(C)C)O)C,default,5.9901,success,-7.34,,success,0.41050833333333336,390.48,5.89,2,4,70.67,5,1,-8.65,success
3'-prenylbiochanin,COc1c(O)cc(cc1CC=C(C)C)c1coc2c(c1=O)c(OC)cc(c2)O,default,5.7465,success,-8.02,,success,0.412875,382.41,4.4,2,6,89.13,5,0,-9.25,success
5'-formylpratensein,O=Cc1cc(ccc1OC)c1coc2c(c1=O)c(O)cc(c2)O,default,5.571,success,-11.22,,success,0.5049166666666667,312.28,2.69,2,6,96.97,3,0,-9.86,success
postratol,CC(=CCc1c2O[C@@H](CC(=O)c2cc(c1O)CC=C(C)C)c1ccc(c(c1)CC=C(C)C)O)C,default,5.8678,success,-7.35,,success,0.40064999999999995,460.61,7.33,2,4,66.76,7,1,-7.8,success
"(6aR,11aR )-7,8,9-trimethoxy-3-hydroxypterocarpan",COc1c(OC)cc2c(c1OC)[C@H]1COc3c([C@H]1O2)ccc(c3)O,default,5.5013,success,-11.25,,success,0.5001083333333333,330.34,3.03,1,6,66.38,3,0,-10.44,success
3-O-prenylmaackiain,CC(=CCOc1ccc2c(c1)OC[C@H]1[C@@H]2Oc2c1cc1c(c2)OCO1)C,default,6.0063,success,-7.86,,success,0.42919166666666675,352.39,4.37,0,5,46.15,3,0,-10.06,success
calopogonium isoflavone B,O=c1c(coc2c1ccc1c2C=CC(O1)(C)C)c1ccc2c(c1)OCO2,default,6.0644,success,-7.56,,success,0.4240333333333334,348.35,4.37,0,5,57.9,1,0,-9.99,success
maximaisoflavone B,CC(=CCOc1ccc2c(c1)occ(c2=O)c1ccc2c(c1)OCO2)C,default,5.8954,success,-8.49,,success,0.44095000000000006,350.37,4.53,0,5,57.9,4,0,-9.57,success
durmillone,COc1cc2c(=O)c(coc2c2c1OC(C)(C)C=C2)c1ccc2c(c1)OCO2,default,6.0817,success,-7.51,,success,0.42380833333333334,378.38,4.38,0,6,67.13,2,0,-9.71,success
"7-hydroxy-8,3',4'-trimethoxyisoflavone",COc1cc(ccc1OC)c1coc2c(c1=O)ccc(c2OC)O,default,5.5758,success,-10.66,,success,0.48665,328.32,3.19,1,6,78.13,4,0,-9.93,success
calopogonium isoflavone A,COc1ccc(cc1)c1coc2c(c1=O)ccc1c2C=CC(O1)(C)C,default,5.6581,success,-7.75,,success,0.39650833333333335,334.37,4.65,0,4,48.67,2,0,-9.86,success
"6a,12a-dehydrodeguelin",COc1cc2Oc3c(COc2cc1OC)oc1c(c3=O)ccc2c1C=CC(O2)(C)C,default,5.5194,success,-7.59,,success,0.3796166666666667,408.41,4.68,0,7,76.36,2,0,-9.45,success
(S)-lupinifolin 4'-methyl ether,COc1ccc(cc1)[C@@H]1CC(=O)c2c(O1)c(CC=C(C)C)c1c(c2O)C=CC(O1)(C)C,default,6.1139,success,-7.84,,success,0.4374916666666666,420.51,5.8,1,5,64.99,4,1,-8.79,success
lupinifolin,CC(=CCc1c2OC(CC(=O)c2c(c2c1OC(C)(C)C=C2)O)c1ccc(cc1)O)C,default,6.3233,success,-7.36,,success,0.4389416666666667,406.48,5.5,2,5,75.99,3,1,-8.96,success
"6,7-dimethyl-4-chromanone",O=C1CCOc2c1cc(C)c(c2)C,default,5.4463,success,-7.02,,success,0.354525,176.21,2.27,0,2,26.3,0,0,-10.42,success
4'-prenyloxyderrone,CC(=CCOc1ccc(cc1)c1coc2c(c1=O)c(O)cc1c2C=CC(O1)(C)C)C,default,6.5852,success,-7.72,,success,0.47276666666666667,404.46,5.69,1,5,68.9,4,1,-8.78,success
8-O-methylretusin,COc1ccc(cc1)c1coc2c(c1=O)ccc(c2OC)O,default,5.4928,success,-10.86,,success,0.4864,298.29,3.18,1,5,68.9,3,0,-10.01,success
maximaisoflavone H,COc1ccc(cc1)c1coc2c(c1=O)ccc1c2OCO1,default,5.5509,success,-10.0,,success,0.462575,296.28,3.2,0,5,57.9,2,0,-10.1,success
maximaisoflavone J,COc1ccc(cc1)c1coc2c(c1=O)ccc(c2)OCC=C(C)C,default,5.5156,success,-8.49,,success,0.4093,336.39,4.81,0,4,48.67,5,0,-9.43,success
afrormosin,COc1ccc(cc1)c1coc2c(c1=O)cc(c(c2)O)OC,default,5.2224,success,-10.83,,success,0.4628666666666667,298.29,3.18,1,5,68.9,3,0,-10.07,success
wistin,OC[C@H]1O[C@@H](Oc2cc3occ(c(=O)c3cc2OC)c2ccc(cc2)OC)[C@@H]([C@H]([C@@H]1O)O)O,default,5.7911,success,-4.54,,success,0.3005916666666667,460.44,0.66,4,10,148.05,6,0,-8.0,success
chrysin,Oc1cc(O)c2c(c1)oc(cc2=O)c1ccccc1,default,5.3328,success,-10.9,,success,0.4744,254.24,2.87,2,4,70.67,1,0,-10.07,success
milldurone,COc1cc2c(cc1OC)occ(c2=O)c1cc2OCOc2cc1OC,default,4.848,success,-9.84,,success,0.39866666666666667,356.33,3.21,0,7,76.36,4,0,-9.86,success
"7,3'-dimethoxy-4',5'-methylenedioxyisoflavone",COc1ccc2c(c1)occ(c2=O)c1cc(OC)c2c(c1)OCO2,default,5.4865,success,-9.97,,success,0.4562083333333334,326.3,3.21,0,6,67.13,3,0,-10.05,success
"5,14-dimethylbudmunchiamine L1",CCC1OC(=O)C(C)C(OC2OC(C)C(C(C2)(C)OC)O)C(C)C(OC2OC(C)CC(C2O)N(C)C)C(CC(C(=O)C(C(C1(C)O)O)C)C)(C)O,default,6.4351,success,-1.83,,success,0.263925,733.94,1.79,5,14,193.91,7,2,-6.48,success
6-hydroxybudmunchiamine K,CCCCCCCCCC(CCCCCC1CC(=O)NCCCN(C)CCCCN(CCCN1C)C)O,default,5.8901,success,-6.33,,success,0.3685083333333333,524.88,5.68,2,5,59.05,14,2,-7.08,success
5-normethylbudmunchiamine K,CCCCCCCCCCCCCCCC1NCCCN(C)CCCCN(CCCNC(=O)C1)C,default,5.4767,success,-6.32,,success,0.333725,494.85,6.37,2,4,47.61,14,1,-7.37,success
6-hydroxy-5-normethylbudmunchiamine K,CCCCCCCCCC(CCCCCC1NCCCN(C)CCCCN(CCCNC(=O)C1)C)O,default,5.9073,success,-5.83,,success,0.353275,510.85,5.34,3,5,67.84,14,2,-7.18,success
budmunchiamine K,CCCCCCCCCCCCCCCC1CC(=O)NCCCN(C)CCCCN(CCCN1C)C,default,5.4672,success,-6.0,,success,0.3222666666666667,508.88,6.71,1,4,38.82,14,2,-7.05,success
"5,7,4'-trihydroxy-6-[1-hydroxy-2-methylbuten-2-yl]isoflavone",OC/C(=C/Cc1c(O)cc2c(c1O)c(=O)c(co2)c1ccc(cc1)O)/C,default,5.952,success,-9.95,,success,0.4943333333333333,354.36,3.06,4,6,111.13,4,0,-9.51,success
"7,2'-dihydroxy-4'-methoxyisoflav-3-ene",COc1ccc(c(c1)O)C1=Cc2c(OC1)cc(cc2)O,default,4.9661,success,-10.89,,success,0.4435083333333334,270.28,3.04,2,4,58.92,2,0,-10.41,success
"6,6'-dihydroxy-4'-methoxy-2-arylbenzofuran",COc1ccc(c(c1)O)c1cc2c(o1)cc(cc2)O,default,4.6678,success,-11.44,,success,0.4369833333333333,256.26,3.52,2,4,62.83,2,0,-9.99,success
medicarpan,COc1ccc2c(c1)O[C@H]1[C@@H]2COc2c1ccc(c2)O,default,5.2896,success,-11.02,,success,0.4748,270.28,3.01,1,4,47.92,1,0,-10.49,success
wighteone,CC(=CCc1c(O)cc2c(c1O)c(=O)c(co2)c1ccc(cc1)O)C,default,5.9337,success,-11.17,,success,0.533475,338.36,4.09,3,5,90.9,3,0,-9.49,success
lupiwighteone,CC(=CCc1c(O)cc(c2c1occ(c2=O)c1ccc(cc1)O)O)C,default,6.1284,success,-10.86,,success,0.5393666666666667,338.36,4.09,3,5,90.9,3,0,-9.49,success
gancaonin C,OC/C(=C/Cc1c(O)cc(c2c1occ(c2=O)c1ccc(cc1)O)O)/C,default,6.1434,success,-9.03,,success,0.47961666666666664,354.36,3.06,4,6,111.13,4,0,-9.51,success
"7,3'-dihydroxy-4'-methoxyisoflavone",COc1ccc(cc1O)c1coc2c(c1=O)ccc(c2)O,default,5.3788,success,-10.65,,success,0.46990000000000004,284.27,2.88,2,5,79.9,2,0,-10.01,success
madurensine,C/C=C/1\C[C@@H](C)[C@@](C)(O)C(=O)OCC2=CCN3C[C@@H](OC1=O)[C@@H](O)C23,default,5.9548,success,-7.95,,success,0.42789999999999995,351.4,0.16,2,7,96.3,0,0,-9.27,success
anacrotine,C/C=C\1/C[C@@H](C)[C@@](C)(O)C(=O)OCC2=CCN3[C@H]2[C@H](OC1=O)[C@H](O)C3,default,5.9791,success,-7.6,,success,0.4182583333333333,351.4,0.16,2,7,96.3,0,0,-9.23,success
usaramine,C/C=C/1\C[C@@H](C)[C@](O)(CO)C(=O)OCC2=CCN3[C@H]2[C@H](OC1=O)CC3,default,5.611,success,-7.73,,success,0.39191666666666664,351.4,0.17,2,7,96.3,1,0,-9.21,success
9-angeloylanacrotine,C/C=C(\C(=O)O[C@]1(C)C(=O)OCC2=CCN3C2[C@@H](OC(=O)/C(=C\C)/C[C@@H]1C)CC3)/C,default,5.9797,success,-9.43,,success,0.47930833333333334,417.5,2.71,0,7,82.14,2,0,-9.2,success
9-hydroxyheptanoylretronecine,CCCCCCC(=O)OCC1=CCN2C1[C@H](O)CC2,default,5.2561,success,-9.12,,success,0.408675,267.37,1.88,1,4,49.77,7,0,-9.3,success
9-hydroxyisohexenoylretronecine,O=C(OCC1=CCN2C1[C@H](O)CC2)CC=C(C)C,default,5.2075,success,-9.63,,success,0.42162499999999997,251.33,1.26,1,4,49.77,4,0,-9.56,success
monocrotaline,O=C1O[C@@H]2CCN3[C@@H]2C(=CC3)COC(=O)[C@]([C@]([C@H]1C)(C)O)(C)O,default,5.3475,success,-8.15,,success,0.38395833333333335,325.36,-0.39,2,7,96.3,0,0,-9.14,success
heliotridine,OCC1=CCN2[C@H]1[C@@H](O)CC2,default,4.9043,success,-5.48,,success,0.258025,155.2,-0.65,2,3,43.7,1,0,-9.04,success
axillaridine,CCC1(O)C(=O)OCC2=CCN3[C@H]2[C@H](OC(=O)C(C1O)C(C)C)CC3,default,5.715,success,-7.75,,success,0.40125,353.42,0.24,2,7,96.3,2,0,-9.33,success
tashiromine,OC[C@H]1CCCN2[C@@H]1CCC2,default,4.5377,success,-5.29,,success,0.22114166666666668,155.24,0.85,1,2,23.47,1,0,-9.73,success
"5,6-dehydro-7,9-dihydroxy-7H-pyrrolizine-ethylether",CCOC1CCN2C1C(CO)CC2,default,4.9384,success,-5.32,,success,0.25553333333333333,185.27,0.48,1,3,32.7,3,0,-9.56,success
methylmonocrotaline,O=C1O[C@H]2CCN3C2C(=CC3)COC(=O)[C@@]([C@@](C1(C)C)(C)O)(C)O,default,5.3228,success,-7.68,,success,0.36623333333333336,339.39,-0.0,2,7,96.3,0,0,-9.33,success
jacoline,C[C@H]([C@@]1(O)C[C@@H](C)[C@@](C)(O)C(=O)OCC2=CCN3[C@H]2[C@H](OC1=O)CC3)O,default,5.7216,success,-7.86,,success,0.40546666666666664,369.41,-0.64,3,8,116.53,1,0,-8.85,success
sceleratine,OCC1(O)C(=O)O[C@@H]2CCN3C2C(=CC3)COC(=O)C([C@@H](C1C)C)(C)O,default,5.5464,success,-8.46,,success,0.4108666666666667,369.41,-0.78,3,8,116.53,1,0,-8.73,success
7-tiglyl-9-dihydroxy-senecioylretronecine,C/C=C(/C(=O)OC1CCN2C1C(=CC2)C(O)O)\C,default,5.0684,success,-8.05,,success,0.35736666666666667,253.3,0.19,2,5,70.0,3,0,-8.87,success
acetylsenecivernine,CC(=O)O[C@]1(C)C(=O)OCC2=CCN3C2[C@@H](OC(=O)C(=C)[C@H]([C@H]1C)C)CC3,default,5.534,success,-9.1,,success,0.4311666666666667,377.44,1.62,0,7,82.14,1,0,-9.34,success
senkirkine,C/C=C\1/C[C@@H](C)[C@@](C)(O)C(=O)OCC2=CCN(CC[C@@H](OC1=O)C2=O)C,default,5.5786,success,-9.92,,success,0.4622166666666666,365.43,1.01,1,7,93.14,0,0,-9.59,success
hydroxysenkirkine,C/C=C\1/C[C@@H](C)[C@](O)(CO)C(=O)OCC2=CC[N+]3([C@]2([C@H](OC1=O)CC3)O)C,default,5.818,success,-7.74,,success,0.4095,382.43,-0.37,3,7,113.29,1,0,-8.57,success
9-isosenecioylretronecine,CC(=C)CC(=O)OCC1=CCN2C1[C@H](O)CC2,default,5.2189,success,-5.34,,success,0.27957499999999996,237.3,0.87,1,4,49.77,4,0,-9.41,success
trichodesmine,CC([C@H]1C(=O)O[C@@H]2CCN3[C@@H]2C(=CC3)COC(=O)[C@]([C@]1(C)O)(C)O)C,default,5.641,success,-8.4,,success,0.41675000000000006,353.42,0.24,2,7,96.3,1,0,-9.37,success
retronecine,OCC1=CCN2[C@H]1[C@H](O)CC2,default,4.9043,success,-5.42,,success,0.256025,155.2,-0.65,2,3,43.7,1,0,-9.04,success
9-angeloylretronecine,C/C=C(\C(=O)OCC1=CCN2(=O)[C@H]1[C@H](O)CC2)/C,default,5.5725,success,-7.71,,success,0.3880416666666666,253.3,0.88,1,4,69.59,3,0,-9.04,success
7-senecioylretronecine,OCC1=CCN2[C@H]1[C@@H](CC2)OC(=O)C=C(C)C,default,5.2459,success,-5.12,,success,0.27449166666666663,237.3,0.87,1,4,49.77,3,0,-9.35,success
"1,9-dihydroxy-3-methoxy-2-methylpterocarpan",COc1cc2OC[C@@H]3[C@H](c2c(c1C)O)Oc1c3ccc(c1)O,default,5.8733,success,-11.03,,success,0.523775,300.31,3.02,2,5,68.15,1,0,-10.39,success
"5,7-dihydroxy-2',3',4'-trimethoxy-6-(3-methylbut-2-enyl)isoflavanone",COc1c(OC)c(OC)ccc1c1coc2c(c1=O)c(O)c(c(c2)O)CC=C(C)C,default,5.5947,success,-8.44,,success,0.41422499999999995,412.44,4.41,2,7,98.36,6,0,-8.84,success
"5,4'-dihydroxy-7,2'-dimethoxy-6-methylisoflavanone",COc1cc(O)ccc1c1coc2c(c1=O)c(O)c(c(c2)OC)C,default,5.2494,success,-11.24,,success,0.4787833333333333,328.32,3.2,2,6,89.13,3,0,-9.89,success
edudiol,COc1c2c(OCC3C2Oc2c3ccc(c2)O)cc(c1CC=C(C)C)O,default,6.244,success,-9.18,,success,0.493,354.4,4.22,2,5,68.15,3,0,-9.96,success
7-oxo-15-hydroxydehydroabietic acid,OC(=O)[C@]1(C)CCC[C@]2([C@H]1CC(=O)c1c2ccc(c1)C(C)C)C,default,5.6373,success,-8.74,,success,0.427775,314.43,4.55,1,2,54.37,2,0,-10.22,success
7-hydroxycallitrisic acid,OC(=O)[C@@]1(C)CCC[C@]2([C@H]1CC(O)c1c2ccc(c1)C(C)C)C,default,5.9421,success,-9.03,,success,0.46284166666666665,316.44,4.4,2,2,57.53,2,0,-10.24,success
"(S)-3,4',5-trihydroxy-2',7-dimethoxy-3'-prenylisoflavanone",COc1cc(O)c2c(c1)OC[C@@](C2=O)(O)c1ccc(c(c1OC)CC=C(C)C)O,default,5.6226,success,-10.31,,success,0.4788833333333333,400.43,3.09,3,7,105.45,5,0,-9.37,success
"(S)-3,5-dihydroxy-2',7-dimethoxy-2'',2''-dimethylpyrano[5'',6'':3',4']isoflavanone",COc1cc(O)c2c(c1)OC[C@@](C2=O)(O)c1ccc2c(c1OC)C=CC(O2)(C)C,default,5.7068,success,-10.52,,success,0.4929,398.41,3.06,2,7,94.45,3,0,-9.85,success
dalbergin,COc1cc2oc(=O)cc(c2cc1O)c1ccccc1,default,5.1943,success,-10.7,,success,0.45619166666666666,268.27,3.17,1,4,59.67,2,0,-10.02,success
(-)-mesquitol,O[C@H]1Cc2ccc(c(c2O[C@@H]1c1ccc(c(c1)O)O)O)O,default,5.6372,success,-9.52,,success,0.45376666666666665,290.27,1.55,5,6,110.38,1,0,-9.66,success
amorphaquinone,COC1=C(OC)C(=O)C(=CC1=O)C1COc2c(C1)ccc(c2OC)O,default,5.2808,success,-11.24,,success,0.4814,346.34,1.53,1,7,91.29,4,0,-10.02,success
pendulone,COC1=C(OC)C(=O)C=C(C1=O)C1COc2c(C1)ccc(c2)O,default,5.0578,success,-10.7,,success,0.44481666666666664,316.31,1.53,1,6,82.06,3,0,-10.13,success
lupenone,CC(=C)[C@@H]1CC[C@]2([C@H]1[C@H]1CC[C@H]3[C@@]([C@]1(C)CC2)(C)CC[C@@H]1[C@]3(C)CCC(=O)C1(C)C)C,default,5.1471,success,-3.78,,success,0.2215916666666667,424.71,8.23,0,1,17.07,1,1,-8.52,success
betulinic acid,CC(=C)[C@@H]1CC[C@]2([C@H]1[C@H]1CC[C@H]3[C@@]([C@]1(C)CC2)(C)CC[C@@H]1[C@]3(C)CC[C@@H](C1(C)C)O)C(=O)O,default,4.1644,success,-6.21,,success,0.22069999999999995,456.71,7.09,2,2,57.53,2,1,-8.17,success
acacic acid lactone,O[C@@H]1C[C@]2(C)C(=CC[C@H]3[C@@]2(C)CC[C@@H]2[C@]3(C)CC[C@@H](C2(C)C)O)[C@H]2[C@@]31C[C@H](OC3=O)C(C2)(C)C,default,5.7615,success,-6.53,,success,0.36445833333333333,470.69,5.66,2,4,66.76,0,1,-8.39,success
benzyl alcohol,OCc1ccccc1,default,4.2112,success,-7.11,,success,0.2546,108.14,1.18,1,1,20.23,1,0,-9.95,success
lithospermoside,N#C/C=C\1/C=C[C@H]([C@@H]([C@H]1O[C@@H]1O[C@H](CO)[C@H]([C@@H]([C@H]1O)O)O)O)O,default,5.857,success,-4.81,,success,0.3150833333333334,329.31,-3.09,6,9,163.63,3,1,-7.49,success
galegine,CC(=CCN=C(N)N)C,default,4.4273,success,-4.08,,success,0.17160833333333333,127.19,0.23,2,1,64.4,2,0,-8.79,success
4-hydroxygalegine,OC/C(=C/CN=C(N)N)/C,default,4.5489,success,-5.4,,success,0.22574166666666667,143.19,-0.8,3,2,84.63,3,0,-8.26,success
(+)-vasicine,O[C@H]1CCN2C1=Nc1ccccc1C2,default,4.8687,success,-8.46,,success,0.35439166666666666,188.23,1.3,1,3,35.83,0,0,-10.23,success
(+)-vasicinone,O[C@@H]1CCn2c1nc1ccccc1c2=O,default,4.9882,success,-5.55,,success,0.26735,202.21,0.83,1,4,55.12,0,0,-9.92,success
smirnovine,N/C(=N\CC=C(C)C)/NCCCCNC(=O)C,default,4.8352,success,-4.64,,success,0.22426666666666667,240.35,0.77,3,2,79.51,7,0,-8.55,success
hydroxysmirnovine,OC/C(=C/CN(C(=N)N)CCCCNC(=O)C)/C,default,5.0935,success,-6.1,,success,0.29445833333333327,256.35,0.04,4,3,102.44,8,0,-8.12,success
vicenin-2,OC[C@H]1O[C@H]([C@@H]([C@@H]([C@@H]1O)O)O)c1c(O)c([C@@H]2O[C@H](CO)[C@H]([C@@H]([C@H]2O)O)O)c(c2c1oc(cc2=O)c1ccc(cc1)O)O,default,6.4036,success,-2.7,,success,0.2903,594.52,-2.39,11,15,271.2,5,3,-6.08,success
"7,7''-beta-diglucoside of (2S,3R)-chamaejasmin",OC[C@H]1OC(Oc2cc(O)c3c(c2)O[C@@H]([C@H](C3=O)[C@@H]2[C@H](Oc3c(C2=O)c(O)cc(c3)OC2O[C@H](CO)[C@H]([C@@H]([C@H]2O)O)O)c2ccc(cc2)O)c2ccc(cc2)O)[C@@H]([C@H]([C@@H]1O)O)O,default,6.6113,success,0.28,,success,0.21760833333333332,866.78,-0.57,12,20,332.28,9,3,-5.36,success
"3,4-dihydroxy-9-methoxypterocarpan",COc1ccc2c(c1)OC1C2COc2c1ccc(c2O)O,default,5.4461,success,-10.83,,success,0.48150833333333337,286.28,2.72,2,5,68.15,1,0,-10.45,success
"5alpha-stigmasta-7,22-dien-3beta-ol",CC[C@@H](C(C)C)/C=C/[C@H]([C@H]1CC[C@@H]2[C@]1(C)CC[C@H]1C2=CC[C@@H]2[C@]1(C)CC[C@@H](C2)O)C,default,5.7662,success,-4.95,,success,0.31218333333333337,412.7,7.8,1,1,20.23,5,1,-8.27,success
lambertiamic acid,C=C1CC[C@@H]2[C@]([C@H]1CCc1cocc1)(C)CCC[C@]2(C)C(=O)O,default,5.4794,success,-8.11,,success,0.39361666666666667,316.44,5.08,1,2,50.44,4,1,-9.66,success
lambertianol,OCC1(C)CCCC2(C1CCC(=C)C2CCc1cocc1)C,default,5.5813,success,-8.97,,success,0.430775,302.46,4.98,1,2,33.37,4,0,-9.97,success
trans-communic acid,C=C/C(=C/C[C@H]1C(=C)CC[C@@H]2[C@]1(C)CCC[C@]2(C)C(=O)O)/C,default,5.5013,success,-6.61,,success,0.34544166666666665,302.46,5.37,1,1,37.3,4,1,-9.09,success
fallacinol,OCc1cc(O)c2c(c1)C(=O)c1c(C2=O)c(O)cc(c1)OC,default,5.642,success,-11.05,,success,0.5051666666666668,300.27,1.37,3,6,104.06,2,0,-9.74,success
rhein methylester,COC(=O)c1cc(O)c2c(c1)C(=O)c1c(C2=O)c(O)ccc1,default,4.9827,success,-10.55,,success,0.4335583333333334,298.25,1.66,2,6,100.9,1,0,-9.79,success
parietinic acid,COc1cc(O)c2c(c1)C(=O)c1c(C2=O)c(O)cc(c1)C(=O)O,default,5.1959,success,-10.75,,success,0.4579916666666667,314.25,1.58,3,6,121.13,2,0,-9.6,success
parietinic acid methyl ester,COc1cc(O)c2c(c1)C(=O)c1c(C2=O)c(O)cc(c1)C(=O)OC,default,5.1166,success,-11.41,,success,0.4733833333333334,328.28,1.67,2,7,110.13,2,0,-9.74,success
(25R)-3beta-hydroxy-5beta-spirostan-12-one 3-O-{beta-D-glucopyranosyl-(1â†’2)-[alpha-1-arabinopyranosyl-(1â†’6)]-beta- D-glucopyranoside},OC[C@H]1OC(O[C@H]2C(O[C@H]3CC[C@]4([C@@H](C3)CC[C@@H]3[C@@H]4CC(=O)[C@]4([C@H]3C[C@H]3[C@@H]4[C@H](C)[C@]4(O3)CCC(CO4)C)C)C)O[C@@H]([C@H]([C@@H]2O)O)COC2OC[C@H]([C@H]([C@@H]2O)O)O)[C@@H]([C@H]([C@@H]1O)O)O,default,6.9555,success,-0.02,,success,0.24695833333333334,887.03,-0.92,9,18,272.98,8,3,-5.35,success
(25R)-5beta-spirostan-3beta-ol 3-O-{beta-D-glucopyranosyl-(1â†’2)-[alpha-L-arabinopyranosyl-(1â†’6)]-beta- D-glucopyranoside},OC[C@H]1OC(O[C@H]2C(O[C@H]3CC[C@]4([C@@H](C3)CC[C@@H]3[C@@H]4CC[C@]4([C@H]3C[C@H]3[C@@H]4[C@H](C)[C@]4(O3)CCC(CO4)C)C)C)O[C@@H]([C@H]([C@@H]2O)O)COC2OC[C@H]([C@H]([C@@H]2O)O)O)[C@@H]([C@H]([C@@H]1O)O)O,default,6.9209,success,-0.42,,success,0.2574083333333333,873.04,-0.09,9,17,255.91,8,3,-5.66,success
"26-O-beta-D-glucopyranosyl]-22alpha-methoxy-(25R)-furostan-3beta,26-diol 3-O-{beta-D-glucopyranosyl-(1â†’2)-[beta-D-glucopyranoside}",OC[C@H]1OC(O[C@H]2CC[C@]3(C(C2)CC[C@@H]2[C@@H]3CC[C@]3([C@H]2C[C@H]2[C@@H]3[C@H](C)[C@@](O2)(OC)CC[C@H](COC2O[C@@H](CO)[C@@H]([C@H]([C@@H]2O)O)O)C)C)C)[C@@H]([C@H]([C@@H]1O)O)OC1O[C@H](CO)[C@H]([C@@H]([C@H]1O)O)O,default,6.8139,success,-0.23,,success,0.24215833333333334,935.11,-1.13,11,19,296.37,14,3,-4.96,success
"4alpha-methoxy-5,9-oxahimachal-9-ene",COC1[C@H](C)CC[C@@H]2C31OC(=C2C)CCC3(C)C,default,5.3268,success,-7.71,,success,0.3675666666666667,250.38,3.91,0,2,18.46,1,0,-10.15,success
18-hydroxyrosane,C=C[C@]1(C)CC[C@@]2([C@@H](C1)CC[C@@H]1[C@@H]2CCC[C@@]1(C)CO)C,default,5.3173,success,-6.01,,success,0.3101083333333334,290.49,5.19,1,1,20.23,2,1,-9.6,success
hugorosediol,C=C[C@]1(C)CC[C@@]2([C@@H](C1)CC[C@@H]1C2=CC[C@@H]([C@@]1(C)CO)O)C,default,5.4722,success,-7.65,,success,0.3776833333333333,304.47,4.08,2,2,40.46,2,0,-9.99,success
"12-methoxy-13-methylpodocarpa-8,11,13-triene-3,7-dione",O=C1CC[C@]2([C@H](C1(C)C)CC(=O)c1c2cc(O)c(c1)C)C,default,5.6396,success,-11.14,,success,0.5079666666666667,286.37,3.55,1,3,54.37,0,0,-10.46,success
"12-methoxy-13-methylpodocarpa-1,8,11,13-tetraen-3,7-dione",COc1cc2c(cc1C)C(=O)CC1[C@]2(C)C=CC(=O)C1(C)C,default,5.362,success,-10.46,,success,0.46216666666666667,298.38,3.63,0,3,43.37,1,0,-10.44,success
di-podocarpanoid hugonone B,O=C1[C@@H]2C3=C([C@@H](C1(C)O)[C@H]1[C@@]42CC[C@H]2[C@@](C4=CC(=O)[C@@]1(C)O)(C)CC[C@@H](C2(C)C)O)CC[C@H]1[C@@]3(C)CCC(=O)C1(C)C,default,6.0528,success,,,failed,0.3421333333333334,578.79,5.13,3,6,111.9,0,2,-7.63,success
hugorosenone,C=C[C@]1(C)CC[C@@]2([C@@H](C1)CC[C@@H]1C2=CC(=O)[C@@H](C1(C)C)O)C,default,5.3862,success,-8.2,,success,0.38885,302.46,4.29,1,2,37.3,1,0,-10.0,success
18-hydroxyhugorosenone,C=C[C@]1(C)CC[C@@]2([C@@H](C1)CC[C@@H]1C2=CC(=O)[C@@H](C1(C)CO)O)C,default,5.603,success,-10.21,,success,0.47391666666666665,318.46,3.26,2,3,57.53,2,0,-10.15,success
18-hydroxy-3-deoxyhugorosenone,OC[C@@H]1[C@H](O)C(=O)C=C2[C@@H]1CC[C@@H]1[C@]2(C)CC[C@](C1)(C)C=C,default,5.5754,success,-9.66,,success,0.45328333333333337,304.43,2.87,2,3,57.53,2,0,-10.16,success
"12-hydroxy-13-methylpodocarpa-8,11,13-triene-3-one",C=C1CC[C@]2([C@H](C1(C)C)CCc1c2cc(O)c(c1)C)C,default,5.6852,success,-8.36,,success,0.41910000000000003,270.42,4.9,1,1,20.23,0,0,-10.23,success
"1(10),15-rosadiene-2beta,3beta-diol",C=C[C@@]1(C)CC[C@]2([C@H](C1)CC[C@H]1C2=C[C@@H](O)[C@H]([C@]1(C)O)O)C,default,5.3725,success,-10.28,,success,0.45704166666666657,306.45,2.81,3,3,60.69,1,0,-10.12,success
4alpha-methoxyhimachal-10-en-5beta-ol,O=C1[C@@H]2C3=C([C@H]([C@@]1(C)O)[C@@H]1[C@@]42CC[C@@H]2[C@](C4=CC(=O)[C@]1(C)O)(C)CC[C@H](C2(C)C)O)CC[C@@H]1[C@]3(C)CCC(=O)C1(C)C,default,6.0528,success,-3.71,,success,0.29473333333333335,578.79,5.13,3,6,111.9,0,2,-7.63,success
hugonone A,O=C1[C@@H]2C3=C([C@H]([C@@]1(C)O)[C@@H]1[C@@]42CC[C@@H]2[C@](C4=CC(=O)[C@]1(C)O)(C)CC[C@H](C2(C)C)O)CC[C@@H]1[C@]3(C)CC[C@@H](C1(C)C)O,default,5.7013,success,-3.66,,success,0.263775,580.81,4.92,4,6,115.06,0,1,-7.81,success
cocculoside,COC(C[C@@H]1[C@H](C=C)[C@H](OC=C1C(=O)OC1C[C@H]2[C@@H]([C@H]1C)C(OC=C2C(=O)OC)O[C@@H]1O[C@H](CO)[C@H]([C@@H]([C@H]1O)O)O)O[C@@H]1O[C@H](CO)[C@H]([C@@H]([C@H]1O)O)O)OC,default,6.399,success,0.35,,success,0.19991666666666666,792.78,-3.12,8,20,288.28,14,3,-4.54,success
kelampayoside A,COc1cc(O[C@@H]2O[C@H](CO[C@@H]3OC[C@]([C@H]3O)(O)CO)[C@H]([C@@H]([C@H]2O)O)O)cc(c1OC)OC,default,5.5674,success,-5.28,,success,0.3066166666666667,478.45,-2.64,6,13,185.99,9,2,-6.46,success
2-hydroxy-3-O-beta-glucopyranosyl-benzoic acid,O1[C@H](CO)[C@@H](O)[C@H](O)[C@@H](O)[C@@H]1Oc1cccc(C(=O)O)c1O,default,5.1794,success,-5.61,,success,0.28528333333333333,316.26,-1.73,6,8,156.91,4,1,-8.01,success
loganic acid,OC[C@H]1O[C@@H](O[C@@H]2OC=C([C@@H]3[C@H]2[C@@H](C)[C@H](C3)O)C(=O)O)[C@@H]([C@H]([C@@H]1O)O)O,default,6.025,success,-4.64,,success,0.3234166666666667,376.36,-2.24,6,9,166.14,4,1,-7.51,success
morroniside,OC[C@H]1O[C@@H](O[C@@H]2OC=C([C@@H]3[C@H]2[C@H](C)OC(C3)O)C(=O)OC)[C@@H]([C@H]([C@@H]1O)O)O,default,5.6071,success,-4.33,,success,0.27825833333333333,406.38,-2.42,5,11,164.37,4,1,-7.34,success
sarracenin,COC(=O)C1=COC2C3C1CC(O2)OC3C,default,4.7394,success,-4.78,,success,0.22095,226.23,0.8,0,5,53.99,1,0,-9.68,success
"17-O-acetyl,10-hydroxycorynantheol",C=C[C@H]1CN2CCc3c([C@@H]2C[C@@H]1CCOC(=O)C)[nH]c1c3cc(cc1)O,default,6.207,success,-11.07,,success,0.5529166666666666,354.45,3.55,2,4,65.56,4,0,-9.86,success
10-hydroxy-Nb-methylcorynantheol,OCC[C@H]1C[C@@H]2N(C[C@@H]1C=C)CCc1c2[nH]c2c1cc(cc2)O,default,6.2802,success,-10.72,,success,0.54735,312.41,2.98,3,3,59.49,3,0,-10.25,success
"ergosta-5,22-dien-3beta-ol",O[C@H]1CC[C@]2(C(=CC[C@@H]3[C@@H]2CC[C@]2([C@H]3CC[C@@H]2[C@@H](/C=C\[C@@H](C(C)C)C)C)C)C1)C,default,5.5239,success,-4.93,,success,0.29132500000000006,398.68,7.41,1,1,20.23,4,1,-8.56,success
ergosta-7-en-3beta-ol,OC1CCC2(C(C1)CC=C1C2CCC2(C1CCC2C(CCC(C(C)C)C)C)C)C,default,5.3924,success,-5.2,,success,0.2893666666666667,400.69,7.63,1,1,20.23,5,1,-8.37,success
(-)-gossypol,O=Cc1c(O)c(O)c(c2c1c(O)c(c(c2)C)c1c(C)cc2c(c1O)c(C=O)c(c(c2C(C)C)O)O)C(C)C,default,5.9514,success,-3.59,,success,0.2822833333333333,518.56,6.38,6,8,155.52,5,3,-6.25,success
(-)-6-methoxygossypol,O=Cc1c(O)c(OC)c(c2c1c(O)c(c(c2)C)c1c(C)cc2c(c1O)c(C=O)c(c(c2C(C)C)O)O)C(C)C,default,6.0545,success,-3.81,,success,0.2982083333333333,532.59,6.69,5,8,144.52,6,2,-6.16,success
"(+)-6,6'-dimethoxygossypol",O=Cc1c(O)c(OC)c(c2c1c(O)c(c(c2)C)c1c(C)cc2c(c1O)c(C=O)c(c(c2C(C)C)OC)O)C(C)C,default,5.9939,success,-4.13,,success,0.303825,546.62,6.99,4,8,133.52,7,2,-6.24,success
"(E)-docosyl-3-(3,4-dihydroxyphenyl) acrylate",CCCCCCCCCCCCCCCCCCCCCCOC(=O)/C=C/c1ccc(c(c1)O)O,default,5.3208,success,-6.91,,success,0.34040000000000004,488.75,9.48,2,4,66.76,23,1,-6.94,success
"28-nor-4alpha-carbomethoxy-11beta-acetoxy-12alpha-(2-methylbutanoyloxy)-14,15-deoxyhavanensin-1,7-diacetate",CCC(C(=O)O[C@H]1[C@H](OC(=O)C)C2[C@@](C3[C@]1(C)[C@@H](CC3)c1cocc1)(C)[C@H](OC(=O)C)CC1[C@]2(C)[C@@H](OC(=O)C)C[C@H]([C@@]1(C)OC(=O)C)O)C,default,6.1563,success,-0.61,,success,0.200025,702.84,5.28,1,12,164.87,8,3,-6.07,success
"28-nor-4alpha-carbomethoxy-11beta-hydroxy-12alpha-(2-methylbutanoyloxy)-14,15-deoxyhavanensin-1,7-diacetate",CCC(C(=O)O[C@H]1[C@H](O)C2[C@@](C3[C@]1(C)[C@@H](CC3)c1ccoc1)(C)[C@H](O)CC1[C@]2(C)[C@@H](OC(=O)C)C[C@H]([C@@]1(C)OC(=O)C)O)C,default,6.1659,success,-2.21,,success,0.2541583333333333,618.76,4.14,3,10,152.73,6,1,-7.19,success
"18-nor-4alpha-carbomethoxy-11beta-acetoxy-12alpha-(2-methylbutanoyloxy)-14,15-deoxyhavanensin-1-acetate",CCC(C(=O)O[C@H]1[C@H](OC(=O)C)C2[C@@]3(C)[C@@H](OC(=O)C)C[C@H]([C@@](C3C[C@H]([C@]2(C2[C@]1(C)[C@@H](CC2)c1ccoc1)C)O)(C)OC(=O)C)O)C,default,6.1432,success,-1.53,,success,0.22960000000000003,660.8,4.71,2,11,158.8,7,2,-6.68,success
"28-nor-4alpha-carbomethoxy-7-deoxy-7-oxo-11beta-acetoxy-12alpha-(2-methylbutanoyloxy)-14,15-deoxyhavanensin-1-acetate",CCC(C(=O)O[C@H]1[C@H](OC(=O)C)C2[C@@](C3[C@]1(C)[C@@H](CC3)c1ccoc1)(C)C(=O)CC1[C@]2(C)[C@@H](OC(=O)C)C[C@H]([C@@]1(C)OC(=O)C)O)C,default,6.3292,success,-2.03,,success,0.2617666666666667,658.79,4.92,1,11,155.64,7,2,-6.58,success
"11beta-acetoxy-3,7-diacetyl-4alpha-carbomethoxy-12alpha-isobutyryloxy-28-nor-1-tigloyl-havanensin",C/C=C(/C(=O)O[C@H]1C[C@@H](OC(=O)C)[C@@](C2[C@@]1(C)C1[C@@H](OC(=O)C)[C@H](OC(=O)C(C)C)[C@@]3([C@]4([C@]1(C)[C@@H](C2)OC(=O)C)O[C@@H]4C[C@H]3c1ccoc1)C)(C)OC(=O)C)\C,default,6.5599,success,-0.3,,success,0.223325,784.9,5.54,0,14,183.47,9,3,-5.72,success
"11beta,12alpha-Diacetoxyneotecleanin",CC(=O)O[C@@H]1[C@@H]2[C@@]34CC(=O)C[C@@H]3OC([C@@H]4CC(=O)[C@@]2(C)C2=CC[C@H]([C@@]2([C@H]1OC(=O)C)C)c1ccoc1)(C)C,default,6.026,success,-7.14,,success,0.40683333333333327,524.61,4.31,0,8,109.11,3,1,-8.36,success
"11beta,12alpha-Diacetoxy-14beta,15beta-epoxyneotecleanin",CC(=O)O[C@@H]1[C@@H]2[C@@]34CC(=O)C[C@@H]3OC([C@@H]4CC(=O)[C@@]2(C)[C@]23[C@]([C@H]1OC(=O)C)(C)[C@@H](C[C@H]2O3)c1ccoc1)(C)C,default,6.0978,success,-9.0,,success,0.47481666666666666,540.61,3.53,0,9,121.64,3,1,-8.44,success
"7alpha,12alpha-Diacetoxy-14beta,15beta-epoxy-11beta-hydroxyneotecleanin",CC(=O)OC1C[C@H]2C(C)(C)O[C@@H]3[C@@]2([C@@H]2[C@]1(C)[C@@]14O[C@@H]1C[C@H]([C@@]4([C@H]([C@@H]2O)OC(=O)C)C)c1ccoc1)CC(=O)C3,default,6.3472,success,-9.66,,success,0.5176000000000001,542.63,3.32,1,9,124.8,3,1,-8.46,success
"7alpha,12alpha-Diacetoxy-11beta-hydroxyneotecleanin",CC(=O)OC1C[C@H]2C(C)(C)O[C@@H]3[C@@]2([C@@H]2[C@]1(C)C1=CC[C@H]([C@@]1([C@H]([C@@H]2O)OC(=O)C)C)c1ccoc1)CC(=O)C3,default,6.3749,success,-8.35,,success,0.4762416666666667,526.63,4.11,1,8,112.27,3,1,-8.42,success
"11beta,12alpha-Diacetoxy-1-deoxo-14beta,15beta-epoxy-3beta-hydroxy-2-oxo-neotecleanin",CC(=O)OC1[C@@H]2[C@@]34CCC(=O)[C@@H]3OC([C@@H]4CC(=O)[C@@]2(C)[C@]23[C@](C1OC(=O)C)(C)[C@@H](C[C@H]2O3)c1ccoc1)(C)C,default,6.0698,success,-8.6,,success,0.45915,540.61,3.53,0,9,121.64,3,1,-8.42,success
ekeberin A,CC([C@@]12CC[C@@]3(CO1)[C@@H](O2)[C@H]1CC[C@H]2[C@@]([C@@]1(CC3)C)(C)CC[C@@H]1[C@]2(C)CCC(=O)C1(C)C)C,default,5.8334,success,-6.05,,success,0.35445000000000004,456.71,7.17,0,3,35.53,1,1,-8.32,success
ekeberin B,CC[C@H]1C(=O)C[C@@H]2[C@]1(C)CC[C@H]1[C@H]2CC=C2[C@]1(C)CC[C@@H]([C@@H]2O)O,default,5.4052,success,-10.23,,success,0.4581,332.48,3.49,2,3,57.53,1,0,-10.12,success
ekeberin C1,O=C1O[C@@H](c2ccoc2)[C@]2([C@]3([C@@H]1O3)[C@]1(C)C(=O)CC3[C@](C1CC2)(C)CCC(=O)C3(C)C)C,default,5.7066,success,-8.48,,success,0.42488333333333334,440.54,4.42,0,6,86.11,1,0,-9.23,success
ekeberin C2,COC(=O)C[C@@H]1C2C(=O)C([C@H](C1(C)C)OC(=O)/C(=C\C)/C)CC1=C3[C@](CCC21)(C)[C@@H](OC(=O)C3)c1ccoc1,default,6.0304,success,-6.44,,success,0.3838666666666667,538.64,5.28,0,8,109.11,5,2,-7.44,success
ekeberin C3,COC(=O)C([C@@H]1C2C3CC[C@@]4(C(=C3CC(C2=O)C(=O)C1(C)C)CC(=O)O[C@H]4c1ccoc1)C)OC(=O)C,default,5.7335,success,-8.05,,success,0.4127916666666667,512.56,3.52,0,9,126.18,4,1,-8.16,success
ekeberin D1,CC(=O)O[C@@H](C(O)(C)C)CC/C(=C/CC/C(=C/CC/C=C(/CC/C=C(/CC[C@H](C(O)(C)C)O)\C)\C)/C)/C,default,5.2468,success,-6.03,,success,0.30490000000000006,520.8,7.51,3,5,86.99,18,2,-6.14,success
ekeberin D2,C/C(=C\CC/C=C(/CC[C@@H]([C@@]1(C)CC[C@@H](C1)C(O)(C)C)O)\C)/CC/C=C(/CC[C@H](C(O)(C)C)O)\C,default,5.6381,success,-5.17,,success,0.3088416666666667,492.79,7.02,4,4,80.92,15,1,-6.63,success
ekeberin D3,C/C(=C\CC/C=C(/CC[C@@H]([C@]1(C)CC[C@@H](C1)C(O)(C)C)O)\C)/CC/C=C(/CC[C@H](C(O)(C)C)O)\C,default,5.6381,success,-5.25,,success,0.3115083333333333,492.79,7.02,4,4,80.92,15,1,-6.63,success
ekeberin D4,O[C@@H]([C@]1(C)CC[C@@H](O1)C(O)(C)C)CC/C(=C/CC/C=C(/CC[C@H]([C@]1(C)CC[C@@H](O1)C(O)(C)C)O)\C)/C,default,5.1917,success,-4.64,,success,0.25397499999999995,510.76,5.36,4,6,99.38,13,2,-6.75,success
ekeberin D5,CC(=O)OC[C@@]([C@@H](CC/C(=C/CC/C(=C/CC/C=C(/CC/C=C(/CC[C@H](C(O)(C)C)O)\C)\C)/C)/C)O)(O)C,default,5.638,success,-4.74,,success,0.2945,536.79,6.48,4,6,107.22,19,2,-6.16,success
ekersenin,COc1c(O)c(=O)oc2c1c(C)ccc2,default,4.2941,success,-8.35,,success,0.3028416666666667,206.2,1.82,1,4,59.67,1,0,-10.12,success
"4,6-dimethoxy-5-methylcoumarin",COc1cc(=O)oc2c1c(C)c(cc2)OC,default,4.5746,success,-7.87,,success,0.3102166666666667,220.22,2.12,0,4,48.67,2,0,-10.15,success
oleanolic acid,OC(=O)[C@@]12CC[C@@]3(C(=CC[C@H]4[C@@]3(C)CC[C@@H]3[C@]4(C)CCC(=O)C3(C)C)[C@@H]1CC(CC2)(C)C)C,default,5.1622,success,-7.32,,success,0.34085000000000004,454.7,7.44,1,2,54.37,1,1,-8.15,success
3-epioleanolic acid,O[C@@H]1CC[C@]2([C@H](C1(C)C)CC[C@@]1([C@@H]2CC=C2[C@@]1(C)CC[C@@]1([C@H]2CC(C)(C)CC1)C(=O)O)C)C,default,4.8652,success,-7.0,,success,0.30543333333333333,456.71,7.23,2,2,57.53,1,1,-8.19,success
"3,11-dioxoolean-12-en-28-oic acid",O=C1C=C2[C@H]3CC(C)(C)CC[C@@]3(CC[C@]2([C@]2([C@H]1[C@@]1(C)CCC(=O)C(C1CC2)(C)C)C)C)C(=O)O,default,5.2782,success,-7.07,,success,0.34218333333333334,468.68,6.62,1,3,71.44,1,1,-8.14,success
melliferone,O=C1CC[C@]2([C@H](C1(C)C)CC[C@@]1([C@@H]2C=C[C@@]23[C@@]1(C)CC[C@@]1([C@H]2CC(C)(C)CC1)C(=O)O3)C)C,default,5.7381,success,-5.6,,success,0.3315083333333333,452.68,6.89,0,3,43.37,0,1,-8.26,success
"3-oxo-11,13(18)-oleandien-28-oic acid",OC(=O)[C@@]12CC[C@@]3(C(=C1CC(CC2)(C)C)C=C[C@H]1[C@@]3(C)CCC2[C@]1(C)CCC(=O)C2(C)C)C,default,5.4412,success,-7.23,,success,0.36110000000000003,452.68,7.36,1,2,54.37,1,1,-8.13,success
(Z)-volkendousin,C/C=C/1\C(=O)C[C@@H]2[C@]1(C)CC[C@H]1[C@H]2CC=C2[C@]1(C)CC[C@@H]([C@@H]2O)O,default,5.5862,success,-9.67,,success,0.4545166666666666,330.47,3.41,2,3,57.53,0,0,-10.03,success
7-deacetoxy-7-oxogedunin,O=C1O[C@@H](c2ccoc2)[C@]2([C@]3([C@@H]1O3)[C@]1(C)C(=O)C[C@@H]3[C@](C1CC2)(C)C=CC(=O)C3(C)C)C,default,5.7225,success,-8.37,,success,0.42254166666666665,438.52,4.2,0,6,86.11,1,0,-9.32,success
7-acetylneotrichilenone,CC(=O)O[C@H]1C[C@H]2[C@@]([C@H]3[C@@]1(C)[C@H]1C(=O)C[C@@H]([C@]1(CC3)C)c1ccoc1)(C)C=CC(=O)C2(C)C,default,5.7557,success,-7.07,,success,0.381975,452.59,5.5,0,5,73.58,2,1,-8.82,success
proceranolide,COC(=O)C[C@@H]1[C@@]2(C)[C@H]3CC[C@@]4(C(=C3C[C@H](C2=O)[C@H](C1(C)C)O)CC(=O)O[C@H]4c1cocc1)C,default,5.7157,success,-8.22,,success,0.416975,470.56,4.16,1,7,103.04,3,0,-8.9,success
mexicanolide,COC(=O)C[C@H]1C(C)(C)C(=O)[C@H]2C(=O)C1(C)[C@H]1CC[C@@]3(C(=C1C2)CC(=O)O[C@H]3c1ccoc1)C,default,5.518,success,-8.17,,success,0.39883333333333326,468.55,4.36,0,7,99.88,3,0,-8.74,success
swietenolide,COC(=O)C([C@@H]1[C@@]2(C)C3CC[C@@]4(C(=C3CC(C2=O)C(C1(C)C)O)CC(=O)O[C@H]4c1cocc1)C)O,default,5.8537,success,-10.44,,success,0.502475,486.56,3.13,2,8,123.27,3,0,-8.96,success
methylangolensate,COC(=O)C[C@@H]1[C@]2(C)[C@H](CC(=O)C1(C)C)O[C@@]13C(=C)[C@@H]2CC[C@@]1(C)[C@@H](OC(=O)C3)c1cocc1,default,5.9499,success,-8.45,,success,0.4441583333333333,470.56,4.56,0,7,92.04,3,0,-8.84,success
"2,3,22,23-tetrahydroxy-2,6,10,15,19,23-hexamethyl-6,10,14,18-tetracosatetraene (3R,22R)",O[C@@H](C(O)(C)C)CC/C(=C/CC/C(=C/CC/C=C(/CC/C=C(/CC[C@H](C(O)(C)C)O)\C)\C)/C)/C,default,5.0844,success,-4.53,,success,0.24136666666666662,478.76,6.94,4,4,80.92,17,1,-6.75,success
"2-hydroxymethyl-2,3,22,23-tetrahydroxy-2,6,10,15,19,23-hexamethyl-6,10,14,18-tetracosatetraene (2R,3R,22R)",OCC([C@@H](CC/C(=C/CC/C(=C/CC/C=C(/CC/C=C(/CC[C@H](C(O)(C)C)O)\C)\C)/C)/C)O)(O)C,default,5.5183,success,-4.89,,success,0.289525,494.76,5.91,5,5,101.15,18,1,-6.8,success
4-methoxy-5-hydroxymethylcoumarin,COc1cc(=O)oc2c1c(CO)ccc2,default,4.4993,success,-8.87,,success,0.33727499999999994,206.2,1.29,1,4,59.67,2,0,-9.91,success
"2,3,22,23-tetrahydroxy-2,6,10,15,19,23-hexamethyl-6,10,14,18-tetracosatetraene",OC(C(O)(C)C)CC/C(=C/CC/C(=C/CC/C=C(/CC/C=C(/CCC(C(O)(C)C)O)\C)\C)/C)/C,default,5.0844,success,-5.05,,success,0.2587,478.76,6.94,4,4,80.92,17,1,-6.75,success
"2-hydroxymethyl-2,3,22,23-tetrahydroxyl-6,10,15,19,23-pentamethyl-6,10,14,18-tetracosatetraene",OCC(C(CC/C(=C/CC/C(=C/CC/C=C(/CC/C=C(/CCC(C(O)(C)C)O)\C)\C)/C)/C)O)(O)C,default,5.5183,success,-5.23,,success,0.30085833333333334,494.76,5.91,5,5,101.15,18,1,-6.8,success
3alpha-hydroxy-12-oleanen-28-oic acid,OC1CC(C)(C)C2[C@@](C1)(C)[C@H]1CC=C3[C@@]([C@@]1(CC2)C)(C)CC[C@@]1([C@@H]3CC(C)(C)CC1)C(=O)O,default,5.0787,success,-6.66,,success,0.3118916666666667,456.71,7.23,2,2,57.53,1,1,-8.2,success
orientin,OC[C@H]1O[C@H]([C@@H]([C@H]([C@@H]1O)O)O)c1c(O)cc(c2c1oc(cc2=O)c1ccc(c(c1)O)O)O,default,6.5877,success,-4.98,,success,0.38164166666666666,448.38,-0.2,8,11,201.28,3,2,-7.58,success
iso-orientin,OC[C@H]1O[C@H]([C@@H]([C@H]([C@@H]1O)O)O)c1c(O)cc2c(c1O)c(=O)cc(o2)c1ccc(c(c1)O)O,default,6.477,success,-4.93,,success,0.37075,448.38,-0.2,8,11,201.28,3,2,-7.62,success
3-oxo-12-oleanen-28-oic acid,O=C1CC(C)(C)C2[C@@](C1)(C)[C@H]1CC=C3[C@@]([C@@]1(CC2)C)(C)CC[C@@]1([C@@H]3CC(C)(C)CC1)C(=O)O,default,5.1469,success,-6.81,,success,0.32257499999999995,454.7,7.44,1,2,54.37,1,1,-8.16,success
12alpha-acetoxyazadironolide,CC(=O)O[C@H]1C[C@H]2[C@@](C3=CC[C@H]([C@]13C)C1=CC(OC1=O)O)(C)[C@H](OC(=O)C)C[C@@H]1[C@]2(C)C=CC(=O)C1(C)C,default,5.7692,success,-9.24,,success,0.4554333333333333,526.63,3.82,1,8,116.2,3,1,-8.01,success
turraparvin A,CC(=O)O[C@H]1C[C@H]2[C@@](C3=CC[C@H]([C@]13C)C1=CC(OC1=O)O)(C)[C@H](O)C[C@@H]1[C@]2(C)C=CC(=O)C1(C)C,default,5.7725,success,-9.58,,success,0.4670416666666667,484.59,3.25,2,7,110.13,2,0,-8.77,success
turraparvin B,CC(=O)O[C@H]1C[C@H]2[C@@](C3=CC[C@H]([C@]13C)C1=CC(=O)OC1O)(C)[C@H](O)C[C@@H]1[C@]2(C)C=CC(=O)C1(C)C,default,5.8619,success,-9.74,,success,0.47982500000000006,484.59,3.25,2,7,110.13,2,0,-8.7,success
turraparvin C,CC(=O)O[C@H]1C[C@H]2[C@@](C3=CC[C@H]([C@]13C)C1=CC(=O)OC1O)(C)[C@H](OC(=O)C)C[C@@H]1[C@]2(C)C=CC(=O)C1(C)C,default,5.8585,success,-9.36,,success,0.46687500000000004,526.63,3.82,1,8,116.2,3,1,-7.94,success
11-epi-21-hydroxytoonacilide,COC(=O)C[C@H]1C(C)(C)C(=O)C=C[C@]1(C)[C@H]1[C@@H](OC(=O)C)[C@H](OC(=O)C)[C@@]2([C@]3(C1(C)C)O[C@@H]3C[C@H]2C1=CC(=O)OC1O)C,default,6.1354,success,-3.06,,success,0.27995,602.68,2.82,1,11,155.03,6,2,-7.06,success
11-epi-23-hydroxytoonacilide,COC(=O)C[C@H]1C(C)(C)C(=O)C=C[C@]1(C)[C@H]1[C@@H](OC(=O)C)[C@H](OC(=O)C)[C@@]2([C@]3(C1(C)C)O[C@@H]3C[C@H]2C1=CC(OC1=O)O)C,default,6.0828,success,-3.2,,success,0.28023333333333333,602.68,2.82,1,11,155.03,6,2,-7.04,success
turraparvin D,CC(=O)O[C@H]1C[C@H]2[C@@](C3=CC[C@H]([C@]13C)C1=CCNC1=O)(C)[C@H](O)C[C@@H]1[C@]2(C)C=CC(=O)C1(C)C,default,5.7214,success,-9.36,,success,0.45545,467.61,3.51,2,5,92.7,2,0,-8.9,success
"1alpha,3alpha-diacetylvilasinin",CC(=O)O[C@H]1C[C@@H](OC(=O)C)[C@@]2([C@H]3[C@@]1(C)[C@H]1CC[C@@]4(C(=CC[C@H]4c4ccoc4)[C@]1(C)[C@@H]([C@@H]3OC2)O)C)C,default,5.9434,success,-8.58,,success,0.44794999999999996,512.64,4.79,1,7,95.2,3,1,-8.4,success
1alpha-acetyl-3alpha-propionylvilasinin,CCC(=O)O[C@@H]1C[C@H](OC(=O)C)[C@]2([C@@H]3[C@]1(C)CO[C@H]3[C@H]([C@@]1([C@@H]2CC[C@@]2(C1=CC[C@H]2c1cocc1)C)C)O)C,default,6.0995,success,-6.96,,success,0.4069583333333333,526.67,5.18,1,7,95.2,4,2,-7.92,success
"1alpha,3alpha-diacetyl-7alpha-tigloylvilasinin",C/C=C(/C(O[C@@H]1[C@@H]2OC[C@]3([C@H]2[C@]([C@@H]2[C@]1(C)C1=CC[C@H]([C@@]1(CC2)C)c1ccoc1)(C)[C@H](C[C@H]3OC(=O)C)OC(=O)C)C)C)\C,default,6.4442,success,-3.78,,success,0.32968333333333333,594.79,7.16,0,7,84.2,6,2,-6.93,success
mzikonone,CC(=O)O[C@H]1C[C@H]2[C@@](C3=CC[C@H]([C@]13C)c1ccoc1)(C)[C@H](O)C[C@@H]1[C@]2(C)CCC(=O)C1(C)C,default,5.8328,success,-7.36,,success,0.3980666666666667,454.61,5.43,1,5,76.74,2,1,-8.66,success
"12alpha-acetoxy-1,2-dihydroazadirone",CC(=O)O[C@@H]1C[C@@H]2[C@]([C@@H]3[C@]1(C)C1=CC[C@H]([C@@]1([C@H](C3)OC(=O)C)C)c1ccoc1)(C)CCC(=O)C2(C)C,default,5.7399,success,-6.42,,success,0.3589916666666666,496.64,6.0,0,6,82.81,3,1,-8.12,success
"3-oxo-12beta-hydroxy-oleanan-28,13beta-olide",O[C@@H]1C[C@@H]2[C@@]3(C)CCC(=O)C([C@@H]3CC[C@]2([C@]2([C@@]31OC(=O)[C@]1([C@@]3(C)CC(C)(C)CC1)CC2)C)C)(C)C,default,5.7635,success,-6.7,,success,0.37029166666666663,484.72,6.48,1,4,63.6,0,1,-8.19,success
quercetin-3-O-beta-D-glucopyranoside,OC[C@H]1C[C@@H](Oc2c(oc3c(c2=O)c(O)cc(c3)O)c2ccc(c(c2)O)O)[C@@H]([C@H]([C@@H]1O)O)O,default,6.3133,success,-4.94,,success,0.35744166666666666,462.41,0.12,8,11,201.28,4,2,-7.48,success
azadirone,CC(=O)O[C@@H]1C[C@@H]2[C@]([C@@H]3[C@]1(C)C1=CC[C@H]([C@@]1(CC3)C)c1ccoc1)(C)C=CC(=O)C2(C)C,default,5.7359,success,-7.24,,success,0.3859916666666667,436.59,6.24,0,4,56.51,2,1,-8.66,success
12alpha-acetoxy-7-deacetylazadirone,CC(=O)O[C@]12CC[C@@H]3[C@](C1=CC[C@@H]2c1cocc1)(C)[C@@H](O)C[C@H]1[C@@]3(C)C=CC(=O)C1(C)C,default,5.7691,success,-9.12,,success,0.45142499999999997,438.56,4.96,1,5,76.74,2,0,-9.12,success
11-epi-toonacilin,COC(=O)C[C@@H]1[C@](C)(C=CC(=O)C1(C)C)[C@H]1[C@@H](OC(=O)C)[C@H](OC(=O)C)[C@@]2([C@]3(C1=C)O[C@@H]3C[C@H]2c1cocc1)C,default,6.1567,success,-3.99,,success,0.31272500000000003,554.64,4.31,0,9,121.64,6,1,-7.63,success
azadironolide,CC(=O)O[C@@H]1C[C@@H]2[C@]([C@@H]3[C@]1(C)C1=CC[C@H]([C@@]1(CC3)C)C1=CC(OC1=O)O)(C)C=CC(=O)C2(C)C,default,5.796,success,-7.08,,success,0.3856666666666667,468.59,4.28,1,6,89.9,2,0,-8.68,success
turranolide,CC(=O)O[C@H]1C[C@H]2[C@@]([C@H]3[C@@]1(C)C1=CC[C@@H]([C@@]1(C)CC3)C1COC(=O)C1)(C)CCC(=O)C2(C)C,default,5.9341,success,-6.5,,success,0.37784166666666663,456.62,5.27,0,5,69.67,2,1,-8.48,success
"1alpha,3alpha-diacetyl-7alpha-tigloylvilasinin",C/C=C(/C(=O)O[C@H]1[C@H]2OC[C@@]3([C@@H]2[C@@]([C@H]2[C@@]1(C)C1=CC[C@@H]([C@]1(CC2)C)c1ccoc1)(C)[C@@H](CC3OC(=O)C)OC(=O)C)C)\C,default,6.2315,success,-3.23,,success,0.29362499999999997,594.75,6.3,0,8,101.27,5,2,-6.98,success
niloticin,C[C@H]([C@@H]1CC[C@]2([C@@]1(C)CC[C@H]1C2=CC[C@@H]2[C@]1(C)CCC(=O)C2(C)C)C)C[C@H]([C@@H]1OC1(C)C)O,default,6.0794,success,-6.35,,success,0.38494999999999996,456.71,6.73,1,3,49.83,4,1,-8.0,success
hispidol B,O[C@@H]([C@@H](C(O)(C)C)O)C[C@@H]([C@@H]1CC[C@]2([C@@]1(C)CC[C@H]1C2=CC[C@@H]2[C@]1(C)CC[C@@H](C2(C)C)O)C)C,default,5.7968,success,-4.81,,success,0.3100666666666667,476.74,5.47,4,4,80.92,5,1,-7.98,success
piscidinol A,O[C@@H]([C@@H](C(O)(C)C)O)C[C@@H]([C@@H]1CC[C@]2([C@@]1(C)CC[C@H]1C2=CC[C@@H]2[C@]1(C)CCC(=O)C2(C)C)C)C,default,6.0499,success,-5.53,,success,0.35515833333333335,474.73,5.68,3,4,77.76,5,1,-8.04,success
toonapubesin F,OC[C@@]1(C)C(=O)CC[C@]2([C@H]1CC=C1[C@@H]2CC[C@@]2([C@]1(C)CC[C@H]2[C@H](C[C@H]([C@@H](C(O)(C)C)O)O)C)C)C,default,6.2247,success,-5.55,,success,0.3703916666666667,490.73,4.65,4,5,97.99,6,0,-8.1,success
sitosterol-3-O-beta-D-glucopyranoside acetate,CC[C@@H](C(C)C)CC[C@H]([C@H]1CC[C@@H]2[C@]1(C)CC[C@H]1[C@H]2CC=C2[C@]1(C)CC[C@@H](C2)O[C@@H]1O[C@H](COC(=O)C)[C@H]([C@@H]([C@H]1OC(=O)C)OC(=O)C)OC(=O)C)C,default,6.1686,success,0.31,,success,0.18071666666666664,745.01,8.13,0,10,123.66,13,2,-5.15,success
stigmasterol-3-O-beta-D-glucopyranoside acetate,CC[C@@H](C(C)C)/C=C/[C@H]([C@H]1CC[C@@H]2[C@]1(C)CC[C@H]1[C@H]2CC=C2[C@]1(C)CC[C@@H](C2)O[C@@H]1O[C@H](COC(=O)C)[C@H]([C@@H]([C@H]1OC(=O)C)OC(=O)C)OC(=O)C)C,default,6.437,success,0.3,,success,0.20308333333333337,742.99,7.91,0,10,123.66,12,2,-5.15,success
sitosterol-3-O-beta-D-glucopyranoside,CC[C@@H](C(C)C)CC[C@H]([C@H]1CC[C@@H]2[C@]1(C)CC[C@H]1[C@H]2CC=C2[C@]1(C)CC[C@@H](C2)O[C@@H]1O[C@H](CO)[C@H]([C@@H]([C@H]1O)O)O)C,default,6.0683,success,-2.28,,success,0.2483583333333333,576.86,5.85,4,6,99.38,9,2,-6.66,success
3-O-{beta-D-glucopyranosyl(1â†’2)-[alpha-L-arabinopyranosyl(1â†’6)]-beta-D-glucopyranosyl}-oleanolic acid,OC[C@H]1OC(O[C@H]2C(O[C@@H]([C@H]([C@@H]2O)O)COC2OC[C@H]([C@H]([C@@H]2O)O)O)O[C@H]2CC[C@]3([C@H](C2(C)C)CC[C@@]2(C3CC=C3[C@@]2(C)CC[C@@]2(C3CC(C)(C)CC2)C(=O)O)C)C)[C@@H]([C@H]([C@@H]1O)O)O,default,6.4152,success,-1.56,,success,0.25326666666666664,913.11,1.35,10,16,274.75,9,3,-5.84,success
beta-D-glucopyranosyl(1â†’2)-beta-Dglucopyranosyl 3-O-{beta-D-glucopyra-nosyl(1â†’2)-[alpha-L-arabinopyranosyl(1â†’6)]-beta-D-glucopyranosyl}-oleanolate,OC[C@H]1OC(O[C@H]2C(O[C@@H]([C@H]([C@@H]2O)O)COC2OC[C@H]([C@H]([C@@H]2O)O)O)O[C@H]2CC[C@]3([C@H](C2(C)C)CC[C@@]2(C3CC=C3[C@@]2(C)CC[C@@]2(C3CC(C)(C)CC2)C(=O)OC2O[C@H](COC3O[C@H](CO)[C@H]([C@@H]([C@H]3O)O)O)[C@H]([C@@H]([C@H]2O)O)O)C)C)[C@@H]([C@H]([C@@H]1O)O)O,default,6.567,success,-0.04,,success,0.21525,1237.39,-3.57,16,27,433.05,14,3,-4.56,success
isovitexin,OC[C@H]1O[C@H]([C@@H]([C@H]([C@@H]1O)O)O)c1c(O)cc2c(c1O)c(=O)cc(o2)c1ccc(cc1)O,default,6.3505,success,-5.05,,success,0.36420833333333336,432.38,0.09,7,10,181.05,3,1,-7.94,success
3beta-{O-D-glucopyranosyl-(1â†’2)-[O-alpha-L-arabinopyranosyl(1â†’6)]beta-D-glucopyranosyloxy}-machaerinic acid gamma-lactone,OC[C@H]1OC(O[C@H]2C(O[C@@H]([C@H]([C@@H]2O)O)COC2OC[C@H]([C@H]([C@@H]2O)O)O)O[C@H]2CC[C@]3([C@H](C2(C)C)CC[C@@]2(C3CC=C3[C@@]2(C)CC[C@]24[C@H]3CC(C)(C)[C@H](C2)OC4=O)C)C)[C@@H]([C@H]([C@@H]1O)O)O,default,6.9028,success,0.38,,success,0.2419,911.09,0.8,9,17,263.75,8,3,-5.8,success
3beta-O-beta-D-glucopyranosiduronic acid (1â†’2)-beta-D-glucopyranosyloxy]-machaerinic acid gamma-lactone,OC[C@H]1OC(O[C@H]2CC[C@]3([C@H](C2(C)C)CC[C@@]2(C3CC=C3[C@@]2(C)CC[C@]24[C@H]3CC(C)(C)[C@H](C2)OC4=O)C)C)[C@@H]([C@H]([C@@H]1O)O)OC1O[C@H](CO)[C@H]([C@@H]([C@H]1O)O)O,default,6.4219,success,-2.48,,success,0.2844916666666667,778.98,2.33,7,13,204.83,6,3,-6.4,success
A-homo-3a-oxa-5beta-olean-12-en-3- one-28-oic acid,O=C1CC[C@]2([C@H](C(O1)(C)C)CC[C@@]1(C2CC=C2[C@@]1(C)CC[C@@]1([C@H]2CC(C)(C)CC1)C(=O)O)C)C,default,5.4843,success,-6.95,,success,0.35535833333333333,470.69,7.17,1,3,63.6,1,1,-7.97,success
vitexin,OC[C@H]1O[C@H]([C@@H]([C@H]([C@@H]1O)O)O)c1c(O)cc(c2c1oc(cc2=O)c1ccc(cc1)O)O,default,6.4516,success,-5.43,,success,0.3853,432.38,0.09,7,10,181.05,3,1,-8.0,success
schaftoside,OC[C@H]1O[C@H]([C@@H]([C@H]([C@@H]1O)O)O)c1c(O)c([C@@H]2OC[C@@H]([C@H]([C@H]2O)O)O)c2c(c1O)c(=O)cc(o2)c1ccc(cc1)O,default,6.7717,success,-2.0,,success,0.2976416666666667,564.5,-1.75,10,14,250.97,4,3,-6.46,success
isoschaftoside,OC[C@H]1O[C@H]([C@@H]([C@@H]([C@@H]1O)O)O)c1c(O)c([C@@H]2OC[C@@H]([C@@H]([C@H]2O)O)O)c(c2c1oc(cc2=O)c1ccc(cc1)O)O,default,6.7717,success,-2.22,,success,0.304975,564.5,-1.75,10,14,250.97,4,3,-6.46,success
quercetin 3-O-glucoside,OC[C@H]1O[C@@H](Oc2c(oc3c(c2=O)c(O)cc(c3)O)c2ccc(c(c2)O)O)[C@@H]([C@H]([C@@H]1O)O)O,default,6.2557,success,-4.82,,success,0.3486416666666667,464.38,-0.54,8,12,210.51,4,2,-7.28,success
quercetin 3-O-glucuronide,Oc1cc(O)c2c(c1)oc(c(c2=O)O[C@@H]1O[C@H](C(=O)O)[C@H]([C@@H]([C@H]1O)O)O)c1ccc(c(c1)O)O,default,6.1431,success,-4.58,,success,0.3312583333333333,478.36,-0.45,8,12,227.58,4,2,-7.28,success
quercetin 3-acetyl-O-glucoside,CC(=O)OC[C@@H]1O[C@@H](Oc2c(oc3c(c2=O)c(O)cc(c3)O)c2ccc(c(c2)O)O)[C@@H]([C@@H]([C@H]1OC(=O)C)OC(=O)C)OC(=O)C,default,6.3007,success,-3.02,,success,0.29239166666666666,632.53,1.74,4,16,234.79,8,2,-6.8,success
kaempferol 3-acetyl-O-glucoside,CC(=O)OC[C@H]1O[C@@H](Oc2c(oc3c(c2=O)c(O)cc(c3)O)c2ccc(cc2)O)[C@@H]([C@H]([C@@H]1OC(=O)C)OC(=O)C)OC(=O)C,default,6.1788,success,-3.99,,success,0.31456666666666666,616.53,2.04,3,15,214.56,8,2,-7.06,success
luteolin 7-O-galactoside,OC[C@H]1O[C@@H](Oc2cc(O)c3c(c2)oc(cc3=O)c2ccc(c(c2)O)O)[C@@H]([C@H]([C@H]1O)O)O,default,6.5168,success,-5.4,,success,0.3897333333333334,448.38,-0.24,7,11,190.28,4,2,-7.53,success
acylated isovitexin,CC(=O)OC[C@H]1O[C@H]([C@@H]([C@H]([C@@H]1OC(=O)C)OC(=O)C)OC(=O)C)c1c(O)cc2c(c1O)c(=O)cc(o2)c1ccc(cc1)O,default,6.394,success,-3.73,,success,0.32383333333333336,600.53,2.37,3,14,205.33,7,2,-7.28,success
quercetin 3-O-gentiobioside,OC[C@H]1O[C@@H](OC[C@H]2OC(Oc3c(oc4c(c3=O)c(O)cc(c4)O)c3ccc(c(c3)O)O)[C@@H]([C@H]([C@@H]2O)O)O)[C@@H]([C@H]([C@@H]1O)O)O,default,6.4678,success,-0.73,,success,0.22998333333333337,626.52,-2.71,11,17,289.66,7,3,-5.71,success
quercetin 3-O-galactoside,OC[C@H]1O[C@@H](Oc2c(oc3c(c2=O)c(O)cc(c3)O)c2ccc(c(c2)O)[O-])[C@@H]([C@H]([C@H]1O)O)O,default,6.1673,success,-5.11,,success,0.3509416666666667,463.37,-1.17,7,12,213.34,4,2,-7.15,success
quercetin 3-acetyl-O-rhamnoside,CC(=O)O[C@H]1[C@@H](O[C@H]([C@@H]([C@H]1OC(=O)C)OC(=O)C)C)Oc1c(oc2c(c1=O)c(O)cc(c2)O)c1ccc(c(c1)O)O,default,6.173,success,-4.46,,success,0.32975,574.49,2.2,4,14,208.49,6,2,-7.34,success
kaempferol 3-O-galactoside,OC[C@H]1O[C@@H](Oc2c(oc3c(c2=O)c(O)cc(c3)O)c2ccc(cc2)O)[C@@H]([C@H]([C@H]1O)O)O,default,6.1288,success,-4.81,,success,0.33773333333333333,448.38,-0.24,7,11,190.28,4,2,-7.5,success
luteolin 7-O-glucoside,OC[C@H]1O[C@@H](Oc2cc(O)c3c(c2)oc(cc3=O)c2ccc(c(c2)O)O)[C@@H]([C@H]([C@@H]1O)O)O,default,6.5168,success,-5.4,,success,0.3897333333333334,448.38,-0.24,7,11,190.28,4,2,-7.53,success
luteolin 7-O-rutinoside,OC[C@H]1O[C@@H](Oc2cc(O)c3c(c2)oc(cc3=O)c2ccc(c(c2)O)O)[C@@H]([C@H]([C@@H]1O)O)O[C@@H]1O[C@@H](C)[C@@H]([C@H]([C@H]1O)O)O,default,6.9317,success,-2.66,,success,0.332975,594.52,-1.39,9,15,249.2,6,3,-6.16,success
lucenin-2,OC[C@H]1O[C@H]([C@@H]([C@@H]([C@@H]1O)O)O)c1c(O)c([C@@H]2O[C@H](CO)[C@H]([C@@H]([C@H]2O)O)O)c(c2c1oc(cc2=O)c1ccc(c(c1)O)O)O,default,6.648,success,-1.33,,success,0.265,610.52,-2.69,12,16,291.43,5,3,-5.95,success
luteolin 7-O-rutinoside,OC1[C@@H](OC([C@H]([C@@H]1O)O)CO[C@@H]1OC(C)[C@@H]([C@@H](C1O)O)O)Oc1cc(O)c2c(c1)oc(cc2=O)c1ccc(c(c1)O)O,default,6.7785,success,-2.13,,success,0.30254166666666665,594.52,-1.39,9,15,249.2,6,3,-6.19,success
"luteolin 7,4'-di-O-glucoside",OC[C@H]1O[C@@H](Oc2cc(O)c3c(c2)oc(cc3=O)c2ccc(c(c2)O)OC2O[C@H](CO)[C@H]([C@@H]([C@H]2O)O)O)[C@@H]([C@H]([C@@H]1O)O)O,default,6.2933,success,-1.13,,success,0.228775,610.52,-2.77,10,16,269.43,7,3,-5.75,success
apigenin 7-O-glucoside,OCC1O[C@@H](Oc2cc(O)c3c(c2)oc(cc3=O)c2ccc(cc2)O)C([C@H]([C@@H]1O)O)O,default,6.3238,success,-5.94,,success,0.39165000000000005,432.38,0.05,6,10,170.05,4,1,-7.88,success
apigenin 7-O-rutinoside,O[C@H]1[C@@H](O[C@@H]([C@H]([C@@H]1O)O)CO[C@@H]1O[C@@H](C)[C@@H]([C@H]([C@H]1O)O)O)Oc1cc(O)c2c(c1)oc(cc2=O)c1ccc(cc1)O,default,6.6087,success,-2.4,,success,0.29739166666666667,578.52,-1.1,8,14,228.97,6,3,-6.38,success
kaempferol 3-O-sophoroside,OC[C@H]1O[C@@H](Oc2c(oc3c(c2=O)c(O)cc(c3)O)c2ccc(cc2)O)[C@@H]([C@H]([C@@H]1O)O)O[C@@H]1O[C@H](CO)[C@H]([C@@H]([C@H]1O)O)O,default,6.3573,success,-0.68,,success,0.21910833333333338,610.52,-2.42,10,16,269.43,7,3,-5.81,success
isovitexin 7-O-galactoside,OC[C@H]1O[C@H](Oc2cc3oc(cc(=O)c3c(c2[C@@H]2O[C@H](CO)[C@H]([C@@H]([C@H]2O)O)O)O)c2ccc(cc2)O)[C@@H]([C@H]([C@H]1O)O)O,default,6.4356,success,-2.81,,success,0.2966333333333333,594.52,-2.44,10,15,260.2,6,3,-5.88,success
isovitexin 7-O-glucoside,OC[C@H]1O[C@@H](Oc2cc3oc(cc(=O)c3c(c2[C@@H]2O[C@H](CO)[C@H]([C@@H]([C@H]2O)O)O)O)c2ccc(cc2)O)[C@@H]([C@H]([C@@H]1O)O)O,default,6.4356,success,-2.49,,success,0.28596666666666665,594.52,-2.44,10,15,260.2,6,3,-5.88,success
isovitexin 7-O-rhamnoside,OCC1O[C@H](C([C@H]([C@@H]1O)O)O)c1c(O[C@@H]2OC(C)[C@@H]([C@@H](C2O)O)O)cc2c(c1O)c(=O)cc(o2)c1ccc(cc1)O,default,6.6666,success,-2.96,,success,0.3208833333333333,578.52,-1.41,9,14,239.97,5,3,-6.31,success
3-acetoxy-alpha-amyrin,CC(=O)O[C@H]1CC[C@]2([C@H](C1(C)C)CC[C@@]1([C@@H]2CC=C2[C@@]1(C)CC[C@@]1([C@H]2CC(C)(C)CC1)C)C)C,default,5.0697,success,-5.45,,success,0.2708083333333333,468.77,8.74,0,2,26.3,1,1,-8.15,success
3-acetoxy-beta-amyrin,CC(=O)O[C@@H]1CC[C@]2([C@H](C1(C)C)CC[C@@]1([C@@H]2CC=C2[C@@]1(C)CC[C@@]1([C@H]2CC(C)(C)CC1)C)C)C,default,5.0697,success,-5.83,,success,0.28347500000000003,468.77,8.74,0,2,26.3,1,1,-8.15,success
"kaempferide 3-O-(2'',3''-diacetylglucoside)",OC[C@H]1OC(Oc2c(oc3c(c2=O)c(O)cc(c3)O)c2ccc(cc2)OC)[C@@]([C@]([C@@H]1O)(O)C(=O)C)(O)C(=O)C,default,5.9804,success,-4.96,,success,0.3303666666666667,546.48,-0.02,6,13,213.42,7,3,-6.66,success
kaempferide 3-O-(2''-O-galloylrhamnoside),COc1ccc(cc1)c1oc2cc(O)cc(c2c(=O)c1OC1O[C@H](C)[C@H]([C@@H]([C@@]1(O)C(=O)c1cc(O)c(c(c1)O)O)O)O)O,default,5.9332,success,-4.98,,success,0.32710000000000006,598.51,1.46,8,14,236.81,6,3,-6.45,success
kaempferide 3-O-(2''-O-galloylrutinoside)-7-O-alpha-rhamnoside,COc1ccc(cc1)c1oc2cc(OC3O[C@H](C)[C@H]([C@@H]([C@@H]3O)O)O)cc(c2c(=O)c1OC1O[C@H](C)[C@H]([C@@H]([C@@]1(O)C(=O)c1cc(O)c(c(c1)O)O)O)O)O,default,6.2302,success,-0.52,,success,0.20318333333333333,744.66,-0.04,10,18,295.73,8,3,-5.59,success
kaempferol 3-O-[beta-glucosyl-(1â†’2)]-[alpha-rhamnosyl-(1â†’6)]-beta-glucoside-7-O-alpha-rhamnoside,OC[C@H]1OC(O[C@@H]2C(O[C@@H]([C@H]([C@@H]2O)O)COC2O[C@H](C)[C@H]([C@@H]([C@@H]2O)O)O)Oc2c(oc3c(c2=O)c(O)cc(c3)OC2O[C@H](C)[C@H]([C@@H]([C@@H]2O)O)O)c2ccc(cc2)O)[C@@H]([C@H]([C@@H]1O)O)O,default,6.8456,success,-0.63,,success,0.2581333333333333,902.81,-5.07,14,24,387.27,11,3,-4.9,success
kaempferol 3-O-[alpha-rhamnosyl-(1â†’2)]-[alpha-rhamnosyl-(1â†’4)]-beta-glucoside-7-O-alpha-rhamnoside,Oc1ccc(cc1)c1oc2cc(OC3O[C@H](C)[C@H]([C@@H]([C@@H]3O)O)O)cc(c2c(=O)c1OC1O[C@H](COC2O[C@H](C)[C@H]([C@@H]([C@@H]2O)O)O)[C@H]([C@@H]([C@@H]1OC1O[C@H](C)[C@H]([C@@H]([C@H]1O)O)O)O)O)O,default,6.6983,success,-1.27,,success,0.2671916666666666,886.81,-4.04,13,23,367.04,10,3,-5.11,success
benzoic acid 4-O-beta-glucoside,OC[C@H]1O[C@@H](Oc2ccc(cc2)C(=O)O)[C@@H]([C@H]([C@@H]1O)O)O,default,5.2266,success,-6.64,,success,0.32355,300.26,-1.44,5,7,136.68,4,0,-8.58,success
benzoic acid 4-O-alpha-rhamnosyl-(1â†’2)-beta-glucoside,OC[C@H]1O[C@@H](OC2O[C@H](C)[C@H]([C@@H]([C@@H]2Oc2ccc(cc2)C(=O)O)O)O)[C@@H]([C@H]([C@@H]1O)O)O,default,5.8291,success,-4.8,,success,0.31242500000000006,446.41,-2.58,7,11,195.6,6,2,-6.87,success
benzaldehyde 4-O-beta-glucoside,OCC1OC(Oc2ccc(cc2)C=O)C(C(C1O)O)O,default,5.5137,success,-7.9,,success,0.389475,284.26,-1.32,4,7,116.45,4,0,-8.71,success
kaempferol 3-O-alpha-rhamnoside,Oc1ccc(cc1)c1oc2cc(O)cc(c2c(=O)c1O[C@@H]1O[C@@H](C)[C@@H]([C@H]([C@H]1O)O)O)O,default,6.1548,success,-5.51,,success,0.3632333333333333,432.38,0.78,6,10,170.05,3,1,-8.19,success
syringic acid,COc1cc(cc(c1O)OC)C(=O)O,default,4.0188,success,-8.82,,success,0.29556666666666664,198.17,1.11,2,4,75.99,3,0,-9.81,success
gallic acid,OC(=O)c1cc(O)c(c(c1)O)O,default,4.3776,success,-5.37,,success,0.21046666666666666,170.12,0.5,4,4,97.99,1,0,-9.24,success
quercetin 3-O-rhamnopyranoside,Oc1cc(O)c2c(c1)oc(c(c2=O)O[C@@H]1OC(C)[C@@H](C([C@@H]1O)O)O)c1ccc(c(c1)O)O,default,6.281,success,-5.3,,success,0.36674999999999996,448.38,0.49,7,11,190.28,3,2,-7.74,success
myricetin 3-O-beta-glucopyranoside,Oc1cc(O)c2c(c1)oc(c(c2=O)O[C@@H]1O[C@H](C(=O)O)[C@H]([C@@H]([C@H]1O)O)O)c1cc(O)c(c(c1)O)O,default,5.9637,success,-4.56,,success,0.3156416666666667,494.36,-0.74,9,13,247.81,4,2,-7.13,success
"quercetin 3,7-O-beta-diglucopyranoside",OC[C@H]1OC(Oc2cc(O)c3c(c2)oc(c(c3=O)OC2O[C@H](CO)[C@H]([C@@H]([C@H]2O)O)O)c2ccc(c(c2)O)O)[C@@H]([C@H]([C@@H]1O)O)O,default,6.3165,success,-1.39,,success,0.23937499999999998,626.52,-3.07,11,17,289.66,7,3,-5.7,success
methylvilangin,CCCCCCCCCCCC1=C(O)C(=O)C(=C(C1=O)O)C(C1=C(O)C(=O)C(=C(C1=O)O)CCCCCCCCCCC)C,default,5.1647,success,0.08,,success,0.09705833333333332,614.82,9.02,4,8,149.2,22,2,-5.08,success
"2,5-dihydroxy-3-methyl-6-undecyl-1,4-benzoquinone",CCCCCCCCCCCC1=C(O)C(=O)C(=C(C1=O)O)C,default,5.0312,success,-6.62,,success,0.30660000000000004,308.42,4.7,2,4,74.6,10,0,-8.54,success
2-O-methyl-muketanin,CCCCCCCCCCCC1=C(O)C(=O)C(=C(C1=O)OC)C,default,4.9114,success,-7.41,,success,0.32295,322.45,4.79,1,4,63.6,11,0,-8.42,success
"myricetin 3-(3'',4''-diacetylrhamnoside)",CC(=O)OC1[C@H](O)[C@@H](OC([C@@H]1OC(=O)C)C)Oc1c(oc2c(c1=O)c(O)cc(c2)O)c1cc(O)c(c(c1)O)O,default,6.1606,success,-7.07,,success,0.4157166666666666,548.45,1.34,6,14,222.65,5,3,-7.14,success
myricetin 3-rhamnoside,Oc1cc(O)c2c(c1)oc(c(c2=O)OC1OC(C)C(C(C1O)O)O)c1cc(O)c(c(c1)O)O,default,6.1076,success,-4.67,,success,0.3313,464.38,0.19,8,12,210.51,3,2,-7.57,success
myricetin 7-rhamnoside,O[C@H]1[C@@H](O[C@H]([C@@H]([C@H]1O)O)C)Oc1cc(O)c2c(c1)oc(c(c2=O)O)c1cc(O)c(c(c1)O)O,default,6.3174,success,-4.67,,success,0.34878333333333333,464.38,0.19,8,12,210.51,3,2,-7.57,success
myricetin 3-xyloside,Oc1cc(O)c2c(c1)oc(c(c2=O)O[C@@H]1OC[C@H](C(C1O)O)O)c1cc(O)c(c(c1)O)O,default,6.1195,success,-4.53,,success,0.32762500000000006,450.35,-0.19,8,12,210.51,3,2,-7.56,success
myricetin 3-arabinoside,Oc1cc(O)c2c(c1)oc(c(c2=O)OC1OC[C@H]([C@H]([C@@H]1O)O)O)c1cc(O)c(c(c1)O)O,default,6.1195,success,-5.36,,success,0.3552916666666667,450.35,-0.19,8,12,210.51,3,2,-7.56,success
3'-O-methylquercetin 3-glucoside,OC[C@H]1OC(Oc2c(oc3c(c2=O)c(O)cc(c3)O)c2ccc(c(c2)OC)O)[C@@H]([C@H]([C@@H]1O)O)O,default,6.1862,success,-5.38,,success,0.3615166666666667,478.41,-0.24,7,12,199.51,5,2,-7.32,success
myricetin 3-O-beta-glucoside,Oc1cc(O)c2c(c1)oc(c(c2=O)O[C@@H]1OC(CO[C@@H]2OC(C)[C@@H](C([C@@H]2O)O)O)[C@H]([C@@H](C1O[C@@H]1OC(C)[C@@H](C([C@@H]1O)O)O)O)O)c1cc(O)c(c(c1)O)O,default,6.591,success,-1.26,,success,0.2579166666666667,772.66,-3.13,13,21,348.58,8,3,-5.31,success
maesanin,CCCC/C=C\CCCCCCCCCC1=C(O)C(=O)C=C(C1=O)OC,default,4.9416,success,-5.88,,success,0.2744666666666667,362.51,5.74,1,4,63.6,14,1,-7.79,success
maesanol,CCCC/C=C\CCCCCCCCCC1=C(O)C(=O)C(=C(C1=O)O)C,default,5.2012,success,-5.99,,success,0.2997666666666667,362.51,6.04,2,4,74.6,13,1,-7.6,success
"(2alpha,3beta)-dihydroxyurs-12-en-28-oic acid",O[C@@H]1C[C@@]2(C)[C@H](C([C@H]1O)(C)C)CC[C@@]1([C@@H]2CC=C2[C@@]1(C)CC[C@@]1([C@H]2CC(C)(C)CC1)C(=O)O)C,default,5.1199,success,-6.46,,success,0.30865833333333337,472.71,6.2,3,3,77.76,1,1,-8.18,success
corosolic acid,C[C@@H]1CC[C@]2([C@@H]([C@H]1C)C1=CC[C@H]3[C@@]([C@@]1(CC2)C)(C)CC[C@@H]1[C@]3(C)C[C@@H](O)[C@@H](C1(C)C)O)C(=O)O,default,5.3118,success,-6.32,,success,0.31998333333333334,472.71,6.06,3,3,77.76,1,1,-8.22,success
"(2alpha,3beta) 23-trihydroxy-urs-12-en-28-oic acid",OC[C@]1(C)[C@@H](O)[C@H](O)C[C@]2([C@H]1CC[C@@]1([C@@H]2CC=C2[C@@]1(C)CC[C@@]1([C@H]2[C@@H](C)[C@@H](CC1)C)C(=O)O)C)C,default,5.5225,success,-5.13,,success,0.297875,488.71,5.03,4,4,97.99,2,1,-8.15,success
6-C-alpha-L-arabinopyranosyl-8-C-beta-D-glucopyranosylapigenin,OCC1O[C@H](C([C@@H]([C@@H]1O)O)O)c1c(O)c([C@@H]2OC[C@@H]([C@@H](C2O)O)O)c(c2c1oc(cc2=O)c1ccc(cc1)O)O,default,6.7717,success,-2.09,,success,0.3006416666666667,564.5,-1.75,10,14,250.97,4,3,-6.46,success
"(4-methoxy-benzo[1,3]dioxol-5-yl)-phenylmethanone",COc1c(ccc2c1OCO2)C(=O)c1ccccc1,default,4.6453,success,-9.52,,success,0.37110833333333326,256.26,2.65,0,4,44.76,3,0,-10.4,success
"1,7-dihydroxy-4-methoxyxanthone",COc1ccc(c2c1oc1ccc(cc1c2=O)O)O,default,4.9531,success,-11.45,,success,0.4610916666666667,258.23,2.37,2,5,79.9,1,0,-10.04,success
benzyl 2-hydroxy-6-methoxybenzoate,COc1cccc(c1C(=O)OCc1ccccc1)O,default,4.4373,success,-10.81,,success,0.396775,258.27,2.76,1,4,55.76,4,0,-10.23,success
methyl 2-hydroxy-6-methoxybenzoate,COC(=O)c1c(O)cccc1OC,default,3.9672,success,-8.44,,success,0.2813333333333333,182.17,1.19,1,4,55.76,2,0,-9.92,success
"5,7-dihydroxy-3-(hydroxy-phenyl-methyl)-6-methoxy-chroman-4-one",COc1c(O)cc2c(c1O)C(=O)C(CO2)C(c1ccccc1)O,default,5.4562,success,-11.14,,success,0.49268333333333336,316.31,2.03,3,6,96.22,3,0,-10.08,success
"2',4'-dihydroxy-6'-methoxydihydrochalcone",COC1=CC(=CC(C1C(=O)/C=C/c1ccccc1)O)O,default,4.8308,success,-10.75,,success,0.42756666666666665,272.3,2.23,2,4,66.76,4,0,-10.18,success
"3,7-dihydroxy-5,8-dimethoxyflavanone",COc1c(O)cc(c2c1OC(c1ccccc1)C(C2=O)O)OC,default,5.2678,success,-10.98,,success,0.47165,316.31,2.09,2,6,85.22,3,0,-10.26,success
"7-hydroxy-5,8-dimethoxyflavone",COc1ccc(cc1)c1cc(=O)c2c(o1)c([C@@H]1OC[C@@H]([C@H](C1O)O)O)c(c(c2O)[C@@H]1OC[C@@H]([C@@H](C1O)O)O)OC,default,6.2781,success,-2.99,,success,0.28950833333333337,562.52,-0.51,7,13,208.74,5,3,-6.7,success
"3',6'-dihydroxy-2',4',5'-trimethoxychalcone",COc1c(C(=O)/C=C/c2ccccc2)c(O)c(c(c1O)OC)OC,default,4.479,success,-10.22,,success,0.38058333333333333,330.34,3.02,2,6,85.22,6,0,-9.49,success
quercetin-3-(2''-galloyglucoside),OC[C@H]1OC(Oc2c(oc3c(c2=O)c(O)cc(c3)O)c2ccc(c(c2)O)O)[C@@H]([C@H]([C@@H]1O)O)OC(=O)c1cc(O)c(c(c1)O)O,default,6.4601,success,-0.95,,success,0.23667499999999997,616.48,0.44,10,16,277.27,6,3,-6.18,success
"2',4'-dihydroxy-3',6'-dimethoxychalcone",COc1cc(O)c(c(c1C(=O)/C=C/c1ccccc1)O)OC,default,4.9405,success,-10.34,,success,0.4230416666666667,300.31,3.01,2,5,75.99,5,0,-9.83,success
"2',6'-dihydroxy-3',4'-dimethoxychalcone",COc1cc(O)c(c(c1OC)O)C(=O)/C=C/c1ccccc1,default,4.7944,success,-10.71,,success,0.4232000000000001,300.31,3.01,2,5,75.99,5,0,-9.76,success
"2'-dihydroxy-4',6'-dimethoxychalcone",COc1cc(O)c(c(c1)OC)C(=O)/C(=C/c1ccccc1)/O,default,5.2498,success,-10.33,,success,0.4484833333333333,300.31,3.19,2,5,75.99,5,0,-9.61,success
"2',4'-dihydroxy-6'-methoxychalcone",COc1cc(O)cc(c1C(=O)/C=C/c1ccccc1)O,default,4.7687,success,-10.88,,success,0.426725,270.28,3.0,2,4,66.76,4,0,-9.86,success
"2',6'-dihydroxy-4'-methoxychalcone",COc1cc(O)c(c(c1)O)C(=O)/C=C/c1ccccc1,default,4.909,success,-11.06,,success,0.4444166666666667,270.28,3.0,2,4,66.76,4,0,-9.92,success
"2',6'-dihydroxy-4'-methoxydihydrochalcone",COC1=CC(O)C(C(=C1)O)C(=O)/C=C/c1ccccc1,default,4.6765,success,-11.25,,success,0.431375,272.3,2.23,2,4,66.76,4,0,-10.2,success
5-hydroxy-7-methoxyflavanone,COc1cc2OC(CC(=O)c2c(c1)O)c1ccccc1,default,5.6128,success,-10.92,,success,0.49839999999999995,270.28,3.11,1,4,55.76,2,0,-10.45,success
7-hydroxy-5-methoxyflavanone,COc1cc(O)cc2c1C(=O)CC(O2)c1ccccc1,default,5.3729,success,-10.64,,success,0.46907499999999996,270.28,3.11,1,4,55.76,2,0,-10.45,success
alizarin,O=C1c2ccccc2C(=O)c2c1ccc(c2O)O,default,4.9369,success,-8.85,,success,0.37307499999999993,240.21,1.87,2,4,74.6,0,0,-9.96,success
rubiadin,O=C1c2ccccc2C(=O)c2c1c(O)c(c(c2)O)C,default,5.3219,success,-10.93,,success,0.4744916666666667,254.24,2.18,2,4,74.6,0,0,-10.16,success
browniine,COCC12CCC(C34C1C(OC)C(C3N(C2)CC)(O)C1(C2C4CC(C2O)C(C1)OC)O)OC,default,5.9112,success,-6.78,,success,0.38526666666666665,467.6,0.27,3,8,100.85,6,0,-8.35,success
delcosine,COC[C@@]12CC[C@@H]([C@@]34[C@@H]1[C@H](OC)[C@](C3N(C2)CC)(O)[C@@]1([C@@H]2[C@H]4C[C@@H]([C@@H]2O)[C@H](C1)OC)O)O,default,5.8542,success,-5.5,,success,0.33785,453.58,-0.38,4,8,111.85,5,0,-8.19,success
delcosine 14-O-acetate,COC[C@@]12CC[C@H]([C@@]34[C@@H]1[C@H](OC)[C@]([C@H]3N(C2)CC)(O)[C@@]1([C@@H]2[C@H]4C[C@@H]([C@@H]2OC(=O)C)[C@H](C1)OC)O)O,default,5.9681,success,-6.33,,success,0.3750083333333333,495.61,0.19,3,9,117.92,6,0,-7.91,success
deltatsine,COC[C@@]12CC[C@@H]([C@@]34[C@@H]1[C@H](OC)[C@]([C@H]3N(C2)CC)(O)[C@@]1([C@@H]2[C@H]4C[C@@H]([C@@H]2O)[C@H](C1)OC)OC)O,default,5.9639,success,-6.9,,success,0.39365833333333333,467.6,0.27,3,8,100.85,6,0,-8.33,success
leroyine,CO[C@@H]1C[C@@]2(O)[C@H]3[C@H]([C@@H]1C[C@H]3[C@@]13[C@H]4[C@]2(O)C[C@@H]1[C@@](CN4CC)(C)CC[C@@H]3O)O,default,5.5806,success,-6.55,,success,0.35005,393.52,0.37,4,6,93.39,2,0,-9.14,success
leroyine 14-O-acetate,CO[C@@H]1C[C@@]2(O)[C@H]3[C@H]([C@@H]1C[C@H]3[C@@]13[C@H]4[C@]2(O)C[C@@H]1[C@@](CN4CC)(C)CC[C@@H]3O)OC(=O)C,default,5.7019,success,-7.59,,success,0.394825,435.56,0.94,3,7,99.46,3,0,-8.99,success
glucofrangulin A diacetate,OC[C@H]1O[C@@H](Oc2cc(O[C@@H]3O[C@@H](C)[C@@H]([C@H]([C@H]3OC(=O)C)OC(=O)C)O)cc3c2C(=O)c2c(C3=O)cc(cc2O)C)[C@@H]([C@H]([C@@H]1O)O)O,default,6.7876,success,-1.32,,success,0.27630000000000005,662.6,-1.0,6,16,245.04,7,3,-6.01,success
glucofrangulin A,OC[C@H]1O[C@@H](Oc2cc(O[C@@H]3O[C@@H](C)[C@@H]([C@H]([C@H]3O)O)O)cc3c2C(=O)c2c(C3=O)cc(cc2O)C)[C@@H]([C@H]([C@@H]1O)O)O,default,6.7509,success,-2.48,,success,0.31190833333333334,578.52,-2.14,8,14,232.9,5,3,-6.21,success
emodin 1-O-beta-D-glucopyranoside,OC[C@H]1OC(Oc2cc(O)cc3c2C(=O)c2c(C3=O)cc(cc2O)C)[C@@H]([C@H]([C@@H]1O)O)O,default,6.5427,success,-5.92,,success,0.409225,432.38,-0.64,6,10,173.98,3,1,-7.75,success
emodin 1-O-beta-D-glucoside,OC[C@H]1O[C@@H](Oc2cc(O)cc3c2C(=O)c2c(C3=O)cc(cc2O)C)[C@@H]([C@H]([C@@H]1O)O)O,default,6.5427,success,-5.82,,success,0.40589166666666665,432.38,-0.64,6,10,173.98,3,1,-7.75,success
prinoidin,CC(=O)O[C@H]1[C@H](Oc2cc(O)c3c(c2)Cc2c(C3=O)c(O)cc(c2)C)O[C@H]([C@@H]([C@H]1OC(=O)C)O)C,default,6.3102,success,-7.94,,success,0.45718333333333333,486.47,1.89,3,10,148.82,4,0,-8.49,success
musizin,CC(=O)c1c(C)cc2c(c1O)c(O)ccc2,default,5.1364,success,-8.13,,success,0.3657,216.24,2.76,2,3,57.53,1,0,-10.22,success
beta-sorigenin-8-O-beta-D-glucoside,OC[C@H]1OC(Oc2cccc3c2c(O)c2c(c3)COC2=O)[C@@H]([C@H]([C@@H]1O)O)O,default,5.8299,success,-6.45,,success,0.36749166666666666,378.33,-0.61,5,9,145.91,3,0,-8.39,success
beta-sorigenin-1-O-beta-glucoside,OC[C@H]1OC(Oc2c3C(=O)OCc3cc3c2c(O)ccc3)[C@@H]([C@H]([C@@H]1O)O)O,default,6.1394,success,-5.74,,success,0.3696166666666667,378.33,-0.61,5,9,145.91,3,0,-8.39,success
beta-sorigenin,O=C1OCc2c1c(O)c1c(c2)cccc1O,default,5.0875,success,-8.33,,success,0.3682916666666667,216.19,1.92,2,4,66.76,0,0,-10.08,success
sorigenin-1-O-methyl ether,COc1c2C(=O)OCc2cc2c1c(O)ccc2,default,5.1423,success,-8.95,,success,0.3935249999999999,230.22,2.22,1,4,55.76,1,0,-10.3,success
3-O-methylquercetin,COc1c(oc2c(c1=O)c(O)cc(c2)O)c1ccc(c(c1)O)O,default,5.3684,success,-9.95,,success,0.44570000000000004,316.27,2.29,4,7,120.36,2,0,-9.59,success
emodin anthrone,Cc1cc2Cc3cc(O)cc(c3C(=O)c2c(c1)O)O,default,5.4264,success,-11.05,,success,0.4872,256.26,2.25,3,4,77.76,0,0,-10.1,success
emodin bianthrone,Cc1cc(O)c2c(c1)C(c1c(C2=O)c(O)cc(c1)O)C1c2cc(C)cc(c2C(=O)c2c1cc(O)cc2O)O,default,5.7469,success,-5.14,,success,0.31690833333333335,510.5,4.59,6,8,155.52,1,2,-7.31,success
"emodinanthrone-6-O-rhamnopyranoside-2',3'4'-triacetate",CC(=O)O[C@@H]1C(Oc2cc(O)c3c(c2)Cc2c(C3=O)c(O)cc(c2)C)O[C@@H]([C@H]([C@@H]1OC(=O)C)OC(=O)C)C,default,6.2146,success,-7.68,,success,0.44055,528.51,2.46,2,11,154.89,5,2,-7.86,success
"isopimar-8(14)-en-15,16-diol",OCC([C@@]1(C)CCC2C(=C1)CC[C@@H]1[C@]2(C)CCCC1(C)C)O,default,5.0799,success,-8.16,,success,0.3619916666666667,306.49,4.31,2,2,40.46,2,0,-9.99,success
"erythroxyl-4(17),15(16)-dien-3-one",C=C[C@@]1(C)CCC2C(=C1)CC[C@]1([C@@H]2CCC(=O)C1=C)C,default,5.3454,success,-5.08,,success,0.28145,270.42,4.85,0,1,17.07,1,0,-9.66,success
isopimar-8(14)-en-16-hydroxy-15-one,CC(=O)[C@@]1(C)CCC2C(=C1)CC[C@@H]1[C@]2(C)CCCC1(C)C,default,4.9337,success,-3.54,,success,0.19580833333333333,288.47,5.54,0,1,17.07,1,1,-9.49,success
protokosin,COc1c(C)c(O)c(c(c1C(=O)C(C)C)O)Cc1c(O)c(Cc2c(O)c(C)c(c(c2OC)C(=O)C(C)C)OC)c(c(c1O)C(=O)C(C)C)O,default,5.0689,success,-0.15,,success,0.09407500000000002,682.76,6.26,6,12,200.28,13,4,-5.06,success
kosotoxin,COc1c(C)c(O)c(c(c1C(=O)C(C)C)O)CC1(C)C(=C(C)C(=C(C1=O)C(=O)C(C)C)O)O,default,5.5999,success,-5.59,,success,0.3196583333333333,460.52,4.25,4,8,141.36,7,0,-7.87,success
kosin,COc1c(C)c(O)c(c(c1C(=O)C(C)C)O)Cc1c(O)c(C)c(c(c1O)C(=O)C(C)C)OC,default,4.8435,success,-5.72,,success,0.2609583333333333,460.52,4.41,4,8,133.52,8,0,-8.11,success
isobutyryl-3-methylphloroglucinol-2-methyl ether,COc1c(C(=O)CC(C)C)c(O)cc(c1C)O,default,5.1229,success,-8.05,,success,0.36190833333333333,238.28,2.64,2,4,66.76,4,0,-10.19,success
isovaleryl (IV),[CH2-]C(=C)CC#[O+],default,4.1617,success,-4.6,,success,0.1668083333333333,82.1,1.16,0,0,19.9,1,0,-9.32,success
2-methylbutyryl (2-MeB),CCC(C(=O)c1c(O)cc(c(c1OC)C)O)C,default,5.4006,success,-8.32,,success,0.39404999999999996,238.28,2.64,2,4,66.76,4,0,-10.17,success
phloroglucinol iB,Oc1cc(O)c(c(c1)O)C(=O)C(C)C,default,4.8349,success,-8.31,,success,0.346575,196.2,1.64,3,4,77.76,2,0,-9.84,success
phloroglucinol iV,CC(CC(=O)c1c(O)cc(cc1O)O)C,default,4.6154,success,-8.86,,success,0.3466166666666667,210.23,2.03,3,4,77.76,3,0,-9.91,success
phloroglucinol 2-MeB,CCC(C(=O)c1c(O)cc(cc1O)O)C,default,5.0127,success,-8.35,,success,0.36272499999999996,210.23,2.03,3,4,77.76,3,0,-9.88,success
methyl phloroglucinol iB,CC(C(=O)c1c(O)cc(c(c1O)C)O)C,default,5.184,success,-8.85,,success,0.39366666666666666,210.23,1.95,3,4,77.76,2,0,-9.97,success
methyl phloroglucinol iV,CC(CC(=O)c1c(O)cc(c(c1O)C)O)C,default,4.9855,success,-7.55,,success,0.33379166666666665,224.26,2.34,3,4,77.76,3,0,-10.03,success
methyl phloroglucinol 2-MeB,CCC(C(=O)c1c(O)cc(c(c1O)C)O)C,default,5.3459,success,-7.89,,success,0.37515833333333337,224.26,2.34,3,4,77.76,3,0,-10.0,success
beta-kosin,COc1c(Cc2c(O)c(C)c(c(c2O)C(=O)C(C)C)O)c(O)c(c(c1C(=O)C(C)C)OC)C,default,5.0275,success,-6.27,,success,0.29462499999999997,460.52,4.41,4,8,133.52,8,0,-8.08,success
pseudo-aspidinol iB,COc1c(c(O)cc(c1C)O)C(=O)C(C)C,default,5.2507,success,-7.83,,success,0.365225,224.26,2.25,2,4,66.76,3,0,-10.22,success
methyl-phloroglucinol-2-methyl ether,COc1cc(O)cc(c1C)O,default,4.7206,success,-8.75,,success,0.3517166666666667,154.16,1.41,2,3,49.69,1,0,-9.94,success
3-methylfilicinic acid,O=C1CC(O)C(C(=C1C)O)(C)C,default,4.9822,success,-7.46,,success,0.3305166666666667,170.21,1.18,2,3,57.53,0,0,-9.63,success
"3,3-dimethylfilicinic acid",O=C1C(C)(C)C(=O)CC(=O)C1(C)C,default,4.2007,success,-6.49,,success,0.23305833333333337,182.22,1.15,0,3,51.21,0,0,-9.65,success
"methyl 5,10-dihydroxy-7-methoxy-1,1,3a-trimethyl-1a,2,3,3a,10c,10d-hexahydro-1H-4-oxacyclobuta[cd]indeno[5,6-a]naphthalene-9-carboxylate",COC(=O)c1cc(OC)c2c(c1O)c1c(c(c2)O)O[C@@]2([C@@H]3[C@H]1C([C@@H]3CC2)(C)C)C,default,5.2497,success,-8.52,,success,0.3881416666666666,398.46,4.35,2,6,85.22,2,0,-9.56,success
"methyl 5,10-dihydroxy-7-methoxy-3-methyl-3-(4-methyl-3-pentenyl)-3H-benzo[f]chromene-9-carboxylate",COC(=O)c1cc(OC)c2c(c1O)c1C=CC(Oc1c(c2)O)(C)CCC=C(C)C,default,5.8078,success,-8.04,,success,0.41864999999999997,398.46,4.96,2,6,85.22,5,0,-8.93,success
"methyl 8-hydroxy-1,4,6,7-tetramethoxy-2-naphthoate",COC(=O)c1cc(OC)c2c(c1OC)c(O)c(c(c2)OC)OC,default,4.4538,success,-9.68,,success,0.3604833333333333,322.31,2.37,1,7,83.45,5,0,-10.12,success
"methyl 1,8-dihydroxy-4,6,7-trimethoxy-2-naphthoate",COC(=O)c1cc(OC)c2c(c1O)c(O)c(c(c2)OC)OC,default,4.5176,success,-10.55,,success,0.3948,308.29,2.06,2,7,94.45,4,0,-9.96,success
"9-methoxy-2,2-dimethyl-2H-benzo[h]chromene-7,10-diol",COc1cc(O)c2c(c1O)c1OC(C)(C)C=Cc1cc2,default,5.2905,success,-10.56,,success,0.4595416666666667,272.3,3.44,2,4,58.92,1,0,-10.26,success
"9-methoxy-2-methyl-2-(4-methyl-3-pentenyl)-2H-benzo[h]chromene-7,10-diol",COc1cc(O)c2c(c1O)c1OC(C)(CCC=C(C)C)C=Cc1cc2,default,5.9276,success,-7.96,,success,0.4259666666666666,340.42,5.17,2,4,58.92,4,1,-9.26,success
(24S)-24-ethylcholesta-5-(E)-22-dien-3-beta-ol,CC[C@@H](C(C)C)/C=C/[C@H]([C@H]1CC[C@@H]2[C@]1(C)CC[C@H]1[C@H]2CC=C2[C@]1(C)CCC(C2)O)C,default,5.6831,success,-4.77,,success,0.2992583333333333,412.7,7.8,1,1,20.23,5,1,-8.34,success
"7-hydroxy-3,3-dimethyl-10-methoxy-3H-benzo[f]chromene-8-carboxylic acid",COc1cc(C(=O)O)c(c2c1c1C=CC(Oc1cc2)(C)C)O,default,5.1772,success,-11.18,,success,0.47076666666666667,300.31,3.44,2,4,75.99,2,0,-10.19,success
rubiadin-1-methyl ether 3-O-beta-primeveroside,COc1c(C)c(OC2O[C@H](COC3OC[C@H]([C@@H]([C@H]3O)O)O)[C@H]([C@@H]([C@H]2O)O)O)cc2c1C(=O)c1ccccc1C2=O,default,6.4782,success,-2.42,,success,0.28718333333333335,562.52,-1.58,6,13,201.67,6,3,-6.33,success
damnacanthol-3-O-beta-primeveroside,OCc1c(OC2O[C@H](COC3OC[C@H]([C@@H]([C@H]3O)O)O)[C@H]([C@@H]([C@H]2O)O)O)cc2c(c1OC)C(=O)c1c(C2=O)cccc1,default,6.4313,success,-2.1,,success,0.27260833333333334,578.52,-2.4,7,14,221.9,7,3,-5.87,success
lucidin-3-O-beta-primeveroside,OCc1c(O[C@H]2O[C@H](CO[C@@H]3OC[C@H]([C@@H]([C@H]3O)O)O)[C@H]([C@@H]([C@H]2O)O)O)cc2c(c1O)C(=O)c1c(C2=O)cccc1,default,6.359,success,-2.63,,success,0.28425,564.5,-2.7,8,14,232.9,6,3,-6.01,success
damnacanthol,COc1c2C(=O)c3ccccc3C(=O)c2cc(c1CO)O,default,5.3704,success,-10.68,,success,0.4702,284.27,1.67,2,5,83.83,2,0,-9.92,success
rubiadin-1-methyl ether,COc1c2C(=O)c3ccccc3C(=O)c2cc(c1C)O,default,5.2872,success,-10.75,,success,0.4656,268.27,2.48,1,4,63.6,1,0,-10.37,success
"1,3-dihydroxy-2-methoxymethyl-9,10-anthraquinone",COCOc1c(O)cc2c(c1O)C(=O)c1c(C2=O)cccc1,default,5.0699,success,-11.1,,success,0.4591583333333333,300.27,1.86,2,6,93.06,3,0,-9.81,success
damnacanthol-3-O-methyl ether,OCc1c(OC)cc2c(c1OC)C(=O)c1c(C2=O)cccc1,default,4.9456,success,-10.69,,success,0.4351333333333333,298.29,1.97,1,5,72.83,3,0,-10.16,success
"1,4,5-trihydroxy-3-methoxy-6-(3,7,11,15,19-pentamethyleicosa-2,6,10,14,18-pentaenyl)naphthalene",COc1cc(O)c2c(c1O)c(O)c(cc2)C/C=C(\CC/C=C(\CC/C=C(/CC/C=C(/CCC=C(C)C)\C)\C)/C)/C,default,5.0892,success,-7.32,,success,0.33476666666666666,546.79,10.38,3,4,69.92,15,2,-6.42,success
rubiadin-3-O-beta-primeveroside,O[C@H]1[C@@H](O[C@@H]([C@H]([C@@H]1O)O)CO[C@@H]1OC[C@H]([C@@H]([C@H]1O)O)O)Oc1cc2C(=O)c3ccccc3C(=O)c2c(c1C)O,default,6.582,success,-5.21,,success,0.3888333333333333,548.5,-1.88,7,13,212.67,5,3,-6.31,success
"trans-3,4-dihydroxy-3,4-dihydromollugin",COC(=O)c1c(O)c2ccccc2c2c1[C@@H](O)[C@@H](C(O2)(C)C)O,default,4.9036,success,-11.14,,success,0.4466333333333333,318.33,1.9,3,6,96.22,1,0,-10.09,success
"cis-3,4-dihydroxy-3,4-dihydromollugin",COC(=O)c1c(O)c2ccccc2c2c1[C@@H](O)[C@H](C(O2)(C)C)O,default,4.9036,success,-10.84,,success,0.4366333333333333,318.33,1.9,3,6,96.22,1,0,-10.09,success
"3-hydroxy-1-methyl-9,10-anthraquinone",Oc1cc(C)c2c(c1)C(=O)c1c(C2=O)cccc1,default,5.1719,success,-8.0,,success,0.364325,238.24,2.48,1,3,54.37,0,0,-10.3,success
"3-methoxy-1-methyl-9,10-anthraquinone",COc1cc(C)c2c(c1)C(=O)c1c(C2=O)cccc1,default,5.0284,success,-10.48,,success,0.4350333333333334,252.27,2.78,0,3,43.37,1,0,-10.32,success
parvinaphthol A,COC(=O)c1cc(OC)c2c(c1O)c(O)c(c(c2)OC)O,default,4.5273,success,-10.44,,success,0.3919416666666667,294.26,1.76,3,7,105.45,3,0,-9.58,success
parvinaphthol B,COC(=O)c1cc(OC)c2c(c1O)ccc(c2O)O,default,4.6807,success,-11.35,,success,0.43505833333333327,264.23,1.75,3,6,96.22,2,0,-9.7,success
parvinaphthol C,CO[C@@H]1O[C@H]2c3c(ccc4c3c(OC)cc(c4O)C(=O)O)O[C@@]3([C@H]2[C@H]([C@H]1C)CC3)C,default,5.5597,success,-9.23,,success,0.4376416666666667,414.45,4.11,2,6,94.45,3,0,-9.46,success
busseihydroquinone C,COc1cc(C(=O)O)c(c2c1c1C=CC(Oc1cc2)(C)CCC=C(C)C)O,default,5.7034,success,-7.72,,success,0.3992833333333333,368.43,5.16,2,4,75.99,5,1,-9.09,success
busseihydroquinone E,CCO[C@@H]1O[C@H]2c3c(ccc4c3c(OC)cc(c4O)C(=O)O)O[C@@]3([C@H]2[C@H]([C@H]1C)CC3)C,default,5.6532,success,-8.1,,success,0.4077666666666666,428.48,4.5,2,6,94.45,4,0,-9.27,success
busseihydroquinone F,COC1=C/C(=C\2/C=C(OC)c3c(C2=O)ccc2c3C=CC(O2)(C)C)/C(=O)c2c1c1C=CC(Oc1cc2)(C)C,default,5.2973,success,-7.49,,success,0.357775,508.57,6.42,0,6,71.06,2,2,-8.1,success
busseihydroquinone D,O=C/C(=C/1\CCC2(C1=Cc1c(O2)ccc2c1c(OC)cc(c2O)C(=O)O)C)/C,default,5.6459,success,-9.39,,success,0.4501583333333333,380.4,4.1,2,5,93.06,3,0,-9.45,success
"3,5,3'-trihydroxy-7,4'-dimethoxyflavone",COc1cc(O)c2c(c1)oc(c(c2=O)O)c1ccc(c(c1)O)OC,default,5.2838,success,-11.5,,success,0.49031666666666673,330.29,2.59,3,7,109.36,3,0,-9.84,success
"5,7-trihydroxy-4'-methoxyflavone",COc1ccc(cc1)c1oc2cc(O)cc(c2c(=O)c1O)O,default,5.2698,success,-11.12,,success,0.4764833333333333,300.27,2.59,3,6,100.13,2,0,-9.91,success
"5,4'-dihydroxy-7-methoxyflavanone",COc1cc2OC(CC(=O)c2c(c1)O)c1ccc(cc1)O,default,5.7558,success,-10.73,,success,0.5039833333333333,286.28,2.81,2,5,75.99,2,0,-10.38,success
"3,4'-dimethoxy-5,7-diacetoxyflavone",COc1ccc(cc1)c1oc2cc(OC(=O)C)cc(c2c(=O)c1OC)OC(=O)C,default,5.215,success,-9.32,,success,0.4119166666666667,398.37,3.33,0,8,101.27,5,0,-9.17,success
"[(3alpha,3'alpha,4beta,4'beta)-3,3']-dimethoxy-cis-[4,4'-bis(3,4,5,10-tetrahydro-1H-naphtho[2,3-c]pyran)]-5,5',10,10'-tetraone",CO[C@H]1OCC2=C([C@@H]1[C@@H]1[C@@H](OC)OCC3=C1C(=O)c1c(C3=O)cccc1)C(=O)c1c(C2=O)cccc1,default,4.8815,success,-9.69,,success,0.39645833333333336,486.48,2.98,0,8,105.2,3,0,-9.34,success
"cis-3,4-dihydroxy-3,4-dihydromollugin",CCC(=O)C1=C2C(c3c(C1=O)cccc3)OC(C(C2O)O)(C)C,default,5.3543,success,-11.44,,success,0.49419166666666664,316.35,1.73,2,5,83.83,2,0,-10.17,success
pentalongin,O=C1C2=C(COC=C2)C(=O)c2c1cccc2,default,4.7377,success,-7.11,,success,0.29847500000000005,212.2,1.91,0,3,43.37,0,0,-10.29,success
mollugin,COC(=O)c1c2C=CC(Oc2c2c(c1O)cccc2)(C)C,default,4.7328,success,-10.89,,success,0.4240666666666667,284.31,3.52,1,4,55.76,1,0,-10.25,success
"methyl-2,3-epoxy-3-prenyl-1,4-naphthoquinone-2-carboxylate",CC(=CCC12OC1(C(=O)O)C(=O)c1c(C2=O)c(C)ccc1)C,default,5.3321,success,-10.71,,success,0.46800833333333336,300.31,2.32,1,4,83.97,3,0,-9.86,success
tectoquinone,Cc1ccc2c(c1)C(=O)c1c(C2=O)cccc1,default,4.7813,success,-6.7,,success,0.28844166666666665,222.24,2.77,0,2,34.14,0,0,-10.29,success
3-hydroxymollugin,COC(=O)c1c2C[C@H](O)C(Oc2c2c(c1O)cccc2)(C)C,default,4.6896,success,-11.03,,success,0.42513333333333336,302.33,2.41,2,5,75.99,1,0,-10.38,success
3-methoxymollugin,CO[C@H]1Cc2c(C(=O)OC)c(O)c3c(c2OC1(C)C)cccc3,default,4.742,success,-10.9,,success,0.4251666666666667,316.35,3.06,1,5,64.99,2,0,-10.41,success
"methyl-3-prenyl-1,4-naphthoquinone-2-carboxylate",COC(=O)C1=C(CC=C(C)C)C(=O)c2c(C1=O)cccc2,default,4.4321,success,-10.26,,success,0.37800833333333334,284.31,2.89,0,4,60.44,3,0,-9.88,success
scopoletin,COc1cc2ccc(=O)oc2cc1O,default,4.8211,success,-8.88,,success,0.36442500000000005,192.17,1.51,1,4,59.67,1,0,-9.98,success
2-methoxy-3-methylanthraquinone,COc1cc2c(cc1C)C(=O)c1c(C2=O)cccc1,default,4.7214,success,-10.21,,success,0.40045000000000003,252.27,2.78,0,3,43.37,1,0,-10.29,success
"ergosta-5,22-dien-3beta-ol",O[C@H]1CCC2(C(=CCC3C2CCC2(C3CCC2C(/C=C/C(C(C)C)C)C)C)C1)C,default,5.5239,success,-4.51,,success,0.27732500000000004,398.68,7.41,1,1,20.23,4,1,-8.56,success
normelicopicine,COc1c(OC)c(OC)c2c(c1O)c(=O)c1c(n2C)cccc1,default,4.6466,success,-10.64,,success,0.40855,315.32,2.42,1,6,69.92,3,0,-10.17,success
arborinine,COc1cc2c(c(c1OC)O)c(=O)c1c(n2C)cccc1,default,4.8578,success,-11.31,,success,0.44848333333333334,285.3,2.41,1,5,60.69,2,0,-10.21,success
melicopicine,COc1c(OC)c(OC)c2c(c1OC)n(C)c1c(c2=O)cccc1,default,4.6559,success,-9.98,,success,0.387325,329.35,2.73,0,6,58.92,4,0,-10.06,success
tecleanthine,COc1c2OCOc2cc2c1c(=O)c1c(n2C)c(OC)ccc1,default,5.467,success,-10.01,,success,0.45591666666666664,313.31,2.44,0,6,58.92,2,0,-10.23,success
6-methoxytecleanthine,COc1ccc2c(c1OC)n(C)c1c(c2=O)c(OC)c2c(c1)OCO2,default,5.6232,success,-10.02,,success,0.4692666666666666,343.34,2.45,0,7,68.15,3,0,-10.14,success
skimmianine,COc1ccc2c(c1OC)nc1c(c2OC)cco1,default,5.0647,success,-10.1,,success,0.42539166666666667,259.26,3.01,0,5,53.72,3,0,-10.0,success
dictamnine,COc1c2ccccc2nc2c1cco2,default,4.9827,success,-7.35,,success,0.3268916666666667,199.21,2.99,0,3,35.26,1,0,-10.13,success
urticifolene,CCC(C/C=C/C/C=C/C/C=C/C=C/CCCCCCCCCCC/C=C/CC(CC(=O)O)O)O,default,5.1043,success,-6.05,,success,0.2936916666666667,488.75,8.23,3,3,77.76,24,1,-6.56,success
"5,7-dimethoxy-8-(3'-hydroxy-3'methyl-1'-butene)-coumarin",COc1cc(OC)c2c(c1/C=C/C(O)(C)C)oc(=O)cc2,default,5.4664,success,-10.0,,success,0.45553333333333335,290.31,2.59,1,5,68.9,4,0,-10.26,success
"6H-indolo[3,2,1-de][1,5]naphthyridin-6-one",O=c1ccc2c3n1c1ccccc1c3ccn2,default,5.0584,success,-6.58,,success,0.3075333333333333,220.23,2.44,0,3,34.37,0,0,-9.72,success
"7,8-dimethoxy-5-methyl-2,3-methylenedioxybenzo[c]- phenanthridin-6(5H)-one",COc1c(OC)ccc2c1c(=O)n(C)c1c2ccc2c1cc1OCOc1c2,default,5.699,success,-10.2,,success,0.48158333333333325,363.37,3.59,0,6,58.92,2,0,-9.49,success
"7,8-dimethoxy-2,3-methylenedioxybenzo[c]phenanthridine",COc1c(OC)ccc2c1cnc1c2ccc2c1cc1OCOc1c2,default,5.5309,success,-6.94,,success,0.35890833333333333,333.34,4.29,0,5,49.81,2,0,-9.36,success
"N-(2-methylpropyl)-2,4-decadienamide",CCCCC/C=C/C=C/C(=O)NCC(C)C,default,4.8576,success,-5.63,,success,0.2591333333333333,223.36,3.45,1,1,29.1,8,0,-9.11,success
"(+)-2,6-Bis(3,4-methylenedioxyphenyl)-3,7-dioxabicyclo[ 3.3.0]octane",C1Oc2c(O1)cc(cc2)[C@H]1OC[C@H]2[C@@H]1CO[C@@H]2c1ccc2c(c1)OCO2,default,5.159,success,-9.95,,success,0.42824999999999996,354.36,3.22,0,6,55.38,2,0,-10.52,success
"(+)-piperitol-3,3-dimethylallyl ether",COc1ccc(cc1OCC=C(C)C)[C@H]1OC[C@H]2[C@@H]1CO[C@@H]2c1ccc2c(c1)OCO2,default,5.6749,success,-7.25,,success,0.3812416666666667,424.49,4.84,0,6,55.38,6,0,-9.08,success
"4H-1-benzopyran-4-one, 2, 3-dihydro-5- hydroxy-2-(4'-methoxy-3'-hydroxybenzyl)-7-O-(2-methyl butanol) ether",COc1c(OC)ccc2c1n(C)c(=O)c1c2OC(C)(C)C=C1,default,5.2814,success,-9.81,,success,0.4337833333333333,301.34,2.74,0,5,49.69,2,0,-10.45,success
"haplopine-3,3'-dimethylallyl ether",COc1c(OCC=C(C)C)ccc2c1nc1occc1c2OC,default,5.4849,success,-8.0,,success,0.3904083333333333,313.35,4.34,0,5,53.72,5,0,-9.55,success
anhydroevoxine,COc1c(OCC2OC2(C)C)ccc2c1nc1occc1c2OC,default,5.3506,success,-9.42,,success,0.42655,329.35,3.55,0,6,66.25,5,0,-9.73,success
evoxine,COc1c(OCC(C(O)(C)C)O)ccc2c1nc1occc1c2OC,default,5.6008,success,-10.05,,success,0.4684,347.37,2.51,2,7,94.18,6,0,-9.83,success
nitidine,COc1cc2c[n+](C)c3c(c2cc1OC)ccc1c3cc2OCOc2c1,default,5.4649,success,-8.54,,success,0.4067416666666666,348.38,3.72,0,4,40.8,2,0,-9.49,success
"5,6-dihydronitidine",COc1cc2c(cc1OC)CN(c1c2ccc2c1cc1c(c2)OCO1)C,default,5.2996,success,-8.13,,success,0.3793,349.39,4.2,0,5,40.16,2,0,-10.03,success
uguenensene,CC(=O)O[C@@H]1C[C@H]2C(C)(C)O[C@@H]3[C@@]2([C@@H]2[C@]1(C)[C@@]14O[C@@H]1C[C@H]([C@@]4(CC2)C)c1cocc1)COC(=O)C3,default,6.0265,success,-8.37,,success,0.447875,484.59,4.39,0,7,87.5,2,0,-8.94,success
uguenensone,CC(=O)O[C@@H]1C[C@H]2C(C)(C)O[C@@H]3[C@@]2([C@@H]2[C@]1(C)[C@@]14O[C@@H]1C(=O)[C@H]([C@@]4(CC2)C)c1cocc1)COC(=O)C3,default,6.1029,success,-10.26,,success,0.5172416666666666,498.57,3.57,0,8,104.57,2,0,-9.0,success
uguenenprenol,OC/C(=C/COc1cc2O[C@H](c3ccc(cc3)O)[C@H](C(=O)c2c(c1)O)O)/C,default,6.2572,success,-9.09,,success,0.4911,372.37,2.09,4,7,116.45,5,0,-9.47,success
chisocheton A,CC(=O)O[C@@H]1O[C@H](C[C@H]1[C@@H]1CC=C2[C@@]1(C)CC[C@H]1[C@@]2(C)[C@H](O)C[C@@H]2[C@]1(C)CCC(=O)C2(C)C)[C@@H]1OC1(C)C,default,5.9563,success,-6.06,,success,0.36502499999999993,528.73,5.6,1,6,85.36,3,2,-7.47,success
kihadalactone A,CC(=O)OC1CC2C(C)(C)OC(=O)CC([C@@]2(C2[C@]1(C)C1=CCC(C1(CC2)C)c1ccoc1)C)OC(=O)C,default,5.9214,success,-6.58,,success,0.37945,512.64,5.73,0,7,92.04,3,2,-7.79,success
limonyl acetate,CC(=O)O[C@@H]1C[C@H]2C(C)(C)O[C@@H]3[C@@]2([C@@H]2[C@@]1(C)[C@@]14O[C@@H]1C(=O)O[C@H]([C@@]4(CC2)C)c1cocc1)COC(=O)C3,default,6.1568,success,-8.92,,success,0.47706666666666664,514.57,3.5,0,9,113.8,2,1,-8.55,success
methyl uguenenoate,COC(=O)C[C@@H]1OC([C@H]2[C@@]1(CO)[C@H]1CC[C@@]3([C@]4([C@@]1(C(=O)C2)C)O[C@@H]4C(=O)O[C@H]3c1cocc1)C)(C)C,default,5.5832,success,-9.41,,success,0.4456,502.56,2.75,1,9,124.8,4,1,-8.64,success
7-O-methylaromadendrin,COc1cc2O[C@H](c3ccc(cc3)O)[C@H](C(=O)c2c(c1)O)O,default,5.6512,success,-10.54,,success,0.48893333333333333,302.28,1.78,3,6,96.22,2,0,-10.08,success
flindersiamine,COc1c2OCOc2cc2c1nc1occc1c2OC,default,5.4573,success,-10.04,,success,0.4561083333333333,273.24,2.73,0,6,62.95,2,0,-10.09,success
"8alpha,11-elemodiol",C=C[C@@H]1C[C@@H](O)C(C[C@H]1C(=C)C)C(O)(C)C,default,5.2475,success,-7.22,,success,0.34462499999999996,224.34,2.52,2,2,40.46,3,0,-10.12,success
tricoccin S13 acetate,CC(=O)OC1C[C@H]2C(C)(C)OC(=O)C=C[C@@]2([C@@H]2[C@]1(C)C1=CC[C@H]([C@]1(C)CC2)[C@@H]1COC(=O)C1)C,default,6.007,success,-7.01,,success,0.40091666666666664,470.61,4.77,0,6,78.9,2,0,-8.46,success
acetylmontrifoline,COc1cc2nc3occc3c(c2cc1OC[C@H](C(O)(C)C)OC(=O)C)OC,default,5.6854,success,-10.48,,success,0.4897833333333333,389.4,3.08,1,8,100.25,7,0,-9.24,success
montrifoline,COc1cc2nc3occc3c(c2cc1OC[C@H](C(O)(C)C)O)OC,default,5.7019,success,-10.5,,success,0.49182499999999996,347.37,2.51,2,7,94.18,6,0,-9.8,success
maculine,COc1c2cc3OCOc3cc2nc2c1cco2,default,5.3718,success,-7.69,,success,0.37065000000000003,243.22,2.72,0,5,53.72,1,0,-10.17,success
kokusaginine,COc1cc2c(cc1OC)nc1c(c2OC)cco1,default,5.0692,success,-9.6,,success,0.4091,259.26,3.01,0,5,53.72,3,0,-10.08,success
glomeral,O=C/C=C/c1cc(CC2OC2(C)C)c(c(c1)OC)O,default,5.5214,success,-10.66,,success,0.48211666666666664,262.3,2.33,1,4,59.06,5,0,-9.81,success
methyl cinnamate,COC(=O)/C=C/c1ccccc1,default,3.9373,success,-7.79,,success,0.25966666666666666,162.19,1.87,0,2,26.3,2,0,-9.99,success
hesperetin,COc1ccc(cc1O)[C@@H]1CC(=O)c2c(O1)cc(cc2O)O,default,5.6276,success,-11.2,,success,0.5089666666666667,302.28,2.52,3,6,96.22,2,0,-10.24,success
scoparone,COc1cc2oc(=O)ccc2cc1OC,default,4.4621,success,-7.88,,success,0.301175,206.2,1.81,0,4,48.67,2,0,-10.05,success
syringaresinol,COc1cc(cc(c1O)OC)[C@H]1OC[C@H]2[C@@H]1CO[C@@H]2c1cc(OC)c(c(c1)OC)O,default,4.7522,success,-10.48,,success,0.4120166666666667,418.44,3.21,2,8,95.84,6,0,-9.44,success
limonin,O=C1OC[C@]23[C@H](C1)OC([C@@H]2CC(=O)[C@@]1([C@@H]3CC[C@@]2([C@]31O[C@@H]3C(=O)O[C@H]2c1cocc1)C)C)(C)C,default,6.0156,success,-9.89,,success,0.49763333333333337,470.52,3.14,0,8,104.57,1,0,-9.25,success
uguenenazole,COc1ccc(cc1)c1cnc(o1)c1ccccc1,default,5.3191,success,-8.03,,success,0.37759166666666666,251.28,4.02,0,3,35.26,3,0,-9.99,success
uguenenonamide,COc1ccc(cc1)C(=O)CNC(=O)c1ccccc1,default,3.8873,success,-11.19,,success,0.373,269.3,2.31,1,3,55.4,5,0,-10.2,success
maculosidine,COc1cc(OC)c2c(c1)c(OC)c1c(n2)occ1,default,5.122,success,-9.72,,success,0.4175,259.26,3.01,0,5,53.72,3,0,-10.02,success
syringaldehyde,COc1cc(C=O)cc(c1O)OC,default,4.3531,success,-8.34,,success,0.307425,182.17,1.22,1,4,55.76,3,0,-9.86,success
calodendrolide,O=C1O[C@@H](c2cocc2)[C@]2([C@]3([C@@H]1O3)C(=CCC2)C)C,default,5.5717,success,-10.17,,success,0.46997500000000003,260.29,2.76,0,4,51.97,1,0,-10.07,success
limonin diosphenol,O=C1OC[C@]23[C@H](C1)OC(C2=C(O)C(=O)[C@@]1([C@@H]3CC[C@@]2([C@]31O[C@@H]3C(=O)O[C@@H]2c1cocc1)C)C)(C)C,default,6.0588,success,-9.79,,success,0.49789999999999995,484.5,2.94,1,9,124.8,1,0,-9.14,success
magnoflorine,COc1ccc2c(c1O)c1c(O)c(OC)cc3c1[C@H](C2)[N+](C)(C)CC3,default,5.0781,success,-10.62,,success,0.44384166666666663,342.42,3.01,2,4,58.92,2,0,-10.44,success
"4,5,6,7-tetramethoxyfuro[2,3-b]quinoline",COc1cc2nc3occc3c(c2c(c1OC)OC)OC,default,5.2261,success,-10.15,,success,0.4405083333333333,289.29,3.02,0,6,62.95,4,0,-9.93,success
nobiline,CN(CC1CCC2(C1(C)C(=O)C1OC(=O)C2C1C(C)C)O)C,default,5.7258,success,-9.1,,success,0.44714999999999994,309.41,1.09,1,5,66.84,3,0,-9.83,success
veprisiniol,OCC(CCOc1cc2OC(CC(=O)c2c(c1)O)c1ccc(c(c1)O)OC)C,default,6.3261,success,-10.38,,success,0.5398416666666668,388.42,3.21,3,7,105.45,7,0,-9.32,success
"isohaplopine-3,3'-dimethylallyl ether",COc1ccc2c(c1OCC=C(C)C)nc1c(c2OC)cco1,default,5.5212,success,-7.42,,success,0.3741,313.35,4.34,0,5,53.72,5,0,-9.53,success
tecleoxine,COc1cc2nc3occc3c(c2cc1OCC1OC1(C)C)OC,default,5.4522,success,-9.31,,success,0.43135000000000007,329.35,3.55,0,6,66.25,5,0,-9.7,success
nkolbisine,COc1cc2nc3occc3c(c2cc1OCC(C(O)(C)C)O)OC,default,5.7019,success,-10.2,,success,0.48182499999999995,347.37,2.51,2,7,94.18,6,0,-9.8,success
uguenenprenol,OC/C(=C\COc1cc2OC(c3ccc(cc3)O)[C@H](C(=O)c2c(c1)O)O)/C,default,6.2572,success,-9.05,,success,0.4897666666666667,372.37,2.09,4,7,116.45,5,0,-9.47,success
(+)sesamin,Oc1ccc(cc1O)[C@H]1OC[C@H]2[C@@H]1CO[C@@H]2c1ccc(c(c1)O)O,default,5.3013,success,-10.33,,success,0.45277500000000004,330.34,2.58,4,6,99.38,2,0,-10.14,success
"neo-clerodan-3,13-dien-16,15:18,19-diolide",COC1C=C(C(=O)O1)CC[C@@]1(C)[C@H](C)CC[C@]23[C@@H]1CCC=C2C(=O)OC3,default,5.637,success,-8.98,,success,0.43574999999999997,360.45,3.54,0,5,61.83,4,0,-9.74,success
"15-methoxy-neo-clerodan-3,13-dien-16,15:18,19-diolide",O=C1OCC=C1CC[C@@]1(C)[C@H](C)CC[C@]23[C@@H]1CCC=C2C(=O)OC3,default,5.7711,success,-8.8,,success,0.440925,330.42,3.57,0,4,52.6,3,0,-9.92,success
penduletin,COc1c(oc2c(c1=O)c(O)c(c(c2)OC)OC)c1ccc(cc1)O,default,5.0439,success,-10.22,,success,0.4276583333333333,344.32,2.9,2,7,98.36,4,0,-9.89,success
hautriwaic acid,OC[C@@]12CC[C@H]([C@]([C@H]1CCC=C2C(=O)O)(C)CCc1ccoc1)C,default,5.4138,success,-9.43,,success,0.43215,332.44,4.05,2,3,70.67,5,0,-9.95,success
ayanin,COc1cc(O)c2c(c1)oc(c(c2=O)OC)c1ccc(c(c1)O)OC,default,5.1665,success,-10.7,,success,0.453875,344.32,2.9,2,7,98.36,4,0,-9.81,success
santin,COc1ccc(cc1)c1oc2cc(O)c(c(c2c(=O)c1OC)O)OC,default,5.0538,success,-10.74,,success,0.44581666666666664,344.32,2.9,2,7,98.36,4,0,-9.82,success
"3,4',5,7-tetrahydroxy-6-methoxyflavone",COc1c(O)cc2c(c1O)c(=O)c(c(o2)c1ccc(cc1)O)O,default,5.419,success,-10.06,,success,0.45358333333333334,316.26,2.29,4,7,120.36,2,0,-9.68,success
pinocembrin,Oc1cc2O[C@@H](CC(=O)c2c(c1)O)c1ccccc1,default,5.6411,success,-10.94,,success,0.501425,256.26,2.8,2,4,66.76,1,0,-10.41,success
dodonic acid,O[C@H]1C=C(C(=O)O)[C@@]2([C@@H](C1)[C@](C)(CCc1ccoc1)[C@H](C[C@H]2O)C)C,default,5.5872,success,-10.11,,success,0.4692666666666666,348.44,3.02,3,4,90.9,4,0,-10.07,success
2beta-hydroxyhardwickiic acid,O[C@@H]1C=C(C(=O)O)[C@]2([C@H](C1)[C@@](C)(CCc1cocc1)[C@@H](CC2)C)C,default,5.4876,success,-9.0,,success,0.4239666666666666,332.44,4.05,2,3,70.67,4,0,-10.05,success
"(ent-3beta,8alpha)-15,16-epoxy-13(16),14-labdadiene-3,8-diol",O[C@@H]1CC[C@@]2([C@@H](C1(C)C)CC[C@]([C@H]2CCc1ccoc1)(C)O)C,default,4.7061,success,-8.02,,success,0.326175,320.47,4.18,2,3,53.6,3,0,-10.29,success
"5-(2-(furan-3-yl)ethyl)-3,4,4a,5,6,7,8,8a-octahydro-8 hydroxy-5,6,8a-trimethylnaphthalene-1-carboxylic acid",OC(=O)C1=CCCC2C1(C)C(O)CC(C2(C)CCc1cocc1)C,default,5.4306,success,-8.92,,success,0.41655000000000003,332.44,4.05,2,3,70.67,4,0,-10.09,success
"(8',9'-dihydroxy)-3-farnesylindole",C/C(=C\Cc1c[nH]c2c1cccc2)/CC/C=C(/C(C(C=C(C)C)O)O)\C,default,5.5931,success,-7.13,,success,0.370425,353.51,5.07,3,2,56.25,8,1,-8.94,success
solanidine 3-O-[alpha-L-rhamnopyranosyl-(1''â†’4)-[alpha-L-rhamnopyranosyl-(1' â†’ 2)]-beta-D-glucopyranoside],OC[C@H]1O[C@@H](O[C@H]2CC[C@]3(C(=CC[C@@H]4[C@@H]3CC[C@]3([C@H]4C[C@H]4[C@@H]3[C@H](C)[C@@H]3N4C[C@H](CC3)C)C)C2)C)[C@H]([C@H]([C@H]1O[C@@H]1O[C@@H](C)[C@@H]([C@H]([C@H]1O)O)O)O)O[C@@H]1O[C@@H](C)[C@H]([C@H]([C@H]1O)O)O,default,6.6871,success,-2.39,,success,0.3035916666666667,852.07,1.18,8,15,220.46,7,3,-6.08,success
solanidine 3-O-[alpha-L-rhamnopyranosyl-(1''â†’4)-beta-D-glucopyranoside],OC[C@H]1O[C@@H](OC2CC[C@]3(C(=CC[C@@H]4C3CC[C@]3([C@H]4C[C@H]4[C@@H]3[C@H](C)[C@@H]3N4C[C@H](CC3)C)C)C2)C)[C@@H]([C@H]([C@@H]1O[C@@H]1O[C@@H](C)[C@@H]([C@H]([C@H]1O)O)O)O)O,default,6.6574,success,-2.21,,success,0.2951166666666667,705.93,2.33,6,11,161.54,5,3,-6.55,success
(25R)-3beta-{O-alpha-L-Rhamnopyranosyl-(1â†’2)-[O-beta-D-glucopyranosyl-(1â†’4)-O-alpha-L-rhamnopyranosyl-(1â†’4)]-beta-D-glucopyranosyl}-22alpha-N-spirosol-5-ene,OC[C@H]1OC(OC2CCC3(C(=CCC4C3CCC3(C4CC4C3C(C)C3(O4)CCC(CN3)C)C)C2)C)[C@@H]([C@H]([C@@H]1OC1O[C@H](C)[C@H]([C@@H]([C@@H]1O)O)OC1O[C@H](CO)[C@H]([C@@H]([C@H]1O)O)O)O)OC1O[C@H](C)[C@H]([C@@H]([C@@H]1O)O)O,default,6.8819,success,-0.03,,success,0.24115833333333334,1030.21,-1.36,12,21,317.63,10,3,-5.06,success
(25R)-3beta-{O-beta-D-glucopyranosyloxy}-22alphaN-spirosol-5-ene,OC[C@H]1OC(OC2CCC3(C(=CCC4C3CCC3(C4CC4C3C(C)C3(O4)CCC(CN3)C)C)C2)C)[C@@H]([C@H]([C@@H]1O)O)O,default,6.4353,success,-5.31,,success,0.3799416666666666,575.79,3.11,5,8,120.64,3,1,-7.95,success
solasodine,C[C@@H]1CC[C@@]2(NC1)O[C@@H]1[C@H]([C@@H]2C)[C@@]2([C@@H](C1)[C@@H]1CC=C3[C@]([C@H]1CC2)(C)CC[C@@H](C3)O)C,default,5.9244,success,-6.66,,success,0.3823666666666667,413.65,5.29,2,3,41.49,0,1,-9.22,success
"2,3,4',5,6-pentahydroxybenzophenone-4-C-glucoside",OC[C@H]1OC([C@@H]([C@H]([C@@H]1O)O)O)c1c(O)c(O)c(c(c1O)O)C(=O)c1ccc(cc1)O,default,5.3857,success,-4.99,,success,0.2818083333333333,424.36,-1.04,9,11,208.37,4,2,-7.31,success
"2,4',6-trihydroxy-4-methoxybenzophenone-2-O-glucoside",OC[C@H]1OC(Oc2cc(OC)cc(c2C(=O)c2ccc(cc2)O)O)[C@@H]([C@H]([C@@H]1O)O)O,default,5.6629,success,-4.53,,success,0.28957499999999997,422.39,-0.48,6,10,166.14,6,1,-7.63,success
mangiferin,OC[C@H]1O[C@H]([C@@H]([C@H]([C@@H]1O)O)O)c1c(O)cc2c(c1O)c(=O)c1c(o2)cc(c(c1)O)O,default,5.6964,success,-5.69,,success,0.3310333333333333,422.34,-0.72,8,11,201.28,2,2,-7.54,success
yuankanin,COc1cc(O[C@@H]2O[C@H](CO[C@@H]3OC[C@H]([C@@H]([C@H]3O)O)O)[C@H]([C@@H]([C@H]2O)O)O)c2c(c1)oc(cc2=O)c1ccc(cc1)O,default,6.6729,success,-2.88,,success,0.3187416666666667,578.52,-1.18,7,14,217.97,7,3,-6.22,success
manniflavanone,Oc1cc(O)c2c(c1)O[C@@H]([C@H](C2=O)c1c(O)cc(c2c1O[C@H](c1ccc(c(c1)O)O)[C@H](C2=O)O)O)c1ccc(c(c1)O)O,default,6.4362,success,-3.06,,success,0.3050166666666667,590.49,3.11,9,13,234.67,3,3,-6.99,success
kirkinine B,OC[C@@]12O[C@@H]1[C@@H]1[C@@H]3O[C@@]45O[C@@]1([C@@H]1[C@]([C@H]2O)(O)C(=O)[C@@H](C1[C@H](C)CCCCCCCC/C=C\C=C\C=C\4)C)[C@H](C[C@]3(O5)C(=C)C)C,default,6.379,success,-3.14,,success,0.3029166666666666,624.82,4.92,3,8,117.98,2,1,-7.37,success
synaptolepis factor K7,CCCCCCCCCCCCC/C=C/C12O[C@H]3[C@@](O1)(C[C@H]([C@@]1(O2)C3[C@@H]2O[C@@]2([C@H]([C@]2([C@H]1C=C(C2=O)C)O)O)CO)C)C(=C)C,default,6.5849,success,-1.52,,success,0.266075,614.82,5.43,3,8,117.98,15,2,-6.0,success
kirkinine C,OC[C@@]12O[C@@H]1[C@@H]1[C@@H]3O[C@@]45O[C@@]1([C@@H]1[C@]([C@H]2O)(O)C(=O)[C@@H](C1[C@H](C)CCCCCCCC/C=C\C=C\C=C\4)C)[C@H]([C@H]([C@]3(O5)C(=C)C)OC(=O)C)C,default,6.5505,success,-1.26,,success,0.2545416666666667,682.85,4.46,3,10,144.28,3,1,-6.77,success
kirkinine D,CCC/C=C\C=C\C=C\[C@@]12O[C@H]3[C@](O1)(C(=C)C)[C@@H]([C@H]([C@@]1(O2)[C@H]3[C@@H]2O[C@@]2([C@H]([C@]2([C@H]1C=C(C2=O)C)O)O)CO)C)OC(=O)C,default,6.7859,success,-4.32,,success,0.3761583333333334,584.66,2.19,3,10,144.28,8,1,-6.94,success
yuanhuandine,CCCCC/C=C/C=C/[C@@]12O[C@H]3[C@](O1)(C(=C)C)[C@@H]([C@H]([C@@]1(O2)[C@H]3[C@@H]2O[C@@]2([C@H]([C@]2([C@H]1C=C(C2=O)C)O)O)CO)C)OC(=O)C,default,6.7129,success,-4.9,,success,0.38940833333333336,586.68,2.41,3,10,144.28,9,1,-6.83,success
kirkinine E,OC[C@@]12O[C@@H]1[C@@H]1[C@@H]3O[C@@]45O[C@@]1([C@@H]1[C@]([C@H]2O)(O)C(=O)[C@@H](C1[C@@](C)(O)CCCCCCCC/C=C\C=C\C=C\4)C)[C@H](C[C@]3(O5)C(=C)C)C,default,6.5267,success,-0.63,,success,0.2315583333333333,640.81,4.04,4,9,138.21,2,1,-7.35,success
matairesinol,COc1cc(ccc1O)C[C@H]1C(=O)OC[C@@H]1Cc1ccc(c(c1)OC)O,default,5.654,success,-10.51,,success,0.48816666666666664,358.39,2.69,2,6,85.22,6,0,-9.97,success
kirkinine,CCCCCCCCCCCCC/C=C/[C@@]12O[C@H]3[C@](O1)(C(=C)C)[C@@H]([C@H]([C@@]1(O2)[C@H]3[C@@H]2O[C@@]2([C@H]([C@]2([C@H]1C=C(C2=O)C)O)O)CO)C)OC(=O)C,default,6.6427,success,-0.54,,success,0.23822499999999996,672.86,4.98,3,10,144.28,16,1,-5.64,success
12beta-acetoxyhuratoxin,CCCCCCCCC/C=C/C=C/C12O[C@H]3[C@](O1)(C(=C)C)[C@@H]([C@H]([C@@]1(O2)C3C2O[C@@]2([C@H]([C@]2(C1C=C(C2=O)C)O)O)CO)C)OC(=O)C,default,6.7328,success,-3.37,,success,0.3400666666666667,642.79,3.97,3,10,144.28,13,1,-5.97,success
excoecariatoxin,CCCCC/C=C/C=C/C12O[C@H]3[C@@](O1)(C[C@H](C1(O2)[C@H]3[C@@H]2O[C@@]2([C@H]([C@]2([C@H]1C=C(C2=O)C)O)O)CO)C)C(=C)C,default,6.6592,success,-8.97,,success,0.5206000000000001,528.64,2.87,3,8,117.98,8,1,-7.56,success
"12-hydroxy-8,12-abietadiene-3,11,14-trione",O=C1C(=C(C(C)C)C(=O)C2=C1[C@@]1(C)CCC(=O)C([C@@H]1CC2)(C)C)O,default,5.4299,success,-10.0,,success,0.4524916666666666,330.42,3.71,1,4,71.44,1,0,-9.9,success
royleanone,O=C1C(=O)C(=C(C2=C1[C@@]1(C)CCCC([C@@H]1CC2)(C)C)O)C(C)C,default,5.3653,success,-7.59,,success,0.366775,316.44,4.53,1,3,54.37,1,0,-9.67,success
taxodione,CC(C1=CC2=CC(=O)[C@@H]3[C@](C2=C(C1=O)O)(C)CCCC3(C)C)C,default,5.391,success,-8.01,,success,0.3829166666666667,314.43,4.31,1,3,54.37,1,0,-9.91,success
"11-hydroxy-7,9(11),13-abietatrien-12-one",OC1=C2C(=CC[C@@H]3[C@]2(C)CCCC3(C)C)C=C(C1=O)C(C)C,default,5.3189,success,-7.36,,success,0.3552416666666667,300.44,5.13,1,2,37.3,1,1,-9.54,success
sugiol,O=C1C[C@H]2C(C)(C)CCC[C@@]2(c2c1cc(C(C)C)c(c2)O)C,default,5.6847,success,-7.66,,success,0.39572500000000005,300.44,5.19,1,2,37.3,1,1,-9.95,success
6-hydroxysalvinolone,OC1=C2C(C)(C)CCC[C@@]2(c2c(C1)cc(C(C)C)c(c2O)O)C,default,5.3491,success,-7.53,,success,0.363425,316.44,5.06,3,3,60.69,1,1,-9.61,success
"6,11,12,16-tetrahydroxy-5,8,11,13-abietatetra-en-7-one",OCC(c1cc2C(=O)C(=C3[C@@](c2c(c1O)O)(C)CCCC3(C)C)O)C,default,5.5383,success,-9.06,,success,0.43019166666666664,346.42,3.67,4,5,97.99,2,0,-9.82,success
uncinatone,C[C@H]1Cc2c(O1)c(O)c1c(c2O)C(=O)C=C2[C@]1(C)CCC(=C2C)C,default,5.9538,success,-11.48,,success,0.5454833333333333,326.39,3.93,2,4,66.76,0,0,-10.15,success
"11-hydroxy-8,11,13-abietatriene-12-O-beta-xylopyranoside",O[C@@H]1COC([C@@H]([C@H]1O)O)Oc1c(cc2c(c1O)[C@@]1(C)CCCC([C@@H]1CC2)(C)C)C(C)C,default,6.4601,success,-8.59,,success,0.4913416666666667,434.57,3.36,4,6,99.38,3,0,-9.48,success
ursolic acid methyl ester,COC(=O)[C@]12CC[C@H]([C@@H]([C@H]1C1=CC[C@H]3[C@@]([C@@]1(CC2)C)(C)CC[C@@H]1[C@]3(C)CC[C@@H](C1(C)C)O)C)C,default,4.8685,success,-6.85,,success,0.30070833333333336,470.74,7.18,1,3,46.53,1,1,-8.07,success
vebenaline,OC[C@H]1O[C@@H](O[C@@H]2OC=C([C@@H]3[C@H]2[C@@H](C)CC3=O)C(=O)OC)[C@@H]([C@H]([C@@H]1O)O)O,default,5.6994,success,-4.51,,success,0.29194999999999993,388.37,-1.94,4,10,151.98,4,0,-7.73,success
(+)-1-hydroxypinoresinol,COc1cc(ccc1O)C1OCC2(C1COC2c1ccc(c(c1)OC)O)O,default,5.181,success,-10.7,,success,0.4550833333333333,374.39,2.31,3,7,97.61,4,0,-9.91,success
(+)-lariciresinol,OC[C@H]1[C@H](CO[C@@H]1c1ccc(c(c1)OC)O)Cc1ccc(c(c1)OC)O,default,6.0375,success,-10.1,,success,0.5064583333333333,360.41,2.65,3,6,88.38,6,0,-9.91,success
(-)-seco-isolariciresinol,COc1cc(ccc1OC(=O)C)C[C@H]([C@@H](Cc1ccc(c(c1)OC)OC(=O)C)COC(=O)C)COC(=O)C,default,4.7918,success,-7.59,,success,0.31898333333333334,530.57,3.7,0,10,123.66,13,1,-7.35,success
limonene oxide,CC(=C)[C@@H]1CCC2(C(C1)O2)C,default,4.8126,success,-4.99,,success,0.23404999999999998,152.24,2.52,0,1,12.53,1,0,-9.92,success
verbenone,CC1=CC(=O)C2CC1C2(C)C,default,4.7442,success,-4.86,,success,0.2240166666666667,150.22,2.18,0,1,17.07,0,0,-10.03,success
glutenol,O[C@H]1CC[C@@H]2C(=CCC3[C@@]2(C)CC[C@@]2([C@]3(C)CC[C@@]3(C2CC(C)(C)CC3)C)C)C1(C)C,default,4.828,success,-5.14,,success,0.24033333333333334,426.73,8.17,1,1,20.23,0,1,-8.58,success
"13,17-dihydroxy-labda-8,14-diene-17-O-xylopyranoside",C=C[C@@H](CCC1=C(CC[C@H]2[C@@]1(C)CCCC2(C)C)[C@@H](C[C@H]1OC[C@H]([C@@H]([C@H]1O)O)O)O)O,default,6.1194,success,-7.91,,success,0.4402833333333333,438.61,2.47,5,6,110.38,7,0,-8.76,success
"13,17-dihydroxy-labda-8,14-diene-17-O-xylopyranoside",C=C[C@@H](CCC1=C(CC[C@H]2[C@@]1(C)CCCC2(C)C)[C@H](C[C@H]1OC[C@H]([C@@H]([C@H]1O)O)O)O)O,default,6.1194,success,-7.55,,success,0.4282833333333333,438.61,2.47,5,6,110.38,7,0,-8.76,success
"13,17-dihydroxy-labda-8,14-diene-17-O-xylopyranoside",C=C[C@@H](CCC1=C(CC[C@@H]2[C@@]1(C)CCCC2(C)C)[C@H](C[C@H]1OC[C@H]([C@@H]([C@H]1O)O)O)O)O,default,6.1194,success,-7.64,,success,0.4312833333333333,438.61,2.47,5,6,110.38,7,0,-8.76,success
"13,17-dihydroxy-labda-8,14-diene-17-O-xylopyranoside",C=C[C@H](CCC1=C(CC[C@@H]2[C@@]1(C)CCCC2(C)C)[C@H](C[C@H]1OC[C@H]([C@@H]([C@H]1O)O)O)O)O,default,6.1194,success,-8.26,,success,0.45194999999999996,438.61,2.47,5,6,110.38,7,0,-8.76,success
"13,17-dihydroxy-labda-8,14-diene-17-O-xylopyranoside",C=C[C@H](CCC1=C(CC[C@H]2[C@@]1(C)CCCC2(C)C)[C@@H](C[C@H]1OC[C@H]([C@@H]([C@H]1O)O)O)O)O,default,6.1194,success,-7.92,,success,0.44061666666666666,438.61,2.47,5,6,110.38,7,0,-8.76,success
"13,17-dihydroxy-labda-8,14-diene-17-O-xylopyranoside",C=C[C@H](CCC1=C(CC[C@@H]2[C@@]1(C)CCCC2(C)C)[C@@H](C[C@H]1OC[C@H]([C@@H]([C@H]1O)O)O)O)O,default,6.1194,success,-8.4,,success,0.45661666666666667,438.61,2.47,5,6,110.38,7,0,-8.76,success
"13,17-dihydroxy-labda-8,14-diene-17-O-xylopyranoside",C=C[C@H](CCC1=C(CC[C@H]2[C@@]1(C)CCCC2(C)C)[C@H](C[C@H]1OC[C@H]([C@@H]([C@H]1O)O)O)O)O,default,6.1194,success,-7.78,,success,0.43595,438.61,2.47,5,6,110.38,7,0,-8.76,success
"13,17-dihydroxy-labda-8,14-diene-17-O-xylopyranoside",C=C[C@@H](CCC1=C(CC[C@@H]2[C@@]1(C)CCCC2(C)C)[C@@H](C[C@H]1OC[C@H]([C@@H]([C@H]1O)O)O)O)O,default,6.1194,success,-8.33,,success,0.4542833333333333,438.61,2.47,5,6,110.38,7,0,-8.76,success
"13-acetoxy-17-hydroxy-labda-8,14-diene-17-O-(xylopyranoside triacetate)",C=C[C@H](OC(=O)C)CCC1=C(CC[C@H]2[C@@]1(C)CCCC2(C)C)[C@@H](C[C@H]1OC[C@H]([C@@H]([C@H]1O)O)O)O,default,6.3383,success,-8.09,,success,0.464525,480.64,3.04,4,7,116.45,8,0,-8.14,success
"13-acetoxy-17-hydroxy-labda-8,14-diene-17-O-(xylopyranoside triacetate)",C=C[C@H](OC(=O)C)CCC1=C(CC[C@H]2[C@@]1(C)CCCC2(C)C)[C@H](C[C@H]1OC[C@H]([C@@H]([C@H]1O)O)O)O,default,6.3383,success,-8.13,,success,0.4658583333333334,480.64,3.04,4,7,116.45,8,0,-8.14,success
"13-acetoxy-17-hydroxy-labda-8,14-diene-17-O-(xylopyranoside triacetate)",C=C[C@H](OC(=O)C)CCC1=C(CC[C@@H]2[C@@]1(C)CCCC2(C)C)[C@H](C[C@H]1OC[C@H]([C@@H]([C@H]1O)O)O)O,default,6.3383,success,-8.25,,success,0.4698583333333334,480.64,3.04,4,7,116.45,8,0,-8.14,success
"13-acetoxy-17-hydroxy-labda-8,14-diene-17-O-(xylopyranoside triacetate)",C=C[C@@H](OC(=O)C)CCC1=C(CC[C@@H]2[C@@]1(C)CCCC2(C)C)[C@H](C[C@H]1OC[C@H]([C@@H]([C@H]1O)O)O)O,default,6.3383,success,-7.86,,success,0.45685833333333337,480.64,3.04,4,7,116.45,8,0,-8.14,success
"13-acetoxy-17-hydroxy-labda-8,14-diene-17-O-(xylopyranoside triacetate)",C=C[C@@H](OC(=O)C)CCC1=C(CC[C@H]2[C@@]1(C)CCCC2(C)C)[C@@H](C[C@H]1OC[C@H]([C@@H]([C@H]1O)O)O)O,default,6.3383,success,-7.97,,success,0.460525,480.64,3.04,4,7,116.45,8,0,-8.14,success
"13-acetoxy-17-hydroxy-labda-8,14-diene-17-O-(xylopyranoside triacetate)",C=C[C@@H](OC(=O)C)CCC1=C(CC[C@@H]2[C@@]1(C)CCCC2(C)C)[C@@H](C[C@H]1OC[C@H]([C@@H]([C@H]1O)O)O)O,default,6.3383,success,-7.84,,success,0.45619166666666666,480.64,3.04,4,7,116.45,8,0,-8.14,success
"13-acetoxy-17-hydroxy-labda-8,14-diene-17-O-(xylopyranoside triacetate)",C=C[C@@H](OC(=O)C)CCC1=C(CC[C@H]2[C@@]1(C)CCCC2(C)C)[C@H](C[C@H]1OC[C@H]([C@@H]([C@H]1O)O)O)O,default,6.3383,success,-8.26,,success,0.4701916666666667,480.64,3.04,4,7,116.45,8,0,-8.14,success
"13-acetoxy-17-hydroxy-labda-8,14-diene-17-O-(xylopyranoside triacetate)",C=C[C@H](OC(=O)C)CCC1=C(CC[C@@H]2[C@@]1(C)CCCC2(C)C)[C@@H](C[C@H]1OC[C@H]([C@@H]([C@H]1O)O)O)O,default,6.3383,success,-8.38,,success,0.47419166666666673,480.64,3.04,4,7,116.45,8,0,-8.14,success
"5-allyl-1,2,3-trimethoxybenzene",C=CCc1cc(OC)c(c(c1)OC)OC,default,4.6012,success,-7.64,,success,0.3047666666666667,208.26,2.44,0,3,27.69,5,0,-10.25,success
isoliquiritigenin,Oc1ccc(cc1)/C=C/C(=O)c1ccc(cc1O)O,default,5.1129,success,-10.89,,success,0.4557416666666667,256.26,2.7,3,4,77.76,3,0,-9.82,success
maximaisoflavone-G,COc1cc2OCOc2cc1c1coc2c(c1=O)ccc(c2)O,default,5.0495,success,-10.77,,success,0.44645833333333335,312.28,2.9,1,6,78.13,2,0,-10.1,success
schliebenin A,COc1ccc2c(c1CC(C(O)(C)C)O)O[C@@H]1[C@H]2COc2c1ccc(c2)O,default,5.9895,success,-10.61,,success,0.5194583333333332,372.42,2.68,3,6,88.38,4,0,-9.99,success
tetramethylormocarpin,OC[C@H]1OC(Oc2cc(C)c3c(c2)O[C@@H]([C@H](C3=O)[C@@H]2[C@H](Oc3c(C2=O)c(C)cc(c3)OC2O[C@H](CO)[C@H]([C@@H]([C@H]2O)O)O)c2ccc(cc2)C)c2ccc(cc2)C)[C@@H]([C@H]([C@@H]1O)O)O,default,6.7354,success,-1.85,,success,0.2896166666666667,858.89,1.84,8,16,251.36,9,3,-5.98,success
dodecacetylormocarpin,OC[C@H]1OC(Oc2cc3O[C@H](c4ccc(cc4)OC(=O)C)[C@H](C(=O)c3c(c2)OC(=O)C)[C@@H]2[C@H](Oc3c(C2=O)c(OC(=O)C)cc(c3)OC2O[C@H](COC(=O)C)[C@H]([C@@H]([C@H]2OC(=O)C)OC(=O)C)OC(=O)C)c2ccc(cc2)OC(=O)C)[C@@H]([C@H]([C@@H]1O)O)O,default,6.8677,success,-2.2,,success,0.31230833333333335,1203.07,2.59,4,28,380.84,17,2,-5.94,success
chamaejasmin,Oc1ccc(cc1)C1Oc2cc(O)cc(c2C(=O)C1C1C(Oc2c(C1=O)c(O)cc(c2)O)c1ccc(cc1)O)O,default,5.8157,success,-4.78,,success,0.31064166666666665,542.5,4.49,6,10,173.98,3,2,-7.02,success
"4',4''',5,5''-tetramethylchamaejasmin",COc1ccc(cc1)[C@H]1Oc2cc(O)cc(c2C(=O)[C@@H]1[C@@H]1[C@H](Oc2c(C1=O)c(OC)cc(c2)O)c1ccc(cc1)OC)OC,default,5.4536,success,-2.61,,success,0.2081333333333333,598.6,5.7,2,10,129.98,7,2,-6.57,success
hexamethylchamaejasmin,COc1ccc(cc1)[C@H]1Oc2cc(OC)cc(c2C(=O)[C@@H]1[C@@H]1[C@H](Oc2c(C1=O)c(OC)cc(c2)OC)c1ccc(cc1)OC)OC,default,5.4137,success,-0.1,,success,0.12114166666666669,626.66,6.3,0,10,107.98,9,2,-6.21,success
"7,7''-diacetyl-4',4''',5,5''-tetramethylchamaejasmin",COc1ccc(cc1)[C@H]1Oc2cc(OC(=O)C)cc(c2C(=O)[C@@H]1[C@@H]1[C@H](Oc2c(C1=O)c(OC)cc(c2)OC(=O)C)c1ccc(cc1)OC)OC,default,5.5533,success,0.96,,success,0.12944166666666668,682.68,6.14,0,12,142.12,9,3,-5.35,success
di-podocarpanoid hugonone A,O=C1[C@@H]2C3=C([C@@H](C1(C)O)[C@H]1[C@@]42CC[C@H]2[C@@](C4=CC(=O)[C@@]1(C)O)(C)CC[C@@H](C2(C)C)O)CC[C@H]1[C@@]3(C)CC[C@@H](C1(C)C)O,default,5.7013,success,,,failed,0.28354999999999997,580.81,4.92,4,6,115.06,0,1,-7.81,success
16-oxo-28-hydroxyolean-12-ene 3-O-beta-glucopyranosyl-(1''â†’6')-beta-glucopyranoside,OC[C@H]1OC(OC[C@H]2OC(O[C@H]3CC[C@]4(C(C3(C)C)CC[C@@]3(C4CC=C4[C@@]3(C)CC(=O)[C@@]3(C4CC(C)(C)CC3)CO)C)C)[C@@H]([C@H]([C@@H]2O)O)O)[C@@H]([C@H]([C@@H]1O)O)O,default,6.3593,success,-2.18,,success,0.26927500000000004,780.99,1.97,8,13,215.83,7,3,-6.2,success
"16alpha,28-dihydroxyolean-12-ene 3-O-beta-[(6''-O-galloylglucopyranosyl-(1''â†’2')][beta-glucopyranosyl-(1'''â†’6')]-beta-glucopyranoside",OC[C@H]1OC(OC[C@H]2OC(O[C@H]3CC[C@]4(C(C3(C)C)CC[C@@]3(C4CC=C4[C@@]3(C)CC([C@@]3(C4CC(C)(C)CC3)CO)O)C)C)[C@@H]([C@H]([C@@H]2O)O)OC2O[C@@H]([C@H]([C@@H]([C@H]2O)O)O)C(C(=O)c2cc(O)c(c(c2)O)O)O)[C@@H]([C@H]([C@@H]1O)O)O,default,6.8826,success,-0.85,,success,0.26855,1097.26,-0.05,15,22,375.9,12,3,-5.41,success
"16alpha,22alpha,28-trihydroxyolean-12-ene 3-O-[beta-glucopyranosyl-(1''â†’2')][alpha-rhamnopyranosyl-(1'''â†’6']-beta -glucopyranoside",OC[C@H]1OC(O[C@H]2C(O[C@@H]([C@H]([C@@H]2O)O)COC2O[C@H](C)[C@H]([C@@H]([C@@H]2O)O)O)O[C@H]2CC[C@]3(C(C2(C)C)CC[C@@]2(C3CC=C3[C@@]2(C)CC([C@@]2(C3CC(C)(C)C[C@@H]2O)CO)O)C)C)[C@@H]([C@H]([C@@H]1O)O)O,default,6.597,success,-0.33,,success,0.2274166666666667,945.15,-0.42,12,18,298.14,9,3,-5.35,success
22alpha-acetyl-16alpha-hydroxyolean-12-en-28-al 3-O-[alpha-rhamnopyranosyl-(1''''â†’6''')-beta-glucopyranosyl-(1'''â†’3')] [beta-glucopyranosyl-(1''â†’2')]-beta-arabinopyranoside,OC[C@@H]1OC(O[C@@H]2C(OC[C@H]([C@H]2OC2O[C@H](COC3O[C@H](C)[C@H]([C@@H]([C@@H]3O)O)O)[C@H]([C@@H]([C@H]2O)O)O)O)O[C@H]2CC[C@]3(C(C2(C)C)CC[C@@]2(C3CC=C3[C@@]2(C)CC([C@@]2(C3CC(C)(C)C[C@@H]2OC(=O)C)C=O)O)C)C)[C@H]([C@@H]([C@H]1O)O)O,default,6.8971,success,-0.49,,success,0.2577583333333333,1117.29,-1.18,12,23,359.97,12,3,-4.88,success
"22alpha-acetyl-16alpha,21beta-dihydroxyoleanane-13beta:28-olide 3-O-[beta-glucopyranosyl-(1'''â†’6')][6''-O-coumaroylglucopyranosyl-(1''â†’2')]-beta-glucopyranoside",OC[C@H]1OC(OC[C@H]2OC(O[C@H]3CC[C@]4(C(C3(C)C)CC[C@@]3(C4CC[C@@]45[C@@]3(C)CC([C@@]3(C4CC(C)(C)[C@H]([C@@H]3OC(=O)C)O)C(=O)O5)O)C)C)[C@@H]([C@H]([C@@H]2O)O)OC2O[C@H](COC(=O)/C=C/c3ccc(cc3)O)[C@H]([C@@H]([C@H]2O)O)O)[C@@H]([C@H]([C@@H]1O)O)O,default,7.037,success,-0.88,,success,0.28241666666666665,1179.31,-0.17,12,24,377.04,13,3,-5.41,success
"16alpha,22alpha-diacetyl-21beta-angeloyloleanane-13beta:28-olide 3beta-O-[beta-glucopyranosyl-(1''â†’2')][beta-glucopyranosyl-(1'''â†’4')]-beta-glucopyranoside",OC[C@H]1OC(O[C@H]2CC[C@]3(C(C2(C)C)CC[C@@]2(C3CC[C@@]34[C@@]2(C)CC([C@@]2(C3CC(C)(C)[C@H]([C@@H]2OC(=O)C)OC(=O)/C(=C/C)/C)C(=O)O4)OC(=C)C)C)C)[C@@H]([C@H]([C@@H]1OC1O[C@H](CO)[C@H]([C@@H]([C@H]1O)O)O)O)OC1O[C@H](CO)[C@H]([C@@H]([C@H]1O)O)O,default,6.8831,success,-0.16,,success,0.24559166666666665,1155.34,0.94,10,23,345.81,14,3,-5.37,success
"16alpha,22alpha,28-trihydroxy-21beta-angeloyloleanan-12-ene 3beta-O-[alpha-rhamnopyranosyl-(1'''â†’6'')][beta-glucopyranosyl-(1''â†’2')]-beta-xylopyranoside",C/C=C(/C(=O)O[C@H]1[C@H](O)[C@]2(CO)C(O)C[C@@]3(C(=CCC4[C@@]3(C)CCC3[C@]4(C)CC[C@@H](C3(C)C)OC3OC[C@H]([C@@H]([C@H]3OC3O[C@H](COC4O[C@H](C)[C@H]([C@@H]([C@@H]4O)O)O)[C@H]([C@@H]([C@H]3O)O)O)O)O)C2CC1(C)C)C)\C,default,6.9841,success,0.5,,success,0.24867499999999998,1013.23,0.71,11,19,304.21,10,3,-5.55,success
"16alpha,28-dihydroxy-22alpha-acetyl-21beta-angeloylolean-12-ene 3-O-[beta-galactopyranosyl-(1''â†’2')][alpha-rhamnopyranosyl-(1'''â†’4')]-alpha-arabinopyranoside",OC[C@@H]1OC(O[C@@H]2C(OC[C@H]([C@H]2O)OC2O[C@H](C)[C@H]([C@@H]([C@@H]2O)O)O)O[C@H]2CC[C@]3(C(C2(C)C)CC[C@@]2(C3CC=C3[C@@]2(C)CC([C@@]2(C3CC(C)(C)[C@H]([C@@H]2OC(=O)C)OC(=O)/C(=C/C)/C)CO)O)C)C)[C@H]([C@@H]([C@@H]1O)O)O,default,6.9694,success,-1.75,,success,0.30578333333333335,1055.26,1.28,10,20,310.28,11,3,-5.46,success
myricetin 3-O-alpha-rhamnopyranosyl-(1''â†’3')-beta-glucopyranoside,OC[C@H]1OC(Oc2c(oc3c(c2=O)c(O)cc(c3)O)c2cc(O)c(c(c2)O)O)[C@@H]([C@H]([C@@H]1O)OC1O[C@H](C)[C@H]([C@@H]([C@@H]1O)O)O)O,default,6.5301,success,-0.71,,success,0.23450833333333335,626.52,-1.98,11,17,289.66,6,3,-5.93,success
quercetin 3-galactosyl (1â†’2)rhamnoside,OC[C@H]1OC(O[C@@H]2C(O[C@@H]([C@H]([C@@H]2O)O)C)Oc2c(oc3c(c2=O)c(O)cc(c3)O)c2ccc(c(c2)O)O)[C@@H]([C@H]([C@H]1O)O)O,default,6.712,success,-0.96,,success,0.258,610.52,-1.69,10,16,269.43,6,3,-6.06,success
isorhamnetin 3-O-beta-galactoysyl (1â†’4)-beta-galactoside,OC[C@H]1OC(Oc2c(oc3c(c2=O)c(O)cc(c3)O)c2ccc(c(c2)OC)O)[C@H]([C@H]([C@@H]1OC1O[C@H](CO)[C@@H]([C@@H]([C@H]1O)O)O)O)O,default,6.471,success,-1.04,,success,0.24058333333333332,640.55,-2.41,10,17,278.66,8,3,-5.57,success
quercetin 3-O-[alpha-rhamnosyl (1â†’2)][alpha-rhamnosyl (1â†’4)]-alpha-rhamnoside,Oc1cc(O)c2c(c1)oc(c(c2=O)OC1O[C@H](C)[C@H]([C@@H]([C@@H]1OC1O[C@H](C)[C@H]([C@@H]([C@@H]1O)O)O)O)OC1O[C@H](C)[C@H]([C@@H]([C@@H]1O)O)O)c1ccc(c(c1)O)O,default,6.5314,success,-0.52,,success,0.2282833333333333,740.66,-1.81,11,19,308.12,7,3,-5.59,success
quercetin 3-glucosyl (1'''â†’4'')rhamnoside-7-rhamnosyl (1'''â†’6'''') glucoside,OC[C@H]1OC(Oc2cc(O)c3c(c2)oc(c(c3=O)OC2O[C@H](OC3O[C@H](CO)[C@H]([C@@H]([C@H]3O)O)O)[C@H]([C@@H]([C@@H]2O)O)O)c2ccc(c(c2)O)O)[C@@H]([C@H]([C@@H]1OC1O[C@H](C)[C@H]([C@@H]([C@@H]1O)O)O)O)O,default,6.8847,success,-0.99,,success,0.27339166666666664,920.78,-6.43,16,26,427.73,11,3,-4.86,success
quercetin 8-C-alpha-beta-rhamnosyl(1â†’2)glucoside,OC[C@H]1OC(O[C@@H]2C(O[C@@H]([C@H]([C@@H]2O)O)C)Oc2ccc(c3c2oc(c2ccc(c(c2)O)O)c(c3=O)O)O)[C@@H]([C@H]([C@@H]1O)O)O,default,6.9083,success,-1.16,,success,0.28102499999999997,610.52,-1.69,10,16,269.43,6,3,-6.09,success
Delta5-stigmasterol-3-O-beta-D-glucopyranoside,CC[C@@H](C(C)C)/C=C/[C@H]([C@H]1CC[C@@H]2[C@]1(C)CC[C@H]1[C@H]2CC=C2[C@]1(C)CC[C@@H](C2)O[C@H]1O[C@H](CO)[C@H]([C@@H]([C@H]1O)O)O)C,default,6.3548,success,-2.27,,success,0.27190000000000003,574.84,5.63,4,6,99.38,8,2,-6.82,success
"(6',7'-dihydro-8',9'-dihydroxy)-3-farnesindole",C/C(=C\Cc1c[nH]c2c1cccc2)/CCCC(C(C(C=C(C)C)O)O)C,default,5.8067,success,-7.39,,success,0.39689166666666664,355.52,5.15,3,2,56.25,9,1,-8.79,success
embelinone,O=C1C[C@@]2(C)[C@]3(C)CC[C@@H]4[C@]([C@H]3CC[C@@]32[C@H]2[C@]1(CO3)CCC(C2)(C)C)(C)CCC(=O)C4(C)C,default,5.6437,success,-5.57,,success,0.32264166666666666,454.7,6.77,0,3,43.37,0,1,-8.44,success
aegicerin,O[C@H]1CC[C@]2([C@H](C1(C)C)CC[C@@]1([C@@H]2CC[C@@]23[C@@]1(C)CC(=O)[C@@]1([C@H]2CC(C)(C)CC1)CO3)C)C,default,5.4121,success,-6.88,,success,0.3470083333333333,456.71,6.56,1,3,46.53,0,1,-8.54,success
protoprimulagenin A,O[C@@H]1C[C@@]2(C)[C@]3(C)CC[C@@H]4[C@]([C@H]3CC[C@@]32[C@H]2[C@]1(CO3)CCC(C2)(C)C)(C)CC[C@@H](C4(C)C)O,default,5.3391,success,-6.77,,success,0.3372583333333333,458.73,6.35,2,3,49.69,0,1,-8.57,success
schimperinone,OC[C@]12CCC(C[C@@]1(C)C1=CC[C@]3([C@@]([C@@]1(CC2=O)C)(C)CC[C@@H]1[C@]3(C)CC[C@@H](C1(C)C)C)C)(C)C,default,5.7636,success,-6.29,,success,0.35663333333333336,482.79,8.38,1,2,37.3,1,1,-8.08,success
primulagenin A,OC[C@]12CCC(C[C@H]1C1=CC[C@H]3[C@@]([C@@]1(C[C@H]2O)C)(C)CC[C@@H]1[C@]3(C)CC[C@@H](C1(C)C)O)(C)C,default,5.3173,success,-6.26,,success,0.3184416666666667,458.73,6.11,3,3,60.69,1,1,-8.42,success
"3beta,16alpha-di-O-acetyl-13beta,28-epoxyoleanane",CC(=O)O[C@H]1CC[C@]2([C@H](C1(C)C)CC[C@@]1([C@@H]2CC[C@@]23[C@@]1(C)C[C@H]([C@@]1([C@H]2CC(C)(C)CC1)CO3)OC(=O)C)C)C,default,5.0874,success,-4.91,,success,0.2542833333333333,542.8,7.49,0,5,61.83,2,2,-7.34,success
"3beta-acetyl-16-oxo-13beta,28-epoxyoleanane",CC(=O)O[C@H]1CC[C@]2([C@H](C1(C)C)CC[C@@]1([C@@H]2CC[C@@]23[C@@]1(C)CC(=O)[C@@]1([C@H]2CC(C)(C)CC1)CO3)C)C,default,5.1902,success,-5.73,,success,0.29018333333333335,498.75,7.13,0,4,52.6,1,1,-7.92,success
"3beta-acetyl-16alpha-hydroxy-13beta,28-epoxyoleanane",CC(=O)O[C@H]1CC[C@]2([C@H](C1(C)C)CC[C@@]1([C@@H]2CC[C@@]23[C@@]1(C)C[C@H]([C@@]1([C@H]2CC(C)(C)CC1)CO3)O)C)C,default,5.202,success,-6.97,,success,0.3325,500.76,6.92,1,4,55.76,1,2,-7.89,success
"3beta-acetyl-16alpha-hydroxyoleanane-13beta,28-olide",CC(=O)O[C@H]1CC[C@]2([C@H](C1(C)C)CC[C@@]1([C@@H]2CC[C@@]23[C@@]1(C)C[C@H]([C@@]1([C@H]2CC(C)(C)CC1)C(=O)O3)O)C)C,default,5.4001,success,-6.3,,success,0.326675,514.75,6.45,1,5,72.83,1,2,-7.79,success
3beta-acetyl-28-hydroxy-16-oxo-12-oleanene,OC[C@]12CCC(C[C@H]1[C@@]1([C@](CC2=O)(C)[C@]2(C)CC[C@@H]3[C@]([C@H]2CC1)(C)CC[C@@H](C3(C)C)OC(=O)C)C)(C)C,default,4.9388,success,-5.85,,success,0.2732333333333333,514.79,7.36,1,4,63.6,2,2,-7.49,success
"3beta,28-di-O-acetyl-16alpha-hydroxy-12-oleanene",CC(=O)OC[C@]12CCC(C[C@H]1[C@@]1([C@](C[C@H]2O)(C)[C@]2(C)CC[C@@H]3[C@]([C@H]2CC1)(C)CC[C@@H](C3(C)C)OC(=O)C)C)(C)C,default,5.0341,success,-3.73,,success,0.2105083333333333,558.84,7.72,1,5,72.83,3,2,-7.14,success
"3beta-acetyl-11alpha,28-dihydroxy-16-oxo-12-oleanene",OC[C@]12CCC(C[C@H]1[C@@]1([C@](CC2=O)(C)[C@]2(C)CC[C@@H]3[C@](C2[C@@H](C1)O)(C)CC[C@@H](C3(C)C)OC(=O)C)C)(C)C,default,5.4396,success,-6.5,,success,0.3366333333333334,530.79,6.33,2,5,83.83,2,2,-7.55,success
"3beta,11alpha,16alpha,28-tetrahydroxy-12-oleanene",OC[C@]12CCC(C[C@H]1[C@@]1([C@](C[C@H]2O)(C)[C@]2(C)CC[C@@H]3[C@](C2[C@@H](C1)O)(C)CC[C@@H](C3(C)C)O)C)(C)C,default,5.4619,success,-4.54,,success,0.27315833333333334,490.77,5.55,4,4,80.92,1,1,-8.23,success
"3beta-acetyl-16alpha,28alpha-dihydroxy-13beta,28-oxydooleanane",CC(=O)O[C@H]1CC[C@]2([C@H](C1(C)C)CC[C@@]1([C@@H]2CC[C@@]23[C@@]1(C)C[C@H]([C@@]1([C@H]2CC(C)(C)CC1)[C@@H](O3)O)O)C)C,default,5.336,success,-5.99,,success,0.31100000000000005,516.76,6.24,2,5,75.99,1,2,-7.75,success
"3beta,28alpha-dihydroxy-16-oxo-13beta,28-oxydooleanane",O[C@H]1CC[C@]2([C@H](C1(C)C)CC[C@@]1([C@@H]2CC[C@@]23[C@@]1(C)CC(=O)[C@@]1([C@H]2CC(C)(C)CC1)[C@@H](O3)O)C)C,default,5.5599,success,-6.01,,success,0.330325,472.71,5.88,2,4,66.76,0,1,-8.49,success
"3beta,28-dihydroxy-16-oxo-12-oleanene",OC[C@]12CCC(C[C@H]1[C@@]1([C@](CC2=O)(C)[C@]2(C)CC[C@@H]3[C@]([C@H]2CC1)(C)CC[C@@H](C3(C)C)O)C)(C)C,default,5.1117,success,-5.53,,success,0.276975,472.75,6.79,2,3,57.53,1,1,-8.24,success
taraxerone,O=C1CC[C@]2([C@H](C1(C)C)CC[C@@]1([C@@H]2CC[C@@]2(C1=CC[C@@]1([C@H]2CC(C)(C)CC1)C)C)C)C,default,5.6101,success,-3.77,,success,0.2598416666666667,424.71,8.38,0,1,17.07,0,1,-8.6,success
taraxerol,O[C@H]1CC[C@]2([C@H](C1(C)C)CC[C@@]1([C@@H]2CC[C@@]2(C1=CC[C@@]1([C@H]2CC(C)(C)CC1)C)C)C)C,default,5.2434,success,-5.96,,success,0.30228333333333335,426.73,8.17,1,1,20.23,0,1,-8.64,success
methylanhydrovilangin,CCCCCCCCCCCC1=C(O)C(=O)C2=C(C1=O)OC1=C(C2C)C(=O)C(=C(C1=O)CCCCCCCCCCC)O,default,5.4242,success,-3.31,,success,0.22901666666666665,596.81,8.93,2,7,117.97,20,2,-5.53,success
"2,5-dihydroxy-3-(nonadec-14-enyl)-1,4-benzoquinone",CCCC/C=C/CCCCCCCCCCCCCC1=C(O)C(=O)C=C(C1=O)O,default,5.0481,success,-5.57,,success,0.2730083333333333,404.59,7.21,2,4,74.6,17,1,-7.08,success
lanciaquinone,O=C1C(=CC(=O)C(=C1CCCCCCCCCCCCCCC1=C(O)C(=CC(=O)C1=O)C)O)O,default,5.2483,success,-5.81,,success,0.2976916666666667,472.58,5.76,3,7,128.97,15,1,-6.5,success
maesaquinone,CCCC/C=C/CCCCCCCCCCCCCC1=C(O)C(=O)C(=C(C1=O)O)C,default,5.2012,success,-6.14,,success,0.3047666666666667,418.62,7.6,2,4,74.6,17,1,-6.91,success
"5,7,4'-trihydroxy-8-(3""'-methylbut-2""'-enyl)-6-(2""-hydroxy-3""-methylbut-3""enyl) isoflavone",CC(=CCc1c(O)c(CC(C(=C)C)O)c(c2c1occ(c2=O)c1ccc(cc1)O)O)C,default,6.4711,success,-6.64,,success,0.4272583333333333,422.48,4.57,4,6,111.13,6,0,-8.53,success
"5,7,2'-trihydroxy-4'-methoxy-5'-(3""-methylbut-2""-enyl)isoflavanone",COc1cc(O)c(cc1CC=C(C)C)C1COc2c(C1=O)c(O)cc(c2)O,default,5.9171,success,-10.06,,success,0.4950916666666667,370.4,3.68,3,6,96.22,4,0,-9.66,success
"5,4'-dihydroxy-6-(3""'-methylbut-2""'-enyl)-2""-hydroxyisopropyl dihydrofurano [4"",5"":8,7] isoflavone",CCC(C(O)(C)C)Oc1c2OCC(C(=O)c2c(c(c1OC(C(O)(C)C)CC)CC=C(C)C)O)c1ccc(c(c1)CC=C(C)C)O,default,6.4941,success,-1.59,,success,0.2608416666666667,624.82,7.33,4,8,125.68,13,2,-5.77,success
alpinumisoflavone,Oc1ccc(cc1)c1coc2c(c1=O)c(O)c1c(c2)OC(C=C1)(C)C,default,5.9735,success,-10.98,,success,0.5304583333333333,336.34,4.06,2,5,79.9,1,0,-9.9,success
D:B-friedoolean-5-en-3beta-ol,O[C@H]1CC[C@@H]2C(=CC[C@H]3[C@@]2(C)CC[C@@]2([C@]3(C)CC[C@@]3([C@H]2CC(C)(C)CC3)C)C)C1(C)C,default,4.828,success,-5.67,,success,0.258,426.73,8.17,1,1,20.23,0,1,-8.58,success
3-farnesylindole,C/C(=C\CC1CNc2c1cccc2)/CC/C=C(/CCC=C(C)C)\C,default,5.2326,success,-5.43,,success,0.2837166666666666,323.52,7.01,1,1,12.03,8,1,-8.71,success
"2'-hydroxy-3',4',6'-trimethoxychalcone",COc1cc(OC)c(c(c1C(=O)/C=C/c1ccccc1)O)OC,default,4.7638,success,-10.16,,success,0.40231666666666666,314.34,3.31,1,5,64.99,6,0,-9.75,success
"2,5-dihydroxy-3-methyl-1,4-benzoquinone",O=C1C=C(O)C(=O)C(=C1O)C,default,4.5849,success,-5.28,,success,0.2247416666666667,154.12,0.41,2,4,74.6,0,0,-9.19,success
embelin,CCCCCCCCCCCC1=C(O)C(=O)C=C(C1=O)O,default,4.8604,success,-7.0,,success,0.3050333333333334,294.39,4.31,2,4,74.6,10,0,-8.64,success
englerin A,OCC(=O)O[C@@H]1C[C@@]2(O[C@@]1(C)[C@@H]1CC[C@H]([C@H]1[C@@H]2OC(=O)/C=C/c1ccccc1)C)C(C)C,default,5.922,success,-9.63,,success,0.48116666666666663,442.55,3.77,1,6,82.06,6,0,-9.06,success
englerin B,O=C(O[C@@H]1[C@H]2[C@@H](C)CC[C@@H]2[C@]2(O[C@@]1(C[C@@H]2O)C(C)C)C)/C=C/c1ccccc1,default,5.7578,success,-8.7,,success,0.4364833333333333,384.52,4.22,1,4,55.76,4,0,-9.73,success
pachyrrhizine,COc1cc2OCOc2cc1c1cc2cc3ccoc3cc2oc1=O,default,5.0933,success,-10.25,,success,0.432775,336.3,3.94,0,6,71.04,2,0,-9.34,success
neotenone,COc1cc2OCOc2cc1C1COc2c(C1=O)cc1c(c2)occ1,default,5.4108,success,-9.9,,success,0.44756666666666667,338.32,3.53,0,6,67.13,2,0,-9.99,success
neorautanone,COc1cc(cc(c1OC)OC)C1COc2c(C1=O)cc1c(c2)occ1,default,5.0797,success,-10.31,,success,0.43364166666666665,354.36,3.82,0,6,67.13,4,0,-9.77,success
neoduline,C1Oc2c(O1)cc1c(c2)C2COc3c(C2O1)cc1c(c3)occ1,default,5.6655,success,-9.81,,success,0.46579166666666666,308.29,3.77,0,5,50.06,0,0,-10.08,success
nepseudin,COc1c(ccc(c1OC)OC)C1COc2c(C1=O)cc1c(c2)occ1,default,5.3405,success,-9.61,,success,0.4320416666666666,354.36,3.82,0,6,67.13,4,0,-9.77,success
4-methoxyneoduline,COc1c2OCC3C(c2cc2c1occ2)Oc1c3cc2c(c1)OCO2,default,5.9285,success,-10.41,,success,0.5077083333333333,338.32,3.78,0,6,59.29,1,0,-10.02,success
rapanone,CCCCCCCCCCCCCC1=C(O)C(=O)C=C(C1=O)O,default,4.8604,success,-6.18,,success,0.2777,322.44,5.09,2,4,74.6,12,1,-8.04,success
macrophyllin,C=CCC1=C[C@]2(OC)C(=O)C([C@@H]1O)[C@@H]([C@H]2C)c1cc(OC)c(c(c1)OC)OC,default,5.8926,success,-10.45,,success,0.50605,388.46,2.89,1,6,74.22,7,0,-9.66,success
acetylmaesaquinone,CCCC/C=C/CCCCCCCCCCCCCC1=C(OC(=O)C)C(=O)C(=C(C1=O)OC(=O)C)C,default,5.2028,success,-4.5,,success,0.2502333333333333,502.69,7.61,0,6,86.74,19,2,-6.12,success
kaurenoic acid,C=C1C[C@]23C[C@H]1CC[C@H]2[C@]1([C@H](CC3)[C@@](C)(CCC1)C(=O)O)C,default,5.3935,success,-6.53,,success,0.3337916666666667,302.46,5.04,1,1,37.3,1,1,-9.55,success
grandiflorenic acid,C=C1CC23CC1CC=C2[C@]1([C@H](CC3)[C@@](C)(CCC1)C(=O)O)C,default,5.4085,success,-8.42,,success,0.3980416666666667,300.44,4.96,1,1,37.3,1,0,-9.82,success
dependensin,COc1cc(OC)c2c(c1OC)O[C@@H]1[C@H]([C@@H]2/C=C/c2ccccc2)[C@H](Oc2c1c(OC)cc(c2OC)OC)c1ccccc1,default,5.7509,success,-2.89,,success,0.24224166666666663,596.68,7.42,0,8,73.84,9,2,-6.24,success
"5,7,8-trimethoxyflav-3-ene",COc1cc(OC)c2c(c1OC)OC(C=C2)c1ccccc1,default,4.9781,success,-9.51,,success,0.39850833333333335,298.34,3.86,0,4,36.92,4,0,-10.18,success
"2-hydroxy-3,4,6-trimethoxychalcone",COc1cc(OC)c(c(c1/C=C/C(=O)c1ccccc1)O)OC,default,4.6203,success,-11.0,,success,0.41835833333333333,314.34,3.31,1,5,64.99,6,0,-9.73,success
(-)-pipoxide,O=C(c1ccccc1)OC[C@]12OC1C=C[C@@H](C2O)OC(=O)c1ccccc1,default,5.0094,success,-10.83,,success,0.44511666666666666,366.37,2.14,1,6,85.36,5,0,-9.54,success
aloe-emodin acetate,CC(=O)OCc1cc(O)c2c(c1)C(=O)c1c(C2=O)c(O)ccc1,default,5.4249,success,-11.15,,success,0.4904083333333334,312.28,1.94,2,6,100.9,2,0,-9.85,success
"(ent)-2-oxokaur-16-en-18,19-diol",OCC1(CO)CC(=O)C[C@@]2([C@@H]1CC[C@]13[C@H]2CC[C@H](C1)C(=C)C3)C,default,5.5839,success,-9.63,,success,0.4529916666666667,318.46,3.1,2,3,57.53,2,0,-10.12,success
"(ent)-kaur-16-en-2alpha,18,19-triol",OCC1(CO)CC(O)C[C@@]2([C@@H]1CC[C@]13[C@H]2CC[C@H](C1)C(=C)C3)C,default,5.5812,success,-9.93,,success,0.46276666666666666,320.47,2.89,3,3,60.69,2,0,-10.11,success
"(ent)-16beta,17-dihydroxykauran-20-oic acid",OC[C@@]1(O)C[C@]23C[C@H]1CC[C@H]2[C@]1([C@H](CC3)C(C)(C)CCC1)CC(=O)O,default,5.4109,success,-9.89,,success,0.44724166666666665,350.5,3.6,3,3,77.76,3,0,-9.84,success
"2-oxotrachyloban-18,19-diol",OCC1(CO)CC(=O)C[C@@]2([C@@H]1CC[C@@]13[C@H]2CC2C(C1)[C@]2(C3)C)C,default,5.5641,success,-10.49,,success,0.48000833333333337,318.46,2.79,2,3,57.53,2,0,-10.28,success
"trachyloban-2beta,6beta,19-triol",OC[C@]1(C)CC(O)C[C@@]2([C@@H]1CC[C@@]13[C@H]2CC2C(C1)[C@]2(C3)C)C,default,5.4437,success,-10.38,,success,0.4663083333333333,304.47,3.61,2,2,40.46,1,0,-10.27,success
3-O-benzoylhosloppone,OC1=C2C(=CC=C3[C@]2(C)CC[C@@H](C3(C)C)OC(=O)c2ccccc2)C=C(C1=O)C(C)C,default,5.1916,success,-7.88,,success,0.36196666666666666,418.53,5.88,1,4,63.6,3,1,-8.86,success
3-O-cinnamoylhosloppone,O=C(O[C@H]1CC[C@]2(C(=CC=C3C2=C(O)C(=O)C(=C3)C(C)C)C1(C)C)C)/C=C/c1ccccc1,default,5.5083,success,-7.98,,success,0.39169166666666666,444.57,6.28,1,4,63.6,4,1,-8.36,success
3-O-benzoylhinokiol,O=C(c1ccccc1)O[C@H]1CC[C@]2([C@H](C1(C)C)CCc1c2cc(O)c(c1)C(C)C)C,default,5.443,success,-7.82,,success,0.3809166666666666,406.57,6.38,1,3,46.53,3,1,-8.89,success
3-O-benzoylhosloquinone,O=C(c1ccccc1)O[C@@H]1CC=C2[C@@](C1(C)C)(C)C=CC1=C2C(=O)C(=O)C(=C1)C(C)C,default,5.5659,success,-7.2,,success,0.37049166666666666,416.52,5.18,0,4,60.44,3,1,-8.82,success
hosloppone,OC1=C2C(=CC=C3[C@]2(C)CC[C@@H](C3(C)C)O)C=C(C1)C(C)C,default,5.1696,success,-7.58,,success,0.3501333333333333,300.44,4.84,2,2,40.46,1,0,-9.81,success
3beta-acetoxyfuerstione,CC(=O)O[C@H]1CC[C@]2(C(=CC=C3C2=C(O)C(=O)C(=C3)C(O)(C)C)C1(C)C)C,default,5.1616,success,-9.58,,success,0.41613333333333336,372.46,3.7,2,5,83.83,2,0,-9.62,success
knipholone cyclooxanthrone,COc1cc2O[C@H]3c4c(c2c(c1C(=O)C)O)c(C)cc(c4C(=O)c1c3cccc1O)O,default,6.256,success,-8.66,,success,0.4766666666666667,418.4,4.02,3,7,113.29,2,0,-9.2,success
knipholone cyclooxanthrone,COc1cc2O[C@@H]3c4c(c2c(c1C(=O)C)O)c(C)cc(c4C(=O)c1c3cccc1O)O,default,6.256,success,-9.4,,success,0.5013333333333334,418.4,4.02,3,7,113.29,2,0,-9.2,success
"10-methoxy-10,7'-(chrysophanol anthrone)-chrysophanol",CO[C@@]1(c2ccc3c(c2O)C(=O)c2c(C3=O)cc(cc2O)C)c2cccc(c2C(=O)c2c1cc(C)cc2O)O,default,6.0227,success,-5.21,,success,0.342225,522.51,4.38,4,8,141.36,2,1,-7.51,success
"10-methoxy-10,7'-(chrysophanol anthrone)-chrysophanol",CO[C@]1(c2ccc3c(c2O)C(=O)c2c(C3=O)cc(cc2O)C)c2cccc(c2C(=O)c2c1cc(C)cc2O)O,default,6.0227,success,-5.8,,success,0.3618916666666667,522.51,4.38,4,8,141.36,2,1,-7.51,success
"10-hydroxy-10,7'-(chrysophanol anthrone)-chrysophanol",Cc1cc(O)c2c(c1)C(=O)c1c(C2=O)c(O)c(cc1)[C@]1(O)c2cccc(c2C(=O)c2c1cc(C)cc2O)O,default,5.9682,success,-7.72,,success,0.42135,508.48,3.73,5,8,152.36,1,1,-7.74,success
"10-hydroxy-10,7'-(chrysophanol anthrone)-chrysophanol",Cc1cc(O)c2c(c1)C(=O)c1c(C2=O)c(O)c(cc1)[C@@]1(O)c2cccc(c2C(=O)c2c1cc(C)cc2O)O,default,5.9682,success,-8.33,,success,0.44168333333333337,508.48,3.73,5,8,152.36,1,1,-7.74,success
dianellin,O[C@@H]1[C@@H](COC2O[C@H](C)[C@H]([C@@H]([C@@H]2O)O)O)OC([C@@H]([C@H]1O)O)Oc1cccc2c1c(O)c(c(c2)C)C(=O)C,default,6.3739,success,-4.73,,success,0.35549166666666665,524.52,-0.91,7,12,195.6,6,3,-6.63,success
(+)-pandoxide,CO[C@@H]1C=C[C@@H]2[C@@]([C@H]1OC(=O)C)(COC(=O)c1ccccc1)C2,default,4.7843,success,-9.98,,success,0.398025,316.35,2.37,0,5,61.83,5,0,-10.04,success
(-)-tingtanoxide,CC(=O)O[C@H]1[C@@H](C=C[C@H]2[C@]1(COC(=O)c1ccccc1)O2)OC(=O)c1ccccc1,default,5.2855,success,-10.15,,success,0.4454583333333333,408.41,2.71,0,7,91.43,6,0,-9.05,success
(+)-pipoxide,O=C(c1ccccc1)OC[C@@]12O[C@@H]1C=C[C@H]([C@@H]2O)OC(=O)c1ccccc1,default,5.0094,success,-10.95,,success,0.44911666666666666,366.37,2.14,1,6,85.36,5,0,-9.54,success
knipholone tetramethyl ether,COc1cc(C)c(c2c1C(=O)c1c(C2=O)cccc1OC)c1c(OC)cc(c(c1OC)C(=O)C)OC,default,5.2854,success,-7.21,,success,0.34745000000000004,490.51,4.68,0,8,97.36,7,0,-8.22,success
knipholone tetraacetate,COc1cc(OC(=O)C)c(c(c1C(=O)C)OC(=O)C)c1c(C)cc(c2c1C(=O)c1cccc(c1C2=O)OC(=O)C)OC(=O)C,default,5.5635,success,-0.78,,success,0.1562916666666667,602.55,4.35,0,12,165.64,7,2,-6.72,success
(-)-beta-necrodol,C=C1C[C@H](C([C@H]1C)(C)C)C,default,4.405,success,-4.96,,success,0.19908333333333336,138.25,3.24,0,0,0.0,0,0,-9.98,success
"(1.alpha.(s*),5-beta.)-1 -(phenyl sulfinyl)-bicyclo-[3.3.1]nona-3-one",O=C1CCC2(C[C@H]1CCC2)[S@](=O)c1ccccc1,default,5.0347,success,-9.5,,success,0.40289166666666665,262.37,3.09,0,2,34.14,2,0,-10.56,success
"(2R,3R)-spiro-2,3-dimethyl-1,4-dioxolane-5,1',3'-cyanocyclopentane",N#CC1CCC2(C1)O[C@H]([C@H](O2)C)C,default,4.9336,success,-6.05,,success,0.2794666666666667,181.23,1.83,0,3,42.25,0,0,-9.89,success
1-adamantyl methyl ketone,CC(=O)C12CC3CC(C1)CC(C2)C3,default,4.3717,success,-4.81,,success,0.1913083333333333,178.27,2.79,0,1,17.07,1,0,-10.18,success
"(+,-)-tetramisole",C1CN2C(=NC(C2)c2ccccc2)S1,default,5.1119,success,-5.72,,success,0.283325,204.3,2.15,0,3,15.6,1,0,-10.54,success
"cis,trans-2,3-dimethylthiochroman-4-carbonitrile",N#C[C@H]1[C@H](C)[C@H](C)Sc2c1cccc2,default,5.371,success,-7.38,,success,0.36025,203.31,3.42,0,2,23.79,0,0,-10.43,success
"1,14-dibromotetradecane",BrCCCCCCCCCCCCCCBr,default,4.116,success,-3.38,,success,0.12233333333333331,356.19,6.46,0,0,0.0,13,1,-8.37,success
alpha-phellandrene,CC1=CCC(C=C1)C(C)C,default,5.1609,success,-4.6,,success,0.250075,136.24,3.16,0,0,0.0,1,0,-9.98,success
(Z)-beta-ocimene,C=C/C(=C\CC=C(C)C)/C,default,4.32,success,-4.37,,success,0.17233333333333337,136.24,3.48,0,0,0.0,3,0,-9.57,success
dihydrotagetone,C=CC(CC(=O)CC(C)C)C,default,4.5707,success,-4.07,,success,0.18322500000000005,154.25,2.81,0,1,17.07,5,0,-9.64,success
alloocimene,C/C=C(/C=C/C=C(C)C)\C,default,4.5362,success,-4.08,,success,0.18068333333333333,136.24,3.48,0,0,0.0,2,0,-9.77,success
(Z)-tagetone,C=C/C(=C\C(=O)CC(C)C)/C,default,4.6313,success,-4.15,,success,0.1909416666666667,152.24,2.73,0,1,17.07,4,0,-9.66,success
(E)-tagetone,C=C/C(=C/C(=O)CC(C)C)/C,default,4.6313,success,-4.83,,success,0.21360833333333337,152.24,2.73,0,1,17.07,4,0,-9.66,success
(Z)-ocimenone,C=C/C(=C\C(=O)C=C(C)C)/C,default,4.4347,success,-4.01,,success,0.1698916666666667,150.22,2.65,0,1,17.07,3,0,-9.67,success
(E)-ocimenone,C=C/C(=C/C(=O)C=C(C)C)/C,default,4.4347,success,-4.61,,success,0.1898916666666667,150.22,2.65,0,1,17.07,3,0,-9.67,success
elixene,C=CC1(C)CCC(=C(C)C)CC1C(=C)C,default,4.8847,success,-2.17,,success,0.1460583333333333,204.36,4.89,0,0,0.0,2,0,-9.67,success
silphiperfol-6-ene,C[C@@H]1CC[C@]23[C@H]1CC[C@@]2(C)CC(=C3C)C,default,4.8629,success,-2.33,,success,0.14957499999999999,204.36,4.56,0,0,0.0,0,0,-9.83,success
bicyclogermacrene,C/C/1=C\CC/C(=C/C2C(CC1)C2(C)C)/C,default,4.8951,success,-2.9,,success,0.17125833333333335,204.36,4.73,0,0,0.0,0,0,-9.84,success
5-O-methylembelin,CCCCCCCCCCCC1=C(O)C(=O)C=C(C1=O)OC,default,4.7422,success,-7.49,,success,0.3115166666666667,308.42,4.4,1,4,63.6,11,0,-8.53,success
quercetin 3-alpha-L-arabinopyranoside,Oc1cc(O)c2c(c1)oc(c(c2=O)O[C@@H]1OC[C@@H]([C@@H]([C@H]1O)O)O)c1ccc(c(c1)O)O,default,6.2949,success,-5.41,,success,0.371575,434.35,0.1,7,11,190.28,3,2,-7.73,success
isoferulic acid,COc1ccc(cc1O)/C=C/C(=O)O,default,4.6922,success,-8.76,,success,0.3496833333333333,194.19,1.5,2,3,66.76,3,0,-9.82,success
salicylic acid,OC(=O)c1ccccc1O,default,4.1413,success,-8.86,,success,0.30710833333333337,138.12,1.09,2,2,57.53,1,0,-9.72,success
gentisic acid,Oc1ccc(c(c1)C(=O)O)O,default,4.5168,success,-6.06,,success,0.24506666666666665,154.12,0.8,3,3,77.76,1,0,-9.48,success
Trans-cinnamic acid,OC(=O)/C=C/c1ccccc1,default,4.0541,success,-8.37,,success,0.2835083333333333,148.16,1.78,1,1,37.3,2,0,-10.07,success
p-hydroxybenzoic acid,Oc1ccc(cc1)C(=O)O,default,4.0524,success,-8.4,,success,0.28436666666666666,138.12,1.09,2,2,57.53,1,0,-9.77,success
chlorogenic acid,O=C(O[C@@H]1C[C@@](O)(C[C@H]([C@H]1O)O)C(=O)O)/C=C/c1ccc(c(c1)O)O,default,5.838,success,-5.03,,success,0.32083333333333336,354.31,-0.65,6,8,164.75,4,1,-8.07,success
sinapic acid,COc1cc(/C=C/C(=O)O)cc(c1O)OC,default,4.404,success,-8.71,,success,0.32400000000000007,224.21,1.51,2,4,75.99,4,0,-9.85,success
ferulic acid,COc1cc(/C=C/C(=O)O)ccc1O,default,4.8607,success,-8.42,,success,0.35239166666666666,194.19,1.5,2,3,66.76,3,0,-9.81,success
isouvaretin,COc1c(C(=O)CCc2ccccc2)c(O)cc(c1Cc1ccccc1O)O,default,5.0972,success,-8.22,,success,0.36543333333333333,378.42,4.22,3,5,86.99,7,0,-8.97,success
angoluvarin,COc1cc(O)c(c(c1C(=O)CCc1ccccc1)O)Cc1cc(ccc1O)Cc1ccccc1O,default,5.369,success,-5.01,,success,0.2810833333333333,484.55,5.51,4,6,107.22,9,1,-7.08,success
Thiarubrine A,CC#CC1=CC=C(SS1)C#CC#CC=C,default,5.3206,success,-4.86,,success,0.27205,228.34,3.37,0,2,0.0,0,0,-10.07,success
isoschizogaline,COc1ccc2c(c1)N1C(=O)C[C@]34[C@@]51[C@@H]([C@H]2CCN5CC=C3)CC4,default,5.6869,success,-9.62,,success,0.46124166666666666,322.41,2.9,0,3,32.78,1,0,-10.65,success
schizozynine,CCCC12CCC3(C1N(C)C)N(C(=O)C2)c1c(C3CC)cc2c(c1)OCO2,default,6.04,success,-9.71,,success,0.4936666666666667,370.49,3.91,0,4,42.01,4,0,-10.08,success
"6,7-dehydro-19beta-hydroxyschizozygin",O=C1C[C@@]23C=CCN4[C@@H]2[C@@]2(N1c1cc5OCOc5cc1C2=CC4)CC3,default,5.9395,success,-9.95,,success,0.4932916666666667,334.38,2.32,0,4,42.01,0,0,-10.55,success
3-O- [beta-D-xylopyranosyl-(1â†’2)-beta-D-fucopyranosyl-(1â†’6)-2-(acetylamino)-2-deoxy-beta-D-glucopyranosyl]-21-O-[2-aminobenzoyl]-28-O-[beta-D-xylopyranosyl-(1â†’4)-alpha-L-rhamnopyranosyl- (1â†’2)-beta-D-glucopyranosyl]acacic acid,OC[C@H]1O[C@@H](OC(=O)[C@]23C[C@H](OC(=O)c4ccccc4N)C(C[C@H]2C2=CC[C@H]4[C@@]([C@@]2(C[C@H]3O)C)(C)CC[C@@H]2[C@]4(C)CC[C@@H](C2(C)C)O[C@@H]2O[C@H](CO[C@@H]3O[C@H](C)[C@@H]([C@@H]([C@H]3O[C@@H]3OC[C@H]([C@@H]([C@H]3O)O)O)O)O)[C@H]([C@@H]([C@H]2NC(=O)C)O)O)(C)C)[C@@H]([C@H]([C@@H]1O)O)O[C@@H]1O[C@@H](C)[C@@H]([C@H]([C@H]1O)O)O[C@@H]1OC[C@H]([C@@H]([C@H]1O)O)O,default,7.4199,success,-1.05,,success,0.3199916666666667,1529.68,-3.52,18,33,532.93,17,3,-4.81,success
3-O-[beta-D-xylopyranosyl- (1â†’2)-beta-D-fucopyranosyl-(1â†’6)-2-(acetylamino)-2-deoxy-beta- D-glucopyranosyl]-21-O-[2-aminobenzoyl]-28-O-beta-D-glucopyranosyl-(1â†’6)-[beta-D-xylopyranosyl-(1â†’4)-alpha-L-rhamnopyranosyl-(1â†’2)]-beta-D-glucopyranosylacacic acid,OC[C@H]1O[C@@H](OC[C@H]2O[C@@H](OC(=O)[C@]34C[C@H](OC(=O)c5ccccc5N)C(C[C@H]3C3=CC[C@H]5[C@@]([C@@]3(C[C@H]4O)C)(C)CC[C@@H]3[C@]5(C)CC[C@@H](C3(C)C)O[C@@H]3O[C@H](CO[C@@H]4O[C@H](C)[C@@H]([C@@H]([C@H]4O[C@@H]4OC[C@H]([C@@H]([C@H]4O)O)O)O)O)[C@H]([C@@H]([C@H]3NC(=O)C)O)O)(C)C)[C@@H]([C@H]([C@@H]2O)O)O[C@@H]2O[C@@H](C)[C@@H]([C@H]([C@H]2O)O)O[C@@H]2OC[C@H]([C@@H]([C@H]2O)O)O)[C@@H]([C@H]([C@@H]1O)O)O,default,7.4596,success,,,failed,0.5766,1691.82,-5.7,21,38,612.08,20,3,-4.8,success
3-O-[beta- D-xylopyranosyl-(1â†’2)-beta-D-fucopyranosyl-(1â†’6)-2-(acetylamino)-2-deoxy-beta-D-glucopyranosyl]-21-O-[2-aminobenzoyl]- 28-O-(alpha-L-arabinofuranosyl-(1â†’4)-[beta-D-glucopyranosyl(1â†’3)]- alpha-L-rhamnopyranosyl-(1â†’2)-beta-D-glucopyranosylacacic acid,OC[C@H]1O[C@@H](OC(=O)[C@]23C[C@H](OC(=O)c4ccccc4N)C(C[C@H]2C2=CC[C@H]4[C@@]([C@@]2(C[C@H]3O)C)(C)CC[C@@H]2[C@]4(C)CC[C@@H](C2(C)C)O[C@@H]2O[C@H](CO[C@@H]3O[C@H](C)[C@@H]([C@@H]([C@H]3O[C@@H]3OC[C@H]([C@@H]([C@H]3O)O)O)O)O)[C@H]([C@@H]([C@H]2NC(=O)C)O)O)(C)C)[C@@H]([C@H]([C@@H]1O)O)O[C@@H]1O[C@@H](C)[C@@H]([C@H]([C@@H]1O)O[C@@H]1O[C@H](CO)[C@H]([C@@H]([C@H]1O)O)O)O[C@@H]1O[C@H]([C@@H]([C@H]1O)O)CO,default,7.4423,success,-1.45,,success,0.3351916666666667,1691.82,-5.7,21,38,612.08,21,3,-4.78,success
"3alpha,12alpha-dihydroxy-ent-8(14),15-isopimaradien-18-al",C=C[C@]1(C)C=C2CC[C@@H]3[C@]([C@H]2C[C@H]1O)(C)CC[C@@H]([C@@]3(C)C=O)O,default,5.0676,success,-10.29,,success,0.4319666666666666,318.46,3.26,2,3,57.53,2,0,-9.92,success
"(-)-trans-9-acetyl-4,9'-di-O-methyl-3'-de-O-methyldehydrodiconiferyl alcohol",COC/C=C/c1cc(O)c2c(c1)[C@H](COC(=O)C)[C@H](O2)c1ccc(c(c1)OC)OC,default,6.1434,success,-10.04,,success,0.5132833333333333,414.45,3.85,1,7,83.45,8,0,-9.04,success
"7,7'-dihydroxy-6,8'-bicoumarin",O=c1ccc2c(o1)cc(c(c2)c1c(O)ccc2c1oc(=O)cc2)O,default,5.3787,success,-10.95,,success,0.47989166666666666,322.27,2.98,2,6,100.88,1,0,-9.38,success
"3,4-dimethoxycinnamaldehyde",O=C/C=C/c1ccc(c(c1)OC)OC,default,4.7292,success,-7.45,,success,0.3091,192.21,1.92,0,3,35.53,4,0,-9.84,success
6-hydroxy-7-methoxycoumarin,COc1cc2oc(=O)ccc2cc1O,default,4.7783,success,-8.99,,success,0.364525,192.17,1.51,1,4,59.67,1,0,-9.97,success
N-butylaniline,CCCCNc1ccccc1,default,3.7847,success,-6.94,,success,0.23133333333333334,149.24,2.9,1,1,12.03,4,0,-10.2,success
vanillin,COc1cc(C=O)ccc1O,default,4.8308,success,-8.43,,success,0.3502333333333333,152.15,1.21,1,3,46.53,2,0,-9.89,success
rautandiol A,Oc1ccc2c(c1)O[C@@H]1[C@H]2COc2c1cc1CC(O)C(Oc1c2)(C)C,default,5.7875,success,-11.29,,success,0.5252916666666666,340.38,3.08,2,5,68.15,0,0,-10.44,success
rautandiol B,Oc1ccc2c(c1)O[C@@H]1[C@H]2COc2c1cc1CC(Oc1c2)C(O)(C)C,default,5.9575,success,-10.97,,success,0.5287916666666667,340.38,3.08,2,5,68.15,1,0,-10.41,success
12-hydroxyrotenone,COc1cc2c(cc1OC)OC[C@H]1[C@]2(O)C(=O)c2c(O1)c1C[C@@H](Oc1cc2)C(=C)C,default,5.7612,success,-11.02,,success,0.5141,410.42,2.81,1,7,83.45,3,0,-9.87,success
12-hydroxyerosone,COc1cc2c(cc1OC)CC[C@@H]1[C@@]2(O)C(=O)c2c(O1)cc1c(c2)cco1,default,5.2758,success,-11.45,,success,0.4879833333333333,366.37,3.23,1,6,78.13,2,0,-10.04,success
dehydroneotenone,COc1cc2OCOc2cc1c1coc2c(c1=O)cc1c(c2)occ1,default,5.1714,success,-10.32,,success,0.4416166666666667,336.3,3.94,0,6,71.04,2,0,-9.34,success
isoelliptol,COc1cc(OC)c(cc1c1coc2c(c1=O)cc1c(c2)occ1)OC,default,4.8485,success,-8.39,,success,0.350375,352.34,4.23,0,6,71.04,4,0,-9.15,success
2-hydroxypterocarpin,COc1cc2OC[C@@H]3[C@H](c2cc1O)Oc1c3cc2c(c1)OCO2,default,5.6205,success,-10.59,,success,0.4880416666666666,314.29,2.74,1,6,66.38,1,0,-10.57,success
ohchinin-3-acetate,COC(=O)C[C@@H]1[C@@]2(C)[C@@H](OC(=O)/C=C/c3ccccc3)C[C@H]([C@@]3([C@@H]2[C@H]([C@@H]2[C@@]1(C)C1=C(C)[C@@H](C[C@H]1O2)c1ccoc1)OC3)C)OC(=O)C,default,6.7772,success,-0.91,,success,0.26176666666666665,644.76,6.04,0,9,110.5,7,2,-6.62,success
1-cinnamoyltrichilinin,O=C(O[C@H]1C[C@@H](OC(=O)C)[C@@]2([C@H]3[C@@]1(C)[C@H]1C[C@H](OC(=O)C)[C@@]4(C(=CC[C@H]4c4ccoc4)[C@@]1([C@@H]([C@@H]3OC2)O)C)C)C)/C=C/c1ccccc1,default,6.4923,success,-2.45,,success,0.2893583333333334,658.79,6.02,1,9,121.5,6,2,-6.62,success
1-tigloyltrichilinin,C/C=C(/C(=O)O[C@@H]1C[C@H](OC(=O)C)[C@]2([C@@H]3[C@]1(C)[C@@H]1C[C@@H](OC(=O)C)[C@]4(C(=CC[C@H]4c4ccoc4)[C@@]1(C)[C@H]([C@H]3OC2)O)C)C)\C,default,6.3992,success,-1.73,,success,0.25760000000000005,610.74,5.27,1,9,121.5,5,2,-7.13,success
1-acetyltrichilinin,CC(=O)O[C@@H]1C[C@H](OC(=O)C)[C@]2([C@@H]3[C@]1(C)[C@@H]1C[C@@H](OC(=O)C)[C@]4(C(=CC[C@H]4c4ccoc4)[C@]1([C@H]([C@H]3OC2)O)C)C)C,default,6.0949,success,-4.63,,success,0.32890833333333336,570.68,4.33,1,9,121.5,4,1,-7.86,success
maprounic acid,O[C@H]1CC[C@]2([C@H](C1(C)C)CC[C@@]1([C@@H]2CC[C@@]2(C1=CC[C@@]1([C@H]2CC(C)(C)CC1)C(=O)O)C)C)C,default,4.881,success,-6.12,,success,0.2774166666666667,456.71,7.23,2,2,57.53,1,1,-8.19,success
maprounic acid acetate,CC(=O)O[C@H]1CC[C@]2(C(C1(C)C)CC[C@@]1(C2CC[C@@]2(C1=CCC1(C2CC(C)(C)CC1)C(=O)O)C)C)C,default,4.8386,success,-6.37,,success,0.28221666666666667,498.75,7.8,1,3,63.6,2,1,-7.67,success
1beta-hydroxymaprounic acid 3-p-hydroxybenzoate,Oc1ccc(cc1)C(=O)O[C@@H]1CC[C@]2([C@H](C1(C)C)C[C@@H]([C@@]1([C@@H]2CC=C2[C@@]1(C)CC[C@@]1([C@H]2[C@@H](C(=O)O)[C@H](C)CC1)C)C)O)C,default,5.802,success,-4.23,,success,0.2911666666666667,592.82,7.63,3,5,104.06,3,2,-6.94,success
"2alpha-hydroxymaprounic acid 2,3-bis-p-hydroxybenzoate",Oc1ccc(cc1)C(=O)O[C@@H]1C[C@@]2(C)C(C([C@H]1OC(=O)c1ccc(cc1)O)(C)C)CC[C@@]1(C2CC[C@@]2(C1=CC[C@@]1(C2CC(C)(C)CC1)C(=O)O)C)C,default,5.5637,success,-2.32,,success,0.20764166666666667,712.92,9.35,3,7,130.36,5,2,-6.19,success
tanzanene,C[C@@H]1CC[C@H]2[C@@H]1[C@H]1[C@H](C1(C)C)CC[C@]12CCc2c(O1)cccc2,default,5.3295,success,-4.63,,success,0.265125,310.48,5.48,0,1,9.23,0,1,-10.02,success
hellebrigenin 3-acetate,O=C[C@]12CC[C@@H](C[C@@]1(O)CC[C@@H]1[C@@H]2CC[C@]2([C@]1(O)CC[C@@H]2c1ccc(=O)oc1)C)OC(=O)C,default,5.7461,success,-10.01,,success,0.479175,458.55,3.11,2,7,114.04,3,0,-9.19,success
"hellebrigenin 3,5-diacetate",O=C[C@]12CC[C@@H](C[C@]1(CC[C@@H]1[C@@H]2CC[C@]2([C@]1(O)CC[C@@H]2c1ccc(=O)oc1)C)OC(=O)C)OC(=O)C,default,5.7918,success,-10.41,,success,0.49631666666666674,500.59,3.68,1,8,120.11,4,1,-8.48,success
hellebrigenin,O=C[C@]12CC[C@@H](C[C@@]1(O)CC[C@@H]1[C@@H]2CC[C@]2([C@]1(O)CC[C@@H]2c1ccc(=O)oc1)C)O,default,5.7612,success,-9.73,,success,0.47109999999999996,416.51,2.54,3,6,107.97,2,0,-9.79,success
12beta-hydroxykulactone,CC(=CCC[C@H]1C(=O)O[C@@H]2[C@@H]1[C@]1(C)[C@H](O)C[C@H]3C(=CC[C@@H]4[C@]3(C)CCC(=O)C4(C)C)[C@]1(C2)C)C,default,6.0986,success,-5.95,,success,0.3732166666666667,468.68,6.03,1,4,63.6,3,1,-8.13,success
6beta-hydroxykulactone,CC(=CCC[C@H]1C(=O)O[C@@H]2[C@@H]1[C@]1(C)CC[C@H]3C(=C[C@H]([C@@H]4[C@]3(C)CCC(=O)C4(C)C)O)[C@]1(C2)C)C,default,6.2255,success,-5.85,,success,0.38045833333333334,468.68,6.03,1,4,63.6,3,1,-8.14,success
kulactone,CC(=CCC[C@H]1C(=O)O[C@@H]2[C@@H]1[C@]1(C)CC[C@H]3C(=CC[C@@H]4[C@]3(C)CCC(=O)C4(C)C)[C@]1(C2)C)C,default,6.1352,success,-5.87,,success,0.37360000000000004,452.68,7.06,0,3,43.37,3,1,-7.97,success
kulonate,CC(=CCC[C@@H]([C@@H]1[C@@H](O)C[C@]2([C@@]1(C)CC[C@H]1C2=CC[C@@H]2[C@]1(C)CCC(=O)C2(C)C)C)C(=O)C)C,default,5.9907,success,-5.83,,success,0.360225,468.72,7.08,1,3,54.37,5,1,-7.8,success
10'-hydroxyusambarensine,C/C=C/1\CN2CCc3c([C@@H]2C[C@@H]1Cc1nccc2c1[nH]c1c2cc(cc1)O)[nH]c1c3cccc1,default,6.8168,success,-6.92,,success,0.4654,448.57,6.01,3,3,67.94,2,1,-8.07,success
"16,17-dihydrobrachycalyxolide",OCC(=C)C(=O)O[C@H]1C[C@@]2(C)OC(=O)[C@@H]([C@]2(O)CC[C@@]2([C@@H]([C@@H]3C1=C(COC(=O)C)C(=O)O3)O2)C)CC,default,6.2982,success,-4.71,,success,0.34851666666666664,508.52,0.65,2,11,158.19,6,2,-6.96,success
myricadiol,OC[C@@]12CC=C3[C@@]([C@@H]1CC(CC2)(C)C)(C)CC[C@H]1[C@@]3(C)CC[C@@H]2[C@]1(C)CC[C@@H](C2(C)C)O,default,5.1706,success,-6.16,,success,0.3028833333333334,442.73,7.14,2,2,40.46,1,1,-8.44,success
stigmasterol 3-O-beta-D-glucoside,CC[C@@H](C(C)C)/C=C/[C@H]([C@H]1CC[C@@H]2[C@]1(C)CC[C@H]1[C@H]2CC=C2[C@]1(C)CC[C@@H](C2)O[C@@H]1O[C@H](CO)[C@H]([C@@H]([C@H]1O)O)O)C,default,6.3548,success,-2.49,,success,0.27923333333333333,574.84,5.63,4,6,99.38,8,2,-6.82,success
alpha-spinasterol 3-O-beta-D-glucoside,CC[C@@H](C(C)C)/C=C/[C@H]([C@H]1CC[C@@H]2[C@]1(C)CC[C@H]1C2=CC[C@@H]2[C@]1(C)CC[C@@H](C2)O[C@@H]1O[C@H](CO)[C@H]([C@@H]([C@H]1O)O)O)C,default,6.4375,success,-2.23,,success,0.27745833333333336,574.84,5.63,4,6,99.38,8,2,-6.76,success
uvaretin trimethyl ether,COc1cc(OC)c(c(c1C(=O)CCc1ccccc1)OC)Cc1ccccc1OC,default,4.5916,success,-5.51,,success,0.23296666666666666,420.51,5.13,0,5,53.99,10,1,-8.18,success
lucidene,CC1(C)/C=C\C[C@@]2(C)Oc3ccccc3C[C@@H]2CC[C@@]2([C@@H](C1)Cc1ccccc1O2)C,default,4.923,success,-5.6,,success,0.26358333333333334,416.61,7.16,0,2,18.46,0,1,-9.0,success
guaiol,C[C@H]1CC[C@H](CC2=C1CC[C@@H]2C)C(O)(C)C,default,4.5371,success,-6.44,,success,0.25942499999999996,222.37,3.92,1,1,20.23,1,0,-10.02,success
"7-hydroxy-4',5,6,8-tetramethoxyflavanone",COc1ccc(cc1)C1CC(=O)c2c(O1)c(OC)c(c(c2OC)OC)O,default,5.3914,success,-10.49,,success,0.4656166666666667,360.36,3.13,1,7,83.45,5,0,-10.06,success
alpha-cyperone,CC(=C)[C@@H]1CC[C@@]2(C(=C(C)C(=O)CC2)C1)C,default,5.103,success,-2.7,,success,0.18191666666666667,218.34,4.05,0,1,17.07,1,0,-9.9,success
alpha-selinene,CC1=CCC[C@]2([C@@H]1C[C@@H](CC2)C(=C)C)C,default,4.9626,success,-2.53,,success,0.16455,204.36,4.73,0,0,0.0,1,0,-9.81,success
cyperene,CC1=C2C[C@@H]3C([C@@]2(CC1)[C@H](C)CC3)(C)C,default,4.6881,success,-2.64,,success,0.1453416666666667,204.36,4.56,0,0,0.0,0,0,-9.81,success
fagaramide,CC(CNC(=O)/C=C/c1ccc2c(c1)OCO2)C,default,5.312,success,-8.32,,success,0.38666666666666666,247.29,2.2,1,3,47.56,4,0,-10.36,success
securinine,O=C1C=C2[C@@]3(O1)C[C@@H](C=C2)N1[C@@H]3CCCC1,default,5.513,success,-6.42,,success,0.3400833333333333,217.27,1.41,0,3,29.54,0,0,-9.97,success
10-(chrysophanol-7'-yl)-10-(Î¾)-hydroxychrysophanol-9-anthrone,Cc1cc(O)c2c(c1)[C@H](c1ccc3c(c1O)C(=O)c1c(C3=O)c(C)c(cc1O)C)c1c(C2=O)c(O)ccc1,default,6.4372,success,-5.51,,success,0.38676666666666665,506.51,4.93,4,7,132.13,1,1,-7.79,success
10-(chrysophanol-7'-yl)-10-(Î¾)-hydroxychrysophanol-9-anthrone,Cc1cc(O)c2c(c1)[C@@H](c1ccc3c(c1O)C(=O)c1c(C3=O)c(C)c(cc1O)C)c1c(C2=O)c(O)ccc1,default,6.4372,success,-6.26,,success,0.4117666666666666,506.51,4.93,4,7,132.13,1,1,-7.79,success
chryslandicin,Cc1cc(O)c2c(c1)[C@](O)(c1ccc3c(c1O)C(=O)c1c(C3=O)c(C)c(cc1O)C)c1c(C2=O)c(O)ccc1,default,6.1257,success,-5.87,,success,0.37280833333333335,522.51,4.04,5,8,152.36,1,1,-7.66,success
chryslandicin,Cc1cc(O)c2c(c1)[C@@](O)(c1ccc3c(c1O)C(=O)c1c(C3=O)c(C)c(cc1O)C)c1c(C2=O)c(O)ccc1,default,6.1257,success,-5.29,,success,0.353475,522.51,4.04,5,8,152.36,1,1,-7.66,success
quercetin-3-beta-O-galactoside,OC[C@H]1O[C@@H](Oc2c(oc3c(c2=O)c(O)cc(c3)O)c2ccc(c(c2)O)O)[C@@H]([C@H]([C@H]1O)O)O,default,6.2557,success,-5.48,,success,0.37064166666666665,464.38,-0.54,8,12,210.51,4,2,-7.28,success
quercetin-3-(2''-galloylglucoside),OC[C@H]1O[C@@H](Oc2c(oc3c(c2=O)c(O)cc(c3)O)c2ccc(c(c2)O)O)C(C([C@@H]1O)O)OC(=O)c1cc(O)c(c(c1)O)O,default,6.4601,success,-0.8,,success,0.231675,616.48,0.44,10,16,277.27,6,3,-6.18,success
2'-glucosyl-4'hydroxy-6'methoxydihydrochalcone,OC[C@H]1OC(OC2C=C(O)C=C(C2C(=O)/C=C/c2ccccc2)OC)[C@@H]([C@H]([C@@H]1O)O)O,default,5.6691,success,-4.69,,success,0.29542500000000005,434.44,0.06,5,9,145.91,7,0,-8.0,success
"6,6''-bis-(2,5-dihydroxy-3-undecyl-1,4-benzoquinone)",CCCCCCCCCCCC1=C(O)C(=O)C(=C2C(=O)C(=C(C(=O)C2=O)CCCCCCCCCCC)O)C(=C1O)O,default,5.1252,success,-1.86,,success,0.15576666666666672,586.77,8.38,4,8,149.2,20,2,-5.1,success
"2',4'-dihydroxy-6'-methoxydihydrochalcone",COc1cc(O)cc(c1C(=O)CCc1ccccc1)O,default,4.4951,success,-11.29,,success,0.41759166666666664,272.3,2.92,2,4,66.76,5,0,-10.04,success
"3,7-dihydroxy-5,8-dimethoxyflavone",COc1c(O)cc(c2c1oc(c1ccccc1)c(c2=O)O)OC,default,5.2955,success,-11.19,,success,0.4809583333333333,314.29,2.89,2,6,89.13,3,0,-9.93,success
"7-hydroxy-5,8-dimethoxyflavone",COc1c(O)cc(c2c1oc(cc2=O)c1ccccc1)OC,default,5.4347,success,-11.05,,success,0.4878916666666667,298.29,3.18,1,5,68.9,3,0,-10.1,success
myrsinone,CCCCCCCCCCCC1=CC(=O)C(=C(C1=O)O)O,default,5.0069,success,-7.04,,success,0.318575,294.39,4.31,2,4,74.6,10,0,-8.64,success
acetylmaesaquinone,CCCC/C=C/CCCCCCCCCCCCCC1=C(O)C(=O)C(=C(C1=O)OC(=O)C)C,default,5.2954,success,-5.81,,success,0.30161666666666664,460.66,7.61,1,5,80.67,18,1,-6.6,success
"2,5-dihydroxy-3-pentadecyl-1,4-benzoquinone",CCCCCCCCCCCCCCCC1=C(O)C(=O)C=C(C1=O)O,default,4.8604,success,-5.68,,success,0.26103333333333334,350.5,5.87,2,4,74.6,14,1,-7.82,success
"2,5-dihydroxy-3-(pentadec-10'z-enyl)-1,4-benzoquinone",CCCC/C=C/CCCCCCCCCC1=C(O)C(=O)C=C(C1=O)O,default,5.0481,success,-6.17,,success,0.2930083333333333,348.48,5.65,2,4,74.6,13,1,-7.79,success
alternariol,Oc1cc(C)c2c(c1)oc(=O)c1c2cc(O)cc1O,default,5.311,success,-11.24,,success,0.48391666666666666,258.23,2.37,3,5,90.9,0,0,-9.75,success
alternariol 5-O-sulfate,Oc1cc(C)c2c(c1)oc(=O)c1c2cc(cc1O)OS(=O)(=O)O,default,5.7097,success,-9.64,,success,0.4638083333333334,338.29,1.85,3,7,134.27,2,0,-9.25,success
alternariol 5-O-methyl ether,Clc1ccc(cc1)S(=O)(=O)CCNCc1cocc1,default,5.5989,success,-10.93,,success,0.49757500000000005,299.78,2.5,1,4,59.31,6,0,-10.25,success
alternariol 5-O-methyl ether-4'-O-sulfate,COc1cc(O)c2c(c1)c1c(C)cc(cc1oc2=O)OS(=O)=O,default,5.5684,success,-10.84,,success,0.4920333333333333,336.32,1.87,2,7,103.04,3,0,-9.43,success
3-hydroxyalternariol 5-O-methyl ether,COc1cc(O)c2c(c1)c1c(C)cc(c(c1oc2=O)O)O,default,5.5208,success,-11.35,,success,0.5050666666666667,288.25,2.38,3,6,100.13,1,0,-9.55,success
altenusin,COc1cc(O)c(c(c1)c1cc(O)c(cc1C)O)C(=O)O,default,5.1988,success,-10.34,,success,0.4445666666666667,290.27,2.49,4,5,107.22,3,0,-9.82,success
desmethylaltenusin,Oc1cc(O)c(c(c1)c1ccc(c(c1)O)O)C(=O)O,default,5.2074,success,-10.32,,success,0.44461666666666666,262.22,1.87,5,5,118.22,2,0,-9.49,success
alterlactone,COc1cc(O)c2c(c1)c1cc(O)c(cc1COC2=O)O,default,5.1248,success,-10.83,,success,0.45473333333333327,288.25,2.15,3,6,96.22,1,0,-9.84,success
talaroflavone,COc1cc(O)c2c(c1)C1(OC2=O)C(=CC(=O)C1O)C,default,5.6889,success,-8.94,,success,0.4387416666666667,276.24,0.66,2,6,93.06,1,0,-9.77,success
alternarienonic acid,CC(=O)NCC1CCN(CC1)C(=O)c1ccc(cn1)Br,default,5.3129,success,-11.15,,success,0.48107500000000003,340.22,1.83,1,3,62.3,3,0,-10.64,success
altenuene,COc1cc(O)c2c(c1)C1=C[C@H](O)[C@H](C[C@@]1(OC2=O)C)O,default,5.7337,success,-9.17,,success,0.45014166666666666,292.29,0.84,3,6,96.22,1,0,-9.74,success
4'-epialtenuene,COc1cc2c(c(c1)O)C(=O)O[C@]1(C2C[C@H](O)[C@H](C1)O)C,default,5.77,success,-9.19,,success,0.45383333333333326,294.3,0.93,3,6,96.22,1,0,-9.87,success
tenuazonic acid,CC[C@@H]([C@@H]1NC(=O)C(=C1O)C(=O)C)C,default,4.7465,success,-5.17,,success,0.23454166666666668,197.23,0.93,2,3,66.4,3,0,-9.43,success
altertoxin I,O=C1C[C@H](O)[C@@H]2c3c1c(O)ccc3c1c3[C@@]2(O)CCC(=O)c3c(cc1)O,default,5.7577,success,-9.88,,success,0.4758083333333334,352.34,1.97,4,6,115.06,0,0,-9.92,success
abyssinin,COC1=C2[C@@H]3CC[C@]4([C@]([C@H]3CC[C@@]2([C@H](C1=O)c1ccc(=O)oc1)C)(C=O)CC[C@@H]1[C@H]4O1)OC(=O)C,default,6.0322,success,-9.49,,success,0.48568333333333336,482.53,3.08,0,8,112.41,4,0,-8.82,success
abyssinol A,O=C[C@]12CC[C@@H]3[C@H]([C@@]1(O)CC[C@@H]1[C@@H]2CC[C@]2(C1=CC(=O)[C@@H]2c1ccc(=O)oc1)C)O3,default,5.8361,success,-9.94,,success,0.48434166666666667,410.47,2.54,1,6,97.11,2,0,-9.73,success
abyssinol B,COC1=C2[C@@H]3CC[C@]4([C@]([C@H]3CC[C@@]2([C@H](C1)c1ccc(=O)oc1)C)(CO)CC[C@@H]1[C@H]4O1)O,default,5.9462,success,-10.29,,success,0.5051833333333333,428.53,3.12,2,6,92.43,3,0,-9.64,success
abyssinol C,COC1=C2[C@@H]3CC[C@]4([C@]([C@H]3CC[C@@]2([C@H](C1=O)c1ccc(=O)oc1)C)(C=O)[C@H](OC(=O)C)C[C@@H](C4)OC(=O)C)O,default,5.8472,success,-7.87,,success,0.4162666666666667,542.58,2.61,1,10,146.41,5,1,-8.1,success
N-methylflindersine,Cn1c(=O)c2C=CC(Oc2c2c1cccc2)(C)C,default,5.2487,success,-7.06,,success,0.33939166666666665,241.29,2.72,0,3,31.23,0,0,-10.54,success
flindersine,O=c1[nH]c2ccccc2c2c1C=CC(O2)(C)C,default,5.3559,success,-8.9,,success,0.40965833333333335,227.26,2.71,1,2,42.09,0,0,-10.44,success
erythrabyssin I,COc1ccc2c(c1CC=C(C)C)O[C@@H]1[C@@]2(O)COc2c1ccc(c2)O,default,5.5921,success,-11.18,,success,0.5053416666666667,354.4,3.62,2,5,68.15,3,0,-10.09,success
abyssinone I,Oc1ccc2c(c1)O[C@@H](CC2=O)c1ccc2c(c1)C=CC(O2)(C)C,default,5.9903,success,-9.24,,success,0.4738583333333334,322.36,4.28,1,4,55.76,1,0,-10.25,success
abyssinone II,CC(=CCc1cc(ccc1O)C1CC(=O)c2c(O1)cc(cc2)O)C,default,5.9381,success,-9.38,,success,0.47417500000000007,324.38,4.31,2,4,66.76,3,0,-9.99,success
abyssinone III,CC(=CCc1cc(cc2c1OC(C)(C)C=C2)C1CC(=O)c2c(O1)cc(cc2)O)C,default,6.1295,success,-8.04,,success,0.4454583333333333,390.48,5.79,1,4,55.76,3,1,-9.17,success
epipolygodial,O=C[C@@H]1C(=CC[C@@H]2[C@]1(C)CCCC2(C)C)C=O,default,5.0908,success,-6.91,,success,0.3212333333333333,234.34,3.16,0,2,34.14,2,0,-10.08,success
palmitoleic acid,CCCCCC/C=C\CCCCCCCC(=O)O,default,4.2168,success,-6.06,,success,0.22006666666666666,254.41,5.33,1,1,37.3,13,1,-8.07,success
alpha-linolenic acid,CC/C=C\C/C=C\C/C=C\CCCCCCCC(=O)O,default,4.3103,success,-6.22,,success,0.23319166666666663,278.44,5.66,1,1,37.3,13,1,-7.99,success
trans-9-octadecenoic acid,CCCCCCCC/C=C/CCCCCCCC(=O)O,default,4.2168,success,-6.12,,success,0.2220666666666667,282.47,6.11,1,1,37.3,15,1,-7.89,success
dodecanoic acid,CCCCCCCCCCCC(=O)O,default,3.939,success,-6.56,,success,0.21866666666666665,200.32,3.99,1,1,37.3,10,0,-8.9,success
"resorcinol derivative, C9 chain",CCCCCCCCCc1cc(O)cc(c1)O,default,4.8369,success,-5.52,,success,0.25374166666666664,236.36,4.39,2,2,40.46,8,0,-9.51,success
"undecanyl resorcinol, C11:0 chain",CCCCCCCCCCc1cc(O)cc(c1)O,default,4.8369,success,-8.47,,success,0.352075,250.38,4.78,2,2,40.46,9,0,-9.31,success
"(6R,7S,10R)-7,10-epoxy-7,11-dimethyldodec-1-ene-6,11-diol",C=CC(=C)CC[C@H]([C@]1(C)CC[C@@H](O1)C(O)(C)C)O,default,5.2174,success,-8.54,,success,0.3861166666666666,254.37,2.58,2,3,49.69,6,0,-9.86,success
elgonene A,CC1=CC[C@@H](CC1)C(=C)[C@@H]([C@H]1C=C(C(=O)O1)C)O,default,5.858,success,-7.59,,success,0.40783333333333327,248.32,2.52,1,3,46.53,3,0,-9.94,success
elgonene B,CC1=CC[C@@H](CC1)C(=C)[C@@H]([C@@H]1OC(=O)[C@@H](C1)C)O,default,5.8764,success,-10.5,,success,0.5063666666666666,250.34,2.6,1,3,46.53,3,0,-9.92,success
elgonene C,O[C@H]([C@H](C(=C)[C@@H]1CCC(=CC1)C)O)/C=C(/C(=O)O)\C,default,5.7361,success,-9.29,,success,0.45434166666666664,266.34,2.04,3,3,77.76,5,0,-9.35,success
elgonene D,CC1=CC[C@@H](CC1)[C@]([C@H](C/C=C(/C(=O)O)\C)O)(O)C,default,5.7239,success,-9.58,,success,0.4629916666666667,268.35,2.27,3,3,77.76,5,0,-9.47,success
elgonene E,OCC1=CC[C@@H](CC1)[C@]([C@H](C/C=C(/C(=O)O)\C)O)(O)C,default,5.7043,success,-8.26,,success,0.4173583333333333,284.35,1.24,4,4,97.99,6,0,-8.91,success
elgonene F,O[C@H]([C@@H]([C@@]([C@@H]1CCC(=CC1)C)(O)C)O)/C=C(/C(=O)O)\C,default,5.7508,success,-7.83,,success,0.40690000000000004,284.35,1.24,4,4,97.99,5,0,-9.06,success
elgonene G,CC1=CC[C@@H](CC1)[C@@]1(C)O[C@@H]1[C@H]1C=C(C(=O)O1)C,default,5.7214,success,-6.43,,success,0.35778333333333334,248.32,2.76,0,3,38.83,2,0,-9.79,success
elgonene H,CC1=CC[C@@H](CC1)[C@@]1(C)O[C@@H]1[C@@H]1OC(=O)[C@@H](C1)C,default,5.8827,success,-8.69,,success,0.4465583333333333,250.34,2.84,0,3,38.83,2,0,-9.79,success
elgonene I,OC[C@]1(C)CCCC(=C)[C@H]1CCc1cocc1,default,5.3285,success,-8.7,,success,0.40070833333333333,234.34,3.57,1,2,33.37,4,0,-10.2,success
elgonene J,C=C1CCC[C@@]([C@@H]1CCc1cocc1)(C)C(=O)O,default,5.2517,success,-8.88,,success,0.4003083333333333,248.32,3.66,1,2,50.44,4,0,-10.1,success
elgonene K,OC/C=C(/CC[C@@H]1C(=C)CCC[C@@]1(C)CO)\CO,default,5.2928,success,-9.29,,success,0.41739999999999994,254.37,2.03,3,3,60.69,6,0,-9.56,success
elgonene L,OC/C=C(/CC[C@@H]1C(=C)CCCC1(C)C)\CO,default,5.1213,success,-7.24,,success,0.334775,238.37,3.06,2,2,40.46,5,0,-9.87,success
"(10E,12Z,15Z)-9-hydroxy-10,12,15-octadecatrienoic acid",CC/C=C\C/C=C\C=C\C(CCCCCCCC(=O)O)O,default,5.0741,success,-7.15,,success,0.32784166666666664,294.43,4.63,2,2,57.53,13,0,-8.33,success
"(10E,12Z)-9-hydroxy-10,12-octadecadienoic acid",CCCCC/C=C\C=C\C(CCCCCCCC(=O)O)O,default,5.0765,success,-6.62,,success,0.310375,296.45,4.86,2,2,57.53,14,0,-8.38,success
shikimic acid,O[C@@H]1CC(=C[C@H]([C@H]1O)O)C(=O)O,default,4.7124,success,-4.55,,success,0.21103333333333332,174.15,-1.52,4,4,97.99,1,0,-8.41,success
beta-sitosterol,CC[C@@H](C(C)C)CC[C@H]([C@H]1CC[C@@H]2[C@]1(C)CC[C@H]1[C@H]2CC=C2[C@]1(C)CC[C@@H](C2)O)C,default,5.3255,success,-5.12,,success,0.28112499999999996,414.72,8.02,1,1,20.23,6,1,-8.24,success
"5â€²,6â€²-dihydroxy- 2â€²-(4-hydroxy-2-oxo-2H-pyran-6-yl)-5-[(E)-2-(4-hydroxy-phenyl) ethenyl]-3H-spiro[furan-2,1â€²-inden]-3-one",Oc1cc(=O)oc(c1)C1=Cc2c(C31OC(=CC3=O)/C=C/c1ccc(c(c1)O)O)cc(c(c2)O)O,default,6.6363,success,-7.71,,success,0.47669166666666674,460.39,3.11,5,9,157.66,3,0,-8.57,success
"3,14â€²-bihispidinyl",Oc1cc(/C=C/c2cc(O)c(cc2c2c([O-])cc(oc2=O)/C=C/c2ccc(c(c2)O)[O-])O)oc(=O)c1,default,6.303,success,-7.61,,success,0.44558333333333333,488.4,2.57,4,10,187.46,5,0,-8.0,success
hispidin,Oc1cc(/C=C/c2ccc(c(c2)O)O)oc(=O)c1,default,5.7972,success,-8.15,,success,0.4214333333333333,246.22,1.93,3,5,90.9,2,0,-9.86,success
ionylideneacetic acid,OC(=O)/C=C(/C=C/[C@@H]1C(=C)CCCC1(C)C)\C,default,5.0748,success,-7.0,,success,0.32289999999999996,234.34,3.96,1,1,37.3,3,0,-9.42,success
"1S-(2E)-5-[(1R)-2,2-dimethyl-6-methylidenecyclohexyl]-3-methylpent-2-enoic acid",C/C(=C\C(=O)O)/CC[C@@H]1C(=C)CCCC1(C)C,default,4.877,success,-5.34,,success,0.2510833333333333,236.35,4.18,1,1,37.3,4,0,-9.52,success
phellidine E,OC(=O)/C=C(/[C@H]1O[C@@H]1[C@@H]1C(=C)CCCC1(C)C)\C,default,5.4578,success,-10.39,,success,0.46781666666666666,250.34,3.17,1,2,49.83,3,0,-9.56,success
phellidine D,OC(=O)/C=C(/[C@@H](C[C@@H]1C(=C)CCCC1(C)C)O)\C,default,5.2943,success,-10.28,,success,0.45052499999999995,252.35,3.15,2,2,57.53,4,0,-9.67,success
2-(p-hydroxybenzyl)benzofuran-6-ol,Oc1ccc(cc1)Cc1oc2c(c1)ccc(c2)O,default,5.0198,success,-8.55,,success,0.3699833333333334,240.26,3.43,2,3,53.6,2,0,-9.99,success
2-(p-hydroxybenzyl)-7-methoxybenzofuran-6-ol,COc1c(O)ccc2c1oc(c2)Cc1ccc(cc1)O,default,5.3764,success,-10.95,,success,0.4797,270.28,3.44,2,4,62.83,3,0,-9.95,success
2-(p-hydroxy-3-(3-methylbut-2-en-1-yl)benzyl)benzofuran-6-ol,CC(=CCc1cc(ccc1O)Cc1cc2c(o1)cc(cc2)O)C,default,5.6736,success,-9.1,,success,0.4428000000000001,308.38,4.94,2,3,53.6,4,0,-9.52,success
bergapten,COc1c2ccc(=O)oc2cc2c1cco2,default,5.1131,success,-7.44,,success,0.3407583333333334,216.19,2.55,0,4,52.58,1,0,-10.11,success
butein,Oc1ccc(c(c1)O)C(=O)/C=C/c1ccc(c(c1)O)O,default,5.4964,success,-9.91,,success,0.45503333333333335,272.26,2.41,4,5,97.99,3,0,-9.54,success
dihydrochelerythrine,COc1c(OC)ccc2c1CN(C)c1c2ccc2c1cc1OCOc1c2,default,5.4504,success,-7.98,,success,0.3868666666666667,349.39,4.2,0,5,40.16,2,0,-10.06,success
8-acetonyldihydrochelerythrine,COc1c(OC)ccc2c1C(CC(=O)C)N(C)c1c2ccc2c1cc1OCOc1c2,default,5.912,success,-7.76,,success,0.418,405.45,4.72,0,6,57.23,4,0,-9.34,success
lysicamine,COc1c(c2c3c(c1)ccnc3C(=O)c1ccccc21)OC,default,5.4424,success,-9.78,,success,0.4462,291.31,3.46,0,4,48.42,2,0,-9.88,success
trivalvone,COC1=Cc2ccnc3c(c4c5ccccc5c5c(c(cc6CCN(c4c56)C)OC)OC)c4ccccc4c(C1=O)c23,default,6.0288,success,-3.36,,success,0.2810666666666667,552.63,7.55,0,6,60.89,4,2,-6.85,success
palmatine,COc1c(c2c[n+]3c(cc2cc1)c1cc(c(cc1CC3)OC)OC)OC,default,5.3182,success,-9.78,,success,0.43584999999999996,352.41,3.38,0,4,40.8,4,0,-10.07,success
jatrorrhizine,COc1c(c2c[n+]3c(cc2cc1)c1cc(c(cc1CC3)O)OC)OC,default,5.5549,success,-10.93,,success,0.49390833333333334,338.38,3.08,1,4,51.8,3,0,-10.24,success
columbamine,COc1c(c2c[n+]3c(cc2cc1)c1cc(c(cc1CC3)OC)O)OC,default,5.5803,success,-10.64,,success,0.48635833333333334,338.38,3.08,1,4,51.8,3,0,-10.24,success
(-)-tetrahydropalmatine,COc1c(c2c(C[C@H]3c4cc(c(cc4CCN3C2)OC)OC)cc1)OC,default,5.2668,success,-10.05,,success,0.44056666666666666,355.43,3.38,0,5,40.16,4,0,-10.32,success
