error,execution_time
"AIPredictor requires a valid, pre-loaded model.",0.0
"AIPredictor requires a valid, pre-loaded model.",0.001588582992553711
"AIPredictor requires a valid, pre-loaded model.",0.0
"AIPredictor requires a valid, pre-loaded model.",0.0010061264038085938
"AIPredictor requires a valid, pre-loaded model.",0.0005040168762207031
"AIPredictor requires a valid, pre-loaded model.",0.0005497932434082031
"AIPredictor requires a valid, pre-loaded model.",0.0005161762237548828
"AIPredictor requires a valid, pre-loaded model.",0.0
"AIPredictor requires a valid, pre-loaded model.",0.0005123615264892578
"AIPredictor requires a valid, pre-loaded model.",0.0
"AIPredictor requires a valid, pre-loaded model.",0.0010044574737548828
"AIPredictor requires a valid, pre-loaded model.",0.0
"AIPredictor requires a valid, pre-loaded model.",0.0
"AIPredictor requires a valid, pre-loaded model.",0.0
"AIPredictor requires a valid, pre-loaded model.",0.001504659652709961
"AIPredictor requires a valid, pre-loaded model.",0.0
"AIPredictor requires a valid, pre-loaded model.",0.0
"AIPredictor requires a valid, pre-loaded model.",0.0
"AIPredictor requires a valid, pre-loaded model.",0.0005033016204833984
"AIPredictor requires a valid, pre-loaded model.",0.0
"AIPredictor requires a valid, pre-loaded model.",0.0010044574737548828
"AIPredictor requires a valid, pre-loaded model.",0.0
"AIPredictor requires a valid, pre-loaded model.",0.0
"AIPredictor requires a valid, pre-loaded model.",0.0011677742004394531
"AIPredictor requires a valid, pre-loaded model.",0.0
"AIPredictor requires a valid, pre-loaded model.",0.0
"AIPredictor requires a valid, pre-loaded model.",0.0009989738464355469
"AIPredictor requires a valid, pre-loaded model.",0.0
"AIPredictor requires a valid, pre-loaded model.",0.0
"AIPredictor requires a valid, pre-loaded model.",0.0
"AIPredictor requires a valid, pre-loaded model.",0.001505136489868164
"AIPredictor requires a valid, pre-loaded model.",0.0005118846893310547
"AIPredictor requires a valid, pre-loaded model.",0.0
"AIPredictor requires a valid, pre-loaded model.",0.0
"AIPredictor requires a valid, pre-loaded model.",0.0
"AIPredictor requires a valid, pre-loaded model.",0.0010073184967041016
"AIPredictor requires a valid, pre-loaded model.",0.0
"AIPredictor requires a valid, pre-loaded model.",0.00099945068359375
"AIPredictor requires a valid, pre-loaded model.",0.0
"AIPredictor requires a valid, pre-loaded model.",0.00099945068359375
"AIPredictor requires a valid, pre-loaded model.",0.0
"AIPredictor requires a valid, pre-loaded model.",0.001077413558959961
"AIPredictor requires a valid, pre-loaded model.",0.0005526542663574219
"AIPredictor requires a valid, pre-loaded model.",0.0
"AIPredictor requires a valid, pre-loaded model.",0.0
"AIPredictor requires a valid, pre-loaded model.",0.0011563301086425781
"AIPredictor requires a valid, pre-loaded model.",0.0
"AIPredictor requires a valid, pre-loaded model.",0.0
"AIPredictor requires a valid, pre-loaded model.",0.0
"AIPredictor requires a valid, pre-loaded model.",0.0
"AIPredictor requires a valid, pre-loaded model.",0.0
"AIPredictor requires a valid, pre-loaded model.",0.0
"AIPredictor requires a valid, pre-loaded model.",0.0
"AIPredictor requires a valid, pre-loaded model.",0.0
"AIPredictor requires a valid, pre-loaded model.",0.0
"AIPredictor requires a valid, pre-loaded model.",0.0015048980712890625
"AIPredictor requires a valid, pre-loaded model.",0.0005118846893310547
"AIPredictor requires a valid, pre-loaded model.",0.0
"AIPredictor requires a valid, pre-loaded model.",0.0
"AIPredictor requires a valid, pre-loaded model.",0.001004934310913086
"AIPredictor requires a valid, pre-loaded model.",0.0
"AIPredictor requires a valid, pre-loaded model.",0.0009996891021728516
"AIPredictor requires a valid, pre-loaded model.",0.0
"AIPredictor requires a valid, pre-loaded model.",0.0
"AIPredictor requires a valid, pre-loaded model.",0.0010504722595214844
"AIPredictor requires a valid, pre-loaded model.",0.0
"AIPredictor requires a valid, pre-loaded model.",0.0
"AIPredictor requires a valid, pre-loaded model.",0.0
"AIPredictor requires a valid, pre-loaded model.",0.00150299072265625
"AIPredictor requires a valid, pre-loaded model.",0.0
"AIPredictor requires a valid, pre-loaded model.",0.0
"AIPredictor requires a valid, pre-loaded model.",0.0
"AIPredictor requires a valid, pre-loaded model.",0.0
"AIPredictor requires a valid, pre-loaded model.",0.0009992122650146484
"AIPredictor requires a valid, pre-loaded model.",0.0005042552947998047
"AIPredictor requires a valid, pre-loaded model.",0.0
"AIPredictor requires a valid, pre-loaded model.",0.0005068778991699219
"AIPredictor requires a valid, pre-loaded model.",0.0
"AIPredictor requires a valid, pre-loaded model.",0.0
"AIPredictor requires a valid, pre-loaded model.",0.0011057853698730469
"AIPredictor requires a valid, pre-loaded model.",0.0
"AIPredictor requires a valid, pre-loaded model.",0.0
"AIPredictor requires a valid, pre-loaded model.",0.0
"AIPredictor requires a valid, pre-loaded model.",0.0010077953338623047
"AIPredictor requires a valid, pre-loaded model.",0.0
"AIPredictor requires a valid, pre-loaded model.",0.0
"AIPredictor requires a valid, pre-loaded model.",0.0
"AIPredictor requires a valid, pre-loaded model.",0.0015063285827636719
"AIPredictor requires a valid, pre-loaded model.",0.0
"AIPredictor requires a valid, pre-loaded model.",0.0
"AIPredictor requires a valid, pre-loaded model.",0.0
"AIPredictor requires a valid, pre-loaded model.",0.0
"AIPredictor requires a valid, pre-loaded model.",0.0
"AIPredictor requires a valid, pre-loaded model.",0.0
"AIPredictor requires a valid, pre-loaded model.",0.0
"AIPredictor requires a valid, pre-loaded model.",0.0005137920379638672
"AIPredictor requires a valid, pre-loaded model.",0.0
"AIPredictor requires a valid, pre-loaded model.",0.0010044574737548828
"AIPredictor requires a valid, pre-loaded model.",0.0
"AIPredictor requires a valid, pre-loaded model.",0.0
"AIPredictor requires a valid, pre-loaded model.",0.0010023117065429688
"AIPredictor requires a valid, pre-loaded model.",0.0
"AIPredictor requires a valid, pre-loaded model.",0.0
"AIPredictor requires a valid, pre-loaded model.",0.0
"AIPredictor requires a valid, pre-loaded model.",0.0015034675598144531
"AIPredictor requires a valid, pre-loaded model.",0.0
"AIPredictor requires a valid, pre-loaded model.",0.0
"AIPredictor requires a valid, pre-loaded model.",0.0
"AIPredictor requires a valid, pre-loaded model.",0.0010051727294921875
"AIPredictor requires a valid, pre-loaded model.",0.0
"AIPredictor requires a valid, pre-loaded model.",0.0
"AIPredictor requires a valid, pre-loaded model.",0.0
"AIPredictor requires a valid, pre-loaded model.",0.0
"AIPredictor requires a valid, pre-loaded model.",0.00099945068359375
"AIPredictor requires a valid, pre-loaded model.",0.0
"AIPredictor requires a valid, pre-loaded model.",0.0
"AIPredictor requires a valid, pre-loaded model.",0.0
"AIPredictor requires a valid, pre-loaded model.",0.0
"AIPredictor requires a valid, pre-loaded model.",0.0007574558258056641
"AIPredictor requires a valid, pre-loaded model.",0.0
"AIPredictor requires a valid, pre-loaded model.",0.0010097026824951172
"AIPredictor requires a valid, pre-loaded model.",0.0
"AIPredictor requires a valid, pre-loaded model.",0.0
"AIPredictor requires a valid, pre-loaded model.",0.0015053749084472656
"AIPredictor requires a valid, pre-loaded model.",0.0
"AIPredictor requires a valid, pre-loaded model.",0.0
"AIPredictor requires a valid, pre-loaded model.",0.0
"AIPredictor requires a valid, pre-loaded model.",0.0005047321319580078
"AIPredictor requires a valid, pre-loaded model.",0.0
"AIPredictor requires a valid, pre-loaded model.",0.0
"AIPredictor requires a valid, pre-loaded model.",0.0
"AIPredictor requires a valid, pre-loaded model.",0.0
"AIPredictor requires a valid, pre-loaded model.",0.0
"AIPredictor requires a valid, pre-loaded model.",0.0010075569152832031
"AIPredictor requires a valid, pre-loaded model.",0.0
"AIPredictor requires a valid, pre-loaded model.",0.0
"AIPredictor requires a valid, pre-loaded model.",0.0009975433349609375
"AIPredictor requires a valid, pre-loaded model.",0.0
"AIPredictor requires a valid, pre-loaded model.",0.0
"AIPredictor requires a valid, pre-loaded model.",0.0
"AIPredictor requires a valid, pre-loaded model.",0.0
"AIPredictor requires a valid, pre-loaded model.",0.0010046958923339844
"AIPredictor requires a valid, pre-loaded model.",0.0
"AIPredictor requires a valid, pre-loaded model.",0.0
"AIPredictor requires a valid, pre-loaded model.",0.0010690689086914062
"AIPredictor requires a valid, pre-loaded model.",0.0
"AIPredictor requires a valid, pre-loaded model.",0.00099945068359375
"AIPredictor requires a valid, pre-loaded model.",0.0
"AIPredictor requires a valid, pre-loaded model.",0.0
"AIPredictor requires a valid, pre-loaded model.",0.0010006427764892578
"AIPredictor requires a valid, pre-loaded model.",0.0
"AIPredictor requires a valid, pre-loaded model.",0.0
"AIPredictor requires a valid, pre-loaded model.",0.0009999275207519531
"AIPredictor requires a valid, pre-loaded model.",0.0
"AIPredictor requires a valid, pre-loaded model.",0.0
"AIPredictor requires a valid, pre-loaded model.",0.0
"AIPredictor requires a valid, pre-loaded model.",0.0
"AIPredictor requires a valid, pre-loaded model.",0.0
"AIPredictor requires a valid, pre-loaded model.",0.0010077953338623047
"AIPredictor requires a valid, pre-loaded model.",0.0
"AIPredictor requires a valid, pre-loaded model.",0.0009987354278564453
"AIPredictor requires a valid, pre-loaded model.",0.0
"AIPredictor requires a valid, pre-loaded model.",0.0
"AIPredictor requires a valid, pre-loaded model.",0.0012753009796142578
"AIPredictor requires a valid, pre-loaded model.",0.0
"AIPredictor requires a valid, pre-loaded model.",0.0
"AIPredictor requires a valid, pre-loaded model.",0.0
"AIPredictor requires a valid, pre-loaded model.",0.0
"AIPredictor requires a valid, pre-loaded model.",0.00099945068359375
"AIPredictor requires a valid, pre-loaded model.",0.0
"AIPredictor requires a valid, pre-loaded model.",0.0
"AIPredictor requires a valid, pre-loaded model.",0.0010347366333007812
"AIPredictor requires a valid, pre-loaded model.",0.0
"AIPredictor requires a valid, pre-loaded model.",0.0
"AIPredictor requires a valid, pre-loaded model.",0.0
"AIPredictor requires a valid, pre-loaded model.",0.0
"AIPredictor requires a valid, pre-loaded model.",0.0010013580322265625
"AIPredictor requires a valid, pre-loaded model.",0.0
"AIPredictor requires a valid, pre-loaded model.",0.0
"AIPredictor requires a valid, pre-loaded model.",0.0005109310150146484
"AIPredictor requires a valid, pre-loaded model.",0.0
"AIPredictor requires a valid, pre-loaded model.",0.0
"AIPredictor requires a valid, pre-loaded model.",0.0
"AIPredictor requires a valid, pre-loaded model.",0.0010042190551757812
"AIPredictor requires a valid, pre-loaded model.",0.0
"AIPredictor requires a valid, pre-loaded model.",0.0
"AIPredictor requires a valid, pre-loaded model.",0.0010957717895507812
"AIPredictor requires a valid, pre-loaded model.",0.0
"AIPredictor requires a valid, pre-loaded model.",0.0
"AIPredictor requires a valid, pre-loaded model.",0.0
"AIPredictor requires a valid, pre-loaded model.",0.0
"AIPredictor requires a valid, pre-loaded model.",0.0
"AIPredictor requires a valid, pre-loaded model.",0.0
"AIPredictor requires a valid, pre-loaded model.",0.0005643367767333984
"AIPredictor requires a valid, pre-loaded model.",0.0
"AIPredictor requires a valid, pre-loaded model.",0.0010073184967041016
"AIPredictor requires a valid, pre-loaded model.",0.0
"AIPredictor requires a valid, pre-loaded model.",0.0010459423065185547
"AIPredictor requires a valid, pre-loaded model.",0.0
"AIPredictor requires a valid, pre-loaded model.",0.0010008811950683594
"AIPredictor requires a valid, pre-loaded model.",0.0
"AIPredictor requires a valid, pre-loaded model.",0.0
"AIPredictor requires a valid, pre-loaded model.",0.0005705356597900391
"AIPredictor requires a valid, pre-loaded model.",0.0
"AIPredictor requires a valid, pre-loaded model.",0.0010061264038085938
"AIPredictor requires a valid, pre-loaded model.",0.0
"AIPredictor requires a valid, pre-loaded model.",0.0
"AIPredictor requires a valid, pre-loaded model.",0.0
"AIPredictor requires a valid, pre-loaded model.",0.0015947818756103516
"AIPredictor requires a valid, pre-loaded model.",0.0
"AIPredictor requires a valid, pre-loaded model.",0.0
"AIPredictor requires a valid, pre-loaded model.",0.0
"AIPredictor requires a valid, pre-loaded model.",0.0
"AIPredictor requires a valid, pre-loaded model.",0.0
"AIPredictor requires a valid, pre-loaded model.",0.0
"AIPredictor requires a valid, pre-loaded model.",0.00150299072265625
"AIPredictor requires a valid, pre-loaded model.",0.0
"AIPredictor requires a valid, pre-loaded model.",0.0
"AIPredictor requires a valid, pre-loaded model.",0.0
"AIPredictor requires a valid, pre-loaded model.",0.0
"AIPredictor requires a valid, pre-loaded model.",0.0010044574737548828
"AIPredictor requires a valid, pre-loaded model.",0.0
"AIPredictor requires a valid, pre-loaded model.",0.0
"AIPredictor requires a valid, pre-loaded model.",0.0010018348693847656
"AIPredictor requires a valid, pre-loaded model.",0.0
"AIPredictor requires a valid, pre-loaded model.",0.0
"AIPredictor requires a valid, pre-loaded model.",0.0
"AIPredictor requires a valid, pre-loaded model.",0.0
"AIPredictor requires a valid, pre-loaded model.",0.0010004043579101562
"AIPredictor requires a valid, pre-loaded model.",0.0
"AIPredictor requires a valid, pre-loaded model.",0.0
"AIPredictor requires a valid, pre-loaded model.",0.0005159378051757812
"AIPredictor requires a valid, pre-loaded model.",0.0
"AIPredictor requires a valid, pre-loaded model.",0.001007080078125
"AIPredictor requires a valid, pre-loaded model.",0.0
"AIPredictor requires a valid, pre-loaded model.",0.0
"AIPredictor requires a valid, pre-loaded model.",0.0
"AIPredictor requires a valid, pre-loaded model.",0.001504659652709961
"AIPredictor requires a valid, pre-loaded model.",0.0
"AIPredictor requires a valid, pre-loaded model.",0.0
"AIPredictor requires a valid, pre-loaded model.",0.0
"AIPredictor requires a valid, pre-loaded model.",0.0
"AIPredictor requires a valid, pre-loaded model.",0.0012009143829345703
"AIPredictor requires a valid, pre-loaded model.",0.0
"AIPredictor requires a valid, pre-loaded model.",0.0
"AIPredictor requires a valid, pre-loaded model.",0.0009989738464355469
"AIPredictor requires a valid, pre-loaded model.",0.0
"AIPredictor requires a valid, pre-loaded model.",0.0
"AIPredictor requires a valid, pre-loaded model.",0.0
"AIPredictor requires a valid, pre-loaded model.",0.0
"AIPredictor requires a valid, pre-loaded model.",0.0010044574737548828
"AIPredictor requires a valid, pre-loaded model.",0.0
"AIPredictor requires a valid, pre-loaded model.",0.0
"AIPredictor requires a valid, pre-loaded model.",0.0010344982147216797
"AIPredictor requires a valid, pre-loaded model.",0.0
"AIPredictor requires a valid, pre-loaded model.",0.0010063648223876953
"AIPredictor requires a valid, pre-loaded model.",0.0
"AIPredictor requires a valid, pre-loaded model.",0.0
"AIPredictor requires a valid, pre-loaded model.",0.0010192394256591797
"AIPredictor requires a valid, pre-loaded model.",0.0
"AIPredictor requires a valid, pre-loaded model.",0.0010058879852294922
"AIPredictor requires a valid, pre-loaded model.",0.0
"AIPredictor requires a valid, pre-loaded model.",0.0
"AIPredictor requires a valid, pre-loaded model.",0.0010368824005126953
"AIPredictor requires a valid, pre-loaded model.",0.0
"AIPredictor requires a valid, pre-loaded model.",0.0
"AIPredictor requires a valid, pre-loaded model.",0.0011699199676513672
"AIPredictor requires a valid, pre-loaded model.",0.0005402565002441406
"AIPredictor requires a valid, pre-loaded model.",0.0
"AIPredictor requires a valid, pre-loaded model.",0.0
"AIPredictor requires a valid, pre-loaded model.",0.0
"AIPredictor requires a valid, pre-loaded model.",0.0
"AIPredictor requires a valid, pre-loaded model.",0.0010004043579101562
"AIPredictor requires a valid, pre-loaded model.",0.0
"AIPredictor requires a valid, pre-loaded model.",0.0
"AIPredictor requires a valid, pre-loaded model.",0.0009996891021728516
"AIPredictor requires a valid, pre-loaded model.",0.0
"AIPredictor requires a valid, pre-loaded model.",0.0010302066802978516
"AIPredictor requires a valid, pre-loaded model.",0.0
"AIPredictor requires a valid, pre-loaded model.",0.0
"AIPredictor requires a valid, pre-loaded model.",0.001508951187133789
"AIPredictor requires a valid, pre-loaded model.",0.0
"AIPredictor requires a valid, pre-loaded model.",0.0
"AIPredictor requires a valid, pre-loaded model.",0.0
"AIPredictor requires a valid, pre-loaded model.",0.0
"AIPredictor requires a valid, pre-loaded model.",0.001194000244140625
"AIPredictor requires a valid, pre-loaded model.",0.0
"AIPredictor requires a valid, pre-loaded model.",0.0
"AIPredictor requires a valid, pre-loaded model.",0.0011720657348632812
"AIPredictor requires a valid, pre-loaded model.",0.0
"AIPredictor requires a valid, pre-loaded model.",0.0
"AIPredictor requires a valid, pre-loaded model.",0.0010001659393310547
"AIPredictor requires a valid, pre-loaded model.",0.0
"AIPredictor requires a valid, pre-loaded model.",0.0
"AIPredictor requires a valid, pre-loaded model.",0.0
"AIPredictor requires a valid, pre-loaded model.",0.0
"AIPredictor requires a valid, pre-loaded model.",0.0010001659393310547
"AIPredictor requires a valid, pre-loaded model.",0.0
"AIPredictor requires a valid, pre-loaded model.",0.0
"AIPredictor requires a valid, pre-loaded model.",0.0010004043579101562
"AIPredictor requires a valid, pre-loaded model.",0.0
"AIPredictor requires a valid, pre-loaded model.",0.0
"AIPredictor requires a valid, pre-loaded model.",0.0010557174682617188
"AIPredictor requires a valid, pre-loaded model.",0.0
"AIPredictor requires a valid, pre-loaded model.",0.001001119613647461
"AIPredictor requires a valid, pre-loaded model.",0.0005037784576416016
"AIPredictor requires a valid, pre-loaded model.",0.0005140304565429688
"AIPredictor requires a valid, pre-loaded model.",0.0
"AIPredictor requires a valid, pre-loaded model.",0.0
"AIPredictor requires a valid, pre-loaded model.",0.0
"AIPredictor requires a valid, pre-loaded model.",0.0
"AIPredictor requires a valid, pre-loaded model.",0.0
"AIPredictor requires a valid, pre-loaded model.",0.0
"AIPredictor requires a valid, pre-loaded model.",0.001004934310913086
"AIPredictor requires a valid, pre-loaded model.",0.0
"AIPredictor requires a valid, pre-loaded model.",0.0
"AIPredictor requires a valid, pre-loaded model.",0.0
"AIPredictor requires a valid, pre-loaded model.",0.0005052089691162109
"AIPredictor requires a valid, pre-loaded model.",0.0
"AIPredictor requires a valid, pre-loaded model.",0.0
"AIPredictor requires a valid, pre-loaded model.",0.0
"AIPredictor requires a valid, pre-loaded model.",0.0009982585906982422
"AIPredictor requires a valid, pre-loaded model.",0.0005085468292236328
"AIPredictor requires a valid, pre-loaded model.",0.0
"AIPredictor requires a valid, pre-loaded model.",0.0010058879852294922
"AIPredictor requires a valid, pre-loaded model.",0.0
"AIPredictor requires a valid, pre-loaded model.",0.0
"AIPredictor requires a valid, pre-loaded model.",0.0
"AIPredictor requires a valid, pre-loaded model.",0.0
"AIPredictor requires a valid, pre-loaded model.",0.0
"AIPredictor requires a valid, pre-loaded model.",0.0
"AIPredictor requires a valid, pre-loaded model.",0.0
"AIPredictor requires a valid, pre-loaded model.",0.0
"AIPredictor requires a valid, pre-loaded model.",0.0010058879852294922
"AIPredictor requires a valid, pre-loaded model.",0.0
"AIPredictor requires a valid, pre-loaded model.",0.0
"AIPredictor requires a valid, pre-loaded model.",0.0
"AIPredictor requires a valid, pre-loaded model.",0.0015039443969726562
"AIPredictor requires a valid, pre-loaded model.",0.0
"AIPredictor requires a valid, pre-loaded model.",0.0
"AIPredictor requires a valid, pre-loaded model.",0.0011758804321289062
"AIPredictor requires a valid, pre-loaded model.",0.0
"AIPredictor requires a valid, pre-loaded model.",0.0
"AIPredictor requires a valid, pre-loaded model.",0.0
"AIPredictor requires a valid, pre-loaded model.",0.0005345344543457031
"AIPredictor requires a valid, pre-loaded model.",0.0
"AIPredictor requires a valid, pre-loaded model.",0.0
"AIPredictor requires a valid, pre-loaded model.",0.0
"AIPredictor requires a valid, pre-loaded model.",0.0
"AIPredictor requires a valid, pre-loaded model.",0.0010018348693847656
"AIPredictor requires a valid, pre-loaded model.",0.0
"AIPredictor requires a valid, pre-loaded model.",0.0
"AIPredictor requires a valid, pre-loaded model.",0.0009987354278564453
"AIPredictor requires a valid, pre-loaded model.",0.0
"AIPredictor requires a valid, pre-loaded model.",0.0010008811950683594
"AIPredictor requires a valid, pre-loaded model.",0.0
"AIPredictor requires a valid, pre-loaded model.",0.0
"AIPredictor requires a valid, pre-loaded model.",0.0009987354278564453
"AIPredictor requires a valid, pre-loaded model.",0.0
"AIPredictor requires a valid, pre-loaded model.",0.0
"AIPredictor requires a valid, pre-loaded model.",0.0015552043914794922
"AIPredictor requires a valid, pre-loaded model.",0.0
"AIPredictor requires a valid, pre-loaded model.",0.0010056495666503906
"AIPredictor requires a valid, pre-loaded model.",0.0
"AIPredictor requires a valid, pre-loaded model.",0.0
"AIPredictor requires a valid, pre-loaded model.",0.0
"AIPredictor requires a valid, pre-loaded model.",0.0009992122650146484
"AIPredictor requires a valid, pre-loaded model.",0.0005037784576416016
"AIPredictor requires a valid, pre-loaded model.",0.0005140304565429688
"AIPredictor requires a valid, pre-loaded model.",0.0
"AIPredictor requires a valid, pre-loaded model.",0.0
"AIPredictor requires a valid, pre-loaded model.",0.0
"AIPredictor requires a valid, pre-loaded model.",0.0015130043029785156
"AIPredictor requires a valid, pre-loaded model.",0.0
"AIPredictor requires a valid, pre-loaded model.",0.0
"AIPredictor requires a valid, pre-loaded model.",0.0010056495666503906
"AIPredictor requires a valid, pre-loaded model.",0.0
"AIPredictor requires a valid, pre-loaded model.",0.0
"AIPredictor requires a valid, pre-loaded model.",0.0
"AIPredictor requires a valid, pre-loaded model.",0.0015039443969726562
"AIPredictor requires a valid, pre-loaded model.",0.0005421638488769531
"AIPredictor requires a valid, pre-loaded model.",0.0
"AIPredictor requires a valid, pre-loaded model.",0.0
"AIPredictor requires a valid, pre-loaded model.",0.0005385875701904297
"AIPredictor requires a valid, pre-loaded model.",0.0
"AIPredictor requires a valid, pre-loaded model.",0.0
"AIPredictor requires a valid, pre-loaded model.",0.0
"AIPredictor requires a valid, pre-loaded model.",0.0
"AIPredictor requires a valid, pre-loaded model.",0.0011539459228515625
"AIPredictor requires a valid, pre-loaded model.",0.0
"AIPredictor requires a valid, pre-loaded model.",0.0
"AIPredictor requires a valid, pre-loaded model.",0.0009996891021728516
"AIPredictor requires a valid, pre-loaded model.",0.0
"AIPredictor requires a valid, pre-loaded model.",0.0
"AIPredictor requires a valid, pre-loaded model.",0.0
"AIPredictor requires a valid, pre-loaded model.",0.0
"AIPredictor requires a valid, pre-loaded model.",0.0
"AIPredictor requires a valid, pre-loaded model.",0.0
"AIPredictor requires a valid, pre-loaded model.",0.0
"AIPredictor requires a valid, pre-loaded model.",0.0
"AIPredictor requires a valid, pre-loaded model.",0.0010116100311279297
"AIPredictor requires a valid, pre-loaded model.",0.0
"AIPredictor requires a valid, pre-loaded model.",0.0
"AIPredictor requires a valid, pre-loaded model.",0.0
"AIPredictor requires a valid, pre-loaded model.",0.0009989738464355469
"AIPredictor requires a valid, pre-loaded model.",0.0005049705505371094
"AIPredictor requires a valid, pre-loaded model.",0.0
"AIPredictor requires a valid, pre-loaded model.",0.001005411148071289
"AIPredictor requires a valid, pre-loaded model.",0.0
"AIPredictor requires a valid, pre-loaded model.",0.0
"AIPredictor requires a valid, pre-loaded model.",0.001173257827758789
"AIPredictor requires a valid, pre-loaded model.",0.0
"AIPredictor requires a valid, pre-loaded model.",0.0
"AIPredictor requires a valid, pre-loaded model.",0.0
"AIPredictor requires a valid, pre-loaded model.",0.0010046958923339844
"AIPredictor requires a valid, pre-loaded model.",0.0
"AIPredictor requires a valid, pre-loaded model.",0.0
"AIPredictor requires a valid, pre-loaded model.",0.001001596450805664
"AIPredictor requires a valid, pre-loaded model.",0.0005321502685546875
"AIPredictor requires a valid, pre-loaded model.",0.0
"AIPredictor requires a valid, pre-loaded model.",0.0
"AIPredictor requires a valid, pre-loaded model.",0.0
"AIPredictor requires a valid, pre-loaded model.",0.0
"AIPredictor requires a valid, pre-loaded model.",0.0010447502136230469
"AIPredictor requires a valid, pre-loaded model.",0.0
"AIPredictor requires a valid, pre-loaded model.",0.0
"AIPredictor requires a valid, pre-loaded model.",0.0010013580322265625
"AIPredictor requires a valid, pre-loaded model.",0.0
"AIPredictor requires a valid, pre-loaded model.",0.0
"AIPredictor requires a valid, pre-loaded model.",0.0
"AIPredictor requires a valid, pre-loaded model.",0.0015187263488769531
"AIPredictor requires a valid, pre-loaded model.",0.0005114078521728516
"AIPredictor requires a valid, pre-loaded model.",0.0005145072937011719
"AIPredictor requires a valid, pre-loaded model.",0.0
"AIPredictor requires a valid, pre-loaded model.",0.0
"AIPredictor requires a valid, pre-loaded model.",0.0
"AIPredictor requires a valid, pre-loaded model.",0.0
"AIPredictor requires a valid, pre-loaded model.",0.0009970664978027344
"AIPredictor requires a valid, pre-loaded model.",0.0005040168762207031
"AIPredictor requires a valid, pre-loaded model.",0.0
"AIPredictor requires a valid, pre-loaded model.",0.0
"AIPredictor requires a valid, pre-loaded model.",0.0015132427215576172
"AIPredictor requires a valid, pre-loaded model.",0.0005161762237548828
"AIPredictor requires a valid, pre-loaded model.",0.0005161762237548828
"AIPredictor requires a valid, pre-loaded model.",0.0
"AIPredictor requires a valid, pre-loaded model.",0.0010061264038085938
"AIPredictor requires a valid, pre-loaded model.",0.0
"AIPredictor requires a valid, pre-loaded model.",0.0
"AIPredictor requires a valid, pre-loaded model.",0.0
"AIPredictor requires a valid, pre-loaded model.",0.0
"AIPredictor requires a valid, pre-loaded model.",0.0
"AIPredictor requires a valid, pre-loaded model.",0.0015044212341308594
"AIPredictor requires a valid, pre-loaded model.",0.0
"AIPredictor requires a valid, pre-loaded model.",0.0
"AIPredictor requires a valid, pre-loaded model.",0.001005411148071289
"AIPredictor requires a valid, pre-loaded model.",0.0005040168762207031
"AIPredictor requires a valid, pre-loaded model.",0.0
"AIPredictor requires a valid, pre-loaded model.",0.001004934310913086
"AIPredictor requires a valid, pre-loaded model.",0.0
"AIPredictor requires a valid, pre-loaded model.",0.0005044937133789062
"AIPredictor requires a valid, pre-loaded model.",0.0
"AIPredictor requires a valid, pre-loaded model.",0.0010073184967041016
"AIPredictor requires a valid, pre-loaded model.",0.0
"AIPredictor requires a valid, pre-loaded model.",0.0
"AIPredictor requires a valid, pre-loaded model.",0.0009982585906982422
"AIPredictor requires a valid, pre-loaded model.",0.0
"AIPredictor requires a valid, pre-loaded model.",0.0
"AIPredictor requires a valid, pre-loaded model.",0.0
"AIPredictor requires a valid, pre-loaded model.",0.0
"AIPredictor requires a valid, pre-loaded model.",0.0009996891021728516
"AIPredictor requires a valid, pre-loaded model.",0.0
"AIPredictor requires a valid, pre-loaded model.",0.0
"AIPredictor requires a valid, pre-loaded model.",0.0
"AIPredictor requires a valid, pre-loaded model.",0.0
"AIPredictor requires a valid, pre-loaded model.",0.0010023117065429688
"AIPredictor requires a valid, pre-loaded model.",0.0
"AIPredictor requires a valid, pre-loaded model.",0.0
"AIPredictor requires a valid, pre-loaded model.",0.0
"AIPredictor requires a valid, pre-loaded model.",0.0
"AIPredictor requires a valid, pre-loaded model.",0.0
"AIPredictor requires a valid, pre-loaded model.",0.0015075206756591797
"AIPredictor requires a valid, pre-loaded model.",0.0004913806915283203
"AIPredictor requires a valid, pre-loaded model.",0.0
"AIPredictor requires a valid, pre-loaded model.",0.0011417865753173828
"AIPredictor requires a valid, pre-loaded model.",0.0
"AIPredictor requires a valid, pre-loaded model.",0.0
"AIPredictor requires a valid, pre-loaded model.",0.0
"AIPredictor requires a valid, pre-loaded model.",0.0
"AIPredictor requires a valid, pre-loaded model.",0.0
"AIPredictor requires a valid, pre-loaded model.",0.0010051727294921875
"AIPredictor requires a valid, pre-loaded model.",0.0
"AIPredictor requires a valid, pre-loaded model.",0.0
"AIPredictor requires a valid, pre-loaded model.",0.0
"AIPredictor requires a valid, pre-loaded model.",0.00152587890625
"AIPredictor requires a valid, pre-loaded model.",0.0005640983581542969
"AIPredictor requires a valid, pre-loaded model.",0.0
"AIPredictor requires a valid, pre-loaded model.",0.0
"AIPredictor requires a valid, pre-loaded model.",0.0010046958923339844
"AIPredictor requires a valid, pre-loaded model.",0.0
"AIPredictor requires a valid, pre-loaded model.",0.0010004043579101562
"AIPredictor requires a valid, pre-loaded model.",0.0
"AIPredictor requires a valid, pre-loaded model.",0.0
"AIPredictor requires a valid, pre-loaded model.",0.0010573863983154297
"AIPredictor requires a valid, pre-loaded model.",0.0
"AIPredictor requires a valid, pre-loaded model.",0.0
"AIPredictor requires a valid, pre-loaded model.",0.0006704330444335938
"AIPredictor requires a valid, pre-loaded model.",0.0
"AIPredictor requires a valid, pre-loaded model.",0.0
"AIPredictor requires a valid, pre-loaded model.",0.001004934310913086
"AIPredictor requires a valid, pre-loaded model.",0.0
"AIPredictor requires a valid, pre-loaded model.",0.001001596450805664
"AIPredictor requires a valid, pre-loaded model.",0.0
"AIPredictor requires a valid, pre-loaded model.",0.0
"AIPredictor requires a valid, pre-loaded model.",0.0009975433349609375
"AIPredictor requires a valid, pre-loaded model.",0.0
"AIPredictor requires a valid, pre-loaded model.",0.0
"AIPredictor requires a valid, pre-loaded model.",0.0
"AIPredictor requires a valid, pre-loaded model.",0.0
"AIPredictor requires a valid, pre-loaded model.",0.0009999275207519531
"AIPredictor requires a valid, pre-loaded model.",0.0005033016204833984
"AIPredictor requires a valid, pre-loaded model.",0.0
"AIPredictor requires a valid, pre-loaded model.",0.0010116100311279297
"AIPredictor requires a valid, pre-loaded model.",0.0
"AIPredictor requires a valid, pre-loaded model.",0.0
"AIPredictor requires a valid, pre-loaded model.",0.001504659652709961
"AIPredictor requires a valid, pre-loaded model.",0.0
"AIPredictor requires a valid, pre-loaded model.",0.001007080078125
"AIPredictor requires a valid, pre-loaded model.",0.0
"AIPredictor requires a valid, pre-loaded model.",0.0
"AIPredictor requires a valid, pre-loaded model.",0.0
"AIPredictor requires a valid, pre-loaded model.",0.0015039443969726562
"AIPredictor requires a valid, pre-loaded model.",0.0
"AIPredictor requires a valid, pre-loaded model.",0.0
"AIPredictor requires a valid, pre-loaded model.",0.0
"AIPredictor requires a valid, pre-loaded model.",0.0010058879852294922
"AIPredictor requires a valid, pre-loaded model.",0.0
"AIPredictor requires a valid, pre-loaded model.",0.0
"AIPredictor requires a valid, pre-loaded model.",0.0009996891021728516
"AIPredictor requires a valid, pre-loaded model.",0.0
"AIPredictor requires a valid, pre-loaded model.",0.0
"AIPredictor requires a valid, pre-loaded model.",0.0
"AIPredictor requires a valid, pre-loaded model.",0.0015048980712890625
"AIPredictor requires a valid, pre-loaded model.",0.0005102157592773438
"AIPredictor requires a valid, pre-loaded model.",0.0
"AIPredictor requires a valid, pre-loaded model.",0.0
"AIPredictor requires a valid, pre-loaded model.",0.0
"AIPredictor requires a valid, pre-loaded model.",0.0015103816986083984
"AIPredictor requires a valid, pre-loaded model.",0.0
"AIPredictor requires a valid, pre-loaded model.",0.0
"AIPredictor requires a valid, pre-loaded model.",0.0
"AIPredictor requires a valid, pre-loaded model.",0.0
"AIPredictor requires a valid, pre-loaded model.",0.0
"AIPredictor requires a valid, pre-loaded model.",0.0015056133270263672
"AIPredictor requires a valid, pre-loaded model.",0.0
"AIPredictor requires a valid, pre-loaded model.",0.0
"AIPredictor requires a valid, pre-loaded model.",0.0
"AIPredictor requires a valid, pre-loaded model.",0.0
"AIPredictor requires a valid, pre-loaded model.",0.0
"AIPredictor requires a valid, pre-loaded model.",0.0006513595581054688
"AIPredictor requires a valid, pre-loaded model.",0.0005114078521728516
"AIPredictor requires a valid, pre-loaded model.",0.0
"AIPredictor requires a valid, pre-loaded model.",0.0
"AIPredictor requires a valid, pre-loaded model.",0.0015828609466552734
"AIPredictor requires a valid, pre-loaded model.",0.0005173683166503906
"AIPredictor requires a valid, pre-loaded model.",0.0005130767822265625
"AIPredictor requires a valid, pre-loaded model.",0.0
"AIPredictor requires a valid, pre-loaded model.",0.0010056495666503906
"AIPredictor requires a valid, pre-loaded model.",0.0
"AIPredictor requires a valid, pre-loaded model.",0.0
"AIPredictor requires a valid, pre-loaded model.",0.0
"AIPredictor requires a valid, pre-loaded model.",0.0010058879852294922
"AIPredictor requires a valid, pre-loaded model.",0.0
"AIPredictor requires a valid, pre-loaded model.",0.0
"AIPredictor requires a valid, pre-loaded model.",0.0
"AIPredictor requires a valid, pre-loaded model.",0.0
"AIPredictor requires a valid, pre-loaded model.",0.0010483264923095703
"AIPredictor requires a valid, pre-loaded model.",0.0
"AIPredictor requires a valid, pre-loaded model.",0.0
"AIPredictor requires a valid, pre-loaded model.",0.00099945068359375
"AIPredictor requires a valid, pre-loaded model.",0.0
"AIPredictor requires a valid, pre-loaded model.",0.0
"AIPredictor requires a valid, pre-loaded model.",0.0010530948638916016
"AIPredictor requires a valid, pre-loaded model.",0.0
"AIPredictor requires a valid, pre-loaded model.",0.0010089874267578125
"AIPredictor requires a valid, pre-loaded model.",0.0
"AIPredictor requires a valid, pre-loaded model.",0.0
"AIPredictor requires a valid, pre-loaded model.",0.0009965896606445312
"AIPredictor requires a valid, pre-loaded model.",0.0
"AIPredictor requires a valid, pre-loaded model.",0.0010006427764892578
"AIPredictor requires a valid, pre-loaded model.",0.0
"AIPredictor requires a valid, pre-loaded model.",0.0
"AIPredictor requires a valid, pre-loaded model.",0.0
"AIPredictor requires a valid, pre-loaded model.",0.0015032291412353516
"AIPredictor requires a valid, pre-loaded model.",0.0
"AIPredictor requires a valid, pre-loaded model.",0.0
"AIPredictor requires a valid, pre-loaded model.",0.0010051727294921875
"AIPredictor requires a valid, pre-loaded model.",0.0
"AIPredictor requires a valid, pre-loaded model.",0.0
"AIPredictor requires a valid, pre-loaded model.",0.0
"AIPredictor requires a valid, pre-loaded model.",0.0
"AIPredictor requires a valid, pre-loaded model.",0.0
"AIPredictor requires a valid, pre-loaded model.",0.0015065670013427734
"AIPredictor requires a valid, pre-loaded model.",0.0
"AIPredictor requires a valid, pre-loaded model.",0.0010058879852294922
"AIPredictor requires a valid, pre-loaded model.",0.0
"AIPredictor requires a valid, pre-loaded model.",0.0
"AIPredictor requires a valid, pre-loaded model.",0.001508474349975586
"AIPredictor requires a valid, pre-loaded model.",0.0
"AIPredictor requires a valid, pre-loaded model.",0.0005114078521728516
"AIPredictor requires a valid, pre-loaded model.",0.0
"AIPredictor requires a valid, pre-loaded model.",0.0010085105895996094
"AIPredictor requires a valid, pre-loaded model.",0.0
"AIPredictor requires a valid, pre-loaded model.",0.0
"AIPredictor requires a valid, pre-loaded model.",0.0010957717895507812
"AIPredictor requires a valid, pre-loaded model.",0.0
"AIPredictor requires a valid, pre-loaded model.",0.0
"AIPredictor requires a valid, pre-loaded model.",0.001004934310913086
"AIPredictor requires a valid, pre-loaded model.",0.0
"AIPredictor requires a valid, pre-loaded model.",0.0010004043579101562
"AIPredictor requires a valid, pre-loaded model.",0.0
"AIPredictor requires a valid, pre-loaded model.",0.0
"AIPredictor requires a valid, pre-loaded model.",0.0
"AIPredictor requires a valid, pre-loaded model.",0.0
"AIPredictor requires a valid, pre-loaded model.",0.0010843276977539062
"AIPredictor requires a valid, pre-loaded model.",0.0
"AIPredictor requires a valid, pre-loaded model.",0.0
"AIPredictor requires a valid, pre-loaded model.",0.0010044574737548828
"AIPredictor requires a valid, pre-loaded model.",0.0
"AIPredictor requires a valid, pre-loaded model.",0.0
"AIPredictor requires a valid, pre-loaded model.",0.0010008811950683594
"AIPredictor requires a valid, pre-loaded model.",0.0
"AIPredictor requires a valid, pre-loaded model.",0.0010001659393310547
"AIPredictor requires a valid, pre-loaded model.",0.0
"AIPredictor requires a valid, pre-loaded model.",0.0
"AIPredictor requires a valid, pre-loaded model.",0.001168966293334961
"AIPredictor requires a valid, pre-loaded model.",0.0
"AIPredictor requires a valid, pre-loaded model.",0.0
"AIPredictor requires a valid, pre-loaded model.",0.0
"AIPredictor requires a valid, pre-loaded model.",0.0015034675598144531
"AIPredictor requires a valid, pre-loaded model.",0.0
"AIPredictor requires a valid, pre-loaded model.",0.001005411148071289
"AIPredictor requires a valid, pre-loaded model.",0.0
"AIPredictor requires a valid, pre-loaded model.",0.0010025501251220703
"AIPredictor requires a valid, pre-loaded model.",0.0
"AIPredictor requires a valid, pre-loaded model.",0.0
"AIPredictor requires a valid, pre-loaded model.",0.0015060901641845703
"AIPredictor requires a valid, pre-loaded model.",0.0006279945373535156
"AIPredictor requires a valid, pre-loaded model.",0.0
"AIPredictor requires a valid, pre-loaded model.",0.0010056495666503906
"AIPredictor requires a valid, pre-loaded model.",0.0
"AIPredictor requires a valid, pre-loaded model.",0.0
"AIPredictor requires a valid, pre-loaded model.",0.0
"AIPredictor requires a valid, pre-loaded model.",0.0
"AIPredictor requires a valid, pre-loaded model.",0.0
"AIPredictor requires a valid, pre-loaded model.",0.0
"AIPredictor requires a valid, pre-loaded model.",0.001004934310913086
"AIPredictor requires a valid, pre-loaded model.",0.0
"AIPredictor requires a valid, pre-loaded model.",0.0
"AIPredictor requires a valid, pre-loaded model.",0.001111745834350586
"AIPredictor requires a valid, pre-loaded model.",0.0
"AIPredictor requires a valid, pre-loaded model.",0.0
"AIPredictor requires a valid, pre-loaded model.",0.0010004043579101562
"AIPredictor requires a valid, pre-loaded model.",0.0
"AIPredictor requires a valid, pre-loaded model.",0.0008022785186767578
"AIPredictor requires a valid, pre-loaded model.",0.0005211830139160156
"AIPredictor requires a valid, pre-loaded model.",0.0005197525024414062
"AIPredictor requires a valid, pre-loaded model.",0.0
"AIPredictor requires a valid, pre-loaded model.",0.0
"AIPredictor requires a valid, pre-loaded model.",0.000522613525390625
"AIPredictor requires a valid, pre-loaded model.",0.0005195140838623047
"AIPredictor requires a valid, pre-loaded model.",0.0
"AIPredictor requires a valid, pre-loaded model.",0.0
"AIPredictor requires a valid, pre-loaded model.",0.0005116462707519531
"AIPredictor requires a valid, pre-loaded model.",0.0
"AIPredictor requires a valid, pre-loaded model.",0.0
"AIPredictor requires a valid, pre-loaded model.",0.0005252361297607422
"AIPredictor requires a valid, pre-loaded model.",0.0005183219909667969
"AIPredictor requires a valid, pre-loaded model.",0.0005202293395996094
"AIPredictor requires a valid, pre-loaded model.",0.0005142688751220703
"AIPredictor requires a valid, pre-loaded model.",0.0005288124084472656
"AIPredictor requires a valid, pre-loaded model.",0.0005185604095458984
"AIPredictor requires a valid, pre-loaded model.",0.0005257129669189453
"AIPredictor requires a valid, pre-loaded model.",0.0005397796630859375
"AIPredictor requires a valid, pre-loaded model.",0.0
"AIPredictor requires a valid, pre-loaded model.",0.0005238056182861328
"AIPredictor requires a valid, pre-loaded model.",0.0
"AIPredictor requires a valid, pre-loaded model.",0.0005192756652832031
"AIPredictor requires a valid, pre-loaded model.",0.0005667209625244141
"AIPredictor requires a valid, pre-loaded model.",0.0005240440368652344
"AIPredictor requires a valid, pre-loaded model.",0.0005223751068115234
"AIPredictor requires a valid, pre-loaded model.",0.0005161762237548828
"AIPredictor requires a valid, pre-loaded model.",0.0005297660827636719
"AIPredictor requires a valid, pre-loaded model.",0.00052642822265625
"AIPredictor requires a valid, pre-loaded model.",0.0
"AIPredictor requires a valid, pre-loaded model.",0.0
"AIPredictor requires a valid, pre-loaded model.",0.0005128383636474609
"AIPredictor requires a valid, pre-loaded model.",0.0005273818969726562
"AIPredictor requires a valid, pre-loaded model.",0.0005123615264892578
"AIPredictor requires a valid, pre-loaded model.",0.0005230903625488281
"AIPredictor requires a valid, pre-loaded model.",0.0005300045013427734
"AIPredictor requires a valid, pre-loaded model.",0.0
"AIPredictor requires a valid, pre-loaded model.",0.0
"AIPredictor requires a valid, pre-loaded model.",0.0005133152008056641
"AIPredictor requires a valid, pre-loaded model.",0.0005140304565429688
"AIPredictor requires a valid, pre-loaded model.",0.0005292892456054688
"AIPredictor requires a valid, pre-loaded model.",0.0
"AIPredictor requires a valid, pre-loaded model.",0.0
"AIPredictor requires a valid, pre-loaded model.",0.0005202293395996094
"AIPredictor requires a valid, pre-loaded model.",0.0005300045013427734
"AIPredictor requires a valid, pre-loaded model.",0.0005271434783935547
"AIPredictor requires a valid, pre-loaded model.",0.0005192756652832031
"AIPredictor requires a valid, pre-loaded model.",0.0
"AIPredictor requires a valid, pre-loaded model.",0.0
"AIPredictor requires a valid, pre-loaded model.",0.0005292892456054688
"AIPredictor requires a valid, pre-loaded model.",0.0005216598510742188
"AIPredictor requires a valid, pre-loaded model.",0.0005462169647216797
"AIPredictor requires a valid, pre-loaded model.",0.0007581710815429688
"AIPredictor requires a valid, pre-loaded model.",0.0005311965942382812
"AIPredictor requires a valid, pre-loaded model.",0.0005335807800292969
"AIPredictor requires a valid, pre-loaded model.",0.0005290508270263672
"AIPredictor requires a valid, pre-loaded model.",0.0005290508270263672
"AIPredictor requires a valid, pre-loaded model.",0.0
"AIPredictor requires a valid, pre-loaded model.",0.0
"AIPredictor requires a valid, pre-loaded model.",0.0005199909210205078
"AIPredictor requires a valid, pre-loaded model.",0.0005171298980712891
"AIPredictor requires a valid, pre-loaded model.",0.0
"AIPredictor requires a valid, pre-loaded model.",0.0
"AIPredictor requires a valid, pre-loaded model.",0.0
"AIPredictor requires a valid, pre-loaded model.",0.0015192031860351562
"AIPredictor requires a valid, pre-loaded model.",0.0
"AIPredictor requires a valid, pre-loaded model.",0.0
"AIPredictor requires a valid, pre-loaded model.",0.0
"AIPredictor requires a valid, pre-loaded model.",0.0015320777893066406
"AIPredictor requires a valid, pre-loaded model.",0.0
"AIPredictor requires a valid, pre-loaded model.",0.0
"AIPredictor requires a valid, pre-loaded model.",0.0
"AIPredictor requires a valid, pre-loaded model.",0.0005078315734863281
"AIPredictor requires a valid, pre-loaded model.",0.0005054473876953125
"AIPredictor requires a valid, pre-loaded model.",0.0
"AIPredictor requires a valid, pre-loaded model.",0.0005400180816650391
"AIPredictor requires a valid, pre-loaded model.",0.0
"AIPredictor requires a valid, pre-loaded model.",0.0
"AIPredictor requires a valid, pre-loaded model.",0.0
"AIPredictor requires a valid, pre-loaded model.",0.0010063648223876953
"AIPredictor requires a valid, pre-loaded model.",0.0
"AIPredictor requires a valid, pre-loaded model.",0.0009999275207519531
"AIPredictor requires a valid, pre-loaded model.",0.0
"AIPredictor requires a valid, pre-loaded model.",0.0
"AIPredictor requires a valid, pre-loaded model.",0.0
"AIPredictor requires a valid, pre-loaded model.",0.0015044212341308594
"AIPredictor requires a valid, pre-loaded model.",0.0
"AIPredictor requires a valid, pre-loaded model.",0.0
"AIPredictor requires a valid, pre-loaded model.",0.0
"AIPredictor requires a valid, pre-loaded model.",0.0015120506286621094
"AIPredictor requires a valid, pre-loaded model.",0.0005602836608886719
"AIPredictor requires a valid, pre-loaded model.",0.0
"AIPredictor requires a valid, pre-loaded model.",0.0
"AIPredictor requires a valid, pre-loaded model.",0.0
"AIPredictor requires a valid, pre-loaded model.",0.0
"AIPredictor requires a valid, pre-loaded model.",0.0
"AIPredictor requires a valid, pre-loaded model.",0.0
"AIPredictor requires a valid, pre-loaded model.",0.0
"AIPredictor requires a valid, pre-loaded model.",0.0
"AIPredictor requires a valid, pre-loaded model.",0.0009996891021728516
"AIPredictor requires a valid, pre-loaded model.",0.0
"AIPredictor requires a valid, pre-loaded model.",0.0
"AIPredictor requires a valid, pre-loaded model.",0.0
"AIPredictor requires a valid, pre-loaded model.",0.00167083740234375
"AIPredictor requires a valid, pre-loaded model.",0.0
"AIPredictor requires a valid, pre-loaded model.",0.0
"AIPredictor requires a valid, pre-loaded model.",0.0010097026824951172
"AIPredictor requires a valid, pre-loaded model.",0.0
"AIPredictor requires a valid, pre-loaded model.",0.0009961128234863281
"AIPredictor requires a valid, pre-loaded model.",0.0
"AIPredictor requires a valid, pre-loaded model.",0.0
"AIPredictor requires a valid, pre-loaded model.",0.0005290508270263672
"AIPredictor requires a valid, pre-loaded model.",0.0005097389221191406
"AIPredictor requires a valid, pre-loaded model.",0.0
"AIPredictor requires a valid, pre-loaded model.",0.0005135536193847656
"AIPredictor requires a valid, pre-loaded model.",0.0005221366882324219
"AIPredictor requires a valid, pre-loaded model.",0.0
"AIPredictor requires a valid, pre-loaded model.",0.0
"AIPredictor requires a valid, pre-loaded model.",0.0
"AIPredictor requires a valid, pre-loaded model.",0.0
"AIPredictor requires a valid, pre-loaded model.",0.0005249977111816406
"AIPredictor requires a valid, pre-loaded model.",0.0005202293395996094
"AIPredictor requires a valid, pre-loaded model.",0.0
"AIPredictor requires a valid, pre-loaded model.",0.00051116943359375
"AIPredictor requires a valid, pre-loaded model.",0.0006651878356933594
"AIPredictor requires a valid, pre-loaded model.",0.0
"AIPredictor requires a valid, pre-loaded model.",0.0
"AIPredictor requires a valid, pre-loaded model.",0.0005595684051513672
"AIPredictor requires a valid, pre-loaded model.",0.0005123615264892578
"AIPredictor requires a valid, pre-loaded model.",0.0005247592926025391
"AIPredictor requires a valid, pre-loaded model.",0.0005254745483398438
"AIPredictor requires a valid, pre-loaded model.",0.0005271434783935547
"AIPredictor requires a valid, pre-loaded model.",0.0005252361297607422
"AIPredictor requires a valid, pre-loaded model.",0.0005345344543457031
"AIPredictor requires a valid, pre-loaded model.",0.0005166530609130859
"AIPredictor requires a valid, pre-loaded model.",0.0005307197570800781
"AIPredictor requires a valid, pre-loaded model.",0.0005223751068115234
"AIPredictor requires a valid, pre-loaded model.",0.0005185604095458984
"AIPredictor requires a valid, pre-loaded model.",0.0
"AIPredictor requires a valid, pre-loaded model.",0.0
"AIPredictor requires a valid, pre-loaded model.",0.0005133152008056641
"AIPredictor requires a valid, pre-loaded model.",0.0005280971527099609
"AIPredictor requires a valid, pre-loaded model.",0.0005235671997070312
"AIPredictor requires a valid, pre-loaded model.",0.0
"AIPredictor requires a valid, pre-loaded model.",0.0005233287811279297
"AIPredictor requires a valid, pre-loaded model.",0.0
"AIPredictor requires a valid, pre-loaded model.",0.0
"AIPredictor requires a valid, pre-loaded model.",0.0005261898040771484
"AIPredictor requires a valid, pre-loaded model.",0.0005137920379638672
"AIPredictor requires a valid, pre-loaded model.",0.0005285739898681641
"AIPredictor requires a valid, pre-loaded model.",0.0
"AIPredictor requires a valid, pre-loaded model.",0.0
"AIPredictor requires a valid, pre-loaded model.",0.0
"AIPredictor requires a valid, pre-loaded model.",0.0005223751068115234
"AIPredictor requires a valid, pre-loaded model.",0.0005252361297607422
"AIPredictor requires a valid, pre-loaded model.",0.0
"AIPredictor requires a valid, pre-loaded model.",0.0
"AIPredictor requires a valid, pre-loaded model.",0.00051116943359375
"AIPredictor requires a valid, pre-loaded model.",0.0005185604095458984
"AIPredictor requires a valid, pre-loaded model.",0.0
"AIPredictor requires a valid, pre-loaded model.",0.0
"AIPredictor requires a valid, pre-loaded model.",0.0
"AIPredictor requires a valid, pre-loaded model.",0.0005230903625488281
"AIPredictor requires a valid, pre-loaded model.",0.0005321502685546875
"AIPredictor requires a valid, pre-loaded model.",0.0005254745483398438
"AIPredictor requires a valid, pre-loaded model.",0.0
"AIPredictor requires a valid, pre-loaded model.",0.0
"AIPredictor requires a valid, pre-loaded model.",0.0005352497100830078
"AIPredictor requires a valid, pre-loaded model.",0.0
"AIPredictor requires a valid, pre-loaded model.",0.0
"AIPredictor requires a valid, pre-loaded model.",0.0
"AIPredictor requires a valid, pre-loaded model.",0.0
"AIPredictor requires a valid, pre-loaded model.",0.0
"AIPredictor requires a valid, pre-loaded model.",0.00051116943359375
"AIPredictor requires a valid, pre-loaded model.",0.0005228519439697266
"AIPredictor requires a valid, pre-loaded model.",0.0
"AIPredictor requires a valid, pre-loaded model.",0.0
"AIPredictor requires a valid, pre-loaded model.",0.0005137920379638672
"AIPredictor requires a valid, pre-loaded model.",0.0005114078521728516
"AIPredictor requires a valid, pre-loaded model.",0.0
"AIPredictor requires a valid, pre-loaded model.",0.0
"AIPredictor requires a valid, pre-loaded model.",0.0005183219909667969
"AIPredictor requires a valid, pre-loaded model.",0.00051116943359375
"AIPredictor requires a valid, pre-loaded model.",0.0005238056182861328
"AIPredictor requires a valid, pre-loaded model.",0.0
"AIPredictor requires a valid, pre-loaded model.",0.0
"AIPredictor requires a valid, pre-loaded model.",0.0010044574737548828
"AIPredictor requires a valid, pre-loaded model.",0.0005030632019042969
"AIPredictor requires a valid, pre-loaded model.",0.0005025863647460938
"AIPredictor requires a valid, pre-loaded model.",0.0
"AIPredictor requires a valid, pre-loaded model.",0.0
"AIPredictor requires a valid, pre-loaded model.",0.0
"AIPredictor requires a valid, pre-loaded model.",0.0010042190551757812
"AIPredictor requires a valid, pre-loaded model.",0.0
"AIPredictor requires a valid, pre-loaded model.",0.0
"AIPredictor requires a valid, pre-loaded model.",0.001172780990600586
"AIPredictor requires a valid, pre-loaded model.",0.0005040168762207031
"AIPredictor requires a valid, pre-loaded model.",0.0
"AIPredictor requires a valid, pre-loaded model.",0.0
"AIPredictor requires a valid, pre-loaded model.",0.0
"AIPredictor requires a valid, pre-loaded model.",0.0
"AIPredictor requires a valid, pre-loaded model.",0.0009989738464355469
"AIPredictor requires a valid, pre-loaded model.",0.0
"AIPredictor requires a valid, pre-loaded model.",0.0
"AIPredictor requires a valid, pre-loaded model.",0.0010521411895751953
"AIPredictor requires a valid, pre-loaded model.",0.0
"AIPredictor requires a valid, pre-loaded model.",0.0010082721710205078
"AIPredictor requires a valid, pre-loaded model.",0.0
"AIPredictor requires a valid, pre-loaded model.",0.0
"AIPredictor requires a valid, pre-loaded model.",0.0015044212341308594
"AIPredictor requires a valid, pre-loaded model.",0.0005145072937011719
"AIPredictor requires a valid, pre-loaded model.",0.0
"AIPredictor requires a valid, pre-loaded model.",0.0010056495666503906
"AIPredictor requires a valid, pre-loaded model.",0.0
"AIPredictor requires a valid, pre-loaded model.",0.0
"AIPredictor requires a valid, pre-loaded model.",0.0009996891021728516
"AIPredictor requires a valid, pre-loaded model.",0.0
"AIPredictor requires a valid, pre-loaded model.",0.0
"AIPredictor requires a valid, pre-loaded model.",0.0015063285827636719
"AIPredictor requires a valid, pre-loaded model.",0.0
"AIPredictor requires a valid, pre-loaded model.",0.0
"AIPredictor requires a valid, pre-loaded model.",0.0010044574737548828
"AIPredictor requires a valid, pre-loaded model.",0.0
"AIPredictor requires a valid, pre-loaded model.",0.0
"AIPredictor requires a valid, pre-loaded model.",0.0
"AIPredictor requires a valid, pre-loaded model.",0.0
"AIPredictor requires a valid, pre-loaded model.",0.0010006427764892578
"AIPredictor requires a valid, pre-loaded model.",0.0
"AIPredictor requires a valid, pre-loaded model.",0.0
"AIPredictor requires a valid, pre-loaded model.",0.0
"AIPredictor requires a valid, pre-loaded model.",0.0010044574737548828
"AIPredictor requires a valid, pre-loaded model.",0.0
"AIPredictor requires a valid, pre-loaded model.",0.0
"AIPredictor requires a valid, pre-loaded model.",0.0010018348693847656
"AIPredictor requires a valid, pre-loaded model.",0.0
"AIPredictor requires a valid, pre-loaded model.",0.0
"AIPredictor requires a valid, pre-loaded model.",0.0010046958923339844
"AIPredictor requires a valid, pre-loaded model.",0.0
"AIPredictor requires a valid, pre-loaded model.",0.0
"AIPredictor requires a valid, pre-loaded model.",0.0010004043579101562
"AIPredictor requires a valid, pre-loaded model.",0.0
"AIPredictor requires a valid, pre-loaded model.",0.0
"AIPredictor requires a valid, pre-loaded model.",0.0011639595031738281
"AIPredictor requires a valid, pre-loaded model.",0.0
"AIPredictor requires a valid, pre-loaded model.",0.0010018348693847656
"AIPredictor requires a valid, pre-loaded model.",0.0
"AIPredictor requires a valid, pre-loaded model.",0.0
"AIPredictor requires a valid, pre-loaded model.",0.0
"AIPredictor requires a valid, pre-loaded model.",0.0009992122650146484
"AIPredictor requires a valid, pre-loaded model.",0.0005056858062744141
"AIPredictor requires a valid, pre-loaded model.",0.0005140304565429688
"AIPredictor requires a valid, pre-loaded model.",0.0005140304565429688
"AIPredictor requires a valid, pre-loaded model.",0.0
"AIPredictor requires a valid, pre-loaded model.",0.0
"AIPredictor requires a valid, pre-loaded model.",0.0
"AIPredictor requires a valid, pre-loaded model.",0.0
"AIPredictor requires a valid, pre-loaded model.",0.0
"AIPredictor requires a valid, pre-loaded model.",0.0015048980712890625
"AIPredictor requires a valid, pre-loaded model.",0.0
"AIPredictor requires a valid, pre-loaded model.",0.0
"AIPredictor requires a valid, pre-loaded model.",0.0
"AIPredictor requires a valid, pre-loaded model.",0.0010046958923339844
"AIPredictor requires a valid, pre-loaded model.",0.0
"AIPredictor requires a valid, pre-loaded model.",0.0
"AIPredictor requires a valid, pre-loaded model.",0.0010008811950683594
"AIPredictor requires a valid, pre-loaded model.",0.0
"AIPredictor requires a valid, pre-loaded model.",0.0
"AIPredictor requires a valid, pre-loaded model.",0.0011906623840332031
"AIPredictor requires a valid, pre-loaded model.",0.0
"AIPredictor requires a valid, pre-loaded model.",0.0010056495666503906
"AIPredictor requires a valid, pre-loaded model.",0.0005819797515869141
"AIPredictor requires a valid, pre-loaded model.",0.0
"AIPredictor requires a valid, pre-loaded model.",0.0
"AIPredictor requires a valid, pre-loaded model.",0.0010046958923339844
"AIPredictor requires a valid, pre-loaded model.",0.0
"AIPredictor requires a valid, pre-loaded model.",0.0
"AIPredictor requires a valid, pre-loaded model.",0.0
"AIPredictor requires a valid, pre-loaded model.",0.0015037059783935547
"AIPredictor requires a valid, pre-loaded model.",0.0
"AIPredictor requires a valid, pre-loaded model.",0.0
"AIPredictor requires a valid, pre-loaded model.",0.0
"AIPredictor requires a valid, pre-loaded model.",0.0
"AIPredictor requires a valid, pre-loaded model.",0.0
"AIPredictor requires a valid, pre-loaded model.",0.0015039443969726562
"AIPredictor requires a valid, pre-loaded model.",0.0
"AIPredictor requires a valid, pre-loaded model.",0.0
"AIPredictor requires a valid, pre-loaded model.",0.0015139579772949219
"AIPredictor requires a valid, pre-loaded model.",0.0
"AIPredictor requires a valid, pre-loaded model.",0.0
"AIPredictor requires a valid, pre-loaded model.",0.0
"AIPredictor requires a valid, pre-loaded model.",0.0010030269622802734
"AIPredictor requires a valid, pre-loaded model.",0.0
"AIPredictor requires a valid, pre-loaded model.",0.0
"AIPredictor requires a valid, pre-loaded model.",0.0
"AIPredictor requires a valid, pre-loaded model.",0.0
"AIPredictor requires a valid, pre-loaded model.",0.0
"AIPredictor requires a valid, pre-loaded model.",0.0
"AIPredictor requires a valid, pre-loaded model.",0.0
"AIPredictor requires a valid, pre-loaded model.",0.0010106563568115234
"AIPredictor requires a valid, pre-loaded model.",0.0005059242248535156
"AIPredictor requires a valid, pre-loaded model.",0.0
"AIPredictor requires a valid, pre-loaded model.",0.0010085105895996094
"AIPredictor requires a valid, pre-loaded model.",0.0
"AIPredictor requires a valid, pre-loaded model.",0.0010004043579101562
"AIPredictor requires a valid, pre-loaded model.",0.0005071163177490234
"AIPredictor requires a valid, pre-loaded model.",0.0
"AIPredictor requires a valid, pre-loaded model.",0.0
"AIPredictor requires a valid, pre-loaded model.",0.0
"AIPredictor requires a valid, pre-loaded model.",0.0010082721710205078
"AIPredictor requires a valid, pre-loaded model.",0.0
"AIPredictor requires a valid, pre-loaded model.",0.0
"AIPredictor requires a valid, pre-loaded model.",0.001203298568725586
"AIPredictor requires a valid, pre-loaded model.",0.0
"AIPredictor requires a valid, pre-loaded model.",0.0010013580322265625
"AIPredictor requires a valid, pre-loaded model.",0.0
"AIPredictor requires a valid, pre-loaded model.",0.0009996891021728516
"AIPredictor requires a valid, pre-loaded model.",0.0
"AIPredictor requires a valid, pre-loaded model.",0.0
"AIPredictor requires a valid, pre-loaded model.",0.0
"AIPredictor requires a valid, pre-loaded model.",0.0015070438385009766
"AIPredictor requires a valid, pre-loaded model.",0.0
"AIPredictor requires a valid, pre-loaded model.",0.0010099411010742188
"AIPredictor requires a valid, pre-loaded model.",0.0
"AIPredictor requires a valid, pre-loaded model.",0.0010607242584228516
"AIPredictor requires a valid, pre-loaded model.",0.0
"AIPredictor requires a valid, pre-loaded model.",0.00099945068359375
"AIPredictor requires a valid, pre-loaded model.",0.0005075931549072266
"AIPredictor requires a valid, pre-loaded model.",0.0
"AIPredictor requires a valid, pre-loaded model.",0.0010051727294921875
"AIPredictor requires a valid, pre-loaded model.",0.0
"AIPredictor requires a valid, pre-loaded model.",0.0
"AIPredictor requires a valid, pre-loaded model.",0.0011873245239257812
"AIPredictor requires a valid, pre-loaded model.",0.0005042552947998047
"AIPredictor requires a valid, pre-loaded model.",0.0
"AIPredictor requires a valid, pre-loaded model.",0.0
"AIPredictor requires a valid, pre-loaded model.",0.0
"AIPredictor requires a valid, pre-loaded model.",0.0
"AIPredictor requires a valid, pre-loaded model.",0.0009984970092773438
"AIPredictor requires a valid, pre-loaded model.",0.0
"AIPredictor requires a valid, pre-loaded model.",0.0
"AIPredictor requires a valid, pre-loaded model.",0.0005118846893310547
"AIPredictor requires a valid, pre-loaded model.",0.000537872314453125
"AIPredictor requires a valid, pre-loaded model.",0.0
"AIPredictor requires a valid, pre-loaded model.",0.0
"AIPredictor requires a valid, pre-loaded model.",0.0010044574737548828
"AIPredictor requires a valid, pre-loaded model.",0.0005657672882080078
"AIPredictor requires a valid, pre-loaded model.",0.0005106925964355469
"AIPredictor requires a valid, pre-loaded model.",0.0
"AIPredictor requires a valid, pre-loaded model.",0.0
"AIPredictor requires a valid, pre-loaded model.",0.0
"AIPredictor requires a valid, pre-loaded model.",0.0015118122100830078
"AIPredictor requires a valid, pre-loaded model.",0.00051116943359375
"AIPredictor requires a valid, pre-loaded model.",0.0005123615264892578
"AIPredictor requires a valid, pre-loaded model.",0.0
"AIPredictor requires a valid, pre-loaded model.",0.0
"AIPredictor requires a valid, pre-loaded model.",0.0010044574737548828
"AIPredictor requires a valid, pre-loaded model.",0.0
"AIPredictor requires a valid, pre-loaded model.",0.0010006427764892578
"AIPredictor requires a valid, pre-loaded model.",0.0005064010620117188
"AIPredictor requires a valid, pre-loaded model.",0.0
"AIPredictor requires a valid, pre-loaded model.",0.0
"AIPredictor requires a valid, pre-loaded model.",0.0015170574188232422
"AIPredictor requires a valid, pre-loaded model.",0.0005257129669189453
"AIPredictor requires a valid, pre-loaded model.",0.0005180835723876953
"AIPredictor requires a valid, pre-loaded model.",0.0
"AIPredictor requires a valid, pre-loaded model.",0.0
"AIPredictor requires a valid, pre-loaded model.",0.0
"AIPredictor requires a valid, pre-loaded model.",0.000507354736328125
"AIPredictor requires a valid, pre-loaded model.",0.0
"AIPredictor requires a valid, pre-loaded model.",0.0
"AIPredictor requires a valid, pre-loaded model.",0.0
"AIPredictor requires a valid, pre-loaded model.",0.0
"AIPredictor requires a valid, pre-loaded model.",0.0
"AIPredictor requires a valid, pre-loaded model.",0.0010082721710205078
"AIPredictor requires a valid, pre-loaded model.",0.0005040168762207031
"AIPredictor requires a valid, pre-loaded model.",0.0
"AIPredictor requires a valid, pre-loaded model.",0.0
"AIPredictor requires a valid, pre-loaded model.",0.0011751651763916016
"AIPredictor requires a valid, pre-loaded model.",0.0005118846893310547
"AIPredictor requires a valid, pre-loaded model.",0.0
"AIPredictor requires a valid, pre-loaded model.",0.0
"AIPredictor requires a valid, pre-loaded model.",0.0
"AIPredictor requires a valid, pre-loaded model.",0.0
"AIPredictor requires a valid, pre-loaded model.",0.0010004043579101562
"AIPredictor requires a valid, pre-loaded model.",0.0
"AIPredictor requires a valid, pre-loaded model.",0.0
"AIPredictor requires a valid, pre-loaded model.",0.0
"AIPredictor requires a valid, pre-loaded model.",0.0
"AIPredictor requires a valid, pre-loaded model.",0.0009996891021728516
"AIPredictor requires a valid, pre-loaded model.",0.0
"AIPredictor requires a valid, pre-loaded model.",0.0
"AIPredictor requires a valid, pre-loaded model.",0.001505136489868164
"AIPredictor requires a valid, pre-loaded model.",0.0
"AIPredictor requires a valid, pre-loaded model.",0.0
"AIPredictor requires a valid, pre-loaded model.",0.0
"AIPredictor requires a valid, pre-loaded model.",0.0
"AIPredictor requires a valid, pre-loaded model.",0.0
"AIPredictor requires a valid, pre-loaded model.",0.001505136489868164
"AIPredictor requires a valid, pre-loaded model.",0.0
"AIPredictor requires a valid, pre-loaded model.",0.0
"AIPredictor requires a valid, pre-loaded model.",0.0
"AIPredictor requires a valid, pre-loaded model.",0.001184225082397461
"AIPredictor requires a valid, pre-loaded model.",0.0
"AIPredictor requires a valid, pre-loaded model.",0.0009996891021728516
"AIPredictor requires a valid, pre-loaded model.",0.0
"AIPredictor requires a valid, pre-loaded model.",0.0
"AIPredictor requires a valid, pre-loaded model.",0.0
"AIPredictor requires a valid, pre-loaded model.",0.0016231536865234375
"AIPredictor requires a valid, pre-loaded model.",0.0
"AIPredictor requires a valid, pre-loaded model.",0.0
"AIPredictor requires a valid, pre-loaded model.",0.0
"AIPredictor requires a valid, pre-loaded model.",0.0
"AIPredictor requires a valid, pre-loaded model.",0.0
"AIPredictor requires a valid, pre-loaded model.",0.0
"AIPredictor requires a valid, pre-loaded model.",0.0015113353729248047
"AIPredictor requires a valid, pre-loaded model.",0.0005133152008056641
"AIPredictor requires a valid, pre-loaded model.",0.0
"AIPredictor requires a valid, pre-loaded model.",0.0
"AIPredictor requires a valid, pre-loaded model.",0.0
"AIPredictor requires a valid, pre-loaded model.",0.0
"AIPredictor requires a valid, pre-loaded model.",0.0
"AIPredictor requires a valid, pre-loaded model.",0.0
"AIPredictor requires a valid, pre-loaded model.",0.001209259033203125
"AIPredictor requires a valid, pre-loaded model.",0.0
"AIPredictor requires a valid, pre-loaded model.",0.0
"AIPredictor requires a valid, pre-loaded model.",0.0
"AIPredictor requires a valid, pre-loaded model.",0.0
"AIPredictor requires a valid, pre-loaded model.",0.0009987354278564453
"AIPredictor requires a valid, pre-loaded model.",0.0
"AIPredictor requires a valid, pre-loaded model.",0.0
"AIPredictor requires a valid, pre-loaded model.",0.0
"AIPredictor requires a valid, pre-loaded model.",0.0
"AIPredictor requires a valid, pre-loaded model.",0.0010030269622802734
"AIPredictor requires a valid, pre-loaded model.",0.0005040168762207031
"AIPredictor requires a valid, pre-loaded model.",0.0
"AIPredictor requires a valid, pre-loaded model.",0.001007080078125
"AIPredictor requires a valid, pre-loaded model.",0.0
"AIPredictor requires a valid, pre-loaded model.",0.0010023117065429688
"AIPredictor requires a valid, pre-loaded model.",0.0005087852478027344
"AIPredictor requires a valid, pre-loaded model.",0.0
"AIPredictor requires a valid, pre-loaded model.",0.0010104179382324219
"AIPredictor requires a valid, pre-loaded model.",0.0
"AIPredictor requires a valid, pre-loaded model.",0.0009992122650146484
"AIPredictor requires a valid, pre-loaded model.",0.0
"AIPredictor requires a valid, pre-loaded model.",0.0
"AIPredictor requires a valid, pre-loaded model.",0.0
"AIPredictor requires a valid, pre-loaded model.",0.0
"AIPredictor requires a valid, pre-loaded model.",0.0005850791931152344
"AIPredictor requires a valid, pre-loaded model.",0.0
"AIPredictor requires a valid, pre-loaded model.",0.0010063648223876953
"AIPredictor requires a valid, pre-loaded model.",0.0
"AIPredictor requires a valid, pre-loaded model.",0.0
"AIPredictor requires a valid, pre-loaded model.",0.0
"AIPredictor requires a valid, pre-loaded model.",0.0
"AIPredictor requires a valid, pre-loaded model.",0.0
"AIPredictor requires a valid, pre-loaded model.",0.0010046958923339844
"AIPredictor requires a valid, pre-loaded model.",0.0
"AIPredictor requires a valid, pre-loaded model.",0.0010004043579101562
"AIPredictor requires a valid, pre-loaded model.",0.0
"AIPredictor requires a valid, pre-loaded model.",0.0
"AIPredictor requires a valid, pre-loaded model.",0.0011429786682128906
"AIPredictor requires a valid, pre-loaded model.",0.0
"AIPredictor requires a valid, pre-loaded model.",0.0
"AIPredictor requires a valid, pre-loaded model.",0.0
"AIPredictor requires a valid, pre-loaded model.",0.0015132427215576172
"AIPredictor requires a valid, pre-loaded model.",0.0
"AIPredictor requires a valid, pre-loaded model.",0.0
"AIPredictor requires a valid, pre-loaded model.",0.0010061264038085938
"AIPredictor requires a valid, pre-loaded model.",0.0
"AIPredictor requires a valid, pre-loaded model.",0.0
"AIPredictor requires a valid, pre-loaded model.",0.0
"AIPredictor requires a valid, pre-loaded model.",0.0
"AIPredictor requires a valid, pre-loaded model.",0.0
"AIPredictor requires a valid, pre-loaded model.",0.0015647411346435547
"AIPredictor requires a valid, pre-loaded model.",0.0005176067352294922
"AIPredictor requires a valid, pre-loaded model.",0.0005168914794921875
"AIPredictor requires a valid, pre-loaded model.",0.0
"AIPredictor requires a valid, pre-loaded model.",0.0010063648223876953
"AIPredictor requires a valid, pre-loaded model.",0.0
"AIPredictor requires a valid, pre-loaded model.",0.0
"AIPredictor requires a valid, pre-loaded model.",0.0
"AIPredictor requires a valid, pre-loaded model.",0.0
"AIPredictor requires a valid, pre-loaded model.",0.0
"AIPredictor requires a valid, pre-loaded model.",0.0015039443969726562
"AIPredictor requires a valid, pre-loaded model.",0.0005960464477539062
"AIPredictor requires a valid, pre-loaded model.",0.0
"AIPredictor requires a valid, pre-loaded model.",0.0
"AIPredictor requires a valid, pre-loaded model.",0.0
"AIPredictor requires a valid, pre-loaded model.",0.0015113353729248047
"AIPredictor requires a valid, pre-loaded model.",0.0
"AIPredictor requires a valid, pre-loaded model.",0.0
"AIPredictor requires a valid, pre-loaded model.",0.0
"AIPredictor requires a valid, pre-loaded model.",0.0
"AIPredictor requires a valid, pre-loaded model.",0.001004934310913086
"AIPredictor requires a valid, pre-loaded model.",0.0
"AIPredictor requires a valid, pre-loaded model.",0.0
"AIPredictor requires a valid, pre-loaded model.",0.0011241436004638672
"AIPredictor requires a valid, pre-loaded model.",0.0
"AIPredictor requires a valid, pre-loaded model.",0.0
"AIPredictor requires a valid, pre-loaded model.",0.0
"AIPredictor requires a valid, pre-loaded model.",0.0
"AIPredictor requires a valid, pre-loaded model.",0.0010008811950683594
"AIPredictor requires a valid, pre-loaded model.",0.0
"AIPredictor requires a valid, pre-loaded model.",0.0
"AIPredictor requires a valid, pre-loaded model.",0.0009996891021728516
"AIPredictor requires a valid, pre-loaded model.",0.0
"AIPredictor requires a valid, pre-loaded model.",0.0010006427764892578
"AIPredictor requires a valid, pre-loaded model.",0.0
"AIPredictor requires a valid, pre-loaded model.",0.0
"AIPredictor requires a valid, pre-loaded model.",0.0010004043579101562
"AIPredictor requires a valid, pre-loaded model.",0.0
"AIPredictor requires a valid, pre-loaded model.",0.0010197162628173828
"AIPredictor requires a valid, pre-loaded model.",0.0
"AIPredictor requires a valid, pre-loaded model.",0.0
"AIPredictor requires a valid, pre-loaded model.",0.0
"AIPredictor requires a valid, pre-loaded model.",0.0
"AIPredictor requires a valid, pre-loaded model.",0.0
"AIPredictor requires a valid, pre-loaded model.",0.0
"AIPredictor requires a valid, pre-loaded model.",0.0015218257904052734
"AIPredictor requires a valid, pre-loaded model.",0.0
"AIPredictor requires a valid, pre-loaded model.",0.0010056495666503906
"AIPredictor requires a valid, pre-loaded model.",0.0005049705505371094
"AIPredictor requires a valid, pre-loaded model.",0.0
"AIPredictor requires a valid, pre-loaded model.",0.0
"AIPredictor requires a valid, pre-loaded model.",0.001004934310913086
"AIPredictor requires a valid, pre-loaded model.",0.0005040168762207031
"AIPredictor requires a valid, pre-loaded model.",0.0
"AIPredictor requires a valid, pre-loaded model.",0.0010046958923339844
"AIPredictor requires a valid, pre-loaded model.",0.0
"AIPredictor requires a valid, pre-loaded model.",0.0010004043579101562
"AIPredictor requires a valid, pre-loaded model.",0.0005028247833251953
"AIPredictor requires a valid, pre-loaded model.",0.0
"AIPredictor requires a valid, pre-loaded model.",0.0
"AIPredictor requires a valid, pre-loaded model.",0.0005459785461425781
"AIPredictor requires a valid, pre-loaded model.",0.0
"AIPredictor requires a valid, pre-loaded model.",0.0
"AIPredictor requires a valid, pre-loaded model.",0.0010044574737548828
"AIPredictor requires a valid, pre-loaded model.",0.0
"AIPredictor requires a valid, pre-loaded model.",0.001001119613647461
"AIPredictor requires a valid, pre-loaded model.",0.0
"AIPredictor requires a valid, pre-loaded model.",0.0
"AIPredictor requires a valid, pre-loaded model.",0.0010833740234375
"AIPredictor requires a valid, pre-loaded model.",0.0
"AIPredictor requires a valid, pre-loaded model.",0.0
"AIPredictor requires a valid, pre-loaded model.",0.0
"AIPredictor requires a valid, pre-loaded model.",0.0
"AIPredictor requires a valid, pre-loaded model.",0.0
"AIPredictor requires a valid, pre-loaded model.",0.0010058879852294922
"AIPredictor requires a valid, pre-loaded model.",0.0
"AIPredictor requires a valid, pre-loaded model.",0.0010504722595214844
"AIPredictor requires a valid, pre-loaded model.",0.0
"AIPredictor requires a valid, pre-loaded model.",0.0010023117065429688
"AIPredictor requires a valid, pre-loaded model.",0.0
"AIPredictor requires a valid, pre-loaded model.",0.0009999275207519531
"AIPredictor requires a valid, pre-loaded model.",0.0
"AIPredictor requires a valid, pre-loaded model.",0.0010259151458740234
"AIPredictor requires a valid, pre-loaded model.",0.0006661415100097656
"AIPredictor requires a valid, pre-loaded model.",0.0
"AIPredictor requires a valid, pre-loaded model.",0.0012085437774658203
"AIPredictor requires a valid, pre-loaded model.",0.0005061626434326172
"AIPredictor requires a valid, pre-loaded model.",0.0005376338958740234
"AIPredictor requires a valid, pre-loaded model.",0.0
"AIPredictor requires a valid, pre-loaded model.",0.0
"AIPredictor requires a valid, pre-loaded model.",0.0005326271057128906
"AIPredictor requires a valid, pre-loaded model.",0.0005304813385009766
"AIPredictor requires a valid, pre-loaded model.",0.0005671977996826172
"AIPredictor requires a valid, pre-loaded model.",0.0005123615264892578
"AIPredictor requires a valid, pre-loaded model.",0.0
"AIPredictor requires a valid, pre-loaded model.",0.0005221366882324219
"AIPredictor requires a valid, pre-loaded model.",0.0005254745483398438
"AIPredictor requires a valid, pre-loaded model.",0.0005199909210205078
"AIPredictor requires a valid, pre-loaded model.",0.0005130767822265625
"AIPredictor requires a valid, pre-loaded model.",0.0
"AIPredictor requires a valid, pre-loaded model.",0.0
"AIPredictor requires a valid, pre-loaded model.",0.0005230903625488281
"AIPredictor requires a valid, pre-loaded model.",0.0005195140838623047
"AIPredictor requires a valid, pre-loaded model.",0.0
"AIPredictor requires a valid, pre-loaded model.",0.0
"AIPredictor requires a valid, pre-loaded model.",0.0005099773406982422
"AIPredictor requires a valid, pre-loaded model.",0.0005266666412353516
"AIPredictor requires a valid, pre-loaded model.",0.0
"AIPredictor requires a valid, pre-loaded model.",0.0006875991821289062
"AIPredictor requires a valid, pre-loaded model.",0.0005254745483398438
"AIPredictor requires a valid, pre-loaded model.",0.0005106925964355469
"AIPredictor requires a valid, pre-loaded model.",0.0005137920379638672
"AIPredictor requires a valid, pre-loaded model.",0.0005152225494384766
"AIPredictor requires a valid, pre-loaded model.",0.0005397796630859375
"AIPredictor requires a valid, pre-loaded model.",0.0005154609680175781
"AIPredictor requires a valid, pre-loaded model.",0.0010356903076171875
"AIPredictor requires a valid, pre-loaded model.",0.0006568431854248047
"AIPredictor requires a valid, pre-loaded model.",0.0
"AIPredictor requires a valid, pre-loaded model.",0.0
"AIPredictor requires a valid, pre-loaded model.",0.0005273818969726562
"AIPredictor requires a valid, pre-loaded model.",0.0
"AIPredictor requires a valid, pre-loaded model.",0.0
"AIPredictor requires a valid, pre-loaded model.",0.0005168914794921875
"AIPredictor requires a valid, pre-loaded model.",0.0005345344543457031
"AIPredictor requires a valid, pre-loaded model.",0.0005280971527099609
"AIPredictor requires a valid, pre-loaded model.",0.0
"AIPredictor requires a valid, pre-loaded model.",0.0
"AIPredictor requires a valid, pre-loaded model.",0.0
"AIPredictor requires a valid, pre-loaded model.",0.0007054805755615234
"AIPredictor requires a valid, pre-loaded model.",0.0005159378051757812
"AIPredictor requires a valid, pre-loaded model.",0.0005271434783935547
"AIPredictor requires a valid, pre-loaded model.",0.0005240440368652344
"AIPredictor requires a valid, pre-loaded model.",0.0005249977111816406
"AIPredictor requires a valid, pre-loaded model.",0.0005211830139160156
"AIPredictor requires a valid, pre-loaded model.",0.0005238056182861328
"AIPredictor requires a valid, pre-loaded model.",0.0005211830139160156
"AIPredictor requires a valid, pre-loaded model.",0.0005145072937011719
"AIPredictor requires a valid, pre-loaded model.",0.0005326271057128906
"AIPredictor requires a valid, pre-loaded model.",0.000522613525390625
"AIPredictor requires a valid, pre-loaded model.",0.0005235671997070312
"AIPredictor requires a valid, pre-loaded model.",0.0005235671997070312
"AIPredictor requires a valid, pre-loaded model.",0.0005216598510742188
"AIPredictor requires a valid, pre-loaded model.",0.0005223751068115234
"AIPredictor requires a valid, pre-loaded model.",0.0005211830139160156
"AIPredictor requires a valid, pre-loaded model.",0.00036215782165527344
"AIPredictor requires a valid, pre-loaded model.",0.0012481212615966797
"AIPredictor requires a valid, pre-loaded model.",0.0005626678466796875
"AIPredictor requires a valid, pre-loaded model.",0.000537872314453125
"AIPredictor requires a valid, pre-loaded model.",0.0005247592926025391
"AIPredictor requires a valid, pre-loaded model.",0.0
"AIPredictor requires a valid, pre-loaded model.",0.0005133152008056641
"AIPredictor requires a valid, pre-loaded model.",0.0
"AIPredictor requires a valid, pre-loaded model.",0.0010056495666503906
"AIPredictor requires a valid, pre-loaded model.",0.0005033016204833984
"AIPredictor requires a valid, pre-loaded model.",0.0
"AIPredictor requires a valid, pre-loaded model.",0.0010058879852294922
"AIPredictor requires a valid, pre-loaded model.",0.0
"AIPredictor requires a valid, pre-loaded model.",0.0
"AIPredictor requires a valid, pre-loaded model.",0.0015041828155517578
"AIPredictor requires a valid, pre-loaded model.",0.0
"AIPredictor requires a valid, pre-loaded model.",0.0010075569152832031
"AIPredictor requires a valid, pre-loaded model.",0.0005080699920654297
"AIPredictor requires a valid, pre-loaded model.",0.0
"AIPredictor requires a valid, pre-loaded model.",0.0010061264038085938
"AIPredictor requires a valid, pre-loaded model.",0.0
"AIPredictor requires a valid, pre-loaded model.",0.0011827945709228516
"AIPredictor requires a valid, pre-loaded model.",0.0
"AIPredictor requires a valid, pre-loaded model.",0.0010018348693847656
"AIPredictor requires a valid, pre-loaded model.",0.0
"AIPredictor requires a valid, pre-loaded model.",0.0009992122650146484
"AIPredictor requires a valid, pre-loaded model.",0.0005030632019042969
"AIPredictor requires a valid, pre-loaded model.",0.0
"AIPredictor requires a valid, pre-loaded model.",0.001005411148071289
"AIPredictor requires a valid, pre-loaded model.",0.0
"AIPredictor requires a valid, pre-loaded model.",0.001695394515991211
"AIPredictor requires a valid, pre-loaded model.",0.0
"AIPredictor requires a valid, pre-loaded model.",0.0
"AIPredictor requires a valid, pre-loaded model.",0.0010061264038085938
"AIPredictor requires a valid, pre-loaded model.",0.0
"AIPredictor requires a valid, pre-loaded model.",0.001001596450805664
"AIPredictor requires a valid, pre-loaded model.",0.0
"AIPredictor requires a valid, pre-loaded model.",0.0
"AIPredictor requires a valid, pre-loaded model.",0.0
"AIPredictor requires a valid, pre-loaded model.",0.0010068416595458984
"AIPredictor requires a valid, pre-loaded model.",0.0
"AIPredictor requires a valid, pre-loaded model.",0.0
"AIPredictor requires a valid, pre-loaded model.",0.0015060901641845703
"AIPredictor requires a valid, pre-loaded model.",0.0005154609680175781
"AIPredictor requires a valid, pre-loaded model.",0.0005297660827636719
"AIPredictor requires a valid, pre-loaded model.",0.0005273818969726562
"AIPredictor requires a valid, pre-loaded model.",0.0005791187286376953
"AIPredictor requires a valid, pre-loaded model.",0.0005137920379638672
"AIPredictor requires a valid, pre-loaded model.",0.0005323886871337891
"AIPredictor requires a valid, pre-loaded model.",0.0005238056182861328
"AIPredictor requires a valid, pre-loaded model.",0.0005252361297607422
"AIPredictor requires a valid, pre-loaded model.",0.0005249977111816406
"AIPredictor requires a valid, pre-loaded model.",0.0005121231079101562
"AIPredictor requires a valid, pre-loaded model.",0.000530242919921875
"AIPredictor requires a valid, pre-loaded model.",0.0005221366882324219
"AIPredictor requires a valid, pre-loaded model.",0.0005221366882324219
"AIPredictor requires a valid, pre-loaded model.",0.0005114078521728516
"AIPredictor requires a valid, pre-loaded model.",0.0005161762237548828
"AIPredictor requires a valid, pre-loaded model.",0.0005767345428466797
"AIPredictor requires a valid, pre-loaded model.",0.0005681514739990234
"AIPredictor requires a valid, pre-loaded model.",0.0005137920379638672
"AIPredictor requires a valid, pre-loaded model.",0.0005209445953369141
"AIPredictor requires a valid, pre-loaded model.",0.0005271434783935547
"AIPredictor requires a valid, pre-loaded model.",0.0005140304565429688
"AIPredictor requires a valid, pre-loaded model.",0.0010745525360107422
"AIPredictor requires a valid, pre-loaded model.",0.0
"AIPredictor requires a valid, pre-loaded model.",0.0
"AIPredictor requires a valid, pre-loaded model.",0.0
"AIPredictor requires a valid, pre-loaded model.",0.0
"AIPredictor requires a valid, pre-loaded model.",0.0
"AIPredictor requires a valid, pre-loaded model.",0.0
"AIPredictor requires a valid, pre-loaded model.",0.0
"AIPredictor requires a valid, pre-loaded model.",0.0
"AIPredictor requires a valid, pre-loaded model.",0.0
"AIPredictor requires a valid, pre-loaded model.",0.0
"AIPredictor requires a valid, pre-loaded model.",0.0
"AIPredictor requires a valid, pre-loaded model.",0.0
"AIPredictor requires a valid, pre-loaded model.",0.0
"AIPredictor requires a valid, pre-loaded model.",0.0
"AIPredictor requires a valid, pre-loaded model.",0.0005292892456054688
"AIPredictor requires a valid, pre-loaded model.",0.0005283355712890625
"AIPredictor requires a valid, pre-loaded model.",0.0005304813385009766
"AIPredictor requires a valid, pre-loaded model.",0.0005271434783935547
"AIPredictor requires a valid, pre-loaded model.",0.0
"AIPredictor requires a valid, pre-loaded model.",0.0
"AIPredictor requires a valid, pre-loaded model.",0.0005292892456054688
"AIPredictor requires a valid, pre-loaded model.",0.0005352497100830078
"AIPredictor requires a valid, pre-loaded model.",0.0005869865417480469
"AIPredictor requires a valid, pre-loaded model.",0.0005300045013427734
"AIPredictor requires a valid, pre-loaded model.",0.00052642822265625
"AIPredictor requires a valid, pre-loaded model.",0.0005168914794921875
"AIPredictor requires a valid, pre-loaded model.",0.0005292892456054688
"AIPredictor requires a valid, pre-loaded model.",0.0005338191986083984
"AIPredictor requires a valid, pre-loaded model.",0.0005371570587158203
"AIPredictor requires a valid, pre-loaded model.",0.0005366802215576172
"AIPredictor requires a valid, pre-loaded model.",0.0005154609680175781
"AIPredictor requires a valid, pre-loaded model.",0.0005199909210205078
"AIPredictor requires a valid, pre-loaded model.",0.0005350112915039062
"AIPredictor requires a valid, pre-loaded model.",0.0
"AIPredictor requires a valid, pre-loaded model.",0.0
"AIPredictor requires a valid, pre-loaded model.",0.0
"AIPredictor requires a valid, pre-loaded model.",0.0
"AIPredictor requires a valid, pre-loaded model.",0.0005161762237548828
"AIPredictor requires a valid, pre-loaded model.",0.0005156993865966797
"AIPredictor requires a valid, pre-loaded model.",0.0
"AIPredictor requires a valid, pre-loaded model.",0.0
"AIPredictor requires a valid, pre-loaded model.",0.0
"AIPredictor requires a valid, pre-loaded model.",0.0
"AIPredictor requires a valid, pre-loaded model.",0.0005173683166503906
"AIPredictor requires a valid, pre-loaded model.",0.0
"AIPredictor requires a valid, pre-loaded model.",0.0010085105895996094
"AIPredictor requires a valid, pre-loaded model.",0.0005061626434326172
"AIPredictor requires a valid, pre-loaded model.",0.0
"AIPredictor requires a valid, pre-loaded model.",0.0
"AIPredictor requires a valid, pre-loaded model.",0.0010089874267578125
"AIPredictor requires a valid, pre-loaded model.",0.0
"AIPredictor requires a valid, pre-loaded model.",0.0011975765228271484
"AIPredictor requires a valid, pre-loaded model.",0.0
"AIPredictor requires a valid, pre-loaded model.",0.0
"AIPredictor requires a valid, pre-loaded model.",0.0
"AIPredictor requires a valid, pre-loaded model.",0.0
"AIPredictor requires a valid, pre-loaded model.",0.0
"AIPredictor requires a valid, pre-loaded model.",0.0010073184967041016
"AIPredictor requires a valid, pre-loaded model.",0.0
"AIPredictor requires a valid, pre-loaded model.",0.0009996891021728516
"AIPredictor requires a valid, pre-loaded model.",0.0005044937133789062
"AIPredictor requires a valid, pre-loaded model.",0.0005292892456054688
"AIPredictor requires a valid, pre-loaded model.",0.0005292892456054688
"AIPredictor requires a valid, pre-loaded model.",0.0005311965942382812
"AIPredictor requires a valid, pre-loaded model.",0.0
"AIPredictor requires a valid, pre-loaded model.",0.0005304813385009766
"AIPredictor requires a valid, pre-loaded model.",0.0005292892456054688
"AIPredictor requires a valid, pre-loaded model.",0.0
"AIPredictor requires a valid, pre-loaded model.",0.0
"AIPredictor requires a valid, pre-loaded model.",0.0006878376007080078
"AIPredictor requires a valid, pre-loaded model.",0.0005660057067871094
"AIPredictor requires a valid, pre-loaded model.",0.0
"AIPredictor requires a valid, pre-loaded model.",0.0
"AIPredictor requires a valid, pre-loaded model.",0.0
"AIPredictor requires a valid, pre-loaded model.",0.0005230903625488281
"AIPredictor requires a valid, pre-loaded model.",0.0005114078521728516
"AIPredictor requires a valid, pre-loaded model.",0.00052642822265625
"AIPredictor requires a valid, pre-loaded model.",0.0
"AIPredictor requires a valid, pre-loaded model.",0.0
"AIPredictor requires a valid, pre-loaded model.",0.0005147457122802734
"AIPredictor requires a valid, pre-loaded model.",0.0005240440368652344
"AIPredictor requires a valid, pre-loaded model.",0.0005218982696533203
"AIPredictor requires a valid, pre-loaded model.",0.0
"AIPredictor requires a valid, pre-loaded model.",0.0
"AIPredictor requires a valid, pre-loaded model.",0.0
"AIPredictor requires a valid, pre-loaded model.",0.0005388259887695312
"AIPredictor requires a valid, pre-loaded model.",0.0005216598510742188
"AIPredictor requires a valid, pre-loaded model.",0.0005955696105957031
"AIPredictor requires a valid, pre-loaded model.",0.0005292892456054688
"AIPredictor requires a valid, pre-loaded model.",0.0
"AIPredictor requires a valid, pre-loaded model.",0.0005350112915039062
"AIPredictor requires a valid, pre-loaded model.",0.0007076263427734375
"AIPredictor requires a valid, pre-loaded model.",0.0005254745483398438
"AIPredictor requires a valid, pre-loaded model.",0.0005114078521728516
"AIPredictor requires a valid, pre-loaded model.",0.0005164146423339844
"AIPredictor requires a valid, pre-loaded model.",0.0005397796630859375
"AIPredictor requires a valid, pre-loaded model.",0.0005161762237548828
"AIPredictor requires a valid, pre-loaded model.",0.0005176067352294922
"AIPredictor requires a valid, pre-loaded model.",0.0005140304565429688
"AIPredictor requires a valid, pre-loaded model.",0.0005171298980712891
"AIPredictor requires a valid, pre-loaded model.",0.0005204677581787109
"AIPredictor requires a valid, pre-loaded model.",0.0005140304565429688
"AIPredictor requires a valid, pre-loaded model.",0.0005259513854980469
"AIPredictor requires a valid, pre-loaded model.",0.0005247592926025391
"AIPredictor requires a valid, pre-loaded model.",0.0005183219909667969
"AIPredictor requires a valid, pre-loaded model.",0.0
"AIPredictor requires a valid, pre-loaded model.",0.0
"AIPredictor requires a valid, pre-loaded model.",0.0005145072937011719
"AIPredictor requires a valid, pre-loaded model.",0.0005257129669189453
"AIPredictor requires a valid, pre-loaded model.",0.0005252361297607422
"AIPredictor requires a valid, pre-loaded model.",0.0005173683166503906
"AIPredictor requires a valid, pre-loaded model.",0.0
"AIPredictor requires a valid, pre-loaded model.",0.0006897449493408203
"AIPredictor requires a valid, pre-loaded model.",0.0005156993865966797
"AIPredictor requires a valid, pre-loaded model.",0.0005784034729003906
"AIPredictor requires a valid, pre-loaded model.",0.0005238056182861328
"AIPredictor requires a valid, pre-loaded model.",0.0
"AIPredictor requires a valid, pre-loaded model.",0.0
"AIPredictor requires a valid, pre-loaded model.",0.0005106925964355469
"AIPredictor requires a valid, pre-loaded model.",0.0006003379821777344
"AIPredictor requires a valid, pre-loaded model.",0.0005364418029785156
"AIPredictor requires a valid, pre-loaded model.",0.0005290508270263672
"AIPredictor requires a valid, pre-loaded model.",0.0
"AIPredictor requires a valid, pre-loaded model.",0.0
"AIPredictor requires a valid, pre-loaded model.",0.0005214214324951172
"AIPredictor requires a valid, pre-loaded model.",0.0005209445953369141
"AIPredictor requires a valid, pre-loaded model.",0.0005266666412353516
"AIPredictor requires a valid, pre-loaded model.",0.0005271434783935547
"AIPredictor requires a valid, pre-loaded model.",0.0005280971527099609
"AIPredictor requires a valid, pre-loaded model.",0.0
"AIPredictor requires a valid, pre-loaded model.",0.0
"AIPredictor requires a valid, pre-loaded model.",0.0010068416595458984
"AIPredictor requires a valid, pre-loaded model.",0.0
"AIPredictor requires a valid, pre-loaded model.",0.0
"AIPredictor requires a valid, pre-loaded model.",0.0017399787902832031
"AIPredictor requires a valid, pre-loaded model.",0.0
"AIPredictor requires a valid, pre-loaded model.",0.0
"AIPredictor requires a valid, pre-loaded model.",0.0015208721160888672
"AIPredictor requires a valid, pre-loaded model.",0.0005152225494384766
"AIPredictor requires a valid, pre-loaded model.",0.0005161762237548828
"AIPredictor requires a valid, pre-loaded model.",0.0005123615264892578
"AIPredictor requires a valid, pre-loaded model.",0.0005140304565429688
"AIPredictor requires a valid, pre-loaded model.",0.0
"AIPredictor requires a valid, pre-loaded model.",0.0010077953338623047
"AIPredictor requires a valid, pre-loaded model.",0.0
"AIPredictor requires a valid, pre-loaded model.",0.0009984970092773438
"AIPredictor requires a valid, pre-loaded model.",0.0
"AIPredictor requires a valid, pre-loaded model.",0.0009989738464355469
"AIPredictor requires a valid, pre-loaded model.",0.0005044937133789062
"AIPredictor requires a valid, pre-loaded model.",0.0005176067352294922
"AIPredictor requires a valid, pre-loaded model.",0.0
"AIPredictor requires a valid, pre-loaded model.",0.0010051727294921875
"AIPredictor requires a valid, pre-loaded model.",0.0
"AIPredictor requires a valid, pre-loaded model.",0.0012009143829345703
"AIPredictor requires a valid, pre-loaded model.",0.0
"AIPredictor requires a valid, pre-loaded model.",0.0010006427764892578
"AIPredictor requires a valid, pre-loaded model.",0.0
"AIPredictor requires a valid, pre-loaded model.",0.0
"AIPredictor requires a valid, pre-loaded model.",0.0015039443969726562
"AIPredictor requires a valid, pre-loaded model.",0.0
"AIPredictor requires a valid, pre-loaded model.",0.0
"AIPredictor requires a valid, pre-loaded model.",0.0015265941619873047
"AIPredictor requires a valid, pre-loaded model.",0.0
"AIPredictor requires a valid, pre-loaded model.",0.0
"AIPredictor requires a valid, pre-loaded model.",0.0010006427764892578
"AIPredictor requires a valid, pre-loaded model.",0.0
"AIPredictor requires a valid, pre-loaded model.",0.0010001659393310547
"AIPredictor requires a valid, pre-loaded model.",0.0
"AIPredictor requires a valid, pre-loaded model.",0.0
"AIPredictor requires a valid, pre-loaded model.",0.00107574462890625
"AIPredictor requires a valid, pre-loaded model.",0.0
"AIPredictor requires a valid, pre-loaded model.",0.0009975433349609375
"AIPredictor requires a valid, pre-loaded model.",0.0005044937133789062
"AIPredictor requires a valid, pre-loaded model.",0.0005123615264892578
"AIPredictor requires a valid, pre-loaded model.",0.0
"AIPredictor requires a valid, pre-loaded model.",0.0
"AIPredictor requires a valid, pre-loaded model.",0.001007080078125
"AIPredictor requires a valid, pre-loaded model.",0.0
"AIPredictor requires a valid, pre-loaded model.",0.0
"AIPredictor requires a valid, pre-loaded model.",0.001504659652709961
"AIPredictor requires a valid, pre-loaded model.",0.0006711483001708984
"AIPredictor requires a valid, pre-loaded model.",0.0
"AIPredictor requires a valid, pre-loaded model.",0.0005283355712890625
"AIPredictor requires a valid, pre-loaded model.",0.0005223751068115234
"AIPredictor requires a valid, pre-loaded model.",0.0005254745483398438
"AIPredictor requires a valid, pre-loaded model.",0.0
"AIPredictor requires a valid, pre-loaded model.",0.0
"AIPredictor requires a valid, pre-loaded model.",0.0005311965942382812
"AIPredictor requires a valid, pre-loaded model.",0.0005207061767578125
"AIPredictor requires a valid, pre-loaded model.",0.0005211830139160156
"AIPredictor requires a valid, pre-loaded model.",0.0
"AIPredictor requires a valid, pre-loaded model.",0.0
"AIPredictor requires a valid, pre-loaded model.",0.0005121231079101562
"AIPredictor requires a valid, pre-loaded model.",0.0005247592926025391
"AIPredictor requires a valid, pre-loaded model.",0.0
"AIPredictor requires a valid, pre-loaded model.",0.0006661415100097656
"AIPredictor requires a valid, pre-loaded model.",0.0005197525024414062
"AIPredictor requires a valid, pre-loaded model.",0.0
"AIPredictor requires a valid, pre-loaded model.",0.0
"AIPredictor requires a valid, pre-loaded model.",0.0
"AIPredictor requires a valid, pre-loaded model.",0.0
"AIPredictor requires a valid, pre-loaded model.",0.0
"AIPredictor requires a valid, pre-loaded model.",0.0
"AIPredictor requires a valid, pre-loaded model.",0.0005178451538085938
"AIPredictor requires a valid, pre-loaded model.",0.0005161762237548828
"AIPredictor requires a valid, pre-loaded model.",0.0005815029144287109
"AIPredictor requires a valid, pre-loaded model.",0.0005152225494384766
"AIPredictor requires a valid, pre-loaded model.",0.0005202293395996094
"AIPredictor requires a valid, pre-loaded model.",0.0005240440368652344
"AIPredictor requires a valid, pre-loaded model.",0.0005197525024414062
"AIPredictor requires a valid, pre-loaded model.",0.0
"AIPredictor requires a valid, pre-loaded model.",0.0
"AIPredictor requires a valid, pre-loaded model.",0.0
"AIPredictor requires a valid, pre-loaded model.",0.0005269050598144531
"AIPredictor requires a valid, pre-loaded model.",0.0005216598510742188
"AIPredictor requires a valid, pre-loaded model.",0.0005719661712646484
"AIPredictor requires a valid, pre-loaded model.",0.0005154609680175781
"AIPredictor requires a valid, pre-loaded model.",0.0005254745483398438
"AIPredictor requires a valid, pre-loaded model.",0.0
"AIPredictor requires a valid, pre-loaded model.",0.0
"AIPredictor requires a valid, pre-loaded model.",0.0
"AIPredictor requires a valid, pre-loaded model.",0.0005218982696533203
"AIPredictor requires a valid, pre-loaded model.",0.0005223751068115234
"AIPredictor requires a valid, pre-loaded model.",0.0
"AIPredictor requires a valid, pre-loaded model.",0.0
"AIPredictor requires a valid, pre-loaded model.",0.0005223751068115234
"AIPredictor requires a valid, pre-loaded model.",0.0005090236663818359
"AIPredictor requires a valid, pre-loaded model.",0.0
"AIPredictor requires a valid, pre-loaded model.",0.0
"AIPredictor requires a valid, pre-loaded model.",0.0005204677581787109
"AIPredictor requires a valid, pre-loaded model.",0.000518798828125
"AIPredictor requires a valid, pre-loaded model.",0.0005207061767578125
"AIPredictor requires a valid, pre-loaded model.",0.0
"AIPredictor requires a valid, pre-loaded model.",0.0
"AIPredictor requires a valid, pre-loaded model.",0.0005619525909423828
"AIPredictor requires a valid, pre-loaded model.",0.0005180835723876953
"AIPredictor requires a valid, pre-loaded model.",0.0005185604095458984
"AIPredictor requires a valid, pre-loaded model.",0.0005168914794921875
"AIPredictor requires a valid, pre-loaded model.",0.0005338191986083984
"AIPredictor requires a valid, pre-loaded model.",0.0005300045013427734
"AIPredictor requires a valid, pre-loaded model.",0.0005297660827636719
"AIPredictor requires a valid, pre-loaded model.",0.0005252361297607422
"AIPredictor requires a valid, pre-loaded model.",0.0
"AIPredictor requires a valid, pre-loaded model.",0.0
"AIPredictor requires a valid, pre-loaded model.",0.0
"AIPredictor requires a valid, pre-loaded model.",0.0010077953338623047
"AIPredictor requires a valid, pre-loaded model.",0.0005095005035400391
"AIPredictor requires a valid, pre-loaded model.",0.0005047321319580078
"AIPredictor requires a valid, pre-loaded model.",0.0005166530609130859
"AIPredictor requires a valid, pre-loaded model.",0.0005578994750976562
"AIPredictor requires a valid, pre-loaded model.",0.0005400180816650391
"AIPredictor requires a valid, pre-loaded model.",0.0
"AIPredictor requires a valid, pre-loaded model.",0.0
"AIPredictor requires a valid, pre-loaded model.",0.0
"AIPredictor requires a valid, pre-loaded model.",0.0
"AIPredictor requires a valid, pre-loaded model.",0.0
"AIPredictor requires a valid, pre-loaded model.",0.0005056858062744141
"AIPredictor requires a valid, pre-loaded model.",0.0005185604095458984
"AIPredictor requires a valid, pre-loaded model.",0.0005171298980712891
"AIPredictor requires a valid, pre-loaded model.",0.0
"AIPredictor requires a valid, pre-loaded model.",0.0010080337524414062
"AIPredictor requires a valid, pre-loaded model.",0.0
"AIPredictor requires a valid, pre-loaded model.",0.0012173652648925781
"AIPredictor requires a valid, pre-loaded model.",0.0
"AIPredictor requires a valid, pre-loaded model.",0.0
"AIPredictor requires a valid, pre-loaded model.",0.0015091896057128906
"AIPredictor requires a valid, pre-loaded model.",0.0
"AIPredictor requires a valid, pre-loaded model.",0.0
"AIPredictor requires a valid, pre-loaded model.",0.0
"AIPredictor requires a valid, pre-loaded model.",0.0005052089691162109
"AIPredictor requires a valid, pre-loaded model.",0.0
"AIPredictor requires a valid, pre-loaded model.",0.0
"AIPredictor requires a valid, pre-loaded model.",0.0009989738464355469
"AIPredictor requires a valid, pre-loaded model.",0.0009987354278564453
"AIPredictor requires a valid, pre-loaded model.",0.0005056858062744141
"AIPredictor requires a valid, pre-loaded model.",0.0
"AIPredictor requires a valid, pre-loaded model.",0.0013942718505859375
"AIPredictor requires a valid, pre-loaded model.",0.0
"AIPredictor requires a valid, pre-loaded model.",0.0010073184967041016
"AIPredictor requires a valid, pre-loaded model.",0.0005042552947998047
"AIPredictor requires a valid, pre-loaded model.",0.0
"AIPredictor requires a valid, pre-loaded model.",0.0
"AIPredictor requires a valid, pre-loaded model.",0.0
"AIPredictor requires a valid, pre-loaded model.",0.0
"AIPredictor requires a valid, pre-loaded model.",0.0015168190002441406
"AIPredictor requires a valid, pre-loaded model.",0.0
"AIPredictor requires a valid, pre-loaded model.",0.0010077953338623047
"AIPredictor requires a valid, pre-loaded model.",0.0
"AIPredictor requires a valid, pre-loaded model.",0.0010874271392822266
"AIPredictor requires a valid, pre-loaded model.",0.0
"AIPredictor requires a valid, pre-loaded model.",0.0010066032409667969
"AIPredictor requires a valid, pre-loaded model.",0.0
"AIPredictor requires a valid, pre-loaded model.",0.0010025501251220703
"AIPredictor requires a valid, pre-loaded model.",0.0
"AIPredictor requires a valid, pre-loaded model.",0.0009982585906982422
"AIPredictor requires a valid, pre-loaded model.",0.0
"AIPredictor requires a valid, pre-loaded model.",0.0011775493621826172
"AIPredictor requires a valid, pre-loaded model.",0.0
"AIPredictor requires a valid, pre-loaded model.",0.001508474349975586
"AIPredictor requires a valid, pre-loaded model.",0.0010066032409667969
"AIPredictor requires a valid, pre-loaded model.",0.0005214214324951172
"AIPredictor requires a valid, pre-loaded model.",0.0
"AIPredictor requires a valid, pre-loaded model.",0.0005702972412109375
"AIPredictor requires a valid, pre-loaded model.",0.0005743503570556641
"AIPredictor requires a valid, pre-loaded model.",0.0005183219909667969
"AIPredictor requires a valid, pre-loaded model.",0.000518798828125
"AIPredictor requires a valid, pre-loaded model.",0.0005342960357666016
"AIPredictor requires a valid, pre-loaded model.",0.0005214214324951172
"AIPredictor requires a valid, pre-loaded model.",0.0005249977111816406
"AIPredictor requires a valid, pre-loaded model.",0.0005185604095458984
"AIPredictor requires a valid, pre-loaded model.",0.0007052421569824219
"AIPredictor requires a valid, pre-loaded model.",0.0010323524475097656
"AIPredictor requires a valid, pre-loaded model.",0.0007302761077880859
"AIPredictor requires a valid, pre-loaded model.",0.0005271434783935547
"AIPredictor requires a valid, pre-loaded model.",0.0005283355712890625
"AIPredictor requires a valid, pre-loaded model.",0.0005164146423339844
"AIPredictor requires a valid, pre-loaded model.",0.0005290508270263672
"AIPredictor requires a valid, pre-loaded model.",0.0005283355712890625
"AIPredictor requires a valid, pre-loaded model.",0.0005171298980712891
"AIPredictor requires a valid, pre-loaded model.",0.001796722412109375
"AIPredictor requires a valid, pre-loaded model.",0.0005807876586914062
"AIPredictor requires a valid, pre-loaded model.",0.0005300045013427734
"AIPredictor requires a valid, pre-loaded model.",0.0020287036895751953
"AIPredictor requires a valid, pre-loaded model.",0.001337289810180664
"AIPredictor requires a valid, pre-loaded model.",0.000553131103515625
"AIPredictor requires a valid, pre-loaded model.",0.0005133152008056641
"AIPredictor requires a valid, pre-loaded model.",0.0005176067352294922
"AIPredictor requires a valid, pre-loaded model.",0.0
"AIPredictor requires a valid, pre-loaded model.",0.0
"AIPredictor requires a valid, pre-loaded model.",0.0005211830139160156
"AIPredictor requires a valid, pre-loaded model.",0.0005197525024414062
"AIPredictor requires a valid, pre-loaded model.",0.000518798828125
"AIPredictor requires a valid, pre-loaded model.",0.0005276203155517578
"AIPredictor requires a valid, pre-loaded model.",0.0005147457122802734
"AIPredictor requires a valid, pre-loaded model.",0.0005421638488769531
"AIPredictor requires a valid, pre-loaded model.",0.0005311965942382812
"AIPredictor requires a valid, pre-loaded model.",0.0
"AIPredictor requires a valid, pre-loaded model.",0.0
"AIPredictor requires a valid, pre-loaded model.",0.0005314350128173828
"AIPredictor requires a valid, pre-loaded model.",0.0005304813385009766
"AIPredictor requires a valid, pre-loaded model.",0.0005364418029785156
"AIPredictor requires a valid, pre-loaded model.",0.0005145072937011719
"AIPredictor requires a valid, pre-loaded model.",0.0005321502685546875
"AIPredictor requires a valid, pre-loaded model.",0.000514984130859375
"AIPredictor requires a valid, pre-loaded model.",0.0005164146423339844
"AIPredictor requires a valid, pre-loaded model.",0.0018720626831054688
"AIPredictor requires a valid, pre-loaded model.",0.0010082721710205078
"AIPredictor requires a valid, pre-loaded model.",0.0005075931549072266
"AIPredictor requires a valid, pre-loaded model.",0.0005290508270263672
"AIPredictor requires a valid, pre-loaded model.",0.0
"AIPredictor requires a valid, pre-loaded model.",0.0005178451538085938
"AIPredictor requires a valid, pre-loaded model.",0.0006089210510253906
"AIPredictor requires a valid, pre-loaded model.",0.0005438327789306641
"AIPredictor requires a valid, pre-loaded model.",0.0005283355712890625
"AIPredictor requires a valid, pre-loaded model.",0.0005297660827636719
"AIPredictor requires a valid, pre-loaded model.",0.0005357265472412109
"AIPredictor requires a valid, pre-loaded model.",0.0005359649658203125
"AIPredictor requires a valid, pre-loaded model.",0.0005173683166503906
"AIPredictor requires a valid, pre-loaded model.",0.0005235671997070312
"AIPredictor requires a valid, pre-loaded model.",0.0005240440368652344
"AIPredictor requires a valid, pre-loaded model.",0.0
"AIPredictor requires a valid, pre-loaded model.",0.0005238056182861328
"AIPredictor requires a valid, pre-loaded model.",0.0005385875701904297
"AIPredictor requires a valid, pre-loaded model.",0.00052642822265625
"AIPredictor requires a valid, pre-loaded model.",0.0005116462707519531
"AIPredictor requires a valid, pre-loaded model.",0.0005273818969726562
"AIPredictor requires a valid, pre-loaded model.",0.0005214214324951172
"AIPredictor requires a valid, pre-loaded model.",0.000522613525390625
"AIPredictor requires a valid, pre-loaded model.",0.0004448890686035156
"AIPredictor requires a valid, pre-loaded model.",0.0005230903625488281
"AIPredictor requires a valid, pre-loaded model.",0.0007212162017822266
"AIPredictor requires a valid, pre-loaded model.",0.001355886459350586
"AIPredictor requires a valid, pre-loaded model.",0.0005776882171630859
"AIPredictor requires a valid, pre-loaded model.",0.0005750656127929688
"AIPredictor requires a valid, pre-loaded model.",0.0005130767822265625
"AIPredictor requires a valid, pre-loaded model.",0.0005323886871337891
"AIPredictor requires a valid, pre-loaded model.",0.0005295276641845703
"AIPredictor requires a valid, pre-loaded model.",0.0005924701690673828
"AIPredictor requires a valid, pre-loaded model.",0.0005269050598144531
"AIPredictor requires a valid, pre-loaded model.",0.0005140304565429688
"AIPredictor requires a valid, pre-loaded model.",0.0005197525024414062
"AIPredictor requires a valid, pre-loaded model.",0.0005242824554443359
"AIPredictor requires a valid, pre-loaded model.",0.0007243156433105469
"AIPredictor requires a valid, pre-loaded model.",0.0
"AIPredictor requires a valid, pre-loaded model.",0.000518798828125
"AIPredictor requires a valid, pre-loaded model.",0.0005223751068115234
"AIPredictor requires a valid, pre-loaded model.",0.0005161762237548828
"AIPredictor requires a valid, pre-loaded model.",0.0005280971527099609
"AIPredictor requires a valid, pre-loaded model.",0.0005276203155517578
"AIPredictor requires a valid, pre-loaded model.",0.0005233287811279297
"AIPredictor requires a valid, pre-loaded model.",0.0005352497100830078
"AIPredictor requires a valid, pre-loaded model.",0.0005195140838623047
"AIPredictor requires a valid, pre-loaded model.",0.0005178451538085938
"AIPredictor requires a valid, pre-loaded model.",0.0005238056182861328
"AIPredictor requires a valid, pre-loaded model.",0.0006310939788818359
"AIPredictor requires a valid, pre-loaded model.",0.0005304813385009766
"AIPredictor requires a valid, pre-loaded model.",0.0010433197021484375
"AIPredictor requires a valid, pre-loaded model.",0.0009372234344482422
"AIPredictor requires a valid, pre-loaded model.",0.0
"AIPredictor requires a valid, pre-loaded model.",0.000537872314453125
"AIPredictor requires a valid, pre-loaded model.",0.0005152225494384766
"AIPredictor requires a valid, pre-loaded model.",0.001230001449584961
"AIPredictor requires a valid, pre-loaded model.",0.0005540847778320312
"AIPredictor requires a valid, pre-loaded model.",0.0010068416595458984
"AIPredictor requires a valid, pre-loaded model.",0.0005052089691162109
"AIPredictor requires a valid, pre-loaded model.",0.0005273818969726562
"AIPredictor requires a valid, pre-loaded model.",0.0005331039428710938
"AIPredictor requires a valid, pre-loaded model.",0.0006241798400878906
"AIPredictor requires a valid, pre-loaded model.",0.0005211830139160156
"AIPredictor requires a valid, pre-loaded model.",0.0005199909210205078
"AIPredictor requires a valid, pre-loaded model.",0.0005359649658203125
"AIPredictor requires a valid, pre-loaded model.",0.0010614395141601562
"AIPredictor requires a valid, pre-loaded model.",0.0006997585296630859
"AIPredictor requires a valid, pre-loaded model.",0.0005383491516113281
"AIPredictor requires a valid, pre-loaded model.",0.0
"AIPredictor requires a valid, pre-loaded model.",0.0
"AIPredictor requires a valid, pre-loaded model.",0.0005331039428710938
"AIPredictor requires a valid, pre-loaded model.",0.0005438327789306641
"AIPredictor requires a valid, pre-loaded model.",0.0012903213500976562
"AIPredictor requires a valid, pre-loaded model.",0.0010585784912109375
"AIPredictor requires a valid, pre-loaded model.",0.0
"AIPredictor requires a valid, pre-loaded model.",0.0007464885711669922
"AIPredictor requires a valid, pre-loaded model.",0.0
"AIPredictor requires a valid, pre-loaded model.",0.0005364418029785156
"AIPredictor requires a valid, pre-loaded model.",0.000537872314453125
"AIPredictor requires a valid, pre-loaded model.",0.0
"AIPredictor requires a valid, pre-loaded model.",0.0
"AIPredictor requires a valid, pre-loaded model.",0.0005133152008056641
"AIPredictor requires a valid, pre-loaded model.",0.0005209445953369141
"AIPredictor requires a valid, pre-loaded model.",0.0005221366882324219
"AIPredictor requires a valid, pre-loaded model.",0.0005185604095458984
"AIPredictor requires a valid, pre-loaded model.",0.0005164146423339844
"AIPredictor requires a valid, pre-loaded model.",0.000514984130859375
"AIPredictor requires a valid, pre-loaded model.",0.0005216598510742188
"AIPredictor requires a valid, pre-loaded model.",0.0009748935699462891
"AIPredictor requires a valid, pre-loaded model.",0.0005400180816650391
"AIPredictor requires a valid, pre-loaded model.",0.0006322860717773438
"AIPredictor requires a valid, pre-loaded model.",0.0010426044464111328
"AIPredictor requires a valid, pre-loaded model.",0.0012998580932617188
"AIPredictor requires a valid, pre-loaded model.",0.0005176067352294922
"AIPredictor requires a valid, pre-loaded model.",0.0005323886871337891
"AIPredictor requires a valid, pre-loaded model.",0.0005273818969726562
"AIPredictor requires a valid, pre-loaded model.",0.0005333423614501953
"AIPredictor requires a valid, pre-loaded model.",0.0005452632904052734
"AIPredictor requires a valid, pre-loaded model.",0.0005137920379638672
"AIPredictor requires a valid, pre-loaded model.",0.0005176067352294922
"AIPredictor requires a valid, pre-loaded model.",0.0005655288696289062
"AIPredictor requires a valid, pre-loaded model.",0.000514984130859375
"AIPredictor requires a valid, pre-loaded model.",0.0005276203155517578
"AIPredictor requires a valid, pre-loaded model.",0.0005156993865966797
"AIPredictor requires a valid, pre-loaded model.",0.0007607936859130859
"AIPredictor requires a valid, pre-loaded model.",0.0005159378051757812
"AIPredictor requires a valid, pre-loaded model.",0.0005331039428710938
"AIPredictor requires a valid, pre-loaded model.",0.0005280971527099609
"AIPredictor requires a valid, pre-loaded model.",0.000530242919921875
"AIPredictor requires a valid, pre-loaded model.",0.0005590915679931641
"AIPredictor requires a valid, pre-loaded model.",0.0005266666412353516
"AIPredictor requires a valid, pre-loaded model.",0.0
"AIPredictor requires a valid, pre-loaded model.",0.0
"AIPredictor requires a valid, pre-loaded model.",0.0005185604095458984
"AIPredictor requires a valid, pre-loaded model.",0.0005209445953369141
"AIPredictor requires a valid, pre-loaded model.",0.0005166530609130859
"AIPredictor requires a valid, pre-loaded model.",0.0
"AIPredictor requires a valid, pre-loaded model.",0.0005128383636474609
"AIPredictor requires a valid, pre-loaded model.",0.0005414485931396484
"AIPredictor requires a valid, pre-loaded model.",0.0005285739898681641
"AIPredictor requires a valid, pre-loaded model.",0.001050710678100586
"AIPredictor requires a valid, pre-loaded model.",0.000762939453125
"AIPredictor requires a valid, pre-loaded model.",0.0005125999450683594
"AIPredictor requires a valid, pre-loaded model.",0.0005385875701904297
"AIPredictor requires a valid, pre-loaded model.",0.0005273818969726562
"AIPredictor requires a valid, pre-loaded model.",0.0005254745483398438
"AIPredictor requires a valid, pre-loaded model.",0.0
"AIPredictor requires a valid, pre-loaded model.",0.0005140304565429688
"AIPredictor requires a valid, pre-loaded model.",0.0005145072937011719
"AIPredictor requires a valid, pre-loaded model.",0.0005259513854980469
"AIPredictor requires a valid, pre-loaded model.",0.0005142688751220703
"AIPredictor requires a valid, pre-loaded model.",0.0005254745483398438
"AIPredictor requires a valid, pre-loaded model.",0.0005238056182861328
"AIPredictor requires a valid, pre-loaded model.",0.0005254745483398438
"AIPredictor requires a valid, pre-loaded model.",0.0005166530609130859
"AIPredictor requires a valid, pre-loaded model.",0.000518798828125
"AIPredictor requires a valid, pre-loaded model.",0.0005176067352294922
"AIPredictor requires a valid, pre-loaded model.",0.0005323886871337891
"AIPredictor requires a valid, pre-loaded model.",0.0005545616149902344
"AIPredictor requires a valid, pre-loaded model.",0.0005314350128173828
"AIPredictor requires a valid, pre-loaded model.",0.0005362033843994141
"AIPredictor requires a valid, pre-loaded model.",0.0005397796630859375
"AIPredictor requires a valid, pre-loaded model.",0.0005135536193847656
"AIPredictor requires a valid, pre-loaded model.",0.0005323886871337891
"AIPredictor requires a valid, pre-loaded model.",0.0005233287811279297
"AIPredictor requires a valid, pre-loaded model.",0.0005383491516113281
"AIPredictor requires a valid, pre-loaded model.",0.0005331039428710938
"AIPredictor requires a valid, pre-loaded model.",0.0005383491516113281
"AIPredictor requires a valid, pre-loaded model.",0.0005304813385009766
"AIPredictor requires a valid, pre-loaded model.",0.0
"AIPredictor requires a valid, pre-loaded model.",0.0
"AIPredictor requires a valid, pre-loaded model.",0.0005445480346679688
"AIPredictor requires a valid, pre-loaded model.",0.0005297660827636719
"AIPredictor requires a valid, pre-loaded model.",0.0005314350128173828
"AIPredictor requires a valid, pre-loaded model.",0.0005710124969482422
"AIPredictor requires a valid, pre-loaded model.",0.0005168914794921875
"AIPredictor requires a valid, pre-loaded model.",0.0005161762237548828
"AIPredictor requires a valid, pre-loaded model.",0.0005350112915039062
"AIPredictor requires a valid, pre-loaded model.",0.0007236003875732422
"AIPredictor requires a valid, pre-loaded model.",0.0005359649658203125
"AIPredictor requires a valid, pre-loaded model.",0.0005307197570800781
"AIPredictor requires a valid, pre-loaded model.",0.0005156993865966797
"AIPredictor requires a valid, pre-loaded model.",0.0
"AIPredictor requires a valid, pre-loaded model.",0.0005311965942382812
"AIPredictor requires a valid, pre-loaded model.",0.0005228519439697266
"AIPredictor requires a valid, pre-loaded model.",0.0005257129669189453
"AIPredictor requires a valid, pre-loaded model.",0.0005331039428710938
"AIPredictor requires a valid, pre-loaded model.",0.0005562305450439453
"AIPredictor requires a valid, pre-loaded model.",0.000530242919921875
"AIPredictor requires a valid, pre-loaded model.",0.0005242824554443359
"AIPredictor requires a valid, pre-loaded model.",0.0005338191986083984
"AIPredictor requires a valid, pre-loaded model.",0.0005311965942382812
"AIPredictor requires a valid, pre-loaded model.",0.0005154609680175781
"AIPredictor requires a valid, pre-loaded model.",0.0005278587341308594
"AIPredictor requires a valid, pre-loaded model.",0.000530242919921875
"AIPredictor requires a valid, pre-loaded model.",0.0005297660827636719
"AIPredictor requires a valid, pre-loaded model.",0.0
"AIPredictor requires a valid, pre-loaded model.",0.0007188320159912109
"AIPredictor requires a valid, pre-loaded model.",0.0005245208740234375
