molecule_id,smiles
"5alpha,8alpha-epidioxy-ergost-6,22-dien-3beta-ol",O[C@H]1CC[C@]2([C@@]3(C1)OO[C@@]1([C@@H]2CC[C@]2([C@H]1CC[C@@H]2[C@@H](/C=C/[C@@H](C(C)C)C)C)C)C=C3)C
"ergosta-5,22-dien-3beta-ol",O[C@H]1CC[C@]2(C(=CC[C@@H]3[C@@H]2CC[C@]2([C@H]3CC[C@@H]2[C@@H](/C=C/[C@@H](C(C)C)C)C)C)C1)C
ergosterol,O[C@H]1CC[C@]2(C(=CC=C3[C@@H]2CC[C@]2([C@H]3CC[C@@H]2[C@@H](/C=C/[C@@H](C(C)C)C)C)C)C1)C
"ergosta-7,22-dien-3beta-ol",OC1CC[C@]2(C(C1)CC=C1[C@@H]2CC[C@]2([C@H]1CC[C@@H]2[C@@H](/C=C/[C@@H](C(C)C)C)C)C)C
ergosta-7-en-3beta-ol,O[C@H]1CC[C@]2(C(C1)CC=C1[C@@H]2CC[C@]2([C@H]1CC[C@@H]2[C@@H](CC[C@@H](C(C)C)C)C)C)C
lanneaflavonol,COc1c(O)cc(cc1O)c1oc2cc3OC(C)(C)C=Cc3c(c2c(=O)c1O)O
dihydrolanneaflavonol,COc1c(O)cc(cc1O)[C@H]1Oc2cc3OC(C)(C)C=Cc3c(c2C(=O)[C@@H]1O)O
myricetin-3-O-alpha-rhamnopyranoside,Oc1cc(O)c2c(c1)oc(c(c2=O)O[C@@H]1O[C@@H](C)[C@@H]([C@H]([C@H]1O)O)O)c1cc(O)c(c(c1)O)O
myricetin-3-O-alpha-arabinofuranoside,OC[C@@H]1O[C@H]([C@@H]([C@H]1O)O)Oc1c(oc2c(c1=O)c(O)cc(c2)O)c1cc(O)c(c(c1)O)O
lupeol,CC(=C)[C@@H]1CC[C@]2([C@H]1[C@H]1CC[C@H]3[C@@]([C@]1(C)CC2)(C)CC[C@@H]1[C@]3(C)CC[C@@H](C1(C)C)O)C
sitosterol,CC[C@H](C(C)C)CC[C@H]([C@H]1CC[C@@H]2[C@]1(C)CC[C@H]1[C@H]2CC=C2[C@]1(C)CC[C@@H](C2)O)C
"3-(1-(2,4-dihydroxyphenyl)-3,3-bis(4-hydroxyphenyl)-1-oxopropan-2- yl)-7-methoxy-4H-chromone-4-one",COc1ccc2c(c1)c(=O)c(co2)C(C(=O)c1ccc(cc1O)O)C(c1ccc(cc1)O)c1ccc(cc1)O
"2',4'-dihydroxychalcone-(4-O-5''')-4'',2''',4'''-trihydroxychalcone",Oc1ccc(cc1)/C=C/C(=O)c1cc(Oc2ccc(cc2)/C=C/C(=O)c2ccc(cc2O)O)c(cc1O)O
"3-((Z)-heptadec-13- enyl) benzene-1,2-diol",CCC/C=C\CCCCCCCCCCCCc1cccc(c1O)O
6-pentadecylsalicylic acid,CCCCCCCCCCCCCCCc1cccc(c1C(=O)O)O
ancistrocladidine,COc1cc2C[C@H](C)N=C(c2c(c1c1c(C)cc2c(c1O)c(OC)ccc2)OC)C
ancistrotectorine,COc1cc2C[C@H](C)N([C@@H](c2c(c1c1c(C)cc2c(c1O)c(OC)ccc2)OC)C)C
"(-)-(R)-dihydro-2',3'-epoxyasteranthine",CC1(C)C=Cc2c(O1)c1[nH]cc(c1cc2)C[C@H]1OC1(C)C
ancistrotanzanine C,COc1c2c(C[C@@H](N([C@@H]2C)C)C)cc(c1c1c(C)cc2c(c1O)c(OC)ccc2)O
6-O-methylancistrocladinine,COc1cc(OC)c2c(c1c1c(C)cc(c3c1cccc3OC)OC)C[C@@H](N=C2C)C
"O,N-dimethylancistrocladine",COc1cc(OC)c2c(c1c1c(C)cc(c3c1cccc3OC)OC)C[C@@H](N([C@H]2C)C)C
droserone,CC1=C(O)c2cccc(c2C(=O)C1=O)O
ancistrobertsonine A,COc1cc(O)c(c2c1[C@H](C)N(C)[C@H](C2)C)c1ccc(c2c1cc(C)cc2OC)OC
ancistrocladine,COc1cc(O)c(c2c1[C@H](C)N[C@H](C2)C)c1c(C)cc(c2c1cccc2OC)OC
ancistrobrevine B,COc1cc(O)c(c2c1[C@H](C)N[C@H](C2)C)c1ccc(c2c1cc(C)cc2OC)OC
ancistrobertsonine B,COc1cc(OC)c2c(c1c1c(C)cc(c3c1cccc3OC)OC)C[C@@H](N([C@@H]2C)C)C
ancistrobertsonine C,COc1cc(OC)c2c(c1c1ccc(c3c1cc(C)cc3OC)OC)C[C@@H](N([C@@H]2C)C)C
"1,2-didehydroancistrobertsonine D",COC1=C(C(=O)C=C2C1=C(C)N[C@H](C2)C)c1c(C)cc(c2c1cccc2OC)OC
ancistrobertsonine D,COc1c2[C@@H](C)N[C@H](Cc2cc(c1c1c(C)cc(c2c1cccc2OC)OC)O)C
ancistrocladisine,COc1cc2C[C@@H](C)N=C(c2c(c1c1c(C)cc(c2c1cccc2OC)OC)OC)C
"trans-1,2-dihydroancistrocladisine",COc1cc2C[C@@H](C)N[C@@H](c2c(c1c1c(C)cc(c2c1cccc2OC)OC)OC)C
"cis-1,2-dihydroancistrocladisine",COc1cc2C[C@@H](C)N[C@H](c2c(c1c1c(C)cc(c2c1cccc2OC)OC)OC)C
methylancistrobertsonine D,COc1c2[C@H](C)N[C@@H](Cc2cc(c1c1c(C)cc(c2c1cccc2OC)OC)O)C
ancistrotanzanine A,COc1cc(OC)c2c(c1c1c(C)cc3c(c1O)c(OC)ccc3)C[C@@H](N=C2C)C
ancistrotanzanine B,COc1cc(OC)c2c(c1c1ccc(c3c1cc(C)cc3OC)OC)C[C@@H](N=C2C)C
ancistrotectoriline A,COc1cc(OC)c2c(c1c1ccc(c3c1cc(C)cc3OC)OC)C[C@@H](N[C@H]2C)C
lettowianthine,O=C1C(=O)c2c3N1CCc1c3c(c3c2cccc3)c2c(c1)OCO2
11-methyoxylettowianthine,COc1cccc2c1c1c3OCOc3cc3c1c1c2c(=O)c(=O)n1cc3
"11-hydroxyguaia-4,6-diene",CC1=C2C=C(CCC[C@@H]2CC1)C(O)(C)C
liriodenine,O=C1c2ccccc2c2c3c1nccc3cc1c2OCO1
(Z)-7-octadecen-9-ynoic acid,CCCCCCCCC#C/C=C\CCCCCC(=O)O
"methyl (2E,6E,10R)-10,11-epoxy-3,7,11-trimethyl-2,6-dodecadienoate",COC(=O)/C=C(/CC/C=C(/CC[C@H]1OC1(C)C)\C)\C
"methyl (2E,6E,10R)-10,11-dihydroxy-3,7,11-trimethyl-2,6-dodecadienoate",COC(=O)/C=C(/CC/C=C(/CC[C@H](C(O)(C)C)O)\C)\C
"3,4,5-trimethoxyphenol",COc1c(OC)cc(cc1OC)O
"(S)-MTPA-ester or methyl (2E,6E,10R )-10,11-dihydroxy-7,9,11- trimethyl-2,6-dodecadienoate",COC(=O)/C=C/CC/C=C(/CC([C@@H](C(O)(C)C)O)C)\C
"(R)-MTPA-ester or methyl (2E,6E,10R )-10,11-dihydroxy-7,9,11- trimethyl-2,6-dodecadienoate",COC(=O)/C=C/CC/C=C(/CC([C@H](C(O)(C)C)O)C)\C
caulindole A,CC1=C[C@H]([C@](CC1)(C)/C=C/c1ccc2c(c1)cc[nH]2)c1ccc2c(c1)cc[nH]2
caulindole B,CC1=C[C@H]([C@@](CC1)(C)/C=C/c1ccc2c(c1)cc[nH]2)c1ccc2c(c1)cc[nH]2
caulindole C,C=CC(c1c[nH]c2c1cc(cc2)/C=C/[C@]1(C)CCC(=C[C@H]1c1ccc2c(c1)c(c[nH]2)C(C=C)(C)C)C)(C)C
caulindole D,C=CC(c1c[nH]c2c1cc(cc2)/C=C/[C@@]1(C)CCC(=C[C@H]1c1ccc2c(c1)c(c[nH]2)C(C=C)(C)C)C)(C)C
5-(3-methylbut-2-enyl)-1H-indole,CC(=CCc1ccc2c(c1)cc[nH]2)C
"(E)-5-(3-methylbuta-1,3-dienyl)-1H-indole",CC(=C)/C=C/c1ccc2c(c1)cc[nH]2
(+/-)-schefflerin,COc1cc(O)c(c(c1OC)O)C(=O)[C@H]1[C@H](CC=C(C)C)C(=CC[C@@H]1c1ccccc1)C
(+/-)-isoschefflerin,COc1cc(O)c(c(c1OC)O)C(=O)[C@@H]1CC=C([C@@H]([C@H]1c1ccccc1)CC=C(C)C)C
(+/-)-schefflone,COC1=C(C(C)C)C2(C(C3(C1=O)CCc1c(O3)c(OC)c(c(c1)OC)C(C)C)Cc1c(O2)c(OC)c(c(c1)OC)C(C)C)OC
espintanol,COc1cc(C)c(c(c1C(C)C)OC)O
"3-isopropyl-2,4-dimethoxy-6-methylene-cyclohexa-2,4-dienone",COC1=CC(=C)C(=O)C(=C1C(C)C)OC
(+/-)-5-methoxy-7-phenyl-[4-methoxy-2-pyronyl]- 1-(E)-styryl-2-oxabicyclo-[4.2.0]-octa-4-en-3-one,COc1cc(=O)oc(c1)[C@@H]1[C@@H](c2ccccc2)[C@@H]2C1(/C=C/c1ccccc1)OC(=O)C=C2OC
"(+)-6-styryl-7,8-epoxy-4-methoxypyran-2-one",COc1cc(oc(=O)c1)[C@H]1O[C@@H]1c1ccccc1
"(+)-6-styryl-7,8-dihydroxy-4- methoxypyran-2-one",COc1cc(oc(=O)c1)[C@@H]([C@@H](c1ccccc1)O)O
"(-)-6-styryl-7,8-dihydroxy-4- methoxypyran-2-one",COc1cc(oc(=O)c1)[C@H]([C@H](c1ccccc1)O)O
"5-(2'',3''-epoxy-3''-methylbutyl)-3-(3'-hydroxy-3'-methyl-1'-acetyloxy-but-2'-yl)indole",CC(=O)OCC(C(O)(C)C)c1c[nH]c2c1cc(cc2)CC1OC1(C)C
"3-(2',3'-dihydroxy-3'-methylbutyl)-5-(3''-methylcrotonoyl) indole",CC(=CC(=O)c1ccc2c(c1)c(c[nH]2)CC(C(O)(C)C)O)C
"3,5-hexalobine C",CC1(C)O[C@H]1Cc1ccc2c(c1)c(c[nH]2)C[C@H]1OC1(C)C
"3,5-hexalobine D",CC(=CC(=O)c1ccc2c(c1)c(c[nH]2)C[C@H]1OC1(C)C)C
"6-(3-methyl-but-enyl)-1,3-dihydroindol-2-one",O=C1Cc2c(N1)cc(cc2)/C=C/C(C)C
3-[6-(3-methyl-but-2-enyl)-1H-indolyl]-6-(3-methyl-but-2-enyl)-1H-indole,CC(=CCc1ccc2c(c1)[nH]cc2n1ccc2c1cc(CC=C(C)C)cc2)C
1H-indole-5-carbaldehyde,O=Cc1ccc2c(c1)cc[nH]2
6-(3-methyl-2-butenyl)-1H-indole,CC(=CCc1ccc2c(c1)[nH]cc2)C
"6-(3-methylbuta-1,3-dienyl)-1H-indole",CC(=C)/C=C/c1ccc2c(c1)[nH]cc2
6-(4-oxo-but-2-enyl)-1H-indole,O=C/C=C/Cc1ccc2c(c1)[nH]cc2
3-geranylindole,C/C(=C\Cc1c[nH]c2c1cccc2)/CCC=C(C)C
"3-(1,1-dimethyl-but-2-enyl)-5-(3-methyl-but-2-enyl)-1H-indole",C/C=C/C(c1c[nH]c2c1cc(CC=C(C)C)cc2)(C)C
"4-[3-(1,1-dimethyl-but-2-enyl)-1H-indol-5-yl]-but-3-en-2-one",C/C=C/C(c1c[nH]c2c1cc(/C=C/C(=O)C)cc2)(C)C
"7-(3,7-dimethylocta-2,6-dienyl)-5-hydroxy-3H-benzofuran-2-one",O=C1Cc2c(O1)c(C/C=C(/CCC=C(C)C)\C)cc(c2)O
"dimethyl 2,3-bis-[5-(3,7-dimethylocta-2,6-dienyl)-3,6-dioxocyclohexa-1,4-dienyl]-succinate",COC(=O)C(C1=CC(=O)C=C(C1=O)C/C=C(/CCC=C(C)C)\C)C(C1=CC(=O)C=C(C1=O)C/C=C(/CCC=C(C)C)\C)C(=O)OC
"2-(3,7-dimethylocta-2,6-dienyl)-6-[7-(3,7-dimethylocta-2,6-dienyl)-5-hydroxybenzofuran-2-yl]-[1,4]benzoquinone",C/C(=C\CC1=CC(=O)C=C(C1=O)c1oc2c(c1)cc(cc2C/C=C(/CCC=C(C)C)\C)O)/CCC=C(C)C
"methyl [3-(3,7-dimethylocta-2,6-dienyl)-6-methyl-5-(3-methylbut-2-enyl)-1,4-dioxo-1,5, 8,8a-tetrahydro-4H-nathphalen-4a-yl)]-acetate",COC(=O)C[C@]12C(=O)C(=CC(=O)[C@H]1CC=C(C2CC=C(C)C)C)C/C=C(/CCC=C(C)C)\C
methyl [6-hydroxy-2-methyl-2-(4-methylpent-3-enyl)-2H-chromen-8-yl]-acetate,COC(=O)Cc1cc(O)cc2c1OC(C)(CCC=C(C)C)C=C2
"3',5'-diformyl-2',4',6'-trihydroxychalcone",O=Cc1c(O)c(C(=O)/C=C/c2ccccc2)c(c(c1O)C=O)O
N-formyl-7-hydroxyglaucine,COc1cc2c(cc1OC)c(O)c1c3c2c(OC)c(OC)cc3ccn1C=O
"3',5'-dimethyl-2',4',6'-trihydroxychalcone",O=C(c1c(O)c(C)c(c(c1O)C)O)/C=C/c1ccccc1
(-)-crotepoxide,CC(=O)O[C@H]1[C@H](OC(=O)C)[C@H]2O[C@H]2[C@@H]2[C@@]1(COC(=O)c1ccccc1)O2
demethoxymatteucinol,Cc1c2O[C@@H](CC(=O)c2c(c(c1O)C)O)c1ccccc1
lawinal,O=Cc1c2O[C@@H](CC(=O)c2c(c(c1O)C)O)c1ccccc1
benzyl benzoate,O=C(c1ccccc1)OCc1ccccc1
"17,18-dihydroxyoctadeca-9,11,13,15-tetraynoic acid",OC[C@@H](C#CC#CC#CC#CCCCCCCCC(=O)O)O
"18-hydroxyoctadeca-9,11,13,15-tetraynoic acid",OCCC#CC#CC#CC#CCCCCCCCC(=O)O
"5,7,3',4'-tetrahydroxyflavanol",Oc1cc2OC(O)(CCc2c(c1)O)c1ccc(c(c1)O)O
"3,4-dihydroxybenzoic acid",OC(=O)c1ccc(c(c1)O)O
stearic acid,CCCCCCCCCCCCCCCCCC(=O)O
oleic acid,CCCCCCCC/C=C\CCCCCCCC(=O)O
"6-isopropenyl-2-isopropyl-5-methyl- 5-vinyl-cyclohexa-1,3-diene",C=CC1(C)C=CC(=CC1C(=C)C)C(C)C
caryophyllene,C/C/1=C/CCC(=C)C2C(CC1)C(C2)(C)C
isocaryophyllene,C/C/1=C/CCC(=C)[C@@H]2[C@@H](CC1)C(C2)(C)C
aromadendrene,C[C@@H]1CC[C@@H]2[C@@H]1[C@H]1[C@H](C1(C)C)CCC2=C
gurjunene,C[C@H]1CC[C@H]2[C@@H](C3=C(CC[C@@H]13)C)C2(C)C
cadalene,Cc1ccc2c(c1)c(ccc2C)C(C)C
2-benzyloctanal,CCCCCCC(Cc1ccccc1)C=O
"octahydro-3,8,8-trimethyl-6-methylene-1H-3a,7-methanoazulen-5-ol",OC1CC23CC(C1=C)C(C2CCC3C)(C)C
caryophyllene oxide,C=C1CC[C@H]2O[C@@]2(CC[C@@H]2[C@@H]1CC2(C)C)C
spathulenol,C=C1CC[C@@H]2[C@H]([C@H]3[C@H]1CC[C@]3(C)O)C2(C)C
intermedeol,CC(=C)[C@@H]1CC[C@]2([C@H](C1)[C@@](C)(O)CCC2)C
santalol,OC/C(=C\CCC1(C)C2CC3C1(C)C3C2)/C
3-vinyl-3-methyl-2-isopropenyl-6-isopropyl-cyclohexanone,C=CC1(C)CCC(C(=O)C1C(=C)C)C(C)C
methyl phenylheptanoate,COC(=O)CCCCCCc1ccccc1
benzyl octanoate,CCCCCCCC(=O)OCc1ccccc1
2-(o-methylphenyl)-6-methyl-5-hepten-2-ol,CC(=CCCC(c1ccccc1C)(O)C)C
"platambin-1,6-dione",CC(C1CCC2(C(C1=O)C(=C)CCC2=O)C)C
hexadecanoic acid,CCCCCCCCCCCCCCCC(=O)O
eicosane,CCCCCCCCCCCCCCCCCCCC
toussaintine A,O=C1C=C[C@]2([C@H](C1)N(C(=O)/C=C/c1ccccc1)C(=O)C2)O
toussaintine B,O[C@H]1C=C[C@]2([C@H](C1)N(C(=O)/C=C/c1ccccc1)C(=O)C2)O
toussaintine C,O=C1C=C[C@]2([C@@H](C1)N(CC2)C(=O)/C=C/c1ccccc1)O
toussaintine D,O=C(N[C@@H]1O[C@@H]2[C@](C1)(O)C=CC(=O)C2)/C=C/c1ccccc1
toussaintine E,COC(=O)C[C@@]1(O)C=CC(=O)C[C@@H]1NC(=O)/C=C/c1ccccc1
"2,7-dihydroxy-1,8-dimethoxypyrene",COc1c(O)cc2c3c1ccc1c3c(cc2)cc(c1OC)O
"2-hydroxy-1,7,8-trimethoxypyrene",COc1c(OC)cc2c3c1ccc1c3c(cc2)cc(c1OC)O
chamanetin,Oc1cc(O)c2c(c1Cc1ccccc1O)O[C@@H](CC2=O)c1ccccc1
isochamanetin,O=C1C[C@H](Oc2c1c(O)c(c(c2)O)Cc1ccccc1O)c1ccccc1
dichamanetin,Oc1ccccc1Cc1c(O)c(Cc2ccccc2O)c(c2c1O[C@@H](CC2=O)c1ccccc1)O
uvarinol,COc1c(Cc2cc(ccc2O)Cc2ccccc2O)c(O)c2c(c1Cc1cc(ccc1O)Cc1ccccc1O)O[C@@H](CC2=O)c1ccccc1
isouvarinol,Oc1ccc(cc1Cc1c(O)c(Cc2ccccc2O)c(c2c1O[C@@H](CC2=O)c1ccccc1)O)Cc1ccccc1O
lutein,C/C(=C\C=C\C=C(\C=C\C=C(\C=C\C1=C(C)C[C@H](CC1(C)C)O)/C)/C)/C=C/C=C(/C=C/[C@H]1C(=C[C@@H](CC1(C)C)O)C)\C
isoangoletin,Oc1ccc(cc1)[C@H]1Oc2cc(O)cc(c2C(=O)[C@H]1O[C@@H]1O[C@@H](C)[C@@H]([C@H]([C@H]1O)O)O)O
puguenolide,COc1ccc2c3c1oc(=O)c1c3c(cc2)ccc1O
uvaretin,COc1cc(O)c(c(c1C(=O)CCc1ccccc1)O)Cc1ccccc1O
diuvaretin,COc1c(C(=O)CCc2ccccc2)c(O)c(c(c1Cc1ccccc1O)O)Cc1ccccc1O
chamuvaritin,O=C(c1c(O)c(Cc2ccccc2O)c2c(c1O)Cc1c(O2)cccc1)CCc1ccccc1
triuvaretin,COc1c(Cc2cc(ccc2O)Cc2ccccc2O)c(O)c(c(c1C(=O)CCc1ccccc1)O)Cc1ccccc1O
isotriuvaretin,COc1c(Cc2ccccc2O)c(O)c(c(c1C(=O)CCc1ccccc1)O)Cc1cc(ccc1O)Cc1ccccc1O
ophrypetalin,CCCCCC[C@@H](CCC[C@@H]([C@H]1CC[C@@H](O1)[C@H]1CC[C@@H](O1)[C@@H](CCCCCCCCCCCCC1=C[C@@H](OC1=O)C)O)O)O
desacetyluvaricin,CCCCCCCCCC[C@@H]([C@H]1CC[C@@H](O1)[C@H]1CC[C@@H](O1)[C@@H](CCCCCCCCCCCCC1=C[C@@H](OC1=O)C)O)O
rolliniastatin-1,CCCCCCCCCC[C@@H](C1CC[C@H](O1)[C@@H]1CC[C@@H](O1)[C@@H](CCCCCCCCCCC(CC1=CC(OC1=O)C)O)O)O
dieporeticenin,CCCCCCCCCC/C=C/CCC1OC1CCC1OC1CCCCCCCCCCCCC1=CC(OC1=O)C
dieporeticanin-1,CCCCCCCCCCCCC1OC1CCC1OC1CCCCCCCCCCCCCC1=CC(OC1=O)C
dieporeticanin-2,CCCCCCCCCCC1OC1CCC1OC1CCCCCCCCCCCCCCCCC1=CC(OC1=O)C
diepoxyrollin,CCCCCCCCCCCCCCC1OC1CCC1OC1CCCCCCCCCCCC1=CC(OC1=O)C
"5-methoxy-6,8,8-trimethyl-2-phenylchromene-4,7-dione",COC1=C(C)C(=O)C(c2c1c(=O)cc(o2)c1ccccc1)(C)C
acuminavone,C=C1CCCC2C1CC1C(C2)(C)C(C2(C1(O)c1c(=O)cc(oc1C(C2=O)(C)C)c1ccccc1)C)(C)C
desmosdomutin,COC1=C(C)C(=C(C(=O)C1(C)C)C(=O)/C=C/c1ccccc1)O
"5-hydroxy-6,8,8-trimethyl-2-phenylchromene-4,7-dione",CC1=C(O)c2c(=O)cc(oc2C(C1=O)(C)C)c1ccccc1
"1-((2E,6E,10E)-3,7,11,15-tetramethylhexadeca-2,6,10,14-tetraenyl)-2-azabicyclo[2.2.1]hept-5-en-3-one",C/C(=C\CC/C(=C/CC12C=CC(C1)C(=O)N2)/C)/CC/C=C(/CCC=C(C)C)\C
"diphenylpentanoid (E)-1,5-bis(4-hydroxyphenyl)-pent-1-en-3-one",O=C(/C=C/c1ccc(cc1)O)CCc1ccc(cc1)O
karatavin,CC(C1CCC(C2C(C1)C(=CC2)C)(C)O)C
catechin,Oc1cc2O[C@H](c3ccc(c(c3)O)O)[C@H](Cc2c(c1)O)O
laudanine,COc1ccc(cc1O)CC1N(C)CCc2c1cc(OC)c(c2)OC
quebrachitol,COC1[C@H](O)[C@@H](O)C([C@@H]([C@H]1O)O)O
"cyclohexane-1,2,4,5-tetrol",OC1CC(O)C(CC1O)O
polycarpol,CC(=CCC[C@H]([C@H]1C[C@@H]([C@@]2([C@]1(C)CC=C1C2=CC[C@@H]2[C@]1(C)CC[C@@H](C2(C)C)O)C)O)C)C
"24-methylenelanosta-7,9(11)-dien- 3beta-ol",CC(C(=C)CC[C@H]([C@H]1CC[C@@]2([C@]1(C)CC=C1C2=CCC2[C@]1(C)CC[C@@H](C2(C)C)O)C)C)C
stigmasterol,CC[C@H](C(C)C)/C=C/[C@H]([C@H]1CC[C@@H]2[C@]1(C)CC[C@H]1[C@H]2CC=C2[C@]1(C)CC[C@@H](C2)O)C
artapetalin B,OCC/C=C\C/C=C\C/C=C\CCCCCCC1=C(OC)C(=C)OC1=O
artabotriol,OCC(=C)[C@@H](CO)O
N-methoxy-5-oxoaporphinoid,COC1C(=O)Cc2c3C1Cc1ccccc1c3c1c(c2)OCO1
"2',3'-epoxyasteranthine",CC1(C)C=Cc2c(O1)c1[nH]cc(c1cc2)CC1OC1(C)C
"2',3'-dihydroxyasteranthine",OC(C(O)(C)C)Cc1c[nH]c2c1ccc1c2OC(C=C1)(C)C
"(+)-(S)-dihydro-2',3'-epoxyasteranthine",CC1(C)C=Cc2c(O1)c1[nH]cc(c1cc2)C[C@@H]1OC1(C)C
cleistodiendiol,CC(=O)O[C@H]1C=C[C@H]([C@@H](/C/1=C/OC(=O)c1ccccc1)O)O
cleistodienol A,CC(=O)O[C@@H]1C=C[C@@H]([C@H](/C/1=C/OC(=O)c1ccccc1)OC(=O)C)O
cleistodienol B,O[C@H]1C=CC=C([C@@H]1OC(=O)C)C(OC(=O)C)OC(=O)c1ccccc1
cleistenechlorohydrin A,CC(=O)O[C@@H]1C=C[C@H]([C@]([C@H]1O)(O)COC(=O)c1ccccc1)Cl
cleistenechlorohydrin B,CC(=O)O[C@@H]1C=C[C@H]([C@@]([C@H]1O)(O)COC(=O)c1ccccc1)Cl
cleistenediol A,CO[C@@H]1C=C[C@H]([C@H]([C@]1(O)COC(=O)c1ccccc1)O)OC(=O)C
cleistenediol B,CO[C@H]1C=C[C@H]([C@@H]([C@@]1(O)COC(=O)c1ccccc1)OC(=O)C)O
cleistenediol C,CO[C@H]1C=C[C@@H]([C@@H]([C@@]1(O)COC(=O)c1ccccc1)OC(=O)C)OC(=O)C
cleistenediol D,CC(=O)O[C@H]1C=C[C@@H]([C@H]([C@@]1(O)COC(=O)c1ccccc1)O)OC(=O)C
cleistenediol E,CC(=O)O[C@@H]1C=C[C@@H]([C@@]([C@H]1O)(O)COC(=O)c1ccccc1)OC(=O)c1ccccc1
cleistenediol F,CC(=O)O[C@@H]1C=C[C@@H]([C@@]([C@H]1OC(=O)C)(O)COC(=O)c1ccccc1)OC(=O)c1ccccc1
cleistenonal,O=Cc1ccc2c(c1)[C@]1(C=C[C@@H]2[C@@H]([C@H]1OC(=O)C)O)C(OC(=O)c1ccccc1)OC(=O)C
cleistanolate,CO[C@@H]1CC(=O)O[C@@H]1[C@@H](C(OC(=O)C)COC(=O)c1ccccc1)OC(=O)C
"2,5-dihydroxybenzyl benzoate",Oc1ccc(c(c1)COC(=O)c1ccccc1)O
sootepenol B,O[C@H]1[C@@H](C=CC([C@@]1(O)COC(=O)C)OC(=O)c1ccccc1)OC(=O)C
ent-subglain C,CC(=O)O[C@@H]1[C@H](C=C[C@@H]([C@@]1(O)COC(=O)c1ccccc1)O)OC(=O)C
"(1S,4S,5S,6R)-5-[(benzyloxy)- methyl]-5,6-dihydroxycyclohex-2-ene-1,4-diyl diacetate",CC(=O)O[C@H]1C=C[C@@H]([C@H]([C@]1(O)COC(=O)c1ccccc1)O)OC(=O)C
epimonanthadiepoxide,O=C(c1ccccc1)OC[C@]12OC1C1C([C@@H]([C@H]2O)OC(=O)c2ccccc2)O1
epimonanthadiepoxide chlorhydrin,O=C(c1ccccc1)OC[C@@]12O[C@@H]1[C@H]([C@@H]([C@@H]([C@H]2O)OC(=O)c1ccccc1)O)Cl
Z-melodorinol,O[C@@H](/C=C\1/C=CC(=O)O1)COC(=O)c1ccccc1
Z-acetylmelodorinol,O=C(c1ccccc1)OC[C@H](/C=C\1/C=CC(=O)O1)OC(=O)C
Z-toussaintine E,COC(=O)C[C@]1(O)C=CC(=O)CC1NC(=O)/C=C\c1ccccc1
toussaintine F,CO[C@@H]1CC(=O)CC([C@]1(O)CC(=O)OC)NC(=O)/C=C/c1ccccc1
(+)-pipoxide-2-methyl ether,CO[C@H]1[C@@H](C=CC2[C@@]1(COC(=O)c1ccccc1)O2)OC(=O)c1ccccc1
(+)-pipoxide,O=C(c1ccccc1)OC[C@@]12OC1C=C[C@H]([C@@H]2O)OC(=O)c1ccccc1
"1alpha-benzoyloxymethyl-3alpha-benzoyloxycyclohex-5-en-1beta,2beta,4beta-triol",O=C(c1ccccc1)OC[C@@]1(O)C=C[C@@H]([C@H]([C@@H]1O)OC(=O)c1ccccc1)O
tetramethylscutellarein,COc1ccc(cc1)c1cc(=O)c2c(o1)cc(c(c2OC)OC)OC
toussaintine G,CO[C@H]1CC(=O)CC([C@]1(O)CC(=O)OC)NC(=O)/C=C/c1ccccc1
monathadiepoxide methyl ether,CO[C@H]1[C@H](OC(=O)c2ccccc2)C2OC2C2[C@@]1(COC(=O)c1ccccc1)O2
3-hydroxybenzaldehyde,O=Cc1cccc(c1)O
tetrahydrojusticidin B,COc1cc2CC3COC(=O)[C@@H]3[C@@H](c2cc1OC)c1ccc2c(c1)OCO2
6-methoxydiphyllin,COc1cc2[C@@H](c3ccc4c(c3)OCO4)[C@H]3C(=O)OCC3C(c2c(c1OC)OC)O
diphyllin,COc1cc2c(c3ccc4c(c3)OCO4)c3C(=O)OCc3c(c2cc1OC)O
6-hydroxyjusticidin A,COC1C2COC(=O)[C@@H]2[C@@H](c2c1c(O)c(c(c2)OC)OC)c1ccc2c(c1)OCO2
phyllamyricin C,COc1cc2[C@@H](c3ccc4c(c3)OCO4)[C@H]3C(=O)OCC3Cc2c(c1OC)OC
macarangin,C/C(=C\Cc1c(O)cc2c(c1O)c(=O)c(c(o2)c1ccc(cc1)O)O)/CCC=C(C)C
schweinfurthin A,C/C(=C\Cc1c(O)cc(cc1O)/C=C/c1cc(O)c2c(c1)C[C@H]1[C@@](O2)(C)C[C@H]([C@H](C1(C)C)O)O)/CCC=C(C)C
schweinfurthin B,COc1cc(/C=C/c2cc(O)c(c(c2)O)C/C=C(/CCC=C(C)C)\C)cc2c1O[C@]1(C)C[C@@H](O)[C@H](C([C@H]1C2)(C)C)O
ancistroquinone C,COc1c(OC)ccc2c1C(=O)C(=O)C(=C2O)C
"8-hydroxyheptadeca-4,6-diyn-3-yl ethanoate",CCCCCCCCCC(C#CC#CC(OC(=O)C)CC)O
"8-hydroxyheptadeca-1-ene-4,6-diyn-3-yl ethanoate",CCCCCCCCCC(C#CC#CC(OC(=O)C)C=C)O
"16-acetoxy-11-hydroxyoctadeca-17-ene-12,14-diynyl ethanoate",C=CC(OC(=O)C)C#CC#CC(CCCCCCCCCCOC(=O)C)O
"11,16-diacetoxyoctadeca-17-ene-12,14-diynyl ethanoate",C=CC(OC(=O)C)C#CC#CC(OC(=O)C)CCCCCCCCCCOC(=O)C
hederagenin,OC[C@]1(C)[C@@H](O)CC[C@]2([C@H]1CC[C@@]1([C@@H]2CC=C2[C@@]1(C)CC[C@@]1([C@H]2CC(CC1)(C)C)C(=O)O)C)C
2-hydroxy-4-methoxybenzaldehyde,COc1ccc(c(c1)O)C=O
3-hydroxy-4-methoxybenzaldehyde,O=Cc1ccc(c(c1)O)OC
"6-hydroxy-3,5-dimethoxy-2-methyl-1,4-naphthoquinone",COC1=C(C)C(=O)c2c(C1=O)c(OC)c(cc2)O
"5,8-dihydroxy-3-methoxy-2-methylnaphthalene-1,4-dione",COC1=C(C)C(=O)c2c(C1=O)c(O)ccc2O
malvone A,COc1c(O)c2C(=O)C(=O)C=Cc2c(c1C)O
droserone-5-methyl ether,COc1cccc2c1C(=O)C(=C(C2=O)C)O
hydroxydroserone,O=C1C=CC(=O)c2c1c(O)c(c(c2O)C)O
chrysophanol,Cc1cc(O)c2c(c1)C(=O)c1c(C2=O)c(O)ccc1
helminthosporin,Cc1cc(O)c2c(c1)C(=O)c1c(C2=O)c(O)ccc1O
aloesaponarin I,COC(=O)c1c(O)cc2c(c1C)C(=O)c1c(C2=O)cccc1O
aloesaponarin II,Oc1cc(C)c2c(c1)C(=O)c1c(C2=O)c(O)ccc1
laccaic acid D-methyl ester,COC(=O)c1c(O)cc2c(c1C)C(=O)c1c(C2=O)cc(cc1O)O
deoxyerythrolaccin,Oc1cc(C)c2c(c1)C(=O)c1c(C2=O)c(O)cc(c1)O
1-hydroxy-8-methoxy-3-methylanthraquinone,COc1cccc2c1C(=O)c1c(C2=O)cc(cc1O)C
aloesaponol I,COC(=O)c1c(O)cc2c(c1C)c(O)c1c(c2)CC(CC1=O)O
aloesaponol II-6-methyl ether,COc1cc2cc3CC(O)CC(=O)c3c(c2c(c1)C)O
8-hydroxy-6-methylxanthone-1-carboxylic acid,Cc1cc(O)c2c(c1)oc1c(c2=O)c(ccc1)C(=O)O
"6',8-O-dimethylknipholone",COc1cc(OC)c(c(c1c1c(C)cc(c2c1C(=O)c1cccc(c1C2=O)OC)O)O)C(=O)C
knipholone,COc1cc(O)c(c(c1C(=O)C)O)c1c(C)cc(c2c1C(=O)c1cccc(c1C2=O)O)O
knipholone mannich base,CCN(Cc1c(O)c(c(c(c1OC)C(=O)C)O)c1c(C)cc(c2c1C(=O)c1cccc(c1C2=O)O)O)CC
"knipholone-1,3-oxazine",COc1c2CN(COc2c(c(c1C(=O)C)O)c1c(C)cc(c2c1C(=O)c1cccc(c1C2=O)O)O)c1ccccc1
seco-anthraquinone,Cc1cc(O)c2c(c1)oc(=O)c1c(c2=O)c(O)ccc1
janthinone,COc1cccc2c1c(=O)c1c(O)cc(cc1oc2=O)C
wentiquinone A,COc1cc(O)c2c(c1)c(=O)oc1c(c2=O)c(O)cc(c1)C
wentiquinone B,COc1cc(OC)cc2c1c(=O)c1c(O)cc(cc1oc2=O)C
"1,8-dihydroxy-10-methoxy-3-methyldibenzo[b,e]oxepine-6,11-dione",COc1cc(O)cc2c1c(=O)c1c(O)cc(cc1oc2=O)C
wentiquinone C,OCc1cc(O)c2c(c1)oc(=O)c1c(c2=O)c(O)cc(c1)OC
leptosphaerin D,Oc1c(C)cc(c2c1COc1c(C2=O)c(O)ccc1)O
arugosin F,Cc1cc2C(O)Oc3c(C(=O)c2c(c1)O)c(O)ccc3
aloe-emodin,OCc1cc(O)c2c(c1)C(=O)c1c(C2=O)c(O)ccc1
chryslandicin,Cc1cc(O)c2c(c1)C(O)(c1cc(O)c3c(c1)C(=O)c1c(C3=O)c(O)cc(c1O)C)c1c(C2=O)c(O)ccc1
10-hydroxy-10-(chrysophanol-7'-yl)chrysophanol anthrone,Cc1cc(O)c2c(c1)C(=O)c1c(C2=O)c(O)cc(c1)C1(O)c2cccc(c2C(=O)c2c1cc(C)cc2O)O
10-methoxy-10-(chrysophanol-7'-yl)chrysophanol anthrone,COC1(c2cc(O)c3c(c2)C(=O)c2c(C3=O)c(O)cc(c2)C)c2cccc(c2C(=O)c2c1cc(C)cc2O)O
asphodelin,Cc1cc(O)c2c(c1)C(=O)c1c(C2=O)c(O)c(cc1)c1c(C)cc(c2c1C(=O)c1cccc(c1C2=O)O)O
isoknipholone,COc1c(c(O)cc(c1C(=O)C)O)c1c(C)cc(c2c1C(=O)c1cccc(c1C2=O)O)O
knipholone anthrone,COc1cc(O)c(c(c1C(=O)C)O)c1c(C)cc(c2c1Cc1cccc(c1C2=O)O)O
10-acetonylknipholone cyclooxanthrone,COc1cc2OC3(CC(=O)C)c4c(c2c(c1C(=O)C)O)c(C)cc(c4C(=O)c1c3cccc1O)O
knipholone cyclooxanthrone,COc1cc2OC3c4c(c2c(c1C(=O)C)O)c(C)cc(c4C(=O)c1c3cccc1O)O
joziknipholone A,COc1cc(O)c(c(c1C(=O)C)O)c1c(C)cc(c2c1C(=O)c1ccc(c(c1C2=O)O)[C@H]1c2cccc(c2C(=O)c2c1c(c(cc2O)C)c1c(O)cc(c(c1O)C(=O)C)OC)O)O
dianellin,OC1C(COC2CC(C)C(C(C2O)O)O)OC(C(C1O)O)Oc1cccc2c1c(O)c(c(c2)C)C(=O)C
2-acetyl-1-hydroxy-8-methoxy-3-methylnaphthalene,COc1cccc2c1c(O)c(c(c2)C)C(=O)C
aloin A,OCc1cc(O)c2c(c1)[C@@H]([C@@H]1O[C@H](CO)[C@H]([C@@H]([C@H]1O)O)O)c1c(C2=O)c(O)ccc1
aloin B,OCc1cc(O)c2c(c1)[C@H]([C@@H]1O[C@H](CO)[C@H]([C@@H]([C@H]1O)O)O)c1c(C2=O)c(O)ccc1
microdontin A,OCc1cc(O)c2c(c1)[C@@H]([C@@H]1O[C@H](COC(=O)/C=C/c3ccc(cc3)O)[C@H]([C@@H]([C@H]1O)O)O)c1c(C2=O)c(O)ccc1
microdontin B,OCc1cc(O)c2c(c1)[C@H]([C@@H]1O[C@H](COC/C=C/c3ccc(cc3)O)[C@H]([C@@H]([C@H]1O)O)O)c1c(C2=O)c(O)ccc1
"5-hydroxy-3,6-dimethoxy-2-methylnaphthalene-1,4-dione",COC1=C(C)C(=O)c2c(C1=O)c(O)c(cc2)OC
isoxanthorin,COc1cc(O)c2c(c1O)C(=O)c1c(C2=O)cc(cc1O)C
aloesaponol II,OC1CC(=O)c2c(C1)cc1c(c2O)c(C)cc(c1)O
"10-methoxy-10,7'-(chrysophanol anthrone)-chrysophanol",COC1(c2ccc3c(c2O)C(=O)c2c(C3=O)cc(cc2O)C)c2cccc(c2C(=O)c2c1cc(C)cc2O)O
"(P)-8,9,1',8'-tetrahydroxy-3,3'-dimethyl[10,7'-bianthracene]-1,4,9',10'-tetraone",Cc1cc(O)c2c(c1)C(=O)c1c(C2=O)c(O)c(cc1)c1c2C(=O)C(=CC(=O)c2c(c2c1cccc2O)O)C
"(10R)-1,4,8,1',8'-pentahydroxy-3,3'-dimethyl-[10,7'-bianthracene]-9,9',10'(10H)-trione",Cc1cc(O)c2c(c1)C(=O)c1c(C2=O)c(O)c(cc1)[C@H]1c2cccc(c2C(=O)c2c1c(O)c(C)cc2O)O
"(10R)-3',4'-dihydro-1,4,8,3',8',9'-hexahydroxy-3,3'-dimethyl-[10,7'-bianthracene]-9,1'(10H,2'H)-dione",O=C1CC(C)(O)Cc2c1cc1c(c2)ccc(c1O)[C@H]1c2cccc(c2C(=O)c2c1c(O)c(C)cc2O)O
islandicin,Oc1c(C)cc(c2c1C(=O)c1cccc(c1C2=O)O)O
isoknipholone anthrone,COc1c(c(O)cc(c1C(=O)C)O)c1c(C)cc(c2c1Cc1cccc(c1C2=O)O)O
foliosone,COc1cc(O)c(c(c1C(=O)C)O)C1(O)c2cccc(c2C(=O)c2c1cc(C)cc2O)O
isofoliosone,COc1c(C(=O)C)c(O)cc(c1C1(O)c2cccc(c2C(=O)c2c1cc(C)cc2O)O)O
"4,6-dihydroxy-2-methoxyacetophenone",COc1cc(O)cc(c1C(=O)C)O
aloesaponol III,Cc1cc2cc3[C@@H](O)CCC(=O)c3c(c2c(c1)O)O
aloesaponol III-8-methyl ether,COc1cc(C)cc2c1c(O)c1c(c2)C(O)CCC1=O
aloinoside,OC[C@H]1O[C@H]([C@@H]([C@H]([C@@H]1O)O)O)[C@@H]1c2cc(COC3OC(C)C(C(C3O)O)O)cc(c2C(=O)c2c1cccc2O)O
aloin,OCc1cc(O)c2c(c1)C([C@@H]1O[C@H](CO)[C@H]([C@@H]([C@H]1O)O)O)c1c(C2=O)c(O)ccc1
4-O-methyl eleutherol,COc1c2c(OC)cccc2cc2c1C(C)(C)OC2=O
4'-O-demethylknipholone,Oc1ccc2c(c1)C(=O)c1c(C2=O)c(c(cc1O)C)c1c(O)cc(c(c1O)C(=O)C)O
gaboroquinone A,OCc1cc(O)c2c(c1c1c(O)cc(c(c1OC)C(=O)C)O)C(=O)c1c(C2=O)c(O)ccc1
gaboroquinone B,OCc1cc(O)c2c(c1c1c(O)cc(c(c1O)C(=O)C)OC)C(=O)c1c(C2=O)c(O)ccc1
4'-O-demethylknipholone-4'-beta-D-glucopyranoside,OC[C@@H]1OC(Oc2cc(O)c(c(c2C(=O)C)O)c2c(C)cc(c3c2C(=O)c2ccc(cc2C3=O)O)O)[C@H]([C@@H]([C@H]1O)O)O
p-coumaric acid,OC(=O)/C=C/c1ccc(cc1)O
dihydro-p-coumaric acid,OC(=O)/C=C/C1CC=C(C=C1)O
vanillic acid,COc1cc(ccc1O)C(=O)O
"5,8-dihydroxy-1-methylnaphtho[2,3c]furan-4,9-dione",Oc1ccc(c2c1C(=O)c1c(C)occ1C2=O)O
aloechrysone,COc1cccc2c1c(O)c1c(c2)C[C@@](CC1=O)(C)O
aloinoside,OC[C@H]1O[C@H]([C@@H]([C@H]([C@@H]1O)O)O)[C@@H]1c2cc(CO[C@@H]3O[C@@H](C)[C@@H]([C@H]([C@H]3O)O)O)cc(c2C(=O)c2c1cccc2O)O
nataloin,OC[C@H]1O[C@H]([C@@H]([C@H]([C@@H]1O)O)O)[C@@H]1c2cc(C)cc(c2C(=O)c2c1ccc(c2O)O)O
7-hydroxybarbaloin,OC[C@H]1O[C@H]([C@@H]([C@H]([C@@H]1O)O)O)[C@@H]1c2cc(CO)cc(c2C(=O)c2c1ccc(c2O)O)O
chrysalodin,OCc1cc(O)c2c(c1)C(O)(c1ccc3c(c1O)C(=O)c1c(C3=O)cc(cc1O)C)c1c(C2=O)c(O)ccc1
chryslandicin,Cc1cc(O)c2c(c1)C(O)(c1ccc3c(c1O)C(=O)c1c(C3=O)c(O)c(cc1O)C)c1c(C2=O)c(O)ccc1
aloesin,OC[C@H]1O[C@H]([C@@H]([C@H]([C@@H]1O)O)O)c1c(O)cc(c2c1oc(CC(=O)C)cc2=O)C
barbaloin B,OCc1cc(O)c2c(c1)[C@@H](C1O[C@H](CO)[C@H]([C@@H]([C@H]1O)O)O)c1c(C2=O)c(O)ccc1
barbaloin A,OCc1cc(O)c2c(c1)[C@H](C1O[C@H](CO)[C@H]([C@@H]([C@H]1O)O)O)c1c(C2=O)c(O)ccc1
10C-rhamnosyl aloe emodin anthrone,OCc1cc(O)c2c(c1)C(C1O[C@H](C)[C@H]([C@@H]([C@@H]1O)O)O)c1c(C2=O)c(O)ccc1
gamma-coniceine,CCCC1=NCCCC1
coniine,CCC[C@H]1CCCCN1
N-methyltyramine,CNCCc1ccc(cc1)O
"O,N-dimethyltyramine",CNCCc1ccc(cc1)OC
aloe-emodin 11-O-rhamnoside,C[C@H]1OC(OCc2cc(O)c3c(c2)C(=O)c2c(C3=O)c(O)ccc2)[C@H]([C@H]([C@@H]1O)O)O
"1,5-dihroxy-3-hydroxymethylanthraquinone",OCc1cc(O)c2c(c1)C(=O)c1c(C2=O)cccc1O
7-hydroxyaloe-emodin,OCc1cc(O)c2c(c1)C(=O)c1c(C2=O)c(O)c(cc1)O
nataloe-emodin,Cc1cc(O)c2c(c1)C(=O)c1c(C2=O)c(O)c(cc1)O
nataloe-emodin-2-O-glucoside,OC[C@H]1OC(Oc2ccc3c(c2C)C(=O)c2c(C3=O)cc(cc2O)C)[C@@H]([C@H]([C@@H]1O)O)O
nataloe-emodin-8-methyl ester,COc1c(O)ccc2c1C(=O)c1c(C2=O)cc(cc1O)C
aloesaponol IV,COC1CC(O)c2c(C1=O)c(O)c1c(c2)cc(cc1O)C
aloesaponol I-6-O-glucoside,OC[C@H]1OC(Oc2cc3cc4CC(O)CC(=O)c4c(c3c(c2C(=O)OC)C)O)[C@@H]([C@H]([C@@H]1O)O)O
aloesaponol II-6-O-glucoside,OC[C@H]1OC(Oc2cc(C)c3c(c2)cc2c(c3O)C(=O)CC(C2)O)[C@@H]([C@H]([C@@H]1O)O)O
aloesaponol III-8-O-glucoside,OC[C@H]1OC(Oc2cc(C)cc3c2c(O)c2c(c3)C(O)CCC2=O)[C@@H]([C@H]([C@@H]1O)O)O
aloesaponol IV-8-O-glucoside,OC[C@H]1OC(Oc2cc(C)cc3c2c(O)c2c(c3)C(O)CC(C2=O)OC)[C@@H]([C@H]([C@@H]1O)O)O
prechrysophanol,O=C1C[C@](C)(O)Cc2c1c(O)c1c(c2)cccc1O
bianthracene II,Cc1cc(O)c2c(c1)C(=O)c1c(C2=O)c(O)c(cc1)C1(O)c2cccc(c2C(=O)c2c1cc(C)cc2O)O
bianthracene III,Cc1cc2Cc3cc(c(cc3C(=O)c2c(c1)O)O)c1c(C)cc(c2c1C(=O)c1cccc(c1C2=O)O)O
bianthracene IV,Cc1cc(O)c2c(c1)Cc1c(C2=O)c(O)c(cc1)C1(O)c2cccc(c2C(=O)c2c1cc(C)cc2O)O
elgonicardine,OCc1cc(O)c2c(c1)C(OC1O[C@H](CO)[C@H]([C@@H]([C@H]1O)O)O)(c1ccc3c(c1O)C(=O)c1c(C3=O)cc(cc1O)CO)c1c(C2=O)c(O)ccc1
aloe-emodinanthrone,OCc1cc2Cc3cccc(c3C(=O)c2c(c1)O)O
chrysophanolanthrone,Cc1cc2Cc3cccc(c3C(=O)c2c(c1)O)O
6'-O-cinnamoyl-8-O-methyl-7-hydroxyaloin,OCc1cc(O)c2c(c1)C(C1OC(COC(=O)/C=C/c3ccccc3)C(C(C1O)O)O)c1c(C2=O)c(OC)c(cc1)O
6'-O-p-coumaroyl-7-hydroxyaloin,OCc1cc(O)c2c(c1)C(C1OC(COC(=O)/C=C/c3ccc(cc3)O)C(C(C1O)O)O)c1c(C2=O)c(O)c(cc1)O
deacetyllittoraloin,OC[C@H]1O[C@H]([C@@H]([C@H]([C@@H]1O)O)O)[C@@]1(O)c2cc(COC(=O)[C@@H]([C@@H](O)C)C)cc(c2C(=O)c2c1cccc2O)O
homonataloin,OC[C@H]1O[C@H]([C@@H]([C@H]([C@@H]1O)O)O)C1c2cc(C)cc(c2C(=O)c2c1ccc(c2OC)O)O
10-hydroxyaloin A,OCc1cc(O)c2c(c1)[C@@](O)([C@@H]1O[C@H](CO)[C@H]([C@@H]([C@H]1O)O)O)c1c(C2=O)c(O)ccc1
10-hydroxyaloin B,OCc1cc(O)c2c(c1)[C@](O)([C@@H]1O[C@H](CO)[C@H]([C@@H]([C@H]1O)O)O)c1c(C2=O)c(O)ccc1
5-hydroxyaloin A,OCc1cc(O)c2c(c1)[C@@H]([C@@H]1O[C@H](CO)[C@H]([C@@H]([C@H]1O)O)O)c1c(C2=O)c(O)ccc1O
7-hydroxyaloin,OCC1OC(C(C(C1O)O)O)C1c2cc(CO)cc(c2C(=O)c2c1ccc(c2O)O)O
7-hydroxyaloin-6'-O-monoacetate,OCc1cc(O)c2c(c1)C(C1OC(COC(=O)C)C(C(C1O)O)O)c1c(C2=O)c(O)c(cc1)O
"7-hydroxyaloin-4',6'-O-diacetate",OCc1cc(O)c2c(c1)C(C1OC(COC(=O)C)C(C(C1O)O)OC(=O)C)c1c(C2=O)c(O)c(cc1)O
littoraloin,CC(=O)OC[C@H]1O[C@H]([C@@H]([C@H]([C@@H]1O)O)O)[C@@]1(O)c2cc(COC(=O)[C@@H]([C@@H](O)C)C)cc(c2C(=O)c2c1cccc2O)O
8-O-methyl-7-hydroxyaloin,OCC1OC(C(C(C1O)O)O)C1c2cc(CO)cc(c2C(=O)c2c1ccc(c2OC)O)O
microstigmin A,OCc1cc(O)c2c(c1)[C@@H]([C@@H]1O[C@H](COC(=O)/C=C/c3ccc(c(c3)O)O)[C@H]([C@@H]([C@H]1O)O)O)c1c(C2=O)c(O)ccc1O
nataloin,OCC1OC(C(C(C1O)O)O)C1c2cc(C)cc(c2C(=O)c2c1ccc(c2O)O)O
"CA-12 (1,1-diphenylethane derivative)",Oc1ccc(cc1)C(c1c(C)cc(cc1O)O)C
methyl-p-coumarate,COC(=O)/C=C/c1ccc(cc1)O
pluridone,CSC(=O)/C=C/OCC(=O)c1ccccc1
feroxidin,O[C@@H]1C[C@@H](C)c2c(C1)cc(cc2O)O
feroxin A,OC[C@H]1OC(OC2CC(C)c3c(C2)cc(cc3O)O)[C@@H]([C@H]([C@@H]1O)O)O
feroxin B,O=C(OC[C@H]1OC(OC2CC(C)c3c(C2)cc(cc3O)O)[C@@H]([C@H]([C@@H]1OC(=O)/C=C/c1ccc(cc1)O)O)O)/C=C/c1ccc(cc1)O
isoeleutherol,COc1cccc2c1c(O)c1c(c2)C(=O)O[C@H]1C
isoeleutherol-5-O-glucoside,OC[C@H]1OC(Oc2cccc3c2c(O)c2c(c3)C(=O)O[C@@H]2C)[C@@H]([C@H]([C@@H]1O)O)O
5-OH-3-methylnaphtho[2-3-c]furan-4(9H)-one,OC1=CC=CC2C1C(=O)c1c(C2)coc1C
"5-OH-3-methylnaphtho[2-3-c]furan-4,9-dione",OC1=CC=CC2C1C(=O)c1c(C2=O)coc1C
5-OH-3-methylnaphtho[2-3-c]furan-4(1H)-one,OC1=CC=CC2C1C(=O)C1=C(C)OCC1C2
plicataloside,OC[C@H]1O[C@@H](Oc2c(C)cc3c(c2O)c(ccc3)O[C@@H]2O[C@H](CO)[C@H]([C@@H]([C@H]2O)O)O)[C@@H]([C@H]([C@@H]1O)O)O
aloeresin A,OC[C@H]1O[C@H]([C@@H]([C@H]([C@@H]1O)O)OC(=O)/C=C/c1ccc(cc1)O)c1c(O)cc(c2c1oc(CC(=O)C)cc2=O)C
2'-O-p-coumaroylaloesin,OC[C@H]1O[C@H]([C@@H]([C@@H]([C@@H]1O)O)OC(=O)c1ccc(=O)oc1)c1c(O)cc(c2c1oc(CC(=O)C)cc2=O)C
aloeresin C,OC[C@@H]1O[C@@H]([C@H]([C@@H]([C@H]1O)O)OC(=O)/C=C/c1ccc(cc1)O)c1c(OC2O[C@H](CO)[C@H]([C@@H]([C@H]2O)O)O)cc(c2c1oc(CC(=O)C)cc2=O)C
aloeresin D,OC[C@H]1O[C@H]([C@@H]([C@H]([C@@H]1O)O)OC(=O)/C=C/c1ccc(cc1)O)c1c(OC)cc(c2c1oc(C[C@H](O)C)cc2=O)C
aloeresin E,OC[C@@H]1O[C@@H]([C@H]([C@@H]([C@H]1O)O)OC(=O)/C=C/c1ccccc1)c1c(OC2O[C@H](CO)[C@H]([C@@H]([C@H]2O)O)O)cc(c2c1oc(CC(=O)C)cc2=O)C
aloeresin F,OC[C@@H]1O[C@@H]([C@H]([C@@H]([C@H]1O)O)OC(=O)/C=C/c1ccccc1)c1c(O)cc(c2c1oc(CC(=O)C)cc2=O)C
aloeresin B,OC[C@H]1OC([C@@H]([C@H]([C@@H]1O)O)O)c1c(O)cc(c2c1oc(CC(=O)C)cc2=O)C
aloesol,CC(Cc1cc(=O)c2c(o1)cc(cc2C)O)O
aloesone,CC(=O)Cc1cc(=O)c2c(o1)cc(cc2C)O
"2-(carboxyethenyl)-5,7-dihydroxychromone",OC(=O)/C=C/c1cc(=O)c2c(o1)cc(cc2O)O
2'-O-formoylaloesin,O=CO[C@H]1[C@H](O)[C@@H](O)[C@@H](OC1c1c(O)cc(c2c1oc(CC(=O)C)cc2=O)O)CO
furoaloesone,CC(=O)Cc1cc(=O)c2c(o1)c1ccoc1cc2C
"7-hydroxy-2,5-dimethylchromone",Oc1cc(C)c2c(c1)oc(cc2=O)C
iso-aloeresin A,OC[C@@H]1OC([C@H]([C@@H]([C@H]1O)O)OC(=O)/C=C\c1ccc(cc1)O)c1c(O)cc(c2c1oc(CC(=O)C)cc2=O)O
7-O-methylaloesin,OC[C@H]1O[C@H]([C@@H]([C@H]([C@@H]1O)O)O)c1c(OC)cc(c2c1oc(CC(=O)C)cc2=O)C
2'-p-O-methylcoumaroylaloesin,OC[C@@H]1OC([C@H]([C@@H]([C@H]1O)O)OC(=O)/C=C\c1ccc(cc1)C)c1c(O)cc(c2c1oc(CC(=O)C)cc2=O)O
rabaichromone,OC[C@@H]1O[C@@H]([C@H]([C@@H]([C@H]1O)O)OC(=O)/C=C/c1ccc(c(c1)O)O)c1c(OC)cc(c2c1oc(C[C@@H](O)C)cc2=O)C
2'-O-tigloylaloesin,OC[C@@H]1OC([C@H]([C@@H]([C@H]1O)O)OC(=O)/C(=C/C)/C)c1c(O)cc(c2c1oc(CC(=O)C)cc2=O)O
dihydroisocoumarin glucoside,OC[C@H]1OC(Oc2cc(O)cc(c2C(=O)C)CC2OC(=O)c3c(C2)cc(cc3O)O)[C@@H]([C@H]([C@@H]1O)O)O
feralolide,Oc1cc(C[C@H]2OC(=O)c3c(C2)cc(cc3O)O)c(c(c1)O)C(=O)C
aloenin,OC[C@H]1O[C@@H](Oc2cc(O)cc(c2c2cc(OC)cc(=O)o2)C)[C@@H]([C@H]([C@@H]1O)O)O
aloenin acetal,COc1cc(=O)oc(c1)c1c(OC2OC3COC(OC3C(C2O)O)C)cc(cc1C)O
aloenin aglycone,COc1cc(=O)oc(c1)c1c(C)cc(cc1O)O
aloenin B,OC[C@H]1O[C@@H](Oc2cc(O[C@@H]3O[C@H](CO)[C@H]([C@@H]([C@H]3O)O)O)cc(c2c2cc(OC)cc(=O)o2)C)[C@@H]([C@H]([C@@H]1O)O)OC(=O)/C=C/c1ccc(cc1)O
aloenin-2''-p-coumaroyl ester,OC[C@H]1O[C@@H](Oc2cc(O)cc(c2c2cc(OC)cc(=O)o2)C)[C@@H]([C@H]([C@@H]1O)O)OC(=O)/C=C/c1ccc(cc1)O
campesterol,O[C@H]1CC[C@]2(C(=CC[C@@H]3[C@@H]2CC[C@]2([C@H]3CC[C@@H]2[C@@H](CC[C@H](C(C)C)C)C)C)C1)C
cholesterol,CC(CCC[C@H]([C@H]1CC[C@@H]2[C@]1(C)CC[C@H]1[C@H]2CC=C2[C@]1(C)CC[C@@H](C2)O)C)C
galacturonic acid,OC1O[C@H](C(=O)O)[C@@H]([C@@H]([C@H]1O)O)O
ursolic acid,C[C@@H]1CC[C@]2([C@@H]([C@H]1C)C1=CC[C@H]3[C@@]([C@@]1(CC2)C)(C)CC[C@@H]1[C@]3(C)CC[C@@H](C1(C)C)O)C(=O)O
heptanal,CCCCCCC=O
(E)-2-heptenal,CCCC/C=C/C=O
octanal,CCCCCCCC=O
nonanal,CCCCCCCCC=O
decanal,CCCCCCCCCC=O
(E)-2-undecenal,CCCCCCCC/C=C/C=O
dodecanal,CCCCCCCCCCCC=O
tridecanal,CCCCCCCCCCCCC=O
tetradecanal,CCCCCCCCCCCCCC=O
pentadecanal,CCCCCCCCCCCCCCC=O
hexadecanal,CCCCCCCCCCCCCCCC=O
4-methylphenol,Cc1ccc(cc1)O
2-methoxyphenol,COc1ccccc1O
3-n-propylphenol,CCCc1cccc(c1)O
dimethyl sulfone,CS(=O)(=O)C
3-ethyl-2-methyl-1-heptene,CCCCC(C(=C)C)CC
hexanal,CCCCCC=O
(E)-2-nonenal,CCCCCC/C=C/C=O
6-methyl-5-hepten-2-one,CC(=O)CCC=C(C)C
2-octanone,CCCCCCC(=O)C
2-nonanone,CCCCCCCC(=O)C
2-decanone,CCCCCCCCC(=O)C
2-undecanone,CCCCCCCCCC(=O)C
2-dodecanone,CCCCCCCCCCC(=O)C
"(E)-6,10-dimethyl-5,9-undecadien-2-one",C/C(=C\CCC(=O)C)/CCC=C(C)C
delta-octalactone,CCCC1CCCC(=O)O1
3-isopropyl-6-methylphenol,CC(c1ccc(c(c1)O)C)C
pentanoic acid,CCCCC(=O)O
hexanoic acid,CCCCCC(=O)O
heptanoic acid,CCCCCCC(=O)O
octanoic acid,CCCCCCCC(=O)O
nonanoic acid,CCCCCCCCC(=O)O
decanoic acid,CCCCCCCCCC(=O)O
toluene,Cc1ccccc1
1-octene,CCCCCCC=C
(E)-4-octene,CCC/C=C/CCC
mansumbinone,O=C1CC[C@]2([C@H](C1(C)C)CCC1([C@@H]2CC[C@H]2C1(C)CC=C2)C)C
mansumbinol,O[C@H]1CC[C@]2([C@H](C1(C)C)CC[C@@]1([C@@H]2CC[C@H]2[C@@]1(C)CC=C2)C)C
"(16S,20R)-dihydroxydammar-24-en-3-one",CC(=CCC[C@]([C@@H]1CC[C@@]2(C1CC[C@@H]1[C@]2(C)CCC2[C@@]1(C)CCC(=O)C2(C)C)O)(O)C)C
15alpha-hydroxymansumbinone,O=C1CC[C@]2([C@H](C1(C)C)CC[C@@]1([C@@H]2CC[C@H]2[C@@]1(C)[C@@H](O)C=C2)C)C
28-acetoxy-15alpha-hydroxymansumbinone,CC(=O)OC[C@]1(C)C(=O)CC[C@]2([C@H]1CC[C@@]1([C@@H]2CC[C@H]2[C@@]1(C)[C@@H](O)C=C2)C)C
T-cadinol,CC1=C[C@@H]2[C@@H](CC1)[C@@](C)(O)CC[C@H]2C(C)C
4-carene,CC1C=CC2C(C1)C2(C)C
gamma-terpinene,CC1=CCC(=CC1)C(C)C
phenylacetaldehyde,O=CCc1ccccc1
2-nonen-4-one,CCCCCC(=O)/C=C/C
"cyclopropane-1,2-dimetbyl-1-pentyl",CCCCCC1(C)CC1C
germacrene B,C/C/1=C\CC/C(=C/CC(=C(C)C)CC1)/C
"cyclopropane-1,1,2-trimethyl",CC1CC1(C)C
linalol,C=CC(CCC=C(C)C)(O)C
4-terpinenyl,CC1=CCC(CC1)(O)C(C)C
linalyl-propanoate,CCC(=O)OC(CCC=C(C)C)(C=C)C
"7-octen-1-ol,2-methyl-6-methylene",OCC(CCCC(=C)C=C)C
"trans-1(2H)-naphthalenone-3,4,4a,5,8,8a-hexahydro-8-methyl",O=C1CCCC2C1C(C)C=CC2
4-hydroxy-2-methylacetophenone,Oc1ccc(c(c1)C)C(=O)C
cedr-8-ene,CC1=CCC23CC1C(C)(C)[C@@H]2CC[C@H]3C
alloaramadendrene,C[C@@H]1CC[C@H]2[C@@H]1[C@H]1[C@H](C1(C)C)CCC2=C
delta-cadinene,CC1=C[C@@H]2C(=C(C)CC[C@H]2C(C)C)CC1
"(3S,6Z)-3,7,11-trimethyl-1,6,10-dodecatrien-3-ol",C=C[C@](CC/C=C(\CCC=C(C)C)/C)(O)C
(-)-spathulenol,C=C1CCC2C(C3C1CCC3(C)O)C2(C)C
alpha-farnesene,C=C/C(=C/C/C=C(/CCC=C(C)C)\C)/C
alpha-Guainene,CC(=C)[C@@H]1CC[C@@H](C2=C(C1)[C@@H](C)CC2)C
(E)-isoeugenol,C/C=C/c1ccc(c(c1)OC)O
alpha-pinene,CC1=CCC2CC1C2(C)C
camphene,C=C1C2CCC(C1(C)C)C2
beta-pinene,C=C1CCC2CC1C2(C)C
o-xylene,Cc1ccccc1C
m-xylene,Cc1cccc(c1)C
p-xylene,Cc1ccc(cc1)C
isopropylbenzene,CC(c1ccccc1)C
beta-myrcene,C=CC(=C)CCC=C(C)C
4-terpinenyl acetate,CC(=O)OC1(CCC(=CC1)C)C(C)C
limonene,CC1=CC[C@@H](CC1)C(=C)C
n-propylbenzene,CCCc1ccccc1
alpha-phellandrene,CC1=CC[C@H](C=C1)C(C)C
undecane,CCCCCCCCCCC
"(E,E)2,4-nonadienal",CCCC/C=C/C=C/C=O
beta-ocimene,C=C/C(=C/CC=C(C)C)/C
styrene,C=Cc1ccccc1
alpha-ocimene,C=C/C(=C/CCC(=C)C)/C
4-methylstyrene,C=Cc1ccc(cc1)C
p-cymene,Cc1ccc(cc1)C(C)C
alpha-terpinolene,CC1=CCC(=C(C)C)CC1
2-octen-4-one,CCCCC(=O)/C=C/C
3-phenylpropyl acetate,CC(=O)OCCCc1ccccc1
alpha-methylstyrene,CC(=C)c1ccccc1
4-nonanone,CCCCCC(=O)CCC
"3,4-dimethyl-octane",CCCCC(C(CC)C)C
1-hexanol,CCCCCCO
citronellyl formate,O=COCCC(CCC=C(C)C)C
"AR,alpha-dimethylstyrene",Cc1cccc(c1)C(=C)C
linalool oxide,C=C[C@@]1(C)CC[C@@H](O1)C(O)(C)C
1-methyl-4-methylene-cycloheptane,CC1CCCC(=C)CC1
1-heptanol,CCCCCCCO
1-heptyl-2-methyl-cyclopropane,CCCCCCCC1CC1C
(E)-solanone,CC(=O)CC[C@H](C(C)C)/C=C/C(=C)C
alpha-cubebene,CC([C@@H]1CC[C@H]([C@]23[C@H]1[C@H]2C(=CC3)C)C)C
copeane,CC([C@@H]1CC[C@@]2([C@@H]3[C@H]1[C@H]2C(=CC3)C)C)C
beta-bourbonene,CC([C@@H]1CC[C@@]2([C@H]1[C@H]1C(=C)CC[C@@H]21)C)C
(Z)-beta-farnesene,C=CC(=C)CC/C=C(\CCC=C(C)C)/C
ledol,C[C@H]1CC[C@@H]2[C@H]1[C@@H]1[C@@H](C1(C)C)CC[C@]2(C)O
linalyl acetate,C=CC(OC(=O)C)(CCC=C(C)C)C
(E)-2-nonenal,CCCCCC/C=C\C=O
beta-cubebene,CC([C@@H]1CC[C@H]([C@]23[C@H]1[C@H]2C(=C)CC3)C)C
cis-sabinenehydrate,CC(C12CCC(C1C2)(C)O)C
Umbellulone,CC1=CC(=O)C2(C1C2)C(C)C
alpha-humulene,C/C/1=C\CC(C)(C)/C=C/C/C(=C/CC1)/C
(E)-beta-farnesene,C=CC(=C)CC/C=C(/CCC=C(C)C)\C
1-alpha-terpineol,CC1=CCC(CC1)C(O)(C)C
ledene,C[C@@H]1CCC2=C(C)CC[C@@H]3[C@H]([C@H]12)C3(C)C
gamma-cadinene,CC1=C[C@H]2[C@H](CC1)C(=C)CC[C@@H]2C(C)C
cadinene,CC1=C[C@@H]2[C@@H](CC1)C(=CC[C@H]2C(C)C)C
myrtenol,OCC1=CCC2CC1C2(C)C
(-)-alpha-muurolene,CC1=C[C@@H]2[C@H](CC1)C(=CC[C@H]2C(C)C)C
"p-mentha-1(7),8(10)-dien-9-ol",OCC(=C)C1CCC(=C)CC1
p-cymen-8-ol,Cc1ccc(cc1)C(O)(C)C
"trans-trans-octa-2,4-dienyl acetate",C/C(=C\COC(=O)C)/CCC=C(C)C
germacrene D,C/C/1=C/CCC(=C)/C=C\C(CC1)C(C)C
palustrol,C[C@@H]1CC[C@]2([C@@H]1[C@H]1[C@H](C1(C)C)CC[C@@H]2C)O
patchoulane,CC1CCC23C1CC(C2(C)C)CCC3C
(-)-globulol,C[C@@H]1CC[C@@H]2[C@@H]1[C@H]1[C@H](C1(C)C)CC[C@@]2(C)O
beta-cedrene,C=C1CC[C@@]23C[C@@H]1C(C)(C)[C@@H]2CC[C@H]3C
"1,2,3,4,4a,7-hexahydro-1,6-dimethyl-4-(1-methylethyl)naphthalene",CC1=CC2C(=CC1)C(C)CCC2C(C)C
delta-cadinol,CC1=CC2C(CC1)[C@@](C)(O)CC[C@H]2C(C)C
terreyol,CC1=CC2C(CC1)[C@](C)(O)CC[C@H]2C(C)C
"2,4-diphenyl-4-methyl-2-(Z)-pentene",C/C(=C/C(c1ccccc1)(C)C)/c1ccccc1
nonadecane,CCCCCCCCCCCCCCCCCCC
2-methyl-2-phenyl pentadecane,CCCCCCCCCCCCCC(c1ccccc1)(C)C
calemenene,CC([C@H]1CC[C@H](c2c1cc(C)cc2)C)C
"2,4-diphenyl-4-methyl-2-(E) pentene",C/C(=C\C(c1ccccc1)(C)C)/c1ccccc1
4 t-butyl-2-(dimethyl benzyl) phenol,Oc1ccc(cc1C(c1ccccc1)(C)C)C(C)(C)C
9-octylheptadecane,CCCCCCCCC(CCCCCCCC)CCCCCCCC
alpha-thujene,CC1=CC[C@@]2([C@H]1C2)C(C)C
canaric acid,OC(=O)CC[C@@]1(C)[C@@H](CC[C@@]2([C@@H]1CC[C@H]1[C@@]2(C)CC[C@@]2([C@@H]1[C@@H](CC2)C(=C)C)C)C)C(=C)C
alpha-amyrin,C[C@@H]1CC[C@]2([C@@H]([C@H]1C)C1=CC[C@H]3[C@@]([C@@]1(CC2)C)(C)CC[C@@H]1[C@]3(C)CC[C@@H](C1(C)C)O)C
alpha-amyrone,CC1CCC2(C(C1C)C1=CCC3C(C1(CC2)C)(C)CCC1C3(C)CCC(=O)C1(C)C)C
epi-alpha-amyrin,CC1CCC2(C(C1C)C1=CCC3C(C1(CC2)C)(C)CCC1C3(C)CCC(C1(C)C)O)C
"6-hydroxy-2-methyl-5-(5'-hydroxy-1'(R),5'-dimethylhex-3'-enyl)-phenol",C[C@@H](c1ccc(c(c1O)O)C)C/C=C/C(O)(C)C
"3beta,16beta,20(S),25-tetrahydroxydammar-23-ene",O[C@H]1C[C@@]2(C(C1[C@@](C/C=C/C(O)(C)C)(O)C)CC[C@H]1[C@H]2CCC2[C@]1(C)CC[C@@H](C2(C)C)O)C
"3beta-acetoxy-16beta,20(S),25-trihydroxydammar-23-ene",CC(=O)O[C@H]1CC[C@]2(C(C1(C)C)CC[C@@H]1[C@@H]2CCC2[C@@]1(C)C[C@@H](C2[C@@](C/C=C/C(O)(C)C)(O)C)O)C
"2-methyl-5-(4'(S)-hydroxy-1'(R),5'-dimethylhex-5'-enyl)-phenol",CC(=C)[C@H](CC[C@H](c1ccc(c(c1)O)C)C)O
2-acetoxyfuranodienone,CC(=O)Oc1oc2c(c1C)C/C=C(\C)/CC/C=C(/C2)\C
2-methoxyfuranodienone,COC1C/C(=C/Cc2c(C/C(=C/1)/C)occ2C)/C
"3beta,16beta,20(R)-trihydroxydammar-24-ene",CC(=CCC[C@]([C@H]1[C@@H](O)C[C@]2(C1CC[C@H]1[C@H]2CCC2[C@]1(C)CC[C@@H](C2(C)C)O)C)(O)C)C
"3beta,16beta,20(R)-trihydroxydammar-24-ene acetate",CC(=CCC[C@]([C@H]1[C@@H](O)C[C@@]2(C1CC[C@H]1[C@@]2(C)CCC2[C@]1(C)CC[C@@H](C2(C)C)OC(=O)C)C)(O)C)C
"3beta-acetoxy-16beta,20(R)-dihydroxydammar-24-ene",CC(=CCC[C@]([C@H]1[C@@H](O)C[C@]2(C1CC[C@H]1[C@H]2CCC2[C@]1(C)CC[C@@H](C2(C)C)OC(=O)C)C)(O)C)C
beta-amyrin,O[C@H]1CC[C@]2([C@H](C1(C)C)CC[C@@]1([C@@H]2CC=C2[C@@]1(C)CC[C@@]1([C@H]2CC(C)(C)CC1)C)C)C
beta-amyrin acetate,CC(=O)OC1CCC2(C(C1(C)C)CCC1(C2CC=C2C1(C)CCC1(C2CC(C)(C)CC1)C)C)C
"(20S)-3beta-acetoxy-12beta,16beta-trihydroxydammar-24-ene",CC(=CCC[C@@H]([C@H]1[C@@H](O)C[C@]2([C@@H]1[C@H](O)C[C@H]1[C@H]2CCC2[C@]1(C)CC[C@](C2(C)C)(O)OC(=O)C)C)C)C
"(20S)-12beta,16beta-trihydroxydammar-24-ene-3beta-O-beta-glucopyranoside",OC[C@H]1OC(O[C@H]2CC[C@]3(C(C2(C)C)CC[C@@H]2[C@@H]3C[C@@H](O)[C@H]3[C@@]2(C)C[C@@H](C3[C@@](CCC=C(C)C)(O)C)O)C)[C@@H]([C@H]([C@@H]1O)O)O
"(20S)-3beta-acetoxy-12beta,16beta,25-tetrahydroxydammar-23-ene",CC(=O)O[C@@]1(O)CC[C@]2(C(C1(C)C)CC[C@@H]1[C@@H]2C[C@@H](O)C2[C@]1(C)C[C@@H]([C@@H]2[C@H](C/C=C/C(O)(C)C)C)O)C
"(20S)-3beta,12beta,16beta,25-pentahydroxydammar-23-ene",O[C@@H]1C[C@H]2[C@H]([C@@]3(C1[C@@H]([C@H](C/C=C/C(O)(C)C)C)[C@H](C3)O)C)CCC1[C@]2(C)CCC(C1(C)C)(O)O
(20R)-3beta-acetoxy-16beta-dihydroxydammar-24-ene,CC(=CCC[C@H]([C@H]1[C@@H](O)C[C@]2(C1CC[C@H]1[C@H]2CCC2[C@]1(C)CC[C@](C2(C)C)(O)OC(=O)C)C)C)C
"(20R)-3beta,16beta-trihydroxydammar-24-ene",CC(=CCC[C@H]([C@H]1[C@@H](O)C[C@]2(C1CC[C@H]1[C@H]2CCC2[C@]1(C)CCC(C2(C)C)(O)O)C)C)C
3beta-acetoxy-16beta-hydroxydammar-24-ene,CC(=CCC[C@H]([C@H]1[C@@H](O)C[C@]2(C1CC[C@H]1[C@H]2CCC2[C@]1(C)CC[C@@H](C2(C)C)OC(=O)C)C)C)C
3beta-hydroxydammar-24-ene,CC(=CCC[C@H]([C@H]1CC[C@]2(C1CC[C@H]1[C@H]2CCC2[C@]1(C)CC[C@@H](C2(C)C)O)C)C)C
3beta-acetoxydammar-24-ene,CC(=CCC[C@H]([C@H]1CC[C@]2(C1CC[C@H]1[C@H]2CCC2[C@]1(C)CC[C@@H](C2(C)C)OC(=O)C)C)C)C
"(3R,20S)-3,20-dihydroxydammar-24-ene",CC(=CCC[C@@]([C@H]1CC[C@]2(C1CC[C@H]1[C@H]2CCC2[C@]1(C)CC[C@H](C2(C)C)O)C)(O)C)C
"(3R,20S)-3-acetoxy-20-hydroxydammar-24-ene",CC(=CCC[C@@]([C@H]1CC[C@]2(C1CC[C@H]1[C@H]2CCC2[C@]1(C)CC[C@H](C2(C)C)OC(=O)C)C)(O)C)C
cabraleadiol 3-acetate,CC(=O)O[C@@H]1CC[C@]2([C@H](C1(C)C)CC[C@@]1([C@@H]2CC[C@H]2[C@@]1(C)CC[C@@H]2[C@]1(C)CC[C@H](O1)C(O)(C)C)C)C
"2-methoxy-8,12-epoxygermacra-1(10),7,11-trien-6-one",CO[C@@H]1C[C@@H](C)CC(=O)c2c(C/C(=C\1)/C)occ2C
furanodienone,C/C/1=C\C(=O)c2c(C/C(=C/CC1)/C)occ2C
"verticilla-4(20),7,11-triene",C=C1CC/C=C(/C)\CCC2=C(CC[C@@H](CC1)C2(C)C)C
epi-lupeol,CC(=C)[C@@H]1CC[C@]2([C@H]1[C@H]1CC[C@H]3[C@@]([C@]1(C)CC2)(C)CC[C@@H]1[C@]3(C)CC[C@H](C1(C)C)O)C
"3beta,20(S)-dihydroxydammar-24-ene",CC(=CCC[C@@]([C@H]1CC[C@]2(C1CC[C@H]1[C@H]2CCC2[C@]1(C)CC[C@@H](C2(C)C)O)C)(O)C)C
3beta-acetoxy-20(S)-dihydroxydammar-24-ene,CC(=CCC[C@@]([C@H]1CC[C@]2(C1CC[C@H]1[C@H]2CCC2[C@]1(C)CC[C@](C2(C)C)(O)OC(=O)C)C)(O)C)C
20(S)-protopanxadiol,CC(=CCC[C@@]([C@H]1CC[C@@]2([C@@H]1[C@H](O)C[C@H]1[C@@]2(C)CC[C@@H]2[C@]1(C)CC[C@@H](C2(C)C)O)C)(O)C)C
beta-boswellic acid,C[C@@H]1CC[C@]2([C@@H]([C@H]1C)C1=CC[C@H]3[C@@]([C@@]1(CC2)C)(C)CC[C@@H]1[C@]3(C)CC[C@H]([C@]1(C)C(=O)O)O)C
actyl-beta-boswellic acid,CC(=O)O[C@@H]1CC[C@]2([C@H]([C@@]1(C)C(=O)O)CC[C@@]1([C@@H]2CC=C2[C@@]1(C)CC[C@@]1([C@H]2[C@@H](C)[C@H](C)CC1)C)C)C
incensole,C/C/1=C/CC2(CC[C@](O2)(C)[C@@H](CC/C(=C/CC1)/C)O)C(C)C
incensole oxide,C/C/1=C/CCC2(C)OC2CC2(OC(C(CC1)O)(C)CC2)C(C)C
isoincensole oxide,C/C/1=C\C[C@]2(CC[C@](O2)([C@@H]2O[C@]([C@@H](CC1)O)(C)CC2)C)C(C)C
actyl-11-keto-beta-boswellic acid,CC(=O)O[C@@H]1CC[C@]2(C([C@@]1(C)C(=O)O)CC[C@@]1([C@@H]2C(=O)C=C2[C@@]1(C)CC[C@@]1([C@H]2[C@@H](C)[C@H](C)CC1)C)C)C
11-keto-beta-boswellic acid,CC(=O)O[C@@H]1CC[C@]2([C@H]([C@@]1(C)C(=O)O)CC[C@@]1([C@@H]2C(=O)C=C2[C@@]1(C)CC[C@@]1([C@H]2[C@@H](C)[C@H](C)CC1)C)C)C
"3-ketotirucall-8,24-dien-21-oic acid",CC(=CCC([C@@H]1CCC2(C1CCC1=C2CCC2[C@]1(C)CCC(=O)C2(C)C)C)C(=O)O)C
"3-alpha-hydroxytirucall-8,24-dien- 21-oic acid",CC(=CCC([C@@H]1CCC2(C1CCC1=C2CCC2[C@]1(C)CC[C@@H](C2(C)C)O)C)C(=O)O)C
"3-beta-hydroxytirucall-8,24-dien-21-oic acid",CC(=CCC([C@@H]1CCC2(C1CCC1=C2CCC2[C@]1(C)CC[C@H](C2(C)C)O)C)C(=O)O)C
ugandensidial,CC(=O)O[C@@H]1[C@@H](O)C2=C([C@@]3([C@@H]1C(C)(C)CCC3)C)C(=O)OC2
limonene,CC1=CCC(CC1)C(=C)C
n-octylacetate,CCCCCCCCOC(=O)C
n-octanol,CCCCCCCCO
sabinene,C=C1CCC2(C1C2)C(C)C
trans-verbenol,CC1=C[C@H](O)[C@@H]2C[C@H]1C2(C)C
"duva-3,6,8,13-tetraen-5alpha-ol-1-acetate",CC(=O)O[C@@]1(C)C/C=C/[C@@](C)(O)/C=C/C=C\CCC(/C=C/1)C(C)C
o-methyl anisole,COc1ccccc1C
"naphthalene decahydro-1,1,4a-trimethyl-6-methylene-5-(3-methyl-2-pentenyl)",C=C/C(=C\CC1C(=C)CCC2[C@]1(C)CCCC2(C)C)/C
thunbergol,C/C/1=C/CC/C(=C/CCC(/C=C/C(CC1)C(C)C)(C)O)/C
"phenanthrene-7-ethenyl-1,2,3,4,4a,5,6,7,8,9,10,10a-dodecahydro-1,1,4a,7-tetramethyl",C=C[C@]1(C)CCC2C(C1)CCC1[C@]2(C)CCCC1(C)C
sclarene,C=CC(=C)CC[C@H]1C(=C)CC[C@@H]2[C@]1(C)CCCC2(C)C
9-cis-retinal,O=C/C=C(/C=C/C=C(\C=C\C1=C(C)CCCC1(C)C)/C)\C
octyl formate,CCCCCCCCOC=O
verticiol,C/C/1=C\CC2CCC(C(C2(C)C)CC/C(=C\CC1)/C)(C)O
decyl acetate,CCCCCCCCCCOC(=O)C
"3-alpha-acetoxytirucall-8,24-dien-21-oic acid",CC(=CCCC([C@H]1CC[C@@]2([C@@]1(C)CCC1=C2CC[C@@H]2[C@]1(C)CCC(C2(C)C)OC(=O)C)C)C(=O)O)C
tessmannic acid,OC(=O)CC[C@@H]1C(=C(C)C)CC[C@H]([C@]1(C)CCc1cocc1)C
methyltessmannoate,COC(=O)CC[C@@H]1C(=C(C)C)CC[C@H]([C@]1(C)CCc1cocc1)C
2-methylpropyltessmannoate,CC(OC(=O)CC[C@@H]1C(=C(C)C)CC[C@H]([C@]1(C)CCc1cocc1)C)C
1-methylbutyltessmannoate,CCCC(OC(=O)CC[C@@H]1C(=C(C)C)CC[C@H]([C@]1(C)CCc1cocc1)C)C
8-hydroxy-6-methoxy-3-pentylisocoumarin,CCCCCc1cc2cc(OC)cc(c2c(=O)o1)O
7-chloro-8-hydroxy-6-methoxy-3-pentylisocoumarin,CCCCCc1cc2cc(OC)c(c(c2c(=O)o1)O)Cl
5-pentyl-3-methoxy-N-butylaniline,CCCCCc1cc(NCCCC)cc(c1)OC
norcaesalpin D,CC(=O)O[C@H]1[C@@H](OC(=O)C)CC([C@]2([C@@]1(C)[C@H]1C=C3OC(=O)C=C3[C@H]([C@@H]1CC2)C)O)(C)C
"4(13),7-coloratadiene-12,11-olide",C=C1[C@@H](C)CC[C@]2([C@H]1CC=C1[C@@H]2COC1=O)C
muzigadiolide,C=C1[C@@H](C)CC[C@]2([C@H]1CC=C1[C@]2(O)COC1=O)C
11alpha-hydroxymuzigadiolide,C=C1[C@@H](C)CC[C@]2([C@H]1CC=C1[C@]2(O)[C@H](O)OC1=O)C
muzigadial,O=CC1=CC[C@@H]2[C@]([C@@]1(O)C=O)(C)CC[C@@H](C2=C)C
"6alpha,9alpha-dihydroxy-4(13),7-coloratadiene- 11,12-dial",O=CC1=C[C@H](O)[C@@H]2[C@]([C@@]1(O)C=O)(C)CC[C@@H](C2=C)C
cinnamolide,O=C1OC[C@H]2C1=CC[C@@H]1[C@]2(C)CCCC1(C)C
cinnamolide-3beta-acetate,CC(=O)O[C@H]1CC[C@]2([C@H](C1(C)C)CC=C1[C@@H]2COC1=O)C
mukaadial,O=CC1=C[C@H](O)[C@@H]2[C@]([C@@]1(O)C=O)(C)CCCC2(C)C
ugandensidial,COC(=O)C1C=C(C=O)[C@](C2(C1C(C)(C)CCC2)C)(O)C=O
"7alpha-hydroxy-8- drimen-11,12-olide",O=C1OCC2=C1[C@@]1(C)CCCC([C@@H]1C[C@H]2O)(C)C
"7beta-hydroxy-4(13),7-coloratadiene-11,12-olide",C=C1[C@@H](C)CC[C@]2([C@H]1C[C@](C)(O)C1=C2C(=O)OC1)C
warburganal,O=CC1=CC[C@@H]2[C@]([C@@]1(O)C=O)(C)CCCC2(C)C
polygodial,O=C[C@H]1C(=CC[C@@H]2[C@]1(C)CCCC2(C)C)C=O
azadirachtin,C/C=C(/C(=O)O[C@H]1C[C@@H](OC(=O)C)[C@@]2(C3C41CO[C@]([C@H]4[C@@](C)([C@@H]([C@@H]3OC2)O)C12O[C@@]1(C)[C@H]1C[C@@H]2OC2[C@]1(O)C=CO2)(O)C(=O)OC)C(=O)OC)\C
7alpha-acetoxyugandensolide,CC(=O)O[C@H]1C2=C(C(=O)OC2)[C@@]2([C@@H]([C@@H]1OC(=O)C)C(C)(C)CCC2)C
bemadienolide,O=C1OCC2=C1C=C[C@@H]1[C@]2(C)CCCC1(C)C
drimenin,O=C1OCC2=CC[C@@H]3[C@]([C@@H]12)(C)CCCC3(C)C
friedelin acetate,CC(=O)OC1CC[C@@H]2[C@]([C@H]1C)(C)CC[C@H]1[C@@]2(C)CC[C@@]2([C@]1(C)CC[C@@]1([C@H]2CC(C)(C)CC1)C)C
6alpha-hydroxymuzigadial,O=CC1=CC[C@@H]2[C@]([C@@]1(O)C=O)(C)CC[C@@H](C2=C)O
9-deoxymuzigadial,O=C[C@H]1C(=CC[C@@H]2[C@]1(C)CC[C@@H](C2=C)C)C=O
deacetoxyugandensolide,O[C@H]1C2=C(C(=O)OC2)[C@@]2([C@@H]([C@@H]1O)C(C)(C)CCC2)C
"7beta-hydroxy-4(13),8-coloratadien-11,12-olide",C=C1[C@@H](C)CC[C@]2([C@H]1C[C@H](O)C1=C2C(=O)OC1)C
linoleic acid,CCCCC/C=C\C/C=C\CCCCCCCC(=O)O
kaempferide 3-O-beta-xylosyl (1→2)-beta-glucoside,OC[C@H]1O[C@@H](Oc2c(oc3c(c2=O)c(O)cc(c3)O)c2ccc(cc2)OC)[C@@H]([C@H]([C@@H]1O)O)O[C@@H]1OC[C@H]([C@@H]([C@H]1O)O)O
"kaempferol 3-O-alpha-rhamnoside-7,4'-di-O-beta-galactoside",OC[C@H]1OC(Oc2ccc(cc2)c2oc3cc(OC4O[C@H](CO)[C@@H]([C@@H]([C@H]4O)O)O)cc(c3c(=O)c2OC2O[C@H](C)[C@H]([C@@H]([C@@H]2O)O)O)O)[C@@H]([C@H]([C@H]1O)O)O
"kaempferol 3,7,4'-tri-O-beta-glucoside",OC[C@H]1OC(Oc2c(oc3c(c2=O)c(O)cc(c3)OC2O[C@H](CO)[C@H]([C@@H]([C@H]2O)O)O)c2ccc(cc2)OC2O[C@H](CO)[C@H]([C@@H]([C@H]2O)O)O)[C@@H]([C@H]([C@@H]1O)O)O
quercetin 3-O-[alpha-rhamnosyl (1→6)] [beta-glucosyl (1→2)]-beta-glucoside-7-O-alpha-rhamnoside,OC[C@H]1OC(O[C@@H]2[C@@H](O)C(O[C@@H]([C@H]2O)COC2O[C@H](C)[C@H]([C@@H]([C@@H]2O)O)O)Oc2c(oc3c(c2=O)c(O)cc(c3)OC2O[C@H](C)[C@H]([C@@H]([C@@H]2O)O)O)c2ccc(c(c2)O)O)[C@@H]([C@H]([C@@H]1O)O)O
kaempferol,Oc1ccc(cc1)c1oc2cc(O)cc(c2c(=O)c1O)O
kaempferol 3-rhamnoside,Oc1ccc(cc1)c1oc2cc(O)cc(c2c(=O)c1O[C@H]1O[C@@H](C)[C@@H]([C@H]([C@H]1O)O)O)[O-]
kaempferol 3-rutinoside,Oc1ccc(cc1)c1oc2cc(O)cc(c2c(=O)c1O[C@@H]1O[C@H](CO[C@@H]2O[C@@H](C)[C@@H]([C@H]([C@H]2O)O)O)[C@H]([C@@H]([C@H]1O)O)O)O
myricetin,Oc1cc(O)c2c(c1)oc(c(c2=O)O)c1cc(O)c(c(c1)O)O
quercetin 3-rhamnoside,Oc1cc(O)c2c(c1)oc(c(c2=O)O[C@@H]1O[C@@H](C)[C@@H]([C@H]([C@H]1O)O)O)c1ccc(c(c1)O)O
kaempferol 3-arabinoside,Oc1ccc(cc1)c1oc2cc(O)cc(c2c(=O)c1O[C@@H]1OC[C@@H]([C@@H]([C@H]1O)O)O)O
quercetin 3-glucoside,OC[C@H]1O[C@@H](Oc2c(oc3c(c2=O)c(O)cc(c3)O)c2ccc(c(c2)O)O)C(C([C@@H]1O)O)O
quercetin,Oc1cc(O)c2c(c1)oc(c(c2=O)O)c1ccc(c(c1)O)O
kaempferol 3-rhamnoside-4'-galactoside,OC[C@H]1OC(Oc2ccc(cc2)c2oc3cc(O)cc(c3c(=O)c2OC2O[C@H](C)[C@H]([C@@H]([C@@H]2O)O)O)O)[C@@H]([C@H]([C@H]1O)O)O
myricetin 3-galactoside,OC[C@H]1O[C@@H](Oc2c(oc3c(c2=O)c(O)cc(c3)O)c2cc(O)c(c(c2)O)O)[C@@H]([C@H]([C@H]1O)O)O
kaempferol 3-glucoside,OC[C@H]1O[C@@H](Oc2c(oc3c(c2=O)c(O)cc(c3)O)c2ccc(cc2)O)[C@@H]([C@H]([C@@H]1O)O)O
rhamnocitrin 3-O-beta-neohesperidoside,OC[C@H]1O[C@@H](Oc2c(oc3c(c2=O)c(O)cc(c3)OC)c2ccc(cc2)O)[C@@H]([C@H]([C@@H]1O)O)O[C@@H]1O[C@@H](C)[C@@H]([C@H]([C@H]1O)O)O
rhamnetin 3-O-beta-neohesperidoside,OC[C@H]1O[C@@H](Oc2c(oc3c(c2=O)c(O)cc(c3)OC)c2ccc(c(c2)O)O)[C@@H]([C@H]([C@@H]1O)O)O[C@@H]1O[C@@H](C)[C@@H]([C@H]([C@H]1O)O)O
rhamnocitrin 3-O-beta-glucopyranoside,OC[C@H]1O[C@@H](Oc2c(oc3c(c2=O)c(O)cc(c3)OC)c2ccc(cc2)O)[C@@H]([C@H]([C@@H]1O)O)O
rhamnetin 3-O-beta-glucopyranoside,OC[C@H]1O[C@@H](Oc2c(oc3c(c2=O)c(O)cc(c3)OC)c2ccc(c(c2)O)O)[C@@H]([C@H]([C@@H]1O)O)O
methyl isothiocyanate,CN=C=S
trans-2-methyl cyclopentanol,O[C@@H]1CCC[C@H]1C
cis-3-hexen-1-ol,OCC/C=C\CC
trans-2-hexen-1-ol,CCC/C=C/CO
heptan-2-one,CCCCCC(=O)C
anisole,COc1ccccc1
benzaldehyde,O=Cc1ccccc1
"2,4,5-trimethyl-thiazole",Cc1sc(c(n1)C)C
m-cymene,Cc1cccc(c1)C(C)C
phenylacetonitrile,N#CCc1ccccc1
methyl salicylate,COC(=O)c1ccccc1O
beta-cyclocitral,O=CC1=C(C)CCCC1(C)C
nerol,OC/C=C(\CCC=C(C)C)/C
trans-geraniol,OC/C=C(/CCC=C(C)C)\C
alpha-ionone,CC(=O)/C=C/C1C(=CCCC1(C)C)C
beta-caryophyllene,C/C/1=C\CCC(=C)[C@@H]2[C@@H](CC1)C(C2)(C)C
beta-ionone,CC(=O)/C=C/C1=C(C)CCCC1(C)C
nerolidol,C=CC(CC/C=C(/CCC=C(C)C)\C)(O)C
trans-phytol,OC/C=C(/CCC[C@@H](CCC[C@@H](CCCC(C)C)C)C)\C
cedrene,CC1=CC[C@@]23C[C@H]1C(C)(C)[C@@H]2CC[C@H]3C
voucapane,C[C@@H]1[C@@H]2CC[C@@H]3[C@]([C@H]2Cc2c1cco2)(C)CCCC3(C)C
"voucapane-6alpha,7alpha-diol",O[C@@H]1[C@H](O)[C@H]2C(C)(C)CCC[C@@]2([C@@H]2[C@@H]1[C@@H](C)c1ccoc1C2)C
resveratrol-3-beta-rutinoside glycoside,Oc1cc(cc(c1)/C=C/c1ccc(cc1)O)O[C@@H]1O[C@H](COC2O[C@@H](C)[C@@H]([C@H]([C@H]2O)O)O)[C@H]([C@@H]([C@H]1O)O)O
"voucapane-18,19-diol",OCC1(CO)CCC[C@]2([C@H]1CC[C@@H]1[C@@H]2Cc2c([C@@H]1C)cco2)C
18-hydroxyvoucapan-19-al,O=CC[C@@]1(CO)CCC[C@]2([C@H]1CC[C@@H]1[C@@H]2Cc2c([C@@H]1C)cco2)C
"voucapane-18,19-di-(4-methyl)-benzenesulphonate",Cc1ccc(cc1)S(=O)(=O)OCC1(CCC[C@]2([C@H]1CC[C@@H]1[C@@H]2Cc2c([C@@H]1C)cco2)C)COS(=O)(=O)c1ccc(cc1)C
"18,19-dibenzoyloxyvoucapane",O=C(c1ccccc1)OC1(CCC[C@]2([C@H]1CC[C@@H]1[C@@H]2Cc2c([C@@H]1C)cco2)C)OC(=O)c1ccccc1
"18,19-di-acetoxyvoucapane",CC(=O)OCC1(CCC[C@]2([C@H]1CC[C@@H]1[C@@H]2Cc2c([C@@H]1C)cco2)C)COC(=O)C
isoiguesterin,C=C1CC[C@]2([C@@H](C1)[C@]1(C)CC[C@@]3(C(=CC=C4C3=CC(=O)C(=C4C)O)[C@]1(CC2)C)C)C
20-epi-isoiguesterinol,OC[C@H]1CC[C@]2([C@@H](C1)[C@]1(C)CC[C@@]3(C(=CC=C4C3=CC(=O)C(=C4C)O)[C@]1(CC2)C)C)C
dihydro-20-epi-isoiguesterinol triacetate,CC(=O)OC[C@@H]1CC[C@]2(C(C1)[C@]1(C)CC[C@@]3(C(=CCc4c3cc(OC(=O)C)c(c4C)OC(=O)C)[C@]1(CC2)C)C)C
isoiguesterinol,OC[C@@H]1CC[C@]2([C@@H](C1)[C@]1(C)CC[C@@]3(C(=CC=C4C3=CC(=O)C(=C4C)O)[C@]1(CC2)C)C)C
6-oxoisoiguesterin,C=C1CC[C@]2([C@@H](C1)[C@]1(C)CC[C@@]3(C(=CC(=O)c4c3cc(O)c(c4C)O)[C@]1(CC2)C)C)C
tingenin B,C[C@@H]1C[C@@H]2[C@@]([C@@H](C1=O)O)(C)CC[C@]1([C@@]2(C)CC[C@@]2(C1=CC=C1C2=CC(=O)C(=C1C)O)C)C
"3beta,29-dihydroxyglutin-5-ene",OC[C@]1(C)CC[C@]2(C(C1)[C@]1(C)CC[C@@]3(C([C@]1(CC2)C)CC=C1C3CC[C@@H](C1(C)C)O)C)C
cangoronine methyl ester,COC(=O)[C@]1(C)CC[C@]2(C(C1)[C@]1(C)CC[C@@]3(C([C@]1(CC2)C)CC[C@]1(C3CC(=O)C(=C1C)O)C=O)C)C
4'-O-methylepigallocatechin,COc1c(O)cc(cc1O)[C@H]1Oc2cc(O)cc(c2C[C@H]1O)O
4'-O-methylgallocatechin,COc1c(O)cc(cc1O)[C@H]1Oc2cc(O)cc(c2C[C@@H]1O)O
"4',4'''-di-O-methyl-prodelphinidin B4",COc1c(O)cc(cc1O)[C@H]1Oc2c(C[C@H]1O)c(O)cc(c2[C@@H]1c2c(O)cc(cc2O[C@@H]([C@H]1O)c1cc(O)c(c(c1)O)OC)O)O
"1,4,6-trihydroxy-3-methoxy-2-(3-methyl-2-butenyl)-5-(1,1-dimethyl-prop-2-enyl)xanthone",C=CC(c1c(O)ccc2c1oc1c(O)c(OC)c(c(c1c2=O)O)CC=C(C)C)(C)C
forbexanthone,COc1cc(O)c2c(c1)oc1c(c2=O)cc2c(c1O)OC(C=C2)(C)C
friedelin,O=C1CC[C@@H]2[C@]([C@H]1C)(C)CC[C@H]1[C@@]2(C)CC[C@@]2([C@]1(C)CC[C@@]1([C@H]2CC(C)(C)CC1)C)C
lupeol acetate,CC(=O)O[C@H]1CC[C@]2([C@H](C1(C)C)CC[C@@]1([C@@H]2CC[C@H]2[C@@]1(C)CC[C@@]1([C@@H]2[C@@H](CC1)C(=C)C)C)C)C
"5,5-dimethyl-6-geranyl-3-hydroxy-2-(13,14-dihydroxybenzoyl)-4-(3,7-dimethyloct-2,7-dienyl)-8-(3-methylbut-2-enyl)-bicyclo[3.3.1]nonan-2-en-1,9-dione",CC(=CC[C@@]12C[C@H](C/C=C(/CCC=C(C)C)\C)C([C@@](C1=O)(C(=C(C2=O)C(=O)c1ccc(c(c1)O)O)O)C/C=C(/CCCC(=C)C)\C)(C)C)C
"4,4-di(3-methylbut-2-enyl)-6-geranyl-1-hydroxy-2-(10-hydroxybenzoyl)-6-[2-(1-methylethenyl)-5-methylhex-5-enyl]-cyclohex-1-en-3,5-dione",C/C(=C\C[C@@]1(CC(C(=C)C)CCC(=C)C)C(=C(C(=O)c2cccc(c2)O)C(=O)C(C1=O)(CC=C(C)C)CC=C(C)C)O)/CCC=C(C)C
"4,4-di(3-methylbut-2-enyl)-6-geranyl-1-hydroxy-2-(10,11-dihydroxybenzoyl)-6-[2-(1-methylethenyl)-5-methylhex-5-enyl]-cyclohex-1-en-3,5-dione",C/C(=C\C[C@@]1(CC(C(=C)C)CCC(=C)C)C(=C(C(=O)c2ccc(c(c2)O)O)C(=O)C(C1=O)(CC=C(C)C)CC=C(C)C)O)/CCC=C(C)C
achilleol A,C/C(=C\CC/C=C(/CC[C@@H]1C(=C)CC[C@@H](C1(C)C)O)\C)/CC/C=C(/CCC=C(C)C)\C
"3beta,24-O-ethylidenyl-2alpha,19alpha-dihydroxyolean-12-en-28-oic acid",CC1OC[C@]2(C(O1)[C@H](O)C[C@]1(C2CC[C@@]2([C@@H]1CC=C1[C@@]2(C)CC[C@@]2([C@H]1C(C)C(CC2)(C)C)C(=O)O)C)C)C
arjunic acid,O[C@@H]1C[C@@]2(C)[C@H](C([C@H]1O)(C)C)CC[C@@]1([C@@H]2CC=C2[C@@]1(C)CC[C@@]1([C@H]2[C@H](O)C(C)(C)CC1)C(=O)O)C
sericic acid,OC[C@@]1(C)[C@@H](O)[C@H](O)C[C@]2([C@H]1CC[C@@]1([C@@H]2CC=C2[C@@]1(C)CC[C@@]1([C@H]2[C@H](O)C(CC1)(C)C)C(=O)O)C)C
23-galloylarjunic acid,O=C(c1cc(O)c(c(c1)O)O)OC[C@]1(C)[C@@H](O)[C@H](O)C[C@]2([C@H]1CC[C@@]1([C@@H]2CC=C2[C@@]1(C)CC[C@@]1([C@H]2CC(CC1)(C)C)C(=O)O)C)C
3-O-methylellagic acid,COc1c(O)cc2c3c1oc(=O)c1c3c(oc2=O)c(c(c1)O)O
"4-O-(3'',4''-di-O-galloyl-alpha-L-rhamnopyranosyl)ellagic acid",CC1OC(Oc2c(O)c(O)c3c4c2c(=O)oc2c4c(c(=O)o3)cc(c2O)O)C(C(C1OC(=O)c1cc(O)c(c(c1)O)O)OC(=O)c1cc(O)c(c(c1)O)O)O
diellagic lactone,Oc1c(O)c2oc(=O)c3c4c2c(c1c1c(O)c(O)c2c5c1c(=O)oc1c5c(c(=O)o2)cc(c1O)O)c(=O)oc4c(c(c3)O)O
tomentosic acid,OC[C@]1(C)[C@@H](O)[C@H](O)C[C@]2([C@H]1CC[C@@]1([C@@H]2CC=C2[C@@]1(C)CC[C@@]1([C@H]2[C@@H](O)C(CC1)(C)C)C(=O)O)C)C
arjungenin,OC[C@]1(C)[C@@H](O)[C@H](O)C[C@]2([C@H]1CC[C@@]1([C@@H]2CC=C2[C@@]1(C)CC[C@@]1([C@H]2[C@H](O)C(CC1)(C)C)C(=O)O)C)C
sericoside,OC[C@H]1O[C@@H](OC(=O)[C@]23CCC([C@H]([C@H]2C2=CC[C@H]4[C@@]([C@@]2(CC3)C)(C)CC[C@@H]2[C@]4(C)C[C@H]([C@@H]([C@]2(C)CO)O)O)O)(C)C)[C@@H]([C@H]([C@@H]1O)O)O
arjunglucoside I,OC[C@H]1O[C@@H](OC(=O)[C@]23CCC([C@H]([C@H]2C2=CC[C@H]4[C@@]([C@@]2(CC3)C)(C)CC[C@@H]2[C@]4(C)C[C@H]([C@@H]([C@@]2(C)CO)O)O)O)(C)C)[C@@H]([C@H]([C@@H]1O)O)O
3-O-beta-D-glucopyranosyl-beta-sitosterol,CC[C@@H](C(C)C)CC[C@H]([C@H]1CC[C@@H]2[C@]1(C)CC[C@H]1[C@H]2CC=C2[C@]1(C)CC[C@@H](C2)O[C@@H]1OC(CO)[C@H](C(C1O)O)O)C
"3,3'-di-O-methylellagic acid",COc1c(O)cc2c3c1oc(=O)c1c3c(oc2=O)c(c(c1)O)OC
"3,3',4-tri-O-methylellagic acid",COc1cc2c(=O)oc3c4c2c(c1OC)oc(=O)c4cc(c3O)OC
4-(alpha-L-rhamnopyranosyl)ellagic acid,O[C@H]1[C@@H](O[C@H]([C@@H]([C@H]1O)O)C)Oc1cc2c(=O)oc3c4c2c(c1O)oc(=O)c4cc(c3O)O
3-O-methyl-4-(alpha-L-rhamnopyranosyl)ellagic acid,COc1c(O[C@@H]2O[C@@H](C)[C@@H]([C@H]([C@H]2O)O)O)cc2c3c1oc(=O)c1c3c(oc2=O)c(c(c1)O)O
ellagitannin,CC(=O)C[C@]1(O)C(=O)C=C2[C@@H]3[C@@]1(O)Oc1c3c(cc(c1O)O)C(=O)O[C@H]1[C@H]3[C@@H](OC2=O)[C@@H](O[C@@H]1COC(=O)c1c(c2c(C(=O)O3)cc(O)c(c2O)O)c(O)c(c(c1)O)O)OC(=O)c1cc(O)c(c(c1)O)O
punicalagin,OC1O[C@@H]2COC(=O)c3cc(O)c(c(c3c3c(O)c(O)c4c5c3c(=O)oc3c(c(c(c6c(C(=O)O[C@H]2[C@H]2[C@H]1OC(=O)c1cc(O)c(c(c1c1c(C(=O)O2)cc(c(c1O)O)O)O)O)cc(O)c(c6O)O)c(c(=O)o4)c53)O)O)O)O
3'5'-dihydroxy-4-(2-hydroxy-ethoxy) resveratrol-3-O-β-rutinoside,OCCOc1ccc(cc1)/C=C/c1cc(O[C@@H]2O[C@H](COC3O[C@@H](C)[C@@H]([C@H]([C@H]3O)O)O)[C@H]([C@@H]([C@H]2O)O)O)cc(c1)O
"3',4,5'-trihydroxystilbene",Oc1ccc(cc1)/C=C/c1cc(O)cc(c1)O
punicalagin,O[C@@H]1O[C@@H]2COC(=O)c3cc(O)c(c(c3c3c(O)c(O)c4c5c3c(=O)oc3c(c(c(c6c(C(=O)O[C@H]2[C@H]2[C@H]1OC(=O)c1cc(O)c(c(c1c1c(C(=O)O2)cc(c(c1O)O)O)O)O)cc(O)c(c6O)O)c(c(=O)o4)c53)O)O)O)O
artemisinin,O=C1O[C@@H]2O[C@@]3(C)CC[C@@H]4[C@]2([C@H]([C@H]1C)CC[C@H]4C)OO3
"5,7,4'-trihydroxy-3,8,3',5'-tetramethoxyflavone",COc1cc(cc(c1O)OC)c1oc2c(OC)c(O)cc(c2c(=O)c1OC)O
"5,7,3'-trihydroxy-3,8,4',5'-tetramethoxyflavone",COc1cc(cc(c1OC)O)c1oc2c(OC)c(O)cc(c2c(=O)c1OC)O
8-acetoxyisochiliolide lactone,CC(=O)O[C@@]1(C)CC[C@]2([C@]3([C@]41CC(OC4=O)c1ccoc1)CC[C@]2(C(=O)O3)C)C
"5,7,4'-trihydroxy-3,8,3'-trimethoxyflavone",COc1cc(ccc1O)c1oc2c(OC)c(O)cc(c2c(=O)c1OC)O
"5,3',4'-trihydroxy-3,7,8-trimethoxyflavone",COc1cc(O)c2c(c1OC)oc(c(c2=O)OC)c1ccc(c(c1)O)O
"5,3',4'-trihydroxy-7-methoxyflavanone",COc1cc2OC(CC(=O)c2c(c1)O)c1ccc(c(c1)O)O
"7,8-epoxyisocholiolide lactone",O=C1OC(C[C@@]21[C@@]1(C)O[C@H]1C[C@]1([C@]32CC[C@]1(C(=O)O3)C)C)c1cocc1
"5-hydroxy-3,7,4'-trimethoxyflavone",COc1ccc(cc1)c1oc2cc(OC)cc(c2c(=O)c1OC)O
"3,5- dihydroxy-7,4'-dimethoxyflavone",COc1ccc(cc1)c1oc2cc(OC)cc(c2c(=O)c1O)O
"5,4'-dihydroxy-3,7,3'-trimethoxyflavone",COc1cc(O)c2c(c1)oc(c(c2=O)OC)c1ccc(c(c1)OC)O
"3,5-dihydroxy-3',4',7-trimethoxyflavone",COc1cc(O)c2c(c1)oc(c(c2=O)O)c1ccc(c(c1)OC)OC
rhamnazin,COc1cc(O)c2c(c1)oc(c(c2=O)O)c1ccc(c(c1)OC)O
rhamnocitrin,COc1cc(O)c2c(c1)oc(c(c2=O)O)c1ccc(cc1)O
"5,4'-dihydroxy-7-dimethoxyflavanone",COC1(CC(=O)c2c(O1)cc(cc2O)OC)c1ccc(cc1)O
"5-hydroxy-3,6,7,4'-tetramethoxyflavone",COc1ccc(cc1)c1oc2cc(OC)c(c(c2c(=O)c1OC)O)OC
retusin,COc1cc(O)c2c(c1)oc(c(c2=O)OC)c1ccc(c(c1)OC)OC
isokaempferide,COc1c(oc2c(c1=O)c(O)cc(c2)O)c1ccc(cc1)O
"5,7- dihydroxy-3,4'-dimethoxyflavone",COc1ccc(cc1)c1oc2cc(O)cc(c2c(=O)c1OC)O
"quercetin-3,4'-dimethyl ether",COc1ccc(cc1O)c1oc2cc(O)cc(c2c(=O)c1OC)O
4-hydroxymethylbenzoate,COC(=O)c1ccc(cc1)O
3-acetoxy-7-hydroxy-5-tigloyloxycarvotacetone,C/C=C(/C(=O)O[C@H]1C(C(C)C)[C@H](OC(=O)C)C=C(C1=O)CO)\C
"3,7-dihydroxy-5-tigloyloxycarvotacetone",C/C=C(/C(=O)O[C@H]1C(C(C)C)[C@H](O)C=C(C1=O)CO)\C
"3-acetoxy-5,7-dihydroxycarvotacetone",OCC1=C[C@@H](OC(=O)C)C([C@@H](C1=O)O)C(C)C
"3,5,7-trihydroxy-carvotacetone",OCC1=C[C@@H](O)C([C@@H](C1=O)O)C(C)C
coniferaldehyde,O=C/C=C/c1ccc(c(c1)OC)O
caffeic acid,OC(=O)/C=C/c1ccc(c(c1)O)O
5-O-beta-glucopyranosylcarvotacetone,OC[C@H]1OC(O[C@H]2C(CC=C(C2=O)CO)C(C)C)[C@@H]([C@H]([C@@H]1O)O)O
thymol 3-O-beta-glucopyranoside,OC[C@H]1O[C@@H](Oc2cc(C)ccc2C(C)C)[C@@H]([C@H]([C@@H]1O)O)O
zataroside B,OC[C@H]1O[C@@H](Oc2cc(C(C)C)c(cc2C)O)[C@@H]([C@H]([C@@H]1O)O)O
zataroside A,OC[C@H]1O[C@@H](Oc2cc(C)c(cc2C(C)C)O)[C@@H]([C@H]([C@@H]1O)O)O
"5-(penta-1,3-diynyl)-2-(but-3-en-1-ynyl)-thiophene",CC#CC#Cc1ccc(s1)C#CC=C
"5-(penta-1,3-diynyl)-2-(4-acetoxy-but-1-ynyl)-thiophene",CC#CC#Cc1ccc(s1)C#CCCOC(=O)C
"5-(penta-1,3-diynyl)-2-(3-hydroxy-4-acetoxy-but-1-ynyl)-thiophene",CC#CC#Cc1ccc(s1)C#CC(COC(=O)C)O
"5-(penta-1,3-diynyl)-2-(3,4-diacetoxy-but-1-ynyl)-thiophene",CC#CC#Cc1ccc(s1)C#CC(OC(=O)C)COC(=O)C
"5-(penta-1,3-diynyl)-2-(3-chloro-4-acetoxy-but-1-ynyl)-thiophene",CC#CC#Cc1ccc(s1)C#CC(COC(=O)C)Cl
"5-(penta-1,3-diynyl)-2-(3,4-epoxy-but-1-ynyl)-thiophene",CC#CC#Cc1ccc(s1)C#CC1CO1
5-[(5-acetoxymethyl-2-thienyl)-2-(but-3-en-1-ynyl)]-thiophene,C=CC#Cc1ccc(s1)c1ccc(s1)COC(=O)C
myristic acid,CCCCCCCCCCCCCC(=O)O
pentadecanoic acid,CCCCCCCCCCCCCCC(=O)O
myristic acid methyl ester,CCCCCCCCCCCCCC(=O)OC
palmitic acid methyl ester,CCCCCCCCCCCCCCCC(=O)OC
linoleic acid methyl ester,CCCCC/C=C\C/C=C\CCCCCCCC(=O)OC
oleic acid methyl ester,CCCCCCCC/C=C\CCCCCCCC(=O)OC
stearic acid methyl ester,CCCCCCCCCCCCCCCCCC(=O)OC
11-eicosanoic acid methyl ester,CCCCCCCC/C=C/CCCCCCCCCC(=O)OC
arachidic acid methyl ester,CCCCCCCCCCCCCCCCCCCC(=O)OC
"cis-2,3-dihydro-2,3,9-trimethyl-3-(2-keto-3,4-epoxy-4-methylpentyl)-4H-furo[3,2-c][1]benzopyran-4-one",O=C([C@@H]1OC1(C)C)C[C@]1(C)[C@H](C)Oc2c1c(=O)oc1c2c(C)ccc1
"trans-2,3-dihydro-2,3,9-trimethyl-3-(2-keto-3,4-epoxy-4-methylpentyl)-4H-furo[3,2-c][1]benzopyran-4-one",O=C([C@@H]1OC1(C)C)C[C@]1(C)[C@@H](C)Oc2c1c(=O)oc1c2c(C)ccc1
"5,7-dihydroxy-2',3',4',5'-tetramethoxyflavone",COc1cc(c2cc(=O)c3c(o2)cc(cc3O)O)c(c(c1OC)OC)OC
"5,4'-dihydroxy-7,2',3',5'-tetramethoxyflavone",COc1cc(O)c2c(c1)oc(cc2=O)c1cc(OC)c(c(c1OC)OC)O
"5,7,4'-trihydroxy-2',3',5'-trimethoxyflavone",COc1cc(c2cc(=O)c3c(o2)cc(cc3O)O)c(c(c1O)OC)OC
"5-hydroxy-7,2',3',4',5'-pentamethoxyflavone",COc1cc(O)c2c(c1)oc(cc2=O)c1cc(OC)c(c(c1OC)OC)OC
"5,7,3'-trihydroxy-2',4',5'-trimethoxyflavone",COc1c(cc(c(c1O)OC)OC)c1cc(=O)c2c(o1)cc(cc2O)O
Z-docosyl-p-coumarate,CCCCCCCCCCCCCCCCCCCCCCOC(=O)/C=C\c1ccc(cc1)O
E-docosyl-p-coumarate,CCCCCCCCCCCCCCCCCCCCCCOC(=O)/C=C/c1ccc(cc1)O
7-O-tigloylplatynecine,OC[C@H]1CCN2C1[C@@H](CC2)OC(=O)/C(=C/C)/C
7-O-senecioylplatynecine,OC[C@H]1CCN2[C@H]1[C@@H](CC2)OC(=O)C=C(C)C
retroisosenine,O=C1O[C@@H]2CCN3[C@@H]2C(=CC3)COC(=O)[C@]2(O[C@](C1)(C)C[C@H]2C)C
senecionine,C/C=C\1/C[C@@H](C)[C@@](C)(O)C(=O)OCC2=CCN3[C@H]2[C@H](OC1=O)CC3
seneciphylline,C/C=C\1/CC(=C)[C@@](C)(O)C(=O)OCC2=CCN3[C@H]2[C@H](OC1=O)CC3
bulgarsenine,O=C1/C=C(/C)\C[C@H](C)[C@@](C)(O)C(=O)OC[C@H]2C3[C@@H](O1)CCN3CC2
integerrimine,C/C=C/1\C[C@@H](C)[C@@](C)(O)C(=O)OCC2=CCN3[C@H]2[C@H](OC1=O)CC3
neoplatyphylline,C/C=C/1\C[C@@H](C)[C@@](C)(O)C(=O)OC[C@@H]2[C@@H]3[C@H](OC1=O)CCN3CC2
jacobine,O=C1OCC2=CCN3[C@H]2[C@@H](CC3)OC(=O)[C@@]2(C[C@H]([C@@]1(C)O)C)O[C@H]2C
erucifoline (Z),C/C=C\1/CC2(CO)OC2(C)C(=O)OCC2=CCN3[C@H]2[C@H](OC1=O)CC3
retrosine,C/C=C\1/CC(C)C(O)(CO)C(=O)OCC2=CCN3C2C(OC1=O)CC3
jaconine,CC([C@@]1(O)C[C@@H](C)[C@@](C)(O)C(=O)OCC2=CCN3[C@H]2[C@H](OC1=O)CC3)Cl
eruciflorine (E),OC/C=C/1\C[C@H](C)[C@](C)(O)C(=O)OCC2=CCN3[C@@H]2C(OC1=O)CC3
"6alpha,17,19-ent-trachylobantriol",OC[C@]12C[C@]34C[C@H]1[C@@H]2C[C@H]3[C@]1([C@H]([C@@H](C4)O)[C@](C)(CO)CCC1)C
"2alpha,18,19-ent-trachylobantriol",OCC1(CO)C[C@@H](O)C[C@@]2([C@@H]1CC[C@]13[C@H]2C[C@H]2[C@H](C1)[C@@]2(C3)C)C
"2beta,6alpha,18,19-ent-trachylobantetraol",OCC1(CO)C[C@@H](O)C[C@@]2([C@H]1[C@H](O)C[C@]13[C@@H]2C[C@H]2[C@H](C1)[C@@]2(C3)C)C
"(1S,5R)-(-)-2,4,4-trimethylbicyclo[3.1.1]hept-2-en-6-one",CC1=CC(C)(C)[C@H]2C[C@@H]1C2=O
"(1S,5R)-(+)-chrysanthenone",CC1=CCC2C(=O)C1C2(C)C
thymoquinol dimethyl ether,COc1cc(C(C)C)c(cc1C)OC
"(2E,4E)-3,7-dimethylocta-2,4,6-trienal",O=C/C=C(/C=C/C=C(C)C)\C
"(2Z,4E)-3,7-dimethylocta-2,4,6-trienal",O=C/C=C(\C=C\C=C(C)C)/C
filifolone,CC1=CCC2C1C(=O)C2(C)C
3-(3'-acetoxy-2'-hydroxy-2'-methyl butyryl)-cuauhtemone,CC(=O)OC(C(C(=O)OC1CCC2(C(C1(C)O)CC(=C(C)C)C(=O)C2)C)(OC(=O)C)C)C
"3',5,6-trihydroxy-3,6-dimethoxyflavone",COc1ccc(cc1O)c1oc2cc(OC)c(c(c2c(=O)c1OC)O)O
rutin,Oc1cc(O)c2c(c1)oc(c(c2=O)O[C@@H]1O[C@H](CO[C@@H]2O[C@@H](C)[C@@H]([C@H]([C@H]2O)O)O)[C@H]([C@@H]([C@H]1O)O)O)c1ccc(c(c1)O)O
antheindurolide A,C/C(=C\CC1COC(=O)C1=C)/CC1CC(C(=O)O1)C
dihydro-5-(4-(tetrahydro-3- methylene-2-oxofuran-4-yl)-2-hydroxy-2-methylbut-3-enyl)-3-methylfuran-2(3H)-one,CC1CC(OC1=O)CC(/C=C/C1COC(=O)C1=C)(O)C
"8-(tetrahydro-3'-methylene-2'-oxofuran-4'-yl)-2,6-dimethylocta-2,6-dienal",O=C/C(=C/CC/C(=C/CC1COC(=O)C1=C)/C)/C
borneol,O[C@H]1C[C@@H]2C([C@@]1(C)CC2)(C)C
bornyl acetate,CC(=O)O[C@@H]1C[C@H]2C([C@]1(C)CC2)(C)C
3-carene,CC1=CCC2C(C1)C2(C)C
"1,8-cineol",CC12CCC(CC1)C(O2)(C)C
cubenol,CC1=C[C@@H]2[C@](CC1)(O)[C@H](C)CC[C@H]2C(C)C
3-O-(3'-acetoxy-2'-hydroxy-2'-methylbutyryl)cuauthemone,CC(=O)OC(C(C(=O)O[C@@H]1CC[C@]2([C@@]([C@]1(C)O)(C)CC(=C(C)C)C(=O)C2)C)(O)C)C
4-O-acetylcuauthemone-3-O-angelate,C/C=C(\C(=O)O[C@@H]1CC[C@]2([C@@]([C@]1(C)OC(=O)C)(C)CC(=C(C)C)C(=O)C2)C)/C
4-O-acetylcuauthemone 3-O-(2'-hydroxy-2'-methyl-3'-acetoxybutyrate),CC(=O)OC(C(C(=O)O[C@@H]1CC[C@]2([C@@]([C@]1(C)OC(=O)C)(C)CC(=C(C)C)C(=O)C2)C)(O)C)C
"3',4',5,7-tetrahydroxy-3,6-dimethoxyflavone",COc1c(O)cc2c(c1O)c(=O)c(c(o2)c1ccc(c(c1)O)O)OC
5-O-methylhoslundin,COc1cc2oc(cc(=O)c2c(c1c1coc(c(c1=O)OC)C)OC)c1ccccc1
hoslundin,COc1cc2oc(cc(=O)c2c(c1c1coc(c(c1=O)OC)C)O)c1ccccc1
caffeine,Cn1cnc2c1c(=O)n(C)c(=O)n2C
vernolide,CC(=C)C(=O)O[C@H]1C[C@@]23O[C@@H]2CC/C(=C/[C@@H]2[C@@H]1C(=C)C(=O)O2)/CO[C@H]3O
vernodalol,COC(=O)C(=C)[C@@H]1[C@@H](OC(=O)C(=C)CO)C[C@]2([C@@H]([C@H]1O)C(=C)C(=O)OC2)C=C
4-O-acetylcuauthemone 3-O-angelate,C/C=C(\C(=O)OC1CCC2(C(C1(C)OC(=O)C)CC(=C(C)C)C(=O)C2)C)/C
4-O-acetylcuauthemone3-O-(2'-methyl-2'-hydroxy-3-acetoxy butyrate),CC(=O)OC(C(C(=O)OC1CCC2(C(C1(C)OC(=O)C)CC(=C(C)C)C(=O)C2)C)(O)C)C
3-(3'-acetoxy-2'-hydroxy-2'-methyl butyryl)-cuauhtemone,CC(=O)OC(C(C(=O)OC1CCC2(C(C1(C)O)CC(=C(C)C)C(=O)C2)C)(O)C)C
"4',5,7-trihydroxy-3',3,6-trimethoxyflavone",COc1cc(ccc1O)c1oc2cc(O)c(c(c2c(=O)c1OC)O)OC
trivernolin,CCCCC[C@H]1O[C@H]1C/C=C\CCCCCCCC(=O)OC(COC(=O)CCCCCCC/C=C\C[C@@H]1O[C@@H]1CCCCC)COC(=O)CCCCCCC/C=C\C[C@@H]1O[C@@H]1CCCCC
vernolic acid,CCCCC[C@H]1O[C@H]1C/C=C\CCCCCCCC(=O)O
arachidic acid,CCCCCCCCCCCCCCCCCCCC(=O)O
"labda-8(17),13-diene-15,19-dioic acid butenolide",O=C1OCC(=C1)CCC1C(=C)CCC2C1(C)CCCC2(C)C(=O)O
"16-methoxylabda-8(17),13-diene15,19-dioic acid butenolide",COC1OC(=O)C=C1CCC1C(=C)CCC2C1(C)CCCC2(C)C(=O)O
conyzanol A,CO[C@H]1OC(C(C1(O)CCC1C(=C)CCC2C1(C)CCCC2(C)C(=O)O)O)OC
conyzanol B,CO[C@@H]1OC(C(C1(O)CCC1C(=C)CCC2C1(C)CCCC2(C)C(=O)O)O)OC
16-hydroxybutenolide,O=C1C=C(C(O1)O)CCC1C(=C)CCC2C1(C)CCCC2(C)C(=O)O
famesylic acid,C/C(=C\CC/C(=C/C(=O)O)/C)/CCC=C(C)C
"1beta,10alpha,2alpha,3alpha-bisepoxy-5beta-hydroxy-8alpha-methacryloyloxy-germacra- 4(15),11(13)-dien-12,6alpha-olide",C=C1[C@H](O)[C@H]2OC(=O)C(=C)[C@@H]2[C@@H](OC(=O)C(=C)C)C[C@@]2([C@@H]([C@@H]3[C@H]1O3)O2)C
"8alpha-angeloyloxy-1beta,10alpha,4alpha,5beta-bisepoxy-3beta-hydroxygermacr-11(13)-en-12,6alpha-olide",C/C=C(\C(=O)O[C@H]1C[C@@]2(C)O[C@@H]2[C@H]2O[C@H]2C(=C)[C@@H]([C@@H]2[C@@H]1C(=C)C(=O)O2)O)/C
"8alpha-angeloyloxy-1beta,10alpha-epoxy-2alpha,15-dihydroxygermacra-4Z,11(13)-dien-12,6alpha-olide",C/C=C(\C(=O)O[C@H]1C[C@@]2(C)O[C@@H]2[C@@H](O)C/C(=C/[C@@H]2[C@@H]1C(=C)C(=O)O2)/CO)/C
"8alpha-angeloyloxy-1beta,10alpha-epoxy-2alpha,15-dihydroxy-11betaH-germacr-4Z-en-12,6alpha-olide",C/C=C(\C(=O)O[C@H]1C[C@@]2(C)O[C@@H]2[C@@H](O)C/C(=C/[C@@H]2[C@@H]1C(C)C(=O)O2)/CO)/C
"8alpha-angeloyloxy-1beta,10alpha-epoxy-2alpha-hydroxy-l5-oxo-germacr-11(13)-en-12,6alpha-olide",O=CC1C[C@H]2OC(=O)C(=C)[C@@H]2[C@@H](OC(=O)/C(=C\C)/C)C[C@@]2([C@@H]([C@H](C1)O)O2)C
isoline,CC[C@@]1(O)C[C@@H](C)[C@](C)(OC(=O)C)C(=O)OCC2=CCN3[C@H]2[C@H](OC1=O)CC3
7beta-hydroxy-1-methylene-8alpha-pyrrolizidine N-oxide,O[C@@H]1CCN2[C@H]1C(=C)CC2
7beta-hydroxy-1-methylene-8alpha-pyrrolizidine,O[C@@H]1CCN2[C@@H]1C(=C)CC2
"4alpha-acetoxy-3alpha-(2',3'-epoxy-2'-methylbutyrate)-11-hydroxy-6,7-dehydro-eudesman-8-one",CC(=O)OC1(C)C(CCC2(C1C=C(C(=O)C2)C(C)(C)C)C)OC(=O)C1(C)OC1C
farnesylamine,NC/C=C(/CC/C=C(/CCC=C(C)C)\C)\C
oleanolic acid,O[C@H]1CC[C@]2([C@H](C1(C)C)CC[C@@]1([C@@H]2CC=C2[C@@]1(C)CC[C@@]1([C@H]2CC(C)(C)CC1)C(=O)O)C)C
urticifolene,CCCCCCCCCCCCCCCOC(=O)CC(/C=C/C=C/C=C/C=C/C=C/C(CC)O)O
nystatin,OC1CCC(O)C(O)C[C@]2(O)CC(O)C(C(O2)CC(/C=C/C=C/C=C/C=C/CC/C=C/C=C/[C@@H]([C@H]([C@H]([C@@H](OC(=O)CC(CC(C1)O)O)C)C)O)C)O[C@H]1O[C@H](C)[C@H]([C@@H]([C@@H]1O)N)O)C(=O)O
amphotericin B,O[C@@H]1CC[C@@H](O)[C@H](O)C[C@H](O)C[C@]2(O)C[C@H](O)[C@H]([C@@H](O2)C[C@H](/C=C/C=C/C=C/C=C/C=C/C=C/C=C/[C@@H]([C@H]([C@H]([C@@H](OC(=O)C[C@@H](C1)O)C)C)O)C)O[C@@H]1O[C@H](C)[C@H]([C@@H]([C@@H]1O)N)O)C(=O)O
perillaldehyde,O=CC1=CCC(CC1)C(=C)C
perillyl alcohol,OCC1=CCC(CC1)C(=C)C
alpha-fenchyl alcohol,OC1C2(C)CCC(C1(C)C)C2
eucleanal,COc1cc(O)c2c(c1)cccc2C=O
eucleanal A,O=Cc1cc(OC)cc2c1c(O)ccc2
eucleanal B,COc1cc(C=O)c2c(c1O)cccc2OC
neomacrolactone,CC(=O)O[C@H]1C[C@@]2([C@]([C@H]1[C@@H]([C@H](C(=O)C(=C)C(C)C)O)C)(C)CC[C@]13C2CCC2[C@]1(C3)C=CC(=O)O[C@H]2C)C
22alpha-acetoxyneomacrolactone,CC(=O)O[C@H]1C[C@@]2([C@]([C@H]1[C@@H]([C@H](C(=O)C(=C)C(C)C)OC(=O)C)C)(C)CC[C@]13C2CCC2[C@]1(C3)C=CC(=O)O[C@H]2C)C
6-hydroxyneomacolactone,CC(=O)O[C@H]1C[C@@]2([C@]([C@H]1[C@@H]([C@H](C(=O)C(=C)C(C)C)O)C)(C)CC[C@]13C2C[C@@H](O)C2[C@]1(C3)C=CC(=O)O[C@H]2C)C
22alpha-acetoxy-6-hydroxyneomacrolactone,CC(=O)O[C@H]1C[C@@]2([C@]([C@H]1[C@@H]([C@H](C(=O)C(=C)C(C)C)OC(=O)C)C)(C)CC[C@]13C2C[C@@H](O)C2[C@]1(C3)C=CC(=O)O[C@H]2C)C
"6,7-epoxyneomacrolactone",CC(=O)O[C@H]1C[C@@]2([C@]([C@H]1[C@@H]([C@H](C(=O)C(=C)C(C)C)O)C)(C)CC[C@]13C2[C@H]2O[C@H]2C2[C@]1(C3)C=CC(=O)O[C@H]2C)C
"22alpha-acetoxy-6,7-epoxyneomacrolactone",CC(=O)O[C@H]1C[C@@]2([C@]([C@H]1[C@@H]([C@H](C(=O)C(=C)C(C)C)OC(=O)C)C)(C)CC[C@]13C2[C@H]2O[C@H]2C2[C@]1(C3)C=CC(=O)O[C@H]2C)C
4-methylen-neomacrolactone,CC(=O)O[C@H]1C[C@@]2([C@]([C@H]1[C@@H]([C@H](C(=O)C(=C)C(C)C)O)C)(C)CC[C@]13C2CCC2[C@]1(C3)C=CC(=O)OC2=C)C
neomacroin,Cn1cncc1c1ccc2c(n1)cccc2
neomacrotriol,C=C(C(C)C)CC[C@H]([C@H]1CC[C@@]2([C@]1(C)CC[C@]13C2CCC2[C@]1(C3)[C@@H](O)[C@@H](O)[C@@H](C2(C)C)O)C)C
neonthrene,COc1c(O)cc2c(c1C)CCc1c2cc(O)c(c1)C
22-de-O-acetyl-26-deoxyneoboutomellerone,CC(=O)O[C@H]1C[C@@]2([C@]([C@H]1[C@@H]([C@H](C(=O)C(=C)C(C)C)O)C)(C)CC[C@]13[C@H]2C[C@@H](O)[C@@H]2[C@]1(C3)C=CC(=O)[C@H]2C)C
mellerin B,CCCCCCCC12O[C@H]3[C@@](O1)(C[C@H](C1(O2)[C@H]3[C@@H]2O[C@@]2([C@H]([C@]2([C@H]1C=C(C2=O)C)O)O)CO)C)C(=C)C
6-hydroxystigmast-4-en-3-one,CC[C@@H](C(C)C)CC[C@H]([C@H]1CC[C@@H]2[C@]1(C)CC[C@H]1[C@H]2CC(C2=CC(=O)CC[C@]12C)O)C
"(3R,4R,5S)-4-hydroxy-5-methyl-3-tetradecanyl gamma-lactone",CCCCCCCCCCCCCC[C@@H]1C(=O)O[C@@H]([C@H]1O)C
epifriedelanol,O[C@H]1CC[C@@H]2[C@]([C@H]1C)(C)CC[C@H]1[C@@]2(C)CC[C@@]2([C@]1(C)CC[C@@]1([C@H]2CC(C)(C)CC1)C)C
friedelanol methyl ether,CO[C@]1(C)CCC2[C@]([C@H]1C)(C)CC(=C)C1[C@@]2(C)CC[C@@]2([C@]1(C)CC[C@@]1(C2CC(C)(C)CC1)C)C
"5beta,24-cyclofriedelan-3-one",O=C1CCC2[C@@]3([C@@]1(C)C3)CCC1[C@@]2(C)CC[C@@]2([C@]1(C)CC[C@@]1(C2CC(C)(C)CC1)C)C
3-epimoretenol,CC(=C)[C@@H]1CC[C@]2([C@H]1CC[C@@]1([C@@H]2CC[C@H]2[C@@]1(C)CC[C@@H]1[C@]2(C)CC[C@H](C1(C)C)O)C)C
resinone,CC(=C)[C@@H]1CC[C@]2([C@H]1[C@H]1CC[C@H]3[C@@]([C@]1(C)C[C@@H]2O)(C)CC[C@@H]1[C@]3(C)CCC(=O)C1(C)C)C
beta-sitosterol glucopyranoside,CC[C@@H](C(C)C)CC[C@H]([C@H]1CC[C@@H]2[C@]1(C)CC[C@H]1[C@H]2CC=C2[C@]1(C)CC[C@@H](C2)O[C@H]1O[C@H](CO)[C@H]([C@@H]([C@H]1O)O)O)C
amentoflavone,Oc1ccc(cc1)c1cc(=O)c2c(o1)c(c(cc2O)O)c1cc(ccc1O)c1cc(=O)c2c(o1)cc(cc2O)O
"friedelane-3,7-dione",O=C1C[C@]2(C)[C@@H](C)C(=O)CCC2[C@]2(C1[C@@]1(C)CC[C@@]3(C([C@@]1(CC2)C)CC(CC3)(C)C)C)C
megalocarpoidolide A,COC(=O)C1=CCC[C@H]2[C@@]1(C)CC[C@H]([C@]2(CCc1cocc1)C(=O)O)C
megalocarpoidolide B,COC(=O)C1=CCC[C@H]2[C@]31CC[C@H]([C@]2(C(=O)OC3)CCc1cocc1)C
megalocarpoidolide C,COC(=O)C1=CC=C[C@H]2[C@]31CC[C@H]([C@]2(C(=O)OC3)CCc1cocc1)C
crotocorylifuran,COC(=O)[C@@]12CC[C@H]([C@@]3([C@H]1CCC=C2C(=O)OC)C[C@@H](OC3=O)c1cocc1)C
12-epi-crotocorylifuran,COC(=O)[C@@]12CC[C@H]([C@@]3([C@H]1CCC=C2C(=O)OC)C[C@H](OC3=O)c1cocc1)C
8beta-hydroxycrotocorylifuran,COC(=O)[C@@]12CC[C@]([C@@]3([C@H]1CCC=C2C(=O)OC)C[C@H](OC3=O)c1cocc1)(C)O
crotocorylifuran-2-one,COC(=O)[C@@]12CC[C@H]([C@@]3([C@H]1CC(=O)C=C2C(=O)OC)C[C@H](OC3=O)c1cocc1)C
megalocarpoidolide D,COC(=O)[C@@]12CC[C@H]([C@@]3(C1=CC(=O)C=C2C(=O)OC)C[C@H](OC3=O)c1cocc1)C
"7,8-dehydrocrotocorylifuran",COC(=O)[C@@]12CC=C([C@@]3([C@H]1CCC=C2C(=O)OC)C[C@H](OC3=O)c1cocc1)C
megalocarpoidolide E,COC(=O)[C@@]12CC=C([C@@]3([C@H]1CCC(=O)[C@H]2C(=O)OC)C[C@H](OC3=O)c1cocc1)C
megalocarpoidolide F,COC(=O)[C@@]12CC=C([C@@]3([C@H]1CCC(=O)[C@H]2C(=O)OC)C[C@@H](OC3=O)c1cocc1)C
megalocarpoidolide G,COC(=O)[C@@]12CC=C([C@@]3([C@H]1CCC(=O)[C@@]2(O)C(=O)OC)C[C@H](OC3=O)c1cocc1)C
megalocarpoidolide H,COC(=O)[C@@]12CC=C([C@@]3([C@H]1CCC(=O)[C@@]2(O)C(=O)OC)C[C@@H](OC3=O)c1cocc1)C
isolophanthin E,O[C@@H]1C[C@]2(C)c3ccc(cc3CC[C@H]2C([C@H]1O)(C)C)C(O)(C)C
isolophanthin A,O[C@H]1CC[C@]2([C@H](C1(C)C)CCc1c2ccc(c1)C(O)(C)C)C
abietic acid,CC(C1=CC2=CC[C@@H]3[C@]([C@H]2CC1)(C)CCC[C@@]3(C)C(=O)O)C
"3alpha,18-dihydroxytrachylobane",OC[C@@]1(C)[C@H](O)CC[C@@]2([C@@H]1CC[C@]13[C@H]2C[C@@H]2[C@@H](C1)[C@]2(C3)C)C
ent-trachyloban-18-ol,OC[C@@]1(C)CCC[C@@]2([C@@H]1CC[C@]13[C@H]2C[C@@H]2[C@@H](C1)[C@]2(C3)C)C
ent-trachyloban-18- oic acid,OC(=O)[C@]1(C)CCC[C@]2([C@H]1CC[C@@]13[C@H]2C[C@H]2[C@@H](C1)[C@]2(C3)C)C
ent-3alpha-hydroxytrachyloban-18-al,O=C[C@@]1(C)[C@H](O)CC[C@@]2([C@@H]1CC[C@]13[C@H]2C[C@@H]2[C@@H](C1)[C@]2(C3)C)C
acetyl aleurotolic acid,CC(=O)O[C@H]1CC[C@]2([C@H](C1(C)C)CC[C@@]1([C@@H]2CC[C@@]2(C1=CC[C@@]1([C@H]2CC(C)(C)CC1)C(=O)O)C)C)C
alienusolin,CCCCCCCCCC(=O)OCC1=C[C@H]2[C@H]3[C@@](C3(C)C)(OC(=O)C)[C@@H]([C@H]([C@@]2([C@H]2[C@@H](C1)C(=O)C(=C2)C)O)C)OC(=O)CCCCCCCCC
crotonimide C,O=C(c1ccccc1)N[C@H]1CCC(=O)N(C1=O)CCc1ccccc1
julocrotine,CCC(C(=O)NC1CCC(=O)N(C1=O)CCc1ccccc1)C
monodeacetyl crotepoxide,CCC(C(C)C)/C=C/[C@H]([C@H]1CC[C@@H]2[C@]1(C)CC[C@H]1[C@H]2CCC2=CC(=O)CC[C@]12C)C
dideacetylcrotepoxide,O[C@@H]1[C@H]2O[C@H]2[C@@H]2[C@@]([C@H]1O)(COC(=O)c1ccccc1)O2
beta-senepoxide,CC(=O)O[C@H]1[C@@H](C=C[C@@H]2[C@@]1(COC(=O)c1ccccc1)O2)OC(=O)C
alpha-senepoxide,CC(=O)O[C@H]1[C@@H](C=C[C@H]2[C@]1(COC(=O)c1ccccc1)O2)OC(=O)C
"(+)-(2S,3R)-diacetoxy-1-benzoyloxymethylenecyclohex-4,6-diene",O=C(c1ccccc1)OCC1=CC=C[C@H]([C@@H]1OC(=O)C)OC(=O)C
"ent-3,13E-clerodadiene-15-formate",O=COC/C=C(/CC[C@@]1(C)[C@H](CO)CC[C@@]2([C@@H]1CCC=C2C)C)\C
"15-acetoxy-ent-3,13E-clerodadiene",OC[C@@H]1CC[C@@]2([C@@H]([C@@]1(C)CC/C(=C/COC(=O)C)/C)CCC=C2C)C
"ent-3,13E-clerodadien-15-ol",OC/C=C(/CC[C@@]1(C)[C@H](CO)CC[C@@]2([C@@H]1CCC=C2C)C)\C
hardwickiic acid,OC(=O)C1=CCC[C@@H]2[C@]1(C)CC[C@@H]([C@@]2(C)CCc1ccoc1)C
penduliflaworosin,COC(=O)[C@]1(C)CCCC2=C1CC[C@H]([C@@]12C[C@H](OC1=O)c1cocc1)C
crotohalimaneic acid,C[C@@H]1CCC2C([C@@]1(C)CCc1ccoc1)CCC[C@@]2(C)C(=O)O
"labda-13E-ene-8a,15-diol",OC/C=C(/CC[C@H]1[C@](C)(O)CC[C@@H]2[C@]1(C)CCCC2(C)C)\C
neoboutomacroin,O=C1C=C2C(=CC(=O)c3c2cc(O)c(c3)C)C1(C)C
"3,6-dihyroxy-1,7-dimethyl-9-methoxyphenanthrene",COc1cc2c(C)cc(cc2c2c1cc(C)c(c2)O)O
simplexin,CCCCCCCCC[C@@]12O[C@H]3[C@@](O1)(C[C@H]([C@@]1(O2)[C@H]3[C@@H]2O[C@@]2([C@H]([C@]2([C@H]1C=C(C2=O)C)O)O)CO)C)C(=C)C
montanin,CCCCCCCCCCCC12O[C@H]3[C@@](O1)(C[C@H]([C@@]1(O2)[C@H]3[C@@H]2O[C@@]2([C@H]([C@]2([C@H]1C=C(C2=O)C)O)O)CO)C)C(=C)C
labdane,CC[C@H](CC[C@H]1[C@@H](C)CC[C@@H]2[C@]1(C)CCCC2(C)C)C
clerodane,C[C@@H]1CC[C@@]2([C@]([C@@]1(C)CCc1cocc1)(C)CCC=C2C)C
kaurane,C[C@@H]1C[C@@]23C[C@@H]1CC[C@@H]2[C@@]1([C@@H](CC3)C(C)(C)CCC1)C
trachylobane,CC12CC34CC1C2CC3C1(C(CC4)C(C)(C)CCC1)C
pimarane,CC[C@]1(C)CC[C@H]2[C@H](C1)CC[C@@H]1[C@]2(C)CCCC1(C)C
crotomacrine,COC(=O)C1=CC=C[C@H]2[C@@H]1CC(=C1[C@]2(C)C[C@@H](OC1=O)c1cocc1)O
3beta-acetoxy tetraxer-14-en-28-oic acid,CC(=O)O[C@H]1CC[C@]2(C(C1(C)C)CC[C@@]1(C2CC[C@@]2(C1=CC[C@@]1(C2CC(C)(C)CC1)C(=O)O)C)C)C
trachyloban-19-oic acid,OC(=O)[C@@]1(C)CCC[C@@]2([C@@H]1CC[C@]13[C@H]2C[C@@H]2[C@H](C1)[C@@]2(C3)C)C
"neoclerodan-5,10-en-19,6beta,20,12-diolide",C[C@@H]1CC[C@]2([C@H]([C@@]1(C)C(=O)O)CC[C@]13[C@H]2C[C@H]2[C@@H](C1)[C@]2(C3)C)C
"3alpha,19-dihydroxy trachylobane",OC[C@]1(C)[C@H](O)CC[C@]2([C@H]1CC[C@]13[C@H]2C[C@H]2[C@@H](C1)[C@]2(C3)C)C
"3alpha,18,19-trihydroxy trachylobane",OCC1(CO)[C@H](O)CC[C@]2([C@H]1CC[C@]13[C@H]2C[C@H]2[C@@H](C1)[C@]2(C3)C)C
"5,7,2',4'-tetrahydroxy-6-(3-methylbut-2-enyl)isoflavanone",CC(=CCc1c(O)cc2c(c1O)C(=O)C(CO2)c1ccc(cc1O)O)C
"4'',5''-dihydro-5,2',4'-trihydroxy-5''-isopropenylfurano-(2'',3'';7,6)-isoflavanone",CC(=C)C1Oc2c(C1)c(O)c1c(c2)OCC(C1=O)c1ccc(cc1O)O
"4'',5''-dihydro-2'-methoxy-5,4'-dihydroxy-5''-isopropenylfurano-(2'',3'';7,6)-isoflavanone",COc1cc(O)ccc1C1COc2c(C1=O)c(O)c1c(c2)OC(C1)C(=C)C
"isoflavone 5,7,4'-trihydroxyisoflavone",Oc1ccc(cc1)c1coc2c(c1=O)c(O)cc(c2)O
laxitextine A,CC(C1=C2[C@H]3CC[C@H]4[C@@H]5[C@@H]([C@]3(C)CC[C@]2(CC1)C)O[C@H]1[C@]5(O)[C@](OC4)(O)[C@@H](CO1)O)C
laxitextine B,CC(C1=C2[C@H]3CC[C@H]4[C@@H]5[C@@H]([C@]3(C)CC[C@]2(CC1)C)O[C@H]1[C@]5(O)[C@]2(O[C@@H]4O[C@]2(CO1)O)O)C
striatal D,O=CC1=CC[C@H]2[C@@]([C@@H]3[C@@H]1[C@]1(O)[C@H](O3)OC[C@H](C1=O)O)(C)CC[C@@]1(C2=C(CC1)C(C)C)C
striatoid A,CO[C@@H]1O[C@@]2(O)[C@@H](CO[C@@H]3C2([C@@H]2C1=CC[C@H]1[C@@]([C@H]2O3)(C)CC[C@@]2(C1=C(CC2)C(C)C)C)O)OC(=O)C
striatoid B,O=CC1=C[C@H](O)[C@H]2[C@@]([C@@H]3[C@@H]1[C@]1(O)[C@H](O3)OC[C@H](C1=O)OC(=O)C)(C)CC[C@@]1(C2=C(CC1)C(C)C)C
ajugarin-1,CC(=O)OC[C@@]12[C@@H](OC(=O)C)C[C@H]([C@]([C@H]1CCC[C@@]12CO1)(C)CCC1=CC(=O)OC1)C
8-O-acetylharpagide,OC[C@H]1O[C@@H](O[C@@H]2OC=C[C@@]3([C@H]2[C@@](C)(OC(=O)C)C[C@H]3O)O)[C@@H]([C@H]([C@@H]1O)O)O
"ergosterol-5,8-endoperoxide",CC(C/C=C/C[C@H]1CC[C@@H]2[C@]1(C)CCC1[C@]32OO[C@]2([C@]1(C)CCC(C2)O)C=C3)C
camphor,O=C1CC2C(C1(C)CC2)(C)C
endo-borneol,OC1CC2C(C1(C)CC2)(C)C
ethyl isovalerate,CCOC(=O)CC(C)C
methyl chavicol,COc1ccc(cc1)CC=C
beta-selinene,C=C1CCC[C@]2([C@H]1C[C@@H](CC2)C(=C)C)C
alpha-terpinene,CC1=CC=C(CC1)C(C)C
cis-carveol,CC(=C)[C@@H]1CC=C([C@@H](C1)O)C
carvone,CC(=C)C1CC=C(C(=O)C1)C
fenchone,O=C1C2(C)CCC(C1(C)C)C2
eugenol,C=CCc1ccc(c(c1)OC)O
4-isopropylbenzaldehyde,O=Cc1ccc(cc1)C(C)C
alpha-fenchyl alcohol,O[C@@H]1[C@]2(C)CC[C@H](C1(C)C)C2
cis-verbenol,CC1=C[C@@H](O)[C@@H]2C[C@H]1C2(C)C
thujone,O=C1C[C@]2([C@@H]([C@H]1C)C2)C(C)C
otostegindiol,C[C@@H]1CC[C@@H]2[C@@]([C@@]1(O)CCc1cocc1)(C)CC[C@H](C2(C)C)O
triacontane,CCCCCCCCCCCCCCCCCCCCCCCCCCCCCC
tetracosane,CCCCCCCCCCCCCCCCCCCCCCCC
leucolactone,O=C1OC23C4C1(CC[C@@]2(C)[C@]1(C(CC3)[C@@]2(C)CC[C@](C(C2CC1)(C)C)(C)O)C)[C@@](C)(O)CC(C4)(C)C
acyl leucolactone,CC(=O)O[C@@]1(C)CC[C@]2(C(C1(C)C)CC[C@@]1(C2CCC23[C@@]1(C)CCC1(C2CC(C)(C)C[C@]1(C)OC(=O)C)C(=O)O3)C)C
diketo leucolactone,O=C1CC[C@]2(C(C1(C)C)CC[C@@]1(C2CCC23[C@@]1(C)CCC1(C2CC(C)(C)CC1=O)C(=O)O3)C)C
3beta-acetyloleanan-28-13beta-olide,CC(=O)O[C@@]1(C)CC[C@]2(C(C1(C)C)CC[C@@]1(C2CCC23[C@@]1(C)CCC1(C2CC(C)(C)CC1=O)C(=O)O3)C)C
1-dotriacontanol,CCCCCCCCCCCCCCCCCCCCCCCCCCCCCCCCO
1-hydroxytetratriacontan-4-one,CCCCCCCCCCCCCCCCCCCCCCCCCCCCCCC(=O)CCCO
32- methyltetratriacontan-8-ol,CCCCCCCC(CCCCCCCCCCCCCCCCCCCCCCCC(CC)C)O
28-hydroxypentatriacontan-7-one,CCCCCCCC(CCCCCCCCCCCCCCCCCCCCC(=O)CCCCCC)O
7-hydroxydotriacontan-2-one,CCCCCCCCCCCCCCCCCCCCCCCCCC(CCCCC(=O)C)O
linifolioside,OCC1OC(OC2CC[C@]3([C@H](C2(C)C)CC(=O)C2=C[C@@](CC[C@H]32)(C)C=C)C)C(C(C1O)O)OC1OC(C)C(C(C1O)O)O
linifolioside acetate,C=C[C@@]1(C)CC[C@H]2C(=C1)C(=O)C[C@@H]1[C@]2(C)CCC(C1(C)C)OC1OC(COC(=O)C)C(C(C1OC1OC(C)C(C(C1OC(=O)C)OC(=O)C)OC(=O)C)O)OC(=O)C
permethylate,COCC1OC(OC2CC[C@]3([C@H](C2(C)C)CC(=O)C2=C[C@@](CC[C@H]32)(C)C=C)C)C(C(C1OC)O)OC1OC(C)C(C(C1OC)OC)OC
linifoliol,C=C[C@@]1(C)CC[C@H]2C(=C1)C(=O)C[C@@H]1[C@]2(C)CC[C@@H](C1(C)C)O
linifoliol acetate,C=C[C@@]1(C)CC[C@H]2C(=C1)C(=O)C[C@@H]1[C@]2(C)CC[C@@H](C1(C)C)OC(=O)C
diketolinifoliol,C=C[C@@]1(C)CC[C@H]2C(=C1)C(=O)C[C@@H]1[C@]2(C)CCC(=O)C1(C)C
siderin,COc1cc(C)c2c(c1)oc(=O)cc2OC
coumarsabin,COc1cc(C)c2c(c1)oc(=O)c(c2OC)C
8-methoxycoumarsabin,COc1cc(C)c2c(c1OC)oc(=O)c(c2OC)C
coumarleucasin,COc1cc(C=O)c2c(c1OC)oc(=O)c(c2OC)C
leucason,CC(=Cc1ccc2c(c1C)oc(cc2=O)C)C
chromon,CCc1coc2c(c1=O)c(O)cc(c2)O
leucasin,OC[C@H]1O[C@@H](OC2C(O)C[C@]3([C@H](C2(C)C)CC[C@@]2(C3CC[C@H]3[C@@]2(C)CC[C@@]2([C@@H]3[C@@H](CC2)C(=C)C)C)C)C)[C@@H]([C@H]([C@@H]1O)O)O[C@@H]1O[C@H](CO)[C@H]([C@@H]([C@H]1O)O)O
prosapgenin,OCC1OC(OC(=O)C23CCC4(C(=CCC5C4(C)CCC4C5(C)CC(C(C4(C)C(=O)OC4OC(CO)C(C(C4O)O)O)O)O)C2CC(CC3)(C)C)CO)C(C(C1O)O)O
glycone,CC(=C)[C@H]1CC[C@@]2([C@@H]1[C@@H]1CC[C@@H]3[C@]([C@@]1(C)CC2)(C)CC[C@H]1[C@@]3(C)CC[C@H](C1(C)C)O)C
lupeol palmitate,CCCCCCCCCCCCCCCC(=O)O[C@@H]1CC[C@@]2([C@@H](C1(C)C)CC[C@]1([C@H]2CC[C@@H]2[C@]1(C)CC[C@]1([C@H]2[C@H](CC1)C(=C)C)C)C)C
peregrinone,O=C1CC[C@]2([C@@H]3[C@@]1(C)C(=O)O[C@@H]3C[C@H]([C@]2(O)CCc1ccoc1)C)C
"9alpha,13alpha,15,16-bisepoxy-3-oxolabdan-6beta,19-olide",C[C@@H]1OC[C@]2(C1)CC[C@@]1(O2)[C@H](C)C[C@@H]2[C@@H]3[C@]1(C)CCC(=O)[C@]3(C)C(=O)O2
1-hepten-3-ol,CCCCC(C=C)O
germacrene,CC1C/C=C\C(C)CCC(CC1)C(C)C
ferruginol,CC(c1cc2CC[C@@H]3[C@](c2cc1O)(C)CCCC3(C)C)C
"7,3'-dimethoxy-4',5'-methylenedioxyisoflavone",COc1ccc2c(c1)OCC(C2=O)c1cc(OC)c2c(c1)OCO2
isoerythrinin A 4'-(3-methylbut-2-enyl) ether,CC(=CCOc1ccc(cc1)c1coc2c(c1=O)ccc1c2C=CC(O1)(C)C)C
isojamaicin,COc1cc(cc2c1OCO2)c1coc2c(c1=O)ccc1c2C=CC(O1)(C)C
nordurlettone,CC(=CCOc1ccc(cc1)c1coc2c(c1=O)ccc(c2)O)C
"3-(3,4-dimethoxyphenyl)-6-methoxy-8,8-dimethyl-4H,8H-benzo[1,2-b:3,4-b']dipyran-4-one",COc1cc2c(=O)c(coc2c2c1OC(C)(C)C=C2)c1ccc(c(c1)OC)OC
6-demethyldurallone,COc1cc(ccc1OC)c1coc2c(c1=O)cc(c1c2C=CC(O1)(C)C)O
"3-(3,4-dimethoxyphenyl)-8-(3-methylbut-2-enyl)-6-methoxy-7-hydroxybenzopyran-4-one",COc1cc2c(=O)c(coc2c(c1O)CC=C(C)C)c1ccc(c(c1)OC)OC
"1beta,5alpha-dihydroxyvoucapane",OC1CCC([C@@]2([C@]1(C)[C@@H]1Cc3occc3[C@H]([C@H]1CC2)C)O)(C)C
"1beta,6beta-dihydroxyvoucapane 19beta-methyl ester",COC(=O)C1(C)CCC([C@@]2([C@@H]1C(O)C[C@H]1[C@H]2Cc2c([C@H]1C)cco2)C)O
voucapan-5-ol,C[C@@H]1[C@@H]2CC[C@@]3([C@]([C@H]2Cc2c1cco2)(C)CCCC3(C)C)O
deoxycaesaldekarin C,COC(=O)C1(C)CCCC2(C1CCC1C2Cc2c(C1C)cco2)C
caesaldekarin C,COC(=O)[C@@]1(C)CCC[C@]2([C@@]1(O)CC[C@@H]1[C@@H]2Cc2c([C@@H]1C)cco2)C
5-hydroxyvinhaticoic acid,OC(=O)C1(C)CCC[C@@]2([C@]1(O)CC[C@H]1[C@H]2Cc2c([C@H]1C)cco2)C
triacontanyl-(E)-ferulate,CCCOC(=O)/C=C/c1ccc(c(c1)OC)O
triacontanyl-(E)-caffaete,CCCOC(=O)/C=C/c1ccc(c(c1)O)O
30'-hydroxytriacontanyl-(E)-ferulate,OCCCOC(=O)/C=C/c1ccc(c(c1)OC)O
"(6aR,12aS)-2,3-methylenedioxy-9-methoxy-8-(3,3-dimethylallyl)-12a-hydroxyrotenoid",COc1ccc2c(c1CC=C(C)C)O[C@H]1[C@@](C2=O)(O)c2cc3OCOc3cc2OC1
usararotenoid A,O=C1c2ccc3c(c2O[C@H]2[C@@]1(O)c1cc4OCOc4cc1OC2)OCO3
12a-epimillettosin,O=C1c2ccc3c(c2O[C@H]2[C@@]1(O)c1cc4OCOc4cc1OC2)C=CC(O3)(C)C
"6a,12a-dehydromillettone",O=c1c2c(COc3c2cc2OCOc2c3)oc2c1ccc1c2C=CC(O1)(C)C
barbigerone,COc1cc(OC)c(cc1c1coc2c(c1=O)ccc1c2C=CC(O1)(C)C)OC
4'-O-geranylisoliquiritigenin,C/C(=C\COc1ccc(c(c1)O)C(=O)/C=C/c1ccc(cc1)O)/CCC=C(C)C
(+)-12-dihydrousararotenoid-A,O[C@@H]1c2ccc3c(c2O[C@H]2[C@@]1(O)c1cc4OCOc4cc1OC2)OCO3
(+)-usararotenoid-B,COc1c(OC)ccc2c1O[C@@H]1COc3c([C@]1(C2=O)O)cc1c(c3)OCO1
"alpha,4,2'-trihydroxy-4'-O-geranyldihydrochalcone",C/C(=C\COc1ccc(c(c1)O)C(=O)C(Cc1ccc(cc1)O)O)/CC=C(C)C
norisojamicin,Oc1cc(cc2c1OCO2)c1coc2c(c1=O)ccc1c2C=CC(O1)(C)C
4-O-geranylcinnamyl acetate,C/C(=C\COc1ccc(cc1)/C=C/COC(=O)C)/CC=C(C)C
"5,7-dihydroxy-4'-methoxy-3′,5′-di-(3-methylbut-2-enyl)flavanone",COc1c(CC=C(C)C)cc(cc1CC=C(C)C)[C@@H]1CC(=O)c2c(O1)cc(cc2O)O
"5,7-dihydroxy-4'-methoxy-3′-(3-hydroxy-3-methylbut-1-enyl)-5′-(3-methylbut-2-enyl)flavanone",CC(=CCc1cc(cc(c1O)CC=C(C)C)[C@@H]1CC(=O)c2c(O1)cc(cc2O)O)C
burttinone,COc1c(CC=C(C)C)cc(cc1/C=C/C(O)(C)C)[C@@H]1CC(=O)c2c(O1)cc(cc2O)O
calopocarpin,CC(=CCc1cc2c(cc1O)OC[C@@H]1[C@H]2Oc2c1ccc(c2)O)C
neorautenol,Oc1ccc2c(c1)O[C@@H]1[C@H]2COc2c1cc1C=CC(Oc1c2)(C)C
sigmoidin B-4'-methyl ether,COc1c(O)cc(cc1CC=C(C)C)[C@@H]1CC(=O)c2c(O1)cc(cc2O)O
bidwillon A,CC(=CCc1cc2C(=O)C(COc2c(c1O)CC=C(C)C)c1ccc(cc1O)O)C
isobavachalcone,CC(=CCc1c(O)ccc(c1O)C(=O)/C=C/c1ccc(cc1)O)C
erythrinasinate,CCCCCCCCCCCCCCCCCCCCCCCCCCCCOC(=O)/C=C/c1ccc(c(c1)OC)O
"7,4'-dihydroxy-2'-methoxy-6-(1"",1""-dimethylallyl)isoflav-3-ene",C=CC(c1cc2C=C(COc2cc1O)c1ccc(cc1OC)O)(C)C
"4'-hydroxy-2'-methoxy-2"",2""-dimethylpyrano[5"",6"":8,7]isoflav-3-ene",COc1cc(O)ccc1C1=CCOc2c1ccc1c2C=CC(O1)(C)C
"7,4'-dihydroxy-2'-methoxy-8-(3"",3""-dimethylallyl)isoflav-3-ene",COc1cc(O)ccc1C1=Cc2c(OC1)c(CC=C(C)C)c(cc2)O
"2-arylbenzofuran, 6,4'-dihydroxy-2'-methoxy-5-(1"",1""-dimethylallyl)-2-arylbenzofuran",COc1cc(O)ccc1c1oc2c(c1)cc(c(c2)O)C(C=C)(C)C
bidwillol A,COc1c(ccc(c1CC=C(C)C)O)C1=Cc2c(OC1)cc(cc2)O
erybraedin A,CC(=CCc1c(O)ccc2c1OCC1C2Oc2c1ccc(c2CC=C(C)C)O)C
erythrabyssin II,CC(=CCc1cc2c(cc1O)OC[C@@H]1[C@H]2Oc2c1ccc(c2CC=C(C)C)O)C
phaseollidin,CC(=CCc1c(O)ccc2c1O[C@@H]1[C@H]2COc2c1ccc(c2)O)C
phaseollin,Oc1ccc2c(c1)OC[C@@H]1[C@H]2Oc2c1ccc1c2C=CC(O1)(C)C
"5,2',4'-trihydroxy-7-methoxy-6-(3-methylbut-2-enyl)isoflavone",COc1cc2occ(c(=O)c2c(c1CC=C(C)C)O)c1ccc(cc1O)O
"5,7-dihydroxy-4'-methoxy-3'-(3-methylbutadienyl)-5'-(3-methylbut-2-enyl)flavanone",COc1c(CC=C(C)C)cc(cc1/C=C/C(=C)C)[C@@H]1CC(=O)c2c(O1)cc(cc2O)O
8-prenylluteone,CC(=CCc1c(O)c(CC=C(C)C)c2c(c1O)c(=O)c(co2)c1ccc(cc1O)O)C
3-O-methylcalopocarpin,COc1cc2OC[C@@H]3[C@H](c2cc1CC=C(C)C)Oc1c3ccc(c1)O
sigmoidin B 4'-methylether diacetate,COc1c(CC=C(C)C)cc(cc1OC(=O)C)C1CC(=O)c2c(O1)cc(cc2O)OC(=O)C
calopocarpin diacetate,CC(=CCc1cc2c(cc1OC(=O)C)OCC1C2Oc2c1ccc(c2)OC(=O)C)C
"(R)-5,7-dihydroxy-2',4',5'-trimethoxyisoflavanone",COc1cc(OC)c(cc1[C@@H]1COc2c(C1=O)c(O)cc(c2)O)OC
"(R)-5-hydroxy-2',4',5'-trimethoxy-2"",2""-dimethylpyrano[5"",6"":6,7]isoflavanone",COc1cc(OC)c(cc1[C@@H]1COc2c(C1=O)c(O)c1c(c2)OC(C=C1)(C)C)OC
shinpterocarpin,Oc1ccc2c(c1)O[C@@H]1[C@H]2COc2c1ccc1c2C=CC(O1)(C)C
"2,3-dehydrokievitone",CC(=CCc1c(O)cc(c2c1occ(c2=O)c1ccc(cc1O)O)O)C
"5,7-dihydroxy-2',4',5'-trimethoxyisoflavone",COc1cc(OC)c(cc1c1coc2c(c1=O)c(O)cc(c2)O)OC
"5,7-dihydroxy-4'-methoxy3′-(3-methylbut-2-enyl)isoflavone",COc1ccc(cc1CC=C(C)C)C1COc2c(C1=O)c(O)cc(c2)O
"5,7,3'-trihydroxy-4'-methoxy-5'-(3-methylbut-2-enyl)isoflavone",COc1c(O)cc(cc1CC=C(C)C)C1COc2c(C1=O)c(O)cc(c2)O
"5,7,3'-trihydroxy-4'-methoxy-5'-formylisoflavone",COc1c(O)cc(cc1C=O)C1COc2c(C1=O)c(O)cc(c2)O
presengulone,COC1=CC(=O)c2c(C1=O)c(c1c(OC)cc3c(c1O)c(O)c1c(c3)CC(CC1=O)(C)O)c1c(c2O)c(O)cc(c1)C
physcion,COc1cc(O)c2c(c1)C(=O)c1c(C2=O)c(O)cc(c1)C
physcion bianthrone,COc1cc(O)c2c(c1)C(c1c(C2=O)c(O)cc(c1)C)C1c2cc(C)cc(c2C(=O)c2c1cc(OC)cc2O)O
xanthorin,COc1cc(O)c2c(c1O)C(=O)c1c(C2=O)c(O)cc(c1)C
floribundone-1,COc1cc2C(=O)c3cc(C)cc(c3C(=O)c2c(c1c1c(OC)cc(c2c1C(=O)c1cc(C)cc(c1C2=O)O)O)O)O
isosengulone,COc1cc(O)c2c(c1)c(c1c(OC)cc3c(c1O)C(=O)c1c(C3=O)cc(cc1O)C)c1c(c2O)C(=O)C=C(C1=O)C
sengulone,COC1=CC(=O)c2c(C1=O)c(c1c(OC)cc3c(c1O)C(=O)c1c(C3=O)cc(cc1O)C)c1c(c2O)c(O)cc(c1)C
"anhydrophlegmacin-9,10-quinones A2",COc1cc(O)c2c(c1)c(c1c(OC)cc3c(c1O)C(=O)c1c(C3=O)cc(cc1O)C)c1c(c2O)C(=O)[C@](CC1)(C)O
"anhydrophlegmacin-9,10-quinones B2",COc1cc(O)c2c(c1)c(c1c(OC)cc3c(c1O)C(=O)c1c(C3=O)cc(cc1O)C)c1c(c2O)C(=O)[C@@](CC1)(C)O
"N1,N8-dibenzoylspermidine",O=C(c1ccccc1)NCCCCNCCCNC(=O)c1ccccc1
"5,7'-physcion-physcionanthrone",COc1cc2c(c(c1c1c(OC)cc(c3c1Cc1cc(C)cc(c1C3=O)O)O)O)C(=O)c1c(C2=O)cc(cc1O)C
emodin,Cc1cc(O)c2c(c1)C(=O)c1c(C2=O)c(O)cc(c1)O
10-hydroxy-10-(physcion-7'-yl)-chrysophanol anthrone,COc1cc2C(=O)c3cc(C)cc(c3C(=O)c2c(c1C1(O)c2c(O)cc(cc2C(=O)c2c1c(O)c(c(c2)OC)C)C)O)O
"5,10-dihydroxy-2-methyl-9-(physcion-7'-yl)-1,4-anthraquinone",COc1cc2c(c(c1c1c3C(=O)C(=CC(=O)c3c(c3c1cccc3O)O)C)O)C(=O)c1c(C2=O)cc(cc1O)C
torosachrysone,COc1cc2cc3CC(C)(O)CC(=O)c3c(c2c(c1)O)O
anhydrophlegmacin,COc1cc(O)c2c(c1)c(c1c(OC)cc3c(c1O)C(=O)c1c(C3)cc(cc1O)C)c1c(c2O)C(=O)CC(C1)(C)O
"5,7'-physcion-fallacinol",OCc1cc(O)c2c(c1)C(=O)c1c(C2=O)c(O)c(c(c1)OC)c1c(OC)cc(c2c1C(=O)c1cc(C)cc(c1C2=O)O)O
physcion-8-O-galactoside,OC[C@H]1O[C@@H](Oc2cc(C)cc3c2C(=O)c2c(C3=O)cc(cc2O)OC)[C@@H]([C@H]([C@H]1O)O)O
rhein,Oc1cc(cc2c1C(=O)c1c(C2=O)cccc1O)C(=O)O
"torosanin-9',10'-quinone",COc1cc2c(c(c1c1c(OC)cc(c3c1cc1C[C@](C)(O)CC(=O)c1c3O)O)O)C(=O)c1c(C2=O)cc(cc1O)C
"anhydrophlegmacin-9',10'-quinone",COc1cc(O)c2c(c1)c(c1c(OC)cc3c(c1O)C(=O)c1c(C3=O)cc(cc1O)C)c1c(c2O)C(=O)CC(C1)(C)O
deguelin,COc1cc2c(cc1OC)OC[C@@H]1[C@H]2C(=O)c2c(O1)c1C=CC(Oc1cc2)(C)C
tephrosin,COc1cc2c(cc1OC)OC[C@@H]1[C@@]2(O)C(=O)c2c(O1)c1C=CC(Oc1cc2)(C)C
millettone,O=C1c2ccc3c(c2O[C@H]2[C@@H]1c1cc4OCOc4cc1OC2)C=CC(O3)(C)C
millettosine,O=C1c2ccc3c(c2OC2C1(O)c1cc4OCOc4cc1OC2)C=CC(O3)(C)C
7a-O-methyldeguelol,COc1cc2c(cc1OC)OCCC2C(=O)c1ccc2c(c1O)C=CC(O2)(C)C
alpha-toxicarol,COc1cc2OC[C@@H]3[C@H](c2cc1OC)C(=O)c1c(O3)c2C=CC(Oc2cc1O)(C)C
7a-O-methyl-12a-hydroxydeguelol,COc1c(ccc2c1C=CC(O2)(C)C)C(=O)C1(O)CCOc2c1cc(OC)c(c2)OC
spiro-13-homo-13-oxaelliptone,COc1cc2OC3(CCOc2cc1OC)Oc1c(C3=O)ccc2c1cco2
"6,7-dimethoxy-4-chromanone",COc1cc2C(=O)CCOc2cc1OC
rotenone,COc1cc2c(cc1OC)OC[C@@H]1[C@H]2C(=O)c2c(O1)c1C[C@@H](Oc1cc2)C(=C)C
dehydrodeguelin,COc1cc2c(cc1OC)OCc1c2c(=O)c2c(o1)c1C=CC(Oc1cc2)(C)C
5-prenylbutein,CC(=CCc1cc(/C=C/C(=O)c2ccc(cc2O)O)cc(c1O)O)C
homobutein,COc1cc(/C=C/C(=O)c2ccc(cc2O)O)ccc1O
licoagrochalcone A,CC(=CCc1cc(/C=C/C(=O)c2ccc(cc2O)O)ccc1O)C
5-deoxyabyssinin II,COc1cc(cc(c1O)CC=C(C)C)[C@@H]1CC(=O)c2c(O1)cc(cc2)O
abyssinin III,CC(=CCc1c(cc(c(c1CC=C(C)C)O)O)[C@@H]1CC(=O)c2c(O1)cc(cc2O)O)C
abyssinone IV,CC(=CCc1cc(cc(c1O)CC=C(C)C)C1CC(=O)c2c(O1)cc(cc2)O)C
sigmoidin A,CC(=CCc1c(cc(c(c1O)O)CC=C(C)C)[C@@H]1CC(=O)c2c(O1)cc(cc2O)O)C
sigmoidin B,CC(=CCc1cc(cc(c1O)O)[C@@H]1CC(=O)c2c(O1)cc(cc2O)O)C
sigmoidin C,Oc1cc2O[C@@H](CC(=O)c2c(c1)O)c1cc(O)c2c(c1)C=CC(O2)(C)C
sigmoidin E,CC(=CCc1cc(cc2c1OC(C)(C)C=C2)[C@@H]1CC(=O)c2c(O1)cc(cc2O)O)C
3-hydroxy-9-methoxy-10-prenylpterocarpene,COc1ccc2c(c1OC=C(C)C)oc1c2COc2c1ccc(c2)O
"7,4'-dihydroxy-2',5'-dimethoxyisoflav-3-ene",COc1cc(O)c(cc1C1=Cc2c(OC1)cc(cc2)O)OC
abyssinoflavone V,Oc1cc2O[C@@H](CC(=O)c2c(c1)O)c1ccc2c(c1)C=CC(O2)(C)C
abyssinoflavone VI,CC(=CCc1cc(cc(c1O)CC(C(=C)C)O)[C@@H]1CC(=O)c2c(O1)cc(cc2O)O)C
sigmoidin F,CC(=CCc1c(cc2c(c1O)OC(C=C2)(C)C)[C@H]1CC(=O)c2c(O1)cc(cc2O)O)C
abyssinin II,COc1cc(cc(c1O)CC=C(C)C)[C@@H]1CC(=O)c2c(O1)cc(cc2O)O
3'-prenylnaringenin,CC(=CCc1cc(ccc1O)c1cc(=O)c2c(o1)cc(cc2O)O)C
abyssinin I,COc1cc(cc2c1OC(C)(C)C=C2)C1CC(=O)c2c(O1)cc(cc2O)O
abyssinone-VI,CC(=CCc1cc(/C=C/C(=O)c2ccc(cc2O)O)cc(c1O)CC=C(C)C)C
8-methoxyneorautenol,COc1cc2c(cc1O)OC1C2COc2c1cc1c(c2)OC(C=C1)(C)C
eryvarin L,COc1cc(O)c(cc1c1oc2c(c1)ccc(c2)O)OC
erycristagallin,CC(=CCc1cc2c(cc1O)OCc1c2oc2c1ccc(c2CC=C(C)C)O)C
4'-O-methylsigmoidin B,COc1c(O)cc(cc1CC=C(C)C)C1CC(=O)c2c(O1)cc(cc2O)O
6alpha-hydroxy-alpha-toxicarol,COc1cc2O[C@@H](O)[C@@H]3[C@H](c2cc1OC)C(=O)c1c(O3)c2C=CC(Oc2cc1O)(C)C
sumatrol,COc1cc2OC[C@@H]3[C@H](c2cc1OC)C(=O)c1c(O3)c2C[C@@H](Oc2cc1O)C(=C)C
12a-hydroxy-alpha-toxicarol,COc1cc2OC[C@@H]3[C@@](c2cc1OC)(O)C(=O)c1c(O3)c2C=CC(Oc2cc1O)(C)C
villosinol,COc1cc2OCC3C(c2cc1OC)(O)C(=O)c1c(O3)c2CC(Oc2cc1O)C(=C)C
(+)-tephrodin,COc1cc2OC[C@@H]3[C@@](c2c2c1c(=O)cc(o2)c1ccccc1)(OC(=O)C)C(=O)C(O3)(C)C
tachrosin,COc1cc(OC)c2c(c1C1=COC(C1=O)(C)C)oc(cc2=O)c1ccccc1
obovatin methyl ether,COc1cc2OC(C)(C)C=Cc2c2c1C(=O)CC(O2)c1ccccc1
derrone,Oc1ccc(cc1)c1coc2c(c1=O)c(O)cc1c2C=CC(O1)(C)C
terpurinflavone,CC(=O)Oc1ccc2c(c1[C@H]1COC([C@H]1OC(=O)C)(C)C)OC(CC2=O)c1ccccc1
lanceolatin A,COc1ccc2c(c1/C=C/C(O)(C)C)oc(cc2=O)c1ccccc1
(-)-semiglabrin,CC(=O)O[C@H]1[C@H]2[C@@H](OC1(C)C)Oc1c2c2oc(cc(=O)c2cc1)c1ccccc1
lanceolatin B,O=c1cc(oc2c1ccc1c2cco1)c1ccccc1
pterocarpan,c1ccc2c(c1)C1Oc3c(C1CO2)cccc3
3'-(2-hydroxy-3-methylbuten-3-yl)-biochanin A,COc1ccc(cc1CC(C(=C)C)O)c1coc2c(c1=O)c(O)cc(c2)O
"5,7-dihydroxy-3-[3-hydroxy-4-methoxy-5[(E)-3-methylbuta-1,3-dienyl]phenyl-1- benzopyran-4-one",COc1c(O)cc(cc1/C=C/C(=C)C)c1coc2c(c1=O)c(O)cc(c2)O
"5,7,3'-trihydroxy-4'-methoxy-5'-(3-hydroxy-3-methylbuten-1-yl]isoflavanone",COc1c(O)cc(cc1/C=C/C(O)(C)C)c1coc2c(c1=O)c(O)cc(c2)O
"5,7-dihydroxy-4'-methoxy-3'-(2,3-dihydroxy-3-methylbutyl)isoflavone",COc1ccc(cc1CC(C(O)(C)C)O)c1coc2c(c1=O)c(O)cc(c2)O
4'-O-methylabyssinone V,Cn1nncc1CNCCn1nncc1
5'-methoxy-3'-(3-methylbut-2-enyl)biochanin A,COc1c(CC=C(C)C)cc(cc1OC)c1coc2c(c1=O)c(O)cc(c2)O
3'-(3-methylbut-2-enyl)biochanin A,COc1ccc(cc1CC=C(C)C)c1coc2c(c1=O)c(O)cc(c2)O
"5,7-dihydroxy-3',4',5'-trimethoxyisoflavone",COc1cc(cc(c1OC)OC)c1coc2c(c1=O)c(O)cc(c2)O
"7,2'-dimethoxy-4',5'-methylenedioxyisoflavone",COc1cc2OCOc2cc1c1coc2c(c1=O)ccc(c2)OC
3'-O-methylpratensein,COc1cc(ccc1OC)c1coc2c(c1=O)c(O)cc(c2)O
parvisoflavone B,Oc1ccc(c(c1)O)c1coc2c(c1=O)c(O)c1c(c2)OC(C=C1)(C)C
"6-hydroxy-5,7,4'-trimethoxyflavanone",COc1ccc(cc1)C1CC(=O)c2c(O1)cc(c(c2OC)O)OC
6-methoxyhamiltone A,COc1ccc(cc1)C1CC(=O)c2c(O1)cc(c(c2OC)OC)OC
"5,6,7,4'-tetramethoxyflavone",COc1ccc(cc1)c1cc(=O)c2c(o1)c(OC)c(cc2OC)OC
"3',4',5,6,7-pentamethoxyflavone",COc1ccc(cc1OC)c1cc(=O)c2c(o1)cc(c(c2OC)OC)OC
"6'-hydroxy-2',3',4,4'-tetra-methoxychalcone",COc1ccc(cc1)/C=C/C(=O)c1c(O)cc(c(c1OC)OC)OC
sarcolobine,COc1cc2c(cc1OC)OC[C@@H]1[C@@]2(O)C(=O)c2c(O1)c1c(cc2)OC2C1C2(C)C
isorhamnetin 3-O-galactoside,OCC1OC(Oc2c(oc3c(c2=O)c(O)cc(c3)O)c2ccc(c(c2)OC)O)C(C(C1O)O)O
isorhamnetin 3-O-glucoside,OC[C@H]1O[C@@H](Oc2c(oc3c(c2=O)c(O)cc(c3)O)c2ccc(c(c2)OC)O)[C@@H]([C@H]([C@@H]1O)O)O
"(2S)-5,7-dimethoxy-8-(3-hydroxy-3-methylbut-1Z-enyl)flavanone",COc1cc(OC)c2c(c1/C=C/C(O)(C)C)OC(CC2=O)c1ccccc1
"(2S)-5,7-dimethoxy-8-(3-methylbut-1,3-dienyl)flavanone",COc1cc(O)c2c(c1/C=C/C(=C)C)O[C@@H](CC2=O)c1ccccc1
"(2S)-4'-hydroxy-5-methoxy-6'',6''-dimethylpyrano[2'',3'':7,8]flavanone",COc1cc2OC(C)(C)C=Cc2c2c1C(=O)C[C@H](O2)c1ccc(cc1)O
"(2S)-5-methoxy-6'',6''-dimethyl-4'',5''-dihydrocyclopropa[4'',5'']furano[2'',3'':7,8]flavanone",COc1cc2OC3C(c2c2c1C(=O)C[C@H](O2)c1ccccc1)C3(C)C
quercetin 3-O-robinobioside,Oc1cc(O)c2c(c1)oc(c(c2=O)O[C@@H]1OC(CO[C@@H]2OC(C)[C@@H]([C@@H](C2O)O)O)[C@@H](C(C1O)O)O)c1ccc(c(c1)O)O
quercetin 3-O-rutinoside,Oc1cc(O)c2c(c1)oc(c(c2=O)OC1OC(COC2OC(C)C(C(C2O)O)O)C(C(C1O)O)O)c1ccc(c(c1)O)O
quercetin 3-O-galactoside,Oc1cc(O)c2c(c1)oc(c(c2=O)O[C@@H]1O[C@@H](C)[C@H]([C@H]([C@@H]1O)O)O)c1ccc(c(c1)O)O
quercetin 3-O-glucoside,OCC1O[C@@H](Oc2c(oc3c(c2=O)c(O)cc(c3)O)c2ccc(c(c2)O)O)C([C@H]([C@@H]1O)O)O
quercetin 3-O-pentoside,OC[C@]1(O)CO[C@H](C1O)Oc1c(oc2c(c1=O)c(O)cc(c2)O)c1ccc(c(c1)O)O
(2S)-7-hydroxy-5-methoxy-8-prenylflavanone,COc1cc(O)c(c2c1C(=O)C[C@H](O2)c1ccccc1)CC=C(C)C
"(2R,3R)-3-hydroxy-5-methoxy-6'',6''-dimethylpyrano[2'',3'':7,8]flavanone",COc1cc2OC(C)(C)C=Cc2c2c1C(=O)[C@H](O)[C@H](O2)c1ccccc1
"5,7-dimethoxy-8-(3-hydroxy-3-methylbut-1Z-enyl)flavone",COc1cc(OC)c2c(c1/C=C\C(O)(C)C)oc(cc2=O)c1ccccc1
3-O-alpha-rhamnopyranosyl(1→6)-beta-galactopyranoside-7-O-alpha-rhamnopyranoside 6-hydroxykaempferol 6-methyl ether,COc1c(OC2O[C@H](C)[C@H]([C@@H]([C@@H]2O)O)O)cc2c(c1O)c(=O)c(c(o2)c1ccc(cc1)O)OC1O[C@H](COC2O[C@H](C)[C@H]([C@@H]([C@@H]2O)O)O)[C@@H]([C@@H]([C@H]1O)O)O
3-O-alpha-rhamnopyranosyl(1→2)[alpha-rhamnopyranosyl(1→6)]-beta-galactopyranoside 6-hydroxykaempferol 6-methyl ether,COc1c(O)cc2c(c1O)c(=O)c(c(o2)c1ccc(cc1)O)OC1O[C@H](COC2O[C@H](C)[C@H]([C@@H]([C@@H]2O)O)O)[C@@H]([C@@H]([C@H]1OC1O[C@H](C)[C@H]([C@@H]([C@@H]1O)O)O)O)O
3-O-alpha-rhamnopyranosyl(1→2)[alpha-rhamnopyranosyl(1→6)]-beta-galactopyranoside-7-O-alpha-rhamnopyranoside 6-hydroxykaempferol 6-methyl ether,COc1c(OC2O[C@H](C)[C@H]([C@@H]([C@@H]2O)O)O)cc2c(c1O)c(=O)c(c(o2)c1ccc(cc1)O)OC1O[C@H](COC2O[C@H](C)[C@H]([C@@H]([C@@H]2O)O)O)[C@@H]([C@@H]([C@H]1OC1O[C@H](C)[C@H]([C@@H]([C@@H]1O)O)O)O)O
3-O-alpha-rhamnopyranosyl(1→2)[(3-O-E-feruloyl)-alpha-rhamnopyranosyl(1→6)]-beta-galactopyranoside 6-hydroxykaempferol 6-methyl ether,COc1c(OC2O[C@H](C)[C@H]([C@@H]([C@@H]2O)O)O)cc2c(c1O)c(=O)c(c(o2)c1ccc(cc1)O)OC1O[C@H](COC2O[C@H](C)[C@H]([C@@H]([C@@H]2O)O)OC(=O)/C=C/c2ccc(c(c2)OC)O)[C@@H]([C@@H]([C@H]1OC1O[C@H](C)[C@H]([C@@H]([C@@H]1O)O)O)O)O
"(S)-5,7-dihydroxy-2',4'-dimethoxy-3'-(3''-methylbut-2''-enyl)-isoflavanone",COc1ccc(c(c1CC=C(C)C)OC)[C@H]1COc2c(C1=O)c(O)cc(c2)O
"(±)-5,7,2'-trihydroxy-4'-methoxy-3'-(3''-methylbut-2''-enyl)-isoflavanone",COc1ccc(c(c1CC=C(C)C)O)[C@H]1COc2c(C1=O)c(O)cc(c2)O
rinderine,O[C@H]1CCN2[C@@H]1C(=CC2)COC(=O)[C@@]([C@H](O)C)(C(C)C)O
"5,7-dihydroxy-4'-methoxy-2''-(2'''-hydroxyisopropyl)-dihydrofurano-[4'',5'':3',2']-isoflavanone",COc1ccc(c2c1CC(O2)C(O)(C)C)[C@H]1COc2c(C1=O)c(O)cc(c2)O
"5,7,2',3''-tetrahydroxy-2'',2''-dimethyldihydropyrano-[5'',6'':3',4']-isoflavanone",Oc1cc(O)c2c(c1)OC[C@@H](C2=O)c1ccc2c(c1O)CC(C(O2)(C)C)O
sophoraisoflavanone A,COc1c(ccc(c1CC=C(C)C)O)C1COc2c(C1=O)c(O)cc(c2)O
glyasperin F,Oc1cc(O)c2c(c1)OCC(C2=O)c1ccc(c2c1OC(C)(C)C=C2)O
formononetin,COc1ccc(cc1)c1coc2c(c1=O)ccc(c2)O
kumatakenin,COc1c(oc2c(c1=O)c(O)cc(c2)OC)c1ccc(cc1)O
betulin,OC[C@]12CC[C@H]([C@@H]1[C@@H]1[C@](CC2)(C)[C@]2(C)CC[C@@H]3[C@]([C@H]2CC1)(C)CC[C@@H](C3(C)C)O)C(=C)C
(S)-elatadihydrochalcone,COc1cc2OC(C)(C)C=Cc2c(c1C(=O)C[C@@H](c1ccccc1)O)O
obovatachalcone,COc1cc2OC(C)(C)C=Cc2c(c1C(=O)/C=C/c1ccccc1)O
obovatin,O=C1CC(Oc2c1c(O)cc1c2C=CC(O1)(C)C)c1ccccc1
"5,6-dehydrolupanine",O=C1CCC=C2N1C[C@@H]1C[C@H]2CN2[C@H]1CCCC2
anagyrine,O=c1cccc2n1C[C@H]1C[C@@H]2CN2[C@@H]1CCCC2
cytisine,O=c1cccc2n1C[C@@H]1CNC[C@H]2C1
baptifoline,O[C@H]1CCN2[C@H](C1)[C@@H]1C[C@@H](C2)c2n(C1)c(=O)ccc2
N-methylcytisine,O=CN1CC2CC(C1)c1n(C2)c(=O)ccc1
lupanine,O=C1CCC[C@H]2N1C[C@@H]1C[C@H]2CN2[C@H]1CCCC2
ammodendrine,CC(=O)N1CCCC(=C1)[C@H]1CCCCN1
N-acetylcytisine,CC(=O)N1CC2CC(C1)c1n(C2)c(=O)ccc1
sparteine,C1CC[C@@H]2N(C1)C[C@@H]1C[C@H]2CN2[C@@H]1CCCC2
rhombifoline,C=CCCN1C[C@@H]2C[C@@H](C1)c1n(C2)c(=O)ccc1
6beta-hydroxylupanine,O=C1CCC[C@H]2N1C(O)[C@@H]1C[C@@H]2CN2[C@H]1CCCC2
"3-(4-methoxyphenyl)-6-methoxy-8,8-dimethyl-4H,8H-benzo[1,2-b:3,4-b']dipyran-4-one",COc1cc2c(=O)c(coc2c2c1OC(C)(C)C=C2)c1ccc(cc1)OC
ferrugone,COc1c2OCOc2c(cc1c1coc2c(c1=O)ccc1c2C=CC(O1)(C)C)OC
jamaicin,COc1cc2OCOc2cc1c1coc2c(c1=O)ccc1c2C=CC(O1)(C)C
7-hydroxy-4'-methoxy-3'-prenylisoflavone,COc1ccc(cc1CC=C(C)C)c1coc2c(c1=O)ccc(c2)O
corylin,Oc1ccc2c(c1)occ(c2=O)c1ccc2c(c1)C=CC(O2)(C)C
erysubin F,CC(=CCc1cc(ccc1O)c1coc2c(c1=O)ccc(c2CC=C(C)C)O)C
3'-prenylbiochanin,COc1c(O)cc(cc1CC=C(C)C)c1coc2c(c1=O)c(OC)cc(c2)O
5'-formylpratensein,O=Cc1cc(ccc1OC)c1coc2c(c1=O)c(O)cc(c2)O
postratol,CC(=CCc1c2O[C@@H](CC(=O)c2cc(c1O)CC=C(C)C)c1ccc(c(c1)CC=C(C)C)O)C
"(6aR,11aR )-7,8,9-trimethoxy-3-hydroxypterocarpan",COc1c(OC)cc2c(c1OC)[C@H]1COc3c([C@H]1O2)ccc(c3)O
3-O-prenylmaackiain,CC(=CCOc1ccc2c(c1)OC[C@H]1[C@@H]2Oc2c1cc1c(c2)OCO1)C
calopogonium isoflavone B,O=c1c(coc2c1ccc1c2C=CC(O1)(C)C)c1ccc2c(c1)OCO2
maximaisoflavone B,CC(=CCOc1ccc2c(c1)occ(c2=O)c1ccc2c(c1)OCO2)C
durmillone,COc1cc2c(=O)c(coc2c2c1OC(C)(C)C=C2)c1ccc2c(c1)OCO2
"7-hydroxy-8,3',4'-trimethoxyisoflavone",COc1cc(ccc1OC)c1coc2c(c1=O)ccc(c2OC)O
calopogonium isoflavone A,COc1ccc(cc1)c1coc2c(c1=O)ccc1c2C=CC(O1)(C)C
"6a,12a-dehydrodeguelin",COc1cc2Oc3c(COc2cc1OC)oc1c(c3=O)ccc2c1C=CC(O2)(C)C
(S)-lupinifolin 4'-methyl ether,COc1ccc(cc1)[C@@H]1CC(=O)c2c(O1)c(CC=C(C)C)c1c(c2O)C=CC(O1)(C)C
lupinifolin,CC(=CCc1c2OC(CC(=O)c2c(c2c1OC(C)(C)C=C2)O)c1ccc(cc1)O)C
"6,7-dimethyl-4-chromanone",O=C1CCOc2c1cc(C)c(c2)C
4'-prenyloxyderrone,CC(=CCOc1ccc(cc1)c1coc2c(c1=O)c(O)cc1c2C=CC(O1)(C)C)C
8-O-methylretusin,COc1ccc(cc1)c1coc2c(c1=O)ccc(c2OC)O
maximaisoflavone H,COc1ccc(cc1)c1coc2c(c1=O)ccc1c2OCO1
maximaisoflavone J,COc1ccc(cc1)c1coc2c(c1=O)ccc(c2)OCC=C(C)C
afrormosin,COc1ccc(cc1)c1coc2c(c1=O)cc(c(c2)O)OC
wistin,OC[C@H]1O[C@@H](Oc2cc3occ(c(=O)c3cc2OC)c2ccc(cc2)OC)[C@@H]([C@H]([C@@H]1O)O)O
chrysin,Oc1cc(O)c2c(c1)oc(cc2=O)c1ccccc1
milldurone,COc1cc2c(cc1OC)occ(c2=O)c1cc2OCOc2cc1OC
"7,3'-dimethoxy-4',5'-methylenedioxyisoflavone",COc1ccc2c(c1)occ(c2=O)c1cc(OC)c2c(c1)OCO2
"5,14-dimethylbudmunchiamine L1",CCC1OC(=O)C(C)C(OC2OC(C)C(C(C2)(C)OC)O)C(C)C(OC2OC(C)CC(C2O)N(C)C)C(CC(C(=O)C(C(C1(C)O)O)C)C)(C)O
6-hydroxybudmunchiamine K,CCCCCCCCCC(CCCCCC1CC(=O)NCCCN(C)CCCCN(CCCN1C)C)O
5-normethylbudmunchiamine K,CCCCCCCCCCCCCCCC1NCCCN(C)CCCCN(CCCNC(=O)C1)C
6-hydroxy-5-normethylbudmunchiamine K,CCCCCCCCCC(CCCCCC1NCCCN(C)CCCCN(CCCNC(=O)C1)C)O
budmunchiamine K,CCCCCCCCCCCCCCCC1CC(=O)NCCCN(C)CCCCN(CCCN1C)C
"5,7,4'-trihydroxy-6-[1-hydroxy-2-methylbuten-2-yl]isoflavone",OC/C(=C/Cc1c(O)cc2c(c1O)c(=O)c(co2)c1ccc(cc1)O)/C
"7,2'-dihydroxy-4'-methoxyisoflav-3-ene",COc1ccc(c(c1)O)C1=Cc2c(OC1)cc(cc2)O
"6,6'-dihydroxy-4'-methoxy-2-arylbenzofuran",COc1ccc(c(c1)O)c1cc2c(o1)cc(cc2)O
medicarpan,COc1ccc2c(c1)O[C@H]1[C@@H]2COc2c1ccc(c2)O
wighteone,CC(=CCc1c(O)cc2c(c1O)c(=O)c(co2)c1ccc(cc1)O)C
lupiwighteone,CC(=CCc1c(O)cc(c2c1occ(c2=O)c1ccc(cc1)O)O)C
gancaonin C,OC/C(=C/Cc1c(O)cc(c2c1occ(c2=O)c1ccc(cc1)O)O)/C
"7,3'-dihydroxy-4'-methoxyisoflavone",COc1ccc(cc1O)c1coc2c(c1=O)ccc(c2)O
madurensine,C/C=C/1\C[C@@H](C)[C@@](C)(O)C(=O)OCC2=CCN3C[C@@H](OC1=O)[C@@H](O)C23
anacrotine,C/C=C\1/C[C@@H](C)[C@@](C)(O)C(=O)OCC2=CCN3[C@H]2[C@H](OC1=O)[C@H](O)C3
usaramine,C/C=C/1\C[C@@H](C)[C@](O)(CO)C(=O)OCC2=CCN3[C@H]2[C@H](OC1=O)CC3
9-angeloylanacrotine,C/C=C(\C(=O)O[C@]1(C)C(=O)OCC2=CCN3C2[C@@H](OC(=O)/C(=C\C)/C[C@@H]1C)CC3)/C
9-hydroxyheptanoylretronecine,CCCCCCC(=O)OCC1=CCN2C1[C@H](O)CC2
9-hydroxyisohexenoylretronecine,O=C(OCC1=CCN2C1[C@H](O)CC2)CC=C(C)C
monocrotaline,O=C1O[C@@H]2CCN3[C@@H]2C(=CC3)COC(=O)[C@]([C@]([C@H]1C)(C)O)(C)O
heliotridine,OCC1=CCN2[C@H]1[C@@H](O)CC2
axillaridine,CCC1(O)C(=O)OCC2=CCN3[C@H]2[C@H](OC(=O)C(C1O)C(C)C)CC3
tashiromine,OC[C@H]1CCCN2[C@@H]1CCC2
"5,6-dehydro-7,9-dihydroxy-7H-pyrrolizine-ethylether",CCOC1CCN2C1C(CO)CC2
methylmonocrotaline,O=C1O[C@H]2CCN3C2C(=CC3)COC(=O)[C@@]([C@@](C1(C)C)(C)O)(C)O
jacoline,C[C@H]([C@@]1(O)C[C@@H](C)[C@@](C)(O)C(=O)OCC2=CCN3[C@H]2[C@H](OC1=O)CC3)O
sceleratine,OCC1(O)C(=O)O[C@@H]2CCN3C2C(=CC3)COC(=O)C([C@@H](C1C)C)(C)O
7-tiglyl-9-dihydroxy-senecioylretronecine,C/C=C(/C(=O)OC1CCN2C1C(=CC2)C(O)O)\C
acetylsenecivernine,CC(=O)O[C@]1(C)C(=O)OCC2=CCN3C2[C@@H](OC(=O)C(=C)[C@H]([C@H]1C)C)CC3
senkirkine,C/C=C\1/C[C@@H](C)[C@@](C)(O)C(=O)OCC2=CCN(CC[C@@H](OC1=O)C2=O)C
hydroxysenkirkine,C/C=C\1/C[C@@H](C)[C@](O)(CO)C(=O)OCC2=CC[N+]3([C@]2([C@H](OC1=O)CC3)O)C
9-isosenecioylretronecine,CC(=C)CC(=O)OCC1=CCN2C1[C@H](O)CC2
trichodesmine,CC([C@H]1C(=O)O[C@@H]2CCN3[C@@H]2C(=CC3)COC(=O)[C@]([C@]1(C)O)(C)O)C
retronecine,OCC1=CCN2[C@H]1[C@H](O)CC2
9-angeloylretronecine,C/C=C(\C(=O)OCC1=CCN2(=O)[C@H]1[C@H](O)CC2)/C
7-senecioylretronecine,OCC1=CCN2[C@H]1[C@@H](CC2)OC(=O)C=C(C)C
"1,9-dihydroxy-3-methoxy-2-methylpterocarpan",COc1cc2OC[C@@H]3[C@H](c2c(c1C)O)Oc1c3ccc(c1)O
"5,7-dihydroxy-2',3',4'-trimethoxy-6-(3-methylbut-2-enyl)isoflavanone",COc1c(OC)c(OC)ccc1c1coc2c(c1=O)c(O)c(c(c2)O)CC=C(C)C
"5,4'-dihydroxy-7,2'-dimethoxy-6-methylisoflavanone",COc1cc(O)ccc1c1coc2c(c1=O)c(O)c(c(c2)OC)C
edudiol,COc1c2c(OCC3C2Oc2c3ccc(c2)O)cc(c1CC=C(C)C)O
7-oxo-15-hydroxydehydroabietic acid,OC(=O)[C@]1(C)CCC[C@]2([C@H]1CC(=O)c1c2ccc(c1)C(C)C)C
7-hydroxycallitrisic acid,OC(=O)[C@@]1(C)CCC[C@]2([C@H]1CC(O)c1c2ccc(c1)C(C)C)C
"(S)-3,4',5-trihydroxy-2',7-dimethoxy-3'-prenylisoflavanone",COc1cc(O)c2c(c1)OC[C@@](C2=O)(O)c1ccc(c(c1OC)CC=C(C)C)O
"(S)-3,5-dihydroxy-2',7-dimethoxy-2'',2''-dimethylpyrano[5'',6'':3',4']isoflavanone",COc1cc(O)c2c(c1)OC[C@@](C2=O)(O)c1ccc2c(c1OC)C=CC(O2)(C)C
dalbergin,COc1cc2oc(=O)cc(c2cc1O)c1ccccc1
(-)-mesquitol,O[C@H]1Cc2ccc(c(c2O[C@@H]1c1ccc(c(c1)O)O)O)O
amorphaquinone,COC1=C(OC)C(=O)C(=CC1=O)C1COc2c(C1)ccc(c2OC)O
pendulone,COC1=C(OC)C(=O)C=C(C1=O)C1COc2c(C1)ccc(c2)O
lupenone,CC(=C)[C@@H]1CC[C@]2([C@H]1[C@H]1CC[C@H]3[C@@]([C@]1(C)CC2)(C)CC[C@@H]1[C@]3(C)CCC(=O)C1(C)C)C
betulinic acid,CC(=C)[C@@H]1CC[C@]2([C@H]1[C@H]1CC[C@H]3[C@@]([C@]1(C)CC2)(C)CC[C@@H]1[C@]3(C)CC[C@@H](C1(C)C)O)C(=O)O
acacic acid lactone,O[C@@H]1C[C@]2(C)C(=CC[C@H]3[C@@]2(C)CC[C@@H]2[C@]3(C)CC[C@@H](C2(C)C)O)[C@H]2[C@@]31C[C@H](OC3=O)C(C2)(C)C
benzyl alcohol,OCc1ccccc1
lithospermoside,N#C/C=C\1/C=C[C@H]([C@@H]([C@H]1O[C@@H]1O[C@H](CO)[C@H]([C@@H]([C@H]1O)O)O)O)O
galegine,CC(=CCN=C(N)N)C
4-hydroxygalegine,OC/C(=C/CN=C(N)N)/C
(+)-vasicine,O[C@H]1CCN2C1=Nc1ccccc1C2
(+)-vasicinone,O[C@@H]1CCn2c1nc1ccccc1c2=O
smirnovine,N/C(=N\CC=C(C)C)/NCCCCNC(=O)C
hydroxysmirnovine,OC/C(=C/CN(C(=N)N)CCCCNC(=O)C)/C
vicenin-2,OC[C@H]1O[C@H]([C@@H]([C@@H]([C@@H]1O)O)O)c1c(O)c([C@@H]2O[C@H](CO)[C@H]([C@@H]([C@H]2O)O)O)c(c2c1oc(cc2=O)c1ccc(cc1)O)O
"7,7''-beta-diglucoside of (2S,3R)-chamaejasmin",OC[C@H]1OC(Oc2cc(O)c3c(c2)O[C@@H]([C@H](C3=O)[C@@H]2[C@H](Oc3c(C2=O)c(O)cc(c3)OC2O[C@H](CO)[C@H]([C@@H]([C@H]2O)O)O)c2ccc(cc2)O)c2ccc(cc2)O)[C@@H]([C@H]([C@@H]1O)O)O
"3,4-dihydroxy-9-methoxypterocarpan",COc1ccc2c(c1)OC1C2COc2c1ccc(c2O)O
"5alpha-stigmasta-7,22-dien-3beta-ol",CC[C@@H](C(C)C)/C=C/[C@H]([C@H]1CC[C@@H]2[C@]1(C)CC[C@H]1C2=CC[C@@H]2[C@]1(C)CC[C@@H](C2)O)C
lambertiamic acid,C=C1CC[C@@H]2[C@]([C@H]1CCc1cocc1)(C)CCC[C@]2(C)C(=O)O
lambertianol,OCC1(C)CCCC2(C1CCC(=C)C2CCc1cocc1)C
trans-communic acid,C=C/C(=C/C[C@H]1C(=C)CC[C@@H]2[C@]1(C)CCC[C@]2(C)C(=O)O)/C
fallacinol,OCc1cc(O)c2c(c1)C(=O)c1c(C2=O)c(O)cc(c1)OC
rhein methylester,COC(=O)c1cc(O)c2c(c1)C(=O)c1c(C2=O)c(O)ccc1
parietinic acid,COc1cc(O)c2c(c1)C(=O)c1c(C2=O)c(O)cc(c1)C(=O)O
parietinic acid methyl ester,COc1cc(O)c2c(c1)C(=O)c1c(C2=O)c(O)cc(c1)C(=O)OC
(25R)-3beta-hydroxy-5beta-spirostan-12-one 3-O-{beta-D-glucopyranosyl-(1→2)-[alpha-1-arabinopyranosyl-(1→6)]-beta- D-glucopyranoside},OC[C@H]1OC(O[C@H]2C(O[C@H]3CC[C@]4([C@@H](C3)CC[C@@H]3[C@@H]4CC(=O)[C@]4([C@H]3C[C@H]3[C@@H]4[C@H](C)[C@]4(O3)CCC(CO4)C)C)C)O[C@@H]([C@H]([C@@H]2O)O)COC2OC[C@H]([C@H]([C@@H]2O)O)O)[C@@H]([C@H]([C@@H]1O)O)O
(25R)-5beta-spirostan-3beta-ol 3-O-{beta-D-glucopyranosyl-(1→2)-[alpha-L-arabinopyranosyl-(1→6)]-beta- D-glucopyranoside},OC[C@H]1OC(O[C@H]2C(O[C@H]3CC[C@]4([C@@H](C3)CC[C@@H]3[C@@H]4CC[C@]4([C@H]3C[C@H]3[C@@H]4[C@H](C)[C@]4(O3)CCC(CO4)C)C)C)O[C@@H]([C@H]([C@@H]2O)O)COC2OC[C@H]([C@H]([C@@H]2O)O)O)[C@@H]([C@H]([C@@H]1O)O)O
"26-O-beta-D-glucopyranosyl]-22alpha-methoxy-(25R)-furostan-3beta,26-diol 3-O-{beta-D-glucopyranosyl-(1→2)-[beta-D-glucopyranoside}",OC[C@H]1OC(O[C@H]2CC[C@]3(C(C2)CC[C@@H]2[C@@H]3CC[C@]3([C@H]2C[C@H]2[C@@H]3[C@H](C)[C@@](O2)(OC)CC[C@H](COC2O[C@@H](CO)[C@@H]([C@H]([C@@H]2O)O)O)C)C)C)[C@@H]([C@H]([C@@H]1O)O)OC1O[C@H](CO)[C@H]([C@@H]([C@H]1O)O)O
"4alpha-methoxy-5,9-oxahimachal-9-ene",COC1[C@H](C)CC[C@@H]2C31OC(=C2C)CCC3(C)C
18-hydroxyrosane,C=C[C@]1(C)CC[C@@]2([C@@H](C1)CC[C@@H]1[C@@H]2CCC[C@@]1(C)CO)C
hugorosediol,C=C[C@]1(C)CC[C@@]2([C@@H](C1)CC[C@@H]1C2=CC[C@@H]([C@@]1(C)CO)O)C
"12-methoxy-13-methylpodocarpa-8,11,13-triene-3,7-dione",O=C1CC[C@]2([C@H](C1(C)C)CC(=O)c1c2cc(O)c(c1)C)C
"12-methoxy-13-methylpodocarpa-1,8,11,13-tetraen-3,7-dione",COc1cc2c(cc1C)C(=O)CC1[C@]2(C)C=CC(=O)C1(C)C
di-podocarpanoid hugonone B,O=C1[C@@H]2C3=C([C@@H](C1(C)O)[C@H]1[C@@]42CC[C@H]2[C@@](C4=CC(=O)[C@@]1(C)O)(C)CC[C@@H](C2(C)C)O)CC[C@H]1[C@@]3(C)CCC(=O)C1(C)C
hugorosenone,C=C[C@]1(C)CC[C@@]2([C@@H](C1)CC[C@@H]1C2=CC(=O)[C@@H](C1(C)C)O)C
18-hydroxyhugorosenone,C=C[C@]1(C)CC[C@@]2([C@@H](C1)CC[C@@H]1C2=CC(=O)[C@@H](C1(C)CO)O)C
18-hydroxy-3-deoxyhugorosenone,OC[C@@H]1[C@H](O)C(=O)C=C2[C@@H]1CC[C@@H]1[C@]2(C)CC[C@](C1)(C)C=C
"12-hydroxy-13-methylpodocarpa-8,11,13-triene-3-one",C=C1CC[C@]2([C@H](C1(C)C)CCc1c2cc(O)c(c1)C)C
"1(10),15-rosadiene-2beta,3beta-diol",C=C[C@@]1(C)CC[C@]2([C@H](C1)CC[C@H]1C2=C[C@@H](O)[C@H]([C@]1(C)O)O)C
4alpha-methoxyhimachal-10-en-5beta-ol,O=C1[C@@H]2C3=C([C@H]([C@@]1(C)O)[C@@H]1[C@@]42CC[C@@H]2[C@](C4=CC(=O)[C@]1(C)O)(C)CC[C@H](C2(C)C)O)CC[C@@H]1[C@]3(C)CCC(=O)C1(C)C
hugonone A,O=C1[C@@H]2C3=C([C@H]([C@@]1(C)O)[C@@H]1[C@@]42CC[C@@H]2[C@](C4=CC(=O)[C@]1(C)O)(C)CC[C@H](C2(C)C)O)CC[C@@H]1[C@]3(C)CC[C@@H](C1(C)C)O
cocculoside,COC(C[C@@H]1[C@H](C=C)[C@H](OC=C1C(=O)OC1C[C@H]2[C@@H]([C@H]1C)C(OC=C2C(=O)OC)O[C@@H]1O[C@H](CO)[C@H]([C@@H]([C@H]1O)O)O)O[C@@H]1O[C@H](CO)[C@H]([C@@H]([C@H]1O)O)O)OC
kelampayoside A,COc1cc(O[C@@H]2O[C@H](CO[C@@H]3OC[C@]([C@H]3O)(O)CO)[C@H]([C@@H]([C@H]2O)O)O)cc(c1OC)OC
2-hydroxy-3-O-beta-glucopyranosyl-benzoic acid,O1[C@H](CO)[C@@H](O)[C@H](O)[C@@H](O)[C@@H]1Oc1cccc(C(=O)O)c1O
loganic acid,OC[C@H]1O[C@@H](O[C@@H]2OC=C([C@@H]3[C@H]2[C@@H](C)[C@H](C3)O)C(=O)O)[C@@H]([C@H]([C@@H]1O)O)O
morroniside,OC[C@H]1O[C@@H](O[C@@H]2OC=C([C@@H]3[C@H]2[C@H](C)OC(C3)O)C(=O)OC)[C@@H]([C@H]([C@@H]1O)O)O
sarracenin,COC(=O)C1=COC2C3C1CC(O2)OC3C
"17-O-acetyl,10-hydroxycorynantheol",C=C[C@H]1CN2CCc3c([C@@H]2C[C@@H]1CCOC(=O)C)[nH]c1c3cc(cc1)O
10-hydroxy-Nb-methylcorynantheol,OCC[C@H]1C[C@@H]2N(C[C@@H]1C=C)CCc1c2[nH]c2c1cc(cc2)O
"ergosta-5,22-dien-3beta-ol",O[C@H]1CC[C@]2(C(=CC[C@@H]3[C@@H]2CC[C@]2([C@H]3CC[C@@H]2[C@@H](/C=C\[C@@H](C(C)C)C)C)C)C1)C
ergosta-7-en-3beta-ol,OC1CCC2(C(C1)CC=C1C2CCC2(C1CCC2C(CCC(C(C)C)C)C)C)C
(-)-gossypol,O=Cc1c(O)c(O)c(c2c1c(O)c(c(c2)C)c1c(C)cc2c(c1O)c(C=O)c(c(c2C(C)C)O)O)C(C)C
(-)-6-methoxygossypol,O=Cc1c(O)c(OC)c(c2c1c(O)c(c(c2)C)c1c(C)cc2c(c1O)c(C=O)c(c(c2C(C)C)O)O)C(C)C
"(+)-6,6'-dimethoxygossypol",O=Cc1c(O)c(OC)c(c2c1c(O)c(c(c2)C)c1c(C)cc2c(c1O)c(C=O)c(c(c2C(C)C)OC)O)C(C)C
"(E)-docosyl-3-(3,4-dihydroxyphenyl) acrylate",CCCCCCCCCCCCCCCCCCCCCCOC(=O)/C=C/c1ccc(c(c1)O)O
"28-nor-4alpha-carbomethoxy-11beta-acetoxy-12alpha-(2-methylbutanoyloxy)-14,15-deoxyhavanensin-1,7-diacetate",CCC(C(=O)O[C@H]1[C@H](OC(=O)C)C2[C@@](C3[C@]1(C)[C@@H](CC3)c1cocc1)(C)[C@H](OC(=O)C)CC1[C@]2(C)[C@@H](OC(=O)C)C[C@H]([C@@]1(C)OC(=O)C)O)C
"28-nor-4alpha-carbomethoxy-11beta-hydroxy-12alpha-(2-methylbutanoyloxy)-14,15-deoxyhavanensin-1,7-diacetate",CCC(C(=O)O[C@H]1[C@H](O)C2[C@@](C3[C@]1(C)[C@@H](CC3)c1ccoc1)(C)[C@H](O)CC1[C@]2(C)[C@@H](OC(=O)C)C[C@H]([C@@]1(C)OC(=O)C)O)C
"18-nor-4alpha-carbomethoxy-11beta-acetoxy-12alpha-(2-methylbutanoyloxy)-14,15-deoxyhavanensin-1-acetate",CCC(C(=O)O[C@H]1[C@H](OC(=O)C)C2[C@@]3(C)[C@@H](OC(=O)C)C[C@H]([C@@](C3C[C@H]([C@]2(C2[C@]1(C)[C@@H](CC2)c1ccoc1)C)O)(C)OC(=O)C)O)C
"28-nor-4alpha-carbomethoxy-7-deoxy-7-oxo-11beta-acetoxy-12alpha-(2-methylbutanoyloxy)-14,15-deoxyhavanensin-1-acetate",CCC(C(=O)O[C@H]1[C@H](OC(=O)C)C2[C@@](C3[C@]1(C)[C@@H](CC3)c1ccoc1)(C)C(=O)CC1[C@]2(C)[C@@H](OC(=O)C)C[C@H]([C@@]1(C)OC(=O)C)O)C
"11beta-acetoxy-3,7-diacetyl-4alpha-carbomethoxy-12alpha-isobutyryloxy-28-nor-1-tigloyl-havanensin",C/C=C(/C(=O)O[C@H]1C[C@@H](OC(=O)C)[C@@](C2[C@@]1(C)C1[C@@H](OC(=O)C)[C@H](OC(=O)C(C)C)[C@@]3([C@]4([C@]1(C)[C@@H](C2)OC(=O)C)O[C@@H]4C[C@H]3c1ccoc1)C)(C)OC(=O)C)\C
"11beta,12alpha-Diacetoxyneotecleanin",CC(=O)O[C@@H]1[C@@H]2[C@@]34CC(=O)C[C@@H]3OC([C@@H]4CC(=O)[C@@]2(C)C2=CC[C@H]([C@@]2([C@H]1OC(=O)C)C)c1ccoc1)(C)C
"11beta,12alpha-Diacetoxy-14beta,15beta-epoxyneotecleanin",CC(=O)O[C@@H]1[C@@H]2[C@@]34CC(=O)C[C@@H]3OC([C@@H]4CC(=O)[C@@]2(C)[C@]23[C@]([C@H]1OC(=O)C)(C)[C@@H](C[C@H]2O3)c1ccoc1)(C)C
"7alpha,12alpha-Diacetoxy-14beta,15beta-epoxy-11beta-hydroxyneotecleanin",CC(=O)OC1C[C@H]2C(C)(C)O[C@@H]3[C@@]2([C@@H]2[C@]1(C)[C@@]14O[C@@H]1C[C@H]([C@@]4([C@H]([C@@H]2O)OC(=O)C)C)c1ccoc1)CC(=O)C3
"7alpha,12alpha-Diacetoxy-11beta-hydroxyneotecleanin",CC(=O)OC1C[C@H]2C(C)(C)O[C@@H]3[C@@]2([C@@H]2[C@]1(C)C1=CC[C@H]([C@@]1([C@H]([C@@H]2O)OC(=O)C)C)c1ccoc1)CC(=O)C3
"11beta,12alpha-Diacetoxy-1-deoxo-14beta,15beta-epoxy-3beta-hydroxy-2-oxo-neotecleanin",CC(=O)OC1[C@@H]2[C@@]34CCC(=O)[C@@H]3OC([C@@H]4CC(=O)[C@@]2(C)[C@]23[C@](C1OC(=O)C)(C)[C@@H](C[C@H]2O3)c1ccoc1)(C)C
ekeberin A,CC([C@@]12CC[C@@]3(CO1)[C@@H](O2)[C@H]1CC[C@H]2[C@@]([C@@]1(CC3)C)(C)CC[C@@H]1[C@]2(C)CCC(=O)C1(C)C)C
ekeberin B,CC[C@H]1C(=O)C[C@@H]2[C@]1(C)CC[C@H]1[C@H]2CC=C2[C@]1(C)CC[C@@H]([C@@H]2O)O
ekeberin C1,O=C1O[C@@H](c2ccoc2)[C@]2([C@]3([C@@H]1O3)[C@]1(C)C(=O)CC3[C@](C1CC2)(C)CCC(=O)C3(C)C)C
ekeberin C2,COC(=O)C[C@@H]1C2C(=O)C([C@H](C1(C)C)OC(=O)/C(=C\C)/C)CC1=C3[C@](CCC21)(C)[C@@H](OC(=O)C3)c1ccoc1
ekeberin C3,COC(=O)C([C@@H]1C2C3CC[C@@]4(C(=C3CC(C2=O)C(=O)C1(C)C)CC(=O)O[C@H]4c1ccoc1)C)OC(=O)C
ekeberin D1,CC(=O)O[C@@H](C(O)(C)C)CC/C(=C/CC/C(=C/CC/C=C(/CC/C=C(/CC[C@H](C(O)(C)C)O)\C)\C)/C)/C
ekeberin D2,C/C(=C\CC/C=C(/CC[C@@H]([C@@]1(C)CC[C@@H](C1)C(O)(C)C)O)\C)/CC/C=C(/CC[C@H](C(O)(C)C)O)\C
ekeberin D3,C/C(=C\CC/C=C(/CC[C@@H]([C@]1(C)CC[C@@H](C1)C(O)(C)C)O)\C)/CC/C=C(/CC[C@H](C(O)(C)C)O)\C
ekeberin D4,O[C@@H]([C@]1(C)CC[C@@H](O1)C(O)(C)C)CC/C(=C/CC/C=C(/CC[C@H]([C@]1(C)CC[C@@H](O1)C(O)(C)C)O)\C)/C
ekeberin D5,CC(=O)OC[C@@]([C@@H](CC/C(=C/CC/C(=C/CC/C=C(/CC/C=C(/CC[C@H](C(O)(C)C)O)\C)\C)/C)/C)O)(O)C
ekersenin,COc1c(O)c(=O)oc2c1c(C)ccc2
"4,6-dimethoxy-5-methylcoumarin",COc1cc(=O)oc2c1c(C)c(cc2)OC
oleanolic acid,OC(=O)[C@@]12CC[C@@]3(C(=CC[C@H]4[C@@]3(C)CC[C@@H]3[C@]4(C)CCC(=O)C3(C)C)[C@@H]1CC(CC2)(C)C)C
3-epioleanolic acid,O[C@@H]1CC[C@]2([C@H](C1(C)C)CC[C@@]1([C@@H]2CC=C2[C@@]1(C)CC[C@@]1([C@H]2CC(C)(C)CC1)C(=O)O)C)C
"3,11-dioxoolean-12-en-28-oic acid",O=C1C=C2[C@H]3CC(C)(C)CC[C@@]3(CC[C@]2([C@]2([C@H]1[C@@]1(C)CCC(=O)C(C1CC2)(C)C)C)C)C(=O)O
melliferone,O=C1CC[C@]2([C@H](C1(C)C)CC[C@@]1([C@@H]2C=C[C@@]23[C@@]1(C)CC[C@@]1([C@H]2CC(C)(C)CC1)C(=O)O3)C)C
"3-oxo-11,13(18)-oleandien-28-oic acid",OC(=O)[C@@]12CC[C@@]3(C(=C1CC(CC2)(C)C)C=C[C@H]1[C@@]3(C)CCC2[C@]1(C)CCC(=O)C2(C)C)C
(Z)-volkendousin,C/C=C/1\C(=O)C[C@@H]2[C@]1(C)CC[C@H]1[C@H]2CC=C2[C@]1(C)CC[C@@H]([C@@H]2O)O
7-deacetoxy-7-oxogedunin,O=C1O[C@@H](c2ccoc2)[C@]2([C@]3([C@@H]1O3)[C@]1(C)C(=O)C[C@@H]3[C@](C1CC2)(C)C=CC(=O)C3(C)C)C
7-acetylneotrichilenone,CC(=O)O[C@H]1C[C@H]2[C@@]([C@H]3[C@@]1(C)[C@H]1C(=O)C[C@@H]([C@]1(CC3)C)c1ccoc1)(C)C=CC(=O)C2(C)C
proceranolide,COC(=O)C[C@@H]1[C@@]2(C)[C@H]3CC[C@@]4(C(=C3C[C@H](C2=O)[C@H](C1(C)C)O)CC(=O)O[C@H]4c1cocc1)C
mexicanolide,COC(=O)C[C@H]1C(C)(C)C(=O)[C@H]2C(=O)C1(C)[C@H]1CC[C@@]3(C(=C1C2)CC(=O)O[C@H]3c1ccoc1)C
swietenolide,COC(=O)C([C@@H]1[C@@]2(C)C3CC[C@@]4(C(=C3CC(C2=O)C(C1(C)C)O)CC(=O)O[C@H]4c1cocc1)C)O
methylangolensate,COC(=O)C[C@@H]1[C@]2(C)[C@H](CC(=O)C1(C)C)O[C@@]13C(=C)[C@@H]2CC[C@@]1(C)[C@@H](OC(=O)C3)c1cocc1
"2,3,22,23-tetrahydroxy-2,6,10,15,19,23-hexamethyl-6,10,14,18-tetracosatetraene (3R,22R)",O[C@@H](C(O)(C)C)CC/C(=C/CC/C(=C/CC/C=C(/CC/C=C(/CC[C@H](C(O)(C)C)O)\C)\C)/C)/C
"2-hydroxymethyl-2,3,22,23-tetrahydroxy-2,6,10,15,19,23-hexamethyl-6,10,14,18-tetracosatetraene (2R,3R,22R)",OCC([C@@H](CC/C(=C/CC/C(=C/CC/C=C(/CC/C=C(/CC[C@H](C(O)(C)C)O)\C)\C)/C)/C)O)(O)C
4-methoxy-5-hydroxymethylcoumarin,COc1cc(=O)oc2c1c(CO)ccc2
"2,3,22,23-tetrahydroxy-2,6,10,15,19,23-hexamethyl-6,10,14,18-tetracosatetraene",OC(C(O)(C)C)CC/C(=C/CC/C(=C/CC/C=C(/CC/C=C(/CCC(C(O)(C)C)O)\C)\C)/C)/C
"2-hydroxymethyl-2,3,22,23-tetrahydroxyl-6,10,15,19,23-pentamethyl-6,10,14,18-tetracosatetraene",OCC(C(CC/C(=C/CC/C(=C/CC/C=C(/CC/C=C(/CCC(C(O)(C)C)O)\C)\C)/C)/C)O)(O)C
3alpha-hydroxy-12-oleanen-28-oic acid,OC1CC(C)(C)C2[C@@](C1)(C)[C@H]1CC=C3[C@@]([C@@]1(CC2)C)(C)CC[C@@]1([C@@H]3CC(C)(C)CC1)C(=O)O
orientin,OC[C@H]1O[C@H]([C@@H]([C@H]([C@@H]1O)O)O)c1c(O)cc(c2c1oc(cc2=O)c1ccc(c(c1)O)O)O
iso-orientin,OC[C@H]1O[C@H]([C@@H]([C@H]([C@@H]1O)O)O)c1c(O)cc2c(c1O)c(=O)cc(o2)c1ccc(c(c1)O)O
3-oxo-12-oleanen-28-oic acid,O=C1CC(C)(C)C2[C@@](C1)(C)[C@H]1CC=C3[C@@]([C@@]1(CC2)C)(C)CC[C@@]1([C@@H]3CC(C)(C)CC1)C(=O)O
12alpha-acetoxyazadironolide,CC(=O)O[C@H]1C[C@H]2[C@@](C3=CC[C@H]([C@]13C)C1=CC(OC1=O)O)(C)[C@H](OC(=O)C)C[C@@H]1[C@]2(C)C=CC(=O)C1(C)C
turraparvin A,CC(=O)O[C@H]1C[C@H]2[C@@](C3=CC[C@H]([C@]13C)C1=CC(OC1=O)O)(C)[C@H](O)C[C@@H]1[C@]2(C)C=CC(=O)C1(C)C
turraparvin B,CC(=O)O[C@H]1C[C@H]2[C@@](C3=CC[C@H]([C@]13C)C1=CC(=O)OC1O)(C)[C@H](O)C[C@@H]1[C@]2(C)C=CC(=O)C1(C)C
turraparvin C,CC(=O)O[C@H]1C[C@H]2[C@@](C3=CC[C@H]([C@]13C)C1=CC(=O)OC1O)(C)[C@H](OC(=O)C)C[C@@H]1[C@]2(C)C=CC(=O)C1(C)C
11-epi-21-hydroxytoonacilide,COC(=O)C[C@H]1C(C)(C)C(=O)C=C[C@]1(C)[C@H]1[C@@H](OC(=O)C)[C@H](OC(=O)C)[C@@]2([C@]3(C1(C)C)O[C@@H]3C[C@H]2C1=CC(=O)OC1O)C
11-epi-23-hydroxytoonacilide,COC(=O)C[C@H]1C(C)(C)C(=O)C=C[C@]1(C)[C@H]1[C@@H](OC(=O)C)[C@H](OC(=O)C)[C@@]2([C@]3(C1(C)C)O[C@@H]3C[C@H]2C1=CC(OC1=O)O)C
turraparvin D,CC(=O)O[C@H]1C[C@H]2[C@@](C3=CC[C@H]([C@]13C)C1=CCNC1=O)(C)[C@H](O)C[C@@H]1[C@]2(C)C=CC(=O)C1(C)C
"1alpha,3alpha-diacetylvilasinin",CC(=O)O[C@H]1C[C@@H](OC(=O)C)[C@@]2([C@H]3[C@@]1(C)[C@H]1CC[C@@]4(C(=CC[C@H]4c4ccoc4)[C@]1(C)[C@@H]([C@@H]3OC2)O)C)C
1alpha-acetyl-3alpha-propionylvilasinin,CCC(=O)O[C@@H]1C[C@H](OC(=O)C)[C@]2([C@@H]3[C@]1(C)CO[C@H]3[C@H]([C@@]1([C@@H]2CC[C@@]2(C1=CC[C@H]2c1cocc1)C)C)O)C
"1alpha,3alpha-diacetyl-7alpha-tigloylvilasinin",C/C=C(/C(O[C@@H]1[C@@H]2OC[C@]3([C@H]2[C@]([C@@H]2[C@]1(C)C1=CC[C@H]([C@@]1(CC2)C)c1ccoc1)(C)[C@H](C[C@H]3OC(=O)C)OC(=O)C)C)C)\C
mzikonone,CC(=O)O[C@H]1C[C@H]2[C@@](C3=CC[C@H]([C@]13C)c1ccoc1)(C)[C@H](O)C[C@@H]1[C@]2(C)CCC(=O)C1(C)C
"12alpha-acetoxy-1,2-dihydroazadirone",CC(=O)O[C@@H]1C[C@@H]2[C@]([C@@H]3[C@]1(C)C1=CC[C@H]([C@@]1([C@H](C3)OC(=O)C)C)c1ccoc1)(C)CCC(=O)C2(C)C
"3-oxo-12beta-hydroxy-oleanan-28,13beta-olide",O[C@@H]1C[C@@H]2[C@@]3(C)CCC(=O)C([C@@H]3CC[C@]2([C@]2([C@@]31OC(=O)[C@]1([C@@]3(C)CC(C)(C)CC1)CC2)C)C)(C)C
quercetin-3-O-beta-D-glucopyranoside,OC[C@H]1C[C@@H](Oc2c(oc3c(c2=O)c(O)cc(c3)O)c2ccc(c(c2)O)O)[C@@H]([C@H]([C@@H]1O)O)O
azadirone,CC(=O)O[C@@H]1C[C@@H]2[C@]([C@@H]3[C@]1(C)C1=CC[C@H]([C@@]1(CC3)C)c1ccoc1)(C)C=CC(=O)C2(C)C
12alpha-acetoxy-7-deacetylazadirone,CC(=O)O[C@]12CC[C@@H]3[C@](C1=CC[C@@H]2c1cocc1)(C)[C@@H](O)C[C@H]1[C@@]3(C)C=CC(=O)C1(C)C
11-epi-toonacilin,COC(=O)C[C@@H]1[C@](C)(C=CC(=O)C1(C)C)[C@H]1[C@@H](OC(=O)C)[C@H](OC(=O)C)[C@@]2([C@]3(C1=C)O[C@@H]3C[C@H]2c1cocc1)C
azadironolide,CC(=O)O[C@@H]1C[C@@H]2[C@]([C@@H]3[C@]1(C)C1=CC[C@H]([C@@]1(CC3)C)C1=CC(OC1=O)O)(C)C=CC(=O)C2(C)C
turranolide,CC(=O)O[C@H]1C[C@H]2[C@@]([C@H]3[C@@]1(C)C1=CC[C@@H]([C@@]1(C)CC3)C1COC(=O)C1)(C)CCC(=O)C2(C)C
"1alpha,3alpha-diacetyl-7alpha-tigloylvilasinin",C/C=C(/C(=O)O[C@H]1[C@H]2OC[C@@]3([C@@H]2[C@@]([C@H]2[C@@]1(C)C1=CC[C@@H]([C@]1(CC2)C)c1ccoc1)(C)[C@@H](CC3OC(=O)C)OC(=O)C)C)\C
niloticin,C[C@H]([C@@H]1CC[C@]2([C@@]1(C)CC[C@H]1C2=CC[C@@H]2[C@]1(C)CCC(=O)C2(C)C)C)C[C@H]([C@@H]1OC1(C)C)O
hispidol B,O[C@@H]([C@@H](C(O)(C)C)O)C[C@@H]([C@@H]1CC[C@]2([C@@]1(C)CC[C@H]1C2=CC[C@@H]2[C@]1(C)CC[C@@H](C2(C)C)O)C)C
piscidinol A,O[C@@H]([C@@H](C(O)(C)C)O)C[C@@H]([C@@H]1CC[C@]2([C@@]1(C)CC[C@H]1C2=CC[C@@H]2[C@]1(C)CCC(=O)C2(C)C)C)C
toonapubesin F,OC[C@@]1(C)C(=O)CC[C@]2([C@H]1CC=C1[C@@H]2CC[C@@]2([C@]1(C)CC[C@H]2[C@H](C[C@H]([C@@H](C(O)(C)C)O)O)C)C)C
sitosterol-3-O-beta-D-glucopyranoside acetate,CC[C@@H](C(C)C)CC[C@H]([C@H]1CC[C@@H]2[C@]1(C)CC[C@H]1[C@H]2CC=C2[C@]1(C)CC[C@@H](C2)O[C@@H]1O[C@H](COC(=O)C)[C@H]([C@@H]([C@H]1OC(=O)C)OC(=O)C)OC(=O)C)C
stigmasterol-3-O-beta-D-glucopyranoside acetate,CC[C@@H](C(C)C)/C=C/[C@H]([C@H]1CC[C@@H]2[C@]1(C)CC[C@H]1[C@H]2CC=C2[C@]1(C)CC[C@@H](C2)O[C@@H]1O[C@H](COC(=O)C)[C@H]([C@@H]([C@H]1OC(=O)C)OC(=O)C)OC(=O)C)C
sitosterol-3-O-beta-D-glucopyranoside,CC[C@@H](C(C)C)CC[C@H]([C@H]1CC[C@@H]2[C@]1(C)CC[C@H]1[C@H]2CC=C2[C@]1(C)CC[C@@H](C2)O[C@@H]1O[C@H](CO)[C@H]([C@@H]([C@H]1O)O)O)C
3-O-{beta-D-glucopyranosyl(1→2)-[alpha-L-arabinopyranosyl(1→6)]-beta-D-glucopyranosyl}-oleanolic acid,OC[C@H]1OC(O[C@H]2C(O[C@@H]([C@H]([C@@H]2O)O)COC2OC[C@H]([C@H]([C@@H]2O)O)O)O[C@H]2CC[C@]3([C@H](C2(C)C)CC[C@@]2(C3CC=C3[C@@]2(C)CC[C@@]2(C3CC(C)(C)CC2)C(=O)O)C)C)[C@@H]([C@H]([C@@H]1O)O)O
beta-D-glucopyranosyl(1→2)-beta-Dglucopyranosyl 3-O-{beta-D-glucopyra-nosyl(1→2)-[alpha-L-arabinopyranosyl(1→6)]-beta-D-glucopyranosyl}-oleanolate,OC[C@H]1OC(O[C@H]2C(O[C@@H]([C@H]([C@@H]2O)O)COC2OC[C@H]([C@H]([C@@H]2O)O)O)O[C@H]2CC[C@]3([C@H](C2(C)C)CC[C@@]2(C3CC=C3[C@@]2(C)CC[C@@]2(C3CC(C)(C)CC2)C(=O)OC2O[C@H](COC3O[C@H](CO)[C@H]([C@@H]([C@H]3O)O)O)[C@H]([C@@H]([C@H]2O)O)O)C)C)[C@@H]([C@H]([C@@H]1O)O)O
isovitexin,OC[C@H]1O[C@H]([C@@H]([C@H]([C@@H]1O)O)O)c1c(O)cc2c(c1O)c(=O)cc(o2)c1ccc(cc1)O
3beta-{O-D-glucopyranosyl-(1→2)-[O-alpha-L-arabinopyranosyl(1→6)]beta-D-glucopyranosyloxy}-machaerinic acid gamma-lactone,OC[C@H]1OC(O[C@H]2C(O[C@@H]([C@H]([C@@H]2O)O)COC2OC[C@H]([C@H]([C@@H]2O)O)O)O[C@H]2CC[C@]3([C@H](C2(C)C)CC[C@@]2(C3CC=C3[C@@]2(C)CC[C@]24[C@H]3CC(C)(C)[C@H](C2)OC4=O)C)C)[C@@H]([C@H]([C@@H]1O)O)O
3beta-O-beta-D-glucopyranosiduronic acid (1→2)-beta-D-glucopyranosyloxy]-machaerinic acid gamma-lactone,OC[C@H]1OC(O[C@H]2CC[C@]3([C@H](C2(C)C)CC[C@@]2(C3CC=C3[C@@]2(C)CC[C@]24[C@H]3CC(C)(C)[C@H](C2)OC4=O)C)C)[C@@H]([C@H]([C@@H]1O)O)OC1O[C@H](CO)[C@H]([C@@H]([C@H]1O)O)O
A-homo-3a-oxa-5beta-olean-12-en-3- one-28-oic acid,O=C1CC[C@]2([C@H](C(O1)(C)C)CC[C@@]1(C2CC=C2[C@@]1(C)CC[C@@]1([C@H]2CC(C)(C)CC1)C(=O)O)C)C
vitexin,OC[C@H]1O[C@H]([C@@H]([C@H]([C@@H]1O)O)O)c1c(O)cc(c2c1oc(cc2=O)c1ccc(cc1)O)O
schaftoside,OC[C@H]1O[C@H]([C@@H]([C@H]([C@@H]1O)O)O)c1c(O)c([C@@H]2OC[C@@H]([C@H]([C@H]2O)O)O)c2c(c1O)c(=O)cc(o2)c1ccc(cc1)O
isoschaftoside,OC[C@H]1O[C@H]([C@@H]([C@@H]([C@@H]1O)O)O)c1c(O)c([C@@H]2OC[C@@H]([C@@H]([C@H]2O)O)O)c(c2c1oc(cc2=O)c1ccc(cc1)O)O
quercetin 3-O-glucoside,OC[C@H]1O[C@@H](Oc2c(oc3c(c2=O)c(O)cc(c3)O)c2ccc(c(c2)O)O)[C@@H]([C@H]([C@@H]1O)O)O
quercetin 3-O-glucuronide,Oc1cc(O)c2c(c1)oc(c(c2=O)O[C@@H]1O[C@H](C(=O)O)[C@H]([C@@H]([C@H]1O)O)O)c1ccc(c(c1)O)O
quercetin 3-acetyl-O-glucoside,CC(=O)OC[C@@H]1O[C@@H](Oc2c(oc3c(c2=O)c(O)cc(c3)O)c2ccc(c(c2)O)O)[C@@H]([C@@H]([C@H]1OC(=O)C)OC(=O)C)OC(=O)C
kaempferol 3-acetyl-O-glucoside,CC(=O)OC[C@H]1O[C@@H](Oc2c(oc3c(c2=O)c(O)cc(c3)O)c2ccc(cc2)O)[C@@H]([C@H]([C@@H]1OC(=O)C)OC(=O)C)OC(=O)C
luteolin 7-O-galactoside,OC[C@H]1O[C@@H](Oc2cc(O)c3c(c2)oc(cc3=O)c2ccc(c(c2)O)O)[C@@H]([C@H]([C@H]1O)O)O
acylated isovitexin,CC(=O)OC[C@H]1O[C@H]([C@@H]([C@H]([C@@H]1OC(=O)C)OC(=O)C)OC(=O)C)c1c(O)cc2c(c1O)c(=O)cc(o2)c1ccc(cc1)O
quercetin 3-O-gentiobioside,OC[C@H]1O[C@@H](OC[C@H]2OC(Oc3c(oc4c(c3=O)c(O)cc(c4)O)c3ccc(c(c3)O)O)[C@@H]([C@H]([C@@H]2O)O)O)[C@@H]([C@H]([C@@H]1O)O)O
quercetin 3-O-galactoside,OC[C@H]1O[C@@H](Oc2c(oc3c(c2=O)c(O)cc(c3)O)c2ccc(c(c2)O)[O-])[C@@H]([C@H]([C@H]1O)O)O
quercetin 3-acetyl-O-rhamnoside,CC(=O)O[C@H]1[C@@H](O[C@H]([C@@H]([C@H]1OC(=O)C)OC(=O)C)C)Oc1c(oc2c(c1=O)c(O)cc(c2)O)c1ccc(c(c1)O)O
kaempferol 3-O-galactoside,OC[C@H]1O[C@@H](Oc2c(oc3c(c2=O)c(O)cc(c3)O)c2ccc(cc2)O)[C@@H]([C@H]([C@H]1O)O)O
luteolin 7-O-glucoside,OC[C@H]1O[C@@H](Oc2cc(O)c3c(c2)oc(cc3=O)c2ccc(c(c2)O)O)[C@@H]([C@H]([C@@H]1O)O)O
luteolin 7-O-rutinoside,OC[C@H]1O[C@@H](Oc2cc(O)c3c(c2)oc(cc3=O)c2ccc(c(c2)O)O)[C@@H]([C@H]([C@@H]1O)O)O[C@@H]1O[C@@H](C)[C@@H]([C@H]([C@H]1O)O)O
lucenin-2,OC[C@H]1O[C@H]([C@@H]([C@@H]([C@@H]1O)O)O)c1c(O)c([C@@H]2O[C@H](CO)[C@H]([C@@H]([C@H]2O)O)O)c(c2c1oc(cc2=O)c1ccc(c(c1)O)O)O
luteolin 7-O-rutinoside,OC1[C@@H](OC([C@H]([C@@H]1O)O)CO[C@@H]1OC(C)[C@@H]([C@@H](C1O)O)O)Oc1cc(O)c2c(c1)oc(cc2=O)c1ccc(c(c1)O)O
"luteolin 7,4'-di-O-glucoside",OC[C@H]1O[C@@H](Oc2cc(O)c3c(c2)oc(cc3=O)c2ccc(c(c2)O)OC2O[C@H](CO)[C@H]([C@@H]([C@H]2O)O)O)[C@@H]([C@H]([C@@H]1O)O)O
apigenin 7-O-glucoside,OCC1O[C@@H](Oc2cc(O)c3c(c2)oc(cc3=O)c2ccc(cc2)O)C([C@H]([C@@H]1O)O)O
apigenin 7-O-rutinoside,O[C@H]1[C@@H](O[C@@H]([C@H]([C@@H]1O)O)CO[C@@H]1O[C@@H](C)[C@@H]([C@H]([C@H]1O)O)O)Oc1cc(O)c2c(c1)oc(cc2=O)c1ccc(cc1)O
kaempferol 3-O-sophoroside,OC[C@H]1O[C@@H](Oc2c(oc3c(c2=O)c(O)cc(c3)O)c2ccc(cc2)O)[C@@H]([C@H]([C@@H]1O)O)O[C@@H]1O[C@H](CO)[C@H]([C@@H]([C@H]1O)O)O
isovitexin 7-O-galactoside,OC[C@H]1O[C@H](Oc2cc3oc(cc(=O)c3c(c2[C@@H]2O[C@H](CO)[C@H]([C@@H]([C@H]2O)O)O)O)c2ccc(cc2)O)[C@@H]([C@H]([C@H]1O)O)O
isovitexin 7-O-glucoside,OC[C@H]1O[C@@H](Oc2cc3oc(cc(=O)c3c(c2[C@@H]2O[C@H](CO)[C@H]([C@@H]([C@H]2O)O)O)O)c2ccc(cc2)O)[C@@H]([C@H]([C@@H]1O)O)O
isovitexin 7-O-rhamnoside,OCC1O[C@H](C([C@H]([C@@H]1O)O)O)c1c(O[C@@H]2OC(C)[C@@H]([C@@H](C2O)O)O)cc2c(c1O)c(=O)cc(o2)c1ccc(cc1)O
3-acetoxy-alpha-amyrin,CC(=O)O[C@H]1CC[C@]2([C@H](C1(C)C)CC[C@@]1([C@@H]2CC=C2[C@@]1(C)CC[C@@]1([C@H]2CC(C)(C)CC1)C)C)C
3-acetoxy-beta-amyrin,CC(=O)O[C@@H]1CC[C@]2([C@H](C1(C)C)CC[C@@]1([C@@H]2CC=C2[C@@]1(C)CC[C@@]1([C@H]2CC(C)(C)CC1)C)C)C
"kaempferide 3-O-(2'',3''-diacetylglucoside)",OC[C@H]1OC(Oc2c(oc3c(c2=O)c(O)cc(c3)O)c2ccc(cc2)OC)[C@@]([C@]([C@@H]1O)(O)C(=O)C)(O)C(=O)C
kaempferide 3-O-(2''-O-galloylrhamnoside),COc1ccc(cc1)c1oc2cc(O)cc(c2c(=O)c1OC1O[C@H](C)[C@H]([C@@H]([C@@]1(O)C(=O)c1cc(O)c(c(c1)O)O)O)O)O
kaempferide 3-O-(2''-O-galloylrutinoside)-7-O-alpha-rhamnoside,COc1ccc(cc1)c1oc2cc(OC3O[C@H](C)[C@H]([C@@H]([C@@H]3O)O)O)cc(c2c(=O)c1OC1O[C@H](C)[C@H]([C@@H]([C@@]1(O)C(=O)c1cc(O)c(c(c1)O)O)O)O)O
kaempferol 3-O-[beta-glucosyl-(1→2)]-[alpha-rhamnosyl-(1→6)]-beta-glucoside-7-O-alpha-rhamnoside,OC[C@H]1OC(O[C@@H]2C(O[C@@H]([C@H]([C@@H]2O)O)COC2O[C@H](C)[C@H]([C@@H]([C@@H]2O)O)O)Oc2c(oc3c(c2=O)c(O)cc(c3)OC2O[C@H](C)[C@H]([C@@H]([C@@H]2O)O)O)c2ccc(cc2)O)[C@@H]([C@H]([C@@H]1O)O)O
kaempferol 3-O-[alpha-rhamnosyl-(1→2)]-[alpha-rhamnosyl-(1→4)]-beta-glucoside-7-O-alpha-rhamnoside,Oc1ccc(cc1)c1oc2cc(OC3O[C@H](C)[C@H]([C@@H]([C@@H]3O)O)O)cc(c2c(=O)c1OC1O[C@H](COC2O[C@H](C)[C@H]([C@@H]([C@@H]2O)O)O)[C@H]([C@@H]([C@@H]1OC1O[C@H](C)[C@H]([C@@H]([C@H]1O)O)O)O)O)O
benzoic acid 4-O-beta-glucoside,OC[C@H]1O[C@@H](Oc2ccc(cc2)C(=O)O)[C@@H]([C@H]([C@@H]1O)O)O
benzoic acid 4-O-alpha-rhamnosyl-(1→2)-beta-glucoside,OC[C@H]1O[C@@H](OC2O[C@H](C)[C@H]([C@@H]([C@@H]2Oc2ccc(cc2)C(=O)O)O)O)[C@@H]([C@H]([C@@H]1O)O)O
benzaldehyde 4-O-beta-glucoside,OCC1OC(Oc2ccc(cc2)C=O)C(C(C1O)O)O
kaempferol 3-O-alpha-rhamnoside,Oc1ccc(cc1)c1oc2cc(O)cc(c2c(=O)c1O[C@@H]1O[C@@H](C)[C@@H]([C@H]([C@H]1O)O)O)O
syringic acid,COc1cc(cc(c1O)OC)C(=O)O
gallic acid,OC(=O)c1cc(O)c(c(c1)O)O
quercetin 3-O-rhamnopyranoside,Oc1cc(O)c2c(c1)oc(c(c2=O)O[C@@H]1OC(C)[C@@H](C([C@@H]1O)O)O)c1ccc(c(c1)O)O
myricetin 3-O-beta-glucopyranoside,Oc1cc(O)c2c(c1)oc(c(c2=O)O[C@@H]1O[C@H](C(=O)O)[C@H]([C@@H]([C@H]1O)O)O)c1cc(O)c(c(c1)O)O
"quercetin 3,7-O-beta-diglucopyranoside",OC[C@H]1OC(Oc2cc(O)c3c(c2)oc(c(c3=O)OC2O[C@H](CO)[C@H]([C@@H]([C@H]2O)O)O)c2ccc(c(c2)O)O)[C@@H]([C@H]([C@@H]1O)O)O
methylvilangin,CCCCCCCCCCCC1=C(O)C(=O)C(=C(C1=O)O)C(C1=C(O)C(=O)C(=C(C1=O)O)CCCCCCCCCCC)C
"2,5-dihydroxy-3-methyl-6-undecyl-1,4-benzoquinone",CCCCCCCCCCCC1=C(O)C(=O)C(=C(C1=O)O)C
2-O-methyl-muketanin,CCCCCCCCCCCC1=C(O)C(=O)C(=C(C1=O)OC)C
"myricetin 3-(3'',4''-diacetylrhamnoside)",CC(=O)OC1[C@H](O)[C@@H](OC([C@@H]1OC(=O)C)C)Oc1c(oc2c(c1=O)c(O)cc(c2)O)c1cc(O)c(c(c1)O)O
myricetin 3-rhamnoside,Oc1cc(O)c2c(c1)oc(c(c2=O)OC1OC(C)C(C(C1O)O)O)c1cc(O)c(c(c1)O)O
myricetin 7-rhamnoside,O[C@H]1[C@@H](O[C@H]([C@@H]([C@H]1O)O)C)Oc1cc(O)c2c(c1)oc(c(c2=O)O)c1cc(O)c(c(c1)O)O
myricetin 3-xyloside,Oc1cc(O)c2c(c1)oc(c(c2=O)O[C@@H]1OC[C@H](C(C1O)O)O)c1cc(O)c(c(c1)O)O
myricetin 3-arabinoside,Oc1cc(O)c2c(c1)oc(c(c2=O)OC1OC[C@H]([C@H]([C@@H]1O)O)O)c1cc(O)c(c(c1)O)O
3'-O-methylquercetin 3-glucoside,OC[C@H]1OC(Oc2c(oc3c(c2=O)c(O)cc(c3)O)c2ccc(c(c2)OC)O)[C@@H]([C@H]([C@@H]1O)O)O
myricetin 3-O-beta-glucoside,Oc1cc(O)c2c(c1)oc(c(c2=O)O[C@@H]1OC(CO[C@@H]2OC(C)[C@@H](C([C@@H]2O)O)O)[C@H]([C@@H](C1O[C@@H]1OC(C)[C@@H](C([C@@H]1O)O)O)O)O)c1cc(O)c(c(c1)O)O
maesanin,CCCC/C=C\CCCCCCCCCC1=C(O)C(=O)C=C(C1=O)OC
maesanol,CCCC/C=C\CCCCCCCCCC1=C(O)C(=O)C(=C(C1=O)O)C
"(2alpha,3beta)-dihydroxyurs-12-en-28-oic acid",O[C@@H]1C[C@@]2(C)[C@H](C([C@H]1O)(C)C)CC[C@@]1([C@@H]2CC=C2[C@@]1(C)CC[C@@]1([C@H]2CC(C)(C)CC1)C(=O)O)C
corosolic acid,C[C@@H]1CC[C@]2([C@@H]([C@H]1C)C1=CC[C@H]3[C@@]([C@@]1(CC2)C)(C)CC[C@@H]1[C@]3(C)C[C@@H](O)[C@@H](C1(C)C)O)C(=O)O
"(2alpha,3beta) 23-trihydroxy-urs-12-en-28-oic acid",OC[C@]1(C)[C@@H](O)[C@H](O)C[C@]2([C@H]1CC[C@@]1([C@@H]2CC=C2[C@@]1(C)CC[C@@]1([C@H]2[C@@H](C)[C@@H](CC1)C)C(=O)O)C)C
6-C-alpha-L-arabinopyranosyl-8-C-beta-D-glucopyranosylapigenin,OCC1O[C@H](C([C@@H]([C@@H]1O)O)O)c1c(O)c([C@@H]2OC[C@@H]([C@@H](C2O)O)O)c(c2c1oc(cc2=O)c1ccc(cc1)O)O
"(4-methoxy-benzo[1,3]dioxol-5-yl)-phenylmethanone",COc1c(ccc2c1OCO2)C(=O)c1ccccc1
"1,7-dihydroxy-4-methoxyxanthone",COc1ccc(c2c1oc1ccc(cc1c2=O)O)O
benzyl 2-hydroxy-6-methoxybenzoate,COc1cccc(c1C(=O)OCc1ccccc1)O
methyl 2-hydroxy-6-methoxybenzoate,COC(=O)c1c(O)cccc1OC
"5,7-dihydroxy-3-(hydroxy-phenyl-methyl)-6-methoxy-chroman-4-one",COc1c(O)cc2c(c1O)C(=O)C(CO2)C(c1ccccc1)O
"2',4'-dihydroxy-6'-methoxydihydrochalcone",COC1=CC(=CC(C1C(=O)/C=C/c1ccccc1)O)O
"3,7-dihydroxy-5,8-dimethoxyflavanone",COc1c(O)cc(c2c1OC(c1ccccc1)C(C2=O)O)OC
"7-hydroxy-5,8-dimethoxyflavone",COc1ccc(cc1)c1cc(=O)c2c(o1)c([C@@H]1OC[C@@H]([C@H](C1O)O)O)c(c(c2O)[C@@H]1OC[C@@H]([C@@H](C1O)O)O)OC
"3',6'-dihydroxy-2',4',5'-trimethoxychalcone",COc1c(C(=O)/C=C/c2ccccc2)c(O)c(c(c1O)OC)OC
quercetin-3-(2''-galloyglucoside),OC[C@H]1OC(Oc2c(oc3c(c2=O)c(O)cc(c3)O)c2ccc(c(c2)O)O)[C@@H]([C@H]([C@@H]1O)O)OC(=O)c1cc(O)c(c(c1)O)O
"2',4'-dihydroxy-3',6'-dimethoxychalcone",COc1cc(O)c(c(c1C(=O)/C=C/c1ccccc1)O)OC
"2',6'-dihydroxy-3',4'-dimethoxychalcone",COc1cc(O)c(c(c1OC)O)C(=O)/C=C/c1ccccc1
"2'-dihydroxy-4',6'-dimethoxychalcone",COc1cc(O)c(c(c1)OC)C(=O)/C(=C/c1ccccc1)/O
"2',4'-dihydroxy-6'-methoxychalcone",COc1cc(O)cc(c1C(=O)/C=C/c1ccccc1)O
"2',6'-dihydroxy-4'-methoxychalcone",COc1cc(O)c(c(c1)O)C(=O)/C=C/c1ccccc1
"2',6'-dihydroxy-4'-methoxydihydrochalcone",COC1=CC(O)C(C(=C1)O)C(=O)/C=C/c1ccccc1
5-hydroxy-7-methoxyflavanone,COc1cc2OC(CC(=O)c2c(c1)O)c1ccccc1
7-hydroxy-5-methoxyflavanone,COc1cc(O)cc2c1C(=O)CC(O2)c1ccccc1
alizarin,O=C1c2ccccc2C(=O)c2c1ccc(c2O)O
rubiadin,O=C1c2ccccc2C(=O)c2c1c(O)c(c(c2)O)C
browniine,COCC12CCC(C34C1C(OC)C(C3N(C2)CC)(O)C1(C2C4CC(C2O)C(C1)OC)O)OC
delcosine,COC[C@@]12CC[C@@H]([C@@]34[C@@H]1[C@H](OC)[C@](C3N(C2)CC)(O)[C@@]1([C@@H]2[C@H]4C[C@@H]([C@@H]2O)[C@H](C1)OC)O)O
delcosine 14-O-acetate,COC[C@@]12CC[C@H]([C@@]34[C@@H]1[C@H](OC)[C@]([C@H]3N(C2)CC)(O)[C@@]1([C@@H]2[C@H]4C[C@@H]([C@@H]2OC(=O)C)[C@H](C1)OC)O)O
deltatsine,COC[C@@]12CC[C@@H]([C@@]34[C@@H]1[C@H](OC)[C@]([C@H]3N(C2)CC)(O)[C@@]1([C@@H]2[C@H]4C[C@@H]([C@@H]2O)[C@H](C1)OC)OC)O
leroyine,CO[C@@H]1C[C@@]2(O)[C@H]3[C@H]([C@@H]1C[C@H]3[C@@]13[C@H]4[C@]2(O)C[C@@H]1[C@@](CN4CC)(C)CC[C@@H]3O)O
leroyine 14-O-acetate,CO[C@@H]1C[C@@]2(O)[C@H]3[C@H]([C@@H]1C[C@H]3[C@@]13[C@H]4[C@]2(O)C[C@@H]1[C@@](CN4CC)(C)CC[C@@H]3O)OC(=O)C
glucofrangulin A diacetate,OC[C@H]1O[C@@H](Oc2cc(O[C@@H]3O[C@@H](C)[C@@H]([C@H]([C@H]3OC(=O)C)OC(=O)C)O)cc3c2C(=O)c2c(C3=O)cc(cc2O)C)[C@@H]([C@H]([C@@H]1O)O)O
glucofrangulin A,OC[C@H]1O[C@@H](Oc2cc(O[C@@H]3O[C@@H](C)[C@@H]([C@H]([C@H]3O)O)O)cc3c2C(=O)c2c(C3=O)cc(cc2O)C)[C@@H]([C@H]([C@@H]1O)O)O
emodin 1-O-beta-D-glucopyranoside,OC[C@H]1OC(Oc2cc(O)cc3c2C(=O)c2c(C3=O)cc(cc2O)C)[C@@H]([C@H]([C@@H]1O)O)O
emodin 1-O-beta-D-glucoside,OC[C@H]1O[C@@H](Oc2cc(O)cc3c2C(=O)c2c(C3=O)cc(cc2O)C)[C@@H]([C@H]([C@@H]1O)O)O
prinoidin,CC(=O)O[C@H]1[C@H](Oc2cc(O)c3c(c2)Cc2c(C3=O)c(O)cc(c2)C)O[C@H]([C@@H]([C@H]1OC(=O)C)O)C
musizin,CC(=O)c1c(C)cc2c(c1O)c(O)ccc2
beta-sorigenin-8-O-beta-D-glucoside,OC[C@H]1OC(Oc2cccc3c2c(O)c2c(c3)COC2=O)[C@@H]([C@H]([C@@H]1O)O)O
beta-sorigenin-1-O-beta-glucoside,OC[C@H]1OC(Oc2c3C(=O)OCc3cc3c2c(O)ccc3)[C@@H]([C@H]([C@@H]1O)O)O
beta-sorigenin,O=C1OCc2c1c(O)c1c(c2)cccc1O
sorigenin-1-O-methyl ether,COc1c2C(=O)OCc2cc2c1c(O)ccc2
3-O-methylquercetin,COc1c(oc2c(c1=O)c(O)cc(c2)O)c1ccc(c(c1)O)O
emodin anthrone,Cc1cc2Cc3cc(O)cc(c3C(=O)c2c(c1)O)O
emodin bianthrone,Cc1cc(O)c2c(c1)C(c1c(C2=O)c(O)cc(c1)O)C1c2cc(C)cc(c2C(=O)c2c1cc(O)cc2O)O
"emodinanthrone-6-O-rhamnopyranoside-2',3'4'-triacetate",CC(=O)O[C@@H]1C(Oc2cc(O)c3c(c2)Cc2c(C3=O)c(O)cc(c2)C)O[C@@H]([C@H]([C@@H]1OC(=O)C)OC(=O)C)C
"isopimar-8(14)-en-15,16-diol",OCC([C@@]1(C)CCC2C(=C1)CC[C@@H]1[C@]2(C)CCCC1(C)C)O
"erythroxyl-4(17),15(16)-dien-3-one",C=C[C@@]1(C)CCC2C(=C1)CC[C@]1([C@@H]2CCC(=O)C1=C)C
isopimar-8(14)-en-16-hydroxy-15-one,CC(=O)[C@@]1(C)CCC2C(=C1)CC[C@@H]1[C@]2(C)CCCC1(C)C
protokosin,COc1c(C)c(O)c(c(c1C(=O)C(C)C)O)Cc1c(O)c(Cc2c(O)c(C)c(c(c2OC)C(=O)C(C)C)OC)c(c(c1O)C(=O)C(C)C)O
kosotoxin,COc1c(C)c(O)c(c(c1C(=O)C(C)C)O)CC1(C)C(=C(C)C(=C(C1=O)C(=O)C(C)C)O)O
kosin,COc1c(C)c(O)c(c(c1C(=O)C(C)C)O)Cc1c(O)c(C)c(c(c1O)C(=O)C(C)C)OC
isobutyryl-3-methylphloroglucinol-2-methyl ether,COc1c(C(=O)CC(C)C)c(O)cc(c1C)O
isovaleryl (IV),[CH2-]C(=C)CC#[O+]
2-methylbutyryl (2-MeB),CCC(C(=O)c1c(O)cc(c(c1OC)C)O)C
phloroglucinol iB,Oc1cc(O)c(c(c1)O)C(=O)C(C)C
phloroglucinol iV,CC(CC(=O)c1c(O)cc(cc1O)O)C
phloroglucinol 2-MeB,CCC(C(=O)c1c(O)cc(cc1O)O)C
methyl phloroglucinol iB,CC(C(=O)c1c(O)cc(c(c1O)C)O)C
methyl phloroglucinol iV,CC(CC(=O)c1c(O)cc(c(c1O)C)O)C
methyl phloroglucinol 2-MeB,CCC(C(=O)c1c(O)cc(c(c1O)C)O)C
beta-kosin,COc1c(Cc2c(O)c(C)c(c(c2O)C(=O)C(C)C)O)c(O)c(c(c1C(=O)C(C)C)OC)C
pseudo-aspidinol iB,COc1c(c(O)cc(c1C)O)C(=O)C(C)C
methyl-phloroglucinol-2-methyl ether,COc1cc(O)cc(c1C)O
3-methylfilicinic acid,O=C1CC(O)C(C(=C1C)O)(C)C
"3,3-dimethylfilicinic acid",O=C1C(C)(C)C(=O)CC(=O)C1(C)C
"methyl 5,10-dihydroxy-7-methoxy-1,1,3a-trimethyl-1a,2,3,3a,10c,10d-hexahydro-1H-4-oxacyclobuta[cd]indeno[5,6-a]naphthalene-9-carboxylate",COC(=O)c1cc(OC)c2c(c1O)c1c(c(c2)O)O[C@@]2([C@@H]3[C@H]1C([C@@H]3CC2)(C)C)C
"methyl 5,10-dihydroxy-7-methoxy-3-methyl-3-(4-methyl-3-pentenyl)-3H-benzo[f]chromene-9-carboxylate",COC(=O)c1cc(OC)c2c(c1O)c1C=CC(Oc1c(c2)O)(C)CCC=C(C)C
"methyl 8-hydroxy-1,4,6,7-tetramethoxy-2-naphthoate",COC(=O)c1cc(OC)c2c(c1OC)c(O)c(c(c2)OC)OC
"methyl 1,8-dihydroxy-4,6,7-trimethoxy-2-naphthoate",COC(=O)c1cc(OC)c2c(c1O)c(O)c(c(c2)OC)OC
"9-methoxy-2,2-dimethyl-2H-benzo[h]chromene-7,10-diol",COc1cc(O)c2c(c1O)c1OC(C)(C)C=Cc1cc2
"9-methoxy-2-methyl-2-(4-methyl-3-pentenyl)-2H-benzo[h]chromene-7,10-diol",COc1cc(O)c2c(c1O)c1OC(C)(CCC=C(C)C)C=Cc1cc2
(24S)-24-ethylcholesta-5-(E)-22-dien-3-beta-ol,CC[C@@H](C(C)C)/C=C/[C@H]([C@H]1CC[C@@H]2[C@]1(C)CC[C@H]1[C@H]2CC=C2[C@]1(C)CCC(C2)O)C
"7-hydroxy-3,3-dimethyl-10-methoxy-3H-benzo[f]chromene-8-carboxylic acid",COc1cc(C(=O)O)c(c2c1c1C=CC(Oc1cc2)(C)C)O
rubiadin-1-methyl ether 3-O-beta-primeveroside,COc1c(C)c(OC2O[C@H](COC3OC[C@H]([C@@H]([C@H]3O)O)O)[C@H]([C@@H]([C@H]2O)O)O)cc2c1C(=O)c1ccccc1C2=O
damnacanthol-3-O-beta-primeveroside,OCc1c(OC2O[C@H](COC3OC[C@H]([C@@H]([C@H]3O)O)O)[C@H]([C@@H]([C@H]2O)O)O)cc2c(c1OC)C(=O)c1c(C2=O)cccc1
lucidin-3-O-beta-primeveroside,OCc1c(O[C@H]2O[C@H](CO[C@@H]3OC[C@H]([C@@H]([C@H]3O)O)O)[C@H]([C@@H]([C@H]2O)O)O)cc2c(c1O)C(=O)c1c(C2=O)cccc1
damnacanthol,COc1c2C(=O)c3ccccc3C(=O)c2cc(c1CO)O
rubiadin-1-methyl ether,COc1c2C(=O)c3ccccc3C(=O)c2cc(c1C)O
"1,3-dihydroxy-2-methoxymethyl-9,10-anthraquinone",COCOc1c(O)cc2c(c1O)C(=O)c1c(C2=O)cccc1
damnacanthol-3-O-methyl ether,OCc1c(OC)cc2c(c1OC)C(=O)c1c(C2=O)cccc1
"1,4,5-trihydroxy-3-methoxy-6-(3,7,11,15,19-pentamethyleicosa-2,6,10,14,18-pentaenyl)naphthalene",COc1cc(O)c2c(c1O)c(O)c(cc2)C/C=C(\CC/C=C(\CC/C=C(/CC/C=C(/CCC=C(C)C)\C)\C)/C)/C
rubiadin-3-O-beta-primeveroside,O[C@H]1[C@@H](O[C@@H]([C@H]([C@@H]1O)O)CO[C@@H]1OC[C@H]([C@@H]([C@H]1O)O)O)Oc1cc2C(=O)c3ccccc3C(=O)c2c(c1C)O
"trans-3,4-dihydroxy-3,4-dihydromollugin",COC(=O)c1c(O)c2ccccc2c2c1[C@@H](O)[C@@H](C(O2)(C)C)O
"cis-3,4-dihydroxy-3,4-dihydromollugin",COC(=O)c1c(O)c2ccccc2c2c1[C@@H](O)[C@H](C(O2)(C)C)O
"3-hydroxy-1-methyl-9,10-anthraquinone",Oc1cc(C)c2c(c1)C(=O)c1c(C2=O)cccc1
"3-methoxy-1-methyl-9,10-anthraquinone",COc1cc(C)c2c(c1)C(=O)c1c(C2=O)cccc1
parvinaphthol A,COC(=O)c1cc(OC)c2c(c1O)c(O)c(c(c2)OC)O
parvinaphthol B,COC(=O)c1cc(OC)c2c(c1O)ccc(c2O)O
parvinaphthol C,CO[C@@H]1O[C@H]2c3c(ccc4c3c(OC)cc(c4O)C(=O)O)O[C@@]3([C@H]2[C@H]([C@H]1C)CC3)C
busseihydroquinone C,COc1cc(C(=O)O)c(c2c1c1C=CC(Oc1cc2)(C)CCC=C(C)C)O
busseihydroquinone E,CCO[C@@H]1O[C@H]2c3c(ccc4c3c(OC)cc(c4O)C(=O)O)O[C@@]3([C@H]2[C@H]([C@H]1C)CC3)C
busseihydroquinone F,COC1=C/C(=C\2/C=C(OC)c3c(C2=O)ccc2c3C=CC(O2)(C)C)/C(=O)c2c1c1C=CC(Oc1cc2)(C)C
busseihydroquinone D,O=C/C(=C/1\CCC2(C1=Cc1c(O2)ccc2c1c(OC)cc(c2O)C(=O)O)C)/C
"3,5,3'-trihydroxy-7,4'-dimethoxyflavone",COc1cc(O)c2c(c1)oc(c(c2=O)O)c1ccc(c(c1)O)OC
"5,7-trihydroxy-4'-methoxyflavone",COc1ccc(cc1)c1oc2cc(O)cc(c2c(=O)c1O)O
"5,4'-dihydroxy-7-methoxyflavanone",COc1cc2OC(CC(=O)c2c(c1)O)c1ccc(cc1)O
"3,4'-dimethoxy-5,7-diacetoxyflavone",COc1ccc(cc1)c1oc2cc(OC(=O)C)cc(c2c(=O)c1OC)OC(=O)C
"[(3alpha,3'alpha,4beta,4'beta)-3,3']-dimethoxy-cis-[4,4'-bis(3,4,5,10-tetrahydro-1H-naphtho[2,3-c]pyran)]-5,5',10,10'-tetraone",CO[C@H]1OCC2=C([C@@H]1[C@@H]1[C@@H](OC)OCC3=C1C(=O)c1c(C3=O)cccc1)C(=O)c1c(C2=O)cccc1
"cis-3,4-dihydroxy-3,4-dihydromollugin",CCC(=O)C1=C2C(c3c(C1=O)cccc3)OC(C(C2O)O)(C)C
pentalongin,O=C1C2=C(COC=C2)C(=O)c2c1cccc2
mollugin,COC(=O)c1c2C=CC(Oc2c2c(c1O)cccc2)(C)C
"methyl-2,3-epoxy-3-prenyl-1,4-naphthoquinone-2-carboxylate",CC(=CCC12OC1(C(=O)O)C(=O)c1c(C2=O)c(C)ccc1)C
tectoquinone,Cc1ccc2c(c1)C(=O)c1c(C2=O)cccc1
3-hydroxymollugin,COC(=O)c1c2C[C@H](O)C(Oc2c2c(c1O)cccc2)(C)C
3-methoxymollugin,CO[C@H]1Cc2c(C(=O)OC)c(O)c3c(c2OC1(C)C)cccc3
"methyl-3-prenyl-1,4-naphthoquinone-2-carboxylate",COC(=O)C1=C(CC=C(C)C)C(=O)c2c(C1=O)cccc2
scopoletin,COc1cc2ccc(=O)oc2cc1O
2-methoxy-3-methylanthraquinone,COc1cc2c(cc1C)C(=O)c1c(C2=O)cccc1
"ergosta-5,22-dien-3beta-ol",O[C@H]1CCC2(C(=CCC3C2CCC2(C3CCC2C(/C=C/C(C(C)C)C)C)C)C1)C
normelicopicine,COc1c(OC)c(OC)c2c(c1O)c(=O)c1c(n2C)cccc1
arborinine,COc1cc2c(c(c1OC)O)c(=O)c1c(n2C)cccc1
melicopicine,COc1c(OC)c(OC)c2c(c1OC)n(C)c1c(c2=O)cccc1
tecleanthine,COc1c2OCOc2cc2c1c(=O)c1c(n2C)c(OC)ccc1
6-methoxytecleanthine,COc1ccc2c(c1OC)n(C)c1c(c2=O)c(OC)c2c(c1)OCO2
skimmianine,COc1ccc2c(c1OC)nc1c(c2OC)cco1
dictamnine,COc1c2ccccc2nc2c1cco2
urticifolene,CCC(C/C=C/C/C=C/C/C=C/C=C/CCCCCCCCCCC/C=C/CC(CC(=O)O)O)O
"5,7-dimethoxy-8-(3'-hydroxy-3'methyl-1'-butene)-coumarin",COc1cc(OC)c2c(c1/C=C/C(O)(C)C)oc(=O)cc2
"6H-indolo[3,2,1-de][1,5]naphthyridin-6-one",O=c1ccc2c3n1c1ccccc1c3ccn2
"7,8-dimethoxy-5-methyl-2,3-methylenedioxybenzo[c]- phenanthridin-6(5H)-one",COc1c(OC)ccc2c1c(=O)n(C)c1c2ccc2c1cc1OCOc1c2
"7,8-dimethoxy-2,3-methylenedioxybenzo[c]phenanthridine",COc1c(OC)ccc2c1cnc1c2ccc2c1cc1OCOc1c2
"N-(2-methylpropyl)-2,4-decadienamide",CCCCC/C=C/C=C/C(=O)NCC(C)C
"(+)-2,6-Bis(3,4-methylenedioxyphenyl)-3,7-dioxabicyclo[ 3.3.0]octane",C1Oc2c(O1)cc(cc2)[C@H]1OC[C@H]2[C@@H]1CO[C@@H]2c1ccc2c(c1)OCO2
"(+)-piperitol-3,3-dimethylallyl ether",COc1ccc(cc1OCC=C(C)C)[C@H]1OC[C@H]2[C@@H]1CO[C@@H]2c1ccc2c(c1)OCO2
"4H-1-benzopyran-4-one, 2, 3-dihydro-5- hydroxy-2-(4'-methoxy-3'-hydroxybenzyl)-7-O-(2-methyl butanol) ether",COc1c(OC)ccc2c1n(C)c(=O)c1c2OC(C)(C)C=C1
"haplopine-3,3'-dimethylallyl ether",COc1c(OCC=C(C)C)ccc2c1nc1occc1c2OC
anhydroevoxine,COc1c(OCC2OC2(C)C)ccc2c1nc1occc1c2OC
evoxine,COc1c(OCC(C(O)(C)C)O)ccc2c1nc1occc1c2OC
nitidine,COc1cc2c[n+](C)c3c(c2cc1OC)ccc1c3cc2OCOc2c1
"5,6-dihydronitidine",COc1cc2c(cc1OC)CN(c1c2ccc2c1cc1c(c2)OCO1)C
uguenensene,CC(=O)O[C@@H]1C[C@H]2C(C)(C)O[C@@H]3[C@@]2([C@@H]2[C@]1(C)[C@@]14O[C@@H]1C[C@H]([C@@]4(CC2)C)c1cocc1)COC(=O)C3
uguenensone,CC(=O)O[C@@H]1C[C@H]2C(C)(C)O[C@@H]3[C@@]2([C@@H]2[C@]1(C)[C@@]14O[C@@H]1C(=O)[C@H]([C@@]4(CC2)C)c1cocc1)COC(=O)C3
uguenenprenol,OC/C(=C/COc1cc2O[C@H](c3ccc(cc3)O)[C@H](C(=O)c2c(c1)O)O)/C
chisocheton A,CC(=O)O[C@@H]1O[C@H](C[C@H]1[C@@H]1CC=C2[C@@]1(C)CC[C@H]1[C@@]2(C)[C@H](O)C[C@@H]2[C@]1(C)CCC(=O)C2(C)C)[C@@H]1OC1(C)C
kihadalactone A,CC(=O)OC1CC2C(C)(C)OC(=O)CC([C@@]2(C2[C@]1(C)C1=CCC(C1(CC2)C)c1ccoc1)C)OC(=O)C
limonyl acetate,CC(=O)O[C@@H]1C[C@H]2C(C)(C)O[C@@H]3[C@@]2([C@@H]2[C@@]1(C)[C@@]14O[C@@H]1C(=O)O[C@H]([C@@]4(CC2)C)c1cocc1)COC(=O)C3
methyl uguenenoate,COC(=O)C[C@@H]1OC([C@H]2[C@@]1(CO)[C@H]1CC[C@@]3([C@]4([C@@]1(C(=O)C2)C)O[C@@H]4C(=O)O[C@H]3c1cocc1)C)(C)C
7-O-methylaromadendrin,COc1cc2O[C@H](c3ccc(cc3)O)[C@H](C(=O)c2c(c1)O)O
flindersiamine,COc1c2OCOc2cc2c1nc1occc1c2OC
"8alpha,11-elemodiol",C=C[C@@H]1C[C@@H](O)C(C[C@H]1C(=C)C)C(O)(C)C
tricoccin S13 acetate,CC(=O)OC1C[C@H]2C(C)(C)OC(=O)C=C[C@@]2([C@@H]2[C@]1(C)C1=CC[C@H]([C@]1(C)CC2)[C@@H]1COC(=O)C1)C
acetylmontrifoline,COc1cc2nc3occc3c(c2cc1OC[C@H](C(O)(C)C)OC(=O)C)OC
montrifoline,COc1cc2nc3occc3c(c2cc1OC[C@H](C(O)(C)C)O)OC
maculine,COc1c2cc3OCOc3cc2nc2c1cco2
kokusaginine,COc1cc2c(cc1OC)nc1c(c2OC)cco1
glomeral,O=C/C=C/c1cc(CC2OC2(C)C)c(c(c1)OC)O
methyl cinnamate,COC(=O)/C=C/c1ccccc1
hesperetin,COc1ccc(cc1O)[C@@H]1CC(=O)c2c(O1)cc(cc2O)O
scoparone,COc1cc2oc(=O)ccc2cc1OC
syringaresinol,COc1cc(cc(c1O)OC)[C@H]1OC[C@H]2[C@@H]1CO[C@@H]2c1cc(OC)c(c(c1)OC)O
limonin,O=C1OC[C@]23[C@H](C1)OC([C@@H]2CC(=O)[C@@]1([C@@H]3CC[C@@]2([C@]31O[C@@H]3C(=O)O[C@H]2c1cocc1)C)C)(C)C
uguenenazole,COc1ccc(cc1)c1cnc(o1)c1ccccc1
uguenenonamide,COc1ccc(cc1)C(=O)CNC(=O)c1ccccc1
maculosidine,COc1cc(OC)c2c(c1)c(OC)c1c(n2)occ1
syringaldehyde,COc1cc(C=O)cc(c1O)OC
calodendrolide,O=C1O[C@@H](c2cocc2)[C@]2([C@]3([C@@H]1O3)C(=CCC2)C)C
limonin diosphenol,O=C1OC[C@]23[C@H](C1)OC(C2=C(O)C(=O)[C@@]1([C@@H]3CC[C@@]2([C@]31O[C@@H]3C(=O)O[C@@H]2c1cocc1)C)C)(C)C
magnoflorine,COc1ccc2c(c1O)c1c(O)c(OC)cc3c1[C@H](C2)[N+](C)(C)CC3
"4,5,6,7-tetramethoxyfuro[2,3-b]quinoline",COc1cc2nc3occc3c(c2c(c1OC)OC)OC
nobiline,CN(CC1CCC2(C1(C)C(=O)C1OC(=O)C2C1C(C)C)O)C
veprisiniol,OCC(CCOc1cc2OC(CC(=O)c2c(c1)O)c1ccc(c(c1)O)OC)C
"isohaplopine-3,3'-dimethylallyl ether",COc1ccc2c(c1OCC=C(C)C)nc1c(c2OC)cco1
tecleoxine,COc1cc2nc3occc3c(c2cc1OCC1OC1(C)C)OC
nkolbisine,COc1cc2nc3occc3c(c2cc1OCC(C(O)(C)C)O)OC
uguenenprenol,OC/C(=C\COc1cc2OC(c3ccc(cc3)O)[C@H](C(=O)c2c(c1)O)O)/C
(+)sesamin,Oc1ccc(cc1O)[C@H]1OC[C@H]2[C@@H]1CO[C@@H]2c1ccc(c(c1)O)O
"neo-clerodan-3,13-dien-16,15:18,19-diolide",COC1C=C(C(=O)O1)CC[C@@]1(C)[C@H](C)CC[C@]23[C@@H]1CCC=C2C(=O)OC3
"15-methoxy-neo-clerodan-3,13-dien-16,15:18,19-diolide",O=C1OCC=C1CC[C@@]1(C)[C@H](C)CC[C@]23[C@@H]1CCC=C2C(=O)OC3
penduletin,COc1c(oc2c(c1=O)c(O)c(c(c2)OC)OC)c1ccc(cc1)O
hautriwaic acid,OC[C@@]12CC[C@H]([C@]([C@H]1CCC=C2C(=O)O)(C)CCc1ccoc1)C
ayanin,COc1cc(O)c2c(c1)oc(c(c2=O)OC)c1ccc(c(c1)O)OC
santin,COc1ccc(cc1)c1oc2cc(O)c(c(c2c(=O)c1OC)O)OC
"3,4',5,7-tetrahydroxy-6-methoxyflavone",COc1c(O)cc2c(c1O)c(=O)c(c(o2)c1ccc(cc1)O)O
pinocembrin,Oc1cc2O[C@@H](CC(=O)c2c(c1)O)c1ccccc1
dodonic acid,O[C@H]1C=C(C(=O)O)[C@@]2([C@@H](C1)[C@](C)(CCc1ccoc1)[C@H](C[C@H]2O)C)C
2beta-hydroxyhardwickiic acid,O[C@@H]1C=C(C(=O)O)[C@]2([C@H](C1)[C@@](C)(CCc1cocc1)[C@@H](CC2)C)C
"(ent-3beta,8alpha)-15,16-epoxy-13(16),14-labdadiene-3,8-diol",O[C@@H]1CC[C@@]2([C@@H](C1(C)C)CC[C@]([C@H]2CCc1ccoc1)(C)O)C
"5-(2-(furan-3-yl)ethyl)-3,4,4a,5,6,7,8,8a-octahydro-8 hydroxy-5,6,8a-trimethylnaphthalene-1-carboxylic acid",OC(=O)C1=CCCC2C1(C)C(O)CC(C2(C)CCc1cocc1)C
"(8',9'-dihydroxy)-3-farnesylindole",C/C(=C\Cc1c[nH]c2c1cccc2)/CC/C=C(/C(C(C=C(C)C)O)O)\C
solanidine 3-O-[alpha-L-rhamnopyranosyl-(1''→4)-[alpha-L-rhamnopyranosyl-(1' → 2)]-beta-D-glucopyranoside],OC[C@H]1O[C@@H](O[C@H]2CC[C@]3(C(=CC[C@@H]4[C@@H]3CC[C@]3([C@H]4C[C@H]4[C@@H]3[C@H](C)[C@@H]3N4C[C@H](CC3)C)C)C2)C)[C@H]([C@H]([C@H]1O[C@@H]1O[C@@H](C)[C@@H]([C@H]([C@H]1O)O)O)O)O[C@@H]1O[C@@H](C)[C@H]([C@H]([C@H]1O)O)O
solanidine 3-O-[alpha-L-rhamnopyranosyl-(1''→4)-beta-D-glucopyranoside],OC[C@H]1O[C@@H](OC2CC[C@]3(C(=CC[C@@H]4C3CC[C@]3([C@H]4C[C@H]4[C@@H]3[C@H](C)[C@@H]3N4C[C@H](CC3)C)C)C2)C)[C@@H]([C@H]([C@@H]1O[C@@H]1O[C@@H](C)[C@@H]([C@H]([C@H]1O)O)O)O)O
(25R)-3beta-{O-alpha-L-Rhamnopyranosyl-(1→2)-[O-beta-D-glucopyranosyl-(1→4)-O-alpha-L-rhamnopyranosyl-(1→4)]-beta-D-glucopyranosyl}-22alpha-N-spirosol-5-ene,OC[C@H]1OC(OC2CCC3(C(=CCC4C3CCC3(C4CC4C3C(C)C3(O4)CCC(CN3)C)C)C2)C)[C@@H]([C@H]([C@@H]1OC1O[C@H](C)[C@H]([C@@H]([C@@H]1O)O)OC1O[C@H](CO)[C@H]([C@@H]([C@H]1O)O)O)O)OC1O[C@H](C)[C@H]([C@@H]([C@@H]1O)O)O
(25R)-3beta-{O-beta-D-glucopyranosyloxy}-22alphaN-spirosol-5-ene,OC[C@H]1OC(OC2CCC3(C(=CCC4C3CCC3(C4CC4C3C(C)C3(O4)CCC(CN3)C)C)C2)C)[C@@H]([C@H]([C@@H]1O)O)O
solasodine,C[C@@H]1CC[C@@]2(NC1)O[C@@H]1[C@H]([C@@H]2C)[C@@]2([C@@H](C1)[C@@H]1CC=C3[C@]([C@H]1CC2)(C)CC[C@@H](C3)O)C
"2,3,4',5,6-pentahydroxybenzophenone-4-C-glucoside",OC[C@H]1OC([C@@H]([C@H]([C@@H]1O)O)O)c1c(O)c(O)c(c(c1O)O)C(=O)c1ccc(cc1)O
"2,4',6-trihydroxy-4-methoxybenzophenone-2-O-glucoside",OC[C@H]1OC(Oc2cc(OC)cc(c2C(=O)c2ccc(cc2)O)O)[C@@H]([C@H]([C@@H]1O)O)O
mangiferin,OC[C@H]1O[C@H]([C@@H]([C@H]([C@@H]1O)O)O)c1c(O)cc2c(c1O)c(=O)c1c(o2)cc(c(c1)O)O
yuankanin,COc1cc(O[C@@H]2O[C@H](CO[C@@H]3OC[C@H]([C@@H]([C@H]3O)O)O)[C@H]([C@@H]([C@H]2O)O)O)c2c(c1)oc(cc2=O)c1ccc(cc1)O
manniflavanone,Oc1cc(O)c2c(c1)O[C@@H]([C@H](C2=O)c1c(O)cc(c2c1O[C@H](c1ccc(c(c1)O)O)[C@H](C2=O)O)O)c1ccc(c(c1)O)O
kirkinine B,OC[C@@]12O[C@@H]1[C@@H]1[C@@H]3O[C@@]45O[C@@]1([C@@H]1[C@]([C@H]2O)(O)C(=O)[C@@H](C1[C@H](C)CCCCCCCC/C=C\C=C\C=C\4)C)[C@H](C[C@]3(O5)C(=C)C)C
synaptolepis factor K7,CCCCCCCCCCCCC/C=C/C12O[C@H]3[C@@](O1)(C[C@H]([C@@]1(O2)C3[C@@H]2O[C@@]2([C@H]([C@]2([C@H]1C=C(C2=O)C)O)O)CO)C)C(=C)C
kirkinine C,OC[C@@]12O[C@@H]1[C@@H]1[C@@H]3O[C@@]45O[C@@]1([C@@H]1[C@]([C@H]2O)(O)C(=O)[C@@H](C1[C@H](C)CCCCCCCC/C=C\C=C\C=C\4)C)[C@H]([C@H]([C@]3(O5)C(=C)C)OC(=O)C)C
kirkinine D,CCC/C=C\C=C\C=C\[C@@]12O[C@H]3[C@](O1)(C(=C)C)[C@@H]([C@H]([C@@]1(O2)[C@H]3[C@@H]2O[C@@]2([C@H]([C@]2([C@H]1C=C(C2=O)C)O)O)CO)C)OC(=O)C
yuanhuandine,CCCCC/C=C/C=C/[C@@]12O[C@H]3[C@](O1)(C(=C)C)[C@@H]([C@H]([C@@]1(O2)[C@H]3[C@@H]2O[C@@]2([C@H]([C@]2([C@H]1C=C(C2=O)C)O)O)CO)C)OC(=O)C
kirkinine E,OC[C@@]12O[C@@H]1[C@@H]1[C@@H]3O[C@@]45O[C@@]1([C@@H]1[C@]([C@H]2O)(O)C(=O)[C@@H](C1[C@@](C)(O)CCCCCCCC/C=C\C=C\C=C\4)C)[C@H](C[C@]3(O5)C(=C)C)C
matairesinol,COc1cc(ccc1O)C[C@H]1C(=O)OC[C@@H]1Cc1ccc(c(c1)OC)O
kirkinine,CCCCCCCCCCCCC/C=C/[C@@]12O[C@H]3[C@](O1)(C(=C)C)[C@@H]([C@H]([C@@]1(O2)[C@H]3[C@@H]2O[C@@]2([C@H]([C@]2([C@H]1C=C(C2=O)C)O)O)CO)C)OC(=O)C
12beta-acetoxyhuratoxin,CCCCCCCCC/C=C/C=C/C12O[C@H]3[C@](O1)(C(=C)C)[C@@H]([C@H]([C@@]1(O2)C3C2O[C@@]2([C@H]([C@]2(C1C=C(C2=O)C)O)O)CO)C)OC(=O)C
excoecariatoxin,CCCCC/C=C/C=C/C12O[C@H]3[C@@](O1)(C[C@H](C1(O2)[C@H]3[C@@H]2O[C@@]2([C@H]([C@]2([C@H]1C=C(C2=O)C)O)O)CO)C)C(=C)C
"12-hydroxy-8,12-abietadiene-3,11,14-trione",O=C1C(=C(C(C)C)C(=O)C2=C1[C@@]1(C)CCC(=O)C([C@@H]1CC2)(C)C)O
royleanone,O=C1C(=O)C(=C(C2=C1[C@@]1(C)CCCC([C@@H]1CC2)(C)C)O)C(C)C
taxodione,CC(C1=CC2=CC(=O)[C@@H]3[C@](C2=C(C1=O)O)(C)CCCC3(C)C)C
"11-hydroxy-7,9(11),13-abietatrien-12-one",OC1=C2C(=CC[C@@H]3[C@]2(C)CCCC3(C)C)C=C(C1=O)C(C)C
sugiol,O=C1C[C@H]2C(C)(C)CCC[C@@]2(c2c1cc(C(C)C)c(c2)O)C
6-hydroxysalvinolone,OC1=C2C(C)(C)CCC[C@@]2(c2c(C1)cc(C(C)C)c(c2O)O)C
"6,11,12,16-tetrahydroxy-5,8,11,13-abietatetra-en-7-one",OCC(c1cc2C(=O)C(=C3[C@@](c2c(c1O)O)(C)CCCC3(C)C)O)C
uncinatone,C[C@H]1Cc2c(O1)c(O)c1c(c2O)C(=O)C=C2[C@]1(C)CCC(=C2C)C
"11-hydroxy-8,11,13-abietatriene-12-O-beta-xylopyranoside",O[C@@H]1COC([C@@H]([C@H]1O)O)Oc1c(cc2c(c1O)[C@@]1(C)CCCC([C@@H]1CC2)(C)C)C(C)C
ursolic acid methyl ester,COC(=O)[C@]12CC[C@H]([C@@H]([C@H]1C1=CC[C@H]3[C@@]([C@@]1(CC2)C)(C)CC[C@@H]1[C@]3(C)CC[C@@H](C1(C)C)O)C)C
vebenaline,OC[C@H]1O[C@@H](O[C@@H]2OC=C([C@@H]3[C@H]2[C@@H](C)CC3=O)C(=O)OC)[C@@H]([C@H]([C@@H]1O)O)O
(+)-1-hydroxypinoresinol,COc1cc(ccc1O)C1OCC2(C1COC2c1ccc(c(c1)OC)O)O
(+)-lariciresinol,OC[C@H]1[C@H](CO[C@@H]1c1ccc(c(c1)OC)O)Cc1ccc(c(c1)OC)O
(-)-seco-isolariciresinol,COc1cc(ccc1OC(=O)C)C[C@H]([C@@H](Cc1ccc(c(c1)OC)OC(=O)C)COC(=O)C)COC(=O)C
limonene oxide,CC(=C)[C@@H]1CCC2(C(C1)O2)C
verbenone,CC1=CC(=O)C2CC1C2(C)C
glutenol,O[C@H]1CC[C@@H]2C(=CCC3[C@@]2(C)CC[C@@]2([C@]3(C)CC[C@@]3(C2CC(C)(C)CC3)C)C)C1(C)C
"13,17-dihydroxy-labda-8,14-diene-17-O-xylopyranoside",C=C[C@@H](CCC1=C(CC[C@H]2[C@@]1(C)CCCC2(C)C)[C@@H](C[C@H]1OC[C@H]([C@@H]([C@H]1O)O)O)O)O
"13,17-dihydroxy-labda-8,14-diene-17-O-xylopyranoside",C=C[C@@H](CCC1=C(CC[C@H]2[C@@]1(C)CCCC2(C)C)[C@H](C[C@H]1OC[C@H]([C@@H]([C@H]1O)O)O)O)O
"13,17-dihydroxy-labda-8,14-diene-17-O-xylopyranoside",C=C[C@@H](CCC1=C(CC[C@@H]2[C@@]1(C)CCCC2(C)C)[C@H](C[C@H]1OC[C@H]([C@@H]([C@H]1O)O)O)O)O
"13,17-dihydroxy-labda-8,14-diene-17-O-xylopyranoside",C=C[C@H](CCC1=C(CC[C@@H]2[C@@]1(C)CCCC2(C)C)[C@H](C[C@H]1OC[C@H]([C@@H]([C@H]1O)O)O)O)O
"13,17-dihydroxy-labda-8,14-diene-17-O-xylopyranoside",C=C[C@H](CCC1=C(CC[C@H]2[C@@]1(C)CCCC2(C)C)[C@@H](C[C@H]1OC[C@H]([C@@H]([C@H]1O)O)O)O)O
"13,17-dihydroxy-labda-8,14-diene-17-O-xylopyranoside",C=C[C@H](CCC1=C(CC[C@@H]2[C@@]1(C)CCCC2(C)C)[C@@H](C[C@H]1OC[C@H]([C@@H]([C@H]1O)O)O)O)O
"13,17-dihydroxy-labda-8,14-diene-17-O-xylopyranoside",C=C[C@H](CCC1=C(CC[C@H]2[C@@]1(C)CCCC2(C)C)[C@H](C[C@H]1OC[C@H]([C@@H]([C@H]1O)O)O)O)O
"13,17-dihydroxy-labda-8,14-diene-17-O-xylopyranoside",C=C[C@@H](CCC1=C(CC[C@@H]2[C@@]1(C)CCCC2(C)C)[C@@H](C[C@H]1OC[C@H]([C@@H]([C@H]1O)O)O)O)O
"13-acetoxy-17-hydroxy-labda-8,14-diene-17-O-(xylopyranoside triacetate)",C=C[C@H](OC(=O)C)CCC1=C(CC[C@H]2[C@@]1(C)CCCC2(C)C)[C@@H](C[C@H]1OC[C@H]([C@@H]([C@H]1O)O)O)O
"13-acetoxy-17-hydroxy-labda-8,14-diene-17-O-(xylopyranoside triacetate)",C=C[C@H](OC(=O)C)CCC1=C(CC[C@H]2[C@@]1(C)CCCC2(C)C)[C@H](C[C@H]1OC[C@H]([C@@H]([C@H]1O)O)O)O
"13-acetoxy-17-hydroxy-labda-8,14-diene-17-O-(xylopyranoside triacetate)",C=C[C@H](OC(=O)C)CCC1=C(CC[C@@H]2[C@@]1(C)CCCC2(C)C)[C@H](C[C@H]1OC[C@H]([C@@H]([C@H]1O)O)O)O
"13-acetoxy-17-hydroxy-labda-8,14-diene-17-O-(xylopyranoside triacetate)",C=C[C@@H](OC(=O)C)CCC1=C(CC[C@@H]2[C@@]1(C)CCCC2(C)C)[C@H](C[C@H]1OC[C@H]([C@@H]([C@H]1O)O)O)O
"13-acetoxy-17-hydroxy-labda-8,14-diene-17-O-(xylopyranoside triacetate)",C=C[C@@H](OC(=O)C)CCC1=C(CC[C@H]2[C@@]1(C)CCCC2(C)C)[C@@H](C[C@H]1OC[C@H]([C@@H]([C@H]1O)O)O)O
"13-acetoxy-17-hydroxy-labda-8,14-diene-17-O-(xylopyranoside triacetate)",C=C[C@@H](OC(=O)C)CCC1=C(CC[C@@H]2[C@@]1(C)CCCC2(C)C)[C@@H](C[C@H]1OC[C@H]([C@@H]([C@H]1O)O)O)O
"13-acetoxy-17-hydroxy-labda-8,14-diene-17-O-(xylopyranoside triacetate)",C=C[C@@H](OC(=O)C)CCC1=C(CC[C@H]2[C@@]1(C)CCCC2(C)C)[C@H](C[C@H]1OC[C@H]([C@@H]([C@H]1O)O)O)O
"13-acetoxy-17-hydroxy-labda-8,14-diene-17-O-(xylopyranoside triacetate)",C=C[C@H](OC(=O)C)CCC1=C(CC[C@@H]2[C@@]1(C)CCCC2(C)C)[C@@H](C[C@H]1OC[C@H]([C@@H]([C@H]1O)O)O)O
"5-allyl-1,2,3-trimethoxybenzene",C=CCc1cc(OC)c(c(c1)OC)OC
isoliquiritigenin,Oc1ccc(cc1)/C=C/C(=O)c1ccc(cc1O)O
maximaisoflavone-G,COc1cc2OCOc2cc1c1coc2c(c1=O)ccc(c2)O
schliebenin A,COc1ccc2c(c1CC(C(O)(C)C)O)O[C@@H]1[C@H]2COc2c1ccc(c2)O
tetramethylormocarpin,OC[C@H]1OC(Oc2cc(C)c3c(c2)O[C@@H]([C@H](C3=O)[C@@H]2[C@H](Oc3c(C2=O)c(C)cc(c3)OC2O[C@H](CO)[C@H]([C@@H]([C@H]2O)O)O)c2ccc(cc2)C)c2ccc(cc2)C)[C@@H]([C@H]([C@@H]1O)O)O
dodecacetylormocarpin,OC[C@H]1OC(Oc2cc3O[C@H](c4ccc(cc4)OC(=O)C)[C@H](C(=O)c3c(c2)OC(=O)C)[C@@H]2[C@H](Oc3c(C2=O)c(OC(=O)C)cc(c3)OC2O[C@H](COC(=O)C)[C@H]([C@@H]([C@H]2OC(=O)C)OC(=O)C)OC(=O)C)c2ccc(cc2)OC(=O)C)[C@@H]([C@H]([C@@H]1O)O)O
chamaejasmin,Oc1ccc(cc1)C1Oc2cc(O)cc(c2C(=O)C1C1C(Oc2c(C1=O)c(O)cc(c2)O)c1ccc(cc1)O)O
"4',4''',5,5''-tetramethylchamaejasmin",COc1ccc(cc1)[C@H]1Oc2cc(O)cc(c2C(=O)[C@@H]1[C@@H]1[C@H](Oc2c(C1=O)c(OC)cc(c2)O)c1ccc(cc1)OC)OC
hexamethylchamaejasmin,COc1ccc(cc1)[C@H]1Oc2cc(OC)cc(c2C(=O)[C@@H]1[C@@H]1[C@H](Oc2c(C1=O)c(OC)cc(c2)OC)c1ccc(cc1)OC)OC
"7,7''-diacetyl-4',4''',5,5''-tetramethylchamaejasmin",COc1ccc(cc1)[C@H]1Oc2cc(OC(=O)C)cc(c2C(=O)[C@@H]1[C@@H]1[C@H](Oc2c(C1=O)c(OC)cc(c2)OC(=O)C)c1ccc(cc1)OC)OC
di-podocarpanoid hugonone A,O=C1[C@@H]2C3=C([C@@H](C1(C)O)[C@H]1[C@@]42CC[C@H]2[C@@](C4=CC(=O)[C@@]1(C)O)(C)CC[C@@H](C2(C)C)O)CC[C@H]1[C@@]3(C)CC[C@@H](C1(C)C)O
16-oxo-28-hydroxyolean-12-ene 3-O-beta-glucopyranosyl-(1''→6')-beta-glucopyranoside,OC[C@H]1OC(OC[C@H]2OC(O[C@H]3CC[C@]4(C(C3(C)C)CC[C@@]3(C4CC=C4[C@@]3(C)CC(=O)[C@@]3(C4CC(C)(C)CC3)CO)C)C)[C@@H]([C@H]([C@@H]2O)O)O)[C@@H]([C@H]([C@@H]1O)O)O
"16alpha,28-dihydroxyolean-12-ene 3-O-beta-[(6''-O-galloylglucopyranosyl-(1''→2')][beta-glucopyranosyl-(1'''→6')]-beta-glucopyranoside",OC[C@H]1OC(OC[C@H]2OC(O[C@H]3CC[C@]4(C(C3(C)C)CC[C@@]3(C4CC=C4[C@@]3(C)CC([C@@]3(C4CC(C)(C)CC3)CO)O)C)C)[C@@H]([C@H]([C@@H]2O)O)OC2O[C@@H]([C@H]([C@@H]([C@H]2O)O)O)C(C(=O)c2cc(O)c(c(c2)O)O)O)[C@@H]([C@H]([C@@H]1O)O)O
"16alpha,22alpha,28-trihydroxyolean-12-ene 3-O-[beta-glucopyranosyl-(1''→2')][alpha-rhamnopyranosyl-(1'''→6']-beta -glucopyranoside",OC[C@H]1OC(O[C@H]2C(O[C@@H]([C@H]([C@@H]2O)O)COC2O[C@H](C)[C@H]([C@@H]([C@@H]2O)O)O)O[C@H]2CC[C@]3(C(C2(C)C)CC[C@@]2(C3CC=C3[C@@]2(C)CC([C@@]2(C3CC(C)(C)C[C@@H]2O)CO)O)C)C)[C@@H]([C@H]([C@@H]1O)O)O
22alpha-acetyl-16alpha-hydroxyolean-12-en-28-al 3-O-[alpha-rhamnopyranosyl-(1''''→6''')-beta-glucopyranosyl-(1'''→3')] [beta-glucopyranosyl-(1''→2')]-beta-arabinopyranoside,OC[C@@H]1OC(O[C@@H]2C(OC[C@H]([C@H]2OC2O[C@H](COC3O[C@H](C)[C@H]([C@@H]([C@@H]3O)O)O)[C@H]([C@@H]([C@H]2O)O)O)O)O[C@H]2CC[C@]3(C(C2(C)C)CC[C@@]2(C3CC=C3[C@@]2(C)CC([C@@]2(C3CC(C)(C)C[C@@H]2OC(=O)C)C=O)O)C)C)[C@H]([C@@H]([C@H]1O)O)O
"22alpha-acetyl-16alpha,21beta-dihydroxyoleanane-13beta:28-olide 3-O-[beta-glucopyranosyl-(1'''→6')][6''-O-coumaroylglucopyranosyl-(1''→2')]-beta-glucopyranoside",OC[C@H]1OC(OC[C@H]2OC(O[C@H]3CC[C@]4(C(C3(C)C)CC[C@@]3(C4CC[C@@]45[C@@]3(C)CC([C@@]3(C4CC(C)(C)[C@H]([C@@H]3OC(=O)C)O)C(=O)O5)O)C)C)[C@@H]([C@H]([C@@H]2O)O)OC2O[C@H](COC(=O)/C=C/c3ccc(cc3)O)[C@H]([C@@H]([C@H]2O)O)O)[C@@H]([C@H]([C@@H]1O)O)O
"16alpha,22alpha-diacetyl-21beta-angeloyloleanane-13beta:28-olide 3beta-O-[beta-glucopyranosyl-(1''→2')][beta-glucopyranosyl-(1'''→4')]-beta-glucopyranoside",OC[C@H]1OC(O[C@H]2CC[C@]3(C(C2(C)C)CC[C@@]2(C3CC[C@@]34[C@@]2(C)CC([C@@]2(C3CC(C)(C)[C@H]([C@@H]2OC(=O)C)OC(=O)/C(=C/C)/C)C(=O)O4)OC(=C)C)C)C)[C@@H]([C@H]([C@@H]1OC1O[C@H](CO)[C@H]([C@@H]([C@H]1O)O)O)O)OC1O[C@H](CO)[C@H]([C@@H]([C@H]1O)O)O
"16alpha,22alpha,28-trihydroxy-21beta-angeloyloleanan-12-ene 3beta-O-[alpha-rhamnopyranosyl-(1'''→6'')][beta-glucopyranosyl-(1''→2')]-beta-xylopyranoside",C/C=C(/C(=O)O[C@H]1[C@H](O)[C@]2(CO)C(O)C[C@@]3(C(=CCC4[C@@]3(C)CCC3[C@]4(C)CC[C@@H](C3(C)C)OC3OC[C@H]([C@@H]([C@H]3OC3O[C@H](COC4O[C@H](C)[C@H]([C@@H]([C@@H]4O)O)O)[C@H]([C@@H]([C@H]3O)O)O)O)O)C2CC1(C)C)C)\C
"16alpha,28-dihydroxy-22alpha-acetyl-21beta-angeloylolean-12-ene 3-O-[beta-galactopyranosyl-(1''→2')][alpha-rhamnopyranosyl-(1'''→4')]-alpha-arabinopyranoside",OC[C@@H]1OC(O[C@@H]2C(OC[C@H]([C@H]2O)OC2O[C@H](C)[C@H]([C@@H]([C@@H]2O)O)O)O[C@H]2CC[C@]3(C(C2(C)C)CC[C@@]2(C3CC=C3[C@@]2(C)CC([C@@]2(C3CC(C)(C)[C@H]([C@@H]2OC(=O)C)OC(=O)/C(=C/C)/C)CO)O)C)C)[C@H]([C@@H]([C@@H]1O)O)O
myricetin 3-O-alpha-rhamnopyranosyl-(1''→3')-beta-glucopyranoside,OC[C@H]1OC(Oc2c(oc3c(c2=O)c(O)cc(c3)O)c2cc(O)c(c(c2)O)O)[C@@H]([C@H]([C@@H]1O)OC1O[C@H](C)[C@H]([C@@H]([C@@H]1O)O)O)O
quercetin 3-galactosyl (1→2)rhamnoside,OC[C@H]1OC(O[C@@H]2C(O[C@@H]([C@H]([C@@H]2O)O)C)Oc2c(oc3c(c2=O)c(O)cc(c3)O)c2ccc(c(c2)O)O)[C@@H]([C@H]([C@H]1O)O)O
isorhamnetin 3-O-beta-galactoysyl (1→4)-beta-galactoside,OC[C@H]1OC(Oc2c(oc3c(c2=O)c(O)cc(c3)O)c2ccc(c(c2)OC)O)[C@H]([C@H]([C@@H]1OC1O[C@H](CO)[C@@H]([C@@H]([C@H]1O)O)O)O)O
quercetin 3-O-[alpha-rhamnosyl (1→2)][alpha-rhamnosyl (1→4)]-alpha-rhamnoside,Oc1cc(O)c2c(c1)oc(c(c2=O)OC1O[C@H](C)[C@H]([C@@H]([C@@H]1OC1O[C@H](C)[C@H]([C@@H]([C@@H]1O)O)O)O)OC1O[C@H](C)[C@H]([C@@H]([C@@H]1O)O)O)c1ccc(c(c1)O)O
quercetin 3-glucosyl (1'''→4'')rhamnoside-7-rhamnosyl (1'''→6'''') glucoside,OC[C@H]1OC(Oc2cc(O)c3c(c2)oc(c(c3=O)OC2O[C@H](OC3O[C@H](CO)[C@H]([C@@H]([C@H]3O)O)O)[C@H]([C@@H]([C@@H]2O)O)O)c2ccc(c(c2)O)O)[C@@H]([C@H]([C@@H]1OC1O[C@H](C)[C@H]([C@@H]([C@@H]1O)O)O)O)O
quercetin 8-C-alpha-beta-rhamnosyl(1→2)glucoside,OC[C@H]1OC(O[C@@H]2C(O[C@@H]([C@H]([C@@H]2O)O)C)Oc2ccc(c3c2oc(c2ccc(c(c2)O)O)c(c3=O)O)O)[C@@H]([C@H]([C@@H]1O)O)O
Delta5-stigmasterol-3-O-beta-D-glucopyranoside,CC[C@@H](C(C)C)/C=C/[C@H]([C@H]1CC[C@@H]2[C@]1(C)CC[C@H]1[C@H]2CC=C2[C@]1(C)CC[C@@H](C2)O[C@H]1O[C@H](CO)[C@H]([C@@H]([C@H]1O)O)O)C
"(6',7'-dihydro-8',9'-dihydroxy)-3-farnesindole",C/C(=C\Cc1c[nH]c2c1cccc2)/CCCC(C(C(C=C(C)C)O)O)C
embelinone,O=C1C[C@@]2(C)[C@]3(C)CC[C@@H]4[C@]([C@H]3CC[C@@]32[C@H]2[C@]1(CO3)CCC(C2)(C)C)(C)CCC(=O)C4(C)C
aegicerin,O[C@H]1CC[C@]2([C@H](C1(C)C)CC[C@@]1([C@@H]2CC[C@@]23[C@@]1(C)CC(=O)[C@@]1([C@H]2CC(C)(C)CC1)CO3)C)C
protoprimulagenin A,O[C@@H]1C[C@@]2(C)[C@]3(C)CC[C@@H]4[C@]([C@H]3CC[C@@]32[C@H]2[C@]1(CO3)CCC(C2)(C)C)(C)CC[C@@H](C4(C)C)O
schimperinone,OC[C@]12CCC(C[C@@]1(C)C1=CC[C@]3([C@@]([C@@]1(CC2=O)C)(C)CC[C@@H]1[C@]3(C)CC[C@@H](C1(C)C)C)C)(C)C
primulagenin A,OC[C@]12CCC(C[C@H]1C1=CC[C@H]3[C@@]([C@@]1(C[C@H]2O)C)(C)CC[C@@H]1[C@]3(C)CC[C@@H](C1(C)C)O)(C)C
"3beta,16alpha-di-O-acetyl-13beta,28-epoxyoleanane",CC(=O)O[C@H]1CC[C@]2([C@H](C1(C)C)CC[C@@]1([C@@H]2CC[C@@]23[C@@]1(C)C[C@H]([C@@]1([C@H]2CC(C)(C)CC1)CO3)OC(=O)C)C)C
"3beta-acetyl-16-oxo-13beta,28-epoxyoleanane",CC(=O)O[C@H]1CC[C@]2([C@H](C1(C)C)CC[C@@]1([C@@H]2CC[C@@]23[C@@]1(C)CC(=O)[C@@]1([C@H]2CC(C)(C)CC1)CO3)C)C
"3beta-acetyl-16alpha-hydroxy-13beta,28-epoxyoleanane",CC(=O)O[C@H]1CC[C@]2([C@H](C1(C)C)CC[C@@]1([C@@H]2CC[C@@]23[C@@]1(C)C[C@H]([C@@]1([C@H]2CC(C)(C)CC1)CO3)O)C)C
"3beta-acetyl-16alpha-hydroxyoleanane-13beta,28-olide",CC(=O)O[C@H]1CC[C@]2([C@H](C1(C)C)CC[C@@]1([C@@H]2CC[C@@]23[C@@]1(C)C[C@H]([C@@]1([C@H]2CC(C)(C)CC1)C(=O)O3)O)C)C
3beta-acetyl-28-hydroxy-16-oxo-12-oleanene,OC[C@]12CCC(C[C@H]1[C@@]1([C@](CC2=O)(C)[C@]2(C)CC[C@@H]3[C@]([C@H]2CC1)(C)CC[C@@H](C3(C)C)OC(=O)C)C)(C)C
"3beta,28-di-O-acetyl-16alpha-hydroxy-12-oleanene",CC(=O)OC[C@]12CCC(C[C@H]1[C@@]1([C@](C[C@H]2O)(C)[C@]2(C)CC[C@@H]3[C@]([C@H]2CC1)(C)CC[C@@H](C3(C)C)OC(=O)C)C)(C)C
"3beta-acetyl-11alpha,28-dihydroxy-16-oxo-12-oleanene",OC[C@]12CCC(C[C@H]1[C@@]1([C@](CC2=O)(C)[C@]2(C)CC[C@@H]3[C@](C2[C@@H](C1)O)(C)CC[C@@H](C3(C)C)OC(=O)C)C)(C)C
"3beta,11alpha,16alpha,28-tetrahydroxy-12-oleanene",OC[C@]12CCC(C[C@H]1[C@@]1([C@](C[C@H]2O)(C)[C@]2(C)CC[C@@H]3[C@](C2[C@@H](C1)O)(C)CC[C@@H](C3(C)C)O)C)(C)C
"3beta-acetyl-16alpha,28alpha-dihydroxy-13beta,28-oxydooleanane",CC(=O)O[C@H]1CC[C@]2([C@H](C1(C)C)CC[C@@]1([C@@H]2CC[C@@]23[C@@]1(C)C[C@H]([C@@]1([C@H]2CC(C)(C)CC1)[C@@H](O3)O)O)C)C
"3beta,28alpha-dihydroxy-16-oxo-13beta,28-oxydooleanane",O[C@H]1CC[C@]2([C@H](C1(C)C)CC[C@@]1([C@@H]2CC[C@@]23[C@@]1(C)CC(=O)[C@@]1([C@H]2CC(C)(C)CC1)[C@@H](O3)O)C)C
"3beta,28-dihydroxy-16-oxo-12-oleanene",OC[C@]12CCC(C[C@H]1[C@@]1([C@](CC2=O)(C)[C@]2(C)CC[C@@H]3[C@]([C@H]2CC1)(C)CC[C@@H](C3(C)C)O)C)(C)C
taraxerone,O=C1CC[C@]2([C@H](C1(C)C)CC[C@@]1([C@@H]2CC[C@@]2(C1=CC[C@@]1([C@H]2CC(C)(C)CC1)C)C)C)C
taraxerol,O[C@H]1CC[C@]2([C@H](C1(C)C)CC[C@@]1([C@@H]2CC[C@@]2(C1=CC[C@@]1([C@H]2CC(C)(C)CC1)C)C)C)C
methylanhydrovilangin,CCCCCCCCCCCC1=C(O)C(=O)C2=C(C1=O)OC1=C(C2C)C(=O)C(=C(C1=O)CCCCCCCCCCC)O
"2,5-dihydroxy-3-(nonadec-14-enyl)-1,4-benzoquinone",CCCC/C=C/CCCCCCCCCCCCCC1=C(O)C(=O)C=C(C1=O)O
lanciaquinone,O=C1C(=CC(=O)C(=C1CCCCCCCCCCCCCCC1=C(O)C(=CC(=O)C1=O)C)O)O
maesaquinone,CCCC/C=C/CCCCCCCCCCCCCC1=C(O)C(=O)C(=C(C1=O)O)C
"5,7,4'-trihydroxy-8-(3""'-methylbut-2""'-enyl)-6-(2""-hydroxy-3""-methylbut-3""enyl) isoflavone",CC(=CCc1c(O)c(CC(C(=C)C)O)c(c2c1occ(c2=O)c1ccc(cc1)O)O)C
"5,7,2'-trihydroxy-4'-methoxy-5'-(3""-methylbut-2""-enyl)isoflavanone",COc1cc(O)c(cc1CC=C(C)C)C1COc2c(C1=O)c(O)cc(c2)O
"5,4'-dihydroxy-6-(3""'-methylbut-2""'-enyl)-2""-hydroxyisopropyl dihydrofurano [4"",5"":8,7] isoflavone",CCC(C(O)(C)C)Oc1c2OCC(C(=O)c2c(c(c1OC(C(O)(C)C)CC)CC=C(C)C)O)c1ccc(c(c1)CC=C(C)C)O
alpinumisoflavone,Oc1ccc(cc1)c1coc2c(c1=O)c(O)c1c(c2)OC(C=C1)(C)C
D:B-friedoolean-5-en-3beta-ol,O[C@H]1CC[C@@H]2C(=CC[C@H]3[C@@]2(C)CC[C@@]2([C@]3(C)CC[C@@]3([C@H]2CC(C)(C)CC3)C)C)C1(C)C
3-farnesylindole,C/C(=C\CC1CNc2c1cccc2)/CC/C=C(/CCC=C(C)C)\C
"2'-hydroxy-3',4',6'-trimethoxychalcone",COc1cc(OC)c(c(c1C(=O)/C=C/c1ccccc1)O)OC
"2,5-dihydroxy-3-methyl-1,4-benzoquinone",O=C1C=C(O)C(=O)C(=C1O)C
embelin,CCCCCCCCCCCC1=C(O)C(=O)C=C(C1=O)O
englerin A,OCC(=O)O[C@@H]1C[C@@]2(O[C@@]1(C)[C@@H]1CC[C@H]([C@H]1[C@@H]2OC(=O)/C=C/c1ccccc1)C)C(C)C
englerin B,O=C(O[C@@H]1[C@H]2[C@@H](C)CC[C@@H]2[C@]2(O[C@@]1(C[C@@H]2O)C(C)C)C)/C=C/c1ccccc1
pachyrrhizine,COc1cc2OCOc2cc1c1cc2cc3ccoc3cc2oc1=O
neotenone,COc1cc2OCOc2cc1C1COc2c(C1=O)cc1c(c2)occ1
neorautanone,COc1cc(cc(c1OC)OC)C1COc2c(C1=O)cc1c(c2)occ1
neoduline,C1Oc2c(O1)cc1c(c2)C2COc3c(C2O1)cc1c(c3)occ1
nepseudin,COc1c(ccc(c1OC)OC)C1COc2c(C1=O)cc1c(c2)occ1
4-methoxyneoduline,COc1c2OCC3C(c2cc2c1occ2)Oc1c3cc2c(c1)OCO2
rapanone,CCCCCCCCCCCCCC1=C(O)C(=O)C=C(C1=O)O
macrophyllin,C=CCC1=C[C@]2(OC)C(=O)C([C@@H]1O)[C@@H]([C@H]2C)c1cc(OC)c(c(c1)OC)OC
acetylmaesaquinone,CCCC/C=C/CCCCCCCCCCCCCC1=C(OC(=O)C)C(=O)C(=C(C1=O)OC(=O)C)C
kaurenoic acid,C=C1C[C@]23C[C@H]1CC[C@H]2[C@]1([C@H](CC3)[C@@](C)(CCC1)C(=O)O)C
grandiflorenic acid,C=C1CC23CC1CC=C2[C@]1([C@H](CC3)[C@@](C)(CCC1)C(=O)O)C
dependensin,COc1cc(OC)c2c(c1OC)O[C@@H]1[C@H]([C@@H]2/C=C/c2ccccc2)[C@H](Oc2c1c(OC)cc(c2OC)OC)c1ccccc1
"5,7,8-trimethoxyflav-3-ene",COc1cc(OC)c2c(c1OC)OC(C=C2)c1ccccc1
"2-hydroxy-3,4,6-trimethoxychalcone",COc1cc(OC)c(c(c1/C=C/C(=O)c1ccccc1)O)OC
(-)-pipoxide,O=C(c1ccccc1)OC[C@]12OC1C=C[C@@H](C2O)OC(=O)c1ccccc1
aloe-emodin acetate,CC(=O)OCc1cc(O)c2c(c1)C(=O)c1c(C2=O)c(O)ccc1
"(ent)-2-oxokaur-16-en-18,19-diol",OCC1(CO)CC(=O)C[C@@]2([C@@H]1CC[C@]13[C@H]2CC[C@H](C1)C(=C)C3)C
"(ent)-kaur-16-en-2alpha,18,19-triol",OCC1(CO)CC(O)C[C@@]2([C@@H]1CC[C@]13[C@H]2CC[C@H](C1)C(=C)C3)C
"(ent)-16beta,17-dihydroxykauran-20-oic acid",OC[C@@]1(O)C[C@]23C[C@H]1CC[C@H]2[C@]1([C@H](CC3)C(C)(C)CCC1)CC(=O)O
"2-oxotrachyloban-18,19-diol",OCC1(CO)CC(=O)C[C@@]2([C@@H]1CC[C@@]13[C@H]2CC2C(C1)[C@]2(C3)C)C
"trachyloban-2beta,6beta,19-triol",OC[C@]1(C)CC(O)C[C@@]2([C@@H]1CC[C@@]13[C@H]2CC2C(C1)[C@]2(C3)C)C
3-O-benzoylhosloppone,OC1=C2C(=CC=C3[C@]2(C)CC[C@@H](C3(C)C)OC(=O)c2ccccc2)C=C(C1=O)C(C)C
3-O-cinnamoylhosloppone,O=C(O[C@H]1CC[C@]2(C(=CC=C3C2=C(O)C(=O)C(=C3)C(C)C)C1(C)C)C)/C=C/c1ccccc1
3-O-benzoylhinokiol,O=C(c1ccccc1)O[C@H]1CC[C@]2([C@H](C1(C)C)CCc1c2cc(O)c(c1)C(C)C)C
3-O-benzoylhosloquinone,O=C(c1ccccc1)O[C@@H]1CC=C2[C@@](C1(C)C)(C)C=CC1=C2C(=O)C(=O)C(=C1)C(C)C
hosloppone,OC1=C2C(=CC=C3[C@]2(C)CC[C@@H](C3(C)C)O)C=C(C1)C(C)C
3beta-acetoxyfuerstione,CC(=O)O[C@H]1CC[C@]2(C(=CC=C3C2=C(O)C(=O)C(=C3)C(O)(C)C)C1(C)C)C
knipholone cyclooxanthrone,COc1cc2O[C@H]3c4c(c2c(c1C(=O)C)O)c(C)cc(c4C(=O)c1c3cccc1O)O
knipholone cyclooxanthrone,COc1cc2O[C@@H]3c4c(c2c(c1C(=O)C)O)c(C)cc(c4C(=O)c1c3cccc1O)O
"10-methoxy-10,7'-(chrysophanol anthrone)-chrysophanol",CO[C@@]1(c2ccc3c(c2O)C(=O)c2c(C3=O)cc(cc2O)C)c2cccc(c2C(=O)c2c1cc(C)cc2O)O
"10-methoxy-10,7'-(chrysophanol anthrone)-chrysophanol",CO[C@]1(c2ccc3c(c2O)C(=O)c2c(C3=O)cc(cc2O)C)c2cccc(c2C(=O)c2c1cc(C)cc2O)O
"10-hydroxy-10,7'-(chrysophanol anthrone)-chrysophanol",Cc1cc(O)c2c(c1)C(=O)c1c(C2=O)c(O)c(cc1)[C@]1(O)c2cccc(c2C(=O)c2c1cc(C)cc2O)O
"10-hydroxy-10,7'-(chrysophanol anthrone)-chrysophanol",Cc1cc(O)c2c(c1)C(=O)c1c(C2=O)c(O)c(cc1)[C@@]1(O)c2cccc(c2C(=O)c2c1cc(C)cc2O)O
dianellin,O[C@@H]1[C@@H](COC2O[C@H](C)[C@H]([C@@H]([C@@H]2O)O)O)OC([C@@H]([C@H]1O)O)Oc1cccc2c1c(O)c(c(c2)C)C(=O)C
(+)-pandoxide,CO[C@@H]1C=C[C@@H]2[C@@]([C@H]1OC(=O)C)(COC(=O)c1ccccc1)C2
(-)-tingtanoxide,CC(=O)O[C@H]1[C@@H](C=C[C@H]2[C@]1(COC(=O)c1ccccc1)O2)OC(=O)c1ccccc1
(+)-pipoxide,O=C(c1ccccc1)OC[C@@]12O[C@@H]1C=C[C@H]([C@@H]2O)OC(=O)c1ccccc1
knipholone tetramethyl ether,COc1cc(C)c(c2c1C(=O)c1c(C2=O)cccc1OC)c1c(OC)cc(c(c1OC)C(=O)C)OC
knipholone tetraacetate,COc1cc(OC(=O)C)c(c(c1C(=O)C)OC(=O)C)c1c(C)cc(c2c1C(=O)c1cccc(c1C2=O)OC(=O)C)OC(=O)C
(-)-beta-necrodol,C=C1C[C@H](C([C@H]1C)(C)C)C
"(1.alpha.(s*),5-beta.)-1 -(phenyl sulfinyl)-bicyclo-[3.3.1]nona-3-one",O=C1CCC2(C[C@H]1CCC2)[S@](=O)c1ccccc1
"(2R,3R)-spiro-2,3-dimethyl-1,4-dioxolane-5,1',3'-cyanocyclopentane",N#CC1CCC2(C1)O[C@H]([C@H](O2)C)C
1-adamantyl methyl ketone,CC(=O)C12CC3CC(C1)CC(C2)C3
"(+,-)-tetramisole",C1CN2C(=NC(C2)c2ccccc2)S1
"cis,trans-2,3-dimethylthiochroman-4-carbonitrile",N#C[C@H]1[C@H](C)[C@H](C)Sc2c1cccc2
"1,14-dibromotetradecane",BrCCCCCCCCCCCCCCBr
alpha-phellandrene,CC1=CCC(C=C1)C(C)C
(Z)-beta-ocimene,C=C/C(=C\CC=C(C)C)/C
dihydrotagetone,C=CC(CC(=O)CC(C)C)C
alloocimene,C/C=C(/C=C/C=C(C)C)\C
(Z)-tagetone,C=C/C(=C\C(=O)CC(C)C)/C
(E)-tagetone,C=C/C(=C/C(=O)CC(C)C)/C
(Z)-ocimenone,C=C/C(=C\C(=O)C=C(C)C)/C
(E)-ocimenone,C=C/C(=C/C(=O)C=C(C)C)/C
elixene,C=CC1(C)CCC(=C(C)C)CC1C(=C)C
silphiperfol-6-ene,C[C@@H]1CC[C@]23[C@H]1CC[C@@]2(C)CC(=C3C)C
bicyclogermacrene,C/C/1=C\CC/C(=C/C2C(CC1)C2(C)C)/C
5-O-methylembelin,CCCCCCCCCCCC1=C(O)C(=O)C=C(C1=O)OC
quercetin 3-alpha-L-arabinopyranoside,Oc1cc(O)c2c(c1)oc(c(c2=O)O[C@@H]1OC[C@@H]([C@@H]([C@H]1O)O)O)c1ccc(c(c1)O)O
isoferulic acid,COc1ccc(cc1O)/C=C/C(=O)O
salicylic acid,OC(=O)c1ccccc1O
gentisic acid,Oc1ccc(c(c1)C(=O)O)O
Trans-cinnamic acid,OC(=O)/C=C/c1ccccc1
p-hydroxybenzoic acid,Oc1ccc(cc1)C(=O)O
chlorogenic acid,O=C(O[C@@H]1C[C@@](O)(C[C@H]([C@H]1O)O)C(=O)O)/C=C/c1ccc(c(c1)O)O
sinapic acid,COc1cc(/C=C/C(=O)O)cc(c1O)OC
ferulic acid,COc1cc(/C=C/C(=O)O)ccc1O
isouvaretin,COc1c(C(=O)CCc2ccccc2)c(O)cc(c1Cc1ccccc1O)O
angoluvarin,COc1cc(O)c(c(c1C(=O)CCc1ccccc1)O)Cc1cc(ccc1O)Cc1ccccc1O
Thiarubrine A,CC#CC1=CC=C(SS1)C#CC#CC=C
isoschizogaline,COc1ccc2c(c1)N1C(=O)C[C@]34[C@@]51[C@@H]([C@H]2CCN5CC=C3)CC4
schizozynine,CCCC12CCC3(C1N(C)C)N(C(=O)C2)c1c(C3CC)cc2c(c1)OCO2
"6,7-dehydro-19beta-hydroxyschizozygin",O=C1C[C@@]23C=CCN4[C@@H]2[C@@]2(N1c1cc5OCOc5cc1C2=CC4)CC3
3-O- [beta-D-xylopyranosyl-(1→2)-beta-D-fucopyranosyl-(1→6)-2-(acetylamino)-2-deoxy-beta-D-glucopyranosyl]-21-O-[2-aminobenzoyl]-28-O-[beta-D-xylopyranosyl-(1→4)-alpha-L-rhamnopyranosyl- (1→2)-beta-D-glucopyranosyl]acacic acid,OC[C@H]1O[C@@H](OC(=O)[C@]23C[C@H](OC(=O)c4ccccc4N)C(C[C@H]2C2=CC[C@H]4[C@@]([C@@]2(C[C@H]3O)C)(C)CC[C@@H]2[C@]4(C)CC[C@@H](C2(C)C)O[C@@H]2O[C@H](CO[C@@H]3O[C@H](C)[C@@H]([C@@H]([C@H]3O[C@@H]3OC[C@H]([C@@H]([C@H]3O)O)O)O)O)[C@H]([C@@H]([C@H]2NC(=O)C)O)O)(C)C)[C@@H]([C@H]([C@@H]1O)O)O[C@@H]1O[C@@H](C)[C@@H]([C@H]([C@H]1O)O)O[C@@H]1OC[C@H]([C@@H]([C@H]1O)O)O
3-O-[beta-D-xylopyranosyl- (1→2)-beta-D-fucopyranosyl-(1→6)-2-(acetylamino)-2-deoxy-beta- D-glucopyranosyl]-21-O-[2-aminobenzoyl]-28-O-beta-D-glucopyranosyl-(1→6)-[beta-D-xylopyranosyl-(1→4)-alpha-L-rhamnopyranosyl-(1→2)]-beta-D-glucopyranosylacacic acid,OC[C@H]1O[C@@H](OC[C@H]2O[C@@H](OC(=O)[C@]34C[C@H](OC(=O)c5ccccc5N)C(C[C@H]3C3=CC[C@H]5[C@@]([C@@]3(C[C@H]4O)C)(C)CC[C@@H]3[C@]5(C)CC[C@@H](C3(C)C)O[C@@H]3O[C@H](CO[C@@H]4O[C@H](C)[C@@H]([C@@H]([C@H]4O[C@@H]4OC[C@H]([C@@H]([C@H]4O)O)O)O)O)[C@H]([C@@H]([C@H]3NC(=O)C)O)O)(C)C)[C@@H]([C@H]([C@@H]2O)O)O[C@@H]2O[C@@H](C)[C@@H]([C@H]([C@H]2O)O)O[C@@H]2OC[C@H]([C@@H]([C@H]2O)O)O)[C@@H]([C@H]([C@@H]1O)O)O
3-O-[beta- D-xylopyranosyl-(1→2)-beta-D-fucopyranosyl-(1→6)-2-(acetylamino)-2-deoxy-beta-D-glucopyranosyl]-21-O-[2-aminobenzoyl]- 28-O-(alpha-L-arabinofuranosyl-(1→4)-[beta-D-glucopyranosyl(1→3)]- alpha-L-rhamnopyranosyl-(1→2)-beta-D-glucopyranosylacacic acid,OC[C@H]1O[C@@H](OC(=O)[C@]23C[C@H](OC(=O)c4ccccc4N)C(C[C@H]2C2=CC[C@H]4[C@@]([C@@]2(C[C@H]3O)C)(C)CC[C@@H]2[C@]4(C)CC[C@@H](C2(C)C)O[C@@H]2O[C@H](CO[C@@H]3O[C@H](C)[C@@H]([C@@H]([C@H]3O[C@@H]3OC[C@H]([C@@H]([C@H]3O)O)O)O)O)[C@H]([C@@H]([C@H]2NC(=O)C)O)O)(C)C)[C@@H]([C@H]([C@@H]1O)O)O[C@@H]1O[C@@H](C)[C@@H]([C@H]([C@@H]1O)O[C@@H]1O[C@H](CO)[C@H]([C@@H]([C@H]1O)O)O)O[C@@H]1O[C@H]([C@@H]([C@H]1O)O)CO
"3alpha,12alpha-dihydroxy-ent-8(14),15-isopimaradien-18-al",C=C[C@]1(C)C=C2CC[C@@H]3[C@]([C@H]2C[C@H]1O)(C)CC[C@@H]([C@@]3(C)C=O)O
"(-)-trans-9-acetyl-4,9'-di-O-methyl-3'-de-O-methyldehydrodiconiferyl alcohol",COC/C=C/c1cc(O)c2c(c1)[C@H](COC(=O)C)[C@H](O2)c1ccc(c(c1)OC)OC
"7,7'-dihydroxy-6,8'-bicoumarin",O=c1ccc2c(o1)cc(c(c2)c1c(O)ccc2c1oc(=O)cc2)O
"3,4-dimethoxycinnamaldehyde",O=C/C=C/c1ccc(c(c1)OC)OC
6-hydroxy-7-methoxycoumarin,COc1cc2oc(=O)ccc2cc1O
N-butylaniline,CCCCNc1ccccc1
vanillin,COc1cc(C=O)ccc1O
rautandiol A,Oc1ccc2c(c1)O[C@@H]1[C@H]2COc2c1cc1CC(O)C(Oc1c2)(C)C
rautandiol B,Oc1ccc2c(c1)O[C@@H]1[C@H]2COc2c1cc1CC(Oc1c2)C(O)(C)C
12-hydroxyrotenone,COc1cc2c(cc1OC)OC[C@H]1[C@]2(O)C(=O)c2c(O1)c1C[C@@H](Oc1cc2)C(=C)C
12-hydroxyerosone,COc1cc2c(cc1OC)CC[C@@H]1[C@@]2(O)C(=O)c2c(O1)cc1c(c2)cco1
dehydroneotenone,COc1cc2OCOc2cc1c1coc2c(c1=O)cc1c(c2)occ1
isoelliptol,COc1cc(OC)c(cc1c1coc2c(c1=O)cc1c(c2)occ1)OC
2-hydroxypterocarpin,COc1cc2OC[C@@H]3[C@H](c2cc1O)Oc1c3cc2c(c1)OCO2
ohchinin-3-acetate,COC(=O)C[C@@H]1[C@@]2(C)[C@@H](OC(=O)/C=C/c3ccccc3)C[C@H]([C@@]3([C@@H]2[C@H]([C@@H]2[C@@]1(C)C1=C(C)[C@@H](C[C@H]1O2)c1ccoc1)OC3)C)OC(=O)C
1-cinnamoyltrichilinin,O=C(O[C@H]1C[C@@H](OC(=O)C)[C@@]2([C@H]3[C@@]1(C)[C@H]1C[C@H](OC(=O)C)[C@@]4(C(=CC[C@H]4c4ccoc4)[C@@]1([C@@H]([C@@H]3OC2)O)C)C)C)/C=C/c1ccccc1
1-tigloyltrichilinin,C/C=C(/C(=O)O[C@@H]1C[C@H](OC(=O)C)[C@]2([C@@H]3[C@]1(C)[C@@H]1C[C@@H](OC(=O)C)[C@]4(C(=CC[C@H]4c4ccoc4)[C@@]1(C)[C@H]([C@H]3OC2)O)C)C)\C
1-acetyltrichilinin,CC(=O)O[C@@H]1C[C@H](OC(=O)C)[C@]2([C@@H]3[C@]1(C)[C@@H]1C[C@@H](OC(=O)C)[C@]4(C(=CC[C@H]4c4ccoc4)[C@]1([C@H]([C@H]3OC2)O)C)C)C
maprounic acid,O[C@H]1CC[C@]2([C@H](C1(C)C)CC[C@@]1([C@@H]2CC[C@@]2(C1=CC[C@@]1([C@H]2CC(C)(C)CC1)C(=O)O)C)C)C
maprounic acid acetate,CC(=O)O[C@H]1CC[C@]2(C(C1(C)C)CC[C@@]1(C2CC[C@@]2(C1=CCC1(C2CC(C)(C)CC1)C(=O)O)C)C)C
1beta-hydroxymaprounic acid 3-p-hydroxybenzoate,Oc1ccc(cc1)C(=O)O[C@@H]1CC[C@]2([C@H](C1(C)C)C[C@@H]([C@@]1([C@@H]2CC=C2[C@@]1(C)CC[C@@]1([C@H]2[C@@H](C(=O)O)[C@H](C)CC1)C)C)O)C
"2alpha-hydroxymaprounic acid 2,3-bis-p-hydroxybenzoate",Oc1ccc(cc1)C(=O)O[C@@H]1C[C@@]2(C)C(C([C@H]1OC(=O)c1ccc(cc1)O)(C)C)CC[C@@]1(C2CC[C@@]2(C1=CC[C@@]1(C2CC(C)(C)CC1)C(=O)O)C)C
tanzanene,C[C@@H]1CC[C@H]2[C@@H]1[C@H]1[C@H](C1(C)C)CC[C@]12CCc2c(O1)cccc2
hellebrigenin 3-acetate,O=C[C@]12CC[C@@H](C[C@@]1(O)CC[C@@H]1[C@@H]2CC[C@]2([C@]1(O)CC[C@@H]2c1ccc(=O)oc1)C)OC(=O)C
"hellebrigenin 3,5-diacetate",O=C[C@]12CC[C@@H](C[C@]1(CC[C@@H]1[C@@H]2CC[C@]2([C@]1(O)CC[C@@H]2c1ccc(=O)oc1)C)OC(=O)C)OC(=O)C
hellebrigenin,O=C[C@]12CC[C@@H](C[C@@]1(O)CC[C@@H]1[C@@H]2CC[C@]2([C@]1(O)CC[C@@H]2c1ccc(=O)oc1)C)O
12beta-hydroxykulactone,CC(=CCC[C@H]1C(=O)O[C@@H]2[C@@H]1[C@]1(C)[C@H](O)C[C@H]3C(=CC[C@@H]4[C@]3(C)CCC(=O)C4(C)C)[C@]1(C2)C)C
6beta-hydroxykulactone,CC(=CCC[C@H]1C(=O)O[C@@H]2[C@@H]1[C@]1(C)CC[C@H]3C(=C[C@H]([C@@H]4[C@]3(C)CCC(=O)C4(C)C)O)[C@]1(C2)C)C
kulactone,CC(=CCC[C@H]1C(=O)O[C@@H]2[C@@H]1[C@]1(C)CC[C@H]3C(=CC[C@@H]4[C@]3(C)CCC(=O)C4(C)C)[C@]1(C2)C)C
kulonate,CC(=CCC[C@@H]([C@@H]1[C@@H](O)C[C@]2([C@@]1(C)CC[C@H]1C2=CC[C@@H]2[C@]1(C)CCC(=O)C2(C)C)C)C(=O)C)C
10'-hydroxyusambarensine,C/C=C/1\CN2CCc3c([C@@H]2C[C@@H]1Cc1nccc2c1[nH]c1c2cc(cc1)O)[nH]c1c3cccc1
"16,17-dihydrobrachycalyxolide",OCC(=C)C(=O)O[C@H]1C[C@@]2(C)OC(=O)[C@@H]([C@]2(O)CC[C@@]2([C@@H]([C@@H]3C1=C(COC(=O)C)C(=O)O3)O2)C)CC
myricadiol,OC[C@@]12CC=C3[C@@]([C@@H]1CC(CC2)(C)C)(C)CC[C@H]1[C@@]3(C)CC[C@@H]2[C@]1(C)CC[C@@H](C2(C)C)O
stigmasterol 3-O-beta-D-glucoside,CC[C@@H](C(C)C)/C=C/[C@H]([C@H]1CC[C@@H]2[C@]1(C)CC[C@H]1[C@H]2CC=C2[C@]1(C)CC[C@@H](C2)O[C@@H]1O[C@H](CO)[C@H]([C@@H]([C@H]1O)O)O)C
alpha-spinasterol 3-O-beta-D-glucoside,CC[C@@H](C(C)C)/C=C/[C@H]([C@H]1CC[C@@H]2[C@]1(C)CC[C@H]1C2=CC[C@@H]2[C@]1(C)CC[C@@H](C2)O[C@@H]1O[C@H](CO)[C@H]([C@@H]([C@H]1O)O)O)C
uvaretin trimethyl ether,COc1cc(OC)c(c(c1C(=O)CCc1ccccc1)OC)Cc1ccccc1OC
lucidene,CC1(C)/C=C\C[C@@]2(C)Oc3ccccc3C[C@@H]2CC[C@@]2([C@@H](C1)Cc1ccccc1O2)C
guaiol,C[C@H]1CC[C@H](CC2=C1CC[C@@H]2C)C(O)(C)C
"7-hydroxy-4',5,6,8-tetramethoxyflavanone",COc1ccc(cc1)C1CC(=O)c2c(O1)c(OC)c(c(c2OC)OC)O
alpha-cyperone,CC(=C)[C@@H]1CC[C@@]2(C(=C(C)C(=O)CC2)C1)C
alpha-selinene,CC1=CCC[C@]2([C@@H]1C[C@@H](CC2)C(=C)C)C
cyperene,CC1=C2C[C@@H]3C([C@@]2(CC1)[C@H](C)CC3)(C)C
fagaramide,CC(CNC(=O)/C=C/c1ccc2c(c1)OCO2)C
securinine,O=C1C=C2[C@@]3(O1)C[C@@H](C=C2)N1[C@@H]3CCCC1
10-(chrysophanol-7'-yl)-10-(ξ)-hydroxychrysophanol-9-anthrone,Cc1cc(O)c2c(c1)[C@H](c1ccc3c(c1O)C(=O)c1c(C3=O)c(C)c(cc1O)C)c1c(C2=O)c(O)ccc1
10-(chrysophanol-7'-yl)-10-(ξ)-hydroxychrysophanol-9-anthrone,Cc1cc(O)c2c(c1)[C@@H](c1ccc3c(c1O)C(=O)c1c(C3=O)c(C)c(cc1O)C)c1c(C2=O)c(O)ccc1
chryslandicin,Cc1cc(O)c2c(c1)[C@](O)(c1ccc3c(c1O)C(=O)c1c(C3=O)c(C)c(cc1O)C)c1c(C2=O)c(O)ccc1
chryslandicin,Cc1cc(O)c2c(c1)[C@@](O)(c1ccc3c(c1O)C(=O)c1c(C3=O)c(C)c(cc1O)C)c1c(C2=O)c(O)ccc1
quercetin-3-beta-O-galactoside,OC[C@H]1O[C@@H](Oc2c(oc3c(c2=O)c(O)cc(c3)O)c2ccc(c(c2)O)O)[C@@H]([C@H]([C@H]1O)O)O
quercetin-3-(2''-galloylglucoside),OC[C@H]1O[C@@H](Oc2c(oc3c(c2=O)c(O)cc(c3)O)c2ccc(c(c2)O)O)C(C([C@@H]1O)O)OC(=O)c1cc(O)c(c(c1)O)O
2'-glucosyl-4'hydroxy-6'methoxydihydrochalcone,OC[C@H]1OC(OC2C=C(O)C=C(C2C(=O)/C=C/c2ccccc2)OC)[C@@H]([C@H]([C@@H]1O)O)O
"6,6''-bis-(2,5-dihydroxy-3-undecyl-1,4-benzoquinone)",CCCCCCCCCCCC1=C(O)C(=O)C(=C2C(=O)C(=C(C(=O)C2=O)CCCCCCCCCCC)O)C(=C1O)O
"2',4'-dihydroxy-6'-methoxydihydrochalcone",COc1cc(O)cc(c1C(=O)CCc1ccccc1)O
"3,7-dihydroxy-5,8-dimethoxyflavone",COc1c(O)cc(c2c1oc(c1ccccc1)c(c2=O)O)OC
"7-hydroxy-5,8-dimethoxyflavone",COc1c(O)cc(c2c1oc(cc2=O)c1ccccc1)OC
myrsinone,CCCCCCCCCCCC1=CC(=O)C(=C(C1=O)O)O
acetylmaesaquinone,CCCC/C=C/CCCCCCCCCCCCCC1=C(O)C(=O)C(=C(C1=O)OC(=O)C)C
"2,5-dihydroxy-3-pentadecyl-1,4-benzoquinone",CCCCCCCCCCCCCCCC1=C(O)C(=O)C=C(C1=O)O
"2,5-dihydroxy-3-(pentadec-10'z-enyl)-1,4-benzoquinone",CCCC/C=C/CCCCCCCCCC1=C(O)C(=O)C=C(C1=O)O
alternariol,Oc1cc(C)c2c(c1)oc(=O)c1c2cc(O)cc1O
alternariol 5-O-sulfate,Oc1cc(C)c2c(c1)oc(=O)c1c2cc(cc1O)OS(=O)(=O)O
alternariol 5-O-methyl ether,Clc1ccc(cc1)S(=O)(=O)CCNCc1cocc1
alternariol 5-O-methyl ether-4'-O-sulfate,COc1cc(O)c2c(c1)c1c(C)cc(cc1oc2=O)OS(=O)=O
3-hydroxyalternariol 5-O-methyl ether,COc1cc(O)c2c(c1)c1c(C)cc(c(c1oc2=O)O)O
altenusin,COc1cc(O)c(c(c1)c1cc(O)c(cc1C)O)C(=O)O
desmethylaltenusin,Oc1cc(O)c(c(c1)c1ccc(c(c1)O)O)C(=O)O
alterlactone,COc1cc(O)c2c(c1)c1cc(O)c(cc1COC2=O)O
talaroflavone,COc1cc(O)c2c(c1)C1(OC2=O)C(=CC(=O)C1O)C
alternarienonic acid,CC(=O)NCC1CCN(CC1)C(=O)c1ccc(cn1)Br
altenuene,COc1cc(O)c2c(c1)C1=C[C@H](O)[C@H](C[C@@]1(OC2=O)C)O
4'-epialtenuene,COc1cc2c(c(c1)O)C(=O)O[C@]1(C2C[C@H](O)[C@H](C1)O)C
tenuazonic acid,CC[C@@H]([C@@H]1NC(=O)C(=C1O)C(=O)C)C
altertoxin I,O=C1C[C@H](O)[C@@H]2c3c1c(O)ccc3c1c3[C@@]2(O)CCC(=O)c3c(cc1)O
abyssinin,COC1=C2[C@@H]3CC[C@]4([C@]([C@H]3CC[C@@]2([C@H](C1=O)c1ccc(=O)oc1)C)(C=O)CC[C@@H]1[C@H]4O1)OC(=O)C
abyssinol A,O=C[C@]12CC[C@@H]3[C@H]([C@@]1(O)CC[C@@H]1[C@@H]2CC[C@]2(C1=CC(=O)[C@@H]2c1ccc(=O)oc1)C)O3
abyssinol B,COC1=C2[C@@H]3CC[C@]4([C@]([C@H]3CC[C@@]2([C@H](C1)c1ccc(=O)oc1)C)(CO)CC[C@@H]1[C@H]4O1)O
abyssinol C,COC1=C2[C@@H]3CC[C@]4([C@]([C@H]3CC[C@@]2([C@H](C1=O)c1ccc(=O)oc1)C)(C=O)[C@H](OC(=O)C)C[C@@H](C4)OC(=O)C)O
N-methylflindersine,Cn1c(=O)c2C=CC(Oc2c2c1cccc2)(C)C
flindersine,O=c1[nH]c2ccccc2c2c1C=CC(O2)(C)C
erythrabyssin I,COc1ccc2c(c1CC=C(C)C)O[C@@H]1[C@@]2(O)COc2c1ccc(c2)O
abyssinone I,Oc1ccc2c(c1)O[C@@H](CC2=O)c1ccc2c(c1)C=CC(O2)(C)C
abyssinone II,CC(=CCc1cc(ccc1O)C1CC(=O)c2c(O1)cc(cc2)O)C
abyssinone III,CC(=CCc1cc(cc2c1OC(C)(C)C=C2)C1CC(=O)c2c(O1)cc(cc2)O)C
epipolygodial,O=C[C@@H]1C(=CC[C@@H]2[C@]1(C)CCCC2(C)C)C=O
palmitoleic acid,CCCCCC/C=C\CCCCCCCC(=O)O
alpha-linolenic acid,CC/C=C\C/C=C\C/C=C\CCCCCCCC(=O)O
trans-9-octadecenoic acid,CCCCCCCC/C=C/CCCCCCCC(=O)O
dodecanoic acid,CCCCCCCCCCCC(=O)O
"resorcinol derivative, C9 chain",CCCCCCCCCc1cc(O)cc(c1)O
"undecanyl resorcinol, C11:0 chain",CCCCCCCCCCc1cc(O)cc(c1)O
"(6R,7S,10R)-7,10-epoxy-7,11-dimethyldodec-1-ene-6,11-diol",C=CC(=C)CC[C@H]([C@]1(C)CC[C@@H](O1)C(O)(C)C)O
elgonene A,CC1=CC[C@@H](CC1)C(=C)[C@@H]([C@H]1C=C(C(=O)O1)C)O
elgonene B,CC1=CC[C@@H](CC1)C(=C)[C@@H]([C@@H]1OC(=O)[C@@H](C1)C)O
elgonene C,O[C@H]([C@H](C(=C)[C@@H]1CCC(=CC1)C)O)/C=C(/C(=O)O)\C
elgonene D,CC1=CC[C@@H](CC1)[C@]([C@H](C/C=C(/C(=O)O)\C)O)(O)C
elgonene E,OCC1=CC[C@@H](CC1)[C@]([C@H](C/C=C(/C(=O)O)\C)O)(O)C
elgonene F,O[C@H]([C@@H]([C@@]([C@@H]1CCC(=CC1)C)(O)C)O)/C=C(/C(=O)O)\C
elgonene G,CC1=CC[C@@H](CC1)[C@@]1(C)O[C@@H]1[C@H]1C=C(C(=O)O1)C
elgonene H,CC1=CC[C@@H](CC1)[C@@]1(C)O[C@@H]1[C@@H]1OC(=O)[C@@H](C1)C
elgonene I,OC[C@]1(C)CCCC(=C)[C@H]1CCc1cocc1
elgonene J,C=C1CCC[C@@]([C@@H]1CCc1cocc1)(C)C(=O)O
elgonene K,OC/C=C(/CC[C@@H]1C(=C)CCC[C@@]1(C)CO)\CO
elgonene L,OC/C=C(/CC[C@@H]1C(=C)CCCC1(C)C)\CO
"(10E,12Z,15Z)-9-hydroxy-10,12,15-octadecatrienoic acid",CC/C=C\C/C=C\C=C\C(CCCCCCCC(=O)O)O
"(10E,12Z)-9-hydroxy-10,12-octadecadienoic acid",CCCCC/C=C\C=C\C(CCCCCCCC(=O)O)O
shikimic acid,O[C@@H]1CC(=C[C@H]([C@H]1O)O)C(=O)O
beta-sitosterol,CC[C@@H](C(C)C)CC[C@H]([C@H]1CC[C@@H]2[C@]1(C)CC[C@H]1[C@H]2CC=C2[C@]1(C)CC[C@@H](C2)O)C
"5′,6′-dihydroxy- 2′-(4-hydroxy-2-oxo-2H-pyran-6-yl)-5-[(E)-2-(4-hydroxy-phenyl) ethenyl]-3H-spiro[furan-2,1′-inden]-3-one",Oc1cc(=O)oc(c1)C1=Cc2c(C31OC(=CC3=O)/C=C/c1ccc(c(c1)O)O)cc(c(c2)O)O
"3,14′-bihispidinyl",Oc1cc(/C=C/c2cc(O)c(cc2c2c([O-])cc(oc2=O)/C=C/c2ccc(c(c2)O)[O-])O)oc(=O)c1
hispidin,Oc1cc(/C=C/c2ccc(c(c2)O)O)oc(=O)c1
ionylideneacetic acid,OC(=O)/C=C(/C=C/[C@@H]1C(=C)CCCC1(C)C)\C
"1S-(2E)-5-[(1R)-2,2-dimethyl-6-methylidenecyclohexyl]-3-methylpent-2-enoic acid",C/C(=C\C(=O)O)/CC[C@@H]1C(=C)CCCC1(C)C
phellidine E,OC(=O)/C=C(/[C@H]1O[C@@H]1[C@@H]1C(=C)CCCC1(C)C)\C
phellidine D,OC(=O)/C=C(/[C@@H](C[C@@H]1C(=C)CCCC1(C)C)O)\C
2-(p-hydroxybenzyl)benzofuran-6-ol,Oc1ccc(cc1)Cc1oc2c(c1)ccc(c2)O
2-(p-hydroxybenzyl)-7-methoxybenzofuran-6-ol,COc1c(O)ccc2c1oc(c2)Cc1ccc(cc1)O
2-(p-hydroxy-3-(3-methylbut-2-en-1-yl)benzyl)benzofuran-6-ol,CC(=CCc1cc(ccc1O)Cc1cc2c(o1)cc(cc2)O)C
bergapten,COc1c2ccc(=O)oc2cc2c1cco2
butein,Oc1ccc(c(c1)O)C(=O)/C=C/c1ccc(c(c1)O)O
dihydrochelerythrine,COc1c(OC)ccc2c1CN(C)c1c2ccc2c1cc1OCOc1c2
8-acetonyldihydrochelerythrine,COc1c(OC)ccc2c1C(CC(=O)C)N(C)c1c2ccc2c1cc1OCOc1c2
lysicamine,COc1c(c2c3c(c1)ccnc3C(=O)c1ccccc21)OC
trivalvone,COC1=Cc2ccnc3c(c4c5ccccc5c5c(c(cc6CCN(c4c56)C)OC)OC)c4ccccc4c(C1=O)c23
palmatine,COc1c(c2c[n+]3c(cc2cc1)c1cc(c(cc1CC3)OC)OC)OC
jatrorrhizine,COc1c(c2c[n+]3c(cc2cc1)c1cc(c(cc1CC3)O)OC)OC
columbamine,COc1c(c2c[n+]3c(cc2cc1)c1cc(c(cc1CC3)OC)O)OC
(-)-tetrahydropalmatine,COc1c(c2c(C[C@H]3c4cc(c(cc4CCN3C2)OC)OC)cc1)OC
